episodio,temporada,livro,capitulo,versiculo_inicial,versiculo_final,referencia,titulo,genero,frames,duracao_s,status
EP-0001,PRELÚDIO,Prelúdio,,,,Prelúdio original (inspirado em Gênesis 1:1-2),"O Vazio, a Voz e o Primeiro Traço",narrativo,12,60,roteiro_completo
EP-0002,T1 — TORÁ (A Lei),Gênesis,1,1,12,Gênesis 1:1-12,A Criação dos Céus e da Terra (1/3),narrativo,12,60,planejado
EP-0003,T1 — TORÁ (A Lei),Gênesis,1,13,24,Gênesis 1:13-24,A Criação dos Céus e da Terra (2/3),narrativo,12,60,planejado
EP-0004,T1 — TORÁ (A Lei),Gênesis,1,25,31,Gênesis 1:25-31,A Criação dos Céus e da Terra (3/3),narrativo,12,60,planejado
EP-0005,T1 — TORÁ (A Lei),Gênesis,2,1,12,Gênesis 2:1-12,O Jardim do Éden e a Costela (1/3),narrativo,12,60,planejado
EP-0006,T1 — TORÁ (A Lei),Gênesis,2,13,24,Gênesis 2:13-24,O Jardim do Éden e a Costela (2/3),narrativo,12,60,planejado
EP-0007,T1 — TORÁ (A Lei),Gênesis,2,25,25,Gênesis 2:25,O Jardim do Éden e a Costela (3/3),narrativo,12,60,planejado
EP-0008,T1 — TORÁ (A Lei),Gênesis,3,1,12,Gênesis 3:1-12,"A Serpente, a Queda e a Promessa (1/2)",narrativo,12,60,planejado
EP-0009,T1 — TORÁ (A Lei),Gênesis,3,13,24,Gênesis 3:13-24,"A Serpente, a Queda e a Promessa (2/2)",narrativo,12,60,planejado
EP-0010,T1 — TORÁ (A Lei),Gênesis,4,1,12,Gênesis 4:1-12,"Caim, Abel e o Primeiro Sangue (1/3)",narrativo,12,60,planejado
EP-0011,T1 — TORÁ (A Lei),Gênesis,4,13,24,Gênesis 4:13-24,"Caim, Abel e o Primeiro Sangue (2/3)",narrativo,12,60,planejado
EP-0012,T1 — TORÁ (A Lei),Gênesis,4,25,26,Gênesis 4:25-26,"Caim, Abel e o Primeiro Sangue (3/3)",narrativo,12,60,planejado
EP-0013,T1 — TORÁ (A Lei),Gênesis,5,1,32,Gênesis 5:1-32,As Gerações de Adão até Noé,lista,12,60,planejado
EP-0014,T1 — TORÁ (A Lei),Gênesis,6,1,12,Gênesis 6:1-12,A Corrupção da Terra e a Ordem da Arca (1/2),narrativo,12,60,planejado
EP-0015,T1 — TORÁ (A Lei),Gênesis,6,13,22,Gênesis 6:13-22,A Corrupção da Terra e a Ordem da Arca (2/2),narrativo,12,60,planejado
EP-0016,T1 — TORÁ (A Lei),Gênesis,7,1,12,Gênesis 7:1-12,O Dilúvio: as Águas Cobrem a Terra (1/2),narrativo,12,60,planejado
EP-0017,T1 — TORÁ (A Lei),Gênesis,7,13,24,Gênesis 7:13-24,O Dilúvio: as Águas Cobrem a Terra (2/2),narrativo,12,60,planejado
EP-0018,T1 — TORÁ (A Lei),Gênesis,8,1,12,Gênesis 8:1-12,As Águas Baixam e a Pomba Voltou (1/2),narrativo,12,60,planejado
EP-0019,T1 — TORÁ (A Lei),Gênesis,8,13,22,Gênesis 8:13-22,As Águas Baixam e a Pomba Voltou (2/2),narrativo,12,60,planejado
EP-0020,T1 — TORÁ (A Lei),Gênesis,9,1,12,Gênesis 9:1-12,A Aliança do Arco-íris (1/3),narrativo,12,60,planejado
EP-0021,T1 — TORÁ (A Lei),Gênesis,9,13,24,Gênesis 9:13-24,A Aliança do Arco-íris (2/3),narrativo,12,60,planejado
EP-0022,T1 — TORÁ (A Lei),Gênesis,9,25,29,Gênesis 9:25-29,A Aliança do Arco-íris (3/3),narrativo,12,60,planejado
EP-0023,T1 — TORÁ (A Lei),Gênesis,10,1,32,Gênesis 10:1-32,A Tábua das Nações,lista,12,60,planejado
EP-0024,T1 — TORÁ (A Lei),Gênesis,11,1,32,Gênesis 11:1-32,Babel e a Dispersão dos Povos,lista,12,60,planejado
EP-0025,T1 — TORÁ (A Lei),Gênesis,12,1,12,Gênesis 12:1-12,O Chamado de Abrão (1/2),narrativo,12,60,planejado
EP-0026,T1 — TORÁ (A Lei),Gênesis,12,13,20,Gênesis 12:13-20,O Chamado de Abrão (2/2),narrativo,12,60,planejado
EP-0027,T1 — TORÁ (A Lei),Gênesis,13,1,12,Gênesis 13:1-12,Abrão e Ló se Separam (1/2),narrativo,12,60,planejado
EP-0028,T1 — TORÁ (A Lei),Gênesis,13,13,18,Gênesis 13:13-18,Abrão e Ló se Separam (2/2),narrativo,12,60,planejado
EP-0029,T1 — TORÁ (A Lei),Gênesis,14,1,12,Gênesis 14:1-12,Melquisedeque Abençoa Abrão (1/2),narrativo,12,60,planejado
EP-0030,T1 — TORÁ (A Lei),Gênesis,14,13,24,Gênesis 14:13-24,Melquisedeque Abençoa Abrão (2/2),narrativo,12,60,planejado
EP-0031,T1 — TORÁ (A Lei),Gênesis,15,1,12,Gênesis 15:1-12,A Aliança: Conta as Estrelas (1/2),narrativo,12,60,planejado
EP-0032,T1 — TORÁ (A Lei),Gênesis,15,13,21,Gênesis 15:13-21,A Aliança: Conta as Estrelas (2/2),narrativo,12,60,planejado
EP-0033,T1 — TORÁ (A Lei),Gênesis,16,1,12,Gênesis 16:1-12,Agar e Ismael (1/2),narrativo,12,60,planejado
EP-0034,T1 — TORÁ (A Lei),Gênesis,16,13,16,Gênesis 16:13-16,Agar e Ismael (2/2),narrativo,12,60,planejado
EP-0035,T1 — TORÁ (A Lei),Gênesis,17,1,12,Gênesis 17:1-12,A Aliança Eterna e a Circuncisão (1/3),narrativo,12,60,planejado
EP-0036,T1 — TORÁ (A Lei),Gênesis,17,13,24,Gênesis 17:13-24,A Aliança Eterna e a Circuncisão (2/3),narrativo,12,60,planejado
EP-0037,T1 — TORÁ (A Lei),Gênesis,17,25,27,Gênesis 17:25-27,A Aliança Eterna e a Circuncisão (3/3),narrativo,12,60,planejado
EP-0038,T1 — TORÁ (A Lei),Gênesis,18,1,12,Gênesis 18:1-12,Os Três Visitantes e a Intercessão por Sodoma (1/3),narrativo,12,60,planejado
EP-0039,T1 — TORÁ (A Lei),Gênesis,18,13,24,Gênesis 18:13-24,Os Três Visitantes e a Intercessão por Sodoma (2/3),narrativo,12,60,planejado
EP-0040,T1 — TORÁ (A Lei),Gênesis,18,25,33,Gênesis 18:25-33,Os Três Visitantes e a Intercessão por Sodoma (3/3),narrativo,12,60,planejado
EP-0041,T1 — TORÁ (A Lei),Gênesis,19,1,12,Gênesis 19:1-12,Sodoma e Gomorra (1/4),narrativo,12,60,planejado
EP-0042,T1 — TORÁ (A Lei),Gênesis,19,13,24,Gênesis 19:13-24,Sodoma e Gomorra (2/4),narrativo,12,60,planejado
EP-0043,T1 — TORÁ (A Lei),Gênesis,19,25,36,Gênesis 19:25-36,Sodoma e Gomorra (3/4),narrativo,12,60,planejado
EP-0044,T1 — TORÁ (A Lei),Gênesis,19,37,38,Gênesis 19:37-38,Sodoma e Gomorra (4/4),narrativo,12,60,planejado
EP-0045,T1 — TORÁ (A Lei),Gênesis,20,1,12,Gênesis 20:1-12,Abraão e Abimeleque (1/2),narrativo,12,60,planejado
EP-0046,T1 — TORÁ (A Lei),Gênesis,20,13,18,Gênesis 20:13-18,Abraão e Abimeleque (2/2),narrativo,12,60,planejado
EP-0047,T1 — TORÁ (A Lei),Gênesis,21,1,12,Gênesis 21:1-12,O Nascimento de Isaque (1/3),narrativo,12,60,planejado
EP-0048,T1 — TORÁ (A Lei),Gênesis,21,13,24,Gênesis 21:13-24,O Nascimento de Isaque (2/3),narrativo,12,60,planejado
EP-0049,T1 — TORÁ (A Lei),Gênesis,21,25,34,Gênesis 21:25-34,O Nascimento de Isaque (3/3),narrativo,12,60,planejado
EP-0050,T1 — TORÁ (A Lei),Gênesis,22,1,12,Gênesis 22:1-12,A Ligadura de Isaque (Akedá) (1/2),narrativo,12,60,planejado
EP-0051,T1 — TORÁ (A Lei),Gênesis,22,13,24,Gênesis 22:13-24,A Ligadura de Isaque (Akedá) (2/2),narrativo,12,60,planejado
EP-0052,T1 — TORÁ (A Lei),Gênesis,23,1,12,Gênesis 23:1-12,A Morte de Sara e o Campo de Macpela (1/2),narrativo,12,60,planejado
EP-0053,T1 — TORÁ (A Lei),Gênesis,23,13,20,Gênesis 23:13-20,A Morte de Sara e o Campo de Macpela (2/2),narrativo,12,60,planejado
EP-0054,T1 — TORÁ (A Lei),Gênesis,24,1,12,Gênesis 24:1-12,Rebeca: a Noiva para Isaque (1/6),narrativo,12,60,planejado
EP-0055,T1 — TORÁ (A Lei),Gênesis,24,13,24,Gênesis 24:13-24,Rebeca: a Noiva para Isaque (2/6),narrativo,12,60,planejado
EP-0056,T1 — TORÁ (A Lei),Gênesis,24,25,36,Gênesis 24:25-36,Rebeca: a Noiva para Isaque (3/6),narrativo,12,60,planejado
EP-0057,T1 — TORÁ (A Lei),Gênesis,24,37,48,Gênesis 24:37-48,Rebeca: a Noiva para Isaque (4/6),narrativo,12,60,planejado
EP-0058,T1 — TORÁ (A Lei),Gênesis,24,49,60,Gênesis 24:49-60,Rebeca: a Noiva para Isaque (5/6),narrativo,12,60,planejado
EP-0059,T1 — TORÁ (A Lei),Gênesis,24,61,67,Gênesis 24:61-67,Rebeca: a Noiva para Isaque (6/6),narrativo,12,60,planejado
EP-0060,T1 — TORÁ (A Lei),Gênesis,25,1,34,Gênesis 25:1-34,A Morte de Abraão; Jacó e Esaú Nascem,lista,12,60,planejado
EP-0061,T1 — TORÁ (A Lei),Gênesis,26,1,12,Gênesis 26:1-12,Isaque e os Poços em Gerar (1/3),narrativo,12,60,planejado
EP-0062,T1 — TORÁ (A Lei),Gênesis,26,13,24,Gênesis 26:13-24,Isaque e os Poços em Gerar (2/3),narrativo,12,60,planejado
EP-0063,T1 — TORÁ (A Lei),Gênesis,26,25,35,Gênesis 26:25-35,Isaque e os Poços em Gerar (3/3),narrativo,12,60,planejado
EP-0064,T1 — TORÁ (A Lei),Gênesis,27,1,12,Gênesis 27:1-12,A Bênção Roubada (1/4),narrativo,12,60,planejado
EP-0065,T1 — TORÁ (A Lei),Gênesis,27,13,24,Gênesis 27:13-24,A Bênção Roubada (2/4),narrativo,12,60,planejado
EP-0066,T1 — TORÁ (A Lei),Gênesis,27,25,36,Gênesis 27:25-36,A Bênção Roubada (3/4),narrativo,12,60,planejado
EP-0067,T1 — TORÁ (A Lei),Gênesis,27,37,46,Gênesis 27:37-46,A Bênção Roubada (4/4),narrativo,12,60,planejado
EP-0068,T1 — TORÁ (A Lei),Gênesis,28,1,12,Gênesis 28:1-12,A Escada de Jacó em Betel (1/2),narrativo,12,60,planejado
EP-0069,T1 — TORÁ (A Lei),Gênesis,28,13,22,Gênesis 28:13-22,A Escada de Jacó em Betel (2/2),narrativo,12,60,planejado
EP-0070,T1 — TORÁ (A Lei),Gênesis,29,1,12,Gênesis 29:1-12,"Jacó, Lia, Raquel e os Doze Filhos (1/3)",narrativo,12,60,planejado
EP-0071,T1 — TORÁ (A Lei),Gênesis,29,13,24,Gênesis 29:13-24,"Jacó, Lia, Raquel e os Doze Filhos (2/3)",narrativo,12,60,planejado
EP-0072,T1 — TORÁ (A Lei),Gênesis,29,25,35,Gênesis 29:25-35,"Jacó, Lia, Raquel e os Doze Filhos (3/3)",narrativo,12,60,planejado
EP-0073,T1 — TORÁ (A Lei),Gênesis,30,1,12,Gênesis 30:1-12,Os Rebanhos e a Fuga de Labão (1/4),narrativo,12,60,planejado
EP-0074,T1 — TORÁ (A Lei),Gênesis,30,13,24,Gênesis 30:13-24,Os Rebanhos e a Fuga de Labão (2/4),narrativo,12,60,planejado
EP-0075,T1 — TORÁ (A Lei),Gênesis,30,25,36,Gênesis 30:25-36,Os Rebanhos e a Fuga de Labão (3/4),narrativo,12,60,planejado
EP-0076,T1 — TORÁ (A Lei),Gênesis,30,37,43,Gênesis 30:37-43,Os Rebanhos e a Fuga de Labão (4/4),narrativo,12,60,planejado
EP-0077,T1 — TORÁ (A Lei),Gênesis,31,1,12,Gênesis 31:1-12,Jacó Foge de Labão (1/5),narrativo,12,60,planejado
EP-0078,T1 — TORÁ (A Lei),Gênesis,31,13,24,Gênesis 31:13-24,Jacó Foge de Labão (2/5),narrativo,12,60,planejado
EP-0079,T1 — TORÁ (A Lei),Gênesis,31,25,36,Gênesis 31:25-36,Jacó Foge de Labão (3/5),narrativo,12,60,planejado
EP-0080,T1 — TORÁ (A Lei),Gênesis,31,37,48,Gênesis 31:37-48,Jacó Foge de Labão (4/5),narrativo,12,60,planejado
EP-0081,T1 — TORÁ (A Lei),Gênesis,31,49,55,Gênesis 31:49-55,Jacó Foge de Labão (5/5),narrativo,12,60,planejado
EP-0082,T1 — TORÁ (A Lei),Gênesis,32,1,12,Gênesis 32:1-12,Jacó Luta com o Anjo: Israel (1/3),narrativo,12,60,planejado
EP-0083,T1 — TORÁ (A Lei),Gênesis,32,13,24,Gênesis 32:13-24,Jacó Luta com o Anjo: Israel (2/3),narrativo,12,60,planejado
EP-0084,T1 — TORÁ (A Lei),Gênesis,32,25,33,Gênesis 32:25-33,Jacó Luta com o Anjo: Israel (3/3),narrativo,12,60,planejado
EP-0085,T1 — TORÁ (A Lei),Gênesis,33,1,12,Gênesis 33:1-12,O Reencontro com Esaú (1/2),narrativo,12,60,planejado
EP-0086,T1 — TORÁ (A Lei),Gênesis,33,13,20,Gênesis 33:13-20,O Reencontro com Esaú (2/2),narrativo,12,60,planejado
EP-0087,T1 — TORÁ (A Lei),Gênesis,34,1,12,Gênesis 34:1-12,Diná e a Vingança dos Filhos de Jacó (1/3),narrativo,12,60,planejado
EP-0088,T1 — TORÁ (A Lei),Gênesis,34,13,24,Gênesis 34:13-24,Diná e a Vingança dos Filhos de Jacó (2/3),narrativo,12,60,planejado
EP-0089,T1 — TORÁ (A Lei),Gênesis,34,25,31,Gênesis 34:25-31,Diná e a Vingança dos Filhos de Jacó (3/3),narrativo,12,60,planejado
EP-0090,T1 — TORÁ (A Lei),Gênesis,35,1,12,Gênesis 35:1-12,O Retorno a Betel e a Morte de Raquel (1/3),narrativo,12,60,planejado
EP-0091,T1 — TORÁ (A Lei),Gênesis,35,13,24,Gênesis 35:13-24,O Retorno a Betel e a Morte de Raquel (2/3),narrativo,12,60,planejado
EP-0092,T1 — TORÁ (A Lei),Gênesis,35,25,29,Gênesis 35:25-29,O Retorno a Betel e a Morte de Raquel (3/3),narrativo,12,60,planejado
EP-0093,T1 — TORÁ (A Lei),Gênesis,36,1,43,Gênesis 36:1-43,Os Descendentes de Esaú (Edom),lista,12,60,planejado
EP-0094,T1 — TORÁ (A Lei),Gênesis,37,1,12,Gênesis 37:1-12,José e a Túnica de Muitas Cores (1/3),narrativo,12,60,planejado
EP-0095,T1 — TORÁ (A Lei),Gênesis,37,13,24,Gênesis 37:13-24,José e a Túnica de Muitas Cores (2/3),narrativo,12,60,planejado
EP-0096,T1 — TORÁ (A Lei),Gênesis,37,25,36,Gênesis 37:25-36,José e a Túnica de Muitas Cores (3/3),narrativo,12,60,planejado
EP-0097,T1 — TORÁ (A Lei),Gênesis,38,1,12,Gênesis 38:1-12,Judá e Tamar (1/3),narrativo,12,60,planejado
EP-0098,T1 — TORÁ (A Lei),Gênesis,38,13,24,Gênesis 38:13-24,Judá e Tamar (2/3),narrativo,12,60,planejado
EP-0099,T1 — TORÁ (A Lei),Gênesis,38,25,30,Gênesis 38:25-30,Judá e Tamar (3/3),narrativo,12,60,planejado
EP-0100,T1 — TORÁ (A Lei),Gênesis,39,1,12,Gênesis 39:1-12,José na Casa de Potifar (1/2),narrativo,12,60,planejado
EP-0101,T1 — TORÁ (A Lei),Gênesis,39,13,23,Gênesis 39:13-23,José na Casa de Potifar (2/2),narrativo,12,60,planejado
EP-0102,T1 — TORÁ (A Lei),Gênesis,40,1,12,Gênesis 40:1-12,Os Sonhos do Copeiro e do Padeiro (1/2),narrativo,12,60,planejado
EP-0103,T1 — TORÁ (A Lei),Gênesis,40,13,23,Gênesis 40:13-23,Os Sonhos do Copeiro e do Padeiro (2/2),narrativo,12,60,planejado
EP-0104,T1 — TORÁ (A Lei),Gênesis,41,1,12,Gênesis 41:1-12,Os Sonhos do Faraó e a Ascensão de José (1/5),narrativo,12,60,planejado
EP-0105,T1 — TORÁ (A Lei),Gênesis,41,13,24,Gênesis 41:13-24,Os Sonhos do Faraó e a Ascensão de José (2/5),narrativo,12,60,planejado
EP-0106,T1 — TORÁ (A Lei),Gênesis,41,25,36,Gênesis 41:25-36,Os Sonhos do Faraó e a Ascensão de José (3/5),narrativo,12,60,planejado
EP-0107,T1 — TORÁ (A Lei),Gênesis,41,37,48,Gênesis 41:37-48,Os Sonhos do Faraó e a Ascensão de José (4/5),narrativo,12,60,planejado
EP-0108,T1 — TORÁ (A Lei),Gênesis,41,49,57,Gênesis 41:49-57,Os Sonhos do Faraó e a Ascensão de José (5/5),narrativo,12,60,planejado
EP-0109,T1 — TORÁ (A Lei),Gênesis,42,1,12,Gênesis 42:1-12,Os Irmãos Vão ao Egito (1/4),narrativo,12,60,planejado
EP-0110,T1 — TORÁ (A Lei),Gênesis,42,13,24,Gênesis 42:13-24,Os Irmãos Vão ao Egito (2/4),narrativo,12,60,planejado
EP-0111,T1 — TORÁ (A Lei),Gênesis,42,25,36,Gênesis 42:25-36,Os Irmãos Vão ao Egito (3/4),narrativo,12,60,planejado
EP-0112,T1 — TORÁ (A Lei),Gênesis,42,37,38,Gênesis 42:37-38,Os Irmãos Vão ao Egito (4/4),narrativo,12,60,planejado
EP-0113,T1 — TORÁ (A Lei),Gênesis,43,1,12,Gênesis 43:1-12,A Segunda Viagem e o Banquete (1/3),narrativo,12,60,planejado
EP-0114,T1 — TORÁ (A Lei),Gênesis,43,13,24,Gênesis 43:13-24,A Segunda Viagem e o Banquete (2/3),narrativo,12,60,planejado
EP-0115,T1 — TORÁ (A Lei),Gênesis,43,25,34,Gênesis 43:25-34,A Segunda Viagem e o Banquete (3/3),narrativo,12,60,planejado
EP-0116,T1 — TORÁ (A Lei),Gênesis,44,1,12,Gênesis 44:1-12,A Taça de Prata de Benjamim (1/3),narrativo,12,60,planejado
EP-0117,T1 — TORÁ (A Lei),Gênesis,44,13,24,Gênesis 44:13-24,A Taça de Prata de Benjamim (2/3),narrativo,12,60,planejado
EP-0118,T1 — TORÁ (A Lei),Gênesis,44,25,34,Gênesis 44:25-34,A Taça de Prata de Benjamim (3/3),narrativo,12,60,planejado
EP-0119,T1 — TORÁ (A Lei),Gênesis,45,1,12,Gênesis 45:1-12,Eu Sou José: O Perdão (1/3),narrativo,12,60,planejado
EP-0120,T1 — TORÁ (A Lei),Gênesis,45,13,24,Gênesis 45:13-24,Eu Sou José: O Perdão (2/3),narrativo,12,60,planejado
EP-0121,T1 — TORÁ (A Lei),Gênesis,45,25,28,Gênesis 45:25-28,Eu Sou José: O Perdão (3/3),narrativo,12,60,planejado
EP-0122,T1 — TORÁ (A Lei),Gênesis,46,1,34,Gênesis 46:1-34,Jacó Desce ao Egito,lista,12,60,planejado
EP-0123,T1 — TORÁ (A Lei),Gênesis,47,1,12,Gênesis 47:1-12,Israel Habita em Gósen (1/3),narrativo,12,60,planejado
EP-0124,T1 — TORÁ (A Lei),Gênesis,47,13,24,Gênesis 47:13-24,Israel Habita em Gósen (2/3),narrativo,12,60,planejado
EP-0125,T1 — TORÁ (A Lei),Gênesis,47,25,31,Gênesis 47:25-31,Israel Habita em Gósen (3/3),narrativo,12,60,planejado
EP-0126,T1 — TORÁ (A Lei),Gênesis,48,1,12,Gênesis 48:1-12,As Bênçãos de Efraim e Manassés (1/2),narrativo,12,60,planejado
EP-0127,T1 — TORÁ (A Lei),Gênesis,48,13,22,Gênesis 48:13-22,As Bênçãos de Efraim e Manassés (2/2),narrativo,12,60,planejado
EP-0128,T1 — TORÁ (A Lei),Gênesis,49,1,6,Gênesis 49:1-6,As Bênçãos e Profecias dos Doze (1/6),poetico,12,60,planejado
EP-0129,T1 — TORÁ (A Lei),Gênesis,49,7,12,Gênesis 49:7-12,As Bênçãos e Profecias dos Doze (2/6),poetico,12,60,planejado
EP-0130,T1 — TORÁ (A Lei),Gênesis,49,13,18,Gênesis 49:13-18,As Bênçãos e Profecias dos Doze (3/6),poetico,12,60,planejado
EP-0131,T1 — TORÁ (A Lei),Gênesis,49,19,24,Gênesis 49:19-24,As Bênçãos e Profecias dos Doze (4/6),poetico,12,60,planejado
EP-0132,T1 — TORÁ (A Lei),Gênesis,49,25,30,Gênesis 49:25-30,As Bênçãos e Profecias dos Doze (5/6),poetico,12,60,planejado
EP-0133,T1 — TORÁ (A Lei),Gênesis,49,31,33,Gênesis 49:31-33,As Bênçãos e Profecias dos Doze (6/6),poetico,12,60,planejado
EP-0134,T1 — TORÁ (A Lei),Gênesis,50,1,12,Gênesis 50:1-12,A Morte de Jacó e Vós Me Vendestes (1/3),narrativo,12,60,planejado
EP-0135,T1 — TORÁ (A Lei),Gênesis,50,13,24,Gênesis 50:13-24,A Morte de Jacó e Vós Me Vendestes (2/3),narrativo,12,60,planejado
EP-0136,T1 — TORÁ (A Lei),Gênesis,50,25,26,Gênesis 50:25-26,A Morte de Jacó e Vós Me Vendestes (3/3),narrativo,12,60,planejado
EP-0137,T1 — TORÁ (A Lei),Êxodo,1,1,12,Êxodo 1:1-12,Israel Escravizado no Egito (1/2),narrativo,12,60,planejado
EP-0138,T1 — TORÁ (A Lei),Êxodo,1,13,22,Êxodo 1:13-22,Israel Escravizado no Egito (2/2),narrativo,12,60,planejado
EP-0139,T1 — TORÁ (A Lei),Êxodo,2,1,12,Êxodo 2:1-12,O Nascimento e a Fuga de Moisés (1/3),narrativo,12,60,planejado
EP-0140,T1 — TORÁ (A Lei),Êxodo,2,13,24,Êxodo 2:13-24,O Nascimento e a Fuga de Moisés (2/3),narrativo,12,60,planejado
EP-0141,T1 — TORÁ (A Lei),Êxodo,2,25,25,Êxodo 2:25,O Nascimento e a Fuga de Moisés (3/3),narrativo,12,60,planejado
EP-0142,T1 — TORÁ (A Lei),Êxodo,3,1,12,Êxodo 3:1-12,A Sarça Ardente e o Nome YHWH (1/2),narrativo,12,60,planejado
EP-0143,T1 — TORÁ (A Lei),Êxodo,3,13,22,Êxodo 3:13-22,A Sarça Ardente e o Nome YHWH (2/2),narrativo,12,60,planejado
EP-0144,T1 — TORÁ (A Lei),Êxodo,4,1,12,Êxodo 4:1-12,Os Sinais e o Retorno ao Egito (1/3),narrativo,12,60,planejado
EP-0145,T1 — TORÁ (A Lei),Êxodo,4,13,24,Êxodo 4:13-24,Os Sinais e o Retorno ao Egito (2/3),narrativo,12,60,planejado
EP-0146,T1 — TORÁ (A Lei),Êxodo,4,25,31,Êxodo 4:25-31,Os Sinais e o Retorno ao Egito (3/3),narrativo,12,60,planejado
EP-0147,T1 — TORÁ (A Lei),Êxodo,5,1,12,Êxodo 5:1-12,Deixem Israel Ir: as Cargas Aumentam (1/2),narrativo,12,60,planejado
EP-0148,T1 — TORÁ (A Lei),Êxodo,5,13,23,Êxodo 5:13-23,Deixem Israel Ir: as Cargas Aumentam (2/2),narrativo,12,60,planejado
EP-0149,T1 — TORÁ (A Lei),Êxodo,6,1,12,Êxodo 6:1-12,Eu Sou o SENHOR: as Quatro Promessas (1/3),narrativo,12,60,planejado
EP-0150,T1 — TORÁ (A Lei),Êxodo,6,13,24,Êxodo 6:13-24,Eu Sou o SENHOR: as Quatro Promessas (2/3),narrativo,12,60,planejado
EP-0151,T1 — TORÁ (A Lei),Êxodo,6,25,30,Êxodo 6:25-30,Eu Sou o SENHOR: as Quatro Promessas (3/3),narrativo,12,60,planejado
EP-0152,T1 — TORÁ (A Lei),Êxodo,7,1,12,Êxodo 7:1-12,A Primeira Praga: Água em Sangue (1/3),narrativo,12,60,planejado
EP-0153,T1 — TORÁ (A Lei),Êxodo,7,13,24,Êxodo 7:13-24,A Primeira Praga: Água em Sangue (2/3),narrativo,12,60,planejado
EP-0154,T1 — TORÁ (A Lei),Êxodo,7,25,29,Êxodo 7:25-29,A Primeira Praga: Água em Sangue (3/3),narrativo,12,60,planejado
EP-0155,T1 — TORÁ (A Lei),Êxodo,8,1,12,Êxodo 8:1-12,"Rãs, Piolhos e Moscas (1/3)",narrativo,12,60,planejado
EP-0156,T1 — TORÁ (A Lei),Êxodo,8,13,24,Êxodo 8:13-24,"Rãs, Piolhos e Moscas (2/3)",narrativo,12,60,planejado
EP-0157,T1 — TORÁ (A Lei),Êxodo,8,25,32,Êxodo 8:25-32,"Rãs, Piolhos e Moscas (3/3)",narrativo,12,60,planejado
EP-0158,T1 — TORÁ (A Lei),Êxodo,9,1,12,Êxodo 9:1-12,"Úlceras, Granizo e a Morte do Gado (1/3)",narrativo,12,60,planejado
EP-0159,T1 — TORÁ (A Lei),Êxodo,9,13,24,Êxodo 9:13-24,"Úlceras, Granizo e a Morte do Gado (2/3)",narrativo,12,60,planejado
EP-0160,T1 — TORÁ (A Lei),Êxodo,9,25,35,Êxodo 9:25-35,"Úlceras, Granizo e a Morte do Gado (3/3)",narrativo,12,60,planejado
EP-0161,T1 — TORÁ (A Lei),Êxodo,10,1,12,Êxodo 10:1-12,Gafanhotos e Trevas (1/3),narrativo,12,60,planejado
EP-0162,T1 — TORÁ (A Lei),Êxodo,10,13,24,Êxodo 10:13-24,Gafanhotos e Trevas (2/3),narrativo,12,60,planejado
EP-0163,T1 — TORÁ (A Lei),Êxodo,10,25,29,Êxodo 10:25-29,Gafanhotos e Trevas (3/3),narrativo,12,60,planejado
EP-0164,T1 — TORÁ (A Lei),Êxodo,11,1,10,Êxodo 11:1-10,A Décima Praga Anunciada,narrativo,12,60,planejado
EP-0165,T1 — TORÁ (A Lei),Êxodo,12,1,12,Êxodo 12:1-12,A Páscoa e o Êxodo (1/5),narrativo,12,60,planejado
EP-0166,T1 — TORÁ (A Lei),Êxodo,12,13,24,Êxodo 12:13-24,A Páscoa e o Êxodo (2/5),narrativo,12,60,planejado
EP-0167,T1 — TORÁ (A Lei),Êxodo,12,25,36,Êxodo 12:25-36,A Páscoa e o Êxodo (3/5),narrativo,12,60,planejado
EP-0168,T1 — TORÁ (A Lei),Êxodo,12,37,48,Êxodo 12:37-48,A Páscoa e o Êxodo (4/5),narrativo,12,60,planejado
EP-0169,T1 — TORÁ (A Lei),Êxodo,12,49,51,Êxodo 12:49-51,A Páscoa e o Êxodo (5/5),narrativo,12,60,planejado
EP-0170,T1 — TORÁ (A Lei),Êxodo,13,1,12,Êxodo 13:1-12,Sinais na Mão e no Tempo (1/2),narrativo,12,60,planejado
EP-0171,T1 — TORÁ (A Lei),Êxodo,13,13,22,Êxodo 13:13-22,Sinais na Mão e no Tempo (2/2),narrativo,12,60,planejado
EP-0172,T1 — TORÁ (A Lei),Êxodo,14,1,12,Êxodo 14:1-12,A Travessia do Mar Vermelho (1/3),narrativo,12,60,planejado
EP-0173,T1 — TORÁ (A Lei),Êxodo,14,13,24,Êxodo 14:13-24,A Travessia do Mar Vermelho (2/3),narrativo,12,60,planejado
EP-0174,T1 — TORÁ (A Lei),Êxodo,14,25,31,Êxodo 14:25-31,A Travessia do Mar Vermelho (3/3),narrativo,12,60,planejado
EP-0175,T1 — TORÁ (A Lei),Êxodo,15,1,6,Êxodo 15:1-6,O Cântico do Mar e as Águas de Mara (1/5),poetico,12,60,planejado
EP-0176,T1 — TORÁ (A Lei),Êxodo,15,7,12,Êxodo 15:7-12,O Cântico do Mar e as Águas de Mara (2/5),poetico,12,60,planejado
EP-0177,T1 — TORÁ (A Lei),Êxodo,15,13,18,Êxodo 15:13-18,O Cântico do Mar e as Águas de Mara (3/5),poetico,12,60,planejado
EP-0178,T1 — TORÁ (A Lei),Êxodo,15,19,24,Êxodo 15:19-24,O Cântico do Mar e as Águas de Mara (4/5),poetico,12,60,planejado
EP-0179,T1 — TORÁ (A Lei),Êxodo,15,25,27,Êxodo 15:25-27,O Cântico do Mar e as Águas de Mara (5/5),poetico,12,60,planejado
EP-0180,T1 — TORÁ (A Lei),Êxodo,16,1,12,Êxodo 16:1-12,O Maná e as Codornas (1/3),narrativo,12,60,planejado
EP-0181,T1 — TORÁ (A Lei),Êxodo,16,13,24,Êxodo 16:13-24,O Maná e as Codornas (2/3),narrativo,12,60,planejado
EP-0182,T1 — TORÁ (A Lei),Êxodo,16,25,36,Êxodo 16:25-36,O Maná e as Codornas (3/3),narrativo,12,60,planejado
EP-0183,T1 — TORÁ (A Lei),Êxodo,17,1,12,Êxodo 17:1-12,Água da Rocha e a Guerra contra Amaleque (1/2),narrativo,12,60,planejado
EP-0184,T1 — TORÁ (A Lei),Êxodo,17,13,16,Êxodo 17:13-16,Água da Rocha e a Guerra contra Amaleque (2/2),narrativo,12,60,planejado
EP-0185,T1 — TORÁ (A Lei),Êxodo,18,1,12,Êxodo 18:1-12,A Sabedoria de Jetro (1/3),narrativo,12,60,planejado
EP-0186,T1 — TORÁ (A Lei),Êxodo,18,13,24,Êxodo 18:13-24,A Sabedoria de Jetro (2/3),narrativo,12,60,planejado
EP-0187,T1 — TORÁ (A Lei),Êxodo,18,25,27,Êxodo 18:25-27,A Sabedoria de Jetro (3/3),narrativo,12,60,planejado
EP-0188,T1 — TORÁ (A Lei),Êxodo,19,1,12,Êxodo 19:1-12,Monte Sinai: Fogo e Tempestade (1/3),narrativo,12,60,planejado
EP-0189,T1 — TORÁ (A Lei),Êxodo,19,13,24,Êxodo 19:13-24,Monte Sinai: Fogo e Tempestade (2/3),narrativo,12,60,planejado
EP-0190,T1 — TORÁ (A Lei),Êxodo,19,25,25,Êxodo 19:25,Monte Sinai: Fogo e Tempestade (3/3),narrativo,12,60,planejado
EP-0191,T1 — TORÁ (A Lei),Êxodo,20,1,26,Êxodo 20:1-26,Os Dez Mandamentos,legislativo,12,60,planejado
EP-0192,T1 — TORÁ (A Lei),Êxodo,21,1,30,Êxodo 21:1-30,Leis sobre Servos e Reparações (1/2),legislativo,12,60,planejado
EP-0193,T1 — TORÁ (A Lei),Êxodo,21,31,37,Êxodo 21:31-37,Leis sobre Servos e Reparações (2/2),legislativo,12,60,planejado
EP-0194,T1 — TORÁ (A Lei),Êxodo,22,1,30,Êxodo 22:1-30,"Furto, Fogo e Empréstimo (1/2)",legislativo,12,60,planejado
EP-0195,T1 — TORÁ (A Lei),Êxodo,22,31,31,Êxodo 22:31,"Furto, Fogo e Empréstimo (2/2)",legislativo,12,60,planejado
EP-0196,T1 — TORÁ (A Lei),Êxodo,23,1,30,Êxodo 23:1-30,"Festas, Justiça e o Anjo Guardião (1/2)",legislativo,12,60,planejado
EP-0197,T1 — TORÁ (A Lei),Êxodo,23,31,33,Êxodo 23:31-33,"Festas, Justiça e o Anjo Guardião (2/2)",legislativo,12,60,planejado
EP-0198,T1 — TORÁ (A Lei),Êxodo,24,1,12,Êxodo 24:1-12,O Pacto Selado com Sangue (1/2),narrativo,12,60,planejado
EP-0199,T1 — TORÁ (A Lei),Êxodo,24,13,18,Êxodo 24:13-18,O Pacto Selado com Sangue (2/2),narrativo,12,60,planejado
EP-0200,T1 — TORÁ (A Lei),Êxodo,25,1,30,Êxodo 25:1-30,"A Arca, a Mesa e o Candelabro (1/2)",legislativo,12,60,planejado
EP-0201,T1 — TORÁ (A Lei),Êxodo,25,31,40,Êxodo 25:31-40,"A Arca, a Mesa e o Candelabro (2/2)",legislativo,12,60,planejado
EP-0202,T1 — TORÁ (A Lei),Êxodo,26,1,30,Êxodo 26:1-30,O Tabernáculo: Cortinas e Estrutura (1/2),legislativo,12,60,planejado
EP-0203,T1 — TORÁ (A Lei),Êxodo,26,31,37,Êxodo 26:31-37,O Tabernáculo: Cortinas e Estrutura (2/2),legislativo,12,60,planejado
EP-0204,T1 — TORÁ (A Lei),Êxodo,27,1,21,Êxodo 27:1-21,"O Altar, o Átrio e o Azeite",legislativo,12,60,planejado
EP-0205,T1 — TORÁ (A Lei),Êxodo,28,1,30,Êxodo 28:1-30,As Vestes Sacerdotais (1/2),legislativo,12,60,planejado
EP-0206,T1 — TORÁ (A Lei),Êxodo,28,31,43,Êxodo 28:31-43,As Vestes Sacerdotais (2/2),legislativo,12,60,planejado
EP-0207,T1 — TORÁ (A Lei),Êxodo,29,1,30,Êxodo 29:1-30,A Consagração dos Sacerdotes (1/2),legislativo,12,60,planejado
EP-0208,T1 — TORÁ (A Lei),Êxodo,29,31,46,Êxodo 29:31-46,A Consagração dos Sacerdotes (2/2),legislativo,12,60,planejado
EP-0209,T1 — TORÁ (A Lei),Êxodo,30,1,30,Êxodo 30:1-30,O Altar do Incenso e o Censo (1/2),legislativo,12,60,planejado
EP-0210,T1 — TORÁ (A Lei),Êxodo,30,31,38,Êxodo 30:31-38,O Altar do Incenso e o Censo (2/2),legislativo,12,60,planejado
EP-0211,T1 — TORÁ (A Lei),Êxodo,31,1,12,Êxodo 31:1-12,Bezalel e o Sábado (1/2),narrativo,12,60,planejado
EP-0212,T1 — TORÁ (A Lei),Êxodo,31,13,18,Êxodo 31:13-18,Bezalel e o Sábado (2/2),narrativo,12,60,planejado
EP-0213,T1 — TORÁ (A Lei),Êxodo,32,1,12,Êxodo 32:1-12,O Bezerro de Ouro (1/3),narrativo,12,60,planejado
EP-0214,T1 — TORÁ (A Lei),Êxodo,32,13,24,Êxodo 32:13-24,O Bezerro de Ouro (2/3),narrativo,12,60,planejado
EP-0215,T1 — TORÁ (A Lei),Êxodo,32,25,35,Êxodo 32:25-35,O Bezerro de Ouro (3/3),narrativo,12,60,planejado
EP-0216,T1 — TORÁ (A Lei),Êxodo,33,1,12,Êxodo 33:1-12,Tua Glória Me Mostra (1/2),narrativo,12,60,planejado
EP-0217,T1 — TORÁ (A Lei),Êxodo,33,13,23,Êxodo 33:13-23,Tua Glória Me Mostra (2/2),narrativo,12,60,planejado
EP-0218,T1 — TORÁ (A Lei),Êxodo,34,1,12,Êxodo 34:1-12,As Duas Tábuas Renovadas (1/3),narrativo,12,60,planejado
EP-0219,T1 — TORÁ (A Lei),Êxodo,34,13,24,Êxodo 34:13-24,As Duas Tábuas Renovadas (2/3),narrativo,12,60,planejado
EP-0220,T1 — TORÁ (A Lei),Êxodo,34,25,35,Êxodo 34:25-35,As Duas Tábuas Renovadas (3/3),narrativo,12,60,planejado
EP-0221,T1 — TORÁ (A Lei),Êxodo,35,1,30,Êxodo 35:1-30,O Chamado para Construir (1/2),legislativo,12,60,planejado
EP-0222,T1 — TORÁ (A Lei),Êxodo,35,31,35,Êxodo 35:31-35,O Chamado para Construir (2/2),legislativo,12,60,planejado
EP-0223,T1 — TORÁ (A Lei),Êxodo,36,1,30,Êxodo 36:1-30,O Trabalho do Santuário (1/2),legislativo,12,60,planejado
EP-0224,T1 — TORÁ (A Lei),Êxodo,36,31,40,Êxodo 36:31-40,O Trabalho do Santuário (2/2),legislativo,12,60,planejado
EP-0225,T1 — TORÁ (A Lei),Êxodo,37,1,29,Êxodo 37:1-29,A Arca e os Móveis do Lugar Santo,legislativo,12,60,planejado
EP-0226,T1 — TORÁ (A Lei),Êxodo,38,1,30,Êxodo 38:1-30,"O Altar, o Átrio e a Contagem do Ouro (1/2)",legislativo,12,60,planejado
EP-0227,T1 — TORÁ (A Lei),Êxodo,38,31,31,Êxodo 38:31,"O Altar, o Átrio e a Contagem do Ouro (2/2)",legislativo,12,60,planejado
EP-0228,T1 — TORÁ (A Lei),Êxodo,39,1,30,Êxodo 39:1-30,As Vestes e a Obra Concluída (1/2),legislativo,12,60,planejado
EP-0229,T1 — TORÁ (A Lei),Êxodo,39,31,43,Êxodo 39:31-43,As Vestes e a Obra Concluída (2/2),legislativo,12,60,planejado
EP-0230,T1 — TORÁ (A Lei),Êxodo,40,1,30,Êxodo 40:1-30,A Glória Enche o Tabernáculo (1/2),legislativo,12,60,planejado
EP-0231,T1 — TORÁ (A Lei),Êxodo,40,31,38,Êxodo 40:31-38,A Glória Enche o Tabernáculo (2/2),legislativo,12,60,planejado
EP-0232,T1 — TORÁ (A Lei),Levítico,1,1,17,Levítico 1:1-17,Holocaustos e a Oferta Voluntária,legislativo,12,60,planejado
EP-0233,T1 — TORÁ (A Lei),Levítico,2,1,16,Levítico 2:1-16,Ofertas de Cereais,legislativo,12,60,planejado
EP-0234,T1 — TORÁ (A Lei),Levítico,3,1,17,Levítico 3:1-17,Ofertas de Paz,legislativo,12,60,planejado
EP-0235,T1 — TORÁ (A Lei),Levítico,4,1,30,Levítico 4:1-30,Ofertas pelo Pecado (1/2),legislativo,12,60,planejado
EP-0236,T1 — TORÁ (A Lei),Levítico,4,31,35,Levítico 4:31-35,Ofertas pelo Pecado (2/2),legislativo,12,60,planejado
EP-0237,T1 — TORÁ (A Lei),Levítico,5,1,26,Levítico 5:1-26,Ofertas de Culpa,legislativo,12,60,planejado
EP-0238,T1 — TORÁ (A Lei),Levítico,6,1,30,Levítico 6:1-30,As Leis do Fogo Perpétuo (1/2),legislativo,12,60,planejado
EP-0239,T1 — TORÁ (A Lei),Levítico,6,31,40,Levítico 6:31-40,As Leis do Fogo Perpétuo (2/2),legislativo,12,60,planejado
EP-0240,T1 — TORÁ (A Lei),Levítico,7,1,30,Levítico 7:1-30,A Porção dos Sacerdotes (1/2),legislativo,12,60,planejado
EP-0241,T1 — TORÁ (A Lei),Levítico,7,31,38,Levítico 7:31-38,A Porção dos Sacerdotes (2/2),legislativo,12,60,planejado
EP-0242,T1 — TORÁ (A Lei),Levítico,8,1,30,Levítico 8:1-30,A Consagração de Arão (1/2),legislativo,12,60,planejado
EP-0243,T1 — TORÁ (A Lei),Levítico,8,31,36,Levítico 8:31-36,A Consagração de Arão (2/2),legislativo,12,60,planejado
EP-0244,T1 — TORÁ (A Lei),Levítico,9,1,24,Levítico 9:1-24,O Fogo que Desce,legislativo,12,60,planejado
EP-0245,T1 — TORÁ (A Lei),Levítico,10,1,20,Levítico 10:1-20,"Nadabe, Abiú e o Silêncio de Arão",legislativo,12,60,planejado
EP-0246,T1 — TORÁ (A Lei),Levítico,11,1,30,Levítico 11:1-30,Animais Puros e Impuros (1/2),legislativo,12,60,planejado
EP-0247,T1 — TORÁ (A Lei),Levítico,11,31,47,Levítico 11:31-47,Animais Puros e Impuros (2/2),legislativo,12,60,planejado
EP-0248,T1 — TORÁ (A Lei),Levítico,12,1,8,Levítico 12:1-8,Purificação após o Parto,legislativo,12,60,planejado
EP-0249,T1 — TORÁ (A Lei),Levítico,13,1,30,Levítico 13:1-30,Tsara'at: o Diagnóstico do Sacerdote (1/2),legislativo,12,60,planejado
EP-0250,T1 — TORÁ (A Lei),Levítico,13,31,59,Levítico 13:31-59,Tsara'at: o Diagnóstico do Sacerdote (2/2),legislativo,12,60,planejado
EP-0251,T1 — TORÁ (A Lei),Levítico,14,1,30,Levítico 14:1-30,A Purificação do Leproso e das Casas (1/2),legislativo,12,60,planejado
EP-0252,T1 — TORÁ (A Lei),Levítico,14,31,57,Levítico 14:31-57,A Purificação do Leproso e das Casas (2/2),legislativo,12,60,planejado
EP-0253,T1 — TORÁ (A Lei),Levítico,15,1,30,Levítico 15:1-30,Fluxos e Pureza (1/2),legislativo,12,60,planejado
EP-0254,T1 — TORÁ (A Lei),Levítico,15,31,33,Levítico 15:31-33,Fluxos e Pureza (2/2),legislativo,12,60,planejado
EP-0255,T1 — TORÁ (A Lei),Levítico,16,1,30,Levítico 16:1-30,O Dia da Expiação (Yom Kippur) (1/2),legislativo,12,60,planejado
EP-0256,T1 — TORÁ (A Lei),Levítico,16,31,34,Levítico 16:31-34,O Dia da Expiação (Yom Kippur) (2/2),legislativo,12,60,planejado
EP-0257,T1 — TORÁ (A Lei),Levítico,17,1,16,Levítico 17:1-16,O Sangue e a Vida,legislativo,12,60,planejado
EP-0258,T1 — TORÁ (A Lei),Levítico,18,1,30,Levítico 18:1-30,Leis de Santidade e Moral Sexual,legislativo,12,60,planejado
EP-0259,T1 — TORÁ (A Lei),Levítico,19,1,30,Levítico 19:1-30,Sede Santos: Ame ao Teu Próximo (1/2),legislativo,12,60,planejado
EP-0260,T1 — TORÁ (A Lei),Levítico,19,31,37,Levítico 19:31-37,Sede Santos: Ame ao Teu Próximo (2/2),legislativo,12,60,planejado
EP-0261,T1 — TORÁ (A Lei),Levítico,20,1,27,Levítico 20:1-27,Santidade e os Ritos de Moloque,legislativo,12,60,planejado
EP-0262,T1 — TORÁ (A Lei),Levítico,21,1,24,Levítico 21:1-24,Santidade dos Sacerdotes,legislativo,12,60,planejado
EP-0263,T1 — TORÁ (A Lei),Levítico,22,1,30,Levítico 22:1-30,Ofertas Aceitáveis ao SENHOR (1/2),legislativo,12,60,planejado
EP-0264,T1 — TORÁ (A Lei),Levítico,22,31,33,Levítico 22:31-33,Ofertas Aceitáveis ao SENHOR (2/2),legislativo,12,60,planejado
EP-0265,T1 — TORÁ (A Lei),Levítico,23,1,30,Levítico 23:1-30,As Festas do SENHOR (1/2),legislativo,12,60,planejado
EP-0266,T1 — TORÁ (A Lei),Levítico,23,31,44,Levítico 23:31-44,As Festas do SENHOR (2/2),legislativo,12,60,planejado
EP-0267,T1 — TORÁ (A Lei),Levítico,24,1,23,Levítico 24:1-23,"O Azeite, os Pães e a Blasfêmia",legislativo,12,60,planejado
EP-0268,T1 — TORÁ (A Lei),Levítico,25,1,30,Levítico 25:1-30,O Ano Sabático e o Jubileu (1/2),legislativo,12,60,planejado
EP-0269,T1 — TORÁ (A Lei),Levítico,25,31,55,Levítico 25:31-55,O Ano Sabático e o Jubileu (2/2),legislativo,12,60,planejado
EP-0270,T1 — TORÁ (A Lei),Levítico,26,1,30,Levítico 26:1-30,Bênçãos e Maldições da Aliança (1/2),legislativo,12,60,planejado
EP-0271,T1 — TORÁ (A Lei),Levítico,26,31,46,Levítico 26:31-46,Bênçãos e Maldições da Aliança (2/2),legislativo,12,60,planejado
EP-0272,T1 — TORÁ (A Lei),Levítico,27,1,30,Levítico 27:1-30,Votos e Ofertas Consagradas (1/2),legislativo,12,60,planejado
EP-0273,T1 — TORÁ (A Lei),Levítico,27,31,34,Levítico 27:31-34,Votos e Ofertas Consagradas (2/2),legislativo,12,60,planejado
EP-0274,T1 — TORÁ (A Lei),Números,1,1,48,Números 1:1-48,O Primeiro Censo de Israel (1/2),lista,12,60,planejado
EP-0275,T1 — TORÁ (A Lei),Números,1,49,54,Números 1:49-54,O Primeiro Censo de Israel (2/2),lista,12,60,planejado
EP-0276,T1 — TORÁ (A Lei),Números,2,1,34,Números 2:1-34,A Ordem do Acampamento,lista,12,60,planejado
EP-0277,T1 — TORÁ (A Lei),Números,3,1,48,Números 3:1-48,Os Levitas e a Guarda (1/2),lista,12,60,planejado
EP-0278,T1 — TORÁ (A Lei),Números,3,49,51,Números 3:49-51,Os Levitas e a Guarda (2/2),lista,12,60,planejado
EP-0279,T1 — TORÁ (A Lei),Números,4,1,48,Números 4:1-48,As Funções e o Censo dos Levitas (1/2),lista,12,60,planejado
EP-0280,T1 — TORÁ (A Lei),Números,4,49,49,Números 4:49,As Funções e o Censo dos Levitas (2/2),lista,12,60,planejado
EP-0281,T1 — TORÁ (A Lei),Números,5,1,12,Números 5:1-12,"Purificação, Restituição e Ciúme (1/3)",narrativo,12,60,planejado
EP-0282,T1 — TORÁ (A Lei),Números,5,13,24,Números 5:13-24,"Purificação, Restituição e Ciúme (2/3)",narrativo,12,60,planejado
EP-0283,T1 — TORÁ (A Lei),Números,5,25,31,Números 5:25-31,"Purificação, Restituição e Ciúme (3/3)",narrativo,12,60,planejado
EP-0284,T1 — TORÁ (A Lei),Números,6,1,12,Números 6:1-12,O Nazireu e a Bênção Sacerdotal (1/3),narrativo,12,60,planejado
EP-0285,T1 — TORÁ (A Lei),Números,6,13,24,Números 6:13-24,O Nazireu e a Bênção Sacerdotal (2/3),narrativo,12,60,planejado
EP-0286,T1 — TORÁ (A Lei),Números,6,25,27,Números 6:25-27,O Nazireu e a Bênção Sacerdotal (3/3),narrativo,12,60,planejado
EP-0287,T1 — TORÁ (A Lei),Números,7,1,48,Números 7:1-48,As Ofertas dos Príncipes (1/2),lista,12,60,planejado
EP-0288,T1 — TORÁ (A Lei),Números,7,49,89,Números 7:49-89,As Ofertas dos Príncipes (2/2),lista,12,60,planejado
EP-0289,T1 — TORÁ (A Lei),Números,8,1,12,Números 8:1-12,O Candelabro e a Consagração dos Levitas (1/3),narrativo,12,60,planejado
EP-0290,T1 — TORÁ (A Lei),Números,8,13,24,Números 8:13-24,O Candelabro e a Consagração dos Levitas (2/3),narrativo,12,60,planejado
EP-0291,T1 — TORÁ (A Lei),Números,8,25,26,Números 8:25-26,O Candelabro e a Consagração dos Levitas (3/3),narrativo,12,60,planejado
EP-0292,T1 — TORÁ (A Lei),Números,9,1,12,Números 9:1-12,A Páscoa e a Nuvem Guia (1/2),narrativo,12,60,planejado
EP-0293,T1 — TORÁ (A Lei),Números,9,13,23,Números 9:13-23,A Páscoa e a Nuvem Guia (2/2),narrativo,12,60,planejado
EP-0294,T1 — TORÁ (A Lei),Números,10,1,12,Números 10:1-12,As Trombetas de Prata e a Partida (1/3),narrativo,12,60,planejado
EP-0295,T1 — TORÁ (A Lei),Números,10,13,24,Números 10:13-24,As Trombetas de Prata e a Partida (2/3),narrativo,12,60,planejado
EP-0296,T1 — TORÁ (A Lei),Números,10,25,36,Números 10:25-36,As Trombetas de Prata e a Partida (3/3),narrativo,12,60,planejado
EP-0297,T1 — TORÁ (A Lei),Números,11,1,12,Números 11:1-12,"Fogo, Carne e o Desejo Ingato (1/3)",narrativo,12,60,planejado
EP-0298,T1 — TORÁ (A Lei),Números,11,13,24,Números 11:13-24,"Fogo, Carne e o Desejo Ingato (2/3)",narrativo,12,60,planejado
EP-0299,T1 — TORÁ (A Lei),Números,11,25,35,Números 11:25-35,"Fogo, Carne e o Desejo Ingato (3/3)",narrativo,12,60,planejado
EP-0300,T1 — TORÁ (A Lei),Números,12,1,12,Números 12:1-12,Miriam e Arão contra Moisés (1/2),narrativo,12,60,planejado
EP-0301,T1 — TORÁ (A Lei),Números,12,13,16,Números 12:13-16,Miriam e Arão contra Moisés (2/2),narrativo,12,60,planejado
EP-0302,T1 — TORÁ (A Lei),Números,13,1,12,Números 13:1-12,Os Doze Espias e Dois Relatórios (1/3),narrativo,12,60,planejado
EP-0303,T1 — TORÁ (A Lei),Números,13,13,24,Números 13:13-24,Os Doze Espias e Dois Relatórios (2/3),narrativo,12,60,planejado
EP-0304,T1 — TORÁ (A Lei),Números,13,25,34,Números 13:25-34,Os Doze Espias e Dois Relatórios (3/3),narrativo,12,60,planejado
EP-0305,T1 — TORÁ (A Lei),Números,14,1,12,Números 14:1-12,A Revolta e os Quarenta Anos (1/4),narrativo,12,60,planejado
EP-0306,T1 — TORÁ (A Lei),Números,14,13,24,Números 14:13-24,A Revolta e os Quarenta Anos (2/4),narrativo,12,60,planejado
EP-0307,T1 — TORÁ (A Lei),Números,14,25,36,Números 14:25-36,A Revolta e os Quarenta Anos (3/4),narrativo,12,60,planejado
EP-0308,T1 — TORÁ (A Lei),Números,14,37,45,Números 14:37-45,A Revolta e os Quarenta Anos (4/4),narrativo,12,60,planejado
EP-0309,T1 — TORÁ (A Lei),Números,15,1,12,Números 15:1-12,Ofertas e o Sábado Violado (1/4),narrativo,12,60,planejado
EP-0310,T1 — TORÁ (A Lei),Números,15,13,24,Números 15:13-24,Ofertas e o Sábado Violado (2/4),narrativo,12,60,planejado
EP-0311,T1 — TORÁ (A Lei),Números,15,25,36,Números 15:25-36,Ofertas e o Sábado Violado (3/4),narrativo,12,60,planejado
EP-0312,T1 — TORÁ (A Lei),Números,15,37,41,Números 15:37-41,Ofertas e o Sábado Violado (4/4),narrativo,12,60,planejado
EP-0313,T1 — TORÁ (A Lei),Números,16,1,12,Números 16:1-12,"Corá, Datã e Abirão (1/5)",narrativo,12,60,planejado
EP-0314,T1 — TORÁ (A Lei),Números,16,13,24,Números 16:13-24,"Corá, Datã e Abirão (2/5)",narrativo,12,60,planejado
EP-0315,T1 — TORÁ (A Lei),Números,16,25,36,Números 16:25-36,"Corá, Datã e Abirão (3/5)",narrativo,12,60,planejado
EP-0316,T1 — TORÁ (A Lei),Números,16,37,48,Números 16:37-48,"Corá, Datã e Abirão (4/5)",narrativo,12,60,planejado
EP-0317,T1 — TORÁ (A Lei),Números,16,49,50,Números 16:49-50,"Corá, Datã e Abirão (5/5)",narrativo,12,60,planejado
EP-0318,T1 — TORÁ (A Lei),Números,17,1,12,Números 17:1-12,A Vara que Floresceu (1/3),narrativo,12,60,planejado
EP-0319,T1 — TORÁ (A Lei),Números,17,13,24,Números 17:13-24,A Vara que Floresceu (2/3),narrativo,12,60,planejado
EP-0320,T1 — TORÁ (A Lei),Números,17,25,28,Números 17:25-28,A Vara que Floresceu (3/3),narrativo,12,60,planejado
EP-0321,T1 — TORÁ (A Lei),Números,18,1,12,Números 18:1-12,Os Levitas e os Dízimos (1/3),narrativo,12,60,planejado
EP-0322,T1 — TORÁ (A Lei),Números,18,13,24,Números 18:13-24,Os Levitas e os Dízimos (2/3),narrativo,12,60,planejado
EP-0323,T1 — TORÁ (A Lei),Números,18,25,32,Números 18:25-32,Os Levitas e os Dízimos (3/3),narrativo,12,60,planejado
EP-0324,T1 — TORÁ (A Lei),Números,19,1,12,Números 19:1-12,A Água da Purificação (1/2),narrativo,12,60,planejado
EP-0325,T1 — TORÁ (A Lei),Números,19,13,22,Números 19:13-22,A Água da Purificação (2/2),narrativo,12,60,planejado
EP-0326,T1 — TORÁ (A Lei),Números,20,1,12,Números 20:1-12,A Água de Meribá e a Morte de Arão (1/3),narrativo,12,60,planejado
EP-0327,T1 — TORÁ (A Lei),Números,20,13,24,Números 20:13-24,A Água de Meribá e a Morte de Arão (2/3),narrativo,12,60,planejado
EP-0328,T1 — TORÁ (A Lei),Números,20,25,29,Números 20:25-29,A Água de Meribá e a Morte de Arão (3/3),narrativo,12,60,planejado
EP-0329,T1 — TORÁ (A Lei),Números,21,1,12,Números 21:1-12,A Serpente de Bronze e o Poço (1/3),narrativo,12,60,planejado
EP-0330,T1 — TORÁ (A Lei),Números,21,13,24,Números 21:13-24,A Serpente de Bronze e o Poço (2/3),narrativo,12,60,planejado
EP-0331,T1 — TORÁ (A Lei),Números,21,25,35,Números 21:25-35,A Serpente de Bronze e o Poço (3/3),narrativo,12,60,planejado
EP-0332,T1 — TORÁ (A Lei),Números,22,1,12,Números 22:1-12,Balaão e o Anjo do SENHOR (1/4),narrativo,12,60,planejado
EP-0333,T1 — TORÁ (A Lei),Números,22,13,24,Números 22:13-24,Balaão e o Anjo do SENHOR (2/4),narrativo,12,60,planejado
EP-0334,T1 — TORÁ (A Lei),Números,22,25,36,Números 22:25-36,Balaão e o Anjo do SENHOR (3/4),narrativo,12,60,planejado
EP-0335,T1 — TORÁ (A Lei),Números,22,37,41,Números 22:37-41,Balaão e o Anjo do SENHOR (4/4),narrativo,12,60,planejado
EP-0336,T1 — TORÁ (A Lei),Números,23,1,12,Números 23:1-12,Os Oráculos de Balaão (1/3),narrativo,12,60,planejado
EP-0337,T1 — TORÁ (A Lei),Números,23,13,24,Números 23:13-24,Os Oráculos de Balaão (2/3),narrativo,12,60,planejado
EP-0338,T1 — TORÁ (A Lei),Números,23,25,30,Números 23:25-30,Os Oráculos de Balaão (3/3),narrativo,12,60,planejado
EP-0339,T1 — TORÁ (A Lei),Números,24,1,12,Números 24:1-12,Quão Belas São as Tuas Tendas (1/3),narrativo,12,60,planejado
EP-0340,T1 — TORÁ (A Lei),Números,24,13,24,Números 24:13-24,Quão Belas São as Tuas Tendas (2/3),narrativo,12,60,planejado
EP-0341,T1 — TORÁ (A Lei),Números,24,25,25,Números 24:25,Quão Belas São as Tuas Tendas (3/3),narrativo,12,60,planejado
EP-0342,T1 — TORÁ (A Lei),Números,25,1,12,Números 25:1-12,Baal-Peor e o Zelo de Fineias (1/2),narrativo,12,60,planejado
EP-0343,T1 — TORÁ (A Lei),Números,25,13,19,Números 25:13-19,Baal-Peor e o Zelo de Fineias (2/2),narrativo,12,60,planejado
EP-0344,T1 — TORÁ (A Lei),Números,26,1,48,Números 26:1-48,O Segundo Censo (1/2),lista,12,60,planejado
EP-0345,T1 — TORÁ (A Lei),Números,26,49,65,Números 26:49-65,O Segundo Censo (2/2),lista,12,60,planejado
EP-0346,T1 — TORÁ (A Lei),Números,27,1,12,Números 27:1-12,A Lei da Herança e o Sucessor Josué (1/2),narrativo,12,60,planejado
EP-0347,T1 — TORÁ (A Lei),Números,27,13,23,Números 27:13-23,A Lei da Herança e o Sucessor Josué (2/2),narrativo,12,60,planejado
EP-0348,T1 — TORÁ (A Lei),Números,28,1,12,Números 28:1-12,As Ofertas Diárias e das Festas (1/3),narrativo,12,60,planejado
EP-0349,T1 — TORÁ (A Lei),Números,28,13,24,Números 28:13-24,As Ofertas Diárias e das Festas (2/3),narrativo,12,60,planejado
EP-0350,T1 — TORÁ (A Lei),Números,28,25,31,Números 28:25-31,As Ofertas Diárias e das Festas (3/3),narrativo,12,60,planejado
EP-0351,T1 — TORÁ (A Lei),Números,29,1,12,Números 29:1-12,As Ofertas do Sétimo Mês (1/4),narrativo,12,60,planejado
EP-0352,T1 — TORÁ (A Lei),Números,29,13,24,Números 29:13-24,As Ofertas do Sétimo Mês (2/4),narrativo,12,60,planejado
EP-0353,T1 — TORÁ (A Lei),Números,29,25,36,Números 29:25-36,As Ofertas do Sétimo Mês (3/4),narrativo,12,60,planejado
EP-0354,T1 — TORÁ (A Lei),Números,29,37,40,Números 29:37-40,As Ofertas do Sétimo Mês (4/4),narrativo,12,60,planejado
EP-0355,T1 — TORÁ (A Lei),Números,30,1,12,Números 30:1-12,Votos e o Valor da Palavra (1/2),narrativo,12,60,planejado
EP-0356,T1 — TORÁ (A Lei),Números,30,13,17,Números 30:13-17,Votos e o Valor da Palavra (2/2),narrativo,12,60,planejado
EP-0357,T1 — TORÁ (A Lei),Números,31,1,12,Números 31:1-12,A Vingança contra Midiã (1/5),narrativo,12,60,planejado
EP-0358,T1 — TORÁ (A Lei),Números,31,13,24,Números 31:13-24,A Vingança contra Midiã (2/5),narrativo,12,60,planejado
EP-0359,T1 — TORÁ (A Lei),Números,31,25,36,Números 31:25-36,A Vingança contra Midiã (3/5),narrativo,12,60,planejado
EP-0360,T1 — TORÁ (A Lei),Números,31,37,48,Números 31:37-48,A Vingança contra Midiã (4/5),narrativo,12,60,planejado
EP-0361,T1 — TORÁ (A Lei),Números,31,49,54,Números 31:49-54,A Vingança contra Midiã (5/5),narrativo,12,60,planejado
EP-0362,T1 — TORÁ (A Lei),Números,32,1,12,Números 32:1-12,As Duas Tribos Além do Jordão (1/4),narrativo,12,60,planejado
EP-0363,T1 — TORÁ (A Lei),Números,32,13,24,Números 32:13-24,As Duas Tribos Além do Jordão (2/4),narrativo,12,60,planejado
EP-0364,T1 — TORÁ (A Lei),Números,32,25,36,Números 32:25-36,As Duas Tribos Além do Jordão (3/4),narrativo,12,60,planejado
EP-0365,T1 — TORÁ (A Lei),Números,32,37,42,Números 32:37-42,As Duas Tribos Além do Jordão (4/4),narrativo,12,60,planejado
EP-0366,T1 — TORÁ (A Lei),Números,33,1,48,Números 33:1-48,As Quarenta Jornadas (1/2),lista,12,60,planejado
EP-0367,T1 — TORÁ (A Lei),Números,33,49,56,Números 33:49-56,As Quarenta Jornadas (2/2),lista,12,60,planejado
EP-0368,T1 — TORÁ (A Lei),Números,34,1,29,Números 34:1-29,A Fronteira da Terra Prometida,lista,12,60,planejado
EP-0369,T1 — TORÁ (A Lei),Números,35,1,34,Números 35:1-34,Os Levitas e as Cidades de Refúgio,lista,12,60,planejado
EP-0370,T1 — TORÁ (A Lei),Números,36,1,12,Números 36:1-12,As Herdeiras e as Tribos (1/2),narrativo,12,60,planejado
EP-0371,T1 — TORÁ (A Lei),Números,36,13,13,Números 36:13,As Herdeiras e as Tribos (2/2),narrativo,12,60,planejado
EP-0372,T1 — TORÁ (A Lei),Deuteronômio,1,1,30,Deuteronômio 1:1-30,Recordando a Jornada (1/2),legislativo,12,60,planejado
EP-0373,T1 — TORÁ (A Lei),Deuteronômio,1,31,46,Deuteronômio 1:31-46,Recordando a Jornada (2/2),legislativo,12,60,planejado
EP-0374,T1 — TORÁ (A Lei),Deuteronômio,2,1,30,Deuteronômio 2:1-30,A Travessia de Seir (1/2),legislativo,12,60,planejado
EP-0375,T1 — TORÁ (A Lei),Deuteronômio,2,31,37,Deuteronômio 2:31-37,A Travessia de Seir (2/2),legislativo,12,60,planejado
EP-0376,T1 — TORÁ (A Lei),Deuteronômio,3,1,29,Deuteronômio 3:1-29,Vitórias e a Oração de Moisés,legislativo,12,60,planejado
EP-0377,T1 — TORÁ (A Lei),Deuteronômio,4,1,30,Deuteronômio 4:1-30,"Escuta, Ó Israel (1/2)",legislativo,12,60,planejado
EP-0378,T1 — TORÁ (A Lei),Deuteronômio,4,31,49,Deuteronômio 4:31-49,"Escuta, Ó Israel (2/2)",legislativo,12,60,planejado
EP-0379,T1 — TORÁ (A Lei),Deuteronômio,5,1,30,Deuteronômio 5:1-30,Os Dez Mandamentos Repetidos (1/2),legislativo,12,60,planejado
EP-0380,T1 — TORÁ (A Lei),Deuteronômio,5,31,33,Deuteronômio 5:31-33,Os Dez Mandamentos Repetidos (2/2),legislativo,12,60,planejado
EP-0381,T1 — TORÁ (A Lei),Deuteronômio,6,1,25,Deuteronômio 6:1-25,Amarás o SENHOR: o Shemá,legislativo,12,60,planejado
EP-0382,T1 — TORÁ (A Lei),Deuteronômio,7,1,26,Deuteronômio 7:1-26,Povo Escolhido entre Todos os Povos,legislativo,12,60,planejado
EP-0383,T1 — TORÁ (A Lei),Deuteronômio,8,1,20,Deuteronômio 8:1-20,Não Só de Pão Vive o Homem,legislativo,12,60,planejado
EP-0384,T1 — TORÁ (A Lei),Deuteronômio,9,1,29,Deuteronômio 9:1-29,O Bezerro e a Intercessão,legislativo,12,60,planejado
EP-0385,T1 — TORÁ (A Lei),Deuteronômio,10,1,22,Deuteronômio 10:1-22,As Novas Tábuas e o Coração Circuncidado,legislativo,12,60,planejado
EP-0386,T1 — TORÁ (A Lei),Deuteronômio,11,1,30,Deuteronômio 11:1-30,Bênção e Maldição e a Chuva no Tempo (1/2),legislativo,12,60,planejado
EP-0387,T1 — TORÁ (A Lei),Deuteronômio,11,31,32,Deuteronômio 11:31-32,Bênção e Maldição e a Chuva no Tempo (2/2),legislativo,12,60,planejado
EP-0388,T1 — TORÁ (A Lei),Deuteronômio,12,1,30,Deuteronômio 12:1-30,O Lugar que Deus Escolher (1/2),legislativo,12,60,planejado
EP-0389,T1 — TORÁ (A Lei),Deuteronômio,12,31,32,Deuteronômio 12:31-32,O Lugar que Deus Escolher (2/2),legislativo,12,60,planejado
EP-0390,T1 — TORÁ (A Lei),Deuteronômio,13,1,19,Deuteronômio 13:1-19,Falsos Profetas e a Prova,legislativo,12,60,planejado
EP-0391,T1 — TORÁ (A Lei),Deuteronômio,14,1,29,Deuteronômio 14:1-29,"Filhos, Alimentos e o Dízimo",legislativo,12,60,planejado
EP-0392,T1 — TORÁ (A Lei),Deuteronômio,15,1,23,Deuteronômio 15:1-23,O Ano da Remissão e os Servos,legislativo,12,60,planejado
EP-0393,T1 — TORÁ (A Lei),Deuteronômio,16,1,22,Deuteronômio 16:1-22,"Juízes, Reis e Justiça",legislativo,12,60,planejado
EP-0394,T1 — TORÁ (A Lei),Deuteronômio,17,1,20,Deuteronômio 17:1-20,"Leis do Rei, dos Sacerdotes e dos Profetas",legislativo,12,60,planejado
EP-0395,T1 — TORÁ (A Lei),Deuteronômio,18,1,22,Deuteronômio 18:1-22,Os Levitas e o Profeta como Moisés,legislativo,12,60,planejado
EP-0396,T1 — TORÁ (A Lei),Deuteronômio,19,1,21,Deuteronômio 19:1-21,Cidades de Refúgio e Limites,legislativo,12,60,planejado
EP-0397,T1 — TORÁ (A Lei),Deuteronômio,20,1,20,Deuteronômio 20:1-20,Leis da Guerra e o Medo,legislativo,12,60,planejado
EP-0398,T1 — TORÁ (A Lei),Deuteronômio,21,1,23,Deuteronômio 21:1-23,Casos de Justiça e o Filho Rebelde,legislativo,12,60,planejado
EP-0399,T1 — TORÁ (A Lei),Deuteronômio,22,1,30,Deuteronômio 22:1-30,Leis de Pureza e o Casamento,legislativo,12,60,planejado
EP-0400,T1 — TORÁ (A Lei),Deuteronômio,23,1,26,Deuteronômio 23:1-26,"Assembleia, Acampamento e Santidade",legislativo,12,60,planejado
EP-0401,T1 — TORÁ (A Lei),Deuteronômio,24,1,22,Deuteronômio 24:1-22,"Divórcio, Noivado e o Salário",legislativo,12,60,planejado
EP-0402,T1 — TORÁ (A Lei),Deuteronômio,25,1,19,Deuteronômio 25:1-19,"Aços, Azorrague e o Casamento do Irmão",legislativo,12,60,planejado
EP-0403,T1 — TORÁ (A Lei),Deuteronômio,26,1,19,Deuteronômio 26:1-19,Primícias: Arameu Errante,legislativo,12,60,planejado
EP-0404,T1 — TORÁ (A Lei),Deuteronômio,27,1,26,Deuteronômio 27:1-26,As Pedras do Monte Ebal,legislativo,12,60,planejado
EP-0405,T1 — TORÁ (A Lei),Deuteronômio,28,1,30,Deuteronômio 28:1-30,Bênçãos e Maldições da Aliança (1/3),legislativo,12,60,planejado
EP-0406,T1 — TORÁ (A Lei),Deuteronômio,28,31,60,Deuteronômio 28:31-60,Bênçãos e Maldições da Aliança (2/3),legislativo,12,60,planejado
EP-0407,T1 — TORÁ (A Lei),Deuteronômio,28,61,69,Deuteronômio 28:61-69,Bênçãos e Maldições da Aliança (3/3),legislativo,12,60,planejado
EP-0408,T1 — TORÁ (A Lei),Deuteronômio,29,1,29,Deuteronômio 29:1-29,A Aliança Renovada em Moabe,legislativo,12,60,planejado
EP-0409,T1 — TORÁ (A Lei),Deuteronômio,30,1,20,Deuteronômio 30:1-20,A Escolha da Vida,legislativo,12,60,planejado
EP-0410,T1 — TORÁ (A Lei),Deuteronômio,31,1,30,Deuteronômio 31:1-30,Josué É Comissionado e o Cântico,legislativo,12,60,planejado
EP-0411,T1 — TORÁ (A Lei),Deuteronômio,32,1,6,Deuteronômio 32:1-6,O Cântico de Moisés: Ele É a Rocha (1/9),poetico,12,60,planejado
EP-0412,T1 — TORÁ (A Lei),Deuteronômio,32,7,12,Deuteronômio 32:7-12,O Cântico de Moisés: Ele É a Rocha (2/9),poetico,12,60,planejado
EP-0413,T1 — TORÁ (A Lei),Deuteronômio,32,13,18,Deuteronômio 32:13-18,O Cântico de Moisés: Ele É a Rocha (3/9),poetico,12,60,planejado
EP-0414,T1 — TORÁ (A Lei),Deuteronômio,32,19,24,Deuteronômio 32:19-24,O Cântico de Moisés: Ele É a Rocha (4/9),poetico,12,60,planejado
EP-0415,T1 — TORÁ (A Lei),Deuteronômio,32,25,30,Deuteronômio 32:25-30,O Cântico de Moisés: Ele É a Rocha (5/9),poetico,12,60,planejado
EP-0416,T1 — TORÁ (A Lei),Deuteronômio,32,31,36,Deuteronômio 32:31-36,O Cântico de Moisés: Ele É a Rocha (6/9),poetico,12,60,planejado
EP-0417,T1 — TORÁ (A Lei),Deuteronômio,32,37,42,Deuteronômio 32:37-42,O Cântico de Moisés: Ele É a Rocha (7/9),poetico,12,60,planejado
EP-0418,T1 — TORÁ (A Lei),Deuteronômio,32,43,48,Deuteronômio 32:43-48,O Cântico de Moisés: Ele É a Rocha (8/9),poetico,12,60,planejado
EP-0419,T1 — TORÁ (A Lei),Deuteronômio,32,49,52,Deuteronômio 32:49-52,O Cântico de Moisés: Ele É a Rocha (9/9),poetico,12,60,planejado
EP-0420,T1 — TORÁ (A Lei),Deuteronômio,33,1,6,Deuteronômio 33:1-6,As Bênçãos Finais de Moisés (1/5),poetico,12,60,planejado
EP-0421,T1 — TORÁ (A Lei),Deuteronômio,33,7,12,Deuteronômio 33:7-12,As Bênçãos Finais de Moisés (2/5),poetico,12,60,planejado
EP-0422,T1 — TORÁ (A Lei),Deuteronômio,33,13,18,Deuteronômio 33:13-18,As Bênçãos Finais de Moisés (3/5),poetico,12,60,planejado
EP-0423,T1 — TORÁ (A Lei),Deuteronômio,33,19,24,Deuteronômio 33:19-24,As Bênçãos Finais de Moisés (4/5),poetico,12,60,planejado
EP-0424,T1 — TORÁ (A Lei),Deuteronômio,33,25,29,Deuteronômio 33:25-29,As Bênçãos Finais de Moisés (5/5),poetico,12,60,planejado
EP-0425,T1 — TORÁ (A Lei),Deuteronômio,34,1,12,Deuteronômio 34:1-12,A Morte de Moisés no Monte Nebo,legislativo,12,60,planejado
EP-0426,T2 — HISTÓRICOS,Josué,1,1,12,Josué 1:1-12,Sê Forte e Corajoso (1/2),narrativo,12,60,planejado
EP-0427,T2 — HISTÓRICOS,Josué,1,13,18,Josué 1:13-18,Sê Forte e Corajoso (2/2),narrativo,12,60,planejado
EP-0428,T2 — HISTÓRICOS,Josué,2,1,12,Josué 2:1-12,Raabe e os Espias (1/2),narrativo,12,60,planejado
EP-0429,T2 — HISTÓRICOS,Josué,2,13,24,Josué 2:13-24,Raabe e os Espias (2/2),narrativo,12,60,planejado
EP-0430,T2 — HISTÓRICOS,Josué,3,1,12,Josué 3:1-12,"Levantou-se, pois, Josué de madrugada e, partindo de Sitim (1/2)",narrativo,12,60,planejado
EP-0431,T2 — HISTÓRICOS,Josué,3,13,17,Josué 3:13-17,"Levantou-se, pois, Josué de madrugada e, partindo de Sitim (2/2)",narrativo,12,60,planejado
EP-0432,T2 — HISTÓRICOS,Josué,4,1,12,Josué 4:1-12,Quando todo o povo acabara de passar o Jordão (1/2),narrativo,12,60,planejado
EP-0433,T2 — HISTÓRICOS,Josué,4,13,24,Josué 4:13-24,Quando todo o povo acabara de passar o Jordão (2/2),narrativo,12,60,planejado
EP-0434,T2 — HISTÓRICOS,Josué,5,1,12,Josué 5:1-12,"Quando, pois, todos os reis dos amorreus que estavam (1/2)",narrativo,12,60,planejado
EP-0435,T2 — HISTÓRICOS,Josué,5,13,15,Josué 5:13-15,"Quando, pois, todos os reis dos amorreus que estavam (2/2)",narrativo,12,60,planejado
EP-0436,T2 — HISTÓRICOS,Josué,6,1,12,Josué 6:1-12,A Queda de Jericó (1/3),narrativo,12,60,planejado
EP-0437,T2 — HISTÓRICOS,Josué,6,13,24,Josué 6:13-24,A Queda de Jericó (2/3),narrativo,12,60,planejado
EP-0438,T2 — HISTÓRICOS,Josué,6,25,27,Josué 6:25-27,A Queda de Jericó (3/3),narrativo,12,60,planejado
EP-0439,T2 — HISTÓRICOS,Josué,7,1,12,Josué 7:1-12,Mas os filhos de Israel cometeram uma transgressão no (1/3),narrativo,12,60,planejado
EP-0440,T2 — HISTÓRICOS,Josué,7,13,24,Josué 7:13-24,Mas os filhos de Israel cometeram uma transgressão no (2/3),narrativo,12,60,planejado
EP-0441,T2 — HISTÓRICOS,Josué,7,25,26,Josué 7:25-26,Mas os filhos de Israel cometeram uma transgressão no (3/3),narrativo,12,60,planejado
EP-0442,T2 — HISTÓRICOS,Josué,8,1,12,Josué 8:1-12,"Então disse o Senhor a Josué: Não temas, e (1/3)",narrativo,12,60,planejado
EP-0443,T2 — HISTÓRICOS,Josué,8,13,24,Josué 8:13-24,"Então disse o Senhor a Josué: Não temas, e (2/3)",narrativo,12,60,planejado
EP-0444,T2 — HISTÓRICOS,Josué,8,25,35,Josué 8:25-35,"Então disse o Senhor a Josué: Não temas, e (3/3)",narrativo,12,60,planejado
EP-0445,T2 — HISTÓRICOS,Josué,9,1,12,Josué 9:1-12,"Depois sucedeu que, ouvindo isto todos os reis que (1/3)",narrativo,12,60,planejado
EP-0446,T2 — HISTÓRICOS,Josué,9,13,24,Josué 9:13-24,"Depois sucedeu que, ouvindo isto todos os reis que (2/3)",narrativo,12,60,planejado
EP-0447,T2 — HISTÓRICOS,Josué,9,25,33,Josué 9:25-33,"Depois sucedeu que, ouvindo isto todos os reis que (3/3)",narrativo,12,60,planejado
EP-0448,T2 — HISTÓRICOS,Josué,10,1,12,Josué 10:1-12,O Sol se Deteve (1/4),narrativo,12,60,planejado
EP-0449,T2 — HISTÓRICOS,Josué,10,13,24,Josué 10:13-24,O Sol se Deteve (2/4),narrativo,12,60,planejado
EP-0450,T2 — HISTÓRICOS,Josué,10,25,36,Josué 10:25-36,O Sol se Deteve (3/4),narrativo,12,60,planejado
EP-0451,T2 — HISTÓRICOS,Josué,10,37,43,Josué 10:37-43,O Sol se Deteve (4/4),narrativo,12,60,planejado
EP-0452,T2 — HISTÓRICOS,Josué,11,1,12,Josué 11:1-12,"Quando Jabim, rei de Hazor, ouviu isso, enviou mensageiros (1/2)",narrativo,12,60,planejado
EP-0453,T2 — HISTÓRICOS,Josué,11,13,23,Josué 11:13-23,"Quando Jabim, rei de Hazor, ouviu isso, enviou mensageiros (2/2)",narrativo,12,60,planejado
EP-0454,T2 — HISTÓRICOS,Josué,12,1,24,Josué 12:1-24,"Estes, pois, são os reis da terra, aos quais",lista,12,60,planejado
EP-0455,T2 — HISTÓRICOS,Josué,13,1,33,Josué 13:1-33,"Era Josué já velho e avançado em anos, quando",lista,12,60,planejado
EP-0456,T2 — HISTÓRICOS,Josué,14,1,12,Josué 14:1-12,"Estas, pois, são as heranças que os filhos de (1/2)",narrativo,12,60,planejado
EP-0457,T2 — HISTÓRICOS,Josué,14,13,15,Josué 14:13-15,"Estas, pois, são as heranças que os filhos de (2/2)",narrativo,12,60,planejado
EP-0458,T2 — HISTÓRICOS,Josué,15,1,48,Josué 15:1-48,A sorte que coube à tribo dos filhos de (1/2),lista,12,60,planejado
EP-0459,T2 — HISTÓRICOS,Josué,15,49,63,Josué 15:49-63,A sorte que coube à tribo dos filhos de (2/2),lista,12,60,planejado
EP-0460,T2 — HISTÓRICOS,Josué,16,1,10,Josué 16:1-10,"Saiu depois a sorte dos filhos de José, a",lista,12,60,planejado
EP-0461,T2 — HISTÓRICOS,Josué,17,1,18,Josué 17:1-18,"Também coube sorte à tribo de Manassés, porquanto era",lista,12,60,planejado
EP-0462,T2 — HISTÓRICOS,Josué,18,1,28,Josué 18:1-28,"Ora, toda a congregação dos filhos de Israel, havendo",lista,12,60,planejado
EP-0463,T2 — HISTÓRICOS,Josué,19,1,48,Josué 19:1-48,"Saiu a segunda sorte a Simeão, isto é, à (1/2)",lista,12,60,planejado
EP-0464,T2 — HISTÓRICOS,Josué,19,49,51,Josué 19:49-51,"Saiu a segunda sorte a Simeão, isto é, à (2/2)",lista,12,60,planejado
EP-0465,T2 — HISTÓRICOS,Josué,20,1,9,Josué 20:1-9,Falou mais o Senhor a Josué,narrativo,12,60,planejado
EP-0466,T2 — HISTÓRICOS,Josué,21,1,45,Josué 21:1-45,Então os cabeças das casas paternas dos levitas chegaram,lista,12,60,planejado
EP-0467,T2 — HISTÓRICOS,Josué,22,1,12,Josué 22:1-12,"Então Josué chamou os rubenitas, os gaditas e a (1/3)",narrativo,12,60,planejado
EP-0468,T2 — HISTÓRICOS,Josué,22,13,24,Josué 22:13-24,"Então Josué chamou os rubenitas, os gaditas e a (2/3)",narrativo,12,60,planejado
EP-0469,T2 — HISTÓRICOS,Josué,22,25,34,Josué 22:25-34,"Então Josué chamou os rubenitas, os gaditas e a (3/3)",narrativo,12,60,planejado
EP-0470,T2 — HISTÓRICOS,Josué,23,1,12,Josué 23:1-12,"Passados muitos dias, tendo o Senhor dado repouso a (1/2)",narrativo,12,60,planejado
EP-0471,T2 — HISTÓRICOS,Josué,23,13,16,Josué 23:13-16,"Passados muitos dias, tendo o Senhor dado repouso a (2/2)",narrativo,12,60,planejado
EP-0472,T2 — HISTÓRICOS,Josué,24,1,12,Josué 24:1-12,Escolhei Hoje a Quem Sirvais (1/3),narrativo,12,60,planejado
EP-0473,T2 — HISTÓRICOS,Josué,24,13,24,Josué 24:13-24,Escolhei Hoje a Quem Sirvais (2/3),narrativo,12,60,planejado
EP-0474,T2 — HISTÓRICOS,Josué,24,25,33,Josué 24:25-33,Escolhei Hoje a Quem Sirvais (3/3),narrativo,12,60,planejado
EP-0475,T2 — HISTÓRICOS,Juízes,1,1,12,Juízes 1:1-12,Depois da morte de Josué os filhos de Israel (1/3),narrativo,12,60,planejado
EP-0476,T2 — HISTÓRICOS,Juízes,1,13,24,Juízes 1:13-24,Depois da morte de Josué os filhos de Israel (2/3),narrativo,12,60,planejado
EP-0477,T2 — HISTÓRICOS,Juízes,1,25,36,Juízes 1:25-36,Depois da morte de Josué os filhos de Israel (3/3),narrativo,12,60,planejado
EP-0478,T2 — HISTÓRICOS,Juízes,2,1,12,Juízes 2:1-12,O anjo do Senhor subiu de Gilgal a Boquim (1/2),narrativo,12,60,planejado
EP-0479,T2 — HISTÓRICOS,Juízes,2,13,23,Juízes 2:13-23,O anjo do Senhor subiu de Gilgal a Boquim (2/2),narrativo,12,60,planejado
EP-0480,T2 — HISTÓRICOS,Juízes,3,1,12,Juízes 3:1-12,Estas são as nações que o Senhor deixou ficar (1/3),narrativo,12,60,planejado
EP-0481,T2 — HISTÓRICOS,Juízes,3,13,24,Juízes 3:13-24,Estas são as nações que o Senhor deixou ficar (2/3),narrativo,12,60,planejado
EP-0482,T2 — HISTÓRICOS,Juízes,3,25,31,Juízes 3:25-31,Estas são as nações que o Senhor deixou ficar (3/3),narrativo,12,60,planejado
EP-0483,T2 — HISTÓRICOS,Juízes,4,1,12,Juízes 4:1-12,Mas os filhos de Israel tornaram a fazer o (1/2),narrativo,12,60,planejado
EP-0484,T2 — HISTÓRICOS,Juízes,4,13,24,Juízes 4:13-24,Mas os filhos de Israel tornaram a fazer o (2/2),narrativo,12,60,planejado
EP-0485,T2 — HISTÓRICOS,Juízes,5,1,12,Juízes 5:1-12,"Então cantaram Débora e Baraque, filho de Abinoão, naquele (1/3)",narrativo,12,60,planejado
EP-0486,T2 — HISTÓRICOS,Juízes,5,13,24,Juízes 5:13-24,"Então cantaram Débora e Baraque, filho de Abinoão, naquele (2/3)",narrativo,12,60,planejado
EP-0487,T2 — HISTÓRICOS,Juízes,5,25,32,Juízes 5:25-32,"Então cantaram Débora e Baraque, filho de Abinoão, naquele (3/3)",narrativo,12,60,planejado
EP-0488,T2 — HISTÓRICOS,Juízes,6,1,12,Juízes 6:1-12,Gideão e o Velocino (1/4),narrativo,12,60,planejado
EP-0489,T2 — HISTÓRICOS,Juízes,6,13,24,Juízes 6:13-24,Gideão e o Velocino (2/4),narrativo,12,60,planejado
EP-0490,T2 — HISTÓRICOS,Juízes,6,25,36,Juízes 6:25-36,Gideão e o Velocino (3/4),narrativo,12,60,planejado
EP-0491,T2 — HISTÓRICOS,Juízes,6,37,40,Juízes 6:37-40,Gideão e o Velocino (4/4),narrativo,12,60,planejado
EP-0492,T2 — HISTÓRICOS,Juízes,7,1,12,Juízes 7:1-12,Os Trezentos de Gideão (1/3),narrativo,12,60,planejado
EP-0493,T2 — HISTÓRICOS,Juízes,7,13,24,Juízes 7:13-24,Os Trezentos de Gideão (2/3),narrativo,12,60,planejado
EP-0494,T2 — HISTÓRICOS,Juízes,7,25,25,Juízes 7:25,Os Trezentos de Gideão (3/3),narrativo,12,60,planejado
EP-0495,T2 — HISTÓRICOS,Juízes,8,1,12,Juízes 8:1-12,Então os homens de Efraim lhe disseram: Que é (1/3),narrativo,12,60,planejado
EP-0496,T2 — HISTÓRICOS,Juízes,8,13,24,Juízes 8:13-24,Então os homens de Efraim lhe disseram: Que é (2/3),narrativo,12,60,planejado
EP-0497,T2 — HISTÓRICOS,Juízes,8,25,35,Juízes 8:25-35,Então os homens de Efraim lhe disseram: Que é (3/3),narrativo,12,60,planejado
EP-0498,T2 — HISTÓRICOS,Juízes,9,1,12,Juízes 9:1-12,"Abimeleque, filho de Jerubaal, foi a Siquém, aos irmãos (1/5)",narrativo,12,60,planejado
EP-0499,T2 — HISTÓRICOS,Juízes,9,13,24,Juízes 9:13-24,"Abimeleque, filho de Jerubaal, foi a Siquém, aos irmãos (2/5)",narrativo,12,60,planejado
EP-0500,T2 — HISTÓRICOS,Juízes,9,25,36,Juízes 9:25-36,"Abimeleque, filho de Jerubaal, foi a Siquém, aos irmãos (3/5)",narrativo,12,60,planejado
EP-0501,T2 — HISTÓRICOS,Juízes,9,37,48,Juízes 9:37-48,"Abimeleque, filho de Jerubaal, foi a Siquém, aos irmãos (4/5)",narrativo,12,60,planejado
EP-0502,T2 — HISTÓRICOS,Juízes,9,49,57,Juízes 9:49-57,"Abimeleque, filho de Jerubaal, foi a Siquém, aos irmãos (5/5)",narrativo,12,60,planejado
EP-0503,T2 — HISTÓRICOS,Juízes,10,1,12,Juízes 10:1-12,"Depois de Abimeleque levantou-se, para livrar a Israel, Tola (1/2)",narrativo,12,60,planejado
EP-0504,T2 — HISTÓRICOS,Juízes,10,13,18,Juízes 10:13-18,"Depois de Abimeleque levantou-se, para livrar a Israel, Tola (2/2)",narrativo,12,60,planejado
EP-0505,T2 — HISTÓRICOS,Juízes,11,1,12,Juízes 11:1-12,"Era então Jefté, o gileadita, homem valoroso, porém filho (1/4)",narrativo,12,60,planejado
EP-0506,T2 — HISTÓRICOS,Juízes,11,13,24,Juízes 11:13-24,"Era então Jefté, o gileadita, homem valoroso, porém filho (2/4)",narrativo,12,60,planejado
EP-0507,T2 — HISTÓRICOS,Juízes,11,25,36,Juízes 11:25-36,"Era então Jefté, o gileadita, homem valoroso, porém filho (3/4)",narrativo,12,60,planejado
EP-0508,T2 — HISTÓRICOS,Juízes,11,37,40,Juízes 11:37-40,"Era então Jefté, o gileadita, homem valoroso, porém filho (4/4)",narrativo,12,60,planejado
EP-0509,T2 — HISTÓRICOS,Juízes,12,1,12,Juízes 12:1-12,"Então os homens de Efraim se congregaram, passaram para (1/2)",narrativo,12,60,planejado
EP-0510,T2 — HISTÓRICOS,Juízes,12,13,15,Juízes 12:13-15,"Então os homens de Efraim se congregaram, passaram para (2/2)",narrativo,12,60,planejado
EP-0511,T2 — HISTÓRICOS,Juízes,13,1,12,Juízes 13:1-12,O Nascimento de Sansão (1/3),narrativo,12,60,planejado
EP-0512,T2 — HISTÓRICOS,Juízes,13,13,24,Juízes 13:13-24,O Nascimento de Sansão (2/3),narrativo,12,60,planejado
EP-0513,T2 — HISTÓRICOS,Juízes,13,25,25,Juízes 13:25,O Nascimento de Sansão (3/3),narrativo,12,60,planejado
EP-0514,T2 — HISTÓRICOS,Juízes,14,1,12,Juízes 14:1-12,Desceu Sansão a Timnate; e vendo em Timnate uma (1/2),narrativo,12,60,planejado
EP-0515,T2 — HISTÓRICOS,Juízes,14,13,20,Juízes 14:13-20,Desceu Sansão a Timnate; e vendo em Timnate uma (2/2),narrativo,12,60,planejado
EP-0516,T2 — HISTÓRICOS,Juízes,15,1,12,Juízes 15:1-12,"Alguns dias depois disso, durante a ceifa do trigo (1/2)",narrativo,12,60,planejado
EP-0517,T2 — HISTÓRICOS,Juízes,15,13,20,Juízes 15:13-20,"Alguns dias depois disso, durante a ceifa do trigo (2/2)",narrativo,12,60,planejado
EP-0518,T2 — HISTÓRICOS,Juízes,16,1,12,Juízes 16:1-12,Sansão e Dalila (1/3),narrativo,12,60,planejado
EP-0519,T2 — HISTÓRICOS,Juízes,16,13,24,Juízes 16:13-24,Sansão e Dalila (2/3),narrativo,12,60,planejado
EP-0520,T2 — HISTÓRICOS,Juízes,16,25,31,Juízes 16:25-31,Sansão e Dalila (3/3),narrativo,12,60,planejado
EP-0521,T2 — HISTÓRICOS,Juízes,17,1,12,Juízes 17:1-12,"Havia um homem da região montanhosa de Efraim, cujo (1/2)",narrativo,12,60,planejado
EP-0522,T2 — HISTÓRICOS,Juízes,17,13,13,Juízes 17:13,"Havia um homem da região montanhosa de Efraim, cujo (2/2)",narrativo,12,60,planejado
EP-0523,T2 — HISTÓRICOS,Juízes,18,1,12,Juízes 18:1-12,Naqueles dias não havia rei em Israel; a tribo (1/3),narrativo,12,60,planejado
EP-0524,T2 — HISTÓRICOS,Juízes,18,13,24,Juízes 18:13-24,Naqueles dias não havia rei em Israel; a tribo (2/3),narrativo,12,60,planejado
EP-0525,T2 — HISTÓRICOS,Juízes,18,25,31,Juízes 18:25-31,Naqueles dias não havia rei em Israel; a tribo (3/3),narrativo,12,60,planejado
EP-0526,T2 — HISTÓRICOS,Juízes,19,1,12,Juízes 19:1-12,"Aconteceu também naqueles dias, quando não havia rei em (1/3)",narrativo,12,60,planejado
EP-0527,T2 — HISTÓRICOS,Juízes,19,13,24,Juízes 19:13-24,"Aconteceu também naqueles dias, quando não havia rei em (2/3)",narrativo,12,60,planejado
EP-0528,T2 — HISTÓRICOS,Juízes,19,25,30,Juízes 19:25-30,"Aconteceu também naqueles dias, quando não havia rei em (3/3)",narrativo,12,60,planejado
EP-0529,T2 — HISTÓRICOS,Juízes,20,1,12,Juízes 20:1-12,"Então saíram todos os filhos de Israel, desde Dã (1/4)",narrativo,12,60,planejado
EP-0530,T2 — HISTÓRICOS,Juízes,20,13,24,Juízes 20:13-24,"Então saíram todos os filhos de Israel, desde Dã (2/4)",narrativo,12,60,planejado
EP-0531,T2 — HISTÓRICOS,Juízes,20,25,36,Juízes 20:25-36,"Então saíram todos os filhos de Israel, desde Dã (3/4)",narrativo,12,60,planejado
EP-0532,T2 — HISTÓRICOS,Juízes,20,37,48,Juízes 20:37-48,"Então saíram todos os filhos de Israel, desde Dã (4/4)",narrativo,12,60,planejado
EP-0533,T2 — HISTÓRICOS,Juízes,21,1,12,Juízes 21:1-12,"Ora, os homens de Israel tinham jurado em Mizpá (1/3)",narrativo,12,60,planejado
EP-0534,T2 — HISTÓRICOS,Juízes,21,13,24,Juízes 21:13-24,"Ora, os homens de Israel tinham jurado em Mizpá (2/3)",narrativo,12,60,planejado
EP-0535,T2 — HISTÓRICOS,Juízes,21,25,25,Juízes 21:25,"Ora, os homens de Israel tinham jurado em Mizpá (3/3)",narrativo,12,60,planejado
EP-0536,T2 — HISTÓRICOS,Rute,1,1,12,Rute 1:1-12,Noemi e Rute (1/2),narrativo,12,60,planejado
EP-0537,T2 — HISTÓRICOS,Rute,1,13,22,Rute 1:13-22,Noemi e Rute (2/2),narrativo,12,60,planejado
EP-0538,T2 — HISTÓRICOS,Rute,2,1,12,Rute 2:1-12,"Ora, tinha Noêmi um parente de seu marido, homem (1/2)",narrativo,12,60,planejado
EP-0539,T2 — HISTÓRICOS,Rute,2,13,23,Rute 2:13-23,"Ora, tinha Noêmi um parente de seu marido, homem (2/2)",narrativo,12,60,planejado
EP-0540,T2 — HISTÓRICOS,Rute,3,1,12,Rute 3:1-12,"Depois lhe disse Noêmi, sua sogra: Minha filha, não (1/2)",narrativo,12,60,planejado
EP-0541,T2 — HISTÓRICOS,Rute,3,13,18,Rute 3:13-18,"Depois lhe disse Noêmi, sua sogra: Minha filha, não (2/2)",narrativo,12,60,planejado
EP-0542,T2 — HISTÓRICOS,Rute,4,1,12,Rute 4:1-12,Boaz Resgata Rute (1/2),narrativo,12,60,planejado
EP-0543,T2 — HISTÓRICOS,Rute,4,13,22,Rute 4:13-22,Boaz Resgata Rute (2/2),narrativo,12,60,planejado
EP-0544,T2 — HISTÓRICOS,1 Samuel,1,1,12,1 Samuel 1:1-12,O Nascimento de Samuel (1/3),narrativo,12,60,planejado
EP-0545,T2 — HISTÓRICOS,1 Samuel,1,13,24,1 Samuel 1:13-24,O Nascimento de Samuel (2/3),narrativo,12,60,planejado
EP-0546,T2 — HISTÓRICOS,1 Samuel,1,25,28,1 Samuel 1:25-28,O Nascimento de Samuel (3/3),narrativo,12,60,planejado
EP-0547,T2 — HISTÓRICOS,1 Samuel,2,1,12,1 Samuel 2:1-12,"Então Ana orou, dizendo: O meu coração exulta no (1/3)",narrativo,12,60,planejado
EP-0548,T2 — HISTÓRICOS,1 Samuel,2,13,24,1 Samuel 2:13-24,"Então Ana orou, dizendo: O meu coração exulta no (2/3)",narrativo,12,60,planejado
EP-0549,T2 — HISTÓRICOS,1 Samuel,2,25,36,1 Samuel 2:25-36,"Então Ana orou, dizendo: O meu coração exulta no (3/3)",narrativo,12,60,planejado
EP-0550,T2 — HISTÓRICOS,1 Samuel,3,1,12,1 Samuel 3:1-12,"Fala, SENHOR, o Teu Servo Ouve (1/2)",narrativo,12,60,planejado
EP-0551,T2 — HISTÓRICOS,1 Samuel,3,13,21,1 Samuel 3:13-21,"Fala, SENHOR, o Teu Servo Ouve (2/2)",narrativo,12,60,planejado
EP-0552,T2 — HISTÓRICOS,1 Samuel,4,1,12,1 Samuel 4:1-12,"Ora, saiu Israel à batalha contra os filisteus, e (1/2)",narrativo,12,60,planejado
EP-0553,T2 — HISTÓRICOS,1 Samuel,4,13,22,1 Samuel 4:13-22,"Ora, saiu Israel à batalha contra os filisteus, e (2/2)",narrativo,12,60,planejado
EP-0554,T2 — HISTÓRICOS,1 Samuel,5,1,12,1 Samuel 5:1-12,"Os filisteus, pois, tomaram a arca de Deus, e",narrativo,12,60,planejado
EP-0555,T2 — HISTÓRICOS,1 Samuel,6,1,12,1 Samuel 6:1-12,A arca do Senhor ficou na terra dos filisteus (1/2),narrativo,12,60,planejado
EP-0556,T2 — HISTÓRICOS,1 Samuel,6,13,21,1 Samuel 6:13-21,A arca do Senhor ficou na terra dos filisteus (2/2),narrativo,12,60,planejado
EP-0557,T2 — HISTÓRICOS,1 Samuel,7,1,12,1 Samuel 7:1-12,"Vieram, pois, os homens de Quiriate-Jearim, tomaram a arca (1/2)",narrativo,12,60,planejado
EP-0558,T2 — HISTÓRICOS,1 Samuel,7,13,17,1 Samuel 7:13-17,"Vieram, pois, os homens de Quiriate-Jearim, tomaram a arca (2/2)",narrativo,12,60,planejado
EP-0559,T2 — HISTÓRICOS,1 Samuel,8,1,12,1 Samuel 8:1-12,"Ora, havendo Samuel envelhecido, constituiu a seus filhos por (1/2)",narrativo,12,60,planejado
EP-0560,T2 — HISTÓRICOS,1 Samuel,8,13,22,1 Samuel 8:13-22,"Ora, havendo Samuel envelhecido, constituiu a seus filhos por (2/2)",narrativo,12,60,planejado
EP-0561,T2 — HISTÓRICOS,1 Samuel,9,1,12,1 Samuel 9:1-12,"Ora, havia um homem de Benjamim, cujo nome era (1/3)",narrativo,12,60,planejado
EP-0562,T2 — HISTÓRICOS,1 Samuel,9,13,24,1 Samuel 9:13-24,"Ora, havia um homem de Benjamim, cujo nome era (2/3)",narrativo,12,60,planejado
EP-0563,T2 — HISTÓRICOS,1 Samuel,9,25,27,1 Samuel 9:25-27,"Ora, havia um homem de Benjamim, cujo nome era (3/3)",narrativo,12,60,planejado
EP-0564,T2 — HISTÓRICOS,1 Samuel,10,1,12,1 Samuel 10:1-12,"Então Samuel tomou um vaso de azeite, e o (1/3)",narrativo,12,60,planejado
EP-0565,T2 — HISTÓRICOS,1 Samuel,10,13,24,1 Samuel 10:13-24,"Então Samuel tomou um vaso de azeite, e o (2/3)",narrativo,12,60,planejado
EP-0566,T2 — HISTÓRICOS,1 Samuel,10,25,27,1 Samuel 10:25-27,"Então Samuel tomou um vaso de azeite, e o (3/3)",narrativo,12,60,planejado
EP-0567,T2 — HISTÓRICOS,1 Samuel,11,1,12,1 Samuel 11:1-12,"Então subiu Naás, o amonita, e sitiou a Jabes-Gileade (1/2)",narrativo,12,60,planejado
EP-0568,T2 — HISTÓRICOS,1 Samuel,11,13,15,1 Samuel 11:13-15,"Então subiu Naás, o amonita, e sitiou a Jabes-Gileade (2/2)",narrativo,12,60,planejado
EP-0569,T2 — HISTÓRICOS,1 Samuel,12,1,12,1 Samuel 12:1-12,Então disse Samuel a todo o Israel: Eis que (1/3),narrativo,12,60,planejado
EP-0570,T2 — HISTÓRICOS,1 Samuel,12,13,24,1 Samuel 12:13-24,Então disse Samuel a todo o Israel: Eis que (2/3),narrativo,12,60,planejado
EP-0571,T2 — HISTÓRICOS,1 Samuel,12,25,25,1 Samuel 12:25,Então disse Samuel a todo o Israel: Eis que (3/3),narrativo,12,60,planejado
EP-0572,T2 — HISTÓRICOS,1 Samuel,13,1,12,1 Samuel 13:1-12,Um ano reinara Saul em Israel. No segundo ano (1/2),narrativo,12,60,planejado
EP-0573,T2 — HISTÓRICOS,1 Samuel,13,13,23,1 Samuel 13:13-23,Um ano reinara Saul em Israel. No segundo ano (2/2),narrativo,12,60,planejado
EP-0574,T2 — HISTÓRICOS,1 Samuel,14,1,12,1 Samuel 14:1-12,"Sucedeu, pois, um dia, que Jônatas, filho de Saul (1/5)",narrativo,12,60,planejado
EP-0575,T2 — HISTÓRICOS,1 Samuel,14,13,24,1 Samuel 14:13-24,"Sucedeu, pois, um dia, que Jônatas, filho de Saul (2/5)",narrativo,12,60,planejado
EP-0576,T2 — HISTÓRICOS,1 Samuel,14,25,36,1 Samuel 14:25-36,"Sucedeu, pois, um dia, que Jônatas, filho de Saul (3/5)",narrativo,12,60,planejado
EP-0577,T2 — HISTÓRICOS,1 Samuel,14,37,48,1 Samuel 14:37-48,"Sucedeu, pois, um dia, que Jônatas, filho de Saul (4/5)",narrativo,12,60,planejado
EP-0578,T2 — HISTÓRICOS,1 Samuel,14,49,52,1 Samuel 14:49-52,"Sucedeu, pois, um dia, que Jônatas, filho de Saul (5/5)",narrativo,12,60,planejado
EP-0579,T2 — HISTÓRICOS,1 Samuel,15,1,12,1 Samuel 15:1-12,Disse Samuel a Saul: Enviou-me o Senhor a ungir-te (1/3),narrativo,12,60,planejado
EP-0580,T2 — HISTÓRICOS,1 Samuel,15,13,24,1 Samuel 15:13-24,Disse Samuel a Saul: Enviou-me o Senhor a ungir-te (2/3),narrativo,12,60,planejado
EP-0581,T2 — HISTÓRICOS,1 Samuel,15,25,35,1 Samuel 15:25-35,Disse Samuel a Saul: Enviou-me o Senhor a ungir-te (3/3),narrativo,12,60,planejado
EP-0582,T2 — HISTÓRICOS,1 Samuel,16,1,12,1 Samuel 16:1-12,Davi É Ungido (1/2),narrativo,12,60,planejado
EP-0583,T2 — HISTÓRICOS,1 Samuel,16,13,23,1 Samuel 16:13-23,Davi É Ungido (2/2),narrativo,12,60,planejado
EP-0584,T2 — HISTÓRICOS,1 Samuel,17,1,12,1 Samuel 17:1-12,Davi e Golias (1/5),narrativo,12,60,planejado
EP-0585,T2 — HISTÓRICOS,1 Samuel,17,13,24,1 Samuel 17:13-24,Davi e Golias (2/5),narrativo,12,60,planejado
EP-0586,T2 — HISTÓRICOS,1 Samuel,17,25,36,1 Samuel 17:25-36,Davi e Golias (3/5),narrativo,12,60,planejado
EP-0587,T2 — HISTÓRICOS,1 Samuel,17,37,48,1 Samuel 17:37-48,Davi e Golias (4/5),narrativo,12,60,planejado
EP-0588,T2 — HISTÓRICOS,1 Samuel,17,49,58,1 Samuel 17:49-58,Davi e Golias (5/5),narrativo,12,60,planejado
EP-0589,T2 — HISTÓRICOS,1 Samuel,18,1,12,1 Samuel 18:1-12,"Ora, acabando Davi de falar com Saul, a alma (1/3)",narrativo,12,60,planejado
EP-0590,T2 — HISTÓRICOS,1 Samuel,18,13,24,1 Samuel 18:13-24,"Ora, acabando Davi de falar com Saul, a alma (2/3)",narrativo,12,60,planejado
EP-0591,T2 — HISTÓRICOS,1 Samuel,18,25,30,1 Samuel 18:25-30,"Ora, acabando Davi de falar com Saul, a alma (3/3)",narrativo,12,60,planejado
EP-0592,T2 — HISTÓRICOS,1 Samuel,19,1,12,1 Samuel 19:1-12,"Falou, pois, Saul a Jônatas, seu filho, e a (1/2)",narrativo,12,60,planejado
EP-0593,T2 — HISTÓRICOS,1 Samuel,19,13,24,1 Samuel 19:13-24,"Falou, pois, Saul a Jônatas, seu filho, e a (2/2)",narrativo,12,60,planejado
EP-0594,T2 — HISTÓRICOS,1 Samuel,20,1,12,1 Samuel 20:1-12,"Então fugiu Davi de Naiote, em Ramá, veio ter (1/4)",narrativo,12,60,planejado
EP-0595,T2 — HISTÓRICOS,1 Samuel,20,13,24,1 Samuel 20:13-24,"Então fugiu Davi de Naiote, em Ramá, veio ter (2/4)",narrativo,12,60,planejado
EP-0596,T2 — HISTÓRICOS,1 Samuel,20,25,36,1 Samuel 20:25-36,"Então fugiu Davi de Naiote, em Ramá, veio ter (3/4)",narrativo,12,60,planejado
EP-0597,T2 — HISTÓRICOS,1 Samuel,20,37,43,1 Samuel 20:37-43,"Então fugiu Davi de Naiote, em Ramá, veio ter (4/4)",narrativo,12,60,planejado
EP-0598,T2 — HISTÓRICOS,1 Samuel,21,1,12,1 Samuel 21:1-12,"Então veio Davi a Nobe, ao sacerdote Aimeleque, o (1/2)",narrativo,12,60,planejado
EP-0599,T2 — HISTÓRICOS,1 Samuel,21,13,16,1 Samuel 21:13-16,"Então veio Davi a Nobe, ao sacerdote Aimeleque, o (2/2)",narrativo,12,60,planejado
EP-0600,T2 — HISTÓRICOS,1 Samuel,22,1,12,1 Samuel 22:1-12,"Depois Davi, retirando-se desse lugar, escapou para a caverna (1/2)",narrativo,12,60,planejado
EP-0601,T2 — HISTÓRICOS,1 Samuel,22,13,23,1 Samuel 22:13-23,"Depois Davi, retirando-se desse lugar, escapou para a caverna (2/2)",narrativo,12,60,planejado
EP-0602,T2 — HISTÓRICOS,1 Samuel,23,1,12,1 Samuel 23:1-12,"Ora, foi anunciado a Davi: Eis que os filisteus (1/3)",narrativo,12,60,planejado
EP-0603,T2 — HISTÓRICOS,1 Samuel,23,13,24,1 Samuel 23:13-24,"Ora, foi anunciado a Davi: Eis que os filisteus (2/3)",narrativo,12,60,planejado
EP-0604,T2 — HISTÓRICOS,1 Samuel,23,25,29,1 Samuel 23:25-29,"Ora, foi anunciado a Davi: Eis que os filisteus (3/3)",narrativo,12,60,planejado
EP-0605,T2 — HISTÓRICOS,1 Samuel,24,1,12,1 Samuel 24:1-12,"Ora, quando Saul voltou de perseguir os filisteus, foi-lhe (1/2)",narrativo,12,60,planejado
EP-0606,T2 — HISTÓRICOS,1 Samuel,24,13,23,1 Samuel 24:13-23,"Ora, quando Saul voltou de perseguir os filisteus, foi-lhe (2/2)",narrativo,12,60,planejado
EP-0607,T2 — HISTÓRICOS,1 Samuel,25,1,12,1 Samuel 25:1-12,"Ora, faleceu Samuel; e todo o Israel se ajuntou (1/4)",narrativo,12,60,planejado
EP-0608,T2 — HISTÓRICOS,1 Samuel,25,13,24,1 Samuel 25:13-24,"Ora, faleceu Samuel; e todo o Israel se ajuntou (2/4)",narrativo,12,60,planejado
EP-0609,T2 — HISTÓRICOS,1 Samuel,25,25,36,1 Samuel 25:25-36,"Ora, faleceu Samuel; e todo o Israel se ajuntou (3/4)",narrativo,12,60,planejado
EP-0610,T2 — HISTÓRICOS,1 Samuel,25,37,44,1 Samuel 25:37-44,"Ora, faleceu Samuel; e todo o Israel se ajuntou (4/4)",narrativo,12,60,planejado
EP-0611,T2 — HISTÓRICOS,1 Samuel,26,1,12,1 Samuel 26:1-12,"Ora, vieram os zifeus a Saul, a Gibeá, dizendo (1/3)",narrativo,12,60,planejado
EP-0612,T2 — HISTÓRICOS,1 Samuel,26,13,24,1 Samuel 26:13-24,"Ora, vieram os zifeus a Saul, a Gibeá, dizendo (2/3)",narrativo,12,60,planejado
EP-0613,T2 — HISTÓRICOS,1 Samuel,26,25,25,1 Samuel 26:25,"Ora, vieram os zifeus a Saul, a Gibeá, dizendo (3/3)",narrativo,12,60,planejado
EP-0614,T2 — HISTÓRICOS,1 Samuel,27,1,12,1 Samuel 27:1-12,"Disse, porém, Davi no seu coração: Ora, perecerei ainda",narrativo,12,60,planejado
EP-0615,T2 — HISTÓRICOS,1 Samuel,28,1,12,1 Samuel 28:1-12,Naqueles dias ajuntaram os filisteus os seus exércitos para (1/3),narrativo,12,60,planejado
EP-0616,T2 — HISTÓRICOS,1 Samuel,28,13,24,1 Samuel 28:13-24,Naqueles dias ajuntaram os filisteus os seus exércitos para (2/3),narrativo,12,60,planejado
EP-0617,T2 — HISTÓRICOS,1 Samuel,28,25,25,1 Samuel 28:25,Naqueles dias ajuntaram os filisteus os seus exércitos para (3/3),narrativo,12,60,planejado
EP-0618,T2 — HISTÓRICOS,1 Samuel,29,1,11,1 Samuel 29:1-11,Os filisteus ajuntaram todos os seus exércitos em Afeque,narrativo,12,60,planejado
EP-0619,T2 — HISTÓRICOS,1 Samuel,30,1,12,1 Samuel 30:1-12,"Sucedeu, pois, que, chegando Davi e os seus homens (1/3)",narrativo,12,60,planejado
EP-0620,T2 — HISTÓRICOS,1 Samuel,30,13,24,1 Samuel 30:13-24,"Sucedeu, pois, que, chegando Davi e os seus homens (2/3)",narrativo,12,60,planejado
EP-0621,T2 — HISTÓRICOS,1 Samuel,30,25,31,1 Samuel 30:25-31,"Sucedeu, pois, que, chegando Davi e os seus homens (3/3)",narrativo,12,60,planejado
EP-0622,T2 — HISTÓRICOS,1 Samuel,31,1,12,1 Samuel 31:1-12,"Ora, os filisteus pelejaram contra Israel; e os homens (1/2)",narrativo,12,60,planejado
EP-0623,T2 — HISTÓRICOS,1 Samuel,31,13,13,1 Samuel 31:13,"Ora, os filisteus pelejaram contra Israel; e os homens (2/2)",narrativo,12,60,planejado
EP-0624,T2 — HISTÓRICOS,2 Samuel,1,1,12,2 Samuel 1:1-12,"Depois da morte de Saul, tendo Davi voltado da (1/3)",narrativo,12,60,planejado
EP-0625,T2 — HISTÓRICOS,2 Samuel,1,13,24,2 Samuel 1:13-24,"Depois da morte de Saul, tendo Davi voltado da (2/3)",narrativo,12,60,planejado
EP-0626,T2 — HISTÓRICOS,2 Samuel,1,25,27,2 Samuel 1:25-27,"Depois da morte de Saul, tendo Davi voltado da (3/3)",narrativo,12,60,planejado
EP-0627,T2 — HISTÓRICOS,2 Samuel,2,1,12,2 Samuel 2:1-12,"Sucedeu depois disto que Davi consultou ao Senhor, dizendo (1/3)",narrativo,12,60,planejado
EP-0628,T2 — HISTÓRICOS,2 Samuel,2,13,24,2 Samuel 2:13-24,"Sucedeu depois disto que Davi consultou ao Senhor, dizendo (2/3)",narrativo,12,60,planejado
EP-0629,T2 — HISTÓRICOS,2 Samuel,2,25,32,2 Samuel 2:25-32,"Sucedeu depois disto que Davi consultou ao Senhor, dizendo (3/3)",narrativo,12,60,planejado
EP-0630,T2 — HISTÓRICOS,2 Samuel,3,1,12,2 Samuel 3:1-12,"Ora, houve uma longa guerra entre a casa de (1/4)",narrativo,12,60,planejado
EP-0631,T2 — HISTÓRICOS,2 Samuel,3,13,24,2 Samuel 3:13-24,"Ora, houve uma longa guerra entre a casa de (2/4)",narrativo,12,60,planejado
EP-0632,T2 — HISTÓRICOS,2 Samuel,3,25,36,2 Samuel 3:25-36,"Ora, houve uma longa guerra entre a casa de (3/4)",narrativo,12,60,planejado
EP-0633,T2 — HISTÓRICOS,2 Samuel,3,37,39,2 Samuel 3:37-39,"Ora, houve uma longa guerra entre a casa de (4/4)",narrativo,12,60,planejado
EP-0634,T2 — HISTÓRICOS,2 Samuel,4,1,12,2 Samuel 4:1-12,"Quando Is-Bosete, filho de Saul, soube que Abner morrera",narrativo,12,60,planejado
EP-0635,T2 — HISTÓRICOS,2 Samuel,5,1,12,2 Samuel 5:1-12,Então todas as tribos de Israel vieram a Davi (1/3),narrativo,12,60,planejado
EP-0636,T2 — HISTÓRICOS,2 Samuel,5,13,24,2 Samuel 5:13-24,Então todas as tribos de Israel vieram a Davi (2/3),narrativo,12,60,planejado
EP-0637,T2 — HISTÓRICOS,2 Samuel,5,25,25,2 Samuel 5:25,Então todas as tribos de Israel vieram a Davi (3/3),narrativo,12,60,planejado
EP-0638,T2 — HISTÓRICOS,2 Samuel,6,1,12,2 Samuel 6:1-12,Tornou Davi a ajuntar todos os escolhidos de Israel (1/2),narrativo,12,60,planejado
EP-0639,T2 — HISTÓRICOS,2 Samuel,6,13,23,2 Samuel 6:13-23,Tornou Davi a ajuntar todos os escolhidos de Israel (2/2),narrativo,12,60,planejado
EP-0640,T2 — HISTÓRICOS,2 Samuel,7,1,12,2 Samuel 7:1-12,A Promessa a Davi (1/3),narrativo,12,60,planejado
EP-0641,T2 — HISTÓRICOS,2 Samuel,7,13,24,2 Samuel 7:13-24,A Promessa a Davi (2/3),narrativo,12,60,planejado
EP-0642,T2 — HISTÓRICOS,2 Samuel,7,25,29,2 Samuel 7:25-29,A Promessa a Davi (3/3),narrativo,12,60,planejado
EP-0643,T2 — HISTÓRICOS,2 Samuel,8,1,12,2 Samuel 8:1-12,"Sucedeu depois disso que Davi derrotou os filisteus, e (1/2)",narrativo,12,60,planejado
EP-0644,T2 — HISTÓRICOS,2 Samuel,8,13,18,2 Samuel 8:13-18,"Sucedeu depois disso que Davi derrotou os filisteus, e (2/2)",narrativo,12,60,planejado
EP-0645,T2 — HISTÓRICOS,2 Samuel,9,1,12,2 Samuel 9:1-12,Disse Davi: Resta ainda alguém da casa de Saul (1/2),narrativo,12,60,planejado
EP-0646,T2 — HISTÓRICOS,2 Samuel,9,13,13,2 Samuel 9:13,Disse Davi: Resta ainda alguém da casa de Saul (2/2),narrativo,12,60,planejado
EP-0647,T2 — HISTÓRICOS,2 Samuel,10,1,12,2 Samuel 10:1-12,"Depois disto morreu o rei dos amonitas, e seu (1/2)",narrativo,12,60,planejado
EP-0648,T2 — HISTÓRICOS,2 Samuel,10,13,19,2 Samuel 10:13-19,"Depois disto morreu o rei dos amonitas, e seu (2/2)",narrativo,12,60,planejado
EP-0649,T2 — HISTÓRICOS,2 Samuel,11,1,12,2 Samuel 11:1-12,Davi e Bate-Seba (1/3),narrativo,12,60,planejado
EP-0650,T2 — HISTÓRICOS,2 Samuel,11,13,24,2 Samuel 11:13-24,Davi e Bate-Seba (2/3),narrativo,12,60,planejado
EP-0651,T2 — HISTÓRICOS,2 Samuel,11,25,27,2 Samuel 11:25-27,Davi e Bate-Seba (3/3),narrativo,12,60,planejado
EP-0652,T2 — HISTÓRICOS,2 Samuel,12,1,12,2 Samuel 12:1-12,Natã e a Parábola da Ovelhinha (1/3),narrativo,12,60,planejado
EP-0653,T2 — HISTÓRICOS,2 Samuel,12,13,24,2 Samuel 12:13-24,Natã e a Parábola da Ovelhinha (2/3),narrativo,12,60,planejado
EP-0654,T2 — HISTÓRICOS,2 Samuel,12,25,31,2 Samuel 12:25-31,Natã e a Parábola da Ovelhinha (3/3),narrativo,12,60,planejado
EP-0655,T2 — HISTÓRICOS,2 Samuel,13,1,12,2 Samuel 13:1-12,"Ora, Absalão, filho de Davi, tinha uma irmã formosa (1/4)",narrativo,12,60,planejado
EP-0656,T2 — HISTÓRICOS,2 Samuel,13,13,24,2 Samuel 13:13-24,"Ora, Absalão, filho de Davi, tinha uma irmã formosa (2/4)",narrativo,12,60,planejado
EP-0657,T2 — HISTÓRICOS,2 Samuel,13,25,36,2 Samuel 13:25-36,"Ora, Absalão, filho de Davi, tinha uma irmã formosa (3/4)",narrativo,12,60,planejado
EP-0658,T2 — HISTÓRICOS,2 Samuel,13,37,39,2 Samuel 13:37-39,"Ora, Absalão, filho de Davi, tinha uma irmã formosa (4/4)",narrativo,12,60,planejado
EP-0659,T2 — HISTÓRICOS,2 Samuel,14,1,12,2 Samuel 14:1-12,"Percebendo Joabe, filho de Zeruia, que o coração do (1/3)",narrativo,12,60,planejado
EP-0660,T2 — HISTÓRICOS,2 Samuel,14,13,24,2 Samuel 14:13-24,"Percebendo Joabe, filho de Zeruia, que o coração do (2/3)",narrativo,12,60,planejado
EP-0661,T2 — HISTÓRICOS,2 Samuel,14,25,33,2 Samuel 14:25-33,"Percebendo Joabe, filho de Zeruia, que o coração do (3/3)",narrativo,12,60,planejado
EP-0662,T2 — HISTÓRICOS,2 Samuel,15,1,12,2 Samuel 15:1-12,Aconteceu depois disso que Absalão adquiriu para si um (1/4),narrativo,12,60,planejado
EP-0663,T2 — HISTÓRICOS,2 Samuel,15,13,24,2 Samuel 15:13-24,Aconteceu depois disso que Absalão adquiriu para si um (2/4),narrativo,12,60,planejado
EP-0664,T2 — HISTÓRICOS,2 Samuel,15,25,36,2 Samuel 15:25-36,Aconteceu depois disso que Absalão adquiriu para si um (3/4),narrativo,12,60,planejado
EP-0665,T2 — HISTÓRICOS,2 Samuel,15,37,37,2 Samuel 15:37,Aconteceu depois disso que Absalão adquiriu para si um (4/4),narrativo,12,60,planejado
EP-0666,T2 — HISTÓRICOS,2 Samuel,16,1,12,2 Samuel 16:1-12,"Tendo Davi passado um pouco além do cume, eis (1/2)",narrativo,12,60,planejado
EP-0667,T2 — HISTÓRICOS,2 Samuel,16,13,23,2 Samuel 16:13-23,"Tendo Davi passado um pouco além do cume, eis (2/2)",narrativo,12,60,planejado
EP-0668,T2 — HISTÓRICOS,2 Samuel,17,1,12,2 Samuel 17:1-12,Disse mais Aitofel a Absalão: Deixa-me escolher doze mil (1/3),narrativo,12,60,planejado
EP-0669,T2 — HISTÓRICOS,2 Samuel,17,13,24,2 Samuel 17:13-24,Disse mais Aitofel a Absalão: Deixa-me escolher doze mil (2/3),narrativo,12,60,planejado
EP-0670,T2 — HISTÓRICOS,2 Samuel,17,25,29,2 Samuel 17:25-29,Disse mais Aitofel a Absalão: Deixa-me escolher doze mil (3/3),narrativo,12,60,planejado
EP-0671,T2 — HISTÓRICOS,2 Samuel,18,1,12,2 Samuel 18:1-12,"Então Davi contou o povo que tinha consigo, e (1/3)",narrativo,12,60,planejado
EP-0672,T2 — HISTÓRICOS,2 Samuel,18,13,24,2 Samuel 18:13-24,"Então Davi contou o povo que tinha consigo, e (2/3)",narrativo,12,60,planejado
EP-0673,T2 — HISTÓRICOS,2 Samuel,18,25,33,2 Samuel 18:25-33,"Então Davi contou o povo que tinha consigo, e (3/3)",narrativo,12,60,planejado
EP-0674,T2 — HISTÓRICOS,2 Samuel,19,1,12,2 Samuel 19:1-12,Disseram a Joabe: Eis que o rei está chorando (1/4),narrativo,12,60,planejado
EP-0675,T2 — HISTÓRICOS,2 Samuel,19,13,24,2 Samuel 19:13-24,Disseram a Joabe: Eis que o rei está chorando (2/4),narrativo,12,60,planejado
EP-0676,T2 — HISTÓRICOS,2 Samuel,19,25,36,2 Samuel 19:25-36,Disseram a Joabe: Eis que o rei está chorando (3/4),narrativo,12,60,planejado
EP-0677,T2 — HISTÓRICOS,2 Samuel,19,37,44,2 Samuel 19:37-44,Disseram a Joabe: Eis que o rei está chorando (4/4),narrativo,12,60,planejado
EP-0678,T2 — HISTÓRICOS,2 Samuel,20,1,12,2 Samuel 20:1-12,"Ora, sucedeu achar-se ali um homem de Belial, cujo (1/3)",narrativo,12,60,planejado
EP-0679,T2 — HISTÓRICOS,2 Samuel,20,13,24,2 Samuel 20:13-24,"Ora, sucedeu achar-se ali um homem de Belial, cujo (2/3)",narrativo,12,60,planejado
EP-0680,T2 — HISTÓRICOS,2 Samuel,20,25,26,2 Samuel 20:25-26,"Ora, sucedeu achar-se ali um homem de Belial, cujo (3/3)",narrativo,12,60,planejado
EP-0681,T2 — HISTÓRICOS,2 Samuel,21,1,12,2 Samuel 21:1-12,Nos dias de Davi houve uma fome de três (1/2),narrativo,12,60,planejado
EP-0682,T2 — HISTÓRICOS,2 Samuel,21,13,22,2 Samuel 21:13-22,Nos dias de Davi houve uma fome de três (2/2),narrativo,12,60,planejado
EP-0683,T2 — HISTÓRICOS,2 Samuel,22,1,6,2 Samuel 22:1-6,"Davi dirigiu ao Senhor as palavras deste cântico, no (1/9)",poetico,12,60,planejado
EP-0684,T2 — HISTÓRICOS,2 Samuel,22,7,12,2 Samuel 22:7-12,"Davi dirigiu ao Senhor as palavras deste cântico, no (2/9)",poetico,12,60,planejado
EP-0685,T2 — HISTÓRICOS,2 Samuel,22,13,18,2 Samuel 22:13-18,"Davi dirigiu ao Senhor as palavras deste cântico, no (3/9)",poetico,12,60,planejado
EP-0686,T2 — HISTÓRICOS,2 Samuel,22,19,24,2 Samuel 22:19-24,"Davi dirigiu ao Senhor as palavras deste cântico, no (4/9)",poetico,12,60,planejado
EP-0687,T2 — HISTÓRICOS,2 Samuel,22,25,30,2 Samuel 22:25-30,"Davi dirigiu ao Senhor as palavras deste cântico, no (5/9)",poetico,12,60,planejado
EP-0688,T2 — HISTÓRICOS,2 Samuel,22,31,36,2 Samuel 22:31-36,"Davi dirigiu ao Senhor as palavras deste cântico, no (6/9)",poetico,12,60,planejado
EP-0689,T2 — HISTÓRICOS,2 Samuel,22,37,42,2 Samuel 22:37-42,"Davi dirigiu ao Senhor as palavras deste cântico, no (7/9)",poetico,12,60,planejado
EP-0690,T2 — HISTÓRICOS,2 Samuel,22,43,48,2 Samuel 22:43-48,"Davi dirigiu ao Senhor as palavras deste cântico, no (8/9)",poetico,12,60,planejado
EP-0691,T2 — HISTÓRICOS,2 Samuel,22,49,51,2 Samuel 22:49-51,"Davi dirigiu ao Senhor as palavras deste cântico, no (9/9)",poetico,12,60,planejado
EP-0692,T2 — HISTÓRICOS,2 Samuel,23,1,6,2 Samuel 23:1-6,São estas as últimas palavras de Davi: Diz Davi (1/7),poetico,12,60,planejado
EP-0693,T2 — HISTÓRICOS,2 Samuel,23,7,12,2 Samuel 23:7-12,São estas as últimas palavras de Davi: Diz Davi (2/7),poetico,12,60,planejado
EP-0694,T2 — HISTÓRICOS,2 Samuel,23,13,18,2 Samuel 23:13-18,São estas as últimas palavras de Davi: Diz Davi (3/7),poetico,12,60,planejado
EP-0695,T2 — HISTÓRICOS,2 Samuel,23,19,24,2 Samuel 23:19-24,São estas as últimas palavras de Davi: Diz Davi (4/7),poetico,12,60,planejado
EP-0696,T2 — HISTÓRICOS,2 Samuel,23,25,30,2 Samuel 23:25-30,São estas as últimas palavras de Davi: Diz Davi (5/7),poetico,12,60,planejado
EP-0697,T2 — HISTÓRICOS,2 Samuel,23,31,36,2 Samuel 23:31-36,São estas as últimas palavras de Davi: Diz Davi (6/7),poetico,12,60,planejado
EP-0698,T2 — HISTÓRICOS,2 Samuel,23,37,39,2 Samuel 23:37-39,São estas as últimas palavras de Davi: Diz Davi (7/7),poetico,12,60,planejado
EP-0699,T2 — HISTÓRICOS,2 Samuel,24,1,12,2 Samuel 24:1-12,A ira do Senhor tornou a acender-se contra Israel (1/3),narrativo,12,60,planejado
EP-0700,T2 — HISTÓRICOS,2 Samuel,24,13,24,2 Samuel 24:13-24,A ira do Senhor tornou a acender-se contra Israel (2/3),narrativo,12,60,planejado
EP-0701,T2 — HISTÓRICOS,2 Samuel,24,25,25,2 Samuel 24:25,A ira do Senhor tornou a acender-se contra Israel (3/3),narrativo,12,60,planejado
EP-0702,T2 — HISTÓRICOS,1 Reis,1,1,12,1 Reis 1:1-12,"Ora, o rei Davi era já velho, de idade (1/5)",narrativo,12,60,planejado
EP-0703,T2 — HISTÓRICOS,1 Reis,1,13,24,1 Reis 1:13-24,"Ora, o rei Davi era já velho, de idade (2/5)",narrativo,12,60,planejado
EP-0704,T2 — HISTÓRICOS,1 Reis,1,25,36,1 Reis 1:25-36,"Ora, o rei Davi era já velho, de idade (3/5)",narrativo,12,60,planejado
EP-0705,T2 — HISTÓRICOS,1 Reis,1,37,48,1 Reis 1:37-48,"Ora, o rei Davi era já velho, de idade (4/5)",narrativo,12,60,planejado
EP-0706,T2 — HISTÓRICOS,1 Reis,1,49,53,1 Reis 1:49-53,"Ora, o rei Davi era já velho, de idade (5/5)",narrativo,12,60,planejado
EP-0707,T2 — HISTÓRICOS,1 Reis,2,1,12,1 Reis 2:1-12,"Ora, aproximando-se o dia da morte de Davi, deu (1/4)",narrativo,12,60,planejado
EP-0708,T2 — HISTÓRICOS,1 Reis,2,13,24,1 Reis 2:13-24,"Ora, aproximando-se o dia da morte de Davi, deu (2/4)",narrativo,12,60,planejado
EP-0709,T2 — HISTÓRICOS,1 Reis,2,25,36,1 Reis 2:25-36,"Ora, aproximando-se o dia da morte de Davi, deu (3/4)",narrativo,12,60,planejado
EP-0710,T2 — HISTÓRICOS,1 Reis,2,37,46,1 Reis 2:37-46,"Ora, aproximando-se o dia da morte de Davi, deu (4/4)",narrativo,12,60,planejado
EP-0711,T2 — HISTÓRICOS,1 Reis,3,1,12,1 Reis 3:1-12,O Pedido de Sabedoria (1/3),narrativo,12,60,planejado
EP-0712,T2 — HISTÓRICOS,1 Reis,3,13,24,1 Reis 3:13-24,O Pedido de Sabedoria (2/3),narrativo,12,60,planejado
EP-0713,T2 — HISTÓRICOS,1 Reis,3,25,28,1 Reis 3:25-28,O Pedido de Sabedoria (3/3),narrativo,12,60,planejado
EP-0714,T2 — HISTÓRICOS,1 Reis,4,1,12,1 Reis 4:1-12,Assim foi Salomão rei sobre todo o Israel (1/3),narrativo,12,60,planejado
EP-0715,T2 — HISTÓRICOS,1 Reis,4,13,24,1 Reis 4:13-24,Assim foi Salomão rei sobre todo o Israel (2/3),narrativo,12,60,planejado
EP-0716,T2 — HISTÓRICOS,1 Reis,4,25,34,1 Reis 4:25-34,Assim foi Salomão rei sobre todo o Israel (3/3),narrativo,12,60,planejado
EP-0717,T2 — HISTÓRICOS,1 Reis,5,1,12,1 Reis 5:1-12,"Hirão, rei de Tiro, enviou os seus servos a (1/3)",narrativo,12,60,planejado
EP-0718,T2 — HISTÓRICOS,1 Reis,5,13,24,1 Reis 5:13-24,"Hirão, rei de Tiro, enviou os seus servos a (2/3)",narrativo,12,60,planejado
EP-0719,T2 — HISTÓRICOS,1 Reis,5,25,32,1 Reis 5:25-32,"Hirão, rei de Tiro, enviou os seus servos a (3/3)",narrativo,12,60,planejado
EP-0720,T2 — HISTÓRICOS,1 Reis,6,1,12,1 Reis 6:1-12,"Sucedeu, pois, que no ano quatrocentos e oitenta depois (1/4)",narrativo,12,60,planejado
EP-0721,T2 — HISTÓRICOS,1 Reis,6,13,24,1 Reis 6:13-24,"Sucedeu, pois, que no ano quatrocentos e oitenta depois (2/4)",narrativo,12,60,planejado
EP-0722,T2 — HISTÓRICOS,1 Reis,6,25,36,1 Reis 6:25-36,"Sucedeu, pois, que no ano quatrocentos e oitenta depois (3/4)",narrativo,12,60,planejado
EP-0723,T2 — HISTÓRICOS,1 Reis,6,37,38,1 Reis 6:37-38,"Sucedeu, pois, que no ano quatrocentos e oitenta depois (4/4)",narrativo,12,60,planejado
EP-0724,T2 — HISTÓRICOS,1 Reis,7,1,12,1 Reis 7:1-12,"Salomão edificou também a sua casa, levando treze anos (1/5)",narrativo,12,60,planejado
EP-0725,T2 — HISTÓRICOS,1 Reis,7,13,24,1 Reis 7:13-24,"Salomão edificou também a sua casa, levando treze anos (2/5)",narrativo,12,60,planejado
EP-0726,T2 — HISTÓRICOS,1 Reis,7,25,36,1 Reis 7:25-36,"Salomão edificou também a sua casa, levando treze anos (3/5)",narrativo,12,60,planejado
EP-0727,T2 — HISTÓRICOS,1 Reis,7,37,48,1 Reis 7:37-48,"Salomão edificou também a sua casa, levando treze anos (4/5)",narrativo,12,60,planejado
EP-0728,T2 — HISTÓRICOS,1 Reis,7,49,51,1 Reis 7:49-51,"Salomão edificou também a sua casa, levando treze anos (5/5)",narrativo,12,60,planejado
EP-0729,T2 — HISTÓRICOS,1 Reis,8,1,12,1 Reis 8:1-12,Então congregou Salomão diante de si em Jerusalém os (1/6),narrativo,12,60,planejado
EP-0730,T2 — HISTÓRICOS,1 Reis,8,13,24,1 Reis 8:13-24,Então congregou Salomão diante de si em Jerusalém os (2/6),narrativo,12,60,planejado
EP-0731,T2 — HISTÓRICOS,1 Reis,8,25,36,1 Reis 8:25-36,Então congregou Salomão diante de si em Jerusalém os (3/6),narrativo,12,60,planejado
EP-0732,T2 — HISTÓRICOS,1 Reis,8,37,48,1 Reis 8:37-48,Então congregou Salomão diante de si em Jerusalém os (4/6),narrativo,12,60,planejado
EP-0733,T2 — HISTÓRICOS,1 Reis,8,49,60,1 Reis 8:49-60,Então congregou Salomão diante de si em Jerusalém os (5/6),narrativo,12,60,planejado
EP-0734,T2 — HISTÓRICOS,1 Reis,8,61,66,1 Reis 8:61-66,Então congregou Salomão diante de si em Jerusalém os (6/6),narrativo,12,60,planejado
EP-0735,T2 — HISTÓRICOS,1 Reis,9,1,12,1 Reis 9:1-12,"Sucedera pois que, tendo Salomão acabado de edificar a (1/3)",narrativo,12,60,planejado
EP-0736,T2 — HISTÓRICOS,1 Reis,9,13,24,1 Reis 9:13-24,"Sucedera pois que, tendo Salomão acabado de edificar a (2/3)",narrativo,12,60,planejado
EP-0737,T2 — HISTÓRICOS,1 Reis,9,25,28,1 Reis 9:25-28,"Sucedera pois que, tendo Salomão acabado de edificar a (3/3)",narrativo,12,60,planejado
EP-0738,T2 — HISTÓRICOS,1 Reis,10,1,12,1 Reis 10:1-12,A Rainha de Sabá (1/3),narrativo,12,60,planejado
EP-0739,T2 — HISTÓRICOS,1 Reis,10,13,24,1 Reis 10:13-24,A Rainha de Sabá (2/3),narrativo,12,60,planejado
EP-0740,T2 — HISTÓRICOS,1 Reis,10,25,33,1 Reis 10:25-33,A Rainha de Sabá (3/3),narrativo,12,60,planejado
EP-0741,T2 — HISTÓRICOS,1 Reis,11,1,12,1 Reis 11:1-12,"Ora, o rei Salomão amou muitas mulheres estrangeiras, além (1/4)",narrativo,12,60,planejado
EP-0742,T2 — HISTÓRICOS,1 Reis,11,13,24,1 Reis 11:13-24,"Ora, o rei Salomão amou muitas mulheres estrangeiras, além (2/4)",narrativo,12,60,planejado
EP-0743,T2 — HISTÓRICOS,1 Reis,11,25,36,1 Reis 11:25-36,"Ora, o rei Salomão amou muitas mulheres estrangeiras, além (3/4)",narrativo,12,60,planejado
EP-0744,T2 — HISTÓRICOS,1 Reis,11,37,43,1 Reis 11:37-43,"Ora, o rei Salomão amou muitas mulheres estrangeiras, além (4/4)",narrativo,12,60,planejado
EP-0745,T2 — HISTÓRICOS,1 Reis,12,1,12,1 Reis 12:1-12,"Foi então Roboão para Siquém, porque todo o Israel (1/3)",narrativo,12,60,planejado
EP-0746,T2 — HISTÓRICOS,1 Reis,12,13,24,1 Reis 12:13-24,"Foi então Roboão para Siquém, porque todo o Israel (2/3)",narrativo,12,60,planejado
EP-0747,T2 — HISTÓRICOS,1 Reis,12,25,33,1 Reis 12:25-33,"Foi então Roboão para Siquém, porque todo o Israel (3/3)",narrativo,12,60,planejado
EP-0748,T2 — HISTÓRICOS,1 Reis,13,1,12,1 Reis 13:1-12,"Eis que, por ordem do Senhor, veio de Judá (1/3)",narrativo,12,60,planejado
EP-0749,T2 — HISTÓRICOS,1 Reis,13,13,24,1 Reis 13:13-24,"Eis que, por ordem do Senhor, veio de Judá (2/3)",narrativo,12,60,planejado
EP-0750,T2 — HISTÓRICOS,1 Reis,13,25,34,1 Reis 13:25-34,"Eis que, por ordem do Senhor, veio de Judá (3/3)",narrativo,12,60,planejado
EP-0751,T2 — HISTÓRICOS,1 Reis,14,1,12,1 Reis 14:1-12,"Naquele tempo adoeceu Abias, filho de Jeroboão (1/3)",narrativo,12,60,planejado
EP-0752,T2 — HISTÓRICOS,1 Reis,14,13,24,1 Reis 14:13-24,"Naquele tempo adoeceu Abias, filho de Jeroboão (2/3)",narrativo,12,60,planejado
EP-0753,T2 — HISTÓRICOS,1 Reis,14,25,31,1 Reis 14:25-31,"Naquele tempo adoeceu Abias, filho de Jeroboão (3/3)",narrativo,12,60,planejado
EP-0754,T2 — HISTÓRICOS,1 Reis,15,1,12,1 Reis 15:1-12,"No décimo oitavo ano do rei Jeroboão, filho de (1/3)",narrativo,12,60,planejado
EP-0755,T2 — HISTÓRICOS,1 Reis,15,13,24,1 Reis 15:13-24,"No décimo oitavo ano do rei Jeroboão, filho de (2/3)",narrativo,12,60,planejado
EP-0756,T2 — HISTÓRICOS,1 Reis,15,25,34,1 Reis 15:25-34,"No décimo oitavo ano do rei Jeroboão, filho de (3/3)",narrativo,12,60,planejado
EP-0757,T2 — HISTÓRICOS,1 Reis,16,1,12,1 Reis 16:1-12,"Então veio a palavra do Senhor a Jeú, filho (1/3)",narrativo,12,60,planejado
EP-0758,T2 — HISTÓRICOS,1 Reis,16,13,24,1 Reis 16:13-24,"Então veio a palavra do Senhor a Jeú, filho (2/3)",narrativo,12,60,planejado
EP-0759,T2 — HISTÓRICOS,1 Reis,16,25,34,1 Reis 16:25-34,"Então veio a palavra do Senhor a Jeú, filho (3/3)",narrativo,12,60,planejado
EP-0760,T2 — HISTÓRICOS,1 Reis,17,1,12,1 Reis 17:1-12,"Então Elias, o tisbita, que habitava em Gileade, disse (1/2)",narrativo,12,60,planejado
EP-0761,T2 — HISTÓRICOS,1 Reis,17,13,24,1 Reis 17:13-24,"Então Elias, o tisbita, que habitava em Gileade, disse (2/2)",narrativo,12,60,planejado
EP-0762,T2 — HISTÓRICOS,1 Reis,18,1,12,1 Reis 18:1-12,Elias no Monte Carmelo (1/4),narrativo,12,60,planejado
EP-0763,T2 — HISTÓRICOS,1 Reis,18,13,24,1 Reis 18:13-24,Elias no Monte Carmelo (2/4),narrativo,12,60,planejado
EP-0764,T2 — HISTÓRICOS,1 Reis,18,25,36,1 Reis 18:25-36,Elias no Monte Carmelo (3/4),narrativo,12,60,planejado
EP-0765,T2 — HISTÓRICOS,1 Reis,18,37,46,1 Reis 18:37-46,Elias no Monte Carmelo (4/4),narrativo,12,60,planejado
EP-0766,T2 — HISTÓRICOS,1 Reis,19,1,12,1 Reis 19:1-12,A Voz Mansa e Delicada (1/2),narrativo,12,60,planejado
EP-0767,T2 — HISTÓRICOS,1 Reis,19,13,21,1 Reis 19:13-21,A Voz Mansa e Delicada (2/2),narrativo,12,60,planejado
EP-0768,T2 — HISTÓRICOS,1 Reis,20,1,12,1 Reis 20:1-12,"Ora, Ben-Hadade, rei da Síria, ajuntou todo o seu (1/4)",narrativo,12,60,planejado
EP-0769,T2 — HISTÓRICOS,1 Reis,20,13,24,1 Reis 20:13-24,"Ora, Ben-Hadade, rei da Síria, ajuntou todo o seu (2/4)",narrativo,12,60,planejado
EP-0770,T2 — HISTÓRICOS,1 Reis,20,25,36,1 Reis 20:25-36,"Ora, Ben-Hadade, rei da Síria, ajuntou todo o seu (3/4)",narrativo,12,60,planejado
EP-0771,T2 — HISTÓRICOS,1 Reis,20,37,43,1 Reis 20:37-43,"Ora, Ben-Hadade, rei da Síria, ajuntou todo o seu (4/4)",narrativo,12,60,planejado
EP-0772,T2 — HISTÓRICOS,1 Reis,21,1,12,1 Reis 21:1-12,"Sucedeu depois destas coisas que, tendo Nabote, o jizreelita (1/4)",narrativo,12,60,planejado
EP-0773,T2 — HISTÓRICOS,1 Reis,21,13,24,1 Reis 21:13-24,"Sucedeu depois destas coisas que, tendo Nabote, o jizreelita (2/4)",narrativo,12,60,planejado
EP-0774,T2 — HISTÓRICOS,1 Reis,21,25,36,1 Reis 21:25-36,"Sucedeu depois destas coisas que, tendo Nabote, o jizreelita (3/4)",narrativo,12,60,planejado
EP-0775,T2 — HISTÓRICOS,1 Reis,21,37,43,1 Reis 21:37-43,"Sucedeu depois destas coisas que, tendo Nabote, o jizreelita (4/4)",narrativo,12,60,planejado
EP-0776,T2 — HISTÓRICOS,1 Reis,22,1,12,1 Reis 22:1-12,Passaram-se três anos sem haver guerra entre a Síria (1/5),narrativo,12,60,planejado
EP-0777,T2 — HISTÓRICOS,1 Reis,22,13,24,1 Reis 22:13-24,Passaram-se três anos sem haver guerra entre a Síria (2/5),narrativo,12,60,planejado
EP-0778,T2 — HISTÓRICOS,1 Reis,22,25,36,1 Reis 22:25-36,Passaram-se três anos sem haver guerra entre a Síria (3/5),narrativo,12,60,planejado
EP-0779,T2 — HISTÓRICOS,1 Reis,22,37,48,1 Reis 22:37-48,Passaram-se três anos sem haver guerra entre a Síria (4/5),narrativo,12,60,planejado
EP-0780,T2 — HISTÓRICOS,1 Reis,22,49,54,1 Reis 22:49-54,Passaram-se três anos sem haver guerra entre a Síria (5/5),narrativo,12,60,planejado
EP-0781,T2 — HISTÓRICOS,2 Reis,1,1,12,2 Reis 1:1-12,"Depois da morte de Acabe, Moabe se rebelou contra (1/2)",narrativo,12,60,planejado
EP-0782,T2 — HISTÓRICOS,2 Reis,1,13,18,2 Reis 1:13-18,"Depois da morte de Acabe, Moabe se rebelou contra (2/2)",narrativo,12,60,planejado
EP-0783,T2 — HISTÓRICOS,2 Reis,2,1,12,2 Reis 2:1-12,Elias É Arrebatado (1/3),narrativo,12,60,planejado
EP-0784,T2 — HISTÓRICOS,2 Reis,2,13,24,2 Reis 2:13-24,Elias É Arrebatado (2/3),narrativo,12,60,planejado
EP-0785,T2 — HISTÓRICOS,2 Reis,2,25,25,2 Reis 2:25,Elias É Arrebatado (3/3),narrativo,12,60,planejado
EP-0786,T2 — HISTÓRICOS,2 Reis,3,1,12,2 Reis 3:1-12,"Ora, Jorão, filho de Acabe, começou a reinar sobre (1/3)",narrativo,12,60,planejado
EP-0787,T2 — HISTÓRICOS,2 Reis,3,13,24,2 Reis 3:13-24,"Ora, Jorão, filho de Acabe, começou a reinar sobre (2/3)",narrativo,12,60,planejado
EP-0788,T2 — HISTÓRICOS,2 Reis,3,25,27,2 Reis 3:25-27,"Ora, Jorão, filho de Acabe, começou a reinar sobre (3/3)",narrativo,12,60,planejado
EP-0789,T2 — HISTÓRICOS,2 Reis,4,1,12,2 Reis 4:1-12,Ora uma dentre as mulheres dos filhos dos profetas (1/4),narrativo,12,60,planejado
EP-0790,T2 — HISTÓRICOS,2 Reis,4,13,24,2 Reis 4:13-24,Ora uma dentre as mulheres dos filhos dos profetas (2/4),narrativo,12,60,planejado
EP-0791,T2 — HISTÓRICOS,2 Reis,4,25,36,2 Reis 4:25-36,Ora uma dentre as mulheres dos filhos dos profetas (3/4),narrativo,12,60,planejado
EP-0792,T2 — HISTÓRICOS,2 Reis,4,37,44,2 Reis 4:37-44,Ora uma dentre as mulheres dos filhos dos profetas (4/4),narrativo,12,60,planejado
EP-0793,T2 — HISTÓRICOS,2 Reis,5,1,12,2 Reis 5:1-12,"Naamã, o Leproso (1/3)",narrativo,12,60,planejado
EP-0794,T2 — HISTÓRICOS,2 Reis,5,13,24,2 Reis 5:13-24,"Naamã, o Leproso (2/3)",narrativo,12,60,planejado
EP-0795,T2 — HISTÓRICOS,2 Reis,5,25,27,2 Reis 5:25-27,"Naamã, o Leproso (3/3)",narrativo,12,60,planejado
EP-0796,T2 — HISTÓRICOS,2 Reis,6,1,12,2 Reis 6:1-12,Os filhos dos profetas disseram a Eliseu: Eis que (1/3),narrativo,12,60,planejado
EP-0797,T2 — HISTÓRICOS,2 Reis,6,13,24,2 Reis 6:13-24,Os filhos dos profetas disseram a Eliseu: Eis que (2/3),narrativo,12,60,planejado
EP-0798,T2 — HISTÓRICOS,2 Reis,6,25,33,2 Reis 6:25-33,Os filhos dos profetas disseram a Eliseu: Eis que (3/3),narrativo,12,60,planejado
EP-0799,T2 — HISTÓRICOS,2 Reis,7,1,12,2 Reis 7:1-12,Então disse Eliseu: Ouvi a palavra do Senhor; assim (1/2),narrativo,12,60,planejado
EP-0800,T2 — HISTÓRICOS,2 Reis,7,13,20,2 Reis 7:13-20,Então disse Eliseu: Ouvi a palavra do Senhor; assim (2/2),narrativo,12,60,planejado
EP-0801,T2 — HISTÓRICOS,2 Reis,8,1,12,2 Reis 8:1-12,Ora Eliseu havia falado àquela mulher cujo filho ele (1/3),narrativo,12,60,planejado
EP-0802,T2 — HISTÓRICOS,2 Reis,8,13,24,2 Reis 8:13-24,Ora Eliseu havia falado àquela mulher cujo filho ele (2/3),narrativo,12,60,planejado
EP-0803,T2 — HISTÓRICOS,2 Reis,8,25,29,2 Reis 8:25-29,Ora Eliseu havia falado àquela mulher cujo filho ele (3/3),narrativo,12,60,planejado
EP-0804,T2 — HISTÓRICOS,2 Reis,9,1,12,2 Reis 9:1-12,Depois o profeta Eliseu chamou um dos filhos dos (1/4),narrativo,12,60,planejado
EP-0805,T2 — HISTÓRICOS,2 Reis,9,13,24,2 Reis 9:13-24,Depois o profeta Eliseu chamou um dos filhos dos (2/4),narrativo,12,60,planejado
EP-0806,T2 — HISTÓRICOS,2 Reis,9,25,36,2 Reis 9:25-36,Depois o profeta Eliseu chamou um dos filhos dos (3/4),narrativo,12,60,planejado
EP-0807,T2 — HISTÓRICOS,2 Reis,9,37,37,2 Reis 9:37,Depois o profeta Eliseu chamou um dos filhos dos (4/4),narrativo,12,60,planejado
EP-0808,T2 — HISTÓRICOS,2 Reis,10,1,12,2 Reis 10:1-12,"Ora, Acabe tinha setenta filhos em Samária. E Jeú (1/3)",narrativo,12,60,planejado
EP-0809,T2 — HISTÓRICOS,2 Reis,10,13,24,2 Reis 10:13-24,"Ora, Acabe tinha setenta filhos em Samária. E Jeú (2/3)",narrativo,12,60,planejado
EP-0810,T2 — HISTÓRICOS,2 Reis,10,25,36,2 Reis 10:25-36,"Ora, Acabe tinha setenta filhos em Samária. E Jeú (3/3)",narrativo,12,60,planejado
EP-0811,T2 — HISTÓRICOS,2 Reis,11,1,12,2 Reis 11:1-12,"Vendo pois Atalia, mãe de Acazias, que seu filho (1/2)",narrativo,12,60,planejado
EP-0812,T2 — HISTÓRICOS,2 Reis,11,13,21,2 Reis 11:13-21,"Vendo pois Atalia, mãe de Acazias, que seu filho (2/2)",narrativo,12,60,planejado
EP-0813,T2 — HISTÓRICOS,2 Reis,12,1,12,2 Reis 12:1-12,Foi no ano sétimo de Jeú que Joás começou (1/2),narrativo,12,60,planejado
EP-0814,T2 — HISTÓRICOS,2 Reis,12,13,22,2 Reis 12:13-22,Foi no ano sétimo de Jeú que Joás começou (2/2),narrativo,12,60,planejado
EP-0815,T2 — HISTÓRICOS,2 Reis,13,1,12,2 Reis 13:1-12,"No vigésimo terceiro ano de Joás, filho de Acazias (1/3)",narrativo,12,60,planejado
EP-0816,T2 — HISTÓRICOS,2 Reis,13,13,24,2 Reis 13:13-24,"No vigésimo terceiro ano de Joás, filho de Acazias (2/3)",narrativo,12,60,planejado
EP-0817,T2 — HISTÓRICOS,2 Reis,13,25,25,2 Reis 13:25,"No vigésimo terceiro ano de Joás, filho de Acazias (3/3)",narrativo,12,60,planejado
EP-0818,T2 — HISTÓRICOS,2 Reis,14,1,12,2 Reis 14:1-12,"No segundo ano de Jeoás, filho de Jeoacaz, rei (1/3)",narrativo,12,60,planejado
EP-0819,T2 — HISTÓRICOS,2 Reis,14,13,24,2 Reis 14:13-24,"No segundo ano de Jeoás, filho de Jeoacaz, rei (2/3)",narrativo,12,60,planejado
EP-0820,T2 — HISTÓRICOS,2 Reis,14,25,29,2 Reis 14:25-29,"No segundo ano de Jeoás, filho de Jeoacaz, rei (3/3)",narrativo,12,60,planejado
EP-0821,T2 — HISTÓRICOS,2 Reis,15,1,12,2 Reis 15:1-12,"No ano vinte e sete de Jeroboão, rei de (1/4)",narrativo,12,60,planejado
EP-0822,T2 — HISTÓRICOS,2 Reis,15,13,24,2 Reis 15:13-24,"No ano vinte e sete de Jeroboão, rei de (2/4)",narrativo,12,60,planejado
EP-0823,T2 — HISTÓRICOS,2 Reis,15,25,36,2 Reis 15:25-36,"No ano vinte e sete de Jeroboão, rei de (3/4)",narrativo,12,60,planejado
EP-0824,T2 — HISTÓRICOS,2 Reis,15,37,38,2 Reis 15:37-38,"No ano vinte e sete de Jeroboão, rei de (4/4)",narrativo,12,60,planejado
EP-0825,T2 — HISTÓRICOS,2 Reis,16,1,12,2 Reis 16:1-12,"No ano dezessete de Peca, filho de Remalia começou (1/2)",narrativo,12,60,planejado
EP-0826,T2 — HISTÓRICOS,2 Reis,16,13,20,2 Reis 16:13-20,"No ano dezessete de Peca, filho de Remalia começou (2/2)",narrativo,12,60,planejado
EP-0827,T2 — HISTÓRICOS,2 Reis,17,1,12,2 Reis 17:1-12,"No ano duodécimo de Acaz, rei de Judá, começou (1/4)",narrativo,12,60,planejado
EP-0828,T2 — HISTÓRICOS,2 Reis,17,13,24,2 Reis 17:13-24,"No ano duodécimo de Acaz, rei de Judá, começou (2/4)",narrativo,12,60,planejado
EP-0829,T2 — HISTÓRICOS,2 Reis,17,25,36,2 Reis 17:25-36,"No ano duodécimo de Acaz, rei de Judá, começou (3/4)",narrativo,12,60,planejado
EP-0830,T2 — HISTÓRICOS,2 Reis,17,37,41,2 Reis 17:37-41,"No ano duodécimo de Acaz, rei de Judá, começou (4/4)",narrativo,12,60,planejado
EP-0831,T2 — HISTÓRICOS,2 Reis,18,1,12,2 Reis 18:1-12,"Ora, sucedeu que, no terceiro ano de Oséias, filho (1/4)",narrativo,12,60,planejado
EP-0832,T2 — HISTÓRICOS,2 Reis,18,13,24,2 Reis 18:13-24,"Ora, sucedeu que, no terceiro ano de Oséias, filho (2/4)",narrativo,12,60,planejado
EP-0833,T2 — HISTÓRICOS,2 Reis,18,25,36,2 Reis 18:25-36,"Ora, sucedeu que, no terceiro ano de Oséias, filho (3/4)",narrativo,12,60,planejado
EP-0834,T2 — HISTÓRICOS,2 Reis,18,37,37,2 Reis 18:37,"Ora, sucedeu que, no terceiro ano de Oséias, filho (4/4)",narrativo,12,60,planejado
EP-0835,T2 — HISTÓRICOS,2 Reis,19,1,12,2 Reis 19:1-12,Quando o rei Ezequias ouviu isto rasgou as suas (1/4),narrativo,12,60,planejado
EP-0836,T2 — HISTÓRICOS,2 Reis,19,13,24,2 Reis 19:13-24,Quando o rei Ezequias ouviu isto rasgou as suas (2/4),narrativo,12,60,planejado
EP-0837,T2 — HISTÓRICOS,2 Reis,19,25,36,2 Reis 19:25-36,Quando o rei Ezequias ouviu isto rasgou as suas (3/4),narrativo,12,60,planejado
EP-0838,T2 — HISTÓRICOS,2 Reis,19,37,37,2 Reis 19:37,Quando o rei Ezequias ouviu isto rasgou as suas (4/4),narrativo,12,60,planejado
EP-0839,T2 — HISTÓRICOS,2 Reis,20,1,12,2 Reis 20:1-12,"Por aquele tempo Ezequias ficou doente, à morte. O (1/2)",narrativo,12,60,planejado
EP-0840,T2 — HISTÓRICOS,2 Reis,20,13,21,2 Reis 20:13-21,"Por aquele tempo Ezequias ficou doente, à morte. O (2/2)",narrativo,12,60,planejado
EP-0841,T2 — HISTÓRICOS,2 Reis,21,1,12,2 Reis 21:1-12,"Manassés tinha doze anos quando começou a reinar, e (1/3)",narrativo,12,60,planejado
EP-0842,T2 — HISTÓRICOS,2 Reis,21,13,24,2 Reis 21:13-24,"Manassés tinha doze anos quando começou a reinar, e (2/3)",narrativo,12,60,planejado
EP-0843,T2 — HISTÓRICOS,2 Reis,21,25,26,2 Reis 21:25-26,"Manassés tinha doze anos quando começou a reinar, e (3/3)",narrativo,12,60,planejado
EP-0844,T2 — HISTÓRICOS,2 Reis,22,1,12,2 Reis 22:1-12,"Josias tinha oito anos quando começou a reinar, e (1/2)",narrativo,12,60,planejado
EP-0845,T2 — HISTÓRICOS,2 Reis,22,13,20,2 Reis 22:13-20,"Josias tinha oito anos quando começou a reinar, e (2/2)",narrativo,12,60,planejado
EP-0846,T2 — HISTÓRICOS,2 Reis,23,1,12,2 Reis 23:1-12,"Então o rei deu ordem, e todos os anciãos (1/4)",narrativo,12,60,planejado
EP-0847,T2 — HISTÓRICOS,2 Reis,23,13,24,2 Reis 23:13-24,"Então o rei deu ordem, e todos os anciãos (2/4)",narrativo,12,60,planejado
EP-0848,T2 — HISTÓRICOS,2 Reis,23,25,36,2 Reis 23:25-36,"Então o rei deu ordem, e todos os anciãos (3/4)",narrativo,12,60,planejado
EP-0849,T2 — HISTÓRICOS,2 Reis,23,37,37,2 Reis 23:37,"Então o rei deu ordem, e todos os anciãos (4/4)",narrativo,12,60,planejado
EP-0850,T2 — HISTÓRICOS,2 Reis,24,1,12,2 Reis 24:1-12,"Nos seus dias subiu Nabucodonosor, rei de Babilônia, e (1/2)",narrativo,12,60,planejado
EP-0851,T2 — HISTÓRICOS,2 Reis,24,13,20,2 Reis 24:13-20,"Nos seus dias subiu Nabucodonosor, rei de Babilônia, e (2/2)",narrativo,12,60,planejado
EP-0852,T2 — HISTÓRICOS,2 Reis,25,1,12,2 Reis 25:1-12,A Queda de Jerusalém (1/3),narrativo,12,60,planejado
EP-0853,T2 — HISTÓRICOS,2 Reis,25,13,24,2 Reis 25:13-24,A Queda de Jerusalém (2/3),narrativo,12,60,planejado
EP-0854,T2 — HISTÓRICOS,2 Reis,25,25,30,2 Reis 25:25-30,A Queda de Jerusalém (3/3),narrativo,12,60,planejado
EP-0855,T2 — HISTÓRICOS,1 Crônicas,1,1,48,1 Crônicas 1:1-48,"Adão, Sete, Enos (1/2)",lista,12,60,planejado
EP-0856,T2 — HISTÓRICOS,1 Crônicas,1,49,54,1 Crônicas 1:49-54,"Adão, Sete, Enos (2/2)",lista,12,60,planejado
EP-0857,T2 — HISTÓRICOS,1 Crônicas,2,1,48,1 Crônicas 2:1-48,"Foram estes os filhos de Israel: Rúben, Simeão, Levi (1/2)",lista,12,60,planejado
EP-0858,T2 — HISTÓRICOS,1 Crônicas,2,49,55,1 Crônicas 2:49-55,"Foram estes os filhos de Israel: Rúben, Simeão, Levi (2/2)",lista,12,60,planejado
EP-0859,T2 — HISTÓRICOS,1 Crônicas,3,1,24,1 Crônicas 3:1-24,Estes foram os filhos de Davi que lhe nasceram,lista,12,60,planejado
EP-0860,T2 — HISTÓRICOS,1 Crônicas,4,1,43,1 Crônicas 4:1-43,"Os filhos de Judá: Pérez, Hezrom, Carmi, Hur e",lista,12,60,planejado
EP-0861,T2 — HISTÓRICOS,1 Crônicas,5,1,41,1 Crônicas 5:1-41,"Quanto aos filhos de Rúben, o primogênito de Israel",lista,12,60,planejado
EP-0862,T2 — HISTÓRICOS,1 Crônicas,6,1,48,1 Crônicas 6:1-48,"Os filhos de Levi: Gérson, Coate e Merári (1/2)",lista,12,60,planejado
EP-0863,T2 — HISTÓRICOS,1 Crônicas,6,49,81,1 Crônicas 6:49-81,"Os filhos de Levi: Gérson, Coate e Merári (2/2)",lista,12,60,planejado
EP-0864,T2 — HISTÓRICOS,1 Crônicas,7,1,40,1 Crônicas 7:1-40,"Os filhos de Issacar foram: Tola, Pua, Jasube e",lista,12,60,planejado
EP-0865,T2 — HISTÓRICOS,1 Crônicas,8,1,40,1 Crônicas 8:1-40,"Benjamim foi pai de Belá, seu primogênito, de Asbel",lista,12,60,planejado
EP-0866,T2 — HISTÓRICOS,1 Crônicas,9,1,44,1 Crônicas 9:1-44,"Todo o Israel, pois, foi arrolado por genealogias, que",lista,12,60,planejado
EP-0867,T2 — HISTÓRICOS,1 Crônicas,10,1,14,1 Crônicas 10:1-14,"Ora, os filisteus pelejaram contra Israel; e os homens",lista,12,60,planejado
EP-0868,T2 — HISTÓRICOS,1 Crônicas,11,1,47,1 Crônicas 11:1-47,Então todo o Israel se ajuntou a Davi em,lista,12,60,planejado
EP-0869,T2 — HISTÓRICOS,1 Crônicas,12,1,41,1 Crônicas 12:1-41,"Ora, estes são os que vieram a Davi a",lista,12,60,planejado
EP-0870,T2 — HISTÓRICOS,1 Crônicas,13,1,14,1 Crônicas 13:1-14,"Ora, Davi consultou os chefes dos milhares, e das",lista,12,60,planejado
EP-0871,T2 — HISTÓRICOS,1 Crônicas,14,1,17,1 Crônicas 14:1-17,"Hirão, rei de Tiro, mandou mensageiros a Davi, e",lista,12,60,planejado
EP-0872,T2 — HISTÓRICOS,1 Crônicas,15,1,29,1 Crônicas 15:1-29,Davi fez para si casas na cidade de Davi,lista,12,60,planejado
EP-0873,T2 — HISTÓRICOS,1 Crônicas,16,1,43,1 Crônicas 16:1-43,"Trouxeram, pois, a arca de Deus e a colocaram",lista,12,60,planejado
EP-0874,T2 — HISTÓRICOS,1 Crônicas,17,1,27,1 Crônicas 17:1-27,"Tendo Davi começado a morar em sua casa, disse",lista,12,60,planejado
EP-0875,T2 — HISTÓRICOS,1 Crônicas,18,1,17,1 Crônicas 18:1-17,"Depois disto Davi derrotou os filisteus, e os subjugou",lista,12,60,planejado
EP-0876,T2 — HISTÓRICOS,1 Crônicas,19,1,19,1 Crônicas 19:1-19,"Aconteceu, depois disto, que Naás, rei dos amonitas, morreu",lista,12,60,planejado
EP-0877,T2 — HISTÓRICOS,1 Crônicas,20,1,8,1 Crônicas 20:1-8,"Aconteceu pois que, na primavera, no tempo em que",lista,12,60,planejado
EP-0878,T2 — HISTÓRICOS,1 Crônicas,21,1,30,1 Crônicas 21:1-30,O Censo e a Praga,lista,12,60,planejado
EP-0879,T2 — HISTÓRICOS,1 Crônicas,22,1,19,1 Crônicas 22:1-19,Então disse Davi: Esta é a casa de Senhor,lista,12,60,planejado
EP-0880,T2 — HISTÓRICOS,1 Crônicas,23,1,32,1 Crônicas 23:1-32,"Ora, sendo Davi já velho e cheio de dias",lista,12,60,planejado
EP-0881,T2 — HISTÓRICOS,1 Crônicas,24,1,31,1 Crônicas 24:1-31,As turmas dos filhos de Arão foram estas: os,lista,12,60,planejado
EP-0882,T2 — HISTÓRICOS,1 Crônicas,25,1,31,1 Crônicas 25:1-31,"Também Davi juntamente com os capitães do exército, separou",lista,12,60,planejado
EP-0883,T2 — HISTÓRICOS,1 Crônicas,26,1,32,1 Crônicas 26:1-32,"Quanto às turmas dos porteiros: Meselemias, filho de Coré",lista,12,60,planejado
EP-0884,T2 — HISTÓRICOS,1 Crônicas,27,1,34,1 Crônicas 27:1-34,"Ora, os filhos de Israel segundo o seu número",lista,12,60,planejado
EP-0885,T2 — HISTÓRICOS,1 Crônicas,28,1,21,1 Crônicas 28:1-21,"Ora, Davi convocou a Jerusalém todos os chefes de",lista,12,60,planejado
EP-0886,T2 — HISTÓRICOS,1 Crônicas,29,1,30,1 Crônicas 29:1-30,Davi e a Oferta para o Templo,lista,12,60,planejado
EP-0887,T2 — HISTÓRICOS,2 Crônicas,1,1,12,2 Crônicas 1:1-12,"Ora, Salomão, filho de Davi, fortaleceu-se no seu reino (1/2)",narrativo,12,60,planejado
EP-0888,T2 — HISTÓRICOS,2 Crônicas,1,13,18,2 Crônicas 1:13-18,"Ora, Salomão, filho de Davi, fortaleceu-se no seu reino (2/2)",narrativo,12,60,planejado
EP-0889,T2 — HISTÓRICOS,2 Crônicas,2,1,12,2 Crônicas 2:1-12,"Ora, resolveu Salomão edificar uma casa ao nome do (1/2)",narrativo,12,60,planejado
EP-0890,T2 — HISTÓRICOS,2 Crônicas,2,13,18,2 Crônicas 2:13-18,"Ora, resolveu Salomão edificar uma casa ao nome do (2/2)",narrativo,12,60,planejado
EP-0891,T2 — HISTÓRICOS,2 Crônicas,3,1,12,2 Crônicas 3:1-12,Então Salomão começou a edificar a casa do Senhor (1/2),narrativo,12,60,planejado
EP-0892,T2 — HISTÓRICOS,2 Crônicas,3,13,17,2 Crônicas 3:13-17,Então Salomão começou a edificar a casa do Senhor (2/2),narrativo,12,60,planejado
EP-0893,T2 — HISTÓRICOS,2 Crônicas,4,1,12,2 Crônicas 4:1-12,Além disso fez um altar de bronze de vinte (1/2),narrativo,12,60,planejado
EP-0894,T2 — HISTÓRICOS,2 Crônicas,4,13,22,2 Crônicas 4:13-22,Além disso fez um altar de bronze de vinte (2/2),narrativo,12,60,planejado
EP-0895,T2 — HISTÓRICOS,2 Crônicas,5,1,12,2 Crônicas 5:1-12,Assim se completou toda a obra que Salomão fez (1/2),narrativo,12,60,planejado
EP-0896,T2 — HISTÓRICOS,2 Crônicas,5,13,14,2 Crônicas 5:13-14,Assim se completou toda a obra que Salomão fez (2/2),narrativo,12,60,planejado
EP-0897,T2 — HISTÓRICOS,2 Crônicas,6,1,12,2 Crônicas 6:1-12,Então disse Salomão: O Senhor disse que habitaria nas (1/4),narrativo,12,60,planejado
EP-0898,T2 — HISTÓRICOS,2 Crônicas,6,13,24,2 Crônicas 6:13-24,Então disse Salomão: O Senhor disse que habitaria nas (2/4),narrativo,12,60,planejado
EP-0899,T2 — HISTÓRICOS,2 Crônicas,6,25,36,2 Crônicas 6:25-36,Então disse Salomão: O Senhor disse que habitaria nas (3/4),narrativo,12,60,planejado
EP-0900,T2 — HISTÓRICOS,2 Crônicas,6,37,42,2 Crônicas 6:37-42,Então disse Salomão: O Senhor disse que habitaria nas (4/4),narrativo,12,60,planejado
EP-0901,T2 — HISTÓRICOS,2 Crônicas,7,1,12,2 Crônicas 7:1-12,Se o Meu Povo se Humilhar (1/2),narrativo,12,60,planejado
EP-0902,T2 — HISTÓRICOS,2 Crônicas,7,13,22,2 Crônicas 7:13-22,Se o Meu Povo se Humilhar (2/2),narrativo,12,60,planejado
EP-0903,T2 — HISTÓRICOS,2 Crônicas,8,1,12,2 Crônicas 8:1-12,"Ao fim de vinte anos, nos quais Salomão tinha (1/2)",narrativo,12,60,planejado
EP-0904,T2 — HISTÓRICOS,2 Crônicas,8,13,18,2 Crônicas 8:13-18,"Ao fim de vinte anos, nos quais Salomão tinha (2/2)",narrativo,12,60,planejado
EP-0905,T2 — HISTÓRICOS,2 Crônicas,9,1,12,2 Crônicas 9:1-12,Tendo a rainha de Sabá ouvido da fama de (1/3),narrativo,12,60,planejado
EP-0906,T2 — HISTÓRICOS,2 Crônicas,9,13,24,2 Crônicas 9:13-24,Tendo a rainha de Sabá ouvido da fama de (2/3),narrativo,12,60,planejado
EP-0907,T2 — HISTÓRICOS,2 Crônicas,9,25,31,2 Crônicas 9:25-31,Tendo a rainha de Sabá ouvido da fama de (3/3),narrativo,12,60,planejado
EP-0908,T2 — HISTÓRICOS,2 Crônicas,10,1,12,2 Crônicas 10:1-12,"Roboão foi a Siquém, pois todo o Israel se (1/3)",narrativo,12,60,planejado
EP-0909,T2 — HISTÓRICOS,2 Crônicas,10,13,25,2 Crônicas 10:13-25,"Roboão foi a Siquém, pois todo o Israel se (2/3)",narrativo,12,60,planejado
EP-0910,T2 — HISTÓRICOS,2 Crônicas,10,26,34,2 Crônicas 10:26-34,"Roboão foi a Siquém, pois todo o Israel se (3/3)",narrativo,12,60,planejado
EP-0911,T2 — HISTÓRICOS,2 Crônicas,11,1,12,2 Crônicas 11:1-12,"Tendo Roboão chegado a Jerusalém, convocou da casa de (1/2)",narrativo,12,60,planejado
EP-0912,T2 — HISTÓRICOS,2 Crônicas,11,13,23,2 Crônicas 11:13-23,"Tendo Roboão chegado a Jerusalém, convocou da casa de (2/2)",narrativo,12,60,planejado
EP-0913,T2 — HISTÓRICOS,2 Crônicas,12,1,12,2 Crônicas 12:1-12,"E sucedeu que, quando ficou estabelecido o reino de (1/2)",narrativo,12,60,planejado
EP-0914,T2 — HISTÓRICOS,2 Crônicas,12,13,16,2 Crônicas 12:13-16,"E sucedeu que, quando ficou estabelecido o reino de (2/2)",narrativo,12,60,planejado
EP-0915,T2 — HISTÓRICOS,2 Crônicas,13,1,12,2 Crônicas 13:1-12,No ano décimo oitavo do rei Jeroboão começou Abias (1/2),narrativo,12,60,planejado
EP-0916,T2 — HISTÓRICOS,2 Crônicas,13,13,23,2 Crônicas 13:13-23,No ano décimo oitavo do rei Jeroboão começou Abias (2/2),narrativo,12,60,planejado
EP-0917,T2 — HISTÓRICOS,2 Crônicas,14,1,12,2 Crônicas 14:1-12,"Abias dormiu com seus pais, e o sepultaram na (1/2)",narrativo,12,60,planejado
EP-0918,T2 — HISTÓRICOS,2 Crônicas,14,13,15,2 Crônicas 14:13-15,"Abias dormiu com seus pais, e o sepultaram na (2/2)",narrativo,12,60,planejado
EP-0919,T2 — HISTÓRICOS,2 Crônicas,15,1,12,2 Crônicas 15:1-12,"Então veio o Espírito de Deus sobre Azarias, filho (1/2)",narrativo,12,60,planejado
EP-0920,T2 — HISTÓRICOS,2 Crônicas,15,13,19,2 Crônicas 15:13-19,"Então veio o Espírito de Deus sobre Azarias, filho (2/2)",narrativo,12,60,planejado
EP-0921,T2 — HISTÓRICOS,2 Crônicas,16,1,12,2 Crônicas 16:1-12,"No trigésimo sexto ano do reinado de Asa, Baasa (1/2)",narrativo,12,60,planejado
EP-0922,T2 — HISTÓRICOS,2 Crônicas,16,13,14,2 Crônicas 16:13-14,"No trigésimo sexto ano do reinado de Asa, Baasa (2/2)",narrativo,12,60,planejado
EP-0923,T2 — HISTÓRICOS,2 Crônicas,17,1,12,2 Crônicas 17:1-12,"Jeosafá, seu filho, reinou em seu lugar, e fortaleceu-se (1/2)",narrativo,12,60,planejado
EP-0924,T2 — HISTÓRICOS,2 Crônicas,17,13,19,2 Crônicas 17:13-19,"Jeosafá, seu filho, reinou em seu lugar, e fortaleceu-se (2/2)",narrativo,12,60,planejado
EP-0925,T2 — HISTÓRICOS,2 Crônicas,18,1,12,2 Crônicas 18:1-12,"Tinha, pois, Jeosafá riquezas e glória em abundância, e (1/3)",narrativo,12,60,planejado
EP-0926,T2 — HISTÓRICOS,2 Crônicas,18,13,24,2 Crônicas 18:13-24,"Tinha, pois, Jeosafá riquezas e glória em abundância, e (2/3)",narrativo,12,60,planejado
EP-0927,T2 — HISTÓRICOS,2 Crônicas,18,25,34,2 Crônicas 18:25-34,"Tinha, pois, Jeosafá riquezas e glória em abundância, e (3/3)",narrativo,12,60,planejado
EP-0928,T2 — HISTÓRICOS,2 Crônicas,19,1,11,2 Crônicas 19:1-11,"Jeosafá, rei de Judá, voltou em paz à sua",narrativo,12,60,planejado
EP-0929,T2 — HISTÓRICOS,2 Crônicas,20,1,12,2 Crônicas 20:1-12,A Vitória de Josafá (1/4),narrativo,12,60,planejado
EP-0930,T2 — HISTÓRICOS,2 Crônicas,20,13,24,2 Crônicas 20:13-24,A Vitória de Josafá (2/4),narrativo,12,60,planejado
EP-0931,T2 — HISTÓRICOS,2 Crônicas,20,25,36,2 Crônicas 20:25-36,A Vitória de Josafá (3/4),narrativo,12,60,planejado
EP-0932,T2 — HISTÓRICOS,2 Crônicas,20,37,37,2 Crônicas 20:37,A Vitória de Josafá (4/4),narrativo,12,60,planejado
EP-0933,T2 — HISTÓRICOS,2 Crônicas,21,1,12,2 Crônicas 21:1-12,"Depois Jeosafá dormiu com seus pais, e com eles (1/2)",narrativo,12,60,planejado
EP-0934,T2 — HISTÓRICOS,2 Crônicas,21,13,20,2 Crônicas 21:13-20,"Depois Jeosafá dormiu com seus pais, e com eles (2/2)",narrativo,12,60,planejado
EP-0935,T2 — HISTÓRICOS,2 Crônicas,22,1,12,2 Crônicas 22:1-12,Então os habitantes de Jerusalém fizeram reinar em seu,narrativo,12,60,planejado
EP-0936,T2 — HISTÓRICOS,2 Crônicas,23,1,12,2 Crônicas 23:1-12,"Ora, no sétimo ano Jeoiada, cobrando ânimo, tomou consigo (1/2)",narrativo,12,60,planejado
EP-0937,T2 — HISTÓRICOS,2 Crônicas,23,13,21,2 Crônicas 23:13-21,"Ora, no sétimo ano Jeoiada, cobrando ânimo, tomou consigo (2/2)",narrativo,12,60,planejado
EP-0938,T2 — HISTÓRICOS,2 Crônicas,24,1,12,2 Crônicas 24:1-12,"Tinha Joás sete anos quando começou a reinar, e (1/3)",narrativo,12,60,planejado
EP-0939,T2 — HISTÓRICOS,2 Crônicas,24,13,24,2 Crônicas 24:13-24,"Tinha Joás sete anos quando começou a reinar, e (2/3)",narrativo,12,60,planejado
EP-0940,T2 — HISTÓRICOS,2 Crônicas,24,25,27,2 Crônicas 24:25-27,"Tinha Joás sete anos quando começou a reinar, e (3/3)",narrativo,12,60,planejado
EP-0941,T2 — HISTÓRICOS,2 Crônicas,25,1,12,2 Crônicas 25:1-12,Amazias tinha vinte e cinco anos quando começou a (1/3),narrativo,12,60,planejado
EP-0942,T2 — HISTÓRICOS,2 Crônicas,25,13,24,2 Crônicas 25:13-24,Amazias tinha vinte e cinco anos quando começou a (2/3),narrativo,12,60,planejado
EP-0943,T2 — HISTÓRICOS,2 Crônicas,25,25,28,2 Crônicas 25:25-28,Amazias tinha vinte e cinco anos quando começou a (3/3),narrativo,12,60,planejado
EP-0944,T2 — HISTÓRICOS,2 Crônicas,26,1,12,2 Crônicas 26:1-12,Então todo o povo de Judá tomou a Uzias (1/2),narrativo,12,60,planejado
EP-0945,T2 — HISTÓRICOS,2 Crônicas,26,13,23,2 Crônicas 26:13-23,Então todo o povo de Judá tomou a Uzias (2/2),narrativo,12,60,planejado
EP-0946,T2 — HISTÓRICOS,2 Crônicas,27,1,9,2 Crônicas 27:1-9,Tinha Jotão vinte e cinco anos quando começou a,narrativo,12,60,planejado
EP-0947,T2 — HISTÓRICOS,2 Crônicas,28,1,12,2 Crônicas 28:1-12,"Tinha Acaz vinte anos quando começou a reinar, e (1/3)",narrativo,12,60,planejado
EP-0948,T2 — HISTÓRICOS,2 Crônicas,28,13,24,2 Crônicas 28:13-24,"Tinha Acaz vinte anos quando começou a reinar, e (2/3)",narrativo,12,60,planejado
EP-0949,T2 — HISTÓRICOS,2 Crônicas,28,25,27,2 Crônicas 28:25-27,"Tinha Acaz vinte anos quando começou a reinar, e (3/3)",narrativo,12,60,planejado
EP-0950,T2 — HISTÓRICOS,2 Crônicas,29,1,12,2 Crônicas 29:1-12,Ezequias começou a reinar quando tinha vinte e cinco (1/3),narrativo,12,60,planejado
EP-0951,T2 — HISTÓRICOS,2 Crônicas,29,13,24,2 Crônicas 29:13-24,Ezequias começou a reinar quando tinha vinte e cinco (2/3),narrativo,12,60,planejado
EP-0952,T2 — HISTÓRICOS,2 Crônicas,29,25,36,2 Crônicas 29:25-36,Ezequias começou a reinar quando tinha vinte e cinco (3/3),narrativo,12,60,planejado
EP-0953,T2 — HISTÓRICOS,2 Crônicas,30,1,12,2 Crônicas 30:1-12,Depois disso Ezequias enviou mensageiros por todo o Israel (1/3),narrativo,12,60,planejado
EP-0954,T2 — HISTÓRICOS,2 Crônicas,30,13,24,2 Crônicas 30:13-24,Depois disso Ezequias enviou mensageiros por todo o Israel (2/3),narrativo,12,60,planejado
EP-0955,T2 — HISTÓRICOS,2 Crônicas,30,25,27,2 Crônicas 30:25-27,Depois disso Ezequias enviou mensageiros por todo o Israel (3/3),narrativo,12,60,planejado
EP-0956,T2 — HISTÓRICOS,2 Crônicas,31,1,12,2 Crônicas 31:1-12,"Acabado tudo isso, todos os israelitas que ali estavam (1/2)",narrativo,12,60,planejado
EP-0957,T2 — HISTÓRICOS,2 Crônicas,31,13,21,2 Crônicas 31:13-21,"Acabado tudo isso, todos os israelitas que ali estavam (2/2)",narrativo,12,60,planejado
EP-0958,T2 — HISTÓRICOS,2 Crônicas,32,1,12,2 Crônicas 32:1-12,"Depois destas coisas e destes atos de fidelidade, veio (1/3)",narrativo,12,60,planejado
EP-0959,T2 — HISTÓRICOS,2 Crônicas,32,13,24,2 Crônicas 32:13-24,"Depois destas coisas e destes atos de fidelidade, veio (2/3)",narrativo,12,60,planejado
EP-0960,T2 — HISTÓRICOS,2 Crônicas,32,25,33,2 Crônicas 32:25-33,"Depois destas coisas e destes atos de fidelidade, veio (3/3)",narrativo,12,60,planejado
EP-0961,T2 — HISTÓRICOS,2 Crônicas,33,1,12,2 Crônicas 33:1-12,"Tinha Manassés doze anos quando começou a reinar, e (1/3)",narrativo,12,60,planejado
EP-0962,T2 — HISTÓRICOS,2 Crônicas,33,13,24,2 Crônicas 33:13-24,"Tinha Manassés doze anos quando começou a reinar, e (2/3)",narrativo,12,60,planejado
EP-0963,T2 — HISTÓRICOS,2 Crônicas,33,25,25,2 Crônicas 33:25,"Tinha Manassés doze anos quando começou a reinar, e (3/3)",narrativo,12,60,planejado
EP-0964,T2 — HISTÓRICOS,2 Crônicas,34,1,12,2 Crônicas 34:1-12,"Tinha Josias oito anos quando começou a reinar, e (1/3)",narrativo,12,60,planejado
EP-0965,T2 — HISTÓRICOS,2 Crônicas,34,13,24,2 Crônicas 34:13-24,"Tinha Josias oito anos quando começou a reinar, e (2/3)",narrativo,12,60,planejado
EP-0966,T2 — HISTÓRICOS,2 Crônicas,34,25,33,2 Crônicas 34:25-33,"Tinha Josias oito anos quando começou a reinar, e (3/3)",narrativo,12,60,planejado
EP-0967,T2 — HISTÓRICOS,2 Crônicas,35,1,12,2 Crônicas 35:1-12,Então Josias celebrou a páscoa ao Senhor em Jerusalém (1/3),narrativo,12,60,planejado
EP-0968,T2 — HISTÓRICOS,2 Crônicas,35,13,24,2 Crônicas 35:13-24,Então Josias celebrou a páscoa ao Senhor em Jerusalém (2/3),narrativo,12,60,planejado
EP-0969,T2 — HISTÓRICOS,2 Crônicas,35,25,27,2 Crônicas 35:25-27,Então Josias celebrou a páscoa ao Senhor em Jerusalém (3/3),narrativo,12,60,planejado
EP-0970,T2 — HISTÓRICOS,2 Crônicas,36,1,12,2 Crônicas 36:1-12,"O povo da terra tomou Jeoacaz, filho de Josias (1/2)",narrativo,12,60,planejado
EP-0971,T2 — HISTÓRICOS,2 Crônicas,36,13,23,2 Crônicas 36:13-23,"O povo da terra tomou Jeoacaz, filho de Josias (2/2)",narrativo,12,60,planejado
EP-0972,T2 — HISTÓRICOS,Esdras,1,1,11,Esdras 1:1-11,O Decreto de Ciro,narrativo,12,60,planejado
EP-0973,T2 — HISTÓRICOS,Esdras,2,1,48,Esdras 2:1-48,Estes são os filhos da província que subiram do (1/2),lista,12,60,planejado
EP-0974,T2 — HISTÓRICOS,Esdras,2,49,70,Esdras 2:49-70,Estes são os filhos da província que subiram do (2/2),lista,12,60,planejado
EP-0975,T2 — HISTÓRICOS,Esdras,3,1,12,Esdras 3:1-12,Os Alicerces do Templo (1/2),narrativo,12,60,planejado
EP-0976,T2 — HISTÓRICOS,Esdras,3,13,13,Esdras 3:13,Os Alicerces do Templo (2/2),narrativo,12,60,planejado
EP-0977,T2 — HISTÓRICOS,Esdras,4,1,12,Esdras 4:1-12,"Ora, ouvindo os adversários de Judá e de Benjamim (1/2)",narrativo,12,60,planejado
EP-0978,T2 — HISTÓRICOS,Esdras,4,13,24,Esdras 4:13-24,"Ora, ouvindo os adversários de Judá e de Benjamim (2/2)",narrativo,12,60,planejado
EP-0979,T2 — HISTÓRICOS,Esdras,5,1,12,Esdras 5:1-12,"Ora, os profetas Ageu e Zacarias, filho de Ido (1/2)",narrativo,12,60,planejado
EP-0980,T2 — HISTÓRICOS,Esdras,5,13,17,Esdras 5:13-17,"Ora, os profetas Ageu e Zacarias, filho de Ido (2/2)",narrativo,12,60,planejado
EP-0981,T2 — HISTÓRICOS,Esdras,6,1,12,Esdras 6:1-12,"Então o rei Dario o decretou, e foi feita (1/2)",narrativo,12,60,planejado
EP-0982,T2 — HISTÓRICOS,Esdras,6,13,22,Esdras 6:13-22,"Então o rei Dario o decretou, e foi feita (2/2)",narrativo,12,60,planejado
EP-0983,T2 — HISTÓRICOS,Esdras,7,1,12,Esdras 7:1-12,"Ora, depois destas coisas, no reinado de Artaxerxes, rei (1/3)",narrativo,12,60,planejado
EP-0984,T2 — HISTÓRICOS,Esdras,7,13,24,Esdras 7:13-24,"Ora, depois destas coisas, no reinado de Artaxerxes, rei (2/3)",narrativo,12,60,planejado
EP-0985,T2 — HISTÓRICOS,Esdras,7,25,28,Esdras 7:25-28,"Ora, depois destas coisas, no reinado de Artaxerxes, rei (3/3)",narrativo,12,60,planejado
EP-0986,T2 — HISTÓRICOS,Esdras,8,1,36,Esdras 8:1-36,"Estes, pois, são os chefes de suas casas paternas",lista,12,60,planejado
EP-0987,T2 — HISTÓRICOS,Esdras,9,1,12,Esdras 9:1-12,"Ora, logo que essas coisas foram terminadas, vieram ter (1/2)",narrativo,12,60,planejado
EP-0988,T2 — HISTÓRICOS,Esdras,9,13,15,Esdras 9:13-15,"Ora, logo que essas coisas foram terminadas, vieram ter (2/2)",narrativo,12,60,planejado
EP-0989,T2 — HISTÓRICOS,Esdras,10,1,44,Esdras 10:1-44,"Ora, enquanto Esdras orava e fazia confissão, chorando e",lista,12,60,planejado
EP-0990,T2 — HISTÓRICOS,Neemias,1,1,11,Neemias 1:1-11,A Oração de Neemias,narrativo,12,60,planejado
EP-0991,T2 — HISTÓRICOS,Neemias,2,1,12,Neemias 2:1-12,"Sucedeu, pois, no mês de nisã, no ano vigésimos (1/2)",narrativo,12,60,planejado
EP-0992,T2 — HISTÓRICOS,Neemias,2,13,20,Neemias 2:13-20,"Sucedeu, pois, no mês de nisã, no ano vigésimos (2/2)",narrativo,12,60,planejado
EP-0993,T2 — HISTÓRICOS,Neemias,3,1,12,Neemias 3:1-12,"Então se levantou Eliasibe, o sumo sacerdote, juntamente com (1/4)",narrativo,12,60,planejado
EP-0994,T2 — HISTÓRICOS,Neemias,3,13,24,Neemias 3:13-24,"Então se levantou Eliasibe, o sumo sacerdote, juntamente com (2/4)",narrativo,12,60,planejado
EP-0995,T2 — HISTÓRICOS,Neemias,3,25,36,Neemias 3:25-36,"Então se levantou Eliasibe, o sumo sacerdote, juntamente com (3/4)",narrativo,12,60,planejado
EP-0996,T2 — HISTÓRICOS,Neemias,3,37,38,Neemias 3:37-38,"Então se levantou Eliasibe, o sumo sacerdote, juntamente com (4/4)",narrativo,12,60,planejado
EP-0997,T2 — HISTÓRICOS,Neemias,4,1,12,Neemias 4:1-12,A Espada e a Colher de Pedreiro (1/2),narrativo,12,60,planejado
EP-0998,T2 — HISTÓRICOS,Neemias,4,13,23,Neemias 4:13-23,A Espada e a Colher de Pedreiro (2/2),narrativo,12,60,planejado
EP-0999,T2 — HISTÓRICOS,Neemias,5,1,12,Neemias 5:1-12,Então se levantou um grande clamor do povo e (1/2),narrativo,12,60,planejado
EP-1000,T2 — HISTÓRICOS,Neemias,5,13,19,Neemias 5:13-19,Então se levantou um grande clamor do povo e (2/2),narrativo,12,60,planejado
EP-1001,T2 — HISTÓRICOS,Neemias,6,1,12,Neemias 6:1-12,"Quando Sambalate, Tobias e Gesem, o arábio, e o (1/2)",narrativo,12,60,planejado
EP-1002,T2 — HISTÓRICOS,Neemias,6,13,19,Neemias 6:13-19,"Quando Sambalate, Tobias e Gesem, o arábio, e o (2/2)",narrativo,12,60,planejado
EP-1003,T2 — HISTÓRICOS,Neemias,7,1,48,Neemias 7:1-48,"Ora, depois que o muro foi edificado, tendo eu (1/2)",lista,12,60,planejado
EP-1004,T2 — HISTÓRICOS,Neemias,7,49,73,Neemias 7:49-73,"Ora, depois que o muro foi edificado, tendo eu (2/2)",lista,12,60,planejado
EP-1005,T2 — HISTÓRICOS,Neemias,8,1,12,Neemias 8:1-12,A Leitura da Lei (1/2),narrativo,12,60,planejado
EP-1006,T2 — HISTÓRICOS,Neemias,8,13,18,Neemias 8:13-18,A Leitura da Lei (2/2),narrativo,12,60,planejado
EP-1007,T2 — HISTÓRICOS,Neemias,9,1,12,Neemias 9:1-12,"Ora, no dia vinte e quatro desse mês, se (1/4)",narrativo,12,60,planejado
EP-1008,T2 — HISTÓRICOS,Neemias,9,13,24,Neemias 9:13-24,"Ora, no dia vinte e quatro desse mês, se (2/4)",narrativo,12,60,planejado
EP-1009,T2 — HISTÓRICOS,Neemias,9,25,36,Neemias 9:25-36,"Ora, no dia vinte e quatro desse mês, se (3/4)",narrativo,12,60,planejado
EP-1010,T2 — HISTÓRICOS,Neemias,9,37,38,Neemias 9:37-38,"Ora, no dia vinte e quatro desse mês, se (4/4)",narrativo,12,60,planejado
EP-1011,T2 — HISTÓRICOS,Neemias,10,1,40,Neemias 10:1-40,"Os que selaram foram: Neemias, o governador, filho de",lista,12,60,planejado
EP-1012,T2 — HISTÓRICOS,Neemias,11,1,36,Neemias 11:1-36,"Ora, os príncipes do povo habitaram em Jerusalém; e",lista,12,60,planejado
EP-1013,T2 — HISTÓRICOS,Neemias,12,1,47,Neemias 12:1-47,"Ora, estes são os sacerdotes e os levitas que",lista,12,60,planejado
EP-1014,T2 — HISTÓRICOS,Neemias,13,1,12,Neemias 13:1-12,"Naquele dia leu-se o livro de Moisés, na presença (1/3)",narrativo,12,60,planejado
EP-1015,T2 — HISTÓRICOS,Neemias,13,13,24,Neemias 13:13-24,"Naquele dia leu-se o livro de Moisés, na presença (2/3)",narrativo,12,60,planejado
EP-1016,T2 — HISTÓRICOS,Neemias,13,25,31,Neemias 13:25-31,"Naquele dia leu-se o livro de Moisés, na presença (3/3)",narrativo,12,60,planejado
EP-1017,T2 — HISTÓRICOS,Ester,1,1,12,Ester 1:1-12,"Sucedeu nos dias de Assuero, o Assuero que reinou (1/4)",narrativo,12,60,planejado
EP-1018,T2 — HISTÓRICOS,Ester,1,13,24,Ester 1:13-24,"Sucedeu nos dias de Assuero, o Assuero que reinou (2/4)",narrativo,12,60,planejado
EP-1019,T2 — HISTÓRICOS,Ester,1,25,36,Ester 1:25-36,"Sucedeu nos dias de Assuero, o Assuero que reinou (3/4)",narrativo,12,60,planejado
EP-1020,T2 — HISTÓRICOS,Ester,1,37,42,Ester 1:37-42,"Sucedeu nos dias de Assuero, o Assuero que reinou (4/4)",narrativo,12,60,planejado
EP-1021,T2 — HISTÓRICOS,Ester,2,1,12,Ester 2:1-12,Passadas estas coisas e aplacada a ira do rei (1/2),narrativo,12,60,planejado
EP-1022,T2 — HISTÓRICOS,Ester,2,13,23,Ester 2:13-23,Passadas estas coisas e aplacada a ira do rei (2/2),narrativo,12,60,planejado
EP-1023,T2 — HISTÓRICOS,Ester,3,1,12,Ester 3:1-12,Depois destas coisas o rei Assuero engrandeceu a Hamã (1/2),narrativo,12,60,planejado
EP-1024,T2 — HISTÓRICOS,Ester,3,13,15,Ester 3:13-15,Depois destas coisas o rei Assuero engrandeceu a Hamã (2/2),narrativo,12,60,planejado
EP-1025,T2 — HISTÓRICOS,Ester,4,1,12,Ester 4:1-12,Para Tal Tempo como Este (1/2),narrativo,12,60,planejado
EP-1026,T2 — HISTÓRICOS,Ester,4,13,17,Ester 4:13-17,Para Tal Tempo como Este (2/2),narrativo,12,60,planejado
EP-1027,T2 — HISTÓRICOS,Ester,5,1,12,Ester 5:1-12,Ao terceiro dia Ester se vestiu de trajes reais (1/2),narrativo,12,60,planejado
EP-1028,T2 — HISTÓRICOS,Ester,5,13,14,Ester 5:13-14,Ao terceiro dia Ester se vestiu de trajes reais (2/2),narrativo,12,60,planejado
EP-1029,T2 — HISTÓRICOS,Ester,6,1,12,Ester 6:1-12,Naquela mesma noite fugiu do rei o sono; então (1/2),narrativo,12,60,planejado
EP-1030,T2 — HISTÓRICOS,Ester,6,13,14,Ester 6:13-14,Naquela mesma noite fugiu do rei o sono; então (2/2),narrativo,12,60,planejado
EP-1031,T2 — HISTÓRICOS,Ester,7,1,10,Ester 7:1-10,"Entraram, pois, o rei e Hamã para se banquetearem",narrativo,12,60,planejado
EP-1032,T2 — HISTÓRICOS,Ester,8,1,12,Ester 8:1-12,Naquele mesmo dia deu o rei Assuero à rainha (1/2),narrativo,12,60,planejado
EP-1033,T2 — HISTÓRICOS,Ester,8,13,17,Ester 8:13-17,Naquele mesmo dia deu o rei Assuero à rainha (2/2),narrativo,12,60,planejado
EP-1034,T2 — HISTÓRICOS,Ester,9,1,12,Ester 9:1-12,Purim (1/3),narrativo,12,60,planejado
EP-1035,T2 — HISTÓRICOS,Ester,9,13,24,Ester 9:13-24,Purim (2/3),narrativo,12,60,planejado
EP-1036,T2 — HISTÓRICOS,Ester,9,25,32,Ester 9:25-32,Purim (3/3),narrativo,12,60,planejado
EP-1037,T2 — HISTÓRICOS,Ester,10,1,3,Ester 10:1-3,O rei Assuero impôs tributo à terra e às,narrativo,12,60,planejado
EP-1038,T3 — SAPIENCIAIS E POESIA,Jó,1,1,6,Jó 1:1-6,Satanás e o Cercado (1/4),poetico,12,60,planejado
EP-1039,T3 — SAPIENCIAIS E POESIA,Jó,1,7,12,Jó 1:7-12,Satanás e o Cercado (2/4),poetico,12,60,planejado
EP-1040,T3 — SAPIENCIAIS E POESIA,Jó,1,13,18,Jó 1:13-18,Satanás e o Cercado (3/4),poetico,12,60,planejado
EP-1041,T3 — SAPIENCIAIS E POESIA,Jó,1,19,22,Jó 1:19-22,Satanás e o Cercado (4/4),poetico,12,60,planejado
EP-1042,T3 — SAPIENCIAIS E POESIA,Jó,2,1,6,Jó 2:1-6,Chegou outra vez o dia em que os filhos (1/3),poetico,12,60,planejado
EP-1043,T3 — SAPIENCIAIS E POESIA,Jó,2,7,12,Jó 2:7-12,Chegou outra vez o dia em que os filhos (2/3),poetico,12,60,planejado
EP-1044,T3 — SAPIENCIAIS E POESIA,Jó,2,13,13,Jó 2:13,Chegou outra vez o dia em que os filhos (3/3),poetico,12,60,planejado
EP-1045,T3 — SAPIENCIAIS E POESIA,Jó,3,1,6,Jó 3:1-6,"Depois disso abriu Jó a sua boca, e amaldiçoou (1/5)",poetico,12,60,planejado
EP-1046,T3 — SAPIENCIAIS E POESIA,Jó,3,7,12,Jó 3:7-12,"Depois disso abriu Jó a sua boca, e amaldiçoou (2/5)",poetico,12,60,planejado
EP-1047,T3 — SAPIENCIAIS E POESIA,Jó,3,13,18,Jó 3:13-18,"Depois disso abriu Jó a sua boca, e amaldiçoou (3/5)",poetico,12,60,planejado
EP-1048,T3 — SAPIENCIAIS E POESIA,Jó,3,19,24,Jó 3:19-24,"Depois disso abriu Jó a sua boca, e amaldiçoou (4/5)",poetico,12,60,planejado
EP-1049,T3 — SAPIENCIAIS E POESIA,Jó,3,25,26,Jó 3:25-26,"Depois disso abriu Jó a sua boca, e amaldiçoou (5/5)",poetico,12,60,planejado
EP-1050,T3 — SAPIENCIAIS E POESIA,Jó,4,1,6,Jó 4:1-6,"Então respondeu Elifaz, o temanita, e disse (1/4)",poetico,12,60,planejado
EP-1051,T3 — SAPIENCIAIS E POESIA,Jó,4,7,12,Jó 4:7-12,"Então respondeu Elifaz, o temanita, e disse (2/4)",poetico,12,60,planejado
EP-1052,T3 — SAPIENCIAIS E POESIA,Jó,4,13,18,Jó 4:13-18,"Então respondeu Elifaz, o temanita, e disse (3/4)",poetico,12,60,planejado
EP-1053,T3 — SAPIENCIAIS E POESIA,Jó,4,19,21,Jó 4:19-21,"Então respondeu Elifaz, o temanita, e disse (4/4)",poetico,12,60,planejado
EP-1054,T3 — SAPIENCIAIS E POESIA,Jó,5,1,6,Jó 5:1-6,Chama agora; há alguém que te responda; E a (1/5),poetico,12,60,planejado
EP-1055,T3 — SAPIENCIAIS E POESIA,Jó,5,7,12,Jó 5:7-12,Chama agora; há alguém que te responda; E a (2/5),poetico,12,60,planejado
EP-1056,T3 — SAPIENCIAIS E POESIA,Jó,5,13,18,Jó 5:13-18,Chama agora; há alguém que te responda; E a (3/5),poetico,12,60,planejado
EP-1057,T3 — SAPIENCIAIS E POESIA,Jó,5,19,24,Jó 5:19-24,Chama agora; há alguém que te responda; E a (4/5),poetico,12,60,planejado
EP-1058,T3 — SAPIENCIAIS E POESIA,Jó,5,25,27,Jó 5:25-27,Chama agora; há alguém que te responda; E a (5/5),poetico,12,60,planejado
EP-1059,T3 — SAPIENCIAIS E POESIA,Jó,6,1,6,Jó 6:1-6,"Então Jó, respondendo, disse (1/5)",poetico,12,60,planejado
EP-1060,T3 — SAPIENCIAIS E POESIA,Jó,6,7,12,Jó 6:7-12,"Então Jó, respondendo, disse (2/5)",poetico,12,60,planejado
EP-1061,T3 — SAPIENCIAIS E POESIA,Jó,6,13,18,Jó 6:13-18,"Então Jó, respondendo, disse (3/5)",poetico,12,60,planejado
EP-1062,T3 — SAPIENCIAIS E POESIA,Jó,6,19,24,Jó 6:19-24,"Então Jó, respondendo, disse (4/5)",poetico,12,60,planejado
EP-1063,T3 — SAPIENCIAIS E POESIA,Jó,6,25,30,Jó 6:25-30,"Então Jó, respondendo, disse (5/5)",poetico,12,60,planejado
EP-1064,T3 — SAPIENCIAIS E POESIA,Jó,7,1,6,Jó 7:1-6,Porventura não tem o homem duro serviço sobre a (1/4),poetico,12,60,planejado
EP-1065,T3 — SAPIENCIAIS E POESIA,Jó,7,7,12,Jó 7:7-12,Porventura não tem o homem duro serviço sobre a (2/4),poetico,12,60,planejado
EP-1066,T3 — SAPIENCIAIS E POESIA,Jó,7,13,18,Jó 7:13-18,Porventura não tem o homem duro serviço sobre a (3/4),poetico,12,60,planejado
EP-1067,T3 — SAPIENCIAIS E POESIA,Jó,7,19,21,Jó 7:19-21,Porventura não tem o homem duro serviço sobre a (4/4),poetico,12,60,planejado
EP-1068,T3 — SAPIENCIAIS E POESIA,Jó,8,1,6,Jó 8:1-6,"Então respondeu Bildade, o suíta, dizendo (1/4)",poetico,12,60,planejado
EP-1069,T3 — SAPIENCIAIS E POESIA,Jó,8,7,12,Jó 8:7-12,"Então respondeu Bildade, o suíta, dizendo (2/4)",poetico,12,60,planejado
EP-1070,T3 — SAPIENCIAIS E POESIA,Jó,8,13,18,Jó 8:13-18,"Então respondeu Bildade, o suíta, dizendo (3/4)",poetico,12,60,planejado
EP-1071,T3 — SAPIENCIAIS E POESIA,Jó,8,19,22,Jó 8:19-22,"Então respondeu Bildade, o suíta, dizendo (4/4)",poetico,12,60,planejado
EP-1072,T3 — SAPIENCIAIS E POESIA,Jó,9,1,6,Jó 9:1-6,"Então Jó respondeu, dizendo (1/6)",poetico,12,60,planejado
EP-1073,T3 — SAPIENCIAIS E POESIA,Jó,9,7,12,Jó 9:7-12,"Então Jó respondeu, dizendo (2/6)",poetico,12,60,planejado
EP-1074,T3 — SAPIENCIAIS E POESIA,Jó,9,13,18,Jó 9:13-18,"Então Jó respondeu, dizendo (3/6)",poetico,12,60,planejado
EP-1075,T3 — SAPIENCIAIS E POESIA,Jó,9,19,24,Jó 9:19-24,"Então Jó respondeu, dizendo (4/6)",poetico,12,60,planejado
EP-1076,T3 — SAPIENCIAIS E POESIA,Jó,9,25,30,Jó 9:25-30,"Então Jó respondeu, dizendo (5/6)",poetico,12,60,planejado
EP-1077,T3 — SAPIENCIAIS E POESIA,Jó,9,31,35,Jó 9:31-35,"Então Jó respondeu, dizendo (6/6)",poetico,12,60,planejado
EP-1078,T3 — SAPIENCIAIS E POESIA,Jó,10,1,6,Jó 10:1-6,Tendo tédio à minha vida; darei livre curso à (1/4),poetico,12,60,planejado
EP-1079,T3 — SAPIENCIAIS E POESIA,Jó,10,7,12,Jó 10:7-12,Tendo tédio à minha vida; darei livre curso à (2/4),poetico,12,60,planejado
EP-1080,T3 — SAPIENCIAIS E POESIA,Jó,10,13,18,Jó 10:13-18,Tendo tédio à minha vida; darei livre curso à (3/4),poetico,12,60,planejado
EP-1081,T3 — SAPIENCIAIS E POESIA,Jó,10,19,22,Jó 10:19-22,Tendo tédio à minha vida; darei livre curso à (4/4),poetico,12,60,planejado
EP-1082,T3 — SAPIENCIAIS E POESIA,Jó,11,1,6,Jó 11:1-6,"Então respondeu Zofar, o naamatita, dizendo (1/4)",poetico,12,60,planejado
EP-1083,T3 — SAPIENCIAIS E POESIA,Jó,11,7,12,Jó 11:7-12,"Então respondeu Zofar, o naamatita, dizendo (2/4)",poetico,12,60,planejado
EP-1084,T3 — SAPIENCIAIS E POESIA,Jó,11,13,18,Jó 11:13-18,"Então respondeu Zofar, o naamatita, dizendo (3/4)",poetico,12,60,planejado
EP-1085,T3 — SAPIENCIAIS E POESIA,Jó,11,19,20,Jó 11:19-20,"Então respondeu Zofar, o naamatita, dizendo (4/4)",poetico,12,60,planejado
EP-1086,T3 — SAPIENCIAIS E POESIA,Jó,12,1,6,Jó 12:1-6,"Então Jó respondeu, dizendo (1/5)",poetico,12,60,planejado
EP-1087,T3 — SAPIENCIAIS E POESIA,Jó,12,7,12,Jó 12:7-12,"Então Jó respondeu, dizendo (2/5)",poetico,12,60,planejado
EP-1088,T3 — SAPIENCIAIS E POESIA,Jó,12,13,18,Jó 12:13-18,"Então Jó respondeu, dizendo (3/5)",poetico,12,60,planejado
EP-1089,T3 — SAPIENCIAIS E POESIA,Jó,12,19,24,Jó 12:19-24,"Então Jó respondeu, dizendo (4/5)",poetico,12,60,planejado
EP-1090,T3 — SAPIENCIAIS E POESIA,Jó,12,25,25,Jó 12:25,"Então Jó respondeu, dizendo (5/5)",poetico,12,60,planejado
EP-1091,T3 — SAPIENCIAIS E POESIA,Jó,13,1,6,Jó 13:1-6,"Eis que os meus olhos viram tudo isto, e (1/5)",poetico,12,60,planejado
EP-1092,T3 — SAPIENCIAIS E POESIA,Jó,13,7,12,Jó 13:7-12,"Eis que os meus olhos viram tudo isto, e (2/5)",poetico,12,60,planejado
EP-1093,T3 — SAPIENCIAIS E POESIA,Jó,13,13,18,Jó 13:13-18,"Eis que os meus olhos viram tudo isto, e (3/5)",poetico,12,60,planejado
EP-1094,T3 — SAPIENCIAIS E POESIA,Jó,13,19,24,Jó 13:19-24,"Eis que os meus olhos viram tudo isto, e (4/5)",poetico,12,60,planejado
EP-1095,T3 — SAPIENCIAIS E POESIA,Jó,13,25,28,Jó 13:25-28,"Eis que os meus olhos viram tudo isto, e (5/5)",poetico,12,60,planejado
EP-1096,T3 — SAPIENCIAIS E POESIA,Jó,14,1,6,Jó 14:1-6,"O homem, nascido da mulher, é de poucos dias (1/4)",poetico,12,60,planejado
EP-1097,T3 — SAPIENCIAIS E POESIA,Jó,14,7,12,Jó 14:7-12,"O homem, nascido da mulher, é de poucos dias (2/4)",poetico,12,60,planejado
EP-1098,T3 — SAPIENCIAIS E POESIA,Jó,14,13,18,Jó 14:13-18,"O homem, nascido da mulher, é de poucos dias (3/4)",poetico,12,60,planejado
EP-1099,T3 — SAPIENCIAIS E POESIA,Jó,14,19,22,Jó 14:19-22,"O homem, nascido da mulher, é de poucos dias (4/4)",poetico,12,60,planejado
EP-1100,T3 — SAPIENCIAIS E POESIA,Jó,15,1,6,Jó 15:1-6,"Então respondeu Elifaz, o temanita (1/6)",poetico,12,60,planejado
EP-1101,T3 — SAPIENCIAIS E POESIA,Jó,15,7,12,Jó 15:7-12,"Então respondeu Elifaz, o temanita (2/6)",poetico,12,60,planejado
EP-1102,T3 — SAPIENCIAIS E POESIA,Jó,15,13,18,Jó 15:13-18,"Então respondeu Elifaz, o temanita (3/6)",poetico,12,60,planejado
EP-1103,T3 — SAPIENCIAIS E POESIA,Jó,15,19,24,Jó 15:19-24,"Então respondeu Elifaz, o temanita (4/6)",poetico,12,60,planejado
EP-1104,T3 — SAPIENCIAIS E POESIA,Jó,15,25,30,Jó 15:25-30,"Então respondeu Elifaz, o temanita (5/6)",poetico,12,60,planejado
EP-1105,T3 — SAPIENCIAIS E POESIA,Jó,15,31,35,Jó 15:31-35,"Então respondeu Elifaz, o temanita (6/6)",poetico,12,60,planejado
EP-1106,T3 — SAPIENCIAIS E POESIA,Jó,16,1,6,Jó 16:1-6,"Então Jó respondeu, dizendo (1/4)",poetico,12,60,planejado
EP-1107,T3 — SAPIENCIAIS E POESIA,Jó,16,7,12,Jó 16:7-12,"Então Jó respondeu, dizendo (2/4)",poetico,12,60,planejado
EP-1108,T3 — SAPIENCIAIS E POESIA,Jó,16,13,18,Jó 16:13-18,"Então Jó respondeu, dizendo (3/4)",poetico,12,60,planejado
EP-1109,T3 — SAPIENCIAIS E POESIA,Jó,16,19,23,Jó 16:19-23,"Então Jó respondeu, dizendo (4/4)",poetico,12,60,planejado
EP-1110,T3 — SAPIENCIAIS E POESIA,Jó,17,1,6,Jó 17:1-6,"O meu espírito está quebrantado, os meus dias se (1/3)",poetico,12,60,planejado
EP-1111,T3 — SAPIENCIAIS E POESIA,Jó,17,7,12,Jó 17:7-12,"O meu espírito está quebrantado, os meus dias se (2/3)",poetico,12,60,planejado
EP-1112,T3 — SAPIENCIAIS E POESIA,Jó,17,13,16,Jó 17:13-16,"O meu espírito está quebrantado, os meus dias se (3/3)",poetico,12,60,planejado
EP-1113,T3 — SAPIENCIAIS E POESIA,Jó,18,1,6,Jó 18:1-6,"Então respondeu Bildade, o suíta (1/4)",poetico,12,60,planejado
EP-1114,T3 — SAPIENCIAIS E POESIA,Jó,18,7,12,Jó 18:7-12,"Então respondeu Bildade, o suíta (2/4)",poetico,12,60,planejado
EP-1115,T3 — SAPIENCIAIS E POESIA,Jó,18,13,18,Jó 18:13-18,"Então respondeu Bildade, o suíta (3/4)",poetico,12,60,planejado
EP-1116,T3 — SAPIENCIAIS E POESIA,Jó,18,19,21,Jó 18:19-21,"Então respondeu Bildade, o suíta (4/4)",poetico,12,60,planejado
EP-1117,T3 — SAPIENCIAIS E POESIA,Jó,19,1,6,Jó 19:1-6,Eu Sei que o Meu Redentor Vive (1/5),poetico,12,60,planejado
EP-1118,T3 — SAPIENCIAIS E POESIA,Jó,19,7,12,Jó 19:7-12,Eu Sei que o Meu Redentor Vive (2/5),poetico,12,60,planejado
EP-1119,T3 — SAPIENCIAIS E POESIA,Jó,19,13,18,Jó 19:13-18,Eu Sei que o Meu Redentor Vive (3/5),poetico,12,60,planejado
EP-1120,T3 — SAPIENCIAIS E POESIA,Jó,19,19,24,Jó 19:19-24,Eu Sei que o Meu Redentor Vive (4/5),poetico,12,60,planejado
EP-1121,T3 — SAPIENCIAIS E POESIA,Jó,19,25,29,Jó 19:25-29,Eu Sei que o Meu Redentor Vive (5/5),poetico,12,60,planejado
EP-1122,T3 — SAPIENCIAIS E POESIA,Jó,20,1,6,Jó 20:1-6,"Então respondeu Zofar, o naamatita (1/5)",poetico,12,60,planejado
EP-1123,T3 — SAPIENCIAIS E POESIA,Jó,20,7,12,Jó 20:7-12,"Então respondeu Zofar, o naamatita (2/5)",poetico,12,60,planejado
EP-1124,T3 — SAPIENCIAIS E POESIA,Jó,20,13,18,Jó 20:13-18,"Então respondeu Zofar, o naamatita (3/5)",poetico,12,60,planejado
EP-1125,T3 — SAPIENCIAIS E POESIA,Jó,20,19,24,Jó 20:19-24,"Então respondeu Zofar, o naamatita (4/5)",poetico,12,60,planejado
EP-1126,T3 — SAPIENCIAIS E POESIA,Jó,20,25,29,Jó 20:25-29,"Então respondeu Zofar, o naamatita (5/5)",poetico,12,60,planejado
EP-1127,T3 — SAPIENCIAIS E POESIA,Jó,21,1,6,Jó 21:1-6,Então Jó respondeu (1/6),poetico,12,60,planejado
EP-1128,T3 — SAPIENCIAIS E POESIA,Jó,21,7,12,Jó 21:7-12,Então Jó respondeu (2/6),poetico,12,60,planejado
EP-1129,T3 — SAPIENCIAIS E POESIA,Jó,21,13,18,Jó 21:13-18,Então Jó respondeu (3/6),poetico,12,60,planejado
EP-1130,T3 — SAPIENCIAIS E POESIA,Jó,21,19,24,Jó 21:19-24,Então Jó respondeu (4/6),poetico,12,60,planejado
EP-1131,T3 — SAPIENCIAIS E POESIA,Jó,21,25,30,Jó 21:25-30,Então Jó respondeu (5/6),poetico,12,60,planejado
EP-1132,T3 — SAPIENCIAIS E POESIA,Jó,21,31,34,Jó 21:31-34,Então Jó respondeu (6/6),poetico,12,60,planejado
EP-1133,T3 — SAPIENCIAIS E POESIA,Jó,22,1,6,Jó 22:1-6,"Então respondeu Elifaz, o temanita (1/5)",poetico,12,60,planejado
EP-1134,T3 — SAPIENCIAIS E POESIA,Jó,22,7,12,Jó 22:7-12,"Então respondeu Elifaz, o temanita (2/5)",poetico,12,60,planejado
EP-1135,T3 — SAPIENCIAIS E POESIA,Jó,22,13,18,Jó 22:13-18,"Então respondeu Elifaz, o temanita (3/5)",poetico,12,60,planejado
EP-1136,T3 — SAPIENCIAIS E POESIA,Jó,22,19,24,Jó 22:19-24,"Então respondeu Elifaz, o temanita (4/5)",poetico,12,60,planejado
EP-1137,T3 — SAPIENCIAIS E POESIA,Jó,22,25,30,Jó 22:25-30,"Então respondeu Elifaz, o temanita (5/5)",poetico,12,60,planejado
EP-1138,T3 — SAPIENCIAIS E POESIA,Jó,23,1,6,Jó 23:1-6,Então Jó respondeu (1/3),poetico,12,60,planejado
EP-1139,T3 — SAPIENCIAIS E POESIA,Jó,23,7,12,Jó 23:7-12,Então Jó respondeu (2/3),poetico,12,60,planejado
EP-1140,T3 — SAPIENCIAIS E POESIA,Jó,23,13,17,Jó 23:13-17,Então Jó respondeu (3/3),poetico,12,60,planejado
EP-1141,T3 — SAPIENCIAIS E POESIA,Jó,24,1,6,Jó 24:1-6,Por que o Todo-Poderoso não designa tempos? e por (1/5),poetico,12,60,planejado
EP-1142,T3 — SAPIENCIAIS E POESIA,Jó,24,7,12,Jó 24:7-12,Por que o Todo-Poderoso não designa tempos? e por (2/5),poetico,12,60,planejado
EP-1143,T3 — SAPIENCIAIS E POESIA,Jó,24,13,18,Jó 24:13-18,Por que o Todo-Poderoso não designa tempos? e por (3/5),poetico,12,60,planejado
EP-1144,T3 — SAPIENCIAIS E POESIA,Jó,24,19,24,Jó 24:19-24,Por que o Todo-Poderoso não designa tempos? e por (4/5),poetico,12,60,planejado
EP-1145,T3 — SAPIENCIAIS E POESIA,Jó,24,25,25,Jó 24:25,Por que o Todo-Poderoso não designa tempos? e por (5/5),poetico,12,60,planejado
EP-1146,T3 — SAPIENCIAIS E POESIA,Jó,25,1,6,Jó 25:1-6,"Então respondeu Bildade, o suíta",poetico,12,60,planejado
EP-1147,T3 — SAPIENCIAIS E POESIA,Jó,26,1,6,Jó 26:1-6,Então Jó respondeu (1/3),poetico,12,60,planejado
EP-1148,T3 — SAPIENCIAIS E POESIA,Jó,26,7,12,Jó 26:7-12,Então Jó respondeu (2/3),poetico,12,60,planejado
EP-1149,T3 — SAPIENCIAIS E POESIA,Jó,26,13,14,Jó 26:13-14,Então Jó respondeu (3/3),poetico,12,60,planejado
EP-1150,T3 — SAPIENCIAIS E POESIA,Jó,27,1,6,Jó 27:1-6,"E prosseguindo Jó em seu discurso, disse (1/4)",poetico,12,60,planejado
EP-1151,T3 — SAPIENCIAIS E POESIA,Jó,27,7,12,Jó 27:7-12,"E prosseguindo Jó em seu discurso, disse (2/4)",poetico,12,60,planejado
EP-1152,T3 — SAPIENCIAIS E POESIA,Jó,27,13,18,Jó 27:13-18,"E prosseguindo Jó em seu discurso, disse (3/4)",poetico,12,60,planejado
EP-1153,T3 — SAPIENCIAIS E POESIA,Jó,27,19,23,Jó 27:19-23,"E prosseguindo Jó em seu discurso, disse (4/4)",poetico,12,60,planejado
EP-1154,T3 — SAPIENCIAIS E POESIA,Jó,28,1,6,Jó 28:1-6,"Na verdade, há minas donde se extrai a prata (1/5)",poetico,12,60,planejado
EP-1155,T3 — SAPIENCIAIS E POESIA,Jó,28,7,12,Jó 28:7-12,"Na verdade, há minas donde se extrai a prata (2/5)",poetico,12,60,planejado
EP-1156,T3 — SAPIENCIAIS E POESIA,Jó,28,13,18,Jó 28:13-18,"Na verdade, há minas donde se extrai a prata (3/5)",poetico,12,60,planejado
EP-1157,T3 — SAPIENCIAIS E POESIA,Jó,28,19,24,Jó 28:19-24,"Na verdade, há minas donde se extrai a prata (4/5)",poetico,12,60,planejado
EP-1158,T3 — SAPIENCIAIS E POESIA,Jó,28,25,28,Jó 28:25-28,"Na verdade, há minas donde se extrai a prata (5/5)",poetico,12,60,planejado
EP-1159,T3 — SAPIENCIAIS E POESIA,Jó,29,1,6,Jó 29:1-6,"E prosseguindo Jó no seu discurso, disse (1/5)",poetico,12,60,planejado
EP-1160,T3 — SAPIENCIAIS E POESIA,Jó,29,7,12,Jó 29:7-12,"E prosseguindo Jó no seu discurso, disse (2/5)",poetico,12,60,planejado
EP-1161,T3 — SAPIENCIAIS E POESIA,Jó,29,13,18,Jó 29:13-18,"E prosseguindo Jó no seu discurso, disse (3/5)",poetico,12,60,planejado
EP-1162,T3 — SAPIENCIAIS E POESIA,Jó,29,19,24,Jó 29:19-24,"E prosseguindo Jó no seu discurso, disse (4/5)",poetico,12,60,planejado
EP-1163,T3 — SAPIENCIAIS E POESIA,Jó,29,25,25,Jó 29:25,"E prosseguindo Jó no seu discurso, disse (5/5)",poetico,12,60,planejado
EP-1164,T3 — SAPIENCIAIS E POESIA,Jó,30,1,6,Jó 30:1-6,Mas agora zombam de mim os de menos idade (1/6),poetico,12,60,planejado
EP-1165,T3 — SAPIENCIAIS E POESIA,Jó,30,7,12,Jó 30:7-12,Mas agora zombam de mim os de menos idade (2/6),poetico,12,60,planejado
EP-1166,T3 — SAPIENCIAIS E POESIA,Jó,30,13,18,Jó 30:13-18,Mas agora zombam de mim os de menos idade (3/6),poetico,12,60,planejado
EP-1167,T3 — SAPIENCIAIS E POESIA,Jó,30,19,24,Jó 30:19-24,Mas agora zombam de mim os de menos idade (4/6),poetico,12,60,planejado
EP-1168,T3 — SAPIENCIAIS E POESIA,Jó,30,25,30,Jó 30:25-30,Mas agora zombam de mim os de menos idade (5/6),poetico,12,60,planejado
EP-1169,T3 — SAPIENCIAIS E POESIA,Jó,30,31,31,Jó 30:31,Mas agora zombam de mim os de menos idade (6/6),poetico,12,60,planejado
EP-1170,T3 — SAPIENCIAIS E POESIA,Jó,31,1,6,Jó 31:1-6,"Fiz pacto com os meus olhos; como, pois, os (1/7)",poetico,12,60,planejado
EP-1171,T3 — SAPIENCIAIS E POESIA,Jó,31,7,12,Jó 31:7-12,"Fiz pacto com os meus olhos; como, pois, os (2/7)",poetico,12,60,planejado
EP-1172,T3 — SAPIENCIAIS E POESIA,Jó,31,13,18,Jó 31:13-18,"Fiz pacto com os meus olhos; como, pois, os (3/7)",poetico,12,60,planejado
EP-1173,T3 — SAPIENCIAIS E POESIA,Jó,31,19,24,Jó 31:19-24,"Fiz pacto com os meus olhos; como, pois, os (4/7)",poetico,12,60,planejado
EP-1174,T3 — SAPIENCIAIS E POESIA,Jó,31,25,30,Jó 31:25-30,"Fiz pacto com os meus olhos; como, pois, os (5/7)",poetico,12,60,planejado
EP-1175,T3 — SAPIENCIAIS E POESIA,Jó,31,31,36,Jó 31:31-36,"Fiz pacto com os meus olhos; como, pois, os (6/7)",poetico,12,60,planejado
EP-1176,T3 — SAPIENCIAIS E POESIA,Jó,31,37,40,Jó 31:37-40,"Fiz pacto com os meus olhos; como, pois, os (7/7)",poetico,12,60,planejado
EP-1177,T3 — SAPIENCIAIS E POESIA,Jó,32,1,6,Jó 32:1-6,E aqueles três homens cessaram de responder a Jó (1/4),poetico,12,60,planejado
EP-1178,T3 — SAPIENCIAIS E POESIA,Jó,32,7,12,Jó 32:7-12,E aqueles três homens cessaram de responder a Jó (2/4),poetico,12,60,planejado
EP-1179,T3 — SAPIENCIAIS E POESIA,Jó,32,13,18,Jó 32:13-18,E aqueles três homens cessaram de responder a Jó (3/4),poetico,12,60,planejado
EP-1180,T3 — SAPIENCIAIS E POESIA,Jó,32,19,22,Jó 32:19-22,E aqueles três homens cessaram de responder a Jó (4/4),poetico,12,60,planejado
EP-1181,T3 — SAPIENCIAIS E POESIA,Jó,33,1,6,Jó 33:1-6,"Ouve, pois, as minhas palavras, ó Jó, e dá (1/6)",poetico,12,60,planejado
EP-1182,T3 — SAPIENCIAIS E POESIA,Jó,33,7,12,Jó 33:7-12,"Ouve, pois, as minhas palavras, ó Jó, e dá (2/6)",poetico,12,60,planejado
EP-1183,T3 — SAPIENCIAIS E POESIA,Jó,33,13,18,Jó 33:13-18,"Ouve, pois, as minhas palavras, ó Jó, e dá (3/6)",poetico,12,60,planejado
EP-1184,T3 — SAPIENCIAIS E POESIA,Jó,33,19,24,Jó 33:19-24,"Ouve, pois, as minhas palavras, ó Jó, e dá (4/6)",poetico,12,60,planejado
EP-1185,T3 — SAPIENCIAIS E POESIA,Jó,33,25,30,Jó 33:25-30,"Ouve, pois, as minhas palavras, ó Jó, e dá (5/6)",poetico,12,60,planejado
EP-1186,T3 — SAPIENCIAIS E POESIA,Jó,33,31,33,Jó 33:31-33,"Ouve, pois, as minhas palavras, ó Jó, e dá (6/6)",poetico,12,60,planejado
EP-1187,T3 — SAPIENCIAIS E POESIA,Jó,34,1,6,Jó 34:1-6,"Prosseguiu Eliú, dizendo (1/7)",poetico,12,60,planejado
EP-1188,T3 — SAPIENCIAIS E POESIA,Jó,34,7,12,Jó 34:7-12,"Prosseguiu Eliú, dizendo (2/7)",poetico,12,60,planejado
EP-1189,T3 — SAPIENCIAIS E POESIA,Jó,34,13,18,Jó 34:13-18,"Prosseguiu Eliú, dizendo (3/7)",poetico,12,60,planejado
EP-1190,T3 — SAPIENCIAIS E POESIA,Jó,34,19,24,Jó 34:19-24,"Prosseguiu Eliú, dizendo (4/7)",poetico,12,60,planejado
EP-1191,T3 — SAPIENCIAIS E POESIA,Jó,34,25,30,Jó 34:25-30,"Prosseguiu Eliú, dizendo (5/7)",poetico,12,60,planejado
EP-1192,T3 — SAPIENCIAIS E POESIA,Jó,34,31,36,Jó 34:31-36,"Prosseguiu Eliú, dizendo (6/7)",poetico,12,60,planejado
EP-1193,T3 — SAPIENCIAIS E POESIA,Jó,34,37,37,Jó 34:37,"Prosseguiu Eliú, dizendo (7/7)",poetico,12,60,planejado
EP-1194,T3 — SAPIENCIAIS E POESIA,Jó,35,1,6,Jó 35:1-6,Disse mais Eliú (1/3),poetico,12,60,planejado
EP-1195,T3 — SAPIENCIAIS E POESIA,Jó,35,7,12,Jó 35:7-12,Disse mais Eliú (2/3),poetico,12,60,planejado
EP-1196,T3 — SAPIENCIAIS E POESIA,Jó,35,13,16,Jó 35:13-16,Disse mais Eliú (3/3),poetico,12,60,planejado
EP-1197,T3 — SAPIENCIAIS E POESIA,Jó,36,1,6,Jó 36:1-6,Prosseguiu ainda Eliú e disse (1/6),poetico,12,60,planejado
EP-1198,T3 — SAPIENCIAIS E POESIA,Jó,36,7,12,Jó 36:7-12,Prosseguiu ainda Eliú e disse (2/6),poetico,12,60,planejado
EP-1199,T3 — SAPIENCIAIS E POESIA,Jó,36,13,18,Jó 36:13-18,Prosseguiu ainda Eliú e disse (3/6),poetico,12,60,planejado
EP-1200,T3 — SAPIENCIAIS E POESIA,Jó,36,19,24,Jó 36:19-24,Prosseguiu ainda Eliú e disse (4/6),poetico,12,60,planejado
EP-1201,T3 — SAPIENCIAIS E POESIA,Jó,36,25,30,Jó 36:25-30,Prosseguiu ainda Eliú e disse (5/6),poetico,12,60,planejado
EP-1202,T3 — SAPIENCIAIS E POESIA,Jó,36,31,33,Jó 36:31-33,Prosseguiu ainda Eliú e disse (6/6),poetico,12,60,planejado
EP-1203,T3 — SAPIENCIAIS E POESIA,Jó,37,1,6,Jó 37:1-6,"Sobre isso também treme o meu coração, e salta (1/4)",poetico,12,60,planejado
EP-1204,T3 — SAPIENCIAIS E POESIA,Jó,37,7,12,Jó 37:7-12,"Sobre isso também treme o meu coração, e salta (2/4)",poetico,12,60,planejado
EP-1205,T3 — SAPIENCIAIS E POESIA,Jó,37,13,18,Jó 37:13-18,"Sobre isso também treme o meu coração, e salta (3/4)",poetico,12,60,planejado
EP-1206,T3 — SAPIENCIAIS E POESIA,Jó,37,19,24,Jó 37:19-24,"Sobre isso também treme o meu coração, e salta (4/4)",poetico,12,60,planejado
EP-1207,T3 — SAPIENCIAIS E POESIA,Jó,38,1,6,Jó 38:1-6,Onde Estavas Tu? (1/7),poetico,12,60,planejado
EP-1208,T3 — SAPIENCIAIS E POESIA,Jó,38,7,12,Jó 38:7-12,Onde Estavas Tu? (2/7),poetico,12,60,planejado
EP-1209,T3 — SAPIENCIAIS E POESIA,Jó,38,13,18,Jó 38:13-18,Onde Estavas Tu? (3/7),poetico,12,60,planejado
EP-1210,T3 — SAPIENCIAIS E POESIA,Jó,38,19,24,Jó 38:19-24,Onde Estavas Tu? (4/7),poetico,12,60,planejado
EP-1211,T3 — SAPIENCIAIS E POESIA,Jó,38,25,30,Jó 38:25-30,Onde Estavas Tu? (5/7),poetico,12,60,planejado
EP-1212,T3 — SAPIENCIAIS E POESIA,Jó,38,31,36,Jó 38:31-36,Onde Estavas Tu? (6/7),poetico,12,60,planejado
EP-1213,T3 — SAPIENCIAIS E POESIA,Jó,38,37,41,Jó 38:37-41,Onde Estavas Tu? (7/7),poetico,12,60,planejado
EP-1214,T3 — SAPIENCIAIS E POESIA,Jó,39,1,6,Jó 39:1-6,Sabes tu o tempo do parto das cabras montesas (1/6),poetico,12,60,planejado
EP-1215,T3 — SAPIENCIAIS E POESIA,Jó,39,7,12,Jó 39:7-12,Sabes tu o tempo do parto das cabras montesas (2/6),poetico,12,60,planejado
EP-1216,T3 — SAPIENCIAIS E POESIA,Jó,39,13,18,Jó 39:13-18,Sabes tu o tempo do parto das cabras montesas (3/6),poetico,12,60,planejado
EP-1217,T3 — SAPIENCIAIS E POESIA,Jó,39,19,24,Jó 39:19-24,Sabes tu o tempo do parto das cabras montesas (4/6),poetico,12,60,planejado
EP-1218,T3 — SAPIENCIAIS E POESIA,Jó,39,25,30,Jó 39:25-30,Sabes tu o tempo do parto das cabras montesas (5/6),poetico,12,60,planejado
EP-1219,T3 — SAPIENCIAIS E POESIA,Jó,39,31,35,Jó 39:31-35,Sabes tu o tempo do parto das cabras montesas (6/6),poetico,12,60,planejado
EP-1220,T3 — SAPIENCIAIS E POESIA,Jó,40,1,6,Jó 40:1-6,Disse mais o Senhor a Jó (1/6),poetico,12,60,planejado
EP-1221,T3 — SAPIENCIAIS E POESIA,Jó,40,7,12,Jó 40:7-12,Disse mais o Senhor a Jó (2/6),poetico,12,60,planejado
EP-1222,T3 — SAPIENCIAIS E POESIA,Jó,40,13,18,Jó 40:13-18,Disse mais o Senhor a Jó (3/6),poetico,12,60,planejado
EP-1223,T3 — SAPIENCIAIS E POESIA,Jó,40,19,24,Jó 40:19-24,Disse mais o Senhor a Jó (4/6),poetico,12,60,planejado
EP-1224,T3 — SAPIENCIAIS E POESIA,Jó,40,25,30,Jó 40:25-30,Disse mais o Senhor a Jó (5/6),poetico,12,60,planejado
EP-1225,T3 — SAPIENCIAIS E POESIA,Jó,40,31,32,Jó 40:31-32,Disse mais o Senhor a Jó (6/6),poetico,12,60,planejado
EP-1226,T3 — SAPIENCIAIS E POESIA,Jó,41,1,6,Jó 41:1-6,"Poderás tirar com anzol o leviatã, ou apertar-lhe a (1/6)",poetico,12,60,planejado
EP-1227,T3 — SAPIENCIAIS E POESIA,Jó,41,7,12,Jó 41:7-12,"Poderás tirar com anzol o leviatã, ou apertar-lhe a (2/6)",poetico,12,60,planejado
EP-1228,T3 — SAPIENCIAIS E POESIA,Jó,41,13,18,Jó 41:13-18,"Poderás tirar com anzol o leviatã, ou apertar-lhe a (3/6)",poetico,12,60,planejado
EP-1229,T3 — SAPIENCIAIS E POESIA,Jó,41,19,24,Jó 41:19-24,"Poderás tirar com anzol o leviatã, ou apertar-lhe a (4/6)",poetico,12,60,planejado
EP-1230,T3 — SAPIENCIAIS E POESIA,Jó,41,25,30,Jó 41:25-30,"Poderás tirar com anzol o leviatã, ou apertar-lhe a (5/6)",poetico,12,60,planejado
EP-1231,T3 — SAPIENCIAIS E POESIA,Jó,41,31,34,Jó 41:31-34,"Poderás tirar com anzol o leviatã, ou apertar-lhe a (6/6)",poetico,12,60,planejado
EP-1232,T3 — SAPIENCIAIS E POESIA,Jó,42,1,6,Jó 42:1-6,Depois de Ouvir-te (1/3),poetico,12,60,planejado
EP-1233,T3 — SAPIENCIAIS E POESIA,Jó,42,7,12,Jó 42:7-12,Depois de Ouvir-te (2/3),poetico,12,60,planejado
EP-1234,T3 — SAPIENCIAIS E POESIA,Jó,42,13,17,Jó 42:13-17,Depois de Ouvir-te (3/3),poetico,12,60,planejado
EP-1235,T3 — SAPIENCIAIS E POESIA,Salmos,1,1,6,Salmos 1:1-6,Bem-aventurado o Varão (1/2),poetico,12,60,planejado
EP-1236,T3 — SAPIENCIAIS E POESIA,Salmos,1,7,8,Salmos 1:7-8,Bem-aventurado o Varão (2/2),poetico,12,60,planejado
EP-1237,T3 — SAPIENCIAIS E POESIA,Salmos,2,1,6,Salmos 2:1-6,"Por que se amotinam as nações, e os povos (1/7)",poetico,12,60,planejado
EP-1238,T3 — SAPIENCIAIS E POESIA,Salmos,2,7,12,Salmos 2:7-12,"Por que se amotinam as nações, e os povos (2/7)",poetico,12,60,planejado
EP-1239,T3 — SAPIENCIAIS E POESIA,Salmos,2,13,18,Salmos 2:13-18,"Por que se amotinam as nações, e os povos (3/7)",poetico,12,60,planejado
EP-1240,T3 — SAPIENCIAIS E POESIA,Salmos,2,19,24,Salmos 2:19-24,"Por que se amotinam as nações, e os povos (4/7)",poetico,12,60,planejado
EP-1241,T3 — SAPIENCIAIS E POESIA,Salmos,2,25,30,Salmos 2:25-30,"Por que se amotinam as nações, e os povos (5/7)",poetico,12,60,planejado
EP-1242,T3 — SAPIENCIAIS E POESIA,Salmos,2,31,36,Salmos 2:31-36,"Por que se amotinam as nações, e os povos (6/7)",poetico,12,60,planejado
EP-1243,T3 — SAPIENCIAIS E POESIA,Salmos,2,37,41,Salmos 2:37-41,"Por que se amotinam as nações, e os povos (7/7)",poetico,12,60,planejado
EP-1244,T3 — SAPIENCIAIS E POESIA,Salmos,3,1,6,Salmos 3:1-6,"Senhor, como se têm multiplicado os meus adversários! Muitos (1/3)",poetico,12,60,planejado
EP-1245,T3 — SAPIENCIAIS E POESIA,Salmos,3,7,12,Salmos 3:7-12,"Senhor, como se têm multiplicado os meus adversários! Muitos (2/3)",poetico,12,60,planejado
EP-1246,T3 — SAPIENCIAIS E POESIA,Salmos,3,13,16,Salmos 3:13-16,"Senhor, como se têm multiplicado os meus adversários! Muitos (3/3)",poetico,12,60,planejado
EP-1247,T3 — SAPIENCIAIS E POESIA,Salmos,4,1,6,Salmos 4:1-6,"Responde-me quando eu clamar, ó Deus da minha justiça! (1/5)",poetico,12,60,planejado
EP-1248,T3 — SAPIENCIAIS E POESIA,Salmos,4,7,12,Salmos 4:7-12,"Responde-me quando eu clamar, ó Deus da minha justiça! (2/5)",poetico,12,60,planejado
EP-1249,T3 — SAPIENCIAIS E POESIA,Salmos,4,13,18,Salmos 4:13-18,"Responde-me quando eu clamar, ó Deus da minha justiça! (3/5)",poetico,12,60,planejado
EP-1250,T3 — SAPIENCIAIS E POESIA,Salmos,4,19,24,Salmos 4:19-24,"Responde-me quando eu clamar, ó Deus da minha justiça! (4/5)",poetico,12,60,planejado
EP-1251,T3 — SAPIENCIAIS E POESIA,Salmos,4,25,29,Salmos 4:25-29,"Responde-me quando eu clamar, ó Deus da minha justiça! (5/5)",poetico,12,60,planejado
EP-1252,T3 — SAPIENCIAIS E POESIA,Salmos,5,1,6,Salmos 5:1-6,"Dá ouvidos às minhas palavras, ó Senhor; atende aos (1/4)",poetico,12,60,planejado
EP-1253,T3 — SAPIENCIAIS E POESIA,Salmos,5,7,12,Salmos 5:7-12,"Dá ouvidos às minhas palavras, ó Senhor; atende aos (2/4)",poetico,12,60,planejado
EP-1254,T3 — SAPIENCIAIS E POESIA,Salmos,5,13,18,Salmos 5:13-18,"Dá ouvidos às minhas palavras, ó Senhor; atende aos (3/4)",poetico,12,60,planejado
EP-1255,T3 — SAPIENCIAIS E POESIA,Salmos,5,19,22,Salmos 5:19-22,"Dá ouvidos às minhas palavras, ó Senhor; atende aos (4/4)",poetico,12,60,planejado
EP-1256,T3 — SAPIENCIAIS E POESIA,Salmos,6,1,6,Salmos 6:1-6,"Senhor, não me repreendas na tua ira, nem me (1/2)",poetico,12,60,planejado
EP-1257,T3 — SAPIENCIAIS E POESIA,Salmos,6,7,11,Salmos 6:7-11,"Senhor, não me repreendas na tua ira, nem me (2/2)",poetico,12,60,planejado
EP-1258,T3 — SAPIENCIAIS E POESIA,Salmos,7,1,6,Salmos 7:1-6,"Senhor, Deus meu, confio, salva-me de todo o que (1/3)",poetico,12,60,planejado
EP-1259,T3 — SAPIENCIAIS E POESIA,Salmos,7,7,12,Salmos 7:7-12,"Senhor, Deus meu, confio, salva-me de todo o que (2/3)",poetico,12,60,planejado
EP-1260,T3 — SAPIENCIAIS E POESIA,Salmos,7,13,18,Salmos 7:13-18,"Senhor, Deus meu, confio, salva-me de todo o que (3/3)",poetico,12,60,planejado
EP-1261,T3 — SAPIENCIAIS E POESIA,Salmos,8,1,6,Salmos 8:1-6,Que É o Homem? (1/7),poetico,12,60,planejado
EP-1262,T3 — SAPIENCIAIS E POESIA,Salmos,8,7,12,Salmos 8:7-12,Que É o Homem? (2/7),poetico,12,60,planejado
EP-1263,T3 — SAPIENCIAIS E POESIA,Salmos,8,13,18,Salmos 8:13-18,Que É o Homem? (3/7),poetico,12,60,planejado
EP-1264,T3 — SAPIENCIAIS E POESIA,Salmos,8,19,24,Salmos 8:19-24,Que É o Homem? (4/7),poetico,12,60,planejado
EP-1265,T3 — SAPIENCIAIS E POESIA,Salmos,8,25,30,Salmos 8:25-30,Que É o Homem? (5/7),poetico,12,60,planejado
EP-1266,T3 — SAPIENCIAIS E POESIA,Salmos,8,31,36,Salmos 8:31-36,Que É o Homem? (6/7),poetico,12,60,planejado
EP-1267,T3 — SAPIENCIAIS E POESIA,Salmos,8,37,40,Salmos 8:37-40,Que É o Homem? (7/7),poetico,12,60,planejado
EP-1268,T3 — SAPIENCIAIS E POESIA,Salmos,9,1,6,Salmos 9:1-6,"Eu te louvarei, Senhor, de todo o meu coração (1/7)",poetico,12,60,planejado
EP-1269,T3 — SAPIENCIAIS E POESIA,Salmos,9,7,12,Salmos 9:7-12,"Eu te louvarei, Senhor, de todo o meu coração (2/7)",poetico,12,60,planejado
EP-1270,T3 — SAPIENCIAIS E POESIA,Salmos,9,13,18,Salmos 9:13-18,"Eu te louvarei, Senhor, de todo o meu coração (3/7)",poetico,12,60,planejado
EP-1271,T3 — SAPIENCIAIS E POESIA,Salmos,9,19,24,Salmos 9:19-24,"Eu te louvarei, Senhor, de todo o meu coração (4/7)",poetico,12,60,planejado
EP-1272,T3 — SAPIENCIAIS E POESIA,Salmos,9,25,30,Salmos 9:25-30,"Eu te louvarei, Senhor, de todo o meu coração (5/7)",poetico,12,60,planejado
EP-1273,T3 — SAPIENCIAIS E POESIA,Salmos,9,31,36,Salmos 9:31-36,"Eu te louvarei, Senhor, de todo o meu coração (6/7)",poetico,12,60,planejado
EP-1274,T3 — SAPIENCIAIS E POESIA,Salmos,9,37,39,Salmos 9:37-39,"Eu te louvarei, Senhor, de todo o meu coração (7/7)",poetico,12,60,planejado
EP-1275,T3 — SAPIENCIAIS E POESIA,Salmos,10,1,6,Salmos 10:1-6,"Por que te conservas ao longe, Senhor? Por que (1/3)",poetico,12,60,planejado
EP-1276,T3 — SAPIENCIAIS E POESIA,Salmos,10,7,12,Salmos 10:7-12,"Por que te conservas ao longe, Senhor? Por que (2/3)",poetico,12,60,planejado
EP-1277,T3 — SAPIENCIAIS E POESIA,Salmos,10,13,18,Salmos 10:13-18,"Por que te conservas ao longe, Senhor? Por que (3/3)",poetico,12,60,planejado
EP-1278,T3 — SAPIENCIAIS E POESIA,Salmos,11,1,6,Salmos 11:1-6,"No Senhor confio. Como, pois, me dizeis: Foge para (1/2)",poetico,12,60,planejado
EP-1279,T3 — SAPIENCIAIS E POESIA,Salmos,11,7,9,Salmos 11:7-9,"No Senhor confio. Como, pois, me dizeis: Foge para (2/2)",poetico,12,60,planejado
EP-1280,T3 — SAPIENCIAIS E POESIA,Salmos,12,1,6,Salmos 12:1-6,"Salva-nos, Senhor, pois não existe mais o piedoso; os (1/2)",poetico,12,60,planejado
EP-1281,T3 — SAPIENCIAIS E POESIA,Salmos,12,7,9,Salmos 12:7-9,"Salva-nos, Senhor, pois não existe mais o piedoso; os (2/2)",poetico,12,60,planejado
EP-1282,T3 — SAPIENCIAIS E POESIA,Salmos,13,1,6,Salmos 13:1-6,"Até quando, ó Senhor, te esquecerás de mim? para (1/2)",poetico,12,60,planejado
EP-1283,T3 — SAPIENCIAIS E POESIA,Salmos,13,7,11,Salmos 13:7-11,"Até quando, ó Senhor, te esquecerás de mim? para (2/2)",poetico,12,60,planejado
EP-1284,T3 — SAPIENCIAIS E POESIA,Salmos,14,1,6,Salmos 14:1-6,Diz o néscio no seu coração: Não há Deus (1/2),poetico,12,60,planejado
EP-1285,T3 — SAPIENCIAIS E POESIA,Salmos,14,7,7,Salmos 14:7,Diz o néscio no seu coração: Não há Deus (2/2),poetico,12,60,planejado
EP-1286,T3 — SAPIENCIAIS E POESIA,Salmos,15,1,6,Salmos 15:1-6,"Quem, Senhor, habitará na tua tenda? quem morará no (1/3)",poetico,12,60,planejado
EP-1287,T3 — SAPIENCIAIS E POESIA,Salmos,15,7,12,Salmos 15:7-12,"Quem, Senhor, habitará na tua tenda? quem morará no (2/3)",poetico,12,60,planejado
EP-1288,T3 — SAPIENCIAIS E POESIA,Salmos,15,13,15,Salmos 15:13-15,"Quem, Senhor, habitará na tua tenda? quem morará no (3/3)",poetico,12,60,planejado
EP-1289,T3 — SAPIENCIAIS E POESIA,Salmos,16,1,6,Salmos 16:1-6,"Guarda-me, ó Deus, porque em ti me refugio (1/3)",poetico,12,60,planejado
EP-1290,T3 — SAPIENCIAIS E POESIA,Salmos,16,7,12,Salmos 16:7-12,"Guarda-me, ó Deus, porque em ti me refugio (2/3)",poetico,12,60,planejado
EP-1291,T3 — SAPIENCIAIS E POESIA,Salmos,16,13,15,Salmos 16:13-15,"Guarda-me, ó Deus, porque em ti me refugio (3/3)",poetico,12,60,planejado
EP-1292,T3 — SAPIENCIAIS E POESIA,Salmos,17,1,6,Salmos 17:1-6,"Ouve, Senhor, a justa causa; atende ao meu clamor (1/9)",poetico,12,60,planejado
EP-1293,T3 — SAPIENCIAIS E POESIA,Salmos,17,7,12,Salmos 17:7-12,"Ouve, Senhor, a justa causa; atende ao meu clamor (2/9)",poetico,12,60,planejado
EP-1294,T3 — SAPIENCIAIS E POESIA,Salmos,17,13,18,Salmos 17:13-18,"Ouve, Senhor, a justa causa; atende ao meu clamor (3/9)",poetico,12,60,planejado
EP-1295,T3 — SAPIENCIAIS E POESIA,Salmos,17,19,24,Salmos 17:19-24,"Ouve, Senhor, a justa causa; atende ao meu clamor (4/9)",poetico,12,60,planejado
EP-1296,T3 — SAPIENCIAIS E POESIA,Salmos,17,25,30,Salmos 17:25-30,"Ouve, Senhor, a justa causa; atende ao meu clamor (5/9)",poetico,12,60,planejado
EP-1297,T3 — SAPIENCIAIS E POESIA,Salmos,17,31,36,Salmos 17:31-36,"Ouve, Senhor, a justa causa; atende ao meu clamor (6/9)",poetico,12,60,planejado
EP-1298,T3 — SAPIENCIAIS E POESIA,Salmos,17,37,42,Salmos 17:37-42,"Ouve, Senhor, a justa causa; atende ao meu clamor (7/9)",poetico,12,60,planejado
EP-1299,T3 — SAPIENCIAIS E POESIA,Salmos,17,43,48,Salmos 17:43-48,"Ouve, Senhor, a justa causa; atende ao meu clamor (8/9)",poetico,12,60,planejado
EP-1300,T3 — SAPIENCIAIS E POESIA,Salmos,17,49,51,Salmos 17:49-51,"Ouve, Senhor, a justa causa; atende ao meu clamor (9/9)",poetico,12,60,planejado
EP-1301,T3 — SAPIENCIAIS E POESIA,Salmos,18,1,6,Salmos 18:1-6,"Eu te amo, ó Senhor, força minha (1/9)",poetico,12,60,planejado
EP-1302,T3 — SAPIENCIAIS E POESIA,Salmos,18,7,12,Salmos 18:7-12,"Eu te amo, ó Senhor, força minha (2/9)",poetico,12,60,planejado
EP-1303,T3 — SAPIENCIAIS E POESIA,Salmos,18,13,18,Salmos 18:13-18,"Eu te amo, ó Senhor, força minha (3/9)",poetico,12,60,planejado
EP-1304,T3 — SAPIENCIAIS E POESIA,Salmos,18,19,24,Salmos 18:19-24,"Eu te amo, ó Senhor, força minha (4/9)",poetico,12,60,planejado
EP-1305,T3 — SAPIENCIAIS E POESIA,Salmos,18,25,30,Salmos 18:25-30,"Eu te amo, ó Senhor, força minha (5/9)",poetico,12,60,planejado
EP-1306,T3 — SAPIENCIAIS E POESIA,Salmos,18,31,36,Salmos 18:31-36,"Eu te amo, ó Senhor, força minha (6/9)",poetico,12,60,planejado
EP-1307,T3 — SAPIENCIAIS E POESIA,Salmos,18,37,42,Salmos 18:37-42,"Eu te amo, ó Senhor, força minha (7/9)",poetico,12,60,planejado
EP-1308,T3 — SAPIENCIAIS E POESIA,Salmos,18,43,48,Salmos 18:43-48,"Eu te amo, ó Senhor, força minha (8/9)",poetico,12,60,planejado
EP-1309,T3 — SAPIENCIAIS E POESIA,Salmos,18,49,51,Salmos 18:49-51,"Eu te amo, ó Senhor, força minha (9/9)",poetico,12,60,planejado
EP-1310,T3 — SAPIENCIAIS E POESIA,Salmos,19,1,6,Salmos 19:1-6,Os Céus Proclamam (1/3),poetico,12,60,planejado
EP-1311,T3 — SAPIENCIAIS E POESIA,Salmos,19,7,12,Salmos 19:7-12,Os Céus Proclamam (2/3),poetico,12,60,planejado
EP-1312,T3 — SAPIENCIAIS E POESIA,Salmos,19,13,15,Salmos 19:13-15,Os Céus Proclamam (3/3),poetico,12,60,planejado
EP-1313,T3 — SAPIENCIAIS E POESIA,Salmos,20,1,6,Salmos 20:1-6,O Senhor te ouça no dia da angústia; o (1/3),poetico,12,60,planejado
EP-1314,T3 — SAPIENCIAIS E POESIA,Salmos,20,7,12,Salmos 20:7-12,O Senhor te ouça no dia da angústia; o (2/3),poetico,12,60,planejado
EP-1315,T3 — SAPIENCIAIS E POESIA,Salmos,20,13,14,Salmos 20:13-14,O Senhor te ouça no dia da angústia; o (3/3),poetico,12,60,planejado
EP-1316,T3 — SAPIENCIAIS E POESIA,Salmos,21,1,6,Salmos 21:1-6,"Na tua força, ó Senhor, o rei se alegra (1/6)",poetico,12,60,planejado
EP-1317,T3 — SAPIENCIAIS E POESIA,Salmos,21,7,12,Salmos 21:7-12,"Na tua força, ó Senhor, o rei se alegra (2/6)",poetico,12,60,planejado
EP-1318,T3 — SAPIENCIAIS E POESIA,Salmos,21,13,18,Salmos 21:13-18,"Na tua força, ó Senhor, o rei se alegra (3/6)",poetico,12,60,planejado
EP-1319,T3 — SAPIENCIAIS E POESIA,Salmos,21,19,24,Salmos 21:19-24,"Na tua força, ó Senhor, o rei se alegra (4/6)",poetico,12,60,planejado
EP-1320,T3 — SAPIENCIAIS E POESIA,Salmos,21,25,30,Salmos 21:25-30,"Na tua força, ó Senhor, o rei se alegra (5/6)",poetico,12,60,planejado
EP-1321,T3 — SAPIENCIAIS E POESIA,Salmos,21,31,32,Salmos 21:31-32,"Na tua força, ó Senhor, o rei se alegra (6/6)",poetico,12,60,planejado
EP-1322,T3 — SAPIENCIAIS E POESIA,Salmos,22,1,6,Salmos 22:1-6,"Deus Meu, Deus Meu (1/6)",poetico,12,60,planejado
EP-1323,T3 — SAPIENCIAIS E POESIA,Salmos,22,7,12,Salmos 22:7-12,"Deus Meu, Deus Meu (2/6)",poetico,12,60,planejado
EP-1324,T3 — SAPIENCIAIS E POESIA,Salmos,22,13,18,Salmos 22:13-18,"Deus Meu, Deus Meu (3/6)",poetico,12,60,planejado
EP-1325,T3 — SAPIENCIAIS E POESIA,Salmos,22,19,24,Salmos 22:19-24,"Deus Meu, Deus Meu (4/6)",poetico,12,60,planejado
EP-1326,T3 — SAPIENCIAIS E POESIA,Salmos,22,25,30,Salmos 22:25-30,"Deus Meu, Deus Meu (5/6)",poetico,12,60,planejado
EP-1327,T3 — SAPIENCIAIS E POESIA,Salmos,22,31,32,Salmos 22:31-32,"Deus Meu, Deus Meu (6/6)",poetico,12,60,planejado
EP-1328,T3 — SAPIENCIAIS E POESIA,Salmos,23,1,6,Salmos 23:1-6,O SENHOR É Meu Pastor (1/2),poetico,12,60,planejado
EP-1329,T3 — SAPIENCIAIS E POESIA,Salmos,23,7,10,Salmos 23:7-10,O SENHOR É Meu Pastor (2/2),poetico,12,60,planejado
EP-1330,T3 — SAPIENCIAIS E POESIA,Salmos,24,1,6,Salmos 24:1-6,Do Senhor é a terra e a sua plenitude (1/4),poetico,12,60,planejado
EP-1331,T3 — SAPIENCIAIS E POESIA,Salmos,24,7,12,Salmos 24:7-12,Do Senhor é a terra e a sua plenitude (2/4),poetico,12,60,planejado
EP-1332,T3 — SAPIENCIAIS E POESIA,Salmos,24,13,18,Salmos 24:13-18,Do Senhor é a terra e a sua plenitude (3/4),poetico,12,60,planejado
EP-1333,T3 — SAPIENCIAIS E POESIA,Salmos,24,19,22,Salmos 24:19-22,Do Senhor é a terra e a sua plenitude (4/4),poetico,12,60,planejado
EP-1334,T3 — SAPIENCIAIS E POESIA,Salmos,25,1,6,Salmos 25:1-6,"A ti, Senhor, elevo a minha alma (1/4)",poetico,12,60,planejado
EP-1335,T3 — SAPIENCIAIS E POESIA,Salmos,25,7,12,Salmos 25:7-12,"A ti, Senhor, elevo a minha alma (2/4)",poetico,12,60,planejado
EP-1336,T3 — SAPIENCIAIS E POESIA,Salmos,25,13,18,Salmos 25:13-18,"A ti, Senhor, elevo a minha alma (3/4)",poetico,12,60,planejado
EP-1337,T3 — SAPIENCIAIS E POESIA,Salmos,25,19,22,Salmos 25:19-22,"A ti, Senhor, elevo a minha alma (4/4)",poetico,12,60,planejado
EP-1338,T3 — SAPIENCIAIS E POESIA,Salmos,26,1,6,Salmos 26:1-6,"Julga-me, ó Senhor, pois tenho andado na minha integridade (1/3)",poetico,12,60,planejado
EP-1339,T3 — SAPIENCIAIS E POESIA,Salmos,26,7,12,Salmos 26:7-12,"Julga-me, ó Senhor, pois tenho andado na minha integridade (2/3)",poetico,12,60,planejado
EP-1340,T3 — SAPIENCIAIS E POESIA,Salmos,26,13,14,Salmos 26:13-14,"Julga-me, ó Senhor, pois tenho andado na minha integridade (3/3)",poetico,12,60,planejado
EP-1341,T3 — SAPIENCIAIS E POESIA,Salmos,27,1,6,Salmos 27:1-6,O SENHOR É Minha Luz (1/3),poetico,12,60,planejado
EP-1342,T3 — SAPIENCIAIS E POESIA,Salmos,27,7,12,Salmos 27:7-12,O SENHOR É Minha Luz (2/3),poetico,12,60,planejado
EP-1343,T3 — SAPIENCIAIS E POESIA,Salmos,27,13,14,Salmos 27:13-14,O SENHOR É Minha Luz (3/3),poetico,12,60,planejado
EP-1344,T3 — SAPIENCIAIS E POESIA,Salmos,28,1,6,Salmos 28:1-6,"A ti clamo, ó Senhor; rocha minha, não emudeças (1/2)",poetico,12,60,planejado
EP-1345,T3 — SAPIENCIAIS E POESIA,Salmos,28,7,11,Salmos 28:7-11,"A ti clamo, ó Senhor; rocha minha, não emudeças (2/2)",poetico,12,60,planejado
EP-1346,T3 — SAPIENCIAIS E POESIA,Salmos,29,1,6,Salmos 29:1-6,"Tributai ao Senhor, ó filhos dos poderosos, tributai ao (1/3)",poetico,12,60,planejado
EP-1347,T3 — SAPIENCIAIS E POESIA,Salmos,29,7,12,Salmos 29:7-12,"Tributai ao Senhor, ó filhos dos poderosos, tributai ao (2/3)",poetico,12,60,planejado
EP-1348,T3 — SAPIENCIAIS E POESIA,Salmos,29,13,13,Salmos 29:13,"Tributai ao Senhor, ó filhos dos poderosos, tributai ao (3/3)",poetico,12,60,planejado
EP-1349,T3 — SAPIENCIAIS E POESIA,Salmos,30,1,6,Salmos 30:1-6,"Exaltar-te-ei, ó Senhor, porque tu me levantaste, e não (1/5)",poetico,12,60,planejado
EP-1350,T3 — SAPIENCIAIS E POESIA,Salmos,30,7,12,Salmos 30:7-12,"Exaltar-te-ei, ó Senhor, porque tu me levantaste, e não (2/5)",poetico,12,60,planejado
EP-1351,T3 — SAPIENCIAIS E POESIA,Salmos,30,13,18,Salmos 30:13-18,"Exaltar-te-ei, ó Senhor, porque tu me levantaste, e não (3/5)",poetico,12,60,planejado
EP-1352,T3 — SAPIENCIAIS E POESIA,Salmos,30,19,24,Salmos 30:19-24,"Exaltar-te-ei, ó Senhor, porque tu me levantaste, e não (4/5)",poetico,12,60,planejado
EP-1353,T3 — SAPIENCIAIS E POESIA,Salmos,30,25,25,Salmos 30:25,"Exaltar-te-ei, ó Senhor, porque tu me levantaste, e não (5/5)",poetico,12,60,planejado
EP-1354,T3 — SAPIENCIAIS E POESIA,Salmos,31,1,6,Salmos 31:1-6,"Em ti, Senhor, me refugio; nunca seja eu envergonhado (1/5)",poetico,12,60,planejado
EP-1355,T3 — SAPIENCIAIS E POESIA,Salmos,31,7,12,Salmos 31:7-12,"Em ti, Senhor, me refugio; nunca seja eu envergonhado (2/5)",poetico,12,60,planejado
EP-1356,T3 — SAPIENCIAIS E POESIA,Salmos,31,13,18,Salmos 31:13-18,"Em ti, Senhor, me refugio; nunca seja eu envergonhado (3/5)",poetico,12,60,planejado
EP-1357,T3 — SAPIENCIAIS E POESIA,Salmos,31,19,24,Salmos 31:19-24,"Em ti, Senhor, me refugio; nunca seja eu envergonhado (4/5)",poetico,12,60,planejado
EP-1358,T3 — SAPIENCIAIS E POESIA,Salmos,31,25,25,Salmos 31:25,"Em ti, Senhor, me refugio; nunca seja eu envergonhado (5/5)",poetico,12,60,planejado
EP-1359,T3 — SAPIENCIAIS E POESIA,Salmos,32,1,6,Salmos 32:1-6,"Bem-aventurado aquele cuja transgressão é perdoada, e cujo… (1/4)",poetico,12,60,planejado
EP-1360,T3 — SAPIENCIAIS E POESIA,Salmos,32,7,12,Salmos 32:7-12,"Bem-aventurado aquele cuja transgressão é perdoada, e cujo… (2/4)",poetico,12,60,planejado
EP-1361,T3 — SAPIENCIAIS E POESIA,Salmos,32,13,18,Salmos 32:13-18,"Bem-aventurado aquele cuja transgressão é perdoada, e cujo… (3/4)",poetico,12,60,planejado
EP-1362,T3 — SAPIENCIAIS E POESIA,Salmos,32,19,22,Salmos 32:19-22,"Bem-aventurado aquele cuja transgressão é perdoada, e cujo… (4/4)",poetico,12,60,planejado
EP-1363,T3 — SAPIENCIAIS E POESIA,Salmos,33,1,6,Salmos 33:1-6,"Regozijai-vos no Senhor, vós justos, pois aos retos fica (1/4)",poetico,12,60,planejado
EP-1364,T3 — SAPIENCIAIS E POESIA,Salmos,33,7,12,Salmos 33:7-12,"Regozijai-vos no Senhor, vós justos, pois aos retos fica (2/4)",poetico,12,60,planejado
EP-1365,T3 — SAPIENCIAIS E POESIA,Salmos,33,13,18,Salmos 33:13-18,"Regozijai-vos no Senhor, vós justos, pois aos retos fica (3/4)",poetico,12,60,planejado
EP-1366,T3 — SAPIENCIAIS E POESIA,Salmos,33,19,23,Salmos 33:19-23,"Regozijai-vos no Senhor, vós justos, pois aos retos fica (4/4)",poetico,12,60,planejado
EP-1367,T3 — SAPIENCIAIS E POESIA,Salmos,34,1,6,Salmos 34:1-6,Bendirei o SENHOR em Todo Tempo (1/5),poetico,12,60,planejado
EP-1368,T3 — SAPIENCIAIS E POESIA,Salmos,34,7,12,Salmos 34:7-12,Bendirei o SENHOR em Todo Tempo (2/5),poetico,12,60,planejado
EP-1369,T3 — SAPIENCIAIS E POESIA,Salmos,34,13,18,Salmos 34:13-18,Bendirei o SENHOR em Todo Tempo (3/5),poetico,12,60,planejado
EP-1370,T3 — SAPIENCIAIS E POESIA,Salmos,34,19,24,Salmos 34:19-24,Bendirei o SENHOR em Todo Tempo (4/5),poetico,12,60,planejado
EP-1371,T3 — SAPIENCIAIS E POESIA,Salmos,34,25,28,Salmos 34:25-28,Bendirei o SENHOR em Todo Tempo (5/5),poetico,12,60,planejado
EP-1372,T3 — SAPIENCIAIS E POESIA,Salmos,35,1,6,Salmos 35:1-6,"Contende, Senhor, com aqueles que contendem comigo;… (1/5)",poetico,12,60,planejado
EP-1373,T3 — SAPIENCIAIS E POESIA,Salmos,35,7,12,Salmos 35:7-12,"Contende, Senhor, com aqueles que contendem comigo;… (2/5)",poetico,12,60,planejado
EP-1374,T3 — SAPIENCIAIS E POESIA,Salmos,35,13,18,Salmos 35:13-18,"Contende, Senhor, com aqueles que contendem comigo;… (3/5)",poetico,12,60,planejado
EP-1375,T3 — SAPIENCIAIS E POESIA,Salmos,35,19,24,Salmos 35:19-24,"Contende, Senhor, com aqueles que contendem comigo;… (4/5)",poetico,12,60,planejado
EP-1376,T3 — SAPIENCIAIS E POESIA,Salmos,35,25,28,Salmos 35:25-28,"Contende, Senhor, com aqueles que contendem comigo;… (5/5)",poetico,12,60,planejado
EP-1377,T3 — SAPIENCIAIS E POESIA,Salmos,36,1,6,Salmos 36:1-6,A transgressão fala ao ímpio no íntimo do seu (1/7),poetico,12,60,planejado
EP-1378,T3 — SAPIENCIAIS E POESIA,Salmos,36,7,12,Salmos 36:7-12,A transgressão fala ao ímpio no íntimo do seu (2/7),poetico,12,60,planejado
EP-1379,T3 — SAPIENCIAIS E POESIA,Salmos,36,13,18,Salmos 36:13-18,A transgressão fala ao ímpio no íntimo do seu (3/7),poetico,12,60,planejado
EP-1380,T3 — SAPIENCIAIS E POESIA,Salmos,36,19,24,Salmos 36:19-24,A transgressão fala ao ímpio no íntimo do seu (4/7),poetico,12,60,planejado
EP-1381,T3 — SAPIENCIAIS E POESIA,Salmos,36,25,30,Salmos 36:25-30,A transgressão fala ao ímpio no íntimo do seu (5/7),poetico,12,60,planejado
EP-1382,T3 — SAPIENCIAIS E POESIA,Salmos,36,31,36,Salmos 36:31-36,A transgressão fala ao ímpio no íntimo do seu (6/7),poetico,12,60,planejado
EP-1383,T3 — SAPIENCIAIS E POESIA,Salmos,36,37,40,Salmos 36:37-40,A transgressão fala ao ímpio no íntimo do seu (7/7),poetico,12,60,planejado
EP-1384,T3 — SAPIENCIAIS E POESIA,Salmos,37,1,6,Salmos 37:1-6,Não Te Indignes por Causa dos Maus (1/7),poetico,12,60,planejado
EP-1385,T3 — SAPIENCIAIS E POESIA,Salmos,37,7,12,Salmos 37:7-12,Não Te Indignes por Causa dos Maus (2/7),poetico,12,60,planejado
EP-1386,T3 — SAPIENCIAIS E POESIA,Salmos,37,13,18,Salmos 37:13-18,Não Te Indignes por Causa dos Maus (3/7),poetico,12,60,planejado
EP-1387,T3 — SAPIENCIAIS E POESIA,Salmos,37,19,24,Salmos 37:19-24,Não Te Indignes por Causa dos Maus (4/7),poetico,12,60,planejado
EP-1388,T3 — SAPIENCIAIS E POESIA,Salmos,37,25,30,Salmos 37:25-30,Não Te Indignes por Causa dos Maus (5/7),poetico,12,60,planejado
EP-1389,T3 — SAPIENCIAIS E POESIA,Salmos,37,31,36,Salmos 37:31-36,Não Te Indignes por Causa dos Maus (6/7),poetico,12,60,planejado
EP-1390,T3 — SAPIENCIAIS E POESIA,Salmos,37,37,40,Salmos 37:37-40,Não Te Indignes por Causa dos Maus (7/7),poetico,12,60,planejado
EP-1391,T3 — SAPIENCIAIS E POESIA,Salmos,38,1,6,Salmos 38:1-6,"Ó Senhor, não me repreendas na tua ira, nem (1/4)",poetico,12,60,planejado
EP-1392,T3 — SAPIENCIAIS E POESIA,Salmos,38,7,12,Salmos 38:7-12,"Ó Senhor, não me repreendas na tua ira, nem (2/4)",poetico,12,60,planejado
EP-1393,T3 — SAPIENCIAIS E POESIA,Salmos,38,13,18,Salmos 38:13-18,"Ó Senhor, não me repreendas na tua ira, nem (3/4)",poetico,12,60,planejado
EP-1394,T3 — SAPIENCIAIS E POESIA,Salmos,38,19,23,Salmos 38:19-23,"Ó Senhor, não me repreendas na tua ira, nem (4/4)",poetico,12,60,planejado
EP-1395,T3 — SAPIENCIAIS E POESIA,Salmos,39,1,6,Salmos 39:1-6,Disse eu: Guardarei os meus caminhos para não pecar (1/3),poetico,12,60,planejado
EP-1396,T3 — SAPIENCIAIS E POESIA,Salmos,39,7,12,Salmos 39:7-12,Disse eu: Guardarei os meus caminhos para não pecar (2/3),poetico,12,60,planejado
EP-1397,T3 — SAPIENCIAIS E POESIA,Salmos,39,13,18,Salmos 39:13-18,Disse eu: Guardarei os meus caminhos para não pecar (3/3),poetico,12,60,planejado
EP-1398,T3 — SAPIENCIAIS E POESIA,Salmos,40,1,6,Salmos 40:1-6,Esperei com Paciência (1/3),poetico,12,60,planejado
EP-1399,T3 — SAPIENCIAIS E POESIA,Salmos,40,7,12,Salmos 40:7-12,Esperei com Paciência (2/3),poetico,12,60,planejado
EP-1400,T3 — SAPIENCIAIS E POESIA,Salmos,40,13,18,Salmos 40:13-18,Esperei com Paciência (3/3),poetico,12,60,planejado
EP-1401,T3 — SAPIENCIAIS E POESIA,Salmos,41,1,6,Salmos 41:1-6,Bem-aventurado é aquele que considera o pobre; o Senhor (1/3),poetico,12,60,planejado
EP-1402,T3 — SAPIENCIAIS E POESIA,Salmos,41,7,12,Salmos 41:7-12,Bem-aventurado é aquele que considera o pobre; o Senhor (2/3),poetico,12,60,planejado
EP-1403,T3 — SAPIENCIAIS E POESIA,Salmos,41,13,14,Salmos 41:13-14,Bem-aventurado é aquele que considera o pobre; o Senhor (3/3),poetico,12,60,planejado
EP-1404,T3 — SAPIENCIAIS E POESIA,Salmos,42,1,6,Salmos 42:1-6,"Como o cervo anseia pelas correntes das águas, assim (1/2)",poetico,12,60,planejado
EP-1405,T3 — SAPIENCIAIS E POESIA,Salmos,42,7,12,Salmos 42:7-12,"Como o cervo anseia pelas correntes das águas, assim (2/2)",poetico,12,60,planejado
EP-1406,T3 — SAPIENCIAIS E POESIA,Salmos,43,1,6,Salmos 43:1-6,"Faze-me justiça, ó Deus, e pleiteia a minha causa (1/5)",poetico,12,60,planejado
EP-1407,T3 — SAPIENCIAIS E POESIA,Salmos,43,7,13,Salmos 43:7-13,"Faze-me justiça, ó Deus, e pleiteia a minha causa (2/5)",poetico,12,60,planejado
EP-1408,T3 — SAPIENCIAIS E POESIA,Salmos,43,14,19,Salmos 43:14-19,"Faze-me justiça, ó Deus, e pleiteia a minha causa (3/5)",poetico,12,60,planejado
EP-1409,T3 — SAPIENCIAIS E POESIA,Salmos,43,20,25,Salmos 43:20-25,"Faze-me justiça, ó Deus, e pleiteia a minha causa (4/5)",poetico,12,60,planejado
EP-1410,T3 — SAPIENCIAIS E POESIA,Salmos,43,26,27,Salmos 43:26-27,"Faze-me justiça, ó Deus, e pleiteia a minha causa (5/5)",poetico,12,60,planejado
EP-1411,T3 — SAPIENCIAIS E POESIA,Salmos,44,1,6,Salmos 44:1-6,"Ó Deus, nós ouvimos com os nossos ouvidos, nossos (1/5)",poetico,12,60,planejado
EP-1412,T3 — SAPIENCIAIS E POESIA,Salmos,44,7,12,Salmos 44:7-12,"Ó Deus, nós ouvimos com os nossos ouvidos, nossos (2/5)",poetico,12,60,planejado
EP-1413,T3 — SAPIENCIAIS E POESIA,Salmos,44,13,18,Salmos 44:13-18,"Ó Deus, nós ouvimos com os nossos ouvidos, nossos (3/5)",poetico,12,60,planejado
EP-1414,T3 — SAPIENCIAIS E POESIA,Salmos,44,19,24,Salmos 44:19-24,"Ó Deus, nós ouvimos com os nossos ouvidos, nossos (4/5)",poetico,12,60,planejado
EP-1415,T3 — SAPIENCIAIS E POESIA,Salmos,44,25,27,Salmos 44:25-27,"Ó Deus, nós ouvimos com os nossos ouvidos, nossos (5/5)",poetico,12,60,planejado
EP-1416,T3 — SAPIENCIAIS E POESIA,Salmos,45,1,6,Salmos 45:1-6,O meu coração trasborda de boas palavras; dirijo os (1/3),poetico,12,60,planejado
EP-1417,T3 — SAPIENCIAIS E POESIA,Salmos,45,7,12,Salmos 45:7-12,O meu coração trasborda de boas palavras; dirijo os (2/3),poetico,12,60,planejado
EP-1418,T3 — SAPIENCIAIS E POESIA,Salmos,45,13,18,Salmos 45:13-18,O meu coração trasborda de boas palavras; dirijo os (3/3),poetico,12,60,planejado
EP-1419,T3 — SAPIENCIAIS E POESIA,Salmos,46,1,6,Salmos 46:1-6,"Deus é o nosso refúgio e fortaleza, socorro bem (1/2)",poetico,12,60,planejado
EP-1420,T3 — SAPIENCIAIS E POESIA,Salmos,46,7,12,Salmos 46:7-12,"Deus é o nosso refúgio e fortaleza, socorro bem (2/2)",poetico,12,60,planejado
EP-1421,T3 — SAPIENCIAIS E POESIA,Salmos,47,1,6,Salmos 47:1-6,"Batei palmas, todos os povos; aclamai a Deus com (1/3)",poetico,12,60,planejado
EP-1422,T3 — SAPIENCIAIS E POESIA,Salmos,47,7,12,Salmos 47:7-12,"Batei palmas, todos os povos; aclamai a Deus com (2/3)",poetico,12,60,planejado
EP-1423,T3 — SAPIENCIAIS E POESIA,Salmos,47,13,15,Salmos 47:13-15,"Batei palmas, todos os povos; aclamai a Deus com (3/3)",poetico,12,60,planejado
EP-1424,T3 — SAPIENCIAIS E POESIA,Salmos,48,1,6,Salmos 48:1-6,Grande é o Senhor e mui digno de ser (1/4),poetico,12,60,planejado
EP-1425,T3 — SAPIENCIAIS E POESIA,Salmos,48,7,12,Salmos 48:7-12,Grande é o Senhor e mui digno de ser (2/4),poetico,12,60,planejado
EP-1426,T3 — SAPIENCIAIS E POESIA,Salmos,48,13,18,Salmos 48:13-18,Grande é o Senhor e mui digno de ser (3/4),poetico,12,60,planejado
EP-1427,T3 — SAPIENCIAIS E POESIA,Salmos,48,19,21,Salmos 48:19-21,Grande é o Senhor e mui digno de ser (4/4),poetico,12,60,planejado
EP-1428,T3 — SAPIENCIAIS E POESIA,Salmos,49,1,6,Salmos 49:1-6,"Ouvi isto, vós todos os povos; inclinai os ouvidos (1/4)",poetico,12,60,planejado
EP-1429,T3 — SAPIENCIAIS E POESIA,Salmos,49,7,12,Salmos 49:7-12,"Ouvi isto, vós todos os povos; inclinai os ouvidos (2/4)",poetico,12,60,planejado
EP-1430,T3 — SAPIENCIAIS E POESIA,Salmos,49,13,18,Salmos 49:13-18,"Ouvi isto, vós todos os povos; inclinai os ouvidos (3/4)",poetico,12,60,planejado
EP-1431,T3 — SAPIENCIAIS E POESIA,Salmos,49,19,23,Salmos 49:19-23,"Ouvi isto, vós todos os povos; inclinai os ouvidos (4/4)",poetico,12,60,planejado
EP-1432,T3 — SAPIENCIAIS E POESIA,Salmos,50,1,6,Salmos 50:1-6,"O Poderoso, o Senhor Deus, fala e convoca a (1/4)",poetico,12,60,planejado
EP-1433,T3 — SAPIENCIAIS E POESIA,Salmos,50,7,12,Salmos 50:7-12,"O Poderoso, o Senhor Deus, fala e convoca a (2/4)",poetico,12,60,planejado
EP-1434,T3 — SAPIENCIAIS E POESIA,Salmos,50,13,18,Salmos 50:13-18,"O Poderoso, o Senhor Deus, fala e convoca a (3/4)",poetico,12,60,planejado
EP-1435,T3 — SAPIENCIAIS E POESIA,Salmos,50,19,23,Salmos 50:19-23,"O Poderoso, o Senhor Deus, fala e convoca a (4/4)",poetico,12,60,planejado
EP-1436,T3 — SAPIENCIAIS E POESIA,Salmos,51,1,6,Salmos 51:1-6,Cria em Mim um Coração Puro (1/4),poetico,12,60,planejado
EP-1437,T3 — SAPIENCIAIS E POESIA,Salmos,51,7,12,Salmos 51:7-12,Cria em Mim um Coração Puro (2/4),poetico,12,60,planejado
EP-1438,T3 — SAPIENCIAIS E POESIA,Salmos,51,13,18,Salmos 51:13-18,Cria em Mim um Coração Puro (3/4),poetico,12,60,planejado
EP-1439,T3 — SAPIENCIAIS E POESIA,Salmos,51,19,21,Salmos 51:19-21,Cria em Mim um Coração Puro (4/4),poetico,12,60,planejado
EP-1440,T3 — SAPIENCIAIS E POESIA,Salmos,52,1,6,Salmos 52:1-6,"Por que te glorias na malícia, ó homem poderoso? (1/2)",poetico,12,60,planejado
EP-1441,T3 — SAPIENCIAIS E POESIA,Salmos,52,7,11,Salmos 52:7-11,"Por que te glorias na malícia, ó homem poderoso? (2/2)",poetico,12,60,planejado
EP-1442,T3 — SAPIENCIAIS E POESIA,Salmos,53,1,6,Salmos 53:1-6,Diz o néscio no seu coração: Não há Deus (1/2),poetico,12,60,planejado
EP-1443,T3 — SAPIENCIAIS E POESIA,Salmos,53,7,9,Salmos 53:7-9,Diz o néscio no seu coração: Não há Deus (2/2),poetico,12,60,planejado
EP-1444,T3 — SAPIENCIAIS E POESIA,Salmos,54,1,6,Salmos 54:1-6,"Salva-me, ó Deus, pelo teu nome, e faze-me justiça (1/4)",poetico,12,60,planejado
EP-1445,T3 — SAPIENCIAIS E POESIA,Salmos,54,7,12,Salmos 54:7-12,"Salva-me, ó Deus, pelo teu nome, e faze-me justiça (2/4)",poetico,12,60,planejado
EP-1446,T3 — SAPIENCIAIS E POESIA,Salmos,54,13,18,Salmos 54:13-18,"Salva-me, ó Deus, pelo teu nome, e faze-me justiça (3/4)",poetico,12,60,planejado
EP-1447,T3 — SAPIENCIAIS E POESIA,Salmos,54,19,24,Salmos 54:19-24,"Salva-me, ó Deus, pelo teu nome, e faze-me justiça (4/4)",poetico,12,60,planejado
EP-1448,T3 — SAPIENCIAIS E POESIA,Salmos,55,1,6,Salmos 55:1-6,"Dá ouvidos, ó Deus, à minha oração, e não (1/4)",poetico,12,60,planejado
EP-1449,T3 — SAPIENCIAIS E POESIA,Salmos,55,7,12,Salmos 55:7-12,"Dá ouvidos, ó Deus, à minha oração, e não (2/4)",poetico,12,60,planejado
EP-1450,T3 — SAPIENCIAIS E POESIA,Salmos,55,13,18,Salmos 55:13-18,"Dá ouvidos, ó Deus, à minha oração, e não (3/4)",poetico,12,60,planejado
EP-1451,T3 — SAPIENCIAIS E POESIA,Salmos,55,19,24,Salmos 55:19-24,"Dá ouvidos, ó Deus, à minha oração, e não (4/4)",poetico,12,60,planejado
EP-1452,T3 — SAPIENCIAIS E POESIA,Salmos,56,1,6,Salmos 56:1-6,"Compadece-te de mim, ó Deus, pois homens me calcam (1/3)",poetico,12,60,planejado
EP-1453,T3 — SAPIENCIAIS E POESIA,Salmos,56,7,12,Salmos 56:7-12,"Compadece-te de mim, ó Deus, pois homens me calcam (2/3)",poetico,12,60,planejado
EP-1454,T3 — SAPIENCIAIS E POESIA,Salmos,56,13,14,Salmos 56:13-14,"Compadece-te de mim, ó Deus, pois homens me calcam (3/3)",poetico,12,60,planejado
EP-1455,T3 — SAPIENCIAIS E POESIA,Salmos,57,1,6,Salmos 57:1-6,"Compadece-te de mim, ó Deus, compadece-te de mim, pois (1/2)",poetico,12,60,planejado
EP-1456,T3 — SAPIENCIAIS E POESIA,Salmos,57,7,12,Salmos 57:7-12,"Compadece-te de mim, ó Deus, compadece-te de mim, pois (2/2)",poetico,12,60,planejado
EP-1457,T3 — SAPIENCIAIS E POESIA,Salmos,58,1,6,Salmos 58:1-6,"Falais deveras o que é reto, vós os poderosos? (1/3)",poetico,12,60,planejado
EP-1458,T3 — SAPIENCIAIS E POESIA,Salmos,58,7,12,Salmos 58:7-12,"Falais deveras o que é reto, vós os poderosos? (2/3)",poetico,12,60,planejado
EP-1459,T3 — SAPIENCIAIS E POESIA,Salmos,58,13,18,Salmos 58:13-18,"Falais deveras o que é reto, vós os poderosos? (3/3)",poetico,12,60,planejado
EP-1460,T3 — SAPIENCIAIS E POESIA,Salmos,59,1,6,Salmos 59:1-6,"Livra-me, Deus meu, dos meus inimigos; protege-me daqueles que (1/3)",poetico,12,60,planejado
EP-1461,T3 — SAPIENCIAIS E POESIA,Salmos,59,7,12,Salmos 59:7-12,"Livra-me, Deus meu, dos meus inimigos; protege-me daqueles que (2/3)",poetico,12,60,planejado
EP-1462,T3 — SAPIENCIAIS E POESIA,Salmos,59,13,18,Salmos 59:13-18,"Livra-me, Deus meu, dos meus inimigos; protege-me daqueles que (3/3)",poetico,12,60,planejado
EP-1463,T3 — SAPIENCIAIS E POESIA,Salmos,60,1,6,Salmos 60:1-6,"Ó Deus, tu nos rejeitaste, tu nos esmagaste, tu (1/3)",poetico,12,60,planejado
EP-1464,T3 — SAPIENCIAIS E POESIA,Salmos,60,7,12,Salmos 60:7-12,"Ó Deus, tu nos rejeitaste, tu nos esmagaste, tu (2/3)",poetico,12,60,planejado
EP-1465,T3 — SAPIENCIAIS E POESIA,Salmos,60,13,14,Salmos 60:13-14,"Ó Deus, tu nos rejeitaste, tu nos esmagaste, tu (3/3)",poetico,12,60,planejado
EP-1466,T3 — SAPIENCIAIS E POESIA,Salmos,61,1,6,Salmos 61:1-6,"Ouve, ó Deus, o meu clamor; atende à minha (1/3)",poetico,12,60,planejado
EP-1467,T3 — SAPIENCIAIS E POESIA,Salmos,61,7,12,Salmos 61:7-12,"Ouve, ó Deus, o meu clamor; atende à minha (2/3)",poetico,12,60,planejado
EP-1468,T3 — SAPIENCIAIS E POESIA,Salmos,61,13,13,Salmos 61:13,"Ouve, ó Deus, o meu clamor; atende à minha (3/3)",poetico,12,60,planejado
EP-1469,T3 — SAPIENCIAIS E POESIA,Salmos,62,1,6,Salmos 62:1-6,Somente em Deus espera silenciosa a minha alma; dele (1/3),poetico,12,60,planejado
EP-1470,T3 — SAPIENCIAIS E POESIA,Salmos,62,7,12,Salmos 62:7-12,Somente em Deus espera silenciosa a minha alma; dele (2/3),poetico,12,60,planejado
EP-1471,T3 — SAPIENCIAIS E POESIA,Salmos,62,13,13,Salmos 62:13,Somente em Deus espera silenciosa a minha alma; dele (3/3),poetico,12,60,planejado
EP-1472,T3 — SAPIENCIAIS E POESIA,Salmos,63,1,6,Salmos 63:1-6,"Ó Deus, tu és o meu Deus; ansiosamente te (1/2)",poetico,12,60,planejado
EP-1473,T3 — SAPIENCIAIS E POESIA,Salmos,63,7,12,Salmos 63:7-12,"Ó Deus, tu és o meu Deus; ansiosamente te (2/2)",poetico,12,60,planejado
EP-1474,T3 — SAPIENCIAIS E POESIA,Salmos,64,1,6,Salmos 64:1-6,"Ouve, ó Deus, a minha voz na minha queixa (1/3)",poetico,12,60,planejado
EP-1475,T3 — SAPIENCIAIS E POESIA,Salmos,64,7,12,Salmos 64:7-12,"Ouve, ó Deus, a minha voz na minha queixa (2/3)",poetico,12,60,planejado
EP-1476,T3 — SAPIENCIAIS E POESIA,Salmos,64,13,14,Salmos 64:13-14,"Ouve, ó Deus, a minha voz na minha queixa (3/3)",poetico,12,60,planejado
EP-1477,T3 — SAPIENCIAIS E POESIA,Salmos,65,1,6,Salmos 65:1-6,"A ti, ó Deus, é devido o louvor em (1/4)",poetico,12,60,planejado
EP-1478,T3 — SAPIENCIAIS E POESIA,Salmos,65,7,12,Salmos 65:7-12,"A ti, ó Deus, é devido o louvor em (2/4)",poetico,12,60,planejado
EP-1479,T3 — SAPIENCIAIS E POESIA,Salmos,65,13,18,Salmos 65:13-18,"A ti, ó Deus, é devido o louvor em (3/4)",poetico,12,60,planejado
EP-1480,T3 — SAPIENCIAIS E POESIA,Salmos,65,19,20,Salmos 65:19-20,"A ti, ó Deus, é devido o louvor em (4/4)",poetico,12,60,planejado
EP-1481,T3 — SAPIENCIAIS E POESIA,Salmos,66,1,6,Salmos 66:1-6,"Louvai a Deus com brados de júbilo, todas as (1/4)",poetico,12,60,planejado
EP-1482,T3 — SAPIENCIAIS E POESIA,Salmos,66,7,12,Salmos 66:7-12,"Louvai a Deus com brados de júbilo, todas as (2/4)",poetico,12,60,planejado
EP-1483,T3 — SAPIENCIAIS E POESIA,Salmos,66,13,18,Salmos 66:13-18,"Louvai a Deus com brados de júbilo, todas as (3/4)",poetico,12,60,planejado
EP-1484,T3 — SAPIENCIAIS E POESIA,Salmos,66,19,20,Salmos 66:19-20,"Louvai a Deus com brados de júbilo, todas as (4/4)",poetico,12,60,planejado
EP-1485,T3 — SAPIENCIAIS E POESIA,Salmos,67,1,6,Salmos 67:1-6,"Deus se compadeça de nós e nos abençoe, e (1/6)",poetico,12,60,planejado
EP-1486,T3 — SAPIENCIAIS E POESIA,Salmos,67,7,12,Salmos 67:7-12,"Deus se compadeça de nós e nos abençoe, e (2/6)",poetico,12,60,planejado
EP-1487,T3 — SAPIENCIAIS E POESIA,Salmos,67,13,18,Salmos 67:13-18,"Deus se compadeça de nós e nos abençoe, e (3/6)",poetico,12,60,planejado
EP-1488,T3 — SAPIENCIAIS E POESIA,Salmos,67,19,24,Salmos 67:19-24,"Deus se compadeça de nós e nos abençoe, e (4/6)",poetico,12,60,planejado
EP-1489,T3 — SAPIENCIAIS E POESIA,Salmos,67,25,30,Salmos 67:25-30,"Deus se compadeça de nós e nos abençoe, e (5/6)",poetico,12,60,planejado
EP-1490,T3 — SAPIENCIAIS E POESIA,Salmos,67,31,36,Salmos 67:31-36,"Deus se compadeça de nós e nos abençoe, e (6/6)",poetico,12,60,planejado
EP-1491,T3 — SAPIENCIAIS E POESIA,Salmos,68,1,6,Salmos 68:1-6,Levanta-se Deus! Sejam dispersos os seus inimigos; fujam de (1/7),poetico,12,60,planejado
EP-1492,T3 — SAPIENCIAIS E POESIA,Salmos,68,7,12,Salmos 68:7-12,Levanta-se Deus! Sejam dispersos os seus inimigos; fujam de (2/7),poetico,12,60,planejado
EP-1493,T3 — SAPIENCIAIS E POESIA,Salmos,68,13,18,Salmos 68:13-18,Levanta-se Deus! Sejam dispersos os seus inimigos; fujam de (3/7),poetico,12,60,planejado
EP-1494,T3 — SAPIENCIAIS E POESIA,Salmos,68,19,24,Salmos 68:19-24,Levanta-se Deus! Sejam dispersos os seus inimigos; fujam de (4/7),poetico,12,60,planejado
EP-1495,T3 — SAPIENCIAIS E POESIA,Salmos,68,25,30,Salmos 68:25-30,Levanta-se Deus! Sejam dispersos os seus inimigos; fujam de (5/7),poetico,12,60,planejado
EP-1496,T3 — SAPIENCIAIS E POESIA,Salmos,68,31,36,Salmos 68:31-36,Levanta-se Deus! Sejam dispersos os seus inimigos; fujam de (6/7),poetico,12,60,planejado
EP-1497,T3 — SAPIENCIAIS E POESIA,Salmos,68,37,37,Salmos 68:37,Levanta-se Deus! Sejam dispersos os seus inimigos; fujam de (7/7),poetico,12,60,planejado
EP-1498,T3 — SAPIENCIAIS E POESIA,Salmos,69,1,6,Salmos 69:1-6,"Salva-me, ó Deus, pois as águas me sobem até (1/7)",poetico,12,60,planejado
EP-1499,T3 — SAPIENCIAIS E POESIA,Salmos,69,7,12,Salmos 69:7-12,"Salva-me, ó Deus, pois as águas me sobem até (2/7)",poetico,12,60,planejado
EP-1500,T3 — SAPIENCIAIS E POESIA,Salmos,69,13,18,Salmos 69:13-18,"Salva-me, ó Deus, pois as águas me sobem até (3/7)",poetico,12,60,planejado
EP-1501,T3 — SAPIENCIAIS E POESIA,Salmos,69,19,24,Salmos 69:19-24,"Salva-me, ó Deus, pois as águas me sobem até (4/7)",poetico,12,60,planejado
EP-1502,T3 — SAPIENCIAIS E POESIA,Salmos,69,25,30,Salmos 69:25-30,"Salva-me, ó Deus, pois as águas me sobem até (5/7)",poetico,12,60,planejado
EP-1503,T3 — SAPIENCIAIS E POESIA,Salmos,69,31,36,Salmos 69:31-36,"Salva-me, ó Deus, pois as águas me sobem até (6/7)",poetico,12,60,planejado
EP-1504,T3 — SAPIENCIAIS E POESIA,Salmos,69,37,37,Salmos 69:37,"Salva-me, ó Deus, pois as águas me sobem até (7/7)",poetico,12,60,planejado
EP-1505,T3 — SAPIENCIAIS E POESIA,Salmos,70,1,6,Salmos 70:1-6,"Apressa-te, ó Deus, em me livrar; Senhor, apressa-te em (1/4)",poetico,12,60,planejado
EP-1506,T3 — SAPIENCIAIS E POESIA,Salmos,70,7,12,Salmos 70:7-12,"Apressa-te, ó Deus, em me livrar; Senhor, apressa-te em (2/4)",poetico,12,60,planejado
EP-1507,T3 — SAPIENCIAIS E POESIA,Salmos,70,13,18,Salmos 70:13-18,"Apressa-te, ó Deus, em me livrar; Senhor, apressa-te em (3/4)",poetico,12,60,planejado
EP-1508,T3 — SAPIENCIAIS E POESIA,Salmos,70,19,24,Salmos 70:19-24,"Apressa-te, ó Deus, em me livrar; Senhor, apressa-te em (4/4)",poetico,12,60,planejado
EP-1509,T3 — SAPIENCIAIS E POESIA,Salmos,71,1,6,Salmos 71:1-6,"Em ti, Senhor, me refugio; nunca seja eu confundido (1/4)",poetico,12,60,planejado
EP-1510,T3 — SAPIENCIAIS E POESIA,Salmos,71,7,12,Salmos 71:7-12,"Em ti, Senhor, me refugio; nunca seja eu confundido (2/4)",poetico,12,60,planejado
EP-1511,T3 — SAPIENCIAIS E POESIA,Salmos,71,13,18,Salmos 71:13-18,"Em ti, Senhor, me refugio; nunca seja eu confundido (3/4)",poetico,12,60,planejado
EP-1512,T3 — SAPIENCIAIS E POESIA,Salmos,71,19,24,Salmos 71:19-24,"Em ti, Senhor, me refugio; nunca seja eu confundido (4/4)",poetico,12,60,planejado
EP-1513,T3 — SAPIENCIAIS E POESIA,Salmos,72,1,6,Salmos 72:1-6,"Ó Deus, dá ao rei os teus juízes, e (1/5)",poetico,12,60,planejado
EP-1514,T3 — SAPIENCIAIS E POESIA,Salmos,72,7,12,Salmos 72:7-12,"Ó Deus, dá ao rei os teus juízes, e (2/5)",poetico,12,60,planejado
EP-1515,T3 — SAPIENCIAIS E POESIA,Salmos,72,13,18,Salmos 72:13-18,"Ó Deus, dá ao rei os teus juízes, e (3/5)",poetico,12,60,planejado
EP-1516,T3 — SAPIENCIAIS E POESIA,Salmos,72,19,24,Salmos 72:19-24,"Ó Deus, dá ao rei os teus juízes, e (4/5)",poetico,12,60,planejado
EP-1517,T3 — SAPIENCIAIS E POESIA,Salmos,72,25,28,Salmos 72:25-28,"Ó Deus, dá ao rei os teus juízes, e (5/5)",poetico,12,60,planejado
EP-1518,T3 — SAPIENCIAIS E POESIA,Salmos,73,1,6,Salmos 73:1-6,"Verdadeiramente bom é Deus para com Israel, para com (1/5)",poetico,12,60,planejado
EP-1519,T3 — SAPIENCIAIS E POESIA,Salmos,73,7,12,Salmos 73:7-12,"Verdadeiramente bom é Deus para com Israel, para com (2/5)",poetico,12,60,planejado
EP-1520,T3 — SAPIENCIAIS E POESIA,Salmos,73,13,18,Salmos 73:13-18,"Verdadeiramente bom é Deus para com Israel, para com (3/5)",poetico,12,60,planejado
EP-1521,T3 — SAPIENCIAIS E POESIA,Salmos,73,19,24,Salmos 73:19-24,"Verdadeiramente bom é Deus para com Israel, para com (4/5)",poetico,12,60,planejado
EP-1522,T3 — SAPIENCIAIS E POESIA,Salmos,73,25,28,Salmos 73:25-28,"Verdadeiramente bom é Deus para com Israel, para com (5/5)",poetico,12,60,planejado
EP-1523,T3 — SAPIENCIAIS E POESIA,Salmos,74,1,6,Salmos 74:1-6,"Ó Deus, por que nos rejeitaste para sempre? Por (1/4)",poetico,12,60,planejado
EP-1524,T3 — SAPIENCIAIS E POESIA,Salmos,74,7,12,Salmos 74:7-12,"Ó Deus, por que nos rejeitaste para sempre? Por (2/4)",poetico,12,60,planejado
EP-1525,T3 — SAPIENCIAIS E POESIA,Salmos,74,13,18,Salmos 74:13-18,"Ó Deus, por que nos rejeitaste para sempre? Por (3/4)",poetico,12,60,planejado
EP-1526,T3 — SAPIENCIAIS E POESIA,Salmos,74,19,23,Salmos 74:19-23,"Ó Deus, por que nos rejeitaste para sempre? Por (4/4)",poetico,12,60,planejado
EP-1527,T3 — SAPIENCIAIS E POESIA,Salmos,75,1,6,Salmos 75:1-6,"Damos-te graças, ó Deus, damos-te graças, pois o teu (1/3)",poetico,12,60,planejado
EP-1528,T3 — SAPIENCIAIS E POESIA,Salmos,75,7,12,Salmos 75:7-12,"Damos-te graças, ó Deus, damos-te graças, pois o teu (2/3)",poetico,12,60,planejado
EP-1529,T3 — SAPIENCIAIS E POESIA,Salmos,75,13,13,Salmos 75:13,"Damos-te graças, ó Deus, damos-te graças, pois o teu (3/3)",poetico,12,60,planejado
EP-1530,T3 — SAPIENCIAIS E POESIA,Salmos,76,1,6,Salmos 76:1-6,"Conhecido é Deus em Judá, grande é o seu (1/4)",poetico,12,60,planejado
EP-1531,T3 — SAPIENCIAIS E POESIA,Salmos,76,7,12,Salmos 76:7-12,"Conhecido é Deus em Judá, grande é o seu (2/4)",poetico,12,60,planejado
EP-1532,T3 — SAPIENCIAIS E POESIA,Salmos,76,13,18,Salmos 76:13-18,"Conhecido é Deus em Judá, grande é o seu (3/4)",poetico,12,60,planejado
EP-1533,T3 — SAPIENCIAIS E POESIA,Salmos,76,19,21,Salmos 76:19-21,"Conhecido é Deus em Judá, grande é o seu (4/4)",poetico,12,60,planejado
EP-1534,T3 — SAPIENCIAIS E POESIA,Salmos,77,1,6,Salmos 77:1-6,Levanto a Deus a minha voz; a Deus levanto (1/12),poetico,12,60,planejado
EP-1535,T3 — SAPIENCIAIS E POESIA,Salmos,77,7,12,Salmos 77:7-12,Levanto a Deus a minha voz; a Deus levanto (2/12),poetico,12,60,planejado
EP-1536,T3 — SAPIENCIAIS E POESIA,Salmos,77,13,18,Salmos 77:13-18,Levanto a Deus a minha voz; a Deus levanto (3/12),poetico,12,60,planejado
EP-1537,T3 — SAPIENCIAIS E POESIA,Salmos,77,19,24,Salmos 77:19-24,Levanto a Deus a minha voz; a Deus levanto (4/12),poetico,12,60,planejado
EP-1538,T3 — SAPIENCIAIS E POESIA,Salmos,77,25,30,Salmos 77:25-30,Levanto a Deus a minha voz; a Deus levanto (5/12),poetico,12,60,planejado
EP-1539,T3 — SAPIENCIAIS E POESIA,Salmos,77,31,36,Salmos 77:31-36,Levanto a Deus a minha voz; a Deus levanto (6/12),poetico,12,60,planejado
EP-1540,T3 — SAPIENCIAIS E POESIA,Salmos,77,37,42,Salmos 77:37-42,Levanto a Deus a minha voz; a Deus levanto (7/12),poetico,12,60,planejado
EP-1541,T3 — SAPIENCIAIS E POESIA,Salmos,77,43,48,Salmos 77:43-48,Levanto a Deus a minha voz; a Deus levanto (8/12),poetico,12,60,planejado
EP-1542,T3 — SAPIENCIAIS E POESIA,Salmos,77,49,54,Salmos 77:49-54,Levanto a Deus a minha voz; a Deus levanto (9/12),poetico,12,60,planejado
EP-1543,T3 — SAPIENCIAIS E POESIA,Salmos,77,55,60,Salmos 77:55-60,Levanto a Deus a minha voz; a Deus levanto (10/12),poetico,12,60,planejado
EP-1544,T3 — SAPIENCIAIS E POESIA,Salmos,77,61,66,Salmos 77:61-66,Levanto a Deus a minha voz; a Deus levanto (11/12),poetico,12,60,planejado
EP-1545,T3 — SAPIENCIAIS E POESIA,Salmos,77,67,72,Salmos 77:67-72,Levanto a Deus a minha voz; a Deus levanto (12/12),poetico,12,60,planejado
EP-1546,T3 — SAPIENCIAIS E POESIA,Salmos,78,1,6,Salmos 78:1-6,"Escutai o meu ensino, povo meu; inclinai os vossos (1/12)",poetico,12,60,planejado
EP-1547,T3 — SAPIENCIAIS E POESIA,Salmos,78,7,12,Salmos 78:7-12,"Escutai o meu ensino, povo meu; inclinai os vossos (2/12)",poetico,12,60,planejado
EP-1548,T3 — SAPIENCIAIS E POESIA,Salmos,78,13,18,Salmos 78:13-18,"Escutai o meu ensino, povo meu; inclinai os vossos (3/12)",poetico,12,60,planejado
EP-1549,T3 — SAPIENCIAIS E POESIA,Salmos,78,19,24,Salmos 78:19-24,"Escutai o meu ensino, povo meu; inclinai os vossos (4/12)",poetico,12,60,planejado
EP-1550,T3 — SAPIENCIAIS E POESIA,Salmos,78,25,30,Salmos 78:25-30,"Escutai o meu ensino, povo meu; inclinai os vossos (5/12)",poetico,12,60,planejado
EP-1551,T3 — SAPIENCIAIS E POESIA,Salmos,78,31,36,Salmos 78:31-36,"Escutai o meu ensino, povo meu; inclinai os vossos (6/12)",poetico,12,60,planejado
EP-1552,T3 — SAPIENCIAIS E POESIA,Salmos,78,37,42,Salmos 78:37-42,"Escutai o meu ensino, povo meu; inclinai os vossos (7/12)",poetico,12,60,planejado
EP-1553,T3 — SAPIENCIAIS E POESIA,Salmos,78,43,48,Salmos 78:43-48,"Escutai o meu ensino, povo meu; inclinai os vossos (8/12)",poetico,12,60,planejado
EP-1554,T3 — SAPIENCIAIS E POESIA,Salmos,78,49,54,Salmos 78:49-54,"Escutai o meu ensino, povo meu; inclinai os vossos (9/12)",poetico,12,60,planejado
EP-1555,T3 — SAPIENCIAIS E POESIA,Salmos,78,55,60,Salmos 78:55-60,"Escutai o meu ensino, povo meu; inclinai os vossos (10/12)",poetico,12,60,planejado
EP-1556,T3 — SAPIENCIAIS E POESIA,Salmos,78,61,66,Salmos 78:61-66,"Escutai o meu ensino, povo meu; inclinai os vossos (11/12)",poetico,12,60,planejado
EP-1557,T3 — SAPIENCIAIS E POESIA,Salmos,78,67,72,Salmos 78:67-72,"Escutai o meu ensino, povo meu; inclinai os vossos (12/12)",poetico,12,60,planejado
EP-1558,T3 — SAPIENCIAIS E POESIA,Salmos,79,1,6,Salmos 79:1-6,"Ó Deus, as nações invadiram a tua herança; contaminaram (1/4)",poetico,12,60,planejado
EP-1559,T3 — SAPIENCIAIS E POESIA,Salmos,79,7,12,Salmos 79:7-12,"Ó Deus, as nações invadiram a tua herança; contaminaram (2/4)",poetico,12,60,planejado
EP-1560,T3 — SAPIENCIAIS E POESIA,Salmos,79,13,18,Salmos 79:13-18,"Ó Deus, as nações invadiram a tua herança; contaminaram (3/4)",poetico,12,60,planejado
EP-1561,T3 — SAPIENCIAIS E POESIA,Salmos,79,19,20,Salmos 79:19-20,"Ó Deus, as nações invadiram a tua herança; contaminaram (4/4)",poetico,12,60,planejado
EP-1562,T3 — SAPIENCIAIS E POESIA,Salmos,80,1,6,Salmos 80:1-6,"Ó pastor de Israel, dá ouvidos; tu, que guias (1/4)",poetico,12,60,planejado
EP-1563,T3 — SAPIENCIAIS E POESIA,Salmos,80,7,12,Salmos 80:7-12,"Ó pastor de Israel, dá ouvidos; tu, que guias (2/4)",poetico,12,60,planejado
EP-1564,T3 — SAPIENCIAIS E POESIA,Salmos,80,13,18,Salmos 80:13-18,"Ó pastor de Israel, dá ouvidos; tu, que guias (3/4)",poetico,12,60,planejado
EP-1565,T3 — SAPIENCIAIS E POESIA,Salmos,80,19,20,Salmos 80:19-20,"Ó pastor de Israel, dá ouvidos; tu, que guias (4/4)",poetico,12,60,planejado
EP-1566,T3 — SAPIENCIAIS E POESIA,Salmos,81,1,6,Salmos 81:1-6,"Cantai alegremente a Deus, nossa fortaleza; erguei alegres… (1/3)",poetico,12,60,planejado
EP-1567,T3 — SAPIENCIAIS E POESIA,Salmos,81,7,12,Salmos 81:7-12,"Cantai alegremente a Deus, nossa fortaleza; erguei alegres… (2/3)",poetico,12,60,planejado
EP-1568,T3 — SAPIENCIAIS E POESIA,Salmos,81,13,17,Salmos 81:13-17,"Cantai alegremente a Deus, nossa fortaleza; erguei alegres… (3/3)",poetico,12,60,planejado
EP-1569,T3 — SAPIENCIAIS E POESIA,Salmos,82,1,6,Salmos 82:1-6,Deus está na assembléia divina; julga no meio dos (1/4),poetico,12,60,planejado
EP-1570,T3 — SAPIENCIAIS E POESIA,Salmos,82,7,12,Salmos 82:7-12,Deus está na assembléia divina; julga no meio dos (2/4),poetico,12,60,planejado
EP-1571,T3 — SAPIENCIAIS E POESIA,Salmos,82,13,18,Salmos 82:13-18,Deus está na assembléia divina; julga no meio dos (3/4),poetico,12,60,planejado
EP-1572,T3 — SAPIENCIAIS E POESIA,Salmos,82,19,19,Salmos 82:19,Deus está na assembléia divina; julga no meio dos (4/4),poetico,12,60,planejado
EP-1573,T3 — SAPIENCIAIS E POESIA,Salmos,83,1,6,Salmos 83:1-6,"Ó Deus, não guardes silêncio; não te cales nem (1/4)",poetico,12,60,planejado
EP-1574,T3 — SAPIENCIAIS E POESIA,Salmos,83,7,12,Salmos 83:7-12,"Ó Deus, não guardes silêncio; não te cales nem (2/4)",poetico,12,60,planejado
EP-1575,T3 — SAPIENCIAIS E POESIA,Salmos,83,13,18,Salmos 83:13-18,"Ó Deus, não guardes silêncio; não te cales nem (3/4)",poetico,12,60,planejado
EP-1576,T3 — SAPIENCIAIS E POESIA,Salmos,83,19,19,Salmos 83:19,"Ó Deus, não guardes silêncio; não te cales nem (4/4)",poetico,12,60,planejado
EP-1577,T3 — SAPIENCIAIS E POESIA,Salmos,84,1,6,Salmos 84:1-6,Quão Amáveis São os Teus Tabernáculos (1/3),poetico,12,60,planejado
EP-1578,T3 — SAPIENCIAIS E POESIA,Salmos,84,7,12,Salmos 84:7-12,Quão Amáveis São os Teus Tabernáculos (2/3),poetico,12,60,planejado
EP-1579,T3 — SAPIENCIAIS E POESIA,Salmos,84,13,14,Salmos 84:13-14,Quão Amáveis São os Teus Tabernáculos (3/3),poetico,12,60,planejado
EP-1580,T3 — SAPIENCIAIS E POESIA,Salmos,85,1,6,Salmos 85:1-6,"Mostraste favor, Senhor, à tua terra; fizeste regressar os (1/3)",poetico,12,60,planejado
EP-1581,T3 — SAPIENCIAIS E POESIA,Salmos,85,7,12,Salmos 85:7-12,"Mostraste favor, Senhor, à tua terra; fizeste regressar os (2/3)",poetico,12,60,planejado
EP-1582,T3 — SAPIENCIAIS E POESIA,Salmos,85,13,17,Salmos 85:13-17,"Mostraste favor, Senhor, à tua terra; fizeste regressar os (3/3)",poetico,12,60,planejado
EP-1583,T3 — SAPIENCIAIS E POESIA,Salmos,86,1,6,Salmos 86:1-6,"Inclina, Senhor, os teus ouvidos, e ouve-me, porque sou (1/3)",poetico,12,60,planejado
EP-1584,T3 — SAPIENCIAIS E POESIA,Salmos,86,7,12,Salmos 86:7-12,"Inclina, Senhor, os teus ouvidos, e ouve-me, porque sou (2/3)",poetico,12,60,planejado
EP-1585,T3 — SAPIENCIAIS E POESIA,Salmos,86,13,17,Salmos 86:13-17,"Inclina, Senhor, os teus ouvidos, e ouve-me, porque sou (3/3)",poetico,12,60,planejado
EP-1586,T3 — SAPIENCIAIS E POESIA,Salmos,87,1,6,Salmos 87:1-6,O fundamento dela está nos montes santos (1/4),poetico,12,60,planejado
EP-1587,T3 — SAPIENCIAIS E POESIA,Salmos,87,7,12,Salmos 87:7-12,O fundamento dela está nos montes santos (2/4),poetico,12,60,planejado
EP-1588,T3 — SAPIENCIAIS E POESIA,Salmos,87,13,18,Salmos 87:13-18,O fundamento dela está nos montes santos (3/4),poetico,12,60,planejado
EP-1589,T3 — SAPIENCIAIS E POESIA,Salmos,87,19,19,Salmos 87:19,O fundamento dela está nos montes santos (4/4),poetico,12,60,planejado
EP-1590,T3 — SAPIENCIAIS E POESIA,Salmos,88,1,6,Salmos 88:1-6,"Ó Senhor, Deus da minha salvação, dia e noite (1/9)",poetico,12,60,planejado
EP-1591,T3 — SAPIENCIAIS E POESIA,Salmos,88,7,12,Salmos 88:7-12,"Ó Senhor, Deus da minha salvação, dia e noite (2/9)",poetico,12,60,planejado
EP-1592,T3 — SAPIENCIAIS E POESIA,Salmos,88,13,18,Salmos 88:13-18,"Ó Senhor, Deus da minha salvação, dia e noite (3/9)",poetico,12,60,planejado
EP-1593,T3 — SAPIENCIAIS E POESIA,Salmos,88,19,24,Salmos 88:19-24,"Ó Senhor, Deus da minha salvação, dia e noite (4/9)",poetico,12,60,planejado
EP-1594,T3 — SAPIENCIAIS E POESIA,Salmos,88,25,30,Salmos 88:25-30,"Ó Senhor, Deus da minha salvação, dia e noite (5/9)",poetico,12,60,planejado
EP-1595,T3 — SAPIENCIAIS E POESIA,Salmos,88,31,36,Salmos 88:31-36,"Ó Senhor, Deus da minha salvação, dia e noite (6/9)",poetico,12,60,planejado
EP-1596,T3 — SAPIENCIAIS E POESIA,Salmos,88,37,42,Salmos 88:37-42,"Ó Senhor, Deus da minha salvação, dia e noite (7/9)",poetico,12,60,planejado
EP-1597,T3 — SAPIENCIAIS E POESIA,Salmos,88,43,48,Salmos 88:43-48,"Ó Senhor, Deus da minha salvação, dia e noite (8/9)",poetico,12,60,planejado
EP-1598,T3 — SAPIENCIAIS E POESIA,Salmos,88,49,53,Salmos 88:49-53,"Ó Senhor, Deus da minha salvação, dia e noite (9/9)",poetico,12,60,planejado
EP-1599,T3 — SAPIENCIAIS E POESIA,Salmos,89,1,6,Salmos 89:1-6,Cantarei para sempre as benignidades do Senhor; com a (1/9),poetico,12,60,planejado
EP-1600,T3 — SAPIENCIAIS E POESIA,Salmos,89,7,12,Salmos 89:7-12,Cantarei para sempre as benignidades do Senhor; com a (2/9),poetico,12,60,planejado
EP-1601,T3 — SAPIENCIAIS E POESIA,Salmos,89,13,18,Salmos 89:13-18,Cantarei para sempre as benignidades do Senhor; com a (3/9),poetico,12,60,planejado
EP-1602,T3 — SAPIENCIAIS E POESIA,Salmos,89,19,24,Salmos 89:19-24,Cantarei para sempre as benignidades do Senhor; com a (4/9),poetico,12,60,planejado
EP-1603,T3 — SAPIENCIAIS E POESIA,Salmos,89,25,30,Salmos 89:25-30,Cantarei para sempre as benignidades do Senhor; com a (5/9),poetico,12,60,planejado
EP-1604,T3 — SAPIENCIAIS E POESIA,Salmos,89,31,36,Salmos 89:31-36,Cantarei para sempre as benignidades do Senhor; com a (6/9),poetico,12,60,planejado
EP-1605,T3 — SAPIENCIAIS E POESIA,Salmos,89,37,42,Salmos 89:37-42,Cantarei para sempre as benignidades do Senhor; com a (7/9),poetico,12,60,planejado
EP-1606,T3 — SAPIENCIAIS E POESIA,Salmos,89,43,48,Salmos 89:43-48,Cantarei para sempre as benignidades do Senhor; com a (8/9),poetico,12,60,planejado
EP-1607,T3 — SAPIENCIAIS E POESIA,Salmos,89,49,53,Salmos 89:49-53,Cantarei para sempre as benignidades do Senhor; com a (9/9),poetico,12,60,planejado
EP-1608,T3 — SAPIENCIAIS E POESIA,Salmos,90,1,6,Salmos 90:1-6,"Senhor, Tu Tens Sido o Nosso Refúgio (1/3)",poetico,12,60,planejado
EP-1609,T3 — SAPIENCIAIS E POESIA,Salmos,90,7,12,Salmos 90:7-12,"Senhor, Tu Tens Sido o Nosso Refúgio (2/3)",poetico,12,60,planejado
EP-1610,T3 — SAPIENCIAIS E POESIA,Salmos,90,13,17,Salmos 90:13-17,"Senhor, Tu Tens Sido o Nosso Refúgio (3/3)",poetico,12,60,planejado
EP-1611,T3 — SAPIENCIAIS E POESIA,Salmos,91,1,6,Salmos 91:1-6,Aquele que Habita no Esconderijo (1/3),poetico,12,60,planejado
EP-1612,T3 — SAPIENCIAIS E POESIA,Salmos,91,7,12,Salmos 91:7-12,Aquele que Habita no Esconderijo (2/3),poetico,12,60,planejado
EP-1613,T3 — SAPIENCIAIS E POESIA,Salmos,91,13,16,Salmos 91:13-16,Aquele que Habita no Esconderijo (3/3),poetico,12,60,planejado
EP-1614,T3 — SAPIENCIAIS E POESIA,Salmos,92,1,6,Salmos 92:1-6,"Bom é render graças ao Senhor, e cantar louvores (1/3)",poetico,12,60,planejado
EP-1615,T3 — SAPIENCIAIS E POESIA,Salmos,92,7,12,Salmos 92:7-12,"Bom é render graças ao Senhor, e cantar louvores (2/3)",poetico,12,60,planejado
EP-1616,T3 — SAPIENCIAIS E POESIA,Salmos,92,13,16,Salmos 92:13-16,"Bom é render graças ao Senhor, e cantar louvores (3/3)",poetico,12,60,planejado
EP-1617,T3 — SAPIENCIAIS E POESIA,Salmos,93,1,6,Salmos 93:1-6,O Senhor reina; está vestido de majestade. O Senhor (1/4),poetico,12,60,planejado
EP-1618,T3 — SAPIENCIAIS E POESIA,Salmos,93,7,12,Salmos 93:7-12,O Senhor reina; está vestido de majestade. O Senhor (2/4),poetico,12,60,planejado
EP-1619,T3 — SAPIENCIAIS E POESIA,Salmos,93,13,18,Salmos 93:13-18,O Senhor reina; está vestido de majestade. O Senhor (3/4),poetico,12,60,planejado
EP-1620,T3 — SAPIENCIAIS E POESIA,Salmos,93,19,23,Salmos 93:19-23,O Senhor reina; está vestido de majestade. O Senhor (4/4),poetico,12,60,planejado
EP-1621,T3 — SAPIENCIAIS E POESIA,Salmos,94,1,6,Salmos 94:1-6,"Ó Senhor, Deus da vingança, ó Deus da vingança (1/4)",poetico,12,60,planejado
EP-1622,T3 — SAPIENCIAIS E POESIA,Salmos,94,7,12,Salmos 94:7-12,"Ó Senhor, Deus da vingança, ó Deus da vingança (2/4)",poetico,12,60,planejado
EP-1623,T3 — SAPIENCIAIS E POESIA,Salmos,94,13,18,Salmos 94:13-18,"Ó Senhor, Deus da vingança, ó Deus da vingança (3/4)",poetico,12,60,planejado
EP-1624,T3 — SAPIENCIAIS E POESIA,Salmos,94,19,23,Salmos 94:19-23,"Ó Senhor, Deus da vingança, ó Deus da vingança (4/4)",poetico,12,60,planejado
EP-1625,T3 — SAPIENCIAIS E POESIA,Salmos,95,1,6,Salmos 95:1-6,"Vinde, cantemos alegremente ao Senhor, cantemos com júbilo à (1/3)",poetico,12,60,planejado
EP-1626,T3 — SAPIENCIAIS E POESIA,Salmos,95,7,12,Salmos 95:7-12,"Vinde, cantemos alegremente ao Senhor, cantemos com júbilo à (2/3)",poetico,12,60,planejado
EP-1627,T3 — SAPIENCIAIS E POESIA,Salmos,95,13,13,Salmos 95:13,"Vinde, cantemos alegremente ao Senhor, cantemos com júbilo à (3/3)",poetico,12,60,planejado
EP-1628,T3 — SAPIENCIAIS E POESIA,Salmos,96,1,6,Salmos 96:1-6,"Cantai ao Senhor um cântico novo, cantai ao Senhor (1/3)",poetico,12,60,planejado
EP-1629,T3 — SAPIENCIAIS E POESIA,Salmos,96,7,12,Salmos 96:7-12,"Cantai ao Senhor um cântico novo, cantai ao Senhor (2/3)",poetico,12,60,planejado
EP-1630,T3 — SAPIENCIAIS E POESIA,Salmos,96,13,13,Salmos 96:13,"Cantai ao Senhor um cântico novo, cantai ao Senhor (3/3)",poetico,12,60,planejado
EP-1631,T3 — SAPIENCIAIS E POESIA,Salmos,97,1,6,Salmos 97:1-6,"O Senhor reina, regozije-se a terra; alegrem-se as numerosas (1/2)",poetico,12,60,planejado
EP-1632,T3 — SAPIENCIAIS E POESIA,Salmos,97,7,12,Salmos 97:7-12,"O Senhor reina, regozije-se a terra; alegrem-se as numerosas (2/2)",poetico,12,60,planejado
EP-1633,T3 — SAPIENCIAIS E POESIA,Salmos,98,1,6,Salmos 98:1-6,"Cantai ao Senhor um cântico novo, porque ele tem (1/2)",poetico,12,60,planejado
EP-1634,T3 — SAPIENCIAIS E POESIA,Salmos,98,7,9,Salmos 98:7-9,"Cantai ao Senhor um cântico novo, porque ele tem (2/2)",poetico,12,60,planejado
EP-1635,T3 — SAPIENCIAIS E POESIA,Salmos,99,1,6,Salmos 99:1-6,"O Senhor reina, tremam os povos; ele está entronizado (1/2)",poetico,12,60,planejado
EP-1636,T3 — SAPIENCIAIS E POESIA,Salmos,99,7,9,Salmos 99:7-9,"O Senhor reina, tremam os povos; ele está entronizado (2/2)",poetico,12,60,planejado
EP-1637,T3 — SAPIENCIAIS E POESIA,Salmos,100,1,6,Salmos 100:1-6,Servi ao SENHOR com Alegria (1/2),poetico,12,60,planejado
EP-1638,T3 — SAPIENCIAIS E POESIA,Salmos,100,7,8,Salmos 100:7-8,Servi ao SENHOR com Alegria (2/2),poetico,12,60,planejado
EP-1639,T3 — SAPIENCIAIS E POESIA,Salmos,101,1,6,Salmos 101:1-6,"Cantarei a benignidade e o juízo; a ti, Senhor (1/5)",poetico,12,60,planejado
EP-1640,T3 — SAPIENCIAIS E POESIA,Salmos,101,7,12,Salmos 101:7-12,"Cantarei a benignidade e o juízo; a ti, Senhor (2/5)",poetico,12,60,planejado
EP-1641,T3 — SAPIENCIAIS E POESIA,Salmos,101,13,18,Salmos 101:13-18,"Cantarei a benignidade e o juízo; a ti, Senhor (3/5)",poetico,12,60,planejado
EP-1642,T3 — SAPIENCIAIS E POESIA,Salmos,101,19,24,Salmos 101:19-24,"Cantarei a benignidade e o juízo; a ti, Senhor (4/5)",poetico,12,60,planejado
EP-1643,T3 — SAPIENCIAIS E POESIA,Salmos,101,25,29,Salmos 101:25-29,"Cantarei a benignidade e o juízo; a ti, Senhor (5/5)",poetico,12,60,planejado
EP-1644,T3 — SAPIENCIAIS E POESIA,Salmos,102,1,6,Salmos 102:1-6,"Ó Senhor, ouve a minha oração, e chegue a (1/5)",poetico,12,60,planejado
EP-1645,T3 — SAPIENCIAIS E POESIA,Salmos,102,7,12,Salmos 102:7-12,"Ó Senhor, ouve a minha oração, e chegue a (2/5)",poetico,12,60,planejado
EP-1646,T3 — SAPIENCIAIS E POESIA,Salmos,102,13,18,Salmos 102:13-18,"Ó Senhor, ouve a minha oração, e chegue a (3/5)",poetico,12,60,planejado
EP-1647,T3 — SAPIENCIAIS E POESIA,Salmos,102,19,24,Salmos 102:19-24,"Ó Senhor, ouve a minha oração, e chegue a (4/5)",poetico,12,60,planejado
EP-1648,T3 — SAPIENCIAIS E POESIA,Salmos,102,25,29,Salmos 102:25-29,"Ó Senhor, ouve a minha oração, e chegue a (5/5)",poetico,12,60,planejado
EP-1649,T3 — SAPIENCIAIS E POESIA,Salmos,103,1,6,Salmos 103:1-6,"Bendize, Ó Minha Alma (1/6)",poetico,12,60,planejado
EP-1650,T3 — SAPIENCIAIS E POESIA,Salmos,103,7,12,Salmos 103:7-12,"Bendize, Ó Minha Alma (2/6)",poetico,12,60,planejado
EP-1651,T3 — SAPIENCIAIS E POESIA,Salmos,103,13,18,Salmos 103:13-18,"Bendize, Ó Minha Alma (3/6)",poetico,12,60,planejado
EP-1652,T3 — SAPIENCIAIS E POESIA,Salmos,103,19,24,Salmos 103:19-24,"Bendize, Ó Minha Alma (4/6)",poetico,12,60,planejado
EP-1653,T3 — SAPIENCIAIS E POESIA,Salmos,103,25,30,Salmos 103:25-30,"Bendize, Ó Minha Alma (5/6)",poetico,12,60,planejado
EP-1654,T3 — SAPIENCIAIS E POESIA,Salmos,103,31,35,Salmos 103:31-35,"Bendize, Ó Minha Alma (6/6)",poetico,12,60,planejado
EP-1655,T3 — SAPIENCIAIS E POESIA,Salmos,104,1,6,Salmos 104:1-6,"Bendize, ó minha alma, ao Senhor! Senhor, Deus meu (1/8)",poetico,12,60,planejado
EP-1656,T3 — SAPIENCIAIS E POESIA,Salmos,104,7,12,Salmos 104:7-12,"Bendize, ó minha alma, ao Senhor! Senhor, Deus meu (2/8)",poetico,12,60,planejado
EP-1657,T3 — SAPIENCIAIS E POESIA,Salmos,104,13,18,Salmos 104:13-18,"Bendize, ó minha alma, ao Senhor! Senhor, Deus meu (3/8)",poetico,12,60,planejado
EP-1658,T3 — SAPIENCIAIS E POESIA,Salmos,104,19,24,Salmos 104:19-24,"Bendize, ó minha alma, ao Senhor! Senhor, Deus meu (4/8)",poetico,12,60,planejado
EP-1659,T3 — SAPIENCIAIS E POESIA,Salmos,104,25,30,Salmos 104:25-30,"Bendize, ó minha alma, ao Senhor! Senhor, Deus meu (5/8)",poetico,12,60,planejado
EP-1660,T3 — SAPIENCIAIS E POESIA,Salmos,104,31,36,Salmos 104:31-36,"Bendize, ó minha alma, ao Senhor! Senhor, Deus meu (6/8)",poetico,12,60,planejado
EP-1661,T3 — SAPIENCIAIS E POESIA,Salmos,104,37,42,Salmos 104:37-42,"Bendize, ó minha alma, ao Senhor! Senhor, Deus meu (7/8)",poetico,12,60,planejado
EP-1662,T3 — SAPIENCIAIS E POESIA,Salmos,104,43,45,Salmos 104:43-45,"Bendize, ó minha alma, ao Senhor! Senhor, Deus meu (8/8)",poetico,12,60,planejado
EP-1663,T3 — SAPIENCIAIS E POESIA,Salmos,105,1,6,Salmos 105:1-6,Dai graças ao Senhor; invocai o seu nome; fazei (1/8),poetico,12,60,planejado
EP-1664,T3 — SAPIENCIAIS E POESIA,Salmos,105,7,12,Salmos 105:7-12,Dai graças ao Senhor; invocai o seu nome; fazei (2/8),poetico,12,60,planejado
EP-1665,T3 — SAPIENCIAIS E POESIA,Salmos,105,13,18,Salmos 105:13-18,Dai graças ao Senhor; invocai o seu nome; fazei (3/8),poetico,12,60,planejado
EP-1666,T3 — SAPIENCIAIS E POESIA,Salmos,105,19,24,Salmos 105:19-24,Dai graças ao Senhor; invocai o seu nome; fazei (4/8),poetico,12,60,planejado
EP-1667,T3 — SAPIENCIAIS E POESIA,Salmos,105,25,30,Salmos 105:25-30,Dai graças ao Senhor; invocai o seu nome; fazei (5/8),poetico,12,60,planejado
EP-1668,T3 — SAPIENCIAIS E POESIA,Salmos,105,31,36,Salmos 105:31-36,Dai graças ao Senhor; invocai o seu nome; fazei (6/8),poetico,12,60,planejado
EP-1669,T3 — SAPIENCIAIS E POESIA,Salmos,105,37,42,Salmos 105:37-42,Dai graças ao Senhor; invocai o seu nome; fazei (7/8),poetico,12,60,planejado
EP-1670,T3 — SAPIENCIAIS E POESIA,Salmos,105,43,48,Salmos 105:43-48,Dai graças ao Senhor; invocai o seu nome; fazei (8/8),poetico,12,60,planejado
EP-1671,T3 — SAPIENCIAIS E POESIA,Salmos,106,1,6,Salmos 106:1-6,"Louvai ao Senhor. Louvai ao Senhor, porque ele é (1/8)",poetico,12,60,planejado
EP-1672,T3 — SAPIENCIAIS E POESIA,Salmos,106,7,12,Salmos 106:7-12,"Louvai ao Senhor. Louvai ao Senhor, porque ele é (2/8)",poetico,12,60,planejado
EP-1673,T3 — SAPIENCIAIS E POESIA,Salmos,106,13,18,Salmos 106:13-18,"Louvai ao Senhor. Louvai ao Senhor, porque ele é (3/8)",poetico,12,60,planejado
EP-1674,T3 — SAPIENCIAIS E POESIA,Salmos,106,19,24,Salmos 106:19-24,"Louvai ao Senhor. Louvai ao Senhor, porque ele é (4/8)",poetico,12,60,planejado
EP-1675,T3 — SAPIENCIAIS E POESIA,Salmos,106,25,30,Salmos 106:25-30,"Louvai ao Senhor. Louvai ao Senhor, porque ele é (5/8)",poetico,12,60,planejado
EP-1676,T3 — SAPIENCIAIS E POESIA,Salmos,106,31,36,Salmos 106:31-36,"Louvai ao Senhor. Louvai ao Senhor, porque ele é (6/8)",poetico,12,60,planejado
EP-1677,T3 — SAPIENCIAIS E POESIA,Salmos,106,37,42,Salmos 106:37-42,"Louvai ao Senhor. Louvai ao Senhor, porque ele é (7/8)",poetico,12,60,planejado
EP-1678,T3 — SAPIENCIAIS E POESIA,Salmos,106,43,48,Salmos 106:43-48,"Louvai ao Senhor. Louvai ao Senhor, porque ele é (8/8)",poetico,12,60,planejado
EP-1679,T3 — SAPIENCIAIS E POESIA,Salmos,107,1,6,Salmos 107:1-6,"Dai graças ao Senhor, porque ele é bom; porque (1/8)",poetico,12,60,planejado
EP-1680,T3 — SAPIENCIAIS E POESIA,Salmos,107,7,12,Salmos 107:7-12,"Dai graças ao Senhor, porque ele é bom; porque (2/8)",poetico,12,60,planejado
EP-1681,T3 — SAPIENCIAIS E POESIA,Salmos,107,13,18,Salmos 107:13-18,"Dai graças ao Senhor, porque ele é bom; porque (3/8)",poetico,12,60,planejado
EP-1682,T3 — SAPIENCIAIS E POESIA,Salmos,107,19,24,Salmos 107:19-24,"Dai graças ao Senhor, porque ele é bom; porque (4/8)",poetico,12,60,planejado
EP-1683,T3 — SAPIENCIAIS E POESIA,Salmos,107,25,30,Salmos 107:25-30,"Dai graças ao Senhor, porque ele é bom; porque (5/8)",poetico,12,60,planejado
EP-1684,T3 — SAPIENCIAIS E POESIA,Salmos,107,31,36,Salmos 107:31-36,"Dai graças ao Senhor, porque ele é bom; porque (6/8)",poetico,12,60,planejado
EP-1685,T3 — SAPIENCIAIS E POESIA,Salmos,107,37,42,Salmos 107:37-42,"Dai graças ao Senhor, porque ele é bom; porque (7/8)",poetico,12,60,planejado
EP-1686,T3 — SAPIENCIAIS E POESIA,Salmos,107,43,43,Salmos 107:43,"Dai graças ao Senhor, porque ele é bom; porque (8/8)",poetico,12,60,planejado
EP-1687,T3 — SAPIENCIAIS E POESIA,Salmos,108,1,6,Salmos 108:1-6,"Preparado está o meu coração, ó Deus; cantarei, sim (1/6)",poetico,12,60,planejado
EP-1688,T3 — SAPIENCIAIS E POESIA,Salmos,108,7,12,Salmos 108:7-12,"Preparado está o meu coração, ó Deus; cantarei, sim (2/6)",poetico,12,60,planejado
EP-1689,T3 — SAPIENCIAIS E POESIA,Salmos,108,13,18,Salmos 108:13-18,"Preparado está o meu coração, ó Deus; cantarei, sim (3/6)",poetico,12,60,planejado
EP-1690,T3 — SAPIENCIAIS E POESIA,Salmos,108,19,24,Salmos 108:19-24,"Preparado está o meu coração, ó Deus; cantarei, sim (4/6)",poetico,12,60,planejado
EP-1691,T3 — SAPIENCIAIS E POESIA,Salmos,108,25,30,Salmos 108:25-30,"Preparado está o meu coração, ó Deus; cantarei, sim (5/6)",poetico,12,60,planejado
EP-1692,T3 — SAPIENCIAIS E POESIA,Salmos,108,31,31,Salmos 108:31,"Preparado está o meu coração, ó Deus; cantarei, sim (6/6)",poetico,12,60,planejado
EP-1693,T3 — SAPIENCIAIS E POESIA,Salmos,109,1,6,Salmos 109:1-6,"Ó Deus do meu louvor, não te cales (1/6)",poetico,12,60,planejado
EP-1694,T3 — SAPIENCIAIS E POESIA,Salmos,109,7,12,Salmos 109:7-12,"Ó Deus do meu louvor, não te cales (2/6)",poetico,12,60,planejado
EP-1695,T3 — SAPIENCIAIS E POESIA,Salmos,109,13,18,Salmos 109:13-18,"Ó Deus do meu louvor, não te cales (3/6)",poetico,12,60,planejado
EP-1696,T3 — SAPIENCIAIS E POESIA,Salmos,109,19,24,Salmos 109:19-24,"Ó Deus do meu louvor, não te cales (4/6)",poetico,12,60,planejado
EP-1697,T3 — SAPIENCIAIS E POESIA,Salmos,109,25,30,Salmos 109:25-30,"Ó Deus do meu louvor, não te cales (5/6)",poetico,12,60,planejado
EP-1698,T3 — SAPIENCIAIS E POESIA,Salmos,109,31,31,Salmos 109:31,"Ó Deus do meu louvor, não te cales (6/6)",poetico,12,60,planejado
EP-1699,T3 — SAPIENCIAIS E POESIA,Salmos,110,1,6,Salmos 110:1-6,Disse o SENHOR ao Meu Senhor (1/2),poetico,12,60,planejado
EP-1700,T3 — SAPIENCIAIS E POESIA,Salmos,110,7,10,Salmos 110:7-10,Disse o SENHOR ao Meu Senhor (2/2),poetico,12,60,planejado
EP-1701,T3 — SAPIENCIAIS E POESIA,Salmos,111,1,6,Salmos 111:1-6,Louvai ao Senhor. De todo o coração darei graças (1/2),poetico,12,60,planejado
EP-1702,T3 — SAPIENCIAIS E POESIA,Salmos,111,7,10,Salmos 111:7-10,Louvai ao Senhor. De todo o coração darei graças (2/2),poetico,12,60,planejado
EP-1703,T3 — SAPIENCIAIS E POESIA,Salmos,112,1,6,Salmos 112:1-6,Louvai ao Senhor. Bem-aventurado o homem que teme ao (1/2),poetico,12,60,planejado
EP-1704,T3 — SAPIENCIAIS E POESIA,Salmos,112,7,10,Salmos 112:7-10,Louvai ao Senhor. Bem-aventurado o homem que teme ao (2/2),poetico,12,60,planejado
EP-1705,T3 — SAPIENCIAIS E POESIA,Salmos,113,1,6,Salmos 113:1-6,"Louvai ao Senhor. Louvai, servos do Senhor, louvai o (1/5)",poetico,12,60,planejado
EP-1706,T3 — SAPIENCIAIS E POESIA,Salmos,113,7,12,Salmos 113:7-12,"Louvai ao Senhor. Louvai, servos do Senhor, louvai o (2/5)",poetico,12,60,planejado
EP-1707,T3 — SAPIENCIAIS E POESIA,Salmos,113,13,18,Salmos 113:13-18,"Louvai ao Senhor. Louvai, servos do Senhor, louvai o (3/5)",poetico,12,60,planejado
EP-1708,T3 — SAPIENCIAIS E POESIA,Salmos,113,19,24,Salmos 113:19-24,"Louvai ao Senhor. Louvai, servos do Senhor, louvai o (4/5)",poetico,12,60,planejado
EP-1709,T3 — SAPIENCIAIS E POESIA,Salmos,113,25,26,Salmos 113:25-26,"Louvai ao Senhor. Louvai, servos do Senhor, louvai o (5/5)",poetico,12,60,planejado
EP-1710,T3 — SAPIENCIAIS E POESIA,Salmos,114,1,6,Salmos 114:1-6,"Quando Israel saiu do Egito, e a casa de (1/2)",poetico,12,60,planejado
EP-1711,T3 — SAPIENCIAIS E POESIA,Salmos,114,7,9,Salmos 114:7-9,"Quando Israel saiu do Egito, e a casa de (2/2)",poetico,12,60,planejado
EP-1712,T3 — SAPIENCIAIS E POESIA,Salmos,115,1,6,Salmos 115:1-6,"Não a nós, Senhor, não a nós, mas ao (1/3)",poetico,12,60,planejado
EP-1713,T3 — SAPIENCIAIS E POESIA,Salmos,115,7,12,Salmos 115:7-12,"Não a nós, Senhor, não a nós, mas ao (2/3)",poetico,12,60,planejado
EP-1714,T3 — SAPIENCIAIS E POESIA,Salmos,115,13,18,Salmos 115:13-18,"Não a nós, Senhor, não a nós, mas ao (3/3)",poetico,12,60,planejado
EP-1715,T3 — SAPIENCIAIS E POESIA,Salmos,116,1,6,Salmos 116:1-6,"Amo ao Senhor, porque ele ouve a minha voz (1/4)",poetico,12,60,planejado
EP-1716,T3 — SAPIENCIAIS E POESIA,Salmos,116,7,12,Salmos 116:7-12,"Amo ao Senhor, porque ele ouve a minha voz (2/4)",poetico,12,60,planejado
EP-1717,T3 — SAPIENCIAIS E POESIA,Salmos,116,13,18,Salmos 116:13-18,"Amo ao Senhor, porque ele ouve a minha voz (3/4)",poetico,12,60,planejado
EP-1718,T3 — SAPIENCIAIS E POESIA,Salmos,116,19,19,Salmos 116:19,"Amo ao Senhor, porque ele ouve a minha voz (4/4)",poetico,12,60,planejado
EP-1719,T3 — SAPIENCIAIS E POESIA,Salmos,117,1,7,Salmos 117:1-7,"Louvai ao Senhor todas as nações, exaltai-o todos os (1/5)",poetico,12,60,planejado
EP-1720,T3 — SAPIENCIAIS E POESIA,Salmos,117,8,13,Salmos 117:8-13,"Louvai ao Senhor todas as nações, exaltai-o todos os (2/5)",poetico,12,60,planejado
EP-1721,T3 — SAPIENCIAIS E POESIA,Salmos,117,14,19,Salmos 117:14-19,"Louvai ao Senhor todas as nações, exaltai-o todos os (3/5)",poetico,12,60,planejado
EP-1722,T3 — SAPIENCIAIS E POESIA,Salmos,117,20,25,Salmos 117:20-25,"Louvai ao Senhor todas as nações, exaltai-o todos os (4/5)",poetico,12,60,planejado
EP-1723,T3 — SAPIENCIAIS E POESIA,Salmos,117,26,29,Salmos 117:26-29,"Louvai ao Senhor todas as nações, exaltai-o todos os (5/5)",poetico,12,60,planejado
EP-1724,T3 — SAPIENCIAIS E POESIA,Salmos,118,1,6,Salmos 118:1-6,"Dai graças ao Senhor, porque ele é bom; porque (1/30)",poetico,12,60,planejado
EP-1725,T3 — SAPIENCIAIS E POESIA,Salmos,118,7,12,Salmos 118:7-12,"Dai graças ao Senhor, porque ele é bom; porque (2/30)",poetico,12,60,planejado
EP-1726,T3 — SAPIENCIAIS E POESIA,Salmos,118,13,18,Salmos 118:13-18,"Dai graças ao Senhor, porque ele é bom; porque (3/30)",poetico,12,60,planejado
EP-1727,T3 — SAPIENCIAIS E POESIA,Salmos,118,19,24,Salmos 118:19-24,"Dai graças ao Senhor, porque ele é bom; porque (4/30)",poetico,12,60,planejado
EP-1728,T3 — SAPIENCIAIS E POESIA,Salmos,118,25,30,Salmos 118:25-30,"Dai graças ao Senhor, porque ele é bom; porque (5/30)",poetico,12,60,planejado
EP-1729,T3 — SAPIENCIAIS E POESIA,Salmos,118,31,36,Salmos 118:31-36,"Dai graças ao Senhor, porque ele é bom; porque (6/30)",poetico,12,60,planejado
EP-1730,T3 — SAPIENCIAIS E POESIA,Salmos,118,37,42,Salmos 118:37-42,"Dai graças ao Senhor, porque ele é bom; porque (7/30)",poetico,12,60,planejado
EP-1731,T3 — SAPIENCIAIS E POESIA,Salmos,118,43,48,Salmos 118:43-48,"Dai graças ao Senhor, porque ele é bom; porque (8/30)",poetico,12,60,planejado
EP-1732,T3 — SAPIENCIAIS E POESIA,Salmos,118,49,55,Salmos 118:49-55,"Dai graças ao Senhor, porque ele é bom; porque (9/30)",poetico,12,60,planejado
EP-1733,T3 — SAPIENCIAIS E POESIA,Salmos,118,56,61,Salmos 118:56-61,"Dai graças ao Senhor, porque ele é bom; porque (10/30)",poetico,12,60,planejado
EP-1734,T3 — SAPIENCIAIS E POESIA,Salmos,118,62,67,Salmos 118:62-67,"Dai graças ao Senhor, porque ele é bom; porque (11/30)",poetico,12,60,planejado
EP-1735,T3 — SAPIENCIAIS E POESIA,Salmos,118,68,73,Salmos 118:68-73,"Dai graças ao Senhor, porque ele é bom; porque (12/30)",poetico,12,60,planejado
EP-1736,T3 — SAPIENCIAIS E POESIA,Salmos,118,74,79,Salmos 118:74-79,"Dai graças ao Senhor, porque ele é bom; porque (13/30)",poetico,12,60,planejado
EP-1737,T3 — SAPIENCIAIS E POESIA,Salmos,118,80,85,Salmos 118:80-85,"Dai graças ao Senhor, porque ele é bom; porque (14/30)",poetico,12,60,planejado
EP-1738,T3 — SAPIENCIAIS E POESIA,Salmos,118,86,91,Salmos 118:86-91,"Dai graças ao Senhor, porque ele é bom; porque (15/30)",poetico,12,60,planejado
EP-1739,T3 — SAPIENCIAIS E POESIA,Salmos,118,92,97,Salmos 118:92-97,"Dai graças ao Senhor, porque ele é bom; porque (16/30)",poetico,12,60,planejado
EP-1740,T3 — SAPIENCIAIS E POESIA,Salmos,118,98,103,Salmos 118:98-103,"Dai graças ao Senhor, porque ele é bom; porque (17/30)",poetico,12,60,planejado
EP-1741,T3 — SAPIENCIAIS E POESIA,Salmos,118,104,109,Salmos 118:104-109,"Dai graças ao Senhor, porque ele é bom; porque (18/30)",poetico,12,60,planejado
EP-1742,T3 — SAPIENCIAIS E POESIA,Salmos,118,110,115,Salmos 118:110-115,"Dai graças ao Senhor, porque ele é bom; porque (19/30)",poetico,12,60,planejado
EP-1743,T3 — SAPIENCIAIS E POESIA,Salmos,118,116,121,Salmos 118:116-121,"Dai graças ao Senhor, porque ele é bom; porque (20/30)",poetico,12,60,planejado
EP-1744,T3 — SAPIENCIAIS E POESIA,Salmos,118,122,127,Salmos 118:122-127,"Dai graças ao Senhor, porque ele é bom; porque (21/30)",poetico,12,60,planejado
EP-1745,T3 — SAPIENCIAIS E POESIA,Salmos,118,128,133,Salmos 118:128-133,"Dai graças ao Senhor, porque ele é bom; porque (22/30)",poetico,12,60,planejado
EP-1746,T3 — SAPIENCIAIS E POESIA,Salmos,118,134,139,Salmos 118:134-139,"Dai graças ao Senhor, porque ele é bom; porque (23/30)",poetico,12,60,planejado
EP-1747,T3 — SAPIENCIAIS E POESIA,Salmos,118,140,145,Salmos 118:140-145,"Dai graças ao Senhor, porque ele é bom; porque (24/30)",poetico,12,60,planejado
EP-1748,T3 — SAPIENCIAIS E POESIA,Salmos,118,146,151,Salmos 118:146-151,"Dai graças ao Senhor, porque ele é bom; porque (25/30)",poetico,12,60,planejado
EP-1749,T3 — SAPIENCIAIS E POESIA,Salmos,118,152,157,Salmos 118:152-157,"Dai graças ao Senhor, porque ele é bom; porque (26/30)",poetico,12,60,planejado
EP-1750,T3 — SAPIENCIAIS E POESIA,Salmos,118,158,163,Salmos 118:158-163,"Dai graças ao Senhor, porque ele é bom; porque (27/30)",poetico,12,60,planejado
EP-1751,T3 — SAPIENCIAIS E POESIA,Salmos,118,164,169,Salmos 118:164-169,"Dai graças ao Senhor, porque ele é bom; porque (28/30)",poetico,12,60,planejado
EP-1752,T3 — SAPIENCIAIS E POESIA,Salmos,118,170,175,Salmos 118:170-175,"Dai graças ao Senhor, porque ele é bom; porque (29/30)",poetico,12,60,planejado
EP-1753,T3 — SAPIENCIAIS E POESIA,Salmos,118,176,176,Salmos 118:176,"Dai graças ao Senhor, porque ele é bom; porque (30/30)",poetico,12,60,planejado
EP-1754,T3 — SAPIENCIAIS E POESIA,Salmos,119,1,6,Salmos 119:1-6,Lâmpada para os Meus Pés (1/30),poetico,12,60,planejado
EP-1755,T3 — SAPIENCIAIS E POESIA,Salmos,119,7,12,Salmos 119:7-12,Lâmpada para os Meus Pés (2/30),poetico,12,60,planejado
EP-1756,T3 — SAPIENCIAIS E POESIA,Salmos,119,13,18,Salmos 119:13-18,Lâmpada para os Meus Pés (3/30),poetico,12,60,planejado
EP-1757,T3 — SAPIENCIAIS E POESIA,Salmos,119,19,24,Salmos 119:19-24,Lâmpada para os Meus Pés (4/30),poetico,12,60,planejado
EP-1758,T3 — SAPIENCIAIS E POESIA,Salmos,119,25,30,Salmos 119:25-30,Lâmpada para os Meus Pés (5/30),poetico,12,60,planejado
EP-1759,T3 — SAPIENCIAIS E POESIA,Salmos,119,31,36,Salmos 119:31-36,Lâmpada para os Meus Pés (6/30),poetico,12,60,planejado
EP-1760,T3 — SAPIENCIAIS E POESIA,Salmos,119,37,42,Salmos 119:37-42,Lâmpada para os Meus Pés (7/30),poetico,12,60,planejado
EP-1761,T3 — SAPIENCIAIS E POESIA,Salmos,119,43,48,Salmos 119:43-48,Lâmpada para os Meus Pés (8/30),poetico,12,60,planejado
EP-1762,T3 — SAPIENCIAIS E POESIA,Salmos,119,49,54,Salmos 119:49-54,Lâmpada para os Meus Pés (9/30),poetico,12,60,planejado
EP-1763,T3 — SAPIENCIAIS E POESIA,Salmos,119,55,60,Salmos 119:55-60,Lâmpada para os Meus Pés (10/30),poetico,12,60,planejado
EP-1764,T3 — SAPIENCIAIS E POESIA,Salmos,119,61,66,Salmos 119:61-66,Lâmpada para os Meus Pés (11/30),poetico,12,60,planejado
EP-1765,T3 — SAPIENCIAIS E POESIA,Salmos,119,67,72,Salmos 119:67-72,Lâmpada para os Meus Pés (12/30),poetico,12,60,planejado
EP-1766,T3 — SAPIENCIAIS E POESIA,Salmos,119,73,78,Salmos 119:73-78,Lâmpada para os Meus Pés (13/30),poetico,12,60,planejado
EP-1767,T3 — SAPIENCIAIS E POESIA,Salmos,119,79,84,Salmos 119:79-84,Lâmpada para os Meus Pés (14/30),poetico,12,60,planejado
EP-1768,T3 — SAPIENCIAIS E POESIA,Salmos,119,85,90,Salmos 119:85-90,Lâmpada para os Meus Pés (15/30),poetico,12,60,planejado
EP-1769,T3 — SAPIENCIAIS E POESIA,Salmos,119,91,96,Salmos 119:91-96,Lâmpada para os Meus Pés (16/30),poetico,12,60,planejado
EP-1770,T3 — SAPIENCIAIS E POESIA,Salmos,119,97,102,Salmos 119:97-102,Lâmpada para os Meus Pés (17/30),poetico,12,60,planejado
EP-1771,T3 — SAPIENCIAIS E POESIA,Salmos,119,103,108,Salmos 119:103-108,Lâmpada para os Meus Pés (18/30),poetico,12,60,planejado
EP-1772,T3 — SAPIENCIAIS E POESIA,Salmos,119,109,114,Salmos 119:109-114,Lâmpada para os Meus Pés (19/30),poetico,12,60,planejado
EP-1773,T3 — SAPIENCIAIS E POESIA,Salmos,119,115,120,Salmos 119:115-120,Lâmpada para os Meus Pés (20/30),poetico,12,60,planejado
EP-1774,T3 — SAPIENCIAIS E POESIA,Salmos,119,121,126,Salmos 119:121-126,Lâmpada para os Meus Pés (21/30),poetico,12,60,planejado
EP-1775,T3 — SAPIENCIAIS E POESIA,Salmos,119,127,132,Salmos 119:127-132,Lâmpada para os Meus Pés (22/30),poetico,12,60,planejado
EP-1776,T3 — SAPIENCIAIS E POESIA,Salmos,119,133,138,Salmos 119:133-138,Lâmpada para os Meus Pés (23/30),poetico,12,60,planejado
EP-1777,T3 — SAPIENCIAIS E POESIA,Salmos,119,139,144,Salmos 119:139-144,Lâmpada para os Meus Pés (24/30),poetico,12,60,planejado
EP-1778,T3 — SAPIENCIAIS E POESIA,Salmos,119,145,150,Salmos 119:145-150,Lâmpada para os Meus Pés (25/30),poetico,12,60,planejado
EP-1779,T3 — SAPIENCIAIS E POESIA,Salmos,119,151,156,Salmos 119:151-156,Lâmpada para os Meus Pés (26/30),poetico,12,60,planejado
EP-1780,T3 — SAPIENCIAIS E POESIA,Salmos,119,157,162,Salmos 119:157-162,Lâmpada para os Meus Pés (27/30),poetico,12,60,planejado
EP-1781,T3 — SAPIENCIAIS E POESIA,Salmos,119,163,168,Salmos 119:163-168,Lâmpada para os Meus Pés (28/30),poetico,12,60,planejado
EP-1782,T3 — SAPIENCIAIS E POESIA,Salmos,119,169,174,Salmos 119:169-174,Lâmpada para os Meus Pés (29/30),poetico,12,60,planejado
EP-1783,T3 — SAPIENCIAIS E POESIA,Salmos,119,175,176,Salmos 119:175-176,Lâmpada para os Meus Pés (30/30),poetico,12,60,planejado
EP-1784,T3 — SAPIENCIAIS E POESIA,Salmos,120,1,6,Salmos 120:1-6,"Na minha angústia clamei ao Senhor, e ele me (1/2)",poetico,12,60,planejado
EP-1785,T3 — SAPIENCIAIS E POESIA,Salmos,120,7,8,Salmos 120:7-8,"Na minha angústia clamei ao Senhor, e ele me (2/2)",poetico,12,60,planejado
EP-1786,T3 — SAPIENCIAIS E POESIA,Salmos,121,1,6,Salmos 121:1-6,Elevo os Meus Olhos (1/2),poetico,12,60,planejado
EP-1787,T3 — SAPIENCIAIS E POESIA,Salmos,121,7,9,Salmos 121:7-9,Elevo os Meus Olhos (2/2),poetico,12,60,planejado
EP-1788,T3 — SAPIENCIAIS E POESIA,Salmos,122,1,6,Salmos 122:1-6,Alegrei-me quando me disseram: Vamos à casa do Senhor (1/2),poetico,12,60,planejado
EP-1789,T3 — SAPIENCIAIS E POESIA,Salmos,122,7,9,Salmos 122:7-9,Alegrei-me quando me disseram: Vamos à casa do Senhor (2/2),poetico,12,60,planejado
EP-1790,T3 — SAPIENCIAIS E POESIA,Salmos,123,1,6,Salmos 123:1-6,"A ti levanto os meus olhos, ó tu que (1/2)",poetico,12,60,planejado
EP-1791,T3 — SAPIENCIAIS E POESIA,Salmos,123,7,8,Salmos 123:7-8,"A ti levanto os meus olhos, ó tu que (2/2)",poetico,12,60,planejado
EP-1792,T3 — SAPIENCIAIS E POESIA,Salmos,124,1,6,Salmos 124:1-6,"Se não fora o Senhor, que esteve ao nosso (1/2)",poetico,12,60,planejado
EP-1793,T3 — SAPIENCIAIS E POESIA,Salmos,124,7,8,Salmos 124:7-8,"Se não fora o Senhor, que esteve ao nosso (2/2)",poetico,12,60,planejado
EP-1794,T3 — SAPIENCIAIS E POESIA,Salmos,125,1,6,Salmos 125:1-6,Aqueles que confiam no Senhor são como o monte,poetico,12,60,planejado
EP-1795,T3 — SAPIENCIAIS E POESIA,Salmos,126,1,6,Salmos 126:1-6,Quando o Senhor trouxe do cativeiro os que voltaram,poetico,12,60,planejado
EP-1796,T3 — SAPIENCIAIS E POESIA,Salmos,127,1,6,Salmos 127:1-6,"Se o Senhor não edificar a casa, em vão",poetico,12,60,planejado
EP-1797,T3 — SAPIENCIAIS E POESIA,Salmos,128,1,6,Salmos 128:1-6,Bem-aventurado todo aquele que teme ao Senhor e anda (1/2),poetico,12,60,planejado
EP-1798,T3 — SAPIENCIAIS E POESIA,Salmos,128,7,8,Salmos 128:7-8,Bem-aventurado todo aquele que teme ao Senhor e anda (2/2),poetico,12,60,planejado
EP-1799,T3 — SAPIENCIAIS E POESIA,Salmos,129,1,6,Salmos 129:1-6,"Gravemente me angustiaram desde a minha mocidade, diga agora (1/2)",poetico,12,60,planejado
EP-1800,T3 — SAPIENCIAIS E POESIA,Salmos,129,7,8,Salmos 129:7-8,"Gravemente me angustiaram desde a minha mocidade, diga agora (2/2)",poetico,12,60,planejado
EP-1801,T3 — SAPIENCIAIS E POESIA,Salmos,130,1,6,Salmos 130:1-6,"Das profundezas clamo a ti, ó Senhor (1/2)",poetico,12,60,planejado
EP-1802,T3 — SAPIENCIAIS E POESIA,Salmos,130,7,8,Salmos 130:7-8,"Das profundezas clamo a ti, ó Senhor (2/2)",poetico,12,60,planejado
EP-1803,T3 — SAPIENCIAIS E POESIA,Salmos,131,1,6,Salmos 131:1-6,"Senhor, o meu coração não é soberbo, nem os (1/3)",poetico,12,60,planejado
EP-1804,T3 — SAPIENCIAIS E POESIA,Salmos,131,7,12,Salmos 131:7-12,"Senhor, o meu coração não é soberbo, nem os (2/3)",poetico,12,60,planejado
EP-1805,T3 — SAPIENCIAIS E POESIA,Salmos,131,13,18,Salmos 131:13-18,"Senhor, o meu coração não é soberbo, nem os (3/3)",poetico,12,60,planejado
EP-1806,T3 — SAPIENCIAIS E POESIA,Salmos,132,1,6,Salmos 132:1-6,"Lembra-te, Senhor, a bem de Davi, de todas as (1/3)",poetico,12,60,planejado
EP-1807,T3 — SAPIENCIAIS E POESIA,Salmos,132,7,12,Salmos 132:7-12,"Lembra-te, Senhor, a bem de Davi, de todas as (2/3)",poetico,12,60,planejado
EP-1808,T3 — SAPIENCIAIS E POESIA,Salmos,132,13,18,Salmos 132:13-18,"Lembra-te, Senhor, a bem de Davi, de todas as (3/3)",poetico,12,60,planejado
EP-1809,T3 — SAPIENCIAIS E POESIA,Salmos,133,1,3,Salmos 133:1-3,Oh! quão bom e quão suave é que os,poetico,12,60,planejado
EP-1810,T3 — SAPIENCIAIS E POESIA,Salmos,134,1,6,Salmos 134:1-6,"Eis aqui, bendizei ao Senhor, todos vós, servos do (1/4)",poetico,12,60,planejado
EP-1811,T3 — SAPIENCIAIS E POESIA,Salmos,134,7,12,Salmos 134:7-12,"Eis aqui, bendizei ao Senhor, todos vós, servos do (2/4)",poetico,12,60,planejado
EP-1812,T3 — SAPIENCIAIS E POESIA,Salmos,134,13,18,Salmos 134:13-18,"Eis aqui, bendizei ao Senhor, todos vós, servos do (3/4)",poetico,12,60,planejado
EP-1813,T3 — SAPIENCIAIS E POESIA,Salmos,134,19,21,Salmos 134:19-21,"Eis aqui, bendizei ao Senhor, todos vós, servos do (4/4)",poetico,12,60,planejado
EP-1814,T3 — SAPIENCIAIS E POESIA,Salmos,135,1,6,Salmos 135:1-6,Louvai ao Senhor. Louvai o nome do Senhor; louvai-o (1/5),poetico,12,60,planejado
EP-1815,T3 — SAPIENCIAIS E POESIA,Salmos,135,7,12,Salmos 135:7-12,Louvai ao Senhor. Louvai o nome do Senhor; louvai-o (2/5),poetico,12,60,planejado
EP-1816,T3 — SAPIENCIAIS E POESIA,Salmos,135,13,18,Salmos 135:13-18,Louvai ao Senhor. Louvai o nome do Senhor; louvai-o (3/5),poetico,12,60,planejado
EP-1817,T3 — SAPIENCIAIS E POESIA,Salmos,135,19,25,Salmos 135:19-25,Louvai ao Senhor. Louvai o nome do Senhor; louvai-o (4/5),poetico,12,60,planejado
EP-1818,T3 — SAPIENCIAIS E POESIA,Salmos,135,26,26,Salmos 135:26,Louvai ao Senhor. Louvai o nome do Senhor; louvai-o (5/5),poetico,12,60,planejado
EP-1819,T3 — SAPIENCIAIS E POESIA,Salmos,136,1,6,Salmos 136:1-6,"Dai graças ao Senhor, porque ele é bom; porque (1/5)",poetico,12,60,planejado
EP-1820,T3 — SAPIENCIAIS E POESIA,Salmos,136,7,12,Salmos 136:7-12,"Dai graças ao Senhor, porque ele é bom; porque (2/5)",poetico,12,60,planejado
EP-1821,T3 — SAPIENCIAIS E POESIA,Salmos,136,13,18,Salmos 136:13-18,"Dai graças ao Senhor, porque ele é bom; porque (3/5)",poetico,12,60,planejado
EP-1822,T3 — SAPIENCIAIS E POESIA,Salmos,136,19,24,Salmos 136:19-24,"Dai graças ao Senhor, porque ele é bom; porque (4/5)",poetico,12,60,planejado
EP-1823,T3 — SAPIENCIAIS E POESIA,Salmos,136,25,26,Salmos 136:25-26,"Dai graças ao Senhor, porque ele é bom; porque (5/5)",poetico,12,60,planejado
EP-1824,T3 — SAPIENCIAIS E POESIA,Salmos,137,1,6,Salmos 137:1-6,Junto aos Rios da Babilônia (1/2),poetico,12,60,planejado
EP-1825,T3 — SAPIENCIAIS E POESIA,Salmos,137,7,9,Salmos 137:7-9,Junto aos Rios da Babilônia (2/2),poetico,12,60,planejado
EP-1826,T3 — SAPIENCIAIS E POESIA,Salmos,138,1,6,Salmos 138:1-6,Graças te dou de todo o meu coração; diante (1/4),poetico,12,60,planejado
EP-1827,T3 — SAPIENCIAIS E POESIA,Salmos,138,7,12,Salmos 138:7-12,Graças te dou de todo o meu coração; diante (2/4),poetico,12,60,planejado
EP-1828,T3 — SAPIENCIAIS E POESIA,Salmos,138,13,18,Salmos 138:13-18,Graças te dou de todo o meu coração; diante (3/4),poetico,12,60,planejado
EP-1829,T3 — SAPIENCIAIS E POESIA,Salmos,138,19,24,Salmos 138:19-24,Graças te dou de todo o meu coração; diante (4/4),poetico,12,60,planejado
EP-1830,T3 — SAPIENCIAIS E POESIA,Salmos,139,1,6,Salmos 139:1-6,Tu Me Sondas e Me Conheces (1/4),poetico,12,60,planejado
EP-1831,T3 — SAPIENCIAIS E POESIA,Salmos,139,7,12,Salmos 139:7-12,Tu Me Sondas e Me Conheces (2/4),poetico,12,60,planejado
EP-1832,T3 — SAPIENCIAIS E POESIA,Salmos,139,13,18,Salmos 139:13-18,Tu Me Sondas e Me Conheces (3/4),poetico,12,60,planejado
EP-1833,T3 — SAPIENCIAIS E POESIA,Salmos,139,19,24,Salmos 139:19-24,Tu Me Sondas e Me Conheces (4/4),poetico,12,60,planejado
EP-1834,T3 — SAPIENCIAIS E POESIA,Salmos,140,1,6,Salmos 140:1-6,"Livra-me, ó Senhor, dos homens maus; guarda-me dos homens (1/3)",poetico,12,60,planejado
EP-1835,T3 — SAPIENCIAIS E POESIA,Salmos,140,7,12,Salmos 140:7-12,"Livra-me, ó Senhor, dos homens maus; guarda-me dos homens (2/3)",poetico,12,60,planejado
EP-1836,T3 — SAPIENCIAIS E POESIA,Salmos,140,13,14,Salmos 140:13-14,"Livra-me, ó Senhor, dos homens maus; guarda-me dos homens (3/3)",poetico,12,60,planejado
EP-1837,T3 — SAPIENCIAIS E POESIA,Salmos,141,1,6,Salmos 141:1-6,"Ó Senhor, a ti clamo; dá-te pressa em me (1/2)",poetico,12,60,planejado
EP-1838,T3 — SAPIENCIAIS E POESIA,Salmos,141,7,10,Salmos 141:7-10,"Ó Senhor, a ti clamo; dá-te pressa em me (2/2)",poetico,12,60,planejado
EP-1839,T3 — SAPIENCIAIS E POESIA,Salmos,142,1,6,Salmos 142:1-6,Com a minha voz clamo ao Senhor; com a (1/2),poetico,12,60,planejado
EP-1840,T3 — SAPIENCIAIS E POESIA,Salmos,142,7,12,Salmos 142:7-12,Com a minha voz clamo ao Senhor; com a (2/2),poetico,12,60,planejado
EP-1841,T3 — SAPIENCIAIS E POESIA,Salmos,143,1,6,Salmos 143:1-6,"Ó Senhor, ouve a minha oração, dá ouvidos às (1/3)",poetico,12,60,planejado
EP-1842,T3 — SAPIENCIAIS E POESIA,Salmos,143,7,12,Salmos 143:7-12,"Ó Senhor, ouve a minha oração, dá ouvidos às (2/3)",poetico,12,60,planejado
EP-1843,T3 — SAPIENCIAIS E POESIA,Salmos,143,13,15,Salmos 143:13-15,"Ó Senhor, ouve a minha oração, dá ouvidos às (3/3)",poetico,12,60,planejado
EP-1844,T3 — SAPIENCIAIS E POESIA,Salmos,144,1,6,Salmos 144:1-6,"Bendito seja o Senhor, minha rocha, que adestra as (1/4)",poetico,12,60,planejado
EP-1845,T3 — SAPIENCIAIS E POESIA,Salmos,144,7,12,Salmos 144:7-12,"Bendito seja o Senhor, minha rocha, que adestra as (2/4)",poetico,12,60,planejado
EP-1846,T3 — SAPIENCIAIS E POESIA,Salmos,144,13,18,Salmos 144:13-18,"Bendito seja o Senhor, minha rocha, que adestra as (3/4)",poetico,12,60,planejado
EP-1847,T3 — SAPIENCIAIS E POESIA,Salmos,144,19,21,Salmos 144:19-21,"Bendito seja o Senhor, minha rocha, que adestra as (4/4)",poetico,12,60,planejado
EP-1848,T3 — SAPIENCIAIS E POESIA,Salmos,145,1,6,Salmos 145:1-6,Grande É o SENHOR (1/4),poetico,12,60,planejado
EP-1849,T3 — SAPIENCIAIS E POESIA,Salmos,145,7,12,Salmos 145:7-12,Grande É o SENHOR (2/4),poetico,12,60,planejado
EP-1850,T3 — SAPIENCIAIS E POESIA,Salmos,145,13,18,Salmos 145:13-18,Grande É o SENHOR (3/4),poetico,12,60,planejado
EP-1851,T3 — SAPIENCIAIS E POESIA,Salmos,145,19,21,Salmos 145:19-21,Grande É o SENHOR (4/4),poetico,12,60,planejado
EP-1852,T3 — SAPIENCIAIS E POESIA,Salmos,146,1,6,Salmos 146:1-6,"Louvai ao Senhor. Ó minha alma, louva ao Senhor (1/2)",poetico,12,60,planejado
EP-1853,T3 — SAPIENCIAIS E POESIA,Salmos,146,7,11,Salmos 146:7-11,"Louvai ao Senhor. Ó minha alma, louva ao Senhor (2/2)",poetico,12,60,planejado
EP-1854,T3 — SAPIENCIAIS E POESIA,Salmos,147,1,6,Salmos 147:1-6,Louvai ao Senhor; porque é bom cantar louvores ao (1/4),poetico,12,60,planejado
EP-1855,T3 — SAPIENCIAIS E POESIA,Salmos,147,7,12,Salmos 147:7-12,Louvai ao Senhor; porque é bom cantar louvores ao (2/4),poetico,12,60,planejado
EP-1856,T3 — SAPIENCIAIS E POESIA,Salmos,147,13,18,Salmos 147:13-18,Louvai ao Senhor; porque é bom cantar louvores ao (3/4),poetico,12,60,planejado
EP-1857,T3 — SAPIENCIAIS E POESIA,Salmos,147,19,20,Salmos 147:19-20,Louvai ao Senhor; porque é bom cantar louvores ao (4/4),poetico,12,60,planejado
EP-1858,T3 — SAPIENCIAIS E POESIA,Salmos,148,1,6,Salmos 148:1-6,Louvai ao Senhor! Louvai ao Senhor desde o céu (1/3),poetico,12,60,planejado
EP-1859,T3 — SAPIENCIAIS E POESIA,Salmos,148,7,12,Salmos 148:7-12,Louvai ao Senhor! Louvai ao Senhor desde o céu (2/3),poetico,12,60,planejado
EP-1860,T3 — SAPIENCIAIS E POESIA,Salmos,148,13,14,Salmos 148:13-14,Louvai ao Senhor! Louvai ao Senhor desde o céu (3/3),poetico,12,60,planejado
EP-1861,T3 — SAPIENCIAIS E POESIA,Salmos,149,1,6,Salmos 149:1-6,Louvai ao Senhor! Cantai ao Senhor um cântico novo (1/2),poetico,12,60,planejado
EP-1862,T3 — SAPIENCIAIS E POESIA,Salmos,149,7,9,Salmos 149:7-9,Louvai ao Senhor! Cantai ao Senhor um cântico novo (2/2),poetico,12,60,planejado
EP-1863,T3 — SAPIENCIAIS E POESIA,Salmos,150,1,6,Salmos 150:1-6,Todo Ser que Respira Louve ao SENHOR,poetico,12,60,planejado
EP-1864,T3 — SAPIENCIAIS E POESIA,Salmos,151,1,6,Salmos 151:1-6,Capítulo 151 (1/2),poetico,12,60,planejado
EP-1865,T3 — SAPIENCIAIS E POESIA,Salmos,151,7,7,Salmos 151:7,Capítulo 151 (2/2),poetico,12,60,planejado
EP-1866,T3 — SAPIENCIAIS E POESIA,Provérbios,1,1,6,Provérbios 1:1-6,O Princípio da Sabedoria (1/6),poetico,12,60,planejado
EP-1867,T3 — SAPIENCIAIS E POESIA,Provérbios,1,7,12,Provérbios 1:7-12,O Princípio da Sabedoria (2/6),poetico,12,60,planejado
EP-1868,T3 — SAPIENCIAIS E POESIA,Provérbios,1,13,18,Provérbios 1:13-18,O Princípio da Sabedoria (3/6),poetico,12,60,planejado
EP-1869,T3 — SAPIENCIAIS E POESIA,Provérbios,1,19,24,Provérbios 1:19-24,O Princípio da Sabedoria (4/6),poetico,12,60,planejado
EP-1870,T3 — SAPIENCIAIS E POESIA,Provérbios,1,25,30,Provérbios 1:25-30,O Princípio da Sabedoria (5/6),poetico,12,60,planejado
EP-1871,T3 — SAPIENCIAIS E POESIA,Provérbios,1,31,33,Provérbios 1:31-33,O Princípio da Sabedoria (6/6),poetico,12,60,planejado
EP-1872,T3 — SAPIENCIAIS E POESIA,Provérbios,2,1,6,Provérbios 2:1-6,"Filho meu, se aceitares as minhas palavras, e entesourares (1/4)",poetico,12,60,planejado
EP-1873,T3 — SAPIENCIAIS E POESIA,Provérbios,2,7,12,Provérbios 2:7-12,"Filho meu, se aceitares as minhas palavras, e entesourares (2/4)",poetico,12,60,planejado
EP-1874,T3 — SAPIENCIAIS E POESIA,Provérbios,2,13,18,Provérbios 2:13-18,"Filho meu, se aceitares as minhas palavras, e entesourares (3/4)",poetico,12,60,planejado
EP-1875,T3 — SAPIENCIAIS E POESIA,Provérbios,2,19,22,Provérbios 2:19-22,"Filho meu, se aceitares as minhas palavras, e entesourares (4/4)",poetico,12,60,planejado
EP-1876,T3 — SAPIENCIAIS E POESIA,Provérbios,3,1,6,Provérbios 3:1-6,Confia no SENHOR de Todo o Teu Coração (1/6),poetico,12,60,planejado
EP-1877,T3 — SAPIENCIAIS E POESIA,Provérbios,3,7,12,Provérbios 3:7-12,Confia no SENHOR de Todo o Teu Coração (2/6),poetico,12,60,planejado
EP-1878,T3 — SAPIENCIAIS E POESIA,Provérbios,3,13,18,Provérbios 3:13-18,Confia no SENHOR de Todo o Teu Coração (3/6),poetico,12,60,planejado
EP-1879,T3 — SAPIENCIAIS E POESIA,Provérbios,3,19,24,Provérbios 3:19-24,Confia no SENHOR de Todo o Teu Coração (4/6),poetico,12,60,planejado
EP-1880,T3 — SAPIENCIAIS E POESIA,Provérbios,3,25,30,Provérbios 3:25-30,Confia no SENHOR de Todo o Teu Coração (5/6),poetico,12,60,planejado
EP-1881,T3 — SAPIENCIAIS E POESIA,Provérbios,3,31,35,Provérbios 3:31-35,Confia no SENHOR de Todo o Teu Coração (6/6),poetico,12,60,planejado
EP-1882,T3 — SAPIENCIAIS E POESIA,Provérbios,4,1,6,Provérbios 4:1-6,"Ouvi, filhos, a instrução do pai, e estai atentos (1/5)",poetico,12,60,planejado
EP-1883,T3 — SAPIENCIAIS E POESIA,Provérbios,4,7,12,Provérbios 4:7-12,"Ouvi, filhos, a instrução do pai, e estai atentos (2/5)",poetico,12,60,planejado
EP-1884,T3 — SAPIENCIAIS E POESIA,Provérbios,4,13,18,Provérbios 4:13-18,"Ouvi, filhos, a instrução do pai, e estai atentos (3/5)",poetico,12,60,planejado
EP-1885,T3 — SAPIENCIAIS E POESIA,Provérbios,4,19,24,Provérbios 4:19-24,"Ouvi, filhos, a instrução do pai, e estai atentos (4/5)",poetico,12,60,planejado
EP-1886,T3 — SAPIENCIAIS E POESIA,Provérbios,4,25,27,Provérbios 4:25-27,"Ouvi, filhos, a instrução do pai, e estai atentos (5/5)",poetico,12,60,planejado
EP-1887,T3 — SAPIENCIAIS E POESIA,Provérbios,5,1,6,Provérbios 5:1-6,"Filho meu, atende à minha sabedoria; inclinam teu ouvido (1/4)",poetico,12,60,planejado
EP-1888,T3 — SAPIENCIAIS E POESIA,Provérbios,5,7,12,Provérbios 5:7-12,"Filho meu, atende à minha sabedoria; inclinam teu ouvido (2/4)",poetico,12,60,planejado
EP-1889,T3 — SAPIENCIAIS E POESIA,Provérbios,5,13,18,Provérbios 5:13-18,"Filho meu, atende à minha sabedoria; inclinam teu ouvido (3/4)",poetico,12,60,planejado
EP-1890,T3 — SAPIENCIAIS E POESIA,Provérbios,5,19,23,Provérbios 5:19-23,"Filho meu, atende à minha sabedoria; inclinam teu ouvido (4/4)",poetico,12,60,planejado
EP-1891,T3 — SAPIENCIAIS E POESIA,Provérbios,6,1,6,Provérbios 6:1-6,"Filho meu, se ficaste por fiador do teu próximo (1/6)",poetico,12,60,planejado
EP-1892,T3 — SAPIENCIAIS E POESIA,Provérbios,6,7,12,Provérbios 6:7-12,"Filho meu, se ficaste por fiador do teu próximo (2/6)",poetico,12,60,planejado
EP-1893,T3 — SAPIENCIAIS E POESIA,Provérbios,6,13,18,Provérbios 6:13-18,"Filho meu, se ficaste por fiador do teu próximo (3/6)",poetico,12,60,planejado
EP-1894,T3 — SAPIENCIAIS E POESIA,Provérbios,6,19,24,Provérbios 6:19-24,"Filho meu, se ficaste por fiador do teu próximo (4/6)",poetico,12,60,planejado
EP-1895,T3 — SAPIENCIAIS E POESIA,Provérbios,6,25,30,Provérbios 6:25-30,"Filho meu, se ficaste por fiador do teu próximo (5/6)",poetico,12,60,planejado
EP-1896,T3 — SAPIENCIAIS E POESIA,Provérbios,6,31,35,Provérbios 6:31-35,"Filho meu, se ficaste por fiador do teu próximo (6/6)",poetico,12,60,planejado
EP-1897,T3 — SAPIENCIAIS E POESIA,Provérbios,7,1,6,Provérbios 7:1-6,"Filho meu, guarda as minhas palavras, e entesoura contigo (1/5)",poetico,12,60,planejado
EP-1898,T3 — SAPIENCIAIS E POESIA,Provérbios,7,7,12,Provérbios 7:7-12,"Filho meu, guarda as minhas palavras, e entesoura contigo (2/5)",poetico,12,60,planejado
EP-1899,T3 — SAPIENCIAIS E POESIA,Provérbios,7,13,18,Provérbios 7:13-18,"Filho meu, guarda as minhas palavras, e entesoura contigo (3/5)",poetico,12,60,planejado
EP-1900,T3 — SAPIENCIAIS E POESIA,Provérbios,7,19,24,Provérbios 7:19-24,"Filho meu, guarda as minhas palavras, e entesoura contigo (4/5)",poetico,12,60,planejado
EP-1901,T3 — SAPIENCIAIS E POESIA,Provérbios,7,25,27,Provérbios 7:25-27,"Filho meu, guarda as minhas palavras, e entesoura contigo (5/5)",poetico,12,60,planejado
EP-1902,T3 — SAPIENCIAIS E POESIA,Provérbios,8,1,6,Provérbios 8:1-6,A Sabedoria Clama (1/6),poetico,12,60,planejado
EP-1903,T3 — SAPIENCIAIS E POESIA,Provérbios,8,7,12,Provérbios 8:7-12,A Sabedoria Clama (2/6),poetico,12,60,planejado
EP-1904,T3 — SAPIENCIAIS E POESIA,Provérbios,8,13,18,Provérbios 8:13-18,A Sabedoria Clama (3/6),poetico,12,60,planejado
EP-1905,T3 — SAPIENCIAIS E POESIA,Provérbios,8,19,24,Provérbios 8:19-24,A Sabedoria Clama (4/6),poetico,12,60,planejado
EP-1906,T3 — SAPIENCIAIS E POESIA,Provérbios,8,25,30,Provérbios 8:25-30,A Sabedoria Clama (5/6),poetico,12,60,planejado
EP-1907,T3 — SAPIENCIAIS E POESIA,Provérbios,8,31,36,Provérbios 8:31-36,A Sabedoria Clama (6/6),poetico,12,60,planejado
EP-1908,T3 — SAPIENCIAIS E POESIA,Provérbios,9,1,6,Provérbios 9:1-6,"A sabedoria já edificou a sua casa, já lavrou (1/3)",poetico,12,60,planejado
EP-1909,T3 — SAPIENCIAIS E POESIA,Provérbios,9,7,12,Provérbios 9:7-12,"A sabedoria já edificou a sua casa, já lavrou (2/3)",poetico,12,60,planejado
EP-1910,T3 — SAPIENCIAIS E POESIA,Provérbios,9,13,18,Provérbios 9:13-18,"A sabedoria já edificou a sua casa, já lavrou (3/3)",poetico,12,60,planejado
EP-1911,T3 — SAPIENCIAIS E POESIA,Provérbios,10,1,6,Provérbios 10:1-6,Provérbios de Salomão. Um filho sábio alegra a seu (1/6),poetico,12,60,planejado
EP-1912,T3 — SAPIENCIAIS E POESIA,Provérbios,10,7,12,Provérbios 10:7-12,Provérbios de Salomão. Um filho sábio alegra a seu (2/6),poetico,12,60,planejado
EP-1913,T3 — SAPIENCIAIS E POESIA,Provérbios,10,13,18,Provérbios 10:13-18,Provérbios de Salomão. Um filho sábio alegra a seu (3/6),poetico,12,60,planejado
EP-1914,T3 — SAPIENCIAIS E POESIA,Provérbios,10,19,24,Provérbios 10:19-24,Provérbios de Salomão. Um filho sábio alegra a seu (4/6),poetico,12,60,planejado
EP-1915,T3 — SAPIENCIAIS E POESIA,Provérbios,10,25,30,Provérbios 10:25-30,Provérbios de Salomão. Um filho sábio alegra a seu (5/6),poetico,12,60,planejado
EP-1916,T3 — SAPIENCIAIS E POESIA,Provérbios,10,31,32,Provérbios 10:31-32,Provérbios de Salomão. Um filho sábio alegra a seu (6/6),poetico,12,60,planejado
EP-1917,T3 — SAPIENCIAIS E POESIA,Provérbios,11,1,6,Provérbios 11:1-6,A balança enganosa é abominação para o Senhor; mas (1/6),poetico,12,60,planejado
EP-1918,T3 — SAPIENCIAIS E POESIA,Provérbios,11,7,12,Provérbios 11:7-12,A balança enganosa é abominação para o Senhor; mas (2/6),poetico,12,60,planejado
EP-1919,T3 — SAPIENCIAIS E POESIA,Provérbios,11,13,18,Provérbios 11:13-18,A balança enganosa é abominação para o Senhor; mas (3/6),poetico,12,60,planejado
EP-1920,T3 — SAPIENCIAIS E POESIA,Provérbios,11,19,24,Provérbios 11:19-24,A balança enganosa é abominação para o Senhor; mas (4/6),poetico,12,60,planejado
EP-1921,T3 — SAPIENCIAIS E POESIA,Provérbios,11,25,30,Provérbios 11:25-30,A balança enganosa é abominação para o Senhor; mas (5/6),poetico,12,60,planejado
EP-1922,T3 — SAPIENCIAIS E POESIA,Provérbios,11,31,31,Provérbios 11:31,A balança enganosa é abominação para o Senhor; mas (6/6),poetico,12,60,planejado
EP-1923,T3 — SAPIENCIAIS E POESIA,Provérbios,12,1,6,Provérbios 12:1-6,O que ama a correção ama o conhecimento; mas (1/5),poetico,12,60,planejado
EP-1924,T3 — SAPIENCIAIS E POESIA,Provérbios,12,7,12,Provérbios 12:7-12,O que ama a correção ama o conhecimento; mas (2/5),poetico,12,60,planejado
EP-1925,T3 — SAPIENCIAIS E POESIA,Provérbios,12,13,18,Provérbios 12:13-18,O que ama a correção ama o conhecimento; mas (3/5),poetico,12,60,planejado
EP-1926,T3 — SAPIENCIAIS E POESIA,Provérbios,12,19,24,Provérbios 12:19-24,O que ama a correção ama o conhecimento; mas (4/5),poetico,12,60,planejado
EP-1927,T3 — SAPIENCIAIS E POESIA,Provérbios,12,25,28,Provérbios 12:25-28,O que ama a correção ama o conhecimento; mas (5/5),poetico,12,60,planejado
EP-1928,T3 — SAPIENCIAIS E POESIA,Provérbios,13,1,6,Provérbios 13:1-6,O filho sábio ouve a instrução do pai; mas (1/5),poetico,12,60,planejado
EP-1929,T3 — SAPIENCIAIS E POESIA,Provérbios,13,7,12,Provérbios 13:7-12,O filho sábio ouve a instrução do pai; mas (2/5),poetico,12,60,planejado
EP-1930,T3 — SAPIENCIAIS E POESIA,Provérbios,13,13,18,Provérbios 13:13-18,O filho sábio ouve a instrução do pai; mas (3/5),poetico,12,60,planejado
EP-1931,T3 — SAPIENCIAIS E POESIA,Provérbios,13,19,24,Provérbios 13:19-24,O filho sábio ouve a instrução do pai; mas (4/5),poetico,12,60,planejado
EP-1932,T3 — SAPIENCIAIS E POESIA,Provérbios,13,25,25,Provérbios 13:25,O filho sábio ouve a instrução do pai; mas (5/5),poetico,12,60,planejado
EP-1933,T3 — SAPIENCIAIS E POESIA,Provérbios,14,1,6,Provérbios 14:1-6,Toda mulher sábia edifica a sua casa; a insensata (1/6),poetico,12,60,planejado
EP-1934,T3 — SAPIENCIAIS E POESIA,Provérbios,14,7,12,Provérbios 14:7-12,Toda mulher sábia edifica a sua casa; a insensata (2/6),poetico,12,60,planejado
EP-1935,T3 — SAPIENCIAIS E POESIA,Provérbios,14,13,18,Provérbios 14:13-18,Toda mulher sábia edifica a sua casa; a insensata (3/6),poetico,12,60,planejado
EP-1936,T3 — SAPIENCIAIS E POESIA,Provérbios,14,19,24,Provérbios 14:19-24,Toda mulher sábia edifica a sua casa; a insensata (4/6),poetico,12,60,planejado
EP-1937,T3 — SAPIENCIAIS E POESIA,Provérbios,14,25,30,Provérbios 14:25-30,Toda mulher sábia edifica a sua casa; a insensata (5/6),poetico,12,60,planejado
EP-1938,T3 — SAPIENCIAIS E POESIA,Provérbios,14,31,35,Provérbios 14:31-35,Toda mulher sábia edifica a sua casa; a insensata (6/6),poetico,12,60,planejado
EP-1939,T3 — SAPIENCIAIS E POESIA,Provérbios,15,1,6,Provérbios 15:1-6,"A resposta branda desvia o furor, mas a palavra (1/6)",poetico,12,60,planejado
EP-1940,T3 — SAPIENCIAIS E POESIA,Provérbios,15,7,12,Provérbios 15:7-12,"A resposta branda desvia o furor, mas a palavra (2/6)",poetico,12,60,planejado
EP-1941,T3 — SAPIENCIAIS E POESIA,Provérbios,15,13,18,Provérbios 15:13-18,"A resposta branda desvia o furor, mas a palavra (3/6)",poetico,12,60,planejado
EP-1942,T3 — SAPIENCIAIS E POESIA,Provérbios,15,19,24,Provérbios 15:19-24,"A resposta branda desvia o furor, mas a palavra (4/6)",poetico,12,60,planejado
EP-1943,T3 — SAPIENCIAIS E POESIA,Provérbios,15,25,30,Provérbios 15:25-30,"A resposta branda desvia o furor, mas a palavra (5/6)",poetico,12,60,planejado
EP-1944,T3 — SAPIENCIAIS E POESIA,Provérbios,15,31,33,Provérbios 15:31-33,"A resposta branda desvia o furor, mas a palavra (6/6)",poetico,12,60,planejado
EP-1945,T3 — SAPIENCIAIS E POESIA,Provérbios,16,1,6,Provérbios 16:1-6,Ao homem pertencem os planos do coração; mas a (1/6),poetico,12,60,planejado
EP-1946,T3 — SAPIENCIAIS E POESIA,Provérbios,16,7,12,Provérbios 16:7-12,Ao homem pertencem os planos do coração; mas a (2/6),poetico,12,60,planejado
EP-1947,T3 — SAPIENCIAIS E POESIA,Provérbios,16,13,18,Provérbios 16:13-18,Ao homem pertencem os planos do coração; mas a (3/6),poetico,12,60,planejado
EP-1948,T3 — SAPIENCIAIS E POESIA,Provérbios,16,19,24,Provérbios 16:19-24,Ao homem pertencem os planos do coração; mas a (4/6),poetico,12,60,planejado
EP-1949,T3 — SAPIENCIAIS E POESIA,Provérbios,16,25,30,Provérbios 16:25-30,Ao homem pertencem os planos do coração; mas a (5/6),poetico,12,60,planejado
EP-1950,T3 — SAPIENCIAIS E POESIA,Provérbios,16,31,33,Provérbios 16:31-33,Ao homem pertencem os planos do coração; mas a (6/6),poetico,12,60,planejado
EP-1951,T3 — SAPIENCIAIS E POESIA,Provérbios,17,1,6,Provérbios 17:1-6,"Melhor é um bocado seco, e com ele a (1/5)",poetico,12,60,planejado
EP-1952,T3 — SAPIENCIAIS E POESIA,Provérbios,17,7,12,Provérbios 17:7-12,"Melhor é um bocado seco, e com ele a (2/5)",poetico,12,60,planejado
EP-1953,T3 — SAPIENCIAIS E POESIA,Provérbios,17,13,18,Provérbios 17:13-18,"Melhor é um bocado seco, e com ele a (3/5)",poetico,12,60,planejado
EP-1954,T3 — SAPIENCIAIS E POESIA,Provérbios,17,19,24,Provérbios 17:19-24,"Melhor é um bocado seco, e com ele a (4/5)",poetico,12,60,planejado
EP-1955,T3 — SAPIENCIAIS E POESIA,Provérbios,17,25,28,Provérbios 17:25-28,"Melhor é um bocado seco, e com ele a (5/5)",poetico,12,60,planejado
EP-1956,T3 — SAPIENCIAIS E POESIA,Provérbios,18,1,6,Provérbios 18:1-6,Aquele que vive isolado busca seu próprio desejo; insurge-se (1/4),poetico,12,60,planejado
EP-1957,T3 — SAPIENCIAIS E POESIA,Provérbios,18,7,12,Provérbios 18:7-12,Aquele que vive isolado busca seu próprio desejo; insurge-se (2/4),poetico,12,60,planejado
EP-1958,T3 — SAPIENCIAIS E POESIA,Provérbios,18,13,18,Provérbios 18:13-18,Aquele que vive isolado busca seu próprio desejo; insurge-se (3/4),poetico,12,60,planejado
EP-1959,T3 — SAPIENCIAIS E POESIA,Provérbios,18,19,24,Provérbios 18:19-24,Aquele que vive isolado busca seu próprio desejo; insurge-se (4/4),poetico,12,60,planejado
EP-1960,T3 — SAPIENCIAIS E POESIA,Provérbios,19,1,6,Provérbios 19:1-6,Melhor é o pobre que anda na sua integridade (1/5),poetico,12,60,planejado
EP-1961,T3 — SAPIENCIAIS E POESIA,Provérbios,19,7,12,Provérbios 19:7-12,Melhor é o pobre que anda na sua integridade (2/5),poetico,12,60,planejado
EP-1962,T3 — SAPIENCIAIS E POESIA,Provérbios,19,13,18,Provérbios 19:13-18,Melhor é o pobre que anda na sua integridade (3/5),poetico,12,60,planejado
EP-1963,T3 — SAPIENCIAIS E POESIA,Provérbios,19,19,24,Provérbios 19:19-24,Melhor é o pobre que anda na sua integridade (4/5),poetico,12,60,planejado
EP-1964,T3 — SAPIENCIAIS E POESIA,Provérbios,19,25,29,Provérbios 19:25-29,Melhor é o pobre que anda na sua integridade (5/5),poetico,12,60,planejado
EP-1965,T3 — SAPIENCIAIS E POESIA,Provérbios,20,1,6,Provérbios 20:1-6,"O vinho é escarnecedor, e a bebida forte alvoroçadora (1/5)",poetico,12,60,planejado
EP-1966,T3 — SAPIENCIAIS E POESIA,Provérbios,20,7,12,Provérbios 20:7-12,"O vinho é escarnecedor, e a bebida forte alvoroçadora (2/5)",poetico,12,60,planejado
EP-1967,T3 — SAPIENCIAIS E POESIA,Provérbios,20,13,18,Provérbios 20:13-18,"O vinho é escarnecedor, e a bebida forte alvoroçadora (3/5)",poetico,12,60,planejado
EP-1968,T3 — SAPIENCIAIS E POESIA,Provérbios,20,19,24,Provérbios 20:19-24,"O vinho é escarnecedor, e a bebida forte alvoroçadora (4/5)",poetico,12,60,planejado
EP-1969,T3 — SAPIENCIAIS E POESIA,Provérbios,20,25,30,Provérbios 20:25-30,"O vinho é escarnecedor, e a bebida forte alvoroçadora (5/5)",poetico,12,60,planejado
EP-1970,T3 — SAPIENCIAIS E POESIA,Provérbios,21,1,6,Provérbios 21:1-6,Como corrente de águas é o coração do rei (1/6),poetico,12,60,planejado
EP-1971,T3 — SAPIENCIAIS E POESIA,Provérbios,21,7,12,Provérbios 21:7-12,Como corrente de águas é o coração do rei (2/6),poetico,12,60,planejado
EP-1972,T3 — SAPIENCIAIS E POESIA,Provérbios,21,13,18,Provérbios 21:13-18,Como corrente de águas é o coração do rei (3/6),poetico,12,60,planejado
EP-1973,T3 — SAPIENCIAIS E POESIA,Provérbios,21,19,24,Provérbios 21:19-24,Como corrente de águas é o coração do rei (4/6),poetico,12,60,planejado
EP-1974,T3 — SAPIENCIAIS E POESIA,Provérbios,21,25,30,Provérbios 21:25-30,Como corrente de águas é o coração do rei (5/6),poetico,12,60,planejado
EP-1975,T3 — SAPIENCIAIS E POESIA,Provérbios,21,31,31,Provérbios 21:31,Como corrente de águas é o coração do rei (6/6),poetico,12,60,planejado
EP-1976,T3 — SAPIENCIAIS E POESIA,Provérbios,22,1,6,Provérbios 22:1-6,Mais digno de ser escolhido é o bom nome (1/5),poetico,12,60,planejado
EP-1977,T3 — SAPIENCIAIS E POESIA,Provérbios,22,7,12,Provérbios 22:7-12,Mais digno de ser escolhido é o bom nome (2/5),poetico,12,60,planejado
EP-1978,T3 — SAPIENCIAIS E POESIA,Provérbios,22,13,18,Provérbios 22:13-18,Mais digno de ser escolhido é o bom nome (3/5),poetico,12,60,planejado
EP-1979,T3 — SAPIENCIAIS E POESIA,Provérbios,22,19,24,Provérbios 22:19-24,Mais digno de ser escolhido é o bom nome (4/5),poetico,12,60,planejado
EP-1980,T3 — SAPIENCIAIS E POESIA,Provérbios,22,25,29,Provérbios 22:25-29,Mais digno de ser escolhido é o bom nome (5/5),poetico,12,60,planejado
EP-1981,T3 — SAPIENCIAIS E POESIA,Provérbios,23,1,6,Provérbios 23:1-6,"Quando te assentares a comer com um governador, atenta (1/6)",poetico,12,60,planejado
EP-1982,T3 — SAPIENCIAIS E POESIA,Provérbios,23,7,12,Provérbios 23:7-12,"Quando te assentares a comer com um governador, atenta (2/6)",poetico,12,60,planejado
EP-1983,T3 — SAPIENCIAIS E POESIA,Provérbios,23,13,18,Provérbios 23:13-18,"Quando te assentares a comer com um governador, atenta (3/6)",poetico,12,60,planejado
EP-1984,T3 — SAPIENCIAIS E POESIA,Provérbios,23,19,24,Provérbios 23:19-24,"Quando te assentares a comer com um governador, atenta (4/6)",poetico,12,60,planejado
EP-1985,T3 — SAPIENCIAIS E POESIA,Provérbios,23,25,30,Provérbios 23:25-30,"Quando te assentares a comer com um governador, atenta (5/6)",poetico,12,60,planejado
EP-1986,T3 — SAPIENCIAIS E POESIA,Provérbios,23,31,35,Provérbios 23:31-35,"Quando te assentares a comer com um governador, atenta (6/6)",poetico,12,60,planejado
EP-1987,T3 — SAPIENCIAIS E POESIA,Provérbios,24,1,6,Provérbios 24:1-6,Não tenhas inveja dos homens malignos; nem desejes estar (1/13),poetico,12,60,planejado
EP-1988,T3 — SAPIENCIAIS E POESIA,Provérbios,24,7,12,Provérbios 24:7-12,Não tenhas inveja dos homens malignos; nem desejes estar (2/13),poetico,12,60,planejado
EP-1989,T3 — SAPIENCIAIS E POESIA,Provérbios,24,13,18,Provérbios 24:13-18,Não tenhas inveja dos homens malignos; nem desejes estar (3/13),poetico,12,60,planejado
EP-1990,T3 — SAPIENCIAIS E POESIA,Provérbios,24,19,24,Provérbios 24:19-24,Não tenhas inveja dos homens malignos; nem desejes estar (4/13),poetico,12,60,planejado
EP-1991,T3 — SAPIENCIAIS E POESIA,Provérbios,24,25,30,Provérbios 24:25-30,Não tenhas inveja dos homens malignos; nem desejes estar (5/13),poetico,12,60,planejado
EP-1992,T3 — SAPIENCIAIS E POESIA,Provérbios,24,31,36,Provérbios 24:31-36,Não tenhas inveja dos homens malignos; nem desejes estar (6/13),poetico,12,60,planejado
EP-1993,T3 — SAPIENCIAIS E POESIA,Provérbios,24,37,42,Provérbios 24:37-42,Não tenhas inveja dos homens malignos; nem desejes estar (7/13),poetico,12,60,planejado
EP-1994,T3 — SAPIENCIAIS E POESIA,Provérbios,24,43,48,Provérbios 24:43-48,Não tenhas inveja dos homens malignos; nem desejes estar (8/13),poetico,12,60,planejado
EP-1995,T3 — SAPIENCIAIS E POESIA,Provérbios,24,49,54,Provérbios 24:49-54,Não tenhas inveja dos homens malignos; nem desejes estar (9/13),poetico,12,60,planejado
EP-1996,T3 — SAPIENCIAIS E POESIA,Provérbios,24,55,60,Provérbios 24:55-60,Não tenhas inveja dos homens malignos; nem desejes estar (10/13),poetico,12,60,planejado
EP-1997,T3 — SAPIENCIAIS E POESIA,Provérbios,24,61,66,Provérbios 24:61-66,Não tenhas inveja dos homens malignos; nem desejes estar (11/13),poetico,12,60,planejado
EP-1998,T3 — SAPIENCIAIS E POESIA,Provérbios,24,67,72,Provérbios 24:67-72,Não tenhas inveja dos homens malignos; nem desejes estar (12/13),poetico,12,60,planejado
EP-1999,T3 — SAPIENCIAIS E POESIA,Provérbios,24,73,77,Provérbios 24:73-77,Não tenhas inveja dos homens malignos; nem desejes estar (13/13),poetico,12,60,planejado
EP-2000,T3 — SAPIENCIAIS E POESIA,Provérbios,25,1,6,Provérbios 25:1-6,"Também estes são provérbios de Salomão, os quais transcreveram (1/5)",poetico,12,60,planejado
EP-2001,T3 — SAPIENCIAIS E POESIA,Provérbios,25,7,12,Provérbios 25:7-12,"Também estes são provérbios de Salomão, os quais transcreveram (2/5)",poetico,12,60,planejado
EP-2002,T3 — SAPIENCIAIS E POESIA,Provérbios,25,13,18,Provérbios 25:13-18,"Também estes são provérbios de Salomão, os quais transcreveram (3/5)",poetico,12,60,planejado
EP-2003,T3 — SAPIENCIAIS E POESIA,Provérbios,25,19,24,Provérbios 25:19-24,"Também estes são provérbios de Salomão, os quais transcreveram (4/5)",poetico,12,60,planejado
EP-2004,T3 — SAPIENCIAIS E POESIA,Provérbios,25,25,28,Provérbios 25:25-28,"Também estes são provérbios de Salomão, os quais transcreveram (5/5)",poetico,12,60,planejado
EP-2005,T3 — SAPIENCIAIS E POESIA,Provérbios,26,1,6,Provérbios 26:1-6,"Como a neve no verão, e como a chuva (1/5)",poetico,12,60,planejado
EP-2006,T3 — SAPIENCIAIS E POESIA,Provérbios,26,7,12,Provérbios 26:7-12,"Como a neve no verão, e como a chuva (2/5)",poetico,12,60,planejado
EP-2007,T3 — SAPIENCIAIS E POESIA,Provérbios,26,13,18,Provérbios 26:13-18,"Como a neve no verão, e como a chuva (3/5)",poetico,12,60,planejado
EP-2008,T3 — SAPIENCIAIS E POESIA,Provérbios,26,19,24,Provérbios 26:19-24,"Como a neve no verão, e como a chuva (4/5)",poetico,12,60,planejado
EP-2009,T3 — SAPIENCIAIS E POESIA,Provérbios,26,25,28,Provérbios 26:25-28,"Como a neve no verão, e como a chuva (5/5)",poetico,12,60,planejado
EP-2010,T3 — SAPIENCIAIS E POESIA,Provérbios,27,1,6,Provérbios 27:1-6,Não te glories do dia de amanhã; porque não (1/5),poetico,12,60,planejado
EP-2011,T3 — SAPIENCIAIS E POESIA,Provérbios,27,7,12,Provérbios 27:7-12,Não te glories do dia de amanhã; porque não (2/5),poetico,12,60,planejado
EP-2012,T3 — SAPIENCIAIS E POESIA,Provérbios,27,13,18,Provérbios 27:13-18,Não te glories do dia de amanhã; porque não (3/5),poetico,12,60,planejado
EP-2013,T3 — SAPIENCIAIS E POESIA,Provérbios,27,19,24,Provérbios 27:19-24,Não te glories do dia de amanhã; porque não (4/5),poetico,12,60,planejado
EP-2014,T3 — SAPIENCIAIS E POESIA,Provérbios,27,25,27,Provérbios 27:25-27,Não te glories do dia de amanhã; porque não (5/5),poetico,12,60,planejado
EP-2015,T3 — SAPIENCIAIS E POESIA,Provérbios,28,1,6,Provérbios 28:1-6,"Fogem os ímpios, sem que ninguém os persiga; mas (1/5)",poetico,12,60,planejado
EP-2016,T3 — SAPIENCIAIS E POESIA,Provérbios,28,7,12,Provérbios 28:7-12,"Fogem os ímpios, sem que ninguém os persiga; mas (2/5)",poetico,12,60,planejado
EP-2017,T3 — SAPIENCIAIS E POESIA,Provérbios,28,13,18,Provérbios 28:13-18,"Fogem os ímpios, sem que ninguém os persiga; mas (3/5)",poetico,12,60,planejado
EP-2018,T3 — SAPIENCIAIS E POESIA,Provérbios,28,19,24,Provérbios 28:19-24,"Fogem os ímpios, sem que ninguém os persiga; mas (4/5)",poetico,12,60,planejado
EP-2019,T3 — SAPIENCIAIS E POESIA,Provérbios,28,25,28,Provérbios 28:25-28,"Fogem os ímpios, sem que ninguém os persiga; mas (5/5)",poetico,12,60,planejado
EP-2020,T3 — SAPIENCIAIS E POESIA,Provérbios,29,1,6,Provérbios 29:1-6,"Aquele que, sendo muitas vezes repreendido, endurece a cerviz (1/9)",poetico,12,60,planejado
EP-2021,T3 — SAPIENCIAIS E POESIA,Provérbios,29,7,12,Provérbios 29:7-12,"Aquele que, sendo muitas vezes repreendido, endurece a cerviz (2/9)",poetico,12,60,planejado
EP-2022,T3 — SAPIENCIAIS E POESIA,Provérbios,29,13,18,Provérbios 29:13-18,"Aquele que, sendo muitas vezes repreendido, endurece a cerviz (3/9)",poetico,12,60,planejado
EP-2023,T3 — SAPIENCIAIS E POESIA,Provérbios,29,19,24,Provérbios 29:19-24,"Aquele que, sendo muitas vezes repreendido, endurece a cerviz (4/9)",poetico,12,60,planejado
EP-2024,T3 — SAPIENCIAIS E POESIA,Provérbios,29,25,30,Provérbios 29:25-30,"Aquele que, sendo muitas vezes repreendido, endurece a cerviz (5/9)",poetico,12,60,planejado
EP-2025,T3 — SAPIENCIAIS E POESIA,Provérbios,29,31,36,Provérbios 29:31-36,"Aquele que, sendo muitas vezes repreendido, endurece a cerviz (6/9)",poetico,12,60,planejado
EP-2026,T3 — SAPIENCIAIS E POESIA,Provérbios,29,37,42,Provérbios 29:37-42,"Aquele que, sendo muitas vezes repreendido, endurece a cerviz (7/9)",poetico,12,60,planejado
EP-2027,T3 — SAPIENCIAIS E POESIA,Provérbios,29,43,48,Provérbios 29:43-48,"Aquele que, sendo muitas vezes repreendido, endurece a cerviz (8/9)",poetico,12,60,planejado
EP-2028,T3 — SAPIENCIAIS E POESIA,Provérbios,29,49,49,Provérbios 29:49,"Aquele que, sendo muitas vezes repreendido, endurece a cerviz (9/9)",poetico,12,60,planejado
EP-2029,T3 — SAPIENCIAIS E POESIA,Provérbios,30,1,6,Provérbios 30:1-6,"Palavras de Agur, filho de Jaqué de Massá. Diz (1/6)",poetico,12,60,planejado
EP-2030,T3 — SAPIENCIAIS E POESIA,Provérbios,30,7,12,Provérbios 30:7-12,"Palavras de Agur, filho de Jaqué de Massá. Diz (2/6)",poetico,12,60,planejado
EP-2031,T3 — SAPIENCIAIS E POESIA,Provérbios,30,13,18,Provérbios 30:13-18,"Palavras de Agur, filho de Jaqué de Massá. Diz (3/6)",poetico,12,60,planejado
EP-2032,T3 — SAPIENCIAIS E POESIA,Provérbios,30,19,24,Provérbios 30:19-24,"Palavras de Agur, filho de Jaqué de Massá. Diz (4/6)",poetico,12,60,planejado
EP-2033,T3 — SAPIENCIAIS E POESIA,Provérbios,30,25,30,Provérbios 30:25-30,"Palavras de Agur, filho de Jaqué de Massá. Diz (5/6)",poetico,12,60,planejado
EP-2034,T3 — SAPIENCIAIS E POESIA,Provérbios,30,31,33,Provérbios 30:31-33,"Palavras de Agur, filho de Jaqué de Massá. Diz (6/6)",poetico,12,60,planejado
EP-2035,T3 — SAPIENCIAIS E POESIA,Provérbios,31,1,6,Provérbios 31:1-6,A Mulher Virtuosa (1/6),poetico,12,60,planejado
EP-2036,T3 — SAPIENCIAIS E POESIA,Provérbios,31,7,12,Provérbios 31:7-12,A Mulher Virtuosa (2/6),poetico,12,60,planejado
EP-2037,T3 — SAPIENCIAIS E POESIA,Provérbios,31,13,18,Provérbios 31:13-18,A Mulher Virtuosa (3/6),poetico,12,60,planejado
EP-2038,T3 — SAPIENCIAIS E POESIA,Provérbios,31,19,24,Provérbios 31:19-24,A Mulher Virtuosa (4/6),poetico,12,60,planejado
EP-2039,T3 — SAPIENCIAIS E POESIA,Provérbios,31,25,30,Provérbios 31:25-30,A Mulher Virtuosa (5/6),poetico,12,60,planejado
EP-2040,T3 — SAPIENCIAIS E POESIA,Provérbios,31,31,31,Provérbios 31:31,A Mulher Virtuosa (6/6),poetico,12,60,planejado
EP-2041,T3 — SAPIENCIAIS E POESIA,Eclesiastes,1,1,6,Eclesiastes 1:1-6,Vaidade de Vaidades (1/3),poetico,12,60,planejado
EP-2042,T3 — SAPIENCIAIS E POESIA,Eclesiastes,1,7,12,Eclesiastes 1:7-12,Vaidade de Vaidades (2/3),poetico,12,60,planejado
EP-2043,T3 — SAPIENCIAIS E POESIA,Eclesiastes,1,13,18,Eclesiastes 1:13-18,Vaidade de Vaidades (3/3),poetico,12,60,planejado
EP-2044,T3 — SAPIENCIAIS E POESIA,Eclesiastes,2,1,6,Eclesiastes 2:1-6,"Disse eu a mim mesmo: Ora vem, eu te (1/5)",poetico,12,60,planejado
EP-2045,T3 — SAPIENCIAIS E POESIA,Eclesiastes,2,7,12,Eclesiastes 2:7-12,"Disse eu a mim mesmo: Ora vem, eu te (2/5)",poetico,12,60,planejado
EP-2046,T3 — SAPIENCIAIS E POESIA,Eclesiastes,2,13,18,Eclesiastes 2:13-18,"Disse eu a mim mesmo: Ora vem, eu te (3/5)",poetico,12,60,planejado
EP-2047,T3 — SAPIENCIAIS E POESIA,Eclesiastes,2,19,24,Eclesiastes 2:19-24,"Disse eu a mim mesmo: Ora vem, eu te (4/5)",poetico,12,60,planejado
EP-2048,T3 — SAPIENCIAIS E POESIA,Eclesiastes,2,25,26,Eclesiastes 2:25-26,"Disse eu a mim mesmo: Ora vem, eu te (5/5)",poetico,12,60,planejado
EP-2049,T3 — SAPIENCIAIS E POESIA,Eclesiastes,3,1,6,Eclesiastes 3:1-6,Tempo para Todas as Coisas (1/4),poetico,12,60,planejado
EP-2050,T3 — SAPIENCIAIS E POESIA,Eclesiastes,3,7,12,Eclesiastes 3:7-12,Tempo para Todas as Coisas (2/4),poetico,12,60,planejado
EP-2051,T3 — SAPIENCIAIS E POESIA,Eclesiastes,3,13,18,Eclesiastes 3:13-18,Tempo para Todas as Coisas (3/4),poetico,12,60,planejado
EP-2052,T3 — SAPIENCIAIS E POESIA,Eclesiastes,3,19,22,Eclesiastes 3:19-22,Tempo para Todas as Coisas (4/4),poetico,12,60,planejado
EP-2053,T3 — SAPIENCIAIS E POESIA,Eclesiastes,4,1,6,Eclesiastes 4:1-6,"Depois volvi-me, e atentei para todas as opressões que (1/3)",poetico,12,60,planejado
EP-2054,T3 — SAPIENCIAIS E POESIA,Eclesiastes,4,7,12,Eclesiastes 4:7-12,"Depois volvi-me, e atentei para todas as opressões que (2/3)",poetico,12,60,planejado
EP-2055,T3 — SAPIENCIAIS E POESIA,Eclesiastes,4,13,17,Eclesiastes 4:13-17,"Depois volvi-me, e atentei para todas as opressões que (3/3)",poetico,12,60,planejado
EP-2056,T3 — SAPIENCIAIS E POESIA,Eclesiastes,5,1,6,Eclesiastes 5:1-6,"Guarda o teu pé, quando fores à casa de (1/4)",poetico,12,60,planejado
EP-2057,T3 — SAPIENCIAIS E POESIA,Eclesiastes,5,7,12,Eclesiastes 5:7-12,"Guarda o teu pé, quando fores à casa de (2/4)",poetico,12,60,planejado
EP-2058,T3 — SAPIENCIAIS E POESIA,Eclesiastes,5,13,18,Eclesiastes 5:13-18,"Guarda o teu pé, quando fores à casa de (3/4)",poetico,12,60,planejado
EP-2059,T3 — SAPIENCIAIS E POESIA,Eclesiastes,5,19,20,Eclesiastes 5:19-20,"Guarda o teu pé, quando fores à casa de (4/4)",poetico,12,60,planejado
EP-2060,T3 — SAPIENCIAIS E POESIA,Eclesiastes,6,1,6,Eclesiastes 6:1-6,Há um mal que tenho visto debaixo do sol (1/2),poetico,12,60,planejado
EP-2061,T3 — SAPIENCIAIS E POESIA,Eclesiastes,6,7,12,Eclesiastes 6:7-12,Há um mal que tenho visto debaixo do sol (2/2),poetico,12,60,planejado
EP-2062,T3 — SAPIENCIAIS E POESIA,Eclesiastes,7,1,6,Eclesiastes 7:1-6,Melhor é o bom nome do que o melhor (1/5),poetico,12,60,planejado
EP-2063,T3 — SAPIENCIAIS E POESIA,Eclesiastes,7,7,12,Eclesiastes 7:7-12,Melhor é o bom nome do que o melhor (2/5),poetico,12,60,planejado
EP-2064,T3 — SAPIENCIAIS E POESIA,Eclesiastes,7,13,18,Eclesiastes 7:13-18,Melhor é o bom nome do que o melhor (3/5),poetico,12,60,planejado
EP-2065,T3 — SAPIENCIAIS E POESIA,Eclesiastes,7,19,24,Eclesiastes 7:19-24,Melhor é o bom nome do que o melhor (4/5),poetico,12,60,planejado
EP-2066,T3 — SAPIENCIAIS E POESIA,Eclesiastes,7,25,30,Eclesiastes 7:25-30,Melhor é o bom nome do que o melhor (5/5),poetico,12,60,planejado
EP-2067,T3 — SAPIENCIAIS E POESIA,Eclesiastes,8,1,6,Eclesiastes 8:1-6,Quem é como o sábio? e quem sabe a (1/3),poetico,12,60,planejado
EP-2068,T3 — SAPIENCIAIS E POESIA,Eclesiastes,8,7,12,Eclesiastes 8:7-12,Quem é como o sábio? e quem sabe a (2/3),poetico,12,60,planejado
EP-2069,T3 — SAPIENCIAIS E POESIA,Eclesiastes,8,13,17,Eclesiastes 8:13-17,Quem é como o sábio? e quem sabe a (3/3),poetico,12,60,planejado
EP-2070,T3 — SAPIENCIAIS E POESIA,Eclesiastes,9,1,6,Eclesiastes 9:1-6,"Deveras a tudo isto apliquei o meu coração, para (1/3)",poetico,12,60,planejado
EP-2071,T3 — SAPIENCIAIS E POESIA,Eclesiastes,9,7,12,Eclesiastes 9:7-12,"Deveras a tudo isto apliquei o meu coração, para (2/3)",poetico,12,60,planejado
EP-2072,T3 — SAPIENCIAIS E POESIA,Eclesiastes,9,13,18,Eclesiastes 9:13-18,"Deveras a tudo isto apliquei o meu coração, para (3/3)",poetico,12,60,planejado
EP-2073,T3 — SAPIENCIAIS E POESIA,Eclesiastes,10,1,6,Eclesiastes 10:1-6,As moscas mortas fazem com que o ungüento do (1/4),poetico,12,60,planejado
EP-2074,T3 — SAPIENCIAIS E POESIA,Eclesiastes,10,7,12,Eclesiastes 10:7-12,As moscas mortas fazem com que o ungüento do (2/4),poetico,12,60,planejado
EP-2075,T3 — SAPIENCIAIS E POESIA,Eclesiastes,10,13,18,Eclesiastes 10:13-18,As moscas mortas fazem com que o ungüento do (3/4),poetico,12,60,planejado
EP-2076,T3 — SAPIENCIAIS E POESIA,Eclesiastes,10,19,20,Eclesiastes 10:19-20,As moscas mortas fazem com que o ungüento do (4/4),poetico,12,60,planejado
EP-2077,T3 — SAPIENCIAIS E POESIA,Eclesiastes,11,1,6,Eclesiastes 11:1-6,"Lança o teu pão sobre as águas, porque depois (1/2)",poetico,12,60,planejado
EP-2078,T3 — SAPIENCIAIS E POESIA,Eclesiastes,11,7,10,Eclesiastes 11:7-10,"Lança o teu pão sobre as águas, porque depois (2/2)",poetico,12,60,planejado
EP-2079,T3 — SAPIENCIAIS E POESIA,Eclesiastes,12,1,6,Eclesiastes 12:1-6,Lembra-te do Teu Criador (1/3),poetico,12,60,planejado
EP-2080,T3 — SAPIENCIAIS E POESIA,Eclesiastes,12,7,12,Eclesiastes 12:7-12,Lembra-te do Teu Criador (2/3),poetico,12,60,planejado
EP-2081,T3 — SAPIENCIAIS E POESIA,Eclesiastes,12,13,14,Eclesiastes 12:13-14,Lembra-te do Teu Criador (3/3),poetico,12,60,planejado
EP-2082,T3 — SAPIENCIAIS E POESIA,Cantares,1,1,6,Cantares 1:1-6,O Beijo e a Vinha (1/3),poetico,12,60,planejado
EP-2083,T3 — SAPIENCIAIS E POESIA,Cantares,1,7,12,Cantares 1:7-12,O Beijo e a Vinha (2/3),poetico,12,60,planejado
EP-2084,T3 — SAPIENCIAIS E POESIA,Cantares,1,13,17,Cantares 1:13-17,O Beijo e a Vinha (3/3),poetico,12,60,planejado
EP-2085,T3 — SAPIENCIAIS E POESIA,Cantares,2,1,6,Cantares 2:1-6,"Eu sou a rosa de Sarom, o lírio dos (1/3)",poetico,12,60,planejado
EP-2086,T3 — SAPIENCIAIS E POESIA,Cantares,2,7,12,Cantares 2:7-12,"Eu sou a rosa de Sarom, o lírio dos (2/3)",poetico,12,60,planejado
EP-2087,T3 — SAPIENCIAIS E POESIA,Cantares,2,13,17,Cantares 2:13-17,"Eu sou a rosa de Sarom, o lírio dos (3/3)",poetico,12,60,planejado
EP-2088,T3 — SAPIENCIAIS E POESIA,Cantares,3,1,6,Cantares 3:1-6,"De noite, em meu leito, busquei aquele a quem (1/2)",poetico,12,60,planejado
EP-2089,T3 — SAPIENCIAIS E POESIA,Cantares,3,7,11,Cantares 3:7-11,"De noite, em meu leito, busquei aquele a quem (2/2)",poetico,12,60,planejado
EP-2090,T3 — SAPIENCIAIS E POESIA,Cantares,4,1,6,Cantares 4:1-6,"Como és formosa, amada minha, eis que és formosa! (1/3)",poetico,12,60,planejado
EP-2091,T3 — SAPIENCIAIS E POESIA,Cantares,4,7,12,Cantares 4:7-12,"Como és formosa, amada minha, eis que és formosa! (2/3)",poetico,12,60,planejado
EP-2092,T3 — SAPIENCIAIS E POESIA,Cantares,4,13,16,Cantares 4:13-16,"Como és formosa, amada minha, eis que és formosa! (3/3)",poetico,12,60,planejado
EP-2093,T3 — SAPIENCIAIS E POESIA,Cantares,5,1,6,Cantares 5:1-6,"Venho ao meu jardim, minha irmã, noiva minha, para (1/3)",poetico,12,60,planejado
EP-2094,T3 — SAPIENCIAIS E POESIA,Cantares,5,7,12,Cantares 5:7-12,"Venho ao meu jardim, minha irmã, noiva minha, para (2/3)",poetico,12,60,planejado
EP-2095,T3 — SAPIENCIAIS E POESIA,Cantares,5,13,17,Cantares 5:13-17,"Venho ao meu jardim, minha irmã, noiva minha, para (3/3)",poetico,12,60,planejado
EP-2096,T3 — SAPIENCIAIS E POESIA,Cantares,6,1,6,Cantares 6:1-6,"Para onde foi o teu amado, ó tu, a (1/3)",poetico,12,60,planejado
EP-2097,T3 — SAPIENCIAIS E POESIA,Cantares,6,7,12,Cantares 6:7-12,"Para onde foi o teu amado, ó tu, a (2/3)",poetico,12,60,planejado
EP-2098,T3 — SAPIENCIAIS E POESIA,Cantares,6,13,13,Cantares 6:13,"Para onde foi o teu amado, ó tu, a (3/3)",poetico,12,60,planejado
EP-2099,T3 — SAPIENCIAIS E POESIA,Cantares,7,1,6,Cantares 7:1-6,"Quão formosos são os teus pés nas sandálias, ó (1/3)",poetico,12,60,planejado
EP-2100,T3 — SAPIENCIAIS E POESIA,Cantares,7,7,12,Cantares 7:7-12,"Quão formosos são os teus pés nas sandálias, ó (2/3)",poetico,12,60,planejado
EP-2101,T3 — SAPIENCIAIS E POESIA,Cantares,7,13,14,Cantares 7:13-14,"Quão formosos são os teus pés nas sandálias, ó (3/3)",poetico,12,60,planejado
EP-2102,T3 — SAPIENCIAIS E POESIA,Cantares,8,1,6,Cantares 8:1-6,As Muitas Águas (1/3),poetico,12,60,planejado
EP-2103,T3 — SAPIENCIAIS E POESIA,Cantares,8,7,12,Cantares 8:7-12,As Muitas Águas (2/3),poetico,12,60,planejado
EP-2104,T3 — SAPIENCIAIS E POESIA,Cantares,8,13,14,Cantares 8:13-14,As Muitas Águas (3/3),poetico,12,60,planejado
EP-2105,T4 — PROFETAS,Isaías,1,1,12,Isaías 1:1-12,"Visão de Isaías, Filho de Amós (1/3)",profetico,12,60,planejado
EP-2106,T4 — PROFETAS,Isaías,1,13,24,Isaías 1:13-24,"Visão de Isaías, Filho de Amós (2/3)",profetico,12,60,planejado
EP-2107,T4 — PROFETAS,Isaías,1,25,31,Isaías 1:25-31,"Visão de Isaías, Filho de Amós (3/3)",profetico,12,60,planejado
EP-2108,T4 — PROFETAS,Isaías,2,1,12,Isaías 2:1-12,"A visão que teve Isaías, filho de Amoz, a (1/2)",profetico,12,60,planejado
EP-2109,T4 — PROFETAS,Isaías,2,13,22,Isaías 2:13-22,"A visão que teve Isaías, filho de Amoz, a (2/2)",profetico,12,60,planejado
EP-2110,T4 — PROFETAS,Isaías,3,1,12,Isaías 3:1-12,Porque eis que o Senhor Deus dos exércitos está (1/3),profetico,12,60,planejado
EP-2111,T4 — PROFETAS,Isaías,3,13,24,Isaías 3:13-24,Porque eis que o Senhor Deus dos exércitos está (2/3),profetico,12,60,planejado
EP-2112,T4 — PROFETAS,Isaías,3,25,26,Isaías 3:25-26,Porque eis que o Senhor Deus dos exércitos está (3/3),profetico,12,60,planejado
EP-2113,T4 — PROFETAS,Isaías,4,1,6,Isaías 4:1-6,Sete mulheres naquele dia lançarão mão dum só homem,profetico,12,60,planejado
EP-2114,T4 — PROFETAS,Isaías,5,1,12,Isaías 5:1-12,"Ora, seja-me permitido cantar para o meu bem amado (1/3)",profetico,12,60,planejado
EP-2115,T4 — PROFETAS,Isaías,5,13,24,Isaías 5:13-24,"Ora, seja-me permitido cantar para o meu bem amado (2/3)",profetico,12,60,planejado
EP-2116,T4 — PROFETAS,Isaías,5,25,30,Isaías 5:25-30,"Ora, seja-me permitido cantar para o meu bem amado (3/3)",profetico,12,60,planejado
EP-2117,T4 — PROFETAS,Isaías,6,1,12,Isaías 6:1-12,"O Trono, o Carvão e o Envio (1/2)",profetico,12,60,planejado
EP-2118,T4 — PROFETAS,Isaías,6,13,13,Isaías 6:13,"O Trono, o Carvão e o Envio (2/2)",profetico,12,60,planejado
EP-2119,T4 — PROFETAS,Isaías,7,1,12,Isaías 7:1-12,A Immanuel: a Virgem Conceberá (1/3),profetico,12,60,planejado
EP-2120,T4 — PROFETAS,Isaías,7,13,24,Isaías 7:13-24,A Immanuel: a Virgem Conceberá (2/3),profetico,12,60,planejado
EP-2121,T4 — PROFETAS,Isaías,7,25,25,Isaías 7:25,A Immanuel: a Virgem Conceberá (3/3),profetico,12,60,planejado
EP-2122,T4 — PROFETAS,Isaías,8,1,12,Isaías 8:1-12,Disse-me também o Senhor: Toma uma tábua grande e (1/2),profetico,12,60,planejado
EP-2123,T4 — PROFETAS,Isaías,8,13,23,Isaías 8:13-23,Disse-me também o Senhor: Toma uma tábua grande e (2/2),profetico,12,60,planejado
EP-2124,T4 — PROFETAS,Isaías,9,1,12,Isaías 9:1-12,Um Menino Nos Nasceu (1/2),profetico,12,60,planejado
EP-2125,T4 — PROFETAS,Isaías,9,13,21,Isaías 9:13-21,Um Menino Nos Nasceu (2/2),profetico,12,60,planejado
EP-2126,T4 — PROFETAS,Isaías,10,1,12,Isaías 10:1-12,"Ai dos que decretam leis injustas, e dos escrivães (1/3)",profetico,12,60,planejado
EP-2127,T4 — PROFETAS,Isaías,10,13,24,Isaías 10:13-24,"Ai dos que decretam leis injustas, e dos escrivães (2/3)",profetico,12,60,planejado
EP-2128,T4 — PROFETAS,Isaías,10,25,34,Isaías 10:25-34,"Ai dos que decretam leis injustas, e dos escrivães (3/3)",profetico,12,60,planejado
EP-2129,T4 — PROFETAS,Isaías,11,1,12,Isaías 11:1-12,O Rebento de Jessé (1/2),profetico,12,60,planejado
EP-2130,T4 — PROFETAS,Isaías,11,13,16,Isaías 11:13-16,O Rebento de Jessé (2/2),profetico,12,60,planejado
EP-2131,T4 — PROFETAS,Isaías,12,1,6,Isaías 12:1-6,"Dirás, pois, naquele dia: Graças te dou, ó Senhor",profetico,12,60,planejado
EP-2132,T4 — PROFETAS,Isaías,13,1,12,Isaías 13:1-12,"Oráculo acerca de Babilônia, que Isaías, filho de Amoz (1/2)",profetico,12,60,planejado
EP-2133,T4 — PROFETAS,Isaías,13,13,22,Isaías 13:13-22,"Oráculo acerca de Babilônia, que Isaías, filho de Amoz (2/2)",profetico,12,60,planejado
EP-2134,T4 — PROFETAS,Isaías,14,1,12,Isaías 14:1-12,A Queda do Diabo (Lúcifer) (1/3),profetico,12,60,planejado
EP-2135,T4 — PROFETAS,Isaías,14,13,24,Isaías 14:13-24,A Queda do Diabo (Lúcifer) (2/3),profetico,12,60,planejado
EP-2136,T4 — PROFETAS,Isaías,14,25,32,Isaías 14:25-32,A Queda do Diabo (Lúcifer) (3/3),profetico,12,60,planejado
EP-2137,T4 — PROFETAS,Isaías,15,1,9,Isaías 15:1-9,Oráculo acerca de Moabe. Porque Ar foi destruída numa,profetico,12,60,planejado
EP-2138,T4 — PROFETAS,Isaías,16,1,12,Isaías 16:1-12,"Enviaram cordeiros ao governador da terra, desde Sela, pelo (1/2)",profetico,12,60,planejado
EP-2139,T4 — PROFETAS,Isaías,16,13,14,Isaías 16:13-14,"Enviaram cordeiros ao governador da terra, desde Sela, pelo (2/2)",profetico,12,60,planejado
EP-2140,T4 — PROFETAS,Isaías,17,1,12,Isaías 17:1-12,Oráculo acerca de Damasco. Eis que Damasco será tirada (1/2),profetico,12,60,planejado
EP-2141,T4 — PROFETAS,Isaías,17,13,14,Isaías 17:13-14,Oráculo acerca de Damasco. Eis que Damasco será tirada (2/2),profetico,12,60,planejado
EP-2142,T4 — PROFETAS,Isaías,18,1,7,Isaías 18:1-7,"Ai da terra do roçar das asas, que está",profetico,12,60,planejado
EP-2143,T4 — PROFETAS,Isaías,19,1,12,Isaías 19:1-12,Profecia acerca do Egito. Eis que o Senhor vem (1/3),profetico,12,60,planejado
EP-2144,T4 — PROFETAS,Isaías,19,13,24,Isaías 19:13-24,Profecia acerca do Egito. Eis que o Senhor vem (2/3),profetico,12,60,planejado
EP-2145,T4 — PROFETAS,Isaías,19,25,25,Isaías 19:25,Profecia acerca do Egito. Eis que o Senhor vem (3/3),profetico,12,60,planejado
EP-2146,T4 — PROFETAS,Isaías,20,1,6,Isaías 20:1-6,"No ano em que Tartã, enviado por Sargão, rei",profetico,12,60,planejado
EP-2147,T4 — PROFETAS,Isaías,21,1,12,Isaías 21:1-12,Oráculo acerca do deserto do mar. Como os tufões (1/2),profetico,12,60,planejado
EP-2148,T4 — PROFETAS,Isaías,21,13,17,Isaías 21:13-17,Oráculo acerca do deserto do mar. Como os tufões (2/2),profetico,12,60,planejado
EP-2149,T4 — PROFETAS,Isaías,22,1,12,Isaías 22:1-12,Oráculo acerca do vale da visão. Que tens agora (1/3),profetico,12,60,planejado
EP-2150,T4 — PROFETAS,Isaías,22,13,24,Isaías 22:13-24,Oráculo acerca do vale da visão. Que tens agora (2/3),profetico,12,60,planejado
EP-2151,T4 — PROFETAS,Isaías,22,25,25,Isaías 22:25,Oráculo acerca do vale da visão. Que tens agora (3/3),profetico,12,60,planejado
EP-2152,T4 — PROFETAS,Isaías,23,1,12,Isaías 23:1-12,"Oráculo acerca de Tiro. Uivai, navios de Társis, porque (1/2)",profetico,12,60,planejado
EP-2153,T4 — PROFETAS,Isaías,23,13,18,Isaías 23:13-18,"Oráculo acerca de Tiro. Uivai, navios de Társis, porque (2/2)",profetico,12,60,planejado
EP-2154,T4 — PROFETAS,Isaías,24,1,12,Isaías 24:1-12,Eis que o Senhor esvazia a terra e a (1/2),profetico,12,60,planejado
EP-2155,T4 — PROFETAS,Isaías,24,13,23,Isaías 24:13-23,Eis que o Senhor esvazia a terra e a (2/2),profetico,12,60,planejado
EP-2156,T4 — PROFETAS,Isaías,25,1,12,Isaías 25:1-12,Ele Destruirá a Morte,profetico,12,60,planejado
EP-2157,T4 — PROFETAS,Isaías,26,1,12,Isaías 26:1-12,Naquele dia se entoará este cântico na terra de (1/2),profetico,12,60,planejado
EP-2158,T4 — PROFETAS,Isaías,26,13,21,Isaías 26:13-21,Naquele dia se entoará este cântico na terra de (2/2),profetico,12,60,planejado
EP-2159,T4 — PROFETAS,Isaías,27,1,12,Isaías 27:1-12,Naquele dia o Senhor castigará com a sua dura (1/2),profetico,12,60,planejado
EP-2160,T4 — PROFETAS,Isaías,27,13,13,Isaías 27:13,Naquele dia o Senhor castigará com a sua dura (2/2),profetico,12,60,planejado
EP-2161,T4 — PROFETAS,Isaías,28,1,12,Isaías 28:1-12,"Ai da vaidosa coroa dos bêbedos de Efraim, e (1/3)",profetico,12,60,planejado
EP-2162,T4 — PROFETAS,Isaías,28,13,24,Isaías 28:13-24,"Ai da vaidosa coroa dos bêbedos de Efraim, e (2/3)",profetico,12,60,planejado
EP-2163,T4 — PROFETAS,Isaías,28,25,29,Isaías 28:25-29,"Ai da vaidosa coroa dos bêbedos de Efraim, e (3/3)",profetico,12,60,planejado
EP-2164,T4 — PROFETAS,Isaías,29,1,12,Isaías 29:1-12,"Ah! Ariel, Ariel, cidade onde Davi acampou! Acrescentai ano (1/2)",profetico,12,60,planejado
EP-2165,T4 — PROFETAS,Isaías,29,13,24,Isaías 29:13-24,"Ah! Ariel, Ariel, cidade onde Davi acampou! Acrescentai ano (2/2)",profetico,12,60,planejado
EP-2166,T4 — PROFETAS,Isaías,30,1,12,Isaías 30:1-12,"Ai dos filhos rebeldes, diz o Senhor, que tomam (1/3)",profetico,12,60,planejado
EP-2167,T4 — PROFETAS,Isaías,30,13,24,Isaías 30:13-24,"Ai dos filhos rebeldes, diz o Senhor, que tomam (2/3)",profetico,12,60,planejado
EP-2168,T4 — PROFETAS,Isaías,30,25,33,Isaías 30:25-33,"Ai dos filhos rebeldes, diz o Senhor, que tomam (3/3)",profetico,12,60,planejado
EP-2169,T4 — PROFETAS,Isaías,31,1,9,Isaías 31:1-9,Ai dos que descem ao Egito a buscar socorro,profetico,12,60,planejado
EP-2170,T4 — PROFETAS,Isaías,32,1,12,Isaías 32:1-12,"Eis que reinará um rei com justiça, e com (1/2)",profetico,12,60,planejado
EP-2171,T4 — PROFETAS,Isaías,32,13,20,Isaías 32:13-20,"Eis que reinará um rei com justiça, e com (2/2)",profetico,12,60,planejado
EP-2172,T4 — PROFETAS,Isaías,33,1,12,Isaías 33:1-12,"Ai de ti que despojas, e que não foste (1/2)",profetico,12,60,planejado
EP-2173,T4 — PROFETAS,Isaías,33,13,24,Isaías 33:13-24,"Ai de ti que despojas, e que não foste (2/2)",profetico,12,60,planejado
EP-2174,T4 — PROFETAS,Isaías,34,1,12,Isaías 34:1-12,"Chegai-vos, nações, para ouvir, e vós, povos, escutai; ouça (1/2)",profetico,12,60,planejado
EP-2175,T4 — PROFETAS,Isaías,34,13,17,Isaías 34:13-17,"Chegai-vos, nações, para ouvir, e vós, povos, escutai; ouça (2/2)",profetico,12,60,planejado
EP-2176,T4 — PROFETAS,Isaías,35,1,10,Isaías 35:1-10,O deserto e a terra sedenta se regozijarão; e,profetico,12,60,planejado
EP-2177,T4 — PROFETAS,Isaías,36,1,12,Isaías 36:1-12,"No ano décimo quarto do rei Ezequias Senaqueribe, rei (1/2)",profetico,12,60,planejado
EP-2178,T4 — PROFETAS,Isaías,36,13,22,Isaías 36:13-22,"No ano décimo quarto do rei Ezequias Senaqueribe, rei (2/2)",profetico,12,60,planejado
EP-2179,T4 — PROFETAS,Isaías,37,1,12,Isaías 37:1-12,"Tendo ouvido isso o rei Ezequias, rasgou as suas (1/4)",profetico,12,60,planejado
EP-2180,T4 — PROFETAS,Isaías,37,13,24,Isaías 37:13-24,"Tendo ouvido isso o rei Ezequias, rasgou as suas (2/4)",profetico,12,60,planejado
EP-2181,T4 — PROFETAS,Isaías,37,25,36,Isaías 37:25-36,"Tendo ouvido isso o rei Ezequias, rasgou as suas (3/4)",profetico,12,60,planejado
EP-2182,T4 — PROFETAS,Isaías,37,37,38,Isaías 37:37-38,"Tendo ouvido isso o rei Ezequias, rasgou as suas (4/4)",profetico,12,60,planejado
EP-2183,T4 — PROFETAS,Isaías,38,1,12,Isaías 38:1-12,Naqueles dias Ezequias adoeceu e esteve à morte. E (1/2),profetico,12,60,planejado
EP-2184,T4 — PROFETAS,Isaías,38,13,22,Isaías 38:13-22,Naqueles dias Ezequias adoeceu e esteve à morte. E (2/2),profetico,12,60,planejado
EP-2185,T4 — PROFETAS,Isaías,39,1,8,Isaías 39:1-8,"Naquele tempo enviou Merodaque-Baladã, filho de Baladã, rei de",profetico,12,60,planejado
EP-2186,T4 — PROFETAS,Isaías,40,1,12,Isaías 40:1-12,Consolai o Meu Povo (1/3),profetico,12,60,planejado
EP-2187,T4 — PROFETAS,Isaías,40,13,24,Isaías 40:13-24,Consolai o Meu Povo (2/3),profetico,12,60,planejado
EP-2188,T4 — PROFETAS,Isaías,40,25,31,Isaías 40:25-31,Consolai o Meu Povo (3/3),profetico,12,60,planejado
EP-2189,T4 — PROFETAS,Isaías,41,1,12,Isaías 41:1-12,"Calai-vos diante de mim, ó ilhas; e renovem os (1/3)",profetico,12,60,planejado
EP-2190,T4 — PROFETAS,Isaías,41,13,24,Isaías 41:13-24,"Calai-vos diante de mim, ó ilhas; e renovem os (2/3)",profetico,12,60,planejado
EP-2191,T4 — PROFETAS,Isaías,41,25,29,Isaías 41:25-29,"Calai-vos diante de mim, ó ilhas; e renovem os (3/3)",profetico,12,60,planejado
EP-2192,T4 — PROFETAS,Isaías,42,1,12,Isaías 42:1-12,Eis o Meu Servo (1/3),profetico,12,60,planejado
EP-2193,T4 — PROFETAS,Isaías,42,13,24,Isaías 42:13-24,Eis o Meu Servo (2/3),profetico,12,60,planejado
EP-2194,T4 — PROFETAS,Isaías,42,25,25,Isaías 42:25,Eis o Meu Servo (3/3),profetico,12,60,planejado
EP-2195,T4 — PROFETAS,Isaías,43,1,12,Isaías 43:1-12,"Mas agora, assim diz o Senhor que te criou (1/3)",profetico,12,60,planejado
EP-2196,T4 — PROFETAS,Isaías,43,13,24,Isaías 43:13-24,"Mas agora, assim diz o Senhor que te criou (2/3)",profetico,12,60,planejado
EP-2197,T4 — PROFETAS,Isaías,43,25,28,Isaías 43:25-28,"Mas agora, assim diz o Senhor que te criou (3/3)",profetico,12,60,planejado
EP-2198,T4 — PROFETAS,Isaías,44,1,12,Isaías 44:1-12,"Agora, pois, ouve, ó Jacó, servo meu, ó Israel (1/3)",profetico,12,60,planejado
EP-2199,T4 — PROFETAS,Isaías,44,13,24,Isaías 44:13-24,"Agora, pois, ouve, ó Jacó, servo meu, ó Israel (2/3)",profetico,12,60,planejado
EP-2200,T4 — PROFETAS,Isaías,44,25,28,Isaías 44:25-28,"Agora, pois, ouve, ó Jacó, servo meu, ó Israel (3/3)",profetico,12,60,planejado
EP-2201,T4 — PROFETAS,Isaías,45,1,12,Isaías 45:1-12,"Sou o SENHOR, e Não Há Outro (1/3)",profetico,12,60,planejado
EP-2202,T4 — PROFETAS,Isaías,45,13,24,Isaías 45:13-24,"Sou o SENHOR, e Não Há Outro (2/3)",profetico,12,60,planejado
EP-2203,T4 — PROFETAS,Isaías,45,25,25,Isaías 45:25,"Sou o SENHOR, e Não Há Outro (3/3)",profetico,12,60,planejado
EP-2204,T4 — PROFETAS,Isaías,46,1,12,Isaías 46:1-12,"Bel se encurva, Nebo se abaixa; os seus ídolos (1/2)",profetico,12,60,planejado
EP-2205,T4 — PROFETAS,Isaías,46,13,13,Isaías 46:13,"Bel se encurva, Nebo se abaixa; os seus ídolos (2/2)",profetico,12,60,planejado
EP-2206,T4 — PROFETAS,Isaías,47,1,12,Isaías 47:1-12,"Desce, e assenta-te no pó, ó virgem filha de (1/2)",profetico,12,60,planejado
EP-2207,T4 — PROFETAS,Isaías,47,13,15,Isaías 47:13-15,"Desce, e assenta-te no pó, ó virgem filha de (2/2)",profetico,12,60,planejado
EP-2208,T4 — PROFETAS,Isaías,48,1,12,Isaías 48:1-12,"Ouvi isto, casa de Jacó, que vos chamais do (1/2)",profetico,12,60,planejado
EP-2209,T4 — PROFETAS,Isaías,48,13,22,Isaías 48:13-22,"Ouvi isto, casa de Jacó, que vos chamais do (2/2)",profetico,12,60,planejado
EP-2210,T4 — PROFETAS,Isaías,49,1,12,Isaías 49:1-12,Nas Minhas Mãos Te Gravei (1/3),profetico,12,60,planejado
EP-2211,T4 — PROFETAS,Isaías,49,13,24,Isaías 49:13-24,Nas Minhas Mãos Te Gravei (2/3),profetico,12,60,planejado
EP-2212,T4 — PROFETAS,Isaías,49,25,26,Isaías 49:25-26,Nas Minhas Mãos Te Gravei (3/3),profetico,12,60,planejado
EP-2213,T4 — PROFETAS,Isaías,50,1,11,Isaías 50:1-11,Assim diz o Senhor: Onde está a carta de,profetico,12,60,planejado
EP-2214,T4 — PROFETAS,Isaías,51,1,12,Isaías 51:1-12,"Ouvi-me vós, os que seguis a justiça, os que (1/2)",profetico,12,60,planejado
EP-2215,T4 — PROFETAS,Isaías,51,13,23,Isaías 51:13-23,"Ouvi-me vós, os que seguis a justiça, os que (2/2)",profetico,12,60,planejado
EP-2216,T4 — PROFETAS,Isaías,52,1,12,Isaías 52:1-12,Eis o Meu Servo: Quão Formoso (1/2),profetico,12,60,planejado
EP-2217,T4 — PROFETAS,Isaías,52,13,15,Isaías 52:13-15,Eis o Meu Servo: Quão Formoso (2/2),profetico,12,60,planejado
EP-2218,T4 — PROFETAS,Isaías,53,1,12,Isaías 53:1-12,O Servo Sofredor,profetico,12,60,planejado
EP-2219,T4 — PROFETAS,Isaías,54,1,12,Isaías 54:1-12,"Canta, alegremente, ó estéril, que não deste à luz (1/2)",profetico,12,60,planejado
EP-2220,T4 — PROFETAS,Isaías,54,13,17,Isaías 54:13-17,"Canta, alegremente, ó estéril, que não deste à luz (2/2)",profetico,12,60,planejado
EP-2221,T4 — PROFETAS,Isaías,55,1,12,Isaías 55:1-12,Vinde às Águas Todas as Nações (1/2),profetico,12,60,planejado
EP-2222,T4 — PROFETAS,Isaías,55,13,13,Isaías 55:13,Vinde às Águas Todas as Nações (2/2),profetico,12,60,planejado
EP-2223,T4 — PROFETAS,Isaías,56,1,12,Isaías 56:1-12,"Assim diz o Senhor: Mantende a retidão, e fazei",profetico,12,60,planejado
EP-2224,T4 — PROFETAS,Isaías,57,1,12,Isaías 57:1-12,"Perece o justo, e não há quem se importe (1/2)",profetico,12,60,planejado
EP-2225,T4 — PROFETAS,Isaías,57,13,21,Isaías 57:13-21,"Perece o justo, e não há quem se importe (2/2)",profetico,12,60,planejado
EP-2226,T4 — PROFETAS,Isaías,58,1,12,Isaías 58:1-12,O Jejum que Eu Escolhi (1/2),profetico,12,60,planejado
EP-2227,T4 — PROFETAS,Isaías,58,13,14,Isaías 58:13-14,O Jejum que Eu Escolhi (2/2),profetico,12,60,planejado
EP-2228,T4 — PROFETAS,Isaías,59,1,12,Isaías 59:1-12,Eis que a mão do Senhor não está encolhida (1/2),profetico,12,60,planejado
EP-2229,T4 — PROFETAS,Isaías,59,13,21,Isaías 59:13-21,Eis que a mão do Senhor não está encolhida (2/2),profetico,12,60,planejado
EP-2230,T4 — PROFETAS,Isaías,60,1,12,Isaías 60:1-12,Levanta-te e Resplandece (1/2),profetico,12,60,planejado
EP-2231,T4 — PROFETAS,Isaías,60,13,22,Isaías 60:13-22,Levanta-te e Resplandece (2/2),profetico,12,60,planejado
EP-2232,T4 — PROFETAS,Isaías,61,1,11,Isaías 61:1-11,Boa Nova aos Pobres,profetico,12,60,planejado
EP-2233,T4 — PROFETAS,Isaías,62,1,12,Isaías 62:1-12,"Por amor de Sião não me calarei, e por",profetico,12,60,planejado
EP-2234,T4 — PROFETAS,Isaías,63,1,12,Isaías 63:1-12,"Quem é este, que vem de Edom, de Bozra (1/2)",profetico,12,60,planejado
EP-2235,T4 — PROFETAS,Isaías,63,13,19,Isaías 63:13-19,"Quem é este, que vem de Edom, de Bozra (2/2)",profetico,12,60,planejado
EP-2236,T4 — PROFETAS,Isaías,64,1,12,Isaías 64:1-12,"Oh! se fendesses os céus, e descesses, e os",profetico,12,60,planejado
EP-2237,T4 — PROFETAS,Isaías,65,1,12,Isaías 65:1-12,Tornei-me acessível aos que não perguntavam por mim; fui (1/3),profetico,12,60,planejado
EP-2238,T4 — PROFETAS,Isaías,65,13,24,Isaías 65:13-24,Tornei-me acessível aos que não perguntavam por mim; fui (2/3),profetico,12,60,planejado
EP-2239,T4 — PROFETAS,Isaías,65,25,25,Isaías 65:25,Tornei-me acessível aos que não perguntavam por mim; fui (3/3),profetico,12,60,planejado
EP-2240,T4 — PROFETAS,Isaías,66,1,12,Isaías 66:1-12,Novos Céus e Nova Terra (1/2),profetico,12,60,planejado
EP-2241,T4 — PROFETAS,Isaías,66,13,24,Isaías 66:13-24,Novos Céus e Nova Terra (2/2),profetico,12,60,planejado
EP-2242,T4 — PROFETAS,Jeremias,1,1,12,Jeremias 1:1-12,Antes que Eu Te Formasse (1/2),profetico,12,60,planejado
EP-2243,T4 — PROFETAS,Jeremias,1,13,19,Jeremias 1:13-19,Antes que Eu Te Formasse (2/2),profetico,12,60,planejado
EP-2244,T4 — PROFETAS,Jeremias,2,1,12,Jeremias 2:1-12,"Veio a mim a palavra do Senhor, dizendo (1/4)",profetico,12,60,planejado
EP-2245,T4 — PROFETAS,Jeremias,2,13,24,Jeremias 2:13-24,"Veio a mim a palavra do Senhor, dizendo (2/4)",profetico,12,60,planejado
EP-2246,T4 — PROFETAS,Jeremias,2,25,36,Jeremias 2:25-36,"Veio a mim a palavra do Senhor, dizendo (3/4)",profetico,12,60,planejado
EP-2247,T4 — PROFETAS,Jeremias,2,37,37,Jeremias 2:37,"Veio a mim a palavra do Senhor, dizendo (4/4)",profetico,12,60,planejado
EP-2248,T4 — PROFETAS,Jeremias,3,1,12,Jeremias 3:1-12,"Eles dizem: Se um homem despedir sua mulher, e (1/3)",profetico,12,60,planejado
EP-2249,T4 — PROFETAS,Jeremias,3,13,24,Jeremias 3:13-24,"Eles dizem: Se um homem despedir sua mulher, e (2/3)",profetico,12,60,planejado
EP-2250,T4 — PROFETAS,Jeremias,3,25,25,Jeremias 3:25,"Eles dizem: Se um homem despedir sua mulher, e (3/3)",profetico,12,60,planejado
EP-2251,T4 — PROFETAS,Jeremias,4,1,12,Jeremias 4:1-12,"Se voltares, ó Israel, diz o Senhor, se voltares (1/3)",profetico,12,60,planejado
EP-2252,T4 — PROFETAS,Jeremias,4,13,24,Jeremias 4:13-24,"Se voltares, ó Israel, diz o Senhor, se voltares (2/3)",profetico,12,60,planejado
EP-2253,T4 — PROFETAS,Jeremias,4,25,31,Jeremias 4:25-31,"Se voltares, ó Israel, diz o Senhor, se voltares (3/3)",profetico,12,60,planejado
EP-2254,T4 — PROFETAS,Jeremias,5,1,12,Jeremias 5:1-12,"Dai voltas às ruas de Jerusalém, e vede agora (1/3)",profetico,12,60,planejado
EP-2255,T4 — PROFETAS,Jeremias,5,13,24,Jeremias 5:13-24,"Dai voltas às ruas de Jerusalém, e vede agora (2/3)",profetico,12,60,planejado
EP-2256,T4 — PROFETAS,Jeremias,5,25,31,Jeremias 5:25-31,"Dai voltas às ruas de Jerusalém, e vede agora (3/3)",profetico,12,60,planejado
EP-2257,T4 — PROFETAS,Jeremias,6,1,12,Jeremias 6:1-12,"Fugi para segurança vossa, filhos de Benjamim, do meio (1/3)",profetico,12,60,planejado
EP-2258,T4 — PROFETAS,Jeremias,6,13,24,Jeremias 6:13-24,"Fugi para segurança vossa, filhos de Benjamim, do meio (2/3)",profetico,12,60,planejado
EP-2259,T4 — PROFETAS,Jeremias,6,25,30,Jeremias 6:25-30,"Fugi para segurança vossa, filhos de Benjamim, do meio (3/3)",profetico,12,60,planejado
EP-2260,T4 — PROFETAS,Jeremias,7,1,12,Jeremias 7:1-12,O Templo do SENHOR (1/3),profetico,12,60,planejado
EP-2261,T4 — PROFETAS,Jeremias,7,13,24,Jeremias 7:13-24,O Templo do SENHOR (2/3),profetico,12,60,planejado
EP-2262,T4 — PROFETAS,Jeremias,7,25,34,Jeremias 7:25-34,O Templo do SENHOR (3/3),profetico,12,60,planejado
EP-2263,T4 — PROFETAS,Jeremias,8,1,12,Jeremias 8:1-12,"Naquele tempo, diz o Senhor, tirarão para fora das (1/2)",profetico,12,60,planejado
EP-2264,T4 — PROFETAS,Jeremias,8,13,23,Jeremias 8:13-23,"Naquele tempo, diz o Senhor, tirarão para fora das (2/2)",profetico,12,60,planejado
EP-2265,T4 — PROFETAS,Jeremias,9,1,12,Jeremias 9:1-12,"Oxalá a minha cabeça se tornasse em águas, e (1/3)",profetico,12,60,planejado
EP-2266,T4 — PROFETAS,Jeremias,9,13,24,Jeremias 9:13-24,"Oxalá a minha cabeça se tornasse em águas, e (2/3)",profetico,12,60,planejado
EP-2267,T4 — PROFETAS,Jeremias,9,25,26,Jeremias 9:25-26,"Oxalá a minha cabeça se tornasse em águas, e (3/3)",profetico,12,60,planejado
EP-2268,T4 — PROFETAS,Jeremias,10,1,12,Jeremias 10:1-12,Ouvi a palavra que o Senhor vos fala a (1/3),profetico,12,60,planejado
EP-2269,T4 — PROFETAS,Jeremias,10,13,24,Jeremias 10:13-24,Ouvi a palavra que o Senhor vos fala a (2/3),profetico,12,60,planejado
EP-2270,T4 — PROFETAS,Jeremias,10,25,25,Jeremias 10:25,Ouvi a palavra que o Senhor vos fala a (3/3),profetico,12,60,planejado
EP-2271,T4 — PROFETAS,Jeremias,11,1,12,Jeremias 11:1-12,"A palavra que veio a Jeremias, da parte do (1/2)",profetico,12,60,planejado
EP-2272,T4 — PROFETAS,Jeremias,11,13,23,Jeremias 11:13-23,"A palavra que veio a Jeremias, da parte do (2/2)",profetico,12,60,planejado
EP-2273,T4 — PROFETAS,Jeremias,12,1,12,Jeremias 12:1-12,"Justo és, ó Senhor, ainda quando eu pleiteio contigo (1/2)",profetico,12,60,planejado
EP-2274,T4 — PROFETAS,Jeremias,12,13,17,Jeremias 12:13-17,"Justo és, ó Senhor, ainda quando eu pleiteio contigo (2/2)",profetico,12,60,planejado
EP-2275,T4 — PROFETAS,Jeremias,13,1,12,Jeremias 13:1-12,"Assim me disse o Senhor: Vai, e compra-te um (1/3)",profetico,12,60,planejado
EP-2276,T4 — PROFETAS,Jeremias,13,13,24,Jeremias 13:13-24,"Assim me disse o Senhor: Vai, e compra-te um (2/3)",profetico,12,60,planejado
EP-2277,T4 — PROFETAS,Jeremias,13,25,27,Jeremias 13:25-27,"Assim me disse o Senhor: Vai, e compra-te um (3/3)",profetico,12,60,planejado
EP-2278,T4 — PROFETAS,Jeremias,14,1,12,Jeremias 14:1-12,"A palavra do Senhor, que veio a Jeremias, a (1/2)",profetico,12,60,planejado
EP-2279,T4 — PROFETAS,Jeremias,14,13,22,Jeremias 14:13-22,"A palavra do Senhor, que veio a Jeremias, a (2/2)",profetico,12,60,planejado
EP-2280,T4 — PROFETAS,Jeremias,15,1,12,Jeremias 15:1-12,"Disse-me, porém, o Senhor: Ainda que Moisés e Samuel (1/2)",profetico,12,60,planejado
EP-2281,T4 — PROFETAS,Jeremias,15,13,21,Jeremias 15:13-21,"Disse-me, porém, o Senhor: Ainda que Moisés e Samuel (2/2)",profetico,12,60,planejado
EP-2282,T4 — PROFETAS,Jeremias,16,1,12,Jeremias 16:1-12,"E veio a mim a palavra do Senhor, dizendo (1/2)",profetico,12,60,planejado
EP-2283,T4 — PROFETAS,Jeremias,16,13,21,Jeremias 16:13-21,"E veio a mim a palavra do Senhor, dizendo (2/2)",profetico,12,60,planejado
EP-2284,T4 — PROFETAS,Jeremias,17,1,12,Jeremias 17:1-12,O pecado de Judá está escrito com um ponteiro (1/3),profetico,12,60,planejado
EP-2285,T4 — PROFETAS,Jeremias,17,13,24,Jeremias 17:13-24,O pecado de Judá está escrito com um ponteiro (2/3),profetico,12,60,planejado
EP-2286,T4 — PROFETAS,Jeremias,17,25,27,Jeremias 17:25-27,O pecado de Judá está escrito com um ponteiro (3/3),profetico,12,60,planejado
EP-2287,T4 — PROFETAS,Jeremias,18,1,12,Jeremias 18:1-12,Na Casa do Oleiro (1/2),profetico,12,60,planejado
EP-2288,T4 — PROFETAS,Jeremias,18,13,23,Jeremias 18:13-23,Na Casa do Oleiro (2/2),profetico,12,60,planejado
EP-2289,T4 — PROFETAS,Jeremias,19,1,12,Jeremias 19:1-12,"Assim disse o Senhor: Vai, e compra uma botija (1/2)",profetico,12,60,planejado
EP-2290,T4 — PROFETAS,Jeremias,19,13,15,Jeremias 19:13-15,"Assim disse o Senhor: Vai, e compra uma botija (2/2)",profetico,12,60,planejado
EP-2291,T4 — PROFETAS,Jeremias,20,1,12,Jeremias 20:1-12,"Ora Pasur, filho de Imer, o sacerdote, que era (1/2)",profetico,12,60,planejado
EP-2292,T4 — PROFETAS,Jeremias,20,13,18,Jeremias 20:13-18,"Ora Pasur, filho de Imer, o sacerdote, que era (2/2)",profetico,12,60,planejado
EP-2293,T4 — PROFETAS,Jeremias,21,1,12,Jeremias 21:1-12,A palavra que veio a Jeremias da parte do (1/2),profetico,12,60,planejado
EP-2294,T4 — PROFETAS,Jeremias,21,13,14,Jeremias 21:13-14,A palavra que veio a Jeremias da parte do (2/2),profetico,12,60,planejado
EP-2295,T4 — PROFETAS,Jeremias,22,1,12,Jeremias 22:1-12,Assim diz o Senhor: Desce à casa do rei (1/3),profetico,12,60,planejado
EP-2296,T4 — PROFETAS,Jeremias,22,13,24,Jeremias 22:13-24,Assim diz o Senhor: Desce à casa do rei (2/3),profetico,12,60,planejado
EP-2297,T4 — PROFETAS,Jeremias,22,25,30,Jeremias 22:25-30,Assim diz o Senhor: Desce à casa do rei (3/3),profetico,12,60,planejado
EP-2298,T4 — PROFETAS,Jeremias,23,1,12,Jeremias 23:1-12,O Renovo Justo (1/4),profetico,12,60,planejado
EP-2299,T4 — PROFETAS,Jeremias,23,13,24,Jeremias 23:13-24,O Renovo Justo (2/4),profetico,12,60,planejado
EP-2300,T4 — PROFETAS,Jeremias,23,25,36,Jeremias 23:25-36,O Renovo Justo (3/4),profetico,12,60,planejado
EP-2301,T4 — PROFETAS,Jeremias,23,37,40,Jeremias 23:37-40,O Renovo Justo (4/4),profetico,12,60,planejado
EP-2302,T4 — PROFETAS,Jeremias,24,1,10,Jeremias 24:1-10,"Fez-me o Senhor ver, e vi dois cestos de",profetico,12,60,planejado
EP-2303,T4 — PROFETAS,Jeremias,25,1,12,Jeremias 25:1-12,A palavra que veio a Jeremias acerca de todo (1/4),profetico,12,60,planejado
EP-2304,T4 — PROFETAS,Jeremias,25,13,24,Jeremias 25:13-24,A palavra que veio a Jeremias acerca de todo (2/4),profetico,12,60,planejado
EP-2305,T4 — PROFETAS,Jeremias,25,25,36,Jeremias 25:25-36,A palavra que veio a Jeremias acerca de todo (3/4),profetico,12,60,planejado
EP-2306,T4 — PROFETAS,Jeremias,25,37,38,Jeremias 25:37-38,A palavra que veio a Jeremias acerca de todo (4/4),profetico,12,60,planejado
EP-2307,T4 — PROFETAS,Jeremias,26,1,12,Jeremias 26:1-12,"No princípio do reino de Jeoiaquim, filho de Josias (1/3)",profetico,12,60,planejado
EP-2308,T4 — PROFETAS,Jeremias,26,13,24,Jeremias 26:13-24,"No princípio do reino de Jeoiaquim, filho de Josias (2/3)",profetico,12,60,planejado
EP-2309,T4 — PROFETAS,Jeremias,26,25,28,Jeremias 26:25-28,"No princípio do reino de Jeoiaquim, filho de Josias (3/3)",profetico,12,60,planejado
EP-2310,T4 — PROFETAS,Jeremias,27,1,12,Jeremias 27:1-12,"No princípio do reinado de Zedequias, filho de Josias (1/4)",profetico,12,60,planejado
EP-2311,T4 — PROFETAS,Jeremias,27,13,24,Jeremias 27:13-24,"No princípio do reinado de Zedequias, filho de Josias (2/4)",profetico,12,60,planejado
EP-2312,T4 — PROFETAS,Jeremias,27,25,36,Jeremias 27:25-36,"No princípio do reinado de Zedequias, filho de Josias (3/4)",profetico,12,60,planejado
EP-2313,T4 — PROFETAS,Jeremias,27,37,46,Jeremias 27:37-46,"No princípio do reinado de Zedequias, filho de Josias (4/4)",profetico,12,60,planejado
EP-2314,T4 — PROFETAS,Jeremias,28,1,12,Jeremias 28:1-12,"E sucedeu no mesmo ano, no princípio do reinado (1/5)",profetico,12,60,planejado
EP-2315,T4 — PROFETAS,Jeremias,28,13,24,Jeremias 28:13-24,"E sucedeu no mesmo ano, no princípio do reinado (2/5)",profetico,12,60,planejado
EP-2316,T4 — PROFETAS,Jeremias,28,25,36,Jeremias 28:25-36,"E sucedeu no mesmo ano, no princípio do reinado (3/5)",profetico,12,60,planejado
EP-2317,T4 — PROFETAS,Jeremias,28,37,52,Jeremias 28:37-52,"E sucedeu no mesmo ano, no princípio do reinado (4/5)",profetico,12,60,planejado
EP-2318,T4 — PROFETAS,Jeremias,28,53,64,Jeremias 28:53-64,"E sucedeu no mesmo ano, no princípio do reinado (5/5)",profetico,12,60,planejado
EP-2319,T4 — PROFETAS,Jeremias,29,1,12,Jeremias 29:1-12,Planos de Paz e Não de Mal (1/3),profetico,12,60,planejado
EP-2320,T4 — PROFETAS,Jeremias,29,13,24,Jeremias 29:13-24,Planos de Paz e Não de Mal (2/3),profetico,12,60,planejado
EP-2321,T4 — PROFETAS,Jeremias,29,25,32,Jeremias 29:25-32,Planos de Paz e Não de Mal (3/3),profetico,12,60,planejado
EP-2322,T4 — PROFETAS,Jeremias,30,1,12,Jeremias 30:1-12,"A palavra que do Senhor veio a Jeremias, dizendo (1/2)",profetico,12,60,planejado
EP-2323,T4 — PROFETAS,Jeremias,30,13,24,Jeremias 30:13-24,"A palavra que do Senhor veio a Jeremias, dizendo (2/2)",profetico,12,60,planejado
EP-2324,T4 — PROFETAS,Jeremias,31,1,12,Jeremias 31:1-12,A Nova Aliança (1/4),profetico,12,60,planejado
EP-2325,T4 — PROFETAS,Jeremias,31,13,24,Jeremias 31:13-24,A Nova Aliança (2/4),profetico,12,60,planejado
EP-2326,T4 — PROFETAS,Jeremias,31,25,36,Jeremias 31:25-36,A Nova Aliança (3/4),profetico,12,60,planejado
EP-2327,T4 — PROFETAS,Jeremias,31,37,44,Jeremias 31:37-44,A Nova Aliança (4/4),profetico,12,60,planejado
EP-2328,T4 — PROFETAS,Jeremias,32,1,12,Jeremias 32:1-12,A palavra que veio a Jeremias da parte do (1/4),profetico,12,60,planejado
EP-2329,T4 — PROFETAS,Jeremias,32,13,24,Jeremias 32:13-24,A palavra que veio a Jeremias da parte do (2/4),profetico,12,60,planejado
EP-2330,T4 — PROFETAS,Jeremias,32,25,36,Jeremias 32:25-36,A palavra que veio a Jeremias da parte do (3/4),profetico,12,60,planejado
EP-2331,T4 — PROFETAS,Jeremias,32,37,44,Jeremias 32:37-44,A palavra que veio a Jeremias da parte do (4/4),profetico,12,60,planejado
EP-2332,T4 — PROFETAS,Jeremias,33,1,12,Jeremias 33:1-12,A Justiça que Brotará (1/3),profetico,12,60,planejado
EP-2333,T4 — PROFETAS,Jeremias,33,13,24,Jeremias 33:13-24,A Justiça que Brotará (2/3),profetico,12,60,planejado
EP-2334,T4 — PROFETAS,Jeremias,33,25,26,Jeremias 33:25-26,A Justiça que Brotará (3/3),profetico,12,60,planejado
EP-2335,T4 — PROFETAS,Jeremias,34,1,12,Jeremias 34:1-12,A palavra que da parte do Senhor veio a (1/2),profetico,12,60,planejado
EP-2336,T4 — PROFETAS,Jeremias,34,13,22,Jeremias 34:13-22,A palavra que da parte do Senhor veio a (2/2),profetico,12,60,planejado
EP-2337,T4 — PROFETAS,Jeremias,35,1,12,Jeremias 35:1-12,A palavra que da parte do Senhor veio a (1/2),profetico,12,60,planejado
EP-2338,T4 — PROFETAS,Jeremias,35,13,19,Jeremias 35:13-19,A palavra que da parte do Senhor veio a (2/2),profetico,12,60,planejado
EP-2339,T4 — PROFETAS,Jeremias,36,1,12,Jeremias 36:1-12,O Rolo Queimado (1/3),profetico,12,60,planejado
EP-2340,T4 — PROFETAS,Jeremias,36,13,24,Jeremias 36:13-24,O Rolo Queimado (2/3),profetico,12,60,planejado
EP-2341,T4 — PROFETAS,Jeremias,36,25,32,Jeremias 36:25-32,O Rolo Queimado (3/3),profetico,12,60,planejado
EP-2342,T4 — PROFETAS,Jeremias,37,1,12,Jeremias 37:1-12,"E Zedequias, filho de Josias, a quem Nabucodonosor, rei (1/2)",profetico,12,60,planejado
EP-2343,T4 — PROFETAS,Jeremias,37,13,24,Jeremias 37:13-24,"E Zedequias, filho de Josias, a quem Nabucodonosor, rei (2/2)",profetico,12,60,planejado
EP-2344,T4 — PROFETAS,Jeremias,38,1,12,Jeremias 38:1-12,"Ouviram, pois, Sefatias, filho de Matã, e Gedalias, filho (1/4)",profetico,12,60,planejado
EP-2345,T4 — PROFETAS,Jeremias,38,13,24,Jeremias 38:13-24,"Ouviram, pois, Sefatias, filho de Matã, e Gedalias, filho (2/4)",profetico,12,60,planejado
EP-2346,T4 — PROFETAS,Jeremias,38,25,36,Jeremias 38:25-36,"Ouviram, pois, Sefatias, filho de Matã, e Gedalias, filho (3/4)",profetico,12,60,planejado
EP-2347,T4 — PROFETAS,Jeremias,38,37,40,Jeremias 38:37-40,"Ouviram, pois, Sefatias, filho de Matã, e Gedalias, filho (4/4)",profetico,12,60,planejado
EP-2348,T4 — PROFETAS,Jeremias,39,1,12,Jeremias 39:1-12,A Queda de Jerusalém (1/4),profetico,12,60,planejado
EP-2349,T4 — PROFETAS,Jeremias,39,13,24,Jeremias 39:13-24,A Queda de Jerusalém (2/4),profetico,12,60,planejado
EP-2350,T4 — PROFETAS,Jeremias,39,25,36,Jeremias 39:25-36,A Queda de Jerusalém (3/4),profetico,12,60,planejado
EP-2351,T4 — PROFETAS,Jeremias,39,37,44,Jeremias 39:37-44,A Queda de Jerusalém (4/4),profetico,12,60,planejado
EP-2352,T4 — PROFETAS,Jeremias,40,1,12,Jeremias 40:1-12,A palavra que veio a Jeremias da parte do (1/2),profetico,12,60,planejado
EP-2353,T4 — PROFETAS,Jeremias,40,13,16,Jeremias 40:13-16,A palavra que veio a Jeremias da parte do (2/2),profetico,12,60,planejado
EP-2354,T4 — PROFETAS,Jeremias,41,1,12,Jeremias 41:1-12,"Sucedeu, porém, no mês sétimo, que veio Ismael, filho (1/2)",profetico,12,60,planejado
EP-2355,T4 — PROFETAS,Jeremias,41,13,22,Jeremias 41:13-22,"Sucedeu, porém, no mês sétimo, que veio Ismael, filho (2/2)",profetico,12,60,planejado
EP-2356,T4 — PROFETAS,Jeremias,42,1,12,Jeremias 42:1-12,"Então chegaram todos os chefes das forças, e Joanã (1/2)",profetico,12,60,planejado
EP-2357,T4 — PROFETAS,Jeremias,42,13,22,Jeremias 42:13-22,"Então chegaram todos os chefes das forças, e Joanã (2/2)",profetico,12,60,planejado
EP-2358,T4 — PROFETAS,Jeremias,43,1,12,Jeremias 43:1-12,Tendo Jeremias acabado de falar a todo o povo (1/3),profetico,12,60,planejado
EP-2359,T4 — PROFETAS,Jeremias,43,13,24,Jeremias 43:13-24,Tendo Jeremias acabado de falar a todo o povo (2/3),profetico,12,60,planejado
EP-2360,T4 — PROFETAS,Jeremias,43,25,32,Jeremias 43:25-32,Tendo Jeremias acabado de falar a todo o povo (3/3),profetico,12,60,planejado
EP-2361,T4 — PROFETAS,Jeremias,44,1,12,Jeremias 44:1-12,"A palavra que veio a Jeremias, acerca de todos (1/3)",profetico,12,60,planejado
EP-2362,T4 — PROFETAS,Jeremias,44,13,24,Jeremias 44:13-24,"A palavra que veio a Jeremias, acerca de todos (2/3)",profetico,12,60,planejado
EP-2363,T4 — PROFETAS,Jeremias,44,25,30,Jeremias 44:25-30,"A palavra que veio a Jeremias, acerca de todos (3/3)",profetico,12,60,planejado
EP-2364,T4 — PROFETAS,Jeremias,45,1,12,Jeremias 45:1-12,"A palavra que Jeremias, o profeta, falou a Banique (1/3)",profetico,12,60,planejado
EP-2365,T4 — PROFETAS,Jeremias,45,13,24,Jeremias 45:13-24,"A palavra que Jeremias, o profeta, falou a Banique (2/3)",profetico,12,60,planejado
EP-2366,T4 — PROFETAS,Jeremias,45,25,28,Jeremias 45:25-28,"A palavra que Jeremias, o profeta, falou a Banique (3/3)",profetico,12,60,planejado
EP-2367,T4 — PROFETAS,Jeremias,46,1,12,Jeremias 46:1-12,"A palavra do Senhor, que veio a Jeremias, o (1/3)",profetico,12,60,planejado
EP-2368,T4 — PROFETAS,Jeremias,46,13,24,Jeremias 46:13-24,"A palavra do Senhor, que veio a Jeremias, o (2/3)",profetico,12,60,planejado
EP-2369,T4 — PROFETAS,Jeremias,46,25,28,Jeremias 46:25-28,"A palavra do Senhor, que veio a Jeremias, o (3/3)",profetico,12,60,planejado
EP-2370,T4 — PROFETAS,Jeremias,47,1,12,Jeremias 47:1-12,"A palavra do Senhor que veio a Jeremias, o (1/2)",profetico,12,60,planejado
EP-2371,T4 — PROFETAS,Jeremias,47,13,16,Jeremias 47:13-16,"A palavra do Senhor que veio a Jeremias, o (2/2)",profetico,12,60,planejado
EP-2372,T4 — PROFETAS,Jeremias,48,1,12,Jeremias 48:1-12,Acerca de Moabe. Assim diz o Senhor dos exércitos (1/4),profetico,12,60,planejado
EP-2373,T4 — PROFETAS,Jeremias,48,13,24,Jeremias 48:13-24,Acerca de Moabe. Assim diz o Senhor dos exércitos (2/4),profetico,12,60,planejado
EP-2374,T4 — PROFETAS,Jeremias,48,25,36,Jeremias 48:25-36,Acerca de Moabe. Assim diz o Senhor dos exércitos (3/4),profetico,12,60,planejado
EP-2375,T4 — PROFETAS,Jeremias,48,37,47,Jeremias 48:37-47,Acerca de Moabe. Assim diz o Senhor dos exércitos (4/4),profetico,12,60,planejado
EP-2376,T4 — PROFETAS,Jeremias,49,1,12,Jeremias 49:1-12,A respeito dos filhos de Amom. Assim diz o (1/4),profetico,12,60,planejado
EP-2377,T4 — PROFETAS,Jeremias,49,13,24,Jeremias 49:13-24,A respeito dos filhos de Amom. Assim diz o (2/4),profetico,12,60,planejado
EP-2378,T4 — PROFETAS,Jeremias,49,25,36,Jeremias 49:25-36,A respeito dos filhos de Amom. Assim diz o (3/4),profetico,12,60,planejado
EP-2379,T4 — PROFETAS,Jeremias,49,37,39,Jeremias 49:37-39,A respeito dos filhos de Amom. Assim diz o (4/4),profetico,12,60,planejado
EP-2380,T4 — PROFETAS,Jeremias,50,1,12,Jeremias 50:1-12,A palavra que falou o Senhor acerca de Babilônia (1/4),profetico,12,60,planejado
EP-2381,T4 — PROFETAS,Jeremias,50,13,24,Jeremias 50:13-24,A palavra que falou o Senhor acerca de Babilônia (2/4),profetico,12,60,planejado
EP-2382,T4 — PROFETAS,Jeremias,50,25,36,Jeremias 50:25-36,A palavra que falou o Senhor acerca de Babilônia (3/4),profetico,12,60,planejado
EP-2383,T4 — PROFETAS,Jeremias,50,37,46,Jeremias 50:37-46,A palavra que falou o Senhor acerca de Babilônia (4/4),profetico,12,60,planejado
EP-2384,T4 — PROFETAS,Jeremias,51,1,12,Jeremias 51:1-12,Assim diz o Senhor: Eis que levantarei um vento (1/6),profetico,12,60,planejado
EP-2385,T4 — PROFETAS,Jeremias,51,13,24,Jeremias 51:13-24,Assim diz o Senhor: Eis que levantarei um vento (2/6),profetico,12,60,planejado
EP-2386,T4 — PROFETAS,Jeremias,51,25,36,Jeremias 51:25-36,Assim diz o Senhor: Eis que levantarei um vento (3/6),profetico,12,60,planejado
EP-2387,T4 — PROFETAS,Jeremias,51,37,48,Jeremias 51:37-48,Assim diz o Senhor: Eis que levantarei um vento (4/6),profetico,12,60,planejado
EP-2388,T4 — PROFETAS,Jeremias,51,49,60,Jeremias 51:49-60,Assim diz o Senhor: Eis que levantarei um vento (5/6),profetico,12,60,planejado
EP-2389,T4 — PROFETAS,Jeremias,51,61,64,Jeremias 51:61-64,Assim diz o Senhor: Eis que levantarei um vento (6/6),profetico,12,60,planejado
EP-2390,T4 — PROFETAS,Jeremias,52,1,34,Jeremias 52:1-34,A Destruição do Templo,lista,12,60,planejado
EP-2391,T4 — PROFETAS,Lamentações,1,1,6,Lamentações 1:1-6,Como Está Desertora a Cidade (1/4),poetico,12,60,planejado
EP-2392,T4 — PROFETAS,Lamentações,1,7,12,Lamentações 1:7-12,Como Está Desertora a Cidade (2/4),poetico,12,60,planejado
EP-2393,T4 — PROFETAS,Lamentações,1,13,18,Lamentações 1:13-18,Como Está Desertora a Cidade (3/4),poetico,12,60,planejado
EP-2394,T4 — PROFETAS,Lamentações,1,19,22,Lamentações 1:19-22,Como Está Desertora a Cidade (4/4),poetico,12,60,planejado
EP-2395,T4 — PROFETAS,Lamentações,2,1,6,Lamentações 2:1-6,Como cobriu o Senhor de nuvens na sua ira (1/4),poetico,12,60,planejado
EP-2396,T4 — PROFETAS,Lamentações,2,7,12,Lamentações 2:7-12,Como cobriu o Senhor de nuvens na sua ira (2/4),poetico,12,60,planejado
EP-2397,T4 — PROFETAS,Lamentações,2,13,18,Lamentações 2:13-18,Como cobriu o Senhor de nuvens na sua ira (3/4),poetico,12,60,planejado
EP-2398,T4 — PROFETAS,Lamentações,2,19,22,Lamentações 2:19-22,Como cobriu o Senhor de nuvens na sua ira (4/4),poetico,12,60,planejado
EP-2399,T4 — PROFETAS,Lamentações,3,1,6,Lamentações 3:1-6,As Misericórdias se Renovam (1/11),poetico,12,60,planejado
EP-2400,T4 — PROFETAS,Lamentações,3,7,12,Lamentações 3:7-12,As Misericórdias se Renovam (2/11),poetico,12,60,planejado
EP-2401,T4 — PROFETAS,Lamentações,3,13,18,Lamentações 3:13-18,As Misericórdias se Renovam (3/11),poetico,12,60,planejado
EP-2402,T4 — PROFETAS,Lamentações,3,19,24,Lamentações 3:19-24,As Misericórdias se Renovam (4/11),poetico,12,60,planejado
EP-2403,T4 — PROFETAS,Lamentações,3,25,30,Lamentações 3:25-30,As Misericórdias se Renovam (5/11),poetico,12,60,planejado
EP-2404,T4 — PROFETAS,Lamentações,3,31,36,Lamentações 3:31-36,As Misericórdias se Renovam (6/11),poetico,12,60,planejado
EP-2405,T4 — PROFETAS,Lamentações,3,37,42,Lamentações 3:37-42,As Misericórdias se Renovam (7/11),poetico,12,60,planejado
EP-2406,T4 — PROFETAS,Lamentações,3,43,48,Lamentações 3:43-48,As Misericórdias se Renovam (8/11),poetico,12,60,planejado
EP-2407,T4 — PROFETAS,Lamentações,3,49,54,Lamentações 3:49-54,As Misericórdias se Renovam (9/11),poetico,12,60,planejado
EP-2408,T4 — PROFETAS,Lamentações,3,55,60,Lamentações 3:55-60,As Misericórdias se Renovam (10/11),poetico,12,60,planejado
EP-2409,T4 — PROFETAS,Lamentações,3,61,66,Lamentações 3:61-66,As Misericórdias se Renovam (11/11),poetico,12,60,planejado
EP-2410,T4 — PROFETAS,Lamentações,4,1,6,Lamentações 4:1-6,Como se escureceu o ouro! como se mudou o (1/4),poetico,12,60,planejado
EP-2411,T4 — PROFETAS,Lamentações,4,7,12,Lamentações 4:7-12,Como se escureceu o ouro! como se mudou o (2/4),poetico,12,60,planejado
EP-2412,T4 — PROFETAS,Lamentações,4,13,18,Lamentações 4:13-18,Como se escureceu o ouro! como se mudou o (3/4),poetico,12,60,planejado
EP-2413,T4 — PROFETAS,Lamentações,4,19,22,Lamentações 4:19-22,Como se escureceu o ouro! como se mudou o (4/4),poetico,12,60,planejado
EP-2414,T4 — PROFETAS,Lamentações,5,1,6,Lamentações 5:1-6,"Lembra-te, Senhor, do que nos tem sucedido; considera, e (1/4)",poetico,12,60,planejado
EP-2415,T4 — PROFETAS,Lamentações,5,7,12,Lamentações 5:7-12,"Lembra-te, Senhor, do que nos tem sucedido; considera, e (2/4)",poetico,12,60,planejado
EP-2416,T4 — PROFETAS,Lamentações,5,13,18,Lamentações 5:13-18,"Lembra-te, Senhor, do que nos tem sucedido; considera, e (3/4)",poetico,12,60,planejado
EP-2417,T4 — PROFETAS,Lamentações,5,19,22,Lamentações 5:19-22,"Lembra-te, Senhor, do que nos tem sucedido; considera, e (4/4)",poetico,12,60,planejado
EP-2418,T4 — PROFETAS,Ezequiel,1,1,12,Ezequiel 1:1-12,A Visão do Carro de Deus (Merkabá) (1/3),profetico,12,60,planejado
EP-2419,T4 — PROFETAS,Ezequiel,1,13,24,Ezequiel 1:13-24,A Visão do Carro de Deus (Merkabá) (2/3),profetico,12,60,planejado
EP-2420,T4 — PROFETAS,Ezequiel,1,25,28,Ezequiel 1:25-28,A Visão do Carro de Deus (Merkabá) (3/3),profetico,12,60,planejado
EP-2421,T4 — PROFETAS,Ezequiel,2,1,10,Ezequiel 2:1-10,Comer o Rolo,profetico,12,60,planejado
EP-2422,T4 — PROFETAS,Ezequiel,3,1,12,Ezequiel 3:1-12,Atalaia de Israel (1/3),profetico,12,60,planejado
EP-2423,T4 — PROFETAS,Ezequiel,3,13,24,Ezequiel 3:13-24,Atalaia de Israel (2/3),profetico,12,60,planejado
EP-2424,T4 — PROFETAS,Ezequiel,3,25,27,Ezequiel 3:25-27,Atalaia de Israel (3/3),profetico,12,60,planejado
EP-2425,T4 — PROFETAS,Ezequiel,4,1,12,Ezequiel 4:1-12,"Tu pois, ó filho do homem, toma um tijolo (1/2)",profetico,12,60,planejado
EP-2426,T4 — PROFETAS,Ezequiel,4,13,17,Ezequiel 4:13-17,"Tu pois, ó filho do homem, toma um tijolo (2/2)",profetico,12,60,planejado
EP-2427,T4 — PROFETAS,Ezequiel,5,1,12,Ezequiel 5:1-12,"E tu, ó filho do homem, toma uma espada (1/2)",profetico,12,60,planejado
EP-2428,T4 — PROFETAS,Ezequiel,5,13,17,Ezequiel 5:13-17,"E tu, ó filho do homem, toma uma espada (2/2)",profetico,12,60,planejado
EP-2429,T4 — PROFETAS,Ezequiel,6,1,12,Ezequiel 6:1-12,"E veio a mim a palavra do Senhor, dizendo (1/2)",profetico,12,60,planejado
EP-2430,T4 — PROFETAS,Ezequiel,6,13,14,Ezequiel 6:13-14,"E veio a mim a palavra do Senhor, dizendo (2/2)",profetico,12,60,planejado
EP-2431,T4 — PROFETAS,Ezequiel,7,1,12,Ezequiel 7:1-12,"Demais veio a palavra do Senhor a mim, dizendo (1/3)",profetico,12,60,planejado
EP-2432,T4 — PROFETAS,Ezequiel,7,13,24,Ezequiel 7:13-24,"Demais veio a palavra do Senhor a mim, dizendo (2/3)",profetico,12,60,planejado
EP-2433,T4 — PROFETAS,Ezequiel,7,25,27,Ezequiel 7:25-27,"Demais veio a palavra do Senhor a mim, dizendo (3/3)",profetico,12,60,planejado
EP-2434,T4 — PROFETAS,Ezequiel,8,1,12,Ezequiel 8:1-12,"Sucedeu pois, no sexto ano, no mês sexto, no (1/2)",profetico,12,60,planejado
EP-2435,T4 — PROFETAS,Ezequiel,8,13,18,Ezequiel 8:13-18,"Sucedeu pois, no sexto ano, no mês sexto, no (2/2)",profetico,12,60,planejado
EP-2436,T4 — PROFETAS,Ezequiel,9,1,11,Ezequiel 9:1-11,"Então me gritou aos ouvidos com grande voz, dizendo",profetico,12,60,planejado
EP-2437,T4 — PROFETAS,Ezequiel,10,1,12,Ezequiel 10:1-12,"Depois olhei, e eis que no firmamento que estava (1/2)",profetico,12,60,planejado
EP-2438,T4 — PROFETAS,Ezequiel,10,13,22,Ezequiel 10:13-22,"Depois olhei, e eis que no firmamento que estava (2/2)",profetico,12,60,planejado
EP-2439,T4 — PROFETAS,Ezequiel,11,1,12,Ezequiel 11:1-12,O Coração de Pedra e o de Carne (1/3),profetico,12,60,planejado
EP-2440,T4 — PROFETAS,Ezequiel,11,13,24,Ezequiel 11:13-24,O Coração de Pedra e o de Carne (2/3),profetico,12,60,planejado
EP-2441,T4 — PROFETAS,Ezequiel,11,25,25,Ezequiel 11:25,O Coração de Pedra e o de Carne (3/3),profetico,12,60,planejado
EP-2442,T4 — PROFETAS,Ezequiel,12,1,12,Ezequiel 12:1-12,"Ainda veio a mim a palavra do Senhor, dizendo (1/3)",profetico,12,60,planejado
EP-2443,T4 — PROFETAS,Ezequiel,12,13,24,Ezequiel 12:13-24,"Ainda veio a mim a palavra do Senhor, dizendo (2/3)",profetico,12,60,planejado
EP-2444,T4 — PROFETAS,Ezequiel,12,25,28,Ezequiel 12:25-28,"Ainda veio a mim a palavra do Senhor, dizendo (3/3)",profetico,12,60,planejado
EP-2445,T4 — PROFETAS,Ezequiel,13,1,12,Ezequiel 13:1-12,"E veio a mim a palavra do Senhor, dizendo (1/2)",profetico,12,60,planejado
EP-2446,T4 — PROFETAS,Ezequiel,13,13,23,Ezequiel 13:13-23,"E veio a mim a palavra do Senhor, dizendo (2/2)",profetico,12,60,planejado
EP-2447,T4 — PROFETAS,Ezequiel,14,1,12,Ezequiel 14:1-12,Então vieram a mim alguns homens dos anciãos de (1/2),profetico,12,60,planejado
EP-2448,T4 — PROFETAS,Ezequiel,14,13,23,Ezequiel 14:13-23,Então vieram a mim alguns homens dos anciãos de (2/2),profetico,12,60,planejado
EP-2449,T4 — PROFETAS,Ezequiel,15,1,8,Ezequiel 15:1-8,De novo veio a mim a palavra do Senhor,profetico,12,60,planejado
EP-2450,T4 — PROFETAS,Ezequiel,16,1,12,Ezequiel 16:1-12,A Infidelidade de Jerusalém (1/6),profetico,12,60,planejado
EP-2451,T4 — PROFETAS,Ezequiel,16,13,24,Ezequiel 16:13-24,A Infidelidade de Jerusalém (2/6),profetico,12,60,planejado
EP-2452,T4 — PROFETAS,Ezequiel,16,25,36,Ezequiel 16:25-36,A Infidelidade de Jerusalém (3/6),profetico,12,60,planejado
EP-2453,T4 — PROFETAS,Ezequiel,16,37,48,Ezequiel 16:37-48,A Infidelidade de Jerusalém (4/6),profetico,12,60,planejado
EP-2454,T4 — PROFETAS,Ezequiel,16,49,60,Ezequiel 16:49-60,A Infidelidade de Jerusalém (5/6),profetico,12,60,planejado
EP-2455,T4 — PROFETAS,Ezequiel,16,61,63,Ezequiel 16:61-63,A Infidelidade de Jerusalém (6/6),profetico,12,60,planejado
EP-2456,T4 — PROFETAS,Ezequiel,17,1,12,Ezequiel 17:1-12,"Ainda veio a mim a palavra do Senhor, dizendo (1/2)",profetico,12,60,planejado
EP-2457,T4 — PROFETAS,Ezequiel,17,13,24,Ezequiel 17:13-24,"Ainda veio a mim a palavra do Senhor, dizendo (2/2)",profetico,12,60,planejado
EP-2458,T4 — PROFETAS,Ezequiel,18,1,12,Ezequiel 18:1-12,De novo veio a mim a palavra do Senhor (1/3),profetico,12,60,planejado
EP-2459,T4 — PROFETAS,Ezequiel,18,13,24,Ezequiel 18:13-24,De novo veio a mim a palavra do Senhor (2/3),profetico,12,60,planejado
EP-2460,T4 — PROFETAS,Ezequiel,18,25,32,Ezequiel 18:25-32,De novo veio a mim a palavra do Senhor (3/3),profetico,12,60,planejado
EP-2461,T4 — PROFETAS,Ezequiel,19,1,12,Ezequiel 19:1-12,E tu levanta uma lamentação sobre os príncipes de (1/2),profetico,12,60,planejado
EP-2462,T4 — PROFETAS,Ezequiel,19,13,14,Ezequiel 19:13-14,E tu levanta uma lamentação sobre os príncipes de (2/2),profetico,12,60,planejado
EP-2463,T4 — PROFETAS,Ezequiel,20,1,12,Ezequiel 20:1-12,"Ora aconteceu, no sétimo ano, no mês quinto, aos (1/5)",profetico,12,60,planejado
EP-2464,T4 — PROFETAS,Ezequiel,20,13,24,Ezequiel 20:13-24,"Ora aconteceu, no sétimo ano, no mês quinto, aos (2/5)",profetico,12,60,planejado
EP-2465,T4 — PROFETAS,Ezequiel,20,25,36,Ezequiel 20:25-36,"Ora aconteceu, no sétimo ano, no mês quinto, aos (3/5)",profetico,12,60,planejado
EP-2466,T4 — PROFETAS,Ezequiel,20,37,48,Ezequiel 20:37-48,"Ora aconteceu, no sétimo ano, no mês quinto, aos (4/5)",profetico,12,60,planejado
EP-2467,T4 — PROFETAS,Ezequiel,20,49,49,Ezequiel 20:49,"Ora aconteceu, no sétimo ano, no mês quinto, aos (5/5)",profetico,12,60,planejado
EP-2468,T4 — PROFETAS,Ezequiel,21,1,12,Ezequiel 21:1-12,"Ainda veio a mim a palavra do Senhor, dizendo (1/4)",profetico,12,60,planejado
EP-2469,T4 — PROFETAS,Ezequiel,21,13,24,Ezequiel 21:13-24,"Ainda veio a mim a palavra do Senhor, dizendo (2/4)",profetico,12,60,planejado
EP-2470,T4 — PROFETAS,Ezequiel,21,25,36,Ezequiel 21:25-36,"Ainda veio a mim a palavra do Senhor, dizendo (3/4)",profetico,12,60,planejado
EP-2471,T4 — PROFETAS,Ezequiel,21,37,37,Ezequiel 21:37,"Ainda veio a mim a palavra do Senhor, dizendo (4/4)",profetico,12,60,planejado
EP-2472,T4 — PROFETAS,Ezequiel,22,1,12,Ezequiel 22:1-12,"Demais veio a mim a palavra do Senhor, dizendo (1/3)",profetico,12,60,planejado
EP-2473,T4 — PROFETAS,Ezequiel,22,13,24,Ezequiel 22:13-24,"Demais veio a mim a palavra do Senhor, dizendo (2/3)",profetico,12,60,planejado
EP-2474,T4 — PROFETAS,Ezequiel,22,25,31,Ezequiel 22:25-31,"Demais veio a mim a palavra do Senhor, dizendo (3/3)",profetico,12,60,planejado
EP-2475,T4 — PROFETAS,Ezequiel,23,1,12,Ezequiel 23:1-12,"Veio mais a mim a palavra do Senhor, dizendo (1/5)",profetico,12,60,planejado
EP-2476,T4 — PROFETAS,Ezequiel,23,13,24,Ezequiel 23:13-24,"Veio mais a mim a palavra do Senhor, dizendo (2/5)",profetico,12,60,planejado
EP-2477,T4 — PROFETAS,Ezequiel,23,25,36,Ezequiel 23:25-36,"Veio mais a mim a palavra do Senhor, dizendo (3/5)",profetico,12,60,planejado
EP-2478,T4 — PROFETAS,Ezequiel,23,37,48,Ezequiel 23:37-48,"Veio mais a mim a palavra do Senhor, dizendo (4/5)",profetico,12,60,planejado
EP-2479,T4 — PROFETAS,Ezequiel,23,49,49,Ezequiel 23:49,"Veio mais a mim a palavra do Senhor, dizendo (5/5)",profetico,12,60,planejado
EP-2480,T4 — PROFETAS,Ezequiel,24,1,12,Ezequiel 24:1-12,A Morte da Esposa (1/3),profetico,12,60,planejado
EP-2481,T4 — PROFETAS,Ezequiel,24,13,24,Ezequiel 24:13-24,A Morte da Esposa (2/3),profetico,12,60,planejado
EP-2482,T4 — PROFETAS,Ezequiel,24,25,27,Ezequiel 24:25-27,A Morte da Esposa (3/3),profetico,12,60,planejado
EP-2483,T4 — PROFETAS,Ezequiel,25,1,12,Ezequiel 25:1-12,De novo veio a mim a palavra do Senhor (1/2),profetico,12,60,planejado
EP-2484,T4 — PROFETAS,Ezequiel,25,13,17,Ezequiel 25:13-17,De novo veio a mim a palavra do Senhor (2/2),profetico,12,60,planejado
EP-2485,T4 — PROFETAS,Ezequiel,26,1,12,Ezequiel 26:1-12,"Ora sucedeu no undécimo ano, ao primeiro do mês (1/2)",profetico,12,60,planejado
EP-2486,T4 — PROFETAS,Ezequiel,26,13,21,Ezequiel 26:13-21,"Ora sucedeu no undécimo ano, ao primeiro do mês (2/2)",profetico,12,60,planejado
EP-2487,T4 — PROFETAS,Ezequiel,27,1,12,Ezequiel 27:1-12,De novo veio a mim a palavra do Senhor (1/3),profetico,12,60,planejado
EP-2488,T4 — PROFETAS,Ezequiel,27,13,24,Ezequiel 27:13-24,De novo veio a mim a palavra do Senhor (2/3),profetico,12,60,planejado
EP-2489,T4 — PROFETAS,Ezequiel,27,25,36,Ezequiel 27:25-36,De novo veio a mim a palavra do Senhor (3/3),profetico,12,60,planejado
EP-2490,T4 — PROFETAS,Ezequiel,28,1,12,Ezequiel 28:1-12,De novo veio a mim a palavra do Senhor (1/3),profetico,12,60,planejado
EP-2491,T4 — PROFETAS,Ezequiel,28,13,24,Ezequiel 28:13-24,De novo veio a mim a palavra do Senhor (2/3),profetico,12,60,planejado
EP-2492,T4 — PROFETAS,Ezequiel,28,25,26,Ezequiel 28:25-26,De novo veio a mim a palavra do Senhor (3/3),profetico,12,60,planejado
EP-2493,T4 — PROFETAS,Ezequiel,29,1,12,Ezequiel 29:1-12,"No décimo ano, no décimo mês, no dia doze (1/2)",profetico,12,60,planejado
EP-2494,T4 — PROFETAS,Ezequiel,29,13,21,Ezequiel 29:13-21,"No décimo ano, no décimo mês, no dia doze (2/2)",profetico,12,60,planejado
EP-2495,T4 — PROFETAS,Ezequiel,30,1,12,Ezequiel 30:1-12,De novo veio a mim a palavra do Senhor (1/3),profetico,12,60,planejado
EP-2496,T4 — PROFETAS,Ezequiel,30,13,24,Ezequiel 30:13-24,De novo veio a mim a palavra do Senhor (2/3),profetico,12,60,planejado
EP-2497,T4 — PROFETAS,Ezequiel,30,25,26,Ezequiel 30:25-26,De novo veio a mim a palavra do Senhor (3/3),profetico,12,60,planejado
EP-2498,T4 — PROFETAS,Ezequiel,31,1,12,Ezequiel 31:1-12,"Também sucedeu, no ano undécimo, no terceiro mês, ao (1/2)",profetico,12,60,planejado
EP-2499,T4 — PROFETAS,Ezequiel,31,13,18,Ezequiel 31:13-18,"Também sucedeu, no ano undécimo, no terceiro mês, ao (2/2)",profetico,12,60,planejado
EP-2500,T4 — PROFETAS,Ezequiel,32,1,12,Ezequiel 32:1-12,"Sucedeu que, no ano duodécimo, no mês duodécimo, ao (1/3)",profetico,12,60,planejado
EP-2501,T4 — PROFETAS,Ezequiel,32,13,24,Ezequiel 32:13-24,"Sucedeu que, no ano duodécimo, no mês duodécimo, ao (2/3)",profetico,12,60,planejado
EP-2502,T4 — PROFETAS,Ezequiel,32,25,32,Ezequiel 32:25-32,"Sucedeu que, no ano duodécimo, no mês duodécimo, ao (3/3)",profetico,12,60,planejado
EP-2503,T4 — PROFETAS,Ezequiel,33,1,12,Ezequiel 33:1-12,"Ainda veio a mim a palavra do Senhor, dizendo (1/3)",profetico,12,60,planejado
EP-2504,T4 — PROFETAS,Ezequiel,33,13,24,Ezequiel 33:13-24,"Ainda veio a mim a palavra do Senhor, dizendo (2/3)",profetico,12,60,planejado
EP-2505,T4 — PROFETAS,Ezequiel,33,25,33,Ezequiel 33:25-33,"Ainda veio a mim a palavra do Senhor, dizendo (3/3)",profetico,12,60,planejado
EP-2506,T4 — PROFETAS,Ezequiel,34,1,12,Ezequiel 34:1-12,Os Pastores de Israel (1/3),profetico,12,60,planejado
EP-2507,T4 — PROFETAS,Ezequiel,34,13,24,Ezequiel 34:13-24,Os Pastores de Israel (2/3),profetico,12,60,planejado
EP-2508,T4 — PROFETAS,Ezequiel,34,25,31,Ezequiel 34:25-31,Os Pastores de Israel (3/3),profetico,12,60,planejado
EP-2509,T4 — PROFETAS,Ezequiel,35,1,12,Ezequiel 35:1-12,"Veio a mim a palavra do Senhor, dizendo (1/2)",profetico,12,60,planejado
EP-2510,T4 — PROFETAS,Ezequiel,35,13,15,Ezequiel 35:13-15,"Veio a mim a palavra do Senhor, dizendo (2/2)",profetico,12,60,planejado
EP-2511,T4 — PROFETAS,Ezequiel,36,1,12,Ezequiel 36:1-12,Água Limpa e o Coração Novo (1/4),profetico,12,60,planejado
EP-2512,T4 — PROFETAS,Ezequiel,36,13,24,Ezequiel 36:13-24,Água Limpa e o Coração Novo (2/4),profetico,12,60,planejado
EP-2513,T4 — PROFETAS,Ezequiel,36,25,36,Ezequiel 36:25-36,Água Limpa e o Coração Novo (3/4),profetico,12,60,planejado
EP-2514,T4 — PROFETAS,Ezequiel,36,37,38,Ezequiel 36:37-38,Água Limpa e o Coração Novo (4/4),profetico,12,60,planejado
EP-2515,T4 — PROFETAS,Ezequiel,37,1,12,Ezequiel 37:1-12,Os Ossos Secos e os Dois Paus (1/3),profetico,12,60,planejado
EP-2516,T4 — PROFETAS,Ezequiel,37,13,24,Ezequiel 37:13-24,Os Ossos Secos e os Dois Paus (2/3),profetico,12,60,planejado
EP-2517,T4 — PROFETAS,Ezequiel,37,25,28,Ezequiel 37:25-28,Os Ossos Secos e os Dois Paus (3/3),profetico,12,60,planejado
EP-2518,T4 — PROFETAS,Ezequiel,38,1,12,Ezequiel 38:1-12,Gogue e Magogue (1/2),profetico,12,60,planejado
EP-2519,T4 — PROFETAS,Ezequiel,38,13,23,Ezequiel 38:13-23,Gogue e Magogue (2/2),profetico,12,60,planejado
EP-2520,T4 — PROFETAS,Ezequiel,39,1,12,Ezequiel 39:1-12,"Tu, pois, ó filho do homem, profetiza contra Gogue (1/3)",profetico,12,60,planejado
EP-2521,T4 — PROFETAS,Ezequiel,39,13,24,Ezequiel 39:13-24,"Tu, pois, ó filho do homem, profetiza contra Gogue (2/3)",profetico,12,60,planejado
EP-2522,T4 — PROFETAS,Ezequiel,39,25,29,Ezequiel 39:25-29,"Tu, pois, ó filho do homem, profetiza contra Gogue (3/3)",profetico,12,60,planejado
EP-2523,T4 — PROFETAS,Ezequiel,40,1,12,Ezequiel 40:1-12,"No ano vinte e cinco do nosso cativeiro, no (1/5)",profetico,12,60,planejado
EP-2524,T4 — PROFETAS,Ezequiel,40,13,24,Ezequiel 40:13-24,"No ano vinte e cinco do nosso cativeiro, no (2/5)",profetico,12,60,planejado
EP-2525,T4 — PROFETAS,Ezequiel,40,25,36,Ezequiel 40:25-36,"No ano vinte e cinco do nosso cativeiro, no (3/5)",profetico,12,60,planejado
EP-2526,T4 — PROFETAS,Ezequiel,40,37,48,Ezequiel 40:37-48,"No ano vinte e cinco do nosso cativeiro, no (4/5)",profetico,12,60,planejado
EP-2527,T4 — PROFETAS,Ezequiel,40,49,49,Ezequiel 40:49,"No ano vinte e cinco do nosso cativeiro, no (5/5)",profetico,12,60,planejado
EP-2528,T4 — PROFETAS,Ezequiel,41,1,12,Ezequiel 41:1-12,"Então me levou ao templo, e mediu as umbreiras (1/3)",profetico,12,60,planejado
EP-2529,T4 — PROFETAS,Ezequiel,41,13,24,Ezequiel 41:13-24,"Então me levou ao templo, e mediu as umbreiras (2/3)",profetico,12,60,planejado
EP-2530,T4 — PROFETAS,Ezequiel,41,25,26,Ezequiel 41:25-26,"Então me levou ao templo, e mediu as umbreiras (3/3)",profetico,12,60,planejado
EP-2531,T4 — PROFETAS,Ezequiel,42,1,12,Ezequiel 42:1-12,"Depois disto fez-me sair para fora, ao átrio exterior (1/2)",profetico,12,60,planejado
EP-2532,T4 — PROFETAS,Ezequiel,42,13,20,Ezequiel 42:13-20,"Depois disto fez-me sair para fora, ao átrio exterior (2/2)",profetico,12,60,planejado
EP-2533,T4 — PROFETAS,Ezequiel,43,1,12,Ezequiel 43:1-12,"Então me levou à porta, à porta que dá (1/3)",profetico,12,60,planejado
EP-2534,T4 — PROFETAS,Ezequiel,43,13,24,Ezequiel 43:13-24,"Então me levou à porta, à porta que dá (2/3)",profetico,12,60,planejado
EP-2535,T4 — PROFETAS,Ezequiel,43,25,27,Ezequiel 43:25-27,"Então me levou à porta, à porta que dá (3/3)",profetico,12,60,planejado
EP-2536,T4 — PROFETAS,Ezequiel,44,1,12,Ezequiel 44:1-12,Então me fez voltar para o caminho da porta (1/3),profetico,12,60,planejado
EP-2537,T4 — PROFETAS,Ezequiel,44,13,24,Ezequiel 44:13-24,Então me fez voltar para o caminho da porta (2/3),profetico,12,60,planejado
EP-2538,T4 — PROFETAS,Ezequiel,44,25,31,Ezequiel 44:25-31,Então me fez voltar para o caminho da porta (3/3),profetico,12,60,planejado
EP-2539,T4 — PROFETAS,Ezequiel,45,1,12,Ezequiel 45:1-12,"Demais, quando repartirdes a terra por sortes em herança (1/3)",profetico,12,60,planejado
EP-2540,T4 — PROFETAS,Ezequiel,45,13,24,Ezequiel 45:13-24,"Demais, quando repartirdes a terra por sortes em herança (2/3)",profetico,12,60,planejado
EP-2541,T4 — PROFETAS,Ezequiel,45,25,25,Ezequiel 45:25,"Demais, quando repartirdes a terra por sortes em herança (3/3)",profetico,12,60,planejado
EP-2542,T4 — PROFETAS,Ezequiel,46,1,12,Ezequiel 46:1-12,Assim diz o Senhor Deus: A porta do átrio (1/2),profetico,12,60,planejado
EP-2543,T4 — PROFETAS,Ezequiel,46,13,24,Ezequiel 46:13-24,Assim diz o Senhor Deus: A porta do átrio (2/2),profetico,12,60,planejado
EP-2544,T4 — PROFETAS,Ezequiel,47,1,12,Ezequiel 47:1-12,O Rio que Sai do Templo (1/2),profetico,12,60,planejado
EP-2545,T4 — PROFETAS,Ezequiel,47,13,23,Ezequiel 47:13-23,O Rio que Sai do Templo (2/2),profetico,12,60,planejado
EP-2546,T4 — PROFETAS,Ezequiel,48,1,12,Ezequiel 48:1-12,São estes os nomes das tribos: desde o extremo (1/3),profetico,12,60,planejado
EP-2547,T4 — PROFETAS,Ezequiel,48,13,24,Ezequiel 48:13-24,São estes os nomes das tribos: desde o extremo (2/3),profetico,12,60,planejado
EP-2548,T4 — PROFETAS,Ezequiel,48,25,35,Ezequiel 48:25-35,São estes os nomes das tribos: desde o extremo (3/3),profetico,12,60,planejado
EP-2549,T4 — PROFETAS,Daniel,1,1,12,Daniel 1:1-12,Provados com Legumes e Água (1/2),profetico,12,60,planejado
EP-2550,T4 — PROFETAS,Daniel,1,13,21,Daniel 1:13-21,Provados com Legumes e Água (2/2),profetico,12,60,planejado
EP-2551,T4 — PROFETAS,Daniel,2,1,12,Daniel 2:1-12,O Sonho da Estátua (1/5),profetico,12,60,planejado
EP-2552,T4 — PROFETAS,Daniel,2,13,24,Daniel 2:13-24,O Sonho da Estátua (2/5),profetico,12,60,planejado
EP-2553,T4 — PROFETAS,Daniel,2,25,36,Daniel 2:25-36,O Sonho da Estátua (3/5),profetico,12,60,planejado
EP-2554,T4 — PROFETAS,Daniel,2,37,48,Daniel 2:37-48,O Sonho da Estátua (4/5),profetico,12,60,planejado
EP-2555,T4 — PROFETAS,Daniel,2,49,49,Daniel 2:49,O Sonho da Estátua (5/5),profetico,12,60,planejado
EP-2556,T4 — PROFETAS,Daniel,3,1,12,Daniel 3:1-12,A Fornalha Ardente (1/9),profetico,12,60,planejado
EP-2557,T4 — PROFETAS,Daniel,3,13,24,Daniel 3:13-24,A Fornalha Ardente (2/9),profetico,12,60,planejado
EP-2558,T4 — PROFETAS,Daniel,3,25,36,Daniel 3:25-36,A Fornalha Ardente (3/9),profetico,12,60,planejado
EP-2559,T4 — PROFETAS,Daniel,3,37,48,Daniel 3:37-48,A Fornalha Ardente (4/9),profetico,12,60,planejado
EP-2560,T4 — PROFETAS,Daniel,3,49,60,Daniel 3:49-60,A Fornalha Ardente (5/9),profetico,12,60,planejado
EP-2561,T4 — PROFETAS,Daniel,3,61,72,Daniel 3:61-72,A Fornalha Ardente (6/9),profetico,12,60,planejado
EP-2562,T4 — PROFETAS,Daniel,3,73,84,Daniel 3:73-84,A Fornalha Ardente (7/9),profetico,12,60,planejado
EP-2563,T4 — PROFETAS,Daniel,3,85,96,Daniel 3:85-96,A Fornalha Ardente (8/9),profetico,12,60,planejado
EP-2564,T4 — PROFETAS,Daniel,3,97,100,Daniel 3:97-100,A Fornalha Ardente (9/9),profetico,12,60,planejado
EP-2565,T4 — PROFETAS,Daniel,4,1,12,Daniel 4:1-12,O Sonho da Grande Árvore (1/4),profetico,12,60,planejado
EP-2566,T4 — PROFETAS,Daniel,4,13,24,Daniel 4:13-24,O Sonho da Grande Árvore (2/4),profetico,12,60,planejado
EP-2567,T4 — PROFETAS,Daniel,4,25,36,Daniel 4:25-36,O Sonho da Grande Árvore (3/4),profetico,12,60,planejado
EP-2568,T4 — PROFETAS,Daniel,4,37,37,Daniel 4:37,O Sonho da Grande Árvore (4/4),profetico,12,60,planejado
EP-2569,T4 — PROFETAS,Daniel,5,1,12,Daniel 5:1-12,Os Dedos na Parede (1/3),profetico,12,60,planejado
EP-2570,T4 — PROFETAS,Daniel,5,13,24,Daniel 5:13-24,Os Dedos na Parede (2/3),profetico,12,60,planejado
EP-2571,T4 — PROFETAS,Daniel,5,25,31,Daniel 5:25-31,Os Dedos na Parede (3/3),profetico,12,60,planejado
EP-2572,T4 — PROFETAS,Daniel,6,1,12,Daniel 6:1-12,A Cova dos Leões (1/3),profetico,12,60,planejado
EP-2573,T4 — PROFETAS,Daniel,6,13,24,Daniel 6:13-24,A Cova dos Leões (2/3),profetico,12,60,planejado
EP-2574,T4 — PROFETAS,Daniel,6,25,29,Daniel 6:25-29,A Cova dos Leões (3/3),profetico,12,60,planejado
EP-2575,T4 — PROFETAS,Daniel,7,1,12,Daniel 7:1-12,As Quatro Bestas e o Filho do Homem (1/3),apocaliptico,12,60,planejado
EP-2576,T4 — PROFETAS,Daniel,7,13,24,Daniel 7:13-24,As Quatro Bestas e o Filho do Homem (2/3),apocaliptico,12,60,planejado
EP-2577,T4 — PROFETAS,Daniel,7,25,28,Daniel 7:25-28,As Quatro Bestas e o Filho do Homem (3/3),apocaliptico,12,60,planejado
EP-2578,T4 — PROFETAS,Daniel,8,1,12,Daniel 8:1-12,No ano terceiro do reinado do rei Belsazar apareceu-me (1/3),apocaliptico,12,60,planejado
EP-2579,T4 — PROFETAS,Daniel,8,13,24,Daniel 8:13-24,No ano terceiro do reinado do rei Belsazar apareceu-me (2/3),apocaliptico,12,60,planejado
EP-2580,T4 — PROFETAS,Daniel,8,25,27,Daniel 8:25-27,No ano terceiro do reinado do rei Belsazar apareceu-me (3/3),apocaliptico,12,60,planejado
EP-2581,T4 — PROFETAS,Daniel,9,1,12,Daniel 9:1-12,As Setenta Semanas (1/3),apocaliptico,12,60,planejado
EP-2582,T4 — PROFETAS,Daniel,9,13,24,Daniel 9:13-24,As Setenta Semanas (2/3),apocaliptico,12,60,planejado
EP-2583,T4 — PROFETAS,Daniel,9,25,27,Daniel 9:25-27,As Setenta Semanas (3/3),apocaliptico,12,60,planejado
EP-2584,T4 — PROFETAS,Daniel,10,1,12,Daniel 10:1-12,"No ano terceiro de Ciro, rei da Pérsia, foi (1/2)",apocaliptico,12,60,planejado
EP-2585,T4 — PROFETAS,Daniel,10,13,21,Daniel 10:13-21,"No ano terceiro de Ciro, rei da Pérsia, foi (2/2)",apocaliptico,12,60,planejado
EP-2586,T4 — PROFETAS,Daniel,11,1,12,Daniel 11:1-12,"Eu, pois, no primeiro ano de Dario, medo, levantei-me (1/4)",apocaliptico,12,60,planejado
EP-2587,T4 — PROFETAS,Daniel,11,13,24,Daniel 11:13-24,"Eu, pois, no primeiro ano de Dario, medo, levantei-me (2/4)",apocaliptico,12,60,planejado
EP-2588,T4 — PROFETAS,Daniel,11,25,36,Daniel 11:25-36,"Eu, pois, no primeiro ano de Dario, medo, levantei-me (3/4)",apocaliptico,12,60,planejado
EP-2589,T4 — PROFETAS,Daniel,11,37,45,Daniel 11:37-45,"Eu, pois, no primeiro ano de Dario, medo, levantei-me (4/4)",apocaliptico,12,60,planejado
EP-2590,T4 — PROFETAS,Daniel,12,1,12,Daniel 12:1-12,O Tempo do Fim (1/2),apocaliptico,12,60,planejado
EP-2591,T4 — PROFETAS,Daniel,12,13,13,Daniel 12:13,O Tempo do Fim (2/2),apocaliptico,12,60,planejado
EP-2592,T4 — PROFETAS,Oseias,1,1,11,Oseias 1:1-11,"Gômer, o Amor e o Adultério",profetico,12,60,planejado
EP-2593,T4 — PROFETAS,Oseias,2,1,12,Oseias 2:1-12,Dizei a vossos irmãos: Ami; e a vossas irmãs (1/3),profetico,12,60,planejado
EP-2594,T4 — PROFETAS,Oseias,2,13,24,Oseias 2:13-24,Dizei a vossos irmãos: Ami; e a vossas irmãs (2/3),profetico,12,60,planejado
EP-2595,T4 — PROFETAS,Oseias,2,25,25,Oseias 2:25,Dizei a vossos irmãos: Ami; e a vossas irmãs (3/3),profetico,12,60,planejado
EP-2596,T4 — PROFETAS,Oseias,3,1,5,Oseias 3:1-5,"Disse-me o Senhor: Vai outra vez, ama uma mulher",profetico,12,60,planejado
EP-2597,T4 — PROFETAS,Oseias,4,1,12,Oseias 4:1-12,"Ouvi a palavra do Senhor, vós, filhos de Israel (1/2)",profetico,12,60,planejado
EP-2598,T4 — PROFETAS,Oseias,4,13,19,Oseias 4:13-19,"Ouvi a palavra do Senhor, vós, filhos de Israel (2/2)",profetico,12,60,planejado
EP-2599,T4 — PROFETAS,Oseias,5,1,12,Oseias 5:1-12,"Ouvi isto, ó sacerdotes, e escutai, ó casa de (1/2)",profetico,12,60,planejado
EP-2600,T4 — PROFETAS,Oseias,5,13,15,Oseias 5:13-15,"Ouvi isto, ó sacerdotes, e escutai, ó casa de (2/2)",profetico,12,60,planejado
EP-2601,T4 — PROFETAS,Oseias,6,1,11,Oseias 6:1-11,"Vinde, e tornemos para o Senhor, porque ele despedaçou",profetico,12,60,planejado
EP-2602,T4 — PROFETAS,Oseias,7,1,12,Oseias 7:1-12,"ao querer eu sarar a Israel, descobrem-se a corrupção (1/2)",profetico,12,60,planejado
EP-2603,T4 — PROFETAS,Oseias,7,13,16,Oseias 7:13-16,"ao querer eu sarar a Israel, descobrem-se a corrupção (2/2)",profetico,12,60,planejado
EP-2604,T4 — PROFETAS,Oseias,8,1,12,Oseias 8:1-12,Põe a trombeta à tua boca. Ele vem como (1/2),profetico,12,60,planejado
EP-2605,T4 — PROFETAS,Oseias,8,13,14,Oseias 8:13-14,Põe a trombeta à tua boca. Ele vem como (2/2),profetico,12,60,planejado
EP-2606,T4 — PROFETAS,Oseias,9,1,12,Oseias 9:1-12,"Não te alegres, ó Israel, não exultes como os (1/2)",profetico,12,60,planejado
EP-2607,T4 — PROFETAS,Oseias,9,13,17,Oseias 9:13-17,"Não te alegres, ó Israel, não exultes como os (2/2)",profetico,12,60,planejado
EP-2608,T4 — PROFETAS,Oseias,10,1,12,Oseias 10:1-12,Israel é vide frondosa que dá o seu fruto (1/2),profetico,12,60,planejado
EP-2609,T4 — PROFETAS,Oseias,10,13,15,Oseias 10:13-15,Israel é vide frondosa que dá o seu fruto (2/2),profetico,12,60,planejado
EP-2610,T4 — PROFETAS,Oseias,11,1,12,Oseias 11:1-12,"Como Te Deixarei, Efraim?",profetico,12,60,planejado
EP-2611,T4 — PROFETAS,Oseias,12,1,12,Oseias 12:1-12,"Efraim apascenta o vento, segue o vento oriental todo (1/2)",profetico,12,60,planejado
EP-2612,T4 — PROFETAS,Oseias,12,13,15,Oseias 12:13-15,"Efraim apascenta o vento, segue o vento oriental todo (2/2)",profetico,12,60,planejado
EP-2613,T4 — PROFETAS,Oseias,13,1,12,Oseias 13:1-12,"Quando Efraim falava, tremia-se; foi exaltado em Israel; mas (1/2)",profetico,12,60,planejado
EP-2614,T4 — PROFETAS,Oseias,13,13,16,Oseias 13:13-16,"Quando Efraim falava, tremia-se; foi exaltado em Israel; mas (2/2)",profetico,12,60,planejado
EP-2615,T4 — PROFETAS,Oseias,14,1,10,Oseias 14:1-10,Cura e Amor Gratuito,profetico,12,60,planejado
EP-2616,T4 — PROFETAS,Joel,1,1,12,Joel 1:1-12,"Palavra do Senhor, que foi dirigida a Joel, filho (1/2)",profetico,12,60,planejado
EP-2617,T4 — PROFETAS,Joel,1,13,20,Joel 1:13-20,"Palavra do Senhor, que foi dirigida a Joel, filho (2/2)",profetico,12,60,planejado
EP-2618,T4 — PROFETAS,Joel,2,1,12,Joel 2:1-12,Derramarei o Meu Espírito (1/3),profetico,12,60,planejado
EP-2619,T4 — PROFETAS,Joel,2,13,24,Joel 2:13-24,Derramarei o Meu Espírito (2/3),profetico,12,60,planejado
EP-2620,T4 — PROFETAS,Joel,2,25,32,Joel 2:25-32,Derramarei o Meu Espírito (3/3),profetico,12,60,planejado
EP-2621,T4 — PROFETAS,Joel,3,1,12,Joel 3:1-12,"Pois eis que naqueles dias, e naquele tempo, em (1/2)",profetico,12,60,planejado
EP-2622,T4 — PROFETAS,Joel,3,13,21,Joel 3:13-21,"Pois eis que naqueles dias, e naquele tempo, em (2/2)",profetico,12,60,planejado
EP-2623,T4 — PROFETAS,Joel,4,1,12,Joel 4:1-12,Capítulo 4 (1/2),profetico,12,60,planejado
EP-2624,T4 — PROFETAS,Joel,4,13,21,Joel 4:13-21,Capítulo 4 (2/2),profetico,12,60,planejado
EP-2625,T4 — PROFETAS,Amós,1,1,12,Amós 1:1-12,"As palavras de Amós, que estava entre os pastores (1/2)",profetico,12,60,planejado
EP-2626,T4 — PROFETAS,Amós,1,13,15,Amós 1:13-15,"As palavras de Amós, que estava entre os pastores (2/2)",profetico,12,60,planejado
EP-2627,T4 — PROFETAS,Amós,2,1,12,Amós 2:1-12,Assim diz o Senhor: Por três transgressões de Moabe (1/2),profetico,12,60,planejado
EP-2628,T4 — PROFETAS,Amós,2,13,16,Amós 2:13-16,Assim diz o Senhor: Por três transgressões de Moabe (2/2),profetico,12,60,planejado
EP-2629,T4 — PROFETAS,Amós,3,1,12,Amós 3:1-12,Ouvi esta palavra que o Senhor fala contra vós (1/2),profetico,12,60,planejado
EP-2630,T4 — PROFETAS,Amós,3,13,15,Amós 3:13-15,Ouvi esta palavra que o Senhor fala contra vós (2/2),profetico,12,60,planejado
EP-2631,T4 — PROFETAS,Amós,4,1,12,Amós 4:1-12,"Ouvi esta palavra, vós, vacas de Basã, que estais (1/2)",profetico,12,60,planejado
EP-2632,T4 — PROFETAS,Amós,4,13,13,Amós 4:13,"Ouvi esta palavra, vós, vacas de Basã, que estais (2/2)",profetico,12,60,planejado
EP-2633,T4 — PROFETAS,Amós,5,1,12,Amós 5:1-12,Corra o Juízo como as Águas (1/3),profetico,12,60,planejado
EP-2634,T4 — PROFETAS,Amós,5,13,24,Amós 5:13-24,Corra o Juízo como as Águas (2/3),profetico,12,60,planejado
EP-2635,T4 — PROFETAS,Amós,5,25,27,Amós 5:25-27,Corra o Juízo como as Águas (3/3),profetico,12,60,planejado
EP-2636,T4 — PROFETAS,Amós,6,1,12,Amós 6:1-12,"Ai dos que vivem sossegados em Sião, e dos (1/2)",profetico,12,60,planejado
EP-2637,T4 — PROFETAS,Amós,6,13,14,Amós 6:13-14,"Ai dos que vivem sossegados em Sião, e dos (2/2)",profetico,12,60,planejado
EP-2638,T4 — PROFETAS,Amós,7,1,12,Amós 7:1-12,O Senhor Deus assim me fez ver: e eis (1/2),profetico,12,60,planejado
EP-2639,T4 — PROFETAS,Amós,7,13,17,Amós 7:13-17,O Senhor Deus assim me fez ver: e eis (2/2),profetico,12,60,planejado
EP-2640,T4 — PROFETAS,Amós,8,1,12,Amós 8:1-12,O Senhor Deus assim me fez ver: e eis (1/2),profetico,12,60,planejado
EP-2641,T4 — PROFETAS,Amós,8,13,14,Amós 8:13-14,O Senhor Deus assim me fez ver: e eis (2/2),profetico,12,60,planejado
EP-2642,T4 — PROFETAS,Amós,9,1,12,Amós 9:1-12,A Cabana Caída de Davi (1/2),profetico,12,60,planejado
EP-2643,T4 — PROFETAS,Amós,9,13,15,Amós 9:13-15,A Cabana Caída de Davi (2/2),profetico,12,60,planejado
EP-2644,T4 — PROFETAS,Obadias,1,1,12,Obadias 1:1-12,O Juízo de Edom (1/2),profetico,12,60,planejado
EP-2645,T4 — PROFETAS,Obadias,1,13,21,Obadias 1:13-21,O Juízo de Edom (2/2),profetico,12,60,planejado
EP-2646,T4 — PROFETAS,Jonas,1,1,12,Jonas 1:1-12,A Fuga para Társis (1/2),narrativo,12,60,planejado
EP-2647,T4 — PROFETAS,Jonas,1,13,17,Jonas 1:13-17,A Fuga para Társis (2/2),narrativo,12,60,planejado
EP-2648,T4 — PROFETAS,Jonas,2,1,11,Jonas 2:1-11,Do Ventre do Peixe,narrativo,12,60,planejado
EP-2649,T4 — PROFETAS,Jonas,3,1,10,Jonas 3:1-10,Nínive se Arrepende,narrativo,12,60,planejado
EP-2650,T4 — PROFETAS,Jonas,4,1,11,Jonas 4:1-11,A Aboboreira,narrativo,12,60,planejado
EP-2651,T4 — PROFETAS,Miqueias,1,1,12,Miqueias 1:1-12,"A palavra do Senhor que veio a Miquéias, morastita (1/2)",profetico,12,60,planejado
EP-2652,T4 — PROFETAS,Miqueias,1,13,16,Miqueias 1:13-16,"A palavra do Senhor que veio a Miquéias, morastita (2/2)",profetico,12,60,planejado
EP-2653,T4 — PROFETAS,Miqueias,2,1,12,Miqueias 2:1-12,Ai daqueles que nas suas camas maquinam a iniqüidade (1/2),profetico,12,60,planejado
EP-2654,T4 — PROFETAS,Miqueias,2,13,13,Miqueias 2:13,Ai daqueles que nas suas camas maquinam a iniqüidade (2/2),profetico,12,60,planejado
EP-2655,T4 — PROFETAS,Miqueias,3,1,12,Miqueias 3:1-12,"E disse eu: Ouvi, peço-vos, ó chefes de Jacó",profetico,12,60,planejado
EP-2656,T4 — PROFETAS,Miqueias,4,1,12,Miqueias 4:1-12,Mas nos últimos dias acontecerá que o monte da (1/2),profetico,12,60,planejado
EP-2657,T4 — PROFETAS,Miqueias,4,13,14,Miqueias 4:13-14,Mas nos últimos dias acontecerá que o monte da (2/2),profetico,12,60,planejado
EP-2658,T4 — PROFETAS,Miqueias,5,1,12,Miqueias 5:1-12,De Belém Sairá o Governante (1/2),profetico,12,60,planejado
EP-2659,T4 — PROFETAS,Miqueias,5,13,15,Miqueias 5:13-15,De Belém Sairá o Governante (2/2),profetico,12,60,planejado
EP-2660,T4 — PROFETAS,Miqueias,6,1,12,Miqueias 6:1-12,Que É o Que o SENHOR Pede? (1/2),profetico,12,60,planejado
EP-2661,T4 — PROFETAS,Miqueias,6,13,16,Miqueias 6:13-16,Que É o Que o SENHOR Pede? (2/2),profetico,12,60,planejado
EP-2662,T4 — PROFETAS,Miqueias,7,1,12,Miqueias 7:1-12,Ai de mim! porque estou feito como quando são (1/2),profetico,12,60,planejado
EP-2663,T4 — PROFETAS,Miqueias,7,13,20,Miqueias 7:13-20,Ai de mim! porque estou feito como quando são (2/2),profetico,12,60,planejado
EP-2664,T4 — PROFETAS,Naum,1,1,12,Naum 1:1-12,O SENHOR Vingador (1/2),profetico,12,60,planejado
EP-2665,T4 — PROFETAS,Naum,1,13,15,Naum 1:13-15,O SENHOR Vingador (2/2),profetico,12,60,planejado
EP-2666,T4 — PROFETAS,Naum,2,1,12,Naum 2:1-12,O destruidor sobe contra ti. Guarda tu a fortaleza (1/2),profetico,12,60,planejado
EP-2667,T4 — PROFETAS,Naum,2,13,14,Naum 2:13-14,O destruidor sobe contra ti. Guarda tu a fortaleza (2/2),profetico,12,60,planejado
EP-2668,T4 — PROFETAS,Naum,3,1,12,Naum 3:1-12,Ai da cidade ensangüentada! Ela está toda cheia de (1/2),profetico,12,60,planejado
EP-2669,T4 — PROFETAS,Naum,3,13,19,Naum 3:13-19,Ai da cidade ensangüentada! Ela está toda cheia de (2/2),profetico,12,60,planejado
EP-2670,T4 — PROFETAS,Habacuque,1,1,12,Habacuque 1:1-12,O oráculo que o profeta Habacuque viu (1/2),profetico,12,60,planejado
EP-2671,T4 — PROFETAS,Habacuque,1,13,17,Habacuque 1:13-17,O oráculo que o profeta Habacuque viu (2/2),profetico,12,60,planejado
EP-2672,T4 — PROFETAS,Habacuque,2,1,12,Habacuque 2:1-12,Sobre a minha torre de vigia me colocarei e (1/2),profetico,12,60,planejado
EP-2673,T4 — PROFETAS,Habacuque,2,13,20,Habacuque 2:13-20,Sobre a minha torre de vigia me colocarei e (2/2),profetico,12,60,planejado
EP-2674,T4 — PROFETAS,Habacuque,3,1,12,Habacuque 3:1-12,Ainda que a Figueira Não Floresça (1/2),profetico,12,60,planejado
EP-2675,T4 — PROFETAS,Habacuque,3,13,19,Habacuque 3:13-19,Ainda que a Figueira Não Floresça (2/2),profetico,12,60,planejado
EP-2676,T4 — PROFETAS,Sofonias,1,1,12,Sofonias 1:1-12,"A palavra do Senhor que veio a Sofonias, filho (1/2)",profetico,12,60,planejado
EP-2677,T4 — PROFETAS,Sofonias,1,13,18,Sofonias 1:13-18,"A palavra do Senhor que veio a Sofonias, filho (2/2)",profetico,12,60,planejado
EP-2678,T4 — PROFETAS,Sofonias,2,1,12,Sofonias 2:1-12,"Congregai-vos, sim, congregai-vos, ó nação sem pudor (1/2)",profetico,12,60,planejado
EP-2679,T4 — PROFETAS,Sofonias,2,13,15,Sofonias 2:13-15,"Congregai-vos, sim, congregai-vos, ó nação sem pudor (2/2)",profetico,12,60,planejado
EP-2680,T4 — PROFETAS,Sofonias,3,1,12,Sofonias 3:1-12,O SENHOR se Regozija em Ti (1/2),profetico,12,60,planejado
EP-2681,T4 — PROFETAS,Sofonias,3,13,20,Sofonias 3:13-20,O SENHOR se Regozija em Ti (2/2),profetico,12,60,planejado
EP-2682,T4 — PROFETAS,Ageu,1,1,12,Ageu 1:1-12,"No segundo ano do rei Dario, no sexto mês (1/2)",profetico,12,60,planejado
EP-2683,T4 — PROFETAS,Ageu,1,13,15,Ageu 1:13-15,"No segundo ano do rei Dario, no sexto mês (2/2)",profetico,12,60,planejado
EP-2684,T4 — PROFETAS,Ageu,2,1,12,Ageu 2:1-12,A Glória da Última Casa (1/2),profetico,12,60,planejado
EP-2685,T4 — PROFETAS,Ageu,2,13,23,Ageu 2:13-23,A Glória da Última Casa (2/2),profetico,12,60,planejado
EP-2686,T4 — PROFETAS,Zacarias,1,1,12,Zacarias 1:1-12,No oitavo mês do segundo ano de Dario veio (1/2),profetico,12,60,planejado
EP-2687,T4 — PROFETAS,Zacarias,1,13,21,Zacarias 1:13-21,No oitavo mês do segundo ano de Dario veio (2/2),profetico,12,60,planejado
EP-2688,T4 — PROFETAS,Zacarias,2,1,12,Zacarias 2:1-12,"Tornei a levantar os meus olhos, e olhei, e (1/2)",profetico,12,60,planejado
EP-2689,T4 — PROFETAS,Zacarias,2,13,17,Zacarias 2:13-17,"Tornei a levantar os meus olhos, e olhei, e (2/2)",profetico,12,60,planejado
EP-2690,T4 — PROFETAS,Zacarias,3,1,10,Zacarias 3:1-10,As Vestes Sujas e as Limpas,profetico,12,60,planejado
EP-2691,T4 — PROFETAS,Zacarias,4,1,12,Zacarias 4:1-12,"Ora o anjo que falava comigo voltou, e me (1/2)",profetico,12,60,planejado
EP-2692,T4 — PROFETAS,Zacarias,4,13,14,Zacarias 4:13-14,"Ora o anjo que falava comigo voltou, e me (2/2)",profetico,12,60,planejado
EP-2693,T4 — PROFETAS,Zacarias,5,1,11,Zacarias 5:1-11,"Tornei a levantar os meus olhos, e olhei, e",profetico,12,60,planejado
EP-2694,T4 — PROFETAS,Zacarias,6,1,12,Zacarias 6:1-12,"De novo levantei os meus olhos, e olhei, e (1/2)",profetico,12,60,planejado
EP-2695,T4 — PROFETAS,Zacarias,6,13,15,Zacarias 6:13-15,"De novo levantei os meus olhos, e olhei, e (2/2)",profetico,12,60,planejado
EP-2696,T4 — PROFETAS,Zacarias,7,1,12,Zacarias 7:1-12,"Aconteceu no ano quarto do rei Dario, que a (1/2)",profetico,12,60,planejado
EP-2697,T4 — PROFETAS,Zacarias,7,13,14,Zacarias 7:13-14,"Aconteceu no ano quarto do rei Dario, que a (2/2)",profetico,12,60,planejado
EP-2698,T4 — PROFETAS,Zacarias,8,1,12,Zacarias 8:1-12,Depois veio a mim a palavra do Senhor dos (1/2),profetico,12,60,planejado
EP-2699,T4 — PROFETAS,Zacarias,8,13,23,Zacarias 8:13-23,Depois veio a mim a palavra do Senhor dos (2/2),profetico,12,60,planejado
EP-2700,T4 — PROFETAS,Zacarias,9,1,12,Zacarias 9:1-12,"Eis o Teu Rei, Manso (1/2)",profetico,12,60,planejado
EP-2701,T4 — PROFETAS,Zacarias,9,13,17,Zacarias 9:13-17,"Eis o Teu Rei, Manso (2/2)",profetico,12,60,planejado
EP-2702,T4 — PROFETAS,Zacarias,10,1,12,Zacarias 10:1-12,Pedi ao Senhor chuva no tempo da chuva serôdia,profetico,12,60,planejado
EP-2703,T4 — PROFETAS,Zacarias,11,1,12,Zacarias 11:1-12,"Abre, ó Líbano, as tuas portas para que o (1/2)",profetico,12,60,planejado
EP-2704,T4 — PROFETAS,Zacarias,11,13,17,Zacarias 11:13-17,"Abre, ó Líbano, as tuas portas para que o (2/2)",profetico,12,60,planejado
EP-2705,T4 — PROFETAS,Zacarias,12,1,12,Zacarias 12:1-12,Eles Olharão Para Aquele que Traspassaram (1/2),profetico,12,60,planejado
EP-2706,T4 — PROFETAS,Zacarias,12,13,14,Zacarias 12:13-14,Eles Olharão Para Aquele que Traspassaram (2/2),profetico,12,60,planejado
EP-2707,T4 — PROFETAS,Zacarias,13,1,9,Zacarias 13:1-9,Naquele dia haverá uma fonte aberta para a casa,profetico,12,60,planejado
EP-2708,T4 — PROFETAS,Zacarias,14,1,12,Zacarias 14:1-12,O SENHOR Será Rei (1/2),profetico,12,60,planejado
EP-2709,T4 — PROFETAS,Zacarias,14,13,21,Zacarias 14:13-21,O SENHOR Será Rei (2/2),profetico,12,60,planejado
EP-2710,T4 — PROFETAS,Malaquias,1,1,12,Malaquias 1:1-12,"A palavra do Senhor a Israel, por intermédio de (1/2)",profetico,12,60,planejado
EP-2711,T4 — PROFETAS,Malaquias,1,13,14,Malaquias 1:13-14,"A palavra do Senhor a Israel, por intermédio de (2/2)",profetico,12,60,planejado
EP-2712,T4 — PROFETAS,Malaquias,2,1,12,Malaquias 2:1-12,"Agora, ó sacerdotes, este mandamento e para vós (1/2)",profetico,12,60,planejado
EP-2713,T4 — PROFETAS,Malaquias,2,13,17,Malaquias 2:13-17,"Agora, ó sacerdotes, este mandamento e para vós (2/2)",profetico,12,60,planejado
EP-2714,T4 — PROFETAS,Malaquias,3,1,12,Malaquias 3:1-12,O Mensageiro e o Sol da Justiça (1/2),profetico,12,60,planejado
EP-2715,T4 — PROFETAS,Malaquias,3,13,24,Malaquias 3:13-24,O Mensageiro e o Sol da Justiça (2/2),profetico,12,60,planejado
EP-2716,T4 — PROFETAS,Malaquias,4,1,6,Malaquias 4:1-6,Elias Antes do Grande Dia,profetico,12,60,planejado
EP-2717,T5 — EVANGELHOS E ATOS,Mateus,1,1,25,Mateus 1:1-25,A Genealogia e o Anjo a José,lista,12,60,planejado
EP-2718,T5 — EVANGELHOS E ATOS,Mateus,2,1,12,Mateus 2:1-12,Os Magos e a Fuga para o Egito (1/2),narrativo,12,60,planejado
EP-2719,T5 — EVANGELHOS E ATOS,Mateus,2,13,23,Mateus 2:13-23,Os Magos e a Fuga para o Egito (2/2),narrativo,12,60,planejado
EP-2720,T5 — EVANGELHOS E ATOS,Mateus,3,1,12,Mateus 3:1-12,O Batismo no Jordão (1/2),narrativo,12,60,planejado
EP-2721,T5 — EVANGELHOS E ATOS,Mateus,3,13,17,Mateus 3:13-17,O Batismo no Jordão (2/2),narrativo,12,60,planejado
EP-2722,T5 — EVANGELHOS E ATOS,Mateus,4,1,12,Mateus 4:1-12,A Tentação e o Início do Ministério (1/3),narrativo,12,60,planejado
EP-2723,T5 — EVANGELHOS E ATOS,Mateus,4,13,24,Mateus 4:13-24,A Tentação e o Início do Ministério (2/3),narrativo,12,60,planejado
EP-2724,T5 — EVANGELHOS E ATOS,Mateus,4,25,25,Mateus 4:25,A Tentação e o Início do Ministério (3/3),narrativo,12,60,planejado
EP-2725,T5 — EVANGELHOS E ATOS,Mateus,5,1,12,Mateus 5:1-12,O Sermão do Monte: as Bem-aventuranças (1/4),narrativo,12,60,planejado
EP-2726,T5 — EVANGELHOS E ATOS,Mateus,5,13,24,Mateus 5:13-24,O Sermão do Monte: as Bem-aventuranças (2/4),narrativo,12,60,planejado
EP-2727,T5 — EVANGELHOS E ATOS,Mateus,5,25,36,Mateus 5:25-36,O Sermão do Monte: as Bem-aventuranças (3/4),narrativo,12,60,planejado
EP-2728,T5 — EVANGELHOS E ATOS,Mateus,5,37,48,Mateus 5:37-48,O Sermão do Monte: as Bem-aventuranças (4/4),narrativo,12,60,planejado
EP-2729,T5 — EVANGELHOS E ATOS,Mateus,6,1,12,Mateus 6:1-12,O Pai Nosso e o Dinheiro (1/3),narrativo,12,60,planejado
EP-2730,T5 — EVANGELHOS E ATOS,Mateus,6,13,24,Mateus 6:13-24,O Pai Nosso e o Dinheiro (2/3),narrativo,12,60,planejado
EP-2731,T5 — EVANGELHOS E ATOS,Mateus,6,25,34,Mateus 6:25-34,O Pai Nosso e o Dinheiro (3/3),narrativo,12,60,planejado
EP-2732,T5 — EVANGELHOS E ATOS,Mateus,7,1,12,Mateus 7:1-12,Não Julgueis; a Casa na Rocha (1/3),narrativo,12,60,planejado
EP-2733,T5 — EVANGELHOS E ATOS,Mateus,7,13,24,Mateus 7:13-24,Não Julgueis; a Casa na Rocha (2/3),narrativo,12,60,planejado
EP-2734,T5 — EVANGELHOS E ATOS,Mateus,7,25,29,Mateus 7:25-29,Não Julgueis; a Casa na Rocha (3/3),narrativo,12,60,planejado
EP-2735,T5 — EVANGELHOS E ATOS,Mateus,8,1,12,Mateus 8:1-12,Tempestade no Lago (1/3),narrativo,12,60,planejado
EP-2736,T5 — EVANGELHOS E ATOS,Mateus,8,13,24,Mateus 8:13-24,Tempestade no Lago (2/3),narrativo,12,60,planejado
EP-2737,T5 — EVANGELHOS E ATOS,Mateus,8,25,34,Mateus 8:25-34,Tempestade no Lago (3/3),narrativo,12,60,planejado
EP-2738,T5 — EVANGELHOS E ATOS,Mateus,9,1,12,Mateus 9:1-12,A Mulher com Hemorragia e o Cego (1/4),narrativo,12,60,planejado
EP-2739,T5 — EVANGELHOS E ATOS,Mateus,9,13,24,Mateus 9:13-24,A Mulher com Hemorragia e o Cego (2/4),narrativo,12,60,planejado
EP-2740,T5 — EVANGELHOS E ATOS,Mateus,9,25,36,Mateus 9:25-36,A Mulher com Hemorragia e o Cego (3/4),narrativo,12,60,planejado
EP-2741,T5 — EVANGELHOS E ATOS,Mateus,9,37,38,Mateus 9:37-38,A Mulher com Hemorragia e o Cego (4/4),narrativo,12,60,planejado
EP-2742,T5 — EVANGELHOS E ATOS,Mateus,10,1,12,Mateus 10:1-12,Os Doze Enviados (1/4),narrativo,12,60,planejado
EP-2743,T5 — EVANGELHOS E ATOS,Mateus,10,13,24,Mateus 10:13-24,Os Doze Enviados (2/4),narrativo,12,60,planejado
EP-2744,T5 — EVANGELHOS E ATOS,Mateus,10,25,36,Mateus 10:25-36,Os Doze Enviados (3/4),narrativo,12,60,planejado
EP-2745,T5 — EVANGELHOS E ATOS,Mateus,10,37,42,Mateus 10:37-42,Os Doze Enviados (4/4),narrativo,12,60,planejado
EP-2746,T5 — EVANGELHOS E ATOS,Mateus,11,1,12,Mateus 11:1-12,Vinde a Mim Todos (1/3),narrativo,12,60,planejado
EP-2747,T5 — EVANGELHOS E ATOS,Mateus,11,13,24,Mateus 11:13-24,Vinde a Mim Todos (2/3),narrativo,12,60,planejado
EP-2748,T5 — EVANGELHOS E ATOS,Mateus,11,25,30,Mateus 11:25-30,Vinde a Mim Todos (3/3),narrativo,12,60,planejado
EP-2749,T5 — EVANGELHOS E ATOS,Mateus,12,1,12,Mateus 12:1-12,O Senhor do Sábado (1/5),narrativo,12,60,planejado
EP-2750,T5 — EVANGELHOS E ATOS,Mateus,12,13,24,Mateus 12:13-24,O Senhor do Sábado (2/5),narrativo,12,60,planejado
EP-2751,T5 — EVANGELHOS E ATOS,Mateus,12,25,36,Mateus 12:25-36,O Senhor do Sábado (3/5),narrativo,12,60,planejado
EP-2752,T5 — EVANGELHOS E ATOS,Mateus,12,37,48,Mateus 12:37-48,O Senhor do Sábado (4/5),narrativo,12,60,planejado
EP-2753,T5 — EVANGELHOS E ATOS,Mateus,12,49,50,Mateus 12:49-50,O Senhor do Sábado (5/5),narrativo,12,60,planejado
EP-2754,T5 — EVANGELHOS E ATOS,Mateus,13,1,12,Mateus 13:1-12,As Parábolas do Reino (1/5),narrativo,12,60,planejado
EP-2755,T5 — EVANGELHOS E ATOS,Mateus,13,13,24,Mateus 13:13-24,As Parábolas do Reino (2/5),narrativo,12,60,planejado
EP-2756,T5 — EVANGELHOS E ATOS,Mateus,13,25,36,Mateus 13:25-36,As Parábolas do Reino (3/5),narrativo,12,60,planejado
EP-2757,T5 — EVANGELHOS E ATOS,Mateus,13,37,48,Mateus 13:37-48,As Parábolas do Reino (4/5),narrativo,12,60,planejado
EP-2758,T5 — EVANGELHOS E ATOS,Mateus,13,49,58,Mateus 13:49-58,As Parábolas do Reino (5/5),narrativo,12,60,planejado
EP-2759,T5 — EVANGELHOS E ATOS,Mateus,14,1,12,Mateus 14:1-12,A Multiplicação dos Pães e o Mar (1/3),narrativo,12,60,planejado
EP-2760,T5 — EVANGELHOS E ATOS,Mateus,14,13,24,Mateus 14:13-24,A Multiplicação dos Pães e o Mar (2/3),narrativo,12,60,planejado
EP-2761,T5 — EVANGELHOS E ATOS,Mateus,14,25,36,Mateus 14:25-36,A Multiplicação dos Pães e o Mar (3/3),narrativo,12,60,planejado
EP-2762,T5 — EVANGELHOS E ATOS,Mateus,15,1,12,Mateus 15:1-12,A Mulher Cananeia (1/4),narrativo,12,60,planejado
EP-2763,T5 — EVANGELHOS E ATOS,Mateus,15,13,24,Mateus 15:13-24,A Mulher Cananeia (2/4),narrativo,12,60,planejado
EP-2764,T5 — EVANGELHOS E ATOS,Mateus,15,25,36,Mateus 15:25-36,A Mulher Cananeia (3/4),narrativo,12,60,planejado
EP-2765,T5 — EVANGELHOS E ATOS,Mateus,15,37,39,Mateus 15:37-39,A Mulher Cananeia (4/4),narrativo,12,60,planejado
EP-2766,T5 — EVANGELHOS E ATOS,Mateus,16,1,12,Mateus 16:1-12,Pedro Confessa: Tu És o Cristo (1/3),narrativo,12,60,planejado
EP-2767,T5 — EVANGELHOS E ATOS,Mateus,16,13,24,Mateus 16:13-24,Pedro Confessa: Tu És o Cristo (2/3),narrativo,12,60,planejado
EP-2768,T5 — EVANGELHOS E ATOS,Mateus,16,25,28,Mateus 16:25-28,Pedro Confessa: Tu És o Cristo (3/3),narrativo,12,60,planejado
EP-2769,T5 — EVANGELHOS E ATOS,Mateus,17,1,12,Mateus 17:1-12,A Transfiguração (1/3),narrativo,12,60,planejado
EP-2770,T5 — EVANGELHOS E ATOS,Mateus,17,13,24,Mateus 17:13-24,A Transfiguração (2/3),narrativo,12,60,planejado
EP-2771,T5 — EVANGELHOS E ATOS,Mateus,17,25,27,Mateus 17:25-27,A Transfiguração (3/3),narrativo,12,60,planejado
EP-2772,T5 — EVANGELHOS E ATOS,Mateus,18,1,12,Mateus 18:1-12,Sessenta e Dez Vezes Sete (1/3),narrativo,12,60,planejado
EP-2773,T5 — EVANGELHOS E ATOS,Mateus,18,13,24,Mateus 18:13-24,Sessenta e Dez Vezes Sete (2/3),narrativo,12,60,planejado
EP-2774,T5 — EVANGELHOS E ATOS,Mateus,18,25,35,Mateus 18:25-35,Sessenta e Dez Vezes Sete (3/3),narrativo,12,60,planejado
EP-2775,T5 — EVANGELHOS E ATOS,Mateus,19,1,12,Mateus 19:1-12,O Jovem Rico (1/3),narrativo,12,60,planejado
EP-2776,T5 — EVANGELHOS E ATOS,Mateus,19,13,24,Mateus 19:13-24,O Jovem Rico (2/3),narrativo,12,60,planejado
EP-2777,T5 — EVANGELHOS E ATOS,Mateus,19,25,30,Mateus 19:25-30,O Jovem Rico (3/3),narrativo,12,60,planejado
EP-2778,T5 — EVANGELHOS E ATOS,Mateus,20,1,12,Mateus 20:1-12,Os Trabalhadores da Última Hora (1/3),narrativo,12,60,planejado
EP-2779,T5 — EVANGELHOS E ATOS,Mateus,20,13,24,Mateus 20:13-24,Os Trabalhadores da Última Hora (2/3),narrativo,12,60,planejado
EP-2780,T5 — EVANGELHOS E ATOS,Mateus,20,25,34,Mateus 20:25-34,Os Trabalhadores da Última Hora (3/3),narrativo,12,60,planejado
EP-2781,T5 — EVANGELHOS E ATOS,Mateus,21,1,12,Mateus 21:1-12,A Entrada Triunfal (1/4),narrativo,12,60,planejado
EP-2782,T5 — EVANGELHOS E ATOS,Mateus,21,13,24,Mateus 21:13-24,A Entrada Triunfal (2/4),narrativo,12,60,planejado
EP-2783,T5 — EVANGELHOS E ATOS,Mateus,21,25,36,Mateus 21:25-36,A Entrada Triunfal (3/4),narrativo,12,60,planejado
EP-2784,T5 — EVANGELHOS E ATOS,Mateus,21,37,46,Mateus 21:37-46,A Entrada Triunfal (4/4),narrativo,12,60,planejado
EP-2785,T5 — EVANGELHOS E ATOS,Mateus,22,1,12,Mateus 22:1-12,O Banquete e o Tributo (1/4),narrativo,12,60,planejado
EP-2786,T5 — EVANGELHOS E ATOS,Mateus,22,13,24,Mateus 22:13-24,O Banquete e o Tributo (2/4),narrativo,12,60,planejado
EP-2787,T5 — EVANGELHOS E ATOS,Mateus,22,25,36,Mateus 22:25-36,O Banquete e o Tributo (3/4),narrativo,12,60,planejado
EP-2788,T5 — EVANGELHOS E ATOS,Mateus,22,37,46,Mateus 22:37-46,O Banquete e o Tributo (4/4),narrativo,12,60,planejado
EP-2789,T5 — EVANGELHOS E ATOS,Mateus,23,1,12,Mateus 23:1-12,"Ai de Vós, Escribas (1/4)",narrativo,12,60,planejado
EP-2790,T5 — EVANGELHOS E ATOS,Mateus,23,13,24,Mateus 23:13-24,"Ai de Vós, Escribas (2/4)",narrativo,12,60,planejado
EP-2791,T5 — EVANGELHOS E ATOS,Mateus,23,25,36,Mateus 23:25-36,"Ai de Vós, Escribas (3/4)",narrativo,12,60,planejado
EP-2792,T5 — EVANGELHOS E ATOS,Mateus,23,37,39,Mateus 23:37-39,"Ai de Vós, Escribas (4/4)",narrativo,12,60,planejado
EP-2793,T5 — EVANGELHOS E ATOS,Mateus,24,1,12,Mateus 24:1-12,O Sermão Profético (1/5),narrativo,12,60,planejado
EP-2794,T5 — EVANGELHOS E ATOS,Mateus,24,13,24,Mateus 24:13-24,O Sermão Profético (2/5),narrativo,12,60,planejado
EP-2795,T5 — EVANGELHOS E ATOS,Mateus,24,25,36,Mateus 24:25-36,O Sermão Profético (3/5),narrativo,12,60,planejado
EP-2796,T5 — EVANGELHOS E ATOS,Mateus,24,37,48,Mateus 24:37-48,O Sermão Profético (4/5),narrativo,12,60,planejado
EP-2797,T5 — EVANGELHOS E ATOS,Mateus,24,49,51,Mateus 24:49-51,O Sermão Profético (5/5),narrativo,12,60,planejado
EP-2798,T5 — EVANGELHOS E ATOS,Mateus,25,1,12,Mateus 25:1-12,As Dez Virgens e os Talentos (1/4),narrativo,12,60,planejado
EP-2799,T5 — EVANGELHOS E ATOS,Mateus,25,13,24,Mateus 25:13-24,As Dez Virgens e os Talentos (2/4),narrativo,12,60,planejado
EP-2800,T5 — EVANGELHOS E ATOS,Mateus,25,25,36,Mateus 25:25-36,As Dez Virgens e os Talentos (3/4),narrativo,12,60,planejado
EP-2801,T5 — EVANGELHOS E ATOS,Mateus,25,37,46,Mateus 25:37-46,As Dez Virgens e os Talentos (4/4),narrativo,12,60,planejado
EP-2802,T5 — EVANGELHOS E ATOS,Mateus,26,1,12,Mateus 26:1-12,Getsêmani e a Prisão (1/7),narrativo,12,60,planejado
EP-2803,T5 — EVANGELHOS E ATOS,Mateus,26,13,24,Mateus 26:13-24,Getsêmani e a Prisão (2/7),narrativo,12,60,planejado
EP-2804,T5 — EVANGELHOS E ATOS,Mateus,26,25,36,Mateus 26:25-36,Getsêmani e a Prisão (3/7),narrativo,12,60,planejado
EP-2805,T5 — EVANGELHOS E ATOS,Mateus,26,37,48,Mateus 26:37-48,Getsêmani e a Prisão (4/7),narrativo,12,60,planejado
EP-2806,T5 — EVANGELHOS E ATOS,Mateus,26,49,60,Mateus 26:49-60,Getsêmani e a Prisão (5/7),narrativo,12,60,planejado
EP-2807,T5 — EVANGELHOS E ATOS,Mateus,26,61,72,Mateus 26:61-72,Getsêmani e a Prisão (6/7),narrativo,12,60,planejado
EP-2808,T5 — EVANGELHOS E ATOS,Mateus,26,73,75,Mateus 26:73-75,Getsêmani e a Prisão (7/7),narrativo,12,60,planejado
EP-2809,T5 — EVANGELHOS E ATOS,Mateus,27,1,12,Mateus 27:1-12,A Cruz: Crucifica-O (1/6),narrativo,12,60,planejado
EP-2810,T5 — EVANGELHOS E ATOS,Mateus,27,13,24,Mateus 27:13-24,A Cruz: Crucifica-O (2/6),narrativo,12,60,planejado
EP-2811,T5 — EVANGELHOS E ATOS,Mateus,27,25,36,Mateus 27:25-36,A Cruz: Crucifica-O (3/6),narrativo,12,60,planejado
EP-2812,T5 — EVANGELHOS E ATOS,Mateus,27,37,48,Mateus 27:37-48,A Cruz: Crucifica-O (4/6),narrativo,12,60,planejado
EP-2813,T5 — EVANGELHOS E ATOS,Mateus,27,49,60,Mateus 27:49-60,A Cruz: Crucifica-O (5/6),narrativo,12,60,planejado
EP-2814,T5 — EVANGELHOS E ATOS,Mateus,27,61,66,Mateus 27:61-66,A Cruz: Crucifica-O (6/6),narrativo,12,60,planejado
EP-2815,T5 — EVANGELHOS E ATOS,Mateus,28,1,12,Mateus 28:1-12,A Ressurreição e a Grande Comissão (1/2),narrativo,12,60,planejado
EP-2816,T5 — EVANGELHOS E ATOS,Mateus,28,13,20,Mateus 28:13-20,A Ressurreição e a Grande Comissão (2/2),narrativo,12,60,planejado
EP-2817,T5 — EVANGELHOS E ATOS,Marcos,1,1,12,Marcos 1:1-12,O Início do Evangelho (1/4),narrativo,12,60,planejado
EP-2818,T5 — EVANGELHOS E ATOS,Marcos,1,13,24,Marcos 1:13-24,O Início do Evangelho (2/4),narrativo,12,60,planejado
EP-2819,T5 — EVANGELHOS E ATOS,Marcos,1,25,36,Marcos 1:25-36,O Início do Evangelho (3/4),narrativo,12,60,planejado
EP-2820,T5 — EVANGELHOS E ATOS,Marcos,1,37,45,Marcos 1:37-45,O Início do Evangelho (4/4),narrativo,12,60,planejado
EP-2821,T5 — EVANGELHOS E ATOS,Marcos,2,1,12,Marcos 2:1-12,O Paralítico Descido pelo Telhado (1/3),narrativo,12,60,planejado
EP-2822,T5 — EVANGELHOS E ATOS,Marcos,2,13,24,Marcos 2:13-24,O Paralítico Descido pelo Telhado (2/3),narrativo,12,60,planejado
EP-2823,T5 — EVANGELHOS E ATOS,Marcos,2,25,28,Marcos 2:25-28,O Paralítico Descido pelo Telhado (3/3),narrativo,12,60,planejado
EP-2824,T5 — EVANGELHOS E ATOS,Marcos,3,1,12,Marcos 3:1-12,"Outra vez entrou numa sinagoga, e estava ali um (1/3)",narrativo,12,60,planejado
EP-2825,T5 — EVANGELHOS E ATOS,Marcos,3,13,24,Marcos 3:13-24,"Outra vez entrou numa sinagoga, e estava ali um (2/3)",narrativo,12,60,planejado
EP-2826,T5 — EVANGELHOS E ATOS,Marcos,3,25,35,Marcos 3:25-35,"Outra vez entrou numa sinagoga, e estava ali um (3/3)",narrativo,12,60,planejado
EP-2827,T5 — EVANGELHOS E ATOS,Marcos,4,1,12,Marcos 4:1-12,A Parábola do Semeador (1/4),narrativo,12,60,planejado
EP-2828,T5 — EVANGELHOS E ATOS,Marcos,4,13,24,Marcos 4:13-24,A Parábola do Semeador (2/4),narrativo,12,60,planejado
EP-2829,T5 — EVANGELHOS E ATOS,Marcos,4,25,36,Marcos 4:25-36,A Parábola do Semeador (3/4),narrativo,12,60,planejado
EP-2830,T5 — EVANGELHOS E ATOS,Marcos,4,37,41,Marcos 4:37-41,A Parábola do Semeador (4/4),narrativo,12,60,planejado
EP-2831,T5 — EVANGELHOS E ATOS,Marcos,5,1,12,Marcos 5:1-12,O Gadareno e a Mulher que Tocou (1/4),narrativo,12,60,planejado
EP-2832,T5 — EVANGELHOS E ATOS,Marcos,5,13,24,Marcos 5:13-24,O Gadareno e a Mulher que Tocou (2/4),narrativo,12,60,planejado
EP-2833,T5 — EVANGELHOS E ATOS,Marcos,5,25,36,Marcos 5:25-36,O Gadareno e a Mulher que Tocou (3/4),narrativo,12,60,planejado
EP-2834,T5 — EVANGELHOS E ATOS,Marcos,5,37,43,Marcos 5:37-43,O Gadareno e a Mulher que Tocou (4/4),narrativo,12,60,planejado
EP-2835,T5 — EVANGELHOS E ATOS,Marcos,6,1,12,Marcos 6:1-12,João Batista Decapitado (1/5),narrativo,12,60,planejado
EP-2836,T5 — EVANGELHOS E ATOS,Marcos,6,13,24,Marcos 6:13-24,João Batista Decapitado (2/5),narrativo,12,60,planejado
EP-2837,T5 — EVANGELHOS E ATOS,Marcos,6,25,36,Marcos 6:25-36,João Batista Decapitado (3/5),narrativo,12,60,planejado
EP-2838,T5 — EVANGELHOS E ATOS,Marcos,6,37,48,Marcos 6:37-48,João Batista Decapitado (4/5),narrativo,12,60,planejado
EP-2839,T5 — EVANGELHOS E ATOS,Marcos,6,49,56,Marcos 6:49-56,João Batista Decapitado (5/5),narrativo,12,60,planejado
EP-2840,T5 — EVANGELHOS E ATOS,Marcos,7,1,12,Marcos 7:1-12,"Foram ter com Jesus os fariseus, e alguns dos (1/4)",narrativo,12,60,planejado
EP-2841,T5 — EVANGELHOS E ATOS,Marcos,7,13,24,Marcos 7:13-24,"Foram ter com Jesus os fariseus, e alguns dos (2/4)",narrativo,12,60,planejado
EP-2842,T5 — EVANGELHOS E ATOS,Marcos,7,25,36,Marcos 7:25-36,"Foram ter com Jesus os fariseus, e alguns dos (3/4)",narrativo,12,60,planejado
EP-2843,T5 — EVANGELHOS E ATOS,Marcos,7,37,37,Marcos 7:37,"Foram ter com Jesus os fariseus, e alguns dos (4/4)",narrativo,12,60,planejado
EP-2844,T5 — EVANGELHOS E ATOS,Marcos,8,1,12,Marcos 8:1-12,Quem Dizem os Homens que Eu Sou (1/4),narrativo,12,60,planejado
EP-2845,T5 — EVANGELHOS E ATOS,Marcos,8,13,24,Marcos 8:13-24,Quem Dizem os Homens que Eu Sou (2/4),narrativo,12,60,planejado
EP-2846,T5 — EVANGELHOS E ATOS,Marcos,8,25,36,Marcos 8:25-36,Quem Dizem os Homens que Eu Sou (3/4),narrativo,12,60,planejado
EP-2847,T5 — EVANGELHOS E ATOS,Marcos,8,37,38,Marcos 8:37-38,Quem Dizem os Homens que Eu Sou (4/4),narrativo,12,60,planejado
EP-2848,T5 — EVANGELHOS E ATOS,Marcos,9,1,12,Marcos 9:1-12,A Transfiguração e o Pai Descrente (1/5),narrativo,12,60,planejado
EP-2849,T5 — EVANGELHOS E ATOS,Marcos,9,13,24,Marcos 9:13-24,A Transfiguração e o Pai Descrente (2/5),narrativo,12,60,planejado
EP-2850,T5 — EVANGELHOS E ATOS,Marcos,9,25,36,Marcos 9:25-36,A Transfiguração e o Pai Descrente (3/5),narrativo,12,60,planejado
EP-2851,T5 — EVANGELHOS E ATOS,Marcos,9,37,48,Marcos 9:37-48,A Transfiguração e o Pai Descrente (4/5),narrativo,12,60,planejado
EP-2852,T5 — EVANGELHOS E ATOS,Marcos,9,49,50,Marcos 9:49-50,A Transfiguração e o Pai Descrente (5/5),narrativo,12,60,planejado
EP-2853,T5 — EVANGELHOS E ATOS,Marcos,10,1,12,Marcos 10:1-12,Bartimeu (1/5),narrativo,12,60,planejado
EP-2854,T5 — EVANGELHOS E ATOS,Marcos,10,13,24,Marcos 10:13-24,Bartimeu (2/5),narrativo,12,60,planejado
EP-2855,T5 — EVANGELHOS E ATOS,Marcos,10,25,36,Marcos 10:25-36,Bartimeu (3/5),narrativo,12,60,planejado
EP-2856,T5 — EVANGELHOS E ATOS,Marcos,10,37,48,Marcos 10:37-48,Bartimeu (4/5),narrativo,12,60,planejado
EP-2857,T5 — EVANGELHOS E ATOS,Marcos,10,49,52,Marcos 10:49-52,Bartimeu (5/5),narrativo,12,60,planejado
EP-2858,T5 — EVANGELHOS E ATOS,Marcos,11,1,12,Marcos 11:1-12,A Figueira e a Entrada em Jerusalém (1/3),narrativo,12,60,planejado
EP-2859,T5 — EVANGELHOS E ATOS,Marcos,11,13,24,Marcos 11:13-24,A Figueira e a Entrada em Jerusalém (2/3),narrativo,12,60,planejado
EP-2860,T5 — EVANGELHOS E ATOS,Marcos,11,25,33,Marcos 11:25-33,A Figueira e a Entrada em Jerusalém (3/3),narrativo,12,60,planejado
EP-2861,T5 — EVANGELHOS E ATOS,Marcos,12,1,12,Marcos 12:1-12,Então começou Jesus a falar-lhes por parábolas. Um homem (1/4),narrativo,12,60,planejado
EP-2862,T5 — EVANGELHOS E ATOS,Marcos,12,13,24,Marcos 12:13-24,Então começou Jesus a falar-lhes por parábolas. Um homem (2/4),narrativo,12,60,planejado
EP-2863,T5 — EVANGELHOS E ATOS,Marcos,12,25,36,Marcos 12:25-36,Então começou Jesus a falar-lhes por parábolas. Um homem (3/4),narrativo,12,60,planejado
EP-2864,T5 — EVANGELHOS E ATOS,Marcos,12,37,44,Marcos 12:37-44,Então começou Jesus a falar-lhes por parábolas. Um homem (4/4),narrativo,12,60,planejado
EP-2865,T5 — EVANGELHOS E ATOS,Marcos,13,1,12,Marcos 13:1-12,"Quando saía do templo, disse-lhe um dos seus discípulos (1/4)",narrativo,12,60,planejado
EP-2866,T5 — EVANGELHOS E ATOS,Marcos,13,13,24,Marcos 13:13-24,"Quando saía do templo, disse-lhe um dos seus discípulos (2/4)",narrativo,12,60,planejado
EP-2867,T5 — EVANGELHOS E ATOS,Marcos,13,25,36,Marcos 13:25-36,"Quando saía do templo, disse-lhe um dos seus discípulos (3/4)",narrativo,12,60,planejado
EP-2868,T5 — EVANGELHOS E ATOS,Marcos,13,37,37,Marcos 13:37,"Quando saía do templo, disse-lhe um dos seus discípulos (4/4)",narrativo,12,60,planejado
EP-2869,T5 — EVANGELHOS E ATOS,Marcos,14,1,12,Marcos 14:1-12,"Ora, dali a dois dias era a páscoa e (1/6)",narrativo,12,60,planejado
EP-2870,T5 — EVANGELHOS E ATOS,Marcos,14,13,24,Marcos 14:13-24,"Ora, dali a dois dias era a páscoa e (2/6)",narrativo,12,60,planejado
EP-2871,T5 — EVANGELHOS E ATOS,Marcos,14,25,36,Marcos 14:25-36,"Ora, dali a dois dias era a páscoa e (3/6)",narrativo,12,60,planejado
EP-2872,T5 — EVANGELHOS E ATOS,Marcos,14,37,48,Marcos 14:37-48,"Ora, dali a dois dias era a páscoa e (4/6)",narrativo,12,60,planejado
EP-2873,T5 — EVANGELHOS E ATOS,Marcos,14,49,60,Marcos 14:49-60,"Ora, dali a dois dias era a páscoa e (5/6)",narrativo,12,60,planejado
EP-2874,T5 — EVANGELHOS E ATOS,Marcos,14,61,72,Marcos 14:61-72,"Ora, dali a dois dias era a páscoa e (6/6)",narrativo,12,60,planejado
EP-2875,T5 — EVANGELHOS E ATOS,Marcos,15,1,12,Marcos 15:1-12,A Crucificação (1/4),narrativo,12,60,planejado
EP-2876,T5 — EVANGELHOS E ATOS,Marcos,15,13,24,Marcos 15:13-24,A Crucificação (2/4),narrativo,12,60,planejado
EP-2877,T5 — EVANGELHOS E ATOS,Marcos,15,25,36,Marcos 15:25-36,A Crucificação (3/4),narrativo,12,60,planejado
EP-2878,T5 — EVANGELHOS E ATOS,Marcos,15,37,47,Marcos 15:37-47,A Crucificação (4/4),narrativo,12,60,planejado
EP-2879,T5 — EVANGELHOS E ATOS,Marcos,16,1,12,Marcos 16:1-12,A Ressurreição (1/2),narrativo,12,60,planejado
EP-2880,T5 — EVANGELHOS E ATOS,Marcos,16,13,20,Marcos 16:13-20,A Ressurreição (2/2),narrativo,12,60,planejado
EP-2881,T5 — EVANGELHOS E ATOS,Lucas,1,1,12,Lucas 1:1-12,O Anúncio a Maria e o Magnificat (1/7),narrativo,12,60,planejado
EP-2882,T5 — EVANGELHOS E ATOS,Lucas,1,13,24,Lucas 1:13-24,O Anúncio a Maria e o Magnificat (2/7),narrativo,12,60,planejado
EP-2883,T5 — EVANGELHOS E ATOS,Lucas,1,25,36,Lucas 1:25-36,O Anúncio a Maria e o Magnificat (3/7),narrativo,12,60,planejado
EP-2884,T5 — EVANGELHOS E ATOS,Lucas,1,37,48,Lucas 1:37-48,O Anúncio a Maria e o Magnificat (4/7),narrativo,12,60,planejado
EP-2885,T5 — EVANGELHOS E ATOS,Lucas,1,49,60,Lucas 1:49-60,O Anúncio a Maria e o Magnificat (5/7),narrativo,12,60,planejado
EP-2886,T5 — EVANGELHOS E ATOS,Lucas,1,61,72,Lucas 1:61-72,O Anúncio a Maria e o Magnificat (6/7),narrativo,12,60,planejado
EP-2887,T5 — EVANGELHOS E ATOS,Lucas,1,73,80,Lucas 1:73-80,O Anúncio a Maria e o Magnificat (7/7),narrativo,12,60,planejado
EP-2888,T5 — EVANGELHOS E ATOS,Lucas,2,1,12,Lucas 2:1-12,O Nascimento em Belém e os Pastores (1/5),narrativo,12,60,planejado
EP-2889,T5 — EVANGELHOS E ATOS,Lucas,2,13,24,Lucas 2:13-24,O Nascimento em Belém e os Pastores (2/5),narrativo,12,60,planejado
EP-2890,T5 — EVANGELHOS E ATOS,Lucas,2,25,36,Lucas 2:25-36,O Nascimento em Belém e os Pastores (3/5),narrativo,12,60,planejado
EP-2891,T5 — EVANGELHOS E ATOS,Lucas,2,37,48,Lucas 2:37-48,O Nascimento em Belém e os Pastores (4/5),narrativo,12,60,planejado
EP-2892,T5 — EVANGELHOS E ATOS,Lucas,2,49,52,Lucas 2:49-52,O Nascimento em Belém e os Pastores (5/5),narrativo,12,60,planejado
EP-2893,T5 — EVANGELHOS E ATOS,Lucas,3,1,38,Lucas 3:1-38,O Batismo e a Genealogia,lista,12,60,planejado
EP-2894,T5 — EVANGELHOS E ATOS,Lucas,4,1,12,Lucas 4:1-12,Jesus na Sinagoga de Nazaré (1/4),narrativo,12,60,planejado
EP-2895,T5 — EVANGELHOS E ATOS,Lucas,4,13,24,Lucas 4:13-24,Jesus na Sinagoga de Nazaré (2/4),narrativo,12,60,planejado
EP-2896,T5 — EVANGELHOS E ATOS,Lucas,4,25,36,Lucas 4:25-36,Jesus na Sinagoga de Nazaré (3/4),narrativo,12,60,planejado
EP-2897,T5 — EVANGELHOS E ATOS,Lucas,4,37,44,Lucas 4:37-44,Jesus na Sinagoga de Nazaré (4/4),narrativo,12,60,planejado
EP-2898,T5 — EVANGELHOS E ATOS,Lucas,5,1,12,Lucas 5:1-12,"Certa vez, quando a multidão apertava Jesus para ouvir (1/4)",narrativo,12,60,planejado
EP-2899,T5 — EVANGELHOS E ATOS,Lucas,5,13,24,Lucas 5:13-24,"Certa vez, quando a multidão apertava Jesus para ouvir (2/4)",narrativo,12,60,planejado
EP-2900,T5 — EVANGELHOS E ATOS,Lucas,5,25,36,Lucas 5:25-36,"Certa vez, quando a multidão apertava Jesus para ouvir (3/4)",narrativo,12,60,planejado
EP-2901,T5 — EVANGELHOS E ATOS,Lucas,5,37,39,Lucas 5:37-39,"Certa vez, quando a multidão apertava Jesus para ouvir (4/4)",narrativo,12,60,planejado
EP-2902,T5 — EVANGELHOS E ATOS,Lucas,6,1,12,Lucas 6:1-12,"E sucedeu que, num dia de sábado, passava Jesus (1/5)",narrativo,12,60,planejado
EP-2903,T5 — EVANGELHOS E ATOS,Lucas,6,13,24,Lucas 6:13-24,"E sucedeu que, num dia de sábado, passava Jesus (2/5)",narrativo,12,60,planejado
EP-2904,T5 — EVANGELHOS E ATOS,Lucas,6,25,36,Lucas 6:25-36,"E sucedeu que, num dia de sábado, passava Jesus (3/5)",narrativo,12,60,planejado
EP-2905,T5 — EVANGELHOS E ATOS,Lucas,6,37,48,Lucas 6:37-48,"E sucedeu que, num dia de sábado, passava Jesus (4/5)",narrativo,12,60,planejado
EP-2906,T5 — EVANGELHOS E ATOS,Lucas,6,49,49,Lucas 6:49,"E sucedeu que, num dia de sábado, passava Jesus (5/5)",narrativo,12,60,planejado
EP-2907,T5 — EVANGELHOS E ATOS,Lucas,7,1,12,Lucas 7:1-12,Quando acabou de proferir todas estas palavras aos ouvidos (1/5),narrativo,12,60,planejado
EP-2908,T5 — EVANGELHOS E ATOS,Lucas,7,13,24,Lucas 7:13-24,Quando acabou de proferir todas estas palavras aos ouvidos (2/5),narrativo,12,60,planejado
EP-2909,T5 — EVANGELHOS E ATOS,Lucas,7,25,36,Lucas 7:25-36,Quando acabou de proferir todas estas palavras aos ouvidos (3/5),narrativo,12,60,planejado
EP-2910,T5 — EVANGELHOS E ATOS,Lucas,7,37,48,Lucas 7:37-48,Quando acabou de proferir todas estas palavras aos ouvidos (4/5),narrativo,12,60,planejado
EP-2911,T5 — EVANGELHOS E ATOS,Lucas,7,49,50,Lucas 7:49-50,Quando acabou de proferir todas estas palavras aos ouvidos (5/5),narrativo,12,60,planejado
EP-2912,T5 — EVANGELHOS E ATOS,Lucas,8,1,12,Lucas 8:1-12,"Logo depois disso, andava Jesus de cidade em cidade (1/5)",narrativo,12,60,planejado
EP-2913,T5 — EVANGELHOS E ATOS,Lucas,8,13,24,Lucas 8:13-24,"Logo depois disso, andava Jesus de cidade em cidade (2/5)",narrativo,12,60,planejado
EP-2914,T5 — EVANGELHOS E ATOS,Lucas,8,25,36,Lucas 8:25-36,"Logo depois disso, andava Jesus de cidade em cidade (3/5)",narrativo,12,60,planejado
EP-2915,T5 — EVANGELHOS E ATOS,Lucas,8,37,48,Lucas 8:37-48,"Logo depois disso, andava Jesus de cidade em cidade (4/5)",narrativo,12,60,planejado
EP-2916,T5 — EVANGELHOS E ATOS,Lucas,8,49,56,Lucas 8:49-56,"Logo depois disso, andava Jesus de cidade em cidade (5/5)",narrativo,12,60,planejado
EP-2917,T5 — EVANGELHOS E ATOS,Lucas,9,1,12,Lucas 9:1-12,"Reunindo os doze, deu-lhes poder e autoridade sobre todos (1/6)",narrativo,12,60,planejado
EP-2918,T5 — EVANGELHOS E ATOS,Lucas,9,13,24,Lucas 9:13-24,"Reunindo os doze, deu-lhes poder e autoridade sobre todos (2/6)",narrativo,12,60,planejado
EP-2919,T5 — EVANGELHOS E ATOS,Lucas,9,25,36,Lucas 9:25-36,"Reunindo os doze, deu-lhes poder e autoridade sobre todos (3/6)",narrativo,12,60,planejado
EP-2920,T5 — EVANGELHOS E ATOS,Lucas,9,37,48,Lucas 9:37-48,"Reunindo os doze, deu-lhes poder e autoridade sobre todos (4/6)",narrativo,12,60,planejado
EP-2921,T5 — EVANGELHOS E ATOS,Lucas,9,49,60,Lucas 9:49-60,"Reunindo os doze, deu-lhes poder e autoridade sobre todos (5/6)",narrativo,12,60,planejado
EP-2922,T5 — EVANGELHOS E ATOS,Lucas,9,61,62,Lucas 9:61-62,"Reunindo os doze, deu-lhes poder e autoridade sobre todos (6/6)",narrativo,12,60,planejado
EP-2923,T5 — EVANGELHOS E ATOS,Lucas,10,1,12,Lucas 10:1-12,O Bom Samaritano (1/4),narrativo,12,60,planejado
EP-2924,T5 — EVANGELHOS E ATOS,Lucas,10,13,24,Lucas 10:13-24,O Bom Samaritano (2/4),narrativo,12,60,planejado
EP-2925,T5 — EVANGELHOS E ATOS,Lucas,10,25,36,Lucas 10:25-36,O Bom Samaritano (3/4),narrativo,12,60,planejado
EP-2926,T5 — EVANGELHOS E ATOS,Lucas,10,37,42,Lucas 10:37-42,O Bom Samaritano (4/4),narrativo,12,60,planejado
EP-2927,T5 — EVANGELHOS E ATOS,Lucas,11,1,12,Lucas 11:1-12,"Estava Jesus em certo lugar orando e, quando acabou (1/5)",narrativo,12,60,planejado
EP-2928,T5 — EVANGELHOS E ATOS,Lucas,11,13,24,Lucas 11:13-24,"Estava Jesus em certo lugar orando e, quando acabou (2/5)",narrativo,12,60,planejado
EP-2929,T5 — EVANGELHOS E ATOS,Lucas,11,25,36,Lucas 11:25-36,"Estava Jesus em certo lugar orando e, quando acabou (3/5)",narrativo,12,60,planejado
EP-2930,T5 — EVANGELHOS E ATOS,Lucas,11,37,48,Lucas 11:37-48,"Estava Jesus em certo lugar orando e, quando acabou (4/5)",narrativo,12,60,planejado
EP-2931,T5 — EVANGELHOS E ATOS,Lucas,11,49,54,Lucas 11:49-54,"Estava Jesus em certo lugar orando e, quando acabou (5/5)",narrativo,12,60,planejado
EP-2932,T5 — EVANGELHOS E ATOS,Lucas,12,1,12,Lucas 12:1-12,"Ajuntando-se entretanto muitos milhares de pessoas, de… (1/5)",narrativo,12,60,planejado
EP-2933,T5 — EVANGELHOS E ATOS,Lucas,12,13,24,Lucas 12:13-24,"Ajuntando-se entretanto muitos milhares de pessoas, de… (2/5)",narrativo,12,60,planejado
EP-2934,T5 — EVANGELHOS E ATOS,Lucas,12,25,36,Lucas 12:25-36,"Ajuntando-se entretanto muitos milhares de pessoas, de… (3/5)",narrativo,12,60,planejado
EP-2935,T5 — EVANGELHOS E ATOS,Lucas,12,37,48,Lucas 12:37-48,"Ajuntando-se entretanto muitos milhares de pessoas, de… (4/5)",narrativo,12,60,planejado
EP-2936,T5 — EVANGELHOS E ATOS,Lucas,12,49,59,Lucas 12:49-59,"Ajuntando-se entretanto muitos milhares de pessoas, de… (5/5)",narrativo,12,60,planejado
EP-2937,T5 — EVANGELHOS E ATOS,Lucas,13,1,12,Lucas 13:1-12,"Ora, naquele mesmo tempo estavam presentes alguns que lhe (1/3)",narrativo,12,60,planejado
EP-2938,T5 — EVANGELHOS E ATOS,Lucas,13,13,24,Lucas 13:13-24,"Ora, naquele mesmo tempo estavam presentes alguns que lhe (2/3)",narrativo,12,60,planejado
EP-2939,T5 — EVANGELHOS E ATOS,Lucas,13,25,35,Lucas 13:25-35,"Ora, naquele mesmo tempo estavam presentes alguns que lhe (3/3)",narrativo,12,60,planejado
EP-2940,T5 — EVANGELHOS E ATOS,Lucas,14,1,12,Lucas 14:1-12,"Tendo Jesus entrado, num sábado, em casa de um (1/3)",narrativo,12,60,planejado
EP-2941,T5 — EVANGELHOS E ATOS,Lucas,14,13,24,Lucas 14:13-24,"Tendo Jesus entrado, num sábado, em casa de um (2/3)",narrativo,12,60,planejado
EP-2942,T5 — EVANGELHOS E ATOS,Lucas,14,25,35,Lucas 14:25-35,"Tendo Jesus entrado, num sábado, em casa de um (3/3)",narrativo,12,60,planejado
EP-2943,T5 — EVANGELHOS E ATOS,Lucas,15,1,12,Lucas 15:1-12,O Filho Pródigo (1/3),narrativo,12,60,planejado
EP-2944,T5 — EVANGELHOS E ATOS,Lucas,15,13,24,Lucas 15:13-24,O Filho Pródigo (2/3),narrativo,12,60,planejado
EP-2945,T5 — EVANGELHOS E ATOS,Lucas,15,25,32,Lucas 15:25-32,O Filho Pródigo (3/3),narrativo,12,60,planejado
EP-2946,T5 — EVANGELHOS E ATOS,Lucas,16,1,12,Lucas 16:1-12,O Rico e Lázaro (1/3),narrativo,12,60,planejado
EP-2947,T5 — EVANGELHOS E ATOS,Lucas,16,13,24,Lucas 16:13-24,O Rico e Lázaro (2/3),narrativo,12,60,planejado
EP-2948,T5 — EVANGELHOS E ATOS,Lucas,16,25,31,Lucas 16:25-31,O Rico e Lázaro (3/3),narrativo,12,60,planejado
EP-2949,T5 — EVANGELHOS E ATOS,Lucas,17,1,12,Lucas 17:1-12,Disse Jesus a seus discípulos: É impossível que não (1/4),narrativo,12,60,planejado
EP-2950,T5 — EVANGELHOS E ATOS,Lucas,17,13,24,Lucas 17:13-24,Disse Jesus a seus discípulos: É impossível que não (2/4),narrativo,12,60,planejado
EP-2951,T5 — EVANGELHOS E ATOS,Lucas,17,25,36,Lucas 17:25-36,Disse Jesus a seus discípulos: É impossível que não (3/4),narrativo,12,60,planejado
EP-2952,T5 — EVANGELHOS E ATOS,Lucas,17,37,37,Lucas 17:37,Disse Jesus a seus discípulos: É impossível que não (4/4),narrativo,12,60,planejado
EP-2953,T5 — EVANGELHOS E ATOS,Lucas,18,1,12,Lucas 18:1-12,Contou-lhes também uma parábola sobre o dever de orar (1/4),narrativo,12,60,planejado
EP-2954,T5 — EVANGELHOS E ATOS,Lucas,18,13,24,Lucas 18:13-24,Contou-lhes também uma parábola sobre o dever de orar (2/4),narrativo,12,60,planejado
EP-2955,T5 — EVANGELHOS E ATOS,Lucas,18,25,36,Lucas 18:25-36,Contou-lhes também uma parábola sobre o dever de orar (3/4),narrativo,12,60,planejado
EP-2956,T5 — EVANGELHOS E ATOS,Lucas,18,37,43,Lucas 18:37-43,Contou-lhes também uma parábola sobre o dever de orar (4/4),narrativo,12,60,planejado
EP-2957,T5 — EVANGELHOS E ATOS,Lucas,19,1,12,Lucas 19:1-12,Zaqueu e a Lágrima sobre a Cidade (1/4),narrativo,12,60,planejado
EP-2958,T5 — EVANGELHOS E ATOS,Lucas,19,13,24,Lucas 19:13-24,Zaqueu e a Lágrima sobre a Cidade (2/4),narrativo,12,60,planejado
EP-2959,T5 — EVANGELHOS E ATOS,Lucas,19,25,36,Lucas 19:25-36,Zaqueu e a Lágrima sobre a Cidade (3/4),narrativo,12,60,planejado
EP-2960,T5 — EVANGELHOS E ATOS,Lucas,19,37,48,Lucas 19:37-48,Zaqueu e a Lágrima sobre a Cidade (4/4),narrativo,12,60,planejado
EP-2961,T5 — EVANGELHOS E ATOS,Lucas,20,1,12,Lucas 20:1-12,"Num desses dias, quando Jesus ensinava o povo no (1/4)",narrativo,12,60,planejado
EP-2962,T5 — EVANGELHOS E ATOS,Lucas,20,13,24,Lucas 20:13-24,"Num desses dias, quando Jesus ensinava o povo no (2/4)",narrativo,12,60,planejado
EP-2963,T5 — EVANGELHOS E ATOS,Lucas,20,25,36,Lucas 20:25-36,"Num desses dias, quando Jesus ensinava o povo no (3/4)",narrativo,12,60,planejado
EP-2964,T5 — EVANGELHOS E ATOS,Lucas,20,37,47,Lucas 20:37-47,"Num desses dias, quando Jesus ensinava o povo no (4/4)",narrativo,12,60,planejado
EP-2965,T5 — EVANGELHOS E ATOS,Lucas,21,1,12,Lucas 21:1-12,"Jesus, levantando os olhos, viu os ricos deitarem as (1/4)",narrativo,12,60,planejado
EP-2966,T5 — EVANGELHOS E ATOS,Lucas,21,13,24,Lucas 21:13-24,"Jesus, levantando os olhos, viu os ricos deitarem as (2/4)",narrativo,12,60,planejado
EP-2967,T5 — EVANGELHOS E ATOS,Lucas,21,25,36,Lucas 21:25-36,"Jesus, levantando os olhos, viu os ricos deitarem as (3/4)",narrativo,12,60,planejado
EP-2968,T5 — EVANGELHOS E ATOS,Lucas,21,37,38,Lucas 21:37-38,"Jesus, levantando os olhos, viu os ricos deitarem as (4/4)",narrativo,12,60,planejado
EP-2969,T5 — EVANGELHOS E ATOS,Lucas,22,1,12,Lucas 22:1-12,A Última Ceia (1/6),narrativo,12,60,planejado
EP-2970,T5 — EVANGELHOS E ATOS,Lucas,22,13,24,Lucas 22:13-24,A Última Ceia (2/6),narrativo,12,60,planejado
EP-2971,T5 — EVANGELHOS E ATOS,Lucas,22,25,36,Lucas 22:25-36,A Última Ceia (3/6),narrativo,12,60,planejado
EP-2972,T5 — EVANGELHOS E ATOS,Lucas,22,37,48,Lucas 22:37-48,A Última Ceia (4/6),narrativo,12,60,planejado
EP-2973,T5 — EVANGELHOS E ATOS,Lucas,22,49,60,Lucas 22:49-60,A Última Ceia (5/6),narrativo,12,60,planejado
EP-2974,T5 — EVANGELHOS E ATOS,Lucas,22,61,71,Lucas 22:61-71,A Última Ceia (6/6),narrativo,12,60,planejado
EP-2975,T5 — EVANGELHOS E ATOS,Lucas,23,1,12,Lucas 23:1-12,A Crucificação e o Ladrão (1/5),narrativo,12,60,planejado
EP-2976,T5 — EVANGELHOS E ATOS,Lucas,23,13,24,Lucas 23:13-24,A Crucificação e o Ladrão (2/5),narrativo,12,60,planejado
EP-2977,T5 — EVANGELHOS E ATOS,Lucas,23,25,36,Lucas 23:25-36,A Crucificação e o Ladrão (3/5),narrativo,12,60,planejado
EP-2978,T5 — EVANGELHOS E ATOS,Lucas,23,37,48,Lucas 23:37-48,A Crucificação e o Ladrão (4/5),narrativo,12,60,planejado
EP-2979,T5 — EVANGELHOS E ATOS,Lucas,23,49,56,Lucas 23:49-56,A Crucificação e o Ladrão (5/5),narrativo,12,60,planejado
EP-2980,T5 — EVANGELHOS E ATOS,Lucas,24,1,12,Lucas 24:1-12,O Caminho de Emaús (1/5),narrativo,12,60,planejado
EP-2981,T5 — EVANGELHOS E ATOS,Lucas,24,13,24,Lucas 24:13-24,O Caminho de Emaús (2/5),narrativo,12,60,planejado
EP-2982,T5 — EVANGELHOS E ATOS,Lucas,24,25,36,Lucas 24:25-36,O Caminho de Emaús (3/5),narrativo,12,60,planejado
EP-2983,T5 — EVANGELHOS E ATOS,Lucas,24,37,48,Lucas 24:37-48,O Caminho de Emaús (4/5),narrativo,12,60,planejado
EP-2984,T5 — EVANGELHOS E ATOS,Lucas,24,49,53,Lucas 24:49-53,O Caminho de Emaús (5/5),narrativo,12,60,planejado
EP-2985,T5 — EVANGELHOS E ATOS,João,1,1,12,João 1:1-12,No Princípio Era o Verbo (1/5),narrativo,12,60,planejado
EP-2986,T5 — EVANGELHOS E ATOS,João,1,13,24,João 1:13-24,No Princípio Era o Verbo (2/5),narrativo,12,60,planejado
EP-2987,T5 — EVANGELHOS E ATOS,João,1,25,36,João 1:25-36,No Princípio Era o Verbo (3/5),narrativo,12,60,planejado
EP-2988,T5 — EVANGELHOS E ATOS,João,1,37,48,João 1:37-48,No Princípio Era o Verbo (4/5),narrativo,12,60,planejado
EP-2989,T5 — EVANGELHOS E ATOS,João,1,49,51,João 1:49-51,No Princípio Era o Verbo (5/5),narrativo,12,60,planejado
EP-2990,T5 — EVANGELHOS E ATOS,João,2,1,12,João 2:1-12,As Bodas de Caná e os Vendilhões (1/3),narrativo,12,60,planejado
EP-2991,T5 — EVANGELHOS E ATOS,João,2,13,24,João 2:13-24,As Bodas de Caná e os Vendilhões (2/3),narrativo,12,60,planejado
EP-2992,T5 — EVANGELHOS E ATOS,João,2,25,25,João 2:25,As Bodas de Caná e os Vendilhões (3/3),narrativo,12,60,planejado
EP-2993,T5 — EVANGELHOS E ATOS,João,3,1,12,João 3:1-12,Nicodemos: Deus Amou o Mundo (1/3),narrativo,12,60,planejado
EP-2994,T5 — EVANGELHOS E ATOS,João,3,13,24,João 3:13-24,Nicodemos: Deus Amou o Mundo (2/3),narrativo,12,60,planejado
EP-2995,T5 — EVANGELHOS E ATOS,João,3,25,36,João 3:25-36,Nicodemos: Deus Amou o Mundo (3/3),narrativo,12,60,planejado
EP-2996,T5 — EVANGELHOS E ATOS,João,4,1,12,João 4:1-12,A Samaritana no Poço (1/5),narrativo,12,60,planejado
EP-2997,T5 — EVANGELHOS E ATOS,João,4,13,24,João 4:13-24,A Samaritana no Poço (2/5),narrativo,12,60,planejado
EP-2998,T5 — EVANGELHOS E ATOS,João,4,25,36,João 4:25-36,A Samaritana no Poço (3/5),narrativo,12,60,planejado
EP-2999,T5 — EVANGELHOS E ATOS,João,4,37,48,João 4:37-48,A Samaritana no Poço (4/5),narrativo,12,60,planejado
EP-3000,T5 — EVANGELHOS E ATOS,João,4,49,54,João 4:49-54,A Samaritana no Poço (5/5),narrativo,12,60,planejado
EP-3001,T5 — EVANGELHOS E ATOS,João,5,1,12,João 5:1-12,O Paralítico de Betesda (1/4),narrativo,12,60,planejado
EP-3002,T5 — EVANGELHOS E ATOS,João,5,13,24,João 5:13-24,O Paralítico de Betesda (2/4),narrativo,12,60,planejado
EP-3003,T5 — EVANGELHOS E ATOS,João,5,25,36,João 5:25-36,O Paralítico de Betesda (3/4),narrativo,12,60,planejado
EP-3004,T5 — EVANGELHOS E ATOS,João,5,37,47,João 5:37-47,O Paralítico de Betesda (4/4),narrativo,12,60,planejado
EP-3005,T5 — EVANGELHOS E ATOS,João,6,1,12,João 6:1-12,Os Pães e o Pão da Vida (1/6),narrativo,12,60,planejado
EP-3006,T5 — EVANGELHOS E ATOS,João,6,13,24,João 6:13-24,Os Pães e o Pão da Vida (2/6),narrativo,12,60,planejado
EP-3007,T5 — EVANGELHOS E ATOS,João,6,25,36,João 6:25-36,Os Pães e o Pão da Vida (3/6),narrativo,12,60,planejado
EP-3008,T5 — EVANGELHOS E ATOS,João,6,37,48,João 6:37-48,Os Pães e o Pão da Vida (4/6),narrativo,12,60,planejado
EP-3009,T5 — EVANGELHOS E ATOS,João,6,49,60,João 6:49-60,Os Pães e o Pão da Vida (5/6),narrativo,12,60,planejado
EP-3010,T5 — EVANGELHOS E ATOS,João,6,61,71,João 6:61-71,Os Pães e o Pão da Vida (6/6),narrativo,12,60,planejado
EP-3011,T5 — EVANGELHOS E ATOS,João,7,1,12,João 7:1-12,A Festa dos Tabernáculos (1/5),narrativo,12,60,planejado
EP-3012,T5 — EVANGELHOS E ATOS,João,7,13,24,João 7:13-24,A Festa dos Tabernáculos (2/5),narrativo,12,60,planejado
EP-3013,T5 — EVANGELHOS E ATOS,João,7,25,36,João 7:25-36,A Festa dos Tabernáculos (3/5),narrativo,12,60,planejado
EP-3014,T5 — EVANGELHOS E ATOS,João,7,37,48,João 7:37-48,A Festa dos Tabernáculos (4/5),narrativo,12,60,planejado
EP-3015,T5 — EVANGELHOS E ATOS,João,7,49,53,João 7:49-53,A Festa dos Tabernáculos (5/5),narrativo,12,60,planejado
EP-3016,T5 — EVANGELHOS E ATOS,João,8,1,12,João 8:1-12,Eu Sou a Luz do Mundo (1/5),narrativo,12,60,planejado
EP-3017,T5 — EVANGELHOS E ATOS,João,8,13,24,João 8:13-24,Eu Sou a Luz do Mundo (2/5),narrativo,12,60,planejado
EP-3018,T5 — EVANGELHOS E ATOS,João,8,25,36,João 8:25-36,Eu Sou a Luz do Mundo (3/5),narrativo,12,60,planejado
EP-3019,T5 — EVANGELHOS E ATOS,João,8,37,48,João 8:37-48,Eu Sou a Luz do Mundo (4/5),narrativo,12,60,planejado
EP-3020,T5 — EVANGELHOS E ATOS,João,8,49,59,João 8:49-59,Eu Sou a Luz do Mundo (5/5),narrativo,12,60,planejado
EP-3021,T5 — EVANGELHOS E ATOS,João,9,1,12,João 9:1-12,O Cego de Nascença (1/4),narrativo,12,60,planejado
EP-3022,T5 — EVANGELHOS E ATOS,João,9,13,24,João 9:13-24,O Cego de Nascença (2/4),narrativo,12,60,planejado
EP-3023,T5 — EVANGELHOS E ATOS,João,9,25,36,João 9:25-36,O Cego de Nascença (3/4),narrativo,12,60,planejado
EP-3024,T5 — EVANGELHOS E ATOS,João,9,37,41,João 9:37-41,O Cego de Nascença (4/4),narrativo,12,60,planejado
EP-3025,T5 — EVANGELHOS E ATOS,João,10,1,12,João 10:1-12,Eu Sou o Bom Pastor (1/4),narrativo,12,60,planejado
EP-3026,T5 — EVANGELHOS E ATOS,João,10,13,24,João 10:13-24,Eu Sou o Bom Pastor (2/4),narrativo,12,60,planejado
EP-3027,T5 — EVANGELHOS E ATOS,João,10,25,36,João 10:25-36,Eu Sou o Bom Pastor (3/4),narrativo,12,60,planejado
EP-3028,T5 — EVANGELHOS E ATOS,João,10,37,42,João 10:37-42,Eu Sou o Bom Pastor (4/4),narrativo,12,60,planejado
EP-3029,T5 — EVANGELHOS E ATOS,João,11,1,12,João 11:1-12,"Lázaro, Vem Para Fora (1/5)",narrativo,12,60,planejado
EP-3030,T5 — EVANGELHOS E ATOS,João,11,13,24,João 11:13-24,"Lázaro, Vem Para Fora (2/5)",narrativo,12,60,planejado
EP-3031,T5 — EVANGELHOS E ATOS,João,11,25,36,João 11:25-36,"Lázaro, Vem Para Fora (3/5)",narrativo,12,60,planejado
EP-3032,T5 — EVANGELHOS E ATOS,João,11,37,48,João 11:37-48,"Lázaro, Vem Para Fora (4/5)",narrativo,12,60,planejado
EP-3033,T5 — EVANGELHOS E ATOS,João,11,49,57,João 11:49-57,"Lázaro, Vem Para Fora (5/5)",narrativo,12,60,planejado
EP-3034,T5 — EVANGELHOS E ATOS,João,12,1,12,João 12:1-12,A Entrada Triunfal e o Grão de Trigo (1/5),narrativo,12,60,planejado
EP-3035,T5 — EVANGELHOS E ATOS,João,12,13,24,João 12:13-24,A Entrada Triunfal e o Grão de Trigo (2/5),narrativo,12,60,planejado
EP-3036,T5 — EVANGELHOS E ATOS,João,12,25,36,João 12:25-36,A Entrada Triunfal e o Grão de Trigo (3/5),narrativo,12,60,planejado
EP-3037,T5 — EVANGELHOS E ATOS,João,12,37,48,João 12:37-48,A Entrada Triunfal e o Grão de Trigo (4/5),narrativo,12,60,planejado
EP-3038,T5 — EVANGELHOS E ATOS,João,12,49,50,João 12:49-50,A Entrada Triunfal e o Grão de Trigo (5/5),narrativo,12,60,planejado
EP-3039,T5 — EVANGELHOS E ATOS,João,13,1,12,João 13:1-12,O Lava-Pés (1/4),narrativo,12,60,planejado
EP-3040,T5 — EVANGELHOS E ATOS,João,13,13,24,João 13:13-24,O Lava-Pés (2/4),narrativo,12,60,planejado
EP-3041,T5 — EVANGELHOS E ATOS,João,13,25,36,João 13:25-36,O Lava-Pés (3/4),narrativo,12,60,planejado
EP-3042,T5 — EVANGELHOS E ATOS,João,13,37,38,João 13:37-38,O Lava-Pés (4/4),narrativo,12,60,planejado
EP-3043,T5 — EVANGELHOS E ATOS,João,14,1,12,João 14:1-12,Não Se Turbe o Vosso Coração (1/3),narrativo,12,60,planejado
EP-3044,T5 — EVANGELHOS E ATOS,João,14,13,24,João 14:13-24,Não Se Turbe o Vosso Coração (2/3),narrativo,12,60,planejado
EP-3045,T5 — EVANGELHOS E ATOS,João,14,25,31,João 14:25-31,Não Se Turbe o Vosso Coração (3/3),narrativo,12,60,planejado
EP-3046,T5 — EVANGELHOS E ATOS,João,15,1,12,João 15:1-12,Eu Sou a Videira (1/3),narrativo,12,60,planejado
EP-3047,T5 — EVANGELHOS E ATOS,João,15,13,24,João 15:13-24,Eu Sou a Videira (2/3),narrativo,12,60,planejado
EP-3048,T5 — EVANGELHOS E ATOS,João,15,25,27,João 15:25-27,Eu Sou a Videira (3/3),narrativo,12,60,planejado
EP-3049,T5 — EVANGELHOS E ATOS,João,16,1,12,João 16:1-12,O Espírito de Verdade (1/3),narrativo,12,60,planejado
EP-3050,T5 — EVANGELHOS E ATOS,João,16,13,24,João 16:13-24,O Espírito de Verdade (2/3),narrativo,12,60,planejado
EP-3051,T5 — EVANGELHOS E ATOS,João,16,25,33,João 16:25-33,O Espírito de Verdade (3/3),narrativo,12,60,planejado
EP-3052,T5 — EVANGELHOS E ATOS,João,17,1,12,João 17:1-12,A Oração Sacerdotal (1/3),narrativo,12,60,planejado
EP-3053,T5 — EVANGELHOS E ATOS,João,17,13,24,João 17:13-24,A Oração Sacerdotal (2/3),narrativo,12,60,planejado
EP-3054,T5 — EVANGELHOS E ATOS,João,17,25,26,João 17:25-26,A Oração Sacerdotal (3/3),narrativo,12,60,planejado
EP-3055,T5 — EVANGELHOS E ATOS,João,18,1,12,João 18:1-12,A Prisão no Getsêmani (1/4),narrativo,12,60,planejado
EP-3056,T5 — EVANGELHOS E ATOS,João,18,13,24,João 18:13-24,A Prisão no Getsêmani (2/4),narrativo,12,60,planejado
EP-3057,T5 — EVANGELHOS E ATOS,João,18,25,36,João 18:25-36,A Prisão no Getsêmani (3/4),narrativo,12,60,planejado
EP-3058,T5 — EVANGELHOS E ATOS,João,18,37,40,João 18:37-40,A Prisão no Getsêmani (4/4),narrativo,12,60,planejado
EP-3059,T5 — EVANGELHOS E ATOS,João,19,1,12,João 19:1-12,A Crucificação (1/4),narrativo,12,60,planejado
EP-3060,T5 — EVANGELHOS E ATOS,João,19,13,24,João 19:13-24,A Crucificação (2/4),narrativo,12,60,planejado
EP-3061,T5 — EVANGELHOS E ATOS,João,19,25,36,João 19:25-36,A Crucificação (3/4),narrativo,12,60,planejado
EP-3062,T5 — EVANGELHOS E ATOS,João,19,37,42,João 19:37-42,A Crucificação (4/4),narrativo,12,60,planejado
EP-3063,T5 — EVANGELHOS E ATOS,João,20,1,12,João 20:1-12,O Sepulcro Vazio e Tomé (1/3),narrativo,12,60,planejado
EP-3064,T5 — EVANGELHOS E ATOS,João,20,13,24,João 20:13-24,O Sepulcro Vazio e Tomé (2/3),narrativo,12,60,planejado
EP-3065,T5 — EVANGELHOS E ATOS,João,20,25,31,João 20:25-31,O Sepulcro Vazio e Tomé (3/3),narrativo,12,60,planejado
EP-3066,T5 — EVANGELHOS E ATOS,João,21,1,12,João 21:1-12,As Peixes e a Restauração de Pedro (1/3),narrativo,12,60,planejado
EP-3067,T5 — EVANGELHOS E ATOS,João,21,13,24,João 21:13-24,As Peixes e a Restauração de Pedro (2/3),narrativo,12,60,planejado
EP-3068,T5 — EVANGELHOS E ATOS,João,21,25,25,João 21:25,As Peixes e a Restauração de Pedro (3/3),narrativo,12,60,planejado
EP-3069,T5 — EVANGELHOS E ATOS,Atos,1,1,12,Atos 1:1-12,A Ascensão e a Promessa (1/3),narrativo,12,60,planejado
EP-3070,T5 — EVANGELHOS E ATOS,Atos,1,13,24,Atos 1:13-24,A Ascensão e a Promessa (2/3),narrativo,12,60,planejado
EP-3071,T5 — EVANGELHOS E ATOS,Atos,1,25,26,Atos 1:25-26,A Ascensão e a Promessa (3/3),narrativo,12,60,planejado
EP-3072,T5 — EVANGELHOS E ATOS,Atos,2,1,12,Atos 2:1-12,Pentecostes: Línguas de Fogo (1/4),narrativo,12,60,planejado
EP-3073,T5 — EVANGELHOS E ATOS,Atos,2,13,24,Atos 2:13-24,Pentecostes: Línguas de Fogo (2/4),narrativo,12,60,planejado
EP-3074,T5 — EVANGELHOS E ATOS,Atos,2,25,36,Atos 2:25-36,Pentecostes: Línguas de Fogo (3/4),narrativo,12,60,planejado
EP-3075,T5 — EVANGELHOS E ATOS,Atos,2,37,47,Atos 2:37-47,Pentecostes: Línguas de Fogo (4/4),narrativo,12,60,planejado
EP-3076,T5 — EVANGELHOS E ATOS,Atos,3,1,12,Atos 3:1-12,O Coixo de Nascença (1/3),narrativo,12,60,planejado
EP-3077,T5 — EVANGELHOS E ATOS,Atos,3,13,24,Atos 3:13-24,O Coixo de Nascença (2/3),narrativo,12,60,planejado
EP-3078,T5 — EVANGELHOS E ATOS,Atos,3,25,26,Atos 3:25-26,O Coixo de Nascença (3/3),narrativo,12,60,planejado
EP-3079,T5 — EVANGELHOS E ATOS,Atos,4,1,12,Atos 4:1-12,Pedro e João Perante o Sinédrio (1/4),narrativo,12,60,planejado
EP-3080,T5 — EVANGELHOS E ATOS,Atos,4,13,24,Atos 4:13-24,Pedro e João Perante o Sinédrio (2/4),narrativo,12,60,planejado
EP-3081,T5 — EVANGELHOS E ATOS,Atos,4,25,36,Atos 4:25-36,Pedro e João Perante o Sinédrio (3/4),narrativo,12,60,planejado
EP-3082,T5 — EVANGELHOS E ATOS,Atos,4,37,37,Atos 4:37,Pedro e João Perante o Sinédrio (4/4),narrativo,12,60,planejado
EP-3083,T5 — EVANGELHOS E ATOS,Atos,5,1,12,Atos 5:1-12,Ananias e Safira (1/4),narrativo,12,60,planejado
EP-3084,T5 — EVANGELHOS E ATOS,Atos,5,13,24,Atos 5:13-24,Ananias e Safira (2/4),narrativo,12,60,planejado
EP-3085,T5 — EVANGELHOS E ATOS,Atos,5,25,36,Atos 5:25-36,Ananias e Safira (3/4),narrativo,12,60,planejado
EP-3086,T5 — EVANGELHOS E ATOS,Atos,5,37,42,Atos 5:37-42,Ananias e Safira (4/4),narrativo,12,60,planejado
EP-3087,T5 — EVANGELHOS E ATOS,Atos,6,1,12,Atos 6:1-12,Estêvão e os Sete (1/2),narrativo,12,60,planejado
EP-3088,T5 — EVANGELHOS E ATOS,Atos,6,13,15,Atos 6:13-15,Estêvão e os Sete (2/2),narrativo,12,60,planejado
EP-3089,T5 — EVANGELHOS E ATOS,Atos,7,1,12,Atos 7:1-12,O Martírio de Estêvão (1/5),narrativo,12,60,planejado
EP-3090,T5 — EVANGELHOS E ATOS,Atos,7,13,24,Atos 7:13-24,O Martírio de Estêvão (2/5),narrativo,12,60,planejado
EP-3091,T5 — EVANGELHOS E ATOS,Atos,7,25,36,Atos 7:25-36,O Martírio de Estêvão (3/5),narrativo,12,60,planejado
EP-3092,T5 — EVANGELHOS E ATOS,Atos,7,37,48,Atos 7:37-48,O Martírio de Estêvão (4/5),narrativo,12,60,planejado
EP-3093,T5 — EVANGELHOS E ATOS,Atos,7,49,60,Atos 7:49-60,O Martírio de Estêvão (5/5),narrativo,12,60,planejado
EP-3094,T5 — EVANGELHOS E ATOS,Atos,8,1,12,Atos 8:1-12,Filipe e o Eunuco (1/4),narrativo,12,60,planejado
EP-3095,T5 — EVANGELHOS E ATOS,Atos,8,13,24,Atos 8:13-24,Filipe e o Eunuco (2/4),narrativo,12,60,planejado
EP-3096,T5 — EVANGELHOS E ATOS,Atos,8,25,36,Atos 8:25-36,Filipe e o Eunuco (3/4),narrativo,12,60,planejado
EP-3097,T5 — EVANGELHOS E ATOS,Atos,8,37,40,Atos 8:37-40,Filipe e o Eunuco (4/4),narrativo,12,60,planejado
EP-3098,T5 — EVANGELHOS E ATOS,Atos,9,1,12,Atos 9:1-12,A Conversão de Saulo no Caminho de Damasco (1/4),narrativo,12,60,planejado
EP-3099,T5 — EVANGELHOS E ATOS,Atos,9,13,24,Atos 9:13-24,A Conversão de Saulo no Caminho de Damasco (2/4),narrativo,12,60,planejado
EP-3100,T5 — EVANGELHOS E ATOS,Atos,9,25,36,Atos 9:25-36,A Conversão de Saulo no Caminho de Damasco (3/4),narrativo,12,60,planejado
EP-3101,T5 — EVANGELHOS E ATOS,Atos,9,37,43,Atos 9:37-43,A Conversão de Saulo no Caminho de Damasco (4/4),narrativo,12,60,planejado
EP-3102,T5 — EVANGELHOS E ATOS,Atos,10,1,12,Atos 10:1-12,Cornélio: Pedro e o Lençol (1/4),narrativo,12,60,planejado
EP-3103,T5 — EVANGELHOS E ATOS,Atos,10,13,24,Atos 10:13-24,Cornélio: Pedro e o Lençol (2/4),narrativo,12,60,planejado
EP-3104,T5 — EVANGELHOS E ATOS,Atos,10,25,36,Atos 10:25-36,Cornélio: Pedro e o Lençol (3/4),narrativo,12,60,planejado
EP-3105,T5 — EVANGELHOS E ATOS,Atos,10,37,48,Atos 10:37-48,Cornélio: Pedro e o Lençol (4/4),narrativo,12,60,planejado
EP-3106,T5 — EVANGELHOS E ATOS,Atos,11,1,12,Atos 11:1-12,"Ora, ouviram os apóstolos e os irmãos que estavam (1/3)",narrativo,12,60,planejado
EP-3107,T5 — EVANGELHOS E ATOS,Atos,11,13,24,Atos 11:13-24,"Ora, ouviram os apóstolos e os irmãos que estavam (2/3)",narrativo,12,60,planejado
EP-3108,T5 — EVANGELHOS E ATOS,Atos,11,25,30,Atos 11:25-30,"Ora, ouviram os apóstolos e os irmãos que estavam (3/3)",narrativo,12,60,planejado
EP-3109,T5 — EVANGELHOS E ATOS,Atos,12,1,12,Atos 12:1-12,Herodes e a Libertação de Pedro (1/3),narrativo,12,60,planejado
EP-3110,T5 — EVANGELHOS E ATOS,Atos,12,13,24,Atos 12:13-24,Herodes e a Libertação de Pedro (2/3),narrativo,12,60,planejado
EP-3111,T5 — EVANGELHOS E ATOS,Atos,12,25,25,Atos 12:25,Herodes e a Libertação de Pedro (3/3),narrativo,12,60,planejado
EP-3112,T5 — EVANGELHOS E ATOS,Atos,13,1,12,Atos 13:1-12,A Primeira Viagem Missionária (1/5),narrativo,12,60,planejado
EP-3113,T5 — EVANGELHOS E ATOS,Atos,13,13,24,Atos 13:13-24,A Primeira Viagem Missionária (2/5),narrativo,12,60,planejado
EP-3114,T5 — EVANGELHOS E ATOS,Atos,13,25,36,Atos 13:25-36,A Primeira Viagem Missionária (3/5),narrativo,12,60,planejado
EP-3115,T5 — EVANGELHOS E ATOS,Atos,13,37,48,Atos 13:37-48,A Primeira Viagem Missionária (4/5),narrativo,12,60,planejado
EP-3116,T5 — EVANGELHOS E ATOS,Atos,13,49,52,Atos 13:49-52,A Primeira Viagem Missionária (5/5),narrativo,12,60,planejado
EP-3117,T5 — EVANGELHOS E ATOS,Atos,14,1,12,Atos 14:1-12,Em Icônio entraram juntos na sinagoga dos judeus e (1/3),narrativo,12,60,planejado
EP-3118,T5 — EVANGELHOS E ATOS,Atos,14,13,24,Atos 14:13-24,Em Icônio entraram juntos na sinagoga dos judeus e (2/3),narrativo,12,60,planejado
EP-3119,T5 — EVANGELHOS E ATOS,Atos,14,25,28,Atos 14:25-28,Em Icônio entraram juntos na sinagoga dos judeus e (3/3),narrativo,12,60,planejado
EP-3120,T5 — EVANGELHOS E ATOS,Atos,15,1,12,Atos 15:1-12,O Concílio de Jerusalém (1/4),narrativo,12,60,planejado
EP-3121,T5 — EVANGELHOS E ATOS,Atos,15,13,24,Atos 15:13-24,O Concílio de Jerusalém (2/4),narrativo,12,60,planejado
EP-3122,T5 — EVANGELHOS E ATOS,Atos,15,25,36,Atos 15:25-36,O Concílio de Jerusalém (3/4),narrativo,12,60,planejado
EP-3123,T5 — EVANGELHOS E ATOS,Atos,15,37,41,Atos 15:37-41,O Concílio de Jerusalém (4/4),narrativo,12,60,planejado
EP-3124,T5 — EVANGELHOS E ATOS,Atos,16,1,12,Atos 16:1-12,Filipe e o Carcereiro de Filipos (1/4),narrativo,12,60,planejado
EP-3125,T5 — EVANGELHOS E ATOS,Atos,16,13,24,Atos 16:13-24,Filipe e o Carcereiro de Filipos (2/4),narrativo,12,60,planejado
EP-3126,T5 — EVANGELHOS E ATOS,Atos,16,25,36,Atos 16:25-36,Filipe e o Carcereiro de Filipos (3/4),narrativo,12,60,planejado
EP-3127,T5 — EVANGELHOS E ATOS,Atos,16,37,40,Atos 16:37-40,Filipe e o Carcereiro de Filipos (4/4),narrativo,12,60,planejado
EP-3128,T5 — EVANGELHOS E ATOS,Atos,17,1,12,Atos 17:1-12,Atenas: o Deus Desconhecido (1/3),narrativo,12,60,planejado
EP-3129,T5 — EVANGELHOS E ATOS,Atos,17,13,24,Atos 17:13-24,Atenas: o Deus Desconhecido (2/3),narrativo,12,60,planejado
EP-3130,T5 — EVANGELHOS E ATOS,Atos,17,25,34,Atos 17:25-34,Atenas: o Deus Desconhecido (3/3),narrativo,12,60,planejado
EP-3131,T5 — EVANGELHOS E ATOS,Atos,18,1,12,Atos 18:1-12,Depois disto Paulo partiu de Atenas e chegou a (1/3),narrativo,12,60,planejado
EP-3132,T5 — EVANGELHOS E ATOS,Atos,18,13,24,Atos 18:13-24,Depois disto Paulo partiu de Atenas e chegou a (2/3),narrativo,12,60,planejado
EP-3133,T5 — EVANGELHOS E ATOS,Atos,18,25,28,Atos 18:25-28,Depois disto Paulo partiu de Atenas e chegou a (3/3),narrativo,12,60,planejado
EP-3134,T5 — EVANGELHOS E ATOS,Atos,19,1,12,Atos 19:1-12,Éfeso: os Livros Queimados (1/4),narrativo,12,60,planejado
EP-3135,T5 — EVANGELHOS E ATOS,Atos,19,13,24,Atos 19:13-24,Éfeso: os Livros Queimados (2/4),narrativo,12,60,planejado
EP-3136,T5 — EVANGELHOS E ATOS,Atos,19,25,36,Atos 19:25-36,Éfeso: os Livros Queimados (3/4),narrativo,12,60,planejado
EP-3137,T5 — EVANGELHOS E ATOS,Atos,19,37,41,Atos 19:37-41,Éfeso: os Livros Queimados (4/4),narrativo,12,60,planejado
EP-3138,T5 — EVANGELHOS E ATOS,Atos,20,1,12,Atos 20:1-12,O Discurso aos Anciãos de Éfeso (1/4),narrativo,12,60,planejado
EP-3139,T5 — EVANGELHOS E ATOS,Atos,20,13,24,Atos 20:13-24,O Discurso aos Anciãos de Éfeso (2/4),narrativo,12,60,planejado
EP-3140,T5 — EVANGELHOS E ATOS,Atos,20,25,36,Atos 20:25-36,O Discurso aos Anciãos de Éfeso (3/4),narrativo,12,60,planejado
EP-3141,T5 — EVANGELHOS E ATOS,Atos,20,37,38,Atos 20:37-38,O Discurso aos Anciãos de Éfeso (4/4),narrativo,12,60,planejado
EP-3142,T5 — EVANGELHOS E ATOS,Atos,21,1,12,Atos 21:1-12,"E assim aconteceu que, separando-nos deles, navegamos e,… (1/4)",narrativo,12,60,planejado
EP-3143,T5 — EVANGELHOS E ATOS,Atos,21,13,24,Atos 21:13-24,"E assim aconteceu que, separando-nos deles, navegamos e,… (2/4)",narrativo,12,60,planejado
EP-3144,T5 — EVANGELHOS E ATOS,Atos,21,25,36,Atos 21:25-36,"E assim aconteceu que, separando-nos deles, navegamos e,… (3/4)",narrativo,12,60,planejado
EP-3145,T5 — EVANGELHOS E ATOS,Atos,21,37,40,Atos 21:37-40,"E assim aconteceu que, separando-nos deles, navegamos e,… (4/4)",narrativo,12,60,planejado
EP-3146,T5 — EVANGELHOS E ATOS,Atos,22,1,12,Atos 22:1-12,"Irmãos e pais, ouvi a minha defesa, que agora (1/3)",narrativo,12,60,planejado
EP-3147,T5 — EVANGELHOS E ATOS,Atos,22,13,24,Atos 22:13-24,"Irmãos e pais, ouvi a minha defesa, que agora (2/3)",narrativo,12,60,planejado
EP-3148,T5 — EVANGELHOS E ATOS,Atos,22,25,30,Atos 22:25-30,"Irmãos e pais, ouvi a minha defesa, que agora (3/3)",narrativo,12,60,planejado
EP-3149,T5 — EVANGELHOS E ATOS,Atos,23,1,12,Atos 23:1-12,"Fitando Paulo os olhos no sinédrio, disse: Varões irmãos (1/3)",narrativo,12,60,planejado
EP-3150,T5 — EVANGELHOS E ATOS,Atos,23,13,24,Atos 23:13-24,"Fitando Paulo os olhos no sinédrio, disse: Varões irmãos (2/3)",narrativo,12,60,planejado
EP-3151,T5 — EVANGELHOS E ATOS,Atos,23,25,35,Atos 23:25-35,"Fitando Paulo os olhos no sinédrio, disse: Varões irmãos (3/3)",narrativo,12,60,planejado
EP-3152,T5 — EVANGELHOS E ATOS,Atos,24,1,12,Atos 24:1-12,Cinco dias depois o sumo sacerdote Ananias desceu com (1/3),narrativo,12,60,planejado
EP-3153,T5 — EVANGELHOS E ATOS,Atos,24,13,24,Atos 24:13-24,Cinco dias depois o sumo sacerdote Ananias desceu com (2/3),narrativo,12,60,planejado
EP-3154,T5 — EVANGELHOS E ATOS,Atos,24,25,27,Atos 24:25-27,Cinco dias depois o sumo sacerdote Ananias desceu com (3/3),narrativo,12,60,planejado
EP-3155,T5 — EVANGELHOS E ATOS,Atos,25,1,12,Atos 25:1-12,"Tendo, pois, entrado Festo na província, depois de três (1/3)",narrativo,12,60,planejado
EP-3156,T5 — EVANGELHOS E ATOS,Atos,25,13,24,Atos 25:13-24,"Tendo, pois, entrado Festo na província, depois de três (2/3)",narrativo,12,60,planejado
EP-3157,T5 — EVANGELHOS E ATOS,Atos,25,25,27,Atos 25:25-27,"Tendo, pois, entrado Festo na província, depois de três (3/3)",narrativo,12,60,planejado
EP-3158,T5 — EVANGELHOS E ATOS,Atos,26,1,12,Atos 26:1-12,Depois Agripa disse a Paulo: É-te permitido fazer a (1/3),narrativo,12,60,planejado
EP-3159,T5 — EVANGELHOS E ATOS,Atos,26,13,24,Atos 26:13-24,Depois Agripa disse a Paulo: É-te permitido fazer a (2/3),narrativo,12,60,planejado
EP-3160,T5 — EVANGELHOS E ATOS,Atos,26,25,32,Atos 26:25-32,Depois Agripa disse a Paulo: É-te permitido fazer a (3/3),narrativo,12,60,planejado
EP-3161,T5 — EVANGELHOS E ATOS,Atos,27,1,12,Atos 27:1-12,A Tempestade e o Naufrágio (1/4),narrativo,12,60,planejado
EP-3162,T5 — EVANGELHOS E ATOS,Atos,27,13,24,Atos 27:13-24,A Tempestade e o Naufrágio (2/4),narrativo,12,60,planejado
EP-3163,T5 — EVANGELHOS E ATOS,Atos,27,25,36,Atos 27:25-36,A Tempestade e o Naufrágio (3/4),narrativo,12,60,planejado
EP-3164,T5 — EVANGELHOS E ATOS,Atos,27,37,44,Atos 27:37-44,A Tempestade e o Naufrágio (4/4),narrativo,12,60,planejado
EP-3165,T5 — EVANGELHOS E ATOS,Atos,28,1,12,Atos 28:1-12,Roma: o Evangelho em Cadeias (1/3),narrativo,12,60,planejado
EP-3166,T5 — EVANGELHOS E ATOS,Atos,28,13,24,Atos 28:13-24,Roma: o Evangelho em Cadeias (2/3),narrativo,12,60,planejado
EP-3167,T5 — EVANGELHOS E ATOS,Atos,28,25,31,Atos 28:25-31,Roma: o Evangelho em Cadeias (3/3),narrativo,12,60,planejado
EP-3168,T6 — CARTAS DE PAULO,Romanos,1,1,14,Romanos 1:1-14,Não Me Envergonho do Evangelho (1/3),carta,12,60,planejado
EP-3169,T6 — CARTAS DE PAULO,Romanos,1,15,28,Romanos 1:15-28,Não Me Envergonho do Evangelho (2/3),carta,12,60,planejado
EP-3170,T6 — CARTAS DE PAULO,Romanos,1,29,32,Romanos 1:29-32,Não Me Envergonho do Evangelho (3/3),carta,12,60,planejado
EP-3171,T6 — CARTAS DE PAULO,Romanos,2,1,14,Romanos 2:1-14,"Portanto, és inescusável, ó homem, qualquer que sejas, quando (1/3)",carta,12,60,planejado
EP-3172,T6 — CARTAS DE PAULO,Romanos,2,15,28,Romanos 2:15-28,"Portanto, és inescusável, ó homem, qualquer que sejas, quando (2/3)",carta,12,60,planejado
EP-3173,T6 — CARTAS DE PAULO,Romanos,2,29,29,Romanos 2:29,"Portanto, és inescusável, ó homem, qualquer que sejas, quando (3/3)",carta,12,60,planejado
EP-3174,T6 — CARTAS DE PAULO,Romanos,3,1,14,Romanos 3:1-14,Todos Pecaram (1/3),carta,12,60,planejado
EP-3175,T6 — CARTAS DE PAULO,Romanos,3,15,28,Romanos 3:15-28,Todos Pecaram (2/3),carta,12,60,planejado
EP-3176,T6 — CARTAS DE PAULO,Romanos,3,29,31,Romanos 3:29-31,Todos Pecaram (3/3),carta,12,60,planejado
EP-3177,T6 — CARTAS DE PAULO,Romanos,4,1,14,Romanos 4:1-14,"Que diremos, pois, ter alcançado Abraão, nosso pai segundo (1/2)",carta,12,60,planejado
EP-3178,T6 — CARTAS DE PAULO,Romanos,4,15,25,Romanos 4:15-25,"Que diremos, pois, ter alcançado Abraão, nosso pai segundo (2/2)",carta,12,60,planejado
EP-3179,T6 — CARTAS DE PAULO,Romanos,5,1,14,Romanos 5:1-14,A Paz com Deus (1/2),carta,12,60,planejado
EP-3180,T6 — CARTAS DE PAULO,Romanos,5,15,21,Romanos 5:15-21,A Paz com Deus (2/2),carta,12,60,planejado
EP-3181,T6 — CARTAS DE PAULO,Romanos,6,1,14,Romanos 6:1-14,Batizados na Sua Morte (1/2),carta,12,60,planejado
EP-3182,T6 — CARTAS DE PAULO,Romanos,6,15,23,Romanos 6:15-23,Batizados na Sua Morte (2/2),carta,12,60,planejado
EP-3183,T6 — CARTAS DE PAULO,Romanos,7,1,14,Romanos 7:1-14,"Ou ignorais, irmãos {pois falo aos que conhecem a (1/2)",carta,12,60,planejado
EP-3184,T6 — CARTAS DE PAULO,Romanos,7,15,25,Romanos 7:15-25,"Ou ignorais, irmãos {pois falo aos que conhecem a (2/2)",carta,12,60,planejado
EP-3185,T6 — CARTAS DE PAULO,Romanos,8,1,14,Romanos 8:1-14,Nenhuma Condenação: Filhos e Herdeiros (1/3),carta,12,60,planejado
EP-3186,T6 — CARTAS DE PAULO,Romanos,8,15,28,Romanos 8:15-28,Nenhuma Condenação: Filhos e Herdeiros (2/3),carta,12,60,planejado
EP-3187,T6 — CARTAS DE PAULO,Romanos,8,29,39,Romanos 8:29-39,Nenhuma Condenação: Filhos e Herdeiros (3/3),carta,12,60,planejado
EP-3188,T6 — CARTAS DE PAULO,Romanos,9,1,14,Romanos 9:1-14,A Eleição de Israel (1/3),carta,12,60,planejado
EP-3189,T6 — CARTAS DE PAULO,Romanos,9,15,28,Romanos 9:15-28,A Eleição de Israel (2/3),carta,12,60,planejado
EP-3190,T6 — CARTAS DE PAULO,Romanos,9,29,33,Romanos 9:29-33,A Eleição de Israel (3/3),carta,12,60,planejado
EP-3191,T6 — CARTAS DE PAULO,Romanos,10,1,14,Romanos 10:1-14,"Irmãos, o bom desejo do meu coração e a (1/2)",carta,12,60,planejado
EP-3192,T6 — CARTAS DE PAULO,Romanos,10,15,21,Romanos 10:15-21,"Irmãos, o bom desejo do meu coração e a (2/2)",carta,12,60,planejado
EP-3193,T6 — CARTAS DE PAULO,Romanos,11,1,14,Romanos 11:1-14,O Enxerto da Oliveira (1/3),carta,12,60,planejado
EP-3194,T6 — CARTAS DE PAULO,Romanos,11,15,28,Romanos 11:15-28,O Enxerto da Oliveira (2/3),carta,12,60,planejado
EP-3195,T6 — CARTAS DE PAULO,Romanos,11,29,36,Romanos 11:29-36,O Enxerto da Oliveira (3/3),carta,12,60,planejado
EP-3196,T6 — CARTAS DE PAULO,Romanos,12,1,14,Romanos 12:1-14,A Vida em Santidade (1/2),carta,12,60,planejado
EP-3197,T6 — CARTAS DE PAULO,Romanos,12,15,21,Romanos 12:15-21,A Vida em Santidade (2/2),carta,12,60,planejado
EP-3198,T6 — CARTAS DE PAULO,Romanos,13,1,14,Romanos 13:1-14,Autoridades e o Amor,carta,12,60,planejado
EP-3199,T6 — CARTAS DE PAULO,Romanos,14,1,14,Romanos 14:1-14,Não Julgueis o Irmão (1/2),carta,12,60,planejado
EP-3200,T6 — CARTAS DE PAULO,Romanos,14,15,23,Romanos 14:15-23,Não Julgueis o Irmão (2/2),carta,12,60,planejado
EP-3201,T6 — CARTAS DE PAULO,Romanos,15,1,14,Romanos 15:1-14,"Ora nós, que somos fortes, devemos suportar as fraquezas (1/3)",carta,12,60,planejado
EP-3202,T6 — CARTAS DE PAULO,Romanos,15,15,28,Romanos 15:15-28,"Ora nós, que somos fortes, devemos suportar as fraquezas (2/3)",carta,12,60,planejado
EP-3203,T6 — CARTAS DE PAULO,Romanos,15,29,33,Romanos 15:29-33,"Ora nós, que somos fortes, devemos suportar as fraquezas (3/3)",carta,12,60,planejado
EP-3204,T6 — CARTAS DE PAULO,Romanos,16,1,14,Romanos 16:1-14,"Recomendo-vos a nossa irmã Febe, que é serva da (1/2)",carta,12,60,planejado
EP-3205,T6 — CARTAS DE PAULO,Romanos,16,15,27,Romanos 16:15-27,"Recomendo-vos a nossa irmã Febe, que é serva da (2/2)",carta,12,60,planejado
EP-3206,T6 — CARTAS DE PAULO,1 Coríntios,1,1,14,1 Coríntios 1:1-14,"Paulo, chamado para ser apóstolo de Jesus Cristo pela (1/3)",carta,12,60,planejado
EP-3207,T6 — CARTAS DE PAULO,1 Coríntios,1,15,28,1 Coríntios 1:15-28,"Paulo, chamado para ser apóstolo de Jesus Cristo pela (2/3)",carta,12,60,planejado
EP-3208,T6 — CARTAS DE PAULO,1 Coríntios,1,29,31,1 Coríntios 1:29-31,"Paulo, chamado para ser apóstolo de Jesus Cristo pela (3/3)",carta,12,60,planejado
EP-3209,T6 — CARTAS DE PAULO,1 Coríntios,2,1,14,1 Coríntios 2:1-14,"E eu, irmãos, quando fui ter convosco, anunciando-vos o (1/2)",carta,12,60,planejado
EP-3210,T6 — CARTAS DE PAULO,1 Coríntios,2,15,16,1 Coríntios 2:15-16,"E eu, irmãos, quando fui ter convosco, anunciando-vos o (2/2)",carta,12,60,planejado
EP-3211,T6 — CARTAS DE PAULO,1 Coríntios,3,1,14,1 Coríntios 3:1-14,"E eu, irmãos não vos pude falar como a (1/2)",carta,12,60,planejado
EP-3212,T6 — CARTAS DE PAULO,1 Coríntios,3,15,23,1 Coríntios 3:15-23,"E eu, irmãos não vos pude falar como a (2/2)",carta,12,60,planejado
EP-3213,T6 — CARTAS DE PAULO,1 Coríntios,4,1,14,1 Coríntios 4:1-14,"Que os homens nos considerem, pois, como ministros de (1/2)",carta,12,60,planejado
EP-3214,T6 — CARTAS DE PAULO,1 Coríntios,4,15,21,1 Coríntios 4:15-21,"Que os homens nos considerem, pois, como ministros de (2/2)",carta,12,60,planejado
EP-3215,T6 — CARTAS DE PAULO,1 Coríntios,5,1,13,1 Coríntios 5:1-13,"Geralmente se ouve que há entre vós imoralidade, imoralidade",carta,12,60,planejado
EP-3216,T6 — CARTAS DE PAULO,1 Coríntios,6,1,14,1 Coríntios 6:1-14,"Ousa algum de vós, tendo uma queixa contra outro (1/2)",carta,12,60,planejado
EP-3217,T6 — CARTAS DE PAULO,1 Coríntios,6,15,20,1 Coríntios 6:15-20,"Ousa algum de vós, tendo uma queixa contra outro (2/2)",carta,12,60,planejado
EP-3218,T6 — CARTAS DE PAULO,1 Coríntios,7,1,14,1 Coríntios 7:1-14,"Ora, quanto às coisas de que me escrevestes, bom (1/3)",carta,12,60,planejado
EP-3219,T6 — CARTAS DE PAULO,1 Coríntios,7,15,28,1 Coríntios 7:15-28,"Ora, quanto às coisas de que me escrevestes, bom (2/3)",carta,12,60,planejado
EP-3220,T6 — CARTAS DE PAULO,1 Coríntios,7,29,40,1 Coríntios 7:29-40,"Ora, quanto às coisas de que me escrevestes, bom (3/3)",carta,12,60,planejado
EP-3221,T6 — CARTAS DE PAULO,1 Coríntios,8,1,13,1 Coríntios 8:1-13,"Ora, no tocante às coisas sacrificadas aos ídolos, sabemos",carta,12,60,planejado
EP-3222,T6 — CARTAS DE PAULO,1 Coríntios,9,1,14,1 Coríntios 9:1-14,Não sou eu livre? Não sou apóstolo? Não vi (1/2),carta,12,60,planejado
EP-3223,T6 — CARTAS DE PAULO,1 Coríntios,9,15,27,1 Coríntios 9:15-27,Não sou eu livre? Não sou apóstolo? Não vi (2/2),carta,12,60,planejado
EP-3224,T6 — CARTAS DE PAULO,1 Coríntios,10,1,14,1 Coríntios 10:1-14,"Pois não quero, irmãos, que ignoreis que nossos pais (1/3)",carta,12,60,planejado
EP-3225,T6 — CARTAS DE PAULO,1 Coríntios,10,15,28,1 Coríntios 10:15-28,"Pois não quero, irmãos, que ignoreis que nossos pais (2/3)",carta,12,60,planejado
EP-3226,T6 — CARTAS DE PAULO,1 Coríntios,10,29,33,1 Coríntios 10:29-33,"Pois não quero, irmãos, que ignoreis que nossos pais (3/3)",carta,12,60,planejado
EP-3227,T6 — CARTAS DE PAULO,1 Coríntios,11,1,14,1 Coríntios 11:1-14,"Sede meus imitadores, como também eu o sou de (1/3)",carta,12,60,planejado
EP-3228,T6 — CARTAS DE PAULO,1 Coríntios,11,15,28,1 Coríntios 11:15-28,"Sede meus imitadores, como também eu o sou de (2/3)",carta,12,60,planejado
EP-3229,T6 — CARTAS DE PAULO,1 Coríntios,11,29,34,1 Coríntios 11:29-34,"Sede meus imitadores, como também eu o sou de (3/3)",carta,12,60,planejado
EP-3230,T6 — CARTAS DE PAULO,1 Coríntios,12,1,14,1 Coríntios 12:1-14,"Ora, a respeito dos dons espirituais, não quero, irmãos (1/3)",carta,12,60,planejado
EP-3231,T6 — CARTAS DE PAULO,1 Coríntios,12,15,28,1 Coríntios 12:15-28,"Ora, a respeito dos dons espirituais, não quero, irmãos (2/3)",carta,12,60,planejado
EP-3232,T6 — CARTAS DE PAULO,1 Coríntios,12,29,31,1 Coríntios 12:29-31,"Ora, a respeito dos dons espirituais, não quero, irmãos (3/3)",carta,12,60,planejado
EP-3233,T6 — CARTAS DE PAULO,1 Coríntios,13,1,13,1 Coríntios 13:1-13,O Hino do Amor,carta,12,60,planejado
EP-3234,T6 — CARTAS DE PAULO,1 Coríntios,14,1,14,1 Coríntios 14:1-14,Segui o amor; e procurai com zelo os dons (1/3),carta,12,60,planejado
EP-3235,T6 — CARTAS DE PAULO,1 Coríntios,14,15,28,1 Coríntios 14:15-28,Segui o amor; e procurai com zelo os dons (2/3),carta,12,60,planejado
EP-3236,T6 — CARTAS DE PAULO,1 Coríntios,14,29,40,1 Coríntios 14:29-40,Segui o amor; e procurai com zelo os dons (3/3),carta,12,60,planejado
EP-3237,T6 — CARTAS DE PAULO,1 Coríntios,15,1,14,1 Coríntios 15:1-14,A Ressurreição: o Último Inimigo (1/5),carta,12,60,planejado
EP-3238,T6 — CARTAS DE PAULO,1 Coríntios,15,15,28,1 Coríntios 15:15-28,A Ressurreição: o Último Inimigo (2/5),carta,12,60,planejado
EP-3239,T6 — CARTAS DE PAULO,1 Coríntios,15,29,42,1 Coríntios 15:29-42,A Ressurreição: o Último Inimigo (3/5),carta,12,60,planejado
EP-3240,T6 — CARTAS DE PAULO,1 Coríntios,15,43,56,1 Coríntios 15:43-56,A Ressurreição: o Último Inimigo (4/5),carta,12,60,planejado
EP-3241,T6 — CARTAS DE PAULO,1 Coríntios,15,57,58,1 Coríntios 15:57-58,A Ressurreição: o Último Inimigo (5/5),carta,12,60,planejado
EP-3242,T6 — CARTAS DE PAULO,1 Coríntios,16,1,14,1 Coríntios 16:1-14,"Ora, quanto à coleta para os santos fazei vós (1/2)",carta,12,60,planejado
EP-3243,T6 — CARTAS DE PAULO,1 Coríntios,16,15,24,1 Coríntios 16:15-24,"Ora, quanto à coleta para os santos fazei vós (2/2)",carta,12,60,planejado
EP-3244,T6 — CARTAS DE PAULO,2 Coríntios,1,1,14,2 Coríntios 1:1-14,"Paulo, apóstolo de Cristo Jesus pela vontade de Deus (1/2)",carta,12,60,planejado
EP-3245,T6 — CARTAS DE PAULO,2 Coríntios,1,15,24,2 Coríntios 1:15-24,"Paulo, apóstolo de Cristo Jesus pela vontade de Deus (2/2)",carta,12,60,planejado
EP-3246,T6 — CARTAS DE PAULO,2 Coríntios,2,1,14,2 Coríntios 2:1-14,Mas deliberei isto comigo mesmo: não ir mais ter (1/2),carta,12,60,planejado
EP-3247,T6 — CARTAS DE PAULO,2 Coríntios,2,15,17,2 Coríntios 2:15-17,Mas deliberei isto comigo mesmo: não ir mais ter (2/2),carta,12,60,planejado
EP-3248,T6 — CARTAS DE PAULO,2 Coríntios,3,1,14,2 Coríntios 3:1-14,Começamos outra vez a recomendar-nos a nós mesmos? Ou (1/2),carta,12,60,planejado
EP-3249,T6 — CARTAS DE PAULO,2 Coríntios,3,15,18,2 Coríntios 3:15-18,Começamos outra vez a recomendar-nos a nós mesmos? Ou (2/2),carta,12,60,planejado
EP-3250,T6 — CARTAS DE PAULO,2 Coríntios,4,1,14,2 Coríntios 4:1-14,Vasos de Barro (1/2),carta,12,60,planejado
EP-3251,T6 — CARTAS DE PAULO,2 Coríntios,4,15,18,2 Coríntios 4:15-18,Vasos de Barro (2/2),carta,12,60,planejado
EP-3252,T6 — CARTAS DE PAULO,2 Coríntios,5,1,14,2 Coríntios 5:1-14,"Porque sabemos que, se a nossa casa terrestre deste (1/2)",carta,12,60,planejado
EP-3253,T6 — CARTAS DE PAULO,2 Coríntios,5,15,21,2 Coríntios 5:15-21,"Porque sabemos que, se a nossa casa terrestre deste (2/2)",carta,12,60,planejado
EP-3254,T6 — CARTAS DE PAULO,2 Coríntios,6,1,14,2 Coríntios 6:1-14,"E nós, cooperando com ele, também vos exortamos a (1/2)",carta,12,60,planejado
EP-3255,T6 — CARTAS DE PAULO,2 Coríntios,6,15,18,2 Coríntios 6:15-18,"E nós, cooperando com ele, também vos exortamos a (2/2)",carta,12,60,planejado
EP-3256,T6 — CARTAS DE PAULO,2 Coríntios,7,1,14,2 Coríntios 7:1-14,"Ora, amados, visto que temos tais promessas,… (1/2)",carta,12,60,planejado
EP-3257,T6 — CARTAS DE PAULO,2 Coríntios,7,15,16,2 Coríntios 7:15-16,"Ora, amados, visto que temos tais promessas,… (2/2)",carta,12,60,planejado
EP-3258,T6 — CARTAS DE PAULO,2 Coríntios,8,1,14,2 Coríntios 8:1-14,"Também, irmãos, vos fazemos conhecer a graça de Deus (1/2)",carta,12,60,planejado
EP-3259,T6 — CARTAS DE PAULO,2 Coríntios,8,15,24,2 Coríntios 8:15-24,"Também, irmãos, vos fazemos conhecer a graça de Deus (2/2)",carta,12,60,planejado
EP-3260,T6 — CARTAS DE PAULO,2 Coríntios,9,1,14,2 Coríntios 9:1-14,Pois quanto à ministração que se faz a favor (1/2),carta,12,60,planejado
EP-3261,T6 — CARTAS DE PAULO,2 Coríntios,9,15,15,2 Coríntios 9:15,Pois quanto à ministração que se faz a favor (2/2),carta,12,60,planejado
EP-3262,T6 — CARTAS DE PAULO,2 Coríntios,10,1,14,2 Coríntios 10:1-14,"Ora eu mesmo, Paulo, vos rogo pela mansidão e (1/2)",carta,12,60,planejado
EP-3263,T6 — CARTAS DE PAULO,2 Coríntios,10,15,18,2 Coríntios 10:15-18,"Ora eu mesmo, Paulo, vos rogo pela mansidão e (2/2)",carta,12,60,planejado
EP-3264,T6 — CARTAS DE PAULO,2 Coríntios,11,1,14,2 Coríntios 11:1-14,Oxalá me suportásseis um pouco na minha insensatez! Sim (1/3),carta,12,60,planejado
EP-3265,T6 — CARTAS DE PAULO,2 Coríntios,11,15,28,2 Coríntios 11:15-28,Oxalá me suportásseis um pouco na minha insensatez! Sim (2/3),carta,12,60,planejado
EP-3266,T6 — CARTAS DE PAULO,2 Coríntios,11,29,33,2 Coríntios 11:29-33,Oxalá me suportásseis um pouco na minha insensatez! Sim (3/3),carta,12,60,planejado
EP-3267,T6 — CARTAS DE PAULO,2 Coríntios,12,1,14,2 Coríntios 12:1-14,A Graça Basta (1/2),carta,12,60,planejado
EP-3268,T6 — CARTAS DE PAULO,2 Coríntios,12,15,21,2 Coríntios 12:15-21,A Graça Basta (2/2),carta,12,60,planejado
EP-3269,T6 — CARTAS DE PAULO,2 Coríntios,13,1,14,2 Coríntios 13:1-14,É esta a terceira vez que vou ter convosco,carta,12,60,planejado
EP-3270,T6 — CARTAS DE PAULO,Gálatas,1,1,14,Gálatas 1:1-14,"Paulo, apóstolo {não da parte dos homens, nem por (1/2)",carta,12,60,planejado
EP-3271,T6 — CARTAS DE PAULO,Gálatas,1,15,24,Gálatas 1:15-24,"Paulo, apóstolo {não da parte dos homens, nem por (2/2)",carta,12,60,planejado
EP-3272,T6 — CARTAS DE PAULO,Gálatas,2,1,14,Gálatas 2:1-14,"Depois, passados catorze anos, subi outra vez a Jerusalém (1/2)",carta,12,60,planejado
EP-3273,T6 — CARTAS DE PAULO,Gálatas,2,15,21,Gálatas 2:15-21,"Depois, passados catorze anos, subi outra vez a Jerusalém (2/2)",carta,12,60,planejado
EP-3274,T6 — CARTAS DE PAULO,Gálatas,3,1,14,Gálatas 3:1-14,A Fé de Abraão (1/3),carta,12,60,planejado
EP-3275,T6 — CARTAS DE PAULO,Gálatas,3,15,28,Gálatas 3:15-28,A Fé de Abraão (2/3),carta,12,60,planejado
EP-3276,T6 — CARTAS DE PAULO,Gálatas,3,29,29,Gálatas 3:29,A Fé de Abraão (3/3),carta,12,60,planejado
EP-3277,T6 — CARTAS DE PAULO,Gálatas,4,1,14,Gálatas 4:1-14,"Ora, digo que por todo o tempo em que (1/3)",carta,12,60,planejado
EP-3278,T6 — CARTAS DE PAULO,Gálatas,4,15,28,Gálatas 4:15-28,"Ora, digo que por todo o tempo em que (2/3)",carta,12,60,planejado
EP-3279,T6 — CARTAS DE PAULO,Gálatas,4,29,31,Gálatas 4:29-31,"Ora, digo que por todo o tempo em que (3/3)",carta,12,60,planejado
EP-3280,T6 — CARTAS DE PAULO,Gálatas,5,1,14,Gálatas 5:1-14,O Fruto do Espírito (1/2),carta,12,60,planejado
EP-3281,T6 — CARTAS DE PAULO,Gálatas,5,15,26,Gálatas 5:15-26,O Fruto do Espírito (2/2),carta,12,60,planejado
EP-3282,T6 — CARTAS DE PAULO,Gálatas,6,1,14,Gálatas 6:1-14,"Irmãos, se um homem chegar a ser surpreendido em (1/2)",carta,12,60,planejado
EP-3283,T6 — CARTAS DE PAULO,Gálatas,6,15,18,Gálatas 6:15-18,"Irmãos, se um homem chegar a ser surpreendido em (2/2)",carta,12,60,planejado
EP-3284,T6 — CARTAS DE PAULO,Efésios,1,1,14,Efésios 1:1-14,"Paulo, apóstolo de Cristo Jesus pela vontade de Deus (1/2)",carta,12,60,planejado
EP-3285,T6 — CARTAS DE PAULO,Efésios,1,15,23,Efésios 1:15-23,"Paulo, apóstolo de Cristo Jesus pela vontade de Deus (2/2)",carta,12,60,planejado
EP-3286,T6 — CARTAS DE PAULO,Efésios,2,1,14,Efésios 2:1-14,"Ele vos vivificou, estando vós mortos nos vossos delitos (1/2)",carta,12,60,planejado
EP-3287,T6 — CARTAS DE PAULO,Efésios,2,15,22,Efésios 2:15-22,"Ele vos vivificou, estando vós mortos nos vossos delitos (2/2)",carta,12,60,planejado
EP-3288,T6 — CARTAS DE PAULO,Efésios,3,1,14,Efésios 3:1-14,"Por esta razão eu, Paulo, o prisioneiro de Cristo (1/2)",carta,12,60,planejado
EP-3289,T6 — CARTAS DE PAULO,Efésios,3,15,21,Efésios 3:15-21,"Por esta razão eu, Paulo, o prisioneiro de Cristo (2/2)",carta,12,60,planejado
EP-3290,T6 — CARTAS DE PAULO,Efésios,4,1,14,Efésios 4:1-14,"Rogo-vos, pois, eu, o prisioneiro no Senhor, que andeis (1/3)",carta,12,60,planejado
EP-3291,T6 — CARTAS DE PAULO,Efésios,4,15,28,Efésios 4:15-28,"Rogo-vos, pois, eu, o prisioneiro no Senhor, que andeis (2/3)",carta,12,60,planejado
EP-3292,T6 — CARTAS DE PAULO,Efésios,4,29,32,Efésios 4:29-32,"Rogo-vos, pois, eu, o prisioneiro no Senhor, que andeis (3/3)",carta,12,60,planejado
EP-3293,T6 — CARTAS DE PAULO,Efésios,5,1,14,Efésios 5:1-14,"Sede pois imitadores de Deus, como filhos amados (1/3)",carta,12,60,planejado
EP-3294,T6 — CARTAS DE PAULO,Efésios,5,15,28,Efésios 5:15-28,"Sede pois imitadores de Deus, como filhos amados (2/3)",carta,12,60,planejado
EP-3295,T6 — CARTAS DE PAULO,Efésios,5,29,33,Efésios 5:29-33,"Sede pois imitadores de Deus, como filhos amados (3/3)",carta,12,60,planejado
EP-3296,T6 — CARTAS DE PAULO,Efésios,6,1,14,Efésios 6:1-14,A Armadura de Deus (1/2),carta,12,60,planejado
EP-3297,T6 — CARTAS DE PAULO,Efésios,6,15,24,Efésios 6:15-24,A Armadura de Deus (2/2),carta,12,60,planejado
EP-3298,T6 — CARTAS DE PAULO,Filipenses,1,1,14,Filipenses 1:1-14,"Paulo e Timóteo, servos de Cristo Jesus, a todos (1/3)",carta,12,60,planejado
EP-3299,T6 — CARTAS DE PAULO,Filipenses,1,15,28,Filipenses 1:15-28,"Paulo e Timóteo, servos de Cristo Jesus, a todos (2/3)",carta,12,60,planejado
EP-3300,T6 — CARTAS DE PAULO,Filipenses,1,29,30,Filipenses 1:29-30,"Paulo e Timóteo, servos de Cristo Jesus, a todos (3/3)",carta,12,60,planejado
EP-3301,T6 — CARTAS DE PAULO,Filipenses,2,1,14,Filipenses 2:1-14,Seja a Atitude de Cristo (1/3),carta,12,60,planejado
EP-3302,T6 — CARTAS DE PAULO,Filipenses,2,15,28,Filipenses 2:15-28,Seja a Atitude de Cristo (2/3),carta,12,60,planejado
EP-3303,T6 — CARTAS DE PAULO,Filipenses,2,29,30,Filipenses 2:29-30,Seja a Atitude de Cristo (3/3),carta,12,60,planejado
EP-3304,T6 — CARTAS DE PAULO,Filipenses,3,1,14,Filipenses 3:1-14,"Quanto ao mais, irmãos meus, regozijai-vos no Senhor. Não (1/2)",carta,12,60,planejado
EP-3305,T6 — CARTAS DE PAULO,Filipenses,3,15,21,Filipenses 3:15-21,"Quanto ao mais, irmãos meus, regozijai-vos no Senhor. Não (2/2)",carta,12,60,planejado
EP-3306,T6 — CARTAS DE PAULO,Filipenses,4,1,14,Filipenses 4:1-14,Tudo Posso Naquele que Me Fortalece (1/2),carta,12,60,planejado
EP-3307,T6 — CARTAS DE PAULO,Filipenses,4,15,23,Filipenses 4:15-23,Tudo Posso Naquele que Me Fortalece (2/2),carta,12,60,planejado
EP-3308,T6 — CARTAS DE PAULO,Colossenses,1,1,14,Colossenses 1:1-14,"Paulo, apóstolo de Cristo Jesus pela vontade de Deus (1/3)",carta,12,60,planejado
EP-3309,T6 — CARTAS DE PAULO,Colossenses,1,15,28,Colossenses 1:15-28,"Paulo, apóstolo de Cristo Jesus pela vontade de Deus (2/3)",carta,12,60,planejado
EP-3310,T6 — CARTAS DE PAULO,Colossenses,1,29,29,Colossenses 1:29,"Paulo, apóstolo de Cristo Jesus pela vontade de Deus (3/3)",carta,12,60,planejado
EP-3311,T6 — CARTAS DE PAULO,Colossenses,2,1,14,Colossenses 2:1-14,Pois quero que saibais quão grande luta tenho por (1/2),carta,12,60,planejado
EP-3312,T6 — CARTAS DE PAULO,Colossenses,2,15,23,Colossenses 2:15-23,Pois quero que saibais quão grande luta tenho por (2/2),carta,12,60,planejado
EP-3313,T6 — CARTAS DE PAULO,Colossenses,3,1,14,Colossenses 3:1-14,"Se, pois, fostes ressuscitados juntamente com Cristo,… (1/2)",carta,12,60,planejado
EP-3314,T6 — CARTAS DE PAULO,Colossenses,3,15,25,Colossenses 3:15-25,"Se, pois, fostes ressuscitados juntamente com Cristo,… (2/2)",carta,12,60,planejado
EP-3315,T6 — CARTAS DE PAULO,Colossenses,4,1,14,Colossenses 4:1-14,"Vós, senhores, dai a vossos servos o que é (1/2)",carta,12,60,planejado
EP-3316,T6 — CARTAS DE PAULO,Colossenses,4,15,18,Colossenses 4:15-18,"Vós, senhores, dai a vossos servos o que é (2/2)",carta,12,60,planejado
EP-3317,T6 — CARTAS DE PAULO,1 Tessalonicenses,1,1,10,1 Tessalonicenses 1:1-10,"Paulo, Silvano e Timóteo, à igreja dos tessalonicenses, em",carta,12,60,planejado
EP-3318,T6 — CARTAS DE PAULO,1 Tessalonicenses,2,1,14,1 Tessalonicenses 2:1-14,"Porque vós mesmos sabeis, irmãos, que a nossa entrada (1/2)",carta,12,60,planejado
EP-3319,T6 — CARTAS DE PAULO,1 Tessalonicenses,2,15,20,1 Tessalonicenses 2:15-20,"Porque vós mesmos sabeis, irmãos, que a nossa entrada (2/2)",carta,12,60,planejado
EP-3320,T6 — CARTAS DE PAULO,1 Tessalonicenses,3,1,13,1 Tessalonicenses 3:1-13,"Pelo que, não podendo mais suportar o cuidado por",carta,12,60,planejado
EP-3321,T6 — CARTAS DE PAULO,1 Tessalonicenses,4,1,14,1 Tessalonicenses 4:1-14,A Vinda do Senhor (1/2),carta,12,60,planejado
EP-3322,T6 — CARTAS DE PAULO,1 Tessalonicenses,4,15,18,1 Tessalonicenses 4:15-18,A Vinda do Senhor (2/2),carta,12,60,planejado
EP-3323,T6 — CARTAS DE PAULO,1 Tessalonicenses,5,1,14,1 Tessalonicenses 5:1-14,O Dia do SENHOR como Ladrão (1/2),carta,12,60,planejado
EP-3324,T6 — CARTAS DE PAULO,1 Tessalonicenses,5,15,28,1 Tessalonicenses 5:15-28,O Dia do SENHOR como Ladrão (2/2),carta,12,60,planejado
EP-3325,T6 — CARTAS DE PAULO,2 Tessalonicenses,1,1,12,2 Tessalonicenses 1:1-12,"Paulo, Silvano e Timóteo à igreja dos tessalonicenses, em",carta,12,60,planejado
EP-3326,T6 — CARTAS DE PAULO,2 Tessalonicenses,2,1,14,2 Tessalonicenses 2:1-14,O Homem da Iniquidade (1/2),carta,12,60,planejado
EP-3327,T6 — CARTAS DE PAULO,2 Tessalonicenses,2,15,17,2 Tessalonicenses 2:15-17,O Homem da Iniquidade (2/2),carta,12,60,planejado
EP-3328,T6 — CARTAS DE PAULO,2 Tessalonicenses,3,1,14,2 Tessalonicenses 3:1-14,"Finalmente, irmãos, orai por nós, para que a palavra (1/2)",carta,12,60,planejado
EP-3329,T6 — CARTAS DE PAULO,2 Tessalonicenses,3,15,18,2 Tessalonicenses 3:15-18,"Finalmente, irmãos, orai por nós, para que a palavra (2/2)",carta,12,60,planejado
EP-3330,T6 — CARTAS DE PAULO,1 Timóteo,1,1,14,1 Timóteo 1:1-14,"Paulo, apóstolo de Cristo Jesus, segundo o mandado de (1/2)",carta,12,60,planejado
EP-3331,T6 — CARTAS DE PAULO,1 Timóteo,1,15,20,1 Timóteo 1:15-20,"Paulo, apóstolo de Cristo Jesus, segundo o mandado de (2/2)",carta,12,60,planejado
EP-3332,T6 — CARTAS DE PAULO,1 Timóteo,2,1,14,1 Timóteo 2:1-14,"Exorto, pois, antes de tudo que se façam súplicas (1/2)",carta,12,60,planejado
EP-3333,T6 — CARTAS DE PAULO,1 Timóteo,2,15,15,1 Timóteo 2:15,"Exorto, pois, antes de tudo que se façam súplicas (2/2)",carta,12,60,planejado
EP-3334,T6 — CARTAS DE PAULO,1 Timóteo,3,1,14,1 Timóteo 3:1-14,Os Bispos e Diáconos (1/2),carta,12,60,planejado
EP-3335,T6 — CARTAS DE PAULO,1 Timóteo,3,15,16,1 Timóteo 3:15-16,Os Bispos e Diáconos (2/2),carta,12,60,planejado
EP-3336,T6 — CARTAS DE PAULO,1 Timóteo,4,1,14,1 Timóteo 4:1-14,Mas o Espírito expressamente diz que em tempos posteriores (1/2),carta,12,60,planejado
EP-3337,T6 — CARTAS DE PAULO,1 Timóteo,4,15,16,1 Timóteo 4:15-16,Mas o Espírito expressamente diz que em tempos posteriores (2/2),carta,12,60,planejado
EP-3338,T6 — CARTAS DE PAULO,1 Timóteo,5,1,14,1 Timóteo 5:1-14,"Não repreendas asperamente a um velho, mas admoesta-o como (1/2)",carta,12,60,planejado
EP-3339,T6 — CARTAS DE PAULO,1 Timóteo,5,15,25,1 Timóteo 5:15-25,"Não repreendas asperamente a um velho, mas admoesta-o como (2/2)",carta,12,60,planejado
EP-3340,T6 — CARTAS DE PAULO,1 Timóteo,6,1,14,1 Timóteo 6:1-14,Todos os servos que estão debaixo do jugo considerem (1/2),carta,12,60,planejado
EP-3341,T6 — CARTAS DE PAULO,1 Timóteo,6,15,21,1 Timóteo 6:15-21,Todos os servos que estão debaixo do jugo considerem (2/2),carta,12,60,planejado
EP-3342,T6 — CARTAS DE PAULO,2 Timóteo,1,1,14,2 Timóteo 1:1-14,"Paulo, apóstolo de Cristo Jesus pela vontade de Deus (1/2)",carta,12,60,planejado
EP-3343,T6 — CARTAS DE PAULO,2 Timóteo,1,15,18,2 Timóteo 1:15-18,"Paulo, apóstolo de Cristo Jesus pela vontade de Deus (2/2)",carta,12,60,planejado
EP-3344,T6 — CARTAS DE PAULO,2 Timóteo,2,1,14,2 Timóteo 2:1-14,"Tu, pois, meu filho, fortifica-te na graça que há (1/2)",carta,12,60,planejado
EP-3345,T6 — CARTAS DE PAULO,2 Timóteo,2,15,26,2 Timóteo 2:15-26,"Tu, pois, meu filho, fortifica-te na graça que há (2/2)",carta,12,60,planejado
EP-3346,T6 — CARTAS DE PAULO,2 Timóteo,3,1,14,2 Timóteo 3:1-14,Toda a Escritura É Inspirada (1/2),carta,12,60,planejado
EP-3347,T6 — CARTAS DE PAULO,2 Timóteo,3,15,17,2 Timóteo 3:15-17,Toda a Escritura É Inspirada (2/2),carta,12,60,planejado
EP-3348,T6 — CARTAS DE PAULO,2 Timóteo,4,1,14,2 Timóteo 4:1-14,Combati o Bom Combate (1/2),carta,12,60,planejado
EP-3349,T6 — CARTAS DE PAULO,2 Timóteo,4,15,22,2 Timóteo 4:15-22,Combati o Bom Combate (2/2),carta,12,60,planejado
EP-3350,T6 — CARTAS DE PAULO,Tito,1,1,14,Tito 1:1-14,"Paulo, servo de Deus, e apóstolo de Jesus Cristo (1/2)",carta,12,60,planejado
EP-3351,T6 — CARTAS DE PAULO,Tito,1,15,16,Tito 1:15-16,"Paulo, servo de Deus, e apóstolo de Jesus Cristo (2/2)",carta,12,60,planejado
EP-3352,T6 — CARTAS DE PAULO,Tito,2,1,14,Tito 2:1-14,A Graça que Traz Salvação (1/2),carta,12,60,planejado
EP-3353,T6 — CARTAS DE PAULO,Tito,2,15,15,Tito 2:15,A Graça que Traz Salvação (2/2),carta,12,60,planejado
EP-3354,T6 — CARTAS DE PAULO,Tito,3,1,14,Tito 3:1-14,Adverte-lhes que estejam sujeitos aos governadores e… (1/2),carta,12,60,planejado
EP-3355,T6 — CARTAS DE PAULO,Tito,3,15,15,Tito 3:15,Adverte-lhes que estejam sujeitos aos governadores e… (2/2),carta,12,60,planejado
EP-3356,T6 — CARTAS DE PAULO,Filemom,1,1,14,Filemom 1:1-14,"Onésimo, o Escravo Amado (1/2)",carta,12,60,planejado
EP-3357,T6 — CARTAS DE PAULO,Filemom,1,15,25,Filemom 1:15-25,"Onésimo, o Escravo Amado (2/2)",carta,12,60,planejado
EP-3358,T7 — CARTAS GERAIS,Hebreus,1,1,14,Hebreus 1:1-14,"Havendo Deus antigamente falado muitas vezes, e de muitas",carta,12,60,planejado
EP-3359,T7 — CARTAS GERAIS,Hebreus,2,1,14,Hebreus 2:1-14,Por isso convém atentarmos mais diligentemente para as coisas (1/2),carta,12,60,planejado
EP-3360,T7 — CARTAS GERAIS,Hebreus,2,15,18,Hebreus 2:15-18,Por isso convém atentarmos mais diligentemente para as coisas (2/2),carta,12,60,planejado
EP-3361,T7 — CARTAS GERAIS,Hebreus,3,1,14,Hebreus 3:1-14,"Pelo que, santos irmãos, participantes da vocação… (1/2)",carta,12,60,planejado
EP-3362,T7 — CARTAS GERAIS,Hebreus,3,15,19,Hebreus 3:15-19,"Pelo que, santos irmãos, participantes da vocação… (2/2)",carta,12,60,planejado
EP-3363,T7 — CARTAS GERAIS,Hebreus,4,1,14,Hebreus 4:1-14,"Portanto, tendo-nos sido deixada a promessa de entrarmos no (1/2)",carta,12,60,planejado
EP-3364,T7 — CARTAS GERAIS,Hebreus,4,15,16,Hebreus 4:15-16,"Portanto, tendo-nos sido deixada a promessa de entrarmos no (2/2)",carta,12,60,planejado
EP-3365,T7 — CARTAS GERAIS,Hebreus,5,1,14,Hebreus 5:1-14,Porque todo sumo sacerdote tomado dentre os homens é,carta,12,60,planejado
EP-3366,T7 — CARTAS GERAIS,Hebreus,6,1,14,Hebreus 6:1-14,Pelo que deixando os rudimentos da doutrina de Cristo (1/2),carta,12,60,planejado
EP-3367,T7 — CARTAS GERAIS,Hebreus,6,15,20,Hebreus 6:15-20,Pelo que deixando os rudimentos da doutrina de Cristo (2/2),carta,12,60,planejado
EP-3368,T7 — CARTAS GERAIS,Hebreus,7,1,14,Hebreus 7:1-14,"Porque este Melquisedeque, rei de Salém, sacerdote do Deus (1/2)",carta,12,60,planejado
EP-3369,T7 — CARTAS GERAIS,Hebreus,7,15,28,Hebreus 7:15-28,"Porque este Melquisedeque, rei de Salém, sacerdote do Deus (2/2)",carta,12,60,planejado
EP-3370,T7 — CARTAS GERAIS,Hebreus,8,1,13,Hebreus 8:1-13,"Ora, do que estamos dizendo, o ponto principal é",carta,12,60,planejado
EP-3371,T7 — CARTAS GERAIS,Hebreus,9,1,14,Hebreus 9:1-14,"Ora, também o primeiro pacto tinha ordenanças de serviço (1/2)",carta,12,60,planejado
EP-3372,T7 — CARTAS GERAIS,Hebreus,9,15,28,Hebreus 9:15-28,"Ora, também o primeiro pacto tinha ordenanças de serviço (2/2)",carta,12,60,planejado
EP-3373,T7 — CARTAS GERAIS,Hebreus,10,1,14,Hebreus 10:1-14,"Porque a lei, tendo a sombra dos bens futuros (1/3)",carta,12,60,planejado
EP-3374,T7 — CARTAS GERAIS,Hebreus,10,15,28,Hebreus 10:15-28,"Porque a lei, tendo a sombra dos bens futuros (2/3)",carta,12,60,planejado
EP-3375,T7 — CARTAS GERAIS,Hebreus,10,29,39,Hebreus 10:29-39,"Porque a lei, tendo a sombra dos bens futuros (3/3)",carta,12,60,planejado
EP-3376,T7 — CARTAS GERAIS,Hebreus,11,1,14,Hebreus 11:1-14,A Galeria da Fé (1/3),carta,12,60,planejado
EP-3377,T7 — CARTAS GERAIS,Hebreus,11,15,28,Hebreus 11:15-28,A Galeria da Fé (2/3),carta,12,60,planejado
EP-3378,T7 — CARTAS GERAIS,Hebreus,11,29,40,Hebreus 11:29-40,A Galeria da Fé (3/3),carta,12,60,planejado
EP-3379,T7 — CARTAS GERAIS,Hebreus,12,1,14,Hebreus 12:1-14,Corramos com Perseverança (1/3),carta,12,60,planejado
EP-3380,T7 — CARTAS GERAIS,Hebreus,12,15,28,Hebreus 12:15-28,Corramos com Perseverança (2/3),carta,12,60,planejado
EP-3381,T7 — CARTAS GERAIS,Hebreus,12,29,29,Hebreus 12:29,Corramos com Perseverança (3/3),carta,12,60,planejado
EP-3382,T7 — CARTAS GERAIS,Hebreus,13,1,14,Hebreus 13:1-14,Permaneça o amor fraternal (1/2),carta,12,60,planejado
EP-3383,T7 — CARTAS GERAIS,Hebreus,13,15,25,Hebreus 13:15-25,Permaneça o amor fraternal (2/2),carta,12,60,planejado
EP-3384,T7 — CARTAS GERAIS,Tiago,1,1,14,Tiago 1:1-14,A Provação Produz Perseverança (1/2),carta,12,60,planejado
EP-3385,T7 — CARTAS GERAIS,Tiago,1,15,27,Tiago 1:15-27,A Provação Produz Perseverança (2/2),carta,12,60,planejado
EP-3386,T7 — CARTAS GERAIS,Tiago,2,1,14,Tiago 2:1-14,"Meus irmãos, não tenhais a fé em nosso Senhor (1/2)",carta,12,60,planejado
EP-3387,T7 — CARTAS GERAIS,Tiago,2,15,26,Tiago 2:15-26,"Meus irmãos, não tenhais a fé em nosso Senhor (2/2)",carta,12,60,planejado
EP-3388,T7 — CARTAS GERAIS,Tiago,3,1,14,Tiago 3:1-14,A Língua e a Sabedoria (1/2),carta,12,60,planejado
EP-3389,T7 — CARTAS GERAIS,Tiago,3,15,18,Tiago 3:15-18,A Língua e a Sabedoria (2/2),carta,12,60,planejado
EP-3390,T7 — CARTAS GERAIS,Tiago,4,1,14,Tiago 4:1-14,Donde vêm as guerras e contendas entre vós? Porventura (1/2),carta,12,60,planejado
EP-3391,T7 — CARTAS GERAIS,Tiago,4,15,17,Tiago 4:15-17,Donde vêm as guerras e contendas entre vós? Porventura (2/2),carta,12,60,planejado
EP-3392,T7 — CARTAS GERAIS,Tiago,5,1,14,Tiago 5:1-14,"E agora, vós ricos, chorai e pranteai, por causa (1/2)",carta,12,60,planejado
EP-3393,T7 — CARTAS GERAIS,Tiago,5,15,20,Tiago 5:15-20,"E agora, vós ricos, chorai e pranteai, por causa (2/2)",carta,12,60,planejado
EP-3394,T7 — CARTAS GERAIS,1 Pedro,1,1,14,1 Pedro 1:1-14,A Esperança Viva (1/2),carta,12,60,planejado
EP-3395,T7 — CARTAS GERAIS,1 Pedro,1,15,25,1 Pedro 1:15-25,A Esperança Viva (2/2),carta,12,60,planejado
EP-3396,T7 — CARTAS GERAIS,1 Pedro,2,1,14,1 Pedro 2:1-14,"Deixando, pois, toda a malícia, todo o engano, e (1/2)",carta,12,60,planejado
EP-3397,T7 — CARTAS GERAIS,1 Pedro,2,15,25,1 Pedro 2:15-25,"Deixando, pois, toda a malícia, todo o engano, e (2/2)",carta,12,60,planejado
EP-3398,T7 — CARTAS GERAIS,1 Pedro,3,1,14,1 Pedro 3:1-14,"Semelhantemente vós, mulheres, sede submissas a vossos… (1/2)",carta,12,60,planejado
EP-3399,T7 — CARTAS GERAIS,1 Pedro,3,15,22,1 Pedro 3:15-22,"Semelhantemente vós, mulheres, sede submissas a vossos… (2/2)",carta,12,60,planejado
EP-3400,T7 — CARTAS GERAIS,1 Pedro,4,1,14,1 Pedro 4:1-14,"Ora pois, já que Cristo padeceu na carne, armai-vos (1/2)",carta,12,60,planejado
EP-3401,T7 — CARTAS GERAIS,1 Pedro,4,15,19,1 Pedro 4:15-19,"Ora pois, já que Cristo padeceu na carne, armai-vos (2/2)",carta,12,60,planejado
EP-3402,T7 — CARTAS GERAIS,1 Pedro,5,1,14,1 Pedro 5:1-14,Lançando Sobre Ele Toda Ansiedade,carta,12,60,planejado
EP-3403,T7 — CARTAS GERAIS,2 Pedro,1,1,14,2 Pedro 1:1-14,"Simão Pedro, servo e apóstolo de Jesus Cristo, aos (1/2)",carta,12,60,planejado
EP-3404,T7 — CARTAS GERAIS,2 Pedro,1,15,21,2 Pedro 1:15-21,"Simão Pedro, servo e apóstolo de Jesus Cristo, aos (2/2)",carta,12,60,planejado
EP-3405,T7 — CARTAS GERAIS,2 Pedro,2,1,14,2 Pedro 2:1-14,"Mas houve também entre o povo falsos profetas, como (1/2)",carta,12,60,planejado
EP-3406,T7 — CARTAS GERAIS,2 Pedro,2,15,22,2 Pedro 2:15-22,"Mas houve também entre o povo falsos profetas, como (2/2)",carta,12,60,planejado
EP-3407,T7 — CARTAS GERAIS,2 Pedro,3,1,14,2 Pedro 3:1-14,O Dia do Senhor Vem como Ladrão (1/2),carta,12,60,planejado
EP-3408,T7 — CARTAS GERAIS,2 Pedro,3,15,18,2 Pedro 3:15-18,O Dia do Senhor Vem como Ladrão (2/2),carta,12,60,planejado
EP-3409,T7 — CARTAS GERAIS,1 João,1,1,10,1 João 1:1-10,Luz e Comunhão,carta,12,60,planejado
EP-3410,T7 — CARTAS GERAIS,1 João,2,1,14,1 João 2:1-14,"Meus filhinhos, estas coisas vos escrevo, para que não (1/3)",carta,12,60,planejado
EP-3411,T7 — CARTAS GERAIS,1 João,2,15,28,1 João 2:15-28,"Meus filhinhos, estas coisas vos escrevo, para que não (2/3)",carta,12,60,planejado
EP-3412,T7 — CARTAS GERAIS,1 João,2,29,29,1 João 2:29,"Meus filhinhos, estas coisas vos escrevo, para que não (3/3)",carta,12,60,planejado
EP-3413,T7 — CARTAS GERAIS,1 João,3,1,14,1 João 3:1-14,Vede que grande amor nos tem concedido o Pai (1/2),carta,12,60,planejado
EP-3414,T7 — CARTAS GERAIS,1 João,3,15,24,1 João 3:15-24,Vede que grande amor nos tem concedido o Pai (2/2),carta,12,60,planejado
EP-3415,T7 — CARTAS GERAIS,1 João,4,1,14,1 João 4:1-14,Deus É Amor (1/2),carta,12,60,planejado
EP-3416,T7 — CARTAS GERAIS,1 João,4,15,21,1 João 4:15-21,Deus É Amor (2/2),carta,12,60,planejado
EP-3417,T7 — CARTAS GERAIS,1 João,5,1,14,1 João 5:1-14,Todo aquele que crê que Jesus é o Cristo (1/2),carta,12,60,planejado
EP-3418,T7 — CARTAS GERAIS,1 João,5,15,21,1 João 5:15-21,Todo aquele que crê que Jesus é o Cristo (2/2),carta,12,60,planejado
EP-3419,T7 — CARTAS GERAIS,2 João,1,1,13,2 João 1:1-13,Verdade e Amor,carta,12,60,planejado
EP-3420,T7 — CARTAS GERAIS,3 João,1,1,14,3 João 1:1-14,"Gaio, o Hospitaleiro (1/2)",carta,12,60,planejado
EP-3421,T7 — CARTAS GERAIS,3 João,1,15,15,3 João 1:15,"Gaio, o Hospitaleiro (2/2)",carta,12,60,planejado
EP-3422,T7 — CARTAS GERAIS,Judas,1,1,14,Judas 1:1-14,Contendei Pela Fé (1/2),carta,12,60,planejado
EP-3423,T7 — CARTAS GERAIS,Judas,1,15,25,Judas 1:15-25,Contendei Pela Fé (2/2),carta,12,60,planejado
EP-3424,T8 — APOCALIPSE,Apocalipse,1,1,12,Apocalipse 1:1-12,A Visão de Patmos (1/2),apocaliptico,12,60,planejado
EP-3425,T8 — APOCALIPSE,Apocalipse,1,13,20,Apocalipse 1:13-20,A Visão de Patmos (2/2),apocaliptico,12,60,planejado
EP-3426,T8 — APOCALIPSE,Apocalipse,2,1,12,Apocalipse 2:1-12,"Éfeso, Esmirna, Pérgamo e Tiatira (1/3)",apocaliptico,12,60,planejado
EP-3427,T8 — APOCALIPSE,Apocalipse,2,13,24,Apocalipse 2:13-24,"Éfeso, Esmirna, Pérgamo e Tiatira (2/3)",apocaliptico,12,60,planejado
EP-3428,T8 — APOCALIPSE,Apocalipse,2,25,29,Apocalipse 2:25-29,"Éfeso, Esmirna, Pérgamo e Tiatira (3/3)",apocaliptico,12,60,planejado
EP-3429,T8 — APOCALIPSE,Apocalipse,3,1,12,Apocalipse 3:1-12,"Sardes, Filadélfia e Laodiceia (1/2)",apocaliptico,12,60,planejado
EP-3430,T8 — APOCALIPSE,Apocalipse,3,13,22,Apocalipse 3:13-22,"Sardes, Filadélfia e Laodiceia (2/2)",apocaliptico,12,60,planejado
EP-3431,T8 — APOCALIPSE,Apocalipse,4,1,11,Apocalipse 4:1-11,O Trono e os Vinte e Quatro Anciãos,apocaliptico,12,60,planejado
EP-3432,T8 — APOCALIPSE,Apocalipse,5,1,12,Apocalipse 5:1-12,O Livro e o Cordeiro (1/2),apocaliptico,12,60,planejado
EP-3433,T8 — APOCALIPSE,Apocalipse,5,13,14,Apocalipse 5:13-14,O Livro e o Cordeiro (2/2),apocaliptico,12,60,planejado
EP-3434,T8 — APOCALIPSE,Apocalipse,6,1,12,Apocalipse 6:1-12,Os Quatro Cavaleiros (1/2),apocaliptico,12,60,planejado
EP-3435,T8 — APOCALIPSE,Apocalipse,6,13,17,Apocalipse 6:13-17,Os Quatro Cavaleiros (2/2),apocaliptico,12,60,planejado
EP-3436,T8 — APOCALIPSE,Apocalipse,7,1,12,Apocalipse 7:1-12,A Grande Multidão (1/2),apocaliptico,12,60,planejado
EP-3437,T8 — APOCALIPSE,Apocalipse,7,13,17,Apocalipse 7:13-17,A Grande Multidão (2/2),apocaliptico,12,60,planejado
EP-3438,T8 — APOCALIPSE,Apocalipse,8,1,12,Apocalipse 8:1-12,As Trombetas (1/2),apocaliptico,12,60,planejado
EP-3439,T8 — APOCALIPSE,Apocalipse,8,13,13,Apocalipse 8:13,As Trombetas (2/2),apocaliptico,12,60,planejado
EP-3440,T8 — APOCALIPSE,Apocalipse,9,1,12,Apocalipse 9:1-12,Gafanhotos e o Abismo (1/2),apocaliptico,12,60,planejado
EP-3441,T8 — APOCALIPSE,Apocalipse,9,13,21,Apocalipse 9:13-21,Gafanhotos e o Abismo (2/2),apocaliptico,12,60,planejado
EP-3442,T8 — APOCALIPSE,Apocalipse,10,1,11,Apocalipse 10:1-11,O Livrinho Doce e Amargo,apocaliptico,12,60,planejado
EP-3443,T8 — APOCALIPSE,Apocalipse,11,1,12,Apocalipse 11:1-12,As Duas Testemunhas (1/2),apocaliptico,12,60,planejado
EP-3444,T8 — APOCALIPSE,Apocalipse,11,13,19,Apocalipse 11:13-19,As Duas Testemunhas (2/2),apocaliptico,12,60,planejado
EP-3445,T8 — APOCALIPSE,Apocalipse,12,1,12,Apocalipse 12:1-12,"A Mulher, o Dragão e o Menino (1/2)",apocaliptico,12,60,planejado
EP-3446,T8 — APOCALIPSE,Apocalipse,12,13,18,Apocalipse 12:13-18,"A Mulher, o Dragão e o Menino (2/2)",apocaliptico,12,60,planejado
EP-3447,T8 — APOCALIPSE,Apocalipse,13,1,12,Apocalipse 13:1-12,A Besta e a Imagem (1/2),apocaliptico,12,60,planejado
EP-3448,T8 — APOCALIPSE,Apocalipse,13,13,18,Apocalipse 13:13-18,A Besta e a Imagem (2/2),apocaliptico,12,60,planejado
EP-3449,T8 — APOCALIPSE,Apocalipse,14,1,12,Apocalipse 14:1-12,O Cordeiro no Monte Sião (1/2),apocaliptico,12,60,planejado
EP-3450,T8 — APOCALIPSE,Apocalipse,14,13,20,Apocalipse 14:13-20,O Cordeiro no Monte Sião (2/2),apocaliptico,12,60,planejado
EP-3451,T8 — APOCALIPSE,Apocalipse,15,1,8,Apocalipse 15:1-8,As Sete Taças,apocaliptico,12,60,planejado
EP-3452,T8 — APOCALIPSE,Apocalipse,16,1,12,Apocalipse 16:1-12,Armagedom (1/2),apocaliptico,12,60,planejado
EP-3453,T8 — APOCALIPSE,Apocalipse,16,13,21,Apocalipse 16:13-21,Armagedom (2/2),apocaliptico,12,60,planejado
EP-3454,T8 — APOCALIPSE,Apocalipse,17,1,12,Apocalipse 17:1-12,A Grande Babilônia (1/2),apocaliptico,12,60,planejado
EP-3455,T8 — APOCALIPSE,Apocalipse,17,13,18,Apocalipse 17:13-18,A Grande Babilônia (2/2),apocaliptico,12,60,planejado
EP-3456,T8 — APOCALIPSE,Apocalipse,18,1,12,Apocalipse 18:1-12,Caiu Babilônia (1/2),apocaliptico,12,60,planejado
EP-3457,T8 — APOCALIPSE,Apocalipse,18,13,24,Apocalipse 18:13-24,Caiu Babilônia (2/2),apocaliptico,12,60,planejado
EP-3458,T8 — APOCALIPSE,Apocalipse,19,1,12,Apocalipse 19:1-12,As Bodas do Cordeiro (1/2),apocaliptico,12,60,planejado
EP-3459,T8 — APOCALIPSE,Apocalipse,19,13,21,Apocalipse 19:13-21,As Bodas do Cordeiro (2/2),apocaliptico,12,60,planejado
EP-3460,T8 — APOCALIPSE,Apocalipse,20,1,12,Apocalipse 20:1-12,O Milênio e o Juízo Final (1/2),apocaliptico,12,60,planejado
EP-3461,T8 — APOCALIPSE,Apocalipse,20,13,15,Apocalipse 20:13-15,O Milênio e o Juízo Final (2/2),apocaliptico,12,60,planejado
EP-3462,T8 — APOCALIPSE,Apocalipse,21,1,12,Apocalipse 21:1-12,Novo Céu e Nova Terra (1/3),apocaliptico,12,60,planejado
EP-3463,T8 — APOCALIPSE,Apocalipse,21,13,24,Apocalipse 21:13-24,Novo Céu e Nova Terra (2/3),apocaliptico,12,60,planejado
EP-3464,T8 — APOCALIPSE,Apocalipse,21,25,27,Apocalipse 21:25-27,Novo Céu e Nova Terra (3/3),apocaliptico,12,60,planejado
EP-3465,T8 — APOCALIPSE,Apocalipse,22,1,12,Apocalipse 22:1-12,"O Rio da Vida e Vem, Senhor Jesus (1/2)",apocaliptico,12,60,planejado
EP-3466,T8 — APOCALIPSE,Apocalipse,22,13,21,Apocalipse 22:13-21,"O Rio da Vida e Vem, Senhor Jesus (2/2)",apocaliptico,12,60,planejado
