capitulo,versiculo,referencia,hebraico_mt,hebraico_sem_niqqud,palavras_hebraico,targum_onkelos,palavras_targum,septuaginta_grego,palavras_lxx,peshitta_siriaco,palavras_peshitta,portugues_aa,palavras_portugues,tem_targum,tem_lxx,tem_peshitta
1,1,Êxodo 1:1,וְאֵ֗לֶּה שְׁמוֹת֙ בְּנֵ֣י יִשְׂרָאֵ֔ל הַבָּאִ֖ים מִצְרָ֑יְמָה אֵ֣ת יַעֲקֹ֔ב אִ֥ישׁ וּבֵית֖וֹ בָּֽאוּ ׃,ואלה שמות בני ישראל הבאימ מצרימה את יעקב איש וביתו באו,12,ואלין שמהת בני ישראל דעלו למצרים עם יעקב גבר ואנש ביתה עלו:,12,ΤΑΥΤΑ τὰ ὀνόματα τῶν υἱῶν Ἰσραὴλ τῶν εἰσπεπορευμένων εἰς Αἴγυπτον ἅμα Ἰακὼβ τῷ πατρὶ αὐτῶν· ἕκαστος πανοικὶ αὐτῶν εἰσήλθοσαν·,19,ܘܗܠܝܢ ܫܡ̈ܗܐ ܕܒܢ̈ܝ ܐܝܣܪܝܠ. ܕܥܠܘ ܠܡܨܪܝܢ ܥܡ ܝܥܩܘܒ. ܓܒܪ ܘܒܝܬܗ ܥܠܘ.,11,"Ora, estes são os nomes dos filhos de Israel, que entraram no Egito; entraram com Jacó, cada um com a sua família:",22,True,True,True
1,2,Êxodo 1:2,רְאוּבֵ֣ן שִׁמְע֔וֹן לֵוִ֖י וִיהוּדָֽה ׃,ראובנ שמעונ לוי ויהודה,5,ראובן שמעון לוי ויהודה:,4,"Ῥουβήν, Συμεών, Λευεί, Ἰούδας,",4,ܪܘܒܝܠ ܘܫܡܥܘܢ. ܘܠܘܝ ܘܝܗܘܕܐ.,4,"Rúben, Simeão, Levi, e Judá;",5,True,True,True
1,3,Êxodo 1:3,יִשָּׂשכָ֥ר זְבוּלֻ֖ן וּבְנְיָמִֽן ׃,יששכר זבולנ ובנימנ,4,יששכר זבולן ובנימין:,3,"Ἰσσαχάρ, Ζαβουλὼν καὶ Βενιαμείν,",4,ܘܐܝܣܟܪ ܘܙܒܘܠܘܢ ܘܒܢܝܡܝܢ.,3,"Issacar, Zebulom e Benjamim;",4,True,True,True
1,4,Êxodo 1:4,דָּ֥ן וְנַפְתָּלִ֖י גָּ֥ד וְאָשֵֽׁר ׃,דנ ונפתלי גד ואשר,5,דן ונפתלי גד ואשר:,4,"Δὰν καὶ Νεφθαλεί, Γὰδ καὶ Ἀσήρ.",6,ܘܕܢ ܘܢܦܬܠܝ. ܘܓܕ ܘܐܫܝܪ.,4,"Dã e Naftali, Gade e Aser.",6,True,True,True
1,5,Êxodo 1:5,וַֽיְהִ֗י כָּל־ נֶ֛פֶשׁ יֹצְאֵ֥י יֶֽרֶךְ־ יַעֲקֹ֖ב שִׁבְעִ֣ים נָ֑פֶשׁ וְיוֹסֵ֖ף הָיָ֥ה בְמִצְרָֽיִם ׃,ויהי כל נפש יצאי ירכ יעקב שבעימ נפש ויוספ היה במצרימ,12,והוה כל נפשתא נפקי ירכא דיעקב שבעין נפשן ויוסף דהוה במצרים:,11,Ἰωσὴφ δὲ ἦν ἐν Αἰγύπτῳ· ἦσαν δὲ πᾶσαι ψυχαὶ ἐξ Ἰακὼβ πέντε καὶ ἑβδομήκοντα.,14,ܘܗ̈ܘܝ ܟܠ ܢܦܫ̈ܬܐ ܕܢܦ̣ܩ ܡܢ ܚܨܗ ܕܝܥܩܘܒ ܫܒܥܝܢ ܢܦܫ̈ܢ. ܘܝܘܣܦ ܗܘܐ ܒܡܨܪܝܢ.,12,"Todas as almas, pois, que procederam da coxa de Jacó, foram setenta; José, porém, já estava no Egito.",18,True,True,True
1,6,Êxodo 1:6,וַיָּ֤מָת יוֹסֵף֙ וְכָל־ אֶחָ֔יו וְכֹ֖ל הַדּ֥וֹר הַהֽוּא ׃,וימת יוספ וכל אחיו וכל הדור ההוא,8,ומית יוסף וכל אחוהי וכל דרא ההוא:,7,Ἐτελεύτησεν δὲ Ἰωσὴφ καὶ πάντες οἱ ἀδελφοὶ αὐτοῦ καὶ πᾶσα ἡ γενεὰ ἐκείνη.,13,ܘܡܝܬ ܝܘܣܦ ܘܟܠܗܘܢ ܐܚ̈ܘܗܝ ܘܟܠܗ ܕܪܐ ܗ̇ܘ.,7,"Morreu, pois, José, e todos os seus irmãos, e toda aquela geração.",12,True,True,True
1,7,Êxodo 1:7,וּבְנֵ֣י יִשְׂרָאֵ֗ל פָּר֧וּ וַֽיִּשְׁרְצ֛וּ וַיִּרְבּ֥וּ וַיַּֽעַצְמ֖וּ בִּמְאֹ֣ד מְאֹ֑ד וַתִּמָּלֵ֥א הָאָ֖רֶץ אֹתָֽם ׃ פ,ובני ישראל פרו וישרצו וירבו ויעצמו במאד מאד ותמלא הארצ אתמ פ,13,ובני ישראל נפישו ואתילדו וסגיאו ותקיפו לחדא לחדא ואתמליאת ארעא מנהון:,11,οἱ δὲ υἱοὶ Ἰσραὴλ ηὐξήθησαν καὶ ἐπληθύνθησαν καὶ χυδαῖοι ἐγένοντο καὶ κατίσχυον σφόδρα σφόδρα· ἐπλήθυνεν δὲ ἡ γῆ αὐτούς.,19,ܘܒܢ̈ܝ ܐܝܣܪܝܠ ܟܒܪܘ ܘܐܘܠܕܘ ܘܣܓܝܘ. ܘܬܩܦܘ ܛܒ ܛܒ ܘܐܬܡ̣ܠܝܬ ܐܪܥܐ ܡܢܗܘܢ.,11,"Depois os filhos de Israel frutificaram e aumentaram muito, multiplicaram-se e tornaram-se sobremaneira fortes, de modo que a terra se encheu deles.",22,True,True,True
1,8,Êxodo 1:8,וַיָּ֥קָם מֶֽלֶךְ־ חָדָ֖שׁ עַל־ מִצְרָ֑יִם אֲשֶׁ֥ר לֹֽא־ יָדַ֖ע אֶת־ יוֹסֵֽף ׃,ויקמ מלכ חדש על מצרימ אשר לא ידע את יוספ,11,וקם מלכא חדתא על מצרים דלא מקים גזרת יוסף:,9,"Ἀνέστη δὲ βασιλεὺς ἕτερος ἐπ᾽ Αἴγυπτον, ὃς οὐκ ᾔδει τὸν Ἰωσήφ.",11,ܘܩܡ ܡ̇ܠܟܐ ܚܕܬܐ ܥܠ ܡܨܪܝܢ. ܕܠܐ ܝܕܥ̇ ܗܘܐ ܠܗ ܠܝܘܣܦ.,10,"Entrementes se levantou sobre o Egito um novo rei, que não conhecera a José.",14,True,True,True
1,9,Êxodo 1:9,וַיֹּ֖אמֶר אֶל־ עַמּ֑וֹ הִנֵּ֗ה עַ֚ם בְּנֵ֣י יִשְׂרָאֵ֔ל רַ֥ב וְעָצ֖וּם מִמֶּֽנּוּ ׃,ויאמר אל עמו הנה עמ בני ישראל רב ועצומ ממנו,11,ואמר לעמה הא עמא בני ישראל סגן ותקיפין מננא:,9,"εἶπεν δὲ τῷ ἔθνει αὐτοῦ Ἰδοὺ τὸ γένος τῶν υἱῶν Ἰσραὴλ μέγα πλῆθος, καὶ ἰσχύει ὑπὲρ ἡμᾶς·",17,ܘܐܡ̣ܪ ܠܥܡܗ ܗܐ ܥܡܐ ܒܢ̈ܝ ܐܝܣܪܝܠ. ܣܓ̈ܝܐܝܢ ܘܬܩܝܦܝܢ ܡܢܢ.,9,Disse ele ao seu povo: Eis que o povo de Israel é mais numeroso e mais forte do que nos.,20,True,True,True
1,10,Êxodo 1:10,הָ֥בָה נִֽתְחַכְּמָ֖ה ל֑וֹ פֶּן־ יִרְבֶּ֗ה וְהָיָ֞ה כִּֽי־ תִקְרֶ֤אנָה מִלְחָמָה֙ וְנוֹסַ֤ף גַּם־ הוּא֙ עַל־ שֹׂ֣נְאֵ֔ינוּ וְנִלְחַם־ בָּ֖נוּ וְעָלָ֥ה מִן־ הָאָֽרֶץ ׃,הבה נתחכמה לו פנ ירבה והיה כי תקראנה מלחמה ונוספ גמ הוא על שנאינו ונלחמ בנו ועלה מנ הארצ,20,הבו נתחכם להון דלמא יסגון ויהי ארי יערעננא קרב ויתוספון אף אנון על סנאנא ויגיחון בנא קרב ויסקון מן ארעא:,20,"δεῦτε οὖν κατασοφισώμεθα αὐτούς, μή ποτε πληθυνθῇ, καὶ ἡνίκα ἂν συμβῇ ἡμῖν πόλεμος προστεθήσονται καὶ οὗτοι πρὸς τοὺς ὑπεναντίους, καὶ ἐκπολεμήσαντες ἡμᾶς ἐξελεύσονται ἐκ τῆς ⸂⸆⸃ γῆς.",27,ܗܒܘ ܢܬܚܟܡ ܠܗܘܢ ܥܕܠܐ ܣ̇ܓܝܢ. ܕܠܡܐ ܢܡ̣ܛܝܢ ܩܪܒܐ. ܘܢܬܬܘܣܦܘܢ ܐܦ ܗ̣ܢܘܢ ܥܠ ܣ̈ܢܐܝܢ. ܘܢܬܟܬܫܘܢ ܥܡܢ ܘܢܣܩܘܢܢ ܡܢ ܐܪܥܐ.,18,"Eia, usemos de astúcia para com ele, para que não se multiplique, e aconteça que, vindo guerra, ele também se ajunte com os nossos inimigos, e peleje contra nós e se retire da terra.",34,True,True,True
1,11,Êxodo 1:11,וַיָּשִׂ֤ימוּ עָלָיו֙ שָׂרֵ֣י מִסִּ֔ים לְמַ֥עַן עַנֹּת֖וֹ בְּסִבְלֹתָ֑ם וַיִּ֜בֶן עָרֵ֤י מִסְכְּנוֹת֙ לְפַרְעֹ֔ה אֶת־ פִּתֹ֖ם וְאֶת־ רַעַמְסֵֽס ׃,וישימו עליו שרי מסימ למענ ענתו בסבלתמ ויבנ ערי מסכנות לפרעה את פתמ ואת רעמסס,16,ומניאו עליהון שלטונין מבאישין בדיל לענואהון בפלחנהון ובנו קרוי בית אוצרא לפרעה ית פיתום וית רעמסס:,16,"καὶ ἐπέστησεν αὐτοῖς ἐπιστάτας τῶν ἔργων, ἵνα κακώσωσιν αὐτοὺς ἐν τοῖς ἔργοις· καὶ ᾠκοδόμησαν πόλεις ὀχυρὰς τῷ Φαραώ, τήν τε Πειθὼ καὶ Ῥαμεσσὴ καὶ Ὤν, ἥ ἐστιν Ἡλίου πόλις.",29,ܘܣܡܘ ܥܠܝܗܘܢ ܫ̈ܠܝܛܐ ܒܝܫ̈ܐ. ܕܢܫܥܒܕܘܢ ܐܢܘܢ ܒܫܘܥܒܕܗܘܢ. ܘܒ̇ܢܝܢ ܗܘܘ ܩܘܪ̈ܝܐ ܒܝܬ ܩܦܣ̈ܐ ܠܦܪܥܘܢ. ܠܦܝܬܘܡ ܘܠܪܥܡܣܝܣ.,15,"Portanto puseram sobre eles feitores, para os afligirem com suas cargas. Assim os israelitas edificaram para Faraó cidades armazéns, Pitom e Ramessés.",22,True,True,True
1,12,Êxodo 1:12,וְכַאֲשֶׁר֙ יְעַנּ֣וּ אֹת֔וֹ כֵּ֥ן יִרְבֶּ֖ה וְכֵ֣ן יִפְרֹ֑ץ וַיָּקֻ֕צוּ מִפְּנֵ֖י בְּנֵ֥י יִשְׂרָאֵֽל ׃,וכאשר יענו אתו כנ ירבה וכנ יפרצ ויקצו מפני בני ישראל,12,וכמא דמענן להון כן סגן וכן תקפין ועקת למצראי מן קדם בני ישראל:,13,"καθότι δὲ αὐτοὺς ἐταπείνουν, τοσούτῳ πλείους ἐγίνοντο, καὶ ἴσχυον σφόδρα σφόδρα· καὶ ἐβδελύσσοντο οἱ Αἰγύπτιοι ἀπὸ τῶν υἱῶν Ἰσραήλ.",19,ܘܟܡܐ ܕܗ̣ܢܘܢ ܡܫܥܒܕܝܢ ܗܘܘ ܠܗܘܢ. ܗܟܢܐ ܣ̇ܓܝܢ ܗܘܘ ܘܗܟܢܐ ܬ̇ܩܦܝܢ ܗܘܘ . ܘܥܩ̣ܬ ܠܗܘܢ ܡܢ ܩܕܡ ܒܢ̈ܝ ܐܝܣܪܝܠ.,18,"Mas quanto mais os egípcios afligiam o povo de Israel, tanto mais este se multiplicava e se espalhava; de maneira que os egípcios se enfadavam por causa dos filhos de Israel.",31,True,True,True
1,13,Êxodo 1:13,וַיַּעֲבִ֧דוּ מִצְרַ֛יִם אֶת־ בְּנֵ֥י יִשְׂרָאֵ֖ל בְּפָֽרֶךְ ׃,ויעבדו מצרימ את בני ישראל בפרכ,7,ואפלחו מצראי ית בני ישראל בקשיו:,6,"καὶ κατεδυνάστευον οἱ Αἰγύπτιοι τοὺς υἱοὺς Ἰσραὴλ βίᾳ,",8,ܘܡܫܥܒܕܝܢ ܗܘܘ ܡܨܪ̈ܝܐ ܠܒܢ̈ܝ ܐܝܣܪܝܠ ܒܩܫܝܘܬܐ.,6,Por isso os egípcios faziam os filhos de Israel servir com dureza;,12,True,True,True
1,14,Êxodo 1:14,וַיְמָרְר֨וּ אֶת־ חַיֵּיהֶ֜ם בַּעֲבֹדָ֣ה קָשָׁ֗ה בְּחֹ֨מֶר֙ וּבִלְבֵנִ֔ים וּבְכָל־ עֲבֹדָ֖ה בַּשָּׂדֶ֑ה אֵ֚ת כָּל־ עֲבֹ֣דָתָ֔ם אֲשֶׁר־ עָבְד֥וּ בָהֶ֖ם בְּפָֽרֶךְ ׃,וימררו את חייהמ בעבדה קשה בחמר ובלבנימ ובכל עבדה בשדה את כל עבדתמ אשר עבדו בהמ בפרכ,18,ואמררו ית חייהון בפלחנא קשיא בטינא ובלבנין ובכל פלחנא בחקלא ית כל פלחנהון דאפלחו בהון בקשיו:,16,"καὶ κατωδύνων αὐτῶν τὴν ζωὴν ἐν τοῖς ἔργοις τοῖς σκληροῖς, τῷ πηλῷ καὶ τῇ πλινθίᾳ καὶ πᾶσι τοῖς ἔργοις τοῖς ἐν τοῖς πεδίοις, κατὰ πάντα τὰ ἔργα ὧν κατεδουλοῦντο αὐτοὺς μετὰ βίας.",32,ܘܡܡܪ̈ܝܢ ܗܘܘ ܚܝܝ̈ܗܘܢ ܒܦܘܠܚܢܐ ܩܫܝܐ ܒܛܝܢܐ ܘܒ̈ܠܒܢܐ ܘܒܟܠ ܥܒ̇ܕ ܕܚܩܠܐ. ܟܠ ܫܘܥܒܕܐ ܕܡܫܥܒܕܝܢ ܗܘܘ ܠܗܘܢ ܒܩܫܝܘܬܐ.,16,"assim lhes amarguravam a vida com pesados serviços em barro e em tijolos, e com toda sorte de trabalho no campo, enfim com todo o seu serviço, em que os faziam servir com dureza.",34,True,True,True
1,15,Êxodo 1:15,וַיֹּ֨אמֶר֙ מֶ֣לֶךְ מִצְרַ֔יִם לַֽמְיַלְּדֹ֖ת הָֽעִבְרִיֹּ֑ת אֲשֶׁ֨ר שֵׁ֤ם הָֽאַחַת֙ שִׁפְרָ֔ה וְשֵׁ֥ם הַשֵּׁנִ֖ית פּוּעָֽה ׃,ויאמר מלכ מצרימ למילדת העברית אשר שמ האחת שפרה ושמ השנית פועה,13,ואמר מלכא דמצרים לחיתא יהודיתא דשום חדא שפרה ושום תניתא פועה:,11,"Καὶ εἶπεν ὁ βασιλεὺς τῶν Αἰγυπτίων ταῖς μαίαις τῶν Ἐβραίων, τῇ μιᾷ αὐτῶν ᾗ ὄνομα Σεπφωρά, καὶ τὸ ὄνομα τῆς δευτέρας Φουά·",22,ܘܐܡ̣ܪ ܡ̇ܠܟܐ ܕܡܨܪܝܢ ܠܚ̈ܝܬܐ ܥܒܪ̈ܝܬܐ . ܕܫܡܗ̇ ܕܚܕܐ ܦܘܥܐ . ܘܫܡܗ̇ ܕܐܚܪܝܬܐ ܫܘܦܪܐ .,14,"Falou o rei do Egito às parteiras das hebréias, das quais uma se chamava Sifrá e a outra Puá,",19,True,True,True
1,16,Êxodo 1:16,וַיֹּ֗אמֶר בְּיַלֶּדְכֶן֙ אֶת־ הָֽעִבְרִיּ֔וֹת וּרְאִיתֶ֖ן עַל־ הָאָבְנָ֑יִם אִם־ בֵּ֥ן הוּא֙ וַהֲמִתֶּ֣ן אֹת֔וֹ וְאִם־ בַּ֥ת הִ֖יא וָחָֽיָה ׃,ויאמר בילדכנ את העבריות וראיתנ על האבנימ אמ בנ הוא והמתנ אתו ואמ בת היא וחיה,17,ואמר כד תהוין מולדן ית יהודיתא ותחזין על מתברא אם בר הוא תקטלן יתה ואם ברתא היא ותקימנה:,18,"καὶ εἶπεν Ὅταν μαιοῦσθε τὰς Ἐβραίας καὶ ὦσιν πρὸς τῷ τίκτειν, ἐὰν μὲν ἄρσεν ᾖ, ἀποκτείνατε αὐτό· ἐὰν δὲ θῆλυ, περιποιεῖσθε αὐτό.",22,ܘܐܡ̣ܪ ܠܗܝܢ. ܡܐ ܕܗܘ̈ܝܢ ܐܢܬܝܢ ܡܘ̈ܠܕܢ ܠܥܒܪ̈ܝܬܐ. ܗܘܝܬܝܢ ܚܙܝܢ ܡܐ ܕܒܪܟܢ. ܐܢ ܕܟܪܐ ܗܘ ܗܘܝܬܝܢ ܩܛܠܢ ܠܗ. ܘܐܢ ܢ̇ܩܒܬܐ ܗܝ ܗܘܝܬܝܢ ܡܚܝܢ ܠܗ̇.,23,"dizendo: Quando ajudardes no parto as hebréias, e as virdes sobre os assentos, se for filho, matá-lo-eis; mas se for filha, viverá.",22,True,True,True
1,17,Êxodo 1:17,וַתִּירֶ֤אןָ הַֽמְיַלְּדֹת֙ אֶת־ הָ֣אֱלֹהִ֔ים וְלֹ֣א עָשׂ֔וּ כַּאֲשֶׁ֛ר דִּבֶּ֥ר אֲלֵיהֶ֖ן מֶ֣לֶךְ מִצְרָ֑יִם וַתְּחַיֶּ֖יןָ אֶת־ הַיְלָדִֽים ׃,ותיראנ המילדת את האלהימ ולא עשו כאשר דבר אליהנ מלכ מצרימ ותחיינ את הילדימ,15,ודחילא חיתא מן קדם יי ולא עבדא כמא דמליל עמהן מלכא דמצרים וקימא ית בניא:,15,"ἐφοβήθησαν δὲ αἱ μαῖαι τὸν θεόν, καὶ οὐκ ἐποίησαν καθότι συνέταξεν αὐταῖς ὁ βασιλεὺς Αἰγύπτου, καὶ ἐζωογόνουν τὰ ἄρσενα.",19,ܘܕܚ̣ܠ ܚܝ̈ܬܐ ܡܢ ܐܠܗܐ. ܘܠܐ ܥܒܕ ܐܝܟ ܕܐܡ̣ܪ ܠܗܝܢ ܡ̇ܠܟܐ ܕܡܨܪܝܢ. ܘܡܚܝܢ ܗ̈ܘܝ ܛ̈ܠܝܐ.,14,"As parteiras, porém, temeram a Deus e não fizeram como o rei do Egito lhes ordenara, antes conservavam os meninos com vida.",22,True,True,True
1,18,Êxodo 1:18,וַיִּקְרָ֤א מֶֽלֶךְ־ מִצְרַ֨יִם֙ לַֽמְיַלְּדֹ֔ת וַיֹּ֣אמֶר לָהֶ֔ן מַדּ֥וּעַ עֲשִׂיתֶ֖ן הַדָּבָ֣ר הַזֶּ֑ה וַתְּחַיֶּ֖יןָ אֶת־ הַיְלָדִֽים ׃,ויקרא מלכ מצרימ למילדת ויאמר להנ מדוע עשיתנ הדבר הזה ותחיינ את הילדימ,14,וקרא מלכא דמצרים לחיתא ואמר להן מה דין עבדתון ית פתגמא הדין וקימתון ית בניא:,15,ἐκάλεσεν δὲ ὁ βασιλεὺς Αἰγύπτου τὰς μαίας καὶ εἶπεν αὐταῖς Τί ὅτι ἐποιήσατε τὸ πρᾶγμα τοῦτο καὶ ἐζωογονεῖτε τὰ ἄρσενα;,20,ܘܩ̣ܪܐ ܡ̇ܠܟܐ ܕܡܨܪܝܢ ܠܚ̈ܝܬܐ ܘܐܡ̣ܪ ܠܗܝܢ. ܡܛܠ ܡܢܐ ܥܒܕܬܝܢ ܦܬܓܡܐ ܗܢܐ ܘܐܚܝܬܝܢ ܛ̈ܠܝܐ.,13,Pelo que o rei do Egito mandou chamar as parteiras e as interrogou: Por que tendes feito isto e guardado os meninos com vida?,24,True,True,True
1,19,Êxodo 1:19,וַתֹּאמַ֤רְןָ הַֽמְיַלְּדֹת֙ אֶל־ פַּרְעֹ֔ה כִּ֣י לֹ֧א כַנָּשִׁ֛ים הַמִּצְרִיֹּ֖ת הָֽעִבְרִיֹּ֑ת כִּֽי־ חָי֣וֹת הֵ֔נָּה בְּטֶ֨רֶם תָּב֧וֹא אֲלֵהֶ֛ן הַמְיַלֶּ֖דֶת וְיָלָֽדוּ ׃,ותאמרנ המילדת אל פרעה כי לא כנשימ המצרית העברית כי חיות הנה בטרמ תבוא אלהנ המילדת וילדו,18,ואמרא חיתא לפרעה ארי לא כנשיא מצריתא יהודיתא ארי חכימן אנון עד לא עלת לותהן חיתא וילידן:,17,"εἶπαν δὲ αἱ μαῖαι τῷ Φαραώ Οὐχ ὡς γυναῖκες Αἰγύπτου αἱ Ἐβραῖαι, τίκτουσιν γὰρ πρὶν ἢ εἰσελθεῖν πρὸς αὐτὰς τὰς μαίας, καὶ ἔτικτον.",23,ܘܐܡ̣ܪ ܚܝ̈ܬܐ ܠܦܪܥܘܢ. ܠܐ ܗ̈ܘܝ ܐܝܟ ܢܫ̈ܐ ܡܨܪ̈ܝܬܐ ܥܒܪ̈ܝܬܐ . ܡܛܠ ܕܚܝ̈ܬܐ ܐܢܝ̈ܢ. ܘܥܕ ܠܐ ܥܐܠܐ ܥܠܝܗܝܢ ܚܝ̇ܬܐ ܝܠܕܢ.,19,"Responderam as parteiras a Faraó: É que as mulheres hebréias não são como as egípcias; pois são vigorosas, e já têm dado à luz antes que a parteira chegue a elas.",31,True,True,True
1,20,Êxodo 1:20,וַיֵּ֥יטֶב אֱלֹהִ֖ים לַֽמְיַלְּדֹ֑ת וַיִּ֧רֶב הָעָ֛ם וַיַּֽעַצְמ֖וּ מְאֹֽד ׃,וייטב אלהימ למילדת וירב העמ ויעצמו מאד,8,ואוטיב יי לחיתא וסגי עמא ותקיפו לחדא:,7,"εὖ δὲ ἐποίει ὁ θεὸς ταῖς μαίαις, καὶ ἐπλήθυνεν ὁ λαὸς καὶ ἴσχυεν σφόδρα.",14,ܘܐܛܐܒ ܐܠܗܐ ܠܚܝ̈ܬܐ. ܡܛܠ ܕܥܒܕ ܦܬܓܡܐ ܗܢܐ . ܘܣܓܝ ܥܡܐ ܘܬܩܦܘ ܛܒ.,12,"Portanto Deus fez bem às parteiras. E o povo se aumentou, e se fortaleceu muito.",15,True,True,True
1,21,Êxodo 1:21,וַיְהִ֕י כִּֽי־ יָֽרְא֥וּ הַֽמְיַלְּדֹ֖ת אֶת־ הָאֱלֹהִ֑ים וַיַּ֥עַשׂ לָהֶ֖ם בָּתִּֽים ׃,ויהי כי יראו המילדת את האלהימ ויעש להמ בתימ,10,והוה כד דחילא חיתא מן קדם יי ועבד להון בתין:,10,"ἐπειδὴ ἐφοβοῦντο αἱ μαῖαι τὸν θεόν, ἐποίησαν ἑαυταῖς οἰκίας.",9,ܘܗܘܐ ܕܟܕ ܕܚ̣ܠ ܚܝ̈ܬܐ ܡܢ ܐܠܗܐ. ܥܒ̣ܕ ܠܗܝܢ ܒܬ̈ܐ.,9,"Também aconteceu que, como as parteiras temeram a Deus, ele lhes estabeleceu as casas.",14,True,True,True
1,22,Êxodo 1:22,וַיְצַ֣ו פַּרְעֹ֔ה לְכָל־ עַמּ֖וֹ לֵאמֹ֑ר כָּל־ הַבֵּ֣ן הַיִּלּ֗וֹד הַיְאֹ֨רָה֙ תַּשְׁלִיכֻ֔הוּ וְכָל־ הַבַּ֖ת תְּחַיּֽוּן ׃ ס,ויצו פרעה לכל עמו לאמר כל הבנ הילוד היארה תשליכהו וכל הבת תחיונ ס,15,ופקיד פרעה לכל עמה למימר כל ברא דיתיליד ליהודאי בנהרא תרמנה וכל ברתא תקימון:,14,"Συνέταξεν δὲ Φαραὼ παντὶ τῷ λαῷ αὐτοῦ λέγων Πᾶν ἄρσεν ὃ ἐὰν τεχθῇ τοῖς Ἐβραίοις εἰς τὸν ποταμὸν ῥίψατε, καὶ πᾶν θῆλυ, ζωογονεῖτε αὐτό.",24,ܘܦܩ̇ܕ ܦܪܥܘܢ ܠܟܠܗ ܥܡܐ ܘܐܡ̣ܪ. ܟܠ ܒܪܐ ܕܡܬܝܠܕ ܒܢܗܪܐ ܬܫܕܘܢܗ ܘܟܘܠ ܒܪܬܐ ܬ̇ܚܘܢ.,13,"Então ordenou Faraó a todo o seu povo, dizendo: A todos os filhos que nascerem lançareis no rio, mas a todas as filhas guardareis com vida.",26,True,True,True
2,1,Êxodo 2:1,וַיֵּ֥לֶךְ אִ֖ישׁ מִבֵּ֣ית לֵוִ֑י וַיִּקַּ֖ח אֶת־ בַּת־ לֵוִֽי ׃,וילכ איש מבית לוי ויקח את בת לוי,9,ואזל גברא מדבית לוי ונסיב ית בת לוי:,8,Ἦν δέ τις ἐκ τῆς φυλῆς Λευεὶ ὃς ἔλαβεν τῶν θυγατέρων Λευεί.,12,ܘܐܙ̣ܠ ܓܒܪܐ ܡܢ ܕܒܝܬ ܠܘܝ̇ ܘܢܣ̣ܒ ܠܒܪܬ ܠܘܝ.,8,Foi-se um homem da casa de Levi e casou com uma filha de Levi.,14,True,True,True
2,2,Êxodo 2:2,וַתַּ֥הַר הָאִשָּׁ֖ה וַתֵּ֣לֶד בֵּ֑ן וַתֵּ֤רֶא אֹתוֹ֙ כִּי־ ט֣וֹב ה֔וּא וַֽתִּצְפְּנֵ֖הוּ שְׁלֹשָׁ֥ה יְרָחִֽים ׃,ותהר האשה ותלד בנ ותרא אתו כי טוב הוא ותצפנהו שלשה ירחימ,13,ועדיאת אתתא וילידת בר וחזת יתה ארי טב הוא ואטמרתה תלתא ירחין:,12,καὶ ἐν γαστρὶ ἔλαβεν καὶ ἔτεκεν ἄρσεν· ἰδόντες δὲ αὐτὸ ἀστεῖον ἐσκέπασαν αὐτὸ μῆνας τρεῖς.,15,ܘܒܛܢ̣ܬ ܐܢܬܬܐ ܘܝܠܕܬ ܒܪܐ. ܘܚܙܬܗ ܕܫܦܝܪ ܗ̣ܘ. ܘܛܫܝܬܗ ܬܠܬܐ ܝܪ̈ܚܝܢ.,10,"A mulher concebeu e deu à luz um filho; e, vendo que ele era formoso, escondeu-o três meses.",18,True,True,True
2,3,Êxodo 2:3,וְלֹא־ יָכְלָ֣ה עוֹד֮ הַצְּפִינוֹ֒ וַתִּֽקַּֽח־ לוֹ֙ תֵּ֣בַת גֹּ֔מֶא וַתַּחְמְרָ֥ה בַחֵמָ֖ר וּבַזָּ֑פֶת וַתָּ֤שֶׂם בָּהּ֙ אֶת־ הַיֶּ֔לֶד וַתָּ֥שֶׂם בַּסּ֖וּף עַל־ שְׂפַ֥ת הַיְאֹֽר ׃,ולא יכלה עוד הצפינו ותקח לו תבת גמא ותחמרה בחמר ובזפת ותשמ בה את הילד ותשמ בסופ על שפת היאר,21,ולא יכילת עוד לאטמרותה ונסיבת לה תבותא דגומא וחפתה בחמרא ובזפתא ושויאת בה ית רביא ושויתה ביערא על כיף נהרא:,20,"ἐπεὶ δὲ οὐκ ἠδύναντο αὐτὸ ἔτι κρύπτειν, ἔλαβεν αὐτῷ ἡ μήτηρ αὐτοῦ θῖβιν καὶ κατέχρισεν αὐτὴν ἀσφαλτοπίσσῃ καὶ ἐνέβαλεν τὸ παιδίον εἰς αὐτήν, καὶ ἔθηκεν αὐτὴν εἰς τὸ ἕλος παρὰ τὸν ποταμόν.",32,ܘܠܐ ܐܫܟ̣ܚܬ ܬܘܒ ܠܡܛܫܝܘܬܗ. ܘܢܣܒܬ ܠܗ̇ ܩܒܘܬܐ ܕܥܪܩܐ. ܘܫܥܬܗ̇ ܒܟܘܦܪܐ ܘܒܙܦܬܐ. ܘܣܡ̣ܬ ܒܗ̇ ܛܠܝܐ . ܘܣܡܬܗ̇ ܒܪܩܩܐ ܥܠ ܣܦܬܗ ܕܢܗܪܐ.,20,"Não podendo, porém, escondê-lo por mais tempo, tomou para ele uma arca de juncos, e a revestiu de betume e pez; e, pondo nela o menino, colocou-a entre os juncos a margem do rio.",34,True,True,True
2,4,Êxodo 2:4,וַתֵּתַצַּ֥ב אֲחֹת֖וֹ מֵרָחֹ֑ק לְדֵעָ֕ה מַה־ יֵּעָשֶׂ֖ה לֽוֹ ׃,ותתצב אחתו מרחק לדעה מה יעשה לו,8,ואתעתדת אחתה מרחיק למידע מה יתעבד לה:,7,καὶ κατεσκόπευεν ἡ ἀδελφὴ αὐτοῦ μακρόθεν μαθεῖν τί τὸ ἀποβησόμενον αὐτῷ.,11,ܘܩܡܬ ܚܬܗ ܡܢ ܪܘܚܩܐ. ܕܬܕܥ ܡܢܐ ܡܬܥܒܕ ܠܗ.,8,"E sua irmã postou-se de longe, para saber o que lhe aconteceria.",12,True,True,True
2,5,Êxodo 2:5,וַתֵּ֤רֶד בַּת־ פַּרְעֹה֙ לִרְחֹ֣ץ עַל־ הַיְאֹ֔ר וְנַעֲרֹתֶ֥יהָ הֹלְכֹ֖ת עַל־ יַ֣ד הַיְאֹ֑ר וַתֵּ֤רֶא אֶת־ הַתֵּבָה֙ בְּת֣וֹךְ הַסּ֔וּף וַתִּשְׁלַ֥ח אֶת־ אֲמָתָ֖הּ וַתִּקָּחֶֽהָ,ותרד בת פרעה לרחצ על היאר ונערתיה הלכת על יד היאר ותרא את התבה בתוכ הסופ ותשלח את אמתה ותקחה,20,ונחתת בת פרעה למסחי על נהרא ועולימתהא מהלכן על כיף נהרא וחזת ית תבותא בגו יערא ואושטת ית אמתה ונסבתה:,20,"κατέβη δὲ ἡ θυγάτηρ Φαραὼ λούσασθαι ἐπὶ τὸν ποταμόν, καὶ αἱ ἅβραι αὐτῆς παρεπορεύοντο παρὰ τὸν ποταμόν· καὶ ἰδοῦσα τὴν θῖβιν ἐν τῷ ἕλει, ἀποστείλασα τὴν ἅβραν ἀνείλατο αὐτήν.",29,ܘܢܚ̣ܬܬ ܒܪܬ ܦܪܥܘܢ ܕܬܣܚܐ ܒܢܗܪܐ. ܘܐܡ̈ܗܬܗ̇ ܡܗ̈ܠܟܢ ܗ̈ܘܝ ܥܠ ܝܕ ܢܗܪܐ. ܘܚܙܬܗ̇ ܠܩܒܘܬܐ ܒܪܩܩܐ. ܘܫܕܪܬ ܠܐܡܗ̈ܬܗ̇ ܘܢܣܒܬܗ̇.,17,"A filha de Faraó desceu para banhar-se no rio, e as suas criadas passeavam à beira do rio. Vendo ela a arca no meio os juncos, mandou a sua criada buscá-la.",31,True,True,True
2,6,Êxodo 2:6,וַתִּפְתַּח֙ וַתִּרְאֵ֣הוּ אֶת־ הַיֶּ֔לֶד וְהִנֵּה־ נַ֖עַר בֹּכֶ֑ה וַתַּחְמֹ֣ל עָלָ֔יו וַתֹּ֕אמֶר מִיַּלְדֵ֥י הָֽעִבְרִ֖ים זֶֽה ׃,ותפתח ותראהו את הילד והנה נער בכה ותחמל עליו ותאמר מילדי העברימ זה,14,ופתחת וחזת ית רביא והא עולימא בכי וחסת עלוהי ואמרת מבני יהודאי הוא דין:,14,"ἀνοίξασα δὲ ὁρᾷ παιδίον κλαῖον ἐν τῇ θίβει· καὶ ἐφείσατο αὐτοῦ ἡ θυγάτηρ Φαραώ, καὶ ἔφη Ἀπὸ τῶν παιδίων τῶν Ἐβραίων τοῦτο.",22,ܘܦܬܚ̣ܬ ܘܚܙܬܗ ܠܛܠܝܐ. ܘܗܐ ܛܠܝܐ ܒ̇ܟܐ. ܘܚܣ̣ܬ ܥܠܘܗܝ ܘܐܡ̣ܪܬ. ܡܢ ܒܢ̈ܝ ܥܒܪ̈ܝܐ ܗܘ ܗܢܐ.,14,"E abrindo-a, viu a criança, e eis que o menino chorava; então ela teve compaixão dele, e disse: Este é um dos filhos dos hebreus.",25,True,True,True
2,7,Êxodo 2:7,וַתֹּ֣אמֶר אֲחֹתוֹ֮ אֶל־ בַּת־ פַּרְעֹה֒ הַאֵלֵ֗ךְ וְקָרָ֤אתִי לָךְ֙ אִשָּׁ֣ה מֵינֶ֔קֶת מִ֖ן הָעִבְרִיֹּ֑ת וְתֵינִ֥ק לָ֖ךְ אֶת־ הַיָּֽלֶד ׃,ותאמר אחתו אל בת פרעה האלכ וקראתי לכ אשה מינקת מנ העברית ותינק לכ את הילד,17,ואמרת אחתה לבת פרעה האיזיל ואקרי ליך אתתא מינקתא מן יהודיתא ותוניק ליך ית רביא:,15,"καὶ εἶπεν ἡ ἀδελφὴ αὐτοῦ τῇ θυγατρὶ Φαραώ Θέλεις καλέσω σοι γυναῖκα τροφεύουσαν ἐκ τῶν Ἐβραίων, καὶ θηλάσει σοι τὸ παιδίον;",21,ܘܐܡ̣ܪܬ ܚܬܗ ܠܒܪܬ ܦܪܥܘܢ. ܐܙܠ ܐܩ̣ܪܐ ܠܟܝ ܐܢܬܬܐ ܡܝܢܩܬܐ ܡܢ ܥܒܪ̈ܝܬܐ. ܘܬܝܢܩ ܠܟܝ ܛܠܝܐ ܗܢܐ.,15,"Então a irmã do menino perguntou à filha de Faraó: Queres que eu te vá chamar uma ama dentre as hebréias, para que crie este menino para ti?",28,True,True,True
2,8,Êxodo 2:8,וַתֹּֽאמֶר־ לָ֥הּ בַּת־ פַּרְעֹ֖ה לֵ֑כִי וַתֵּ֨לֶךְ֙ הָֽעַלְמָ֔ה וַתִּקְרָ֖א אֶת־ אֵ֥ם הַיָּֽלֶד ׃,ותאמר לה בת פרעה לכי ותלכ העלמה ותקרא את אמ הילד,12,ואמרת לה בת פרעה איזילי ואזלת עולמתא וקרת ית אמה דרביא:,11,ἡ δὲ εἶπεν ἡ θυγάτηρ Φαραώ Πορεύου. ἐλθοῦσα δὲ ἡ νεᾶνις ἐκάλεσεν τὴν μητέρα τοῦ παιδίου.,16,ܘܐܡ̣ܪܬ ܠܗ̇ ܒܪܬ ܦܪܥܘܢ ܙܠܝ. ܘܐܙܠ̣ܬ ܥܠܝܡܬܐ ܘܩܪܬ ܠܐܡܗ ܕܛܠܝܐ.,10,"Respondeu-lhe a filha de Faraó: Vai. Foi, pois, a moça e chamou a mãe do menino.",16,True,True,True
2,9,Êxodo 2:9,וַתֹּ֧אמֶר לָ֣הּ בַּת־ פַּרְעֹ֗ה הֵילִ֜יכִי אֶת־ הַיֶּ֤לֶד הַזֶּה֙ וְהֵינִקִ֣הוּ לִ֔י וַאֲנִ֖י אֶתֵּ֣ן אֶת־ שְׂכָרֵ֑ךְ וַתִּקַּ֧ח הָאִשָּׁ֛ה הַיֶּ֖לֶד וַתְּנִיקֵֽהוּ ׃,ותאמר לה בת פרעה היליכי את הילד הזה והינקהו לי ואני אתנ את שכרכ ותקח האשה הילד ותניקהו,19,ואמרת לה בת פרעה אובילי ית רביא הדין ואונקיהי לי ואנא אתן ית אגרך ונסיבת אתתא ית רביא ואונקתה:,19,"εἶπεν δὲ πρὸς αὐτὴν ἡ θυγάτηρ Φαραώ Διατήρησόν μοι τὸ παιδίον τοῦτο καὶ θήλασόν μοι αὐτό, ἐγὼ δὲ δώσω σοι τὸν μισθόν. ἔλαβεν δὲ ἡ γυνὴ τὸ παιδίον καὶ ἐθήλαζεν αὐτό.",31,ܘܐܡ̣ܪܬ ܠܗ̇ ܒܪܬ ܦܪܥܘܢ. ܗܐ ܠܟܝ ܛܠܝܐ ܗܢܐ ܐܝܢܩܝܘܗܝ ܠܝ. ܘܐܢܐ ܝ̇ܗܒܐ ܠܟܝ ܐܓܪܟܝ. ܘܢܣ̣ܒܬ ܐܢܬܬܐ ܠܛܠܝܐ ܘܐܝܢܩܬܗ.,18,"Disse-lhe a filha de Faraó: Leva este menino, e cria-mo; eu te darei o teu salário. E a mulher tomou o menino e o criou.",25,True,True,True
2,10,Êxodo 2:10,וַיִגְדַּ֣ל הַיֶּ֗לֶד וַתְּבִאֵ֨הוּ֙ לְבַת־ פַּרְעֹ֔ה וַֽיְהִי־ לָ֖הּ לְבֵ֑ן וַתִּקְרָ֤א שְׁמוֹ֙ מֹשֶׁ֔ה וַתֹּ֕אמֶר כִּ֥י מִן־ הַמַּ֖יִם מְשִׁיתִֽהוּ ׃,ויגדל הילד ותבאהו לבת פרעה ויהי לה לבנ ותקרא שמו משה ותאמר כי מנ המימ משיתהו,17,ורבא רביא ואיתיתה לבת פרעה והוה לה לבר וקרת שמה משה ואמרת ארי מן מיא שחלתה:,16,"ἁδρυνθέντος δὲ τοῦ παιδίου, εἰσήγαγεν αὐτὸ πρὸς τὴν θυγατέρα Φαραώ, καὶ ἐγενήθη αὐτῇ εἰς υἱόν· ἐπωνόμασεν δὲ τὸ ὄνομα αὐτοῦ Μωυσῆν λέγουσα Ἐκ τοῦ ὕδατος αὐτὸν ἀνειλόμην.",27,ܘܪܒܐ ܛܠܝܐ ܘܐ̇ܝܬܝܬܗ ܠܒܪܬ ܦܪܥܘܢ. ܘܗܘ̣ܐ ܠܗ̇ ܒܪܐ ܘܩܪܬ ܫܡܗ ܡܘܫܐ. ܡܛܠ ܕܐܡ̣ܪܬ ܕܡܢ ܡ̈ܝܐ ܫܠܝܬ̣ܗ.,16,"Quando, pois, o menino era já grande, ela o trouxe à filha de Faraó, a qual o adotou; e lhe chamou Moisés, dizendo: Porque das águas o tirei.",28,True,True,True
2,11,Êxodo 2:11,וַיְהִ֣י ׀ בַּיָּמִ֣ים הָהֵ֗ם וַיִּגְדַּ֤ל מֹשֶׁה֙ וַיֵּצֵ֣א אֶל־ אֶחָ֔יו וַיַּ֖רְא בְּסִבְלֹתָ֑ם וַיַּרְא֙ אִ֣ישׁ מִצְרִ֔י מַכֶּ֥ה אִישׁ־ עִבְרִ֖י מֵאֶחָֽיו ׃,ויהי בימימ ההמ ויגדל משה ויצא אל אחיו וירא בסבלתמ וירא איש מצרי מכה איש עברי מאחיו,19,והוה ביומיא האנון ורבא משה ונפק לות אחוהי וחזא בפלחנהון וחזא גבר מצרי מחי לגבר יהודי מאחוהי:,17,Ἐγένετο δὲ ἐν ταῖς ἡμέραις ταῖς πολλαῖς ἐκείναις μέγας γενόμενος Μωυσῆς ἐξῆλθεν πρὸς τοὺς ἀδελφοὺς αὐτοῦ τοὺς υἱοὺς Ἰσραήλ. κατανοήσας δὲ τὸν πόνον αὐτῶν ὁρᾷ ἄνθρωπον Αἰγύπτιον τύπτοντά τινα Ἐβραῖον τῶν ἑαυτοῦ ἀδελφῶν τῶν υἱῶν Ἰσραήλ.,36,ܘܗܘ̣ܐ ܒܝ̈ܘܡܬܐ ܗ̇ܢܘܢ ܘܪܒ̣ܐ ܡܘܫܐ ܘܢܦ̣ܩ ܠܘܬ ܐܚ̈ܘܗܝ ܘܚ̣ܙܐ ܒܫܘܥܒܕܗܘܢ. ܘܚ̣ܙܐ ܠܓܒܪܐ ܡܨܪܝܐ ܟܕ ܡ̇ܚܐ ܠܓܒܪܐ ܥܒܪܝܐ. ܡܢ ܐ̈ܚܘܗܝ ܡܢ ܒܢ̈ܝ ܐܝܣܪܝܠ.,22,"Ora, aconteceu naqueles dias que, sendo Moisés já homem, saiu a ter com seus irmãos e atentou para as suas cargas; e viu um egípcio que feria a um hebreu dentre, seus irmãos.",33,True,True,True
2,12,Êxodo 2:12,וַיִּ֤פֶן כֹּה֙ וָכֹ֔ה וַיַּ֖רְא כִּ֣י אֵ֣ין אִ֑ישׁ וַיַּךְ֙ אֶת־ הַמִּצְרִ֔י וַֽיִּטְמְנֵ֖הוּ בַּחֽוֹל ׃,ויפנ כה וכה וירא כי אינ איש ויכ את המצרי ויטמנהו בחול,13,ואתפני לכא ולכא וחזא ארי לית גברא ומחא ית מצראה וטמרה בחלא:,12,"περιβλεψάμενος δὲ ὧδε καὶ ὧδε οὐχ ὁρᾷ οὐδένα, καὶ πατάξας τὸν Αἰγύπτιον ἔκρυψεν αὐτὸν ἐν τῇ ἄμμῳ.",17,ܘܐܬܦܢܝ ܠܟܐ ܘܠܟܐ. ܘܚ̣ܙܐ ܕܠܝܬ ܐܢܫ. ܘܩܛܠܗ ܠܡܨܪܝܐ ܘܛܡܪܗ ܒܚܠܐ.,10,"Olhou para um lado e para outro, e vendo que não havia ninguém ali, matou o egípcio e escondeu-o na areia.",21,True,True,True
2,13,Êxodo 2:13,וַיֵּצֵא֙ בַּיּ֣וֹם הַשֵּׁנִ֔י וְהִנֵּ֛ה שְׁנֵֽי־ אֲנָשִׁ֥ים עִבְרִ֖ים נִצִּ֑ים וַיֹּ֨אמֶר֙ לָֽרָשָׁ֔ע לָ֥מָּה תַכֶּ֖ה רֵעֶֽךָ ׃,ויצא ביומ השני והנה שני אנשימ עברימ נצימ ויאמר לרשע למה תכה רעכ,14,ונפק ביומא תנינא והא תרין גברין יהודאין נצן ואמר לחיבא למא את מחי לחברך:,14,"ἐξελθὼν δὲ τῇ ἡμέρᾳ τῇ δευτέρᾳ ὁρᾷ δύο ἄνδρας Ἐβραίους διαπληκτιζομένους, καὶ λέγει τῷ ἀδικοῦντι Διὰ τί σὺ τύπτεις τὸν πλησίον;",21,ܘܢܦ̣ܩ ܠܝܘܡܐ ܐܚܪܢܐ. ܘܚܙܐ ܘܗܐ ܬܪ̈ܝܢ ܓܒܪ̈ܝܢ ܥܒܪ̈ܝܐ ܢܨ̇ܝܢ. ܘܐܡ̣ܪ ܠܡܣܟܠܢܐ. ܠܡܢܐ ܡ̇ܚܐ ܐܢܬ ܠܚܒܪܟ.,15,"Tornou a sair no dia seguinte, e eis que dois hebreus contendiam; e perguntou ao que fazia a injustiça: Por que feres a teu próximo?",25,True,True,True
2,14,Êxodo 2:14,וַ֠יֹּאמֶר מִ֣י שָֽׂמְךָ֞ לְאִ֨ישׁ שַׂ֤ר וְשֹׁפֵט֙ עָלֵ֔ינוּ הַלְהָרְגֵ֨נִי֙ אַתָּ֣ה אֹמֵ֔ר כַּאֲשֶׁ֥ר הָרַ֖גְתָּ אֶת־ הַמִּצְרִ֑י וַיִּירָ֤א מֹשֶׁה֙ וַיֹּאמַ֔ר אָכֵ֖ן נוֹדַ֥ע הַדָּבָֽר ׃,ויאמר מי שמכ לאיש שר ושפט עלינו הלהרגני אתה אמר כאשר הרגת את המצרי ויירא משה ויאמר אכנ נודע הדבר,21,ואמר מן שויך לגבר רב ודין עלנא הלמקטלי את אמר כמא דקטלת ית מצראה ודחיל משה ואמר בקושטא אתידע פתגמא:,20,ὁ δὲ εἶπεν Τίς σε κατέστησεν ἄρχοντα καὶ δικαστὴν ἐφ᾽ ἡμῶν; μὴ ἀνελεῖν με σὺ θέλεις ὃν τρόπον ἀνεῖλες ἐχθὲς τὸν Αἰγύπτιον; ἐφοβήθη δὲ Μωυσῆς καὶ εἶπεν Εἰ οὕτως ἐμφανὲς γέγονεν τὸ ῥῆμα τοῦτο;,34,ܘܐܡ̣ܪ ܠܗ ܡܢܘ ܥܒ̣ܕܟ ܓܒܪ ܪܒ ܘܕܝ̇ܢ ܥܠܝܢ. ܠܡܩܛܠܢܝ ܐܡ̇ܪ ܐܢܬ. ܐܝܟ ܕܩܛܠܬ ܐܬܡܠܝ ܠܡܨܪܝܐ ܗ̇ܘ. ܘܕܚܠ ܡܘܫܐ ܘܐܡ̣ܪ. ܫܪܝܪܐܝܬ ܐܬ̣ܝܕܥܬ ܡܠܬܐ.,22,"Respondeu ele: Quem te constituiu a ti príncipe e juiz sobre nós? Pensas tu matar-me, como mataste o egípcio? Temeu, pois, Moisés e disse: Certamente o negócio já foi descoberto.",30,True,True,True
2,15,Êxodo 2:15,וַיִּשְׁמַ֤ע פַּרְעֹה֙ אֶת־ הַדָּבָ֣ר הַזֶּ֔ה וַיְבַקֵּ֖שׁ לַהֲרֹ֣ג אֶת־ מֹשֶׁ֑ה וַיִּבְרַ֤ח מֹשֶׁה֙ מִפְּנֵ֣י פַרְעֹ֔ה וַיֵּ֥שֶׁב בְּאֶֽרֶץ־ מִדְיָ֖ן וַיֵּ֥שֶׁב עַֽל־ הַבְּאֵֽר ׃,וישמע פרעה את הדבר הזה ויבקש להרג את משה ויברח משה מפני פרעה וישב בארצ מדינ וישב על הבאר,20,ושמע פרעה ית פתגמא הדין ובעא למקטל ית משה וערק משה מן קדם פרעה ויתיב בארעא דמדין ויתיב על בירא:,20,"ἤκουσεν δὲ Φαραὼ τὸ ῥῆμα τοῦτο, καὶ ἐζήτει ἀνελεῖν Μωυσῆν· ἀνεχώρησεν δὲ Μωυσῆς ἀπὸ προσώπου Φαραὼ καὶ ᾤκησεν ἐν γῇ Μαδιάμ· ἐλθὼν δὲ εἰς γῆν Μαδιὰμ ἐκάθισεν ἐπὶ τοῦ φρέατος.",30,ܘܫܡ̣ܥ ܦܪܥܘܢ ܦܬܓܡܐ ܗܢܐ. ܘܒܥ̣ܐ ܠܡܩܛܠܗ ܠܡܘܫܐ. ܘܥ̣ܪܩ ܡܘܫܐ ܡܢ ܩܕܡ ܦܪܥܘܢ. ܘܐܙ̣ܠ ܠܐܪܥܐ ܕܡܕܝܢ. ܘܝܬ̣ܒ ܥܠ ܒܪܐ.,18,"E quando Faraó soube disso, procurou matar a Moisés. Este, porém, fugiu da presença de Faraó, e foi habitar na terra de Midiã; e sentou-se junto a um poço.",29,True,True,True
2,16,Êxodo 2:16,וּלְכֹהֵ֥ן מִדְיָ֖ן שֶׁ֣בַע בָּנ֑וֹת וַתָּבֹ֣אנָה וַתִּדְלֶ֗נָה וַתְּמַלֶּ֨אנָה֙ אֶת־ הָ֣רְהָטִ֔ים לְהַשְׁק֖וֹת צֹ֥אן אֲבִיהֶֽן ׃,ולכהנ מדינ שבע בנות ותבאנה ותדלנה ותמלאנה את הרהטימ להשקות צאנ אביהנ,13,ולרבא דמדין שבע בנן ואתאה ודלאה ומלאה ית רהטיא לאשקאה ענא דאבוהן:,12,"τῷ δὲ ἱερεῖ Μαδιὰμ ἦσαν ἑπτὰ θυγατέρες, ποιμαίνουσαι τὰ πρόβατα τοῦ πατρὸς αὐτῶν Ἰοθόρ· παραγενόμεναι δὲ ἤντλουν ἕως ἔπλησαν τὰς δεξαμενάς, ποτίσαι τὰ πρόβατα τοῦ πατρὸς αὐτῶν Ἰοθόρ.",28,ܘܠܟܘܡܪܐ ܕܡܕܝܢ ܫܒܥ ܒܢ̈ܢ ܐܝܬ ܗܘ̈ܝ. ܘܐܬ̈ܝܢ ܘܕܠܝ̈ܢ ܘܡ̈ܠܝܢ ܪ̈ܗܛܐ ܠܡܫܩܝܘ ܥܢܐ ܕܐܒܘܗܝܢ.,13,"O sacerdote de Midiã tinha sete filhas, as quais vieram tirar água, e encheram os tanques para dar de beber ao rebanho de seu pai.",25,True,True,True
2,17,Êxodo 2:17,וַיָּבֹ֥אוּ הָרֹעִ֖ים וַיְגָרְשׁ֑וּם וַיָּ֤קָם מֹשֶׁה֙ וַיּ֣וֹשִׁעָ֔ן וַיַּ֖שְׁקְ אֶת־ צֹאנָֽם ׃,ויבאו הרעימ ויגרשומ ויקמ משה ויושענ וישק את צאנמ,10,ואתו רעיא וטרדונון וקם משה ופרקנון ואשקי ית ענהן:,9,"παραγενόμενοι δὲ οἱ ποιμένες ἐξέβαλλον αὐτάς· ἀναστὰς δὲ Μωυσῆς ἐρρύσατο αὐτάς, καὶ ἤντλησεν αὐταῖς καὶ ἐπότισεν τὰ πρόβατα αὐτῶν.",19,ܘܐܬ̇ܝܢ ܪ̈ܥܘܬܐ ܘܛܪܕܝܢ ܠܗܝܢ. ܘܩܡ ܡܘܫܐ ܘܦ̇ܪܩ ܐܢܝ̈ܢ ܘܐܫܩܝ ܥܢܗܝܢ.,10,"Então vieram os pastores, e as expulsaram dali; Moisés, porém, levantou-se e as defendeu, e deu de beber ao rebanho delas.",21,True,True,True
2,18,Êxodo 2:18,וַתָּבֹ֕אנָה אֶל־ רְעוּאֵ֖ל אֲבִיהֶ֑ן וַיֹּ֕אמֶר מַדּ֛וּעַ מִהַרְתֶּ֥ן בֹּ֖א הַיּֽוֹם ׃,ותבאנה אל רעואל אביהנ ויאמר מדוע מהרתנ בא היומ,10,ואתאה לות רעואל אבוהן ואמר מה דין אוחיתון למיתי יומא דין:,11,παρεγένοντο δὲ πρὸς Ῥαγουὴλ τὸν πατέρα αὐτῶν· ὁ δὲ εἶπεν αὐταῖς Διὰ τί ἐταχύνατε τοῦ παραγενέσθαι σήμερον;,17,ܘܐܬ̈ܝ ܠܘܬ ܪܥܘܐܝܠ ܐܒܘܗܝܢ. ܘܐܡ̣ܪ ܠܗܝܢ . ܡܛܠ ܡܢܐ ܐܫܩܝܬܝܢ ܒܥܓܠ ܝܘܡܢܐ.,12,"Quando elas voltaram a Reuel, seu pai, este lhes perguntou: como é que hoje voltastes tão cedo?",17,True,True,True
2,19,Êxodo 2:19,וַתֹּאמַ֕רְןָ אִ֣ישׁ מִצְרִ֔י הִצִּילָ֖נוּ מִיַּ֣ד הָרֹעִ֑ים וְגַם־ דָּלֹ֤ה דָלָה֙ לָ֔נוּ וַיַּ֖שְׁקְ אֶת־ הַצֹּֽאן ׃,ותאמרנ איש מצרי הצילנו מיד הרעימ וגמ דלה דלה לנו וישק את הצאנ,14,ואמרא גברא מצראה שזבנא מיד רעיא ואף מדלא דלא לנא ואשקי ית ענא:,13,"αἱ δὲ εἶπαν Ἄνθρωπος Αἰγύπτιος ἐρρύσατο ἡμᾶς ἀπὸ τῶν ποιμένων, καὶ ἤντλησεν ἡμῖν καὶ ἐπότισεν τὰ πρόβατα ἡμῶν.",18,ܐܡܪ̈ܢ ܠܗ. ܓܒܪܐ ܡܨܪܝܐ ܦܨܝܢ ܡܢ ܐܝܕܐ ܕܪ̈ܥܘܬܐ. ܘܐܦ ܡ̣ܕܠܐ ܕܠܐ ܠ̣ܢ ܘܐܫܩܝ ܥܢܢ.,14,Responderam elas: um egípcio nos livrou da mão dos pastores; e ainda tirou água para nós e deu de beber ao rebanho.,22,True,True,True
2,20,Êxodo 2:20,וַיֹּ֥אמֶר אֶל־ בְּנֹתָ֖יו וְאַיּ֑וֹ לָ֤מָּה זֶּה֙ עֲזַבְתֶּ֣ן אֶת־ הָאִ֔ישׁ קִרְאֶ֥ן ל֖וֹ וְיֹ֥אכַל לָֽחֶם ׃,ויאמר אל בנתיו ואיו למה זה עזבתנ את האיש קראנ לו ויאכל לחמ,14,ואמר לבנתיה ואן הוא למא דנן שבקתין ית גברא קרן לה ויכול לחמא:,13,ὁ δὲ εἶπεν ταῖς θυγατράσιν αὐτοῦ Καὶ ποῦ ἐστι; καὶ ἵνα τί καταλελοίπατε τὸν ἄνθρωπον; καλέσατε οὖν αὐτὸν ὅπως φάγῃ ἄρτον.,21,ܘܐܡ̣ܪ ܠܒܢ̈ܬܗ̣ ܐ̇ܝܟܘ. ܠܡܢܐ ܫܒܩܬܢܝܗܝ ܠܓܒܪܐ. ܙ̈ܠܝܢ ܩܪܝܢܝܗܝ ܘܢ̇ܐܟܘܠ ܠܚܡܐ.,10,E ele perguntou a suas filhas: Onde está ele; por que deixastes lá o homem? chamai-o para que coma pão.,20,True,True,True
2,21,Êxodo 2:21,וַיּ֥וֹאֶל מֹשֶׁ֖ה לָשֶׁ֣בֶת אֶת־ הָאִ֑ישׁ וַיִּתֵּ֛ן אֶת־ צִפֹּרָ֥ה בִתּ֖וֹ לְמֹשֶֽׁה ׃,ויואל משה לשבת את האיש ויתנ את צפרה בתו למשה,11,וצבי משה למיתב עם גברא ויהב ית צפורה ברתה למשה:,10,κατῳκίσθη δὲ Μωυσῆς παρὰ τῷ ἀνθρώπῳ· καὶ ἐξέδοτο Σεπφώραν τὴν θυγατέρα αὐτοῦ Μωυσῇ γυναῖκα.,14,ܘܐܨ̣ܛܒܝ ܡܘܫܐ ܠܡܬܒ ܥܡ ܓܒܪܐ. ܘܝܗ̣ܒ ܠܗ̣ ܠܨ̇ܦܘܪܐ ܒܪܬܗ ܐܢܬܬܐ .,11,"Então Moisés concordou em morar com aquele homem, o qual lhe deu sua filha Zípora.",15,True,True,True
2,22,Êxodo 2:22,וַתֵּ֣לֶד בֵּ֔ן וַיִּקְרָ֥א אֶת־ שְׁמ֖וֹ גֵּרְשֹׁ֑ם כִּ֣י אָמַ֔ר גֵּ֣ר הָיִ֔יתִי בְּאֶ֖רֶץ נָכְרִיָּֽה ׃ פ,ותלד בנ ויקרא את שמו גרשמ כי אמר גר הייתי בארצ נכריה פ,14,וילדת בר וקרא ית שמה גרשם ארי אמר דיר הויתי בארע נוכראה:,12,"ἐν γαστρὶ δὲ λαβοῦσα ἡ γυνὴ ἔτεκεν υἱόν· καὶ ἐπωνόμασεν Μωυσῆς τὸ ὄνομα αὐτοῦ Γηρσάμ, λέγων Ὅτι πάροικός εἰμι ἐν γῇ ἀλλοτρίᾳ.",22,ܘܝܠ̣ܕܬ ܒܪܐ. ܘܩ̣ܪܐ ܫܡܗ̣ ܓܪܫܘܢ. ܡܛܠ ܕܐܡ̣ܪ̣. ܕܬܘܬܒܐ ܗ̇ܘܝ̣ܬ ܒܐܪܥܐ ܢܘܟܪܝܬܐ. ܘܝܠ̣ܕܬ ܬܘܒ ܒܪܐ ܕܬܪ̈ܝܢ ܠܡܘܫܐ. ܘܩܪܐ ܫܡܗ ܐܠܝܥܙܪ. ܡܛܠ ܕܐܠܗܐ ܕܐ̈ܒܗܝ ܒܥܕܪܝ ܘܦܨܝܢܝ ܡܢ ܚܪܒܗ ܕܦܪܥܘܢ.,27,"E ela deu à luz um filho, a quem ele chamou Gérson, porque disse: Peregrino sou em terra estrangeira.",19,True,True,True
2,23,Êxodo 2:23,וַיְהִי֩ בַיָּמִ֨ים הָֽרַבִּ֜ים הָהֵ֗ם וַיָּ֨מָת֙ מֶ֣לֶךְ מִצְרַ֔יִם וַיֵּאָנְח֧וּ בְנֵֽי־ יִשְׂרָאֵ֛ל מִן־ הָעֲבֹדָ֖ה וַיִּזְעָ֑קוּ וַתַּ֧עַל שַׁוְעָתָ֛ם אֶל־ הָאֱלֹהִ֖ים מִן־ הָעֲבֹדָֽה ׃,ויהי בימימ הרבימ ההמ וימת מלכ מצרימ ויאנחו בני ישראל מנ העבדה ויזעקו ותעל שועתמ אל האלהימ מנ העבדה,20,והוה ביומיא סגיאיא האנון ומית מלכא דמצרים ואתנחו בני ישראל מן פלחנא דהוה קשי עליהון וזעיקו וסליקת קבלתהון לקדם יי מן פלחנא:,22,"Μετὰ δὲ τὰς ἡμέρας τὰς πολλὰς ἐκείνας ἐτελεύτησεν ὁ βασιλεὺς Αἰγύπτου· καὶ κατεστέναξαν οἱ υἱοὶ Ἰσραὴλ ἀπὸ τῶν ἔργων καὶ ἀνεβόησαν, καὶ ἀνέβη ἡ βοὴ αὐτῶν πρὸς τὸν θεὸν ἀπὸ τῶν ἔργων.",32,ܘܗܘܐ ܠܝܘܡ̈ܬܐ ܣܓ̈ܝܐܐ ܗ̇ܢܘܢ . ܘܡܝ̣ܬ ܡ̇ܠܟܐ ܕܡܨܪܝܢ. ܘܐܬ̇ܬܢܚܘ ܒ̈ܢܝ ܐܝܣܪܝܠ ܡܢ ܫܘܥܒܕܐ ܩܫܝܐ. ܘܨ̇ܠܝܘ ܘܣܠ̣ܩܬ ܓܥܬܗܘܢ ܠܘܬ ܐܠܗܐ ܡܢ ܫܘܥܒܕܐ.,21,"No decorrer de muitos dias, morreu o rei do Egito; e os filhos de Israel gemiam debaixo da servidão; pelo que clamaram, e subiu a Deus o seu clamor por causa dessa servidão.",33,True,True,True
2,24,Êxodo 2:24,וַיִּשְׁמַ֥ע אֱלֹהִ֖ים אֶת־ נַאֲקָתָ֑ם וַיִּזְכֹּ֤ר אֱלֹהִים֙ אֶת־ בְּרִית֔וֹ אֶת־ אַבְרָהָ֖ם אֶת־ יִצְחָ֥ק וְאֶֽת־ יַעֲקֹֽב ׃,וישמע אלהימ את נאקתמ ויזכר אלהימ את בריתו את אברהמ את יצחק ואת יעקב,15,ושמיע קדם יי ית קבלתהון ודכיר יי ית קימה דעם אברהם דעם יצחק ודעם יעקב:,15,"καὶ εἰσήκουσεν ὁ θεὸς τὸν στεναγμὸν αὐτῶν, καὶ ἐμνήσθη ὁ θεὸς τῆς διαθήκης αὐτοῦ τῆς πρὸς Ἀβραὰμ καὶ Ἰσαὰκ καὶ Ἰακώβ.",21,ܘܫܡܥ ܐܠܗܐ ܐܢܩܬܗܘܢ. ܘܐ̇ܬܕܟܪ ܐܠܗܐ ܩܝܡܗ ܕܥܡ ܐܒܪܗܡ ܘܥܡ ܐܝܣܚܩ ܘܥܡ ܝܥܩܘܒ.,12,"Então Deus, ouvindo-lhes os gemidos, lembrou-se do seu pacto com Abraão, com Isaque e com Jacó.",16,True,True,True
2,25,Êxodo 2:25,וַיַּ֥רְא אֱלֹהִ֖ים אֶת־ בְּנֵ֣י יִשְׂרָאֵ֑ל וַיֵּ֖דַע אֱלֹהִֽים ׃ ס,וירא אלהימ את בני ישראל וידע אלהימ ס,9,וגלי קדם יי שעבודא דבני ישראל ואמר במימרה למפרקהון יי:,10,"καὶ ἔπιδεν ὁ θεὸς τοὺς υἱοὺς Ἰσραήλ, καὶ ἐγνώσθη αὐτοῖς.",10,ܘܚ̣ܙܐ ܐܠܗܐ ܠܒܢ̈ܝ ܐܝܣܪܝܠ ܘܝܕܥ ܐܠܗܐ.,6,E atentou Deus para os filhos de Israel; e Deus os conheceu.,12,True,True,True
3,1,Êxodo 3:1,וּמֹשֶׁ֗ה הָיָ֥ה רֹעֶ֛ה אֶת־ צֹ֛אן יִתְר֥וֹ חֹתְנ֖וֹ כֹּהֵ֣ן מִדְיָ֑ן וַיִּנְהַ֤ג אֶת־ הַצֹּאן֙ אַחַ֣ר הַמִּדְבָּ֔ר וַיָּבֹ֛א אֶל־ הַ֥ר הָאֱלֹהִ֖ים חֹרֵֽבָה ׃,ומשה היה רעה את צאנ יתרו חתנו כהנ מדינ וינהג את הצאנ אחר המדבר ויבא אל הר האלהימ חרבה,20,ומשה הוה רעי ית ענא דיתרו חמוהי רבא דמדין ודבר ית ענא לבתר שפר רעיא למדברא ואתא לטורא דאתגלי עלוהי יקרא דיי לחורב:,23,"Καὶ Μωυσῆς ἦν ποιμαίνων τὰ πρόβατα Ἰοθὸρ τοῦ γαμβροῦ αὐτοῦ τοῦ ἱερέως Μαδιάμ, καὶ ἤγαγεν τὰ πρόβατα ὑπὸ τὴν ἔρημον καὶ ἦλθεν εἰς τὸ ὄρος Χωρήβ.",26,ܘܡܘܫܐ ܪܥ̇ܐ ܗܘܐ ܥܢܐ ܕܝܬܪܘܢ ܚܡܘܗܝ ܟܘܡܪܐ ܕܡܕܝܢ. ܘܕܒ̣ܪܗ̇ ܠܥܢܐ ܠܡܕܒܪܐ. ܘܐܬܐ ܠܛܘܪܗ ܕܐܠܗܐ ܠܚܘܪܝܒ.,15,"Ora, Moisés estava apascentando o rebanho de Jetro, seu sogro, sacerdote de Midiã; e levou o rebanho para trás do deserto, e chegou a Horebe, o monte de Deus.",29,True,True,True
3,2,Êxodo 3:2,וַ֠יֵּרָא מַלְאַ֨ךְ יְהֹוָ֥ה אֵלָ֛יו בְּלַבַּת־ אֵ֖שׁ מִתּ֣וֹךְ הַסְּנֶ֑ה וַיַּ֗רְא וְהִנֵּ֤ה הַסְּנֶה֙ בֹּעֵ֣ר בָּאֵ֔שׁ וְהַסְּנֶ֖ה אֵינֶ֥נּוּ אֻכָּֽל ׃,וירא מלאכ יהוה אליו בלבת אש מתוכ הסנה וירא והנה הסנה בער באש והסנה איננו אכל,17,ואתגלי מלאכא דיי לה בשלהובית אשתא מגו אסנא וחזא והא אסנא בער באשתא ואסנא ליתוהי מתאכיל:,16,"ὤφθη δὲ αὐτῷ ἄγγελος Κυρίου ἐν πυρὶ φλογὸς ἐκ τοῦ βάτου· καὶ ὁρᾷ ὅτι ὁ βάτος καίεται πυρί, ὁ δὲ βάτος οὐ κατεκαίετο.",23,ܘܐܬܚܙܝ ܠܗ ܡܠܐܟܗ ܕܡܪܝܐ. ܒܫܠܗܒܝܬܐ ܕܢܘܪܐ ܡܢ ܓܘ ܣܢܝܐ. ܘܚ̣ܙܐ ܣܢܝܐ ܕܡܬ̇ܓܘܙܠܐ ܒܗ ܢܘܪܐ. ܘܣܢܝܐ ܠܐ ܝܩ̇ܕ.,17,"E apareceu-lhe o anjo do Senhor em uma chama de fogo do meio duma sarça. Moisés olhou, e eis que a sarça ardia no fogo, e a sarça não se consumia;",31,True,True,True
3,3,Êxodo 3:3,וַיֹּ֣אמֶר מֹשֶׁ֔ה אָסֻֽרָה־ נָּ֣א וְאֶרְאֶ֔ה אֶת־ הַמַּרְאֶ֥ה הַגָּדֹ֖ל הַזֶּ֑ה מַדּ֖וּעַ לֹא־ יִבְעַ֥ר הַסְּנֶֽה ׃,ויאמר משה אסרה נא ואראה את המראה הגדל הזה מדוע לא יבער הסנה,14,ואמר משה אתפני כען ואחזי ית חזונא רבא הדין מא דין לא מתוקד אסנא:,14,"εἶπεν δὲ Μωυσῆς Παρελθὼν ὄψομαι τὸ ὅραμα τὸ μέγα τοῦτο, ὅτι οὐ κατακαίεται ὁ βάτος.",15,ܘܐܡ̣ܪ ܡܘܫܐ. ܐ̇ܣ̣ܛܐ ܐܚܙܐ ܚܙܘܐ ܗܢܐ ܪܒܐ̇. ܡܛܠ ܡܢܐ ܠܐ ܝܩ̇ܕ ܣܢܝܐ.,12,"pelo que disse: Agora me virarei para lá e verei esta maravilha, e por que a sarça não se queima.",20,True,True,True
3,4,Êxodo 3:4,וַיַּ֥רְא יְהוָ֖ה כִּ֣י סָ֣ר לִרְא֑וֹת וַיִּקְרָא֩ אֵלָ֨יו אֱלֹהִ֜ים מִתּ֣וֹךְ הַסְּנֶ֗ה וַיֹּ֛אמֶר מֹשֶׁ֥ה מֹשֶׁ֖ה וַיֹּ֥אמֶר הִנֵּֽנִי ׃,וירא יהוה כי סר לראות ויקרא אליו אלהימ מתוכ הסנה ויאמר משה משה ויאמר הנני,16,וחזא יי ארי אתפני למחזי וקרא לה יי מגו אסנא ואמר משה משה ואמר הא אנא:,16,"ὡς δὲ ἴδεν Κύριος ὅτι προσάγει ἰδεῖν, ἐκάλεσεν αὐτὸν Κύριος ἐκ τοῦ βάτου λέγων Μωυσῆ Μωυσῆ. ὁ δὲ εἶπεν Τί ἐστιν;",21,ܘܚ̣ܙܐ ܡܪܝܐ ܕܣ̣ܛܐ ܠܡܚܙܐ. ܘܩ̣ܪܐ ܠܗ ܐܠܗܐ ܡܢ ܓܘ ܣܢܝܐ ܘܐܡ̣ܪ. ܡܘܫܐ ܡܘܫܐ. ܘܐܡ̣ܪ̣ ܗܐ ܐܢܐ.,16,"E vendo o Senhor que ele se virara para ver, chamou-o do meio da sarça, e disse: Moisés, Moisés! Respondeu ele: Eis-me aqui.",23,True,True,True
3,5,Êxodo 3:5,וַיֹּ֖אמֶר אַל־ תִּקְרַ֣ב הֲלֹ֑ם שַׁל־ נְעָלֶ֨יךָ֙ מֵעַ֣ל רַגְלֶ֔יךָ כִּ֣י הַמָּק֗וֹם אֲשֶׁ֤ר אַתָּה֙ עוֹמֵ֣ד עָלָ֔יו אַדְמַת־ קֹ֖דֶשׁ הֽוּא ׃,ויאמר אל תקרב הלמ של נעליכ מעל רגליכ כי המקומ אשר אתה עומד עליו אדמת קדש הוא,18,ואמר לא תקרב הלכא שרי סינך מעל רגלך ארי אתרא דאת קאים עלוהי אתר קדיש הוא:,16,"ὁ δὲ εἶπεν Μὴ ἐγγίσῃς ὧδε· λῦσαι τὸ ὑπόδημα ἐκ τῶν ποδῶν σου, ὁ γὰρ τόπος ἐν ᾧ σὺ ἕστηκας γῆ ἁγία ἐστίν.",23,ܘܐܡ̣ܪ ܠܗ ܠܐ ܬܬ̇ܩܪܒ ܠܗܪܟܐ. ܫܪܝ ܡܣ̈ܢܝܟ ܡܢ ܪ̈ܓܠܝܟ. ܡܛܠ ܕܐܬܪܐ ܕܩܐܡ ܐܢܬ ܥܠܘܗܝ ܐܬܪܐ ܗܘ̇ ܩܕܝܫܐ.,17,Prosseguiu Deus: Não te chegues para cá; tira os sapatos dos pés; porque o lugar em que tu estás é terra santa.,22,True,True,True
3,6,Êxodo 3:6,וַיֹּ֗אמֶר אָנֹכִי֙ אֱלֹהֵ֣י אָבִ֔יךָ אֱלֹהֵ֧י אַבְרָהָ֛ם אֱלֹהֵ֥י יִצְחָ֖ק וֵאלֹהֵ֣י יַעֲקֹ֑ב וַיַּסְתֵּ֤ר מֹשֶׁה֙ פָּנָ֔יו כִּ֣י יָרֵ֔א מֵהַבִּ֖יט אֶל־ הָאֱלֹהִֽים ׃,ויאמר אנכי אלהי אביכ אלהי אברהמ אלהי יצחק ואלהי יעקב ויסתר משה פניו כי ירא מהביט אל האלהימ,19,ואמר אנא אלהא דאבוך אלהא דאברהם אלהא דיצחק ואלהא דיעקב וכבשנון משה לאפוהי ארי דחיל מלאסתכלא בצית יקרא דיי:,19,"καὶ εἶπεν Ἐγώ εἰμι ὁ θεὸς τοῦ πατρός σου, θεὸς Ἀβραὰμ καὶ θεὸς Ἰσαὰκ καὶ θεὸς Ἰακώβ. ἀπέστρεψεν δὲ Μωυσῆς τὸ πρόσωπον αὐτοῦ· εὐλαβεῖτο γὰρ κατεμβλέψαι ἐνώπιον τοῦ θεοῦ.",29,ܘܐܡ̣ܪ ܐܢܐ ܐܢܐ ܐܠܗܗ ܕܐܒܘܟ. ܐܠܗܗ ܕܐܒܪܗܡ ܐܠܗܗ ܕܐܝܣܚܩ. ܐܠܗܗ ܕܝܥܩܘܒ. ܘܛ̇ܫܝ ܐܢܝ̈ܢ ܡܘܫܐ ܐ̈ܦܘܗܝ. ܡܛܠ ܕܕܚ̣ܠ ܠܡ̣ܚܪ ܠܘܬ ܐܠܗܐ.,20,"Disse mais: Eu sou o Deus de teu pai, o Deus de Abraão, o Deus de Isaque, e o Deus de Jacó. E Moisés escondeu o rosto, porque temeu olhar para Deus.",32,True,True,True
3,7,Êxodo 3:7,וַיֹּ֣אמֶר יְהוָ֔ה רָאֹ֥ה רָאִ֛יתִי אֶת־ עֳנִ֥י עַמִּ֖י אֲשֶׁ֣ר בְּמִצְרָ֑יִם וְאֶת־ צַעֲקָתָ֤ם שָׁמַ֨עְתִּי֙ מִפְּנֵ֣י נֹֽגְשָׂ֔יו כִּ֥י יָדַ֖עְתִּי אֶת־ מַכְאֹבָֽיו ׃,ויאמר יהוה ראה ראיתי את עני עמי אשר במצרימ ואת צעקתמ שמעתי מפני נגשיו כי ידעתי את מכאביו,19,ואמר יי מגלא גלי קדמי ית שעבוד עמי די במצרים וית קבלתהון שמיע קדמי מן קדם מפלחיהון ארי גלי קדמי ית כיביהון:,22,"εἶπεν δὲ Κύριος πρὸς Μωυσῆν Ἰδὼν ἴδον τὴν κάκωσιν τοῦ λαοῦ μου τοῦ ἐν Αἰγύπτῳ, καὶ τῆς κραυγῆς αὐτῶν ἀκήκοα ἀπὸ τῶν ἐργοδιωκτῶν· οἶδα γὰρ τὴν ὀδύνην αὐτῶν·",28,ܘܐܡ̣ܪ ܡܪܝܐ. ܡܚܙܐ ܚ̇ܙܝܬ ܫܘܥܒܕܗ ܕܥܡܝ ܕܒܡܨܪܝ̣ܢ. ܘܓܥܬܗܘܢ ܫܡ̇ܥܬ ܡܢ ܩܕܡ ܡܫ̈ܥܒܕܢܝܗܘܢ. ܡܛܠ ܕܝܕܥ̇ ܐܢܐ ܠܗ ܠܟܐܒܗܘܢ.,17,"Então disse o Senhor: Com efeito tenho visto a aflição do meu povo, que está no Egito, e tenho ouvido o seu clamor por causa dos seus exatores, porque conheço os seus sofrimentos;",33,True,True,True
3,8,Êxodo 3:8,וָאֵרֵ֞ד לְהַצִּיל֣וֹ ׀ מִיַּ֣ד מִצְרַ֗יִם וּֽלְהַעֲלֹתוֹ֮ מִן־ הָאָ֣רֶץ הַהִוא֒ אֶל־ אֶ֤רֶץ טוֹבָה֙ וּרְחָבָ֔ה אֶל־ אֶ֛רֶץ זָבַ֥ת חָלָ֖ב וּדְבָ֑שׁ אֶל־ מְק֤וֹם הַֽכְּנַעֲנִי֙ וְהַ֣חִתִּ֔י וְהָֽאֱמֹרִי֙ וְהַפְּרִזִּ֔י וְהַחִוִּ֖י וְהַיְבוּסִֽי ׃,וארד להצילו מיד מצרימ ולהעלתו מנ הארצ ההוא אל ארצ טובה ורחבה אל ארצ זבת חלב ודבש אל מקומ הכנעני והחתי והאמרי והפרזי והחוי והיבוסי,27,ואתגליתי לשזבותהון מידא דמצראי ולאסקותהון מן ארעא ההיא לארעא טבא ופתיא לארעא עבדא חלב ודבש לאתר כנענאי וחתאי ואמוראי ופרזאי וחואי ויבוסאי:,22,"καὶ κατέβην ἐξελέσθαι αὐτοὺς ἐκ χειρὸς Αἰγυπτίων καὶ ἐξαγαγεῖν αὐτοὺς ἐκ τῆς γῆς ἐκείνης, καὶ εἰσαγαγεῖν αὐτοὺς εἰς γῆν ἀγαθὴν καὶ πολλήν, εἰς γῆν ῥέουσαν γάλα καὶ μέλι, εἰς τὸν τόπον τῶν Χαναναίων καὶ Χετταίων καὶ Ἀμορραίων καὶ Φερεζαίων καὶ Γεργεσαίων καὶ Εὑαίων καὶ Ἰεβουσαίων.",45,ܘܢܚ̇ܬܬ ܠܡܦܨܝܘܬܗ ܡܢ ܐܝܕܐ ܕܡܨܪ̈ܝܐ. ܘܠܡܣܩܘܬܗ ܡܢ ܐܪܥܐ ܗ̇ܝ . ܠܐܪܥܐ ܕܪܘܝܚܐ ܘܛܒ̇ܐ. ܠܐܪܥܐ ܕܡܪܕܝܐ̇ ܚܠܒܐ ܘܕܒܫܐ. ܠܐܪܥܐ ܕܟܢ̈ܥܢܝܐ ܘܕܚ̈ܬܝܐ. ܘܕܐܡܘܪ̈ܝܐ̇ ܘܕܦܪ̈ܙܝܐ. ܘܕܚ̈ܘܝܐ̇ ܘܕܝܒܘ̈ܣܝܐ.,24,"e desci para o livrar da mão dos egípcios, e para o fazer subir daquela terra para uma terra boa e espaçosa, para uma terra que mana leite e mel; para o lugar do cananeu, do heteu, do amorreu, do perizeu, do heveu e do jebuseu.",46,True,True,True
3,9,Êxodo 3:9,וְעַתָּ֕ה הִנֵּ֛ה צַעֲקַ֥ת בְּנֵי־ יִשְׂרָאֵ֖ל בָּ֣אָה אֵלָ֑י וְגַם־ רָאִ֨יתִי֙ אֶת־ הַלַּ֔חַץ אֲשֶׁ֥ר מִצְרַ֖יִם לֹחֲצִ֥ים אֹתָֽם ׃,ועתה הנה צעקת בני ישראל באה אלי וגמ ראיתי את הלחצ אשר מצרימ לחצימ אתמ,16,וכען הא קבילת בני ישראל עלת קדמי ואף גלי קדמי ית דוחקא די מצראי דחקין להון:,16,"καὶ νῦν ἰδοὺ κραυγὴ τῶν υἱῶν Ἰσραὴλ ἥκει πρὸς μέ, κἀγὼ ἑώρακα τὸν θλιμμὸν ὃν οἱ Αἰγύπτιοι θλίβουσιν αὐτούς.",19,ܘܗܫܐ ܗܐ ܓܥܬܐ ܕܒܢ̈ܝ ܐܝܣܪܝܠ ܥܠ̣ܬ ܠܘܬܝ. ܘܐܦ ܚ̇ܙܝܬ ܐܘܠܨܢܐ ܕܡܨܪ̈ܝܐ ܐ̇ܠܨܝܢ ܠܗܘܢ.,13,"E agora, eis que o clamor dos filhos de Israel é vindo a mim; e também tenho visto a opressão com que os egípcios os oprimem.",26,True,True,True
3,10,Êxodo 3:10,וְעַתָּ֣ה לְכָ֔ה וְאֶֽשְׁלָחֲךָ֖ אֶל־ פַּרְעֹ֑ה וְהוֹצֵ֛א אֶת־ עַמִּ֥י בְנֵֽי־ יִשְׂרָאֵ֖ל מִמִּצְרָֽיִם ׃,ועתה לכה ואשלחכ אל פרעה והוצא את עמי בני ישראל ממצרימ,12,וכען איתא ואשלחנך לות פרעה ואפיק ית עמי בני ישראל ממצרים:,11,"καὶ νῦν δεῦρο ἀποστείλω σε πρὸς Φαραὼ βασιλέα Αἰγύπτου, καὶ ἐξάξεις τὸν λαόν μου τοὺς υἱοὺς Ἰσραὴλ ἐκ γῆς Αἰγύπτου.",20,ܗܫܐ ܬܐ ܐܫܕܪܟ ܠܘܬ ܦܪܥܘܢ. ܘܐܦܩ ܠܥܡܝ ܒܢ̈ܝ ܐܝܣܪܝܠ ܡܢ ܡܨܪܝܢ.,11,"Agora, pois, vem e eu te enviarei a Faraó, para que tireis do Egito o meu povo, os filhos de Israel.",21,True,True,True
3,11,Êxodo 3:11,וַיֹּ֤אמֶר מֹשֶׁה֙ אֶל־ הָ֣אֱלֹהִ֔ים מִ֣י אָנֹ֔כִי כִּ֥י אֵלֵ֖ךְ אֶל־ פַּרְעֹ֑ה וְכִ֥י אוֹצִ֛יא אֶת־ בְּנֵ֥י יִשְׂרָאֵ֖ל מִמִּצְרָֽיִם ׃,ויאמר משה אל האלהימ מי אנכי כי אלכ אל פרעה וכי אוציא את בני ישראל ממצרימ,17,ואמר משה קדם יי מן אנא ארי אזיל לות פרעה וארי אפיק ית בני ישראל ממצרים:,16,"Καὶ εἶπεν Μωυσῆς πρὸς τὸν θεόν Τίς εἰμι ἐγὼ ὅτι πορεύσομαι πρὸς Φαραὼ βασιλέα Αἰγύπτου, καὶ ὅτι ἐξάξω τοὺς υἱοὺς Ἰσραὴλ ἐκ γῆς Αἰγύπτου;",24,ܘܐܡ̣ܪ ܡܘܫܐ ܠܐܠܗܐ ܡ̇ܢ ܐܢܐ ܕܐ̇ܙܠ ܠܘܬ ܦܪܥܘܢ. ܘܐܦܩ ܠܕܒܝܬ ܐܝܣܪܝܠ ܡܢ ܡܨܪܝܢ.,13,"Então Moisés disse a Deus: Quem sou eu, para que vá a Faraó e tire do Egito os filhos de Israel?",21,True,True,True
3,12,Êxodo 3:12,וַיֹּ֨אמֶר֙ כִּֽי־ אֶֽהְיֶ֣ה עִמָּ֔ךְ וְזֶה־ לְּךָ֣ הָא֔וֹת כִּ֥י אָנֹכִ֖י שְׁלַחְתִּ֑יךָ בְּהוֹצִֽיאֲךָ֤ אֶת־ הָעָם֙ מִמִּצְרַ֔יִם תַּֽעַבְדוּן֙ אֶת־ הָ֣אֱלֹהִ֔ים עַ֖ל הָהָ֥ר הַזֶּֽה ׃,ויאמר כי אהיה עמכ וזה לכ האות כי אנכי שלחתיכ בהוציאכ את העמ ממצרימ תעבדונ את האלהימ על ההר הזה,21,ואמר ארי יהי מימרי בסעדך ודין לך אתא ארי אנא שלחתך באפקותך ית עמא ממצרים תפלחון קדם יי על טורא הדין:,21,"εἶπεν δὲ ὁ θεὸς Μωυσεῖ λέγων Ὅτι ἔσομαι μετὰ σοῦ· καὶ τοῦτό σοι τὸ σημεῖον ὅτι ἐγώ σε ἐξαποστελῶ· ἐν τῷ ἐξαγαγεῖν σε τὸν λαόν μου ἐξ Αἰγύπτου, καὶ λατρεύσετε τῷ θεῷ ἐν τῷ ὄρει τούτῳ.",36,ܘܐܡ̣ܪ ܠܗ ܐܠܗܐ . ܐܢܐ ܐܗܘ̣ܐ ܥܡܟ. ܘܗܕܐ ܐܬ̇ܐ ܕܐܢܐ ܫܕܪܬܟ. ܡܐ ܕܐܦܩ̣ܬ ܠܥܡܐ ܡܢ ܡܨܪܝ̣ܢ. ܬܦܠܚܘܢ ܩܕܡ ܐܠܗܐ ܥܠ ܛܘܪܐ ܗܢܐ.,22,"Respondeu-lhe Deus: Certamente eu serei contigo; e isto te será por sinal de que eu te enviei: Quando houveres tirado do Egito o meu povo, servireis a Deus neste monte.",30,True,True,True
3,13,Êxodo 3:13,וַיֹּ֨אמֶר מֹשֶׁ֜ה אֶל־ הָֽאֱלֹהִ֗ים הִנֵּ֨ה אָנֹכִ֣י בָא֮ אֶל־ בְּנֵ֣י יִשְׂרָאֵל֒ וְאָמַרְתִּ֣י לָהֶ֔ם אֱלֹהֵ֥י אֲבוֹתֵיכֶ֖ם שְׁלָחַ֣נִי אֲלֵיכֶ֑ם וְאָֽמְרוּ־ לִ֣י מַה־ שְּׁמ֔וֹ מָ֥ה אֹמַ֖ר אֲלֵהֶֽם ׃,ויאמר משה אל האלהימ הנה אנכי בא אל בני ישראל ואמרתי להמ אלהי אבותיכמ שלחני אליכמ ואמרו לי מה שמו מה אמר אלהמ,24,ואמר משה קדם יי הא אנא אתי לות בני ישראל ואימר להון אלהא דאבהתכון שלחני לותכון ויימרון לי מא שמה מא אימר להון:,23,καὶ εἶπεν Μωυσῆς πρὸς τὸν θεόν Ἰδοὺ ἐγὼ ἐξελεύσομαι πρὸς τοὺς υἱοὺς Ἰσραὴλ καὶ ἐρῶ πρὸς αὐτούς Ὁ θεὸς τῶν πατέρων ἡμῶν ἀπέσταλκέν με πρὸς ὑμᾶς· ἐρωτήσουσίν με Τί ὄνομα αὐτῷ; τί ἐρῶ πρὸς αὐτούς;,35,ܘܐܡ̣ܪ ܡܘܫܐ ܠܐܠܗܐ. ܗܐ ܐܢܐ ܐ̇ܙܠ ܠܘܬ ܒܢ̈ܝ ܐܝܣܪܝܠ ܘܐ̇ܡܪ ܠܗܘܢ. ܡܪܝܐ ܐܠܗܐ ܕܐ̈ܒܗܝܟܘܢ ܫܕܪܢܝ ܥܠܝܟܘܢ. ܘܢܐܡܪܘܢ ܠܝ̣ ܡ̇ܢ ܫܡܗ. ܡܢܐ ܐ̇ܡܪ ܠܗܘܢ.,23,"Então disse Moisés a Deus: Eis que quando eu for aos filhos de Israel, e lhes disser: O Deus de vossos pais me enviou a vós; e eles me perguntarem: Qual é o seu nome? Que lhes direi?",38,True,True,True
3,14,Êxodo 3:14,וַיֹּ֤אמֶר אֱלֹהִים֙ אֶל־ מֹשֶׁ֔ה אֶֽהְיֶ֖ה אֲשֶׁ֣ר אֶֽהְיֶ֑ה וַיֹּ֗אמֶר כֹּ֤ה תֹאמַר֙ לִבְנֵ֣י יִשְׂרָאֵ֔ל אֶֽהְיֶ֖ה שְׁלָחַ֥נִי אֲלֵיכֶֽם ׃,ויאמר אלהימ אל משה אהיה אשר אהיה ויאמר כה תאמר לבני ישראל אהיה שלחני אליכמ,16,ואמר יי למשה אהיה אשר אהיה ואמר כדנן תימר לבני ישראל אהיה שלחני לותכון:,14,καὶ εἶπεν ὁ θεὸς πρὸς Μωυσῆν λέγων Ἐγώ εἰμι ὁ ὤν· καὶ εἶπεν Οὕτως ἐρεῖς τοῖς υἱοῖς Ἰσραήλ Ὁ ὢν ἀπέσταλκέν με πρὸς ὑμᾶς.,24,ܘܐܡ̣ܪ ܐܠܗܐ ܠܡܘܫܐ. ܐܗܝܗ̇ ܐ̇ܫܪ ܐܗܝܗ. ܘܐܡ̣ܪ̣ ܗܟܢܐ ܬܐܡܪ ܠܒܢ̈ܝ ܐܝܣܪܝܠ. ܐ̣ܗܝܗ ܫܕܪܢܝ ܥܠܝܟܘܢ.,14,Respondeu Deus a Moisés: EU SOU O QUE SOU. Disse mais: Assim dirás aos olhos de Israel: EU SOU me enviou a vós.,23,True,True,True
3,15,Êxodo 3:15,וַיֹּאמֶר֩ ע֨וֹד אֱלֹהִ֜ים אֶל־ מֹשֶׁ֗ה כֹּֽה־ תֹאמַר֮ אֶל־ בְּנֵ֣י יִשְׂרָאֵל֒ יְהוָ֞ה אֱלֹהֵ֣י אֲבֹתֵיכֶ֗ם אֱלֹהֵ֨י אַבְרָהָ֜ם אֱלֹהֵ֥י יִצְחָ֛ק וֵאלֹהֵ֥י יַעֲקֹ֖ב שְׁלָחַ֣נִי אֲלֵיכֶ֑ם זֶה־ שְּׁמִ֣י לְעֹלָ֔ם וְזֶ֥ה זִכְרִ֖י לְדֹ֥ר דֹּֽר ׃,ויאמר עוד אלהימ אל משה כה תאמר אל בני ישראל יהוה אלהי אבתיכמ אלהי אברהמ אלהי יצחק ואלהי יעקב שלחני אליכמ זה שמי לעלמ וזה זכרי לדר דר,29,ואמר עוד יי למשה כדנן תימר לבני ישראל יי אלהא דאבהתכון אלהה דאברהם אלהה דיצחק ואלהה דיעקב שלחני לותכון דין שמי לעלם ודין דכרני לכל דר ודר:,27,"καὶ εἶπεν ὁ θεὸς πάλιν πρὸς Μωυσῆν Οὕτως ἐρεῖς τοῖς υἱοῖς Ἰσραήλ Κύριος ὁ θεὸς τῶν πατέρων ὑμῶν, θεὸς Ἀβραὰμ καὶ θεὸς Ἰσαὰκ καὶ θεὸς Ἰακώβ, ἀπέσταλκέν με πρὸς ὑμᾶς· τοῦτό μού ἐστιν ὄνομα αἰώνιον καὶ μνημόσυνον γενεῶν γενεαῖς.",39,ܘܐܡ̣ܪ ܬܘܒ ܐܠܗܐ ܠܡܘܫܐ. ܗܟܢܐ ܬܐܡܪ ܠܒܢ̈ܝ ܐܝܣܪܝܠ. ܡܪܝܐ ܐܠܗܐ ܕܐ̈ܒܗܝܟܘܢ ܐܠܗܗ ܕܐܒܪܗܡ̇ ܐܠܗܗ ܕܐܝܣܚܩ ܐܠܗܗ ܕܝܥܩܘܒ ܫܕܪܢܝ ܥܠܝܟܘܢ. ܗܢܘ ܫܡܝ̣ ܠܥܠܡ. ܘܗܢܘ ܕܘܟܪܢܝ̣ ܠܕܪܕܪܝܢ.,25,"E Deus disse mais a Moisés: Assim dirás aos filhos de Israel: O Senhor, o Deus de vossos pais, o Deus de Abraão, o Deus de Isaque, e o Deus de Jacó, me enviou a vós; este é o meu nome eternamente, e este é o meu memorial de geração em geração.",52,True,True,True
3,16,Êxodo 3:16,לֵ֣ךְ וְאָֽסַפְתָּ֞ אֶת־ זִקְנֵ֣י יִשְׂרָאֵ֗ל וְאָמַרְתָּ֤ אֲלֵהֶם֙ יְהוָ֞ה אֱלֹהֵ֤י אֲבֹֽתֵיכֶם֙ נִרְאָ֣ה אֵלַ֔י אֱלֹהֵ֧י אַבְרָהָ֛ם יִצְחָ֥ק וְיַעֲקֹ֖ב לֵאמֹ֑ר פָּקֹ֤ד פָּקַ֨דְתִּי֙ אֶתְכֶ֔ם וְאֶת־ הֶעָשׂ֥וּי לָכֶ֖ם בְּמִצְרָֽיִם ׃,לכ ואספת את זקני ישראל ואמרת אלהמ יהוה אלהי אבתיכמ נראה אלי אלהי אברהמ יצחק ויעקב לאמר פקד פקדתי אתכמ ואת העשוי לכמ במצרימ,25,אזיל ותכנוש ית סבי ישראל ותימר להון יי אלהא דאבהתכון אתגלי לי אלהה דאברהם יצחק ויעקב למימר מדכר דכירנא יתכון וית דאתעבד לכון במצרים:,24,"ἐλθὼν οὖν συνάγαγε τὴν γερουσίαν τῶν υἱῶν Ἰσραὴλ καὶ ἐρεῖς πρὸς αὐτούς Κύριος ὁ θεὸς τῶν πατέρων ὑμῶν ὦπταί μοι, θεὸς Ἀβραὰμ καὶ θεὸς Ἰσαὰκ καὶ θεὸς Ἰακώβ, λέγων Ἐπισκοπῇ ἐπέσκεμμαι ὑμᾶς καὶ ὅσα συμβέβηκεν ὑμῖν ἐν Αἰγύπτῳ·",38,ܙܠ ܟܢ̇ܫ ܠܣ̈ܒܐ ܕܒܢ̈ܝ ܐܝܣܪܝܠ ܘܐܡ̣ܪ ܠܗܘܢ. ܡܪܝܐ ܐܠܗܐ ܕܐ̈ܒܗܝܟܘܢ ܐܬ̣ܓܠܝ ܥܠܝ . ܐܠܗܗ ܕܐܒܪܗܡ ܘܕܐܝܣܚܩ ܘܕܝܥܩܘܒ ܠܡܐܡ̣ܪ. ܡܬܕܟܪܘ ܐܬܕܟܪܬܟܘܢ ܘܡܕܡ ܕܐܬܥܒܕ ܠܟܘܢ ܒܡܨܪܝܢ.,24,"Vai, ajunta os anciãos de Israel e dize-lhes: O Senhor, o Deus de vossos pais, o Deus de Abraão, de Isaque e de Jacó, apareceu-me, dizendo: certamente vos tenho visitado e visto o que vos tem sido feito no Egito;",40,True,True,True
3,17,Êxodo 3:17,וָאֹמַ֗ר אַעֲלֶ֣ה אֶתְכֶם֮ מֵעֳנִ֣י מִצְרַיִם֒ אֶל־ אֶ֤רֶץ הַֽכְּנַעֲנִי֙ וְהַ֣חִתִּ֔י וְהָֽאֱמֹרִי֙ וְהַפְּרִזִּ֔י וְהַחִוִּ֖י וְהַיְבוּסִ֑י אֶל־ אֶ֛רֶץ זָבַ֥ת חָלָ֖ב וּדְבָֽשׁ ׃,ואמר אעלה אתכמ מעני מצרימ אל ארצ הכנעני והחתי והאמרי והפרזי והחוי והיבוסי אל ארצ זבת חלב ודבש,19,ואמרית אסיק יתכון משעבוד מצראי לארע כנענאי וחתאי ואמוראי ופרזאי וחואי ויבוסאי לארעא עבדא חלב ודבש:,16,"καὶ εἶπεν Ἀναβιβάσω ὑμᾶς ἐκ τῆς κακώσεως τῶν Αἰγυπτίων εἰς τὴν γῆν τῶν Χαναναίων καὶ Χετταίων καὶ Ἀμορραίων καὶ Φερεζαίων καὶ Γεργεσαίων καὶ Εὑαίων καὶ Ἰεβουσαίων, εἰς γῆν ῥέουσαν γάλα καὶ μέλι.",32,ܘܐܡ̇ܪܬ ܕܐܣܩܟܘܢ ܡܢ ܫܘܥܒܕܐ ܕܡܨܪ̈ܝܐ̇. ܠܐܪܥܐ ܕܟܢܥ̈ܢܝܐ ܘܕܚ̈ܬܝܐ. ܘܕܐܡܘܪ̈ܝܐ̇ ܘܕܦܪ̈ܙܝܐ . ܘܕܚ̈ܘܝܐ̇ ܘܕܝܒ̈ܘܣܝܐ. ܠܐܪܥܐ ܕܡܪܕܝܐ̇ ܚܠܒܐ ܘܕܒܫܐ.,17,"e tenho dito: Far-vos-ei subir da aflição do Egito para a terra do cananeu, do heteu, do amorreu, do perizeu, do heveu e do jebuseu, para uma terra que mana leite e mel.",33,True,True,True
3,18,Êxodo 3:18,וְשָׁמְע֖וּ לְקֹלֶ֑ךָ וּבָאתָ֡ אַתָּה֩ וְזִקְנֵ֨י יִשְׂרָאֵ֜ל אֶל־ מֶ֣לֶךְ מִצְרַ֗יִם וַאֲמַרְתֶּ֤ם אֵלָיו֙ יְהוָ֞ה אֱלֹהֵ֤י הָֽעִבְרִיִּים֙ נִקְרָ֣ה עָלֵ֔ינוּ וְעַתָּ֗ה נֵֽלֲכָה־ נָּ֞א דֶּ֣רֶךְ שְׁלֹ֤שֶׁת יָמִים֙ בַּמִּדְבָּ֔ר וְנִזְבְּחָ֖ה לַֽיהוָ֥ה אֱלֹהֵֽינוּ ׃,ושמעו לקלכ ובאת אתה וזקני ישראל אל מלכ מצרימ ואמרתמ אליו יהוה אלהי העבריימ נקרה עלינו ועתה נלכה נא דרכ שלשת ימימ במדבר ונזבחה ליהוה אלהינו,27,ויקבלון למימרך ותיתי את וסבי ישראל לות מלכא דמצרים ותימרון לה יי אלהא דיהודאי אתקרי עלנא וכען נזיל כען מהלך תלתא יומין במדברא ונדבח קדם יי אלהנא:,27,"καὶ εἰσακούσονταί σου τῆς φωνῆς· καὶ εἰσελεύσῃ σὺ καὶ ἡ γερουσία Ἰσραὴλ πρὸς Φαραὼ βασιλέα Αἰγύπτου, καὶ ἐρεῖς πρὸς αὐτόν Ὁ θεὸς τῶν Ἐβραίων προσκέκληται ἡμᾶς· πορευσώμεθα οὖν ὁδὸν τριῶν ἡμερῶν εἰς τὴν ἔρημον, ἵνα θύσωμεν τῷ θεῷ ἡμῶν.",39,ܘܢ̣ܫܡܥܘܢ ܠܩܠܟ. ܘܬܥܘܠ ܐܢܬ ܘܣ̈ܒܐ ܕܒܢ̈ܝ ܐܝܣܪܝܠ ܠܘܬ ܡ̇ܠܟܐ ܕܡܨܪܝ̣ܢ. ܘܬܐܡܪܘܢ ܠܗ. ܡܪܝܐ ܐܠܗܐ ܕܥܒܪ̈ܝܐ ܐܬ̣ܓܠܝ ܥܠܝܢ. ܗܫܐ ܢ̇ܐܙܠ ܡܪܕܐ ܬܠܬܐ ܝܘܡ̈ܝܢ ܒܡܕܒܪܐ. ܘ̇ܢܕܒ̇ܚ ܠܡܪܝܐ ܐܠܗܢ.,26,"E ouvirão a tua voz; e ireis, tu e os anciãos de Israel, ao rei do Egito, e dir-lhe-eis: O Senhor, o Deus dos hebreus, encontrou-nos. Agora, pois, deixa-nos ir caminho de três dias para o deserto para que ofereçamos sacrifícios ao Senhor nosso Deus.",45,True,True,True
3,19,Êxodo 3:19,וַאֲנִ֣י יָדַ֔עְתִּי כִּ֠י לֹֽא־ יִתֵּ֥ן אֶתְכֶ֛ם מֶ֥לֶךְ מִצְרַ֖יִם לַהֲלֹ֑ךְ וְלֹ֖א בְּיָ֥ד חֲזָקָֽה ׃,ואני ידעתי כי לא יתנ אתכמ מלכ מצרימ להלכ ולא ביד חזקה,13,וקדמי גלי ארי לא ישבוק יתכון מלכא דמצרים למיזל ולא מן קדם דחילה תקיף:,14,"ἐγὼ δὲ οἶδα ὅτι οὐ προήσεται ὑμᾶς Φαραὼ βασιλεὺς Αἰγύπτου πορευθῆναι, ἐὰν μὴ μετὰ χειρὸς κραταιᾶς·",16,ܘܐܢܐ ܝܕܥ̇ ܐܢܐ. ܕܠܐ ܫܒ̇ܩ ܠܟܘܢ ܡ̇ܠܟܐ ܕܡܨܪܝܢ ܠܡܐܙܠ. ܘܠܐ ܗܘܐ ܒܐܝܕܗ ܬܩܝܦܬܐ.,13,"Eu sei, porém, que o rei do Egito não vos deixará ir, a não ser por uma forte mão.",19,True,True,True
3,20,Êxodo 3:20,וְשָׁלַחְתִּ֤י אֶת־ יָדִי֙ וְהִכֵּיתִ֣י אֶת־ מִצְרַ֔יִם בְּכֹל֙ נִפְלְאֹתַ֔י אֲשֶׁ֥ר אֶֽעֱשֶׂ֖ה בְּקִרְבּ֑וֹ וְאַחֲרֵי־ כֵ֖ן יְשַׁלַּ֥ח אֶתְכֶֽם ׃,ושלחתי את ידי והכיתי את מצרימ בכל נפלאתי אשר אעשה בקרבו ואחרי כנ ישלח אתכמ,16,ואשלח פון ית מחת גברתי ואמחי ית מצראי בכל פרשותי די אעבד ביניהון ובתר כן ישלח יתכון:,17,"καὶ ἐκτείνας τὴν χεῖρα πατάξω τοὺς Αἰγυπτίους ἐν πᾶσι τοῖς θαυμασίοις μου οἷς ποιήσω ἐν αὐτοῖς, καὶ μετὰ ταῦτα ἐξαποστελεῖ ὑμᾶς.",21,ܘܐܘܫܛ ܐܝܕܝ ܘܐܡ̣ܚܐ ܠܡܨܪ̈ܝܐ̇. ܒܟܠ ܬܕܡܪ̈ܬܐ ܕܐܥ̇ܒܕ ܒܝܢܬܗܘܢ ܘܒܬܪܟ̣ܢ ܢܫܕܪܟܘܢ.,10,"Portanto estenderei a minha mão, e ferirei o Egito com todas as minhas maravilhas que farei no meio dele. Depois vos deixará ir.",23,True,True,True
3,21,Êxodo 3:21,וְנָתַתִּ֛י אֶת־ חֵ֥ן הָֽעָם־ הַזֶּ֖ה בְּעֵינֵ֣י מִצְרָ֑יִם וְהָיָה֙ כִּ֣י תֵֽלֵכ֔וּן לֹ֥א תֵלְכ֖וּ רֵיקָֽם ׃,ונתתי את חנ העמ הזה בעיני מצרימ והיה כי תלכונ לא תלכו ריקמ,14,ואתן ית עמא הדין לרחמין בעיני מצראי ויהי ארי תהכון לא תהכון ריקנין:,13,"καὶ δώσω χάριν τῷ λαῷ τούτῳ ἐναντίον τῶν Αἰγυπτίων· ὅταν δὲ ἀποτρέχητε, οὐκ ἀπελεύσεσθε κενοί·",15,ܘܐܬܠܝܘܗܝ ܠܥܡܐ ܠܪ̈ܚ̣ܡܐ ܒܥܝܢ̈ܝܗܘܢ ܕܡܨܪ̈ܝܐ ܘܟܕ ܬܐܙܠܘܢ. ܠܐ ܬܐܙܠܘܢ ܣܪܝܩܐܝܬ.,10,"E eu darei graça a este povo aos olhos dos egípcios; e acontecerá que, quando sairdes, não saireis vazios.",19,True,True,True
3,22,Êxodo 3:22,וְשָׁאֲלָ֨ה אִשָּׁ֤ה מִשְּׁכֶנְתָּהּ֙ וּמִגָּרַ֣ת בֵּיתָ֔הּ כְּלֵי־ כֶ֛סֶף וּכְלֵ֥י זָהָ֖ב וּשְׂמָלֹ֑ת וְשַׂמְתֶּ֗ם עַל־ בְּנֵיכֶם֙ וְעַל־ בְּנֹ֣תֵיכֶ֔ם וְנִצַּלְתֶּ֖ם אֶת־ מִצְרָֽיִם ׃,ושאלה אשה משכנתה ומגרת ביתה כלי כספ וכלי זהב ושמלת ושמתמ על בניכמ ועל בנתיכמ ונצלתמ את מצרימ,19,ותשאל אתתא משבבתה ומקריבת ביתה מנין דכסף ומנין דדהב ולבושין ותשוון על בניכון ועל בנתיכון ותרוקנון ית מצרים:,18,"αἰτήσει γυνὴ παρὰ γείτονος καὶ συσκήνου αὐτῆς σκεύη ἀργυρᾶ καὶ χρυσᾶ καὶ ἱματισμόν, καὶ ἐπιθήσετε ἐπὶ τοὺς υἱοὺς ὑμῶν καὶ ἐπὶ τὰς θυγατέρας ὑμῶν· καὶ σκυλεύσατε τοὺς Αἰγυπτίους.",28,ܬܫ̣ܐܠ ܐܢܬܬܐ ܡܢ ܫܒܒܬܗ̇ ܘܡܢ ܬܘܬܒܬ ܒܝܬܗ̇. ܡܐ̈ܢܐ ܕܕܗܒܐ̇ ܘܡܐ̈ܢܐ ܕܣܐܡܐ ܘܠܒ̈ܘܫܐ. ܘܐܠܒܫܘ ܠܒ̈ܢܝܟܘܢ ܘܠܒ̈ܢܬܟܘܢ. ܘܢ̇ܦܨ̇ܘ ܠܡܨܪ̈ܝܐ.,17,"Porque cada mulher pedirá à sua vizinha e à sua hóspeda jóias de prata e jóias de ouro, bem como vestidos, os quais poreis sobre vossos filhos e sobre vossas filhas; assim despojareis os egípcios.",35,True,True,True
4,1,Êxodo 4:1,וַיַּ֤עַן מֹשֶׁה֙ וַיֹּ֔אמֶר וְהֵן֙ לֹֽא־ יַאֲמִ֣ינוּ לִ֔י וְלֹ֥א יִשְׁמְע֖וּ בְּקֹלִ֑י כִּ֣י יֹֽאמְר֔וּ לֹֽא־ נִרְאָ֥ה אֵלֶ֖יךָ יְהוָֽה ׃,ויענ משה ויאמר והנ לא יאמינו לי ולא ישמעו בקלי כי יאמרו לא נראה אליכ יהוה,17,ואתיב משה ואמר והא לא יהמנון לי ולא יקבלון מני ארי יימרון לא אתגלי לך יי:,16,"Ἀπεκρίθη δὲ Μωυσῆς καὶ εἶπεν Ἐὰν μὴ πιστεύσωσίν μοι μηδὲ εἰσακούσωσιν τῆς φωνῆς μου, ἐροῦσιν γὰρ ὅτι Οὐκ ὦπταί σοι ὁ θεός, τί ἐρῶ πρὸς αὐτούς;",26,ܘܥܢ̣ܐ ܡܘܫܐ ܘܐܡ̣ܪ. ܗܐ ܠܐ ܡܗܝܡܢܝܢ ܠܝ̣ ܘܠܐ ܫܡ̇ܥܝܢ ܠܩܠܝ. ܡܛܘܠ ܕܐܡ̇ܪ̈ܝ̣ܢ ܠܐ ܐܬܚܙܝ ܠܟ ܡܪܝܐ.,16,"Então respondeu Moisés: Mas eis que não me crerão, nem ouvirão a minha voz, pois dirão: O Senhor não te apareceu.",21,True,True,True
4,2,Êxodo 4:2,וַיֹּ֧אמֶר אֵלָ֛יו יְהוָ֖ה מזה בְיָדֶ֑ךָ וַיֹּ֖אמֶר מַטֶּֽה ׃,ויאמר אליו יהוה מזה בידכ ויאמר מטה,8,ואמר לה יי מא דין בידך ואמר חוטרא:,8,εἶπεν δὲ αὐτῷ Κύριος Τί τοῦτό ἐστιν τὸ ἐν τῇ χειρί σου; ὁ δὲ εἶπεν Ῥάβδος.,16,ܘܐܡ̣ܪ ܠܗ ܡܪܝܐ. ܡ̇ܢܘ ܗܢܐ ܕܒܐܝܕܟ. ܘܐܡ̣ܪ̣ ܚܘܛܪܐ.,8,Ao que lhe perguntou o Senhor: Que é isso na tua mão. Disse Moisés: uma vara.,16,True,True,True
4,3,Êxodo 4:3,וַיֹּ֨אמֶר֙ הַשְׁלִיכֵ֣הוּ אַ֔רְצָה וַיַּשְׁלִיכֵ֥הוּ אַ֖רְצָה וַיְהִ֣י לְנָחָ֑שׁ וַיָּ֥נָס מֹשֶׁ֖ה מִפָּנָֽיו ׃,ויאמר השליכהו ארצה וישליכהו ארצה ויהי לנחש וינס משה מפניו,11,ואמר רמיהי לארעא ורמהי לארעא והוה לחוי וערק משה מן קדמוהי:,11,"καὶ εἶπεν Ῥίψον αὐτὴν ἐπὶ τὴν γῆν. καὶ ἔρριψεν αὐτὴν ἐπὶ τὴν γῆν, καὶ ἐγένετο ὄφις· καὶ ἔφυγεν Μωυσῆς ἀπ᾽ αὐτοῦ.",21,ܘܐܡ̣ܪ̣ ܐܪܡܝܗܝ ܒܐܪܥܐ. ܘܐܪܡܝܗ ܒܐܪܥܐ ܘܗܘ̣ܐ ܚܘܝܐ. ܘܥ̣ܪܩ ܡܘܫܐ ܡܢ ܩܕܡܘܗܝ.,11,"Ordenou-lhe o Senhor: Lança-a no chão. Ele a lançou no chão, e ela se tornou em cobra; e Moisés fugiu dela.",21,True,True,True
4,4,Êxodo 4:4,וַיֹּ֤אמֶר יְהוָה֙ אֶל־ מֹשֶׁ֔ה שְׁלַח֙ יָֽדְךָ֔ וֶאֱחֹ֖ז בִּזְנָב֑וֹ וַיִּשְׁלַ֤ח יָדוֹ֙ וַיַּ֣חֲזֶק בּ֔וֹ וַיְהִ֥י לְמַטֶּ֖ה בְּכַפּֽוֹ ׃,ויאמר יהוה אל משה שלח ידכ ואחז בזנבו וישלח ידו ויחזק בו ויהי למטה בכפו,16,ואמר יי למשה אושט ידך ואחוד בזנבה ואושיט ידה ואתקף בה והוה לחוטרא בידה:,14,"καὶ εἶπεν Κύριος πρὸς Μωυσῆν Ἔκτεινον τὴν χεῖρα καὶ ἐπιλαβοῦ τῆς κέρκου· ἐκτείνας οὖν τὴν χεῖρα ἐπελάβετο τῆς κέρκου, καὶ ἐγένετο ῥάβδος ἐν τῇ χειρὶ αὐτοῦ·",26,ܘܐܡ̣ܪ ܡܪܝܐ ܠܡܘܫܐ. ܐܘܫܛ ܐܝܕܟ̣ ܘܐܚܘܕ ܒܕܘܢܒܗ. ܘܐܘܫܛ ܐܝܕܗ̣ ܘܚܡܣܢ ܒܗ. ܘܗ̣ܘܐ ܚܘܛܪܐ ܒܐܝܕܗ.,14,"Então disse o Senhor a Moisés: Estende a mão e pega-lhe pela cauda {estendeu ele a mão e lhe pegou, e ela se tornou em vara na sua mão};",29,True,True,True
4,5,Êxodo 4:5,לְמַ֣עַן יַאֲמִ֔ינוּ כִּֽי־ נִרְאָ֥ה אֵלֶ֛יךָ יְהוָ֖ה אֱלֹהֵ֣י אֲבֹתָ֑ם אֱלֹהֵ֧י אַבְרָהָ֛ם אֱלֹהֵ֥י יִצְחָ֖ק וֵאלֹהֵ֥י יַעֲקֹֽב ׃,למענ יאמינו כי נראה אליכ יהוה אלהי אבתמ אלהי אברהמ אלהי יצחק ואלהי יעקב,15,בדיל דיהמנון ארי אתגלי לך יי אלהא דאבהתהון אלהה דאברהם אלהה דיצחק ואלהה דיעקב:,14,"ἵνα πιστεύσωσίν σοι ὅτι ὦπταί σοι ὁ θεὸς τῶν πατέρων αὐτῶν, θεὸς Ἀβραὰμ καὶ θεὸς Ἰσαὰκ καὶ θεὸς Ἰακώβ.",19,ܡܛܠ ܕܢܗܝܡܢܘܢ ܕܐܬܚܙܝ ܠܟ ܡܪܝܐ ܐܠܗܐ ܕܐ̈ܒܗܝܗܘܢ. ܐܠܗܗ ܕܐܒܪܗܡ̇ ܐܠܗܗ ܕܐܝܣܚܩ̣ ܐܠܗܗ ܕܝܥܩܘܒ.,13,"para que eles creiam que te apareceu o Senhor, o Deus de seus pais, o Deus de Abraão, o Deus de Isaque e o Deus de Jacó.",27,True,True,True
4,6,Êxodo 4:6,וַיֹּאמֶר֩ יְהוָ֨ה ל֜וֹ ע֗וֹד הָֽבֵא־ נָ֤א יָֽדְךָ֙ בְּחֵיקֶ֔ךָ וַיָּבֵ֥א יָד֖וֹ בְּחֵיק֑וֹ וַיּ֣וֹצִאָ֔הּ וְהִנֵּ֥ה יָד֖וֹ מְצֹרַ֥עַת כַּשָּֽׁלֶג ׃,ויאמר יהוה לו עוד הבא נא ידכ בחיקכ ויבא ידו בחיקו ויוצאה והנה ידו מצרעת כשלג,17,ואמר יי לה עוד אעיל כען ידך בעטפך ואעיל ידה בעטפה ואפקה והא ידה חורא כתלגא:,16,"εἶπεν δὲ αὐτῷ Κύριος πάλιν Εἰσένεγκον τὴν χεῖρά σου εἰς τὸν κόλπον σου. καὶ εἰσήνεγκεν τὴν χεῖρα αὐτοῦ εἰς τὸν κόλπον αὐτοῦ· καὶ ἐξήνεγκεν τὴν χεῖρα αὐτοῦ ἐκ τοῦ κόλπου αὐτοῦ, καὶ ἐγενήθη ἡ χεὶρ αὐτοῦ ὡσεὶ χιών.",38,ܘܐܡ̣ܪ ܠܗ ܡܪܝܐ ܬܘܒ. ܐܥܠ ܐܝܕܟ ܠܥܘܒܟ. ܘܐܥܠ ܐܝܕܗ ܠܥܘܒܗ ܘܐܦܩܗ̣̇. ܘܗܐ ܐܝܕܗ ܡܓܪܒܐ ܐܝܟ ܬܠܓܐ.,16,"Disse-lhe mais o Senhor: Mete agora a mão no seio. E meteu a mão no seio. E quando a tirou, eis que a mão estava leprosa, branca como a neve.",30,True,True,True
4,7,Êxodo 4:7,וַיֹּ֗אמֶר הָשֵׁ֤ב יָֽדְךָ֙ אֶל־ חֵיקֶ֔ךָ וַיָּ֥שֶׁב יָד֖וֹ אֶל־ חֵיק֑וֹ וַיּֽוֹצִאָהּ֙ מֵֽחֵיק֔וֹ וְהִנֵּה־ שָׁ֖בָה כִּבְשָׂרֽוֹ ׃,ויאמר השב ידכ אל חיקכ וישב ידו אל חיקו ויוצאה מחיקו והנה שבה כבשרו,15,ואמר אתיב ידך לעטפך ואתיב ידה לעטפה ואפקה מעטפה והא תבת הות כבשרה:,13,"καὶ εἶπεν πάλιν Εἰσένεγκον τὴν χεῖρά σου εἰς τὸν κόλπον σου· καὶ εἰσήνεγκεν τὴν χεῖρα εἰς τὸν κόλπον αὐτοῦ· καὶ ἐξήνεγκεν αὐτὴν ἐκ τοῦ κόλπου αὐτοῦ, καὶ πάλιν ἀπεκατέστη εἰς τὴν χρόαν τῆς σαρκὸς αὐτῆς·",35,ܘܐܡ̣ܪ ܠܗ ܡܪܝܐ . ܐܗܦܟ ܐܝܕܟ ܠܥܘܒܟ. ܘܐܗܦܟ̇ ܐܝܕܗ ܠܥܘܒܗ. ܘܐܦܩܗ̇ ܡܢ ܥܘܒܗ̣. ܘܗܘܬ ܠܗ̇ ܐܝܟ ܒܣܪܗ.,17,"Disse-lhe ainda: Torna a meter a mão no seio. {E tornou a meter a mão no seio; depois tirou-a do seio, e eis que se tornara como o restante da sua carne.}",32,True,True,True
4,8,Êxodo 4:8,וְהָיָה֙ אִם־ לֹ֣א יַאֲמִ֣ינוּ לָ֔ךְ וְלֹ֣א יִשְׁמְע֔וּ לְקֹ֖ל הָאֹ֣ת הָרִאשׁ֑וֹן וְהֶֽאֱמִ֔ינוּ לְקֹ֖ל הָאֹ֥ת הָאַחֲרֽוֹן ׃,והיה אמ לא יאמינו לכ ולא ישמעו לקל האת הראשונ והאמינו לקל האת האחרונ,15,ויהי אם לא יהמנון לך ולא יקבלון לקל אתא קדמאה ויהמנון לקל אתא בתראה:,14,"ἐὰν δὲ μὴ πιστεύσωσίν σοι μηδὲ εἰσακούσωσιν τῆς φωνῆς τοῦ σημείου τοῦ πρώτου, πιστεύσουσίν σοι τῆς φωνῆς τοῦ σημείου τοῦ ἐσχάτου.",21,ܘܐܢ ܠܐ ܢܗܝܡܢܘܢ ܘܠܐ ܢܫܡ̣ܥܘܢ ܠܩܠܐ ܕܐܬ̇ܐ ܩܕܡܝܬܐ. ܢܗ̇ܝܡܢܘܢ ܠܩܠܐ ܕܐܬ̇ܐ ܐܚܪܝܬܐ.,12,"E sucederá que, se eles não te crerem, nem atentarem para o primeiro sinal, crerão ao segundo sinal.",18,True,True,True
4,9,Êxodo 4:9,וְהָיָ֡ה אִם־ לֹ֣א יַאֲמִ֡ינוּ גַּם֩ לִשְׁנֵ֨י הָאֹת֜וֹת הָאֵ֗לֶּה וְלֹ֤א יִשְׁמְעוּן֙ לְקֹלֶ֔ךָ וְלָקַחְתָּ֙ מִמֵּימֵ֣י הַיְאֹ֔ר וְשָׁפַכְתָּ֖ הַיַּבָּשָׁ֑ה וְהָי֤וּ הַמַּ֨יִם֙ אֲשֶׁ֣ר תִּקַּ֣ח מִן־ הַיְאֹ֔ר וְהָי֥וּ לְדָ֖ם בַּיַּבָּֽשֶׁת ׃,והיה אמ לא יאמינו גמ לשני האתות האלה ולא ישמעונ לקלכ ולקחת ממימי היאר ושפכת היבשה והיו המימ אשר תקח מנ היאר והיו לדמ ביבשת,26,ויהי אם לא יהמנון אף לתרין אתיא האלין ולא יקבלון מנך ותסב ממיא דבנהרא ותשוד ליבשתא ויהון מיא די תסב מן נהרא ויהון לדמא ביבשתא:,25,"καὶ ἔσται ἐὰν μὴ πιστεύσωσίν σοι τοῖς δυσὶ σημείοις τούτοις μηδὲ εἰσακούσωσιν τῆς φωνῆς σου, λήμψῃ ἀπὸ τοῦ ὕδατος τοῦ ποταμοῦ καὶ ἐκχεεῖς ἐπὶ τὸ ξηρόν, καὶ ἔσται τὸ ὕδωρ ὃ ἐὰν λάβῃς ἀπὸ τοῦ ποταμοῦ αἷμα ἐπὶ τοῦ ξηροῦ.",40,ܘܐܢ ܠܐ ܢܗܝܡܢܘܢ ܠܗܠܝܢ ܬܪ̈ܬܝܗܝܢ ܐ̈ܬܘܬܐ. ܘܠܐ ܢܫܡ̣ܥܘܢ ܠܩܠܟ̣. ܣܒ ܡܢ ܡ̈ܝܐ ܕܢܗܪܐ ܘܐܫܘܕ ܒܝܒܫܐ. ܘܗ̇ܢܘܢ ܡ̈ܝܐ ܕܢܣ̇ܒ ܐܢܬ ܡܢ ܢܗܪܐ . ܢ̇ܗܘܘܢ ܕܡܐ ܒܝܒܫܐ.,25,"E se ainda não crerem a estes dois sinais, nem ouvirem a tua voz, então tomarás da água do rio, e a derramarás sobre a terra seca; e a água que tomares do rio tornar-se-á em sangue sobre a terra seca.",41,True,True,True
4,10,Êxodo 4:10,וַיֹּ֨אמֶר מֹשֶׁ֣ה אֶל־ יְהוָה֮ בִּ֣י אֲדֹנָי֒ לֹא֩ אִ֨ישׁ דְּבָרִ֜ים אָנֹ֗כִי גַּ֤ם מִתְּמוֹל֙ גַּ֣ם מִשִּׁלְשֹׁ֔ם גַּ֛ם מֵאָ֥ז דַּבֶּרְךָ אֶל־ עַבְדֶּ֑ךָ כִּ֧י כְבַד־ פֶּ֛ה וּכְבַ֥ד לָשׁ֖וֹן אָנֹֽכִי ׃,ויאמר משה אל יהוה בי אדני לא איש דברימ אנכי גמ מתמול גמ משלשמ גמ מאז דברכ אל עבדכ כי כבד פה וכבד לשונ אנכי,26,ואמר משה קדם יי בבעו יי לא גבר דמלול אנא אף מתמלי אף מדקמוהי אף מעדן דמללתא עם עבדך ארי יקיר ממלל ועמיק לישן אנא:,25,"Εἶπεν δὲ Μωυσῆς πρὸς Κύριον Δέομαι, Κύριε, οὐχ ἱκανός εἰμι πρὸ τῆς ἐχθὲς οὐδὲ πρὸ τῆς τρίτης ἡμέρας οὐδὲ ἀφ᾽ οὗ ἤρξω λαλεῖν τῷ θεράποντί σου· ἰσχνόφωνος καὶ βραδύγλωσσος ἐγώ εἰμι.",31,ܘܐܡ̣ܪ ܡܘܫܐ ܠܡܪܝܐ. ܒ̇ܥܐ ܐܢܐ ܡܢܟ ܡܪܝ. ܠܐ ܗ̇ܘܝܬ ܓܒܪܐ ܕܡܡܠܠܐ̇. ܐܦ ܡܢ ܐܬܡܠܝ ܐܦ ܡܢ ܡܢܬܡܠܝ ܘܐܦ ܡܢ ܥܕܢܐ ܕܡܠ̣ܠܬ ܥܡ ܥܒ̣ܕܟ. ܡܛܘܠ ܕܠܥܓ̣ ܡ̇ܡܠܠܝ̇ ܘܥ̣ܛܠ ܠܫܢܐ ܐܢܐ.,29,"Então disse Moisés ao Senhor: Ah, Senhor! eu não sou eloqüente, nem o fui dantes, nem ainda depois que falaste ao teu servo; porque sou pesado de boca e pesado de língua.",32,True,True,True
4,11,Êxodo 4:11,וַיֹּ֨אמֶר יְהוָ֜ה אֵלָ֗יו מִ֣י שָׂ֣ם פֶּה֮ לָֽאָדָם֒ א֚וֹ מִֽי־ יָשׂ֣וּם אִלֵּ֔ם א֣וֹ חֵרֵ֔שׁ א֥וֹ פִקֵּ֖חַ א֣וֹ עִוֵּ֑ר הֲלֹ֥א אָנֹכִ֖י יְהוָֽה ׃,ויאמר יהוה אליו מי שמ פה לאדמ או מי ישומ אלמ או חרש או פקח או עור הלא אנכי יהוה,21,ואמר יי לה מן שוי פומא לאנשא או מן שוי אלמא או חרשא או פקחא או עוירא הלא אנא יי:,20,"εἶπεν δὲ Κύριος πρὸς Μωυσῆν Τίς ἔδωκεν στόμα ἀνθρώπῳ, καὶ τίς ἐποίησεν δύσκωφον καὶ κωφόν, βλέποντα καὶ τυφλόν; οὐκ ἐγὼ ὁ θεός;",22,ܘܐܡ̣ܪ ܠܗ ܡܪܝܐ. ܡܢ̣ܘ ܥܒ̣ܕ ܦܘܡܐ ܠܐܢܫܐ. ܐܘ ܡܢ̣ܘ ܥܒ̣ܕ ܦܐܩܐ ܐܘ ܚܪ̣ܫܐ̇. ܐܘ ܦܬܝܚܐ ܐܘ ܥܘܝܪܐ. ܠܐ ܗܘܐ ܐܢܐ ܡܪܝܐ.,21,"Ao que lhe replicou o Senhor: Quem faz a boca do homem? ou quem faz o mudo, ou o surdo, ou o que vê, ou o cego?. Não sou eu, o Senhor?",32,True,True,True
4,12,Êxodo 4:12,וְעַתָּ֖ה לֵ֑ךְ וְאָנֹכִי֙ אֶֽהְיֶ֣ה עִם־ פִּ֔יךָ וְהוֹרֵיתִ֖יךָ אֲשֶׁ֥ר תְּדַבֵּֽר ׃,ועתה לכ ואנכי אהיה עמ פיכ והוריתיכ אשר תדבר,10,וכען אזיל ומימרי יהא עם פומך ואלפנך די תמלל:,9,"καὶ νῦν πορεύου καὶ ἐγὼ ἀνοίξω τὸ στόμα σου, καὶ συμβιβάσω σε ὃ μέλλεις λαλῆσαι.",15,ܘܗ̇ܫܐ ܙܠ ܘܐܢܐ ܐܗܘܐ ܥܡ ܦܘܡܟ. ܘܐܠܦܟ ܡܕܡ ܕܬܡܠܠ.,9,"Vai, pois, agora, e eu serei com a tua boca e te ensinarei o que hás de falar.",18,True,True,True
4,13,Êxodo 4:13,וַיֹּ֖אמֶר בִּ֣י אֲדֹנָ֑י שְֽׁלַֽח־ נָ֖א בְּיַד־ תִּשְׁלָֽח ׃,ויאמר בי אדני שלח נא ביד תשלח,8,ואמר בבעו יי שלח כען ביד מן דכשר דתשלח:,9,"καὶ εἶπεν Μωυσῆς Δέομαι, Κύριε, προχείρισαι δυνάμενον ἄλλον ὃν ἀποστελεῖς.",10,ܘܐܡ̣ܪ ܡܘܫܐ . ܒܥ̇ܐ ܐܢܐ ܡܢܟ ܡܪܝ̣. ܫܕܪ ܒܝܕ ܡ̇ܢ ܕܡܫܕܪ ܐܢܬ.,12,"Ele, porém, respondeu: Ah, Senhor! envia, peço-te, por mão daquele a quem tu hás de enviar.",16,True,True,True
4,14,Êxodo 4:14,וַיִּֽחַר־ אַ֨ף יְהוָ֜ה בְּמֹשֶׁ֗ה וַיֹּ֨אמֶר֙ הֲלֹ֨א אַהֲרֹ֤ן אָחִ֨יךָ֙ הַלֵּוִ֔י יָדַ֕עְתִּי כִּֽי־ דַבֵּ֥ר יְדַבֵּ֖ר ה֑וּא וְגַ֤ם הִנֵּה־ הוּא֙ יֹצֵ֣א לִקְרָאתֶ֔ךָ וְרָאֲךָ֖ וְשָׂמַ֥ח בְּלִבּֽוֹ ׃,ויחר אפ יהוה במשה ויאמר הלא אהרנ אחיכ הלוי ידעתי כי דבר ידבר הוא וגמ הנה הוא יצא לקראתכ וראכ ושמח בלבו,23,ותקיף רוגזא דיי במשה ואמר הלא אהרן אחוך לואי גלי קדמי ארי מללא ימלל הוא ואף הא הוא נפק לקדמותך ויחזנך ויחדי בלבה:,23,"καὶ θυμωθεὶς ὀργῇ Κύριος ἐπὶ Μωυσῆν εἶπεν Οὐκ ἰδοὺ Ἀαρὼν ὁ ἀδελφός σου ὁ Λευείτης; ἐπίσταμαι ὅτι λαλῶν λαλήσει αὐτός σοι· καὶ ἰδοὺ αὐτὸς ἐξελεύσεται εἰς συνάντησίν σοι, καὶ ἰδών σε χαρήσεται ἐν ἑαυτῷ.",34,ܘܐܬܚ̇ܡܬ ܪܘܓܙܗ ܕܡܪܝܐ ܥܠ ܡܘܫܐ ܘܐܡ̣ܪ ܠܗ . ܗܐ ܐܗܪܘܢ ܐܚܘܟ ܠܘܝܐ. ܝܕܥ̇ ܐܢܐ̇ ܕܡܡܠܠܘ ܡܡܠܠ ܗܘ. ܗܐ ܐܦ ܗܘ ܢܦܘܩ ܠܐܘܪܥܟ̣ ܘܢܚܙܝܟ̣. ܘܢܚ̣ܕܐ ܒܠܒܗ.,25,"Então se acendeu contra Moisés a ira do Senhor, e disse ele: Não é Arão, o levita, teu irmão? eu sei que ele pode falar bem. Eis que ele também te sai ao encontro, e vendo-te, se alegrará em seu coração.",41,True,True,True
4,15,Êxodo 4:15,וְדִבַּרְתָּ֣ אֵלָ֔יו וְשַׂמְתָּ֥ אֶת־ הַדְּבָרִ֖ים בְּפִ֑יו וְאָנֹכִ֗י אֶֽהְיֶ֤ה עִם־ פִּ֨יךָ֙ וְעִם־ פִּ֔יהוּ וְהוֹרֵיתִ֣י אֶתְכֶ֔ם אֵ֖ת אֲשֶׁ֥ר תַּעֲשֽׂוּן ׃,ודברת אליו ושמת את הדברימ בפיו ואנכי אהיה עמ פיכ ועמ פיהו והוריתי אתכמ את אשר תעשונ,18,ותמלל עמה ותשוי ית פתגמיא בפומה ומימרי יהי עם פומך ועם פומה ואליף יתכון ית די תעבדון:,17,καὶ ἐρεῖς πρὸς αὐτὸν καὶ δώσεις τὰ ῥήματά μου εἰς τὸ στόμα αὐτοῦ· καὶ ἐγὼ ἀνοίξω τὸ στόμα σου καὶ τὸ στόμα αὐτοῦ· καὶ συμβιβάσω ὑμᾶς ἃ ποιήσετε.,28,ܘܬܐܡܪ ܠܗ̣ ܘܬܣܝܡ̣ ܦܬ̈ܓܡܐ ܒܦܘܡܗ. ܘܐܢܐ ܐܗܘܐ ܥܡ ܦܘܡܟ ܘܥܡ ܦܘܡܗ̣. ܘܐܠܦܟܘܢ ܡܕܡ ܕܬܥܒܕܘܢ.,14,"Tu, pois, lhe falarás, e porás as palavras na sua boca; e eu serei com a tua boca e com a dele, e vos ensinarei o que haveis de fazer.",30,True,True,True
4,16,Êxodo 4:16,וְדִבֶּר־ ה֥וּא לְךָ֖ אֶל־ הָעָ֑ם וְהָ֤יָה הוּא֙ יִֽהְיֶה־ לְּךָ֣ לְפֶ֔ה וְאַתָּ֖ה תִּֽהְיֶה־ לּ֥וֹ לֵֽאלֹהִֽים ׃,ודבר הוא לכ אל העמ והיה הוא יהיה לכ לפה ואתה תהיה לו לאלהימ,15,וימלל הוא לך לעמא ויהי הוא יהי לך למתרגמן ואת תהי לה לרב:,13,"καὶ αὐτός σοι λαλήσει πρὸς τὸν λαόν, καὶ αὐτὸς ἔσται σου στόμα· σὺ δὲ αὐτῷ ἔσῃ τὰ πρὸς τὸν θεόν.",20,ܗ̣ܘ ܢܡܠܠ ܠܟ ܥܡ ܥܡܐ. ܘܗܘ ܢܗ̇ܘܐ ܠܟ ܡܬܪܓܡܢܐ. ܘܐܢܬ̣ ܬܗܘܐ ܠܗ ܠܐܠܗ.,13,"E ele falará por ti ao povo; assim ele te será por boca, e tu lhe serás por Deus.",19,True,True,True
4,17,Êxodo 4:17,וְאֶת־ הַמַּטֶּ֥ה הַזֶּ֖ה תִּקַּ֣ח בְּיָדֶ֑ךָ אֲשֶׁ֥ר תַּעֲשֶׂה־ בּ֖וֹ אֶת־ הָאֹתֹֽת ׃ פ,ואת המטה הזה תקח בידכ אשר תעשה בו את האתת פ,12,וית חטרא הדין תסב בידך דתעבד בה ית אתיא:,9,"καὶ τὴν ῥάβδον ταύτην τὴν στραφεῖσαν εἰς ὄφιν λήμψῃ ἐν τῇ χειρί σου, ἐν ᾗ ποιήσεις ἐν αὐτῇ τὰ σημεῖα.",20,ܘܚܘܛܪܐ ܗܢܐ ܣܒ ܒܐܝܕܟ ܕܬܥܒܕ ܒܗ ܐ̈ܬܘܬܐ.,7,"Tomarás, pois, na tua mão esta vara, com que hás de fazer os sinais.",14,True,True,True
4,18,Êxodo 4:18,וַיֵּ֨לֶךְ מֹשֶׁ֜ה וַיָּ֣שָׁב ׀ אֶל־ יֶ֣תֶר חֹֽתְנ֗וֹ וַיֹּ֤אמֶר לוֹ֙ אֵ֣לֲכָה נָּ֗א וְאָשׁ֨וּבָה֙ אֶל־ אַחַ֣י אֲשֶׁר־ בְּמִצְרַ֔יִם וְאֶרְאֶ֖ה הַעוֹדָ֣ם חַיִּ֑ים וַיֹּ֧אמֶר יִתְר֛וֹ לְמֹשֶׁ֖ה לֵ֥ךְ לְשָׁלֽוֹם ׃,וילכ משה וישב אל יתר חתנו ויאמר לו אלכה נא ואשובה אל אחי אשר במצרימ ואראה העודמ חיימ ויאמר יתרו למשה לכ לשלומ,25,ואזל משה ותב לות יתר חמוהי ואמר לה איזיל כען ואיתוב לות אחי די במצרים ואחזי העד כען קימין ואמר יתרו למשה אזיל לשלם:,24,"Ἐπορεύθη δὲ Μωυσῆς καὶ ἀπέστρεψεν πρὸς Ἰοθὸρ τὸν γαμβρὸν αὐτοῦ καὶ λέγει Πορεύσομαι καὶ ἀποστρέψω πρὸς τοὺς ἀδελφούς μου τοὺς ἐν Αἰγύπτῳ, καὶ ὄψομαι εἰ ἔτι ζῶσιν. καὶ εἶπεν Ἰοθὸρ Μωυσῇ Βάδιζε ὑγιαίνων. μετὰ δὲ τὰς ἡμέρας τὰς πολλὰς ἐκείνας ἐτελεύτησεν ὁ βασιλεὺς Αἰγύπτου.",44,ܘܗ̣ܦܟ ܡܘܫܐ. ܘܐܙ̣ܠ ܠܘܬ ܝܬܪܘܢ ܚܡܘܗܝ̣ ܘܐܡ̣ܪ ܠܗ. ܐ̇ܗܦܘܟ ܐ̇ܙܠ ܠܘܬ ܐܚ̈ܝ ܕܒܡܨܪܝ̣ܢ. ܘ̣ܐܚܙܐ ܐܢ ܥܕܟܝܠ ܚܝ̈ܝܢ. ܘܐܡ̣ܪ ܝܬܪܘܢ ܠܡܘܫܐ ܙܠ ܒܫܠܡܐ.,22,"Então partiu Moisés, e voltando para Jetro, seu sogro, disse-lhe: Deixa-me, peço-te, voltar a meus irmãos, que estão no Egito, para ver se ainda vivem. Disse, pois, Jetro a Moisés: Vai-te em paz.",33,True,True,True
4,19,Êxodo 4:19,וַיֹּ֨אמֶר יְהוָ֤ה אֶל־ מֹשֶׁה֙ בְּמִדְיָ֔ן לֵ֖ךְ שֻׁ֣ב מִצְרָ֑יִם כִּי־ מֵ֨תוּ֙ כָּל־ הָ֣אֲנָשִׁ֔ים הַֽמְבַקְשִׁ֖ים אֶת־ נַפְשֶֽׁךָ ׃,ויאמר יהוה אל משה במדינ לכ שב מצרימ כי מתו כל האנשימ המבקשימ את נפשכ,16,ואמר יי למשה במדין אזיל תוב למצרים ארי מיתו כל גבריא דבעו למקטלך:,13,εἶπεν δὲ Κύριος πρὸς Μωυσῆν ἐν Μαδιάμ Βάδιζε ἄπελθε εἰς Αἴγυπτον· τεθνήκασιν γὰρ πάντες οἱ ζητοῦντές σου τὴν ψυχήν.,19,ܘܐܡ̣ܪ ܡܪܝܐ ܠܡܘܫܐ ܒܡܕܝܢ ܗܦܘܟ ܙܠ ܠܡܨܪܝ̣ܢ. ܡܛܠ ܕܡܝܬܘ ܠܗܘܢ ܟܠܗܘܢ ܓܒܪ̈ܐ ܕܒܥ̇ܝܢ ܗܘܘ ܢܦܫܟ.,15,"Disse também o Senhor a Moisés em Midiã: Vai, volta para o Egito; porque morreram todos os que procuravam tirar-te a vida.",22,True,True,True
4,20,Êxodo 4:20,וַיִּקַּ֨ח מֹשֶׁ֜ה אֶת־ אִשְׁתּ֣וֹ וְאֶת־ בָּנָ֗יו וַיַּרְכִּבֵם֙ עַֽל־ הַחֲמֹ֔ר וַיָּ֖שָׁב אַ֣רְצָה מִצְרָ֑יִם וַיִּקַּ֥ח מֹשֶׁ֛ה אֶת־ מַטֵּ֥ה הָאֱלֹהִ֖ים בְּיָדֽוֹ ׃,ויקח משה את אשתו ואת בניו וירכבמ על החמר וישב ארצה מצרימ ויקח משה את מטה האלהימ בידו,19,ודבר משה ית אתתה וית בנוהי וארכבנון על חמרא ותב לארעא דמצרים ונסיב משה ית חוטרא דאתעבידו בה נסין מן קדם יי בידה:,23,"ἀναλαβὼν δὲ Μωυσῆς τὴν γυναῖκα καὶ τὰ παιδία ἀνεβίβασεν αὐτὰ ἐπὶ τὰ ὑποζύγια, καὶ ἐπέστρεψεν εἰς Αἴγυπτον· ἔλαβεν δὲ Μωυσῆς τὴν ῥάβδον τὴν παρὰ τοῦ θεοῦ ἐν τῇ χειρὶ αὐτοῦ.",30,ܘܕܒ̣ܪ ܡܘܫܐ ܠܐܢܬܬܗ ܘܠܒܢ̈ܘܗܝ̣. ܘܐܪܟܒ ܐܢܘܢ ܥܠ ܚܡܪܐ. ܘܗ̣ܦܟ ܠܡܐܙܠ ܠܡܨܪܝܢ . ܘܢܣ̣ܒ ܡܘܫܐ ܚܘܛܪܐ ܕܐܠܗܐ ܒܐܝܕܗ.,17,"Tomou, pois, Moisés sua mulher e seus filhos, e os fez montar num jumento e tornou à terra do Egito; e Moisés levou a vara de Deus na sua mão.",30,True,True,True
4,21,Êxodo 4:21,וַיֹּ֣אמֶר יְהוָה֮ אֶל־ מֹשֶׁה֒ בְּלֶכְתְּךָ֙ לָשׁ֣וּב מִצְרַ֔יְמָה רְאֵ֗ה כָּל־ הַמֹּֽפְתִים֙ אֲשֶׁר־ שַׂ֣מְתִּי בְיָדֶ֔ךָ וַעֲשִׂיתָ֖ם לִפְנֵ֣י פַרְעֹ֑ה וַאֲנִי֙ אֲחַזֵּ֣ק אֶת־ לִבּ֔וֹ וְלֹ֥א יְשַׁלַּ֖ח אֶת־ הָעָֽם ׃,ויאמר יהוה אל משה בלכתכ לשוב מצרימה ראה כל המפתימ אשר שמתי בידכ ועשיתמ לפני פרעה ואני אחזק את לבו ולא ישלח את העמ,25,ואמר יי למשה במהכך למתוב למצרים חזי כל מופתיא די שויתי בידך ותעבדנון קדם פרעה ואנא אתקיף ית לבה ולא ישלח ית עמא:,23,"εἶπεν δὲ Κύριος πρὸς Μωυσῆν Πορευομένου σου καὶ ἀποστρέφοντος εἰς Αἴγυπτον, ὅρα πάντα τὰ τέρατα ἃ ἔδωκα ἐν ταῖς χερσίν σου, ποιήσεις αὐτὰ ἐναντίον Φαραώ· ἐγὼ δὲ σκληρυνῶ τὴν καρδίαν αὐτοῦ, καὶ οὐ μὴ ἐξαποστείλῃ τὸν λαόν.",37,ܘܐܡ̣ܪ ܡܪܝܐ ܠܡܘܫܐ ܡܐ ܕܗܦ̣ܟܬ ܠܡܐܙܠ ܠܡܨܪܝ̣ܢ. ܚܙܝ ܟܠ ܬܕܡܪ̈ܬܐ ܕܥܒ̇ܕܬ ܒܐ̈ܝܕܝܟ̣. ܥܒ̣ܕ ܐܢܝ̈ܢ ܩܕܡ ܦܪܥܘܢ. ܘܐܢܐ ܐܥ̇ܫܢ ܠܒܗ̣ ܘܠܐ ܢܫܕܪܝܘܗܝ ܠܥܡܐ.,22,"Disse ainda o Senhor a Moisés: Quando voltares ao Egito, vê que faças diante de Faraó todas as maravilhas que tenho posto na tua mão; mas eu endurecerei o seu coração, e ele não deixará ir o povo.",38,True,True,True
4,22,Êxodo 4:22,וְאָמַרְתָּ֖ אֶל־ פַּרְעֹ֑ה כֹּ֚ה אָמַ֣ר יְהוָ֔ה בְּנִ֥י בְכֹרִ֖י יִשְׂרָאֵֽל ׃,ואמרת אל פרעה כה אמר יהוה בני בכרי ישראל,10,ותימר לות פרעה כדנן אמר יי ברי בוכרי ישראל:,9,σὺ δὲ ἐρεῖς τῷ Φαραώ Τάδε λέγει Κύριος Υἱὸς πρωτότοκός μου Ἰσραήλ·,12,ܘܐܡ̣ܪ ܠܦܪܥܘܢ. ܗܟܢܐ ܐܡ̇ܪ ܡܪܝܐ. ܒܪܝ̇ ܒܘܟܪܝ ܐܝܣܪܝܠ.,8,"Então dirás a Faraó: Assim diz o Senhor: Israel é meu filho, meu primogênito;",14,True,True,True
4,23,Êxodo 4:23,וָאֹמַ֣ר אֵלֶ֗יךָ שַׁלַּ֤ח אֶת־ בְּנִי֙ וְיַֽעַבְדֵ֔נִי וַתְּמָאֵ֖ן לְשַׁלְּח֑וֹ הִנֵּה֙ אָנֹכִ֣י הֹרֵ֔ג אֶת־ בִּנְךָ֖ בְּכֹרֶֽךָ ׃,ואמר אליכ שלח את בני ויעבדני ותמאנ לשלחו הנה אנכי הרג את בנכ בכרכ,15,ואמרית לך שלח ית ברי ויפלח קדמי ואם סריב את לשלחותה הא אנא קטיל ית ברך בוכרך:,17,"εἶπα δέ σοι Ἐξαπόστειλον τὸν λαόν μου ἵνα μοι λατρεύσῃ· εἰ μὲν οὖν μὴ βούλει ἐξαποστεῖλαι αὐτούς, ὅρα οὖν, ἐγὼ ἀποκτέννω τὸν υἱόν σου τὸν πρωτότοκον.",26,ܐ̇ܡܪܬ ܠܟ ܕܬܫܕܪ ܠܒܪܝ ܘ̇ܢܦ̣ܠܚܢܝ. ܘܐܠܐ ܨܒ̇ܐ ܐܢܬ ܠܡܫܕܪܘ ܠܒܪܝ . ܗܐ ܩ̇ܛܠ ܐܢܐ ܠܒܪܟ ܒܘܟܪܟ.,16,"e eu te tenho dito: Deixa ir: meu filho, para que me sirva. mas tu recusaste deixá-lo ir; eis que eu matarei o teu filho, o teu primogênito.",28,True,True,True
4,24,Êxodo 4:24,וַיְהִ֥י בַדֶּ֖רֶךְ בַּמָּל֑וֹן וַיִּפְגְּשֵׁ֣הוּ יְהוָ֔ה וַיְבַקֵּ֖שׁ הֲמִיתֽוֹ ׃,ויהי בדרכ במלונ ויפגשהו יהוה ויבקש המיתו,8,והוה בארחא בבית מבתא וערע בה מלאכא דיי ובעא למקטלה:,10,"Ἐγένετο δὲ ἐν τῇ ὁδῷ ἐν τῷ καταλύματι συνήντησεν αὐτῷ ἄγγελος Κυρίου, καὶ ἐζήτει αὐτὸν ἀποκτεῖναι.",16,ܘܗ̣ܘܐ ܡܘܫܐ ܒܐܘܪܚܐ ܒܝܬ ܒܘܬܐ. ܘܦܓܥ̣ ܒܗ ܡܪܝܐ. ܘܒܥ̣ܐ ܠܡܩܛܠܗ ܠܡܘܫܐ.,11,"Ora, sucedeu no caminho, numa estalagem, que o Senhor o encontrou, e quis matá-lo.",14,True,True,True
4,25,Êxodo 4:25,וַתִּקַּ֨ח צִפֹּרָ֜ה צֹ֗ר וַתִּכְרֹת֙ אֶת־ עָרְלַ֣ת בְּנָ֔הּ וַתַּגַּ֖ע לְרַגְלָ֑יו וַתֹּ֕אמֶר כִּ֧י חֲתַן־ דָּמִ֛ים אַתָּ֖ה לִֽי ׃,ותקח צפרה צר ותכרת את ערלת בנה ותגע לרגליו ותאמר כי חתנ דמימ אתה לי,16,ונסיבת צפורה טנרא וגזרת ית ערלת ברה וקריבת לקדמוהי ואמרת ארי בדמא דמהלתא הדין אתיהב חתנא לנא:,17,"καὶ λαβοῦσα Σεπφώρα ψῆφον περιέτεμεν τὴν ἀκροβυστίαν τοῦ υἱοῦ αὐτῆς, καὶ προσέπεσεν πρὸς τοὺς πόδας καὶ εἶπεν Ἔστη τὸ αἷμα τῆς περιτομῆς τοῦ παιδίου μου.",25,ܘܢܣܒ̣ܬ ܨ̇ܦܘܪܐ ܛܪܢܐ. ܘܓ̣ܙܪܬ ܥܘܪܠܘܬܐ ܕܒܪܗ̇. ܘܐܚ̣ܕܬ ܒܪ̈ܓܠܘܗܝ ܘܐܡ̣ܪܬ. ܚܬܢܐ ܕܕܡܐ ܐܝܬ ܠܝ.,13,"Então Zípora tomou uma faca de pedra, circuncidou o prepúcio de seu filho e, lançando-o aos pés de Moisés, disse: Com efeito, és para mim um esposo sanguinário.",28,True,True,True
4,26,Êxodo 4:26,וַיִּ֖רֶף מִמֶּ֑נּוּ אָ֚ז אָֽמְרָ֔ה חֲתַ֥ן דָּמִ֖ים לַמּוּלֹֽת ׃ פ,וירפ ממנו אז אמרה חתנ דמימ למולת פ,9,ונח מנה בכן אמרת אלולי דמא דמהלתא הדין אתחיב חתנא קטול:,11,,0,ܘܐܪܦܝ ܡܢܗ. ܗܝܕܝܢ ܐܡ̣ܪܬ. ܚܬܢܐ ܕܕܡܐ ܠܓܙܘܪܬܐ.,7,"O Senhor, pois, o deixou. Ela disse: Esposo sanguinário, por causa da circuncisão.",13,True,False,True
4,27,Êxodo 4:27,וַיֹּ֤אמֶר יְהוָה֙ אֶֽל־ אַהֲרֹ֔ן לֵ֛ךְ לִקְרַ֥את מֹשֶׁ֖ה הַמִּדְבָּ֑רָה וַיֵּ֗לֶךְ וַֽיִּפְגְּשֵׁ֛הוּ בְּהַ֥ר הָאֱלֹהִ֖ים וַיִּשַּׁק־ לֽוֹ ׃,ויאמר יהוה אל אהרנ לכ לקראת משה המדברה וילכ ויפגשהו בהר האלהימ וישק לו,15,ואמר יי לאהרן אזיל לקדמות משה למדברא ואזל וערעה בטורא דאתגלי עלוהי יקרא דיי ונשק לה:,16,"Εἶπεν δὲ Κύριος πρὸς Ἀαρών Πορεύθητι εἰς συνάντησιν Μωσεῖ εἰς τὴν ἔρημον· καὶ ἐπορεύθη καὶ συνήντησεν αὐτῷ ἐν τῷ ὄρει τοῦ θεοῦ, καὶ κατεφίλησαν ἀλλήλους.",25,ܘܐܡ̣ܪ ܡܪܝܐ ܠܐܗܪܘܢ. ܙܠ ܠܐܘܪܥܗ ܕܡܘܫܐ ܐܚܘܟ ܠܡܕܒܪܐ. ܘܐܙ̣ܠ ܘܦܓܥ ܒܗ ܒܛܘܪܗ ܕܐܠܗܐ ܒܚܘܪܝܒ . ܘܢܫܩܗ.,16,"Disse o Senhor a Arão: Vai ao deserto, ao encontro de Moisés. E ele foi e, encontrando-o no monte de Deus, o beijou:",23,True,True,True
4,28,Êxodo 4:28,וַיַּגֵּ֤ד מֹשֶׁה֙ לְאַֽהֲרֹ֔ן אֵ֛ת כָּל־ דִּבְרֵ֥י יְהוָ֖ה אֲשֶׁ֣ר שְׁלָח֑וֹ וְאֵ֥ת כָּל־ הָאֹתֹ֖ת אֲשֶׁ֥ר צִוָּֽהוּ ׃,ויגד משה לאהרנ את כל דברי יהוה אשר שלחו ואת כל האתת אשר צוהו,15,וחוי משה לאהרן ית כל פתגמיא דיי די שלחה וית כל אתיא די פקדה:,14,καὶ ἀνήγγειλεν Μωυσῆς τῷ Ἀαρὼν πάντας τοὺς λόγους Κυρίου οὓς ἀπέστειλεν καὶ πάντα τὰ ῥήματα ἃ ἐνετείλατο αὐτῷ.,18,ܘܚܘܝ ܡܘܫܐ ܠܐܗܪܘܢ ܟܠܗܘܢ ܦܬ̈ܓܡܘܗܝ ܕܡܪܝܐ ܕܫܕܪܗ. ܘܟܠ ܐܬ̈ܘܬܐ ܕܦܩ̇ܕܗ ܠܡܥܒܕ .,12,E relatou Moisés a Arão todas as palavras com que o Senhor o enviara e todos os sinais que lhe mandara.,21,True,True,True
4,29,Êxodo 4:29,וַיֵּ֥לֶךְ מֹשֶׁ֖ה וְאַהֲרֹ֑ן וַיַּ֣אַסְפ֔וּ אֶת־ כָּל־ זִקְנֵ֖י בְּנֵ֥י יִשְׂרָאֵֽל ׃,וילכ משה ואהרנ ויאספו את כל זקני בני ישראל,10,ואזל משה ואהרן וכנשו ית כל סבי בני ישראל:,9,"ἐπορεύθη δὲ Μωυσῆς καὶ Ἀαρών, καὶ συνήγαγον τὴν γερουσίαν τῶν υἱῶν Ἰσραήλ.",12,ܘܐܙܠܘ ܡܘܫܐ ܘܐܗܪܘܢ. ܘܟܢܫܘ ܠܟܠܗܘܢ ܣ̈ܒܐ ܕܒܢ̈ܝ ܐܝܣܪܝܠ.,8,Então foram Moisés e Arão e ajuntaram todos os anciãos dos filhos de Israel;,14,True,True,True
4,30,Êxodo 4:30,וַיְדַבֵּ֣ר אַהֲרֹ֔ן אֵ֚ת כָּל־ הַדְּבָרִ֔ים אֲשֶׁר־ דִּבֶּ֥ר יְהוָ֖ה אֶל־ מֹשֶׁ֑ה וַיַּ֥עַשׂ הָאֹתֹ֖ת לְעֵינֵ֥י הָעָֽם ׃,וידבר אהרנ את כל הדברימ אשר דבר יהוה אל משה ויעש האתת לעיני העמ,15,ומליל אהרן ית כל פתגמיא די מליל יי עם משה ועבד אתיא לעיני עמא:,14,"καὶ ἐλάλησεν Ἀαρὼν πάντα τὰ ῥήματα ταῦτα ἃ ἐλάλησεν ὁ θεὸς πρὸς Μωυσῆν, καὶ ἐποίησεν τὰ σημεῖα ἐναντίον τοῦ λαοῦ.",20,ܘܐܡ̣ܪ ܠܗܘܢ ܐܗܪܘܢ ܟܠܗܘܢ ܦܬ̈ܓܡܐ ܕܐܡ̣ܪ ܡܪܝܐ ܠܡܘܫܐ. ܘܥܒ̣ܕ ܐܬ̈ܘܬܐ ܩܕܡ ܥܡܐ.,12,e Arão falou todas as palavras que o Senhor havia dito a Moisés e fez os sinais perante os olhos do povo.,22,True,True,True
4,31,Êxodo 4:31,וַֽיַּאֲמֵ֖ן הָעָ֑ם וַֽיִּשְׁמְע֡וּ כִּֽי־ פָקַ֨ד יְהוָ֜ה אֶת־ בְּנֵ֣י יִשְׂרָאֵ֗ל וְכִ֤י רָאָה֙ אֶת־ עָנְיָ֔ם וַֽיִּקְּד֖וּ וַיִּֽשְׁתַּחֲוּֽוּ ׃,ויאמנ העמ וישמעו כי פקד יהוה את בני ישראל וכי ראה את ענימ ויקדו וישתחוו,16,והימן עמא ושמעו ארי דכיר יי ית בני ישראל וארי גלי קדמוהי ית שעבודהון וכרעו וסגידו:,16,"καὶ ἐπίστευσεν ὁ λαός, καὶ ἐχάρη ὅτι ἐπεσκέψατο ὁ θεὸς τοὺς υἱοὺς Ἰσραὴλ καὶ ὅτι εἶδεν αὐτῶν τὴν θλίψιν· κύψας δὲ ὁ λαὸς προσεκύνησεν.",24,ܘܗܝܡܢܘ̇ ܥܡܐ. ܘܫܡ̣ܥܘ ܕܐܬ̇ܕܟܪ ܡܪܝܐ ܠܒܢ̈ܝ ܐܝܣܪܝܠ. ܘܕܚ̣ܙܐ ܫܘܥܒܕܗܘܢ . ܘܩܥܕܘ ܥܡܐ ܘܣܓܕܘ ܩܕܡ ܡܪܝܐ .,16,"E o povo creu; e quando ouviram que o Senhor havia visitado os filhos de Israel e que tinha visto a sua aflição, inclinaram-se, e adoraram.",26,True,True,True
5,1,Êxodo 5:1,וְאַחַ֗ר בָּ֚אוּ מֹשֶׁ֣ה וְאַהֲרֹ֔ן וַיֹּאמְר֖וּ אֶל־ פַּרְעֹ֑ה כֹּֽה־ אָמַ֤ר יְהוָה֙ אֱלֹהֵ֣י יִשְׂרָאֵ֔ל שַׁלַּח֙ אֶת־ עַמִּ֔י וְיָחֹ֥גּוּ לִ֖י בַּמִּדְבָּֽר ׃,ואחר באו משה ואהרנ ויאמרו אל פרעה כה אמר יהוה אלהי ישראל שלח את עמי ויחגו לי במדבר,19,ובתר כן עלו משה ואהרן ואמרו לפרעה כדנן אמר יי אלהא דישראל שלח ית עמי ויחגון קדמי במדברא:,18,"Καὶ μετὰ ταῦτα εἰσῆλθεν Μωυσῆς καὶ Ἀαρὼν πρὸς Φαραὼ καὶ εἶπαν αὐτῷ Τάδε λέγει Κύριος ὁ θεὸς Ἰσραήλ Ἐξαπόστειλον τὸν λαόν μου, ἵνα μοι ἑορτάσωσιν ἐν τῇ ἐρήμῳ.",28,ܘܒܬܪ ܗܝܕܝ̣ܢ. ܥܠ̣ܘ ܡܘܫܐ ܘܐܗܪܘܢ ܘܐܡܪܘ ܠܦܪܥܘܢ. ܗܟܢܐ ܐܡ̇ܪ ܡܪܝܐ ܐܠܗܐ ܕܐܝܣܪܝܠ. ܫܕܪ ܠܥ̣ܡܝ ܘ̇ܢܚ̇ܓܘܢ ܠܝ ܒܡܕܒܪܐ.,17,"Depois foram Moisés e Arão e disseram a Faraó: Assim diz o Senhor, o Deus de Israel: Deixa ir o meu povo, para que me celebre uma festa no deserto.",30,True,True,True
5,2,Êxodo 5:2,וַיֹּ֣אמֶר פַּרְעֹ֔ה מִ֤י יְהוָה֙ אֲשֶׁ֣ר אֶשְׁמַ֣ע בְּקֹל֔וֹ לְשַׁלַּ֖ח אֶת־ יִשְׂרָאֵ֑ל לֹ֤א יָדַ֨עְתִּי֙ אֶת־ יְהוָ֔ה וְגַ֥ם אֶת־ יִשְׂרָאֵ֖ל לֹ֥א אֲשַׁלֵּֽחַ ׃,ויאמר פרעה מי יהוה אשר אשמע בקלו לשלח את ישראל לא ידעתי את יהוה וגמ את ישראל לא אשלח,20,ואמר פרעה שמא דיי לא אתגלי לי די אקבל לממרה לשלחא ית ישראל לא אתגלי לי שמא דיי ואף ית ישראל לא אשלח:,23,"καὶ εἶπεν Φαραώ Τίς ἐστιν οὗ εἰσακούσομαι τῆς φωνῆς αὐτοῦ ὥστε ἐξαποστεῖλαι τοὺς υἱοὺς Ἰσραήλ; οὐκ οἶδα τὸν κύριον, καὶ τὸν Ἰσραὴλ οὐκ ἐξαποστέλλω.",24,ܘܐܡ̣ܪ ܦܪܥܘܢ. ܡܢ̣ܘ ܡܪܝܐ ܕܐܫ̣ܡܥ ܒܩܠܗ ܠܡܫܕܪܘ ܠܐܝܣܪܝܠ . ܠܐ̇ ܝܕܥ̇ ܐܢܐ ܠܡܪܝܐ. ܘܐܦ ܠܐܝܣܪܝܠ ܠܐ ܡܫܕܪ ܐܢܐ.,18,"Mas Faraó respondeu: Quem é o Senhor, para que eu ouça a sua voz para deixar ir Israel? Não conheço o Senhor, nem tampouco deixarei ir Israel.",27,True,True,True
5,3,Êxodo 5:3,וַיֹּ֣אמְר֔וּ אֱלֹהֵ֥י הָעִבְרִ֖ים נִקְרָ֣א עָלֵ֑ינוּ נֵ֣לֲכָה נָּ֡א דֶּרֶךְ֩ שְׁלֹ֨שֶׁת יָמִ֜ים בַּמִּדְבָּ֗ר וְנִזְבְּחָה֙ לַֽיהוָ֣ה אֱלֹהֵ֔ינוּ פֶּ֨ן־ יִפְגָּעֵ֔נוּ בַּדֶּ֖בֶר א֥וֹ בֶחָֽרֶב ׃,ויאמרו אלהי העברימ נקרא עלינו נלכה נא דרכ שלשת ימימ במדבר ונזבחה ליהוה אלהינו פנ יפגענו בדבר או בחרב,20,ואמרו אלהא דיהודאי אתגלי עלנא ניזיל כען מהלך תלתא יומין במדברא ונדבח קדם יי אלהנא דלמא יערעננא במותא או בקטול:,20,"καὶ λέγουσιν αὐτῷ Ὁ θεὸς τῶν Ἐβραίων προσκέκληται ἡμᾶς· πορευσόμεθα οὖν ὁδὸν τριῶν ἡμερῶν εἰς τὴν ἔρημον, ὅπως θύσωμεν τῷ θεῷ ἡμῶν, μή ποτε συναντήσῃ ἡμῖν θάνατος ἢ φόνος.",29,ܘܐܡܪܘ ܡܪܝܐ ܐܠܗܐ ܕܥܒܪ̈ܝܐ. ܐܬܓܠ̣ܝ ܥܠܝܢ ܢ̇ܐܙܠ ܡܪܕܐ ܬܠܬܐ ܝܘܡ̈ܝܢ ܒܡܕܒܪܐ . ܘ̇ܢܕܒ̇ܚ ܠܡܪܝܐ ܐܠܗܢ. ܕܠܡܐ ܢܐܪܥܢ ܒܚܪܒܐ ܐܘ ܒܡܘܬܐ.,20,"Então eles ainda falaram: O Deus dos hebreus nos encontrou; portanto deixa-nos, pedimos-te, ir caminho de três dias ao deserto, e oferecer sacrifícios ao Senhor nosso Deus, para que ele não venha sobre nós com pestilência ou com espada.",39,True,True,True
5,4,Êxodo 5:4,וַיֹּ֤אמֶר אֲלֵהֶם֙ מֶ֣לֶךְ מִצְרַ֔יִם לָ֚מָּה מֹשֶׁ֣ה וְאַהֲרֹ֔ן תַּפְרִ֥יעוּ אֶת־ הָעָ֖ם מִמַּֽעֲשָׂ֑יו לְכ֖וּ לְסִבְלֹתֵיכֶֽם ׃,ויאמר אלהמ מלכ מצרימ למה משה ואהרנ תפריעו את העמ ממעשיו לכו לסבלתיכמ,14,ואמר להון מלכא דמצרים למא משה ואהרן תבטלון ית עמא מעובדהון אזילו לפלחנכון:,13,"καὶ εἶπεν αὐτοῖς ὁ βασιλεὺς Αἰγύπτου Ἵνα τί, Μωυσῆ καὶ Ἀαρών, διαστρέφετε τὸν λαόν μου ἀπὸ τῶν ἔργων; ἀπέλθατε ἕκαστος ὑμῶν πρὸς τὰ ἔργα αὐτοῦ.",25,ܘܐܡ̣ܪ ܠܗܘܢ ܡ̇ܠܟܐ ܕܡܨܪܝܢ. ܠܡܢܐ ܡܘܫܐ ܘܐܗܪܘܢ ܡܒܛܠܝܢ ܐܢܬܘܢ ܠܥܡܐ ܡܢ ܥܒ̇ܕܗܘܢ. ܙܠܘ̇ ܠܫܘܥܒܕܟܘܢ.,14,"Respondeu-lhes de novo o rei do Egito: Moisés e Arão, por que fazeis o povo cessar das suas obras? Ide às vossas cargas.",23,True,True,True
5,5,Êxodo 5:5,וַיֹּ֣אמֶר פַּרְעֹ֔ה הֵן־ רַבִּ֥ים עַתָּ֖ה עַ֣ם הָאָ֑רֶץ וְהִשְׁבַּתֶּ֥ם אֹתָ֖ם מִסִּבְלֹתָֽם ׃,ויאמר פרעה הנ רבימ עתה עמ הארצ והשבתמ אתמ מסבלתמ,11,ואמר פרעה הא סגיאין כען עמא דארעא ותבטלון יתהון מפלחנהון:,10,καὶ εἶπεν Φαραώ Ἰδοὺ νῦν πολυπληθεῖ ὁ λαός· μὴ οὖν καταπαύσωμεν αὐτοὺς ἀπὸ τῶν ἔργων.,15,ܘܐܡ̣ܪ ܠܗܘܢ ܦܪܥܘܢ. ܗܐ ܣܓܝܐܝܢ ܗܫܐ ܥܡܐ ܕܐܪܥܐ. ܘܡܒ̇ܛܠܝܢ ܐܢܬܘܢ ܠܗܘܢ ܡܢ ܥܒ̇ܕܗܘܢ.,13,"Disse mais Faraó: Eis que o povo da terra já é muito, e vós os fazeis abandonar as suas cargas.",20,True,True,True
5,6,Êxodo 5:6,וַיְצַ֥ו פַּרְעֹ֖ה בַּיּ֣וֹם הַה֑וּא אֶת־ הַנֹּגְשִׂ֣ים בָּעָ֔ם וְאֶת־ שֹׁטְרָ֖יו לֵאמֹֽר ׃,ויצו פרעה ביומ ההוא את הנגשימ בעמ ואת שטריו לאמר,11,ופקיד פרעה ביומא ההוא ית שלטונין דעמא וית סרכוהי למימר:,10,συνέταξεν δὲ Φαραὼ τοῖς ἐργοδιώκταις τοῦ λαοῦ καὶ τοῖς γραμματεῦσιν λέγων,11,ܘܦܩ̇ܕ ܦܪܥܘܢ ܒܝܘܡܐ ܗܘ̇ ܠܫ̈ܠܝܛܢܘܗܝ ܕܥܡܐ ܘܠܣ̇ܦܪ̈ܘܗܝ̣ ܘܐܡ̣ܪ ܠܗܘܢ.,9,"Naquele mesmo dia Faraó deu ordem aos exatores do povo e aos seus oficiais, dizendo:",15,True,True,True
5,7,Êxodo 5:7,לֹ֣א תֹאסִפ֞וּן לָתֵ֨ת תֶּ֧בֶן לָעָ֛ם לִלְבֹּ֥ן הַלְּבֵנִ֖ים כִּתְמ֣וֹל שִׁלְשֹׁ֑ם הֵ֚ם יֵֽלְכ֔וּ וְקֹשְׁשׁ֥וּ לָהֶ֖ם תֶּֽבֶן ׃,לא תאספונ לתת תבנ לעמ ללבנ הלבנימ כתמול שלשמ המ ילכו וקששו להמ תבנ,15,לא תוספון למיתן תבנא לעמא למרמי לבנין כמתמלי ומדקמוהי אנון יהכון ויגבבון להון תבנא:,14,Οὐκέτι προστεθήσεται διδόναι ἄχυρον τῷ λαῷ εἰς τὴν πλινθουργίαν καθάπερ ἐχθὲς καὶ τρίτην ἡμέραν· αὐτοὶ πορευέσθωσαν καὶ συναγαγέτωσαν ἑαυτοῖς ἄχυρα.,20,ܠܐ̇ ܬܘܣܦܘܢ ܠܡܬܠ ܬܒܢܐ ܠܥܡܐ ܠܡܪܡܝܘ ܠܒܢ̈ܐ̇. ܐܝܟ ܕܐܬܡܠܝ ܘܐܝܟ ܕܡܢܬܡܠܝ. ܗܢ̣ܘܢ ܢܐܙܠܘܢ ܢܩܫ̣ܘܢ ܠܗܘܢ ܬܒܢܐ.,16,"Não tornareis a dar, como dantes, palha ao povo, para fazer tijolos; vão eles mesmos, e colham palha para si.",20,True,True,True
5,8,Êxodo 5:8,וְאֶת־ מַתְכֹּ֨נֶת הַלְּבֵנִ֜ים אֲשֶׁ֣ר הֵם֩ עֹשִׂ֨ים תְּמ֤וֹל שִׁלְשֹׁם֙ תָּשִׂ֣ימוּ עֲלֵיהֶ֔ם לֹ֥א תִגְרְע֖וּ מִמֶּ֑נּוּ כִּֽי־ נִרְפִּ֣ים הֵ֔ם עַל־ כֵּ֗ן הֵ֤ם צֹֽעֲקִים֙ לֵאמֹ֔ר נֵלְכָ֖ה נִזְבְּחָ֥ה לֵאלֹהֵֽינוּ ׃,ואת מתכנת הלבנימ אשר המ עשימ תמול שלשמ תשימו עליהמ לא תגרעו ממנו כי נרפימ המ על כנ המ צעקימ לאמר נלכה נזבחה לאלהינו,25,וית סכום לבניא די אנון עבדין מתמלי ומדקמוהי תמנון עליהון לא תמנעון מנה ארי בטלנין אנון על כן אנון צוחין למימר ניזיל נדבח קדם אלהנא:,25,"καὶ τὴν σύνταξιν τῆς πλινθίας ἧς αὐτοὶ ποιοῦσιν καθ᾽ ἑκάστην ἡμέραν ἐπιβαλεῖς αὐτοῖς, οὐκ ἀφελεῖς οὐδέν· σχολάζουσιν γάρ, διὰ τοῦτο κεκράγασιν λέγοντες Ἐγερθῶμεν καὶ θύσωμεν τῷ θεῷ ἡμῶν.",28,ܘܚܘܫܒܢܐ ܕܠܒܢ̈ܐ ܕܥܒ̇ܕܝܢ ܗܘܘ. ܐܝܟ ܕܐܬܡܠܝ . ܘܐܝܟ ܕܡܢܬܡܠܝ ܬܪܡܘܢ ܥܠܝܗܘܢ. ܘܠܐ ܬܒ̇ܨܪܘܢ ܡܢܗܘܢ. ܡܛܠ ܕܒ̈ܛܠܐ ܐܢܘܢ. ܡܛܠ ܗܢܐ ܡܒܓܢܝܢ ܘܐܡ̇ܪ̈ܝ̇ܢ. ܢ̇ܐܙܠ ܢܕܒ̇ܚ ܠܐܠܗܢ.,24,"Também lhes imporeis a conta dos tijolos que dantes faziam; nada diminuireis dela; porque eles estão ociosos; por isso clamam, dizendo: Vamos, sacrifiquemos ao nosso Deus.",26,True,True,True
5,9,Êxodo 5:9,תִּכְבַּ֧ד הָעֲבֹדָ֛ה עַל־ הָאֲנָשִׁ֖ים וְיַעֲשׂוּ־ בָ֑הּ וְאַל־ יִשְׁע֖וּ בְּדִבְרֵי־ שָֽׁקֶר ׃,תכבד העבדה על האנשימ ויעשו בה ואל ישעו בדברי שקר,11,תתקף פלחנא על גבריא ויתעסקון בה ולא יתעסקון בפתגמין בטלין:,10,"βαρυνέσθω τὰ ἔργα τῶν ἀνθρώπων τούτων, καὶ μεριμνάτωσαν ταῦτα, καὶ μὴ μεριμνάτωσαν ἐν λόγοις κενοῖς.",15,ܬܥܫܢ ܥܒܝܕܬܐ ܥܠ ܓܒܪ̈ܐ ܘܢܪ̣ܢܘܢ ܒܗ̇. ܘܠܐ ܢܪ̣ܢܘܢ ܒܡ̈ܠܐ ܣܪ̈ܝܩܬܐ.,10,"Agrave-se o serviço sobre esses homens, para que se ocupem nele e não dêem ouvidos a palavras mentirosas.",18,True,True,True
5,10,Êxodo 5:10,וַיֵּ֨צְא֜וּ נֹגְשֵׂ֤י הָעָם֙ וְשֹׁ֣טְרָ֔יו וַיֹּאמְר֥וּ אֶל־ הָעָ֖ם לֵאמֹ֑ר כֹּ֚ה אָמַ֣ר פַּרְעֹ֔ה אֵינֶ֛נִּי נֹתֵ֥ן לָכֶ֖ם תֶּֽבֶן ׃,ויצאו נגשי העמ ושטריו ויאמרו אל העמ לאמר כה אמר פרעה אינני נתנ לכמ תבנ,16,ונפקו שלטוני עמא וסרכוהי ואמרו לעמא למימר כדנן אמר פרעה לית אנא יהב לכון תבנא:,15,"κατέσπευδον δὲ αὐτοὺς οἱ ἐργοδιῶκται καὶ οἱ γραμματεῖς, καὶ ἔλεγον πρὸς τὸν λαὸν λέγοντες Τάδε λέγει Φαραώ Οὐκέτι δίδωμι ὑμῖν ἄχυρα·",21,ܘܢܦܩܘ ܫ̈ܠܝܛܘܗܝ ܕܥܡܐ ܘܣ̇ܦܪ̈ܘܗܝ̣ ܘܐܡܪܘ ܠܥܡܐ. ܗܟܢܐ ܐܡ̇ܪ ܦܪܥܘܢ. ܠܐ̇ ܝܗܒ̇ ܐܢܐ ܠܟܘܢ ܬܒܢܐ.,14,"Então saíram os exatores do povo e seus oficiais, e disseram ao povo: Assim diz Faraó: Eu não vos darei palha;",21,True,True,True
5,11,Êxodo 5:11,אַתֶּ֗ם לְכ֨וּ קְח֤וּ לָכֶם֙ תֶּ֔בֶן מֵאֲשֶׁ֖ר תִּמְצָ֑אוּ כִּ֣י אֵ֥ין נִגְרָ֛ע מֵעֲבֹדַתְכֶ֖ם דָּבָֽר ׃,אתמ לכו קחו לכמ תבנ מאשר תמצאו כי אינ נגרע מעבדתכמ דבר,13,אתון אזילו סיבו לכון תבנא מאתר דתשכחון ארי לא יתמנע מפלחנכון מדעם:,12,"αὐτοὶ πορευόμενοι συλλέγετε ἑαυτοῖς ἄχυρα ὅθεν ἐὰν εὕρητε, οὐ γὰρ ἀφαιρεῖται ἀπὸ τῆς συντάξεως ὑμῶν οὐθέν.",16,ܐܢܬܘܢ ܙܠܘ ܣܒܘ ܠܟܘܢ ܬܒܢܐ ܡܢ ܐܝܡܟܐ ܕܡܫܟܚܝܢ ܐܢܬܘܢ. ܘܡܕܡ ܠܐ ܢܬܒܨ̇ܪ ܡܢ ܥܒ̇ܕܟܘܢ.,14,"ide vós mesmos, e tomai palha de onde puderdes achá-la; porque nada se diminuirá de vosso serviço.",17,True,True,True
5,12,Êxodo 5:12,וַיָּ֥פֶץ הָעָ֖ם בְּכָל־ אֶ֣רֶץ מִצְרָ֑יִם לְקֹשֵׁ֥שׁ קַ֖שׁ לַתֶּֽבֶן ׃,ויפצ העמ בכל ארצ מצרימ לקשש קש לתבנ,9,ואתבדר עמא בכל ארעא דמצרים לגבבא גילי לתבנא:,8,καὶ διεσπάρη ὁ λαὸς ἐν ὅλῃ γῇ Αἰγύπτῳ συναγαγεῖν καλάμην εἰς ἄχυρα·,12,ܘܐܬܒ̇ܕܪܘ ܥܡܐ ܒܟܠܗ̇ ܐܪܥܐ ܕܡܨܪܝܢ ܠܡ̣ܩܫ ܩܫܬܐ ܕܬܒܢܐ.,8,Então o povo se espalhou por toda parte do Egito a colher restolho em lugar de palha.,17,True,True,True
5,13,Êxodo 5:13,וְהַנֹּגְשִׂ֖ים אָצִ֣ים לֵאמֹ֑ר כַּלּ֤וּ מַעֲשֵׂיכֶם֙ דְּבַר־ י֣וֹם בְּיוֹמ֔וֹ כַּאֲשֶׁ֖ר בִּהְי֥וֹת הַתֶּֽבֶן ׃,והנגשימ אצימ לאמר כלו מעשיכמ דבר יומ ביומו כאשר בהיות התבנ,12,ושלטוניא דחקין למימר אשלימו עובדיכון פתגם יום ביומה כמא דהויתון עבדין כד אתיהב לכון תבנא:,15,οἱ δὲ ἐργοδιῶκται κατέσπευδον αὐτοὺς λέγοντες Συντελεῖτε τὰ ἔργα τὰ καθήκοντα καθ᾽ ἡμέραν καθάπερ καὶ ὅτε τὸ ἄχυρον ἐδίδοτο ὑμῖν.,20,ܘܫ̈ܠܝܛܢܐ ܐ̇ܠܨܝܢ ܘܐܡܪܝ̣ܢ. ܐܫܠܡܘ ܥܒ̇ܕܟܘܢ ܐܝܟ ܕܒܟܠܙܒܢ . ܐܝܟ ܕܡܬܝܗܒ ܗܘܐ ܠܟܘܢ ܬܒܢܐ.,13,"E os exatores os apertavam, dizendo: Acabai a vossa obra, a tarefa do dia no seu dia, como quando havia palha.",21,True,True,True
5,14,Êxodo 5:14,וַיֻּכּ֗וּ שֹֽׁטְרֵי֙ בְּנֵ֣י יִשְׂרָאֵ֔ל אֲשֶׁר־ שָׂ֣מוּ עֲלֵהֶ֔ם נֹגְשֵׂ֥י פַרְעֹ֖ה לֵאמֹ֑ר מַדּ֡וּעַ לֹא֩ כִלִּיתֶ֨ם חָקְכֶ֤ם לִלְבֹּן֙ כִּתְמ֣וֹל שִׁלְשֹׁ֔ם גַּם־ תְּמ֖וֹל גַּם־ הַיּֽוֹם ׃,ויכו שטרי בני ישראל אשר שמו עלהמ נגשי פרעה לאמר מדוע לא כליתמ חקכמ ללבנ כתמול שלשמ גמ תמול גמ היומ,22,ולקו סרכי בני ישראל די מניאו עליהון שלטוני פרעה למימר מא דין לא אשלמתון גזרתכון למרמי כמאתמלי ומדקמוהי אף תמלי אף יומא דין:,23,"καὶ ἐμαστιγώθησαν οἱ γραμματεῖς τοῦ γένους τῶν υἱῶν Ἰσραὴλ οἱ κατασταθέντες ἐπ᾽ αὐτοὺς ὑπὸ τῶν ἐπιστατῶν τοῦ Φαραώ, λέγοντες Διὰ τί οὐ συνετελέσατε τὰς συντάξεις ὑμῶν τῆς πλινθίας καθάπερ ἐχθὲς καὶ τρίτην ἡμέραν καὶ τὸ τῆς σήμερον;",37,ܘܐܬ̣ܪܕܝܘ ܣ̇ܦܪ̈ܐ ܕܒܢ̈ܝ ܐܝܣܪܝܠ. ܕܐܩܝܡܘ ܥܠܝܗܘܢ ܫ̈ܠܝܛܘܗܝ ܕܦܪܥܘܢ. ܘܐܡܪ̈ܝ̣ܢ ܡܛܠ ܡܢܐ ܠܐ ܐܫܠܡܬܘܢ ܚܘܫܒܢܟܘܢ ܕܠܒ̈ܢܐ̇. ܐܝܟ ܕܐܬܡܠܝ ܘܐܝܟ ܕܡܢܬܡܠܝ. ܐܦ ܐܬܡܠܝ ܘܝܘܡܢܐ.,22,"E foram açoitados os oficiais dos filhos de Israel, postos sobre eles pelos exatores de Faraó, que reclamavam: Por que não acabastes nem ontem nem hoje a vossa tarefa, fazendo tijolos como dantes?",33,True,True,True
5,15,Êxodo 5:15,וַיָּבֹ֗אוּ שֹֽׁטְרֵי֙ בְּנֵ֣י יִשְׂרָאֵ֔ל וַיִּצְעֲק֥וּ אֶל־ פַּרְעֹ֖ה לֵאמֹ֑ר לָ֧מָּה תַעֲשֶׂ֦ה כֹ֖ה לַעֲבָדֶֽיךָ ׃,ויבאו שטרי בני ישראל ויצעקו אל פרעה לאמר למה תעשה כה לעבדיכ,13,ואתו סרכי בני ישראל וצוחו לפרעה למימר למא תעבד כדין לעבדיך:,11,εἰσελθόντες δὲ οἱ γραμματεῖς τῶν υἱῶν Ἰσραὴλ κατεβόησαν πρὸς Φαραὼ λέγοντες Ἵνα τί οὕτως ποιεῖς τοῖς σοῖς οἰκέταις;,18,ܘܐܬܘ ܣ̇ܦܪ̈ܐ ܕܒܢ̈ܝ ܐܝܣܪܝܠ. ܘܡܒܓܢܝܢ ܩܕܡ ܦܪܥܘܢ ܘܐܡ̇ܪ̈ܝܢ. ܠܡܢܐ̇ ܡܬܥܒ̣ܕ ܗܟܢܐ ܠܥܒ̣̈ܕܝܟ.,12,"Pelo que os oficiais dos filhos de Israel foram e clamaram a Faraó, dizendo: Porque tratas assim a teus servos?",20,True,True,True
5,16,Êxodo 5:16,תֶּ֗בֶן אֵ֤ין נִתָּן֙ לַעֲבָדֶ֔יךָ וּלְבֵנִ֛ים אֹמְרִ֥ים לָ֖נוּ עֲשׂ֑וּ וְהִנֵּ֧ה עֲבָדֶ֛יךָ מֻכִּ֖ים וְחָטָ֥את עַמֶּֽךָ ׃,תבנ אינ נתנ לעבדיכ ולבנימ אמרימ לנו עשו והנה עבדיכ מכימ וחטאת עמכ,14,תבנא לא מתיהב לעבדיך ולבניא אמרין לנא עבידו והא עבדיך לקן וחטן עליהון עמך:,14,"ἄχυρον οὐ δίδοται τοῖς οἰκέταις σου, καὶ τὴν πλίνθον ἡμῖν λέγουσιν ποιεῖν, καὶ ἰδοὺ οἱ παῖδές σου μεμαστίγωνται· ἀδικήσεις οὖν τὸν λαόν σου.",23,ܬܒܢܐ ܠܐ ܡܬܝ̣ܗܒ ܠܥܒ̣̈ܕܝܟ. ܘܠܒܢ̈ܐ ܐܡ̇ܪ̈ܝܢ ܠ̣ܢ ܐܪܡܘ. ܘܗܐ ܥܒ̣̈ܕܝܟ ܒ̇ܠܥܝ̣ܢ. ܘܚ̇ܛܐ ܐܢܬ ܥܠ ܥܡܟ.,15,"Palha não se dá a teus servos, e nos dizem: Fazei tijolos; e eis que teus servos são açoitados; porém o teu povo é que tem a culpa.",28,True,True,True
5,17,Êxodo 5:17,וַיֹּ֛אמֶר נִרְפִּ֥ים אַתֶּ֖ם נִרְפִּ֑ים עַל־ כֵּן֙ אַתֶּ֣ם אֹֽמְרִ֔ים נֵלְכָ֖ה נִזְבְּחָ֥ה לַֽיהוָֽה ׃,ויאמר נרפימ אתמ נרפימ על כנ אתמ אמרימ נלכה נזבחה ליהוה,12,ואמר בטלנין אתון בטלנין על כן אתון אמרין נזיל נדבח קדם יי:,12,"καὶ εἶπεν αὐτοῖς Σχολάζετε, σχολασταί ἐστε· διὰ τοῦτο λέγετε Πορευθῶμεν θύσωμεν τῷ θεῷ ἡμῶν.",14,ܘܐܡ̣ܪ ܠܗܘܢ ܦܪܥܘܢ. ܡܒ̣ܛܠ ܗ̣ܘ ܒ̇ܛܠܝܢ ܐܢܬܘܢ. ܡܛܠ ܗܢܐ ܐܡ̇ܪܝܢ ܐܢܬܘܢ ܢܐܙܠ ܢܕܒ̇ܚ ܠܡܪܝܐ.,14,"Mas ele respondeu: Estais ociosos, estais ociosos; por isso dizeis: vamos, sacrifiquemos ao Senhor.",14,True,True,True
5,18,Êxodo 5:18,וְעַתָּה֙ לְכ֣וּ עִבְד֔וּ וְתֶ֖בֶן לֹא־ יִנָּתֵ֣ן לָכֶ֑ם וְתֹ֥כֶן לְבֵנִ֖ים תִּתֵּֽנּוּ ׃,ועתה לכו עבדו ותבנ לא ינתנ לכמ ותכנ לבנימ תתנו,11,וכען אזילו פלחו ותבנא לא יתיהב לכון וסכום לביניא תתנון:,10,"νῦν οὖν πορευθέντες ἐργάζεσθε· τὸ γὰρ ἄχυρον οὐ δοθήσεται ὑμῖν, καὶ τὴν σύνταξιν τῆς πλινθίας ἀποδώσετε.",16,ܗܫܐ̇ ܙܠܘ ܘܥ̇ܒܕܘ. ܘܬܒܢܐ ܠܐ ܢܬܝ̣ܗܒ ܠܟܘܢ. ܘܚܘܫܒܢܐ ܕܠܒ̈ܢܐ ܬܬܠܘܢ.,10,"Portanto, ide, trabalhai; palha, porém, não se vos dará; todavia, dareis a conta dos tijolos.",15,True,True,True
5,19,Êxodo 5:19,וַיִּרְא֞וּ שֹֽׁטְרֵ֧י בְנֵֽי־ יִשְׂרָאֵ֛ל אֹתָ֖ם בְּרָ֣ע לֵאמֹ֑ר לֹא־ תִגְרְע֥וּ מִלִּבְנֵיכֶ֖ם דְּבַר־ י֥וֹם בְּיוֹמֽוֹ ׃,ויראו שטרי בני ישראל אתמ ברע לאמר לא תגרעו מלבניכמ דבר יומ ביומו,14,וחזו סרכי בני ישראל יתהון בביש למימר לא תמנעון מלבניכון פתגם יום ביומה:,13,ἑώρων δὲ οἱ γραμματεῖς τῶν υἱῶν Ἰσραὴλ ἑαυτοὺς ἐν κακοῖς λέγοντες Οὐκ ἀπολείψετε τῆς πλινθίας τὸ καθῆκον τῇ ἡμέρᾳ.,19,ܘܚܙܘ ܐܢܘܢ ܣ̇ܦܪ̈ܐ ܠܒܢ̈ܝ ܐܝܣܪܝܠ ܒܝܫܐܝܬ. ܘܐܡ̇ܪ̈ܝܢ ܠܗܘܢ ܠܐ ܡܒ̇ܨܪܝܢ ܐܢܬܘܢ ܡܢ ܠܒܢܝ̈ܟܘܢ. ܐܠܐ ܐܝܟ ܕܒܟܠܝܘܡ.,16,"Então os oficiais dos filhos de Israel viram-se em aperto, porquanto se lhes dizia: Nada diminuireis dos vossos tijolos, da tarefa do dia no seu dia.",26,True,True,True
5,20,Êxodo 5:20,וַֽיִּפְגְּעוּ֙ אֶת־ מֹשֶׁ֣ה וְאֶֽת־ אַהֲרֹ֔ן נִצָּבִ֖ים לִקְרָאתָ֑ם בְּצֵאתָ֖ם מֵאֵ֥ת פַּרְעֹֽה ׃,ויפגעו את משה ואת אהרנ נצבימ לקראתמ בצאתמ מאת פרעה,11,וערעו ית משה וית אהרן קימין לקדמותהון במפקהון מקדם פרעה:,10,"συνήντησαν δὲ Μωυσῇ καὶ Ἀαρὼν ἐρχομένοις εἰς συνάντησιν αὐτοῖς, ἐκπορευομένων αὐτῶν ἀπὸ Φαραώ,",13,ܘܦܓܥ̣ܘ ܒܡܘܫܐ ܘܒܐܗܪܘܢ ܟܕ ܩܝܡܝܢ ܠܘܩܒܠܗܘܢ. ܟܕ ܢܦܩܘ ܡܢ ܩܕܡ ܦܪܥܘܢ.,11,"Ao saírem da presença de Faraó depararam com Moisés e Arão que vinham ao encontro deles,",16,True,True,True
5,21,Êxodo 5:21,וַיֹּאמְר֣וּ אֲלֵהֶ֔ם יֵ֧רֶא יְהוָ֛ה עֲלֵיכֶ֖ם וְיִשְׁפֹּ֑ט אֲשֶׁ֧ר הִבְאַשְׁתֶּ֣ם אֶת־ רֵיחֵ֗נוּ בְּעֵינֵ֤י פַרְעֹה֙ וּבְעֵינֵ֣י עֲבָדָ֔יו לָֽתֶת־ חֶ֥רֶב בְּיָדָ֖ם לְהָרְגֵֽנוּ ׃,ויאמרו אלהמ ירא יהוה עליכמ וישפט אשר הבאשתמ את ריחנו בעיני פרעה ובעיני עבדיו לתת חרב בידמ להרגנו,19,ואמרו להון יתגלי יי עליכון ויתפרע די אבאשתון ית ריחנא בעיני פרעה ובעיני עבדוהי למתן חרבא בידיהון לקטלותנא:,18,"καὶ εἶπαν αὐτοῖς Ἴδοι ὁ θεὸς ὑμᾶς καὶ κρίναι, ὅτι ἐβδελύξατε τὴν ὀσμὴν ἡμῶν ἐναντίον Φαραὼ καὶ ἐναντίον τῶν θεραπόντων αὐτοῦ, δοῦναι ῥομφαίαν εἰς τὰς χεῖρας αὐτοῦ ἀποκτεῖναι ἡμᾶς.",29,ܘܐܡ̣ܪܘ ܠܗܘܢ. ܢܚܙܐ ܡܪܝܐ ܥܠܝܟܘܢ ܘܢ̣ܕܘܢ. ܕܐܒܐܫܬܘܢ ܠܪܘܚܢ ܒܥܝܢ̈ܝ ܦܪܥܘܢ ܘܒܥܝܢ̈ܝ ܥܒ̣̈ܕܘܗܝ̇. ܠܡܬܠܢ ܠܚܪܒܐ ܒܐ̈ܝܕܝܗܘܢ ܠܡܚܪܒܢ.,16,"e disseram-lhes: Olhe o Senhor para vós, e julgue isso, porquanto fizestes o nosso caso repelente diante de Faraó e diante de seus servos, metendo-lhes nas mãos uma espada para nos matar.",32,True,True,True
5,22,Êxodo 5:22,וַיָּ֧שָׁב מֹשֶׁ֛ה אֶל־ יְהוָ֖ה וַיֹּאמַ֑ר אֲדֹנָ֗י לָמָ֤ה הֲרֵעֹ֨תָה֙ לָעָ֣ם הַזֶּ֔ה לָ֥מָּה זֶּ֖ה שְׁלַחְתָּֽנִי ׃,וישב משה אל יהוה ויאמר אדני למה הרעתה לעמ הזה למה זה שלחתני,14,ותב משה קדם יי ואמר יי למא אבאשתא לעמא הדין ולמא דנן שלחתני:,13,"Ἐπέστρεψεν δὲ Μωυσῆς πρὸς Κύριον καὶ εἶπεν Δέομαι, Κύριε, τί ἐκάκωσας τὸν λαὸν τοῦτον; καὶ ἵνα τί ἀπέσταλκάς με;",19,ܘܗܦ̣ܟ ܡܘܫܐ ܠܘܬ ܡܪܝܐ̣ ܘܐܡ̣ܪ ܡܪܝ. ܠܡܢܐ ܐܒܐ̣ܫܬ ܠܥܡܐ ܗܢܐ ܘܠܡܢܐ ܫܕܪܬܢܝ.,12,"Então, tornando-se Moisés ao Senhor, disse: Senhor! por que trataste mal a este povo? por que me enviaste?",18,True,True,True
5,23,Êxodo 5:23,וּמֵאָ֞ז בָּ֤אתִי אֶל־ פַּרְעֹה֙ לְדַבֵּ֣ר בִּשְׁמֶ֔ךָ הֵרַ֖ע לָעָ֣ם הַזֶּ֑ה וְהַצֵּ֥ל לֹא־ הִצַּ֖לְתָּ אֶת־ עַמֶּֽךָ ׃,ומאז באתי אל פרעה לדבר בשמכ הרע לעמ הזה והצל לא הצלת את עמכ,15,ומעדן עלית לות פרעה למללא בשמך אבאש לעמא הדין ושזבא לא שזבתא ית עמך:,14,"καὶ ἀφ᾽ οὗ πεπόρευμαι πρὸς Φαραὼ λαλῆσαι ἐπὶ τῷ σῷ ὀνόματι, ἐκάκωσεν τὸν λαὸν τοῦτον, καὶ οὐκ ἐρρύσω τὸν λαόν σου.",21,ܕܡܢ ܫܥܬܐ ܕܐܬ̇ܝܬ ܠܘܬ ܦܪܥܘܢ ܠܡܡܠܠܘ ܒܫܡܟ̣. ܒܐ̣ܫ ܠܥܡܐ ܗܢܐ. ܘܡܦ̣ܪܩ̣ ܠܐ ܦܪ̣ܩܬ ܠܥܡܟ.,14,"Pois desde que me apresentei a Faraó para falar em teu nome, ele tem maltratado a este povo; e de nenhum modo tens livrado o teu povo.",27,True,True,True
6,1,Êxodo 6:1,וַיֹּ֤אמֶר יְהוָה֙ אֶל־ מֹשֶׁ֔ה עַתָּ֣ה תִרְאֶ֔ה אֲשֶׁ֥ר אֶֽעֱשֶׂ֖ה לְפַרְעֹ֑ה כִּ֣י בְיָ֤ד חֲזָקָה֙ יְשַׁלְּחֵ֔ם וּבְיָ֣ד חֲזָקָ֔ה יְגָרְשֵׁ֖ם מֵאַרְצֽוֹ ׃ ס,ויאמר יהוה אל משה עתה תראה אשר אעשה לפרעה כי ביד חזקה ישלחמ וביד חזקה יגרשמ מארצו ס,19,ואמר יי למשה כען תחזי דאעבד לפרעה ארי בידא תקיפא ישלחנון ובידא תקיפא יתרכנון מארעה:,15,"καὶ εἶπεν Κύριος πρὸς Μωυσῆν Ἤδη ὄψει ἃ ποιήσω τῷ Φαραώ· ἐν γὰρ χειρὶ κραταιᾷ ἐξαποστελεῖ αὐτούς, καὶ ἐν βραχίονι ὑψηλῷ ἐκβαλεῖ αὐτοὺς ἐκ τῆς γῆς αὐτοῦ.",27,ܘܐܡ̣ܪ ܡܪܝܐ ܠܡܘܫܐ. ܗܫܐ ܬܚܙܐ ܡܕܡ ܕܐܥ̇ܒܕ ܠܦܪܥܘܢ. ܡܛܠ ܕܒܐܝܕܐ ܬܩܝܦܬܐ ܢܫܕܪ ܐܢܘܢ. ܘܒܕܪܥܐ ܪܡܐ ܢܦ̇ܩ ܐܢܘܢ ܡܢ ܐܪܥܗ.,19,"Então disse o Senhor a Moisés: Agora verás o que hei de fazer a Faraó; pois por uma poderosa mão os deixará ir, sim, por uma poderosa mão os lançará de sua terra.",33,True,True,True
6,2,Êxodo 6:2,וַיְדַבֵּ֥ר אֱלֹהִ֖ים אֶל־ מֹשֶׁ֑ה וַיֹּ֥אמֶר אֵלָ֖יו אֲנִ֥י יְהוָֽה ׃,וידבר אלהימ אל משה ויאמר אליו אני יהוה,9,ומליל יי עם משה ואמר ליה אנא יי:,8,Ἐλάλησεν δὲ ὁ θεὸς πρὸς Μωυσῆν καὶ εἶπεν πρὸς αὐτόν Ἐγὼ Κύριος·,12,ܘܡܠܠ ܡܪܝܐ ܥܡ ܡܘܫܐ ܘܐܡ̣ܪ ܠܗ. ܐܢܐ ܐܢܐ ܡܪܝܐ.,9,"Falou mais Deus a Moisés, e disse-lhe: Eu sou Jeová.",10,True,True,True
6,3,Êxodo 6:3,וָאֵרָ֗א אֶל־ אַבְרָהָ֛ם אֶל־ יִצְחָ֥ק וְאֶֽל־ יַעֲקֹ֖ב בְּאֵ֣ל שַׁדָּ֑י וּשְׁמִ֣י יְהוָ֔ה לֹ֥א נוֹדַ֖עְתִּי לָהֶֽם ׃,וארא אל אברהמ אל יצחק ואל יעקב באל שדי ושמי יהוה לא נודעתי להמ,15,ואתגליתי לאברהם ליצחק וליעקב באל שדי ושמי יי לא הודעית להון:,11,"καὶ ὤφθην πρὸς Ἀβραὰμ καὶ Ἰσαὰκ καὶ Ἰακώβ, θεὸς ὢν αὐτῶν, καὶ τὸ ὄνομά μου Κύριος οὐκ ἐδήλωσα αὐτοῖς·",19,ܕܐܬ̇ܓܠܝܬ ܠܐܒܪܗܡ ܘܠܐܝܣܚܩ ܘܠܝܥܩܘܒ ܒܐܝܠܫܕܝ ܐܠܗܐ. ܘܫܡ ܡܪܝܐ ܠܐ ܚ̇ܘܝܬ ܐܢܘܢ.,11,"Apareci a Abraão, a Isaque e a Jacó, como o Deus Todo-Poderoso; mas pelo meu nome Jeová, não lhes fui conhecido.",21,True,True,True
6,4,Êxodo 6:4,וְגַ֨ם הֲקִמֹ֤תִי אֶת־ בְּרִיתִי֙ אִתָּ֔ם לָתֵ֥ת לָהֶ֖ם אֶת־ אֶ֣רֶץ כְּנָ֑עַן אֵ֛ת אֶ֥רֶץ מְגֻרֵיהֶ֖ם אֲשֶׁר־ גָּ֥רוּ בָֽהּ ׃,וגמ הקמתי את בריתי אתמ לתת להמ את ארצ כנענ את ארצ מגריהמ אשר גרו בה,17,ואף אקימית ית קימי עמהון למתן להון ית ארעא דכנען ית ארעא תותבותהון דאתותבו בה:,15,"καὶ ἔστησα τὴν διαθήκην μου πρὸς αὐτοὺς ὥστε δοῦναι αὐτοῖς τὴν γῆν τῶν Χαναναίων, τὴν γῆν ἣν παρῳκήκασιν, ἐν ᾗ καὶ παρῴκησαν ἐπ᾽ αὐτῆς.",24,ܘܐܦ ܐܩܝ̇ܡܬ̣ ܩܝܡܝ ܥܡܗܘܢ. ܠܡܬܠ ܠܗܘܢ ܐܪܥܐ ܕܟܢܥܢ ܐܪܥܐ ܕܬܘܬܒܘܬܗܘܢ ܕܥܡܪܘ ܒܗ̇.,12,"Estabeleci o meu pacto com eles para lhes dar a terra de Canaã, a terra de suas peregrinações, na qual foram peregrinos.",22,True,True,True
6,5,Êxodo 6:5,וְגַ֣ם ׀ אֲנִ֣י שָׁמַ֗עְתִּי אֶֽת־ נַאֲקַת֙ בְּנֵ֣י יִשְׂרָאֵ֔ל אֲשֶׁ֥ר מִצְרַ֖יִם מַעֲבִדִ֣ים אֹתָ֑ם וָאֶזְכֹּ֖ר אֶת־ בְּרִיתִֽי ׃,וגמ אני שמעתי את נאקת בני ישראל אשר מצרימ מעבדימ אתמ ואזכר את בריתי,16,ואף קדמי שמיע ית קבילת בני ישראל די מצראי מפלחין בהון ודכירנא ית קימי:,14,"καὶ ἐγὼ εἰσήκουσα τὸν στεναγμὸν τῶν υἱῶν Ἰσραήλ, ὃν οἱ Αἰγύπτιοι καταδουλοῦνται αὐτούς, καὶ ἐμνήσθην τῆς διαθήκης ὑμῶν.",18,ܘܐܦ ܐܢܐ ܫܡ̇ܥܬ ܐܢܩܬܐ ܕܒܢ̈ܝ ܐܝܣܪܝܠ ܕܡܨܪ̈ܝܐ ܡܫܥܒܕܝܢ ܠܗܘܢ. ܘܐܬ̇ܕܟܪܬ ܩܝܡܝ.,11,"Ademais, tenho ouvido o gemer dos filhos de Israel, aos quais os egípcios vêm escravizando; e lembrei-me do meu pacto.",20,True,True,True
6,6,Êxodo 6:6,לָכֵ֞ן אֱמֹ֥ר לִבְנֵֽי־ יִשְׂרָאֵ֘ל אֲנִ֣י יְהוָה֒ וְהוֹצֵאתִ֣י אֶתְכֶ֗ם מִתַּ֨חַת֙ סִבְלֹ֣ת מִצְרַ֔יִם וְהִצַּלְתִּ֥י אֶתְכֶ֖ם מֵעֲבֹדָתָ֑ם וְגָאַלְתִּ֤י אֶתְכֶם֙ בִּזְר֣וֹעַ נְטוּיָ֔ה וּבִשְׁפָטִ֖ים גְּדֹלִֽים ׃,לכנ אמר לבני ישראל אני יהוה והוצאתי אתכמ מתחת סבלת מצרימ והצלתי אתכמ מעבדתמ וגאלתי אתכמ בזרוע נטויה ובשפטימ גדלימ,21,בכן אמר לבני ישראל אנא יי ואפיק יתכון מגו דחוק פלחן מצראי ואשיזב יתכון מפלחנהון ואפרוק יתכון בדרעא מרמא ובדינין רברבין:,21,"βάδιζε εἰπὸν τοῖς υἱοῖς Ἰσραὴλ λέγων Ἐγὼ Κύριος, καὶ ἐξάξω ὑμᾶς ἀπὸ τῆς δυναστείας τῶν Αἰγυπτίων, καὶ ῥύσομαι ὑμᾶς ἐκ τῆς δουλίας, καὶ λυτρώσομαι ὑμᾶς ἐν βραχίονι ὑψηλῷ καὶ κρίσει μεγάλῃ·",31,ܡܛܠ ܗܢܐ ܐܡ̣ܪ ܠܒܢ̈ܝ ܐܝܣܪܝܠ. ܐܢܐ ܐܢܐ ܡܪܝܐ ܐܠܗܐ. ܘܡ̇ܦܩ ܐܢܐ ܠܟܘܢ ܡܢ ܫܘܥܒܕܐ ܕܡܨܪ̈ܝܐ. ܘܡܦ̇ܨܐ ܐܢܐ ܠܟܘܢ ܡܢ ܥܒ̇ܕܗܘܢ. ܘܐܦܪܘܩܟܘܢ ܒܐܝܕܐ ܬܩܝܦܬܐ ܘܒܕܪܥܐ ܪܡܐ. ܘܒܕܝ̣̈ܢܐ̇ ܪ̈ܘܪܒܐ.,27,"Portanto dize aos filhos de Israel: Eu sou Jeová; eu vos tirarei de debaixo das cargas dos egípcios, livrar-vos-ei da sua servidão, e vos resgatarei com braço estendido e com grandes juízos.",32,True,True,True
6,7,Êxodo 6:7,וְלָקַחְתִּ֨י אֶתְכֶ֥ם לִי֙ לְעָ֔ם וְהָיִ֥יתִי לָכֶ֖ם לֵֽאלֹהִ֑ים וִֽידַעְתֶּ֗ם כִּ֣י אֲנִ֤י יְהוָה֙ אֱלֹ֣הֵיכֶ֔ם הַמּוֹצִ֣יא אֶתְכֶ֔ם מִתַּ֖חַת סִבְל֥וֹת מִצְרָֽיִם ׃,ולקחתי אתכמ לי לעמ והייתי לכמ לאלהימ וידעתמ כי אני יהוה אלהיכמ המוציא אתכמ מתחת סבלות מצרימ,18,ואקריב יתכון קדמי לעמא ואהוי לכון לאלה ותדעון ארי אנא יי אלהכון דאפיק יתכון מגו דחוק פלחן מצרים:,18,"καὶ λήμψομαι ἐμαυτῷ ὑμᾶς λαὸν ἐμοί, καὶ ἔσομαι ὑμῶν θεός, καὶ γνώσεσθε ὅτι ἐγὼ Κύριος ὁ θεὸς ὑμῶν ὁ ἐξαγαγὼν ὑμᾶς ἐκ τῆς καταδυναστείας τῶν Αἰγυπτίων·",26,ܘܐܣܒܟܘܢ ܠܝ ܥܡܐ. ܘܐܗܘܐ ܠܟܘܢ ܐܠܗܐ. ܘܬܕܥܘܢ ܕܐܢܐ ܐܢܐ ܡܪܝܐ ܐܠܗܟܘܢ. ܕܡ̇ܦܩ ܐܢܐ ܠܟܘܢ ܡܢ ܫܘܥܒܕܐ ܕܡܨܪ̈ܝܐ.,17,"Eu vos tomarei por meu povo e serei vosso Deus; e vós sabereis que eu sou Jeová vosso Deus, que vos tiro de debaixo das cargas dos egípcios.",28,True,True,True
6,8,Êxodo 6:8,וְהֵבֵאתִ֤י אֶתְכֶם֙ אֶל־ הָאָ֔רֶץ אֲשֶׁ֤ר נָשָׂ֨אתִי֙ אֶת־ יָדִ֔י לָתֵ֣ת אֹתָ֔הּ לְאַבְרָהָ֥ם לְיִצְחָ֖ק וּֽלְיַעֲקֹ֑ב וְנָתַתִּ֨י אֹתָ֥הּ לָכֶ֛ם מוֹרָשָׁ֖ה אֲנִ֥י יְהוָֽה ׃,והבאתי אתכמ אל הארצ אשר נשאתי את ידי לתת אתה לאברהמ ליצחק וליעקב ונתתי אתה לכמ מורשה אני יהוה,20,ואעיל יתכון לארעא די קימית במימרי למתן יתה לאברהם ליצחק וליעקב ואתן יתה לכון ירתא אנא יי:,17,"καὶ ἐξάξω ὑμᾶς εἰς τὴν γῆν εἰς ἣν ἐξέτεινα τὴν χεῖρά μου δοῦναι αὐτὴν τῷ Ἀβραὰμ καὶ Ἰσαὰκ καὶ Ἰακώβ, καὶ δώσω ὑμῖν αὐτὴν ἐν κλήρῳ· ἐγὼ Κύριος.",28,ܘܐܝܬܝܟܘܢ ܠܐܪܥܐ ܕܐ̇ܪܝܡ̣ܬ ܐܝܕܝ ܠܡܬܠܗ̇ ܠܐܒܪܗܡ ܘܠܐܝܣܚܩ ܘܠܝܥܩܘܒ. ܘܐܬܠܝܗ̇ ܠܟܘܢ ܝܪܬܘܬܐ ܐܢܐ ܡܪܝܐ.,13,"Eu vos introduzirei na terra que jurei dar a Abraão, a Isaque e a Jacó; e vo-la darei por herança. Eu sou Jeová.",23,True,True,True
6,9,Êxodo 6:9,וַיְדַבֵּ֥ר מֹשֶׁ֛ה כֵּ֖ן אֶל־ בְּנֵ֣י יִשְׂרָאֵ֑ל וְלֹ֤א שָֽׁמְעוּ֙ אֶל־ מֹשֶׁ֔ה מִקֹּ֣צֶר ר֔וּחַ וּמֵעֲבֹדָ֖ה קָשָֽׁה ׃ פ,וידבר משה כנ אל בני ישראל ולא שמעו אל משה מקצר רוח ומעבדה קשה פ,16,ומליל משה כן לבני ישראל ולא קבילו מן משה ממעיק רוחא ומפלחנא דהוה קשיא עליהון:,15,ἐλάλησεν δὲ Μωυσῆς οὕτως τοῖς υἱοῖς Ἰσραήλ· καὶ οὐκ εἰσήκουσαν Μωυσῇ ἀπὸ τῆς ὀλιγοψυχίας καὶ ἀπὸ τῶν ἔργων τῶν σκληρῶν.,20,ܘܐܡ̣ܪ ܗܟܢܐ ܡܘܫܐ ܠܒܢ̈ܝ ܐܝܣܪܝܠ. ܘܠܐ ܫܡܥܘܗܝ ܠܡܘܫܐ. ܡܢ ܟܪܝܘܬ ܪܘܚܐ ܘܡܢ ܫܘܥܒܕܐ ܩܫܝܐ.,14,"Assim falou Moisés aos filhos de Israel, mas eles não lhe deram ouvidos, por causa da angústia de espírito e da dura servidão.",23,True,True,True
6,10,Êxodo 6:10,וַיְדַבֵּ֥ר יְהוָ֖ה אֶל־ מֹשֶׁ֥ה לֵּאמֹֽר ׃,וידבר יהוה אל משה לאמר,6,ומליל יי עם משה למימר:,5,Εἶπεν δὲ Κύριος πρὸς Μωυσῆν λέγων,6,ܘܡܠܠ ܡܪܝܐ ܥܡ ܡܘܫܐ ܠܡܐܡܪ.,5,"Falou mais o Senhor a Moisés, dizendo:",7,True,True,True
6,11,Êxodo 6:11,בֹּ֣א דַבֵּ֔ר אֶל־ פַּרְעֹ֖ה מֶ֣לֶךְ מִצְרָ֑יִם וִֽישַׁלַּ֥ח אֶת־ בְּנֵֽי־ יִשְׂרָאֵ֖ל מֵאַרְצֽוֹ ׃,בא דבר אל פרעה מלכ מצרימ וישלח את בני ישראל מארצו,12,עול מליל לות פרעה מלכא דמצרים וישלח ית בני ישראל מארעיה:,11,Εἴσελθε λάλησον Φαραὼ βασιλεῖ Αἰγύπτου ἵνα ἐξαποστείλῃ τοὺς υἱοὺς Ἰσραὴλ ἐκ τῆς γῆς αὐτοῦ.,14,ܙܠ ܐܡ̣ܪ ܠܦܪܥܘܢ ܡ̇ܠܟܐ ܕܡܨܪܝ̣ܢ. ܘܢ̇ܫܕܪ ܠܒܢ̈ܝ ܐܝܣܪܝܠ ܡܢ ܐܪܥܗ.,10,"Vai, fala a Faraó, rei do Egito, que deixe sair os filhos de Israel da sua terra.",17,True,True,True
6,12,Êxodo 6:12,וַיְדַבֵּ֣ר מֹשֶׁ֔ה לִפְנֵ֥י יְהוָ֖ה לֵאמֹ֑ר הֵ֤ן בְּנֵֽי־ יִשְׂרָאֵל֙ לֹֽא־ שָׁמְע֣וּ אֵלַ֔י וְאֵיךְ֙ יִשְׁמָעֵ֣נִי פַרְעֹ֔ה וַאֲנִ֖י עֲרַ֥ל שְׂפָתָֽיִם ׃ פ,וידבר משה לפני יהוה לאמר הנ בני ישראל לא שמעו אלי ואיכ ישמעני פרעה ואני ערל שפתימ פ,19,ומליל משה קדם יי למימר הא בני ישראל לא קבילו מני ואכדין יקבל מני פרעה ואנא יקיר ממלל:,18,"ἐλάλησεν δὲ Μωυσῆς ἔναντι Κυρίου λέγων Ἰδοὺ οἱ υἱοὶ Ἰσραὴλ οὐκ εἰσήκουσάν μου, καὶ πῶς εἰσακούσεταί μου Φαραώ; ἐγὼ δὲ ἄλογός εἰμι.",22,ܘܐܡ̣ܪ ܡܘܫܐ ܠܡܪܝܐ. ܗܐ ܒܢܝ̈ ܐܝܣܪܝܠ ܠܐ ܫܡ̇ܥܝܢ ܠܝ. ܐ̇ܝܟܢܐ ܢܫܡ̣ܥܢܝ ܦܪܥܘܢ ܕܠܥܓ ܠܫܢܝ.,14,"Moisés, porém, respondeu perante o Senhor, dizendo: Eis que os filhos de Israel não me têm ouvido: como, pois, me ouvirá Faraó a mim, que sou incircunciso de lábios?",29,True,True,True
6,13,Êxodo 6:13,וַיְדַבֵּ֣ר יְהוָה֮ אֶל־ מֹשֶׁ֣ה וְאֶֽל־ אַהֲרֹן֒ וַיְצַוֵּם֙ אֶל־ בְּנֵ֣י יִשְׂרָאֵ֔ל וְאֶל־ פַּרְעֹ֖ה מֶ֣לֶךְ מִצְרָ֑יִם לְהוֹצִ֥יא אֶת־ בְּנֵֽי־ יִשְׂרָאֵ֖ל מֵאֶ֥רֶץ מִצְרָֽיִם ׃ ס,וידבר יהוה אל משה ואל אהרנ ויצומ אל בני ישראל ואל פרעה מלכ מצרימ להוציא את בני ישראל מארצ מצרימ ס,22,ומליל יי עם משה ועם אהרן ופקדנון לות בני ישראל ולות פרעה מלכא דמצרים לאפקא ית בני ישראל מארעא דמצרים:,20,"εἶπεν δὲ Κύριος πρὸς Μωυσῆν καὶ Ἀαρών, καὶ συνέταξεν αὐτοῖς πρὸς Φαραὼ βασιλέα Αἰγύπτου ὥστε ἐξαποστεῖλαι τοὺς υἱοὺς Ἰσραὴλ ἐκ γῆς Αἰγύπτου.",22,ܘܡܠܠ ܡܪܝܐ ܥܡ ܡܘܫܐ ܘܥܡ ܐܗܪܘܢ. ܘܦܩ̇ܕ ܐܢܘܢ ܠܘܬ ܒܢ̈ܝ ܐܝܣܪܝܠ. ܘܠܘܬ ܦܪܥܘܢ ܡ̇ܠܟܐ ܕܡܨܪܝ̇ܢ. ܠܡ̇ܦܩܘ ܠܒܢ̈ܝ ܐܝܣܪܝܠ ܡܢ ܐܪܥܐ ܕܡܨܪܝܢ.,21,"Todavia o Senhor falou a Moisés e a Arão, e deu-lhes mandamento para os filhos de Israel, e para Faraó, rei do Egito, a fim de tirarem os filhos de Israel da terra do Egito..",35,True,True,True
6,14,Êxodo 6:14,אֵ֖לֶּה רָאשֵׁ֣י בֵית־ אֲבֹתָ֑ם בְּנֵ֨י רְאוּבֵ֜ן בְּכֹ֣ר יִשְׂרָאֵ֗ל חֲנ֤וֹךְ וּפַלּוּא֙ חֶצְר֣וֹן וְכַרְמִ֔י אֵ֖לֶּה מִשְׁפְּחֹ֥ת רְאוּבֵֽן ׃,אלה ראשי בית אבתמ בני ראובנ בכר ישראל חנוכ ופלוא חצרונ וכרמי אלה משפחת ראובנ,16,אלין רישי בית אבהתהון בני ראובן בוכרא דישראל חנוך ופלוא חצרון וכרמי אלין זרעית ראובן:,15,"Καὶ οὗτοι ἀρχηγοὶ οἴκων πατριῶν αὐτῶν. υἱοὶ Ῥουβὴν πρωτοτόκου Ἰσραήλ· Ἑνὼχ καὶ Φαλλούς, Ἁσρὼν καὶ Χαρμεί· αὕτη ἡ συγγενία Ῥουβήν.",20,ܘܗܠܝܢ ܪ̈ܝܫܐ ܕܒܝܬ ܐ̈ܒܗܝܗܘܢ. ܒܢ̈ܝ ܪܘܒܝܠ ܒܘܟܪܗ ܕܐܝܣܪܝܠ. ܚܢܘܟ̣ ܘܦ̇ܠܘ. ܘܚܨܪܘܢ. ܘܟܪܡܝ ܗܠܝܢ ܫܪ̈ܒܬܐ ܕܪܘܒܝܠ.,15,"Estes são os cabeças das casas de seus pais: Os filhos de Rúben o primogênito de Israel: Hanoque e Palu, Hezrom e Carmi; estas são as famílias de Rúben.",29,True,True,True
6,15,Êxodo 6:15,וּבְנֵ֣י שִׁמְע֗וֹן יְמוּאֵ֨ל וְיָמִ֤ין וְאֹ֨הַד֙ וְיָכִ֣ין וְצֹ֔חַר וְשָׁא֖וּל בֶּן־ הַֽכְּנַעֲנִ֑ית אֵ֖לֶּה מִשְׁפְּחֹ֥ת שִׁמְעֽוֹן ׃,ובני שמעונ ימואל וימינ ואהד ויכינ וצחר ושאול בנ הכנענית אלה משפחת שמעונ,14,ובני שמעון ימואל וימין ואהד ויכין וצחר ושאול בר כנעניתא אלין זרעית שמעון:,13,καὶ υἱοὶ Συμεών· Ἰεμιὴλ καὶ Ἰαμεὶν καὶ Ἰώαδ καὶ Ἰαχεὶν καὶ Σάαρ καὶ Σαοὺλ ὁ ἐκ τῆς Φοινίσσης· αὗται αἱ πατριαὶ τῶν υἱῶν Συμεών.,24,ܘܒܢ̈ܝ ܫܡܥܘܢ. ܝܡܘܐܝܠ ܘܝ̇ܡܝܢ. ܘܐ̇ܗܪ ܘܝ̇ܟܝ̣ܢ ܘܨ̇ܚܪ. ܘܫܐܘܠ ܒܪ ܟܢܥܢܝܬܐ. ܗܠܝܢ ܫܪ̈ܒܬܐ ܕܫܡܥܘܢ.,13,"E os filhos de Simeão: Jemuel, Jamim, Oade, Jaquim, Zoar e Saul, filho de uma cananéia; estas são as famílias de Simeão.",22,True,True,True
6,16,Êxodo 6:16,וְאֵ֨לֶּה שְׁמ֤וֹת בְּנֵֽי־ לֵוִי֙ לְתֹ֣לְדֹתָ֔ם גֵּרְשׁ֕וֹן וּקְהָ֖ת וּמְרָרִ֑י וּשְׁנֵי֙ חַיֵּ֣י לֵוִ֔י שֶׁ֧בַע וּשְׁלֹשִׁ֛ים וּמְאַ֖ת שָׁנָֽה ׃,ואלה שמות בני לוי לתלדתמ גרשונ וקהת ומררי ושני חיי לוי שבע ושלשימ ומאת שנה,16,ואלין שמהת בני לוי לתולדתהון גרשון וקהת ומררי ושני חיי לוי מאה ותלתין ושבע שנין:,15,καὶ ταῦτα τὰ ὀνόματα τῶν υἱῶν Λευεὶ κατὰ συγγενίας αὐτῶν· Γεδσὼν καὶ Καὰθ καὶ Μεραρεί· καὶ τὰ ἔτη τῆς ζωῆς Λευεὶ ἑκατὸν τριάκοντα ἑπτά.,24,ܘܗܠܝܢ ܫܡ̈ܗܐ ܕܒ̈ܢܝ ܠܘܝ ܠܫܪ̈ܒܬܗܘܢ. ܓܪܫܘܢ ܘܩ̇ܗܬ̣ ܘܡܪܪܝ. ܘܫ̈ܢܝܐ ܕܚܝܐ ܠܘܝ̣. ܡܐܐ̇ ܘܬܠܬܝ̣ܢ ܘܫܒܥ ܫ̈ܢܝܢ.,15,"E estes são os nomes dos filhos de Levi, segundo as suas gerações: Gérson, Coate e Merári; e os anos da vida de Levi foram cento e trinta e sete anos.",31,True,True,True
6,17,Êxodo 6:17,בְּנֵ֥י גֵרְשׁ֛וֹן לִבְנִ֥י וְשִׁמְעִ֖י לְמִשְׁפְּחֹתָֽם ׃,בני גרשונ לבני ושמעי למשפחתמ,6,בני גרשון לבני ושמעי לזרעיתהון:,5,"καὶ οὗτοι υἱοὶ Γεδσών· Λοβενὶ καὶ Σεμεεί, οἶκοι πατριᾶς αὐτῶν.",10,ܘܒܢ̈ܘܗܝ ܕܓܪܫܘܢ. ܠܒ̇ܢܝ̣ ܘܫ̇ܡܥܝ ܠܫܪ̈ܒܬܗܘܢ.,5,"Os filhos de Gérson: Líbni e Simei, segundo as suas famílias.",11,True,True,True
6,18,Êxodo 6:18,וּבְנֵ֣י קְהָ֔ת עַמְרָ֣ם וְיִצְהָ֔ר וְחֶבְר֖וֹן וְעֻזִּיאֵ֑ל וּשְׁנֵי֙ חַיֵּ֣י קְהָ֔ת שָׁלֹ֧שׁ וּשְׁלֹשִׁ֛ים וּמְאַ֖ת שָׁנָֽה ׃,ובני קהת עמרמ ויצהר וחברונ ועזיאל ושני חיי קהת שלש ושלשימ ומאת שנה,14,ובני קהת עמרם ויצהר וחברון ועזיאל ושני חיי קהת מאה ותלתין ותלת שנין:,13,"καὶ υἱοὶ Καάθ· Ἀμβρὰμ καὶ Ἰσσαχάρ, Χεβρὼν καὶ Ὀζειήλ· καὶ τὰ ἔτη τῆς ζωῆς Καὰθ ἑκατὸν τριάκοντα ἔτη.",18,ܘܒܢ̈ܘܗܝ ܕܩ̇ܗܬ̣. ܥܡܪܡ̇ ܘܝܨܗܪ. ܘܚܒܪܘܢ ܘܥܘ̣ܙܝܠ. ܘܫ̈ܢܝܐ ܕܚ̣ܝܐ ܩܗ̇ܬ. ܡܐܐ̇ ܘܬܠܬܝ̣ܢ ܘܬܠܬ ܫ̈ܢܝܢ.,13,"Os filhos de Coate: Anrão, Izar, Hebrom e Uziel; e os anos da vida de Coate foram cento e trinta e três anos.",23,True,True,True
6,19,Êxodo 6:19,וּבְנֵ֥י מְרָרִ֖י מַחְלִ֣י וּמוּשִׁ֑י אֵ֛לֶּה מִשְׁפְּחֹ֥ת הַלֵּוִ֖י לְתֹלְדֹתָֽם ׃,ובני מררי מחלי ומושי אלה משפחת הלוי לתלדתמ,9,ובני מררי מחלי ומושי אלין זרעית לוי לתולדתהון:,8,καὶ υἱοὶ Μεραρεί· Μοολεὶ καὶ Ὀμουσεί. οὗτοι οἶκοι πατριῶν Λευεὶ κατὰ συγγενίαν αὐτῶν.,13,ܘܒܢ̈ܘܗܝ ܕܡܪܪܝ. ܡܚܠܝ ܘܡܘܫܝ. ܗܠܝܢ ܫܪ̈ܒܬܐ ܕܠܘ̈ܝܐ ܠܫܪ̈ܒܬܗܘܢ.,8,"Os filhos de Merari: Mali e Musi; estas são as famílias de Levi, segundo as suas gerações.",17,True,True,True
6,20,Êxodo 6:20,וַיִּקַּ֨ח עַמְרָ֜ם אֶת־ יוֹכֶ֤בֶד דֹּֽדָתוֹ֙ ל֣וֹ לְאִשָּׁ֔ה וַתֵּ֣לֶד ל֔וֹ אֶֽת־ אַהֲרֹ֖ן וְאֶת־ מֹשֶׁ֑ה וּשְׁנֵי֙ חַיֵּ֣י עַמְרָ֔ם שֶׁ֧בַע וּשְׁלֹשִׁ֛ים וּמְאַ֖ת שָׁנָֽה ׃,ויקח עמרמ את יוכבד דדתו לו לאשה ותלד לו את אהרנ ואת משה ושני חיי עמרמ שבע ושלשימ ומאת שנה,21,ונסיב עמרם ית יוכבד אחת אבוהי ליה לאנתו וילידת ליה ית אהרן וית משה ושני חיי עמרם מאה ותלתין ושבע שנין:,21,"καὶ ἔλαβεν Ἀμβρὰν τὴν Ἰωχάβεδ θυγατέρα τοῦ ἀδελφοῦ τοῦ πατρὸς αὐτοῦ ἑαυτῷ εἰς γυναῖκα, καὶ ἐγέννησεν αὐτῷ τόν τε Ἀαρὼν καὶ Μωυσῆν καὶ Μαριὰμ τὴν ἀδελφὴν αὐτῶν· τὰ δὲ ἔτη τῆς ζωῆς Ἀμβρὰν ἑκατὸν τριάκοντα δύο ἔτη.",37,ܘܢܣܒ̣ ܥܡܪܡ ܐܢܬܬܐ ܠܝܘܟܒܪ ܒܪܬ ܕܕܗ. ܘܝܠ̣ܕܬ ܠܗ ܠܐܗܪܘܢ̇ ܘܠܡܪܝ̣ܡ ܘܠܡܘܫܐ. ܘܫ̈ܢܝܐ ܕܚܝ̣ܐ ܥܡܪܡ. ܡܐܐ̇ ܘܬܠܬܝ̣ܢ ܘܫܒܥ ܫ̈ܢܝܢ.,18,"Ora, Anrão tomou por mulher a Joquebede, sua tia; e ela lhe deu Arão e Moisés; e os anos da vida de Anrão foram cento e trinta e sete anos.",30,True,True,True
6,21,Êxodo 6:21,וּבְנֵ֖י יִצְהָ֑ר קֹ֥רַח וָנֶ֖פֶג וְזִכְרִֽי ׃,ובני יצהר קרח ונפג וזכרי,6,ובני יצהר קרח ונפג וזכרי:,5,καὶ υἱοὶ Ἰσσαάρ· Κόρε καὶ Νάφεκ καὶ Ζεχρεί.,8,ܘܒܢ̈ܘܗܝ ܕܝܨܗ̇ܪ. ܩܘܪܚ̇ ܘܢ̣ܦ̇ܓ̣ ܘܙܟ̣ܪܝ.,5,"Os filhos de Izar: Corá, Nofegue e Zicri.",8,True,True,True
6,22,Êxodo 6:22,וּבְנֵ֖י עֻזִּיאֵ֑ל מִֽישָׁאֵ֥ל וְאֶלְצָפָ֖ן וְסִתְרִֽי ׃,ובני עזיאל מישאל ואלצפנ וסתרי,6,ובני עזיאל מישאל ואלצפן וסתרי:,5,καὶ υἱοὶ Ὀζειήλ· Ἐλισαφὰν καὶ Σεγρεί.,6,ܘܒܢ̈ܘܗܝ ܕܥܘܙܝ̣ܠ ܡܢܫ̣ܐܝܠ . ܘܐܠܝܨܦ̣ܢ ܘܣܬܪܝ.,6,"Os filhos de Uziel: Misael, Elzafã e Sitri.",8,True,True,True
6,23,Êxodo 6:23,וַיִּקַּ֨ח אַהֲרֹ֜ן אֶת־ אֱלִישֶׁ֧בַע בַּת־ עַמִּינָדָ֛ב אֲח֥וֹת נַחְשׁ֖וֹן ל֣וֹ לְאִשָּׁ֑ה וַתֵּ֣לֶד ל֗וֹ אֶת־ נָדָב֙ וְאֶת־ אֲבִיה֔וּא אֶת־ אֶלְעָזָ֖ר וְאֶת־ אִֽיתָמָֽר ׃,ויקח אהרנ את אלישבע בת עמינדב אחות נחשונ לו לאשה ותלד לו את נדב ואת אביהוא את אלעזר ואת איתמר,21,ונסיב אהרן ית אלישבע בת עמינדב אחתיה דנחשון ליה לאנתו וילידת ליה ית נדב וית אביהוא ית אלעזר וית איתמר:,20,"ἔλαβεν δὲ Ἀαρὼν τὴν Ἐλεισάβεθ θυγατέρα Ἀμειναδὰβ ἀδελφὴν Ναασσὼν αὐτῷ γυναῖκα, καὶ ἔτεκεν αὐτῷ τόν τε Ναδὰβ καὶ τὸν Ἀβιοὺδ καὶ τὸν Ἐλεαζὰρ καὶ Ἰθαμάρ.",25,ܘܢܣ̣ܒ ܐܗܪܘܢ ܠܐܠܝܫܒܥ ܒܪܬ ܥܡܝܢܕܒ ܚܬܗ ܕܢܚܫܘܢ ܐܢܬܬܐ. ܘܝܠ̣ܕܬ ܠܢ̇ܕܒ̣ ܘܠܐܒܝܗܘ. ܘܠܐܠܝܥܙ̣ܪ ܘܠܐܝܬܡܪ.,13,"Arão tomou por mulher a Eliseba, filha de Aminadabe, irmã de Nasom; e ela lhe deu Nadabe, Abiú, Eleazar e Itamar.",21,True,True,True
6,24,Êxodo 6:24,וּבְנֵ֣י קֹ֔רַח אַסִּ֥יר וְאֶלְקָנָ֖ה וַאֲבִיאָסָ֑ף אֵ֖לֶּה מִשְׁפְּחֹ֥ת הַקָּרְחִֽי ׃,ובני קרח אסיר ואלקנה ואביאספ אלה משפחת הקרחי,9,ובני קרח אסיר ואלקנה ואביאסף אלין זרעית קרח:,8,υἱοὶ δὲ Κόρε· Ἀσεὶρ καὶ Ἐλκανὰ καὶ Ἀβιασάρ· αὗται αἱ γενέσεις Κόρε.,12,ܘܒܢ̈ܝ ܩܘܪܚ̣. ܐܣܝܪ ܘܗܠܩܢܐ ܘܐܟܢܣ̣ܦ. ܗܠܝܢ ܫܪ̈ܒܬܐ ܕܩܘܪܚ.,8,"Os filhos de Corá: Assir, Elcana e Abiasafe; estas são as famílias dos coraítas.",14,True,True,True
6,25,Êxodo 6:25,וְאֶלְעָזָ֨ר בֶּֽן־ אַהֲרֹ֜ן לָקַֽח־ ל֨וֹ מִבְּנ֤וֹת פּֽוּטִיאֵל֙ ל֣וֹ לְאִשָּׁ֔ה וַתֵּ֥לֶד ל֖וֹ אֶת־ פִּֽינְחָ֑ס אֵ֗לֶּה רָאשֵׁ֛י אֲב֥וֹת הַלְוִיִּ֖ם לְמִשְׁפְּחֹתָֽם ׃,ואלעזר בנ אהרנ לקח לו מבנות פוטיאל לו לאשה ותלד לו את פינחס אלה ראשי אבות הלוימ למשפחתמ,19,ואלעזר בר אהרן נסיב ליה מבנת פוטיאל ליה לאנתו וילידת ליה ית פינחס אלין רישי אבהת ליואי לזרעיתהון:,18,"καὶ Ἐλεαζὰρ ὁ τοῦ Ἀαρὼν ἔλαβεν τῶν θυγατέρων Φουτιὴλ αὐτῷ γυναῖκα, καὶ ἔτεκεν αὐτῷ τὸν Φινεές· αὗται αἱ ἀρχαὶ πατριᾶς Λευειτῶν κατὰ γενέσεις αὐτῶν.",24,ܘܐܠܝܥܙܪ ܒܪ ܐܗܪܘܢ. ܢܣ̣ܒ ܠܗ ܐܢܬܬܐ ܡܢ ܒܢ̈ܬܗ ܕܦܢܛܝܠ. ܘܝܠ̣ܕܬ ܠܗ ܠܦܝܢܚܣ. ܗܠܝܢ ܪ̈ܝܫܐ ܕܫܪ̈ܒܬܐ ܕܠܘ̈ܝܐ ܠܫܪ̈ܒܬܗܘܢ.,17,"Eleazar, filho de Arão, tomou por mulher uma das filhas de Putiel; e ela lhe deu Finéias; estes são os chefes das casa, paternas dos levitas, segundo as suas famílias.",30,True,True,True
6,26,Êxodo 6:26,ה֥וּא אַהֲרֹ֖ן וּמֹשֶׁ֑ה אֲשֶׁ֨ר אָמַ֤ר יְהוָה֙ לָהֶ֔ם הוֹצִ֜יאוּ אֶת־ בְּנֵ֧י יִשְׂרָאֵ֛ל מֵאֶ֥רֶץ מִצְרַ֖יִם עַל־ צִבְאֹתָֽם ׃,הוא אהרנ ומשה אשר אמר יהוה להמ הוציאו את בני ישראל מארצ מצרימ על צבאתמ,16,הוא אהרן ומשה די אמר יי להון אפיקו ית בני ישראל מארעא דמצרים על חיליהון:,15,"οὗτος Ἀαρὼν καὶ Μωυσῆς, οἷς εἶπεν αὐτοῖς ὁ θεὸς ἐξαγαγεῖν τοὺς υἱοὺς Ἰσραὴλ ἐκ γῆς Αἰγύπτου σὺν δυνάμει αὐτῶν.",19,ܗܢܘ ܡܘܫܐ ܘܐܗܪܘܢ ܕܐܡ̣ܪ ܠܗܘܢ ܡܪܝܐ̇ ܐܦܩܘ ܠܒܢ̈ܝ ܐܝܣܪܝܠ ܡܢ ܐܪܥܐ ܕܡܨܪܝܢ. ܟܘܠ ܚ̈ܝܠܘܬܗܘܢ.,14,"Estes são Arão e Moisés, aos quais o Senhor disse: Tirai os filhos de Israel da terra do Egito, segundo os seus exércitos.",23,True,True,True
6,27,Êxodo 6:27,הֵ֗ם הַֽמְדַבְּרִים֙ אֶל־ פַּרְעֹ֣ה מֶֽלֶךְ־ מִצְרַ֔יִם לְהוֹצִ֥יא אֶת־ בְּנֵֽי־ יִשְׂרָאֵ֖ל מִמִּצְרָ֑יִם ה֥וּא מֹשֶׁ֖ה וְאַהֲרֹֽן ׃,המ המדברימ אל פרעה מלכ מצרימ להוציא את בני ישראל ממצרימ הוא משה ואהרנ,15,אנון דמללין עם פרעה מלכא דמצרים לאפקא ית בני ישראל ממצרים הוא משה ואהרן:,14,"οὗτοί εἰσιν οἱ διαλεγόμενοι πρὸς Φαραὼ βασιλέα Αἰγύπτου· καὶ ἐξήγαγον τοὺς υἱοὺς Ἰσραὴλ ἐκ γῆς Αἰγύπτου, αὐτὸς Ἀαρὼν καὶ Μωυσῆς.",20,ܗܢܘܢ ܐܡܪܘ ܠܦܪܥܘܢ ܡ̇ܠܟܐ ܕܡܨܪܝ̇ܢ. ܠܡܦܩܘ ܠܒܢܝ̈ ܐܝܣܪܝܠ ܡܢ ܡܨܪܝܢ ܡܘܫܐ ܘܐܗܪܘܢ.,12,"Foram eles os que falaram a Faraó, rei do Egito, a fim de tirarem do Egito os filhos de Israel; este Moisés e este Arão.",25,True,True,True
6,28,Êxodo 6:28,וַיְהִ֗י בְּי֨וֹם דִּבֶּ֧ר יְהוָ֛ה אֶל־ מֹשֶׁ֖ה בְּאֶ֥רֶץ מִצְרָֽיִם ׃ פ,ויהי ביומ דבר יהוה אל משה בארצ מצרימ פ,10,והוה ביומא דמליל יי עם משה בארעא דמצרים:,8,ᾟ ἡμέρᾳ ἐλάλησεν Κύριος Μωυσῇ ἐν γῇ Αἰγύπτῳ,8,ܘܗܘ̣ܐ ܒܝܘܡܐ ܕܡܠܠ ܡܪܝܐ ܥܡ ܡܘܫܐ ܒܐܪܥܐ ܕܡܨܪܝ̣ܢ.,8,"No dia em que o Senhor falou a Moisés na terra do Egito,",13,True,True,True
6,29,Êxodo 6:29,וַיְדַבֵּ֧ר יְהוָ֛ה אֶל־ מֹשֶׁ֥ה לֵּאמֹ֖ר אֲנִ֣י יְהוָ֑ה דַּבֵּ֗ר אֶל־ פַּרְעֹה֙ מֶ֣לֶךְ מִצְרַ֔יִם אֵ֛ת כָּל־ אֲשֶׁ֥ר אֲנִ֖י דֹּבֵ֥ר אֵלֶֽיךָ ׃,וידבר יהוה אל משה לאמר אני יהוה דבר אל פרעה מלכ מצרימ את כל אשר אני דבר אליכ,19,ומליל יי עם משה למימר אנא יי מלל עם פרעה מלכא דמצרים ית כל די אנא ממלל עמך:,18,"καὶ ἐλάλησεν Κύριος πρὸς Μωυσῆν λέγων Ἐγὼ Κύριος· λάλησον πρὸς Φαραὼ βασιλέα Αἰγύπτου, καὶ ἐγὼ λέγω πρὸς σέ.",18,ܡܠܠ ܡܪܝܐ ܥܡ ܡܘܫܐ ܘܐܡ̣ܪ ܠܗ. ܐܢܐ ܐܢܐ ܡܪܝܐ. ܐܡ̣ܪ ܠܦܪܥܘܢ ܡ̇ܠܟܐ ܕܡܨܪܝܢ. ܟܠ ܡܕܡ ܕܐܡ̇ܪ ܐܢܐ ܠܟ.,18,"disse o Senhor a Moisés: Eu sou Jeová; dize a Faraó, rei do Egito, tudo quanto eu te digo.",19,True,True,True
6,30,Êxodo 6:30,וַיֹּ֥אמֶר מֹשֶׁ֖ה לִפְנֵ֣י יְהוָ֑ה הֵ֤ן אֲנִי֙ עֲרַ֣ל שְׂפָתַ֔יִם וְאֵ֕יךְ יִשְׁמַ֥ע אֵלַ֖י פַּרְעֹֽה ׃ פ,ויאמר משה לפני יהוה הנ אני ערל שפתימ ואיכ ישמע אלי פרעה פ,14,ואמר משה קדם יי הא אנא יקיר ממלל ואכדין יקבל מני פרעה:,12,"καὶ εἶπεν Μωυσῆς ἐναντίον Κυρίου Ἰδοὺ ἐγὼ ἰσχνόφωνός εἰμι, καὶ πῶς εἰσακούσεταί μου Φαραώ;",14,ܘܐܡ̣ܪ ܡܘܫܐ ܠܡܪܝܐ. ܕܝܠ̣ܝ ܠܥܓ ܠܫܢܝ. ܐ̇ܝܟܢܐ ܢܫܡ̣ܥܢܝ ܦܪܥܘܢ.,9,"Respondeu Moisés perante o Senhor: Eis que eu sou incircunciso de lábios; como, pois, me ouvirá Faraó;",17,True,True,True
7,1,Êxodo 7:1,וַיֹּ֤אמֶר יְהוָה֙ אֶל־ מֹשֶׁ֔ה רְאֵ֛ה נְתַתִּ֥יךָ אֱלֹהִ֖ים לְפַרְעֹ֑ה וְאַהֲרֹ֥ן אָחִ֖יךָ יִהְיֶ֥ה נְבִיאֶֽךָ ׃,ויאמר יהוה אל משה ראה נתתיכ אלהימ לפרעה ואהרנ אחיכ יהיה נביאכ,13,ואמר יי למשה חזי מניתך רב לפרעה ואהרן אחוך יהי מתרגמנך:,11,"καὶ εἶπεν Κύριος πρὸς Μωυσῆν λέγων Ἰδοὺ δέδωκά σε θεὸν Φαραώ, καὶ Ἀαρὼν ὁ ἀδελφός σου ἔσται σου προφήτης·",19,ܘܐܡ̣ܪ ܡܪܝܐ ܠܡܘܫܐ. ܚܙܝ ܕܝܗܒܬܟ ܐܠܗ ܠܦܪܥܘܢ. ܘܐܗܪܘܢ ܐܚܘܟ̣ ܢܗܘܐ ܢܒܝܟ.,11,"Então disse o Senhor a Moisés: Eis que te tenho posto como Deus a Faraó, e Arão, teu irmão, será o teu profeta.",23,True,True,True
7,2,Êxodo 7:2,אַתָּ֣ה תְדַבֵּ֔ר אֵ֖ת כָּל־ אֲשֶׁ֣ר אֲצַוֶּ֑ךָּ וְאַהֲרֹ֤ן אָחִ֨יךָ֙ יְדַבֵּ֣ר אֶל־ פַּרְעֹ֔ה וְשִׁלַּ֥ח אֶת־ בְּנֵֽי־ יִשְׂרָאֵ֖ל מֵאַרְצֽוֹ ׃,אתה תדבר את כל אשר אצוכ ואהרנ אחיכ ידבר אל פרעה ושלח את בני ישראל מארצו,17,את תמלל ית כל די אפקדנך ואהרן אחוך ימלל עם פרעה וישלח ית בני ישראל מארעיה:,16,"σὺ δὲ λαλήσεις αὐτῷ πάντα ὅσα σοι ἐντέλλομαι, ὁ δὲ Ἀαρὼν ὁ ἀδελφός σου λαλήσει πρὸς Φαραὼ ὥστε ἐξαποστεῖλαι τοὺς υἱοὺς Ἰσραὴλ ἐκ τῆς γῆς αὐτοῦ.",26,ܐܢܬ ܬܐܡܪ ܟܠܡܕܡ ܕܡܦܩ̇ܕ ܐܢܐ ܠܟ. ܘܐܗܪܘܢ ܐܚܘܟ ܢܐܡܪ ܠܦܪܥܘܢ. ܘܠܒܢ̈ܝ ܐܝܣܪܝܠ ܢܫܕܪ ܡܢ ܐܪܥܗ.,15,"Tu falarás tudo o que eu te mandar; e Arão, teu irmão, falará a Faraó, que deixe ir os filhos de Israel da sua terra.",25,True,True,True
7,3,Êxodo 7:3,וַאֲנִ֥י אַקְשֶׁ֖ה אֶת־ לֵ֣ב פַּרְעֹ֑ה וְהִרְבֵּיתִ֧י אֶת־ אֹתֹתַ֛י וְאֶת־ מוֹפְתַ֖י בְּאֶ֥רֶץ מִצְרָֽיִם ׃,ואני אקשה את לב פרעה והרביתי את אתתי ואת מופתי בארצ מצרימ,13,ואנא אקשי ית לבא דפרעה ואסגיתי ית אתותי וית מופתי בארעא דמצרים:,12,"ἐγὼ δὲ σκληρυνῶ τὴν καρδίαν Φαραώ, καὶ πληθυνῶ τὰ σημεῖά μου καὶ τὰ τέρατα ἐν γῇ Αἰγύπτῳ.",17,ܘܐܢܐ ܐܩ̇ܫܐ ܠܒܗ ܕܦܪܥܘܢ. ܘܐ̇ܣܓܐ ܐܬ̈ܘܬܝ ܘܬܕܡܪ̈ܬܝ ܒܐܪܥܐ ܕܡܨܪܝܢ.,9,"Eu, porém, endurecerei o coração de Faraó e multiplicarei na terra do Egito os meus sinais e as minhas maravilhas.",20,True,True,True
7,4,Êxodo 7:4,וְלֹֽא־ יִשְׁמַ֤ע אֲלֵכֶם֙ פַּרְעֹ֔ה וְנָתַתִּ֥י אֶת־ יָדִ֖י בְּמִצְרָ֑יִם וְהוֹצֵאתִ֨י אֶת־ צִבְאֹתַ֜י אֶת־ עַמִּ֤י בְנֵֽי־ יִשְׂרָאֵל֙ מֵאֶ֣רֶץ מִצְרַ֔יִם בִּשְׁפָטִ֖ים גְּדֹלִֽים ׃,ולא ישמע אלכמ פרעה ונתתי את ידי במצרימ והוצאתי את צבאתי את עמי בני ישראל מארצ מצרימ בשפטימ גדלימ,20,ולא יקבל מנכון פרעה ואתן ית מחת גברתי במצרים ואפיק ית חילי ית עמי בני ישראל מארעא דמצרים בדינין רברבין:,20,"καὶ οὐκ εἰσακούσεται ὑμῶν Φαραώ· καὶ ἐπιβαλῶ τὴν χεῖρά μου ἐπ᾽ Αἴγυπτον, καὶ ἐξάξω σὺν δυνάμει μου τὸν λαόν μου τοὺς υἱοὺς Ἰσραὴλ ἐκ γῆς Αἰγύπτου σὺν ἐκδικήσει μεγάλῃ·",29,ܘܠܐ ܢܫܡ̣ܥܟܘܢ ܦܪܥܘܢ . ܘܐܬܠ ܐܝܕܝ ܒܡܨܪܝ̣ܢ ܘܐܦܩ ܚܝ̈ܠܘܬܝ ܘܥܡܝ ܒܢ̈ܝ ܐܝܣܪܝܠ ܡܢ ܐܪܥܐ ܕܡܨܪܝ̣ܢ . ܒܕܝ̈ܢ̣ܐ̇ ܪ̈ܘܪܒܐ.,18,"Mas Faraó não vos ouvirá; e eu porei minha mão sobre o Egito, e tirarei os meus exércitos, o meu povo, os filhos de Israel, da terra do Egito, com grandes juízos.",32,True,True,True
7,5,Êxodo 7:5,וְיָדְע֤וּ מִצְרַ֨יִם֙ כִּֽי־ אֲנִ֣י יְהוָ֔ה בִּנְטֹתִ֥י אֶת־ יָדִ֖י עַל־ מִצְרָ֑יִם וְהוֹצֵאתִ֥י אֶת־ בְּנֵֽי־ יִשְׂרָאֵ֖ל מִתּוֹכָֽם ׃,וידעו מצרימ כי אני יהוה בנטתי את ידי על מצרימ והוצאתי את בני ישראל מתוכמ,16,וידעון מצרים ארי אנא יי כד ארים ית מחת גברתי על מצרים ואפיק ית בני ישראל מביניהון:,17,"καὶ γνώσονται πάντες οἱ Αἰγύπτιοι ὅτι ἐγώ εἰμι Κύριος, ἐκτείνων τὴν χεῖρα ἐπ᾽ Αἴγυπτον· καὶ ἐξάξω τοὺς υἱοὺς Ἰσραὴλ ἐκ μέσου αὐτῶν.",22,ܘܢܕܥܘܢ ܡܨܪ̈ܝܐ ܕܐܢܐ ܐܢܐ ܡܪܝܐ. ܡܐ ܕܐܪܝܡ̇ܬ ܐܝܕܝ ܥܠ ܡܨܪ̈ܝܐ̇. ܘܐܦܩ̇ܬ ܠܒܢ̈ܝ ܐܝܣܪܝܠ ܡܢ ܒܝܢܬܗܘܢ.,15,"E os egípcios saberão que eu sou o Senhor, quando estender a minha mão sobre o Egito, e tirar os filhos de Israel do meio deles.",26,True,True,True
7,6,Êxodo 7:6,וַיַּ֥עַשׂ מֹשֶׁ֖ה וְאַהֲרֹ֑ן כַּאֲשֶׁ֨ר צִוָּ֧ה יְהוָ֛ה אֹתָ֖ם כֵּ֥ן עָשֽׂוּ ׃,ויעש משה ואהרנ כאשר צוה יהוה אתמ כנ עשו,10,ועבד משה ואהרן כמא דפקיד יי יתהון כן עבדו:,9,"ἐποίησεν δὲ Μωυσῆς καὶ Ἀαρὼν καθάπερ ἐνετείλατο αὐτοῖς Κύριος, οὕτως ἐποίησαν.",11,ܘܥܒ̣ܕܘ ܡܘܫܐ ܘܐܗܪܘܢ ܐܝܟ ܕܦܩ̇ܕ ܐܢܘܢ ܡܪܝܐ ܗܟܢܐ ܥܒ̣ܕܘ.,9,"Assim fizeram Moisés e Arão; como o Senhor lhes ordenara, assim fizeram.",12,True,True,True
7,7,Êxodo 7:7,וּמֹשֶׁה֙ בֶּן־ שְׁמֹנִ֣ים שָׁנָ֔ה וְאַֽהֲרֹ֔ן בֶּן־ שָׁלֹ֥שׁ וּשְׁמֹנִ֖ים שָׁנָ֑ה בְּדַבְּרָ֖ם אֶל־ פַּרְעֹֽה ׃ פ,ומשה בנ שמנימ שנה ואהרנ בנ שלש ושמנימ שנה בדברמ אל פרעה פ,14,ומשה בר תמנן שנין ואהרן בר תמנן ותלת שנין במללותהון עם פרעה:,12,"Μωυσῆς δὲ ἦν ἐτῶν ὀγδοήκοντα, Ἀαρὼν δὲ ὁ ἀδελφὸς αὐτοῦ ἐτῶν ὀγδοήκοντα τριῶν, ἡνίκα ἐλάλησεν πρὸς Φαραώ.",17,ܘܡܘܫܐ ܒܪ ܬܡܢܐܝܢ ܗܘܐ ܫ̈ܢܝܢ. ܘܐܗܪܘܢ ܒܪ ܬܡܢܐܝܢ ܗܘܐ ܘܬܠܬ ܫ̈ܢܝܢ ܟܕ ܡܠܠܘ ܥܡ ܦܪܥܘܢ.,15,"Tinha Moisés oitenta anos, e Arão oitenta e três, quando falaram a Faraó.",13,True,True,True
7,8,Êxodo 7:8,וַיֹּ֣אמֶר יְהוָ֔ה אֶל־ מֹשֶׁ֥ה וְאֶֽל־ אַהֲרֹ֖ן לֵאמֹֽר ׃,ויאמר יהוה אל משה ואל אהרנ לאמר,8,ואמר יי למשה ולאהרן למימר:,5,Καὶ εἶπεν Κύριος πρὸς Μωυσῆν καὶ Ἀαρὼν λέγων,8,ܘܐܡ̣ܪ ܡܪܝܐ ܠܡܘܫܐ ܘܠܐܗܪܘܢ.,4,"Falou, pois, o Senhor a Moisés e Arão:",8,True,True,True
7,9,Êxodo 7:9,כִּי֩ יְדַבֵּ֨ר אֲלֵכֶ֤ם פַּרְעֹה֙ לֵאמֹ֔ר תְּנ֥וּ לָכֶ֖ם מוֹפֵ֑ת וְאָמַרְתָּ֣ אֶֽל־ אַהֲרֹ֗ן קַ֧ח אֶֽת־ מַטְּךָ֛ וְהַשְׁלֵ֥ךְ לִפְנֵֽי־ פַרְעֹ֖ה יְהִ֥י לְתַנִּֽין ׃,כי ידבר אלכמ פרעה לאמר תנו לכמ מופת ואמרת אל אהרנ קח את מטכ והשלכ לפני פרעה יהי לתנינ,20,ארי ימלל לותכון פרעה למימר הבו לכון אתא ותימר לאהרן סב ית חוטרך ורמי קדם פרעה יהי לתנינא:,18,"Καὶ ἐὰν λαλήσῃ πρὸς ὑμᾶς Φαραὼ λέγων Δότε ἡμῖν σημεῖον ἢ τέρας, καὶ ἐρεῖς Ἀαρὼν τῷ ἀδελφῷ σου Λάβε τὴν ῥάβδον καὶ ῥίψον ἐπὶ τὴν γῆν ἐναντίον Φαραὼ καὶ ἐναντίον τῶν θεραπόντων αὐτοῦ, καὶ ἔσται δράκων.",36,ܐܢ ܐܡ̇ܪ ܠܟܘܢ ܦܪܥܘܢ ܗܒܘ ܠܝ ܐܬ̇ܐ. ܐܡ̣ܪ ܠܐܗܪܘܢ ܣܒ ܚܘܛܪܟ ܘܐܪܡ̣ܐ ܩܕܡ ܦܪܥܘܢ ܘܢܗ̣ܘܐ ܬܢܝܢܐ.,16,"Quando Faraó vos disser: Apresentai da vossa parte algum milagre; dirás a Arão: Toma a tua vara, e lança-a diante de Faraó, para que se torne em serpente.",28,True,True,True
7,10,Êxodo 7:10,וַיָּבֹ֨א מֹשֶׁ֤ה וְאַהֲרֹן֙ אֶל־ פַּרְעֹ֔ה וַיַּ֣עַשׂוּ כֵ֔ן כַּאֲשֶׁ֖ר צִוָּ֣ה יְהוָ֑ה וַיַּשְׁלֵ֨ךְ אַהֲרֹ֜ן אֶת־ מַטֵּ֗הוּ לִפְנֵ֥י פַרְעֹ֛ה וְלִפְנֵ֥י עֲבָדָ֖יו וַיְהִ֥י לְתַנִּֽין ׃,ויבא משה ואהרנ אל פרעה ויעשו כנ כאשר צוה יהוה וישלכ אהרנ את מטהו לפני פרעה ולפני עבדיו ויהי לתנינ,21,ועל משה ואהרן לות פרעה ועבדו כן כמא דפקיד יי ורמא אהרן ית חוטריה קדם פרעה וקדם עבדוהי והוה לתנינא:,20,"εἰσῆλθεν δὲ Μωυσῆς καὶ Ἀαρὼν ἐναντίον Φαραὼ καὶ τῶν θεραπόντων αὐτοῦ, καὶ ἐποίησαν οὕτως καθάπερ ἐνετείλατο αὐτοῖς Κύριος· καὶ ἔριψεν Ἀαρὼν τὴν ῥάβδον ἐναντίον Φαραὼ καὶ ἐναντίον τῶν θεραπόντων αὐτοῦ, καὶ ἐγένετο δράκων.",33,ܘܐܬ̣ܘ ܡܘܫܐ ܘܐܗܪܘܢ ܠܘܬ ܦܪܥܘܢ. ܘܥܒ̣ܕܘ ܗܟܢܐ. ܐܝܟܢܐ ܕܦܩ̇ܕ ܐܢܘܢ ܡܪܝܐ. ܘܐܪܡܝ ܐܗܪܘܢ ܚܘܛܪܗ ܩܕܡ ܦܪܥܘܢ ܘܩܕܡ ܚܐܪ̈ܘܗܝ. ܘܗܘ̣ܐ ܬܢܝܢܐ.,20,"Então Moisés e Arão foram ter com Faraó, e fizeram assim como o Senhor ordenara. Arão lançou a sua vara diante de Faraó e diante dos seus servos, e ela se tornou em serpente.",34,True,True,True
7,11,Êxodo 7:11,וַיִּקְרָא֙ גַּם־ פַּרְעֹ֔ה לַֽחֲכָמִ֖ים וְלַֽמְכַשְּׁפִ֑ים וַיַּֽעֲשׂ֨וּ גַם־ הֵ֜ם חַרְטֻמֵּ֥י מִצְרַ֛יִם בְּלַהֲטֵיהֶ֖ם כֵּֽן ׃,ויקרא גמ פרעה לחכמימ ולמכשפימ ויעשו גמ המ חרטמי מצרימ בלהטיהמ כנ,13,וקרא אף פרעה לחכימיא ולחרשיא ועבדו אף אנון חרשי מצרים בלחשיהון כן:,12,"συνεκάλεσεν δὲ Φαραὼ τοὺς σοφιστὰς Αἰγύπτου καὶ τοὺς φαρμακούς· καὶ ἐποίησαν καὶ οἱ ἐπαοιδοὶ τῶν Αἰγυπτίων ταῖς φαρμακίαις αὐτῶν ὡσαύτως,",20,ܘܩ̣ܪܐ ܦܪܥܘܢ ܠܚܟܝ̈ܡܐ ܘܠܚ̇ܪ̈ܫܐ. ܘܥܒ̣ܕܘ ܐܦ ܗܢܘܢ ܚ̇ܪ̈ܫܐ ܕܡܨܪܝܢ ܒܚ̣ܪ̈ܫܝܗܘܢ ܗܟܢܐ.,11,"Faraó também mandou vir os sábios e encantadores; e eles, os magos do Egito, também fizeram o mesmo com os seus encantamentos.",22,True,True,True
7,12,Êxodo 7:12,וַיַּשְׁלִ֨יכוּ֙ אִ֣ישׁ מַטֵּ֔הוּ וַיִּהְי֖וּ לְתַנִּינִ֑ם וַיִּבְלַ֥ע מַטֵּֽה־ אַהֲרֹ֖ן אֶת־ מַטֹּתָֽם ׃,וישליכו איש מטהו ויהיו לתנינמ ויבלע מטה אהרנ את מטתמ,11,ורמו גבר חוטריה והוו לתניניא ובלע חטרא דאהרן ית חטריהון:,10,"καὶ ἔρριψαν ἕκαστος τὴν ῥάβδον αὐτῶν, καὶ ἐγένοντο δράκοντες· καὶ κατέπιεν ἡ ῥάβδος ἡ Ἀαρὼν τὰς ἐκείνων ῥάβδους.",18,ܘܐܪܡܝܘ ܓܒܪ ܚܘܛܪܗ ܩܕܡ ܦܪܥܘܢ ܘܗ̣ܘܘ ܬܢܝ̈ܢܐ. ܘܒܠܥ̣ ܚܘܛܪܐ ܕܐܗܪܘܢ ܠܚܘܛܪ̈ܝܗܘܢ.,11,"Pois cada um deles lançou a sua vara, e elas se tornaram em serpentes; mas a vara de Arão tragou as varas deles.",23,True,True,True
7,13,Êxodo 7:13,וַיֶּחֱזַק֙ לֵ֣ב פַּרְעֹ֔ה וְלֹ֥א שָׁמַ֖ע אֲלֵהֶ֑ם כַּאֲשֶׁ֖ר דִּבֶּ֥ר יְהוָֽה ׃ פ,ויחזק לב פרעה ולא שמע אלהמ כאשר דבר יהוה פ,11,ואתקף לבא דפרעה ולא קביל מנהון כמא דמליל יי:,9,"καὶ κατίσχυσεν ἡ καρδία Φαραώ, καὶ οὐκ εἰσήκουσεν αὐτῶν, καθάπερ ἐνετείλατο αὐτοῖς Κύριος.",13,ܘܐܬ̇ܥܫܢ ܠܒܗ ܕܦܪܥܘܢ. ܘܠܐ ܫܕܪ ܐܢܘܢ. ܐܝܟܢܐ ܕܐܡ̣ܪ ܡܪܝܐ.,9,"Endureceu-se, porém, o coração de Faraó, e ele não os ouviu, como o Senhor tinha dito.",16,True,True,True
7,14,Êxodo 7:14,וַיֹּ֤אמֶר יְהוָה֙ אֶל־ מֹשֶׁ֔ה כָּבֵ֖ד לֵ֣ב פַּרְעֹ֑ה מֵאֵ֖ן לְשַׁלַּ֥ח הָעָֽם ׃,ויאמר יהוה אל משה כבד לב פרעה מאנ לשלח העמ,11,ואמר יי למשה אתיקר לבא דפרעה סריב לשלחא עמא:,9,Εἶπεν δὲ Κύριος πρὸς Μωυσῆν Βεβάρηται ἡ καρδία Φαραὼ τοῦ μὴ ἐξαποστεῖλαι τὸν λαόν.,14,ܘܐܡ̣ܪ ܡܪܝܐ ܠܡܘܫܐ ܐܬ̇ܥܫܢ ܠܒܗ ܕܦܪܥܘܢ. ܘܠܐ ܨܒ̇ܐ ܠܡܫܕܪܘ ܠܥܡܐ.,10,Então disse o Senhor a Moisés: Obstinou-se o coração de Faraó; ele recusa deixar ir o povo.,17,True,True,True
7,15,Êxodo 7:15,לֵ֣ךְ אֶל־ פַּרְעֹ֞ה בַּבֹּ֗קֶר הִנֵּה֙ יֹצֵ֣א הַמַּ֔יְמָה וְנִצַּבְתָּ֥ לִקְרָאת֖וֹ עַל־ שְׂפַ֣ת הַיְאֹ֑ר וְהַמַּטֶּ֛ה אֲשֶׁר־ נֶהְפַּ֥ךְ לְנָחָ֖שׁ תִּקַּ֥ח בְּיָדֶֽךָ ׃,לכ אל פרעה בבקר הנה יצא המימה ונצבת לקראתו על שפת היאר והמטה אשר נהפכ לנחש תקח בידכ,19,אזיל לות פרעה בצפרא הא נפיק למיא ותתעתד לקדמותיה על כיף נהרא וחטרא דאתהפיך לחויא תסב בידך:,17,"βάδισον πρὸς Φαραὼ τὸ πρωί· ἰδοὺ αὐτὸς ἐκπορεύεται ἐπὶ τὸ ὕδωρ, καὶ ἔσῃ συναντῶν αὐτῷ ἐπὶ τὸ χεῖλος τοῦ ποταμοῦ· καὶ τὴν ῥάβδον τὴν στραφεῖσαν εἰς ὄφιν λήμψῃ ἐν τῇ χειρί σου,",32,ܙܠ ܠܘܬ ܦܪܥܘܢ ܒܨ̇ܦܪܐ ܗܐ ܢܦ̇ܩ̣ ܠܡ̈ܝܐ. ܩܘܡ ܠܩܘܒܠܗ̣ ܥܠ ܣܦܬܗ ܕܢܗܪܐ. ܘܚܘܛܪܐ ܕܗܘ̣ܐ ܚܘܝܐ ܣܒ̣ ܒܐܝܕܟ.,17,"Vai ter com Faraó pela manhã; eis que ele sairá às águas; pôr-te-ás à beira do rio para o encontrar, e tomarás na mão a vara que se tomou em serpente.",31,True,True,True
7,16,Êxodo 7:16,וְאָמַרְתָּ֣ אֵלָ֗יו יְהוָ֞ה אֱלֹהֵ֤י הָעִבְרִים֙ שְׁלָחַ֤נִי אֵלֶ֨יךָ֙ לֵאמֹ֔ר שַׁלַּח֙ אֶת־ עַמִּ֔י וְיַֽעַבְדֻ֖נִי בַּמִּדְבָּ֑ר וְהִנֵּ֥ה לֹא־ שָׁמַ֖עְתָּ עַד־ כֹּֽה ׃,ואמרת אליו יהוה אלהי העברימ שלחני אליכ לאמר שלח את עמי ויעבדני במדבר והנה לא שמעת עד כה,19,ותימר ליה יי אלהא דיהודאי שלחני לותך למימר שלח ית עמי ויפלחון קדמי במדברא והא לא קבילתא עד כען:,19,καὶ ἐρεῖς πρὸς αὐτὸν Κύριος ὁ θεὸς τῶν Ἐβραίων ἀπέσταλκέν με πρὸς σὲ λέγων Ἐξαπόστειλον τὸν λαόν μου ἵνα μοι λατρεύσῃ ἐν τῇ ἐρήμῳ· καὶ ἰδοὺ οὐκ εἰσήκουσας ἕως τούτου.,30,ܘܐܡ̣ܪ ܠܗ ܡܪܝܐ ܐܠܗܐ ܕܥܒܪ̈ܝܐ ܫܕܪܢܝ ܠܘܬܟ ܘܐܡ̣ܪ. ܫܕܪ ܠܥܡܝ̣ ܘܢ̇ܦܠ̣ܚܢܝ ܒܡܕܒܪܐ. ܘܗܐ ܥܕܡܐ ܠܗܫܐ ܠܐ ܫܡ̇ܥ ܐܢܬ.,18,"E lhe dirás: O Senhor, o Deus dos hebreus, enviou-me a ti para dizer-te: Deixa ir o meu povo, para que me sirva no deserto; porém eis que até agora não o tens ouvido.",34,True,True,True
7,17,Êxodo 7:17,כֹּ֚ה אָמַ֣ר יְהוָ֔ה בְּזֹ֣את תֵּדַ֔ע כִּ֖י אֲנִ֣י יְהוָ֑ה הִנֵּ֨ה אָנֹכִ֜י מַכֶּ֣ה ׀ בַּמַּטֶּ֣ה אֲשֶׁר־ בְּיָדִ֗י עַל־ הַמַּ֛יִם אֲשֶׁ֥ר בַּיְאֹ֖ר וְנֶהֶפְכ֥וּ לְדָֽם ׃,כה אמר יהוה בזאת תדע כי אני יהוה הנה אנכי מכה במטה אשר בידי על המימ אשר ביאר ונהפכו לדמ,22,כדנן אמר יי בדא תדע ארי אנא יי הא אנא מחי בחטרא די בידי על מיא די בנהרא ויתהפכון לדמא:,20,"τάδε λέγει Κύριος Ἐν τούτῳ γνώσῃ ὅτι ἐγὼ Κύριος· ἰδοὺ ἐγὼ τύπτω τῇ ῥάβδῳ τῇ ἐν τῇ χειρί μου ἐπὶ τὸ ὕδωρ τὸ ἐν τῷ ποταμῷ, καὶ μεταβαλεῖ εἰς αἷμα·",30,ܗܟܢܐ ܐܡ̇ܪ ܡܪܝܐ. ܒܗܕܐ ܬܕܥ ܕܐܢܐ ܐܢܐ ܡܪܝܐ. ܗܐ ܡ̇ܚܐ ܐܢܐ ܒܚܘܛܪܐ ܕܒܐܝܕܝ ܥܠ ܡ̈ܝܐ ܕܒܢܗܪܐ. ܘܢܬܗܦܟܘܢ ܘܢ̣ܗܘܘܢ ܕܡܐ.,19,"Assim diz o Senhor: Nisto saberás que eu sou o Senhor: Eis que eu, com esta vara que tenho na mão, ferirei as águas que estão no rio, e elas se tornarão em sangue.",34,True,True,True
7,18,Êxodo 7:18,וְהַדָּגָ֧ה אֲשֶׁר־ בַּיְאֹ֛ר תָּמ֖וּת וּבָאַ֣שׁ הַיְאֹ֑ר וְנִלְא֣וּ מִצְרַ֔יִם לִשְׁתּ֥וֹת מַ֖יִם מִן־ הַיְאֹֽר ׃ ס,והדגה אשר ביאר תמות ובאש היאר ונלאו מצרימ לשתות מימ מנ היאר ס,14,ונוני די בנהרא תמות וסרי נהרא וילאון מצראי למשתי מיא מן נהרא:,12,"καὶ οἱ ἰχθύες οἱ ἐν τῷ ποταμῷ τελευτήσουσιν, καὶ ἐποζέσει ὁ ποταμός, καὶ οὐ δυνήσονται οἱ Αἰγύπτιοι πιεῖν ὕδωρ ἀπὸ τοῦ ποταμοῦ.",22,ܘܢܘ̈ܢܐ ܕܒܢܗܪܐ̣ ܢܡ̣ܘܬܘܢ . ܘܢܣ̣ܪܐ ܢܗܪܐ ܘܢܬܛ̇ܪܦܘܢ ܡܨܪ̈ܝܐ ܠܡܫܬܐ ܡ̈ܝܐ ܡܢ ܢܗܪܐ.,12,"E os peixes que estão no rio morrerão, e o rio cheirará mal; e os egípcios terão nojo de beber da água do rio.",24,True,True,True
7,19,Êxodo 7:19,וַיֹּ֨אמֶר יְהוָ֜ה אֶל־ מֹשֶׁ֗ה אֱמֹ֣ר אֶֽל־ אַהֲרֹ֡ן קַ֣ח מַטְּךָ֣ וּנְטֵֽה־ יָדְךָ֩ עַל־ מֵימֵ֨י מִצְרַ֜יִם עַֽל־ נַהֲרֹתָ֣ם ׀ עַל־ יְאֹרֵיהֶ֣ם וְעַל־ אַגְמֵיהֶ֗ם וְעַ֛ל כָּל־ מִקְוֵ֥ה מֵימֵיהֶ֖ם וְיִֽהְיוּ־ דָ֑ם וְהָ֤יָה דָם֙ בְּכָל־ אֶ֣רֶץ מִצְרַ֔יִם וּבָעֵצִ֖ים וּבָאֲבָנִֽים ׃,ויאמר יהוה אל משה אמר אל אהרנ קח מטכ ונטה ידכ על מימי מצרימ על נהרתמ על יאריהמ ועל אגמיהמ ועל כל מקוה מימיהמ ויהיו דמ והיה דמ בכל ארצ מצרימ ובעצימ ובאבנימ,35,ואמר יי למשה אמר לאהרן טול חטרך וארים ידך על מיא דמצרים על נהריהון על ארתיהון ועל אגמיהון ועל כל בית כנישות מימיהון ויהון דמא ויהי דמא בכל ארעא דמצרים ובמני אעא ובמני אבנא:,34,"εἶπεν δὲ Κύριος πρὸς Μωυσῆν Εἰπὸν Ἀαρὼν τῷ ἀδελφῷ σου Λάβε τὴν ῥάβδον σου ἐν τῇ χειρί σου, καὶ ἔκτεινον τὴν χεῖρά σου ἐπὶ τὰ ὕδατα Αἰγύπτου καὶ ἐπὶ τοὺς ποταμοὺς αὐτῶν καὶ ἐπὶ τὰς διώρυγας αὐτῶν καὶ ἐπὶ τὰ ἕλη αὐτῶν καὶ ἐπὶ πᾶν συνεστηκὸς ὕδωρ αὐτῶν, καὶ ἔσται αἷμα· καὶ ἐγένετο αἷμα ἐν πάσῃ γῇ Αἰγύπτου, ἔν τε τοῖς ξύλοις καὶ ἐν τοῖς λίθοις.",66,ܘܐܡ̣ܪ ܡܪܝܐ ܠܡܘܫܐ. ܐܡ̣ܪ ܠܐܗܪܘܢ ܣܒ ܚܘܛ̣ܪܟ. ܘܐܪܝܡ ܐܝܕܟ ܥܠ ܡ̈ܝܐ ܕܡܨܪ̈ܝܐ. ܥܠ ܢܗܪ̈ܘܬܗܘܢ. ܘܥܠ ܩܒ̈ܝܬܗܘܢ. ܘܥܠ ܐܓܡ̣̈ܝܗܘܢ. ܘܥܠ ܪ̈ܡܐ ܕܡܝ̈ܝܗܘܢ. ܘ̇ܢܗܘܘܢ ܕܡܐ. ܘ̇ܢܗܘܐ ܕܡܐ ܒܟܠܗ̇ ܐܪܥܐ ܕܡܨܪܝܢ. ܒܩܝ̈ܣܐ ܘܒܟܐ̈ܦܐ.,30,"Disse mais o Senhor a Moisés: Dize a Arão: Toma a tua vara, e estende a mão sobre as águas do Egito, sobre as suas correntes, sobre os seus rios, e sobre as suas lagoas e sobre todas as suas águas empoçadas, para que se tornem em sangue; e haverá sangue por toda a terra do Egito, assim nos vasos de madeira como nos de pedra.",66,True,True,True
7,20,Êxodo 7:20,וַיַּֽעֲשׂוּ־ כֵן֩ מֹשֶׁ֨ה וְאַהֲרֹ֜ן כַּאֲשֶׁ֣ר ׀ צִוָּ֣ה יְהוָ֗ה וַיָּ֤רֶם בַּמַּטֶּה֙ וַיַּ֤ךְ אֶת־ הַמַּ֨יִם֙ אֲשֶׁ֣ר בַּיְאֹ֔ר לְעֵינֵ֣י פַרְעֹ֔ה וּלְעֵינֵ֖י עֲבָדָ֑יו וַיֵּהָֽפְכ֛וּ כָּל־ הַמַּ֥יִם אֲשֶׁר־ בַּיְאֹ֖ר לְדָֽם ׃,ויעשו כנ משה ואהרנ כאשר צוה יהוה וירמ במטה ויכ את המימ אשר ביאר לעיני פרעה ולעיני עבדיו ויהפכו כל המימ אשר ביאר לדמ,26,ועבדו כן משה ואהרן כמא דפקיד יי וארים בחטרא ומחא ית מיא די בנהרא לעיני פרעה ולעיני עבדוהי ואתהפיכו כל מיא די בנהרא לדמא:,24,"καὶ ἐποίησαν οὕτως Μωυσῆς καὶ Ἀαρὼν καθάπερ ἐνετείλατο αὐτοῖς Κύριος· καὶ ἐπάρας τῇ ῥάβδῳ αὐτοῦ ἐπάταξεν τὸ ὕδωρ τὸ ἐν τῷ ποταμῷ ἐναντίον Φαραὼ καὶ ἐναντίον τῶν θεραπόντων αὐτοῦ, καὶ μετέβαλεν πᾶν τὸ ὕδωρ τὸ ἐν τῷ ποταμῷ εἰς αἷμα.",40,ܘܥܒ̣ܕܘ ܗܟܢܐ ܡܘܫܐ ܘܐܗܪܘܢ. ܐܝܟܢܐ ܕܦܩ̇ܕ ܐܢܘܢ ܡܪܝܐ. ܘܐܪܝܡ ܐܗܪܘܢ ܚܘܛܪܗ . ܘܡܚ̣ܐ ܠܡ̈ܝܐ ܕܒܢܗܪܐ̇ . ܠܥܝܢ ܦܪܥܘܢ ܘܠܥܝܢ ܥܒ̣̈ܕܘܗܝ. ܘܗܘ̣ܘ ܠܗܘܢ ܟܠܗܘܢ ܡ̈ܝܐ ܕܒܢܗܪܐ ܕܡܐ.,26,"Fizeram Moisés e Arão como lhes ordenara o Senhor; Arão, levantando a vara, feriu as águas que estavam no rio, diante dos olhos de Faraó, e diante dos olhos de seus servos; e todas as águas do rio se tornaram em sangue.",42,True,True,True
7,21,Êxodo 7:21,וְהַדָּגָ֨ה אֲשֶׁר־ בַּיְאֹ֥ר מֵ֨תָה֙ וַיִּבְאַ֣שׁ הַיְאֹ֔ר וְלֹא־ יָכְל֣וּ מִצְרַ֔יִם לִשְׁתּ֥וֹת מַ֖יִם מִן־ הַיְאֹ֑ר וַיְהִ֥י הַדָּ֖ם בְּכָל־ אֶ֥רֶץ מִצְרָֽיִם ׃,והדגה אשר ביאר מתה ויבאש היאר ולא יכלו מצרימ לשתות מימ מנ היאר ויהי הדמ בכל ארצ מצרימ,19,ונוני די בנהרא מיתו וסרי נהרא ולא יכילו מצראי למשתי מיא מן נהרא והוה דמא בכל ארעא דמצרים:,18,"καὶ οἱ ἰχθύες οἱ ἐν τῷ ποταμῷ ἐτελεύτησαν, καὶ ἐπώζεσεν ὁ ποταμός, καὶ οὐκ ἠδύναντο οἱ Αἰγύπτιοι πιεῖν ὕδωρ ἐκ τοῦ ποταμοῦ, καὶ ἦν τὸ αἷμα ἐν πάσῃ γῇ Αἰγύπτου.",30,ܘܢܘܢ̈ܐ ܕܒܢܗܪܐ ܡܝ̣ܬܘ ܘܣܪ̣ܝ ܢܗܪܐ. ܘܠܐ ܐܫܟܚܘ ܡܨܪ̈ܝܐ ܠܡܫܬܐ ܡ̈ܝܐ ܡܢ ܢܗܪܐ. ܘܗܘ̣ܐ ܕܡܐ ܒܟܠܗ̇ ܐܪܥܐ ܕܡܨܪܝܢ.,17,"De modo que os peixes que estavam no rio morreram, e o rio cheirou mal, e os egípcios não podiam beber da água do rio; e houve sangue por toda a terra do Egito.",34,True,True,True
7,22,Êxodo 7:22,וַיַּֽעֲשׂוּ־ כֵ֛ן חַרְטֻמֵּ֥י מִצְרַ֖יִם בְּלָטֵיהֶ֑ם וַיֶּחֱזַ֤ק לֵב־ פַּרְעֹה֙ וְלֹא־ שָׁמַ֣ע אֲלֵהֶ֔ם כַּאֲשֶׁ֖ר דִּבֶּ֥ר יְהוָֽה ׃,ויעשו כנ חרטמי מצרימ בלטיהמ ויחזק לב פרעה ולא שמע אלהמ כאשר דבר יהוה,15,ועבדו כן חרשי מצרים בלחשיהון ואתקף לבא דפרעה ולא קביל מנהון כמא דמליל יי:,14,"ἐποίησαν δὲ ὡσαύτως καὶ οἱ ἐπαοιδοὶ τῶν Αἰγυπτίων ταῖς φαρμακίαις αὐτῶν· καὶ ἐσκλήρυνεν ἡ καρδία Φαραώ, καὶ οὐκ εἰσήκουσεν αὐτῶν, καθάπερ εἶπεν Κύριος.",23,ܘܥܒ̣ܕܘ ܗܟܢܐ ܚ̇ܪ̈ܫܐ ܕܡܨܪܝܢ ܒܚ̣ܪ̈ܫܝܗܘܢ. ܘܐܬ̇ܥܒܝ ܠܒܗ ܕܦܪܥܘܢ ܘܠܐ ܫܡܥ̣ ܐܢܘܢ. ܐܝܟܢܐ ܕܐܡ̣ܪ ܡܪܝܐ.,14,"Mas o mesmo fizeram também os magos do Egito com os seus encantamentos; de maneira que o coração de Faraó se endureceu, e não os ouviu, como o Senhor tinha dito.",31,True,True,True
7,23,Êxodo 7:23,וַיִּ֣פֶן פַּרְעֹ֔ה וַיָּבֹ֖א אֶל־ בֵּית֑וֹ וְלֹא־ שָׁ֥ת לִבּ֖וֹ גַּם־ לָזֹֽאת ׃,ויפנ פרעה ויבא אל ביתו ולא שת לבו גמ לזאת,11,ואתפני פרעה ועל לביתיה ולא שוי לביה אף לדא:,9,"ἐπιστραφεὶς δὲ Φαραὼ εἰσῆλθεν εἰς τὸν οἶκον αὐτοῦ, καὶ οὐκ ἐπέστησεν τὸν νοῦν αὐτοῦ οὐδὲ ἐπὶ τούτῳ.",17,ܘܗ̣ܦܟ ܦܪܥܘܢ ܘܥܠ ܠܒܝܬܗ. ܘܗܕܐ ܠܐ ܐܝܬܝ ܥܠ ܒܠܗ.,9,"Virou-se Faraó e entrou em sua casa, e nem ainda a isto tomou a sério.",15,True,True,True
7,24,Êxodo 7:24,וַיַּחְפְּר֧וּ כָל־ מִצְרַ֛יִם סְבִיבֹ֥ת הַיְאֹ֖ר מַ֣יִם לִשְׁתּ֑וֹת כִּ֣י לֹ֤א יָֽכְלוּ֙ לִשְׁתֹּ֔ת מִמֵּימֵ֖י הַיְאֹֽר ׃,ויחפרו כל מצרימ סביבת היאר מימ לשתות כי לא יכלו לשתת ממימי היאר,14,וחפרו כל מצראי סחרנות נהרא מיא למשתי ארי לא יכילו למשתי ממיא דנהרא:,13,"ὤρυξαν δὲ πάντες οἱ Αἰγύπτιοι κύκλῳ τοῦ ποταμοῦ ὥστε πιεῖν ὕδωρ ἀπὸ τοῦ ποταμοῦ, καὶ οὐκ ἠδύναντο πιεῖν ὕδωρ ἀπὸ τοῦ ποταμοῦ.",22,ܘܚܦܪܘ ܟܠܗܘܢ ܡܨܪ̈ܝܐ ܚܕܪ̈ܘܗܝ ܕܢܗܪܐ ܡ̈ܝܐ ܠܡܫܬܐ. ܡܛܠ ܕܠܐ ܡܫܟܚܝܢ ܗܘܘ ܠܡܫܬܐ ܡܢ ܡ̈ܝܐ ܕܢܗܪܐ.,15,"Todos os egípcios, pois, cavaram junto ao rio, para achar água que beber; porquanto não podiam beber da água do rio.",21,True,True,True
7,25,Êxodo 7:25,וַיִּמָּלֵ֖א שִׁבְעַ֣ת יָמִ֑ים אַחֲרֵ֥י הַכּוֹת־ יְהוָ֖ה אֶת־ הַיְאֹֽר ׃ פ,וימלא שבעת ימימ אחרי הכות יהוה את היאר פ,10,ואשלם שבעת יומין בתר דמחא יי ית נהרא:,8,καὶ ἀνεπληρώθησαν ἑπτὰ ἡμέραι μετὰ τὸ πατάξαι Κύριον τὸν ποταμόν.,10,ܘܫ̣ܠܡܘ ܫܒܥܐ ܝܘܡ̈ܝܢ ܡܢ ܒܬܪ ܕܡܚ̣ܐ ܡܪܝܐ ܠܢܗܪܐ.,8,"Assim se passaram sete dias, depois que o Senhor ferira o rio.",12,True,True,True
7,26,Êxodo 7:26,וַיֹּ֤אמֶר יְהוָה֙ אֶל־ מֹשֶׁ֔ה בֹּ֖א אֶל־ פַּרְעֹ֑ה וְאָמַרְתָּ֣ אֵלָ֗יו כֹּ֚ה אָמַ֣ר יְהוָ֔ה שַׁלַּ֥ח אֶת־ עַמִּ֖י וְיַֽעַבְדֻֽנִי ׃,ויאמר יהוה אל משה בא אל פרעה ואמרת אליו כה אמר יהוה שלח את עמי ויעבדני,17,ואמר יי למשה עול לות פרעה ותימר ליה כדנן אמר יי שלח ית עמי ויפלחון קדמי:,16,,0,ܘܐܡ̣ܪ ܡܪܝܐ ܠܡܘܫܐ. ܙܠ ܠܘܬ ܦܪܥܘܢ ܘܐܡ̣ܪ ܠܗ. ܗܟܢܐ ܐܡ̇ܪ ܡܪܝܐ. ܫܕܪ ܠܥܡܝ ܘ̇ܢܦܠܚ̣ܢܝ.,14,,0,True,False,True
7,27,Êxodo 7:27,וְאִם־ מָאֵ֥ן אַתָּ֖ה לְשַׁלֵּ֑חַ הִנֵּ֣ה אָנֹכִ֗י נֹגֵ֛ף אֶת־ כָּל־ גְּבוּלְךָ֖ בַּֽצְפַרְדְּעִֽים ׃,ואמ מאנ אתה לשלח הנה אנכי נגפ את כל גבולכ בצפרדעימ,12,ואם סריב את לשלחא הא אנא מחי ית כל תחומך בערדעניא:,11,,0,ܘܐܠܐ ܨ̇ܒܐ ܐܢܬ ܠܡܫܕܪܘ. ܗܐ ܡ̇ܚܐ ܐܢܐ ܠܟܠܗ ܬܚܘܡܟ̣ ܒܐܘܪ̈ܕܥܐ.,10,,0,True,False,True
7,28,Êxodo 7:28,וְשָׁרַ֣ץ הַיְאֹר֮ צְפַרְדְּעִים֒ וְעָלוּ֙ וּבָ֣אוּ בְּבֵיתֶ֔ךָ וּבַחֲדַ֥ר מִשְׁכָּבְךָ֖ וְעַל־ מִטָּתֶ֑ךָ וּבְבֵ֤ית עֲבָדֶ֨יךָ֙ וּבְעַמֶּ֔ךָ וּבְתַנּוּרֶ֖יךָ וּבְמִשְׁאֲרוֹתֶֽיךָ ׃,ושרצ היאר צפרדעימ ועלו ובאו בביתכ ובחדר משכבכ ועל מטתכ ובבית עבדיכ ובעמכ ובתנוריכ ובמשארותיכ,16,וירבי נהרא ערדעניא ויסקון ויעלון בביתך ובאדרון בית משכבך ועל ערסך ובבית עבדיך ובעמך ובתנורך ובאצותך:,16,,0,ܘܢ̇ܪܚܫ ܢܗܪܐ ܐܘܪ̈ܕܥܐ. ܘܢܣ̈ܩܢ̇ ܘܢܥ̈ܠܢ ܠܒܝܬܟ̣ ܘܠܩܝܛܘܢܟ. ܘܠܒܝܬ ܡܫܟܒܟ̇ ܘܠܥܪ̈ܣܬܟ. ܘܒܒܝܬ ܥܒ̣̈ܕܝܟ̇ ܘܒܥܡܟ. ܘܒܬ̈ܐܘܢܝܟ ܘܒܐ̈ܨܘܬܟ.,15,,0,True,False,True
7,29,Êxodo 7:29,וּבְכָ֥ה וּֽבְעַמְּךָ֖ וּבְכָל־ עֲבָדֶ֑יךָ יַעֲל֖וּ הַֽצְפַרְדְּעִֽים ׃,ובכה ובעמכ ובכל עבדיכ יעלו הצפרדעימ,7,ובך ובעמך ובכל עבדיך יסקון ערדעניא:,6,,0,ܘܒܟ̣ ܘܒܟܠܗ ܥܡܟ̣ ܢܣܩ̣̈ܢ ܐܘܪ̈ܕܥܐ.,5,,0,True,False,True
8,1,Êxodo 8:1,וַיֹּ֣אמֶר יְהוָה֮ אֶל־ מֹשֶׁה֒ אֱמֹ֣ר אֶֽל־ אַהֲרֹ֗ן נְטֵ֤ה אֶת־ יָדְךָ֙ בְּמַטֶּ֔ךָ עַל־ הַ֨נְּהָרֹ֔ת עַל־ הַיְאֹרִ֖ים וְעַל־ הָאֲגַמִּ֑ים וְהַ֥עַל אֶת־ הַֽצְפַרְדְּעִ֖ים עַל־ אֶ֥רֶץ מִצְרָֽיִם ׃,ויאמר יהוה אל משה אמר אל אהרנ נטה את ידכ במטכ על הנהרת על היארימ ועל האגמימ והעל את הצפרדעימ על ארצ מצרימ,24,ואמר יי למשה אמר לאהרן ארים ית ידך בחטרך על נהריא על ארתיא ועל אגמיא ואסיק ית ערדעניא על ארעא דמצרים:,21,Εἶπεν δὲ Κύριος πρὸς Μωυσῆν Εἴσελθε πρὸς Φαραὼ καὶ ἐρεῖς πρὸς αὐτόν Τάδε λέγει Κύριος Ἐξαπόστειλον τὸν λαόν μου ἵνα μοι λατρεύσωσιν·,22,ܘܐܡ̣ܪ ܡܪܝܐ ܠܡܘܫܐ. ܐܡ̣ܪ ܠܐܗܪܘܢ ܐܚܘܟ . ܐܪܝܡ ܐܝܕܟ ܒܚܘܛܪܟ̣. ܥܠ ܢܗܪ̈ܘܬܐ̇ ܘܥܠ ܪ̈ܡܐ. ܘܥܠ ܐܓ̣ܡ̈ܐ. ܘܐܣܩ ܐܘܪ̈ܕܥܐ ܥܠ ܐܪܥܐ ܕܡܨܪܝܢ.,21,"Então disse o Senhor a Moisés: Vai a Faraó, e dize-lhe: Assim diz o Senhor: Deixa ir o meu povo, para que me sirva.",24,True,True,True
8,2,Êxodo 8:2,וַיֵּ֤ט אַהֲרֹן֙ אֶת־ יָד֔וֹ עַ֖ל מֵימֵ֣י מִצְרָ֑יִם וַתַּ֨עַל֙ הַצְּפַרְדֵּ֔עַ וַתְּכַ֖ס אֶת־ אֶ֥רֶץ מִצְרָֽיִם ׃,ויט אהרנ את ידו על מימי מצרימ ותעל הצפרדע ותכס את ארצ מצרימ,14,וארים אהרן ית ידיה על מיא דמצראי וסליקת ערדעניא וחפת ית ארעא דמצרים:,13,"εἰ δὲ μὴ βούλει σὺ ἐξαποστεῖλαι, ἰδοὺ ἐγὼ τύπτω πάντα τὰ ὅριά σου τοῖς βατράχοις.",15,ܘܐܪܝܡ ܐܗܪܘܢ ܐܝܕܗ ܥܠ ܡ̈ܝܐ ܕܡܨܪ̈ܝܐ. ܘܣܠ̣ܩ ܐܘܪ̈ܕܥܐ ܘܟܣܝܗ̇ ܠܐܪܥܐ ܕܡܨܪܝܢ.,11,"Mas se recusares deixá-lo ir, eis que ferirei com rãs todos os teus termos.",14,True,True,True
8,3,Êxodo 8:3,וַיַּֽעֲשׂוּ־ כֵ֥ן הַֽחֲרְטֻמִּ֖ים בְּלָטֵיהֶ֑ם וַיַּעֲל֥וּ אֶת־ הַֽצְפַרְדְּעִ֖ים עַל־ אֶ֥רֶץ מִצְרָֽיִם ׃,ויעשו כנ החרטמימ בלטיהמ ויעלו את הצפרדעימ על ארצ מצרימ,11,ועבדו כן חרשיא בלחשיהון ואסיקו ית ערדעניא על ארעא דמצרים:,10,"καὶ ἐξερεύξεται ὁ ποταμὸς βατράχους· καὶ ἀναβάντες εἰσελεύσονται εἰς τοὺς οἴκους σου καὶ εἰς τὰ ταμεῖα τῶν κοιτώνων σου καὶ ἐπὶ τῶν κλινῶν σου, καὶ ἐπὶ τοὺς οἴκους τῶν θεραπόντων σου καὶ τοῦ λαοῦ σου, καὶ ἐν τοῖς φυράμασίν σου καὶ ἐν τοῖς κλιβάνοις σου·",45,ܘܥܒ̣ܕܘ ܗܟܢܐ ܐܦ ܚ̇ܪ̈ܫܐ ܒܚܪ̈ܫܝܗܘܢ. ܘܐܣܩܘ ܐܘܪ̈ܕܥܐ ܥܠ ܐܪܥܐ ܕܡܨܪܝܢ.,10,"O rio produzirá rãs em abundância, que subirão e virão à tua casa, e ao teu dormitório, e sobre a tua cama, e às casas dos teus servos, e sobre o teu povo, e aos teus fornos, e às tuas amassadeiras.",41,True,True,True
8,4,Êxodo 8:4,וַיִּקְרָ֨א פַרְעֹ֜ה לְמֹשֶׁ֣ה וּֽלְאַהֲרֹ֗ן וַיֹּ֨אמֶר֙ הַעְתִּ֣ירוּ אֶל־ יְהוָ֔ה וְיָסֵר֙ הַֽצְפַרְדְּעִ֔ים מִמֶּ֖נִּי וּמֵֽעַמִּ֑י וַאֲשַׁלְּחָה֙ אֶת־ הָעָ֔ם וְיִזְבְּח֖וּ לַיהוָֽה ׃,ויקרא פרעה למשה ולאהרנ ויאמר העתירו אל יהוה ויסר הצפרדעימ ממני ומעמי ואשלחה את העמ ויזבחו ליהוה,18,וקרא פרעה למשה ולאהרן ואמר צלו קדם יי ויעדי ערדעניא מני ומעמי ואשלח ית עמא וידבחון קדם יי:,18,καὶ ἐπὶ σὲ καὶ ἐπὶ τοὺς θεράποντάς σου καὶ ἐπὶ τὸν λαόν σου ἀναβήσονται οἱ βάτραχοι.,16,ܘܩ̣ܪܐ ܦܪܥܘܢ ܠܡܘܫܐ ܘܠܐܗܪܘܢ ܘܐܡ̣ܪ ܠܗܘܢ. ܨ̇ܠܘ ܩܕܡ ܡܪܝܐ. ܘܢ̇ܦ̣ܪܩ ܐܘܪ̈ܕܥܐ̇ ܡܢܝ̣ ܘܡܢ ܥܡܝ. ܘܐܫܕܪ ܠܥܡܐ ܘܢܕܒ̇ܚܘܢ ܠܡܪܝܐ .,19,"Sim, as rãs subirão sobre ti, e sobre o teu povo, e sobre todos os teus servos.",17,True,True,True
8,5,Êxodo 8:5,וַיֹּ֣אמֶר מֹשֶׁ֣ה לְפַרְעֹה֮ הִתְפָּאֵ֣ר עָלַי֒ לְמָתַ֣י ׀ אַעְתִּ֣יר לְךָ֗ וְלַעֲבָדֶ֨יךָ֙ וּֽלְעַמְּךָ֔ לְהַכְרִית֙ הַֽצֲפַרְדְּעִ֔ים מִמְּךָ֖ וּמִבָּתֶּ֑יךָ רַ֥ק בַּיְאֹ֖ר תִּשָּׁאַֽרְנָה ׃,ויאמר משה לפרעה התפאר עלי למתי אעתיר לכ ולעבדיכ ולעמכ להכרית הצפרדעימ ממכ ומבתיכ רק ביאר תשארנה,19,ואמר משה לפרעה שאל לך גבורא הב לי זמן לאמתי אצלי עלך ועל עבדיך ועל עמך לשיצאה ערדעניא מנך ומבתיך לחוד בנהרא תשתארן:,23,"εἶπεν δὲ Κύριος πρὸς Μωυσῆν Εἰπὸν Ἀαρὼν τῷ ἀδελφῷ σου Ἔκτεινον τῇ χειρὶ τὴν ῥάβδον σου ἐπὶ τοὺς ποταμοὺς καὶ ἐπὶ τὰς διώρυγας καὶ ἐπὶ τὰ ἕλη, καὶ ἀνάγαγε τοὺς βατράχους.",31,ܘܐܡ̣ܪ ܡܘܫܐ ܠܦܪܥܘܢ. ܫܐ̣ܠ ܠܟ ܙܒܢܐ ܠܐܡܬܝ ܐܨ̇ܠܐ ܥܠܝܟ̇. ܘܥܠ ܥܒ̣̈ܕܝܟ ܘܥܠ ܥܡܟ. ܘܢ̇ܦ̣ܪܩ ܐܘܪ̈ܕܥܐ ܡܢܟ̣. ܘܡܢ ܒܝܬܟ .,19,"Disse mais o Senhor a Moisés: Dize a Arão: Estende a tua mão com a vara sobre as correntes, e sobre os rios, e sobre as lagoas, e faze subir rãs sobre a terra do Egito.",36,True,True,True
8,6,Êxodo 8:6,וַיֹּ֖אמֶר לְמָחָ֑ר וַיֹּ֨אמֶר֙ כִּדְבָ֣רְךָ֔ לְמַ֣עַן תֵּדַ֔ע כִּי־ אֵ֖ין כַּיהוָ֥ה אֱלֹהֵֽינוּ ׃,ויאמר למחר ויאמר כדברכ למענ תדע כי אינ כיהוה אלהינו,11,ואמר למחר ואמר כפתגמך בדיל דתדע ארי לית כיי אלהנא:,10,"καὶ ἐξέτεινεν Ἀαρὼν τὴν χεῖρα ἐπὶ τὰ ὕδατα Αἰγύπτου, καὶ ἀνήγαγεν τοὺς βατράχους· καὶ ἀνεβιβάσθη ὁ βάτραχος, καὶ ἐκάλυψεν τὴν γῆν Αἰγύπτου.",22,ܘܐܡ̣ܪ ܠܗ̣ ܡܚܪ . ܘܐܡ̣ܪ ܠܗ̣ ܐܝܟ ܡܠܬܟ. ܡܛܘܠ ܕܬܕܥ ܕܠܝܬ ܐܝܟ ܡܪܝܐ ܐܠܗܢ.,14,"Arão, pois, estendeu a mão sobre as águas do Egito, e subiram rãs, que cobriram a terra do Egito.",19,True,True,True
8,7,Êxodo 8:7,וְסָר֣וּ הַֽצְפַרְדְּעִ֗ים מִמְּךָ֙ וּמִבָּ֣תֶּ֔יךָ וּמֵעֲבָדֶ֖יךָ וּמֵעַמֶּ֑ךָ רַ֥ק בַּיְאֹ֖ר תִּשָּׁאַֽרְנָה ׃,וסרו הצפרדעימ ממכ ומבתיכ ומעבדיכ ומעמכ רק ביאר תשארנה,10,ויעדון ערדעניא מנך ומבתיך ומעבדיך ומעמך לחוד בנהרא ישתארן:,9,"ἐποίησαν δὲ ὡσαύτως καὶ οἱ ἐπαοιδοὶ τῶν Αἰγυπτίων ταῖς φαρμακίαις αὐτῶν, καὶ ἀνήγαγον τοὺς βατράχους ἐπὶ γῆν Αἰγύπτου.",18,ܘܢܦ̣ܪ̈ܩܢ ܐܘܪ̈ܕܥܐ̇ ܡܢܟ̣ ܘܡܢ ܒܝܬܟ. ܘܡܢ ܥܒ̣̈ܕܝܟ ܘܡܢ ܥܡܟ. ܒܠܚܘ̣ܕ ܕܒܢܗܪܐ ܢܫܬܚܪ̈ܢ.,12,"Então os magos fizeram o mesmo com os seus encantamentos, e fizeram subir rãs sobre a terra do Egito.",19,True,True,True
8,8,Êxodo 8:8,וַיֵּצֵ֥א מֹשֶׁ֛ה וְאַהֲרֹ֖ן מֵעִ֣ם פַּרְעֹ֑ה וַיִּצְעַ֤ק מֹשֶׁה֙ אֶל־ יְהוָ֔ה עַל־ דְּבַ֥ר הַֽצְפַרְדְּעִ֖ים אֲשֶׁר־ שָׂ֥ם לְפַרְעֹֽה ׃,ויצא משה ואהרנ מעמ פרעה ויצעק משה אל יהוה על דבר הצפרדעימ אשר שמ לפרעה,16,ונפק משה ואהרן מלות פרעה וצלי משה קדם יי על עסק ערדעניא די שוי לפרעה:,15,"καὶ ἐκάλεσεν Φαραὼ Μωυσῆν καὶ Ἀαρὼν καὶ εἶπεν Εὔξασθε περὶ ἐμοῦ πρὸς Κύριον, καὶ περιελέτω τοὺς βατράχους ἀπ᾽ ἐμοῦ καὶ ἀπὸ τοῦ ἐμοῦ λαοῦ, καὶ ἐξαποστελῶ αὐτοὺς καὶ θύσωσιν τῷ κυρίῳ.",31,ܘܢܦ̣ܩ ܡܘܫܐ ܘܐܗܪܘܢ ܡܢ ܠܘܬ ܦܪܥܘܢ. ܘܨ̇ܠܝ ܡܘܫܐ ܩܕܡ ܡܪܝܐ. ܡܛܠ ܐܘܪ̈ܕܥܐ ܕܐܝܬܝ ܥܠ ܦܪܥܘܢ.,15,"Chamou, pois, Faraó a Moisés e a Arão, e disse: Rogai ao Senhor que tire as rãs de mim e do meu povo; depois deixarei ir o povo, para que ofereça sacrifícios ao Senhor.",34,True,True,True
8,9,Êxodo 8:9,וַיַּ֥עַשׂ יְהוָ֖ה כִּדְבַ֣ר מֹשֶׁ֑ה וַיָּמֻ֨תוּ֙ הַֽצְפַרְדְּעִ֔ים מִן־ הַבָּתִּ֥ים מִן־ הַחֲצֵרֹ֖ת וּמִן־ הַשָּׂדֹֽת ׃,ויעש יהוה כדבר משה וימתו הצפרדעימ מנ הבתימ מנ החצרת ומנ השדת,13,ועבד יי כפתגמא דמשה ומיתו ערדעניא מן בתיא מן דרתא ומן חקלתא:,12,"εἶπεν δὲ Μωυσῆς πρὸς Φαραώ Τάξαι πρὸς μὲ πότε εὔξωμαι περὶ σοῦ καὶ περὶ τῶν θεραπόντων σου καὶ περὶ τοῦ λαοῦ σου, ἀφανίσαι τοὺς βατράχους ἀπὸ σοῦ καὶ ἀπὸ τοῦ λαοῦ σου καὶ ἐκ τῶν οἰκιῶν ὑμῶν· πλὴν ἐν τῷ ποταμῷ ὑπολειφθήσονται.",42,ܘܥܒ̣ܕ ܡܪܝܐ ܐܝܟ ܡܠܬܗ ܕܡܘܫܐ. ܘܡܝ̣ܬ ܐܘܪ̈ܕܥܐ̇ ܡܢ ܒܬ̈ܐ ܘܡܢ ܕܪ̈ܐ ܘܡܢ ܚܩ̈ܠܬܐ.,13,"Respondeu Moisés a Faraó: Digna-te dizer-me quando é que hei de rogar por ti, e pelos teus servos, e por teu povo, para tirar as rãs de ti, e das tuas casas, de sorte que fiquem somente no rio?.",39,True,True,True
8,10,Êxodo 8:10,וַיִּצְבְּר֥וּ אֹתָ֖ם חֳמָרִ֣ם חֳמָרִ֑ם וַתִּבְאַ֖שׁ הָאָֽרֶץ ׃,ויצברו אתמ חמרמ חמרמ ותבאש הארצ,7,וכנשו יתהון דגורין דגורין וסריאו על ארעא:,7,ὁ δὲ εἶπεν Εἰς αὔριον. εἶπεν οὖν Ὡς εἴρηκας· ἵνα ἴδῃς ὅτι οὐκ ἔστιν ἄλλος πλὴν Κυρίου·,17,ܘܟ̇ܢܫܘ ܐܢܝ̣̈ܢ ܟܪ̈ܘܢ ܟܪ̈ܘܢ ܘܣ̣ܪܝܬ̣ ܐܪܥܐ.,6,"Disse Faraó: Amanhã. E Moisés disse: Seja conforme a tua palavra, para que saibas que ninguém há como o Senhor nosso Deus.",22,True,True,True
8,11,Êxodo 8:11,וַיַּ֣רְא פַּרְעֹ֗ה כִּ֤י הָֽיְתָה֙ הָֽרְוָחָ֔ה וְהַכְבֵּד֙ אֶת־ לִבּ֔וֹ וְלֹ֥א שָׁמַ֖ע אֲלֵהֶ֑ם כַּאֲשֶׁ֖ר דִּבֶּ֥ר יְהוָֽה ׃ ס,וירא פרעה כי היתה הרוחה והכבד את לבו ולא שמע אלהמ כאשר דבר יהוה ס,16,וחזא פרעה ארי הות רוחתא ויתיקר ית לביה ולא קביל מנהון כמא דמליל יי:,14,καὶ περιαιρεθήσονται οἱ βάτραχοι ἀπὸ σοῦ καὶ ἐκ τῶν οἰκιῶν ὑμῶν καὶ ἐκ τῶν ἐπαύλεων καὶ ἀπὸ τῶν θεραπόντων σου καὶ ἀπὸ τοῦ λαοῦ σου· πλὴν ἐν τῷ ποταμῷ ὑπολειφθήσονται.,30,ܘܚ̣ܙܐ ܦܪܥܘܢ ܕܗܘ̣ܬ ܪܘܚ̣ܬܐ. ܘܥܒ̇ܝ ܠܒܗ̣ ܘܠܐ ܫܡ̣ܥ ܐܢܘܢ . ܐܝܟ ܕܐܡ̣ܪ ܡܪܝܐ ܠܡܘܫܐ.,14,"As rãs, pois, se apartarão de ti, e das tuas casas, e dos teus servos, e do teu povo; ficarão somente no rio.",23,True,True,True
8,12,Êxodo 8:12,וַיֹּ֣אמֶר יְהוָה֮ אֶל־ מֹשֶׁה֒ אֱמֹר֙ אֶֽל־ אַהֲרֹ֔ן נְטֵ֣ה אֶֽת־ מַטְּךָ֔ וְהַ֖ךְ אֶת־ עֲפַ֣ר הָאָ֑רֶץ וְהָיָ֥ה לְכִנִּ֖ם בְּכָל־ אֶ֥רֶץ מִצְרָֽיִם ׃,ויאמר יהוה אל משה אמר אל אהרנ נטה את מטכ והכ את עפר הארצ והיה לכנמ בכל ארצ מצרימ,20,ואמר יי למשה אמר לאהרן ארים ית חטרך ומחא ית עפרא דארעא ויהא לקלמתא בכל ארעא דמצרים:,17,"ἐξῆλθεν δὲ Μωυσῆς καὶ Ἀαρὼν ἀπὸ Φαραώ· καὶ ἐβόησεν Μωυσῆς πρὸς Κύριον περὶ τοῦ ὁρισμοῦ τῶν βατράχων, ὡς ἐτάξατο Φαραώ.",20,ܘܐܡ̣ܪ ܡܪܝܐ ܠܡܘܫܐ. ܐܡ̣ܪ ܠܐܗܪܘܢ. ܐܪܝܡ ܚܘܛܪܟ ܘܡܚܝ ܠܥܦܪܐ ܕܐܪܥܐ. ܘܢܗܘܐ ܩܠܡܐ ܒܟܠܗ̇ ܐܪܥܐ ܕܡܨܪܝܢ.,15,Então saíram Moisés e Arão da presença de Faraó; e Moisés clamou ao Senhor por causa das rãs que tinha trazido sobre Faraó.,23,True,True,True
8,13,Êxodo 8:13,וַיַּֽעֲשׂוּ־ כֵ֗ן וַיֵּט֩ אַהֲרֹ֨ן אֶת־ יָד֤וֹ בְמַטֵּ֨הוּ֙ וַיַּךְ֙ אֶת־ עֲפַ֣ר הָאָ֔רֶץ וַתְּהִי֙ הַכִּנָּ֔ם בָּאָדָ֖ם וּבַבְּהֵמָ֑ה כָּל־ עֲפַ֥ר הָאָ֛רֶץ הָיָ֥ה כִנִּ֖ים בְּכָל־ אֶ֥רֶץ מִצְרָֽיִם ׃,ויעשו כנ ויט אהרנ את ידו במטהו ויכ את עפר הארצ ותהי הכנמ באדמ ובבהמה כל עפר הארצ היה כנימ בכל ארצ מצרימ,24,ועבדו כן וארים אהרן ית ידיה בחטריה ומחא ית עפרא דארעא והות קלמתא באנשא ובבעירא כל עפרא דארעא הות קלמתא בכל ארעא דמצרים:,23,"ἐποίησεν δὲ Κύριος καθάπερ εἶπεν Μωυσῆς, καὶ ἐτελεύτησαν οἱ βάτραχοι ἐκ τῶν οἰκιῶν καὶ ἐκ τῶν ἐπαύλεων καὶ ἐκ τῶν ἀγρῶν·",21,ܘܥܒ̣ܕ ܗܟܢܐ. ܘܐܪܝܡ ܐܗܪܘܢ ܐܝܕܗ ܒܚܘܛܪܗ̣. ܘܡ̣ܚܐ ܠܥܦܪܐ ܕܐܪܥܐ. ܘܗܘ̣ܬ ܩܠܡܐ̇ ܒܒܢ̈ܝ ܐܢܫܐ ܘܒܒܥܝܪܐ. ܟܘܠܗ ܥܦܪܐ ܕܐܪܥܐ. ܗܘ̣ܐ ܠܗ ܩܠܡܐ ܒܟܠܗ̇ ܐܪܥܐ ܕܡܨܪܝܢ.,23,"O Senhor, pois, fez conforme a palavra de Moisés; e as rãs morreram nas casas, nos pátios, e nos campos.",20,True,True,True
8,14,Êxodo 8:14,וַיַּעֲשׂוּ־ כֵ֨ן הַחַרְטֻמִּ֧ים בְּלָטֵיהֶ֛ם לְהוֹצִ֥יא אֶת־ הַכִּנִּ֖ים וְלֹ֣א יָכֹ֑לוּ וַתְּהִי֙ הַכִּנָּ֔ם בָּאָדָ֖ם וּבַבְּהֵמָֽה ׃,ויעשו כנ החרטמימ בלטיהמ להוציא את הכנימ ולא יכלו ותהי הכנמ באדמ ובבהמה,14,ועבדו כן חרשיא בלחשיהון לאפקא ית קלמתא ולא יכילו והות קלמתא באנשא ובבעירא:,13,"καὶ συνήγαγον αὐτοὺς θιμωνιὰς θιμωνιάς, καὶ ὤζεσεν ἡ γῆ.",9,ܘܥܒ̣ܕܘ ܗܟܢܐ ܐܦ ܚ̇ܪ̈ܫܐ ܒܚܪ̈ܫܝܗܘܢ. ܘܠܐ ܐܫܟܚܘ ܠܡܦ̣ܪܩܘܬܗ̇ ܠܩܠܡܐ. ܘܗܘ̣ܬ ܩܠܡܐ̇ ܒܒ̈ܢܝ ܐܢܫܐ ܘܒܒܥܝܪܐ .,15,"E ajuntaram-nas em montes, e a terra, cheirou mal.",9,True,True,True
8,15,Êxodo 8:15,וַיֹּאמְר֤וּ הַֽחַרְטֻמִּים֙ אֶל־ פַּרְעֹ֔ה אֶצְבַּ֥ע אֱלֹהִ֖ים הִ֑וא וַיֶּחֱזַ֤ק לֵב־ פַּרְעֹה֙ וְלֹֽא־ שָׁמַ֣ע אֲלֵהֶ֔ם כַּאֲשֶׁ֖ר דִּבֶּ֥ר יְהוָֽה ׃ ס,ויאמרו החרטמימ אל פרעה אצבע אלהימ הוא ויחזק לב פרעה ולא שמע אלהמ כאשר דבר יהוה ס,18,ואמרו חרשיא לפרעה הא מחא מן קדם יי היא ואתקף לבא דפרעה ולא קביל מנהון כמא דמליל יי:,18,"ἰδὼν δὲ Φαραὼ ὅτι γέγονεν ἀνάψυξις, ἐβαρύνθη ἡ καρδία αὐτοῦ καὶ οὐκ εἰσήκουσεν αὐτῶν, καθάπερ ἐλάλησεν Κύριος.",17,ܘܐܡܪ̈ܘ ܚ̇ܪ̈ܫܐ ܠܦܪܥܘܢ. ܨܒܥܗ ܗܝ ܕܐܠܗܐ ܘܐܬ̇ܩܫܝ ܠܒܗ ܕܦܪܥܘܢ. ܘܠܐ ܫܡ̣ܥ ܐܢܘܢ. ܐܝܟܢܐ ܕܐܡ̣ܪ ܡܪܝܐ.,15,"Mas vendo Faraó que havia descanso, endureceu o seu coração, e não os ouviu, como o Senhor tinha dito.",19,True,True,True
8,16,Êxodo 8:16,וַיֹּ֨אמֶר יְהוָ֜ה אֶל־ מֹשֶׁ֗ה הַשְׁכֵּ֤ם בַּבֹּ֨קֶר֙ וְהִתְיַצֵּב֙ לִפְנֵ֣י פַרְעֹ֔ה הִנֵּ֖ה יוֹצֵ֣א הַמָּ֑יְמָה וְאָמַרְתָּ֣ אֵלָ֗יו כֹּ֚ה אָמַ֣ר יְהוָ֔ה שַׁלַּ֥ח עַמִּ֖י וְיַֽעַבְדֻֽנִי ׃,ויאמר יהוה אל משה השכמ בבקר והתיצב לפני פרעה הנה יוצא המימה ואמרת אליו כה אמר יהוה שלח עמי ויעבדני,21,ואמר יי למשה אקדם בצפרא ואתעתד קדם פרעה הא נפק למיא ותימר ליה כדנן אמר יי שלח עמי ויפלחון קדמי:,20,"Εἶπεν δὲ Κύριος πρὸς Μωυσῆν Εἰπὸν Ἀαρών Ἔκτεινον τῇ χειρὶ τὴν ῥάβδον σου καὶ πάταξον τὸ χῶμα τῆς γῆς, καὶ ἔσονται σκνῖφες ἔν τε τοῖς ἀνθρώποις καὶ ἐν τοῖς τετράποσιν καὶ ἐν πάσῃ γῇ Αἰγύπτου.",35,ܘܐܡ̣ܪ ܡܪܝܐ ܠܡܘܫܐ. ܩ̇ܕܡ ܒܨܦܪܐ ܘܩܘܡ ܩܕܡ ܦܪܥܘܢ. ܗܐ ܢ̇ܦܩ̣ ܠܡ̈ܝܐ. ܘܐܡ̣ܪ ܠܗ̣ ܗܟܢܐ ܐܡ̇ܪ ܡܪܝܐ. ܫܕܪ ܠܥܡܝ̣ ܘ̇ܢܦܠܚ̣ܢܝ.,19,"Disse mais o Senhor a Moisés: Dize a Arão: Estende a tua vara, e fere o pó da terra, para que se torne em piolhos por toda a terra do Egito.",31,True,True,True
8,17,Êxodo 8:17,כִּ֣י אִם־ אֵינְךָ֮ מְשַׁלֵּ֣חַ אֶת־ עַמִּי֒ הִנְנִי֩ מַשְׁלִ֨יחַ בְּךָ֜ וּבַעֲבָדֶ֧יךָ וּֽבְעַמְּךָ֛ וּבְבָתֶּ֖יךָ אֶת־ הֶעָרֹ֑ב וּמָ֨לְא֜וּ בָּתֵּ֤י מִצְרַ֨יִם֙ אֶת־ הֶ֣עָרֹ֔ב וְגַ֥ם הָאֲדָמָ֖ה אֲשֶׁר־ הֵ֥ם עָלֶֽיהָ ׃,כי אמ אינכ משלח את עמי הנני משליח בכ ובעבדיכ ובעמכ ובבתיכ את הערב ומלאו בתי מצרימ את הערב וגמ האדמה אשר המ עליה,25,ארי אם ליתך משלח ית עמי הא אנא משלח בך ובעבדיך ובעמך ובבתיך ית ערובא וימלון בתי מצרים ית ערובא ואף ארעא דאנון עלה:,24,"ἐξέτεινεν οὖν Ἀαρὼν τῇ χειρὶ τὴν ῥάβδον καὶ ἐπάταξεν τὸ χῶμα τῆς γῆς, καὶ ἐγένοντο οἱ σκνῖφες ἐν τοῖς ἀνθρώποις καὶ ἐν τοῖς τετράποσιν· καὶ ἐν παντὶ χώματι τῆς γῆς ἐγένοντο οἱ σκνῖφες.",33,ܘܐܠܐ ܨ̇ܒܐ ܐܢܬ ܠܡܫܕܪܘ ܠܥܡܝ̣. ܗܐ ܡܫܕܪ ܐܢܐ ܥܠܝܟ ܘܥܠ ܥܡܟ ܘܥܠ ܒܬ̈ܝܟ̣. ܥ̇ܪܘܒܐ ܕܟܠ ܓܢܣ ܘܢܬ̣ܡܠܘܢ ܒܬ̈ܐ ܕܡܨܪ̈ܝܐ ܥ̇ܪܘܒܐ. ܐܝܟ ܐܪܥܐ ܕܗ̣ܢܘܢ ܥܠܝܗ̇.,24,"E assim fizeram. Arão estendeu a sua mão com a vara, e feriu o pó da terra, e houve piolhos nos homens e nos animais; todo o pó da terra se tornou em piolhos em toda a terra do Egito.",40,True,True,True
8,18,Êxodo 8:18,וְהִפְלֵיתִי֩ בַיּ֨וֹם הַה֜וּא אֶת־ אֶ֣רֶץ גֹּ֗שֶׁן אֲשֶׁ֤ר עַמִּי֙ עֹמֵ֣ד עָלֶ֔יהָ לְבִלְתִּ֥י הֱיֽוֹת־ שָׁ֖ם עָרֹ֑ב לְמַ֣עַן תֵּדַ֔ע כִּ֛י אֲנִ֥י יְהוָ֖ה בְּקֶ֥רֶב הָאָֽרֶץ ׃,והפליתי ביומ ההוא את ארצ גשנ אשר עמי עמד עליה לבלתי היות שמ ערב למענ תדע כי אני יהוה בקרב הארצ,22,ואפרש ביומא ההוא ית ארעא דגשן דעמי קאים עלה בדיל דלא למהוי תמן ערובא בדיל דתדע ארי אנא יי שליט בגו ארעא:,22,"ἐποίησαν δὲ ὡσαύτως καὶ οἱ ἐπαοιδοὶ ταῖς φαρμακίαις αὐτῶν ἐξαγαγεῖν τὸν σκνῖφα, καὶ οὐκ ἠδύναντο· καὶ ἐγένοντο οἱ σκνῖφες ἐν τοῖς ἀνθρώποις καὶ ἐν τοῖς τετράποσιν.",26,ܘܐܦܪܘܫ ܒܝܘܡܐ ܗ̇ܘ ܠܐܪܥܐ ܕܓܫ̣ܢ. ܕܥܡܝ ܝܬܒܝܢ ܒܗ̇. ܕܠܐ ܢܗܘܐ ܬܡ̇ܢ ܥ̇ܪܘܒܐ. ܡܛܠ ܕܬܕܥ̣ ܕܐܢܐ ܐܢܐ ܡܪܝܐ ܒܓܘܗ̇ ܕܐܪܥܐ.,19,"Também os magos fizeram assim com os seus encantamentos para produzirem piolhos, mas não puderam. E havia piolhos, nos homens e nos animais.",23,True,True,True
8,19,Êxodo 8:19,וְשַׂמְתִּ֣י פְדֻ֔ת בֵּ֥ין עַמִּ֖י וּבֵ֣ין עַמֶּ֑ךָ לְמָחָ֥ר יִהְיֶ֖ה הָאֹ֥ת הַזֶּֽה ׃,ושמתי פדת בינ עמי ובינ עמכ למחר יהיה האת הזה,11,ואשוי פורקן לעמי ועל עמך איתי מחא למחר יהא אתא הדין:,11,"εἶπαν οὖν οἱ ἐπαοιδοὶ τῷ ⸆ Φαραώ Δάκτυλος θεοῦ ἐστὶν τοῦτο· καὶ ἐσκληρύνθη ἡ καρδία Φαραώ, καὶ οὐκ εἰσήκουσεν αὐτῶν, καθάπερ ἐλάλησεν Κύριος.",23,ܘܐܥܒܕ ܦܘܪܫܢܐ ܒܝܬ ܥܡܝ ܠܥܡܟ ܘܡܚܪ ܬܗܘܐ ܐܬ̇ܐ ܗܕܐ.,9,"Então disseram os magos a Faraó: Isto é o dedo de Deus. No entanto o coração de Faraó se endureceu, e não os ouvia, como o Senhor tinha dito.",29,True,True,True
8,20,Êxodo 8:20,וַיַּ֤עַשׂ יְהוָה֙ כֵּ֔ן וַיָּבֹא֙ עָרֹ֣ב כָּבֵ֔ד בֵּ֥יתָה פַרְעֹ֖ה וּבֵ֣ית עֲבָדָ֑יו וּבְכָל־ אֶ֧רֶץ מִצְרַ֛יִם תִּשָּׁחֵ֥ת הָאָ֖רֶץ מִפְּנֵ֥י הֶעָרֹֽב ׃,ויעש יהוה כנ ויבא ערב כבד ביתה פרעה ובית עבדיו ובכל ארצ מצרימ תשחת הארצ מפני הערב,18,ועבד יי כן ואתא ערובא תקיף לבית פרעה ולבית עבדוהי ובכל ארעא דמצרים אתחבלת ארעא מן קדם ערובא:,18,"Εἶπεν δὲ Κύριος πρὸς Μωυσῆν Ὄρθρισον τὸ πρωὶ καὶ στῆθι ἐναντίον Φαραώ· καὶ ἰδοὺ αὐτὸς ἐξελεύσεται ἐπὶ τὸ ὕδωρ, καὶ ἐρεῖς πρὸς αὐτόν Τάδε λέγει Κύριος Ἐξαπόστειλον τὸν λαόν μου ἵνα μοι λατρεύσωσιν ἐν τῇ ἐρήμῳ·",36,ܘܥܒ̣ܕ ܡܪܝܐ ܗܟܢܐ. ܘܐܝܬܝ ܥ̇ܪܘܒܐ ܕܬܩܝܦ ܠܒܝܬ ܦܪܥܘܢ ܘܠܒܝܬ ܥܒ̣̈ܕܘܗܝ. ܘܒܟܠܗ̇ ܐܪܥܐ ܕܡܨܪܝܢ. ܘܐܬ̣ܚܒܠܬ ܐܪܥܐ ܡܛܠ ܥ̇ܪܘܒܐ.,17,"Disse mais o Senhor a Moisés: levanta-te pela manhã cedo e põe-te diante de Faraó:; eis que ele sairá às águas; e dize-lhe: Assim diz o Senhor: Deixa ir o meu povo, para que me sirva.",36,True,True,True
8,21,Êxodo 8:21,וַיִּקְרָ֣א פַרְעֹ֔ה אֶל־ מֹשֶׁ֖ה וּֽלְאַהֲרֹ֑ן וַיֹּ֗אמֶר לְכ֛וּ זִבְח֥וּ לֵֽאלֹהֵיכֶ֖ם בָּאָֽרֶץ ׃,ויקרא פרעה אל משה ולאהרנ ויאמר לכו זבחו לאלהיכמ בארצ,11,וקרא פרעה למשה ולאהרן ואמר אזילו דבחו קדם אלהכון בארעא:,10,"ἐὰν δὲ μὴ βούλῃ ἐξαποστεῖλαι τὸν λαόν μου, ἰδοὺ ἐγὼ ἐπαποστέλλω ἐπὶ σὲ καὶ ἐπὶ τοὺς θεράποντάς σου καὶ ἐπὶ τὸν λαόν σου καὶ ἐπὶ τοὺς οἴκους ὑμῶν κυνόμυιαν, καὶ πλησθήσονται αἱ οἰκίαι τῶν Αἰγυπτίων τῆς κυνομυίης, καὶ εἰς τὴν γῆν ἐφ᾽ ἧς εἰσὶν ἐπ᾽ αὐτῆς.",46,ܘܩ̣ܪܐ ܦܪܥܘܢ ܠܡܘܫܐ ܘܠܐܗܪܘܢ ܘܐܡ̣ܪ ܠܗܘܢ. ܙܠܘ ܕܒ̇ܚܘ ܩܕܡ ܡܪܝܐ ܐܠܗܟܘܢ ܒܐܪܥܐ.,12,"Porque se não deixares ir o meu povo., eis que enviarei enxames de moscas sobre ti, e sobre os teus servos, e sobre o teu povo, e nas tuas casas; e as casas dos egípcios se encherão destes enxames, bem como a terra em que eles estiverem.",47,True,True,True
8,22,Êxodo 8:22,וַיֹּ֣אמֶר מֹשֶׁ֗ה לֹ֤א נָכוֹן֙ לַעֲשׂ֣וֹת כֵּ֔ן כִּ֚י תּוֹעֲבַ֣ת מִצְרַ֔יִם נִזְבַּ֖ח לַיהוָ֣ה אֱלֹהֵ֑ינוּ הֵ֣ן נִזְבַּ֞ח אֶת־ תּוֹעֲבַ֥ת מִצְרַ֛יִם לְעֵינֵיהֶ֖ם וְלֹ֥א יִסְקְלֻֽנוּ ׃,ויאמר משה לא נכונ לעשות כנ כי תועבת מצרימ נזבח ליהוה אלהינו הנ נזבח את תועבת מצרימ לעיניהמ ולא יסקלנו,21,ואמר משה לא תקן למעבד כן ארי בעירא דמצראי דחלין ליה מניה אנחנא נסבין לדבחא קדם יי אלהנא הא נדבח ית בעירא דמצראי דחלין ליה ואנון יהון חזן הלא יימרון למרגמנא:,31,"καὶ παραδοξάσω ἐν τῇ ἡμέρᾳ ἐκείνῃ τὴν γῆν Γέσεμ, ἐφ᾽ ἧς ὁ λαός μου ἔπεστιν ἐπ᾽ αὐτῆς, ἐφ᾽ ἧς οὐκ ἔσται ἐκεῖ ἡ κυνόμυια· ἵνα εἰδῇς ὅτι ἐγώ εἰμι Κύριος ὁ κύριος πάσης τῆς γῆς.",35,ܘܐܡ̣ܪ ܡܘܫܐ. ܠܐ ܫܦܝܪ ܠܡܥܒܕ ܗܟܢܐ. ܡܛܠ ܕܡܢ ܛܢܦܘܬܐ ܕܡܨܪ̈ܝܐ ܡܕܒ̇ܚܝܢܢ ܠܡܪܝܐ ܐܠܗܢ. ܘܐܢ ܕܒ̇ܚܝܢ ܚܢܢ ܕܚ̈ܠܬܐ ܕܡܨܪ̈ܝܐ ܠܥܢܝ̈ܗܘܢ ܪܓܡ̇ܝܢ ܠܢ.,21,"Mas naquele dia separarei a terra de Gósem em que o meu povo habita, a fim de que nela não haja enxames de moscas, para que saibas que eu sou o Senhor no meio desta terra.",36,True,True,True
8,23,Êxodo 8:23,דֶּ֚רֶךְ שְׁלֹ֣שֶׁת יָמִ֔ים נֵלֵ֖ךְ בַּמִּדְבָּ֑ר וְזָבַ֨חְנוּ֙ לַֽיהוָ֣ה אֱלֹהֵ֔ינוּ כַּאֲשֶׁ֖ר יֹאמַ֥ר אֵלֵֽינוּ ׃,דרכ שלשת ימימ נלכ במדבר וזבחנו ליהוה אלהינו כאשר יאמר אלינו,12,מהלך תלתא יומין ניזיל במדברא ונדבח קדם יי אלהנא כמא דיימר לנא:,12,καὶ δώσω διαστολὴν ἀνὰ μέσον τοῦ ἐμοῦ λαοῦ καὶ ἀνὰ μέσον τοῦ σοῦ λαοῦ· ἐν δὲ τῇ αὔριον ἔσται τοῦτο ἐπὶ τῆς γῆς.,23,ܡܪܕܐ ܬܠܬܐ ܝܘܡ̈ܝܢ ܢ̇ܐܙܠ ܒܡܕܒܪܐ . ܘܢܕܒ̇ܚ ܠܡܪܝܐ ܐܠܗܢ ܐܝܟ ܕܢܐܡܪ ܠܢ.,12,Assim farei distinção entre o meu povo e o teu povo; amanhã se fará este milagre.,16,True,True,True
8,24,Êxodo 8:24,וַיֹּ֣אמֶר פַּרְעֹ֗ה אָנֹכִ֞י אֲשַׁלַּ֤ח אֶתְכֶם֙ וּזְבַחְתֶּ֞ם לַיהוָ֤ה אֱלֹֽהֵיכֶם֙ בַּמִּדְבָּ֔ר רַ֛ק הַרְחֵ֥ק לֹא־ תַרְחִ֖יקוּ לָלֶ֑כֶת הַעְתִּ֖ירוּ בַּעֲדִֽי ׃,ויאמר פרעה אנכי אשלח אתכמ וזבחתמ ליהוה אלהיכמ במדבר רק הרחק לא תרחיקו ללכת העתירו בעדי,17,ואמר פרעה אנא אשלח יתכון ותדבחון קדם יי אלהכון במדברא לחוד ארחקא לא תרחקון למיזל צלו אף עלי:,18,"ἐποίησεν δὲ Κύριος οὕτως, καὶ παρεγένετο ἡ κυνόμυια πλῆθος εἰς τοὺς οἴκους Φαραὼ καὶ εἰς τοὺς οἴκους τῶν θεραπόντων αὐτοῦ καὶ εἰς πᾶσαν τὴν γῆν Αἰγύπτου· καὶ ἐξωλεθρεύθη ἡ γῆ ἀπὸ τῆς κυνομυίης.",33,ܘܐܡ̣ܪ ܦܪܥܘܢ. ܐܢܐ ܐܫܕܪܟܘܢ ܘܬܕܒ̇ܚܘܢ ܠܡܪܝܐ ܐܠܗܟܘܢ ܒܡܕܒܪܐ . ܒܠܚܘ̣ܕ ܡܪܚܩܘ ܠܐ ܬܪܚ̣ܩܘܢ ܠܡܐܙܠ. ܘܨ̇ܠܘ ܐܦ ܥܠܝ.,17,"O Senhor, pois, assim fez. Entraram grandes enxames de moscas na casa de Faraó e nas casas dos seus servos; e em toda parte do Egito a terra foi assolada pelos enxames de moscas.",34,True,True,True
8,25,Êxodo 8:25,וַיֹּ֣אמֶר מֹשֶׁ֗ה הִנֵּ֨ה אָנֹכִ֜י יוֹצֵ֤א מֵֽעִמָּךְ֙ וְהַעְתַּרְתִּ֣י אֶל־ יְהוָ֔ה וְסָ֣ר הֶעָרֹ֗ב מִפַּרְעֹ֛ה מֵעֲבָדָ֥יו וּמֵעַמּ֖וֹ מָחָ֑ר רַ֗ק אַל־ יֹסֵ֤ף פַּרְעֹה֙ הָתֵ֔ל לְבִלְתִּי֙ שַׁלַּ֣ח אֶת־ הָעָ֔ם לִזְבֹּ֖חַ לַֽיהוָֽה ׃,ויאמר משה הנה אנכי יוצא מעמכ והעתרתי אל יהוה וסר הערב מפרעה מעבדיו ומעמו מחר רק אל יספ פרעה התל לבלתי שלח את העמ לזבח ליהוה,27,ואמר משה הא אנא נפק מעמך ואצלי קדם יי ויעדי ערובא מפרעה מעבדוהי ומעמיה מחר לחוד לא יוסף פרעה לשקרא בדיל דלא לשלחא ית עמא לדבחא קדם יי:,28,ἐκάλεσεν δὲ Φαραὼ Μωυσῆν καὶ Ἀαρὼν λέγων Ἐλθόντες θύσατε τῷ θεῷ ὑμῶν ἐν τῇ γῇ·,15,ܘܐܡ̣ܪ ܡܘܫܐ ܠܦܪܥܘܢ. ܗܐ ܢ̇ܦܩ ܐܢܐ ܡܢ ܠܘܬܟ̣. ܘܐܨ̇ܠܐ ܩܕܡ ܡܪܝܐ. ܘܢ̇ܦ̣ܪܩ ܥ̇ܪܘܒܐ̇ ܡܢ ܦܪܥܘܢ. ܘܡܢ ܥܒ̣̈ܕܘܗ̣ܝ ܘܡܢ ܥܡܗ ܡܚܪ. ܒܠܚܘ̣ܕ ܠܐ ܢܘܣܦ ܦܪܥܘܢ ܠܡܕܓܠܘ̇. ܕܠܐ ܢܫܕܪ ܠܥܡܐ ܘܢܕܒ̇ܚܘܢ ܠܡܪܝܐ.,30,"Então chamou Faraó a Moisés e a Arão, e disse: Ide, e oferecei sacrifícios ao vosso Deus nesta terra.",19,True,True,True
8,26,Êxodo 8:26,וַיֵּצֵ֥א מֹשֶׁ֖ה מֵעִ֣ם פַּרְעֹ֑ה וַיֶּעְתַּ֖ר אֶל־ יְהוָֽה ׃,ויצא משה מעמ פרעה ויעתר אל יהוה,8,ונפק משה מן קדם פרעה וצלי קדם יי:,8,"καὶ εἶπεν Μωυσῆς Οὐ δυνατὸν γενέσθαι οὕτως τὸ ῥῆμα τοῦτο, τὰ γὰρ βδελύγματα τῶν Αἰγυπτίων θύσομεν Κυρίῳ τῷ θεῷ ἡμῶν· ἐὰν γὰρ θύσωμεν τὰ βδελύγματα τῶν Αἰγυπτίων ἐναντίον αὐτῶν, λιθοβοληθησόμεθα.",30,ܘܢܦ̣ܩ ܡܘܫܐ ܡܢ ܠܘܬ ܦܪܥܘܢ. ܘܨ̇ܠܝ ܩܕܡ ܡܪܝܐ.,8,"Respondeu Moisés: Não convém que assim se faça, porque é abominação aos egípcios o que havemos de oferecer ao Senhor nosso Deus. Sacrificando nós a abominação dos egípcios perante os seus olhos, não nos apedrejarão eles?",36,True,True,True
8,27,Êxodo 8:27,וַיַּ֤עַשׂ יְהוָה֙ כִּדְבַ֣ר מֹשֶׁ֔ה וַיָּ֨סַר֙ הֶעָרֹ֔ב מִפַּרְעֹ֖ה מֵעֲבָדָ֣יו וּמֵעַמּ֑וֹ לֹ֥א נִשְׁאַ֖ר אֶחָֽד ׃,ויעש יהוה כדבר משה ויסר הערב מפרעה מעבדיו ומעמו לא נשאר אחד,13,ועבד יי כפתגמא דמשה ואעדי ערובא מפרעה מעבדוהי ומעמיה לא אשתאר חד:,12,"ὁδὸν τριῶν ἡμερῶν πορευσόμεθα εἰς τὴν ἔρημον, καὶ θύσομεν τῷ θεῷ ἡμῶν καθάπερ εἶπεν Κύριος ἡμῖν.",16,ܘܥܒ̣ܕ ܡܪܝܐ ܐܝܟ ܡܠܬܗ ܕܡܘܫܐ. ܘܦ̣ܪܩ ܥ̇ܪܘܒܐ ܡܢ ܦܪܥܘܢ ܘܡܢ ܥܒ̈ܕܘܗܝ ܘܡܢ ܥܡܗ. ܘܠܐ ܐܫܬ̣ܚ̣ܪ ܐܦ ܠܐ ܚܕ.,18,"Havemos de ir caminho de três dias ao deserto, para que ofereçamos sacrifícios ao Senhor nosso Deus, como ele nos ordenar.",21,True,True,True
8,28,Êxodo 8:28,וַיַּכְבֵּ֤ד פַּרְעֹה֙ אֶת־ לִבּ֔וֹ גַּ֖ם בַּפַּ֣עַם הַזֹּ֑את וְלֹ֥א שִׁלַּ֖ח אֶת־ הָעָֽם ׃ פ,ויכבד פרעה את לבו גמ בפעמ הזאת ולא שלח את העמ פ,13,ויקר פרעה ית לביה אף בזמנא הדא ולא שלח ית עמא:,11,"καὶ εἶπεν Φαραώ Ἐγὼ ἀποστέλλω ὑμᾶς, καὶ θύσατε τῷ θεῷ ὑμῶν ἐν τῇ ἐρήμῳ, ἀλλ᾽ οὐ μακρὰν ἀποτενεῖτε πορευθῆναι· εὔξασθε οὖν περὶ ἐμοῦ πρὸς Κύριον.",25,ܘܩܫ̇ܝ ܦܪܥܘܢ ܠܒܗ ܐܦ ܒܙܒܢܐ ܗܢܐ. ܘܠܐ ܫܕܪܗ ܠܥܡܐ.,9,"Então disse Faraó: Eu vos deixarei ir, para que ofereçais sacrifícios ao Senhor vosso Deus no deserto; somente não ireis muito longe; e orai por mim.",26,True,True,True
8,29,Êxodo 8:29,,,0,,0,"εἶπεν δὲ Μωυσῆς Ὅδε ἐγὼ ἐξελεύσομαι ἀπὸ σοῦ καὶ εὔξομαι πρὸς τὸν θεόν, καὶ ἀπελεύσεται ἀπὸ σοῦ ἡ κυνόμυια καὶ ἀπὸ τῶν θεραπόντων σου καὶ τοῦ λαοῦ σου αὔριον· μὴ προσθῇς ἔτι, Φαραώ, ἐξαπατῆσαι τοῦ μὴ ἐξαποστεῖλαι τὸν λαὸν θῦσαι Κυρίῳ.",41,,0,"Respondeu Moisés: Eis que saio da tua presença e orarei ao Senhor, que estes enxames de moscas se apartem amanhã de Faraó, dos seus servos, e do seu povo; somente não torne mais Faraó a proceder dolosamente, não deixando ir o povo para oferecer sacrifícios ao Senhor.",47,False,True,False
8,30,Êxodo 8:30,,,0,,0,ἐξῆλθεν δὲ Μωυσῆς ἀπὸ Φαραὼ καὶ ηὔξατο πρὸς τὸν θεόν.,10,,0,"Então saiu Moisés da presença de Faraó, e orou ao Senhor.",11,False,True,False
8,31,Êxodo 8:31,,,0,,0,"ἐποίησεν δὲ Κύριος καθάπερ εἶπεν Μωυσῆς, καὶ περιεῖλεν τὴν κυνόμυιαν ἀπὸ Φαραὼ καὶ τῶν θεραπόντων αὐτοῦ καὶ τοῦ λαοῦ αὐτοῦ, καὶ οὐ κατελείφθη οὐδεμία.",24,,0,"E fez o Senhor conforme a palavra de Moisés, e apartou os enxames de moscas de Faraó, dos seus servos, e do seu povo; não ficou uma sequer.",28,False,True,False
8,32,Êxodo 8:32,,,0,,0,"καὶ ἐβάρυνεν Φαραὼ τὴν καρδίαν αὐτοῦ καὶ ἐπὶ τοῦ καιροῦ τούτου, καὶ οὐκ ἠθέλησεν ἐξαποστεῖλαι τὸν λαόν.",17,,0,"Mas endureceu Faraó ainda esta vez o seu coração, e não deixou ir o povo.",15,False,True,False
9,1,Êxodo 9:1,וַיֹּ֤אמֶר יְהוָה֙ אֶל־ מֹשֶׁ֔ה בֹּ֖א אֶל־ פַּרְעֹ֑ה וְדִבַּרְתָּ֣ אֵלָ֗יו כֹּֽה־ אָמַ֤ר יְהוָה֙ אֱלֹהֵ֣י הָֽעִבְרִ֔ים שַׁלַּ֥ח אֶת־ עַמִּ֖י וְיַֽעַבְדֻֽנִי ׃,ויאמר יהוה אל משה בא אל פרעה ודברת אליו כה אמר יהוה אלהי העברימ שלח את עמי ויעבדני,19,ואמר יי למשה עול לות פרעה ותמלל עמיה כדנן אמר יי אלהא דיהודאי שלח ית עמי ויפלחון קדמי:,18,Εἶπεν δὲ Κύριος πρὸς Μωυσῆν Εἴσελθε πρὸς Φαραὼ καὶ ἐρεῖς αὐτῷ Τάδε λέγει Κύριος ὁ θεὸς τῶν Ἐβραίων Ἐξαπόστειλον τὸν λαόν μου ἵνα μοι λατρεύσωσιν·,25,ܘܐܡ̣ܪ ܡܪܝܐ ܠܡܘܫܐ. ܙܠ ܠܘܬ ܦܪܥܘܢ ܘܐܡ̣ܪ ܠܗ. ܗܟܢܐ ܐܡ̇ܪ ܡܪܝܐ ܐܠܗܐ ܕܥܒܪ̈ܝܐ. ܫܕܪ ܠܥܡܝ̣ ܘ̇ܢܦܠܚ̣ܢܝ.,16,"Depois o Senhor disse a Moisés: Vai a Faraó e dize-lhe: Assim diz o Senhor, o Deus dos hebreus: Deixa ir o meu povo, para que me sirva.",28,True,True,True
9,2,Êxodo 9:2,כִּ֛י אִם־ מָאֵ֥ן אַתָּ֖ה לְשַׁלֵּ֑חַ וְעוֹדְךָ֖ מַחֲזִ֥יק בָּֽם ׃,כי אמ מאנ אתה לשלח ועודכ מחזיק במ,9,ארי אם סריב את לשלחא ועד כען את מתקף בהון:,10,"εἰ μὲν οὖν μὴ βούλει ἐξαποστεῖλαι τὸν λαόν μου ἀλλ᾽ ἔτι ἐνκρατεῖς αὐτοῦ,",13,ܘܐܠܐ ܨ̇ܒܐ ܐܢܬ ܠܡܫܕܪܘ ܘܥܕܡܐ ܠܗܫܐ ܡܚܡܣܢ ܐܢܬ ܒܗܘܢ.,9,"Porque, se recusares deixá-los ir, e ainda os retiveres,",9,True,True,True
9,3,Êxodo 9:3,הִנֵּ֨ה יַד־ יְהוָ֜ה הוֹיָ֗ה בְּמִקְנְךָ֙ אֲשֶׁ֣ר בַּשָּׂדֶ֔ה בַּסּוּסִ֤ים בַּֽחֲמֹרִים֙ בַּגְּמַלִּ֔ים בַּבָּקָ֖ר וּבַצֹּ֑אן דֶּ֖בֶר כָּבֵ֥ד מְאֹֽד ׃,הנה יד יהוה הויה במקנכ אשר בשדה בסוסימ בחמרימ בגמלימ בבקר ובצאנ דבר כבד מאד,16,הא מחא מן קדם יי הויא בבעירך דבחקלא בסוסותא בחמרי בגמלי בתורי ובענא מותא תקיף לחדא:,16,"ἰδοὺ χεὶρ Κυρίου ἐπέσται ἐν τοῖς κτήνεσίν σου τοῖς ἐν τοῖς πεδίοις, ἔν τε τοῖς ἵπποις καὶ ἐν τοῖς ὑποζυγίοις καὶ ταῖς καμήλοις καὶ βουσὶν καὶ προβάτοις, θάνατος μέγας σφόδρα.",30,ܗܐ ܐܝܕܗ ܕܡܪܝܐ ܗܘ̇ܝܐ ܒܩܢܝܢܟ ܕܒܡܕܒܪܐ. ܒܪ̈ܟܫܐ̇ ܘܒܚ̣ܡܪ̈ܐ ܘܒܓܡ̈ܠܐ. ܘܒܬܘܪ̈ܐ̇ ܘܒܥܢܐ. ܡܘܬܢܐ̇ ܕܚܣܝ̣ܢ ܛܒ.,14,"eis que a mão do Senhor será sobre teu gado, que está no campo: sobre os cavalos, sobre os jumentos, sobre os camelos, sobre os bois e sobre as ovelhas; haverá uma pestilência muito grave.",35,True,True,True
9,4,Êxodo 9:4,וְהִפְלָ֣ה יְהוָ֔ה בֵּ֚ין מִקְנֵ֣ה יִשְׂרָאֵ֔ל וּבֵ֖ין מִקְנֵ֣ה מִצְרָ֑יִם וְלֹ֥א יָמ֛וּת מִכָּל־ לִבְנֵ֥י יִשְׂרָאֵ֖ל דָּבָֽר ׃,והפלה יהוה בינ מקנה ישראל ובינ מקנה מצרימ ולא ימות מכל לבני ישראל דבר,15,ואפרש יי בין בעירא דישראל ובין בעירא דמצרים ולא ימות מכל לבני ישראל מדעם:,14,καὶ παραδοξάσω ἐγὼ ἐν τῷ καιρῷ ἐκείνῳ ἀνὰ μέσον τῶν κτηνῶν τῶν Αἰγυπτίων καὶ ἀνὰ μέσον τῶν κτηνῶν τῶν υἱῶν Ἰσραήλ· οὐ τελευτήσει ἀπὸ πάντων τῶν τοῦ Ἰσραὴλ υἱῶν ῥητόν.,30,ܘܢܦܪܘܫ ܡܪܝܐ ܒܝܬ ܒܥܝܪܐ ܕܐܝܣܪܝܠ ܠܒܝܬ ܒܥܝܪܐ ܕܡܨܪ̈ܝܐ. ܘܠܐ ܢܡ̣ܘܬ ܡܢ ܟܠ ܒܥܝܪܐ ܕܒܝܬ ܐܝܣܪܝܠ ܐܦ ܠܐ ܚܕ.,18,Mas o Senhor fará distinção entre o gado de Israel e o gado do Egito; e não morrerá nada de tudo o que pertence aos filhos de Israel.,28,True,True,True
9,5,Êxodo 9:5,וַיָּ֥שֶׂם יְהוָ֖ה מוֹעֵ֣ד לֵאמֹ֑ר מָחָ֗ר יַעֲשֶׂ֧ה יְהוָ֛ה הַדָּבָ֥ר הַזֶּ֖ה בָּאָֽרֶץ ׃,וישמ יהוה מועד לאמר מחר יעשה יהוה הדבר הזה בארצ,11,ושוי יי זמנא למימר מחר יעבד יי פתגמא הדין בארעא:,10,καὶ ἔδωκεν ὁ θεὸς ὅρον λέγων Ἐν τῇ αὔριον ποιήσει Κύριος τὸ ῥῆμα τοῦτο ἐπὶ τῆς γῆς.,17,ܘܝܗ̣ܒ ܡܪܝܐ ܙܒܢܐ ܡܚܪ. ܕܢܥܒܕ ܡܪܝܐ ܦܬܓܡܐ ܗܢܐ ܒܐܪܥܐ.,9,"E o Senhor assinalou certo tempo, dizendo: Amanhã fará o Senhor isto na terra.",14,True,True,True
9,6,Êxodo 9:6,וַיַּ֨עַשׂ יְהוָ֜ה אֶת־ הַדָּבָ֤ר הַזֶּה֙ מִֽמָּחֳרָ֔ת וַיָּ֕מָת כֹּ֖ל מִקְנֵ֣ה מִצְרָ֑יִם וּמִמִּקְנֵ֥ה בְנֵֽי־ יִשְׂרָאֵ֖ל לֹא־ מֵ֥ת אֶחָֽד ׃,ויעש יהוה את הדבר הזה ממחרת וימת כל מקנה מצרימ וממקנה בני ישראל לא מת אחד,17,ועבד יי ית פתגמא הדין ביומא דבתרוהי ומית כל בעירא דמצרים ומבעירא דבני ישראל לא מית חד:,17,"καὶ ἐποίησεν Κύριος τὸ ῥῆμα τοῦτο τῇ ἐπαύριον, καὶ ἐτελεύτησεν πάντα τὰ κτήνη τῶν Αἰγυπτίων· ἀπὸ δὲ τῶν κτηνῶν τῶν υἱῶν Ἰσραὴλ οὐκ ἐτελεύτησεν οὐδέν.",25,ܘܥܒ̣ܕ ܡܪܝܐ ܦܬܓܡܐ ܗܢܐ ܠܝܘܡܐ ܕܒܬܪܗ. ܘܡܝ̣ܬܬ̣ ܟܠܗ̇ ܒܥܝܪܐ ܕܡܨܪ̈ܝܐ. ܘܡܢ ܒܥܝܪܐ ܕܒܝܬ ܐܝܣܪܝܠ. ܠܐ ܡܝ̣ܬ̣ ܐܦ ܠܐ ܚܕ.,19,"Fez, pois, o Senhor isso no dia seguinte; e todo gado dos egípcios morreu; porém do gado dos filhos de Israel não morreu nenhum.",24,True,True,True
9,7,Êxodo 9:7,וַיִּשְׁלַ֣ח פַּרְעֹ֔ה וְהִנֵּ֗ה לֹא־ מֵ֛ת מִמִּקְנֵ֥ה יִשְׂרָאֵ֖ל עַד־ אֶחָ֑ד וַיִּכְבַּד֙ לֵ֣ב פַּרְעֹ֔ה וְלֹ֥א שִׁלַּ֖ח אֶת־ הָעָֽם ׃ פ,וישלח פרעה והנה לא מת ממקנה ישראל עד אחד ויכבד לב פרעה ולא שלח את העמ פ,18,ושלח פרעה והא לא מית מבעירא דישראל עד חד ואתיקר לבא דפרעה ולא שלח ית עמא:,16,"ἰδὼν δὲ Φαραὼ ὅτι οὐκ ἐτελεύτησεν ἀπὸ πάντων τῶν κτηνῶν τῶν υἱῶν Ἰσραὴλ οὐδέν, ἐβαρύνθη ἡ καρδία Φαραώ, καὶ οὐκ ἐξαπέστειλεν τὸν λαόν.",23,ܘܫܕܪ ܦܪܥܘܢ ܘܚ̣ܙܐ ܕܠܐ ܡ̣ܝܬ ܡܢ ܒܥܝܪܐ ܕܐܝܣܪܝܠ ܐܦ ܠܐ ܚܕ. ܘܐܬ̇ܩܫܝ ܠܒܗ ܕܦܪܥܘܢ ܘܠܐ ܫܕܪܗ ܠܥܡܐ.,17,"E Faraó mandou ver, e eis que do gado dos israelitas não morrera sequer um. Mas o coração de Faraó se obstinou, e não deixou ir o povo.",28,True,True,True
9,8,Êxodo 9:8,וַיֹּ֣אמֶר יְהוָה֮ אֶל־ מֹשֶׁ֣ה וְאֶֽל־ אַהֲרֹן֒ קְח֤וּ לָכֶם֙ מְלֹ֣א חָפְנֵיכֶ֔ם פִּ֖יחַ כִּבְשָׁ֑ן וּזְרָק֥וֹ מֹשֶׁ֛ה הַשָּׁמַ֖יְמָה לְעֵינֵ֥י פַרְעֹֽה ׃,ויאמר יהוה אל משה ואל אהרנ קחו לכמ מלא חפניכמ פיח כבשנ וזרקו משה השמימה לעיני פרעה,18,ואמר יי למשה ולאהרן סיבו לכון מלי חפניכון פיחא דאתונא ויזרקניה משה לצית שמיא לעיני פרעה,16,"Εἶπεν δὲ Κύριος πρὸς Μωυσῆν καὶ Ἀαρὼν λέγων Λάβετε ὑμεῖς πλήρεις τὰς χεῖρας αἰθάλης καμιναίας, καὶ πασάτω Μωυσῆς εἰς τὸν οὐρανὸν ἐναντίον Φαραὼ καὶ ἐναντίον τῶν θεραπόντων αὐτοῦ,",28,ܘܐܡ̣ܪ ܡܪܝܐ ܠܡܘܫܐ ܘܠܐܗܪܘܢ. ܣܒܘ ܡܠܐ ܚ̈ܘܦܢܝܟܘܢ ܩܛܡܐ ܕܐܬܘܢܐ. ܘ̇ܢܕܪܝܘܗܝ ܡܘܫܐ ܠܐ̈ܦܝ ܫܡܝܐ ܠܥܢ̈ܘܗܝ ܕܦܪܥܘܢ.,15,"Então disse o Senhor a Moisés e a Arão: Tomai as mãos cheias de cinza do forno, e Moisés a espalhe para o céu diante dos olhos de Faraó;",29,True,True,True
9,9,Êxodo 9:9,וְהָיָ֣ה לְאָבָ֔ק עַ֖ל כָּל־ אֶ֣רֶץ מִצְרָ֑יִם וְהָיָ֨ה עַל־ הָאָדָ֜ם וְעַל־ הַבְּהֵמָ֗ה לִשְׁחִ֥ין פֹּרֵ֛חַ אֲבַעְבֻּעֹ֖ת בְּכָל־ אֶ֥רֶץ מִצְרָֽיִם ׃,והיה לאבק על כל ארצ מצרימ והיה על האדמ ועל הבהמה לשחינ פרח אבעבעת בכל ארצ מצרימ,18,ויהי לאבקא על כל ארעא דמצרים ויהי על אנשא ועל בעירא לשיחנא סגי אבעבעין בכל ארעא דמצרים:,17,"καὶ γενηθήτω κονιορτὸς ἐπὶ πᾶσαν τὴν γῆν Αἰγύπτου· καὶ ἔσται ἐπὶ τοὺς ἀνθρώπους καὶ ἐπὶ τὰ τετράποδα ἕλκη, φλυκτίδες ἀναζέουσαι, ἔν τε τοῖς ἀνθρώποις καὶ ἐν τοῖς τετράποσιν καὶ πάσῃ γῇ Αἰγύπτου.",32,ܘ̇ܢܗܘܐ ܚܠ̣ܐ ܒܟܠܗ̇ ܐܪܥܐ ܕܡܨܪܝܢ. ܘ̇ܢܗܘܐ ܥܠ ܒܢܝܢ̈ܫܐ ܘܥܠ ܒܥܝܪܐ. ܫܘܚܢܐ ܕܢܘܦܚ̈ܐ̇ ܕܣ̇ܓܝ̣ ܒܟܠܗ̇ ܐܪܥܐ ܕܡܨܪܝܢ.,16,"e ela se tornará em pó fino sobre toda a terra do Egito, e haverá tumores que arrebentarão em úlceras nos homens e no gado, por toda a terra do Egito.",31,True,True,True
9,10,Êxodo 9:10,וַיִּקְח֞וּ אֶת־ פִּ֣יחַ הַכִּבְשָׁ֗ן וַיַּֽעַמְדוּ֙ לִפְנֵ֣י פַרְעֹ֔ה וַיִּזְרֹ֥ק אֹת֛וֹ מֹשֶׁ֖ה הַשָּׁמָ֑יְמָה וַיְהִ֗י שְׁחִין֙ אֲבַעְבֻּעֹ֔ת פֹּרֵ֕חַ בָּאָדָ֖ם וּבַבְּהֵמָֽה ׃,ויקחו את פיח הכבשנ ויעמדו לפני פרעה ויזרק אתו משה השמימה ויהי שחינ אבעבעת פרח באדמ ובבהמה,18,ונסיבו ית פיחא דאתונא וקמו קדם פרעה וזרק יתיה משה לצית שמיא והוה שיחנא אבעבעין סגי באנשא ובבעירא:,18,"καὶ ἔλαβεν τὴν αἰθάλην τῆς καμιναίας ἐναντίον Φαραὼ καὶ ἔπασεν αὐτὴν Μωυσῆς εἰς τὸν οὐρανόν, καὶ ἐγένετο ἕλκη, φλυκτίδες ἀναζέουσαι, ἐν τοῖς ἀνθρώποις καὶ ἐν τοῖς τετράποσιν.",27,ܘܢܣܒܘܗܝ ܠܩܛܡܐ ܕܐܬܘܢܐ. ܘܩܡܘ ܩܕܡ ܦܪܥܘܢ. ܘܕܪܝܗܝ ܡܘܫܐ ܠܫܡܝܐ ܠܥܢ̈ܘܗܝ ܕܦܪܥܘܢ. ܘܗܘ̣ܐ ܫܘܚܢܐ ܕܢܘܦܚ̈ܐ. ܘܦ̣ܪܚ ܒܒܢ̈ܝ ܐܢܫܐ ܘܒܒܥܝܪܐ.,18,"E eles tomaram cinza do forno, e apresentaram-se diante de Faraó; e Moisés a espalhou para o céu, e ela se tomou em tumores que arrebentavam em úlceras nos homens e no gado.",33,True,True,True
9,11,Êxodo 9:11,וְלֹֽא־ יָכְל֣וּ הַֽחַרְטֻמִּ֗ים לַעֲמֹ֛ד לִפְנֵ֥י מֹשֶׁ֖ה מִפְּנֵ֣י הַשְּׁחִ֑ין כִּֽי־ הָיָ֣ה הַשְּׁחִ֔ין בַּֽחֲרְטֻמִּ֖ם וּבְכָל־ מִצְרָֽיִם ׃,ולא יכלו החרטמימ לעמד לפני משה מפני השחינ כי היה השחינ בחרטממ ובכל מצרימ,15,ולא יכילו חרשיא למיקם קדם משה מין קדם שיחנא ארי הוה שיחנא בחרשיא ובכל מצראי:,15,καὶ οὐκ ἠδύναντο οἱ φαρμακοὶ στῆναι ἐναντίον Μωυσῆ διὰ τὰ ἕλκη· ἐγένετο γὰρ τὰ ἕλκη ἐν τοῖς φαρμακοῖς καὶ ἐν πάσῃ γῇ Αἰγύπτου.,23,ܘܠܐ ܐܫܟܚܘ ܚ̇ܪ̈ܫܐ ܠܡ̣ܩܡ ܩܕܡ ܡܘܫܐ̇. ܡܛܠ ܫܘܚܢܐ ܕܣ̣ܓܝ ܒܚ̇ܪ̈ܫܐ ܘܒܟܠܗ̇ ܡܨܪܝܢ.,12,"Os magos não podiam manter-se diante de Moisés, por causa dos tumores; porque havia tumores nos magos, e em todos os egípcios.",22,True,True,True
9,12,Êxodo 9:12,וַיְחַזֵּ֤ק יְהוָה֙ אֶת־ לֵ֣ב פַּרְעֹ֔ה וְלֹ֥א שָׁמַ֖ע אֲלֵהֶ֑ם כַּאֲשֶׁ֛ר דִּבֶּ֥ר יְהוָ֖ה אֶל־ מֹשֶֽׁה ׃ ס,ויחזק יהוה את לב פרעה ולא שמע אלהמ כאשר דבר יהוה אל משה ס,15,ותקיף יי ית לבא דפרעה ולא קביל מנהון כמא דמליל יי עם משה:,13,"ἐσκλήρυνεν δὲ Κύριος τὴν καρδίαν Φαραώ, καὶ οὐκ εἰσήκουσεν αὐτῶν, καθὰ συνέταξεν Κύριος.",13,ܘܩ̇ܫܝ ܡܪܝܐ ܠܒܗ ܕܦܪܥܘܢ ܘܠܐ ܫܡ̣ܥ ܐܢܘܢ. ܐܝܟ ܕܐܡ̣ܪ ܡܪܝܐ ܠܡܘܫܐ.,11,"Mas o Senhor endureceu o coração de Faraó, e este não os ouviu, como o Senhor tinha dito a Moisés.",20,True,True,True
9,13,Êxodo 9:13,וַיֹּ֤אמֶר יְהוָה֙ אֶל־ מֹשֶׁ֔ה הַשְׁכֵּ֣ם בַּבֹּ֔קֶר וְהִתְיַצֵּ֖ב לִפְנֵ֣י פַרְעֹ֑ה וְאָמַרְתָּ֣ אֵלָ֗יו כֹּֽה־ אָמַ֤ר יְהוָה֙ אֱלֹהֵ֣י הָֽעִבְרִ֔ים שַׁלַּ֥ח אֶת־ עַמִּ֖י וְיַֽעַבְדֻֽנִי ׃,ויאמר יהוה אל משה השכמ בבקר והתיצב לפני פרעה ואמרת אליו כה אמר יהוה אלהי העברימ שלח את עמי ויעבדני,21,ואמר יי למשה אקדם בצפרא ואתעתד קדם פרעה ותימר ליה כדנן אמר יי אלהא דיהודאי שלח ית עמי ויפלחון קדמי:,20,"Εἶπεν δὲ Κύριος πρὸς Μωυσῆν Ὄρθρισον τὸ πρωὶ καὶ στῆθι ἐναντίον Φαραώ, καὶ ἐρεῖς πρός αὐτόν Τάδε λέγει Κύριος ὁ θεὸς τῶν Ἐβραίων Ἐξαπόστειλον τὸν λαόν μου ἵνα λατρεύσωσίν μοι.",30,ܘܐܡ̣ܪ ܡܪܝܐ ܠܡܘܫܐ. ܩ̇ܕܡ ܒܨ̇ܦܪܐ ܘܩܘܡ ܩܕܡ ܦܪܥܘܢ. ܘܐܡ̣ܪ ܠܗ̣. ܗܟܢܐ ܐܡ̇ܪ ܡܪܝܐ ܐܠܗܐ ܕܥܒܪ̈ܝܐ. ܫܕܪ ܠܥܡܝ̣ ܘ̇ܢܦܠܚ̣ܢܝ.,18,"Então disse o Senhor a Moisés: Levanta-te pela manhã cedo, põe-te diante de Faraó, e dize-lhe: Assim diz o Senhor, o Deus dos hebreus: Deixa ir o meu povo, para que me sirva;",33,True,True,True
9,14,Êxodo 9:14,כִּ֣י ׀ בַּפַּ֣עַם הַזֹּ֗את אֲנִ֨י שֹׁלֵ֜חַ אֶת־ כָּל־ מַגֵּפֹתַי֙ אֶֽל־ לִבְּךָ֔ וּבַעֲבָדֶ֖יךָ וּבְעַמֶּ֑ךָ בַּעֲב֣וּר תֵּדַ֔ע כִּ֛י אֵ֥ין כָּמֹ֖נִי בְּכָל־ הָאָֽרֶץ ׃,כי בפעמ הזאת אני שלח את כל מגפתי אל לבכ ובעבדיכ ובעמכ בעבור תדע כי אינ כמני בכל הארצ,21,ארי בזמנא הדא אנא שלח ית כל מחתי ללבך ובעבדיך ובעמך בדיל דתדע ארי לית דכותי שליט בכל ארעא:,19,"ἐν τῷ γὰρ νῦν καιρῷ ἐγὼ ἐξαποστέλλω πάντα τὰ συναντήματά μου εἰς τὴν καρδίαν σου καὶ τῶν θεραπόντων σου καὶ τοῦ λαοῦ σου, ἵν᾽ εἰδῇς ὅτι οὐκ ἔστιν ὡς ἐγὼ ἄλλος ἐν πάσῃ τῇ γῇ.",35,ܡܛܠ ܕܒܙܒܢܐ ܗܢܐ ܡܫܕܪ ܐܢܐ ܡܚܘܬܝ ܥܠ ܠܒܟ. ܘܥܠ ܥܒ̣̈ܕܝܟ̇ ܘܥܠ ܥܡܟ. ܡܛܠ ܕܬܕܥ̣ ܕܠܝܬ ܐܟܘܬܝ ܒܟܠܗ̇ ܐܪܥܐ.,18,"porque desta vez enviarei todas as a minhas pragas sobre o teu coração, e sobre os teus servos, e sobre o teu povo, para que saibas que não há outro como eu em toda a terra.",36,True,True,True
9,15,Êxodo 9:15,כִּ֤י עַתָּה֙ שָׁלַ֣חְתִּי אֶת־ יָדִ֔י וָאַ֥ךְ אוֹתְךָ֛ וְאֶֽת־ עַמְּךָ֖ בַּדָּ֑בֶר וַתִּכָּחֵ֖ד מִן־ הָאָֽרֶץ ׃,כי עתה שלחתי את ידי ואכ אותכ ואת עמכ בדבר ותכחד מנ הארצ,14,ארי כען קריב קדמי דאשלח פון ית מחת גברתי ואמחי יתך וית עמך במותא ושיציאת מן ארעא:,17,"νῦν γὰρ ἀποστείλας τὴν χεῖρα πατάξω σε, καὶ τὸν λαόν σου θανατώσω, καὶ ἐκτριβήσῃ ἀπὸ τῆς γῆς·",17,ܡܛܠ ܕܗܫܐ ܡ̇ܘܫܛ ܐܢܐ ܐܝܕ̣ܝ. ܘܡ̇ܚܐ ܐܢܐ ܠܟ̣ ܘܠܥܡܟ ܒܡܘܬܢܐ. ܘܬܐܒܕ ܡܢ ܐܪܥܐ.,13,"Agora, por pouco, teria eu estendido a mão e ferido a ti e ao teu povo com pestilência, e tu terias sido destruído da terra;",25,True,True,True
9,16,Êxodo 9:16,וְאוּלָ֗ם בַּעֲב֥וּר זֹאת֙ הֶעֱמַדְתִּ֔יךָ בַּעֲב֖וּר הַרְאֹתְךָ֣ אֶת־ כֹּחִ֑י וּלְמַ֛עַן סַפֵּ֥ר שְׁמִ֖י בְּכָל־ הָאָֽרֶץ ׃,ואולמ בעבור זאת העמדתיכ בעבור הראתכ את כחי ולמענ ספר שמי בכל הארצ,14,וברם בדיל דא קימתך בדיל לאחזיותך ית חילי ובדיל דיהון משתען גבורת שמי בכל ארעא:,15,"καὶ ἕνεκεν τούτου διετηρήθης ἵνα ἐνδείξωμαι ἐν σοὶ τὴν ἰσχύν μου, καὶ ὅπως διαγγελῇ τὸ ὄνομά μου ἐν πάσῃ τῇ γῇ.",21,ܘܒܪܡ ܡܛܠ ܗܕܐ ܗ̣ܘ ܐܩܝܡܬܟ̣. ܡܛܠ ܕܐܚܘܝܟ ܚܝܠܝ. ܘܡܛܠ ܕܢܬܟܪܙ ܫܡܝ ܒܟܠܗ̇ ܐܪܥܐ.,13,"mas, na verdade, para isso te hei mantido com vida, para te mostrar o meu poder, e para que o meu nome seja anunciado em toda a terra.",28,True,True,True
9,17,Êxodo 9:17,עוֹדְךָ֖ מִסְתּוֹלֵ֣ל בְּעַמִּ֑י לְבִלְתִּ֖י שַׁלְּחָֽם ׃,עודכ מסתולל בעמי לבלתי שלחמ,6,עד כען את כבישת ביה בעמי בדיל דלא לשלחותהון:,9,ἔτι οὖν σὺ ἐνποιῇ τοῦ λαοῦ μου τοῦ μὴ ἐξαποστεῖλαι αὐτούς;,11,ܘܥܕܡܐ ܠܗܫܐ ܡܚܡܣܢ ܐܢܬ ܒܗ ܒܥܡܐ. ܘܠܐ ܨܒ̇ܐ ܐܢܬ ܕܬܫܕܪܝܘܗܝ.,10,"Tu ainda te exaltas contra o meu povo, não o deixando ir?",12,True,True,True
9,18,Êxodo 9:18,הִנְנִ֤י מַמְטִיר֙ כָּעֵ֣ת מָחָ֔ר בָּרָ֖ד כָּבֵ֣ד מְאֹ֑ד אֲשֶׁ֨ר לֹא־ הָיָ֤ה כָמֹ֨הוּ֙ בְּמִצְרַ֔יִם לְמִן־ הַיּ֥וֹם הִוָּסְדָ֖ה וְעַד־ עָֽתָּה ׃,הנני ממטיר כעת מחר ברד כבד מאד אשר לא היה כמהו במצרימ למנ היומ הוסדה ועד עתה,18,הא אנא מחית מטרא בעדנא הדין מחר ברדא תקיף לחדא די לא הוה דכותיה במצרים למן יומא דאשתכללת ועד כען:,20,"ἰδοὺ ἐγὼ ὕω ταύτην τὴν ὥραν αὔριον χάλαζαν πολλὴν σφόδρα, ἥτις τοιαύτη οὐ γέγονεν ἐν Αἰγύπτῳ ἀφ᾽ ἧς ἡμέρας ἔκτισται ἕως τῆς ἡμέρας ταύτης.",24,ܡܚܪ ܒܗܢܐ ܥܕܢܐ. ܡܝ̇ܬܐ ܐܢܐ ܒܪܕܐ̇ ܕܬ̣ܩܝܦ̣ ܛܒ. ܕܠܐ ܗܘ̣ܐ ܐܟܘܬܗ ܒܡܨܪܝܢ̇. ܡܢ ܝܘܡܐ ܕܐܬܒ̣ܢܝܬ ܘܥܕܡܐ ܠܗܫܐ.,17,"Eis que amanhã, por este tempo, s farei chover saraiva tão grave qual nunca houve no Egito, desde o dia em que foi fundado até agora.",26,True,True,True
9,19,Êxodo 9:19,וְעַתָּ֗ה שְׁלַ֤ח הָעֵז֙ אֶֽת־ מִקְנְךָ֔ וְאֵ֛ת כָּל־ אֲשֶׁ֥ר לְךָ֖ בַּשָּׂדֶ֑ה כָּל־ הָאָדָ֨ם וְהַבְּהֵמָ֜ה אֲשֶֽׁר־ יִמָּצֵ֣א בַשָּׂדֶ֗ה וְלֹ֤א יֵֽאָסֵף֙ הַבַּ֔יְתָה וְיָרַ֧ד עֲלֵהֶ֛ם הַבָּרָ֖ד וָמֵֽתוּ ׃,ועתה שלח העז את מקנכ ואת כל אשר לכ בשדה כל האדמ והבהמה אשר ימצא בשדה ולא יאספ הביתה וירד עלהמ הברד ומתו,24,וכען שלח כנוש ית בעירך וית כל די לך בחקלא כל אנשא ובעירא דאשתכח בחקלא ולא יתכנש לביתא ויחות עליהון ברדא וימותון:,22,"νῦν οὖν κατάσπευσον συναγαγεῖν τὰ κτήνη σου καὶ ὅσα σοί ἐστιν ἐν τῷ πεδίῳ· πάντες γὰρ οἱ ἄνθρωποι καὶ τὰ κτήνη ὅσα σοί ἐστιν ἐν τῷ πεδίῳ καὶ μὴ εἰσέλθῃ εἰς οἰκίαν, πέσῃ δὲ ἐπ᾽ αὐτὰ ἡ χάλαζα, τελευτήσει.",39,ܘܗܫܐ ܫܕܪ ܚܡܘܠ ܒܥܝܪܟ̣ ܘܟܠ ܡܕܡ ܕܐܝܬ ܠܟ ܒܕܒܪܐ . ܟܠ ܒܪܢܫܐ ܘܒܥܝܪܐ ܕܢܫܬܟܚ ܒܕܒܪܐ. ܘܠܐ ܢܬܚ̣ܡܠ ܒܓܘ ܒܝܬܐ. ܢܚܘܬ ܥܠܝܗܘܢ ܒܪܕܐ ܘܢܡ̣ܘܬܘܢ.,23,"Agora, pois, manda recolher o teu gado e tudo o que tens no campo; porque sobre todo homem e animal que se acharem no campo, e não se recolherem à casa, cairá a saraiva, e morrerão.",36,True,True,True
9,20,Êxodo 9:20,הַיָּרֵא֙ אֶת־ דְּבַ֣ר יְהוָ֔ה מֵֽעַבְדֵ֖י פַּרְעֹ֑ה הֵנִ֛יס אֶת־ עֲבָדָ֥יו וְאֶת־ מִקְנֵ֖הוּ אֶל־ הַבָּתִּֽים ׃,הירא את דבר יהוה מעבדי פרעה הניס את עבדיו ואת מקנהו אל הבתימ,14,דדחיל מפתגמא דיי מעבדי פרעה כנש ית עבדוהי וית גיתוהי לבתיא:,11,ὁ φοβούμενος τὸ ῥῆμα Κυρίου τῶν θεραπόντων Φαραὼ συνήγαγεν τὰ κτήνη αὐτοῦ εἰς τοὺς οἴκους·,15,ܐܝܢܐ ܕܕܚ̣ܠ ܡܢ ܡܠܬܗ ܕܡܪܝܐ. ܡܢ ܥܒ̣̈ܕܘܗܝ ܕܦܪܥܘܢ. ܚܡ̣ܠ ܥܒ̣̈ܕܘܗܝ ܘܒܥܝܪܗ ܒܒܝܬܐ.,12,"Quem dos servos de Faraó temia a o palavra do Senhor, fez Fugir os seus servos e o seu gado para as casas;",23,True,True,True
9,21,Êxodo 9:21,וַאֲשֶׁ֥ר לֹא־ שָׂ֛ם לִבּ֖וֹ אֶל־ דְּבַ֣ר יְהוָ֑ה וַֽיַּעֲזֹ֛ב אֶת־ עֲבָדָ֥יו וְאֶת־ מִקְנֵ֖הוּ בַּשָּׂדֶֽה ׃ פ,ואשר לא שמ לבו אל דבר יהוה ויעזב את עבדיו ואת מקנהו בשדה פ,15,ודי לא שוי לביה לפתגמא דיי שבק ית עבדוהי וית גיתוהי בחקלא:,12,"ὃς δὲ μὴ προσέσχεν τῇ διανοίᾳ εἰς τὸ ῥῆμα Κυρίου, ἀφῆκεν τὰ κτήνη ἐν τοῖς πεδίοις.",16,ܘܕܠܐ ܐܝܬܝ ܡܠܬܗ ܕܡܪܝܐ ܥܠ ܠܒܗ . ܫܒ̣ܩ ܥܒ̣̈ܕܘܗܝ ܘܒܥܝܪܗ ܒܚܩܠܐ.,11,"mas aquele que não se importava com a palavra do Senhor, deixou os seus servos e o seu gado no campo.",21,True,True,True
9,22,Êxodo 9:22,וַיֹּ֨אמֶר יְהוָ֜ה אֶל־ מֹשֶׁה נְטֵ֤ה אֶת־ יָֽדְךָ֙ עַל־ הַשָּׁמַ֔יִם וִיהִ֥י בָרָ֖ד בְּכָל־ אֶ֣רֶץ מִצְרָ֑יִם עַל־ הָאָדָ֣ם וְעַל־ הַבְּהֵמָ֗ה וְעַ֛ל כָּל־ עֵ֥שֶׂב הַשָּׂדֶ֖ה בְּאֶ֥רֶץ מִצְרָֽיִם ׃,ויאמר יהוה אל משה נטה את ידכ על השמימ ויהי ברד בכל ארצ מצרימ על האדמ ועל הבהמה ועל כל עשב השדה בארצ מצרימ,25,ואמר יי למשה ארים ית ידך על צית שמיא ויהי ברדא בכל ארעא דמצראי על אנשא ועל בעירא ועל כל עסבא דחקלא בארעא דמצרים:,24,"Εἶπεν δὲ Κύριος πρὸς Μωυσῆν Ἔκτεινον τὴν χεῖρά σου εἰς τὸν οὐρανόν, καὶ ἔσται χάλαζα ἐπὶ πᾶσαν γῆν Αἰγύπτου, ἐπί τε τοὺς ἀνθρώπους καὶ τὰ κτήνη καὶ ἐπὶ πᾶσαν βοτάνην τὴν ἐπὶ τῆς γῆς.",34,ܘܐܡ̣ܪ ܡܪܝܐ ܠܡܘܫܐ. ܐܪܝܡ ܐܝܕܟ ܠܐ̈ܦܝ ܫܡܝܐ. ܘܢ̣ܗܘܐ ܒܪܕܐ ܒܟܠܗ̇ ܐܪܥܐ ܕܡܨܪܝܢ. ܥܠ ܒܢܝܢܫ̈ܐ̇ ܘܥܠ ܒܥܝܪܐ. ܘܥܠ ܟܠܗ ܥܣܒܐ ܕܒܕܒܪܐ ܕܒܐܪܥܐ ܕܡܨܪܝܢ.,22,"Então disse o Senhor a Moisés: Estende a tua mão para o céu, para que caia saraiva em toda a terra do Egito, sobre os homens e sobre os animais, e sobre toda a erva do campo na terra do Egito.",41,True,True,True
9,23,Êxodo 9:23,וַיֵּ֨ט מֹשֶׁ֣ה אֶת־ מַטֵּהוּ֮ עַל־ הַשָּׁמַיִם֒ וַֽיהוָ֗ה נָתַ֤ן קֹלֹת֙ וּבָרָ֔ד וַתִּ֥הֲלַךְ אֵ֖שׁ אָ֑רְצָה וַיַּמְטֵ֧ר יְהוָ֛ה בָּרָ֖ד עַל־ אֶ֥רֶץ מִצְרָֽיִם ׃,ויט משה את מטהו על השמימ ויהוה נתנ קלת וברד ותהלכ אש ארצה וימטר יהוה ברד על ארצ מצרימ,20,וארים משה ית חטריה על צית שמיא ויי יהב קלין וברדא ומהלכא אשתא על ארעא ואמטר יי ברדא על ארעא דמצרים:,21,"ἐξέτεινεν δὲ Μωυσῆς τὴν χεῖρα εἰς τὸν οὐρανόν, καὶ Κύριος ἔδωκεν φωνάς καὶ χάλαζαν, καὶ διέτρεχεν τὸ πῦρ ἐπὶ τῆς γῆς· καὶ ἔβρεξεν Κύριος χάλαζαν ἐπὶ πᾶσαν γῆν Αἰγύπτου.",29,ܘܐܪܝܡ ܡܘܫܐ ܚܘܛܪܗ ܠܐ̈ܦܝ ܫܡܝܐ. ܘܡܪܝܐ̇ ܝܗ̣ܒ ܩ̈ܠܐ ܘܒܪܕܐ ܘܡܗܠܟܐ ܗܘܬ ܢܘܪܐ ܥܠ ܐܪܥܐ. ܘܐܚܬ ܡܪܝܐ ܒܪܕܐ ܥܠ ܐܪܥܐ ܕܡܨܪܝܢ.,20,"E Moisés estendeu a sua vara para o céu, e o Senhor enviou trovões e saraiva, e fogo desceu à terra; e o Senhor fez chover saraiva sobre a terra do Egito.",32,True,True,True
9,24,Êxodo 9:24,וַיְהִ֣י בָרָ֔ד וְאֵ֕שׁ מִתְלַקַּ֖חַת בְּת֣וֹךְ הַבָּרָ֑ד כָּבֵ֣ד מְאֹ֔ד אֲ֠שֶׁר לֹֽא־ הָיָ֤ה כָמֹ֨הוּ֙ בְּכָל־ אֶ֣רֶץ מִצְרַ֔יִם מֵאָ֖ז הָיְתָ֥ה לְגֽוֹי ׃,ויהי ברד ואש מתלקחת בתוכ הברד כבד מאד אשר לא היה כמהו בכל ארצ מצרימ מאז היתה לגוי,19,והוה ברדא ואשתא משתלהבת בגו ברדא תקיף לחדא די לא הוה דכותיה בכל ארעא דמצרים מעדן דהות לעם:,18,"ἦν δὲ ἡ χάλαζα, καὶ τὸ πῦρ φλογίζον ἐν τῇ χαλάζῃ· ἡ δὲ χάλαζα πολλὴ σφόδρα, ἥτις τοιαύτη οὐ γέγονεν ἐν Αἰγύπτῳ ἀφ᾽ ἧς ἡμέρας γεγένηται ἐπ᾽ αὐτῆς ἔθνος.",29,ܘܢܚ̇ܬ ܗܘܐ ܒܪܕܐ. ܘܢܘܪܐ ܡܬܓ̇ܘܙܠܐ ܗܘܬ ܒܓܘ ܒܪܕܐ. ܚܣܝܢ ܗܘܐ ܛܒ. ܕܠܐ ܗܘܐ ܐܟܘܬܗ ܒܟܠܗ̇ ܐܪܥܐ ܕܡܨܪܝ̇ܢ. ܡܢ ܝܘܡܐ ܕܗܘ̣ܬ ܠܥܡܐ .,22,"Havia, pois, saraiva misturada com fogo, saraiva tão grave qual nunca houvera em toda a terra do Egito, desde que veio a ser uma nação.",25,True,True,True
9,25,Êxodo 9:25,וַיַּ֨ךְ הַבָּרָ֜ד בְּכָל־ אֶ֣רֶץ מִצְרַ֗יִם אֵ֚ת כָּל־ אֲשֶׁ֣ר בַּשָּׂדֶ֔ה מֵאָדָ֖ם וְעַד־ בְּהֵמָ֑ה וְאֵ֨ת כָּל־ עֵ֤שֶׂב הַשָּׂדֶה֙ הִכָּ֣ה הַבָּרָ֔ד וְאֶת־ כָּל־ עֵ֥ץ הַשָּׂדֶ֖ה שִׁבֵּֽר ׃,ויכ הברד בכל ארצ מצרימ את כל אשר בשדה מאדמ ועד בהמה ואת כל עשב השדה הכה הברד ואת כל עצ השדה שבר,24,ומחא ברדא בכל ארעא דמצרים ית כל די בחקלא מאנשא ועד בעירא וית כל עסבא דחקלא מחא ברדא וית כל אילן דבחקלא תבר:,23,"ἐπάταξεν δὲ ἡ χάλαζα ἐν πάσῃ γῇ Αἰγύπτου ἀπὸ ἀνθρώπου ἕως κτήνους, καὶ πᾶσαν βοτάνην τὴν ἐν τῷ πεδίῳ ἐπάταξεν ἡ χάλαζα, καὶ πάντα τὰ ξύλα τὰ ἐν τοῖς πεδίοις συνέτριψεν ἡ χάλαζα·",33,ܘܡܚ̣ܐ ܒܪܕܐ ܠܟܠܗ̇ ܐܪܥܐ ܕܡܨܪܝ̣ܢ. ܠܟܠ ܕܐܝܬ ܒܕܒܪܐ. ܡܢ ܒܢܝܢܫ̈ܐ ܘܥܕܡܐ ܠܒܥܝܪܐ. ܘܟܠܗ ܥܣܒܐ ܕܚܩܠܐ ܐܘܒܕ ܒܪܕܐ. ܘܟܠܗܘܢ ܐܝ̈ܠܢܐ ܕܒܚܩܠܐ ܬܒ̇ܪ.,21,"E a saraiva feriu, em toda a terra do Egito, tudo quanto havia no campo, tanto homens como animais; feriu também toda erva do campo, e quebrou todas as árvores do campo.",32,True,True,True
9,26,Êxodo 9:26,רַ֚ק בְּאֶ֣רֶץ גֹּ֔שֶׁן אֲשֶׁר־ שָׁ֖ם בְּנֵ֣י יִשְׂרָאֵ֑ל לֹ֥א הָיָ֖ה בָּרָֽד ׃,רק בארצ גשנ אשר שמ בני ישראל לא היה ברד,11,לחוד בארעא דגשן די תמן בני ישראל לא הוא ברדא:,10,"πλὴν ἐν γῇ Γέσεμ, οὗ ἦσαν οἱ υἱοὶ Ἰσραήλ, οὐκ ἐγένετο ἡ χάλαζα.",13,ܒܠܚܘ̣ܕ ܒܐܪܥܐ ܕܓܫ̣ܢ ܕܝܬܒܝܢ ܗܘܘ ܒܗ̇ ܒܢ̈ܝ ܐܝܣܪܝܠ. ܕܠܐ ܢܚ̣ܬ ܒܪܕܐ.,11,"Somente na terra de Gósem onde se achavam os filhos de Israel, não houve saraiva.",15,True,True,True
9,27,Êxodo 9:27,וַיִּשְׁלַ֣ח פַּרְעֹ֗ה וַיִּקְרָא֙ לְמֹשֶׁ֣ה וּֽלְאַהֲרֹ֔ן וַיֹּ֥אמֶר אֲלֵהֶ֖ם חָטָ֣אתִי הַפָּ֑עַם יְהוָה֙ הַצַּדִּ֔יק וַאֲנִ֥י וְעַמִּ֖י הָרְשָׁעִֽים ׃,וישלח פרעה ויקרא למשה ולאהרנ ויאמר אלהמ חטאתי הפעמ יהוה הצדיק ואני ועמי הרשעימ,15,ושלח פרעה וקרא למשה ולאהרן ואמר להון חבית זמנא הדא יי זכאה ואנא ועמי חיבין:,15,"ἀποστείλας δὲ Φαραὼ ἐκάλεσεν Μωυσῆν καὶ Ἀαρὼν καὶ εἶπεν αὐτοῖς Ἡμάρτηκα τὸ νῦν· ὁ κύριος δίκαιος, ἐγὼ δὲ καὶ ὁ λαός μου ἀσεβεῖς.",23,ܘܫ̇ܕܪ ܦܪܥܘܢ ܘܩ̣ܪܐ ܠܡܘܫܐ ܘܠܐܗܪܘܢ ܘܐܡ̣ܪ ܠܗܘܢ. ܚ̇ܛܝܬ ܙܒܢܬܐ ܗܕܐ. ܡܪܝܐ̇ ܙܕܝܩ. ܘܐܢܐ ܘܥܡܝ̣ ܪ̈ܫܝܥܝܢ.,15,"Então Faraó mandou chamar Moisés e Arão, e disse-lhes: Esta vez pequei; o Senhor é justo, mas eu e o meu povo somos a ímpios.",25,True,True,True
9,28,Êxodo 9:28,הַעְתִּ֨ירוּ֙ אֶל־ יְהוָ֔ה וְרַ֕ב מִֽהְיֹ֛ת קֹלֹ֥ת אֱלֹהִ֖ים וּבָרָ֑ד וַאֲשַׁלְּחָ֣ה אֶתְכֶ֔ם וְלֹ֥א תֹסִפ֖וּן לַעֲמֹֽד ׃,העתירו אל יהוה ורב מהית קלת אלהימ וברד ואשלחה אתכמ ולא תספונ לעמד,14,צלו קדם יי וסגי קדמוהי רוח דלא יהון עלנא קלין דלוט כאלין מן קדם יי וברדא ואשלח יתכון ולא תוספון לאתעכבא:,21,"εὔξασθε οὖν περὶ ἐμοῦ πρὸς Κύριον, καὶ παυσάσθω τοῦ γενηθῆναι φωνὰς θεοῦ καὶ χάλαζαν καὶ πῦρ· καὶ ἐξαποστελῶ ὑμᾶς, καὶ οὐκέτι προστεθήσεσθε μένειν.",23,ܨ̇ܠܘ ܩܕܡ ܡܪܝܐ. ܘܐܝܬ ܐܬܪܐ ܣ̇ܓܝ ܩܕܡܘܗܝ̣. ܕܠܐ ܢܗܘܘܢ ܩ̈ܠܘܗܝ ܕܐܠܗܐ ܘܒܪܕܐ. ܘܐܫܕܪܟܘܢ ܘܠܐ ܬܘܣܦܘܢ ܠܡܦ̣ܫ.,16,"Orai ao Senhor; pois já bastam estes trovões da parte de Deus e esta saraiva; eu vos deixarei ir, e não permanecereis mais, aqui.",24,True,True,True
9,29,Êxodo 9:29,וַיֹּ֤אמֶר אֵלָיו֙ מֹשֶׁ֔ה כְּצֵאתִי֙ אֶת־ הָעִ֔יר אֶפְרֹ֥שׂ אֶת־ כַּפַּ֖י אֶל־ יְהוָ֑ה הַקֹּל֣וֹת יֶחְדָּל֗וּן וְהַבָּרָד֙ לֹ֣א יִֽהְיֶה־ ע֔וֹד לְמַ֣עַן תֵּדַ֔ע כִּ֥י לַיהוָ֖ה הָאָֽרֶץ ׃,ויאמר אליו משה כצאתי את העיר אפרש את כפי אל יהוה הקלות יחדלונ והברד לא יהיה עוד למענ תדע כי ליהוה הארצ,23,ואמר ליה משה כמפקי מן קרתא אפרוש ידי בצלו קדם יי קליא יתמנעון וברדא לא יהי עוד בדיל דתדע ארי דיי ארעא:,22,"εἶπεν δὲ αὐτῷ Μωυσῆς Ὡς ἂν ἐξέλθω τὴν πόλιν, ἐκπετάσω τὰς χεῖράς μου, καὶ αἱ φωναὶ παύσονται, καὶ ἡ χάλαζα καὶ ὁ ὑετὸς οὐκ ἔσται ἔτι· ἵνα γνῷς ὅτι τοῦ κυρίου ἡ γῆ.",33,ܘܐܡ̣ܪ ܠܗ ܡܘܫܐ . ܡܐ ܕܢܦܩ̇ܬ ܡܢ ܩܪܝܬܐ. ܐܦܫܘܛ ܐ̈ܝܕܝ ܠܘܬ ܡܪܝܐ. ܩ̈ܠܐ ܢܦ̣ܪܩܘܢ. ܘܒܪܕܐ ܬܘܒ̣ ܠܐ ܢܚܘܬ. ܡܛܠ ܕܬܕܥ̣ ܕܕܡܪܝܐ ܗܝ ܐܪܥܐ.,23,"Respondeu-lhe Moisés: Logo que eu tiver saído da cidade estenderei minhas mãos ao Senhor; os trovões cessarão, e não haverá, mais saraiva, para que saibas que a terra é do Senhor.",31,True,True,True
9,30,Êxodo 9:30,וְאַתָּ֖ה וַעֲבָדֶ֑יךָ יָדַ֕עְתִּי כִּ֚י טֶ֣רֶם תִּֽירְא֔וּן מִפְּנֵ֖י יְהוָ֥ה אֱלֹהִֽים ׃,ואתה ועבדיכ ידעתי כי טרמ תיראונ מפני יהוה אלהימ,10,ואת ועבדיך ידענא ארי עד כען לא אתכנעתון מן קדם יי אלהים:,12,καὶ σὺ καὶ οἱ θεράποντές σου ἐπίσταμαι ὅτι οὐδέπω πεφόβησθε τὸν θεόν.,12,ܘܐܢܬ ܘܥܒ̣̈ܕܝܟ ܝܕܥ̇ ܐܢܐ. ܕܥܕܡܐ ܠܗܫܐ ܠܐ ܕܚܠܬ̣ܘܢ ܡܢ ܩܕܡ ܡܪܝܐ ܐܠܗܐ.,12,"Todavia, quanto a ti e aos teus servos, eu sei que ainda não temereis diante do Senhor Deus.",18,True,True,True
9,31,Êxodo 9:31,וְהַפִּשְׁתָּ֥ה וְהַשְּׂעֹרָ֖ה נֻכָּ֑תָה כִּ֤י הַשְּׂעֹרָה֙ אָבִ֔יב וְהַפִּשְׁתָּ֖ה גִּבְעֹֽל ׃,והפשתה והשערה נכתה כי השערה אביב והפשתה גבעל,9,וכתנא וסערי לקו ארי סערניא אביבין וכתנא גבעולין:,8,"τὸ δὲ λίνον καὶ ἡ κριθὴ ἐπλήγη· ἡ γὰρ κριθὴ παρεστηκυῖα, τὸ δὲ λίνον σπερματίζον·",15,ܘܟܬܢܐ̇ ܘܣܥܪ̈ܐ ܐܒ̣ܕܘ. ܡܛܠ ܕܣܥܪ̈ܐ ܡ̈ܚ̣ܝ ܟܢܐ. ܘܟܬܢܐ ܟܦ̣ܬ.,9,"Ora, o linho e a cevada foram danificados, porque a cevada já estava na espiga, e o linho em flor;",20,True,True,True
9,32,Êxodo 9:32,וְהַחִטָּ֥ה וְהַכֻּסֶּ֖מֶת לֹ֣א נֻכּ֑וּ כִּ֥י אֲפִילֹ֖ת הֵֽנָּה ׃,והחטה והכסמת לא נכו כי אפילת הנה,8,וחטאה וכנתיא לא לקו ארי אפילתא אנון:,7,"ὁ δὲ πυρὸς καὶ ἡ ὄλυρα οὐκ ἐπλήγησαν, ὄψιμα γὰρ ἦν.",11,ܘܚ̈ܛܐ ܘܟܘܢܬ̈ܐ ܠܐ ܐܒܕܘ. ܡܛܘܠ ܕܠܩܝܫܝܝܢ ܗܘܘ.,7,"mas não foram danificados o trigo e o centeio, porque não estavam crescidos.",13,True,True,True
9,33,Êxodo 9:33,וַיֵּצֵ֨א מֹשֶׁ֜ה מֵעִ֤ם פַּרְעֹה֙ אֶת־ הָעִ֔יר וַיִּפְרֹ֥שׂ כַּפָּ֖יו אֶל־ יְהוָ֑ה וַֽיַּחְדְּל֤וּ הַקֹּלוֹת֙ וְהַבָּרָ֔ד וּמָטָ֖ר לֹא־ נִתַּ֥ךְ אָֽרְצָה ׃,ויצא משה מעמ פרעה את העיר ויפרש כפיו אל יהוה ויחדלו הקלות והברד ומטר לא נתכ ארצה,18,ונפק משה מלות פרעה ית קרתא ופרש ידוהי בצלו קדם יי ויתמנעון קליא וברדא ומטרא דהוה נחית לא מטא על ארעא:,21,"ἐξῆλθεν δὲ Μωυσῆς ἀπὸ Φαραὼ ἐκτὸς τῆς πόλεως καὶ ἐξέτεινεν τὰς χεῖρας πρὸς Κύριον· καὶ αἱ φωναὶ ἐπαύσαντο καὶ ἡ χάλαζα, καὶ ὁ ὑετὸς οὐκ ἔσταξεν οὐκέτι ἐπὶ τὴν γῆν.",30,ܘܢܦ̣ܩ ܡܘܫܐ ܡܢ ܩܪܝܬܐ ܡܢ ܠܘܬ ܦܪܥܘܢ. ܘܦ̣ܪܣ ܐ̈ܝܕܘܗܝ ܠܫܡܝܐ ܠܘܬ ܡܪܝܐ. ܘܦܪ̣ܩܘ̇ ܩ̈ܠܐ̣ ܘܒܪܕܐ. ܘܡܛܪܐ ܠܐ ܣܡ̣ܟ ܠܐܪܥܐ .,20,"Saiu, pois, Moisés da cidade, da presença de Faraó, e estendeu as mãos ao Senhor; e cessaram os trovões e a saraiva, e a chuva não caiu mais sobre a terra.",31,True,True,True
9,34,Êxodo 9:34,וַיַּ֣רְא פַּרְעֹ֗ה כִּֽי־ חָדַ֨ל הַמָּטָ֧ר וְהַבָּרָ֛ד וְהַקֹּלֹ֖ת וַיֹּ֣סֶף לַחֲטֹ֑א וַיַּכְבֵּ֥ד לִבּ֖וֹ ה֥וּא וַעֲבָדָֽיו ׃,וירא פרעה כי חדל המטר והברד והקלת ויספ לחטא ויכבד לבו הוא ועבדיו,14,וחזא פרעה ארי אתמנע מטרא וברדא וקליא ואוסף למחטי ויקריה ללביה הוא ועבדוהי:,13,"ἰδὼν δὲ Φαραὼ ὅτι πέπαυται ὁ ὑετὸς καὶ ἡ χάλαζα καὶ αἱ φωναί, προσέθετο τοῦ ἁμαρτάνειν, καὶ ἐβάρυνεν αὐτοῦ τὴν καρδίαν καὶ τῶν θεραπόντων αὐτοῦ.",25,ܘܚ̣ܙܐ ܦܪܥܘܢ ܕܦܪ̣ܩ ܡܛܪܐ ܘܒܪܕܐ ܘܩ̈ܠܐ. ܘܐܘܣܦ ܠܡܚܛܐ. ܘܐܬܩ̇ܫܝ ܠܒܗ ܕܦܪܥܘܢ ܘܕܥܒ̣̈ܕܘܗܝ.,12,"Vendo Faraó que a chuva, a saraiva e os trovões tinham cessado, continuou a pecar, e endureceu o seu coração, ele e os seus servos.",25,True,True,True
9,35,Êxodo 9:35,וַֽיֶּחֱזַק֙ לֵ֣ב פַּרְעֹ֔ה וְלֹ֥א שִׁלַּ֖ח אֶת־ בְּנֵ֣י יִשְׂרָאֵ֑ל כַּאֲשֶׁ֛ר דִּבֶּ֥ר יְהוָ֖ה בְּיַד־ מֹשֶֽׁה ׃ פ,ויחזק לב פרעה ולא שלח את בני ישראל כאשר דבר יהוה ביד משה פ,15,ואתקף לבא דפרעה ולא שלח ית בני ישראל כמא די מליל יי בידא דמשה:,14,"καὶ ἐσκληρύνθη ἡ καρδία Φαραώ, καὶ οὐκ ἐξαπέστειλεν τοὺς υἱοὺς Ἰσραήλ, καθάπερ ἐλάλησεν Κύριος τῷ Μωυσῇ.",16,ܘܐܬ̇ܥܒܝ ܠܒܗ ܕܦܪܥܘܢ. ܘܠܐ ܫܕܪ ܠܒ̈ܢܝ ܐܝܣܪܝܠ. ܐܝܟ ܕܫܠܚ̣ ܡܪܝܐ ܒܐܝܕܐ ܕܡܘܫܐ.,12,"Assim, o coração de Faraó se endureceu, e não deixou ir os filhos de Israel, como o Senhor tinha dito por Moisés.",22,True,True,True
10,1,Êxodo 10:1,וַיֹּ֤אמֶר יְהוָה֙ אֶל־ מֹשֶׁ֔ה בֹּ֖א אֶל־ פַּרְעֹ֑ה כִּֽי־ אֲנִ֞י הִכְבַּ֤דְתִּי אֶת־ לִבּוֹ֙ וְאֶת־ לֵ֣ב עֲבָדָ֔יו לְמַ֗עַן שִׁתִ֛י אֹתֹתַ֥י אֵ֖לֶּה בְּקִרְבּֽוֹ ׃,ויאמר יהוה אל משה בא אל פרעה כי אני הכבדתי את לבו ואת לב עבדיו למענ שתי אתתי אלה בקרבו,21,ואמר יי למשה עול לות פרעה ארי אנא יקרית ית לבה וית לבא דעבדוהי בדיל לשואה אתי אלין ביניהון:,19,"Εἶπεν δὲ Κύριος πρὸς Μωυσῆν λέγων Εἴσελθε πρὸς Φαραώ· ἐγὼ γὰρ ἐσκλήρυνα αὐτοῦ τὴν καρδίαν καὶ τῶν θεραπόντων αὐτοῦ, ἵνα ἑξῆς ἐπέλθῃ τὰ σημεῖα ταῦτα ἐπ᾽ αὐτούς·",27,ܘܐܡ̣ܪ ܡܪܝܐ ܠܡܘܫܐ. ܙܠ ܠܘܬ ܦܪܥܘܢ. ܡܛܠ ܕܐܢܐ ܩܫ̇ܝܬ ܠܒܗ̣ ܘܠܒܐ ܕܥܒ̣̈ܕܘܗܝ. ܡܛܠ ܕܐܥ̇ܒܕ ܐ̈ܬܘܬܐ ܗܠܝܢ ܒܝܢܬܗܘܢ.,17,"Depois disse o Senhor a Moisés: vai a Faraó; porque tenho endurecido o seu coração, e o coração de seus servos, para manifestar estes meus sinais no meio deles,",29,True,True,True
10,2,Êxodo 10:2,וּלְמַ֡עַן תְּסַפֵּר֩ בְּאָזְנֵ֨י בִנְךָ֜ וּבֶן־ בִּנְךָ֗ אֵ֣ת אֲשֶׁ֤ר הִתְעַלַּ֨לְתִּי֙ בְּמִצְרַ֔יִם וְאֶת־ אֹתֹתַ֖י אֲשֶׁר־ שַׂ֣מְתִּי בָ֑ם וִֽידַעְתֶּ֖ם כִּי־ אֲנִ֥י יְהוָֽה ׃,ולמענ תספר באזני בנכ ובנ בנכ את אשר התעללתי במצרימ ואת אתתי אשר שמתי במ וידעתמ כי אני יהוה,20,ובדיל דתשתעי קדם ברך ובר ברך ית נסין די עבדית במצרים וית אתותי די שויתי בהון ותדעון ארי אנא יי:,20,"ὅπως διηγήσησθε εἰς τὰ ὦτα τῶν τέκνων ὑμῶν καὶ τοῖς τέκνοις τῶν τέκνων ὑμῶν ὅσα ἐμπέπαιχα τοῖς Αἰγυπτίοις, καὶ τὰ σημεῖά μου ἃ ἐποίησα ἐν αὐτοῖς, καὶ γνώσεσθε ὅτι ἐγὼ Κύριος.",31,ܘܡܛܠ ܕܬܫ̇ܬܥܐ ܩܕܡ ܒܪܟ ܘܒܪ ܒܪܟ. ܡܕܡ ܕܥܒ̇ܕܬ ܒܡܨܪܝܢ̇ . ܘܐܬ̈ܘܬܐ ܕܥܒ̇ܕܬ ܒܗܘܢ. ܘܬܕܥܘܢ ܕܐܢܐ ܐܢܐ ܡܪܝܐ.,17,"e para que contes aos teus filhos, e aos filhos de teus filhos, as coisas que fiz no Egito, e os meus sinais que operei entre eles; para que vós saibais que eu sou o Senhor.",36,True,True,True
10,3,Êxodo 10:3,וַיָּבֹ֨א מֹשֶׁ֣ה וְאַהֲרֹן֮ אֶל־ פַּרְעֹה֒ וַיֹּאמְר֣וּ אֵלָ֗יו כֹּֽה־ אָמַ֤ר יְהוָה֙ אֱלֹהֵ֣י הָֽעִבְרִ֔ים עַד־ מָתַ֣י מֵאַ֔נְתָּ לֵעָנֹ֖ת מִפָּנָ֑י שַׁלַּ֥ח עַמִּ֖י וְיַֽעַבְדֻֽנִי ׃,ויבא משה ואהרנ אל פרעה ויאמרו אליו כה אמר יהוה אלהי העברימ עד מתי מאנת לענת מפני שלח עמי ויעבדני,21,ואתא משה ואהרן לות פרעה ואמרו לה כדנן אמר יי אלהא דיהודאי עד אמתי מסרב את לאתכנעא מן קדמי שלח עמי ויפלחון קדמי:,23,εἰσῆλθεν δὲ Μωυσῆς καὶ Ἀαρὼν ἐναντίον Φαραὼ καὶ εἶπαν αὐτῷ Τάδε λέγει Κύριος ὁ θεὸς τῶν Ἐβραίων Ἕως τίνος οὐ βούλει ἐντραπῆναί με; ἐξαπόστειλον τὸν λαόν μου ἵνα λατρεύσωσίν μοι.,30,ܘܐܬܘ ܡܘܫܐ ܘܐܗܪܘܢ ܠܘܬ ܦܪܥܘܢ ܘܐܡ̣ܪܘ ܠܗ . ܗܟܢܐ ܐܡ̇ܪ ܡܪܝܐ ܐܠܗܐ ܕܥܒܪ̈ܝܐ. ܥܕܡܐ ܠܐܡܬܝ ܠܐ ܨ̇ܒܐ ܐܢܬ ܠܡܕ̣ܚܠ ܡܢܝ. ܫܕܪ ܠܥܡܝ̣ ܘ̇ܢܦܠܚ̣ܢܝ.,23,"Foram, pois, Moisés e Arão a Faraó, e disseram-lhe: Assim diz o Senhor, o Deus dos hebreus: Até quando recusarás humilhar-te diante de mim? Deixa ir o meu povo, para que me sirva;",33,True,True,True
10,4,Êxodo 10:4,כִּ֛י אִם־ מָאֵ֥ן אַתָּ֖ה לְשַׁלֵּ֣חַ אֶת־ עַמִּ֑י הִנְנִ֨י מֵבִ֥יא מָחָ֛ר אַרְבֶּ֖ה בִּגְבֻלֶֽךָ ׃,כי אמ מאנ אתה לשלח את עמי הנני מביא מחר ארבה בגבלכ,13,ארי אם סריב את לשלחא ית עמי הא אנא מייתי מחר גובא בתחומך:,13,"ἐὰν δὲ μὴ θέλῃς σὺ ἐξαποστεῖλαι τὸν λαόν μου, ἰδοὺ ἐγὼ ἐπάγω ταύτην τὴν ὥραν αὔριον ἀκρίδα πολλὴν ἐπὶ πάντα τὰ ὅριά σου·",23,ܘܐܠܐ ܨ̇ܒܐ ܐܢܬ ܠܡܫܕܪܘ ܠܥܡ̣ܝ. ܗܐ ܡܝ̇ܬܐ ܐܢܐ ܡܚܪ ܩܡܨܐ ܥܠ ܟܠܗ ܬܚܘܡܟ.,13,"mas se tu recusares deixar ir o meu povo, eis que amanhã trarei gafanhotos aos teus termos;",17,True,True,True
10,5,Êxodo 10:5,וְכִסָּה֙ אֶת־ עֵ֣ין הָאָ֔רֶץ וְלֹ֥א יוּכַ֖ל לִרְאֹ֣ת אֶת־ הָאָ֑רֶץ וְאָכַ֣ל ׀ אֶת־ יֶ֣תֶר הַפְּלֵטָ֗ה הַנִּשְׁאֶ֤רֶת לָכֶם֙ מִן־ הַבָּרָ֔ד וְאָכַל֙ אֶת־ כָּל־ הָעֵ֔ץ הַצֹּמֵ֥חַ לָכֶ֖ם מִן־ הַשָּׂדֶֽה ׃,וכסה את עינ הארצ ולא יוכל לראת את הארצ ואכל את יתר הפלטה הנשארת לכמ מנ הברד ואכל את כל העצ הצמח לכמ מנ השדה,27,וחפא ית עין שמשא דארעא ולא יכול למחזי ית ארעא ויכול ית שאר שזבתא דאשתאר לכון מן ברדא ויכול ית כל אילנא דאצמח לכון מן חקלא:,26,"καὶ καλύψει τὴν ὄψιν τῆς γῆς, καὶ οὐ δυνήσῃ κατιδεῖν τὴν γῆν· καὶ κατέδεται πᾶν τὸ περισσὸν τῆς γῆς τὸ καταλειφθέν, ὃ κατέλιπεν ὑμῖν ἡ χάλαζα, καὶ κατέδεται πᾶν ξύλον τὸ φυόμενον ὑμῖν ἐπὶ τῆς γῆς·",36,ܘܢ̇ܟܣܐ ܥܝܢܗ̇ ܕܐܪܥܐ. ܘܠܐ ܢܫܟܚ ܒܪ ܐܢܫܐ ܠܡܚܙܝܗ̇ ܠܐܪܥܐ. ܘܢܐܟܘܠ ܫܪܟܐ ܕܡܕܡ ܕܫ̣ܒܩ ܠܟܘܢ ܒܪܕܐ. ܘܢܐܟܘܠ ܟܠܗܘܢ ܐܝ̈ܠܢܐ ܐܝܠܝܢ ܕܝܥܘ ܠܟܘܢ ܒܚܩܠܐ.,22,"e eles cobrirão a face da terra, de sorte que não se poderá ver a terra e comerão o resto do que escapou, o que vos ficou da saraiva; também comerão toda árvore que vos cresce no campo;",38,True,True,True
10,6,Êxodo 10:6,וּמָלְא֨וּ בָתֶּ֜יךָ וּבָתֵּ֣י כָל־ עֲבָדֶיךָ֮ וּבָתֵּ֣י כָל־ מִצְרַיִם֒ אֲשֶׁ֨ר לֹֽא־ רָא֤וּ אֲבֹתֶ֨יךָ֙ וַאֲב֣וֹת אֲבֹתֶ֔יךָ מִיּ֗וֹם הֱיוֹתָם֙ עַל־ הָ֣אֲדָמָ֔ה עַ֖ד הַיּ֣וֹם הַזֶּ֑ה וַיִּ֥פֶן וַיֵּצֵ֖א מֵעִ֥ם פַּרְעֹֽה ׃,ומלאו בתיכ ובתי כל עבדיכ ובתי כל מצרימ אשר לא ראו אבתיכ ואבות אבתיכ מיומ היותמ על האדמה עד היומ הזה ויפנ ויצא מעמ פרעה,26,וימלון בתיך ובתי כל עבדיך ובתי כל מצרים די לא חזו אבהתך ואבהת אבהתך מיומא דמהויהון על ארעא עד יומא הדין ואתפני ונפק מן קדם פרעה:,26,"καὶ πλησθήσονταί σου αἱ οἰκίαι καὶ αἱ οἰκίαι τῶν θεραπόντων σου καὶ πᾶσαι αἱ οἰκίαι ἐν πάσῃ γῇ τῶν Αἰγυπτίων, ἃ οὐδέποτε ἑωράκασιν οἱ πατέρες σου οὐδὲ οἱ πρόπαπποι αὐτῶν, ἀφ᾽ ἧς ἡμέρας γεγόνασιν ἐπὶ τῆς γῆς ἕως τῆς ἡμέρας ταύτης. καὶ ἐκκλίνας Μωυσῆς ἐξῆλθεν ἀπὸ Φαραώ.",47,ܘܢܬܡ̣ܠܘܢ ܒܬ̈ܝܟ̣ ܘܒܬ̈ܝܗܘܢ ܕܥܒ̣̈ܕܝܟ. ܘܒܬ̈ܝܗܘܢ ܕܟܠܗܘܢ ܡܨܪ̈ܝܐ. ܕܠܐ ܚܙܘ ܐ̈ܒܗܝܟ ܘܐ̈ܒܗܐ ܕܐ̈ܒܗܝܟ ܗܟܢܐ̇. ܡܢ ܝܘܡܐ ܕܗܘ̣ܘ ܥܠ ܐܪܥܐ ܘܥܕܡܐ ܠܝܘܡܢܐ. ܘܗܦܟܘ ܢܦܩܘ ܡܢ ܩܕܡ ܦܪܥܘܢ.,25,"e encherão as tuas casas, as casas de todos os teus servos e as casas de todos os egípcios, como nunca viram teus pais nem os pais de teus pais, desde o dia em que apareceram na terra até o dia de hoje. E virou-se, e saiu da presença de Faraó.",51,True,True,True
10,7,Êxodo 10:7,וַיֹּאמְרוּ֩ עַבְדֵ֨י פַרְעֹ֜ה אֵלָ֗יו עַד־ מָתַי֙ יִהְיֶ֨ה זֶ֥ה לָ֨נוּ֙ לְמוֹקֵ֔שׁ שַׁלַּח֙ אֶת־ הָ֣אֲנָשִׁ֔ים וְיַֽעַבְד֖וּ אֶת־ יְהוָ֣ה אֱלֹהֵיהֶ֑ם הֲטֶ֣רֶם תֵּדַ֔ע כִּ֥י אָבְדָ֖ה מִצְרָֽיִם ׃,ויאמרו עבדי פרעה אליו עד מתי יהיה זה לנו למוקש שלח את האנשימ ויעבדו את יהוה אלהיהמ הטרמ תדע כי אבדה מצרימ,23,ואמרו עבדי פרעה לה עד אמתי יהי דין לנא לתקלא שלח ית גבריא ויפלחון קדם יי אלההון העד כען לא ידעת ארי אבדת מצרים:,24,καὶ λέγουσιν οἱ θεράποντες Φαραὼ πρὸς αὐτόν Ἕως τίνος ἔσται τοῦτο ἡμῖν σκῶλον; ἐξαπόστειλον τοὺς ἀνθρώπους ὅπως λατρεύσωσιν τῷ θεῷ αὐτῶν· ἢ εἰδέναι βούλει ὅτι ἀπόλωλεν Αἴγυπτος;,27,ܘܐܡܪܘ ܠܗ ܥܒ̣̈ܕܘܗܝ ܠܦܪܥܘܢ. ܥܕܡܐ ܠܐܡܬܝ ܬܗܘܐ ܠܢ ܗܕܐ ܬܘܩܠܬܐ. ܫܕܪ ܠܓܒܪ̈ܐ ܘ̇ܢܦܠ̣ܚܘܢ ܠܡܪܝܐ ܐܠܗܗܘܢ. ܥܕܡܐ ܠܗܫܐ ܠܐ ܝܕܥ̇ ܐܢܬ ܕܐܒ̣ܕܬ ܠܗ̇ ܡܨܪܝ̣ܢ.,23,"Então os servos de Faraó lhe disseram: Até quando este homem nos há de ser por laço? deixa ir os homens, para que sirvam ao Senhor seu Deus; porventura não sabes ainda que o Egito está destruído?",37,True,True,True
10,8,Êxodo 10:8,וַיּוּשַׁ֞ב אֶת־ מֹשֶׁ֤ה וְאֶֽת־ אַהֲרֹן֙ אֶל־ פַּרְעֹ֔ה וַיֹּ֣אמֶר אֲלֵהֶ֔ם לְכ֥וּ עִבְד֖וּ אֶת־ יְהוָ֣ה אֱלֹהֵיכֶ֑ם מִ֥י וָמִ֖י הַהֹלְכִֽים ׃,ויושב את משה ואת אהרנ אל פרעה ויאמר אלהמ לכו עבדו את יהוה אלהיכמ מי ומי ההלכימ,18,ואתותב ית משה וית אהרן לות פרעה ואמר להון אזילו פלחו קדם יי אלהכון מן ומן דאזלין:,17,"καὶ ἀπέστρεψαν τόν τε Μωυσῆν καὶ Ἀαρὼν πρὸς Φαραώ, καὶ εἶπεν αὐτοῖς Πορεύεσθε καὶ λατρεύσατε τῷ θεῷ ὑμῶν· τίνες δὲ καὶ τίνες εἰσὶν οἱ πορευόμενοι;",25,ܘܐܗܦܟܘ ܐܢܘܢ ܠܡܘܫܐ ܘܠܐܗܪܘܢ ܠܘܬ ܦܪܥܘܢ. ܘܐܡܪ ܠܗܘܢ. ܙܠܘ ܦܠܘܚܘ ܩܕܡ ܡܪܝܐ ܐܠܗܟܘܢ. ܐܠܐ ܡܢ̇ ܘܡ̇ܢ ܐ̇ܙܠܝܢ.,17,"Pelo que Moisés e Arão foram levados outra vez a Faraó, e ele lhes disse: Ide, servi ao Senhor vosso Deus. Mas quais são os que hão de ir?",29,True,True,True
10,9,Êxodo 10:9,וַיֹּ֣אמֶר מֹשֶׁ֔ה בִּנְעָרֵ֥ינוּ וּבִזְקֵנֵ֖ינוּ נֵלֵ֑ךְ בְּבָנֵ֨ינוּ וּבִבְנוֹתֵ֜נוּ בְּצֹאנֵ֤נוּ וּבִבְקָרֵ֨נוּ֙ נֵלֵ֔ךְ כִּ֥י חַג־ יְהוָ֖ה לָֽנוּ ׃,ויאמר משה בנערינו ובזקנינו נלכ בבנינו ובבנותנו בצאננו ובבקרנו נלכ כי חג יהוה לנו,15,ואמר משה בעולמנא ובסבנא נזיל בבננא ובבנתנא בעננא ובתורנא נזיל ארי חגא קדם יי לנא:,15,"καὶ λέγει Μωυσῆς Σὺν τοῖς νεανίσκοις καὶ πρεσβυτέροις πορευσόμεθα, σὺν τοῖς υἱοῖς καὶ θυγατράσιν καὶ προβάτοις καὶ βουσὶν ἡμῶν· ἔστιν γὰρ ἑορτὴ Κυρίου.",23,ܐܡ̇ܪ ܠܗ ܡܘܫܐ. ܒܥ̈ܠܝܡܝ̣ܢ ܘܒܩܫܝ̈ܫܝܢ ܢܐܙܠ ܒܒ̈ܢܝ̣ܢ ܘܒܒܢ̈ܬܢ. ܒܥܢ̣ܢ ܘܒܬܘܪ̈ܝܢ ܢܐܙܠ. ܡܛܠ ܕܥܕܥܐܕܐ ܗܘ ܠܢ ܕܡܪܝܐ.,16,"Respondeu-lhe Moisés: Havemos de ir com os nossos jovens e com os nossos velhos; com os nossos filhos e com as nossas filhas, com os nossos rebanhos e com o nosso gado havemos de ir; porque temos de celebrar uma festa ao Senhor.",43,True,True,True
10,10,Êxodo 10:10,וַיֹּ֣אמֶר אֲלֵהֶ֗ם יְהִ֨י כֵ֤ן יְהוָה֙ עִמָּכֶ֔ם כַּאֲשֶׁ֛ר אֲשַׁלַּ֥ח אֶתְכֶ֖ם וְאֶֽת־ טַפְּכֶ֑ם רְא֕וּ כִּ֥י רָעָ֖ה נֶ֥גֶד פְּנֵיכֶֽם ׃,ויאמר אלהמ יהי כנ יהוה עמכמ כאשר אשלח אתכמ ואת טפכמ ראו כי רעה נגד פניכמ,17,ואמר להון יהי כן מימרא דיי בסעדכון כד אשלח יתכון וית טפלכון חזו ארי בישא דאתון סבירין למעבד לקבל אפיכון לאסתחרא:,21,"καὶ εἶπεν πρὸς αὐτούς Ἔστω οὕτως, Κύριος μεθ᾽ ὑμῶν· καθότι ἀποστέλλω ὑμᾶς, μὴ καὶ τὴν ἀποσκευὴν ὑμῶν; ἴδετε, ὅτι πονηρία πρόσκειται ὑμῖν.",22,ܘܐܡ̣ܪ ܠܗܘܢ ܢܗ̣ܘܐ ܗܟܢܐ̇ ܡܪܝܐ̇ ܥܡܟܘܢ. ܡܐ ܕܫܕܪܬܟܘܢ ܘܠܐܝܩܪܬܟܘܢ. ܚܙܘ ܕܝܢ ܕܠܡܐ ܒܝܫܬܐ ܠܘܩܒܠ ܐ̈ܦܝܟܘܢ.,15,"Replicou-lhes Faraó: Seja o Senhor convosco, se eu vos deixar ir a vós e a vossos pequeninos! Olhai, porque há mal diante de vós.",24,True,True,True
10,11,Êxodo 10:11,לֹ֣א כֵ֗ן לְכֽוּ־ נָ֤א הַגְּבָרִים֙ וְעִבְד֣וּ אֶת־ יְהוָ֔ה כִּ֥י אֹתָ֖הּ אַתֶּ֣ם מְבַקְשִׁ֑ים וַיְגָ֣רֶשׁ אֹתָ֔ם מֵאֵ֖ת פְּנֵ֥י פַרְעֹֽה ׃ פ,לא כנ לכו נא הגברימ ועבדו את יהוה כי אתה אתמ מבקשימ ויגרש אתמ מאת פני פרעה פ,19,לא כן אזילו כען גבריא ופלחו קדם יי ארי יתה אתון בען ותריך יתהון מן קדם פרעה:,17,μὴ οὕτως· πορευέσθωσαν δὲ οἱ ἄνδρες καὶ λατρευσάτωσαν τῷ θεῷ· τοῦτο γὰρ αὐτοὶ ἐζητεῖτε. ἐξέβαλον δὲ αὐτοὺς ἀπὸ προσώπου Φαραώ.,20,ܠܐ̇ ܗܟܢܐ. ܙܠܘ ܗܫܐ ܓܒܪ̈ܐ. ܘܦܠܘܚܘ ܩܕܡ ܡܪܝܐ. ܡܛܘܠ ܕܢܝܚܬܐ ܗܘ ܒܥܝܢ ܐܢܬܘܢ. ܘܐܦܩܘ ܐܢܘܢ ܡܢ ܩܕܡ ܐ̈ܦܘܗܝ ܕܦܪܥܘܢ.,19,"Não será assim; agora, ide vós, os homens, e servi ao Senhor, pois isso é o que pedistes: E foram expulsos da presença de Faraó.",25,True,True,True
10,12,Êxodo 10:12,וַיֹּ֨אמֶר יְהוָ֜ה אֶל־ מֹשֶׁ֗ה נְטֵ֨ה יָדְךָ֜ עַל־ אֶ֤רֶץ מִצְרַ֨יִם֙ בָּֽאַרְבֶּ֔ה וְיַ֖עַל עַל־ אֶ֣רֶץ מִצְרָ֑יִם וְיֹאכַל֙ אֶת־ כָּל־ עֵ֣שֶׂב הָאָ֔רֶץ אֵ֛ת כָּל־ אֲשֶׁ֥ר הִשְׁאִ֖יר הַבָּרָֽד ׃,ויאמר יהוה אל משה נטה ידכ על ארצ מצרימ בארבה ויעל על ארצ מצרימ ויאכל את כל עשב הארצ את כל אשר השאיר הברד,25,ואמר יי למשה ארים ידך על ארעא דמצרים ויתי גובא ויסק על ארעא דמצרים ויכול ית כל עסבא דארעא ית כל די אשאר ברדא:,24,"Εἶπεν δὲ Κύριος πρὸς Μωυσῆν Ἔκτεινον τὴν χεῖρα ἐπὶ γῆν Αἰγύπτου, καὶ ἀναβήτω ἀκρὶς ἐπὶ τὴν γῆν, καὶ κατέδεται πᾶσαν βοτάνην τῆς γῆς καὶ πάντα τὸν καρπὸν τῶν ξύλων ὃν ὑπελίπετο ἡ χάλαζα.",33,ܘܐܡ̣ܪ ܡܪܝܐ ܠܡܘܫܐ. ܐܪܝܡ ܐܝܕܟ ܥܠ ܐܪܥܐ ܕܡܨܪܝܢ ܒܩܡܨܐ. ܘܢ̣ܣ̣ܩ ܥܠ ܐܪܥܐ ܕܡܨܪܝܢ. ܘܢܐܟܘܠ ܥܣܒܐ ܕܐܪܥܐ. ܘܟܠܡܕܡ ܕܫܒ̣ܩ ܒܪܕܐ.,19,"Então disse o Senhor a Moisés: Quanto aos gafanhotos, estende a tua mão sobre a terra do Egito, para que venham eles sobre a terra do Egito e comam toda erva da terra, tudo o que deixou a saraiva.",39,True,True,True
10,13,Êxodo 10:13,וַיֵּ֨ט מֹשֶׁ֣ה אֶת־ מַטֵּהוּ֮ עַל־ אֶ֣רֶץ מִצְרַיִם֒ וַֽיהוָ֗ה נִהַ֤ג ר֥וּחַ קָדִים֙ בָּאָ֔רֶץ כָּל־ הַיּ֥וֹם הַה֖וּא וְכָל־ הַלָּ֑יְלָה הַבֹּ֣קֶר הָיָ֔ה וְר֨וּחַ֙ הַקָּדִ֔ים נָשָׂ֖א אֶת־ הָאַרְבֶּֽה ׃,ויט משה את מטהו על ארצ מצרימ ויהוה נהג רוח קדימ בארצ כל היומ ההוא וכל הלילה הבקר היה ורוח הקדימ נשא את הארבה,25,וארים משה ית חטרה על ארעא דמצרים ויי דבר רוח קדומא בארעא כל יומא ההוא וכל ליליא צפרא הוה ורוח קדומא נטל ית גובא:,24,"καὶ ἐπῆρεν Μωυσῆς τὴν ῥάβδον εἰς τὸν οὐρανόν, καὶ ἐπήγαγεν ἄνεμον νότον ἐπὶ τὴν γῆν ὅλην τὴν ἡμέραν ἐκείνην καὶ ὅλην τὴν νύκτα· τὸ πρωὶ ἐγενήθη, καὶ ὁ ἄνεμος ὁ νότος ἀνέλαβεν τὴν ἀκρίδα",34,ܘܐܪܝܡ ܡܘܫܐ ܚܘܛܪܗ ܥܠ ܐܪܥܐ ܕܡܨܪܝܢ. ܘܡܪܝܐ ܐܦܩ ܪܘܚܐ ܕܫܘܒܐ ܥܠ ܐܪܥܐ. ܟܠܗ ܐܝܡܡܐ ܗܘ̣̇ ܘܟܘܠܗ ܠܠܝܐ. ܫܦܪܐ ܗܘ̣ܐ. ܘܪܘܚܐ ܕܫܘܒܐ ܫܩܠ̣ܬ ܩܡܨܐ.,23,"Então estendeu Moisés sua vara sobre a terra do Egito, e o Senhor trouxe sobre a terra um vento oriental todo aquele dia e toda aquela noite; e, quando amanheceu, o vento oriental trouxe os gafanhotos.",36,True,True,True
10,14,Êxodo 10:14,וַיַּ֣עַל הָֽאַרְבֶּ֗ה עַ֚ל כָּל־ אֶ֣רֶץ מִצְרַ֔יִם וַיָּ֕נַח בְּכֹ֖ל גְּב֣וּל מִצְרָ֑יִם כָּבֵ֣ד מְאֹ֔ד לְ֠פָנָיו לֹא־ הָ֨יָה כֵ֤ן אַרְבֶּה֙ כָּמֹ֔הוּ וְאַחֲרָ֖יו לֹ֥א יִֽהְיֶה־ כֵּֽן ׃,ויעל הארבה על כל ארצ מצרימ וינח בכל גבול מצרימ כבד מאד לפניו לא היה כנ ארבה כמהו ואחריו לא יהיה כנ,23,וסליק גובא על כל ארעא דמצרים ושרא בכל תחום מצרים תקיף לחדא קדמוהי לא הוה כן גובא דכותה ובתרוהי לא יהי כן:,22,"καὶ ἀνήγαγεν αὐτὴν ἐπὶ πᾶσαν γῆν Αἰγύπτου, καὶ κατέπαυσεν ἐπὶ πάντα τὰ ὅρια Αἰγύπτου πολλὴ σφόδρα· προτέρα αὐτῆς οὐ γέγονεν τοιαύτη ἀκρὶς καὶ μετὰ ταῦτα οὐκ ἔσται οὕτως.",28,ܘܣܠ̣ܩ ܩܡܨܐ ܥܠ ܟܠܗ̇ ܐܪܥܐ ܕܡܨܪܝܢ. ܘܫ̣ܪܐ ܒܟܠܗ ܬܚܘܡܐ ܕܡܨܪ̈ܝܐ. ܬܩܝܦ ܗܘܐ ܛܒ. ܘܐܟܘܬܗ̣ ܠܐ ܗܘ̣ܐ ܩܡܨܐ ܩܕܡܘܗܝ. ܘܐܦ ܠܐ ܒܬܪܗ ܢܗܘܐ ܐܟܘܬܗ.,23,"Subiram, pois, os gafanhotos sobre toda a terra do Egito e pousaram sobre todos os seus termos; tão numerosos foram, que antes destes nunca houve tantos, nem depois deles haverá.",30,True,True,True
10,15,Êxodo 10:15,וַיְכַ֞ס אֶת־ עֵ֣ין כָּל־ הָאָרֶץ֮ וַתֶּחְשַׁ֣ךְ הָאָרֶץ֒ וַיֹּ֜אכַל אֶת־ כָּל־ עֵ֣שֶׂב הָאָ֗רֶץ וְאֵת֙ כָּל־ פְּרִ֣י הָעֵ֔ץ אֲשֶׁ֥ר הוֹתִ֖יר הַבָּרָ֑ד וְלֹא־ נוֹתַ֨ר כָּל־ יֶ֧רֶק בָּעֵ֛ץ וּבְעֵ֥שֶׂב הַשָּׂדֶ֖ה בְּכָל־ אֶ֥רֶץ מִצְרָֽיִם ׃,ויכס את עינ כל הארצ ותחשכ הארצ ויאכל את כל עשב הארצ ואת כל פרי העצ אשר הותיר הברד ולא נותר כל ירק בעצ ובעשב השדה בכל ארצ מצרימ,30,וחפא ית עין שמשא דכל ארעא וחשוכת ארעא ואכל ית כל עסבא דארעא וית כל פירי אילנא די אשאר ברדא ולא אשתאר כל ירוקא באילנא ובעסבא דחקלא בכל ארעא דמצרים:,30,"καὶ ἐκάλυψεν τὴν ὄψιν τῆς γῆς, καὶ ἐφθάρη ἡ γῆ· καὶ κατέφαγεν πᾶσαν βοτάνην τῆς γῆς καὶ πάντα τόν καρπὸν τῶν ξύλων ὃς ὑπελείφθη ἀπὸ τῆς χαλάζης· οὐχ ὑπελείφθη χλωρὸν οὐδὲν ἐν τοῖς ξύλοις καὶ ἐν πάσῃ βοτάνῃ πεδίου ἐν γῇ Αἰγύπτου.",42,ܘܟܣ̇ܝ ܥܝܢܗ̣̇ ܕܟܠܗ̇ ܐܪܥܐ. ܘܚܫܟ̣ܬ ܐܪܥܐ. ܘܐܟ̣ܠ ܟܠܗ ܥܣܒܐ ܕܐܪܥܐ. ܘܟܠܗܘܢ ܦܐܪ̈ܐ ܕܐܝ̈ܠܢܐ ܕܫܒ̣ܩ ܒܪܕܐ. ܘܠܐ ܐܫܬܚܪ ܛܪܦܐ ܒܐܝܠܢܐ. ܐܦ ܠܐ ܥܣܒܐ ܒܚܩܠܐ ܒܟܠܗ̇ ܐܪܥܐ ܕܡܨܪܝܢ.,26,"Pois cobriram a face de toda a terra, de modo que a terra se escureceu; e comeram toda a erva da terra e todo o fruto das árvores, que deixara a saraiva; nada verde ficou, nem de árvore nem de erva do campo, por toda a terra do Egito.",49,True,True,True
10,16,Êxodo 10:16,וַיְמַהֵ֣ר פַּרְעֹ֔ה לִקְרֹ֖א לְמֹשֶׁ֣ה וּֽלְאַהֲרֹ֑ן וַיֹּ֗אמֶר חָטָ֛אתִי לַיהוָ֥ה אֱלֹֽהֵיכֶ֖ם וְלָכֶֽם ׃,וימהר פרעה לקרא למשה ולאהרנ ויאמר חטאתי ליהוה אלהיכמ ולכמ,11,ואוחי פרעה למקרי למשה ולאהרן ואמר חבית קדם יי אלהכון ולכון:,11,κατέσπευδεν δὲ Φαραὼ καλέσαι Μωυσῆν καὶ Ἀαρὼν λέγων Ἡμάρτηκα ἐναντίον Κυρίου τοῦ θεοῦ ὑμῶν καὶ εἰς ὑμᾶς·,17,ܘܣܪܗܒ ܦܪܥܘܢ ܠܡܩܪܐ ܠܡܘܫܐ ܘܠܐܗܪܘܢ ܘܐܡ̣ܪ ܠܗܘܢ. ܚ̇ܛܝܬ ܠܡܪܝܐ ܐܠܗܟܘܢ ܘܠܟܘܢ.,11,"Então Faraó mandou apressadamente chamar Moisés e Arão, e lhes disse: Pequei contra o Senhor vosso Deus, e contra vós.",20,True,True,True
10,17,Êxodo 10:17,וְעַתָּ֗ה שָׂ֣א נָ֤א חַטָּאתִי֙ אַ֣ךְ הַפַּ֔עַם וְהַעְתִּ֖ירוּ לַיהוָ֣ה אֱלֹהֵיכֶ֑ם וְיָסֵר֙ מֵֽעָלַ֔י רַ֖ק אֶת־ הַמָּ֥וֶת הַזֶּֽה ׃,ועתה שא נא חטאתי אכ הפעמ והעתירו ליהוה אלהיכמ ויסר מעלי רק את המות הזה,16,וכען שבוק כען לחובי ברם זמנא הדא וצלו קדם יי אלהכון ויעדי מני לחוד ית מותא הדין:,17,"προσδέξασθε οὖν μου τὴν ἁμαρτίαν ἔτι νῦν, καὶ προσεύξασθε πρὸς Κύριον τὸν θεὸν ὑμῶν, καὶ περιελέτω ἀπ᾽ ἐμοῦ τὸν θάνατον τοῦτον.",21,ܐܦ ܗܫܐ ܫܒܘܩܘ ܣܘܪܚܢܝ ܗܢܐ ܙܒܢܐ. ܘܨܠܘ ܩܕܡ ܡܪܝܐ ܐܠܗܟܘܢ. ܘܢ̇ܦ̣ܪܩ ܡܢܝ ܡܘܬܐ ܗܢܐ.,14,"Agora: pois, perdoai-me peço-vos somente esta vez o meu pecado, e orai ao Senhor vosso Deus que tire de mim mais esta morte.",23,True,True,True
10,18,Êxodo 10:18,וַיֵּצֵ֖א מֵעִ֣ם פַּרְעֹ֑ה וַיֶּעְתַּ֖ר אֶל־ יְהוָֽה ׃,ויצא מעמ פרעה ויעתר אל יהוה,7,ונפק מלות פרעה וצלי קדם יי:,6,ἐξῆλθεν δὲ Μωυσῆς ἀπὸ Φαραὼ καὶ ηὔξατο πρὸς τὸν θεόν.,10,ܘܢܦ̣ܩ ܡܘܫܐ ܡܢ ܩܕܡ ܦܪܥܘܢ. ܘܨ̇ܠܝ ܩܕܡ ܡܪܝܐ.,8,"Saiu, pois, Moisés da presença de Faraó, e orou ao Senhor.",11,True,True,True
10,19,Êxodo 10:19,וַיַּהֲפֹ֨ךְ יְהוָ֤ה רֽוּחַ־ יָם֙ חָזָ֣ק מְאֹ֔ד וַיִּשָּׂא֙ אֶת־ הָ֣אַרְבֶּ֔ה וַיִּתְקָעֵ֖הוּ יָ֣מָּה סּ֑וּף לֹ֤א נִשְׁאַר֙ אַרְבֶּ֣ה אֶחָ֔ד בְּכֹ֖ל גְּב֥וּל מִצְרָֽיִם ׃,ויהפכ יהוה רוח ימ חזק מאד וישא את הארבה ויתקעהו ימה סופ לא נשאר ארבה אחד בכל גבול מצרימ,20,והפך יי רוחא מערבא תקיף לחדא ונטל ית גובא ורמהי לימא דסוף לא אשתאר גובא חד בכל תחום מצרים:,19,"καὶ μετέβαλεν Κύριος ἄνεμον ἀπὸ θαλάσσης σφοδρόν, καὶ ἀνέλαβεν τὴν ἀκρίδα καὶ ἔβαλεν αὐτὴν εἰς τὴν ἐρυθρὰν θάλασσαν· καὶ οὐχ ὑπελείφθη ἀκρὶς μία ἐν πάσῃ γῇ Αἰγύπτου.",27,ܘܗܦ̣ܟ ܡܪܝܐ ܐܝܬܝ ܪܘܚܐ ܡܥܪܒܐ ܕܬܩܝܦܐ ܛܒ̣. ܘܫܩ̣ܠܬܗ ܠܩܡܨܐ ܘܐܪܡܝܬܗ ܒܝܡܐ ܕܣܘܦ. ܘܠܐ ܐܫ̣ܬܚ̣ܪ ܐܦ ܠܐ ܚܕ ܩܡܨܐ ܒܟܠܗ ܬܚܘܡܐ ܕܡܨܪ̈ܝܐ.,21,"Então o Senhor trouxe um vento ocidental fortíssimo, o qual levantou os gafanhotos e os lançou no Mar Vermelho; não ficou um só gafanhoto em todos os termos do Egito.",30,True,True,True
10,20,Êxodo 10:20,וַיְחַזֵּ֥ק יְהוָ֖ה אֶת־ לֵ֣ב פַּרְעֹ֑ה וְלֹ֥א שִׁלַּ֖ח אֶת־ בְּנֵ֥י יִשְׂרָאֵֽל ׃ פ,ויחזק יהוה את לב פרעה ולא שלח את בני ישראל פ,12,ואתקף יי ית לבא דפרעה ולא שלח ית בני ישראל:,10,"καὶ ἐσκλήρυνεν Κύριος τὴν καρδίαν Φαραώ, καὶ οὐκ ἐξαπέστειλεν τοὺς υἱοὺς Ἰσραήλ.",12,ܘܩܫ̇ܝ ܡܪܝܐ ܠܒܗ ܕܦܪܥܘܢ. ܘܠܐ ܫܕܪ ܠܒܢ̈ܝ ܐܝܣܪܝܠ.,8,"O Senhor, porém, endureceu o coração de Faraó, e este não deixou ir os filhos de Israel.",17,True,True,True
10,21,Êxodo 10:21,וַיֹּ֨אמֶר יְהוָ֜ה אֶל־ מֹשֶׁ֗ה נְטֵ֤ה יָֽדְךָ֙ עַל־ הַשָּׁמַ֔יִם וִ֥יהִי חֹ֖שֶׁךְ עַל־ אֶ֣רֶץ מִצְרָ֑יִם וְיָמֵ֖שׁ חֹֽשֶׁךְ ׃,ויאמר יהוה אל משה נטה ידכ על השמימ ויהי חשכ על ארצ מצרימ וימש חשכ,16,ואמר יי למשה ארים ידך על צית שמיא ויהי חשוכא על ארעא דמצרים בתר דיעדי קבל ליליא:,17,"Εἶπεν δὲ Κύριος πρὸς Μωυσῆν Ἔκτεινον τὴν χεῖρά σου εἰς τὸν οὐρανόν, καὶ γενηθήτω σκότος ἐπὶ γῆν Αἰγύπτου, ψηλαφητὸν σκότος.",20,ܘܐܡ̣ܪ ܡܪܝܐ ܠܡܘܫܐ. ܐܪܝܡ ܐܝܕܟ ܠܘܬ ܫܡܝܐ. ܘܢ̣ܗܘܐ ܚܫܟܐ ܥܠ ܟܠܗ̇ ܐܪܥܐ ܕܡܨܪܝܢ. ܘܢܥܡ̣ܛ ܚܫܟܐ.,15,"Então disse o Senhor a Moisés: Estende a mão para o céu, para que haja trevas sobre a terra do Egito, trevas que se possam apalpar.",26,True,True,True
10,22,Êxodo 10:22,וַיֵּ֥ט מֹשֶׁ֛ה אֶת־ יָד֖וֹ עַל־ הַשָּׁמָ֑יִם וַיְהִ֧י חֹֽשֶׁךְ־ אֲפֵלָ֛ה בְּכָל־ אֶ֥רֶץ מִצְרַ֖יִם שְׁלֹ֥שֶׁת יָמִֽים ׃,ויט משה את ידו על השמימ ויהי חשכ אפלה בכל ארצ מצרימ שלשת ימימ,15,וארים משה ית ידה על צית שמיא והוה חשוך קבל בכל ארעא דמצרים תלתא יומין:,15,"ἐξέτεινεν δὲ Μωυσῆς τὴν χεῖρα εἰς τὸν οὐρανόν, καὶ ἐγένετο σκότος γνόφος θύελλα ἐπὶ πᾶσαν γῆν Αἰγύπτου τρεῖς ἡμέρας·",19,ܘܐܪܝܡ ܡܘܫܐ ܐܝܕܗ ܠܫܡܝܐ . ܘܗܘܐ ܚܫܟܐ ܘܥܡܛܢܐ ܒܟܠܗ̇ ܐܪܥܐ ܕܡܨܪܝܢ. ܬܠܬܐ ܝܘܡ̈ܝ̣ܢ.,13,"Estendeu, pois, Moisés a mão para o céu, e houve trevas espessas em toda a terra do Egito por três dias.",21,True,True,True
10,23,Êxodo 10:23,לֹֽא־ רָא֞וּ אִ֣ישׁ אֶת־ אָחִ֗יו וְלֹא־ קָ֛מוּ אִ֥ישׁ מִתַּחְתָּ֖יו שְׁלֹ֣שֶׁת יָמִ֑ים וּֽלְכָל־ בְּנֵ֧י יִשְׂרָאֵ֛ל הָ֥יָה א֖וֹר בְּמוֹשְׁבֹתָֽם ׃,לא ראו איש את אחיו ולא קמו איש מתחתיו שלשת ימימ ולכל בני ישראל היה אור במושבתמ,18,לא חזו אנש ית אחוהי ולא קמו אנש מתחותוהי תלתא יומין ולכל בני ישראל הוה נהורא במותבנהון:,17,"καὶ οὐκ εἶδεν οὐδεὶς τὸν ἀδελφὸν αὐτοῦ τρεῖς ἡμέρας, καὶ οὐκ ἐξανέστη οὐδεὶς ἐκ τῆς κοίτης αὐτοῦ τρεῖς ἡμέρας· πᾶσι δὲ τοῖς υἱοῖς Ἰσραὴλ φῶς ἦν ἐν πᾶσιν οἷς κατεγίνοντο.",30,ܠܐ ܚ̣ܙܐ ܐܢܫ ܠܐܚܘܗܝ . ܘܠܐ ܩܡ ܐܢܫ ܡܢ ܕܘܟܬܗ̣ ܬܠܬܐ ܝܘܡ̈ܝܢ. ܘܠܟܠܗܘܢ ܒܢ̈ܝ ܐܝܣܪܝܠ ܗܘ̣ܐ ܢܘܗܪܐ ܒܝܬ ܡܘܬ̇ܒܗܘܢ.,19,"Não se viram uns aos outros, e ninguém se levantou do seu lugar por três dias; mas para todos os filhos de Israel havia luz nas suas habitações.",28,True,True,True
10,24,Êxodo 10:24,וַיִּקְרָ֨א פַרְעֹ֜ה אֶל־ מֹשֶׁ֗ה וַיֹּ֨אמֶר֙ לְכוּ֙ עִבְד֣וּ אֶת־ יְהוָ֔ה רַ֛ק צֹאנְכֶ֥ם וּבְקַרְכֶ֖ם יֻצָּ֑ג גַּֽם־ טַפְּכֶ֖ם יֵלֵ֥ךְ עִמָּכֶֽם ׃,ויקרא פרעה אל משה ויאמר לכו עבדו את יהוה רק צאנכמ ובקרכמ יצג גמ טפכמ ילכ עמכמ,18,וקרא פרעה למשה ואמר אזילו פלחו קדם יי לחוד ענכון ותורכון שבוקו אף טפלכון יזיל עמכון:,16,καὶ ἐκάλεσεν Φαραὼ Μωυσῆν καὶ Ἀαρὼν λέγων Βαδίζετε λατρεύσατε Κυρίῳ τῷ θεῷ ὑμῶν· πλὴν τῶν προβάτων καὶ τῶν βοῶν ὑπολίπεσθε· καὶ ἡ ἀποσκευὴ ὑμῶν ἀποτρεχέτω μεθ᾽ ὑμῶν.,27,ܘܩ̣ܪܐ ܦܪܥܘܢ ܠܡܘܫܐ ܘܐܡ̣ܪ ܠܗ. ܙܠܘ ܦܠܘܚܘ ܩܕܡ ܡܪܝܐ . ܒܠ̣ܚܘܕ ܥܢܟܘܢ ܘܬܘܪ̈ܝܟܘܢ ܫܒܘܩܘ. ܘܐܦ ܐܝܩܪܬܟܘܢ ܬ̇ܐܙܠ ܥܡܟܘܢ.,18,"Então mandou Faraó chamar Moisés, e disse: Ide, servi ao Senhor; somente fiquem os vossos rebanhos e o vosso gado; mas vão juntamente convosco os vossos pequeninos.",27,True,True,True
10,25,Êxodo 10:25,וַיֹּ֣אמֶר מֹשֶׁ֔ה גַּם־ אַתָּ֛ה תִּתֵּ֥ן בְּיָדֵ֖נוּ זְבָחִ֣ים וְעֹל֑וֹת וְעָשִׂ֖ינוּ לַיהוָ֥ה אֱלֹהֵֽינוּ ׃,ויאמר משה גמ אתה תתנ בידנו זבחימ ועלות ועשינו ליהוה אלהינו,12,ואמר משה אף את תמסר בידנא נכסת קדשין ועלון ונעבד קדם יי אלהנא:,13,"καὶ εἶπεν Μωυσῆς Ἀλλὰ καὶ σὺ δώσεις ἡμῖν ὁλοκαυτώματα καὶ θυσίας ἃ ποιήσομεν Κυρίῳ τῷ θεῷ ἡμῶν,",17,ܐܡ̇ܪ ܠܗ ܡܘܫܐ . ܐܦ ܐܢܬ ܬܬܠ ܒܐܝܕܢ ܕܒܚ̈ܐ ܘܥ̈ܠܘܬܐ. ܘܢܕܒ̇ܚ ܠܡܪܝܐ ܐܠܗܢ.,13,"Moisés, porém, disse: Tu também nos tens de dar nas mãos sacrifícios e holocaustos, para que possamos oferecer sacrifícios ao Senhor nosso Deus.",23,True,True,True
10,26,Êxodo 10:26,וְגַם־ מִקְנֵ֜נוּ יֵלֵ֣ךְ עִמָּ֗נוּ לֹ֤א תִשָּׁאֵר֙ פַּרְסָ֔ה כִּ֚י מִמֶּ֣נּוּ נִקַּ֔ח לַעֲבֹ֖ד אֶת־ יְהוָ֣ה אֱלֹהֵ֑ינוּ וַאֲנַ֣חְנוּ לֹֽא־ נֵדַ֗ע מַֽה־ נַּעֲבֹד֙ אֶת־ יְהוָ֔ה עַד־ בֹּאֵ֖נוּ שָֽׁמָּה ׃,וגמ מקננו ילכ עמנו לא תשאר פרסה כי ממנו נקח לעבד את יהוה אלהינו ואנחנו לא נדע מה נעבד את יהוה עד באנו שמה,25,ואף בעירנא יזיל עמנא לא תשתאר מדעם ארי מנה אנחנא נסבין למפלח קדם יי אלהנא ואנחנא לית אנחנא ידעין מה נפלח קדם יי עד מיתנא תמן:,26,"καὶ τὰ κτήνη ἡμῶν πορεύσεται μεθ᾽ ἡμῶν, καὶ οὐχ ὑπολειφθησόμεθα ὁπλήν· ἀπ᾽ αὐτῶν γὰρ λημψόμεθα λατρεῦσαι Κυρίῳ τῷ θεῷ ἡμῶν· ἡμεῖς δὲ οὐκ οἴδαμεν τί λατρεύσωμεν Κυρίῳ τῷ θεῷ ἡμῶν ἕως τοῦ ἐλθεῖν ἡμᾶς ἐκεῖ.",35,ܘܐܦ ܒܥܝܪܢ ܬ̇ܐܙܠ ܥܡܢ. ܘܠܐ ܬܫܬ̣ܚܪ ܡܢ̣ܢ ܐܦ ܠܐ ܚܕܐ ܛܦܪܐ ܬܢܢ. ܡܛܠ ܕܡܢܗ̇ ܢܣ̇ܒܝܢܢ ܠܡܦܠܚ ܩܕܡ ܡܪܝܐ ܐܠܗܢ. ܘܚܢ̣ܢ ܠܐ ܝ̇ܕܥܝܢ ܚܢܢ ܡܢܐ ܢܦܠܘܚ ܩܕܡ ܡܪܝܐ ܡܐ ܕܡ̇ܛܝܢ ܠܬܡܢ.,30,"E também o nosso gado há de ir conosco; nem uma unha ficará; porque dele havemos de tomar para servir ao Senhor nosso Deus; porque não sabemos com que havemos de servir ao Senhor, até que cheguemos lá.",38,True,True,True
10,27,Êxodo 10:27,וַיְחַזֵּ֥ק יְהוָ֖ה אֶת־ לֵ֣ב פַּרְעֹ֑ה וְלֹ֥א אָבָ֖ה לְשַׁלְּחָֽם ׃,ויחזק יהוה את לב פרעה ולא אבה לשלחמ,9,ואתקיף יי ית לבא דפרעה ולא אבה לשלחותהון:,8,"ἐσκλήρυνεν δὲ Κύριος τὴν καρδίαν Φαραώ, καὶ οὐκ ἐβουλήθη ἐξαποστεῖλαι αὐτούς.",11,ܘܩ̇ܫܝ ܡܪܝܐ ܠܒܗ ܕܦܪܥܘܢ. ܘܠܐ ܨܒ̣ܐ ܕܢܫܕܪ ܐܢܘܢ.,8,"O Senhor, porém, endureceu o coração de Faraó, e este não os quis deixar ir:",15,True,True,True
10,28,Êxodo 10:28,וַיֹּֽאמֶר־ ל֥וֹ פַרְעֹ֖ה לֵ֣ךְ מֵעָלָ֑י הִשָּׁ֣מֶר לְךָ֗ אֶל־ תֹּ֨סֶף֙ רְא֣וֹת פָּנַ֔י כִּ֗י בְּי֛וֹם רְאֹתְךָ֥ פָנַ֖י תָּמֽוּת ׃,ויאמר לו פרעה לכ מעלי השמר לכ אל תספ ראות פני כי ביומ ראתכ פני תמות,17,ואמר לה פרעה אזיל מעלוי אסתמר לך לא תוסיף למחזי אפי ארי ביומא דתחזי אפי תמות:,16,"καὶ λέγει Φαραώ Ἄπελθε ἀπ᾽ ἐμοῦ, πρόσεχε σεαυτῷ ἔτι προσθεῖναι ἰδεῖν μου τὸ πρόσωπον· ᾗ δ᾽ ἂν ἡμέρᾳ ὀφθῇς μοι, ἀποθανῇ.",21,ܘܐܡ̣ܪ ܦܪܥܘܢ ܠܡܘܫܐ. ܙܠ ܠܟ̇ ܡܢ ܠܘܬܝ. ܐܙ̣ܕܗܪ ܠܐ ܬܘܣܦ ܬܘܒ ܕܬܬܚܙܐ ܠܝ. ܡܛܠ ܕܒܝܘܡܐ ܕܡܬܚܙܐ ܐܢܬ ܠܝ̣ ܬ̣ܡܘܬ.,19,"Disse, pois, Faraó a Moisés: Retira-te de mim, guarda-te que não mais vejas o meu rosto; porque no dia em que me vires o rosto morrerás.",26,True,True,True
10,29,Êxodo 10:29,וַיֹּ֥אמֶר מֹשֶׁ֖ה כֵּ֣ן דִּבַּ֑רְתָּ לֹא־ אֹסִ֥ף ע֖וֹד רְא֥וֹת פָּנֶֽיךָ ׃ פ,ויאמר משה כנ דברת לא אספ עוד ראות פניכ פ,11,ואמר משה יאות מלילתא לא אוסיף עוד למחזי אפיך:,9,λέγει δὲ Μωσῆς Εἴρηκας· οὐκέτι ὀφθήσομαί σοι εἰς πρόσωπον.,9,ܐܡ̇ܪ ܠܗ ܡܘܫܐ ܫܦܝܪ ܐܡ̣ܪܬ. ܬܘܒ̣ ܠܐ ܡ̇ܘܣܦ ܐܢܐ ܠܡܚܙܐ ܐ̈ܦܝܟ.,11,Respondeu Moisés: Disseste bem; eu nunca mais verei o teu rosto.,11,True,True,True
11,1,Êxodo 11:1,וַיֹּ֨אמֶר יְהוָ֜ה אֶל־ מֹשֶׁ֗ה ע֣וֹד נֶ֤גַע אֶחָד֙ אָבִ֤יא עַל־ פַּרְעֹה֙ וְעַל־ מִצְרַ֔יִם אַֽחֲרֵי־ כֵ֕ן יְשַׁלַּ֥ח אֶתְכֶ֖ם מִזֶּ֑ה כְּשַׁ֨לְּח֔וֹ כָּלָ֕ה גָּרֵ֛שׁ יְגָרֵ֥שׁ אֶתְכֶ֖ם מִזֶּֽה ׃,ויאמר יהוה אל משה עוד נגע אחד אביא על פרעה ועל מצרימ אחרי כנ ישלח אתכמ מזה כשלחו כלה גרש יגרש אתכמ מזה,24,ואמר יי למשה עוד מכתש חד איתי על פרעה ועל מצרים בתר כן ישלח יתכון מכא כשלחותה גמירא תרכא יתרך יתכון מכא:,22,"Εἶπεν δὲ Κύριος πρὸς Μωυσῆν Ἔτι μίαν πληγὴν ἐπάξω ἐπὶ Φαραὼ καὶ ἐπ᾽ Αἴγυπτον, καὶ μετὰ ταῦτα ἐξαποστελεῖ ὑμᾶς ἐντεῦθεν· ὅταν δὲ ἐξαποστέλλῃ ὑμᾶς, σὺν παντὶ ἐκβαλεῖ ὑμᾶς ἐκβολῇ.",29,ܘܐܡܪ ܡܪܝܐ ܠܡܘܫܐ. ܬܘܒ ܡܚܘܬܐ ܚܕܐ ܡܝ̇ܬܐ ܐܢܐ ܥܠ ܦܪܥܘܢ ܘܥܠ ܡܨܪ̈ܝܐ. ܘܗܝܕܝܢ ܐܫܕܪܟܘܢ ܡܟܐ. ܘܡܐ ܕܫܕܪܬܟܘܢ ܟܠܟܘܢ ܦܘܩܘ ܠܟܘܢ ܡܟܐ.,21,"Disse o Senhor a Moisés: Ainda mais uma praga trarei sobre Faraó, e sobre o Egito; depois ele vos deixará ir daqui; e, deixando vos ir a todos, com efeito vos expulsará daqui.",33,True,True,True
11,2,Êxodo 11:2,דַּבֶּר־ נָ֖א בְּאָזְנֵ֣י הָעָ֑ם וְיִשְׁאֲל֞וּ אִ֣ישׁ ׀ מֵאֵ֣ת רֵעֵ֗הוּ וְאִשָּׁה֙ מֵאֵ֣ת רְעוּתָ֔הּ כְּלֵי־ כֶ֖סֶף וּכְלֵ֥י זָהָֽב ׃,דבר נא באזני העמ וישאלו איש מאת רעהו ואשה מאת רעותה כלי כספ וכלי זהב,17,מליל כען קדם עמא וישאלון גבר מן חברה ואתתא מן חברתה מנין דכסף ומנין דדהב:,15,"λάλησον οὖν κρυφῇ εἰς τὰ ὦτα τοῦ λαοῦ, καὶ αἰτησάτω ἕκαστος παρὰ τοῦ πλησίον σκεύη ἀργυρᾶ καὶ χρυσᾶ καὶ ἱματισμόν.",20,ܘܐܡܪ ܩܕܡ ܥܡܐ. ܢܫܐ̣ܠܘܢ ܐܢܫ ܓܒܪ ܡܢ ܚܒܪܗ ܘܐܢܬܬܐ ܡܢ ܚܒܪܬܗ̣̇. ܡܐ̈ܢܐ ܕܣܐܡܐ ܘܡܐ̈ܢܐ ܕܕܗܒܐ.,15,"Fala agora aos ouvidos do povo, que cada homem peça ao seu vizinho, e cada mulher à sua vizinha, jóias de prata e jóias de ouro.",26,True,True,True
11,3,Êxodo 11:3,וַיִּתֵּ֧ן יְהוָ֛ה אֶת־ חֵ֥ן הָעָ֖ם בְּעֵינֵ֣י מִצְרָ֑יִם גַּ֣ם ׀ הָאִ֣ישׁ מֹשֶׁ֗ה גָּד֤וֹל מְאֹד֙ בְּאֶ֣רֶץ מִצְרַ֔יִם בְּעֵינֵ֥י עַבְדֵֽי־ פַרְעֹ֖ה וּבְעֵינֵ֥י הָעָֽם ׃ ס,ויתנ יהוה את חנ העמ בעיני מצרימ גמ האיש משה גדול מאד בארצ מצרימ בעיני עבדי פרעה ובעיני העמ ס,22,ויהב יי ית עמא לרחמין בעיני מצרים אף גברא משה רב לחדא בארעא דמצרים בעיני עבדי פרעה ובעיני עמא:,19,"Κύριος δὲ ἔδωκεν τὴν χάριν τῷ λαῷ αὐτοῦ ἐναντίον τῶν Αἰγυπτίων, καὶ ἔχρησαν αὐτοῖς· καὶ ὁ ἄνθρωπος Μωυσῆς μέγας ἐγενήθη σφόδρα ἐναντίον τῶν Αἰγυπτίων καὶ ἐναντίον Φαραὼ καὶ ἐναντίον πάντων τῶν θεραπόντων αὐτοῦ.",33,ܘܝܗ̣ܒ ܐܢܘܢ ܡܪܝܐ ܠܥܡܐ ܠܪ̈ܚ̣ܡܐ ܒܥܝܢ̈ܝܗܘܢ ܕܡܨܪ̈ܝܐ. ܘܐܦ ܓܒܪܐ ܡܘܫܐ ܝܩܝܪ ܗܘܐ ܛܒ ܒܐܪܥܐ ܕܡܨܪܝܢ. ܒܥܝܢ̈ܝ ܥܒ̣̈ܕܘܗܝ ܕܦܪܥܘܢ ܘܒܥܝܢ̈ܝ ܥܡܐ.,20,"E o Senhor deu ao povo graça aos olhos dos egípcios. Além disso o varão Moisés era mui grande na terra do Egito, aos olhos dos servos de Faraó e aos olhos do povo.",34,True,True,True
11,4,Êxodo 11:4,וַיֹּ֣אמֶר מֹשֶׁ֔ה כֹּ֖ה אָמַ֣ר יְהוָ֑ה כַּחֲצֹ֣ת הַלַּ֔יְלָה אֲנִ֥י יוֹצֵ֖א בְּת֥וֹךְ מִצְרָֽיִם ׃,ויאמר משה כה אמר יהוה כחצת הלילה אני יוצא בתוכ מצרימ,12,ואמר משה כדנן אמר יי כפלגות ליליא אנא מתגלי בגו מצרים:,11,Καὶ εἶπεν Μωυσῆς Τάδε λέγει Κύριος Περὶ μέσας νύκτας ἐγὼ εἰσπορεύομαι εἰς μέσον Αἰγύπτου·,14,ܘܐܡܪ ܡܘܫܐ ܗܟܢܐ ܐܡ̇ܪ ܡܪܝܐ. ܒܦܠܓܗ ܕܠܠܝܐ ܢ̇ܦܩ ܐܢܐ ܒܓܘ ܡܨܪܝ̣ܢ.,11,Depois disse Moisés a Faraó: Assim diz o Senhor: À meia-noite eu sairei pelo meio do Egito;,17,True,True,True
11,5,Êxodo 11:5,וּמֵ֣ת כָּל־ בְּכוֹר֮ בְּאֶ֣רֶץ מִצְרַיִם֒ מִבְּכ֤וֹר פַּרְעֹה֙ הַיֹּשֵׁ֣ב עַל־ כִּסְא֔וֹ עַ֚ד בְּכ֣וֹר הַשִּׁפְחָ֔ה אֲשֶׁ֖ר אַחַ֣ר הָרֵחָ֑יִם וְכֹ֖ל בְּכ֥וֹר בְּהֵמָֽה ׃,ומת כל בכור בארצ מצרימ מבכור פרעה הישב על כסאו עד בכור השפחה אשר אחר הרחימ וכל בכור בהמה,20,וימות כל בוכרא בארעא דמצרים מבוכרא דפרעה דעתיד למתב על כרסי מלכותה עד בוכרא דאמתא די בתר ריחיא וכל בוכרא דבעירא:,21,"καὶ τελευτήσει πᾶν πρωτότοκον ἐν γῇ Αἰγύπτῳ, ἀπὸ πρωτοτόκου Φαραὼ ὃς κάθηται ἐπὶ τοῦ θρόνου καὶ ἕως πρωτοτόκου τῆς θεραπαίνης τῆς παρὰ τὸν μύλον, καὶ ἕως πρωτοτόκου παντὸς κτήνους·",29,ܘܢܡ̣ܘܬܘܢ ܟܠܗܘܢ ܒܘܟܪ̈ܐ ܕܐܪܥܐ ܕܡܨܪܝܢ. ܡܢ ܒܘܟܪܗ ܕܦܪܥܘܢ ܕܝܬ̇ܒ ܥܠ ܟܘܪܣܝܗ̣. ܘܥܕܡܐ ܠܒܘܟܪܐ ܕܐܡܬܐ ܕܐܝܬ ܒܝܬ ܪܚܝܐ. ܘܟܠܗܘܢ ܒܘܟܪ̈ܐ ܕܒܥܝܪܐ.,20,"e todos os primogênitos na terra do Egito morrerão, desde o primogênito de Faraó, que se assenta sobre o seu trono, até o primogênito da serva que está detrás da mó, e todos os primogênitos dos animais.",37,True,True,True
11,6,Êxodo 11:6,וְהָֽיְתָ֛ה צְעָקָ֥ה גְדֹלָ֖ה בְּכָל־ אֶ֣רֶץ מִצְרָ֑יִם אֲשֶׁ֤ר כָּמֹ֨הוּ֙ לֹ֣א נִהְיָ֔תָה וְכָמֹ֖הוּ לֹ֥א תֹסִֽף ׃,והיתה צעקה גדלה בכל ארצ מצרימ אשר כמהו לא נהיתה וכמהו לא תספ,14,ותהי צוחתא רבא בכל ארעא דמצרים דכותה לא הות ודכותה לא תוסף:,12,"καὶ ἔσται κραυγὴ μεγάλη κατὰ πᾶσαν γῆν Αἰγύπτου, ἥτις τοιαύτη οὐ γέγονεν καὶ τοιαύτη οὐκέτι προστεθήσεται.",16,ܘܬܗܘܐ ܝܠܠܬܐ ܪܒܬܐ ܒܐܪܥܐ ܕܡܨܪܝ̣ܢ. ܕܐܟܘܬܗ̣̇ ܠܐ ܗ̣ܘܬ̇ ܘܐܟܘܬܗ̣̇ ܠܐ ܬܗ̣ܘܐ.,11,"Pelo que haverá grande clamor em toda a terra do Egito, como nunca houve nem haverá jamais.",17,True,True,True
11,7,Êxodo 11:7,וּלְכֹ֣ל ׀ בְּנֵ֣י יִשְׂרָאֵ֗ל לֹ֤א יֶֽחֱרַץ־ כֶּ֨לֶב֙ לְשֹׁנ֔וֹ לְמֵאִ֖ישׁ וְעַד־ בְּהֵמָ֑ה לְמַ֨עַן֙ תֵּֽדְע֔וּן אֲשֶׁר֙ יַפְלֶ֣ה יְהוָ֔ה בֵּ֥ין מִצְרַ֖יִם וּבֵ֥ין יִשְׂרָאֵֽל ׃,ולכל בני ישראל לא יחרצ כלב לשנו למאיש ועד בהמה למענ תדעונ אשר יפלה יהוה בינ מצרימ ובינ ישראל,21,ולכל בני ישראל לא ינזק כלבא בלישנה למנבח למאנשא ועד בעירא בדיל דתדעון דיפריש יי בין מצרים ובין ישראל:,19,"καὶ ἐν πᾶσι τοῖς υἱοῖς Ἰσραὴλ οὐ γρύξει κύων τῇ γλώσσῃ αὐτοῦ, οὐδὲ ἀπὸ ἀνθρώπου ἕως κτήνους· ὅπως ἴδῃς ὅσα παραδοξάζει Κύριος ἀνὰ μέσον τῶν Αἰγυπτίων καὶ τοῦ Ἰσραήλ.",29,ܘܡܢ ܕܒܝܬ ܐܝܣܪܝܠ ܠܐ ܢ̇ܗ̣ܪ. ܐܦ ܠܐ ܟܠܒܐ ܒܠܫܢܗ. ܐܦ ܠܐ ܒܢ̈ܝ ܐܢܫܐ̇. ܐܦ ܠܐ ܒܥܝܪܐ. ܡܛܠ ܕܬܕܥܘܢ ܕܦܪܫ ܡܪܝܐ ܒܝܬ ܡܨܪ̈ܝܐ ܠܕܒܝܬ ܐܝܣܪܐܝܠ.,24,"Mas contra os filhos de Israel nem mesmo um cão moverá a sua língua, nem contra homem nem contra animal; para que saibais que o Senhor faz distinção entre os egípcios e os filhos de Israel.",36,True,True,True
11,8,Êxodo 11:8,וְיָרְד֣וּ כָל־ עֲבָדֶיךָ֩ אֵ֨לֶּה אֵלַ֜י וְהִשְׁתַּֽחֲוּוּ־ לִ֣י לֵאמֹ֗ר צֵ֤א אַתָּה֙ וְכָל־ הָעָ֣ם אֲשֶׁר־ בְּרַגְלֶ֔יךָ וְאַחֲרֵי־ כֵ֖ן אֵצֵ֑א וַיֵּצֵ֥א מֵֽעִם־ פַּרְעֹ֖ה בָּחֳרִי־ אָֽף ׃ ס,וירדו כל עבדיכ אלה אלי והשתחוו לי לאמר צא אתה וכל העמ אשר ברגליכ ואחרי כנ אצא ויצא מעמ פרעה בחרי אפ ס,24,ויחתון כל עבדיך אלין לותי ויבעון מני למימר פוק את וכל עמא די עמך ובתר כן אפוק ונפק מלות פרעה בתקוף רגז:,22,καὶ καταβήσονται πάντες οἱ παῖδές σου οὗτοι πρὸς μὲ καὶ προσκυνήσουσίν με λέγοντες Ἔξελθε σὺ καὶ πᾶς ὁ λαός σου οὗ σὺ ἀφηγῇ· καὶ μετὰ ταῦτα ἐξελεύσομαι. ἐξῆλθεν δὲ Μωυσῆς ἀπὸ Φαραὼ μετὰ θυμοῦ.,34,ܘܢܚ̣ܬܘܢ ܟܠܗܘܢ ܥܒ̣̈ܕܝܟ ܗܠܝܢ ܠܘܬܝ. ܘܢܣܓܕܘܢ ܠܝ ܘܢܐܡܪܘܢ ܠܝ. ܦܘܩ ܐܢܬ ܘܥܡܐ ܗܢܐ ܟܠܗ ܕܥܡܟ̣. ܘܗܝܕܝܢ ܐܦܘܩ. ܘܢܦ̣ܩ ܡܘܫܐ ܡܢ ܩܕܡ ܦܪܥܘܢ ܒܚܡܬܐ ܪܒܬܐ.,24,"Então todos estes teus servos descerão a mim, e se inclinarão diante de mim, dizendo: Sai tu, e todo o povo que te segue as pisadas. Depois disso eu sairei. E Moisés saiu da presença de Faraó ardendo em ira.",40,True,True,True
11,9,Êxodo 11:9,וַיֹּ֤אמֶר יְהוָה֙ אֶל־ מֹשֶׁ֔ה לֹא־ יִשְׁמַ֥ע אֲלֵיכֶ֖ם פַּרְעֹ֑ה לְמַ֛עַן רְב֥וֹת מוֹפְתַ֖י בְּאֶ֥רֶץ מִצְרָֽיִם ׃,ויאמר יהוה אל משה לא ישמע אליכמ פרעה למענ רבות מופתי בארצ מצרימ,14,ואמר יי למשה לא יקבל מנכון פרעה בדיל לאסגאה מופתי בארעא דמצרים:,12,"Εἶπεν δὲ Κύριος πρὸς Μωυσῆν Οὐκ εἰσακούσεται ὑμῶν Φαραώ, ἵνα πληθύνων πληθύνω μου τὰ σημεῖα καὶ τὰ τέρατα ἐν γῇ Αἰγύπτῳ.",21,ܘܐܡܪ ܡܪܝܐ ܠܡܘܫܐ. ܠܐ̇ ܢܫܡ̣ܥܟܘܢ ܦܪܥܘܢ. ܡܛܠ ܕܐܣܓܐ ܦܪ̈ܝܫܬܝ ܒܐܪܥܐ ܕܡܨܪܝܢ.,11,"Pois o Senhor dissera a Moisés: Faraó não vos ouvirá, para que as minhas maravilhas se multipliquem na terra do Egito.",21,True,True,True
11,10,Êxodo 11:10,וּמֹשֶׁ֣ה וְאַהֲרֹ֗ן עָשׂ֛וּ אֶת־ כָּל־ הַמֹּפְתִ֥ים הָאֵ֖לֶּה לִפְנֵ֣י פַרְעֹ֑ה וַיְחַזֵּ֤ק יְהוָה֙ אֶת־ לֵ֣ב פַּרְעֹ֔ה וְלֹֽא־ שִׁלַּ֥ח אֶת־ בְּנֵֽי־ יִשְׂרָאֵ֖ל מֵאַרְצֽוֹ ׃ פ,ומשה ואהרנ עשו את כל המפתימ האלה לפני פרעה ויחזק יהוה את לב פרעה ולא שלח את בני ישראל מארצו פ,22,ומשה ואהרן עבדו ית כל מופתיא האלין קדם פרעה ואתקף יי ית לבא דפרעה ולא שלח ית בני ישראל מארעה:,20,"Μωσῆς δὲ καὶ Ἀαρὼν ἐποίησαν πάντα τὰ σημεῖα καὶ τὰ τέρατα ταῦτα ἐν γῇ Αἰγύπτῳ ἐναντίον Φαραώ· ἐσκλήρυνεν δὲ Κύριος τὴν καρδίαν Φαραώ, καὶ οὐκ εἰσήκουσεν ἐξαποστεῖλαι τοὺς υἱοὺς Ἰσραὴλ ἐκ γῆς Αἰγύπτου.",33,ܘܡܘܫܐ ܘܐܗܪܘܢ ܥܒܕܘ ܦܪ̈ܝܫܬܐ ܗܠܝܢ ܩܕܡ ܦܪܥܘܢ. ܘܩܫ̇ܝ ܡܪܝܐ ܠܒܗ ܕܦܪܥܘܢ. ܘܠܐ ܫܕܪ ܠܒܢ̈ܝ ܐܝܣܪܝܠ ܡܢ ܐܪܥܗ.,17,"E Moisés e Arão fizeram todas estas maravilhas diante de Faraó; mas o Senhor endureceu o coração de Faraó, que não deixou ir da sua terra os filhos de Israel.",30,True,True,True
12,1,Êxodo 12:1,וַיֹּ֤אמֶר יְהוָה֙ אֶל־ מֹשֶׁ֣ה וְאֶֽל־ אַהֲרֹ֔ן בְּאֶ֥רֶץ מִצְרַ֖יִם לֵאמֹֽר ׃,ויאמר יהוה אל משה ואל אהרנ בארצ מצרימ לאמר,10,ואמר יי למשה ולאהרן בארעא דמצרים למימר:,7,Εἶπεν δὲ Κύριος πρὸς Μωυσῆν καὶ Ἀαρὼν ἐν γῇ Αἰγύπτου λέγων,11,ܘܐܡܪ ܡܪܝܐ ܠܡܘܫܐ ܘܠܐܗܪܘܢ ܒܐܪܥܐ ܕܡܨܪܝܢ.,6,"Ora, o Senhor falou a Moisés e a Arão na terra do Egito, dizendo:",14,True,True,True
12,2,Êxodo 12:2,הַחֹ֧דֶשׁ הַזֶּ֛ה לָכֶ֖ם רֹ֣אשׁ חֳדָשִׁ֑ים רִאשׁ֥וֹן הוּא֙ לָכֶ֔ם לְחָדְשֵׁ֖י הַשָּׁנָֽה ׃,החדש הזה לכמ ראש חדשימ ראשונ הוא לכמ לחדשי השנה,11,ירחא הדין לכון ריש ירחין קדמאי הוא לכון לירחי שתא:,10,"Ὁ μὴν οὗτος ὑμῖν ἀρχὴ μηνῶν, πρῶτός ἐστιν ὑμῖν ἐν τοῖς μησὶν τοῦ ἐνιαυτοῦ.",14,ܝܪܚܐ ܗܢܐ ܢܗܘܐ ܠܟܘܢ ܪܝܫ ܝܪ̈ܚܐ. ܩܕܡ̣ܝ ܢܗܘܐ ܠܟܘܢ ܠܟܠܗܘܢ ܝܪ̈ܚܐ ܕܫܢܬܐ.,12,Este mês será para vós o princípio dos meses; este vos será o primeiro dos meses do ano.,18,True,True,True
12,3,Êxodo 12:3,דַּבְּר֗וּ אֶֽל־ כָּל־ עֲדַ֤ת יִשְׂרָאֵל֙ לֵאמֹ֔ר בֶּעָשֹׂ֖ר לַחֹ֣דֶשׁ הַזֶּ֑ה וְיִקְח֣וּ לָהֶ֗ם אִ֛ישׁ שֶׂ֥ה לְבֵית־ אָבֹ֖ת שֶׂ֥ה לַבָּֽיִת ׃,דברו אל כל עדת ישראל לאמר בעשר לחדש הזה ויקחו להמ איש שה לבית אבת שה לבית,18,מלילו עם כל כנשתא דישראל למימר בעסרא לירחא הדין ויסבון להון גבר אמר לבית אבא אמר לביתא:,17,"λάλησον πρὸς πᾶσαν συναγωγὴν υἱῶν Ἰσραὴλ λέγων Τῇ δεκάτῃ τοῦ μηνὸς τούτου λαβέτωσαν ἕκαστος πρόβατον κατ᾽ οἴκους πατριῶν, ἕκαστος πρόβατον κατ᾽ οἰκίαν.",22,ܐܡ̣ܪ ܠܟܠܗ̇ ܟܢܘܫܬܐ ܕܒܢ̈ܝ ܐܝܣܪܝܠ. ܒܥܣܪܬܐ ܒܝܪܚܐ ܗܢܐ. ܢ̇ܗܘܘܢ ܢܣ̇ܒܝܢ ܠܗܘܢ ܓܒܪ ܐܡܪܐ ܠܒܝܬܐ ܘܐܡܪܐ ܠܒܝܬ ܐܒܘܗܝ.,17,"Falai a toda a congregação de Israel, dizendo: Ao décimo dia deste mês tomará cada um para si um cordeiro, segundo as casas dos pais, um cordeiro para cada família.",30,True,True,True
12,4,Êxodo 12:4,וְאִם־ יִמְעַ֣ט הַבַּיִת֮ מִהְיֹ֣ת מִשֶּׂה֒ וְלָקַ֣ח ה֗וּא וּשְׁכֵנ֛וֹ הַקָּרֹ֥ב אֶל־ בֵּית֖וֹ בְּמִכְסַ֣ת נְפָשֹׁ֑ת אִ֚ישׁ לְפִ֣י אָכְל֔וֹ תָּכֹ֖סּוּ עַל־ הַשֶּֽׂה ׃,ואמ ימעט הבית מהית משה ולקח הוא ושכנו הקרב אל ביתו במכסת נפשת איש לפי אכלו תכסו על השה,20,ואם יזעיר ביתא מלאתמנאה על אמרא ויסב הוא ושיבבה דקריב לביתה במנין נפשתא גבר לפום מיכלה תתמנון על אמרא:,19,"ἐὰν δὲ ὀλιγοστοὶ ὦσιν οἱ ἐν τῇ οἰκίᾳ ὥστε μὴ εἶναι ἱκανοὺς εἰς πρόβατον, συλλήμψεται μεθ᾽ ἑαυτοῦ τὸν γείτονα τὸν πλησίον αὐτοῦ· κατὰ ἀριθμὸν ψυχῶν ἕκαστος τὸ ἀρκοῦν αὐτῷ συναριθμήσεται εἰς πρόβατον.",32,ܘܐܢ ܙܥܘܪ ܗܘ ܒܝܬܐ ܕܢܦܘܩ ܒܗ ܐܡܪܐ. ܢܣ̇ܒ ܗ̣ܘ ܘܫܒܒܗ ܕܩܪܝܒ ܠܒܝܬܗ. ܒܡܢܝܢܐ̇ ܕܢܦܫ̈ܬܐ. ܐܢܫ̣ ܡܣܬ ܡܐܟܠܗ ܬ̣ܡܢܘܢ ܥܠ ܐܡܪܐ.,20,"Mas se a família for pequena demais para um cordeiro, tomá-lo-á juntamente com o vizinho mais próximo de sua casa, conforme o número de almas; conforme ao comer de cada um, fareis a conta para o cordeiro.",37,True,True,True
12,5,Êxodo 12:5,שֶׂ֥ה תָמִ֛ים זָכָ֥ר בֶּן־ שָׁנָ֖ה יִהְיֶ֣ה לָכֶ֑ם מִן־ הַכְּבָשִׂ֥ים וּמִן־ הָעִזִּ֖ים תִּקָּֽחוּ ׃,שה תמימ זכר בנ שנה יהיה לכמ מנ הכבשימ ומנ העזימ תקחו,13,אמר שלים דכר בר שתה יהי לכון מן אמריא ומן עזיא תסבון:,12,πρόβατον τέλειον ἄρσεν ἐνιαύσιον ἔσται ὑμῖν· ἀπὸ τῶν ἀρνῶν καὶ τῶν ἐρίφων λήμψεσθε.,13,ܐܡܪܐ ܕܠܝܬ ܒܗ ܡܘܡܐ. ܕܟܪܐ ܒܪ ܫܢܬܐ ܢܗܘܐ ܠܟܘܢ. ܡܢ ܐܡܪ̈ܐ̇ ܘܡܢ ܓܕܝ̈ܐ ܬܣ̣ܒܘܢ.,14,"O cordeiro, ou cabrito, será sem defeito, macho de um ano, o qual tomareis das ovelhas ou das cabras,",19,True,True,True
12,6,Êxodo 12:6,וְהָיָ֤ה לָכֶם֙ לְמִשְׁמֶ֔רֶת עַ֣ד אַרְבָּעָ֥ה עָשָׂ֛ר י֖וֹם לַחֹ֣דֶשׁ הַזֶּ֑ה וְשָׁחֲט֣וּ אֹת֗וֹ כֹּ֛ל קְהַ֥ל עֲדַֽת־ יִשְׂרָאֵ֖ל בֵּ֥ין הָעַרְבָּֽיִם ׃,והיה לכמ למשמרת עד ארבעה עשר יומ לחדש הזה ושחטו אתו כל קהל עדת ישראל בינ הערבימ,18,ויהי לכון למטרא עד ארבעא עסרא יומא לירחא הדין ויכסון יתה כל קהלא כנשתא דישראל בין שמשיא:,17,"καὶ ἔσται ὑμῖν διατετηρημένον ἕως τῆς τεσσαρεσκαιδεκάτης τοῦ μηνὸς τούτου, καὶ σφάξουσιν αὐτὸ πᾶν τὸ πλῆθος συναγωγῆς υἱῶν Ἰσραὴλ πρὸς ἑσπέραν.",21,ܘܢ̇ܗܘܐ ܢܛܝܪ ܠܟܘܢ. ܥܕܡܐ ܠܐܪܒܥܣܪܐ ܒܝܪܚܐ ܗܢܐ. ܘܢ̇ܟܣܘܢܗ ܟܘܠܗ ܥܡܐ ܕܟܢܘܫܬܐ ܕܒܢ̈ܝ ܐܝܣܪܝܠ ܒܡܥܪ̈ܒܝ ܫܡܫܐ.,15,e o guardareis até o décimo quarto dia deste mês; e toda a assembléia da congregação de Israel o matará à tardinha:,22,True,True,True
12,7,Êxodo 12:7,וְלָֽקְחוּ֙ מִן־ הַדָּ֔ם וְנָֽתְנ֛וּ עַל־ שְׁתֵּ֥י הַמְּזוּזֹ֖ת וְעַל־ הַמַּשְׁק֑וֹף עַ֚ל הַבָּ֣תִּ֔ים אֲשֶׁר־ יֹאכְל֥וּ אֹת֖וֹ בָּהֶֽם ׃,ולקחו מנ הדמ ונתנו על שתי המזוזת ועל המשקופ על הבתימ אשר יאכלו אתו בהמ,16,ויסבון מן דמא ויתנון על תרין ספיא ועל שקפא על בתיא דיכלון יתה בהון:,14,καὶ λήμψονται ἀπὸ τοῦ αἵματος καὶ θήσουσιν ἐπὶ τῶν δύο σταθμῶν καὶ ἐπὶ τὴν φλιὰν ἐν τοῖς οἴκοις ἐν οἷς ἐὰν φάγωσιν αὐτὰ ἐν αὐτοῖς.,25,ܘܢ̇ܣܒܘܢ ܡܢ ܕܡܗ̣. ܘܢ̇ܪ̣ܡܘܢ ܥܠ ܬܪ̈ܝܗܘܢ ܦܪ̈ܘܣܬܕܐ. ܘܥܠ ܐܣ̈ܟܦܬܐ̇ ܘܥܠ ܒܬ̈ܐ ܕܢܐܟܠܘܢܗ ܒܗܘܢ.,13,"Tomarão do sangue, e pô-lo-ão em ambos os umbrais e na verga da porta, nas casas em que o comerem.",20,True,True,True
12,8,Êxodo 12:8,וְאָכְל֥וּ אֶת־ הַבָּשָׂ֖ר בַּלַּ֣יְלָה הַזֶּ֑ה צְלִי־ אֵ֣שׁ וּמַצּ֔וֹת עַל־ מְרֹרִ֖ים יֹאכְלֻֽהוּ ׃,ואכלו את הבשר בלילה הזה צלי אש ומצות על מררימ יאכלהו,12,ויכלון ית בסרא בלילא ההוא טוי נור ופטיר על מררין יכלנה:,11,"καὶ φάγονται τὰ κρέα τῇ νυκτὶ ταύτῃ ὀπτὰ πυρί, καὶ ἄζυμα ἐπὶ πικρίδων ἔδονται.",14,ܘܢ̇ܐܟܠܘܢܗ ܠܒܣܪܐ ܒܠܠܝܐ ܗܢܐ. ܟܕ ܡܛܘܝ ܒܢܘܪܐ. ܘܦܛܝܪܐ ܥܡ ܡܪ̈ܪܐ ܢܐܟܠܘܢܗ.,11,"E naquela noite comerão a carne assada ao fogo, com pães ázimos; com ervas amargosas a comerão.",17,True,True,True
12,9,Êxodo 12:9,אַל־ תֹּאכְל֤וּ מִמֶּ֨נּוּ֙ נָ֔א וּבָשֵׁ֥ל מְבֻשָּׁ֖ל בַּמָּ֑יִם כִּ֣י אִם־ צְלִי־ אֵ֔שׁ רֹאשׁ֥וֹ עַל־ כְּרָעָ֖יו וְעַל־ קִרְבּֽוֹ ׃,אל תאכלו ממנו נא ובשל מבשל במימ כי אמ צלי אש ראשו על כרעיו ועל קרבו,17,לא תיכלון מנה כד חי ואף לא בשלא מבשל במיא אלהן טוי נור רישיה על כרעוהי ועל גוה:,18,"οὐκ ἔδεσθε ἀπ᾽ αὐτῶν ὠμὸν οὐδὲ ἡψημένον ἐν ὕδατι ἀλλ᾽ ἢ ὀπτὰ πυρί, κεφαλὴν σὺν τοῖς ποσὶν καὶ τοῖς ἐνδοσθίοις.",20,ܠܐ ܬܐܟܠܘܢ ܡܢܗ ܟܕ ܚܝ. ܐܦ ܠܐ ܟܕ ܡܒ̇ܫܠܘ ܡܒ̣ܫܠ ܒܡ̈ܝܐ. ܐܠܐ ܟܕ ܡ̇ܛܘܝ ܒܢܘܪܐ. ܘܪܫܗ ܘܟܪ̈ܥܘܗܝ ܘܓܘܝܗ.,18,"Não comereis dele cru, nem cozido em água, mas sim assado ao fogo; a sua cabeça com as suas pernas e com a sua fressura.",25,True,True,True
12,10,Êxodo 12:10,וְלֹא־ תוֹתִ֥ירוּ מִמֶּ֖נּוּ עַד־ בֹּ֑קֶר וְהַנֹּתָ֥ר מִמֶּ֛נּוּ עַד־ בֹּ֖קֶר בָּאֵ֥שׁ תִּשְׂרֹֽפוּ ׃,ולא תותירו ממנו עד בקר והנתר ממנו עד בקר באש תשרפו,12,ולא תשארון מנה עד צפרא ודישתאר מנה עד צפרא בנורא תוקדון:,11,οὐκ ἀπολείψεται ἀπ᾽ αὐτοῦ ἕως πρωί· καὶ ὀστοῦν οὐ συντρίψεται ἀπ᾽ αὐτοῦ· τὰ δὲ καταλιπόμενα ἀπ᾽ αὐτοῦ ἕως πρωὶ ἐν πυρὶ κατακαύσετε,22,ܘܠܐ ܬܘܬܪܘܢ ܡܢܗ ܠܨ̇ܦܪܐ. ܘܡܕܡ ܕܝܬ̇ܪ ܡܢܗ ܠܨ̇ܦܪܐ ܒܢܘܪܐ ܬܘܩܕܘܢܗ.,10,"Nada dele deixareis até pela manhã; mas o que dele ficar até pela manhã, queimá-lo-eis no fogo.",17,True,True,True
12,11,Êxodo 12:11,וְכָכָה֮ תֹּאכְל֣וּ אֹתוֹ֒ מָתְנֵיכֶ֣ם חֲגֻרִ֔ים נַֽעֲלֵיכֶם֙ בְּרַגְלֵיכֶ֔ם וּמַקֶּלְכֶ֖ם בְּיֶדְכֶ֑ם וַאֲכַלְתֶּ֤ם אֹתוֹ֙ בְּחִפָּז֔וֹן פֶּ֥סַח ה֖וּא לַיהוָֽה ׃,וככה תאכלו אתו מתניכמ חגרימ נעליכמ ברגליכמ ומקלכמ בידכמ ואכלתמ אתו בחפזונ פסח הוא ליהוה,16,וכדין תיכלון יתה חרציכון יהון אסירין מסניכון ברגליכון וחוטריכון בידיכון ותיכלון יתה בבהילו פסחא הוא קדם יי:,17,"οὕτως δὲ φάγεσθε αὐτό· αἱ ὀσφύες ὑμῶν περιεζωσμέναι, καὶ τὰ ὑποδήματα ἐν τοῖς ποσὶν ὑμῶν, καὶ αἱ βακτηρίαι ἐν ταῖς χερσὶν ὑμῶν· καὶ ἔδεσθε αὐτὸ μετὰ σπουδῆς· πάσχα ἐστὶν Κυρίῳ.",30,ܘܗܟܢܐ ܬܐܟܠܘܢܗ. ܟܕ ܚ̈ܨܝܟܘܢ ܐܣܝܪ̈ܝܢ ܘܡܣ̈ܢܝܟܘܢ ܒܪ̈ܓܠܝܟܘܢ. ܘܚܘܛܪ̈ܝܟܘܢ ܒܐ̈ܝܕܝܟܘܢ̇ ܐܘܟܠܘܗ̣ܝ ܡܣܪܗܒܐܝܬ. ܡܛܠ ܕܦܨܚܐ ܗܘ ܠܡܪܝܐ.,15,"Assim pois o comereis: Os vossos lombos cingidos, os vossos sapatos nos pés, e o vosso cajado na mão; e o comereis apressadamente; esta é a páscoa do Senhor.",29,True,True,True
12,12,Êxodo 12:12,וְעָבַרְתִּ֣י בְאֶֽרֶץ־ מִצְרַיִם֮ בַּלַּ֣יְלָה הַזֶּה֒ וְהִכֵּיתִ֤י כָל־ בְּכוֹר֙ בְּאֶ֣רֶץ מִצְרַ֔יִם מֵאָדָ֖ם וְעַד־ בְּהֵמָ֑ה וּבְכָל־ אֱלֹהֵ֥י מִצְרַ֛יִם אֶֽעֱשֶׂ֥ה שְׁפָטִ֖ים אֲנִ֥י יְהוָֽה ׃,ועברתי בארצ מצרימ בלילה הזה והכיתי כל בכור בארצ מצרימ מאדמ ועד בהמה ובכל אלהי מצרימ אעשה שפטימ אני יהוה,21,ואתגליתי בארעא דמצרים בליליא הדין ואקטול כל בוכרא בארעא דמצרים מאנשא ועד בעירא ובכל טעות מצרים אעבד דינין אנא יי:,20,"καὶ ἐλεύσομαι ἐν γῇ Αἰγύπτῳ ἐν τῇ νυκτὶ ταύτῃ καὶ πατάξω πᾶν πρωτότοκον ἐν γῇ Αἰγύπτῳ ἀπὸ ἀνθρώπου ἕως κτήνους, καὶ ἐν πᾶσι τοῖς θεοῖς τῶν Αἰγυπτίων ποιήσω τὴν ἐκδίκησιν· ἐγὼ Κύριος.",32,ܘܐܥܒ̣ܪ ܒܐܪܥܐ ܕܡܨܪܝܢ ܒܠܠܝܐ ܗܢܐ. ܘܢܡ̣ܘܬܘܢ ܟܠܗܘܢ ܒܘܟܪ̈ܐ ܕܐܪܥܐ ܕܡܨܪܝܢ. ܡܢ ܒܢ̈ܝ ܐܢܫܐ ܘܥܕܡܐ ܠܒܥܝܪܐ. ܘܒܟܠܗܝܢ ܕܚ̈ܠܬܗܘܢ ܕܡܨܪ̈ܝܐ. ܐܥ̇ܒܕ ܕܝܢ̣ܐ ܐܢܐ ܡܪܝܐ.,22,"Porque naquela noite passarei pela terra do Egito, e ferirei todos os primogênitos na terra do Egito, tanto dos homens como dos animais; e sobre todos os deuses do Egito executarei juízos; eu sou o Senhor.",36,True,True,True
12,13,Êxodo 12:13,וְהָיָה֩ הַדָּ֨ם לָכֶ֜ם לְאֹ֗ת עַ֤ל הַבָּתִּים֙ אֲשֶׁ֣ר אַתֶּ֣ם שָׁ֔ם וְרָאִ֨יתִי֙ אֶת־ הַדָּ֔ם וּפָסַחְתִּ֖י עֲלֵכֶ֑ם וְלֹֽא־ יִֽהְיֶ֨ה בָכֶ֥ם נֶ֨גֶף֙ לְמַשְׁחִ֔ית בְּהַכֹּתִ֖י בְּאֶ֥רֶץ מִצְרָֽיִם ׃,והיה הדמ לכמ לאת על הבתימ אשר אתמ שמ וראיתי את הדמ ופסחתי עלכמ ולא יהיה בכמ נגפ למשחית בהכתי בארצ מצרימ,23,ויהי דמא לכון לאת על בתיא די אתון תמן ואחזי ית דמא ואיחוס עליכון ולא יהי בכון מותא לחבלא במקטלי בארעא דמצרים:,22,"καὶ ἔσται τὸ αἷμα ὑμῖν ἐν σημείῳ ἐπὶ τῶν οἰκιῶν ἐν αἷς ὑμεῖς ἐστὲ ἐκεῖ· καὶ ὄψομαι τὸ αἷμα, καὶ σκεπάσω ὑμᾶς, καὶ οὐκ ἔσται ἐν ὑμῖν πληγὴ τοῦ ἐκτριβῆναι ὅταν παίω ἐν γῇ Αἰγύπτῳ.",35,ܘܢ̇ܗܘܐ ܠܟܘܢ ܕܡܐ ܗܢܐ ܠܐܬ̇ܐ̇. ܥܠ ܒܬ̈ܐ ܕܐܢܬܘܢ ܒܗܘܢ. ܘܐ̇ܚܙܝܘܗܝ ܠܕܡܐ ܘܐ̇ܦܨܚ ܥܠܝܟܘܢ. ܘܠܐ ܢܗܘܐ ܒܟܘܢ ܡܘܬܐ ܠܡܚ̇ܒܠܘ̇. ܡܐ ܕܡܩ̇ܛܠ ܐܢܐ ܒܐܪܥܐ ܕܡܨܪܝܢ.,23,"Mas o sangue vos será por sinal nas casas em que estiverdes; vendo eu o sangue, passarei por cima de vós, e não haverá entre vós praga para vos destruir, quando eu ferir a terra do Egito. :",38,True,True,True
12,14,Êxodo 12:14,וְהָיָה֩ הַיּ֨וֹם הַזֶּ֤ה לָכֶם֙ לְזִכָּר֔וֹן וְחַגֹּתֶ֥ם אֹת֖וֹ חַ֣ג לַֽיהוָ֑ה לְדֹרֹ֣תֵיכֶ֔ם חֻקַּ֥ת עוֹלָ֖ם תְּחָגֻּֽהוּ ׃,והיה היומ הזה לכמ לזכרונ וחגתמ אתו חג ליהוה לדרתיכמ חקת עולמ תחגהו,14,ויהי יומא הדין לכון לדוכרנא ותחגון יתה חגא קדם יי לדריכון קים עלם תחגנה:,14,"καὶ ἔσται ἡ ἡμέρα ὑμῖν αὕτη μνημόσυνον, καὶ ἑορτάσετε αὐτὴν ἑορτὴν Κυρίῳ εἰς πάσας τὰς γενεὰς ὑμῶν· νόμιμον αἰώνιον ἑορτάσετε αὐτήν.",21,ܘܢ̇ܗܘܐ ܠܟܘܢ ܝܘܡܐ ܗܢܐ ܠܕܘܟܪܢܐ. ܘܥܘܒܕܘܗܝ ܥܕܥܐܕܐ ܠܡܪܝܐ ܥܕܥܐܕܐ ܠܕܪ̈ܝܟܘܢ. ܢܡܘܣܐ ܠܥܠܡ ܗܘ̣ܝܬܘܢ ܥܒ̇ܕܝܢ ܠܗ.,15,"E este dia vos será por memorial, e celebrá-lo-eis por festa ao Senhor; através das vossas gerações o celebrareis por estatuto perpétuo.",22,True,True,True
12,15,Êxodo 12:15,שִׁבְעַ֤ת יָמִים֙ מַצּ֣וֹת תֹּאכֵ֔לוּ אַ֚ךְ בַּיּ֣וֹם הָרִאשׁ֔וֹן תַּשְׁבִּ֥יתוּ שְּׂאֹ֖ר מִבָּתֵּיכֶ֑ם כִּ֣י ׀ כָּל־ אֹכֵ֣ל חָמֵ֗ץ וְנִכְרְתָ֞ה הַנֶּ֤פֶשׁ הַהִוא֙ מִיִּשְׂרָאֵ֔ל מִיּ֥וֹם הָרִאשֹׁ֖ן עַד־ י֥וֹם הַשְּׁבִעִֽי ׃,שבעת ימימ מצות תאכלו אכ ביומ הראשונ תשביתו שאר מבתיכמ כי כל אכל חמצ ונכרתה הנפש ההוא מישראל מיומ הראשנ עד יומ השבעי,25,שבעת יומין פטיר תיכלון ברם ביומא קדמאה תבטלון חמירא מבתיכון ארי כל דיכול חמיע וישתצי אנשא ההוא מישראל מיומא קדמאה עד יומא שביעאה:,23,"ἑπτὰ ἡμέρας ἄζυμα ἔδεσθε, ἀπὸ δὲ τῆς ἡμέρας τῆς πρώτης ἀφανιεῖτε ζύμην ἐκ τῶν οἰκιῶν ὑμῶν· πᾶς ὃς ἂν φάγῃ ζύμην, ἐξολεθρευθήσεται ἡ ψυχὴ ἐκείνη ἐξ Ἰσραήλ, ἀπὸ τῆς ἡμέρας τῆς πρώτης ἕως τῆς ἡμέρας τῆς ἑβδόμης.",37,ܫܒܥܐ ܝܘܡ̈ܝ̣ܢ ܦܛܝܪܐ ܬܐܟܠܘܢ. ܘܡܢ ܝܘܡܐ ܩܕܡܝܐ ܬܒ̇ܛܠܘܢ ܚܡܝܪܐ ܡܢ ܒܬ̈ܝܟܘܢ. ܡܛܠ ܕܟܠ ܕܢܐܟܘܠ ܚ̇ܡܝܥܐ ܡܢ ܒ̈ܬܝܟܘܢ. ܬܐܒܕ ܢܦܫܐ ܗܝ̇ ܡܢ ܐܝܣܪܝܠ. ܡܢ ܝܘܡܐ ܩܕܡܝܐ ܘܥܕܡܐ ܠܝܘܡܐ ܫܒܝܥܝܐ.,28,"Por sete dias comereis pães ázimos; logo ao primeiro dia tirareis o fermento das vossas casas, porque qualquer que comer pão levedado, entre o primeiro e o sétimo dia, esse será cortado de Israel.",34,True,True,True
12,16,Êxodo 12:16,וּבַיּ֤וֹם הָרִאשׁוֹן֙ מִקְרָא־ קֹ֔דֶשׁ וּבַיּוֹם֙ הַשְּׁבִיעִ֔י מִקְרָא־ קֹ֖דֶשׁ יִהְיֶ֣ה לָכֶ֑ם כָּל־ מְלָאכָה֙ לֹא־ יֵעָשֶׂ֣ה בָהֶ֔ם אַ֚ךְ אֲשֶׁ֣ר יֵאָכֵ֣ל לְכָל־ נֶ֔פֶשׁ ה֥וּא לְבַדּ֖וֹ יֵעָשֶׂ֥ה לָכֶֽם ׃,וביומ הראשונ מקרא קדש וביומ השביעי מקרא קדש יהיה לכמ כל מלאכה לא יעשה בהמ אכ אשר יאכל לכל נפש הוא לבדו יעשה לכמ,25,וביומא קדמאה מערע קדיש וביומא שביעאה מערע קדיש יהי לכון כל עיבידא לא יתעבד בהון ברם די מתאכל לכל נפש הוא בלחודוהי יתעבד לכון:,24,"καὶ ἡ ἡμέρα ἡ πρώτη κληθήσεται ἁγία, καὶ ἡ ἡμέρα ἡ ἑβδόμη κλητὴ ἁγία ἔσται ὑμῖν· πᾶν ἔργον λατρευτὸν οὐ ποιήσετε ἐν αὐταῖς, πλὴν ὅσα ποιηθήσεται πάσῃ ψυχῇ, τοῦτο μόνον ποιηθήσεται ὑμῖν.",32,ܘܝܘܡܐ ܩܕܡܝܐ̇ ܩܪܐ ܘܩܕܝܫ. ܘܝܘܡܐ ܫܒܝܥܝܐ̇ ܩ̣ܪܐ ܘܩܕܝܫ ܢܗܘܐ ܠܟܘܢ. ܘܟܠ ܥܒ̇ܕ ܠܐ ܢܬܥ̣ܒܕ ܒܗܘܢ. ܐܠܐ ܡܕܡ ܕܐ̇ܟܠ ܒܪ ܐܢܫܐ. ܒܠܚܘ̣ܕ ܗܘ̇ ܢܬܥ̣ܒܕ ܠܟܘܢ.,24,"E ao primeiro dia haverá uma santa convocação; também ao sétimo dia tereis uma santa convocação; neles não se fará trabalho algum, senão o que diz respeito ao que cada um houver de comer; somente isso poderá ser feito por vós.",41,True,True,True
12,17,Êxodo 12:17,וּשְׁמַרְתֶּם֮ אֶת־ הַמַּצּוֹת֒ כִּ֗י בְּעֶ֨צֶם֙ הַיּ֣וֹם הַזֶּ֔ה הוֹצֵ֥אתִי אֶת־ צִבְאוֹתֵיכֶ֖ם מֵאֶ֣רֶץ מִצְרָ֑יִם וּשְׁמַרְתֶּ֞ם אֶת־ הַיּ֥וֹם הַזֶּ֛ה לְדֹרֹתֵיכֶ֖ם חֻקַּ֥ת עוֹלָֽם ׃,ושמרתמ את המצות כי בעצמ היומ הזה הוצאתי את צבאותיכמ מארצ מצרימ ושמרתמ את היומ הזה לדרתיכמ חקת עולמ,20,ותטרון ית פטירא ארי בכרן יומא הדין אפיקית ית חיליכון מארעא דמצרים ותטרון ית יומא הדין לדריכון קים עלם:,19,"καὶ φυλάξετε τὴν ἐντολὴν ταύτην· ἐν γὰρ τῇ ἡμέρᾳ ταύτῃ ἐξάξω τὴν δύναμιν ὑμῶν ἐκ γῆς Αἰγύπτου, καὶ ποιήσετε τὴν ἡμέραν ταύτην εἰς γενεὰς ὑμῶν νόμιμον αἰώνιον·",27,ܘܬܛܪܘܢ ܦܛܝܪܐ. ܡܛܠ ܕܒܗ ܒܝܘܡܐ ܗܢܐ ܐܦܩ̇ܬ ܚܝ̈ܠܘܬܟܘܢ ܡܢ ܐܪܥܐ ܕܡܨܪܝܢ. ܘܬܛܪܘܢ ܝܘܡܐ ܗܢܐ ܠܕܪ̈ܝܟܘܢ. ܢܡܘ̇ܣܐ ܠܥܠܡ.,17,"Guardareis, pois, a festa dos pães ázimos, porque nesse mesmo dia tirei vossos exércitos da terra do Egito; pelo que guardareis este dia através das vossas gerações por estatuto perpétuo.",30,True,True,True
12,18,Êxodo 12:18,בָּרִאשֹׁ֡ן בְּאַרְבָּעָה֩ עָשָׂ֨ר י֤וֹם לַחֹ֨דֶשׁ֙ בָּעֶ֔רֶב תֹּאכְל֖וּ מַצֹּ֑ת עַ֠ד י֣וֹם הָאֶחָ֧ד וְעֶשְׂרִ֛ים לַחֹ֖דֶשׁ בָּעָֽרֶב ׃,בראשנ בארבעה עשר יומ לחדש בערב תאכלו מצת עד יומ האחד ועשרימ לחדש בערב,15,בניסן בארבעא עסרא יומא לירחא ברמשא תיכלון פטירא עד יומא עסרין וחד לירחא ברמשא:,14,"ἐναρχομένου τῇ τεσσαρεσκαιδεκάτῃ ἡμέρᾳ τοῦ μηνὸς τοῦ πρώτου ἀφ᾽ ἑσπέρας ἔδεσθε ἄζυμα, ἕως ἡμέρας μιᾶς καὶ εἰκάδος τοῦ μηνὸς ἕως ἑσπέρας.",21,ܒܝܪܚܐ ܩܕܡܝܐ̇ ܒܐܪܒܥܣܪܐ ܒܝܪܚܐ ܒܪܡܫܐ ܬܐܟܠܘܢ ܦܛܝܪܐ. ܘܥܕܡܐ ܠܝܘܡ ܚܕ ܘܥܣܪ̈ܝܢ ܒܝܪܚܐ ܒܪܡܫܐ .,14,"No primeiro mês, aos catorze dias do mês, à tarde, comereis pães ázimos até vinte e um do mês à tarde.",21,True,True,True
12,19,Êxodo 12:19,שִׁבְעַ֣ת יָמִ֔ים שְׂאֹ֕ר לֹ֥א יִמָּצֵ֖א בְּבָתֵּיכֶ֑ם כִּ֣י ׀ כָּל־ אֹכֵ֣ל מַחְמֶ֗צֶת וְנִכְרְתָ֞ה הַנֶּ֤פֶשׁ הַהִוא֙ מֵעֲדַ֣ת יִשְׂרָאֵ֔ל בַּגֵּ֖ר וּבְאֶזְרַ֥ח הָאָֽרֶץ ׃,שבעת ימימ שאר לא ימצא בבתיכמ כי כל אכל מחמצת ונכרתה הנפש ההוא מעדת ישראל בגר ובאזרח הארצ,20,שבעת יומין חמיר לא ישתכח בבתיכון ארי כל דיכול מחמעא וישתצי אנשא ההוא מכנשתא דישראל בגיורא וביציבא דארעא:,18,"ἑπτὰ ἡμέρας ζύμη οὐχ εὑρεθήσεται ἐν ταῖς οἰκίαις ὑμῶν· πᾶς ὃς ἂν φάγῃ ζυμωτόν, ἐξολεθρευθήσεται ἡ ψυχὴ ἐκείνη ἐκ συναγωγῆς Ἰσραήλ, ἔν τε τοῖς γιώραις καὶ αὐτόχθοσιν τῆς γῆς·",29,ܫܒܥܐ ܝܘܡ̈ܝܢ ܚ̇ܡܝܥܐ ܠܐ ܢܫܬܟܚ ܒܒ̇ܬ̇ܝܟܘܢ. ܡܛܠ ܕܟܠ ܕܢܐܟܘܠ ܚ̇ܡܝܥܐ. ܬܐܒܕ ܢܦܫܐ ܗܝ̇ ܡܢ ܟܢܘܫܬܐ ܕܐܝܣܪܐܝܠ. ܡܢ ܒܘܟ̈ܢܐ ܘܡܢ ܥܡܘܪ̈ܐ ܕܐܪܥܐ.,21,"Por sete dias não se ache fermento algum nas vossas casas; porque qualquer que comer pão levedado, esse será cortado da congregação de Israel, tanto o peregrino como o natural da terra.",32,True,True,True
12,20,Êxodo 12:20,כָּל־ מַחְמֶ֖צֶת לֹ֣א תֹאכֵ֑לוּ בְּכֹל֙ מוֹשְׁבֹ֣תֵיכֶ֔ם תֹּאכְל֖וּ מַצּֽוֹת ׃ פ,כל מחמצת לא תאכלו בכל מושבתיכמ תאכלו מצות פ,10,כל מחמעא לא תיכלון בכל מותבניכון תיכלון פטירא:,8,"πᾶν ζυμωτὸν οὐκ ἔδεσθε, ἐν παντὶ δὲ κατοικητηρίῳ ὑμῶν ἔδεσθε ἄζυμα.",11,ܟܠ ܚ̇ܡܝܥܐ ܠܐ ܬܐܟܠܘܢ. ܒܟܠܗ ܒܝܬ ܡܥܡ̇ܪܟܘܢ ܬܐܟܠܘܢ ܦܛܝܪܐ.,9,Nenhuma coisa levedada comereis; em todas as vossas habitações comereis pães ázimos.,12,True,True,True
12,21,Êxodo 12:21,וַיִּקְרָ֥א מֹשֶׁ֛ה לְכָל־ זִקְנֵ֥י יִשְׂרָאֵ֖ל וַיֹּ֣אמֶר אֲלֵהֶ֑ם מִֽשְׁכ֗וּ וּקְח֨וּ לָכֶ֥ם צֹ֛אן לְמִשְׁפְּחֹתֵיכֶ֖ם וְשַׁחֲט֥וּ הַפָּֽסַח ׃,ויקרא משה לכל זקני ישראל ויאמר אלהמ משכו וקחו לכמ צאנ למשפחתיכמ ושחטו הפסח,15,וקרא משה לכל סבי ישראל ואמר להון נגידו וסיבו לכון ענא לזרעיתכון וכוסו פסחא:,14,"Ἐκάλεσεν δὲ Μωυσῆς πᾶσαν γερουσίαν υἱῶν Ἰσραὴλ καὶ εἶπεν πρὸς αὐτούς Ἀπελθόντες λάβετε ὑμῖν ἑαυτοῖς πρόβατον κατὰ συγγενίαν ὑμῶν, καὶ θύσετε τὸ πάσχα.",23,ܘܩ̣ܪܐ ܡܘܫܐ ܠܟܠܗܘܢ ܣܒ̈ܐ ܕܒܢ̈ܝ ܐܝܣܪܝܠ ܘܐܡܪ ܠܗܘܢ. ܒܥܓܠ ܣܒܘ ܠܟܘܢ ܥܢܐ ܠܫܪ̈ܒܬܟܘܢ ܘܟܘܣܘ ܦܨܚܐ.,15,"Chamou, pois, Moisés todos os anciãos de Israel, e disse-lhes: Ide e tomai-vos cordeiros segundo as vossas famílias, e imolai a páscoa.",22,True,True,True
12,22,Êxodo 12:22,וּלְקַחְתֶּ֞ם אֲגֻדַּ֣ת אֵז֗וֹב וּטְבַלְתֶּם֮ בַּדָּ֣ם אֲשֶׁר־ בַּסַּף֒ וְהִגַּעְתֶּ֤ם אֶל־ הַמַּשְׁקוֹף֙ וְאֶל־ שְׁתֵּ֣י הַמְּזוּזֹ֔ת מִן־ הַדָּ֖ם אֲשֶׁ֣ר בַּסָּ֑ף וְאַתֶּ֗ם לֹ֥א תֵצְא֛וּ אִ֥ישׁ מִפֶּֽתַח־ בֵּית֖וֹ עַד־ בֹּֽקֶר ׃,ולקחתמ אגדת אזוב וטבלתמ בדמ אשר בספ והגעתמ אל המשקופ ואל שתי המזוזת מנ הדמ אשר בספ ואתמ לא תצאו איש מפתח ביתו עד בקר,26,ותסבון אסרת אזובא ותטבלון בדמא דבמנא ותדון לשקפא ולתרין ספיא מן דמא דבמנא ואתון לא תפקון אנש מתרע ביתה עד צפרא:,21,"λήμψεσθε δὲ δέσμην ὑσσώπου, καὶ βάψαντες ἀπὸ τοῦ αἵματος τοῦ παρά τὴν θύραν καθίξετε τῆς φλιᾶς καὶ ἐπ᾽ ἀμφοτέρων τῶν σταθμῶν, ἀπὸ τοῦ αἵματος ὅ ἐστιν παρὰ τὴν θύραν· ὑμεῖς δὲ οὐκ ἐξελεύσεσθε ἕκαστος τὴν θύραν τοῦ οἴκου αὐτοῦ ἕως πρωί.",41,ܘܬܣܒܘܢ ܡܐܣܪܬܐ ܕܙܘܦܐ. ܘܬܨܒ̣ܥܘܢ ܒܕܡܐ ܕܐܡܪܐ. ܘܬܪܣܘܢ ܥܠ ܐ̈ܣܟܦܬܐ ܘܥܠ ܬܪ̈ܝܗܘܢ ܦܪ̈ܘܣܬܕܐ̇. ܡܢ ܕܡܐ ܕܐܝܬ ܒܡܐܢܐ. ܘܐܢܬܘܢ ܠܐ ܬܦ̣ܩܘܢ ܐܢܫ ܡܢ ܬܪܥ ܒܝܬܗ̣. ܥܕܡܐ ܠܨ̇ܦܪܐ.,25,"Então tomareis um molho de hissopo, embebê-lo-eis no sangue que estiver na bacia e marcareis com ele a verga da porta e os dois umbrais; mas nenhum de vós sairá da porta da sua casa até pela manhã.",38,True,True,True
12,23,Êxodo 12:23,וְעָבַ֣ר יְהוָה֮ לִנְגֹּ֣ף אֶת־ מִצְרַיִם֒ וְרָאָ֤ה אֶת־ הַדָּם֙ עַל־ הַמַּשְׁק֔וֹף וְעַ֖ל שְׁתֵּ֣י הַמְּזוּזֹ֑ת וּפָסַ֤ח יְהוָה֙ עַל־ הַפֶּ֔תַח וְלֹ֤א יִתֵּן֙ הַמַּשְׁחִ֔ית לָבֹ֥א אֶל־ בָּתֵּיכֶ֖ם לִנְגֹּֽף ׃,ועבר יהוה לנגפ את מצרימ וראה את הדמ על המשקופ ועל שתי המזוזת ופסח יהוה על הפתח ולא יתנ המשחית לבא אל בתיכמ לנגפ,25,ויתגלי יי לממחי ית מצרים ויחזי ית דמא על שקפא ועל תרין ספיא ויחוס יי על תרעא ולא ישבוק לחבלא למיעל לבתיכון לממחי:,23,"καὶ παρελεύσεται Κύριος πατάξαι τοὺς Αἰγυπτίους, καὶ ὄψεται τὸ αἷμα ἐπὶ τῆς φλιᾶς καὶ ἐπ᾽ ἀμφοτέρων τῶν σταθμῶν· καὶ παρελεύσεται Κύριος τὴν θύραν, καὶ οὐκ ἀφήσει τὸν ὀλεθρεύοντα εἰσελθεῖν εἰς τὰς οἰκίας ὑμῶν πατάξαι.",34,ܘܢܥܒ̣ܪ ܡܪܝܐ ܠܡܡܚܐ ܠܡܨܪ̈ܝܐ. ܘܢܚ̣ܙܝܘܗܝ ܠܕܡܐ ܕܥܠ ܐܣܟ̈ܦܬܐ ܘܥܠ ܬܪ̈ܝܗܘܢ ܦܪ̈ܘܣܬܕܐ. ܘܢ̇ܦ̣ܨܚ ܡܪܝܐ ܥܠ ܬܪ̈ܥܐ. ܘܠܐ ܢܫܒܘܩ ܠܡܚܒܠܢܐ ܕܢܥܘܠ ܠܒܬ̈ܝܟܘܢ ܘܢܚ̇ܒܠ.,21,"Porque o Senhor passará para ferir aos egípcios; e, ao ver o sangue na verga da porta e em ambos os umbrais, o Senhor passará aquela porta, e não deixará o destruidor entrar em vossas casas para vos ferir.",39,True,True,True
12,24,Êxodo 12:24,וּשְׁמַרְתֶּ֖ם אֶת־ הַדָּבָ֣ר הַזֶּ֑ה לְחָק־ לְךָ֥ וּלְבָנֶ֖יךָ עַד־ עוֹלָֽם ׃,ושמרתמ את הדבר הזה לחק לכ ולבניכ עד עולמ,10,ותטרון ית פתגמא הדין לקים לך ולבניך עד עלם:,9,καὶ φυλάξεσθε τὸ ῥῆμα τοῦτο νόμιμον σεαυτῷ καὶ τοῖς υἱοῖς σου ἕως αἰῶνος.,13,ܘܬ̣ܛܪܘܢ ܦܬܓܡܐ ܗܢܐ ܘܢܡܘܣܐ ܗܢܐ̇. ܠܟܘܢ ܘܠܒܢܝ̈ܟܘܢ ܥܕܡܐ ܠܥܠܡ.,9,"Portanto guardareis isto por estatuto para vós e para vossos filhos, para sempre.",13,True,True,True
12,25,Êxodo 12:25,וְהָיָ֞ה כִּֽי־ תָבֹ֣אוּ אֶל־ הָאָ֗רֶץ אֲשֶׁ֨ר יִתֵּ֧ן יְהוָ֛ה לָכֶ֖ם כַּאֲשֶׁ֣ר דִּבֵּ֑ר וּשְׁמַרְתֶּ֖ם אֶת־ הָעֲבֹדָ֥ה הַזֹּֽאת ׃,והיה כי תבאו אל הארצ אשר יתנ יהוה לכמ כאשר דבר ושמרתמ את העבדה הזאת,16,ויהי ארי תעלון לארעא דיתן יי לכון כמא די מליל ותטרון ית פלחנא הדין:,14,"ἐὰν δὲ εἰσέλθητε εἰς τὴν γῆν ἣν ἂν δῷ Κύριος ὑμῖν καθότι ἐλάλησεν, φυλάξεσθε τὴν λατρίαν ταύτην·",17,ܘܡܐ ܕܥܠܬܘܢ ܠܐܪܥܐ ܕܢܬܠ ܠܟܘܢ ܡܪܝܐ ܐܝܟ ܕܐܡܪ. ܬ̣ܛܪܘܢ ܦܘܠܚܢܐ ܗܢܐ.,11,"Quando, pois, tiverdes entrado na terra que o Senhor vos dará, como tem prometido, guardareis este culto.",17,True,True,True
12,26,Êxodo 12:26,וְהָיָ֕ה כִּֽי־ יֹאמְר֥וּ אֲלֵיכֶ֖ם בְּנֵיכֶ֑ם מָ֛ה הָעֲבֹדָ֥ה הַזֹּ֖את לָכֶֽם ׃,והיה כי יאמרו אליכמ בניכמ מה העבדה הזאת לכמ,10,ויהי ארי יימרון לכון בניכון מא פלחנא הדין לכון:,9,καὶ ἔσται ἐὰν λέγωσιν πρὸς ὑμᾶς υἱοὶ ὑμῶν Τίς ἡ λατρία αὕτη;,12,ܘܢܗܘܐ ܟܕ ܢܐܡܪܘܢ ܠܟܘܢ ܒܢܝ̈ܟܘܢ. ܗܢܐ ܦܘܠܚܢܐ ܡܢܐ ܗܘ.,9,E quando vossos filhos vos perguntarem: Que quereis dizer com este culto?,12,True,True,True
12,27,Êxodo 12:27,וַאֲמַרְתֶּ֡ם זֶֽבַח־ פֶּ֨סַח ה֜וּא לַֽיהוָ֗ה אֲשֶׁ֣ר פָּ֠סַח עַל־ בָּתֵּ֤י בְנֵֽי־ יִשְׂרָאֵל֙ בְּמִצְרַ֔יִם בְּנָגְפּ֥וֹ אֶת־ מִצְרַ֖יִם וְאֶת־ בָּתֵּ֣ינוּ הִצִּ֑יל וַיִּקֹּ֥ד הָעָ֖ם וַיִּֽשְׁתַּחֲוּֽוּ ׃,ואמרתמ זבח פסח הוא ליהוה אשר פסח על בתי בני ישראל במצרימ בנגפו את מצרימ ואת בתינו הציל ויקד העמ וישתחוו,22,ותימרון דבח חיס הוא קדם יי די חס על בתי בני ישראל במצרים כד הוה מחי ית מצראי וית בתנא שזיב וכרע עמא וסגידו:,24,"καὶ ἐρεῖτε αὐτοῖς Θυσία τὸ πάσχα τοῦτο Κυρίῳ, ὡς ἐσκέπασεν τοὺς οἴκους τῶν υἱῶν Ἰσραὴλ ἐν Αἰγύπτῳ, ἡνίκα ἐπάταξεν τοὺς Αἰγυπτίους, τοὺς δὲ οἴκους ἡμῶν ἐρρύσατο. καὶ κύψας ὁ λαὸς προσεκύνησεν.",31,ܬܐܡܪܘܢ ܠܗܘܢ. ܕܕܒܚܬܐ ܗܘ ܕܦܨܚܗ ܕܡܪܝܐ̇. ܕܐܦܨܚ ܥܠ ܒ̈ܬܐ ܕܒܢ̈ܝ ܐܝܣܪܝܠ ܒܡܨܪܝܢ̇. ܟܕ ܡܚ̣ܐ ܠܡܨܪ̈ܝܐ ܘܠܒ̈ܬܝܢ ܦܨ̇ܝ. ܘܩܥܕܘ ܥܡܐ ܘܣܓܕܘ ܠܡܪܝܐ.,21,"Respondereis: Este é o sacrifício da páscoa do Senhor, que passou as casas dos filhos de Israel no Egito, quando feriu os egípcios, e livrou as nossas casas. Então o povo inclinou-se e adorou.",34,True,True,True
12,28,Êxodo 12:28,וַיֵּלְכ֥וּ וַיַּֽעֲשׂ֖וּ בְּנֵ֣י יִשְׂרָאֵ֑ל כַּאֲשֶׁ֨ר צִוָּ֧ה יְהוָ֛ה אֶת־ מֹשֶׁ֥ה וְאַהֲרֹ֖ן כֵּ֥ן עָשֽׂוּ ׃ ס,וילכו ויעשו בני ישראל כאשר צוה יהוה את משה ואהרנ כנ עשו ס,14,ואזלו ועבדו בני ישראל כמא דפקיד יי ית משה ואהרן כן עבדו:,12,"καὶ ἀπελθόντες ἐποίησαν οἱ υἱοὶ Ἰσραὴλ καθὰ ἐνετείλατο Κύριος τῷ Μωσῇ, οὕτως ἐποίησαν.",13,ܘܐܙܠܘ ܘܥܒ̣ܕܘ ܒ̈ܢܝ ܐܝܣܪܝܠ. ܐܝܟ ܕܦܩ̇ܕ ܡܪܝܐ ܠܡܘܫܐ ܘܠܐܗܪܘܢ ܗܟܢܐ ܥܒ̣ܕܘ.,11,"E foram os filhos de Israel, e fizeram isso; como o Senhor ordenara a Moisés e a Arão, assim fizeram.",20,True,True,True
12,29,Êxodo 12:29,וַיְהִ֣י ׀ בַּחֲצִ֣י הַלַּ֗יְלָה וַֽיהוָה֮ הִכָּ֣ה כָל־ בְּכוֹר֮ בְּאֶ֣רֶץ מִצְרַיִם֒ מִבְּכֹ֤ר פַּרְעֹה֙ הַיֹּשֵׁ֣ב עַל־ כִּסְא֔וֹ עַ֚ד בְּכ֣וֹר הַשְּׁבִ֔י אֲשֶׁ֖ר בְּבֵ֣ית הַבּ֑וֹר וְכֹ֖ל בְּכ֥וֹר בְּהֵמָֽה ׃,ויהי בחצי הלילה ויהוה הכה כל בכור בארצ מצרימ מבכר פרעה הישב על כסאו עד בכור השבי אשר בבית הבור וכל בכור בהמה,25,והוה בפלגות ליליא ויי קטל כל בוכרא בארעא דמצרים מבוכרא דפרעה דעתיד למתב על כרסי מלכותה עד בוכרא דשביא די בבית אסירי וכל בוכרא דבעירא:,25,"Ἐγενήθη δὲ μεσούσης τῆς νυκτὸς καὶ Κύριος ἐπάταξεν πᾶν πρωτότοκον ἐν γῇ Αἰγύπτῳ, ἀπὸ πρωτοτόκου Φαραὼ τοῦ καθημένου ἐπὶ τοῦ θρόνου ἕως πρωτοτόκου τῆς αἰχμαλωτίδος τῆς ἐν τῷ λάκκῳ, καὶ ἕως πρωτοτόκου παντὸς κτήνους.",34,ܘܗܘ̣ܐ ܒܦܠܓܗ ܕܠܠܝܐ. ܘܡܪܝܐ ܩ̇ܛܠ ܟܠܗܘܢ ܒܘܟܪ̈ܐ ܕܐܪܥܐ ܕܡܨܪܝܢ. ܡܢ ܒܘܟܪܗ ܕܦܪܥܘܢ ܕܝܬ̇ܒ ܥܠ ܟܘܪܣܝܗ̣. ܘܥܕܡܐ ܠܒܘܟܪܐ ܕܫܒ̣ܝܐ ܕܐܝܬ ܒܝܬ ܐܣܝܪ̈ܐ. ܘܟܠܗܘܢ ܒܘܟܪ̈ܐ ܕܒܥܝܪܐ.,24,"E aconteceu que à meia-noite o Senhor feriu todos os primogênitos na terra do Egito, desde o primogênito de Faraó, que se assentava em seu trono, até o primogênito do cativo que estava no cárcere, e todos os primogênitos dos animais.",41,True,True,True
12,30,Êxodo 12:30,וַיָּ֨קָם פַּרְעֹ֜ה לַ֗יְלָה ה֤וּא וְכָל־ עֲבָדָיו֙ וְכָל־ מִצְרַ֔יִם וַתְּהִ֛י צְעָקָ֥ה גְדֹלָ֖ה בְּמִצְרָ֑יִם כִּֽי־ אֵ֣ין בַּ֔יִת אֲשֶׁ֥ר אֵֽין־ שָׁ֖ם מֵֽת ׃,ויקמ פרעה לילה הוא וכל עבדיו וכל מצרימ ותהי צעקה גדלה במצרימ כי אינ בית אשר אינ שמ מת,20,וקם פרעה ליליא הוא וכל עבדוהי וכל מצרים והות צוחתא רבתא במצרים ארי לית ביתא דלא הוה בה תמן מתא:,20,"καὶ ἀναστὰς Φαραὼ νυκτὸς καὶ οἱ θεράποντες αὐτοῦ καὶ πάντες οἱ Αἰγύπτιοι, καὶ ἐγενήθη κραυγὴ μεγάλη ἐν πάσῃ γῇ Αἰγύπτῳ· οὐ γὰρ ἦν οἰκία ἐν ᾗ οὐκ ἦν ἐν αὐτῇ τεθνηκώς.",31,ܘܩܡ ܦܪܥܘܢ ܒܠܠܝܐ ܗ̣ܘ ܘܟܠܗܘܢ ܥܒ̣̈ܕܘܗܝ ܘܟܠܗܘܢ ܡܨܪ̈ܝܐ. ܘܗܘܬ̣ ܝܠܠܬܐ ܪܒܬܐ ܒܐܪܥܐ ܕܡܨܪܝܢ. ܕܠܝܬ ܒܝܬܐ ܕܠܐ ܗܘ̣ܐ ܒܗ ܡܝܬܐ.,19,"E Faraó levantou-se de noite, ele e todos os seus servos, e todos os egípcios; e fez-se grande clamor no Egito, porque não havia casa em que não houvesse um morto.",31,True,True,True
12,31,Êxodo 12:31,וַיִּקְרָא֩ לְמֹשֶׁ֨ה וּֽלְאַהֲרֹ֜ן לַ֗יְלָה וַיֹּ֨אמֶר֙ ק֤וּמוּ צְּאוּ֙ מִתּ֣וֹךְ עַמִּ֔י גַּם־ אַתֶּ֖ם גַּם־ בְּנֵ֣י יִשְׂרָאֵ֑ל וּלְכ֛וּ עִבְד֥וּ אֶת־ יְהוָ֖ה כְּדַבֶּרְכֶֽם ׃,ויקרא למשה ולאהרנ לילה ויאמר קומו צאו מתוכ עמי גמ אתמ גמ בני ישראל ולכו עבדו את יהוה כדברכמ,20,וקרא למשה ולאהרן ליליא ואמר קומו פוקו מגו עמי אף אתון אף בני ישראל ואזילו פלחו קדם יי כמא דהותון אמרין:,21,"καὶ ἐκάλεσεν Φαραὼ Μωυσῆν καὶ Ἀαρὼν νυκτὸς καὶ εἶπεν αὐτοῖς Ἀνάστητε καὶ ἐξέλθατε ἐκ τοῦ λαοῦ μου, καὶ ὑμεῖς καὶ ⸂⸆⸃ οἱ υἱοὶ Ἰσραήλ· βαδίζετε καὶ λατρεύσατε Κυρίῳ τῷ θεῷ ὑμῶν καθὰ λέγετε·",33,ܘܩ̣ܪܐ ܦܪܥܘܢ ܠܡܘܫܐ ܘܠܐܗܪܘܢ ܒܠܠܝܐ ܗܘ̣̇ ܘܐܡܪ ܠܗܘܢ. ܩܘܡܘ ܦܘܩܘ ܡܢ ܓܘ ܥܡܝ. ܘܐܦ ܐܢܬܘܢ ܘܐܦ ܒܢ̈ܝ ܐܝܣܪܝܠ. ܘܙܠܘ ܦܠܘܚܘ ܩܕܡ ܡܪܝܐ ܐܝܟܢܐ ܕܐܡܪܬܘܢ.,24,"Então Faraó chamou Moisés e Arão de noite, e disse: Levantai-vos, saí do meio do meu povo, tanto vós como os filhos de Israel; e ide servir ao Senhor, como tendes dito.",32,True,True,True
12,32,Êxodo 12:32,גַּם־ צֹאנְכֶ֨ם גַּם־ בְּקַרְכֶ֥ם קְח֛וּ כַּאֲשֶׁ֥ר דִּבַּרְתֶּ֖ם וָלֵ֑כוּ וּבֵֽרַכְתֶּ֖ם גַּם־ אֹתִֽי ׃,גמ צאנכמ גמ בקרכמ קחו כאשר דברתמ ולכו וברכתמ גמ אתי,12,אף ענכון אף תורכון דברו כמא די מללתן ואזילו וצלו אף עלי:,12,"καὶ τὰ πρόβατα καὶ τοὺς βόας ὑμῶν ἀναλαβόντες πορεύεσθε, εὐλογήσατε δὴ κἀμέ.",12,ܐܦ ܥܢܟܘܢ ܐܦ ܬܘܪ̈ܝܟܘܢ ܕܒ̣ܪܘ ܐܝܟ ܕܐܡܪܬܘܢ ܘܙܠܘ. ܘܬܒ̇ܪܟܘܢ ܐܦ ܠܝ.,11,"Levai também convosco os vossos rebanhos e o vosso gado, como tendes dito; e ide, e abençoai-me também a mim.",20,True,True,True
12,33,Êxodo 12:33,וַתֶּחֱזַ֤ק מִצְרַ֨יִם֙ עַל־ הָעָ֔ם לְמַהֵ֖ר לְשַׁלְּחָ֣ם מִן־ הָאָ֑רֶץ כִּ֥י אָמְר֖וּ כֻּלָּ֥נוּ מֵתִֽים ׃,ותחזק מצרימ על העמ למהר לשלחמ מנ הארצ כי אמרו כלנו מתימ,13,ותקיפת מצרים על עמא לאוחאה לשלחותהון מן ארעא ארי אמרו כלנא מיתין:,12,καὶ κατεβιάζοντο οἱ Αἰγύπτιοι τὸν λαὸν σπουδῇ ἐκβαλεῖν αὐτοὺς ἐκ τῆς γῆς· εἶπαν γὰρ ὅτι Πάντες ἡμεῖς ἀποθνήσκομεν.,18,ܘܐܠܨܘ ܡܨܪ̈ܝܐ ܠܥܡܐ ܡܣܪܗܒܐܝܬ ܕܢܦܩܘܢ ܐܢܘܢ ܡܢ ܐܪܥܐ. ܡܛܠ ܕܐܡ̇ܪ̈ܝ̣ܢ ܕܟܠܢ ܡܝ̇ܬܝܢܢ.,12,"E os egípcios apertavam ao povo, e apressando-se por lançá-los da terra; porque diziam: Estamos todos mortos.",17,True,True,True
12,34,Êxodo 12:34,וַיִּשָּׂ֥א הָעָ֛ם אֶת־ בְּצֵק֖וֹ טֶ֣רֶם יֶחְמָ֑ץ מִשְׁאֲרֹתָ֛ם צְרֻרֹ֥ת בְּשִׂמְלֹתָ֖ם עַל־ שִׁכְמָֽם ׃,וישא העמ את בצקו טרמ יחמצ משארתמ צררת בשמלתמ על שכממ,12,ונטל עמא ית לישיהון עד לא חמע מותר אצותהון צריר בלבשהון על כתפיהון:,13,"ἀνέλαβεν δὲ ὁ λαὸς τὸ σταῖς πρὸ τοῦ ζυμωθῆναι, τὰ φυράματα αὐτῶν ἐνδεδεμένα ἐν τοῖς ἱματίοις αὐτῶν ἐπὶ τῶν ὤμων.",20,ܘܫܩ̣ܠܘ ܥܡܐ ܠܝܫܗܘܢ ܟܕ ܠܐ ܚܡ̣ܥ ܩܪܝܪܗܘܢ ܨܪܝܪ ܒܫ̈ܘܫܦܝܗܘܢ. ܘܪܡܐ ܥܠ ܟܬ̈ܦܬܗܘܢ.,12,"Ao que o povo tomou a massa, antes que ela levedasse, e as amassadeiras atadas e em seus vestidos, sobre os ombros.",22,True,True,True
12,35,Êxodo 12:35,וּבְנֵי־ יִשְׂרָאֵ֥ל עָשׂ֖וּ כִּדְבַ֣ר מֹשֶׁ֑ה וַֽיִּשְׁאֲלוּ֙ מִמִּצְרַ֔יִם כְּלֵי־ כֶ֛סֶף וּכְלֵ֥י זָהָ֖ב וּשְׂמָלֹֽת ׃,ובני ישראל עשו כדבר משה וישאלו ממצרימ כלי כספ וכלי זהב ושמלת,13,ובני ישראל עבדו כפתגמא דמשה ושאילו ממצרים מנין דכסף ומנין דדהב ולבושין:,12,"οἱ δὲ υἱοὶ Ἰσραὴλ ἐποίησαν καθὰ συνέταξεν αὐτοῖς Μωυσῆς, καὶ ᾔτησαν παρὰ τῶν Αἰγυπτίων σκεύη ἀργυρᾶ καὶ χρυσᾶ καὶ ἱματισμόν.",20,ܘܒܢ̈ܝ ܐܝܣܪܝܠ ܥܒ̣ܕܘ ܐܝܟ ܡܠܬܗ ܕܡܘܫܐ. ܘܫܐ̣ܠܘ ܡܢ ܡܨܪ̈ܝܐ ܡܐ̈ܢܐ ܕܣܐܡܐ ܘܡܐ̈ܢܐ ܕܕܗܒܐ. ܘܠܒ̈ܘܫܐ.,14,"Fizeram, pois, os filhos de Israel conforme a palavra de Moisés, e pediram aos egípcios jóias de prata, e jóias de ouro, e vestidos.",24,True,True,True
12,36,Êxodo 12:36,וַֽיהוָ֞ה נָתַ֨ן אֶת־ חֵ֥ן הָעָ֛ם בְּעֵינֵ֥י מִצְרַ֖יִם וַיַּשְׁאִל֑וּם וַֽיְנַצְּל֖וּ אֶת־ מִצְרָֽיִם ׃ פ,ויהוה נתנ את חנ העמ בעיני מצרימ וישאלומ וינצלו את מצרימ פ,13,ויי יהב ית עמא לרחמין בעיני מצרים ואשלינון ורוקינו ית מצרים:,11,"καὶ ἔδωκεν Κύριος τὴν χάριν τῷ λαῷ αὐτοῦ ἐναντίον τῶν Αἰγυπτίων, καὶ ἔχρησαν αὐτοῖς· καὶ ἐσκύλευσαν τοὺς Αἰγυπτίους.",18,ܘܝܗ̣ܒ ܐܢܘܢ ܡܪܝܐ ܠܥܡܐ ܠܪ̈ܚ̣ܡܐ ܒܥܝܢ̈ܝܗܘܢ ܕܡܨܪ̈ܝܐ ܘܐ̇ܫܐ̣ܠܘ ܐܢܘܢ. ܘܚ̇ܠܨܘ̇ ܠܡܨܪ̈ܝܐ.,11,"E o Senhor deu ao povo graça aos olhos dos egípcios, de modo que estes lhe davam o que pedia; e despojaram aos egípcios.",24,True,True,True
12,37,Êxodo 12:37,וַיִּסְע֧וּ בְנֵֽי־ יִשְׂרָאֵ֛ל מֵרַעְמְסֵ֖ס סֻכֹּ֑תָה כְּשֵׁשׁ־ מֵא֨וֹת אֶ֧לֶף רַגְלִ֛י הַגְּבָרִ֖ים לְבַ֥ד מִטָּֽף ׃,ויסעו בני ישראל מרעמסס סכתה כשש מאות אלפ רגלי הגברימ לבד מטפ,13,ונטלו בני ישראל מרעמסס לסכות כשת מאה אלפין רגלאין גבריא בר מטפלא:,12,"Ἀπάραντες δὲ οἱ υἱοὶ Ἰσραὴλ ἐκ Ῥαμεσσὴ εἰς Σοκχώθα εἰς ἑξακοσίας χιλιάδας πεζῶν οἱ ἄνδρες, πλὴν τῆς ἀποσκευῆς·",18,ܘܫܩ̣ܠܘ ܒܢ̈ܝ ܐܝܣܪܝܠ ܡܢ ܪܥܡܣܝܣ ܠܣܟܘܬ̣. ܫܬܡܐܐ ܐ̈ܠܦܝܢ ܓܒܪ̈ܐ ܪ̈ܓܠܝܐ. ܣܛܪ ܡܢ ܝܩܪܬܐ.,13,"Assim viajaram os filhos de Israel de a Ramessés a Sucote, cerca de seiscentos mil homens de pé, sem contar as crianças.",22,True,True,True
12,38,Êxodo 12:38,וְגַם־ עֵ֥רֶב רַ֖ב עָלָ֣ה אִתָּ֑ם וְצֹ֣אן וּבָקָ֔ר מִקְנֶ֖ה כָּבֵ֥ד מְאֹֽד ׃,וגמ ערב רב עלה אתמ וצאנ ובקר מקנה כבד מאד,11,ואף נוכראין סגיאין סליקו עמהון וענא ותורין בעירא סגי לחדא:,10,"καὶ ἐπίμικτος πολὺς συνανέβη αὐτοῖς, καὶ πρόβατα καὶ βόες καὶ κτήνη πολλὰ σφόδρα.",13,ܐܦ ܥ̇ܪܘܒܐ ܣܓܝܐܐ ܣܠ̣ܩ ܥܡܗܘܢ. ܘܥܢܐ ܘܬܘܪ̈ܐ̇ ܘܩܢܝܢܐ̇ ܕܣ̇ܓ̣ܝ ܛܒ.,10,"Também subiu com eles uma grande mistura de gente; e, em rebanhos e manadas, uma grande quantidade de gado.",19,True,True,True
12,39,Êxodo 12:39,וַיֹּאפ֨וּ אֶת־ הַבָּצֵ֜ק אֲשֶׁ֨ר הוֹצִ֧יאוּ מִמִּצְרַ֛יִם עֻגֹ֥ת מַצּ֖וֹת כִּ֣י לֹ֣א חָמֵ֑ץ כִּֽי־ גֹרְשׁ֣וּ מִמִּצְרַ֗יִם וְלֹ֤א יָֽכְלוּ֙ לְהִתְמַהְמֵ֔הַּ וְגַם־ צֵדָ֖ה לֹא־ עָשׂ֥וּ לָהֶֽם ׃,ויאפו את הבצק אשר הוציאו ממצרימ עגת מצות כי לא חמצ כי גרשו ממצרימ ולא יכלו להתמהמה וגמ צדה לא עשו להמ,23,ואפו ית לישא די אפיקו ממצרים גריצן פטירן ארי לא חמע ארי אתרכו ממצרים ולא יכילו לאתעכבא ואף זודין לא עבדו להון:,22,"καὶ ἔπεψαν τὸ σταῖς ὃ ἐξήνεγκαν ἐξ Αἰγύπτου ἐνκρυφίας ἀζύμους, οὐ γὰρ ἐζυμώθη· ἐξέβαλον γὰρ αὐτοὺς οἱ Αἰγύπτιοι, καὶ οὐκ ἠδυνήθησαν ἐπιμεῖναι, οὐδὲ ἐπισιτισμὸν ἐποίησαν ἑαυτοῖς εἰς τὴν ὁδόν.",29,ܘܐܦܐܘܗܝ ܠܠܝܫܐ ܕܐܦܩܘ ܡܢ ܡܨܪܝ̣ܢ. ܪܥܦܐ ܦܛܝܪܐ. ܡܛܠ ܕܠܐ ܚܡ̣ܥ. ܡܛܠ ܕܐܦܩܘ ܐܢܘܢ ܡܨܪ̈ܝܐ . ܘܠܐ ܐܫܟܚܘ ܠܡܬ̇ܟܪܟܘ. ܘܐܦ ܙܘ̈ܕܐ ܠܐ ܥܒ̣ܕܘ ܠܗܘܢ.,23,"E cozeram bolos ázimos da massa que levaram do Egito, porque ela não se tinha levedado, porquanto foram lançados do Egito; e não puderam deter-se, nem haviam preparado comida.",29,True,True,True
12,40,Êxodo 12:40,וּמוֹשַׁב֙ בְּנֵ֣י יִשְׂרָאֵ֔ל אֲשֶׁ֥ר יָשְׁב֖וּ בְּמִצְרָ֑יִם שְׁלֹשִׁ֣ים שָׁנָ֔ה וְאַרְבַּ֥ע מֵא֖וֹת שָׁנָֽה ׃,ומושב בני ישראל אשר ישבו במצרימ שלשימ שנה וארבע מאות שנה,12,ומותב בני ישראל די יתיבו במצרים ארבע מאה ותלתין שנין:,10,Ἡ δὲ κατοίκησις τῶν υἱῶν Ἰσραὴλ ἣν κατῴκησαν ἐν γῇ Αἰγύπτῳ καὶ ἐν γῇ Χανάαν ἔτη τετρακόσια τριάκοντα πέντε·,19,ܘܡܘܬ̇ܒܗܘܢ ܕܝܬܒܘ ܒܢ̈ܝ ܐܝܣܪܝܠ ܒܡܨܪܝ̣ܢ . ܐܪ̈ܒܥܡܐܐ ܘܬܠܬܝܢ ܫ̈ܢܝܢ.,9,"Ora, o tempo que os filhos de Israel moraram no Egito foi de quatrocentos e trinta anos.",17,True,True,True
12,41,Êxodo 12:41,וַיְהִ֗י מִקֵּץ֙ שְׁלֹשִׁ֣ים שָׁנָ֔ה וְאַרְבַּ֥ע מֵא֖וֹת שָׁנָ֑ה וַיְהִ֗י בְּעֶ֨צֶם֙ הַיּ֣וֹם הַזֶּ֔ה יָֽצְא֛וּ כָּל־ צִבְא֥וֹת יְהוָ֖ה מֵאֶ֥רֶץ מִצְרָֽיִם ׃,ויהי מקצ שלשימ שנה וארבע מאות שנה ויהי בעצמ היומ הזה יצאו כל צבאות יהוה מארצ מצרימ,18,והוה מסוף ארבע מאה ותלתין שנין והוה בכרן יומא הדין נפקו כל חיליא דיי מארעא דמצרים:,16,καὶ ἐγένετο μετὰ τὰ τετρακόσια τριάκοντα πέντε ἔτη ἐξῆλθεν πᾶσα ἡ δύναμις Κυρίου ἐκ γῆς Αἰγύπτου νυκτός.,17,ܘܗܘ̣ܐ ܡܢ ܒܬܪ ܐܪܒܥܡܐܐ ܘܬܠܬܝܢ ܫܢ̈ܝ̣ܢ ܒܗ ܒܝܘܡܐ ܗܢܐ . ܢܦܩܘ ܟܠܗܘܢ ܚܝ̈ܠܘܬܗ ܕܡܪܝܐ ܡܢ ܐܪܥܐ ܕܡܨܪܝܢ.,17,"E aconteceu que, ao fim de quatrocentos e trinta anos, naquele mesmo dia, todos os exércitos do Senhor saíram da terra do Egito.",23,True,True,True
12,42,Êxodo 12:42,לֵ֣יל שִׁמֻּרִ֥ים הוּא֙ לַֽיהוָ֔ה לְהוֹצִיאָ֖ם מֵאֶ֣רֶץ מִצְרָ֑יִם הֽוּא־ הַלַּ֤יְלָה הַזֶּה֙ לַֽיהוָ֔ה שִׁמֻּרִ֛ים לְכָל־ בְּנֵ֥י יִשְׂרָאֵ֖ל לְדֹרֹתָֽם ׃ פ,ליל שמרימ הוא ליהוה להוציאמ מארצ מצרימ הוא הלילה הזה ליהוה שמרימ לכל בני ישראל לדרתמ פ,18,ליל נטיר הוא קדם יי לאפקותהון מארעא דמצרים הוא ליליא הדין קדם יי נטירין לכל בני ישראל לדריהון:,18,"προφυλακή ἐστιν τῷ κυρίῳ ὥστε ἐξαγαγεῖν αὐτοὺς ἐκ γῆς Αἰγύπτου· ἐκείνη ἡ νὺξ αὕτη προφυλακὴ Κυρίῳ, ὥστε πᾶσι τοῖς υἱοῖς Ἰσραὴλ εἶναι εἰς γενεὰς αὐτῶν.",25,ܠܠܝܐ̇ ܢܛܝܪ ܗܘܐ ܠܡܪܝܐ ܠܡܦܩܘܬܗܘܢ ܡܢ ܐܪܥܐ ܕܡܨܪܝܢ. ܗ̣ܘ ܠܠܝܐ ܗܢܐ ܠܡܪܝܐ ܢܛܝܪ ܗܘܐ̇. ܠܟܠܗܘܢ ܒܢ̈ܝ ܐܝܣܪܝܠ ܠܕܪ̈ܝܗܘܢ.,18,"Esta é uma noite que se deve guardar ao Senhor, porque os tirou da terra do Egito; esta é a noite do Senhor, que deve ser guardada por todos os filhos de Israel através das suas gerações.",37,True,True,True
12,43,Êxodo 12:43,וַיֹּ֤אמֶר יְהוָה֙ אֶל־ מֹשֶׁ֣ה וְאַהֲרֹ֔ן זֹ֖את חֻקַּ֣ת הַפָּ֑סַח כָּל־ בֶּן־ נֵכָ֖ר לֹא־ יֹ֥אכַל בּֽוֹ ׃,ויאמר יהוה אל משה ואהרנ זאת חקת הפסח כל בנ נכר לא יאכל בו,15,ואמר יי למשה ולאהרן דא גזירת פסחא כל בר ישראל דישתמד לא יכול בה:,14,Εἶπεν δὲ Κύριος πρὸς Μωυσῆν καὶ Ἀαρὼν λέγων Οὗτος ὁ νόμος τοῦ πάσχα· πᾶς ἀλλογενὴς οὐκ ἔδεται ἀπ᾽ αὐτοῦ·,19,ܘܐܡܪ ܡܪܝܐ ܠܡܘܫܐ ܘܠܐܗܪܘܢ. ܗܢܘ ܢܡܘܣܐ ܕܦܨܚܐ. ܕܟܠ ܒܪ ܢܘܟܪ̈ܝܐ ܠܐ ܢܐܟܘܠ ܡܢܗ.,13,"Disse mais o Senhor a Moisés e a Arão: Esta é a ordenança da páscoa; nenhum, estrangeiro comerá dela;",19,True,True,True
12,44,Êxodo 12:44,וְכָל־ עֶ֥בֶד אִ֖ישׁ מִקְנַת־ כָּ֑סֶף וּמַלְתָּ֣ה אֹת֔וֹ אָ֖ז יֹ֥אכַל בּֽוֹ ׃,וכל עבד איש מקנת כספ ומלתה אתו אז יאכל בו,11,וכל עבד גבר זביני כספא ותגזר יתה בכן יכול בה:,10,"καὶ πᾶν οἰκέτην ἢ ἀργυρώνητον περιτεμεῖς αὐτόν, καὶ τότε φάγεται ἀπ᾽ αὐτοῦ·",12,ܘܟܠ ܥܒ̣ܕܐ ܕܓܒܪܐ ܙܒܝܢ ܟܣܦܐ. ܡܐ ܕܓܙܪܬܝܗ̣ܝ ܗܝܕܝܢ ܢܐܟܘܠ ܡܢܗ.,10,"mas todo escravo comprado por dinheiro, depois que o houveres circuncidado, comerá dela.",13,True,True,True
12,45,Êxodo 12:45,תּוֹשָׁ֥ב וְשָׂכִ֖יר לֹא־ יֹ֥אכַל־ בּֽוֹ ׃,תושב ושכיר לא יאכל בו,6,תותבא ואגירא לא יכול בה:,5,πάροικος ἢ μισθωτὸς οὐκ ἔδεται ἀπ᾽ αὐτοῦ.,7,ܬܘܬܒܐ ܘܐܓܝܪܐ ܠܐ ܢܐܟܘܠ ܡܢܗ.,5,O forasteiro e o assalariado não comerão dela.,8,True,True,True
12,46,Êxodo 12:46,בְּבַ֤יִת אֶחָד֙ יֵאָכֵ֔ל לֹא־ תוֹצִ֧יא מִן־ הַבַּ֛יִת מִן־ הַבָּשָׂ֖ר ח֑וּצָה וְעֶ֖צֶם לֹ֥א תִשְׁבְּרוּ־ בֽוֹ ׃,בבית אחד יאכל לא תוציא מנ הבית מנ הבשר חוצה ועצמ לא תשברו בו,15,בחבורא חדא יתאכל לא תפיק מן ביתא מן בסרא לברא וגרמא לא תתברון בה:,14,"ἐν οἰκίᾳ μιᾷ βρωθήσεται, καὶ οὐκ ἐξοίσετε ἐκ τῆς οἰκίας τῶν κρεῶν ἔξω, καὶ ὀστοῦν οὐ συντρίψετε ἀπ᾽ αὐτοῦ.",19,ܒܒܝܬܐ ܚܕ ܢܬܐܟܠ. ܘܠܐ ܬܦܩ̇ܘܢ ܡܢܗ ܡܢ ܒܣܪܐ ܠܒܪ ܡܢ ܒܝܬܐ. ܘܓܪܡܐ ܠܐ ܬܬܒ̣ܪܘܢ ܒܗ.,15,Numa só casa se comerá o cordeiro; não levareis daquela carne fora da casa nem lhe quebrareis osso algum.,19,True,True,True
12,47,Êxodo 12:47,כָּל־ עֲדַ֥ת יִשְׂרָאֵ֖ל יַעֲשׂ֥וּ אֹתֽוֹ ׃,כל עדת ישראל יעשו אתו,6,כל כנשתא דישראל יעבדון יתה:,5,πᾶσα συναγωγὴ υἱῶν Ἰσραὴλ ποιήσει αὐτό.,6,ܟܠܗ̇ ܟܢܘܫܬܐ ܕܐܝܣܪܐܝܠ ܢܥܒܕܘܢܗ.,4,Toda a congregação de Israel a observará.,7,True,True,True
12,48,Êxodo 12:48,וְכִֽי־ יָג֨וּר אִתְּךָ֜ גֵּ֗ר וְעָ֣שָׂה פֶסַח֮ לַיהוָה֒ הִמּ֧וֹל ל֣וֹ כָל־ זָכָ֗ר וְאָז֙ יִקְרַ֣ב לַעֲשֹׂת֔וֹ וְהָיָ֖ה כְּאֶזְרַ֣ח הָאָ֑רֶץ וְכָל־ עָרֵ֖ל לֹֽא־ יֹ֥אכַל בּֽוֹ ׃,וכי יגור אתכ גר ועשה פסח ליהוה המול לו כל זכר ואז יקרב לעשתו והיה כאזרח הארצ וכל ערל לא יאכל בו,23,וארי יתגיר עמך גיורא ויעבד פסחא קדם יי מגזר לה כל דכורא ובכן יקרב למעבדה ויהי כיציבא דארעא וכל ערלא לא יכול בה:,23,"ἐὰν δέ τις προσέλθῃ πρὸς ὑμᾶς προσήλυτος ποιῆσαι τὸ πάσχα Κυρίῳ, περιτεμεῖς αὐτοῦ πᾶν ἀρσενικόν· καὶ τότε προσελεύσεται ποιῆσαι αὐτό, καὶ ἔσται ὥσπερ καὶ ὁ αὐτόχθων τῆς γῆς· πᾶς ἀπερίτμητος οὐκ ἔδεται ἀπ᾽ αὐτοῦ.",34,ܘܟܕ ܢܥܡ̣ܪ ܥܡܟܘܢ ܬܘܬܒܐ ܘܢܥܒܕ ܦܨܚܐ ܠܡܪܝܐ. ܡܐ ܕܓ̣ܙܪ ܟܠ ܕܟܪܐ. ܗܝܕܝܢ ܢܬܩ̇ܪܒ ܠܡܥܒܕܗ. ܘ̇ܢܗܘܐ ܐܝܟ ܒܘ̈ܟܢܐ ܕܐܪܥܐ. ܘܟܘܠ ܥܘܪܠܐ ܠܐ ܢܐܟܘܠ ܡܢܗ.,23,"Quando, porém, algum estrangeiro peregrinar entre vós e quiser celebrar a páscoa ao Senhor, circuncidem-se todos os seus varões; então se chegará e a celebrará, e será como o natural da terra; mas nenhum incircunciso comerá dela.",37,True,True,True
12,49,Êxodo 12:49,תּוֹרָ֣ה אַחַ֔ת יִהְיֶ֖ה לָֽאֶזְרָ֑ח וְלַגֵּ֖ר הַגָּ֥ר בְּתוֹכְכֶֽם ׃,תורה אחת יהיה לאזרח ולגר הגר בתוככמ,8,אוריתא חדא יהא ליציבא ולגיורא דיתגירון ביניכון:,7,νόμος εἷς ἔσται τῷ ἐνχωρίῳ καὶ τῷ προσελθόντι προσηλύτῳ ἐν ὑμῖν.,11,ܢܡܘܣܐ ܚܕ ܢܗܘܐ. ܠܒ̈ܘܟܢܐ ܘܠܥܡܘܪ̈ܐ ܕܥܡ̇ܪܝܢ ܒܝܢܬܟܘܢ.,7,Haverá uma mesma lei para o natural e para o estrangeiro que peregrinar entre vós.,15,True,True,True
12,50,Êxodo 12:50,וַיַּֽעֲשׂ֖וּ כָּל־ בְּנֵ֣י יִשְׂרָאֵ֑ל כַּאֲשֶׁ֨ר צִוָּ֧ה יְהוָ֛ה אֶת־ מֹשֶׁ֥ה וְאֶֽת־ אַהֲרֹ֖ן כֵּ֥ן עָשֽׂוּ ׃ ס,ויעשו כל בני ישראל כאשר צוה יהוה את משה ואת אהרנ כנ עשו ס,15,ועבדו כל בני ישראל כמא די פקיד יי ית משה וית אהרן כן עבדו:,14,"καὶ ἐποίησαν οἱ υἱοὶ Ἰσραὴλ καθὰ ἐνετείλατο Κύριος τῷ Μωυσῇ καὶ Ἀαρὼν πρὸς αὐτούς, οὕτως ἐποίησαν.",16,ܘܥܒ̣ܕܘ ܟܠܗܘܢ ܒܢ̈ܝ ܐܝܣܪܝܠ ܐܝܟ ܕܦܩ̇ܕ ܡܪܝܐ ܠܡܘܫܐ ܘܠܐܗܪܘܢ ܗܟܢܐ ܥܒ̣ܕܘ.,11,"Assim, pois, fizeram todos os filhos de Israel; como o Senhor ordenara a Moisés e a Arão, assim fizeram.",19,True,True,True
12,51,Êxodo 12:51,וַיְהִ֕י בְּעֶ֖צֶם הַיּ֣וֹם הַזֶּ֑ה הוֹצִ֨יא יְהוָ֜ה אֶת־ בְּנֵ֧י יִשְׂרָאֵ֛ל מֵאֶ֥רֶץ מִצְרַ֖יִם עַל־ צִבְאֹתָֽם ׃ פ,ויהי בעצמ היומ הזה הוציא יהוה את בני ישראל מארצ מצרימ על צבאתמ פ,15,והוה בכרן יומא הדין אפיק יי ית בני ישראל מארעא דמצרים על חיליהון:,13,καὶ ἐγένετο ἐν τῇ ἡμέρᾳ ἐκείνῃ ἐξήγαγεν Κύριος τοὺς υἱοὺς Ἰσραὴλ ἐκ γῆς Αἰγύπτου σὺν δυνάμει αὐτῶν.,17,ܘܗܘ̣ܐ ܒܗ ܒܝܘܡܐ ܗܢܐ. ܐܦܩ ܡܪܝܐ ܠܒܢ̈ܝ ܐܝܣܪܝܠ ܡܢ ܐܪܥܐ ܕܡܨܪܝܢ ܟܘܠ ܚܝ̈ܠܘܬܗܘܢ.,13,"E naquele mesmo dia o Senhor tirou os filhos de Israel da terra do Egito, segundo os seus exércitos.",19,True,True,True
13,1,Êxodo 13:1,וַיְדַבֵּ֥ר יְהוָ֖ה אֶל־ מֹשֶׁ֥ה לֵּאמֹֽר ׃,וידבר יהוה אל משה לאמר,6,ומליל יי עם משה למימר:,5,Εἶπεν δὲ Κύριος πρὸς Μωυσῆν λέγων,6,ܘܐܡܪ ܡܪܝܐ ܠܡܘܫܐ.,3,"Então falou o Senhor a Moisés, dizendo:",7,True,True,True
13,2,Êxodo 13:2,קַדֶּשׁ־ לִ֨י כָל־ בְּכ֜וֹר פֶּ֤טֶר כָּל־ רֶ֨חֶם֙ בִּבְנֵ֣י יִשְׂרָאֵ֔ל בָּאָדָ֖ם וּבַבְּהֵמָ֑ה לִ֖י הֽוּא ׃,קדש לי כל בכור פטר כל רחמ בבני ישראל באדמ ובבהמה לי הוא,14,אקדש קדמי כל בוכרא פתח כל ולדא בבני ישראל באנשא ובבעירא דילי הוא:,13,Ἁγίασόν μοι πᾶν πρωτότοκον πρωτογενὲς διανοῖγον πᾶσαν μήτραν ἐν τοῖς υἱοῖς Ἰσραὴλ ἀπὸ ἀνθρώπου ἕως κτήνους· ἐμοί ἐστιν.,18,ܩ̇ܕܫ ܠܝ ܟܠ ܒܘܟܪܐ ܕܦܬ̇ܚ ܟܠ ܪ̈ܚܡ̣ܐ ܕܒܢܝ̈ ܐܝܣܪܝܠ. ܕܐܢ̈ܫܐ̇ ܘܕܒܥܝܪܐ ܕܝܠܝ ܐܢܘܢ.,13,"Santifica-me todo primogênito, todo o que abrir a madre de sua mãe entre os filhos de Israel, assim de homens como de animais; porque meu é.",26,True,True,True
13,3,Êxodo 13:3,וַיֹּ֨אמֶר מֹשֶׁ֜ה אֶל־ הָעָ֗ם זָכ֞וֹר אֶת־ הַיּ֤וֹם הַזֶּה֙ אֲשֶׁ֨ר יְצָאתֶ֤ם מִמִּצְרַ֨יִם֙ מִבֵּ֣ית עֲבָדִ֔ים כִּ֚י בְּחֹ֣זֶק יָ֔ד הוֹצִ֧יא יְהֹוָ֛ה אֶתְכֶ֖ם מִזֶּ֑ה וְלֹ֥א יֵאָכֵ֖ל חָמֵֽץ ׃,ויאמר משה אל העמ זכור את היומ הזה אשר יצאתמ ממצרימ מבית עבדימ כי בחזק יד הוציא יהוה אתכמ מזה ולא יאכל חמצ,24,ואמר משה לעמא הוו דכירין ית יומא הדין די נפקתון ממצרים מבית עבדותא ארי בתקוף ידא אפיק יי יתכון מכא ולא יתאכל חמיע:,23,"Εἶπεν δὲ Μωυσῆς πρὸς τὸν λαόν Μνημονεύετε τὴν ἡμέραν ταύτην ἐν ᾗ ἐξήλθατε ἐκ γῆς Αἰγύπτου, ἐξ οἴκου δουλίας· ἐν γὰρ χειρὶ κραταιᾷ ἐξήγαγεν ὑμᾶς Κύριος ἐντεῦθεν· καὶ οὐ βρωθήσεται ζύμη.",31,ܘܐܡܪ ܡܘܫܐ ܠܥܡܐ. ܐܬ̣ܕܟܪܘ ܝܘܡܐ ܗܢܐ. ܕܢܦܩ̣ܬܘܢ ܒܗ ܡܢ ܡܨܪܝܢ . ܡܢ ܒܝܬ ܥܒܕܘܬܐ. ܡܛܘܠ ܕܒܐܝܕܐ ܬܩܝܦܬܐ ܐܦܩܟܘܢ ܡܪܝܐ ܡܟܐ. ܘܠܐ ܢܬܐܟܠ ܚ̇ܡܝܥܐ.,23,"E Moisés disse ao povo: Lembrai-vos deste dia, em que saístes do Egito, da casa da servidão; pois com mão forte o Senhor vos tirou daqui; portanto não se comerá pão levedado.",32,True,True,True
13,4,Êxodo 13:4,הַיּ֖וֹם אַתֶּ֣ם יֹצְאִ֑ים בְּחֹ֖דֶשׁ הָאָבִֽיב ׃,היומ אתמ יצאימ בחדש האביב,6,יומא דין אתון נפקין בירחא דאביבא:,6,ἐν γὰρ τῇ σήμερον ὑμεῖς ἐκπορεύεσθε ἐν μηνὶ τῶν νέων.,10,ܒܝܘܡܐ ܗܢܐ. ܢܦܩ̇ܝܢ ܐܢܬܘܢ ܒܝܪܚܐ ܕܗ̈ܒܒܐ.,6,"Hoje, no mês de abibe, vós saís.",7,True,True,True
13,5,Êxodo 13:5,וְהָיָ֣ה כִֽי־ יְבִֽיאֲךָ֣ יְהוָ֡ה אֶל־ אֶ֣רֶץ הַֽ֠כְּנַעֲנִי וְהַחִתִּ֨י וְהָאֱמֹרִ֜י וְהַחִוִּ֣י וְהַיְבוּסִ֗י אֲשֶׁ֨ר נִשְׁבַּ֤ע לַאֲבֹתֶ֨יךָ֙ לָ֣תֶת לָ֔ךְ אֶ֛רֶץ זָבַ֥ת חָלָ֖ב וּדְבָ֑שׁ וְעָבַדְתָּ֛ אֶת־ הָעֲבֹדָ֥ה הַזֹּ֖את בַּחֹ֥דֶשׁ הַזֶּֽה ׃,והיה כי יביאכ יהוה אל ארצ הכנעני והחתי והאמרי והחוי והיבוסי אשר נשבע לאבתיכ לתת לכ ארצ זבת חלב ודבש ועבדת את העבדה הזאת בחדש הזה,27,ויהי ארי יעלנך יי לארעא דכנענאי וחתאי ואמוראי וחואי ויבוסאי די קיים לאבהתך למתן לך ארעא עבדא חלב ודבש ותפלח ית פלחנא הדא בירחא הדין:,25,"καὶ ἔσται ἡνίκα ἐὰν εἰσαγάγῃ σε Κύριος ὁ θεός σου εἰς τὴν γῆν τῶν Χαναναίων καὶ Χετταίων καὶ Εὑαίων καὶ Γεργεσαίων καὶ Ἀμορραίων καὶ Φερεζαίων καὶ Ἰεβουσαίων, ἣν ὤμοσεν τοῖς πατράσιν σου δοῦναί σοι, γῆν ῥέουσαν γάλα καὶ μέλι, καὶ ποιήσεις τὴν λατρίαν ταύτην ἐν τῷ μηνὶ τούτῳ.",48,ܘܢܗܘܐ ܟܕ ܢܥܠܟܘܢ ܡܪܝܐ ܠܐܪܥܐ ܕܟܢܥܢ̈ܝܐ ܘܕܚ̈ܬܝܐ . ܘܕܐܡܘܪ̈ܝܐ ܘܕܚ̈ܘܝܐ. ܘܕܝܒܘ̈ܣܝܐ ܘܕܦܪ̈ܙܝܐ. ܐܝܟ ܕܝܡ̣ܐ ܠܐ̈ܒܗܝܟܘܢ. ܕܢܬܠ ܠܟܘܢ ܐܪܥܐ ܕܡܪܕܝܐ ܚܠܒܐ ܘܕܒܫܐ. ܬܦܠ̣ܚܘܢ ܦܘܠܚܢܐ ܗܢܐ ܒܗ ܒܝܪܚܐ ܗܢܐ.,27,"Quando o Senhor te houver introduzido na terra dos cananeus, dos heteus, dos amorreus, dos heveus e dos jebuseus, que ele jurou a teus pais que te daria, terra que mana leite e mel, guardarás este culto neste mês.",39,True,True,True
13,6,Êxodo 13:6,שִׁבְעַ֥ת יָמִ֖ים תֹּאכַ֣ל מַצֹּ֑ת וּבַיּוֹם֙ הַשְּׁבִיעִ֔י חַ֖ג לַיהוָֽה ׃,שבעת ימימ תאכל מצת וביומ השביעי חג ליהוה,9,שבעה יומין תיכול פטירא וביומא שביעאה חגא קדם יי:,9,"ἓξ ἡμέρας ἔδεσθε ἄζυμα, τῇ δὲ ἡμέρᾳ τῇ ἑβδόμῃ ἑορτὴ Κυρίου·",11,ܫܒܥܐ ܝܘܡ̈ܝܢ ܬܐܟܠܘܢ ܦܛܝܪܐ. ܘܒܝܘܡܐ ܫܒܝܥܝܐ ܥܕܥܐܕܐ ܗܘ ܠܡܪܝܐ.,9,"Sete dias comerás pães ázimos, e ao sétimo dia haverá uma festa ao Senhor.",14,True,True,True
13,7,Êxodo 13:7,מַצּוֹת֙ יֵֽאָכֵ֔ל אֵ֖ת שִׁבְעַ֣ת הַיָּמִ֑ים וְלֹֽא־ יֵרָאֶ֨ה לְךָ֜ חָמֵ֗ץ וְלֹֽא־ יֵרָאֶ֥ה לְךָ֛ שְׂאֹ֖ר בְּכָל־ גְּבֻלֶֽךָ ׃,מצות יאכל את שבעת הימימ ולא יראה לכ חמצ ולא יראה לכ שאר בכל גבלכ,16,פטיר יתאכל ית שבעת יומין ולא יתחזי לך חמיע ולא יתחזי לך חמיר בכל תחומך:,15,"ἄζυμα ἔδεσθε ἑπτὰ ἡμέρας, οὐκ ὀφθήσεταί σοι ζυμωτὸν οὐδὲ ἔσται σοι ζύμη ἐν πᾶσιν τοῖς ὁρίοις σου.",17,ܦܛܝܪܐ ܬܐܟܠܘܢ ܫܒܥܐ ܝܘܡ̈ܝܢ. ܘܠܐ ܢܬܚܙܐ ܒܟܘܢ ܚ̇ܡܝܥܐ ܒܟܠܗ ܬܚܘܡܟܘܢ.,10,"Sete dias se comerão pães ázimos, e o levedado não se verá contigo, nem ainda fermento será visto em todos os teus termos.",23,True,True,True
13,8,Êxodo 13:8,וְהִגַּדְתָּ֣ לְבִנְךָ֔ בַּיּ֥וֹם הַה֖וּא לֵאמֹ֑ר בַּעֲב֣וּר זֶ֗ה עָשָׂ֤ה יְהוָה֙ לִ֔י בְּצֵאתִ֖י מִמִּצְרָֽיִם ׃,והגדת לבנכ ביומ ההוא לאמר בעבור זה עשה יהוה לי בצאתי ממצרימ,13,ותחוי לברך ביומא ההוא למימר בדיל דין עבד יי לי במפקי ממצרים:,12,"καὶ ἀναγγελεῖς τῷ υἱῷ σου ἐν τῇ ἡμέρᾳ ἐκείνῃ λέγων Διὰ τοῦτο ἐποίησεν Κύριος ὁ θεός μοι, ὡς ἐξεπορευόμην ἐξ Αἰγύπτου.",21,ܘܬܚܘܘܢ ܠܒ̈ܢܝܟܘܢ ܒܝܘܡܐ ܗܘ̣̇. ܕܡܛܠ ܗܢܐ ܥܒ̣ܕ ܠܝ ܐܠܗܝ ܟܕ ܢܦܩܬ̇ ܡܢ ܡܨܪܝܢ.,13,"Naquele dia contarás a teu filho, dizendo: Isto é por causa do que o Senhor me fez, quando eu saí do Egito;",22,True,True,True
13,9,Êxodo 13:9,וְהָיָה֩ לְךָ֨ לְא֜וֹת עַל־ יָדְךָ֗ וּלְזִכָּרוֹן֙ בֵּ֣ין עֵינֶ֔יךָ לְמַ֗עַן תִּהְיֶ֛ה תּוֹרַ֥ת יְהוָ֖ה בְּפִ֑יךָ כִּ֚י בְּיָ֣ד חֲזָקָ֔ה הוֹצִֽאֲךָ֥ יְהֹוָ֖ה מִמִּצְרָֽיִם ׃,והיה לכ לאות על ידכ ולזכרונ בינ עיניכ למענ תהיה תורת יהוה בפיכ כי ביד חזקה הוצאכ יהוה ממצרימ,20,ויהי לך לאת על ידך ולדכרנא בין עיניך בדיל תהי אוריתא דיי בפומך ארי בידא תקיפא אפקך יי ממצרים:,19,"καὶ ἔσται σοι σημεῖον ἐπὶ τῆς χειρός σου καὶ μνημόσυνον πρὸ ὀφθαλμῶν σου, ὅπως ἂν γένηται ὁ νόμος Κυρίου ἐν τῷ στόματί σου· ἐν γὰρ χειρὶ κραταιᾷ ἐξήγαγέν σε Κύριος ὁ θεὸς ἐξ Αἰγύπτου.",34,ܘܢ̇ܗܘܐ ܠܟ ܐܬ̇ܐ ܥܠ ܐܝܕܟ̣ ܘܕܘܟܪܢܐ ܒܝܬ ܥܝܢ̈ܝܟ. ܡܛܠ ܕܢܗܘܐ ܢܡܘܣܗ ܕܡܪܝܐ ܒܦܘܡܟ. ܡܛܘܠ ܕܒܐܝܕܐ ܬܩܝܦܬܐ ܐܦܩܟ ܡܪܝܐ ܡܢ ܡܨܪܝܢ.,20,"e te será por sinal sobre tua mão e por memorial entre teus olhos, para que a lei do Senhor esteja em tua boca; porquanto com mão forte o Senhor te tirou do Egito.",34,True,True,True
13,10,Êxodo 13:10,וְשָׁמַרְתָּ֛ אֶת־ הַחֻקָּ֥ה הַזֹּ֖את לְמוֹעֲדָ֑הּ מִיָּמִ֖ים יָמִֽימָה ׃ ס,ושמרת את החקה הזאת למועדה מימימ ימימה ס,9,ותטר ית קימא הדא לזמנה מזמן לזמן:,7,καὶ φυλάξεσθε τὸν νόμον τοῦτον ἀφ᾽ ἡμερῶν εἰς ἡμέρας.,9,ܘܛܪ ܦܘܩܕܢܐ ܗܢܐ ܘܢܡܘܣܐ ܗܢܐ ܠܙܒܢܗ ܡܢ ܥܕܢ ܠܥܕܢ.,9,"Portanto guardarás este estatuto a seu tempo, de ano em ano.",11,True,True,True
13,11,Êxodo 13:11,וְהָיָ֞ה כִּֽי־ יְבִֽאֲךָ֤ יְהוָה֙ אֶל־ אֶ֣רֶץ הַֽכְּנַעֲנִ֔י כַּאֲשֶׁ֛ר נִשְׁבַּ֥ע לְךָ֖ וְלַֽאֲבֹתֶ֑יךָ וּנְתָנָ֖הּ לָֽךְ ׃,והיה כי יבאכ יהוה אל ארצ הכנעני כאשר נשבע לכ ולאבתיכ ונתנה לכ,14,ויהי ארי יעלנך יי לארעא דכנענאי כמא די קיים לך ולאבהתך ויתננה לך:,13,"Καὶ ἔσται ὡς ἂν εἰσαγάγῃ σε Κύριος ὁ θεός σου εἰς τὴν γῆν τῶν Χαναναίων, ὃν τρόπον ὤμοσεν τοῖς πατράσιν σου, καὶ δώσει σοι αὐτήν,",25,ܘܟܕ ܢܥܠܟ ܡܪܝܐ ܠܐܪܥܐ ܕܟܢܥܢ̈ܝܐ. ܐܝܟ ܕܝܡ̣ܐ ܠܟ ܘܠܐ̈ܒܗܝܟ ܘܢܬܠܝܗ̇ ܠܟ̣.,11,"Também quando o Senhor te houver introduzido na terra dos cananeus, como jurou a ti e a teus pais, quando te houver dado,",23,True,True,True
13,12,Êxodo 13:12,וְהַעֲבַרְתָּ֥ כָל־ פֶּֽטֶר־ רֶ֖חֶם לַֽיהֹוָ֑ה וְכָל־ פֶּ֣טֶר ׀ שֶׁ֣גֶר בְּהֵמָ֗ה אֲשֶׁ֨ר יִהְיֶ֥ה לְךָ֛ הַזְּכָרִ֖ים לַיהוָֽה ׃,והעברת כל פטר רחמ ליהוה וכל פטר שגר בהמה אשר יהיה לכ הזכרימ ליהוה,16,ותעבר כל פתח ולדא קדם יי וכל פתח ולד בעירא די יהי לך דכרין תקדש קדם יי:,17,"καὶ ἀφελεῖς πᾶν διανοῖγον μήτραν, τὰ ἀρσενικά, τῷ κυρίῳ· πᾶν διανοῖγον μήτραν ἐκ τῶν βουκολίων ἢ ἐν τοῖς κτήνεσίν σου ὅσα ἐὰν γένηταί σοι, τὰ ἀρσενικὰ ἁγιάσεις τῷ κυρίῳ.",29,ܬܦܪܘܫ ܟܠ ܒܘܟܪܐ ܦܬ̇ܚ ܪ̈ܚܡ̣ܐ ܠܡܪܝܐ. ܘܟܠ ܦܬ̇ܚ ܪ̈ܚܡ̣ܐ ܕܒܥܝܪܐ ܕܢܗܘܐ ܠܟ ܕܟܪܐ ܠܡܪܝܐ.,14,"separarás para o Senhor tudo o que abrir a madre, até mesmo todo primogênito dos teus animais; os machos serão do Senhor.",22,True,True,True
13,13,Êxodo 13:13,וְכָל־ פֶּ֤טֶר חֲמֹר֙ תִּפְדֶּ֣ה בְשֶׂ֔ה וְאִם־ לֹ֥א תִפְדֶּ֖ה וַעֲרַפְתּ֑וֹ וְכֹ֨ל בְּכ֥וֹר אָדָ֛ם בְּבָנֶ֖יךָ תִּפְדֶּֽה ׃,וכל פטר חמר תפדה בשה ואמ לא תפדה וערפתו וכל בכור אדמ בבניכ תפדה,15,וכל פתח דחמרא תפרוק באמרא ואם לא תפרוק ותנקפה וכל בוכרא דאנשא בבניך תפרוק:,14,"πᾶν διανοῖγον μήτραν ὄνου ἀλλάξεις προβάτῳ· ἐὰν δὲ μὴ ἀλλάξῃς, λυτρώσῃ αὐτό· πᾶν πρωτότοκον ἀνθρώπου τῶν υἱῶν σου λυτρώσῃ.",19,ܘܟܠ ܒܘܟܪܐ ܕܟܪܐ ܕܦܬܚ ܪ̈ܚܡ̣ܐ ܕܒܥܝܪܐ ܒܐܡܪܐ ܬܦ̣ܪܩܝܘܗܝ. ܘܐܢ ܠܐ ܬܦ̣ܪܩܝܘܗ̣ܝ ܬܩ̣ܛܠܝܘܗܝ. ܘܟܠ ܒܘܟܪܐ ܕܒܪܢܫܐ ܕܒܢܝ̈ܟ̣ ܬܦ̣ܪܘܩ.,17,"Mas todo primogênito de jumenta resgatarás com um cordeiro; e, se o não quiseres resgatar, quebrar-lhe-ás a cerviz:; e todo primogênito do homem entre teus filhos resgatarás.",27,True,True,True
13,14,Êxodo 13:14,וְהָיָ֞ה כִּֽי־ יִשְׁאָלְךָ֥ בִנְךָ֛ מָחָ֖ר לֵאמֹ֣ר מַה־ זֹּ֑את וְאָמַרְתָּ֣ אֵלָ֔יו בְּחֹ֣זֶק יָ֗ד הוֹצִיאָ֧נוּ יְהוָ֛ה מִמִּצְרַ֖יִם מִבֵּ֥ית עֲבָדִֽים ׃,והיה כי ישאלכ בנכ מחר לאמר מה זאת ואמרת אליו בחזק יד הוציאנו יהוה ממצרימ מבית עבדימ,18,ויהי ארי ישאלנך ברך מחר למימר מא דא ותימר לה בתקוף ידא אפקנא יי ממצרים מבית עבדותא:,17,"ἐὰν δὲ ἐρωτήσῃ σε ὁ υἱός σου μετὰ ταῦτα λέγων Τί τοῦτο; καὶ ἐρεῖς αὐτῷ ὅτι Ἐν χειρὶ κραταιᾷ ἐξήγαγεν Κύριος ἡμᾶς ἐκ γῆς Αἰγύπτου, ἐξ οἴκου δουλίας·",28,ܘܟܕ ܢܫܐ̇ܠܟ ܒܪܟ ܡܚܪ. ܘܢܐܡܪ ܠܟ ܡ̇ܢܘ ܗܢܐ. ܬܐܡܪ ܠܗ ܕܒܐܝܕܐ ܬܩܝܦܬܐ ܐܦܩܢ ܡܪܝܐ ܡܢ ܡܨܪܝܢ ܡܢ ܒܝܬ ܥܒܕܘܬܐ.,19,"E quando teu filho te perguntar no futuro, dizendo: Que é isto? responder-lhe-ás: O Senhor, com mão forte, nos tirou do Egito, da casa da servidão.",26,True,True,True
13,15,Êxodo 13:15,וַיְהִ֗י כִּֽי־ הִקְשָׁ֣ה פַרְעֹה֮ לְשַׁלְּחֵנוּ֒ וַיַּהֲרֹ֨ג יְהֹוָ֤ה כָּל־ בְּכוֹר֙ בְּאֶ֣רֶץ מִצְרַ֔יִם מִבְּכֹ֥ר אָדָ֖ם וְעַד־ בְּכ֣וֹר בְּהֵמָ֑ה עַל־ כֵּן֩ אֲנִ֨י זֹבֵ֜חַ לַֽיהוָ֗ה כָּל־ פֶּ֤טֶר רֶ֨חֶם֙ הַזְּכָרִ֔ים וְכָל־ בְּכ֥וֹר בָּנַ֖י אֶפְדֶּֽה ׃,ויהי כי הקשה פרעה לשלחנו ויהרג יהוה כל בכור בארצ מצרימ מבכר אדמ ועד בכור בהמה על כנ אני זבח ליהוה כל פטר רחמ הזכרימ וכל בכור בני אפדה,30,והוה ארי אקשי פרעה לשלחותנא וקטל יי כל בוכרא בארעא דמצרים מבוכרא דאנשא ועד בוכרא דבעירא על כן אנא דבח קדם יי כל פתח ולדא דכרין וכל בוכרא דבני אפרוק:,30,"ἡνίκα δὲ ἐσκλήρυνεν Φαραὼ ἐξαποστεῖλαι ἡμᾶς, ἀπέκτεινεν πᾶν πρωτότοκον ἐν γῇ Αἰγύπτῳ ἀπὸ πρωτοτόκων ἀνθρώπων ἕως πρωτοτόκων κτηνῶν· διὰ τοῦτο ἐγὼ θύω πᾶν πρωτότοκον τῷ κυρίῳ, πᾶν διανοῖγον μήτραν, τὰ ἀρσενικὰ, καὶ πᾶν πρωτότοκον τῶν υἱῶν μου λυτρώσομαι.",38,ܘܟܕ ܐܬܩ̇ܫܝ ܦܪܥܘܢ ܠܡܫܕܪܘܬܢ. ܩܛ̇ܠ ܡܪܝܐ ܟܠ ܒܘܟܪ̈ܐ ܕܒܐܪܥܐ ܕܡܨܪܝܢ. ܡܢ ܒܘܟܪܐ ܕܒܪܢܫܐ ܘܥܕܡܐ ܠܒܘܟܪܐ ܕܒܥܝܪܐ. ܡܛܠ ܗܢܐ ܡܕܒ̇ܚ ܐܢܐ ܠܡܪܝܐ ܟܠ ܦܬ̇ܚ ܪ̈ܚܡ̣ܐ ܕܟܪܐ. ܘܟܠ ܒܘܟܪ̈ܐ ܕܒ̈ܢܝ ܐܦܪܘܩ.,29,"Porque sucedeu que, endurecendo-se Faraó, para não nos deixar ir, o Senhor matou todos os primogênitos na terra do Egito, tanto os primogênitos dos homens como os primogênitos dos animais; por isso eu sacrifico ao Senhor todos os primogênitos, sendo machos; mas a todo primogênito de meus filhos eu resgato.",50,True,True,True
13,16,Êxodo 13:16,וְהָיָ֤ה לְאוֹת֙ עַל־ יָ֣דְכָ֔ה וּלְטוֹטָפֹ֖ת בֵּ֣ין עֵינֶ֑יךָ כִּ֚י בְּחֹ֣זֶק יָ֔ד הוֹצִיאָ֥נוּ יְהוָ֖ה מִמִּצְרָֽיִם ׃ ס,והיה לאות על ידכה ולטוטפת בינ עיניכ כי בחזק יד הוציאנו יהוה ממצרימ ס,15,ויהי לאת על ידך ולתפלין בין עיניך ארי בתקוף ידא אפקנא יי ממצרים:,13,"καὶ ἔσται εἰς σημεῖον ἐπὶ τῆς χειρός σου, καὶ ἀσάλευτον πρὸ ὀφθαλμῶν σου· ἐν γὰρ χειρὶ κραταιᾷ ἐξήγαγέν σε Κύριος ἐξ Αἰγύπτου.",22,ܘܢ̇ܗܘܐ ܠܟ ܐܬ̇ܐ ܥܠ ܐܝܕܟ ܘܕܘܟܪܢܐ ܒܝܬ ܥܝܢ̈ܝܟ. ܡܛܠ ܕܒܐܝܕܐ ܬܩܝܦܬܐ ܐܦܩܟ ܡܪܝܐ ܡܢ ܡܨܪܝܢ.,15,"E isto será por sinal sobre tua mão, e por frontais entre os teus olhos, porque o Senhor, com mão forte, nos tirou do Egito.",25,True,True,True
13,17,Êxodo 13:17,וַיְהִ֗י בְּשַׁלַּ֣ח פַּרְעֹה֮ אֶת־ הָעָם֒ וְלֹא־ נָחָ֣ם אֱלֹהִ֗ים דֶּ֚רֶךְ אֶ֣רֶץ פְּלִשְׁתִּ֔ים כִּ֥י קָר֖וֹב ה֑וּא כִּ֣י ׀ אָמַ֣ר אֱלֹהִ֗ים פֶּֽן־ יִנָּחֵ֥ם הָעָ֛ם בִּרְאֹתָ֥ם מִלְחָמָ֖ה וְשָׁ֥בוּ מִצְרָֽיְמָה ׃,ויהי בשלח פרעה את העמ ולא נחמ אלהימ דרכ ארצ פלשתימ כי קרוב הוא כי אמר אלהימ פנ ינחמ העמ בראתמ מלחמה ושבו מצרימה,26,והוה כד שלח פרעה ית עמא ולא דברינון יי ארח ארעא פלשתאי ארי קריבא הוא ארי אמר יי דילמא יזועון עמא במחזיהון קרבא ויתובון למצרים:,25,"Ὡς δὲ ἐξαπέστειλεν Φαραὼ τὸν λαόν, οὐχ ὡδήγησεν αὐτοὺς ὁ θεὸς ὁδὸν γῆς Φυλιστιείμ, ὅτι ἐγγὺς ἦν· εἶπεν γὰρ ὁ θεός Μή ποτε μεταμελήσῃ τῷ λαῷ ἰδόντι πόλεμον, καὶ ἀποστρέψῃ εἰς Αἴγυπτον.",32,ܘܟܕ ܫܕܪ ܦܪܥܘܢ ܠܥܡܐ ܠܐ ܐܘܒܠ ܐܢܘܢ ܐܠܗܐ ܒܐܘܪܚܐ ܕܐܪܥܐ ܕܦܠܫ̈ܬܝܐ. ܡܛܠ ܕܩܪܝܒܐ ܗܘܬ. ܡܛܠ ܕܐܡ̣ܪ ܐܠܗܐ. ܕܠܡܐ ܢܕܚ̣ܠܘܢ ܥܡܐ ܡܐ ܕܚ̣ܙܘ ܩܪܒܐ ܘܢܗܦܟܘܢ ܠܡܨܪܝܢ.,25,"Ora, quando Faraó deixou ir o povo, Deus não o conduziu pelo caminho da terra dos filisteus, se bem que fosse mais perto; porque Deus disse: Para que porventura o povo não se arrependa, vendo a guerra, e volte para o Egito;",42,True,True,True
13,18,Êxodo 13:18,וַיַּסֵּ֨ב אֱלֹהִ֧ים ׀ אֶת־ הָעָ֛ם דֶּ֥רֶךְ הַמִּדְבָּ֖ר יַם־ ס֑וּף וַחֲמֻשִׁ֛ים עָל֥וּ בְנֵי־ יִשְׂרָאֵ֖ל מֵאֶ֥רֶץ מִצְרָֽיִם ׃,ויסב אלהימ את העמ דרכ המדבר ימ סופ וחמשימ עלו בני ישראל מארצ מצרימ,16,ואסחר יי ית עמא ארח מדברא ימא דסוף ומזרזין סליקו בני ישראל מארעא דמצרים:,14,"καὶ ἐκύκλωσεν ὁ θεὸς τὸν λαὸν ὁδὸν τὴν εἰς τὴν ἔρημον, εἰς τὴν ἐρυθρὰν θάλασσαν· πέμπτῃ δὲ γενεᾷ ἀνέβησαν οἱ υἱοὶ Ἰσραὴλ ἐκ γῆς Αἰγύπτου.",25,ܘܕܒ̇ܪ ܐܠܗܐ ܠܥܡܐ. ܒܐܘܪܚܐ ܕܡܕܒܪܐ ܕܝܡܐ ܕܣܘܦ. ܘܡܙܝܢܝܢ ܣܠܩܘ ܗܘܘ ܕܒܝܬ ܐܝܣܪܝܠ ܡܢ ܐܪܥܐ ܕܡܨܪܝܢ.,15,mas Deus fez o povo rodear pelo caminho do deserto perto do Mar Vermelho; e os filhos de Israel subiram armados da terra do Egito.,25,True,True,True
13,19,Êxodo 13:19,וַיִּקַּ֥ח מֹשֶׁ֛ה אֶת־ עַצְמ֥וֹת יוֹסֵ֖ף עִמּ֑וֹ כִּי֩ הַשְׁבֵּ֨עַ הִשְׁבִּ֜יעַ אֶת־ בְּנֵ֤י יִשְׂרָאֵל֙ לֵאמֹ֔ר פָּקֹ֨ד יִפְקֹ֤ד אֱלֹהִים֙ אֶתְכֶ֔ם וְהַעֲלִיתֶ֧ם אֶת־ עַצְמֹתַ֛י מִזֶּ֖ה אִתְּכֶֽם ׃,ויקח משה את עצמות יוספ עמו כי השבע השביע את בני ישראל לאמר פקד יפקד אלהימ אתכמ והעליתמ את עצמתי מזה אתכמ,23,ואסיק משה ית גרמי יוסף עמה ארי אומאה אומי ית בני ישראל למימר מדכר דכיר יי יתכון ותסקון ית גרמי מכא עמכון:,22,"Καὶ ἔλαβεν Μωυσῆς τὰ ὀστᾶ Ἰωσὴφ μεθ᾽ ἑαυτοῦ· ὅρκῳ γὰρ ὥρκισεν τοὺς υἱοὺς Ἰσραὴλ λέγων Ἐπισκοπῇ ἐπισκέψεται ὑμᾶς Κύριος, καὶ συνανοίσετέ μου τὰ ὀστᾶ ἐντεῦθεν μεθ᾽ ὑμῶν.",27,ܘܢܣ̣ܒ ܡܘܫܐ ܓܪ̈ܡܘܗܝ ܕܝܘܣܦ ܥܡܗ. ܡܛܠ ܕܡܘܡܝܘ ܐܘܡܝ ܠܕܒܝܬ ܐܝܣܪܝܠ ܘܐܡ̣ܪ. ܡܬ̇ܕܟܪܘ ܡܬ̇ܕܟܪ ܠܟܘܢ ܐܠܗܐ. ܐܣܩܘ ܓܪ̈ܡܝ ܡܟܐ ܥܡܟܘܢ.,19,"Moisés levou consigo os ossos de José, porquanto havia este solenemente ajuramentado os filhos de Israel, dizendo: Certamente Deus vos visitará; e vós haveis de levar daqui convosco os meus ossos.",31,True,True,True
13,20,Êxodo 13:20,וַיִּסְע֖וּ מִסֻּכֹּ֑ת וַיַּחֲנ֣וּ בְאֵתָ֔ם בִּקְצֵ֖ה הַמִּדְבָּֽר ׃,ויסעו מסכת ויחנו באתמ בקצה המדבר,7,ונטלו מסכות ושרו באתם בסטר מדברא:,6,Ἐξάραντες δὲ οἱ υἱοὶ Ἰσραὴλ ἐκ Σοκχὼθ ἐστρατοπέδευσαν ἐν Ὀθὸμ παρὰ τὴν ἔρημον.,13,ܘܫܩ̣ܠܘ ܡܢ ܣܟܘܬ̣ ܘܫ̣ܪܘ ܒܐܬܡ ܕܒܣܘ̈ܦܝ ܡܕܒܪܐ.,7,"Assim partiram de Sucote, e acamparam-se em Etã, à entrada do deserto.",12,True,True,True
13,21,Êxodo 13:21,וַֽיהוָ֡ה הֹלֵךְ֩ לִפְנֵיהֶ֨ם יוֹמָ֜ם בְּעַמּ֤וּד עָנָן֙ לַנְחֹתָ֣ם הַדֶּ֔רֶךְ וְלַ֛יְלָה בְּעַמּ֥וּד אֵ֖שׁ לְהָאִ֣יר לָהֶ֑ם לָלֶ֖כֶת יוֹמָ֥ם וָלָֽיְלָה ׃,ויהוה הלכ לפניהמ יוממ בעמוד עננ לנחתמ הדרכ ולילה בעמוד אש להאיר להמ ללכת יוממ ולילה,17,ויי מדבר קדמיהון ביממא בעמודא דעננא לדברותהון באורחא וליליא בעמודא דאשתא לאנהרא להון למיזל ביממא ובליליא:,16,"ὁ δὲ θεὸς ἡγεῖτο αὐτῶν, ἡμέρας μὲν ἐν στύλῳ νεφέλης δεῖξαι αὐτοῖς τὴν ὁδόν, τὴν δὲ νύκτα ἐν στύλῳ πυρός·",20,ܘܡܪܝܐ ܐ̇ܙܠ ܩܕܡܝܗܘܢ ܒܐܝܡܡܐ ܒܥܡܘܕܐ ܕܥܢܢܐ ܠܡܫܪܝܘ ܐܢܘܢ ܒܐܘܪܚܐ. ܘܒܠܠܝܐ ܒܥܡܘܕܐ ܕܢܘܪܐ ܠܡܢ̣ܗܪܘ ܠܗܘܢ. ܠܡܐܙܠ ܒܐܝܡܡܐ ܘܒܠܠܝܐ.,17,"E o Senhor ia adiante deles, de dia numa coluna e os dois para os guiar pelo caminho, e de noite numa coluna de fogo para os alumiar, a fim de que caminhassem de dia e de noite.",38,True,True,True
13,22,Êxodo 13:22,לֹֽא־ יָמִ֞ישׁ עַמּ֤וּד הֶֽעָנָן֙ יוֹמָ֔ם וְעַמּ֥וּד הָאֵ֖שׁ לָ֑יְלָה לִפְנֵ֖י הָעָֽם ׃ פ,לא ימיש עמוד העננ יוממ ועמוד האש לילה לפני העמ פ,12,לא יעדי עמודא דעננא ביממא ואף לא עמודא דאשתא בליליא קדם עמא:,12,οὐκ ἐξέλιπεν δὲ ὁ στύλος τῆς νεφέλης ἡμέρας καὶ ὁ στύλος τοῦ πυρὸς νυκτὸς ἐναντίον τοῦ λαοῦ παντός.,18,ܠܐ ܦ̇ܪܩ ܗܘܐ ܥܡܘܕܐ ܕܥܢܢܐ ܒܐܝܡܡܐ̇. ܘܥܡܘܕܐ ܕܢܘܪܐ ܒܠܠܝܐ ܡܢ ܩܕܡ ܥܡܐ.,12,"Não desaparecia de diante do povo a coluna de nuvem de dia, nem a coluna de fogo de noite.",19,True,True,True
14,1,Êxodo 14:1,וַיְדַבֵּ֥ר יְהֹוָ֖ה אֶל־ מֹשֶׁ֥ה לֵּאמֹֽר ׃,וידבר יהוה אל משה לאמר,6,ומליל יי עם משה למימר:,5,Καὶ ἐλάλησεν Κύριος πρὸς Μωυσῆν λέγων,6,ܘܡܠܠ ܡܪܝܐ ܥܡ ܡܘܫܐ ܘܐܡܪ ܠܗ .,7,Disse o Senhor a Moisés:,5,True,True,True
14,2,Êxodo 14:2,דַּבֵּר֮ אֶל־ בְּנֵ֣י יִשְׂרָאֵל֒ וְיָשֻׁ֗בוּ וְיַחֲנוּ֙ לִפְנֵי֙ פִּ֣י הַחִירֹ֔ת בֵּ֥ין מִגְדֹּ֖ל וּבֵ֣ין הַיָּ֑ם לִפְנֵי֙ בַּ֣עַל צְפֹ֔ן נִכְח֥וֹ תַחֲנ֖וּ עַל־ הַיָּֽם ׃,דבר אל בני ישראל וישבו ויחנו לפני פי החירת בינ מגדל ובינ הימ לפני בעל צפנ נכחו תחנו על הימ,21,מליל עם בני ישראל ויתובון וישרון קדם פום חירתא בין מגדול ובין ימא קדם בעיל צפון לקבלה תשרון על ימא:,20,"Λάλησον τοῖς υἱοῖς Ἰσραήλ, καὶ ἀποστρέψαντες στρατοπεδευσάτωσαν ἀπέναντι τῆς ἐπαύλεως, ἀνὰ μέσον Μαγδώλου καὶ ἀνὰ μέσον τῆς θαλάσσης, ἐξ ἐναντίας Βεελσεπφών· ἐνώπιον αὐτῶν στρατοπεδεύσεις ἐπὶ τῆς θαλάσσης",27,ܐܡ̣ܪ ܠܕܒܝܬ ܐܝܣܪܝܠ. ܢ̇ܗ̣ܦܟܘܢ ܘܢ̇ܫܪܘܢ ܥܠ ܦܘܡܗ̇ ܕܚܪܝܬܐ. ܒܝܬ ܡܓܕܘܠ ܠܒܝܬ ܝܡܐ̇ ܩܕܡ ܒܥܠ̣ܨܦܘܢ ܠܩܘܒܠܗ ܬ̣ܫܪܘܢ ܥܠ ܝܡܐ.,18,"Fala aos filhos de Israel que se voltem e se acampem diante de Pi-Hairote, entre Migdol e o mar, diante de Baal-Zefom; em frente dele assentareis o acampamento junto ao mar.",31,True,True,True
14,3,Êxodo 14:3,וְאָמַ֤ר פַּרְעֹה֙ לִבְנֵ֣י יִשְׂרָאֵ֔ל נְבֻכִ֥ים הֵ֖ם בָּאָ֑רֶץ סָגַ֥ר עֲלֵיהֶ֖ם הַמִּדְבָּֽר ׃,ואמר פרעה לבני ישראל נבכימ המ בארצ סגר עליהמ המדבר,11,ויימר פרעה על בני ישראל מערבלין אנון בארעא אחד עליהון מדברא:,11,καὶ ἐρεῖ Φαραὼ τῷ λαῷ αὐτοῦ Οἱ υἱοὶ Ἰσραὴλ πλανῶνται οὗτοι ἐν τῇ γῇ· συνκέκλεικεν γὰρ αὐτούς ἡ ἔρημος.,19,ܘܐܡܪ ܦܪܥܘܢ ܥܠ ܒܢ̈ܝ ܐܝܣܪܝܠ. ܕܢܘܟܪ̈ܝܝܢ ܐܢܘܢ ܒܐܪܥܐ. ܐܬܚܕ ܥܠܝܗܘܢ ܡܕܒܪܐ.,11,"Então Faraó dirá dos filhos de Israel: Eles estão embaraçados na terra, o deserto os encerrou.",16,True,True,True
14,4,Êxodo 14:4,וְחִזַּקְתִּ֣י אֶת־ לֵב־ פַּרְעֹה֮ וְרָדַ֣ף אַחֲרֵיהֶם֒ וְאִכָּבְדָ֤ה בְּפַרְעֹה֙ וּבְכָל־ חֵיל֔וֹ וְיָדְע֥וּ מִצְרַ֖יִם כִּֽי־ אֲנִ֣י יְהוָ֑ה וַיַּֽעֲשׂוּ־ כֵֽן ׃,וחזקתי את לב פרעה ורדפ אחריהמ ואכבדה בפרעה ובכל חילו וידעו מצרימ כי אני יהוה ויעשו כנ,18,ואתקף ית לבא דפרעה וירדף בתריהון ואתיקר בפרעה ובכל משריתה וידעון מצראי ארי אנא יי ועבדו כן:,17,"ἐγὼ δὲ σκληρυνῶ τὴν καρδίαν Φαραώ, καὶ καταδιώξεται ὀπίσω αὐτῶν· καὶ ἐνδοξασθήσομαι ἐν Φαραὼ καὶ ἐν πάσῃ τῇ στρατιᾷ αὐτοῦ, καὶ γνώσονται πάντες οἱ Αἰγύπτιοι ὅτι ἐγώ εἰμι Κύριος. καὶ ἐποίησαν οὕτως.",32,ܘܐܡܪ ܡܪܝܐ ܠܡܘܫܐ . ܐܢܐ ܐܩ̇ܫܐ ܠܒܗ ܕܦܪܥܘܢ ܘܢܪܕܘܦ ܒܬܪܟܘܢ. ܘܐܫܬܒܚ ܒܦܪܥܘܢ ܘܒܟܠܗ ܚܝܠܗ. ܘܢܕܥܘܢ ܡܨܪ̈ܝܐ ܕܐܢܐ ܐܢܐ ܡܪܝܐ. ܘܥܒ̣ܕܘ ܗܟܢܐ.,21,"Eu endurecerei o coração de Faraó, e ele os perseguirá; glorificar-me-ei em Faraó, e em todo o seu exército; e saberão os egípcios que eu sou o Senhor. E eles fizeram assim.",32,True,True,True
14,5,Êxodo 14:5,וַיֻּגַּד֙ לְמֶ֣לֶךְ מִצְרַ֔יִם כִּ֥י בָרַ֖ח הָעָ֑ם וַ֠יֵּהָפֵךְ לְבַ֨ב פַּרְעֹ֤ה וַעֲבָדָיו֙ אֶל־ הָעָ֔ם וַיֹּֽאמרוּ֙ מַה־ זֹּ֣את עָשִׂ֔ינוּ כִּֽי־ שִׁלַּ֥חְנוּ אֶת־ יִשְׂרָאֵ֖ל מֵעָבְדֵֽנוּ ׃,ויגד למלכ מצרימ כי ברח העמ ויהפכ לבב פרעה ועבדיו אל העמ ויאמרו מה זאת עשינו כי שלחנו את ישראל מעבדנו,22,ואתחוא למלכא דמצרים ארי אזל עמא ואתהפיך לבא דפרעה ועבדוהי לעמא ואמרו מא דא עבדנא ארי שלחנא ית ישראל מפלחננא:,20,"καὶ ἀνηγγέλη τῷ βασιλεῖ τῶν Αἰγυπτίων ὅτι πέφευγεν ὁ λαός· καὶ μετεστράφη ἡ καρδία Φαραὼ καὶ ἡ καρδία τῶν θεραπόντων αὐτοῦ ἐπὶ τὸν λαόν, καὶ εἶπαν Τί τοῦτο ἐποιήσαμεν τοῦ ἐξαποστεῖλαι τοὺς υἱοὺς Ἰσραὴλ τοῦ μὴ δουλεύειν ἡμῖν;",38,ܘܐܬܚܘܝ ܠܡ̇ܠܟܐ ܕܡܨܪܝ̣ܢ ܕܐܙܠ ܠܗ ܥܡܐ. ܘܐܬܗ̣ܦܟ ܠܒܗ ܕܦܪܥܘܢ ܘܕܥܒ̣̈ܕܘܗܝ ܥܠ ܥܡܐ. ܘܐܡ̇ܪܝ̣ܢ ܡܢܐ̇ ܥܒ̣ܕܢ ܕܫܕܪܢ ܠܐܝܣܪܝܠ ܡܢ ܫܘܥܒܕܢ.,19,"Quando, pois, foi anunciado ao rei do Egito que o povo havia fugido, mudou-se o coração de Faraó, e dos seus servos, contra o povo, e disseram: Que é isso que fizemos, permitindo que Israel saísse e deixasse de nos servir?",41,True,True,True
14,6,Êxodo 14:6,וַיֶּאְסֹ֖ר אֶת־ רִכְבּ֑וֹ וְאֶת־ עַמּ֖וֹ לָקַ֥ח עִמּֽוֹ ׃,ויאסר את רכבו ואת עמו לקח עמו,8,וטקיס ית רתכה וית עמה דבר עמה:,7,"ἔζευξεν οὖν Φαραὼ τὰ ἅρματα αὐτοῦ, καὶ πάντα τὸν λαὸν αὐτοῦ συναπήγαγεν μεθ᾽ ἑαυτοῦ,",14,ܘܦ̇ܓܕ ܩܪ̈ܘܟܘܗܝ ܘܥܡܗ̣ ܕܒ̣ܪ ܥܡܗ.,5,"E Faraó aprontou o seu carro, e tomou consigo o seu povo;",12,True,True,True
14,7,Êxodo 14:7,וַיִּקַּ֗ח שֵׁשׁ־ מֵא֥וֹת רֶ֨כֶב֙ בָּח֔וּר וְכֹ֖ל רֶ֣כֶב מִצְרָ֑יִם וְשָׁלִשִׁ֖ם עַל־ כֻּלּֽוֹ ׃,ויקח שש מאות רכב בחור וכל רכב מצרימ ושלשמ על כלו,12,ודבר שת מאה רתכין בחירן וכל רתכי מצראי וגברין ממנן על כלהון:,12,καὶ λαβὼν ἑξακόσια ἅρματα ἐκλεκτὰ καὶ πᾶσαν τὴν ἵππον τῶν Αἰγυπτίων καὶ τριστάτας ἐπὶ πάντων.,15,ܘܕܒ̣ܪ̣ ܫܬܡܐܐ ܡܪ̈ܟܒܬܐ ܕܓܒܝ̈ܢ. ܘܟܠܗܝܢ ܕܡܨܪ̣ܝܐ ܘܓܒܪ̈ܐ ܥܠ ܟܠܗܝܢ.,9,"tomou também seiscentos carros escolhidos e todos os carros do Egito, e capitães sobre todos eles.",16,True,True,True
14,8,Êxodo 14:8,וַיְחַזֵּ֣ק יְהֹוָ֗ה אֶת־ לֵ֤ב פַּרְעֹה֙ מֶ֣לֶךְ מִצְרַ֔יִם וַיִּרְדֹּ֕ף אַחֲרֵ֖י בְּנֵ֣י יִשְׂרָאֵ֑ל וּבְנֵ֣י יִשְׂרָאֵ֔ל יֹצְאִ֖ים בְּיָ֥ד רָמָֽה ׃,ויחזק יהוה את לב פרעה מלכ מצרימ וירדפ אחרי בני ישראל ובני ישראל יצאימ ביד רמה,17,ואתקף יי ית לבא דפרעה מלכא דמצרים ורדף בתר בני ישראל ובני ישראל נפקו בריש גלי:,16,"καὶ ἐσκλήρυνεν Κύριος τὴν καρδίαν Φαραὼ βασιλέως Αἰγύπτου καὶ τῶν θεραπόντων αὐτοῦ, καὶ κατεδίωξεν ὀπίσω τῶν υἱῶν Ἰσραήλ· οἱ δὲ υἱοὶ Ἰσραὴλ ἐξεπορεύοντο ἐν χειρὶ ὑψηλῇ.",26,ܘܩ̇ܫܝ ܡܪܝܐ ܠܒܗ ܕܦܪܥܘܢ ܡ̇ܠܟܐ ܕܡܨܪܝ̣ܢ. ܘܪܕܦ ܒܬܪ ܒܢ̈ܝ ܐܝܣܪܝܠ. ܘܒ̈ܢܝ ܐܝܣܪܝܠ̇ ܢܦܩܘ ܒܐܝܕܐ ܪܡ̇ܬܐ .,16,"Porque o Senhor endureceu o coração de Faraó, rei do Egito, e este perseguiu os filhos de Israel; pois os filhos de Israel saíam afoitamente.",25,True,True,True
14,9,Êxodo 14:9,וַיִּרְדְּפ֨וּ מִצְרַ֜יִם אַחֲרֵיהֶ֗ם וַיַּשִּׂ֤יגוּ אוֹתָם֙ חֹנִ֣ים עַל־ הַיָּ֔ם כָּל־ סוּס֙ רֶ֣כֶב פַּרְעֹ֔ה וּפָרָשָׁ֖יו וְחֵיל֑וֹ עַל־ פִּי֙ הַֽחִירֹ֔ת לִפְנֵ֖י בַּ֥עַל צְפֹֽן ׃,וירדפו מצרימ אחריהמ וישיגו אותמ חנימ על הימ כל סוס רכב פרעה ופרשיו וחילו על פי החירת לפני בעל צפנ,21,ורדפו מצראי בתריהון ואדביקו יתהון כד שרן על ימא כל סוסות רתכי פרעה ופרשוהי ומשריתה על פום חירתא קדם בעיל צפון:,21,"καὶ κατεδίωξαν οἱ Αἰγύπτιοι ὀπίσω αὐτῶν, καὶ εὕροσαν αὐτοὺς παρεμβεβληκότας παρὰ τὴν θάλασσαν· καὶ πᾶσα ἡ ἵππος καὶ τὰ ἅρματα Φαραὼ καὶ οἱ ἱππεῖς καὶ ἡ στρατιὰ αὐτοῦ ἀπέναντι τῆς ἐπαύλεως, ἐξ ἐναντίας Βεελσεπφών.",34,ܘܪܕܦܘ ܡܨܪ̈ܝܐ ܒܬܪܗܘܢ. ܘܐܕܪܟܘ ܐܢܘܢ ܟܕ ܫ̣ܪܝܢ ܥܠ ܝܡܐ ܟܠ ܪ̈ܟܫܗ ܕܦܪܥܘܢ. ܘܡܪ̈ܟܒܬܗ ܘܦܪ̈ܫܘܗܝ ܘܚܝܠܗ̣. ܫ̣ܪܝ̣ܢ ܥܠ ܦܘܡܗ̇ ܕܚܪܝܬܐ̇ ܠܘܩܒܠ ܒܥܠ̣ܨܦ̣ܘܢ.,21,"Os egípcios, com todos os cavalos e carros de Faraó, e os seus cavaleiros e o seu exército, os perseguiram e os alcançaram acampados junto ao mar, perto de Pi-Hairote, diante de Baal-Zefom.",33,True,True,True
14,10,Êxodo 14:10,וּפַרְעֹ֖ה הִקְרִ֑יב וַיִּשְׂאוּ֩ בְנֵֽי־ יִשְׂרָאֵ֨ל אֶת־ עֵינֵיהֶ֜ם וְהִנֵּ֥ה מִצְרַ֣יִם ׀ נֹסֵ֣עַ אַחֲרֵיהֶ֗ם וַיִּֽירְאוּ֙ מְאֹ֔ד וַיִּצְעֲק֥וּ בְנֵֽי־ יִשְׂרָאֵ֖ל אֶל־ יְהוָֽה ׃,ופרעה הקריב וישאו בני ישראל את עיניהמ והנה מצרימ נסע אחריהמ וייראו מאד ויצעקו בני ישראל אל יהוה,20,ופרעה קריב וזקפו בני ישראל ית עיניהון והא מצראי נטלין בתריהון ודחילו לחדא וזעיקו בני ישראל קדם יי:,18,"καὶ Φαραὼ προσῆγεν· καὶ ἀναβλέψαντες οἱ υἱοὶ Ἰσραὴλ τοῖς ὀφθαλμοῖς ὁρῶσιν, καὶ οἱ Αἰγύπτιοι ἐστρατοπέδευσαν ὀπίσω αὐτῶν, καὶ ἐφοβήθησαν σφόδρα. ἀνεβόησαν δὲ οἱ υἱοὶ Ἰσραὴλ πρὸς Κύριον·",27,ܘܩܪ̣ܒ ܦܪܥܘܢ. ܘܐܪܝܡܘ ܕܒܝܬ ܐܝܣܪܝܠ ܥܝܢ̈ܝܗܘܢ. ܘܚܙܘ ܠܡܨܪ̈ܝܐ ܟܕ ܐܬ̇ܝܢ ܒܬܪܗܘܢ. ܘܕܚ̣ܠܘ ܛܒ. ܘܨ̇ܠܝܘ ܒܢܝ̈ ܐܝܣܪܝܠ ܩܕܡ ܡܪܝܐ.,18,"Quando Faraó se aproximava, os filhos de Israel levantaram os olhos, e eis que os egípcios marchavam atrás deles; pelo que tiveram muito medo os filhos de Israel e clamaram ao Senhor:",32,True,True,True
14,11,Êxodo 14:11,וַיֹּאמְרוּ֮ אֶל־ מֹשֶׁה֒ הַֽמִבְּלִ֤י אֵין־ קְבָרִים֙ בְּמִצְרַ֔יִם לְקַחְתָּ֖נוּ לָמ֣וּת בַּמִּדְבָּ֑ר מַה־ זֹּאת֙ עָשִׂ֣יתָ לָּ֔נוּ לְהוֹצִיאָ֖נוּ מִמִּצְרָֽיִם ׃,ויאמרו אל משה המבלי אינ קברימ במצרימ לקחתנו למות במדבר מה זאת עשית לנו להוציאנו ממצרימ,17,ואמרו למשה המדלית קברין במצרים דברתנא לממת במדברא מא דא עבדתא לנא לאפקותנא ממצרים:,14,"καὶ εἶπαν πρὸς Μωυσῆν Παρὰ τὸ μὴ ὑπάρχειν μνήματα ἐν γῇ Αἰγύπτῳ ἐξήγαγες ἡμᾶς θανατῶσαι ἐν τῇ ἐρήμῳ; τί τοῦτο ἐποίησας ἡμῖν, ἐξαγαγὼν ἐξ Αἰγύπτου;",25,ܘܐܡܪܘ ܠܡܘܫܐ. ܡܛܠ ܕܠܝܬ ܩܒܪ̈ܐ ܒܡܨܪܝܢ. ܕܒ̣ܪܬܢ ܕܢܡ̣ܘܬ ܒܡܕܒܪܐ. ܠܡܢܐ ܥܒ̣ܕܬ ܠܢ ܗܟܢܐ̇. ܘܐܦܩܬܢ ܡܢ ܡܨܪܝܢ.,16,"e disseram a Moisés: Foi porque não havia sepulcros no Egito que de lá nos tiraste para morrermos neste deserto? Por que nos fizeste isto, tirando-nos do Egito?",28,True,True,True
14,12,Êxodo 14:12,הֲלֹא־ זֶ֣ה הַדָּבָ֗ר אֲשֶׁר֩ דִּבַּ֨רְנוּ אֵלֶ֤יךָ בְמִצְרַ֨יִם֙ לֵאמֹ֔ר חֲדַ֥ל מִמֶּ֖נּוּ וְנַֽעַבְדָ֣ה אֶת־ מִצְרָ֑יִם כִּ֣י ט֥וֹב לָ֨נוּ֙ עֲבֹ֣ד אֶת־ מִצְרַ֔יִם מִמֻּתֵ֖נוּ בַּמִּדְבָּֽר ׃,הלא זה הדבר אשר דברנו אליכ במצרימ לאמר חדל ממנו ונעבדה את מצרימ כי טוב לנו עבד את מצרימ ממתנו במדבר,22,הלא דין פתגמא די מללנא עמך במצרים למימר שבוק מננא ונפלח ית מצראי ארי טב לנא דנפלח ית מצראי מדנמות במדברא:,21,οὐ τοῦτο ἦν τὸ ῥῆμα ὃ ἐλαλήσαμεν πρὸς σὲ ἐν Αἰγύπτῳ λέγοντες Πάρες ἡμᾶς ὅπως δουλεύσωμεν τοῖς Αἰγυπτίοις; κρεῖσσον γὰρ ἡμᾶς δουλεύειν τοῖς Αἰγυπτίοις ἢ ἀποθανεῖν ἐν τῇ ἐρήμῳ ταύτῃ.,30,ܠܐ ܗܘܐ ܗܢܐ ܦܬܓܡܐ ܕܐܡܪܢ ܗܘܝܢ ܠܟ ܒܡܨܪܝܢ. ܕܫܒܘܩܝܢ ܕܢܦܠ̣ܘܚ ܠܡܨܪ̈ܝܐ. ܡܛܠ ܕܛܒ ܗܘܐ ܠܢ ܕܢܦܠܘܚ ܠܡܨܪ̈ܝܐ̇. ܡܢ ܕܢܡ̣ܘܬ ܒܡܕܒܪܐ ܗܢܐ .,22,"Não é isto o que te dissemos no Egito: Deixa-nos, que sirvamos aos egípcios? Pois melhor nos fora servir aos egípcios, do que morrermos no deserto.",26,True,True,True
14,13,Êxodo 14:13,וַיֹּ֨אמֶר מֹשֶׁ֣ה אֶל־ הָעָם֮ אַל־ תִּירָאוּ֒ הִֽתְיַצְב֗וּ וּרְאוּ֙ אֶת־ יְשׁוּעַ֣ת יְהוָ֔ה אֲשֶׁר־ יַעֲשֶׂ֥ה לָכֶ֖ם הַיּ֑וֹם כִּ֗י אֲשֶׁ֨ר רְאִיתֶ֤ם אֶת־ מִצְרַ֨יִם֙ הַיּ֔וֹם לֹ֥א תֹסִ֛יפוּ לִרְאֹתָ֥ם ע֖וֹד עַד־ עוֹלָֽם ׃,ויאמר משה אל העמ אל תיראו התיצבו וראו את ישועת יהוה אשר יעשה לכמ היומ כי אשר ראיתמ את מצרימ היומ לא תסיפו לראתמ עוד עד עולמ,28,ואמר משה לעמא לא תדחלון אתעתדו וחזו ית פורקנא דיי דיעבד לכון יומא דין ארי כמא דחזיתון ית מצראי יומא דין לא תוספון למחזיהון עוד עד עלמא:,27,"εἶπεν δὲ Μωυσῆς πρὸς τὸν λαόν Θαρσεῖτε· στῆτε καὶ ὁρᾶτε τὴν σωτηρίαν τὴν παρὰ τοῦ θεοῦ, ἣν ποιήσει ἡμῖν σήμερον· ὃν τρόπον γὰρ ἑωράκατε τοὺς Αἰγυπτίους σήμερον, οὐ προσθήσεσθε ἔτι ἰδεῖν αὐτοὺς εἰς τὸν αἰῶνα χρόνον·",36,ܘܐܡܪ ܡܘܫܐ ܠܥܡܐ̇ ܠܐ ܬ̣ܕܚܠܘܢ. ܟܬܪܘ ܘܚܙܘ ܦܘܪܩܢܗ ܕܡܪܝܐ ܕܥܒ̇ܕ ܠܟܘܢ ܝܘܡܢܐ. ܕܐܝܟܢܐ ܕܚܙܝܬܘܢ ܠܡܨܪ̈ܝܐ ܝܘܡܢܐ. ܬܘܒ̣ ܠܐ ܬܘܣܦܘܢ ܠܡܚܙܐ ܐܢܘܢ ܠܥܠܡ.,22,"Moisés, porém, disse ao povo: Não temais; estai quietos, e vede o livramento do Senhor, que ele hoje vos fará; porque aos egípcios que hoje vistes, nunca mais tornareis a ver;",31,True,True,True
14,14,Êxodo 14:14,יְהוָ֖ה יִלָּחֵ֣ם לָכֶ֑ם וְאַתֶּ֖ם תַּחֲרִישֽׁוּן ׃ פ,יהוה ילחמ לכמ ואתמ תחרישונ פ,7,יי יגיח לכון קרב ואתון תשתקון:,6,"Κύριος πολεμήσει περὶ ὑμῶν, καὶ ὑμεῖς σιγήσετε.",7,ܡܪܝܐ ܢܬܟ̇ܬܫ ܥܠ ܐ̈ܦܝܟܘܢ. ܟܕ ܐܢܬܘܢ ܬܗܘܘܢ ܫ̣ܠܝܢ. ܘܨ̇ܠܝ ܡܘܫܐ ܩܕܡ ܡܪܝܐ .,13,o Senhor pelejará por vós; e vós vos calareis.,9,True,True,True
14,15,Êxodo 14:15,וַיֹּ֤אמֶר יְהוָה֙ אֶל־ מֹשֶׁ֔ה מַה־ תִּצְעַ֖ק אֵלָ֑י דַּבֵּ֥ר אֶל־ בְּנֵי־ יִשְׂרָאֵ֖ל וְיִסָּֽעוּ ׃,ויאמר יהוה אל משה מה תצעק אלי דבר אל בני ישראל ויסעו,13,ואמר יי למשה קבלית צלותך מליל עם בני ישראל ויטלון:,10,Εἶπεν δὲ Κύριος πρὸς Μωυσῆν Τί βοᾷς πρὸς μέ; λάλησον τοῖς υἱοῖς Ἰσραὴλ καὶ ἀναζευξάτωσαν·,15,ܘܐܡܪ ܡܪܝܐ ܠܡܘܫܐ. ܡܢܐ ܡܨ̇ܠܐ ܐܢܬ ܩܕܡܝ. ܐܡ̣ܪ ܠܕܒܝܬ ܐܝܣܪܝܠ ܢܫ̣̇ܩܠܘܢ.,11,Então disse o Senhor a Moisés: Por que clamas a mim? dize aos filhos de Israel que marchem.,18,True,True,True
14,16,Êxodo 14:16,וְאַתָּ֞ה הָרֵ֣ם אֶֽת־ מַטְּךָ֗ וּנְטֵ֧ה אֶת־ יָדְךָ֛ עַל־ הַיָּ֖ם וּבְקָעֵ֑הוּ וְיָבֹ֧אוּ בְנֵֽי־ יִשְׂרָאֵ֛ל בְּת֥וֹךְ הַיָּ֖ם בַּיַּבָּשָֽׁה ׃,ואתה הרמ את מטכ ונטה את ידכ על הימ ובקעהו ויבאו בני ישראל בתוכ הימ ביבשה,17,ואת טול ית חטרך וארים ית ידך על ימא ובזעוהי ויעלון בני ישראל בגו ימא ביבשתא:,16,"καὶ σὺ ἔπαρον τῇ ῥάβδῳ σου, καὶ ἔκτεινον τὴν χεῖρά σου ἐπὶ τὴν θάλασσαν καὶ ῥῆξον αὐτήν, καὶ εἰσελθάτωσαν οἱ υἱοὶ Ἰσραὴλ εἰς μέσον τῆς θαλάσσης κατὰ τὸ ξηρόν.",29,ܘܐܢܬ ܐܪܝܡ ܚܘܛܪܟ̣. ܘܐܪܟܢ ܐܝܕܟ ܥܠ ܝܡܐ ܘܦܠܘܓܝܗܝ. ܘܢ̇ܥܠ̣ܘܢ ܒܢ̈ܝ ܐܝܣܪܝܠ ܒܓܘ ܝܡܐ ܒܝܒܫܐ.,14,"E tu, levanta a tua vara, e estende a mão sobre o mar e fende-o, para que os filhos de Israel passem pelo meio do mar em seco.",28,True,True,True
14,17,Êxodo 14:17,וַאֲנִ֗י הִנְנִ֤י מְחַזֵּק֙ אֶת־ לֵ֣ב מִצְרַ֔יִם וְיָבֹ֖אוּ אַחֲרֵיהֶ֑ם וְאִכָּבְדָ֤ה בְּפַרְעֹה֙ וּבְכָל־ חֵיל֔וֹ בְּרִכְבּ֖וֹ וּבְפָרָשָֽׁיו ׃,ואני הנני מחזק את לב מצרימ ויבאו אחריהמ ואכבדה בפרעה ובכל חילו ברכבו ובפרשיו,15,ואנא הא אנא מתקף ית לבא דמצראי ויעלון בתריהון ואתיקר בפרעה ובכל משריתה ברתכוהי ובפרשוהי:,15,"καὶ ἰδοὺ ἐγὼ σκληρυνῶ τὴν καρδίαν Φαραὼ καὶ τῶν Αἰγυπτίων πάντων, καὶ εἰσελεύσονται ὀπίσω αὐτῶν· καὶ ἐνδοξασθήσομαι ἐν Φαραὼ καὶ ἐν πάσῃ τῇ στρατιᾷ αὐτοῦ καὶ ἐν τοῖς ἅρμασιν καὶ ἐν τοῖς ἵπποις αὐτοῦ.",34,ܘܐܢܐ ܗܐ ܡܥܒ̇ܐ ܐܢܐ ܠܒܗܘܢ ܕܡܨܪ̈ܝܐ. ܕܢܥܠܘܢ ܒܬܪܗܘܢ ܘܐܫܬܒܚ ܒܦܪܥܘܢ ܘܒܟܠܗ ܚܝܠܗ. ܘܒܡܪ̈ܟܒܬܗ ܘܒܦܪ̈ܫܘܗܝ .,15,"Eis que eu endurecerei o coração dos egípcios, e estes entrarão atrás deles; e glorificar-me-ei em Faraó e em todo o seu exército, nos seus carros e nos seus cavaleiros.",30,True,True,True
14,18,Êxodo 14:18,וְיָדְע֥וּ מִצְרַ֖יִם כִּי־ אֲנִ֣י יְהוָ֑ה בְּהִכָּבְדִ֣י בְּפַרְעֹ֔ה בְּרִכְבּ֖וֹ וּבְפָרָשָֽׁיו ׃,וידעו מצרימ כי אני יהוה בהכבדי בפרעה ברכבו ובפרשיו,10,וידעון מצראי ארי אנא יי באתיקרותי בפרעה ברתכוהי ובפרשוהי:,9,"καὶ γνώσονται πάντες οἱ Αἰγύπτιοι ὅτι ἐγώ εἰμι Κύριος, ἐνδοξαζομένου μου ἐν Φαραὼ καὶ ἐν τοῖς ἅρμασιν καὶ ἵπποις αὐτοῦ.",20,ܘܢܕܥܘܢ ܡܨܪ̈ܝܐ ܕܐܢܐ ܐܢܐ ܡܪܝܐ. ܡܐ ܕܐܫܬܒ̇ܚܬ ܒܦܪܥܘܢ ܘܒܟܠܗ ܚܝܠܗ. ܘܒܡܪ̈ܟܒܬܗ ܘܒܦܪ̈ܫܘܗܝ.,12,"E os egípcios saberão que eu sou o Senhor, quando me tiver glorificado em Faraó, nos seus carros e nos seus cavaleiros.",22,True,True,True
14,19,Êxodo 14:19,וַיִּסַּ֞ע מַלְאַ֣ךְ הָאֱלֹהִ֗ים הַהֹלֵךְ֙ לִפְנֵי֙ מַחֲנֵ֣ה יִשְׂרָאֵ֔ל וַיֵּ֖לֶךְ מֵאַחֲרֵיהֶ֑ם וַיִּסַּ֞ע עַמּ֤וּד הֶֽעָנָן֙ מִפְּנֵיהֶ֔ם וַיַּֽעֲמֹ֖ד מֵאַחֲרֵיהֶֽם ׃,ויסע מלאכ האלהימ ההלכ לפני מחנה ישראל וילכ מאחריהמ ויסע עמוד העננ מפניהמ ויעמד מאחריהמ,16,ונטל מלאכא דיי דמדבר קדם משריתא דישראל ואתא מבתריהון ונטל עמודא דעננא מן קדמיהון ושרא מבתריהון:,16,"ἐξῆρεν δὲ ὁ ἄγγελος τοῦ θεοῦ ὁ προπορευόμενος τῆς παρεμβολῆς τῶν υἱῶν Ἰσραήλ, καὶ ἐπορεύθη ἐκ τῶν ὄπισθεν· ἐξῆρεν δὲ καὶ ὁ στύλος τῆς νεφέλης ἀπὸ προσώπου αὐτῶν, καὶ ἔστη ἐκ τῶν ὀπίσω αὐτῶν.",34,ܘܫܩ̣ܠ ܡܠܐܟܗ ܕܡܪܝܐ ܕܐ̇ܙܠ ܩܕܡ ܡܫܪܝܬܐ ܕܐܝܣܪܝܠ. ܘܐܙܠ ܡܢ ܒܬܪܗܘܢ. ܘܫ̣ܩܠ ܥܡܘܕܐ ܕܥܢܢܐ ܡܢ ܩܕܡܝܗܘܢ ܘܩܡ ܡܢ ܒܣܬ̇ܪܗܘܢ.,18,"Então o anjo de Deus, que ia adiante do exército de Israel, se retirou e se pôs atrás deles; também a coluna de nuvem se retirou de diante deles e se pôs atrás,",33,True,True,True
14,20,Êxodo 14:20,וַיָּבֹ֞א בֵּ֣ין ׀ מַחֲנֵ֣ה מִצְרַ֗יִם וּבֵין֙ מַחֲנֵ֣ה יִשְׂרָאֵ֔ל וַיְהִ֤י הֶֽעָנָן֙ וְהַחֹ֔שֶׁךְ וַיָּ֖אֶר אֶת־ הַלָּ֑יְלָה וְלֹא־ קָרַ֥ב זֶ֛ה אֶל־ זֶ֖ה כָּל־ הַלָּֽיְלָה ׃,ויבא בינ מחנה מצרימ ובינ מחנה ישראל ויהי העננ והחשכ ויאר את הלילה ולא קרב זה אל זה כל הלילה,22,ועל בין משריתא דמצראי ובין משריתא דישראל והוה עננא וקבלא למצראי ולישראל נהר כל ליליא ולא אתקריבו דין לות דין כל ליליא:,22,"καὶ εἰσῆλθεν ἀνὰ μέσον τῶν Αἰγυπτίων καὶ ἀνὰ μέσον τῆς παρεμβολῆς Ἰσραήλ, καὶ ἔστη· καὶ ἐγένετο σκότος καὶ γνόφος, καὶ διῆλθεν ἡ νύξ, καὶ οὐ συνέμιξαν ἀλλήλοις ὅλην τὴν νύκτα.",30,ܘܥܠ ܒܝܬ ܡܫܪܝܬܐ ܕܡܨܪ̈ܝܐ ܠܡܫܪܝܬܐ ܕܐܝܣܪܝܠ. ܘܗܘ̣ܬ ܥܢܢܐ ܘܚܫܘܟܐ ܟܠܗ ܠܠܝܐ . ܘܢ̣ܗ̣ܪ ܟܠܗ ܠܠܝܐ ܠܒܢܝ̈ ܐܝܣܪܝܠ. ܘܠܐ ܩ̣ܪܒܘ ܗܠܝܢ ܠܘܬ ܗܠܝ̣ܢ ܟܠܗ ܠܠܝܐ.,24,colocando-se entre o campo dos egípcios e o campo dos israelitas; assim havia nuvem e trevas; contudo aquela clareava a noite para Israel; de maneira que em toda a noite não se aproximou um do outro.,36,True,True,True
14,21,Êxodo 14:21,וַיֵּ֨ט מֹשֶׁ֣ה אֶת־ יָדוֹ֮ עַל־ הַיָּם֒ וַיּ֣וֹלֶךְ יְהוָ֣ה ׀ אֶת־ הַ֠יָּם בְּר֨וּחַ קָדִ֤ים עַזָּה֙ כָּל־ הַלַּ֔יְלָה וַיָּ֥שֶׂם אֶת־ הַיָּ֖ם לֶחָרָבָ֑ה וַיִּבָּקְע֖וּ הַמָּֽיִם ׃,ויט משה את ידו על הימ ויולכ יהוה את הימ ברוח קדימ עזה כל הלילה וישמ את הימ לחרבה ויבקעו המימ,23,וארים משה ית ידה על ימא ודבר יי ית ימא ברוח קדומא תקיף כל ליליא ושוי ית ימא ליבשתא ואתבזעו מיא:,21,"ἐξέτεινεν δὲ Μωυσῆς τὴν χεῖρα ἐπὶ τὴν θάλασσαν· καὶ ὑπήγαγεν Κύριος τὴν θάλασσαν ἐν ἀνέμῳ νότῳ βιαίῳ ὅλην τὴν νύκτα, καὶ ἐποίησεν τὴν θάλασσαν ξηράν, καὶ ἐσχίσθη τὸ ὕδωρ.",29,ܘܐܪܝܡ ܡܘܫܐ ܐܝܕܗ ܥܠ ܝܡܐ. ܘܕܒ̇ܪܗ ܡܪܝܐ ܠܝܡܐ ܒܪܘܚܐ ܕܫܘܒܐ ܥܙܝܙܬܐ ܟܠܗ ܠܠܝܐ. ܘܣܡܗ ܠܝܡܐ ܒܝܒܫܐ. ܘܐܬ̣ܦܠܓܘ ܡ̈ܝܐ.,18,"Então Moisés estendeu a mão sobre o mar; e o Senhor fez retirar o mar por um forte vento oriental toda aquela noite, e fez do mar terra seca, e as águas foram divididas.",34,True,True,True
14,22,Êxodo 14:22,וַיָּבֹ֧אוּ בְנֵֽי־ יִשְׂרָאֵ֛ל בְּת֥וֹךְ הַיָּ֖ם בַּיַּבָּשָׁ֑ה וְהַמַּ֤יִם לָהֶם֙ חֹמָ֔ה מִֽימִינָ֖ם וּמִשְּׂמֹאלָֽם ׃,ויבאו בני ישראל בתוכ הימ ביבשה והמימ להמ חמה מימינמ ומשמאלמ,12,ועלו בני ישראל בגו ימא ביבשתא ומיא להון שורין מימינהון ומסמאלהון:,11,"καὶ εἰσῆλθον οἱ υἱοὶ Ἰσραὴλ εἰς μέσον τῆς θαλάσσης κατὰ τὸ ξηρόν, καὶ τὸ ὕδωρ αὐτοῖς τεῖχος ἐκ δεξιῶν καὶ τεῖχος ἐξ εὐωνύμων·",23,ܘܥܠ̣ܘ ܒܢ̈ܝ ܐܝܣܪܐܝܠ ܒܓܘ ܝܡܐ ܒܝܒܫܐ. ܘܡ̈ܝܐ ܗܘ̣ܘ ܠܗܘܢ ܐܝܟ ܫܘܪܐ̇ ܡܢ ܝܡܝܢܗܘܢ ܘܡܢ ܣܡܠܗܘܢ.,15,E os filhos de Israel entraram pelo meio do mar em seco; e as águas foram-lhes qual muro à sua direita e à sua esquerda.,25,True,True,True
14,23,Êxodo 14:23,וַיִּרְדְּפ֤וּ מִצְרַ֨יִם֙ וַיָּבֹ֣אוּ אַחֲרֵיהֶ֔ם כֹּ֚ל ס֣וּס פַּרְעֹ֔ה רִכְבּ֖וֹ וּפָרָשָׁ֑יו אֶל־ תּ֖וֹךְ הַיָּֽם ׃,וירדפו מצרימ ויבאו אחריהמ כל סוס פרעה רכבו ופרשיו אל תוכ הימ,13,ורדפו מצראי ועלו בתריהון כל סוסות פרעה רתכוהי ופרשוהי לגו ימא:,11,"καὶ κατεδίωξαν οἱ Αἰγύπτιοι, καὶ εἰσῆλθον ὀπίσω αὐτῶν καὶ πᾶς ἵππος Φαραὼ καὶ τὰ ἅρματα καὶ οἱ ἀναβάται εἰς μέσον τῆς θαλάσσης.",22,ܘܪܕܦܘ ܡܨܪ̈ܝܐ ܘܥܠ̣ܘ ܒܬܪܗܘܢ. ܟܠ ܪ̈ܟܫܗ ܕܦܪܥܘܢ ܘܡܪ̈ܟܒܬܗ ܘܦܪ̈ܫܘܗܝ̣ ܒܓܘ ܝܡܐ.,11,"E os egípcios os perseguiram, e entraram atrás deles até o meio do mar, com todos os cavalos de Faraó, os seus carros e os seus cavaleiros.",27,True,True,True
14,24,Êxodo 14:24,וַֽיְהִי֙ בְּאַשְׁמֹ֣רֶת הַבֹּ֔קֶר וַיַּשְׁקֵ֤ף יְהוָה֙ אֶל־ מַחֲנֵ֣ה מִצְרַ֔יִם בְּעַמּ֥וּד אֵ֖שׁ וְעָנָ֑ן וַיָּ֕הָם אֵ֖ת מַחֲנֵ֥ה מִצְרָֽיִם ׃,ויהי באשמרת הבקר וישקפ יהוה אל מחנה מצרימ בעמוד אש ועננ ויהמ את מחנה מצרימ,16,והוה במטרת צפרא ואסתכי יי למשריתא דמצראי בעמודא דאשתא ועננא ושגיש ית משריתא דמצראי:,14,"ἐγενήθη δὲ ἐν τῇ φυλακῇ τῇ ἑωθινῇ καὶ ἐπέβλεψεν Κύριος ἐπὶ τὴν παρεμβολὴν τῶν Αἰγυπτίων ἐν στύλῳ πυρὸς καὶ νεφέλης, καὶ συνετάραξεν τὴν παρεμβολὴν τῶν Αἰγυπτίων,",26,ܘܗܘ̣ܐ ܒܡܛܪܬܐ ܕܨ̇ܦܪܐ ܘܐܬܚܙܝ ܡܪܝܐ ܠܡܫܪܝܬܐ ܕܡܨܪ̈ܝܐ̇. ܒܥܡܘܕܐ ܕܢܘܪܐ ܘܕܥܢܢܐ. ܘܫ̣ܓܫ ܠܡܫܪܝܬܐ ܕܡܨܪ̈ܝܐ.,13,"Na vigília da manhã, o Senhor, na coluna do fogo e da nuvem, olhou para o campo dos egípcios, e alvoroçou o campo dos egípcios;",25,True,True,True
14,25,Êxodo 14:25,וַיָּ֗סַר אֵ֚ת אֹפַ֣ן מַרְכְּבֹתָ֔יו וַֽיְנַהֲגֵ֖הוּ בִּכְבֵדֻ֑ת וַיֹּ֣אמֶר מִצְרַ֗יִם אָנ֨וּסָה֙ מִפְּנֵ֣י יִשְׂרָאֵ֔ל כִּ֣י יְהוָ֔ה נִלְחָ֥ם לָהֶ֖ם בְּמִצְרָֽיִם פ,ויסר את אפנ מרכבתיו וינהגהו בכבדת ויאמר מצרימ אנוסה מפני ישראל כי יהוה נלחמ להמ במצרימ פ,17,ואעדי ית גלגלי רתכוהי ומדברין להון בתקוף ואמר מצראי נעירוק מן קדם ישראל ארי דא היא גברתא דיי דעבד להון קרבין במצרים:,22,"καὶ συνέδησεν τοὺς ἄξονας τῶν ἁρμάτων αὐτῶν, καὶ ἤγαγεν αὐτοὺς μετὰ βίας. καὶ εἶπαν οἱ Αἰγύπτιοι Φύγωμεν ἀπὸ προσώπου Ἰσραήλ· ὁ γὰρ κύριος πολεμεῖ περὶ αὐτῶν τοὺς Αἰγυπτίους.",28,ܘܐ̣ܣܪ ܓ̈ܝܓܠܐ ܕܡܪ̈ܟܒܬܗܘܢ. ܘܗ̣ܢܘܢ ܡܕܒ̇ܪܝܢ ܠܗܝ̣ܢ ܒܬܩܝܦܘܬܐ. ܘܐܡ̇ܪܝܢ ܡܨܪ̈ܝܐ. ܢܥ̇ܪܘܩ ܡܢ ܩܕܡ ܕܒܝܬ ܐܝܣܪܝܠ. ܡܛܠ ܕܡܪܝܐ ܥܒ̣ܕ ܠܗܘܢ ܩܪܒܐ ܒܡܨܪܝܢ.,20,"embaraçou-lhes as rodas dos carros, e fê-los andar dificultosamente; de modo que os egípcios disseram: Fujamos de diante de Israel, porque o Senhor peleja por eles contra os egípcios.",29,True,True,True
14,26,Êxodo 14:26,וַיֹּ֤אמֶר יְהוָה֙ אֶל־ מֹשֶׁ֔ה נְטֵ֥ה אֶת־ יָדְךָ֖ עַל־ הַיָּ֑ם וְיָשֻׁ֤בוּ הַמַּ֨יִם֙ עַל־ מִצְרַ֔יִם עַל־ רִכְבּ֖וֹ וְעַל־ פָּרָשָֽׁיו ׃,ויאמר יהוה אל משה נטה את ידכ על הימ וישבו המימ על מצרימ על רכבו ועל פרשיו,18,ואמר יי למשה ארים ית ידך על ימא ויתובון מיא על מצראי על רתכיהון ועל פרשיהון:,16,"Εἶπεν δὲ Κύριος πρὸς Μωυσῆν Ἔκτεινον τὴν χεῖρά σου ἐπὶ τὴν θάλασσαν, καὶ ἀποκαταστήτω τὸ ὕδωρ καὶ ἐπικαλυψάτω τοὺς Αἰγυπτίους, ἐπί τε τὰ ἅρματα καὶ τοὺς ἀναβάτας.",27,ܘܐܡܪ ܡܪܝܐ ܠܡܘܫܐ. ܐܪܟܢ ܐܝܕܟ ܥܠ ܝܡܐ. ܘܢܗܦ̣ܟܘܢ ܡ̈ܝܐ ܥܠ ܡܨܪ̈ܝܐ. ܥܠ ܡܪ̈ܟܒܬܗܘܢ ܘܥܠ ܦܪ̈ܫܝܗܘܢ.,15,"Nisso o Senhor disse a Moisés: Estende a mão sobre o mar, para que as águas se tornem sobre os egípcios, sobre os seus carros e sobre os seus cavaleiros.",30,True,True,True
14,27,Êxodo 14:27,וַיֵּט֩ מֹשֶׁ֨ה אֶת־ יָד֜וֹ עַל־ הַיָּ֗ם וַיָּ֨שָׁב הַיָּ֜ם לִפְנ֥וֹת בֹּ֨קֶר֙ לְאֵ֣יתָנ֔וֹ וּמִצְרַ֖יִם נָסִ֣ים לִקְרָאת֑וֹ וַיְנַעֵ֧ר יְהוָ֛ה אֶת־ מִצְרַ֖יִם בְּת֥וֹךְ הַיָּֽם ׃,ויט משה את ידו על הימ וישב הימ לפנות בקר לאיתנו ומצרימ נסימ לקראתו וינער יהוה את מצרימ בתוכ הימ,21,וארים משה ית ידה על ימא ותב ימא לעדן צפרא לתקפה ומצראי ערקין לקדמותה ושניק יי ית מצראי בגו ימא:,20,"ἐξέτεινεν δὲ Μωυσῆς τὴν χεῖρα ἐπὶ τὴν θάλασσαν, καὶ ἀπεκατέστη τὸ ὕδωρ πρὸς ἡμέραν ἐπὶ χώρας· οἱ δὲ Αἰγύπτιοι ἔφυγον ὑπὸ τὸ ὕδωρ, καὶ ἐξετίναξεν Κύριος τοὺς Αἰγυπτίους μέσον τῆς θαλάσσης.",31,ܘܐܪܝܡ ܡܘܫܐ ܐܝܕܗ ܥܠ ܝܡܐ. ܘܗܦ̣ܟ ܝܡܐ ܠܥܕܢ ܨ̇ܦܪܐ ܠܕܘܟܬܗ. ܘܡܨܪ̈ܝܐ ܥ̇ܪܩܝܢ ܠܩܘܒܠܗ. ܘܛ̇ܪܦ ܡܪܝܐ ܠܡܨܪ̈ܝܐ ܒܓܘ ܝܡܐ.,18,"Então Moisés estendeu a mão sobre o mar, e o mar retomou a sua força ao amanhecer, e os egípcios fugiram de encontro a ele; assim o Senhor derribou os egípcios no meio do mar.",35,True,True,True
14,28,Êxodo 14:28,וַיָּשֻׁ֣בוּ הַמַּ֗יִם וַיְכַסּ֤וּ אֶת־ הָרֶ֨כֶב֙ וְאֶת־ הַפָּ֣רָשִׁ֔ים לְכֹל֙ חֵ֣יל פַּרְעֹ֔ה הַבָּאִ֥ים אַחֲרֵיהֶ֖ם בַּיָּ֑ם לֹֽא־ נִשְׁאַ֥ר בָּהֶ֖ם עַד־ אֶחָֽד ׃,וישבו המימ ויכסו את הרכב ואת הפרשימ לכל חיל פרעה הבאימ אחריהמ בימ לא נשאר בהמ עד אחד,19,ותבו מיא וחפו ית רתכיא וית פרשיא לכל משרית פרעה דעלו בתריהון בימא לא אשתאר בהון עד חד:,18,"καὶ ἐπαναστραφὲν τὸ ὕδωρ ἐκάλυψεν τὰ ἅρματα καὶ τοὺς ἀναβάτας καὶ πᾶσαν τὴν δύναμιν Φαραώ, τοὺς εἰσπεπορευμένους ὀπίσω αὐτῶν εἰς τὴν θάλασσαν· καὶ οὐ κατελείφθη ἐξ αὐτῶν οὐδὲ εἷς.",29,ܘܗܦܟܘ ܡ̈ܝܐ̇ ܘܟܣܝܘ ܠܡܪ̈ܟܒܬܐ ܘܠܦܪ̈ܫܐ. ܘܠܟܠܗ ܚܝܠܗ ܕܦܪܥܘܢ ܕܥܠ̣ܘ ܒܬܪܗܘܢ ܠܝܡܐ. ܘܠܐ ܐܫܬ̣ܚܪ ܡܢܗܘܢ ܐܦ ܠܐ ܚܕ.,17,"As águas, tornando, cobriram os carros e os cavaleiros, todo o exército de Faraó, que atrás deles havia entrado no mar; não ficou nem sequer um deles.",27,True,True,True
14,29,Êxodo 14:29,וּבְנֵ֧י יִשְׂרָאֵ֛ל הָלְכ֥וּ בַיַּבָּשָׁ֖ה בְּת֣וֹךְ הַיָּ֑ם וְהַמַּ֤יִם לָהֶם֙ חֹמָ֔ה מִֽימִינָ֖ם וּמִשְּׂמֹאלָֽם,ובני ישראל הלכו ביבשה בתוכ הימ והמימ להמ חמה מימינמ ומשמאלמ,11,ובני ישראל הליכו ביבשתא בגו ימא ומיא להון שורין מימינהון ומסמאלהון:,11,"οἱ δὲ υἱοὶ Ἰσραὴλ ἐπορεύθησαν διὰ ξηρᾶς ἐν μέσῳ τῆς θαλάσσης, τὸ δὲ ὕδωρ αὐτοῖς τεῖχος ἐκ δεξιῶν καὶ τεῖχος ἐξ εὐωνύμων.",22,ܘܒܢ̈ܝ ܐܝܣܪܝܠ ܗܠܟ̣ܘ ܒܝܡܐ ܐܝܟ ܕܒܝܒܫܐ. ܘܡ̈ܝܐ ܗܘ̣ܘ ܠܗܘܢ ܐܝܟ ܫܘܪܐ̇ ܡܢ ܝܡܝܢܗܘܢ ܘܡܢ ܣܡܠܗܘܢ.,15,Mas os filhos de Israel caminharam a pé enxuto pelo meio do mar; as águas foram-lhes qual muro à sua direita e à sua esquerda.,25,True,True,True
14,30,Êxodo 14:30,וַיּ֨וֹשַׁע יְהוָ֜ה בַּיּ֥וֹם הַה֛וּא אֶת־ יִשְׂרָאֵ֖ל מִיַּ֣ד מִצְרָ֑יִם וַיַּ֤רְא יִשְׂרָאֵל֙ אֶת־ מִצְרַ֔יִם מֵ֖ת עַל־ שְׂפַ֥ת הַיָּֽם ׃,ויושע יהוה ביומ ההוא את ישראל מיד מצרימ וירא ישראל את מצרימ מת על שפת הימ,17,ופרק יי ביומא ההוא ית ישראל מידא דמצראי וחזו ישראל ית מצראי מיתין על כיף ימא:,16,καὶ ἐρρύσατο Κύριος τὸν Ἰσραὴλ ἐν τῇ ἡμέρᾳ ἐκείνῃ ἐκ χειρὸς τῶν Αἰγυπτίων· καὶ ἴδεν Ἰσραὴλ τοὺς Αἰγυπτίους τεθνηκότας παρὰ τὸ χεῖλος τῆς θαλάσσης.,24,ܘܦܪ̣ܩ ܡܪܝܐ ܒܝܘܡܐ ܗܘ̇ ܠܐܝܣܪܝܠ ܡܢ ܐܝܕܐ ܕܡܨܪ̈ܝܐ. ܘܚ̣ܙܐ ܐܝܣܪܝܠ ܠܡܨܪ̈ܝܐ. ܟܕ ܡܝ̣ܬܝܢ ܥܠ ܣܦܬܗ ܕܝܡܐ.,16,"Assim o Senhor, naquele dia, salvou Israel da mão dos egípcios; e Israel viu os egípcios mortos na praia do mar.",21,True,True,True
14,31,Êxodo 14:31,וַיַּ֨רְא יִשְׂרָאֵ֜ל אֶת־ הַיָּ֣ד הַגְּדֹלָ֗ה אֲשֶׁ֨ר עָשָׂ֤ה יְהוָה֙ בְּמִצְרַ֔יִם וַיִּֽירְא֥וּ הָעָ֖ם אֶת־ יְהוָ֑ה וַיַּֽאֲמִ֨ינוּ֙ בַּֽיהוָ֔ה וּבְמֹשֶׁ֖ה עַבְדּֽוֹ ׃ פ,וירא ישראל את היד הגדלה אשר עשה יהוה במצרימ וייראו העמ את יהוה ויאמינו ביהוה ובמשה עבדו פ,19,וחזא ישראל ית גבורתא ידא רבתא די עבד יי במצרים ודחילו עמא מן קדם יי והמינו במימרא דיי ובנביאות משה עבדה:,21,"ἴδεν δὲ Ἰσραὴλ τὴν χεῖρα τὴν μεγάλην, ἃ ἐποίησεν Κύριος τοῖς Αἰγυπτίοις· ἐφοβήθη δὲ ὁ λαὸς τὸν κύριον, καὶ ἐπίστευσαν τῷ θεῷ καὶ Μωυσῇ τῷ θεράποντι αὐτοῦ.",27,ܘܚ̣ܙܐ ܐܝܣܪܝܠ ܐܝܕܐ ܪܒܬܐ ܕܥܒ̣ܕ ܡܪܝܐ ܒܡܨܪ̈ܝܐ. ܘܕܚ̣ܠܘ ܥܡܐ ܡܢ ܡܪܝܐ ܘܗܝܡܢܘ ܒܡܪܝܐ ܘܒܡܘܫܐ ܥܒܕܗ.,15,"E viu Israel a grande obra que o Senhor operara contra os egípcios; pelo que o povo temeu ao Senhor, e creu no Senhor e em Moisés, seu servo.",29,True,True,True
15,1,Êxodo 15:1,אָ֣ז יָשִֽׁיר־ מֹשֶׁה֩ וּבְנֵ֨י יִשְׂרָאֵ֜ל אֶת־ הַשִּׁירָ֤ה הַזֹּאת֙ לַֽיהוָ֔ה וַיֹּאמְר֖וּ לֵאמֹ֑ר אָשִׁ֤ירָה לַֽיהוָה֙ כִּֽי־ גָאֹ֣ה גָּאָ֔ה ס֥וּס וְרֹכְב֖וֹ רָמָ֥ה בַיָּֽם ׃,אז ישיר משה ובני ישראל את השירה הזאת ליהוה ויאמרו לאמר אשירה ליהוה כי גאה גאה סוס ורכבו רמה בימ,21,בכן שבח משה ובני ישראל ית תשבחתא הדא קדם יי ואמרו למימר נשבח ונודי קדם יי ארי אתגאי על גותניא וגאותא דילה היא סוסיא ורכבה רמא בימא:,27,"Τότε ᾖσεν Μωυσῆς καὶ οἱ υἱοὶ Ἰσραὴλ τὴν ᾠδὴν ταύτην τῷ θεῷ, καὶ εἶπαν λέγοντες ᾌσωμεν τῷ κυρίῳ, ἐνδόξως γὰρ δεδόξασται· ἵππον καὶ ἀναβάτην ἔρριψεν εἰς θάλασσαν·",27,ܗܝܕܝܢ ܫܒܚܘ ܡܘܫܐ ܘܒܢ̈ܝ ܐܝܣܪܝܠ. ܬܫܒܘܚܬܐ ܗܕܐ ܠܡܪܝܐ ܘܐܡܪܘ. ܢܫ̇ܒܚ ܠܡܪܝܐ ܓܐܝܐ̇. ܕܐܬܓܐܝ ܥܠ ܪ̈ܟܫܐ. ܘܪ̈ܟܒܝ̣ܗܘܢ ܐܪܡܝ ܒܝܡܐ.,18,"Então cantaram Moisés e os filhos de Israel este cântico ao Senhor, dizendo: Cantarei ao Senhor, porque gloriosamente triunfou; lançou no mar o cavalo e o seu cavaleiro.",28,True,True,True
15,2,Êxodo 15:2,עָזִּ֤י וְזִמְרָת֙ יָ֔הּ וַֽיְהִי־ לִ֖י לִֽישׁוּעָ֑ה זֶ֤ה אֵלִי֙ וְאַנְוֵ֔הוּ אֱלֹהֵ֥י אָבִ֖י וַאֲרֹמְמֶֽנְהוּ ׃,עזי וזמרת יה ויהי לי לישועה זה אלי ואנוהו אלהי אבי וארממנהו,13,תקפי ותשבחתי דחילא יי ואמר במימרה והוה לי לפרק דין אלהי ואבני לה מקדשא אלהא דאבהתי ואפלח קדמוהי:,18,"βοηθὸς καὶ σκεπαστὴς ἐγένετό μοι εἰς σωτηρίαν· οὗτός μου θεός, καὶ δοξάσω αὐτόν, θεὸς τοῦ πατρός μου, καὶ ὑψώσω αὐτόν.",20,ܬܩܝܦܐ ܘܡܫܒܚܐ. ܝܗ ܡܪܝܐ ܘܗܘ̣ܐ ܠܢ ܦܪܘܩܐ. ܗܢܘ ܐܠܗ̣ܝ ܐ̇ܫܒܚܝܘܗܝ ܐܠܗܗ ܕܐܒܝ̣ ܐܪܡܪܡܝܘܗܝ.,13,"O Senhor é a minha força, e o meu cântico; ele se tem tornado a minha salvação; é ele o meu Deus, portanto o louvarei; é o Deus de meu pai, por isso o exaltarei.",35,True,True,True
15,3,Êxodo 15:3,יְהוָ֖ה אִ֣ישׁ מִלְחָמָ֑ה יְהוָ֖ה שְׁמֽוֹ ׃,יהוה איש מלחמה יהוה שמו,6,יי מרי נצחן קרביא יי שמה:,6,"Κύριος συντρίβων πολέμους, Κύριος ὄνομα αὐτῷ.",6,ܡܪܝܐ ܓܢܒܪܐ̇ ܘܩܪܒܬܢܐ ܡܪܝܐ ܫܡܗ.,5,O Senhor é homem de guerra; Jeová é o seu nome.,11,True,True,True
15,4,Êxodo 15:4,מַרְכְּבֹ֥ת פַּרְעֹ֛ה וְחֵיל֖וֹ יָרָ֣ה בַיָּ֑ם וּמִבְחַ֥ר שָֽׁלִשָׁ֖יו טֻבְּע֥וּ בְיַם־ סֽוּף ׃,מרכבת פרעה וחילו ירה בימ ומבחר שלשיו טבעו בימ סופ,11,רתכי פרעה ומשריתה שדי בימא ושפר גברוהי אטבעו בימא דסוף:,10,"ἅρματα Φαραὼ καὶ τὴν δύναμιν αὐτοῦ ἔρριψεν εἰς θάλασσαν, ἐπιλέκτους ἀναβάτας τριστάτας· κατεπόθησαν ἐν ἐρυθρᾷ θαλάσσῃ·",16,ܡܪ̈ܟܒܬܗ ܕܦܪܥܘܢ ܘܚܝܠܗ ܫ̣ܕܐ ܒܝܡܐ. ܘܓܒ̈ܝܐ ܕܓܢܒܪ̈ܘܗܝ ܛܒ̇ܥ ܒܝܡܐ ܕܣܘܦ.,10,Lançou no mar os carros de Faraó e o seu exército; os seus escolhidos capitães foram submersos no Mar Vermelho.,20,True,True,True
15,5,Êxodo 15:5,תְּהֹמֹ֖ת יְכַסְיֻ֑מוּ יָרְד֥וּ בִמְצוֹלֹ֖ת כְּמוֹ־ אָֽבֶן ׃,תהמת יכסימו ירדו במצולת כמו אבנ,7,תהומיא חפו עליהון נחתו לעומקיא כאבנא:,6,πόντῳ ἐκάλυψεν αὐτούς· κατέδυσαν εἰς βυθὸν ὡσεὶ λίθος.,8,ܬܗ̈ܘܡܐ ܟܣ̇ܝܘ ܐܢܘܢ. ܢܚܬܘ ܠܥܘܡܩܐ̇ ܘܛܒ̣ܥܘ ܐܝܟ ܟܐ̈ܦܐ.,8,Os abismos os cobriram; desceram às profundezas como pedra.,9,True,True,True
15,6,Êxodo 15:6,יְמִֽינְךָ֣ יְהוָ֔ה נֶאְדָּרִ֖י בַּכֹּ֑חַ יְמִֽינְךָ֥ יְהוָ֖ה תִּרְעַ֥ץ אוֹיֵֽב ׃,ימינכ יהוה נאדרי בכח ימינכ יהוה תרעצ אויב,9,ימינך יי אדירא בחילא ימינך יי תברת סנאה:,8,"ἡ δεξιά σου, Κύριε, δεδόξασται ἐν ἰσχύι· ἡ δεξιά σου χείρ, Κύριε, ἔθραυσεν ἐχθρούς.",14,ܝܡܝܢܟ ܡܪܝܐ ܗܕܝܪܐ ܒܚܝܠܐ. ܝܡܝܢܟ ܡܪܝܐ ܬܒ̣ܪܬ ܠܒ̈ܥܠܕܒܒܝܟ .,9,"A tua destra, ó Senhor, é gloriosa em poder; a tua destra, ó Senhor, destroça o inimigo.",17,True,True,True
15,7,Êxodo 15:7,וּבְרֹ֥ב גְּאוֹנְךָ֖ תַּהֲרֹ֣ס קָמֶ֑יךָ תְּשַׁלַּח֙ חֲרֹ֣נְךָ֔ יֹאכְלֵ֖מוֹ כַּקַּֽשׁ ׃,וברב גאונכ תהרס קמיכ תשלח חרנכ יאכלמו כקש,9,ובסגי תקפך תברתנון לדקמו על עמך שלחת רוגזך שיציתינון כנורא לקשא:,11,"καὶ τῷ πλήθει τῆς δόξης σου συνέτριψας τοὺς ὑπεναντίους· ἀπέστειλας τὴν ὀργήν σου, καὶ κατέφαγεν αὐτοὺς ὡς καλάμην.",18,ܘܒܣܘܓܐܐ ܕܬܘܩܦܟ̣ ܣܚ̇ܦܬ ܠܣ̈ܢܐܝܟ . ܫܕ̣ܪܬ ܪܘܓܙܟ̇ ܘܐ̣ܟܠ ܐܢܘܢ ܐܝܟ ܕܠܚܒܬܐ.,11,"Na grandeza da tua excelência derrubas os que se levantam contra ti; envias o teu furor, que os devora como restolho.",21,True,True,True
15,8,Êxodo 15:8,וּבְר֤וּחַ אַפֶּ֨יךָ֙ נֶ֣עֶרְמוּ מַ֔יִם נִצְּב֥וּ כְמוֹ־ נֵ֖ד נֹזְלִ֑ים קָֽפְא֥וּ תְהֹמֹ֖ת בְּלֶב־ יָֽם ׃,וברוח אפיכ נערמו מימ נצבו כמו נד נזלימ קפאו תהמת בלב ימ,13,ובמימר פומך חכימו מיא קמו כשור אזליא קפו תהומין בלבא דימא:,11,"καὶ διὰ πνεύματος τοῦ θυμοῦ σου διέστη τὸ ὕδωρ· ἐπάγη ὡσεὶ τεῖχος τὰ ὕδατα, ἐπάγη τὰ κύματα ἐν μέσῳ τῆς θαλάσσης.",21,ܒܪܘܚܐ ܕܐ̈ܦܝܟ̣ ܐܬ̇ܥܪܡܘ ܡ̈ܝܐ. ܩܡܘ ܐܝܟ ܕܒܙܩ̈ܐ ܪ̈ܕܝܐ. ܩܦܘ ܬܗ̈ܘܡܐ ܒܠܒܗ ܕܝܡܐ.,12,"Ao sopro dos teus narizes amontoaram-se as águas, as correntes pararam como montão; os abismos coalharam-se no coração do mar.",20,True,True,True
15,9,Êxodo 15:9,אָמַ֥ר אוֹיֵ֛ב אֶרְדֹּ֥ף אַשִּׂ֖יג אֲחַלֵּ֣ק שָׁלָ֑ל תִּמְלָאֵ֣מוֹ נַפְשִׁ֔י אָרִ֣יק חַרְבִּ֔י תּוֹרִישֵׁ֖מוֹ יָדִֽי ׃,אמר אויב ארדפ אשיג אחלק שלל תמלאמו נפשי אריק חרבי תורישמו ידי,13,דהוה אמר סנאה ארדוף אדבק אפלג בזתא תשבע מנהון נפשי אשלוף חרבי תשיצינון ידי:,14,"εἶπεν ὁ ἐχθρός Διώξας καταλήμψομαι· μεριῶ σκῦλα, ἐμπλήσω ψυχήν μου, ἀνελῶ τῇ μαχαίρῃ μου, κυριεύσει ἡ χείρ μου.",18,ܐܡ̣ܪ ܒܥܠܕܒܒܐ̇ ܐ̇ܪܕܘܦ ܘܐ̇ܕܪܟ̣ ܘܐ̇ܦܠܓ ܒܙܬܐ. ܬܒܠܥ̣ ܐܢܘܢ ܢܦܫܝ. ܐܫܡܘܛ ܣܝܦܝ̣ ܘܬܚܪܘܒ ܐܢܘܢ ܐܝܕܝ.,14,"O inimigo dizia: Perseguirei, alcançarei, repartirei os despojos; deles se satisfará o meu desejo; arrancarei a minha espada, a minha mão os destruirá.",23,True,True,True
15,10,Êxodo 15:10,נָשַׁ֥פְתָּ בְרוּחֲךָ֖ כִּסָּ֣מוֹ יָ֑ם צָֽלֲלוּ֙ כַּֽעוֹפֶ֔רֶת בְּמַ֖יִם אַדִּירִֽים ׃,נשפת ברוחכ כסמו ימ צללו כעופרת במימ אדירימ,9,אמרת במימרך חפא עליהון ימא אשתקעו כאברא במין תקיפין:,9,"ἀπέστειλας τὸ πνεῦμά σου, ἐκάλυψεν αὐτοὺς θάλασσα· ἔδυσαν ὡσεὶ μόλιβος ἐν ὕδατι σφοδρῷ.",13,ܐܫܒ̣ܬ ܪܘܚܟ ܘܟܣ̇ܝ ܐܢܘܢ ܝܡܐ. ܛܒ̣ܥܘ ܐܝܟ ܐܒܪܐ ܒܡ̈ܝܐ ܬܩ̈ܝܦܐ.,10,"Sopraste com o teu vento, e o mar os cobriu; afundaram-se como chumbo em grandes águas.",16,True,True,True
15,11,Êxodo 15:11,מִֽי־ כָמֹ֤כָה בָּֽאֵלִם֙ יְהוָ֔ה מִ֥י כָּמֹ֖כָה נֶאְדָּ֣ר בַּקֹּ֑דֶשׁ נוֹרָ֥א תְהִלֹּ֖ת עֹ֥שֵׂה פֶֽלֶא ׃,מי כמכה באלמ יהוה מי כמכה נאדר בקדש נורא תהלת עשה פלא,13,לית בר מנך דאת הוא אלהא יי לית בר מנך אלהא את אדיר בקודשא דחל תשבחן עבד פרישן:,18,"τίς ὅμοιός σοι ἐν θεοῖς, Κύριε; τίς ὅμοιός σοι; δεδοξασμένος ἐν ἁγίοις, θαυμαστὸς ἐν δόξαις, ποιῶν τέρατα.",17,ܡܢ̣ܘ ܐܟܘܬܟ ܡܪܝܐ ܡܢ̣ܘ ܐܟܘܬܟ ܗܕܝܪ ܒܩܘܕܫܗ. ܕܚ̣ܝܠܐ̇ ܘܡܫܒܚܐ ܘܥ̇ܒܕ ܬܕܡܪ̈ܬܐ.,11,"Quem entre os deuses é como tu, ó Senhor? a quem é como tu poderoso em santidade, admirável em louvores, operando maravilhas?",22,True,True,True
15,12,Êxodo 15:12,נָטִ֨יתָ֙ יְמִ֣ינְךָ֔ תִּבְלָעֵ֖מוֹ אָֽרֶץ ׃,נטית ימינכ תבלעמו ארצ,5,ארמת ימינך בלעתנון ארעא:,4,ἐξέτεινας τὴν δεξιάν σου· κατέπιεν αὐτοὺς γῆ.,7,ܐܪܝ̣ܡܬ ܝܡܝܢܟ ܘܒܠ̣ܥܬ ܐܢܘܢ ܐܪܥܐ.,5,"Estendeste a mão direita, e a terra os tragou.",9,True,True,True
15,13,Êxodo 15:13,נָחִ֥יתָ בְחַסְדְּךָ֖ עַם־ ז֣וּ גָּאָ֑לְתָּ נֵהַ֥לְתָּ בְעָזְּךָ֖ אֶל־ נְוֵ֥ה קָדְשֶֽׁךָ ׃,נחית בחסדכ עמ זו גאלת נהלת בעזכ אל נוה קדשכ,11,דברהי בטבותך עמא דנן דפרקת סוברהי בתקפך לדירא דקדשך:,9,"ὡδήγησας τῇ δικαιοσύνῃ σου τὸν λαόν σου τοῦτον ὃν ἐλυτρώσω, παρεκάλεσας τῇ ἰσχύι σου εἰς κατάλυμα ἅγιόν σου.",18,ܕܒ̇ܪܬ ܒܛܝܒܘܬܟ ܠܥܡܐ ܗܢܐ ܕܦ̣ܪܩ̣ܬ. ܕܒ̇ܪܬ ܒܬܘܩܦܟ ܠܕܝܪܐ ܕܩܘܕܫܟ.,9,Na tua beneficência guiaste o povo que remiste; na tua força o conduziste à tua santa habitação.,17,True,True,True
15,14,Êxodo 15:14,שָֽׁמְע֥וּ עַמִּ֖ים יִרְגָּז֑וּן חִ֣יל אָחַ֔ז יֹשְׁבֵ֖י פְּלָֽשֶׁת ׃,שמעו עמימ ירגזונ חיל אחז ישבי פלשת,8,שמעו עממיא וזעו דחלא אחדתנון לדהוו יתבין בפלשת:,8,ἤκουσαν ἔθνη καὶ ὠργίσθησαν· ὠδῖνες ἔλαβον κατοικοῦντας Φυλιστιείμ.,8,ܫܡ̣ܥܘ ܥܡ̈ܡܐ ܘܙܥܘ. ܘܕܚܠܬܐ ܐܚ̣ܕܬ ܐܢܘܢ ܠܝܬ̈ܒܐ ܕܦܠܫܬ.,8,Os povos ouviram e estremeceram; dores apoderaram-se dos a habitantes da Filístia.,12,True,True,True
15,15,Êxodo 15:15,אָ֤ז נִבְהֲלוּ֙ אַלּוּפֵ֣י אֱד֔וֹם אֵילֵ֣י מוֹאָ֔ב יֹֽאחֲזֵ֖מוֹ רָ֑עַד נָמֹ֕גוּ כֹּ֖ל יֹשְׁבֵ֥י כְנָֽעַן ׃,אז נבהלו אלופי אדומ אילי מואב יאחזמו רעד נמגו כל ישבי כנענ,13,בכן אתבהילו רברבי אדום תקיפי מואב אחדתנון רתיתא אתברו כל דהוו יתבין בכנען:,13,"τότε ἔσπευσαν ἡγεμόνες Ἐδώμ· καὶ ἄρχοντες Μωαβειτῶν, ἔλαβεν αὐτοὺς τρόμος· ἐτάκησαν πάντες οἱ κατοικοῦντες Χανάαν.",15,ܗܝܕܝܢ ܕܚܠ̣ܘ ܪ̈ܘܪܒܢܐ ܕܐܕܘܡ. ܘܠܓܒܪ̈ܐ ܕܡܘܐܒ ܐܚ̣ܕ ܐܢܘܢ ܪܬܝܬܐ. ܐܬܬ̣ܒܪܘ ܟܠܗܘܢ ܥܡܘܪ̈ܐ ܕܟܢܥܢ.,13,Então os príncipes de Edom se pasmaram; dos poderosos de Moabe apoderou-se um tremor; derreteram-se todos os habitantes de Canaã.,20,True,True,True
15,16,Êxodo 15:16,תִּפֹּ֨ל עֲלֵיהֶ֤ם אֵימָ֨תָה֙ וָפַ֔חַד בִּגְדֹ֥ל זְרוֹעֲךָ֖ יִדְּמ֣וּ כָּאָ֑בֶן עַד־ יַעֲבֹ֤ר עַמְּךָ֙ יְהוָ֔ה עַֽד־ יַעֲבֹ֖ר עַם־ ז֥וּ קָנִֽיתָ ׃,תפל עליהמ אימתה ופחד בגדל זרועכ ידמו כאבנ עד יעבר עמכ יהוה עד יעבר עמ זו קנית,18,תפיל עליהון אימתא ודחלתא בסגי תקפך ישתקון כאבנא עד דיעבר עמך יי ית ארנונא עד דיעבר עמא דנן די פרקתא ית ירדנא:,22,"ἐπιπέσοι ἐπ᾽ αὐτοὺς τρόμος καὶ φόβος, μεγέθει βραχίονός σου ἀπολιθωθήτωσαν· ἕως ἂν παρέλθῃ ὁ λαός σου, Κύριε, ἕως ἂν παρέλθῃ ὁ λαός σου οὗτος ὃν ἐκτήσω.",26,ܬܦ̈ܠ ܥܠܝܗܘܢ ܕܚܠܬܐ ܘܙܘܥܬܐ. ܒܪܒ̇ܘܬܐ ܕܕܪܥܟ̇ ܢܛܒ̣ܥܘܢ ܐܝܟ ܟܐ̈ܦܐ. ܥܕܡܐ ܕܢܥܒ̣ܪ ܥܡܟ ܡܪܝܐ. ܥܕܡܐ ܕܢܥܒ̣ܪ ܥܡܐ ܗܢܐ ܕܦܪܩ̣ܬ.,18,"Sobre eles caiu medo, e pavor; pela grandeza do teu braço emudeceram como uma pedra, até que o teu povo passasse, ó Senhor, até que passasse este povo que adquiriste.",30,True,True,True
15,17,Êxodo 15:17,תְּבִאֵ֗מוֹ וְתִטָּעֵ֨מוֹ֙ בְּהַ֣ר נַחֲלָֽתְךָ֔ מָכ֧וֹן לְשִׁבְתְּךָ֛ פָּעַ֖לְתָּ יְהוָ֑ה מִקְּדָ֕שׁ אֲדֹנָ֖י כּוֹנְנ֥וּ יָדֶֽיךָ ׃,תבאמו ותטעמו בהר נחלתכ מכונ לשבתכ פעלת יהוה מקדש אדני כוננו ידיכ,13,תעלנון ותשרינון בטורא דאחסנתך אתר מתקן לבית שכנתך אתקנתא יי מקדשא יי אתקנוהי ידיך:,14,"εἰσαγαγὼν καταφύτευσον αὐτοὺς εἰς ὄρος κληρονομίας σου, εἰς ἕτοιμον κατοικητήριόν σου ὃ κατηρτίσω, Κύριε, ἁγίασμα, Κύριε, ὃ ἡτοίμασαν αἱ χεῖρές σου.",21,ܬܝܬܐ ܐܢܘܢ ܘܬܨܘܒ ܐܢܘܢ ܒܛܘܪܐ ܕܝܪܬܘܬܟ. ܡܬ̣ܩܢܐ ܠܡܘܬܒܟ̇ ܥܒ̣ܕܬ ܡܪܝܐ ܡܩ̣ܕܫܟ. ܡܪܝܐ ܬܩ̇ܢܝܗܝ ܒܐ̈ܝܕܝܟ.,14,"Tu os introduzirás, e os plantarás no monte da tua herança, no lugar que tu, ó Senhor, aparelhaste para a tua habitação, no santuário, ó Senhor, que as tuas mãos estabeleceram.",31,True,True,True
15,18,Êxodo 15:18,יְהוָ֥ה ׀ יִמְלֹ֖ךְ לְעֹלָ֥ם וָעֶֽד ׃,יהוה ימלכ לעלמ ועד,6,יי מלכותה קאם לעלם ולעלמי עלמיא:,6,Κύριος βασιλεύων τὸν αἰῶνα καὶ ἐπ᾽ αἰῶνα καὶ ἔτι.,9,ܡܪܝܐ ܢܡܠܟ̇ ܠܥܠܡ ܥܠܡܝܢ.,4,O Senhor reinará eterna e perpetuamente.,6,True,True,True
15,19,Êxodo 15:19,כִּ֣י בָא֩ ס֨וּס פַּרְעֹ֜ה בְּרִכְבּ֤וֹ וּבְפָרָשָׁיו֙ בַּיָּ֔ם וַיָּ֧שֶׁב יְהוָ֛ה עֲלֵהֶ֖ם אֶת־ מֵ֣י הַיָּ֑ם וּבְנֵ֧י יִשְׂרָאֵ֛ל הָלְכ֥וּ בַיַּבָּשָׁ֖ה בְּת֥וֹךְ הַיָּֽם ׃ פ,כי בא סוס פרעה ברכבו ובפרשיו בימ וישב יהוה עלהמ את מי הימ ובני ישראל הלכו ביבשה בתוכ הימ פ,21,ארי על סוסות פרעה ברתכוהי ובפרשוהי בימא ואתיב יי עליהון ית מי ימא ובני ישראל הליכו ביבשתא בגו ימא:,19,"Ὅτι εἰσῆλθεν ἵππος Φαραὼ σὺν ἅρμασιν καὶ ἀναβάταις εἰς θάλασσαν, καὶ ἐπήγαγεν ἐπ᾽ αὐτοὺς Κύριος τὸ ὕδωρ τῆς θαλάσσης· οἱ δὲ υἱοὶ Ἰσραὴλ ἐπορεύθησαν διὰ ξηρᾶς ἐν μέσῳ τῆς θαλάσσης.",30,ܡܛܠ ܕܥܠ̣ܘ ܪ̈ܟܫܗ ܕܦܪܥܘܢ ܘܡܪ̈ܟܒܬܗ ܘܦܪ̈ܫܘܗܝ ܒܓܘ ܝܡܐ. ܘܐܗܦܟ ܥܠܝܗܘܢ ܡܪܝܐ ܡ̈ܝܐ ܕܝܡܐ. ܘܒܢܝ̈ ܐܝܣܪܝܠ ܗܠܟܘ ܒܝܒܫܐ ܒܓܘ ܝܡܐ .,20,"Porque os cavalos de Faraó, com os seus carros e com os seus cavaleiros, entraram no mar, e o Senhor fez tornar as águas do mar sobre eles, mas os filhos de Israel passaram em seco pelo meio do mar.",40,True,True,True
15,20,Êxodo 15:20,וַתִּקַּח֩ מִרְיָ֨ם הַנְּבִיאָ֜ה אֲח֧וֹת אַהֲרֹ֛ן אֶת־ הַתֹּ֖ף בְּיָדָ֑הּ וַתֵּצֶ֤אןָ כָֽל־ הַנָּשִׁים֙ אַחֲרֶ֔יהָ בְּתֻפִּ֖ים וּבִמְחֹלֹֽת ׃,ותקח מרימ הנביאה אחות אהרנ את התפ בידה ותצאנ כל הנשימ אחריה בתפימ ובמחלת,15,ונסיבת מרים נביאתא אחתה דאהרן ית תפא בידה ונפקו כל נשיא בתרהא בתפין ובחנגין:,14,"Λαβοῦσα δὲ Μαριὰμ ἡ προφῆτις ἡ ἀδελφὴ Ἀαρὼν τὸ τύμπανον ἐν τῇ χειρὶ αὐτῆς, καὶ ἐξήλθοσαν πᾶσαι αἱ γυναῖκες ὀπίσω αὐτῆς μετὰ τυμπάνων καὶ χορῶν.",25,ܘܢܣ̣ܒܬ ܡܪܝܡ ܢܒܝܬܐ ܚܬܗ ܕܐܗܪܘܢ ܦܠܓܐ ܒܐܝܕܗ̣̇. ܘܢܦܩ̈ܝ ܟܠܗܝܢ ܢܫ̈ܐ ܒܬܪܗ̇. ܒ̈ܦܠܓܐ ܘܒܪ̈ܒܝܥܐ.,13,"Então Miriã, a profetisa, irmã de Arão, tomou na mão um tamboril, e todas as mulheres saíram atrás dela com tamboris, e com danças.",24,True,True,True
15,21,Êxodo 15:21,וַתַּ֥עַן לָהֶ֖ם מִרְיָ֑ם שִׁ֤ירוּ לַֽיהוָה֙ כִּֽי־ גָאֹ֣ה גָּאָ֔ה ס֥וּס וְרֹכְב֖וֹ רָמָ֥ה בַיָּֽם ׃ ס,ותענ להמ מרימ שירו ליהוה כי גאה גאה סוס ורכבו רמה בימ ס,14,ומעניא להן מרים שבחו ואודו קדם יי ארי אתגאי על גותניא וגאותא דילה היא סוסיא ורכבה רמא בימא:,18,"ἐξῆρχεν δὲ αὐτῶν Μαριὰμ λέγουσα ᾌσωμεν τῷ κυρίῳ, ἐνδόξως γὰρ δεδόξασται· ἵππον καὶ ἀναβάτην ἔρριψεν εἰς θάλασσαν.",17,ܘܡܥܢ̣ܝܐ ܗܘܬ ܠܗܝܢ ܡܪܝܡ. ܫܒ̈ܚܝܢ ܠܡܪܝܐ ܓܐܝܐ̇. ܕܐܬܓܐܝ ܥܠ ܪ̈ܟܫܐ. ܘܪ̈ܟܒ̣ܝܗܘܢ ܐܪܡܝ ܒܝܡܐ.,13,"E Miriã lhes respondia: Cantai ao Senhor, porque gloriosamente triunfou; lançou no mar o cavalo com o seu cavaleiro.",19,True,True,True
15,22,Êxodo 15:22,וַיַּסַּ֨ע מֹשֶׁ֤ה אֶת־ יִשְׂרָאֵל֙ מִיַּם־ ס֔וּף וַיֵּצְא֖וּ אֶל־ מִדְבַּר־ שׁ֑וּר וַיֵּלְכ֧וּ שְׁלֹֽשֶׁת־ יָמִ֛ים בַּמִּדְבָּ֖ר וְלֹא־ מָ֥צְאוּ מָֽיִם ׃,ויסע משה את ישראל מימ סופ ויצאו אל מדבר שור וילכו שלשת ימימ במדבר ולא מצאו מימ,18,ואטל משה ית ישראל מימא דסוף ונפקו למדברא דחגרא ואזלו תלתא יומין במדברא ולא אשכחו מיא:,16,"Ἐξῆρεν δὲ Μωυσῆς τοὺς υἱοὺς Ἰσραὴλ ἀπὸ θαλάσσης ἐρυθρᾶς, καὶ ἤγαγεν αὐτοὺς εἰς τὴν ἔρημον Σούρ· καὶ ἐπορεύοντο τρεῖς ἡμέρας ἐν τῇ ἐρήμῳ καὶ οὐχ ηὕρισκον ὕδωρ ὥστε πιεῖν.",29,ܘܐ̣ܫܩܠ ܡܘܫܐ ܠܕܒܝܬ ܐܝܣܪܝܠ ܡܢ ܝܡܐ ܕܣܘܦ. ܘܢܦܩܘ ܠܡܕܒܪܐ ܕܫܘܕ. ܘܐܬܘ ܡ̣ܪܕܐ ܬܠܬܐ ܝܘܡ̈ܝܢ ܒܡܕܒܪܐ. ܘܠܐ ܐܫܟܚܘ ܡ̈ܝܐ.,18,"Depois Moisés fez partir a Israel do Mar Vermelho, e saíram para o deserto de Sur; caminharam três dias no deserto, e não acharam água.",25,True,True,True
15,23,Êxodo 15:23,וַיָּבֹ֣אוּ מָרָ֔תָה וְלֹ֣א יָֽכְל֗וּ לִשְׁתֹּ֥ת מַ֨יִם֙ מִמָּרָ֔ה כִּ֥י מָרִ֖ים הֵ֑ם עַל־ כֵּ֥ן קָרָֽא־ שְׁמָ֖הּ מָרָֽה ׃,ויבאו מרתה ולא יכלו לשתת מימ ממרה כי מרימ המ על כנ קרא שמה מרה,16,ואתו למרה ולא יכילו למשתי מיא ממרה ארי מרירין אנון על כן קרא שמה מרה:,15,"Ἦλθον δὲ εἰς Μερρά, καὶ οὐκ ἠδύναντο πιεῖν ἐκ Μέρρας, πικρὸν γὰρ ἦν· διὰ τοῦτο ἐπωνόμασεν τὸ ὄνομα τοῦ τόπου ἐκείνου Πικρία.",22,ܘܐܬܘ ܠܡܘܪܬ. ܘܠܐ ܐܫܟܚܘ ܠܡܫܬܐ ܡ̈ܝܐ ܡܢ ܡܘܪܬ. ܡܛܠ ܕܡܪ̈ܝܪܝܢ ܗܘܘ. ܡܛܠ ܗܢܐ ܩ̣ܪܐ ܫܡܗ ܕܐܬܪܐ ܗ̇ܘ ܡܘܪܬ.,18,"E chegaram a Mara, mas não podiam beber das suas águas, porque eram amargas; por isso chamou-se o lugar Mara.",20,True,True,True
15,24,Êxodo 15:24,וַיִּלֹּ֧נוּ הָעָ֛ם עַל־ מֹשֶׁ֥ה לֵּאמֹ֖ר מַה־ נִּשְׁתֶּֽה ׃,וילנו העמ על משה לאמר מה נשתה,8,ואתרעמו עמא על משה למימר מה נשתי:,7,καὶ διεγόγγυζεν ὁ λαὸς ἐπὶ Μωσῆν λέγοντες Τί πιόμεθα;,9,ܘܐܬ̇ܪܥܡܘ ܥܡܐ ܥܠ ܡܘܫܐ ܘܐ̇ܡܪ̈ܝܢ ܠܗ. ܡܢܐ̇ ܢܫܬܐ.,8,"E o povo murmurou contra Moisés, dizendo: Que havemos de beber?",11,True,True,True
15,25,Êxodo 15:25,וַיִּצְעַ֣ק אֶל־ יְהוָ֗ה וַיּוֹרֵ֤הוּ יְהוָה֙ עֵ֔ץ וַיַּשְׁלֵךְ֙ אֶל־ הַמַּ֔יִם וַֽיִּמְתְּק֖וּ הַמָּ֑יִם שָׁ֣ם שָׂ֥ם ל֛וֹ חֹ֥ק וּמִשְׁפָּ֖ט וְשָׁ֥ם נִסָּֽהוּ ׃,ויצעק אל יהוה ויורהו יהוה עצ וישלכ אל המימ וימתקו המימ שמ שמ לו חק ומשפט ושמ נסהו,19,וצלי קדם יי ואלפה יי אעא ורמא למיא ובסימו מיא תמן גזר לה קים ודין ותמן נסיה:,17,"ἐβόησεν δὲ Μωυσῆς πρὸς Κύριον· καὶ ἔδειξεν αὐτῷ Κύριος ξύλον, καὶ ἐνέβαλεν αὐτὸ εἰς τὸ ὕδωρ, καὶ ἐγλυκάνθη τὸ ὕδωρ. ἐκεῖ ἔθετο αὐτῷ δικαιώματα καὶ κρίσεις, καὶ ἐκεῖ ἐπείρασεν αὐτὸν",30,ܘܨ̇ܠܝ ܡܘܫܐ ܩܕܡ ܡܪܝܐ. ܘܚܘܝܗ ܡܪܝܐ ܩܝܣܐ. ܘܐܪܡܝܗ ܒܡ̈ܝܐ ܘܚܠ̣ܝܘ ܡ̈ܝܐ. ܬܡ̇ܢ ܐܠܦܗ ܢܡܘ̈ܣܐ ܘܕܝܢ̣̈ܐ. ܘܬܡ̇ܢ ܢܣܝܗ.,17,"Então clamou Moisés ao Senhor, e o Senhor mostrou-lhe uma árvore, e Moisés lançou-a nas águas, as quais se tornaram doces. Ali Deus lhes deu um estatuto e uma ordenança, e ali os provou,",34,True,True,True
15,26,Êxodo 15:26,וַיֹּאמֶר֩ אִם־ שָׁמ֨וֹעַ תִּשְׁמַ֜ע לְק֣וֹל ׀ יְהוָ֣ה אֱלֹהֶ֗יךָ וְהַיָּשָׁ֤ר בְּעֵינָיו֙ תַּעֲשֶׂ֔ה וְהַֽאֲזַנְתָּ֙ לְמִצְוֺתָ֔יו וְשָׁמַרְתָּ֖ כָּל־ חֻקָּ֑יו כָּֽל־ הַמַּֽחֲלָ֞ה אֲשֶׁר־ שַׂ֤מְתִּי בְמִצְרַ֨יִם֙ לֹא־ אָשִׂ֣ים עָלֶ֔יךָ כִּ֛י אֲנִ֥י יְהוָ֖ה רֹפְאֶֽךָ ׃ ס,ויאמר אמ שמוע תשמע לקול יהוה אלהיכ והישר בעיניו תעשה והאזנת למצותיו ושמרת כל חקיו כל המחלה אשר שמתי במצרימ לא אשימ עליכ כי אני יהוה רפאכ ס,30,ואמר אם קבלא תקבל למימרא דיי אלהך ודכשר קדמוהי תעבד ותצית לפקודוהי ותטר כל קימוהי כל מרעין די שויתי במצרים לא אשוי עלך ארי אנא יי אסך:,27,"καὶ εἶπεν Ἐὰν ἀκοῇ ἀκούσῃς τῆς φωνῆς Κυρίου τοῦ θεοῦ σου, καὶ τὰ ἀρεστὰ ἐναντίον αὐτοῦ ποιήσῃς, καὶ ἐνωτίσῃ ταῖς ἐντολαῖς αὐτοῦ, καὶ φυλάξῃς πάντα τὰ δικαιώματα αὐτοῦ, πᾶσαν νόσον ἣν ἐπήγαγον τοῖς Αἰγυπτίοις οὐκ ἐπάξω ἐπὶ σέ· ἐγὼ γάρ εἰμι Κύριος ὁ θεός σου ὁ ἰώμενός σε.",48,ܘܐܡ̣ܪ ܠܗ. ܐܢ ܡܫ̣ܡܥ ܬܫܡ̣ܥ ܒܩܠܗ ܕܡܪܝܐ ܐܠܗܟ. ܘܡܕܡ ܕܫܦܝܪ ܩܕܡܘܗܝ ܬܥܒܕ. ܘܬܨ̣ܘܬ ܠܦܘܩ̈ܕܢܘܗܝ ܘܬ̣ܛܪ ܟܠܗܘܢ ܩܝ̈ܡܘܗܝ̣. ܟܘܠ ܡܚ̈ܘܬܐ ܕܐܝ̇ܬܝܬ ܥܠ ܡܨܪ̈ܝܐ . ܠܐ ܐܝ̇ܬܐ ܐܢܝ̈ܢ ܥܠܝܟ. ܡܛܠ ܕܐܢܐ ܐܢܐ ܡܪܝܐ ܐܣܝܟ.,32,"dizendo: Se ouvires atentamente a voz do Senhor teu Deus, e fizeres o que é reto diante de seus olhos, e inclinares os ouvidos aos seus mandamentos, e guardares todos os seus estatutos, sobre ti não enviarei nenhuma das enfermidades que enviei sobre os egípcios; porque eu sou o Senhor que te sara.",53,True,True,True
15,27,Êxodo 15:27,וַיָּבֹ֣אוּ אֵילִ֔מָה וְשָׁ֗ם שְׁתֵּ֥ים עֶשְׂרֵ֛ה עֵינֹ֥ת מַ֖יִם וְשִׁבְעִ֣ים תְּמָרִ֑ים וַיַּחֲנוּ־ שָׁ֖ם עַל־ הַמָּֽיִם ׃,ויבאו אילמה ושמ שתימ עשרה עינת מימ ושבעימ תמרימ ויחנו שמ על המימ,14,ואתו לאילם ותמן תרי עסר מבועין דמין ושבעין דקלין ושרו תמן על מיא:,13,"Καὶ ἤλθοσαν εἰς Αἰλείμ, καὶ ἦσαν ἐκεῖ ιβ᾽ πηγαὶ ὑδάτων καὶ ἑβδομήκοντα στελέχη φοινίκων· παρενέβαλον δὲ ἐκεῖ παρὰ τὰ ὕδατα.",20,ܘܐܬܘ ܠܐ̣ܠܝܡ. ܘܬܡ̇ܢ ܐܝܬ ܗ̈ܘܝ ܬܪ̈ܬܥܣܪܐ ܥܝܢܬ̈ܐ ܕܡ̈ܝܐ ܘܫܒܥܝܢ ܕܩ̈ܠܝܢ. ܘܫܪܘ ܬܡ̇ܢ ܥܠ ܡ̈ܝܐ.,14,"Então vieram a Elim, onde havia doze fontes de água e setenta palmeiras; e ali, junto das águas, acamparam.",19,True,True,True
16,1,Êxodo 16:1,וַיִּסְעוּ֙ מֵֽאֵילִ֔ם וַיָּבֹ֜אוּ כָּל־ עֲדַ֤ת בְּנֵֽי־ יִשְׂרָאֵל֙ אֶל־ מִדְבַּר־ סִ֔ין אֲשֶׁ֥ר בֵּין־ אֵילִ֖ם וּבֵ֣ין סִינָ֑י בַּחֲמִשָּׁ֨ה עָשָׂ֥ר יוֹם֙ לַחֹ֣דֶשׁ הַשֵּׁנִ֔י לְצֵאתָ֖ם מֵאֶ֥רֶץ מִצְרָֽיִם ׃,ויסעו מאילמ ויבאו כל עדת בני ישראל אל מדבר סינ אשר בינ אילמ ובינ סיני בחמשה עשר יומ לחדש השני לצאתמ מארצ מצרימ,24,ונטלו מאילם ואתו כל כנשתא דבני ישראל למדברא דסין די בין אילם ובין סיני בחמשא עסרא יומא לירחא תנינא למפקהון מארעא דמצרים:,22,"ἀπῆραν δὲ ἐξ Αἰλείμ, καὶ ἤλθοσαν πᾶσα συναγωγὴ υἱῶν Ἰσραὴλ εἰς τὴν ἔρημον Σείν, ὅ ἐστιν ἀνὰ μέσον Αἰλεὶμ καὶ ἀνὰ μέσον Σεινά. τῇ δὲ πεντεκαιδεκάτῃ ἡμέρᾳ τῷ μηνὶ τῷ δευτέρῳ ἐξεληλυθότων αὐτῶν ἐκ γῆς Αἰγύπτου",36,ܘܫܩ̣ܠܘ ܡܢ ܐܠܝܡ̣. ܘܐܬܘ ܟܘܠܗ̇ ܟܢܘܫܬܐ ܕܒܢ̈ܝ ܐܝܣܪܐܝܠ ܠܡܕܒܪܐ ܕܣܝ̇ܢ. ܕܐܝܬ ܒܝܬ ܐܠܝܡ ܠܒܝܬ ܣܝܢܝ. ܒܚܡܫܥܣܪܐ ܒܝܪܚܐ ܬܢܝܢܐ. ܒܙܒܢܐ ܕܢܦܩܘ ܒܢ̈ܝ ܐܝܣܪܝܠ ܡܢ ܡܨܪܝܢ.,24,"Depois partiram de Elim; e veio toda a congregação dos filhos de Israel ao deserto de Sim, que está entre Elim e Sinai, aos quinze dias do segundo mês depois que saíram da terra do Egito.",36,True,True,True
16,2,Êxodo 16:2,וילינו כָּל־ עֲדַ֧ת בְּנֵי־ יִשְׂרָאֵ֛ל עַל־ מֹשֶׁ֥ה וְעַֽל־ אַהֲרֹ֖ן בַּמִּדְבָּֽר ׃,וילינו כל עדת בני ישראל על משה ועל אהרנ במדבר,11,ואתרעמו כל כנשתא דבני ישראל על משה ועל אהרן במדברא:,10,διεγόγγυζεν πᾶσα συναγωγὴ υἱῶν Ἰσραὴλ ἐπὶ Μωυσῆν καὶ Ἀαρών·,9,ܘܪܛܢ̣ܘ ܟܠܗ̇ ܟܢܘܫܬܐ ܕܒܢ̈ܝ ܐܝܣܪܝܠ ܥܠ ܡܘܫܐ ܘܥܠ ܐܗܪܘܢ ܒܡܕܒܪܐ.,10,E toda a congregação dos filhos de Israel murmurou contra Moisés e contra Arão no deserto.,16,True,True,True
16,3,Êxodo 16:3,וַיֹּאמְר֨וּ אֲלֵהֶ֜ם בְּנֵ֣י יִשְׂרָאֵ֗ל מִֽי־ יִתֵּ֨ן מוּתֵ֤נוּ בְיַד־ יְהוָה֙ בְּאֶ֣רֶץ מִצְרַ֔יִם בְּשִׁבְתֵּ֨נוּ֙ עַל־ סִ֣יר הַבָּשָׂ֔ר בְּאָכְלֵ֥נוּ לֶ֖חֶם לָשֹׂ֑בַע כִּֽי־ הוֹצֵאתֶ֤ם אֹתָ֨נוּ֙ אֶל־ הַמִּדְבָּ֣ר הַזֶּ֔ה לְהָמִ֛ית אֶת־ כָּל־ הַקָּהָ֥ל הַזֶּ֖ה בָּרָעָֽב ׃ ס,ויאמרו אלהמ בני ישראל מי יתנ מותנו ביד יהוה בארצ מצרימ בשבתנו על סיר הבשר באכלנו לחמ לשבע כי הוצאתמ אתנו אל המדבר הזה להמית את כל הקהל הזה ברעב ס,32,ואמרו להון בני ישראל לוי דמיתנא קדם יי בארעא דמצרים כד הוינא יתבין על דודי בסרא כד הוינא אכלין לחמא ושבעין ארי אפקתון יתנא למדברא הדין לקטלא ית כל קהלא הדין בכפנא:,32,"καὶ εἶπαν πρὸς αὐτοὺς οἱ υἱοὶ Ἰσραήλ Ὄφελον ἀπεθάνομεν πληγέντες ὑπὸ Κυρίου ἐν γῇ Αἰγύπτῳ, ὅταν ἐκαθίσαμεν ἐπὶ τῶν λεβήτων τῶν κρεῶν καὶ ἠσθίομεν ἄρτους εἰς πλησμονήν· ὅτι ἐξηγάγετε ἡμᾶς εἰς τὴν ἔρημον ταύτην, ἀποκτεῖναι πᾶσαν τὴν συναγωγὴν ταύτην ἐν λιμῷ.",41,ܘܐܡܪܘ ܠܗܘܢ ܒܢ̈ܝ ܐܝܣܪܝܠ. ܨ̇ܒܝܢ ܗܘܝܢ ܕܝܢ ܕܡܝܬܢ ܒܐܝܕܗ ܕܡܪܝܐ ܒܐܪܥܐ ܕܡܨܪܝ̇ܢ. ܟܕ ܝܬ̇ܒܝܢ ܗܘܝܢ ܥܠ ܩܕܣ̈ܐ ܕܒܣܪܐ̇. ܘܐ̇ܟܠܝܢ ܗܘܝܢ ܠܚܡܐ ܘܣ̇ܒܥܝ̣ܢ. ܕܐܦܩ̣ܬܘܢܢ ܠܡܕܒܪܐ ܗܢܐ̇. ܠܡܚܪܒ ܠܟܠܗ̇ ܟܢܘܫܬܐ ܕܒܢ̈ܝ ܐܝܣܪܝܠ ܒܟܦܢܐ .,32,"Pois os filhos de Israel lhes disseram: Quem nos dera que tivéssemos morrido pela mão do Senhor na terra do Egito, quando estávamos sentados junto às panelas de carne, quando comíamos pão até fartar! porque nos tendes tirado para este deserto, para matardes de fome a toda esta multidão.",49,True,True,True
16,4,Êxodo 16:4,וַיֹּ֤אמֶר יְהוָה֙ אֶל־ מֹשֶׁ֔ה הִנְנִ֨י מַמְטִ֥יר לָכֶ֛ם לֶ֖חֶם מִן־ הַשָּׁמָ֑יִם וְיָצָ֨א הָעָ֤ם וְלָֽקְטוּ֙ דְּבַר־ י֣וֹם בְּיוֹמ֔וֹ לְמַ֧עַן אֲנַסֶּ֛נּוּ הֲיֵלֵ֥ךְ בְּתוֹרָתִ֖י אִם־ לֹֽא ׃,ויאמר יהוה אל משה הנני ממטיר לכמ לחמ מנ השמימ ויצא העמ ולקטו דבר יומ ביומו למענ אנסנו הילכ בתורתי אמ לא,23,ואמר יי למשה הא אנא מחית לכון לחמא מן שמיא ויפקון עמא וילקטון פתגם יום ביומה בדיל דאנסנון היהכון באוריתי אם לא:,22,"εἶπεν δὲ Κύριος πρὸς Μωυσῆν Ἰδοὺ ἐγὼ ὕω ὑμῖν ἄρτους ἐκ τοῦ οὐρανοῦ, καὶ ἐξελεύσεται ὁ λαὸς καὶ συλλέξουσιν τὸ τῆς ἡμέρας εἰς ἡμέραν, ὅπως πειράσω αὐτοὺς εἰ πορεύσονται τῷ νόμῳ μου ἢ οὔ·",34,ܘܐܡ̣ܪ ܡܪܝܐ ܠܡܘܫܐ. ܗܐ ܡܡܛܪ ܐܢܐ ܠܟܘܢ ܠܚܡܐ ܡܢ ܫܡܝܐ. ܘܢ̇ܦܩ̣ܘܢ ܥܡܐ ܘܢ̇ܠܩ̣ܛܘܢ ܡܐܟܘܠܬܐ ܕܝܘܡܐ ܒܝܘܡܐ. ܡܛܠ ܕܐܢܣܐ ܐܢܘܢ ܐܢ ܡܗܠܟܝܢ ܒܢ̈ܡܘܣܝ ܐܘ ܠܐ.,24,"Então disse o Senhor a Moisés: Eis que vos farei chover pão do céu; e sairá o povo e colherá diariamente a porção para cada dia, para que eu o prove se anda em minha lei ou não.",38,True,True,True
16,5,Êxodo 16:5,וְהָיָה֙ בַּיּ֣וֹם הַשִּׁשִּׁ֔י וְהֵכִ֖ינוּ אֵ֣ת אֲשֶׁר־ יָבִ֑יאוּ וְהָיָ֣ה מִשְׁנֶ֔ה עַ֥ל אֲשֶֽׁר־ יִלְקְט֖וּ י֥וֹם ׀ יֽוֹם ׃ ס,והיה ביומ הששי והכינו את אשר יביאו והיה משנה על אשר ילקטו יומ יומ ס,17,ויהי ביומא שתיתאה ויתקנון ית דייתון ויהי על חד תרין על דילקטון יום יום:,14,"καὶ ἔσται τῇ ἡμέρᾳ τῇ ἕκτῃ καὶ ἑτοιμάσουσιν ὃ ἐὰν εἰσενέγκωσιν, καὶ ἔσται διπλοῦν ὃ ἐὰν συναγάγωσιν τὸ καθ᾽ ἡμέραν εἰς ἡμέραν.",22,ܘܢܗܘܐ ܒܝܘܡܐ ܫܬܝܬܝܐ. ܢ̇ܛܝܒܘܢ ܡܕܡ ܕܢܝܬܘܢ. ܘܢ̇ܗܘܐ ܚܕ ܬܪ̈ܝܢ ܥܠ ܡܕܡ ܕܠܩ̇ܛܝܢ ܒܟܠ ܝܘܡ.,14,Mas ao sexto dia prepararão o que colherem; e será o dobro do que colhem cada dia.,17,True,True,True
16,6,Êxodo 16:6,וַיֹּ֤אמֶר מֹשֶׁה֙ וְאַהֲרֹ֔ן אֶֽל־ כָּל־ בְּנֵ֖י יִשְׂרָאֵ֑ל עֶ֕רֶב וִֽידַעְתֶּ֕ם כִּ֧י יְהוָ֛ה הוֹצִ֥יא אֶתְכֶ֖ם מֵאֶ֥רֶץ מִצְרָֽיִם ׃,ויאמר משה ואהרנ אל כל בני ישראל ערב וידעתמ כי יהוה הוציא אתכמ מארצ מצרימ,16,ואמר משה ואהרן לכל בני ישראל ברמשא ותדעון ארי יי אפיק יתכון מארעא דמצרים:,14,"καὶ εἶπεν Μωυσῆς καὶ Ἀαρὼν πρὸς πᾶσαν συναγωγὴν υἱῶν Ἰσραήλ Ἑσπέρας γνώσεσθε ὅτι Κύριος ἐξήγαγεν ὑμᾶς ἐκ γῆς Αἰγύπτου,",19,ܘܐܡ̣ܪ ܡܘܫܐ ܘܐܗܪܘܢ ܠܟܠܗܘܢ ܒܢ̈ܝ ܐܝܣܪܝܠ. ܒܪܡܫܐ̇ ܬܕܥܘܢ ܕܡܪܝܐ ܐܦܩܟܘܢ ܡܢ ܡܨܪܝܢ.,12,"Disseram, pois, Moisés e Arão a todos os filhos de Israel: tarde sabereis que o Senhor é quem vos tirou da terra do Egito,",24,True,True,True
16,7,Êxodo 16:7,וּבֹ֗קֶר וּרְאִיתֶם֙ אֶת־ כְּב֣וֹד יְהוָ֔ה בְּשָׁמְע֥וֹ אֶת־ תְּלֻנֹּתֵיכֶ֖ם עַל־ יְהוָ֑ה וְנַ֣חְנוּ מָ֔ה כִּ֥י תלונו עָלֵֽינוּ ׃,ובקר וראיתמ את כבוד יהוה בשמעו את תלנתיכמ על יהוה ונחנו מה כי תלונו עלינו,16,ובצפרא ותחזון ית יקרא דיי כד שמיע ית תרעמותכון על מימרא דיי ונחנא מא ארי אתרעמתון עלנא:,17,καὶ πρωὶ ὄψεσθε τὴν δόξαν Κυρίου ἐν τῷ εἰσακοῦσαι τὸν γογγυσμὸν ὑμῶν ἐπὶ τῷ θεῷ· ἡμεῖς δὲ τί ἐσμεν ὅτι διαγογγύζετε καθ᾽ ἡμῶν;,23,ܘܒܨ̇ܦܪܐ ܬܚܙܘܢ ܫܘܒܚܗ ܕܡܪܝܐ. ܡܛܠ ܕܐܫܬ̣ܡܥ ܪܛܢܟ̣ܘܢ ܩܕܡ ܡܪܝܐ. ܘܚܢ̣ܢ ܡܢܐ ܚܢܢ ܕܪܛ̇ܢܝܢ ܐܢܬܘܢ ܥܠܝܢ.,15,"e amanhã vereis a glória do Senhor, porquanto ele ouviu as vossas murmurações contra o Senhor; e quem somos nós, para que murmureis contra nós?",25,True,True,True
16,8,Êxodo 16:8,וַיֹּ֣אמֶר מֹשֶׁ֗ה בְּתֵ֣ת יְהוָה֩ לָכֶ֨ם בָּעֶ֜רֶב בָּשָׂ֣ר לֶאֱכֹ֗ל וְלֶ֤חֶם בַּבֹּ֨קֶר֙ לִשְׂבֹּ֔עַ בִּשְׁמֹ֤עַ יְהוָה֙ אֶת־ תְּלֻנֹּ֣תֵיכֶ֔ם אֲשֶׁר־ אַתֶּ֥ם מַלִּינִ֖ם עָלָ֑יו וְנַ֣חְנוּ מָ֔ה לֹא־ עָלֵ֥ינוּ תְלֻנֹּתֵיכֶ֖ם כִּ֥י עַל־ יְהוָֽה ׃,ויאמר משה בתת יהוה לכמ בערב בשר לאכל ולחמ בבקר לשבע בשמע יהוה את תלנתיכמ אשר אתמ מלינמ עליו ונחנו מה לא עלינו תלנתיכמ כי על יהוה,28,ואמר משה בדיתן יי לכון ברמשא בסרא למיכל ולחמא בצפרא למשבע בדשמיע קדם יי ית תרעמותכון די אתון מתרעמין עלוהי ונחנא מא לא עלנא תרעמותכון אלהן על מימרא דיי:,29,"καὶ εἶπεν Μωυσῆς Ἐν τῷ διδόναι Κύριον ὑμῖν ἑσπέρας κρέα φαγεῖν καὶ ἄρτους τὸ πρωὶ εἰς πλησμονήν, διὰ τὸ εἰσακοῦσαι Κύριον τὸν γογγυσμὸν ὑμῶν ὃν ὑμεῖς διαγογγύζετε καθ᾽ ἡμῶν· ἡμεῖς δὲ τί ἐσμεν; οὐ γὰρ καθ᾽ ἡμῶν ἐστὶν ὁ γογγυσμὸς ὑμῶν, ἀλλ᾽ ἢ κατὰ τοῦ θεοῦ.",46,ܘܐܡ̣ܪ ܠܗܘܢ ܡܘܫܐ. ܡܐ ܕܝܗ̣ܒ ܠܟܘܢ ܡܪܝܐ ܒܣܪܐ ܒܪܡܫܐ. ܠܡܐܟܠ ܘܒܨܦܪܐ ܠܚܡܐ ܠܡܣܒܥ. ܡܛܠ ܕܫܡ̣ܥ ܡܪܝܐ ܪܛܢܟ̣ܘܢ ܕܪܛܢ̇ܝܢ ܐܢܬܘܢ ܥܠܘܗܝ. ܘܚܢ̣ܢ ܡܢܐ ܚܢܢ. ܠܐ ܗܘܐ ܥܠܝܢ ܡܪܛܢܝܢ ܐܢܬܘܢ. ܐܠܐ ܥܠ ܡܪܝܐ.,31,"Disse mais Moisés: Isso será quando o Senhor à tarde vos der carne para comer, e pela manhã pão a fartar, porquanto o Senhor ouve as vossas murmurações, com que murmurais contra ele; e quem somos nós? As vossas murmurações não são contra nós, mas sim contra o Senhor.",49,True,True,True
16,9,Êxodo 16:9,וַיֹּ֤אמֶר מֹשֶׁה֙ אֶֽל־ אַהֲרֹ֔ן אֱמֹ֗ר אֶֽל־ כָּל־ עֲדַת֙ בְּנֵ֣י יִשְׂרָאֵ֔ל קִרְב֖וּ לִפְנֵ֣י יְהוָ֑ה כִּ֣י שָׁמַ֔ע אֵ֖ת תְּלֻנֹּתֵיכֶֽם ׃,ויאמר משה אל אהרנ אמר אל כל עדת בני ישראל קרבו לפני יהוה כי שמע את תלנתיכמ,18,ואמר משה לאהרן אמר לכל כנשתא דבני ישראל קריבו קדם יי ארי שמיען קדמוהי ית תרעמותכון:,16,εἶπεν δὲ Μωυσῆς πρὸς Ἀαρών Εἰπὸν πάσῃ συναγωγῇ υἱῶν Ἰσραήλ Προσέλθατε ἐναντίον τοῦ θεοῦ· εἰσακήκοεν γὰρ ὑμῶν τὸν γογγυσμόν.,19,ܘܐܡ̣ܪ ܡܘܫܐ ܠܐܗܪܘܢ. ܐܡ̣ܪ ܠܟܠܗ̇ ܟܢܘܫܬܐ ܕܒܢ̈ܝ ܐܝܣܪܝܠ. ܩܪܘܒܘ ܩܕܡ ܡܪܝܐ ܡܛܠ ܕܫܡܥ̣ ܪܛܢܟܘܢ.,14,"Depois disse Moisés a Arão: Dize a toda a congregação dos filhos de Israel: Chegai-vos à presença do Senhor, porque ele ouviu as vossas murmurações.",25,True,True,True
16,10,Êxodo 16:10,וַיְהִ֗י כְּדַבֵּ֤ר אַהֲרֹן֙ אֶל־ כָּל־ עֲדַ֣ת בְּנֵֽי־ יִשְׂרָאֵ֔ל וַיִּפְנ֖וּ אֶל־ הַמִּדְבָּ֑ר וְהִנֵּה֙ כְּב֣וֹד יְהוָ֔ה נִרְאָ֖ה בֶּעָנָֽן ׃ פ,ויהי כדבר אהרנ אל כל עדת בני ישראל ויפנו אל המדבר והנה כבוד יהוה נראה בעננ פ,18,והוה כד מליל אהרן עם כל כנשתא דבני ישראל ואתפניו למדברא והא יקרא דיי אתגלי בעננא:,16,"ἡνίκα δὲ ἐλάλει Ἀαρὼν πάσῃ συναγωγῇ υἱῶν Ἰσραήλ, καὶ ἐπεστράφησαν εἰς τὴν ἔρημον, καὶ ἡ δόξα Κυρίου ὤφθη ἐν νεφέλῃ.",20,ܘܗܘ̣ܐ ܕܟܕ ܐܡ̣ܪ ܐܗܪܘܢ ܠܟܠܗ̇ ܟܢܘܫܬܐ ܕܒ̈ܢܝ ܐܝܣܪܝܠ. ܐܬܦ̣ܢܝܘ ܠܡܕܒܪܐ ܘܗܐ ܫܘܒܚܗ ܕܡܪܝܐ ܐܬܚܙܝ ܒܥܢܢܐ.,15,"E quando Arão falou a toda a congregação dos filhos de Israel, estes olharam para o deserto, e eis que a glória do Senhor, apareceu na nuvem.",27,True,True,True
16,11,Êxodo 16:11,וַיְדַבֵּ֥ר יְהוָ֖ה אֶל־ מֹשֶׁ֥ה לֵּאמֹֽר ׃,וידבר יהוה אל משה לאמר,6,ומליל יי עם משה למימר:,5,καὶ ἐλάλησεν Κύριος πρὸς Μωυσῆν λέγων,6,ܘܐܡ̣ܪ ܡܪܝܐ ܠܡܘܫܐ.,3,"Então o Senhor falou a Moisés, dizendo:",7,True,True,True
16,12,Êxodo 16:12,שָׁמַ֗עְתִּי אֶת־ תְּלוּנֹּת֮ בְּנֵ֣י יִשְׂרָאֵל֒ דַּבֵּ֨ר אֲלֵהֶ֜ם לֵאמֹ֗ר בֵּ֤ין הָֽעַרְבַּ֨יִם֙ תֹּאכְל֣וּ בָשָׂ֔ר וּבַבֹּ֖קֶר תִּשְׂבְּעוּ־ לָ֑חֶם וִֽידַעְתֶּ֕ם כִּ֛י אֲנִ֥י יְהוָ֖ה אֱלֹהֵיכֶֽם ׃,שמעתי את תלונת בני ישראל דבר אלהמ לאמר בינ הערבימ תאכלו בשר ובבקר תשבעו לחמ וידעתמ כי אני יהוה אלהיכמ,21,שמיע קדמי ית תרעמת בני ישראל מליל עמהון למימר בין שמשיא תיכלון בסרא ובצפרא תשבעון לחמא ותדעון ארי אנא יי אלהכון:,21,"Εἰσακήκοα τὸν γογγυσμὸν τῶν υἱῶν Ἰσραήλ· λάλησον πρὸς αὐτοὺς λέγων Τὸ πρὸς ἑσπέραν ἔδεσθε κρέα, καὶ τὸ πρωὶ πλησθήσεσθε ἄρτων· καὶ γνώσεσθε ὅτι ἐγὼ Κύριος ὁ θεὸς ὑμῶν.",28,ܫܡ̇ܥܬ ܪܛܢ̣ܐ ܕܒܢ̈ܝ ܐܝܣܪܝܠ. ܐܡܪ ܠܗܘܢ. ܡܥܪ̈ܒܝ ܫܡܫܐ ܗܘ̣ܝܬܘܢ ܐ̇ܟܠܝܢ ܒܣܪܐ. ܘܒܨ̇ܦܪܐ ܬܗܘܘܢ ܣ̇ܒܥܝܢ ܠܚܡܐ. ܘܬܕܥܘܢ ܕܐܢܐ ܐܢܐ ܡܪܝܐ ܐܠܗܟܘܢ.,20,"Tenho ouvido as murmurações dos filhos de Israel; dize-lhes: À tardinha comereis carne, e pela manhã vos fartareis de pão; e sabereis que eu sou o Senhor vosso Deus.",29,True,True,True
16,13,Êxodo 16:13,וַיְהִ֣י בָעֶ֔רֶב וַתַּ֣עַל הַשְּׂלָ֔ו וַתְּכַ֖ס אֶת־ הַֽמַּחֲנֶ֑ה וּבַבֹּ֗קֶר הָֽיְתָה֙ שִׁכְבַ֣ת הַטַּ֔ל סָבִ֖יב לַֽמַּחֲנֶֽה ׃,ויהי בערב ותעל השלו ותכס את המחנה ובבקר היתה שכבת הטל סביב למחנה,14,והוה ברמשא וסליקת סליו וחפת ית משריתא ובצפרא הות נחתת טלא סחור סחור למשריתא:,14,"ἐγένετο δὲ ἑσπέρα, καὶ ἀνέβη ὀρτυγομήτρα καὶ ἐκάλυψεν τὴν παρεμβολήν· τὸ πρωὶ ἐγένετο καταπαυομένης τῆς δρόσου κύκλῳ τῆς παρεμβολῆς,",19,ܘܗܘ̣ܐ ܒܪܡܫܐ. ܘܣܠܩ̣ܬ ܣ̇ܠܘܝ̣ ܘܟܣܝ̣ܬ ܠܡܫܪܝܬܐ. ܘܒܨ̇ܦܪܐ ܗܘܝܐ ܗܘܬ ܕܝܡܬܐ ܕܛܠܐ ܚܕܪ̈ܝܗ̇ ܕܡܫܪܝܬܐ.,13,"E aconteceu que à tarde subiram codornizes, e cobriram o arraial; e pela manhã havia uma camada de orvalho ao redor do arraial.",23,True,True,True
16,14,Êxodo 16:14,וַתַּ֖עַל שִׁכְבַ֣ת הַטָּ֑ל וְהִנֵּ֞ה עַל־ פְּנֵ֤י הַמִּדְבָּר֙ דַּ֣ק מְחֻסְפָּ֔ס דַּ֥ק כַּכְּפֹ֖ר עַל־ הָאָֽרֶץ ׃,ותעל שכבת הטל והנה על פני המדבר דק מחספס דק ככפר על הארצ,14,וסליקת נחתת טלא והא על אפי מדברא דעדק מקלף דעדק כגיר כגלידא על ארעא:,14,καὶ ἰδοὺ ἐπὶ πρόσωπον τῆς ἐρήμου λεπτὸν ὡσεὶ κόριον λευκὸν ὡσεὶ πάγος ἐπὶ τῆς γῆς.,15,ܘܣܠ̣ܩܬ ܕܝܡ̣ܬܐ ܕܛܠܐ. ܘܗܐ ܥܠ ܐ̈ܦܝ ܡܕܒܪܐ̇ ܪܩܝܩ̣ ܘܡܬ̣ܩܠܦ. ܘܩܪܝܡ̣ ܐܝܟ ܐܓܠܝܕܐ ܥܠ ܐܪܥܐ.,14,"Quando desapareceu a camada de orvalho, eis que sobre a superfície do deserto estava uma coisa miúda, semelhante a escamas, coisa miúda como a geada sobre a terra.",28,True,True,True
16,15,Êxodo 16:15,וַיִּרְא֣וּ בְנֵֽי־ יִשְׂרָאֵ֗ל וַיֹּ֨אמְר֜וּ אִ֤ישׁ אֶל־ אָחִיו֙ מָ֣ן ה֔וּא כִּ֛י לֹ֥א יָדְע֖וּ מַה־ ה֑וּא וַיֹּ֤אמֶר מֹשֶׁה֙ אֲלֵהֶ֔ם ה֣וּא הַלֶּ֔חֶם אֲשֶׁ֨ר נָתַ֧ן יְהוָ֛ה לָכֶ֖ם לְאָכְלָֽה ׃,ויראו בני ישראל ויאמרו איש אל אחיו מנ הוא כי לא ידעו מה הוא ויאמר משה אלהמ הוא הלחמ אשר נתנ יהוה לכמ לאכלה,25,וחזו בני ישראל ואמרו גבר לאחוהי מנא הוא ארי לא ידעו מה הוא ואמר משה להון הוא לחמא די יהב יי לכון למיכל:,23,ἰδόντες δὲ αὐτὸ οἱ υἱοὶ Ἰσραὴλ εἶπαν ἕτερος τῷ ἑτέρῳ Τί ἐστιν τοῦτο; οὐ γὰρ ᾔδεισαν τί ἦν. εἶπεν δὲ Μωυσῆς αὐτοῖς Οὗτος ὁ ἄρτος ὃν ἔδωκεν Κύριος ὑμῖν φαγεῖν.,30,ܘܚܙܘ ܒܢ̈ܝ ܐܝܣܪܝܠ. ܘܐܡܪܘ ܓܒܪ ܠܐܚܘܗܝ̇ ܡܢܐ ܗܘ . ܡܛܘܠ ܕܠܐ ܝ̇ܕܥܝܢ ܗܘܘ ܡܢܐ ܗܘ. ܐܡ̇ܪ ܠܗܘܢ ܡܘܫܐ. ܗܢܘ ܠܚܡܐ ܕܝܗ̣ܒ ܠܟܘܢ ܡܪܝܐ ܠܡܐܟܠ.,24,"E, vendo-a os filhos de Israel, disseram uns aos outros: Que é isto? porque não sabiam o que era. Então lhes disse Moisés: Este é o pão que o Senhor vos deu para comer.",34,True,True,True
16,16,Êxodo 16:16,זֶ֤ה הַדָּבָר֙ אֲשֶׁ֣ר צִוָּ֣ה יְהוָ֔ה לִקְט֣וּ מִמֶּ֔נּוּ אִ֖ישׁ לְפִ֣י אָכְל֑וֹ עֹ֣מֶר לַגֻּלְגֹּ֗לֶת מִסְפַּר֙ נַפְשֹׁ֣תֵיכֶ֔ם אִ֛ישׁ לַאֲשֶׁ֥ר בְּאָהֳל֖וֹ תִּקָּֽחוּ ׃,זה הדבר אשר צוה יהוה לקטו ממנו איש לפי אכלו עמר לגלגלת מספר נפשתיכמ איש לאשר באהלו תקחו,19,דין פתגמא די פקיד יי לקוטו מנה גבר לפום מיכלה עמרא לגלגלתא מנין נפשתיכון גבר לדי במשכנה תסבון:,18,τοῦτο τὸ ῥῆμα ὃ συνέταξεν Κύριος Συναγάγετε ἀπ᾽ αὐτοῦ ἕκαστος εἰς τοὺς καθήκοντας. γόμορ κατὰ κεφαλὴν κατὰ ἀριθμὸν ψυχῶν ὑμῶν ἕκαστος σὺν τοῖς συσκηνίοις ὑμῶν συλλέξατε.,26,ܘܗܢܐ ܦܬܓܡܐ ܕܦܩ̇ܕ ܡܪܝܐ. ܠܩܘܛܘ ܡܢܗ̇ ܐܢܫ̣ ܡܣܬ ܡܐܟܠܗ ܟܝܠܐ ܠܪܝܫܐ̇ ܡܢܝ̣ܢ ܢܦܫܬ̈ܟܘܢ. ܐܢܫ̣ ܠܕܒܡܫ̣ܟܢܗ ܬܣܒܘܢ.,16,"Isto é o que o Senhor ordenou: Colhei dele cada um conforme o que pode comer; um gômer para cada cabeça, segundo o número de pessoas; cada um tomará para os que se acharem na sua tenda.",37,True,True,True
16,17,Êxodo 16:17,וַיַּעֲשׂוּ־ כֵ֖ן בְּנֵ֣י יִשְׂרָאֵ֑ל וַֽיִּלְקְט֔וּ הַמַּרְבֶּ֖ה וְהַמַּמְעִֽיט ׃,ויעשו כנ בני ישראל וילקטו המרבה והממעיט,8,ועבדו כן בני ישראל ולקטו דאסגי ודאזער:,7,"ἐποίησαν δὲ οὕτως οἱ υἱοὶ Ἰσραήλ, καὶ συνέλεξαν ὁ τὸ πολὺ καὶ ὁ τὸ ἔλαττον.",15,ܘܥܒ̣ܕܘ ܗܟܢܐ ܒܢ̈ܝ ܐܝܣܪܝܠ ܘܠܩ̣ܛܘ. ܐܝܬ ܕܐܣܓܝ̣ ܘܐܝܬ ܕܐܙܥܪ.,9,Assim o fizeram os filhos de Israel; e colheram uns mais e outros menos.,14,True,True,True
16,18,Êxodo 16:18,וַיָּמֹ֣דּוּ בָעֹ֔מֶר וְלֹ֤א הֶעְדִּיף֙ הַמַּרְבֶּ֔ה וְהַמַּמְעִ֖יט לֹ֣א הֶחְסִ֑יר אִ֥ישׁ לְפִֽי־ אָכְל֖וֹ לָקָֽטוּ ׃,וימדו בעמר ולא העדיפ המרבה והממעיט לא החסיר איש לפי אכלו לקטו,13,וכלו בעומרא ולא אותר דאסגי ודאזער לא חסיר גבר לפום מיכלה לקטו:,12,"καὶ μετρήσαντες τῷ γόμορ, οὐκ ἐπλεόνασεν ὁ τὸ πολύ, καὶ ὁ τὸ ἔλαττον οὐκ ἠλαττόνησεν· ἕκαστος εἰς τοὺς καθήκοντας παρ᾽ ἑαυτῷ συνέλεξαν.",22,ܘܐܟܝ̣ܠܘܗܝ ܒܟܝ̣ܠܐ . ܘܠܐ ܐܘܬܪ ܕܐܣ̇ܓܝ. ܘܕܐܙܥ̣ܪ ܠܐ ܐܚܣܪ. ܐܢܫ̣ ܡܣܬ ܡܐܟܠܗ ܠܩ̣ܛܘ.,13,"Quando, porém, o mediam com o gômer, nada sobejava ao que colhera muito, nem faltava ao que colhera pouco; colhia cada um tanto quanto podia comer.",26,True,True,True
16,19,Êxodo 16:19,וַיֹּ֥אמֶר מֹשֶׁ֖ה אֲלֵהֶ֑ם אִ֕ישׁ אַל־ יוֹתֵ֥ר מִמֶּ֖נּוּ עַד־ בֹּֽקֶר ׃,ויאמר משה אלהמ איש אל יותר ממנו עד בקר,10,ואמר משה להון אנש לא ישאר מנה עד צפרא:,9,εἶπεν δὲ Μωυσῆς πρὸς αὐτούς Μηδεὶς καταλιπέτω ἀπ᾽ αὐτοῦ εἰς τὸ πρωί.,12,ܐܡ̇ܪ ܠܗܘܢ ܡܘܫܐ. ܐܢܫ̣ ܠܐ ܢܘܬܪ ܡܢܗ ܠܨ̇ܦܪܐ.,8,Também disse-lhes Moisés: Ninguém deixe dele para amanhã.,8,True,True,True
16,20,Êxodo 16:20,וְלֹא־ שָׁמְע֣וּ אֶל־ מֹשֶׁ֗ה וַיּוֹתִ֨רוּ אֲנָשִׁ֤ים מִמֶּ֨נּוּ֙ עַד־ בֹּ֔קֶר וַיָּ֥רֻם תּוֹלָעִ֖ים וַיִּבְאַ֑שׁ וַיִּקְצֹ֥ף עֲלֵהֶ֖ם מֹשֶֽׁה ׃,ולא שמעו אל משה ויותרו אנשימ ממנו עד בקר וירמ תולעימ ויבאש ויקצפ עלהמ משה,16,ולא קבילו מן משה ואשארו גבריא מנה עד צפרא ורחש ריחשא וסרי ורגז עליהון משה:,15,"καὶ οὐκ εἰσήκουσαν Μωυσῆ, ἀλλὰ κατέλιπόν τινες ἀπ᾽ αὐτοῦ εἰς τὸ πρωί· καὶ ἐξέζεσεν σκώληκας καὶ ἐπώζεσεν· καὶ ἐπικράνθη ἐπ᾽ αὐτοῖς Μωυσῆς.",22,ܘܠܐ ܫܡܥܘܗܝ ܠܡܘܫܐ. ܘܐܘܬܪܘ ܡܢܗ ܓܒܪ̈ܐ ܠܨ̇ܦܪܐ. ܘܐܪܚܫ ܬܘ̈ܠܥܐ ܘܣ̣ܪܝ. ܘܪܓ̣ܙ ܥܠܝܗܘܢ ܡܘܫܐ.,13,"Eles, porém, não deram ouvidos a Moisés, antes alguns dentre eles deixaram dele para o dia seguinte; e criou bichos, e cheirava mal; por isso indignou-se Moisés contra eles.",29,True,True,True
16,21,Êxodo 16:21,וַיִּלְקְט֤וּ אֹתוֹ֙ בַּבֹּ֣קֶר בַּבֹּ֔קֶר אִ֖ישׁ כְּפִ֣י אָכְל֑וֹ וְחַ֥ם הַשֶּׁ֖מֶשׁ וְנָמָֽס ׃,וילקטו אתו בבקר בבקר איש כפי אכלו וחמ השמש ונמס,11,ולקטו יתה בצפר בצפר גבר לפום מיכלה ומה דמשתאר מנה על אפי חקלא כד חמא עלוהי שמשא פשר:,18,"καὶ συνέλεξαν αὐτὸ πρωί· ἡνίκα δὲ διεθέρμαινεν ὁ ἥλιος, ἐτήκετο.",10,ܘܠܩ̇ܛܝܢ ܗܘܘ ܠܗ̣ ܒܨ̇ܦܪܐ̇ ܒܨ̇ܦܪܐ . ܐܢܫ̣ ܡܣܬ ܡܐܟܠܗ. ܘܡܐ ܕܚ̇ܡܐ ܗܘܬ ܫܡܫܐ ܦܫ̇ܪ ܗܘܐ.,15,"Colhiam-no, pois, pela manhã, cada um conforme o que podia comer; porque, vindo o calor do sol, se derretia.",19,True,True,True
16,22,Êxodo 16:22,וַיְהִ֣י ׀ בַּיּ֣וֹם הַשִּׁשִּׁ֗י לָֽקְט֥וּ לֶ֨חֶם֙ מִשְׁנֶ֔ה שְׁנֵ֥י הָעֹ֖מֶר לָאֶחָ֑ד וַיָּבֹ֨אוּ֙ כָּל־ נְשִׂיאֵ֣י הָֽעֵדָ֔ה וַיַּגִּ֖ידוּ לְמֹשֶֽׁה ׃,ויהי ביומ הששי לקטו לחמ משנה שני העמר לאחד ויבאו כל נשיאי העדה ויגידו למשה,17,והוה ביומא שתיתאה לקטו לחמא על חד תרין תרין עמרין לחד ואתו כל רברבי כנשתא וחויאו למשה:,17,"ἐγένετο δὲ τῇ ἡμέρᾳ τῇ ἕκτῃ συνέλεξαν τὰ δέοντα διπλᾶ, δύο γόμορ τῷ ἑνί· εἰσήλθοσαν δὲ πάντες οἱ ἄρχοντες τῆς συναγωγῆς καὶ ἀνήγγειλαν Μωσεῖ.",24,ܘܗ̣ܘܐ ܒܝܘܡܐ ܫܬܝܬܝܐ. ܠܩ̣ܛܘ ܠܚܡܐ ܚܕ ܬܪ̈ܝܢ. ܬܪ̈ܝܢ ܟܝ̈ܠܝܢ ܠܚܕ. ܘܐܬܘ ܟܠܗܘܢ ܩܫܝܫ̈ܐ ܕܟܢܘܫܬܐ ܘܚܘܝܘ ܠܡܘܫܐ.,16,"Mas ao sexto dia colheram pão em dobro, dois gômeres para cada um; pelo que todos os principais da congregação vieram, e contaram-no a Moisés.",25,True,True,True
16,23,Êxodo 16:23,וַיֹּ֣אמֶר אֲלֵהֶ֗ם ה֚וּא אֲשֶׁ֣ר דִּבֶּ֣ר יְהוָ֔ה שַׁבָּת֧וֹן שַׁבַּת־ קֹ֛דֶשׁ לַֽיהוָ֖ה מָחָ֑ר אֵ֣ת אֲשֶׁר־ תֹּאפ֞וּ אֵפ֗וּ וְאֵ֤ת אֲשֶֽׁר־ תְּבַשְּׁלוּ֙ בַּשֵּׁ֔לוּ וְאֵת֙ כָּל־ הָ֣עֹדֵ֔ף הַנִּ֧יחוּ לָכֶ֛ם לְמִשְׁמֶ֖רֶת עַד־ הַבֹּֽקֶר ׃,ויאמר אלהמ הוא אשר דבר יהוה שבתונ שבת קדש ליהוה מחר את אשר תאפו אפו ואת אשר תבשלו בשלו ואת כל העדפ הניחו לכמ למשמרת עד הבקר,28,ואמר להון הוא די מליל יי שבתא שבת קודשא קדם יי מחר ית די אתון עתידין למפא אפו וית די אתון עתידין לבשלא בשילו וית כל מותרא אצנעו לכון למטרא עד צפרא:,32,"εἶπεν δὲ Κύριος πρὸς αὐτούς Οὐ τοῦτό ἐστιν τὸ ῥῆμα ὃ ἐλάλησεν Κύριος; σάββατα ἀνάπαυσις ἁγία τῷ κυρίῳ αὔριον· ὅσα ἐὰν πέσσητε πέσσετε, καὶ ὅσα ἐὰν ἕψητε ἕψετε· καὶ πᾶν τὸ πλεονάζον καταλίπετε αὐτὸ εἰς ἀποθήκην εἰς τὸ πρωί.",39,ܐܡ̇ܪ ܠܗܘܢ ܡܘܫܐ. ܗܢܘ ܕܐܡ̣ܪ ܡܪܝܐ. ܫܒܬܐ ܢܝܚܐ̇ ܩܘܕܫܐ ܠܡܪܝܐ ܡܚܪ. ܡܕܡ ܕܐ̇ܦܝܢ ܐܢܬܘܢ ܐܦܘ. ܘܡܕܡ ܕܡܒ̇ܫܠܝܢ ܐܢܬܘܢ ܒܫ̇ܠܘ. ܘܡܕܡ ܕܝ̇ܬܪ ܛܪܘ ܠܟܘܢ ܩܪܝܪܐ ܠܨ̇ܦܪܐ.,25,"E ele lhes disse: Isto é o que o Senhor tem dito: Amanhã é repouso, sábado santo ao Senhor; o que quiserdes assar ao forno, assai-o, e o que quiserdes cozer em água, cozei-o em água; e tudo o que sobejar, ponde-o de lado para vós, guardando-o para amanhã.",49,True,True,True
16,24,Êxodo 16:24,וַיַּנִּ֤יחוּ אֹתוֹ֙ עַד־ הַבֹּ֔קֶר כַּאֲשֶׁ֖ר צִוָּ֣ה מֹשֶׁ֑ה וְלֹ֣א הִבְאִ֔ישׁ וְרִמָּ֖ה לֹא־ הָ֥יְתָה בּֽוֹ ׃,ויניחו אתו עד הבקר כאשר צוה משה ולא הבאיש ורמה לא היתה בו,14,ואצנעו יתה עד צפרא כמא דפקיד משה ולא סרי וריחשא לא הוה בה:,13,"καὶ κατελίποσαν ἀπ᾽ αὐτοῦ εἰς τὸ πρωί, καθὼς συνέταξεν αὐτοῖς Μωυσῆς· καὶ οὐκ ἐπώζεσεν, οὐδὲ σκώληξ ἐγένετο ἐν αὐτοῖς.",19,ܘܫܒܩܘ ܡܢܗ ܠܨ̇ܦܪܐ. ܐܝܟ ܕܦܩ̇ܕ ܐܢܘܢ ܡܘܫܐ ܘܠܐ ܣ̣ܪܝ. ܘܪܚ̣ܫܐ ܠܐ ܗܘ̣ܐ ܒܗ.,13,"Guardaram-no, pois, até o dia seguinte, como Moisés tinha ordenado; e não cheirou mal, nem houve nele bicho algum.",19,True,True,True
16,25,Êxodo 16:25,וַיֹּ֤אמֶר מֹשֶׁה֙ אִכְלֻ֣הוּ הַיּ֔וֹם כִּֽי־ שַׁבָּ֥ת הַיּ֖וֹם לַיהוָ֑ה הַיּ֕וֹם לֹ֥א תִמְצָאֻ֖הוּ בַּשָּׂדֶֽה ׃,ויאמר משה אכלהו היומ כי שבת היומ ליהוה היומ לא תמצאהו בשדה,13,ואמר משה אכלוהי יומא דין ארי שבתא יומא דין קדם יי יומא דין לא תשכחנה בחקלא:,16,εἶπεν δὲ Μωυσῆς Φάγετε σήμερον· ἔστιν γὰρ σάββατα σήμερον τῷ κυρίῳ· οὐχ εὑρεθήσεται ἐν τῷ πεδίῳ.,16,ܐܡ̇ܪ ܠܗܘܢ ܡܘܫܐ. ܐܘܟܠܘܗܝ̣ ܝܘܡܢܐ. ܡܛܠ ܕܫܒܬܐ ܗܝ ܝܘܡܢܐ ܠܡܪܝܐ. ܝܘܡܢܐ ܠܐ ܡܫܟܚܝܢ ܐܢܬܘܢ ܠܗ ܒܚܩܠܐ.,16,"Então disse Moisés: Comei-o hoje, porquanto hoje é o sábado do Senhor; hoje não o achareis no campo.",18,True,True,True
16,26,Êxodo 16:26,שֵׁ֥שֶׁת יָמִ֖ים תִּלְקְטֻ֑הוּ וּבַיּ֧וֹם הַשְּׁבִיעִ֛י שַׁבָּ֖ת לֹ֥א יִֽהְיֶה־ בּֽוֹ ׃,ששת ימימ תלקטהו וביומ השביעי שבת לא יהיה בו,10,שתא יומין תלקטנה וביומא שביעאה שבתא לא יהי בה:,9,"ἓξ ἡμέρας συλλέξετε· τῇ δὲ ἡμέρᾳ τῇ ἑβδόμῃ σάββατα, ὅτι οὐκ ἔσται ἐν αὐτῇ.",14,ܫܬܐ ܝܘܡ̈ܝܢ ܗܘܝ̣ܬܘܢ ܠܩ̇ܛܝܢ ܠܗ . ܘܝܘܡܐ ܫܒܝܥܝܐ ܫܒܬܐ ܗܝ. ܠܐ̇ ܗܘ̇ܐ ܒܗ̇.,13,"Seis dias o colhereis, mas o sétimo dia é o sábado; nele não haverá.",14,True,True,True
16,27,Êxodo 16:27,וַֽיְהִי֙ בַּיּ֣וֹם הַשְּׁבִיעִ֔י יָצְא֥וּ מִן־ הָעָ֖ם לִלְקֹ֑ט וְלֹ֖א מָצָֽאוּ ׃ ס,ויהי ביומ השביעי יצאו מנ העמ ללקט ולא מצאו ס,11,והוה ביומא שביעאה נפקו מן עמא למלקט ולא אשכחו:,9,"ἐγένετο δὲ ἐν τῇ ἡμέρᾳ τῇ ἑβδόμῃ ἐξήλθοσάν τινες ἐκ τοῦ λαοῦ συλλέξαι, καὶ οὐχ εὗρον.",16,ܘܗ̣ܘܐ ܒܝܘܡܐ ܫܒܝܥܝܐ. ܢܦܩܘ ܡܢ ܥܡܐ ܠܡܠܩܛ̣ ܘܠܐ ܐܫܟܚܘ.,9,"Mas aconteceu ao sétimo dia que saíram alguns do povo para o colher, e não o acharam.",17,True,True,True
16,28,Êxodo 16:28,וַיֹּ֥אמֶר יְהוָ֖ה אֶל־ מֹשֶׁ֑ה עַד־ אָ֨נָה֙ מֵֽאַנְתֶּ֔ם לִשְׁמֹ֥ר מִצְוֺתַ֖י וְתוֹרֹתָֽי ׃,ויאמר יהוה אל משה עד אנה מאנתמ לשמר מצותי ותורתי,11,ואמר יי למשה עד אימתי אתון מסרבין למטר פקודי ואוריתי:,10,εἶπεν δὲ Κύριος πρὸς Μωυσῆν Ἕως τίνος οὐ βούλεσθε εἰσακούειν τὰς ἐντολάς μου καὶ τὸν νόμον μου;,17,ܘܐܡ̣ܪ ܡܪܝܐ ܠܡܘܫܐ. ܥܕܡܐ ܠܐܡܬܝ ܠܐ ܨܒ̇ܝܢ ܐܢܬܘܢ ܠܡܛܪ ܦܘܩ̈ܕܢܝ ܘܢܡܘ̈ܣܝ.,11,Então disse o Senhor a Moisés: Até quando recusareis guardar os meus mandamentos e as minhas leis?,17,True,True,True
16,29,Êxodo 16:29,רְא֗וּ כִּֽי־ יְהוָה֮ נָתַ֣ן לָכֶ֣ם הַשַּׁבָּת֒ עַל־ כֵּ֠ן ה֣וּא נֹתֵ֥ן לָכֶ֛ם בַּיּ֥וֹם הַשִּׁשִּׁ֖י לֶ֣חֶם יוֹמָ֑יִם שְׁב֣וּ ׀ אִ֣ישׁ תַּחְתָּ֗יו אַל־ יֵ֥צֵא אִ֛ישׁ מִמְּקֹמ֖וֹ בַּיּ֥וֹם הַשְּׁבִיעִֽי ׃,ראו כי יהוה נתנ לכמ השבת על כנ הוא נתנ לכמ ביומ הששי לחמ יומימ שבו איש תחתיו אל יצא איש ממקמו ביומ השביעי,26,חזו ארי יי יהב לכון שבתא על כן הוא יהב לכון ביומא שתיתאה לחם תרין יומין תיבו אנש תחותוהי לא יפוק אנש מאתרה ביומא שביעאה,25,"ἴδετε, ὁ γὰρ κύριος ἔδωκεν ὑμῖν τὴν ἡμέραν ταύτην· διὰ τοῦτο αὐτὸς ἔδωκεν ὑμῖν τῇ ἡμέρᾳ τῇ ἕκτῃ ἄρτους δύο ἡμερῶν· καθήσεσθε ἕκαστος εἰς τοὺς οἴκους ὑμῶν, μηδεὶς ἐκπορευέσθω ἐκ τοῦ τόπου αὐτοῦ τῇ ἡμέρᾳ τῇ ἑβδόμῃ.",37,ܚܙܘ ܕܡܪܝܐ ܝܗ̣ܒ ܠܟܘܢ ܫܒܬܐ. ܡܛܠ ܗܢܐ ܝܗ̣ܒ ܠܟܘܢ ܡܪܝܐ ܒܝܘܡܐ ܫܬܝܬܝܐ ܠܚܡܐ ܕܬܪ̈ܝܢ ܝܘܡ̈ܝܢ. ܬܒܘ ܐܢܫ ܒܐܬܪܗ . ܘܠܐ ܢܦܘܩ ܐܢܫ ܡܢ ܬܪܥ ܒܝܬܗ ܒܝܘܡܐ ܫܒܝܥܝܐ .,28,"Vede, visto que o Senhor vos deu o sábado, por isso ele no sexto dia vos dá pão para dois dias; fique cada um no seu lugar, não saia ninguém do seu lugar no sétimo dia.",36,True,True,True
16,30,Êxodo 16:30,וַיִּשְׁבְּת֥וּ הָעָ֖ם בַּיּ֥וֹם הַשְּׁבִעִֽי ׃,וישבתו העמ ביומ השבעי,5,ונחו עמא ביומא שביעאה:,4,καὶ ἐσαββάτισεν ὁ λαὸς τῇ ἡμέρᾳ τῇ ἑβδόμῃ.,8,ܘܐܬܢܝܚܘ ܥܡܐ ܒܝܘܡܐ ܫܒܝܥܝܐ.,4,Assim repousou o povo no sétimo dia.,7,True,True,True
16,31,Êxodo 16:31,וַיִּקְרְא֧וּ בֵֽית־ יִשְׂרָאֵ֛ל אֶת־ שְׁמ֖וֹ מָ֑ן וְה֗וּא כְּזֶ֤רַע גַּד֙ לָבָ֔ן וְטַעְמ֖וֹ כְּצַפִּיחִ֥ת בִּדְבָֽשׁ ׃,ויקראו בית ישראל את שמו מנ והוא כזרע גד לבנ וטעמו כצפיחת בדבש,14,וקרו בית ישראל ית שמה מן והוא כבר זרע גדא חור וטעמה כאסקריטון בדבש:,14,"καὶ ἐπωνόμασαν αὐτὸ οἱ υἱοὶ Ἰσραὴλ τὸ ὄνομα αὐτοῦ μάν· ἦν δὲ ὡς σπέρμα κορίου λευκόν, τὸ δὲ γεῦμα αὐτοῦ ὡς ἐνκρὶς ἐν μέλιτι.",24,ܘܩܪܘ ܒܢ̈ܝ ܐܝܣܪܝܠ ܫܡܗ ܡܢܢܐ. ܘܗܘ ܐܝܟ ܙܪܥܐ ܕܟܘܣܒܪܬܐ̇ ܚܘܪ. ܘܛܥܡܗ̣ ܐܝܟ ܟܟܪܝܬܐ ܕܕܒܫܐ.,14,"A casa de Israel deu-lhe o nome de maná. Era como semente de coentro; era branco, e tinha o sabor de bolos de mel.",24,True,True,True
16,32,Êxodo 16:32,וַיֹּ֣אמֶר מֹשֶׁ֗ה זֶ֤ה הַדָּבָר֙ אֲשֶׁ֣ר צִוָּ֣ה יְהוָ֔ה מְלֹ֤א הָעֹ֨מֶר֙ מִמֶּ֔נּוּ לְמִשְׁמֶ֖רֶת לְדֹרֹתֵיכֶ֑ם לְמַ֣עַן ׀ יִרְא֣וּ אֶת־ הַלֶּ֗חֶם אֲשֶׁ֨ר הֶאֱכַ֤לְתִּי אֶתְכֶם֙ בַּמִּדְבָּ֔ר בְּהוֹצִיאִ֥י אֶתְכֶ֖ם מֵאֶ֥רֶץ מִצְרָֽיִם ׃,ויאמר משה זה הדבר אשר צוה יהוה מלא העמר ממנו למשמרת לדרתיכמ למענ יראו את הלחמ אשר האכלתי אתכמ במדבר בהוציאי אתכמ מארצ מצרימ,26,ואמר משה דין פתגמא די פקיד יי מלי עמרא מנה למטרא לדריכון בדיל דיחזון ית לחמא די אוכלית יתכון במדברא באפקותי יתכון מארעא דמצרים:,24,"εἶπεν δὲ Μωυσῆς Τοῦτο τὸ ῥῆμα ὃ συνέταξεν Κύριος Πλήσατε τὸ γόμορ τοῦ μὰν εἰς ἀποθήκην εἰς τὰς γενεὰς ὑμῶν, ἵνα ἴδωσιν τὸν ἄρτον ὃν ἐφάγετε ὑμεῖς ἐν τῇ ἐρήμῳ ὡς ἐξήγαγεν ὑμᾶς Κύριος ἐκ γῆς Αἰγύπτου.",37,ܘܐܡ̣ܪ ܡܘܫܐ ܗܢܐ ܦܬܓܡܐ ܕܦܩ̇ܕ ܡܪܝܐ. ܡܠ̣ܐ ܟܝܠܐ ܡܢܗ̣ ܢ̇ܬ̣ܢܛܪ ܠܕܪ̈ܝܟܘܢ. ܡܛܠ ܕܢܚ̇ܙܘܢ ܠܚܡܐ ܕܐܘܟܠܬܟܘܢ ܒܡܕܒܪܐ̇. ܟܕ ܐܦܩ̇ܬܟܘܢ ܡܢ ܡܨܪܝܢ.,20,"E disse Moisés: Isto é o que o Senhor ordenou: Dele enchereis um gômer, o qual se guardará para as vossas gerações, para que elas vejam o pão que vos dei a comer no deserto, quando eu vos tirei da terra do Egito.",43,True,True,True
16,33,Êxodo 16:33,וַיֹּ֨אמֶר מֹשֶׁ֜ה אֶֽל־ אַהֲרֹ֗ן קַ֚ח צִנְצֶ֣נֶת אַחַ֔ת וְתֶן־ שָׁ֥מָּה מְלֹֽא־ הָעֹ֖מֶר מָ֑ן וְהַנַּ֤ח אֹתוֹ֙ לִפְנֵ֣י יְהוָ֔ה לְמִשְׁמֶ֖רֶת לְדֹרֹתֵיכֶֽם ׃,ויאמר משה אל אהרנ קח צנצנת אחת ותנ שמה מלא העמר מנ והנח אתו לפני יהוה למשמרת לדרתיכמ,19,ואמר משה לאהרן סב צלוחית חדא והב תמן מלי עמרא מן ואצנע יתה קדם יי למטרא לדריכון:,17,"καὶ εἶπεν Μωσῆς πρὸς Ἀαρών Λάβε στάμνον χρυσοῦν ἕνα καὶ ἐμβάλετε εἰς αὐτὸν πλῆρες τὸ γόμορ μάν, καὶ ἀποθήσεις αὐτὸ ἐναντίον τοῦ θεοῦ εἰς διατήρησιν εἰς τὰς γενεὰς ὑμῶν,",29,ܘܐܡ̣ܪ ܡܘܫܐ ܠܐܗܪܘܢ. ܣܒ ܩܣܛܐ ܚܕܐ. ܘܐܪ̣ܡܐ ܒܗ̇ ܡܠ̣ܐ ܟܝܠܐ ܡܢܢܐ. ܘܣܝܡܝܗ̇ ܩܕܡ ܡܪܝܐ ܕܢܬ̣ܢܛܪ ܠܕܪ̈ܝܟܘܢ.,16,"Disse também Moisés a Arão: Toma um vaso, mete nele um gômer cheio de maná e põe-no diante do Senhor, a fim de que seja guardado para as vossas gerações.",30,True,True,True
16,34,Êxodo 16:34,כַּאֲשֶׁ֛ר צִוָּ֥ה יְהוָ֖ה אֶל־ מֹשֶׁ֑ה וַיַּנִּיחֵ֧הוּ אַהֲרֹ֛ן לִפְנֵ֥י הָעֵדֻ֖ת לְמִשְׁמָֽרֶת ׃,כאשר צוה יהוה אל משה ויניחהו אהרנ לפני העדת למשמרת,11,כמא די פקיד יי למשה ואצנעה אהרן קדם סהדותא למטרא:,10,ὃν τρόπον συνέταξεν Κύριος τῷ Μωυσῇ· καὶ ἀπέθηκεν Ἀαρὼν ἐναντίον τοῦ θεοῦ εἰς διατήρησιν.,14,ܐܝܟܢܐ ܕܦܩ̇ܕܢܝ ܡܪܝܐ. ܘܣܡܗ ܐܗܪܘܢ ܠܣܗܕܘܬܐ ܕܢܬ̣ܢܛܪ.,7,"Como o Senhor tinha ordenado a Moisés, assim Arão o pôs diante do testemunho, para ser guardado.",17,True,True,True
16,35,Êxodo 16:35,וּבְנֵ֣י יִשְׂרָאֵ֗ל אָֽכְל֤וּ אֶת־ הַמָּן֙ אַרְבָּעִ֣ים שָׁנָ֔ה עַד־ בֹּאָ֖ם אֶל־ אֶ֣רֶץ נוֹשָׁ֑בֶת אֶת־ הַמָּן֙ אָֽכְל֔וּ עַד־ בֹּאָ֕ם אֶל־ קְצֵ֖ה אֶ֥רֶץ כְּנָֽעַן ׃,ובני ישראל אכלו את המנ ארבעימ שנה עד באמ אל ארצ נושבת את המנ אכלו עד באמ אל קצה ארצ כנענ,22,ובני ישראל אכלו ית מנא ארבעין שנין עד דמיתיהון לארעא יתבתא ית מנא אכלו עד דאתו לסיפי ארעא דכנען:,19,"οἱ δὲ υἱοὶ Ἰσραὴλ ἔφαγον τὸ μὰν ἔτη τεσσεράκοντα, ἕως ἦλθον εἰς τὴν οἰκουμένην. ἐφάγοσαν τὸ μὰν ἕως παρεγένοντο εἰς μέρος τῆς Φοινίκης.",23,ܘܒܢ̈ܝ ܐܝܣܪܝܠ ܐܟ̣ܠܘ ܡܢܢܐ ܐܪ̈ܒܥܝܢ ܫ̈ܢܝܢ. ܥܕܡܐ ܕܡ̣ܛܘ ܠܐܪܥܐ ܝܬ̇ܒܬܐ ܡܢܢܐ ܐܟܠ̣ܘ. ܥܕܡܐ ܕܡ̣ܛܘ ܠܣܘܦܗ̇ ܕܐܪܥܐ ܕܟܢܥܢ.,17,"Ora, os filhos de Israel comeram o maná quarenta anos, até que chegaram a uma terra habitada; comeram o maná até que chegaram aos termos da terra de Canaã.",29,True,True,True
16,36,Êxodo 16:36,וְהָעֹ֕מֶר עֲשִׂרִ֥ית הָאֵיפָ֖ה הֽוּא ׃ פ,והעמר עשרית האיפה הוא פ,6,ועמרא חד מן עסרא בתלת סאין הוא:,7,τὸ δὲ γόμορ τὸ δέκατον τῶν τριῶν μέτρων ἦν.,9,ܘܟܝܠܐ ܚܕ ܡܢ ܥܣܪܐ ܗܘ̣ܐ ܠܣܐܬܐ.,6,Um gômer é a décima parte de uma efa.,9,True,True,True
17,1,Êxodo 17:1,וַ֠יִּסְעוּ כָּל־ עֲדַ֨ת בְּנֵֽי־ יִשְׂרָאֵ֧ל מִמִּדְבַּר־ סִ֛ין לְמַסְעֵיהֶ֖ם עַל־ פִּ֣י יְהוָ֑ה וַֽיַּחֲנוּ֙ בִּרְפִידִ֔ים וְאֵ֥ין מַ֖יִם לִשְׁתֹּ֥ת הָעָֽם ׃,ויסעו כל עדת בני ישראל ממדבר סינ למסעיהמ על פי יהוה ויחנו ברפידימ ואינ מימ לשתת העמ,18,ונטלו כל כנשתא דבני ישראל ממדברא דסין למטלניהון על מימרא דיי ושרו ברפידים ולית מיא למשתי עמא:,17,"Καὶ ἀπῆρεν πᾶσα συναγωγὴ υἱῶν Ἰσραὴλ ἐκ τῆς ἐρήμου Σεὶν κατὰ παρεμβολὰς αὐτῶν διὰ ῥήματος Κυρίου, καὶ παρενεβάλοσαν ἐν Ῥαφιδείν· οὐκ ἦν δὲ ὕδωρ τῷ λαῷ πιεῖν.",27,ܘܫܩ̣ܠܘ ܟܠܗ̇ ܟܢܘܫܬܐ ܕܒܢ̈ܝ ܐܝܣܪܝܠ ܡܢ ܡܕܒܪܐ ܕܣܝܢ ܠܡܫ̈ܩܠܢܝܗܘܢ. ܥܠ ܡܠܬ ܦܘܡܗ ܕܡܪܝܐ. ܘܫ̣ܪܘ ܒܪܦܝܕܝܢ. ܘܠܝܬ ܗܘܐ ܡ̈ܝܐ ܕܢܫܬܐ ܥܡܐ.,20,"Partiu toda a congregação dos filhos de Israel do deserto de Sim, pelas suas jornadas, segundo o mandamento do Senhor, e acamparam em Refidim; e não havia ali água para o povo beber.",33,True,True,True
17,2,Êxodo 17:2,וַיָּ֤רֶב הָעָם֙ עִם־ מֹשֶׁ֔ה וַיֹּ֣אמְר֔וּ תְּנוּ־ לָ֥נוּ מַ֖יִם וְנִשְׁתֶּ֑ה וַיֹּ֤אמֶר לָהֶם֙ מֹשֶׁ֔ה מַה־ תְּרִיבוּן֙ עִמָּדִ֔י מַה־ תְּנַסּ֖וּן אֶת־ יְהוָֽה ׃,וירב העמ עמ משה ויאמרו תנו לנו מימ ונשתה ויאמר להמ משה מה תריבונ עמדי מה תנסונ את יהוה,20,ונצא עמא עם משה ואמרו הבו לנא מיא ונשתי ואמר להון משה מה אתון נצן עמי מה מנסון אתון קדם יי:,21,"καὶ ἐλοιδορεῖτο ὁ λαὸς πρὸς Μωυσῆν λέγοντες Δὸς ἡμῖν ὕδωρ ἵνα πίωμεν. καὶ εἶπεν αὐτοῖς Μωυσῆς Τί λοιδορεῖσθέ μοι, καὶ τί πειράζετε Κύριον;",23,ܘܢܨܘ ܥܡܐ ܥܡ ܡܘܫܐ ܘܐܡܪܘ ܠܗ. ܗܒ ܠܢ ܡ̈ܝܐ ܢܫܬܐ . ܐܡ̇ܪ ܠܗܘܢ ܡܘܫܐ. ܡܢܐ ܢܨܝܢ ܐܢܬܘܢ ܥܡܝ. ܘܡܢܐ ܡܢܣܝܢ ܐܢܬܘܢ ܠܡܪܝܐ.,22,"Então o povo contendeu com Moisés, dizendo: Dá-nos água para beber. Respondeu-lhes Moisés: Por que contendeis comigo? por que tentais ao Senhor?",22,True,True,True
17,3,Êxodo 17:3,וַיִּצְמָ֨א שָׁ֤ם הָעָם֙ לַמַּ֔יִם וַיָּ֥לֶן הָעָ֖ם עַל־ מֹשֶׁ֑ה וַיֹּ֗אמֶר לָ֤מָּה זֶּה֙ הֶעֱלִיתָ֣נוּ מִמִּצְרַ֔יִם לְהָמִ֥ית אֹתִ֛י וְאֶת־ בָּנַ֥י וְאֶת־ מִקְנַ֖י בַּצָּמָֽא ׃,ויצמא שמ העמ למימ וילנ העמ על משה ויאמר למה זה העליתנו ממצרימ להמית אתי ואת בני ואת מקני בצמא,21,וצחי תמן עמא למיא ואתרעם עמא על משה ואמר למא דנן אסקתנא ממצרים לקטלא יתי וית בני וית בעירי בצחותא:,20,"ἐδίψησεν δὲ ἐκεῖ ὁ λαὸς ὕδατι, καὶ ἐγόγγυζεν ἐκεῖ ὁ λαὸς πρὸς Μωυσῆν λέγοντες Ἵνα τί τοῦτο ἀνεβίβασας ἡμᾶς ἐξ Αἰγύπτου, ἀποκτεῖναι ἡμᾶς καὶ τὰ τέκνα ἡμῶν καὶ τὰ κτήνη τῷ δίψει;",32,ܘܨܗܝܘ ܬܡܢ ܥܡܐ ܠܡ̈ܝܐ. ܘܪܛܢ̣ܘ ܥܡܐ ܥܠ ܡܘܫܐ ܘܐܡܪܘ ܠܗ . ܠܡܢܐ ܐܣܩܬܢ ܡܢ ܡܨܪܝ̇ܢ. ܠܡܩܛܠܢ ܠܢ ܘܠܒܢܝ̈ܢ ܘܠܒܥܝܪܢ ܒܨܗܝܐ.,20,"Mas o povo, tendo sede ali, murmurou contra Moisés, dizendo: Por que nos fizeste subir do Egito, para nos matares de sede, a nós e aos nossos filhos, e ao nosso gado?",32,True,True,True
17,4,Êxodo 17:4,וַיִּצְעַ֤ק מֹשֶׁה֙ אֶל־ יְהוָ֣ה לֵאמֹ֔ר מָ֥ה אֶעֱשֶׂ֖ה לָעָ֣ם הַזֶּ֑ה ע֥וֹד מְעַ֖ט וּסְקָלֻֽנִי ׃,ויצעק משה אל יהוה לאמר מה אעשה לעמ הזה עוד מעט וסקלני,13,וצלי משה קדם יי למימר מא אעבד לעמא הדין עוד זעיר פון וירגמנני:,13,ἐβόησεν δὲ Μωυσῆς πρὸς Κύριον λέγων Τί ποιήσω τῷ λαῷ τούτῳ; ἔτι μικρὸν καὶ καταλιθοβολὴσουσίν με.,16,ܘܨ̇ܠܝ ܡܘܫܐ ܩܕܡ ܡܪܝܐ ܘܐܡ̣ܪ. ܡܢܐ ܐܥ̇ܒܕ ܠܗ ܠܥܡܐ ܗܢܐ̇. ܕܥܕ ܩܠܝܠ ܪܓܡ̇ܝܢ ܗܘܘ ܠܝ.,15,"Pelo que Moisés, clamando ao Senhor, disse: Que hei de fazer a este povo? daqui a pouco me apedrejará.",19,True,True,True
17,5,Êxodo 17:5,וַיֹּ֨אמֶר יְהוָ֜ה אֶל־ מֹשֶׁ֗ה עֲבֹר֙ לִפְנֵ֣י הָעָ֔ם וְקַ֥ח אִתְּךָ֖ מִזִּקְנֵ֣י יִשְׂרָאֵ֑ל וּמַטְּךָ֗ אֲשֶׁ֨ר הִכִּ֤יתָ בּוֹ֙ אֶת־ הַיְאֹ֔ר קַ֥ח בְּיָדְךָ֖ וְהָלָֽכְתָּ ׃,ויאמר יהוה אל משה עבר לפני העמ וקח אתכ מזקני ישראל ומטכ אשר הכית בו את היאר קח בידכ והלכת,21,ואמר יי למשה עבר קדם עמא ודבר עמך מסבי ישראל וחטרך די מחיתא בה ית נהרא סב בידך ותיזל:,19,"καὶ εἶπεν Κύριος πρὸς Μωυσῆν Προπορεύου τοῦ λαοῦ τούτου, λάβε δὲ σεαυτῷ ἀπὸ τῶν πρεσβυτέρων τοῦ λαοῦ· καὶ τὴν ῥάβδον, ἐν ᾗ ἐπάταξας τὸν ποταμόν, λάβε ἐν τῇ χειρί σου καὶ πορεύσῃ.",32,ܘܐܡ̣ܪ ܡܪܝܐ ܠܡܘܫܐ. ܥܒ̣ܪ ܩܕܡ ܥܡܐ. ܘܕܒ̣ܪ ܥܡܟ ܡܢ ܩܫܝܫ̈ܐ ܕܐܝܣܪܝܠ. ܘܚܘܛܪܟ ܕܡܚ̣ܝܬ ܒܗ ܠܢܗܪܐ. ܣܒ ܒܐܝܕܟ̣ ܘܙܠ.,18,"Então disse o Senhor a Moisés: Passa adiante do povo, e leva contigo alguns dos anciãos de Israel; toma na mão a tua vara, com que feriste o rio, e vai-te.",31,True,True,True
17,6,Êxodo 17:6,הִנְנִ֣י עֹמֵד֩ לְפָנֶ֨יךָ שָּׁ֥ם ׀ עַֽל־ הַצּוּר֮ בְּחֹרֵב֒ וְהִכִּ֣יתָ בַצּ֗וּר וְיָצְא֥וּ מִמֶּ֛נּוּ מַ֖יִם וְשָׁתָ֣ה הָעָ֑ם וַיַּ֤עַשׂ כֵּן֙ מֹשֶׁ֔ה לְעֵינֵ֖י זִקְנֵ֥י יִשְׂרָאֵֽל ׃,הנני עמד לפניכ שמ על הצור בחרב והכית בצור ויצאו ממנו מימ ושתה העמ ויעש כנ משה לעיני זקני ישראל,22,הא אנא קאם קדמך תמן על טנרא בחורב ותמחי בטנרא ויפקון מנה מיא וישתי עמא ועבד כן משה לעיני סבי ישראל:,21,"ὅδε ἐγὼ ἕστηκα ἐκεῖ πρὸ τοῦ σὲ ἐπὶ τῆς πέτρας ἐν Χωρήβ· καὶ πατάξεις τὴν πέτραν, καὶ ἐξελεύσεται ἐξ αὐτῆς ὕδωρ, καὶ πίεται ὁ λαός μου. ἐποίησεν δὲ Μωυσῆς οὕτως ἐναντίον τῶν υἱῶν Ἰσραήλ.",34,ܘܗܐ ܐܢܐ ܩܐ̇ܡ ܐܢܐ ܬܡܢ ܩܕܡܝܟ ܥܠ ܛܪܢܐ ܒܚܘܪܝܒ. ܘܬܡ̣ܚܐ ܠܛܪܢܐ. ܘܢܦ̣ܩܘܢ ܡܢܗ ܡ̈ܝܐ ܘܢܫܬܐ ܥܡܐ. ܘܥܒ̣ܕ ܗܟܢܐ ܡܘܫܐ ܠܥܝܢ ܣܒ̈ܐ ܕܒܢ̈ܝ ܐܝܣܪܝܠ .,24,"Eis que eu estarei ali diante de ti sobre a rocha, em Horebe; ferirás a rocha, e dela sairá água para que o povo possa beber. Assim, pois fez Moisés à vista dos anciãos de Israel.",36,True,True,True
17,7,Êxodo 17:7,וַיִּקְרָא֙ שֵׁ֣ם הַמָּק֔וֹם מַסָּ֖ה וּמְרִיבָ֑ה עַל־ רִ֣יב ׀ בְּנֵ֣י יִשְׂרָאֵ֗ל וְעַ֨ל נַסֹּתָ֤ם אֶת־ יְהוָה֙ לֵאמֹ֔ר הֲיֵ֧שׁ יְהוָ֛ה בְּקִרְבֵּ֖נוּ אִם־ אָֽיִן ׃ פ,ויקרא שמ המקומ מסה ומריבה על ריב בני ישראל ועל נסתמ את יהוה לאמר היש יהוה בקרבנו אמ אינ פ,22,וקרא שמא דאתרא נסיתא ומצותא על דנצו בני ישראל ועל דנסיאו קדם יי למימר האית שכינתא דיי ביננא אם לא:,20,"καὶ ἐπωνόμασεν τὸ ὄνομα τοῦ τόπου ἐκείνου Πειρασμός, καὶ Λοιδόρησις, διὰ τὴν λοιδορίαν τῶν υἱῶν Ἰσραὴλ καὶ διὰ τὸ πειράζειν Κύριον λέγοντας Εἰ ἔστιν Κύριος ἐν ἡμῖν ἢ οὔ;",29,ܘܩܪ̣ܐ ܫܡܗ ܕܐܬܪܐ ܗ̇ܘ ܢܣܐ ܘܡܪܝܒܐ. ܥܠ ܕܢܨܘ ܒ̈ܢܝ ܐܝܣܪܐܝܠ. ܘܥܠ ܕܢܣܝܘ ܠܡܪܝܐ ܘܐܡܪܘ̇. ܕܐܢ ܐܝܬ ܡܪܝܐ ܒܝܢܬܢ ܐܘ ܠܐ.,20,"E deu ao lugar o nome de Massá e Meribá, por causa da contenda dos filhos de Israel, e porque tentaram ao Senhor, dizendo: Está o Senhor no meio de nós, ou não?",33,True,True,True
17,8,Êxodo 17:8,וַיָּבֹ֖א עֲמָלֵ֑ק וַיִּלָּ֥חֶם עִם־ יִשְׂרָאֵ֖ל בִּרְפִידִֽם ׃,ויבא עמלק וילחמ עמ ישראל ברפידמ,7,ואתא עמלק ואגח קרבא עם ישראל ברפידם:,7,Ἦλθεν δὲ Ἀμαλὴκ καὶ ἐπολέμει Ἰσραὴλ ἐν Ῥαφιδείν.,8,ܘܐܬ̣ܐ ܥܡܠܝܩ ܠܡܥܒܕ ܩܪܒܐ ܥܡ ܐܝܣܪܝܠ ܒܪܦܝܕܝܢ.,7,"Então veio Amaleque, e pelejou contra e Israel em Refidim.",10,True,True,True
17,9,Êxodo 17:9,וַיֹּ֨אמֶר מֹשֶׁ֤ה אֶל־ יְהוֹשֻׁ֨עַ֙ בְּחַר־ לָ֣נוּ אֲנָשִׁ֔ים וְצֵ֖א הִלָּחֵ֣ם בַּעֲמָלֵ֑ק מָחָ֗ר אָנֹכִ֤י נִצָּב֙ עַל־ רֹ֣אשׁ הַגִּבְעָ֔ה וּמַטֵּ֥ה הָאֱלֹהִ֖ים בְּיָדִֽי ׃,ויאמר משה אל יהושע בחר לנו אנשימ וצא הלחמ בעמלק מחר אנכי נצב על ראש הגבעה ומטה האלהימ בידי,20,ואמר משה ליהושע בחר לנא גברין ופוק אגח קרבא בעמלק מחר אנא קאם על ריש רמתא וחוטרא דאתעבידו בה נסין מן קדם יי בידי:,24,"εἶπεν δὲ Μωυσῆς τῷ Ἰησοῦ Ἐπίλεξον σεαυτῷ ἄνδρας δυνατούς, καὶ ἐξελθὼν παράταξαι τῷ Ἀμαλὴκ αὔριον· καὶ ἰδοὺ ἐγὼ ἕστηκα ἐπὶ τῆς κορυφῆς τοῦ βουνοῦ, καὶ ἡ ῥάβδος τοῦ θεοῦ ἐν τῇ χειρί μου.",33,ܘܐܡ̣ܪ ܡܘܫܐ ܠܝܫܘܥ. ܓܒ̣ܝ ܠܟ ܓܒܪ̈ܐ. ܘܦܘܩ ܢܥܒܕ ܩܪܒܐ ܥܡ ܥܡܠܝܩ ܡܚܪ. ܘܐܢܐ ܗܐ ܩܐ̇ܡ ܐܢܐ ܥܠ ܪܫܗ̇ ܕܪܡ̇ܬܐ. ܘܚܘܛܪܐ ܕܐܠܗܐ ܒܐܝܕܝ.,22,"Pelo que disse Moisés a Josué: Escolhe-nos homens, e sai, peleja contra Amaleque; e amanhã eu estarei sobre o cume do outeiro, tendo na mão a vara de Deus.",29,True,True,True
17,10,Êxodo 17:10,וַיַּ֣עַשׂ יְהוֹשֻׁ֗עַ כַּאֲשֶׁ֤ר אָֽמַר־ לוֹ֙ מֹשֶׁ֔ה לְהִלָּחֵ֖ם בַּעֲמָלֵ֑ק וּמֹשֶׁה֙ אַהֲרֹ֣ן וְח֔וּר עָל֖וּ רֹ֥אשׁ הַגִּבְעָֽה ׃,ויעש יהושע כאשר אמר לו משה להלחמ בעמלק ומשה אהרנ וחור עלו ראש הגבעה,15,ועבד יהושע כמא דאמר לה משה לאגחא קרבא בעמלק ומשה אהרן וחור סליקו לריש רמתא:,15,"καὶ ἐποίησεν Ἰησοῦς καθάπερ εἶπεν αὐτῷ Μωυσῆς, καὶ ἐξελθὼν παρετάξατο τῷ Ἀμαλήκ· καὶ Μωυσῆς καὶ Ἀαρὼν καὶ Ὣρ ἀνέβησαν ἐπὶ τὴν κορυφὴν τοῦ βουνοῦ.",24,ܘܥ̣ܒܕ ܝܫܘܥ̣ ܐܝܟ ܕܐܡ̣ܪ ܠܗ ܡܘܫܐ. ܘܐܙ̣ܠ ܠܡܥܒܕ ܩܪܒܐ ܥܡ ܥܡܠܝܩ. ܘܡܘܫܐ ܘܐܗܪܘܢ ܘܚܘܪ. ܣܠ̣ܩܘ ܠܪܝܫ ܪܡ̇ܬܐ.,17,"Fez, pois, Josué como Moisés lhe dissera, e pelejou contra Amaleque; e Moisés, Arão, e Hur subiram ao cume do outeiro.",21,True,True,True
17,11,Êxodo 17:11,וְהָיָ֗ה כַּאֲשֶׁ֨ר יָרִ֥ים מֹשֶׁ֛ה יָד֖וֹ וְגָבַ֣ר יִשְׂרָאֵ֑ל וְכַאֲשֶׁ֥ר יָנִ֛יחַ יָד֖וֹ וְגָבַ֥ר עֲמָלֵֽק ׃,והיה כאשר ירימ משה ידו וגבר ישראל וכאשר יניח ידו וגבר עמלק,13,והוא כד מרים משה ידוהי ומתגברין דבית ישראל וכד מנח ידוהי ומתגברין דבית עמלק:,14,"καὶ ἐγίνετο ὅταν ἐπῆρεν Μωυσῆς τὰς χεῖρας, κατίσχυεν Ἰσραήλ· ὅταν δὲ καθῆκεν τὰς χεῖρας, κατίσχυεν Ἀμαλήκ.",16,ܘܟܕ ܡܪ̣ܝܡ ܗܘܐ ܡܘܫܐ ܐ̈ܝܕܘܗܝ̣ ܬܩ̇ܦ ܗܘܐ ܐܝܣܪܝܠ. ܘܟܕ ܡܢܝ̣ܚ ܗܘܐ ܐ̈ܝܕܘܗܝ̣ ܬܩ̇ܦ ܗܘܐ ܥܡܠܝܩ.,15,"E acontecia que quando Moisés levantava a mão, prevalecia Israel; mas quando ele abaixava a mão, prevalecia Amaleque.",18,True,True,True
17,12,Êxodo 17:12,וִידֵ֤י מֹשֶׁה֙ כְּבֵדִ֔ים וַיִּקְחוּ־ אֶ֛בֶן וַיָּשִׂ֥ימוּ תַחְתָּ֖יו וַיֵּ֣שֶׁב עָלֶ֑יהָ וְאַהֲרֹ֨ן וְח֜וּר תָּֽמְכ֣וּ בְיָדָ֗יו מִזֶּ֤ה אֶחָד֙ וּמִזֶּ֣ה אֶחָ֔ד וַיְהִ֥י יָדָ֛יו אֱמוּנָ֖ה עַד־ בֹּ֥א הַשָּֽׁמֶשׁ ׃,וידי משה כבדימ ויקחו אבנ וישימו תחתיו וישב עליה ואהרנ וחור תמכו בידיו מזה אחד ומזה אחד ויהי ידיו אמונה עד בא השמש,24,וידי משה יקרן ונסיבו אבנא ושויאו תחותוהי ויתב עלה ואהרן וחור סעדן בידוהי מכא חד ומכא חד והוה ידוהי פריסן בצלו עד דעל שמשא:,24,"αἱ δὲ χεῖρες Μωυσῆ βαρεῖαι· καὶ λαβόντες λίθον ὑπέθηκαν ἐπ᾽ αὐτόν, καὶ ἐκάθητο ἐπ᾽ αὐτοῦ· καὶ Ἀαρὼν καὶ Ὣρ ἐστήριζον τὰς χεῖρας αὐτοῦ, ἐντεῦθεν εἷς καὶ ἐντεῦθεν εἷς· καὶ ἐγένοντο αἱ χεῖρες Μωυσῆ ἐστηριγμέναι ἕως δυσμῶν ἡλίου.",37,ܘܐ̈ܝܕܘܗܝ ܕܡܘܫܐ ܠܐ̣ܝ. ܘܢܣܒܘ ܟܐܦܐ ܘ̣ܣܡܘ ܬܚܘܬܘܗܝ̣ ܘܝܬ̣ܒ ܥܠܝܗ̇. ܘܐܗܪܘܢ ܘܚܘ̣ܪ ܡܣ̇ܡܟܝܢ ܗܘܘ ܐ̈ܝܕܘܗܝ. ܚܕ ܡܟܐ ܘܚܕ ܡܟܐ. ܘܗ̈ܘܝ ܐ̈ܝܕܘܗܝ ܒܗܝܡܢܘܬܐ ܥܕܡܐ ܕܥܪ̣ܒܬ ܫܡܫܐ.,24,"As mãos de Moisés, porém, ficaram cansadas; por isso tomaram uma pedra, e a puseram debaixo dele, e ele sentou-se nela; Arão e Hur sustentavam-lhe as mãos, um de um lado e o outro do outro; assim ficaram as suas mãos firmes até o pôr do sol.",47,True,True,True
17,13,Êxodo 17:13,וַיַּחֲלֹ֧שׁ יְהוֹשֻׁ֛עַ אֶת־ עֲמָלֵ֥ק וְאֶת־ עַמּ֖וֹ לְפִי־ חָֽרֶב ׃ פ,ויחלש יהושע את עמלק ואת עמו לפי חרב פ,10,ותבר יהושע ית עמלק וית עמה לפתגם דחרב:,8,καὶ ἐτρέψατο Ἰησοῦς τὸν Ἀμαλὴκ καὶ πάντα τὸν λαὸν αὐτοῦ ἐν φόνῳ μαχαίρας.,13,ܘܬܒ̣ܪ ܝܫܘܥ ܠܥܡܠܝܩ ܘܠܥܡܗ ܒܦܘܡܐ ܕܚܪܒܐ.,6,"Assim Josué prostrou a Amaleque e a seu povo, ao fio da espada.",13,True,True,True
17,14,Êxodo 17:14,וַיֹּ֨אמֶר יְהוָ֜ה אֶל־ מֹשֶׁ֗ה כְּתֹ֨ב זֹ֤את זִכָּרוֹן֙ בַּסֵּ֔פֶר וְשִׂ֖ים בְּאָזְנֵ֣י יְהוֹשֻׁ֑עַ כִּֽי־ מָחֹ֤ה אֶמְחֶה֙ אֶת־ זֵ֣כֶר עֲמָלֵ֔ק מִתַּ֖חַת הַשָּׁמָֽיִם ׃,ויאמר יהוה אל משה כתב זאת זכרונ בספר ושימ באזני יהושע כי מחה אמחה את זכר עמלק מתחת השמימ,20,ואמר יי למשה כתב דא דוכרנא בספרא ושוי קדם יהושע ארי ממחא אמחי ית דוכרנא דעמלק מתחות שמיא:,18,"Εἶπεν δὲ Κύριος πρὸς Μωυσῆν Κατάγραψον τοῦτο εἰς μνημόσυνον εἰς βιβλίον, καὶ δὸς εἰς τὰ ὦτα Ἰησοῖ, ὅτι ἀλοιφῇ ἐξαλείψω τὸ μνημόσυνον Ἀμαλὴκ ἐκ τῆς ὑπὸ τὸν οὐρανόν.",28,ܘܐܡ̣ܪ ܡܪܝܐ ܠܡܘܫܐ. ܟܬܘܒ ܕܘܟܪܢܐ ܗܢܐ ܒܣܦ̣ܪܐ. ܘܣܝܡ ܩܕܡ ܝܫܘܥ ܒܪܢܘܢ. ܡܛܘܠ ܕܡܥ̣ܛܐ ܥ̇ܛܐ ܐܢܐ ܕܘܟܪܢܗ ܕܥܡܠܝܩ ܡܢ ܬܚܝܬ ܫܡܝܐ.,20,"Então disse o Senhor a Moisés: Escreve isto para memorial num livro, e relata-o aos ouvidos de Josué; que eu hei de riscar totalmente a memória de Amaleque de debaixo do céu.",32,True,True,True
17,15,Êxodo 17:15,וַיִּ֥בֶן מֹשֶׁ֖ה מִזְבֵּ֑חַ וַיִּקְרָ֥א שְׁמ֖וֹ יְהוָ֥ה ׀ נִסִּֽי ׃,ויבנ משה מזבח ויקרא שמו יהוה נסי,9,ובנא משה מדבחא ופלח עלוהי קדם יי דעבד לה נסין:,10,"καὶ ᾠκοδόμησεν Μωσῆς θυσιαστήριον Κυρίῳ, καὶ ἐπωνόμασεν τὸ ὄνομα αὐτοῦ Κύριος καταφυγή μου·",13,ܘܒܢ̣ܐ ܡܘܫܐ ܡܕܒܚܐ. ܘܩܪ̣ܐ ܫܡܗ̣ ܡܪܝܐ ܢܣ̇ܝ.,7,"Pelo que Moisés edificou um altar, ao qual chamou Jeová-Níssi.",10,True,True,True
17,16,Êxodo 17:16,וַיֹּ֗אמֶר כִּֽי־ יָד֙ עַל־ כֵּ֣ס יָ֔הּ מִלְחָמָ֥ה לַיהוָ֖ה בַּֽעֲמָלֵ֑ק מִדֹּ֖ר דֹּֽר ׃ פ,ויאמר כי יד על כס יה מלחמה ליהוה בעמלק מדר דר פ,13,ואמר בשבועה אמירא דא מן קדם דחילא דשכנתה על כרסה יקרה דעתיד דיתגח קרבא קדם יי בדבית עמלק לשציותהון מדרי עלמא:,21,ὅτι ἐν χειρὶ κρυφαίᾳ πολεμεῖ Κύριος ἐπὶ Ἀμαλὴκ ἀπὸ γενεῶν εἰς γενεάς.,12,ܘܐܡ̣ܪ ܗܐ ܐܝܕܐ ܥܠ ܟܘܪܣܝܐ. ܩܪܒܐ ܠܡܪܝܐ ܒܥܡܠܝܩ ܡܢ ܕܪܕܪܝܢ.,10,E disse: Porquanto jurou o Senhor que ele fará guerra contra Amaleque de geração em geração.,16,True,True,True
18,1,Êxodo 18:1,וַיִּשְׁמַ֞ע יִתְר֨וֹ כֹהֵ֤ן מִדְיָן֙ חֹתֵ֣ן מֹשֶׁ֔ה אֵת֩ כָּל־ אֲשֶׁ֨ר עָשָׂ֤ה אֱלֹהִים֙ לְמֹשֶׁ֔ה וּלְיִשְׂרָאֵ֖ל עַמּ֑וֹ כִּֽי־ הוֹצִ֧יא יְהוָ֛ה אֶת־ יִשְׂרָאֵ֖ל מִמִּצְרָֽיִם ׃,וישמע יתרו כהנ מדינ חתנ משה את כל אשר עשה אלהימ למשה ולישראל עמו כי הוציא יהוה את ישראל ממצרימ,21,ושמע יתרו רבא דמדין חמוהי דמשה ית כל די עבד יי למשה ולישראל עמה ארי אפיק יי ית ישראל ממצרים:,20,Ἤκουσεν δὲ Ἰοθὸρ ὁ ἱερεὺς Μαδιὰμ ὁ γαμβρὸς Μωυσῆ πάντα ὅσα ἐποίησεν Κύριος Ἰσραὴλ τῷ ἑαυτοῦ λαῷ· ἐξήγαγεν γὰρ Κύριος τὸν Ἰσραὴλ ἐξ Αἰγύπτου.,24,ܘܫܡ̣ܥ ܝܬܪܘܢ ܟܘܡܪܐ ܕܡܕܝܢ ܚܡܘܗܝ ܕܡܘܫܐ̇. ܟܠ ܡܕܡ ܕܥܒ̣ܕ ܐܠܗܐ ܠܡܘܫܐ ܘܠܐܝܣܪܝܠ ܥܡܗ. ܕܐܦܩ ܡܪܝܐ ܠܒ̈ܢܝ ܐܝܣܪܝܠ ܡܢ ܡܨܪܝܢ.,19,"Ora Jetro, sacerdote de Midiã, sogro de Moisés, ouviu todas as coisas que Deus tinha feito a Moisés e a Israel, seu povo, como o Senhor tinha tirado a Israel do Egito.",32,True,True,True
18,2,Êxodo 18:2,וַיִּקַּ֗ח יִתְרוֹ֙ חֹתֵ֣ן מֹשֶׁ֔ה אֶת־ צִפֹּרָ֖ה אֵ֣שֶׁת מֹשֶׁ֑ה אַחַ֖ר שִׁלּוּחֶֽיהָ ׃,ויקח יתרו חתנ משה את צפרה אשת משה אחר שלוחיה,11,ודבר יתרו חמוהי דמשה ית צפרה אתת משה בתר דפטרה:,10,"ἔλαβεν δὲ Ἰοθὸρ ὁ γαμβρὸς Μωυσῆ Σεπφώραν τὴν γυναῖκα Μωυσῆ, μετὰ τὴν ἄφεσιν αὐτῆς,",14,ܘܕܒ̣ܪ ܝܬܪܘܢ ܚܡܘܗܝ ܕܡܘܫܐ. ܠܨ̇ܦܘܪܐ ܒܪܬܗ ܐܢܬܬܗ ܕܡܘܫܐ. ܡܢ ܒܬܪ ܕܫܒܩܗ̇.,11,"E Jetro, sogro de Moisés, tomou a Zípora, a mulher de Moisés, depois que este lha enviara,",17,True,True,True
18,3,Êxodo 18:3,וְאֵ֖ת שְׁנֵ֣י בָנֶ֑יהָ אֲשֶׁ֨ר שֵׁ֤ם הָֽאֶחָד֙ גֵּֽרְשֹׁ֔ם כִּ֣י אָמַ֔ר גֵּ֣ר הָיִ֔יתִי בְּאֶ֖רֶץ נָכְרִיָּֽה ׃,ואת שני בניה אשר שמ האחד גרשמ כי אמר גר הייתי בארצ נכריה,14,וית תרין בנהא די שום חד גרשם ארי אמר דיר הויתי בארעא נוכראה:,13,"καὶ τοὺς δύο υἱοὺς αὐτῆς· ὄνομα τῷ ἑνὶ αὐτῶν Γηρσάμ, λέγων Πάροικος ἤμην ἐν γῇ ἀλλοτρίᾳ·",16,ܘܠܬܪ̈ܝܢ ܒܢܝ̈ܗ̇ ܕܫܡܗ ܕܚܕ̣ ܓܪܫܘܢ. ܡܛܠ ܕܐܡ̣ܪ̣ ܕܬܘܬܒܐ ܗܘ̣ܝܬ ܒܐܪܥܐ ܢܘܟܪܝܬܐ.,11,"e aos seus dois filhos, dos quais um se chamava Gérson; porque disse Moisés: Fui peregrino em terra estrangeira;",19,True,True,True
18,4,Êxodo 18:4,וְשֵׁ֥ם הָאֶחָ֖ד אֱלִיעֶ֑זֶר כִּֽי־ אֱלֹהֵ֤י אָבִי֙ בְּעֶזְרִ֔י וַיַּצִּלֵ֖נִי מֵחֶ֥רֶב פַּרְעֹֽה ׃,ושמ האחד אליעזר כי אלהי אבי בעזרי ויצלני מחרב פרעה,11,ושום חד אליעזר ארי אלהא דאבא הוה בסעדי ושזבני מחרבא דפרעה:,11,"καὶ τὸ ὄνομα τοῦ δευτέρου Ἐλιέζερ, λέγων Ὁ γὰρ θεὸς τοῦ πατρός μου βοηθός μου, καὶ ἐξείλατό με ἐκ χειρὸς Φαραώ.",21,ܘܫܡܗ ܕܐܚܪܢܐ ܐܠܝܥܙܪ. ܡܛܠ ܕܐܠܗܐ ܕܐ̈ܒܗܝ ܒܥܕܪܝ̣. ܘܦܨ̇ܝܢܝ ܡܢ ܚܪܒܗ ܕܦܪܥܘܢ.,11,"e o outro se chamava Eliézer; porque disse: O Deus de meu pai foi minha ajuda, e me livrou da espada de Faraó.",23,True,True,True
18,5,Êxodo 18:5,וַיָּבֹ֞א יִתְר֨וֹ חֹתֵ֥ן מֹשֶׁ֛ה וּבָנָ֥יו וְאִשְׁתּ֖וֹ אֶל־ מֹשֶׁ֑ה אֶל־ הַמִּדְבָּ֗ר אֲשֶׁר־ ה֛וּא חֹנֶ֥ה שָׁ֖ם הַ֥ר הָאֱלֹהִֽים ׃,ויבא יתרו חתנ משה ובניו ואשתו אל משה אל המדבר אשר הוא חנה שמ הר האלהימ,17,ואתא יתרו חמוהי דמשה ובנוהי ואתתה לות משה למדברא די הוא שרי תמן לטורא דאתגלי עלוהי יקרא דיי:,18,"καὶ ἐξῆλθεν Ἰοθὸρ ὁ γαμβρὸς Μωυσῆ καὶ οἱ υἱοὶ καὶ ἡ γυνὴ πρὸς Μωυσῆν εἰς τὴν ἔρημον, οὗ παρενέβαλεν ἐπ᾽ ὄρους τοῦ θεοῦ.",23,ܘܐܬ̣ܐ ܝܬܪܘܢ ܚܡܘܗܝ ܕܡܘܫܐ ܘܒܢ̈ܘܗܝ ܘܐܢܬܬܗ ܠܘܬ ܡܘܫܐ̇. ܠܡܕܒܪܐ ܕܫܪܐ ܗܘܐ ܬܡܢ ܠܛܘܪܗ ܕܐܠܗܐ.,14,"Veio, pois, Jetro, o sogro de Moisés, com os filhos e a mulher deste, a Moisés, no deserto onde se tinha acampado, junto ao monte de Deus;",27,True,True,True
18,6,Êxodo 18:6,וַיֹּ֨אמֶר֙ אֶל־ מֹשֶׁ֔ה אֲנִ֛י חֹתֶנְךָ֥ יִתְר֖וֹ בָּ֣א אֵלֶ֑יךָ וְאִ֨שְׁתְּךָ֔ וּשְׁנֵ֥י בָנֶ֖יהָ עִמָּֽהּ ׃,ויאמר אל משה אני חתנכ יתרו בא אליכ ואשתכ ושני בניה עמה,13,ואמר למשה אנא חמוך יתרו אתי לותך ואתתך ותרין בנהא עמה:,11,"ἀνηγγέλη δὲ Μωυσεῖ λέγοντες Ἰδοὺ ὁ γαμβρός σου Ἰοθὸρ παραγίνεται πρὸς σέ, καὶ ἡ γυνὴ καὶ οἱ δύο υἱοί σου μετ᾽ αὐτοῦ.",22,ܘܐܬܐܡܪ ܠܡܘܫܐ. ܕܗܐ ܚܡܘܟ ܝܬܪܘܢ ܐܬ̣ܐ ܠܘܬܟ. ܘܐܢܬܬܟ ܘܬܪ̈ܝܗܘܢ ܒܢܝ̈ܟ ܥܡܗ.,11,"e disse a Moisés: Eu, teu sogro Jetro, venho a ti, com tua mulher e seus dois filhos com ela.",20,True,True,True
18,7,Êxodo 18:7,וַיֵּצֵ֨א מֹשֶׁ֜ה לִקְרַ֣את חֹֽתְנ֗וֹ וַיִּשְׁתַּ֨חוּ֙ וַיִּשַּׁק־ ל֔וֹ וַיִּשְׁאֲל֥וּ אִישׁ־ לְרֵעֵ֖הוּ לְשָׁל֑וֹם וַיָּבֹ֖אוּ הָאֹֽהֱלָה ׃,ויצא משה לקראת חתנו וישתחו וישק לו וישאלו איש לרעהו לשלומ ויבאו האהלה,14,ונפק משה לקדמות חמוהי וסגיד ונשיק לה ושאילו גבר לחברה לשלם ועלו למשכנא:,13,"ἐξῆλθεν δὲ Μωυσῆς εἰς συνάντησιν τῷ γαμβρῷ, καὶ προσεκύνησεν αὐτῷ καὶ ἐφίλησεν αὐτόν, καὶ ἠσπάσαντο ἀλλήλους· καὶ εἰσήγαγεν αὐτὸν εἰς τὴν σκηνήν.",22,ܘܢܦ̣ܩ ܡܘܫܐ ܠܐܘܪܥܗ ܕܚܡܘܗܝ̣. ܘ̣ܣܓܕ ܠܗ̣ ܘܢܫ̇ܩܗ ܘܫܐ̣ܠܘ ܐܢܫ ܒܫܠܡܐ ܕܚܒܪܗ. ܘܥܠ̣ܘ ܠܡܫܟ̣ܢܐ.,13,"Então saiu Moisés ao encontro de seu sogro, inclinou-se diante dele e o beijou; perguntaram um ao outro como estavam, e entraram na tenda.",24,True,True,True
18,8,Êxodo 18:8,וַיְסַפֵּ֤ר מֹשֶׁה֙ לְחֹ֣תְנ֔וֹ אֵת֩ כָּל־ אֲשֶׁ֨ר עָשָׂ֤ה יְהוָה֙ לְפַרְעֹ֣ה וּלְמִצְרַ֔יִם עַ֖ל אוֹדֹ֣ת יִשְׂרָאֵ֑ל אֵ֤ת כָּל־ הַתְּלָאָה֙ אֲשֶׁ֣ר מְצָאָ֣תַם בַּדֶּ֔רֶךְ וַיַּצִּלֵ֖ם יְהוָֽה ׃,ויספר משה לחתנו את כל אשר עשה יהוה לפרעה ולמצרימ על אודת ישראל את כל התלאה אשר מצאתמ בדרכ ויצלמ יהוה,22,ואשתעי משה לחמוהי ית כל די עבד יי לפרעה ולמצראי על עסק ישראל ית כל עקתא די אשכחתנון בארחא ושזבנון יי:,21,"καὶ διηγήσατο Μωσῆς τῷ γαμβρῷ πάντα ὅσα ἐποίησεν Κύριος τῷ Φαραὼ καὶ πᾶσι τοῖς Αἰγυπτίοις ἕνεκεν τοῦ Ἰσραήλ, καὶ πάντα τὸν μόχθον τὸν γενόμενον αὐτοῖς ἐν τῇ ὁδῷ, καὶ ὅτι ἐξείλατο αὐτοὺς Κύριος ἐκ χειρὸς Φαραὼ καὶ ἐκ χειρὸς τῶν Αἰγυπτίων.",41,ܘܐܫ̇ܬܥܝ ܡܘܫܐ ܠܚܡܘܗܝ. ܟܠ ܡܕܡ ܕܥܒ̣ܕ ܡܪܝܐ ܠܦܪܥܘܢ ܘܠܡܨܪ̈ܝܐ̇. ܥܠ ܨܒܘܬܐ ܕܒ̈ܢܝ ܐܝܣܪܝܠ. ܘܟܠ ܠܐܘܬܐ ܕܠܐܝܘ ܒܐܘܪܚܐ ܘܦܨ̇ܝ ܐܢܘܢ ܡܪܝܐ.,20,"Depois Moisés contou a seu sogro tudo o que o Senhor tinha feito a Faraó e aos egípcios por amor de Israel, todo o trabalho que lhes sobreviera no caminho, e como o Senhor os livrara.",36,True,True,True
18,9,Êxodo 18:9,וַיִּ֣חַדְּ יִתְר֔וֹ עַ֚ל כָּל־ הַטּוֹבָ֔ה אֲשֶׁר־ עָשָׂ֥ה יְהוָ֖ה לְיִשְׂרָאֵ֑ל אֲשֶׁ֥ר הִצִּיל֖וֹ מִיַּ֥ד מִצְרָֽיִם ׃,ויחד יתרו על כל הטובה אשר עשה יהוה לישראל אשר הצילו מיד מצרימ,14,וחדי יתרו על כל טבתא די עבד יי לישראל די שזביה מידא דמצראי:,13,"ἐξέστη δὲ Ἰοθὸρ ἐπὶ πᾶσι τοῖς ἀγαθοῖς οἷς ἐποίησεν αὐτοῖς Κύριος, ὅτι ἐξείλατο αὐτοὺς ἐκ χειρὸς Αἰγυπτίων καὶ ἐκ χειρὸς Φαραώ.",21,ܘܚ̣ܕܝ ܝܬܪܘܢ ܥܠ ܟܘܠ ܛܒܬ̈ܐ ܕܥܒ̣ܕ ܡܪܝܐ ܠܐܝܣܪܝܠ. ܘܦܨ̇ܝ ܐܢܘܢ ܡܢ ܐܝܕܐ ܕܡܨܪ̈ܝܐ. ܘܡܢ ܐܝܕܗ ܕܦܪܥܘܢ.,16,"E alegrou-se Jetro por todo o bem que o Senhor tinha feito a Israel, livrando-o da mão dos egípcios,",19,True,True,True
18,10,Êxodo 18:10,וַיֹּאמֶר֮ יִתְרוֹ֒ בָּר֣וּךְ יְהוָ֔ה אֲשֶׁ֨ר הִצִּ֥יל אֶתְכֶ֛ם מִיַּ֥ד מִצְרַ֖יִם וּמִיַּ֣ד פַּרְעֹ֑ה אֲשֶׁ֤ר הִצִּיל֙ אֶת־ הָעָ֔ם מִתַּ֖חַת יַד־ מִצְרָֽיִם ׃,ויאמר יתרו ברוכ יהוה אשר הציל אתכמ מיד מצרימ ומיד פרעה אשר הציל את העמ מתחת יד מצרימ,19,ואמר יתרו בריך יי די שזיב יתכון מידא דמצראי ומידא דפרעה די שזיב ית עמא מתחות מרות מצראי:,18,"καὶ εἶπεν Ἰοθόρ Εὐλογητὸς Κύριος, ὅτι ἐξείλατο αὐτοὺς ἐκ χειρὸς Αἰγυπτίων καὶ ἐκ χειρὸς Φαραώ.",15,ܘܐܡ̣ܪ ܝܬܪܘܢ. ܒܪܝܟ ܗܘ ܡܪܝܐ ܕܦܨܝܟܘܢ ܡܢ ܐܝܕܐ ܕܡܨܪ̈ܝܐ ܘܡܢ ܐܝܕܗ ܕܦܪܥܘܢ. ܕܦܨ̇ܝ ܠܥܡܗ ܡܢ ܬܚܝܬ ܐܝܕܐ ܕܡܨܪ̈ܝܐ.,18,"e disse: Bendito seja o Senhor, que vos livrou da mão dos egípcios e da mão de Faraó; que livrou o povo de debaixo da mão dos egípcios.",28,True,True,True
18,11,Êxodo 18:11,עַתָּ֣ה יָדַ֔עְתִּי כִּֽי־ גָד֥וֹל יְהוָ֖ה מִכָּל־ הָאֱלֹהִ֑ים כִּ֣י בַדָּבָ֔ר אֲשֶׁ֥ר זָד֖וּ עֲלֵיהֶֽם ׃,עתה ידעתי כי גדול יהוה מכל האלהימ כי בדבר אשר זדו עליהמ,13,כען ידענא ארי רב יי ולית אלה בר מנה ארי בפתגמא די חשיבו מצראי למדן ית ישראל בה דננון:,19,"νῦν ἔγνων ὅτι μέγας Κύριος παρὰ πάντας τοὺς θεούς, ἕνεκεν τούτου ὅτι ἐπέθεντο αὐτοῖς.",14,ܗܫܐ ܝܕܥ̇ܬ ܕܪܒ ܗܘ ܡܪܝܐ ܡܢ ܟܠܗܘܢ ܐ̈ܠܗܐ̇. ܡܛܠ ܬܪܥܝܬܐ ܕܐܬ̇ܪܥܝܘ ܥܠܝܗܘܢ.,12,Agora sei que o Senhor é maior que todos os deuses; até naquilo em que se houveram arrogantemente contra o povo.,21,True,True,True
18,12,Êxodo 18:12,וַיִּקַּ֞ח יִתְר֨וֹ חֹתֵ֥ן מֹשֶׁ֛ה עֹלָ֥ה וּזְבָחִ֖ים לֵֽאלֹהִ֑ים וַיָּבֹ֨א אַהֲרֹ֜ן וְכֹ֣ל ׀ זִקְנֵ֣י יִשְׂרָאֵ֗ל לֶאֱכָל־ לֶ֛חֶם עִם־ חֹתֵ֥ן מֹשֶׁ֖ה לִפְנֵ֥י הָאֱלֹהִֽים ׃,ויקח יתרו חתנ משה עלה וזבחימ לאלהימ ויבא אהרנ וכל זקני ישראל לאכל לחמ עמ חתנ משה לפני האלהימ,21,וקריב יתרו חמוהי דמשה עלון ונכסת קודשין קדם יי ואתא אהרן וכל סבי ישראל למיכל לחמא עם חמוהי דמשה קדם יי:,21,καὶ ἔλαβεν Ἰοθὸρ ὁ γαμβρὸς Μωυσῆ ὁλοκαυτώματα καὶ θυσίας τῷ θεῷ· παρεγένετο δὲ Ἀαρὼν καὶ πάντες οἱ πρεσβύτεροι Ἰσραὴλ συνφαγεῖν ἄρτον μετὰ τοῦ γαμβροῦ Μωυσῆ ἐναντίον τοῦ θεοῦ.,28,ܘܩ̇ܪܒ ܝܬܪܘܢ ܚܡܘܗܝ ܕܡܘܫܐ̇. ܝܩ̈ܕܐ ܫ̈ܠܡ̣ܐ ܘܕܒܚ̈ܐ ܠܡܪܝܐ. ܘܐܬ̣ܐ ܐܗܪܘܢ ܘܟܠܗܘܢ ܣ̈ܒܐ ܕܒܢ̈ܝ ܐܝܣܪܝܠ . ܠܡܐܟܠ ܠܚܡܐ ܥܡ ܚܡܘܗܝ ܕܡܘܫܐ ܩܕܡ ܐܠܗܐ.,22,"Então Jetro, o sogro de Moisés, tomou holocausto e sacrifícios para Deus; e veio Arão, e todos os anciãos de Israel, para comerem pão com o sogro de Moisés diante de Deus.",32,True,True,True
18,13,Êxodo 18:13,וַיְהִי֙ מִֽמָּחֳרָ֔ת וַיֵּ֥שֶׁב מֹשֶׁ֖ה לִשְׁפֹּ֣ט אֶת־ הָעָ֑ם וַיַּעֲמֹ֤ד הָעָם֙ עַל־ מֹשֶׁ֔ה מִן־ הַבֹּ֖קֶר עַד־ הָעָֽרֶב ׃,ויהי ממחרת וישב משה לשפט את העמ ויעמד העמ על משה מנ הבקר עד הערב,16,והוה מיומא דבתרוהי ויתיב משה למדן ית עמא וקם עמא עלוהי דמשה מן צפרא עד רמשא:,16,Καὶ ἐγένετο μετὰ τὴν ἐπαύριον συνεκάθισεν Μωυσῆς κρίνειν τὸν λαόν· παριστήκει δὲ πᾶς ὁ λαὸς Μωυσεῖ ἀπὸ πρωίθεν ἕως δείλης.,20,ܘܗܘ̣ܐ ܠܒܬܪ ܝܘܡܐ. ܘܝܬ̣ܒ ܡܘܫܐ ܠܡ̣ܕܢ ܠܥܡܐ. ܘܩܝ̇ܡܝܢ ܗܘܘ ܥܡܐ ܠܥܠ ܡܢ ܡܘܫܐ. ܡܢ ܨ̇ܦܪܐ ܘܥܕܡܐ ܠܪܡܫܐ.,17,No dia seguinte assentou-se Moisés para julgar o povo; e o povo estava em pé junto de Moisés desde a manhã até a tarde.,24,True,True,True
18,14,Êxodo 18:14,וַיַּרְא֙ חֹתֵ֣ן מֹשֶׁ֔ה אֵ֛ת כָּל־ אֲשֶׁר־ ה֥וּא עֹשֶׂ֖ה לָעָ֑ם וַיֹּ֗אמֶר מָֽה־ הַדָּבָ֤ר הַזֶּה֙ אֲשֶׁ֨ר אַתָּ֤ה עֹשֶׂה֙ לָעָ֔ם מַדּ֗וּעַ אַתָּ֤ה יוֹשֵׁב֙ לְבַדֶּ֔ךָ וְכָל־ הָעָ֛ם נִצָּ֥ב עָלֶ֖יךָ מִן־ בֹּ֥קֶר עַד־ עָֽרֶב ׃,וירא חתנ משה את כל אשר הוא עשה לעמ ויאמר מה הדבר הזה אשר אתה עשה לעמ מדוע אתה יושב לבדכ וכל העמ נצב עליכ מנ בקר עד ערב,30,וחזא חמוהי דמשה ית כל די הוא עבד לעמא ואמר מה פתגמא הדין די את עבד לעמא מה דין את יתב בלחודך וכל עמא קימין עלוך מן צפרא עד רמשא:,30,"καὶ ἰδὼν Ἰοθὸρ πάντα ὅσα ποιεῖ τῷ λαῷ λέγει Τί τοῦτο ὃ σὺ ποιεῖς τῷ λαῷ; διὰ τί σὺ κάθησαι μόνος, πᾶς δὲ ὁ λαὸς παρέστηκέν σοι ἀπὸ πρωίθεν ἕως δείλης;",31,ܘܚ̣ܙܐ ܚܡܘܗܝ ܕܡܘܫܐ ܟܘܠ ܡܕܡ ܕܥܒ̇ܕ ܠܥܡܐ. ܘܐܡ̣ܪ ܠܗ. ܡ̇ܢܘ ܦܬܓܡܐ ܗܢܐ ܕܥܒ̇ܕ ܐܢܬ ܠܥܡܐ. ܠܡܢܐ ܝ̇ܬܒ ܐܢܬ ܒܠܚܘܕܝܟ̇. ܘܟܠܗ ܥܡܐ ܩܐ̇ܡ ܠܥܠ ܡܢܟ̇ ܡܢ ܨ̇ܦܪܐ ܘܥܕܡܐ ܠܪܡܫܐ.,28,"Vendo, pois, o sogro de Moisés tudo o que ele fazia ao povo, perguntou: Que é isto que tu fazes ao povo? por que te assentas só, permanecendo todo o povo junto de ti desde a manhã até a tarde?",40,True,True,True
18,15,Êxodo 18:15,וַיֹּ֥אמֶר מֹשֶׁ֖ה לְחֹתְנ֑וֹ כִּֽי־ יָבֹ֥א אֵלַ֛י הָעָ֖ם לִדְרֹ֥שׁ אֱלֹהִֽים ׃,ויאמר משה לחתנו כי יבא אלי העמ לדרש אלהימ,10,ואמר משה לחמוהי ארי אתן לותי עמא למתבע אולפן מן קדם יי:,12,καὶ λέγει Μωυσῆς τῷ γαμβρῷ Ὅτι παραγίνεται πρὸς μὲ ὁ λαὸς ἐκζητῆσαι κρίσιν παρὰ τοῦ θεοῦ.,16,ܘܐܡ̣ܪ ܡܘܫܐ ܠܚܡܘܗܝ. ܕܐܬ̇ܝܢ ܠܘܬܝ ܥܡܐ ܠܡܫ̣ܐܠ ܡܠܬܐ ܡܢ ܐܠܗܐ.,10,Respondeu Moisés a seu sogro: É por que o povo vem a mim para consultar a Deus.,17,True,True,True
18,16,Êxodo 18:16,כִּֽי־ יִהְיֶ֨ה לָהֶ֤ם דָּבָר֙ בָּ֣א אֵלַ֔י וְשָׁ֣פַטְתִּ֔י בֵּ֥ין אִ֖ישׁ וּבֵ֣ין רֵעֵ֑הוּ וְהוֹדַעְתִּ֛י אֶת־ חֻקֵּ֥י הָאֱלֹהִ֖ים וְאֶת־ תּוֹרֹתָֽיו ׃,כי יהיה להמ דבר בא אלי ושפטתי בינ איש ובינ רעהו והודעתי את חקי האלהימ ואת תורתיו,18,כד הוי להון דינא אתן לותי ודאינא בין גברא ובין חברה ומהודענא להון ית קימיא דיי וית אוריתה:,18,"ὅταν γὰρ γένηται αὐτοῖς ἀντιλογία καὶ ἔλθωσι πρὸς μέ, διακρίνω ἕκαστον, καὶ συμβιβάζω αὐτοὺς τὰ προστάγματα τοῦ θεοῦ καὶ τὸν νόμον αὐτοῦ.",22,ܘܡܐ ܕܗ̇ܘܐ ܠܗܘܢ ܦܬܓܡܐ ܐܬ̇ܝܢ ܠܘܬܝ. ܘܕܐ̇ܢ ܐܢܐ ܒܝܬ ܓܒܪܐ ܠܚܒܪܗ. ܘܡܚܘܐ ܐܢܐ ܠܗܘܢ ܦܘܩ̈ܕܢܘܗܝ ܕܐܠܗܐ ܘܢܡܘܣ̈ܘܗܝ.,17,"Quando eles têm alguma questão, vêm a mim; e eu julgo entre um e outro e lhes declaro os estatutos de Deus e as suas leis.",26,True,True,True
18,17,Êxodo 18:17,וַיֹּ֛אמֶר חֹתֵ֥ן מֹשֶׁ֖ה אֵלָ֑יו לֹא־ טוֹב֙ הַדָּבָ֔ר אֲשֶׁ֥ר אַתָּ֖ה עֹשֶֽׂה ׃,ויאמר חתנ משה אליו לא טוב הדבר אשר אתה עשה,11,ואמר חמוהי דמשה לה לא תקין פתגמא דאת עבד:,9,εἶπεν δὲ ὁ γαμβρὸς Μωυσῆ πρὸς αὐτόν,7,ܘܐܡ̣ܪ ܠܗ ܚܡܘܗܝ ܠܡܘܫܐ. ܠܐ̇ ܫܦܝܪ ܥܒ̇ܕ ܐܢܬ.,8,"O sogro de Moisés, porém, lhe replicou: Não é bom o que fazes.",13,True,True,True
18,18,Êxodo 18:18,נָבֹ֣ל תִּבֹּ֔ל גַּם־ אַתָּ֕ה גַּם־ הָעָ֥ם הַזֶּ֖ה אֲשֶׁ֣ר עִמָּ֑ךְ כִּֽי־ כָבֵ֤ד מִמְּךָ֙ הַדָּבָ֔ר לֹא־ תוּכַ֥ל עֲשֹׂ֖הוּ לְבַדֶּֽךָ ׃,נבל תבל גמ אתה גמ העמ הזה אשר עמכ כי כבד ממכ הדבר לא תוכל עשהו לבדכ,18,מלאה תלאה אף את אף עמא הדין דעמך ארי יקיר מנך פתגמא לא תכול למעבדה בלחודך:,16,"Οὐκ ὀρθῶς σὺ ποιεῖς τὸ ῥῆμα τοῦτο· φθορᾷ καταφθαρήσῃ ἀνυπομονήτῳ καὶ σὺ καὶ πᾶς ὁ λαὸς ὅς ἐστιν μετὰ σοῦ· βαρύ σοι τὸ ῥῆμα τοῦτο, οὐ δυνήσῃ ποιεῖν μόνος.",29,ܡܨܛ̇ܥܪܘ ܡܨܛ̇ܥܪ ܐܢܬ. ܐܦ ܐܢܬ ܐܦ ܟܠܗ ܥܡܐ ܗܢܐ ܕܥܡܟ. ܡܛܘܠ ܕܝܩܝܪ ܗ̣ܘ ܡܢܟ ܦܬܓܡܐ. ܘܠܐ ܡܫܟܚ ܐܢܬ ܠܡܥܒܕܗ ܒܠܚܘܕܝܟ.,20,"certamente desfalecerás, assim tu, como este povo que está contigo; porque isto te é pesado demais; tu só não o podes fazer.",22,True,True,True
18,19,Êxodo 18:19,עַתָּ֞ה שְׁמַ֤ע בְּקֹלִי֙ אִיעָ֣צְךָ֔ וִיהִ֥י אֱלֹהִ֖ים עִמָּ֑ךְ הֱיֵ֧ה אַתָּ֣ה לָעָ֗ם מ֚וּל הָֽאֱלֹהִ֔ים וְהֵבֵאתָ֥ אַתָּ֛ה אֶת־ הַדְּבָרִ֖ים אֶל־ הָאֱלֹהִֽים ׃,עתה שמע בקלי איעצכ ויהי אלהימ עמכ היה אתה לעמ מול האלהימ והבאת אתה את הדברימ אל האלהימ,19,כען קבל מני אמלכנך ויהי מימרא דיי בסעדך הוי את לעמא אולפן מן קדם יי ותהי מיתי את ית פתגמיא לקדם יי:,22,"νῦν οὖν ἄκουσόν μου, καὶ συμβουλεύσω σοι, καὶ ἔσται ὁ θεὸς μετὰ σοῦ. γίνου σὺ τῷ λαῷ τὰ πρὸς τὸν θεόν, καὶ ἀνοίσεις τοὺς λόγους αὐτῶν πρὸς τὸν θεόν·",29,ܗܫܐ ܫܡ̣ܥ ܒܩܠܝ̣ ܘܐܡܠ̣ܟܟ. ܘܢ̣ܗܘܐ ܐܠܗܐ ܥܡܟ. ܗܘ̣ܝ ܐܢܬ ܡ̇ܠܦܢܐ ܠܥܡܐ ܡܢ ܐܠܗܐ. ܘܗܘ̣ܝܬ ܡ̇ܥܠ ܦܬܓܡ̈ܝܗܘܢ ܩܕܡ ܐܠܗܐ.,18,"Ouve agora a minha voz; eu te aconselharei, e seja Deus contigo: sê tu pelo povo diante de Deus, e leva tu as causas a Deus;",26,True,True,True
18,20,Êxodo 18:20,וְהִזְהַרְתָּ֣ה אֶתְהֶ֔ם אֶת־ הַחֻקִּ֖ים וְאֶת־ הַתּוֹרֹ֑ת וְהוֹדַעְתָּ֣ לָהֶ֗ם אֶת־ הַדֶּ֨רֶךְ֙ יֵ֣לְכוּ בָ֔הּ וְאֶת־ הַֽמַּעֲשֶׂ֖ה אֲשֶׁ֥ר יַעֲשֽׂוּן ׃,והזהרתה אתהמ את החקימ ואת התורת והודעת להמ את הדרכ ילכו בה ואת המעשה אשר יעשונ,17,ותזהר יתהון ית קימיא וית אוריתא ותהודע להון ית אורחא דיהכון בה וית עובדא דיעבדון:,15,"καὶ διαμαρτυρῇ αὐτοῖς τὰ προστάγματα τοῦ θεοῦ καὶ τὸν νόμον αὐτοῦ, καὶ σημανεῖς αὐτοῖς τὰς ὁδοὺς ἐν αἷς πορεύσονται ἐν αὐταῖς, καὶ τὰ ἔργα ἃ ποιήσουσιν.",26,ܘܬܙ̇ܗܪ ܐܢܘܢ ܕܢܛܪ̣ܘܢ ܦܘܩ̈ܕܢܐ ܘܢܡܘܣ̈ܐ. ܘܬܚܘܐ̇ ܐܢܘܢ ܐܘܪܚܐ ܕܢܐܙܠܘܢ ܒܗ̣̇. ܘܥ̇ܒ̈ܕܐ ܕܢܥܒܕܘܢ.,12,"ensinar-lhes-ás os estatutos e as leis, e lhes mostrarás o caminho em que devem andar, e a obra que devem fazer.",21,True,True,True
18,21,Êxodo 18:21,וְאַתָּ֣ה תֶחֱזֶ֣ה מִכָּל־ הָ֠עָם אַנְשֵׁי־ חַ֜יִל יִרְאֵ֧י אֱלֹהִ֛ים אַנְשֵׁ֥י אֱמֶ֖ת שֹׂ֣נְאֵי בָ֑צַע וְשַׂמְתָּ֣ עֲלֵהֶ֗ם שָׂרֵ֤י אֲלָפִים֙ שָׂרֵ֣י מֵא֔וֹת שָׂרֵ֥י חֲמִשִּׁ֖ים וְשָׂרֵ֥י עֲשָׂרֹֽת ׃,ואתה תחזה מכל העמ אנשי חיל יראי אלהימ אנשי אמת שנאי בצע ושמת עלהמ שרי אלפימ שרי מאות שרי חמשימ ושרי עשרת,23,ואת תחזי מכל עמא גברין דחילא דחליא דיי גברין דקשוט דסנן לקבלא ממון ותמני עליהון רבני אלפין רבני מאותא רבני חמשין ורבני עשוריתא:,23,"καὶ σὺ σεαυτῷ σκέψαι ἀπὸ παντὸς τοῦ λαοῦ ἄνδρας δυνατούς, θεοσεβεῖς, ἄνδρας δικαίους, μισοῦντας ὑπερηφανίαν, καὶ καταστήσεις ἐπ᾽ αὐτῶν χιλιάρχους καὶ ἑκατοντάρχους καὶ πεντηκοντάρχους καὶ δεκαδάρχους,",26,ܘܐܢܬ ܬܚܙܐ ܡܢ ܟܠܗ ܥܡܐ ܓܒܪ̈ܐ ܕܚܝܠܐ. ܕܕܚ̇ܠܝܢ ܡܢ ܐܠܗܐ . ܓܒܪ̈ܝ̣ܢ ܫܪ̈ܝܪܝܢ ܘܣ̇ܢܝܢ ܫܘܚܕܐ ܘܢܟܠܐ. ܘܐܩܝܡ ܥܠܝܗܘܢ ܪ̈ܝܫܝ ܐ̈ܠܦܐ ܘܪ̈ܝܫܝ ܡܐ̈ܘܬܐ. ܘܪ̈ܝܫܝ ܚܡܫܝܢ̇ ܘܪ̈ܫܝ̣ ܥܣܪ̈ܐ.,26,"Além disto procurarás dentre todo o povo homens de capacidade, tementes a Deus, homens verazes, que aborreçam a avareza, e os porás sobre eles por chefes de mil, chefes de cem, chefes de cinqüenta e chefes de dez;",38,True,True,True
18,22,Êxodo 18:22,וְשָׁפְט֣וּ אֶת־ הָעָם֮ בְּכָל־ עֵת֒ וְהָיָ֞ה כָּל־ הַדָּבָ֤ר הַגָּדֹל֙ יָבִ֣יאוּ אֵלֶ֔יךָ וְכָל־ הַדָּבָ֥ר הַקָּטֹ֖ן יִשְׁפְּטוּ־ הֵ֑ם וְהָקֵל֙ מֵֽעָלֶ֔יךָ וְנָשְׂא֖וּ אִתָּֽךְ ׃,ושפטו את העמ בכל עת והיה כל הדבר הגדל יביאו אליכ וכל הדבר הקטנ ישפטו המ והקל מעליכ ונשאו אתכ,21,וידונון ית עמא בכל עדן ויהי כל פתגם רב ייתון לותך וכל פתגם זעיר ידונון אנון ויקלון מנך ויסוברון עמך:,20,"καὶ κρινοῦσιν τὸν λαὸν πᾶσαν ὥραν· τὸ δὲ ῥῆμα τὸ ὑπέρογκον ἀνοίσουσιν ἐπὶ σέ, τὰ δὲ βραχέα τῶν κριμάτων κρινοῦσιν αὐτοί, καὶ κουφιοῦσιν ἀπὸ σοῦ καὶ συναντιλήμψονταί σοι.",28,ܘܢ̇ܗܘܘܢ ܕܝ̇ܢܝܢ ܠܥܡܐ ܒܟܠ ܥܕܢ. ܘܟܕ ܢܗܘܐ ܦܬܓܡܐ ܪܒܐ ܢܐܬܘܢ ܠܘܬܟ. ܘܟܠ ܦܬܓܡܐ ܙܥܘܪܐ ܗ̣ܢܘܢ ܢܕ̣ܘܢܘܢ. ܘܐܩܠ ܡܢܟ̣ ܘܢ̇ܫܩ̣ܠܘܢ ܥܡܟ.,20,"e julguem eles o povo em todo o tempo. Que a ti tragam toda causa grave, mas toda causa pequena eles mesmos a julguem; assim a ti mesmo te aliviarás da carga, e eles a levarão contigo.",37,True,True,True
18,23,Êxodo 18:23,אִ֣ם אֶת־ הַדָּבָ֤ר הַזֶּה֙ תַּעֲשֶׂ֔ה וְצִוְּךָ֣ אֱלֹהִ֔ים וְיָֽכָלְתָּ֖ עֲמֹ֑ד וְגַם֙ כָּל־ הָעָ֣ם הַזֶּ֔ה עַל־ מְקֹמ֖וֹ יָבֹ֥א בְשָׁלֽוֹם ׃,אמ את הדבר הזה תעשה וצוכ אלהימ ויכלת עמד וגמ כל העמ הזה על מקמו יבא בשלומ,18,אם ית פתגמא הדין תעבד ויפקדנך יי ותכול למיקם ואף כל עמא הדין על אתרה יהך בשלם:,17,"ἐὰν τὸ ῥῆμα τοῦτο ποιήσῃς, κατισχύσει σε ὁ θεὸς καὶ δυνήσῃ παραστῆναι, καὶ πᾶς ὁ λαὸς οὗτος εἰς τὸν ἑαυτοῦ τόπον μετ᾽ εἰρήνης ἥξει.",24,ܘܐܢ ܦܬܓܡܐ ܗܢܐ ܬܥܒ̣ܕ. ܡ̇ܦܩ̣ܕ ܠܟ ܐܠܗܐ ܘܡܫܟܚ ܐܢܬ ܠܡܩ̣ܡ. ܘܐܦ ܟܠܗ ܥܡܐ ܗܢܐ. ܐܢܫ ܠܒܝܬܗ̣ ܢ̇ܐܙܠܘܢ ܒܫܠܡܐ.,18,"Se isto fizeres, e Deus to mandar, poderás então subsistir; assim também todo este povo irá em paz para o seu lugar.",22,True,True,True
18,24,Êxodo 18:24,וַיִּשְׁמַ֥ע מֹשֶׁ֖ה לְק֣וֹל חֹתְנ֑וֹ וַיַּ֕עַשׂ כֹּ֖ל אֲשֶׁ֥ר אָמָֽר ׃,וישמע משה לקול חתנו ויעש כל אשר אמר,9,וקביל משה למימרא דחמוהי ועבד כל די אמר:,8,"ἤκουσεν δὲ Μωυσῆς τῆς φωνῆς τοῦ γαμβροῦ, καὶ ἐποίησεν ὅσα αὐτῷ εἶπεν.",12,ܘܫܡ̣ܥ ܡܘܫܐ ܒܩܠܗ ܕܚܡܘܗܝ̣. ܘܥܒܕ ܟܠ ܡܕܡ ܕܐܡ̣ܪ ܠܗ.,9,"E Moisés deu ouvidos à voz de seu sogro, e fez tudo quanto este lhe dissera;",16,True,True,True
18,25,Êxodo 18:25,וַיִּבְחַ֨ר מֹשֶׁ֤ה אַנְשֵׁי־ חַ֨יִל֙ מִכָּל־ יִשְׂרָאֵ֔ל וַיִּתֵּ֥ן אֹתָ֛ם רָאשִׁ֖ים עַל־ הָעָ֑ם שָׂרֵ֤י אֲלָפִים֙ שָׂרֵ֣י מֵא֔וֹת שָׂרֵ֥י חֲמִשִּׁ֖ים וְשָׂרֵ֥י עֲשָׂרֹֽת ׃,ויבחר משה אנשי חיל מכל ישראל ויתנ אתמ ראשימ על העמ שרי אלפימ שרי מאות שרי חמשימ ושרי עשרת,20,ובחר משה גברין דחילא מכל ישראל ומני יתהון רישין על עמא רבני אלפין רבני מאותא רבני חמשין ורבני עשוריתא:,19,"καὶ ἐπέλεξεν Μωσῆς ἄνδρας δυνατοὺς ἀπὸ παντὸς Ἰσραήλ, καὶ ἐποίησεν αὐτοὺς ἐπ᾽ αὐτῶν χιλιάρχους καὶ ἑκατοντάρχους καὶ πεντηκοντάρχους καὶ δεκαδάρχους,",20,ܘܓܒ̣ܐ ܡܘܫܐ ܓܒܪ̈ܐ ܕܚܝܠܐ ܡܢ ܟܠܗ ܐܝܣܪܝܠ. ܘܐܩܝܡ ܐܢܘܢ ܪ̈ܫܐ ܥܠ ܥܡܐ. ܪ̈ܝܫܝ ܐ̈ܠܦܐ̇ ܘܪ̈ܫܝ ܡܐ̈ܘܬܐ. ܘܪ̈ܫܝ ܚܡܫܝܢ̇ ܘܪ̈ܫܝ ܥܣܪܐ.,20,"e escolheu Moisés homens capazes dentre todo o Israel, e os pôs por cabeças sobre o povo: chefes de mil, chefes de cem, chefes de cinqüenta e chefes de dez.",30,True,True,True
18,26,Êxodo 18:26,וְשָׁפְט֥וּ אֶת־ הָעָ֖ם בְּכָל־ עֵ֑ת אֶת־ הַדָּבָ֤ר הַקָּשֶׁה֙ יְבִיא֣וּן אֶל־ מֹשֶׁ֔ה וְכָל־ הַדָּבָ֥ר הַקָּטֹ֖ן יִשְׁפּוּט֥וּ הֵֽם ׃,ושפטו את העמ בכל עת את הדבר הקשה יביאונ אל משה וכל הדבר הקטנ ישפוטו המ,17,ודינין ית עמא בכל עדן ית פתגם קשי מיתין לות משה וכל פתגם זעיר דינין אנון:,16,"καὶ ἐκρίνοσαν τὸν λαὸν πᾶσαν ὥραν· πᾶν δὲ ῥῆμα ὑπέρογκον ἀνεφέροσαν ἐπὶ Μωυσῆν, πᾶν δὲ ῥῆμα ἐλαφρὸν ἐκρίνοσαν αὐτοί.",19,ܘܕܝ̇ܢܝܢ ܗܘܘ ܠܥܡܐ ܒܟܠ ܥܕܢ. ܘܦܬܓܡܐ ܕܩܫ̣ܐ ܡ̇ܝܬܝܢ ܗܘܘ ܠܘܬ ܡܘܫܐ. ܘܦܬܓܡܐ ܙܥܘܪܐ ܕܝ̇ܢܝܢ ܗܘܘ ܗ̣ܢܘܢ.,16,"Estes, pois, julgaram o povo em todo o tempo; as causas graves eles as trouxeram a Moisés; mas toda causa pequena, julgaram-na eles mesmos.",24,True,True,True
18,27,Êxodo 18:27,וַיְשַׁלַּ֥ח מֹשֶׁ֖ה אֶת־ חֹתְנ֑וֹ וַיֵּ֥לֶךְ ל֖וֹ אֶל־ אַרְצֽוֹ ׃ פ,וישלח משה את חתנו וילכ לו אל ארצו פ,10,ושלח משה ית חמוהי ואזל לה לארעה:,7,"ἐξαπέστειλεν δὲ Μωυσῆς τὸν ἑαυτοῦ γαμβρόν, καὶ ἀπῆλθεν εἰς τὴν γῆν αὐτοῦ.",12,ܘܫܕܪ ܡܘܫܐ ܠܚܡܘܗܝ̣ ܘܐܙ̣ܠ ܠܐܪܥܗ.,5,"Então despediu Moisés a seu sogro, o qual se foi para a sua terra.",14,True,True,True
19,1,Êxodo 19:1,בַּחֹ֨דֶשׁ֙ הַשְּׁלִישִׁ֔י לְצֵ֥את בְּנֵי־ יִשְׂרָאֵ֖ל מֵאֶ֣רֶץ מִצְרָ֑יִם בַּיּ֣וֹם הַזֶּ֔ה בָּ֖אוּ מִדְבַּ֥ר סִינָֽי ׃,בחדש השלישי לצאת בני ישראל מארצ מצרימ ביומ הזה באו מדבר סיני,13,בירחא תליתאה למפק בני ישראל מארעא דמצרים ביומא הדין אתו למדברא דסיני:,12,Τοῦ δὲ μηνὸς τοῦ τρίτου τῆς ἐξόδου τῶν υἱῶν Ἰσραὴλ ἐκ γῆς Αἰγύπτου τῇ ἡμέρᾳ ταύτῃ ἤλθοσαν εἰς τὴν ἔρημον τοῦ Σεινά.,22,ܒܝܪܚܐ ܬܠܝܬܝܐ ܒܬ̇ܪ ܡܦܩܢܐ ܕܒܢ̈ܝ ܐܝܣܪܝܠ ܡܢ ܡܨܪܝ̣ܢ. ܒܗ ܒܝܘܡܐ ܗܢܐ. ܐܬܘ ܠܡܕܒܪܐ ܕܣܝܢ.,14,"No terceiro mês depois que os filhos de Israel haviam saído da terra do Egito, no mesmo dia chegaram ao deserto de Sinai.",23,True,True,True
19,2,Êxodo 19:2,וַיִּסְע֣וּ מֵרְפִידִ֗ים וַיָּבֹ֨אוּ֙ מִדְבַּ֣ר סִינַ֔י וַֽיַּחֲנ֖וּ בַּמִּדְבָּ֑ר וַיִּֽחַן־ שָׁ֥ם יִשְׂרָאֵ֖ל נֶ֥גֶד הָהָֽר ׃,ויסעו מרפידימ ויבאו מדבר סיני ויחנו במדבר ויחנ שמ ישראל נגד ההר,13,ונטלו מרפידים ואתו למדברא דסיני ושרו במדברא ושרא תמן ישראל לקבל טורא:,12,"καὶ ἀπῆραν ἐκ Ῥαφιδεὶν καὶ ἤλθοσαν εἰς τὴν ἔρημον τοῦ Σεινά, καὶ παρενέβαλεν ἐκεῖ Ἰσραὴλ κατέναντι τοῦ ὄρους.",18,ܘܫܩ̣ܠܘ ܡܢ ܪܦܝܕܝ̣ܢ. ܘܐܬܘ ܠܡܕܒܪܐ ܕܣܝܢܝ. ܘܫ̣ܪܘ ܒܡܕܒܪܐ. ܘܫ̣ܪܐ ܬܡ̇ܢ ܐܝܣܪܝܠ ܠܘܩܒܠ ܛܘܪܐ.,13,"Tendo partido de Refidim, entraram no deserto de Sinai, onde se acamparam; Israel, pois, ali acampou-se em frente do monte.",20,True,True,True
19,3,Êxodo 19:3,וּמֹשֶׁ֥ה עָלָ֖ה אֶל־ הָאֱלֹהִ֑ים וַיִּקְרָ֨א אֵלָ֤יו יְהוָה֙ מִן־ הָהָ֣ר לֵאמֹ֔ר כֹּ֤ה תֹאמַר֙ לְבֵ֣ית יַעֲקֹ֔ב וְתַגֵּ֖יד לִבְנֵ֥י יִשְׂרָאֵֽל ׃,ומשה עלה אל האלהימ ויקרא אליו יהוה מנ ההר לאמר כה תאמר לבית יעקב ותגיד לבני ישראל,18,ומשה סלק קדם יי וקרא לה יי מן טורא למימר כדנן תימר לבית יעקב ותחוי לבני ישראל:,17,καὶ Μωσῆς ἀνέβη εἰς τὸ ὄρος τοῦ θεοῦ· καὶ ἐκάλεσεν αὐτὸν ὁ θεὸς ἐκ τοῦ οὐρανοῦ λέγων Τάδε ἐρεῖς τῷ οἴκῳ Ἰακὼβ καὶ ἀναγγελεῖς τοῖς υἱοῖς Ἰσραήλ,27,ܘܡܘܫܐ ܣܠܩ̣ ܠܘܬ ܐܠܗܐ. ܘܩܪ̣ܐ ܠܗ ܐܠܗܐ ܡܢ ܛܘܪܐ ܘܐܡ̣ܪ. ܗܟܢܐ ܬܐܡܪ ܠܕܒܝܬ ܝܥܩܘܒ. ܘܬܚ̇ܘܐ ܠܒ̣ܢ̈ܝ ܐܝܣܪܝܠ.,17,"Então subiu Moisés a Deus, e do monte o Senhor o chamou, dizendo: Assim falarás à casa de Jacó, e anunciarás aos filhos de Israel:",25,True,True,True
19,4,Êxodo 19:4,אַתֶּ֣ם רְאִיתֶ֔ם אֲשֶׁ֥ר עָשִׂ֖יתִי לְמִצְרָ֑יִם וָאֶשָּׂ֤א אֶתְכֶם֙ עַל־ כַּנְפֵ֣י נְשָׁרִ֔ים וָאָבִ֥א אֶתְכֶ֖ם אֵלָֽי ׃,אתמ ראיתמ אשר עשיתי למצרימ ואשא אתכמ על כנפי נשרימ ואבא אתכמ אלי,14,אתון חזתון די עבדית למצרים ונטלית יתכון כדעל גדפי נשרין וקרבית יתכון לפלחני:,13,"Αὐτοὶ ἑωράκατε ὅσα πεποίηκα τοῖς Αἰγυπτίοις, καὶ ἀνέλαβον ὑμᾶς ὡσεὶ ἐπὶ πτερύγων ἀετῶν, καὶ προσηγαγόμην ὑμᾶς πρὸς ἐμαυτόν.",18,ܐܢܬܘܢ ܚܙܝܬܘܢ ܡܕܡ ܕܥܒ̇ܕܬ ܠܡܨܪ̈ܝܐ. ܘܫܩ̇ܠܬܟܘܢ ܐܝܟ ܕܥܠ ܓܦܝ̈ ܢܫܪܐ. ܘܐܝܬܝܬܟܘܢ ܠܘܬܝ.,12,"Vós tendes visto o que fiz: aos egípcios, como vos levei sobre asas de águias, e vos trouxe a mim.",20,True,True,True
19,5,Êxodo 19:5,וְעַתָּ֗ה אִם־ שָׁמ֤וֹעַ תִּשְׁמְעוּ֙ בְּקֹלִ֔י וּשְׁמַרְתֶּ֖ם אֶת־ בְּרִיתִ֑י וִהְיִ֨יתֶם לִ֤י סְגֻלָּה֙ מִכָּל־ הָ֣עַמִּ֔ים כִּי־ לִ֖י כָּל־ הָאָֽרֶץ ׃,ועתה אמ שמוע תשמעו בקלי ושמרתמ את בריתי והייתמ לי סגלה מכל העמימ כי לי כל הארצ,18,וכען אם קבלא תקבלון למימרי ותטרון ית קימי ותהון קדמי חביבין מכל עממיא ארי די לי כל ארעא:,18,"καὶ νῦν ἐὰν ἀκοῇ ἀκούσητε τῆς ἐμῆς φωνῆς καὶ φυλάξητε τὴν διαθήκην μου, ἔσεσθέ μοι λαὸς περιούσιος ἀπὸ πάντων τῶν ἐθνῶν· ἐμὴ γάρ ἐστιν πᾶσα ἡ γῆ,",27,ܘܗܫܐ ܐܢ ܡܫ̣ܡܥ ܬܫܡ̣ܥܘܢ ܒܩܠܝ̇ ܘܬܛܪ̣ܘܢ ܩܝܡܝ̣. ܬܗܘܘܢ ܚܒܝܒܝܢ ܠܝ̣ ܡܢ ܟܠܗܘܢ ܥܡ̈ܡܐ ܕܐܪܥܐ. ܡܛܠ ܕܕܝܠܝ ܗܝ ܐܪܥܐ.,18,"Agora, pois, se atentamente ouvirdes a minha voz e guardardes o meu pacto, então sereis a minha possessão peculiar dentre todos os povos, porque minha é toda a terra;",29,True,True,True
19,6,Êxodo 19:6,וְאַתֶּ֧ם תִּהְיוּ־ לִ֛י מַמְלֶ֥כֶת כֹּהֲנִ֖ים וְג֣וֹי קָד֑וֹשׁ אֵ֚לֶּה הַדְּבָרִ֔ים אֲשֶׁ֥ר תְּדַבֵּ֖ר אֶל־ בְּנֵ֥י יִשְׂרָאֵֽל ׃,ואתמ תהיו לי ממלכת כהנימ וגוי קדוש אלה הדברימ אשר תדבר אל בני ישראל,15,ואתון תהון קדמי מלכין כהנין ועם קדיש אלין פתגמיא די תמלל עם בני ישראל:,14,ὑμεῖς δὲ ἔσεσθέ μοι βασίλειον ἱεράτευμα καὶ ἔθνος ἅγιον. ταῦτα τὰ ῥήματα ἐρεῖς τοῖς υἱοῖς Ἰσραήλ.,16,ܘܐܢܬܘܢ ܬܗܘܘܢ ܠܝ̣ ܡܠܟܘܬܐ. ܘܟܗ̈ܢܐ̇ ܘܥܡܐ ܩܕܝܫܐ. ܗܠܝܢ ܦܬ̈ܓܡܐ ܬܐ̇ܡܪ ܠܕܒܝܬ ܐܝܣܪܝܠ.,12,e vós sereis para mim reino sacerdotal e nação santa. São estas as palavras que falarás aos filhos de Israel.,20,True,True,True
19,7,Êxodo 19:7,וַיָּבֹ֣א מֹשֶׁ֔ה וַיִּקְרָ֖א לְזִקְנֵ֣י הָעָ֑ם וַיָּ֣שֶׂם לִפְנֵיהֶ֗ם אֵ֚ת כָּל־ הַדְּבָרִ֣ים הָאֵ֔לֶּה אֲשֶׁ֥ר צִוָּ֖הוּ יְהוָֽה ׃,ויבא משה ויקרא לזקני העמ וישמ לפניהמ את כל הדברימ האלה אשר צוהו יהוה,15,ואתא משה וקרא לסבי עמא וסדר קדמיהון ית כל פתגמיא האלין דפקדיה יי:,13,"ἦλθεν δὲ Μωυσῆς καὶ ἐλάλησεν πρὸς τοὺς πρεσβυτέρους τοῦ λαοῦ, καὶ παρέθηκεν αὐτοῖς πάντας τοὺς λόγους τούτους οὓς συνέταξεν αὐτῷ ὁ θεός.",22,ܘܐܬ̣ܐ ܡܘܫܐ ܘܩܪ̣ܐ ܠܩܫܝ̈ܫܐ ܕܥܡܐ. ܘܐܡ̣ܪ ܩܕܡܝܗܘܢ ܟܠܗܘܢ ܦܬ̈ܓܡܐ ܗܠܝܢ ܕܦܩ̇ܕܗ ܡܪܝܐ.,12,"Veio, pois, Moisés e, tendo convocado os anciãos do povo, expôs diante deles todas estas palavras, que o Senhor lhe tinha ordenado.",22,True,True,True
19,8,Êxodo 19:8,וַיַּעֲנ֨וּ כָל־ הָעָ֤ם יַחְדָּו֙ וַיֹּ֣אמְר֔וּ כֹּ֛ל אֲשֶׁר־ דִּבֶּ֥ר יְהוָ֖ה נַעֲשֶׂ֑ה וַיָּ֧שֶׁב מֹשֶׁ֛ה אֶת־ דִּבְרֵ֥י הָעָ֖ם אֶל־ יְהוָֽה ׃,ויענו כל העמ יחדו ויאמרו כל אשר דבר יהוה נעשה וישב משה את דברי העמ אל יהוה,18,ואתיבו כל עמא כחדא ואמרו כל די מליל יי נעבד ואתיב משה ית פתגמי עמא קדם יי:,17,ἀπεκρίθη δὲ πᾶς ὁ λαὸς ὁμοθυμαδὸν καὶ εἶπαν Πάντα ὅσα εἶπεν ὁ θεὸς ποιήσομεν καὶ ἀκουσόμεθα· ἀνήνεγκεν δὲ Μωυσῆς τοὺς λόγους τούτους πρὸς τὸν θεόν.,25,ܘܥܢ̣ܘ ܟܠܗ ܥܡܐ ܐܟܚܕܐ ܘܐܡܪܘ. ܟܠ ܡܕܡ ܕܐܡ̇ܪ ܡܪܝܐ ܢܥ̣ܒܕ. ܘܐܗܦ̣ܟ ܡܘܫܐ ܦܬܓܡ̈ܘܗܝ ܕܥܡܐ ܠܘܬ ܡܪܝܐ.,16,"Ao que todo o povo respondeu a uma voz: Tudo o que o Senhor tem falado, faremos. E relatou Moisés ao Senhor as palavras do povo.",26,True,True,True
19,9,Êxodo 19:9,וַיֹּ֨אמֶר יְהוָ֜ה אֶל־ מֹשֶׁ֗ה הִנֵּ֨ה אָנֹכִ֜י בָּ֣א אֵלֶיךָ֮ בְּעַ֣ב הֶֽעָנָן֒ בַּעֲב֞וּר יִשְׁמַ֤ע הָעָם֙ בְּדַבְּרִ֣י עִמָּ֔ךְ וְגַם־ בְּךָ֖ יַאֲמִ֣ינוּ לְעוֹלָ֑ם וַיַּגֵּ֥ד מֹשֶׁ֛ה אֶת־ דִּבְרֵ֥י הָעָ֖ם אֶל־ יְהוָֽה ׃,ויאמר יהוה אל משה הנה אנכי בא אליכ בעב העננ בעבור ישמע העמ בדברי עמכ וגמ בכ יאמינו לעולמ ויגד משה את דברי העמ אל יהוה,27,ואמר יי למשה הא אנא מתגלי לך בעיבא דעננא בדיל דישמע עמא במללותי עמך ואף בך יהימנון לעלם וחוי משה ית פתגמי עמא קדם יי:,25,"εἶπεν δὲ Κύριος πρὸς Μωσῆν Ἰδοὺ ἐγὼ παραγίνομαι πρὸς σὲ ἐν στύλῳ νεφέλης, ἵνα ἀκούσῃ ὁ λαὸς λαλοῦντός μου πρὸς σέ, καὶ σοὶ πιστεύσωσιν εἰς τὸν αἰῶνα. ἀνήγγειλεν δὲ Μωσῆς τὰ ῥήματα τοῦ λαοῦ πρὸς Κύριον.",36,ܘܐܡ̣ܪ ܡܪܝܐ ܠܡܘܫܐ . ܗܐ ܐܬ̇ܐ ܐܢܐ ܠܘܬܟ̣ ܒܥܡܛܢܐ ܕܥܢܢܐ. ܡܛܠ ܕܢܫܡ̣ܥܘܢ ܥܡܐ ܟܕ ܡ̇ܡܠܠ ܐܢܐ ܥܡܟ̣. ܘܐܦ ܠܟ ܢܗܝܡܢܘܢ ܠܥܠܡ. ܘܚܘܝ ܡܘܫܐ ܦܬ̈ܓܡܘܗܝ ܕܥܡܐ ܩܕܡ ܡܪܝܐ.,27,"Então disse o Senhor a Moisés: Eis que eu virei a ti em uma nuvem espessa, para que o povo ouça, quando eu falar contigo, e também para que sempre te creia. Porque Moisés tinha anunciado as palavras do seu povo ao Senhor.",43,True,True,True
19,10,Êxodo 19:10,וַיֹּ֨אמֶר יְהוָ֤ה אֶל־ מֹשֶׁה֙ לֵ֣ךְ אֶל־ הָעָ֔ם וְקִדַּשְׁתָּ֥ם הַיּ֖וֹם וּמָחָ֑ר וְכִבְּס֖וּ שִׂמְלֹתָֽם ׃,ויאמר יהוה אל משה לכ אל העמ וקדשתמ היומ ומחר וכבסו שמלתמ,13,ואמר יי למשה אזיל לות עמא ותזמננון יומא דין ומחר ויחורון לבושיהון:,12,"Εἶπεν δὲ Κύριος πρὸς Μωυσῆν Καταβὰς διαμάρτυραι τῷ λαῷ, καὶ ἅγνισον αὐτοὺς σήμερον καὶ αὔριον· καὶ πλυνάτωσαν τὰ ἱμάτια,",19,ܘܐܡ̣ܪ ܡܪܝܐ ܠܡܘܫܐ. ܙܠ ܠܘܬ ܥܡܐ. ܘܩ̇ܕܫ ܐܢܘܢ̇ ܝܘܡܢܐ ܘܡܚܪ. ܘ̇ܢܚ̇ܘܪܘܢ ܠܒܘܫ̈ܝܗܘܢ.,12,"Disse mais o Senhor a Moisés: Vai ao povo, e santifica-os hoje e amanhã; lavem eles os seus vestidos,",19,True,True,True
19,11,Êxodo 19:11,וְהָי֥וּ נְכֹנִ֖ים לַיּ֣וֹם הַשְּׁלִישִׁ֑י כִּ֣י ׀ בַּיּ֣וֹם הַשְּׁלִישִׁ֗י יֵרֵ֧ד יְהוָ֛ה לְעֵינֵ֥י כָל־ הָעָ֖ם עַל־ הַ֥ר סִינָֽי ׃,והיו נכנימ ליומ השלישי כי ביומ השלישי ירד יהוה לעיני כל העמ על הר סיני,17,ויהון זמינין ליומא תליתאה ארי ביומא תליתאה יתגלי יי לעיני כל עמא על טורא דסיני:,15,καὶ ἔστωσαν ἕτοιμοι εἰς τὴν ἡμέραν τὴν τρίτην· τῇ γὰρ ἡμέρᾳ τῇ τρίτῃ καταβήσεται Κύριος ἐπὶ τὸ ὄρος τὸ Σεινὰ ἐναντίον παντὸς τοῦ λαοῦ.,24,ܘܢ̇ܗܘܘܢ ܡܛܝܒܝܢ ܠܝܘܡܐ ܬܠܝܬܝܐ. ܡܛܠ ܕܒܝܘܡܐ ܬܠܝܬܝܐ ܢܚ̇ܬ ܡܪܝܐ ܠܥܝܢ ܟܠܗ ܥܡܐ ܠܛܘܪܐ ܕܣܝܢܝ.,14,e estejam prontos para o terceiro dia; porquanto no terceiro dia descerá o Senhor diante dos olhos de todo o povo sobre o monte Sinai.,25,True,True,True
19,12,Êxodo 19:12,וְהִגְבַּלְתָּ֤ אֶת־ הָעָם֙ סָבִ֣יב לֵאמֹ֔ר הִשָּׁמְר֥וּ לָכֶ֛ם עֲל֥וֹת בָּהָ֖ר וּנְגֹ֣עַ בְּקָצֵ֑הוּ כָּל־ הַנֹּגֵ֥עַ בָּהָ֖ר מ֥וֹת יוּמָֽת ׃,והגבלת את העמ סביב לאמר השמרו לכמ עלות בהר ונגע בקצהו כל הנגע בהר מות יומת,17,ותתחם ית עמא סחור סחור למימר אסתמרו לכון מלמסק בטורא ולמקרב בסופה כל דיקרב בטורא אתקטלא יתקטל:,17,καὶ ἀφοριεῖς τὸν λαὸν κύκλῳ λέγων Προσέχετε ἑαυτοῖς τοῦ ἀναβῆναι εἰς τὸ ὄρος καὶ θιγεῖν τι αὐτοῦ· πᾶς ὁ ἁψάμενος τοῦ ὄρους θανάτῳ τελευτήσει.,24,ܘܐ̣ܪܡܐ ܣܗܕܘܬܐ ܒܥܡܐ. ܘܐܡ̣ܪ ܠܗܘܢ. ܐܙ̣ܕܗܪܘ̇ ܠܐ ܬܣܩ̣ܘܢ ܠܛܘܪܐ. ܘܠܐ ܬܬ̇ܩܪܒܘܢ ܠܫ̈ܦܘܠܘܗܝ. ܘܟܠ ܡ̇ܢ ܕܢܩܪܘܒ ܠܛܘܪܐ ܢ̇ܬܩ̣ܛܠ.,17,"Também marcarás limites ao povo em redor, dizendo: Guardai-vos, não subais ao monte, nem toqueis o seu termo; todo aquele que tocar o monte será morto.",26,True,True,True
19,13,Êxodo 19:13,לֹא־ תִגַּ֨ע בּ֜וֹ יָ֗ד כִּֽי־ סָק֤וֹל יִסָּקֵל֙ אוֹ־ יָרֹ֣ה יִיָּרֶ֔ה אִם־ בְּהֵמָ֥ה אִם־ אִ֖ישׁ לֹ֣א יִחְיֶ֑ה בִּמְשֹׁךְ֙ הַיֹּבֵ֔ל הֵ֖מָּה יַעֲל֥וּ בָהָֽר ׃,לא תגע בו יד כי סקול יסקל או ירה יירה אמ בהמה אמ איש לא יחיה במשכ היבל המה יעלו בהר,22,לא תקרב בה ידא ארי אתרגמא יתרגם או אשתדאה ישתדי אם בעירא אם אנשא לא יתקים במיגד שופרא אנון מרשן למסק בטורא:,22,"οὐχ ἅψεται αὐτοῦ χείρ· ἐν γὰρ λίθοις λιθοβοληθήσεται ἢ βολίδι κατατοξευθήσεται· ἐάν τε κτῆνος ἐάν τε ἄνθρωπος, οὐ ζήσεται. ὅταν αἱ φωναὶ καὶ αἱ σάλπιγγες καὶ ἡ νεφέλη ἀπέλθῃ ἀπὸ τοῦ ὄρους, ἐκεῖνοι ἀναβήσονται ἐπὶ τὸ ὄρος.",37,ܠܐ̇ ܬܩܪܘܒ ܒܗ ܐܝܕܐ. ܐܠܐ ܡܬܪ̣ܓܡܘ ܢܬ̣ܪܓܡ̇. ܘܡܫ̣ܬܕܝܘ ܢܫܬ̣ܕܐ. ܐܢ ܒܥܝܪܐ ܗܝ̇ ܘܐܢ ܒܪܢܫܐ ܠܐ ܢܚ̣ܐ. ܘܡܐ ܕܫܬ̣ܩܬ ܩܪܢܐ. ܫ̣ܪܐ ܠܟܘܢ ܠܡܣܩ ܠܛܘܪܐ.,23,"Mão alguma tocará naquele que o fizer, mas ele será apedrejado ou asseteado; quer seja animal, quer seja homem, não viverá. Quando soar a buzina longamente, subirão eles até o pé do monte.",33,True,True,True
19,14,Êxodo 19:14,וַיֵּ֧רֶד מֹשֶׁ֛ה מִן־ הָהָ֖ר אֶל־ הָעָ֑ם וַיְקַדֵּשׁ֙ אֶת־ הָעָ֔ם וַֽיְכַבְּס֖וּ שִׂמְלֹתָֽם ׃,וירד משה מנ ההר אל העמ ויקדש את העמ ויכבסו שמלתמ,12,ונחת משה מן טורא לות עמא וזמין ית עמא וחורו לבושיהון:,11,"κατέβη δὲ Μωυσῆς ἐκ τοῦ ὄρους πρὸς τὸν λαόν, καὶ ἡγίασεν αὐτούς· καὶ ἔπλυναν τὰ ἱμάτια.",16,ܘܢܚ̣ܬ ܡܘܫܐ ܡܢ ܛܘܪܐ ܠܘܬ ܥܡܐ. ܘܩܕܫ̇ ܠܥܡܐ ܘܚ̇ܘܪܘ ܠܒ̈ܘܫܝܗܘܢ.,10,"Então Moisés desceu do monte ao povo, e santificou o povo; e lavaram os seus vestidos.",16,True,True,True
19,15,Êxodo 19:15,וַיֹּ֨אמֶר֙ אֶל־ הָעָ֔ם הֱי֥וּ נְכֹנִ֖ים לִשְׁלֹ֣שֶׁת יָמִ֑ים אַֽל־ תִּגְּשׁ֖וּ אֶל־ אִשָּֽׁה ׃,ויאמר אל העמ היו נכנימ לשלשת ימימ אל תגשו אל אשה,12,ואמר לעמא הוו זמינין לתלתא יומין לא תקרבון לצד אתתא:,10,"καὶ εἶπεν τῷ λαῷ Γίνεσθε ἕτοιμοι τρεῖς ἡμέρας, μὴ προσέλθητε γυναικί.",11,ܘܐܡ̣ܪ ܠܥܡܐ. ܗܘ̣ܝܬܘܢ ܡܛܝܒܝܢ ܠܝܘܡܐ ܬܠܝܬܝܐ. ܠܐ ܬ̇ܬܩܪܒܘܢ ܠܐܢܬܬܐ.,9,E disse ele ao povo: Estai prontos para o terceiro dia; e não vos chegueis a mulher.,17,True,True,True
19,16,Êxodo 19:16,וַיְהִי֩ בַיּ֨וֹם הַשְּׁלִישִׁ֜י בִּֽהְיֹ֣ת הַבֹּ֗קֶר וַיְהִי֩ קֹלֹ֨ת וּבְרָקִ֜ים וְעָנָ֤ן כָּבֵד֙ עַל־ הָהָ֔ר וְקֹ֥ל שֹׁפָ֖ר חָזָ֣ק מְאֹ֑ד וַיֶּחֱרַ֥ד כָּל־ הָעָ֖ם אֲשֶׁ֥ר בַּֽמַּחֲנֶֽה ׃,ויהי ביומ השלישי בהית הבקר ויהי קלת וברקימ ועננ כבד על ההר וקל שפר חזק מאד ויחרד כל העמ אשר במחנה,22,והוה ביומא תליתאה במהוי צפרא והוה קלין וברקין ועננא תקיף על טורא וקל שופרא תקיף לחדא וזע כל עמא די במשריתא:,21,"Ἐγένετο δὲ τῇ ἡμέρᾳ τῇ τρίτῃ γενηθέντος πρὸς ὄρθρον, καὶ ἐγίνοντο φωναὶ καὶ ἀστραπαὶ καὶ νεφέλη γνοφώδης ἐπ᾽ ὄρους Σεινά, φωνὴ τῆς σάλπιγγος ἤχει μέγα· καὶ ἐπτοήθη πᾶς ὁ λαὸς ὁ ἐν τῇ παρεμβολῇ.",34,ܘܗܘ̣ܐ ܒܝܘܡܐ ܬܠܝܬܝܐ. ܟܕ ܗܘ̣ܐ ܫܦܪܐ . ܗܘܘ ܩ̈ܠܐ ܘܒܪ̈ܩܐ. ܘܥܢܢܐ ܬܩܝܦܬܐ ܗܘ̣ܬ ܥܠ ܛܘܪܐ. ܘܩܠܐ ܕܩܪܢܐ̇ ܚܣܝܢ ܗܘܐ ܛܒ. ܘܙܥܘ ܟܠܗ ܥܡܐ ܕܐܝܬ ܒܡܫܪܝܬܐ.,25,"Ao terceiro dia, ao amanhecer, houve trovões, relâmpagos, e uma nuvem espessa sobre o monte; e ouviu-se um sonido de buzina mui forte, de maneira que todo o povo que estava no arraial estremeceu.",34,True,True,True
19,17,Êxodo 19:17,וַיּוֹצֵ֨א מֹשֶׁ֧ה אֶת־ הָעָ֛ם לִקְרַ֥את הָֽאֱלֹהִ֖ים מִן־ הַֽמַּחֲנֶ֑ה וַיִּֽתְיַצְּב֖וּ בְּתַחְתִּ֥ית הָהָֽר ׃,ויוצא משה את העמ לקראת האלהימ מנ המחנה ויתיצבו בתחתית ההר,12,ואפיק משה ית עמא לקדמות מימרא דיי מן משריתא ואתעתדו בשפולי טורא:,12,"καὶ ἐξήγαγεν Μωυσῆς τὸν λαὸν εἰς συνάντησιν τοῦ θεοῦ ἐκ τῆς παρεμβολῆς, καὶ παρέστησαν ὑπὸ τὸ ὄρος Σινά.",18,ܘܐܦܩ ܡܘܫܐ ܠܥܡܐ ܠܐܘܪܥܗ ܕܐܠܗܐ ܡܢ ܡܫܪܝܬܐ. ܘܩܡܘ ܒܫ̈ܦܘܠܘܗܝ ܕܛܘܪܐ.,10,E Moisés levou o povo fora do arraial ao encontro de Deus; e puseram-se ao pé do monte.,18,True,True,True
19,18,Êxodo 19:18,וְהַ֤ר סִינַי֙ עָשַׁ֣ן כֻּלּ֔וֹ מִ֠פְּנֵי אֲשֶׁ֨ר יָרַ֥ד עָלָ֛יו יְהוָ֖ה בָּאֵ֑שׁ וַיַּ֤עַל עֲשָׁנוֹ֙ כְּעֶ֣שֶׁן הַכִּבְשָׁ֔ן וַיֶּחֱרַ֥ד כָּל־ הָהָ֖ר מְאֹֽד ׃,והר סיני עשנ כלו מפני אשר ירד עליו יהוה באש ויעל עשנו כעשנ הכבשנ ויחרד כל ההר מאד,19,וטורא דסיני תנן כלה מן קדם דאתגלי עלוהי יי באשתא וסליק תננה כתננא דאתונא וזע כל טורא לחדא:,18,"τὸ δὲ ὄρος τὸ Σινὰ ἐκαπνίζετο ὅλον διὰ τὸ καταβεβηκέναι ἐπ᾽ αὐτὸ τὸν θεὸν ἐν πυρί, καὶ ἀνέβαινεν ὁ καπνὸς ὡς καπνὸς καμίνου· καὶ ἐξέστη πᾶς ὁ λαὸς σφόδρα.",29,ܘܛܘܪܐ ܕܣܝܢ̇ܝ ܬܐ̇ܢ ܗܘܐ ܟܠܗ. ܡܛܠ ܕܢܚ̣ܬ ܥܠܘܗܝ ܡܪܝܐ ܒܢܘܪܐ. ܘܣܠ̣ܩ ܬܢܢܗ̣ ܐܝܟ ܬܢܢܐ ܕܐܬܘܢܐ. ܘܙܥ̣ ܟܠܗ ܛܘܪܐ ܛܒ.,19,"Nisso todo o monte Sinai fumegava, porque o Senhor descera sobre ele em fogo; e a fumaça subiu como a fumaça de uma fornalha, e todo o monte tremia fortemente.",30,True,True,True
19,19,Êxodo 19:19,וַיְהִי֙ ק֣וֹל הַשּׁוֹפָ֔ר הוֹלֵ֖ךְ וְחָזֵ֣ק מְאֹ֑ד מֹשֶׁ֣ה יְדַבֵּ֔ר וְהָאֱלֹהִ֖ים יַעֲנֶ֥נּוּ בְקֽוֹל ׃,ויהי קול השופר הולכ וחזק מאד משה ידבר והאלהימ יעננו בקול,12,והוה קל שופרא אזל ותקף לחדא משה ממלל ומן קדם יי מתעני לה בקל:,14,"ἐγίνοντο δὲ αἱ φωναὶ τῆς σάλπιγγος προβαίνουσαι ἰσχυρότεραι σφόδρα· Μωσῆς ἐλάλησεν, ὁ δὲ θεὸς ἀπεκρίνατο αὐτῷ φωνῇ.",17,ܘܗܘ̣ܐ ܩܠܐ ܕܩܪܢܐ̇ ܐ̇ܙܠ ܗܘܐ ܘܬ̇ܩܦ ܛܒ. ܘܡܘܫܐ ܡ̇ܡܠܠ ܗܘܐ. ܘܐܠܗܐ ܥ̇ܢܐ ܠܗ ܒܩܠܐ.,14,"E, crescendo o sonido da buzina cada vez mais, Moisés falava, e Deus lhe respondia por uma voz.",18,True,True,True
19,20,Êxodo 19:20,וַיֵּ֧רֶד יְהוָ֛ה עַל־ הַ֥ר סִינַ֖י אֶל־ רֹ֣אשׁ הָהָ֑ר וַיִּקְרָ֨א יְהוָ֧ה לְמֹשֶׁ֛ה אֶל־ רֹ֥אשׁ הָהָ֖ר וַיַּ֥עַל מֹשֶֽׁה ׃,וירד יהוה על הר סיני אל ראש ההר ויקרא יהוה למשה אל ראש ההר ויעל משה,17,ואתגלי יי על טורא דסיני לריש טורא וקרא יי למשה לריש טורא וסליק משה:,14,"κατέβη δὲ Κύριος ἐπὶ τὸ ὄρος τὸ Σινὰ ἐπὶ τὴν κορυφὴν τοῦ ὄρους· καὶ ἐκάλεσεν Κύριος Μωυσῆν ἐπὶ τὴν κορυφὴν τοῦ ὄρους, καὶ ἀνέβη Μωυσῆς.",25,ܘܢܚ̣ܬ ܡܪܝܐ ܠܛܘܪܐ ܕܣܝܢܝ ܠܪܝܫܗ ܕܛܘܪܐ. ܘܩ̣ܪܐ ܡܪܝܐ ܠܡܘܫܐ ܠܪܝܫܗ ܕܛܘܪܐ. ܘܣ̣ܠܩ ܡܘܫܐ.,13,"E, tendo o Senhor descido sobre o monte Sinai, sobre o cume do monte, chamou a Moisés ao cume do monte; e Moisés subiu.",24,True,True,True
19,21,Êxodo 19:21,וַיֹּ֤אמֶר יְהוָה֙ אֶל־ מֹשֶׁ֔ה רֵ֖ד הָעֵ֣ד בָּעָ֑ם פֶּן־ יֶהֶרְס֤וּ אֶל־ יְהוָה֙ לִרְא֔וֹת וְנָפַ֥ל מִמֶּ֖נּוּ רָֽב ׃,ויאמר יהוה אל משה רד העד בעמ פנ יהרסו אל יהוה לראות ונפל ממנו רב,16,ואמר יי למשה חות אסהיד בעמא דילמא יפגרון קדם יי למחזי ויפל מנהון סגי:,14,"καὶ εἶπεν ὁ θεὸς πρὸς Μωυσῆν λέγων Καταβὰς διαμάρτυραι τῷ λαῷ, μή ποτε ἐγγίσωσιν πρὸς τὸν θεὸν κατανοῆσαι, καὶ πέσωσιν ἐξ αὐτῶν πλῆθος·",23,ܘܐܡ̣ܪ ܡܪܝܐ ܠܡܘܫܐ. ܚܘܬ ܣܗ̇ܕ ܒܥܡܐ. ܕܠܐ ܢܪܚܩܘܢ ܩܕܡ ܡܪܝܐ ܠܡܚܙܐ. ܘܢܦܠ ܡܢܗܘܢ ܣ̇ܓܝ.,14,"Então disse o Senhor a Moisés: Desce, adverte ao povo, para não suceder que traspasse os limites até o Senhor, a fim de ver, e muitos deles pereçam.",28,True,True,True
19,22,Êxodo 19:22,וְגַ֧ם הַכֹּהֲנִ֛ים הַנִּגָּשִׁ֥ים אֶל־ יְהוָ֖ה יִתְקַדָּ֑שׁוּ פֶּן־ יִפְרֹ֥ץ בָּהֶ֖ם יְהוָֽה ׃,וגמ הכהנימ הנגשימ אל יהוה יתקדשו פנ יפרצ בהמ יהוה,11,ואף כהניא דקריבין לשמשא קדם יי יתקדשון דילמא יקטול בהון יי:,11,"καὶ οἱ ἱερεῖς οἱ ἐγγίζοντες Κυρίῳ τῷ θεῷ ἁγιασθήτωσαν, μή ποτε ἀπαλλάξῃ ἀπ᾽ αὐτῶν Κύριος.",15,ܘܐܦ ܟܗ̈ܢܐ ܕܩܪܝܒܝܢ ܠܡܪܝܐ ܢܬ̇ܩܕܫܘܢ. ܕܠܐ ܢܫ̣ܠܛ ܒܗܘܢ ܡܪܝܐ.,9,"Ora, santifiquem-se também os sacerdotes, que se chegam ao Senhor, para que o Senhor não se lance sobre eles.",19,True,True,True
19,23,Êxodo 19:23,וַיֹּ֤אמֶר מֹשֶׁה֙ אֶל־ יְהוָ֔ה לֹא־ יוּכַ֣ל הָעָ֔ם לַעֲלֹ֖ת אֶל־ הַ֣ר סִינָ֑י כִּֽי־ אַתָּ֞ה הַעֵדֹ֤תָה בָּ֨נוּ֙ לֵאמֹ֔ר הַגְבֵּ֥ל אֶת־ הָהָ֖ר וְקִדַּשְׁתּֽוֹ ׃,ויאמר משה אל יהוה לא יוכל העמ לעלת אל הר סיני כי אתה העדתה בנו לאמר הגבל את ההר וקדשתו,21,ואמר משה קדם יי לא יכול עמא למסק לטורא דסיני ארי את אסהדת בנא למימר תחים ית טורא וקדשהי:,19,καὶ εἶπεν Μωυσῆς πρὸς τὸν θεόν Οὐ δυνήσεται ὁ λαὸς προσαναβῆναι πρὸς τὸ ὄρος τὸ Σεινά· σὺ γὰρ διαμεμαρτύρησαι ἡμῖν λέγων Ἀφόρισαι τὸ ὄρος καὶ ἁγίασαι αὐτό.,27,ܘܐܡ̣ܪ ܡܘܫܐ ܠܡܪܝܐ. ܠܐ̇ ܡܫܟܚܝܢ ܥܡܐ ܠܡܣܩ ܠܛܘܪܐ ܕܣܝܢܝ. ܡܛܠ ܕܐܢܬ ܣܗ̇ܕܬ ܒܢ ܘܐܡ̣ܪܬ ܠܝ . ܕܬܚ̇ܡܝܗܝ ܠܛܘܪܐ ܘܩ̇ܕܫܝܗܝ.,19,"Respondeu Moisés ao Senhor: O povo não poderá subir ao monte Sinai, porque tu nos tens advertido, dizendo: Marca limites ao redor do monte, e santifica-o.",26,True,True,True
19,24,Êxodo 19:24,וַיֹּ֨אמֶר אֵלָ֤יו יְהוָה֙ לֶךְ־ רֵ֔ד וְעָלִ֥יתָ אַתָּ֖ה וְאַהֲרֹ֣ן עִמָּ֑ךְ וְהַכֹּהֲנִ֣ים וְהָעָ֗ם אַל־ יֶֽהֶרְס֛וּ לַעֲלֹ֥ת אֶל־ יְהוָ֖ה פֶּן־ יִפְרָץ־ בָּֽם ׃,ויאמר אליו יהוה לכ רד ועלית אתה ואהרנ עמכ והכהנימ והעמ אל יהרסו לעלת אל יהוה פנ יפרצ במ,20,ואמר לה יי אזיל חות ותסק את ואהרן עמך וכהניא ועמא לא יפגרון למסק לקדם יי דילמא יקטול בהון:,19,"εἶπεν δὲ αὐτῷ Κύριος Βάδιζε κατάβηθι, καὶ ἀνάβηθι σὺ καὶ Ἀαρὼν μετὰ σοῦ· οἱ δὲ ἱερεῖς καὶ ὁ λαὸς μὴ βιαζέσθωσαν ἀναβῆναι πρὸς τὸν θεόν, μή ποτε ἀπολέσῃ ἀπ᾽ αὐτῶν Κύριος.",31,ܘܐܡ̣ܪ ܠܗ ܡܪܝܐ ܙܠ ܚܘܬ. ܘܣܩ̣ ܐܢܬ ܘܐܗܪܘܢ ܐܚܘܟ ܥܡܟ. ܘܟܗ̈ܢܐ ܘܥܡܐ ܠܐ ܢܪܚܩܘܢ ܠܡܣܩ ܩܕܡ ܡܪܝܐ. ܕܠܡܐ ܢܩ̇ܛܠ ܡܢܗܘܢ.,20,"Ao que lhe disse o Senhor: Vai, desce; depois subirás tu, e Arão contigo; os sacerdotes, porém, e o povo não traspassem os limites para subir ao Senhor, para que ele não se lance sobre eles.",36,True,True,True
19,25,Êxodo 19:25,וַיֵּ֥רֶד מֹשֶׁ֖ה אֶל־ הָעָ֑ם וַיֹּ֖אמֶר אֲלֵהֶֽם ׃ ס,וירד משה אל העמ ויאמר אלהמ ס,8,ונחת משה לעמא ואמר להון:,5,κατέβη δὲ Μωυσῆς πρὸς τὸν λαὸν καὶ εἶπεν αὐτοῖς.,9,ܘܢܚ̣ܬ ܡܘܫܐ ܠܘܬ ܥܡܐ ܘܐܡ̣ܪ ܠܗܘܢ.,6,"Então Moisés desceu ao povo, e disse-lhes isso.",8,True,True,True
20,1,Êxodo 20:1,וַיְדַבֵּ֣ר אֱלֹהִ֔ים אֵ֛ת כָּל־ הַדְּבָרִ֥ים הָאֵ֖לֶּה לֵאמֹֽר ׃ ס,וידבר אלהימ את כל הדברימ האלה לאמר ס,9,ומליל יי ית כל פתגמיא האלין למימר:,7,Καὶ ἐλάλησεν Κύριος πάντας τοὺς λόγους τούτους λέγων,8,ܘܐܡ̣ܪ ܐܠܗܐ ܟܠܗܘܢ ܦܬ̈ܓܡܐ ܗܠܝܢ.,5,"Então falou Deus todas estas palavras, dizendo:",7,True,True,True
20,2,Êxodo 20:2,אָֽנֹכִ֖י יְהוָ֣ה אֱלֹהֶ֑יךָ אֲשֶׁ֧ר הוֹצֵאתִ֛יךָ מֵאֶ֥רֶץ מִצְרַ֖יִם מִבֵּ֥ית עֲבָדִֽים ׃,אנכי יהוה אלהיכ אשר הוצאתיכ מארצ מצרימ מבית עבדימ,10,אנא יי אלהך די אפיקתך מארעא דמצרים מבית עבדותא:,9,"Ἐγώ εἰμι Κύριος ὁ θεός σου, ὅστις ἐξήγαγόν σε ἐκ γῆς Αἰγύπτου, ἐξ οἴκου δουλίας.",15,ܐܢܐ ܐܢܐ ܡܪܝܐ ܐܠܗܟ̇. ܕܐܣܩܬܟ ܡܢ ܐܪܥܐ ܕܡܨܪܝܢ. ܡܢ ܒܝܬ ܥܒܕܘܬܐ.,11,"Eu sou o Senhor teu Deus, que te tirei da terra do Egito, da casa da servidão.",17,True,True,True
20,3,Êxodo 20:3,לֹֽ֣א יִהְיֶֽה־ לְךָ֛ אֱלֹהִ֥ים אֲחֵרִ֖ים עַל־ פָּנָֽיַ ׃,לא יהיה לכ אלהימ אחרימ על פני,8,לא יהי לך אלה אחרן בר מני:,7,Οὐκ ἔσονταί σοι θεοὶ ἕτεροι πλὴν ἐμοῦ.,7,ܠܐ ܢܗܘܘܢ ܠܟ ܐ̈ܠܗܝܢ ܐܚܪ̈ܢܝܢ ܠܒܪ ܡܢܝ.,7,Não terás outros deuses diante de mim.,7,True,True,True
20,4,Êxodo 20:4,לֹֽ֣א תַֽעֲשֶׂ֨ה־ לְךָ֥ פֶ֨סֶל֙ וְכָל־ תְּמוּנָ֔ה אֲשֶׁ֤ר בַּשָּׁמַ֨יִם֙ מִמַּ֔עַל וַאֲשֶׁ֥ר בָּאָ֖רֶץ מִתָּ֑חַת וַאֲשֶׁ֥ר בַּמַּ֖יִם מִתַּ֥חַת לָאָֽרֶץ ׃,לא תעשה לכ פסל וכל תמונה אשר בשמימ ממעל ואשר בארצ מתחת ואשר במימ מתחת לארצ,17,לא תעבד לך צלם וכל דמות די בשמיא מלעלא ודי בארעא מלרע ודי במיא מלרע לארעא:,16,"Οὐ ποιήσεις σεαυτῷ εἴδωλον οὐδὲ παντὸς ὁμοίωμα, ὅσα ἐν τῷ οὐρανῷ ἄνω καὶ ὅσα ἐν τῇ γῇ κάτω καὶ ὅσα ἐν τοῖς ὕδασιν ὑποκάτω τῆς γῆς.",26,ܠܐ ܬܥܒ̇ܕ ܠܟ ܟܠ ܨܠܡ ܘܟܠ ܕܡܘ̇. ܕܐܝܬ ܒܫܡܝܐ ܡܢ ܠܥܠ ܘܕܐܝܬ ܒܐܪܥܐ ܡܢ ܠܬܚܬ̇. ܘܕܐܝܬ ܒܡ̈ܝܐ ܠܬܚܬ ܡܢ ܐܪܥܐ.,20,"Não farás para ti imagem esculpida, nem figura alguma do que há em cima no céu, nem em baixo na terra, nem nas águas debaixo da terra.",27,True,True,True
20,5,Êxodo 20:5,לֹֽא־ תִשְׁתַּחֲוֶ֥ה לָהֶ֖ם וְלֹ֣א תָעָבְדֵ֑ם כִּ֣י אָֽנֹכִ֞י יְהוָ֤ה אֱלֹהֶ֨יךָ֙ אֵ֣ל קַנָּ֔א פֹּ֠קֵד עֲוֺ֨ן אָבֹ֧ת עַל־ בָּנִ֛ים עַל־ שִׁלֵּשִׁ֥ים וְעַל־ רִבֵּעִ֖ים לְשֹׂנְאָֽי ׃,לא תשתחוה להמ ולא תעבדמ כי אנכי יהוה אלהיכ אל קנא פקד עונ אבת על בנימ על שלשימ ועל רבעימ לשנאי,22,לא תסגד להון ולא תפלחנון ארי אנא יי אלהך אל קנא מסער חובי אבהן על בנין מרדין על דר תליתי ועל דר רביעי לשנאי כד משלמין בניא למחטי בתר אבהתהון:,30,"οὐ προσκυνήσεις αὐτοῖς οὐδὲ μὴ λατρεύσῃς αὐτοῖς· ἐγὼ γάρ εἰμι Κύριος ὁ θεός σου, θεὸς ζηλωτής, ἀποδιδοὺς ἁμαρτίας πατέρων ἐπὶ τέκνα ἕως τρίτης καὶ τετάρτης γενεᾶς τοῖς μισοῦσίν με,",29,ܠܐ ܬܣܓܘܕ ܠܗܘܢ ܘܠܐ ܬܦܠܘܚ ܐܢܘܢ . ܡܛܠ ܕܐܢܐ ܐܢܐ ܡܪܝܐ ܐܠܗܟ. ܐܠܗܐ ܛܢܢܐ. ܦܪܥ̇ ܚ̈ܘܒܐ ܕܐ̈ܒܗܐ ܥܠ ܒܢ̈ܝܐ. ܥܠ ܬܠܬܐ ܘܥܠ ܐܪ̈ܒܥܐ ܕܪ̈ܝܢ ܠܣ̈ܢܐܝ.,25,"Não te encurvarás diante delas, nem as servirás; porque eu, o Senhor teu Deus, sou Deus zeloso, que visito a iniqüidade dos pais nos filhos até a terceira e quarta geração daqueles que me odeiam.",35,True,True,True
20,6,Êxodo 20:6,וְעֹ֥שֶׂה חֶ֖סֶד לַאֲלָפִ֑ים לְאֹהֲבַ֖י וּלְשֹׁמְרֵ֥י מִצְוֺתָֽי ׃ ס,ועשה חסד לאלפימ לאהבי ולשמרי מצותי ס,8,ועבד טיבו לאלפי דרין לרחמי ולנטרי פקודי:,7,καὶ ποιῶν ἔλεος εἰς χιλιάδας τοῖς ἀγαπῶσίν με καὶ τοῖς φυλάσσουσιν τὰ προστάγματά μου.,14,ܘܥܒ̇ܕ ܐܢܐ ܛܝܒܘܬܐ ܠܐ̈ܠܦܐ ܕܕܪ̈ܐ. ܠܪ̈ܚܡܝ ܘܠܢܛܪ̈ܝ ܦܘܩ̈ܕܢܝ.,8,e uso de misericórdia com milhares dos que me amam e guardam os meus mandamentos.,15,True,True,True
20,7,Êxodo 20:7,לֹ֥א תִשָּׂ֛א אֶת־ שֵֽׁם־ יְהוָ֥ה אֱלֹהֶ֖יךָ לַשָּׁ֑וְא כִּ֣י לֹ֤א יְנַקֶּה֙ יְהוָ֔ה אֵ֛ת אֲשֶׁר־ יִשָּׂ֥א אֶת־ שְׁמ֖וֹ לַשָּֽׁוְא ׃ פ,לא תשא את שמ יהוה אלהיכ לשוא כי לא ינקה יהוה את אשר ישא את שמו לשוא פ,19,לא תימי בשמא דיי אלהך למגנא ארי לא יזכי יי ית דיימי בשמה לשקרא:,14,Οὐ λήμψῃ τὸ ὄνομα Κυρίου τοῦ θεοῦ σου ἐπὶ ματαίῳ· οὐ γὰρ μὴ καθαρίσῃ Κύριος ὁ θεός σου τὸν λαμβάνοντα τὸ ὄνομα αὐτοῦ ἐπὶ ματαίῳ.,25,ܠܐ ܬܐܡܐ ܒܫܡܗ ܕܡܪܝܐ ܐܠܗܟ ܒܕܓܠܘܬܐ. ܡܛܠ ܕܠܐ ܡܙ̇ܟܐ ܡܪܝܐ ܠܡ̇ܢ ܕܝܡܐ ܒܫܡܗ ܒܕܓܠܘܬܐ.,14,Não tomarás o nome do Senhor teu Deus em vão; porque o Senhor não terá por inocente aquele que tomar o seu nome em vão.,25,True,True,True
20,8,Êxodo 20:8,זָכ֛וֹר אֶת־ י֥וֹם הַשַּׁבָּ֖ת לְקַדְּשֽׁוֹ ׃,זכור את יומ השבת לקדשו,6,הוי דכיר ית יומא דשבתא לקדשותה:,6,Μνήσθητι τὴν ἡμέραν τῶν σαββάτων ἁγιάζειν αὐτήν·,7,ܐܬܕܟܪ ܝܘܡܐ ܕܫܒܬܐ ܠܡܩܕܫܘܬܗ.,4,"Lembra-te do dia do sábado, para o santificar.",8,True,True,True
20,9,Êxodo 20:9,שֵׁ֤שֶׁת יָמִים֙ תַּֽעֲבֹ֔ד וְעָשִׂ֖יתָ כָּל־ מְלַאכְתֶּֽךָ ׃,ששת ימימ תעבד ועשית כל מלאכתכ,7,שתא יומין תפלח ותעבד כל עבדתך:,6,"ἓξ ἡμέρας ἐργᾷ καὶ ποιήσεις πάντα τὰ ἔργα σου,",9,ܫܬܐ ܝܘܡ̈ܝܢ ܬܦܠܘܚ ܘܬܥܒ̇ܕ ܟܠ ܥܒ̇ܕܟ.,6,"Seis dias trabalharás, e farás todo o teu trabalho;",9,True,True,True
20,10,Êxodo 20:10,וְי֨וֹם֙ הַשְּׁבִיעִ֔י שַׁבָּ֖ת לַיהוָ֣ה אֱלֹהֶ֑יךָ לֹֽ֣א־ תַעֲשֶׂ֨ה כָל־ מְלָאכָ֜ה אַתָּ֣ה ׀ וּבִנְךָֽ֣־ וּבִתֶּ֗ךָ עַבְדְּךָ֤ וַאֲמָֽתְךָ֙ וּבְהֶמְתֶּ֔ךָ וְגֵרְךָ֖ אֲשֶׁ֥ר בִּשְׁעָרֶֽיךָ ׃,ויומ השביעי שבת ליהוה אלהיכ לא תעשה כל מלאכה אתה ובנכ ובתכ עבדכ ואמתכ ובהמתכ וגרכ אשר בשעריכ,20,ויומא שביעאה שבתא קדם יי אלהך לא תעבד כל עבדתא את וברך וברתך עבדך ואמתך ובעירך וגיורך די בקרוך:,19,"τῇ δὲ ἡμέρᾳ τῇ ἑβδόμῃ σάββατα Κυρίῳ τῷ θεῷ σου· οὐ ποιήσεις ἐν αὐτῇ πᾶν ἔργον, σὺ καὶ ὁ υἱός σου καὶ ἡ θυγάτηρ σου, ὁ παῖς σου καὶ ἡ παιδίσκη σου, ὁ βοῦς σου καὶ τὸ ὑποζύγιόν σου καὶ πᾶν κτῆνός σου, καὶ ὁ προσήλυτος ὁ παροικῶν ἐν σοί.",50,ܘܝܘܡܐ ܫܒܝܥܝܐ ܫܒܬܐ ܠܡܪܝܐ ܐܠܗܟ. ܠܐ ܬܥ̇ܒܕ ܟܠ ܥܒ̇ܕ. ܐܢܬ ܘܒܪܟ ܘܒܪܬܟ ܘܥܒ̣ܕܟ ܘܐܡܬܟ. ܘܒܥܝܪܟ ܘܬܘܬܒܟ ܕܒܩܘܪ̈ܝܟ̇.,17,"mas o sétimo dia é o sábado do Senhor teu Deus. Nesse dia não farás trabalho algum, nem tu, nem teu filho, nem tua filha, nem o teu servo, nem a tua serva, nem o teu animal, nem o estrangeiro que está dentro das tuas portas.",46,True,True,True
20,11,Êxodo 20:11,כִּ֣י שֵֽׁשֶׁת־ יָמִים֩ עָשָׂ֨ה יְהוָ֜ה אֶת־ הַשָּׁמַ֣יִם וְאֶת־ הָאָ֗רֶץ אֶת־ הַיָּם֙ וְאֶת־ כָּל־ אֲשֶׁר־ בָּ֔ם וַיָּ֖נַח בַּיּ֣וֹם הַשְּׁבִיעִ֑י עַל־ כֵּ֗ן בֵּרַ֧ךְ יְהוָ֛ה אֶת־ י֥וֹם הַשַּׁבָּ֖ת וַֽיְקַדְּשֵֽׁהוּ ׃ ס,כי ששת ימימ עשה יהוה את השמימ ואת הארצ את הימ ואת כל אשר במ וינח ביומ השביעי על כנ ברכ יהוה את יומ השבת ויקדשהו ס,28,ארי שתא יומין עבד יי ית שמיא וית ארעא ית ימא וית כל די בהון ונח ביומא שביעאה על כן בריך יי ית יומא דשבתא וקדשה:,26,"ἐν γὰρ ἓξ ἡμέραις ἐποίησεν Κύριος τὸν οὐρανὸν καὶ τὴν γῆν καὶ πάντα τὰ ἐν αὐτοῖς, καὶ κατέπαυσεν τῇ ἡμέρᾳ τῇ ἑβδόμῃ· διὰ τοῦτο εὐλόγησεν Κύριος τὴν ἡμέραν τὴν ἑβδόμην καὶ ἡγίασεν αὐτήν.",33,ܡܛܠ ܕܠܫܬܐ ܝܘܡ̈ܝܢ ܥܒ̣ܕ ܡܪܝܐ ܫܡܝܐ ܘܐܪܥܐ. ܘܝܡ̈ܡܐ ܘܟܠ ܕܐܝܬ ܒܗܘܢ. ܘܐܬܬܢܝܚ ܒܝܘܡܐ ܫܒܝܥܝܐ. ܡܛܠ ܗܢܐ ܒ̇ܪܟ ܡܪܝܐ ܠܝܘܡܐ ܫܒܝܥܝܐ ܘܩܕܫܗ.,21,"Porque em seis dias fez o Senhor o céu e a terra, o mar e tudo o que neles há, e ao sétimo dia descansou; por isso o Senhor abençoou o dia do sábado, e o santificou.",37,True,True,True
20,12,Êxodo 20:12,כַּבֵּ֥ד אֶת־ אָבִ֖יךָ וְאֶת־ אִמֶּ֑ךָ לְמַ֨עַן֙ יַאֲרִכ֣וּן יָמֶ֔יךָ עַ֚ל הָאֲדָמָ֔ה אֲשֶׁר־ יְהוָ֥ה אֱלֹהֶ֖יךָ נֹתֵ֥ן לָֽךְ ׃ ס,כבד את אביכ ואת אמכ למענ יארכונ ימיכ על האדמה אשר יהוה אלהיכ נתנ לכ ס,17,יקר ית אבוך וית אמך בדיל דיורכון יומיך על ארעא דיי אלהך יהב לך:,14,"Τίμα τὸν πατέρα σου καὶ τὴν μητέρα, ἵνα εὖ σοι γένηται, καὶ ἵνα μακροχρόνιος γένῃ ἐπὶ τῆς γῆς τῆς ἀγαθῆς ἧς Κύριος ὁ θεός σου δίδωσίν σοι.",27,ܝܩܪ ܠܐܒܘܟ ܘܠܐܡ̣ܟ. ܕܢ̣ܣܓܘܢ ܝܘܡ̈ܝܟ . ܒܐܪܥܐ ܕܡܪܝܐ ܐܠܗܟ ܝܗ̇ܒ ܠܟ.,11,"Honra a teu pai e a tua mãe, para que se prolonguem os teus dias na terra que o Senhor teu Deus te dá.",24,True,True,True
20,13,Êxodo 20:13,לֹ֖א תִּרְצָֽח ׃ ס,לא תרצח ס,4,לא תקטול נפש לא תגוף לא תגנוב לא תסהד בחברך סהדותא דשקרא:,12,Οὐ μοιχεύσεις.,2,ܠܐ ܬܩܛܘܠ.,2,Não matarás.,2,True,True,True
20,14,Êxodo 20:14,לֹ֖א תִּנְאָֽף ׃ ס,לא תנאפ ס,4,לא תחמד בית חברך לא תחמד אתת חברך ועבדה ואמתה ותורה וחמרה וכל די לחברך:,15,Οὐ κλέψεις.,2,ܠܐ ܬܓܘܪ.,2,Não adulterarás.,2,True,True,True
20,15,Êxodo 20:15,לֹ֖א תִּגְנֹֽב ׃ ס,לא תגנב ס,4,וכל עמא חזן ית קליא וית בעוריא וית קל שופרא וית טורא תנן וחזא עמא וזעו וקמו מרחיק:,18,Οὐ φονεύσεις.,2,ܠܐ ܬܓܢܘܒ.,2,Não furtarás.,2,True,True,True
20,16,Êxodo 20:16,לֹֽא־ תַעֲנֶ֥ה בְרֵעֲךָ֖ עֵ֥ד שָֽׁקֶר ׃ ס,לא תענה ברעכ עד שקר ס,7,ואמרו למשה מלל את עמנא ונקבל ולא יתמלל עמנא מן קדם יי דילמא נמות:,14,Οὐ ψευδομαρτυρήσεις κατὰ τοῦ πλησίον σου μαρτυρίαν ψευδῆ.,8,ܠܐ ܬܣܗ̣ܕ ܒܚܒܪܟ ܣܗܕܘܬܐ ܕܓܠܬܐ.,5,Não dirás falso testemunho contra o teu próximo.,8,True,True,True
20,17,Êxodo 20:17,לֹ֥א תַחְמֹ֖ד בֵּ֣ית רֵעֶ֑ךָ לֹֽא־ תַחְמֹ֞ד אֵ֣שֶׁת רֵעֶ֗ךָ וְעַבְדּ֤וֹ וַאֲמָתוֹ֙ וְשׁוֹר֣וֹ וַחֲמֹר֔וֹ וְכֹ֖ל אֲשֶׁ֥ר לְרֵעֶֽךָ ׃ פ,לא תחמד בית רעכ לא תחמד אשת רעכ ועבדו ואמתו ושורו וחמרו וכל אשר לרעכ פ,17,ואמר משה לעמא לא תדחלון ארי בדיל לנסאה יתכון אתגלי לכון יקרא דיי ובדיל דתהי דחלתה על אפיכון בדיל דלא תחובון:,21,Οὐκ ἐπιθυμήσεις τὴν γυναῖκα τοῦ πλησίον σου· οὐκ ἐπιθυμήσεις τὴν οἰκίαν τοῦ πλησίον σου οὔτε τὸν ἀγρὸν αὐτοῦ οὔτε τὸν παῖδα αὐτοῦ οὔτε τὴν παιδίσκην αὐτοῦ οὔτε τοῦ βοὸς αὐτοῦ οὔτε τοῦ ὑποζυγίου αὐτοῦ οὔτε παντὸς κτήνους αὐτοῦ οὔτε ὅσα τῷ πλησίον σού ἐστιν.,44,ܠܐ ܬܪܓ ܒܝܬܗ ܕܚܒܪܟ. ܠܐ ܬܪܓ ܐܢܬܬܗ ܕܚܒܪܟ. ܘܥܒ̣ܕܗ ܘܐܡܬܗ ܘܬܘܪܗ ܘܚܡܪܗ. ܘܟܠ ܡܕܡ ܕܐܝܬ ܠܚܒܪܟ.,16,"Não cobiçarás a casa do teu próximo, não cobiçarás a mulher do teu próximo, nem o seu servo, nem a sua serva, nem o seu boi, nem o seu jumento, nem coisa alguma do teu próximo.",36,True,True,True
20,18,Êxodo 20:18,וְכָל־ הָעָם֩ רֹאִ֨ים אֶת־ הַקּוֹלֹ֜ת וְאֶת־ הַלַּפִּידִ֗ם וְאֵת֙ ק֣וֹל הַשֹּׁפָ֔ר וְאֶת־ הָהָ֖ר עָשֵׁ֑ן וַיַּ֤רְא הָעָם֙ וַיָּנֻ֔עוּ וַיַּֽעַמְד֖וּ מֵֽרָחֹֽק ׃,וכל העמ ראימ את הקולת ואת הלפידמ ואת קול השפר ואת ההר עשנ וירא העמ וינעו ויעמדו מרחק,19,וקם עמא מרחיק ומשה קרב לצד אמיטתא דתמן יקרא דיי:,10,"Καὶ πᾶς ὁ λαὸς ἑώρα τὴν φωνὴν καὶ τὰς λαμπάδας καὶ τὴν φωνὴν τῆς σάλπιγγος καὶ τὸ ὄρος τὸ καπνίζον· φοβηθέντες δὲ πᾶς ὁ λαὸς ἔστησαν μακρόθεν,",27,ܘܟܠܗ ܥܡܐ ܚ̇ܙܝܢ ܩ̈ܠܐ ܘܠܡܦܐ̈ܕܐ. ܘܩܠܐ ܕܩܪܢܐ ܘܛܘܪܐ ܕܬܐܢ. ܘܚܙܘ ܥܡܐ ܘܕܚ̣ܠܘ. ܘܩܡܘ ܡܢ ܪܘܚܩܐ.,15,"Ora, todo o povo presenciava os trovões, e os relâmpagos, e o sonido da buzina, e o monte a fumegar; e o povo, vendo isso, estremeceu e pôs-se de longe.",30,True,True,True
20,19,Êxodo 20:19,וַיֹּֽאמְרוּ֙ אֶל־ מֹשֶׁ֔ה דַּבֵּר־ אַתָּ֥ה עִמָּ֖נוּ וְנִשְׁמָ֑עָה וְאַל־ יְדַבֵּ֥ר עִמָּ֛נוּ אֱלֹהִ֖ים פֶּן־ נָמֽוּת ׃,ויאמרו אל משה דבר אתה עמנו ונשמעה ואל ידבר עמנו אלהימ פנ נמות,14,ואמר יי למשה כדנן תימר לבני ישראל אתון חזיתון ארי מן שמיא מלילית עמכון:,14,"καὶ εἶπαν πρὸς Μωυσῆν Λάλησον σὺ ἡμῖν, καὶ μὴ λαλείτω πρὸς ἡμᾶς ὁ θεός, μὴ ἀποθάνωμεν.",16,ܘܐܡ̣ܪܘ ܠܡܘܫܐ. ܡܠܠ ܐܢܬ ܥܡܢ ܘܢܫܡܥ. ܘܠܐ ܢܡܠܠ ܥܡܢ ܐܠܗܐ ܕܠܐ ܢܡܘܬ.,12,"E disseram a Moisés: Fala-nos tu mesmo, e ouviremos; mas não fale Deus conosco, para que não morramos.",18,True,True,True
20,20,Êxodo 20:20,וַיֹּ֨אמֶר מֹשֶׁ֣ה אֶל־ הָעָם֮ אַל־ תִּירָאוּ֒ כִּ֗י לְבַֽעֲבוּר֙ נַסּ֣וֹת אֶתְכֶ֔ם בָּ֖א הָאֱלֹהִ֑ים וּבַעֲב֗וּר תִּהְיֶ֧ה יִרְאָת֛וֹ עַל־ פְּנֵיכֶ֖ם לְבִלְתִּ֥י תֶחֱטָֽאוּ ׃,ויאמר משה אל העמ אל תיראו כי לבעבור נסות אתכמ בא האלהימ ובעבור תהיה יראתו על פניכמ לבלתי תחטאו,20,לא תעבדון קדמי דחלן דכסף ודחלן דדהב לא תעבדון לכון:,10,"καὶ λέγει αὐτοῖς Μωσῆς Θαρσεῖτε· ἕνεκεν γὰρ τοῦ πειράσαι ὑμᾶς παρεγενήθη ὁ θεὸς πρὸς ὑμᾶς, ὅπως ἂν γένηται ὁ φόβος αὐτοῦ ἐν ὑμῖν, ἵνα μὴ ἁμαρτάνητε.",26,ܘܐܡ̣ܪ ܡܘܫܐ ܠܥܡܐ ܠܐ ܬܕܚܠܘܢ. ܡܛܠ ܕܠܡܢܣܝܘܬܟܘܢ ܐܬ̣ܐ ܐܠܗܐ. ܘܡܛܠ ܕܬܗ̣ܘܐ ܕܚܠܬܗ ܩܕܡ ܐ̈ܦܝܟܘܢ ܘܕܠܐ ܬܚܛܘܢ.,16,"Respondeu Moisés ao povo: Não temais, porque Deus veio para vos provar, e para que o seu temor esteja diante de vós, a fim de que não pequeis.",28,True,True,True
20,21,Êxodo 20:21,וַיַּעֲמֹ֥ד הָעָ֖ם מֵרָחֹ֑ק וּמֹשֶׁה֙ נִגַּ֣שׁ אֶל־ הָֽעֲרָפֶ֔ל אֲשֶׁר־ שָׁ֖ם הָאֱלֹהִֽים ׃ פ,ויעמד העמ מרחק ומשה נגש אל הערפל אשר שמ האלהימ פ,12,מדבח אדמתא תעבד קדמי ותהי דבח עלוהי ית עלותך וית נכסת קודשך מן ענך ומן תורך בכל אתרא די אשרי ית שכנתי לתמן אשלח ברכתי לך ואברכנך:,27,"ἱστήκει δὲ ὁ λαὸς μακρόθεν, Μωυσῆς δὲ εἰσῆλθεν εἰς τὸν γνόφον οὗ ἦν ὁ θεός.",15,ܘܩܡܘ ܥܡܐ ܡܢ ܪܘܚܩܐ. ܘܡܘܫܐ ܩ̣ܪܒ ܠܘܬ ܥܪܦܠܐ ܕܬܡܢ ܐܠܗܐ.,10,"Assim o povo estava em pé de longe; Moisés, porém, se chegou às trevas espessas onde Deus estava.",18,True,True,True
20,22,Êxodo 20:22,וַיֹּ֤אמֶר יְהוָה֙ אֶל־ מֹשֶׁ֔ה כֹּ֥ה תֹאמַ֖ר אֶל־ בְּנֵ֣י יִשְׂרָאֵ֑ל אַתֶּ֣ם רְאִיתֶ֔ם כִּ֚י מִן־ הַשָּׁמַ֔יִם דִּבַּ֖רְתִּי עִמָּכֶֽם ׃,ויאמר יהוה אל משה כה תאמר אל בני ישראל אתמ ראיתמ כי מנ השמימ דברתי עמכמ,17,ואם מדבח אבנין תעבד קדמי לא תבני יתהון פסילן דלמא תרים חרבך עלה ותחללנה:,14,Εἶπεν δὲ Κύριος πρὸς Μωυσῆν Τάδε ἐρεῖς τῷ οἴκῳ Ἰακὼβ καὶ ἀναγγελεῖς τοῖς υἱοῖς Ἰσραήλ Ὑμεῖς ἑωράκατε ὅτι ἐκ τοῦ οὐρανοῦ λελάληκα πρὸς ὑμᾶς·,24,ܘܐܡ̣ܪ ܡܪܝܐ ܠܡܘܫܐ. ܗܟܢܐ ܬܐܡܪ ܠܕܒܝܬ ܐܝܣܪܐܝܠ. ܐܢܬܘܢ ܚܙܝܬܘܢ. ܕܡܢ ܫܡܝܐ ܡ̇ܠܠܬ ܥܡܟܘܢ.,13,Então disse o Senhor a Moisés: Assim dirás aos filhos de Israel: Vós tendes visto que do céu eu vos falei.,21,True,True,True
20,23,Êxodo 20:23,לֹ֥א תַעֲשׂ֖וּן אִתִּ֑י אֱלֹ֤הֵי כֶ֨סֶף֙ וֵאלֹהֵ֣י זָהָ֔ב לֹ֥א תַעֲשׂ֖וּ לָכֶֽם ׃,לא תעשונ אתי אלהי כספ ואלהי זהב לא תעשו לכמ,11,ולא תסק בדרגין על מדבחי די לא תתגלי עריתך עלוהי:,10,"οὐ ποιήσετε ὑμῖν αὐτοῖς θεοὺς ἀργυροῦς, καὶ θεοὺς χρυσοῦς οὐ ποιήσετε ὑμῖν ἑαυτοῖς.",13,ܠܐ ܬܥ̇ܒܕܘܢ ܠܟܘܢ ܥܡܝ ܐ̈ܠܗܐ ܕܕܗܒܐ. ܘܐ̈ܠܗܐ ܕܣܐܡܐ ܠܐ ܬܥ̇ܒܕܘܢ ܠܟܘܢ.,11,"Não fareis outros deuses comigo; deuses de prata, ou deuses de ouro, não os fareis para vós.",17,True,True,True
20,24,Êxodo 20:24,מִזְבַּ֣ח אֲדָמָה֮ תַּעֲשֶׂה־ לִּי֒ וְזָבַחְתָּ֣ עָלָ֗יו אֶת־ עֹלֹתֶ֨יךָ֙ וְאֶת־ שְׁלָמֶ֔יךָ אֶת־ צֹֽאנְךָ֖ וְאֶת־ בְּקָרֶ֑ךָ בְּכָל־ הַמָּקוֹם֙ אֲשֶׁ֣ר אַזְכִּ֣יר אֶת־ שְׁמִ֔י אָב֥וֹא אֵלֶ֖יךָ וּבֵרַכְתִּֽיךָ ׃,מזבח אדמה תעשה לי וזבחת עליו את עלתיכ ואת שלמיכ את צאנכ ואת בקרכ בכל המקומ אשר אזכיר את שמי אבוא אליכ וברכתיכ,24,,0,"Θυσιαστήριον ἐκ γῆς ποιήσετέ μοι, καὶ θύσετε ἐπ᾽ αὐτοῦ τὰ ὁλοκαυτώματα ὑμῶν καὶ τὰ σωτήρια ὑμῶν καὶ τὰ πρόβατα καὶ τοὺς μόσχους ὑμῶν ἐν παντὶ τόπῳ οὗ ἐὰν ἐπονομάσω τὸ ὄνομά μου ἐκεῖ· καὶ ἥξω πρὸς σὲ καὶ εὐλογήσω σε.",40,ܡܕܒܚܐ ܕܐܕܡܬܐ ܬܥ̇ܒܕ ܠܝ. ܘܬܕܒ̇ܚ ܥܠܘܗܝ ܥܠܘ̈ܬܟ ܘܩܘܪ̈ܒܢܝܟ. ܘܥܢܟ ܘܬܘܪ̈ܝܟ. ܒܟܠ ܐܬܪ ܕܬܕܟܪ ܫܡܝ. ܐ̇ܬܐ ܠܘܬܟ ܘܐܒܪܟܟ.,17,"um altar de terra me farás, e sobre ele sacrificarás os teus holocaustos, e as tuas ofertas pacíficas, as tuas ovelhas e os teus bois. Em todo lugar em que eu fizer recordar o meu nome, virei a ti e te abençoarei.",42,False,True,True
20,25,Êxodo 20:25,וְאִם־ מִזְבַּ֤ח אֲבָנִים֙ תַּֽעֲשֶׂה־ לִּ֔י לֹֽא־ תִבְנֶ֥ה אֶתְהֶ֖ן גָּזִ֑ית כִּ֧י חַרְבְּךָ֛ הֵנַ֥פְתָּ עָלֶ֖יהָ וַתְּחַֽלְלֶֽהָ ׃,ואמ מזבח אבנימ תעשה לי לא תבנה אתהנ גזית כי חרבכ הנפת עליה ותחללה,15,,0,"ἐὰν δὲ θυσιαστήριον ἐκ λίθων ποιῇς μοι, οὐκ οἰκοδομήσεις αὐτοὺς τμητούς· τὸ γὰρ ἐνχειρίδιόν σου ἐπιβέβληκας ἐπ᾽ αὐτοὺς καὶ μεμίανται.",20,ܘܐܢ ܡܕܒܚܐ ܕܟܐ̈ܦܐ ܬܥ̇ܒܕ ܠܝ. ܠܐ ܬܒܢܝܘܗܝ ܒܦܣܝܠܬܐ. ܡܛܠ ܕܦܪܙܠܐ ܐܢܝܦ̣ܬ ܥܠܘܗܝ ܘܛܘܫܬܝܗܝ.,13,"E se me fizeres um altar de pedras, não o construirás de pedras lavradas; pois se sobre ele levantares o teu buril, profaná-lo-ás.",23,False,True,True
20,26,Êxodo 20:26,וְלֹֽא־ תַעֲלֶ֥ה בְמַעֲלֹ֖ת עַֽל־ מִזְבְּחִ֑י אֲשֶׁ֛ר לֹֽא־ תִגָּלֶ֥ה עֶרְוָתְךָ֖ עָלָֽיו ׃ פ,ולא תעלה במעלת על מזבחי אשר לא תגלה ערותכ עליו פ,12,,0,"οὐκ ἀναβήσῃ ἐν ἀναβαθμίσιν ἐπὶ τὸ θυσιαστήριόν μου, ὅπως ἂν μὴ ἀποκαλύψῃς τὴν ἀσχημοσύνην σου ἐπ᾽ αὐτοῦ.",17,ܘܠܐ ܬܣܩ ܒܕܪ̈ܓܐ ܠܡܕܒܚܝ. ܕܠܐ ܢܬܓܠܐ ܦܘܪܣ̇ܝܟ ܥܠܘܗܝ.,8,"Também não subirás ao meu altar por degraus, para que não seja ali exposta a tua nudez.",17,False,True,True
21,1,Êxodo 21:1,וְאֵ֨לֶּה֙ הַמִּשְׁפָּטִ֔ים אֲשֶׁ֥ר תָּשִׂ֖ים לִפְנֵיהֶֽם ׃,ואלה המשפטימ אשר תשימ לפניהמ,6,ואלין דיניא די תסדר קדמיהון:,5,Καὶ ταῦτα τὰ δικαιώματα ἃ παραθήσῃ ἐνώπιον αὐτῶν.,8,ܘܗܠܝܢ ܕܝܢ̈ܐ ܕܬܣܝܡ ܩܕܡܝܗܘܢ.,4,Estes são os estatutos que lhes proporás:,7,True,True,True
21,2,Êxodo 21:2,כִּ֤י תִקְנֶה֙ עֶ֣בֶד עִבְרִ֔י שֵׁ֥שׁ שָׁנִ֖ים יַעֲבֹ֑ד וּבַ֨שְּׁבִעִ֔ת יֵצֵ֥א לַֽחָפְשִׁ֖י חִנָּֽם ׃,כי תקנה עבד עברי שש שנימ יעבד ובשבעת יצא לחפשי חנמ,12,ארי תזבן עבדא בר ישראל שת שנין יפלח ובשביעתא יפוק לבר חורין מגן:,13,"Ἐὰν κτήσῃ παῖδα Ἐβραῖον, ἓξ ἔτη δουλεύσει σοι· τῷ δὲ ἑβδόμῳ ἔτει ἀπελεύσεται ἐλεύθερος δωρεάν.",15,ܟܕ ܬܙܒܢ ܥܒ̣ܕܐ ܝܗܘܕܝܐ. ܫܬ ܫ̈ܢܝܢ ܢܦܠܚܟ. ܘܒܕܫܒܥ ܢܦܘܩ ܒܪ ܚܐܪ̈ܐ ܡܢ ܠܘܬܟ .,14,"Se comprares um servo hebreu, seis anos servirá; mas ao sétimo sairá forro, de graça.",15,True,True,True
21,3,Êxodo 21:3,אִם־ בְּגַפּ֥וֹ יָבֹ֖א בְּגַפּ֣וֹ יֵצֵ֑א אִם־ בַּ֤עַל אִשָּׁה֙ ה֔וּא וְיָצְאָ֥ה אִשְׁתּ֖וֹ עִמּֽוֹ ׃,אמ בגפו יבא בגפו יצא אמ בעל אשה הוא ויצאה אשתו עמו,13,אם בלחודוהי ייעול בלחודוהי יפוק אם בעל אתתא הוא ותפוק אתתה עמה:,12,"ἐὰν αὐτὸς μόνος εἰσέλθῃ, καὶ μόνος ἐξελεύσεται· ἐὰν δὲ γυνὴ συνεισέλθῃ μετ᾽ αὐτοῦ, ἐξελεύσεται καὶ ἡ γυνὴ μετ᾽ αὐτοῦ.",19,ܘܐܢ ܒܠܚܘܕܘܗܝ ܢܥܘܠ ܒܠܚܘܕܘܗܝ ܢܦܘܩ. ܘܐܢ ܒܥܠ ܐܢܬܬܐ ܗܘ . ܬܦܘܩ ܐܢܬܬܗ ܥܡܗ.,13,"Se entrar sozinho, sozinho sairá; se tiver mulher, então com ele sairá sua mulher.",14,True,True,True
21,4,Êxodo 21:4,אִם־ אֲדֹנָיו֙ יִתֶּן־ ל֣וֹ אִשָּׁ֔ה וְיָלְדָה־ ל֥וֹ בָנִ֖ים א֣וֹ בָנ֑וֹת הָאִשָּׁ֣ה וִילָדֶ֗יהָ תִּהְיֶה֙ לַֽאדֹנֶ֔יהָ וְה֖וּא יֵצֵ֥א בְגַפּֽוֹ ׃,אמ אדניו יתנ לו אשה וילדה לו בנימ או בנות האשה וילדיה תהיה לאדניה והוא יצא בגפו,18,אם רבונה יתן לה אתתא ותליד לה בנין או בנן אתתא ובנהא תהי לרבונהא והוא יפוק בלחודוהי:,17,"ἐὰν δὲ ὁ κύριος δῷ αὐτῷ γυναῖκα, καὶ τέκῃ αὐτῷ υἱοὺς ἢ θυγατέρας, ἡ γυνὴ καὶ τὰ παιδία ἔσται τῷ κυρίῳ αὐτοῦ, αὐτὸς δὲ μόνος ἐξελεύσεται.",26,ܘܐܢ ܡܪܗ ܢܬܠ ܠܗ ܐܢܬܬܐ. ܘܬܐܠܕ ܠܗ ܒܢ̈ܝܐ ܘܒܢ̈ܬܐ . ܐܢܬܬܐ ܘܒܢ̈ܝܗ̇ ܬܗܘܐ ܕܡܪܗ. ܘܗ̣ܘ ܢܦܘܩ ܒܠܚܘܕܘܗܝ.,17,"Se seu senhor lhe houver dado uma mulher e ela lhe houver dado filhos ou filhas, a mulher e os filhos dela serão de seu senhor e ele sairá sozinho.",30,True,True,True
21,5,Êxodo 21:5,וְאִם־ אָמֹ֤ר יֹאמַר֙ הָעֶ֔בֶד אָהַ֨בְתִּי֙ אֶת־ אֲדֹנִ֔י אֶת־ אִשְׁתִּ֖י וְאֶת־ בָּנָ֑י לֹ֥א אֵצֵ֖א חָפְשִֽׁי ׃,ואמ אמר יאמר העבד אהבתי את אדני את אשתי ואת בני לא אצא חפשי,15,ואם מימר יימר עבדא רחימנא ית רבוני ית אתתי וית בני לא אפוק לבר חורין:,15,"ἐὰν δὲ ἀποκριθεὶς εἴπῃ ὁ παῖς Ἠγάπηκα τὸν κύριόν μου καὶ τὴν γυναῖκα καὶ τὰ παιδία, οὐκ ἀποτρέχω ἐλεύθερος·",19,ܘܐܢ ܢܐܡܪ ܥܒ̣ܕܐ ܕܪܚܡ ܐܢܐ ܠܡܪܝ. ܘܠܐܢܬܬܝ ܘܠܒ̈ܢܝ. ܠܐ ܢܦܩ̇ ܐܢܐ ܒܪ ܚܐܪ̈ܐ.,13,"Mas se esse servo expressamente disser: Eu amo a meu senhor, a minha mulher e a meus filhos, não quero sair forro;",22,True,True,True
21,6,Êxodo 21:6,וְהִגִּישׁ֤וֹ אֲדֹנָיו֙ אֶל־ הָ֣אֱלֹהִ֔ים וְהִגִּישׁוֹ֙ אֶל־ הַדֶּ֔לֶת א֖וֹ אֶל־ הַמְּזוּזָ֑ה וְרָצַ֨ע אֲדֹנָ֤יו אֶת־ אָזְנוֹ֙ בַּמַּרְצֵ֔עַ וַעֲבָד֖וֹ לְעֹלָֽם ׃ ס,והגישו אדניו אל האלהימ והגישו אל הדלת או אל המזוזה ורצע אדניו את אזנו במרצע ועבדו לעלמ ס,19,ויקרבנה רבונה לקדם דיניא ויקרבנה לות דשא או לות מזזתא וירצע רבונה ית אודנה במרצעא ויהי לה עבד פלח לעלם:,20,"προσάξει αὐτὸν ὁ κύριος αὐτοῦ πρὸς τὸ κριτήριον τοῦ θεοῦ, καὶ τότε προσάξει αὐτὸν ἐπὶ τὴν θύραν ἐπὶ τὸν σταθμόν, καὶ τρυπήσει ὁ κύριος αὐτοῦ τὸ οὖς τῷ ὀπητίῳ, καὶ δουλεύσει αὐτῷ εἰς τὸν αἰῶνα.",35,ܢܩܪܒܝܘܗܝ ܡܪܗ ܠܘܬ ܕܝܢ̈ܐ. ܘܢܩܪܒܝܘܗܝ ܠܘܬ ܬܪܥܐ ܐܘ ܠܘܬ ܐܣܟܘܦܬܐ. ܘܢܩܘܒ ܡܪܗ ܐܕܢܗ ܒܡܩܒܐ. ܘܢܗܘܐ ܠܗ ܥܒ̣ܕ ܦܠܚ ܠܥܠܡ.,19,"então seu senhor o levará perante os juízes, e o fará chegar à porta, ou ao umbral da porta, e o seu senhor lhe furará a orelha com uma sovela; e ele o servirá para sempre.",36,True,True,True
21,7,Êxodo 21:7,וְכִֽי־ יִמְכֹּ֥ר אִ֛ישׁ אֶת־ בִּתּ֖וֹ לְאָמָ֑ה לֹ֥א תֵצֵ֖א כְּצֵ֥את הָעֲבָדִֽים ׃,וכי ימכר איש את בתו לאמה לא תצא כצאת העבדימ,11,וארי יזבן גבר ית ברתה לאמהו לא תפוק כמפקנות עבדיא:,10,"Ἐὰν δέ τις ἀποδῶται τὴν ἑαυτοῦ θυγατέρα οἰκέτιν, οὐκ ἀπελεύσεται ὥσπερ ἀποτρέχουσιν αἱ δοῦλαι.",14,ܘܟܕ ܢܙܒ̇ܢ ܓܒܪܐ ܒܪܬܗ ܠܐܡܬܐ. ܠܐ ܬܦܘܩ ܐܝܟ ܕܢܦܩܝܢ ܥܒ̣̈ܕܐ.,10,"Se um homem vender sua filha para ser serva, ela não sairá como saem os servos.",16,True,True,True
21,8,Êxodo 21:8,אִם־ רָעָ֞ה בְּעֵינֵ֧י אֲדֹנֶ֛יהָ אֲשֶׁר־ לא יְעָדָ֖הּ וְהֶפְדָּ֑הּ לְעַ֥ם נָכְרִ֛י לֹא־ יִמְשֹׁ֥ל לְמָכְרָ֖הּ בְּבִגְדוֹ־ בָֽהּ ׃,אמ רעה בעיני אדניה אשר לא יעדה והפדה לעמ נכרי לא ימשל למכרה בבגדו בה,16,אם בישא בעיני רבונה דיקימה לה ויפרקנה לגבר אחרן לית לה רשו לזבונה במשלטה בה:,15,"ἐὰν μὴ εὐαρεστήσῃ τῷ κυρίῳ αὐτῆς ἣν αὑτῷ καθωμολογήσατο, ἀπολυτρώσει αὐτήν· ἔθνει δὲ ἀλλοτρίῳ οὐ κύριός ἐστιν πωλεῖν αὐτήν, ὅτι ἠθέτησεν ἐν αὐτῇ.",23,ܐܢ ܣܢܝܐ ܗܝ ܒܥܝܢ̈ܝ ܡܪܗ̇. ܕܠܐ ܢܣܒܝܗ̇ ܢܦ̣ܪܩܝܗ̇. ܠܥܡ ܢܘܟܪܝ ܠܐ ܫܠܝܛ ܠܗ ܠܡܙܒܢܘܬܗ̇. ܡܛܠ ܕܕܓ̇ܠ ܒܗ̇.,17,"Se ela não agradar ao seu senhor, de modo que não se despose com ela, então ele permitirá que seja resgatada; vendê-la a um povo estrangeiro, não o poderá fazer, visto ter usado de dolo para com ela.",38,True,True,True
21,9,Êxodo 21:9,וְאִם־ לִבְנ֖וֹ יִֽיעָדֶ֑נָּה כְּמִשְׁפַּ֥ט הַבָּנ֖וֹת יַעֲשֶׂה־ לָּֽהּ ׃,ואמ לבנו ייעדנה כמשפט הבנות יעשה לה,8,ואם לברה יקימנה כהלכת בנת ישראל יעבד לה:,8,"ἐὰν δὲ τῷ υἱῷ καθομολογήσηται αὐτήν, κατὰ τὸ δικαίωμα τῶν θυγατέρων ποιήσει αὐτῇ.",13,ܘܐܢ ܠܒܪܗ ܢܣܒܝܗ̇. ܐܝܟ ܢܡܘܣܐ ܕܡܬܥܒܕ ܠܒܢ̈ܬܐ ܢܥܒܕ ܠܗ̇.,9,"Mas se a desposar com seu filho, fará com ela conforme o direito de filhas.",15,True,True,True
21,10,Êxodo 21:10,אִם־ אַחֶ֖רֶת יִֽקַּֽח־ ל֑וֹ שְׁאֵרָ֛הּ כְּסוּתָ֥הּ וְעֹנָתָ֖הּ לֹ֥א יִגְרָֽע ׃,אמ אחרת יקח לו שארה כסותה וענתה לא יגרע,10,אם אחרנתא יסב לה זיונה כסותה ועונתה לא ימנע:,9,"ἐὰν δὲ ἄλλην λάβῃ, τὰ δέοντα καὶ τὸν ἱματισμὸν καὶ τὴν ὁμιλίαν αὐτῆς οὐκ ἀποστερήσει.",15,ܘܐܢ ܐܚܪܬܐ ܢܣ̣̇ܒ ܠܗ. ܬܘܪܣܝܗ̇ ܘܠܒܘܫܗ̇ ܘܡܫܟܒܗ̇ ܠܐ ܢܒ̇ܨܪ.,9,"Se lhe tomar outra, não diminuirá e o mantimento daquela, nem o seu vestido, nem o seu direito conjugal.",19,True,True,True
21,11,Êxodo 21:11,וְאִם־ שְׁלָ֨שׁ־ אֵ֔לֶּה לֹ֥א יַעֲשֶׂ֖ה לָ֑הּ וְיָצְאָ֥ה חִנָּ֖ם אֵ֥ין כָּֽסֶף ׃ ס,ואמ שלש אלה לא יעשה לה ויצאה חנמ אינ כספ ס,12,ואם תלת אלין לא יעבד לה ותפוק מגן בלא כסף:,10,"ἐὰν δὲ τὰ τρία ταῦτα μὴ ποιήσῃ αὐτῇ, ἐξελεύσεται δωρεὰν ἄνευ ἀργυρίου.",12,ܘܐܢ ܗܠܝܢ ܬܠܬ ܠܐ ܢܥܒܕ ܠܗ̇. ܬܦܘܩ ܡܓܢ ܕܠܐ ܟܣܦ.,10,"E se não lhe cumprir estas três obrigações, ela sairá de graça, sem dar dinheiro.",15,True,True,True
21,12,Êxodo 21:12,מַכֵּ֥ה אִ֛ישׁ וָמֵ֖ת מ֥וֹת יוּמָֽת ׃,מכה איש ומת מות יומת,6,דימחי לאנש ויקטלנה אתקטלא יתקטל:,5,"Ἐὰν δὲ πατάξῃ τίς τινα καὶ ἀποθάνῃ, θανάτῳ θανατούσθω·",9,ܕܢܡܚ̣ܐ ܠܓܒܪܐ ܘܢܡܘܬ ܡܬܩܛܠܘ ܢܬܩܛܠ.,5,"Quem ferir a um homem, de modo que este morra, certamente será morto.",13,True,True,True
21,13,Êxodo 21:13,וַאֲשֶׁר֙ לֹ֣א צָדָ֔ה וְהָאֱלֹהִ֖ים אִנָּ֣ה לְיָד֑וֹ וְשַׂמְתִּ֤י לְךָ֙ מָק֔וֹם אֲשֶׁ֥ר יָנ֖וּס שָֽׁמָּה ׃ ס,ואשר לא צדה והאלהימ אנה לידו ושמתי לכ מקומ אשר ינוס שמה ס,14,ודלא כמן לה ומן קדם יי אתמסר לידה ואשוי לך אתר די יערוק לתמן:,14,"ὁ δὲ οὐχ ἑκών, ἀλλὰ ὁ θεὸς παρέδωκεν εἰς τὰς χεῖρας αὐτοῦ, δώσω σοι τόπον οὗ φεύξεται ἐκεῖ ὁ φονεύσας.",20,ܘܕܠܐ ܟܡܢ ܠܗ ܘܐܠܗܐ ܐܫܠܡܗ ܒܐܝܕܗ. ܥܒ̣ܕ ܠܟ ܐܬܪܐ ܕܢܥܪܘܩ ܠܬܡܢ.,11,"Se, porém, lhe não armar ciladas, mas Deus lho entregar nas mãos, então te designarei um lugar, para onde ele fugirá.",21,True,True,True
21,14,Êxodo 21:14,וְכִֽי־ יָזִ֥ד אִ֛ישׁ עַל־ רֵעֵ֖הוּ לְהָרְג֣וֹ בְעָרְמָ֑ה מֵעִ֣ם מִזְבְּחִ֔י תִּקָּחֶ֖נּוּ לָמֽוּת ׃ ס,וכי יזד איש על רעהו להרגו בערמה מעמ מזבחי תקחנו למות ס,13,וארי ירשע גבר על חברה למקטלה בנכילו מן מדבחי תדברנה לממת:,11,"ἐὰν δέ τις ἐπιθῆται τῷ πλησίον ἀποκτεῖναι αὐτὸν δόλῳ καὶ καταφύγῃ, ἀπὸ τοῦ θυσιαστηρίου μου λήμψῃ αὐτὸν θανατῶσαι.",18,ܘܐܢ ܢܡܪܚ ܓܒܪܐ ܥܠ ܚܒܪܗ. ܘܢܩܛܠܝܘܗܝ ܒܢܟܠܐ. ܡܢ ܠܘܬ ܡܕܒܚܝ ܕܒܪܝܗܝ ܠܡܩܛܠܗ.,12,"No entanto, se alguém se levantar deliberadamente contra seu próximo para o matar à traição, tirá-lo-ás do meu altar, para que morra.",22,True,True,True
21,15,Êxodo 21:15,וּמַכֵּ֥ה אָבִ֛יו וְאִמּ֖וֹ מ֥וֹת יוּמָֽת ׃,ומכה אביו ואמו מות יומת,6,ודימחי אבוהי ואמה אתקטלא יתקטל:,5,"Ὃς τύπτει πατέρα αὐτοῦ ἢ μητέρα αὐτοῦ, θανάτῳ θανατούσθω.",9,ܕܢܡܚܐ ܠܐܒܘܗܝ ܘܠܐܡܗ ܡܬܩܛܠܘ ܢܬܩܛܠ.,5,"Quem ferir a seu pai, ou a sua mãe, certamente será morto.",12,True,True,True
21,16,Êxodo 21:16,וְגֹנֵ֨ב אִ֧ישׁ וּמְכָר֛וֹ וְנִמְצָ֥א בְיָד֖וֹ מ֥וֹת יוּמָֽת ׃ ס,וגנב איש ומכרו ונמצא בידו מות יומת ס,9,ודיגנוב נפשא מן בני ישראל ויזבננה וישתכח בידה אתקטלא יתקטל:,10,Ὁ κακολογῶν πατέρα αὐτοῦ ἢ μητέρα αὐτοῦ τελευτήσει θανάτῳ.,9,ܕܢܓܢܘܒ ܢܦܫܐ ܘܢܙܒܢܝܗ̇ ܘܬܫܬܟܚ ܒܐܝܕܗ ܡܬܩܛܠܘ ܢܬܩܛܠ.,7,"Quem furtar algum homem, e o vender, ou mesmo se este for achado na sua mão, certamente será morto.",19,True,True,True
21,17,Êxodo 21:17,וּמְקַלֵּ֥ל אָבִ֛יו וְאִמּ֖וֹ מ֥וֹת יוּמָֽת ׃ ס,ומקלל אביו ואמו מות יומת ס,7,ודילוט אבוהי ואמה אתקטלא יתקטל:,5,"Ὃς ἐὰν κλέψῃ τίς τινα τῶν υἱῶν Ἰσραὴλ καὶ καταδυναστεύσας αὐτὸν ἀποδῶται, καὶ εὑρεθῇ ἐν αὐτῷ, θανάτῳ τελευτάτω.",18,ܕܢܨ̇ܚܐ ܠܐܒܘܗܝ ܘܠܐܡܗ̣ ܡܬܩ̣ܛܠܘ ܢܬܩ̣ܛܠ .,6,"Quem amaldiçoar a seu pai ou a sua mãe, certamente será morto.",12,True,True,True
21,18,Êxodo 21:18,וְכִֽי־ יְרִיבֻ֣ן אֲנָשִׁ֔ים וְהִכָּה־ אִישׁ֙ אֶת־ רֵעֵ֔הוּ בְּאֶ֖בֶן א֣וֹ בְאֶגְרֹ֑ף וְלֹ֥א יָמ֖וּת וְנָפַ֥ל לְמִשְׁכָּֽב ׃,וכי יריבנ אנשימ והכה איש את רעהו באבנ או באגרפ ולא ימות ונפל למשכב,15,וארי ינצון גברין וימחי גבר ית חברה באבנא או בכורמיזא ולא ימות ויפול לבוטלן:,14,"Ἐὰν δὲ λοιδορῶνται δύο ἄνδρες καὶ πατάξωσιν τὸν πλησίον λίθῳ ἢ πυγμῇ, καὶ μὴ ἀποθάνῃ, κατακλιθῇ δὲ ἐπὶ τὴν κοίτην,",20,ܘܟܕ ܢܨܘܢ ܬܪ̈ܝܢ ܓܒܪ̈ܝܢ. ܘܢܡ̣ܚܐ ܓܒܪܐ ܠܚܒܪܗ ܒܟܐܦܐ ܐܘ ܒܩܛܝܪܐ ܘܠܐ ܢܡܘܬ. ܘܢܦ̣ܠ ܠܡܪܥܐ.,14,"Se dois homens brigarem e um ferir ao outro com pedra ou com o punho, e este não morrer, mas cair na cama,",23,True,True,True
21,19,Êxodo 21:19,אִם־ יָק֞וּם וְהִתְהַלֵּ֥ךְ בַּח֛וּץ עַל־ מִשְׁעַנְתּ֖וֹ וְנִקָּ֣ה הַמַּכֶּ֑ה רַ֥ק שִׁבְתּ֛וֹ יִתֵּ֖ן וְרַפֹּ֥א יְרַפֵּֽא ׃ ס,אמ יקומ והתהלכ בחוצ על משענתו ונקה המכה רק שבתו יתנ ורפא ירפא ס,15,אם יקום ויהליך בברא על בוריה ויהי זכאה מחיא לחוד בוטלנה יתן ואגר אסיא ישלם:,15,"ἐὰν ἐξαναστὰς ὁ ἄνθρωπος περιπατήσῃ ἔξω ἐπὶ ῥάβδου, ἀθῷος ἔσται ὁ πατάξας· πλὴν τῆς ἀργίας αὐτοῦ ἀποτίσει καὶ τὰ ἰατρεῖα.",20,ܐܢ ܢܩܘܡ ܘܢܗܠܟ ܒܫܘܩܐ ܥܠ ܚܘܛܪܗ. ܢܙܟ̣ܐ ܡ̇ܢ ܕܡܚܝܗܝ. ܒܠܚܘܕ ܒܛܠܢܗ ܘܐܓܪ ܐܣܝܐ ܢܬܠ.,14,"se ele tornar a levantar-se e andar fora sobre o seu bordão, então aquele que o feriu será absolvido; somente lhe pagará o tempo perdido e fará que ele seja completamente curado.",32,True,True,True
21,20,Êxodo 21:20,וְכִֽי־ יַכֶּה֩ אִ֨ישׁ אֶת־ עַבְדּ֜וֹ א֤וֹ אֶת־ אֲמָתוֹ֙ בַּשֵּׁ֔בֶט וּמֵ֖ת תַּ֣חַת יָד֑וֹ נָקֹ֖ם יִנָּקֵֽם ׃,וכי יכה איש את עבדו או את אמתו בשבט ומת תחת ידו נקמ ינקמ,15,וארי ימחי גבר ית עבדה או ית אמתה בשלטן וימות תחות ידה אתדנא יתדן:,14,"Ἐὰν δέ τις πατάξῃ τὸν παῖδα αὐτοῦ ἢ τὴν παιδίσκην αὐτοῦ ἐν ῥάβδῳ, καὶ ἀποθάνῃ ὑπὸ τὰς χεῖρας αὐτοῦ, δίκῃ ἐκδικηθήτω.",21,ܘܟܕ ܢܡܚܐ ܓܒܪܐ ܠܥ̣ܒܕܗ ܐܘ ܠܐܡܬܗ ܒܚܘܛܪܐ ܘܢܡܘܬ ܬܚܝܬ ܐܝܕܗ. ܡܬܕܢܘ ܢܬܕܝܢ.,12,"Se alguém ferir a seu servo ou a sua serva com pau, e este morrer debaixo da sua mão, certamente será castigado;",22,True,True,True
21,21,Êxodo 21:21,אַ֥ךְ אִם־ י֛וֹם א֥וֹ יוֹמַ֖יִם יַעֲמֹ֑ד לֹ֣א יֻקַּ֔ם כִּ֥י כַסְפּ֖וֹ הֽוּא ׃ ס,אכ אמ יומ או יומימ יעמד לא יקמ כי כספו הוא ס,13,ברם אם יומא או תרין יומין יתקים לא יתדן ארי כספה הוא:,12,"ἐὰν δὲ διαβιώσῃ ἡμέραν μίαν ἢ δύο, οὐκ ἐκδικηθήσεται· τὸ γὰρ ἀργύριον αὐτοῦ ἐστίν.",14,ܒܪܡ ܕܝܢ ܐܢ ܚܕ ܝܘܡ ܐܘ ܬܪ̈ܝܢ ܝܘܡ̈ܝܢ ܢܚܐ ܠܐ ܢܬܕܝܢ. ܡܛܠ ܕܟܣܦܗ ܗܘ.,14,"mas se sobreviver um ou dois dias, não será castigado; porque é dinheiro seu.",14,True,True,True
21,22,Êxodo 21:22,וְכִֽי־ יִנָּצ֣וּ אֲנָשִׁ֗ים וְנָ֨גְפ֜וּ אִשָּׁ֤ה הָרָה֙ וְיָצְא֣וּ יְלָדֶ֔יהָ וְלֹ֥א יִהְיֶ֖ה אָס֑וֹן עָנ֣וֹשׁ יֵעָנֵ֗שׁ כַּֽאֲשֶׁ֨ר יָשִׁ֤ית עָלָיו֙ בַּ֣עַל הָֽאִשָּׁ֔ה וְנָתַ֖ן בִּפְלִלִֽים ׃,וכי ינצו אנשימ ונגפו אשה הרה ויצאו ילדיה ולא יהיה אסונ ענוש יענש כאשר ישית עליו בעל האשה ונתנ בפללימ,21,וארי ינצון גברין וימחון אתתא מעדיא ויפקון ולדהא ולא יהי מותא אתגבאה יתגבי כמא די ישוי עלוהי בעלה דאתתא ויתן על מימר דיניא:,23,"Ἐὰν δὲ μάχωνται δύο ἄνδρες καὶ πατάξωσιν γυναῖκα ἐν γαστρὶ ἔχουσαν, καὶ ἐξέλθῃ τὸ παιδίον αὐτῆς μὴ ἐξεικονισμένον, ἐπιζήμιον ζημιωθήσεται· καθότι ἂν ἐπιβάλῃ ὁ ἀνὴρ τῆς γυναικός, δώσει μετὰ ἀξιώματος·.",30,ܘܟܕ ܢܨܘܢ ܬܪ̈ܝܢ ܓܒܪ̈ܝܢ. ܘܢܡܚܘܢ ܐܢܬܬܐ ܕܒܛܢܐ. ܘܢܦܩܘܢ ܥܘܠܗ̇ . ܘܠܐ ܢܗܘܐ ܩܐܪܣܐ. ܡܬܚܣܪܘ ܢܬܚܣܪ . ܐܝܟ ܕܪܡ̇ܐ ܥܠܘܗܝ ܒܥܠܗ̇ ܕܐܢܬܬܐ. ܘܢܬܠ ܐܝܟ ܕܦܣܩܝܢ ܕܝܢ̈ܐ.,25,"Se alguns homens brigarem, e um ferir uma mulher grávida, e for causa de que aborte, não resultando, porém, outro dano, este certamente será multado, conforme o que lhe impuser o marido da mulher, e pagará segundo o arbítrio dos juízes;",41,True,True,True
21,23,Êxodo 21:23,וְאִם־ אָס֖וֹן יִהְיֶ֑ה וְנָתַתָּ֥ה נֶ֖פֶשׁ תַּ֥חַת נָֽפֶשׁ ׃,ואמ אסונ יהיה ונתתה נפש תחת נפש,8,ואם מותא יהא ותתן נפשא חלף נפשא:,7,"ἐὰν δὲ ἐξεικονισμένον ἦν, δώσει ψυχὴν ἀντὶ ψυχῆς,",8,ܘܐܢ ܩܐܪܣܐ ܗܘ. ܢܬܠ ܢܦܫܐ ܚܠܦ ܢܦܫܐ.,7,"mas se resultar dano, então darás vida por vida,",9,True,True,True
21,24,Êxodo 21:24,עַ֚יִן תַּ֣חַת עַ֔יִן שֵׁ֖ן תַּ֣חַת שֵׁ֑ן יָ֚ד תַּ֣חַת יָ֔ד רֶ֖גֶל תַּ֥חַת רָֽגֶל ׃,עינ תחת עינ שנ תחת שנ יד תחת יד רגל תחת רגל,13,עינא חלף עינא שנא חלף שנא ידא חלף ידא רגלא חלף רגלא:,12,"ὀφθαλμὸν ἀντὶ ὀφθαλμοῦ, ὀδόντα ἀντὶ ὀδόντος, χεῖρα ἀντὶ χειρός, πόδα ἀντὶ ποδός,",12,ܥܝܢܐ ܚܠܦ ܥܝܢܐ. ܫܢܐ ܚܠܦ ܫܢܐ. ܐܝܕܐ ܚܠܦ ܐܝܕܐ. ܪܓܠܐ ܚܠܦ ܪܓܠܐ.,12,"olho por olho, dente por dente, mão por mão, pé por pé,",12,True,True,True
21,25,Êxodo 21:25,כְּוִיָּה֙ תַּ֣חַת כְּוִיָּ֔ה פֶּ֖צַע תַּ֣חַת פָּ֑צַע חַבּוּרָ֕ה תַּ֖חַת חַבּוּרָֽה ׃ ס,כויה תחת כויה פצע תחת פצע חבורה תחת חבורה ס,11,כואה חלף כואה פדעא חלף פדעא משקופי חלף משקופי:,9,"κατάκαυμα ἀντὶ κατακαύματος, τραῦμα ἀντὶ τραύματος, μώλωπα ἀντὶ μώλωπος.",9,ܟ̇ܘܝܐ ܚܠܦ ܟܘܝܐ. ܨܘܠܦܬܐ ܚܠܦ ܨܘܠܦܬܐ. ܦܟܐ ܚܠܦ ܦܟܐ.,9,"queimadura por queimadura, ferida por ferida, golpe por golpe.",9,True,True,True
21,26,Êxodo 21:26,וְכִֽי־ יַכֶּ֨ה אִ֜ישׁ אֶת־ עֵ֥ין עַבְדּ֛וֹ אֽוֹ־ אֶת־ עֵ֥ין אֲמָת֖וֹ וְשִֽׁחֲתָ֑הּ לַֽחָפְשִׁ֥י יְשַׁלְּחֶ֖נּוּ תַּ֥חַת עֵינֽוֹ ׃ ס,וכי יכה איש את עינ עבדו או את עינ אמתו ושחתה לחפשי ישלחנו תחת עינו ס,17,וארי ימחי גבר ית עינא דעבדה או ית עינא דאמתה ויחבלנה לבר חורין יפטרנה חלף עינה:,16,"Ἐὰν δέ τις πατάξῃ τὸν ὀφθαλμὸν τοῦ οἰκέτου αὐτοῦ ἢ τὸν ὀφθαλμὸν τῆς θεραπαίνης αὐτοῦ, καὶ ἐκτυφλώσῃ, ἐλευθέρους ἐξαποστελεῖ αὐτοὺς ἀντὶ τοῦ ὀφθαλμοῦ αὐτῶν.",24,ܘܟܕ ܢܡܚ̣ܐ ܓܒܪܐ ܠܥܝܢܐ ܕܥܒܕܗ ܐܘ ܠܥܝܢܐ ܕܐܡܬܗ ܘܢܣܪܚܝܗ̇. ܒܪ ܚܐܪ̈ܐ ܢܫܒܩܝܘܗܝ ܚܠܦ ܥܝܢܗ.,14,"Se alguém ferir o olho do seu servo ou o olho da sua serva e o cegar, deixá-lo-á ir forro por causa do olho.",24,True,True,True
21,27,Êxodo 21:27,וְאִם־ שֵׁ֥ן עַבְדּ֛וֹ אֽוֹ־ שֵׁ֥ן אֲמָת֖וֹ יַפִּ֑יל לַֽחָפְשִׁ֥י יְשַׁלְּחֶ֖נּוּ תַּ֥חַת שִׁנּֽוֹ ׃ פ,ואמ שנ עבדו או שנ אמתו יפיל לחפשי ישלחנו תחת שנו פ,13,ואם שנא דעבדה או שנא דאמתה יפל לבר חורין יפטרנה חלף שנה:,12,"ἐὰν δὲ τὸν ὀδόντα τοῦ οἰκέτου ἢ τὸν ὀδόντα τῆς θεραπαίνης αὐτοῦ ἐκκόψῃ, ἐλευθέρους ἐξαποστελεῖ αὐτοὺς ἀντὶ τοῦ ὀδόντος αὐτῶν.",20,ܘܐܢ ܫܢܐ ܕܥܒܕܗ ܐܘ ܫܢܐ ܕܐܡܬܗ ܢܪܡܐ. ܒܪ ܚܐܪ̈ܐ ܢܫܒܩܝܘܗܝ ܚܠܦ ܫܢܗ.,12,"Da mesma sorte se tirar o dente do seu servo ou o dente da sua serva, deixá-lo-á ir forro por causa do dente.",23,True,True,True
21,28,Êxodo 21:28,וְכִֽי־ יִגַּ֨ח שׁ֥וֹר אֶת־ אִ֛ישׁ א֥וֹ אֶת־ אִשָּׁ֖ה וָמֵ֑ת סָק֨וֹל יִסָּקֵ֜ל הַשּׁ֗וֹר וְלֹ֤א יֵאָכֵל֙ אֶת־ בְּשָׂר֔וֹ וּבַ֥עַל הַשּׁ֖וֹר נָקִֽי ׃,וכי יגח שור את איש או את אשה ומת סקול יסקל השור ולא יאכל את בשרו ובעל השור נקי,20,וארי יגח תורא ית גברא או ית אתתא וימות אתרגמא יתרגם תורא ולא יתאכל ית בסרה ומרה דתורא יהי זכאה:,20,"Ἐὰν δὲ κερατίσῃ ταῦρος ἄνδρα ἢ γυναῖκα, καὶ ἀποθάνῃ, λίθοις λιθοβοληθήσεται ὁ ταῦρος, καὶ οὐ βρωθήσεται τὰ κρέα αὐτοῦ· ὁ δὲ κύριος τοῦ ταύρου ἀθῷος ἔσται.",26,ܘܟܕ ܢܕܩܘܪ ܬܘܪܐ ܠܓܒܪܐ ܐܘ ܠܐܢܬܬܐ ܘܢܡܘܬ. ܡܬܪܓܡܘ ܢܬܪܓܡ ܬܘܪܐ. ܘܠܐ ܢܬܐܟܠ ܒܣܪܗ. ܘܡܪܗ ܕܬܘܪܐ ܢܗܘܐ ܙܟܝ.,17,"Se um boi escornear um homem ou uma mulher e este morrer, certamente será apedrejado o boi e a sua carne não se comerá; mas o dono do boi será absolvido.",31,True,True,True
21,29,Êxodo 21:29,וְאִ֡ם שׁוֹר֩ נַגָּ֨ח ה֜וּא מִתְּמֹ֣ל שִׁלְשֹׁ֗ם וְהוּעַ֤ד בִּבְעָלָיו֙ וְלֹ֣א יִשְׁמְרֶ֔נּוּ וְהֵמִ֥ית אִ֖ישׁ א֣וֹ אִשָּׁ֑ה הַשּׁוֹר֙ יִסָּקֵ֔ל וְגַם־ בְּעָלָ֖יו יוּמָֽת ׃,ואמ שור נגח הוא מתמל שלשמ והועד בבעליו ולא ישמרנו והמית איש או אשה השור יסקל וגמ בעליו יומת,20,ואם תור נגח הוא מאתמלי ומדקמוהי ויתסהד במרה ולא נטרה ויקטול גברא או אתתא תורא יתרגם ואף מרה יתקטל:,19,"ἐὰν δὲ ὁ ταῦρος κερατιστὴς ᾖ πρὸ τῆς ἐχθὲς καὶ πρὸ τῆς τρίτης, καὶ διαμαρτύρωνται τῷ κυρίῳ αὐτοῦ, καὶ μὴ ἀφανίσῃ αὐτόν, ἀνέλῃ δὲ ἄνδρα ἢ γυναῖκα, ὁ ταῦρος λιθοβοληθήσεται καὶ ὁ κύριος αὐτοῦ προσαποθανεῖται.",35,ܘܐܢ ܬܘܪܐ ܥܓܘܫܐ ܗܘܐ ܡܢ ܐܬܡܠܝ ܘܡܢ ܕܩܕܡܘܗܝ. ܘܐܣܗܕܘ ܒܡܪܗ ܘܠܐ ܢܛܪܗ. ܘܢܩܛܘܠ ܠܓܒܪܐ ܐܘ ܠܐܢܬܬܐ. ܬܘܪܐ ܢܬܪܓܡ ܘܐܦ ܡܪܗ ܢܬܩܛܠ.,21,"Mas se o boi dantes era escorneador, e o seu dono, tendo sido disso advertido, não o guardou, o boi, matando homem ou mulher, será apedrejado, e também o seu dono será morto.",33,True,True,True
21,30,Êxodo 21:30,אִם־ כֹּ֖פֶר יוּשַׁ֣ת עָלָ֑יו וְנָתַן֙ פִּדְיֹ֣ן נַפְשׁ֔וֹ כְּכֹ֥ל אֲשֶׁר־ יוּשַׁ֖ת עָלָֽיו ׃,אמ כפר יושת עליו ונתנ פדינ נפשו ככל אשר יושת עליו,12,אם ממון ישוון עלוהי ויתן פורקן נפשה ככל די ישוון עלוהי:,11,"ἐὰν δὲ λύτρα ἐπιβληθῇ αὐτῷ, δώσει λύτρα τῆς ψυχῆς αὐτοῦ ὅσα ἐὰν ἐπιβάλωσιν αὐτῷ.",14,ܘܐܢ ܡܡܘܢܐ ܢܪܡܘܢ ܥܠܘܗܝ. ܢܬܠ ܦܘܪܩܢܐ ܕܢܦܫܗ ܟܡܐ ܕܫܐܠܝܢ ܠܗ.,10,"Se lhe for imposto resgate, então dará como redenção da sua vida tudo quanto lhe for imposto;",17,True,True,True
21,31,Êxodo 21:31,אוֹ־ בֵ֥ן יִגָּ֖ח אוֹ־ בַ֣ת יִגָּ֑ח כַּמִּשְׁפָּ֥ט הַזֶּ֖ה יֵעָ֥שֶׂה לּֽוֹ ׃,או בנ יגח או בת יגח כמשפט הזה יעשה לו,11,או לבר ישראל יגח תורא או לבת ישראל יגח כדינא הדין יתעבד לה:,13,"ἐὰν δὲ υἱὸν ἢ θυγατέρα κερατίσῃ, κατὰ τὸ δικαίωμα τοῦτο ποιήσουσιν αὐτῷ.",12,ܘܐܢ ܠܒܪܐ ܐܘ ܠܒܪܬܐ ܢܕܩܘܪ ܬܘܪܐ . ܐܝܟ ܕܝܢ̣ܐ ܗܢܐ ܢܬܥܒܕ ܠܗ.,12,"quer tenha o boi escorneado a um filho, quer a uma filha, segundo este julgamento lhe será feito.",18,True,True,True
21,32,Êxodo 21:32,אִם־ עֶ֛בֶד יִגַּ֥ח הַשּׁ֖וֹר א֣וֹ אָמָ֑ה כֶּ֣סֶף ׀ שְׁלֹשִׁ֣ים שְׁקָלִ֗ים יִתֵּן֙ לַֽאדֹנָ֔יו וְהַשּׁ֖וֹר יִסָּקֵֽל ׃ ס,אמ עבד יגח השור או אמה כספ שלשימ שקלימ יתנ לאדניו והשור יסקל ס,16,אם לעבדא יגח תורא או לאמתא כסף תלתין סלעין יתן לרבונה ותורא יתרגם:,13,"ἐὰν δὲ παῖδα κερατίσῃ ὁ ταῦρος ἢ παιδίσκην, ἀργυρίου τριάκοντα δίδραχμα δώσει τῷ κυρίῳ αὐτῶν, καὶ ὁ ταῦρος λιθοβοληθήσεται.",19,ܘܐܢ ܠܥܒ̣ܕܐ ܐܘ ܠܐܡܬܐ ܢܕܩܘܪ ܬܘܪܐ. ܬܠܬܝܢ ܐܣܬܝܪ̈ܝܢ ܕܟܣܦܐ ܢܬܠ ܠܡܪܗ. ܘܬܘܪܐ ܢܬܪܓܡ.,13,"Se o boi escornear um servo, ou uma serva, dar-se-á trinta siclos de prata ao seu senhor, e o boi será apedrejado.",22,True,True,True
21,33,Êxodo 21:33,וְכִֽי־ יִפְתַּ֨ח אִ֜ישׁ בּ֗וֹר א֠וֹ כִּֽי־ יִכְרֶ֥ה אִ֛ישׁ בֹּ֖ר וְלֹ֣א יְכַסֶּ֑נּוּ וְנָֽפַל־ שָׁ֥מָּה שּׁ֖וֹר א֥וֹ חֲמֽוֹר ׃,וכי יפתח איש בור או כי יכרה איש בר ולא יכסנו ונפל שמה שור או חמור,17,וארי יפתח גבר גוב או ארי יכרה גבר גוב ולא יכסנה ויפל תמן תורא או חמרא:,16,"Ἐὰν δέ τις ἀνοίξῃ λάκκον ἢ λατομήσῃ, καὶ μὴ καλύψῃ αὐτόν, καὶ ἐμπέσῃ ἐκεῖ μόσχος ἢ ὄνος,",17,ܘܟܕ ܢܦܬܚ ܓܒܪܐ ܓܘܒܐ. ܐܘ ܢܚܦܘܪ ܓܒܪܐ ܒܪܐ ܘܠܐ ܢܟܣ̇ܐ ܐܢܘܢ. ܘܢ̇ܦ̣ܠ ܬܡ̇ܢ ܬܘܪܐ ܐܘ ܚܡܪܐ.,16,"Se alguém descobrir uma cova, ou se alguém cavar uma cova e não a cobrir, e nela cair um boi ou um jumento,",23,True,True,True
21,34,Êxodo 21:34,בַּ֤עַל הַבּוֹר֙ יְשַׁלֵּ֔ם כֶּ֖סֶף יָשִׁ֣יב לִבְעָלָ֑יו וְהַמֵּ֖ת יִֽהְיֶה־ לּֽוֹ ׃ ס,בעל הבור ישלמ כספ ישיב לבעליו והמת יהיה לו ס,11,מרי דגבא ישלם כספא יתיב למרוהי ומיתא יהי דילה:,9,ὁ κύριος τοῦ λάκκου ἀποτίσει· ἀργύριον δώσει τῷ κυρίῳ αὐτῶν· τὸ δὲ τετελευτηκὸς αὐτῷ ἔσται.,15,ܡܪܗ ܕܓܘܒܐ ܢܦܪܘܥ ܟܣܦܐ ܠܡܪ̈ܘܗܝ. ܘܡܝܬܐ ܢܗܘܐ ܕܝܠܗ.,8,"o dono da cova dará indenização; pagá-la-á em dinheiro ao dono do animal morto, mas este será seu.",18,True,True,True
21,35,Êxodo 21:35,וְכִֽי־ יִגֹּ֧ף שֽׁוֹר־ אִ֛ישׁ אֶת־ שׁ֥וֹר רֵעֵ֖הוּ וָמֵ֑ת וּמָ֨כְר֜וּ אֶת־ הַשּׁ֤וֹר הַחַי֙ וְחָצ֣וּ אֶת־ כַּסְפּ֔וֹ וְגַ֥ם אֶת־ הַמֵּ֖ת יֶֽחֱצֽוּן ׃,וכי יגפ שור איש את שור רעהו ומת ומכרו את השור החי וחצו את כספו וגמ את המת יחצונ,20,וארי יגוף תור דגבר ית תורא דחברה וימות ויזבנון ית תורא חיא ויפלגון ית כספה ואף ית דמי מיתא יפלגון:,20,"Ἐὰν δὲ κερατίσῃ τίς τινος ταῦρος ταῦρον τοῦ πλησίον, καὶ τελευτήσῃ, ἀποδώσονται τὸν ταῦρον τὸν ζῶντα καὶ διελοῦνται τὸ ἀργύριον αὐτοῦ, καὶ τὸν ταῦρον τὸν τεθνηκότα διελοῦνται.",27,ܘܟܕ ܢܕܩܘܪ ܬܘܪܐ ܕܓܒܪܐ ܠܬܘܪܐ ܕܓܒܪܐ ܚܒܪܗ ܘܢܡܘܬ̣ ܢܙܒܢܘܢ ܠܬܘܪܐ ܚܝ̇ܐ ܘܢܦܠܓܘܢ ܟܣܦܗ. ܘܐܦ ܕܡܝܬܐ ܢܦ̇ܠܓܘܢ.,16,"Se o boi de alguém ferir de morte o boi do seu próximo, então eles venderão o boi vivo e repartirão entre si o dinheiro da venda, e o morto também dividirão entre si.",34,True,True,True
21,36,Êxodo 21:36,א֣וֹ נוֹדַ֗ע כִּ֠י שׁ֣וֹר נַגָּ֥ח הוּא֙ מִתְּמ֣וֹל שִׁלְשֹׁ֔ם וְלֹ֥א יִשְׁמְרֶ֖נּוּ בְּעָלָ֑יו שַׁלֵּ֨ם יְשַׁלֵּ֥ם שׁוֹר֙ תַּ֣חַת הַשּׁ֔וֹר וְהַמֵּ֖ת יִֽהְיֶה־ לּֽוֹ ׃ ס,או נודע כי שור נגח הוא מתמול שלשמ ולא ישמרנו בעליו שלמ ישלמ שור תחת השור והמת יהיה לו ס,21,או אתידע ארי תור נגח הוא מאתמלי ומדקמוהי ולא נטרה מרה שלמא ישלם תורא חלף תורא ומיתא יהא דילה:,19,"ἐὰν δὲ γνωρίζηται ὁ ταῦρος ὅτι κερατιστής ἐστιν πρὸ τῆς ἐχθὲς καὶ πρὸ τῆς τρίτης ἡμέρας, καὶ μεμαρτυρημένοι ὦσιν τῷ κυρίῳ, καὶ μὴ ἀφανίσῃ αὐτόν, ἀποτίσει ταῦρον ἀντὶ ταύρου, ὁ δὲ τετελευτηκὼς αὐτῷ ἔσται.",34,ܘܐܢ ܢܬܝܕܥ ܕܬܘܪܐ ܥܓܘܫܐ ܗܘܐ ܡܢ ܐܬܡܠܝ ܘܡܢ ܡܢܬܡܠܝ. ܘܠܐ ܢܛܪܗ ܡܪܗ. ܢܬܠ ܬܘܪܐ ܚܠܦ ܬܘܪܐ. ܘܡܝܬܐ ܢܗܘܐ ܕܝܠܗ.,19,"Ou se for notório que aquele boi dantes era escorneador, e seu dono não o guardou, certamente pagará boi por boi, porém o morto será seu.",26,True,True,True
21,37,Êxodo 21:37,כִּ֤י יִגְנֹֽב־ אִישׁ֙ שׁ֣וֹר אוֹ־ שֶׂ֔ה וּטְבָח֖וֹ א֣וֹ מְכָר֑וֹ חֲמִשָּׁ֣ה בָקָ֗ר יְשַׁלֵּם֙ תַּ֣חַת הַשּׁ֔וֹר וְאַרְבַּע־ צֹ֖אן תַּ֥חַת הַשֶּֽׂה ׃,כי יגנב איש שור או שה וטבחו או מכרו חמשה בקר ישלמ תחת השור וארבע צאנ תחת השה,19,ארי יגנוב גבר תור או אמר ויכסנה או יזבננה חמשא תורין ישלם חלף תורא וארבע ענא חלף אמרא:,18,,0,ܘܟܕ ܢܓܢܘܒ ܓܒܪܐ ܬܘܪܐ. ܐܘ ܢܩܝܐ ܘܢܟܘܣ ܐܢܘܢ ܐܘ ܢܙܒ̇ܢ ܐܢܘܢ. ܚܡܫܐ ܬܘܪ̈ܝܢ ܢܬܠ ܚܠܦ ܬܘܪܐ. ܘܐܪ̈ܒܥ ܢܩ̈ܘܢ ܢܬܠ ܚܠܦ ܢܩܝܐ.,21,,0,True,False,True
22,1,Êxodo 22:1,אִם־ בַּמַּחְתֶּ֛רֶת יִמָּצֵ֥א הַגַּנָּ֖ב וְהֻכָּ֣ה וָמֵ֑ת אֵ֥ין ל֖וֹ דָּמִֽים ׃,אמ במחתרת ימצא הגנב והכה ומת אינ לו דמימ,10,אם במחתרתא ישתכח גנבא ויתמחי וימות לית לה דם:,9,"Ἐὰν δέ τις κλέψη μόσχον ἢ πρόβατον καὶ σφάξῃ ἢ ἀποδῶται, πέντε μόσχους ἀποτίσει ἀντὶ τοῦ μόσχου καὶ τέσσερα πρόβατα ἀντὶ τοῦ προβάτου.",23,ܘܐܢ ܒܦܘܠܫܬܐ ܢܫܬܟܚ ܓܢܒܐ. ܘܢܒܠܥ ܘܢܡܘܬ. ܠܝܬ ܠܗ ܥܝܪܬܐ.,9,"Se alguém furtar um boi {ou uma ovelha}, e o matar ou vender, por um boi pagará cinco bois, e por uma ovelha quatro ovelhas.",25,True,True,True
22,2,Êxodo 22:2,אִם־ זָרְחָ֥ה הַשֶּׁ֛מֶשׁ עָלָ֖יו דָּמִ֣ים ל֑וֹ שַׁלֵּ֣ם יְשַׁלֵּ֔ם אִם־ אֵ֣ין ל֔וֹ וְנִמְכַּ֖ר בִּגְנֵבָתֽוֹ ׃,אמ זרחה השמש עליו דמימ לו שלמ ישלמ אמ אינ לו ונמכר בגנבתו,14,אם עינא דסהדיא נפלת עלוהי דמא לה שלמא ישלם אם לית לה ויזדבן בגנבתה:,14,"ἐὰν δὲ ἐν τῷ διορύγματι εὑρεθῇ ὁ κλέπτης καὶ πληγεὶς ἀποθάνῃ, οὐκ ἔστιν αὐτῷ φόνος·",15,ܘܐܢ ܕܢܚ̣ܬ ܥܠܘܗܝ ܫܡܫܐ. ܐܝܬ ܠܗ ܥܝܪܬܐ ܘܡܦܪܥ ܢܦܪܘܥ. ܘܐܢ ܠܝܬ ܠܗ. ܢܙܕܒܢ ܒܓܢܘܒܬܗ .,15,"Se o ladrão for achado a minar uma casa, e for ferido de modo que morra, o que o feriu não será réu de sangue;",25,True,True,True
22,3,Êxodo 22:3,אִֽם־ הִמָּצֵא֩ תִמָּצֵ֨א בְיָד֜וֹ הַגְּנֵבָ֗ה מִשּׁ֧וֹר עַד־ חֲמ֛וֹר עַד־ שֶׂ֖ה חַיִּ֑ים שְׁנַ֖יִם יְשַׁלֵּֽם ׃ ס,אמ המצא תמצא בידו הגנבה משור עד חמור עד שה חיימ שנימ ישלמ ס,15,אם אשתכחא ישתכח בידה גנבתא מתור עד חמר עד אמר כד אנון חיין על חד תרין ישלם:,17,"ἐὰν δὲ ἀνατείλῃ ὁ ἥλιος ἐπ᾽ αὐτῷ, ἔνοχός ἐστιν, ἀνταποθανεῖται. ἐὰν δὲ μὴ ὑπάρχῃ αὐτῷ, πραθήτω ἀντὶ τοῦ κλέμματος.",19,ܘܐܢ ܡܫܬܟܚܘ ܬܫܬܟܚ ܒܐ̈ܝܕܘܗܝ ܓܢܘܒܬܐ . ܡܢ ܬܘܪܐ ܘܠܚܡܪܐ ܘܥܕܡܐ ܠܢܩܝܐ. ܟܕ ܚܝ̈ܝܢ ܚܕ ܒܬܪ̈ܝܢ ܢܫ̇ܠ̣ܡ.,16,"mas se o sol houver saído sobre o ladrão, o que o feriu será réu de sangue. O ladrão certamente dará indenização; se nada possuir, será então vendido por seu furto.",31,True,True,True
22,4,Êxodo 22:4,כִּ֤י יַבְעֶר־ אִישׁ֙ שָׂדֶ֣ה אוֹ־ כֶ֔רֶם וְשִׁלַּח֙ אֶת־ בעירה וּבִעֵ֖ר בִּשְׂדֵ֣ה אַחֵ֑ר מֵיטַ֥ב שָׂדֵ֛הוּ וּמֵיטַ֥ב כַּרְמ֖וֹ יְשַׁלֵּֽם ׃ ס,כי יבער איש שדה או כרמ ושלח את בעירה ובער בשדה אחר מיטב שדהו ומיטב כרמו ישלמ ס,19,ארי יאכיל גבר חקל או כרם וישלח ית בעירה וייכול בחקל אחרן שפר חקלה ושפר כרמה ישלם:,17,"ἐὰν δὲ καταλημφθῇ καὶ εὑρεθῇ ἐν τῇ χειρὶ αὐτοῦ τὸ κλέμμα ἀπό τε ὄνου ἕως προβάτου ζῶντα, διπλᾶ αὐτὰ ἀποτίσει.",20,ܘܟܕ ܢܘܟܠ ܓܒܪܐ ܚܩܠܐ ܐܘ ܟܪܡܐ. ܘܢܫܡܪ ܒܥܝܪܗ ܘܢܘܟܠ ܒܚܩܠܐ ܐܚܪܬܐ. ܡܢ ܛ̇ܒܐ ܕܚܩܠܗ ܘܡܢ ܛܒܐ ܕܟܪܡܗ ܢܦܪܘܥ.,18,"Se o furto for achado vivo na sua mão, seja boi, ou jumento, ou ovelha, pagará ele o dobro.",19,True,True,True
22,5,Êxodo 22:5,כִּֽי־ תֵצֵ֨א אֵ֜שׁ וּמָצְאָ֤ה קֹצִים֙ וְנֶאֱכַ֣ל גָּדִ֔ישׁ א֥וֹ הַקָּמָ֖ה א֣וֹ הַשָּׂדֶ֑ה שַׁלֵּ֣ם יְשַׁלֵּ֔ם הַמַּבְעִ֖ר אֶת־ הַבְּעֵרָֽה ׃ ס,כי תצא אש ומצאה קצימ ונאכל גדיש או הקמה או השדה שלמ ישלמ המבער את הבערה ס,18,ארי תתפק נור וישכח כובין וייכול גדישין או קמא או חקלא שלמא ישלם דאדלק ית דלקתא:,16,"Ἐὰν δὲ καταβοσκήσῃ τις ἀγρὸν ἢ ἀμπελῶνα, καὶ ἀφῇ τὸ κτῆνος αὐτοῦ καταβοσκῆσαι ἀγρὸν ἕτερον, ἀποτίσει ἐκ τοῦ ἀγροῦ αὐτοῦ κατὰ τὸ γένημα αὐτοῦ· ἐὰν δὲ πάντα τὸν ἀγρὸν καταβοσκήσῃ, τὰ βέλτιστα τοῦ ἀγροῦ αὐτοῦ καὶ τὰ βέλτιστα τοῦ ἀμπελῶνος αὐτοῦ ἀποτίσει.",42,ܘܟܕ ܬܦܘܩ ܢܘܪܐ ܘܬܫܟܚ ܟܘ̈ܒܐ. ܘܬܐܟܘܠ ܓܕܝ̈ܫܐ ܐܘ ܩܝ̈ܡܬܐ ܐܘ ܚܩܠܐ. ܡܫ̇ܠܡܘ ܢܫ̇ܠܡ ܡ̇ܢ ܕܐܘܩܕ ܝܩܕܢܐ .,17,"Se alguém fizer pastar o seu animal num campo ou numa vinha, e se soltar o seu animal e este pastar no campo de outrem, do melhor do seu próprio campo e do melhor da sua própria vinha fará restituição.",40,True,True,True
22,6,Êxodo 22:6,כִּֽי־ יִתֵּן֩ אִ֨ישׁ אֶל־ רֵעֵ֜הוּ כֶּ֤סֶף אֽוֹ־ כֵלִים֙ לִשְׁמֹ֔ר וְגֻנַּ֖ב מִבֵּ֣ית הָאִ֑ישׁ אִם־ יִמָּצֵ֥א הַגַּנָּ֖ב יְשַׁלֵּ֥ם שְׁנָֽיִם ׃,כי יתנ איש אל רעהו כספ או כלימ לשמר וגנב מבית האיש אמ ימצא הגנב ישלמ שנימ,18,ארי יתן גבר לחברה כסף או מנין למטר ויתגנבון מבית גברא אם ישתכח גנבא ישלם על חד תרין:,18,"Ἐὰν δὲ ἐξελθὸν πῦρ εὕρῃ ἀκάνθας καὶ προσεμπρήσῃ ἅλωνας ἢ στάχυς ἢ πεδίον, ἀποτίσει ὁ τὸ πῦρ ἐκκαύσας.",18,ܘܟܕ ܢܬܠ ܓܒܪܐ ܠܚܒܪܗ. ܟܣܦܐ ܐܘ ܡܐ̈ܢܐ ܠܡܛܪ. ܘܢܬ̣ܓܢܒ ܡܢ ܒܝܬ ܓܒܪܐ. ܐܢ ܢܫܬܟܚ ܓܢܒܐ. ܢܫ̇ܠܡ ܚܕ ܬܪ̈ܝܢ.,18,"Se alastrar um fogo e pegar nos espinhos, de modo que sejam destruídas as medas de trigo, ou a seara, ou o campo, aquele que acendeu o fogo certamente dará, indenização.",31,True,True,True
22,7,Êxodo 22:7,אִם־ לֹ֤א יִמָּצֵא֙ הַגַּנָּ֔ב וְנִקְרַ֥ב בַּֽעַל־ הַבַּ֖יִת אֶל־ הָֽאֱלֹהִ֑ים אִם־ לֹ֥א שָׁלַ֛ח יָד֖וֹ בִּמְלֶ֥אכֶת רֵעֵֽהוּ ׃,אמ לא ימצא הגנב ונקרב בעל הבית אל האלהימ אמ לא שלח ידו במלאכת רעהו,16,אם לא ישתכח גנבא ויתקרב מרי דביתא לקדם דיניא אם לא אושיט ידה במא דמסר לה חברה:,17,"Ἐὰν δέ τις δῷ τῷ πλησίον ἀργύριον ἢ σκεύη φυλάξαι, καὶ κλαπῇ ἐκ τῆς οἰκίας τοῦ ἀνθρώπου, ἐὰν εὑρεθῇ ὁ κλέψας, ἀποτίσει τὸ διπλοῦν·",24,ܘܐܢ ܠܐ ܢܫܬܟܚ ܓܢܒܐ. ܢܩܪܘܒ ܡܪܗ ܕܒܝܬܐ ܠܘܬ ܕܝܢ̈ܐ. ܐܠܐ ܐܘܫܒ ܐܝܕܗ ܒܥܒܝܕܬܐ ܕܚܒܪܗ.,14,"Se alguém entregar ao seu próximo dinheiro, ou objetos, para guardar, e isso for furtado da casa desse homem, o ladrão, se for achado, pagará o dobro.",27,True,True,True
22,8,Êxodo 22:8,עַֽל־ כָּל־ דְּבַר־ פֶּ֡שַׁע עַל־ שׁ֡וֹר עַל־ חֲ֠מוֹר עַל־ שֶׂ֨ה עַל־ שַׂלְמָ֜ה עַל־ כָּל־ אֲבֵדָ֗ה אֲשֶׁ֤ר יֹאמַר֙ כִּי־ ה֣וּא זֶ֔ה עַ֚ד הָֽאֱלֹהִ֔ים יָבֹ֖א דְּבַר־ שְׁנֵיהֶ֑ם אֲשֶׁ֤ר יַרְשִׁיעֻן֙ אֱלֹהִ֔ים יְשַׁלֵּ֥ם שְׁנַ֖יִם לְרֵעֵֽהוּ ׃ ס,על כל דבר פשע על שור על חמור על שה על שלמה על כל אבדה אשר יאמר כי הוא זה עד האלהימ יבא דבר שניהמ אשר ירשיענ אלהימ ישלמ שנימ לרעהו ס,33,על כל פתגם דחוב על תור על חמר על אמר על כסו על כל אבדתא די יימר ארי הוא דין לקדם דיניא ייעול דין תרויהון די יחיבון דיניא ישלם על חד תרין לחברה:,33,"ἐὰν δὲ μὴ εὑρεθῇ ὁ κλέψας, προσελεύσεται ὁ κύριος τῆς οἰκίας ἐνώπιον τοῦ θεοῦ καὶ ὀμεῖται, ἦ μὴν μὴ αὐτὸν πεπονηρεῦσθαι ἐφ᾽ ὅλης τῆς παρακαταθήκης τοῦ πλησίον.",27,ܥܠ ܟܠܡܕܡ ܕܚ̣ܛܐ. ܥܠ ܬܘܪܐ ܘܥܠ ܚܡܪܐ. ܘܥܠ ܐܡܪܐ ܘܥܠ ܠܒܘܫܐ. ܘܥܠ ܟܠ ܐܒܕܬܐ ܕܢܐܡܪ ܗܕܐ ܗܝ. ܩܕܡ ܕܝܢ̈ܐ ܢܥ̈ܠܢ ܡ̈ܠܐ ܕܬܪ̈ܝܗܘܢ. ܘܠܡ̇ܢ ܕܢܚ̇ܝܒܘܢ ܕܝܢ̈ܐ. ܢܫ̇ܠܡ ܚܕ ܬܪ̈ܝܢ ܠܚܒܪܗ.,29,"Se o ladrão não for achado, então o dono da casa irá à presença dos juizes para se verificar se não meteu a mão nos bens do seu próximo.",29,True,True,True
22,9,Êxodo 22:9,כִּֽי־ יִתֵּן֩ אִ֨ישׁ אֶל־ רֵעֵ֜הוּ חֲמ֨וֹר אוֹ־ שׁ֥וֹר אוֹ־ שֶׂ֛ה וְכָל־ בְּהֵמָ֖ה לִשְׁמֹ֑ר וּמֵ֛ת אוֹ־ נִשְׁבַּ֥ר אוֹ־ נִשְׁבָּ֖ה אֵ֥ין רֹאֶֽה ׃,כי יתנ איש אל רעהו חמור או שור או שה וכל בהמה לשמר ומת או נשבר או נשבה אינ ראה,21,ארי יתן גבר לחברה חמר או תור או אמר וכל בעירא למטר ומית או אתבר או אשתבי לית דחזי:,19,"κατὰ πᾶν ῥητὸν ἀδίκημα, περί τε μόσχου καὶ ὑποζυγίου καὶ προβάτου καὶ ἱματίου καὶ πάσης ἀπωλίας τῆς ἐνκαλουμένης, ὅ τι οὖν ἂν ᾖ, ἐνώπιον τοῦ θεοῦ ἐλεύσεται ἡ κρίσις ἀμφοτέρων, καὶ ὁ ἁλοὺς διὰ τοῦ θεοῦ ἀποτίσει διπλοῦν τῷ πλησίον.",40,ܘܟܕ ܢܬܠ ܓܒܪܐ ܠܚܒܪܗ. ܚܡܪܐ ܐܘ ܬܘܪܐ ܐܘ ܐܡܪܐ. ܐܘ ܟܠ ܒܥܝܪܐ ܠܡܛܪ. ܘܢܡܘܬ ܐܘ ܢܬܬܒܪ ܐܘ ܢܫܬܒܐ. ܘܠܝܬ ܐܢܫ ܕܚ̣ܙܐ.,21,"Em todo caso de transgressão, seja a respeito de boi, ou de jumento, ou de ovelhas, ou de vestidos, ou de qualquer coisa perdida de que alguém disser que é sua, a causa de ambas as partes será levada perante os juízes; aquele a quem os juízes condenarem pagará o dobro ao seu próximo.",54,True,True,True
22,10,Êxodo 22:10,שְׁבֻעַ֣ת יְהוָ֗ה תִּהְיֶה֙ בֵּ֣ין שְׁנֵיהֶ֔ם אִם־ לֹ֥א שָׁלַ֛ח יָד֖וֹ בִּמְלֶ֣אכֶת רֵעֵ֑הוּ וְלָקַ֥ח בְּעָלָ֖יו וְלֹ֥א יְשַׁלֵּֽם ׃,שבעת יהוה תהיה בינ שניהמ אמ לא שלח ידו במלאכת רעהו ולקח בעליו ולא ישלמ,16,מומתא דיי תהי בין תרויהון אם לא אושיט ידה במא דמסר לה חברה ויקבל מרה מנה מומתא ולא ישלם:,19,"Ἐὰν δέ τις δῷ τῷ πλησίον ὑποζύγιον ἢ μόσχον ἢ πρόβατον ἢ πᾶν κτῆνος φυλάξαι, καὶ συντριβῇ ἢ τελευτήσῃ ἢ αἰχμάλωτον γένηται, καὶ μηδεὶς γνῷ,",25,ܡܘܡ̈ܬܗ ܕܡܪܝܐ ܬܗܘܐ ܒܝܬ ܬܪ̈ܝܗܘܢ. ܐܠܐ ܐܘܫܒ ܐܝܕܗ ܒܥܒܝܕܬܐ ܕܚܒܪܗ. ܘܢܩ̇ܒܠ ܡܪܗܘܢ ܡܘܡ̈ܬܐ ܘܠܐ ܢܫ̇ܠܡ.,15,"Se alguém entregar a seu próximo para guardar um jumento, ou boi, ou ovelha, ou outro qualquer animal, e este morrer, ou for aleijado, ou arrebatado, ninguém o vendo,",29,True,True,True
22,11,Êxodo 22:11,וְאִם־ גָּנֹ֥ב יִגָּנֵ֖ב מֵעִמּ֑וֹ יְשַׁלֵּ֖ם לִבְעָלָֽיו ׃,ואמ גנב יגנב מעמו ישלמ לבעליו,7,ואם אתגנבא יתגנב מעמה ישלם למרוהי:,6,"ὅρκος ἔσται τοῦ θεοῦ ἀνὰ μέσον ἀμφοτέρων, ἦ μὴν μὴ αὐτὸν πεπονηρεῦσθαι καθόλου τῆς παρακαταθήκης τοῦ πλησίον· καὶ οὕτως προσδέξεται ὁ κύριος αὐτοῦ, καὶ οὐκ ἀποτίσει.",26,ܘܐܢ ܡܬܓܢܒܘ ܢܬܓܢܒ ܡܢܗ ܢܫ̇ܠܡ ܠܡܪ̈ܘܗܝ.,6,"então haverá o juramento do Senhor entre ambos, para ver se o guardador não meteu a mão nos bens do seu próximo; e o dono aceitará o juramento, e o outro não fará restituição.",34,True,True,True
22,12,Êxodo 22:12,אִם־ טָרֹ֥ף יִטָּרֵ֖ף יְבִאֵ֣הוּ עֵ֑ד הַטְּרֵפָ֖ה לֹ֥א יְשַׁלֵּֽם ׃ פ,אמ טרפ יטרפ יבאהו עד הטרפה לא ישלמ פ,10,אם אתברא יתבר ייתי סהדין דתבירא לא ישלם:,8,"ἐὰν δὲ κλαπῇ παρ᾽ αὐτοῦ, ἀποτίσει τῷ κυρίῳ·",8,ܘܐܢ ܡܬܬܒܪܘ ܢܬܬܒܪ ܘܢܝܬܝܘܗܝ ܠܣܗܕܘܬܐ ܕܬܒܝܪܐ ܠܐ ܢܫ̇ܠܡ.,8,"Se, porém, o animal lhe tiver sido furtado, fará restituirão ao seu dono.",13,True,True,True
22,13,Êxodo 22:13,וְכִֽי־ יִשְׁאַ֥ל אִ֛ישׁ מֵעִ֥ם רֵעֵ֖הוּ וְנִשְׁבַּ֣ר אוֹ־ מֵ֑ת בְּעָלָ֥יו אֵין־ עִמּ֖וֹ שַׁלֵּ֥ם יְשַׁלֵּֽם ׃,וכי ישאל איש מעמ רעהו ונשבר או מת בעליו אינ עמו שלמ ישלמ,14,וארי ישאל גבר מן חברה ויתבר או מית מרה לית עמה שלמא ישלם:,13,"ἐὰν δὲ θηριάλωτον γένηται, ἄξει αὐτὸν ἐπὶ τὴν θήραν, καὶ οὐκ ἀποτίσει.",12,ܘܟܕ ܢܫܐܠ ܓܒܪܐ ܡܢ ܚܒܪܗ ܒܥܝܪܐ. ܘܢܬܬܒܪ ܐܘ ܢܡܘܬ. ܘܡܪܗ ܠܐ ܗܘܐ ܥܡܗ ܡܫ̇ܠܡܘ ܢܫ̇ܠܡ.,15,"Se tiver sido dilacerado, trá-lo-á em testemunho disso; não dará indenização pelo dilacerado.",13,True,True,True
22,14,Êxodo 22:14,אִם־ בְּעָלָ֥יו עִמּ֖וֹ לֹ֣א יְשַׁלֵּ֑ם אִם־ שָׂכִ֣יר ה֔וּא בָּ֖א בִּשְׂכָרֽוֹ ׃ ס,אמ בעליו עמו לא ישלמ אמ שכיר הוא בא בשכרו ס,12,אם מרה עמה לא ישלם אם אגירא הוא על באגרה:,10,"Ἐὰν δὲ αἰτήσῃ τις παρὰ τοῦ πλησίον, καὶ συντριβῇ ἢ ἀποθάνῃ ἢ αἰχμάλωτον γένηται, ὁ δὲ κύριος μὴ ᾖ μετ᾽ αὐτοῦ, ἀποτίσει·",22,ܘܐܢ ܡܪܗ ܥܡܗ ܠܐ ܢܫ̇ܠܡ. ܘܐܢ ܐܓܝܪܐ ܗܘ ܒܠܥ ܒܐܓܪܗ.,10,"Se alguém pedir emprestado a seu próximo algum animal, e este for danificado ou morrer, não estando presente o seu dono, certamente dará indenização;",24,True,True,True
22,15,Êxodo 22:15,וְכִֽי־ יְפַתֶּ֣ה אִ֗ישׁ בְּתוּלָ֛ה אֲשֶׁ֥ר לֹא־ אֹרָ֖שָׂה וְשָׁכַ֣ב עִמָּ֑הּ מָהֹ֛ר יִמְהָרֶ֥נָּה לּ֖וֹ לְאִשָּֽׁה ׃,וכי יפתה איש בתולה אשר לא ארשה ושכב עמה מהר ימהרנה לו לאשה,14,וארי ישדל גבר בתלתא די לא מארסא וישכוב עמה קימא יקימנה לה לאנתו:,13,"ἐὰν δὲ ὁ κύριος ᾖ μετ᾽ αὐτοῦ, οὐκ ἀποτίσει· ἐὰν δὲ μισθωτὸς ᾖ, ἔσται αὐτῷ ἀντὶ τοῦ μισθοῦ αὐτοῦ.",19,ܘܟܕ ܢܫ̇ܕܠ ܓܒܪܐ ܒܬܘܠܬܐ ܕܠܐ ܗܘܬ ܡܟܝܪܐ ܘܢܕܡܟ ܥܡܗ̇. ܡܣܒ ܢܣܒܝܗ̇ ܠܗ ܐܢܬܬܐ.,13,"se o dono estiver presente, o outro não dará indenização; se tiver sido alugado, o aluguel responderá por qualquer dano.",20,True,True,True
22,16,Êxodo 22:16,אִם־ מָאֵ֧ן יְמָאֵ֛ן אָבִ֖יהָ לְתִתָּ֣הּ ל֑וֹ כֶּ֣סֶף יִשְׁקֹ֔ל כְּמֹ֖הַר הַבְּתוּלֹֽת ׃ ס,אמ מאנ ימאנ אביה לתתה לו כספ ישקל כמהר הבתולת ס,12,אם מצבא לא יצבי אבוהא למתנה לה כספא יתקול כמוהרי בתלתא:,11,"Ἐὰν δὲ ἀπατήσῃ τις παρθένον ἀμνήστευτον καὶ κοιμηθῇ μετ᾽ αὐτῆς, φερνῇ φερνιεῖ αὐτὴν αὐτῷ γυναῖκα.",15,ܘܐܢ ܠܐ ܨ̇ܒܐ ܐܒܘܗ̇ ܕܢܬܠܝܗ̇ ܠܗ ܟܣܦܐ. ܢܬܩܘܠ ܐܝܟ ܡܗܪܐ ܕܒܬܘܠܬܐ.,11,"Se alguém seduzir uma virgem que não for desposada, e se deitar com ela, certamente pagará por ela o dote e a terá por mulher.",25,True,True,True
22,17,Êxodo 22:17,מְכַשֵּׁפָ֖ה לֹ֥א תְחַיֶּֽה ׃ ס,מכשפה לא תחיה ס,5,חרשא לא תחי:,3,"ἐὰν δὲ ἀνανεύων ἀνανεύσῃ καὶ μὴ βούληται ὁ πατὴρ αὐτῆς δοῦναι αὐτὴν αὐτῷ γυναῖκα, ἀργύριον ἀποτίσει τῷ πατρὶ καθ᾽ ὅσον ἐστὶν ἡ φερνὴ τῶν παρθένων.",25,ܚ̇ܪܫܐ ܠܐ ܬܚܐ.,3,"Se o pai dela inteiramente recusar dar-lha, pagará ele em dinheiro o que for o dote das virgens.",18,True,True,True
22,18,Êxodo 22:18,כָּל־ שֹׁכֵ֥ב עִם־ בְּהֵמָ֖ה מ֥וֹת יוּמָֽת ׃ ס,כל שכב עמ בהמה מות יומת ס,8,כל דישכוב עם בעירא אתקטלא יתקטל:,6,Φαρμακοὺς οὐ περιποιήσετε.,3,ܘܟܠ ܡ̇ܢ ܕܢܕܡܟ ܥܡ ܒܥܝܪܐ ܡܬܩܛܠܘ ܢܬܩܛܠ.,7,Não permitirás que viva uma feiticeira.,6,True,True,True
22,19,Êxodo 22:19,זֹבֵ֥חַ לָאֱלֹהִ֖ים יָֽחֳרָ֑ם בִּלְתִּ֥י לַיהוָ֖ה לְבַדּֽוֹ ׃,זבח לאלהימ יחרמ בלתי ליהוה לבדו,7,דדבח לטעות עממיא יתקטל אלהן לשמא דיי בלחודוהי:,8,"Πᾶν κοιμώμενον μετὰ κτήνους, θανάτῳ ἀποκτενεῖτε αὐτούς.",7,ܕܢܕܒ̇ܚ ܠܕܚ̈ܠܬܐ ܢܐܒܕ ܐܠܐ ܠܡܪܝܐ ܒܠܚܘܕܘܗܝ.,6,"Todo aquele que se deitar com animal, certamente será morto.",10,True,True,True
22,20,Êxodo 22:20,וְגֵ֥ר לֹא־ תוֹנֶ֖ה וְלֹ֣א תִלְחָצֶ֑נּוּ כִּֽי־ גֵרִ֥ים הֱיִיתֶ֖ם בְּאֶ֥רֶץ מִצְרָֽיִם ׃,וגר לא תונה ולא תלחצנו כי גרימ הייתמ בארצ מצרימ,11,וגיורא לא תונון ולא תעיקון לה ארי דירין הויתון בארעא דמצרים:,11,"Ὁ θυσιάζων θεοῖς θανάτῳ ὀλεθρευθήσεται, πλὴν Κυρίῳ μόνῳ.",8,ܘܠܥܡܘܪ̈ܐ ܠܐ ܬܗܪܘܢ ܘܠܐ ܬܥܝܩܘܢ. ܡܛܠ ܕܥܡܘܪ̈ܐ ܗܘܝܬܘܢ ܒܐܪܥܐ ܕܡܨܪܝܢ.,10,"Quem sacrificar a qualquer deus, a não ser tão-somente ao Senhor, será morto.",13,True,True,True
22,21,Êxodo 22:21,כָּל־ אַלְמָנָ֥ה וְיָת֖וֹם לֹ֥א תְעַנּֽוּן ׃,כל אלמנה ויתומ לא תענונ,6,כל ארמלא ויתם לא תענון:,5,Καὶ προσήλυτον οὐ κακώσετε οὐδὲ μὴ θλίψητε αὐτόν· ἦτε γάρ προσήλυτοι ἐν γῇ Αἰγύπτῳ.,14,ܘܟܠ ܐܪ̈ܡܠܬܐ ܘܝܬܡ̈ܐ ܠܐ ܬܗܪܘܢ.,5,"Ao estrangeiro não maltratarás, nem o oprimirás; pois vós fostes estrangeiros na terra do Egito.",15,True,True,True
22,22,Êxodo 22:22,אִם־ עַנֵּ֥ה תְעַנֶּ֖ה אֹת֑וֹ כִּ֣י אִם־ צָעֹ֤ק יִצְעַק֙ אֵלַ֔י שָׁמֹ֥עַ אֶשְׁמַ֖ע צַעֲקָתֽוֹ ׃,אמ ענה תענה אתו כי אמ צעק יצעק אלי שמע אשמע צעקתו,13,אם ענאה תעני יתה ארי אם מקבל יקבל קדמי קבלא אקבל קבלתה:,12,πᾶσαν χήραν καὶ ὀρφανὸν οὐ κακώσετε·,6,ܘܐܢ ܡܗܪ̈ܝܢ ܐܢܬܘܢ ܠܗܘܢ ܘܡܨܠܝܢ ܩܕܡܝ. ܡܫܡܥ ܐܫܡܥ ܨܠܘܬܗܘܢ.,9,A nenhuma viúva nem órfão afligireis.,6,True,True,True
22,23,Êxodo 22:23,וְחָרָ֣ה אַפִּ֔י וְהָרַגְתִּ֥י אֶתְכֶ֖ם בֶּחָ֑רֶב וְהָי֤וּ נְשֵׁיכֶם֙ אַלְמָנ֔וֹת וּבְנֵיכֶ֖ם יְתֹמִֽים ׃ פ,וחרה אפי והרגתי אתכמ בחרב והיו נשיכמ אלמנות ובניכמ יתמימ פ,12,ויתקף רוגזי ואקטול יתכון בחרבא ויהוין נשיכון ארמלין ובניכון יתמין:,10,"ἐὰν δὲ κακίᾳ κακώσητε αὐτοὺς καὶ κεκράξαντες καταβοήσωσι πρὸς μέ, ἀκοῇ εἰσακούσομαι τῆς φωνῆς αὐτῶν·",15,ܘܢܬܩܦ ܪܘܓܙܝ ܘܐܩܛܠܟܘܢ ܒܚܪܒܐ. ܘܢܗ̈ܘܝܢ ܢܝܫܝ̈ܟܘܢ ܐܪ̈ܡܠܢ. ܘܒ̈ܢܝܟܘܢ ܢܗܘܘܢ ܝܬܡ̈ܝܢ.,10,"Se de algum modo os afligirdes, e eles clamarem a mim, eu certamente ouvirei o seu clamor;",17,True,True,True
22,24,Êxodo 22:24,אִם־ כֶּ֣סֶף ׀ תַּלְוֶ֣ה אֶת־ עַמִּ֗י אֶת־ הֶֽעָנִי֙ עִמָּ֔ךְ לֹא־ תִהְיֶ֥ה ל֖וֹ כְּנֹשֶׁ֑ה לֹֽא־ תְשִׂימ֥וּן עָלָ֖יו נֶֽשֶׁךְ ׃,אמ כספ תלוה את עמי את העני עמכ לא תהיה לו כנשה לא תשימונ עליו נשכ,18,אם כספא תוזף בעמי לעניא די עמך לא תהי לה כרשיא לא תשוון עלוהי חבוליא:,15,"καὶ ὀργισθήσομαι θυμῷ καὶ ἀποκτενῶ ὑμᾶς μαχαίρᾳ, καὶ ἔσονται αἱ γυναῖκες ὑμῶν χῆραι καὶ τὰ παιδία ὑμῶν ὀρφανά.",18,ܘܐܢ ܟܣܦܐ ܬܘܙܦ ܒܥܡܝ ܠܡܣܟܢܐ ܕܥܡܟ. ܠܐ ܬܗܘܐ ܠܗ ܐܝܟ ܡܪܐ ܚܘܒܐ. ܘܠܐ ܬܣܒ ܡܢܗ ܪܒܝܬܐ.,16,"e a minha ira se acenderá, e vos matarei à espada; vossas mulheres ficarão viúvas, e vossos filhos órfãos.",19,True,True,True
22,25,Êxodo 22:25,אִם־ חָבֹ֥ל תַּחְבֹּ֖ל שַׂלְמַ֣ת רֵעֶ֑ךָ עַד־ בֹּ֥א הַשֶּׁ֖מֶשׁ תְּשִׁיבֶ֥נּוּ לֽוֹ ׃,אמ חבל תחבל שלמת רעכ עד בא השמש תשיבנו לו,11,אם משכונא תסב כסותא דחברך עד מעל שמשא תתיבנה לה:,10,"Ἐὰν δὲ ἀργύριον ἐκδανίσῃς τῷ ἀδελφῷ τῷ πενιχρῷ παρὰ σοί, οὐκ ἔσῃ αὐτὸν κατεπείγων, οὐκ ἐπιθήσεις αὐτῷ τόκον.",18,ܘܐܢ ܬܣܒ ܡܫܟܢܐ ܠܒܫܗ ܕܚܒܪܟ. ܡܥܪ̈ܒܝ ܫܡܫܐ ܗܒܝܗܝ ܠܗ.,9,"Se emprestares dinheiro ao meu povo, ao pobre que está contigo, não te haverás com ele como credor; não lhe imporás juros.",22,True,True,True
22,26,Êxodo 22:26,כִּ֣י הִ֤וא כסותה לְבַדָּ֔הּ הִ֥וא שִׂמְלָת֖וֹ לְעֹר֑וֹ בַּמֶּ֣ה יִשְׁכָּ֔ב וְהָיָה֙ כִּֽי־ יִצְעַ֣ק אֵלַ֔י וְשָׁמַעְתִּ֖י כִּֽי־ חַנּ֥וּן אָֽנִי ׃ ס,כי הוא כסותה לבדה הוא שמלתו לערו במה ישכב והיה כי יצעק אלי ושמעתי כי חנונ אני ס,19,ארי היא כסותה בלחודה היא תותבה למשכיה במא ישכוב ויהי ארי יקבל קדמי ואקבל קבלתה ארי חננא אנא:,18,"ἐὰν δὲ ἐνεχύρασμα ἐνεχυράσῃς τὸ ἱμάτιον τοῦ πλησίον, πρὸ δυσμῶν ἡλίου ἀποδώσεις αὐτῷ·",13,ܡܛܠ ܕܗܘܝܘ ܠܒܫܗ ܒܠܚܘܕܘܗܝ. ܘܗܘܝܘ ܬܟܣܝܬܗ ܠܒܣܪܗ. ܒܡܢܐ ܢܕܡܟ. ܘܐܢ ܢܨܠܐ ܩܕܡܝ ܐܫܡܥܝܘܗܝ. ܡܛܠ ܕܡܪܚܡܢܐ ܐܢܐ.,16,"Ainda que chegues a tomar em penhor o vestido do teu próximo, lho restituirás antes do pôr do sol;",19,True,True,True
22,27,Êxodo 22:27,אֱלֹהִ֖ים לֹ֣א תְקַלֵּ֑ל וְנָשִׂ֥יא בְעַמְּךָ֖ לֹ֥א תָאֹֽר ׃,אלהימ לא תקלל ונשיא בעמכ לא תאר,8,דינא לא תקיל ורבא בעמך לא תלוט:,7,"ἔστιν γάρ τοῦτο περιβόλαιον αὐτοῦ, μόνον τοῦτο τὸ ἱμάτιον ἀσχημοσύνης αὐτοῦ· ἐν τίνι κοιμηθήσεται; ἐὰν οὖν καταβοήσῃ πρὸς μέ, εἰσακούσομαι αὐτοῦ· ἐλεήμων γάρ εἰμι.",24,ܠܕܝ̇ܢܐ ܠܐ ܬܨ̇ܚܐ ܘܠܪܫܐ ܕܥܡܟ ܠܐ ܬܠܘܛ.,7,"porque é a única cobertura que tem; é o vestido da sua pele; em que se deitaria ele? Quando pois clamar a mim, eu o ouvirei, porque sou misericordioso.",29,True,True,True
22,28,Êxodo 22:28,מְלֵאָתְךָ֥ וְדִמְעֲךָ֖ לֹ֣א תְאַחֵ֑ר בְּכ֥וֹר בָּנֶ֖יךָ תִּתֶּן־ לִּֽי ׃,מלאתכ ודמעכ לא תאחר בכור בניכ תתנ לי,9,בכורך ודמעך לא תאחר בוכרא דבניך תפרש קדמי:,8,"Θεοὺς οὐ κακολογήσεις, καὶ ἄρχοντας τοῦ λαοῦ σου οὐ κακῶς ἐρεῖς.",11,ܪܝܫ ܥ̈ܠܠܬܗ ܕܐܕܪܟ. ܘܪܝܫ ܡܥܨܪ̈ܬܟ ܠܐ ܬܫܘܚܪ . ܒܘܟܪ̈ܐ ܕܒܢ̈ܝܟ ܬܬܠ ܠܝ.,12,"Aos juízes não maldirás, nem amaldiçoarás ao governador do teu povo.",11,True,True,True
22,29,Êxodo 22:29,כֵּֽן־ תַּעֲשֶׂ֥ה לְשֹׁרְךָ֖ לְצֹאנֶ֑ךָ שִׁבְעַ֤ת יָמִים֙ יִהְיֶ֣ה עִם־ אִמּ֔וֹ בַּיּ֥וֹם הַשְּׁמִינִ֖י תִּתְּנוֹ־ לִֽי ׃,כנ תעשה לשרכ לצאנכ שבעת ימימ יהיה עמ אמו ביומ השמיני תתנו לי,14,כן תעבד לתורך לענך שבעא יומין יהי עם אמה ביומא תמינאה תפרשנה קדמי:,13,ἀπαρχὰς ἅλωνος καὶ ληνοῦ σου οὐ καθυστερήσεις· τὰ πρωτότοκα τῶν υἱῶν σου δώσεις ἐμοί.,14,ܘܗܟܢܐ ܬܥܒܕ ܠܬܘܪ̈ܝܟ ܘܠܥܢܟ. ܫܒܥܐ ܝܘܡ̈ܝܢ ܢܗܘܐ ܥܡ ܐܡܗ. ܘܒܝܘܡܐ ܬܡܝܢܝܐ ܬܬܠܝܘܗܝ ܠܝ.,13,Não tardarás em trazer ofertas da tua ceifa e dos teus lagares. O primogênito de teus filhos me darás.,19,True,True,True
22,30,Êxodo 22:30,וְאַנְשֵׁי־ קֹ֖דֶשׁ תִּהְי֣וּן לִ֑י וּבָשָׂ֨ר בַּשָּׂדֶ֤ה טְרֵפָה֙ לֹ֣א תֹאכֵ֔לוּ לַכֶּ֖לֶב תַּשְׁלִכ֥וּן אֹתֽוֹ ׃ ס,ואנשי קדש תהיונ לי ובשר בשדה טרפה לא תאכלו לכלב תשלכונ אתו ס,14,ואנשין קדישין תהון קדמי ובשר תליש מן חיוא חיתא לא תיכלון לכלבא תרמון יתה:,14,"οὕτως ποιήσεις τὸν μόσχον σου καὶ τὸ πρόβατόν σου καὶ τὸ ὑποζύγιόν σου· ἑπτὰ ἡμέρας ἔσται ὑπὸ τὴν μητέρα, τῇ δὲ ὀγδόῃ ἡμέρᾳ ἀποδώσῃ μοι αὐτό.",26,ܘܐܢܫ̈ܝܢ ܩܕܝܫ̈ܝܢ ܬܗܘܘܢ ܠܝ. ܘܒܣܪܐ ܕܢܬܝܫ ܡܢ ܚܝܘܬܐ ܚܝܬܐ ܠܐ ܬܐܟܠܘܢ. ܠܟܠܒ̈ܐ ܬܫܕܘܢܗ.,13,Assim farás com os teus bois e com as tuas ovelhas; sete dias ficará a cria com a mãe; ao oitavo dia ma darás.,24,True,True,True
22,31,Êxodo 22:31,,,0,,0,"καὶ ἄνδρες ἅγιοι ἔσεσθέ μοι· καὶ κρέας θηριάλωτον οὐκ ἔδεσθε, τῷ κυνὶ ἀπορίψατε αὐτό.",14,,0,Ser-me-eis homens santos; portanto não comereis carne que por feras tenha sido despedaçada no campo; aos cães a lançareis.,19,False,True,False
23,1,Êxodo 23:1,לֹ֥א תִשָּׂ֖א שֵׁ֣מַע שָׁ֑וְא אַל־ תָּ֤שֶׁת יָֽדְךָ֙ עִם־ רָשָׁ֔ע לִהְיֹ֖ת עֵ֥ד חָמָֽס ׃ ס,לא תשא שמע שוא אל תשת ידכ עמ רשע להית עד חמס ס,14,לא תקבל שמע דשקר לא תשוי ידך עם חיבא למהוי לה סהיד שקר:,13,Οὐ παραδέξῃ ἀκοὴν ματαίαν· οὐ συνκαταθήσῃ μετὰ τοῦ ἀδίκου γενέσθαι μάρτυς ἄδικος.,12,ܠܐ ܬܫܪ ܫܡܥܐ ܟܕܒܐ. ܠܐ ܬܘܫܛ ܐܝܕܟ ܥܡ ܚܝ̇ܒܐ ܠܡܗܘܐ ܠܗ ܣܗܕܐ ܟܕܒܐ.,13,"Não levantarás falso boato, e não pactuarás com o ímpio, para seres testemunha injusta.",14,True,True,True
23,2,Êxodo 23:2,לֹֽא־ תִהְיֶ֥ה אַחֲרֵֽי־ רַבִּ֖ים לְרָעֹ֑ת וְלֹא־ תַעֲנֶ֣ה עַל־ רִ֗ב לִנְטֹ֛ת אַחֲרֵ֥י רַבִּ֖ים לְהַטֹּֽת ׃,לא תהיה אחרי רבימ לרעת ולא תענה על רב לנטת אחרי רבימ להטת,14,לא תהי בתר סגיאין לאבאשא ולא תתמנע מלאלפא מא דבעינך על דינא בתר סגיאי שלם דינא:,16,"οὐκ ἔσῃ μετὰ πλειόνων ἐν κακίᾳ· οὐ προσθήσῃ μετὰ πλήθους ἐκκλῖναι μετὰ πλειόνων, ὥστε ἐκκλεῖσαι κρίσιν.",16,ܠܐ ܬܗܘܐ ܒܬܪ ܣ̈ܓܝܐܐ ܠܡܒܐܫܘ. ܘܠܐ ܬܥܢ̣ܐ ܥܠ ܕܝ̣ܢܐ ܠܡܨܠܐ ܒܬܪ ܣ̈ܓܝܐܐ ܕܨܠܝܢ.,13,"Não seguirás a multidão para fazeres o mal; nem numa demanda darás testemunho, acompanhando a maioria, para perverteres a justiça;",20,True,True,True
23,3,Êxodo 23:3,וְדָ֕ל לֹ֥א תֶהְדַּ֖ר בְּרִיבֽוֹ ׃ ס,ודל לא תהדר בריבו ס,6,ועל מסכינא לא תרחם בדינה:,5,καὶ πένητα οὐκ ἐλεήσεις ἐν κρίσει.,6,ܘܠܡܣܟܢܐ ܠܐ ܬܥܕܪ ܒܕܝܢܗ.,4,nem mesmo ao pobre favorecerás na sua demanda.,8,True,True,True
23,4,Êxodo 23:4,כִּ֣י תִפְגַּ֞ע שׁ֧וֹר אֹֽיִבְךָ֛ א֥וֹ חֲמֹר֖וֹ תֹּעֶ֑ה הָשֵׁ֥ב תְּשִׁיבֶ֖נּוּ לֽוֹ ׃ ס,כי תפגע שור איבכ או חמרו תעה השב תשיבנו לו ס,12,ארי תפגע תורא דסנאך או חמרה דטעי אתבא תתיבנה לה:,10,"Ἐὰν δὲ συναντήσῃς τῷ βοὶ τοῦ ἐχθροῦ σου ἢ τῷ ὑποζυγίῳ αὐτοῦ πλανωμένοις, ἀποστρέψας ἀποδώσεις αὐτῷ.",16,ܘܟܕ ܬܦܓܥ ܒܬܘܪܐ ܕܒܥܠܕܒܒܟ ܐܘ ܒܚܡܪܗ ܟܕ ܛܥ̇ܝܢ. ܡܗܦܟܘ ܐܗܦܟ ܐܢܘܢ ܠܗ.,12,"Se encontrares desgarrado o boi do teu inimigo, ou o seu jumento, sem falta lho reconduzirás.",16,True,True,True
23,5,Êxodo 23:5,כִּֽי־ תִרְאֶ֞ה חֲמ֣וֹר שֹׂנַאֲךָ֗ רֹבֵץ֙ תַּ֣חַת מַשָּׂא֔וֹ וְחָדַלְתָּ֖ מֵעֲזֹ֣ב ל֑וֹ עָזֹ֥ב תַּעֲזֹ֖ב עִמּֽוֹ ׃ ס,כי תראה חמור שנאכ רבצ תחת משאו וחדלת מעזב לו עזב תעזב עמו ס,15,ארי תחזי חמרא דסנאך רביע תחות טועניה ותתמנע מלמשבק לה משבק תשבוק מא דבלבך עלוהי ותפרק עמה:,17,"ἐὰν δὲ ἴδῃς τὸ ὑποζύγιον τοῦ ἐχθροῦ σου πεπτωκὸς ὑπὸ τὸν γόμον αὐτοῦ, οὐ παρελεύσῃ αὐτό, ἀλλὰ συναρεῖς αὐτὸ μετ᾽ αὐτοῦ.",21,ܘܟܕ ܬܚܙܐ ܚܡܪܐ ܕܒܥܠܕܒܒܟ ܕܪܒܝܥ ܬܚܝܬ ܛܥܢܗ. ܘܒܥ̇ܐ ܐܢܬ ܕܠܐ ܬܫܩܘܠ ܥܡܗ. ܡܫܩܠ ܫܩܘܠ ܥܡܗ.,15,"Se vires deitado debaixo da sua carga o jumento daquele que te odeia, não passarás adiante; certamente o ajudarás a levantá-lo.",21,True,True,True
23,6,Êxodo 23:6,לֹ֥א תַטֶּ֛ה מִשְׁפַּ֥ט אֶבְיֹנְךָ֖ בְּרִיבֽוֹ ׃,לא תטה משפט אבינכ בריבו,6,לא תצלי דין מסכינך בדינה:,5,Οὐ διαστρέψεις κρίμα πένητος ἐν κρίσει αὐτοῦ.,7,ܠܐ ܬܨ̣ܠܐ ܕܝܢ̣ܐ ܕܡܣܟܢܐ ܒܕܝܢ̣ܗ.,5,Não perverterás o direito do teu pobre na sua demanda.,10,True,True,True
23,7,Êxodo 23:7,מִדְּבַר־ שֶׁ֖קֶר תִּרְחָ֑ק וְנָקִ֤י וְצַדִּיק֙ אַֽל־ תַּהֲרֹ֔ג כִּ֥י לֹא־ אַצְדִּ֖יק רָשָֽׁע ׃,מדבר שקר תרחק ונקי וצדיק אל תהרג כי לא אצדיק רשע,12,מפתגמא דשקרא הוי רחיק ודזכי ודי נפק מן דינא לא תקטול ארי לא אזכי חיבא:,15,"ἀπὸ παντὸς ῥήματος ἀδίκου ἀποστήσῃ· ἀθῷον καὶ δίκαιον οὐκ ἀποκτενεῖς, καὶ οὐ δικαιώσεις τὸν ἀσεβῆ ἕνεκεν δώρων.",17,ܘܡܢ ܡܠܬܐ ܟܕܒܬܐ ܗܘ̣ܝܬ ܡ̇ܪܚܩ. ܘܙܟܝܐ ܘܙܕܝܩܐ ܠܐ ܬܩܛܘܠ. ܡܛܠ ܕܠܐ ܡܙ̇ܟܐ ܐܢܐ ܠܚܝ̇ܒܐ .,15,"Guarda-te de acusares falsamente, e não matarás o inocente e justo; porque não justificarei o ímpio.",16,True,True,True
23,8,Êxodo 23:8,וְשֹׁ֖חַד לֹ֣א תִקָּ֑ח כִּ֤י הַשֹּׁ֨חַד֙ יְעַוֵּ֣ר פִּקְחִ֔ים וִֽיסַלֵּ֖ף דִּבְרֵ֥י צַדִּיקִֽים ׃,ושחד לא תקח כי השחד יעור פקחימ ויסלפ דברי צדיקימ,11,ושוחדא לא תקבל ארי שוחדא מעור עיני חכימין ומקלקל פתגמין תריצין:,11,καὶ δῶρα οὐ λήμψῃ· τὰ γὰρ δῶρα ἐκτυφλοῖ ὀφθαλμοὺς βλεπόντων καὶ λυμαίνεται ῥήματα δίκαια.,14,ܫܘܚܕܐ ܠܐ ܬܣ̣ܒ. ܡܛܠ ܕܫܘܚܕܐ ܡܥܘܪ ܥܝܢ̈ܝܗܘܢ ܕܚܟܝ̈ܡܐ ܒܕܝܢ̣ܐ. ܘܡܗܦ̣ܟ ܡ̈ܠܝܗܘܢ ܕܙ̈ܟܝܐ.,12,"Também não aceitarás peita, porque a peita cega os que têm vista, e perverte as palavras dos justos.",18,True,True,True
23,9,Êxodo 23:9,וְגֵ֖ר לֹ֣א תִלְחָ֑ץ וְאַתֶּ֗ם יְדַעְתֶּם֙ אֶת־ נֶ֣פֶשׁ הַגֵּ֔ר כִּֽי־ גֵרִ֥ים הֱיִיתֶ֖ם בְּאֶ֥רֶץ מִצְרָֽיִם ׃,וגר לא תלחצ ואתמ ידעתמ את נפש הגר כי גרימ הייתמ בארצ מצרימ,14,וגיורא לא תעיקון ואתון ידעתון ית נפשא דגיורא ארי דירין הויתון בארעא דמצרים:,13,καὶ προσήλυτον οὐ θλίψετε· ὑμεῖς γὰρ οἴδατε τὴν ψυχὴν τοῦ προσηλύτου· αὐτοὶ γὰρ προσήλυτοι ἦτε ἐν γῇ Αἰγύπτῳ.,18,ܘܠܥܡܘܪ̈ܐ ܠܐ ܬܥܝܩܘܢ. ܐܢܬܘܢ ܓܝܪ ܝܕܥܝܢ ܐܢܬܘܢ ܢܦܫܐ ܕܥܡܘܪ̈ܐ. ܡܛܠ ܕܥܡܘܪ̈ܐ ܗܘܝܬܘܢ ܒܐܪܥܐ ܕܡܨܪܝܢ.,14,"Outrossim, não oprimirás o estrangeiro; pois vós conheceis o coração do estrangeiro, porque fostes estrangeiros na terra do Egito.",19,True,True,True
23,10,Êxodo 23:10,וְשֵׁ֥שׁ שָׁנִ֖ים תִּזְרַ֣ע אֶת־ אַרְצֶ֑ךָ וְאָסַפְתָּ֖ אֶת־ תְּבוּאָתָֽהּ ׃,ושש שנימ תזרע את ארצכ ואספת את תבואתה,9,ושית שנין תזרע ית ארעך ותכנוש ית עללתה:,8,Ἓξ ἔτη σπερεῖς τὴν γῆν σου καὶ συνάξεις τὰ γενήματα αὐτῆς·,11,ܫܬ ܫ̈ܢܝܢ ܬܙܪܘܥ ܐܪܥܟ . ܘܬܚܡܘܠ ܥ̈ܠܠܬܗ̇.,7,"Seis anos semearás tua terra, e recolherás os seus frutos;",10,True,True,True
23,11,Êxodo 23:11,וְהַשְּׁבִיעִ֞ת תִּשְׁמְטֶ֣נָּה וּנְטַשְׁתָּ֗הּ וְאָֽכְלוּ֙ אֶבְיֹנֵ֣י עַמֶּ֔ךָ וְיִתְרָ֕ם תֹּאכַ֖ל חַיַּ֣ת הַשָּׂדֶ֑ה כֵּֽן־ תַּעֲשֶׂ֥ה לְכַרְמְךָ֖ לְזֵיתֶֽךָ ׃,והשביעת תשמטנה ונטשתה ואכלו אביני עמכ ויתרמ תאכל חית השדה כנ תעשה לכרמכ לזיתכ,15,ושבעתא תשמטנה ותרטשנה וייכלון מסכני עמך ושארהון תיכול חיות ברא כן תעבד לכרמך לזיתך:,14,"τῷ δὲ ἑβδόμῳ ἄφεσιν ποιήσεις καὶ ἀνήσεις αὐτήν, καὶ ἔδονται οἱ πτωχοὶ τοῦ ἔθνους σου· τὰ δὲ ὑπολειπόμενα ἔδεται τὰ ἄγρια θηρία. οὕτως ποιήσεις τὸν ἀμπελῶνά σου καὶ τὸν ἐλαιῶνά σου.",31,ܘܒܫܒܝܥܝܬܐ ܬܟܪܒܝܗ̇ ܘܬܫܒܩܝܗ̇ . ܘܢܐܟܠܘܢ ܡܣ̈ܟܢܐ ܕܥܡܟ. ܘܫܪܟܗܘܢ ܬܐܟܘܠ ܚܝܘܬܐ ܕܕܒܪܐ. ܘܗܟܢܐ ܬܥܒܕ ܠܟܪ̈ܡܝܟ ܘܠܙܝܬ̈ܝܟ.,15,"mas no sétimo ano a deixarás descansar e ficar em pousio, para que os pobres do teu povo possam comer, e do que estes deixarem comam os animais do campo. Assim farás com a tua vinha e com o teu olival.",41,True,True,True
23,12,Êxodo 23:12,שֵׁ֤שֶׁת יָמִים֙ תַּעֲשֶׂ֣ה מַעֲשֶׂ֔יךָ וּבַיּ֥וֹם הַשְּׁבִיעִ֖י תִּשְׁבֹּ֑ת לְמַ֣עַן יָנ֗וּחַ שֽׁוֹרְךָ֙ וַחֲמֹרֶ֔ךָ וְיִנָּפֵ֥שׁ בֶּן־ אֲמָתְךָ֖ וְהַגֵּֽר ׃,ששת ימימ תעשה מעשיכ וביומ השביעי תשבת למענ ינוח שורכ וחמרכ וינפש בנ אמתכ והגר,16,שתא יומין תעבד עובדיך וביומא שביעאה תנוח בדיל דינוח תורך וחמרך וישקוט בר אמתך וגיורא:,15,"ἓξ ἡμέρας ποιήσεις τὰ ἔργα σου, τῇ δὲ ἡμέρᾳ τῇ ἑβδόμῃ ἀνάπαυσις· ἵνα ἀναπαύσηται ὁ βοῦς σου καὶ τὸ ὑποζύγιόν σου, καὶ ἵνα ἀναπαύσηται ὁ υἱὸς τῆς παιδίσκης σου καὶ ὁ προσήλυτος.",32,ܫܬܐ ܝܘܡ̈ܝܢ ܬܥ̇ܒܕ ܥܒ̇ܕܟ. ܘܒܝܘܡܐ ܫܒܝܥܝܐ ܬܬܢܝܚ. ܡܛܠ ܕܢܬܢܝܚ ܬܘܪܟ ܘܚܡܪܟ. ܘܢܬܬܢܝܚ ܒܪ ܐܡܬܟ ܘܥܡܘܪܐ ܕܒܩܘܪ̈ܝܟ.,16,"Seis dias farás os teus trabalhos, mas ao sétimo dia descansarás; para que descanse o teu boi e o teu jumento, e para que tome alento o filho da tua escrava e o estrangeiro.",34,True,True,True
23,13,Êxodo 23:13,וּבְכֹ֛ל אֲשֶׁר־ אָמַ֥רְתִּי אֲלֵיכֶ֖ם תִּשָּׁמֵ֑רוּ וְשֵׁ֨ם אֱלֹהִ֤ים אֲחֵרִים֙ לֹ֣א תַזְכִּ֔ירוּ לֹ֥א יִשָּׁמַ֖ע עַל־ פִּֽיךָ ׃,ובכל אשר אמרתי אליכמ תשמרו ושמ אלהימ אחרימ לא תזכירו לא ישמע על פיכ,15,ובכל די אמרית לכון תסתמרון ושום טעות עממיא לא תדכרון לא ישתמע על פומכון:,14,"πάντα ὅσα εἴρηκα πρὸς ὑμᾶς φυλάξασθε· καὶ ὄνομα θεῶν ἑτέρων οὐκ ἀναμνησθήσεσθε, οὐδὲ μὴ ἀκουσθῇ ἐκ τοῦ στόματος ὑμῶν.",19,ܘܟܠ ܡܕܡ ܕܐܡ̇ܪܬ ܠܟܘܢ ܬܙܕܗܪܘܢ. ܘܫܡ ܕܚ̈ܠܬܐ ܐܚܪ̈ܢܝܬܐ. ܠܐ ܬܬܕܟܪܘܢ ܘܠܐ ܢܣܩܢ ܥܠ ܠܒܟܘܢ.,14,"Em tudo o que vos tenho dito, andai apercebidos. Do nome de outros deuses nem fareis menção; nunca se ouça da vossa boca o nome deles.",26,True,True,True
23,14,Êxodo 23:14,שָׁלֹ֣שׁ רְגָלִ֔ים תָּחֹ֥ג לִ֖י בַּשָּׁנָֽה ׃,שלש רגלימ תחג לי בשנה,6,תלת זמנין תחוג קדמי בשתא:,5,Τρεῖς καιροὺς τοῦ ἐνιαυτοῦ ἑορτάσατέ μοι.,6,ܬܠܬ ܙܒ̈ܢܝܢ ܥ̇ܒܕܘ ܠܝ ܥܕܥܐܕܐ ܒܫܢܬܐ.,6,Três vezes no ano me celebrarás festa:,7,True,True,True
23,15,Êxodo 23:15,אֶת־ חַ֣ג הַמַּצּוֹת֮ תִּשְׁמֹר֒ שִׁבְעַ֣ת יָמִים֩ תֹּאכַ֨ל מַצּ֜וֹת כַּֽאֲשֶׁ֣ר צִוִּיתִ֗ךָ לְמוֹעֵד֙ חֹ֣דֶשׁ הָֽאָבִ֔יב כִּי־ ב֖וֹ יָצָ֣אתָ מִמִּצְרָ֑יִם וְלֹא־ יֵרָא֥וּ פָנַ֖י רֵיקָֽם ׃,את חג המצות תשמר שבעת ימימ תאכל מצות כאשר צויתכ למועד חדש האביב כי בו יצאת ממצרימ ולא יראו פני ריקמ,22,ית חגא דפטיריא תטר שבעא יומין תיכול פטירא כמא דפקידתך לזמן ירחא דאביבא ארי בה נפקת ממצרים ולא יתחזון קדמי ריקנון:,21,"τὴν ἑορτὴν τῶν ἀζύμων φυλάξασθε ποιεῖν· ἑπτὰ ἡμέρας ἔδεσθε ἄζυμα, καθάπερ ἐνετειλάμην σοι, κατὰ τὸν καιρὸν τοῦ μηνὸς τῶν νέων· ἐν γὰρ αὐτῷ ἐξῆλθες ἐξ Αἰγύπτου. οὐκ ὀφθήσῃ ἐνώπιόν μου κενός.",31,ܥܕܥܐܕܐ ܕܦܛܝܪ̈ܐ ܬܛܪ. ܫܒܥܐ ܝܘܡ̈ܝܢ ܦܛܝܪܐ ܬܐܟܘܠ. ܐܝܟ ܕܦܩܕܬܟ ܒܝܪܚܐ ܕܗܒ̈ܒܐ. ܡܛܠ ܕܒܝܪܚܐ ܕܗܒ̈ܒܐ ܢܦܩܬܘܢ ܡܢ ܡܨܪܝܢ. ܘܠܐ ܬܬܚܙܘܢ ܩܕܡܝ ܣܪܝܩܐܝܬ.,21,"A festa dos pães ázimos guardarás: sete dias comerás pães ázimos como te ordenei, ao tempo apontado no mês de abibe, porque nele saíste do Egito; e ninguém apareça perante mim de mãos vazias;",34,True,True,True
23,16,Êxodo 23:16,וְחַ֤ג הַקָּצִיר֙ בִּכּוּרֵ֣י מַעֲשֶׂ֔יךָ אֲשֶׁ֥ר תִּזְרַ֖ע בַּשָּׂדֶ֑ה וְחַ֤ג הָֽאָסִף֙ בְּצֵ֣את הַשָּׁנָ֔ה בְּאָסְפְּךָ֥ אֶֽת־ מַעֲשֶׂ֖יךָ מִן־ הַשָּׂדֶֽה ׃,וחג הקציר בכורי מעשיכ אשר תזרע בשדה וחג האספ בצאת השנה באספכ את מעשיכ מנ השדה,17,וחגא דחצדא בכורי עובדיך די תזרע בחקלא וחגא דכנשא במפקא דשתא במכנשך ית עובדיך מן חקלא:,16,"καὶ ἑορτὴν θερισμοῦ πρωτογενημάτων ποιήσεις τῶν ἔργων σου ὧν ἐὰν σπείρῃς ἐν τῷ ἀγρῷ σου, καὶ ἑορτὴν συντελείας ἐπ᾽ ἐξόδου τοῦ ἐνιαυτοῦ ἐν τῇ συναγωγῇ τῶν ἔργων σου τῶν ἐκ τοῦ ἀγροῦ σου.",33,ܘܥܕܥܐܕܐ ܕܚܨܕܐ. ܪܝܫ ܥܒܘܪܟܘܢ ܕܬܙܪܥܘܢ ܒܚܩܠܐ . ܘܥܕܥܐܕܐ ܕܚܡ̇ܠܐ ܒܡܦܩܗ̇ ܕܫܢܬܐ. ܡܐ ܕܟ̇ܢܫ ܐܢܬ ܥ̈ܠܠܬܟ ܡܢ ܚܩܠܐ.,17,"também guardarás a festa da sega, a das primícias do teu trabalho, que houveres semeado no campo; igualmente guardarás a festa da colheita à saída do ano, quando tiveres colhido do campo os frutos do teu trabalho.",37,True,True,True
23,17,Êxodo 23:17,שָׁלֹ֥שׁ פְּעָמִ֖ים בַּשָּׁנָ֑ה יֵרָאֶה֙ כָּל־ זְכ֣וּרְךָ֔ אֶל־ פְּנֵ֖י הָאָדֹ֥ן ׀ יְהוָֽה ׃,שלש פעמימ בשנה יראה כל זכורכ אל פני האדנ יהוה,12,תלת זמנין בשתא יתחזון כל דכורך קדם רבון עלמא יי:,10,τρεῖς καιροὺς τοῦ ἐνιαυτοῦ ὀφθήσεται πᾶν ἀρσενικόν σου ἐνώπιον Κυρίου τοῦ θεοῦ σου.,13,ܬܠܬ ܙܒ̈ܢܝܢ ܒܫܢܬܐ ܢܬܚܙܐ ܟܠ ܕܘܟܪܢܟ ܩܕܡ ܡܪܝܐ ܐܠܗܟ.,9,Três vezes no ano todos os teus homens aparecerão diante do Senhor Deus.,13,True,True,True
23,18,Êxodo 23:18,לֹֽא־ תִזְבַּ֥ח עַל־ חָמֵ֖ץ דַּם־ זִבְחִ֑י וְלֹֽא־ יָלִ֥ין חֵֽלֶב־ חַגִּ֖י עַד־ בֹּֽקֶר ׃,לא תזבח על חמצ דמ זבחי ולא ילינ חלב חגי עד בקר,13,לא תכוס על חמיע דם פסחי ולא יביתון בר מן מדבחא תרבי נכסת חגא עד צפרא:,16,"Ὅταν γὰρ ἐκβάλω ἔθνη ἀπὸ προσώπου σου καὶ ἐμπλατύνω τὰ ὅριά σου, οὐ θύσεις ἐπὶ ζύμῃ αἷμα θυμιάματός μου, οὐδὲ μὴ κοιμηθῇ στέαρ τῆς ἑορτῆς μου ἕως πρωί.",28,ܠܐ ܬܕܒܚ ܥܠ ܚ̇ܡܝܥܐ ܕܡܐ ܕܕܒܚܬܐ. ܘܠܐ ܢܒܘܬ ܬܪܒܐ ܕܥܕܥܐܕܐ ܥܕܡܐ ܠܨܦܪܐ.,12,"Não oferecerás o sangue do meu sacrifício com pão levedado, nem ficará da noite para a manhã a gordura da minha festa.",22,True,True,True
23,19,Êxodo 23:19,רֵאשִׁ֗ית בִּכּוּרֵי֙ אַדְמָ֣תְךָ֔ תָּבִ֕יא בֵּ֖ית יְהוָ֣ה אֱלֹהֶ֑יךָ לֹֽא־ תְבַשֵּׁ֥ל גְּדִ֖י בַּחֲלֵ֥ב אִמּֽוֹ ׃ ס,ראשית בכורי אדמתכ תביא בית יהוה אלהיכ לא תבשל גדי בחלב אמו ס,14,ריש בכורי ארעך תיתי לבית מקדשא דיי אלהך לא תיכלון בשר בחלב:,12,τὰς ἀπαρχὰς τῶν πρωτογενημάτων σου εἰσοίσεις εἰς τὸν οἶκον Κυρίου τοῦ θεοῦ σου. οὐχ ἑψήσεις ἄρνα ἐν γάλακτι μητρὸς αὐτοῦ.,20,ܪܝܫ ܥ̈ܠܠܬܗ̇ ܕܐܪܥܟ. ܬܝܬܐ ܠܒܝܬܗ ܕܡܪܝܐ ܐܠܗܟ. ܠܐ ܬܒܫܠ ܓܕܝܐ ܒܚܠܒܐ ܕܐܡܗ.,12,As primícias dos primeiros frutos da tua terra trarás à casa do Senhor teu Deus. Não cozerás o cabrito no leite de sua mãe.,24,True,True,True
23,20,Êxodo 23:20,הִנֵּ֨ה אָנֹכִ֜י שֹׁלֵ֤חַ מַלְאָךְ֙ לְפָנֶ֔יךָ לִשְׁמָרְךָ֖ בַּדָּ֑רֶךְ וְלַהֲבִ֣יאֲךָ֔ אֶל־ הַמָּק֖וֹם אֲשֶׁ֥ר הֲכִנֹֽתִי ׃,הנה אנכי שלח מלאכ לפניכ לשמרכ בדרכ ולהביאכ אל המקומ אשר הכנתי,13,הא אנא שלח מלאכא קדמך למטרך בארחא ולאעלותך לאתרא דאתקנית:,10,"Καὶ ἰδοὺ ἐγὼ ἀποστέλλω τὸν ἄγγελόν μου πρὸ προσώπου σου ἵνα φυλάξῃ σε ἐν τῇ ὁδῷ, ὅπως εἰσαγάγῃ σε εἰς τὴν γῆν ἣν ἡτοίμασά σοι.",25,ܗܐ ܡܫܕܪ ܐܢܐ ܡܠܐܟܐ ܩܕܡܝܟ. ܕܢܢܛܪܟ ܒܐܘܪܚܐ ܘܕܢܥܠܟ ܠܐܪܥܐ ܕܬܩ̇ܢܬ.,10,"Eis que eu envio um anjo adiante de ti, para guardar-te pelo caminho, e conduzir-te ao lugar que te tenho preparado.",21,True,True,True
23,21,Êxodo 23:21,הִשָּׁ֧מֶר מִפָּנָ֛יו וּשְׁמַ֥ע בְּקֹל֖וֹ אַל־ תַּמֵּ֣ר בּ֑וֹ כִּ֣י לֹ֤א יִשָּׂא֙ לְפִשְׁעֲכֶ֔ם כִּ֥י שְׁמִ֖י בְּקִרְבּֽוֹ ׃,השמר מפניו ושמע בקלו אל תמר בו כי לא ישא לפשעכמ כי שמי בקרבו,15,אסתמר מן קדמוהי וקבל למימרה לא תסרב לקבלה ארי לא ישבוק לחוביכון ארי בשמי מימרה:,15,"πρόσεχε σεαυτῷ καὶ εἰσάκουε αὐτοῦ καὶ μὴ ἀπείθει αὐτῷ· οὐ γὰρ μὴ ὑποστείληταί σε, τὸ γὰρ ὄνομά μού ἐστιν ἐπ᾽ αὐτῷ.",21,ܐܙܕܗܪ ܡܢܗ ܘܫܡܥ̣ ܒܩܠܗ. ܠܐ ܬܬܚܪܐ ܠܩܘܒܠܗ. ܕܠܡܐ ܠܐ ܢܫܒܘܩ ܠܚ̈ܘܒܝܟܘܢ. ܡܛܠ ܕܫܡܝ ܥܠܘܗܝ.,14,"Anda apercebido diante dele, e ouve a sua voz; não sejas rebelde contra ele, porque não perdoará a tua rebeldia; pois nele está o meu nome.",26,True,True,True
23,22,Êxodo 23:22,כִּ֣י אִם־ שָׁמֹ֤עַ תִּשְׁמַע֙ בְּקֹל֔וֹ וְעָשִׂ֕יתָ כֹּ֖ל אֲשֶׁ֣ר אֲדַבֵּ֑ר וְאָֽיַבְתִּי֙ אֶת־ אֹ֣יְבֶ֔יךָ וְצַרְתִּ֖י אֶת־ צֹרְרֶֽיךָ ׃,כי אמ שמע תשמע בקלו ועשית כל אשר אדבר ואיבתי את איביכ וצרתי את צרריכ,16,ארי אם קבלא תקבל למימרה ותעבד כל דאמלל ואסני ית סנאך ואעיק לדמעיקין לך:,14,"ἐὰν ἀκοῇ ἀκούσητε τῆς ἐμῆς φωνῆς, καὶ ποιήσῃς πάντα ὅσα ἂν ἐντείλωμαί σοι, καὶ φυλάξητε τὴν διαθήκην μου, ἔσεσθέ μοι λαὸς περιούσιος ἀπὸ πάντων τῶν ἐθνῶν· ἐμὴ γάρ ἐστιν πᾶσα ἡ γῆ, ὑμεῖς δὲ ἔσεσθέ μοι βασίλειον ἱεράτευμα καὶ ἔθνος ἅγιον. ταῦτα τὰ ῥήματα ἐρεῖς τοῖς υἱοῖς Ἰσραήλ Ἐὰν ἀκοῇ ἀκούσητε τῆς φωνῆς μου, καὶ ποιήσητε πάντα ὅσα ἂν εἴπω σοι, ἐχθρεύσω τοῖς ἐχθροῖς σου καὶ ἀντικείσομαι τοῖς ἀντικειμένοις σοι.",70,ܘܐܢ ܡܫܡܥ ܬܫܡܥ ܒܩܠܗ. ܘܬܥܒܕ ܟܠܡܕܡ ܕܐܡ̇ܪ ܠܟ. ܐܣܢܐ ܠܣ̈ܢܐܝܟ ܘܐܥܝܩ ܠܒ̈ܥܠܕܒܒܝܟ.,12,"Mas se, na verdade, ouvires a sua voz, e fizeres tudo o que eu disser, então serei inimigo dos teus inimigos, e adversário dos teus adversários.",26,True,True,True
23,23,Êxodo 23:23,כִּֽי־ יֵלֵ֣ךְ מַלְאָכִי֮ לְפָנֶיךָ֒ וֶהֱבִֽיאֲךָ֗ אֶל־ הָֽאֱמֹרִי֙ וְהַ֣חִתִּ֔י וְהַפְּרִזִּי֙ וְהַֽכְּנַעֲנִ֔י הַחִוִּ֖י וְהַיְבוּסִ֑י וְהִכְחַדְתִּֽיו ׃,כי ילכ מלאכי לפניכ והביאכ אל האמרי והחתי והפרזי והכנעני החוי והיבוסי והכחדתיו,14,ארי יהך מלאכי קדמך ויעלנך לות אמוראי וחתאי ופריזאי וכנענאי חואי ויבוסאי ואשצנון:,13,"πορεύσεται γὰρ ὁ ἄγγελός μου ἡγούμενος ὑμῶν, καὶ εἰσάξει σε πρὸς τὸν Ἀμορραῖον καὶ Χετταῖον καὶ Φερεζαῖον καὶ Χαναναῖον καὶ Γεργεσαῖον καὶ Εὑαῖον καὶ Ἰεβουσαῖον, καὶ ἐκτρίψω αὐτούς.",28,ܡܛܠ ܕܢܐܙܠ ܡܠܐܟܝ ܩܕܡܝܟ. ܘܢܥܠܟ ܥܠ ܐܡܘܪ̈ܝܐ ܘܚ̈ܬܝܐ . ܘܦܪ̈ܙܝܐ ܘܟܢ̈ܥܢܝܐ ܘܚ̈ܘܝܐ ܘܝܒܘ̈ܣܝܐ. ܘܐܚܪܘܒ ܐܢܘܢ.,15,"Porque o meu anjo irá adiante de ti, e te introduzirá na terra dos amorreus, dos heteus, dos perizeus, dos cananeus, dos heveus e dos jebuseus; e eu os aniquilarei.",30,True,True,True
23,24,Êxodo 23:24,לֹֽא־ תִשְׁתַּחֲוֶ֤ה לֵאלֹֽהֵיהֶם֙ וְלֹ֣א תָֽעָבְדֵ֔ם וְלֹ֥א תַעֲשֶׂ֖ה כְּמַֽעֲשֵׂיהֶ֑ם כִּ֤י הָרֵס֙ תְּהָ֣רְסֵ֔ם וְשַׁבֵּ֥ר תְּשַׁבֵּ֖ר מַצֵּבֹתֵיהֶֽם ׃,לא תשתחוה לאלהיהמ ולא תעבדמ ולא תעשה כמעשיהמ כי הרס תהרסמ ושבר תשבר מצבתיהמ,15,לא תסגוד לטעותהון ולא תפלחנון ולא תעבד כעובדיהון ארי פגרא תפגרנון ותברא תתבר קמתהון:,14,"οὐ προσκυνήσεις τοῖς θεοῖς αὐτῶν· οὐδὲ μὴ λατρεύσῃς αὐτοῖς· οὐ ποιήσεις κατὰ τὰ ἔργα αὐτῶν, ἀλλὰ καθαιρέσει καθελεῖς καὶ συντρίβων συντρίψεις τὰς στήλας αὐτῶν.",24,ܠܐ ܬܣܓܘܕ ܠܐ̈ܠܗܝܗܘܢ ܘܠܐ ܬܦܠܘܚ ܐܢܘܢ. ܘܠܐ ܬܥܒܕ ܐܝܟ ܥ̈ܒ̇ܕܝܗܘܢ. ܐܠܐ ܡܣ̇ܚܦܘ ܣ̇ܚܦ ܐܢܘܢ. ܘܡܬܒ̇ܪܘ ܬܒ̇ܪ ܩܝ̈ܡܬܗܘܢ.,17,"Não te inclinarás diante dos seus deuses, nem os servirás, nem farás conforme as suas obras; Antes os derrubarás totalmente, e quebrarás de todo as suas colunas.",27,True,True,True
23,25,Êxodo 23:25,וַעֲבַדְתֶּ֗ם אֵ֚ת יְהוָ֣ה אֱלֹֽהֵיכֶ֔ם וּבֵרַ֥ךְ אֶֽת־ לַחְמְךָ֖ וְאֶת־ מֵימֶ֑יךָ וַהֲסִרֹתִ֥י מַחֲלָ֖ה מִקִּרְבֶּֽךָ ׃,ועבדתמ את יהוה אלהיכמ וברכ את לחמכ ואת מימיכ והסרתי מחלה מקרבכ,13,ותפלחון קדם יי אלהכון ויברך ית מיכלך וית משתיך ואעדי מרעין בישין מבינך:,13,"καὶ λατρεύσεις Κυρίῳ τῷ θεῷ σου, καὶ εὐλογήσω τὸν ἄρτον σου καὶ τὸν οἶνόν σου καὶ τὸ ὕδωρ σου, καὶ ἀποστρέψω μαλακίαν ἀφ᾽ ὑμῶν.",24,ܘܬܦܠܚܘܢ ܠܡܪܝܐ ܐܠܗܟܘܢ. ܘܢܒܪܟ ܠܚܡܟܘܢ ܘܡ̈ܝܟܘܢ. ܘܢܥܒܪ ܡܚ̈ܘܬܐ ܡܢ ܒܬ̈ܝܟܘܢ.,10,"Servireis, pois, ao Senhor vosso Deus, e ele abençoará o vosso pão e a vossa água; e eu tirarei do meio de vós as enfermidades.",25,True,True,True
23,26,Êxodo 23:26,לֹ֥א תִהְיֶ֛ה מְשַׁכֵּלָ֥ה וַעֲקָרָ֖ה בְּאַרְצֶ֑ךָ אֶת־ מִסְפַּ֥ר יָמֶ֖יךָ אֲמַלֵּֽא ׃,לא תהיה משכלה ועקרה בארצכ את מספר ימיכ אמלא,10,לא תהי מתכלא ועקרא בארעך ית מנין יומיך אשלים:,9,οὐκ ἔσται ἄγονος οὐδὲ στεῖρα ἐπὶ τῆς γῆς σου· τὸν ἀριθμὸν τῶν ἡμερῶν σου ἀναπληρώσω.,15,ܘܠܐ ܬܗܘܐ ܕܡܓܙܝܐ ܘܕܥܩܪܐ ܒܐܪܥܟܘܢ. ܘܡܢܝܢ ܝܘܡ̈ܬܟܘܢ ܐܫ̇ܠܡ.,8,"Na tua terra não haverá mulher que aborte, nem estéril; o número dos teus dias completarei.",16,True,True,True
23,27,Êxodo 23:27,אֶת־ אֵֽימָתִי֙ אֲשַׁלַּ֣ח לְפָנֶ֔יךָ וְהַמֹּתִי֙ אֶת־ כָּל־ הָעָ֔ם אֲשֶׁ֥ר תָּבֹ֖א בָּהֶ֑ם וְנָתַתִּ֧י אֶת־ כָּל־ אֹיְבֶ֛יךָ אֵלֶ֖יךָ עֹֽרֶף ׃,את אימתי אשלח לפניכ והמתי את כל העמ אשר תבא בהמ ונתתי את כל איביכ אליכ ערפ,18,ית אימתי אשלח קדמך ואיתבר ית כל עמא דאת אתי לאגחא בהון ואמסר ית כל בעלי דבבך קדמך מחזרי קדל:,20,"καὶ τὸν φόβον ἀποστελῶ ἡγούμενόν σου, καὶ ἐκστήσω πάντα τὰ ἔθνη εἰς οὓς σὺ εἰσπορεύῃ εἰς αὐτούς, καὶ δώσω πάντας τοὺς ὑπεναντίους σου φυγάδας.",24,ܘܕܚܠܬܝ ܐܫܕܪ ܩܕܡܝܟ. ܘܐܚܪܘܒ ܠܟܠ ܥܡ̈ܡܐ ܕܬܐܙܠ ܥܠܝܗܘܢ. ܘܐܬܠ ܠܒ̈ܥܠܕܒܒܝܟ ܕܢ̇ܦܢܘܢ ܩܕܠܗܘܢ ܩܕܡܝܟ.,13,"Enviarei o meu terror adiante de ti, pondo em confusão todo povo em cujas terras entrares, e farei que todos os teus inimigos te voltem as costas.",27,True,True,True
23,28,Êxodo 23:28,וְשָׁלַחְתִּ֥י אֶת־ הַצִּרְעָ֖ה לְפָנֶ֑יךָ וְגֵרְשָׁ֗ה אֶת־ הַחִוִּ֧י אֶת־ הַֽכְּנַעֲנִ֛י וְאֶת־ הַחִתִּ֖י מִלְּפָנֶֽיךָ ׃,ושלחתי את הצרעה לפניכ וגרשה את החוי את הכנעני ואת החתי מלפניכ,13,ואשלח ית ערעיתא קדמך ותתרך ית חואי ית כנענאי וית חתאי מן קדמך:,13,"καὶ ἀποστελῶ τὰς σφηκίας προτέρας σου, καὶ ἐκβαλεῖς τοὺς Ἀμορραίους καὶ Εὑαίους καὶ Χαναναίους καὶ τοὺς Χετταίους ἀπὸ σοῦ.",19,ܘܐܫܕܪ ܕܒܘܪ̈ܝܬܐ ܩܕܡܝܟ. ܘܐܚܪܘܒ ܠܟܢ̈ܥܢܝܐ ܘܠܚ̈ܬܝܐ ܡܢ ܩܕܡܝܟ.,8,"Também enviarei na tua frente vespas, que expulsarão de diante de ti os heveus, os cananeus e os heteus.",19,True,True,True
23,29,Êxodo 23:29,לֹ֧א אֲגָרְשֶׁ֛נּוּ מִפָּנֶ֖יךָ בְּשָׁנָ֣ה אֶחָ֑ת פֶּן־ תִּהְיֶ֤ה הָאָ֨רֶץ֙ שְׁמָמָ֔ה וְרַבָּ֥ה עָלֶ֖יךָ חַיַּ֥ת הַשָּׂדֶֽה ׃,לא אגרשנו מפניכ בשנה אחת פנ תהיה הארצ שממה ורבה עליכ חית השדה,14,לא אתרכנון מן קדמך בשתא חדא דילמא תהי ארעא צדיא ותסגי עלך חיות ברא:,14,"οὐκ ἐκβαλῶ αὐτοὺς ἐν ἐνιαυτῷ ἑνί, ἵνα μὴ γένηται ἡ γῆ ἔρημος καὶ πολλὰ γένηται ἐπὶ σὲ τὰ θηρία τῆς γῆς·",21,ܠܐ ܐܚܪܘܒ ܐܢܘܢ ܡܢ ܩܕܡܝܟ. ܒܫܢܬܐ ܚܕܐ. ܕܠܐ ܬܗܘܐ ܐܪܥܐ ܚܪܒܐ. ܘܬܣܓܐ ܥܠܝܟ ܚܝܘܬ ܒܪܐ.,15,"Não os expulsarei num só ano, para que a terra não se torne em deserto, e as feras do campo não se multipliquem contra ti.",25,True,True,True
23,30,Êxodo 23:30,מְעַ֥ט מְעַ֛ט אֲגָרְשֶׁ֖נּוּ מִפָּנֶ֑יךָ עַ֚ד אֲשֶׁ֣ר תִּפְרֶ֔ה וְנָחַלְתָּ֖ אֶת־ הָאָֽרֶץ ׃,מעט מעט אגרשנו מפניכ עד אשר תפרה ונחלת את הארצ,11,זעיר זעיר אתרכנון מן קדמך עד דתסגי ותחסן ית ארעא:,10,"κατὰ μικρὸν ἐκβαλῶ αὐτοὺς ἀπὸ σοῦ, ἕως ἂν αὐξηθῇς καὶ κληρονομήσῃς τὴν γῆν.",13,ܒܩܠܝܠ ܩܠܝܠ ܐܚܪܘܒ ܐܢܘܢ ܡܢ ܩܕܡܝܟ. ܥܕܡܐ ܕܬܬ̣ܩܦ ܘܬܐܪܬ ܐܪܥܐ.,10,"Pouco a pouco os lançarei de diante de ti, até que te multipliques e possuas a terra por herança.",19,True,True,True
23,31,Êxodo 23:31,וְשַׁתִּ֣י אֶת־ גְּבֻלְךָ֗ מִיַּם־ סוּף֙ וְעַד־ יָ֣ם פְּלִשְׁתִּ֔ים וּמִמִּדְבָּ֖ר עַד־ הַנָּהָ֑ר כִּ֣י ׀ אֶתֵּ֣ן בְּיֶדְכֶ֗ם אֵ֚ת יֹשְׁבֵ֣י הָאָ֔רֶץ וְגֵרַשְׁתָּ֖מוֹ מִפָּנֶֽיךָ ׃,ושתי את גבלכ מימ סופ ועד ימ פלשתימ וממדבר עד הנהר כי אתנ בידכמ את ישבי הארצ וגרשתמו מפניכ,21,ואשוי ית תחומך מימא דסוף ועד ימא דפלשתאי וממדברא עד פרת ארי אמסר בידיכון ית יתבי ארעא ותתרכנון מן קדמך:,20,"καὶ θήσω τὰ ὅριά σου ἀπὸ τῆς ἐρυθρᾶς θαλάσσης ἕως τῆς θαλάσσης τῆς Φυλιστιείμ, καὶ ἀπὸ τῆς ἐρήμου ἕως τοῦ μεγάλου ποταμοῦ Εὐφράτου· καὶ παραδώσω εἰς τὰς χεῖρας ὑμῶν τοὺς ἐνκαθημένους ἐν τῇ γῇ, καὶ ἐκβαλῶ αὐτοὺς ἀπὸ σοῦ.",39,ܘܐܥ̇ܒܕ ܬܚܘܡܟ ܡܢ ܝܡܐ ܕܣܘܦ. ܘܥܕܡܐ ܠܝܡܐ ܕܦܠܫ̈ܬܝܐ. ܘܡܢ ܡܕܒܪܐ ܘܥܕܡܐ ܠܢܗܪܐ. ܡܛܠ ܕܡ̇ܫ̣ܠܡ ܐܢܐ ܒܐ̈ܝܕܝܟܘܢ ܝܬ̈ܒܝ ܐܪܥܐ. ܘܬܚܪܒܘܢ ܐܢܘܢ .,21,"E fixarei os teus limites desde o Mar Vermelho até o mar dos filisteus, e desde o deserto até o rio; porque hei de entregar nas tuas mãos os moradores da terra, e tu os expulsarás de diante de ti.",40,True,True,True
23,32,Êxodo 23:32,לֹֽא־ תִכְרֹ֥ת לָהֶ֛ם וְלֵאלֹֽהֵיהֶ֖ם בְּרִֽית ׃,לא תכרת להמ ולאלהיהמ ברית,6,לא תגזר להון ולטעותהון קים:,5,οὐ συνκαταθήσῃ αὐτοῖς καὶ τοῖς θεοῖς αὐτῶν διαθήκην·,8,ܠܐ ܬܩܝܡ ܠܗܘܢ ܘܠܕܚ̈ܠܬܗܘܢ ܩܝ̇ܡܐ.,5,"Não farás pacto algum com eles, nem com os seus deuses.",11,True,True,True
23,33,Êxodo 23:33,לֹ֤א יֵשְׁבוּ֙ בְּאַרְצְךָ֔ פֶּן־ יַחֲטִ֥יאוּ אֹתְךָ֖ לִ֑י כִּ֤י תַעֲבֹד֙ אֶת־ אֱלֹ֣הֵיהֶ֔ם כִּֽי־ יִהְיֶ֥ה לְךָ֖ לְמוֹקֵֽשׁ ׃ פ,לא ישבו בארצכ פנ יחטיאו אתכ לי כי תעבד את אלהיהמ כי יהיה לכ למוקש פ,17,לא יתבון בארעך דילמא יחיבון יתך קדמי ארי תפלח ית טעותהון ארי יהון לך לתקלא:,15,"καὶ οὐκ ἐνκαθήσονται ἐν τῇ γῇ σου, ἵνα μὴ ἁμαρτεῖν σε ποιήσωσιν πρὸς μέ· ἐὰν γὰρ δουλεύσῃς τοῖς θεοῖς αὐτῶν, οὗτοι ἔσονταί σοι πρόσκομμα.",24,ܘܠܐ ܢܬܒܘܢ ܒܐܪܥܟ. ܕܠܡܐ ܢܚܛܘܢܟ ܩܕܡܝ. ܘܠܐ ܬܦܠܘܚ ܠܐ̈ܠܗܝܗܘܢ. ܕܠܐ ܢܗܘܘܢ ܠܟ ܬܘܩܠܬܐ .,14,"Não habitarão na tua terra, para que não te façam pecar contra mim; pois se servires os seus deuses, certamente isso te será um laço.",25,True,True,True
24,1,Êxodo 24:1,וְאֶל־ מֹשֶׁ֨ה אָמַ֜ר עֲלֵ֣ה אֶל־ יְהוָ֗ה אַתָּה֙ וְאַהֲרֹן֙ נָדָ֣ב וַאֲבִיה֔וּא וְשִׁבְעִ֖ים מִזִּקְנֵ֣י יִשְׂרָאֵ֑ל וְהִשְׁתַּחֲוִיתֶ֖ם מֵרָחֹֽק ׃,ואל משה אמר עלה אל יהוה אתה ואהרנ נדב ואביהוא ושבעימ מזקני ישראל והשתחויתמ מרחק,16,ולמשה אמר סק לקדם יי את ואהרן נדב ואביהוא ושבעין מסבי ישראל ותסגדון מרחיק:,14,"Καὶ Μωυσῇ εἶπεν Ἀνάβηθι πρὸς τὸν κύριον σὺ καὶ Ἀαρὼν καὶ Ναδὰβ καὶ Ἀβιοὺδ καὶ ἑβδομήκοντα τῶν πρεσβυτέρων Ἰσραήλ, καὶ προσκυνήσουσιν μακρόθεν τῷ κυρίῳ.",24,ܘܠܡܘܫܐ ܐܡ̣ܪ. ܣܩ ܠܘܬ ܡܪܝܐ ܐܢܬ ܘܐܗܪܘܢ ܘܢܕܒ ܘܐܒܝܗܘ. ܘܫܒܥܝܢ ܓܒܪ̈ܝܢ ܡܢ ܣܒ̈ܐ ܕܐܝܣܪܐܝܠ. ܘܬ̣ܣܓܕܘܢ ܡܢ ܪܘܚܩܐ.,17,"Depois disse Deus a Moisés: Subi ao Senhor, tu e Arão, Nadabe e Abiú, e setenta dos anciãos de Israel, e adorai de longe.",24,True,True,True
24,2,Êxodo 24:2,וְנִגַּ֨שׁ מֹשֶׁ֤ה לְבַדּוֹ֙ אֶל־ יְהוָ֔ה וְהֵ֖ם לֹ֣א יִגָּ֑שׁוּ וְהָעָ֕ם לֹ֥א יַעֲל֖וּ עִמּֽוֹ ׃,ונגש משה לבדו אל יהוה והמ לא יגשו והעמ לא יעלו עמו,13,ויתקרב משה בלחודוהי לקדם יי ואנון לא יתקרבון ועמא לא יסקון עמה:,12,"καὶ ἐγγιεῖ Μωσῆς μόνος πρὸς τὸν θεόν, αὐτοὶ δὲ οὐκ ἐγγιοῦσιν· ὁ δὲ λαὸς οὐ συναναβήσεται μετ᾽ αὐτῶν.",18,ܘܢܩܪܘܒ ܡܘܫܐ ܒܠܚܘܕܘܗܝ ܩܕܡ ܡܪܝܐ. ܘܗ̣ܢܘܢ ܠܐ ܢܩܪܒܘܢ ܘܥܡܐ ܠܐ ܢܣܩܘܢ ܥܡܗ.,12,"Só Moisés se chegará ao Senhor; os, outros não se chegarão; nem o povo subirá com ele.",17,True,True,True
24,3,Êxodo 24:3,וַיָּבֹ֣א מֹשֶׁ֗ה וַיְסַפֵּ֤ר לָעָם֙ אֵ֚ת כָּל־ דִּבְרֵ֣י יְהוָ֔ה וְאֵ֖ת כָּל־ הַמִּשְׁפָּטִ֑ים וַיַּ֨עַן כָּל־ הָעָ֜ם ק֤וֹל אֶחָד֙ וַיֹּ֣אמְר֔וּ כָּל־ הַדְּבָרִ֛ים אֲשֶׁר־ דִּבֶּ֥ר יְהוָ֖ה נַעֲשֶֽׂה ׃,ויבא משה ויספר לעמ את כל דברי יהוה ואת כל המשפטימ ויענ כל העמ קול אחד ויאמרו כל הדברימ אשר דבר יהוה נעשה,24,ואתא משה ואשתעי לעמא ית כל פתגמיא דיי וית כל דיניא ואתיב כל עמא קלא חד ואמרו כל פתגמיא די מליל יי נעבד:,23,εἰσῆλθεν δὲ Μωυσῆς καὶ διηγήσατο τῷ λαῷ πάντα τὰ ῥήματα τοῦ θεοῦ καὶ τὰ δικαιώματα· ἀπεκρίθη δὲ πᾶς ὁ λαὸς φωνῇ μιᾷ λέγοντες Πάντας τοὺς λόγους οὓς ἐλάλησεν Κύριος ποιήσομεν καὶ ἀκουσόμεθα.,32,ܘܐܬܐ ܡܘܫܐ. ܘܐܫܬܥܝ ܠܥܡܐ ܟܠܗܘܢ ܦܬ̈ܓܡܘܗܝ ܕܡܪܝܐ. ܘܟܠܗܘܢ ܕܝܢ̣̈ܐ. ܘܩܥ̣ܐ ܟܠܗ ܥܡܐ ܒܩܠܐ ܚܕ ܘܐܡܪܘ. ܟܠܡܕܡ ܕܐܡ̇ܪ ܡܪܝܐ ܢܥܒܕ.,19,"Veio, pois, Moisés e relatou ao povo todas as palavras do Senhor e todos os estatutos; então todo o povo respondeu a uma voz: Tudo o que o Senhor tem falado faremos.",32,True,True,True
24,4,Êxodo 24:4,וַיִּכְתֹּ֣ב מֹשֶׁ֗ה אֵ֚ת כָּל־ דִּבְרֵ֣י יְהוָ֔ה וַיַּשְׁכֵּ֣ם בַּבֹּ֔קֶר וַיִּ֥בֶן מִזְבֵּ֖חַ תַּ֣חַת הָהָ֑ר וּשְׁתֵּ֤ים עֶשְׂרֵה֙ מַצֵּבָ֔ה לִשְׁנֵ֥ים עָשָׂ֖ר שִׁבְטֵ֥י יִשְׂרָאֵֽל ׃,ויכתב משה את כל דברי יהוה וישכמ בבקר ויבנ מזבח תחת ההר ושתימ עשרה מצבה לשנימ עשר שבטי ישראל,20,וכתב משה ית כל פתגמיא דיי ואקדם בצפרא ובנא מדבחא בשפולי טורא ותרתא עשרי קמן לתרי עסר שבטיא דישראל:,19,καὶ ἔγραψεν Μωυσῆς πάντα τὰ ῥήματα Κυρίου. ὀρθρίσας δὲ Μωυσῆς τὸ πρωὶ ᾠκοδόμησεν θυσιαστήριον ὑπὸ τὸ ὄρος καὶ δώδεκα λίθους εἰς τὰς δώδεκα φυλὰς τοῦ Ἰσραήλ·,26,ܘܟܬ̣ܒ ܡܘܫܐ ܟܠܗܘܢ ܦܬܓܡ̈ܘܗܝ ܕܡܪܝܐ. ܘܩ̇ܕܡ ܒܨܦܪܐ. ܘܒܢ̣ܐ ܡܕܒܚܐ ܒܫ̈ܦܘܠܝ ܛܘܪܐ. ܘܬܪܬܥܣܪ̈ܐ ܩܝ̈ܡܬܐ ܠܬܪܥܣܪ ܫ̈ܒܛܐ ܕܐܝܣܪܝܠ.,16,"Então Moisés escreveu todas as palavras do Senhor e, tendo-se levantado de manhã cedo, edificou um altar ao pé do monte, e doze colunas, segundo as doze tribos de Israel,",30,True,True,True
24,5,Êxodo 24:5,וַיִּשְׁלַ֗ח אֶֽת־ נַעֲרֵי֙ בְּנֵ֣י יִשְׂרָאֵ֔ל וַיַּֽעֲל֖וּ עֹלֹ֑ת וַֽיִּזְבְּח֞וּ זְבָחִ֧ים שְׁלָמִ֛ים לַיהוָ֖ה פָּרִֽים ׃,וישלח את נערי בני ישראל ויעלו עלת ויזבחו זבחימ שלמימ ליהוה פרימ,13,ושלח ית בוכרי בני ישראל ואסיקו עלון וקריבו נכסת קודשין קדם יי תורין:,13,"καὶ ἐξαπέστειλεν τοὺς νεανίσκους τῶν υἱῶν Ἰσραήλ, καὶ ἀνήνεγκαν ὁλοκαυτώματα, καὶ ἔθυσαν θυσίαν σωτηρίου τῷ θεῷ μοσχάρια.",17,ܘܫܕܪ ܠܥܠܝܡ̈ܐ ܕܒܢܝ̈ ܐܝܣܪܝܠ. ܘܐܣܩܘ ܝܩ̈ܕܐ ܫ̈ܠܡܐ ܘܕܒ̇ܚܘ ܕܒܚ̈ܐ ܫ̈ܠܡܐ ܬܘܪ̈ܐ ܠܡܪܝܐ.,12,"e enviou certos mancebos dos filhos de Israel, os quais ofereceram holocaustos, e sacrificaram ao Senhor sacrifícios pacíficos, de bois.",20,True,True,True
24,6,Êxodo 24:6,וַיִּקַּ֤ח מֹשֶׁה֙ חֲצִ֣י הַדָּ֔ם וַיָּ֖שֶׂם בָּאַגָּנֹ֑ת וַחֲצִ֣י הַדָּ֔ם זָרַ֖ק עַל־ הַמִּזְבֵּֽחַ ׃,ויקח משה חצי הדמ וישמ באגנת וחצי הדמ זרק על המזבח,12,ונסיב משה פלגות דמא ושוי במזרקיא ופלגות דמא זרק על מדבחא:,11,λαβὼν δὲ Μωυσῆς τὸ ἥμισυ τοῦ αἵματος ἐνέχεεν εἰς κρατῆρας· τὸ δὲ ἥμισυ τοῦ αἵματος προσέχεεν πρὸς τὸ θυσιαστήριον.,19,ܘܢܣ̣ܒ ܡܘܫܐ ܦܠܓܗ ܕܕܡܐ ܘܐܪܡܝ ܒܠܩܢܐ. ܘܦܠܓܗ ܕܕܡܐ ܐܫ̣ܕ ܥܠ ܡܕܒܚܐ.,11,"E Moisés tomou a metade do sangue, e a pôs em bacias; e a outra metade do sangue espargiu sobre o altar.",22,True,True,True
24,7,Êxodo 24:7,וַיִּקַּח֙ סֵ֣פֶר הַבְּרִ֔ית וַיִּקְרָ֖א בְּאָזְנֵ֣י הָעָ֑ם וַיֹּ֣אמְר֔וּ כֹּ֛ל אֲשֶׁר־ דִּבֶּ֥ר יְהוָ֖ה נַעֲשֶׂ֥ה וְנִשְׁמָֽע ׃,ויקח ספר הברית ויקרא באזני העמ ויאמרו כל אשר דבר יהוה נעשה ונשמע,14,ונסיב ספרא דקימא וקרא קדם עמא ואמרו כל די מליל יי נעבד ונקבל:,13,"καὶ λαβὼν τὸ βιβλίον τῆς διαθήκης ἀνέγνω εἰς τὰ ὦτα τοῦ λαοῦ, καὶ εἶπαν Πάντα ὅσα ἐλάλησεν Κύριος ποιήσομεν καὶ ἀκουσόμεθα.",21,ܘܢܣ̣ܒ ܣܦܪܐ ܕܩܝܡܐ. ܘܩ̣ܪܐ ܩܕܡ ܥܡܐ ܘܐܡܪܘ. ܟܠ ܡܕܡ ܕܐܡ̇ܪ ܡܪܝܐ ܢܫܡܥ ܘܢܥܒܕ.,13,"Também tomou o livro do pacto e o leu perante o povo; e o povo disse: Tudo o que o Senhor tem falado faremos, e obedeceremos.",26,True,True,True
24,8,Êxodo 24:8,וַיִּקַּ֤ח מֹשֶׁה֙ אֶת־ הַדָּ֔ם וַיִּזְרֹ֖ק עַל־ הָעָ֑ם וַיֹּ֗אמֶר הִנֵּ֤ה דַֽם־ הַבְּרִית֙ אֲשֶׁ֨ר כָּרַ֤ת יְהוָה֙ עִמָּכֶ֔ם עַ֥ל כָּל־ הַדְּבָרִ֖ים הָאֵֽלֶּה ׃,ויקח משה את הדמ ויזרק על העמ ויאמר הנה דמ הברית אשר כרת יהוה עמכמ על כל הדברימ האלה,20,ונסיב משה ית דמא וזרק על מדבחא לכפרא על עמא ואמר הא דין דם קימא דגזר יי עמכון על כל פתגמיא האלין:,22,λαβὼν δὲ Μωυσῆς τὸ αἷμα κατεσκέδασεν τοῦ λαοῦ καὶ εἶπεν Ἰδοὺ τὸ αἷμα τῆς διαθήκης ἧς διέθετο Κύριος πρὸς ὑμᾶς περὶ πάντων τῶν λόγων τούτων.,25,ܘܢܣ̣ܒ ܡܘܫܐ ܕܡܐ ܘܪܙܦ ܥܠ ܥܡܐ ܘܐܡ̣ܪ. ܗܢܘ ܕܡܐ ܕܩܝ̇ܡܐ ܕܐܩܝܡ ܡܪܝܐ ܥܡܟܘܢ. ܥܠ ܟܠܗܘܢ ܦܬ̈ܓܡܐ ܗܠܝܢ.,17,"Então tomou Moisés aquele sangue, e espargiu-o sobre o povo e disse: Eis aqui o sangue do pacto que o Senhor tem feito convosco no tocante a todas estas coisas.",30,True,True,True
24,9,Êxodo 24:9,וַיַּ֥עַל מֹשֶׁ֖ה וְאַהֲרֹ֑ן נָדָב֙ וַאֲבִיה֔וּא וְשִׁבְעִ֖ים מִזִּקְנֵ֥י יִשְׂרָאֵֽל ׃,ויעל משה ואהרנ נדב ואביהוא ושבעימ מזקני ישראל,9,וסליק משה ואהרן נדב ואביהוא ושבעין מסבי ישראל,8,"καὶ ἀνέβη Μωυσῆς καὶ Ἀαρὼν καὶ Ναδὰβ καὶ Ἀβιοὺδ καὶ ἑβδομήκοντα τῆς γερουσίας Ἰσραήλ,",14,ܘܣܠ̣ܩ ܡܘܫܐ ܘܐܗܪܘܢ. ܘܢܕܒ ܘܐܒܝܗܘ. ܘܫܒܥܝܢ ܡܢ ܣܒ̈ܐ ܕܐܝܣܪܝܠ.,9,"Então subiram Moisés e Arão, Nadabe e Abiú, e setenta dos anciãos de Israel,",14,True,True,True
24,10,Êxodo 24:10,וַיִּרְא֕וּ אֵ֖ת אֱלֹהֵ֣י יִשְׂרָאֵ֑ל וְתַ֣חַת רַגְלָ֗יו כְּמַעֲשֵׂה֙ לִבְנַ֣ת הַסַּפִּ֔יר וּכְעֶ֥צֶם הַשָּׁמַ֖יִם לָטֹֽהַר ׃,ויראו את אלהי ישראל ותחת רגליו כמעשה לבנת הספיר וכעצמ השמימ לטהר,13,וחזו ית יקר אלהא דישראל ותחות כרסא יקרה כעובד אבן טבא וכמחזי שמיא לברירו:,14,"καὶ εἶδον τὸν τόπον οὗ ἱστήκει ὁ θεὸς τοῦ Ἰσραήλ· καὶ τὰ ὑπὸ τοὺς πόδας αὐτοῦ ὡσεὶ ἔργον πλίνθου σαπφείρου, καὶ ὥσπερ εἶδος στερεώματος τοῦ οὐρανοῦ τῇ καθαριότητι.",28,ܘܚܙܘ ܠܐܠܗܐ ܕܐܝܣܪܝܠ. ܘܬܚܝܬ ܪ̈ܓܠܘܗܝ ܐܝܟ ܥܒ̇ܕܐ ܕܠܒܬܐ ܕܣܦܝܠܐ. ܘܐܝܟ ܟܪܘܡܐ ܕܫܡܝܐ ܒܕܟܝܘܬܐ.,13,"e viram o Deus de Israel, e debaixo de seus pés havia como que uma calçada de pedra de safira, que parecia com o próprio céu na sua pureza.",29,True,True,True
24,11,Êxodo 24:11,וְאֶל־ אֲצִילֵי֙ בְּנֵ֣י יִשְׂרָאֵ֔ל לֹ֥א שָׁלַ֖ח יָד֑וֹ וַֽיֶּחֱזוּ֙ אֶת־ הָ֣אֱלֹהִ֔ים וַיֹּאכְל֖וּ וַיִּשְׁתּֽוּ ׃ ס,ואל אצילי בני ישראל לא שלח ידו ויחזו את האלהימ ויאכלו וישתו ס,14,ולרברבי בני ישראל לא הוה נזקא וחזו ית יקרא דיי והוו חדן בקרבניהון דאתקבלו ברעוא כאלו אכלין ושתן:,18,"καὶ τῶν ἐπιλέκτων τοῦ Ἰσραὴλ οὐ διεφώνησεν οὐδὲ εἷς· καὶ ὤφθησαν ἐν τῷ τόπῳ τοῦ θεοῦ, καὶ ἔφαγον καὶ ἔπιον.",20,ܘܥܠ ܣܒ̈ܐ ܕܒܢ̈ܝ ܐܝܣܪܝܠ. ܠܐ ܐܘܫܒ ܐܝܕܗ. ܘܚܙܘ ܠܐܠܗܐ ܘܐܟܠܘ ܘܐܫܬܝܘ.,11,"Deus, porém, não estendeu a sua mão contra os nobres dos filhos de Israel; eles viram a Deus, e comeram e beberam.",22,True,True,True
24,12,Êxodo 24:12,וַיֹּ֨אמֶר יְהוָ֜ה אֶל־ מֹשֶׁ֗ה עֲלֵ֥ה אֵלַ֛י הָהָ֖רָה וֶהְיֵה־ שָׁ֑ם וְאֶתְּנָ֨ה לְךָ֜ אֶת־ לֻחֹ֣ת הָאֶ֗בֶן וְהַתּוֹרָה֙ וְהַמִּצְוָ֔ה אֲשֶׁ֥ר כָּתַ֖בְתִּי לְהוֹרֹתָֽם ׃,ויאמר יהוה אל משה עלה אלי ההרה והיה שמ ואתנה לכ את לחת האבנ והתורה והמצוה אשר כתבתי להורתמ,20,ואמר יי למשה סק לקדמי לטורא והוי תמן ואתן לך ית לוחי אבנא ואוריתא ותפקדתא דכתבית לאלופיהון:,17,"Καὶ εἶπεν Κύριος πρὸς Μωυσῆν Ἀνάβηθι πρὸς μὲ εἰς τὸ ὄρος καὶ ἴσθι ἐκεῖ· καὶ δώσω σοι τὰ πυξία τὰ λίθινα, τὸν νόμον καὶ τὰς ἐντολὰς ἃς ἔγραψα νομοθετῆσαι αὐτοῖς.",30,ܘܐܡ̣ܪ ܡܪܝܐ ܠܡܘܫܐ. ܣܩ ܠܘܬܝ ܠܛܘܪܐ ܘܗܘܝ ܬܡܢ. ܘܐܬܠ ܠܟ ܠܘܚ̈ܐ ܕܟܐܦܐ. ܘܢܡܘ̈ܣܐ ܘܦܘܩ̈ܕܢܐ ܕܟܬ̇ܒܬ ܠܡܠܦܘ ܐܢܘܢ.,17,"Depois disse o Senhor a Moisés: Sobe a mim ao monte, e espera ali; e dar-te-ei tábuas de pedra, e a lei, e os mandamentos que tenho escrito, para lhos ensinares.",31,True,True,True
24,13,Êxodo 24:13,וַיָּ֣קָם מֹשֶׁ֔ה וִיהוֹשֻׁ֖עַ מְשָׁרְת֑וֹ וַיַּ֥עַל מֹשֶׁ֖ה אֶל־ הַ֥ר הָאֱלֹהִֽים ׃,ויקמ משה ויהושע משרתו ויעל משה אל הר האלהימ,10,וקם משה ויהושע משמשנה וסליק משה לטורא דאתגלי עלוהי יקרא דיי:,11,καὶ ἀναστὰς Μωσῆς καὶ Ἰησοῦς ὁ παρεστηκὼς αὐτῷ ἀνέβησαν εἰς τὸ ὄρος τοῦ θεοῦ·,14,ܘܩܡ ܡܘܫܐ ܘܗܘܫܥ ܡܫܡܫܢܗ. ܘܣܠ̣ܩ ܡܘܫܐ ܠܛܘܪܗ ܕܐܠܗܐ.,8,"E levantando-se Moisés com Josué, seu servidor, subiu ao monte de Deus,",12,True,True,True
24,14,Êxodo 24:14,וְאֶל־ הַזְּקֵנִ֤ים אָמַר֙ שְׁבוּ־ לָ֣נוּ בָזֶ֔ה עַ֥ד אֲשֶׁר־ נָשׁ֖וּב אֲלֵיכֶ֑ם וְהִנֵּ֨ה אַהֲרֹ֤ן וְחוּר֙ עִמָּכֶ֔ם מִי־ בַ֥עַל דְּבָרִ֖ים יִגַּ֥שׁ אֲלֵהֶֽם ׃,ואל הזקנימ אמר שבו לנו בזה עד אשר נשוב אליכמ והנה אהרנ וחור עמכמ מי בעל דברימ יגש אלהמ,20,ולסביא אמר אוריכו לנא הכא עד דנתוב לותכון והא אהרן וחור עמכון מן דאית לה דינא יתקרב לקדמיהון:,18,"καὶ τοῖς πρεσβυτέροις εἶπαν Ἡσυχάζετε αὐτοῦ ἕως ἀναστρέψωμεν πρὸς ὑμᾶς· καὶ ἰδοὺ Ἀαρὼν καὶ Ὣρ μεθ᾽ ὑμῶν· ἐάν τινι συμβῇ κρίσις, προσπορευέσθωσαν αὐτοῖς.",23,ܘܠܣܒ̈ܐ ܐܡ̣ܪ. ܟܬܪܘ ܠܢ ܗܪܟܐ ܥܕܡܐ ܕܢܗܦܘܟ ܠܘܬܟܘܢ. ܘܗܐ ܐܗܪܘܢ ܘܚܘܪ ܥܡܟܘܢ. ܡ̇ܢ ܕܐܝܬ ܠܗ ܡܠܬܐ ܢܬܩ̇ܪܒ ܩܕܡܝܗܘܢ.,18,"tendo dito aos anciãos: Esperai-nos aqui, até que tornemos a vós; eis que Arão e Hur ficam convosco; quem tiver alguma questão, se chegará a eles.",26,True,True,True
24,15,Êxodo 24:15,וַיַּ֥עַל מֹשֶׁ֖ה אֶל־ הָהָ֑ר וַיְכַ֥ס הֶעָנָ֖ן אֶת־ הָהָֽר ׃,ויעל משה אל ההר ויכס העננ את ההר,9,וסלק משה לטורא וחפא עננא ית טורא:,7,"καὶ ἀνέβη Μωυσῆς καὶ Ἰησοῦς εἰς τὸ ὄρος, καὶ ἐκάλυψεν ἡ νεφέλη τὸ ὄρος.",14,ܘܣܠ̣ܩ ܡܘܫܐ ܠܛܘܪܐ ܘܟܣܝܬܗ ܥܢܢܐ .,6,"E tendo Moisés subido ao monte, a nuvem cobriu o monte.",11,True,True,True
24,16,Êxodo 24:16,וַיִּשְׁכֹּ֤ן כְּבוֹד־ יְהוָה֙ עַל־ הַ֣ר סִינַ֔י וַיְכַסֵּ֥הוּ הֶעָנָ֖ן שֵׁ֣שֶׁת יָמִ֑ים וַיִּקְרָ֧א אֶל־ מֹשֶׁ֛ה בַּיּ֥וֹם הַשְּׁבִיעִ֖י מִתּ֥וֹךְ הֶעָנָֽן ׃,וישכנ כבוד יהוה על הר סיני ויכסהו העננ ששת ימימ ויקרא אל משה ביומ השביעי מתוכ העננ,18,ושרא יקרא דיי על טורא דסיני וחפהי עננא שתא יומין וקרא למשה ביומא שביעאה מגו עננא:,16,"καὶ κατέβη ἡ δόξα τοῦ θεοῦ ἐπὶ τὸ ὄρος τὸ Σινά, καὶ ἐκάλυψεν αὐτὸ ἡ νεφέλη ἓξ ἡμέρας· καὶ ἐκάλεσεν Κύριος τὸν Μωυσῆν τῇ ἡμέρᾳ τῇ ἑβδόμῃ ἐκ μέσου τῆς νεφέλης.",31,ܘܫ̣ܪܐ ܫܘܒܚܗ ܕܡܪܝܐ ܥܠ ܛܘܪܐ ܕܣܝܢܝ. ܘܟܣܝܬܗ ܥܢܢܐ ܫܬܐ ܝܘܡ̈ܝܢ. ܘܩ̣ܪܐ ܡܪܝܐ ܠܡܘܫܐ ܒܝܘܡܐ ܫܒܝܥܝܐ ܡܢ ܓܘ ܥܢܢܐ.,18,"Também a glória do Senhor repousou sobre o monte Sinai, e a nuvem o cobriu por seis dias; e ao sétimo dia, do meio da nuvem, Deus chamou a Moisés.",30,True,True,True
24,17,Êxodo 24:17,וּמַרְאֵה֙ כְּב֣וֹד יְהוָ֔ה כְּאֵ֥שׁ אֹכֶ֖לֶת בְּרֹ֣אשׁ הָהָ֑ר לְעֵינֵ֖י בְּנֵ֥י יִשְׂרָאֵֽל ׃,ומראה כבוד יהוה כאש אכלת בראש ההר לעיני בני ישראל,11,וחיזו יקרא דיי כחיזו אשא אכלא בריש טורא לעיני בני ישראל:,11,τὸ δὲ εἶδος τῆς δόξης Κυρίου ὡσεὶ πῦρ φλέγον ἐπὶ τῆς κορυφῆς τοῦ ὄρους ἐναντίον τῶν υἱῶν Ἰσραήλ.,18,ܘܚ̣ܙܐ ܫܘܒܚܗ ܕܡܪܝܐ. ܐܝܟ ܢܘܪܐ ܕܝܩܕܐ ܒܪܫܗ ܕܛܘܪܐ ܠܥܝܢ ܟܠܗܘܢ ܕܒܝܬ ܐܝܣܪܝܠ.,12,"Ora, a aparência da glória do Senhor era como um fogo consumidor no cume do monte, aos olhos dos filhos de Israel.",22,True,True,True
24,18,Êxodo 24:18,וַיָּבֹ֥א מֹשֶׁ֛ה בְּת֥וֹךְ הֶעָנָ֖ן וַיַּ֣עַל אֶל־ הָהָ֑ר וַיְהִ֤י מֹשֶׁה֙ בָּהָ֔ר אַרְבָּעִ֣ים י֔וֹם וְאַרְבָּעִ֖ים לָֽיְלָה ׃ פ,ויבא משה בתוכ העננ ויעל אל ההר ויהי משה בהר ארבעימ יומ וארבעימ לילה פ,16,ועל משה בגו עננא וסליק לטורא והוה משה בטורא ארבעין יממין וארבעין לילון:,13,"Καὶ εἰσῆλθεν Μωυσῆς εἰς τὸ μέσον τῆς νεφέλης καὶ ἀνέβη εἰς τὸ ὄρος, καὶ ἦν ἐκεῖ ἐν τῷ ὄρει τεσσεράκοντα ἡμέρας καὶ τεσσεράκοντα νύκτας.",24,ܘܥܠ ܡܘܫܐ ܒܓܘ ܥܢܢܐ. ܘܣܠ̣ܩ ܠܛܘܪܐ. ܘܗܘ̣ܐ ܡܘܫܐ ܒܛܘܪܐ. ܐܪ̈ܒܥܝܢ ܐܝܡ̈ܡܝܢ ܘܐܪ̈ܒܥܝܢ ܠܝ̈ܠܘܢ.,13,"Moisés, porém, entrou no meio da nuvem, depois que subiu ao monte; e Moisés esteve no monte quarenta dias e quarenta noites.",22,True,True,True
25,1,Êxodo 25:1,וַיְדַבֵּ֥ר יְהוָ֖ה אֶל־ מֹשֶׁ֥ה לֵּאמֹֽר ׃,וידבר יהוה אל משה לאמר,6,ומליל יי עם משה למימר:,5,Καὶ ἐλάλησεν Κύριος πρὸς Μωυσῆν λέγων,6,ܘܡܠܠ ܡܪܝܐ ܥܡ ܡܘܫܐ ܘܐܡ̣ܪ ܠܗ.,6,Então disse o Senhor a Moisés:,6,True,True,True
25,2,Êxodo 25:2,דַּבֵּר֙ אֶל־ בְּנֵ֣י יִשְׂרָאֵ֔ל וְיִקְחוּ־ לִ֖י תְּרוּמָ֑ה מֵאֵ֤ת כָּל־ אִישׁ֙ אֲשֶׁ֣ר יִדְּבֶ֣נּוּ לִבּ֔וֹ תִּקְח֖וּ אֶת־ תְּרוּמָתִֽי ׃,דבר אל בני ישראל ויקחו לי תרומה מאת כל איש אשר ידבנו לבו תקחו את תרומתי,17,מליל עם בני ישראל ויפרשון קדמי אפרשותא מן כל גבר דיתרעיה לביה תסבון ית אפרשותי:,15,"Εἰπὸν τοῖς υἱοῖς Ἰσραήλ, καὶ λάβετε ἀπαρχὰς παρὰ πάντων οἷς ἂν δόξῃ τῇ καρδίᾳ· καὶ λήμψεσθε τὰς ἀπαρχάς μου.",19,ܐܡ̣ܪ ܠܕܒܝܬ ܐܝܣܪܝܠ. ܘܢܦܪܫܘܢ ܠܝ ܦܘܪܫܢܐ ܡܢ ܟܠ ܓܒܪܐ ܕܐܬܚܫܒ ܒܠܒܗ ܬܣܒܘܢ ܦܘܪܫܢܐ.,13,"Fala aos filhos de Israel que me tragam uma oferta alçada; de todo homem cujo coração se mover voluntariamente, dele tomareis a minha oferta alçada.",25,True,True,True
25,3,Êxodo 25:3,וְזֹאת֙ הַתְּרוּמָ֔ה אֲשֶׁ֥ר תִּקְח֖וּ מֵאִתָּ֑ם זָהָ֥ב וָכֶ֖סֶף וּנְחֹֽשֶׁת ׃,וזאת התרומה אשר תקחו מאתמ זהב וכספ ונחשת,9,ודא אפרשותא דתסבון מנהון דהבא וכספא ונחשא:,7,"καὶ αὕτη ἐστὶν ἡ ἀπαρχὴ ἣν λήμψεσθε παρ᾽ αὐτῶν· χρυσίον καὶ ἀργύριον καὶ χαλκόν,",14,ܘܗܢܐ ܦܘܪܫܢܐ ܕܬܣܒܘܢ ܡܢܗܘܢ. ܕܗܒܐ ܘܣܐܡܐ ܘܢܚܫܐ.,7,"E esta é a oferta alçada que tomareis deles: ouro, prata, bronze,",12,True,True,True
25,4,Êxodo 25:4,וּתְכֵ֧לֶת וְאַרְגָּמָ֛ן וְתוֹלַ֥עַת שָׁנִ֖י וְשֵׁ֥שׁ וְעִזִּֽים ׃,ותכלת וארגמנ ותולעת שני ושש ועזימ,7,ותכלא וארגונא וצבע זהורי ובוץ ומעזי:,6,"καὶ ὑάκινθον καὶ πορφύραν καὶ κόκκινον διπλοῦν καὶ βύσσον κεκλωσμένην καὶ τρίχας αἰγίας,",13,ܘܬܟܠܬܐ ܘܐܪܓܘܢܐ. ܘܙܚܘܪܝܬܐ ܘܒܘܨܐ. ܘܣܥܪܐ ܕܥܙ̈ܐ.,6,"estofo azul, púrpura, carmesim, linho fino, pêlos de cabras,",9,True,True,True
25,5,Êxodo 25:5,וְעֹרֹ֨ת אֵילִ֧ם מְאָדָּמִ֛ים וְעֹרֹ֥ת תְּחָשִׁ֖ים וַעֲצֵ֥י שִׁטִּֽים ׃,וערת אילמ מאדמימ וערת תחשימ ועצי שטימ,8,ומשכי דדכרי מסמקי ומשכי ססגונא ואעי שטין:,7,"καὶ δέρματα κριῶν ἠρυθροδανωμένα καὶ δέρματα ὑακίνθινα καὶ ξύλα ἄσηπτα,",10,ܘܡܫ̈ܟܐ ܕܕܟܪ̈ܐ ܕܐܣܦܝܢܝܩܐ ܘܡܫ̈ܟܐ ܕܣܣܓܘܢܐ. ܘܩܝܣ̈ܐ ܕܐܫܟܪܥܐ.,7,"peles de carneiros tintas de vermelho, peles de golfinhos, madeira de acácia,",12,True,True,True
25,6,Êxodo 25:6,שֶׁ֖מֶן לַמָּאֹ֑ר בְּשָׂמִים֙ לְשֶׁ֣מֶן הַמִּשְׁחָ֔ה וְלִקְטֹ֖רֶת הַסַּמִּֽים ׃,שמנ למאר בשמימ לשמנ המשחה ולקטרת הסמימ,8,משחא לאנהרותא בוסמיא למשחא דרבותא ולקטרת בוסמיא:,7,"καὶ λίθους σαρδίου καὶ λίθους εἰς τὴν γλυφὴν, εἰς τὴν ἐπωμίδα καὶ τὸν ποδήρη.",14,ܘܡܫܚܐ ܠܡܢܗܪܘ. ܘܒܣ̈ܡܐ ܠܡܫܚܐ ܕܡܫܝܚܘܬܐ ܘܠܥܛܪܐ ܕܒܣ̈ܡܐ.,7,"azeite para a luz, especiarias para o óleo da unção e para o incenso aromático,",15,True,True,True
25,7,Êxodo 25:7,אַבְנֵי־ שֹׁ֕הַם וְאַבְנֵ֖י מִלֻּאִ֑ים לָאֵפֹ֖ד וְלַחֹֽשֶׁן ׃,אבני שהמ ואבני מלאימ לאפד ולחשנ,7,אבני בורלא ואבני אשלמותא לשקעא באפודא ובחושנא:,7,"καὶ ποιήσεις μοι ἁγίασμα, καὶ ὀφθήσομαι ἐν ὑμῖν·",8,ܘܟܐ̈ܦܐ ܕܒܪܘܠܐ. ܘܟܐ̈ܦܐ ܛܒܬ̈ܐ. ܠܦܕܬܐ ܘܠܦܪܝܣܐ.,6,"pedras de ônix, e pedras de engaste para o éfode e para o peitoral.",14,True,True,True
25,8,Êxodo 25:8,וְעָ֥שׂוּ לִ֖י מִקְדָּ֑שׁ וְשָׁכַנְתִּ֖י בְּתוֹכָֽם ׃,ועשו לי מקדש ושכנתי בתוכמ,6,ויעבדון קדמי מקדשא ואשרי שכנתי ביניהון:,6,"καὶ ποιήσεις μοι κατὰ πάντα ὅσα σοι δεικνύω ἐν τῷ ὄρει, τὸ παράδειγμα τῆς σκηνῆς καὶ τὸ παράδειγμα πάντων τῶν σκευῶν αὐτῆς. οὕτω ποιήσεις.",24,ܘܢܥܒܕܘܢ ܠܝ ܡܩܕܫܐ ܘܐܫܪܐ ܒܝܢܬܗܘܢ.,5,"E me farão um santuário, para que eu habite no meio deles.",12,True,True,True
25,9,Êxodo 25:9,כְּכֹ֗ל אֲשֶׁ֤ר אֲנִי֙ מַרְאֶ֣ה אוֹתְךָ֔ אֵ֚ת תַּבְנִ֣ית הַמִּשְׁכָּ֔ן וְאֵ֖ת תַּבְנִ֣ית כָּל־ כֵּלָ֑יו וְכֵ֖ן תַּעֲשֽׂוּ ׃ ס,ככל אשר אני מראה אותכ את תבנית המשכנ ואת תבנית כל כליו וכנ תעשו ס,16,ככל די אנא מחזי יתך ית דמות משכנא וית דמות כל מנוהי וכן תעבדון:,14,"Καὶ ποιήσεις κιβωτὸν μαρτυρίου ἐκ ξύλων ἀσήπτων, δύο πήχεων καὶ ἡμίσους τὸ μῆκος, καὶ πήχεος καὶ ἡμίσους τὸ πλάτος, καὶ πήχεος καὶ ἡμίσους τὸ ὕψος.",25,ܟܠ ܡܕܡ ܕܡܚܘܐ ܐܢܐ ܠܟ. ܕܡܘܬܐ ܕܡܫܟܢܐ ܘܕܟܠܗܘܢ ܡܐ̈ܢܘܗܝ ܗܟܢܐ ܢܥܒܕܘܢ.,11,"Conforme a tudo o que eu te mostrar para modelo do tabernáculo, e para modelo de todos os seus móveis, assim mesmo o fareis.",24,True,True,True
25,10,Êxodo 25:10,וְעָשׂ֥וּ אֲר֖וֹן עֲצֵ֣י שִׁטִּ֑ים אַמָּתַ֨יִם וָחֵ֜צִי אָרְכּ֗וֹ וְאַמָּ֤ה וָחֵ֨צִי֙ רָחְבּ֔וֹ וְאַמָּ֥ה וָחֵ֖צִי קֹמָתֽוֹ ׃,ועשו ארונ עצי שטימ אמתימ וחצי ארכו ואמה וחצי רחבו ואמה וחצי קמתו,14,ויעבדון ארונא דאעי שטין תרתין אמין ופלגא ארכיה ואמתא ופלגא פתיה ואמתא ופלגא רומיה:,14,"καὶ καταχρυσώσεις αὐτὴν χρυσίῳ καθαρῷ, ἔξωθεν καὶ ἔσωθεν χρυσώσεις αὐτήν· καὶ ποιήσεις αὐτῇ κυμάτια στρεπτὰ χρυσᾶ κύκλῳ.",17,ܘܢܥܒܕܘܢ ܩܒܘܬܐ ܕܩܝܣܐ ܕܐܫܟܪܥܐ. ܬܪ̈ܬܝܢ ܐܡ̈ܝܢ ܘܦ̣ܠܓ ܐܘܪܟܗ̇. ܘܐܡܐ ܘܦܠܓ ܦܬܝܗ̇. ܘܐܡܐ ܘܦ̣ܠܓ ܪܘܡܗ̇.,14,"Também farão uma arca de madeira ,de acácia; o seu comprimento será de dois côvados e meio, e a sua largura de um côvado e meio, e de um côvado e meio a sua altura.",35,True,True,True
25,11,Êxodo 25:11,וְצִפִּיתָ֤ אֹתוֹ֙ זָהָ֣ב טָה֔וֹר מִבַּ֥יִת וּמִח֖וּץ תְּצַפֶּ֑נּוּ וְעָשִׂ֧יתָ עָלָ֛יו זֵ֥ר זָהָ֖ב סָבִֽיב ׃,וצפית אתו זהב טהור מבית ומחוצ תצפנו ועשית עליו זר זהב סביב,13,ותחפי יתיה דהב דכי מגו ומברא תחפניה ותעבד עלוהי זיר דדהב סחור סחור:,13,"καὶ ἐλάσεις αὐτῇ τέσσαρες δακτυλίους χρυσοῦς καὶ ἐπιθήσεις ἐπὶ τὰ τέσσερα κλίτη· δύο δακτυλίους ἐπὶ τὸ κλίτος τὸ ἕν, καὶ δύο δακτυλίους ἐπὶ τὸ κλίτος τὸ δεύτερον.",27,ܘܩܪܘܡܝܗ̇ ܕܗܒܐ ܕܟܝܐ. ܡܢ ܠܒܪ ܘܡܢ ܠܓܘ ܬܩܪܡܝܗ̇. ܘܬܥ̇ܒܕ ܠܗ̇ ܟܠܝܠܐ ܕܕܗܒܐ ܟܕ ܚܕܪܐ.,14,"E cobri-la-ás de ouro puro, por dentro e por fora a cobrirás; e farás sobre ela uma moldura de ouro ao redor;",22,True,True,True
25,12,Êxodo 25:12,וְיָצַ֣קְתָּ לּ֗וֹ אַרְבַּע֙ טַבְּעֹ֣ת זָהָ֔ב וְנָ֣תַתָּ֔ה עַ֖ל אַרְבַּ֣ע פַּעֲמֹתָ֑יו וּשְׁתֵּ֣י טַבָּעֹ֗ת עַל־ צַלְעוֹ֙ הָֽאֶחָ֔ת וּשְׁתֵּי֙ טַבָּעֹ֔ת עַל־ צַלְע֖וֹ הַשֵּׁנִֽית ׃,ויצקת לו ארבע טבעת זהב ונתתה על ארבע פעמתיו ושתי טבעת על צלעו האחת ושתי טבעת על צלעו השנית,20,ותתיך ליה ארבע עזקן דדהב ותתן על ארבע זויתיה ותרתין עזקן על סטריה חד ותרתין עזקן על סטריה תניתא:,19,"ποιήσεις δὲ ἀναφορεῖς ξύλα ἄσηπτα, καὶ καταχρυσώσεις αὐτὰ χρυσίῳ·",9,ܘܬܚܫܘܠ ܠܗ̇ ܐܪ̈ܒܥ ܙܩܙܩ̈ܢ ܕܕܗܒܐ. ܘܬܬܠ ܒܐܪ̈ܒܥ ܙܘܝܬ̈ܗ̇. ܬܪ̈ܬܝܢ ܙܩܙܩ̈ܢ ܒܣܛܪܐ ܚܕ. ܘܬܪ̈ܬܝܢ ܙܩܙܩ̈ܢ ܥܠ ܣܛܪܗ̇ ܐܚܪܢܐ.,17,"e fundirás para ela quatro argolas de ouro, que porás nos quatro cantos dela; duas argolas de um lado e duas do outro.",23,True,True,True
25,13,Êxodo 25:13,וְעָשִׂ֥יתָ בַדֵּ֖י עֲצֵ֣י שִׁטִּ֑ים וְצִפִּיתָ֥ אֹתָ֖ם זָהָֽב ׃,ועשית בדי עצי שטימ וצפית אתמ זהב,8,ותעבד אריחי דאעי שטין ותחפי יתהון דהבא:,7,"καὶ εἰσάξεις τοὺς ἀναφορεῖς εἰς τοὺς δακτυλίους τοὺς ἐν τοῖς κλίτεσι τῆς κιβωτοῦ, αἴρειν τὴν κιβωτὸν ἐν αὐτοῖς·",18,ܘܬܥܒ̇ܕ ܩܘ̈ܦܐ ܕܩܝܣܐ ܕܐܫܟܪܥܐ. ܘܬܩܪܘܡ ܐܢܘܢ ܕܗܒܐ.,7,"Também farás varais de madeira de acácia, que cobrirás de ouro.",11,True,True,True
25,14,Êxodo 25:14,וְהֵֽבֵאתָ֤ אֶת־ הַבַּדִּים֙ בַּטַּבָּעֹ֔ת עַ֖ל צַלְעֹ֣ת הָאָרֹ֑ן לָשֵׂ֥את אֶת־ הָאָרֹ֖ן בָּהֶֽם ׃,והבאת את הבדימ בטבעת על צלעת הארנ לשאת את הארנ בהמ,12,ותעל ית אריחיא בעזקתא על סטרי ארונא למטל ית ארונא בהון:,11,ἐν τοῖς δακτυλίοις τῆς κιβωτοῦ ἔσονται οἱ ἀναφορεῖς ἀκίνητοι.,9,ܘܬ̇ܥܠ ܩܘ̈ܦܐ ܒܙܩ̈ܙܩܬܐ. ܥܠ ܣܛܪ̈ܝܗ̇ ܕܩܒܘܬܐ. ܕܬܫܬܩܠ ܒܗܘܢ ܩܒܘܬܐ.,9,"Meterás os varais nas argolas, aos lados da arca, para se levar por eles a arca.",16,True,True,True
25,15,Êxodo 25:15,בְּטַבְּעֹת֙ הָאָרֹ֔ן יִהְי֖וּ הַבַּדִּ֑ים לֹ֥א יָסֻ֖רוּ מִמֶּֽנּוּ ׃,בטבעת הארנ יהיו הבדימ לא יסרו ממנו,8,בעזקתא דארונא יהון אריחיא לא יעדון מניה:,7,καὶ ἐμβαλεῖς εἰς τὴν κιβωτὸν τὰ μαρτύρια ἃ ἂν δῶ σοι.,11,ܒܙܩ̈ܙܩܬܐ ܕܩܒܘܬܐ ܢܗܘܘܢ ܩܘ̈ܦܐ. ܘܠܐ ܢܥܢܕܘܢ ܡܢܗܝܢ.,7,Os varais permanecerão nas argolas da arca; não serão tirados dela.,11,True,True,True
25,16,Êxodo 25:16,וְנָתַתָּ֖ אֶל־ הָאָרֹ֑ן אֵ֚ת הָעֵדֻ֔ת אֲשֶׁ֥ר אֶתֵּ֖ן אֵלֶֽיךָ ׃,ונתת אל הארנ את העדת אשר אתנ אליכ,9,ותתן בארונא ית סהדותא די אתן לך:,7,"καὶ ποιήσεις ἱλαστήριον ἐπίθεμα χρυσίου καθαροῦ, δύο πήχεων καὶ ἡμίσους τὸ μῆκος, καὶ πήχεος καὶ ἡμίσους τὸ πλάτος.",18,ܘܬܣܝܡ ܒܩܒܘܬܐ ܣܗܕܘܬܐ ܕܐܬܠ ܠܟ .,6,"E porás na arca o testemunho, que eu te darei.",10,True,True,True
25,17,Êxodo 25:17,וְעָשִׂ֥יתָ כַפֹּ֖רֶת זָהָ֣ב טָה֑וֹר אַמָּתַ֤יִם וָחֵ֨צִי֙ אָרְכָּ֔הּ וְאַמָּ֥ה וָחֵ֖צִי רָחְבָּֽהּ ׃,ועשית כפרת זהב טהור אמתימ וחצי ארכה ואמה וחצי רחבה,11,ותעבד כפרתא דדהב דכי תרתין אמין ופלגא ארכה ואמתא ופלגא פתיה:,11,"καὶ ποιήσεις δύο χερουβεὶμ χρυσοτορευτά, καὶ ἐπιθήσεις αὐτὰ ἐξ ἀμφοτέρων τῶν κλιτῶν τοῦ ἱλαστηρίου·",14,ܘܥܒ̇ܕ ܚܘܣܝܐ ܕܕܗܒܐ ܕܟܝܐ. ܬܪ̈ܬܝܢ ܐܡ̈ܝܢ ܘܦ̣ܠܓ ܐܘܪܟܗ. ܘܐܡܐ ܘܦ̣ܠܓ ܦܬܝܗ .,12,"Igualmente farás um propiciatório, de ouro puro; o seu comprimento será de dois côvados e meio, e a sua largura de um côvado e meio.",25,True,True,True
25,18,Êxodo 25:18,וְעָשִׂ֛יתָ שְׁנַ֥יִם כְּרֻבִ֖ים זָהָ֑ב מִקְשָׁה֙ תַּעֲשֶׂ֣ה אֹתָ֔ם מִשְּׁנֵ֖י קְצ֥וֹת הַכַּפֹּֽרֶת ׃,ועשית שנימ כרבימ זהב מקשה תעשה אתמ משני קצות הכפרת,11,ותעבד תרין כרובין דדהב נגיד תעבד יתהון מתרין סטרי כפרתא:,10,ποιηθήσονται χεροὺβ εἷς ἐκ τοῦ κλίτους τούτου καὶ χεροὺβ εἷς ἐκ τοῦ κλίτους τοῦ δευτέρου τοῦ ἱλαστηρίου· καὶ ποιήσεις τοὺς δύο χερουβεὶμ ἐπὶ τὰ δύο κλίτη.,26,ܘܥܒ̇ܕ ܬܪ̈ܝܢ ܟܪ̈ܘܒܐ ܕܕܗܒܐ. ܕܢܣܟܬܐ ܥܒ̇ܕ ܐܢܘܢ ܡܢ ܬܪ̈ܝܢ ܣܛܪ̈ܘܗܝ ܕܚܘܣܝܐ.,11,"Farás também dois querubins de ouro; de ouro batido os farás, nas duas extremidades do propiciatório.",16,True,True,True
25,19,Êxodo 25:19,וַ֠עֲשֵׂה כְּר֨וּב אֶחָ֤ד מִקָּצָה֙ מִזֶּ֔ה וּכְרוּב־ אֶחָ֥ד מִקָּצָ֖ה מִזֶּ֑ה מִן־ הַכַּפֹּ֛רֶת תַּעֲשׂ֥וּ אֶת־ הַכְּרֻבִ֖ים עַל־ שְׁנֵ֥י קְצוֹתָֽיו ׃,ועשה כרוב אחד מקצה מזה וכרוב אחד מקצה מזה מנ הכפרת תעשו את הכרבימ על שני קצותיו,18,ועבד כרובא חד מסטרא מכא וכרובא חד מסטרא מכא מן כפרתא תעבדון ית כרוביא על תרין סטרוהי:,17,"ἔσονται οἱ χερουβεὶμ ἐκτείνοντες τὰς πτέρυγας ἐπάνωθεν, συσκιάζοντες ἐν ταῖς πτέρυξιν αὐτῶν ἐπὶ τοῦ ἱλαστηρίου, καὶ τὰ πρόσωπα αὐτῶν εἰς ἄλληλα· εἰς τὸ ἱλαστήριον ἔσονται τὰ πρόσωπα τῶν χερουβείν.",29,ܘܥܒ̇ܕ ܟܪܘܒܐ ܚܕ ܡܢ ܣܛܪܗ ܡܟܐ. ܘܟܪܘܒܐ ܐܚܪܢܐ ܡܢ ܣܛܪܗ ܐܚܪܢܐ ܕܚܘܣܝܐ. ܬܥ̇ܒܕ ܬܪ̈ܝܢ ܟܪ̈ܘܒܐ ܥܠ ܬܪ̈ܝܢ ܣܛܪ̈ܘܗܝ.,18,Farás um querubim numa extremidade e o outro querubim na outra extremidade; de uma só peça com o propiciatório fareis os querubins nas duas extremidades dele.,26,True,True,True
25,20,Êxodo 25:20,וְהָי֣וּ הַכְּרֻבִים֩ פֹּרְשֵׂ֨י כְנָפַ֜יִם לְמַ֗עְלָה סֹכְכִ֤ים בְּכַנְפֵיהֶם֙ עַל־ הַכַּפֹּ֔רֶת וּפְנֵיהֶ֖ם אִ֣ישׁ אֶל־ אָחִ֑יו אֶל־ הַכַּפֹּ֔רֶת יִהְי֖וּ פְּנֵ֥י הַכְּרֻבִֽים ׃,והיו הכרבימ פרשי כנפימ למעלה סככימ בכנפיהמ על הכפרת ופניהמ איש אל אחיו אל הכפרת יהיו פני הכרבימ,19,ויהון כרוביא פריסן גדפיהון לעלא מטלין בגדפיהון על כפרתא ואפיהון חד לקבל חד לקבל כפרתא יהון אפי כרוביא:,18,"καὶ ἐπιθήσεις τὸ ἱλαστήριον ἐπὶ τὴν κιβωτὸν ἄνωθεν, καὶ εἰς τὴν κιβωτὸν ἐμβαλεῖς τὰ μαρτύρια ἃ ἂν δῶ σοι.",19,ܘܢܗܘܘܢ ܟܪ̈ܘܒܐ ܦܪ̈ܝܣܝܢ ܓܦܝܗ̈ܘܢ ܠܥܠ. ܘܡܟܣܝܢ ܒܟܢ̈ܦܝܗܘܢ ܥܠ ܚܘܣܝܐ. ܘܐ̈ܦܝܗܘܢ ܚܕ ܠܘܩܒܠ ܚܕ. ܠܥܠ ܡܢ ܚܘܣܝܐ ܢܗ̈ܘܝܢ ܐ̈ܦܝ̇ܗܘܢ ܕܟܪ̈ܘܒܐ.,19,"Os querubins estenderão as suas asas por cima do propiciatório, cobrindo-o com as asas, tendo as faces voltadas um para o outro; as faces dos querubins estarão voltadas para o propiciatório.",31,True,True,True
25,21,Êxodo 25:21,וְנָתַתָּ֧ אֶת־ הַכַּפֹּ֛רֶת עַל־ הָאָרֹ֖ן מִלְמָ֑עְלָה וְאֶל־ הָ֣אָרֹ֔ן תִּתֵּן֙ אֶת־ הָ֣עֵדֻ֔ת אֲשֶׁ֥ר אֶתֵּ֖ן אֵלֶֽיךָ ׃,ונתת את הכפרת על הארנ מלמעלה ואל הארנ תתנ את העדת אשר אתנ אליכ,15,ותתן ית כפרתא על ארונא מלעלא ובארונא תתן ית סהדותא די אתן לך:,13,"καὶ γνωσθήσομαί σοι ἐκεῖθεν, καὶ λαλήσω σοι ἄνωθεν τοῦ ἱλαστηρίου ἀνὰ μέσον τῶν δύο χερουβεὶν τῶν ὄντων ἐπὶ τῆς κιβωτοῦ τοῦ μαρτυρίου, καὶ κατὰ πάντα ὅσα ἂν ἐντείλωμαί σοι πρὸς τοὺς υἱοὺς Ἰσραήλ.",33,ܘܬܣܝܡ ܚܘܣܝܐ ܥܠ ܩܒܘܬܐ ܡܢ ܠܥܠ. ܘܬܣܝܡ ܒܩܒܘܬܐ ܣܗܕܘܬܐ ܕܐܬܠ ܠܟ .,12,E porás o propiciatório em cima da arca; e dentro da arca porás o testemunho que eu te darei.,19,True,True,True
25,22,Êxodo 25:22,וְנוֹעַדְתִּ֣י לְךָ֮ שָׁם֒ וְדִבַּרְתִּ֨י אִתְּךָ֜ מֵעַ֣ל הַכַּפֹּ֗רֶת מִבֵּין֙ שְׁנֵ֣י הַכְּרֻבִ֔ים אֲשֶׁ֖ר עַל־ אֲרֹ֣ן הָעֵדֻ֑ת אֵ֣ת כָּל־ אֲשֶׁ֧ר אֲצַוֶּ֛ה אוֹתְךָ֖ אֶל־ בְּנֵ֥י יִשְׂרָאֵֽל ׃ פ,ונועדתי לכ שמ ודברתי אתכ מעל הכפרת מבינ שני הכרבימ אשר על ארנ העדת את כל אשר אצוה אותכ אל בני ישראל פ,24,ואזמן מימרי לך תמן ואמלל עמך מעלוי כפרתא מבין תרין כרוביא די על ארונא דסהדותא ית כל די אפקד יתך לות בני ישראל:,23,"Καὶ ποιήσεις τράπεζαν χρυσῆν χρυσίου καθαροῦ, δύο πήχεων τὸ μῆκος, καὶ πήχεος τὸ εὖρος, καὶ πήχεος καὶ ἡμίσους τὸ ὕψος.",20,ܘܐܬܘܥܕ ܠܟ ܬܡ̇ܢ. ܘܐܡܠܠ ܥܡܟ ܡܢ ܠܥܠ ܡܢ ܚܘܣܝܐ. ܡܢ ܒܝܢܬ ܬܪ̈ܝܢ ܟܪ̈ܘܒܐ ܕܐܝܬ ܠܥܠ ܡܢ ܩܒܘܬܐ ܕܣܗܕܘܬܐ. ܟܠ ܡܕܡ ܕܡܦ̇ܩܕ ܐܢܐ ܠܟ ܥܠ ܒܢ̈ܝ ܐܝܣܪܝܠ.,26,"E ali virei a ti, e de cima do propiciatório, do meio dos dois querubins que estão sobre a arca do testemunho, falarei contigo a respeito de tudo o que eu te ordenar no tocante aos filhos de Israel.",39,True,True,True
25,23,Êxodo 25:23,וְעָשִׂ֥יתָ שֻׁלְחָ֖ן עֲצֵ֣י שִׁטִּ֑ים אַמָּתַ֤יִם אָרְכּוֹ֙ וְאַמָּ֣ה רָחְבּ֔וֹ וְאַמָּ֥ה וָחֵ֖צִי קֹמָתֽוֹ ׃,ועשית שלחנ עצי שטימ אמתימ ארכו ואמה רחבו ואמה וחצי קמתו,12,ותעבד פתורא דאעי שטין תרתין אמין ארכיה ואמתא פתיה ואמתא ופלגא רומיה:,12,καὶ ποιήσεις αὐτῇ στρεπτὰ κυμάτια χρυσᾶ κύκλῳ· καὶ ποιήσεις αὐτῂ στεφάνην παλαιστοῦ κύκλῳ·,13,ܘܥܒ̇ܕ ܦܬܘܪܐ ܕܩܝܣܐ ܕܐܫܟܪܥܐ. ܬܪ̈ܬܝܢ ܐܡ̈ܝܢ ܐܘܪܟܗ. ܘܐܡܐ ܦܬܝܗ. ܘܐܡܐ ܘܦ̣ܠܓ ܪܘܡܗ.,12,"Também farás uma mesa de madeira de acácia; o seu comprimento será de dois côvados, a sua largura de um côvado e a sua altura de um côvado e meio;",30,True,True,True
25,24,Êxodo 25:24,וְצִפִּיתָ֥ אֹת֖וֹ זָהָ֣ב טָה֑וֹר וְעָשִׂ֥יתָ לּ֛וֹ זֵ֥ר זָהָ֖ב סָבִֽיב ׃,וצפית אתו זהב טהור ועשית לו זר זהב סביב,10,ותחפי יתיה דהב דכי ותעבד ליה זיר דדהב סחור סחור:,10,καὶ ποιήσεις στρεπτὸν κυμάτιον τῇ στεφάνῃ κύκλῳ.,7,ܘܩܪܘܡܝܗܝ ܕܗܒܐ ܕܟܝܐ. ܘܥܒ̇ܕ ܠܗ ܟܠܝܠܐ ܕܕܗܒܐ ܟܕ ܚܕܪ.,9,"cobri-la-ás de ouro puro, e lhe farás uma moldura de ouro ao redor.",13,True,True,True
25,25,Êxodo 25:25,וְעָשִׂ֨יתָ לּ֥וֹ מִסְגֶּ֛רֶת טֹ֖פַח סָבִ֑יב וְעָשִׂ֧יתָ זֵר־ זָהָ֛ב לְמִסְגַּרְתּ֖וֹ סָבִֽיב ׃,ועשית לו מסגרת טפח סביב ועשית זר זהב למסגרתו סביב,11,ותעבד ליה גדנפא רומיה פשכא סחור סחור ותעבד זיר דדהב לגדנפיה סחור סחור:,13,"καὶ ποιήσεις τέσσαρες δακτυλίους χρυσοῦς, καὶ ἐπιθήσεις τοὺς τέσσαρες δακτυλίους ἐπὶ τὰ τέσσερα μέρη τῶν ποδῶν αὐτῆς ὑπὸ τὴν στεφάνην·",20,ܘܥܒ̇ܕ ܠܗ ܣܦܬܐ ܕܬܗܘܐ ܪܡܐ ܦܫܟ ܟܕ ܚ̇ܕܪ. ܘܥܒ̇ܕ ܟܠܝܠܐ ܕܕܗܒܐ ܥܠ ܣܦܬܗ ܟܕ ܚܕܪ.,15,"Também lhe farás ao redor uma guarnição de quatro dedos de largura, e ao redor na guarnição farás uma moldura de ouro.",22,True,True,True
25,26,Êxodo 25:26,וְעָשִׂ֣יתָ לּ֔וֹ אַרְבַּ֖ע טַבְּעֹ֣ת זָהָ֑ב וְנָתַתָּ֙ אֶת־ הַטַּבָּעֹ֔ת עַ֚ל אַרְבַּ֣ע הַפֵּאֹ֔ת אֲשֶׁ֖ר לְאַרְבַּ֥ע רַגְלָֽיו ׃,ועשית לו ארבע טבעת זהב ונתת את הטבעת על ארבע הפאת אשר לארבע רגליו,15,ותעבד ליה ארבע עזקן דדהב ותתן ית עזקתא על ארבע זויתא די לארבע רגלוהי:,14,"καὶ ἔσονται οἱ δακτύλιοι εἰς θήκας τοῖς ἀναφορεῦσιν, ὥστε αἴρειν ἐν αὐτοῖς τὴν τράπεζαν.",14,ܘܥܒ̇ܕ ܠܗ ܐܪ̈ܒܥ ܙܩܙܩ̈ܢ ܕܕܗܒܐ. ܘܬܥܒܕ ܙܩܙ̈ܩܬܐ ܐܪ̈ܒܥ ܕܕܗܒܐ . ܥܠ ܐܪ̈ܒܥ ܙܘܝܬ̈ܗ. ܠܥܠ ܡܢ ܐܪ̈ܒܥ ܪ̈ܓܠܘܗܝ.,17,"Também lhe farás quatro argolas de ouro, e porás as argolas nos quatro cantos, que estarão sobre os quatro pés.",20,True,True,True
25,27,Êxodo 25:27,לְעֻמַּת֙ הַמִּסְגֶּ֔רֶת תִּהְיֶ֖יןָ הַטַּבָּעֹ֑ת לְבָתִּ֣ים לְבַדִּ֔ים לָשֵׂ֖את אֶת־ הַשֻּׁלְחָֽן ׃,לעמת המסגרת תהיינ הטבעת לבתימ לבדימ לשאת את השלחנ,10,לקבל גדנפא יהוין עזקתא לאתרא לאריחיא למטל ית פתורא:,9,"καὶ ποιήσεις τοὺς ἀναφορεῖς ἐκ ξύλων ἀσήπτων, καὶ καταχρυσώσεις αὐτοὺς χρυσίῳ καθαρῷ, καὶ ἀρθήσεται ἐν αὐτοῖς ἡ τράπεζα.",18,ܠܘܩܒܠ ܣܦܬܗ ܢܗܘܝܢ ܙܩ̈ܙܩܬܗ. ܐܬܪܐ ܠܩ̈ܘܦܐ ܠܡܫܩܠܗ ܠܦܬܘܪܐ .,9,"Junto da guarnição estarão as argolas, como lugares para os varais, para se levar a mesa.",16,True,True,True
25,28,Êxodo 25:28,וְעָשִׂ֤יתָ אֶת־ הַבַּדִּים֙ עֲצֵ֣י שִׁטִּ֔ים וְצִפִּיתָ֥ אֹתָ֖ם זָהָ֑ב וְנִשָּׂא־ בָ֖ם אֶת־ הַשֻּׁלְחָֽן ׃,ועשית את הבדימ עצי שטימ וצפית אתמ זהב ונשא במ את השלחנ,13,ותעבד ית אריחיא דאעי שטין ותחפי יתהון דהבא ויהון נטלין בהון ית פתורא:,13,"καὶ ποιήσεις τὰ τρυβλία αὐτῆς καὶ τὰς θυίσκας καὶ τὰ σπόνδια καὶ τοὺς κυάθους, οἷς σπείσεις ἐν αὐτοῖς χρυσίου καθαροῦ ποιήσεις αὐτά.",22,ܘܥܒ̇ܕ ܩܘ̈ܦܐ ܕܩܝܣܐ ܕܐܫܟܪܥܐ. ܘܩܪܘܡ ܐܢܘܢ ܕܗܒܐ. ܕܢܗܘܘܢ ܫܩܠܝܢ ܒܗܘܢ ܦܬܘܪܐ.,11,"Farás, pois, estes varais de madeira de acácia, e os cobrirás de ouro; e levar-se-á por eles a mesa.",19,True,True,True
25,29,Êxodo 25:29,וְעָשִׂ֨יתָ קְּעָרֹתָ֜יו וְכַפֹּתָ֗יו וּקְשׂוֹתָיו֙ וּמְנַקִּיֹּתָ֔יו אֲשֶׁ֥ר יֻסַּ֖ךְ בָּהֵ֑ן זָהָ֥ב טָה֖וֹר תַּעֲשֶׂ֥ה אֹתָֽם ׃,ועשית קערתיו וכפתיו וקשותיו ומנקיתיו אשר יסכ בהנ זהב טהור תעשה אתמ,13,ותעבד מגיסוהי ובזכוהי וקסותיה ומכילתיה דיתנסך בהן דהב דכי תעבד יתהון:,11,καὶ ἐπιθήσεις ἐπὶ τὴν τράπεζαν ἄρτους ἐνωπίους ἐναντίον μου διὰ παντός.,11,ܘܥܒ̇ܕ ܦܝ̈ܠܣܐ ܘܟ̈ܦܐ ܘܙܒܘܪ̈ܐ. ܘܡܢܩܝ̈ܬܐ ܕܡ̇ܬܢܩܐ ܒܗܝܢ. ܕܕܗܒܐ ܕܟܝܐ ܬܥܒ̇ܕ ܐܢܝ̈ܢ.,11,"Também farás os seus pratos, as suas colheres, os seus cântaros e as suas tigelas com que serão oferecidas as libações; de ouro puro os farás.",26,True,True,True
25,30,Êxodo 25:30,וְנָתַתָּ֧ עַֽל־ הַשֻּׁלְחָ֛ן לֶ֥חֶם פָּנִ֖ים לְפָנַ֥י תָּמִֽיד ׃ פ,ונתת על השלחנ לחמ פנימ לפני תמיד פ,9,ותתן על פתורא לחם אפיא קדמי תדירא:,7,"Καὶ ποιήσεις λυχνίαν ἐκ χρυσίου καθαροῦ, τορευτὴν ποιήσεις τὴν λυχνίαν· ὁ καυλὸς αὐτῆς καὶ οἱ καλαμίσκοι καὶ οἱ κρατῆρες καὶ οἱ σφαιρωτῆρες καὶ τὰ κρίνα ἐξ αὐτῆς ἔσται.",28,ܘܬܣܝܡ ܥܠ ܦܬܘܪܐ ܠܚܡ ܐ̈ܦܐ ܩܕܡܝ ܐܡܝܢܐܝܬ.,7,E sobre a mesa porás os pães da o proposição perante mim para sempre.,14,True,True,True
25,31,Êxodo 25:31,וְעָשִׂ֥יתָ מְנֹרַ֖ת זָהָ֣ב טָה֑וֹר מִקְשָׁ֞ה תֵּעָשֶׂ֤ה הַמְּנוֹרָה֙ יְרֵכָ֣הּ וְקָנָ֔הּ גְּבִיעֶ֛יהָ כַּפְתֹּרֶ֥יהָ וּפְרָחֶ֖יהָ מִמֶּ֥נָּה יִהְיֽוּ ׃,ועשית מנרת זהב טהור מקשה תעשה המנורה ירכה וקנה גביעיה כפתריה ופרחיה ממנה יהיו,15,ותעבד מנרתא דדהב דכי נגיד תתעבד מנרתא שדה וקנה כלידהא חזורהא ושושנהא מנה יהון:,14,"ἓξ δὲ καλαμίσκοι ἐκπορευόμενοι ἐκ πλαγίων, τρεῖς καλαμίσκοι τῆς λυχνίας ἐκ τοῦ κλίτους αὐτῆς τοῦ ἑνός, καὶ τρεῖς καλαμίσκοι τῆς λυχνίας ἐκ τοῦ κλίτους τοῦ δευτέρου.",26,ܘܥܒ̇ܕ ܡܢܪܬܐ ܕܕܗܒܐ ܕܟܝܐ. ܕܢܣܟܬܐ ܬܥܒ̇ܕܝܗ̇ ܠܡܢܪܬܐ. ܒܣܣ ܕܝܠܗ̇ ܘܩ̈ܢܝܗ̇ ܘܐܣ̈ܩܦܝܗ̇. ܘܚܙܘܪ̈ܝܗ̇ ܘܫܘ̈ܫܢܝܗ̇ ܡܢܗ̇ ܢܗܘܘܢ.,15,"Também farás um candelabro de ouro puro; de ouro batido se fará o candelabro, tanto o seu pedestal como a sua haste; os seus copos, os seus cálices e as suas corolas formarão com ele uma só peça.",38,True,True,True
25,32,Êxodo 25:32,וְשִׁשָּׁ֣ה קָנִ֔ים יֹצְאִ֖ים מִצִּדֶּ֑יהָ שְׁלֹשָׁ֣ה ׀ קְנֵ֣י מְנֹרָ֗ה מִצִּדָּהּ֙ הָאֶחָ֔ד וּשְׁלֹשָׁה֙ קְנֵ֣י מְנֹרָ֔ה מִצִּדָּ֖הּ הַשֵּׁנִֽי ׃,וששה קנימ יצאימ מצדיה שלשה קני מנרה מצדה האחד ושלשה קני מנרה מצדה השני,16,ושתא קנין נפקין מסטרהא תלתא קני מנרתא מסטרה חד ותלתא קני מנרתא מסטרה תנינא:,14,καὶ τρεῖς κρατῆρες ἐκτετυπωμένοι καρυίσκους· ἐν τῷ ἑνὶ καλαμίσκῳ σφαιρωτὴρ καὶ κρίνον· οὕτως τοῖς ἓξ καλαμίσκοις τοῖς ἐκπορευομένοις ἐκ τῆς λυχνίας.,21,ܘܫܬܐ ܩ̈ܢܝܢ ܕܢܦܩܝܢ ܡܢ ܣܛܪ̈ܝܗ̇. ܬܠܬܐ ܩ̈ܢܝܢ ܡܢ ܣܛܪܗ̇ ܚܕ ܕܡܢܪܬܐ. ܘܬܠܬܐ ܩܢ̈ܝܢ ܡܢ ܣܛܪܗ̇ ܐܚܪܢܐ.,16,"E de seus lados sairão seis braços: três de um lado, e três do outro.",15,True,True,True
25,33,Êxodo 25:33,שְׁלֹשָׁ֣ה גְ֠בִעִים מְֽשֻׁקָּדִ֞ים בַּקָּנֶ֣ה הָאֶחָד֮ כַּפְתֹּ֣ר וָפֶרַח֒ וּשְׁלֹשָׁ֣ה גְבִעִ֗ים מְשֻׁקָּדִ֛ים בַּקָּנֶ֥ה הָאֶחָ֖ד כַּפְתֹּ֣ר וָפָ֑רַח כֵּ֚ן לְשֵׁ֣שֶׁת הַקָּנִ֔ים הַיֹּצְאִ֖ים מִן־ הַמְּנֹרָֽה ׃,שלשה גבעימ משקדימ בקנה האחד כפתר ופרח ושלשה גבעימ משקדימ בקנה האחד כפתר ופרח כנ לששת הקנימ היצאימ מנ המנרה,21,תלתא כלידין מצירין בקניא חד חזור ושושן ותלתא כלידין מצירין בקניא חד חזור ושושן כן לשתא קנין דנפקין מן מנרתא:,20,καὶ ἐν τῇ λυχνίᾳ τέσσαρες κρατῆρες ἐκτετυπωμένοι καρυίσκους· ἐν τῷ ἑνὶ καλαμίσκῳ σφαιρωτῆρες καὶ τὰ κρίνα αὐτῆς.,17,ܬܠܬܐ ܐܣ̈ܩܦܝܢ ܩܒܝܥܝܢ ܒܩܢܝܐ ܚܕ ܘܚܙܘܪ̈ܐ ܘܫ̈ܘܫܢܐ. ܘܬܠܬܐ ܐܣܩ̈ܦܝܢ ܩܒܝܥܝܢ ܒܩܢܝܐ ܚܕ ܘܚܙܘܪ̈ܐ ܘܫ̈ܘܫܢܐ. ܗܟܢܐ ܒܫܬܐ ܩܢܝ̈ܢ ܕܢܦܩܝܢ ܡܢܗ̇ ܡܢ ܡܢܪܬܐ.,21,"Em um braço haverá três copos a modo de flores de amêndoa, com cálice e corola; também no outro braço três copos a modo de flores de amêndoa, com cálice e corola; assim se farão os seis braços que saem do candelabro.",42,True,True,True
25,34,Êxodo 25:34,וּבַמְּנֹרָ֖ה אַרְבָּעָ֣ה גְבִעִ֑ים מְשֻׁקָּדִ֔ים כַּפְתֹּרֶ֖יהָ וּפְרָחֶֽיהָ ׃,ובמנרה ארבעה גבעימ משקדימ כפתריה ופרחיה,7,ובמנרתא ארבעא כלידין מצירין חזורהא ושושנהא:,6,"ὁ σφαιρωτὴρ ὑπὸ τοὺς δύο καλαμίσκους ἐξ αὐτῆς, καὶ σφαιρωτὴρ ὑπὸ τοὺς τέσσαρες καλαμίσκους ἐξ αὐτῆς· οὕτως τοῖς ἓξ καλαμίσκοις τοῖς ἐκπορευομένοις ἐκ τῆς λυχνίας.",25,ܘܒܡܢܪܬܐ ܢܗܘܘܢ ܐܪ̈ܒܥܐ ܐܣ̈ܩܦܝܢ. ܘܚܙܘܪ̈ܐ ܘܫ̈ܘܫܢܐ.,6,"Mas na haste central haverá quatro copos a modo de flores de amêndoa, com os seus cálices e as suas corolas,",21,True,True,True
25,35,Êxodo 25:35,וְכַפְתֹּ֡ר תַּחַת֩ שְׁנֵ֨י הַקָּנִ֜ים מִמֶּ֗נָּה וְכַפְתֹּר֙ תַּ֣חַת שְׁנֵ֤י הַקָּנִים֙ מִמֶּ֔נָּה וְכַפְתֹּ֕ר תַּחַת־ שְׁנֵ֥י הַקָּנִ֖ים מִמֶּ֑נָּה לְשֵׁ֨שֶׁת֙ הַקָּנִ֔ים הַיֹּצְאִ֖ים מִן־ הַמְּנֹרָֽה ׃,וכפתר תחת שני הקנימ ממנה וכפתר תחת שני הקנימ ממנה וכפתר תחת שני הקנימ ממנה לששת הקנימ היצאימ מנ המנרה,21,וחזור תחות תרין קנין מנה וחזור תחות תרין קנין מנה וחזור תחות תרין קנין מנה לשתא קנין דנפקין מן מנרתא:,20,καὶ ἐν τῇ λυχνίᾳ τέσσαρες κρατῆρες ἐκτετυπωμένοι καρυίσκους.,8,ܚܙܘܪܐ ܬܚܝܬ ܬܪ̈ܝܢ ܩ̈ܢܝܢ ܕܡܢܗ̇. ܘܚܙܘܪܐ ܬܚܝܬ ܬܪ̈ܝܢ ܩ̈ܢܝܢ ܕܡܢܗ̇ . ܘܚܙܘܪܐ ܬܚܝܬ ܬܪ̈ܝܢ ܩ̈ܢܝܢ ܕܡܢܗ̇ . ܗܟܢܐ ܒܫܬܐ ܩ̈ܢܝܢ ܕܢܦܩܝܢ ܡܢܗ̇ ܡܢ ܡܢܪܬܐ.,24,"e um cálice debaixo de dois braços, formando com a haste uma só peça; outro cálice debaixo de dois outros braços, de uma só peça com a haste; e ainda outro cálice debaixo de dois outros braços, de uma só peça com a haste; assim será para os seis braços que saem do candelabro.",54,True,True,True
25,36,Êxodo 25:36,כַּפְתֹּרֵיהֶ֥ם וּקְנֹתָ֖ם מִמֶּ֣נָּה יִהְי֑וּ כֻּלָּ֛הּ מִקְשָׁ֥ה אַחַ֖ת זָהָ֥ב טָהֽוֹר ׃,כפתריהמ וקנתמ ממנה יהיו כלה מקשה אחת זהב טהור,10,חזוריהון וקניהון מנה יהון כלה נגידא חדא דדהב דכי:,9,οἱ σφαιρωτῆρες καὶ οἱ καλαμίσκοι ἐξ αὐτῆς ἔστωσαν· ὅλη τορευτὴ ἐξ ἑνὸς χρυσίου καθαροῦ.,14,ܘܚܙܘܪ̈ܝܗ̇ ܘܩ̈ܢܝܗ̇ ܡܢܗ̇ ܢܗܘܘܢ. ܟܘܠܗ̇ ܕܢܣܟܬܐ ܚܕܐ ܕܕܗܒܐ ܕܟܝܐ.,9,Os seus cálices e os seus braços formarão uma só peça com a haste; o todo será de obra batida de ouro puro.,23,True,True,True
25,37,Êxodo 25:37,וְעָשִׂ֥יתָ אֶת־ נֵרֹתֶ֖יהָ שִׁבְעָ֑ה וְהֶֽעֱלָה֙ אֶת־ נֵ֣רֹתֶ֔יהָ וְהֵאִ֖יר עַל־ עֵ֥בֶר פָּנֶֽיהָ ׃,ועשית את נרתיה שבעה והעלה את נרתיה והאיר על עבר פניה,12,ותעבד ית בוצינהא שבעא ותדלק ית בוצינהא ויהון מנהרין על קבל אפהא:,12,"καὶ ποιήσεις τοὺς λύχνους αὐτῆς ἑπτά· καὶ ἐπιθήσεις τοὺς λύχνους, καὶ φανοῦσιν ἐκ τοῦ ἑνὸς προσώπου.",16,ܘܥܒ̇ܕ ܫܪ̈ܓܝܗ̇ ܫܒܥܐ. ܘܐܢܗܪ ܫܪ̈ܓܝܗ̇ ܕܢܗܘܘܢ ܡܢܗܪ̈ܝܢ ܠܘܩܒܠ ܐ̈ܦܝܗ̇.,9,"Também lhe farás sete lâmpadas, as quais se acenderão para alumiar defronte dele.",13,True,True,True
25,38,Êxodo 25:38,וּמַלְקָחֶ֥יהָ וּמַחְתֹּתֶ֖יהָ זָהָ֥ב טָהֽוֹר ׃,ומלקחיה ומחתתיה זהב טהור,5,וצביתהא ומחתיתהא דדהב דכי:,4,καὶ τὸν ἐπαρυστῆρα αὐτῆς καὶ τὰ ὑποθέματα αὐτῆς ἐκ χρυσίου καθαροῦ ποιήσεις·,12,ܘܥܒ̇ܕ ܡ̈ܠܩܛܝܗ̇ ܘܡܙܡ̈ܟܝܗ̇ ܕܕܗܒܐ ܕܟܝܐ.,5,Os seus espevitadores e os seus cinzeiros serão de ouro puro.,11,True,True,True
25,39,Êxodo 25:39,כִּכָּ֛ר זָהָ֥ב טָה֖וֹר יַעֲשֶׂ֣ה אֹתָ֑הּ אֵ֥ת כָּל־ הַכֵּלִ֖ים הָאֵֽלֶּה ׃,ככר זהב טהור יעשה אתה את כל הכלימ האלה,10,ככרא דדהב דכי יעבד יתה ית כל מניא האלין:,9,πάντα τὰ σκεύη ταῦτα τάλαντον χρυσίου καθαροῦ.,7,ܡܢ ܟܟܪܐ ܕܕܗܒܐ ܕܟܝܐ ܬܥܒܕܝܗ̇. ܠܗ̇ ܘܠܟܠܗܘܢ ܡܐ̈ܢܐ ܗܠܝܢ.,9,"De um talento de ouro puro se fará o candelabro, com todos estes utensílios.",14,True,True,True
25,40,Êxodo 25:40,וּרְאֵ֖ה וַעֲשֵׂ֑ה בְּתַ֨בְנִיתָ֔ם אֲשֶׁר־ אַתָּ֥ה מָרְאֶ֖ה בָּהָֽר ׃ ס,וראה ועשה בתבניתמ אשר אתה מראה בהר ס,9,וחזי ועביד כדמותהון דאת מתחזי בטורא:,6,ὅρα ποιήσεις κατὰ τὸν τύπον τὸν δεδειγμένον σοι ἐν τῷ ὄρει.,11,ܘܚܙܝ ܘܥܒ̇ܕ ܒܕܡܘܬܐ ܗܝ̇ ܕܡ̇ܚܘܐ ܐܢܐ ܠܟ ܒܛܘܪܐ.,8,"Atenta, pois, que os faças conforme o seu modelo, que te foi mostrado no monte.",15,True,True,True
26,1,Êxodo 26:1,וְאֶת־ הַמִּשְׁכָּ֥ן תַּעֲשֶׂ֖ה עֶ֣שֶׂר יְרִיעֹ֑ת שֵׁ֣שׁ מָשְׁזָ֗ר וּתְכֵ֤לֶת וְאַרְגָּמָן֙ וְתֹלַ֣עַת שָׁנִ֔י כְּרֻבִ֛ים מַעֲשֵׂ֥ה חֹשֵׁ֖ב תַּעֲשֶׂ֥ה אֹתָֽם ׃,ואת המשכנ תעשה עשר יריעת שש משזר ותכלת וארגמנ ותלעת שני כרבימ מעשה חשב תעשה אתמ,17,וית משכנא תעבד עשר יריען דבוץ שזיר ותכלא וארגונא וצבע זהורי צורת כרובין עובד אמן תעבד יתהון:,17,Καὶ τὴν σκηνὴν ποιήσεις δέκα αὐλαίας ἐκ βύσσου κεκλωσμένης καὶ ὑακίνθου καὶ πορφύρας καὶ κοκκίνου κεκλωσμένου· χερουβεὶμ ἐργασίᾳ ὑφάντου ποιήσεις αὐτάς.,21,ܘܠܡܫܟܢܐ ܬܥܒܕ. ܥܣܪ ܝܪ̈ܝܥܢ ܕܒܘܨܐ ܥܙܝܠܐ. ܬܟܠܬܐ ܘܐܪܓܘܢܐ ܘܨܘܒܥܐ ܕܙܚܘܪܝܬܐ. ܟܪܘܒܐ ܥܒ̇ܕܐ ܕܐܘܡܢܐ ܬܥܒ̇ܕ ܐܢ̈ܝܢ.,15,"O tabernáculo farás de dez cortinas de linho fino torcido, e de estofo azul, púrpura, e carmesim; com querubins as farás, obra de artífice.",24,True,True,True
26,2,Êxodo 26:2,אֹ֣רֶךְ ׀ הַיְרִיעָ֣ה הָֽאַחַ֗ת שְׁמֹנֶ֤ה וְעֶשְׂרִים֙ בָּֽאַמָּ֔ה וְרֹ֨חַב֙ אַרְבַּ֣ע בָּאַמָּ֔ה הַיְרִיעָ֖ה הָאֶחָ֑ת מִדָּ֥ה אַחַ֖ת לְכָל־ הַיְרִיעֹֽת ׃,ארכ היריעה האחת שמנה ועשרימ באמה ורחב ארבע באמה היריעה האחת מדה אחת לכל היריעת,17,ארכא דיריעתא חדא עשרין ותמני אמין ופותיא ארבע אמין דיריעתא חדא משחתא חדא לכל יריעתא:,15,"μῆκος τῆς αὐλαίας τῆς μιᾶς ὀκτὼ καὶ εἴκοσι πήχεων, καὶ εὖρος τεσσάρων πήχεων ἡ αὐλαία ἡ μία ἔσται· μέτρον τὸ αὐτὸ ἔσται πάσαις ταῖς αὐλαίαις.",25,ܐܘܪܟܗ̇ ܕܝܪܝܥܬܐ ܚܕܐ ܥܣܪ̈ܝܢ ܘܬܡܢܐ ܐ̈ܡܝܢ. ܘܦܬܝܗ̇ ܐܪ̈ܒܥ ܐ̈ܡܝܢ ܕܝܪܝܥܬܐ ܚܕܐ. ܡܫܘܚܬܐ ܚܕܐ ܠܟܠܗܝܢ ܝܪ̈ܝܥܬܐ.,15,"O comprimento de cada cortina será de vinte e oito côvados, e a largura de quatro côvados; todas as cortinas serão da mesma medida.",24,True,True,True
26,3,Êxodo 26:3,חֲמֵ֣שׁ הַיְרִיעֹ֗ת תִּֽהְיֶ֨יןָ֙ חֹֽבְרֹ֔ת אִשָּׁ֖ה אֶל־ אֲחֹתָ֑הּ וְחָמֵ֤שׁ יְרִיעֹת֙ חֹֽבְרֹ֔ת אִשָּׁ֖ה אֶל־ אֲחֹתָֽהּ ׃,חמש היריעת תהיינ חברת אשה אל אחתה וחמש יריעת חברת אשה אל אחתה,14,חמש יריען יהוין מלפפן חדא עם חדא וחמש יריען מלפפן חדא עם חדא:,13,"πέντε δὲ αὐλαῖαι ἔσονται ἐξ ἀλλήλων ἐχόμεναι ἡ ἑτέρα ἐκ τῆς ἑτέρας, καὶ πέντε αὐλαῖαι ἔσονται συνεχόμεναι ἑτέρα τῇ ἑτέρᾳ.",20,ܚܡܫ ܝܪ̈ܝܥܢ ܢܗ̈ܘܝܢ ܡܕ̈ܒܩܢ ܚܕܐ ܒܚܕܐ. ܘܚܡܫ ܝܪ̈ܝܥܢ ܢܗ̈ܘܝܢ ܡܕܒܩ̈ܢ ܚܕܐ ܒܚܕܐ.,12,"Cinco cortinas serão enlaçadas, cada uma à outra; e as outras cinco serão enlaçadas da mesma maneira.",17,True,True,True
26,4,Êxodo 26:4,וְעָשִׂ֜יתָ לֻֽלְאֹ֣ת תְּכֵ֗לֶת עַ֣ל שְׂפַ֤ת הַיְרִיעָה֙ הָאֶחָ֔ת מִקָּצָ֖ה בַּחֹבָ֑רֶת וְכֵ֤ן תַּעֲשֶׂה֙ בִּשְׂפַ֣ת הַיְרִיעָ֔ה הַקִּ֣יצוֹנָ֔ה בַּמַּחְבֶּ֖רֶת הַשֵּׁנִֽית ׃,ועשית ללאת תכלת על שפת היריעה האחת מקצה בחברת וכנ תעשה בשפת היריעה הקיצונה במחברת השנית,17,ותעבד ענובין דתכלא על שפתא דיריעתא חדא מסטרא בית לופי וכן תעבד בשפתא דיריעתא בסטרא דבית לופי תניתא:,18,καὶ ποιήσεις αὐταῖς ἀγκύλας ὑακινθίνας ἐπὶ τοῦ χείλους τῆς αὐλαίας τῆς μιᾶς ἐκ τοῦ ἑνὸς μέρους τὴν συμβολήν· καὶ οὕτως ποιήσεις ἐπὶ τοῦ χείλους τῆς αὐλαίας τῆς ἐξωτέρας πρὸς τῇ συμβολῇ τῇ δευτέρᾳ.,33,ܘܥܒ̇ܕ ܬܐ̈ܢܬܐ ܕܬܟܠܬܐ ܥܠ ܣܦܬܗ̇ ܕܝܪܝܥܬܐ. ܚܕܐ ܒܣܛܪܗ ܕܕܒܩܐ. ܘܗܟܢܐ ܬܥܒ̇ܕ ܒܣܛܪܗ̇ ܕܝܪܝܥܬܐ ܡܢ ܣܛܪܐ ܕܕܒܩܐ ܐܚܪܢܐ.,17,Farás laçadas de estofo azul na orla da última cortina do primeiro grupo; assim também farás na orla da primeira cortina do segundo grupo;,24,True,True,True
26,5,Êxodo 26:5,חֲמִשִּׁ֣ים לֻֽלָאֹ֗ת תַּעֲשֶׂה֮ בַּיְרִיעָ֣ה הָאֶחָת֒ וַחֲמִשִּׁ֣ים לֻֽלָאֹ֗ת תַּעֲשֶׂה֙ בִּקְצֵ֣ה הַיְרִיעָ֔ה אֲשֶׁ֖ר בַּמַּחְבֶּ֣רֶת הַשֵּׁנִ֑ית מַקְבִּילֹת֙ הַלֻּ֣לָאֹ֔ת אִשָּׁ֖ה אֶל־ אֲחֹתָֽהּ ׃,חמשימ ללאת תעשה ביריעה האחת וחמשימ ללאת תעשה בקצה היריעה אשר במחברת השנית מקבילת הללאת אשה אל אחתה,19,חמשין ענובין תעבד ביריעתא חדא וחמשין ענובין תעבד בסטרא דיריעתא דבית לופי תנינא מכונן ענוביא חדא לקבל חדא:,18,"πεντήκοντα ἀγκύλας ποιήσεις τῇ αὐλαίᾳ τῇ μιᾷ, καὶ πεντήκοντα ἀγκύλας ποιήσεις ἐκ τοῦ μέρους τῆς αὐλαίας κατὰ τὴν συμβολὴν τῆς δευτέρας· ἀντιπρόσωποι ἀντιπίπτουσαι ἀλλήλαις εἰς ἑκάστην.",26,ܚܡܫܝܢ ܬܢܐ̈ܢ ܬܥܒ̇ܕ ܒܣܦܬܗ̇ ܕܝܪܝܥܬܐ ܚܕܐ. ܘܚܡܫܝܢ ܬܢܐ̈ܢ ܬܥܒ̇ܕ. ܒܣܦܬܗ̇ ܐܚܪܬܐ ܕܝܪܝܥܬܐ ܒܕܒܩܐ ܐܚܪܢܐ. ܘܢܗ̈ܘܝܢ ܬܪ̈ܝܨܢ ܬܐ̈ܢܬܐ ܚܕܐ ܠܘܩܒܠ ܚܕܐ.,20,"a saber, cinqüenta laçadas na orla de uma cortina, e cinqüenta laçadas na orla da outra; as laçadas serão contrapostas uma à outra.",23,True,True,True
26,6,Êxodo 26:6,וְעָשִׂ֕יתָ חֲמִשִּׁ֖ים קַרְסֵ֣י זָהָ֑ב וְחִבַּרְתָּ֨ אֶת־ הַיְרִיעֹ֜ת אִשָּׁ֤ה אֶל־ אֲחֹתָהּ֙ בַּקְּרָסִ֔ים וְהָיָ֥ה הַמִּשְׁכָּ֖ן אֶחָֽד ׃ פ,ועשית חמשימ קרסי זהב וחברת את היריעת אשה אל אחתה בקרסימ והיה המשכנ אחד פ,16,ותעבד חמשין פורפין דדהב ותלפף ית יריעתא חדא עם חדא בפורפיא ויהי משכנא חד:,14,"καὶ ποιήσεις κρίκους πεντήκοντα χρυσοῦς, καὶ συνάψεις τὰς αὐλαίας ἑτέραν τῇ ἑτέρα τοῖς κρίκοις· καὶ ἔσται ἡ σκηνὴ μία.",19,ܘܥܒ̇ܕ ܚܡܫܝܢ ܩܘܪ̈ܩܣܐ ܕܕܗܒܐ. ܘܕܒ̇ܩ ܝܪ̈ܝܥܬܐ ܚܕܐ ܒܚܕܐ ܒܩܘܪ̈ܩܣܐ. ܘܢܗܘܐ ܡܫܟܢܐ ܚܕ.,12,"Farás cinqüenta colchetes de ouro, e prenderás com eles as cortinas, uma à outra; assim o tabernáculo virá a ser um todo.",22,True,True,True
26,7,Êxodo 26:7,וְעָשִׂ֨יתָ֙ יְרִיעֹ֣ת עִזִּ֔ים לְאֹ֖הֶל עַל־ הַמִּשְׁכָּ֑ן עַשְׁתֵּי־ עֶשְׂרֵ֥ה יְרִיעֹ֖ת תַּעֲשֶׂ֥ה אֹתָֽם ׃,ועשית יריעת עזימ לאהל על המשכנ עשתי עשרה יריעת תעשה אתמ,12,ותעבד יריען מעזי לפרסא על משכנא חדא עסרי יריען תעבד יתהון:,11,Καὶ ποιήσεις δέρρεις τριχίνας σκέπην ἐπὶ τῆς σκηνῆς· ἕνδεκα δέρρεις ποιήσεις αὐτάς.,12,ܘܥܒ̇ܕ ܝܪ̈ܝܥܬܐ ܕܣܥܪܐ ܠܦܪܣܐ ܕܡܫܟܢܐ . ܚܕܥܣܪܐ ܝܪ̈ܝܥܢ ܬܥܒ̇ܕ ܐ̈ܢܝܢ.,10,Farás também cortinas de pêlos de cabras para servirem de tenda sobre o tabernáculo; onze destas cortinas farás.,18,True,True,True
26,8,Êxodo 26:8,אֹ֣רֶךְ ׀ הַיְרִיעָ֣ה הָֽאַחַ֗ת שְׁלֹשִׁים֙ בָּֽאַמָּ֔ה וְרֹ֨חַב֙ אַרְבַּ֣ע בָּאַמָּ֔ה הַיְרִיעָ֖ה הָאֶחָ֑ת מִדָּ֣ה אַחַ֔ת לְעַשְׁתֵּ֥י עֶשְׂרֵ֖ה יְרִיעֹֽת ׃,ארכ היריעה האחת שלשימ באמה ורחב ארבע באמה היריעה האחת מדה אחת לעשתי עשרה יריעת,17,ארכא דיריעתא חדא תלתין אמין ופותיא ארבע אמין דיריעתא חדא משחתא חדא לחדא עסרי יריען:,15,"τὸ μῆκος τῆς δέρρεως τῆς μιᾶς τριάκοντα πήχεων, καὶ τεσσάρων πήχεων τὸ εὖρος τῆς δέρρεως τῆς μιᾶς· τὸ αὐτὸ μέτρον ἔσται ταῖς ἕνδεκα δέρρεσι.",24,ܐܘܪܟܗ̇ ܕܝܪܝܥܬܐ ܚܕܐ ܡܢܗܝܢ ܬܠܬܝܢ ܐܡ̈ܝܢ. ܘܦܬܝܗ̇ ܐܪ̈ܒܥ ܐܡ̣̈ܝܢ. ܕܝܪܝܥܬܐ ܚܕܐ. ܡܫܘܚܬܐ ܚܕܐ ܠܟܠܗܝܢ ܝܪ̈ܝܥܬܐ ܗܠܝܢ ܚܕܥܣܪܐ.,17,"O comprimento de cada cortina será de trinta côvados, e a largura de cada cortina de quatro côvados; as onze cortinas serão da mesma medida.",25,True,True,True
26,9,Êxodo 26:9,וְחִבַּרְתָּ֞ אֶת־ חֲמֵ֤שׁ הַיְרִיעֹת֙ לְבָ֔ד וְאֶת־ שֵׁ֥שׁ הַיְרִיעֹ֖ת לְבָ֑ד וְכָפַלְתָּ֙ אֶת־ הַיְרִיעָ֣ה הַשִּׁשִּׁ֔ית אֶל־ מ֖וּל פְּנֵ֥י הָאֹֽהֶל ׃,וחברת את חמש היריעת לבד ואת שש היריעת לבד וכפלת את היריעה הששית אל מול פני האהל,18,ותלפף ית חמש יריען לחוד וית שית יריען לחוד ותיעוף ית יריעתא שתיתיתא לקבל אפי משכנא:,16,"καὶ συνάψεις τὰς πέντε δέρρεις ἐπὶ τὸ αὐτό, καὶ τὰς ἓξ δέρρεις ἐπὶ τὸ αὐτό· καὶ ἐπιδιπλώσεις τὴν δέρριν τὴν ἕκτην κατὰ πρόσωπον τῆς σκηνῆς·",25,ܘܕܒܩ ܚܡܫ ܝܪ̈ܝܥܢ ܐܟܚܕܐ. ܘܫܬ ܝܪ̈ܝܥܢ ܐܝܟ ܚܕܐ. ܘܐܥܦ ܝܪܝܥܬܐ ܫܬܝܬܝܬܐ ܠܘܩܒܠ ܐ̈ܦܝ ܡܫܟܢܐ.,14,"E ajuntarás cinco cortinas em um grupo, e as outras seis cortinas em outro grupo; e dobrarás a sexta cortina na frente da tenda.",24,True,True,True
26,10,Êxodo 26:10,וְעָשִׂ֜יתָ חֲמִשִּׁ֣ים לֻֽלָאֹ֗ת עַ֣ל שְׂפַ֤ת הַיְרִיעָה֙ הָֽאֶחָ֔ת הַקִּיצֹנָ֖ה בַּחֹבָ֑רֶת וַחֲמִשִּׁ֣ים לֻֽלָאֹ֗ת עַ֚ל שְׂפַ֣ת הַיְרִיעָ֔ה הַחֹבֶ֖רֶת הַשֵּׁנִֽית ׃,ועשית חמשימ ללאת על שפת היריעה האחת הקיצנה בחברת וחמשימ ללאת על שפת היריעה החברת השנית,17,ותעבד חמשין ענובין על שפתא דיריעתא חדא בסטרא בית לופי וחמשין ענובין על שפתא דיריעתא דבית לופי תניתא:,18,καὶ ποιήσεις ἀγκύλας πεντήκοντα ἐπὶ τοῦ χείλους τῆς δέρρεως τῆς μιᾶς τῆς ἀνὰ μέσον κατὰ συμβολήν· καὶ πεντήκοντα ἀγκύλας ποιήσεις ἐπὶ τοῦ χείλους τῆς δέρρεως τῆς συναπτούσης τῆς δευτέρας.,29,ܘܥܒ̇ܕ ܚܡܫܝܢ ܬܢܐܢ ܥܠ ܣܦܬܗ̇ ܕܝܪܝܥܬܐ ܚܕܐ ܡܢ ܣܛܪܗ ܕܕܒܩܐ. ܘܚܡܫܝܢ ܬܢܐܢ ܥܠ ܣܦܬܗ̇ ܕܝܪܝܥܬܐ ܒܕܒܩܐ ܐܚܪܢܐ.,17,"E farás cinqüenta laçadas na orla da última cortina do primeiro grupo, e outras cinqüenta laçadas na orla da primeira cortina do segundo grupo.",24,True,True,True
26,11,Êxodo 26:11,וְעָשִׂ֛יתָ קַרְסֵ֥י נְחֹ֖שֶׁת חֲמִשִּׁ֑ים וְהֵבֵאתָ֤ אֶת־ הַקְּרָסִים֙ בַּלֻּ֣לָאֹ֔ת וְחִבַּרְתָּ֥ אֶת־ הָאֹ֖הֶל וְהָיָ֥ה אֶחָֽד ׃,ועשית קרסי נחשת חמשימ והבאת את הקרסימ בללאת וחברת את האהל והיה אחד,14,ותעבד פורפין דנחשא חמשין ותעיל ית פורפיא בענוביא ותלפף ית משכנא ויהי חד:,13,"καὶ ποιήσεις κρίκους χαλκοῦς πεντήκοντα, καὶ συνάψεις τοὺς κρίκους ἐκ τῶν ἀγκυλῶν, καὶ συνάψεις τὰς δέρρεις καὶ ἔσται ἕν.",19,ܘܥܒ̇ܕ ܩܘܪ̈ܩܣܐ ܕܢܚܫܐ ܚܡܫܝܢ. ܘܐܥܠ ܩܘܪ̈ܩܣܐ ܒܬܐܢ̈ܬܐ. ܘܕܒܩܝܗܝ ܠܡܫܟܢܐ ܘܢܗܘܐ ܚܕ.,11,"Farás também cinqüenta colchetes de bronze, e meterás os colchetes nas laçadas, e assim ajuntarás a tenda, para que venha a ser um todo.",24,True,True,True
26,12,Êxodo 26:12,וְסֶ֨רַח֙ הָעֹדֵ֔ף בִּירִיעֹ֖ת הָאֹ֑הֶל חֲצִ֤י הַיְרִיעָה֙ הָעֹדֶ֔פֶת תִּסְרַ֕ח עַ֖ל אֲחֹרֵ֥י הַמִּשְׁכָּֽן ׃,וסרח העדפ ביריעת האהל חצי היריעה העדפת תסרח על אחרי המשכנ,12,וסרחא דיתירא ביריעת משכנא פלגות יריעתא דיתירא תסרח על אחרי משכנא:,11,καὶ ὑποθήσεις τὸ πλεονάζον ἐν ταῖς δέρρεσιν τῆς σκηνῆς· ὑποκαλύψεις ὀπίσω τῆς σκηνῆς·,13,ܘܡܕܡ ܕܝܬ̇ܪ ܡܢ ܝܪ̈ܝܥܬܐ ܕܡܫܟܢܐ. ܦܠܓܗ̇ ܕܝܪܝܥܬܐ ܕܝܬ̇ܪ. ܬܪܡܐ ܠܒܣܬܪܗ ܕܡܫܟܢܐ.,11,"E o resto que sobejar das cortinas da tenda, a saber, a meia cortina que sobejar, penderá aos fundos do tabernáculo.",21,True,True,True
26,13,Êxodo 26:13,וְהָאַמָּ֨ה מִזֶּ֜ה וְהָאַמָּ֤ה מִזֶּה֙ בָּעֹדֵ֔ף בְּאֹ֖רֶךְ יְרִיעֹ֣ת הָאֹ֑הֶל יִהְיֶ֨ה סָר֜וּחַ עַל־ צִדֵּ֧י הַמִּשְׁכָּ֛ן מִזֶּ֥ה וּמִזֶּ֖ה לְכַסֹּתֽוֹ ׃,והאמה מזה והאמה מזה בעדפ בארכ יריעת האהל יהיה סרוח על צדי המשכנ מזה ומזה לכסתו,17,ואמתא מכא ואמתא מכא בדיתירא בארכא יריעתא דמשכנא יהי סריח על סטרי משכנא מכא ומכא לכסיותיה:,16,"πῆχυν ἐκ τούτου καὶ πῆχυν ἐκ τούτου, ἐκ τοῦ ὑπερέχοντος τῶν δέρρεων, ἐκ τοῦ μήκους τῶν δέρρεων τῆς σκηνῆς· ἔσται συνκαλύπτον ἐπὶ τὰ πλάγια τῆς σκηνῆς ἔνθεν καὶ ἔνθεν, ἵνα καλύπτῃ.",31,ܘܐܡܬܐ ܡܢ ܚܕ ܓܒܐ. ܘܐܡܬܐ ܡܢ ܓܒܐ ܐܚܪܢܐ. ܕܝܬ̇ܪ ܒܐܘܪܟܐ ܕܝܪ̈ܝܥܬܐ ܕܡܫܟܢܐ. ܢܗܘܐ ܪܡܐ ܥܠ ܣܛܪ̈ܘܗܝ ܕܡܫܟܢܐ. ܡܢ ܗܢܐ ܓܒܐ ܘܡܢ ܗܢܐ ܠܡܟܣܝܘܬܗ.,23,"E o côvado que sobejar de um lado e de outro no comprimento das cortinas da tenda, penderá de um e de outro lado do tabernáculo, para cobri-lo.",28,True,True,True
26,14,Êxodo 26:14,וְעָשִׂ֤יתָ מִכְסֶה֙ לָאֹ֔הֶל עֹרֹ֥ת אֵילִ֖ם מְאָדָּמִ֑ים וּמִכְסֵ֛ה עֹרֹ֥ת תְּחָשִׁ֖ים מִלְמָֽעְלָה ׃ פ,ועשית מכסה לאהל ערת אילמ מאדמימ ומכסה ערת תחשימ מלמעלה פ,12,ותעבד חופאה לפרסא משכי דדכרי מסמקי וחופאה משכי דססגונא מלעלא:,10,"καὶ ποιήσεις κάλυμμα τῇ σκηνῇ δέρματα κριῶν ἠρυθροδανωμένα, καὶ ἐπικαλύμματα δέρματα ὑακίνθινα ἐπάνωθεν.",13,ܘܥܒ̣̇ܕ ܦܪܣܐ ܠܡܫܟܢܐ. ܡܫ̈ܟܐ ܕܕܟܪ̈ܐ ܕܐܣܦܝܢܝܩܐ. ܘܡܫ̈ܟܐ ܕܕܟܪ̈ܐ ܕܣܣܓܘܢܐ ܡܢ ܠܥܠ.,11,"Farás também para a tenda uma coberta de peles de carneiros, tintas de vermelho, e por cima desta uma coberta de peles de golfinhos.",24,True,True,True
26,15,Êxodo 26:15,וְעָשִׂ֥יתָ אֶת־ הַקְּרָשִׁ֖ים לַמִּשְׁכָּ֑ן עֲצֵ֥י שִׁטִּ֖ים עֹמְדִֽים ׃,ועשית את הקרשימ למשכנ עצי שטימ עמדימ,8,ותעבד ית דפיא למשכנא דאעי שטין קימין:,7,Καὶ ποιήσεις στύλους τῇ σκηνῇ ἐκ ξύλων ἀσήπτων·,8,ܘܥܒ̇ܕ ܕܦ̈ܐ ܠܡܫܟܢܐ. ܕܩܝܣܐ ܕܐܫܟܪܥܐ ܩܝ̈ܡܐ.,6,"Farás também as tábuas para o tabernáculo de madeira de acácia, as quais serão colocadas verticalmente.",16,True,True,True
26,16,Êxodo 26:16,עֶ֥שֶׂר אַמּ֖וֹת אֹ֣רֶךְ הַקָּ֑רֶשׁ וְאַמָּה֙ וַחֲצִ֣י הָֽאַמָּ֔ה רֹ֖חַב הַקֶּ֥רֶשׁ הָאֶחָֽד ׃,עשר אמות ארכ הקרש ואמה וחצי האמה רחב הקרש האחד,11,עשר אמין ארכא דדפא ואמתא ופלגות אמתא פותיא דדפא חד:,10,"δέκα πήχεων ποιήσεις τὸν στύλον τὸν ἕνα, καὶ πήχεος ἑνὸς καὶ ἡμίσους τὸ πλάτος τοῦ στύλου τοῦ ἑνός·",18,ܥܣܪ̈ ܐܡ̈ܝܢ ܐܘܪܟܗ ܕܕܦܐ ܚܕ. ܘܐܡܐ ܘܦ̣ܠܓ ܦܬܝܗ ܕܕܦܐ ܚܕ.,10,"O comprimento de cada tábua será de dez côvados, e a sua largura de um côvado e meio.",18,True,True,True
26,17,Êxodo 26:17,שְׁתֵּ֣י יָד֗וֹת לַקֶּ֨רֶשׁ֙ הָאֶחָ֔ד מְשֻׁלָּבֹ֔ת אִשָּׁ֖ה אֶל־ אֲחֹתָ֑הּ כֵּ֣ן תַּעֲשֶׂ֔ה לְכֹ֖ל קַרְשֵׁ֥י הַמִּשְׁכָּֽן ׃,שתי ידות לקרש האחד משלבת אשה אל אחתה כנ תעשה לכל קרשי המשכנ,14,תרתין צירין לדפא חד משלבין חדא לקבל חדא כן תעבד לכל דפי משכנא:,13,"δύο ἀγκωνίσκους τῷ στύλῳ τῷ ἑνί, ἀντιπίπτοντας ἕτερον τῷ ἑτέρῳ· οὕτως ποιήσεις πᾶσι τοῖς στύλοις τῆς σκηνῆς.",17,ܘܬܪ̈ܬܝܢ ܨܝܪ̈ܬܐ ܠܕܦܐ ܚܕ. ܬܪ̈ܝܨܢ ܚܕܐ ܠܘܩܒܠ ܚܕܐ. ܗܟܢܐ ܬܥܒ̇ܕ ܠܟܠܗܘܢ ܕܦܘ̈ܗܝ ܕܡܫܟܢܐ.,13,"Duas couceiras terá cada tábua, unidas uma à outra por travessas; assim farás com todas as tábuas do tabernáculo.",19,True,True,True
26,18,Êxodo 26:18,וְעָשִׂ֥יתָ אֶת־ הַקְּרָשִׁ֖ים לַמִּשְׁכָּ֑ן עֶשְׂרִ֣ים קֶ֔רֶשׁ לִפְאַ֖ת נֶ֥גְבָּה תֵימָֽנָה ׃,ועשית את הקרשימ למשכנ עשרימ קרש לפאת נגבה תימנה,10,ותעבד ית דפיא למשכנא עסרין דפין לרוח עבר דרומא:,9,"καὶ ποιήσεις στύλους τῇ σκηνῇ, κ᾽ στύλους ἐκ τοῦ κλίτους τοῦ πρὸς βορρᾶν.",13,ܘܥܒ̇ܕ ܕܦ̈ܐ ܠܡܫܟܢܐ. ܥܣܪ̈ܝܢ ܕܦܝ̈ܢ ܠܣܛܪܐ ܕܪܘܚܐ ܕܬܝܡܢܐ.,8,"Ao fazeres as tábuas para o tabernáculo, farás vinte delas para o lado meridional.",14,True,True,True
26,19,Êxodo 26:19,וְאַרְבָּעִים֙ אַדְנֵי־ כֶ֔סֶף תַּעֲשֶׂ֕ה תַּ֖חַת עֶשְׂרִ֣ים הַקָּ֑רֶשׁ שְׁנֵ֨י אֲדָנִ֜ים תַּֽחַת־ הַקֶּ֤רֶשׁ הָאֶחָד֙ לִשְׁתֵּ֣י יְדֹתָ֔יו וּשְׁנֵ֧י אֲדָנִ֛ים תַּֽחַת־ הַקֶּ֥רֶשׁ הָאֶחָ֖ד לִשְׁתֵּ֥י יְדֹתָֽיו ׃,וארבעימ אדני כספ תעשה תחת עשרימ הקרש שני אדנימ תחת הקרש האחד לשתי ידתיו ושני אדנימ תחת הקרש האחד לשתי ידתיו,22,וארבעין סמכין דכסף תעבד תחות עסרין דפין תרין סמכין תחות דפא חד לתרין צירוהי ותרין סמכין תחות דפא חד לתרין צירוהי:,21,"καὶ τεσσεράκοντα βάσεις ἀργυρᾶς ποιήσεις τοῖς εἴκοσι στύλοις, δύο βάσεις τῷ στύλῳ τῷ ἑνὶ εἰς ἀμφότερα τὰ μέρη αὐτοῦ.",19,ܘܐܪ̈ܒܥܝܢ ܣܡ̈ܟܐ ܕܣܐܡܐ . ܬܥܒ̇ܕ ܬܚܝܬ ܥܣܪ̈ܝܢ ܕܦܝ̈ܢ. ܬܪ̈ܝܢ ܣܡ̈ܟܝܢ ܬܚܝܬ ܕܦܐ ܚܕ ܠܬܪ̈ܬܝܢ ܨܝܪ̈ܬܗ. ܘܬܪ̈ܝܢ ܣܡ̈ܟܝܢ ܬܚܝܬ ܕܦܐ ܐܚܪܢܐ. ܠܬܪ̈ܬܝܢ ܨܝܪ̈ܬܗ.,22,"Farás também quarenta bases de prata debaixo das vinte tábuas; duas bases debaixo de uma tábua, para as suas duas couceiras, e duas bases debaixo de outra, para as duas couceiras dela.",32,True,True,True
26,20,Êxodo 26:20,וּלְצֶ֧לַע הַמִּשְׁכָּ֛ן הַשֵּׁנִ֖ית לִפְאַ֣ת צָפ֑וֹן עֶשְׂרִ֖ים קָֽרֶשׁ ׃,ולצלע המשכנ השנית לפאת צפונ עשרימ קרש,8,ולסטר משכנא תניתא לרוח צפונא עסרין דפין:,7,καὶ τὸ κλίτος τὸ δεύτερον τὸ πρὸς νότον εἴκοσι στύλους·,10,ܘܠܣܛܪܐ ܐܚܪܢܐ ܕܡܫܟܢܐ ܡܢ ܪܘܚܐ ܕܓܪܒܝܐ ܥܣܪ̈ܝܢ ܕܦܝ̈ܢ.,8,"Também para o outro lado do tabernáculo, o que dá para o norte, farás vinte tábuas,",16,True,True,True
26,21,Êxodo 26:21,וְאַרְבָּעִ֥ים אַדְנֵיהֶ֖ם כָּ֑סֶף שְׁנֵ֣י אֲדָנִ֗ים תַּ֚חַת הַקֶּ֣רֶשׁ הָֽאֶחָ֔ד וּשְׁנֵ֣י אֲדָנִ֔ים תַּ֖חַת הַקֶּ֥רֶשׁ הָאֶחָֽד ׃,וארבעימ אדניהמ כספ שני אדנימ תחת הקרש האחד ושני אדנימ תחת הקרש האחד,14,וארבעין סמכיהון דכסף תרין סמכין תחות דפא חד ותרין סמכין תחות דפא חד:,13,"καὶ τεσσεράκοντα βάσεις αὐτῶν ἀργυρᾶς, δύο βάσεις τῷ στύλῳ τῷ ἑνὶ εἰς ἀμφότερα τὰ μέρη αὐτοῦ.",16,ܘܐܪ̈ܒܥܝܢ ܣܡ̈ܟܝܢ ܕܣܐܡܐ ܬܪ̈ܝܢ ܣܡ̈ܟܝܢ ܬܚܝܬ ܕܦܐ ܚܕ. ܘܬܪ̈ܝܢ ܣܡ̈ܟܝܢ ܬܚܝܬ ܕܦܐ ܐܚܪܢܐ.,13,com as suas quarenta bases de prata; duas bases debaixo de uma tábua e duas debaixo de outra.,18,True,True,True
26,22,Êxodo 26:22,וּֽלְיַרְכְּתֵ֥י הַמִּשְׁכָּ֖ן יָ֑מָּה תַּעֲשֶׂ֖ה שִׁשָּׁ֥ה קְרָשִֽׁים ׃,ולירכתי המשכנ ימה תעשה ששה קרשימ,7,ולסיפי משכנא מערבא תעבד שתא דפין:,6,καὶ ἐκ τῶν ὀπίσω τῆς σκηνῆς κατὰ τὸ μέρος τὸ πρὸς θάλασσαν ποιήσεις ἓξ στύλους.,15,ܘܡܢ ܫ̈ܦܘܠܘܗܝ ܕܡܫܟܢܐ ܡܢ ܡܥܪܒܐ. ܥܒ̇ܕ ܫܬܐ ܕܦܝ̈ܢ.,8,"E para o lado posterior do tabernáculo, o que dá para o ocidente, farás seis tábuas.",16,True,True,True
26,23,Êxodo 26:23,וּשְׁנֵ֤י קְרָשִׁים֙ תַּעֲשֶׂ֔ה לִמְקֻצְעֹ֖ת הַמִּשְׁכָּ֑ן בַּיַּרְכָתָֽיִם ׃,ושני קרשימ תעשה למקצעת המשכנ בירכתימ,7,ותרין דפין תעבד לזוית משכנא בסופיהון:,6,"καὶ δύο στύλους ποιήσεις ἐπὶ τῶν γωνιῶν τῆς σκηνῆς ἐκ τῶν ὀπισθίων,",12,ܘܬܪ̈ܝܢ ܕܦܝ̈ܢ ܬܥܒ̇ܕ ܠܙܘܝܬܐ ܕܡܫܟܢܐ. ܡܢ ܫ̈ܦܘܠܝܗܘܢ.,7,Farás também duas tábuas para os cantos do tabernáculo no lado posterior.,12,True,True,True
26,24,Êxodo 26:24,וְיִֽהְי֣וּ תֹֽאֲמִים֮ מִלְּמַטָּה֒ וְיַחְדָּ֗ו יִהְי֤וּ תַמִּים֙ עַל־ רֹאשׁ֔וֹ אֶל־ הַטַּבַּ֖עַת הָאֶחָ֑ת כֵּ֚ן יִהְיֶ֣ה לִשְׁנֵיהֶ֔ם לִשְׁנֵ֥י הַמִּקְצֹעֹ֖ת יִהְיֽוּ ׃,ויהיו תאמימ מלמטה ויחדו יהיו תמימ על ראשו אל הטבעת האחת כנ יהיה לשניהמ לשני המקצעת יהיו,18,ויהון מכונין מלרע וכחדא יהון מכונין על רישיה לעזקתא חדא כן יהי לתרויהון לתרין זוין יהון:,16,"καὶ ἔσται ἐξ ἴσου κάτωθεν· κατὰ τὸ αὐτὸ ἔσονται ἴσοι ἐκ τῶν κεφαλῶν εἰς σύμβλησιν μίαν· οὕτως ποιήσεις ἀμφοτέραις, ταῖς δυσὶν γωνίαις ἔστωσαν.",23,ܕܢܗܘܘܢ ܫ̈ܘܝܢ ܡܢ ܠܬܚܬ. ܘܐܟܚܕܐ ܢܗܘܘܢ ܓܦ̈ܝܢ ܥܠ ܪܫܗ̇ ܥܠ ܙܩܙܩܬܐ ܚܕܐ. ܗܟܢܐ ܠܬܪ̈ܝܗܘܢ ܣܡ̈ܟܐ ܠܬܪ̈ܬܝܢ ܙܘܝܬ̈ܐ ܢܗܘܘܢ .,19,"Por baixo serão duplas, do mesmo modo se estendendo inteiras até a primeira argola em cima; assim se fará com as duas tábuas; elas serão para os dois cantos.",29,True,True,True
26,25,Êxodo 26:25,וְהָיוּ֙ שְׁמֹנָ֣ה קְרָשִׁ֔ים וְאַדְנֵיהֶ֣ם כֶּ֔סֶף שִׁשָּׁ֥ה עָשָׂ֖ר אֲדָנִ֑ים שְׁנֵ֣י אֲדָנִ֗ים תַּ֚חַת הַקֶּ֣רֶשׁ הָאֶחָ֔ד וּשְׁנֵ֣י אֲדָנִ֔ים תַּ֖חַת הַקֶּ֥רֶשׁ הָאֶחָֽד ׃,והיו שמנה קרשימ ואדניהמ כספ ששה עשר אדנימ שני אדנימ תחת הקרש האחד ושני אדנימ תחת הקרש האחד,19,ויהון תמניא דפין וסמכיהון דכסף שתא עשר סמכין תרין סמכין תחות דפא חד ותרין סמכין תחות דפא חד:,18,"καὶ ἔσονται ὀκτὼ στύλοι, καὶ αἱ βάσεις αὐτῶν ἀργυραῖ δέκα ἕξ· δύο βάσεις τῷ ἑνὶ στύλῳ εἰς ἀμφότερα τὰ μέρη αὐτοῦ, καὶ δύο βάσεις τῷ στύλῳ τῷ ἑνί.",28,ܘܢܗܘܘܢ ܬܡܢܝܐ ܕܦܝ̈ܢ. ܘܣܡܟ̈ܝܗܘܢ ܕܣܐܡܐ ܫܬܬܥܣܪ̈ ܬܪ̈ܝܢ ܣܡ̈ܟܝܢ ܬܚܝܬ ܕܦܐ ܚܕ. ܘܬܪ̈ܝܢ ܣܡ̈ܟܝܢ ܬܚܝܬ ܕܦܐ ܐܚܪܢܐ.,16,Haverá oito tábuas com as suas dezesseis bases de prata: duas bases debaixo de uma tábua e duas debaixo de outra.,21,True,True,True
26,26,Êxodo 26:26,וְעָשִׂ֥יתָ בְרִיחִ֖ם עֲצֵ֣י שִׁטִּ֑ים חֲמִשָּׁ֕ה לְקַרְשֵׁ֥י צֶֽלַע־ הַמִּשְׁכָּ֖ן הָאֶחָֽד ׃,ועשית בריחמ עצי שטימ חמשה לקרשי צלע המשכנ האחד,10,ותעבד עברי דאעי שטין חמשא לדפי סטר משכנא חד:,9,"καὶ ποιήσεις μοχλοὺς ἐκ ξύλων ἀσήπτων πέντε τῷ ἑνὶ στύλῳ ἐκ τοῦ ἑνὸς μέρους τῆς σκηνῆς,",16,ܘܥܒ̇ܕ ܡܘ̈ܟܠܐ ܕܩܝܣܐ ܕܐܫܟܪܥܐ ܚܡܫܐ ܠܕܦ̈ܐ ܕܣܛܪܗ ܚܕ ܕܡܫܟܢܐ.,9,"Farás também travessões de madeira de acácia; cinco para as tábuas de um lado do tabernáculo,",16,True,True,True
26,27,Êxodo 26:27,וַחֲמִשָּׁ֣ה בְרִיחִ֔ם לְקַרְשֵׁ֥י צֶֽלַע־ הַמִּשְׁכָּ֖ן הַשֵּׁנִ֑ית וַחֲמִשָּׁ֣ה בְרִיחִ֗ם לְקַרְשֵׁי֙ צֶ֣לַע הַמִּשְׁכָּ֔ן לַיַּרְכָתַ֖יִם יָֽמָּה ׃,וחמשה בריחמ לקרשי צלע המשכנ השנית וחמשה בריחמ לקרשי צלע המשכנ לירכתימ ימה,14,וחמשא עברין לדפי סטר משכנא תניתא וחמשא עברין לדפי סטר משכנא לסופיהון מערבא:,13,"καὶ πέντε μοχλοὺς τῷ στύλῳ τῷ ἑνὶ κλίτει τῆς σκηνῆς τῷ δευτέρῳ, καὶ πέντε μοχλοὺς τῷ στύλῳ τῷ ὀπισθίῳ τῷ κλίτει τῆς σκηνῆς τῷ πρὸς θάλασσαν·",26,ܘܚܡܫܐ ܡܘ̈ܟܠܝܢ ܠܕܦܘ̈ܗܝ ܕܣܛܪܐ ܐܚܪܢܐ ܕܡܫܟܢܐ . ܘܚܡܫܐ ܡܘ̈ܟܠܝܢ ܠܕܦܘ̈ܗܝ ܕܣܛܪܐ ܐܚܪܢܐ ܡܢ ܫ̈ܦܘܠܘܗܝ ܕܡܫܟܢܐ ܡܢ ܡܥܪܒܐ.,17,"e cinco para as tábuas do outro lado do tabernáculo, bem como o azeite para a luz, especiarias para o óleo da unção e para o para o ocidente.",29,True,True,True
26,28,Êxodo 26:28,וְהַבְּרִ֥יחַ הַתִּיכֹ֖ן בְּת֣וֹךְ הַקְּרָשִׁ֑ים מַבְרִ֕חַ מִן־ הַקָּצֶ֖ה אֶל־ הַקָּצֶֽה ׃,והבריח התיכנ בתוכ הקרשימ מברח מנ הקצה אל הקצה,10,ועברא מציעאה בגו דפיא מעבר מן סיפי לסיפי:,8,καὶ ὁ μοχλὸς ὁ μέσος ἀνὰ μέσον τῶν στύλων διικνείσθω ἀπὸ τοῦ ἑνὸς κλίτους εἰς τὸ ἕτερον κλίτος.,18,ܘܡܘܟܠܐ ܡܨܥܝܐ ܒܓܘ ܕܦ̈ܐ ܡܥ̣ܒܪ. ܡܢ ܗܢܐ ܓܒܐ ܠܗܢܐ.,9,"O travessão central passará ao meio das tábuas, de uma extremidade à outra.",13,True,True,True
26,29,Êxodo 26:29,וְֽאֶת־ הַקְּרָשִׁ֞ים תְּצַפֶּ֣ה זָהָ֗ב וְאֶת־ טַבְּעֹֽתֵיהֶם֙ תַּעֲשֶׂ֣ה זָהָ֔ב בָּתִּ֖ים לַבְּרִיחִ֑ם וְצִפִּיתָ֥ אֶת־ הַבְּרִיחִ֖ם זָהָֽב ׃,ואת הקרשימ תצפה זהב ואת טבעתיהמ תעשה זהב בתימ לבריחמ וצפית את הבריחמ זהב,15,וית דפיא תחפי דהבא וית עזקתהון תעבד דהבא אתרא לעבריא ותחפי ית עבריא דהבא:,14,"καὶ τοὺς στύλους καταχρυσώσεις χρυσίῳ, καὶ τοὺς δακτυλίους ποιήσεις χρυσοῦς εἰς οὓς εἰσάξεις τοὺς μοχλούς, καὶ καταχρυσώσεις τοὺς μοχλοὺς χρυσίῳ.",20,ܘܕ̈ܦܐ ܩܪܘܡ ܕܗܒܐ ܘܙܩ̈ܙܩܬܐ ܥܒ̇ܕ ܕܕܗܒܐ. ܕܘܟܬܐ ܠܡ̈ܘܟܠܐ. ܘܩܪܘܡ ܠܡ̈ܘܟܠܐ ܕܗܒܐ.,11,"E cobrirás de ouro as tábuas, e de ouro farás as suas argolas, como lugares para os travessões; também os travessões cobrirás de ouro.",24,True,True,True
26,30,Êxodo 26:30,וַהֲקֵמֹתָ֖ אֶת־ הַמִּשְׁכָּ֑ן כְּמִ֨שְׁפָּט֔וֹ אֲשֶׁ֥ר הָרְאֵ֖יתָ בָּהָֽר ׃ ס,והקמת את המשכנ כמשפטו אשר הראית בהר ס,9,ותקים ית משכנא כהלכתיה די אתחזיתא בטורא:,7,καὶ ἀναστήσεις τὴν σκηνὴν κατὰ τὸ εἶδος τὸ δεδειγμένον σοι ἐν τῷ ὄρει.,13,ܘܐܩܝܡܝܗܝ ܠܡܫܟܢܐ ܒܙܕܩܗ. ܐܝܟ ܕܚܘܝܬܟ ܒܛܘܪܐ.,6,Então levantarás o tabernáculo conforme o modelo que te foi mostrado no monte.,13,True,True,True
26,31,Êxodo 26:31,וְעָשִׂ֣יתָ פָרֹ֗כֶת תְּכֵ֧לֶת וְאַרְגָּמָ֛ן וְתוֹלַ֥עַת שָׁנִ֖י וְשֵׁ֣שׁ מָשְׁזָ֑ר מַעֲשֵׂ֥ה חֹשֵׁ֛ב יַעֲשֶׂ֥ה אֹתָ֖הּ כְּרֻבִֽים ׃,ועשית פרכת תכלת וארגמנ ותולעת שני ושש משזר מעשה חשב יעשה אתה כרבימ,14,ותעבד פרכתא תכלא ואגונא וצבע זהורי ובוץ שזיר עובד אמן יעבד יתה צורת כרובין:,14,Καὶ ποιήσεις καταπέτασμα ἐξ ὑακίνθου καὶ πορφύρας καὶ κοκκίνου κεκλωσμένου καὶ βύσσου νενησμένης· ἔργον ὑφαντὸν ποιήσεις αὐτὸ χερουβείμ.,18,ܘܥܒ̇ܕ ܦܪܣܐ ܕܬܟܠܬܐ . ܘܐܪܓܘܢܐ ܘܨܘܒܥܐ ܕܙܚܘܪܝܬܐ. ܘܒܘܨܐ ܥܙܝܠܐ. ܥܒ̇ܕܐ ܕܐܘܡܢܐ ܥܒܕܝܗܝ ܟܪܘܒܐ.,13,"Farás também um véu de azul, púrpura, carmesim, e linho fino torcido; com querubins, obra de artífice, se fará;",19,True,True,True
26,32,Êxodo 26:32,וְנָתַתָּ֣ה אֹתָ֗הּ עַל־ אַרְבָּעָה֙ עַמּוּדֵ֣י שִׁטִּ֔ים מְצֻפִּ֣ים זָהָ֔ב וָוֵיהֶ֖ם זָהָ֑ב עַל־ אַרְבָּעָ֖ה אַדְנֵי־ כָֽסֶף ׃,ונתתה אתה על ארבעה עמודי שטימ מצפימ זהב וויהמ זהב על ארבעה אדני כספ,15,ותתן יתה על ארבעא עמודי שטין מחפין דהבא וויהון דהבא על ארבעא סמכי דכסף:,14,"καὶ ἐπιθήσεις αὐτὸ ἐπὶ τεσσάρων στύλων ἀσήπτων κεχρυσωμένων χρυσίῳ· καὶ αἱ κεφαλίδες αὐτῶν χρυσαῖ, καὶ αἱ βάσεις αὐτῶν τέσσαρες ἀργυραῖ.",20,ܘܣܝܡܝܗܝ ܥܠ ܐܪ̈ܒܥܐ ܥܡ̈ܘܕܐ ܕܐܫܟܪܥܐ. ܕܩܪ̈ܝܡܝܢ ܕܗܒܐ. ܘܩ̈ܘܒܥܝܗܘܢ ܕܕܗܒܐ ܥܠ ܐܪ̈ܒܥܐ ܣܡ̈ܟܐ ܕܣܐܡܐ .,14,"e o suspenderás sobre quatro colunas de madeira de acácia, cobertas de ouro; seus colchetes serão de ouro, sobre quatro bases de prata.",23,True,True,True
26,33,Êxodo 26:33,וְנָתַתָּ֣ה אֶת־ הַפָּרֹכֶת֮ תַּ֣חַת הַקְּרָסִים֒ וְהֵבֵאתָ֥ שָׁ֨מָּה֙ מִבֵּ֣ית לַפָּרֹ֔כֶת אֵ֖ת אֲר֣וֹן הָעֵד֑וּת וְהִבְדִּילָ֤ה הַפָּרֹ֨כֶת֙ לָכֶ֔ם בֵּ֣ין הַקֹּ֔דֶשׁ וּבֵ֖ין קֹ֥דֶשׁ הַקֳּדָשִֽׁים ׃,ונתתה את הפרכת תחת הקרסימ והבאת שמה מבית לפרכת את ארונ העדות והבדילה הפרכת לכמ בינ הקדש ובינ קדש הקדשימ,21,ותתן ית פרכתא תחות פורפיא ותעל תמן מגו לפרכתא ית ארונא דסהדותא ותפרש פרכתא לכון בין קודשא ובין קדש קודשיא:,20,"καὶ θήσεις τὸ καταπέτασμα ἐπὶ τῶν στύλων, καὶ εἰσοίσεις ἐκεῖ ἐσώτερον τοῦ καταπετάσματος τὴν κιβωτὸν τοῦ μαρτυρίου· καὶ διοριεῖ τὸ καταπέτασμα ὑμῖν ἀνὰ μέσον τοῦ ἁγίου καὶ ἀνὰ μέσον τοῦ ἁγίου τῶν ἁγίων.",33,ܘܗܒ ܦܪܣܐ ܬܚܝܬ ܕ̈ܦܐ. ܘܐܥܠ ܠܬܡ̇ܢ ܠܓܘ ܡܢ ܦܪܣܐ ܩܒܘܬܐ ܕܣܗܕܘܬܐ. ܘܬܦܪܘܣ ܠܟܘܢ ܦܪܣܐ ܒܝܬ ܩܘܕܫܐ ܘܒܝܬ ܩܕܘܫ ܩܘܕܫ̈ܐ.,19,"Pendurarás o véu debaixo dos colchetes, e levarás para dentro do véu a arca do testemunho; este véu vos fará separação entre o lugar santo e o santo dos santos.",30,True,True,True
26,34,Êxodo 26:34,וְנָתַתָּ֙ אֶת־ הַכַּפֹּ֔רֶת עַ֖ל אֲר֣וֹן הָעֵדֻ֑ת בְּקֹ֖דֶשׁ הַקֳּדָשִֽׁים ׃,ונתת את הכפרת על ארונ העדת בקדש הקדשימ,9,ותתן ית כפרתא על ארונא דסהדותא בקדש קודשיא:,8,καὶ κατακαλύψεις τῷ καταπετάσματι τὴν κιβωτὸν τοῦ μαρτυρίου ἐν τῷ ἁγίῳ τῶν ἁγίων.,13,ܘܬܣܝܡ ܚܘܣܝܐ ܥܠ ܩܒܘܬܐ ܕܣܗܕܘܬܐ ܒܩܕܘܫ ܩܘܕܫ̈ܐ.,7,Porás o propiciatório sobre a arca do testemunho no santo dos santos;,12,True,True,True
26,35,Êxodo 26:35,וְשַׂמְתָּ֤ אֶת־ הַשֻּׁלְחָן֙ מִח֣וּץ לַפָּרֹ֔כֶת וְאֶת־ הַמְּנֹרָה֙ נֹ֣כַח הַשֻּׁלְחָ֔ן עַ֛ל צֶ֥לַע הַמִּשְׁכָּ֖ן תֵּימָ֑נָה וְהַ֨שֻּׁלְחָ֔ן תִּתֵּ֖ן עַל־ צֶ֥לַע צָפֽוֹן ׃,ושמת את השלחנ מחוצ לפרכת ואת המנרה נכח השלחנ על צלע המשכנ תימנה והשלחנ תתנ על צלע צפונ,19,ותשוי ית פתורא מברא לפרכתא וית מנרתא לקבל פתורא על צדא דמשכנא דרומא ופתורא תתן על סטר צפונא:,18,"καὶ θήσεις τὴν τράπεζαν ἔξωθεν τοῦ καταπετάσματος, καὶ τὴν λυχνίαν ἀπέναντι τῆς τραπέζης ἐπὶ μέρους τῆς σκηνῆς τὸ πρὸς νότον· καὶ τὴν τράπεζαν ἐπιθήσεις ἐπὶ μέρους τῆς σκηνῆς τὸ πρὸς βορρᾶν.",31,ܘܬܣܝܡ ܦܬܘܪܐ ܠܒܪ ܡܢ ܦܪܣܐ. ܘܡܢܪܬܐ ܠܘܩܒܠ ܦܬܘܪܐ. ܥܠ ܣܛܪܐ ܕܡܫܟܢܐ ܡܢ ܬܝܡܢܐ. ܘܦܬܘܪܐ ܬܣܝܡ ܥܠ ܣܛܪܐ ܕܓܪܒܝܐ.,18,"colocarás a mesa fora do véu, e o candelabro defronte da mesa, para o lado sul do tabernáculo; e porás a mesa para o lado norte.",26,True,True,True
26,36,Êxodo 26:36,וְעָשִׂ֤יתָ מָסָךְ֙ לְפֶ֣תַח הָאֹ֔הֶל תְּכֵ֧לֶת וְאַרְגָּמָ֛ן וְתוֹלַ֥עַת שָׁנִ֖י וְשֵׁ֣שׁ מָשְׁזָ֑ר מַעֲשֵׂ֖ה רֹקֵֽם ׃,ועשית מסכ לפתח האהל תכלת וארגמנ ותולעת שני ושש משזר מעשה רקמ,13,ותעבד פרסא לתרע משכנא תכלא וארגונא וצבע זהורי ובוץ שזיר עובד ציר:,12,"καὶ ποιήσεις ἐπίσπαστρον ἐξ ὑακίνθου καὶ πορφύρας καὶ κοκκίνου κεκλωσμένου καὶ βύσσου κεκλωσμένης, ἔργον ποικιλτοῦ.",15,ܘܥܒ̇ܕ ܦܪܣܐ ܠܬܪܥܐ ܕܡܫܟܢܐ. ܬܟܠܬܐ ܘܐܪܓܘܢܐ. ܘܨܘܒܥܐ ܕܙܚܘܪܝܬܐ ܘܒܘܨܐ ܥܙܝܠܐ. ܥܒ̇ܕܐ ܕܨܘܪܬܐ.,12,"Farás também para a porta da tenda um reposteiro de azul, púrpura, carmesim: e linho fino torcido, obra de bordador.",20,True,True,True
26,37,Êxodo 26:37,וְעָשִׂ֣יתָ לַמָּסָ֗ךְ חֲמִשָּׁה֙ עַמּוּדֵ֣י שִׁטִּ֔ים וְצִפִּיתָ֤ אֹתָם֙ זָהָ֔ב וָוֵיהֶ֖ם זָהָ֑ב וְיָצַקְתָּ֣ לָהֶ֔ם חֲמִשָּׁ֖ה אַדְנֵ֥י נְחֹֽשֶׁת ׃ ס,ועשית למסכ חמשה עמודי שטימ וצפית אתמ זהב וויהמ זהב ויצקת להמ חמשה אדני נחשת ס,17,ותעבד לפרסא חמשא עמודי שטין ותחפי יתהון דהבא וויהון דהבא ותתיך להון חמשא סמכי נחשא:,15,"καὶ ποιήσεις τῷ καταπετάσματι πέντε στύλους, καὶ χρυσώσεις αὐτοὺς χρυσίῳ· καὶ αἱ κεφαλίδες αὐτῶν χρυσαῖ· καὶ χωνεύσεις αὐταῖς πέντε βάσεις χαλκᾶς.",21,ܘܥܒ̇ܕ ܠܦܪܣܐ ܚܡܫܐ ܥܡ̈ܘܕܐ ܕܐܫܟܪܥܐ. ܘܩܪܘܡ ܐܢܘܢ ܕܗܒܐ. ܘܩܘ̈ܒܥܝܗܘܢ ܕܕܗܒܐ . ܘܥܒ̇ܕ ܠܗܘܢ ܚܡܫܐ ܣܡ̈ܟܐ ܕܢܚܫܐ.,16,"E para o reposteiro farás cinco colunas de madeira de acácia, cobrindo-as de ouro {os seus colchetes também serão de ouro}, e para elas fundirás cinco bases de bronze.",29,True,True,True
27,1,Êxodo 27:1,וְעָשִׂ֥יתָ אֶת־ הַמִּזְבֵּ֖חַ עֲצֵ֣י שִׁטִּ֑ים חָמֵשׁ֩ אַמּ֨וֹת אֹ֜רֶךְ וְחָמֵ֧שׁ אַמּ֣וֹת רֹ֗חַב רָב֤וּעַ יִהְיֶה֙ הַמִּזְבֵּ֔חַ וְשָׁלֹ֥שׁ אַמּ֖וֹת קֹמָתֽוֹ ׃,ועשית את המזבח עצי שטימ חמש אמות ארכ וחמש אמות רחב רבוע יהיה המזבח ושלש אמות קמתו,18,ותעבד ית מדבחא דאעי שטין חמש אמין ארכא וחמש אמין פותיא מרבע יהי מדבחא ותלת אמין רומיה:,17,"Καὶ ποιήσεις θυσιαστήριον ἐκ ξύλων ἀσήπτων, πέντε πήχεων τὸ μῆκος, καὶ πέντε πήχεων τὸ εὖρος· τετράγωνον ἔσται τὸ θυσιαστήριον, καὶ τριῶν πήχεων τὸ ὕψος αὐτοῦ.",25,ܘܥܒ̇ܕ ܡܕܒܚܐ ܕܩܝܣܐ ܕܐܫܟܪܥܐ ܚܡܫ ܐܡ̈ܝܢ ܐܘܪܟܗ. ܘܚܡܫ ܐܡ̈ܝܢ ܦܬܝܗ. ܡܪܒܥ ܢܗܘܐ ܡܕܒܚܐ. ܘܬܠܬ ܐܡ̈ܝܢ ܪܘܡܗ.,16,"Farás também o altar de madeira de acácia; de cinco côvados será o comprimento, de cinco côvados a largura {será quadrado o altar}, e de três côvados a altura.",29,True,True,True
27,2,Êxodo 27:2,וְעָשִׂ֣יתָ קַרְנֹתָ֗יו עַ֚ל אַרְבַּ֣ע פִּנֹּתָ֔יו מִמֶּ֖נּוּ תִּהְיֶ֣יןָ קַרְנֹתָ֑יו וְצִפִּיתָ֥ אֹת֖וֹ נְחֹֽשֶׁת ׃,ועשית קרנתיו על ארבע פנתיו ממנו תהיינ קרנתיו וצפית אתו נחשת,12,ותעבד קרנוהי על ארבע זויתיה מניה תהוין קרנוהי ותחפי יתיה נחשא:,11,"καὶ ποιήσεις τὰ κέρατα ἐπὶ τῶν τεσσάρων γωνιῶν· ἐξ αὐτοῦ ἔσται τὰ κέρατα, καὶ καλύψεις αὐτὰ χαλκῷ.",17,ܘܥܒ̇ܕ ܩܪ̈ܢܬܗ ܥܠ ܐܪ̈ܒܥ ܙܘܝ̈ܬܗ. ܡܢܗ ܢܗ̈ܘܝܢ ܩܪ̈ܢܬܗ. ܘܩܪܘܡܝܗܝ ܢܚܫܐ.,10,E farás as suas pontas nos seus quatro cantos; as suas pontas formarão uma só peça com o altar; e o cobrirás de bronze.,24,True,True,True
27,3,Êxodo 27:3,וְעָשִׂ֤יתָ סִּֽירֹתָיו֙ לְדַשְּׁנ֔וֹ וְיָעָיו֙ וּמִזְרְקֹתָ֔יו וּמִזְלְגֹתָ֖יו וּמַחְתֹּתָ֑יו לְכָל־ כֵּלָ֖יו תַּעֲשֶׂ֥ה נְחֹֽשֶׁת ׃,ועשית סירתיו לדשנו ויעיו ומזרקתיו ומזלגתיו ומחתתיו לכל כליו תעשה נחשת,12,ותעבד פסכתרותיה למספי קטמיה ומגרופיתיה ומזרקתיה וצנוריתיה ומחתיתיה לכל מנוהי תעבד נחשא:,12,"καὶ ποιήσεις στεφάνην τῷ θυσιαστηρίῳ, καὶ τὸν καλυπτῆρα αὐτοῦ καὶ τὰς φιάλας αὐτοῦ καὶ τὰς κρεάγρας αὐτοῦ καὶ τὸ πυρεῖον αὐτοῦ· καὶ πάντα τὰ σκεύη αὐτοῦ ποιήσεις χαλκᾶ.",28,ܘܥܒ̇ܕ ܩ̈ܕܣܘܗܝ ܠܬܫܡܫܬܗ. ܘܐܝܪ̈ܘܗܝ ܘܩܪ̈ܕܠܘܗܝ ܘܡܫ̈ܠܘܬܗ ܘܦܝܪ̈ܡܘܗܝ. ܘܟܠܗܘܢ ܡܐ̈ܢܘܗܝ ܬܥܒ̇ܕ ܕܢܚܫܐ.,11,"Far-lhe-ás também os cinzeiros, para recolher a sua cinza, e as pás, e as bacias, e os garfos e os braseiros; todos os seus utensílios farás de bronze.",28,True,True,True
27,4,Êxodo 27:4,וְעָשִׂ֤יתָ לּוֹ֙ מִכְבָּ֔ר מַעֲשֵׂ֖ה רֶ֣שֶׁת נְחֹ֑שֶׁת וְעָשִׂ֣יתָ עַל־ הָרֶ֗שֶׁת אַרְבַּע֙ טַבְּעֹ֣ת נְחֹ֔שֶׁת עַ֖ל אַרְבַּ֥ע קְצוֹתָֽיו ׃,ועשית לו מכבר מעשה רשת נחשת ועשית על הרשת ארבע טבעת נחשת על ארבע קצותיו,16,ותעבד ליה סרדא עובד מצדתא דנחשא ותעבד על מצדתא ארבע עזקן דנחשא על ארבע סטרוהי:,15,καὶ ποιήσεις αὐτῷ ἐσχάραν ἔργῳ δικτυωτῷ χαλκῆν· καὶ ποιήσεις τῇ ἐσχάρᾳ τέσσαρες δακτυλίους χαλκοῦς ὑπὸ τὰ τέσσερα κλίτη.,18,ܘܥܒ̣ܕ ܩܪܩܠ ܐܝܟ ܥܒ̇ܕܐ ܕܡܨܝܕܬܐ ܕܢܚܫܐ. ܘܥܒ̇ܕ ܥܠ ܩܪܩ̣ܠ. ܐܪ̈ܒܥ ܙܩ̈ܙܩܢ ܕܢܚܫܐ ܥܠ ܐܪ̈ܒܥܐ ܣܛܪ̈ܘܗܝ.,15,"Far-lhe-ás também um crivo de bronze em forma de rede, e farás para esta rede quatro argolas de bronze nos seus quatro cantos,",23,True,True,True
27,5,Êxodo 27:5,וְנָתַתָּ֣ה אֹתָ֗הּ תַּ֛חַת כַּרְכֹּ֥ב הַמִּזְבֵּ֖חַ מִלְּמָ֑טָּה וְהָיְתָ֣ה הָרֶ֔שֶׁת עַ֖ד חֲצִ֥י הַמִּזְבֵּֽחַ ׃,ונתתה אתה תחת כרכב המזבח מלמטה והיתה הרשת עד חצי המזבח,12,ותתן יתה תחות סובבי מדבחא מלרע ותהי מצדתא עד פלגות מדבחא:,11,καὶ ὑποθήσεις αὐτοὺς ὑπὸ τὴν ἐσχάραν τοῦ θυσιαστηρίου κάτωθεν· ἔσται δὲ ἡ ἐσχάρα ἕως τοῦ ἡμίσους τοῦ θυσιαστηρίου.,18,ܗܒܝܗܝ ܬܚܝܬ ܫ̈ܦܘܠܘܗܝ ܕܡܕܒܚܐ ܡܢ ܠܬܚܬ. ܘܬܗܘܐ ܩܪܩܠ ܥܕܡܐ ܠܦܠܓܗ ܕܡܕܒܚܐ.,11,"e a porás em baixo da borda em volta do altar, de maneira que a rede chegue até o meio do altar.",22,True,True,True
27,6,Êxodo 27:6,וְעָשִׂ֤יתָ בַדִּים֙ לַמִּזְבֵּ֔חַ בַּדֵּ֖י עֲצֵ֣י שִׁטִּ֑ים וְצִפִּיתָ֥ אֹתָ֖ם נְחֹֽשֶׁת ׃,ועשית בדימ למזבח בדי עצי שטימ וצפית אתמ נחשת,10,ותעבד אריחיא למדבחא אריחי דאעי שטין ותחפי יתהון נחשא:,9,"καὶ ποιήσεις τῷ θυσιαστηρίῳ φορεῖς ἐκ ξύλων ἀσήπτων, καὶ περιχαλκώσεις αὐτοὺς χαλκῷ.",12,ܘܥܒ̇ܕ ܩ̈ܘܦܐ ܠܡܕܒܚܐ ܩܘ̈ܦܐ ܕܩܝܣܐ ܕܐܫܟܪܥܐ. ܘܩܪܘܡ ܐܢܘܢ ܢܚܫܐ.,9,"Farás também varais para o altar, varais de madeira de acácia, e os cobrirás de bronze.",16,True,True,True
27,7,Êxodo 27:7,וְהוּבָ֥א אֶת־ בַּדָּ֖יו בַּטַּבָּעֹ֑ת וְהָי֣וּ הַבַּדִּ֗ים עַל־ שְׁתֵּ֛י צַלְעֹ֥ת הַמִּזְבֵּ֖חַ בִּשְׂאֵ֥ת אֹתֽוֹ ׃,והובא את בדיו בטבעת והיו הבדימ על שתי צלעת המזבח בשאת אתו,13,ויעל ית אריחוהי בעזקתא ויהון אריחיא על תרין סטרי מדבחא במטל יתיה:,12,καὶ εἰσάξεις τοὺς φορεῖς εἰς τοὺς δακτυλίους· καὶ ἔστωσαν οἱ φορεῖς κατὰ πλευρὰ τοῦ θυσιαστηρίου ἐν τῷ αἴρειν αὐτό.,19,ܘܐܥܠ ܩ̈ܘܦܐ ܒ̈ܙܩܙܩܬܐ. ܘܢܗܘܘܢ ܥܠ ܬܪ̈ܝܢ ܣܛܪ̈ܘܗܝ ܕܡܕܒܚܐ. ܡܐ ܕܫܩܠܝܢ ܠܗ.,11,"Os varais serão metidos nas argolas, e estarão de um e de outro lado do altar, quando for levado.",19,True,True,True
27,8,Êxodo 27:8,נְב֥וּב לֻחֹ֖ת תַּעֲשֶׂ֣ה אֹת֑וֹ כַּאֲשֶׁ֨ר הֶרְאָ֥ה אֹתְךָ֛ בָּהָ֖ר כֵּ֥ן יַעֲשֽׂוּ ׃ ס,נבוב לחת תעשה אתו כאשר הראה אתכ בהר כנ יעשו ס,12,חליל לוחי תעבד יתיה כמא די אחזי יתך בטורא כן יעבדון:,11,"κοῖλον σανιδωτὸν ποιήσεις αὐτό· κατὰ τὸ παραδειχθέν σοι ἐν τῷ ὄρει, οὕτως ποιήσεις αὐτό.",14,ܚܠܝܠܐ ܕܕ̈ܦܐ ܬܥܒܕܝܘܗܝ. ܐܝܟ ܕܚܘܝܬܟ ܒܛܘܪܐ. ܗܟܢܐ ܢܥܒܕܘܢ.,8,"Ôco, de tábuas, o farás; como se te mostrou no monte, assim o farão.",14,True,True,True
27,9,Êxodo 27:9,וְעָשִׂ֕יתָ אֵ֖ת חֲצַ֣ר הַמִּשְׁכָּ֑ן לִפְאַ֣ת נֶֽגֶב־ תֵּ֠ימָנָה קְלָעִ֨ים לֶחָצֵ֜ר שֵׁ֣שׁ מָשְׁזָ֗ר מֵאָ֤ה בָֽאַמָּה֙ אֹ֔רֶךְ לַפֵּאָ֖ה הָאֶחָֽת ׃,ועשית את חצר המשכנ לפאת נגב תימנה קלעימ לחצר שש משזר מאה באמה ארכ לפאה האחת,17,ותעבד ית דרת משכנא לרוח עבר דרומא סרדין לדרתא דבוץ שזיר מאה באמין ארכא לעבר חד:,16,"Καὶ ποιήσεις αὐλὴν τῇ σκηνῇ· εἰς τὸ κλίτος τὸ πρὸς λίβα ἱστία τῆς αὐλῆς, μῆκος ἑκατὸν πηχῶν τῷ ἑνὶ κλίτει·",20,ܘܥܒ̇ܕ ܕܪܬܐ ܠܡܫܟܢܐ . ܠܣܛܪ ܪܘܚܐ ܕܬܝܡܢܐ. ܣܕܪ̈ܐ ܕܕܪܬܐ ܕܒܘܨܐ ܥܙܝܠܐ. ܡܐܐ ܐܡ̈ܝܢ ܐܘܪܟܗ ܕܣܕܪܐ ܚܕ.,16,"Farás também o átrio do tabernáculo. No lado que dá para o sul o átrio terá cortinas de linho fino torcido, de cem côvados de comprimento.",26,True,True,True
27,10,Êxodo 27:10,וְעַמֻּדָ֣יו עֶשְׂרִ֔ים וְאַדְנֵיהֶ֥ם עֶשְׂרִ֖ים נְחֹ֑שֶׁת וָוֵ֧י הָעַמֻּדִ֛ים וַחֲשֻׁקֵיהֶ֖ם כָּֽסֶף ׃,ועמדיו עשרימ ואדניהמ עשרימ נחשת ווי העמדימ וחשקיהמ כספ,10,ועמודוהי עשרין וסמכיהון עשרין נחשא ווי עמודיא וכבושיהון כסף:,9,"καὶ οἱ στύλοι αὐτῶν εἴκοσι, καὶ αἱ βάσεις αὐτῶν εἴκοσι χαλκαῖ, καὶ οἱ κρίκοι αὐτῶν καὶ αἱ ψαλίδες ἀργυραῖ.",19,ܘܥܡ̈ܘܕܘܗܝ ܥܣܪ̈ܝܢ ܘܣܡܟܝ̈ܗܘܢ ܥܣܪ̈ܝܢ ܕܢܚܫܐ. ܘܩ̈ܘܒܥܝܗܘܢ ܕܥܡ̈ܘܕܐ ܘܩܪܡܗܘܢ ܕܣܐܡܐ .,10,"As suas colunas serão vinte, e vinte as suas bases, todas de bronze; os colchetes das colunas e as suas faixas serão de prata.",24,True,True,True
27,11,Êxodo 27:11,וְכֵ֨ן לִפְאַ֤ת צָפוֹן֙ בָּאֹ֔רֶךְ קְלָעִ֖ים מֵ֣אָה אֹ֑רֶךְ ועמדו עֶשְׂרִ֗ים וְאַדְנֵיהֶ֤ם עֶשְׂרִים֙ נְחֹ֔שֶׁת וָוֵ֧י הָֽעַמֻּדִ֛ים וַחֲשֻׁקֵיהֶ֖ם כָּֽסֶף ׃,וכנ לפאת צפונ בארכ קלעימ מאה ארכ ועמדו עשרימ ואדניהמ עשרימ נחשת ווי העמדימ וחשקיהמ כספ,17,וכן לרוח צפונא בארכא סרדין מאה ארכא ועמודוהי עשרין וסמכיהון עשרין נחשא ווי עמודיא וכבושיהון דכסף:,16,"οὕτως τῷ πρὸς ἀπηλιώτην ἱστία ἑκατὸν πηχῶν μῆκος· καὶ οἱ στύλοι αὐτῶν εἴκοσι, καὶ αἱ βάσεις αὐτῶν εἴκοσι χαλκαῖ, καὶ οἱ κρίκοι καὶ αἱ ψαλίδες τῶν στύλων καὶ αἱ βάσεις αὐτῶν περιηργυρωμέναι ἀργύρῳ.",33,ܘܗܟܢܐ ܠܣܛܪܐ ܕܓܪܒܝܐ. ܒܐܘܪܟܐ ܣܕܪ̈ܐ ܡܐܐ ܐܡ̈ܝܢ. ܘܥܡ̈ܘܕܘܗܝ ܥܣܪ̈ܝܢ ܘܣܡ̈ܟܝܗܘܢ ܥܣܪ̈ܝܢ ܕܢܚܫܐ. ܘܩܘܒ̈ܥܝܗܘܢ ܕܥܡ̈ܘܕܐ ܘܩܪܡܗܘܢ ܕܣܐܡܐ .,17,"Assim também ao longo do lado do norte haverá cortinas de cem côvados de comprimento, e serão vinte as suas colunas e vinte as bases destas, todas de bronze; os colchetes das colunas e as suas faixas serão de prata.",40,True,True,True
27,12,Êxodo 27:12,וְרֹ֤חַב הֶֽחָצֵר֙ לִפְאַת־ יָ֔ם קְלָעִ֖ים חֲמִשִּׁ֣ים אַמָּ֑ה עַמֻּדֵיהֶ֣ם עֲשָׂרָ֔ה וְאַדְנֵיהֶ֖ם עֲשָׂרָֽה ׃,ורחב החצר לפאת ימ קלעימ חמשימ אמה עמדיהמ עשרה ואדניהמ עשרה,12,ופותיא דדרתא לרוח מערבא סרדין חמשין אמין עמודיהון עשרא וסמכיהון עשרא:,11,"τὸ δὲ εὖρος τῆς αὐλῆς κατὰ θάλασσαν ἱστία πεντήκοντα πηχῶν· στύλοι αὐτῶν δέκα, καὶ αἱ βάσεις αὐτῶν δέκα.",18,ܘܦܬܝܗ̇ ܕܕܪܬܐ ܠܣܛܪܐ ܕܡܥܪܒܐ. ܣܕܪ̈ܐ ܚܡܫܝܢ ܐ̈ܡܝܢ. ܥܡ̈ܘܕܝܗܘܢ ܥܣܪܐ ܘܣܡ̈ܟܝܗܘܢ ܥܣܪܐ.,11,"E na largura do átrio do lado do ocidente haverá cortinas de cinqüenta côvados; serão dez as suas colunas, e dez as bases destas.",24,True,True,True
27,13,Êxodo 27:13,וְרֹ֣חַב הֶֽחָצֵ֗ר לִפְאַ֛ת קֵ֥דְמָה מִזְרָ֖חָה חֲמִשִּׁ֥ים אַמָּֽה ׃,ורחב החצר לפאת קדמה מזרחה חמשימ אמה,8,ופותיא דדרתא לרוח קדומא מדינחא חמשין אמין:,7,"καὶ εὖρος τῆς αὐλῆς τὸ πρὸς νότον ἱστία ν᾽ πήχεων· στύλοι αὐτῶν δέκα, καὶ αἱ βάσεις αὐτῶν δέκα.",18,ܘܦܬܝܗ̇ ܕܕܪܬܐ ܠܣܛܪܐ ܕܪܘܚܐ ܕܡܕܢܚܐ. ܚܡܫܝܢ ܐܡ̈ܝܢ.,7,Semelhantemente a largura do átrio do lado que dá para o nascente será de cinqüenta côvados.,16,True,True,True
27,14,Êxodo 27:14,וַחֲמֵ֨שׁ עֶשְׂרֵ֥ה אַמָּ֛ה קְלָעִ֖ים לַכָּתֵ֑ף עַמֻּדֵיהֶ֣ם שְׁלֹשָׁ֔ה וְאַדְנֵיהֶ֖ם שְׁלֹשָֽׁה ׃,וחמש עשרה אמה קלעימ לכתפ עמדיהמ שלשה ואדניהמ שלשה,10,וחמש עשרי אמין סרדין לעברא עמודיהון תלתא וסמכיהון תלתא:,9,"καὶ πέντε καὶ δέκα πήχεων τὸ ὕψος τῶν ἱστίων τῷ κλίτει τῷ ἑνί· στύλοι αὐτῶν τρεῖς, καὶ αἱ βάσεις αὐτῶν τρεῖς.",21,ܘܚܡܫܥܣܪܐ ܐ̈ܡܝܢ ܣܕܪ̈ܐ ܕܣܛܪܐ . ܥܡ̈ܘܕܝܗܘܢ ܬܠܬܐ ܘܣܡ̈ܟܝܗܘܢ ܬܠܬܐ.,9,"As cortinas para um lado da porta serão de quinze côvados; três serão as suas colunas, e três as bases destas.",21,True,True,True
27,15,Êxodo 27:15,וְלַכָּתֵף֙ הַשֵּׁנִ֔ית חְמֵ֥שׁ עֶשְׂרֵ֖ה קְלָעִ֑ים עַמֻּדֵיהֶ֣ם שְׁלֹשָׁ֔ה וְאַדְנֵיהֶ֖ם שְׁלֹשָֽׁה ׃,ולכתפ השנית חמש עשרה קלעימ עמדיהמ שלשה ואדניהמ שלשה,10,ולעברא תנינא חמש עשרי סרדין עמודיהון תלתא וסמכיהון תלתא:,9,"καὶ τὸ κλίτος τὸ δεύτερον, δέκα πέντε πηχῶν τῶν ἱστίων τὸ ὕψος· στύλοι αὐτῶν τρεῖς, καὶ αἱ βάσεις αὐτῶν τρεῖς.",20,ܘܠܣܛܪܐ ܬܢܝܢܐ ܚܡܫܬܥܣܪ ܣܕܪ̈ܝܢ. ܥܡ̈ܘܕܝܗܘܢ ܬܠܬܐ ܘܣܡ̈ܟܝܗܘܢ ܬܠܬܐ.,8,"E de quinze côvados serão as cortinas para o outro lado; as suas colunas serão três, e três as bases destas.",21,True,True,True
27,16,Êxodo 27:16,וּלְשַׁ֨עַר הֶֽחָצֵ֜ר מָסָ֣ךְ ׀ עֶשְׂרִ֣ים אַמָּ֗ה תְּכֵ֨לֶת וְאַרְגָּמָ֜ן וְתוֹלַ֧עַת שָׁנִ֛י וְשֵׁ֥שׁ מָשְׁזָ֖ר מַעֲשֵׂ֣ה רֹקֵ֑ם עַמֻּֽדֵיהֶם֙ אַרְבָּעָ֔ה וְאַדְנֵיהֶ֖ם אַרְבָּעָֽה ׃,ולשער החצר מסכ עשרימ אמה תכלת וארגמנ ותולעת שני ושש משזר מעשה רקמ עמדיהמ ארבעה ואדניהמ ארבעה,19,ולתרע דרתא פרסא עשרין אמין תכלא וארגונא וצבע זהורי ובוץ שזיר עובד ציר עמודיהון ארבעא וסמכיהון ארבעא:,17,"καὶ τῇ πύλῃ τῆς αὐλῆς κάλυμμα, εἴκοσι πηχῶν τὸ ὕψος, ἐξ ὑακίνθου καὶ πορφύρας καὶ κοκκίνου κεκλωσμένου καὶ βύσσου κεκλωσμένης τῇ ποικιλίᾳ τοῦ ῥαφιδευτοῦ· στύλοι αὐτῶν τέσσαρες, καὶ αἱ βάσεις αὐτῶν τέσσαρες.",32,ܘܠܬܪܥܐ ܕܕܪܬܐ ܦܪܣܐ ܥܣܪ̈ܝܢ ܐܡ̈ܝܢ. ܬܟܠܬܐ ܘܐܪܓܘܢܐ ܘܨܘܒܥܐ ܕܙܚܘܪܝܬܐ ܘܒܘܨܐ ܥܙܝܠܐ. ܥܒ̇ܕܐ ܕܨܘܪܬܐ ܥܡ̈ܘܕܝܗܘܢ ܐܪ̈ܒܥܐ ܘܣܡ̈ܟܝܗܘܢ ܐܪ̈ܒܥܐ.,17,"Também à porta do átrio haverá um reposteiro de vinte côvados, de azul, púrpura, carmesim, e linho fino torcido, obra de bordador; as suas colunas serão quatro, e quatro as bases destas.",32,True,True,True
27,17,Êxodo 27:17,כָּל־ עַמּוּדֵ֨י הֶֽחָצֵ֤ר סָבִיב֙ מְחֻשָּׁקִ֣ים כֶּ֔סֶף וָוֵיהֶ֖ם כָּ֑סֶף וְאַדְנֵיהֶ֖ם נְחֹֽשֶׁת ׃,כל עמודי החצר סביב מחשקימ כספ וויהמ כספ ואדניהמ נחשת,11,כל עמודי דרתא סחור סחור מכבשין כסף וויהון כסף וסמכיהון נחשא:,11,"πάντες οἱ στύλοι τῆς αὐλῆς κύκλῳ κατηργυρωμένοι ἀργυρίῳ, καὶ αἱ κεφαλίδες αὐτῶν ἀργυραῖ, καὶ αἱ βάσεις αὐτῶν χαλκαῖ.",18,ܟܠܗܘܢ ܥܡ̈ܘܕܐ ܕܕܪܬܐ ܟܕ ܚܕܪܐ ܩܪ̈ܝܡܝܢ ܣܐܡܐ . ܘܩ̈ܘܒܥܝܗܘܢ ܕܣܐܡܐ ܘܣܡ̈ܟܝܗܘܢ ܕܢܚܫܐ.,12,"Todas as colunas do átrio ao redor serão cingidas de faixas de prata; os seus colchetes serão de prata, porém as suas bases de bronze.",25,True,True,True
27,18,Êxodo 27:18,אֹ֣רֶךְ הֶֽחָצֵר֩ מֵאָ֨ה בָֽאַמָּ֜ה וְרֹ֣חַב ׀ חֲמִשִּׁ֣ים בַּחֲמִשִּׁ֗ים וְקֹמָ֛ה חָמֵ֥שׁ אַמּ֖וֹת שֵׁ֣שׁ מָשְׁזָ֑ר וְאַדְנֵיהֶ֖ם נְחֹֽשֶׁת ׃,ארכ החצר מאה באמה ורחב חמשימ בחמשימ וקמה חמש אמות שש משזר ואדניהמ נחשת,16,ארכא דדרתא מאה באמין ופותיא חמשין בחמשין ורומא חמש אמין דבוץ שזיר וסמכיהון נחשא:,14,"τὸ δὲ μῆκος τῆς αὐλῆς ἑκατὸν ἐφ᾽ ἑκατόν, καὶ εὖρος πεντήκοντα ἐπὶ πεντήκοντα, καὶ ὕψος πέντε πηχῶν ἐκ βύσσου κεκλωσμένης, καὶ βάσεις αὐτῶν χαλκαῖ.",24,ܘܐܘܪܟܗ̇ ܕܕܪܬܐ ܡܐܐ ܐܡ̈ܝܢ. ܘܦܬܝܗ̇ ܚܡܫܝܢ ܒܚܡܫܝܢ. ܘܪܘܡܗ̇ ܚܡܫ ܐܡ̈ܝܢ ܕܒܘܨܐ ܥܙܝܠܐ. ܘܣܡ̈ܟܝܗܘܢ ܕܢܚܫܐ.,14,"O comprimento do átrio será de cem côvados, e a largura, por toda a extensão, de cinqüenta, e a altura de cinco côvados; as cortinas serão de linho fino torcido; e as bases das colunas de bronze.",37,True,True,True
27,19,Êxodo 27:19,לְכֹל֙ כְּלֵ֣י הַמִּשְׁכָּ֔ן בְּכֹ֖ל עֲבֹדָת֑וֹ וְכָל־ יְתֵדֹתָ֛יו וְכָל־ יִתְדֹ֥ת הֶחָצֵ֖ר נְחֹֽשֶׁת ׃ ס,לכל כלי המשכנ בכל עבדתו וכל יתדתיו וכל יתדת החצר נחשת ס,13,לכל מאני משכנא בכל פלחניה וכל סכוהי וכל סכי דדרתא נחשא:,11,καὶ πᾶσα ἡ κατασκευὴ καὶ πάντα τὰ ἐργαλεῖα καὶ οἱ πάσσαλοι τῆς αὐλῆς χαλκοῖ.,14,ܟܠܗܘܢ ܡܐ̈ܢܐ ܕܡܫܟܢܐ ܘܟܠܗ ܦܘܠܚܢܗ. ܘܟܠܗܝܢ ܣܟ̈ܘܗܝ ܘܟܠܗܝܢ ܣܟ̈ܐ ܕܕܪܬܐ ܕܢܚܫܐ.,11,"Todos os utensílios do tabernáculo em todo o seu serviço, e todas as suas estacas, e todas as estacas do átrio, serão de bronze.",24,True,True,True
27,20,Êxodo 27:20,וְאַתָּ֞ה תְּצַוֶּ֣ה ׀ אֶת־ בְּנֵ֣י יִשְׂרָאֵ֗ל וְיִקְח֨וּ אֵלֶ֜יךָ שֶׁ֣מֶן זַ֥יִת זָ֛ךְ כָּתִ֖ית לַמָּא֑וֹר לְהַעֲלֹ֥ת נֵ֖ר תָּמִֽיד ׃,ואתה תצוה את בני ישראל ויקחו אליכ שמנ זית זכ כתית למאור להעלת נר תמיד,17,ואת תפקד ית בני ישראל ויסבון לך משחא זיתא דכיא כתישא לאנהרא לאדלקא בוציניא תדירא:,15,"Καὶ σὺ σύνταξον τοῖς υἱοῖς Ἰσραήλ, καὶ λαβέτωσάν σοι ἔλαιον ἐξ ἐλαίων ἄτρυγον καθαρὸν κεκομμένον εἰς φῶς καῦσαι, ἵνα κάηται λύχνος διὰ παντὸς",23,ܘܐܢܬ ܦܩ̇ܕ ܠܒܢ̈ܝ ܐܝܣܪܝܠ. ܘܢܣܒܘܢ ܠܟ ܡܫܚܐ ܕܟܝܐ ܕܙܝܬܐ ܥܨܝܪܐ. ܠܡܢܗܪܘ ܫܪ̈ܓܐ ܐܡܝܢܐܝܬ.,13,"Ordenarás aos filhos de Israel que te tragam azeite puro de oliveiras, batido, para o candeeiro, para manter uma lâmpada acesa continuamente.",22,True,True,True
27,21,Êxodo 27:21,בְּאֹ֣הֶל מוֹעֵד֩ מִח֨וּץ לַפָּרֹ֜כֶת אֲשֶׁ֣ר עַל־ הָעֵדֻ֗ת יַעֲרֹךְ֩ אֹת֨וֹ אַהֲרֹ֧ן וּבָנָ֛יו מֵעֶ֥רֶב עַד־ בֹּ֖קֶר לִפְנֵ֣י יְהוָ֑ה חֻקַּ֤ת עוֹלָם֙ לְדֹ֣רֹתָ֔ם מֵאֵ֖ת בְּנֵ֥י יִשְׂרָאֵֽל ׃ ס,באהל מועד מחוצ לפרכת אשר על העדת יערכ אתו אהרנ ובניו מערב עד בקר לפני יהוה חקת עולמ לדרתמ מאת בני ישראל ס,24,במשכן זמנא מברא לפרכתא דעל סהדותא יסדר יתיה אהרן ובנוהי מרמשא עד צפרא קדם יי קים עלם לדריהון מן בני ישראל:,21,"ἐν τῇ σκηνῇ τοῦ μαρτυρίου, ἔξωθεν τοῦ καταπετάσματος τοῦ ἐπὶ τῆς διαθήκης· καύσει αὐτὸ Ἀαρὼν καὶ οἱ υἱοὶ αὐτοῦ ἀφ᾽ ἑσπέρας ἕως πρωὶ ἐναντίον Κυρίου· νόμιμον αἰώνιον εἰς τὰς γενεὰς ὑμῶν παρὰ τῶν υἱῶν Ἰσραήλ.",35,ܒܡܫܟܢ ܙܒܢܐ ܠܒܪ ܡܢ ܦܪܣܐ ܕܥܠ ܣܗܕܘܬܐ. ܘܢܣܕܘܪ ܐܢܘܢ ܐܗܪܘܢ ܘܒܢ̈ܘܗܝ. ܡܢ ܪܡܫܐ ܘܥܕܡܐ ܠܨܦܪܐ ܩܕܡ ܡܪܝܐ. ܢܡܘܣܐ ܠܥܠܡ ܠܕܪ̈ܝܟܘܢ ܡܢ ܠܘܬ ܒܢ̈ܝ ܐܝܣܪܐܝܠ.,24,"Na tenda da revelação, fora do véu que está diante do testemunho, Arão e seus filhos a conservarão em ordem, desde a tarde até pela manhã, perante o Senhor; este será um estatuto perpétuo para os filhos de Israel pelas suas gerações.",42,True,True,True
28,1,Êxodo 28:1,וְאַתָּ֡ה הַקְרֵ֣ב אֵלֶיךָ֩ אֶת־ אַהֲרֹ֨ן אָחִ֜יךָ וְאֶת־ בָּנָ֣יו אִתּ֔וֹ מִתּ֛וֹךְ בְּנֵ֥י יִשְׂרָאֵ֖ל לְכַהֲנוֹ־ לִ֑י אַהֲרֹ֕ן נָדָ֧ב וַאֲבִיה֛וּא אֶלְעָזָ֥ר וְאִיתָמָ֖ר בְּנֵ֥י אַהֲרֹֽן ׃,ואתה הקרב אליכ את אהרנ אחיכ ואת בניו אתו מתוכ בני ישראל לכהנו לי אהרנ נדב ואביהוא אלעזר ואיתמר בני אהרנ,22,ואת קרב לותך ית אהרן אחוך וית בנוהי עמיה מגו בני ישראל לשמשא קדמי אהרן נדב ואביהוא אלעזר ואיתמר בני אהרן:,21,"Καὶ σὺ προσαγάγου πρὸς σεαυτὸν τόν τε Ἀαρὼν τὸν ἀδελφόν σου καὶ τοὺς υἱοὺς αὐτοῦ ἐκ τῶν υἱῶν Ἰσραὴλ ἱερατεύειν μοι, Ἀαρών, καὶ Ναδὰβ καὶ Ἀβιοὺδ καὶ Ἐλεαζὰρ καὶ Ἰθαμὰρ υἱοὺς Ἀαρών.",32,ܘܐܢܬ ܩ̇ܪܒ ܠܟ ܠܐܗܪܘܢ ܐܚܘܟ ܘܠܒܢ̈ܘܗܝ ܥܡܗ. ܡܢ ܓܘ ܒܢ̈ܝ ܐܝܣܪܝܠ ܠܡܟܗܢܘ ܠܝ. ܐܗܪܘܢ ܘܢܕܒ ܘܐܒܝܗܘ. ܘܐܠܝܥܙܪ ܘܐܝܬܡܪ ܒ̈ܢܝ ܐܗܪܘܢ.,20,"Depois farás chegar a ti teu irmão Arão, e seus filhos com ele, dentre os filhos de Israel, para me administrarem o ofício sacerdotal; a saber: Arão, Nadabe e Abiú, Eleazar e Itamar, os filhos de Arão.",37,True,True,True
28,2,Êxodo 28:2,וְעָשִׂ֥יתָ בִגְדֵי־ קֹ֖דֶשׁ לְאַהֲרֹ֣ן אָחִ֑יךָ לְכָב֖וֹד וּלְתִפְאָֽרֶת ׃,ועשית בגדי קדש לאהרנ אחיכ לכבוד ולתפארת,8,ותעבד לבושי קודשא לאהרן אחוך ליקר ולתשבחן:,7,καὶ ποιήσεις στολὴν ἁγίαν Ἀαρὼν τῷ ἀδελφῷ σου εἰς τιμὴν καὶ δόξαν.,12,ܘܥܒ̇ܕ ܠܒ̈ܘܫܝ ܩܘܕܫܐ ܠܐܗܪܘܢ ܐܚܘܟ . ܠܐܝܩܪܐ ܘܠܬܫܒܘܚܬܐ.,8,"Farás vestes sagradas para Arão, teu irmão, para glória e ornamento.",11,True,True,True
28,3,Êxodo 28:3,וְאַתָּ֗ה תְּדַבֵּר֙ אֶל־ כָּל־ חַכְמֵי־ לֵ֔ב אֲשֶׁ֥ר מִלֵּאתִ֖יו ר֣וּחַ חָכְמָ֑ה וְעָשׂ֞וּ אֶת־ בִּגְדֵ֧י אַהֲרֹ֛ן לְקַדְּשׁ֖וֹ לְכַהֲנוֹ־ לִֽי ׃,ואתה תדבר אל כל חכמי לב אשר מלאתיו רוח חכמה ועשו את בגדי אהרנ לקדשו לכהנו לי,18,ואת תמלל עם כל חכימי לבא דאשלמית עמיה רוח חכמתא ויעבדון ית לבושי אהרן לקדשותיה לשמשא קדמי:,17,"καὶ σύ λάλησον πᾶσι τοῖς σοφοῖς τῇ διανοίᾳ, οὓς ἐνέπλησα πνεύματος αἰσθήσεως, καὶ ποιήσουσιν τὴν στολὴν τὴν ἁγίαν Ἀαρὼν εἰς τὸ ἅγιον, ἐν ᾗ ἱερατεύσει μοι.",26,ܘܐܢܬ ܐܡ̣ܪ ܠܟܠܗܘܢ ܚ̈ܟܝܡܝ. ܠܒܐ ܕܡ̇ܠܝܬ ܐܢܘܢ ܪܘܚܐ ܕܚܟܡܬܐ . ܘܢܥܒ̇ܕܘܢ ܠܒ̈ܘܫܝ ܩܘܕܫܐ ܠܐܗܪܘܢ ܠܡܩܕܫܘܬܗ ܠܡܟܗܢܘ ܠܝ.,17,"Falarás a todos os homens hábeis, a quem eu tenha enchido do espírito de sabedoria, que façam as vestes de Arão para santificá-lo, a fim de que me administre o ofício sacerdotal.",32,True,True,True
28,4,Êxodo 28:4,וְאֵ֨לֶּה הַבְּגָדִ֜ים אֲשֶׁ֣ר יַעֲשׂ֗וּ חֹ֤שֶׁן וְאֵפוֹד֙ וּמְעִ֔יל וּכְתֹ֥נֶת תַּשְׁבֵּ֖ץ מִצְנֶ֣פֶת וְאַבְנֵ֑ט וְעָשׂ֨וּ בִגְדֵי־ קֹ֜דֶשׁ לְאַהֲרֹ֥ן אָחִ֛יךָ וּלְבָנָ֖יו לְכַהֲנוֹ־ לִֽי ׃,ואלה הבגדימ אשר יעשו חשנ ואפוד ומעיל וכתנת תשבצ מצנפת ואבנט ועשו בגדי קדש לאהרנ אחיכ ולבניו לכהנו לי,20,ואלין לבושיא די יעבדון חושנא ואפודא ומעילא וכתונא מרמצא מצנפתא והמינא ויעבדון לבושי קודשא לאהרן אחוך ולבנוהי לשמשא קדמי:,19,καὶ αὗται αἱ στολαὶ ἃς ποιήσουσιν· τὸ περιστήθιον καὶ τὴν ἐπωμίδα καὶ τὸν ποδήρη χιτῶνα κοσυμβωτὸν καὶ κίδαριν καὶ ζώνην· καὶ ποιήσουσιν στολὰς ἁγίας Ἀαρὼν καὶ τοῖς υἱοῖς αὐτοῦ εἰς τὸ ἱερατεύειν μοι.,33,ܘܗܠܝܢ ܠܒ̈ܘܫܐ ܕܢܥܒܕܘܢ ܠܗܘܢ . ܦܪܙܘܡܐ ܘܦܕܬܐ ܘܦܪܝܣܐ. ܘܟܘܬܝܢܐ ܕܒܘܨܐ. ܘܡܨܢܦܬܐ ܘܗܡܝܢܐ . ܘܢܥܒܕܘܢ ܠܒ̈ܘܫܝ ܩܘܕܫܐ ܠܐܗܪܘܢ ܐܚܘܟ ܘܠܒ̈ܢܘܗܝ ܠܡܟܗܢܘ ܠܝ.,21,"Estas pois são as vestes que farão: um peitoral, um éfode, um manto, uma túnica bordada, uma mitra e um cinto; farão, pois, as vestes sagradas para Arão, teu irmão, e para seus filhos, a fim de me administrarem o ofício sacerdotal.",42,True,True,True
28,5,Êxodo 28:5,וְהֵם֙ יִקְח֣וּ אֶת־ הַזָּהָ֔ב וְאֶת־ הַתְּכֵ֖לֶת וְאֶת־ הָֽאַרְגָּמָ֑ן וְאֶת־ תּוֹלַ֥עַת הַשָּׁנִ֖י וְאֶת־ הַשֵּֽׁשׁ ׃ פ,והמ יקחו את הזהב ואת התכלת ואת הארגמנ ואת תולעת השני ואת השש פ,15,ואנון יסבון ית דהבא וית תכלא וית ארגונא וית צבע זהורי וית בוצא:,13,καὶ αὐτοὶ λήμψονται τὸ χρυσίον καὶ τὸν ὑάκινθον καὶ τὴν πορφύραν καὶ τὸ κόκκινον καὶ τὴν βύσσον.,17,ܘܗ̣ܢܘܢ ܢܣܒܘܢ. ܕܗܒܐ ܘܬܟܠܬܐ ܘܐܪܓܘܢܐ. ܘܨܘܒܥܐ ܕܙܚܘܪܝܬܐ ܘܒܘܨܐ .,9,"E receberão o ouro, o azul, a púrpura, o carmesim e o linho fino,",14,True,True,True
28,6,Êxodo 28:6,וְעָשׂ֖וּ אֶת־ הָאֵפֹ֑ד זָ֠הָב תְּכֵ֨לֶת וְאַרְגָּמָ֜ן תּוֹלַ֧עַת שָׁנִ֛י וְשֵׁ֥שׁ מָשְׁזָ֖ר מַעֲשֵׂ֥ה חֹשֵֽׁב ׃,ועשו את האפד זהב תכלת וארגמנ תולעת שני ושש משזר מעשה חשב,13,ויעבדון ית אפודא דהבא תכלא וארגונא צבע זהורי ובוץ שזיר עובד אמן:,12,"Καὶ ποιήσουσιν τὴν ἐπωμίδα ἐκ βύσσου κεκλωσμένης, ἔργον ὑφάντου ποικιλτοῦ·",10,ܘܢܥܒܕܘܢ ܦܕܬܐ ܕܕܗܒܐ ܬܟܠܬܐ ܘܐܪܓܘܢܐ. ܘܨܘܒܥܐ ܕܙܚܘܪܝܬܐ ܘܒܘܨܐ ܥܙܝܠܐ. ܥܒ̇ܕܐ ܕܐܘܡܢܐ.,11,"e farão o éfode de ouro, azul, púrpura, carmesim e linho fino torcido, obra de desenhista.",16,True,True,True
28,7,Êxodo 28:7,שְׁתֵּ֧י כְתֵפֹ֣ת חֹֽבְרֹ֗ת יִֽהְיֶה־ לּ֛וֹ אֶל־ שְׁנֵ֥י קְצוֹתָ֖יו וְחֻבָּֽר ׃,שתי כתפת חברת יהיה לו אל שני קצותיו וחבר,10,תרתין כתפין מלפפן יהון ליה על תרין סטרוהי ויתלפף:,9,"δύο ἐπωμίδες συνέχουσαι ἔσονται αὐτῷ ἑτέρα τὴν ἑτέραν, ἐπὶ τοῖς δυσὶ μέρεσιν ἐξηρτισμέναι·",13,ܬܪ̈ܬܝܢ ܟܬ̈ܦܢ ܡܕܒܩ̈ܢ ܢܗ̈ܘܝܢ ܠܗ̇ ܥܠ ܬܪ̈ܝܢ ܣܛܪ̈ܝܗ̇. ܘܢܕܒ̣ܩ.,9,"Terá duas ombreiras, que se unam às suas duas pontas, para que seja unido.",14,True,True,True
28,8,Êxodo 28:8,וְחֵ֤שֶׁב אֲפֻדָּתוֹ֙ אֲשֶׁ֣ר עָלָ֔יו כְּמַעֲשֵׂ֖הוּ מִמֶּ֣נּוּ יִהְיֶ֑ה זָהָ֗ב תְּכֵ֧לֶת וְאַרְגָּמָ֛ן וְתוֹלַ֥עַת שָׁנִ֖י וְשֵׁ֥שׁ מָשְׁזָֽר ׃,וחשב אפדתו אשר עליו כמעשהו ממנו יהיה זהב תכלת וארגמנ ותולעת שני ושש משזר,15,והמין תקוניה די עלוהי כעובדוהי מניה יהי דהבא תכלא וארגונא וצבע זהורי ובוץ שזיר:,14,"καὶ τὸ ὕφασμα τῶν ἐπωμίδων, ὅ ἐστιν ἐπ᾽ αὐτῷ, κατὰ τὴν ποίησιν ἐξ αὐτοῦ ἔσται ἐκ χρυσίου καὶ ὑακίνθου καὶ πορφύρας καὶ κοκκίνου διανενησμένου καὶ βύσσου κεκλωσμένης.",27,ܗܡܝܢܐ ܕܦܕܬܐ ܕܥܠܝܗ̇. ܡܢܗ̇ ܢܗܘܐ ܐܝܟ ܥܒ̇ܕܗ̇. ܕܗܒܐ ܘܬܟܠܬܐ ܘܐܪܓܘܢܐ. ܘܨܘܒܥܐ ܕܙܚܘܪܝܬܐ ܘܒܘܨܐ ܥܙܝܠܐ.,14,"E o cinto de obra esmerada do éfode, que estará sobre ele, formando com ele uma só peça, será de obra semelhante de ouro, azul, púrpura, carmesim e linho fino torcido.",31,True,True,True
28,9,Êxodo 28:9,וְלָ֣קַחְתָּ֔ אֶת־ שְׁתֵּ֖י אַבְנֵי־ שֹׁ֑הַם וּפִתַּחְתָּ֣ עֲלֵיהֶ֔ם שְׁמ֖וֹת בְּנֵ֥י יִשְׂרָאֵֽל ׃,ולקחת את שתי אבני שהמ ופתחת עליהמ שמות בני ישראל,11,ותסב ית תרתין אבני בורלא ותגלוף עליהן שמהת בני ישראל:,10,"καὶ λήμψῃ τοὺς δύο λίθους, λίθους σμαράγδου, καὶ γλύψεις ἐν αὐτοῖς τὰ ὀνόματα τῶν υἱῶν Ἰσραήλ·",16,ܘܣܒ ܬܪ̈ܬܝܢ ܟܐ̈ܦܐ ܕܒܪܘܠܐ. ܘܓܠܘܦ ܥܠܝܗܝܢ ܫܡ̈ܗܐ ܕܒܢܝ̈ ܐܝܣܪܐܝܠ.,9,"E tomarás duas pedras de berilo, e gravarás nelas os nomes dos filhos de Israel.",15,True,True,True
28,10,Êxodo 28:10,שִׁשָּׁה֙ מִשְּׁמֹתָ֔ם עַ֖ל הָאֶ֣בֶן הָאֶחָ֑ת וְאֶת־ שְׁמ֞וֹת הַשִּׁשָּׁ֧ה הַנּוֹתָרִ֛ים עַל־ הָאֶ֥בֶן הַשֵּׁנִ֖ית כְּתוֹלְדֹתָֽם ׃,ששה משמתמ על האבנ האחת ואת שמות הששה הנותרימ על האבנ השנית כתולדתמ,14,שתא משמהתהון על אבנא חדא וית שמהת שתא דאשתארו על אבנא תניתא כתולדתהון:,13,"ἓξ ὀνόματα ἐπὶ τὸν λίθον τὸν ἕνα, καὶ τὰ ἓξ ὀνόματα τὰ λοιπὰ ἐπὶ τὸν λίθον τὸν δεύτερον, κατὰ τὰς γενέσεις αὐτῶν,",22,ܫܬܐ ܡܢ ܫܡ̈ܗܝܗܘܢ ܓܠܘܦ ܥܠ ܟܐܦܐ ܚܕܐ. ܘܫܬܐ ܫܡ̈ܗܐ ܕܐܫܬܚܪܘ ܓܠܘܦ ܥܠ ܟܐܦܐ ܐܚܪܬܐ. ܐܝܟ ܬܘ̈ܠܕܬܗܘܢ.,16,"Seis dos seus nomes numa pedra, e os seis nomes restantes na outra pedra, segundo a ordem do seu nascimento.",20,True,True,True
28,11,Êxodo 28:11,מַעֲשֵׂ֣ה חָרַשׁ֮ אֶבֶן֒ פִּתּוּחֵ֣י חֹתָ֗ם תְּפַתַּח֙ אֶת־ שְׁתֵּ֣י הָאֲבָנִ֔ים עַל־ שְׁמֹ֖ת בְּנֵ֣י יִשְׂרָאֵ֑ל מֻסַבֹּ֛ת מִשְׁבְּצ֥וֹת זָהָ֖ב תַּעֲשֶׂ֥ה אֹתָֽם ׃,מעשה חרש אבנ פתוחי חתמ תפתח את שתי האבנימ על שמת בני ישראל מסבת משבצות זהב תעשה אתמ,19,עובד אמן אבן טבא כתב מפרש כגלף דעזקא תגלוף ית תרתין אבניא על שמהת בני ישראל משקען מרמצן דדהב תעבד יתהון:,21,ἔργον λιθουργικῆς τέχνης· γλύμμα σφραγῖδος διαγλύψεις τοὺς δύο λίθους ἐπὶ,10,ܥܒ̇ܕܐ ܕܐܘܡܢܐ. ܟܐ̈ܦܐ ܓܠܝܦܬ̈ܐ ܓܠܦ̈ܐ ܕܚܬܡܐ. ܓܠܘܦ ܬܪ̈ܬܝܢ ܟܐ̈ܦܐ ܥܠ ܫܡ̈ܗܐ ܕܒܢ̈ܝ ܐܝܣܪܝܠ. ܡܘܚ̈ܕܢ ܘܡܫܪ̈ܢ ܒܕܗܒܐ ܥܒ̇ܕ ܐܢܝ̈ܢ.,18,"Conforme a obra de lapidário, como a gravura de um selo, gravarás as duas pedras, com os nomes dos filhos de Israel; guarnecidas de engastes de ouro as farás.",29,True,True,True
28,12,Êxodo 28:12,וְשַׂמְתָּ֞ אֶת־ שְׁתֵּ֣י הָאֲבָנִ֗ים עַ֚ל כִּתְפֹ֣ת הָֽאֵפֹ֔ד אַבְנֵ֥י זִכָּרֹ֖ן לִבְנֵ֣י יִשְׂרָאֵ֑ל וְנָשָׂא֩ אַהֲרֹ֨ן אֶת־ שְׁמוֹתָ֜ם לִפְנֵ֧י יְהוָ֛ה עַל־ שְׁתֵּ֥י כְתֵפָ֖יו לְזִכָּרֹֽן ׃ ס,ושמת את שתי האבנימ על כתפת האפד אבני זכרנ לבני ישראל ונשא אהרנ את שמותמ לפני יהוה על שתי כתפיו לזכרנ ס,23,ותשוי ית תרתין אבניא על כתפי אפודא אבני דכרנא לבני ישראל ויטול אהרן ית שמהתהון קדם יי על תרין כתפוהי לדכרנא:,21,"τῶν ὤμων τῆς ἐπωμίδος· λίθοι μνημοσύνου εἰσὶν τοῖς υἱοῖς Ἰσραήλ· καὶ ἀναλήμψεται Ἀαρὼν τὰ ὀνόματα τῶν υἱῶν Ἰσραὴλ ἔναντι Κυρίου ἐπὶ τῶν δύο ὤμων αὐτοῦ, μνημόσυνον περὶ αὐτῶν.",28,ܘܣܝܡ ܬܪ̈ܬܝܢ ܟܐ̈ܦܐ ܥܠ ܟܬ̈ܦܬܗ̇ ܕܦܕܬܐ. ܟܐ̈ܦܐ ܕܕܘܟܪܢܐ ܠܒܢܝ̈ ܐܝܣܪܝܠ. ܘܢܗܘܐ ܫܩ̇ܠ ܐܗܪܘܢ ܫܡ̈ܗܝܗܘܢ ܩܕܡ ܡܪܝܐ. ܥܠ ܬܪ̈ܬܝܢ ܟܬ̈ܦܬܗ ܠܕܘܟܪܢܐ.,20,"E porás as duas pedras nas ombreiras do éfode, para servirem de pedras de memorial para os filhos de Israel; assim sobre um e outro ombro levará Arão diante do Senhor os seus nomes como memorial.",36,True,True,True
28,13,Êxodo 28:13,וְעָשִׂ֥יתָ מִשְׁבְּצֹ֖ת זָהָֽב ׃,ועשית משבצת זהב,4,ותעבד מרמצן דדהב:,3,Καὶ ποιήσεις ἀσπιδίσκας ἐκ χρυσίου καθαροῦ·,6,ܘܥܒ̇ܕ ܡܘܚ̈ܕܬܐ ܕܕܗܒܐ.,3,"Farás também engastes de ouro,",5,True,True,True
28,14,Êxodo 28:14,וּשְׁתֵּ֤י שַׁרְשְׁרֹת֙ זָהָ֣ב טָה֔וֹר מִגְבָּלֹ֛ת תַּעֲשֶׂ֥ה אֹתָ֖ם מַעֲשֵׂ֣ה עֲבֹ֑ת וְנָתַתָּ֛ה אֶת־ שַׁרְשְׁרֹ֥ת הָעֲבֹתֹ֖ת עַל־ הַֽמִּשְׁבְּצֹֽת ׃ ס,ושתי שרשרת זהב טהור מגבלת תעשה אתמ מעשה עבת ונתתה את שרשרת העבתת על המשבצת ס,17,ותרתין תכין דהב דכי מתחמן תעבד יתהון עובד גדילו ותתן ית תכיא גדילתא על מרמצתא:,15,"καὶ ποιήσεις δύο κροσωτὰ ἐκ χρυσίου καθαροῦ, καταμεμιγμένα ἐν ἄνθεσιν, ἔργον πλοκῆς· καὶ ἐπιθήσεις τὰ κροσωτὰ τὰ πεπλεγμένα ἐπὶ τὰς ἀσπιδίσκας κατὰ τὰς παρωμίδας αὐτῶν ἐκ τῶν ἐμπροσθίων.",28,ܘܬܪ̈ܬܝܢ ܫܫ̈ܠܬܐ ܕܕܗܒܐ ܕܟܝܐ ܡܬܐ̈ܡܬܐ ܥܒ̇ܕ ܐ̈ܢܝܢ. ܥܒ̇ܕܐ ܓܕܝܠܐ. ܘܣܝܡ ܬܪ̈ܬܝܢ ܫܫ̈ܠܬܐ ܡܬ̈ܐܡܬܐ ܥܠ ܡܘܚ̈ܕܬܐ.,15,"e duas cadeiazinhas de ouro puro; como cordas as farás, de obra trançada; e aos engastes fixarás as cadeiazinhas de obra trançada.",22,True,True,True
28,15,Êxodo 28:15,וְעָשִׂ֜יתָ חֹ֤שֶׁן מִשְׁפָּט֙ מַעֲשֵׂ֣ה חֹשֵׁ֔ב כְּמַעֲשֵׂ֥ה אֵפֹ֖ד תַּעֲשֶׂ֑נּוּ זָ֠הָב תְּכֵ֨לֶת וְאַרְגָּמָ֜ן וְתוֹלַ֧עַת שָׁנִ֛י וְשֵׁ֥שׁ מָשְׁזָ֖ר תַּעֲשֶׂ֥ה אֹתֽוֹ ׃,ועשית חשנ משפט מעשה חשב כמעשה אפד תעשנו זהב תכלת וארגמנ ותולעת שני ושש משזר תעשה אתו,18,ותעבד חשן דינא עובד אמן כעובד אפודא תעבדניה דהבא תכלא וארגונא וצבע זהורי ובוץ שזיר תעבד יתיה:,17,"Καὶ ποιήσεις λόγιον τῶν κρίσεων, ἔργον ποικιλτοῦ· κατὰ τὸν ῥυθμὸν τῆς ἐπωμίδος ποιήσεις αὐτό· ἐκ χρυσίου καὶ ὑακίνθου καὶ πορφύρας καὶ κοκκίνου κεκλωσμένου καὶ βύσσου κεκλωσμένης",26,ܘܥܒ̇ܕ ܦܪܝܣܐ ܕܕܝܢ̣ܐ ܥܒ̇ܕܐ ܕܐܘܡܢܐ. ܐܝܟ ܥܒ̇ܕܐ ܕܦܕܬܐ ܥܒ̇ܕܝܗܝ ܕܗܒܐ ܘܬܟܠܬܐ ܘܐܪܓܘܢܐ. ܘܨܘܒܥܐ ܕܙܚܘܪܝܬܐ ܘܒܘܨܐ ܥܙܝܠܐ. ܥܒܕܝܗܝ.,17,"Farás também o peitoral do juízo, obra de artífice; conforme a obra do éfode o farás; de ouro, de azul, de púrpura, de carmesim, e de linho fino torcido o farás.",31,True,True,True
28,16,Êxodo 28:16,רָב֥וּעַ יִֽהְיֶ֖ה כָּפ֑וּל זֶ֥רֶת אָרְכּ֖וֹ וְזֶ֥רֶת רָחְבּֽוֹ ׃,רבוע יהיה כפול זרת ארכו וזרת רחבו,8,מרבע יהי עיף זרתא ארכיה וזרתא פתיה:,7,"ποιήσεις αὐτό· τετράγωνον ἔσται, διπλοῦν· σπιθαμῆς τὸ μῆκος αὐτοῦ καὶ σπιθαμῆς τὸ εὖρος.",13,ܡܪܒܥ̣ ܢܗܘܐ ܟܕ ܐܥܝܦ. ܙܪܬ ܐܘܪܟܗ ܘܙܪܬ ܦܬܝܗ.,8,"Quadrado e duplo, será de um palmo o seu comprimento, e de um palmo a sua largura.",17,True,True,True
28,17,Êxodo 28:17,וּמִלֵּאתָ֥ בוֹ֙ מִלֻּ֣אַת אֶ֔בֶן אַרְבָּעָ֖ה טוּרִ֣ים אָ֑בֶן ט֗וּר אֹ֤דֶם פִּטְדָה֙ וּבָרֶ֔קֶת הַטּ֖וּר הָאֶחָֽד ׃,ומלאת בו מלאת אבנ ארבעה טורימ אבנ טור אדמ פטדה וברקת הטור האחד,14,ותשלם ביה אשלמות אבנא ארבעא סדרין אבן טבא סדרא קדמאה סמקן ירקן וברקן סדרא חד:,15,"καὶ καθυφανεῖς ἐν αὐτῷ ὕφασμα κατάλιθον τετράστιχον. στίχος λίθων ἔσται· σάρδιον, τοπάζιον καὶ σμάραγδος ὁ στίχος ὁ εἷς·",18,ܘܬܫܠܡ ܒܗ ܫܠܡܘܬܐ ܕܟܐ̈ܦܐ. ܐܪ̈ܒܥܐ ܣܕܪ̈ܝܢ ܕܟܐ̈ܦܐ. ܣܕܪܐ ܩܕܡܝܐ ܣܘܡܩܐ ܘܙܪܓܐ ܘܒܪܩܐ. ܣܕܪܐ ܚܕ.,14,"E o encherás de pedras de engaste, em quatro fileiras: a primeira será de uma cornalina, um topázio e uma esmeralda;",21,True,True,True
28,18,Êxodo 28:18,וְהַטּ֖וּר הַשֵּׁנִ֑י נֹ֥פֶךְ סַפִּ֖יר וְיָהֲלֹֽם ׃,והטור השני נפכ ספיר ויהלמ,6,וסדרא תנינא אזמרגדין ושבזיז וסבהלום:,5,καὶ ὁ στίχος ὁ δεύτερος ἄνθραξ καὶ σάπφειρος καὶ ἴασπις·,10,ܘܣܕܪܐ ܐܚܪܢܐ ܨܕܝܕܐ ܘܣܦܝܠܐ ܘܢܩܥܬܐ.,5,"a segunda fileira será de uma granada, uma safira e um ônix;",12,True,True,True
28,19,Êxodo 28:19,וְהַטּ֖וּר הַשְּׁלִישִׁ֑י לֶ֥שֶׁם שְׁב֖וֹ וְאַחְלָֽמָה ׃,והטור השלישי לשמ שבו ואחלמה,6,וסדרא תליתאה קנכירי טרקיא ועין עגלא:,6,"καὶ ὁ στίχος ὁ τρίτος λιγύριον, ἀχάτης, ἀμέθυστος·",8,ܘܣܕܪܐ ܬܠܝܬܝܐ. ܩܢܟܝܢܘܢ ܘܩܪܟܕܢܐ ܘܥܝܢ ܥܓܠܐ.,6,"a terceira fileira será de um jacinto, uma ágata e uma ametista;",12,True,True,True
28,20,Êxodo 28:20,וְהַטּוּר֙ הָרְבִיעִ֔י תַּרְשִׁ֥ישׁ וְשֹׁ֖הַם וְיָשְׁפֵ֑ה מְשֻׁבָּצִ֥ים זָהָ֛ב יִהְי֖וּ בְּמִלּוּאֹתָֽם ׃,והטור הרביעי תרשיש ושהמ וישפה משבצימ זהב יהיו במלואתמ,10,וסדרא רביעאה כרום ימא ובורלא ופנטרי מרמצן דדהב יהון באשלמותהון:,10,"καὶ ὁ στίχος ὁ τέταρτος χρυσόλιθος καὶ βηρύλλιον καὶ ὀνύχιον· περικεκαλυμμένα χρυσίῳ, συνδεδεμένα ἐν χρυσίῳ, ἔστωσαν κατὰ στίχον αὐτῶν.",19,ܘܣܕܪܐ ܐܪ̈ܒܝܥܝܐ. ܬܪܫܝܫ ܘܒܪܘܠܐ ܘܝܫܦܗ. ܡܘܚܕܢ ܘܡܫܪ̈ܢ ܒܕܗܒܐ ܢܗܘ̈ܝܢ ܒܫܠܡܘܬܗܝܢ.,10,"e a quarta fileira será de uma crisólita, um berilo e um jaspe; elas serão guarnecidas de ouro nos seus engastes.",21,True,True,True
28,21,Êxodo 28:21,וְ֠הָאֲבָנִים תִּֽהְיֶ֜יןָ עַל־ שְׁמֹ֧ת בְּנֵֽי־ יִשְׂרָאֵ֛ל שְׁתֵּ֥ים עֶשְׂרֵ֖ה עַל־ שְׁמֹתָ֑ם פִּתּוּחֵ֤י חוֹתָם֙ אִ֣ישׁ עַל־ שְׁמ֔וֹ תִּֽהְיֶ֕יןָ לִשְׁנֵ֥י עָשָׂ֖ר שָֽׁבֶט ׃,והאבנימ תהיינ על שמת בני ישראל שתימ עשרה על שמתמ פתוחי חותמ איש על שמו תהיינ לשני עשר שבט,20,ואבניא יהוין על שמהת בני ישראל תרתי עסרי על שמהתהון כתב מפרש כגלוף דעזקא גבר על שמיה תהוין לתרין עסר שבטין:,21,"καὶ οἱ λίθοι ἔστωσαν ἐκ τῶν ὀνομάτων τῶν υἱῶν Ἰσραὴλ δέκα δύο, κατὰ τὰ ὀνόματα αὐτῶν· γλυφαὶ σφραγίδων ἕκαστος κατὰ τὸ ὄνομα ἔστωσαν εἰς δέκα δύο φυλάς.",27,ܘܟܐ̈ܦܐ ܢܗܘ̈ܝܢ ܥܠ ܫܡ̈ܗܐ ܕܒ̈ܢܝ ܐܝܣܪܝܠ. ܬܪ̈ܬܥܣܪܐ ܥܠ ܫܡ̈ܗܝܗܘܢ. ܓܠܝܦ̈ܢ ܓܠܦ̈ܐ ܕܚܬܡܐ. ܓܒܪ ܥܠ ܫܡܗ ܢܗܘ̈ܝܢ ܠܬܪ̈ܥܣܪ ܫܒ̈ܛܝܢ.,18,"Serão, pois, as pedras segundo os nomes dos filhos de Israel, doze segundo os seus nomes; serão como a gravura de um selo, cada uma com o seu nome, para as doze tribos.",33,True,True,True
28,22,Êxodo 28:22,וְעָשִׂ֧יתָ עַל־ הַחֹ֛שֶׁן שַֽׁרְשֹׁ֥ת גַּבְלֻ֖ת מַעֲשֵׂ֣ה עֲבֹ֑ת זָהָ֖ב טָהֽוֹר ׃,ועשית על החשנ שרשת גבלת מעשה עבת זהב טהור,10,ותעבד על חושנא תכין מתחמן עובד גדילו דהב דכי:,9,"καὶ ποιήσεις ἐπὶ τὸ λόγιον κροσοὺς συνπεπλεγμένους, ἔργον ἁλυσιδωτοῦ ἐκ χρυσίου καθαροῦ.",12,ܘܥܒ̇ܕ ܥܠ ܦܪܝܣܐ ܫܫ̈ܠܬܐ ܡܬܐ̈ܡܬܐ. ܥܒ̇ܕܐ ܓܕܝܠܐ ܕܕܗܒܐ ܕܟܝܐ.,9,"Também farás sobre o peitoral cadeiazinhas como cordas, obra de trança, de ouro puro.",14,True,True,True
28,23,Êxodo 28:23,וְעָשִׂ֨יתָ֙ עַל־ הַחֹ֔שֶׁן שְׁתֵּ֖י טַבְּע֣וֹת זָהָ֑ב וְנָתַתָּ֗ אֶת־ שְׁתֵּי֙ הַטַּבָּע֔וֹת עַל־ שְׁנֵ֖י קְצ֥וֹת הַחֹֽשֶׁן ׃,ועשית על החשנ שתי טבעות זהב ונתת את שתי הטבעות על שני קצות החשנ,15,ותעבד על חושנא תרתין עזקן דדהב ותתן ית תרתין עזקתא על תרין סטרי חושנא:,14,"καὶ λήμψεται Ἀαρὼν τὰ ὀνόματα τῶν υἱῶν Ἰσραὴλ ἐπὶ τοῦ λογίου τῆς κρίσεως ἐπὶ τοῦ στήθους, εἰσιόντι εἰς τὸ ἅγιον, μνημόσυνου ἔναντι τοῦ θεοῦ.",24,ܘܥܒ̇ܕ ܠܚܘܣܝܐ ܬܪ̈ܝܢ ܩܘܪ̈ܩܣܐ ܕܕܗܒܐ ܕܟܝܐ. ܘܗܒ ܬܪ̈ܝܢ ܩܘܪ̈ܩܣܝܢ ܥܠ ܬܪ̈ܝܢ ܣܛܪ̈ܘܗܝ ܕܚܘܣܝܐ.,13,"Igualmente sobre o peitoral farás duas argolas de ouro, e porás as duas argolas nas duas extremidades do peitoral.",19,True,True,True
28,24,Êxodo 28:24,וְנָתַתָּ֗ה אֶת־ שְׁתֵּי֙ עֲבֹתֹ֣ת הַזָּהָ֔ב עַל־ שְׁתֵּ֖י הַטַּבָּעֹ֑ת אֶל־ קְצ֖וֹת הַחֹֽשֶׁן ׃,ונתתה את שתי עבתת הזהב על שתי הטבעת אל קצות החשנ,12,ותתן ית תרתין גדילן דדהב על תרתין עזקתא לסטרי חושנא:,10,"καὶ θήσεις ἐπὶ τὸ λόγιον τῆς κρίσεως τοὺς κροσούς· τὰ ἁλυσιδωτὰ ἐπ᾽ ἀμφοτέρων τῶν κλιτῶν τοῦ λογίου ἐπιθήσεις,",18,ܘܗܒ ܬܪ̈ܬܝܢ ܓܕܝ̈ܠܬܐ ܕܕܗܒܐ. ܥܠ ܬܪ̈ܝܢ ܩܘܪ̈ܩܣܝܢ. ܕܥܠ ܬܪ̈ܝܢ ܣܛܪ̈ܘܗܝ ܕܚܘܣܝܐ.,11,"Então meterás as duas cadeiazinhas de ouro, de obra trançada, nas duas argolas nas extremidades do peitoral;",17,True,True,True
28,25,Êxodo 28:25,וְאֵ֨ת שְׁתֵּ֤י קְצוֹת֙ שְׁתֵּ֣י הָעֲבֹתֹ֔ת תִּתֵּ֖ן עַל־ שְׁתֵּ֣י הַֽמִּשְׁבְּצ֑וֹת וְנָתַתָּ֛ה עַל־ כִּתְפ֥וֹת הָאֵפֹ֖ד אֶל־ מ֥וּל פָּנָֽיו ׃,ואת שתי קצות שתי העבתת תתנ על שתי המשבצות ונתתה על כתפות האפד אל מול פניו,17,וית תרתין גדילן דעל תרתין סטרוהי תתן על תרתין מרמצתא ותתן על כתפי אפודא לקבל אפוהי:,16,καὶ τὰς δύο ἀσπιδίσκας ἐπιθήσεις ἐπ᾽ ἀμφοτέρους τοὺς ὤμους τῆς ἐπωμίδος κατὰ πρόσωπον.,13,ܘܬܪ̈ܬܝܢ ܓܕܝ̈ܠܬܐ ܬܬܠ ܥܠ ܬܪ̈ܬܝܢ ܡܘܚ̈ܕܬܐ. ܘܬܬܠ ܥܠ ܟܬ̈ܦܬܗ̇ ܕܦܕܬܐ ܠܘܩܒܠ ܐ̈ܦܝܗ̇.,12,"e as outras duas pontas das duas cadeiazinhas de obra trançada meterás nos dois engastes, e as porás nas ombreiras do éfode, na parte dianteira dele.",26,True,True,True
28,26,Êxodo 28:26,וְעָשִׂ֗יתָ שְׁתֵּי֙ טַבְּע֣וֹת זָהָ֔ב וְשַׂמְתָּ֣ אֹתָ֔ם עַל־ שְׁנֵ֖י קְצ֣וֹת הַחֹ֑שֶׁן עַל־ שְׂפָת֕וֹ אֲשֶׁ֛ר אֶל־ עֵ֥בֶר הָאֵפֹ֖ד בָּֽיְתָה ׃,ועשית שתי טבעות זהב ושמת אתמ על שני קצות החשנ על שפתו אשר אל עבר האפד ביתה,18,ותעבד תרתין עזקן דדהב ותשוי יתהון על תרין סטרי חושנא על ספתיה די לעברא דאפודא מלגיו:,16,καὶ ἐπιθήσεις ἐπὶ τὸ λόγιον τῆς κρίσεως τὴν δήλωσιν καὶ τὴν ἀλήθειαν· καὶ ἔσται ἐπὶ τοῦ στήθους Ἀαρὼν ὅταν εἰσπορεύηται εἰς τὸ ἅγιον ἐναντίον Κυρίου· καὶ οἴσει Ἀαρὼν τὰς κρίσεις τῶν υἱῶν Ἰσραὴλ ἐπὶ τοῦ στήθους ἐναντίον Κυρίου διὰ παντός.,40,ܘܥܒ̇ܕ ܬܪ̈ܝܢ ܩܘܪ̈ܩܣܐ ܕܕܗܒܐ. ܘܣܝܡ ܐܢܘܢ ܥܠ ܬܪ̈ܝܢ ܣܛܪ̈ܘܗܝ ܕܚܘܣܝܐ. ܥܠ ܣܛܪܐ ܕܥܠ ܣܦܬܗ̇ ܕܦܕܬܐ ܡܢ ܠܓܘ.,17,"Farás outras duas argolas de ouro, e as porás nas duas extremidades do peitoral, na sua borda que estiver junto ao lado interior do éfode.",25,True,True,True
28,27,Êxodo 28:27,וְעָשִׂיתָ֮ שְׁתֵּ֣י טַבְּע֣וֹת זָהָב֒ וְנָתַתָּ֣ה אֹתָ֡ם עַל־ שְׁתֵּי֩ כִתְפ֨וֹת הָאֵפ֤וֹד מִלְּמַ֨טָּה֙ מִמּ֣וּל פָּנָ֔יו לְעֻמַּ֖ת מֶחְבַּרְתּ֑וֹ מִמַּ֕עַל לְחֵ֖שֶׁב הָאֵפֽוֹד ׃,ועשית שתי טבעות זהב ונתתה אתמ על שתי כתפות האפוד מלמטה ממול פניו לעמת מחברתו ממעל לחשב האפוד,19,ותעבד תרתין עזקן דדהב ותתן יתהון על תרתין כתפי אפודא מלרע מלקבל אפוהי לקבל בית לופי מעלוי להמין אפודא:,19,Καὶ ποιήσεις ὑποδύτην ποδήρη ὅλον ὑακίνθινον.,6,ܘܥܒ̇ܕ ܬܪ̈ܝܢ ܩܘܪ̈ܩܣܐ ܕܕܗܒܐ. ܘܣܝܡ ܐܢܘܢ ܥܠ ܬܪ̈ܬܝܢ ܟܬܦܬ̈ܗ̇ ܕܦܕܬܐ. ܡܢ ܠܬܚܬ ܡܢ ܠܘܩܒܠ ܐ̈ܦܝܗ̇ ܠܘܩܒܠ ܕܒܩܗ̇. ܠܥܠ ܡܢ ܗܡܝܢܐ ܕܦܕܬܐ.,21,"Farás mais duas argolas de ouro, e as porás nas duas ombreiras do éfode, para baixo, na parte dianteira, junto à costura, e acima do cinto de obra esmerada do éfode.",31,True,True,True
28,28,Êxodo 28:28,וְיִרְכְּס֣וּ אֶת־ הַ֠חֹשֶׁן מטבעתו אֶל־ טַבְּעֹ֤ת הָאֵפֹד֙ בִּפְתִ֣יל תְּכֵ֔לֶת לִֽהְי֖וֹת עַל־ חֵ֣שֶׁב הָאֵפ֑וֹד וְלֹֽא־ יִזַּ֣ח הַחֹ֔שֶׁן מֵעַ֖ל הָאֵפֽוֹד ׃,וירכסו את החשנ מטבעתו אל טבעת האפד בפתיל תכלת להיות על חשב האפוד ולא יזח החשנ מעל האפוד,19,ויחדון ית חושנא מעזקתיה לעזקתא דאפודא בחוטא דתכלתא למהוי על המין אפודא ולא יתפרק חושנא מעלוי אפודא:,17,"καὶ ἔσται τὸ περιστόμιον ἐξ αὐτοῦ μέσον, ᾤαν ἔχον κύκλῳ τοῦ περιστομίου, ἔργον ὑφάντου, τὴν συμβολὴν συνυφασμένην ἐξ αὐτοῦ, ἵνα μὴ ῥαγῇ.",22,ܘܢܕܒܩܘܢܗ ܠܦܪܝܣܐ ܡܢ ܙܩܙܩ̈ܬܗ ܠܙܩܙܩ̈ܬܗ̇ ܕܦܕܬܐ ܒܚܘܛܐ ܕܬܟܠܬܐ. ܠܡܗܘܐ ܥܠ ܗܡܝܢܐ ܕܦܕܬܐ. ܕܠܐ ܢܗܘܐ ܥܒ̇ܪ ܦܪܝܣܐ ܡܢ ܦܕܬܐ.,18,"E ligarão o peitoral, pelas suas argolas, às argolas do éfode por meio de um cordão azul, de modo que fique sobre o cinto de obra esmerada do éfode e não se separe o peitoral do éfode.",37,True,True,True
28,29,Êxodo 28:29,וְנָשָׂ֣א אַ֠הֲרֹן אֶת־ שְׁמ֨וֹת בְּנֵֽי־ יִשְׂרָאֵ֜ל בְּחֹ֧שֶׁן הַמִּשְׁפָּ֛ט עַל־ לִבּ֖וֹ בְּבֹא֣וֹ אֶל־ הַקֹּ֑דֶשׁ לְזִכָּרֹ֥ן לִפְנֵֽי־ יְהוָ֖ה תָּמִֽיד ׃,ונשא אהרנ את שמות בני ישראל בחשנ המשפט על לבו בבאו אל הקדש לזכרנ לפני יהוה תמיד,18,ויטול אהרן ית שמהת בני ישראל בחשן דינא על לביה במעליה לקודשא לדוכרנא קדם יי תדירא:,16,"καὶ ποιήσεις ὑπὸ τὸ λῶμα τοῦ ὑποδύτου κάτωθεν ὡσεὶ ἐξανθούσης ῥόας ῥοίσκους ἐξ ὑακίνθου καὶ πορφύρας καὶ κοκκίνου διανενησμένου καὶ βύσσου κεκλωσμένης, ἐπὶ τοῦ λώματος τοῦ ὑποδύτου κύκλῳ· τὸ αὐτὸ εἶδος ῥοίσκους χρυσοῦς, καὶ κώδωνας ἀνὰ μέσον τούτων περικύκλῳ.",39,ܘܢܗܘܐ ܫ̇ܩܠ ܐܗܪܘܢ ܫܡ̈ܗܐ ܕܒ̈ܢܝ ܐܝܣܪܝܠ ܒܦܪܝܣܐ ܕܕܝܢ̣ܐ ܥܠ ܚܕܝܗ. ܡܐ ܕܥܐܠ ܠܩܘܕܫܐ ܕܘܟܪܢܐ ܩܕܡ ܡܪܝܐ ܐܡܝܢܐܝܬ.,17,"Assim Arão levará os nomes dos filhos de Israel no peitoral do juízo sobre o seu coração, quando entrar no lugar santo, para memorial diante do Senhor continuamente.",28,True,True,True
28,30,Êxodo 28:30,וְנָתַתָּ֞ אֶל־ חֹ֣שֶׁן הַמִּשְׁפָּ֗ט אֶת־ הָאוּרִים֙ וְאֶת־ הַתֻּמִּ֔ים וְהָיוּ֙ עַל־ לֵ֣ב אַהֲרֹ֔ן בְּבֹא֖וֹ לִפְנֵ֣י יְהוָ֑ה וְנָשָׂ֣א אַ֠הֲרֹן אֶת־ מִשְׁפַּ֨ט בְּנֵי־ יִשְׂרָאֵ֧ל עַל־ לִבּ֛וֹ לִפְנֵ֥י יְהוָ֖ה תָּמִֽיד ׃ ס,ונתת אל חשנ המשפט את האורימ ואת התמימ והיו על לב אהרנ בבאו לפני יהוה ונשא אהרנ את משפט בני ישראל על לבו לפני יהוה תמיד ס,28,ותתן בחשן דינא ית אוריא וית תמיא ויהון על לבא דאהרן במעליה קדם יי ויטול אהרן ית דינא דבני ישראל על לביה קדם יי תדירא:,25,παρὰ ῥοίσκον χρυσοῦν κώδωνα καὶ ἄνθινον ἐπὶ τοῦ λώματος τοῦ ὑποδύτου κύκλῳ·,12,ܘܣܝܡ ܥܠ ܦܪܝܣܐ ܕܕܝܢ̣ܐ ܢܗܝܪܐ ܘܫܠܡܐ. ܘܢܗܘܘܢ ܥܠ ܚܕܝܗ ܡܐ ܕܥܐܠ ܩܕܡ ܡܪܝܐ. ܘܢܫܩܘܠ ܐܗܪܘܢ ܕܝܢ̈ܐ ܕܒܢ̈ܝ ܐܝܣܪܝܠ ܥܠ ܚܕܝܗ ܩܕܡ ܡܪܝܐ ܐܡܝܢܐܝܬ.,23,"Também porás no peitoral do juízo o Urim e o Tumim, para que estejam sobre o coração de Arão, quando entrar diante do Senhor; assim Arão levará o juízo dos filhos de Israel sobre o seu coração diante do Senhor continuamente.",41,True,True,True
28,31,Êxodo 28:31,וְעָשִׂ֛יתָ אֶת־ מְעִ֥יל הָאֵפ֖וֹד כְּלִ֥יל תְּכֵֽלֶת ׃,ועשית את מעיל האפוד כליל תכלת,7,ותעבד ית מעילא דאפודא גמיר תכלא:,6,"καὶ ἔσται Ἀαρὼν ἐν τῷ λειτουργεῖν ἀκουστὴ ἡ φωνὴ αὐτοῦ, εἰσιόντι εἰς τὸ ἅγιον ἐναντίον Κυρίου καὶ ἐξιόντι, ἵνα μὴ ἀποθάνῃ.",21,ܘܥܒ̇ܕ ܦܪܙܘܡܐ ܕܦܕܬܐ ܓܡܝܪܐ ܕܬܟܠܬܐ.,5,Também farás o manto do éfode todo de azul.,9,True,True,True
28,32,Êxodo 28:32,וְהָיָ֥ה פִֽי־ רֹאשׁ֖וֹ בְּתוֹכ֑וֹ שָׂפָ֡ה יִֽהְיֶה֩ לְפִ֨יו סָבִ֜יב מַעֲשֵׂ֣ה אֹרֵ֗ג כְּפִ֥י תַחְרָ֛א יִֽהְיֶה־ לּ֖וֹ לֹ֥א יִקָּרֵֽעַ ׃,והיה פי ראשו בתוכו שפה יהיה לפיו סביב מעשה ארג כפי תחרא יהיה לו לא יקרע,17,ויהי פום רישיה כפיל לגויה תורא יהי מקף לפומיה סחור סחור עובד מחי כפום שרין יהי ליה לא יתבזע:,19,"Καὶ ποιήσεις πέταλον χρυσοῦν καθαρόν, καὶ ἐκτυπώσεις ἐν αὐτῷ ἐκτύπωμα σφραγῖδος, ἁγίασμα Κυρίου.",13,ܘܢܗܘܐ ܦܘܡܗ ܕܪܫܗ ܒܓܘܗ. ܣܦܬܐ ܬܗܘܐ ܠܦܘܡܗ ܟܕ ܚ̇ܕܪ. ܥܒ̇ܕܐ ܙܩܝܪܐ ܐܝܟ ܦܘܡ ܣܝܪܣ ܢܗܘܐ ܠܗ ܕܠܐ ܢܨܛܪܐ.,18,"No meio dele haverá uma abertura para a cabeça; esta abertura terá um debrum de obra tecida ao redor, como a abertura de cota de malha, para que não se rompa.",31,True,True,True
28,33,Êxodo 28:33,וְעָשִׂ֣יתָ עַל־ שׁוּלָ֗יו רִמֹּנֵי֙ תְּכֵ֤לֶת וְאַרְגָּמָן֙ וְתוֹלַ֣עַת שָׁנִ֔י עַל־ שׁוּלָ֖יו סָבִ֑יב וּפַעֲמֹנֵ֥י זָהָ֛ב בְּתוֹכָ֖ם סָבִֽיב ׃,ועשית על שוליו רמני תכלת וארגמנ ותולעת שני על שוליו סביב ופעמני זהב בתוכמ סביב,16,ותעבד על שיפולוהי רמוני תכלא וארגונא וצבע זהורי על שיפולוהי סחור סחור וזגין דדהבא ביניהון סחור סחור:,17,"καὶ ἐπιθήσεις αὐτὸ ἐπὶ ὑακίνθου κεκλωσμένης, καὶ ἔσται ἐπὶ τῆς μίτρας· κατὰ πρόσωπον τῆς μίτρας ἔσται.",16,ܘܥܒ̇ܕ ܥܠ ܫ̈ܦܘܠܘܗܝ ܪ̈ܘܡܢܐ ܕܬܟܠܬܐ ܘܐܪܓܘܢܐ . ܘܨܘܒܥܐ ܕܙܚܘܪܝܬܐ ܥܠ ܫ̈ܦܘܠܘܗܝ ܟܕ ܚܕܪ. ܘܙ̈ܓܐ ܕܕܗܒܐ ܒܝܢܬܗܘܢ ܟܕ ܚܕܪ.,18,"E nas suas abas, em todo o seu redor, farás romãs de azul, púrpura e carmesim, e campainhas de ouro, entremeadas com elas ao redor.",25,True,True,True
28,34,Êxodo 28:34,פַּעֲמֹ֤ן זָהָב֙ וְרִמּ֔וֹן פַּֽעֲמֹ֥ן זָהָ֖ב וְרִמּ֑וֹן עַל־ שׁוּלֵ֥י הַמְּעִ֖יל סָבִֽיב ׃,פעמנ זהב ורמונ פעמנ זהב ורמונ על שולי המעיל סביב,11,זגא דדהבא ורמונא זגא דדהבא ורמונא על שיפולי מעילא סחור סחור:,11,"καὶ ἔσται ἐπὶ τοῦ μετώπου Ἀαρών, καὶ ἐξαρεῖ Ἀαρὼν τὰ ἁμαρτήματα τῶν ἁγίων ὅσα ἂν ἁγιάσωσιν οἱ υἱοὶ Ἰσραήλ, παντὸς δόματος τῶν ἁγίων αὐτῶν· καὶ ἔσται ἐπὶ τοῦ μετώπου Ἀαρὼν διὰ παντός, δεκτὸν αὐτοῖς ἔναντι Κυρίου.",36,ܘܙܓܐ ܙܓܐ ܕܕܗܒܐ ܘܪ̈ܘܡܢܐ ܥܠ ܫ̈ܦܘܠܘܗܝ ܕܦܪܙܘܡܐ ܟܕ ܚܕܪ.,9,"uma campainha de ouro, e uma romã, outra campainha de ouro, e outra romã, haverá nas abas do manto ao redor.",21,True,True,True
28,35,Êxodo 28:35,וְהָיָ֥ה עַֽל־ אַהֲרֹ֖ן לְשָׁרֵ֑ת וְנִשְׁמַ֣ע ק֠וֹלוֹ בְּבֹא֨וֹ אֶל־ הַקֹּ֜דֶשׁ לִפְנֵ֧י יְהוָ֛ה וּבְצֵאת֖וֹ וְלֹ֥א יָמֽוּת ׃ ס,והיה על אהרנ לשרת ונשמע קולו בבאו אל הקדש לפני יהוה ובצאתו ולא ימות ס,16,ויהי על אהרן לשמשא וישתמע קליה במעליה לקודשא קדם יי ובמפקיה ולא ימות:,13,"καὶ οἱ κοσυμβωτοὶ τῶν χιτώνων ἐκ βύσσου· καὶ ποιήσεις κίδαριν βυσσίνην, καὶ ζώνην ποιήσεις, ἔργον ποικιλτοῦ.",16,ܘܢܗܘܐ ܥܠ ܐܗܪܘܢ ܠܬܫܡܫܬܐ. ܘܢܫܬܡܥ ܩܠܗ ܡܐ ܕܥܐܠ ܠܩܘܕܫܐ ܩܕܡ ܡܪܝܐ. ܘܡܐ ܕܢܦܩ̇ ܕܠܐ ܢܡܘܬ.,15,"E estará sobre Arão quando ministrar, para que se ouça o sonido ao entrar ele no lugar santo diante do Senhor e ao sair, para que ele não morra.",29,True,True,True
28,36,Êxodo 28:36,וְעָשִׂ֥יתָ צִּ֖יץ זָהָ֣ב טָה֑וֹר וּפִתַּחְתָּ֤ עָלָיו֙ פִּתּוּחֵ֣י חֹתָ֔ם קֹ֖דֶשׁ לַֽיהוָֽה ׃,ועשית ציצ זהב טהור ופתחת עליו פתוחי חתמ קדש ליהוה,11,ותעבד ציצא דדהב דכי ותגלוף עלוהי כתב מפרש קדש ליי:,10,"καὶ τοῖς υἱοῖς Ἀαρὼν ποιήσεις χιτῶνας καὶ ζώνας, καὶ κιδάρεις ποιήσεις αὐτοῖς εἰς τιμὴν καὶ δόξαν.",16,ܘܥܒ̇ܕ ܟܠܝܠܐ ܕܕܗܒܐ ܕܟܝܐ. ܘܓܠܘܦ ܥܠܘܗܝ ܓ̈ܠܦܐ ܕܚܬܡܐ ܩܘܕܫܐ ܠܡܪܝܐ.,10,"Também farás uma lâmina de ouro puro, e nela gravarás como a gravura de um selo: SANTO AO SENHOR.",19,True,True,True
28,37,Êxodo 28:37,וְשַׂמְתָּ֤ אֹתוֹ֙ עַל־ פְּתִ֣יל תְּכֵ֔לֶת וְהָיָ֖ה עַל־ הַמִּצְנָ֑פֶת אֶל־ מ֥וּל פְּנֵֽי־ הַמִּצְנֶ֖פֶת יִהְיֶֽה ׃,ושמת אתו על פתיל תכלת והיה על המצנפת אל מול פני המצנפת יהיה,14,ותשוי יתיה על חוטא דתכלתא ויהי על מצנפתא לקבל אפי מצנפתא יהי:,12,"καὶ ἐνδύσεις αὐτὰ Ἀαρὼν τὸν ἀδελφόν σου καὶ τοὺς υἱοὺς αὐτοῦ μετ᾽ αὐτοῦ· καὶ χρίσεις αὐτούς, καὶ ἐμπλήσεις αὐτῶν τὰς χεῖρας, καὶ ἁγιάσεις αὐτούς, ἵνα ἱερατεύωσίν μοι.",27,ܘܣܝܡܝܗܝ ܥܠ ܚܘܛܐ ܕܬܟܠܬܐ. ܘܢܗܘܐ ܥܠ ܡܨܢܦܬܐ ܘܠܘܩܒܠ ܐ̈ܦܝ ܡܨܢܦܬܐ ܢܗܘܐ.,11,"Pô-la-ás em um cordão azul, de maneira que esteja na mitra; bem na frente da mitra estará.",17,True,True,True
28,38,Êxodo 28:38,וְהָיָה֮ עַל־ מֵ֣צַח אַהֲרֹן֒ וְנָשָׂ֨א אַהֲרֹ֜ן אֶת־ עֲוֺ֣ן הַקֳּדָשִׁ֗ים אֲשֶׁ֤ר יַקְדִּ֨ישׁוּ֙ בְּנֵ֣י יִשְׂרָאֵ֔ל לְכָֽל־ מַתְּנֹ֖ת קָדְשֵׁיהֶ֑ם וְהָיָ֤ה עַל־ מִצְחוֹ֙ תָּמִ֔יד לְרָצ֥וֹן לָהֶ֖ם לִפְנֵ֥י יְהוָֽה ׃,והיה על מצח אהרנ ונשא אהרנ את עונ הקדשימ אשר יקדישו בני ישראל לכל מתנת קדשיהמ והיה על מצחו תמיד לרצונ להמ לפני יהוה,25,ויהי על בית עינוהי דאהרן ויטול אהרן ית עוית קודשיא די יקדשון בני ישראל לכל מתנת קודשיהון ויהי על בית עינוהי תדירא לרעוא להון קדם יי:,26,"καὶ ποιήσεις αὐτοῖς περισκελῆ λινᾶ, καλύψαι ἀσχημοσύνην χρωτὸς αὐτῶν· ἀπὸ ὀσφύος ἕως μηρῶν ἔσται.",14,ܘܢܗܘܐ ܥܠ ܒܝܬ ܥܝܢ̈ܘܗܝ ܕܐܗܪܘܢ. ܘܢܗܘܐ ܫܩ̇ܠ ܐܗܪܘܢ ܚ̈ܛܗܐ ܕܩܘܕܫ̈ܐ. ܕܡܩܕܫܝܢ ܒ̈ܢܝ ܐܝܣܪܝܠ ܠܟܠ ܡܘܗܒܬ ܩ̈ܘܕܫܝܗܘܢ. ܘܢܗܘܐ ܥܠ ܒܝܬ ܥܝܢ̈ܘܗܝ ܐܡܝܢܐܝܬ. ܠܨܒܝܢܐ ܠܗܘܢ ܩܕܡ ܡܪܝܐ.,25,"E estará sobre a testa de Arão, e Arão levará a iniqüidade das coisas santas, que os filhos de Israel consagrarem em todas as suas santas ofertas; e estará continuamente na sua testa, para que eles sejam aceitos diante do Senhor.",41,True,True,True
28,39,Êxodo 28:39,וְשִׁבַּצְתָּ֙ הַכְּתֹ֣נֶת שֵׁ֔שׁ וְעָשִׂ֖יתָ מִצְנֶ֣פֶת שֵׁ֑שׁ וְאַבְנֵ֥ט תַּעֲשֶׂ֖ה מַעֲשֵׂ֥ה רֹקֵֽם ׃,ושבצת הכתנת שש ועשית מצנפת שש ואבנט תעשה מעשה רקמ,11,ותרמץ כתונא בוצא ותעבד מצנפתא דבוצא והמינא תעבד עובד ציר:,10,"καὶ ἕξει Ἀαρὼν αὐτὰ καὶ οἱ υἱοὶ αὐτοῦ ὡς ἂν εἰσπορεύωνται εἰς τὴν σκηνὴν τοῦ μαρτυρίου, ὅταν προσπορεύωνται λειτουργεῖν πρὸς τὸ θυσιαστήριον τοῦ ἁγίου· καὶ οὐκ ἐπάξονται πρὸς ἑαυτοὺς ἁμαρτίαν, ἵνα μὴ ἀποθάνωσιν· νόμιμον αἰώνιον αὐτῷ καὶ τῷ σπέρματι αὐτοῦ μετ᾽ αὐτόν.",42,ܘܥܒ̇ܕ ܟܘܬܝܢܐ ܕܒܘܨܐ. ܘܥܒ̇ܕ ܡܨܢܦܬܐ ܕܒܘܨܐ. ܘܗܡܝܢܐ ܥܒ̇ܕ ܥܒ̇ܕܐ ܕܨܝܪܐ.,10,"Também tecerás a túnica enxadrezada de linho fino; bem como de linho fino farás a mitra; e farás o cinto, obra de bordador.",23,True,True,True
28,40,Êxodo 28:40,וְלִבְנֵ֤י אַהֲרֹן֙ תַּעֲשֶׂ֣ה כֻתֳּנֹ֔ת וְעָשִׂ֥יתָ לָהֶ֖ם אַבְנֵטִ֑ים וּמִגְבָּעוֹת֙ תַּעֲשֶׂ֣ה לָהֶ֔ם לְכָב֖וֹד וּלְתִפְאָֽרֶת ׃,ולבני אהרנ תעשה כתנת ועשית להמ אבנטימ ומגבעות תעשה להמ לכבוד ולתפארת,13,ולבני אהרן תעבד כתונין ותעבד להון המינין וכובעין תעבד להון ליקר ולתשבחן:,12,,0,ܘܠܒ̈ܢܝ ܐܗܪܘܢ ܥܒ̇ܕ ܟܘܬܝܢ̈ܝܬܐ ܘܥܒ̇ܕ ܠܗܘܢ ܗܡܝ̈ܢܐ. ܘܟ̈ܠܘܐ ܬܥܒ̇ܕ ܠܗܘܢ ܠܐܝܩܪܐ ܘܠܫܘܒܚܐ.,12,"Também para os filhos de Arão farás túnicas; e far-lhes-ás cintos; também lhes farás tiaras, para glória e ornamento.",19,True,False,True
28,41,Êxodo 28:41,וְהִלְבַּשְׁתָּ֤ אֹתָם֙ אֶת־ אַהֲרֹ֣ן אָחִ֔יךָ וְאֶת־ בָּנָ֖יו אִתּ֑וֹ וּמָשַׁחְתָּ֨ אֹתָ֜ם וּמִלֵּאתָ֧ אֶת־ יָדָ֛ם וְקִדַּשְׁתָּ֥ אֹתָ֖ם וְכִהֲנ֥וּ לִֽי ׃,והלבשת אתמ את אהרנ אחיכ ואת בניו אתו ומשחת אתמ ומלאת את ידמ וקדשת אתמ וכהנו לי,18,ותלבש יתהון ית אהרן אחוך וית בנוהי עמיה ותרבי יתהון ותקרב ית קרבנהון ותקדש יתהון וישמשון קדמי:,17,,0,ܘܐܠܒܫ ܐܢܘܢ ܠܐܗܪܘܢ ܐܚܘܟ ܘܠܒܢ̈ܘܗܝ ܥܡܗ. ܘܡܫܘܚ ܐܢܘܢ ܘܫܡ̣ܠܐ ܐ̈ܝܕܝܗܘܢ. ܘܩ̇ܕܫ ܐܢܘܢ ܘܢܟܗ̇ܢܘܢ ܠܝ.,14,"E vestirás com eles a Arão, teu irmão, e também a seus filhos, e os ungirás e consagrarás, e os santificarás, para que me administrem o sacerdócio.",27,True,False,True
28,42,Êxodo 28:42,וַעֲשֵׂ֤ה לָהֶם֙ מִכְנְסֵי־ בָ֔ד לְכַסּ֖וֹת בְּשַׂ֣ר עֶרְוָ֑ה מִמָּתְנַ֥יִם וְעַד־ יְרֵכַ֖יִם יִהְיֽוּ ׃,ועשה להמ מכנסי בד לכסות בשר ערוה ממתנימ ועד ירכימ יהיו,12,ועבד להון מכנסין דבוץ לכסאה בשר עריתא מחרצן ועד ירכן יהון:,11,,0,ܘܥܒ̇ܕ ܠܗܘܢ ܦܪ̈ܙܘܡܐ ܕܒܘܨܐ. ܠܡܟܣܝܘ ܒܣܪܐ ܕܥܪܛܠܝܘܬܗܘܢ. ܡܢ ܚ̈ܨܝܗܘܢ ܘܥܕܡܐ ܠܥܛܡ̈ܬܗܘܢ ܢܗܘܘܢ.,12,"Faze-lhes também calções de linho, para cobrirem a carne nua; estender-se-ão desde os lombos até as coxas.",17,True,False,True
28,43,Êxodo 28:43,וְהָיוּ֩ עַל־ אַהֲרֹ֨ן וְעַל־ בָּנָ֜יו בְּבֹאָ֣ם ׀ אֶל־ אֹ֣הֶל מוֹעֵ֗ד א֣וֹ בְגִשְׁתָּ֤ם אֶל־ הַמִּזְבֵּ֨חַ֙ לְשָׁרֵ֣ת בַּקֹּ֔דֶשׁ וְלֹא־ יִשְׂא֥וּ עָוֺ֖ן וָמֵ֑תוּ חֻקַּ֥ת עוֹלָ֛ם ל֖וֹ וּלְזַרְע֥וֹ אַחֲרָֽיו ׃ ס,והיו על אהרנ ועל בניו בבאמ אל אהל מועד או בגשתמ אל המזבח לשרת בקדש ולא ישאו עונ ומתו חקת עולמ לו ולזרעו אחריו ס,27,ויהון על אהרן ועל בנוהי במעלהון למשכן זמנא או במקרבהון למדבחא לשמשא בקודשא ולא יקבלון חובא וימותון קים עלם ליה ולבנוהי בתרוהי:,22,,0,ܘܢܗܘܘܢ ܥܠ ܐܗܪܘܢ ܘܥܠ ܒܢ̈ܘܗܝ. ܡܐ ܕܥܐܠܝܢ ܠܡܫܟܢ ܙܒܢܐ. ܘܡܐ ܕܩܪܒܝܢ ܠܡܕܒܚܐ ܠܡܫܡܫܘ ܒܩܘܕܫܐ. ܕܠܐ ܢܩܒܠܘܢ ܚܛܗܐ ܘܢܡܘܬܘܢ. ܢܡܘܣܐ ܠܥܠܡ ܠܗ ܘܠܙܪܥܗ ܡܢ ܒܬܪܗ.,24,"E estarão sobre Arão e sobre seus filhos, quando entrarem na tenda da revelação, ou quando chegarem ao altar para ministrar no lugar santo, para que não levem iniqüidade e morram; isto será estatuto perpétuo para ele e para a sua descendência depois dele.",44,True,False,True
29,1,Êxodo 29:1,וְזֶ֨ה הַדָּבָ֜ר אֲשֶֽׁר־ תַּעֲשֶׂ֥ה לָהֶ֛ם לְקַדֵּ֥שׁ אֹתָ֖ם לְכַהֵ֣ן לִ֑י לְ֠קַח פַּ֣ר אֶחָ֧ד בֶּן־ בָּקָ֛ר וְאֵילִ֥ם שְׁנַ֖יִם תְּמִימִֽם ׃,וזה הדבר אשר תעשה להמ לקדש אתמ לכהנ לי לקח פר אחד בנ בקר ואילמ שנימ תמיממ,18,ודין פתגמא די תעבד להון לקדשא יתהון לשמשא קדמי סב תור חד בר תורי ודכרין תרין שלמין:,17,"Καὶ ταῦτά ἐστιν ἃ ποιήσεις αὐτοῖς· ἁγιάσεις αὐτοὺς ὥστε ἱερατεύειν μοι αὐτούς· λήμψῃ δὲ μοσχάριον ἐκ βοῶν ἓν καὶ κριοὺς δύο ἀμώμους,",22,ܘܗܟܢܐ ܥܒ̇ܕ ܠܗܘܢ ܘܩ̇ܕܫ ܐܢܘܢ ܠܝ ܠܟܗܢܘܬܐ. ܘܣܒ ܬܘܪܐ ܚܕ ܒܪ ܒܩܪܐ. ܘܕܟܪ̈ܐ ܬܪ̈ܝܢ ܕܠܐ ܡܘܡ .,17,"Isto é o que lhes farás para os santificar, para que me administrem o sacerdócio: Toma um novilho e dois carneiros sem defeito,",23,True,True,True
29,2,Êxodo 29:2,וְלֶ֣חֶם מַצּ֗וֹת וְחַלֹּ֤ת מַצֹּת֙ בְּלוּלֹ֣ת בַּשֶּׁ֔מֶן וּרְקִיקֵ֥י מַצּ֖וֹת מְשֻׁחִ֣ים בַּשָּׁ֑מֶן סֹ֥לֶת חִטִּ֖ים תַּעֲשֶׂ֥ה אֹתָֽם ׃,ולחמ מצות וחלת מצת בלולת בשמנ ורקיקי מצות משחימ בשמנ סלת חטימ תעשה אתמ,15,ולחם פטיר וגריצין פטירין דפילן במשח ואספוגין פטירין דמשיחין במשח סלתא חטין תעבד יתהון:,14,καὶ ἄρτους ἀζύμους πεφυραμένους ἐν ἐλαίῳ καὶ λάγανα ἄζυμα κεχρισμένα ἐν ἐλαίῳ· σεμίδαλιν ἐκ πυρῶν ποιήσεις αὐτά.,17,ܘܠܚܡܐ ܦܛܝܪܐ . ܚܚܪ̈ܬܐ ܦܛܝܪ̈ܬܐ ܕܦܝܠܢ ܒܡܫܚܐ. ܘ̈ܠܓܢܐ ܦܛܝܪ̈ܐ ܕܦܝܠܝܢ ܒܡܫܚܐ. ܕܢܫܝܦܐ ܕܚ̈ܛܐ ܬܥܒ̇ܕ ܐܢܘܢ.,15,"e pão ázimo, e bolos ázimos, amassados com azeite, e coscorões ázimos, untados com azeite; de flor de farinha de trigo os farás;",23,True,True,True
29,3,Êxodo 29:3,וְנָתַתָּ֤ אוֹתָם֙ עַל־ סַ֣ל אֶחָ֔ד וְהִקְרַבְתָּ֥ אֹתָ֖ם בַּסָּ֑ל וְאֶ֨ת־ הַפָּ֔ר וְאֵ֖ת שְׁנֵ֥י הָאֵילִֽם ׃,ונתת אותמ על סל אחד והקרבת אתמ בסל ואת הפר ואת שני האילמ,14,ותתן יתהון על סלא חד ותקרב יתהון בסלא וית תורא וית תרין דכרין:,13,"καὶ ἐπιθήσεις αὐτὰ ἐπὶ κανοῦν ἕν. καὶ προσοίσεις αὐτὰ ἐπὶ τῷ κανῷ, καὶ τὸ μοσχάριον καὶ τοὺς δύο κριούς·",19,ܘܬܣܝܡ ܐܢܘܢ ܒܣܠܐ ܚܕ. ܘܬܩ̇ܪܒ ܐܢܘܢ ܒܣܠܐ. ܘܠܬܘܪܐ ܘܠܬܪ̈ܝܢ ܕܟܪ̈ܝܢ.,10,"e os porás num cesto, e os trarás no cesto, com o novilho e os dois carneiros.",17,True,True,True
29,4,Êxodo 29:4,וְאֶת־ אַהֲרֹ֤ן וְאֶת־ בָּנָיו֙ תַּקְרִ֔יב אֶל־ פֶּ֖תַח אֹ֣הֶל מוֹעֵ֑ד וְרָחַצְתָּ֥ אֹתָ֖ם בַּמָּֽיִם ׃,ואת אהרנ ואת בניו תקריב אל פתח אהל מועד ורחצת אתמ במימ,13,וית אהרן וית בנוהי תקרב לתרע משכן זמנא ותסחי יתהון במיא:,11,"καὶ Ἀαρὼν καὶ τοὺς υἱοὺς αὐτοῦ προσάξεις ἐπὶ τὰς θύρας τῆς σκηνῆς τοῦ μαρτυρίου, καὶ λούσεις αὐτοὺς ἐν ὕδατι.",19,ܘܠܐܗܪܘܢ ܘܠܒܢ̈ܘܗܝ ܩ̇ܪܒ ܠܬܪܥܐ ܕܡܫܟܢܙܒܢܐ. ܘܐܣܚ̇ܐ ܐܢܘܢ ܒܡ̈ܝܐ.,8,"Então farás chegar Arão e seus filhos à porta da tenda da revelação e os lavarás, com água.",18,True,True,True
29,5,Êxodo 29:5,וְלָקַחְתָּ֣ אֶת־ הַבְּגָדִ֗ים וְהִלְבַּשְׁתָּ֤ אֶֽת־ אַהֲרֹן֙ אֶת־ הַכֻּתֹּ֔נֶת וְאֵת֙ מְעִ֣יל הָאֵפֹ֔ד וְאֶת־ הָאֵפֹ֖ד וְאֶת־ הַחֹ֑שֶׁן וְאָפַדְתָּ֣ ל֔וֹ בְּחֵ֖שֶׁב הָאֵפֹֽד ׃,ולקחת את הבגדימ והלבשת את אהרנ את הכתנת ואת מעיל האפד ואת האפד ואת החשנ ואפדת לו בחשב האפד,20,ותסב ית לבושיא ותלבש ית אהרן ית כתונא וית מעיל אפודא וית אפודא וית חושנא ותתקן ליה בהמין אפודא:,19,"καὶ λαβὼν τὰς στολὰς ἐνδύσεις Ἀαρὼν τὸν ἀδελφόν σου, καὶ τὸν χιτῶνα τὸν ποδήρη καὶ τὴν ἐπωμίδα καὶ τὸ λόγιον πρὸς τὴν ἐπωμίδα.",23,ܘܣܒ ܠܒ̈ܘܫܐ ܘܐܠܒܫ ܠܐܗܪܘܢ. ܟܘܬܝܢܐ ܘܦܪܙܘܡܐ ܘܡܨܢܦܬܐ . ܘܦܕܬܐ ܘܦܪܝܣܐ. ܘܬܩܢܝܗܝ ܒܗܡܝܢܐ ܕܦܕܬܐ.,13,"Depois tomarás as vestes, e vestirás a Arão da túnica e do manto do éfode, e do éfode mesmo, e do peitoral, e lhe cingirás o éfode com o seu cinto de obra esmerada;",34,True,True,True
29,6,Êxodo 29:6,וְשַׂמְתָּ֥ הַמִּצְנֶ֖פֶת עַל־ רֹאשׁ֑וֹ וְנָתַתָּ֛ אֶת־ נֵ֥זֶר הַקֹּ֖דֶשׁ עַל־ הַמִּצְנָֽפֶת ׃,ושמת המצנפת על ראשו ונתת את נזר הקדש על המצנפת,11,ותשוי מצנפתא על רישיה ותתן ית כלילא דקודשא על מצנפתא:,10,"καὶ θήσεις τὴν μίτραν ἐπὶ τὴν κεφαλὴν αὐτοῦ, καὶ ἐπιθήσεις τὸ πέταλον τὸ ἁγίασμα ἐπὶ τὴν μίτραν.",17,ܘܣܝܡ ܡܨܢܦܬܐ ܒܪܫܗ. ܘܣܝܡ ܟܠܝܠܐ ܕܩܘܕܫܐ ܥܠ ܡܨܢܦܬܐ.,8,e pôr-lhe-ás a mitra na cabeça; e sobre a mitra porás a coroa de santidade;,15,True,True,True
29,7,Êxodo 29:7,וְלָֽקַחְתָּ֙ אֶת־ שֶׁ֣מֶן הַמִּשְׁחָ֔ה וְיָצַקְתָּ֖ עַל־ רֹאשׁ֑וֹ וּמָשַׁחְתָּ֖ אֹתֽוֹ ׃,ולקחת את שמנ המשחה ויצקת על ראשו ומשחת אתו,10,ותסב ית משחא דרבותא ותריק על רישיה ותרבי יתיה:,9,"καὶ λήμψῃ τοῦ ἐλαίου τοῦ χρίσματος καὶ ἐπιχεεῖς αὐτὸ ἐπὶ τὴν κεφαλὴν αὐτοῦ, καὶ χρίσεις αὐτόν.",16,ܘܣܒ ܡܫܚܐ ܕܡܫܝܚܘܬܐ. ܘܣܘܟ ܒܪܫܗ ܘܡܫܘܚܝܗܝ.,6,"então tomarás o óleo da unção e, derramando-lho sobre a cabeça, o ungirás.",13,True,True,True
29,8,Êxodo 29:8,וְאֶת־ בָּנָ֖יו תַּקְרִ֑יב וְהִלְבַּשְׁתָּ֖ם כֻּתֳּנֹֽת ׃,ואת בניו תקריב והלבשתמ כתנת,6,וית בנוהי תקרב ותלבשנון כתונין:,5,"καὶ τοὺς υἱοὺς αὐτοῦ προσάξεις, καὶ ἐνδύσεις αὐτοὺς χιτῶνας·",9,ܘܩ̇ܪܒ ܠܒ̈ܢܘܗܝ ܘܐܠܒܫ ܐܢܘܢ ܟܘܬ̈ܝܢܝܬܐ.,5,"Depois farás chegar seus filhos, e lhes farás vestir túnicas,",10,True,True,True
29,9,Êxodo 29:9,וְחָגַרְתָּ֩ אֹתָ֨ם אַבְנֵ֜ט אַהֲרֹ֣ן וּבָנָ֗יו וְחָבַשְׁתָּ֤ לָהֶם֙ מִגְבָּעֹ֔ת וְהָיְתָ֥ה לָהֶ֛ם כְּהֻנָּ֖ה לְחֻקַּ֣ת עוֹלָ֑ם וּמִלֵּאתָ֥ יַֽד־ אַהֲרֹ֖ן וְיַד־ בָּנָֽיו ׃,וחגרת אתמ אבנט אהרנ ובניו וחבשת להמ מגבעת והיתה להמ כהנה לחקת עולמ ומלאת יד אהרנ ויד בניו,19,ותזרז יתהון המינין אהרן ובנוהי ותתקן להון כובעין ותהי להון כהנתא לקים עלם ותקרב קרבנא דאהרן וקרבנא דבנוהי:,18,"καὶ ζώσεις αὐτοὺς ταῖς ζώναις, καὶ περιθήσεις αὐτοῖς τὰς κιδάρεις· καὶ ἔσται αὐτοῖς ἱερατία μοι εἰς τὸν αἰῶνα· καὶ τελειώσεις Ἀαρὼν τὰς χεῖρας αὐτοῦ καὶ τὰς χεῖρας τῶν υἱῶν αὐτοῦ.",30,ܘܐܣܘܪ ܐܢܘܢ ܗܡܝ̈ܢܐ ܠܐܗܪܘܢ ܘܠܒܢ̈ܘܗܝ. ܘܣܝܡ ܠܗܘܢ ܟ̈ܠܘܐ. ܘܬܗܘܐ ܠܗܘܢ ܟܗܢܘܬܗܘܢ ܠܩܝܡܐ ܕܠܥܠܡ. ܘܬܫܡܠܐ ܐܝܕܗ ܕܐܗܪܘܢ ܘܐܝ̈ܕܐ ܕܒܢ̈ܘܗܝ.,18,"e os cingirás com cintos, a Arão e a seus filhos, e lhes atarás as tiaras. Por estatuto perpétuo eles terão o sacerdócio; consagrarás, pois, a Arão e a seus filhos.",31,True,True,True
29,10,Êxodo 29:10,וְהִקְרַבְתָּ֙ אֶת־ הַפָּ֔ר לִפְנֵ֖י אֹ֣הֶל מוֹעֵ֑ד וְסָמַ֨ךְ אַהֲרֹ֧ן וּבָנָ֛יו אֶת־ יְדֵיהֶ֖ם עַל־ רֹ֥אשׁ הַפָּֽר ׃,והקרבת את הפר לפני אהל מועד וסמכ אהרנ ובניו את ידיהמ על ראש הפר,15,ותקרב ית תורא לקדם משכן זמנא ויסמוך אהרן ובנוהי ית ידיהון על ריש תורא:,14,"καὶ προσάξεις τὸν μόσχον ἐπὶ τὰς θύρας τῆς σκηνῆς τοῦ μαρτυρίου, καὶ ἐπιθήσουσιν Ἀαρὼν καὶ οἱ υἱοὶ αὐτοῦ τὰς χεῖρας ἐπὶ τὴν κεφαλὴν τοῦ μόσχου ἔναντι Κυρίου παρὰ τὰς θύρας τῆς σκηνῆς τοῦ μαρτυρίου·",34,ܘܩ̇ܪܒ ܬܘܪܐ ܩܕܡ ܡܫܟܢܙܒܢܐ. ܘܢܣܡܟܘܢ ܐܗܪܘܢ ܘܒܢ̈ܘܗܝ. ܐܝ̈ܕܝܗܘܢ ܥܠ ܪܫܗ ܕܬܘܪܐ.,11,"Farás chegar o novilho diante da tenda da revelação, e Arão e seus filhos porão as mãos sobre a cabeça do novilho;",22,True,True,True
29,11,Êxodo 29:11,וְשָׁחַטְתָּ֥ אֶת־ הַפָּ֖ר לִפְנֵ֣י יְהוָ֑ה פֶּ֖תַח אֹ֥הֶל מוֹעֵֽד ׃,ושחטת את הפר לפני יהוה פתח אהל מועד,9,ותכוס ית תורא קדם יי בתרע משכן זמנא:,8,καὶ σφάξεις τὸν μόσχον ἐναντίον Κυρίου παρὰ τὰς θύρας τῆς σκηνῆς τοῦ μαρτυρίου.,13,ܘܟܘܣܝܗܝ ܠܬܘܪܐ ܩܕܡ ܡܪܝܐ ܒܬܪܥܐ ܕܡܫܟܢܙܒܢܐ.,6,"e imolarás o novilho perante o Senhor, à porta da tenda da revelação.",13,True,True,True
29,12,Êxodo 29:12,וְלָֽקַחְתָּ֙ מִדַּ֣ם הַפָּ֔ר וְנָתַתָּ֛ה עַל־ קַרְנֹ֥ת הַמִּזְבֵּ֖חַ בְּאֶצְבָּעֶ֑ךָ וְאֶת־ כָּל־ הַדָּ֣ם תִּשְׁפֹּ֔ךְ אֶל־ יְס֖וֹד הַמִּזְבֵּֽחַ ׃,ולקחת מדמ הפר ונתתה על קרנת המזבח באצבעכ ואת כל הדמ תשפכ אל יסוד המזבח,16,ותסב מדמא דתורא ותתן על קרנת מדבחא באצבעך וית כל דמא תישוד ליסודא דמדבחא:,14,"καὶ λήμψῃ ἀπὸ τοῦ αἵματος τοῦ μόσχου, καὶ θήσεις ἐπὶ τῶν κεράτων τοῦ θυσιαστηρίου τῷ δακτύλῳ σου· τὸ δὲ λοιπὸν πᾶν αἷμα ἐκχεεῖς παρὰ τὴν βάσιν τοῦ θυσιαστηρίου.",28,ܘܣܒ ܡܢ ܕܡܗ ܕܬܘܪܐ. ܘܪܘܣ ܥܠ ܩܪ̈ܢܬܗ ܕܡܕܒܚܐ ܒܨܒܥܟ. ܘܟܠܗ ܕܡܐ ܐܫܘܕ ܥܠ ܫ̈ܦܘܠܝ ܡܕܒܚܐ.,15,"Depois tomarás do sangue do novilho, e com o dedo o porás sobre as pontas do altar, e todo o sangue restante derramarás à base do altar.",27,True,True,True
29,13,Êxodo 29:13,וְלָֽקַחְתָּ֗ אֶֽת־ כָּל־ הַחֵלֶב֮ הַֽמְכַסֶּ֣ה אֶת־ הַקֶּרֶב֒ וְאֵ֗ת הַיֹּתֶ֨רֶת֙ עַל־ הַכָּבֵ֔ד וְאֵת֙ שְׁתֵּ֣י הַכְּלָיֹ֔ת וְאֶת־ הַחֵ֖לֶב אֲשֶׁ֣ר עֲלֵיהֶ֑ן וְהִקְטַרְתָּ֖ הַמִּזְבֵּֽחָה ׃,ולקחת את כל החלב המכסה את הקרב ואת היתרת על הכבד ואת שתי הכלית ואת החלב אשר עליהנ והקטרת המזבחה,21,ותסב ית כל תרבא דחפי ית גוא וית חצרא דעל כבדא וית תרתין כלין וית תרבא די עליהן ותסיק למדבחא:,20,"καὶ λήμψῃ πᾶν τὸ στέαρ τὸ ἐπὶ τῆς κοιλίας καὶ τὸν λοβὸν τοῦ ἥπατος καὶ τοὺς δύο νεφροὺς καὶ τὸ στέαρ τὸ ἐπ᾽ αὐτῶν, καὶ ἐπιθήσεις ἐπὶ τὸ θυσιαστήριον.",29,ܘܣܒ ܟܠܗ ܚܠܒܐ ܕܩܪܝܡ ܠܓܘܝܐ. ܘܚܨܪ ܟܒܕܐ ܘܬܪ̈ܬܝܢ ܟܘ̈ܠܝܢ ܘܬܪܒܗܝܢ. ܘܐܣܩ ܠܡܕܒܚܐ.,12,"Também tomarás toda a gordura que cobre as entranhas, o redenho do fígado, os dois rins e a gordura que houver neles, e queimá-los-ás sobre o altar;",27,True,True,True
29,14,Êxodo 29:14,וְאֶת־ בְּשַׂ֤ר הַפָּר֙ וְאֶת־ עֹר֣וֹ וְאֶת־ פִּרְשׁ֔וֹ תִּשְׂרֹ֣ף בָּאֵ֔שׁ מִח֖וּץ לַֽמַּחֲנֶ֑ה חַטָּ֖את הֽוּא ׃,ואת בשר הפר ואת ערו ואת פרשו תשרפ באש מחוצ למחנה חטאת הוא,14,וית בסרא דתורא וית משכיה וית אוכליה תוקיד בנורא מברא למשריתא חטאתא הוא:,13,τὰ δὲ κρέα τοῦ μόσχου καὶ τὸ δέρμα καὶ τὴν κόπρον κατακαύσεις πυρὶ ἔξω τῆς παρεμβολῆς· ἁμαρτίας γάρ ἐστιν.,19,ܘܒܣܪܗ ܕܬܘܪܐ ܘܡܫܟܗ ܘܦܪܬܗ. ܬܘܩܕ ܒܢܘܪܐ ܠܒܪ ܡܢ ܡܫܪܝܬܐ. ܚܛܗܐ ܗܘ.,11,"mas a carne do novilho, o seu couro e o seu excremento queimarás fora do arraial; é sacrifício pelo pecado.",20,True,True,True
29,15,Êxodo 29:15,וְאֶת־ הָאַ֥יִל הָאֶחָ֖ד תִּקָּ֑ח וְסָ֨מְכ֜וּ אַהֲרֹ֧ן וּבָנָ֛יו אֶת־ יְדֵיהֶ֖ם עַל־ רֹ֥אשׁ הָאָֽיִל ׃,ואת האיל האחד תקח וסמכו אהרנ ובניו את ידיהמ על ראש האיל,13,וית דכרא חד תסב ויסמכון אהרן ובנוהי ית ידיהון על ריש דכרא:,12,"καὶ τὸν κριὸν λήμψῃ τὸν ἕνα, καὶ ἐπιθήσουσιν Ἀαρὼν καὶ οἱ υἱοὶ αὐτοῦ τὰς χεῖρας αὐτῶν ἐπὶ τὴν κεφαλὴν τοῦ κριοῦ·",21,ܘܕܟܪܐ ܚܕ ܬܣܒ. ܘܢܣܡܟܘܢ ܐܗܪܘܢ ܘܒܢ̈ܘܗܝ ܐ̈ܝܕܝܗܘܢ ܥܠ ܪܫܗ ܕܕܟܪܐ.,10,"Depois tomarás um carneiro, e Arão e seus filhos porão as mãos sobre a cabeça dele,",16,True,True,True
29,16,Êxodo 29:16,וְשָׁחַטְתָּ֖ אֶת־ הָאָ֑יִל וְלָֽקַחְתָּ֙ אֶת־ דָּמ֔וֹ וְזָרַקְתָּ֥ עַל־ הַמִּזְבֵּ֖חַ סָבִֽיב ׃,ושחטת את האיל ולקחת את דמו וזרקת על המזבח סביב,11,ותכוס ית דכרא ותסב ית דמיה ותזרוק על מדבחא סחור סחור:,11,"καὶ σφάξεις αὐτόν, καὶ λαβὼν τὸ αἷμα προσχεεῖς πρὸς τὸ θυσιαστήριον κύκλῳ.",12,ܘܟܘܣܝܗܝ ܠܕܟܪܐ ܘܣܒ ܡܢ ܕܡܗ. ܘܪܘܣ ܥܠ ܡܕܒܚܐ ܟܕ ܚܕܪ.,10,"e imolarás o carneiro e, tomando o seu sangue, o espargirás sobre o altar ao redor;",16,True,True,True
29,17,Êxodo 29:17,וְאֶ֨ת־ הָאַ֔יִל תְּנַתֵּ֖חַ לִנְתָחָ֑יו וְרָחַצְתָּ֤ קִרְבּוֹ֙ וּכְרָעָ֔יו וְנָתַתָּ֥ עַל־ נְתָחָ֖יו וְעַל־ רֹאשֽׁוֹ ׃,ואת האיל תנתח לנתחיו ורחצת קרבו וכרעיו ונתת על נתחיו ועל ראשו,13,וית דכרא תפלג לאברוהי ותחליל גויה וכרעוהי ותתן על אברוהי ועל רישיה:,12,"καὶ τὸν κριὸν διχοτομήσεις κατὰ μέλη, καὶ πλυνεῖς τὰ ἐνδόσθια καὶ τοὺς πόδας ὕδατι, καὶ ἐπιθήσεις τὰ διχοτομήματα σὺν τῇ κεφαλῇ.",21,ܘܕܟܪܐ ܦܫ̇ܚ ܗ̈ܕܡܘܗܝ. ܘܐܫܝܓ ܓܘܝܗ ܘܟܪ̈ܥܘܗܝ. ܘܬܬܠ ܥܠ ܗ̈ܕܡܘܗܝ ܘܥܠ ܪܫܗ.,11,"e partirás o carneiro em suas partes, e lavarás as suas entranhas e as suas pernas, e as porás sobre as suas partes e sobre a sua cabeça.",28,True,True,True
29,18,Êxodo 29:18,וְהִקְטַרְתָּ֤ אֶת־ כָּל־ הָאַ֨יִל֙ הַמִּזְבֵּ֔חָה עֹלָ֥ה ה֖וּא לַֽיהוָ֑ה רֵ֣יחַ נִיח֔וֹחַ אִשֶּׁ֥ה לַיהוָ֖ה הֽוּא ׃,והקטרת את כל האיל המזבחה עלה הוא ליהוה ריח ניחוח אשה ליהוה הוא,14,ותסיק ית כל דכרא למדבחא עלתא הוא קדם יי לאתקבלא ברעוא קרבנא קדם יי הוא:,15,"καὶ ἀνοίσεις ὅλον τὸν κριὸν ἐπὶ τὸ θυσιαστήριον, ὁλοκαύτωμα Κυρίῳ εἰς ὀσμὴν εὐωδίας· θυμίαμα Κυρίῳ ἔσται.",16,ܘܬ̇ܣܩ ܟܠܗ ܕܟܪܐ ܠܡܕܒܚܐ . ܥܠܬܐ ܗܘ ܠܡܪܝܐ ܠܪܝܚ ܢܝܚܐ ܩܘܪܒܢܐ ܠܡܪܝܐ.,12,"Assim queimarás todo o carneiro sobre o altar; é um holocausto para o Senhor; é cheiro suave, oferta queimada ao Senhor.",21,True,True,True
29,19,Êxodo 29:19,וְלָ֣קַחְתָּ֔ אֵ֖ת הָאַ֣יִל הַשֵּׁנִ֑י וְסָמַ֨ךְ אַהֲרֹ֧ן וּבָנָ֛יו אֶת־ יְדֵיהֶ֖ם עַל־ רֹ֥אשׁ הָאָֽיִל ׃,ולקחת את האיל השני וסמכ אהרנ ובניו את ידיהמ על ראש האיל,13,ותסב ית דכרא תנינא ויסמוך אהרן ובנוהי ית ידיהון על ריש דכרא:,12,"καὶ λήμψῃ τὸν κριὸν τὸν δεύτερον, καὶ ἐπιθήσει Ἀαρὼν καὶ οἱ υἱοὶ αὐτοῦ τὰς χεῖρας αὐτῶν ἐπὶ τὴν κεφαλὴν τοῦ κριοῦ·",21,ܘܬܣܒ ܕܟܪܐ ܬܢܝܢܐ. ܘܢܣܡܘܟ ܐܗܪܘܢ ܘܒܢ̈ܘܗܝ ܐ̈ܝܕܝܗܘܢ ܥܠ ܪܫܗ ܕܕܟܪܐ.,10,"e imolarás o carneiro, e tomarás do seu sangue, e o porás sobre a ponta da orelha direita de Arão e sobre a ponta da orelha direita de seus filhos, como também sobre o dedo polegar da sua mão direita e sobre o dedo polegar do seu pé direito; e espargirás o sangue sobre o altar ao redor.",58,True,True,True
29,20,Êxodo 29:20,וְשָׁחַטְתָּ֣ אֶת־ הָאַ֗יִל וְלָקַחְתָּ֤ מִדָּמוֹ֙ וְנָֽתַתָּ֡ה עַל־ תְּנוּךְ֩ אֹ֨זֶן אַהֲרֹ֜ן וְעַל־ תְּנ֨וּךְ אֹ֤זֶן בָּנָיו֙ הַיְמָנִ֔ית וְעַל־ בֹּ֤הֶן יָדָם֙ הַיְמָנִ֔ית וְעַל־ בֹּ֥הֶן רַגְלָ֖ם הַיְמָנִ֑ית וְזָרַקְתָּ֧ אֶת־ הַדָּ֛ם עַל־ הַמִּזְבֵּ֖חַ סָבִֽיב ׃,ושחטת את האיל ולקחת מדמו ונתתה על תנוכ אזנ אהרנ ועל תנוכ אזנ בניו הימנית ועל בהנ ידמ הימנית ועל בהנ רגלמ הימנית וזרקת את הדמ על המזבח סביב,30,ותכוס ית דכרא ותסב מדמיה ותתן על רום אודנא דאהרן ועל רום אודנא דבנוהי דימינא ועל אליון ידיהון דימינא ועל אליון רגליהון דימינא ותזרוק ית דמא על מדבחא סחור סחור:,30,"καὶ σφάξεις αὐτόν, καὶ λήμψῃ τοῦ αἵματος αὐτοῦ, καὶ ἐπιθήσεις ἐπὶ τὸν λοβὸν τοῦ ὠτὸς Ἀαρὼν τοῦ δεξιοῦ καὶ ἐπὶ τὸ ἄκρον τῆς δεξιᾶς χειρὸς καὶ ἐπὶ τὸ ἄκρον τοῦ ποδὸς τοῦ δεξιοῦ καὶ ἐπὶ τοὺς λοβοὺς τῶν ὤτων τῶν υἱῶν αὐτοῦ τῶν δεξιῶν καὶ ἐπὶ τὰ ἄκρα τῶν χειρῶν αὐτῶν τῶν δεξιῶν καὶ ἐπὶ τὰ ἄκρα τῶν ποδῶν αὐτῶν τῶν δεξιῶν.",62,ܘܟܘܣܝܗܝ ܠܕܟܪܐ ܘܣܒ ܡܢ ܕܡܗ. ܘܪܘܣ ܥܠ ܛܪܦܐ ܕܐܕܢܗ ܕܐܗܪܘܢ ܕܝܡܝܢܐ. ܘܥܠ ܛܪ̈ܦܐ ܕܐ̈ܕܢܐ ܕܒܢ̈ܘܗܝ ܕܝܡܝܢܐ. ܘܥܠ ܟܪ̈ܘܬܐ ܕܐ̈ܝܕܝܗܘܢ ܕܝܡܝܢܐ. ܘܥܠ ܟܪ̈ܘܬܐ ܕܪ̈ܓܠܝܗܘܢ ܕܝܡܝܢܐ. ܘܬܪܘܣ ܕܡܐ ܥܠ ܡܕܒܚܐ ܟܕ ܚ̇ܕܪ.,30,"Então tomarás do sangue que estará sobre o altar, e do óleo da unção, e os espargirás sobre Arão e sobre as suas vestes, e sobre seus filhos, e sobre as vestes de seus filhos com ele; assim ele será santificado e as suas vestes, também seus filhos e as vestes de seus filhos com ele.",56,True,True,True
29,21,Êxodo 29:21,וְלָקַחְתָּ֞ מִן־ הַדָּ֨ם אֲשֶׁ֥ר עַֽל־ הַמִּזְבֵּחַ֮ וּמִשֶּׁ֣מֶן הַמִּשְׁחָה֒ וְהִזֵּיתָ֤ עַֽל־ אַהֲרֹן֙ וְעַל־ בְּגָדָ֔יו וְעַל־ בָּנָ֛יו וְעַל־ בִּגְדֵ֥י בָנָ֖יו אִתּ֑וֹ וְקָדַ֥שׁ הוּא֙ וּבְגָדָ֔יו וּבָנָ֛יו וּבִגְדֵ֥י בָנָ֖יו אִתּֽוֹ ׃,ולקחת מנ הדמ אשר על המזבח ומשמנ המשחה והזית על אהרנ ועל בגדיו ועל בניו ועל בגדי בניו אתו וקדש הוא ובגדיו ובניו ובגדי בניו אתו,27,ותסב מן דמא די על מדבחא וממשחא דרבותא ותדי על אהרן ועל לבושוהי ועל בנוהי ועל לבושי בנוהי עמיה ויתקדש הוא ולבושוהי ובנוהי ולבושי בנוהי עמיה:,26,"καὶ λήμψῃ ἀπὸ τοῦ αἵματος τοῦ ἀπὸ τοῦ θυσιαστηρίου καὶ ἀπὸ τοῦ ἐλαίου τῆς χρίσεως, καὶ ῥανεῖς ἐπὶ Ἀαρὼν καὶ ἐπὶ τὴν στολὴν αὐτοῦ, καὶ ἐπὶ τοὺς υἱοὺς αὐτοῦ καὶ ἐπὶ τὰς στολὰς τῶν υἱῶν αὐτοῦ μετ᾽ αὐτοῦ· καὶ ἁγιασθήσεται αὐτὸς καὶ ἡ στολὴ αὐτοῦ, καὶ οἱ υἱοὶ αὐτοῦ καὶ αἱ στολαὶ τῶν υἱῶν αὐτοῦ μετ᾽ αὐτοῦ· τὸ δὲ αἷμα τοῦ κριοῦ προσχεεῖς πρὸς τὸ θυσιαστήριον κύκλῳ.",67,ܘܬܣܒ ܡܢ ܕܡܐ ܕܥܠ ܡܕܒܚܐ. ܘܡܢ ܡܫܚܐ ܕܡܫܝܚܘܬܐ. ܘܬܪܘܣ ܥܠ ܐܗܪܘܢ ܘܥܠ ܠܒ̈ܘܫܘܗܝ. ܘܥܠ ܒܢ̈ܘܗܝ. ܘܥܠ ܠܒ̈ܘܫܐ ܕܒܢ̈ܘܗܝ ܥܡܗ. ܘܢܬܩܕܫ ܗ̣ܘ ܘܠܒ̈ܘܫܘܗܝ. ܘܒܢ̈ܘܗܝ ܘܠܒ̈ܘܫܐ ܕܒܢ̈ܘܗܝ ܥܡܗ.,26,"Depois tomarás do carneiro a gordura e a cauda gorda, a gordura que cobre as entranhas e o redenho do fígado, os dois rins com a gordura que houver neles e a coxa direita {porque é carneiro de consagração},",39,True,True,True
29,22,Êxodo 29:22,וְלָקַחְתָּ֣ מִן־ הָ֠אַיִל הַחֵ֨לֶב וְהָֽאַלְיָ֜ה וְאֶת־ הַחֵ֣לֶב ׀ הַֽמְכַסֶּ֣ה אֶת־ הַקֶּ֗רֶב וְאֵ֨ת יֹתֶ֤רֶת הַכָּבֵד֙ וְאֵ֣ת ׀ שְׁתֵּ֣י הַכְּלָיֹ֗ת וְאֶת־ הַחֵ֨לֶב֙ אֲשֶׁ֣ר עֲלֵהֶ֔ן וְאֵ֖ת שׁ֣וֹק הַיָּמִ֑ין כִּ֛י אֵ֥יל מִלֻּאִ֖ים הֽוּא ׃,ולקחת מנ האיל החלב והאליה ואת החלב המכסה את הקרב ואת יתרת הכבד ואת שתי הכלית ואת החלב אשר עלהנ ואת שוק הימינ כי איל מלאימ הוא,30,ותסב מן דכרא תרבא ואליתא וית תרבא דחפי ית גוא וית חצר כבדא וית תרתין כלין וית תרבא די עליהן וית שוקא דימינא ארי דכר קרבנא הוא:,27,"καὶ λήμψῃ ἀπὸ τοῦ κριοῦ τὸ στέαρ αὐτοῦ καὶ τὸ στέαρ τὸ κατακαλύπτον τὴν κοιλίαν, καὶ τὸν λοβὸν τοῦ ἥπατος καὶ τοὺς δύο νεφροὺς καὶ τὸ στέαρ τὸ ἐπ᾽ αὐτῶν, καὶ τὸν βραχίονα τὸν δεξιόν· ἔστιν γὰρ τελείωσις αὕτη·",39,ܘܣܒ ܡܢ ܕܟܪܐ ܬܪܒܐ ܘܐܠܝܬܐ. ܘܚܠܒܐ ܕܩܪܝܡ ܠܓܘܝܐ ܘܚܨܪ ܟܒܕܐ. ܘܬܪ̈ܬܝܢ ܟܘ̈ܠܝܢ ܘܬܪܒܐ ܕܥܠܝܗܝܢ . ܘܫ̇ܩܐ ܕܝܡܝܢܐ. ܡܛܠ ܕܕܟܪܐ ܗܘ ܕܫܘܡܠܝܐ.,21,"e uma fogaça de pão, um bolo de pão azeitado e um coscorão do cesto dos pães ázimos que estará diante do Senhor,",23,True,True,True
29,23,Êxodo 29:23,וְכִכַּ֨ר לֶ֜חֶם אַחַ֗ת וַֽחַלַּ֨ת לֶ֥חֶם שֶׁ֛מֶן אַחַ֖ת וְרָקִ֣יק אֶחָ֑ד מִסַּל֙ הַמַּצּ֔וֹת אֲשֶׁ֖ר לִפְנֵ֥י יְהוָֽה ׃,וככר לחמ אחת וחלת לחמ שמנ אחת ורקיק אחד מסל המצות אשר לפני יהוה,15,ופתא דלחם חד וגרצתא דלחם משח חדא ואספוג חד מסלא דפטיריא די קדם יי:,14,καὶ ἄρτον ἕνα ἐξ ἐλαίου καὶ λάγανον ἓν ἀπὸ τοῦ κανοῦ τῶν ἀζύμων τῶν προτεθειμένων ἔναντι Κυρίου·,17,ܘܓܪܝܨܬܐ ܚܕܐ ܕܠܚܡܐ. ܘܓܪܝܨܬܐ ܚܕܐ ܕܠܚܡܐ ܕܡܫܚܐ. ܘܠܓܢܐ ܚܕ ܡܢ ܣܠܐ ܕܦܛܝܪܐ ܕܩܕܡ ܡܪܝܐ.,14,"e uma fogaça de pão, um bolo de pão azeitado e um coscorão do cesto dos pães ázimos que estará diante do Senhor,",23,True,True,True
29,24,Êxodo 29:24,וְשַׂמְתָּ֣ הַכֹּ֔ל עַ֚ל כַּפֵּ֣י אַהֲרֹ֔ן וְעַ֖ל כַּפֵּ֣י בָנָ֑יו וְהֵנַפְתָּ֥ אֹתָ֛ם תְּנוּפָ֖ה לִפְנֵ֥י יְהוָֽה ׃,ושמת הכל על כפי אהרנ ועל כפי בניו והנפת אתמ תנופה לפני יהוה,14,ותשוי כלא על ידא דאהרן ועל ידא דבנוהי ותרים יתהון ארמותא קדם יי:,13,"καὶ ἐπιθήσεις τὰ πάντα ἐπὶ τὰς χεῖρας Ἀαρὼν καὶ ἐπὶ τὰς χεῖρας τῶν υἱῶν αὐτοῦ, καὶ ἀφοριεῖς αὐτοῖς ἀφόρισμα ἔναντι Κυρίου.",21,ܘܬܣܝܡ ܟܠܗܘܢ ܥܠ ܐܝܕܐ ܕܐܗܪܘܢ ܘܥܠ ܐܝ̈ܕܐ ܕܒܢ̈ܘܗܝ. ܘܬܦܪܘܫ ܐܢܘܢ ܦܘܪܫܢܐ ܩܕܡ ܡܪܝܐ.,13,"e tudo porás nas mãos de Arão, e nas mãos de seus filhos; e por oferta de movimento o moverás perante o Senhor.",23,True,True,True
29,25,Êxodo 29:25,וְלָקַחְתָּ֤ אֹתָם֙ מִיָּדָ֔ם וְהִקְטַרְתָּ֥ הַמִּזְבֵּ֖חָה עַל־ הָעֹלָ֑ה לְרֵ֤יחַ נִיח֨וֹחַ֙ לִפְנֵ֣י יְהוָ֔ה אִשֶּׁ֥ה ה֖וּא לַיהוָֽה ׃,ולקחת אתמ מידמ והקטרת המזבחה על העלה לריח ניחוח לפני יהוה אשה הוא ליהוה,15,ותסב יתהון מידיהון ותסיק למדבחא על עלתא לאתקבלא ברעוא קדם יי קרבנא הוא קדם יי:,15,"καὶ λήμψῃ αὐτὰ ἐκ τῶν χειρῶν αὐτῶν, καὶ ἀνοίσεις ἐπὶ τὸ θυσιαστήριον τῆς ὁλοκαυτώσεως εἰς ὀσμὴν εὐωδίας ἔναντι Κυρίου· κάρπωμά ἐστιν Κυρίῳ.",22,ܘܬܣܒ ܡܢ ܐ̈ܝܕܝܗܘܢ. ܘܬܣ̇ܩ ܚܕܝܐ ܡܢ ܕܟܪܐ ܠܡܕܒܚܐ ܠܥܠܬܐ. ܠܪܝܚ ܢܝܚܐ ܩܕܡ ܡܪܝܐ. ܩܘܪܒܢܐ ܗܘ ܠܡܪܝܐ.,16,"Depois o tomarás das suas mãos e o queimarás no altar sobre o holocausto, por cheiro suave perante o Senhor; é oferta queimada ao Senhor.",25,True,True,True
29,26,Êxodo 29:26,וְלָקַחְתָּ֣ אֶת־ הֶֽחָזֶ֗ה מֵאֵ֤יל הַמִּלֻּאִים֙ אֲשֶׁ֣ר לְאַהֲרֹ֔ן וְהֵנַפְתָּ֥ אֹת֛וֹ תְּנוּפָ֖ה לִפְנֵ֣י יְהוָ֑ה וְהָיָ֥ה לְךָ֖ לְמָנָֽה ׃,ולקחת את החזה מאיל המלאימ אשר לאהרנ והנפת אתו תנופה לפני יהוה והיה לכ למנה,16,ותסב ית חדיא מדכר קרבניא די לאהרן ותרים יתיה ארמותא קדם יי ויהי לך לחלק:,15,"καὶ λήμψῃ τὸ στηθύνιον ἀπὸ τοῦ κριοῦ τῆς τελειώσεως ὅ ἐστιν Ἀαρών, καὶ ἀφοριεῖς αὐτὸ ἀφόρισμα ἔναντι Κυρίου, καὶ ἔσται σοι ἐν μερίδι.",23,ܘܬܣܒ ܚܕܝܐ ܡܢ ܕܟܪܐ ܕܫܘܡܠܝܐ ܕܐܗܪܘܢ. ܘܬ̣ܦܪܫܝܘܗܝ ܦܘܪܫܢܐ ܩܕܡ ܡܪܝܐ. ܘܬܗܘܐ ܠܟ ܡܢܬܐ .,14,"Também tomarás o peito do carneiro de consagração, que é de Arão, e por oferta de movimento o moverás perante o Senhor; e isto será a tua porção.",28,True,True,True
29,27,Êxodo 29:27,וְקִדַּשְׁתָּ֞ אֵ֣ת ׀ חֲזֵ֣ה הַתְּנוּפָ֗ה וְאֵת֙ שׁ֣וֹק הַתְּרוּמָ֔ה אֲשֶׁ֥ר הוּנַ֖ף וַאֲשֶׁ֣ר הוּרָ֑ם מֵאֵיל֙ הַמִּלֻּאִ֔ים מֵאֲשֶׁ֥ר לְאַהֲרֹ֖ן וּמֵאֲשֶׁ֥ר לְבָנָֽיו ׃,וקדשת את חזה התנופה ואת שוק התרומה אשר הונפ ואשר הורמ מאיל המלאימ מאשר לאהרנ ומאשר לבניו,19,ותקדש ית חדיא דארמותא וית שוקא דאפרשותא די אתרם ודי אתפרש מדכר קרבניא מדי לאהרן ומדי לבנוהי:,17,"καὶ ἁγιάσεις τὸ στηθύνιον ἀφόρισμα καὶ τὸν βραχίονα τοῦ ἀφαιρέματος, ὃς ἀφώρισται καὶ ὃς ἀφῄρηται, ἀπὸ τοῦ κριοῦ τῆς τελειώσεως, ἀπὸ τοῦ Ἀαρὼν καὶ ἀπὸ τῶν υἱῶν αὐτοῦ.",28,ܘܩ̇ܕܫ ܚܕܝܐ ܕܦܘܪܫܢܐ ܘܫܩܐ ܕܦܘܪܫܢܐ. ܕܐܬܦܪܫ ܘܐܬܬܪܝܡ ܡܢ ܕܟܪܐ ܕܫܘܡܠܝܐ. ܡܢ ܕܐܗܪܘܢ ܘܡܢ ܕܒܢ̈ܘܗܝ .,15,"E santificarás o peito da oferta de movimento e a coxa da oferta alçada, depois de movida e alçada, isto é, aquilo do carneiro de consagração que for de Arão e de seus filhos;",34,True,True,True
29,28,Êxodo 29:28,וְהָיָה֩ לְאַהֲרֹ֨ן וּלְבָנָ֜יו לְחָק־ עוֹלָ֗ם מֵאֵת֙ בְּנֵ֣י יִשְׂרָאֵ֔ל כִּ֥י תְרוּמָ֖ה ה֑וּא וּתְרוּמָ֞ה יִהְיֶ֨ה מֵאֵ֤ת בְּנֵֽי־ יִשְׂרָאֵל֙ מִזִּבְחֵ֣י שַׁלְמֵיהֶ֔ם תְּרוּמָתָ֖ם לַיהוָֽה ׃,והיה לאהרנ ולבניו לחק עולמ מאת בני ישראל כי תרומה הוא ותרומה יהיה מאת בני ישראל מזבחי שלמיהמ תרומתמ ליהוה,21,ויהי לאהרן ולבנוהי לקים עלם מן בני ישראל ארי אפרשותא הוא ואפרשותא יהי מן בני ישראל מנכסת קודשיהון אפרשותהון קדם יי:,21,"καὶ ἔσται Ἀαρὼν καὶ τοῖς υἱοῖς αὐτοῦ νόμιμον αἰώνιον παρὰ τῶν υἱῶν Ἰσραήλ· ἔστιν γὰρ ἀφόρισμα τοῦτο· καὶ ἀφαίρεμα ἔσται ἀπὸ τῶν υἱῶν Ἰσραὴλ ἀπὸ τῶν θυμάτων τῶν σωτηρίων τῶν υἱῶν Ἰσραήλ, ἀφαίρεμα Κυρίῳ.",34,ܘܢܗܘܐ ܠܐܗܪܘܢ ܘܠܒܢ̈ܘܗܝ ܩܝ̇ܡܐ ܠܥܠܡ ܡܢ ܠܘܬ ܒܢ̈ܝ ܐܝܣܪܝܠ. ܡܛܠ ܕܦܘܪܫܢܐ ܗܘ ܘܦܘܪܫܢܐ ܢܗܘܐ ܡܢ ܒܢ̈ܝ ܐܝܣܪܝܠ. ܡܢ ܕܒܚ̈ܝ ܫ̈ܠܡܝܗܘܢ . ܦܘܪܫܢܐ ܠܡܪܝܐ.,23,"e isto será para Arão e para seus filhos a porção de direito, para sempre, da parte dos filhos de Israel, porque é oferta alçada; e oferta alçada será dos filhos de Israel, dos sacrifícios das suas ofertas pacíficas, oferta alçada ao Senhor.",43,True,True,True
29,29,Êxodo 29:29,וּבִגְדֵ֤י הַקֹּ֨דֶשׁ֙ אֲשֶׁ֣ר לְאַהֲרֹ֔ן יִהְי֥וּ לְבָנָ֖יו אַחֲרָ֑יו לְמָשְׁחָ֣ה בָהֶ֔ם וּלְמַלֵּא־ בָ֖ם אֶת־ יָדָֽם ׃,ובגדי הקדש אשר לאהרנ יהיו לבניו אחריו למשחה בהמ ולמלא במ את ידמ,14,ולבושי קודשא די לאהרן יהון לבנוהי בתרוהי לדכאה בהון ולקרבא בהון ית קרבנהון:,13,"καὶ ἡ στολὴ τοῦ ἁγίου ἥ ἐστιν Ἀαρὼν ἔσται τοῖς υἱοῖς αὐτοῦ μετ᾽ αὐτόν, χρισθῆναι αὐτοὺς ἐν αὐτοῖς καὶ τελειῶσαι τὰς χεῖρας αὐτῶν·",23,ܘܠܒ̈ܘܫܝ ܩܘܕܫܐ ܕܐܗܪܘܢ ܢܗܘܘܢ ܠܒܢ̈ܘܗܝ. ܡܢ ܒܬܪܗ ܠܡܡܫܚ ܒܗܘܢ ܘܠܡܫܡܠܝܘ ܒܗܘܢ ܐ̈ܝܕܝܗܘܢ.,12,"As vestes sagradas de Arão ficarão para seus filhos depois dele, para nelas serem ungidos e sagrados.",17,True,True,True
29,30,Êxodo 29:30,שִׁבְעַ֣ת יָמִ֗ים יִלְבָּשָׁ֧ם הַכֹּהֵ֛ן תַּחְתָּ֖יו מִבָּנָ֑יו אֲשֶׁ֥ר יָבֹ֛א אֶל־ אֹ֥הֶל מוֹעֵ֖ד לְשָׁרֵ֥ת בַּקֹּֽדֶשׁ ׃,שבעת ימימ ילבשמ הכהנ תחתיו מבניו אשר יבא אל אהל מועד לשרת בקדש,14,שבעת יומין ילבשנון כהנא תחותוהי מבנוהי די יעול למשכן זמנא לשמשא בקודשא:,12,"ἑπτὰ ἡμέρας ἐνδύσεται αὐτὰ ὁ ἱερεὺς ὁ ἀντ᾽ αὐτοῦ τῶν υἱῶν αὐτοῦ, ὃς εἰσελεύσεται εἰς τὴν σκηνὴν τοῦ μαρτυρίου λειτουργεῖν ἐν τοῖς ἁγίοις.",23,ܫܒܥܐ ܝܘܡ̈ܝܢ ܢܠܒܫ ܐܢܘܢ ܟܗܢܐ ܒܬܪܗ ܡܢ ܒܢ̈ܘܗܝ. ܕܢܥܘܠ ܠܡܫܟܢܙܒܢܐ ܠܡܫܡܫܘ ܒܩܘܕܫܐ.,12,"Sete dias os vestirá aquele que de seus filhos for sacerdote em seu lugar, quando entrar na tenda da revelação para ministrar no lugar santo.",25,True,True,True
29,31,Êxodo 29:31,וְאֵ֛ת אֵ֥יל הַמִּלֻּאִ֖ים תִּקָּ֑ח וּבִשַּׁלְתָּ֥ אֶת־ בְּשָׂר֖וֹ בְּמָקֹ֥ם קָדֹֽשׁ ׃,ואת איל המלאימ תקח ובשלת את בשרו במקמ קדש,10,וית דכר קרבניא תסב ותבשל ית בסריה באתר קדיש:,9,καὶ τὸν κριὸν τῆς τελειώσεως λήμψῃ καὶ ἑψήσεις τὰ κρέα ἐν τόπῳ ἁγίῳ·,13,ܘܕܟܪܐ ܕܫܘܡܠܝܐ ܬܣܒ. ܘܬܒܫܠ ܒܣܪܗ ܒܐܬܪܐ ܩܕܝܫܐ.,7,Também tomarás o carneiro de consagração e cozerás a sua carne em lugar santo.,14,True,True,True
29,32,Êxodo 29:32,וְאָכַ֨ל אַהֲרֹ֤ן וּבָנָיו֙ אֶת־ בְּשַׂ֣ר הָאַ֔יִל וְאֶת־ הַלֶּ֖חֶם אֲשֶׁ֣ר בַּסָּ֑ל פֶּ֖תַח אֹ֥הֶל מוֹעֵֽד ׃,ואכל אהרנ ובניו את בשר האיל ואת הלחמ אשר בסל פתח אהל מועד,14,ויכול אהרן ובנוהי ית בסר דכרא וית לחמא די בסלא לתרע משכן זמנא:,13,καὶ ἔδονται Ἀαρὼν καὶ οἱ υἱοὶ αὐτοῦ τὰ κρέα τοῦ κριοῦ καὶ τοὺς ἄρτους τοὺς ἐν τῷ κανῷ παρὰ τὰς θύρας τῆς σκηνῆς τοῦ μαρτυρίου·,25,ܘܢܐܟܘܠ ܐܗܪܘܢ ܘܒܢ̈ܘܗܝ ܒܣܪܐ ܕܕܟܪܐ. ܘܠܚܡܐ ܕܒܣܠܐ ܒܬܪܥܐ ܕܡܫܟܢܙܒܢܐ.,9,"E Arão e seus filhos comerão a carne do carneiro, e o pão que está no cesto, à porta da tenda da revelação;",23,True,True,True
29,33,Êxodo 29:33,וְאָכְל֤וּ אֹתָם֙ אֲשֶׁ֣ר כֻּפַּ֣ר בָּהֶ֔ם לְמַלֵּ֥א אֶת־ יָדָ֖ם לְקַדֵּ֣שׁ אֹתָ֑ם וְזָ֥ר לֹא־ יֹאכַ֖ל כִּי־ קֹ֥דֶשׁ הֵֽם ׃,ואכלו אתמ אשר כפר בהמ למלא את ידמ לקדש אתמ וזר לא יאכל כי קדש המ,17,וייכלון יתהון די יתכפר בהון לקרבא ית קרבנהון לקדשא יתהון וחלוני לא ייכול ארי קודשא אנון:,16,"ἔδονται αὐτὰ ἐν οἷς ἡγιάσθησαν ἐν αὐτοῖς, τελειῶσαι τὰς χεῖρας αὐτῶν, ἁγιάσαι αὐτούς· καὶ ἀλλογενὴς οὐκ ἔδεται ἀπ᾽ αὐτοῦ, ἔστιν γὰρ ἅγια.",22,ܘܢܐܟܠܘܢ ܐܢܘܢ ܕܡܬܚܣܝܢ ܒܗܘܢ. ܠܡܫܡܠܝܘ ܐܝ̈ܕܝܗܘܢ ܘܠܡܩܕܫܘ ܐܢܘܢ. ܘܢܘܟܪܝܐ ܠܐ ܢܐܟܘܠ. ܡܛܠ ܕܩܘܕܫܐ ܐܢܘܢ.,14,"e comerão as coisas com que for feita expiação, para consagrá-los, e para santificá-los; mas delas o estranho não comerá, porque são santas.",23,True,True,True
29,34,Êxodo 29:34,וְֽאִם־ יִוָּתֵ֞ר מִבְּשַׂ֧ר הַמִּלֻּאִ֛ים וּמִן־ הַלֶּ֖חֶם עַד־ הַבֹּ֑קֶר וְשָׂרַפְתָּ֤ אֶת־ הַנּוֹתָר֙ בָּאֵ֔שׁ לֹ֥א יֵאָכֵ֖ל כִּי־ קֹ֥דֶשׁ הֽוּא ׃,ואמ יותר מבשר המלאימ ומנ הלחמ עד הבקר ושרפת את הנותר באש לא יאכל כי קדש הוא,18,ואם ישתאר מבסר קרבניא ומן לחמא עד צפרא ותוקיד ית דאשתאר בנורא לא יתאכל ארי קודשא הוא:,17,"ἐὰν δὲ καταλειφθῇ ἀπὸ τῶν κρεῶν τῆς θυσίας τῆς τελειώσεως καὶ τῶν ἄρτων ἕως πρωί, κατακαύσεις τὰ λοιπὰ πυρί· οὐ βρωθήσεται, ἁγίασμα γάρ ἐστιν.",24,ܘܐܢ ܢܫܬܚܪ ܡܢ ܒܣܪܐ ܕܫܘܡܠܝܐ ܘܡܢ ܠܚܡܐ ܥܕܡܐ ܠܨܦܪܐ. ܐܘܩܕܘ ܡܕܡ ܕܡܫܬܚܪ ܒܢܘܪܐ ܘܠܐ ܢܬܐܟܠ. ܡܛܠ ܕܩܘܕܫܐ ܐܢܘܢ.,18,"E se sobejar alguma coisa da carne da consagração, ou do pão, até pela manhã, o que sobejar queimarás no fogo; não se comerá, porque é santo.",27,True,True,True
29,35,Êxodo 29:35,וְעָשִׂ֜יתָ לְאַהֲרֹ֤ן וּלְבָנָיו֙ כָּ֔כָה כְּכֹ֥ל אֲשֶׁר־ צִוִּ֖יתִי אֹתָ֑כָה שִׁבְעַ֥ת יָמִ֖ים תְּמַלֵּ֥א יָדָֽם ׃,ועשית לאהרנ ולבניו ככה ככל אשר צויתי אתכה שבעת ימימ תמלא ידמ,13,ותעבד לאהרן ולבנוהי כדין ככל די פקדית יתך שבעת יומין תקרב קרבנהון:,12,καὶ ποιήσεις Ἀαρὼν καὶ τοῖς υἱοῖς αὐτοῦ οὕτως κατὰ πάντα ὅσα ἐνετειλάμην σοι· ἑπτὰ ἡμέρας τελειώσεις αὐτῶν τὰς χεῖρας.,19,ܘܥܒ̇ܕ ܠܐܗܪܘܢ ܘܠܒܢ̈ܘܗܝ ܗܟܢܐ ܐܝܟܢܐ ܕܦܩܕܬܟ. ܫܒܥܐ ܝܘܡ̈ܝܢ ܬܫܡܠ̣ܐ ܐ̈ܝܕܝܗܘܢ.,10,"Assim, pois, farás a Arão e a seus filhos conforme tudo o que te hei ordenado; por sete dias os sagrarás.",21,True,True,True
29,36,Êxodo 29:36,וּפַ֨ר חַטָּ֜את תַּעֲשֶׂ֤ה לַיּוֹם֙ עַל־ הַכִּפֻּרִ֔ים וְחִטֵּאתָ֙ עַל־ הַמִּזְבֵּ֔חַ בְּכַפֶּרְךָ֖ עָלָ֑יו וּמָֽשַׁחְתָּ֥ אֹת֖וֹ לְקַדְּשֽׁוֹ ׃,ופר חטאת תעשה ליומ על הכפרימ וחטאת על המזבח בכפרכ עליו ומשחת אתו לקדשו,15,ותורא דחטאתא תעבד ליומא על כפוריא ותדכי על מדבחא בכפרותך עלוהי ותרבי יתיה לקדשותיה:,14,"καὶ τὸ μοσχάριον τῆς ἁμαρτίας ποιήσεις τῇ ἡμέρᾳ τοῦ καθαρισμοῦ· καὶ καθαριεῖς τὸ θυσιαστήριον ἐν τῷ ἁγιάζειν σε ἐπ᾽ αὐτῷ, καὶ χρίσεις αὐτὸ ὥστε ἁγιάσαι αὐτό.",26,ܘܬܘܪܐ ܕܚܛܗܐ ܬܥܒ̇ܕ ܒܝܘܡܐ ܥܠ ܚܘܣܝܐ. ܘܬܪܘܣ ܥܠ ܡܕܒܚܐ ܡܐ ܕܡܚܣܐ ܐܢܬ ܥܠܘܗܝ. ܘܬܡܫܚܝܘܗܝ ܠܡܩܕܫܘܬܗ.,15,"Também cada dia oferecerás para expiação o novilho de sacrifício pelo pecado; e purificarás o altar, fazendo expiação por ele; e o ungirás para santificá-lo.",25,True,True,True
29,37,Êxodo 29:37,שִׁבְעַ֣ת יָמִ֗ים תְּכַפֵּר֙ עַל־ הַמִּזְבֵּ֔חַ וְקִדַּשְׁתָּ֖ אֹת֑וֹ וְהָיָ֤ה הַמִּזְבֵּ֨חַ֙ קֹ֣דֶשׁ קָֽדָשִׁ֔ים כָּל־ הַנֹּגֵ֥עַ בַּמִּזְבֵּ֖חַ יִקְדָּֽשׁ ׃ ס,שבעת ימימ תכפר על המזבח וקדשת אתו והיה המזבח קדש קדשימ כל הנגע במזבח יקדש ס,17,שבעת יומין תכפר על מדבחא ותקדש יתיה ויהי מדבחא קדש קודשיא כל דיקרב במדבחא יתקדש:,15,"ἑπτὰ ἡμέρας καθαριεῖς τὸ θυσιαστήριον καὶ ἁγιάσεις αὐτό, καὶ ἔσται τὸ θυσιαστήριον ἅγιον τοῦ ἁγίου· πᾶς ὁ ἁπτόμενος τοῦ θυσιαστηρίου ἁγιασθήσεται.",21,ܫܒܥܐ ܝܘܡ̈ܝܢ ܬܚܣܐ ܥܠ ܡܕܒܚܐ ܘܬܩܕܫܝܘܗܝ. ܘܢܗܘܐ ܡܕܒܚܐ ܩܕܘܫ ܩ̈ܘܕܫܝܢ. ܘܟܠ ܕܢܩܪܘܒ ܠܡܕܒܚܐ ܢܬܩܕܫ.,14,"Sete dias farás expiação pelo altar, e o santificarás; e o altar será santíssimo; tudo o que tocar o altar será santo.",22,True,True,True
29,38,Êxodo 29:38,וְזֶ֕ה אֲשֶׁ֥ר תַּעֲשֶׂ֖ה עַל־ הַמִּזְבֵּ֑חַ כְּבָשִׂ֧ים בְּנֵֽי־ שָׁנָ֛ה שְׁנַ֥יִם לַיּ֖וֹם תָּמִֽיד ׃,וזה אשר תעשה על המזבח כבשימ בני שנה שנימ ליומ תמיד,12,ודין די תעבד על מדבחא אמרין בני שנא תרין ליומא תדירא:,11,"Καὶ ταῦτά ἐστιν ἃ ποιήσεις ἐπὶ τοῦ θυσιαστηρίου· ἀμνοὺς ἐνιαυσίους ἀμώμους δύο τὴν ἡμέραν ἐπὶ τὸ θυσιαστήριον ἐνδελεχῶς, κάρπωμα ἐνδελεχισμοῦ·",20,ܘܗܟܢܐ ܬܥܒ̇ܕ ܥܠ ܡܕܒܚܐ. ܐܡܪ̈ܐ ܒܢ̈ܝ ܫܢܬܐ ܬܪ̈ܝܢ ܐܡܝܢܐܝܬ ܒܝܘܡܐ.,10,"Isto, pois, é o que oferecerás sobre o altar: dois cordeiros de um ano cada dia continuamente.",17,True,True,True
29,39,Êxodo 29:39,אֶת־ הַכֶּ֥בֶשׂ הָאֶחָ֖ד תַּעֲשֶׂ֣ה בַבֹּ֑קֶר וְאֵת֙ הַכֶּ֣בֶשׂ הַשֵּׁנִ֔י תַּעֲשֶׂ֖ה בֵּ֥ין הָעַרְבָּֽיִם ׃,את הכבש האחד תעשה בבקר ואת הכבש השני תעשה בינ הערבימ,12,ית אמרא חד תעבד בצפרא וית אמרא תנינא תעבד בין שמשיא:,11,"τὸν ἀμνὸν τὸν ἕνα ποιήσεις τὸ πρωί, καὶ τὸν ἀμνὸν τὸν δεύτερον ποιήσεις τὸ δειλινόν·",15,ܐܡܪܐ ܚܕ ܥܒ̇ܕ ܒܨܦܪܐ. ܘܐܡܪܐ ܐܚܪܢܐ ܬܥܒ̇ܕ ܥܕܢ ܪܡܫܐ.,9,"Um cordeiro oferecerás pela manhã, e o outro cordeiro oferecerás à tardinha;",12,True,True,True
29,40,Êxodo 29:40,וְעִשָּׂרֹ֨ן סֹ֜לֶת בָּל֨וּל בְּשֶׁ֤מֶן כָּתִית֙ רֶ֣בַע הַהִ֔ין וְנֵ֕סֶךְ רְבִעִ֥ית הַהִ֖ין יָ֑יִן לַכֶּ֖בֶשׂ הָאֶחָֽד ׃,ועשרנ סלת בלול בשמנ כתית רבע ההינ ונסכ רבעית ההינ יינ לכבש האחד,14,ועסרונא סלתא דפילא במשח כתישא רבעות הינא ונסכא רבעות הינא חמרא לאמרא חד:,13,"καὶ δέκατον σεμιδάλεως πεφυραμένης ἐν ἐλαίῳ κεκομμένῳ, τῷ τετάρτῳ τοῦ εἵν, καὶ σπονδὴν τὸ τέταρτον τοῦ εἳν οἴνου, τῷ ἀμνῷ τῷ ἑνί·",22,ܘܥܣܪܘܢܐ ܕܢܫܝܦܐ ܕܦܝܠ ܒܡܫܚܐ ܥܨܝܪܐ ܪܘܒܥܗ ܕܗܡܝܢܐ. ܘܢܘܩܝܐ ܪܘܒܥܗ ܕܗܡܝܢܐ ܕܚܡܪܐ ܠܐܡܪܐ ܚܕ.,13,"com um cordeiro a décima parte de uma efa de flor de farinha, misturada com a quarta parte de um him de azeite batido, e para libação a quarta parte de um him de vinho.",35,True,True,True
29,41,Êxodo 29:41,וְאֵת֙ הַכֶּ֣בֶשׂ הַשֵּׁנִ֔י תַּעֲשֶׂ֖ה בֵּ֣ין הָעַרְבָּ֑יִם כְּמִנְחַ֨ת הַבֹּ֤קֶר וּכְנִסְכָּהּ֙ תַּֽעֲשֶׂה־ לָּ֔הּ לְרֵ֣יחַ נִיחֹ֔חַ אִשֶּׁ֖ה לַיהוָֽה ׃,ואת הכבש השני תעשה בינ הערבימ כמנחת הבקר וכנסכה תעשה לה לריח ניחח אשה ליהוה,16,וית אמרא תנינא תעבד בין שמשיא כמנחת צפרא וכנסכה תעבד לה לאתקבלא ברעוא קרבנא קדם יי:,16,"καὶ τὸν ἀμνὸν τὸν δεύτερον ποιήσεις τὸ δειλινόν· κατὰ τὴν θυσίαν τὴν πρωινὴν καὶ κατὰ τὴν σπονδὴν αὐτοῦ ποιήσεις, ὀσμὴν εὐωδίας κάρπωμα Κυρίῳ,",23,ܘܐܡܪܐ ܬܢܝܢܐ ܬܥܒ̇ܕ ܥܕܢ ܪܡܫܐ. ܐܝܟ ܩܘܪܒܢܐ ܕܨܦܪܐ ܘܐܝܟ ܢܘܩܝܗ ܬܥܒ̇ܕ ܠܗ. ܠܪܝܚ ܢܝܚܐ ܩܘܪܒܢܐ ܠܡܪܝܐ.,16,"E o outro cordeiro oferecerás à tardinha, e com ele farás oferta de cereais como com a oferta da manhã, e conforme a sua oferta de libação, por cheiro suave; oferta queimada é ao Senhor.",35,True,True,True
29,42,Êxodo 29:42,עֹלַ֤ת תָּמִיד֙ לְדֹרֹ֣תֵיכֶ֔ם פֶּ֥תַח אֹֽהֶל־ מוֹעֵ֖ד לִפְנֵ֣י יְהוָ֑ה אֲשֶׁ֨ר אִוָּעֵ֤ד לָכֶם֙ שָׁ֔מָּה לְדַבֵּ֥ר אֵלֶ֖יךָ שָֽׁם ׃,עלת תמיד לדרתיכמ פתח אהל מועד לפני יהוה אשר אועד לכמ שמה לדבר אליכ שמ,16,עלתא תדירא לדריכון בתרע משכן זמנא קדם יי דאזמן מימרי לכון תמן למללא עמך תמן:,15,"θυσίαν ἐνδελεχισμοῦ εἰς γενεὰς ὑμῶν, ἐπὶ θύρας τῆς σκηνῆς τοῦ μαρτυρίου ἔναντι Κυρίου, ἐν οἷς γνωσθήσομαί σοι ἐκεῖθεν ὥστε λαλῆσαί σοι.",21,ܥ̇ܠܬܐ ܐܡܝܢܐܝܬ ܠܕܪ̈ܝܟܘܢ ܒܬܪܥܐ ܕܡܫܟܢܙܒܢܐ ܩܕܡ ܡܪܝܐ. ܕܐܬܘܥܕ ܠܟܘܢ ܬܡܢ ܠܡܡܠܠܘ ܥܡܟܘܢ .,13,"Este será o holocausto contínuo por vossas gerações, à porta da tenda da revelação, perante o Senhor, onde vos encontrarei, para falar contigo ali.",24,True,True,True
29,43,Êxodo 29:43,וְנֹעַדְתִּ֥י שָׁ֖מָּה לִבְנֵ֣י יִשְׂרָאֵ֑ל וְנִקְדַּ֖שׁ בִּכְבֹדִֽי ׃,ונעדתי שמה לבני ישראל ונקדש בכבדי,7,ואזמן מימרי תמן לבני ישראל ויתקדש ביקרי:,7,καὶ τάξομαι ἐκεῖ τοῖς υἱοῖς Ἰσραὴλ καὶ ἁγιασθήσομαι ἐν δόξῃ μου·,11,ܘܐܬܘܥܕ ܬܡܢ ܠܒܢ̈ܝ ܐܝܣܪܝܠ. ܘܐܬܩܕܫ ܒܐܝܩܪܝ.,6,E ali virei aos filhos de Israel; e a tenda será santificada pela minha glória;,15,True,True,True
29,44,Êxodo 29:44,וְקִדַּשְׁתִּ֛י אֶת־ אֹ֥הֶל מוֹעֵ֖ד וְאֶת־ הַמִּזְבֵּ֑חַ וְאֶת־ אַהֲרֹ֧ן וְאֶת־ בָּנָ֛יו אֲקַדֵּ֖שׁ לְכַהֵ֥ן לִֽי ׃,וקדשתי את אהל מועד ואת המזבח ואת אהרנ ואת בניו אקדש לכהנ לי,14,ואקדש ית משכן זמנא וית מדבחא וית אהרן וית בנוהי אקדש לשמשא קדמי:,13,"καὶ ἁγιάσω τὴν σκηνὴν τοῦ μαρτυρίου καὶ τὸ θυσιαστήριον, καὶ Ἀαρὼν καὶ τοὺς υἱοὺς αὐτοῦ ἁγιάσω ἱερατεύειν μοι·",18,ܘܐ̇ܩܕܫ ܡܫܟܢܙܒܢܐ ܘܡܕܒܚܐ. ܘܠܐܗܪܘܢ ܘܠܒܢ̈ܘܗܝ ܐ̇ܩܕܫ ܠܝ ܠܟܗܢܘܬܐ.,8,"santificarei a tenda da revelação e o altar; também santificarei a Arão e seus filhos, para que me administrem o sacerdócio.",21,True,True,True
29,45,Êxodo 29:45,וְשָׁ֣כַנְתִּ֔י בְּת֖וֹךְ בְּנֵ֣י יִשְׂרָאֵ֑ל וְהָיִ֥יתִי לָהֶ֖ם לֵאלֹהִֽים ׃,ושכנתי בתוכ בני ישראל והייתי להמ לאלהימ,8,ואשרי שכנתי בגו בני ישראל ואהוי להון לאלה:,8,"καὶ ἐπικληθήσομαι ἐν τοῖς υἱοῖς Ἰσραήλ, καὶ ἔσομαι αὐτῶν θεός.",10,ܘܐܫܪܐ ܒܓܘ ܒ̈ܢܝ ܐܝܣܪܝܠ. ܘܐܗܘܐ ܠܗܘܢ ܐܠܗܐ.,7,"Habitarei no meio dos filhos de Israel, e serei o seu Deus;",12,True,True,True
29,46,Êxodo 29:46,וְיָדְע֗וּ כִּ֣י אֲנִ֤י יְהוָה֙ אֱלֹ֣הֵיהֶ֔ם אֲשֶׁ֨ר הוֹצֵ֧אתִי אֹתָ֛ם מֵאֶ֥רֶץ מִצְרַ֖יִם לְשָׁכְנִ֣י בְתוֹכָ֑ם אֲנִ֖י יְהוָ֥ה אֱלֹהֵיהֶֽם ׃ פ,וידעו כי אני יהוה אלהיהמ אשר הוצאתי אתמ מארצ מצרימ לשכני בתוכמ אני יהוה אלהיהמ פ,17,וידעון ארי אנא יי אלההון די אפקית יתהון מארעא דמצרים לאשראה שכנתי ביניהון אנא יי אלההון:,16,καὶ γνώσονται ὅτι ἐγώ εἰμι Κύριος ὁ θεὸς αὐτῶν ὁ ἐξαγαγὼν αὐτοὺς ἐκ γῆς Αἰγύπτου ἐπικληθῆναι αὐτοῖς καὶ θεὸς εἶναι αὐτῶν.,21,ܘܢܕܥܘܢ ܕܐܢܐ ܐܢܐ ܡܪܝܐ ܐܠܗܗܘܢ. ܕܐܦ̇ܩܬ ܐܢܘܢ ܡܢ ܐܪܥܐ ܕܡܨܪܝܢ. ܘܐܫܪܐ ܒܝܢܬܗܘܢ̇ ܐܢܐ ܐܢܐ ܡܪܝܐ ܐܠܗܗܘܢ.,16,"e eles saberão que eu sou o Senhor seu Deus, que os tirei da terra do Egito, para habitar no meio deles; eu sou o Senhor seu Deus.",28,True,True,True
30,1,Êxodo 30:1,וְעָשִׂ֥יתָ מִזְבֵּ֖חַ מִקְטַ֣ר קְטֹ֑רֶת עֲצֵ֥י שִׁטִּ֖ים תַּעֲשֶׂ֥ה אֹתֽוֹ ׃,ועשית מזבח מקטר קטרת עצי שטימ תעשה אתו,9,ותעבד מדבחא לאקטרא עלוהי קטרת בוסמיא דאעי שטין תעבד יתיה:,10,Καὶ ποιήσεις θυσιαστήριον θυμιάματος ἐκ ξύλων ἀσήπτων·,7,ܘܥܒ̇ܕ ܡܕܒܚܐ ܕܡܥ̣ܛܪ ܥܛܪܐ. ܕܩܝܣܐ ܕܐܫܟܪܥܐ ܬܥܒܕܝܘܗܝ.,7,Farás um altar para queimar o incenso; de madeira de acácia o farás.,13,True,True,True
30,2,Êxodo 30:2,אַמָּ֨ה אָרְכּ֜וֹ וְאַמָּ֤ה רָחְבּוֹ֙ רָב֣וּעַ יִהְיֶ֔ה וְאַמָּתַ֖יִם קֹמָת֑וֹ מִמֶּ֖נּוּ קַרְנֹתָֽיו ׃,אמה ארכו ואמה רחבו רבוע יהיה ואמתימ קמתו ממנו קרנתיו,11,אמתא ארכיה ואמתא פתיה מרבע יהי ותרתין אמין רומיה מניה קרנוהי:,11,καὶ ποιήσεις αὐτὸ πήχεος τὸ μῆκος καὶ πήχεος τὸ εὖρος· τετράγωνον ἔσται· καὶ δύο πήχεων τὸ ὕψος· ἐξ αὐτοῦ ἔσται τὰ κέρατα αὐτοῦ.,23,ܐܡܐ ܐܘܪܟܗ ܘܐܡܐ ܦܬܝܗ. ܡܪܒܥ̣ ܢܗܘܐ ܘܬܪ̈ܬܝܢ ܐܡ̈ܝܢ ܪܘܡܗ. ܡܢܗ ܢܗ̈ܘܝܢ ܩܪ̈ܢܬܗ.,12,"O seu comprimento será de um côvado, e a sua largura de um côvado; será quadrado; e de dois côvados será a sua altura; as suas pontas formarão uma só peça com ele.",33,True,True,True
30,3,Êxodo 30:3,וְצִפִּיתָ֨ אֹת֜וֹ זָהָ֣ב טָה֗וֹר אֶת־ גַּגּ֧וֹ וְאֶת־ קִירֹתָ֛יו סָבִ֖יב וְאֶת־ קַרְנֹתָ֑יו וְעָשִׂ֥יתָ לּ֛וֹ זֵ֥ר זָהָ֖ב סָבִֽיב ׃,וצפית אתו זהב טהור את גגו ואת קירתיו סביב ואת קרנתיו ועשית לו זר זהב סביב,17,ותחפי יתיה דהב דכי ית אגריה וית כתלוהי סחור סחור וית קרנוהי ותעבד ליה דיר דדהב סחור סחור:,18,"καὶ καταχρυσώσεις αὐτὰ χρυσίῳ καθαρῷ, τὴν ἐσχάραν αὐτοῦ καὶ τοὺς τοίχους αὐτοῦ κύκλῳ καὶ τὰ κέρατα αὐτοῦ, καὶ ποιήσεις αὐτῷ στρεπτὴν στεφάνην χρυσῆν κύκλῳ.",24,ܘܩܪܘܡܝܗܝ ܕܗܒܐ ܕܟܝܐ. ܐܓܪܗ ܘܐ̈ܣܘܗܝ ܟܕ ܚܕܪ ܘܩܪ̈ܢܬܗ. ܘܥܒ̇ܕ ܠܗ ܟܠܝܠܐ ܕܕܗܒܐ ܟܕ ܚ̇ܕܪ.,14,"De ouro puro o cobrirás, tanto a face superior como as suas paredes ao redor, e as suas pontas; e lhe farás uma moldura de ouro ao redor.",28,True,True,True
30,4,Êxodo 30:4,וּשְׁתֵּי֩ טַבְּעֹ֨ת זָהָ֜ב תַּֽעֲשֶׂה־ לּ֣וֹ ׀ מִתַּ֣חַת לְזֵר֗וֹ עַ֚ל שְׁתֵּ֣י צַלְעֹתָ֔יו תַּעֲשֶׂ֖ה עַל־ שְׁנֵ֣י צִדָּ֑יו וְהָיָה֙ לְבָתִּ֣ים לְבַדִּ֔ים לָשֵׂ֥את אֹת֖וֹ בָּהֵֽמָּה ׃,ושתי טבעת זהב תעשה לו מתחת לזרו על שתי צלעתיו תעשה על שני צדיו והיה לבתימ לבדימ לשאת אתו בהמה,22,ותרתין עזקן דדהב תעבד ליה מלרע לדיריה על תרתין זויתיה תעבד על תרין סטרוהי ויהי לאתרא לאריחיא למטל יתיה בהון:,20,"καὶ δύο δακτυλίους χρυσοῦς καθαροὺς ποιήσεις ὑπὸ τὴν στρεπτὴν στεφάνην αὐτοῦ εἰς τὰ δύο κλίτη, ποιήσεις ἐν τοῖς δυσὶ πλευροῖς· καὶ ἔσονται ψαλίδες ταῖς σκυτάλαις, ὥστε αἴρειν αὐτὸ ἐν αὐταῖς.",30,ܘܬܪ̈ܬܝܢ ܙܩ̈ܙܩܬܐ ܕܕܗܒܐ ܬܥܒ̇ܕ ܠܗ ܠܬܚܬ ܡܢ ܟܠܝܠܗ. ܥܠ ܬܪ̈ܬܝܢ ܙܘܝ̈ܬܗ ܬܥܒ̇ܕ ܥܠ ܬܪ̈ܝܢ ܣܛܪ̈ܘܗܝ. ܘܢܗ̈ܘܝܢ ܕܘܟܬܐ ܠܩ̈ܘܦܐ ܠܡܫܩܠܗ ܒܗܘܢ.,20,Também lhe farás duas argolas de ouro debaixo da sua moldura; nos dois cantos de ambos os lados as farás; e elas servirão de lugares para os varais com que o altar será levado.,34,True,True,True
30,5,Êxodo 30:5,וְעָשִׂ֥יתָ אֶת־ הַבַּדִּ֖ים עֲצֵ֣י שִׁטִּ֑ים וְצִפִּיתָ֥ אֹתָ֖ם זָהָֽב ׃,ועשית את הבדימ עצי שטימ וצפית אתמ זהב,9,ותעבד ית אריחיא דאעי שטין ותחפי יתהון דהבא:,8,"καὶ ποιήσεις σκυτάλας ἐκ ξύλων ἀσήπτων, καὶ καταχρυσώσεις αὐτὰς χρυσίῳ.",10,ܘܥܒ̇ܕ ܩ̈ܘܦܐ ܕܩܝܣܐ ܕܐܫܟܪܥܐ. ܘܩܪܘܡ ܐܢܘܢ ܕܗܒܐ.,7,Farás também os varais de madeira de acácia e os cobrirás de ouro.,13,True,True,True
30,6,Êxodo 30:6,וְנָתַתָּ֤ה אֹתוֹ֙ לִפְנֵ֣י הַפָּרֹ֔כֶת אֲשֶׁ֖ר עַל־ אֲרֹ֣ן הָעֵדֻ֑ת לִפְנֵ֣י הַכַּפֹּ֗רֶת אֲשֶׁר֙ עַל־ הָ֣עֵדֻ֔ת אֲשֶׁ֛ר אִוָּעֵ֥ד לְךָ֖ שָֽׁמָּה ׃,ונתתה אתו לפני הפרכת אשר על ארנ העדת לפני הכפרת אשר על העדת אשר אועד לכ שמה,18,ותתן יתיה קדם פרכתא די על ארונא דסהדותא לקדם כפרתא די על סהדותא די אזמן מימרי לך תמן:,18,"καὶ θήσεις αὐτὸ ἀπέναντι τοῦ καταπετάσματος τοῦ ὄντος ἐπὶ τῆς κιβωτοῦ τῶν μαρτυρίων, ἐν οἷς γνωσθήσομαί σοι ἐκεῖθεν.",18,ܘܣܝܡܝܗܝ ܩܕܡ ܦܪܣܐ ܕܥܠ ܩܒܘܬܐ. ܕܣܗܕܘܬܐ ܩܕܡ ܚܘܣܝܐ ܕܥܠ ܣܗܕܘܬܐ. ܘܐܬܘܥ̇ܕ ܠܟ ܬܡܢ.,13,"E porás o altar diante do véu que está junto à arca do testemunho, diante do propiciatório, que se acha sobre o testemunho, onde eu virei a ti.",28,True,True,True
30,7,Êxodo 30:7,וְהִקְטִ֥יר עָלָ֛יו אַהֲרֹ֖ן קְטֹ֣רֶת סַמִּ֑ים בַּבֹּ֣קֶר בַּבֹּ֗קֶר בְּהֵיטִיב֛וֹ אֶת־ הַנֵּרֹ֖ת יַקְטִירֶֽנָּה ׃,והקטיר עליו אהרנ קטרת סמימ בבקר בבקר בהיטיבו את הנרת יקטירנה,12,ויקטר עלוהי אהרן קטרת בוסמין בצפר בצפר באתקנותיה ית בוציניא יסקנה:,11,"καὶ θύσει ἐπ᾽ αὐτοῦ Ἀαρὼν θυμίαμα σύνθετον λεπτόν· τὸ πρωὶ πρωί, ὅταν ἐπισκευάσῃ τοὺς λύχνους, θυμιάσει ἐπ᾽ αὐτοῦ.",18,ܘܢܗܘܐ ܡܥ̣ܛܪ ܥܠܘܗܝ ܐܗܪܘܢ ܥܛܪܐ ܕܒܣ̈ܡܐ ܡܢ ܨܦܪ ܠܨܦܪ. ܡܐ ܕܡܛ̇ܝܒ ܫܪ̈ܓܐ ܢܥܛܪܝܘܗܝ.,13,"E Arão queimará sobre ele o incenso das especiarias; cada manhã, quando puser em ordem as lâmpadas, o queimará.",19,True,True,True
30,8,Êxodo 30:8,וּבְהַעֲלֹ֨ת אַהֲרֹ֧ן אֶת־ הַנֵּרֹ֛ת בֵּ֥ין הָעֲרְבַּ֖יִם יַקְטִירֶ֑נָּה קְטֹ֧רֶת תָּמִ֛יד לִפְנֵ֥י יְהוָ֖ה לְדֹרֹתֵיכֶֽם ׃,ובהעלת אהרנ את הנרת בינ הערבימ יקטירנה קטרת תמיד לפני יהוה לדרתיכמ,13,ובאדלקות אהרן ית בוציניא בין שמשיא יסקנה קטרת בוסמיא תדירא קדם יי לדריכון:,13,"καὶ ὅταν ἐξάπτῃ Ἀαρὼν τοὺς λύχνους ὀψὲ θυμιάσεις ἐπ᾽ αὐτοῦ, θυμίαμα ἐνδελεχισμοῦ διὰ παντὸς ἔναντι Κυρίου εἰς γενεὰς αὐτῶν.",19,ܘܡܐ ܕܡܕܠܩ ܐܗܪܘܢ ܫܪ̈ܓܐ ܒܝܬ ܫܡ̈ܫܐ ܢܥܛܪܝܘܗܝ. ܥܛܪܐ ܐܡܝܢܐܝܬ ܩܕܡ ܡܪܝܐ ܠܕܪ̈ܝܟܘܢ.,12,"Também quando acender as lâmpadas à tardinha, o queimará; este será incenso perpétuo perante o Senhor pelas vossas gerações.",19,True,True,True
30,9,Êxodo 30:9,לֹא־ תַעֲל֥וּ עָלָ֛יו קְטֹ֥רֶת זָרָ֖ה וְעֹלָ֣ה וּמִנְחָ֑ה וְנֵ֕סֶךְ לֹ֥א תִסְּכ֖וּ עָלָֽיו ׃,לא תעלו עליו קטרת זרה ועלה ומנחה ונסכ לא תסכו עליו,12,לא תסקון עלוהי קטרת בוסמין נוכראין ועלתא ומנחתא ונסכא לא תנסכון עלוהי:,12,"καὶ οὐκ ἀνοίσει ἐπ᾽ αὐτοῦ θυμίαμα ἕτερον, κάρπωμα, θυσίαν· σπονδὴν οὐ σπείσεις ἐπ᾽ αὐτοῦ.",14,ܠܐ ܬܣܩܘܢ ܥܠܘܗܝ ܥܛܪܐ ܢܘܟܪܝܐ. ܘܥ̇ܠܬܐ ܘܩܘܪܒܢܐ ܘܢܘܩܝܐ ܠܐ ܬܢܩ̇ܘܢ ܥܠܘܗܝ.,11,"Não oferecereis sobre ele incenso estranho, nem holocausto, nem oferta de cereais; nem tampouco derramareis sobre ele ofertas de libação.",20,True,True,True
30,10,Êxodo 30:10,וְכִפֶּ֤ר אַהֲרֹן֙ עַל־ קַרְנֹתָ֔יו אַחַ֖ת בַּשָּׁנָ֑ה מִדַּ֞ם חַטַּ֣את הַכִּפֻּרִ֗ים אַחַ֤ת בַּשָּׁנָה֙ יְכַפֵּ֤ר עָלָיו֙ לְדֹרֹ֣תֵיכֶ֔ם קֹֽדֶשׁ־ קָֽדָשִׁ֥ים ה֖וּא לַיהוָֽה ׃ פ,וכפר אהרנ על קרנתיו אחת בשנה מדמ חטאת הכפרימ אחת בשנה יכפר עליו לדרתיכמ קדש קדשימ הוא ליהוה פ,20,ויכפר אהרן על קרנוהי חדא בשתא מדמא חטאת כפוריא חדא בשתא יכפר עלוהי לדריכון קדש קודשין הוא קדם יי:,19,καὶ ἐξιλάσεται περὶ αὐτοῦ Ἀαρὼν ἐπὶ τῶν κεράτων αὐτοῦ ἅπαξ τοῦ ἐνιαυτοῦ· ἀπὸ τοῦ αἵματος τοῦ καθαρισμοῦ καθαριεῖ αὐτὸ εἰς γενεὰς αὐτῶν· ἅγιον τῶν ἁγίων ἐστὶν Κυρίῳ.,27,ܘܢܚܣܐ ܐܗܪܘܢ ܥܠ ܩܪ̈ܢܬܗ ܕܡܕܒܚܐ ܚܕܐ ܒܫܢܬܐ ܡܢ ܕܡܐ ܕܚܛܗܐ ܕܚܘܣܝܐ. ܚܕܐ ܒܫܢܬܐ ܢܚܣܐ ܥܠܘܗܝ ܠܕܪ̈ܝܟܘܢ ܩܕܘܫ ܩܘ̈ܕܫܝܢ ܗܘ ܠܡܪܝܐ.,20,"E uma vez no ano Arão fará expiação sobre as pontas do altar; com o sangue do sacrifício de expiação de pecado, fará expiação sobre ele uma vez no ano pelas vossas gerações; santíssimo é ao Senhor.",37,True,True,True
30,11,Êxodo 30:11,וַיְדַבֵּ֥ר יְהוָ֖ה אֶל־ מֹשֶׁ֥ה לֵּאמֹֽר ׃,וידבר יהוה אל משה לאמר,6,ומליל יי עם משה למימר:,5,Καὶ ἐλάλησεν Κύριος πρὸς Μωυσῆν λέγων,6,ܘܡܠܠ ܡܪܝܐ ܥܡ ܡܘܫܐ ܘܐܡ̣ܪ ܠܗ.,6,Disse mais o Senhor a Moisés:,6,True,True,True
30,12,Êxodo 30:12,כִּ֣י תִשָּׂ֞א אֶת־ רֹ֥אשׁ בְּנֵֽי־ יִשְׂרָאֵ֘ל לִפְקֻדֵיהֶם֒ וְנָ֨תְנ֜וּ אִ֣ישׁ כֹּ֧פֶר נַפְשׁ֛וֹ לַיהוָ֖ה בִּפְקֹ֣ד אֹתָ֑ם וְלֹא־ יִהְיֶ֥ה בָהֶ֛ם נֶ֖גֶף בִּפְקֹ֥ד אֹתָֽם ׃,כי תשא את ראש בני ישראל לפקדיהמ ונתנו איש כפר נפשו ליהוה בפקד אתמ ולא יהיה בהמ נגפ בפקד אתמ,21,ארי תקבל ית חשבן בני ישראל למניניהון ויתנון גבר פרקן נפשיה קדם יי כד תמני יתהון ולא יהי בהון מותא כד תמני יתהון:,23,"Ἐὰν λάβῃς τὸν συλλογισμὸν τῶν υἱῶν Ἰσραὴλ ἐν τῇ ἐπισκοπῇ αὐτῶν, καὶ δώσουσιν ἕκαστος λύτρα τῆς ψυχῆς αὐτοῦ Κυρίῳ, καὶ οὐκ ἔσται ἐν αὐτοῖς πτῶσις ἐν τῇ ἐπισκοπῇ αὐτῶν.",29,ܟܕ ܬܩ̇ܒܠ ܚܘܫܒܢܐ ܕܒܢ̈ܝ ܐܝܣܪܐܝܠ ܠܡܢܝܢܗܘܢ. ܢܬܠܘܢ ܓܒܪ ܦܘܪܩܢ ܢܦܫܗ ܠܡܪܝܐ. ܡܐ ܕܡܢ̣ܝܬ ܐܢܘܢ. ܕܠܐ ܢܗܘܐ ܒܗܘܢ ܡܘܬܐ ܡܐ ܕܡܢ̣ܝܬ ܐܢܘܢ.,21,"Quando fizeres o alistamento dos filhos de Israel para sua enumeração, cada um deles dará ao Senhor o resgate da sua alma, quando os alistares; para que não haja entre eles praga alguma por ocasião do alistamento.",37,True,True,True
30,13,Êxodo 30:13,זֶ֣ה ׀ יִתְּנ֗וּ כָּל־ הָעֹבֵר֙ עַל־ הַפְּקֻדִ֔ים מַחֲצִ֥ית הַשֶּׁ֖קֶל בְּשֶׁ֣קֶל הַקֹּ֑דֶשׁ עֶשְׂרִ֤ים גֵּרָה֙ הַשֶּׁ֔קֶל מַחֲצִ֣ית הַשֶּׁ֔קֶל תְּרוּמָ֖ה לַֽיהוָֽה ׃,זה יתנו כל העבר על הפקדימ מחצית השקל בשקל הקדש עשרימ גרה השקל מחצית השקל תרומה ליהוה,19,דין יתנון כל דעבר על מניניא פלגות סלעא בסלעי קודשא עסרין מעין סלעא פלגות סלעא אפרשותא קדם יי:,18,"καὶ τοῦτό ἐστιν ὅ δώσουσιν ὅσοι ἂν παραπορεύωνται τὴν ἐπίσκεψιν, τὸ ἥμισυ τοῦ διδράχμου ὅ ἐστιν κατὰ τὸ δίδραχμον τὸ ἅγιον· εἴκοσι ὀβολοὶ τὸ δίδραχμον· τὸ δὲ ἥμισυ τοῦ διδράχμου εἰσφορὰ Κυρίῳ.",32,ܗܟܢܐ ܢܬܠܘܢ ܟܠ ܕܥܒ̇ܪ ܒܡܢܝܢܐ. ܦܠܓܘܬ ܡܬܩܠܐ ܒܡܬ̈ܩܠܝ ܩܘܕܫܐ. ܥܣܪ̈ܝܢ ܙܘ̈ܙܝܢ ܡܬܩܠܐ. ܦܠܓܘܬ ܡܬܩܠܐ ܦܘܪܫܢܐ ܠܡܪܝܐ.,16,"Dará cada um, ao ser alistado, meio siclo, segundo o siclo do santuário {este siclo é de vinte jeiras}; meio siclo é a oferta ao Senhor.",26,True,True,True
30,14,Êxodo 30:14,כֹּ֗ל הָעֹבֵר֙ עַל־ הַפְּקֻדִ֔ים מִבֶּ֛ן עֶשְׂרִ֥ים שָׁנָ֖ה וָמָ֑עְלָה יִתֵּ֖ן תְּרוּמַ֥ת יְהוָֽה ׃,כל העבר על הפקדימ מבנ עשרימ שנה ומעלה יתנ תרומת יהוה,12,כל דעבר על מניניא מבר עסרין שנין ולעלא יתן אפרשותא קדם יי:,12,"πᾶς ὁ παραπορευόμενος εἰς τὴν ἐπίσκεψιν ἀπὸ εἰκοσαετοῦς καὶ ἐπάνω, δώσουσιν τὴν εἰσφορὰν Κυρίῳ·",14,ܟܠ ܕܥܒ̇ܪ ܒܡܢܝܢܐ. ܡܢ ܒܪ ܥܣܪ̈ܝܢ ܫ̈ܢܝܢ ܘܠܥܠ. ܢܬܠ ܦܘܪܫܢܐ ܠܡܪܝܐ.,11,"Todo aquele que for alistado, de vinte anos para cima, dará a oferta do Senhor.",15,True,True,True
30,15,Êxodo 30:15,הֶֽעָשִׁ֣יר לֹֽא־ יַרְבֶּ֗ה וְהַדַּל֙ לֹ֣א יַמְעִ֔יט מִֽמַּחֲצִ֖ית הַשָּׁ֑קֶל לָתֵת֙ אֶת־ תְּרוּמַ֣ת יְהוָ֔ה לְכַפֵּ֖ר עַל־ נַפְשֹׁתֵיכֶֽם ׃,העשיר לא ירבה והדל לא ימעיט ממחצית השקל לתת את תרומת יהוה לכפר על נפשתיכמ,16,דעתיר לא יסגי ודמסכן לא יזער מפלגות סלעא למתן ית אפרשותא קדם יי לכפרא על נפשתיכון:,16,"ὁ πλουτῶν οὐ προσθήσει καὶ ὁ πενόμενος οὐκ ἐλαττονήσει ἀπὸ τοῦ ἡμίσους τοῦ διδράχμου, ἐν τῷ διδόναι τὴν εἰσφορὰν Κυρίῳ ἐξιλάσασθαι περὶ τῶν ψυχῶν ὑμῶν.",25,ܕܥܬܝܪ ܠܐ ܢ̇ܣܓܐ. ܘܕܡܣܟܝܢ ܠܐ ܢܙܥܪ ܡܢ ܦܠܓܘܬ ܡܬܩܠܐ. ܠܡܬܠ ܦܘܪܫܢܐ ܠܡܪܝܐ. ܠܡܚܣܝܘ ܥܠ ܢܦܫ̈ܬܟܘܢ.,15,"O rico não dará mais, nem o pobre dará menos do que o meio siclo, quando derem a oferta do Senhor, para fazerdes expiação por vossas almas.",27,True,True,True
30,16,Êxodo 30:16,וְלָקַחְתָּ֞ אֶת־ כֶּ֣סֶף הַכִּפֻּרִ֗ים מֵאֵת֙ בְּנֵ֣י יִשְׂרָאֵ֔ל וְנָתַתָּ֣ אֹת֔וֹ עַל־ עֲבֹדַ֖ת אֹ֣הֶל מוֹעֵ֑ד וְהָיָה֩ לִבְנֵ֨י יִשְׂרָאֵ֤ל לְזִכָּרוֹן֙ לִפְנֵ֣י יְהוָ֔ה לְכַפֵּ֖ר עַל־ נַפְשֹׁתֵיכֶֽם ׃ פ,ולקחת את כספ הכפרימ מאת בני ישראל ונתת אתו על עבדת אהל מועד והיה לבני ישראל לזכרונ לפני יהוה לכפר על נפשתיכמ פ,24,ותסב ית כסף כפוריא מן בני ישראל ותתן יתיה על פלחן משכן זמנא ויהי לבני ישראל לדכרנא קדם יי לכפרא על נפשתיכון:,22,"καὶ λήμψῃ τὸ ἀργύριον τῆς εἰσφορᾶς παρὰ τῶν υἱῶν Ἰσραήλ, καὶ δώσεις αὐτὸ εἰς κάτεργον τῆς σκηνῆς τοῦ μαρτυρίου· καὶ ἔσται τοῖς υἱοῖς Ἰσραὴλ μνημόσυνον ἔναντι Κυρίου, καὶ ἐξιλάσασθαι περὶ τῶν ψυχῶν ὑμῶν.",33,ܘܬܣܒ ܟܣܦܐ ܕܚܘܣܝܐ ܡܢ ܒܢ̈ܝ ܐܝܣܪܐܝܠ. ܘܬܬܠ ܠܦܘܠܚܢܐ ܕܡܫܟܢ ܙܒܢܐ . ܘܢܗܘܐ ܠܒܢ̈ܝ ܐܝܣܪܝܠ ܕܘܟܪܢܐ ܩܕܡ ܡܪܝܐ. ܠܡܚܣܝܘ ܥܠ ܢܦܫ̈ܬܗܘܢ.,20,"E tomarás o dinheiro da expiação dos filhos de Israel, e o designarás para o serviço da tenda da revelação, para que sirva de memorial a favor dos filhos de Israel diante do Senhor, para fazerdes expiação por vossas almas.",40,True,True,True
30,17,Êxodo 30:17,וַיְדַבֵּ֥ר יְהוָ֖ה אֶל־ מֹשֶׁ֥ה לֵּאמֹֽר ׃,וידבר יהוה אל משה לאמר,6,ומליל יי עם משה למימר:,5,Καὶ ἐλάλησεν Κύριος πρὸς Μωυσῆν λέγων,6,ܘܡܠܠ ܡܪܝܐ ܥܡ ܡܘܫܐ ܘܐܡ̣ܪ ܠܗ.,6,Disse mais o Senhor a Moisés:,6,True,True,True
30,18,Êxodo 30:18,וְעָשִׂ֜יתָ כִּיּ֥וֹר נְחֹ֛שֶׁת וְכַנּ֥וֹ נְחֹ֖שֶׁת לְרָחְצָ֑ה וְנָתַתָּ֣ אֹת֗וֹ בֵּֽין־ אֹ֤הֶל מוֹעֵד֙ וּבֵ֣ין הַמִּזְבֵּ֔חַ וְנָתַתָּ֥ שָׁ֖מָּה מָֽיִם ׃,ועשית כיור נחשת וכנו נחשת לרחצה ונתת אתו בינ אהל מועד ובינ המזבח ונתת שמה מימ,17,ותעבד כיורא דנחשא ובסיסיה נחשא לקדוש ותתן יתיה בין משכן זמנא ובין מדבחא ותתן תמן מיא:,16,"Ποίησον λουτῆρα χαλκοῦν καὶ βάσιν αὐτῷ χαλκῆν, ὥστε νίπτεσθαι· καὶ θήσεις αὐτὸν ἀνὰ μέσον τῆς σκηνῆς τοῦ μαρτυρίου καὶ ἀνὰ μέσον τοῦ θυσιαστηρίου, καὶ ἐκχεεῖς εἰς αὐτὸν ὕδωρ·",28,ܥܒ̇ܕ ܠܩܢܐ ܕܢܚܫܐ ܘܟܢܗ̇ ܕܢܚܫܐ ܠܫܝܓܬܐ. ܘܣܝܡܝܗ̇ ܒܝܬ ܡܫܟܢܙܒܢܐ ܘܒܝܬ ܡܕܒܚܐ. ܘܗܒ ܬܡ̇ܢ ܡ̈ܝܐ.,14,"Farás também uma pia de bronze com a sua base de bronze, para lavatório; e a porás entre a tenda da revelação e o altar, e nela deitarás água,",29,True,True,True
30,19,Êxodo 30:19,וְרָחֲצ֛וּ אַהֲרֹ֥ן וּבָנָ֖יו מִמֶּ֑נּוּ אֶת־ יְדֵיהֶ֖ם וְאֶת־ רַגְלֵיהֶֽם ׃,ורחצו אהרנ ובניו ממנו את ידיהמ ואת רגליהמ,9,ויקדשון אהרן ובנוהי מניה ית ידיהון וית רגליהון:,8,καὶ νίψεται Ἀαρὼν καὶ οἱ υἱοὶ αὐτοῦ ἐξ αὐτοῦ τὰς χεῖρας καὶ τοὺς πόδας ὕδατι.,15,ܘܢܫܝܓܘܢ ܐܗܪܘܢ ܘܒܢ̈ܘܗܝ ܡܢܗ̇ ܐ̈ܝܕܝܗܘܢ ܘܪ̈ܓܠܝܗܘܢ.,6,com a qual Arão e seus filhos lavarão as mãos e os pés;,13,True,True,True
30,20,Êxodo 30:20,בְּבֹאָ֞ם אֶל־ אֹ֧הֶל מוֹעֵ֛ד יִרְחֲצוּ־ מַ֖יִם וְלֹ֣א יָמֻ֑תוּ א֣וֹ בְגִשְׁתָּ֤ם אֶל־ הַמִּזְבֵּ֨חַ֙ לְשָׁרֵ֔ת לְהַקְטִ֥יר אִשֶּׁ֖ה לַֽיהוָֽה ׃,בבאמ אל אהל מועד ירחצו מימ ולא ימתו או בגשתמ אל המזבח לשרת להקטיר אשה ליהוה,17,במיעלהון למשכן זמנא יקדשון מיא ולא ימותון או במקרבהון למדבחא לשמשא לאסקא קרבנא קדם יי:,15,"ὅταν εἰσπορεύωνται εἰς τὴν σκηνὴν τοῦ μαρτυρίου, νίψονται ὕδατι καὶ οὐ μὴ ἀποθάνωσιν· ὅταν προσπορεύωνται πρὸς τὸ θυσιαστήριον λειτουργεῖν καὶ ἀναφέρειν τὰ ὁλοκαυτώματα Κυρίῳ,",24,ܡܐ ܕܥܐܠܝܢ ܠܡܫܟܢܙܒܢܐ ܢܫܝܓܘܢ ܒܡ̈ܝܐ ܘܠܐ ܢܡܘܬܘܢ. ܘܡܐ ܕܩܪܒܝܢ ܠܡܕܒܚܐ ܠܡܫܡܫܘ ܘܠܡܥܛܪܘ ܩܘܪܒܢܐ ܠܡܪܝܐ.,14,"quando entrarem na tenda da revelação lavar-se-ão com água, para que não morram, ou quando se chegarem ao altar para ministrar, para fazer oferta queimada ao Senhor.",27,True,True,True
30,21,Êxodo 30:21,וְרָחֲצ֛וּ יְדֵיהֶ֥ם וְרַגְלֵיהֶ֖ם וְלֹ֣א יָמֻ֑תוּ וְהָיְתָ֨ה לָהֶ֧ם חָק־ עוֹלָ֛ם ל֥וֹ וּלְזַרְע֖וֹ לְדֹרֹתָֽם ׃ פ,ורחצו ידיהמ ורגליהמ ולא ימתו והיתה להמ חק עולמ לו ולזרעו לדרתמ פ,14,ויקדשון ידיהון ורגליהון ולא ימותון ותהי להון קים עלם ליה ולבנוהי לדריהון:,12,"νίψονται τὰς χεῖρας καὶ τοὺς πόδας ὕδατι· ὅταν εἰσπορεύωνται εἰς τὴν σκηνὴν τοῦ μαρτυρίου, νίψονται ὕδατι ἵνα μὴ ἀποθάνωσιν· καὶ ἔσται αὐτοῖς νόμιμον αἰώνιον, αὐτῷ καὶ ταῖς γενεαῖς αὐτοῦ μετ᾽ αὐτόν.",31,ܢܫܝܓܘܢ ܐ̈ܝܕܝܗܘܢ ܘܪ̈ܓܠܝܗܘܢ ܕܠܐ ܢܡܘܬܘܢ ܘܬܗܘܐ ܠܗܘܢ ܠܩܝܡܐ ܕܠܥܠܡ. ܠܗ ܘܠܙܪܥܗ ܠܕܪ̈ܝܗܘܢ.,12,"Lavarão, pois, as mãos e os pés, para que não morram; e isto lhes será por estatuto perpétuo a ele e à sua descendência pelas suas gerações.",27,True,True,True
30,22,Êxodo 30:22,וַיְדַבֵּ֥ר יְהוָ֖ה אֶל־ מֹשֶׁ֥ה לֵּאמֹֽר ׃,וידבר יהוה אל משה לאמר,6,ומליל יי עם משה למימר:,5,Καὶ ἐλάλησεν Κύριος πρὸς Μωυσῆν λέγων,6,ܘܡܠܠ ܡܪܝܐ ܥܡ ܡܘܫܐ ܘܐܡ̣ܪ ܠܗ.,6,Disse mais o Senhor a Moisés:,6,True,True,True
30,23,Êxodo 30:23,וְאַתָּ֣ה קַח־ לְךָ֮ בְּשָׂמִ֣ים רֹאשׁ֒ מָר־ דְּרוֹר֙ חֲמֵ֣שׁ מֵא֔וֹת וְקִנְּמָן־ בֶּ֥שֶׂם מַחֲצִית֖וֹ חֲמִשִּׁ֣ים וּמָאתָ֑יִם וּקְנֵה־ בֹ֖שֶׂם חֲמִשִּׁ֥ים וּמָאתָֽיִם ׃,ואתה קח לכ בשמימ ראש מר דרור חמש מאות וקנמנ בשמ מחציתו חמשימ ומאתימ וקנה בשמ חמשימ ומאתימ,19,ואת סב לך בוסמין רישא מירא דכיא מתקל חמש מאה וקנמן בשם פלגותיה מתקל מאתן וחמשין וקנה בוסמא מתקל מאתן וחמשין:,21,"Καὶ σὺ λάβε ἡδύσματα, τὸ ἄνθος σμύρνης ἐκλεκτῆς πεντακοσίους σίκλους, καὶ κινναμώμου εὐώδους τὸ ἥμισυ τούτου σν᾽, καὶ καλάμου εὐώδους διακοσίους πεντήκοντα,",22,ܐܢܬ ܣܒ ܠܟ ܒܣܡܐ ܪܝܫܝܐ. ܡܘܪܐ ܕܟܝܐ ܚܡܫܡܐܐ. ܘܩܘܢܡܘܢ ܒܣܡܐ ܦܠܓܘܬܗ ܡܐܬܝܢ ܘܚܡܫܝܢ. ܘܩܢܝܐ ܕܒܣܡܐ ܡܐܬܝܢ ܘܚܡܫܝܢ.,17,"Também toma das principais especiarias, da mais pura mirra quinhentos siclos, de canela aromática a metade, a saber, duzentos e cinqüenta siclos, de cálamo aromático duzentos e cinqüenta siclos,",29,True,True,True
30,24,Êxodo 30:24,וְקִדָּ֕ה חֲמֵ֥שׁ מֵא֖וֹת בְּשֶׁ֣קֶל הַקֹּ֑דֶשׁ וְשֶׁ֥מֶן זַ֖יִת הִֽין ׃,וקדה חמש מאות בשקל הקדש ושמנ זית הינ,9,וקציעתא מתקל חמש מאה בסלעי קודשא ומשח זיתא מלא הינא:,10,"καὶ ἴρεως πεντακοσίους σίκλους τοῦ ἁγίου, καὶ ἔλαιον ἐξ ἐλαίων εἵν·",11,ܘܩܣܝܐ ܚܡܫܡܐܐ ܒܡ̈ܬܩܠܝ ܩܘܕܫܐ. ܘܡܫܚܐ ܕܙܝܬܐ ܗܡܝܢܐ.,7,"de cássia quinhentos siclos, segundo o siclo do santuário, e de azeite de oliveiras um him.",16,True,True,True
30,25,Êxodo 30:25,וְעָשִׂ֣יתָ אֹת֗וֹ שֶׁ֚מֶן מִשְׁחַת־ קֹ֔דֶשׁ רֹ֥קַח מִרְקַ֖חַת מַעֲשֵׂ֣ה רֹקֵ֑חַ שֶׁ֥מֶן מִשְׁחַת־ קֹ֖דֶשׁ יִהְיֶֽה ׃,ועשית אתו שמנ משחת קדש רקח מרקחת מעשה רקח שמנ משחת קדש יהיה,14,ותעבד יתיה משח רבות קודשא בוסם מבסם עובד בוסמנו משח רבות קודשא יהא:,13,"καὶ ποιήσεις αὐτὸ ἔλαιον χρίσμα ἅγιον, μύρον μυρεψικὸν τέχνῃ μυρεψοῦ· ἔλαιον χρίσμα ἅγιον ἔσται.",14,ܘܥܒܕܝܗܝ ܡܫܚܐ ܡܫܝܚܘܬ ܩܘܕܫܐ . ܒܣܡܐ ܡܒܣܡܐ ܥܒ̇ܕ ܡܒ̣ܣܡ. ܡܫܚܐ ܕܡܫܝܚܘܬܐ ܘܩܘܕܫܐ ܢܗܘܐ.,13,"Disto farás um óleo sagrado para as unções, um perfume composto segundo a arte do perfumista; este será o óleo sagrado para as unções.",24,True,True,True
30,26,Êxodo 30:26,וּמָשַׁחְתָּ֥ ב֖וֹ אֶת־ אֹ֣הֶל מוֹעֵ֑ד וְאֵ֖ת אֲר֥וֹן הָעֵדֻֽת ׃,ומשחת בו את אהל מועד ואת ארונ העדת,9,ותרבי ביה ית משכן זמנא וית ארונא דסהדותא:,8,"καὶ χρίσεις ἐξ αὐτοῦ τὴν σκηνὴν τοῦ μαρτυρίου, καὶ τὴν κιβωτὸν τοῦ μαρτυρίου,",13,ܘܬܡܫܘܚ ܒܗ ܡܫܟܢ ܙܒܢܐ ܘܩܒܘܬܐ ܕܣܗܕܘܬܐ.,6,"Com ele ungirás a tenda da revelação, a arca do testemunho,",11,True,True,True
30,27,Êxodo 30:27,וְאֶת־ הַשֻּׁלְחָן֙ וְאֶת־ כָּל־ כֵּלָ֔יו וְאֶת־ הַמְּנֹרָ֖ה וְאֶת־ כֵּלֶ֑יהָ וְאֵ֖ת מִזְבַּ֥ח הַקְּטֹֽרֶת ׃,ואת השלחנ ואת כל כליו ואת המנרה ואת כליה ואת מזבח הקטרת,13,וית פתורא וית כל מנוהי וית מנרתא וית מנהא וית מדבחא דקטרת בוסמיא:,13,"καὶ τὴν λυχνίαν καὶ πάντα τὰ σκεύη αὐτῆς, καὶ τὴν σκηνὴν τοῦ μαρτυρίου καὶ πάντα τὰ σκεύη αὐτῆς, καὶ τὸ θυσιαστήριον τοῦ θυμιάματος,",23,ܘܦܬܘܪܐ ܘܟܠܗܘܢ ܡܐ̈ܢܘܗܝ. ܘܠܡܢܪܬܐ ܘܠܡܐ̈ܢܝܗ̇. ܘܠܡܕܒܚܐ ܕܥܛܪܐ.,7,"a mesa com todos os seus utensílios, o candelabro com os seus utensílios, o altar de incenso,",17,True,True,True
30,28,Êxodo 30:28,וְאֶת־ מִזְבַּ֥ח הָעֹלָ֖ה וְאֶת־ כָּל־ כֵּלָ֑יו וְאֶת־ הַכִּיֹּ֖ר וְאֶת־ כַּנּֽוֹ ׃,ואת מזבח העלה ואת כל כליו ואת הכיר ואת כנו,11,וית מדבח דעלתא וית כל מנוהי וית כיורא וית בסיסיה:,10,"καὶ τὸ θυσιαστήριον τῶν ὁλοκαυτωμάτων καὶ πάντα αὐτοῦ τὰ σκεύη, καὶ τὴν τράπεζαν καὶ πάντα τὰ σκεύη αὐτῆς, καὶ τὸν λουτῆρα.",21,ܘܠܡܕܒܚܐ ܕܥܠܬܐ. ܘܠܟܠܗܘܢ ܡܐ̈ܢܘܗܝ ܘܠܠܩܢܐ ܘܠܟܢܗ̇.,6,"a altar do holocausto com todos os seus utensílios, o altar de incenso,",13,True,True,True
30,29,Êxodo 30:29,וְקִדַּשְׁתָּ֣ אֹתָ֔ם וְהָי֖וּ קֹ֣דֶשׁ קָֽדָשִׁ֑ים כָּל־ הַנֹּגֵ֥עַ בָּהֶ֖ם יִקְדָּֽשׁ ׃,וקדשת אתמ והיו קדש קדשימ כל הנגע בהמ יקדש,10,ותקדש יתהון ויהון קדש קודשיא כל דיקרב בהון יתקדש:,9,"καὶ ἁγιάσεις αὐτά, καὶ ἔσται ἅγια τῶν ἁγίων· πᾶς ὁ ἁπτόμενος αὐτῶν ⸆ ἁγιασθήσεται.",14,ܘܩ̇ܕܫ ܐܢܘܢ ܘܢܗܘܘܢ ܩܕܘܫ ܩܘ̈ܕܫܝܢ. ܘܟܠ ܕܢܩܪܘܒ ܠܗܘܢ ܢܬܩܕܫ.,9,"Assim santificarás estas coisas, para que sejam santíssimas; tudo o que as tocar será santo.",15,True,True,True
30,30,Êxodo 30:30,וְאֶת־ אַהֲרֹ֥ן וְאֶת־ בָּנָ֖יו תִּמְשָׁ֑ח וְקִדַּשְׁתָּ֥ אֹתָ֖ם לְכַהֵ֥ן לִֽי ׃,ואת אהרנ ואת בניו תמשח וקדשת אתמ לכהנ לי,10,וית אהרן וית בנוהי תרבי ותקדש יתהון לשמשא קדמי:,9,"καὶ Ἀαρὼν καὶ τοὺς υἱοὺς αὐτοῦ χρίσεις, καὶ ἁγιάσεις αὐτοὺς ἱερατεύειν μοι.",12,ܘܠܐܗܪܘܢ ܘܠܒܢ̈ܘܗܝ ܬܡܫܘܚ . ܘܬܩ̇ܕܫ ܐܢܘܢ ܠܡܟܗ̇ܢܘ ܠܝ.,8,"Também ungirás a Arão e seus filhos, e os santificarás para me administrarem o sacerdócio.",15,True,True,True
30,31,Êxodo 30:31,וְאֶל־ בְּנֵ֥י יִשְׂרָאֵ֖ל תְּדַבֵּ֣ר לֵאמֹ֑ר שֶׁ֠מֶן מִשְׁחַת־ קֹ֨דֶשׁ יִהְיֶ֥ה זֶ֛ה לִ֖י לְדֹרֹתֵיכֶֽם ׃,ואל בני ישראל תדבר לאמר שמנ משחת קדש יהיה זה לי לדרתיכמ,13,ועם בני ישראל תמלל למימר משח רבות קודשא יהי דין קדמי לדריכון:,12,καὶ τοῖς υἱοῖς Ἰσραὴλ λαλήσεις λέγων Ἔλαιον ἄλιμμα χρίσεως ἅγιον ἔσται τοῦτο ὑμῖν εἰς τὰς γενεὰς ὑμῶν·,17,ܘܥܡ ܕܒܝܬ ܐܝܣܪܝܠ ܡܠܠ ܘܐܡ̣ܪ . ܡܫܚܐ ܕܡܫܝܚܘܬܐ ܠܩܘܕܫܐ ܢܗܘܐ ܠܝ. ܗܢܐ ܠܕܪ̈ܝܟܘܢ.,13,"E falarás aos filhos de Israel, dizendo: Este me será o óleo sagrado para as unções por todas as vossas gerações.",21,True,True,True
30,32,Êxodo 30:32,עַל־ בְּשַׂ֤ר אָדָם֙ לֹ֣א יִיסָ֔ךְ וּבְמַ֨תְכֻּנְתּ֔וֹ לֹ֥א תַעֲשׂ֖וּ כָּמֹ֑הוּ קֹ֣דֶשׁ ה֔וּא קֹ֖דֶשׁ יִהְיֶ֥ה לָכֶֽם ׃,על בשר אדמ לא ייסכ ובמתכנתו לא תעשו כמהו קדש הוא קדש יהיה לכמ,15,על בסרא דאנשא לא יתנסך ובדמותיה לא תעבדון כותיה קודשא הוא קודשא יהי לכון:,14,"ἐπὶ σάρκα ἀνθρώπου οὐ χρισθήσεται, καὶ κατὰ τὴν σύνθεσιν ταύτην οὐ ποιηθήσεται ὑμῖν ἑαυτοῖς ὡσαύτως· ἅγιόν ἐστιν, καὶ ἁγίασμα ἔσται ὑμῖν.",21,ܥܠ ܒܣܪܐ ܕܐܢܫܐ ܠܐ ܢܬܫܝܦ. ܘܒܕܡܘܬܗ ܠܐ ܬܥܒܕܘܢ. ܡܛܠ ܕܩܘܕܫܐ ܗܘ ܘܩܘܕܫܐ ܢܗܘܐ ܠܟܘܢ.,14,"Não se ungirá com ele carne de homem; nem fareis outro de semelhante composição; sagrado é, e para vós será sagrado.",21,True,True,True
30,33,Êxodo 30:33,אִ֚ישׁ אֲשֶׁ֣ר יִרְקַ֣ח כָּמֹ֔הוּ וַאֲשֶׁ֥ר יִתֵּ֛ן מִמֶּ֖נּוּ עַל־ זָ֑ר וְנִכְרַ֖ת מֵעַמָּֽיו ׃ ס,איש אשר ירקח כמהו ואשר יתנ ממנו על זר ונכרת מעמיו ס,13,גבר די יבסם דכותיה ודי יתן מניה על חלוני וישתצי מעמיה:,11,"ὃς ἂν ποιήσῃ ὡσαύτως, καὶ ὃς ἂν δῷ ἀπ᾽ αὐτοῦ ἀλλογενεῖ, ἐξολεθρευθήσεται ἐκ τοῦ λαοῦ αὐτοῦ.",16,ܘܓܒܪܐ ܕܢܒ̇ܣܡ ܐܟܘܬܗ ܘܕܢܬܠ ܡܢܗ ܠܢܘܟܪܝܐ. ܢܐܒܕ ܡܢ ܥܡܗ.,9,"O homem que compuser um perfume como este, ou que com ele ungir a um estranho, será extirpado do seu povo.",21,True,True,True
30,34,Êxodo 30:34,וַיֹּאמֶר֩ יְהוָ֨ה אֶל־ מֹשֶׁ֜ה קַח־ לְךָ֣ סַמִּ֗ים נָטָ֤ף ׀ וּשְׁחֵ֨לֶת֙ וְחֶלְבְּנָ֔ה סַמִּ֖ים וּלְבֹנָ֣ה זַכָּ֑ה בַּ֥ד בְּבַ֖ד יִהְיֶֽה ׃,ויאמר יהוה אל משה קח לכ סמימ נטפ ושחלת וחלבנה סמימ ולבנה זכה בד בבד יהיה,18,ואמר יי למשה סב לך בוסמין נטופא וטופרא וחלבנתא בוסמין ולבונתא דכיתא מתקל במתקל יהי:,15,"Καὶ εἶπεν Κύριος πρὸς Μωυσῆν Λάβε σεαυτῷ ἡδύσματα, στακτήν, ὄνυχα, χαλβάνην ἡδυσμοῦ καὶ λίβανον διαφανῆ· ἴσον ἴσῳ ἔσται·",18,ܘܐܡ̣ܪ ܡܪܝܐ ܠܡܘܫܐ. ܣܒ ܠܟ ܒܣܡܐ ܢܛܦܬܐ ܘܛܦܪܐ ܘܚܠܒܢܝܬܐ. ܒܣܡܐ ܘܠܒܘܢܬܐ ܕܟܝܬܐ. ܡܬܩܠ ܡܬܩܠ ܢܗܘܐ.,15,"Disse mais o Senhor a Moisés: Toma especiarias aromáticas: estoraque, onicha e gálbano, especiarias aromáticas com incenso puro; de cada uma delas tomarás peso igual;",25,True,True,True
30,35,Êxodo 30:35,וְעָשִׂ֤יתָ אֹתָהּ֙ קְטֹ֔רֶת רֹ֖קַח מַעֲשֵׂ֣ה רוֹקֵ֑חַ מְמֻלָּ֖ח טָה֥וֹר קֹֽדֶשׁ ׃,ועשית אתה קטרת רקח מעשה רוקח ממלח טהור קדש,10,ותעבד יתה קטרת בוסמין בוסם עובד בוסמנו מערב דכי קודשא:,10,"καὶ ποιήσουσιν ἐν αὐτῷ θυμίαμα μυρεψικὸν ἔργον μυρεψοῦ μεμιγμένον, καθαρὸν ἔργον ἅγιον.",12,ܘܥܒܕܝܗܝ ܥܛܪܐ ܕܒܣ̈ܡܐ. ܥܒ̇ܕܐ ܡܒܣܡܐ. ܦܝ̈ܠܐ ܕܕܟܝ̈ܢ ܠܩܘܕܫܐ.,8,"e disto farás incenso, um perfume segundo a arte do perfumista, temperado com sal, puro e santo;",17,True,True,True
30,36,Êxodo 30:36,וְשָֽׁחַקְתָּ֣ מִמֶּנָּה֮ הָדֵק֒ וְנָתַתָּ֨ה מִמֶּ֜נָּה לִפְנֵ֤י הָעֵדֻת֙ בְּאֹ֣הֶל מוֹעֵ֔ד אֲשֶׁ֛ר אִוָּעֵ֥ד לְךָ֖ שָׁ֑מָּה קֹ֥דֶשׁ קָֽדָשִׁ֖ים תִּהְיֶ֥ה לָכֶֽם ׃,ושחקת ממנה הדק ונתתה ממנה לפני העדת באהל מועד אשר אועד לכ שמה קדש קדשימ תהיה לכמ,18,ותשחוק מנה ותדיק ותתן מנה קדם סהדותא במשכן זמנא די אזמן מימרי לך תמן קדש קודשין תהי לכון:,18,"καὶ συνκόψεις ἐκ τούτων λεπτόν, καὶ θήσεις ἀπέναντι τῶν μαρτυρίων ἐν τῇ σκηνῇ τοῦ μαρτυρίου, ὅθεν γνωσθήσομαί σοι ἐκεῖθεν· ἅγιον τῶν ἁγίων ἔσται ὑμῖν.",24,ܘܫܚܘܩ ܡܢܗ ܘܐܕܩ. ܘܗܒ ܡܢܗ ܩܕܡ ܣܗܕܘܬܐ ܕܡܫܟܢ ܙܒܢܐ ܕܐܬܘܥܕ ܠܟ. ܬܡܢ ܩܕܘܫ ܩܘܕܫ̈ܝܢ ܢܗܘܐ ܠܟܘܢ.,16,"e uma parte dele reduzirás a pó e o porás diante do testemunho, na tenda da revelação onde eu virei a ti; coisa santíssima vos será.",26,True,True,True
30,37,Êxodo 30:37,וְהַקְּטֹ֨רֶת֙ אֲשֶׁ֣ר תַּעֲשֶׂ֔ה בְּמַ֨תְכֻּנְתָּ֔הּ לֹ֥א תַעֲשׂ֖וּ לָכֶ֑ם קֹ֛דֶשׁ תִּהְיֶ֥ה לְךָ֖ לַיהוָֽה ׃,והקטרת אשר תעשה במתכנתה לא תעשו לכמ קדש תהיה לכ ליהוה,12,וקטרת בוסמין די תעבד בדמותה לא תעבדון לכון קודשא תהי לך קדם יי:,13,θυμίαμα κατὰ τὴν σύνθεσιν ταύτην οὐ ποιήσετε ὑμῖν αὐτοῖς· ἁγίασμα ἔσται ὑμῖν Κυρίῳ·,13,ܘܥܛܪܐ ܕܬܥܒ̇ܕܘܢ. ܒܕܡܘܬܗ ܠܐ ܬܥܒ̇ܕܘܢ ܠܟܘܢ. ܩܘܕܫܐ ܢܗܘܐ ܠܟ ܠܡܪܝܐ.,10,"Ora, o incenso que fareis conforme essa composição, não o fareis para vós mesmos; santo vos será para o Senhor.",20,True,True,True
30,38,Êxodo 30:38,אִ֛ישׁ אֲשֶׁר־ יַעֲשֶׂ֥ה כָמ֖וֹהָ לְהָרִ֣יחַ בָּ֑הּ וְנִכְרַ֖ת מֵעַמָּֽיו ׃ ס,איש אשר יעשה כמוה להריח בה ונכרת מעמיו ס,10,גבר דיעבד דכותה לארחא בה וישתצי מעמיה:,7,"ὃς ἂν ποιήσῃ ὡσαύτως ὥστε ὀσφραίνεσθαι ἐν αὐτῷ, ἀπολεῖται ἐκ τοῦ λαοῦ αὐτοῦ.",13,ܘܓܒܪܐ ܕܢܥܒ̇ܕ ܐܟܘܬܗ ܠܡܪܚܘ ܒܗ. ܢܐܒܕ ܡܢ ܥܡܗ.,8,"O homem que fizer tal como este para o cheirar, será extirpado do seu povo.",15,True,True,True
31,1,Êxodo 31:1,וַיְדַבֵּ֥ר יְהוָ֖ה אֶל־ מֹשֶׁ֥ה לֵּאמֹֽר ׃,וידבר יהוה אל משה לאמר,6,ומליל יי עם משה למימר:,5,Καὶ ἐλάλησεν Κύριος πρὸς Μωυσῆν λέγων,6,ܘܡܠܠ ܡܪܝܐ ܥܡ ܡܘܫܐ ܘܐܡ̣ܪ ܠܗ .,7,Depois disse o Senhor a Moisés:,6,True,True,True
31,2,Êxodo 31:2,רְאֵ֖ה קָרָ֣אתִֽי בְשֵׁ֑ם בְּצַלְאֵ֛ל בֶּן־ אוּרִ֥י בֶן־ ח֖וּר לְמַטֵּ֥ה יְהוּדָֽה ׃,ראה קראתי בשמ בצלאל בנ אורי בנ חור למטה יהודה,11,חזי דרביתי בשום בצלאל בר אורי בר חור לשבטא דיהודה:,10,"Ἰδοὺ ἀνακέκλημαι ἐξ ὀνόματος τὸν Βεσελεὴλ τὸν τοῦ Οὐρείου τὸν Ὣρ τῆς φυλῆς Ἰούδα,",14,ܚܙܝ ܕܩܪܝܬ ܒܫܡ ܠܒܨܠܝܐܝܠ ܒܪ ܐܘܪܝ ܒܪ ܚܘܪ ܡܢ ܫܒܛܐ ܕܝܗܘܕܐ.,11,"Eis que eu tenho chamado por nome a Bezalel, filho de Uri, filho de Hur, da tribo de Judá,",19,True,True,True
31,3,Êxodo 31:3,וָאֲמַלֵּ֥א אֹת֖וֹ ר֣וּחַ אֱלֹהִ֑ים בְּחָכְמָ֛ה וּבִתְבוּנָ֥ה וּבְדַ֖עַת וּבְכָל־ מְלָאכָֽה ׃,ואמלא אתו רוח אלהימ בחכמה ובתבונה ובדעת ובכל מלאכה,10,ואשלמית עמיה רוח מן קדם יי בחכמתא ובסוכלתנו ובמדע ובכל עבידא:,11,"καὶ ἐνέπλησα αὐτὸν πνεῦμα θεῖον σοφίας καὶ συνέσεως καὶ ἐπιστήμης ἐν παντὶ ἔργῳ,",13,ܘܡܠܝܬܗ ܪܘܚܐ ܕܐܠܗܐ. ܒܚܟܡܬܐ ܘܒܒܘܝܢܐ ܘܒܐܝܕܥܬܐ. ܘܒܟܠ ܥܒ̇ܕ.,8,"e o enchi do espírito de Deus, no tocante à sabedoria, ao entendimento, à ciência e a todo ofício,",19,True,True,True
31,4,Êxodo 31:4,לַחְשֹׁ֖ב מַחֲשָׁבֹ֑ת לַעֲשׂ֛וֹת בַּזָּהָ֥ב וּבַכֶּ֖סֶף וּבַנְּחֹֽשֶׁת ׃,לחשב מחשבת לעשות בזהב ובכספ ובנחשת,7,לאלפא אומנון למעבד בדהבא ובכספא ובנחשא:,6,"διανοεῖσθαι καὶ ἀρχιτεκτονῆσαι, ἐργάζεσθαι τὸ χρυσίον καὶ τὸ ἀργύριον καὶ τὸν χαλκόν, καὶ τὴν ὑάκινθον καὶ τὴν πορφύραν καὶ τὸ κόκκινον τὸ νηστόν,",23,ܠܡܠܦܘ ܐܘܡܢܘܬܐ ܠܡܥܒ̇ܕ ܒܕܗܒܐ ܘܒܣܐܡܐ ܘܒܢܚܫܐ.,6,"para inventar obras artísticas, e trabalhar em ouro, em prata e em bronze,",13,True,True,True
31,5,Êxodo 31:5,וּבַחֲרֹ֥שֶׁת אֶ֛בֶן לְמַלֹּ֖את וּבַחֲרֹ֣שֶׁת עֵ֑ץ לַעֲשׂ֖וֹת בְּכָל־ מְלָאכָֽה ׃,ובחרשת אבנ למלאת ובחרשת עצ לעשות בכל מלאכה,9,ובאמנות אבן טבא לאשלמא ובנגרות אעא למעבד בכל עבידא:,9,"καὶ τὰ λιθουργικά, καὶ εἰς τὰ ἔργα τὰ τεκτονικὰ τῶν ξύλων, ἐργάζεσθαι κατὰ πάντα τὰ ἔργα.",16,ܘܒܐܘܡܢܘܬܐ ܕܟܐ̈ܦܐ ܠܡܫ̇ܠܡܘ. ܘܒܢܓܪܘܬܐ ܕܩܝܣ̈ܐ ܠܡܥܒ̇ܕ ܟܠ ܥܒ̇ܕ.,8,"e em lavramento de pedras para engastar, e em entalhadura de madeira, enfim para trabalhar em todo ofício.",18,True,True,True
31,6,Êxodo 31:6,וַאֲנִ֞י הִנֵּ֧ה נָתַ֣תִּי אִתּ֗וֹ אֵ֣ת אָהֳלִיאָ֞ב בֶּן־ אֲחִֽיסָמָךְ֙ לְמַטֵּה־ דָ֔ן וּבְלֵ֥ב כָּל־ חֲכַם־ לֵ֖ב נָתַ֣תִּי חָכְמָ֑ה וְעָשׂ֕וּ אֵ֖ת כָּל־ אֲשֶׁ֥ר צִוִּיתִֽךָ ׃,ואני הנה נתתי אתו את אהליאב בנ אחיסמכ למטה דנ ובלב כל חכמ לב נתתי חכמה ועשו את כל אשר צויתכ,22,ואנא הא יהבית עמיה ית אהליאב בר אחיסמך לשבטא דדן ובלבא כל חכימי לבא יהבית חכמתא ויעבדון ית כל די פקדתך:,21,"καὶ ἐγὼ ἔδωκα αὐτὸν καὶ τὸν Ἐλιὰβ τὸν τοῦ Ἀχισαμὰχ ἐκ φυλῆς Δάν, καὶ παντὶ συνετῷ καρδίᾳ δέδωκα σύνεσιν· καὶ ποιήσουσιν πάντα ὅσα σοι συνέταξα·",25,ܘܐܢܐ ܗܐ ܝܗ̇ܒܬ ܥܡܗ. ܠܐܠܝܗܒ ܒܪ ܐܚܝܣܡܟ ܡܢ ܫܒܛܐ ܕܕܢ. ܘܒܠܒܐ ܕܟܠ ܚ̈ܟܝܡܝ ܠܒܐ ܝܗ̇ܒܬ ܚܟܡܬܐ. ܘܢܥܒ̇ܕܘܢ ܟܠܡܕܡ ܕܦܩܕܬܟ.,19,"E eis que eu tenho designado com ele a Aoliabe, filho de Aisamaque, da tribo de Dã, e tenho dado sabedoria ao coração de todos os homens hábeis, para fazerem tudo o que te hei ordenado,",36,True,True,True
31,7,Êxodo 31:7,אֵ֣ת ׀ אֹ֣הֶל מוֹעֵ֗ד וְאֶת־ הָֽאָרֹן֙ לָֽעֵדֻ֔ת וְאֶת־ הַכַּפֹּ֖רֶת אֲשֶׁ֣ר עָלָ֑יו וְאֵ֖ת כָּל־ כְּלֵ֥י הָאֹֽהֶל ׃,את אהל מועד ואת הארנ לעדת ואת הכפרת אשר עליו ואת כל כלי האהל,16,ית משכן זמנא וית ארונא לסהדותא וית כפרתא די עלוהי וית כל מני משכנא:,14,"τὴν σκηνὴν τοῦ μαρτυρίου, καὶ τὴν κιβωτὸν τῆς διαθήκης καὶ τὸ ἱλαστήριον τὸ ἐπ᾽ αὐτῆς, καὶ τὴν διασκευὴν τῆς σκηνῆς,",20,ܡܫܟܢܙܒܢܐ ܘܩܒܘܬܐ ܕܣܗܕܘܬܐ. ܘܚܘܣܝܐ ܕܥܠܝܗ̇ ܘܟܠ ܡܐ̈ܢܝ ܡܫܟܢܐ.,8,"a saber: a tenda da revelação, a arca do testemunho, o propiciatório que estará sobre ela, e todos os móveis da tenda;",22,True,True,True
31,8,Êxodo 31:8,וְאֶת־ הַשֻּׁלְחָן֙ וְאֶת־ כֵּלָ֔יו וְאֶת־ הַמְּנֹרָ֥ה הַטְּהֹרָ֖ה וְאֶת־ כָּל־ כֵּלֶ֑יהָ וְאֵ֖ת מִזְבַּ֥ח הַקְּטֹֽרֶת ׃,ואת השלחנ ואת כליו ואת המנרה הטהרה ואת כל כליה ואת מזבח הקטרת,14,וית פתורא וית מנוהי וית מנרתא דכיתא וית כל מנהא וית מדבחא דקטורת בוסמיא:,14,"καὶ τὰ θυσιαστήρια, καὶ τὴν τράπεζαν καὶ πάντα τὰ σκεύη αὐτῆς, καὶ τὴν λυχνίαν τὴν καθαρὰν καὶ πάντα τὰ σκεύη αὐτῆς,",21,ܘܦܬܘܪܐ ܘܟܠ ܡܐ̈ܢܘܗܝ. ܘܡܢܪܬܐ ܕܟܝܬܐ ܘܟܠܗܘܢ ܡܐ̈ܢܝܗ̇. ܘܡܕܒܚܐ ܕܥܛܪܐ .,10,"a mesa com os seus utensílios, o candelabro de ouro puro com todos os seus utensílios, o altar do incenso,",20,True,True,True
31,9,Êxodo 31:9,וְאֶת־ מִזְבַּ֥ח הָעֹלָ֖ה וְאֶת־ כָּל־ כֵּלָ֑יו וְאֶת־ הַכִּיּ֖וֹר וְאֶת־ כַּנּֽוֹ ׃,ואת מזבח העלה ואת כל כליו ואת הכיור ואת כנו,11,וית מדבחא דעלתא וית כל מנוהי וית כיורא וית בסיסיה:,10,"καὶ τὸν λουτῆρα καὶ τὴν βάσιν αὐτοῦ,",7,ܘܡܕܒܚܐ ܕܥ̇ܠܬܐ ܘܟܠ ܡܐ̈ܢܘܗܝ. ܘܠܩܢܐ ܘܟܢܗ̇.,6,"o altar do holocausto com todos os seus utensílios, e a pia com a sua base;",16,True,True,True
31,10,Êxodo 31:10,וְאֵ֖ת בִּגְדֵ֣י הַשְּׂרָ֑ד וְאֶת־ בִּגְדֵ֤י הַקֹּ֨דֶשׁ֙ לְאַהֲרֹ֣ן הַכֹּהֵ֔ן וְאֶת־ בִּגְדֵ֥י בָנָ֖יו לְכַהֵֽן ׃,ואת בגדי השרד ואת בגדי הקדש לאהרנ הכהנ ואת בגדי בניו לכהנ,13,וית לבושי שמושא וית לבושי קודשא לאהרן כהנא וית לבושי בנוהי לשמשא:,12,"καὶ τὰς στολὰς τὰς λειτουργικὰς Ἀαρὼν καὶ τὰς στολὰς τῶν υἱῶν αὐτοῦ ἱερατεύειν μοι,",14,ܘܠܒܘ̈ܫܝ ܬܫܡܫܬܐ. ܘܠܒܘܫ̈ܝ ܩܘܕܫܐ ܠܐܗܪܘܢ ܟܗܢܐ. ܘܠܒܘ̈ܫܐ ܠܒܢ̈ܘܗܝ ܠܡܟܗ̇ܢܘ ܠܝ.,10,"as vestes finamente tecidas, as vestes sagradas de Arão, o sacerdote, e as de seus filhos, para administrarem o sacerdócio;",20,True,True,True
31,11,Êxodo 31:11,וְאֵ֨ת שֶׁ֧מֶן הַמִּשְׁחָ֛ה וְאֶת־ קְטֹ֥רֶת הַסַּמִּ֖ים לַקֹּ֑דֶשׁ כְּכֹ֥ל אֲשֶׁר־ צִוִּיתִ֖ךָ יַעֲשֽׂוּ ׃ פ,ואת שמנ המשחה ואת קטרת הסמימ לקדש ככל אשר צויתכ יעשו פ,13,וית משחא דרבותא וית קטרת בוסמיא לקודשא ככל די פקדתך יעבדון:,11,καὶ τὸ ἔλαιον τῆς χρίσεως καὶ τὸ θυμίαμα τῆς συνθέσεως τοῦ ἁγίου· κατὰ πάντα ὅσα ἐγὼ ἐνετειλάμην σοι ποιήσουσιν.,19,ܘܡܫܚܐ ܕܡܫܝܚܘܬܐ ܘܥܛܪܐ ܕܒܣ̈ܡܐ ܠܩܘܕܫܐ. ܟܠܡܕܡ ܕܦܩܕܬܟ ܢܥܒܕܘܢ.,8,"o óleo da unção, e o incenso aromático para o lugar santo; eles farão conforme tudo o que te hei mandado.",21,True,True,True
31,12,Êxodo 31:12,וַיֹּ֥אמֶר יְהוָ֖ה אֶל־ מֹשֶׁ֥ה לֵּאמֹֽר ׃,ויאמר יהוה אל משה לאמר,6,ואמר יי למשה למימר:,4,Καὶ ἐλάλησεν Κύριος πρὸς Μωυσῆν λέγων,6,ܘܐܡ̣ܪ ܡܪܝܐ ܠܡܘܫܐ.,3,Disse mais o Senhor a Moisés:,6,True,True,True
31,13,Êxodo 31:13,וְאַתָּ֞ה דַּבֵּ֨ר אֶל־ בְּנֵ֤י יִשְׂרָאֵל֙ לֵאמֹ֔ר אַ֥ךְ אֶת־ שַׁבְּתֹתַ֖י תִּשְׁמֹ֑רוּ כִּי֩ א֨וֹת הִ֜וא בֵּינִ֤י וּבֵֽינֵיכֶם֙ לְדֹרֹ֣תֵיכֶ֔ם לָדַ֕עַת כִּ֛י אֲנִ֥י יְהוָ֖ה מְקַדִּשְׁכֶֽם ׃,ואתה דבר אל בני ישראל לאמר אכ את שבתתי תשמרו כי אות הוא ביני וביניכמ לדרתיכמ לדעת כי אני יהוה מקדשכמ,22,ואת מלל עם בני ישראל למימר ברם ית יומי שביא די לי תטרון ארי את היא בין מימרי וביניכון לדריכון למדע ארי אנא יי מקדשכון:,25,"Καὶ σὺ σύνταξον τοῖς υἱοῖς Ἰσραὴλ λέγων Ὁρᾶτε καὶ τὰ σάββατά μου φυλάξεσθε· σημεῖόν ἐστιν παρ᾽ ἐμοὶ καὶ ἐν ὑμῖν εἰς τὰς γενεὰς ὑμῶν, ἵνα γνῶτε ὅτι ἐγὼ Κύριος ὁ ἁγιάζων ὑμᾶς.",32,ܐܢܬ ܐܡ̣ܪ ܠܒ̈ܢܝ ܐܝܣܪܝܠ. ܫ̈ܒܐ ܗܘܝܬܘܢ ܢܛܪܝܢ. ܡܛܠ ܕܐܬ̇ܐ ܗܝ ܒܝܢ̈ܝ ܘܠܟܘܢ ܠܕܪ̈ܝܟܘܢ. ܕܬܕܥܘܢ ܕܐܢܐ ܐܢܐ ܡܪܝܐ ܕܡܩܕܫ ܐܢܐ ܠܟܘܢ.,20,"Falarás também aos filhos de Israel, dizendo: Certamente guardareis os meus sábados; porquanto isso é um sinal entre mim e vós pelas vossas gerações; para que saibais que eu sou o Senhor, que vos santifica.",35,True,True,True
31,14,Êxodo 31:14,וּשְׁמַרְתֶּם֙ אֶת־ הַשַּׁבָּ֔ת כִּ֛י קֹ֥דֶשׁ הִ֖וא לָכֶ֑ם מְחַֽלְלֶ֨יהָ֙ מ֣וֹת יוּמָ֔ת כִּ֗י כָּל־ הָעֹשֶׂ֥ה בָהּ֙ מְלָאכָ֔ה וְנִכְרְתָ֛ה הַנֶּ֥פֶשׁ הַהִ֖וא מִקֶּ֥רֶב עַמֶּֽיהָ ׃,ושמרתמ את השבת כי קדש הוא לכמ מחלליה מות יומת כי כל העשה בה מלאכה ונכרתה הנפש ההוא מקרב עמיה,21,ותטרון ית שבתא ארי קודשא היא לכון מחללנה אתקטלא יתקטל ארי כל דיעבד בה עבידא וישתצי אנשא ההוא מגו עמיה:,20,"καὶ φυλάξεσθε τὰ σάββατα, ὅτι ἅγιον τοῦτό ἐστιν Κυρίου ὑμῖν· ὁ βεβηλῶν αὐτὸ θανάτῳ θανατωθήσεται· πᾶς ὃς ποιήσει ἐν αὐτῷ ἔργον, ἐξολεθρευθήσεται ἡ ψυχὴ ἐκείνη ἐκ μέσου τοῦ λαοῦ αὐτοῦ.",30,ܛܪܘ ܫܒܬܐ ܡܛܠ ܕܩܘܕܫܐ ܗܝ ܠܟܘܢ. ܟܠ ܡ̇ܢ ܕܢܚܠܝܗ̇ ܡܬܩܛܠܘ ܢܬܩܛܠ. ܘܟܠ ܡ̇ܢ ܕܢܥܒ̇ܕ ܒܗ̇ ܥܒ̇ܕܐ ܢܐܒܕ ܐܢܫܐ ܗ̇ܘ ܡܢ ܥܡܗ.,21,"Portanto guardareis o sábado, porque santo é para vós; aquele que o profanar certamente será morto; porque qualquer que nele fizer algum trabalho, aquela alma será exterminada do meio do seu povo.",32,True,True,True
31,15,Êxodo 31:15,שֵׁ֣שֶׁת יָמִים֮ יֵעָשֶׂ֣ה מְלָאכָה֒ וּבַיּ֣וֹם הַשְּׁבִיעִ֗י שַׁבַּ֧ת שַׁבָּת֛וֹן קֹ֖דֶשׁ לַיהוָ֑ה כָּל־ הָעֹשֶׂ֧ה מְלָאכָ֛ה בְּי֥וֹם הַשַּׁבָּ֖ת מ֥וֹת יוּמָֽת ׃,ששת ימימ יעשה מלאכה וביומ השביעי שבת שבתונ קדש ליהוה כל העשה מלאכה ביומ השבת מות יומת,18,שתא יומין יתעבד עבידא וביומא שביעאה שבת שבתא קודשא קדם יי כל דיעבד עבדתא ביומא דשבתא אתקטלא יתקטל:,18,"ἓξ ἡμέρας ποιήσεις ἔργα, τῇ δὲ ἡμέρᾳ τῇ ἑβδόμῃ σάββατα, ἀνάπαυσις ἁγία τῷ κυρίῳ· πᾶς ὃς ποιήσει ἔργον τῇ ἡμέρᾳ τῇ ἑβδόμῃ θανατωθήσεται.",23,ܫܬܐ ܝܘܡ̈ܝܢ ܬܥܒ̇ܕܘܢ ܥܒ̇ܕܐ. ܘܒܝܘܡܐ ܫܒܝܥܝܐ ܫܒܬܐ ܢܝܚܐ ܩܘܕܫܐ ܗܝ ܠܡܪܝܐ. ܟܠ ܡ̇ܢ ܕܢܥܒܕ ܥܒ̇ܕܐ ܒܝܘܡܐ ܕܫܒܬܐ ܡܬܩܛܠܘ ܢܬܩܛܠ.,19,"Seis dias se trabalhará, mas o sétimo dia será o sábado de descanso solene, santo ao Senhor; qualquer que no dia do sábado fizer algum trabalho, certamente será morto.",29,True,True,True
31,16,Êxodo 31:16,וְשָׁמְר֥וּ בְנֵֽי־ יִשְׂרָאֵ֖ל אֶת־ הַשַּׁבָּ֑ת לַעֲשׂ֧וֹת אֶת־ הַשַּׁבָּ֛ת לְדֹרֹתָ֖ם בְּרִ֥ית עוֹלָֽם ׃,ושמרו בני ישראל את השבת לעשות את השבת לדרתמ ברית עולמ,12,ויטרון בני ישראל ית שבתא למעבד ית שבתא לדריהון קים עלם:,11,"καὶ φυλάξουσιν οἱ υἱοὶ Ἰσραὴλ τὰ σάββατα, ποιεῖν αὐτὰ εἰς τὰς γενεὰς αὐτῶν· διαθήκη αἰώνιος",15,ܘܢܛܪܘܢ ܒܢ̈ܝ ܐܝܣܪܝܠ ܫܒܬܐ ܠܡܪܝܐ. ܠܡܥܒܕ ܫܒܬܐ ܠܕܪ̈ܝܗܘܢ. ܩܝܡܐ ܠܥܠܡ .,11,"Guardarão, pois, o sábado os filhos de Israel, celebrando-o nas suas gerações como pacto perpétuo. ,",16,True,True,True
31,17,Êxodo 31:17,בֵּינִ֗י וּבֵין֙ בְּנֵ֣י יִשְׂרָאֵ֔ל א֥וֹת הִ֖וא לְעֹלָ֑ם כִּי־ שֵׁ֣שֶׁת יָמִ֗ים עָשָׂ֤ה יְהוָה֙ אֶת־ הַשָּׁמַ֣יִם וְאֶת־ הָאָ֔רֶץ וּבַיּוֹם֙ הַשְּׁבִיעִ֔י שָׁבַ֖ת וַיִּנָּפַֽשׁ ׃ ס,ביני ובינ בני ישראל אות הוא לעלמ כי ששת ימימ עשה יהוה את השמימ ואת הארצ וביומ השביעי שבת וינפש ס,22,בין מימרי ובין בני ישראל את היא לעלם ארי שתא יומין עבד יי ית שמיא וית ארעא וביומא שביעאה שבת ונח:,21,"ἐν ἐμοὶ καὶ τοῖς υἱοῖς Ἰσραήλ, σημεῖόν ἐστιν ἐν ἐμοὶ αἰώνιον· ὅτι ἓξ ἡμέραις ἐποίησεν Κύριος τὸν οὐρανὸν καὶ τὴν γῆν, καὶ τῇ ἡμέρᾳ τῇ ἑβδόμῃ κατέπαυσεν καὶ ἐπαύσατο.",29,ܒܝܢ̈ܝ ܠܕܒܝܬ ܐܝܣܪܝܠ. ܐܬ̇ܐ ܗܝ ܠܥܠܡ. ܡܛܘܠ ܕܠܫܬܐ ܝܘܡ̈ܝܢ ܥܒ̣ܕ ܡܪܝܐ ܫܡܝܐ ܘܐܪܥܐ. ܘܝܡ̈ܡܐ ܘܟܠ ܕܐܝܬ ܒܗܘܢ . ܘܒܝܘܡܐ ܫܒܝܥܝܐ ܫܠܝ ܘܐܬܬܢܝܚ.,22,"Entre mim e os filhos de Israel será ele um sinal para sempre; porque em seis dias fez o Senhor o céu e a terra, e ao sétimo dia descansou, e achou refrigério.",33,True,True,True
31,18,Êxodo 31:18,וַיִּתֵּ֣ן אֶל־ מֹשֶׁ֗ה כְּכַלֹּתוֹ֙ לְדַבֵּ֤ר אִתּוֹ֙ בְּהַ֣ר סִינַ֔י שְׁנֵ֖י לֻחֹ֣ת הָעֵדֻ֑ת לֻחֹ֣ת אֶ֔בֶן כְּתֻבִ֖ים בְּאֶצְבַּ֥ע אֱלֹהִֽים ׃,ויתנ אל משה ככלתו לדבר אתו בהר סיני שני לחת העדת לחת אבנ כתבימ באצבע אלהימ,17,ויהב למשה כד שיצי למללא עמיה בטורא דסיני תרין לוחי סהדותא לוחי אבנא כתיבין באצבעא דיי:,16,"Καὶ ἔδωκεν Μωσεῖ, ἡνίκα κατέπαυσεν λαλῶν αὐτῷ ⸂⸆⸃ ἐν τῷ ὄρει τῷ Σεινά, τὰς δύο πλάκας τοῦ μαρτυρίου, πλάκας λιθίνας γεγραμμένας τῷ δακτύλῳ τοῦ θεοῦ.",25,ܘܝܗ̣ܒ ܠܡܘܫܐ ܟܕ ܫ̇ܠܡ ܠܡܡܠܠܘ ܥܡܗ ܒܛܘܪܐ ܕܣܝܢܝ. ܬܪ̈ܬܝܢ ܠܘܚ̈ܐ ܕܣܗܕܘܬܐ. ܠܘܚ̈ܐ ܕܟܐܦܐ ܕܟܬ̈ܝܒܢ ܒܨܒܥܗ ܕܐܠܗܐ.,16,"E deu a Moisés, quando acabou de falar com ele no monte Sinai, as duas tábuas do testemunho, tábuas de pedra, escritas pelo dedo de Deus.",26,True,True,True
32,1,Êxodo 32:1,וַיַּ֣רְא הָעָ֔ם כִּֽי־ בֹשֵׁ֥שׁ מֹשֶׁ֖ה לָרֶ֣דֶת מִן־ הָהָ֑ר וַיִּקָּהֵ֨ל הָעָ֜ם עַֽל־ אַהֲרֹ֗ן וַיֹּאמְר֤וּ אֵלָיו֙ ק֣וּם ׀ עֲשֵׂה־ לָ֣נוּ אֱלֹהִ֗ים אֲשֶׁ֤ר יֵֽלְכוּ֙ לְפָנֵ֔ינוּ כִּי־ זֶ֣ה ׀ מֹשֶׁ֣ה הָאִ֗ישׁ אֲשֶׁ֤ר הֶֽעֱלָ֨נוּ֙ מֵאֶ֣רֶץ מִצְרַ֔יִם לֹ֥א יָדַ֖עְנוּ מֶה־ הָ֥יָה לֽוֹ ׃,וירא העמ כי בשש משה לרדת מנ ההר ויקהל העמ על אהרנ ויאמרו אליו קומ עשה לנו אלהימ אשר ילכו לפנינו כי זה משה האיש אשר העלנו מארצ מצרימ לא ידענו מה היה לו,37,וחזא עמא ארי אוחר משה למחת מן טורא ואתכנש עמא על אהרן ואמרו ליה קום עבד לנא דחלן דיהכון קדמנא ארי דין משה גברא די אסקנא מארעא דמצרים לא ידענא מה הוה ליה:,33,"Καὶ ἰδὼν ὁ λαὸς ὅτι κεχρόνικεν Μωυσῆς καταβῆναι ἐκ τοῦ ὄρους, συνέστη ὁ λαὸς ἐπὶ Ἀαρὼν καὶ λέγουσιν αὐτῷ Ἀνάστηθι καὶ ποίησον ἡμῖν θεοὺς οἳ προπορεύσονται ἡμῶν· ὁ γὰρ Μωσῆς οὗτος ὁ ἄνθρωπος ὃς ἐξήγαγεν ἡμᾶς ἐξ Αἰγύπτου, οὐκ οἴδαμεν τί γέγονεν αὐτῷ.",43,ܘܚܙܘ ܥܡܐ ܕܐܘܚܪ ܡܘܫܐ ܕܢܚܘܬ ܡܢ ܛܘܪܐ. ܘܐܬܟܢܫܘ ܥܡܐ ܥܠ ܐܗܪܘܢ ܘܐܡܪܝܢ ܠܗ. ܩܘܡ ܥܒ̇ܕ ܠܢ ܐ̈ܠܗܐ ܕܢܐܙܠܘܢ ܩܕܡܝܢ. ܡܛܠ ܕܗܢܐ ܓܒܪܐ ܡܘܫܐ ܕܐܣܩܢ ܡܢ ܐܪܥܐ ܕܡܨܪܝܢ. ܠܐ ܝܕܥܝܢܢ ܡܢܐ ܗܘܝܗܝ.,31,"Mas o povo, vendo que Moisés tardava em descer do monte, acercou-se de Arão, e lhe disse: Levanta-te, faze-nos um deus que vá adiante de nós; porque, quanto a esse Moisés, o homem que nos tirou da terra do Egito, não sabemos o que lhe aconteceu.",46,True,True,True
32,2,Êxodo 32:2,וַיֹּ֤אמֶר אֲלֵהֶם֙ אַהֲרֹ֔ן פָּֽרְקוּ֙ נִזְמֵ֣י הַזָּהָ֔ב אֲשֶׁר֙ בְּאָזְנֵ֣י נְשֵׁיכֶ֔ם בְּנֵיכֶ֖ם וּבְנֹתֵיכֶ֑ם וְהָבִ֖יאוּ אֵלָֽי ׃,ויאמר אלהמ אהרנ פרקו נזמי הזהב אשר באזני נשיכמ בניכמ ובנתיכמ והביאו אלי,14,ואמר להון אהרן פריקו קדשי דדהבא די באודני נשיכון בניכון ובנתיכון ואיתיו לותי:,13,"καὶ λέγει αὐτοῖς Ἀαρών Περιέλεσθε τὰ ἐνώτια τὰ χρυσᾶ τὰ ἐν τοῖς ὠσὶν τῶν γυναικῶν ὑμῶν καὶ θυγατέρων, καὶ ἐνέγκατε πρὸς μέ.",22,ܐܡ̇ܪ ܠܗܘܢ ܐܗܪܘܢ. ܦ̇ܪܩ̣ܘ ܩ̈ܕܫܐ ܕܕܗܒܐ ܕܐܝܬ ܒܐ̈ܕܢܐ ܕܢܝܫ̈ܝܟܘܢ ܘܕܒܢܝ̈ܟܘܢ ܘܕܒܢ̈ܬܟܘܢ ܘܐܝܬܘ ܠܝ.,13,"E Arão lhes disse: Tirai os pendentes de ouro que estão nas orelhas de vossas mulheres, de vossos filhos e de vossas filhas, e trazei-mos.",25,True,True,True
32,3,Êxodo 32:3,וַיִּתְפָּֽרְקוּ֙ כָּל־ הָעָ֔ם אֶת־ נִזְמֵ֥י הַזָּהָ֖ב אֲשֶׁ֣ר בְּאָזְנֵיהֶ֑ם וַיָּבִ֖יאוּ אֶֽל־ אַהֲרֹֽן ׃,ויתפרקו כל העמ את נזמי הזהב אשר באזניהמ ויביאו אל אהרנ,12,ואתפריקו כל עמא ית קדשי דדהבא די באודניהון ואיתיו לאהרן:,10,"καὶ περιείλαντο πᾶς ὁ λαὸς τὰ ἐνώτια τὰ χρυσᾶ τὰ ἐν τοῖς ὠσὶν αὐτῶν, καὶ ἤνεγκαν πρὸς Ἀαρών.",18,ܘܦ̇ܪܩܘ ܟܘܠܗ ܥܡܐ ܩ̈ܕܫܐ ܕܐܝܬ ܒܐ̈ܕܢܝܗܘܢ. ܘܐܝܬܝܘ ܠܐܗܪܘܢ.,8,"Então todo o povo, tirando os pendentes de ouro que estavam nas suas orelhas, os trouxe a Arão;",18,True,True,True
32,4,Êxodo 32:4,וַיִּקַּ֣ח מִיָּדָ֗ם וַיָּ֤צַר אֹתוֹ֙ בַּחֶ֔רֶט וַֽיַּעֲשֵׂ֖הוּ עֵ֣גֶל מַסֵּכָ֑ה וַיֹּ֣אמְר֔וּ אֵ֤לֶּה אֱלֹהֶ֨יךָ֙ יִשְׂרָאֵ֔ל אֲשֶׁ֥ר הֶעֱל֖וּךָ מֵאֶ֥רֶץ מִצְרָֽיִם ׃,ויקח מידמ ויצר אתו בחרט ויעשהו עגל מסכה ויאמרו אלה אלהיכ ישראל אשר העלוכ מארצ מצרימ,17,ונסיב מידיהון וצר יתיה בזיפא ועבדיה עגל מתכא ואמרו אלין דחלתך ישראל די אסקוך מארעא דמצרים:,16,"καὶ ἐδέξατο ἐκ τῶν χειρῶν αὐτῶν καὶ ἔπλασεν αὐτὰ ἐν τῇ γραφίδι, καὶ ἐποίησεν αὐτὰ μόσχον χωνευτὸν καὶ εἶπεν Οὗτοι οἱ θεοί σου, Ἰσραήλ, οἵτινες ἀνεβίβασάν σε ἐκ γῆς Αἰγύπτου.",30,ܘܢܣܒܗ ܡܢܗܘܢ ܘܨܪܗ ܒܛܘܦܣܐ. ܘܥܒܕܗ ܥܓܠܐ ܕܢܣܟܬܐ. ܘܐܡܪܘ ܗܢܘ ܐܠܗܟ ܐܝܣܪܝܠ ܕܐܣܩܟ ܡܢ ܐܪܥܐ ܕܡܨܪܝܢ.,15,"ele os recebeu de suas mãos, e com um buril deu forma ao ouro, e dele fez um bezerro de fundição. Então eles exclamaram: Eis aqui, ó Israel, o teu deus, que te tirou da terra do Egito.",38,True,True,True
32,5,Êxodo 32:5,וַיַּ֣רְא אַהֲרֹ֔ן וַיִּ֥בֶן מִזְבֵּ֖חַ לְפָנָ֑יו וַיִּקְרָ֤א אַֽהֲרֹן֙ וַיֹּאמַ֔ר חַ֥ג לַיהוָ֖ה מָחָֽר ׃,וירא אהרנ ויבנ מזבח לפניו ויקרא אהרנ ויאמר חג ליהוה מחר,12,וחזא אהרן ובנא מדבחא קדמוהי וקרא אהרן ואמר חגא קדם יי מחר:,12,καὶ ἰδὼν Ἀαρὼν ᾠκοδόμησεν θυσιαστήριον κατέναντι αὐτοῦ· καὶ ἐκήρυξεν Ἀαρὼν λέγων Ἑορτὴ τοῦ κυρίου αὔριον.,15,ܘܕܚ̣ܠ ܐܗܪܘܢ ܘܒܢ̣ܐ ܡܕܒܚܐ ܩܕܡܘܗܝ. ܘܩ̣ܪܐ ܐܗܪܘܢ ܘܐܡ̣ܪ. ܚܓܐ ܗܘ ܠܡܪܝܐ ܡܚܪ .,13,"E Arão, vendo isto, edificou um altar diante do bezerro e, fazendo uma proclamação, disse: Amanhã haverá festa ao Senhor.",20,True,True,True
32,6,Êxodo 32:6,וַיַּשְׁכִּ֨ימוּ֙ מִֽמָּחֳרָ֔ת וַיַּעֲל֣וּ עֹלֹ֔ת וַיַּגִּ֖שׁוּ שְׁלָמִ֑ים וַיֵּ֤שֶׁב הָעָם֙ לֶֽאֱכֹ֣ל וְשָׁת֔וֹ וַיָּקֻ֖מוּ לְצַחֵֽק ׃ פ,וישכימו ממחרת ויעלו עלת ויגשו שלמימ וישב העמ לאכל ושתו ויקמו לצחק פ,14,ואקדימו ביומא דבתרוהי ואסיקו עלון וקריבו נכסין ואסחר עמא למיכל ולמשתי וקמו לחיכא:,13,"καὶ ὀρθρίσας τῇ ἐπαύριον ἀνεβίβασεν ὁλοκαυτώματα, καὶ προσήνεγκεν θυσίαν ⸆ σωτηρίου· καὶ ἐκάθισεν ὁ λαὸς φαγεῖν καὶ πιεῖν, καὶ ἀνέστησαν παίζειν.",21,ܘܩ̇ܕܡܘ ܠܝܘܡܐ ܕܒܬܪܗ. ܘܐܣܩܘ ܥ̈ܠܘܬܐ ܘܕܒ̇ܚܘ ܫ̈ܠܡܐ. ܘܩ̇ܪ̈ܒܘ ܩܘܪ̈ܒܢܐ. ܘܝܬܒܘ ܥܡܐ ܠܡܐܟܠ ܘܠܡܫܬܐ. ܘܩܡܘ ܠܡܓܚܟ ܘܠܡܫܬܥܝܘ.,16,"No dia seguinte levantaram-se cedo, ofereceram holocaustos, e trouxeram ofertas pacíficas; e o povo sentou-se a comer e a beber; depois levantou-se para folgar.",24,True,True,True
32,7,Êxodo 32:7,וַיְדַבֵּ֥ר יְהוָ֖ה אֶל־ מֹשֶׁ֑ה לֶךְ־ רֵ֕ד כִּ֚י שִׁחֵ֣ת עַמְּךָ֔ אֲשֶׁ֥ר הֶעֱלֵ֖יתָ מֵאֶ֥רֶץ מִצְרָֽיִם ׃,וידבר יהוה אל משה לכ רד כי שחת עמכ אשר העלית מארצ מצרימ,14,ומליל יי עם משה אזל חות ארי חביל עמך די אסקתא מארעא דמצרים:,13,"Καὶ ἐλάλησεν Κύριος πρὸς Μωυσῆν λέγων Βάδιζε τὸ τάχος ἐντεῦθεν, κατάβηθι· ἠνόμησεν γὰρ ὁ λαός σου ὃν ἐξήγαγες ἐκ γῆς Αἰγύπτου.",21,ܘܐܡ̣ܪ ܡܪܝܐ ܠܡܘܫܐ. ܚܘܬ ܙܠ ܠܟ ܡܟܐ . ܡܛܠ ܕܚ̇ܒܠ ܥܡܟ ܕܐܦܩ̣ܬ ܡܢ ܡܨܪܝܢ.,14,"Então disse o Senhor a Moisés: Vai, desce; porque o teu povo, que fizeste subir da terra do Egito, se corrompeu;",21,True,True,True
32,8,Êxodo 32:8,סָ֣רוּ מַהֵ֗ר מִן־ הַדֶּ֨רֶךְ֙ אֲשֶׁ֣ר צִוִּיתִ֔ם עָשׂ֣וּ לָהֶ֔ם עֵ֖גֶל מַסֵּכָ֑ה וַיִּשְׁתַּֽחֲווּ־ לוֹ֙ וַיִּזְבְּחוּ־ ל֔וֹ וַיֹּ֣אמְר֔וּ אֵ֤לֶּה אֱלֹהֶ֨יךָ֙ יִשְׂרָאֵ֔ל אֲשֶׁ֥ר הֶֽעֱל֖וּךָ מֵאֶ֥רֶץ מִצְרָֽיִם ׃,סרו מהר מנ הדרכ אשר צויתמ עשו להמ עגל מסכה וישתחוו לו ויזבחו לו ויאמרו אלה אלהיכ ישראל אשר העלוכ מארצ מצרימ,23,סטו בפריע מן אורחא די פקדתנון עבדו להון עגל מתכא וסגידו ליה ודבחו ליה ואמרו אלין דחלתך ישראל די אסקוך מארעא דמצרים:,22,"παρέβησαν ταχὺ ἐκ τῆς ὁδοῦ ἧς ἐνετείλω αὐτοῖς· ἐποίησαν ἑαυτοῖς μόσχον, καὶ προσκεκυνήκασιν αὐτῷ καὶ εἶπαν",16,ܣܛܘ ܒܥܓܠ ܡܢ ܐܘܪܚܐ ܕܦܩ̇ܕܬ ܐܢܘܢ. ܘܥܒ̣ܕܘ ܠܗܘܢ ܥܓܠܐ ܕܢܣܟܬܐ. ܘܣܓܕܘ ܠܗ ܘܕܒܚܘ ܠܗ ܘܐܡܪܘ. ܗܢܘ ܐܠܗܟ ܐܝܣܪܝܠ ܕܐܣܩܟ ܡܢ ܐܪܥܐ ܕܡܨܪܝܢ .,23,"depressa se desviou do caminho que eu lhe ordenei; eles fizeram para si um bezerro de fundição, e adoraram-no, e lhe ofereceram sacrifícios, e disseram: Eis aqui, ó Israel, o teu deus, que te tirou da terra do Egito.",39,True,True,True
32,9,Êxodo 32:9,וַיֹּ֥אמֶר יְהוָ֖ה אֶל־ מֹשֶׁ֑ה רָאִ֨יתִי֙ אֶת־ הָעָ֣ם הַזֶּ֔ה וְהִנֵּ֥ה עַם־ קְשֵׁה־ עֹ֖רֶף הֽוּא ׃,ויאמר יהוה אל משה ראיתי את העמ הזה והנה עמ קשה ערפ הוא,14,ואמר יי למשה גלי קדמי עמא הדין והא עמא קשי קדל הוא:,12,"Οὗτοι οἱ θεοί σου, Ἰσραήλ, οἵτινες ἀνεβίβασάν σε ἐκ γῆς Αἰγύπτου.",11,ܘܐܡ̣ܪ ܡܪܝܐ ܠܡܘܫܐ. ܚܙܝܬܗ ܠܥܡܐ ܗܢܐ. ܘܗܐ ܥܡܐ ܩܫ̣ܐ ܩܕܠܐ ܗܘ.,11,"Disse mais o Senhor a Moisés: Tenho observado este povo, e eis que é povo de dura cerviz.",18,True,True,True
32,10,Êxodo 32:10,וְעַתָּה֙ הַנִּ֣יחָה לִּ֔י וְיִֽחַר־ אַפִּ֥י בָהֶ֖ם וַאֲכַלֵּ֑ם וְאֶֽעֱשֶׂ֥ה אוֹתְךָ֖ לְג֥וֹי גָּדֽוֹל ׃,ועתה הניחה לי ויחר אפי בהמ ואכלמ ואעשה אותכ לגוי גדול,12,וכען הנח בעותך מן קדמי ויתקף רוגזי בהון ואישיצנון ואעבד יתך לעם סגי:,13,"καὶ νῦν ἔασόν με καὶ θυμωθεὶς ὀργῇ εἰς αὐτοὺς ἐκτρίψω αὐτούς, καὶ ποιήσω σε εἰς ἔθνος μέγα.",17,ܗܫܐ ܫܒܘܩܝܢܝ. ܘܢܬܩ̣ܦ ܪܘܓܙܝ ܒܗܘܢ ܘܐܚܪܘܒ ܐܢܘܢ. ܘܐܥܒ̇ܕܟ ܠܥܡܐ ܪܒܐ.,10,"Agora, pois, deixa-me, para que a minha ira se acenda contra eles, e eu os consuma; e eu farei de ti uma grande nação.",24,True,True,True
32,11,Êxodo 32:11,וַיְחַ֣ל מֹשֶׁ֔ה אֶת־ פְּנֵ֖י יְהוָ֣ה אֱלֹהָ֑יו וַיֹּ֗אמֶר לָמָ֤ה יְהוָה֙ יֶחֱרֶ֤ה אַפְּךָ֙ בְּעַמֶּ֔ךָ אֲשֶׁ֤ר הוֹצֵ֨אתָ֙ מֵאֶ֣רֶץ מִצְרַ֔יִם בְּכֹ֥חַ גָּד֖וֹל וּבְיָ֥ד חֲזָקָֽה ׃,ויחל משה את פני יהוה אלהיו ויאמר למה יהוה יחרה אפכ בעמכ אשר הוצאת מארצ מצרימ בכח גדול וביד חזקה,21,וצלי משה קדם יי אלהיה ואמר למא יי יתקף רוגזך בעמך די אפקתא מארעא דמצרים בחיל רב ובידא תקיפא:,19,"καὶ ἐδεήθη Μωυσῆς ἔναντι Κυρίου τοῦ θεοῦ καὶ εἶπεν Ἵνα τί, Κύριε, θυμοῖ ὀργῇ εἰς τὸν λαόν σου, οὓς ἐξήγαγες ἐκ γῆς Αἰγύπτου ἐν ἰσχύι μεγάλῃ καὶ ἐν τῷ βραχίονί σου τῷ ὑψηλῷ;",33,ܘܨܠܝ ܡܘܫܐ ܩܕܡ ܡܪܝܐ ܐܠܗܗ. ܘܐܡ̣ܪ ܠܐ ܡܪܝܐ. ܠܐ ܢܬܩ̣ܦ ܪܘܓܙܟ ܒܥܡܟ ܕܐܦܩ̣ܬ ܡܢ ܡܨܪܝܢ. ܒܚܝܠܟ ܪܒܐ ܘܒܕܪܥܟ ܪܡܐ.,19,"Moisés, porém, suplicou ao Senhor seu Deus, e disse: Ó Senhor, por que se acende a tua ira contra o teu povo, que tiraste da terra do Egito com grande força e com forte mão?",35,True,True,True
32,12,Êxodo 32:12,לָמָּה֩ יֹאמְר֨וּ מִצְרַ֜יִם לֵאמֹ֗ר בְּרָעָ֤ה הֽוֹצִיאָם֙ לַהֲרֹ֤ג אֹתָם֙ בֶּֽהָרִ֔ים וּ֨לְכַלֹּתָ֔ם מֵעַ֖ל פְּנֵ֣י הָֽאֲדָמָ֑ה שׁ֚וּב מֵחֲר֣וֹן אַפֶּ֔ךָ וְהִנָּחֵ֥ם עַל־ הָרָעָ֖ה לְעַמֶּֽךָ ׃,למה יאמרו מצרימ לאמר ברעה הוציאמ להרג אתמ בהרימ ולכלתמ מעל פני האדמה שוב מחרונ אפכ והנחמ על הרעה לעמכ,21,למא יימרון מצראי למימר בבישתא אפקתנון לקטלא יתהון ביני טוריא ולשיציותהון מעל אפי ארעא תוב מתקוף רוגזך ואתיב מן בישתא דמללתא למעבד לעמך:,23,"μή ποτε εἴπωσιν οἱ Αἰγύπτιοι λέγοντες Μετὰ πονηρίας ἐξήγαγεν αὐτοὺς ἀποκτεῖναι ἐν τοῖς ὄρεσιν καὶ ἐξαναλῶσαι αὐτοὺς ἀπὸ τῆς γῆς. παῦσαι τῆς ὀργῆς τοῦ θυμοῦ σου, καὶ ἵλεως γενοῦ ἐπὶ τῇ κακίᾳ τοῦ λαοῦ σου,",35,ܘܠܐ ܢܐܡܪ̈ܘܢ ܡܨܪ̈ܝܐ ܕܠܒܝܫܬܗܘܢ ܐܦܩ ܐܢܘܢ. ܕܢܩ̇ܛܠ ܐܢܘܢ ܒܝܢ̈ܝ ܛܘܪ̈ܐ. ܘܕܢܚܪܘܒ ܐܢܘܢ ܡܢ ܐ̈ܦܝ ܐܪܥܐ. ܐܬܬܢܝܚ ܡܢ ܚܡܬܐ ܕܪܘܓܙܟ. ܘܐܬܪܥܐ ܥܠ ܒܝܫܬܗ ܕܥܡܟ.,23,"Por que hão de falar os egípcios, dizendo: Para mal os tirou, para matá-los nos montes, e para destruí-los da face da terra?. Torna-te da tua ardente ira, e arrepende-te deste mal contra o teu povo.",36,True,True,True
32,13,Êxodo 32:13,זְכֹ֡ר לְאַבְרָהָם֩ לְיִצְחָ֨ק וּלְיִשְׂרָאֵ֜ל עֲבָדֶ֗יךָ אֲשֶׁ֨ר נִשְׁבַּ֣עְתָּ לָהֶם֮ בָּךְ֒ וַתְּדַבֵּ֣ר אֲלֵהֶ֔ם אַרְבֶּה֙ אֶֽת־ זַרְעֲכֶ֔ם כְּכוֹכְבֵ֖י הַשָּׁמָ֑יִם וְכָל־ הָאָ֨רֶץ הַזֹּ֜את אֲשֶׁ֣ר אָמַ֗רְתִּי אֶתֵּן֙ לְזַרְעֲכֶ֔ם וְנָחֲל֖וּ לְעֹלָֽם ׃,זכר לאברהמ ליצחק ולישראל עבדיכ אשר נשבעת להמ בכ ותדבר אלהמ ארבה את זרעכמ ככוכבי השמימ וכל הארצ הזאת אשר אמרתי אתנ לזרעכמ ונחלו לעלמ,26,אדכר לאברהם ליצחק ולישראל עבדיך די קימתא להון במימרך ומללתא עמהון אסגי ית בניכון ככוכבי שמיא וכל ארעא הדא די אמרית אתן לבניכון ויחסנון לעלם:,25,"μνησθεὶς Ἀβραὰμ καὶ Ἰσαὰκ καὶ Ἰακὼβ τῶν σῶν οἰκετῶν, οἷς ὤμοσας κατὰ σεαυτοῦ καὶ ἐλάλησας πρὸς αὐτοὺς λέγων ⸂⸆⸃ Πολυπληθυνῶ τὸ σπέρμα ὑμῶν ὡσεὶ τὰ ἄστρα τοῦ οὐρανοῦ τῷ πλήθει, καὶ πᾶσαν τὴν γῆν ταύτην ἣν εἶπας δοῦναι αὐτοῖς, καὶ καθέξουσιν αὐτὴν εἰς τὸν αἰῶνα.",45,ܐܬܕܟܪ ܠܐܒܪܗܡ ܘܠܐܝܣܚܩ ܘܠܐܝܣܪܝܠ ܥܒ̈ܕ̣ܝܟ. ܕܝܡ̣ܝܬ ܠܗܘܢ ܒܟ ܘܐܡ̣ܪܬ ܠܗܘܢ. ܕܐܣܓܐ ܙܪܥܟܘܢ ܐܝܟ ܟܘܟ̈ܒܐ ܕܒܫܡܝܐ. ܘܟܠܗ̇ ܐܪܥܐ ܕܐܡ̣ܪܬ. ܐܬܠ ܠܙܪܥܟܘܢ. ܘܢܐܪܬܘܢܗ̇ ܠܥܠܡ.,22,"Lembra-te de Abraão, de Isaque, e de Israel, teus servos, aos quais por ti mesmo juraste, e lhes disseste: Multiplicarei os vossos descendentes como as estrelas do céu, e lhes darei toda esta terra de que tenho falado, e eles a possuirão por herança para sempre.",46,True,True,True
32,14,Êxodo 32:14,וַיִּנָּ֖חֶם יְהוָ֑ה עַל־ הָ֣רָעָ֔ה אֲשֶׁ֥ר דִּבֶּ֖ר לַעֲשׂ֥וֹת לְעַמּֽוֹ ׃ פ,וינחמ יהוה על הרעה אשר דבר לעשות לעמו פ,10,ותב יי מן בישתא די מליל למעבד לעמיה:,8,καὶ ἱλάσθη Κύριος περιποιῆσαι τὸν λαὸν αὐτοῦ.,7,ܘܐܬܪܥܝ ܡܪܝܐ ܥܠ ܒܝܫܬܐ ܕܐܡ̣ܪ ܠܡܥ̣ܒܕ ܠܥܡܗ.,7,Então o Senhor se arrependeu do mal que dissera que havia de fazer ao seu povo.,16,True,True,True
32,15,Êxodo 32:15,וַיִּ֜פֶן וַיֵּ֤רֶד מֹשֶׁה֙ מִן־ הָהָ֔ר וּשְׁנֵ֛י לֻחֹ֥ת הָעֵדֻ֖ת בְּיָד֑וֹ לֻחֹ֗ת כְּתֻבִים֙ מִשְּׁנֵ֣י עֶבְרֵיהֶ֔ם מִזֶּ֥ה וּמִזֶּ֖ה הֵ֥ם כְּתֻבִֽים ׃,ויפנ וירד משה מנ ההר ושני לחת העדת בידו לחת כתבימ משני עבריהמ מזה ומזה המ כתבימ,18,ואתפני ונחת משה מן טורא ותרין לוחי סהדותא בידיה לוחי כתיבין מתרין עבריהון מכא ומכא אנון כתיבין:,17,"Καὶ ἀποστρέψας Μωυσῆς κατέβη ἀπὸ τοῦ ὄρους· καὶ αἱ δύο πλάκες τοῦ μαρτυρίου ἐν ταῖς χερσὶν αὐτοῦ, πλάκες λίθιναι, καταγεγραμμέναι ἐξ ἀμφοτέρων τῶν μερῶν αὐτῶν, ἔνθεν καὶ ἔνθεν ἦσαν γεγραμμέναι·",30,ܘܐܬܦܢܝ ܡܘܫܐ ܘܢܚ̣ܬ ܡܢ ܛܘܪܐ. ܘܬܪ̈ܬܝܢ ܠܘܚ̈ܐ ܕܣܗܕܘܬܐ ܒܐܝܕܗ. ܠܘܚ̈ܐ ܕܟܬܝܒ̈ܢ ܡܢ ܬܪ̈ܝܗܘܢ ܣܛܪ̈ܝܗܝܢ. ܡܟܐ ܘܡܟܐ ܟܬ̈ܝܒܢ.,17,"E virou-se Moisés, e desceu do monte com as duas tábuas do testemunho na mão, tábuas escritas de ambos os lados; de um e de outro lado estavam escritas.",29,True,True,True
32,16,Êxodo 32:16,וְהַ֨לֻּחֹ֔ת מַעֲשֵׂ֥ה אֱלֹהִ֖ים הֵ֑מָּה וְהַמִּכְתָּ֗ב מִכְתַּ֤ב אֱלֹהִים֙ ה֔וּא חָר֖וּת עַל־ הַלֻּחֹֽת ׃,והלחת מעשה אלהימ המה והמכתב מכתב אלהימ הוא חרות על הלחת,12,ולוחיא עובדא דיי אנון וכתבא כתבא דיי הוא מפרש על לוחיא:,11,"καὶ αἱ πλάκες ἔργον θεοῦ ἦσαν, καὶ ἡ γραφὴ γραφὴ θεοῦ κεκολαμμένη ἐν ταῖς πλαξίν.",15,ܘܠܘܚ̈ܐ ܥܒ̇ܕܗ ܐ̈ܢܝܢ ܕܐܠܗܐ. ܘܟܬܒܐ ܟܬܒܗ ܗܘ ܕܐܠܗܐ. ܪܫܝܡ ܗܘܐ ܥܠ ܠܘܚ̈ܐ.,12,"E aquelas tábuas eram obra de Deus; também a escritura era a mesma escritura de Deus, esculpida nas tábuas.",19,True,True,True
32,17,Êxodo 32:17,וַיִּשְׁמַ֧ע יְהוֹשֻׁ֛עַ אֶת־ ק֥וֹל הָעָ֖ם בְּרֵעֹ֑ה וַיֹּ֨אמֶר֙ אֶל־ מֹשֶׁ֔ה ק֥וֹל מִלְחָמָ֖ה בַּֽמַּחֲנֶה ׃,וישמע יהושע את קול העמ ברעה ויאמר אל משה קול מלחמה במחנה,13,ושמע יהושע ית קל עמא כד מיבבין ואמר למשה קל קרבא במשריתא:,12,καὶ ἀκούσας Ἰησοῦς τῆς φωνῆς τοῦ λαοῦ κραζόντων λέγει πρὸς Μωυσῆν Φωνὴ πολέμου ἐν τῇ παρεμβολῇ.,16,ܘܫܡ̣ܥ ܝܫܘܥ ܩܠܗ ܕܥܡܐ ܟܕ ܡܬܟܬܫ. ܘܐܡ̣ܪ ܠܡܘܫܐ. ܩܠܐ ܕܩܪܒܐ ܒܡܫܪܝܬܐ.,11,"Ora, ouvindo Josué a voz do povo que jubilava, disse a Moisés: Alarido de guerra há no arraial.",18,True,True,True
32,18,Êxodo 32:18,וַיֹּ֗אמֶר אֵ֥ין קוֹל֙ עֲנ֣וֹת גְּבוּרָ֔ה וְאֵ֥ין ק֖וֹל עֲנ֣וֹת חֲלוּשָׁ֑ה ק֣וֹל עַנּ֔וֹת אָנֹכִ֖י שֹׁמֵֽעַ ׃,ויאמר אינ קול ענות גבורה ואינ קול ענות חלושה קול ענות אנכי שמע,14,ואמר לא קל גברין דנצחין בקרבא ואף לא קל חלשין דמתברין קל דמחיכין אנא שמע:,15,καὶ λέγει Οὐκ ἔστιν φωνὴ ἐξαρχόντων κατ᾽ ἰσχὺν οὐδὲ φωνὴ ἐξαρχόντων τροπῆς· ἀλλὰ φωνὴν ἐξαρχόντων οἴνου ἐγὼ ἀκούω.,18,ܐܡ̇ܪ ܠܗ ܡܘܫܐ. ܠܐ ܩܠܐ ܕܡܡܠܠܐ ܕܓܢܒܪ̈ܐ ܐܦ ܠܐ ܩܠܐ ܕܚ̈ܠܫܐ. ܩܠܐ ܕܝܢ ܕܚܛܝܬܐ ܫܡ̇ܥ ܐܢܐ.,16,"Respondeu-lhe Moisés: Não é alarido dos vitoriosos, nem alarido dos vencidos, mas é a voz dos que cantam que eu ouço.",21,True,True,True
32,19,Êxodo 32:19,וַֽיְהִ֗י כַּאֲשֶׁ֤ר קָרַב֙ אֶל־ הַֽמַּחֲנֶ֔ה וַיַּ֥רְא אֶת־ הָעֵ֖גֶל וּמְחֹלֹ֑ת וַיִּֽחַר־ אַ֣ף מֹשֶׁ֗ה וַיַּשְׁלֵ֤ךְ מידו אֶת־ הַלֻּחֹ֔ת וַיְשַׁבֵּ֥ר אֹתָ֖ם תַּ֥חַת הָהָֽר ׃,ויהי כאשר קרב אל המחנה וירא את העגל ומחלת ויחר אפ משה וישלכ מידו את הלחת וישבר אתמ תחת ההר,21,והוה כד קריב למשריתא וחזא ית עגלא וחנגין ותקיף רוגזא דמשה ורמא מידוהי ית לוחיא ותבר יתהון בשפולי טורא:,19,"καὶ ἡνίκα ἤγγιζεν τῇ παρεμβολῇ, ὁρᾷ τὸν μόσχον καὶ τοὺς χορούς· καὶ ὀργισθεὶς θυμῷ Μωυσῆς ἔρριψεν ἀπὸ τῶν χειρῶν αὐτοῦ τὰς δύο πλάκας, καὶ συνέτριψεν αὐτὰς ὑπὸ τὸ ὄρος·",29,ܘܟܕ ܩܪ̣ܒ ܠܡܫܪܝܬܐ. ܚܙܝܗܝ ܠܥܓܠܐ ܘܠܨܨ̈ܠܐ. ܘܐܬܦܝܪ ܡܘܫܐ. ܘܫ̣ܕܐ ܡܢ ܐܝܕܗ ܠܘܚ̈ܐ . ܘܬܒ̇ܪ ܐܢܝ̈ܢ ܒܫ̈ܦܘܠܘܗܝ ܕܛܘܪܐ.,17,"Chegando ele ao arraial e vendo o bezerro e as danças, acendeu-se-lhe a ira, e ele arremessou das mãos as tábuas, e as despedaçou ao pé do monte.",28,True,True,True
32,20,Êxodo 32:20,וַיִּקַּ֞ח אֶת־ הָעֵ֨גֶל אֲשֶׁ֤ר עָשׂוּ֙ וַיִּשְׂרֹ֣ף בָּאֵ֔שׁ וַיִּטְחַ֖ן עַ֣ד אֲשֶׁר־ דָּ֑ק וַיִּ֨זֶר֙ עַל־ פְּנֵ֣י הַמַּ֔יִם וַיַּ֖שְׁקְ אֶת־ בְּנֵ֥י יִשְׂרָאֵֽל ׃,ויקח את העגל אשר עשו וישרפ באש ויטחנ עד אשר דק ויזר על פני המימ וישק את בני ישראל,20,ונסיב ית עגלא די עבדו ואוקד בנורא ושף עד דהוה דקיק וזרא על אפי מיא ואשקי ית בני ישראל:,19,"καὶ λαβὼν τὸν μόσχον ὃν ἐποίησαν κατέκαυσεν αὐτὸν ἐν πυρί, καὶ κατήλεσεν αὐτὸν λεπτόν, καὶ ἔσπειρεν αὐτὸν ὑπὸ τὸ ὕδωρ, καὶ ἐπότισεν αὐτὸ τοὺς υἱοὺς Ἰσραήλ.",26,ܘܢܣܒܗ ܠܥܓܠܐ ܕܥܒܕܘ ܘܐܘܩܕܗ ܒܢܘܪܐ. ܘܫܦܗ ܒܫܘܦܝܢܐ ܥܕܡܐ ܕܐܬܕܩܩ ܐܝܟ ܥܦܪܐ. ܘܒܙܩܗ̇ ܕܩܬܗ ܥܠ ܐ̈ܦܝ ܡ̈ܝܐ. ܘܐܫܩܝ ܠܕܒܝܬ ܐܝܣܪܝܠ.,19,"Então tomou o bezerro que tinham feito, e queimou-o no fogo; e, moendo-o até que se tornou em pó, o espargiu sobre a água, e deu-o a beber aos filhos de Israel.",32,True,True,True
32,21,Êxodo 32:21,וַיֹּ֤אמֶר מֹשֶׁה֙ אֶֽל־ אַהֲרֹ֔ן מֶֽה־ עָשָׂ֥ה לְךָ֖ הָעָ֣ם הַזֶּ֑ה כִּֽי־ הֵבֵ֥אתָ עָלָ֖יו חֲטָאָ֥ה גְדֹלָֽה ׃,ויאמר משה אל אהרנ מה עשה לכ העמ הזה כי הבאת עליו חטאה גדלה,15,ואמר משה לאהרן מה עבד לך עמא הדין ארי איתיתא עלוהי חובא רבא:,13,καὶ εἶπεν Μωυσῆς τῷ Ἀαρών Τί ἐποίησέν σοι ὁ λαὸς οὗτος ὅτι ἐπήγαγες ἐπ᾽ αὐτοὺς ἁμαρτίαν μεγάλην;,17,ܘܐܡ̣ܪ ܡܘܫܐ ܠܐܗܪܘܢ. ܡܢܐ ܥܒ̣ܕ ܠܟ ܥܡܐ ܗܢܐ ܕܐܝܬܝܬ ܥܠܘܗܝ ܚܛܝܬܐ ܪܒܬܐ.,12,"E perguntou Moisés a Arão: Que te fez este povo, que sobre ele trouxeste tamanho pecado?.",16,True,True,True
32,22,Êxodo 32:22,וַיֹּ֣אמֶר אַהֲרֹ֔ן אַל־ יִ֥חַר אַ֖ף אֲדֹנִ֑י אַתָּה֙ יָדַ֣עְתָּ אֶת־ הָעָ֔ם כִּ֥י בְרָ֖ע הֽוּא ׃,ויאמר אהרנ אל יחר אפ אדני אתה ידעת את העמ כי ברע הוא,14,ואמר אהרן לא יתקף רוגזא דרבוני את ידעת ית עמא ארי בביש הוא:,13,"καὶ εἶπεν Ἀαρὼν πρὸς Μωυσῆν Μὴ ὀργίζου, κύριε· σὺ γὰρ οἶδας τὸ ὅρμημα τοῦ λαοῦ τούτου.",16,ܘܐܡ̣ܪ ܐܗܪܘܢ. ܠܐ ܢܬܚܡܬ ܪܘܓܙܗ ܕܡܪܝ. ܐܢܬ ܝܕܥ̇ ܐܢܬ ܠܗ ܠܥܡܐ ܗܢܐ ܕܒܝܫ ܗܘ.,14,"Ao que respondeu Arão: Não se acenda a ira do meu senhor; tu conheces o povo, como ele é inclinado ao mal.",22,True,True,True
32,23,Êxodo 32:23,וַיֹּ֣אמְרוּ לִ֔י עֲשֵׂה־ לָ֣נוּ אֱלֹהִ֔ים אֲשֶׁ֥ר יֵלְכ֖וּ לְפָנֵ֑ינוּ כִּי־ זֶ֣ה ׀ מֹשֶׁ֣ה הָאִ֗ישׁ אֲשֶׁ֤ר הֶֽעֱלָ֨נוּ֙ מֵאֶ֣רֶץ מִצְרַ֔יִם לֹ֥א יָדַ֖עְנוּ מֶה־ הָ֥יָה לֽוֹ ׃,ויאמרו לי עשה לנו אלהימ אשר ילכו לפנינו כי זה משה האיש אשר העלנו מארצ מצרימ לא ידענו מה היה לו,23,ואמרו לי עביד לנא דחלן די יהכן קדמנא ארי דין משה גברא די אסקנא מארעא דמצרים לא ידענא מה הוה ליה:,21,"λέγουσιν γάρ μοι Ποίησον ἡμῖν θεοὺς οἳ προπορεύσονται ἡμῶν· ὁ γὰρ Μωυσῆς οὗτος ὁ ἄνθρωπος ὃς ἐξήγαγεν ἡμᾶς ἐξ Αἰγύπτου, οὐκ οἴδαμεν τί γέγονεν αὐτῷ.",25,ܘܐܡܪܘ ܠܝ. ܥܒ̇ܕ ܠܢ ܐ̈ܠܗܐ ܕܢܐܙܠܘܢ ܩܕܡܝܢ. ܡܛܠ ܕܗܢܐ ܡܘܫܐ ܕܐܣܩܢ ܡܢ ܐܪܥܐ ܕܡܨܪܝܢ . ܠܐ ܝܕܥ̇ܝܢܢ ܡܢܐ ܗܘܝܗܝ.,19,"Pois eles me disseram: Faze-nos um deus que vá adiante de nós; porque, quanto a esse Moisés, o homem que nos tirou da terra do Egito, não sabemos o que lhe aconteceu.",32,True,True,True
32,24,Êxodo 32:24,וָאֹמַ֤ר לָהֶם֙ לְמִ֣י זָהָ֔ב הִתְפָּרָ֖קוּ וַיִּתְּנוּ־ לִ֑י וָאַשְׁלִכֵ֣הוּ בָאֵ֔שׁ וַיֵּצֵ֖א הָעֵ֥גֶל הַזֶּֽה ׃,ואמר להמ למי זהב התפרקו ויתנו לי ואשלכהו באש ויצא העגל הזה,13,ואמרית להון למן דהבא פריקו ויהבו לי ורמיתיה בנורא ונפק עגלא הדין:,12,"καὶ εἶπα αὐτοῖς Εἴ τινι ὑπάρχει χρυσία, περιέλεσθε. καὶ ἔδωκάν μοι· καὶ ἔρριψα εἰς τὸ πῦρ, καὶ ἐξῆλθεν ὁ μόσχος οὗτος.",21,ܘܐܡ̇ܪܬ ܠܗܘܢ. ܡ̇ܢ ܕܐܝܬ ܠܗ ܕܗܒܐ ܐܝܬܘ ܠܝ. ܘܐܝܬܝܘ ܠܝ. ܘܐܪܡܝܬܗ ܒܢܘܪܐ ܘܗܘ̣ܐ ܥܓܠܐ ܗܢܐ.,15,"Então eu lhes disse: Quem tem ouro, arranque-o. Assim mo deram; e eu o lancei no fogo, e saiu este bezerro.",21,True,True,True
32,25,Êxodo 32:25,וַיַּ֤רְא מֹשֶׁה֙ אֶת־ הָעָ֔ם כִּ֥י פָרֻ֖עַ ה֑וּא כִּֽי־ פְרָעֹ֣ה אַהֲרֹ֔ן לְשִׁמְצָ֖ה בְּקָמֵיהֶֽם ׃,וירא משה את העמ כי פרע הוא כי פרעה אהרנ לשמצה בקמיהמ,13,וחזא משה ית עמא ארי בטיל הוא ארי בטילנון אהרן לאסבותהון שום ביש לדריהון:,14,"καὶ ἰδὼν Μωυσῆς τὸν λαὸν ὅτι διεσκέδασται, διεσκέδασεν γὰρ αὐτοὺς Ἀαρών, ἐπίχαρμα τοῖς ὑπεναντίοις αὐτῶν·",15,ܘܚ̣ܙܐ ܡܘܫܐ ܠܥܡܐ ܕܚܛܘ ܠܗܘܢ. ܕܐܚܛܝ ܐܢܘܢ ܐܗܪܘܢ. ܕܢܗܘܘܢ ܫܡܐ ܣܪܝܐ ܒܐܚܪܝܬܗܘܢ.,12,"Quando, pois, Moisés viu que o povo estava desenfreado {porque Arão o havia desenfreado, para escárnio entre os seus inimigos},",20,True,True,True
32,26,Êxodo 32:26,וַיַּעֲמֹ֤ד מֹשֶׁה֙ בְּשַׁ֣עַר הַֽמַּחֲנֶ֔ה וַיֹּ֕אמֶר מִ֥י לַיהוָ֖ה אֵלָ֑י וַיֵּאָסְפ֥וּ אֵלָ֖יו כָּל־ בְּנֵ֥י לֵוִֽי ׃,ויעמד משה בשער המחנה ויאמר מי ליהוה אלי ויאספו אליו כל בני לוי,14,וקם משה בתרע משריתא ואמר מן דחליא דיי ייתון לותי ואתכנשו לותיה כל בני לוי:,15,ἔστη δὲ Μωυσῆς ἐπὶ τῆς πύλης τῆς παρεμβολῆς καὶ εἶπεν Τίς πρὸς Κύριον; ἴτω πρὸς μέ. συνῆλθον οὖν πάντες οἱ υἱοὶ Λευεί.,22,ܘܩܡ ܠܗ ܡܘܫܐ ܒܬܪܥܐ ܕܡܫܟܢܐ ܘܐܡ̣ܪ. ܡܢܘ ܡܢ ܡܪܝܐ ܢܐܬܐ ܠܘܬܝ. ܘܐܬ̇ܟܢܫܘ ܠܘܬܗ ܟܠܗܘܢ ܒܢ̈ܘܗܝ ܕܠܘܝ.,16,"pôs-se em pé à entrada do arraial, e disse: Quem está ao lado do Senhor, venha a mim. Ao que se ajuntaram a ele todos os filhos de Levi.",29,True,True,True
32,27,Êxodo 32:27,וַיֹּ֣אמֶר לָהֶ֗ם כֹּֽה־ אָמַ֤ר יְהוָה֙ אֱלֹהֵ֣י יִשְׂרָאֵ֔ל שִׂ֥ימוּ אִישׁ־ חַרְבּ֖וֹ עַל־ יְרֵכ֑וֹ עִבְר֨וּ וָשׁ֜וּבוּ מִשַּׁ֤עַר לָשַׁ֨עַר֙ בַּֽמַּחֲנֶ֔ה וְהִרְג֧וּ אִֽישׁ־ אֶת־ אָחִ֛יו וְאִ֥ישׁ אֶת־ רֵעֵ֖הוּ וְאִ֥ישׁ אֶת־ קְרֹבֽוֹ ׃,ויאמר להמ כה אמר יהוה אלהי ישראל שימו איש חרבו על ירכו עברו ושובו משער לשער במחנה והרגו איש את אחיו ואיש את רעהו ואיש את קרבו,28,ואמר להון כדנן אמר יי אלהא דישראל שוו גבר חרביה על ירכיה עברו ותובו מתרע לתרע במשריתא וקטולו גבר ית אחוהי וגבר ית חבריה ואנש ית קריביה:,27,"καὶ λέγει αὐτοῖς Τάδε λέγει Κύριος ὁ θεὸς Ἰσραήλ Θέσθε ἕκαστος τὴν ἑαυτοῦ ῥομφαίαν ἐπὶ τόν μηρόν, καὶ διέλθατε καὶ ἀνακάμψατε ἀπὸ πύλης ἐπὶ πύλην διὰ τῆς παρεμβολῆς, καὶ ἀποκτείνατε ἕκαστος τὸν ἀδελφὸν αὐτοῦ καὶ ἕκαστος τὸν ἔγγιστα αὐτοῦ.",39,ܘܐܡ̣ܪ ܠܗܘܢ ܡܘܫܐ . ܗܟܢܐ ܐܡ̇ܪ ܡܪܝܐ ܐܠܗܐ ܕܐܝܣܪܝܠ. ܐܪܡܘ ܐܢܫ ܣܝܦܗ ܒܚ̈ܨܘܗܝ. ܘܥܒܪܘ ܘܬܘܒܘ ܡܢ ܬܪܥ ܠܬܪܥ ܒܡܫܪܝܬܐ. ܘܩܛܘܠܘ ܐܢܫ ܠܐܚܘܗܝ ܘܐܢܫ ܠܚܒܪܗ ܘܐܢܫ ܠܩܪܝܒܗ.,26,"Então ele lhes disse: Assim diz o Senhor, o Deus de Israel: Cada um ponha a sua espada sobre a coxa; e passai e tornai pelo arraial de porta em porta, e mate cada um a seu irmão, e cada um a seu amigo, e cada um a seu vizinho.",50,True,True,True
32,28,Êxodo 32:28,וַיַּֽעֲשׂ֥וּ בְנֵֽי־ לֵוִ֖י כִּדְבַ֣ר מֹשֶׁ֑ה וַיִּפֹּ֤ל מִן־ הָעָם֙ בַּיּ֣וֹם הַה֔וּא כִּשְׁלֹ֥שֶׁת אַלְפֵ֖י אִֽישׁ ׃,ויעשו בני לוי כדבר משה ויפל מנ העמ ביומ ההוא כשלשת אלפי איש,14,ועבדו בני לוי כפתגמא דמשה ונפל מן עמא ביומא ההוא כתלתא אלפין גברא:,13,καὶ ἐποίησαν οἱ υἱοὶ Λευεὶ καθὰ ἐλάλησεν αὐτοῖς Μωυσῆς· καὶ ἔπεσαν ἐκ τοῦ λαοῦ ἐν ἐκείνῃ τῇ ἡμέρᾳ εἰς τρισχιλίους ἄνδρας.,21,ܘܥܒ̣ܕܘ ܒܢ̈ܝ ܠܘܝ ܐܝܟ ܡܠܬܗ ܕܡܘܫܐ. ܘܢܦܠܘ ܡܢ ܥܡܐ ܒܝܘܡܐ ܗ̇ܘ. ܐܝܟ ܬܠܬܐ ܐ̈ܠܦܝܢ ܓܒܪ̈ܝܢ.,15,E os filhos de Levi fizeram conforme a palavra de Moisés; e caíram do povo naquele dia cerca de três mil homens.,22,True,True,True
32,29,Êxodo 32:29,וַיֹּ֣אמֶר מֹשֶׁ֗ה מִלְא֨וּ יֶדְכֶ֤ם הַיּוֹם֙ לַֽיהוָ֔ה כִּ֛י אִ֥ישׁ בִּבְנ֖וֹ וּבְאָחִ֑יו וְלָתֵ֧ת עֲלֵיכֶ֛ם הַיּ֖וֹם בְּרָכָֽה ׃,ויאמר משה מלאו ידכמ היומ ליהוה כי איש בבנו ובאחיו ולתת עליכמ היומ ברכה,15,ואמר משה קריבו ידכון קרבנא יומא דין קדם יי ארי גבר בבריה ובאחוהי ולאיתאה עליכון יומא דין ברכן:,18,"καὶ εἶπεν αὐτοῖς Μωυσῆς Ἐπληρώσατε τὰς χεῖρας ὑμῶν σήμερον Κυρίῳ, ἕκαστος ἐν τῷ υἱῷ ἢ τῷ ἀδελφῷ, δοθῆναι ἐφ᾽ ὑμᾶς εὐλογίαν.",21,ܐܡ̇ܪ ܠܗܘܢ ܡܘܫܐ. ܡܠ̣ܘ ܐ̈ܝܕܝܟܘܢ ܝܘܡ̣ܢܐ ܠܡܪܝܐ. ܐܢܫ ܒܒܪܗ ܘܒܐܚܘܗܝ. ܡܛܠ ܕܬ̇ܐܬܐ ܥܠܝܟܘܢ ܒܘܪܟܬܐ ܝܘܡܢܐ.,15,"Porquanto Moisés tinha dito: Consagrai-vos hoje ao Senhor; porque cada um será contra o seu filho, e contra o seu irmão; para que o Senhor vos conceda hoje uma bênção.",30,True,True,True
32,30,Êxodo 32:30,וַיְהִי֙ מִֽמָּחֳרָ֔ת וַיֹּ֤אמֶר מֹשֶׁה֙ אֶל־ הָעָ֔ם אַתֶּ֥ם חֲטָאתֶ֖ם חֲטָאָ֣ה גְדֹלָ֑ה וְעַתָּה֙ אֶֽעֱלֶ֣ה אֶל־ יְהוָ֔ה אוּלַ֥י אֲכַפְּרָ֖ה בְּעַ֥ד חַטַּאתְכֶֽם ׃,ויהי ממחרת ויאמר משה אל העמ אתמ חטאתמ חטאה גדלה ועתה אעלה אל יהוה אולי אכפרה בעד חטאתכמ,19,והוה ביומא דבתרוהי ואמר משה לעמא אתון חבתון חובא רבא וכען אסק קדם יי מאים אכפר על חוביכון:,18,Καὶ ἐγένετο μετὰ τὴν αὔριον εἶπεν Μωσῆς πρὸς τὸν λαόν Ὑμεῖς ἡμαρτήκατε ἁμαρτίαν μεγάλην. καὶ νῦν ἀναβήσομαι πρὸς τὸν θεὸν ἵνα ἐξιλάσωμαι περὶ τῆς ἁμαρτίας ὑμῶν.,26,ܘܗܘ̣ܐ ܠܝܘܡܐ ܕܒܬܪܗ. ܘܐܡ̣ܪ ܡܘܫܐ ܠܥܡܐ. ܐܢܬܘܢ ܚܛܝܬܘܢ ܚܛܝܬܐ ܗܕܐ ܪܒܬܐ. ܗܫܐ ܐܣܩ ܠܘܬ ܡܪܝܐ. ܛܟ ܢܫܒܘܩ ܠܚ̈ܘܒܝܟܘܢ .,19,No dia seguinte disse Moisés ao povo Vós tendes cometido grande pecado; agora porém subirei ao Senhor; porventura farei expiação por vosso pecado.,23,True,True,True
32,31,Êxodo 32:31,וַיָּ֧שָׁב מֹשֶׁ֛ה אֶל־ יְהוָ֖ה וַיֹּאמַ֑ר אָ֣נָּ֗א חָטָ֞א הָעָ֤ם הַזֶּה֙ חֲטָאָ֣ה גְדֹלָ֔ה וַיַּֽעֲשׂ֥וּ לָהֶ֖ם אֱלֹהֵ֥י זָהָֽב ׃,וישב משה אל יהוה ויאמר אנא חטא העמ הזה חטאה גדלה ויעשו להמ אלהי זהב,16,ותב משה לקדם יי ואמר בבעו חב עמא הדין חובא רבא ועבדו להון דחלן דדהב:,15,"ὑπέστρεψεν δὲ Μωυσῆς πρὸς Κύριον καὶ εἶπεν Δέομαι, κύριε· ἡμάρτηκεν ὁ λαὸς οὗτος ἁμαρτίαν μεγάλην, καὶ ἐποίησαν ἑαυτοῖς θεοὺς χρυσοῦς·",20,ܘܗܦ̣ܟ ܡܘܫܐ ܠܘܬ ܡܪܝܐ ܘܐܡ̣ܪ. ܒܒܥܘ ܡܪܝܐ ܐܠܗܐ . ܫܪܝܪܐܝܬ ܚ̣ܛܐ ܥܡܐ ܗܢܐ ܚܛܝܬܐ ܪܒܬܐ. ܘܥܒ̣ܕܘ ܠܗܘܢ ܐ̈ܠܗܐ ܕܕܗܒܐ.,19,"Assim tornou Moisés ao Senhor, e disse: Oh! este povo cometeu um grande pecado, fazendo para si um deus de ouro.",21,True,True,True
32,32,Êxodo 32:32,וְעַתָּ֖ה אִם־ תִּשָּׂ֣א חַטָּאתָ֑ם וְאִם־ אַ֕יִן מְחֵ֣נִי נָ֔א מִֽסִּפְרְךָ֖ אֲשֶׁ֥ר כָּתָֽבְתָּ ׃,ועתה אמ תשא חטאתמ ואמ אינ מחני נא מספרכ אשר כתבת,12,וכען אם שבקת לחוביהון ואם לא מחני כען מספרך די כתבתא:,11,"καὶ νῦν εἰ μὲν ἀφεῖς αὐτοῖς τὴν ἁμαρτίαν αὐτῶν, ἄφες· εἰ δὲ μή, ἐξάλειψόν με ἐκ τῆς βίβλου σου ἧς ἔγραψας·",21,ܗܫܐ ܐܢ ܫܒ̇ܩ ܐܢܬ ܠܚ̈ܛܗܝܗܘܢ. ܘܐܢ ܠܐ ܥܛܝܢܝ ܡܢ ܣܦܪܟ ܕܟܬ̣ܒܬ.,11,"Agora, pois, perdoa o seu pecado; ou se não, risca-me do teu livro, que tens escrito.",16,True,True,True
32,33,Êxodo 32:33,וַיֹּ֥אמֶר יְהוָ֖ה אֶל־ מֹשֶׁ֑ה מִ֚י אֲשֶׁ֣ר חָֽטָא־ לִ֔י אֶמְחֶ֖נּוּ מִסִּפְרִֽי ׃,ויאמר יהוה אל משה מי אשר חטא לי אמחנו מספרי,11,ואמר יי למשה מן די חב קדמי אמחניה מספרי:,9,"καὶ εἶπεν Κύριος πρὸς Μωυσῆν Εἴ τις ἡμάρτηκεν, ἐξαλείψω αὐτοὺς ἐκ τῆς βίβλου μου.",14,ܘܐܡ̣ܪ ܡܪܝܐ ܠܡܘܫܐ. ܡ̇ܢ ܕܚ̣ܛܐ ܠܝ ܐܥܛܝܘܗܝ ܡܢ ܣܦܪܝ.,9,"Então disse o Senhor a Moisés: Aquele que tiver pecado contra mim, a este riscarei do meu livro.",18,True,True,True
32,34,Êxodo 32:34,וְעַתָּ֞ה לֵ֣ךְ ׀ נְחֵ֣ה אֶת־ הָעָ֗ם אֶ֤ל אֲשֶׁר־ דִּבַּ֨רְתִּי֙ לָ֔ךְ הִנֵּ֥ה מַלְאָכִ֖י יֵלֵ֣ךְ לְפָנֶ֑יךָ וּבְי֣וֹם פָּקְדִ֔י וּפָקַדְתִּ֥י עֲלֵיהֶ֖ם חַטָּאתָֽם ׃,ועתה לכ נחה את העמ אל אשר דברתי לכ הנה מלאכי ילכ לפניכ וביומ פקדי ופקדתי עליהמ חטאתמ,20,וכען אזיל דבר ית עמא לאתר די מללית לך הא מלאכי יהך קדמך וביום אסערותי ואסער עליהון חוביהון:,18,"σὺ δὲ βάδιζε κατάβηθι, καὶ ὁδήγησον τὸν λαὸν τοῦτον εἰς τὸν τόπον ὃν εἶπά σοι· ἰδοὺ ὁ ἄγγελός μου προπορεύεται πρὸ προσώπου σου· ᾗ δ᾽ ἂν ἡμέρᾳ ἐπισκέπτωμαι, ἐπάξω ἐπ᾽ αὐτοὺς τὴν ἁμαρτίαν αὐτῶν.",34,ܗܫܐ ܙܠ ܐܘܒܠܝܗܝ ܠܥܡܐ ܗܢܐ ܠܐܝܟܐ ܕܐܡ̇ܪ ܐܢܐ ܠܟ. ܘܗܐ ܡܠܐܟܝ ܢܐܙܠ ܩܕܡܝܟ. ܘܒܝܘܡܐ ܕܦܘܩܕܢܝ ܐܦܩܘܕ ܥܠܝܗܘܢ ܚ̈ܛܗܝܗܘܢ.,18,"Vai pois agora, conduze este povo para o lugar de que te hei dito; eis que o meu anjo irá adiante de ti; porém no dia da minha visitação, sobre eles visitarei o seu pecado.",35,True,True,True
32,35,Êxodo 32:35,וַיִּגֹּ֥ף יְהוָ֖ה אֶת־ הָעָ֑ם עַ֚ל אֲשֶׁ֣ר עָשׂ֣וּ אֶת־ הָעֵ֔גֶל אֲשֶׁ֥ר עָשָׂ֖ה אַהֲרֹֽן ׃ ס,ויגפ יהוה את העמ על אשר עשו את העגל אשר עשה אהרנ ס,14,ומחא יי ית עמא על די אשתעבדו לעגלא די עבד אהרן:,11,καὶ ἐπάταξεν Κύριος τόν λαὸν περὶ τῆς ποιήσεως τοῦ μόσχου οὗ ἐποίησεν Ἀαρών.,13,ܘܡܚ̣ܐ ܡܪܝܐ ܠܥܡܐ ܥܠ ܕܦܠܚܘ ܠܥܓܠܐ ܕܥܒ̣ܕ ܐܗܪܘܢ.,8,"Feriu, pois, o Senhor ao povo, por ter feito o bezerro que Arão formara.",14,True,True,True
33,1,Êxodo 33:1,וַיְדַבֵּ֨ר יְהוָ֤ה אֶל־ מֹשֶׁה֙ לֵ֣ךְ עֲלֵ֣ה מִזֶּ֔ה אַתָּ֣ה וְהָעָ֔ם אֲשֶׁ֥ר הֶֽעֱלִ֖יתָ מֵאֶ֣רֶץ מִצְרָ֑יִם אֶל־ הָאָ֗רֶץ אֲשֶׁ֣ר נִ֠שְׁבַּעְתִּי לְאַבְרָהָ֨ם לְיִצְחָ֤ק וּֽלְיַעֲקֹב֙ לֵאמֹ֔ר לְזַרְעֲךָ֖ אֶתְּנֶֽנָּה ׃,וידבר יהוה אל משה לכ עלה מזה אתה והעמ אשר העלית מארצ מצרימ אל הארצ אשר נשבעתי לאברהמ ליצחק וליעקב לאמר לזרעכ אתננה,24,ומליל יי עם משה אזיל סק מכא את ועמא דאסקתא מארעא דמצרים לארעא די קימית לאברהם ליצחק וליעקב למימר לבניך אתננה:,21,"Καὶ εἶπεν Κύριος πρὸς Μωυσῆν Πορεύου ἀνάβηθι ἐντεῦθεν σὺ καὶ ὁ λαός σου, οὓς ἐξήγαγες ἐκ γῆς Αἰγύπτου, εἰς τὴν γῆν ἣν ὤμοσα τῷ Ἀβραὰμ καὶ Ἰσαὰκ καὶ Ἰακὼβ λέγων Τῷ σπέρματι ὑμῶν δώσω αὐτήν.",35,ܘܐܡ̣ܪ ܡܪܝܐ ܠܡܘܫܐ. ܣܩ ܙܠ ܡܟܐ. ܐܢܬ ܘܥܡܟ ܕܐܦܩ̣ܬ ܡܢ ܡܨܪܝܢ . ܠܐܪܥܐ ܕܝܡ̇ܝܬ ܠܐܒܪܗܡ ܘܠܐܝܣܚܩ ܘܠܝܥܩܘܒ. ܘܐܡ̇ܪܬ ܠܗܘܢ ܕܠܙܪܥܟܘܢ ܐܬܠܝܗ̇.,21,"Disse mais o Senhor a Moisés: Vai, sobe daqui, tu e o povo que fizeste subir da terra do Egito, para a terra a respeito da qual jurei a Abraão, a Isaque, e a Jacó, dizendo: À tua descendência a darei.",41,True,True,True
33,2,Êxodo 33:2,וְשָׁלַחְתִּ֥י לְפָנֶ֖יךָ מַלְאָ֑ךְ וְגֵֽרַשְׁתִּ֗י אֶת־ הַֽכְּנַעֲנִי֙ הָֽאֱמֹרִ֔י וְהַֽחִתִּי֙ וְהַפְּרִזִּ֔י הַחִוִּ֖י וְהַיְבוּסִֽי ׃,ושלחתי לפניכ מלאכ וגרשתי את הכנעני האמרי והחתי והפרזי החוי והיבוסי,12,ואשלח קדמך מלאכא ואתרך ית כנענאי אמוראי וחתאי ופרזאי חואי ויבוסאי:,11,"καὶ συναποστελῶ τὸν ἄγγελόν μου πρὸ προσώπου σου, καὶ ἐκβαλεῖς τὸν Ἀμορραῖον καὶ χετταῖον καὶ Φερεζαῖον καὶ Γεργεσαῖον καὶ Εὑαῖον καὶ Ἰεβουσαῖον.",22,ܘܐܫܕܪ ܩܕܡܝܟ ܡܠܐܟܐ. ܘܢܚܪܘܒ ܠܟܢܥ̈ܢܝܐ ܘܠܐܡܘܪ̈ܝܐ ܘܠܚ̈ܬܝܐ ܘܠܦܪ̈ܙܝܐ. ܘܠܚ̈ܘܝܐ ܘܠܝܒ̈ܘܣܝܐ.,10,"E enviarei um anjo adiante de ti {e lançarei fora os cananeus, e os amorreus, e os heteus, e os perizeus, e os heveus, e os jebuseus},",27,True,True,True
33,3,Êxodo 33:3,אֶל־ אֶ֛רֶץ זָבַ֥ת חָלָ֖ב וּדְבָ֑שׁ כִּי֩ לֹ֨א אֶֽעֱלֶ֜ה בְּקִרְבְּךָ֗ כִּ֤י עַם־ קְשֵׁה־ עֹ֨רֶף֙ אַ֔תָּה פֶּן־ אֲכֶלְךָ֖ בַּדָּֽרֶךְ ׃,אל ארצ זבת חלב ודבש כי לא אעלה בקרבכ כי עמ קשה ערפ אתה פנ אכלכ בדרכ,18,לארעא עבדא חלב ודבש ארי לא אסלק שכנתי מבינך ארי עם קשי קדל את דילמא אשיצנך בארחא:,17,"καὶ εἰσάξω σε εἰς γῆν ῥέουσαν γάλα καὶ μέλι· οὐ γὰρ μὴ συναναβῶ μετὰ σοῦ διὰ τὸ λαὸν σκληροτράχηλόν σε εἶναι, ἵνα μὴ ἐξαναλώσω σε ἐν τῇ ὁδῷ.",28,ܠܐܪܥܐ ܕܡܪܕܝܐ ܚܠܒܐ ܘܕܒܫܐ. ܡܛܠ ܕܠܐ ܣ̇ܠܩ ܐܢܐ ܒܝܢܬܟܘܢ. ܡܛܠ ܕܥܡܐ ܐܢܬܘܢ ܩܫ̣ܐ ܩܕܠܐ. ܕܠܡܐ ܐܘܒܕܟܘܢ ܒܐܘܪܚܐ.,17,"para uma terra que mana leite e mel; porque eu não subirei no meio de ti, porquanto és povo de cerviz dura; para que não te consuma eu no caminho.",30,True,True,True
33,4,Êxodo 33:4,וַיִּשְׁמַ֣ע הָעָ֗ם אֶת־ הַדָּבָ֥ר הָרָ֛ע הַזֶּ֖ה וַיִּתְאַבָּ֑לוּ וְלֹא־ שָׁ֛תוּ אִ֥ישׁ עֶדְי֖וֹ עָלָֽיו ׃,וישמע העמ את הדבר הרע הזה ויתאבלו ולא שתו איש עדיו עליו,13,ושמע עמא ית פתגמא בישא הדין ואתאבלו ולא שויו גבר תקון זיניה עלוהי:,13,καὶ ἀκούσας ὁ λαὸς τὸ ῥῆμα τὸ πονηρὸν τοῦτο κατεπένθησεν ἐν πενθικοῖς.,12,ܘܫܡܥܘ ܥܡܐ ܦܬܓܡܐ ܗܢܐ ܒܝܫܐ ܘܟ̣ܪܝܬ ܠܗܘܢ. ܘܠܐ ܫܩܠܘ ܓܒܪ ܙܝܢܗ ܥܠܘܗܝ.,12,"E quando o povo ouviu esta má notícia, pôs-se a prantear, e nenhum deles vestiu os seus atavios.",18,True,True,True
33,5,Êxodo 33:5,וַיֹּ֨אמֶר יְהוָ֜ה אֶל־ מֹשֶׁ֗ה אֱמֹ֤ר אֶל־ בְּנֵֽי־ יִשְׂרָאֵל֙ אַתֶּ֣ם עַם־ קְשֵׁה־ עֹ֔רֶף רֶ֧גַע אֶחָ֛ד אֶֽעֱלֶ֥ה בְקִרְבְּךָ֖ וְכִלִּיתִ֑יךָ וְעַתָּ֗ה הוֹרֵ֤ד עֶדְיְךָ֙ מֵֽעָלֶ֔יךָ וְאֵדְעָ֖ה מָ֥ה אֶֽעֱשֶׂה־ לָּֽךְ ׃,ויאמר יהוה אל משה אמר אל בני ישראל אתמ עמ קשה ערפ רגע אחד אעלה בקרבכ וכליתיכ ועתה הורד עדיכ מעליכ ואדעה מה אעשה לכ,26,ואמר יי למשה אימר לבני ישראל אתון עם קשי קדל שעה חדא אסלק שכנתי מבינך ואשצנך וכען אעדי תקון זינך מנך וגלי קדמי מה אעבד לך:,26,"καὶ εἶπεν Κύριος τοῖς υἱοῖς Ἰσραήλ Ὑμεῖς λαὸς σκληροτράχηλος· ὁρᾶτε μὴ πληγὴν ἄλλην ἐπάξω ἐγὼ ἐφ᾽ ὑμᾶς καὶ ἐξαναλώσω ὑμᾶς· νῦν οὖν ἀφέλεσθε τὰς στολὰς τῶν δοξῶν ὑμῶν καὶ τὸν κόσμον, καὶ δείξω σοι ἃ ποιήσω σοι.",37,ܘܐܡ̣ܪ ܡܪܝܐ ܠܡܘܫܐ. ܐܡ̣ܪ ܠܒܢ̈ܝ ܐܝܣܪܝܠ. ܐܢܬܘܢ ܥܡܐ ܐܢܬܘܢ ܩܫ̣ܐ ܩܕܠܐ. ܫܥܬܐ ܚܕܐ ܐܣܩ ܒܝܢܬܟܘܢ ܘܐܘܒܕܟܘܢ. ܗܫܐ ܐܥܒܪܘ ܙܝܢܟܘܢ ܡܢܟܘܢ ܘܐܕܥ ܡܢܐ ܐܥܒ̇ܕ ܠܟܘܢ.,24,"Pois o Senhor tinha dito a Moisés: Dize aos filhos de Israel: És um povo de dura cerviz; se por um só momento eu subir no meio de ti, te consumirei; portanto agora despe os teus atavios, para que eu saiba o que te hei de fazer.",47,True,True,True
33,6,Êxodo 33:6,וַיִּֽתְנַצְּל֧וּ בְנֵֽי־ יִשְׂרָאֵ֛ל אֶת־ עֶדְיָ֖ם מֵהַ֥ר חוֹרֵֽב ׃,ויתנצלו בני ישראל את עדימ מהר חורב,8,ואעדיאו בני ישראל ית תקון זיניהון מטורא דחורב:,8,καὶ περιείλαντο οἱ υἱοὶ Ἰσραὴλ τὸν κόσμον αὐτῶν καὶ τὴν περιστολὴν ἀπὸ τοῦ ὄρους τοῦ Χωρήβ.,16,ܘܫܩܠܘ ܒܢ̈ܝ ܐܝܣܪܝܠ ܙܝܢܗܘܢ ܡܢܗܘܢ ܡܢ ܛܘܪܐ ܕܚܘܪܝܒ.,8,"Então os filhos de Israel se despojaram dos seus atavios, desde o monte Horebe em diante.",16,True,True,True
33,7,Êxodo 33:7,וּמֹשֶׁה֩ יִקַּ֨ח אֶת־ הָאֹ֜הֶל וְנָֽטָה־ ל֣וֹ ׀ מִח֣וּץ לַֽמַּחֲנֶ֗ה הַרְחֵק֙ מִן־ הַֽמַּחֲנֶ֔ה וְקָ֥רָא ל֖וֹ אֹ֣הֶל מוֹעֵ֑ד וְהָיָה֙ כָּל־ מְבַקֵּ֣שׁ יְהוָ֔ה יֵצֵא֙ אֶל־ אֹ֣הֶל מוֹעֵ֔ד אֲשֶׁ֖ר מִח֥וּץ לַֽמַּחֲנֶֽה ׃,ומשה יקח את האהל ונטה לו מחוצ למחנה הרחק מנ המחנה וקרא לו אהל מועד והיה כל מבקש יהוה יצא אל אהל מועד אשר מחוצ למחנה,28,ומשה נסיב ית משכנא ופרסיה ליה מברא למשריתא ארחיק מן משריתא וקרי ליה משכן בית אולפנא ויהי כל דתבע אולפן מן קדם יי נפק למשכן בית אולפנא מברא למשריתא:,29,"Καὶ λαβὼν Μωυσῆς τὴν σκηνὴν αὐτοῦ ἔπηξεν ἔξω τῆς παρεμβολῆς, μακρὰν ἀπὸ τῆς παρεμβολῆς, καὶ ἐκλήθη σκηνὴ μαρτυρίου· καὶ ἐγένετο, πᾶς ὁ ζητῶν Κύριον ἐξεπορεύετο εἰς τὴν σκηνὴν ἔξω τῆς παρεμβολῆς.",31,ܘܡܘܫܐ ܢܣ̣ܒ ܡܫܟܢܗ. ܘܢܩܫܗ ܠܗ ܠܒܪ ܡܢ ܡܫܪܝܬܐ. ܐܪܚܩܗ ܡܢ ܡܫܪܝܬܐ. ܘܩܪܝܗܝ ܡܫܟܢܙܒܢܐ. ܘܟܠ ܡ̇ܢ ܕܫܐ̇ܠ ܗܘܐ ܡܢ ܡܪܝܐ. ܢ̇ܦܩ ܠܡܫܟܢܙܒܢܐ ܕܠܒܪ ܡܢ ܡܫܪܝܬܐ.,24,"Ora, Moisés costumava tomar a tenda e armá-la fora do arraial, bem longe do arraial; e chamou-lhe a tenda da revelação. E todo aquele que buscava ao Senhor saía à tenda da revelação, que estava fora do arraial.",38,True,True,True
33,8,Êxodo 33:8,וְהָיָ֗ה כְּצֵ֤את מֹשֶׁה֙ אֶל־ הָאֹ֔הֶל יָק֨וּמוּ֙ כָּל־ הָעָ֔ם וְנִ֨צְּב֔וּ אִ֖ישׁ פֶּ֣תַח אָהֳל֑וֹ וְהִבִּ֨יטוּ֙ אַחֲרֵ֣י מֹשֶׁ֔ה עַד־ בֹּא֖וֹ הָאֹֽהֱלָה ׃,והיה כצאת משה אל האהל יקומו כל העמ ונצבו איש פתח אהלו והביטו אחרי משה עד באו האהלה,19,והוה כד נפק משה למשכנא קימין כל עמא ומתעתדין גבר בתרע משכנא ומסתכלין אחורי משה עד דעלל למשכנא:,18,"ἡνίκα δ᾽ ἂν εἰσεπορεύετο Μωσῆς εἰς τὴν σκηνὴν ἔξω τῆς παρεμβολῆς, ἱστήκει πᾶς ὁ λαὸς σκοπεύοντες ἕκαστος παρὰ τὰς θύρας τῆς σκηνῆς αὐτοῦ· καὶ κατενοοῦσαν ἀπιόντος Μωσῆ ἕως τοῦ εἰσελθεῖν αὐτὸν εἰς τὴν σκηνὴν.",34,ܘܡܐ ܕܢܦܩ̇ ܡܘܫܐ ܠܡܫܟܢܐ. ܩܝܡܝܢ ܟܠܗ ܥܡܐ ܘܡܬܛܝܒܝܢ ܐܢܫ ܒܬܪܥ ܡܫܟܢܗ. ܘܚܝܪܝܢ ܒܬܪܗ ܕܡܘܫܐ. ܥܕܡܐ ܕܥܐ̇ܠ ܠܡܫܟܢܐ.,17,"Quando Moisés saía à tenda, levantava-se todo o povo e ficava em pé cada um à porta da sua tenda, e olhava a Moisés pelas costas, até entrar ele na tenda.",31,True,True,True
33,9,Êxodo 33:9,וְהָיָ֗ה כְּבֹ֤א מֹשֶׁה֙ הָאֹ֔הֱלָה יֵרֵד֙ עַמּ֣וּד הֶֽעָנָ֔ן וְעָמַ֖ד פֶּ֣תַח הָאֹ֑הֶל וְדִבֶּ֖ר עִם־ מֹשֶֽׁה ׃,והיה כבא משה האהלה ירד עמוד העננ ועמד פתח האהל ודבר עמ משה,14,והוה כד עלל משה למשכנא נחית עמודא דעננא וקאם בתרע משכנא ומתמלל עם משה:,14,"ὡς δ᾽ ἂν εἰσῆλθεν Μωσῆς εἰς τὴν σκηνήν, κατέβαινεν ὁ στύλος τῆς νεφέλης καὶ ἵστατο ἐπὶ τὴν θύραν τῆς σκηνῆς, καὶ ἐλάλει Μωσῇ·",23,ܘܡܐ ܕܥܠ ܡܘܫܐ ܠܡܫܟܢܐ. ܢܚ̇ܬ ܥܡܘܕܐ ܕܥܢܢܐ ܘܩܐܡ ܒܬܪܥܐ ܕܡܫܟܢܐ. ܘܡܬܡܠܠ ܥܡ ܡܘܫܐ.,13,"E quando Moisés entrava na tenda, a coluna de nuvem descia e ficava à porta da tenda; e o Senhor falava com Moisés.",23,True,True,True
33,10,Êxodo 33:10,וְרָאָ֤ה כָל־ הָעָם֙ אֶת־ עַמּ֣וּד הֶֽעָנָ֔ן עֹמֵ֖ד פֶּ֣תַח הָאֹ֑הֶל וְקָ֤ם כָּל־ הָעָם֙ וְהִֽשְׁתַּחֲוּ֔וּ אִ֖ישׁ פֶּ֥תַח אָהֳלֽוֹ ׃,וראה כל העמ את עמוד העננ עמד פתח האהל וקמ כל העמ והשתחוו איש פתח אהלו,17,וחזן כל עמא ית עמודא דעננא קאם בתרע משכנא וקימין כל עמא וסגדין גבר בתרע משכניה:,16,καὶ ἑώρα πᾶς ὁ λαὸς τὸν στύλον τῆς νεφέλης ἑστῶτα ἐπὶ τῆς θύρας τῆς σκηνῆς· καὶ στάντες πᾶς ὁ λαὸς προσεκύνησαν ἕκαστος ἀπὸ τῆς θύρας τῆς σκηνῆς αὐτοῦ.,28,ܘܚ̇ܙܐ ܟܠܗ ܥܡܐ ܥܡܘܕܐ ܕܥܢܢܐ ܕܩܐܡ ܒܬܪܥܐ ܕܡܫܟܢܐ. ܘܩܝܡܝܢ ܟܘܠܗ ܥܡܐ. ܘܣܓܕܝܢ ܐܢܫ ܒܬܪܥ ܡܫܟܢܗ.,15,"Assim via todo o povo a coluna de nuvem que estava à porta da tenda, e todo o povo, levantando-se, adorava, cada um à porta da sua tenda.",28,True,True,True
33,11,Êxodo 33:11,וְדִבֶּ֨ר יְהוָ֤ה אֶל־ מֹשֶׁה֙ פָּנִ֣ים אֶל־ פָּנִ֔ים כַּאֲשֶׁ֛ר יְדַבֵּ֥ר אִ֖ישׁ אֶל־ רֵעֵ֑הוּ וְשָׁב֙ אֶל־ הַֽמַּחֲנֶ֔ה וּמְשָׁ֨רְת֜וֹ יְהוֹשֻׁ֤עַ בִּן־ נוּן֙ נַ֔עַר לֹ֥א יָמִ֖ישׁ מִתּ֥וֹךְ הָאֹֽהֶל ׃ ס,ודבר יהוה אל משה פנימ אל פנימ כאשר ידבר איש אל רעהו ושב אל המחנה ומשרתו יהושע בנ נונ נער לא ימיש מתוכ האהל ס,26,ומתמלל יי עם משה ממלל עם ממלל כמא דממלל גבר עם חבריה ותב למשריתא ומשומשניה יהושע בר נון עולימא לא עדי מגו משכנא:,23,"καὶ ἐλάλησεν Κύριος πρὸς Μωυσῆν ἐνώπιος ἐνωπίῳ, ὡς εἴ τις λαλήσει πρὸς τὸν ἑαυτοῦ φίλον· καὶ ἀπελύετο εἰς τὴν παρεμβολήν· ὁ δὲ θεράπων Ἰησοῦς υἱὸς Ναυὴ νέος οὐκ ἐξεπορεύετο ἐκ τῆς σκηνῆς.",32,ܘܡܠܠ ܡܪܝܐ ܥܡ ܡܘܫܐ ܐ̈ܦܝܢ ܠܘܩܒܠ ܐ̈ܦܝܢ. ܐܝܟ ܕܡܡܠܠ ܓܒܪܐ ܥܡ ܚܒܪܗ. ܘܗ̣ܦܟ ܠܡܫܪܝܬܐ. ܘܡܫܡܫܢܗ ܗܘܫܥ ܒܪܢܘܢ ܛܠܝܐ ܠܐ ܥ̇ܢܕ ܗܘܐ ܡܢ ܓܘ ܡܫܟܢܐ.,24,"E falava o Senhor a Moisés face a face, como qualquer fala com o seu amigo. Depois tornava Moisés ao arraial; mas o seu servidor, o mancebo Josué, filho de Num, não se apartava da tenda.",36,True,True,True
33,12,Êxodo 33:12,וַיֹּ֨אמֶר מֹשֶׁ֜ה אֶל־ יְהוָ֗ה רְ֠אֵה אַתָּ֞ה אֹמֵ֤ר אֵלַי֙ הַ֚עַל אֶת־ הָעָ֣ם הַזֶּ֔ה וְאַתָּה֙ לֹ֣א הֽוֹדַעְתַּ֔נִי אֵ֥ת אֲשֶׁר־ תִּשְׁלַ֖ח עִמִּ֑י וְאַתָּ֤ה אָמַ֨רְתָּ֙ יְדַעְתִּ֣יךָֽ בְשֵׁ֔ם וְגַם־ מָצָ֥אתָ חֵ֖ן בְּעֵינָֽי ׃,ויאמר משה אל יהוה ראה אתה אמר אלי העל את העמ הזה ואתה לא הודעתני את אשר תשלח עמי ואתה אמרת ידעתיכ בשמ וגמ מצאת חנ בעיני,28,ואמר משה קדם יי חזי דאת אמר לי אסיק ית עמא הדין ואת לא הודעתני ית די תשלח עמי ואת אמרת רביתך בשום ואף אשכחתא רחמין קדמי:,27,"Καὶ εἶπεν Μωυσῆς πρὸς Κύριον Ἰδοὺ σύ μοι λέγεις Ἀνάγαγε τὸν λαὸν τοῦτον· σὺ δὲ οὐκ ἐδήλωσάς μοι ὃν συναποστελεῖς μετ᾽ ἐμοῦ· σὺ δέ μοι εἶπας Οἶδά σε παρὰ πάντας, καὶ χάριν ἔχεις παρ᾽ ἐμοί.",35,ܘܐܡ̣ܪ ܡܘܫܐ ܠܡܪܝܐ. ܚܙܝ ܕܐܢܬ ܐܡ̣ܪܬ ܠܝ. ܐܣܩܝܗܝ ܠܥܡܐ ܗܢܐ. ܘܐܢܬ ܠܐ ܚܘܝܬܢܝ ܡ̇ܢ ܕܡܫܕܪ ܐܢܬ ܥܡܝ. ܘܐܢܬ ܐܡ̣ܪܬ ܝܕܥܬܟ ܒܫܡܐ. ܘܐܦ ܐܫܟ̣ܚܬ ܪ̈ܚܡܐ ܒܥܝܢ̈ܝ.,25,"E Moisés disse ao Senhor: Eis que tu me dizes: Faze subir a este povo; porém não me fazes saber a quem hás de enviar comigo. Disseste também: Conheço-te por teu nome, e achaste graça aos meus olhos.",38,True,True,True
33,13,Êxodo 33:13,וְעַתָּ֡ה אִם־ נָא֩ מָצָ֨אתִי חֵ֜ן בְּעֵינֶ֗יךָ הוֹדִעֵ֤נִי נָא֙ אֶת־ דְּרָכֶ֔ךָ וְאֵדָ֣עֲךָ֔ לְמַ֥עַן אֶמְצָא־ חֵ֖ן בְּעֵינֶ֑יךָ וּרְאֵ֕ה כִּ֥י עַמְּךָ֖ הַגּ֥וֹי הַזֶּֽה ׃,ועתה אמ נא מצאתי חנ בעיניכ הודעני נא את דרככ ואדעכ למענ אמצא חנ בעיניכ וראה כי עמכ הגוי הזה,21,וכען אם כען אשכחית רחמין קדמך הודעני כען ית אורח טובך ואדע רחמך בדיל דאשכח רחמין קדמך וגלי קדמך ארי עמך עמא הדין:,23,"εἰ οὖν εὕρηκα χάριν ἐναντίον σου, ἐμφάνισόν μοι σεαυτόν· γνωστῶς ἴδω σε, ὅπως ἂν ὦ εὑρηκὼς χάριν ἐναντίον σου, καὶ ἵνα γνῶ ὅτι λαός σου τὸ ἔθνος τὸ μέγα τοῦτο.",30,ܗܫܐ ܐܢ ܐܫܟ̇ܚܬ ܪ̈ܚܡܐ ܒܥܝܢ̈ܝܟ. ܚܘܢܝ ܐܘܪܚܟ ܘܐܕܥܟ. ܡܛܠ ܕܐܫܟܚ ܪ̈ܚܡܐ ܒܥܝܢ̈ܝܟ. ܘܚܙܝ ܕܥܡܟ ܗܢܐ ܥܡܐ ܗܘ ܪܒܐ.,18,"Se eu, pois, tenho achado graça aos teus olhos, rogo-te que agora me mostres os teus caminhos, para que eu te conheça, a fim de que ache graça aos teus olhos; e considera que esta nação é teu povo.",39,True,True,True
33,14,Êxodo 33:14,וַיֹּאמַ֑ר פָּנַ֥י יֵלֵ֖כוּ וַהֲנִחֹ֥תִי לָֽךְ ׃,ויאמר פני ילכו והנחתי לכ,6,ואמר שכנתי תהך ואניח לך:,5,καὶ λέγει Αὐτὸς προπορεύσομαί σου καὶ καταπαύσω σε.,8,ܘܐܡ̣ܪ ܡܪܝܐ ܠܡܘܫܐ . ܩܕܡܝ ܙܠ ܘܐܢܝܚ ܠܟ.,8,"Respondeu-lhe o Senhor: Eu mesmo irei contigo, e eu te darei descanso.",12,True,True,True
33,15,Êxodo 33:15,וַיֹּ֖אמֶר אֵלָ֑יו אִם־ אֵ֤ין פָּנֶ֨יךָ֙ הֹלְכִ֔ים אַֽל־ תַּעֲלֵ֖נוּ מִזֶּֽה ׃,ויאמר אליו אמ אינ פניכ הלכימ אל תעלנו מזה,10,ואמר קדמוהי אם לית שכנתך מהלכא ביננא לא תסקיננא מכא:,10,"καὶ λέγει πρὸς αὐτόν Εἰ μὴ αὐτὸς σὺ πορεύῃ, μή με ἀναγάγῃς ἐντεῦθεν.",13,ܐܡ̇ܪ ܠܗ. ܐܢ ܐܢܬ ܠܐ ܐ̇ܙܠ ܐܢܬ ܥܡܢ ܠܐ ܬܣܩܢ ܡܟܐ.,11,"Então Moisés lhe disse: Se tu mesmo não fores conosco, não nos faças subir daqui.",15,True,True,True
33,16,Êxodo 33:16,וּבַמֶּ֣ה ׀ יִוָּדַ֣ע אֵפ֗וֹא כִּֽי־ מָצָ֨אתִי חֵ֤ן בְּעֵינֶ֨יךָ֙ אֲנִ֣י וְעַמֶּ֔ךָ הֲל֖וֹא בְּלֶכְתְּךָ֣ עִמָּ֑נוּ וְנִפְלֵ֨ינוּ֙ אֲנִ֣י וְעַמְּךָ֔ מִכָּ֨ל־ הָעָ֔ם אֲשֶׁ֖ר עַל־ פְּנֵ֥י הָאֲדָמָֽה ׃ פ,ובמה יודע אפוא כי מצאתי חנ בעיניכ אני ועמכ הלוא בלכתכ עמנו ונפלינו אני ועמכ מכל העמ אשר על פני האדמה פ,24,ובמה יתידע הכא ארי אשכחית רחמין קדמך אנא ועמך הלא במהך שכנתך עמנא ויתעבדן לנא פרישן לי ולעמך משני מכל עמא די על אפי ארעא:,25,"καὶ πῶς γνωστὸν ἔσται ἀληθῶς ὅτι εὕρηκα χάριν παρὰ σοί, ἐγώ τε καὶ ὁ λαός σου, ἀλλ᾽ ἢ συμπορευομένου σου μεθ᾽ ἡμῶν; καὶ ἐνδοξασθήσομαι ἐγώ τε καὶ ὁ λαός σου παρὰ πάντα τὰ ἔθνη ὅσα ἐπὶ τῆς γῆς ἐστίν.",39,ܘܒܡܢܐ ܢܬܝܕܥ ܗܪܟܐ. ܕܐܫܟ̇ܚܬ ܪ̈ܚܡܐ ܒܥܝܢ̈ܝܟ ܐܢܐ ܘܥܡܟ. ܐܠܐ ܡܐ ܕܐܙܠ̣ܬ ܥܡܢ. ܘܗܘܝܢ ܦܪ̈ܝܫܝܢ ܐܢܐ ܘܥܡܟ. ܡܢ ܟܠܗܘܢ ܥܡ̈ܡܐ ܕܐܝܬ ܥܠ ܐ̈ܦܝ ܐܪܥܐ.,23,"Como, pois, se saberá agora que tenho achado graça aos teus olhos, eu e o teu povo? acaso não é por andares tu conosco, de modo a sermos separados, eu e o teu povo, de todos os povos que há sobre a face da terra;",45,True,True,True
33,17,Êxodo 33:17,וַיֹּ֤אמֶר יְהוָה֙ אֶל־ מֹשֶׁ֔ה גַּ֣ם אֶת־ הַדָּבָ֥ר הַזֶּ֛ה אֲשֶׁ֥ר דִּבַּ֖רְתָּ אֶֽעֱשֶׂ֑ה כִּֽי־ מָצָ֤אתָ חֵן֙ בְּעֵינַ֔י וָאֵדָעֲךָ֖ בְּשֵֽׁם ׃,ויאמר יהוה אל משה גמ את הדבר הזה אשר דברת אעשה כי מצאת חנ בעיני ואדעכ בשמ,18,ואמר יי למשה אף ית פתגמא הדין די מללתא אעבד ארי אשכחתא רחמין קדמי ורביתך בשום:,16,"Καὶ εἶπεν Κύριος πρὸς Μωυσῆν Καὶ τοῦτόν σοι τὸν λόγον ὃν εἴρηκας ποιήσω· εὕρηκας γὰρ χάριν ἐνώπιόν μου, καὶ οἶδά σε παρὰ πάντας.",23,ܘܐܡ̣ܪ ܡܪܝܐ ܠܡܘܫܐ. ܐܝܟ ܡܠܬܐ ܗܕܐ ܕܐܡ̣ܪܬ ܐܥܒܕ. ܡܛܠ ܕܐܫܟ̣ܚܬ ܪ̈ܚܡܐ ܒܥܝܢ̈ܝ. ܘܐܕܥܟ ܒܫܡܐ.,14,"Ao que disse o Senhor a Moisés: Farei também isto que tens dito; porquanto achaste graça aos meus olhos, e te conheço pelo teu nome.",25,True,True,True
33,18,Êxodo 33:18,וַיֹּאמַ֑ר הַרְאֵ֥נִי נָ֖א אֶת־ כְּבֹדֶֽךָ ׃,ויאמר הראני נא את כבדכ,6,ואמר אחזיני כען ית יקרך:,5,καὶ λέγει Ἐμφάνισόν μοι σεαυτόν.,5,ܘܐܡ̣ܪ ܚܘܢܝ ܫܘܒܚܟ.,3,Moisés disse ainda: Rogo-te que me mostres a tua glória.,10,True,True,True
33,19,Êxodo 33:19,וַיֹּ֗אמֶר אֲנִ֨י אַעֲבִ֤יר כָּל־ טוּבִי֙ עַל־ פָּנֶ֔יךָ וְקָרָ֧אתִֽי בְשֵׁ֛ם יְהוָ֖ה לְפָנֶ֑יךָ וְחַנֹּתִי֙ אֶת־ אֲשֶׁ֣ר אָחֹ֔ן וְרִחַמְתִּ֖י אֶת־ אֲשֶׁ֥ר אֲרַחֵֽם ׃,ויאמר אני אעביר כל טובי על פניכ וקראתי בשמ יהוה לפניכ וחנתי את אשר אחנ ורחמתי את אשר ארחמ,20,ואמר אנא אעבר כל טובי על אפיך ואקרי בשמא דיי קדמך ואחון למן דאחון וארחם על מן דארחם:,18,"καὶ εἶπεν Ἐγὼ παρελεύσομαι πρότερός σου τῇ δόξῃ μου, καὶ λαλήσω ἐπὶ τῷ ὀνόματί μου Κύριος ἐναντίον σου· καὶ ἐλεήσω ὃν ἂν ἐλεῶ, καὶ οἰκτειρήσω ὃν ἂν οἰκτείρω.",28,ܘܐܡ̣ܪ ܐܢܐ ܐܥܒ̣ܪ ܟܠܗ ܛܘܒܝ ܩܕܡܝܟ. ܘܐܩܪܐ ܒܫܡܐ ܡܪܝܐ ܩܕܡܝܟ. ܘܐ̇ܚܘܢ ܠܡ̇ܢ ܕܐܚܘܢ ܘܐܪ̣ܚܡ ܠܡ̇ܢ ܕܐܪܚܡ.,16,"Respondeu-lhe o Senhor: Eu farei passar toda a minha bondade diante de ti, e te proclamarei o meu nome Jeová; e terei misericórdia de quem eu tiver misericórdia, e me compadecerei de quem me compadecer.",35,True,True,True
33,20,Êxodo 33:20,וַיֹּ֕אמֶר לֹ֥א תוּכַ֖ל לִרְאֹ֣ת אֶת־ פָּנָ֑י כִּ֛י לֹֽא־ יִרְאַ֥נִי הָאָדָ֖ם וָחָֽי ׃,ויאמר לא תוכל לראת את פני כי לא יראני האדמ וחי,12,ואמר לא תיכול למחזי ית אפי שכנתי ארי לא יחזינני אנשא ויתקים:,12,καὶ εἶπεν Οὐ δυνήσῃ ἰδεῖν μου τὸ πρόσωπον· οὐ γὰρ μὴ ἴδῃ ἄνθρωπος τὸ πρόσωπόν μου καὶ ζήσεται.,18,ܘܐܡ̣ܪ ܠܐ ܡܫܟܚ ܐܢܬ ܠܡܚܙܐ ܐ̈ܦܝ. ܡܛܠ ܕܠܐ ܚ̇ܙܐ ܠܝ ܒܪܢܫܐ ܘܚ̇ܝܐ.,12,"E disse mais: Não poderás ver a minha face, porquanto homem nenhum pode ver a minha face e viver.",19,True,True,True
33,21,Êxodo 33:21,וַיֹּ֣אמֶר יְהוָ֔ה הִנֵּ֥ה מָק֖וֹם אִתִּ֑י וְנִצַּבְתָּ֖ עַל־ הַצּֽוּר ׃,ויאמר יהוה הנה מקומ אתי ונצבת על הצור,9,ואמר יי הא אתר מתקן קדמי ותתעתד על טנרא:,9,"καὶ εἶπεν Κύριος Ἰδοὺ τόπος παρ᾽ ἐμοί, στήσῃ ἐπὶ τῆς πέτρας·",11,ܘܐܡ̣ܪ ܡܪܝܐ ܠܡܘܫܐ . ܗܐ ܐܬܪܐ ܩܕܡܝ. ܩܘܡ ܥܠ ܛܪܢܐ.,10,"Disse mais o Senhor: Eis aqui um lugar junto a mim; aqui, sobre a penha, te porás.",17,True,True,True
33,22,Êxodo 33:22,וְהָיָה֙ בַּעֲבֹ֣ר כְּבֹדִ֔י וְשַׂמְתִּ֖יךָ בְּנִקְרַ֣ת הַצּ֑וּר וְשַׂכֹּתִ֥י כַפִּ֛י עָלֶ֖יךָ עַד־ עָבְרִֽי ׃,והיה בעבר כבדי ושמתיכ בנקרת הצור ושכתי כפי עליכ עד עברי,12,ויהי במעבר יקרי ואשוינך במערת טנרא ואגין במימרי עלך עד דאעבר:,11,"ἡνίκα δ᾽ ἂν παρέλθῃ μου ἡ δόξα, καὶ θήσω σε εἰς ὀπὴν τῆς πέτρας, καὶ σκεπάσω τῇ χειρί μου ἐπὶ σὲ ἕως ἂν παρέλθω·",24,ܘܡܐ ܕܥܒ̇ܪ ܐܝܩܪܝ ܐܣܝܡܟ ܒܡܥܪܬܐ ܕܛܪܢܐ. ܘܐܓܢ ܐܝܕܝ ܥܠܝܟ ܥܕܡܐ ܕܐܥܒܪ.,11,"E quando a minha glória passar, eu te porei numa fenda da penha, e te cobrirei com a minha mão, até que eu haja passado.",25,True,True,True
33,23,Êxodo 33:23,וַהֲסִרֹתִי֙ אֶת־ כַּפִּ֔י וְרָאִ֖יתָ אֶת־ אֲחֹרָ֑י וּפָנַ֖י לֹ֥א יֵרָאֽוּ ׃ ס,והסרתי את כפי וראית את אחרי ופני לא יראו ס,11,ואעדי ית דברת יקרי ותחזי ית דבתרי ודקדמי לא יתחזון:,10,"καὶ ἀφελῶ τὴν χεῖρα, καὶ τότε ὄψῃ τὰ ὀπίσω μου, τὸ δὲ πρόσωπόν μου οὐκ ὀφθήσεταί σοι.",17,ܘܐܥܒ̣ܪ ܐܝܕܝ ܘܬܚܙܐ ܒܣܬܪܝ. ܘܐ̈ܦܝ ܠܐ ܢܬܚܙܝܢ.,7,"Depois, quando eu tirar a mão, me verás pelas costas; porém a minha face não se verá.",17,True,True,True
34,1,Êxodo 34:1,וַיֹּ֤אמֶר יְהוָה֙ אֶל־ מֹשֶׁ֔ה פְּסָל־ לְךָ֛ שְׁנֵֽי־ לֻחֹ֥ת אֲבָנִ֖ים כָּרִאשֹׁנִ֑ים וְכָתַבְתִּי֙ עַל־ הַלֻּחֹ֔ת אֶת־ הַדְּבָרִ֔ים אֲשֶׁ֥ר הָי֛וּ עַל־ הַלֻּחֹ֥ת הָרִאשֹׁנִ֖ים אֲשֶׁ֥ר שִׁבַּֽרְתָּ ׃,ויאמר יהוה אל משה פסל לכ שני לחת אבנימ כראשנימ וכתבתי על הלחת את הדברימ אשר היו על הלחת הראשנימ אשר שברת,23,ואמר יי למשה פסל לך תרין לוחי אבניא כקדמאי ואכתוב על לוחיא ית פתגמיא די הוו על לוחיא קדמאי די תברתא:,21,"Καὶ εἶπεν Κύριος πρὸς Μωυσῆν Λάξευσον σεαυτῷ δύο πλάκας λιθίνας καθὼς καὶ αἱ πρῶται, καὶ ἀνάβηθι πρὸς μὲ εἰς τὸ ὄρος, καὶ γράψω ἐπὶ τῶν πλακῶν τὰ ῥήματα ἃ ἦν ἐν ταῖς πλαξὶν ταῖς πρώταις αἷς συνέτριψας.",37,ܘܐܡ̣ܪ ܡܪܝܐ ܠܡܘܫܐ. ܦܣܘܠ ܠܟ ܬܪ̈ܬܝܢ ܠܘܚ̈ܐ ܕܟܐܦܐ. ܐܝܟ ܩܕܡܝ̈ܬܐ. ܘܐܟܬܘܒ ܥܠ ܠܘܚ̈ܐ ܦܬ̈ܓܡܐ. ܕܐܝܬ ܗܘܘ ܥܠ ܠܘܚ̈ܐ ܩܕܡܝ̈ܬܐ ܕܬܒ̣ܪܬ.,20,"Então disse o Senhor a Moisés: Lavra duas tábuas de pedra, como as primeiras; e eu escreverei nelas as palavras que estavam nas primeiras tábuas, que tu quebraste.",28,True,True,True
34,2,Êxodo 34:2,וֶהְיֵ֥ה נָכ֖וֹן לַבֹּ֑קֶר וְעָלִ֤יתָ בַבֹּ֨קֶר֙ אֶל־ הַ֣ר סִינַ֔י וְנִצַּבְתָּ֥ לִ֛י שָׁ֖ם עַל־ רֹ֥אשׁ הָהָֽר ׃,והיה נכונ לבקר ועלית בבקר אל הר סיני ונצבת לי שמ על ראש ההר,15,והוי זמין לצפרא ותסק בצפרא לטורא דסיני ותתעתד קדמי תמן על ריש טורא:,13,"καὶ γίνου ἕτοιμος εἰς τὸ πρωί, καὶ ἀναβήσῃ ἐπὶ τὸ ὄρος τὸ Σινά, καὶ στήσῃ μοι ἐκεῖ ἐπ᾽ ἄκρου τοῦ ὄρους.",21,ܘܗ̣ܘܝ ܡܛܝܒ ܒܨܦܪܐ. ܘܣܩ ܒܨܦܪܐ ܠܛܘܪܐ ܕܣܝܢܝ. ܘܩܘܡ ܬܡ̇ܢ ܒܪܝܫ ܛܘܪܐ.,11,"Prepara-te para amanhã, e pela manhã sobe ao monte Sinai, e apresenta-te a mim ali no cume do monte.",19,True,True,True
34,3,Êxodo 34:3,וְאִישׁ֙ לֹֽא־ יַעֲלֶ֣ה עִמָּ֔ךְ וְגַם־ אִ֥ישׁ אַל־ יֵרָ֖א בְּכָל־ הָהָ֑ר גַּם־ הַצֹּ֤אן וְהַבָּקָר֙ אַל־ יִרְע֔וּ אֶל־ מ֖וּל הָהָ֥ר הַהֽוּא ׃,ואיש לא יעלה עמכ וגמ איש אל ירא בכל ההר גמ הצאנ והבקר אל ירעו אל מול ההר ההוא,20,ואנש לא יסק עמך ואף אנש לא יתחזי בכל טורא אף ענא ותורי לא ירעון לקבל טורא ההוא:,18,καὶ μηδεὶς ἀναβήτω μετὰ σοῦ μηδὲ ὀφθήτω ἐν παντὶ τῷ ὄρει· καὶ τὰ πρόβατα καὶ αἱ βόες μὴ νεμέσθωσαν πλησίον τοῦ ὄρους ἐκείνου.,23,ܘܐܢܫ ܠܐ ܢܣܩ ܥܡܟ. ܘܐܢܫ ܠܐ ܢܬܚܙܐ ܒܟܠܗ ܛܘܪܐ. ܐܦ ܠܐ ܥܢܐ ܘܬܘܪ̈ܐ ܢܪܥܘܢ ܠܩܘܒܠܗ ܕܛܘܪܐ ܗ̇ܘ.,17,"Mas ninguém suba contigo, nem apareça homem algum em todo o monte; nem mesmo se apascentem defronte dele ovelhas ou bois.",21,True,True,True
34,4,Êxodo 34:4,וַיִּפְסֹ֡ל שְׁנֵֽי־ לֻחֹ֨ת אֲבָנִ֜ים כָּרִאשֹׁנִ֗ים וַיַּשְׁכֵּ֨ם מֹשֶׁ֤ה בַבֹּ֨קֶר֙ וַיַּ֨עַל֙ אֶל־ הַ֣ר סִינַ֔י כַּאֲשֶׁ֛ר צִוָּ֥ה יְהוָ֖ה אֹת֑וֹ וַיִּקַּ֣ח בְּיָד֔וֹ שְׁנֵ֖י לֻחֹ֥ת אֲבָנִֽים ׃,ויפסל שני לחת אבנימ כראשנימ וישכמ משה בבקר ויעל אל הר סיני כאשר צוה יהוה אתו ויקח בידו שני לחת אבנימ,22,ופסל תרין לוחי אבניא כקדמאי ואקדם משה בצפרא וסלק לטורא דסיני כמא דפקד יי יתיה ונסב בידיה תרין לוחי אבניא:,20,"καὶ ἐλάξευσεν δύο πλάκας λιθίνας καθάπερ καὶ αἱ πρῶται· καὶ ὀρθρίσας Μωυσῆς ἀνέβη εἰς τὸ ὄρος τὸ Σινά, καθότι συνέταξεν αὐτῷ Κύριος· καὶ ἔλαβεν Μωυσῆς τὰς δύο πλάκας τὰς λιθίνας.",30,ܘܦܣ̣ܠ ܬܪ̈ܬܝܢ ܠܘܚ̈ܐ ܕܟܐܦܐ ܐܝܟ ܩܕܡܝ̈ܬܐ. ܘܩ̇ܕܡ ܡܘܫܐ ܒܨܦܪܐ. ܘܣܠ̣ܩ ܠܛܘܪܐ ܕܣܝܢܝ ܐܝܟܢܐ ܕܦܩܕܗ ܡܪܝܐ. ܘܢܣܒ̣ ܬܪ̈ܬܝܢ ܠܘܚ̈ܐ ܕܟܐܦܐ ܒܐܝܕܗ.,20,"Então Moisés lavrou duas tábuas de pedra, como as primeiras; e, levantando-se de madrugada, subiu ao monte Sinai, como o Senhor lhe tinha ordenado, levando na mão as duas tábuas de pedra.",32,True,True,True
34,5,Êxodo 34:5,וַיֵּ֤רֶד יְהוָה֙ בֶּֽעָנָ֔ן וַיִּתְיַצֵּ֥ב עִמּ֖וֹ שָׁ֑ם וַיִּקְרָ֥א בְשֵׁ֖ם יְהוָֽה ׃,וירד יהוה בעננ ויתיצב עמו שמ ויקרא בשמ יהוה,10,ואתגלי יי בעננא ואתעתד עמיה תמן וקרא בשמא דיי:,9,"καὶ κατέβη Κύριος ἐν νεφέλῃ καὶ παρέστη αὐτῷ ἐκεῖ, καὶ ἐκάλεσεν τῷ ὀνόματι Κυρίου.",14,ܘܢܚ̣ܬ ܡܪܝܐ ܒܥܢܢܐ. ܘܩܡ ܥܡܗ ܬܡܢ. ܘܩ̣ܪܐ ܒܫܡܐ ܡܪܝܐ .,10,"O Senhor desceu numa nuvem e, pondo-se ali junto a ele, proclamou o nome Jeová.",15,True,True,True
34,6,Êxodo 34:6,וַיַּעֲבֹ֨ר יְהוָ֥ה ׀ עַל־ פָּנָיו֮ וַיִּקְרָא֒ יְהוָ֣ה ׀ יְהוָ֔ה אֵ֥ל רַח֖וּם וְחַנּ֑וּן אֶ֥רֶךְ אַפַּ֖יִם וְרַב־ חֶ֥סֶד וֶאֱמֶֽת ׀,ויעבר יהוה על פניו ויקרא יהוה יהוה אל רחומ וחנונ ארכ אפימ ורב חסד ואמת,18,ואעבר יי שכנתיה על אפוהי וקרא יי יי אלהא רחמנא וחננא מרחיק רגז ומסגי למעבד טבון וקשוט:,17,"καὶ παρῆλθεν Κύριος πρὸ προσώπου αὐτοῦ, καὶ ἐκάλεσεν κύριος ὁ θεὸς οἰκτείρμων καὶ ἐλεήμων, μακρόθυμος καὶ πολυέλεος καὶ ἀληθινός,",19,ܘܥܒ̣ܪ ܡܪܝܐ ܩܕܡܘܗܝ. ܘܩ̣ܪܐ ܡܪܝܐ ܡܪܝܐ. ܐܠܗܐ ܡܪܚܡܢܐ ܘܡܪܚܦܢܐ. ܕܢܓܝܪܐ ܪܘܚܗ ܘܣܓܝܐܐ ܛܝܒܘܬܗ ܘܩܘܫܬܗ.,14,"Tendo o Senhor passado perante Moisés, proclamou: Jeová, Jeová, Deus misericordioso e compassivo, tardio em irar-se e grande em beneficência e verdade;",22,True,True,True
34,7,Êxodo 34:7,נֹצֵ֥ר חֶ֨סֶד֙ לָאֲלָפִ֔ים נֹשֵׂ֥א עָוֺ֛ן וָפֶ֖שַׁע וְחַטָּאָ֑ה וְנַקֵּה֙ לֹ֣א יְנַקֶּ֔ה פֹּקֵ֣ד ׀ עֲוֺ֣ן אָב֗וֹת עַל־ בָּנִים֙ וְעַל־ בְּנֵ֣י בָנִ֔ים עַל־ שִׁלֵּשִׁ֖ים וְעַל־ רִבֵּעִֽים ׃,נצר חסד לאלפימ נשא עונ ופשע וחטאה ונקה לא ינקה פקד עונ אבות על בנימ ועל בני בנימ על שלשימ ועל רבעימ,24,נטר טיבו לאלפי דרין שבק לעוין ולמרוד ולחובין סלח לדתיבין לאוריתיה ולדלא תיבין לא מזכי מסער חובי אבהן על בנין ועל בני בנין מרדין על דר תליתי ועל דר רביעי:,30,"καὶ δικαιοσύνην διατηρῶν καὶ ἔλεος εἰς χιλιάδας, ἀφαιρῶν ἀνομίας καὶ ἀδικίας καὶ ἁμαρτίας, καὶ οὐ καθαριεῖ τὸν ἔνοχον, ἐπάγων ἀνομίας πατέρων ἐπὶ τέκνα καὶ ἐπὶ τέκνα τέκνων ἐπὶ τρίτην καὶ τετάρτην γενεάν.",32,ܢ̇ܛܪ ܛܝܒܘܬܐ ܠܐ̈ܠܦܝ ܕܪ̈ܐ. ܘܫܒ̇ܩ ܚ̈ܛܗܐ ܘܚ̈ܘܒܐ. ܘܡܙܟܝܘ ܠܐ ܡܙܟܐ. ܦܩ̇ܕ ܚ̈ܘܒܐ ܕܐ̈ܒܗܐ ܥܠ ܒܢ̈ܝܐ ܘܥܠ ܒܢ̈ܝ ܒ̈ܢܝܐ. ܥܠ ܬܠܬܐ ܘܥܠ ܐܪ̈ܒܥܐ ܕܪ̈ܝܢ.,23,"que usa de beneficência com milhares; que perdoa a iniqüidade, a transgressão e o pecado; que de maneira alguma terá por inocente o culpado; que visita a iniqüidade dos pais sobre os filhos e sobre os filhos dos filhos até a terceira e quarta geração.",45,True,True,True
34,8,Êxodo 34:8,וַיְמַהֵ֖ר מֹשֶׁ֑ה וַיִּקֹּ֥ד אַ֖רְצָה וַיִּשְׁתָּֽחוּ ׃,וימהר משה ויקד ארצה וישתחו,6,ואוחי משה וכרע על ארעא וסגיד:,6,"καὶ σπεύσας Μωσῆς κύψας ἐπὶ τὴν γῆν προσεκύνησεν,",8,ܘܐܣܬܪܗܒ ܡܘܫܐ ܘܢܦ̣ܠ ܥܠ ܐܪܥܐ ܘܣܓܕ̣.,6,"Então Moisés se apressou a inclinar-se à terra, e adorou,",10,True,True,True
34,9,Êxodo 34:9,וַיֹּ֡אמֶר אִם־ נָא֩ מָצָ֨אתִי חֵ֤ן בְּעֵינֶ֨יךָ֙ אֲדֹנָ֔י יֵֽלֶךְ־ נָ֥א אֲדֹנָ֖י בְּקִרְבֵּ֑נוּ כִּ֤י עַם־ קְשֵׁה־ עֹ֨רֶף֙ ה֔וּא וְסָלַחְתָּ֛ לַעֲוֺנֵ֥נוּ וּלְחַטָּאתֵ֖נוּ וּנְחַלְתָּֽנוּ ׃,ויאמר אמ נא מצאתי חנ בעיניכ אדני ילכ נא אדני בקרבנו כי עמ קשה ערפ הוא וסלחת לעוננו ולחטאתנו ונחלתנו,21,ואמר אם כען אשכחית רחמין קדמך יי תהך כען שכנתא דיי ביננא ארי עם קשי קדל הוא ותשבוק לחובנא ולחטאנא ותחסננא:,21,"καὶ εἶπεν Εἰ εὕρηκα χάριν ἐνώπιόν σου, συνπορευθήτω ὁ κύριός μου μεθ᾽ ἡμῶν· ὁ λαὸς γὰρ σκληροτράχηλός ἐστιν, καὶ ἀφελεῖς σὺ τὰς ἁμαρτίας ἡμῶν καὶ τὰς ἀνομίας ἡμῶν, καὶ ἐσόμεθα σοί.",31,ܘܐܡ̣ܪ ܐܢ ܐ̇ܫܟܚܬ ܪ̈ܚܡܐ ܒܥܝܢ̈ܝܟ ܡܪܝ. ܢܐܙܠ ܗܫܐ ܡܪܝ ܒܝܢܬܢ. ܡܛܠ ܕܥܡܐ ܐܢܘܢ ܩܫܐ ܩܕܠܐ. ܘܫܒܘܩ ܠܚ̈ܘܒܝܢ ܘܠܚ̈ܛܗܝܢ ܘܬܐܪܬܢ.,19,"dizendo: Senhor, se agora tenho achado graça aos teus olhos, vá o Senhor no meio de nós; porque este é povo de dura cerviz:; e perdoa a nossa iniqüidade e o nosso pecado, e toma-nos por tua herança.",38,True,True,True
34,10,Êxodo 34:10,וַיֹּ֗אמֶר הִנֵּ֣ה אָנֹכִי֮ כֹּרֵ֣ת בְּרִית֒ נֶ֤גֶד כָּֽל־ עַמְּךָ֙ אֶעֱשֶׂ֣ה נִפְלָאֹ֔ת אֲשֶׁ֛ר לֹֽא־ נִבְרְא֥וּ בְכָל־ הָאָ֖רֶץ וּבְכָל־ הַגּוֹיִ֑ם וְרָאָ֣ה כָל־ הָ֠עָם אֲשֶׁר־ אַתָּ֨ה בְקִרְבּ֜וֹ אֶת־ מַעֲשֵׂ֤ה יְהוָה֙ כִּֽי־ נוֹרָ֣א ה֔וּא אֲשֶׁ֥ר אֲנִ֖י עֹשֶׂ֥ה עִמָּֽךְ ׃,ויאמר הנה אנכי כרת ברית נגד כל עמכ אעשה נפלאת אשר לא נבראו בכל הארצ ובכל הגוימ וראה כל העמ אשר אתה בקרבו את מעשה יהוה כי נורא הוא אשר אני עשה עמכ,34,ואמר הא אנא גזר קים קדם כל עמך אעביד פרישן די לא אתבריאו בכל ארעא ובכל עממיא ויחזי כל עמא די את ביניהון ית עובדא דיי ארי דחל הוא די אנא עבד עמך:,33,"καὶ εἶπεν Κύριος πρός Μωυσῆν Ἰδοὺ ἐγὼ τίθημί σοι διαθήκην ἐνώπιον παντὸς τοῦ λαοῦ σοῦ· ποιήσω ἔνδοξα ἃ οὐ γέγονεν ἐν πάσῃ τῇ γῇ καὶ ἐν παντὶ ἔθνει· καὶ ὄψεται πᾶς ὁ λαός, ἐν οἷς εἶ σύ, τὰ ἔργα Κυρίου, ὅτι θαυμαστά ἐστιν ἃ ἐγὼ ποιήσω σοι.",47,ܘܐܡ̣ܪ ܗܐ ܡܩܝܡ ܐܢܐ ܩܝܡܐ. ܠܘܩܒܠ ܟܠܗ ܥܡܟ. ܘܐܥܒ̇ܕ ܦܪ̈ܝܫܬܐ ܕܠܐ ܐܬܥ̣ܒܕ . ܒܟܠܗ̇ ܐܪܥܐ ܘܒܟܠܗܘܢ ܥܡ̈ܡܐ. ܘܢܚܙܐ ܟܠܗ ܥܡܐ ܗܢܐ ܕܐܢܬ ܒܓܘܗ. ܥܒ̇ܕܗ ܕܡܪܝܐ ܕܕܚܝܠ ܗܘ. ܕܥܒ̇ܕ ܐܢܐ ܥܡܟ.,30,"Então disse o Senhor: Eis que eu faço um pacto; farei diante de todo o teu povo maravilhas quais nunca foram feitas em toda a terra, nem dentro de nação alguma; e todo este povo, no meio do qual estás, verá a obra do Senhor; porque coisa terrível é o que faço contigo.",53,True,True,True
34,11,Êxodo 34:11,שְׁמָ֨ר־ לְךָ֔ אֵ֛ת אֲשֶׁ֥ר אָנֹכִ֖י מְצַוְּךָ֣ הַיּ֑וֹם הִנְנִ֧י גֹרֵ֣שׁ מִפָּנֶ֗יךָ אֶת־ הָאֱמֹרִי֙ וְהַֽכְּנַעֲנִ֔י וְהַחִתִּי֙ וְהַפְּרִזִּ֔י וְהַחִוִּ֖י וְהַיְבוּסִֽי ׃,שמר לכ את אשר אנכי מצוכ היומ הנני גרש מפניכ את האמרי והכנעני והחתי והפרזי והחוי והיבוסי,18,טר לך ית די אנא מפקדך יומא דין הא אנא מתרך מן קדמך ית אמוראי וכנענאי וחתאי ופרזאי וחואי ויבוסאי:,20,πρόσεχε σὺ πάντα ὅσα ἐγὼ ἐντέλλομαί σοι· ἰδοὺ ἐκβάλλω πρὸ προσώπου ὑμῶν τὸν Ἀμορραῖον καὶ Χαναναῖον καὶ Φερεζαῖον καὶ Χετταῖον καὶ Εὑαῖον καὶ Γεργεσαῖον καὶ Ἰεβουσαῖον·,26,ܛܪ ܡܕܡ ܕܡܦ̇ܩܕ ܐܢܐ ܠܟ ܝܘܡܢܐ. ܗܐ ܚ̇ܪܒ ܐܢܐ ܡܢ ܩܕܡܝܟ. ܟܢ̈ܥܢܝܐ ܘܐܡܘܪ̈ܝܐ. ܘܚ̈ܬܝܐ. ܘܦܪ̈ܙܝܐ. ܘܚ̈ܘܝܐ ܘܝܒ̈ܘܣܝܐ.,17,"Guarda o que eu te ordeno hoje: eis que eu lançarei fora de diante de ti os amorreus, os cananeus, os heteus, os perizeus, os heveus e os jebuseus.",29,True,True,True
34,12,Êxodo 34:12,הִשָּׁ֣מֶר לְךָ֗ פֶּן־ תִּכְרֹ֤ת בְּרִית֙ לְיוֹשֵׁ֣ב הָאָ֔רֶץ אֲשֶׁ֥ר אַתָּ֖ה בָּ֣א עָלֶ֑יהָ פֶּן־ יִהְיֶ֥ה לְמוֹקֵ֖שׁ בְּקִרְבֶּֽךָ ׃,השמר לכ פנ תכרת ברית ליושב הארצ אשר אתה בא עליה פנ יהיה למוקש בקרבכ,16,אסתמר לך דילמא תגזר קים ליתב ארעא די את עלל עלה דילמא יהי לתקלא בינך:,15,"πρόσεχε σεαυτῷ μή ποτε θῇς διαθήκην τοῖς ἐνκαθημένοις ἐπὶ τῆς γῆς εἰς ἣν εἰσπορεύῃ εἰς αὐτήν, μή σοι γένηται πρόσκομμα ἐν ὑμῖν.",22,ܐܙܕܗܪ ܠܐ ܬܩܝܡ ܩܝ̇ܡܐ ܠܝܬ̈ܒܝ ܐܪܥܐ ܕܐ̇ܙܠ ܐܢܬ ܠܘܬܗܘܢ. ܕܠܐ ܢܗܘܘܢ ܠܟ ܬܘܩܠܬܐ .,14,"Guarda-te de fazeres pacto com os habitantes da terra em que hás de entrar, para que isso não seja por laço no meio de ti.",25,True,True,True
34,13,Êxodo 34:13,כִּ֤י אֶת־ מִזְבְּחֹתָם֙ תִּתֹּצ֔וּן וְאֶת־ מַצֵּבֹתָ֖ם תְּשַׁבֵּר֑וּן וְאֶת־ אֲשֵׁרָ֖יו תִּכְרֹתֽוּן ׃,כי את מזבחתמ תתצונ ואת מצבתמ תשברונ ואת אשריו תכרתונ,11,ארי ית אגוריהון תתרעון וית קמתהון תתברון וית אשריהון תקצצון:,10,"τοὺς βωμοὺς αὐτῶν καθελεῖτε, καὶ τὰς στήλας αὐτῶν συντρίψετε, καὶ τὰ ἄλση αὐτῶν ἐκκόψετε, καὶ τὰ γλυπτὰ τῶν θεῶν αὐτῶν κατακαύσετε ἐν πυρί.",23,ܡ̈ܕܒܚܝܗܘܢ ܥܩ̇ܪ. ܘܩܝ̈ܡܬܗܘܢ ܬܒ̇ܪ. ܘܕܚ̈ܠܬܗܘܢ ܦܣ̇ܩ.,6,"Mas os seus altares derrubareis, e as suas colunas quebrareis, e os seus aserins cortareis",15,True,True,True
34,14,Êxodo 34:14,כִּ֛י לֹ֥א תִֽשְׁתַּחֲוֶ֖ה לְאֵ֣ל אַחֵ֑ר כִּ֤י יְהוָה֙ קַנָּ֣א שְׁמ֔וֹ אֵ֥ל קַנָּ֖א הֽוּא ׃,כי לא תשתחוה לאל אחר כי יהוה קנא שמו אל קנא הוא,13,ארי לא תסגוד לטעות עממיא ארי יי קנא שמיה אל קנא הוא:,12,"οὐ γὰρ μὴ προσκυνήσητε θεοῖς ἑτέροις· ὁ γὰρ Κύριος ὁ θεὸς ζηλωτὸν ὄνομα, θεὸς ζηλωτής ἐστιν.",16,ܠܐ ܬܣܓܘܕ ܠܐܠܗ ܐܚܪܝܢ. ܡܛܠ ܕܡܪܝܐ ܛܢܢܐ ܫܡܗ. ܐܠܗܐ ܗܘ ܛܢܢܐ.,11,"{porque não adorarás a nenhum outro deus; pois o Senhor, cujo nome é Zeloso, é Deus zeloso},",17,True,True,True
34,15,Êxodo 34:15,פֶּן־ תִּכְרֹ֥ת בְּרִ֖ית לְיוֹשֵׁ֣ב הָאָ֑רֶץ וְזָנ֣וּ ׀ אַחֲרֵ֣י אֱלֹֽהֵיהֶ֗ם וְזָבְחוּ֙ לֵאלֹ֣הֵיהֶ֔ם וְקָרָ֣א לְךָ֔ וְאָכַלְתָּ֖ מִזִּבְחֽוֹ ׃,פנ תכרת ברית ליושב הארצ וזנו אחרי אלהיהמ וזבחו לאלהיהמ וקרא לכ ואכלת מזבחו,16,דילמא תגזר קים ליתב ארעא ויטעון בתר טעותהון וידבחון לטעותהון ויקרון לך ותיכול מדבחיהון:,14,"μή ποτε θῇς διαθῆκην τοῖς ἐνκαθημένοις πρὸς ἀλλοφύλους ἐπὶ τῆς γῆς, καὶ ἐκπορνεύσωσιν ὀπίσω τῶν θεῶν αὐτῶν, καὶ θύσωσι τοῖς θεοῖς αὐτῶν, καὶ καλέσωσίν σε καὶ φάγῃς τῶν θυμάτων αὐτῶν,",30,ܠܐ ܬܩܝܡ ܩܝ̇ܡܐ ܥܡ ܝܬܒ̈ܝ ܐܪܥܐ. ܕܠܐ ܢܛܥܘܢ ܒܬܪ ܕܚ̈ܠܬܗܘܢ. ܘܢ̇ܕܒܚܘܢ ܠܐ̈ܠܗܝܗܘܢ. ܘܢܩܪܘܢܟ ܘܬܐܟܘܠ ܡܢ ܕܒܚܝ̈ܗܘܢ.,16,"para que não faças pacto com os habitantes da terra, a fim de que quando se prostituírem após os seus deuses, e sacrificarem aos seus deuses, tu não sejas convidado por eles, e não comas do seu sacrifício;",38,True,True,True
34,16,Êxodo 34:16,וְלָקַחְתָּ֥ מִבְּנֹתָ֖יו לְבָנֶ֑יךָ וְזָנ֣וּ בְנֹתָ֗יו אַחֲרֵי֙ אֱלֹ֣הֵיהֶ֔ן וְהִזְנוּ֙ אֶת־ בָּנֶ֔יךָ אַחֲרֵ֖י אֱלֹהֵיהֶֽן ׃,ולקחת מבנתיו לבניכ וזנו בנתיו אחרי אלהיהנ והזנו את בניכ אחרי אלהיהנ,13,ותסב מבנתהון לבניך ויטעין בנתהון בתר טעותהון ויטעין ית בניך בתר טעותהון:,12,"καὶ λάβῃς τῶν θυγατέρων αὐτῶν τοῖς υἱοῖς σου, καὶ τῶν θυγατέρων σου δῷς τοῖς υἱοῖς αὐτῶν, καὶ ἐκπορνεύσωσιν αἱ θυγατέρες σου ὀπίσω τῶν θεῶν αὐτῶν, καὶ ἐκπορνεύσωσιν οἱ υἱοί σου ὀπίσω τῶν θεῶν αὐτῶν.",34,ܘܬܣܒ ܡܢ ܒܢ̈ܬܗܘܢ ܠܒܢ̈ܝܟ. ܘܒܢ̈ܬܟ ܬܬܠ ܠܒ̈ܢܝܗܘܢ. ܘܢ̣ܛܥܝܢ ܒܢ̈ܬܟܘܢ ܒܬܪ ܐ̈ܠܗܝܗܘܢ. ܘܢ̇ܛܥܝܢ ܠܒ̈ܢܝܟ ܒܬܪ ܐ̈ܠܗܝܗܝܢ.,15,"e não tomes mulheres das suas filhas para os teus filhos, para que quando suas filhas se prostituírem após os seus deuses, não façam que também teus filhos se prostituam após os seus deuses.",34,True,True,True
34,17,Êxodo 34:17,אֱלֹהֵ֥י מַסֵּכָ֖ה לֹ֥א תַעֲשֶׂה־ לָּֽךְ ׃,אלהי מסכה לא תעשה לכ,6,דחלן דמתכא לא תעבד לך:,5,καὶ θεοὺς χωνευτοὺς οὐ ποιήσεις σεαυτῷ.,6,ܐ̈ܠܗܐ ܕܢܣܟܬܐ ܠܐ ܬܥܒ̇ܕ ܠܟ.,5,Não farás para ti deuses de fundição.,7,True,True,True
34,18,Êxodo 34:18,אֶת־ חַ֣ג הַמַּצּוֹת֮ תִּשְׁמֹר֒ שִׁבְעַ֨ת יָמִ֜ים תֹּאכַ֤ל מַצּוֹת֙ אֲשֶׁ֣ר צִוִּיתִ֔ךָ לְמוֹעֵ֖ד חֹ֣דֶשׁ הָאָבִ֑יב כִּ֚י בְּחֹ֣דֶשׁ הָֽאָבִ֔יב יָצָ֖אתָ מִמִּצְרָֽיִם ׃,את חג המצות תשמר שבעת ימימ תאכל מצות אשר צויתכ למועד חדש האביב כי בחדש האביב יצאת ממצרימ,19,ית חגא דפטיריא תטר שבעא יומין תיכול פטירא כמא די פקדתך לזמן ירחא דאביבא ארי בירחא דאביבא נפקתא ממצרים:,19,"καὶ τὴν ἑορτὴν τῶν ἀζύμων φυλάξῃ· ἑπτὰ ἡμέρας φάγῃ ἄζυμα, καθάπερ ἐντέταλμαί σοι, εἰς τὸν καιρὸν ἐν μηνὶ τῶν νέων· ἐν γὰρ μηνὶ τῶν νέων ἐξῆλθες ἐξ Αἰγύπτου.",28,ܥܕܥܐܕܐ ܕܦܛܝܪ̈ܐ ܬܛܪ . ܫܒܥܐ ܝܘܡ̈ܝܢ ܬܐܟܘܠ ܦܛܝܪܐ. ܐܝܟ ܕܦܩܕܬܟ ܒܙܒܢܐ ܕܝܪܚܐ ܕܗ̈ܒܒܐ. ܡܛܠ ܕܒܝܪܚܐ ܕܗ̈ܒܒܐ ܢܦܩܬ ܡܢ ܡܨܪܝܢ.,19,"A festa dos pães ázimos guardarás; sete dias comerás pães ázimos, como te ordenei, ao tempo apontado no mês de abibe; porque foi no mês de abibe que saíste do Egito.",31,True,True,True
34,19,Êxodo 34:19,כָּל־ פֶּ֥טֶר רֶ֖חֶם לִ֑י וְכָֽל־ מִקְנְךָ֙ תִּזָּכָ֔ר פֶּ֖טֶר שׁ֥וֹר וָשֶֽׂה ׃,כל פטר רחמ לי וכל מקנכ תזכר פטר שור ושה,11,כל פתח ולדא דילי וכל בעירך דכרין תקדש בכור תור ואימר:,11,"πᾶν διανοῖγον μήτραν, ἐμοὶ τὰ ἀρσενικά, πᾶν πρωτότοκον μόσχου καὶ πρωτότοκον προβάτου.",12,ܟܠ ܦܬ̇ܚ ܪ̈ܚܡܐ ܠܝ . ܘܟܠ ܒܘܟܪ̈ܐ ܕܒܥܝܪ̈ܟ. ܕܬܘܪ̈ܐ ܘܕܐܡܪ̈ܐ .,11,"Tudo o que abre a madre é meu; até todo o teu gado, que seja macho, que abre a madre de vacas ou de ovelhas;",25,True,True,True
34,20,Êxodo 34:20,וּפֶ֤טֶר חֲמוֹר֙ תִּפְדֶּ֣ה בְשֶׂ֔ה וְאִם־ לֹ֥א תִפְדֶּ֖ה וַעֲרַפְתּ֑וֹ כֹּ֣ל בְּכ֤וֹר בָּנֶ֨יךָ֙ תִּפְדֶּ֔ה וְלֹֽא־ יֵרָא֥וּ פָנַ֖י רֵיקָֽם ׃,ופטר חמור תפדה בשה ואמ לא תפדה וערפתו כל בכור בניכ תפדה ולא יראו פני ריקמ,17,ובוכרא דחמרא תפרוק באימרא ואם לא תפרוק ותנקפיה כל בוכרא דבניך תפרוק ולא יתחזון קדמי ריקנין:,16,"καὶ πρωτότοκον ὑποζυγίου λυτρώσῃ προβάτῳ· ἐὰν δὲ μὴ λυτρώσῃ αὐτό, τιμὴν δώσεις. πᾶν πρωτότοκον τῶν υἱῶν σου λυτρώσῃ· οὐκ ὀφθήσῃ ἐνώπιόν μου κενός.",23,ܘܒܘܟܪ̈ܐ ܕܒܥܝܪ̈ܐ ܬܦܪܘܩ ܒܐܡܪܐ. ܘܐܢ ܠܐ ܬܦܪܩܝܘܗܝ ܬܩܛܠܝܘܗܝ. ܘܟܠ ܒܘܟܪ̈ܐ ܕܒ̈ܢܝܟ ܬܦܪܘܩ. ܘܠܐ ܬܬܚܙܘܢ ܩܕܡܝ ܣܪܝܩܐܝܬ.,16,"o jumento, porém, que abrir a madre, resgatarás com um cordeiro; mas se não quiseres resgatá-lo, quebrar-lhe-ás a cerviz. Resgatarás todos os primogênitos de teus filhos. E ninguém aparecerá diante de mim com as mãos vazias.",36,True,True,True
34,21,Êxodo 34:21,שֵׁ֤שֶׁת יָמִים֙ תַּעֲבֹ֔ד וּבַיּ֥וֹם הַשְּׁבִיעִ֖י תִּשְׁבֹּ֑ת בֶּחָרִ֥ישׁ וּבַקָּצִ֖יר תִּשְׁבֹּֽת ׃,ששת ימימ תעבד וביומ השביעי תשבת בחריש ובקציר תשבת,10,שתא יומין תפלח וביומא שביעאה תנוח בזרועא ובחצדא תנוח:,9,"ἓξ ἡμέρας ἐργᾷ, τῇ δὲ ἑβδόμῃ κατάπαυσις· τῷ σπόρῳ καὶ τῷ ἀμήτῳ κατάπαυσις.",13,ܫܬܐ ܝܘܡ̈ܝܢ ܬܦܠܘܚ. ܘܒܝܘܡܐ ܫܒܝܥܝܐ ܬܬܢܝܚ. ܒܙܪܥܐ ܘܒܚܨܕܐ ܬܬܢܝܚ.,9,"Seis dias trabalharás, mas ao sétimo dia descansarás; na aradura e na sega descansarás.",14,True,True,True
34,22,Êxodo 34:22,וְחַ֤ג שָׁבֻעֹת֙ תַּעֲשֶׂ֣ה לְךָ֔ בִּכּוּרֵ֖י קְצִ֣יר חִטִּ֑ים וְחַג֙ הָֽאָסִ֔יף תְּקוּפַ֖ת הַשָּׁנָֽה ׃,וחג שבעת תעשה לכ בכורי קציר חטימ וחג האסיפ תקופת השנה,12,וחגא דשבועיא תעבד לך בכורי חצד חטין וחגא דכנשא במפקא דשתא:,11,"καὶ ἑορτὴν ἑβδομάδων ποιήσεις μοι, ἀρχὴν θερισμοῦ πυροῦ, καὶ ἀρχὴν συναγωγῆς μεσοῦντος τοῦ ἐνιαυτοῦ.",14,ܘܥܕܥܐܕܐ ܕܫܒ̈ܘܥܐ ܬܥܒ̇ܕ ܠܟ ܪܝܫ ܚܨܕܐ ܕܚ̈ܛܐ. ܘܚܓܐ ܕܚܡܠܐ ܒܡܦܩܗ̇ ܕܫܢܬܐ.,11,"Também guardarás a festa das semanas, que é a festa das primícias da ceifa do trigo, e a festa da colheita no fim do ano.",25,True,True,True
34,23,Êxodo 34:23,שָׁלֹ֥שׁ פְּעָמִ֖ים בַּשָּׁנָ֑ה יֵרָאֶה֙ כָּל־ זְכ֣וּרְךָ֔ אֶת־ פְּנֵ֛י הָֽאָדֹ֥ן ׀ יְהוָ֖ה אֱלֹהֵ֥י יִשְׂרָאֵֽל ׃,שלש פעמימ בשנה יראה כל זכורכ את פני האדנ יהוה אלהי ישראל,14,תלת זמנין בשתא יתחזון כל דכוריך קדם רבון עלמא יי אלהא דישראל:,12,τρεῖς καιροὺς τοῦ ἐνιαυτοῦ ὀφθήσεται πᾶν ἀρσενικόν σου ἐνώπιον Κυρίου τοῦ θεοῦ Ἰσραήλ.,13,ܬܠܬ ܙܒ̈ܢܝܢ ܒܫܢܬܐ ܢܬܚܙܐ ܟܠ ܕܘܟܪܢܟ ܩܕܡ ܡܪܝܐ ܐܠܗܐ ܕܐܝܣܪܝܠ.,10,"Três vezes no ano todos os teus varões aparecerão perante o Senhor Jeová, Deus do Israel;",16,True,True,True
34,24,Êxodo 34:24,כִּֽי־ אוֹרִ֤ישׁ גּוֹיִם֙ מִפָּנֶ֔יךָ וְהִרְחַבְתִּ֖י אֶת־ גְּבוּלֶ֑ךָ וְלֹא־ יַחְמֹ֥ד אִישׁ֙ אֶֽת־ אַרְצְךָ֔ בַּעֲלֹֽתְךָ֗ לֵרָאוֹת֙ אֶת־ פְּנֵי֙ יְהוָ֣ה אֱלֹהֶ֔יךָ שָׁלֹ֥שׁ פְּעָמִ֖ים בַּשָּׁנָֽה ׃,כי אוריש גוימ מפניכ והרחבתי את גבולכ ולא יחמד איש את ארצכ בעלתכ לראות את פני יהוה אלהיכ שלש פעמימ בשנה,22,ארי אתרך עממין מן קדמך ואפתי ית תחומך ולא יחמד אנש ית ארעך במסקך לאתחזאה קדם יי אלהך תלת זמנין בשתא:,21,"ὅταν γὰρ ἐκβάλω τὰ ἔθνη πρὸ προσώπου σου καὶ πλατύνω τὰ ὅριά σου, οὐκ ἐπιθυμήσει οὐδεὶς τῆς γῆς σου, ἡνίκα ἂν ἀναβαίνῃς ὀφθῆναι ἐναντίον Κυρίου τοῦ θεοῦ σου τρεῖς καιροὺς τοῦ ἐνιαυτοῦ.",32,ܡܛܠ ܕܐܚܪܘܒ ܥܡ̈ܡܐ ܡܢ ܩܕܡܝܟ ܘܐܦܬܐ ܬܚܘܡܟ. ܘܠܐ ܢܪܓ ܐܢܫ ܐܪܥܟ. ܡܐ ܕܣ̇ܠܩ ܐܢܬ ܠܡܬܚܙܝܘ ܩܕܡ ܡܪܝܐ ܐܠܗܟ. ܬܠܬ ܙܒ̈ܢܝܢ ܒܫܢܬܐ.,21,"porque eu lançarei fora as nações de diante de ti, e alargarei as tuas fronteiras; ninguém cobiçará a tua terra, quando subires para aparecer três vezes no ano diante do Senhor teu Deus.",33,True,True,True
34,25,Êxodo 34:25,לֹֽא־ תִשְׁחַ֥ט עַל־ חָמֵ֖ץ דַּם־ זִבְחִ֑י וְלֹא־ יָלִ֣ין לַבֹּ֔קֶר זֶ֖בַח חַ֥ג הַפָּֽסַח ׃,לא תשחט על חמצ דמ זבחי ולא ילינ לבקר זבח חג הפסח,13,לא תכוס על חמיע דם פסחי ולא יבתון לצפרא בר ממדבחא תרבי נכסת חגא דפסחא:,15,"οὐ σφάξεις ἐπὶ ζύμῃ αἷμα θυμιαμάτων μου, καὶ οὐ κοιμηθήσεται εἰς τὸ πρωὶ θύματα τῆς ἑορτῆς τοῦ πάσχα.",18,ܠܐ ܬܟܘܣ ܥܠ ܚܡܝܥܐ ܕܡܐ ܕܕܒܚܬܐ. ܘܠܐ ܢܒܘܬ ܠܨܦܪܐ ܕܒܚܐ ܕܥܕܥܐܕܐ ܕܦܨܚܐ.,12,"Não sacrificarás o sangue do meu sacrifício com pão levedado, nem o sacrifício da festa da páscoa ficará da noite para a manhã.",23,True,True,True
34,26,Êxodo 34:26,רֵאשִׁ֗ית בִּכּוּרֵי֙ אַדְמָ֣תְךָ֔ תָּבִ֕יא בֵּ֖ית יְהוָ֣ה אֱלֹהֶ֑יךָ לֹא־ תְבַשֵּׁ֥ל גְּדִ֖י בַּחֲלֵ֥ב אִמּֽוֹ ׃ פ,ראשית בכורי אדמתכ תביא בית יהוה אלהיכ לא תבשל גדי בחלב אמו פ,14,ריש בכורי ארעך תיתי לבית מקדשא דיי אלהך לא תיכלון בשר בחלב:,12,τὰ πρωτογενήματα τῆς γῆς σου θήσεις εἰς τὸν οἶκον Κυρίου τοῦ θεοῦ σου. οὐ προσοίσεις ἄρνα ἐν γάλακτι μητρὸς αὐτοῦ.,20,ܪܝܫ ܥܠܠܬ̈ܗ̇ ܕܐܪܥܟ ܬܝܬܐ ܠܒܝܬܗ ܕܡܪܝܐ ܐܠܗܟ. ܠܐ ܬܒܫܠ ܓܕܝܐ ܒܚܠܒܐ ܕܐܡܗ.,12,As primeiras das primícias da tua terra trarás à casa do Senhor teu Deus. Não cozerás o cabrito no leite de sua mãe.,23,True,True,True
34,27,Êxodo 34:27,וַיֹּ֤אמֶר יְהוָה֙ אֶל־ מֹשֶׁ֔ה כְּתָב־ לְךָ֖ אֶת־ הַדְּבָרִ֣ים הָאֵ֑לֶּה כִּ֞י עַל־ פִּ֣י ׀ הַדְּבָרִ֣ים הָאֵ֗לֶּה כָּרַ֧תִּי אִתְּךָ֛ בְּרִ֖ית וְאֶת־ יִשְׂרָאֵֽל ׃,ויאמר יהוה אל משה כתב לכ את הדברימ האלה כי על פי הדברימ האלה כרתי אתכ ברית ואת ישראל,21,ואמר יי למשה כתב לך ית פתגמיא האלין ארי על מימר פתגמיא האלין גזרית עמך קים ועם ישראל:,18,καὶ εἶπεν Κύριος πρὸς Μωυσῆν Γράψον σεαυτῷ τὰ ῥήματα ταῦτα· ἐπὶ γὰρ τῶν λόγων τούτων τέθειμαί σοι διαθήκην καὶ τῷ Ἰσραήλ.,21,ܘܐܡ̣ܪ ܡܪܝܐ ܠܡܘܫܐ. ܟܬܘܒ ܠܟ ܗܠܝܢ ܦܬ̈ܓܡܐ. ܕܡܛܠ ܗܠܝܢ ܦܬ̈ܓܡܐ ܐ̇ܩܝܡܬ ܥܡܟ ܩܝ̇ܡܐ ܘܥܡ ܟܠܗ ܐܝܣܪܝܠ.,16,Disse mais o Senhor a Moisés: Escreve estas palavras; porque conforme o teor destas palavras tenho feito pacto contigo e com Israel.,22,True,True,True
34,28,Êxodo 34:28,וַֽיְהִי־ שָׁ֣ם עִם־ יְהוָ֗ה אַרְבָּעִ֥ים יוֹם֙ וְאַרְבָּעִ֣ים לַ֔יְלָה לֶ֚חֶם לֹ֣א אָכַ֔ל וּמַ֖יִם לֹ֣א שָׁתָ֑ה וַיִּכְתֹּ֣ב עַל־ הַלֻּחֹ֗ת אֵ֚ת דִּבְרֵ֣י הַבְּרִ֔ית עֲשֶׂ֖רֶת הַדְּבָרִֽים ׃,ויהי שמ עמ יהוה ארבעימ יומ וארבעימ לילה לחמ לא אכל ומימ לא שתה ויכתב על הלחת את דברי הברית עשרת הדברימ,23,והוה תמן קדם יי ארבעין יממין וארבעין לילון לחמא לא אכל ומיא לא שתי וכתב על לוחיא ית פתגמי קימא עשרא פתגמין:,22,"Καὶ ἦν ἐκεῖ Μωυσῆς ἐναντίον Κυρίου τεσσεράκοντα ἡμέρας καὶ τεσσεράκοντα νύκτας· ἄρτον οὐκ ἔφαγεν καὶ ὕδωρ οὐκ ἔπιεν· καὶ ἔγραψεν τὰ ῥήματα ταῦτα ἐπὶ τῶν πλακῶν τῆς διαθήκης, τοὺς δέκα λόγους.",31,ܘܗܘ̣ܐ ܬܡܢ ܥܡ ܡܪܝܐ. ܐܪ̈ܒܥܝܢ ܐܝܡܡ̈ܝܢ ܘܐܪ̈ܒܥܝܢ ܠܝ̈ܠܘܢ. ܠܚܡܐ ܠܐ ܐܟ̣ܠ. ܘܡ̈ܝܐ ܠܐ ܐܫܬܝ. ܘܟܬܒ̣ ܥܠ ܠܘܚ̈ܐ ܕܟܐܦܐ ܡ̈ܠܝ ܩܝ̇ܡܐ ܥܣܪܐ ܦܬ̈ܓܡܝܢ.,22,"E Moisés esteve ali com o Senhor quarenta dias e quarenta noites; não comeu pão, nem bebeu água, e escreveu nas tábuas as palavras do pacto, os dez mandamentos.",29,True,True,True
34,29,Êxodo 34:29,וַיְהִ֗י בְּרֶ֤דֶת מֹשֶׁה֙ מֵהַ֣ר סִינַ֔י וּשְׁנֵ֨י לֻחֹ֤ת הָֽעֵדֻת֙ בְּיַד־ מֹשֶׁ֔ה בְּרִדְתּ֖וֹ מִן־ הָהָ֑ר וּמֹשֶׁ֣ה לֹֽא־ יָדַ֗ע כִּ֥י קָרַ֛ן ע֥וֹר פָּנָ֖יו בְּדַבְּר֥וֹ אִתּֽוֹ ׃,ויהי ברדת משה מהר סיני ושני לחת העדת ביד משה ברדתו מנ ההר ומשה לא ידע כי קרנ עור פניו בדברו אתו,23,והוה כד נחת משה מטורא דסיני ותרין לוחי סהדותא בידא דמשה במחתיה מן טורא ומשה לא ידע ארי סגי זיו יקרא דאפוהי במללותיה עמיה:,24,"Ὡς δὲ κατέβαινεν Μωυσῆς ἐκ τοῦ ὄρους, καὶ αἱ δύο πλάκες ἐπὶ τῶν χειρῶν Μωυσῆ· καταβαίνοντος δὲ αὐτοῦ ἐκ τοῦ ὄρους, Μωσῆς οὐκ ᾔδει ὅτι δεδόξασται ἡ ὄψις τοῦ χρώματος τοῦ προσώπου αὐτοῦ ἐν τῷ λαλεῖν αὐτὸν αὐτῷ.",38,ܘܟܕ ܢܚ̣ܬ ܡܘܫܐ ܡܢ ܛܘܪܐ ܕܣܝܢܝ. ܬܪ̈ܬܝܢ ܠܘܚ̈ܐ ܕܣܗܕܘܬܐ ܒܐܝܕܗ ܕܡܘܫܐ. ܟܕ ܢܚ̣ܬ ܡܢ ܛܘܪܐ. ܘܡܘܫܐ ܠܐ ܝܕܥ̣ ܕܐܙܕܗܝ ܡܫܟܐ ܕܐ̈ܦܘܗܝ. ܟܕ ܡܠܠ ܥܡܗ ܐܠܗܐ .,26,"Quando Moisés desceu do monte Sinai, trazendo nas mãos as duas tábuas do testemunho, sim, quando desceu do monte, Moisés não sabia que a pele do seu rosto resplandecia, por haver Deus falado com ele.",35,True,True,True
34,30,Êxodo 34:30,וַיַּ֨רְא אַהֲרֹ֜ן וְכָל־ בְּנֵ֤י יִשְׂרָאֵל֙ אֶת־ מֹשֶׁ֔ה וְהִנֵּ֥ה קָרַ֖ן ע֣וֹר פָּנָ֑יו וַיִּֽירְא֖וּ מִגֶּ֥שֶׁת אֵלָֽיו ׃,וירא אהרנ וכל בני ישראל את משה והנה קרנ עור פניו וייראו מגשת אליו,15,וחזא אהרן וכל בני ישראל ית משה והא סגי זיו יקרא דאפוהי ודחילו מלאתקרבא לותיה:,15,"καὶ ἴδεν Ἀαρὼν καὶ πάντες οἱ πρεσβύτεροι Ἰσραὴλ τὸν Μωυσῆν, καὶ ἦν δεδοξασμένη ἡ ὄψις τοῦ χρώματος τοῦ προσώπου αὐτοῦ. καὶ ἐφοβήθησαν ἐγγίσαι αὐτοῦ.",24,ܘܚ̣ܙܐ ܐܗܪܘܢ ܘܟܠܗ ܐܝܣܪܝܠ . ܕܐܙܕܗܝ ܡܫܟܐ ܕܐ̈ܦܘܗܝ ܕܡܘܫܐ. ܘܕܚܠܘ ܠܡܩܪܒ ܠܘܬܗ.,12,"Quando, pois, Arão e todos os filhos de Israel olharam para Moisés, eis que a pele do seu rosto resplandecia, pelo que tiveram medo de aproximar-se dele.",27,True,True,True
34,31,Êxodo 34:31,וַיִּקְרָ֤א אֲלֵהֶם֙ מֹשֶׁ֔ה וַיָּשֻׁ֧בוּ אֵלָ֛יו אַהֲרֹ֥ן וְכָל־ הַנְּשִׂאִ֖ים בָּעֵדָ֑ה וַיְדַבֵּ֥ר מֹשֶׁ֖ה אֲלֵהֶֽם ׃,ויקרא אלהמ משה וישבו אליו אהרנ וכל הנשאימ בעדה וידבר משה אלהמ,13,וקרא להון משה ותבו לותיה אהרן וכל רברביא בכנשתא ומלל משה עמהון:,12,"καὶ ἐκάλεσεν αὐτοὺς Μωσῆς, καὶ ἐπεστράφησαν πρὸς αὐτὸν Ἀαρὼν καὶ πάντες οἱ ἄρχοντες τῆς συναγωγῆς· καὶ ἐλάλησεν αὐτοῖς Μωυσῆς.",19,ܘܩ̣ܪܐ ܐܢܘܢ ܡܘܫܐ ܘܐܬܘ ܠܘܬܗ. ܐܗܪܘܢ ܘܟܠܗܘܢ ܪ̈ܘܪܒܢܐ ܕܟܢܘܫܬܐ. ܘܡܠܠ ܡܘܫܐ ܥܡܗܘܢ.,12,"Então Moisés os chamou, e Arão e todos os príncipes da congregação tornaram a ele; e Moisés lhes falou.",19,True,True,True
34,32,Êxodo 34:32,וְאַחֲרֵי־ כֵ֥ן נִגְּשׁ֖וּ כָּל־ בְּנֵ֣י יִשְׂרָאֵ֑ל וַיְצַוֵּ֕ם אֵת֩ כָּל־ אֲשֶׁ֨ר דִּבֶּ֧ר יְהוָ֛ה אִתּ֖וֹ בְּהַ֥ר סִינָֽי ׃,ואחרי כנ נגשו כל בני ישראל ויצומ את כל אשר דבר יהוה אתו בהר סיני,16,ובתר כן אתקריבו כל בני ישראל ופקדנון ית כל די מלל יי עמיה בטורא דסיני:,15,καὶ μετὰ ταῦτα προσῆλθον πρὸς αὐτὸν πάντες οἱ υἱοὶ Ἰσραήλ. καὶ ἐνετείλατο αὐτοῖς πάντα ὅσα ἐνετείλατο Κύριος πρὸς αὐτὸν ἐν τῷ ὄρει Σεινά.,23,ܘܗܝܕܝܢ ܩܪܒܘ ܠܘܬܗ ܟܠܗܘܢ ܒܢ̈ܝ ܐܝܣܪܝܠ. ܘܦܩ̇ܕ ܐܢܘܢ ܟܠܡܕܡ ܕܡܠܠ ܡܪܝܐ ܥܡܗ ܒܛܘܪܐ ܕܣܝܢܝ.,14,"Depois chegaram também todos os filhos de Israel, e ele lhes ordenou tudo o que o Senhor lhe falara no monte Sinai.",22,True,True,True
34,33,Êxodo 34:33,וַיְכַ֣ל מֹשֶׁ֔ה מִדַּבֵּ֖ר אִתָּ֑ם וַיִּתֵּ֥ן עַל־ פָּנָ֖יו מַסְוֶֽה ׃,ויכל משה מדבר אתמ ויתנ על פניו מסוה,9,ושיצי משה מלמללא עמהון ויהב על אפוהי בית אפי:,9,"καὶ ἐπειδὴ κατέπαυσεν λαλῶν πρὸς αὐτούς, ἐπέθηκεν ἐπὶ τὸ πρόσωπον αὐτοῦ κάλυμμα.",12,ܘܟܕ ܫ̇ܠܡ ܡܘܫܐ ܕܢܡܠܠ ܥܡܗܘܢ. ܐܪܡܝ ܥܠ ܐ̈ܦܘܗܝ ܫܘܫܦܐ.,9,"Assim que Moisés acabou de falar com eles, pôs um véu sobre o rosto.",14,True,True,True
34,34,Êxodo 34:34,וּבְבֹ֨א מֹשֶׁ֜ה לִפְנֵ֤י יְהוָה֙ לְדַבֵּ֣ר אִתּ֔וֹ יָסִ֥יר אֶת־ הַמַּסְוֶ֖ה עַד־ צֵאת֑וֹ וְיָצָ֗א וְדִבֶּר֙ אֶל־ בְּנֵ֣י יִשְׂרָאֵ֔ל אֵ֖ת אֲשֶׁ֥ר יְצֻוֶּֽה ׃,ובבא משה לפני יהוה לדבר אתו יסיר את המסוה עד צאתו ויצא ודבר אל בני ישראל את אשר יצוה,20,וכד עלל משה לקדם יי למללא עמיה אעדי ית בית אפוהי עד מפקיה ונפק וממלל עם בני ישראל ית די מתפקד:,21,"ἡνίκα δ᾽ ἂν εἰσεπορεύετο Μωσῆς ἔναντι Κυρίου λαλεῖν αὐτῷ, περιῃρεῖτο τὸ κάλυμμα ἕως τοῦ ἐκπορεύεσθαι· καὶ ἐξελθὼν ἐλάλει πᾶσιν τοῖς υἱοῖς Ἰσραὴλ ὅσα ἐνετείλατο αὐτῷ Κύριος.",26,ܘܟܕ ܥܐ̇ܠ ܗܘܐ ܡܘܫܐ ܩܕܡ ܡܪܝܐ ܕܢܡܠܠ ܥܡܗ. ܫ̇ܩܠ ܗܘܐ ܠܗ̇ ܠܫܘܫܦܐ ܥܕܡܐ ܕܢ̇ܦܩ . ܘܢ̇ܦܩ ܗܘܐ ܐܡ̇ܪ ܠܕܒܝܬ ܐܝܣܪܝܠ ܡܕܡ ܕܡ̇ܬܦܩܕ.,22,"Mas, entrando Moisés perante o Senhor, para falar com ele, tirava o véu até sair; e saindo, dizia aos filhos de Israel o que lhe era ordenado.",27,True,True,True
34,35,Êxodo 34:35,וְרָא֤וּ בְנֵֽי־ יִשְׂרָאֵל֙ אֶת־ פְּנֵ֣י מֹשֶׁ֔ה כִּ֣י קָרַ֔ן ע֖וֹר פְּנֵ֣י מֹשֶׁ֑ה וְהֵשִׁ֨יב מֹשֶׁ֤ה אֶת־ הַמַּסְוֶה֙ עַל־ פָּנָ֔יו עַד־ בֹּא֖וֹ לְדַבֵּ֥ר אִתּֽוֹ ׃ ס,וראו בני ישראל את פני משה כי קרנ עור פני משה והשיב משה את המסוה על פניו עד באו לדבר אתו ס,23,וחזן בני ישראל ית אפי משה ארי סגי זיו יקרא דאפי משה ואתב משה ית בית אפי על אפוהי עד דעלל למללא עמיה:,23,"καὶ ἴδον οἱ υἱοὶ Ἰσραὴλ τὸ πρόσωπον Μωσῆ ὅτι δεδόξασται· καὶ περιέθηκεν Μωυσῆς κάλυμμα ἐπὶ τὸ πρόσωπον ἑαυτοῦ, ἕως ἂν εἰσέλθῃ συνλαλεῖν αὐτῷ.",23,ܘܚ̇ܙܝܢ ܗܘܘ ܒܢ̈ܝ ܐܝܣܪܝܠ ܐ̈ܦܘܗܝ ܕܡܘܫܐ. ܕܐܙܕܗܝ ܡܫܟܐ ܕܐ̈ܦܘܗܝ ܕܡܘܫܐ . ܘܫܩ̇ܠ ܗܘܐ ܡܘܫܐ ܫܘܫܦܐ ܡܢ ܐ̈ܦܘܗܝ. ܡܐ ܕܥܐ̇ܠ ܗܘܐ ܕܢܡܠܠ ܥܡܗ.,22,"Assim, pois, viam os filhos de Israel o rosto de Moisés, e que a pele do seu rosto resplandecia; e tornava Moisés a pôr o véu sobre o seu rosto, até entrar para falar com Deus.",36,True,True,True
35,1,Êxodo 35:1,וַיַּקְהֵ֣ל מֹשֶׁ֗ה אֶֽת־ כָּל־ עֲדַ֛ת בְּנֵ֥י יִשְׂרָאֵ֖ל וַיֹּ֣אמֶר אֲלֵהֶ֑ם אֵ֚לֶּה הַדְּבָרִ֔ים אֲשֶׁר־ צִוָּ֥ה יְהוָ֖ה לַעֲשֹׂ֥ת אֹתָֽם ׃,ויקהל משה את כל עדת בני ישראל ויאמר אלהמ אלה הדברימ אשר צוה יהוה לעשת אתמ,17,ואכנש משה ית כל כנשתא דבני ישראל ואמר להון אלין פתגמיא די פקד יי למעבד יתהון:,16,Καὶ συνήθροισεν Μωυσῆς πᾶσαν συναγωγὴν υἱῶν Ἰσραὴλ καὶ εἶπεν Οὗτοι οἱ λόγοι οὓς εἶπεν Κύριος ποιῆσαι αὐτούς.,17,ܘܟܢ̇ܫ ܡܘܫܐ ܠܟܠܗ̇ ܟܢܘܫܬܐ ܕܒܢ̈ܝ ܐܝܣܪܝܠ ܘܐܡ̣ܪ ܠܗܘܢ. ܗܠܝܢ ܦܬ̈ܓܡܐ ܕܦܩ̇ܕ ܡܪܝܐ ܠܡܥܒ̇ܕ.,13,"Então Moisés convocou toda a congregação dos filhos de Israel, e disse-lhes: Estas são as palavras que o Senhor ordenou que cumprísseis.",22,True,True,True
35,2,Êxodo 35:2,שֵׁ֣שֶׁת יָמִים֮ תֵּעָשֶׂ֣ה מְלָאכָה֒ וּבַיּ֣וֹם הַשְּׁבִיעִ֗י יִהְיֶ֨ה לָכֶ֥ם קֹ֛דֶשׁ שַׁבַּ֥ת שַׁבָּת֖וֹן לַיהוָ֑ה כָּל־ הָעֹשֶׂ֥ה ב֛וֹ מְלָאכָ֖ה יוּמָֽת ׃,ששת ימימ תעשה מלאכה וביומ השביעי יהיה לכמ קדש שבת שבתונ ליהוה כל העשה בו מלאכה יומת,18,שתא יומין תתעבד עבדתא וביומא שביעאה יהי לכון קודשא שבא שבתא קדם יי כל דיעבד ביה עבדתא יתקטל:,18,"ἓξ ἡμέρας ποιήσεις ἔργα, τῇ δὲ ἡμέρᾳ τῇ ἑβδόμῃ κατάπαυσις, ἅγιον, σάββατα ἀνάπαυσις Κυρίῳ· πᾶς ὁ ποιῶν ἔργον ἐν αὐτῇ τελευτάτω.",21,ܫܬܐ ܝܘܡ̈ܝܢ ܬܥܒ̇ܕ ܥܒ̇ܕܐ. ܘܝܘܡܐ ܫܒܝܥܝܐ ܢܗܘܐ ܩܕܝܫ. ܫܒܬܐ ܢܝܚܐ ܠܡܪܝܐ. ܟܠ ܡ̇ܢ ܕܢܥܒ̇ܕ ܒܗ̇ ܥܒ̇ܕܐ ܢܬܩܛܠ.,17,"Seis dias se trabalhará, mas o sétimo dia vos será santo, sábado de descanso solene ao Senhor; todo aquele que nele fizer qualquer trabalho será morto.",26,True,True,True
35,3,Êxodo 35:3,לֹא־ תְבַעֲר֣וּ אֵ֔שׁ בְּכֹ֖ל מֹשְׁבֹֽתֵיכֶ֑ם בְּי֖וֹם הַשַּׁבָּֽת ׃ פ,לא תבערו אש בכל משבתיכמ ביומ השבת פ,9,לא תבערון אשתא בכל מותבניכון ביומא דשבתא:,7,οὐ καύσετε πῦρ ἐν πάσῃ κατοικίᾳ ὑμῶν τῇ ἡμέρᾳ τῶν σαββάτων· ἐγὼ Κύριος.,13,ܠܐ ܬܘܚܕܘܢ ܢܘܪܐ ܒܟܠܗ ܒܝܬ ܡܥܡܪܟܘܢ ܒܝܘܡܐ ܕܫܒܬܐ.,8,Não acendereis fogo em nenhuma das vossas moradas no dia do sábado.,12,True,True,True
35,4,Êxodo 35:4,וַיֹּ֣אמֶר מֹשֶׁ֔ה אֶל־ כָּל־ עֲדַ֥ת בְּנֵֽי־ יִשְׂרָאֵ֖ל לֵאמֹ֑ר זֶ֣ה הַדָּבָ֔ר אֲשֶׁר־ צִוָּ֥ה יְהוָ֖ה לֵאמֹֽר ׃,ויאמר משה אל כל עדת בני ישראל לאמר זה הדבר אשר צוה יהוה לאמר,15,ואמר משה לכל כנשתא דבני ישראל למימר דין פתגמא די פקד יי למימר:,13,καὶ εἶπεν Μωσῆς πρὸς πᾶσαν συναγωγὴν υἱῶν Ἰσραὴλ λέγων Τοῦτο τὸ ῥῆμα ὃ συνέταξεν Κύριος λέγων,16,ܘܐܡ̣ܪ ܡܘܫܐ ܠܟܠܗ̇ ܟܢܘܫܬܐ ܕܒܢ̈ܝ ܐܝܣܪܝܠ. ܗܢܘ ܦܬܓܡܐ ܕܦܩ̇ܕ ܡܪܝܐ ܠܡܥܒ̣ܕ .,12,Disse mais Moisés a toda a congregação dos filhos de Israel: Esta é a palavra que o Senhor ordenou dizendo:,20,True,True,True
35,5,Êxodo 35:5,קְח֨וּ מֵֽאִתְּכֶ֤ם תְּרוּמָה֙ לַֽיהוָ֔ה כֹּ֚ל נְדִ֣יב לִבּ֔וֹ יְבִיאֶ֕הָ אֵ֖ת תְּרוּמַ֣ת יְהוָ֑ה זָהָ֥ב וָכֶ֖סֶף וּנְחֹֽשֶׁת ׃,קחו מאתכמ תרומה ליהוה כל נדיב לבו יביאה את תרומת יהוה זהב וכספ ונחשת,15,סבו מנכון אפרשותא קדם יי כל דיתרעי לביה ייתי ית אפרשותא קדם יי דהבא וכספא ונחשא:,16,"Λάβετε παρ᾽ ὑμῶν αὐτῶν ἀφαίρεμα Κυρίῳ· πᾶς ὁ καταδεχόμενος τῇ καρδίᾳ οἴσουσιν τὰς ἀπαρχὰς Κυρίῳ, χρυσίον ἀργύριον χαλκόν,",18,ܣܒܘ ܡܢܟܘܢ ܦܘܪܫܢܐ ܠܡܪܝܐ. ܟܠ ܓܒܪܐ ܕܐܬܚ̇ܫܒ ܒܠܒܗ ܢܝܬܐ ܦܘܪܫܢܐ ܠܡܪܝܐ. ܕܗܒܐ ܘܣܐܡܐ ܘܢܚܫܐ.,14,"Tomai de entre vós uma oferta para o Senhor; cada um cujo coração é voluntariamente disposto a trará por oferta alçada ao Senhor: ouro, prata e bronze,",27,True,True,True
35,6,Êxodo 35:6,וּתְכֵ֧לֶת וְאַרְגָּמָ֛ן וְתוֹלַ֥עַת שָׁנִ֖י וְשֵׁ֥שׁ וְעִזִּֽים ׃,ותכלת וארגמנ ותולעת שני ושש ועזימ,7,ותכלא וארגונא וצבע זהורי ובוץ ומעזי:,6,"ὑάκινθον πορφύραν κόκκινον διπλοῦν διανενησμένον, βύσσον κεκλωσμένην, καὶ τρίχας αἰγίας,",10,ܘܬܟܠܬܐ ܘܐܪܓܘܢܐ. ܘܨܘܒܥܐ ܕܙܚܘܪܝܬܐ ܘܒܘܨܐ ܥܙܝܠܐ. ܘܣܥܪܐ ܕܥܙ̈ܐ .,9,"como também azul, púrpura, carmesim, linho fino, pelos de cabras,",10,True,True,True
35,7,Êxodo 35:7,וְעֹרֹ֨ת אֵילִ֧ם מְאָדָּמִ֛ים וְעֹרֹ֥ת תְּחָשִׁ֖ים וַעֲצֵ֥י שִׂטִּֽים ׃,וערת אילמ מאדמימ וערת תחשימ ועצי שטימ,8,ומשכי דדכרי מסמקי ומשכי דססגונא ואעי שטין:,7,"καὶ δέρματα κριῶν ἠρυθροδανωμένα καὶ δέρματα ὑακίνθινα, καὶ ξύλα ἄσηπτα,",10,ܘܡܫ̈ܟܐ ܕܕܟܪ̈ܐ ܕܐܣܦܝܢܝܩܐ. ܘܡܫ̈ܟܐ ܕܣܣܓܘܢܐ. ܘܩܝ̈ܣܐ ܕܐܫܟܪܥܐ.,7,"peles de carneiros tintas de vermelho, peles de golfinhos, madeira de acácia,",12,True,True,True
35,8,Êxodo 35:8,וְשֶׁ֖מֶן לַמָּא֑וֹר וּבְשָׂמִים֙ לְשֶׁ֣מֶן הַמִּשְׁחָ֔ה וְלִקְטֹ֖רֶת הַסַּמִּֽים ׃,ושמנ למאור ובשמימ לשמנ המשחה ולקטרת הסמימ,8,ומשחא לאנהרותא ובוסמיא למשח רבותא ולקטרת בוסמיא:,7,καὶ λίθους σαρδίου καὶ λίθους εἰς τὴν γλυφὴν εἰς τὴν ἐπωμίδα καὶ τὸν ποδήρη.,14,ܘܡܫܚܐ ܠܡܢܗܪܘ. ܘܒܣ̈ܡܐ ܠܡ̇ܫܚܐ ܕܡܫܝܚܘܬܐ ܘܠܥܛܪܐ ܕܒܣ̈ܡܐ.,7,"azeite para a luz, especiarias para o óleo da unção e para o incenso aromático,",15,True,True,True
35,9,Êxodo 35:9,וְאַ֨בְנֵי־ שֹׁ֔הַם וְאַבְנֵ֖י מִלֻּאִ֑ים לָאֵפ֖וֹד וְלַחֹֽשֶׁן ׃,ואבני שהמ ואבני מלאימ לאפוד ולחשנ,7,ואבני בורלא ואבני אשלמותא לשקעא באפודא ובחושנא:,7,καὶ πᾶς σοφὸς τῇ καρδίᾳ ἐν ὑμῖν ἐλθὼν ἐργαζέσθω πάντα ὅσα συνέταξεν Κύριος·,13,ܘܟܐ̈ܦܐ ܕܒܪܘܠܐ ܘܟܐ̈ܦܐ ܕܫܠܡܘܬܐ. ܠܦܕܬܐ ܘܠܦܪܝܣܐ.,6,pedras de berilo e pedras de engaste para o éfode e para o peitoral.,14,True,True,True
35,10,Êxodo 35:10,וְכָל־ חֲכַם־ לֵ֖ב בָּכֶ֑ם יָבֹ֣אוּ וְיַעֲשׂ֔וּ אֵ֛ת כָּל־ אֲשֶׁ֥ר צִוָּ֖ה יְהוָֽה ׃,וכל חכמ לב בכמ יבאו ויעשו את כל אשר צוה יהוה,12,וכל חכימי לבא בכון ייתון ויעבדון ית כל די פקד יי:,11,"τὴν σκηνὴν καὶ τὰ παραρύματα καὶ τὰ διατόνια καὶ τοὺς μοχλοὺς καὶ τοὺς στύλους,",14,ܘܟܠܗܘܢ ܚ̈ܟܝܡܝ ܠܒܐ ܕܐܝܬ ܒܟܘܢ. ܢܐܬܘܢ ܘܢܥܒ̇ܕܘܢ ܟܠ ܡܕܡ ܕܦܩ̇ܕ ܡܪܝܐ.,11,"E venham todos os homens hábeis entre vós, e façam tudo o que o Senhor tem ordenado:",17,True,True,True
35,11,Êxodo 35:11,אֶת־ הַ֨מִּשְׁכָּ֔ן אֶֽת־ אָהֳל֖וֹ וְאֶת־ מִכְסֵ֑הוּ אֶת־ קְרָסָיו֙ וְאֶת־ קְרָשָׁ֔יו אֶת־ בְּרִיחָ֕ו אֶת־ עַמֻּדָ֖יו וְאֶת־ אֲדָנָֽיו ׃,את המשכנ את אהלו ואת מכסהו את קרסיו ואת קרשיו את בריחו את עמדיו ואת אדניו,17,ית משכנא ית פרסיה וית חופאיה ית פורפוהי וית דפוהי ית עברוהי ית עמודוהי וית סמכוהי:,16,"καὶ τὴν κιβωτὸν τοῦ μαρτυρίου καὶ τοὺς ἀναφορεῖς αὐτῆς καὶ τὸ ἱλαστήριον αὐτῆς καὶ τὸ καταπέτασμα,",16,ܡܫܟܢܐ ܘܦܪܣܗ ܘܟܣܝܗ ܘܦܪ̈ܦܘܗܝ. ܘܕܦܘ̈ܗܝ ܘܡܘ̈ܟܠܘܗܝ ܘܥܡ̈ܘܕܘܗܝ ܘܣܡ̈ܟܘܗܝ.,8,"o tabernáculo, a sua tenda e a sua coberta, os seus colchetes e as suas tábuas, os seus travessões, as suas colunas e as suas bases;",26,True,True,True
35,12,Êxodo 35:12,אֶת־ הָאָרֹ֥ן וְאֶת־ בַּדָּ֖יו אֶת־ הַכַּפֹּ֑רֶת וְאֵ֖ת פָּרֹ֥כֶת הַמָּסָֽךְ ׃,את הארנ ואת בדיו את הכפרת ואת פרכת המסכ,10,ית ארונא וית אריחוהי ית כפרתא וית פרכתא דפרסא:,9,"καὶ τὰ ἱστία τῆς αὐλῆς καὶ τοὺς στύλους αὐτῆς,",9,ܘܩܒܘܬܐ ܘܩ̈ܘܦܝܗ̇ ܘܚܘܣܝܐ. ܘܐ̈ܦܝ ܬܪܥܐ ܕܦܪܣܐ .,7,"a arca e os seus varais, o propiciatório, e o véu e reposteiro;",13,True,True,True
35,13,Êxodo 35:13,אֶת־ הַשֻּׁלְחָ֥ן וְאֶת־ בַּדָּ֖יו וְאֶת־ כָּל־ כֵּלָ֑יו וְאֵ֖ת לֶ֥חֶם הַפָּנִֽים ׃,את השלחנ ואת בדיו ואת כל כליו ואת לחמ הפנימ,11,ית פתורא וית אריחוהי וית כל מנוהי וית לחם אפיא:,10,"καὶ τοὺς λίθους τῆς σμαράγδου,",5,ܘܦܬܘܪܐ ܘܩ̈ܘܦܘܗܝ ܘܟܠܗܘܢ ܡܐ̈ܢܘܗܝ. ܘܠܚܡܐ ܕܐ̈ܦܐ.,6,"a mesa e os seus varais, todos os seus utensílios, e os pães da proposição;",15,True,True,True
35,14,Êxodo 35:14,וְאֶת־ מְנֹרַ֧ת הַמָּא֛וֹר וְאֶת־ כֵּלֶ֖יהָ וְאֶת־ נֵרֹתֶ֑יהָ וְאֵ֖ת שֶׁ֥מֶן הַמָּאֽוֹר ׃,ואת מנרת המאור ואת כליה ואת נרתיה ואת שמנ המאור,11,וית מנרתא דאנהורי וית מנהא וית בוצינהא וית משחא דאנהרותא:,10,"καὶ τὸ θυμίαμα, καὶ τὸ ἔλαιον τοῦ χρίσματος,",8,ܘܡܢܪܬܐ ܕܡܢܗܪܝܢ ܒܗ̇. ܘܡܐ̈ܢܝܗ̇ ܘܫܪ̈ܓܝܗ̇. ܘܡܫܚܐ ܕܡܢܗܪܝܢ ܒܗ̇.,8,"o candelabro para a luz, os seus utensílios, as suas lâmpadas, e o azeite para a luz;",17,True,True,True
35,15,Êxodo 35:15,וְאֶת־ מִזְבַּ֤ח הַקְּטֹ֨רֶת֙ וְאֶת־ בַּדָּ֔יו וְאֵת֙ שֶׁ֣מֶן הַמִּשְׁחָ֔ה וְאֵ֖ת קְטֹ֣רֶת הַסַּמִּ֑ים וְאֶת־ מָסַ֥ךְ הַפֶּ֖תַח לְפֶ֥תַח הַמִּשְׁכָּֽן ׃,ואת מזבח הקטרת ואת בדיו ואת שמנ המשחה ואת קטרת הסמימ ואת מסכ הפתח לפתח המשכנ,17,וית מדבחא דקטרת בוסמיא וית אריחוהי וית משחא דרבותא וית קטרת בוסמיא וית פרסא דתרעא לתרע משכנא:,17,"καὶ τὴν τράπεζαν καὶ πάντα τὰ σκεύη αὐτῆς,",8,ܘܡܕܒܚܐ ܕܥܛܪܐ ܘܩ̈ܘܦܘܗܝ ܘܡܫܚܐ ܕܡܫܝܚܘܬܐ ܘܥܛܪܐ ܕܒܣ̈ܡܐ. ܘܦܪܣܐ ܕܬܪܥܐ ܕܡܫܟܢܐ.,10,"o altar do incenso e os seus varais, o óleo da unção e o incenso aromático, e o reposteiro da porta para a entrada do tabernáculo;",26,True,True,True
35,16,Êxodo 35:16,אֵ֣ת ׀ מִזְבַּ֣ח הָעֹלָ֗ה וְאֶת־ מִכְבַּ֤ר הַנְּחֹ֨שֶׁת֙ אֲשֶׁר־ ל֔וֹ אֶת־ בַּדָּ֖יו וְאֶת־ כָּל־ כֵּלָ֑יו אֶת־ הַכִּיֹּ֖ר וְאֶת־ כַּנּֽוֹ ׃,את מזבח העלה ואת מכבר הנחשת אשר לו את בדיו ואת כל כליו את הכיר ואת כנו,19,ית מדבחא דעלתא וית סרדא דנחשא דיליה ית אריחוהי וית כל מנוהי ית כיורא וית בסיסיה:,16,"καὶ τὴν λυχνίαν τοῦ φωτὸς καὶ πάντα τὰ σκεύη αὐτῆς,",10,ܘܡܕܒܚܐ ܕܝܩܕܐ ܘܒܣܣ ܕܝܠܗ ܕܢܚܫܐ. ܘܩ̈ܘܦܘܗܝ ܘܟܠܗܘܢ ܡܐ̈ܢܘܗܝ. ܘܠܩܢܐ ܘܟܢܗ̇.,10,"o altar do holocausto com o seu crivo de bronze, os seus varais, e todos os seus utensílios; a pia e a sua base;",24,True,True,True
35,17,Êxodo 35:17,אֵ֚ת קַלְעֵ֣י הֶחָצֵ֔ר אֶת־ עַמֻּדָ֖יו וְאֶת־ אֲדָנֶ֑יהָ וְאֵ֕ת מָסַ֖ךְ שַׁ֥עַר הֶחָצֵֽר ׃,את קלעי החצר את עמדיו ואת אדניה ואת מסכ שער החצר,12,ית סרדי דרתא ית עמודוהי וית סמכהא וית פרסא דתרע דרתא:,11,"καὶ τὸ θυσιαστήριον καὶ πάντα τὰ σκεύη αὐτοῦ,",8,ܘܣܕܪ̈ܐ ܕܕܪܬܐ ܘܥܡ̈ܘܕܝܗ̇ ܘܣܡ̈ܟܝܗ̇. ܘܦܪܣܐ ܕܬܪܥܐ ܕܕܪܬܐ.,7,"as cortinas do átrio, as suas colunas e as suas bases, o reposteiro para a porta do átrio;",18,True,True,True
35,18,Êxodo 35:18,אֶת־ יִתְדֹ֧ת הַמִּשְׁכָּ֛ן וְאֶת־ יִתְדֹ֥ת הֶחָצֵ֖ר וְאֶת־ מֵיתְרֵיהֶֽם ׃,את יתדת המשכנ ואת יתדת החצר ואת מיתריהמ,9,ית סכי משכנא וית סכי דדרתא וית אטוניהון:,8,"καὶ τὰς στολὰς τὰς ἁγίας Ἀαρὼν τοῦ ἱερέως, καὶ τὰς στολὰς ἐν αἷς λειτουργήσουσιν ἐν αὐταῖς,",16,ܘܣܟ̈ܐ ܕܡܫܟܢܐ ܘܣܟ̈ܐ ܕܕܪܬܐ ܘܚ̈ܒܠܝܗܝܢ.,5,"as estacas do tabernáculo, as estacas do átrio, e as suas cordas;",12,True,True,True
35,19,Êxodo 35:19,אֶת־ בִּגְדֵ֥י הַשְּׂרָ֖ד לְשָׁרֵ֣ת בַּקֹּ֑דֶשׁ אֶת־ בִּגְדֵ֤י הַקֹּ֨דֶשׁ֙ לְאַהֲרֹ֣ן הַכֹּהֵ֔ן וְאֶת־ בִּגְדֵ֥י בָנָ֖יו לְכַהֵֽן ׃,את בגדי השרד לשרת בקדש את בגדי הקדש לאהרנ הכהנ ואת בגדי בניו לכהנ,15,ית לבושי שמושא לשמשא בקודשא ית לבושי קודשא לאהרן כהנא וית לבושי בנוהי לשמשא:,14,"καὶ τοὺς χιτῶνας τοῖς υἱοῖς Ἀαρὼν τῆς ἱερατίας, καὶ τὸ ἔλαιον τοῦ χρίσματος, καὶ τὸ θυμίαμα τῆς συνθέσεως.",18,ܘܠܒ̈ܘܫܝ ܬܫܡܫܬܐ ܠܡܫܡܫܘ ܒܩܘܕܫܐ. ܘܠܒܘܫ̈ܝ ܩܘܕܫܐ ܠܐܗܪܘܢ ܟܗܢܐ. ܘܠܒ̈ܘܫܐ ܠܒܢ̈ܘܗܝ ܠܟܗܢܘܬܐ.,11,"as vestes finamente tecidas, para o uso no ministério no lugar santo, as vestes sagradas de Arão, o sacerdote, e as vestes de seus filhos, para administrarem o sacerdócio.",29,True,True,True
35,20,Êxodo 35:20,וַיֵּֽצְא֛וּ כָּל־ עֲדַ֥ת בְּנֵֽי־ יִשְׂרָאֵ֖ל מִלִּפְנֵ֥י מֹשֶֽׁה ׃,ויצאו כל עדת בני ישראל מלפני משה,8,ונפקו כל כנשתא דבני ישראל מן קדם משה:,8,Καὶ ἐξῆλθεν πᾶσα συναγωγὴ υἱῶν Ἰσραὴλ ἀπὸ Μωσῆ.,8,ܘܢܦܩܘ ܟܠܗ̇ ܟܢܘܫܬܐ ܕܒܢ̈ܝ ܐܝܣܪܝܠ ܡܢ ܩܕܡ ܡܘܫܐ.,8,Então toda a congregação dos filhos de Israel saiu da presença de Moisés.,13,True,True,True
35,21,Êxodo 35:21,וַיָּבֹ֕אוּ כָּל־ אִ֖ישׁ אֲשֶׁר־ נְשָׂא֣וֹ לִבּ֑וֹ וְכֹ֡ל אֲשֶׁר֩ נָדְבָ֨ה רוּח֜וֹ אֹת֗וֹ הֵ֠בִיאוּ אֶת־ תְּרוּמַ֨ת יְהוָ֜ה לִמְלֶ֨אכֶת אֹ֤הֶל מוֹעֵד֙ וּלְכָל־ עֲבֹ֣דָת֔וֹ וּלְבִגְדֵ֖י הַקֹּֽדֶשׁ ׃,ויבאו כל איש אשר נשאו לבו וכל אשר נדבה רוחו אתו הביאו את תרומת יהוה למלאכת אהל מועד ולכל עבדתו ולבגדי הקדש,23,ואתו כל גבר דאתרעי לביה וכל די אשלמת רוחיה יתיה איתיאו ית אפרשותא קדם יי לעבידת משכן זמנא ולכל פלחניה וללבושי קודשא:,22,"καὶ ἀνήνεγκαν ἕκαστος ὧν ἔφερεν αὐτῶν ἡ καρδία, καὶ ὅσοις ἔδοξεν τῇ ψυχῇ αὐτῶν, ἀφαίρεμα· καὶ ἤνεγκαν ἀφαίρεμα Κυρίῳ εἰς πάντα τὰ ἔργα τῆς σκηνῆς τοῦ μαρτυρίου καὶ εἰς πάντα τὰ κάτεργα αὐτῆς καὶ εἰς πάσας τὰς στολὰς τοῦ ἁγίου.",40,ܘܐܝܬܝܘ ܟܠ ܓܒܪ ܕܐܬܚܫܒ ܒܠܒܗ. ܘܟܠ ܓܒܪ ܕܐܬܚܫܒ ܒܪܘܚܗ. ܐܝܬܝܘ ܦܘܪܫܢܐ ܠܡܪܝܐ. ܠܥܒ̇ܕܐ ܕܡܫܟܢܙܒܢܐ. ܘܠܟܠܗ ܦܘܠܚܢܗ. ܘܠܠܒ̈ܘܫܝ ܩܘܕܫܐ.,18,"E veio todo homem cujo coração o moveu, e todo aquele cujo espírito o estimulava, e trouxeram a oferta alçada do Senhor para a obra da tenda da revelação, e para todo o serviço dela, e para as vestes sagradas.",40,True,True,True
35,22,Êxodo 35:22,וַיָּבֹ֥אוּ הָאֲנָשִׁ֖ים עַל־ הַנָּשִׁ֑ים כֹּ֣ל ׀ נְדִ֣יב לֵ֗ב הֵ֠בִיאוּ חָ֣ח וָנֶ֜זֶם וְטַבַּ֤עַת וְכוּמָז֙ כָּל־ כְּלִ֣י זָהָ֔ב וְכָל־ אִ֕ישׁ אֲשֶׁ֥ר הֵנִ֛יף תְּנוּפַ֥ת זָהָ֖ב לַיהוָֽה ׃,ויבאו האנשימ על הנשימ כל נדיב לב הביאו חח ונזמ וטבעת וכומז כל כלי זהב וכל איש אשר הניפ תנופת זהב ליהוה,24,ומיתן גבריא על נשיא כל דאתרעי לביה איתיאו שירין ושבכין ועזקן ומחוך כל מן דדהב וכל גבר די ארים ארמות דהבא קדם יי:,23,"καὶ ἤνεγκαν οἱ ἄνδρες παρὰ τῶν γυναικῶν, πᾶς ᾧ ἔδοξεν τῇ διανοίᾳ ἤνεγκαν σφραγῖδας καὶ ἐνώτια καὶ δακτυλίους καὶ ἐμπλόκια καὶ περιδέξια, πᾶν σκεῦος χρυσοῦν· καὶ πάντες ὅσοι ἤνεγκαν ἀφαιρέματα χρυσίου Κυρίῳ.",32,ܘܡܝܬܝܢ ܗܘܘ ܓܒܪ̈ܐ ܥܡ ܢܫ̈ܐ. ܟܘܠ ܕܐܬܚܫܒ ܒܠܒܗ. ܐܝܬܝܘ ܫܐܪ̈ܐ ܘܩܕܫ̈ܐ. ܘܥܙܩ̈ܬܐ ܘܗܡ̈ܢܝܟܐ. ܘܟܠ ܡܐ̈ܢܐ ܕܕܗܒܐ. ܘܟܠ ܓܒܪܐ ܕܐܦܪܫ ܦܘܪܫܢܐ ܕܕܗܒܐ ܠܡܪܝܐ.,22,"Vieram, tanto homens como mulheres, todos quantos eram bem dispostos de coração, trazendo broches, pendentes, anéis e braceletes, sendo todos estes jóias de ouro; assim veio todo aquele que queria fazer oferta de ouro ao Senhor.",36,True,True,True
35,23,Êxodo 35:23,וְכָל־ אִ֞ישׁ אֲשֶׁר־ נִמְצָ֣א אִתּ֗וֹ תְּכֵ֧לֶת וְאַרְגָּמָ֛ן וְתוֹלַ֥עַת שָׁנִ֖י וְשֵׁ֣שׁ וְעִזִּ֑ים וְעֹרֹ֨ת אֵילִ֧ם מְאָדָּמִ֛ים וְעֹרֹ֥ת תְּחָשִׁ֖ים הֵבִֽיאוּ ׃,וכל איש אשר נמצא אתו תכלת וארגמנ ותולעת שני ושש ועזימ וערת אילמ מאדמימ וערת תחשימ הביאו,18,וכל גבר דאשתכח עמיה תכלא וארגונא וצבע זהורי ובוץ ומעזי ומשכי דדכרי מסמקי ומשכי ססגונא איתיאו:,16,"καὶ παρ᾽ ᾧ εὑρέθη βύσσος καὶ δέρματα ὑακίνθινα καὶ δέρματα κριῶν ἠρυθροδανωμένα, ἤνεγκαν.",13,ܘܟܠ ܓܒܪܐ ܕܐܫܬܟܚ ܠܗ ܬܟܠܬܐ ܘܐܪܓܘܢܐ ܘܨܘܒܥܐ ܕܙܚܘܪܝܬܐ ܘܒܘܨܐ . ܘܣܥܪܐ ܕܥܙ̈ܐ. ܘܡܫ̈ܟܐ ܕܕܟܪ̈ܐ ܕܐܣܦܝܢܝܩܐ. ܘܡܫ̈ܟܐ ܕܣܣܓܘܢܐ ܐܝܬܝܘ.,18,"E todo homem que possuía azul, púrpura, carmesim, linho fino, pelos de cabras, peles de carneiros tintas de vermelho, ou peles de golfinhos, os trazia.",25,True,True,True
35,24,Êxodo 35:24,כָּל־ מֵרִ֗ים תְּר֤וּמַת כֶּ֨סֶף֙ וּנְחֹ֔שֶׁת הֵבִ֕יאוּ אֵ֖ת תְּרוּמַ֣ת יְהוָ֑ה וְכֹ֡ל אֲשֶׁר֩ נִמְצָ֨א אִתּ֜וֹ עֲצֵ֥י שִׁטִּ֛ים לְכָל־ מְלֶ֥אכֶת הָעֲבֹדָ֖ה הֵבִֽיאוּ ׃,כל מרימ תרומת כספ ונחשת הביאו את תרומת יהוה וכל אשר נמצא אתו עצי שטימ לכל מלאכת העבדה הביאו,20,כל דארים ארמות כסף ונחש איתיאו ית אפרשותא קדם יי וכל די אשתכח עמיה אעי שטין לכל עבידת פלחנא איתיאו:,20,"καὶ πᾶς ὁ ἀφαιρῶν τὸ ἀφαίρεμα ἤνεγκαν ἀργύριον καὶ χαλκόν, τὰ ἀφαιρέματα Κυρίῳ· καὶ παρ᾽ οἷς εὑρέθη ξύλα ἄσηπτα, καὶ εἰς πάντα τὰ ἔργα τῆς κατασκευῆς ἤνεγκαν.",27,ܟܠ ܕܐܦܪܫ ܦܘܪܫܢܐ ܕܣܐܡܐ ܘܕܢܚܫܐ. ܐܝܬܝܘ ܦܘܪܫܢܐ ܠܡܪܝܐ. ܘܟܠ ܕܐܫܬܟܚ ܠܗ ܩܝܣܐ ܕܐܫܟܪܥܐ ܠܟܠ ܥܒ̇ܕܐ ܕܦܘܠܚܢܐ ܐܝܬܝܘ.,17,"Todo aquele que tinha prata ou metal para oferecer, o trazia por oferta alçada ao Senhor; e todo aquele que possuía madeira de acácia, a trazia para qualquer obra do serviço.",31,True,True,True
35,25,Êxodo 35:25,וְכָל־ אִשָּׁ֥ה חַכְמַת־ לֵ֖ב בְּיָדֶ֣יהָ טָו֑וּ וַיָּבִ֣יאוּ מַטְוֶ֗ה אֶֽת־ הַתְּכֵ֨לֶת֙ וְאֶת־ הָֽאַרְגָּמָ֔ן אֶת־ תּוֹלַ֥עַת הַשָּׁנִ֖י וְאֶת־ הַשֵּֽׁשׁ ׃,וכל אשה חכמת לב בידיה טוו ויביאו מטוה את התכלת ואת הארגמנ את תולעת השני ואת השש,18,וכל אתתא חכימת לבא בידהא מעזלא ומיתן כד עזל ית תכלא וית ארגונא ית צבע זהורי וית בוצא:,18,"καὶ πᾶσα γυνὴ σοφὴ τῇ διανοίᾳ ταῖς χερσὶν νήθειν ἤνεγκαν νενησμένα, τὴν ὑάκινθον καὶ τὴν πορφύραν καὶ τὸ κόκκινον καὶ τὴν βύσσον·",22,ܘܟܘܠ ܐܢܬܬܐ ܚܟܝܡܬ ܠܒܐ ܒܐ̈ܝܕܝܗ̇ ܥܙܠ̣ܬ. ܘܡܝܬܝܢ ܟܕ ܥܙܝܠ. ܬܟܠܬܐ ܘܐܪܓܘܢܐ ܘܨܘܒܥܐ ܕܙܚܘܪܝܬܐ ܘܒܘܨܐ .,15,"E todas as mulheres hábeis fiavam com as mãos, e traziam o que tinham fiado, o azul e a púrpura, o carmesim e o linho fino.",26,True,True,True
35,26,Êxodo 35:26,וְכָל־ הַ֨נָּשִׁ֔ים אֲשֶׁ֨ר נָשָׂ֥א לִבָּ֛ן אֹתָ֖נָה בְּחָכְמָ֑ה טָו֖וּ אֶת־ הָעִזִּֽים ׃,וכל הנשימ אשר נשא לבנ אתנה בחכמה טוו את העזימ,11,וכל נשיא דאתרעי לבהן עמהן בחכמא עזלן ית מעזיא:,9,καὶ πᾶσαι αἱ γυναῖκες αἷς ἔδοξεν τῇ διανοίᾳ αὐτῶν ἐν σοφίᾳ ἔνησαν τὰς τρίχας τὰς αἰγίας.,16,ܘܟܠ ܢܫ̈ܐ ܕܐܬ̇ܚܫܒ ܒܠܒܗܝܢ ܒܚܟܡܬܐ ܥ̣ܙܠ ܣܥܪܐ.,7,E todas as mulheres hábeis que quisessem fiavam os pelos das cabras.,12,True,True,True
35,27,Êxodo 35:27,וְהַנְּשִׂאִ֣ם הֵבִ֔יאוּ אֵ֚ת אַבְנֵ֣י הַשֹּׁ֔הַם וְאֵ֖ת אַבְנֵ֣י הַמִּלֻּאִ֑ים לָאֵפ֖וֹד וְלַחֹֽשֶׁן ׃,והנשאמ הביאו את אבני השהמ ואת אבני המלאימ לאפוד ולחשנ,11,ורברביא איתיאו ית אבני בורלא וית אבני אשלמותא לשקעא באפודא ובחושנא:,11,"καὶ οἱ ἄρχοντες ἤνεγκαν τοὺς λίθους τῆς σμαράγδου καὶ τοὺς λίθους τῆς πληρώσεως εἰς τὴν ἐπωμίδα καὶ τὸ λόγιον,",19,ܘܪ̈ܘܪܒܢܐ ܐܝܬܝܘ ܟܐ̈ܦܐ ܕܒܪܘܠܐ. ܘܟܐ̈ܦܐ ܕܫܠܡܘܬܐ ܠܦܕܬܐ ܘܠܚܘܣܝܐ .,9,"Os príncipes traziam pedras de berilo e pedras de engaste para o éfode e para o peitoral,",17,True,True,True
35,28,Êxodo 35:28,וְאֶת־ הַבֹּ֖שֶׂם וְאֶת־ הַשָּׁ֑מֶן לְמָא֕וֹר וּלְשֶׁ֨מֶן֙ הַמִּשְׁחָ֔ה וְלִקְטֹ֖רֶת הַסַּמִּֽים ׃,ואת הבשמ ואת השמנ למאור ולשמנ המשחה ולקטרת הסמימ,10,וית בוסמא וית משחא לאנהרותא ולמשחא דרבותא ולקטרת בוסמיא:,9,καὶ τὰς συνθέσεις καὶ τὸ ἔλαιον τῆς χρίσεως καὶ τὴν σύνθεσιν τοῦ θυμιάματος.,13,ܘܒܣ̈ܡܐ ܘܡܫܚܐ ܠܡܢܗܪܘ ܘܠܡܫܚܐ ܕܡܫܝܚܘܬܐ ܘܠܥܛܪܐ ܕܒܣ̈ܡܐ.,7,"e as especiarias e o azeite para a luz, para o óleo da unção e para o incenso aromático.",19,True,True,True
35,29,Êxodo 35:29,כָּל־ אִ֣ישׁ וְאִשָּׁ֗ה אֲשֶׁ֨ר נָדַ֣ב לִבָּם֮ אֹתָם֒ לְהָבִיא֙ לְכָל־ הַמְּלָאכָ֔ה אֲשֶׁ֨ר צִוָּ֧ה יְהוָ֛ה לַעֲשׂ֖וֹת בְּיַד־ מֹשֶׁ֑ה הֵבִ֧יאוּ בְנֵי־ יִשְׂרָאֵ֛ל נְדָבָ֖ה לַיהוָֽה ׃ פ,כל איש ואשה אשר נדב לבמ אתמ להביא לכל המלאכה אשר צוה יהוה לעשות ביד משה הביאו בני ישראל נדבה ליהוה פ,23,כל גבר ואתתא דאתרעי לבהון עמהון לאיתאה לכל עבדתא די פקד יי למעבד בידא דמשה איתיאו בני ישראל נדבתא קדם יי:,21,"καὶ πᾶς ἀνὴρ καὶ γυνὴ ὧν ἔφερεν ἡ διάνοια αὐτῶν εἰσελθόντα ποιεῖν πάντα τὰ ἔργα ὅσα συνέταξεν Κύριος ποιῆσαι αὐτὰ διὰ Μωυσῆ, ἤνεγκαν οἱ υἱοὶ Ἰσραὴλ ἀφαίρεμα Κυρίῳ.",28,ܟܠ ܓܒܪܐ ܘܐܢܬܬܐ ܕܐܬܚܫܒܘ ܒܠܒܗܘܢ . ܠܡܝܬܝܘ ܠܟܠ ܥܒ̇ܕ ܕܦܩ̇ܕ ܡܪܝܐ ܠܡܥ̣ܒܕ ܒܐܝܕܐ ܕܡܘܫܐ. ܐܝܬܝܘ ܒܢ̈ܝ ܐܝܣܪܝܠ ܦܘܪܫܢܐ ܠܡܪܝܐ.,19,Trouxe uma oferta todo homem e mulher cujo coração voluntariamente se moveu a trazer alguma coisa para toda a obra que o senhor ordenara se fizesse por intermédio de Moisés; assim trouxeram os filhos de Israel uma oferta voluntária ao Senhor.,41,True,True,True
35,30,Êxodo 35:30,וַיֹּ֤אמֶר מֹשֶׁה֙ אֶל־ בְּנֵ֣י יִשְׂרָאֵ֔ל רְא֛וּ קָרָ֥א יְהוָ֖ה בְּשֵׁ֑ם בְּצַלְאֵ֛ל בֶּן־ אוּרִ֥י בֶן־ ח֖וּר לְמַטֵּ֥ה יְהוּדָֽה ׃,ויאמר משה אל בני ישראל ראו קרא יהוה בשמ בצלאל בנ אורי בנ חור למטה יהודה,17,ואמר משה לבני ישראל חזו דרבי יי בשום בצלאל בר אורי בר חור לשבטא דיהודה:,15,"Καὶ εἶπεν Μωυσῆς τοῖς υἱοῖς Ἰσραήλ Ἰδοὺ ἀνακέκληκεν ὁ θεὸς ἐξ ὀνόματος τὸν Βεσελεὴλ τὸν τοῦ Οὐρείου τὸν Ὣρ ἐκ φυλῆς Ἰούδα,",22,ܘܐܡܪ ܡܘܫܐ ܠܒܢ̈ܝ ܐܝܣܪܝܠ. ܚܙܘ ܕܩ̣ܪܐ ܡܪܝܐ ܒܫܡ ܠܒܨܠܝܐܝܠ ܒܪ ܐܘܪܝ ܒܪ ܚܘܪ. ܡܢ ܫܒܛܐ ܕܝܗܘܕܐ.,16,"Depois disse Moisés aos filhos de Israel: Eis que o Senhor chamou por nome a Bezalel, filho de Uri, filho de Hur, da tribo de Judá,",26,True,True,True
35,31,Êxodo 35:31,וַיְמַלֵּ֥א אֹת֖וֹ ר֣וּחַ אֱלֹהִ֑ים בְּחָכְמָ֛ה בִּתְבוּנָ֥ה וּבְדַ֖עַת וּבְכָל־ מְלָאכָֽה ׃,וימלא אתו רוח אלהימ בחכמה בתבונה ובדעת ובכל מלאכה,10,ואשלם עמיה רוח נבואה מן קדם יי בחכמתא בסוכלתנו ובמדע ובכל עבידא:,12,"καὶ ἐνέπλησεν αὐτὸν πνεῦμα σοφίας καὶ συνέσεως καὶ ἐπιστήμης πάντων,",10,ܘܡܠܝܗܝ ܪܘܚܐ ܕܐܠܗܐ. ܒܚܟܡܬܐ ܘܒܣܘܟܠܐ ܘܒܐܝܕܥܬܐ. ܘܒܟܠ ܥܒ̇ܕ.,8,"e o encheu do espírito de Deus, no tocante à sabedoria, ao entendimento, à ciência e a todo ofício,",19,True,True,True
35,32,Êxodo 35:32,וְלַחְשֹׁ֖ב מַֽחַשָׁבֹ֑ת לַעֲשֹׂ֛ת בַּזָּהָ֥ב וּבַכֶּ֖סֶף וּבַנְּחֹֽשֶׁת ׃,ולחשב מחשבת לעשת בזהב ובכספ ובנחשת,7,ולאלפא אומנון למעבד בדהבא ובכספא ובנחשא:,6,"ἀρχιτεκτονεῖν κατὰ πάντα τὰ ἔργα τῆς ἀρχιτεκτονίας, ποιεῖν τὸ χρυσίον καὶ τὸ ἀργύριον καὶ τὸν χαλκόν,",16,ܠܡܬܚܫܒܘ ܡܚܫܒܬܐ . ܠܡܥ̇ܒܕ ܒܕܗܒܐ ܘܒܣܐܡܐ ܘܒܢܚܫܐ.,7,"para inventar obras artísticas, para trabalhar em ouro, em prata e em bronze,",13,True,True,True
35,33,Êxodo 35:33,וּבַחֲרֹ֥שֶׁת אֶ֛בֶן לְמַלֹּ֖את וּבַחֲרֹ֣שֶׁת עֵ֑ץ לַעֲשׂ֖וֹת בְּכָל־ מְלֶ֥אכֶת מַחֲשָֽׁבֶת ׃,ובחרשת אבנ למלאת ובחרשת עצ לעשות בכל מלאכת מחשבת,10,ובאומנות אבן טבא לאשלמא ובנגרות אעא למעבד בכל עבידת אומנון:,10,"καὶ λιθουργῆσαι τὸν λίθον, καὶ κατεργάζεσθαι τὰ ξύλα, καὶ ποιεῖν ἐν παντὶ ἔργῳ σοφίας·",14,ܘܒܐܪܕܟܠܘܬ ܟܐ̈ܦܐ ܠܡܫ̇ܠܡܘ. ܘܒܢܓܪܘܬ ܩܝ̈ܣܐ. ܠܡܥܒ̣ܕ ܟܠ ܥܒ̇ܕ ܐܘܡܢܘ.,9,"em lavramento de pedras para engastar, em entalhadura de madeira, enfim, para trabalhar em toda obra fina.",17,True,True,True
35,34,Êxodo 35:34,וּלְהוֹרֹ֖ת נָתַ֣ן בְּלִבּ֑וֹ ה֕וּא וְאָֽהֳלִיאָ֥ב בֶּן־ אֲחִיסָמָ֖ךְ לְמַטֵּה־ דָֽן ׃,ולהורת נתנ בלבו הוא ואהליאב בנ אחיסמכ למטה דנ,10,ולאלפא יהב בלביה הוא ואהליאב בר אחיסמך לשבטא דדן:,9,καὶ προβιβάσαι γε ἔδωκεν αὐτῷ ἐν τῇ διανοίᾳ αὐτῷ τε καὶ Ἐλιὰβ τῷ τοῦ Ἀχισαμὰκ ἐκ φυλῆς Δάν·,18,ܘܠܡܠܦܘ ܝܗ̣ܒ ܒܠܒܗ. ܗ̣ܘ ܘܐܠܝܗܒ ܒܪ ܐܚܝܣܡܟ ܡܢ ܫܒܛܐ ܕܕܢ.,10,"Também lhe dispôs o coração para ensinar a outros; a ele e a Aoliabe, filho de Aisamaque, da tribo de Dã,",21,True,True,True
35,35,Êxodo 35:35,מִלֵּ֨א אֹתָ֜ם חָכְמַת־ לֵ֗ב לַעֲשׂוֹת֮ כָּל־ מְלֶ֣אכֶת חָרָ֣שׁ ׀ וְחֹשֵׁב֒ וְרֹקֵ֞ם בַּתְּכֵ֣לֶת וּבָֽאַרְגָּמָ֗ן בְּתוֹלַ֧עַת הַשָּׁנִ֛י וּבַשֵּׁ֖שׁ וְאֹרֵ֑ג עֹשֵׂי֙ כָּל־ מְלָאכָ֔ה וְחֹשְׁבֵ֖י מַחֲשָׁבֹֽת ׃,מלא אתמ חכמת לב לעשות כל מלאכת חרש וחשב ורקמ בתכלת ובארגמנ בתולעת השני ובשש וארג עשי כל מלאכה וחשבי מחשבת,23,אשלם עמהון חכימות לבא למעבד כל עבידת נגר ואמן וציר בתכלא ובארגונא בצבע זהורי ובבוצא ומחי עבדי כל עבידא ומלפי אומנון:,21,"ἐνέπλησεν αὐτοὺς σοφίας καὶ συνέσεως διανοίας, πάντα συνιέναι ποιῆσαι τὰ ἔργα τοῦ ἁγίου, καὶ τὰ ὑφαντὰ καὶ ποικιλτὰ ὑφᾶναι τῷ κοκκίνῳ καὶ τῇ βύσσῳ, ποιεῖν πᾶν ἔργον ἀρχιτεκτονίας ποικιλίας.",29,ܡܠ̣ܐ ܐܢܘܢ ܚܟܡܬ ܠܒܐ. ܠܡܥ̣ܒܕ ܟܠ ܥܒ̇ܕ ܢܓܪ ܘܐܘܡܢ ܘܨ̇ܝܪ. ܒܬܟܠܬܐ ܘܒܐܪܓܘܢܐ ܘܒܒܘܨܐ. ܘܒܨܘܒܥܐ ܕܙܚܘܪܝܬܐ ܘܒܙܩܘܪܐ ܥܒ̈ܕܝ ܟܠ ܥܒ̇ܕ. ܘܡܬܚܫ̈ܒܝ ܡܚܫ̈ܒܬܐ .,22,"a estes encheu de sabedoria do coração para exercerem todo ofício, seja de gravador, de desenhista, de bordador em azul, púrpura, carmesim e linho fino, de tecelão, enfim, dos que exercem qualquer ofício e dos que inventam obras artísticas.",39,True,True,True
36,1,Êxodo 36:1,וְעָשָׂה֩ בְצַלְאֵ֨ל וְאָהֳלִיאָ֜ב וְכֹ֣ל ׀ אִ֣ישׁ חֲכַם־ לֵ֗ב אֲשֶׁר֩ נָתַ֨ן יְהוָ֜ה חָכְמָ֤ה וּתְבוּנָה֙ בָּהֵ֔מָּה לָדַ֣עַת לַעֲשֹׂ֔ת אֶֽת־ כָּל־ מְלֶ֖אכֶת עֲבֹדַ֣ת הַקֹּ֑דֶשׁ לְכֹ֥ל אֲשֶׁר־ צִוָּ֖ה יְהוָֽה ׃,ועשה בצלאל ואהליאב וכל איש חכמ לב אשר נתנ יהוה חכמה ותבונה בהמה לדעת לעשת את כל מלאכת עבדת הקדש לכל אשר צוה יהוה,26,ועבד בצלאל ואהליאב וכל גבר חכים לבא דיהב יי חכמא וסוכלתנותא בהון למדע למעבד ית כל עבידת פלחן קודשא לכל די פקד יי:,23,"Καὶ ἐποίησεν Βεσελεὴλ καὶ Ἐλιὰβ καὶ πᾶς σοφὸς τῇ διανοὶᾳ, ᾧ ἐδόθη σοφία καὶ ἐπιστήμη ἐν αὐτοῖς συνιέναι ποιεῖν πάντα τὰ ἔργα κατὰ τὰ ἅγια καθήκοντα, κατὰ πάντα ὅσα συνέταξεν Κύριος.",31,ܘܥܒ̣ܕܘ ܒܨܠܝܐܝܠ ܘܐܠܝܗܒ. ܘܟܠ ܓܒܪ ܚܟܝܡ ܠܒܐ ܕܝܗ̣ܒ ܡܪܝܐ ܚܟܡܬܐ ܘܣܘܟܠܐ ܒܗܘܢ. ܠܡܕܥ ܘܠܡܥܒܕ ܟܠܗ ܥܒ̇ܕܐ ܕܦܘܠܚܢܐ ܕܩܘܕܫܐ. ܐܝܟ ܡܐ ܕܦܩ̇ܕ ܡܪܝܐ.,22,"Assim trabalharam Bezalel e Aoliabe, e todo homem hábil, a quem o Senhor deu sabedoria e entendimento, para saberem exercer todo ofício para o serviço do santuário, conforme tudo o que o Senhor tem ordenado.",35,True,True,True
36,2,Êxodo 36:2,וַיִּקְרָ֣א מֹשֶׁ֗ה אֶל־ בְּצַלְאֵ֘ל וְאֶל־ אָֽהֳלִיאָב֒ וְאֶל֙ כָּל־ אִ֣ישׁ חֲכַם־ לֵ֔ב אֲשֶׁ֨ר נָתַ֧ן יְהוָ֛ה חָכְמָ֖ה בְּלִבּ֑וֹ כֹּ֚ל אֲשֶׁ֣ר נְשָׂא֣וֹ לִבּ֔וֹ לְקָרְבָ֥ה אֶל־ הַמְּלָאכָ֖ה לַעֲשֹׂ֥ת אֹתָֽהּ ׃,ויקרא משה אל בצלאל ואל אהליאב ואל כל איש חכמ לב אשר נתנ יהוה חכמה בלבו כל אשר נשאו לבו לקרבה אל המלאכה לעשת אתה,26,וקרא משה לבצלאל ולאהליאב ולכל גבר חכים לבא דיהב יי חכמתא בלביה כל דאתרעי לביה למקרב לעבדתא למעבד יתיה:,19,"Καὶ ἐκάλεσεν Μωσῆς Βεσελεὴλ καὶ Ἐλιὰβ καὶ πάντας τοὺς ἔχοντας τὴν σοφίαν, ᾧ ἔδωκεν ὁ θεὸς ἐπιστήμην ἐν τῇ καρδίᾳ, καὶ πάντας τοὺς ἑκουσίως βουλομένους προσπορεύεσθαι πρὸς τὰ ἔργα ὥστε συντελεῖν αὐτά·",32,ܘܩ̣ܪܐ ܡܘܫܐ ܠܒܨܠܝܐܝܠ ܘܠܐܠܝܗܒ. ܘܠܟܠ ܓܒܪ ܚܟܝܡ ܠܒܐ ܕܝܗ̣ܒ ܡܪܝܐ ܚܟܡܬܐ ܒܠܒܗ. ܟܠ ܕܐܬܚܫܒ ܒܠܒܗ ܠܡܩܪܒ ܠܥܒ̇ܕܐ ܠܡܥܒܕܗ.,18,"Então Moisés chamou a Bezalel e a Aoliabe, e a todo homem hábil, em cujo coração Deus tinha posto sabedoria, isto é, a todo aquele cujo coração o moveu a se chegar à obra para fazê-la;",36,True,True,True
36,3,Êxodo 36:3,וַיִּקְח֞וּ מִלִּפְנֵ֣י מֹשֶׁ֗ה אֵ֤ת כָּל־ הַתְּרוּמָה֙ אֲשֶׁ֨ר הֵבִ֜יאוּ בְּנֵ֣י יִשְׂרָאֵ֗ל לִמְלֶ֛אכֶת עֲבֹדַ֥ת הַקֹּ֖דֶשׁ לַעֲשֹׂ֣ת אֹתָ֑הּ וְ֠הֵם הֵבִ֨יאוּ אֵלָ֥יו ע֛וֹד נְדָבָ֖ה בַּבֹּ֥קֶר בַּבֹּֽקֶר ׃,ויקחו מלפני משה את כל התרומה אשר הביאו בני ישראל למלאכת עבדת הקדש לעשת אתה והמ הביאו אליו עוד נדבה בבקר בבקר,23,ונסיבו מן קדם משה ית כל אפרשותא די איתיאו בני ישראל לעבידת פלחן קודשא למעבד יתה ואנון מיתן ליה עוד נדבתא בצפר בצפר:,23,καὶ ἔλαβον παρὰ Μωσῆ πάντα τὰ ἀφαιρέματα ἃ ἤνεγκαν οἱ υἱοὶ Ἰσραὴλ εἰς πάντα τὰ ἔργα τοῦ ἁγίου ποιεῖν αὐτά· καὶ αὐτοὶ προσεδέχοντο ⸆ ἔτι τὰ προσφερόμενα παρὰ τῶν φερόντων τὸ πρωί.,32,ܘܢܣܒܘ ܡܢ ܩܕܡ ܡܘܫܐ. ܟܠܗ ܦܘܪܫܢܐ ܕܐܝܬܝܘ ܒ̈ܢܝ ܐܝܣܪܝܠ ܠܥܒ̇ܕܐ ܕܡܫܟܢܙܒܢܐ ܠܡܥܒܕܗ. ܘܗ̣ܢܘܢ ܡܝܬܝܢ ܗܘܘ ܠܗ ܬܘܒ ܦܘܪܫܢܐ ܡܢ ܨܦܪ ܠܨܦܪ.,21,"e receberam de Moisés toda a oferta alçada, que os filhos de Israel tinham do para a obra do serviço do santuário, para fazê-la; e ainda eles lhe traziam cada manhã ofertas voluntárias.",33,True,True,True
36,4,Êxodo 36:4,וַיָּבֹ֨אוּ֙ כָּל־ הַ֣חֲכָמִ֔ים הָעֹשִׂ֕ים אֵ֖ת כָּל־ מְלֶ֣אכֶת הַקֹּ֑דֶשׁ אִֽישׁ־ אִ֥ישׁ מִמְּלַאכְתּ֖וֹ אֲשֶׁר־ הֵ֥מָּה עֹשִֽׂים ׃,ויבאו כל החכמימ העשימ את כל מלאכת הקדש איש איש ממלאכתו אשר המה עשימ,15,ואתו כל חכימיא דעבדין ית כל עבידת קודשא גבר גבר מעבדתיה דאנון עבדין:,13,"καὶ παρεγίνοντο πάντες οἱ σοφοὶ οἱ ποιοῦντες τὰ ἔργα τοῦ ἁγίου, ἕκαστος κατὰ τὸ αὐτοῦ ἔργον ὃ ἠργάζοντο αὐτοί.",19,ܘܐܝܬܝܘ ܟܠܗܘܢ ܚ̈ܟܝܡܐ ܕܥ̇ܒܕܝܢ ܥܒ̇ܕܐ ܕܩܘܕܫܐ. ܐܢܫ ܐܢܫ ܡܢ ܥܒ̇ܕܐ ܕܗ̣ܢܘܢ ܥܒ̇ܕܝܢ.,12,"Então todos os sábios que faziam toda a obra do santuário vieram, cada um da obra que fazia,",18,True,True,True
36,5,Êxodo 36:5,וַיֹּאמְרוּ֙ אֶל־ מֹשֶׁ֣ה לֵּאמֹ֔ר מַרְבִּ֥ים הָעָ֖ם לְהָבִ֑יא מִדֵּ֤י הָֽעֲבֹדָה֙ לַמְּלָאכָ֔ה אֲשֶׁר־ צִוָּ֥ה יְהוָ֖ה לַעֲשֹׂ֥ת אֹתָֽהּ ׃,ויאמרו אל משה לאמר מרבימ העמ להביא מדי העבדה למלאכה אשר צוה יהוה לעשת אתה,16,ואמרו למשה למימר מסגן עמא לאיתאה מסת פלחנא לעבדתא דפקד יי למעבד יתה:,13,καὶ εἶπεν πρὸς Μωυσῆν ὃτι Πλῆθος φέρει ὁ λαὸς κατὰ τὰ ἔργα ὅσα συνέταξεν Κύριος ποιῆσαι.,16,ܘܐܡܪܘ ܠܡܘܫܐ. ܡܣܓܐ ܥܡܐ ܠܡܝܬܝܘ. ܟܕܘ ܥܒ̇ܕܐ ܠܥܒܝܕܬܐ ܕܦܩ̇ܕ ܡܪܝܐ ܠܡܥܒ̣ܕ.,11,e disseram a Moisés: O povo traz muito mais do que é necessário para o serviço da obra que o Senhor ordenou se fizesse.,24,True,True,True
36,6,Êxodo 36:6,וַיְצַ֣ו מֹשֶׁ֗ה וַיַּעֲבִ֨ירוּ ק֥וֹל בַּֽמַּחֲנֶה֮ לֵאמֹר֒ אִ֣ישׁ וְאִשָּׁ֗ה אַל־ יַעֲשׂוּ־ ע֛וֹד מְלָאכָ֖ה לִתְרוּמַ֣ת הַקֹּ֑דֶשׁ וַיִּכָּלֵ֥א הָעָ֖ם מֵהָבִֽיא ׃,ויצו משה ויעבירו קול במחנה לאמר איש ואשה אל יעשו עוד מלאכה לתרומת הקדש ויכלא העמ מהביא,18,ופקד משה ואעברו כרוזא במשריתא למימר גבר ואתתא לא יעבדון עוד עבדתא לאפרשות קודשא ופסק עמא מלאיתאה:,17,"καὶ προσέταξεν Μωσῆς, καὶ ἐκήρυξεν ἐν τῇ παρεμβολῇ λέγων Ἀνὴρ καὶ γυνὴ μηκέτι ἐργαζέσθωσαν εἰς τάς ἀπαρχὰς τοῦ ἁγίου· καὶ ἐκωλύθη ὁ λαὸς ἔτι προσφέρειν.",25,ܘܦܩ̣ܕ ܡܘܫܐ. ܘܩܪܘ ܟܪ̈ܘܙܐ ܒܡܫܪܝܬܐ ܘܐܡܪܘ. ܓܒܪܐ ܐܘ ܐܢܬܬܐ. ܠܐ ܢܥܒܕܘܢ ܬܘܒ ܥܒ̇ܕܐ ܠܦܘܪܫܢܐ ܕܩܘܕܫܐ. ܘܐܬܟܠܝܘ ܥܡܐ ܡܢ ܕܠܡܝܬܝܘ .,20,"Pelo que Moisés deu ordem, a qual fizeram proclamar por todo o arraial, dizendo: Nenhum homem, nem mulher, faça mais obra alguma para a oferta alçada do santuário. Assim o povo foi proibido de trazer mais.",36,True,True,True
36,7,Êxodo 36:7,וְהַמְּלָאכָ֗ה הָיְתָ֥ה דַיָּ֛ם לְכָל־ הַמְּלָאכָ֖ה לַעֲשׂ֣וֹת אֹתָ֑הּ וְהוֹתֵֽר ׃ ס,והמלאכה היתה דימ לכל המלאכה לעשות אתה והותר ס,10,ועבדתא הות מסת לכל עבדתא למעבד יתה ויתרת:,8,"καὶ τὰ ἔργα ἦν αὐτοῖς ἱκανὰ εἰς τὴν κατασκευὴν ποιῆσαι, καὶ προσκατέλιπον.",12,ܘܥܒ̇ܕܐ ܗܘܐ ܡܣܬ ܟܠܗ ܥܒ̇ܕܐ ܠܡܥܒܕܗ ܘܐܘܬܪܘ .,8,"Porque o material que tinham era bastante para toda a obra, e ainda sobejava.",14,True,True,True
36,8,Êxodo 36:8,וַיַּעֲשׂ֨וּ כָל־ חֲכַם־ לֵ֜ב בְּעֹשֵׂ֧י הַמְּלָאכָ֛ה אֶת־ הַמִּשְׁכָּ֖ן עֶ֣שֶׂר יְרִיעֹ֑ת שֵׁ֣שׁ מָשְׁזָ֗ר וּתְכֵ֤לֶת וְאַרְגָּמָן֙ וְתוֹלַ֣עַת שָׁנִ֔י כְּרֻבִ֛ים מַעֲשֵׂ֥ה חֹשֵׁ֖ב עָשָׂ֥ה אֹתָֽם ׃,ויעשו כל חכמ לב בעשי המלאכה את המשכנ עשר יריעת שש משזר ותכלת וארגמנ ותולעת שני כרבימ מעשה חשב עשה אתמ,22,ועבדו כל חכימי לבא בעבדי עבדתא ית משכנא עשר יריען דבוץ שזיר ותכלא וארגונא וצבע זהורי צורת כרובין עובד אמן עבד יתהון:,22,"Καὶ ἐποίησεν πᾶς σοφὸς ἐν τοῖς ἐργαζομένοις τὰς στολὰς τῶν ἁγίων, αἵ εἰσιν Ἀαρὼν τῷ ἱερεῖ, καθὰ συνέταξεν Κύριος τῷ Μωυσῇ.",21,ܘܥܒ̣ܕܘ ܟܘܠ ܚ̈ܟܝܡܝ ܠܒܐ ܘܥܒ̈ܕܝ ܥܒ̇ܕܐ. ܡܫܟܢܐ ܕܥܣܪ̈ ܝܪ̈ܝܥܢ ܕܒܘܨܐ ܥܙܝܠܐ. ܬܟܠܬܐ ܘܐܪܓܘܢܐ ܘܨܘܒܥܐ ܕܙܚܘܪܝܬܐ ܟܪܘܒܐ ܥܒ̇ܕܐ ܕܐܘܡܢܐ. ܥܒ̣ܕܘ ܐ̈ܢܝܢ .,21,"Assim todos os homens hábeis, dentre os que trabalhavam na obra, fizeram o tabernáculo de dez cortinas de linho fino torcido, de azul, de púrpura e de carmesim, com querubins, obra de artífice.",33,True,True,True
36,9,Êxodo 36:9,אֹ֜רֶךְ הַיְרִיעָ֣ה הָֽאַחַ֗ת שְׁמֹנֶ֤ה וְעֶשְׂרִים֙ בָּֽאַמָּ֔ה וְרֹ֨חַב֙ אַרְבַּ֣ע בָּֽאַמָּ֔ה הַיְרִיעָ֖ה הָאֶחָ֑ת מִדָּ֥ה אַחַ֖ת לְכָל־ הַיְרִיעֹֽת ׃,ארכ היריעה האחת שמנה ועשרימ באמה ורחב ארבע באמה היריעה האחת מדה אחת לכל היריעת,16,ארכא דיריעתא חדא עסרין ותמניא אמין ופותיא ארבע אמין דיריעתא חדא משחתא חדא לכל יריעתא:,15,Καὶ ἐποίησεν τὴν ἐπωμίδα ἐκ χρυσίου καὶ ὑακίνθου καὶ πορφύρας καὶ κοκκίνου νενησμένου καὶ βύσσου κεκλωσμένης.,16,ܐܘܪܟܗ̇ ܕܝܪܝܥܬܐ ܚܕܐ ܥܣܪ̈ܝܢ ܘܬܡܢܐ ܐ̈ܡܝܢ. ܘܦܬܝܗ̇ ܐܪ̈ܒܥ ܐ̈ܡܝܢ ܕܝܪܝܥܬܐ ܚܕܐ. ܡܫܘܚܬܐ ܚܕܐ ܠܟܠܗܝܢ ܝܪ̈ܝܥܬܐ.,15,"O comprimento de cada cortina era de vinte e oito côvados, e a largura de quatro côvados; todas as cortinas eram da mesma medida.",24,True,True,True
36,10,Êxodo 36:10,וַיְחַבֵּר֙ אֶת־ חֲמֵ֣שׁ הַיְרִיעֹ֔ת אַחַ֖ת אֶל־ אֶחָ֑ת וְחָמֵ֤שׁ יְרִיעֹת֙ חִבַּ֔ר אַחַ֖ת אֶל־ אֶחָֽת ׃,ויחבר את חמש היריעת אחת אל אחת וחמש יריעת חבר אחת אל אחת,14,ולפף ית חמש יריען חדא עם חדא וחמש יריען לפף חדא עם חדא:,13,"καὶ ἐτμήθη τὰ πέταλα τοῦ χρυσίου τρίχες, ὥστε συνυφᾶναι σὺν τῇ ὑακίνθῳ καὶ τῇ πορφύρᾳ καὶ τῷ κοκκίνῳ τῷ διανενησμένῳ καὶ σὺν τῇ βύσσῳ τῇ κεκλωσμένῃ· ἔργον ὑφαντὸν ἐποίησαν αὐτό·",30,ܘܕܒ̇ܩܘ ܚܡܫ ܝܪ̈ܝܥܢ ܐܟܚܕܐ. ܘܚܡܫ ܝܪ̈ܝܥܢ ܕܒܩ̇ܘ ܚܕܐ ܒܚܕܐ.,9,Ligaram cinco cortinas uma com outra; e as outras cinco da mesma maneira.,13,True,True,True
36,11,Êxodo 36:11,וַיַּ֜עַשׂ לֻֽלְאֹ֣ת תְּכֵ֗לֶת עַ֣ל שְׂפַ֤ת הַיְרִיעָה֙ הָֽאֶחָ֔ת מִקָּצָ֖ה בַּמַּחְבָּ֑רֶת כֵּ֤ן עָשָׂה֙ בִּשְׂפַ֣ת הַיְרִיעָ֔ה הַקִּ֣יצוֹנָ֔ה בַּמַּחְבֶּ֖רֶת הַשֵּׁנִֽית ׃,ויעש ללאת תכלת על שפת היריעה האחת מקצה במחברת כנ עשה בשפת היריעה הקיצונה במחברת השנית,17,ועבד ענובין דתכלא על ספתא דיריעתא חדא מסטרא בית לופי כן עבד בספתא דיריעתא בסטרא בית לופי תניתא:,18,"ἐπωμίδας συνεχούσας ἐξ ἀμφοτέρων τῶν μερῶν, ἔργον ὑφαντόν, εἰς ἄλληλα συνπεπλεγμένα καθ᾽ ἑαυτό.",13,ܘܥܒ̣ܕܘ ܬܐ̈ܢܬܐ ܕܬܟܠܬܐ. ܥܠ ܣܦܬܗ̇ ܕܝܪܝܥܬܐ ܚܕܐ ܡܢ ܣܛܪܐ ܕܕܒܩܐ. ܘܗܟܢܐ ܥܒ̣ܕܘ ܒܣܦܬܗ̇ ܕܝܪܝܥܬܐ ܡܢ ܣܛܪܐ ܕܕܒܩܐ ܐܚܪܢܐ.,18,"Fizeram laçadas de azul na orla da última cortina do primeiro grupo; assim, também fizeram na orla da primeira cortina do segundo grupo.",23,True,True,True
36,12,Êxodo 36:12,חֲמִשִּׁ֣ים לֻלָאֹ֗ת עָשָׂה֮ בַּיְרִיעָ֣ה הָאֶחָת֒ וַחֲמִשִּׁ֣ים לֻלָאֹ֗ת עָשָׂה֙ בִּקְצֵ֣ה הַיְרִיעָ֔ה אֲשֶׁ֖ר בַּמַּחְבֶּ֣רֶת הַשֵּׁנִ֑ית מַקְבִּילֹת֙ הַלֻּ֣לָאֹ֔ת אַחַ֖ת אֶל־ אֶחָֽת ׃,חמשימ ללאת עשה ביריעה האחת וחמשימ ללאת עשה בקצה היריעה אשר במחברת השנית מקבילת הללאת אחת אל אחת,19,חמשין ענובין עבד ביריעתא חדא וחמשין ענובין עבד בסטרא דיריעתא דבית לופי תניתא מכונן ענוביא חדא לקבל חדא:,18,"ἐξ αὐτοῦ ἐποίησαν, ἐκ χρυσίου καὶ ὑακίνθου καὶ πορφύρας καὶ κοκκίνου διανενησμένου καὶ βύσσου κεκλωσμένης, καθὰ συνέταξεν Κύριος τῷ Μωυσῇ.",20,ܚܡܫܝܢ ܬܢܐܢ ܥܒ̣ܕܘ ܠܝܪܝܥܬܐ ܚܕܐ. ܘܚܡܫܝܢ ܬܢܐܢ ܥܒ̣ܕܘ ܒܣܛܪܗ̇ ܕܝܪܝܥܬܐ ܚܕܐ ܒܕܒܩܐ ܐܚܪܢܐ. ܡܩ̈ܒܠܢ ܬܐ̈ܢܬܐ ܚܕܐ ܠܘܩܒܠ ܚܕܐ.,18,"Cinqüenta laçadas fizeram na orla de uma cortina, e cinqüenta laçadas na orla da outra, do segundo grupo; as laçadas eram contrapostas uma à outra.",25,True,True,True
36,13,Êxodo 36:13,וַיַּ֕עַשׂ חֲמִשִּׁ֖ים קַרְסֵ֣י זָהָ֑ב וַיְחַבֵּ֨ר אֶת־ הַיְרִעֹ֜ת אַחַ֤ת אֶל־ אַחַת֙ בַּקְּרָסִ֔ים וַֽיְהִ֥י הַמִּשְׁכָּ֖ן אֶחָֽד ׃ ס,ויעש חמשימ קרסי זהב ויחבר את הירעת אחת אל אחת בקרסימ ויהי המשכנ אחד ס,16,ועבד חמשין פורפין דדהב ולפף ית יריעתא חדא עם חדא בפורפיא והוה משכנא חד:,14,Καὶ ἐποίησαν ἀμφοτέρους τοὺς λίθους τῆς σμαράγδου συνπεπορπημένους καὶ περισεσιαλωμένους καὶ ἐκκεκολαμμένους ἐκκόλαμμα σφραγῖδος ἐκ τῶν ὀνομάτων τῶν υἱῶν Ἰσραήλ·,20,ܘܥܒ̣ܕܘ ܚܡܫܝܢ ܩܘܪ̈ܩܣܐ ܕܕܗܒܐ. ܘܕܒܩܘ ܝܪ̈ܝܥܬܐ ܚܕܐ ܒܚܕܐ ܒܩܘܪ̈ܩܣܐ. ܘܗܘ̣ܐ ܡܫܟܢܐ ܚܕ.,12,"Também fizeram cinqüenta colchetes de ouro, e com estes colchetes uniram as cortinas, uma com outra; e o tabernáculo veio a ser um todo.",24,True,True,True
36,14,Êxodo 36:14,וַיַּ֨עַשׂ֙ יְרִיעֹ֣ת עִזִּ֔ים לְאֹ֖הֶל עַל־ הַמִּשְׁכָּ֑ן עַשְׁתֵּֽי־ עֶשְׂרֵ֥ה יְרִיעֹ֖ת עָשָׂ֥ה אֹתָֽם ׃,ויעש יריעת עזימ לאהל על המשכנ עשתי עשרה יריעת עשה אתמ,12,ועבד יריען דמעזי לפרסא על משכנא חד עשר יריען עבד יתהן:,11,"καὶ ἐπέθηκεν αὐτοὺς ἐπὶ τοὺς ὤμους τῆς ἐπωμίδος, λίθους μνημοσύνου τῶν υἱῶν Ἰσραήλ, καθὰ συνέταξεν Κύριος τῷ Μωυσῇ.",18,ܘܥܒ̣ܕܘ ܝܪ̈ܝܥܬܐ ܕܣܥܪܐ ܠܡܦܪܣ ܥܠ ܡܫܟܢܐ. ܚܕܥܣܪܐ ܝܪ̈ܝܥܢ ܥܒ̣ܕܘ ܐܢܝ̈ܢ.,10,Fizeram também cortinas de pelos de cabras para servirem de tenda sobre o tabernáculo; onze cortinas fizeram.,17,True,True,True
36,15,Êxodo 36:15,אֹ֜רֶךְ הַיְרִיעָ֣ה הָאַחַ֗ת שְׁלֹשִׁים֙ בָּֽאַמָּ֔ה וְאַרְבַּ֣ע אַמּ֔וֹת רֹ֖חַב הַיְרִיעָ֣ה הָאֶחָ֑ת מִדָּ֣ה אַחַ֔ת לְעַשְׁתֵּ֥י עֶשְׂרֵ֖ה יְרִיעֹֽת ׃,ארכ היריעה האחת שלשימ באמה וארבע אמות רחב היריעה האחת מדה אחת לעשתי עשרה יריעת,16,ארכא דיריעתא חדא תלתין באמין וארבע אמין פותיא דיריעתא חדא משחתא חדא לחד עשר יריען:,15,"Καὶ ἐποίησαν λόγιον ἔργον ὑφαντὸν ποικιλίᾳ κατὰ τὸ ἔργον τῆς ἐπωμίδος, ἐκ χρυσίου καὶ ὑακίνθου καὶ πορφύρας καὶ κοκκίνου διανενησμένου καὶ βύσσου κεκλωσμένης·",23,ܐܘܪܟܗ̇ ܕܝܪܝܥܬܐ ܚܕܐ ܬܠܬܝܢ ܐ̈ܡܝܢ. ܘܦܬܝܗ̇ ܐܪ̈ܒܥ ܐܡ̈ܝܢ ܕܝܪܝܥܬܐ ܚܕܐ. ܡܫܘܚܬܐ ܚܕܐ ܠܚܕܥܣܪܐ ܝܪ̈ܝܥܢ.,14,"O comprimento de cada cortina era de trinta côvados, e a largura de quatro côvados; as onze cortinas eram da mesma medida.",22,True,True,True
36,16,Êxodo 36:16,וַיְחַבֵּ֛ר אֶת־ חֲמֵ֥שׁ הַיְרִיעֹ֖ת לְבָ֑ד וְאֶת־ שֵׁ֥שׁ הַיְרִיעֹ֖ת לְבָֽד ׃,ויחבר את חמש היריעת לבד ואת שש היריעת לבד,10,ולפף ית חמש יריען לחוד וית שת יריען לחוד:,9,"τετράγωνον διπλοῦν ἐποίησαν τὸ λόγιον, σπιθαμῆς τὸ μῆκος καὶ σπιθαμῆς τὸ εὖρος διπλοῦν.",13,ܘܕܒܩܘ ܚܡܫ ܝܪ̈ܝܥܢ ܐܟܚܕܐ. ܘܫܬ ܝܪ̈ܝܥܢ ܐܝܟ ܚܕܐ .,9,"uniram cinco destas cortinas à parte, e as outras seis à parte.",12,True,True,True
36,17,Êxodo 36:17,וַיַּ֜עַשׂ לֻֽלָאֹ֣ת חֲמִשִּׁ֗ים עַ֚ל שְׂפַ֣ת הַיְרִיעָ֔ה הַקִּיצֹנָ֖ה בַּמַּחְבָּ֑רֶת וַחֲמִשִּׁ֣ים לֻלָאֹ֗ת עָשָׂה֙ עַל־ שְׂפַ֣ת הַיְרִיעָ֔ה הַחֹבֶ֖רֶת הַשֵּׁנִֽית ׃,ויעש ללאת חמשימ על שפת היריעה הקיצנה במחברת וחמשימ ללאת עשה על שפת היריעה החברת השנית,17,ועבד ענובין חמשין על ספתא דיריעתא בסטרא בית לופי וחמשין ענובין עבד על ספתא דיריעתא דבית לופי תניתא:,18,"καὶ συνυφάνθη ἐν αὐτῷ ὕφασμα κατάλιθον τετράστιχον, στίχος λίθων· σάρδιον καὶ τοπάζιον καὶ σμάραγδος ὁ στίχος ὁ εἷς·",18,ܘܥܒ̣ܕܘ ܬܐ̈ܢܬܐ. ܚܡܫܝܢ ܬܢܐܢ ܥܠ ܣܦܬܗ̇ ܕܝܪܝܥܬܐ. ܡܢ ܣܛܪܐ ܕܕܒܩܐ. ܘܚܡܫܝܢ ܬܢܐ̈ܢ ܥܒ̣ܕܘ ܥܠ ܣܦܬܗ̇ ܕܝܪܝܥܬܐ ܒܕܒܩܐ ܐܚܪܢܐ.,18,"Fizeram cinqüenta laçadas na orla da última cortina do primeiro grupo, e cinqüenta laçadas na orla da primeira cortina do segundo grupo.",22,True,True,True
36,18,Êxodo 36:18,וַיַּ֛עַשׂ קַרְסֵ֥י נְחֹ֖שֶׁת חֲמִשִּׁ֑ים לְחַבֵּ֥ר אֶת־ הָאֹ֖הֶל לִֽהְיֹ֥ת אֶחָֽד ׃,ויעש קרסי נחשת חמשימ לחבר את האהל להית אחד,10,ועבד פורפין דנחשא חמשין ללפפא ית משכנא למהוי חד:,9,καὶ ὁ στίχος ὁ δεύτερος ἄνθραξ καὶ σάπφειρος καὶ ἴασπις·,10,ܘܥܒ̣ܕܘ ܩܘܪ̈ܩܣܐ ܕܢܚܫܐ ܚܡܫܝܢ. ܠܡܕܒܩܘܬܗ ܠܡܫܟܢܐ. ܕܢܗܘܐ ܚܕ.,8,"Fizeram também cinqüenta colchetes de bronze, para ajuntar a tenda, para que viesse a ser um todo.",17,True,True,True
36,19,Êxodo 36:19,וַיַּ֤עַשׂ מִכְסֶה֙ לָאֹ֔הֶל עֹרֹ֥ת אֵלִ֖ים מְאָדָּמִ֑ים וּמִכְסֵ֛ה עֹרֹ֥ת תְּחָשִׁ֖ים מִלְמָֽעְלָה ׃ ס,ויעש מכסה לאהל ערת אלימ מאדמימ ומכסה ערת תחשימ מלמעלה ס,12,ועבד חופאה למשכנא משכי דדכרי מסמקי וחופאה משכי דססגונא מלעלא:,10,καὶ ὁ στίχος ὁ τρίτος λιγύριον καὶ ἀχάτης καὶ ἀμέθυστος.,10,ܘܥܒ̣ܕܘ ܦܪܣܐ ܠܡܫܟܢܐ. ܡܫ̈ܟܐ ܕܕܟܪ̈ܐ ܕܐܣܦܝܢܝܩܐ. ܘܩܪܡܐ ܕܡܫ̈ܟܐ ܕܣܣܓܘܢܐ ܡܢ ܠܥܠ.,11,"Fizeram para a tenda uma cobertura de peles de carneiros tintas de vermelho, e por cima desta uma cobertura de peles de golfinhos.",23,True,True,True
36,20,Êxodo 36:20,וַיַּ֥עַשׂ אֶת־ הַקְּרָשִׁ֖ים לַמִּשְׁכָּ֑ן עֲצֵ֥י שִׁטִּ֖ים עֹמְדִֽים ׃,ויעש את הקרשימ למשכנ עצי שטימ עמדימ,8,ועבד ית דפיא למשכנא דאעי שטין קימין:,7,"καὶ ὁ στίχος ὁ τέταρτος χρυσόλιθον καὶ βηρύλλιον καὶ ὀνύχιον, περικεκυκλωμένα χρυσίῳ καὶ συνδεδεμένα χρυσίῳ.",15,ܘܥܒ̣ܕܘ ܕ̈ܦܐ ܠܡܫܟܢܐ ܕܩܝܣܐ ܕܐܫܟܪܥܐ ܩܝ̈ܡܐ.,6,"Também fizeram, de madeira de acácia, as tábuas para o tabernáculo, as quais foram colocadas verticalmente.",16,True,True,True
36,21,Êxodo 36:21,עֶ֥שֶׂר אַמֹּ֖ת אֹ֣רֶךְ הַקָּ֑רֶשׁ וְאַמָּה֙ וַחֲצִ֣י הָֽאַמָּ֔ה רֹ֖חַב הַקֶּ֥רֶשׁ הָאֶחָֽד ׃,עשר אמת ארכ הקרש ואמה וחצי האמה רחב הקרש האחד,11,עשר אמין ארכא דדפא ואמתא ופלגות אמתא פותיא דדפא חד:,10,"καὶ οἱ λίθοι ἦσαν ἐκ τῶν ὀνομάτων τῶν υἱῶν Ἰσραήλ δώδεκα, ἐκ τῶν ὀνομάτων αὐτῶν ἐνγεγραμμένα εἰς σφραγῖδας, ἕκαστος ἐκ τοῦ ἑαυτοῦ ὀνόματος εἰς τὰς δώδεκα φυλάς.",27,ܥܣܪ̈ ܐܡ̈ܝܢ ܐܘܪܟܗ ܕܕܦܐ ܚܕ . ܘܐܡܐ ܘܦܠܓܘܬ ܐܡܐ ܦܬܝܗ ܕܕܦܐ ܚܕ.,12,"O comprimento de cada tábua era de dez côvados, e a largura de um côvado e meio.",17,True,True,True
36,22,Êxodo 36:22,שְׁתֵּ֣י יָדֹ֗ת לַקֶּ֨רֶשׁ֙ הָֽאֶחָ֔ד מְשֻׁלָּבֹ֔ת אַחַ֖ת אֶל־ אֶחָ֑ת כֵּ֣ן עָשָׂ֔ה לְכֹ֖ל קַרְשֵׁ֥י הַמִּשְׁכָּֽן ׃,שתי ידת לקרש האחד משלבת אחת אל אחת כנ עשה לכל קרשי המשכנ,14,תרתין צירין לדפא חד משלבין חדא לקבל חדא כן עבד לכל דפי משכנא:,13,"Καὶ ἐποίησαν ἐπὶ τὸ λόγιον κροσοὺς συνπεπλεγμένους, ἔργον ἐμπλοκίου, ἐκ χρυσίου καθαροῦ.",12,ܬܪ̈ܬܝܢ ܨܝܪ̈ܢ ܠܕܦܐ ܚܕ. ܘܬܪ̈ܬܝܢ ܨܝܪ̈ܢ ܠܕܦܐ ܚܕ . ܬܪ̈ܝܨܢ ܚܕܐ ܠܘܩܒܠ ܚܕܐ. ܗܟܢܐ ܥܒ̣ܕܘ ܠܟܠܗܘܢ ܕ̈ܦܐ ܕܡܫܟܢܐ.,18,"Cada tábua tinha duas couceiras, unidas uma à outra; assim fizeram com todas as tábuas do tabernáculo.",17,True,True,True
36,23,Êxodo 36:23,וַיַּ֥עַשׂ אֶת־ הַקְּרָשִׁ֖ים לַמִּשְׁכָּ֑ן עֶשְׂרִ֣ים קְרָשִׁ֔ים לִפְאַ֖ת נֶ֥גֶב תֵּימָֽנָה ׃,ויעש את הקרשימ למשכנ עשרימ קרשימ לפאת נגב תימנה,10,ועבד ית דפיא למשכנא עסרין דפין לרוח עבר דרומא:,9,καὶ ἐποίησαν δύο ἀσπιδίσκας χρυσᾶς καὶ δύο δακτυλίους χρυσοῦς.,9,ܘܥܒ̣ܕܘ ܕ̈ܦܐ ܠܡܫܟܢܐ. ܥܣܪ̈ܝܢ ܕܦܝ̈ܢ ܠܣܛܪܐ ܕܪܘܚܐ ܕܬܝܡܢܐ.,8,"Assim, pois, fizeram as tábuas para o tabernáculo; vinte tábuas para o lado que dá para o sul;",18,True,True,True
36,24,Êxodo 36:24,וְאַרְבָּעִים֙ אַדְנֵי־ כֶ֔סֶף עָשָׂ֕ה תַּ֖חַת עֶשְׂרִ֣ים הַקְּרָשִׁ֑ים שְׁנֵ֨י אֲדָנִ֜ים תַּֽחַת־ הַקֶּ֤רֶשׁ הָאֶחָד֙ לִשְׁתֵּ֣י יְדֹתָ֔יו וּשְׁנֵ֧י אֲדָנִ֛ים תַּֽחַת־ הַקֶּ֥רֶשׁ הָאֶחָ֖ד לִשְׁתֵּ֥י יְדֹתָֽיו ׃,וארבעימ אדני כספ עשה תחת עשרימ הקרשימ שני אדנימ תחת הקרש האחד לשתי ידתיו ושני אדנימ תחת הקרש האחד לשתי ידתיו,22,וארבעין סמכין דכסף עבד תחות עסרין דפין תרין סמכין תחות דפא חד לתרין צירוהי ותרין סמכין תחות דפא חד לתרין צירוהי:,21,καὶ ἐπέθηκαν τοὺς δύο δακτυλίους τοὺς χρυσοῦς ἐπ᾽ ἀμφοτέρας τὰς ἀρχὰς τοῦ λογίου·,13,ܘܐܪ̈ܒܥܝܢ ܣܡ̈ܟܐ ܕܣܐܡܐ ܥܒ̣ܕܘ ܬܚܝܬ ܥܣܪ̈ܝܢ ܕܦܝ̈ܢ. ܬܪ̈ܝܢ ܣܡ̈ܟܝܢ ܬܚܝܬ ܕܦܐ ܚܕ ܠܬܪ̈ܬܝܢ ܨܝܪ̈ܬܗ. ܘܬܪ̈ܝܢ ܣܡ̈ܟܝܢ ܬܚܝܬ ܕܦܐ ܚܕ ܠܬܪ̈ܬܝܢ ܨܝܪ̈ܬܗ .,22,"e fizeram quarenta bases de prata para se pôr debaixo das vinte tábuas: duas bases debaixo de uma tábua para as suas duas couceiras, e duas debaixo de outra, para as duas couceiras dela.",34,True,True,True
36,25,Êxodo 36:25,וּלְצֶ֧לַע הַמִּשְׁכָּ֛ן הַשֵּׁנִ֖ית לִפְאַ֣ת צָפ֑וֹן עָשָׂ֖ה עֶשְׂרִ֥ים קְרָשִֽׁים ׃,ולצלע המשכנ השנית לפאת צפונ עשה עשרימ קרשימ,9,ולסטר משכנא תניתא לרוח צפונא עבד עסרין דפין:,8,"καὶ ἐπέθηκαν τὰ ἐμπλόκια ἐκ χρυσίου ἐπὶ τοὺς δακτυλίους ἐπ᾽ ἀμφοτέρων τῶν μερῶν τοῦ λογίου, καὶ εἰς τὰς δύο συμβολὰς τὰ δύο ἐμπλόκια,",23,ܘܠܣܛܪܐ ܐܚܪܢܐ ܕܡܫܟܢܐ. ܠܣܛܪܐ ܕܪܘܚܐ ܕܓܪܒܝܐ. ܥܒ̣ܕܘ ܥܣܪ̈ܝܢ ܕܦܝ̈ܢ.,9,"Também para o segundo lado do tabernáculo, o que dá para o norte, fizeram vinte tábuas,",16,True,True,True
36,26,Êxodo 36:26,וְאַרְבָּעִ֥ים אַדְנֵיהֶ֖ם כָּ֑סֶף שְׁנֵ֣י אֲדָנִ֗ים תַּ֚חַת הַקֶּ֣רֶשׁ הָאֶחָ֔ד וּשְׁנֵ֣י אֲדָנִ֔ים תַּ֖חַת הַקֶּ֥רֶשׁ הָאֶחָֽד ׃,וארבעימ אדניהמ כספ שני אדנימ תחת הקרש האחד ושני אדנימ תחת הקרש האחד,14,וארבעין סמכיהון דכסף תרין סמכין תחות דפא חד ותרין סמכין תחות דפא חד:,13,καὶ ἐπέθηκαν ἐπὶ τὰς δύο ἀσπιδίσκας· καὶ ἐπέθηκαν ἐπὶ τοὺς ὤμους τῆς ἐπωμίδος ἐξ ἐναντίας κατὰ πρόσωπον.,17,ܘܐܪ̈ܒܥܝܢ ܣܡ̈ܟܐ ܕܣܐܡܐ . ܬܪ̈ܝܢ ܣܡ̈ܟܝܢ ܬܚܝܬ ܕܦܐ ܚܕ. ܘܬܪ̈ܝܢ ܣܡ̈ܟܝܢ ܬܚܝܬ ܕܦܐ ܐܚܪܢܐ.,14,"com as suas quarenta bases de prata, duas bases debaixo de uma tábua, e duas bases debaixo de outra.",19,True,True,True
36,27,Êxodo 36:27,וּֽלְיַרְכְּתֵ֥י הַמִּשְׁכָּ֖ן יָ֑מָּה עָשָׂ֖ה שִׁשָּׁ֥ה קְרָשִֽׁים ׃,ולירכתי המשכנ ימה עשה ששה קרשימ,7,ולסיפי משכנא מערבא עבד שתא דפין:,6,"καὶ ἐποίησαν δύο δακτυλίους χρυσοῦς, καὶ ἐπέθηκαν ἐπὶ τὰ δύο πτερύγια ἐπ᾽ ἄκρου τοῦ λογίου καὶ ἐπὶ τὸ ἄκρον τοῦ ὀπισθίου τῆς ἐπωμίδος ἔσωθεν.",24,ܘܠܫ̈ܦܘܠܝ ܡܫܟܢܐ ܡܢ ܡܥܪܒܐ. ܥܒ̣ܕܘ ܫܬܐ ܕܦܝ̈ܢ.,7,"Para o lado posterior do tabernáculo, o que dá para o ocidente, fizeram seis tábuas.",15,True,True,True
36,28,Êxodo 36:28,וּשְׁנֵ֤י קְרָשִׁים֙ עָשָׂ֔ה לִמְקֻצְעֹ֖ת הַמִּשְׁכָּ֑ן בַּיַּרְכָתָֽיִם ׃,ושני קרשימ עשה למקצעת המשכנ בירכתימ,7,ותרין דפין עבד לזוית משכנא בסופיהון:,6,"καὶ ἐποίησαν δύο δακτυλίους χρυσοῦς, καὶ ἐπέθηκαν ἐπ᾽ ἀμφοτέρους τοὺς ὤμους τῆς ἐπωμίδος.",13,ܘܬܪ̈ܝܢ ܕܦܝ̈ܢ ܥܒ̣ܕܘ ܠܙܘܝܬܐ ܕܡܫܟܢܐ ܒܫ̈ܦܘܠܝܗܘܢ.,6,"E para os dois cantos do tabernáculo no lado posterior, fizeram mais duas tábuas.",14,True,True,True
36,29,Êxodo 36:29,וְהָי֣וּ תוֹאֲמִם֮ מִלְּמַטָּה֒ וְיַחְדָּ֗ו יִהְי֤וּ תַמִּים֙ אֶל־ רֹאשׁ֔וֹ אֶל־ הַטַּבַּ֖עַת הָאֶחָ֑ת כֵּ֚ן עָשָׂ֣ה לִשְׁנֵיהֶ֔ם לִשְׁנֵ֖י הַמִּקְצֹעֹֽת ׃,והיו תואממ מלמטה ויחדו יהיו תמימ אל ראשו אל הטבעת האחת כנ עשה לשניהמ לשני המקצעת,17,והוו מכונין מלרע וכחדא הוו מכונין על רישיה לעזקתא חדא כן עבד לתרויהון לתרין זוין:,15,"καὶ συνέσφιγξεν τὸ λόγιον ἀπὸ τῶν δακτυλίων τῶν ἐπ᾽ αὐτοῦ εἰς τοὺς δακτυλίους τῆς ἐπωμίδος, συνεχομένους ἐκ τῆς ὑακίνθου, συνπεπλεγμένους εἰς τὸ ὕφασμα τῆς ἐπωμίδος, ἵνα μὴ χαλᾶται τὸ λόγιον ἀπὸ τῆς ἐπωμίδος, καθὰ συνέταξεν Κύριος τῷ Μωυσῇ.",38,ܘܗܘܘ ܡܬܐܡܝܢ ܡܢ ܠܬܚܬ. ܘܐܟܚܕܐ ܓܦܝ̈ܢ ܪ̈ܫܝܗܘܢ ܥܠ ܙܩܙܩܬܐ ܚܕܐ. ܗܟܢܐ ܥܒ̣ܕܘ ܠܬܪ̈ܝܗܘܢ ܠܬܪ̈ܬܝܢ ܙܘܝ̈ܢ.,15,"Por baixo eram duplas, do mesmo modo se estendendo até a primeira argola, em cima; assim fizeram com as duas tábuas nos dois cantos.",24,True,True,True
36,30,Êxodo 36:30,וְהָיוּ֙ שְׁמֹנָ֣ה קְרָשִׁ֔ים וְאַדְנֵיהֶ֣ם כֶּ֔סֶף שִׁשָּׁ֥ה עָשָׂ֖ר אֲדָנִ֑ים שְׁנֵ֤י אֲדָנִים֙ שְׁנֵ֣י אֲדָנִ֔ים תַּ֖חַת הַקֶּ֥רֶשׁ הָאֶחָֽד ׃,והיו שמנה קרשימ ואדניהמ כספ ששה עשר אדנימ שני אדנימ שני אדנימ תחת הקרש האחד,16,והוו תמניא דפין וסמכיהון דכסף שתא עשר סמכין תרין סמכין תרין סמכין תחות דפא חד:,15,"Καὶ ἐποίησαν τὸν ὑποδύτην ὑπὸ τὴν ἐπωμίδα, ἔργον ὑφαντὸν ὅλον ὑακίνθινον·",11,ܘܗܘܘ ܬܡܢܝܐ ܕܦܝ̈ܢ. ܘܣܡ̈ܟܝܗܘܢ ܕܣܐܡܐ ܫܬܬܥܣܪ̈. ܬܪ̈ܝܢ ܣܡ̈ܟܝܢ ܬܚܝܬ ܕܦܐ ܚܕ. ܘܬܪ̈ܝܢ ܣܡ̈ܟܝܢ ܬܚܝܬ ܕܦܐ ܐܚܪܢܐ.,16,"Assim havia oito tábuas com as suas bases de prata, a saber, dezesseis bases, duas debaixo de cada tábua.",19,True,True,True
36,31,Êxodo 36:31,וַיַּ֥עַשׂ בְּרִיחֵ֖י עֲצֵ֣י שִׁטִּ֑ים חֲמִשָּׁ֕ה לְקַרְשֵׁ֥י צֶֽלַע־ הַמִּשְׁכָּ֖ן הָאֶחָֽת ׃,ויעש בריחי עצי שטימ חמשה לקרשי צלע המשכנ האחת,10,ועבד עברי דאעי שטין חמשא לדפי סטר משכנא חד:,9,"τὸ δὲ περιστόμιον τοῦ ὑποδύτου ἐν τῷ μέσῳ διυφασμένον συνπλεκτόν, ᾤαν ἔχον κύκλῳ τὸ περιστόμιον ἀδιάλυτον.",16,ܘܥܒ̣ܕܘ ܡܘܟ̈ܠܐ ܕܩܝܣܐ ܕܐܫܟܪܥܐ. ܚܡܫܐ ܠܕ̈ܦܝ ܣܛܪܗ ܚܕ ܕܡܫܟܢܐ.,9,"Fizeram também travessões de madeira de acácia: cinco travessões para as tábuas de um lado do tabernáculo,",17,True,True,True
36,32,Êxodo 36:32,וַחֲמִשָּׁ֣ה בְרִיחִ֔ם לְקַרְשֵׁ֥י צֶֽלַע־ הַמִּשְׁכָּ֖ן הַשֵּׁנִ֑ית וַחֲמִשָּׁ֤ה בְרִיחִם֙ לְקַרְשֵׁ֣י הַמִּשְׁכָּ֔ן לַיַּרְכָתַ֖יִם יָֽמָּה ׃,וחמשה בריחמ לקרשי צלע המשכנ השנית וחמשה בריחמ לקרשי המשכנ לירכתימ ימה,13,וחמשא עברין לדפי סטר משכנא תניתא וחמשא עברין לדפי משכנא לסופיהון מערבא:,12,"καὶ ἐποίησαν ἐπὶ τοῦ λώματος τοῦ ὑποδύτου κάτωθεν ὡς ἐξανθούσης ῥόας ῥοίσκους, ἐξ ὑακίνθου καὶ πορφύρας καὶ κοκκίνου νενησμένου καὶ βύσσου κεκλωσμένης.",22,ܘܚܡܫܐ ܡ̈ܘܟܠܝܢ ܠܕ̈ܦܝ ܣܛܪܗ ܐܚܪܢܐ ܕܡܫܟܢܐ. ܘܚܡܫܐ ܡܘܟ̈ܠܝܢ ܠܕܦܘ̈ܗܝ ܕܡܫܟܢܐ ܠܫ̈ܦܘܠܝܗܘܢ ܡܢ ܡܥܪܒܐ.,13,"e cinco para as tábuas do outro lado do tabernáculo, e outros cinco para as tábuas do tabernáculo no lado posterior, o que dá para o ocidente.",27,True,True,True
36,33,Êxodo 36:33,וַיַּ֖עַשׂ אֶת־ הַבְּרִ֣יחַ הַתִּיכֹ֑ן לִבְרֹ֨חַ֙ בְּת֣וֹךְ הַקְּרָשִׁ֔ים מִן־ הַקָּצֶ֖ה אֶל־ הַקָּצֶֽה ׃,ויעש את הבריח התיכנ לברח בתוכ הקרשימ מנ הקצה אל הקצה,12,ועבד ית עברא מציעאה לאעברא בגו דפיא מן סיפי לסיפי:,10,"καὶ ἐποίησαν κώδωνας χρυσοῦς, καὶ ἐπέθηκαν τοὺς κώδωνας ἐπὶ τὸ λῶμα τοῦ ὑποδύτου κύκλῳ ἀνὰ μέσον τῶν ῥοίσκων·",18,ܘܥܒ̣ܕܘ ܡܘܟܠܐ ܡܨܥܝܐ ܠܡܥܒܪܘ ܒܓܘ ܕ̈ܦܐ. ܡܢ ܗܢܐ ܣܛܪܐ ܠܗܢܐ.,10,Fizeram que o travessão do meio passasse ao meio das tábuas duma extremidade até a outra.,16,True,True,True
36,34,Êxodo 36:34,וְֽאֶת־ הַקְּרָשִׁ֞ים צִפָּ֣ה זָהָ֗ב וְאֶת־ טַבְּעֹתָם֙ עָשָׂ֣ה זָהָ֔ב בָּתִּ֖ים לַבְּרִיחִ֑ם וַיְצַ֥ף אֶת־ הַבְּרִיחִ֖ם זָהָֽב ׃,ואת הקרשימ צפה זהב ואת טבעתמ עשה זהב בתימ לבריחמ ויצפ את הבריחמ זהב,15,וית דפיא חפא דהבא וית עזקתהון עבד דהבא אתרא לעבריא וחפא ית עבריא דהבא:,14,"κώδων χρυσοῦς καὶ ῥοίσκος ἐπὶ τοῦ λώματος τοῦ ὑποδύτου κύκλῳ, εἰς τὸ λειτουργεῖν, καθὰ συνέταξεν Κύριος τῷ Μωυσῇ.",18,ܘܕ̈ܦܐ ܩܪܡܘ ܕܗܒܐ. ܘܙܩ̈ܙܩܬܗܘܢ ܥܒ̣ܕܘ ܕܕܗܒܐ ܐܬܪܐ ܠܡܘ̈ܟܠܐ. ܘܩܪܡܘ ܐܢܘܢ ܠܡܘܟ̈ܠܐ ܕܗܒܐ .,13,"E cobriram as tábuas de ouro, e de ouro fizeram as suas argolas como lugares para os travessões; também os travessões cobriu de ouro.",24,True,True,True
36,35,Êxodo 36:35,וַיַּ֨עַשׂ֙ אֶת־ הַפָּרֹ֔כֶת תְּכֵ֧לֶת וְאַרְגָּמָ֛ן וְתוֹלַ֥עַת שָׁנִ֖י וְשֵׁ֣שׁ מָשְׁזָ֑ר מַעֲשֵׂ֥ה חֹשֵׁ֛ב עָשָׂ֥ה אֹתָ֖הּ כְּרֻבִֽים ׃,ויעש את הפרכת תכלת וארגמנ ותולעת שני ושש משזר מעשה חשב עשה אתה כרבימ,15,ועבד ית פרכתא תכלא וארגונא וצבע זהורי ובוץ שזיר עובד אמן עבד יתה צורת כרובין:,15,"Καὶ ἐποίησαν χιτῶνας βυσσίνους ἔργον ὑφαντὸν Ἀαρὼν καὶ τοῖς υἱοῖς αὐτοῦ,",11,ܘܥܒ̣ܕܘ ܦܪܣܐ ܕܬܟܠܬܐ ܘܐܪܓܘܢܐ . ܘܨܘܒܥܐ ܕܙܚܘܪܝܬܐ ܘܒܘܨܐ ܥܙܝܠܐ. ܥܒ̇ܕܐ ܕܐܘܡܢܐ ܥܒ̣ܕܗ ܟܪܘܒܐ.,13,"Fizeram então o véu de azul, púrpura, carmesim e linho fino torcido; com querubins, obra de artífice, o fizeram.",19,True,True,True
36,36,Êxodo 36:36,וַיַּ֣עַשׂ לָ֗הּ אַרְבָּעָה֙ עַמּוּדֵ֣י שִׁטִּ֔ים וַיְצַפֵּ֣ם זָהָ֔ב וָוֵיהֶ֖ם זָהָ֑ב וַיִּצֹ֣ק לָהֶ֔ם אַרְבָּעָ֖ה אַדְנֵי־ כָֽסֶף ׃,ויעש לה ארבעה עמודי שטימ ויצפמ זהב וויהמ זהב ויצק להמ ארבעה אדני כספ,15,ועבד ליה ארבעא עמודי שטין וחפנון דהבא וויהון דהבא ואתיך להון ארבעא סמכין דכסף:,14,"καὶ τὰς κιδάρεις ἐκ βύσσου, καὶ τὴν μίτραν ἐκ βύσσου, καὶ τὰ περισκελῆ ἐκ βύσσου κεκλωσμένης,",16,ܘܥܒ̣ܕܘ ܠܗ ܐܪ̈ܒܥܐ ܥܡ̈ܘܕܐ ܕܐܫܟܪܥܐ. ܘܩܪܡܘ ܐܢܘܢ ܕܗܒܐ. ܘܠܩܘܒ̈ܥܝܗܘܢ ܕܗܒܐ . ܘܥܒ̣ܕܘ ܠܗܘܢ ܐܪ̈ܒܥܐ ܣܡ̈ܟܝܢ ܕܣܐܡܐ .,17,E fizeram-lhe quatro colunas de madeira de acácia e as cobriram de ouro; e seus colchetes fizeram de ouro; e fundiram-lhes quatro bases de prata.,25,True,True,True
36,37,Êxodo 36:37,וַיַּ֤עַשׂ מָסָךְ֙ לְפֶ֣תַח הָאֹ֔הֶל תְּכֵ֧לֶת וְאַרְגָּמָ֛ן וְתוֹלַ֥עַת שָׁנִ֖י וְשֵׁ֣שׁ מָשְׁזָ֑ר מַעֲשֵׂ֖ה רֹקֵֽם ׃,ויעש מסכ לפתח האהל תכלת וארגמנ ותולעת שני ושש משזר מעשה רקמ,13,ועבד פרסא לתרע משכנא תכלא וארגונא וצבע זהורי ובוץ שזיר עובד ציר:,12,"καὶ τὰς ζώνας αὐτῶν ἐκ βύσσου καὶ ὑακίνθου καὶ πορφύρας καὶ κοκκίνου νενησμένου, ἔργον ποικιλτοῦ, ὃν τρόπον συνέταξεν Κύριος τῷ Μωυσῇ.",21,ܘܥܒ̣ܕܘ ܦܪܣܐ ܠܬܪܥܐ ܕܡܫܟܢܐ. ܬܟܠܬܐ ܘܐܪܓܘܢܐ ܘܨܘܒܥܐ ܕܙܚܘܪܝܬܐ ܘܒܘܨܐ ܥܙܝܠܐ. ܥܒ̇ܕܐ ܕܨܘܪܬܐ.,12,"Fizeram também para a porta da tenda um reposteiro de azul, púrpura, carmesim e linho fino torcido, obra de bordador,",20,True,True,True
36,38,Êxodo 36:38,וְאֶת־ עַמּוּדָ֤יו חֲמִשָּׁה֙ וְאֶת־ וָ֣וֵיהֶ֔ם וְצִפָּ֧ה רָאשֵׁיהֶ֛ם וַחֲשֻׁקֵיהֶ֖ם זָהָ֑ב וְאַדְנֵיהֶ֥ם חֲמִשָּׁ֖ה נְחֹֽשֶׁת ׃ פ,ואת עמודיו חמשה ואת וויהמ וצפה ראשיהמ וחשקיהמ זהב ואדניהמ חמשה נחשת פ,14,וית עמודוהי חמשא וית וויהון וחפא רישיהון וכבושיהון דהבא וסמכיהון חמשא נחשא:,12,"Καὶ ἐποίησαν τὸ πέταλον τὸ χρυσοῦν, ἀφόρισμα τοῦ ἁγίου, χρυσίου καθαροῦ·",11,ܥܡ̈ܘܕܘܗܝ ܚܡܫܐ. ܘܩܘܒ̈ܥܝܗܘܢ ܚܡܫܐ . ܘܩܪܡܐ ܕܪ̈ܫܝܗܘܢ ܘܩܪܡܗܘܢ ܕܕܗܒܐ. ܘܣܡ̈ܟܝܗܘܢ ܚܡܫܐ ܕܢܚܫܐ.,12,com as suas cinco colunas e os seus colchetes; e de ouro cobriu os seus capitéis e as suas faixas; e as suas cinco bases eram de bronze.,28,True,True,True
36,39,Êxodo 36:39,,,0,,0,καὶ ἔγραψεν ἐπ᾽ αὐτοῦ γράμματα ἐκτετυπωμένα σφραγῖδος Ἁγίασμα Κυρίῳ·,9,,0,,0,False,True,False
36,40,Êxodo 36:40,,,0,,0,"καὶ ἐπέθηκαν ἐπὶ τὸ λῶμα ὑακίνθινον, ὥστε ἐπικεῖσθαι ἐπὶ τὴν μίτραν ἄνωθεν, ὅν τρόπον συνέταξεν Κύριος τῷ Μωυσῇ.",18,,0,,0,False,True,False
37,1,Êxodo 37:1,וַיַּ֧עַשׂ בְּצַלְאֵ֛ל אֶת־ הָאָרֹ֖ן עֲצֵ֣י שִׁטִּ֑ים אַמָּתַ֨יִם וָחֵ֜צִי אָרְכּ֗וֹ וְאַמָּ֤ה וָחֵ֨צִי֙ רָחְבּ֔וֹ וְאַמָּ֥ה וָחֵ֖צִי קֹמָתֽוֹ ׃,ויעש בצלאל את הארנ עצי שטימ אמתימ וחצי ארכו ואמה וחצי רחבו ואמה וחצי קמתו,16,ועבד בצלאל ית ארונא דאעי שטין תרתין אמין ופלגא ארכיה ואמתא ופלגא פתיה ואמתא ופלגא רומיה:,16,Καὶ ἐποίησαν τῇ σκηνῇ δέκα αὐλαίας·,6,ܘܥܒ̣ܕ ܒܨܠܝܐܝܠ ܩܒܘܬܐ ܕܩܝܣܐ ܕܐܫܟܪܥܐ. ܬܪ̈ܬܝܢ ܐ̈ܡܝܢ ܘܦ̣ܠܓ ܐܘܪܟܗ̇. ܘܐܡܐ ܘܦ̣ܠܓ ܦ̣ܬܝܗ̇. ܘܐܡܐ ܘܦ̣ܠܓ ܪܘܡܗ̇.,15,"Fez também Bezalel a arca de madeira de acácia; o seu comprimento era de dois côvados e meio, a sua largura de um côvado e meio, e a sua altura de um côvado e meio.",35,True,True,True
37,2,Êxodo 37:2,וַיְצַפֵּ֛הוּ זָהָ֥ב טָה֖וֹר מִבַּ֣יִת וּמִח֑וּץ וַיַּ֥עַשׂ ל֛וֹ זֵ֥ר זָהָ֖ב סָבִֽיב ׃,ויצפהו זהב טהור מבית ומחוצ ויעש לו זר זהב סביב,11,וחפהי דהב דכי מגו ומברא ועבד ליה דיר דדהב סחור סחור:,11,ὀκτὼ καὶ εἴκοσι πήχεων μῆκος τῆς αὐλαίας τῆς μιᾶς· τὸ αὐτὸ ἦσαν πάσαις· καὶ τεσσάρων πηχῶν τὸ εὖρος τῆς αὐλαίας τῆς μιᾶς.,22,ܘܩܪܡܗ̇ ܕܗܒܐ ܕܟܝܐ. ܡܢ ܠܓܘ ܘܡܢ ܠܒܪ. ܘܥܒ̣ܕ ܠܗ̇ ܟܠܝܠܐ ܕܕܗܒܐ ܟܕ ܚܕܪܐ.,13,"Cobriu-a de ouro puro por dentro e por fora, fez-lhe uma moldura de ouro ao redor,",16,True,True,True
37,3,Êxodo 37:3,וַיִּצֹ֣ק ל֗וֹ אַרְבַּע֙ טַבְּעֹ֣ת זָהָ֔ב עַ֖ל אַרְבַּ֣ע פַּעֲמֹתָ֑יו וּשְׁתֵּ֣י טַבָּעֹ֗ת עַל־ צַלְעוֹ֙ הָֽאֶחָ֔ת וּשְׁתֵּי֙ טַבָּע֔וֹת עַל־ צַלְע֖וֹ הַשֵּׁנִֽית ׃,ויצק לו ארבע טבעת זהב על ארבע פעמתיו ושתי טבעת על צלעו האחת ושתי טבעות על צלעו השנית,19,ואתיך ליה ארבע עזקן דדהב על ארבע זויתיה ותרתין עזקן על סטריה חד ותרתין עזקן על סטריה תניתא:,18,"καὶ ἐποίησεν τὸ καταπέτασμα ἐξ ὑακίνθου καὶ πορφύρας καὶ κοκκίνου νενησμένου καὶ βύσσου κεκλωσμένης, ἔργον ὑφάντου χερουβείμ·",17,ܘܚܫ̣ܠ ܠܗ̇ ܐܪ̈ܒܥ ܙܩܙܩ̈ܢ ܕܕܗܒܐ ܥܠ ܐܪ̈ܒܥ ܙܘܝ̈ܬܗ̇. ܬܪ̈ܬܝܢ ܙܩ̈ܙܩܢ ܥܠ ܣܛܪܗ̇ ܚܕ. ܘܬܪ̈ܬܝܢ ܙܩܙ̈ܩܢ ܥܠ ܣܛܪܗ̇ ܐܚܪܢܐ.,18,"e fundiu-lhe quatro argolas de ouro nos seus quatro cantos, duas argolas num lado e duas no outro.",18,True,True,True
37,4,Êxodo 37:4,וַיַּ֥עַשׂ בַּדֵּ֖י עֲצֵ֣י שִׁטִּ֑ים וַיְצַ֥ף אֹתָ֖ם זָהָֽב ׃,ויעש בדי עצי שטימ ויצפ אתמ זהב,8,ועבד אריחי דאעי שטין וחפא יתהון דהבא:,7,"καὶ ἐπέθηκαν αὐτὸ ἐπὶ τέσσαρες στύλους ἀσήπτους κατακεχρυσωμένους ἐν χρυσίῳ· καὶ αἱ κεφαλίδες αὐτῶν χρυσαῖ, καὶ αἱ βάσεις αὐτῶν τέσσαρες ἀργυραῖ.",21,ܘܥܒ̣ܕ ܩܘ̈ܦܐ ܕܩܝܣܐ ܕܐܫܟܪܥܐ. ܘܩ̣ܪܡ ܐܢܘܢ ܕܗܒܐ.,7,"Também fez varais de madeira de acácia, e os cobriu de ouro;",12,True,True,True
37,5,Êxodo 37:5,וַיָּבֵ֤א אֶת־ הַבַּדִּים֙ בַּטַּבָּעֹ֔ת עַ֖ל צַלְעֹ֣ת הָאָרֹ֑ן לָשֵׂ֖את אֶת־ הָאָרֹֽן ׃,ויבא את הבדימ בטבעת על צלעת הארנ לשאת את הארנ,11,ואעל ית אריחיא בעזקתא על סטרי ארונא למטל ית ארונא:,10,"καὶ ἐποίησαν τὸ καταπέτασμα τῆς θύρας τῆς σκηνῆς τοῦ μαρτυρίου ἐξ ὑακίνθου καὶ πορφύρας καὶ κοκκίνου νενησμένου καὶ βύσσου κεκλωσμένης, ἔργον ὑφαντὸν τοῦ χερουβείμ,",24,ܘܐܥܠ ܩ̈ܘܦܐ ܒܙܩ̈ܙܩܬܐ. ܥܠ ܣܛܪ̈ܝܗ̇ ܕܩܒܘܬܐ. ܠܡܫܩܠܗ̇ ܠܩܒܘܬܐ.,8,"e meteu os varais pelas argolas aos lados da arca, para se levar a arca.",15,True,True,True
37,6,Êxodo 37:6,וַיַּ֥עַשׂ כַּפֹּ֖רֶת זָהָ֣ב טָה֑וֹר אַמָּתַ֤יִם וָחֵ֨צִי֙ אָרְכָּ֔הּ וְאַמָּ֥ה וָחֵ֖צִי רָחְבָּֽהּ ׃,ויעש כפרת זהב טהור אמתימ וחצי ארכה ואמה וחצי רחבה,11,ועבד כפרתא דהב דכי תרתין אמין ופלגא ארכה ואמתא ופלגא פתיה:,11,"καὶ τοὺς στύλους αὐτῶν πέντε καὶ τοὺς κρίκους· καὶ τὰς κεφαλίδας αὐτῶν κατεχρύσωσαν χρυσίῳ, καὶ αἱ βάσεις αἱ πέντε χαλκαῖ.",20,ܘܥܒ̣ܕ ܚܘܣܝܐ ܕܕܗܒܐ ܕܟܝܐ. ܬܪ̈ܬܝܢ ܐܡ̈ܝܢ ܘܦ̣ܠܓ ܐܘܪܟܗ. ܘܐܡܐ ܘܦ̣ܠܓ ܦܬܝܗ .,12,"Fez também um propiciatório de ouro puro; o seu comprimento era de dois côvados e meio, e a sua largura de um côvado e meio.",25,True,True,True
37,7,Êxodo 37:7,וַיַּ֛עַשׂ שְׁנֵ֥י כְרֻבִ֖ים זָהָ֑ב מִקְשָׁה֙ עָשָׂ֣ה אֹתָ֔ם מִשְּׁנֵ֖י קְצ֥וֹת הַכַּפֹּֽרֶת ׃,ויעש שני כרבימ זהב מקשה עשה אתמ משני קצות הכפרת,11,ועבד תרין כרובין דדהב נגיד עבד יתהון מתרין סטרי כפרתא:,10,"Καὶ ἐποίησαν τὴν αὐλήν· τὰ πρὸς λίβα, ἱστία τῆς αὐλῆς ἐκ βύσσου κεκλωσμένης ἑκατὸν ἐφ᾽ ἑκατόν·",16,ܘܥܒ̣ܕ ܬܪ̈ܝܢ ܟܪ̈ܘܒܐ ܕܕܗܒܐ. ܕܢܣܟܬܐ ܥܒ̣ܕ ܐܢܘܢ ܡܢ ܬܪ̈ܝܢ ܣܛܪ̈ܘܗܝ ܕܚܘܣܝܐ.,11,"Fez também dois querubins de ouro; de ouro batido os fez nas duas extremidades do propiciatório,",16,True,True,True
37,8,Êxodo 37:8,כְּרוּב־ אֶחָ֤ד מִקָּצָה֙ מִזֶּ֔ה וּכְרוּב־ אֶחָ֥ד מִקָּצָ֖ה מִזֶּ֑ה מִן־ הַכַּפֹּ֛רֶת עָשָׂ֥ה אֶת־ הַכְּרֻבִ֖ים מִשְּׁנֵ֥י קצוותו ׃,כרוב אחד מקצה מזה וכרוב אחד מקצה מזה מנ הכפרת עשה את הכרבימ משני קצוותו,16,כרובא חד מסטרא מכא וכרובא חד מסטרא מכא מן כפרתא עבד ית כרוביא מתרין סטרוהי:,15,"καὶ οἱ στύλοι αὐτῶν εἴκοσι, καὶ αἱ βάσεις αὐτῶν εἴκοσι.",10,ܟܪܘܒܐ ܚܕ ܡܢ ܣܛܪܗ ܡܟܐ . ܘܟܪܘܒܐ ܐܚܪܢܐ ܡܢ ܣܛܪܗ ܐܚܪܢܐ ܠܥܠ ܡܢ ܚܘܣܝܐ ܥܒ̣ܕ ܟܪ̈ܘܒܐ. ܡܢ ܬܪ̈ܝܢ ܣܛܪ̈ܘܗܝ.,19,"um querubim numa extremidade, e o outro querubim na outra; de uma só peça com o propiciatório fez os querubins nas duas extremidades dele.",24,True,True,True
37,9,Êxodo 37:9,וַיִּהְי֣וּ הַכְּרֻבִים֩ פֹּרְשֵׂ֨י כְנָפַ֜יִם לְמַ֗עְלָה סֹֽכְכִ֤ים בְּכַנְפֵיהֶם֙ עַל־ הַכַּפֹּ֔רֶת וּפְנֵיהֶ֖ם אִ֣ישׁ אֶל־ אָחִ֑יו אֶל־ הַכַּפֹּ֔רֶת הָי֖וּ פְּנֵ֥י הַכְּרֻבִֽים ׃ פ,ויהיו הכרבימ פרשי כנפימ למעלה סככימ בכנפיהמ על הכפרת ופניהמ איש אל אחיו אל הכפרת היו פני הכרבימ פ,20,והוו כרוביא פריסן גדפיהון לעלא נטלין בגדפיהון על כפרתא ואפיהון חד לקבל חד לקבל כפרתא הוו אפי כרוביא:,18,"καὶ τὸ κλίτος τὸ πρὸς βορρᾶν ἑκατὸν ἐφ᾽ ἑκατόν, καὶ τὸ κλίτος τὸ πρὸς νότον ἑκατὸν ἐφ᾽ ἑκατόν· καὶ οἱ στύλοι αὐτῶν εἴκοσι, καὶ αἱ βάσεις αὐτῶν εἴκοσι.",28,ܘܗ̣ܘܘ ܟܪ̈ܘܒܐ ܦܪܝܣܝܢ ܓܦܝ̈ܗܘܢ ܡܢ ܠܥܠ. ܘܡܛܠܝܢ ܒܓ̈ܦܝܗܘܢ ܥܠ ܚܘܣܝܐ. ܘܐ̈ܦܝܗܘܢ ܚܕ ܠܘܩܒܠ ܚܕ. ܥܠ ܚܘܣܝܐ ܗ̈ܘܝ ܐ̈ܦܝܗܘܢ ܕܟܪ̈ܘܒܐ.,19,"E os querubins estendiam as suas asas por cima do propiciatório, cobrindo-o com as asas, tendo as faces voltadas um para o outro; para o propiciatório estavam voltadas as faces dos querubins.",32,True,True,True
37,10,Êxodo 37:10,וַיַּ֥עַשׂ אֶת־ הַשֻּׁלְחָ֖ן עֲצֵ֣י שִׁטִּ֑ים אַמָּתַ֤יִם אָרְכּוֹ֙ וְאַמָּ֣ה רָחְבּ֔וֹ וְאַמָּ֥ה וָחֵ֖צִי קֹמָתֽוֹ ׃,ויעש את השלחנ עצי שטימ אמתימ ארכו ואמה רחבו ואמה וחצי קמתו,13,ועבד ית פתורא דאעי שטין תרתין אמין ארכיה ואמתא פתיה ואמתא ופלגא רומיה:,13,"καὶ τὸ κλίτος τὸ πρὸς θάλασσαν αὐλαῖαι πεντήκοντα πήχεων· στύλοι αὐτῶν δέκα, καὶ ⸂⸆⸃ αἱ βάσεις αὐτῶν δέκα.",18,ܘܥܒ̣ܕ ܦܬܘܪܐ ܕܩܝܣܐ ܕܐܫܟܪܥܐ. ܬܪ̈ܬܝܢ ܐܡ̈ܝܢ ܐܘܪܟܗ. ܘܐܡܐ ܦܬܝܗ. ܘܐܡܐ ܘܦܠܓ ܪܘܡܗ.,12,"Fez também a mesa de madeira de acácia; o seu comprimento era de dois côvados, a sua largura de um côvado, e a sua altura de um côvado e meio.",30,True,True,True
37,11,Êxodo 37:11,וַיְצַ֥ף אֹת֖וֹ זָהָ֣ב טָה֑וֹר וַיַּ֥עַשׂ ל֛וֹ זֵ֥ר זָהָ֖ב סָבִֽיב ׃,ויצפ אתו זהב טהור ויעש לו זר זהב סביב,10,וחפא יתיה דהב דכי ועבד ליה דיר דדהב סחור סחור:,10,"καὶ τὸ κλίτος τὸ πρὸς ἀνατολὰς πεντήκοντα πήχεων, τὸ κατὰ νώτου·",11,ܘܩܪܡܗ ܕܗܒܐ ܕܟܝܐ. ܘܥܒ̣ܕ ܠܗ ܟܠܝܠܐ ܕܕܗܒܐ ܥܠ ܣܦܬܗ ܟܕ ܚܕܪ.,11,"cobriu-a de ouro puro, e fez-lhe uma moldura de ouro ao redor.",12,True,True,True
37,12,Êxodo 37:12,וַיַּ֨עַשׂ ל֥וֹ מִסְגֶּ֛רֶת טֹ֖פַח סָבִ֑יב וַיַּ֧עַשׂ זֵר־ זָהָ֛ב לְמִסְגַּרְתּ֖וֹ סָבִֽיב ׃,ויעש לו מסגרת טפח סביב ויעש זר זהב למסגרתו סביב,11,ועבד ליה גדנפא רומיה פושכא סחור סחור ועבד דיר דדהב לגדנפיה סחור סחור:,13,"καὶ οἱ στύλοι αὐτῶν τρεῖς, καὶ αἱ βάσεις αὐτῶν τρεῖς.",10,ܘܥܒ̣ܕ ܠܗ ܣܦܬܐ ܦܫܟ ܟܕ ܚܕܪ. ܘܥܒ̣ܕ ܠܗ ܟܠܝܠܐ ܕܕܗܒܐ ܥܠ ܣܦܬܗ ܟܕ ܚ̇ܕܪ.,14,"Fez-lhe também ao redor uma guarnição de quatro dedos de largura, e ao redor na guarnição fez uma moldura de ouro.",21,True,True,True
37,13,Êxodo 37:13,וַיִּצֹ֣ק ל֔וֹ אַרְבַּ֖ע טַבְּעֹ֣ת זָהָ֑ב וַיִּתֵּן֙ אֶת־ הַטַּבָּעֹ֔ת עַ֚ל אַרְבַּ֣ע הַפֵּאֹ֔ת אֲשֶׁ֖ר לְאַרְבַּ֥ע רַגְלָֽיו ׃,ויצק לו ארבע טבעת זהב ויתנ את הטבעת על ארבע הפאת אשר לארבע רגליו,15,ואתיך ליה ארבע עזקן דדהב ויהב ית עזקתא על ארבע זויתא די לארבע רגלוהי:,14,"καὶ ἐπὶ τοῦ νώτου τοῦ δευτέρου ἔνθεν καὶ ἔνθεν κατὰ τὴν πύλην τῆς αὐλῆς αὐλαῖαι ἑκατὸν πεντήκοντα πήχεων· στύλοι αὐτῶν τρεῖς, καὶ αἱ βάσεις αὐτῶν τρεῖς.",26,ܘܚܫ̣ܠ ܠܗ ܐܪ̈ܒܥ ܙܩܙܩ̈ܢ ܕܕܗܒܐ. ܘܝܗ̣ܒ ܙܩ̈ܙܩܬܐ ܥܠ ܐܪ̈ܒܥ ܙܘܝ̈ܬܗ. ܥܠ ܐܪ̈ܒܥ ܪ̈ܓܠܘܗܝ.,13,Fundiu-lhe também nos quatro cantos que estavam sobre os seus quatro pés.,12,True,True,True
37,14,Êxodo 37:14,לְעֻמַּת֙ הַמִּסְגֶּ֔רֶת הָי֖וּ הַטַּבָּעֹ֑ת בָּתִּים֙ לַבַּדִּ֔ים לָשֵׂ֖את אֶת־ הַשֻּׁלְחָֽן ׃,לעמת המסגרת היו הטבעת בתימ לבדימ לשאת את השלחנ,10,לקבל גדנפא הוו עזקתא אתרא לאריחיא למטל ית פתורא:,9,πᾶσαι αἱ αὐλαῖαι τῆς σκηνῆς ἐκ βύσσου κεκλωσμένης·,8,ܠܘܩܒܠ ܣܦܬܗ ܗ̈ܘܝ ܙܩ̈ܙܩܬܗ. ܕܘܟܬܐ ܠܩ̈ܘܦܐ ܠܡܫܩܠܗ ܠܦܬܘܪܐ.,8,"Junto da guarnição estavam as argolas para os lugares dos varais, para se levar a mesa.",16,True,True,True
37,15,Êxodo 37:15,וַיַּ֤עַשׂ אֶת־ הַבַּדִּים֙ עֲצֵ֣י שִׁטִּ֔ים וַיְצַ֥ף אֹתָ֖ם זָהָ֑ב לָשֵׂ֖את אֶת־ הַשֻּׁלְחָֽן ׃,ויעש את הבדימ עצי שטימ ויצפ אתמ זהב לשאת את השלחנ,12,ועבד ית אריחיא דאעי שטין וחפא יתהון דהבא למטל ית פתורא:,11,"καὶ αἱ βάσεις τῶν στύλων αὐτῶν χαλκαῖ, καὶ αἱ ἀγκύλαι αὐτῶν ἀργυραῖ, καὶ αἱ κεφαλίδες αὐτῶν περιηργυρωμέναι ἀργυρίῳ, καὶ οἱ στύλοι περιηργυρωμένοι ἀργυρίῳ, πάντες οἱ στύλοι τῆς αὐλῆς.",28,ܘܥܒ̣ܕ ܩ̈ܘܦܐ ܕܩܝܣܐ ܕܐܫܟܪܥܐ. ܘܩ̣ܪܡ ܐܢܘܢ ܕܗܒܐ. ܠܡܫܩܠ ܒܗܘܢ ܦܬܘܪܐ.,10,"Fez também estes varais de madeira de acácia, e os cobriu de ouro, para se levar a mesa.",18,True,True,True
37,16,Êxodo 37:16,וַיַּ֜עַשׂ אֶֽת־ הַכֵּלִ֣ים ׀ אֲשֶׁ֣ר עַל־ הַשֻּׁלְחָ֗ן אֶת־ קְעָרֹתָ֤יו וְאֶת־ כַּפֹּתָיו֙ וְאֵת֙ מְנַקִּיֹּתָ֔יו וְאֶת־ הַקְּשָׂוֺ֔ת אֲשֶׁ֥ר יֻסַּ֖ךְ בָּהֵ֑ן זָהָ֖ב טָהֽוֹר ׃ פ,ויעש את הכלימ אשר על השלחנ את קערתיו ואת כפתיו ואת מנקיתיו ואת הקשות אשר יסכ בהנ זהב טהור פ,22,ועבד ית מניא די על פתורא ית מגיסוהי וית בזיכוהי וית מכילתיה וית קשותא די יתנסך בהון דהב דכי:,19,"καὶ τὸ καταπέτασμα τῆς πύλης τῆς αὐλῆς ἔργον ποικιλτοῦ ἐξ ὑακίνθου καὶ πορφύρας καὶ κοκκίνου νενησμένου καὶ βύσσου κεκλωσμένης, εἴκοσι πήχεων τὸ μῆκος, καὶ τὸ ὕψος καὶ τὸ εὖρος πέντε πήχεων, ἐξισούμενον τοῖς ἱστίοις τῆς αὐλῆς·",36,ܘܥܒ̣ܕ ܡ̈ܐܢܐ ܕܥܠ ܦܬܘܪܐ. ܡܓܣ̈ܘܗܝ ܘܟ̈ܦܘܗܝ ܘܙܒܘܪ̈ܘܗܝ. ܘܡܢܩ̈ܝܬܐ ܕܡܬܢ̇ܩܐ ܒܗܝܢ ܕܕܗܒܐ ܕܟܝܐ.,12,"E de ouro puro fez os utensílios que haviam de estar sobre a mesa, os seus pratos e as suas colheres, as suas tigelas e os seus cântaros, com que se haviam de oferecer as libações.",36,True,True,True
37,17,Êxodo 37:17,וַיַּ֥עַשׂ אֶת־ הַמְּנֹרָ֖ה זָהָ֣ב טָה֑וֹר מִקְשָׁ֞ה עָשָׂ֤ה אֶת־ הַמְּנֹרָה֙ יְרֵכָ֣הּ וְקָנָ֔הּ גְּבִיעֶ֛יהָ כַּפְתֹּרֶ֥יהָ וּפְרָחֶ֖יהָ מִמֶּ֥נָּה הָיֽוּ ׃,ויעש את המנרה זהב טהור מקשה עשה את המנרה ירכה וקנה גביעיה כפתריה ופרחיה ממנה היו,17,ועבד ית מנרתא דהב דכי נגיד עבד ית מנרתא שידה וקנה כלידהא חזורהא ושושנהא מנה הוו:,16,"καὶ οἱ στύλοι αὐτῶν τέσσαρες, καὶ αἱ βάσεις αὐτῶν τέσσαρες χαλκαῖ, καὶ ἀγκύλαι αὐτῶν ἀργυραῖ, καὶ αἱ κεφαλίδες αὐτῶν περιηργυρωμέναι ἀργυρίῳ.",21,ܘܥܒ̣ܕ ܡܢܪܬܐ ܕܕܗܒܐ ܕܟܝܐ. ܕܢܣܟܬܐ ܥܒ̣ܕܗ̇ ܠܡܢܪܬܐ. ܒܣܣ ܕܝܠܗ̇ ܘܩ̈ܢܝܗ̇. ܘܐܣ̈ܩܦܝܗ̇ ܘܚܙܘܪ̈ܝܗ̇ ܘܫ̈ܘܫܢܝܗ̇ ܡܢܗ̇ ܗܘܘ.,15,"Fez também o candelabro de ouro puro; de ouro batido fez o candelabro, tanto o seu pedestal como a sua haste; os seus copos, os seus cálices e as suas corolas formavam com ele uma só peça.",37,True,True,True
37,18,Êxodo 37:18,וְשִׁשָּׁ֣ה קָנִ֔ים יֹצְאִ֖ים מִצִּדֶּ֑יהָ שְׁלֹשָׁ֣ה ׀ קְנֵ֣י מְנֹרָ֗ה מִצִּדָּהּ֙ הָֽאֶחָ֔ד וּשְׁלֹשָׁה֙ קְנֵ֣י מְנֹרָ֔ה מִצִּדָּ֖הּ הַשֵּׁנִֽי ׃,וששה קנימ יצאימ מצדיה שלשה קני מנרה מצדה האחד ושלשה קני מנרה מצדה השני,16,ושתא קנין נפקין מסטרהא תלתא קני מנרתא מסטרה חד ותלתא קני מנרתא מסטרה תנינא:,14,"καὶ αὐτοὶ περιηργυρωμένοι ἀργυρίῳ, καὶ πάντες οἱ πάσσαλοι τῆς αὐλῆς κύκλῳ χαλκοῖ.",12,ܘܫܬܐ ܩ̈ܢܝܢ ܕܢܦܩܝܢ ܡܢ ܣܛܪ̈ܝܗ̇. ܬܠܬܐ ܩܢ̈ܝ ܡܢܪܬܐ ܡܢ ܣܛܪܗ̇ ܚܕ. ܘܬܠܬܐ ܩܢ̈ܝ ܡܢܪܬܐ ܡܢ ܣܛܪܗ̇ ܐܚܪܢܐ.,17,Dos seus lados saíam seis braços: três de um lado do candelabro e três do outro lado.,17,True,True,True
37,19,Êxodo 37:19,שְׁלֹשָׁ֣ה גְ֠בִעִים מְֽשֻׁקָּדִ֞ים בַּקָּנֶ֣ה הָאֶחָד֮ כַּפְתֹּ֣ר וָפֶרַח֒ וּשְׁלֹשָׁ֣ה גְבִעִ֗ים מְשֻׁקָּדִ֛ים בְּקָנֶ֥ה אֶחָ֖ד כַּפְתֹּ֣ר וָפָ֑רַח כֵּ֚ן לְשֵׁ֣שֶׁת הַקָּנִ֔ים הַיֹּצְאִ֖ים מִן־ הַמְּנֹרָֽה ׃,שלשה גבעימ משקדימ בקנה האחד כפתר ופרח ושלשה גבעימ משקדימ בקנה אחד כפתר ופרח כנ לששת הקנימ היצאימ מנ המנרה,21,תלתא כלידין מצירין בקניא חד חזור ושושן ותלתא כלידין מצירין בקניא חד חזור ושושן כן לשתא קנין דנפקין מן מנרתא:,20,"Καὶ αὕτη ἡ σύνταξις τῆς σκηνῆς τοῦ μαρτυρίου, καθὰ συνετάγη Μωσῇ, τὴν λειτουργίαν εἶναι τῶν Λευειτῶν διὰ Ἰθαμὰρ τοῦ υἱοῦ Ἀαρὼν τοῦ ἱερέως.",23,ܬܠܬܐ ܐܣ̈ܩܦܝܢ ܩܒܝܥܝܢ ܒܩܢܝܐ ܚܕ ܘܚܙܘܪ̈ܐ ܘܫ̈ܘܫܢܐ. ܘܬܠܬܐ ܐܣ̈ܩܦܝܢ ܩܒܝܥܝܢ ܒܩܢܝܐ ܚܕ ܘܚܙܘܪ̈ܐ ܘܫ̈ܘܫܢܐ. ܗܟܢܐ ܒܫܬܐ ܩ̈ܢܝܢ ܕܢܦܩܝܢ ܡܢܗ̇ ܡܢ ܡܢܪܬܐ.,21,"Em um braço havia três copos a modo de flores de amêndoa, com cálice e corola; igualmente no outro braço três copos a modo de flores de amêndoa, com cálice e corola; assim se fez com os seis braços que saíam do candelabro.",43,True,True,True
37,20,Êxodo 37:20,וּבַמְּנֹרָ֖ה אַרְבָּעָ֣ה גְבִעִ֑ים מְשֻׁ֨קָּדִ֔ים כַּפְתֹּרֶ֖יהָ וּפְרָחֶֽיהָ ׃,ובמנרה ארבעה גבעימ משקדימ כפתריה ופרחיה,7,ובמנרתא ארבעא כלידין מצירין חזורהא ושושנהא:,6,"καὶ Βεσελεὴλ ὁ τοῦ Οὐρείου ἐκ φυλῆς Ἰούδα ἐποίησεν καθὰ συνέταξεν Κύριος τῷ Μωσῇ,",14,ܘܒܡܢܪܬܐ ܐܪ̈ܒܥܐ ܐܣܩ̈ܦܝܢ ܩܒܝܥܝܢ. ܘܚܙܘܪ̈ܐ ܘܫ̈ܘܫܢܐ.,6,"Mas na haste central havia quatro copos a modo de flores de amêndoa, com os seus cálices e as suas corolas;",21,True,True,True
37,21,Êxodo 37:21,וְכַפְתֹּ֡ר תַּחַת֩ שְׁנֵ֨י הַקָּנִ֜ים מִמֶּ֗נָּה וְכַפְתֹּר֙ תַּ֣חַת שְׁנֵ֤י הַקָּנִים֙ מִמֶּ֔נָּה וְכַפְתֹּ֕ר תַּֽחַת־ שְׁנֵ֥י הַקָּנִ֖ים מִמֶּ֑נָּה לְשֵׁ֨שֶׁת֙ הַקָּנִ֔ים הַיֹּצְאִ֖ים מִמֶּֽנָּה ׃,וכפתר תחת שני הקנימ ממנה וכפתר תחת שני הקנימ ממנה וכפתר תחת שני הקנימ ממנה לששת הקנימ היצאימ ממנה,20,וחזור תחות תרין קנין מנה וחזור תחות תרין קנין מנה וחזור תחות תרין קנין מנה לשתא קנין דנפקין מנה:,19,"καὶ Ἐλιὰβ ὁ τοῦ Ἀχισαμὰκ ἐκ τῆς φυλῆς Δάν, ὃς ἠρχιτεκτόνησεν τὰ ὑφαντὰ καὶ τὰ ῥαφιδευτὰ καὶ ποικιλτικά, ὑφᾶναι τῷ κοκκίνῳ καὶ τῇ βύσσῳ.",24,ܚܙܘܪܐ ܬܚܝܬ ܬܪ̈ܝܢ ܩ̈ܢܝܢ ܕܡܢܗ̇. ܘܚܙܘܪܐ ܬܚܝܬ ܬܪ̈ܝܢ ܩ̈ܢܝܢ ܕܡܢܗ̇. ܘܚܙܘܪܐ ܬܚܝܬ ܬܪ̈ܝܢ ܩ̈ܢܝܢ ܕܡܢܗ̇ . ܗܟܢܐ ܠܫܬܐ ܩ̈ܢܝܢ ܕܢܦܩܝܢ ܡܢܗ̇ ܡܢ ܡܢܪܬܐ.,23,"também havia um cálice debaixo de dois braços, formando com a haste uma só peça, e outro cálice debaixo de dois outros braços, de uma só peça com a haste, e ainda outro cálice debaixo de dois outros braços, de uma só peça com a haste; e assim se fez para os seis braços que saíam da haste.",58,True,True,True
37,22,Êxodo 37:22,כַּפְתֹּרֵיהֶ֥ם וּקְנֹתָ֖ם מִמֶּ֣נָּה הָי֑וּ כֻּלָּ֛הּ מִקְשָׁ֥ה אַחַ֖ת זָהָ֥ב טָהֽוֹר ׃,כפתריהמ וקנתמ ממנה היו כלה מקשה אחת זהב טהור,10,חזוריהון וקניהון מנה הוו כלה נגידא חדא דהב דכי:,9,,0,ܘܚܙܘܪ̈ܝܗ̇ ܘܩ̈ܢܝܗ̇ ܡܢܗ̇ ܗܘ̣ܘ. ܟܠܗ̇ ܕܢܣܟܬܐ ܚܕܐ ܕܕܗܒܐ ܕܟܝܐ.,9,Os seus cálices e os seus braços formavam uma só peça com a haste; o todo era uma obra batida de ouro puro.,23,True,False,True
37,23,Êxodo 37:23,וַיַּ֥עַשׂ אֶת־ נֵרֹתֶ֖יהָ שִׁבְעָ֑ה וּמַלְקָחֶ֥יהָ וּמַחְתֹּתֶ֖יהָ זָהָ֥ב טָהֽוֹר ׃,ויעש את נרתיה שבעה ומלקחיה ומחתתיה זהב טהור,9,ועבד ית בוצינהא שבעא וצביתהא ומחתיתהא דהב דכי:,8,,0,ܘܥܒ̣ܕ ܫܪ̈ܓܝܗ̇ ܫܒܥܐ ܘܡܠܩ̈ܛܝܗ̇ ܘܟ̈ܦܝܗ̇ ܕܕܗܒܐ ܕܟܝܐ.,7,"Também de ouro puro lhe fez as lâmpadas, em número de sete, com os seus espevitadores e os seus cinzeiros.",20,True,False,True
37,24,Êxodo 37:24,כִּכָּ֛ר זָהָ֥ב טָה֖וֹר עָשָׂ֣ה אֹתָ֑הּ וְאֵ֖ת כָּל־ כֵּלֶֽיהָ ׃ פ,ככר זהב טהור עשה אתה ואת כל כליה פ,10,ככרא דהב דכי עבד יתה וית כל מנהא:,8,,0,ܡܢ ܟܟܪܐ ܕܕܗܒܐ ܕܟܝܐ ܥܒ̣ܕܗ̇. ܠܗ̇ ܘܠܟܠܗܘܢ ܡܐ̈ܢܝܗ̇.,8,De um talento de ouro puro fez o candelabro e todos os seus utensílios.,14,True,False,True
37,25,Êxodo 37:25,וַיַּ֛עַשׂ אֶת־ מִזְבַּ֥ח הַקְּטֹ֖רֶת עֲצֵ֣י שִׁטִּ֑ים אַמָּ֣ה אָרְכּוֹ֩ וְאַמָּ֨ה רָחְבּ֜וֹ רָב֗וּעַ וְאַמָּתַ֨יִם֙ קֹֽמָת֔וֹ מִמֶּ֖נּוּ הָי֥וּ קַרְנֹתָֽיו ׃,ויעש את מזבח הקטרת עצי שטימ אמה ארכו ואמה רחבו רבוע ואמתימ קמתו ממנו היו קרנתיו,17,ועבד ית מדבחא דקטרת בוסמיא דאעי שטין אמתא ארכיה ואמתא פתיה מרבע ותרתין אמין רומיה מניה הוו קרנוהי:,18,,0,ܘܥܒ̣ܕ ܡܕܒܚܐ ܕܥܛܪܐ ܕܩܝܣܐ ܕܐܫܟܪܥܐ. ܐܡܐ ܐܘܪܟܗ ܘܐܡܐ ܦܬܝܗ ܡܪܒܥ. ܘܬܪ̈ܬܝܢ ܐܡ̈ܝܢ ܪܘܡܗ. ܡܢܗ ܗ̈ܘܝ ܩܪ̈ܢܬܗ.,16,"De madeira de acácia fez o altar do incenso; de um côvado era o seu comprimento, e de um côvado a sua largura, quadrado, e de dois côvados a sua altura; as suas pontas formavam uma só peça com ele.",40,True,False,True
37,26,Êxodo 37:26,וַיְצַ֨ף אֹת֜וֹ זָהָ֣ב טָה֗וֹר אֶת־ גַּגּ֧וֹ וְאֶת־ קִירֹתָ֛יו סָבִ֖יב וְאֶת־ קַרְנֹתָ֑יו וַיַּ֥עַשׂ ל֛וֹ זֵ֥ר זָהָ֖ב סָבִֽיב ׃,ויצפ אתו זהב טהור את גגו ואת קירתיו סביב ואת קרנתיו ויעש לו זר זהב סביב,17,וחפא יתיה דהב דכי ית אגריה וית כתלוהי סחור סחור וית קרנוהי ועבד ליה דיר דדהב סחור סחור:,18,,0,ܘܩܪܡ̣ܗ ܕܗܒܐ ܕܟܝܐ. ܠܐܓܪܗ ܘܠܐ̈ܣܘܗܝ ܟܕ ܚܕܪ ܘܠܩܪ̈ܢܬܗ. ܘܥܒ̣ܕ ܠܗ ܟܠܝܠܐ ܕܕܗܒܐ ܟܕ ܚܕܪ.,14,"Cobriu-o de ouro puro, tanto a face superior como as suas paredes ao redor, e as suas pontas, e fez-lhe uma moldura de ouro ao redor.",26,True,False,True
37,27,Êxodo 37:27,וּשְׁתֵּי֩ טַבְּעֹ֨ת זָהָ֜ב עָֽשָׂה־ ל֣וֹ ׀ מִתַּ֣חַת לְזֵר֗וֹ עַ֚ל שְׁתֵּ֣י צַלְעֹתָ֔יו עַ֖ל שְׁנֵ֣י צִדָּ֑יו לְבָתִּ֣ים לְבַדִּ֔ים לָשֵׂ֥את אֹת֖וֹ בָּהֶֽם ׃,ושתי טבעת זהב עשה לו מתחת לזרו על שתי צלעתיו על שני צדיו לבתימ לבדימ לשאת אתו בהמ,20,ותרתין עזקן דדהב עבד ליה מלרע לדיריה על תרתין זויתיה על תרין סטרוהי לאתרא לאריחיא למטל יתיה בהון:,18,,0,ܘܬܪ̈ܬܝܢ ܙܩܙܩ̈ܢ ܕܕܗܒܐ. ܥܒ̣ܕ ܠܗ ܠܬܚܬ ܡܢ ܟܠܝܠܗ. ܥܠ ܬܪ̈ܬܝܢ ܙܘܝ̈ܬܗ. ܥܠ ܬܪ̈ܝܢ ܣܛܪ̈ܘܗܝ. ܕܘܟܬܐ ܠܩ̈ܘܦܐ ܠܡܫܩܠܗ ܒܗܘܢ.,18,"Fez-lhe também duas argolas de ouro debaixo da sua moldura, nos dois cantos de ambos os lados, como lugares dos varais, para com eles se levar o altar.",28,True,False,True
37,28,Êxodo 37:28,וַיַּ֥עַשׂ אֶת־ הַבַּדִּ֖ים עֲצֵ֣י שִׁטִּ֑ים וַיְצַ֥ף אֹתָ֖ם זָהָֽב ׃,ויעש את הבדימ עצי שטימ ויצפ אתמ זהב,9,ועבד ית אריחיא דאעי שטין וחפא יתהון דהבא:,8,,0,ܘܥܒ̣ܕ ܩ̈ܘܦܐ ܕܩܝܣܐ ܕܐܫܟܪܥܐ. ܘܩܪܡ ܐܢܘܢ ܕܗܒܐ.,7,"E os varais fez de madeira de acácia, e os cobriu de ouro.",13,True,False,True
37,29,Êxodo 37:29,וַיַּ֜עַשׂ אֶת־ שֶׁ֤מֶן הַמִּשְׁחָה֙ קֹ֔דֶשׁ וְאֶת־ קְטֹ֥רֶת הַסַּמִּ֖ים טָה֑וֹר מַעֲשֵׂ֖ה רֹקֵֽחַ ׃ פ,ויעש את שמנ המשחה קדש ואת קטרת הסמימ טהור מעשה רקח פ,13,ועבד ית משחא דרבותא קודשא וית קטרת בוסמיא דכי עובד בוסמנו:,11,,0,ܘܥܒ̣ܕ ܡܫܚܐ ܡܫܝܚܘܬ ܩܘܕܫܐ. ܘܥܛܪܐ ܕܒܣ̈ܡܐ ܕܟ̈ܝܐ. ܥܒ̇ܕܐ ܡܒܣܡܐ.,9,"Também fez o óleo sagrado da unção, e o incenso aromático, puro, qual obra do perfumista.",16,True,False,True
38,1,Êxodo 38:1,וַיַּ֛עַשׂ אֶת־ מִזְבַּ֥ח הָעֹלָ֖ה עֲצֵ֣י שִׁטִּ֑ים חָמֵשׁ֩ אַמּ֨וֹת אָרְכּ֜וֹ וְחָֽמֵשׁ־ אַמּ֤וֹת רָחְבּוֹ֙ רָב֔וּעַ וְשָׁלֹ֥שׁ אַמּ֖וֹת קֹמָתֽוֹ ׃,ויעש את מזבח העלה עצי שטימ חמש אמות ארכו וחמש אמות רחבו רבוע ושלש אמות קמתו,17,ועבד ית מדבחא דעלתא דאעי שטין חמש אמין ארכיה וחמש אמין פתיה מרבע ותלתא אמין רומיה:,16,"Καὶ ἐποίησεν Βεσελεὴλ τὴν κιβωτόν,",5,ܘܥܒ̣ܕ ܡܕܒܚܐ ܕܝܩܕܐ ܕܩܝܣܐ ܕܐܫܟܪܥܐ. ܚܡܫ ܐ̈ܡܝܢ ܐܘܪܟܗ. ܘܚܡܫ ܐ̈ܡܝܢ ܦܬܝܗ ܡܪ̣ܒܥ. ܘܬܠܬ ܐܡ̈ܝܢ ܪܘܡܗ.,15,"Fez também o altar do holocausto de madeira de acácia; de cinco côvados era o seu comprimento e de cinco côvados a sua largura, quadrado, e de três côvados a sua altura.",32,True,True,True
38,2,Êxodo 38:2,וַיַּ֣עַשׂ קַרְנֹתָ֗יו עַ֚ל אַרְבַּ֣ע פִּנֹּתָ֔יו מִמֶּ֖נּוּ הָי֣וּ קַרְנֹתָ֑יו וַיְצַ֥ף אֹת֖וֹ נְחֹֽשֶׁת ׃,ויעש קרנתיו על ארבע פנתיו ממנו היו קרנתיו ויצפ אתו נחשת,12,ועבד קרנוהי על ארבע זויתיה מניה הוו קרנוהי וחפא יתיה נחשא:,11,καὶ κατεχρύσωσεν αὐτὴν χρυσίῳ καθαρῷ ἔσωθεν καὶ ἔξωθεν.,8,ܘܥܒ̣ܕ ܩܪ̈ܢܬܗ ܥܠ ܐܪ̈ܒܥ ܙܘܝ̈ܬܗ. ܡܢܗ ܗ̈ܘܝ ܩܪ̈ܢܬܗ. ܘܩܪܡܗ ܢܚܫܐ.,10,E fez-lhe pontas nos seus quatro cantos; as suas pontas formavam uma só peça com ele; e cobriu-o de bronze.,20,True,True,True
38,3,Êxodo 38:3,וַיַּ֜עַשׂ אֶֽת־ כָּל־ כְּלֵ֣י הַמִּזְבֵּ֗חַ אֶת־ הַסִּירֹ֤ת וְאֶת־ הַיָּעִים֙ וְאֶת־ הַמִּזְרָקֹ֔ת אֶת־ הַמִּזְלָגֹ֖ת וְאֶת־ הַמַּחְתֹּ֑ת כָּל־ כֵּלָ֖יו עָשָׂ֥ה נְחֹֽשֶׁת ׃,ויעש את כל כלי המזבח את הסירת ואת היעימ ואת המזרקת את המזלגת ואת המחתת כל כליו עשה נחשת,20,ועבד ית כל מני מדבחא ית פסכתרותא וית מגרופיתא וית מזרקתא ית צנוריתא וית מחתיתא כל מנוהי עבד נחשא:,19,"καὶ ἐχώνευσεν αὐτῇ τέσσαρες δακτυλίους χρυσοῦς, δύο ἐπὶ τὸ κλίτος τὸ ἓν καὶ δύο ἐπὶ τὸ κλίτος τὸ δεύτερον,",19,ܘܥܒ̣ܕ ܟܠܗܘܢ ܡܐ̈ܢܘܗܝ ܕܡܕܒܚܐ . ܩܕܣ̈ܐ ܘܐܝܪ̈ܐ ܘܩܪ̈ܕܠܐ. ܘܫܚ̈ܠܐ ܘܡܫ̈ܠܘܬܐ ܘܦܝܪ̈ܡܐ. ܘܟܠܗܘܢ ܡܐ̈ܢܘܗܝ ܥܒ̣ܕ ܕܢܚܫܐ.,15,"Fez também todos os utensílios do altar: os cinzeiros, as pás, as bacias, os garfos e os braseiros; todos os seus utensílios fez de bronze.",25,True,True,True
38,4,Êxodo 38:4,וַיַּ֤עַשׂ לַמִּזְבֵּ֨חַ֙ מִכְבָּ֔ר מַעֲשֵׂ֖ה רֶ֣שֶׁת נְחֹ֑שֶׁת תַּ֧חַת כַּרְכֻּבּ֛וֹ מִלְּמַ֖טָּה עַד־ חֶצְיֽוֹ ׃,ויעש למזבח מכבר מעשה רשת נחשת תחת כרכבו מלמטה עד חציו,12,ועבד למדבחא סרדא עובד מצדתא דנחשא תחות סובביה מלרע עד פלגיה:,11,εὐρεῖς τοῖς διωστῆρσιν ὥστε αἴρειν αὐτὴν ἐν αὐτοῖς.,8,ܘܥܒ̣ܕ ܠܡܕܒܚܐ ܩܪܩܠ. ܥܒ̇ܕܐ ܕܡܨܝܕܬܐ ܕܢܚܫܐ ܬܚܝܬ ܫܦܘ̈ܠܘܗܝ. ܡܢ ܠܬܚܬ ܥܕܡܐ ܠܦܠܓܗ.,12,"Fez também para o altar um crivo de bronze em forma de rede, em baixo da borda ao redor, chegando ele até o meio do altar.",26,True,True,True
38,5,Êxodo 38:5,וַיִּצֹ֞ק אַרְבַּ֧ע טַבָּעֹ֛ת בְּאַרְבַּ֥ע הַקְּצָוֺ֖ת לְמִכְבַּ֣ר הַנְּחֹ֑שֶׁת בָּתִּ֖ים לַבַּדִּֽים ׃,ויצק ארבע טבעת בארבע הקצות למכבר הנחשת בתימ לבדימ,10,ואתיך ארבע עזקתא בארבע סטרתא לסרדא דנחשא אתרא לאריחיא:,9,"καὶ ἐποίησεν τὸ ἱλαστήριον ἐπάνωθεν τῆς κιβωτοῦ ἐκ χρυσίου,",9,ܘܚܫ̣ܠ ܠܗ ܐܪ̈ܒܥ ܙܩ̈ܙܩܢ ܒܐܪ̈ܒܥ ܙܘܝ̈ܬܗ. ܠܒܣܣ ܕܢܚܫܐ. ܕܘܟܬܐ ܠܩ̈ܘܦܐ.,10,"E fundiu quatro argolas para as quatro extremidades do crivo de bronze, como lugares dos varais.",16,True,True,True
38,6,Êxodo 38:6,וַיַּ֥עַשׂ אֶת־ הַבַּדִּ֖ים עֲצֵ֣י שִׁטִּ֑ים וַיְצַ֥ף אֹתָ֖ם נְחֹֽשֶׁת ׃,ויעש את הבדימ עצי שטימ ויצפ אתמ נחשת,9,ועבד ית אריחיא דאעי שטין וחפא יתהון נחשא:,8,καὶ τοὺς δύο χερουβεὶμ χρυσοῦς·,5,ܘܥܒ̣ܕ ܩ̈ܘܦܐ ܕܩܝܣܐ ܕܐܫܟܪܥܐ. ܘܩܪܡ ܐܢܘܢ ܢܚܫܐ.,7,"E fez os varais de madeira de acácia, e os cobriu de bronze.",13,True,True,True
38,7,Êxodo 38:7,וַיָּבֵ֨א אֶת־ הַבַּדִּ֜ים בַּטַּבָּעֹ֗ת עַ֚ל צַלְעֹ֣ת הַמִּזְבֵּ֔חַ לָשֵׂ֥את אֹת֖וֹ בָּהֶ֑ם נְב֥וּב לֻחֹ֖ת עָשָׂ֥ה אֹתֽוֹ ׃ ס,ויבא את הבדימ בטבעת על צלעת המזבח לשאת אתו בהמ נבוב לחת עשה אתו ס,16,ואעיל ית אריחיא בעזקתא על סטרי מדבחא למטל יתיה בהון חליל לוחין עבד יתיה:,14,"χεροὺβ ἕνα ἐπὶ τὸ ἄκρον τοῦ ἱλαστηρίου καὶ χεροὺβ ἕνα ἐπὶ τὸ ἄκρον τοῦ ἱλαστηρίου τὸν δεύτερον,",17,ܘܐܥܠ ܩܘ̈ܦܐ ܒܙܩ̈ܙܩܬܐ. ܥܠ ܣܛܪ̈ܘܗܝ ܕܡܕܒܚܐ ܠܡܫܩܠܗ ܒܗܘܢ. ܚܠܝܠܐ ܕܕ̈ܦܐ ܥܒ̣ܕܗ.,11,"E meteu os varais pelas argolas aos lados do altar, para com eles se levar o altar; fê-lo oco, de tábuas.",21,True,True,True
38,8,Êxodo 38:8,וַיַּ֗עַשׂ אֵ֚ת הַכִּיּ֣וֹר נְחֹ֔שֶׁת וְאֵ֖ת כַּנּ֣וֹ נְחֹ֑שֶׁת בְּמַרְאֹת֙ הַצֹּ֣בְאֹ֔ת אֲשֶׁ֣ר צָֽבְא֔וּ פֶּ֖תַח אֹ֥הֶל מוֹעֵֽד ׃ ס,ויעש את הכיור נחשת ואת כנו נחשת במראת הצבאת אשר צבאו פתח אהל מועד ס,16,ועבד ית כיורא נחשא וית בסיסיה נחשא במחזין נשיא דאתין לצלאה בתרע משכן זמנא:,14,σκιάζοντα ταῖς πτέρυξιν αὐτῶν ἐπὶ τὸ ἱλαστήριον.,7,ܘܥܒ̣ܕ ܠܩܢܐ ܕܢܚܫܐ. ܘܟܢܐ ܕܝܠܗ̇ ܕܢܚܫܐ. ܒܝܬ ܡܚܙܝܐ ܕܢܫ̈ܐ ܕܐܬ̈ܝܢ ܠܡܨܠܝܘ ܒܬܪܥܐ ܕܡܫܟܢ ܙܒܢܐ.,14,"Fez também a pia de bronze com a sua base de bronze, dos espelhos das mulheres que se reuniam e ministravam à porta da tenda da revelação.",27,True,True,True
38,9,Êxodo 38:9,וַיַּ֖עַשׂ אֶת־ הֶחָצֵ֑ר לִפְאַ֣ת ׀ נֶ֣גֶב תֵּימָ֗נָה קַלְעֵ֤י הֶֽחָצֵר֙ שֵׁ֣שׁ מָשְׁזָ֔ר מֵאָ֖ה בָּאַמָּֽה ׃,ויעש את החצר לפאת נגב תימנה קלעי החצר שש משזר מאה באמה,14,ועבד ית דרתא לרוח עבר דרומא סרדי דרתא דבוץ שזיר מאה באמין:,12,"Καὶ ἐποίησεν τὴν τράπεζαν τὴν προκειμένην ἐκ χρυσίου καθαροῦ,",9,ܘܥܒ̣ܕ ܕܪܬܐ ܠܣܛܪܐ ܕܪܘܚܐ ܕܬܝܡܢܐ. ܣܕܪ̈ܐ ܕܕܪܬܐ ܕܒܘܨܐ ܥܙܝܠܐ ܡܐܐ ܐ̈ܡܝܢ.,11,"Fez também o átrio. Para o lado meridional as cortinas eram de linho fino torcido, de cem côvados de comprimento.",20,True,True,True
38,10,Êxodo 38:10,עַמּוּדֵיהֶ֣ם עֶשְׂרִ֔ים וְאַדְנֵיהֶ֥ם עֶשְׂרִ֖ים נְחֹ֑שֶׁת וָוֵ֧י הָעַמֻּדִ֛ים וַחֲשֻׁקֵיהֶ֖ם כָּֽסֶף ׃,עמודיהמ עשרימ ואדניהמ עשרימ נחשת ווי העמדימ וחשקיהמ כספ,10,עמודיהון עסרין וסמכיהון עסרין נחשא ווי עמודיא וכבושיהון כסף:,9,"καὶ ἐχώνευσεν αὐτῇ τέσσαρες δακτυλίους, δύο ἐπὶ τοῦ κλίτους τοῦ ἑνὸς καὶ δύο ἐπὶ τοῦ κλίτους τοῦ δευτέρου, εὐρεῖς ὥστε αἴρειν τοῖς διωστῆρσιν ἐν αὐτοῖς.",25,ܥܡ̈ܘܕܝܗܘܢ ܥܣܪ̈ܝܢ ܘܣܡܟܝ̈ܗܘܢ ܥܣܪ̈ܝܢ ܕܢܚܫܐ. ܘܩܘܒ̈ܥܝܗܘܢ ܕܥܡ̈ܘܕܐ ܘܩܪܡܗܘܢ ܕܣܐܡܐ .,10,"As suas colunas eram vinte, e vinte as suas bases, todas de bronze; os colchetes das colunas e as suas faixas eram de prata.",24,True,True,True
38,11,Êxodo 38:11,וְלִפְאַ֤ת צָפוֹן֙ מֵאָ֣ה בָֽאַמָּ֔ה עַמּוּדֵיהֶ֣ם עֶשְׂרִ֔ים וְאַדְנֵיהֶ֥ם עֶשְׂרִ֖ים נְחֹ֑שֶׁת וָוֵ֧י הָֽעַמּוּדִ֛ים וַחֲשֻׁקֵיהֶ֖ם כָּֽסֶף ׃,ולפאת צפונ מאה באמה עמודיהמ עשרימ ואדניהמ עשרימ נחשת ווי העמודימ וחשקיהמ כספ,14,ולרוח צפונא מאה אמין עמודיהון עסרין וסמכיהון עסרין נחשא ווי עמודיא וכבושיהון דכסף:,13,"καὶ τοὺς διωστῆρας τῆς κιβωτοῦ καὶ τῆς τραπέζης ἐποίησεν, καὶ κατεχρύσωσεν αὐτοὺς χρυσίῳ.",13,ܘܠܣܛܪܐ ܕܓܪܒܝܐ ܡܐܐ ܐܡ̈ܝܢ. ܥܡ̈ܘܕܝܗܘܢ ܥܣܪ̈ܝܢ ܘܣܡ̈ܟܝܗܘܢ ܥܣܪ̈ܝܢ ܕܢܚܫܐ. ܘܩܘܒ̈ܥܝܗܘܢ ܕܥܡ̈ܘܕܐ ܘܩܪܡܗܘܢ ܕܣܐܡܐ .,14,"Para o lado setentrional as cortinas eram de cem côvados; as suas colunas eram vinte, e vinte as suas bases, todas de bronze; os colchetes das colunas e as suas faixas eram de prata.",34,True,True,True
38,12,Êxodo 38:12,וְלִפְאַת־ יָ֗ם קְלָעִים֙ חֲמִשִּׁ֣ים בָּֽאַמָּ֔ה עַמּוּדֵיהֶ֥ם עֲשָׂרָ֔ה וְאַדְנֵיהֶ֖ם עֲשָׂרָ֑ה וָוֵ֧י הָעַמֻּדִ֛ים וַחֲשׁוּקֵיהֶ֖ם כָּֽסֶף ׃,ולפאת ימ קלעימ חמשימ באמה עמודיהמ עשרה ואדניהמ עשרה ווי העמדימ וחשוקיהמ כספ,14,ולרוח מערבא סרדין חמשין באמין עמודיהון עסרא וסמכיהון עסרא ווי עמודיא וכבושיהון דכסף:,13,"καὶ ἐποίησεν τὰ σκεύη τῆς τραπέζης, τά τε τρυβλία καὶ τὰς θυίσκας καὶ τοὺς κυάθους καὶ τὰ σπόνδια, ἐν οἷς σπείσει ἐν αὐτοῖς, χρυσᾶ.",24,ܘܠܣܛܪܐ ܕܡܥܪܒܐ. ܣܕܪ̈ܐ ܚܡܫܝܢ ܐܡ̈ܝܢ. ܥܡ̈ܘܕܝܗܘܢ ܥܣܪܐ. ܘܣܡ̈ܟܝܗܘܢ ܥܣܪܐ ܘܩ̈ܘܒܥܝܗܘܢ ܕܥܡ̈ܘܕܐ ܘܩܪܡܗܘܢ ܕܣܐܡܐ .,14,"Para o lado ocidental as cortinas eram de cinqüenta côvados; as suas colunas eram dez, e as suas bases dez; os colchetes das colunas e as suas faixas eram de prata.",31,True,True,True
38,13,Êxodo 38:13,וְלִפְאַ֛ת קֵ֥דְמָה מִזְרָ֖חָה חֲמִשִּׁ֥ים אַמָּֽה ׃,ולפאת קדמה מזרחה חמשימ אמה,6,ולרוח קדומא מדינחא חמשין אמין:,5,"Καὶ ἐποίησεν τὴν λυχνίαν ἣ φωτίζει χρυσῆν,",7,ܘܠܣܛܪܐ ܕܪܘܚܐ ܕܡܕܢܚܐ. ܚܡܫܝܢ ܐܡ̈ܝܢ.,5,E para o lado oriental eram as cortinas de cinqüenta côvados.,11,True,True,True
38,14,Êxodo 38:14,קְלָעִ֛ים חֲמֵשׁ־ עֶשְׂרֵ֥ה אַמָּ֖ה אֶל־ הַכָּתֵ֑ף עַמּוּדֵיהֶ֣ם שְׁלֹשָׁ֔ה וְאַדְנֵיהֶ֖ם שְׁלֹשָֽׁה ׃,קלעימ חמש עשרה אמה אל הכתפ עמודיהמ שלשה ואדניהמ שלשה,11,סרדין חמש עסרי אמין לעברא עמודיהון תלתא וסמכיהון תלתא:,9,"στερεὰν τὸν καυλόν, καὶ τοὺς καλαμίσκους ἐξ ἀμφοτέρων τῶν μερῶν αὐτῆς·",11,ܣܕܪ̈ܐ ܘܚܡܫܥܣܪܐ ܐܡ̈ܝܢ ܠܣܛܪܐ. ܥܡ̈ܘܕܝܗܘܢ ܬܠܬܐ ܘܣܡ̈ܟܝܗܘܢ ܬܠܬܐ.,8,As cortinas para um lado da porta eram de quinze côvados; as suas colunas eram três e as suas bases três.,21,True,True,True
38,15,Êxodo 38:15,וְלַכָּתֵ֣ף הַשֵּׁנִ֗ית מִזֶּ֤ה וּמִזֶּה֙ לְשַׁ֣עַר הֶֽחָצֵ֔ר קְלָעִ֕ים חֲמֵ֥שׁ עֶשְׂרֵ֖ה אַמָּ֑ה עַמֻּדֵיהֶ֣ם שְׁלֹשָׁ֔ה וְאַדְנֵיהֶ֖ם שְׁלֹשָֽׁה ׃,ולכתפ השנית מזה ומזה לשער החצר קלעימ חמש עשרה אמה עמדיהמ שלשה ואדניהמ שלשה,15,ולעברא תניתא מכא ומכא לתרע דרתא סרדין חמש עסרי אמין עמודיהון תלתא וסמכיהון תלתא,14,"ἐκ τῶν καλαμίσκων αὐτῆς οἱ βλαστοὶ ἐξέχοντες, τρεῖς ἐκ τούτου καὶ τρεῖς ἐκ τούτου, ἐξισούμενοι ἀλλήλοις·",16,ܘܠܣܛܪܐ ܐܚܪܢܐ ܡܟܐ ܘܡܟܐ ܠܬܪܥܐ ܕܕܪܬܐ. ܣܕܪ̈ܐ ܚܡܫܥܣܪ̈ܐ ܐܡ̈ܝܢ ܠܣܛܪܐ. ܥܡ̈ܘܕܝܗܘܢ ܬܠܬܐ ܘܣܡ̈ܟܝܗܘܢ ܬܠܬܐ.,14,Do mesmo modo para o outro lado; de um e de outro lado da porta do átrio havia cortinas de quinze côvados; as suas colunas eram três e as suas bases três.,32,True,True,True
38,16,Êxodo 38:16,כָּל־ קַלְעֵ֧י הֶחָצֵ֛ר סָבִ֖יב שֵׁ֥שׁ מָשְׁזָֽר ׃,כל קלעי החצר סביב שש משזר,7,כל סרדי דדרתא סחור סחור דבוץ שזיר:,7,"καὶ τὰ λαμπάδια αὐτῶν ἅ ἐστιν ἐπὶ τῶν ἄκρων, καρυωτὰ ἐξ αὐτῶν· καὶ τὰ ἐνθέμια ἐξ αὐτῶν, ἵνα ὦσιν ἐπ᾽ αὐτῶν οἱ λύχνοι καὶ τὸ ἐνθέμιον τὸ ἕβδομον ἀπ᾽ ἄκρου τοῦ λαμπαδίου ἐπὶ κορυφῆς ἄνωθεν, στερεὸν ὅλον χρυσοῦν·",38,ܟܠܗܘܢ ܣܕܪ̈ܐ ܕܕܪܬܐ ܟܕ ܚܕܪܐ ܕܒܘܨܐ ܥܙܝܠܐ.,7,Todas as cortinas do átrio ao redor eram de linho fino torcido.,12,True,True,True
38,17,Êxodo 38:17,וְהָאֲדָנִ֣ים לָֽעַמֻּדִים֮ נְחֹשֶׁת֒ וָוֵ֨י הָֽעַמּוּדִ֜ים וַחֲשׁוּקֵיהֶם֙ כֶּ֔סֶף וְצִפּ֥וּי רָאשֵׁיהֶ֖ם כָּ֑סֶף וְהֵם֙ מְחֻשָּׁקִ֣ים כֶּ֔סֶף כֹּ֖ל עַמֻּדֵ֥י הֶחָצֵֽר ׃,והאדנימ לעמדימ נחשת ווי העמודימ וחשוקיהמ כספ וצפוי ראשיהמ כספ והמ מחשקימ כספ כל עמדי החצר,17,וסמכיא לעמודיא נחשא ווי עמודיא וכבושיהון דכסף וחפוי רישיהון דכסף ואנון מכבשין דכסף כל עמודי דרתא:,16,"καὶ ἑπτὰ λύχνους ἐπ᾽ αὐτῆς χρυσοῦς, καὶ τὰς λαβίδας αὐτῆς χρυσᾶς, καὶ τὰς ἐπαρυστρίδας αὐτῶν χρυσᾶς.",16,ܘܣ̈ܡܟܐ ܠܥܡ̈ܘܕܐ ܕܢܚܫܐ. ܘܩ̈ܘܒܥܝܗܘܢ ܕܥܡ̈ܘܕܐ ܘܩܪܡܗܘܢ ܕܣܐܡܐ . ܘܩܪܡܐ ܕܪ̈ܫܝܗܘܢ ܕܣܐܡܐ . ܘܗ̣ܢܘܢ ܩܪܝܡܝܢ ܣܐܡܐ . ܟܠܗܘܢ ܥܡ̈ܘܕܐ ܕܕܪܬܐ.,19,As bases das colunas eram de bronze; os colchetes das colunas e as suas faixas eram de prata; o revestimento dos seus capitéis era de prata; e todas as colunas do átrio eram cingidas de faixas de prata.,38,True,True,True
38,18,Êxodo 38:18,וּמָסַ֞ךְ שַׁ֤עַר הֶחָצֵר֙ מַעֲשֵׂ֣ה רֹקֵ֔ם תְּכֵ֧לֶת וְאַרְגָּמָ֛ן וְתוֹלַ֥עַת שָׁנִ֖י וְשֵׁ֣שׁ מָשְׁזָ֑ר וְעֶשְׂרִ֤ים אַמָּה֙ אֹ֔רֶךְ וְקוֹמָ֤ה בְרֹ֨חַב֙ חָמֵ֣שׁ אַמּ֔וֹת לְעֻמַּ֖ת קַלְעֵ֥י הֶחָצֵֽר ׃,ומסכ שער החצר מעשה רקמ תכלת וארגמנ ותולעת שני ושש משזר ועשרימ אמה ארכ וקומה ברחב חמש אמות לעמת קלעי החצר,22,ופרסא דתרע דרתא עובד ציר תכלא וארגונא וצבע זהורי ובוץ שזיר ועסרין אמין ארכא ורומא בפותיא חמש אמין לקבל סרדי דרתא:,21,"Οὗτος περιηργύρωσεν τοὺς στύλους, καὶ ἐχώνευσεν τῷ στύλῳ δακτυλίους χρυσοῦς, καὶ ἐχρύσωσεν τοὺς μοχλοὺς χρυσίῳ, καὶ κατεχρύσωσεν τοὺς στύλους τοῦ καταπετάσματος χρυσίῳ, καὶ ἐποίησεν τὰς ἀγκύλας χρυσᾶς.",27,ܘܦܪܣܐ ܕܬܪܥܐ ܕܕܪܬܐ. ܥܒ̇ܕܐ ܕܨܝܪܐ . ܬܟܠܬܐ ܘܐܪܓܘܢܐ ܘܨܘܒܥܐ ܕܙܚܘܪܝܬܐ ܘܒܘܨܐ ܥܙܝܠܐ. ܥܣܪ̈ܝܢ ܐ̈ܡܝܢ ܐܘܪܟܐ. ܘܪܘܡܐ ܘܦܬܝܐ ܚܡܫ ܐܡ̈ܝܢ. ܠܘܩܒܠ ܣܕܪ̈ܐ ܕܕܪܬܐ.,22,"O reposteiro da porta do átrio era de azul, púrpura, carmesim e linho fino torcido, obra de bordador; o comprimento era de vinte côvados, e a altura, na largura, de cinco côvados, conforme a altura das cortinas do átrio.",39,True,True,True
38,19,Êxodo 38:19,וְעַמֻּֽדֵיהֶם֙ אַרְבָּעָ֔ה וְאַדְנֵיהֶ֥ם אַרְבָּעָ֖ה נְחֹ֑שֶׁת וָוֵיהֶ֣ם כֶּ֔סֶף וְצִפּ֧וּי רָאשֵׁיהֶ֛ם וַחֲשֻׁקֵיהֶ֖ם כָּֽסֶף ׃,ועמדיהמ ארבעה ואדניהמ ארבעה נחשת וויהמ כספ וצפוי ראשיהמ וחשקיהמ כספ,12,ועמודיהון ארבעא וסמכיהון ארבעא נחשא וויהון דכסף וחפוי רישיהון וכבושיהון דכסף:,11,"οὗτος ἐποίησεν καὶ τοὺς κρίκους τῆς σκηνῆς χρυσοῦς, καὶ τοὺς κρίκους τῆς αὐλῆς καὶ κρίκους εἰς τὸ ἐκτείνειν τὸ κατακάλυμμα ἄνωθεν χαλκοῦς.",22,ܥܡ̈ܘܕܝܗܘܢ ܐܪ̈ܒܥܐ ܘܣܡ̈ܟܝܗܘܢ ܐܪ̈ܒܥܐ ܕܢܚܫܐ. ܘܩ̈ܘܒܥܝܗܘܢ ܕܣܐܡܐ . ܘܩܪܡܐ ܕܪ̈ܫܝܗܘܢ ܘܩܪܡܗܘܢ ܕܣܐܡܐ .,13,"As suas colunas eram quatro, e quatro as suas bases, todas de bronze; os seus colchetes eram de prata, como também o revestimento dos capitéis, e as suas faixas.",29,True,True,True
38,20,Êxodo 38:20,וְֽכָל־ הַיְתֵדֹ֞ת לַמִּשְׁכָּ֧ן וְלֶחָצֵ֛ר סָבִ֖יב נְחֹֽשֶׁת ׃ ס,וכל היתדת למשכנ ולחצר סביב נחשת ס,8,וכל סכיא למשכנא ולדרתא סחור סחור דנחשא:,7,"οὗτος ἐχώνευσεν τὰς κεφαλίδας τὰς ἀργυρᾶς τῆς σκηνῆς, καὶ τὰς κεφαλίδας τὰς χαλκᾶς τῆς θύρας τῆς σκηνῆς, καὶ τὴν πύλην τῆς αὐλῆς· καὶ ἀγκύλας ἐποίησεν τοῖς στύλοις ἀργυρᾶς ἐπὶ τῶν στύλων· οὗτος περιηργύρωσεν αὐτάς.",34,ܘܟܠܗܝܢ ܣ̈ܟܐ ܕܡܫܟܢܐ ܘܕܕܪܬܐ ܟܕ ܚܕܪܐ ܕܢܚܫܐ.,7,E todas as estacas do tabernáculo e do átrio ao redor eram de bronze.,14,True,True,True
38,21,Êxodo 38:21,אֵ֣לֶּה פְקוּדֵ֤י הַמִּשְׁכָּן֙ מִשְׁכַּ֣ן הָעֵדֻ֔ת אֲשֶׁ֥ר פֻּקַּ֖ד עַל־ פִּ֣י מֹשֶׁ֑ה עֲבֹדַת֙ הַלְוִיִּ֔ם בְּיַד֙ אִֽיתָמָ֔ר בֶּֽן־ אַהֲרֹ֖ן הַכֹּהֵֽן ׃,אלה פקודי המשכנ משכנ העדת אשר פקד על פי משה עבדת הלוימ ביד איתמר בנ אהרנ הכהנ,18,אלין מניני משכנא משכנא דסהדותא די אתמני על מימרא דמשה פלחן ליואי בידא דאיתמר בר אהרן כהנא:,17,οὗτος ἐποίησεν καὶ τοὺς πασσάλους τῆς αὐλῆς χαλκοῦς.,8,ܗܠܝܢ ܡܢܝ̈ܢܐ ܕܡܫܟܢܐ. ܡܫܟܢܐ ܕܣܗܕܘܬܐ. ܕܐܬܡܢܝܘ ܥܠ ܡܠܬ ܦܘܡܗ ܕܡܘܫܐ. ܦܘܠܚܢܐ ܕܠܘ̈ܝܐ ܒܐܝܕܐ ܕܐܝܬܡܪ ܒܪܗ ܕܐܗܪܘܢ ܟܗܢܐ.,17,"Esta é a enumeração das coisas para o tabernáculo, a saber, o tabernáculo do testemunho, que por ordem de Moisés foram contadas para o ministério dos levitas, por intermédio de Itamar, filho de Arão, o sacerdote.",36,True,True,True
38,22,Êxodo 38:22,וּבְצַלְאֵ֛ל בֶּן־ אוּרִ֥י בֶן־ ח֖וּר לְמַטֵּ֣ה יְהוּדָ֑ה עָשָׂ֕ה אֵ֛ת כָּל־ אֲשֶׁר־ צִוָּ֥ה יְהוָ֖ה אֶת־ מֹשֶֽׁה ׃,ובצלאל בנ אורי בנ חור למטה יהודה עשה את כל אשר צוה יהוה את משה,16,ובצלאל בר אורי בר חור לשבטא דיהודה עבד ית כל די פקיד יי ית משה:,15,"οὗτος ἐποίησεν τὸ θυσιαστήριον τὸ χαλκοῦν ἐκ τῶν πυρείων τῶν χαλκῶν, ἃ ἦσαν τοῖς ἀνδράσιν τοῖς καταστασιάσασι μετὰ τῆς Κόρε συναγωγῆς.",21,ܘܒܨܠܝܐܝܠ ܒܪ ܐܘܪܝ ܒܪ ܚܘܪ ܡܢ ܫܒܛܐ ܕܝܗܘܕܐ. ܥܒ̣ܕ ܟܠ ܡܕܡ ܕܦܩ̇ܕ ܡܪܝܐ ܠܡܘܫܐ.,14,"Fez, pois, Bezalel, filho de Uri, filho de Hur, da tribo de Judá, tudo quanto o Senhor tinha ordenado a Moisés;",21,True,True,True
38,23,Êxodo 38:23,וְאִתּ֗וֹ אָהֳלִיאָ֞ב בֶּן־ אֲחִיסָמָ֛ךְ לְמַטֵּה־ דָ֖ן חָרָ֣שׁ וְחֹשֵׁ֑ב וְרֹקֵ֗ם בַּתְּכֵ֨לֶת֙ וּבָֽאַרְגָּמָ֔ן וּבְתוֹלַ֥עַת הַשָּׁנִ֖י וּבַשֵּֽׁשׁ ׃ ס,ואתו אהליאב בנ אחיסמכ למטה דנ חרש וחשב ורקמ בתכלת ובארגמנ ובתולעת השני ובשש ס,16,ועמיה אהליאב בר אחיסמך לשבטא דדן נגר ואמן וציר בתכלא ובארגונא ובצבע זהורי ובבוצא:,14,"οὗτος ἐποίησεν πάντα τὰ σκεύη τοῦ θυσιαστηρίου, καὶ τὸ πυρεῖον αὐτοῦ καὶ τὴν βάσιν καὶ τὰς φιάλας καὶ τὰς κρεάγρας χαλκᾶς.",21,ܘܥܡܗ ܐܠܝܗܒ ܒܪ ܐܚܝܣܡܟ ܡܢ ܫܒܛܐ ܕܕܢ. ܢܓܪ ܘܐܘܡܢ ܘܨܝܪ. ܒܬܟܠܬܐ ܘܒܐܪܓܘܢܐ . ܘܒܨܘܒܥܐ ܕܙܚܘܪܝܬܐ ܘܒܒܘܨܐ .,17,"e com ele Aoliabe, filho de Aisamaque, da tribo de Dã, gravador, desenhista, e bordador em azul, púrpura, carmesim e linho fino.",22,True,True,True
38,24,Êxodo 38:24,כָּל־ הַזָּהָ֗ב הֶֽעָשׂוּי֙ לַמְּלָאכָ֔ה בְּכֹ֖ל מְלֶ֣אכֶת הַקֹּ֑דֶשׁ וַיְהִ֣י ׀ זְהַ֣ב הַתְּנוּפָ֗ה תֵּ֤שַׁע וְעֶשְׂרִים֙ כִּכָּ֔ר וּשְׁבַ֨ע מֵא֧וֹת וּשְׁלֹשִׁ֛ים שֶׁ֖קֶל בְּשֶׁ֥קֶל הַקֹּֽדֶשׁ ׃,כל הזהב העשוי למלאכה בכל מלאכת הקדש ויהי זהב התנופה תשע ועשרימ ככר ושבע מאות ושלשימ שקל בשקל הקדש,21,כל דהבא דאתעבד לעבידא בכל עבידת קודשא והוה דהב ארמותא עסרין ותשע ככרין ושבע מאה ותלתין סלעין בסלעי קודשא:,19,"οὗτος ἐποίησεν τῷ θυσιαστηρίῳ παράθεμα, ἔργον δικτυωτὸν κάτωθεν τοῦ πυρείου ὑπὸ αὐτὸ ἕως τοῦ ἡμίσους αὐτοῦ· καὶ ἐπέθηκεν αὐτῷ τέσσαρες δακτυλίους ἐκ τῶν τεσσάρων μερῶν τοῦ παραθέματος τοῦ θυσιαστηρίου χαλκοῦς, τοῖς μοχλοῖς εὐρεῖς ὥστε αἴρειν ἐν αὐτοῖς τὸ θυσιαστήριον.",39,ܟܠܗ ܕܗܒܐ ܕܐܬܥܒ̣ܕ ܠܥܒ̇ܕܐ ܒܟܠܗ ܥܒ̇ܕܐ ܕܩܘܕܫܐ. ܗ̇ܘܐ ܕܗܒܐ ܕܦܘܪܫܢܐ. ܥܣܪ̈ܝܢ ܘܬܫܥ ܟܟܪ̈ܝܢ. ܘܐܪ̈ܒܥܡܐܐ ܘܬܠܬܝܢ ܡܬܩ̈ܠܝܢ ܒܡܬܩܠܐ ܕܩܘܕܫܐ.,18,"Todo o ouro gasto na obra, em toda a obra do santuário, a saber, o ouro da oferta, foi vinte e nove talentos e setecentos e trinta siclos, conforme o siclo do santuário.",33,True,True,True
38,25,Êxodo 38:25,וְכֶ֛סֶף פְּקוּדֵ֥י הָעֵדָ֖ה מְאַ֣ת כִּכָּ֑ר וְאֶלֶף֩ וּשְׁבַ֨ע מֵא֜וֹת וַחֲמִשָּׁ֧ה וְשִׁבְעִ֛ים שֶׁ֖קֶל בְּשֶׁ֥קֶל הַקֹּֽדֶשׁ ׃,וכספ פקודי העדה מאת ככר ואלפ ושבע מאות וחמשה ושבעימ שקל בשקל הקדש,14,וכסף מניני כנשתא מאה ככרין ואלף ושבע מאה ושבעין וחמשא סלעין בסלעי קודשא:,13,"οὗτος ἐποίησεν τὸ ἔλαιον τῆς χρίσεως τὸ ἅγιον καὶ τὴν σύνθεσιν τοῦ θυμιάματος, καθαρὸν ἔργον μυρεψοῦ.",16,ܘܣܐܡܐ ܕܡܢܝ̈ܢܐ ܕܟܢܘܫܬܐ. ܡܐܐ ܟܟܪ̈ܝܢ. ܘܐܠܦ ܘܫܒܥܡܐܐ ܘܫܒܥܝܢ ܘܚܡܫܐ ܡܬܩ̈ܠܝܢ ܒܡܬܩܠܐ ܕܩܘܕܫܐ.,12,"A prata dos arrolados da congregação montou em cem talentos e mil setecentos setenta e cinco siclos, conforme o siclo do santuário;",22,True,True,True
38,26,Êxodo 38:26,בֶּ֚קַע לַגֻּלְגֹּ֔לֶת מַחֲצִ֥ית הַשֶּׁ֖קֶל בְּשֶׁ֣קֶל הַקֹּ֑דֶשׁ לְכֹ֨ל הָעֹבֵ֜ר עַל־ הַפְּקֻדִ֗ים מִבֶּ֨ן עֶשְׂרִ֤ים שָׁנָה֙ וָמַ֔עְלָה לְשֵׁשׁ־ מֵא֥וֹת אֶ֨לֶף֙ וּשְׁלֹ֣שֶׁת אֲלָפִ֔ים וַחֲמֵ֥שׁ מֵא֖וֹת וַחֲמִשִּֽׁים ׃,בקע לגלגלת מחצית השקל בשקל הקדש לכל העבר על הפקדימ מבנ עשרימ שנה ומעלה לשש מאות אלפ ושלשת אלפימ וחמש מאות וחמשימ,23,תקלא לגלגלתא פלגות סלעא בסלעי קודשא לכל דעבר על מניניא מבר עסרין שנין ולעלא לשית מאה ותלתא אלפין וחמש מאה וחמשין:,21,"οὗτος ἐποίησεν τὸν λουτῆρα χαλκοῦν καὶ τὴν βάσιν αὐτοῦ χαλκῆν ἐκ τῶν κατόπτρων τῶν νηστευσασῶν αἳ ἐνήστευσαν παρὰ τὰς θύρας τῆς σκηνῆς τοῦ μαρτυρίου, ἐν ᾗ ἡμέρᾳ ἔπηξεν αὐτήν·",29,ܡܬܩܠܐ ܠܪܫܐ ܦܠܓܘܬ ܡܬܩܠܐ ܒܡܬܩ̈ܠܝ ܩܘܕܫܐ. ܟܠ ܕܥܒ̇ܪ ܒܡܢܝܢܐ. ܡܢ ܒܪ ܥܣܪ̈ܝܢ ܫ̈ܢܝܢ ܘܠܥܠ. ܫܬܡܐܐ ܐ̈ܠܦܝܢ ܘܬܠܬܐ ܐ̈ܠܦܝܢ ܘܚܡܫܡܐܐ ܘܚܡܫܝܢ.,20,"um beca para cada cabeça, isto é, meio siclo, conforme o siclo do santuário, de todo aquele que passava para os arrolados, da idade de vinte anos e acima, que foram seiscentos e três mil quinhentos e cinqüenta.",38,True,True,True
38,27,Êxodo 38:27,וַיְהִ֗י מְאַת֙ כִּכַּ֣ר הַכֶּ֔סֶף לָצֶ֗קֶת אֵ֚ת אַדְנֵ֣י הַקֹּ֔דֶשׁ וְאֵ֖ת אַדְנֵ֣י הַפָּרֹ֑כֶת מְאַ֧ת אֲדָנִ֛ים לִמְאַ֥ת הַכִּכָּ֖ר כִּכָּ֥ר לָאָֽדֶן ׃,ויהי מאת ככר הכספ לצקת את אדני הקדש ואת אדני הפרכת מאת אדנימ למאת הככר ככר לאדנ,18,והוה מאה ככרין דכסף לאתכא ית סמכי קודשא וית סמכי דפרכתא מאה סמכין למאה ככרין ככרא לסמכא:,17,"καὶ ἐποίησεν τὸν λουτῆρα, ἵνα νίπτωνται ἐξ αὐτοῦ Μωσῆς καὶ Ἀαρὼν καὶ οἱ υἱοὶ αὐτοῦ τὰς χεῖρας αὐτῶν καὶ τοὺς πόδας, εἰσπορευομένων αὐτῶν εἰς τὴν σκηνὴν τοῦ μαρτυρίου· ἢ ὅταν προσπορεύωνται πρὸς τὸ θυσιαστήριον λειτουργεῖν, ἐνίπτοντο ἐξ αὐτοῦ, καθάπερ συνέταξεν Κύριος τῷ Μωυσῇ.",43,ܘܗ̈ܘܝ ܡܐܐ ܟܟܪ̈ܝܢ ܕܣܐܡܐ . ܠܡܚܫܠ ܣܡ̈ܟܐ ܕܩܘܕܫܐ ܘܣܡ̈ܟܐ ܕܦܪܣܐ. ܡܐܐ ܣܡ̈ܟܝܢ ܡܢ ܡܐܐ ܟܟܪ̈ܝܢ. ܟܟܪܐ ܠܣܡܟܐ.,17,"E houve cem talentos de prata para fundir as bases do santuário e as bases do véu; para cem bases eram cem talentos, um talento para cada base.",28,True,True,True
38,28,Êxodo 38:28,וְאֶת־ הָאֶ֜לֶף וּשְׁבַ֤ע הַמֵּאוֹת֙ וַחֲמִשָּׁ֣ה וְשִׁבְעִ֔ים עָשָׂ֥ה וָוִ֖ים לָעַמּוּדִ֑ים וְצִפָּ֥ה רָאשֵׁיהֶ֖ם וְחִשַּׁ֥ק אֹתָֽם ׃,ואת האלפ ושבע המאות וחמשה ושבעימ עשה ווימ לעמודימ וצפה ראשיהמ וחשק אתמ,14,וית אלפא ושבע מאה ושבעין וחמשא עבד ווין לעמודיא וחפא רישיהון וכבש יתהון:,13,,0,ܘܐܠܦ ܘܫܒܥܡܐܐ ܘܫܒܥܝܢ ܘܚܡܫܐ. ܥܒ̣ܕ ܩ̈ܘܒܥܐ ܠܥܡ̈ܘܕܐ. ܘܩܪܡܐ ܕܪ̈ܫܝܗܘܢ . ܘܩܪܡ ܐܢܘܢ ܣܐܡܐ .,14,"Mas dos mil setecentos e setenta e cinco siclos, fez colchetes para as colunas, e cobriu os seus capitéis e fez-lhes as faixas.",23,True,False,True
38,29,Êxodo 38:29,וּנְחֹ֥שֶׁת הַתְּנוּפָ֖ה שִׁבְעִ֣ים כִּכָּ֑ר וְאַלְפַּ֥יִם וְאַרְבַּע־ מֵא֖וֹת שָֽׁקֶל ׃,ונחשת התנופה שבעימ ככר ואלפימ וארבע מאות שקל,9,ונחשא דארמותא שבעין ככרין ותרין אלפין וארבע מאה סלעין:,9,,0,ܟܠܗ ܢܚܫܐ ܕܦܘܪܫܢܐ ܫܒܥܝܢ ܟܟܪ̈ܝܢ. ܘܬܪ̈ܝܢ ܐ̈ܠܦܝܢ ܘܐܪ̈ܒܥܡܐܐ ܡܬܩ̈ܠܝܢ.,9,E o bronze da oferta foi setenta talentos e dois mil e quatrocentos siclos.,14,True,False,True
38,30,Êxodo 38:30,וַיַּ֣עַשׂ בָּ֗הּ אֶת־ אַדְנֵי֙ פֶּ֚תַח אֹ֣הֶל מוֹעֵ֔ד וְאֵת֙ מִזְבַּ֣ח הַנְּחֹ֔שֶׁת וְאֶת־ מִכְבַּ֥ר הַנְּחֹ֖שֶׁת אֲשֶׁר־ ל֑וֹ וְאֵ֖ת כָּל־ כְּלֵ֥י הַמִּזְבֵּֽחַ ׃,ויעש בה את אדני פתח אהל מועד ואת מזבח הנחשת ואת מכבר הנחשת אשר לו ואת כל כלי המזבח,20,ועבד בה ית סמכי תרע משכן זמנא וית מדבחא דנחשא וית סרדא דנחשא די ליה וית כל מני מדבחא:,19,,0,ܘܥܒ̣ܕ ܒܗ ܣܡ̈ܟܐ ܕܬܪܥܐ ܕܡܫܟܢܙܒܢܐ. ܘܡܕܒܚܐ ܕܢܚܫܐ. ܘܩܪܩܠ ܕܝܠܗ ܕܢܚܫܐ. ܘܟܠܗܘܢ ܡܐ̈ܢܐ ܕܡܕܒܚܐ.,13,"Dele fez as bases da porta da tenda da revelação, o altar de bronze, e o crivo de bronze para ele, todos os utensílios do altar,",26,True,False,True
38,31,Êxodo 38:31,וְאֶת־ אַדְנֵ֤י הֶֽחָצֵר֙ סָבִ֔יב וְאֶת־ אַדְנֵ֖י שַׁ֣עַר הֶחָצֵ֑ר וְאֵ֨ת כָּל־ יִתְדֹ֧ת הַמִּשְׁכָּ֛ן וְאֶת־ כָּל־ יִתְדֹ֥ת הֶחָצֵ֖ר סָבִֽיב ׃,ואת אדני החצר סביב ואת אדני שער החצר ואת כל יתדת המשכנ ואת כל יתדת החצר סביב,18,וית סמכי דדרתא סחור סחור וית סמכי תרע דרתא וית כל סכי משכנא וית כל סכי דרתא סחור סחור:,19,,0,ܘܣܡ̈ܟܐ ܕܕܪܬܐ ܟܕ ܚܕܪܐ. ܘܣܡ̈ܟܐ ܕܬܪܥܐ ܕܕܪܬܐ. ܘܟܠܗܝܢ ܣ̈ܟܐ ܕܡܫܟܢܐ . ܘܟܠܗ̇ܝܢ ܣ̈ܟܐ ܕܕܪܬܐ ܟܕ ܚܕܪܐ.,16,"as bases do átrio ao redor e as bases da porta do átrio, todas as estacas do tabernáculo e todas as estacas do átrio ao redor.",26,True,False,True
39,1,Êxodo 39:1,וּמִן־ הַתְּכֵ֤לֶת וְהָֽאַרְגָּמָן֙ וְתוֹלַ֣עַת הַשָּׁנִ֔י עָשׂ֥וּ בִגְדֵי־ שְׂרָ֖ד לְשָׁרֵ֣ת בַּקֹּ֑דֶשׁ וַֽיַּעֲשׂ֞וּ אֶת־ בִּגְדֵ֤י הַקֹּ֨דֶשׁ֙ אֲשֶׁ֣ר לְאַהֲרֹ֔ן כַּאֲשֶׁ֛ר צִוָּ֥ה יְהוָ֖ה אֶת־ מֹשֶֽׁה ׃ פ,ומנ התכלת והארגמנ ותולעת השני עשו בגדי שרד לשרת בקדש ויעשו את בגדי הקדש אשר לאהרנ כאשר צוה יהוה את משה פ,23,ומן תכלא וארגונא וצבע זהורי עבדו לבושי שמושא לשמשא בקודשא ועבדו ית לבושי קודשא די לאהרן כמא די פקיד יי ית משה:,22,"Πᾶν τὸ χρυσίον ὃ κατειργάσθη εἰς τὰ ἒργα κατὰ πᾶσαν τὴν ἐργασίαν τῶν ἁγίων ἐγένετο χρυσίου τοῦ τῆς ἀπαρχῆς, ἐννέα καὶ εἴκοσι τάλαντα καὶ ἑπτακόσιοι εἴκοσι σίκλοι, κατὰ τὸν σίκλον τὸν ἅγιον.",32,ܘܡܢ ܬܟܠܬܐ ܘܡܢ ܐܪܓܘܢܐ ܘܡܢ ܨܘܒܥܐ ܕܙܚܘܪܝܬܐ. ܥܒ̣ܕܘ ܠܒܘܫ̈ܝ ܬܫܡܫܬܐ ܠܡܫܡܫܘ ܒܩܘܕܫܐ. ܘܥܒ̣ܕܘ ܠܒ̈ܘܫܝ ܩܘܕܫܐ ܠܐܗܪܘܢ ܐܝܟ ܕܦܩ̇ܕ ܡܪܝܐ ܠܡܘܫܐ.,20,"Fizeram também de azul, púrpura e carmesim as vestes, finamente tecidas, para ministrar no lugar santo, e fizeram as vestes sagradas para Arão, como o Senhor ordenara a Moisés.",29,True,True,True
39,2,Êxodo 39:2,וַיַּ֖עַשׂ אֶת־ הָאֵפֹ֑ד זָהָ֗ב תְּכֵ֧לֶת וְאַרְגָּמָ֛ן וְתוֹלַ֥עַת שָׁנִ֖י וְשֵׁ֥שׁ מָשְׁזָֽר ׃,ויעש את האפד זהב תכלת וארגמנ ותולעת שני ושש משזר,11,ועבד ית אפודא דהבא תכלא וארגונא וצבע זהורי ובוץ שזיר:,10,"καὶ ἀργυρίου ἀφαίρεμα παρὰ τῶν ἐπεσκεμμένων ἀνδρῶν τῆς συναγωγῆς ἑκατὸν τάλαντα καὶ χίλιοι ἑπτακόσιοι ἑβδομήκοντα πέντε σίκλοι· δραχμὴ μία τῇ κεφαλῇ τὸ ἥμισυ τοῦ σίκλου, κατὰ τὸν σίκλον τὸν ἅγιον.",30,ܘܥܒ̣ܕܘ ܦܕܬܐ ܕܕܗܒܐ ܬܟܠܬܐ ܘܐܪܓܘܢܐ ܘܨܘܒܥܐ ܕܙܚܘܪܝܬܐ ܘܒܘܨܐ ܥܙܝܠܐ.,9,"Assim se fez o éfode de ouro, azul, púrpura, carmesim e linho fino torcido;",14,True,True,True
39,3,Êxodo 39:3,וַֽיְרַקְּע֞וּ אֶת־ פַּחֵ֣י הַזָּהָב֮ וְקִצֵּ֣ץ פְּתִילִם֒ לַעֲשׂ֗וֹת בְּת֤וֹךְ הַתְּכֵ֨לֶת֙ וּבְת֣וֹךְ הָֽאַרְגָּמָ֔ן וּבְת֛וֹךְ תּוֹלַ֥עַת הַשָּׁנִ֖י וּבְת֣וֹךְ הַשֵּׁ֑שׁ מַעֲשֵׂ֖ה חֹשֵֽׁב ׃,וירקעו את פחי הזהב וקצצ פתילמ לעשות בתוכ התכלת ובתוכ הארגמנ ובתוכ תולעת השני ובתוכ השש מעשה חשב,19,ורדידו ית טסי דהבא וקציצו חוטין למעבד בגו תכלא ובגו ארגונא ובגו צבע זהורי ובגו בוצא עובד אמן:,18,"πᾶς ὁ παραπορευόμενος τὴν ἐπίσκεψιν ἀπὸ εἰκοσαετοῦς καὶ ἐπάνω εἰς τὰς ἑξήκοντα μυριάδας, καὶ τρισχίλιοι πεντακόσιοι καὶ πεντήκοντα.",18,ܘܐܪܩܘ ܛܣ̈ܐ ܕܕܗܒܐ. ܘܦܣܩܘ ܚܘܛܐ ܠܡܥܒܪܘ ܒܓܘ ܬܟܠܬܐ ܘܒܓܘ ܐܪܓܘܢܐ. ܘܒܓܘ ܨܘܒܥܐ ܕܙܚܘܪܝܬܐ ܘܒܓܘ ܒܘܨܐ. ܥܒ̇ܕܐ ܕܐܘܡܢܐ.,17,"bateram o ouro em lâminas delgadas, as quais cortaram em fios, para entretecê-lo no azul, na púrpura, no carmesim e no linho fino, em obra de desenhista;",27,True,True,True
39,4,Êxodo 39:4,כְּתֵפֹ֥ת עָֽשׂוּ־ ל֖וֹ חֹבְרֹ֑ת עַל־ שְׁנֵ֥י קצוותו חֻבָּֽר ׃,כתפת עשו לו חברת על שני קצוותו חבר,9,כתפן עבדו ליה מלפפן על תרין סטרוהי יתלפף:,8,"καὶ ἐγενήθη τὰ ἑκατὸν τάλαντα τοῦ ἀργυρίου εἰς τὴν χώνευσιν τῶν ἑκατὸν κεφαλίδων τῆς σκηνῆς καὶ εἰς τὰς ἑκατὸν κεφαλίδας τοῦ καταπετάσματος,",22,ܟܬ̈ܦܬܐ ܥܒ̣ܕܘ ܠܗ̇ ܡܕܒܩ̈ܬܐ ܥܠ ܬܪ̈ܝܢ ܣܛܪ̈ܝܗ̇ ܡܕܒܩܐ.,8,fizeram-lhe ombreiras que se uniam; assim pelos seus dois cantos superiores foi ele unido.,14,True,True,True
39,5,Êxodo 39:5,וְחֵ֨שֶׁב אֲפֻדָּת֜וֹ אֲשֶׁ֣ר עָלָ֗יו מִמֶּ֣נּוּ הוּא֮ כְּמַעֲשֵׂהוּ֒ זָהָ֗ב תְּכֵ֧לֶת וְאַרְגָּמָ֛ן וְתוֹלַ֥עַת שָׁנִ֖י וְשֵׁ֣שׁ מָשְׁזָ֑ר כַּאֲשֶׁ֛ר צִוָּ֥ה יְהוָ֖ה אֶת־ מֹשֶֽׁה ׃,וחשב אפדתו אשר עליו ממנו הוא כמעשהו זהב תכלת וארגמנ ותולעת שני ושש משזר כאשר צוה יהוה את משה,20,והמין תקוניה די עלוהי מניה הוא כעובדוהי דהבא תכלא וארגונא וצבע זהורי ובוץ שזיר כמא די פקיד יי ית משה:,20,"ἑκατὸν κεφαλίδες εἰς τὰ ἑκατὸν τάλαντα, τάλαντον τῇ κεφαλίδι.",9,ܘܗܡܝܢܐ ܕܦܕܬܐ ܡܢܗ̇ ܗܘܐ ܐܝܟ ܥܒ̇ܕܗ̇. ܕܗܒܐ ܘܬܟܠܬܐ ܘܐܪܓܘܢܐ. ܘܨܘܒܥܐ ܕܙܚܘܪܝܬܐ ܘܒܘܨܐ ܥܙܝܠܐ. ܐܝܟ ܕܦܩ̇ܕ ܡܪܝܐ ܠܡܘܫܐ.,17,"E o cinto da obra esmerada do éfode, que estava sobre ele, formava com ele uma só peça e era de obra semelhante, de ouro, azul, púrpura, carmesim e linho fino torcido, como o Senhor ordenara a Moisés.",38,True,True,True
39,6,Êxodo 39:6,וַֽיַּעֲשׂוּ֙ אֶת־ אַבְנֵ֣י הַשֹּׁ֔הַם מֻֽסַבֹּ֖ת מִשְׁבְּצֹ֣ת זָהָ֑ב מְפֻתָּחֹת֙ פִּתּוּחֵ֣י חוֹתָ֔ם עַל־ שְׁמ֖וֹת בְּנֵ֥י יִשְׂרָאֵֽל ׃,ויעשו את אבני השהמ מסבת משבצת זהב מפתחת פתוחי חותמ על שמות בני ישראל,15,ועבדו ית אבני בורלא משקען מרמצן דדהב גליפן כתב מפרש על שמהת בני ישראל:,14,"καὶ τοὺς χιλίους ἑπτακοσίους ἑβδομήκοντα πέντε σίκλους ἐποίησαν εἰς τὰς ἀγκύλας τοῖς στύλοις, καὶ κατεχρύσωσεν τὰς κεφαλίδας αὐτῶν καὶ κατεκόσμησεν αὐτούς.",21,ܘܥܒ̣ܕܘ ܟܐ̈ܦܐ ܕܒܪܘܠܐ. ܡܘܚܕܢ ܘܡܫܪ̈ܢ ܒܕܗܒܐ. ܓ̈ܠܝܦܢ ܓܠܦ̈ܐ ܕܚܬܡܐ. ܥܠ ܫܡ̈ܗܐ ܕܒܢ̈ܝ ܐܝܣܪܝܠ.,13,"Também prepararam as pedras de berilo, engastadas em ouro, lavradas como a gravura de um selo, com os nomes dos filhos de Israel;",23,True,True,True
39,7,Êxodo 39:7,וַיָּ֣שֶׂם אֹתָ֗ם עַ֚ל כִּתְפֹ֣ת הָאֵפֹ֔ד אַבְנֵ֥י זִכָּר֖וֹן לִבְנֵ֣י יִשְׂרָאֵ֑ל כַּאֲשֶׁ֛ר צִוָּ֥ה יְהוָ֖ה אֶת־ מֹשֶֽׁה ׃ פ,וישמ אתמ על כתפת האפד אבני זכרונ לבני ישראל כאשר צוה יהוה את משה פ,16,ושוי יתהון על כתפא דאפודא אבני דוכרנא לבני ישראל כמא די פקיד יי ית משה:,15,καὶ ὁ χαλκὸς τοῦ ἀφαιρέματος ἑβδομήκοντα τάλαντα καὶ χίλιοι πεντακόσιοι σίκλοι.,11,ܘܣܡܘ ܐ̈ܢܝܢ ܥܠ ܟܬ̈ܦܬܗ̇ ܕܦܕܬܐ. ܟܐ̈ܦܐ ܕܕܘܟܪܢܐ ܠܒܢ̈ܝ ܐܝܣܪܝܠ. ܐܝܟ ܕܦܩ̇ܕ ܡܪܝܐ ܠܡܘܫܐ.,13,"as quais puseram sobre as ombreiras do éfode para servirem de pedras de memorial para os filhos de Israel, como o Senhor ordenara a Moisés.",25,True,True,True
39,8,Êxodo 39:8,וַיַּ֧עַשׂ אֶת־ הַחֹ֛שֶׁן מַעֲשֵׂ֥ה חֹשֵׁ֖ב כְּמַעֲשֵׂ֣ה אֵפֹ֑ד זָהָ֗ב תְּכֵ֧לֶת וְאַרְגָּמָ֛ן וְתוֹלַ֥עַת שָׁנִ֖י וְשֵׁ֥שׁ מָשְׁזָֽר ׃,ויעש את החשנ מעשה חשב כמעשה אפד זהב תכלת וארגמנ ותולעת שני ושש משזר,15,ועבד ית חושנא עובד אמן כעובדי אפודא דהבא תכלא וארגונא וצבע זהורי ובוץ שזיר:,14,"καὶ ἐποίησεν ἐξ αὐτῶν τὰς βάσεις τῆς θύρας τῆς σκηνῆς τοῦ μαρτυρίου,",12,ܘܥܒ̣ܕܘ ܦܪܝܣܐ ܥܒ̇ܕܐ ܕܐܘܡܢܐ. ܐܝܟ ܥܒ̇ܕܐ ܕܦܕܬܐ. ܕܗܒܐ ܘܬܟܠܬܐ ܘܐܪܓܘܢܐ. ܘܨܘܒܥܐ ܕܙܚܘܪܝܬܐ ܘܒܘܨܐ ܥܙܝܠܐ.,14,"Fez-se também o peitoral de obra de desenhista, semelhante à obra do éfode, de ouro, azul, púrpura, carmesim e linho fino torcido.",22,True,True,True
39,9,Êxodo 39:9,רָב֧וּעַ הָיָ֛ה כָּפ֖וּל עָשׂ֣וּ אֶת־ הַחֹ֑שֶׁן זֶ֧רֶת אָרְכּ֛וֹ וְזֶ֥רֶת רָחְבּ֖וֹ כָּפֽוּל ׃,רבוע היה כפול עשו את החשנ זרת ארכו וזרת רחבו כפול,12,מרבע הוה עיף עבדו ית חושנא זרתא ארכיה וזרתא פתיה עיף:,11,"καὶ τὰς βάσεις τῆς πύλης κύκλῳ, καὶ τὰς βάσεις τῆς πύλης τῆς αὐλῆς, καὶ τοὺς πασσάλους τῆς σκηνῆς, καὶ τοὺς πασσάλους τῆς αὐλῆς κύκλῳ,",24,ܡܪܒܥ ܗܘܐ ܘܐܥܝܦ. ܘܥܒ̣ܕܘ ܚܘܣܝܐ ܙܪܬ ܐܘܪܟܗ ܘܙܪܬ ܦܬܝܗ. ܟܕ ܐܥܝܦ.,11,"Quadrado e duplo fizeram o peitoral; o seu comprimento era de um palmo, e a sua largura de um palmo, sendo ele dobrado.",23,True,True,True
39,10,Êxodo 39:10,וַיְמַלְאוּ־ ב֔וֹ אַרְבָּעָ֖ה ט֣וּרֵי אָ֑בֶן ט֗וּר אֹ֤דֶם פִּטְדָה֙ וּבָרֶ֔קֶת הַטּ֖וּר הָאֶחָֽד ׃,וימלאו בו ארבעה טורי אבנ טור אדמ פטדה וברקת הטור האחד,12,ואשלימו ביה ארבעא סדרי אבן טבא סדרא קדמאה סמקן ירקן וברקן סדרא חד:,13,"καὶ τὸ παράθεμα τὸ χαλκοῦν τοῦ θυσιαστηρίου, καὶ πάντα τὰ σκεύη τοῦ θυσιαστηρίου, καὶ πάντα τὰ ἐργαλεῖα τῆς σκηνῆς τοῦ μαρτυρίου.",21,ܘܫܠܡܘ ܒܗ ܐܪ̈ܒܥܐ ܣܕܪ̈ܝܢ ܕܟܐ̈ܦܐ. ܣܕܪܐ ܩܕܡܝܐ ܣܘܡܩܐ ܘܙܪܓܐ ܘܒܪܩܐ ܣܕܪܐ ܚܕ.,12,"E engastaram nele quatro fileiras de pedras: a primeira delas era de um sárdio, um topázio e uma esmeralda;",19,True,True,True
39,11,Êxodo 39:11,וְהַטּ֖וּר הַשֵּׁנִ֑י נֹ֥פֶךְ סַפִּ֖יר וְיָהֲלֹֽם ׃,והטור השני נפכ ספיר ויהלמ,6,וסדרא תנינא אזמרגדין שבזיז וסבהלום:,5,"καὶ ἐποίησαν οἱ υἱοὶ Ἰσραὴλ καθὰ συνέταξεν Κύριος τῷ Μωυσῇ, οὕτως ἐποίησαν.",12,ܘܣܕܪܐ ܐܚܪܢܐ. ܨܕܝܕܐ ܘܣܦܝܠܐ ܘܢܩܥܬܐ.,5,"a segunda fileira era de uma granada, uma safira e um ônix;",12,True,True,True
39,12,Êxodo 39:12,וְהַטּ֖וּר הַשְּׁלִישִׁ֑י לֶ֥שֶׁם שְׁב֖וֹ וְאַחְלָֽמָה ׃,והטור השלישי לשמ שבו ואחלמה,6,וסדרא תליתאה קנכרי טרקיא ועין עגלא:,6,Τὸ δὲ λοιπὸν χρυσίον τοῦ ἀφαιρέματος ἐποίησαν σκεύη εἰς τὸ λειτουργεῖν ἐν αὐτοῖς ἔναντι Κυρίου·,15,ܘܣܕܪܐ ܬܠܝܬܝܐ . ܩܢܟܝܢܘܢ ܘܩܪܟܕܢܐ ܘܥܝܢ ܥܓܠܐ.,7,"a terceira fileira era de um jacinto, uma ágata e uma ametista;",12,True,True,True
39,13,Êxodo 39:13,וְהַטּוּר֙ הָֽרְבִיעִ֔י תַּרְשִׁ֥ישׁ שֹׁ֖הַם וְיָשְׁפֵ֑ה מֽוּסַבֹּ֛ת מִשְׁבְּצ֥וֹת זָהָ֖ב בְּמִלֻּאֹתָֽם ׃,והטור הרביעי תרשיש שהמ וישפה מוסבת משבצות זהב במלאתמ,10,וסדרא רביעאה כרום ימא ובורלא ופנטרי משקען מרמצן דדהב באשלמותהון:,10,"καὶ τὴν καταλειφθεῖσαν ὑάκινθον καὶ πορφύραν καὶ τὸ κόκκινον ἐποίησαν στολὰς λειτουργικὰς Ἀαρών, ὥστε λειτουργεῖν ἐν αὐταῖς ἐν τῷ ἁγίῳ.",20,ܘܣܕܪܐ ܐܪ̈ܒܝܥܝܐ. ܬܪܫܝܫ ܘܒܪܘܠܐ ܘܝܫܦܗ. ܡܘܚܕܢ ܘܡܫܪܢ ܒܕܗܒܐ ܒܫܠܡܘܬܗܝܢ.,9,"e a quarta fileira era de uma crisólita, um berilo e um jaspe; eram elas engastadas nos seus engastes de ouro.",21,True,True,True
39,14,Êxodo 39:14,וְ֠הָאֲבָנִים עַל־ שְׁמֹ֨ת בְּנֵי־ יִשְׂרָאֵ֥ל הֵ֛נָּה שְׁתֵּ֥ים עֶשְׂרֵ֖ה עַל־ שְׁמֹתָ֑ם פִּתּוּחֵ֤י חֹתָם֙ אִ֣ישׁ עַל־ שְׁמ֔וֹ לִשְׁנֵ֥ים עָשָׂ֖ר שָֽׁבֶט ׃,והאבנימ על שמת בני ישראל הנה שתימ עשרה על שמתמ פתוחי חתמ איש על שמו לשנימ עשר שבט,19,ואבניא על שמהת בני ישראל אנין תרתי עסרי על שמהתהון כתב מפרש כגלוף דעזקא גבר על שמיה לתרין עסר שבטין:,20,"Καὶ ἤνεγκαν τὰς στολὰς πρὸς Μωυσῆν, καὶ τὴν σκηνὴν καὶ τὰ σκεύη αὐτῆς καὶ τὰς βάσεις καὶ τοὺς μοχλοὺς αὐτῆς καὶ τοὺς στύλους,",23,ܘܟܐ̈ܦܐ ܥܠ ܫ̈ܡܗܐ ܐ̈ܢܝܢ ܕܒܢ̈ܝ ܐܝܣܪܝܠ. ܬܪ̈ܬܥܣܪܐ ܥܠ ܫ̈ܡܗܝܗܘܢ ܓ̈ܠܝܦܢ ܓܠܦ̈ܐ ܕܚܬܡܐ. ܓܒܪ ܥܠ ܫܡܗ ܗ̈ܘܝ ܠܬܪ̈ܥܣܪ ܫ̈ܒܛܝܢ.,18,"Estas pedras, pois, eram doze, segundo os nomes dos filhos de Israel; eram semelhantes a gravuras de selo, cada uma com o nome de uma das doze tribos.",28,True,True,True
39,15,Êxodo 39:15,וַיַּעֲשׂ֧וּ עַל־ הַחֹ֛שֶׁן שַׁרְשְׁרֹ֥ת גַּבְלֻ֖ת מַעֲשֵׂ֣ה עֲבֹ֑ת זָהָ֖ב טָהֽוֹר ׃,ויעשו על החשנ שרשרת גבלת מעשה עבת זהב טהור,10,ועבדו על חושנא תכין מתחמן עובד גדילו דהב דכי:,9,"καὶ τὴν κιβωτὸν τῆς διαθήκης καὶ τοὺς διωστῆρας αὐτῆς,",9,ܘܥܒ̣ܕܘ ܥܠ ܚܘܣܝܐ ܫ̈ܫܠܬܐ ܡܬܐ̈ܡܬܐ. ܥܒ̇ܕܐ ܓܕܝܠܐ ܕܕܗܒܐ ܕܟܝܐ.,9,"Também fizeram sobre o peitoral cadeiazinhas, semelhantes a cordas, obra de trança, de ouro puro.",15,True,True,True
39,16,Êxodo 39:16,וַֽיַּעֲשׂ֗וּ שְׁתֵּי֙ מִשְׁבְּצֹ֣ת זָהָ֔ב וּשְׁתֵּ֖י טַבְּעֹ֣ת זָהָ֑ב וַֽיִּתְּנ֗וּ אֶת־ שְׁתֵּי֙ הַטַּבָּעֹ֔ת עַל־ שְׁנֵ֖י קְצ֥וֹת הַחֹֽשֶׁן ׃,ויעשו שתי משבצת זהב ושתי טבעת זהב ויתנו את שתי הטבעת על שני קצות החשנ,16,ועבדו תרתין מרמצן דדהב ותרתין עזקן דדהב ויהבו ית תרתין עזקתא על תרין סטרי חושנא:,15,"καὶ τὸ θυσιαστήριον καὶ πάντα τὰ σκεύη αὐτοῦ, καὶ τὸ ἔλαιον τῆς χρίσεως καὶ τὸ θυμίαμα τῆς συνθέσεως, καὶ τὴν λυχνίαν τὴν καθαρὰν",23,ܘܥܒܕܘ ܬܪ̈ܬܝܢ ܡܘܚ̈ܕܬܐ ܕܕܗܒܐ. ܘܬܪ̈ܬܝܢ ܙܩ̈ܙܩܬܐ ܕܕܗܒܐ. ܘܝܗܒܘ ܬܪ̈ܬܝܢ ܙܩ̈ܙܩܬܐ ܥܠ ܬܪ̈ܝܢ ܣܛܪ̈ܘܗܝ ܕܚܘܣܝܐ.,14,"Fizeram também dois engastes de ouro e duas argolas de ouro, e fixaram as duas argolas nas duas extremidades do peitoral.",21,True,True,True
39,17,Êxodo 39:17,וַֽיִּתְּנ֗וּ שְׁתֵּי֙ הָעֲבֹתֹ֣ת הַזָּהָ֔ב עַל־ שְׁתֵּ֖י הַטַּבָּעֹ֑ת עַל־ קְצ֖וֹת הַחֹֽשֶׁן ׃,ויתנו שתי העבתת הזהב על שתי הטבעת על קצות החשנ,11,ויהבו תרתין גדילתא דדהב על תרתין עזקתא על סטרי חושנא:,10,"καὶ τοὺς λύχνους αὐτῆς, λύχνους τῆς καύσεως, καὶ τὸ ἔλαιον τοῦ φωτός,",12,ܘܝܗ̣ܒܘ ܬܪ̈ܬܝܢ ܓܕܝ̈ܠܬܐ ܕܕܗܒܐ. ܥܠ ܬܪ̈ܬܝܢ ܙܩ̈ܙܩܢ ܕܥܠ ܬܪ̈ܝܢ ܣܛܪ̈ܘܗܝ ܕܚܘܣܝܐ.,11,"E meteram as duas cadeiazinhas de trança de ouro nas duas argolas, nas extremidades do peitoral.",16,True,True,True
39,18,Êxodo 39:18,וְאֵ֨ת שְׁתֵּ֤י קְצוֹת֙ שְׁתֵּ֣י הָֽעֲבֹתֹ֔ת נָתְנ֖וּ עַל־ שְׁתֵּ֣י הַֽמִּשְׁבְּצֹ֑ת וַֽיִּתְּנֻ֛ם עַל־ כִּתְפֹ֥ת הָאֵפֹ֖ד אֶל־ מ֥וּל פָּנָֽיו ׃,ואת שתי קצות שתי העבתת נתנו על שתי המשבצת ויתנמ על כתפת האפד אל מול פניו,17,וית תרתין גדילן דעל תרתין סטרוהי יהבו על תרתין מרמצתא ויהבנון על כתפי אפודא לקבל אפוהי:,16,"καὶ τὴν τράπεζαν τῆς προθέσεως καὶ πάντα τὰ αὐτῆς σκεύη καὶ τοὺς ἄρτους τοὺς προκειμένους,",15,ܘܬܪ̈ܬܝܢ ܓܕܝ̈ܠܢ ܕܥܠ ܬܪ̈ܝܢ ܣܛܪ̈ܝܢ. ܝܗܒܘ ܥܠ ܬܪ̈ܬܝܢ ܡܘܚ̈ܕܢ. ܘܝܗܒܘ ܐ̈ܢܝܢ ܥܠ ܟܬ̈ܦܬܗ̇ ܕܦܕܬܐ ܠܘܩܒܠ ܐ̈ܦܝܗ̇.,16,"E as outras duas pontas das duas cadeiazinhas de trança meteram nos dois engastes, e as puseram sobre as ombreiras do éfode, na parte dianteira dele.",26,True,True,True
39,19,Êxodo 39:19,וַֽיַּעֲשׂ֗וּ שְׁתֵּי֙ טַבְּעֹ֣ת זָהָ֔ב וַיָּשִׂ֕ימוּ עַל־ שְׁנֵ֖י קְצ֣וֹת הַחֹ֑שֶׁן עַל־ שְׂפָת֕וֹ אֲשֶׁ֛ר אֶל־ עֵ֥בֶר הָאֵפֹ֖ד בָּֽיְתָה ׃,ויעשו שתי טבעת זהב וישימו על שני קצות החשנ על שפתו אשר אל עבר האפד ביתה,17,ועבדו תרתין עזקן דדהב ושויאו על תרין סטרי חושנא על ספתיה די לעברא דאפודא מלגיו:,15,"καὶ τὰς στολὰς τοῦ ἁγίου αἵ εἰσιν Ἀαρών, καὶ τὰς στολὰς τῶν υἱῶν αὐτοῦ εἰς τὴν ἱερατίαν,",17,ܘܥܒ̣ܕܘ ܬܪ̈ܬܝܢ ܙܩ̈ܙܩܢ ܕܕܗܒܐ. ܘܣܡܘ ܥܠ ܬܪ̈ܝܢ ܣܛܪ̈ܘܗܝ ܕܚܘܣܝܐ. ܥܠ ܣܦܬܐ ܕܥܠ ܣܛܪܐ ܕܦܕܬܐ ܡܢ ܠܓܘ.,16,"Fizeram outras duas argolas de ouro, que puseram nas duas extremidades do peitoral, na sua borda que estava junto ao éfode por dentro.",23,True,True,True
39,20,Êxodo 39:20,וַֽיַּעֲשׂוּ֮ שְׁתֵּ֣י טַבְּעֹ֣ת זָהָב֒ וַֽיִּתְּנֻ֡ם עַל־ שְׁתֵּי֩ כִתְפֹ֨ת הָאֵפֹ֤ד מִלְמַ֨טָּה֙ מִמּ֣וּל פָּנָ֔יו לְעֻמַּ֖ת מֶחְבַּרְתּ֑וֹ מִמַּ֕עַל לְחֵ֖שֶׁב הָאֵפֹֽד ׃,ויעשו שתי טבעת זהב ויתנמ על שתי כתפת האפד מלמטה ממול פניו לעמת מחברתו ממעל לחשב האפד,18,ועבדו תרתין עזקן דדהב ויהבנון על תרתין כתפי אפודא מלרע מלקבל אפוהי לקבל בית לופי מעלוי להמין אפודא:,18,"καὶ τὰ ἱστία τῆς αὐλῆς καὶ τοὺς στύλους, καὶ τὸ καταπέτασμα τῆς θύρας τῆς σκηνῆς καὶ τῆς πύλης τῆς αὐλῆς,",20,ܘܥܒ̣ܕܘ ܬܪ̈ܬܝܢ ܙܩܙ̈ܩܢ ܕܕܗܒܐ. ܘܝܗܒܘ ܐܢܝ̈ܢ ܥܠ ܬܪ̈ܬܝܢ ܟܬܦܬ̈ܗ̇ ܕܦܕܬܐ ܡܢ ܠܓܘ . ܡܢ ܠܘܩܒܠ ܐ̈ܦܝܗ̇ ܠܘܩܒܠ ܕܒܩܗ̇. ܡܢ ܠܥܠ ܡܢ ܗܡܝܢܐ ܕܦܕܬܐ.,23,"Fizeram mais duas argolas de ouro, que puseram nas duas ombreiras do éfode, debaixo, na parte dianteira dele, junto à sua costura, acima do cinto de obra esmerada do éfode.",30,True,True,True
39,21,Êxodo 39:21,וַיִּרְכְּס֣וּ אֶת־ הַחֹ֡שֶׁן מִטַּבְּעֹתָיו֩ אֶל־ טַבְּעֹ֨ת הָאֵפֹ֜ד בִּפְתִ֣יל תְּכֵ֗לֶת לִֽהְיֹת֙ עַל־ חֵ֣שֶׁב הָאֵפֹ֔ד וְלֹֽא־ יִזַּ֣ח הַחֹ֔שֶׁן מֵעַ֖ל הָאֵפֹ֑ד כַּאֲשֶׁ֛ר צִוָּ֥ה יְהוָ֖ה אֶת־ מֹשֶֽׁה ׃,וירכסו את החשנ מטבעתיו אל טבעת האפד בפתיל תכלת להית על חשב האפד ולא יזח החשנ מעל האפד כאשר צוה יהוה את משה,24,ויחדון ית חושנא מעזקתיה לעזקתא דאפודא בחוטא דתכלתא למהוי על המין אפודא ולא יתפרק חושנא מעלוי אפודא כמא די פקיד יי ית משה:,23,"καὶ πάντα τὰ σκεύη τῆς σκηνῆς καὶ πάντα τὰ ἐργαλεῖα αὐτῆς, καὶ τὰς διφθέρας δέρματα κριῶν ἠρυθροδανωμένα καὶ τὰ καλύμματα δέρματα ὑακίνθινα καὶ τῶν λοιπῶν τὰ ἐπικαλύμματα, καὶ τοὺς πασσάλους καὶ πάντα τὰ ἐργαλεῖα τὰ εἰς τὰ ἔργα τῆς σκηνῆς τοῦ μαρτυρίου·",42,ܘܕܒ̇ܩܘ ܚܘܣܝܐ ܡܢ ܙܩ̈ܙܩܬܗ ܠܙܩ̈ܙܩܬܗ̇ ܕܦܕܬܐ. ܒܚܘܛܐ ܕܬܟܠܬܐ̇ ܠܡܗܘܐ ܥܠ ܗܡܝܢܐ ܕܦܕܬܐ. ܘܠܐ ܦܪܩ̇ ܗܘܐ ܚܘܣܝܐ ܡܢ ܥܠܘܝ ܦܕܬܐ. ܐܝܟ ܕܦܩ̇ܕ ܡܪܝܐ ܠܡܘܫܐ.,23,"E ligaram o peitoral, pelas suas argolas, às argolas do éfode por meio de um cordão azul, para que estivesse sobre o cinto de obra esmerada do éfode, e o peitoral não se separasse do éfode, como o Senhor ordenara a Moisés.",42,True,True,True
39,22,Êxodo 39:22,וַיַּ֛עַשׂ אֶת־ מְעִ֥יל הָאֵפֹ֖ד מַעֲשֵׂ֣ה אֹרֵ֑ג כְּלִ֖יל תְּכֵֽלֶת ׃,ויעש את מעיל האפד מעשה ארג כליל תכלת,9,ועבד ית מעילא דאפודא עובד מחי גמיר תכלא:,8,"ὃ συνέταξεν Κύριος Μωσῇ, οὕτως ἐποίησαν οἱ υἱοὶ Ἰσραὴλ πᾶσαν τὴν ἀποσκευὴν.",12,ܘܥܒ̣ܕܘ ܦܪܙܘܡܐ ܕܦܕܬܐ ܥܒ̇ܕܐ ܙܩܝܪܐ ܓܡܝܪܐ ܕܬܟܠܬܐ.,7,"Fez-se também o manto do éfode de obra tecida, todo de azul,",12,True,True,True
39,23,Êxodo 39:23,וּפִֽי־ הַמְּעִ֥יל בְּתוֹכ֖וֹ כְּפִ֣י תַחְרָ֑א שָׂפָ֥ה לְפִ֛יו סָבִ֖יב לֹ֥א יִקָּרֵֽעַ ׃,ופי המעיל בתוכו כפי תחרא שפה לפיו סביב לא יקרע,11,ופום מעילא כפיל לגוה כפום שרין תורא מקף לפומיה סחור סחור לא יתבזע:,13,"καὶ ἴδεν Μωσῆς πάντα τὰ ἔργα, καὶ ἦσαν πεποιηκότες αὐτὰ ὃν τρόπον συνέταξεν Κύριος τῷ Μωυσῇ, οὕτως ἐποίησαν αὐτά· καὶ εὐλόγησεν αὐτοὺς Μωυσῆς.",23,ܘܦܘܡܗ ܕܦܪܙܘܡܐ ܒܓܘܗ. ܐܝܟ ܦܘܡ ܣܝܪܣ. ܣܦܬܐ ܡܣܩܐ ܠܦܘܡܗ ܟܕ ܚܕܪ . ܕܠܐ ܢܨܛܪܐ.,14,"e a abertura do manto no meio dele, como a abertura de cota de malha; esta abertura tinha um debrum em volta, para que não se rompesse.",27,True,True,True
39,24,Êxodo 39:24,וַֽיַּעֲשׂוּ֙ עַל־ שׁוּלֵ֣י הַמְּעִ֔יל רִמּוֹנֵ֕י תְּכֵ֥לֶת וְאַרְגָּמָ֖ן וְתוֹלַ֣עַת שָׁנִ֑י מָשְׁזָֽר ׃,ויעשו על שולי המעיל רמוני תכלת וארגמנ ותולעת שני משזר,11,ועבדו על שפולי מעילא רמוני תכלא וארגונא וצבע זהורי שזיר:,10,,0,ܘܥܒ̣ܕܘ ܥܠ ܫ̈ܦܘܠܘܗܝ ܕܦܪܙܘܡܐ. ܪ̈ܘܡܢܐ ܕܬܟܠܬܐ ܘܐܪܓܘܢܐ . ܘܨܘܒܥܐ ܕܙܚܘܪܝܬܐ ܘܒܘܨܐ ܥܙܝܠܐ.,12,"Nas abas do manto fizeram romãs de azul, púrpura e carmesim, de fio torcido.",14,True,False,True
39,25,Êxodo 39:25,וַיַּעֲשׂ֥וּ פַעֲמֹנֵ֖י זָהָ֣ב טָה֑וֹר וַיִּתְּנ֨וּ אֶת־ הַפַּֽעֲמֹנִ֜ים בְּת֣וֹךְ הָרִמֹּנִ֗ים עַל־ שׁוּלֵ֤י הַמְּעִיל֙ סָבִ֔יב בְּת֖וֹךְ הָרִמֹּנִֽים ׃,ויעשו פעמני זהב טהור ויתנו את הפעמנימ בתוכ הרמנימ על שולי המעיל סביב בתוכ הרמנימ,16,ועבדו זגיא דהב דכי ויהבו ית זגיא בגו רמוניא על שפולי מעילא סחור סחור בגו רמוניא:,16,,0,ܘܥܒ̣ܕܘ ܙ̈ܓܐ ܕܕܗܒܐ ܕܟܝܐ. ܘܩܒܥܘ ܙ̈ܓܐ ܒܓܘ ܪ̈ܘܡܢܐ. ܥܠ ܫ̈ܦܘܠܘܗܝ ܕܦܪܙܘܡܐ ܟܕ ܚܕܪ. ܒܓܘ ܪ̈ܘܡܢܐ.,15,"Fizeram também campainhas de ouro puro, pondo as campainhas nas abas do manto ao redor, entremeadas com as romãs;",19,True,False,True
39,26,Êxodo 39:26,פַּעֲמֹ֤ן וְרִמֹּן֙ פַּעֲמֹ֣ן וְרִמֹּ֔ן עַל־ שׁוּלֵ֥י הַמְּעִ֖יל סָבִ֑יב לְשָׁרֵ֕ת כַּאֲשֶׁ֛ר צִוָּ֥ה יְהוָ֖ה אֶת־ מֹשֶֽׁה ׃ ס,פעמנ ורמנ פעמנ ורמנ על שולי המעיל סביב לשרת כאשר צוה יהוה את משה ס,16,זגא ורמונא זגא ורמונא על שפולי מעילא סחור סחור לשמשא כמא די פקיד יי ית משה:,16,,0,ܙ̈ܓܐ ܕܕܗܒܐ. ܘܪ̈ܘܡܢܐ ܥܠ ܫ̈ܦܘܠܘܗܝ ܕܦܪܙܘܡܐ ܟܕ ܚܕܪ. ܠܡܫܡܫܘ ܐܝܟ ܕܦܩ̇ܕ ܡܪܝܐ ܠܡܘܫܐ.,13,"uma campainha e uma romã, outra campainha e outra romã, nas abas do manto ao redor, para uso no ministério, como o Senhor ordenara a Moisés.",26,True,False,True
39,27,Êxodo 39:27,וַֽיַּעֲשׂ֛וּ אֶת־ הַכָּתְנֹ֥ת שֵׁ֖שׁ מַעֲשֵׂ֣ה אֹרֵ֑ג לְאַהֲרֹ֖ן וּלְבָנָֽיו ׃,ויעשו את הכתנת שש מעשה ארג לאהרנ ולבניו,9,ועבדו ית כתונין דבוצא עובד מחי לאהרן ולבנוהי:,8,,0,ܘܥܒ̣ܕܘ ܟܘܬܝܢܐ ܕܒܘܨܐ. ܥܒ̣ܕܐ ܙܩܝܪܐ ܠܐܗܪܘܢ ܘܠܒ̈ܢܘܗܝ.,7,"Fizeram também as túnicas de linho fino, de obra tecida, para Arão e para seus filhos,",16,True,False,True
39,28,Êxodo 39:28,וְאֵת֙ הַמִּצְנֶ֣פֶת שֵׁ֔שׁ וְאֶת־ פַּאֲרֵ֥י הַמִּגְבָּעֹ֖ת שֵׁ֑שׁ וְאֶת־ מִכְנְסֵ֥י הַבָּ֖ד שֵׁ֥שׁ מָשְׁזָֽר ׃,ואת המצנפת שש ואת פארי המגבעת שש ואת מכנסי הבד שש משזר,13,וית מצנפתא דבוצא וית שבח כובעיא דבוצא וית מכנסי בוצא דבוץ שזיר:,12,,0,ܘܡܨܢܦܬܐ ܕܒܘܨܐ. ܘܫܘܒܚܐ ܕܟ̈ܠܘܐ ܕܒܘܨܐ ܘܦܪܙܘܡܐ ܕܒܘܨܐ ܥܙܝܠܐ .,9,"e a mitra de linho fino, e o ornato das tiaras de linho fino, e os calções de linho fino torcido,",21,True,False,True
39,29,Êxodo 39:29,וְֽאֶת־ הָאַבְנֵ֞ט שֵׁ֣שׁ מָשְׁזָ֗ר וּתְכֵ֧לֶת וְאַרְגָּמָ֛ן וְתוֹלַ֥עַת שָׁנִ֖י מַעֲשֵׂ֣ה רֹקֵ֑ם כַּאֲשֶׁ֛ר צִוָּ֥ה יְהוָ֖ה אֶת־ מֹשֶֽׁה ׃ ס,ואת האבנט שש משזר ותכלת וארגמנ ותולעת שני מעשה רקמ כאשר צוה יהוה את משה ס,17,וית המינא דבוץ שזיר ותכלא וארגונא וצבע זהורי עובד ציר כמא די פקיד יי ית משה:,16,,0,ܘܗܡܝܢܐ ܕܒܘܨܐ ܥܙܝܠܐ. ܬܟܠܬܐ ܘܐܪܓܘܢܐ. ܘܨܘܒܥܐ ܕܙܚܘܪܝܬܐ ܘܒܘܨܐ ܥܙܝܠܐ . ܥܒ̇ܕܐ ܕܨܝܪܐ. ܐܝܟ ܕܦܩ̇ܕ ܡܪܝܐ ܠܡܘܫܐ.,16,"e o cinto de linho fino torcido, e de azul, púrpura e carmesim, obra de bordador, como o Senhor ordenara a Moisés.",22,True,False,True
39,30,Êxodo 39:30,וַֽיַּעֲשׂ֛וּ אֶת־ צִ֥יץ נֵֽזֶר־ הַקֹּ֖דֶשׁ זָהָ֣ב טָה֑וֹר וַיִּכְתְּב֣וּ עָלָ֗יו מִכְתַּב֙ פִּתּוּחֵ֣י חוֹתָ֔ם קֹ֖דֶשׁ לַיהוָֽה ׃,ויעשו את ציצ נזר הקדש זהב טהור ויכתבו עליו מכתב פתוחי חותמ קדש ליהוה,15,ועבדו ית ציצא כלילא דקודשא דהב דכי וכתבו עלוהי גליפן כתב מפרש קדש ליי:,14,,0,ܘܥܒ̣ܕܘ ܟܠܝܠܐ ܕܢܙܝܪܘܬܐ ܕܩܘܕܫܐ ܕܕܗܒܐ ܕܟܝܐ. ܘܟܬܒܘ ܥܠܘܗܝ ܟܬܒܐ. ܓܠܦ̈ܐ ܕܚܬܡܐ ܩܘܕܫܐ ܠܡܪܝܐ.,13,"Fizeram também, de ouro puro, a lâmina da coroa sagrada, e nela gravaram uma inscrição como a gravura de um selo: SANTO AO SENHOR.",24,True,False,True
39,31,Êxodo 39:31,וַיִּתְּנ֤וּ עָלָיו֙ פְּתִ֣יל תְּכֵ֔לֶת לָתֵ֥ת עַל־ הַמִּצְנֶ֖פֶת מִלְמָ֑עְלָה כַּאֲשֶׁ֛ר צִוָּ֥ה יְהוָ֖ה אֶת־ מֹשֶֽׁה ׃ ס,ויתנו עליו פתיל תכלת לתת על המצנפת מלמעלה כאשר צוה יהוה את משה ס,15,ויהבו עלוהי חוטא תכלתא למתן על מצנפתא מלעלא כמא די פקיד יי ית משה:,14,,0,ܘܐܪܡܝܘ ܒܗ ܚܘܛܐ ܕܬܟܠܬܐ. ܠܡܗܘܐ ܥܠ ܡܨܢܦܬܐ ܡܢ ܠܥܠ. ܐܝܟ ܕܦܩ̇ܕ ܡܪܝܐ ܠܡܘܫܐ.,13,"E a ela ataram um cordão azul, para prendê-la à parte superior da mitra, como o Senhor ordenara a Moisés.",20,True,False,True
39,32,Êxodo 39:32,וַתֵּ֕כֶל כָּל־ עֲבֹדַ֕ת מִשְׁכַּ֖ן אֹ֣הֶל מוֹעֵ֑ד וַֽיַּעֲשׂוּ֙ בְּנֵ֣י יִשְׂרָאֵ֔ל כְּ֠כֹל אֲשֶׁ֨ר צִוָּ֧ה יְהוָ֛ה אֶת־ מֹשֶׁ֖ה כֵּ֥ן עָשֽׂוּ ׃ פ,ותכל כל עבדת משכנ אהל מועד ויעשו בני ישראל ככל אשר צוה יהוה את משה כנ עשו פ,19,ושלים כל פלחן משכנא משכן זמנא ועבדו בני ישראל ככל די פקיד יי ית משה כן עבדו:,17,,0,ܘܫܠܡ ܟܠܗ ܥܒ̇ܕܐ ܕܡܫܟܢܙܒܢܐ. ܘܥܒ̣ܕܘ ܒܢ̈ܝ ܐܝܣܪܝܠ ܟܠ ܕܦܩ̇ܕ ܡܪܝܐ ܠܡܘܫܐ ܗܟܢܐ ܥܒ̣ܕܘ.,13,Assim se acabou toda a obra do tabernáculo da tenda da revelação; e os filhos de Israel fizeram conforme tudo o que o Senhor ordenara a Moisés; assim o fizeram.,30,True,False,True
39,33,Êxodo 39:33,וַיָּבִ֤יאוּ אֶת־ הַמִּשְׁכָּן֙ אֶל־ מֹשֶׁ֔ה אֶת־ הָאֹ֖הֶל וְאֶת־ כָּל־ כֵּלָ֑יו קְרָסָ֣יו קְרָשָׁ֔יו בריחו וְעַמֻּדָ֥יו וַאֲדָנָֽיו ׃,ויביאו את המשכנ אל משה את האהל ואת כל כליו קרסיו קרשיו בריחו ועמדיו ואדניו,16,ואיתיאו ית משכנא למשה ית משכנא וית כל מנוהי פורפוהי דפוהי עברוהי ועמודוהי וסמכוהי:,14,,0,ܘܐܝܬܝܘܗܝ ܠܡܫܟܢܐ ܠܘܬ ܡܘܫܐ. ܡܫܟܢܐ ܘܟܠ ܡܐ̈ܢܘܗܝ. ܘܙܩ̈ܙܩܬܗ ܘܩܘܪ̈ܩܣܘܗܝ ܘܕܦܘ̈ܗܝ ܘܣܟ̈ܘܗܝ. ܘܡܘܟ̈ܠܘܗܝ ܘܥܡ̈ܘܕܘܗܝ ܘܣܡ̈ܟܘܗܝ.,14,"Depois trouxeram a Moisés o tabernáculo, a tenda e todos os seus utensílios, os seus colchetes, as suas tábuas, os seus travessões, as suas colunas e as suas bases;",29,True,False,True
39,34,Êxodo 39:34,וְאֶת־ מִכְסֵ֞ה עוֹרֹ֤ת הָֽאֵילִם֙ הַמְאָדָּמִ֔ים וְאֶת־ מִכְסֵ֖ה עֹרֹ֣ת הַתְּחָשִׁ֑ים וְאֵ֖ת פָּרֹ֥כֶת הַמָּסָֽךְ ׃,ואת מכסה עורת האילמ המאדמימ ואת מכסה ערת התחשימ ואת פרכת המסכ,13,וית חופאה משכי דדכרי מסמקי וית חופאה משכי דססגונא וית פרכתא דפרסא:,12,,0,ܘܦܪܣܐ ܕܡܫ̈ܟܐ ܕܕܟܪ̈ܐ ܕܐܣܦܝܢܝܩܐ. ܘܦܪܣܐ ܕܡܫ̈ܟܐ ܕܕܟܪ̈ܐ ܕܣܣܓܘܢܐ. ܘܐ̈ܦܝ ܬܪܥܐ ܕܦܪܣܐ.,11,"e a cobertura de peles de carneiros tintas de vermelho, e a cobertura de peles de golfinhos, e o véu do reposteiro;",22,True,False,True
39,35,Êxodo 39:35,אֶת־ אֲרֹ֥ן הָעֵדֻ֖ת וְאֶת־ בַּדָּ֑יו וְאֵ֖ת הַכַּפֹּֽרֶת ׃,את ארנ העדת ואת בדיו ואת הכפרת,8,ית ארונא דסהדותא וית אריחוהי וית כפרתא:,7,,0,ܘܩܒܘܬܐ ܕܣܗܕܘܬܐ ܘܩ̈ܘܦܝܗ̇. ܘܚܘܣܝܐ.,4,"a arca do testemunho com os seus varais, e o propiciatório;",11,True,False,True
39,36,Êxodo 39:36,אֶת־ הַשֻּׁלְחָן֙ אֶת־ כָּל־ כֵּלָ֔יו וְאֵ֖ת לֶ֥חֶם הַפָּנִֽים ׃,את השלחנ את כל כליו ואת לחמ הפנימ,9,ית פתורא ית כל מנוהי וית לחם אפיא:,8,,0,ܘܦܬܘܪܐ ܘܟܠ ܡܐ̈ܢܘܗܝ. ܘܠܚܡܐ ܕܐ̈ܦܐ.,5,"a mesa com todos os seus utensílios, e os pães da proposição;",12,True,False,True
39,37,Êxodo 39:37,אֶת־ הַמְּנֹרָ֨ה הַטְּהֹרָ֜ה אֶת־ נֵרֹתֶ֗יהָ נֵרֹ֛ת הַמַּֽעֲרָכָ֖ה וְאֶת־ כָּל־ כֵּלֶ֑יהָ וְאֵ֖ת שֶׁ֥מֶן הַמָּאֽוֹר ׃,את המנרה הטהרה את נרתיה נרת המערכה ואת כל כליה ואת שמנ המאור,14,ית מנרתא דכיתא ית בוצינהא בוציני סדרא וית כל מנהא וית משחא דאנהרותא:,13,,0,ܘܡܢܪܬܐ ܕܟܝܬܐ ܘܫܪ̈ܓܝܗ̇. ܘܫܪ̈ܓܐ ܕܣܕܪ̈ܝܗ̇ ܘܟܠܗܘܢ ܡܐ̈ܢܝܗ̇. ܘܡܫܚܐ ܕܡܢܗܪܝܢ.,9,"o candelabro puro com suas lâmpadas todas em ordem, com todos os seus utensílios, e o azeite para a luz;",20,True,False,True
39,38,Êxodo 39:38,וְאֵת֙ מִזְבַּ֣ח הַזָּהָ֔ב וְאֵת֙ שֶׁ֣מֶן הַמִּשְׁחָ֔ה וְאֵ֖ת קְטֹ֣רֶת הַסַּמִּ֑ים וְאֵ֕ת מָסַ֖ךְ פֶּ֥תַח הָאֹֽהֶל ׃,ואת מזבח הזהב ואת שמנ המשחה ואת קטרת הסמימ ואת מסכ פתח האהל,14,וית מדבחא דדהבא וית משחא דרבותא וית קטרת בוסמיא וית פרסא דתרע משכנא:,13,,0,ܘܡܕܒܚܐ ܕܕܗܒܐ . ܘܡܫܚܐ ܕܡܫܝܚܘܬܐ ܘܥܛܪܐ ܕܒܣ̈ܡܐ. ܘܦܪܣܐ ܕܬܪܥܐ ܕܡܫܟܢܐ.,10,"também o altar de ouro, o óleo da unção e o incenso aromático, e o reposteiro para a porta da tenda;",21,True,False,True
39,39,Êxodo 39:39,אֵ֣ת ׀ מִזְבַּ֣ח הַנְּחֹ֗שֶׁת וְאֶת־ מִכְבַּ֤ר הַנְּחֹ֨שֶׁת֙ אֲשֶׁר־ ל֔וֹ אֶת־ בַּדָּ֖יו וְאֶת־ כָּל־ כֵּלָ֑יו אֶת־ הַכִּיֹּ֖ר וְאֶת־ כַּנּֽוֹ ׃,את מזבח הנחשת ואת מכבר הנחשת אשר לו את בדיו ואת כל כליו את הכיר ואת כנו,19,ית מדבחא דנחשא וית סרדא דנחשא דיליה ית אריחוהי וית כל מנוהי ית כיורא וית בסיסיה:,16,,0,ܘܡܕܒܚܐ ܕܢܚܫܐ. ܘܩܪܩܠ ܕܝܠܗ ܕܢܚܫܐ. ܘܩ̈ܘܦܘܗܝ ܘܟܠܗܘܢ ܡܐ̈ܢܘܗܝ. ܘܠܩܢܐ ܘܒܣܣ ܕܝܠܗ̇.,11,"o altar de bronze e o seu crivo de bronze, os seus varais, e todos os seus utensílios; a pia e a sua base;",24,True,False,True
39,40,Êxodo 39:40,אֵת֩ קַלְעֵ֨י הֶחָצֵ֜ר אֶת־ עַמֻּדֶ֣יהָ וְאֶת־ אֲדָנֶ֗יהָ וְאֶת־ הַמָּסָךְ֙ לְשַׁ֣עַר הֶֽחָצֵ֔ר אֶת־ מֵיתָרָ֖יו וִיתֵדֹתֶ֑יהָ וְאֵ֗ת כָּל־ כְּלֵ֛י עֲבֹדַ֥ת הַמִּשְׁכָּ֖ן לְאֹ֥הֶל מוֹעֵֽד ׃,את קלעי החצר את עמדיה ואת אדניה ואת המסכ לשער החצר את מיתריו ויתדתיה ואת כל כלי עבדת המשכנ לאהל מועד,22,ית סרדי דדרתא ית עמודהא וית סמכהא וית פרסא לתרע דרתא ית אטונוהי וסכהא וית כל מני פלחן משכנא למשכן זמנא:,21,,0,ܘܣܕܪ̈ܐ ܕܕܪܬܐ. ܘܥܡ̈ܘܕܝܗ̇ ܘܣܡ̈ܟܝܗ̇. ܘܦܪܣܐ ܕܬܪܥܐ ܕܕܪܬܐ. ܘܚ̈ܒܠܝܗ̇ ܘܣܟ̈ܝܗ̇. ܘܟܠܗܘܢ ܡܐ̈ܢܐ ܕܦܘܠܚܢܐ ܕܡܫܟܢ ܙܒܢܐ.,14,"as cortinas do átrio, as suas colunas e as suas bases, e o reposteiro para a porta do átrio, as suas cordas e as suas estacas, e todos os utensílios do serviço do tabernáculo, para a tenda da revelação;",39,True,False,True
39,41,Êxodo 39:41,אֶת־ בִּגְדֵ֥י הַשְּׂרָ֖ד לְשָׁרֵ֣ת בַּקֹּ֑דֶשׁ אֶת־ בִּגְדֵ֤י הַקֹּ֨דֶשׁ֙ לְאַהֲרֹ֣ן הַכֹּהֵ֔ן וְאֶת־ בִּגְדֵ֥י בָנָ֖יו לְכַהֵֽן ׃,את בגדי השרד לשרת בקדש את בגדי הקדש לאהרנ הכהנ ואת בגדי בניו לכהנ,15,ית לבושי שמושא לשמשא בקודשא ית לבושי קודשא לאהרן כהנא וית לבושי בנוהי לשמשא:,14,,0,ܘܠܒ̈ܘܫܝ ܬܫܡܫܬܐ ܠܡܫܡܫܘ ܒܩܘܕܫܐ. ܘܠܒܘܫ̈ܝ ܩܘܕܫܐ ܠܐܗܪܘܢ ܟܗܢܐ. ܘܠܒ̈ܘܫܐ ܠܒܢ̈ܘܗܝ ܠܟܗܢܘܬܐ.,11,"as vestes finamente tecidas para uso no ministério no lugar santo, e as vestes sagradas para Arão, o sacerdote, e as vestes para seus filhos, para administrarem o sacerdócio.",29,True,False,True
39,42,Êxodo 39:42,כְּכֹ֛ל אֲשֶׁר־ צִוָּ֥ה יְהוָ֖ה אֶת־ מֹשֶׁ֑ה כֵּ֤ן עָשׂוּ֙ בְּנֵ֣י יִשְׂרָאֵ֔ל אֵ֖ת כָּל־ הָעֲבֹדָֽה ׃,ככל אשר צוה יהוה את משה כנ עשו בני ישראל את כל העבדה,14,ככל די פקיד יי ית משה כן עבדו בני ישראל ית כל פלחנא:,13,,0,ܐܝܟ ܕܦܩ̇ܕ ܡܪܝܐ ܠܡܘܫܐ. ܗܟܢܐ ܥܒ̣ܕܘ ܒܢ̈ܝ ܐܝܣܪܝܠ ܟܠܗ ܦܘܠܚܢܐ.,10,"Conforme tudo o que o Senhor ordenara a Moisés, assim fizeram os filhos de Israel toda a obra.",18,True,False,True
39,43,Êxodo 39:43,וַיַּ֨רְא מֹשֶׁ֜ה אֶת־ כָּל־ הַמְּלָאכָ֗ה וְהִנֵּה֙ עָשׂ֣וּ אֹתָ֔הּ כַּאֲשֶׁ֛ר צִוָּ֥ה יְהוָ֖ה כֵּ֣ן עָשׂ֑וּ וַיְבָ֥רֶךְ אֹתָ֖ם מֹשֶֽׁה ׃ פ,וירא משה את כל המלאכה והנה עשו אתה כאשר צוה יהוה כנ עשו ויברכ אתמ משה פ,18,וחזא משה ית כל עבדתא והא עבדו יתה כמא די פקיד יי כן עבדו ובריך יתהון משה:,17,,0,ܘܚ̣ܙܐ ܡܘܫܐ ܟܠܗ ܥܒ̇ܕܐ. ܘܗܐ ܥܒ̣ܕܘܗܝ. ܐܝܟ ܕܦܩ̇ܕ ܡܪܝܐ ܠܡܘܫܐ . ܗܟܢܐ ܥܒ̣ܕܘ. ܘܒܪܟ ܐܢܘܢ ܡܘܫܐ.,16,"Viu, pois, Moisés toda a obra, e eis que a tinham feito; como o Senhor ordenara, assim a fizeram; então Moisés os abençoou.",23,True,False,True
40,1,Êxodo 40:1,וַיְדַבֵּ֥ר יְהוָ֖ה אֶל־ מֹשֶׁ֥ה לֵּאמֹֽר ׃,וידבר יהוה אל משה לאמר,6,ומליל יי עם משה למימר:,5,Καὶ ἐλάλησεν Κύριος πρὸς Μωυσῆν λέγων,6,ܘܐܡ̣ܪ ܡܪܝܐ ܠܡܘܫܐ.,3,Depois disse o Senhor a Moisés:,6,True,True,True
40,2,Êxodo 40:2,בְּיוֹם־ הַחֹ֥דֶשׁ הָרִאשׁ֖וֹן בְּאֶחָ֣ד לַחֹ֑דֶשׁ תָּקִ֕ים אֶת־ מִשְׁכַּ֖ן אֹ֥הֶל מוֹעֵֽד ׃,ביומ החדש הראשונ באחד לחדש תקימ את משכנ אהל מועד,11,ביומא ירחא קדמאה בחד לירחא תקים ית משכנא משכן זמנא:,10,Ἐν ἡμέρᾳ μιᾷ τοῦ μηνὸς τοῦ πρώτου νουμηνίᾳ στήσεις τὴν σκηνὴν τοῦ μαρτυρίου·,13,ܒܚܕ ܒܝܪܚܐ ܩܕܡܝܐ. ܐܩܝܡܝܗܝ ܠܡܫܟܢܙܒܢܐ.,5,"No primeiro mês, no primeiro dia do mês, levantarás o tabernáculo da tenda da revelação,",15,True,True,True
40,3,Êxodo 40:3,וְשַׂמְתָּ֣ שָׁ֔ם אֵ֖ת אֲר֣וֹן הָעֵד֑וּת וְסַכֹּתָ֥ עַל־ הָאָרֹ֖ן אֶת־ הַפָּרֹֽכֶת ׃,ושמת שמ את ארונ העדות וסכת על הארנ את הפרכת,11,ותשוי תמן ית ארונא דסהדותא ותטל על ארונא ית פרכתא:,10,καὶ σκεπάσεις τὴν κιβωτὸν τοῦ μαρτυρίου τῷ καταπετάσματι·,8,ܘܣܝܡ ܬܡܢ ܩܒܘܬܐ ܕܣܗܕܘܬܐ. ܘܦܪܘܣ ܥܠ ܩܒܘܬܐ ܦܪܣܐ.,8,"e porás nele a arca do testemunho, e resguardaras a arca com o véu.",14,True,True,True
40,4,Êxodo 40:4,וְהֵבֵאתָ֙ אֶת־ הַשֻּׁלְחָ֔ן וְעָרַכְתָּ֖ אֶת־ עֶרְכּ֑וֹ וְהֵבֵאתָ֙ אֶת־ הַמְּנֹרָ֔ה וְהַעֲלֵיתָ֖ אֶת־ נֵרֹתֶֽיהָ ׃,והבאת את השלחנ וערכת את ערכו והבאת את המנרה והעלית את נרתיה,13,ותעל ית פתורא ותסדר ית סדריה ותעל ית מנרתא ותדלק ית בוצינהא:,12,"καὶ εἰσοίσεις τὴν τράπεζαν, καὶ προθήσεις τὴν πρόθεσιν αὐτῆς· καὶ εἰσοίσεις τὴν λυχνίαν, καὶ ἐπιθήσεις τοὺς λύχνους αὐτῆς·",18,ܘܐܥܠ ܦܬܘܪܐ. ܘܣܕܘܪ ܣܕܪ̈ܐ. ܘܐܥܠ ܡܢܪܬܐ ܘܐܢܗܪ ܫܪ̈ܓܝܗ̇.,8,"Depois colocarás nele a mesa, e porás em ordem o que se deve pôr em ordem nela; também colocarás nele o candelabro, e acenderás as suas lâmpadas.",27,True,True,True
40,5,Êxodo 40:5,וְנָתַתָּ֞ה אֶת־ מִזְבַּ֤ח הַזָּהָב֙ לִקְטֹ֔רֶת לִפְנֵ֖י אֲר֣וֹן הָעֵדֻ֑ת וְשַׂמְתָּ֛ אֶת־ מָסַ֥ךְ הַפֶּ֖תַח לַמִּשְׁכָּֽן ׃,ונתתה את מזבח הזהב לקטרת לפני ארונ העדת ושמת את מסכ הפתח למשכנ,14,ותתן ית מדבחא דדהבא לקטרת בוסמיא קדם ארונא דסהדותא ותשוי ית פרסא דתרעא למשכנא:,14,καὶ θήσεις τὸ θυσιαστήριον τὸ χρυσοῦν εἰς τὸ θυμιᾷν ἐναντίον τῆς κιβωτοῦ· καὶ ἐπιθήσεις κάλυμμα καταπετάσματος ἐπὶ τὴν θύραν τῆς σκηνῆς τοῦ μαρτυρίου·,23,ܘܣܝܡ ܡܕܒܚܐ ܕܕܗܒܐ. ܠܥܛܪܐ ܩܕܡ ܩܒܘܬܐ ܕܣܗܕܘܬܐ. ܘܐܪܡܐ ܦܪܣܐ ܥܠ ܬܪܥܐ ܕܡܫܟܢܐ.,12,E porás o altar de ouro para o incenso diante da arca do testemunho; então pendurarás o reposteiro da porta do tabernáculo.,22,True,True,True
40,6,Êxodo 40:6,וְנָ֣תַתָּ֔ה אֵ֖ת מִזְבַּ֣ח הָעֹלָ֑ה לִפְנֵ֕י פֶּ֖תַח מִשְׁכַּ֥ן אֹֽהֶל־ מוֹעֵֽד ׃,ונתתה את מזבח העלה לפני פתח משכנ אהל מועד,10,ותתן ית מדבחא דעלתא קדם תרע משכנא משכן זמנא:,9,"καὶ τὸ θυσιαστήριον τῶν καρπωμάτων θήσεις παρὰ τὰς θύρας τῆς σκηνῆς τοῦ μαρτυρίου· καὶ περιθήσεις τὴν σκηνήν, καὶ πάντα τὰ αὐτῆς ἁγιάσεις κύκλῳ.",23,ܘܣܝܡ ܡܕܒܚܐ ܕܥܠܬܐ ܩܕܡ ܬܪܥܐ ܕܡܫܟܢܙܒܢܐ.,6,E porás o altar do holocausto diante da porta do tabernáculo da tenda da revelação.,15,True,True,True
40,7,Êxodo 40:7,וְנָֽתַתָּ֙ אֶת־ הַכִּיֹּ֔ר בֵּֽין־ אֹ֥הֶל מוֹעֵ֖ד וּבֵ֣ין הַמִּזְבֵּ֑חַ וְנָתַתָּ֥ שָׁ֖ם מָֽיִם ׃,ונתת את הכיר בינ אהל מועד ובינ המזבח ונתת שמ מימ,12,ותתן ית כיורא בין משכן זמנא ובין מדבחא ותתן תמן מיא:,11,"καὶ λήμψῃ τὸ ἔλαιον τοῦ χρίσματος, καὶ χρίσεις τὴν σκηνὴν καὶ πάντα τὰ ἐν αὐτῇ, καὶ ἁγιάσεις αὐτήν καὶ πάντα τὰ σκεύη αὐτῆς, καὶ ἔσται ἁγία.",26,ܘܣܝܡ ܠܩܢܐ ܒܝܬ ܡܫܟܢ ܙܒܢܐ ܠܡܕܒܚܐ . ܘܐܪܡܐ ܒܗ̇ ܡ̈ܝܐ.,10,"E porás a pia entre a tenda da revelação e o altar, e nela deitarás água.",16,True,True,True
40,8,Êxodo 40:8,וְשַׂמְתָּ֥ אֶת־ הֶחָצֵ֖ר סָבִ֑יב וְנָ֣תַתָּ֔ אֶת־ מָסַ֖ךְ שַׁ֥עַר הֶחָצֵֽר ׃,ושמת את החצר סביב ונתת את מסכ שער החצר,10,ותשוי ית דרתא סחור סחור ותתן ית פרסא דתרע דרתא:,10,"καὶ χρίσεις τὸ θυσιαστήριον τῶν καρπωμάτων καὶ πάντα αὐτοῦ τὰ σκεύη,",11,ܘܩܘܫ ܕܪܬܐ ܟܕ ܚܕܪܐ. ܘܐܪܡܐ ܦܪܣܐ ܥܠ ܬܪܥܐ ܕܕܪܬܐ.,9,"Depois levantarás as cortinas do átrio ao redor, e pendurarás o reposteiro da porta do átrio.",16,True,True,True
40,9,Êxodo 40:9,וְלָקַחְתָּ֙ אֶת־ שֶׁ֣מֶן הַמִּשְׁחָ֔ה וּמָשַׁחְתָּ֥ אֶת־ הַמִּשְׁכָּ֖ן וְאֶת־ כָּל־ אֲשֶׁר־ בּ֑וֹ וְקִדַּשְׁתָּ֥ אֹת֛וֹ וְאֶת־ כָּל־ כֵּלָ֖יו וְהָ֥יָה קֹֽדֶשׁ ׃,ולקחת את שמנ המשחה ומשחת את המשכנ ואת כל אשר בו וקדשת אתו ואת כל כליו והיה קדש,19,ותסב ית משחא דרבותא ותרבי ית משכנא וית כל די ביה ותקדש יתיה וית כל מנוהי ויהי קודשא:,18,"καὶ ἁγιάσεις τὸ θυσιαστήριον, καὶ ἔσται ἅγιον τῶν ἁγίων.",9,ܘܣܒ ܡܫܚܐ ܕܡܫܝܚܘܬܐ. ܘܡܫܘܚ ܠܡܫܟܢܐ ܘܠܟܠ ܕܐܝܬ ܒܗ. ܘܩܕܫܝܗܝ ܘܠܟܠܗܘܢ ܡܐ̈ܢܘܗܝ. ܘܢܗܘܐ ܩܕܝܫ.,13,"Então tomarás o óleo da unção e ungirás o tabernáculo, e tudo o que há nele; e o santificarás, a ele e a todos os seus móveis; e será santo.",30,True,True,True
40,10,Êxodo 40:10,וּמָשַׁחְתָּ֛ אֶת־ מִזְבַּ֥ח הָעֹלָ֖ה וְאֶת־ כָּל־ כֵּלָ֑יו וְקִדַּשְׁתָּ֙ אֶת־ הַמִּזְבֵּ֔חַ וְהָיָ֥ה הַמִּזְבֵּ֖חַ קֹ֥דֶשׁ קָֽדָשִֽׁים ׃,ומשחת את מזבח העלה ואת כל כליו וקדשת את המזבח והיה המזבח קדש קדשימ,15,ותרבי ית מדבחא דעלתא וית כל מנוהי ותקדש ית מדבחא ויהי מדבחא קדש קודשין:,14,"καὶ προσάξεις Ἀαρὼν καὶ τοὺς υἱοὺς αὐτοῦ ἐπὶ τὰς θύρας τῆς σκηνῆς τοῦ μαρτυρίου, καὶ λούσεις αὐτοὺς ὕδατι·",18,ܘܡܫܘܚ ܠܡܕܒܚܐ ܕܥܠܬܐ ܘܠܟܠ ܡܐ̈ܢܘܗܝ. ܘܩܕܫܝܗܝ ܠܡܕܒܚܐ ܘܢܗܘܐ ܡܕܒܚܐ ܩܕܘܫ ܩܘܕܫ̈ܝܢ.,11,"Ungirás também o altar do holocausto, e todos os seus utensílios, e santificarás o altar; e o altar será santíssimo.",20,True,True,True
40,11,Êxodo 40:11,וּמָשַׁחְתָּ֥ אֶת־ הַכִּיֹּ֖ר וְאֶת־ כַּנּ֑וֹ וְקִדַּשְׁתָּ֖ אֹתֽוֹ ׃,ומשחת את הכיר ואת כנו וקדשת אתו,8,ותרבי ית כיורא וית בסיסיה ותקדש יתיה:,7,"καὶ ἐνδύσεις Ἀαρὼν τὰς στολὰς τὰς ἁγίας, καὶ χρίσεις αὐτὸν καὶ ἁγιάσεις αὐτὸν ἱερατεύειν μοι·",15,ܘܡܫܘܚ ܠܠܩܢܐ ܘܠܟܢܗ̇ ܘܩ̇ܕܫ ܐܢܘܢ.,5,"Então ungirás a pia e a sua base, e a santificarás.",11,True,True,True
40,12,Êxodo 40:12,וְהִקְרַבְתָּ֤ אֶֽת־ אַהֲרֹן֙ וְאֶת־ בָּנָ֔יו אֶל־ פֶּ֖תַח אֹ֣הֶל מוֹעֵ֑ד וְרָחַצְתָּ֥ אֹתָ֖ם בַּמָּֽיִם ׃,והקרבת את אהרנ ואת בניו אל פתח אהל מועד ורחצת אתמ במימ,13,ותקרב ית אהרן וית בנוהי לתרע משכן זמנא ותסחי יתהון במיא:,11,"καὶ τοὺς υἱοὺς αὐτοῦ προσάξεις, καὶ ἐνδύσεις αὐτοὺς χιτῶνας,",9,ܘܩ̇ܪܒ ܠܐܗܪܘܢ ܘܠܒܢ̈ܘܗܝ ܠܬܪܥܐ ܕܡܫܟܢܙܒܢܐ. ܘܐܣܚܐ ܐܢܘܢ ܒܡ̈ܝܐ.,8,"E farás chegar Arão e seus filhos à porta da tenda da revelação, e os lavarás com água.",18,True,True,True
40,13,Êxodo 40:13,וְהִלְבַּשְׁתָּ֙ אֶֽת־ אַהֲרֹ֔ן אֵ֖ת בִּגְדֵ֣י הַקֹּ֑דֶשׁ וּמָשַׁחְתָּ֥ אֹת֛וֹ וְקִדַּשְׁתָּ֥ אֹת֖וֹ וְכִהֵ֥ן לִֽי ׃,והלבשת את אהרנ את בגדי הקדש ומשחת אתו וקדשת אתו וכהנ לי,13,ותלבש ית אהרן ית לבושי קודשא ותרבי יתיה ותקדש יתיה וישמש קדמי:,12,"καὶ ἀλείψεις αὐτοὺς ὃν τρόπον ἤλειψας τὸν πατέρα αὐτῶν, καὶ ἱερατεύσουσίν μοι· καὶ ἔσται ὥστε εἶναι αὐτοῖς χρίσμα ἱερατίας εἰς τὸν αἰῶνα, εἰς τὰς γενεὰς αὐτῶν.",26,ܘܐܠܒܫ ܠܐܗܪܘܢ ܠܒ̈ܘܫܝ ܩܘܕܫܐ. ܘܡܫܘܚܝܗܝ ܘܩܕܫܝܗܝ ܘܢܟܗܢ ܠܝ.,8,"E vestirás Arão das vestes sagradas, e o ungirás, e o santificarás, para que me administre o sacerdócio.",18,True,True,True
40,14,Êxodo 40:14,וְאֶת־ בָּנָ֖יו תַּקְרִ֑יב וְהִלְבַּשְׁתָּ֥ אֹתָ֖ם כֻּתֳּנֹֽת ׃,ואת בניו תקריב והלבשת אתמ כתנת,7,וית בנוהי תקרב ותלבש יתהון כתונין:,6,"καὶ ἐποίησεν Μωσῆς πάντα ὅσα ἐνετείλατο αὐτῷ Κύριος, οὕτως ἐποίησεν.",10,ܘܠܒܢ̈ܘܗܝ ܩ̇ܪܒ ܘܐ̇ܠܒܫ ܐܢܘܢ ܟܘܬ̈ܝܢܝܬܐ.,5,"Também farás chegar seus filhos, e os vestirás de túnicas,",10,True,True,True
40,15,Êxodo 40:15,וּמָשַׁחְתָּ֣ אֹתָ֗ם כַּאֲשֶׁ֤ר מָשַׁ֨חְתָּ֙ אֶת־ אֲבִיהֶ֔ם וְכִהֲנ֖וּ לִ֑י וְ֠הָיְתָה לִהְיֹ֨ת לָהֶ֧ם מָשְׁחָתָ֛ם לִכְהֻנַּ֥ת עוֹלָ֖ם לְדֹרֹתָֽם ׃,ומשחת אתמ כאשר משחת את אביהמ וכהנו לי והיתה להית להמ משחתמ לכהנת עולמ לדרתמ,16,ותרבי יתהון כמא די רביתא ית אבוהון וישמשון קדמי ותהי למהוי להון רבותהון לכהנות עלם לדריהון:,16,"Καὶ ἐγένετο ἐν τῷ μηνὶ τῷ πρώτῳ τῷ δευτέρῳ ἔτει ἐκπορευομένων αὐτῶν ἐξ Αἰγύπτου νουμηνίᾳ, ἐστάθη ἡ σκηνή·",18,ܘܡܫܘܚ ܐܢܘܢ ܐܝܟ ܕܡܫܚܬ ܠܐܗܪܘܢ ܐܚܘܟ . ܘܢ̇ܟܗܢܘܢ ܠܝ. ܘܬܗܘܐ ܠܗܘܢ ܡܫܝܚܘܬܗܘܢ ܠܟܗܢܘܬܐ. ܠܥܠܡ ܠܕܪ̈ܝܗܘܢ.,15,"e os ungirás como ungiste a seu pai, para que me administrem o sacerdócio, e a sua unção lhes será por sacerdócio perpétuo pelas suas gerações.",26,True,True,True
40,16,Êxodo 40:16,וַיַּ֖עַשׂ מֹשֶׁ֑ה כְּ֠כֹל אֲשֶׁ֨ר צִוָּ֧ה יְהוָ֛ה אֹת֖וֹ כֵּ֥ן עָשָֽׂה ׃ ס,ויעש משה ככל אשר צוה יהוה אתו כנ עשה ס,11,ועבד משה ככל די פקיד יי יתיה כן עבד:,9,"καὶ ἔστησεν Μωσῆς τὴν σκηνήν, καὶ ἐπέθηκεν τὰς κεφαλίδας καὶ διενέβαλεν τοὺς μοχλοὺς καὶ ἔστησεν τοὺς στύλους·",17,ܘܥܒ̣ܕ ܡܘܫܐ ܟܠ ܕܦܩܕܗ ܡܪܝܐ ܗܟܢܐ ܥܒ̣ܕ.,7,E Moisés fez conforme tudo o que o Senhor lhe ordenou; assim o fez.,14,True,True,True
40,17,Êxodo 40:17,וַיְהִ֞י בַּחֹ֧דֶשׁ הָרִאשׁ֛וֹן בַּשָּׁנָ֥ה הַשֵּׁנִ֖ית בְּאֶחָ֣ד לַחֹ֑דֶשׁ הוּקַ֖ם הַמִּשְׁכָּֽן ׃,ויהי בחדש הראשונ בשנה השנית באחד לחדש הוקמ המשכנ,10,והוה בירחא קדמאה בשתא תניתא בחד לירחא אתקם משכנא:,9,"καὶ ἐξέτεινεν τὰς αὐλαίας ἐπὶ τὴν σκηνήν, καὶ ἐπέθηκεν τὸ κατακάλυμμα τῆς σκηνῆς ἐπ᾽ αὐτῆς ἄνωθεν, καθὰ συνέταξεν Κύριος τῷ Μωσῇ.",21,ܘܗܘ̣ܐ ܒܚܕ ܒܝܪܚܐ ܩܕܡܝܐ. ܒܫܢܬ ܬܪ̈ܬܝܢ ܒܚܕ ܒܫܒܐ. ܩܡ ܡܫܟܢܐ.,10,"E no primeiro mês do segundo ano, no primeiro dia do mês, o tabernáculo foi levantado.",16,True,True,True
40,18,Êxodo 40:18,וַיָּ֨קֶם מֹשֶׁ֜ה אֶת־ הַמִּשְׁכָּ֗ן וַיִּתֵּן֙ אֶת־ אֲדָנָ֔יו וַיָּ֨שֶׂם֙ אֶת־ קְרָשָׁ֔יו וַיִּתֵּ֖ן אֶת־ בְּרִיחָ֑יו וַיָּ֖קֶם אֶת־ עַמּוּדָֽיו ׃,ויקמ משה את המשכנ ויתנ את אדניו וישמ את קרשיו ויתנ את בריחיו ויקמ את עמודיו,17,ואקם משה ית משכנא ויהב ית סמכוהי ושוי ית דפוהי ויהב ית עברוהי ואקם ית עמודוהי:,16,"Καὶ λαβὼν τὰ μαρτύρια ἐνέβαλεν εἰς τὴν κιβωτόν, καὶ ὑπέθηκεν τοὺς διωστῆρας ὑπὸ τὴν κιβωτόν,",15,ܘܐܩܝܡ ܡܘܫܐ ܡܫܟܢܐ. ܘܢܩ̣ܫ ܣ̈ܟܘܗܝ ܘܣܡ ܕܦܘ̈ܗܝ. ܘܩܒ̣ܥ ܡܘܟ̈ܠܘܗܝ ܘܐܩܝܡ ܥܡ̈ܘܕܘܗܝ.,11,"Levantou, pois, Moisés o tabernáculo: lançou as suas bases; armou as suas tábuas e nestas meteu os seus travessões; levantou as suas colunas;",23,True,True,True
40,19,Êxodo 40:19,וַיִּפְרֹ֤שׂ אֶת־ הָאֹ֨הֶל֙ עַל־ הַמִּשְׁכָּ֔ן וַיָּ֜שֶׂם אֶת־ מִכְסֵ֥ה הָאֹ֛הֶל עָלָ֖יו מִלְמָ֑עְלָה כַּאֲשֶׁ֛ר צִוָּ֥ה יְהוָ֖ה אֶת־ מֹשֶֽׁה ׃ ס,ויפרש את האהל על המשכנ וישמ את מכסה האהל עליו מלמעלה כאשר צוה יהוה את משה ס,18,ופרס ית פרסא על משכנא ושוי ית חופאה דמשכנא עלוהי מלעלא כמא די פקיד יי ית משה:,17,"καὶ εἰσήνεγκεν τὴν κιβωτὸν εἰς τὴν σκηνὴν καὶ ἐπέθηκεν τὸ κατακάλυμμα τοῦ καταπετάσματος, καὶ ἐσκέπασεν τὴν κιβωτὸν τοῦ μαρτυρίου, ὃν τρόπον συνέταξεν Κύριος τῷ Μωυσῇ.",25,ܘܦ̣ܪܣ ܦܪܣܐ ܥܠ ܡܫܟܢܐ. ܘܐܪܡܝ ܦܪܣܐ ܕܡܫܟܢܐ ܥܠܘܗܝ ܡܢ ܠܥܠ. ܐܝܟ ܕܦܩ̇ܕ ܡܪܝܐ ܠܡܘܫܐ.,14,"estendeu a tenda por cima do tabernáculo, e pôs a cobertura da tenda sobre ela, em cima, como o Senhor lhe ordenara.",22,True,True,True
40,20,Êxodo 40:20,וַיִּקַּ֞ח וַיִּתֵּ֤ן אֶת־ הָעֵדֻת֙ אֶל־ הָ֣אָרֹ֔ן וַיָּ֥שֶׂם אֶת־ הַבַּדִּ֖ים עַל־ הָאָרֹ֑ן וַיִּתֵּ֧ן אֶת־ הַכַּפֹּ֛רֶת עַל־ הָאָרֹ֖ן מִלְמָֽעְלָה ׃,ויקח ויתנ את העדת אל הארנ וישמ את הבדימ על הארנ ויתנ את הכפרת על הארנ מלמעלה,18,ונסיב ויהב ית סהדותא לארונא ושוי ית אריחיא על ארונא ויהב ית כפרתא על ארונא מלעלא:,16,"Καὶ ἐπέθηκεν τὴν τράπεζαν εἰς τὴν σκηνὴν τοῦ μαρτυρίου ἐπὶ τὸ κλίτος τῆς σκηνῆς τοῦ μαρτυρίου τὸ πρὸς βορρᾶν ἔξωθεν τοῦ καταπετάσματος τῆς σκηνῆς,",24,ܘܢܣ̣ܒ ܘܣܡ ܣܗܕܘܬܐ ܒܩܒܘܬܐ. ܘܣܡ ܩ̈ܘܦܐ ܥܠ ܩܒܘܬܐ. ܘܣܡ ܚܘܣܝܐ ܥܠ ܩܒܘܬܐ ܡܢ ܠܥܠ.,14,"Então tomou o testemunho e pô-lo na arca, ajustou à arca os varais, e pôs-lhe o propiciatório em cima.",19,True,True,True
40,21,Êxodo 40:21,וַיָּבֵ֣א אֶת־ הָאָרֹן֮ אֶל־ הַמִּשְׁכָּן֒ וַיָּ֗שֶׂם אֵ֚ת פָּרֹ֣כֶת הַמָּסָ֔ךְ וַיָּ֕סֶךְ עַ֖ל אֲר֣וֹן הָעֵד֑וּת כַּאֲשֶׁ֛ר צִוָּ֥ה יְהוָ֖ה אֶת־ מֹשֶֽׁה ׃ ס,ויבא את הארנ אל המשכנ וישמ את פרכת המסכ ויסכ על ארונ העדות כאשר צוה יהוה את משה ס,20,ואעל ית ארונא למשכנא ושוי ית פרכתא דפרסא ואטל על ארונא דסהדותא כמא די פקיד יי ית משה:,18,"καὶ προέθηκεν ἐπ᾽ αὐτῆς ἄρτους τῆς προθέσεως ἔναντι Κυρίου, ὃν τρόπον συνέταξεν Κύριος τῷ Μωυσῇ.",15,ܘܐ̇ܥܠ ܩܒܘܬܐ ܠܡܫܟܢܐ. ܘܢܣܒ ܐ̈ܦܝ ܬܪܥܐ ܕܦܪܣܐ. ܘܦܪܣ̣ ܥܠ ܩܒܘܬܐ ܕܣܗܕܘܬܐ. ܐܝܟ ܕܦܩ̇ܕ ܡܪܝܐ ܠܡܘܫܐ.,15,"Depois introduziu a arca no tabernáculo, e pendurou o véu do reposteiro, e assim resguardou a arca do testemunho, como o Senhor lhe ordenara.",24,True,True,True
40,22,Êxodo 40:22,וַיִּתֵּ֤ן אֶת־ הַשֻּׁלְחָן֙ בְּאֹ֣הֶל מוֹעֵ֔ד עַ֛ל יֶ֥רֶךְ הַמִּשְׁכָּ֖ן צָפֹ֑נָה מִח֖וּץ לַפָּרֹֽכֶת ׃,ויתנ את השלחנ באהל מועד על ירכ המשכנ צפנה מחוצ לפרכת,12,ויהב ית פתורא במשכן זמנא על צדא דמשכנא צפונא מברא לפרכתא:,11,"Καὶ ἔθηκεν τὴν λυχνίαν εἰς τὴν σκηνὴν τοῦ μαρτυρίου, εἰς τὸ κλίτος τῆς σκηνῆς τὸ πρὸς νότον,",17,ܘܣܡ ܦܬܘܪܐ ܒܡܫܟܢܙܒܢܐ. ܥܠ ܫ̈ܦܘܠܘܗܝ ܕܡܫܟܢܐ ܡܢ ܓܪܒܝܐ ܠܒܪ ܡܢ ܦܪܣܐ.,11,"Pôs também a mesa na tenda da revelação, ao lado do tabernáculo para o norte, fora do véu,",18,True,True,True
40,23,Êxodo 40:23,וַיַּעֲרֹ֥ךְ עָלָ֛יו עֵ֥רֶךְ לֶ֖חֶם לִפְנֵ֣י יְהוָ֑ה כַּאֲשֶׁ֛ר צִוָּ֥ה יְהוָ֖ה אֶת־ מֹשֶֽׁה ׃ ס,ויערכ עליו ערכ לחמ לפני יהוה כאשר צוה יהוה את משה ס,13,וסדר עלוהי סדור דלחם קדם יי כמא די פקיד יי ית משה:,12,"καὶ ἐπέθηκεν τοὺς λύχνους αὐτῆς ἔναντι Κυρίου, ὃν τρόπον συνέταξεν Κύριος τῷ Μωυσῇ.",13,ܘܣܕܪ ܥܠܘܗܝ ܣܕܪ̈ܐ ܠܚܡܐ ܩܕܡ ܡܪܝܐ. ܐܝܟ ܕܦܩ̇ܕ ܡܪܝܐ ܠܡܘܫܐ.,10,"e sobre ela pôs em ordem o pão perante o Senhor, como o Senhor lhe ordenara.",16,True,True,True
40,24,Êxodo 40:24,וַיָּ֤שֶׂם אֶת־ הַמְּנֹרָה֙ בְּאֹ֣הֶל מוֹעֵ֔ד נֹ֖כַח הַשֻּׁלְחָ֑ן עַ֛ל יֶ֥רֶךְ הַמִּשְׁכָּ֖ן נֶֽגְבָּה ׃,וישמ את המנרה באהל מועד נכח השלחנ על ירכ המשכנ נגבה,12,ושוי ית מנרתא במשכן זמנא לקבל פתורא על צדא דמשכנא לדרומא:,11,"Καὶ ἔθηκεν τὸ θυσιαστήριον τὸ χρυσοῦν ἐν τῇ σκηνῇ τοῦ μαρτυρίου ἀπέναντι τοῦ καταπετάσματος,",14,ܘܣܡ ܡܢܪܬܐ ܒܡܫܟܢܙܒܢܐ ܠܘܩܒܠ ܦܬܘܪܐ. ܥܠ ܫ̈ܦܘܠܝ ܡܫܟܢܐ. ܡܢ ܬܝܡܢܐ.,10,"Pôs também na tenda da revelação o candelabro defronte da mesa, ao lado do tabernáculo para o sul,",18,True,True,True
40,25,Êxodo 40:25,וַיַּ֥עַל הַנֵּרֹ֖ת לִפְנֵ֣י יְהוָ֑ה כַּאֲשֶׁ֛ר צִוָּ֥ה יְהוָ֖ה אֶת־ מֹשֶֽׁה ׃ ס,ויעל הנרת לפני יהוה כאשר צוה יהוה את משה ס,11,ואדלק בוצינהא קדם יי כמא די פקיד יי ית משה:,10,"καὶ ἐθυσίασεν ἐπ᾽ αὐτοῦ τὸ θυμίαμα τῆς συνθέσεως, καθάπερ συνέταξεν Κύριος τῷ Μωυσῇ.",13,ܘܐܢܗܪ ܫܪ̈ܓܝܗ̇ ܩܕܡ ܡܪܝܐ. ܐܝܟ ܕܦܩ̇ܕ ܡܪܝܐ ܠܡܘܫܐ.,8,"e acendeu as lâmpadas perante o Senhor, como o Senhor lhe ordenara.",12,True,True,True
40,26,Êxodo 40:26,וַיָּ֛שֶׂם אֶת־ מִזְבַּ֥ח הַזָּהָ֖ב בְּאֹ֣הֶל מוֹעֵ֑ד לִפְנֵ֖י הַפָּרֹֽכֶת ׃,וישמ את מזבח הזהב באהל מועד לפני הפרכת,9,ושוי ית מדבחא דדהבא במשכן זמנא קדם פרכתא:,8,"Καὶ τὸ θυσιαστήριον τῶν καρπωμάτων ἔθηκεν παρὰ τὰς θύρας τῆς σκηνῆς,",11,ܘܣܡ ܡܕܒܚܐ ܕܕܗܒܐ ܒܡܫܟܢܙܒܢܐ ܩܕܡ ܦܪܣܐ.,6,"Pôs o altar de ouro na tenda da revelação diante do véu,",12,True,True,True
40,27,Êxodo 40:27,וַיַּקְטֵ֥ר עָלָ֖יו קְטֹ֣רֶת סַמִּ֑ים כַּאֲשֶׁ֛ר צִוָּ֥ה יְהוָ֖ה אֶת־ מֹשֶֽׁה ׃ פ,ויקטר עליו קטרת סמימ כאשר צוה יהוה את משה פ,11,ואקטר עלוהי קטרת בוסמין כמא די פקיד יי ית משה:,10,καὶ ἔστησεν τὴν αὐλὴν κύκλῳ τῆς σκηνῆς καὶ τοῦ θυσιαστηρίου· καὶ συνετέλεσεν Μωυσῆς πάντα τὰ ἔργα.,16,ܘܐܣܩ ܥܠܘܗܝ ܥܛܪܐ ܕܒܣܡ̈ܐ. ܐܝܟ ܕܦܩ̇ܕ ܡܪܝܐ ܠܡܘܫܐ.,8,"e sobre ele queimou o incenso de especiarias aromáticas, como o Senhor lhe ordenara.",14,True,True,True
40,28,Êxodo 40:28,וַיָּ֛שֶׂם אֶת־ מָסַ֥ךְ הַפֶּ֖תַח לַמִּשְׁכָּֽן ׃,וישמ את מסכ הפתח למשכנ,6,ושוי ית פרסא דתרעא למשכנא:,5,"Καὶ ἐκάλυψεν ἡ νεφέλη τὴν σκηνὴν τοῦ μαρτυρίου, καὶ δόξης Κυρίου ἐπλήσθη ἡ σκηνή·",14,ܘܣܡ ܦܪܣܐ ܕܬܪܥܐ ܕܡܫܟܢܐ.,4,"Pendurou o reposteiro à: porta do tabernáculo,",7,True,True,True
40,29,Êxodo 40:29,וְאֵת֙ מִזְבַּ֣ח הָעֹלָ֔ה שָׂ֕ם פֶּ֖תַח מִשְׁכַּ֣ן אֹֽהֶל־ מוֹעֵ֑ד וַיַּ֣עַל עָלָ֗יו אֶת־ הָעֹלָה֙ וְאֶת־ הַמִּנְחָ֔ה כַּאֲשֶׁ֛ר צִוָּ֥ה יְהוָ֖ה אֶת־ מֹשֶֽׁה ׃ ס,ואת מזבח העלה שמ פתח משכנ אהל מועד ויעל עליו את העלה ואת המנחה כאשר צוה יהוה את משה ס,21,וית מדבחא דעלתא שוי בתרע משכנא משכן זמנא ואסק עלוהי ית עלתא וית מנחתא כמא די פקיד יי ית משה:,20,"καὶ οὐκ ἠδυνάσθη Μωσῆς εἰσελθεῖν εἰς τὴν σκηνὴν τοῦ μαρτυρίου, ὅτι ἐπεσκίαζεν ἐπ᾽ αὐτὴν ἡ νεφέλη, καὶ δόξης Κυρίου ἐπλήσθη ἡ σκηνή.",22,ܘܡܕܒܚܐ ܕܥ̇ܠܬܐ ܣܡ ܒܬܪܥܐ ܕܡܫܟܢ ܙܒܢܐ. ܘܐܣܩ ܥܠܘܗܝ ܥܠܬܐ ܘܣܡܝܕܐ. ܐܝܟ ܕܦܩ̇ܕ ܡܪܝܐ ܠܡܘܫܐ.,14,"e pôs o altar do holocausto à porta do tabernáculo da tenda da revelação, e sobre ele ofereceu o holocausto e a oferta de cereais, como o Senhor lhe ordenara.",30,True,True,True
40,30,Êxodo 40:30,וַיָּ֨שֶׂם֙ אֶת־ הַכִּיֹּ֔ר בֵּֽין־ אֹ֥הֶל מוֹעֵ֖ד וּבֵ֣ין הַמִּזְבֵּ֑חַ וַיִּתֵּ֥ן שָׁ֛מָּה מַ֖יִם לְרָחְצָֽה ׃,וישמ את הכיר בינ אהל מועד ובינ המזבח ויתנ שמה מימ לרחצה,13,ושוי ית כיורא בין משכן זמנא ובין מדבחא ויהב תמן מיא לקדוש:,12,"ἡνίκα δ᾽ ἂν ἀνέβη ἀπὸ τῆς σκηνῆς ἡ νεφέλη, ἀνεζεύγνυσαν οἱ υἱοὶ Ἰσραὴλ σὺν τῇ ἀπαρτίᾳ αὐτῶν·",17,ܘܣܡ ܠܩܢܐ ܒܝܬ ܡܫܟܢܙܒܢܐ ܠܒܝܬ ܡܕܒܚܐ . ܘܐܪܡܝ ܬܡ̇ܢ ܡ̈ܝܐ ܠܡܫܓܘ.,11,"Depois: colocou a pia entre a tenda da revelação e o altar, e nela deitou água para a as abluções.",20,True,True,True
40,31,Êxodo 40:31,וְרָחֲצ֣וּ מִמֶּ֔נּוּ מֹשֶׁ֖ה וְאַהֲרֹ֣ן וּבָנָ֑יו אֶת־ יְדֵיהֶ֖ם וְאֶת־ רַגְלֵיהֶֽם ׃,ורחצו ממנו משה ואהרנ ובניו את ידיהמ ואת רגליהמ,10,ויקדשון מניה משה ואהרן ובנוהי ית ידיהון וית רגליהון:,9,"εἰ δὲ μὴ ἀνέβη ἡ νεφέλη, οὐκ ἀνεζεύγνυσαν ἕως ἡμέρας ἧς ἀνέβη ἡ νεφέλη.",14,ܘܡܫܝܓܝܢ ܡܢܗ̇ ܡܘܫܐ ܘܐܗܪܘܢ ܘܒ̈ܢܘܗܝ. ܐ̈ܝܕܝܗܘܢ ܘܪ̈ܓܠܝܗܘܢ.,7,"E junto dela Moisés, e Arão e seus filhos lavaram as mãos e os pés.",15,True,True,True
40,32,Êxodo 40:32,בְּבֹאָ֞ם אֶל־ אֹ֣הֶל מוֹעֵ֗ד וּבְקָרְבָתָ֛ם אֶל־ הַמִּזְבֵּ֖חַ יִרְחָ֑צוּ כַּאֲשֶׁ֛ר צִוָּ֥ה יְהוָ֖ה אֶת־ מֹשֶֽׁה ׃ ס,בבאמ אל אהל מועד ובקרבתמ אל המזבח ירחצו כאשר צוה יהוה את משה ס,15,במעלהון למשכן זמנא ובמקרבהון למדבחא יקדשון כמא די פקיד יי ית משה:,12,"νεφέλη γὰρ ἦν ἐπὶ τῆς σκηνῆς ἡμέρας, καὶ πῦρ ἦν ἐπ᾽ αὐτῆς νυκτός, ἐναντίον παντὸς Ἰσραήλ, ἐν πάσαις ταῖς ἀναζυγαῖς αὐτῶν.",21,ܡܐ ܕܥܐܠܝܢ ܠܡܫܟܢܙܒܢܐ ܘܡܐ ܕܩܪܒܝܢ ܠܡܕܒܚܐ ܡܫܝܓܝܢ. ܐܝܟ ܕܦܩ̇ܕ ܡܪܝܐ ܠܡܘܫܐ.,11,"Quando entravam na tenda da revelação, e quando chegavam ao altar, lavavam-se, como o Senhor ordenara a Moisés.",18,True,True,True
40,33,Êxodo 40:33,וַיָּ֣קֶם אֶת־ הֶחָצֵ֗ר סָבִיב֙ לַמִּשְׁכָּ֣ן וְלַמִּזְבֵּ֔חַ וַיִּתֵּ֕ן אֶת־ מָסַ֖ךְ שַׁ֣עַר הֶחָצֵ֑ר וַיְכַ֥ל מֹשֶׁ֖ה אֶת־ הַמְּלָאכָֽה ׃ פ,ויקמ את החצר סביב למשכנ ולמזבח ויתנ את מסכ שער החצר ויכל משה את המלאכה פ,17,ואקם ית דרתא סחור סחור למשכנא ולמדבחא ויהב ית פרסא דתרע דרתא ושיצי משה ית עבידא:,16,,0,ܘܐܩܝܡ ܕܪܬܐ ܟܕ ܚܕܪܐ. ܠܡܫܟܢܐ ܘܠܡܕܒܚܐ. ܘܝܗ̣ܒ ܦܪ̣ܣܐ ܒܬܪܥܐ ܕܕܪܬܐ ܘܫ̇ܠܡ ܡܘܫܐ ܥܒ̇ܕܐ.,13,Levantou também as cortinas do átrio ao redor do tabernáculo e do altar e pendurou o reposteiro da porta do átrio. Assim Moisés acabou a obra.,26,True,False,True
40,34,Êxodo 40:34,וַיְכַ֥ס הֶעָנָ֖ן אֶת־ אֹ֣הֶל מוֹעֵ֑ד וּכְב֣וֹד יְהוָ֔ה מָלֵ֖א אֶת־ הַמִּשְׁכָּֽן ׃,ויכס העננ את אהל מועד וכבוד יהוה מלא את המשכנ,11,וחפא עננא ית משכן זמנא ויקרא דיי אתמלי ית משכנא:,10,,0,ܘܟܣܝ̣ܬ ܥܢܢܐ ܠܡܫܟܢ ܙܒܢܐ. ܘܐܝܩܪܗ ܕܡܪܝܐ ܐܬܡܠܝ ܡܫܟܢܐ.,8,"Então a nuvem cobriu a tenda da revelação, e a glória do Senhor encheu o tabernáculo;",16,True,False,True
40,35,Êxodo 40:35,וְלֹא־ יָכֹ֣ל מֹשֶׁ֗ה לָבוֹא֙ אֶל־ אֹ֣הֶל מוֹעֵ֔ד כִּֽי־ שָׁכַ֥ן עָלָ֖יו הֶעָנָ֑ן וּכְב֣וֹד יְהוָ֔ה מָלֵ֖א אֶת־ הַמִּשְׁכָּֽן ׃,ולא יכל משה לבוא אל אהל מועד כי שכנ עליו העננ וכבוד יהוה מלא את המשכנ,17,ולא יכיל משה למעל למשכן זמנא ארי שרא עלוהי עננא ויקרא דיי אתמלי ית משכנא:,15,,0,ܘܠܐ ܐܫܟܚ ܡܘܫܐ ܠܡܥܠ ܠܡܫܟܢܙܒܢܐ. ܡܛܠ ܕܫܟܢ̣ܬ ܥܠܘܗܝ ܥܢܢܐ. ܘܐܝܩܪܗ ܕܡܪܝܐ ܡܠ̣ܐ ܡܫܟܢܐ.,13,"de maneira que Moisés não podia entrar na tenda da revelação, porquanto a nuvem repousava sobre ela, e a glória do Senhor enchia o tabernáculo.",25,True,False,True
40,36,Êxodo 40:36,וּבְהֵעָל֤וֹת הֶֽעָנָן֙ מֵעַ֣ל הַמִּשְׁכָּ֔ן יִסְע֖וּ בְּנֵ֣י יִשְׂרָאֵ֑ל בְּכֹ֖ל מַסְעֵיהֶֽם ׃,ובהעלות העננ מעל המשכנ יסעו בני ישראל בכל מסעיהמ,10,ובאסתלקות עננא מעלוי משכנא נטלין בני ישראל בכל מטלניהון:,9,,0,ܘܡܐ ܕܡܣܬܠܩܐ ܥܢܢܐ ܡܢ ܥܠܘܝ ܡܫܟܢܐ. ܫܩܠܝܢ ܒܢ̈ܝ ܐܝܣܪܝܠ ܒܟܠ ܡܫ̈ܩܠܢܝܗܘܢ.,11,"Quando, pois, a nuvem se levantava de sobre o tabernáculo, prosseguiam os filhos de Israel, em todas as suas jornadas;",20,True,False,True
40,37,Êxodo 40:37,וְאִם־ לֹ֥א יֵעָלֶ֖ה הֶעָנָ֑ן וְלֹ֣א יִסְע֔וּ עַד־ י֖וֹם הֵעָלֹתֽוֹ ׃,ואמ לא יעלה העננ ולא יסעו עד יומ העלתו,10,ואם לא יסתלק עננא ולא נטלין עד יומא דאסתלקותיה:,9,,0,ܘܐܠܐ ܡܣܬܠܩܐ ܥܢܢܐ ܠܐ ܫܩܠܝܢ. ܥܕܡܐ ܠܝܘܡܐ ܕܡܣܬܠܩܐ.,8,"se a nuvem, porém, não se levantava, não caminhavam até o dia em que ela se levantasse.",17,True,False,True
40,38,Êxodo 40:38,כִּי֩ עֲנַ֨ן יְהוָ֤ה עַֽל־ הַמִּשְׁכָּן֙ יוֹמָ֔ם וְאֵ֕שׁ תִּהְיֶ֥ה לַ֖יְלָה בּ֑וֹ לְעֵינֵ֥י כָל־ בֵּֽית־ יִשְׂרָאֵ֖ל בְּכָל־ מַסְעֵיהֶֽם ׃,כי עננ יהוה על המשכנ יוממ ואש תהיה לילה בו לעיני כל בית ישראל בכל מסעיהמ,17,ארי עננא יקרא דיי על משכנא ביממא וחיזו אשתא הוי בליליא ביה לעיני כל בית ישראל בכל מטלניהון:,18,,0,ܡܛܠ ܕܥܢܢܗ ܕܡܪܝܐ ܥܠ ܡܫܟܢܐ ܒܐܝܡܡܐ. ܘܢܘܪܐ ܗ̇ܘܝܐ ܒܗ ܒܠܠܝܐ. ܠܥܝܢ ܟܠܗܘܢ ܕܒܝܬ ܐܝܣܪܝܠ ܒܟܠ ܡܫ̈ܩܠܢܝܗܘܢ.,16,"Porquanto a nuvem do Senhor estava de dia sobre o tabernáculo, e o fogo estava de noite sobre ele, perante os olhos de toda a casa de Israel, em todas as suas jornadas.",33,True,False,True
