capitulo,versiculo,referencia,hebraico_mt,hebraico_sem_niqqud,palavras_hebraico,targum_onkelos,palavras_targum,septuaginta_grego,palavras_lxx,peshitta_siriaco,palavras_peshitta,portugues_aa,palavras_portugues,tem_targum,tem_lxx,tem_peshitta
1,1,Gênesis 1:1,בְּרֵאשִׁ֖ית בָּרָ֣א אֱלֹהִ֑ים אֵ֥ת הַשָּׁמַ֖יִם וְאֵ֥ת הָאָֽרֶץ ׃,בראשית ברא אלהימ את השמימ ואת הארצ,8,בקדמין ברא יי ית שמיא וית ארעא:,7,ΕΝ ΑΡΧΗ ἐποίησεν ὁ θεὸς τὸν οὐρανὸν καὶ τὴν γῆν.,10,ܒܪܫܝܬ ܒܪܐ ܐܠܗܐ. ܝܬ ܫܡܝܐ ܘܝܬ ܐܪܥܐ.,7,No princípio criou Deus os céus e a terra.,9,True,True,True
1,2,Gênesis 1:2,וְהָאָ֗רֶץ הָיְתָ֥ה תֹ֨הוּ֙ וָבֹ֔הוּ וְחֹ֖שֶׁךְ עַל־ פְּנֵ֣י תְה֑וֹם וְר֣וּחַ אֱלֹהִ֔ים מְרַחֶ֖פֶת עַל־ פְּנֵ֥י הַמָּֽיִם ׃,והארצ היתה תהו ובהו וחשכ על פני תהומ ורוח אלהימ מרחפת על פני המימ,15,וארעא הות צדיא וריקניא וחשוכא פרש על אפי תהומא ורוחא מן קדם יי מנשבא על אפי מיא:,17,"ἡ δὲ γῆ ἦν ἀόρατος καὶ ἀκατασκεύαστος, καὶ σκότος ἐπάνω τῆς ἀβύσσου· καὶ πνεῦμα θεοῦ ἐπεφέρετο ἐπάνω τοῦ ὕδατος.",19,ܐܪܥܐ ܗܘܬ ܬܘܗ ܘܒܘܗ̇. ܘܚܫܘܟܐ ܥܠ ܐ̈ܦܝ ܬܗܘܡܐ. ܘܪܘܚܗ ܕܐܠܗܐ ܡܪܚܦܐ ܥܠ ܐ̈ܦܝ ܡ̈ܝܐ.,14,"A terra era sem forma e vazia; e havia trevas sobre a face do abismo, mas o Espírito de Deus pairava sobre a face das águas.",26,True,True,True
1,3,Gênesis 1:3,וַיֹּ֥אמֶר אֱלֹהִ֖ים יְהִ֣י א֑וֹר וַֽיְהִי־ אֽוֹר ׃,ויאמר אלהימ יהי אור ויהי אור,7,ואמר יי יהי נהורא והוה נהורא:,6,καὶ εἶπεν ὁ θεός Γενηθήτω φῶς· καὶ ἐγένετο φῶς.,9,ܘܐܡ̣ܪ ܐܠܗܐ ܢܗܘܐ ܢܘܗܪܐ. ܘܗܘ̣ܐ ܢܘܗܪܐ.,6,Disse Deus: haja luz. E houve luz.,7,True,True,True
1,4,Gênesis 1:4,וַיַּ֧רְא אֱלֹהִ֛ים אֶת־ הָא֖וֹר כִּי־ ט֑וֹב וַיַּבְדֵּ֣ל אֱלֹהִ֔ים בֵּ֥ין הָא֖וֹר וּבֵ֥ין הַחֹֽשֶׁךְ ׃,וירא אלהימ את האור כי טוב ויבדל אלהימ בינ האור ובינ החשכ,13,וחזא יי ית נהורא ארי טב ואפרש יי בין נהורא ובין חשוכא:,12,καὶ ἴδεν ὁ θεὸς τὸ φῶς ὅτι καλόν· καὶ διεχώρισεν ὁ θεὸς ἀνὰ μέσον τοῦ φωτὸς καὶ ἀνὰ μέσον τοῦ σκότους.,21,ܘܚ̣ܙܐ ܐܠܗܐ ܠܢܘܗܪܐ ܕܫܦܝܪ. ܘܦ̣ܪܫ ܐܠܗܐ ܒܝܬ ܢܘܗܪܐ ܠܚܫܘܟܐ.,9,Viu Deus que a luz era boa; e fez separação entre a luz e as trevas.,16,True,True,True
1,5,Gênesis 1:5,וַיִּקְרָ֨א אֱלֹהִ֤ים ׀ לָאוֹר֙ י֔וֹם וְלַחֹ֖שֶׁךְ קָ֣רָא לָ֑יְלָה וַֽיְהִי־ עֶ֥רֶב וַֽיְהִי־ בֹ֖קֶר י֥וֹם אֶחָֽד ׃ פ,ויקרא אלהימ לאור יומ ולחשכ קרא לילה ויהי ערב ויהי בקר יומ אחד פ,16,וקרא יי לנהורא יממא ולחשוכא קרא ליליא והוה רמש והוה צפר יומא חד:,13,"καὶ ἐκάλεσεν ὁ θεὸς τὸ φῶς ἡμέραν, καὶ τὸ σκότος ἐκάλεσεν νύκτα. καὶ ἐγένετο ἑσπέρα καὶ ἐγένετο πρωί, ἡμέρα μία.",20,ܘܩ̣ܪܐ ܐܠܗܐ ܠܢܘܗܪܐ ܐܝܡܡܐ. ܘܠܚܫܘܟܐ ܩ̣ܪܐ ܠܠܝܐ. ܘܗܘ̣ܐ ܪܡܫܐ ܘܗܘܐ ܨܦܪܐ ܝܘܡܐ ܚܕ.,13,"E Deus chamou à luz dia, e às trevas noite. E foi a tarde e a manhã, o dia primeiro.",20,True,True,True
1,6,Gênesis 1:6,וַיֹּ֣אמֶר אֱלֹהִ֔ים יְהִ֥י רָקִ֖יעַ בְּת֣וֹךְ הַמָּ֑יִם וִיהִ֣י מַבְדִּ֔יל בֵּ֥ין מַ֖יִם לָמָֽיִם ׃,ויאמר אלהימ יהי רקיע בתוכ המימ ויהי מבדיל בינ מימ למימ,12,ואמר יי יהי רקיעא במציעות מיא ויהי מפריש בין מיא למיא:,11,"Καὶ εἶπεν ὁ θεός Γενηθήτω στερέωμα ἐν μέσῳ τοῦ ὕδατος, καὶ ἔστω διαχωρίζον ἀνὰ μέσον ὕδατος καὶ ὕδατος· καὶ ἐγένετο οὕτως.",21,ܘܐܡ̣ܪ ܐܠܗܐ ܢܗܘܐ ܐܪܩܝܥܐ ܒܡܨܥܬ ܡ̈ܝܐ. ܘܢܗܘܐ ܦܪܫ̇ ܒܝܬ ܡ̈ܝܐ ܠܡ̈ܝܐ.,11,"E disse Deus: haja um firmamento no meio das águas, e haja separação entre águas e águas.",17,True,True,True
1,7,Gênesis 1:7,וַיַּ֣עַשׂ אֱלֹהִים֮ אֶת־ הָרָקִיעַ֒ וַיַּבְדֵּ֗ל בֵּ֤ין הַמַּ֨יִם֙ אֲשֶׁר֙ מִתַּ֣חַת לָרָקִ֔יעַ וּבֵ֣ין הַמַּ֔יִם אֲשֶׁ֖ר מֵעַ֣ל לָרָקִ֑יעַ וַֽיְהִי־ כֵֽן ׃,ויעש אלהימ את הרקיע ויבדל בינ המימ אשר מתחת לרקיע ובינ המימ אשר מעל לרקיע ויהי כנ,18,ועבד יי ית רקיעא ואפריש בין מיא די מלרע לרקיעא ובין מיא די מעל לרקיעא והוה כן:,17,"καὶ ἐποίησεν ὁ θεὸς τὸ στερέωμα· καὶ διεχώρισεν ὁ θεὸς ἀνὰ μέσον τοῦ ὕδατος ὃ ἦν ὑποκάτω τοῦ στερεώματος, καὶ ἀνὰ μέσον τοῦ ὕδατος τοῦ ἐπάνω τοῦ στερεώματος.",28,ܘܥܒ̣ܕ ܐܠܗܐ ܐܪܩܝܥܐ. ܘܦ̣ܪܫ ܒܝܬ ܡ̈ܝܐ ܕܠܬܚܬ ܡܢ ܐܪܩܝܥܐ. ܘܒܝܬ ܡ̈ܝܐ ܕܠܥܠ ܡܢ ܐܪܩܝܥܐ. ܘܗܘ̣ܐ ܗܟܢܐ.,16,"Fez, pois, Deus o firmamento, e separou as águas que estavam debaixo do firmamento das que estavam por cima do firmamento. E assim foi.",24,True,True,True
1,8,Gênesis 1:8,וַיִּקְרָ֧א אֱלֹהִ֛ים לָֽרָקִ֖יעַ שָׁמָ֑יִם וַֽיְהִי־ עֶ֥רֶב וַֽיְהִי־ בֹ֖קֶר י֥וֹם שֵׁנִֽי ׃ פ,ויקרא אלהימ לרקיע שמימ ויהי ערב ויהי בקר יומ שני פ,12,וקרא יי לרקיעא שמיא והוה רמש והוה צפר יום תנין:,10,"καὶ ἐκάλεσεν ὁ θεὸς τὸ στερέωμα οὐρανόν· καὶ ἴδεν ὁ θεὸς ὅτι καλόν. καὶ ἐγένετο ἑσπέρα καὶ ἐγένετο πρωί, ἡμέρα δευτέρα.",21,ܘܩ̣ܪܐ ܐܠܗܐ ܠܐܪܩܝܥܐ ܫܡܝܐ. ܘܗܘ̣ܐ ܪܡܫܐ ܘܗܘܐ ܨܦܪܐ ܝܘܡܐ ܕܬܪ̈ܝܢ.,10,"Chamou Deus ao firmamento céu. E foi a tarde e a manhã, o dia segundo.",15,True,True,True
1,9,Gênesis 1:9,וַיֹּ֣אמֶר אֱלֹהִ֗ים יִקָּו֨וּ הַמַּ֜יִם מִתַּ֤חַת הַשָּׁמַ֨יִם֙ אֶל־ מָק֣וֹם אֶחָ֔ד וְתֵרָאֶ֖ה הַיַּבָּשָׁ֑ה וַֽיְהִי־ כֵֽן ׃,ויאמר אלהימ יקוו המימ מתחת השמימ אל מקומ אחד ותראה היבשה ויהי כנ,14,ואמר יי יתכנשון מיא מתחות שמיא לאתר חד ותתחזי יבשתא והוה כן:,12,"Καὶ εἶπεν ὁ θεός Συναχθήτω τὸ ὕδωρ τὸ ὑποκάτω τοῦ οὐρανοῦ εἰς συναγωγὴν μίαν, καὶ ὀφθήτω ἡ ξηρά· καὶ ἐγένετο οὕτως. καὶ συνήχθη τὸ ὕδωρ τὸ ὑποκάτω τοῦ οὐρανοῦ εἰς τὰς συναγωγὰς αὐτῶν, καὶ ὤφθη ἡ ξηρά.",37,ܘܐܡ̣ܪ ܐܠܗܐ ܢܬܟܢܫܘܢ ܡ̈ܝܐ ܕܠܬܚܬ ܡܢ ܫܡܝܐ ܠܐܬܪܐ ܚܕ ܘܬܬܚܙܐ ܝܒܝܫܬܐ. ܘܗܘ̣ܐ ܗܟܢܐ.,13,"E disse Deus: Ajuntem-se num só lugar as águas que estão debaixo do céu, e apareça o elemento seco. E assim foi.",22,True,True,True
1,10,Gênesis 1:10,וַיִּקְרָ֨א אֱלֹהִ֤ים ׀ לַיַּבָּשָׁה֙ אֶ֔רֶץ וּלְמִקְוֵ֥ה הַמַּ֖יִם קָרָ֣א יַמִּ֑ים וַיַּ֥רְא אֱלֹהִ֖ים כִּי־ טֽוֹב ׃,ויקרא אלהימ ליבשה ארצ ולמקוה המימ קרא ימימ וירא אלהימ כי טוב,14,וקרא יי ליבשתא ארעא ולבית כנישות מיא קרא יממי וחזא יי ארי טב:,13,"καὶ ἐκάλεσεν ὁ θεὸς τὴν ξηρὰν γῆν, καὶ τὰ συστέματα τῶν ὑδάτων ἐκάλεσεν θαλάσσας· καὶ ἴδεν ὁ θεὸς ὅτι καλόν.",20,ܘܩ̣ܪܐ ܐܠܗܐ ܠܝܒܝܫܬܐ ܐܪܥܐ. ܘܠܟܢܫܐ ܕܡ̈ܝܐ ܩ̣ܪܐ ܝܡ̈ܡܐ. ܘܚ̣ܙܐ ܐܠܗܐ ܕܫܦܝܪ.,11,"Chamou Deus ao elemento seco terra, e ao ajuntamento das águas mares. E viu Deus que isso era bom.",19,True,True,True
1,11,Gênesis 1:11,וַיֹּ֣אמֶר אֱלֹהִ֗ים תַּֽדְשֵׁ֤א הָאָ֨רֶץ֙ דֶּ֔שֶׁא עֵ֚שֶׂב מַזְרִ֣יעַ זֶ֔רַע עֵ֣ץ פְּרִ֞י עֹ֤שֶׂה פְּרִי֙ לְמִינ֔וֹ אֲשֶׁ֥ר זַרְעוֹ־ ב֖וֹ עַל־ הָאָ֑רֶץ וַֽיְהִי־ כֵֽן ׃,ויאמר אלהימ תדשא הארצ דשא עשב מזריע זרע עצ פרי עשה פרי למינו אשר זרעו בו על הארצ ויהי כנ,21,ואמר יי תדאית ארעא דיתאה עסבא דבר זרעה מזדרע אילן פירין עבד פירין לזנה די בר זרעה בה על ארעא והוה כן:,22,"καὶ εἶπεν ὁ θεός Βλαστησάτω ἡ γῆ βοτάνην χόρτου, σπεῖρον σπέρμα κατὰ γένος καὶ καθ᾽ ὁμοιότητα, καὶ ξύλον κάρπιμον ποιοῦν καρπόν, οὗ τὸ σπέρμα αὐτοῦ ἐν αὐτῷ κατὰ γένος εἰς ὁμοιότητα ἐπὶ τῆς γῆς· καὶ ἐγένετο οὕτως.",37,ܘܐܡ̣ܪ ܐܠܗܐ ܬܦܩ ܐܪܥܐ ܬܕܐܐ ܥܣܒܐ ܕܡܙܕܪܥ ܙܪܥܐ ܠܓܢܣܗ. ܘܐܝܠܢܐ ܕܦܐܪ̈ܐ ܕܥܒ̇ܕ ܦܐܪ̈ܐ ܠܓܢܣܗ ܕܢܨܒܬܗ ܒܗ ܥܠ ܐܪܥܐ. ܘܗ̣ܘܐ ܗܟܢܐ.,20,"E disse Deus: Produza a terra relva, ervas que dêem semente, e árvores frutíferas que, segundo as suas espécies, dêem fruto que tenha em si a sua semente, sobre a terra. E assim foi.",34,True,True,True
1,12,Gênesis 1:12,וַתּוֹצֵ֨א הָאָ֜רֶץ דֶּ֠שֶׁא עֵ֣שֶׂב מַזְרִ֤יעַ זֶ֨רַע֙ לְמִינֵ֔הוּ וְעֵ֧ץ עֹֽשֶׂה־ פְּרִ֛י אֲשֶׁ֥ר זַרְעוֹ־ ב֖וֹ לְמִינֵ֑הוּ וַיַּ֥רְא אֱלֹהִ֖ים כִּי־ טֽוֹב ׃,ותוצא הארצ דשא עשב מזריע זרע למינהו ועצ עשה פרי אשר זרעו בו למינהו וירא אלהימ כי טוב,19,ואפקת ארעא דיתאה עסבא דבר זרעה מזדרע לזנוהי ואילן עבד פירין דבר זרעה בה לזנוהי וחזא יי ארי טב:,19,"καὶ ἐξήνεγκεν ἡ γῆ βοτάνην χόρτου, σπεῖρον σπέρμα κατὰ γένος καὶ καθ᾽ ὁμοιότητα, καὶ ξύλον κάρπιμον ποιοῦν καρπόν, οὗ τὸ σπέρμα αὐτοῦ ἐν αὐτῷ κατὰ γένος ἐπὶ τῆς γῆς. καὶ ἴδεν ὁ θεὸς ὅτι καλόν.",35,ܘܐܦ̣ܩܬ ܐܪܥܐ ܬܕܐܐ. ܥܣܒܐ ܕܡܙܕܪܥ ܙܪܥܐ ܠܓܢܣܗ. ܘܐܝܠܢܐ ܕܥܒ̇ܕ ܦܐܪ̈ܐ ܕܢܨܒܬܗ ܒܗ ܠܓܢܣܗ. ܘܚ̣ܙܐ ܐܠܗܐ ܕܫܦܝܪ.,16,"A terra, pois, produziu relva, ervas que davam semente segundo as suas espécies, e árvores que davam fruto que tinha em si a sua semente, segundo as suas espécies. E viu Deus que isso era bom.",36,True,True,True
1,13,Gênesis 1:13,וַֽיְהִי־ עֶ֥רֶב וַֽיְהִי־ בֹ֖קֶר י֥וֹם שְׁלִישִֽׁי ׃ פ,ויהי ערב ויהי בקר יומ שלישי פ,8,והוה רמש והוה צפר יום תליתאי:,6,"καὶ ἐγένετο ⸂⸆⸃ ἑσπέρα καὶ ἐγένετο πρωί, ἡμέρα τρίτη.",9,ܘܗܘ̣ܐ ܪܡܫܐ ܘܗܘ̣ܐ ܨܦܪܐ. ܝܘܡܐ ܕܬܠܬܐ.,6,"E foi a tarde e a manhã, o dia terceiro.",10,True,True,True
1,14,Gênesis 1:14,וַיֹּ֣אמֶר אֱלֹהִ֗ים יְהִ֤י מְאֹרֹת֙ בִּרְקִ֣יעַ הַשָּׁמַ֔יִם לְהַבְדִּ֕יל בֵּ֥ין הַיּ֖וֹם וּבֵ֣ין הַלָּ֑יְלָה וְהָי֤וּ לְאֹתֹת֙ וּלְמ֣וֹעֲדִ֔ים וּלְיָמִ֖ים וְשָׁנִֽים ׃,ויאמר אלהימ יהי מארת ברקיע השמימ להבדיל בינ היומ ובינ הלילה והיו לאתת ולמועדימ ולימימ ושנימ,17,ואמר יי יהון נהורין ברקיעא דשמיא לאפרשא בין יממא ובין ליליא ויהון לאתין ולזמנין ולמימני בהון יומין ושנין:,18,"Καὶ εἶπεν ὁ θεός Γενηθήτωσαν φωστῆρες ἐν τῷ στερεώματι τοῦ οὐρανοῦ εἰς φαῦσιν τῆς γῆς, καὶ ἄρχειν τῆς ἡμέρας καὶ τῆς νυκτὸς καὶ διαχωρίζειν ⸆ ἀνὰ μέσον τῆς ἡμέρας καὶ ἀνὰ μέσον τῆς νυκτός· καὶ ἔστωσαν εἰς σημεῖα καὶ εἰς καιροὺς καὶ εἰς ἡμέρας καὶ εἰς ἐνιαυτούς·",47,ܘܐܡ̣ܪ ܐܠܗܐ. ܢܗܘܘܢ ܢܗܝܪ̈ܐ ܒܐܪܩܝܥܐ ܕܫܡܝܐ. ܠܡܦܪܫ ܒܝܬ ܐܝܡܡܐ ܠܠܠܝܐ . ܘܢܗܘܘܢ ܠܐܬ̈ܘܬܐ ܘܠܙܒ̈ܢܐ. ܘܠܝ̈ܘܡܬܐ ܘܠܫ̈ܢܝܐ.,16,"E disse Deus: haja luminares no firmamento do céu, para fazerem separação entre o dia e a noite; sejam eles para sinais e para estações, e para dias e anos;",30,True,True,True
1,15,Gênesis 1:15,וְהָי֤וּ לִמְאוֹרֹת֙ בִּרְקִ֣יעַ הַשָּׁמַ֔יִם לְהָאִ֖יר עַל־ הָאָ֑רֶץ וַֽיְהִי־ כֵֽן ׃,והיו למאורת ברקיע השמימ להאיר על הארצ ויהי כנ,10,ויהון לנהורין ברקיעא דשמיא לאנהרא על ארעא והוה כן:,9,"καὶ ἔστωσαν εἰς φαῦσιν ἐν τῷ στερεώματι τοῦ οὐρανοῦ, ὥστε φαίνειν ἐπὶ τῆς γῆς. καὶ ἐγένετο οὕτως.",17,ܘܢܗܘܘܢ ܡܢܗܪ̈ܝܢ ܒܐܪܩܝܥܐ ܕܫܡܝܐ ܠܡܢܗܪܘ ܥܠ ܐܪܥܐ. ܘܗܘ̣ܐ ܗܟܢܐ.,9,"e sirvam de luminares no firmamento do céu, para alumiar a terra. E assim foi.",15,True,True,True
1,16,Gênesis 1:16,וַיַּ֣עַשׂ אֱלֹהִ֔ים אֶת־ שְׁנֵ֥י הַמְּאֹרֹ֖ת הַגְּדֹלִ֑ים אֶת־ הַמָּא֤וֹר הַגָּדֹל֙ לְמֶמְשֶׁ֣לֶת הַיּ֔וֹם וְאֶת־ הַמָּא֤וֹר הַקָּטֹן֙ לְמֶמְשֶׁ֣לֶת הַלַּ֔יְלָה וְאֵ֖ת הַכּוֹכָבִֽים ׃,ויעש אלהימ את שני המארת הגדלימ את המאור הגדל לממשלת היומ ואת המאור הקטנ לממשלת הלילה ואת הכוכבימ,19,ועבד יי ית תרין נהוריא רברביא ית נהורא רבא למשלט ביממא וית נהורא זערא למשלט בליליא וית כוכביא:,18,"καὶ ἐποίησεν ὁ θεὸς τοὺς δύο φωστῆρας τοὺς μεγάλους, τὸν φωστῆρα τὸν μέγαν εἰς ἀρχὰς τῆς ἡμέρας καὶ τὸν φωστῆρα τὸν ἐλάσσω εἰς ἀρχὰς τῆς νυκτός, καὶ τοὺς ἀστέρας.",29,ܘܥܒ̣ܕ ܐܠܗܐ ܬܪ̈ܝܢ ܢܗܝܪ̈ܐ ܪ̈ܘܪܒܐ. ܢܗܝܪܐ ܪܒܐ ܠܫܘܠܛܢܐ ܕܐܝܡܡܐ. ܘܢܗܝܪܐ ܙܥܘܪܐ ܠܫܘܠܛܢܐ ܕܠܠܝܐ ܘܟܘܟ̈ܒܐ.,14,"Deus, pois, fez os dois grandes luminares: o luminar maior para governar o dia, e o luminar menor para governar a noite; fez também as estrelas.",26,True,True,True
1,17,Gênesis 1:17,וַיִּתֵּ֥ן אֹתָ֛ם אֱלֹהִ֖ים בִּרְקִ֣יעַ הַשָּׁמָ֑יִם לְהָאִ֖יר עַל־ הָאָֽרֶץ ׃,ויתנ אתמ אלהימ ברקיע השמימ להאיר על הארצ,9,ויהב יתהון יי ברקיעא דשמיא לאנהרא על ארעא:,8,"καὶ ἔθετο αὐτοὺς ὁ θεὸς ἐν τῷ στερεώματι τοῦ οὐρανοῦ, ὥστε φαίνειν ἐπὶ τῆς γῆς,",15,ܘܝܗ̣ܒ ܐܢܘܢ ܐܠܗܐ ܒܐܪܩܝܥܐ ܕܫܡܝܐ. ܠܡܢܗܪܘ ܥܠ ܐܪܥܐ.,8,"E Deus os pôs no firmamento do céu para alumiar a terra,",12,True,True,True
1,18,Gênesis 1:18,וְלִמְשֹׁל֙ בַּיּ֣וֹם וּבַלַּ֔יְלָה וּֽלֲהַבְדִּ֔יל בֵּ֥ין הָא֖וֹר וּבֵ֣ין הַחֹ֑שֶׁךְ וַיַּ֥רְא אֱלֹהִ֖ים כִּי־ טֽוֹב ׃,ולמשל ביומ ובלילה ולהבדיל בינ האור ובינ החשכ וירא אלהימ כי טוב,13,ולמשלט ביממא ובליליא ולאפרשא בין נהורא ובין חשוכא וחזא יי ארי טב:,12,"καὶ ἄρχειν τῆς ἡμέρας καὶ τῆς νυκτός, καὶ διαχωρίζειν ἀνὰ μέσον τοῦ φωτὸς καὶ ἀνὰ μέσον τοῦ σκότους· καὶ ἴδεν ὁ θεὸς ὅτι καλόν.",24,ܘܠܡܫܠܛ ܒܐܝܡܡܐ ܘܒܠܠܝܐ. ܘܠܡܦܪܫ ܒܝܬ ܢܘܗܪܐ ܠܚܫܘܟܐ. ܘܚ̣ܙܐ ܐܠܗܐ ܕܫܦܝܪ.,10,"para governar o dia e a noite, e para fazer separação entre a luz e as trevas. E viu Deus que isso era bom.",24,True,True,True
1,19,Gênesis 1:19,וַֽיְהִי־ עֶ֥רֶב וַֽיְהִי־ בֹ֖קֶר י֥וֹם רְבִיעִֽי ׃ פ,ויהי ערב ויהי בקר יומ רביעי פ,8,והוה רמש והוה צפר יום רביעאי:,6,"καὶ ἐγένετο ἑσπέρα καὶ ἐγένετο πρωί, ἡμέρα τετάρτη. ⸆",9,ܘܗܘ̣ܐ ܪܡܫܐ ܘܗܘ̣ܐ ܨܦܪܐ ܝܘܡܐ ܕܐܪ̈ܒܥܐ.,6,"E foi a tarde e a manhã, o dia quarto.",10,True,True,True
1,20,Gênesis 1:20,וַיֹּ֣אמֶר אֱלֹהִ֔ים יִשְׁרְצ֣וּ הַמַּ֔יִם שֶׁ֖רֶץ נֶ֣פֶשׁ חַיָּ֑ה וְעוֹף֙ יְעוֹפֵ֣ף עַל־ הָאָ֔רֶץ עַל־ פְּנֵ֖י רְקִ֥יעַ הַשָּׁמָֽיִם ׃,ויאמר אלהימ ישרצו המימ שרצ נפש חיה ועופ יעופפ על הארצ על פני רקיע השמימ,16,ואמר יי ירחשון מיא רחש נפשא חיתא ועופא יפרח על ארעא על אפי רקיעא דשמיא:,15,Καὶ εἶπεν ὁ θεός Ἐξαγαγέτω τὰ ὕδατα ἑρπετὰ ψυχῶν ζωσῶν καὶ πετεινὰ πετόμεν[α] ἐπὶ τῆς γῆς κατὰ τὸ στερέωμ[α τοῦ] οὐρανοῦ· καὶ ἐγένετο οὕτως.,24,ܘܐܡ̣ܪ ܐܠܗܐ. ܢܪܚܫܘܢ ܡ̈ܝܐ ܪܚܫܐ ܢܦܫܐ ܚܝܬܐ. ܘܦܪܚܬܐ ܬܦܪܚ ܥܠ ܐܪܥܐ ܥܠ ܐ̈ܦܝ ܐܪܩܝܥܐ ܕܫܡܝܐ.,15,E disse Deus: Produzam as águas cardumes de seres viventes; e voem as aves acima da terra no firmamento do céu.,21,True,True,True
1,21,Gênesis 1:21,וַיִּבְרָ֣א אֱלֹהִ֔ים אֶת־ הַתַּנִּינִ֖ם הַגְּדֹלִ֑ים וְאֵ֣ת כָּל־ נֶ֣פֶשׁ הַֽחַיָּ֣ה ׀ הָֽרֹמֶ֡שֶׂת אֲשֶׁר֩ שָׁרְצ֨וּ הַמַּ֜יִם לְמִֽינֵהֶ֗ם וְאֵ֨ת כָּל־ ע֤וֹף כָּנָף֙ לְמִינֵ֔הוּ וַיַּ֥רְא אֱלֹהִ֖ים כִּי־ טֽוֹב ׃,ויברא אלהימ את התנינמ הגדלימ ואת כל נפש החיה הרמשת אשר שרצו המימ למינהמ ואת כל עופ כנפ למינהו וירא אלהימ כי טוב,25,וברא יי ית תניניא רברביא וית כל נפשא חיתא דרחשא די ארחישו מיא לזניהון וית כל עופא דפרח לזנוהי וחזא יי ארי טב:,23,"καὶ ἐποίησεν ὁ θεὸς τὰ κήτη [τὰ με]γάλα καὶ πᾶσαν ψυχὴν [ζῴων ἑρπε]τῶν, ἃ ἐξήγαγεν [τὰ ὕδατα κατὰ γένη αὐτῶν], καὶ πᾶν πετεινὸν πτ[ερωτὸν] κατὰ γένος· καὶ ἴδεν ὁ [θεὸς ὅτι καλά].",32,ܘܒܪ̣ܐ ܐܠܗܐ ܬܢܝ̈ܢܐ ܪ̈ܘܪܒܐ. ܘܟܠ ܢܦܫܐ ܚܝܬܐ ܕܪܚܫܐ ܕܐܪܚܫܘ ܡ̈ܝܐ ܠܓܢܣܗܘܢ. ܘܟܠ ܦܪܚܬܐ ܕܓܦܐ ܠܓܢܣܗ̇. ܘܚ̣ܙܐ ܐܠܗܐ ܕܫܦܝܪ.,18,"Criou, pois, Deus os monstros marinhos, e todos os seres viventes que se arrastavam, os quais as águas produziram abundantemente segundo as suas espécies; e toda ave que voa, segundo a sua espécie. E viu Deus que isso era bom.",40,True,True,True
1,22,Gênesis 1:22,וַיְבָ֧רֶךְ אֹתָ֛ם אֱלֹהִ֖ים לֵאמֹ֑ר פְּר֣וּ וּרְב֗וּ וּמִלְא֤וּ אֶת־ הַמַּ֨יִם֙ בַּיַּמִּ֔ים וְהָע֖וֹף יִ֥רֶב בָּאָֽרֶץ ׃,ויברכ אתמ אלהימ לאמר פרו ורבו ומלאו את המימ בימימ והעופ ירב בארצ,14,ובריך יתהון יי למימר פושו וסגו ומלו ית מיא ביממיא ועופא יסגי בארעא:,13,"καὶ ηὐλόγησεν αὐτὰ ὁ θ[εὸς λέγων] Αὐξάνεσθε καὶ πληθ[ύνεσθε, καὶ] πληρώσατε τὰ ὕδατα [ἐν ταῖς θα]λάσσαις, καὶ τὰ πετε[ινὰ πληθυ]νέσθωσαν ἐπὶ τῆς [γῆς.",23,ܘܒ̇ܪܟ ܐܢܘܢ ܐܠܗܐ. ܘܐܡ̣ܪ ܠܗܘܢ ܦܪܘ ܘܣܓܘ ܘܡ̣ܠܘ ܡ̈ܝܐ ܕܒܝܡ̈ܡܐ. ܘܦܪܚܬܐ ܬܣܓܐ ܒܐܪܥܐ.,13,"Então Deus os abençoou, dizendo: Frutificai e multiplicai-vos, e enchei as águas dos mares; e multipliquem-se as aves sobre a terra.",21,True,True,True
1,23,Gênesis 1:23,וַֽיְהִי־ עֶ֥רֶב וַֽיְהִי־ בֹ֖קֶר י֥וֹם חֲמִישִֽׁי ׃ פ,ויהי ערב ויהי בקר יומ חמישי פ,8,והוה רמש והוה צפר יום חמישאי:,6,"καὶ ἐγέ]νετο ἑσπέρα καὶ ἐγ[ένετο πρωί], ἡμέρα πέμπτη.",8,ܘܗܘ̣ܐ ܪܡܫܐ ܘܗܘ̣ܐ ܨܦܪܐ. ܝܘܡܐ ܕܚܡܫܐ.,6,"E foi a tarde e a manhã, o dia quinto.",10,True,True,True
1,24,Gênesis 1:24,וַיֹּ֣אמֶר אֱלֹהִ֗ים תּוֹצֵ֨א הָאָ֜רֶץ נֶ֤פֶשׁ חַיָּה֙ לְמִינָ֔הּ בְּהֵמָ֥ה וָרֶ֛מֶשׂ וְחַֽיְתוֹ־ אֶ֖רֶץ לְמִינָ֑הּ וַֽיְהִי־ כֵֽן ׃,ויאמר אלהימ תוצא הארצ נפש חיה למינה בהמה ורמש וחיתו ארצ למינה ויהי כנ,15,ואמר יי תפק ארעא נפשא חיתא לזנה בעיר ורחש וחות ארעא לזנה והוה כן:,14,"Καὶ εἶπεν ὁ θεός Ἐξαγαγ[έτω ἡ γῆ ψυχὴν] ζῶσαν κατὰ γένος, [τετράποδα] καὶ ἑρπετὰ καὶ θηρί[α τῆς γῆς κατὰ] γένος, καὶ ἐγένετο [οὕτως].",23,ܘܐܡ̣ܪ ܐܠܗܐ. ܬܦܩ ܐܪܥܐ ܢܦܫܐ ܚܝܬܐ ܠܓܢܣܗ̇. ܒܥܝܪ̈ܐ ܘܪܚܫܐ ܘܚܝܘܬܐ ܕܐܪܥܐ ܠܓܢܣܗ̇. ܘܗܘ̣ܐ ܗܟܢܐ.,14,"E disse Deus: Produza a terra seres viventes segundo as suas espécies: animais domésticos, répteis, e animais selvagens segundo as suas espécies. E assim foi.",25,True,True,True
1,25,Gênesis 1:25,וַיַּ֣עַשׂ אֱלֹהִים֩ אֶת־ חַיַּ֨ת הָאָ֜רֶץ לְמִינָ֗הּ וְאֶת־ הַבְּהֵמָה֙ לְמִינָ֔הּ וְאֵ֛ת כָּל־ רֶ֥מֶשׂ הָֽאֲדָמָ֖ה לְמִינֵ֑הוּ וַיַּ֥רְא אֱלֹהִ֖ים כִּי־ טֽוֹב ׃,ויעש אלהימ את חית הארצ למינה ואת הבהמה למינה ואת כל רמש האדמה למינהו וירא אלהימ כי טוב,19,ועבד יי ית חות ארעא לזנה וית בעירא לזנה וית כל רחשא דארעא לזנוהי וחזא יי ארי טב:,18,καὶ ἐποίησεν ὁ θεὸς τὰ [θηρία τῆς γῆς] κατὰ γένος καὶ τὰ κτ[ήνη κατὰ γέ]νος καὶ πάντα τὰ ἑρπ[ετὰ τῆς γῆς] κατὰ γένος αὐτῶν· καὶ ἴδεν ὁ θεὸς ὅτι καλά.,30,ܘܥܒ̣ܕ ܐܠܗܐ ܚܝܘܬܐ ܕܐܪܥܐ ܠܓܢܣܗ̇. ܘܒܥܝܪܐ ܠܓܢܣܗ̇. ܘܟܠܗ ܪܚܫܐ ܕܐܪܥܐ ܠܓܢܣ̈ܘܗܝ. ܘܚ̣ܙܐ ܐܠܗܐ ܕܫܦܝܪ.,14,"Deus, pois, fez os animais selvagens segundo as suas espécies, e os animais domésticos segundo as suas espécies, e todos os répteis da terra segundo as suas espécies. E viu Deus que isso era bom.",35,True,True,True
1,26,Gênesis 1:26,וַיֹּ֣אמֶר אֱלֹהִ֔ים נַֽעֲשֶׂ֥ה אָדָ֛ם בְּצַלְמֵ֖נוּ כִּדְמוּתֵ֑נוּ וְיִרְדּוּ֩ בִדְגַ֨ת הַיָּ֜ם וּבְע֣וֹף הַשָּׁמַ֗יִם וּבַבְּהֵמָה֙ וּבְכָל־ הָאָ֔רֶץ וּבְכָל־ הָרֶ֖מֶשׂ הָֽרֹמֵ֥שׂ עַל־ הָאָֽרֶץ ׃,ויאמר אלהימ נעשה אדמ בצלמנו כדמותנו וירדו בדגת הימ ובעופ השמימ ובבהמה ובכל הארצ ובכל הרמש הרמש על הארצ,20,ואמר יי נעביד אינשא בצלמנא כדמותנא וישלטון בנוני ימא ובעופא דשמיא ובבעירא ובכל ארעא ובכל רחשא דרחש על ארעא:,19,⸂⸆⸃ καὶ εἶπεν ὁ θεός Ποιήσωμεν ἄνθρωπον κατ᾽ εἰκόνα ἡμετέραν καὶ καθ᾽ ὁμοίωσιν· καὶ ἀρχέτωσαν τῶν ἰχθύων τῆς θαλάσσης καὶ τῶν πετεινῶν τοῦ οὐρανοῦ καὶ τῶν κτηνῶν καὶ πάσης τῆς γῆς καὶ πάντων τῶν ἑρπετῶν τῶν ἑρπόντων ἐπὶ τῆς γῆς.,40,ܘܐܡ̣ܪ ܐܠܗܐ ܢܥܒܕ ܐܢܫܐ ܒܨܠܡܢ ܐܝܟ ܕܡܘܬܢ. ܘܢܫܠܛܘܢ ܒܢ̈ܘܢܝ ܝܡܐ ܘܒܦܪܚܬܐ ܕܫܡܝܐ. ܘܒܒܥܝܪ̈ܐ ܘܒܟܠܗ̇ ܚܝܘܬܐ ܕܐܪܥܐ . ܘܒܟܠܗ ܪܚܫܐ ܕܪܚܫ ܥܠ ܐܪܥܐ.,22,"E disse Deus: Façamos o homem à nossa imagem, conforme a nossa semelhança; domine ele sobre os peixes do mar, sobre as aves do céu, sobre os animais domésticos, e sobre toda a terra, e sobre todo réptil que se arrasta sobre a terra.",44,True,True,True
1,27,Gênesis 1:27,וַיִּבְרָ֨א אֱלֹהִ֤ים ׀ אֶת־ הָֽאָדָם֙ בְּצַלְמ֔וֹ בְּצֶ֥לֶם אֱלֹהִ֖ים בָּרָ֣א אֹת֑וֹ זָכָ֥ר וּנְקֵבָ֖ה בָּרָ֥א אֹתָֽם ׃,ויברא אלהימ את האדמ בצלמו בצלמ אלהימ ברא אתו זכר ונקבה ברא אתמ,15,וברא יי ית אדם בצלמה בצלמא דיי ברא יתה דכר ונוקבא ברא יתהון:,13,"καὶ ἐποίησεν ὁ θεὸς τὸν ἄνθρωπον, κατ᾽ εἰκόνα θεοῦ ἐποίησεν αὐτόν· ἄρσεν καὶ θῆλυ ἐποίησεν αὐτούς.",16,ܘܒܪ̣ܐ ܐܠܗܐ ܠܐܕܡ ܒܨܠܡܗ. ܒܨܠܡ ܐܠܗܐ ܒܪܝܗܝ. ܕܟܪ ܘܢܩܒܐ ܒܪܐ ܐܢܘܢ.,11,"Criou, pois, Deus o homem à sua imagem; à imagem de Deus o criou; homem e mulher os criou.",19,True,True,True
1,28,Gênesis 1:28,וַיְבָ֣רֶךְ אֹתָם֮ אֱלֹהִים֒ וַיֹּ֨אמֶר לָהֶ֜ם אֱלֹהִ֗ים פְּר֥וּ וּרְב֛וּ וּמִלְא֥וּ אֶת־ הָאָ֖רֶץ וְכִבְשֻׁ֑הָ וּרְד֞וּ בִּדְגַ֤ת הַיָּם֙ וּבְע֣וֹף הַשָּׁמַ֔יִם וּבְכָל־ חַיָּ֖ה הָֽרֹמֶ֥שֶׂת עַל־ הָאָֽרֶץ ׃,ויברכ אתמ אלהימ ויאמר להמ אלהימ פרו ורבו ומלאו את הארצ וכבשה ורדו בדגת הימ ובעופ השמימ ובכל חיה הרמשת על הארצ,23,ובריך יתהון יי ואמר להון יי פושו וסגו ומלו ית ארעא ותקופו עלה ושלוטו בנוני ימא ובעופא דשמיא ובכל חיתא דרחשא על ארעא:,23,"καὶ ηὐλόγησεν αὐτοὺς ὁ θεὸς λέγων Αὐξάνεσθε καὶ πληθύνεσθε, καὶ πληρώσατε τὴν γῆν καὶ κατακυριεύσατε αὐτῆς, καὶ ἄρχετε τῶν ἰχθύων τῆς θαλάσσης καὶ τῶν πετεινῶν τοῦ οὐρανοῦ καὶ πάντων τῶν κτηνῶν καὶ πάσης τῆς γῆς καὶ πάντων τῶν ἑρπετῶν τῶν ἑρπόντων ἐπὶ τῆς γῆς.",44,ܘܒ̇ܪܟ ܐܢܘܢ ܐܠܗܐ ܘܐܡ̣ܪ ܠܗܘܢ ܐܠܗܐ . ܦܪܘ ܘܣܓܘ ܘܡܠܘ ܐܪܥܐ ܘܟܘܒܫ̣ܘܗ̇. ܘܫܠܛܘ ܒܢ̈ܘܢܝ ܝܡܐ ܘܒܦܪܚܬܐ ܕܫܡܝܐ ܘܒܒܥܝܪ̈ܐ. ܘܒܟܠܗ̇ ܚܝܘܬܐ ܕܪܚܫܐ ܥܠ ܐܪܥܐ.,23,"Então Deus os abençoou e lhes disse: Frutificai e multiplicai-vos; enchei a terra e sujeitai-a; dominai sobre os peixes do mar, sobre as aves do céu e sobre todos os animais que se arrastam sobre a terra.",37,True,True,True
1,29,Gênesis 1:29,וַיֹּ֣אמֶר אֱלֹהִ֗ים הִנֵּה֩ נָתַ֨תִּי לָכֶ֜ם אֶת־ כָּל־ עֵ֣שֶׂב ׀ זֹרֵ֣עַ זֶ֗רַע אֲשֶׁר֙ עַל־ פְּנֵ֣י כָל־ הָאָ֔רֶץ וְאֶת־ כָּל־ הָעֵ֛ץ אֲשֶׁר־ בּ֥וֹ פְרִי־ עֵ֖ץ זֹרֵ֣עַ זָ֑רַע לָכֶ֥ם יִֽהְיֶ֖ה לְאָכְלָֽה ׃,ויאמר אלהימ הנה נתתי לכמ את כל עשב זרע זרע אשר על פני כל הארצ ואת כל העצ אשר בו פרי עצ זרע זרע לכמ יהיה לאכלה,29,ואמר יי הא יהבית לכון ית כל עסבא דבר זרעה מזדרע די על אפי כל ארעא וית כל אילנא די בה פירי אילנא דבר זרעה מזדרע לכון יהא למיכל:,29,"καὶ εἶπεν ὁ θεός Ἰδοὺ δέδωκα ὑμῖν πᾶν χόρτον σπόριμον σπεῖρον σπέρμα, ὅ ἐστιν ἐπάνω πάσης τῆς γῆς· καὶ πᾶν ξύλον, ὃ ἔχει ἐν ἑαυτῷ καρπὸν σπέρματος σπορίμου· [ὑ]μῖν ἔσται εἰς βρῶσιν,",32,ܘܐܡ̣ܪ ܐܠܗܐ. ܗܐ ܝܗ̇ܒܬ ܠܟܘܢ ܟܠܗ ܥܣܒܐ ܕܙܪܥܐ ܕܡܙܕܪܥ ܥܠ ܐ̈ܦܝ ܟܠܗ̇ ܐܪܥܐ. ܘܟܠ ܐܝܠܢ ܕܐܝܬ ܒܗ ܦܐܪ̈ܝ. ܐܝܠܢܗ ܕܙܪܥܗ ܡܙܕܪܥ ܠܟܘܢ ܢܗܘܐ ܠܡܐܟܘܠܬܐ.,24,"Disse-lhes mais: Eis que vos tenho dado todas as ervas que produzem semente, as quais se acham sobre a face de toda a terra, bem como todas as árvores em que há fruto que dê semente; ser-vos-ão para mantimento.",39,True,True,True
1,30,Gênesis 1:30,וּֽלְכָל־ חַיַּ֣ת הָ֠אָרֶץ וּלְכָל־ ע֨וֹף הַשָּׁמַ֜יִם וּלְכֹ֣ל ׀ רוֹמֵ֣שׂ עַל־ הָאָ֗רֶץ אֲשֶׁר־ בּוֹ֙ נֶ֣פֶשׁ חַיָּ֔ה אֶת־ כָּל־ יֶ֥רֶק עֵ֖שֶׂב לְאָכְלָ֑ה וַֽיְהִי־ כֵֽן ׃,ולכל חית הארצ ולכל עופ השמימ ולכל רומש על הארצ אשר בו נפש חיה את כל ירק עשב לאכלה ויהי כנ,23,ולכל חות ארעא ולכל עופא דשמיא ולכל דרחש על ארעא די בה נפשא חיתא ית כל ירוק עסבא למיכל והוה כן:,21,"καὶ πᾶσι [τοῖ]ς θηρίοις τῆς γῆς καὶ πᾶσι [τοῖ]ς πετεινοῖς τοῦ οὐρανοῦ [καὶ π]αντὶ ἑρπετῷ τῷ ἕρπον[τι ἐπὶ τῆς] γῆς, ὃ ἔχει ἐν ἑαυτῷ [ψυχὴ]ν ζωῆς· καὶ πάντα χόρ[τον χλ]ωρὸν εἰς βρῶσιν. καὶ [ἐγένετ]ο οὕτως.",35,ܘܠܟܠܗ̇ ܚܝܘܬܐ ܕܕܒܪܐ . ܘܠܟܠܗ̇ ܦܪܚܬܐ ܕܫܡܝܐ. ܘܠܟܠ ܕܪܚܫ ܥܠ ܐܪܥܐ ܕܐܝܬ ܒܗ ܢܦܫܐ ܚܝܬܐ. ܘܟܠܗ ܝܘܪܩܐ ܕܥܣܒܐ ܠܡܐܟܘܠܬܐ. ܘܗܘܐ ܗܟܢܐ.,21,"E a todos os animais da terra, a todas as aves do céu e a todo ser vivente que se arrasta sobre a terra, tenho dado todas as ervas verdes como mantimento. E assim foi.",35,True,True,True
1,31,Gênesis 1:31,וַיַּ֤רְא אֱלֹהִים֙ אֶת־ כָּל־ אֲשֶׁ֣ר עָשָׂ֔ה וְהִנֵּה־ ט֖וֹב מְאֹ֑ד וַֽיְהִי־ עֶ֥רֶב וַֽיְהִי־ בֹ֖קֶר י֥וֹם הַשִּׁשִּֽׁי ׃ פ,וירא אלהימ את כל אשר עשה והנה טוב מאד ויהי ערב ויהי בקר יומ הששי פ,17,וחזא יי ית כל די עבד והא תקין לחדא והוה רמש והוה צפר יום שתיתאי:,15,"[καὶ ἴδεν ὁ] θεὸς τὰ πάντα ὅσα ἐποίη[σεν, καὶ] ἰδοὺ καλὰ λίαν. καὶ ἐγέ[νετο ἑσ]πέρα καὶ ἐγένετο πρωί, [ἡμέρα ἕ]κτη. ⸆",21,ܘܚ̣ܙܐ ܐܠܗܐ ܟܠ ܕܥܒ̣ܕ. ܘܗܐ ܛܒ ܫܦܝܪ. ܘܗܘ̣ܐ ܪܡܫܐ. ܘܗܘܐ ܨܦܪܐ. ܝܘܡܐ ܕܫܬܐ.,13,"E viu Deus tudo quanto fizera, e eis que era muito bom. E foi a tarde e a manhã, o dia sexto.",22,True,True,True
2,1,Gênesis 2:1,וַיְכֻלּ֛וּ הַשָּׁמַ֥יִם וְהָאָ֖רֶץ וְכָל־ צְבָאָֽם ׃,ויכלו השמימ והארצ וכל צבאמ,6,ואשתכללו שמיא וארעא וכל חיליהון:,5,[Καὶ συνετε]λέσθησαν [ὁ οὐρανὸς κ]αὶ ἡ γῆ καὶ πᾶς ὁ κόσμος [αὐτῶν.,12,ܘܫܠ̣ܡܘ ܫܡܝܐ ܘܐܪܥܐ ܘܟܠܗ ܚܝܠܗܘܢ.,5,"Assim foram acabados os céus e a terra, com todo o seu exército.",13,True,True,True
2,2,Gênesis 2:2,וַיְכַ֤ל אֱלֹהִים֙ בַּיּ֣וֹם הַשְּׁבִיעִ֔י מְלַאכְתּ֖וֹ אֲשֶׁ֣ר עָשָׂ֑ה וַיִּשְׁבֹּת֙ בַּיּ֣וֹם הַשְּׁבִיעִ֔י מִכָּל־ מְלַאכְתּ֖וֹ אֲשֶׁ֥ר עָשָֽׂה ׃,ויכל אלהימ ביומ השביעי מלאכתו אשר עשה וישבת ביומ השביעי מכל מלאכתו אשר עשה,15,ושיצי יי ביומא שביעאה עבדתה די עבד ונח ביומא שביעאה מכל עבדתה די עבד:,14,κ]αὶ συνετέλεσεν ὁ θεὸς [ἐν τῇ ἡμέρᾳ] τῇ ἕκτῃ τὰ ἔργα αὐτοῦ [ἃ ἐποίησ]εν· καὶ κατέπαυσεν [τῇ ἡμ]έρᾳ τῇ ἑβδόμῃ ἀπὸ πάν[των τῶ]ν ἔργων αὐτοῦ ὧν [ἐποίησ]εν.,27,ܘܫ̇ܠܡ ܐܠܗܐ ܒܝܘܡܐ ܫܬܝܬܝܐ ܥܒ̈ܕܘܗܝ ܕܥܒ̣ܕ. ܘܐܬܬܢܝܚ ܒܝܘܡܐ ܫܒܝܥܝܐ ܡܢ ܟܠܗܘܢ ܥܒ̈ܕܘܗܝ ܕܥܒ̣ܕ.,13,"Ora, havendo Deus completado no dia sétimo a obra que tinha feito, descansou nesse dia de toda a obra que fizera.",21,True,True,True
2,3,Gênesis 2:3,וַיְבָ֤רֶךְ אֱלֹהִים֙ אֶת־ י֣וֹם הַשְּׁבִיעִ֔י וַיְקַדֵּ֖שׁ אֹת֑וֹ כִּ֣י ב֤וֹ שָׁבַת֙ מִכָּל־ מְלַאכְתּ֔וֹ אֲשֶׁר־ בָּרָ֥א אֱלֹהִ֖ים לַעֲשֽׂוֹת ׃ פ,ויברכ אלהימ את יומ השביעי ויקדש אתו כי בו שבת מכל מלאכתו אשר ברא אלהימ לעשות פ,18,ובריך יי ית יומא שביעאה וקדיש יתה ארי בה נח מכל עבדתה די ברא יי למעבד:,16,"καὶ ηὐλόγησεν [ὁ θεὸς τὴν] ἡμέραν τὴν ἑβδόμην καὶ ἡγίασεν αὐτήν, ὅτι ἐν αὐτῇ κατέπαυσεν ἀπὸ πάντων τῶν ἔργων αὐτοῦ ὧν ἤρξατο ὁ θεὸς ποιῆσαι.",25,ܘܒ̇ܪܟ ܐܠܗܐ ܠܝܘܡܐ ܫܒܝܥܝܐ ܘܩܕܫ̣ܗ. ܡܛܠ ܕܒܗ ܐܬܬܢܝܚ ܡܢ ܟܠܗܘܢ ܥܒ̈ܕܘܗܝ ܕܒܪܐ ܐܠܗܐ ܠܡܥܒܕ.,14,"Abençoou Deus o sétimo dia, e o santificou; porque nele descansou de toda a sua obra que criara e fizera.",20,True,True,True
2,4,Gênesis 2:4,אֵ֣לֶּה תוֹלְד֧וֹת הַשָּׁמַ֛יִם וְהָאָ֖רֶץ בְּהִבָּֽרְאָ֑ם בְּי֗וֹם עֲשׂ֛וֹת יְהוָ֥ה אֱלֹהִ֖ים אֶ֥רֶץ וְשָׁמָֽיִם ׃,אלה תולדות השמימ והארצ בהבראמ ביומ עשות יהוה אלהימ ארצ ושמימ,12,אלין תולדת שמיא וארעא כד אתבריאו ביומא די עבד יי אלהים ארעא ושמיא:,13,"Αὕτη ἡ βίβλος γενέσεως οὐρανοῦ καὶ γῆς, ὅτε ἐγένετο· ᾗ ἡμέρᾳ ἐποίησεν Κύριος ὁ θεὸς τὸν οὐρανὸν καὶ τὴν γῆν,",20,ܗܠܝܢ ܬܘ̈ܠܕܬܐ ܕܫܡܝܐ ܘܕܐܪܥܐ ܟܕ ܐܬܒܪܝܘ. ܒܝܘܡܐ ܕܥܒ̣ܕ ܡܪܝܐ ܐܠܗܐ ܫܡܝܐ ܘܐܪܥܐ.,12,"Eis as origens dos céus e da terra, quando foram criados. No dia em que o Senhor Deus fez a terra e os céus",24,True,True,True
2,5,Gênesis 2:5,וְכֹ֣ל ׀ שִׂ֣יחַ הַשָּׂדֶ֗ה טֶ֚רֶם יִֽהְיֶ֣ה בָאָ֔רֶץ וְכָל־ עֵ֥שֶׂב הַשָּׂדֶ֖ה טֶ֣רֶם יִצְמָ֑ח כִּי֩ לֹ֨א הִמְטִ֜יר יְהוָ֤ה אֱלֹהִים֙ עַל־ הָאָ֔רֶץ וְאָדָ֣ם אַ֔יִן לַֽעֲבֹ֖ד אֶת־ הָֽאֲדָמָֽה ׃,וכל שיח השדה טרמ יהיה בארצ וכל עשב השדה טרמ יצמח כי לא המטיר יהוה אלהימ על הארצ ואדמ אינ לעבד את האדמה,25,וכל אילני חקלא עד לא הוו בארעא וכל עסבא דחקלא עד לא צמח ארי לא אחית מטרא יי אלהים על ארעא ואנש לית למפלח ית אדמתא:,26,"καὶ πᾶν χλωρὸν ἀγροῦ πρὸ τοῦ γενέσθαι ἐπὶ τῆς γῆς, καὶ πάντα χόρτον ἀγροῦ πρὸ τοῦ ἀνατεῖλαι. οὐ γὰρ ἔβρεξεν ὁ θεὸς ἐπὶ τὴν γῆν, καὶ ἄνθρωπος οὐκ ἦν ἐργάζεσθαι τὴν γῆν·",32,ܘܟܠܗܘܢ ܐ̈ܝܠܢܐ ܕܚܩܠܐ ܥܕܟܝܠ ܠܐ ܗܘܘ ܒܐܪܥܐ. ܘܟܠܗ ܥܣܒܐ ܕܚܩܠܐ ܥܕܟܝܠ ܠܐ ܐܝܥܐ. ܡܛܠ ܕܠܐ ܐܚܬ ܡܪܝܐ ܐܠܗܐ ܡܛܪܐ ܥܠ ܐܪܥܐ. ܘܐܕܡ ܠܝܬ ܠܡܦܠܚ ܒܐܪܥܐ.,25,"não havia ainda nenhuma planta do campo na terra, pois nenhuma erva do campo tinha ainda brotado; porque o Senhor Deus não tinha feito chover sobre a terra, nem havia homem para lavrar a terra.",35,True,True,True
2,6,Gênesis 2:6,וְאֵ֖ד יַֽעֲלֶ֣ה מִן־ הָאָ֑רֶץ וְהִשְׁקָ֖ה אֶֽת־ כָּל־ פְּנֵֽי־ הָֽאֲדָמָֽה ׃,ואד יעלה מנ הארצ והשקה את כל פני האדמה,10,ועננא הוה סליק מן ארעא ואשקי ית כל אפי אדמתא:,10,πηγὴ δὲ ἀνέβαινεν ἐκ τῆς γῆς καὶ ἐπότιζεν πᾶν τὸ πρόσωπον τῆς γῆς.,13,ܘܡܒܘܥ̣ܐ ܣ̇ܠܩ ܗܘܐ ܡܢ ܐܪܥܐ. ܘܡܫܩ̣ܐ ܗܘܐ ܠܟܠ ܐ̈ܦܝ ܐܪܥܐ.,10,"Um vapor, porém, subia da terra, e regava toda a face da terra.",13,True,True,True
2,7,Gênesis 2:7,וַיִּיצֶר֩ יְהוָ֨ה אֱלֹהִ֜ים אֶת־ הָֽאָדָ֗ם עָפָר֙ מִן־ הָ֣אֲדָמָ֔ה וַיִּפַּ֥ח בְּאַפָּ֖יו נִשְׁמַ֣ת חַיִּ֑ים וַֽיְהִ֥י הָֽאָדָ֖ם לְנֶ֥פֶשׁ חַיָּֽה ׃,וייצר יהוה אלהימ את האדמ עפר מנ האדמה ויפח באפיו נשמת חיימ ויהי האדמ לנפש חיה,17,וברא יי אלהים ית אדם עפרא מן אדמתא ונפח באפוהי נשמתא דחיי והות באדם לרוח ממללא:,16,"καὶ ἔπλασεν ὁ θεὸς τὸν ἄνθρωπον χοῦν ἀπὸ τῆς γῆς· καὶ ἐνεφύσησεν εἰς τὸ πρόσωπον αὐτοῦ πνοὴν ζωῆς, καὶ ἐγένετο ὁ ἄνθρωπος εἰς ψυχὴν ζῶσαν.",25,ܘܓܒ̣ܠ ܡܪܝܐ ܐܠܗܐ ܠܐܕܡ ܥܦܪܐ ܡܢ ܐܕܡܬܐ. ܘܢܦ̣ܚ ܒܐ̈ܦܘܗܝ ܢܫܡܬܐ ܕܚ̈ܝܐ. ܘܗܘ̣ܐ ܐܕܡ ܠܢܦܫ ܚܝ̣ܐ.,15,"E formou o Senhor Deus o homem do pó da terra, e soprou-lhe nas narinas o fôlego da vida; e o homem tornou-se alma vivente.",25,True,True,True
2,8,Gênesis 2:8,וַיִּטַּ֞ע יְהוָ֧ה אֱלֹהִ֛ים גַּן־ בְעֵ֖דֶן מִקֶּ֑דֶם וַיָּ֣שֶׂם שָׁ֔ם אֶת־ הָֽאָדָ֖ם אֲשֶׁ֥ר יָצָֽר ׃,ויטע יהוה אלהימ גנ בעדנ מקדמ וישמ שמ את האדמ אשר יצר,13,ונציב יי אלהים גינתא בעדן מלקדמין ואשוי תמן ית אדם די ברא:,12,"Καὶ ἐφύτευσεν Κύριος ὁ θεὸς παράδεισον ἐν Ἔδεμ κατὰ ἀνατολάς, καὶ ἔθετο ἐκεῖ τὸν ἄνθρωπον ὃν ἔπλασεν.",17,ܘܢܨ̣ܒ ܡܪܝܐ ܐܠܗܐ ܦܪܕܝܣܐ ܒܥܕܢ ܡܢ ܩܕܝܡ. ܘܣܡ ܬܡܢ ܠܐܕܡ ܕܓܒܠ.,11,"Então plantou o Senhor Deus um jardim, da banda do oriente, no Éden; e pôs ali o homem que tinha formado.",21,True,True,True
2,9,Gênesis 2:9,וַיַּצְמַ֞ח יְהוָ֤ה אֱלֹהִים֙ מִן־ הָ֣אֲדָמָ֔ה כָּל־ עֵ֛ץ נֶחְמָ֥ד לְמַרְאֶ֖ה וְט֣וֹב לְמַאֲכָ֑ל וְעֵ֤ץ הַֽחַיִּים֙ בְּת֣וֹךְ הַגָּ֔ן וְעֵ֕ץ הַדַּ֖עַת ט֥וֹב וָרָֽע ׃,ויצמח יהוה אלהימ מנ האדמה כל עצ נחמד למראה וטוב למאכל ועצ החיימ בתוכ הגנ ועצ הדעת טוב ורע,20,ואצמח יי אלהים מן ארעא כל אילן דמרגג למחזי וטב למיכל ואילן חיא במציעות גינתא ואילן דאכלין פירוהי חכימין בין טב לביש:,22,"καὶ ἐξανέτειλεν ὁ θεὸς ἔτι ἐκ τῆς γῆς πᾶν ξύλον ὡραῖον εἰς ὅρασιν καὶ καλὸν εἰς βρῶσιν· καὶ τὸ ξύλον τῆς ζωῆς ἐν μέσῳ τῷ παραδείσῳ, καὶ τὸ ξύλον τοῦ εἰδέναι γνωστὸν καλοῦ καὶ πονηροῦ.",35,ܘܐܘܥܝ ܡܪܝܐ ܐܠܗܐ. ܡܢ ܐܪܥܐ. ܟܠ ܐܝܠܢ ܕܐܪܓܝܓ ܠܡܚܙܐ ܘܫܦܝܪ ܠܡܐܟܠ. ܘܐܝܠܢܐ ܕܚ̈ܝܐ ܒܡܨܥܬܗ ܕܦܪܕܝܣܐ. ܘܐܝܠܢܐ ܕܝܕܥܬܐ ܕܛܒܬܐ ܘܕܒܝܫܬܐ.,19,"E o Senhor Deus fez brotar da terra toda qualidade de árvores agradáveis à vista e boas para comida, bem como a árvore da vida no meio do jardim, e a árvore do conhecimento do bem e do mal.",39,True,True,True
2,10,Gênesis 2:10,וְנָהָרּ֙ יֹצֵ֣א מֵעֵ֔דֶן לְהַשְׁק֖וֹת אֶת־ הַגָּ֑ן וּמִשָּׁם֙ יִפָּרֵ֔ד וְהָיָ֖ה לְאַרְבָּעָ֥ה רָאשִֽׁים ׃,ונהר יצא מעדנ להשקות את הגנ ומשמ יפרד והיה לארבעה ראשימ,12,ונהרא הוה נפיק מעדן לאשקאה ית גינתא ומתמן יתפרש והוי לארבעה רישי נהרין:,13,ποταμὸς δὲ ἐκπορεύεται ἐξ Ἔδεμ ποτίζειν τὸν παράδεισον· ἐκεῖθεν ἀφορίζεται εἰς τέσσαρας ἀρχάς.,13,ܘܢܗܪܐ ܢܦܩ̇ ܗܘܐ ܡܢ ܥܕܢ ܠܡܫܩܝܘܬܗ ܠܦܪܕܝܣܐ. ܘܡܢ ܬܡܢ ܦ̇ܪܫ ܘܗܘ̇ܐ ܠܐܪ̈ܒܥܐ ܪ̈ܫܝܢ.,13,E saía um rio do Éden para regar o jardim; e dali se dividia e se tornava em quatro braços.,20,True,True,True
2,11,Gênesis 2:11,שֵׁ֥ם הָֽאֶחָ֖ד פִּישׁ֑וֹן ה֣וּא הַסֹּבֵ֗ב אֵ֚ת כָּל־ אֶ֣רֶץ הַֽחֲוִילָ֔ה אֲשֶׁר־ שָׁ֖ם הַזָּהָֽב ׃,שמ האחד פישונ הוא הסבב את כל ארצ החוילה אשר שמ הזהב,13,שום חד פישון הוא מקיף ית כל ארע דחוילה די תמן דהבא:,12,"ὄνομα τῷ ἑνὶ Φεισών· οὗτος ὁ κυκλῶν πᾶσαν τὴν γῆν Εὑειλάτ, ἐκεῖ οὗ ἐστιν τὸ χρυσίον·",16,ܫܡܗ ܕܚܕ ܦܝܫܘܢ. ܗ̇ܘ ܕܚ̇ܕܪ ܠܟܠܗ̇ ܐܪܥܐ ܕܚܘܝܠܐ. ܕܬܡ̇ܢ ܕܗܒܐ.,10,"O nome do primeiro é Pisom: este é o que rodeia toda a terra de Havilá, onde há ouro;",19,True,True,True
2,12,Gênesis 2:12,וּֽזֲהַ֛ב הָאָ֥רֶץ הַהִ֖וא ט֑וֹב שָׁ֥ם הַבְּדֹ֖לַח וְאֶ֥בֶן הַשֹּֽׁהַם ׃,וזהב הארצ ההוא טוב שמ הבדלח ואבנ השהמ,9,ודהבא דארעא ההיא טב תמן בדלחא ואבני בורלא:,8,τὸ δὲ χρυσίον τῆς γῆς ἐκείνης καλόν· καὶ ἐκεῖ ἐστιν ὁ ἄνθραξ καὶ ὁ λίθος ὁ πράσινος.,17,ܘܕܗܒܗ̇ ܕܐܪܥܐ ܗ̇ܝ ܛܒ. ܬܡܢ ܒܪ̈ܘܠܚܐ ܘܟܐ̈ܦܐ ܕܒܪܘܠܐ.,8,"e o ouro dessa terra é bom: ali há o bdélio, e a pedra de berilo.",16,True,True,True
2,13,Gênesis 2:13,וְשֵֽׁם־ הַנָּהָ֥ר הַשֵּׁנִ֖י גִּיח֑וֹן ה֣וּא הַסּוֹבֵ֔ב אֵ֖ת כָּל־ אֶ֥רֶץ כּֽוּשׁ ׃,ושמ הנהר השני גיחונ הוא הסובב את כל ארצ כוש,11,ושום נהרא תנינא גיחון הוא מקיף ית כל ארעא דכוש:,10,καὶ ὄνομα τῷ ποταμῷ τῷ δευτέρῳ Γηών· οὗτος ὁ κυκλῶν πᾶσαν τὴν γῆν Αἰθιοπίας.,14,ܘܫܡܗ ܕܢܗܪܐ ܬܢܝܢܐ ܓܝܚܘܢ. ܗ̇ܘ ܕܚ̇ܕܪ ܠܟܠܗ̇ ܐܪܥܐ ܕܟܘܫ.,9,O nome do segundo rio é Giom: este é o que rodeia toda a terra de Cuche.,17,True,True,True
2,14,Gênesis 2:14,וְשֵׁ֨ם הַנָּהָ֤ר הַשְּׁלִישִׁי֙ חִדֶּ֔קֶל ה֥וּא הַֽהֹלֵ֖ךְ קִדְמַ֣ת אַשּׁ֑וּר וְהַנָּהָ֥ר הָֽרְבִיעִ֖י ה֥וּא פְרָֽת ׃,ושמ הנהר השלישי חדקל הוא ההלכ קדמת אשור והנהר הרביעי הוא פרת,13,ושום נהרא תליתאה דיגלת הוא מהלך למדינחא דאתור ונהרא רביעאה הוא פרת:,12,"καὶ ὁ ποταμὸς ὁ τρίτος Τίγρις· οὗτος ὁ πορευόμενος κατέναντι Ἀσσυρίων. ὁ δὲ ποταμὸς ὁ τέταρτος, οὗτος Εὐφράτης.",18,ܘܫܡܗ ܕܢܗܪܐ ܕܬܠܬܐ ܕܩܠܬ. ܗ̇ܘ ܕܐ̇ܙܠ ܠܘܩܒܠ ܐܬܘܪ. ܘܢܗܪܐ ܕܐܪܒܥܐ ܗ̣ܘ ܦܪܬ.,12,O nome do terceiro rio é Tigre: este é o que corre pelo oriente da Assíria. E o quarto rio é o Eufrates.,23,True,True,True
2,15,Gênesis 2:15,וַיִּקַּ֛ח יְהוָ֥ה אֱלֹהִ֖ים אֶת־ הָֽאָדָ֑ם וַיַּנִּחֵ֣הוּ בְגַן־ עֵ֔דֶן לְעָבְדָ֖הּ וּלְשָׁמְרָֽהּ ׃,ויקח יהוה אלהימ את האדמ וינחהו בגנ עדנ לעבדה ולשמרה,11,ודבר יי אלהים ית אדם ואשריה בגינתא דעדן למפלחה ולמטרה:,10,"καὶ ἔλαβεν Κύριος ὁ θεὸς τὸν ἄνθρωπον ὃν ἔπλασεν καὶ ἔθετο αὐτὸν ἐν τῷ παραδείσῳ, ἐργάζεσθαι αὐτὸν καὶ φυλάσσειν.",19,ܘܕܒ̣ܪ ܡܪܝܐ ܐܠܗܐ ܠܐܕܡ. ܘܫܒܩܗ ܒܦܪܕܝܣܐ ܕܥܕܢ. ܕܢܦܠܚܝܘܗܝ ܘܢܛܪܝܘܗܝ.,9,"Tomou, pois, o Senhor Deus o homem, e o pôs no jardim do Édem para o lavrar e guardar.",19,True,True,True
2,16,Gênesis 2:16,וַיְצַו֙ יְהוָ֣ה אֱלֹהִ֔ים עַל־ הָֽאָדָ֖ם לֵאמֹ֑ר מִכֹּ֥ל עֵֽץ־ הַגָּ֖ן אָכֹ֥ל תֹּאכֵֽל ׃,ויצו יהוה אלהימ על האדמ לאמר מכל עצ הגנ אכל תאכל,12,ופקיד יי אלהים על אדם למימר מכל אילן גינתא מיכל תיכול:,11,καὶ ἐνετείλατο Κύριος ὁ θεὸς τῷ Ἀδὰμ λέγων Ἀπὸ παντὸς ξύλου τοῦ ἐν τῷ παραδείσῳ βρώσει φάγῃ·,17,ܘܦܩ̇ܕ ܡܪܝܐ ܐܠܗܐ ܠܐܕܡ ܘܐܡ̣ܪ ܠܗ. ܡܢ ܟܠܗܘܢ ܐ̈ܝܠܢܐ ܕܒܦܪܕܝܣܐ ܡܐܟܠ ܬܐܟܘܠ.,12,"Ordenou o Senhor Deus ao homem, dizendo: De toda árvore do jardim podes comer livremente;",15,True,True,True
2,17,Gênesis 2:17,וּמֵעֵ֗ץ הַדַּ֨עַת֙ ט֣וֹב וָרָ֔ע לֹ֥א תֹאכַ֖ל מִמֶּ֑נּוּ כִּ֗י בְּי֛וֹם אֲכָלְךָ֥ מִמֶּ֖נּוּ מ֥וֹת תָּמֽוּת ׃,ומעצ הדעת טוב ורע לא תאכל ממנו כי ביומ אכלכ ממנו מות תמות,14,ומאילן דאכלין פירוהי חכימין בין טב לביש לא תיכול מנה ארי ביומא דתיכול מנה מימת תמות:,16,"ἀπὸ δὲ τοῦ ξύλου τοῦ γινώσκειν καλὸν καὶ πονηρόν, οὐ φάγεσθε ἀπ᾽ αὐτοῦ· ᾗ δ᾽ ἂν ἡμέρᾳ φάγησθε ἀπ᾽ αὐτοῦ, θανάτῳ ἀποθανεῖσθε.",22,ܘܡܢ ܐܝܠܢܐ ܕܝܕܥܬܐ ܕܛܒܬܐ ܘܕܒܝܫܬܐ. ܠܐ ܬܐܟܘܠ ܡܢܗ. ܡܛܠ ܕܒܝܘܡܐ ܕܬܐܟܘܠ ܡܢܗ ܡܘܬܐ ܬܡܘܬ.,14,"mas da árvore do conhecimento do bem e do mal, dessa não comerás; porque no dia em que dela comeres, certamente morrerás.",22,True,True,True
2,18,Gênesis 2:18,וַיֹּ֨אמֶר֙ יְהוָ֣ה אֱלֹהִ֔ים לֹא־ ט֛וֹב הֱי֥וֹת הָֽאָדָ֖ם לְבַדּ֑וֹ אֶֽעֱשֶׂהּ־ לּ֥וֹ עֵ֖זֶר כְּנֶגְדּֽוֹ ׃,ויאמר יהוה אלהימ לא טוב היות האדמ לבדו אעשה לו עזר כנגדו,13,ואמר יי אלהים לא תקין למהוי אדם בלחודוהי אעבד לה סמך לקבלה:,12,Καὶ εἶπεν Κύριος ὁ θεός Οὐ καλὸν εἶναι τὸν ἄνθρωπον μόνον· ποιήσωμεν αὐτῷ βοηθὸν κατ᾽ αὐτόν.,16,ܘܐܡ̣ܪ ܡܪܝܐ ܐܠܗܐ. ܠܐ ܫܦܝܪ ܕܢܗܘܐ ܐܕܡ ܒܠܚܘܕܘܗܝ. ܐܥܒܕ ܠܗ ܡܥܕܪܢܐ ܐܟܘܬܗ.,12,Disse mais o Senhor Deus: Não é bom que o homem esteja só; far-lhe-ei uma ajudadora que lhe seja idônea.,20,True,True,True
2,19,Gênesis 2:19,וַיִּצֶר֩ יְהוָ֨ה אֱלֹהִ֜ים מִן־ הָֽאֲדָמָ֗ה כָּל־ חַיַּ֤ת הַשָּׂדֶה֙ וְאֵת֙ כָּל־ ע֣וֹף הַשָּׁמַ֔יִם וַיָּבֵא֙ אֶל־ הָ֣אָדָ֔ם לִרְא֖וֹת מַה־ יִּקְרָא־ ל֑וֹ וְכֹל֩ אֲשֶׁ֨ר יִקְרָא־ ל֧וֹ הָֽאָדָ֛ם נֶ֥פֶשׁ חַיָּ֖ה ה֥וּא שְׁמֽוֹ ׃,ויצר יהוה אלהימ מנ האדמה כל חית השדה ואת כל עופ השמימ ויבא אל האדמ לראות מה יקרא לו וכל אשר יקרא לו האדמ נפש חיה הוא שמו,29,וברא יי אלהים מן ארעא כל חות ברא וית כל עופא דשמיא ואיתה לות אדם למחזי מה יקרי לה וכל די הוה קרי לה אדם נפשא חיתא הוא שמה:,29,"καὶ ἔπλασεν ὁ θεὸς ἔτι ἐκ τῆς γῆς πάντα τὰ θηρία τοῦ ἀγροῦ καὶ πάντα τὰ πετεινὰ τοῦ οὐρανοῦ, καὶ ἤγαγεν αὐτὰ πρὸς τὸν Ἀδὰμ ἰδεῖν τί καλέσει αὐτά· καὶ πᾶν ὃ ἐὰν ἐκάλεσεν αὐτὸ Ἀδὰμ ψυχὴν ζῶσαν, τοῦτο ὄνομα αὐτοῦ.",41,ܘܓܒ̣ܠ ܡܪܝܐ ܐܠܗܐ ܡܢ ܐܪܥܐ. ܟܠܗ̇ ܚܝܘܬܐ ܕܕܒܪܐ ܘܟܠܗ̇ ܦܪܚܬܐ ܕܫܡܝܐ. ܘܐܝܬܝ ܐܢܘܢ ܠܘܬ ܐܕܡ ܕܢܚܙܐ ܡܢܐ ܩ̇ܪܐ ܠܗܘܢ. ܘܟܠ ܕܩ̣ܪܐ ܠܗܘܢ ܐܕܡ ܢܦܫܐ ܚܝܬܐ ܗ̇ܘ ܗ̣ܘ ܫܡܗ.,28,"Da terra formou, pois, o Senhor Deus todos os animais o campo e todas as aves do céu, e os trouxe ao homem, para ver como lhes chamaria; e tudo o que o homem chamou a todo ser vivente, isso foi o seu nome.",44,True,True,True
2,20,Gênesis 2:20,וַיִּקְרָ֨א הָֽאָדָ֜ם שֵׁמ֗וֹת לְכָל־ הַבְּהֵמָה֙ וּלְע֣וֹף הַשָּׁמַ֔יִם וּלְכֹ֖ל חַיַּ֣ת הַשָּׂדֶ֑ה וּלְאָדָ֕ם לֹֽא־ מָצָ֥א עֵ֖זֶר כְּנֶגְדּֽוֹ ׃,ויקרא האדמ שמות לכל הבהמה ולעופ השמימ ולכל חית השדה ולאדמ לא מצא עזר כנגדו,16,וקרא אדם שמהן לכל בעירא ולעופא דשמיא ולכל חות ברא ולאדם לא אשכח סמך לקבלה:,15,καὶ ἐκάλεσεν Ἀδὰμ ὀνόματα πᾶσιν τοῖς κτήνεσιν καὶ πᾶσι τοῖς πετεινοῖς τοῦ οὐρανοῦ καὶ πᾶσι τοῖς θηρίοις τοῦ ἀγροῦ· τῷ τε Ἀδὰμ οὐχ εὑρέθη βοηθὸς ὅμοιος αὐτῷ.,27,ܘܩ̣ܪܐ ܐܕܡ ܫܡ̈ܗܐ ܠܟܠܗ̇ ܒܥܝܪ̈ܐ. ܘܠܟܠܗ̇ ܦܪܚܬܐ ܕܫܡܝܐ. ܘܠܟܠܗ̇ ܚܝܘܬܐ ܕܐܪܥܐ . ܘܠܐܕܡ ܠܐ ܐܫܬܟܚ ܠܗ ܡܥܕܪܢܐ ܐܟܘܬܗ.,18,"Assim o homem deu nomes a todos os animais domésticos, às aves do céu e a todos os animais do campo; mas para o homem não se achava ajudadora idônea.",30,True,True,True
2,21,Gênesis 2:21,וַיַּפֵּל֩ יְהוָ֨ה אֱלֹהִ֧ים ׀ תַּרְדֵּמָ֛ה עַל־ הָאָדָ֖ם וַיִּישָׁ֑ן וַיִּקַּ֗ח אַחַת֙ מִצַּלְעֹתָ֔יו וַיִּסְגֹּ֥ר בָּשָׂ֖ר תַּחְתֶּֽנָּה ׃,ויפל יהוה אלהימ תרדמה על האדמ ויישנ ויקח אחת מצלעתיו ויסגר בשר תחתנה,15,ורמא יי אלהים שינתא על אדם ודמך ונסיב חדא מעלעוהי ומלי בשרא תחותה:,13,"καὶ ἐπέβαλεν ὁ θεὸς ἔκστασιν ἐπὶ τὸν Ἀδάμ, καὶ ὕπνωσεν· καὶ ἔλαβεν μίαν τῶν πλευρῶν αὐτοῦ καὶ ἀνεπλήρωσεν σάρκα ἀντ᾽ αὐτῆς.",21,ܘܐܪܡܝ ܡܪܝܐ ܐܠܗܐ ܫܠܝܐ ܥܠ ܐܕܡ ܘܕܡܟ. ܘܢܣ̣ܒ ܚܕܐ ܡܢ ܐ̈ܠܥܘܗܝ. ܘܐܘܚܕ ܒܣܪܐ ܚܠܦܝܗ̇.,14,"Então o Senhor Deus fez cair um sono pesado sobre o homem, e este adormeceu; tomou-lhe, então, uma das costelas, e fechou a carne em seu lugar;",27,True,True,True
2,22,Gênesis 2:22,וַיִּבֶן֩ יְהוָ֨ה אֱלֹהִ֧ים ׀ אֶֽת־ הַצֵּלָ֛ע אֲשֶׁר־ לָקַ֥ח מִן־ הָֽאָדָ֖ם לְאִשָּׁ֑ה וַיְבִאֶ֖הָ אֶל־ הָֽאָדָֽם ׃,ויבנ יהוה אלהימ את הצלע אשר לקח מנ האדמ לאשה ויבאה אל האדמ,15,ובנא יי אלהים ית עלעא דנסיב מן אדם לאתתא ואיתה לות אדם:,12,"καὶ ᾠκοδόμησεν Κύριος ὁ θεὸς τὴν πλευράν, ἣν ἔλαβεν ἀπὸ τοῦ Ἀδάμ, εἰς γυναῖκα· καὶ ἤγαγεν αὐτὴν πρὸς τὸν Ἀδάμ.",20,ܘܬܩ̇ܢ ܡܪܝܐ ܐܠܗܐ. ܐܠܥܐ ܕܢܣ̣ܒ ܡܢ ܐܕܡ ܠܐܢܬܬܐ ܘܐܝܬܝܗ̇ ܠܐܕܡ.,10,"e da costela que o senhor Deus lhe tomara, formou a mulher e a trouxe ao homem.",17,True,True,True
2,23,Gênesis 2:23,וַיֹּאמֶר֮ הָֽאָדָם֒ זֹ֣את הַפַּ֗עַם עֶ֚צֶם מֵֽעֲצָמַ֔י וּבָשָׂ֖ר מִבְּשָׂרִ֑י לְזֹאת֙ יִקָּרֵ֣א אִשָּׁ֔ה כִּ֥י מֵאִ֖ישׁ לֻֽקֳחָה־ זֹּֽאת ׃,ויאמר האדמ זאת הפעמ עצמ מעצמי ובשר מבשרי לזאת יקרא אשה כי מאיש לקחה זאת,16,ואמר האדם הדא זמנא גרמא מגרמי ובסרא מבסרי לדא יתקרי אתתא ארי מבעלא נסיבא דא:,15,"καὶ εἶπεν Ἀδάμ Τοῦτο νῦν ὀστοῦν ἐκ τῶν ὀστέων μου καὶ σὰρξ ἐκ τῆς σαρκός μου· αὕτη κληθήσεται Γυνή, ὅτι ἐκ τοῦ ἀνδρὸς αὐτῆς ἐλήμφθη αὕτη.",26,ܘܐܡ̣ܪ ܐܕܡ. ܗܢܐ ܙܒܢܐ. ܓܪܡܐ ܡܢ ܓܪ̈ܡܝ ܘܒܣܪܐ ܡܢ ܒܣܪܝ. ܗܕܐ ܬܬܩܪܐ ܐܢܬܬܐ. ܡܛܠ ܕܡܢ ܓܒܪܐ ܢܣܝܒܐ.,17,"Então disse o homem: Esta é agora osso dos meus ossos, e carne da minha carne; ela será chamada varoa, porquanto do varão foi tomada.",25,True,True,True
2,24,Gênesis 2:24,עַל־ כֵּן֙ יַֽעֲזָב־ אִ֔ישׁ אֶת־ אָבִ֖יו וְאֶת־ אִמּ֑וֹ וְדָבַ֣ק בְּאִשְׁתּ֔וֹ וְהָי֖וּ לְבָשָׂ֥ר אֶחָֽד ׃,על כנ יעזב איש את אביו ואת אמו ודבק באשתו והיו לבשר אחד,14,על כן ישבוק גבר בית משכבי אבוהי ואמה וידבק באתתה ויהון לבסרא חד:,13,"ἕνεκεν τούτου καταλείψει ἄνθρωπος τὸν πατέρα αὐτοῦ καὶ τὴν μητέρα αὐτοῦ, καὶ ⸂⸆⸃ προσκολληθήσεται τῇ γυναικὶ αὐτοῦ· καὶ ἔσονται οἱ δύο εἰς σάρκα μίαν.",24,ܡܛܠ ܗܢܐ ܢܫܒܘܩ ܓܒܪܐ ܠܐܒܘܗܝ ܘܠܐܡܗ ܘܢܩ̣ܦ ܠܐܢܬܬܗ. ܘܢܗܘܘܢ ܬܪ̈ܝܗܘܢ ܚܕ ܒܣܪ.,12,"Portanto deixará o homem a seu pai e a sua mãe, e unir-se-á à sua mulher, e serão uma só carne.",21,True,True,True
2,25,Gênesis 2:25,וַיִּֽהְי֤וּ שְׁנֵיהֶם֙ עֲרוּמִּ֔ים הָֽאָדָ֖ם וְאִשְׁתּ֑וֹ וְלֹ֖א יִתְבֹּשָֽׁשׁוּ ׃,ויהיו שניהמ ערומימ האדמ ואשתו ולא יתבששו,8,והוו תרויהון ערטילאין אדם ואתתה ולא מתכלמין:,7,,0,ܘܗܘܘ ܬܪ̈ܝܗܘܢ ܥܪܛܠܝܝܢ. ܐܕܡ ܘܐܢܬܬܗ ܘܠܐ ܒܗܬܝܢ.,7,"E ambos estavam nus, o homem e sua mulher; e não se envergonhavam.",13,True,False,True
3,1,Gênesis 3:1,וְהַנָּחָשׁ֙ הָיָ֣ה עָר֔וּם מִכֹּל֙ חַיַּ֣ת הַשָּׂדֶ֔ה אֲשֶׁ֥ר עָשָׂ֖ה יְהוָ֣ה אֱלֹהִ֑ים וַיֹּ֨אמֶר֙ אֶל־ הָ֣אִשָּׁ֔ה אַ֚ף כִּֽי־ אָמַ֣ר אֱלֹהִ֔ים לֹ֣א תֹֽאכְל֔וּ מִכֹּ֖ל עֵ֥ץ הַגָּֽן ׃,והנחש היה ערומ מכל חית השדה אשר עשה יהוה אלהימ ויאמר אל האשה אפ כי אמר אלהימ לא תאכלו מכל עצ הגנ,23,וחויא הוה חכים מכל חות ברא די עבד יי אלהים ואמר לאתתא בקושטא ארי אמר יי לא תיכלון מכל אילן גינתא:,21,"καὶ ἦσαν οἱ δύο γυμνοί, ὅ τε Ἀδὰμ καὶ ἡ γυνὴ αὐτοῦ, καὶ οὐκ ᾐσχύνοντο. Ὁ δὲ ὄφις ἦν φρονιμώτατος πάντων τῶν θηρίων τῶν ἐπὶ τῆς γῆς ὧν ἐποίησεν Κύριος ὁ θεός· καὶ εἶπεν ὁ ὄφις τῇ γυναικί Τί ὅτι εἶπεν ὁ θεός Οὐ μὴ φάγητε ἀπὸ παντὸς ξύλου τοῦ παραδείσου;",51,ܘܚܘܝܐ ܥܪܝܡ ܗܘܐ. ܡܢ ܟܠܗ̇ ܚܝܘܬܐ ܕܕܒܪܐ ܕܥܒ̣ܕ ܡܪܝܐ ܐܠܗܐ. ܘܐܡ̣ܪ ܚܘܝܐ ܠܐܢܬܬܐ. ܫܪܝܪܐܝܬ ܐܡ̣ܪ ܐܠܗܐ. ܕܠܐ ܬܐܟܠܘܢ ܡܢ ܟܠ ܐ̈ܝܠܢܝ ܦܪܕܝܣܐ.,22,"Ora, a serpente era o mais astuto de todos os animais do campo, que o Senhor Deus tinha feito. E esta disse à mulher: É assim que Deus disse: Não comereis de toda árvore do jardim?",36,True,True,True
3,2,Gênesis 3:2,וַתֹּ֥אמֶר הָֽאִשָּׁ֖ה אֶל־ הַנָּחָ֑שׁ מִפְּרִ֥י עֵֽץ־ הַגָּ֖ן נֹאכֵֽל ׃,ותאמר האשה אל הנחש מפרי עצ הגנ נאכל,9,ואמרת אתתא לחויא מפירי אילן גינתא ניכול:,7,καὶ εἶπεν ἡ γυνὴ τῷ ὄφει Ἀπὸ παντὸς ξύλου τοῦ παραδείσου φαγόμεθα·,12,ܘܐܡ̣ܪܬ ܐܢܬܬܐ ܠܚܘܝܐ. ܕܡܢ ܦܐܪ̈ܝ ܐ̈ܝܠܢܐ ܕܒܦܪܕܝܣܐ ܟܠܗܘܢ ܢܐܟܘܠ.,9,"Respondeu a mulher à serpente: Do fruto das árvores do jardim podemos comer,",13,True,True,True
3,3,Gênesis 3:3,וּמִפְּרִ֣י הָעֵץ֮ אֲשֶׁ֣ר בְּתוֹךְ־ הַגָּן֒ אָמַ֣ר אֱלֹהִ֗ים לֹ֤א תֹֽאכְלוּ֙ מִמֶּ֔נּוּ וְלֹ֥א תִגְּע֖וּ בּ֑וֹ פֶּן־ תְּמֻתֽוּן ׃,ומפרי העצ אשר בתוכ הגנ אמר אלהימ לא תאכלו ממנו ולא תגעו בו פנ תמתונ,16,ומפירי אילנא די במציעות גינתא אמר יי לא תיכלון מנה ולא תקרבון בה דילמא תמותון:,15,"ἀπὸ δὲ καρποῦ τοῦ ξύλου ὅ ἐστιν ἐν μέσῳ τοῦ παραδείσου, εἶπεν ὁ θεός Οὐ φάγεσθε ἀπ᾽ αὐτοῦ οὐδὲ μὴ ἅψησθε αὐτοῦ, ἵνα μὴ ἀποθάνητε.",25,ܘܡܢ ܦܐܪ̈ܝ ܐܝܠܢܐ ܕܒܡܨܥܬܗ ܕܦܪܕܝܣܐ. ܐܡ̣ܪ ܐܠܗܐ ܕܠܐ ܬܐܟܠܘܢ ܡܢܗ. ܘܠܐ ܬܬ̇ܩܪܒܘܢ ܠܗ ܕܠܐ ܬܡܘܬܘܢ.,15,"mas do fruto da árvore que está no meio do jardim, disse Deus: Não comereis dele, nem nele tocareis, para que não morrais.",23,True,True,True
3,4,Gênesis 3:4,וַיֹּ֥אמֶר הַנָּחָ֖שׁ אֶל־ הָֽאִשָּׁ֑ה לֹֽא־ מ֖וֹת תְּמֻתֽוּן ׃,ויאמר הנחש אל האשה לא מות תמתונ,8,ואמר חויא לאיתתא לא מות תמותון:,6,καὶ εἶπεν ὁ ὄφις τῇ γυναικί Οὐ θανάτῳ ἀποθανεῖσθε·,9,ܘܐܡ̣ܪ ܚܘܝܐ ܠܐܢܬܬܐ. ܠܐ ܡܡܬ ܬܡܘܬܘܢ.,6,Disse a serpente à mulher: Certamente não morrereis.,8,True,True,True
3,5,Gênesis 3:5,כִּ֚י יֹדֵ֣עַ אֱלֹהִ֔ים כִּ֗י בְּיוֹם֙ אֲכָלְכֶ֣ם מִמֶּ֔נּוּ וְנִפְקְח֖וּ עֵֽינֵיכֶ֑ם וִהְיִיתֶם֙ כֵּֽאלֹהִ֔ים יֹדְעֵ֖י ט֥וֹב וָרָֽע ׃,כי ידע אלהימ כי ביומ אכלכמ ממנו ונפקחו עיניכמ והייתמ כאלהימ ידעי טוב ורע,15,ארי גלי קדם יי ארי ביומא דתיכלון מנה ויתפתחן עיניכון ותהון כרברבין חכימין בין טב לביש:,16,"ᾔδει γὰρ ὁ θεὸς ὅτι ἐν ᾗ ἂν ἡμὲρᾳ φάγησθε ἀπ᾽ αὐτοῦ, διανοιχθήσονται ὑμῶν οἱ ὀφθαλμοί, καὶ ἔσεσθε ὡς θεοί, γινώσκοντες καλὸν καὶ πονηρόν. ⸆",25,ܡܛܠ ܕܝܕܥ̇ ܐܠܗ̇ܐ. ܕܒܝܘܡܐ ܕܐܟܠܝܢ ܐܢܬܘܢ ܡܢܗ. ܡܬܦܬ̈ܚܢ ܥܝܢܝ̈ܟܘܢ. ܘܗܘܝܬܘܢ ܐܝܟ ܐ̈ܠܗܐ. ܝܕ̈ܥܝ ܛܒܬܐ ܘܒܝܫܬܐ.,15,"Porque Deus sabe que no dia em que comerdes desse fruto, vossos olhos se abrirão, e sereis como Deus, conhecendo o bem e o mal.",25,True,True,True
3,6,Gênesis 3:6,וַתֵּ֣רֶא הָֽאִשָּׁ֡ה כִּ֣י טוֹב֩ הָעֵ֨ץ לְמַאֲכָ֜ל וְכִ֧י תַֽאֲוָה־ ה֣וּא לָעֵינַ֗יִם וְנֶחְמָ֤ד הָעֵץ֙ לְהַשְׂכִּ֔יל וַתִּקַּ֥ח מִפִּרְי֖וֹ וַתֹּאכַ֑ל וַתִּתֵּ֧ן גַּם־ לְאִישָׁ֛הּ עִמָּ֖הּ וַיֹּאכַֽל ׃,ותרא האשה כי טוב העצ למאכל וכי תאוה הוא לעינימ ונחמד העצ להשכיל ותקח מפריו ותאכל ותתנ גמ לאישה עמה ויאכל,22,וחזת אתתא ארי טב אילן למיכל וארי אסי הוא לעינין ומרגג אילנא לאסתכלא בה ונסיבת מאבה ואכלת ויהבת אף לבעלה עמה ואכל:,22,"καὶ ἴδεν ἡ γυνὴ ὅτι καλὸν τὸ ξύλον εἰς βρῶσιν, καὶ ὅτι ἀρεστὸν τοῖς ὀφθαλμοῖς ἰδεῖν καὶ ὡραῖόν ἐστιν τοῦ κατανοῆσαι, καὶ λαβοῦσα τοῦ καρποῦ αὐτοῦ ἔφαγεν· καὶ ἔδωκεν καὶ τῷ ἀνδρὶ αὐτῆς μετ᾽ αὐτῆς, καὶ ἔφαγον.",37,ܘܚܙܬ ܐܢܬܬܐ ܕܫܦܝܪ ܐܝܠܢܐ ܠܡܐܟܠ. ܘܪܓܬܐ ܗܘ ܠܥܝ̈ܢܐ. ܘܪܓܝܓ ܐܝܠܢܐ ܠܡܚܪ ܒܗ. ܘܢܣ̣ܒܬ ܡܢ ܦܐܪ̈ܘܗܝ ܘܐܟ̣ܠܬ. ܘܝܗ̣ܒܬ ܐܦ ܠܒܥܠܗ̇ ܥܡܗ̇ ܘܐܟ̣ܠ.,21,"Então, vendo a mulher que aquela árvore era boa para se comer, e agradável aos olhos, e árvore desejável para dar entendimento, tomou do seu fruto, comeu, e deu a seu marido, e ele também comeu.",36,True,True,True
3,7,Gênesis 3:7,וַתִּפָּקַ֨חְנָה֙ עֵינֵ֣י שְׁנֵיהֶ֔ם וַיֵּ֣דְע֔וּ כִּ֥י עֵֽירֻמִּ֖ם הֵ֑ם וַֽיִּתְפְּרוּ֙ עֲלֵ֣ה תְאֵנָ֔ה וַיַּעֲשׂ֥וּ לָהֶ֖ם חֲגֹרֹֽת ׃,ותפקחנה עיני שניהמ וידעו כי עירממ המ ויתפרו עלה תאנה ויעשו להמ חגרת,14,ואתפתחא עיני תרויהון וידעו ארי ערטילאין אינון וחטיטו להון טרפי תאנין ועבדו להון זרזין:,14,"καὶ διηνοίχθησαν οἱ ὀφθαλμοὶ τῶν δύο, καὶ ἔγνωσαν ὅτι γυμνοὶ ἦσαν· καὶ ἔρραψαν φύλλα συκῆς καὶ ἐποίησαν ἑαυτοῖς περιζώματα.",19,ܘܐܬ̇ܦܬܚ ܥܝܢ̈ܐ ܕܬܪ̈ܝܗܘܢ. ܘܝܕܥܘ ܕܥܪ̈ܛܠܝܝܢ ܐܢܘܢ. ܘܕܒܩ̇ܘ ܛܪ̈ܦܐ ܕܬܐ̈ܢܐ. ܘܥܒܕܘ ܠܗܘܢ ܦܪ̈ܙܘܡܐ.,12,"Então foram abertos os olhos de ambos, e conheceram que estavam nus; pelo que coseram folhas de figueira, e fizeram para si aventais.",23,True,True,True
3,8,Gênesis 3:8,וַֽיִּשְׁמְע֞וּ אֶת־ ק֨וֹל יְהוָ֧ה אֱלֹהִ֛ים מִתְהַלֵּ֥ךְ בַּגָּ֖ן לְר֣וּחַ הַיּ֑וֹם וַיִּתְחַבֵּ֨א הָֽאָדָ֜ם וְאִשְׁתּ֗וֹ מִפְּנֵי֙ יְהוָ֣ה אֱלֹהִ֔ים בְּת֖וֹךְ עֵ֥ץ הַגָּֽן ׃,וישמעו את קול יהוה אלהימ מתהלכ בגנ לרוח היומ ויתחבא האדמ ואשתו מפני יהוה אלהימ בתוכ עצ הגנ,19,ושמעו ית קל מימרא דיי אלהים מהלך בגינתא למנח יומא ואיטמר אדם ואתתה מן קדם יי אלהים בגו אילן גינתא:,20,Καὶ ἤκουσαν τὴν φωνὴν Κυρίου τοῦ θεοῦ περιπατοῦντος ἐν τῷ παραδείσῳ τὸ δειλινόν· καὶ ἐκρύβησαν ὅ τε Ἀδὰμ καὶ ἡ γυνὴ αὐτοῦ ἀπὸ προσώπου Κυρίου τοῦ θεοῦ ἐν μέσῳ τοῦ ξύλου τοῦ παραδείσου.,33,ܘܫܡܥܘ ܩܠܗ ܕܡܪܝܐ ܐܠܗܐ. ܡܗܠܟ ܒܦܪܕܝܣܐ ܠܦܢܝܗ ܕܝܘܡܐ. ܘܐܬܛܫܝܘ ܐܕܡ ܘܐܢܬܬܗ ܡܢ ܩܕܡ ܡܪܝܐ ܐܠܗܐ. ܒܓܘ ܐ̈ܝܠܢܐ ܕܒܦܪܕܝܣܐ.,18,"E, ouvindo a voz do Senhor Deus, que passeava no jardim à tardinha, esconderam-se o homem e sua mulher da presença do Senhor Deus, entre as árvores do jardim.",29,True,True,True
3,9,Gênesis 3:9,וַיִּקְרָ֛א יְהוָ֥ה אֱלֹהִ֖ים אֶל־ הָֽאָדָ֑ם וַיֹּ֥אמֶר ל֖וֹ אַיֶּֽכָּה ׃,ויקרא יהוה אלהימ אל האדמ ויאמר לו איכה,9,וקרא יי אלהים לאדם ואמר לה אן את:,8,"καὶ ἐκάλεσεν Κύριος ὁ θεὸς τὸν Ἀδὰμ καὶ εἶπεν αὐτῷ Ἀδάμ, ποῦ εἶ;",13,ܘܩ̣ܪܐ ܡܪܝܐ ܐܠܗܐ ܠܐܕܡ ܘܐܡ̣ܪ ܠܗ. ܐܝܟܐ ܐܢܬ ܐܕܡ.,9,"Mas chamou o Senhor Deus ao homem, e perguntou-lhe: Onde estás?",11,True,True,True
3,10,Gênesis 3:10,וַיֹּ֕אמֶר אֶת־ קֹלְךָ֥ שָׁמַ֖עְתִּי בַּגָּ֑ן וָאִירָ֛א כִּֽי־ עֵירֹ֥ם אָנֹ֖כִי וָאֵחָבֵֽא ׃,ויאמר את קלכ שמעתי בגנ ואירא כי עירמ אנכי ואחבא,11,ואמר ית קל מימרך שמעית בגינתא ודחילית ארי ערטילאי אנא ואיטמרית:,11,"καὶ εἶπεν αὐτῷ Τὴν φωνήν σου ἤκουσα περιπατοῦντος ἐν τῷ παραδείσῳ, καὶ ἐφοβήθην, ὅτι γυμνός εἰμι, καὶ ἐκρύβην.",18,ܘܐܡ̣ܪ ܩܠܟ ܫܡ̇ܥܬ ܒܦܪܕܝܣܐ. ܘܚ̇ܙܝܬ ܕܥܪܛܠܝ ܐܢܐ ܘܐܬ̇ܛܫܝܬ.,8,"Respondeu-lhe o homem: Ouvi a tua voz no jardim e tive medo, porque estava nu; e escondi-me.",17,True,True,True
3,11,Gênesis 3:11,וַיֹּ֕אמֶר מִ֚י הִגִּ֣יד לְךָ֔ כִּ֥י עֵירֹ֖ם אָ֑תָּה הֲמִן־ הָעֵ֗ץ אֲשֶׁ֧ר צִוִּיתִ֛יךָ לְבִלְתִּ֥י אֲכָל־ מִמֶּ֖נּוּ אָכָֽלְתָּ ׃,ויאמר מי הגיד לכ כי עירמ אתה המנ העצ אשר צויתיכ לבלתי אכל ממנו אכלת,16,ואמר מן חוי לך ארי ערטילאי את המן אילנא דפקדתך בדיל דלא למיכל מנה אכלת:,15,"καὶ εἶπεν αὐτῷ Τίς ἀνήγγειλέν σοι ὅτι γυμνὸς εἶ, εἰ μὴ ἀπὸ τοῦ ξύλου οὗ ἐνετειλάμην σοι τούτου μόνου μὴ φαγεῖν, ἀπ᾽ αὐτοῦ ἔφαγες;",24,ܘܐܡ̣ܪ ܠܗ ܡܪܝܐ. ܡܢܘ ܚܘܝܟ ܕܥܪܛܠܝ ܐܢܬ. ܗܐ ܡܢ ܐܝܠܢܐ ܕܦܩܕܬܟ ܕܠܐ ܬܐܟܘܠ ܡܢܗ ܐܟ̣ܠܬ.,15,Deus perguntou-lhe mais: Quem te mostrou que estavas nu? Comeste da árvore de que te ordenei que não comesses?,19,True,True,True
3,12,Gênesis 3:12,וַיֹּ֖אמֶר הָֽאָדָ֑ם הָֽאִשָּׁה֙ אֲשֶׁ֣ר נָתַ֣תָּה עִמָּדִ֔י הִ֛וא נָֽתְנָה־ לִּ֥י מִן־ הָעֵ֖ץ וָאֹכֵֽל ׃,ויאמר האדמ האשה אשר נתתה עמדי הוא נתנה לי מנ העצ ואכל,13,ואמר האדם אתתא דיהבת עמי היא יהבת לי מן אילנא ואכלית:,11,"καὶ εἶπεν ὁ Ἀδάμ Ἡ γυνή, ἣν ἔδωκας μετ᾽ ἐμοῦ, αὕτη μοι ἔδωκεν ἀπὸ τοῦ ξύλου, καὶ ἔφαγον.",18,ܘܐܡ̣ܪ ܐܕܡ ܐܢܬܬܐ ܕܝܗ̣ܒܬ ܥܡܝ. ܗ̣ܝ ܝܗ̣ܒܬ ܠܝ ܡܢ ܐܝܠܢܐ ܘܐ̇ܟܠܬ.,11,"Ao que respondeu o homem: A mulher que me deste por companheira deu-me a árvore, e eu comi.",18,True,True,True
3,13,Gênesis 3:13,וַיֹּ֨אמֶר יְהוָ֧ה אֱלֹהִ֛ים לָאִשָּׁ֖ה מַה־ זֹּ֣את עָשִׂ֑ית וַתֹּ֨אמֶר֙ הָֽאִשָּׁ֔ה הַנָּחָ֥שׁ הִשִּׁיאַ֖נִי וָאֹכֵֽל ׃,ויאמר יהוה אלהימ לאשה מה זאת עשית ותאמר האשה הנחש השיאני ואכל,13,ואמר יי אלהים לאתתא מה דא עבדת ואמרת אתתא חויא אטעיני ואכלית:,12,"καὶ εἶπεν Κύριος ὁ θεὸς τῇ γυναικί Τί τοῦτο ἐποίησας; καὶ εἶπεν ἡ γυνή Ὁ ὄφις ἠπάτησέν με, καὶ ἔφαγον.",20,ܘܐܡ̣ܪ ܡܪܝܐ ܐܠܗܐ ܠܐܢܬܬܐ. ܡܢܘ ܗܢܐ ܕܥܒܕܬܝ. ܘܐܡ̣ܪܬ ܐܢܬܬܐ ܚܘܝܐ ܐܛܥܝܢܝ ܘܐ̇ܟܠܬ.,12,"Perguntou o Senhor Deus à mulher: Que é isto que fizeste? Respondeu a mulher: A serpente enganou-me, e eu comi.",20,True,True,True
3,14,Gênesis 3:14,וַיֹּאמֶר֩ יְהֹוָ֨ה אֱלֹהִ֥ים ׀ אֶֽל־ הַנָּחָשׁ֮ כִּ֣י עָשִׂ֣יתָ זֹּאת֒ אָר֤וּר אַתָּה֙ מִכָּל־ הַבְּהֵמָ֔ה וּמִכֹּ֖ל חַיַּ֣ת הַשָּׂדֶ֑ה עַל־ גְּחֹנְךָ֣ תֵלֵ֔ךְ וְעָפָ֥ר תֹּאכַ֖ל כָּל־ יְמֵ֥י חַיֶּֽיךָ ׃,ויאמר יהוה אלהימ אל הנחש כי עשית זאת ארור אתה מכל הבהמה ומכל חית השדה על גחנכ תלכ ועפר תאכל כל ימי חייכ,25,ואמר יי אלהים לחויא ארי עבדת דא ליט את מכל בעירא ומכל חות ברא על מעך תיזיל ועפרא תיכול כל יומי חייך:,22,"καὶ εἶπεν Κύριος ὁ θεὸς τῷ ὄφει Ὅτι ἐποίησας τοῦτο, ἐπικατάρατος σὺ ἀπὸ πάντων τῶν κτηνῶν καὶ ἀπὸ πάντων τῶν θηρίων τῆς γῆς· ἐπὶ τῷ στήθει σου καὶ τῇ κοιλίᾳ πορεύσῃ, καὶ γῆν φάγῃ πάσας τὰς ἡμέρας τῆς ζωῆς σου.",40,ܘܐܡ̣ܪ ܡܪܝܐ ܐܠܗܐ ܠܚܘܝܐ. ܥܠ ܕܥܒ̣ܕܬ ܗܕܐ. ܠܝܛ ܐܢܬ ܡܢ ܟܠܗ̇ ܒܥܝܪܐ. ܘܡܢ ܟܠܗ̇ ܚܝܘܬܐ ܕܕܒܪܐ. ܘܥܠ ܟܪܣܟ ܬܗܠܟ. ܘܥܦܪܐ ܬܐܟܘܠ ܟܠ ܝܘ̈ܡܝ ܚܝ̈ܝܟ.,24,"Então o Senhor Deus disse à serpente: Porquanto fizeste isso, maldita serás tu dentre todos os animais domésticos, e dentre todos os animais do campo; sobre o teu ventre andarás, e pó comerás todos os dias da tua vida.",39,True,True,True
3,15,Gênesis 3:15,וְאֵיבָ֣ה ׀ אָשִׁ֗ית בֵּֽינְךָ֙ וּבֵ֣ין הָֽאִשָּׁ֔ה וּבֵ֥ין זַרְעֲךָ֖ וּבֵ֣ין זַרְעָ֑הּ ה֚וּא יְשׁוּפְךָ֣ רֹ֔אשׁ וְאַתָּ֖ה תְּשׁוּפֶ֥נּוּ עָקֵֽב ׃ ס,ואיבה אשית בינכ ובינ האשה ובינ זרעכ ובינ זרעה הוא ישופכ ראש ואתה תשופנו עקב ס,18,ודבבו אשוי בינך ובין אתתא ובין בנך ובין בנהה הוא יהי דכיר לך מה דעבדת לה מלקדמין ואת תהא נטיר לה לסופא:,22,"καὶ ἔχθραν θήσω ἀνὰ μέσον σου καὶ ἀνὰ μέσον τῆς γυναικός, καὶ ἀνὰ μέσον τοῦ σπέρματός σου καὶ ἀνὰ μέσον τοῦ σπέρματος αὐτῆς· αὐτός σου τηρήσει κεφαλήν, καὶ σὺ τηρήσεις αὐτοῦ πτέρναν.",32,ܘܒܥܠܕܒܒܘܬܐ ܐܣܝܡ ܒܝܢ̈ܝܟ ܠܐܢܬܬܐ. ܘܒܝܬ ܙܪܥܟ ܠܙܪܥܗ̇. ܗ̣ܘ ܢܕܘܫ ܪܫܟ. ܘܐܢܬ ܬܡܚܝܘܗܝ ܒܥܩܒܗ.,13,"Porei inimizade entre ti e a mulher, e entre a tua descendência e a sua descendência; esta te ferirá a cabeça, e tu lhe ferirás o calcanhar.",27,True,True,True
3,16,Gênesis 3:16,אֶֽל־ הָאִשָּׁ֣ה אָמַ֗ר הַרְבָּ֤ה אַרְבֶּה֙ עִצְּבוֹנֵ֣ךְ וְהֵֽרֹנֵ֔ךְ בְּעֶ֖צֶב תֵּֽלְדִ֣י בָנִ֑ים וְאֶל־ אִישֵׁךְ֙ תְּשׁ֣וּקָתֵ֔ךְ וְה֖וּא יִמְשָׁל־ בָּֽךְ ׃ ס,אל האשה אמר הרבה ארבה עצבונכ והרנכ בעצב תלדי בנימ ואל אישכ תשוקתכ והוא ימשל בכ ס,18,לאתתא אמר אסגאה אסגי צעריכי ועדוייכי בצער תלדי בנין ולות בעלך תהא תאובתיך והוא ישלט בך:,16,"καὶ τῇ γυναικὶ εἶπεν Πληθύνων πληθυνῶ τὰς λύπας σου καὶ τὸν στεναγμόν σου· ἐν λύπαις τέξῃ τέκνα, καὶ πρὸς τὸν ἄνδρα σου ἡ ἀποστροφή σου, καὶ αὐτός σου κυριεύσει.",29,ܘܠܐܢܬܬܐ ܐܡ̣ܪ. ܡܣܓܝܘ ܐܣܓܐ ܟܐ̈ܒܝܟܝ ܘܒܛܢܝ̈ܟܝ. ܘܒܟܐ̈ܒܐ ܬܐܠܕܝܢ ܒܢ̈ܝܐ. ܘܥܠ ܒܥܠܟܝ ܬܬܦܢܝܢ. ܘܗ̣ܘ ܢܫܬܠܛ ܒܟܝ.,15,"E à mulher disse: Multiplicarei grandemente a dor da tua conceição; em dor darás à luz filhos; e o teu desejo será para o teu marido, e ele te dominará.",30,True,True,True
3,17,Gênesis 3:17,וּלְאָדָ֣ם אָמַ֗ר כִּֽי־ שָׁמַעְתָּ֮ לְק֣וֹל אִשְׁתֶּךָ֒ וַתֹּ֨אכַל֙ מִן־ הָעֵ֔ץ אֲשֶׁ֤ר צִוִּיתִ֨יךָ֙ לֵאמֹ֔ר לֹ֥א תֹאכַ֖ל מִמֶּ֑נּוּ אֲרוּרָ֤ה הָֽאֲדָמָה֙ בַּֽעֲבוּרֶ֔ךָ בְּעִצָּבוֹן֙ תֹּֽאכֲלֶ֔נָּה כֹּ֖ל יְמֵ֥י חַיֶּֽיךָ ׃,ולאדמ אמר כי שמעת לקול אשתכ ותאכל מנ העצ אשר צויתיכ לאמר לא תאכל ממנו ארורה האדמה בעבורכ בעצבונ תאכלנה כל ימי חייכ,24,ולאדם אמר ארי קבילת למימר אתתך ואכלת מן אילנא די פקידתך למימר לא תיכול מנה ליטא ארעא בדילך בעמל תיכלינה כל יומי חייך:,23,"τῷ δὲ Ἀδὰμ εἶπεν Ὅτι ἤκουσας τῆς φωνῆς τῆς γυναικός σου καὶ ἔφαγες ἀπὸ τοῦ ξύλου οὗ ἐνετειλάμην σοι τούτου μόνου μὴ φαγεῖν, ἀπ᾽ αὐτοῦ ἔφαγες, ἐπικατάρατος ἡ γῆ ἐν τοῖς ἔργοις σου· ἐν λύπαις φάγῃ αὐτὴν πάσας τὰς ἡμέρας τῆς ζωῆς σου·",43,ܘܠܐܕܡ ܐܡ̣ܪ. ܥܠ ܕܫܡܥܬ ܒܩܠܗ̇ ܕܐܢܬܬܟ. ܘܐܟ̣ܠܬ ܡܢ ܐܝܠܢܐ ܕܦܩܕܬܟ. ܘܐܡ̇ܪܬ ܠܟ ܕܠܐ ܬܐܟܘܠ ܡܢܗ. ܠܝܛܐ ܐܪܥܐ ܡܛܠܬܟ. ܒܟܐ̈ܒܐ ܬܐܟܠܝܗ̇ ܟܠ ܝܘܡ̈ܝ ܚܝܝ̈ܟ.,23,"E ao homem disse: Porquanto deste ouvidos à voz de tua mulher, e comeste da árvore de que te ordenei dizendo: Não comerás dela; maldita é a terra por tua causa; em fadiga comerás dela todos os dias da tua vida.",41,True,True,True
3,18,Gênesis 3:18,וְק֥וֹץ וְדַרְדַּ֖ר תַּצְמִ֣יחַֽ לָ֑ךְ וְאָכַלְתָּ֖ אֶת־ עֵ֥שֶׂב הַשָּׂדֶֽה ׃,וקוצ ודרדר תצמיח לכ ואכלת את עשב השדה,9,וכובין ואטדין תצמח לך ותיכול ית עסבא דחקלא:,8,"ἀκάνθας καὶ τριβόλους ἀνατελεῖ σοι, καὶ φάγῃ τὸν χόρτον τοῦ ἀγροῦ.",11,ܟܘܒ̈ܐ ܘܕܪ̈ܕܪܐ ܬܘܥܐ ܠܟ. ܘܬܐܟܘܠ ܥܣܒܐ ܕܚܩܠܐ.,7,Ela te produzirá espinhos e abrolhos; e comerás das ervas do campo.,12,True,True,True
3,19,Gênesis 3:19,בְּזֵעַ֤ת אַפֶּ֨יךָ֙ תֹּ֣אכַל לֶ֔חֶם עַ֤ד שֽׁוּבְךָ֙ אֶל־ הָ֣אֲדָמָ֔ה כִּ֥י מִמֶּ֖נָּה לֻקָּ֑חְתָּ כִּֽי־ עָפָ֣ר אַ֔תָּה וְאֶל־ עָפָ֖ר תָּשֽׁוּב ׃,בזעת אפיכ תאכל לחמ עד שובכ אל האדמה כי ממנה לקחת כי עפר אתה ואל עפר תשוב,18,בזעתא דאפך תיכול לחמא עד דתיתוב לארעא דמנה אתבריתא ארי עפרא את ולעפרא תתוב:,14,ἐν ἱδρῶτι τοῦ προσώπου σου φάγῃ τὸν ἄρτον σου ἕως τοῦ ἀποστρέψαι σε εἰς τὴν γῆν ἐξ ἧς ἐλήμφθης· ὅτι γῆ εἶ καὶ εἰς γῆν ἀπελεύσῃ.,26,ܘܒܕܘܥܬܐ ܕܐ̈ܦܝܟ ܬܐܟܘܠ ܠܚܡܐ. ܥܕܡܐ ܕܬܗܦܘܟ ܠܐܪܥܐ ܕܡܢܗ̇ ܐܬܢ̣ܣܒܬ. ܡܛܠ ܕܥܦܪܐ ܐܢܬ ܘܠܥܦܪܐ ܬܗܦܘܟ.,14,"Do suor do teu rosto comerás o teu pão, até que tornes à terra, porque dela foste tomado; porquanto és pó, e ao pó tornarás.",25,True,True,True
3,20,Gênesis 3:20,וַיִּקְרָ֧א הָֽאָדָ֛ם שֵׁ֥ם אִשְׁתּ֖וֹ חַוָּ֑ה כִּ֛י הִ֥וא הָֽיְתָ֖ה אֵ֥ם כָּל־ חָֽי ׃,ויקרא האדמ שמ אשתו חוה כי הוא היתה אמ כל חי,12,וקרא אדם שום אתתה חוה ארי היא הות אמא דכל בני אנשא:,12,"Καὶ ἐκάλεσεν Ἀδὰμ τὸ ὄνομα τῆς γυναικὸς Ζωή, ὅτι αὕτη μήτηρ πάντων τῶν ζώντων.",14,ܘܩ̣ܪܐ ܐܕܡ ܫܡܗ̇ ܕܐܢܬܬܗ ܚܘܐ. ܡܛܠ ܕܗ̣ܝ ܗܘܬ ܐܡܐ ܕܟܠ ܕܚܝ.,11,"Chamou Adão à sua mulher Eva, porque era a mãe de todos os viventes.",14,True,True,True
3,21,Gênesis 3:21,וַיַּעַשׂ֩ יְהוָ֨ה אֱלֹהִ֜ים לְאָדָ֧ם וּלְאִשְׁתּ֛וֹ כָּתְנ֥וֹת ע֖וֹר וַיַּלְבִּשֵֽׁם ׃ פ,ויעש יהוה אלהימ לאדמ ולאשתו כתנות עור וילבשמ פ,10,ועבד יי אלהים לאדם ולאתתה לבושין דיקר על משך בשריהון ואלבישינון:,11,"καὶ ἐποίησεν Κύριος ὁ θεὸς τῷ Ἀδὰμ καὶ τῇ γυναικὶ αὐτοῦ χιτῶνας δερματίνους, καὶ ἐνέδυσεν αὐτούς.",16,ܘܥܒ̣ܕ ܡܪܝܐ ܐܠܗܐ ܠܐܕܡ ܘܠܐܢܬܬܗ ܟܘܬܝܢܝ̈ܬܐ ܕܡܫܟܐ ܘܐܠܒܫ ܐܢܘܢ.,9,"E o Senhor Deus fez túnicas de peles para Adão e sua mulher, e os vestiu.",16,True,True,True
3,22,Gênesis 3:22,וַיֹּ֣אמֶר ׀ יְהוָ֣ה אֱלֹהִ֗ים הֵ֤ן הָֽאָדָם֙ הָיָה֙ כְּאַחַ֣ד מִמֶּ֔נּוּ לָדַ֖עַת ט֣וֹב וָרָ֑ע וְעַתָּ֣ה ׀ פֶּן־ יִשְׁלַ֣ח יָד֗וֹ וְלָקַח֙ גַּ֚ם מֵעֵ֣ץ הַֽחַיִּ֔ים וְאָכַ֖ל וָחַ֥י לְעֹלָֽם ׃,ויאמר יהוה אלהימ הנ האדמ היה כאחד ממנו לדעת טוב ורע ועתה פנ ישלח ידו ולקח גמ מעצ החיימ ואכל וחי לעלמ,25,ואמר יי אלהים הא אדם הוה יחידי בעלמא מנה למידע טב וביש וכען דילמא יושיט ידה ויסב אף מאילן חייא ויכול ויחי לעלם:,23,"Καὶ εἶπεν Κύριος ὁ θεός Ἰδοὺ Ἀδὰμ γέγονεν ὡς εἷς ἐξ ἡμῶν, τοῦ γινώσκειν καλὸν καὶ πονηρόν· καὶ νῦν μή ποτε ἐκτείνῃ τὴν χεῖρα καὶ λάβῃ τοῦ ξύλου τῆς ζωῆς καὶ φάγῃ, καὶ ζήσεται εἰς τὸν αἰῶνα.",37,ܘܐܡ̣ܪ ܡܪܝܐ ܐܠܗܐ. ܗܐ ܐܕܡ ܗܘܐ ܐܝܟ ܚܕ ܡܢܢ. ܠܡܕܥ ܛܒܬܐ ܘܒܝܫܬܐ. ܗܫܐ ܕܠܡܐ ܢܘܫܛ ܐܝܕܗ ܘܢܣܒ ܐܦ ܡܢ ܐܝܠܢܐ ܕܚ̈ܝܐ. ܘܢܐܟܘܠ ܘܢܚ̣ܐ ܠܥܠܡ.,24,"Então disse o Senhor Deus: Eis que o homem se tem tornado como um de nós, conhecendo o bem e o mal. Ora, não suceda que estenda a sua mão, e tome também da árvore da vida, e coma e viva eternamente.",42,True,True,True
3,23,Gênesis 3:23,וַֽיְשַׁלְּחֵ֛הוּ יְהוָ֥ה אֱלֹהִ֖ים מִגַּן־ עֵ֑דֶן לַֽעֲבֹד֙ אֶת־ הָ֣אֲדָמָ֔ה אֲשֶׁ֥ר לֻקַּ֖ח מִשָּֽׁם ׃,וישלחהו יהוה אלהימ מגנ עדנ לעבד את האדמה אשר לקח משמ,12,ושלחה יי אלהים מגינתא דעדן למפלח ית אדמתא דאתברי מתמן:,10,"καὶ ἐξαπέστειλεν αὐτὸν Κύριος ὁ θεὸς ἐκ τοῦ παραδείσου τῆς τρυφῆς, ἐργάζεσθαι τὴν γῆν ἐξ ἧς ἐλήμφθη.",17,ܘܫܕܪܗ ܡܪܝܐ ܐܠܗܐ ܡܢ ܦܪܕܝܣܐ ܕܥܕܢ ܠܡܦܠܚ ܐܪܥܐ ܕܐܬܢܣܒ ܡܢ ܬܡܢ.,11,"O Senhor Deus, pois, o lançou fora do jardim do Éden para lavrar a terra, de que fora tomado.",19,True,True,True
3,24,Gênesis 3:24,וַיְגָ֖רֶשׁ אֶת־ הָֽאָדָ֑ם וַיַּשְׁכֵּן֩ מִקֶּ֨דֶם לְגַן־ עֵ֜דֶן אֶת־ הַכְּרֻבִ֗ים וְאֵ֨ת לַ֤הַט הַחֶ֨רֶב֙ הַמִּתְהַפֶּ֔כֶת לִשְׁמֹ֕ר אֶת־ דֶּ֖רֶךְ עֵ֥ץ הַֽחַיִּֽים ׃ ס,ויגרש את האדמ וישכנ מקדמ לגנ עדנ את הכרבימ ואת להט החרב המתהפכת לשמר את דרכ עצ החיימ ס,20,ותרך ית אדם ואשרי מלקדמין לגינתא דעדן ית כרוביא וית שנן חרבא דמתהפכא למיטר ית אורח אילן חייא:,18,"καὶ ἐξέβαλεν τὸν Ἀδὰμ καὶ κατῴκισεν αὐτὸν ἀπέναντι τοῦ παραδείσου τῆς τρυφῆς, καὶ ἔταξεν τὰ χερουβὶν καὶ τὴν φλογίνην ῥομφαίαν τὴν στρεφομένην φυλάσσειν τὴν ὁδὸν τοῦ ξύλου τῆς ζωῆς.",29,ܘܐܦܩܗ ܡܪܝܐ ܐܠܗܐ. ܘܐܟܪܟ ܡܢ ܡܕܢܚ ܠܦܪܕܝܣܐ ܕܥܕܢ. ܟܪܘܒܐ ܘܫܢܢܐ ܕܚܪܒܐ ܕܡܬܗܦܟܐ ܠܡܛܪ ܐܘܪܚܐ ܕܐܝܠܢܐ ܕܚ̈ܝܐ.,16,"E havendo lançado fora o homem, pôs ao oriente do jardim do Éden os querubins, e uma espada flamejante que se volvia por todos os lados, para guardar o caminho da árvore da vida.",34,True,True,True
4,1,Gênesis 4:1,וְהָ֣אָדָ֔ם יָדַ֖ע אֶת־ חַוָּ֣ה אִשְׁתּ֑וֹ וַתַּ֨הַר֙ וַתֵּ֣לֶד אֶת־ קַ֔יִן וַתֹּ֕אמֶר קָנִ֥יתִי אִ֖ישׁ אֶת־ יְהוָֽה ׃,והאדמ ידע את חוה אשתו ותהר ותלד את קינ ותאמר קניתי איש את יהוה,15,ואדם ידע ית חוה אתתה ועדיאת וילידת ית קין ואמרת קניתי גברא קדם יי:,14,"⸂⸆⸃ Ἀδὰμ δὲ ἔγνω Εὕαν τὴν γυναῖκα αὐτοῦ, καὶ συνέλαβεν καὶ ἔτεκεν τὸν Κάιν. καὶ εἶπεν Ἐκτησάμην ἄνθρωπον διὰ τοῦ θεοῦ.",21,ܘܐܕܡ ܚܟ̣ܡ ܠܚܘܐ ܐܢܬܬܗ. ܘܒܛܢ̣ܬ ܘܝܠ̣ܕܬ ܠܩܐܝܢ. ܘܐܡ̣ܪܬ ܩ̇ܢܝܬ ܓܒܪܐ ܠܡܪܝܐ.,11,"Conheceu Adão a Eva, sua mulher; ela concebeu e, tendo dado à luz a Caim, disse: Alcancei do Senhor um varão.",21,True,True,True
4,2,Gênesis 4:2,וַתֹּ֣סֶף לָלֶ֔דֶת אֶת־ אָחִ֖יו אֶת־ הָ֑בֶל וַֽיְהִי־ הֶ֨בֶל֙ רֹ֣עֵה צֹ֔אן וְקַ֕יִן הָיָ֖ה עֹבֵ֥ד אֲדָמָֽה ׃,ותספ ללדת את אחיו את הבל ויהי הבל רעה צאנ וקינ היה עבד אדמה,15,ואוסיפת למילד ית אחוהי ית הבל והוה הבל רעי ענא וקין הוה פלח בארעא:,14,καὶ προσέθηκεν τεκεῖν τὸν ἀδελφὸν αὐτοῦ τὸν Ἅβελ. Καὶ ἐγένετο Ἅβελ ποιμὴν προβάτων· Κάιν δὲ ἦν ἐργαζόμενος τὴν γῆν.,19,ܘܐܘܣܦܬ ܠܡܐܠܕ ܠܐܚܘܗܝ ܗܒܝܠ. ܘܗܘ̣ܐ ܗܒܝܠ ܪܥ̇ܐ ܥܢܐ. ܘܩܐܝܢ ܗܘ̣ܐ ܦ̇ܠܚ ܒܐܪܥܐ .,13,"Tornou a dar à luz a um filho-a seu irmão Abel. Abel foi pastor de ovelhas, e Caim foi lavrador da terra.",22,True,True,True
4,3,Gênesis 4:3,וַֽיְהִ֖י מִקֵּ֣ץ יָמִ֑ים וַיָּבֵ֨א קַ֜יִן מִפְּרִ֧י הָֽאֲדָמָ֛ה מִנְחָ֖ה לַֽיהוָֽה ׃,ויהי מקצ ימימ ויבא קינ מפרי האדמה מנחה ליהוה,10,והוה מסוף יומין ואיתי קין מאבא דארעא תקרובתא קדם יי:,10,καὶ ἐγένετο μεθ᾽ ἡμέρας ἤνεγκεν Κάιν ἀπὸ τῶν καρπῶν τῆς γῆς θυσίαν τῷ κυρίῳ·,14,ܘܗܘ̣ܐ ܡܢ ܒܬܪ ܝܘܡ̈ܬܐ. ܘܐܝܬܝ ܩܐܝܢ ܡܢ ܦܐܪ̈ܐ ܕܐܪܥܗ. ܩܘܪܒܢܐ ܠܡܪܝܐ.,11,Ao cabo de dias trouxe Caim do fruto da terra uma oferta ao Senhor.,14,True,True,True
4,4,Gênesis 4:4,וְהֶ֨בֶל הֵבִ֥יא גַם־ ה֛וּא מִבְּכֹר֥וֹת צֹאנ֖וֹ וּמֵֽחֶלְבֵהֶ֑ן וַיִּ֣שַׁע יְהוָ֔ה אֶל־ הֶ֖בֶל וְאֶל־ מִנְחָתֽוֹ ׃,והבל הביא גמ הוא מבכרות צאנו ומחלבהנ וישע יהוה אל הבל ואל מנחתו,14,והבל איתי אף הוא מבכירי ענה ומשמנהון והות רעוא מן קדם יי בהבל ובקורבנה:,14,καὶ Ἅβελ ἤνεγκεν καὶ αὐτὸς ἀπὸ τῶν πρωτοτόκων τῶν προβάτων αὐτοῦ καὶ ἀπὸ τῶν στεάτων αὐτῶν. καὶ ἔπιδεν ὁ θεὸς ἐπὶ Ἅβελ καὶ ἐπὶ τοῖς δώροις αὐτοῦ·,27,ܘܗܒܝܠ ܐܝܬܝ ܐܦ ܗ̣ܘ ܡܢ ܒܘܟܪ̈ܐ ܕܥܢܗ ܘܡܢ ܫ̈ܡܝܢܝܗܘܢ. ܘܐܨܛܒܝ ܡܪܝܐ ܒܗܒܝܠ ܘܒܩܘܪܒܢܗ.,13,"Abel também trouxe dos primogênitos das suas ovelhas, e da sua gordura. Ora, atentou o Senhor para Abel e para a sua oferta,",23,True,True,True
4,5,Gênesis 4:5,וְאֶל־ קַ֥יִן וְאֶל־ מִנְחָת֖וֹ לֹ֣א שָׁעָ֑ה וַיִּ֤חַר לְקַ֨יִן֙ מְאֹ֔ד וַֽיִּפְּל֖וּ פָּנָֽיו ׃,ואל קינ ואל מנחתו לא שעה ויחר לקינ מאד ויפלו פניו,12,ובקין ובקורבנה לא הות רעוא ותקף לקין לחדא ואתכבישו אפוהי:,10,ἐπὶ δὲ Κάιν καὶ ἐπὶ ταῖς θυσίαις αὐτοῦ ⸆ οὐ προσέσχεν. καὶ ἐλύπησεν τὸν Κάιν λίαν καὶ συνέπεσεν τῷ προσώπῳ.,20,ܘܒܩܐܝܢ ܘܒܩܘܪܒܢܗ ܠܐ ܐܨܛܒܝ. ܘܐܬܒܐܫ ܠܩܐܝܢ ܛܒ. ܘܐܬܟܡܪ ܐ̈ܦܘܗܝ.,9,"mas para Caim e para a sua oferta não atentou. Pelo que irou-se Caim fortemente, e descaiu-lhe o semblante.",19,True,True,True
4,6,Gênesis 4:6,וַיֹּ֥אמֶר יְהוָ֖ה אֶל־ קָ֑יִן לָ֚מָּה חָ֣רָה לָ֔ךְ וְלָ֖מָּה נָפְל֥וּ פָנֶֽיךָ ׃,ויאמר יהוה אל קינ למה חרה לכ ולמה נפלו פניכ,11,ואמר יי לקין למא תקיף לך ולמא אתכבישו אפיך:,9,"καὶ εἶπεν Κύριος ὁ θεὸς τῷ Κάιν Ἵνα τί περίλυπος ἐγένου, καὶ ἵνα τί συνέπεσεν τὸ πρόσωπόν σου;",18,ܘܐܡ̣ܪ ܡܪܝܐ ܠܩܐܝܢ. ܠܡܢܐ ܐܬܒܐܫ ܠܟ. ܘܠܡܢܐ ܐܬܟܡܪ ܐ̈ܦܝܟ.,9,Então o Senhor perguntou a Caim: Por que te iraste? e por que está descaído o teu semblante?,18,True,True,True
4,7,Gênesis 4:7,הֲל֤וֹא אִם־ תֵּיטִיב֙ שְׂאֵ֔ת וְאִם֙ לֹ֣א תֵיטִ֔יב לַפֶּ֖תַח חַטָּ֣את רֹבֵ֑ץ וְאֵלֶ֨יךָ֙ תְּשׁ֣וּקָת֔וֹ וְאַתָּ֖ה תִּמְשָׁל־ בּֽוֹ ׃,הלוא אמ תיטיב שאת ואמ לא תיטיב לפתח חטאת רבצ ואליכ תשוקתו ואתה תמשל בו,16,הלא אם תוטיב עובדך ישתבק לך ואם לא תוטיב עובדך ליום דינא חטאך נטיר דיעתיד לאתפרעא מנך אם לא תתוב ואם תתוב ישתבק לך:,24,"οὐκ ἐὰν ὀρθῶς προσενέγκῃς, ὀρθῶς δὲ μὴ διέλῃς, ἥμαρτες; ἡσύχασον· πρὸς σὲ ἡ ἀποστροφὴ αὐτοῦ, καὶ σὺ ἄρξεις αὐτοῦ.",19,ܗܐ ܐܢ ܬܫܦܪ ܩܒ̇ܠܬ. ܘܐܠܐ ܬܫ̣ܦܪ. ܥܠ ܬܪܥܐ ܚܛܗܐ ܪܒܝܥ. ܐܢܬ ܬܬܦܢܐ ܠܘܬܗ ܘܗ̣ܘ ܢܫܬܠܛ ܒܟ.,16,"Porventura se procederes bem, não se há de levantar o teu semblante? e se não procederes bem, o pecado jaz à porta, e sobre ti será o seu desejo; mas sobre ele tu deves dominar.",35,True,True,True
4,8,Gênesis 4:8,וַיֹּ֥אמֶר קַ֖יִן אֶל־ הֶ֣בֶל אָחִ֑יו וַֽיְהִי֙ בִּהְיוֹתָ֣ם בַּשָּׂדֶ֔ה וַיָּ֥קָם קַ֛יִן אֶל־ הֶ֥בֶל אָחִ֖יו וַיַּהַרְגֵֽהוּ ׃,ויאמר קינ אל הבל אחיו ויהי בהיותמ בשדה ויקמ קינ אל הבל אחיו ויהרגהו,15,ואמר קין להבל אחוהי והוה במהויהון בחקלא וקם קין על הבל אחוהי וקטלה:,13,καὶ εἶπεν Κάιν πρὸς Ἅβελ τὸν ἀδελφὸν αὐτοῦ Διέλθωμεν εἰς τὸ πεδίον. καὶ ἐγένετο ἐν τῷ εἶναι αὐτοὺς ἐν τῷ πεδίῳ καὶ ἀνέστη Κάιν ἐπὶ Ἅβελ τὸν ἀδελφὸν αὐτοῦ καὶ ἀπέκτεινεν αὐτόν.,32,ܘܐܡ̣ܪ ܩܐܝܢ ܠܗܒܝܠ ܐܚܘܗܝ. ܢܪܕܐ ܠܦܩܥܬܐ. ܘܗܘ̣ܐ ܕܟܕ ܗ̣ܢܘܢ ܒܚܩܠܐ . ܩܡ ܩܐܝܢ ܥܠ ܗܒܝܠ ܐܚܘܗܝ ܘܩܛܠܗ.,17,"Falou Caim com o seu irmão Abel. E, estando eles no campo, Caim se levantou contra o seu irmão Abel, e o matou.",23,True,True,True
4,9,Gênesis 4:9,וַיֹּ֤אמֶר יְהוָה֙ אֶל־ קַ֔יִן אֵ֖י הֶ֣בֶל אָחִ֑יךָ וַיֹּ֨אמֶר֙ לֹ֣א יָדַ֔עְתִּי הֲשֹׁמֵ֥ר אָחִ֖י אָנֹֽכִי ׃,ויאמר יהוה אל קינ אי הבל אחיכ ויאמר לא ידעתי השמר אחי אנכי,14,ואמר יי לקין אן הבל אחוך ואמר לא ידענא הנטר אחי אנא:,12,καὶ εἶπεν ὁ θεὸς πρὸς Κάιν Ποῦ ἐστιν Ἅβελ ὁ ἀδελφός σου; ὁ δὲ εἶπεν Οὐ γινώσκω· μὴ φύλαξ τοῦ ἀδελφοῦ μού εἰμι ἐγώ;,24,ܘܐܡ̣ܪ ܡܪܝܐ ܠܩܐܝܢ. ܐܝܟܐ ܗܘ ܗܒܝܠ ܐܚܘܟ. ܘܐܡ̣ܪ ܠܐ ܝܕܥ̇ ܐܢܐ. ܢܛܘܪܗ ܐܢܐ ܓܝܪ ܕܐܚܝ.,15,"Perguntou, pois, o Senhor a Caim: Onde está Abel, teu irmão? Respondeu ele: Não sei; sou eu o guarda do meu irmão?",22,True,True,True
4,10,Gênesis 4:10,וַיֹּ֖אמֶר מֶ֣ה עָשִׂ֑יתָ ק֚וֹל דְּמֵ֣י אָחִ֔יךָ צֹעֲקִ֥ים אֵלַ֖י מִן־ הָֽאֲדָמָֽה ׃,ויאמר מה עשית קול דמי אחיכ צעקימ אלי מנ האדמה,11,ואמר מה עבדתא קל דם זרעין דעתידין למפק מן אחוך קבלין קדמי מן ארעא:,14,καὶ εἶπεν ὁ θεός Τί ἐποίησας; φωνὴ αἵματος τοῦ ἀδελφοῦ σου βοᾷ πρὸς μὲ ἐκ τῆς γῆς.,17,ܘܐܡ̣ܪ ܠܗ ܡܪܝܐ . ܡܢܐ ܥܒ̣ܕܬ. ܩܠܐ ܕܕܡܗ ܕܐܚܘܟ ܓܥ̇ܐ ܠܘܬܝ ܡܢ ܐܪܥܐ.,13,E disse Deus: Que fizeste? A voz do sangue de teu irmão está clamando a mim desde a terra.,19,True,True,True
4,11,Gênesis 4:11,וְעַתָּ֖ה אָר֣וּר אָ֑תָּה מִן־ הָֽאֲדָמָה֙ אֲשֶׁ֣ר פָּצְתָ֣ה אֶת־ פִּ֔יהָ לָקַ֛חַת אֶת־ דְּמֵ֥י אָחִ֖יךָ מִיָּדֶֽךָ ׃,ועתה ארור אתה מנ האדמה אשר פצתה את פיה לקחת את דמי אחיכ מידכ,15,וכען ליט את מן ארעא דפתחת ית פומה וקבילת ית דמה דאחוך מן ידך:,14,"καὶ νῦν ἐπικατάρατος σὺ ἐπὶ τῆς γῆς, ἣ ἔχανεν τὸ στόμα αὐτῆς δέξασθαι τὸ αἷμα τοῦ ἀδελφοῦ σου ἐκ τῆς χειρός σου.",22,ܡܟܝܠ ܠܝܛ ܐܢܬ ܡܢ ܐܪܥܐ. ܕܦܬ̣ܚܬ ܦܘܡܗ̇ ܘܩܒ̣ܠܬ ܕܡܗ ܕܐܚܘܟ ܡܢ ܐ̈ܝܕܝܟ.,12,"Agora maldito és tu desde a terra, que abriu a sua boca para da tua mão receber o sangue de teu irmão.",22,True,True,True
4,12,Gênesis 4:12,כִּ֤י תַֽעֲבֹד֙ אֶת־ הָ֣אֲדָמָ֔ה לֹֽא־ תֹסֵ֥ף תֵּת־ כֹּחָ֖הּ לָ֑ךְ נָ֥ע וָנָ֖ד תִּֽהְיֶ֥ה בָאָֽרֶץ ׃,כי תעבד את האדמה לא תספ תת כחה לכ נע ונד תהיה בארצ,14,ארי תפלח בארעא לא תוסיף למתן חילה לך מטלטל וגלי תהא בארעא:,12,"ὅτι ἐργᾷ τὴν γῆν, καὶ οὐ προσθήσει τὴν ἰσχὺν αὐτῆς δοῦναί σοι· στένων καὶ τρέμων ἔσῃ ἐπὶ τῆς γῆς.",19,ܟܕ ܬܦܠܘܚ ܒܐܪܥܐ. ܠܐ ܬܘܣܦ ܕܬܬܠ ܠܟ ܚܝܠܗ̇. ܙܐܥ ܘܢܐܕ ܬܗܘܐ ܒܐܪܥܐ.,12,"Quando lavrares a terra, não te dará mais a sua força; fugitivo e vagabundo serás na terra.",17,True,True,True
4,13,Gênesis 4:13,וַיֹּ֥אמֶר קַ֖יִן אֶל־ יְהוָ֑ה גָּד֥וֹל עֲוֺנִ֖י מִנְּשֹֽׂא ׃,ויאמר קינ אל יהוה גדול עוני מנשא,8,ואמר קין קדם יי סגי חובי מלמשבק:,7,καὶ εἶπεν Κάιν πρὸς τὸν κύριον Μείζων ἡ αἰτία μου τοῦ ἀφεθῆναί με.,13,ܘܐܡ̣ܪ ܩܐܝܢ ܠܡܪܝܐ. ܪܒܐ ܗܝ ܣܟܠܘܬܝ ܡܢ ܕܠܡܫܒܩ.,8,Então disse Caim ao Senhor: É maior a minha punição do que a que eu possa suportar.,17,True,True,True
4,14,Gênesis 4:14,הֵן֩ גֵּרַ֨שְׁתָּ אֹתִ֜י הַיּ֗וֹם מֵעַל֙ פְּנֵ֣י הָֽאֲדָמָ֔ה וּמִפָּנֶ֖יךָ אֶסָּתֵ֑ר וְהָיִ֜יתִי נָ֤ע וָנָד֙ בָּאָ֔רֶץ וְהָיָ֥ה כָל־ מֹצְאִ֖י יַֽהַרְגֵֽנִי ׃,הנ גרשת אתי היומ מעל פני האדמה ומפניכ אסתר והייתי נע ונד בארצ והיה כל מצאי יהרגני,18,הא תריכתא יתי יומא דין מעל אפי ארעא ומן קדמך לית אפשר לאטמרא ואהי מטלטל וגלי בארעא ויהי כל דישכחנני יקטלינני:,21,"εἰ ἐκβαλεῖς με σήμερον ἀπὸ προσώπου τῆς γῆς, καὶ ἀπὸ τοῦ προσώπου σου κρυβήσομαι, καὶ ἔσομαι στένων καὶ τρέμων ἐπὶ τῆς γῆς· καὶ πᾶς ὁ εὑρίσκων με ἀποκτενεῖ με.",29,ܗܐ ܐܦܩܬܢܝ ܝܘܡܢܐ ܡܢ ܐ̈ܦܝ ܐܪܥܐ. ܘܡܢ ܩܕܡܝܟ ܐܬ̇ܛܫܐ. ܘܐܗܘܐ ܙܐܥ ܘܢܐܕ ܒܐܪܥܐ ܘܟܠ ܡ̇ܢ ܕܢܫܟܚܢܝ ܢܩܛܠܢܝ.,17,Eis que hoje me lanças da face da terra; também da tua presença ficarei escondido; serei fugitivo e vagabundo na terra; e qualquer que me encontrar matar-me-á.,27,True,True,True
4,15,Gênesis 4:15,וַיֹּ֧אמֶר ל֣וֹ יְהוָ֗ה לָכֵן֙ כָּל־ הֹרֵ֣ג קַ֔יִן שִׁבְעָתַ֖יִם יֻקָּ֑ם וַיָּ֨שֶׂם יְהוָ֤ה לְקַ֨יִן֙ א֔וֹת לְבִלְתִּ֥י הַכּוֹת־ אֹת֖וֹ כָּל־ מֹצְאֽוֹ ׃,ויאמר לו יהוה לכנ כל הרג קינ שבעתימ יקמ וישמ יהוה לקינ אות לבלתי הכות אתו כל מצאו,19,ואמר לה יי בכן כל קטיל קין לשבעא דרין יתפרע מנה ושוי יי לקין אתא בדיל דלא למקטל יתה כל דישכחנה:,21,καὶ εἶπεν αὐτῷ Κύριος ὁ θεός Οὐχ οὕτως· πᾶς ὁ ἀποκτείνας Κάιν ἑπτὰ ἐκδικούμενα παραλύσει. καὶ ἔθετο Κύριος ὁ θεὸς σημεῖον τῷ Κάιν τοῦ μὴ ἀνελεῖν αὐτὸν πάντα τὸν εὑρίσκοντα αὐτόν.,31,ܘܐܡ̣ܪ ܠܗ ܡܪܝܐ ܠܐ ܗܟܢܐ ܟܠ ܩܛ̇ܘܠܐ. ܩܐܝܢ ܚܕ ܒܫܒܥܐ ܢܬܦܪܥ. ܘܣܡ ܡܪܝܐ ܐܬܐ ܒܩܐܝܢ ܕܠܐ ܢܩܛܠܝܘܗܝ ܟܠ ܡ̇ܢ ܕܡܫܟܚ ܠܗ.,21,"O Senhor, porém, lhe disse: Portanto quem matar a Caim, sete vezes sobre ele cairá a vingança. E pôs o Senhor um sinal em Caim, para que não o ferisse quem quer que o encontrasse.",35,True,True,True
4,16,Gênesis 4:16,וַיֵּ֥צֵא קַ֖יִן מִלִּפְנֵ֣י יְהוָ֑ה וַיֵּ֥שֶׁב בְּאֶֽרֶץ־ נ֖וֹד קִדְמַת־ עֵֽדֶן ׃,ויצא קינ מלפני יהוה וישב בארצ נוד קדמת עדנ,10,ונפק קין מן קדם יי ויתיב בארעא גלי ומטלטל דהוה עבידא עלוהי מלקדמין דגינתא דעדן:,15,ἐξῆλθεν δὲ Κάιν ἀπὸ προσώπου τοῦ θεοῦ καὶ ᾤκησεν ἐν γῇ Ναὶδ κατέναντι Ἔδεμ.,14,ܘܢܦ̣ܩ ܩܐܝܢ ܡܢ ܩܕܡ ܡܪܝܐ. ܘܝܬ̣ܒ ܒܐܪܥܐ ܕܢܘܕ ܡܢ ܡܕܢܚܝܗ̇ ܕܥܕܢ.,11,"Então saiu Caim da presença do Senhor, e habitou na terra de Node, ao oriente do Éden.",17,True,True,True
4,17,Gênesis 4:17,וַיֵּ֤דַע קַ֨יִן֙ אֶת־ אִשְׁתּ֔וֹ וַתַּ֖הַר וַתֵּ֣לֶד אֶת־ חֲנ֑וֹךְ וַֽיְהִי֙ בֹּ֣נֶה עִ֔יר וַיִּקְרָא֙ שֵׁ֣ם הָעִ֔יר כְּשֵׁ֖ם בְּנ֥וֹ חֲנֽוֹךְ ׃,וידע קינ את אשתו ותהר ותלד את חנוכ ויהי בנה עיר ויקרא שמ העיר כשמ בנו חנוכ,18,וידע קין ית אתתה ועדיאת וילידת ית חנוך והוה בני קרתא וקרא שמא דקרתא כשום ברה חנוך:,17,"Καὶ ἔγνω Κάιν τὴν γυναῖκα αὐτοῦ, καὶ ⸂⸆⸃ συλλαβοῦσα ἔτεκεν τὸν Ἑνώχ. καὶ ἦν οἰκοδομῶν πόλιν· καὶ ἐπωνόμασεν τὴν πόλιν ἐπὶ τῷ ὀνόματι τοῦ υἱοῦ αὐτοῦ Ἑνώχ.",27,ܘܚ̣ܟܡ ܩܐܝܢ ܠܐܢܬܬܗ. ܘܒܛܢ̣ܬ ܘܝܠ̣ܕܬ. ܠܚܢܘܟ ܘܗܘ̣ܐ ܒ̇ܢܐ ܩܪܝܬܐ. ܘܩ̣ܪܐ ܫܡܗ̇ ܕܩܪܝܬܐ ܥܠ ܫܡ ܒܪܗ ܚܢܘܟ.,16,"Conheceu Caim a sua mulher, a qual concebeu, e deu à luz a Enoque. Caim edificou uma cidade, e lhe deu o nome do filho, Enoque.",26,True,True,True
4,18,Gênesis 4:18,וַיִּוָּלֵ֤ד לַֽחֲנוֹךְ֙ אֶת־ עִירָ֔ד וְעִירָ֕ד יָלַ֖ד אֶת־ מְחֽוּיָאֵ֑ל וּמְחִיּיָאֵ֗ל יָלַד֙ אֶת־ מְת֣וּשָׁאֵ֔ל וּמְתוּשָׁאֵ֖ל יָלַ֥ד אֶת־ לָֽמֶךְ ׃,ויולד לחנוכ את עירד ועירד ילד את מחויאל ומחייאל ילד את מתושאל ומתושאל ילד את למכ,17,ואתיליד לחנוך ית עירד ועירד אוליד ית מחויאל ומחייאל אוליד ית מתושאל ומתושאל אוליד ית למך:,16,"ἐγενήθη δὲ τῷ Ἑνὼχ Γαιδάδ, καὶ Γαιδὰδ ἐγέννησεν τὸν Μαιήλ, καὶ Μαιὴλ ἐγέννησεν τὸν Μαθουσαλά, καὶ Μαθουσαλὰ ἐγέννησεν ⸆ τὸν Λάμεχ.",21,ܘܐܬܝܠܕ ܠܚܢܘܟ ܥܝܕܪ. ܘܥܝܕܪ ܐܘܠܕ ܠܡܚܘܐܝܠ. ܘܡܚܘܐܝܠ ܐܘܠܕ ܠܡܬܘܫܝܠ. ܘܡܬܘܫܝܠ ܐܘܠܕ ܠܠܡܟ.,12,"A Enoque nasceu Irade, e Irade gerou a Meujael, e Meujael gerou a Metusael, e Metusael gerou a Lameque.",19,True,True,True
4,19,Gênesis 4:19,וַיִּֽקַּֽח־ ל֥וֹ לֶ֖מֶךְ שְׁתֵּ֣י נָשִׁ֑ים שֵׁ֤ם הָֽאַחַת֙ עָדָ֔ה וְשֵׁ֥ם הַשֵּׁנִ֖ית צִלָּֽה ׃,ויקח לו למכ שתי נשימ שמ האחת עדה ושמ השנית צלה,12,ונסיב לה למך תרתין נשין שום חדא עדה ושום תניתא צלה:,11,"καὶ ἔλαβεν ἑαυτῷ Λάμεχ δύο γυναῖκας· ὄνομα τῇ μιᾷ Ἀδά, καὶ ὄνομα τῇ δευτέρᾳ Σελλά.",15,ܘܠܡܟ ܢܣܒ̣ ܠܗ ܬܪ̈ܬܝܢ ܢܫ̈ܝܢ. ܫܡܗ̇ ܕܚܕܐ ܥܕܐ. ܘܫܡܗ̇ ܕܐܚܪܬܐ ܨܠ̣ܐ.,11,"Lameque tomou para si duas mulheres: o nome duma era Ada, e o nome da outra Zila.",17,True,True,True
4,20,Gênesis 4:20,וַתֵּ֥לֶד עָדָ֖ה אֶת־ יָבָ֑ל ה֣וּא הָיָ֔ה אֲבִ֕י יֹשֵׁ֥ב אֹ֖הֶל וּמִקְנֶֽה ׃,ותלד עדה את יבל הוא היה אבי ישב אהל ומקנה,11,וילידת עדה ית יבל הוא הוה רבהון דיתבי משכנין ומרי בעיר:,11,καὶ ἔτεκεν Ἀδὰ τὸν Ἰωβέλ· οὗτος ἦν ὁ πατὴρ οἰκούντων ἐν σκηναῖς κτηνοτρόφων.,13,ܘܝܠ̣ܕܬ ܥܕܐ ܠܝܒܠ. ܗ̣ܘ ܗܘ̣ܐ ܐܒܐ ܠܥܡܪ̈ܝ ܡܫܟܢܐ ܘܩܢܝ̈ܝ ܩܢܝܢܐ.,10,E Ada deu à luz a Jabal; este foi o pai dos que habitam em tendas e possuem gado.,19,True,True,True
4,21,Gênesis 4:21,וְשֵׁ֥ם אָחִ֖יו יוּבָ֑ל ה֣וּא הָיָ֔ה אֲבִ֕י כָּל־ תֹּפֵ֥שׂ כִּנּ֖וֹר וְעוּגָֽב ׃,ושמ אחיו יובל הוא היה אבי כל תפש כנור ועוגב,11,ושום אחוהי יובל הוא הוה רבהון דכל דמנגן על פום נבלא ידעי זמר כנורא ואבובא:,15,καὶ ὄνομα τῷ ἀδελφῷ αὐτοῦ Ἰουβάλ· οὗτος ἦν ὁ καταδείξας ψαλτήριον καὶ κιθάραν.,13,ܘܫܡܐ ܕܐܚܘܗܝ ܝܘܒܠ. ܗ̣ܘ ܗܘܐ ܐܒܐ ܠܟܠ ܕܐܚܝܕ ܩܝܬܪܐ ܘܟܢܪܐ.,10,O nome do seu irmão era Jubal; este foi o pai de todos os que tocam harpa e flauta.,19,True,True,True
4,22,Gênesis 4:22,וְצִלָּ֣ה גַם־ הִ֗וא יָֽלְדָה֙ אֶת־ תּ֣וּבַל קַ֔יִן לֹטֵ֕שׁ כָּל־ חֹרֵ֥שׁ נְחֹ֖שֶׁת וּבַרְזֶ֑ל וַֽאֲח֥וֹת תּֽוּבַל־ קַ֖יִן נַֽעֲמָֽה ׃,וצלה גמ הוא ילדה את תובל קינ לטש כל חרש נחשת וברזל ואחות תובל קינ נעמה,17,וצלה אף היא ילידת ית תובל קין רבהון דכל דידעי עיבידת נחשא ופרזלא ואחתה דתובל קין נעמה:,17,Σελλὰ δὲ ἔτεκεν καὶ αὐτὴ τὸν Θόβελ· καὶ ἦν σφυροκόπος χαλκεὺς χαλκοῦ καὶ σιδήρου. ἀδελφὴ δὲ Θόβελ Νοεμά.,18,ܘܨܠ̣ܐ ܐܦ ܗ̣ܝ ܝܠ̣ܕܬ ܠܬܘܒܠܩܝܢ. ܐܘܡܢ ܒܟܠ ܥܒ̇ܕ ܕܢܚܫܐ ܘܕܦܪܙܠܐ. ܘܚܬܗ ܕܬܘܒܠܩܝܢ ܢܥܡܐ.,13,"A Zila também nasceu um filho, Tubal-Caim, fabricante de todo instrumento cortante de cobre e de ferro; e a irmã de Tubal-Caim foi Naamá.",24,True,True,True
4,23,Gênesis 4:23,וַיֹּ֨אמֶר לֶ֜מֶךְ לְנָשָׁ֗יו עָדָ֤ה וְצִלָּה֙ שְׁמַ֣עַן קוֹלִ֔י נְשֵׁ֣י לֶ֔מֶךְ הַאְזֵ֖נָּה אִמְרָתִ֑י כִּ֣י אִ֤ישׁ הָרַ֨גְתִּי֙ לְפִצְעִ֔י וְיֶ֖לֶד לְחַבֻּרָתִֽי ׃,ויאמר למכ לנשיו עדה וצלה שמענ קולי נשי למכ האזנה אמרתי כי איש הרגתי לפצעי וילד לחברתי,18,ואמר למך לנשוהי עדה וצלה שמען קלי נשי למך אציתא לממרי לא גברא קטלית דבדילה אנא סביל חובין ואף לא עולימא חבלית דבדילה ישתיצי זרעי:,25,"εἶπεν δὲ Λάμεχ ταῖς ἑαυτοῦ γυναιξίν Ἀδὰ καὶ Σελλά, ἀκούσατέ μου τῆς φωνῆς· γυναῖκες Λάμεχ, ἐνωτίσασθέ μου τοὺς λόγους· ὅτι ἄνδρα ἀπέκτεινα εἰς τραῦμα ἐμοί, καὶ νεανίσκον εἰς μώλωπα ἐμοί·",30,ܘܐܡ̣ܪ ܠܡܟ ܠܢܫ̈ܘܗܝ. ܥܕܐ ܘܨܠܐ ܫܡܥܝܢ ܩܠܝ. ܢܫ̈ܝ ܠܡܟ ܨܘܬܝܢ ܠܡܐܡܪܝ. ܡܛܠ ܕܓܒܪܐ ܩ̇ܛܠܬ ܒܨ̈ܘܠܦܬܝ ܘܛܠܝܐ ܒܫ̈ܘܩܦܝ.,17,"Disse Lameque a suas mulheres: Ada e Zila, ouvi a minha voz; escutai, mulheres de Lameque, as minhas palavras; pois matei um homem por me ferir, e um mancebo por me pisar.",32,True,True,True
4,24,Gênesis 4:24,כִּ֥י שִׁבְעָתַ֖יִם יֻקַּם־ קָ֑יִן וְלֶ֖מֶךְ שִׁבְעִ֥ים וְשִׁבְעָֽה ׃,כי שבעתימ יקמ קינ ולמכ שבעימ ושבעה,8,ארי שבעא דרין איתלאו לקין הלא ללמך ברה שבעין ושבעא:,10,"ὅτι ἑπτάκις ἐκδεδίκηται ἐκ Κάιν, ἐκ δὲ Λάμεχ ἑβδομηκοντάκις ἑπτά.",10,ܡܛܠ ܕܚܕܒܫܒܥܐ ܢܬܦܪܥ ܩܐܝܢ. ܘܠܡܟ ܠܫܒܥܝܢ ܘܫܒܥܐ.,7,"Se Caim há de ser vingado sete vezes, com certeza Lameque o será setenta e sete vezes.",17,True,True,True
4,25,Gênesis 4:25,וַיֵּ֨דַע אָדָ֥ם עוֹד֙ אֶת־ אִשְׁתּ֔וֹ וַתֵּ֣לֶד בֵּ֔ן וַתִּקְרָ֥א אֶת־ שְׁמ֖וֹ שֵׁ֑ת כִּ֣י שָֽׁת־ לִ֤י אֱלֹהִים֙ זֶ֣רַע אַחֵ֔ר תַּ֣חַת הֶ֔בֶל כִּ֥י הֲרָג֖וֹ קָֽיִן ׃,וידע אדמ עוד את אשתו ותלד בנ ותקרא את שמו שת כי שת לי אלהימ זרע אחר תחת הבל כי הרגו קינ,23,וידע אדם עוד ית אתתה וילידת בר וקרת ית שמה שת ארי אמרת יהב לי יי בר אוחרן חלף הבל דקטלה קין:,22,"⸂⸆⸃ Ἔγνω δὲ Ἀδὰμ Εὕαν τὴν γυναῖκα αὐτοῦ, καὶ συλλαβοῦσα ἔτεκεν υἱόν. καὶ ἐπωνόμασεν τὸ ὄνομα αὐτοῦ Σὴθ λέγουσα Ἐξανέστησεν γάρ μοι ὁ θεὸς σπέρμα ἕτερον ἀντὶ Ἅβελ, ὃν ἀπέκτεινεν Κάιν.",31,ܘܚ̣ܟܡ ܐܕܡ ܬܘܒ ܠܚܘܐ ܐܢܬܬܗ. ܘܒܛܢ̣ܬ ܘܝܠ̣ܕܬ ܒܪܐ. ܘܩܪܬ ܫܡܗ ܫܝܬ. ܡܛܠ ܕܝܗ̣ܒ ܠܝ ܐܠܗܐ ܙܪܥܐ ܐܚܪܢܐ ܚܠܦ ܗܒܝܠ ܕܩܛܠܗ ܩܐܝܢ.,21,"Tornou Adão a conhecer sua mulher, e ela deu à luz um filho, a quem pôs o nome de Sete; porque, disse ela, Deus me deu outro filho em lugar de Abel; porquanto Caim o matou.",36,True,True,True
4,26,Gênesis 4:26,וּלְשֵׁ֤ת גַּם־ הוּא֙ יֻלַּד־ בֵּ֔ן וַיִּקְרָ֥א אֶת־ שְׁמ֖וֹ אֱנ֑וֹשׁ אָ֣ז הוּחַ֔ל לִקְרֹ֖א בְּשֵׁ֥ם יְהוָֽה ׃ פ,ולשת גמ הוא ילד בנ ויקרא את שמו אנוש אז הוחל לקרא בשמ יהוה פ,16,ולשת אף הוא אתיליד בר וקרא ית שמה אנוש בכן ביומוהי חלו בני אנשא מלצלאה בשמא דיי:,17,"καὶ τῷ Σὴθ ἐγένετο υἱός, ἐπωνόμασεν δὲ τὸ ὄνομα αὐτοῦ Ἐνώς· οὗτος ἤλπισεν ἐπικαλεῖσθαι τὸ ὄνομα Κυρίου τοῦ θεοῦ.",19,ܘܠܫܝܬ ܐܦ ܠܗ ܐܬܝܠܕ ܠܗ ܒܪܐ. ܘܩ̣ܪܐ ܫܡܗ ܐܢܘܫ. ܗܝܕܝܢ ܫ̇ܪܝ ܠܡܩܪܐ ܒܫܡܗ ܕܡܪܝܐ.,14,"A Sete também nasceu um filho, a quem pôs o nome de Enos. Foi nesse tempo, que os homens começaram a invocar o nome do Senhor.",26,True,True,True
5,1,Gênesis 5:1,זֶ֣ה סֵ֔פֶר תּוֹלְדֹ֖ת אָדָ֑ם בְּי֗וֹם בְּרֹ֤א אֱלֹהִים֙ אָדָ֔ם בִּדְמ֥וּת אֱלֹהִ֖ים עָשָׂ֥ה אֹתֽוֹ ׃,זה ספר תולדת אדמ ביומ ברא אלהימ אדמ בדמות אלהימ עשה אתו,13,דין ספר תולדת אדם ביומא דברא יי אדם בדמות אלהים עבד יתה:,12,"Αὕτη ἡ βίβλος γενέσεως ἀνθρώπων. ᾗ ἡμέρᾳ ἐποίησεν ὁ θεὸς τὸν Ἀδάμ, κατ᾽ εἰκόνα θεοῦ ἐποίησεν αὐτόν·",17,ܗܢܘ ܣܦܪ ܬ̈ܘܠܕܬܗ ܕܐܕܡ. ܒܝܘܡܐ ܕܒ̣ܪܐ ܐܠܗܐ ܠܐܕܡ ܒܕܡܘܬ ܐܠܗܐ ܒܪܝܗܝ.,11,"Este é o livro das gerações de Adão. No dia em que Deus criou o homem, à semelhança de Deus o fez.",22,True,True,True
5,2,Gênesis 5:2,זָכָ֥ר וּנְקֵבָ֖ה בְּרָאָ֑ם וַיְבָ֣רֶךְ אֹתָ֗ם וַיִּקְרָ֤א אֶת־ שְׁמָם֙ אָדָ֔ם בְּי֖וֹם הִבָּֽרְאָֽם ׃ ס,זכר ונקבה בראמ ויברכ אתמ ויקרא את שממ אדמ ביומ הבראמ ס,13,דכר ונוקבא בראנון ובריך יתהון וקרא ית שמהון אדם ביומא דאתבריאו:,11,"ἄρσεν καὶ θῆλυ ἐποίησεν αὐτούς, καὶ εὐλόγησεν αὐτούς. καὶ ἐπωνόμασεν τὸ ὄνομα αὐτῶν Ἀδάμ, ᾗ ἡμέρᾳ ἐποίησεν αὐτούς.",18,ܕܟܪ ܘܢܩܒܐ ܒ̣ܪܐ ܐܢܘܢ. ܘܒ̇ܪܟ ܐܢܘܢ ܐܠܗܐ . ܘܩ̣ܪܐ ܫܡܗܘܢ ܐܕܡ ܒܝܘܡܐ ܕܒ̣ܪܐ ܐܢܘܢ.,14,"Homem e mulher os criou; e os abençoou, e os chamou pelo nome de homem, no dia em que foram criados.",21,True,True,True
5,3,Gênesis 5:3,וַֽיְחִ֣י אָדָ֗ם שְׁלֹשִׁ֤ים וּמְאַת֙ שָׁנָ֔ה וַיּ֥וֹלֶד בִּדְמוּת֖וֹ כְּצַלְמ֑וֹ וַיִּקְרָ֥א אֶת־ שְׁמ֖וֹ שֵֽׁת ׃,ויחי אדמ שלשימ ומאת שנה ויולד בדמותו כצלמו ויקרא את שמו שת,13,וחיא אדם מאה ותלתין שנין ואוליד בדמותה דדמי לה וקרא ית שמה שת:,13,"ἔζησεν δὲ Ἀδὰμ διακόσια καὶ τριάκοντα ἔτη, καὶ ἐγέννησεν κατὰ τὴν εἰδέαν αὐτοῦ καὶ κατὰ τὴν εἰκόνα αὐτοῦ· καὶ ἐπωνόμασεν τὸ ὄνομα αὐτοῦ Σήθ.",24,ܘܚ̣ܝܐ ܐܕܡ ܡܐܐ ܘܬܠܬܝܢ ܫ̈ܢܝܢ. ܘܐܘܠܕ ܒܕܡܘܬܗ ܐܝܟ ܨܠܡܗ. ܘܩ̣ܪܐ ܫܡܗ ܫܝܬ.,12,"Adão viveu cento e trinta anos, e gerou um filho à sua semelhança, conforme a sua imagem, e pôs-lhe o nome de Sete.",23,True,True,True
5,4,Gênesis 5:4,וַיִּֽהְי֣וּ יְמֵי־ אָדָ֗ם אַֽחֲרֵי֙ הוֹלִיד֣וֹ אֶת־ שֵׁ֔ת שְׁמֹנֶ֥ה מֵאֹ֖ת שָׁנָ֑ה וַיּ֥וֹלֶד בָּנִ֖ים וּבָנֽוֹת ׃,ויהיו ימי אדמ אחרי הולידו את שת שמנה מאת שנה ויולד בנימ ובנות,14,והוו יומי אדם בתר דאוליד ית שת תמני מאה שנין ואוליד בנין ובנן:,13,"ἐγένοντο δὲ αἱ ἡμέραι Ἀδὰμ μετὰ τὸ γεννῆσαι αὐτὸν τὸν Σὴθ ἑπτακόσια ἔτη, καὶ ἐγέννησεν υἱοὺς καὶ θυγατέρας.",18,ܘܚ̣ܝܐ ܐܕܡ ܡܢ ܒܬܪ ܕܐܘܠܕ ܠܫܝܬ. ܬܡܢܡܐܐ ܫܢܝ̈ܢ. ܘܐܘܠܕ ܒܢܝ̈ܐ ܘܒܢ̈ܬܐ.,11,"E foram os dias de Adão, depois que gerou a Sete, oitocentos anos; e gerou filhos e filhas.",18,True,True,True
5,5,Gênesis 5:5,וַיִּֽהְי֞וּ כָּל־ יְמֵ֤י אָדָם֙ אֲשֶׁר־ חַ֔י תְּשַׁ֤ע מֵאוֹת֙ שָׁנָ֔ה וּשְׁלֹשִׁ֖ים שָׁנָ֑ה וַיָּמֹֽת ׃ ס,ויהיו כל ימי אדמ אשר חי תשע מאות שנה ושלשימ שנה וימת ס,14,והוו כל יומי אדם דחיא תשע מאה ותלתין שנין ומית:,10,"καὶ ἐγένοντο πᾶσαι αἱ ἡμέραι Ἀδὰμ ἃς ἔζησεν ἐννακόσια καὶ τριάκοντα ἔτη, καὶ ἀπέθανεν.",14,ܘܗܘܘ ܟܠ ܝܘܡ̈ܘܗܝ ܕܐܕܡ ܕܚ̣ܝܐ ܬܫܥܡܐܐ ܘܬܠܬܝܢ ܫܢܝ̈ܢ ܘܡܝܬ.,9,Todos os dias que Adão viveu foram novecentos e trinta anos; e morreu.,13,True,True,True
5,6,Gênesis 5:6,וַֽיְחִי־ שֵׁ֕ת חָמֵ֥שׁ שָׁנִ֖ים וּמְאַ֣ת שָׁנָ֑ה וַיּ֖וֹלֶד אֶת־ אֱנֽוֹשׁ ׃,ויחי שת חמש שנימ ומאת שנה ויולד את אנוש,10,וחיא שת מאה וחמש שנין ואוליד ית אנוש:,8,"Ἔζησεν δὲ Σὴθ διακόσια καὶ πέντε ἔτη, καὶ ἐγέννησεν τὸν Ἐνώς.",11,ܘܚ̣ܝܐ ܫܝܬ ܡܐܐ ܘܚܡܫ ܫ̈ܢܝܢ. ܘܐܘܠܕ ܠܐܢܘܫ.,7,"Sete viveu cento e cinco anos, e gerou a Enos.",10,True,True,True
5,7,Gênesis 5:7,וַֽיְחִי־ שֵׁ֗ת אַֽחֲרֵי֙ הוֹלִיד֣וֹ אֶת־ אֱנ֔וֹשׁ שֶׁ֣בַע שָׁנִ֔ים וּשְׁמֹנֶ֥ה מֵא֖וֹת שָׁנָ֑ה וַיּ֥וֹלֶד בָּנִ֖ים וּבָנֽוֹת ׃,ויחי שת אחרי הולידו את אנוש שבע שנימ ושמנה מאות שנה ויולד בנימ ובנות,15,וחיא שת בתר דאוליד ית אנוש תמני מאה ושבע שנין ואוליד בנין ובנן:,13,"καὶ ἔζησεν Σὴθ μετὰ τὸ γεννῆσαι αὐτὸν τὸν Ἐνὼς ἑπτακόσια καὶ ἑπτὰ ἔτη, καὶ ἐγέννησεν υἱοὺς καὶ θυγατέρας.",18,ܘܚ̣ܝܐ ܫܝܬ ܡܢ ܒܬܪ ܕܐܘܠܕ ܠܐܢܘܫ. ܬܡܢܡܐܐ ܘܫܒܥ ܫ̈ܢܝܢ. ܘܐܘ̣ܠܕ ܒ̈ܢܝܐ ܘܒܢ̈ܬܐ.,12,"Viveu Sete, depois que gerou a Enos, oitocentos e sete anos; e gerou filhos e filhas.",16,True,True,True
5,8,Gênesis 5:8,וַיִּֽהְיוּ֙ כָּל־ יְמֵי־ שֵׁ֔ת שְׁתֵּ֤ים עֶשְׂרֵה֙ שָׁנָ֔ה וּתְשַׁ֥ע מֵא֖וֹת שָׁנָ֑ה וַיָּמֹֽת ׃ ס,ויהיו כל ימי שת שתימ עשרה שנה ותשע מאות שנה וימת ס,13,והוו כל יומי שת תשע מאה ותרתי עשרי שנין ומית:,10,"καὶ ἐγένοντο πᾶσαι αἱ ἡμέραι Σὴθ ἐννακόσια δώδεκα ἔτη, καὶ ἀπέθανεν.",11,ܘܗܘܘ ܟܠ ܝܘܡ̈ܘܗܝ ܕܫܝܬ. ܬܫܥܡܐܐ ܘܬܪ̈ܬܥܣܪܐ ܫܢܝ̈ܢ ܘܡܝܬ.,8,Todos os dias de Sete foram novecentos e doze anos; e morreu.,12,True,True,True
5,9,Gênesis 5:9,וַֽיְחִ֥י אֱנ֖וֹשׁ תִּשְׁעִ֣ים שָׁנָ֑ה וַיּ֖וֹלֶד אֶת־ קֵינָֽן ׃,ויחי אנוש תשעימ שנה ויולד את קיננ,8,וחיא אנוש תשעין שנין ואוליד ית קינן:,7,"Καὶ ἔζησεν Ἐνὼς ἑκατὸν ἐνενήκοντα ἔτη, καὶ ἐγέννησεν τὸν Καινάν.",10,ܘܚ̣ܝܐ ܐܢܘܫ ܬܫܥܝܢ ܫ̈ܢܝܢ. ܘܐܘܠܕ ܠܩܝܢܢ.,6,"Enos viveu noventa anos, e gerou a Quenã.",8,True,True,True
5,10,Gênesis 5:10,וַֽיְחִ֣י אֱנ֗וֹשׁ אַֽחֲרֵי֙ הוֹלִיד֣וֹ אֶת־ קֵינָ֔ן חֲמֵ֤שׁ עֶשְׂרֵה֙ שָׁנָ֔ה וּשְׁמֹנֶ֥ה מֵא֖וֹת שָׁנָ֑ה וַיּ֥וֹלֶד בָּנִ֖ים וּבָנֽוֹת ׃,ויחי אנוש אחרי הולידו את קיננ חמש עשרה שנה ושמנה מאות שנה ויולד בנימ ובנות,16,וחיא אנוש בתר דאוליד ית קינן תמני מאה וחמש עשרי שנין ואוליד בנין ובנן:,14,"καὶ ἔζησεν Ἐνὼς μετὰ τὸ γεννῆσαι αὐτὸν τὸν Καινὰν ἑπτακόσια καὶ δέκα πέντε ἔτη, καὶ ἐγέννησεν υἱοὺς καὶ θυγατέρας.",19,ܘܚ̣ܝܐ̇ ܐܢܘܫ ܡܢ ܒܬܪ ܕܐ̇ܘܠܕ ܠܩܝܢܢ. ܬܡܢܡܐܐ ܘܚܡܫܥܣܪܐ ܫܢ̈ܝܢ. ܘܐܘܠܕ ܒ̈ܢܝܐ ܘܒܢ̈ܬܐ.,12,"viveu Enos, depois que gerou a Quenã, oitocentos e quinze anos; e gerou filhos e filhas.",16,True,True,True
5,11,Gênesis 5:11,וַיִּֽהְיוּ֙ כָּל־ יְמֵ֣י אֱנ֔וֹשׁ חָמֵ֣שׁ שָׁנִ֔ים וּתְשַׁ֥ע מֵא֖וֹת שָׁנָ֑ה וַיָּמֹֽת ׃ ס,ויהיו כל ימי אנוש חמש שנימ ותשע מאות שנה וימת ס,12,והוו כל יומי אנוש תשע מאה וחמש שנין ומית:,9,"καὶ ἐγένοντο πᾶσαι αἱ ἡμέραι Ἐνὼς ἐννακόσια καὶ πέντε ἔτη, καὶ ἀπέθανεν. ⸆",13,ܘܗܘܘ ܟܠ ܝܘܡ̈ܘܗܝ ܕܐܢܘܫ ܬܫܥܡܐܐ ܘܚܡܫ ܫܢ̈ܝܢ ܘܡܝܬ.,8,Todos os dias de Enos foram novecentos e cinco anos; e morreu.,12,True,True,True
5,12,Gênesis 5:12,וַֽיְחִ֥י קֵינָ֖ן שִׁבְעִ֣ים שָׁנָ֑ה וַיּ֖וֹלֶד אֶת־ מַֽהֲלַלְאֵֽל ׃,ויחי קיננ שבעימ שנה ויולד את מהללאל,8,וחיא קינן שבעין שנין ואוליד ית מהללאל:,7,"Καὶ ἔζησεν Καινὰν ἑκατὸν ἑβδομήκοντα ἔτη, καὶ ἐγέννησεν τὸν Μαλελεήλ.",10,ܘܚ̣ܝܐ ܩܝܢܢ ܫܒܥܝܢ ܫܢ̈ܝܢ. ܘܐܘܠܕ ܠܡܗܠܠܐܝܠ.,6,"Quenã viveu setenta anos, e gerou a Maalalel.",8,True,True,True
5,13,Gênesis 5:13,וַיְחִ֣י קֵינָ֗ן אַחֲרֵי֙ הוֹלִיד֣וֹ אֶת־ מַֽהֲלַלְאֵ֔ל אַרְבָּעִ֣ים שָׁנָ֔ה וּשְׁמֹנֶ֥ה מֵא֖וֹת שָׁנָ֑ה וַיּ֥וֹלֶד בָּנִ֖ים וּבָנֽוֹת ׃,ויחי קיננ אחרי הולידו את מהללאל ארבעימ שנה ושמנה מאות שנה ויולד בנימ ובנות,15,וחיא קינן בתר דאוליד ית מהללאל תמני מאה וארבעין שנין ואוליד בנין ובנן:,13,"καὶ ἔζησεν Καινὰν μετὰ τὸ γεννῆσαι αὐτὸν τὸν Μαλελεὴλ ἑπτακόσια καὶ τεσσεράκοντα ἔτη, καὶ ἐγέννησεν υἱοὺς καὶ θυγατέρας.",18,ܘܚ̣ܝܐ ܩܝܢܢ ܡܢ ܒܬܪ ܕܐܘܠܕ ܠܡܗܠܠܐܝܠ. ܬܡܢܡܐܐ ܘܐܪ̈ܒܥܝܢ ܫ̈ܢܝܢ. ܘܐܘܠܕ ܒ̈ܢܝܐ ܘܒܢ̈ܬܐ.,12,"Viveu Quenã, depois que gerou a Maalalel, oitocentos e quarenta anos, e gerou filhos e filhas.",16,True,True,True
5,14,Gênesis 5:14,וַיִּֽהְיוּ֙ כָּל־ יְמֵ֣י קֵינָ֔ן עֶ֣שֶׂר שָׁנִ֔ים וּתְשַׁ֥ע מֵא֖וֹת שָׁנָ֑ה וַיָּמֹֽת ׃ ס,ויהיו כל ימי קיננ עשר שנימ ותשע מאות שנה וימת ס,12,והוו כל יומי קינן תשע מאה ועשר שנין ומית:,9,"καὶ ἐγένοντο πᾶσαι αἱ ἡμέραι Καινὰν ἐννακόσια καὶ δέκα ἔτη, καὶ ἀπέθανεν.",12,ܘܗܘܘ ܟܘܠ ܝܘܡ̈ܘܗܝ ܕܩܝܢܢ. ܬܫܥܡܐܐ ܘܥܣܪ ܫ̈ܢܝܢ ܘܡ̣ܝܬ.,8,Todos os dias de Quenã foram novecentos e dez anos; e morreu.,12,True,True,True
5,15,Gênesis 5:15,וַֽיְחִ֣י מַֽהֲלַלְאֵ֔ל חָמֵ֥שׁ שָׁנִ֖ים וְשִׁשִּׁ֣ים שָׁנָ֑ה וַיּ֖וֹלֶד אֶת־ יָֽרֶד ׃,ויחי מהללאל חמש שנימ וששימ שנה ויולד את ירד,10,וחיא מהללאל שתין וחמש שנין ואוליד ית ירד:,8,"Καὶ ἔζησεν Μαλελεὴλ ἑκατὸν καὶ ἑξήκοντα πέντε ἔτη, καὶ ἐγέννησεν τὸν Ἰάρεδ.",12,ܘܚ̣ܝܐ ܡܗܠܠܐܝܠ ܫܬܝܢ ܘܚܡܫ ܫ̈ܢܝܢ. ܘܐܘܠܕ ܠܝܪܕ.,7,"Maalalel viveu sessenta e cinco anos, e gerou a Jarede.",10,True,True,True
5,16,Gênesis 5:16,וַֽיְחִ֣י מַֽהֲלַלְאֵ֗ל אַֽחֲרֵי֙ הוֹלִיד֣וֹ אֶת־ יֶ֔רֶד שְׁלֹשִׁ֣ים שָׁנָ֔ה וּשְׁמֹנֶ֥ה מֵא֖וֹת שָׁנָ֑ה וַיּ֥וֹלֶד בָּנִ֖ים וּבָנֽוֹת ׃,ויחי מהללאל אחרי הולידו את ירד שלשימ שנה ושמנה מאות שנה ויולד בנימ ובנות,15,וחיא מהללאל בתר דאוליד ית ירד תמני מאה ותלתין שנין ואוליד בנין ובנן:,13,"καὶ ἔζησεν Μαλελεὴλ μετὰ τὸ γεννῆσαι αὐτὸν τὸν Ἰάρεδ ἑπτακόσια καὶ τριάκοντα ἔτη, καὶ ἐγέννησεν υἱοὺς καὶ θυγατέρας.",18,ܘܚ̣ܝܐ ܡܗܠܠܐܝܠ ܡܢ ܒܬܪ ܕܐܘܠܕ ܠܝܪܕ ܬܡܢܡܐܐ ܘܬܠܬܝܢ ܫ̈ܢܝܢ. ܘܐܘܠܕ ܒ̈ܢܝܐ ܘܒܢ̈ܬܐ.,12,"Viveu Maalalel, depois que gerou a Jarede, oitocentos e trinta anos; e gerou filhos e filhas.",16,True,True,True
5,17,Gênesis 5:17,וַיִּהְיוּ֙ כָּל־ יְמֵ֣י מַהֲלַלְאֵ֔ל חָמֵ֤שׁ וְתִשְׁעִים֙ שָׁנָ֔ה וּשְׁמֹנֶ֥ה מֵא֖וֹת שָׁנָ֑ה וַיָּמֹֽת ׃ ס,ויהיו כל ימי מהללאל חמש ותשעימ שנה ושמנה מאות שנה וימת ס,13,והוו כל יומי מהללאל תמני מאה ותשעין וחמש שנין ומית:,10,"καὶ ἐγένοντο πᾶσαι αἱ ἡμέραι Μαλελεὴλ ὀκτακόσια καὶ ἐνενήκοντα πέντε ἔτη, καὶ ἀπέθανεν.",13,ܘܗܘܘ ܟܠ ܝܘܡ̈ܘܗܝ ܕܡܗܠܠܐܝܠ. ܬܡܢܡܐܐ ܘܬܫܥܝܢ ܘܚܡܫ ܫ̈ܢܝܢ ܘܡܝܬ.,9,Todos os dias de Maalalel foram oitocentos e noventa e cinco anos; e morreu.,14,True,True,True
5,18,Gênesis 5:18,וַֽיְחִי־ יֶ֕רֶד שְׁתַּ֧יִם וְשִׁשִּׁ֛ים שָׁנָ֖ה וּמְאַ֣ת שָׁנָ֑ה וַיּ֖וֹלֶד אֶת־ חֲנֽוֹךְ ׃,ויחי ירד שתימ וששימ שנה ומאת שנה ויולד את חנוכ,11,וחיא ירד מאה ושתין ותרתין שנין ואוליד ית חנוך:,9,"⸂⸆⸃ Καὶ ἔζησεν Ἰάρεδ ἑκατὸν καὶ ἑξήκοντα δύο ἔτη, καὶ ἐγέννησεν τὸν Ἑνώχ.",13,ܘܚܝܐ ܝܪܕ ܡܐܐ ܘܫܬܝܢ ܘܬܪ̈ܬܝܢ ܫܢܝ̈ܢ. ܘܐܘܠܕ ܠܚܢܘܟ.,8,"Jarede viveu cento e sessenta e dois anos, e gerou a Enoque.",12,True,True,True
5,19,Gênesis 5:19,וַֽיְחִי־ יֶ֗רֶד אַֽחֲרֵי֙ הוֹלִיד֣וֹ אֶת־ חֲנ֔וֹךְ שְׁמֹנֶ֥ה מֵא֖וֹת שָׁנָ֑ה וַיּ֥וֹלֶד בָּנִ֖ים וּבָנֽוֹת ׃,ויחי ירד אחרי הולידו את חנוכ שמנה מאות שנה ויולד בנימ ובנות,13,וחיא ירד בתר דאוליד ית חנוך תמני מאה שנין ואוליד בנין ובנן:,12,"καὶ ἔζησεν Ἰάρεδ μετὰ τὸ γεννῆσαι αὐτὸν τὸν Ἑνὼχ ὀκτακόσια ἔτη, καὶ ἐγέννησεν υἱοὺς καὶ θυγατέρας.",16,ܘܚ̣ܝܐ ܝܪܕ ܡܢ ܒܬܪ ܕܐܘܠܕ ܠܚܢܘܟ. ܬܡܢܡܐܐ ܫ̈ܢܝܢ. ܘܐܘܠܕ ܒ̈ܢܝܐ ܘܒܢ̈ܬܐ.,11,"Viveu Jarede, depois que gerou a Enoque, oitocentos anos; e gerou filhos e filhas.",14,True,True,True
5,20,Gênesis 5:20,וַיִּֽהְיוּ֙ כָּל־ יְמֵי־ יֶ֔רֶד שְׁתַּ֤יִם וְשִׁשִּׁים֙ שָׁנָ֔ה וּתְשַׁ֥ע מֵא֖וֹת שָׁנָ֑ה וַיָּמֹֽת ׃ פ,ויהיו כל ימי ירד שתימ וששימ שנה ותשע מאות שנה וימת פ,13,והוו כל יומי ירד תשע מאה ושתין ותרתין שנין ומית:,10,"καὶ ἐγένοντο πᾶσαι αἱ ἡμέραι Ἰάρεδ ἐννακόσια καὶ ἑξήκοντα δύο ἔτη, καὶ ἀπέθανεν.",13,ܘܗܘܘ ܟܠ ܝܘܡ̈ܘܗܝ ܕܝܪܕ. ܬܫܥܡܐܐ ܘܫܬܝܢ ܘܬܪ̈ܬܝܢ ܫ̈ܢܝܢ ܘܡܝܬ.,9,Todos os dias de Jarede foram novecentos e sessenta e dois anos; e morreu.,14,True,True,True
5,21,Gênesis 5:21,וַֽיְחִ֣י חֲנ֔וֹךְ חָמֵ֥שׁ וְשִׁשִּׁ֖ים שָׁנָ֑ה וַיּ֖וֹלֶד אֶת־ מְתוּשָֽׁלַח ׃,ויחי חנוכ חמש וששימ שנה ויולד את מתושלח,9,וחיא חנוך שתין וחמש שנין ואוליד ית מתושלח:,8,"Καὶ ἔζησεν Ἑνὼχ ἑκατὸν καὶ ἑξήκοντα πέντε ἔτη, καὶ ἐγέννησεν τὸν Μαθουσάλα.",12,ܘܚ̣ܝܐ ܚܢܘܟ ܫܬܝܢ ܘܚܡܫ ܫ̈ܢܝܢ. ܘܐܘܠܕ ܠܡܬܘܫܠܚ.,7,"Enoque viveu sessenta e cinco anos, e gerou a Matusalém.",10,True,True,True
5,22,Gênesis 5:22,וַיִּתְהַלֵּ֨ךְ חֲנ֜וֹךְ אֶת־ הָֽאֱלֹהִ֗ים אַֽחֲרֵי֙ הוֹלִיד֣וֹ אֶת־ מְתוּשֶׁ֔לַח שְׁלֹ֥שׁ מֵא֖וֹת שָׁנָ֑ה וַיּ֥וֹלֶד בָּנִ֖ים וּבָנֽוֹת ׃,ויתהלכ חנוכ את האלהימ אחרי הולידו את מתושלח שלש מאות שנה ויולד בנימ ובנות,15,והליך חנוך בדחלתא דיי בתר דאוליד ית מתושלח תלת מאה שנין ואוליד בנין ובנן:,14,"εὐηρέστησεν δὲ Ἑνὼχ τῷ θεῷ μετὰ τὸ γεννῆσαι αὐτὸν τὸν Μαθουσάλα διακόσια ἔτη, καὶ ἐγέννησεν υἱοὺς καὶ θυγατέρας.",18,ܘܫܦ̣ܪ ܚܢܘܟ ܠܐܠܗܐ ܡܢ ܒܬܪ ܕܐܘܠܕ ܠܡܬܘܫܠܚ. ܬܠܬܡܐܐ ܫ̈ܢܝܢ. ܘܐܘܠܕ ܒ̈ܢܝܐ ܘܒܢ̈ܬܐ.,12,"Andou Enoque com Deus, depois que gerou a Matusalém, trezentos anos; e gerou filhos e filhas.",16,True,True,True
5,23,Gênesis 5:23,וַיְהִ֖י כָּל־ יְמֵ֣י חֲנ֑וֹךְ חָמֵ֤שׁ וְשִׁשִּׁים֙ שָׁנָ֔ה וּשְׁלֹ֥שׁ מֵא֖וֹת שָׁנָֽה ׃,ויהי כל ימי חנוכ חמש וששימ שנה ושלש מאות שנה,11,והוה כל יומי חנוך תלת מאה ושתין וחמש שנין:,9,καὶ ἐγένοντο πᾶσαι αἱ ἡμέραι Ἑνὼχ τριακόσια ἑξήκοντα πέντε ἔτη.,10,ܘܗܘܘ ܟܠ ܝܘܡ̈ܘܗܝ ܕܚܢܘܟ. ܬܠܬܡܐܐ ܘܫܬܝܢ ܘܚܡܫ ܫ̈ܢܝܢ.,8,Todos os dias de Enoque foram trezentos e sessenta e cinco anos;,12,True,True,True
5,24,Gênesis 5:24,וַיִּתְהַלֵּ֥ךְ חֲנ֖וֹךְ אֶת־ הָֽאֱלֹהִ֑ים וְאֵינֶ֕נּוּ כִּֽי־ לָקַ֥ח אֹת֖וֹ אֱלֹהִֽים ׃ פ,ויתהלכ חנוכ את האלהימ ואיננו כי לקח אתו אלהימ פ,11,והליך חנוך בדחלתא דיי וליתוהי ארי אמית יתה יי:,9,"καὶ εὐηρέστησεν Ἑνὼχ τῷ θεῷ· καὶ οὐχ ηὑρίσκετο, διότι μετέθηκεν αὐτὸν ὁ θεός.",13,ܘܫܦ̣ܪ ܚܢܘܟ ܠܐܠܗܐ ܘܠܝܬܘܗܝ. ܡܛܠ ܕܢܣܒܗ ܐܠܗܐ.,7,"Enoque andou com Deus; e não apareceu mais, porquanto Deus o tomou.",12,True,True,True
5,25,Gênesis 5:25,וַיְחִ֣י מְתוּשֶׁ֔לַח שֶׁ֧בַע וּשְׁמֹנִ֛ים שָׁנָ֖ה וּמְאַ֣ת שָׁנָ֑ה וַיּ֖וֹלֶד אֶת־ לָֽמֶךְ ׃,ויחי מתושלח שבע ושמנימ שנה ומאת שנה ויולד את למכ,11,וחיא מתושלח מאה ותמנין ושבע שנין ואוליד ית למך:,9,"Καὶ ἔζησεν Μαθουσάλα ἑκατὸν καὶ ὀγδοήκοντα ἑπτὰ ἔτη, καὶ ἐγέννησεν τὸν Λάμεχ.",12,ܘܚܝܐ ܡܬܘܫܠܚ ܡܐܐ ܘܬܡܢܐܝܢ ܘܫܒܥ ܫܢ̈ܝܢ. ܘܐܘܠܕ ܠܠܡܟ.,8,"Matusalém viveu cento e oitenta e sete anos, e gerou a Lameque.",12,True,True,True
5,26,Gênesis 5:26,וַֽיְחִ֣י מְתוּשֶׁ֗לַח אַֽחֲרֵי֙ הוֹלִיד֣וֹ אֶת־ לֶ֔מֶךְ שְׁתַּ֤יִם וּשְׁמוֹנִים֙ שָׁנָ֔ה וּשְׁבַ֥ע מֵא֖וֹת שָׁנָ֑ה וַיּ֥וֹלֶד בָּנִ֖ים וּבָנֽוֹת ׃,ויחי מתושלח אחרי הולידו את למכ שתימ ושמונימ שנה ושבע מאות שנה ויולד בנימ ובנות,16,וחיא מתושלח בתר דאוליד ית למך שבע מאה ותמנין ותרתין שנין ואוליד בנין ובנן:,14,"καὶ ἔζησεν Μαθουσάλα μετὰ τὸ γεννῆσαι αὐτὸν τὸν Λάμεχ ἑπτακόσια καὶ ὀγδοήκοντα δύο ἔτη, καὶ ἐγέννησεν υἱοὺς καὶ θυγατέρας.",19,ܘܚ̣ܝܐ ܡܬܘܫܠܚ ܡܢ ܒܬܪ ܕܐܘܠܕ ܠܠܡܟ. ܫܒܥܡܐܐ ܘܬܡܢܐܝܢ ܘܬܪ̈ܬܝܢ ܫ̈ܢܝܢ. ܘܐܘܠܕ ܒ̈ܢܝܐ ܘܒܢ̈ܬܐ.,13,"Viveu Matusalém, depois que gerou a Lameque, setecentos e oitenta e dois anos; e gerou filhos e filhas.",18,True,True,True
5,27,Gênesis 5:27,וַיִּהְיוּ֙ כָּל־ יְמֵ֣י מְתוּשֶׁ֔לַח תֵּ֤שַׁע וְשִׁשִּׁים֙ שָׁנָ֔ה וּתְשַׁ֥ע מֵא֖וֹת שָׁנָ֑ה וַיָּמֹֽת ׃ פ,ויהיו כל ימי מתושלח תשע וששימ שנה ותשע מאות שנה וימת פ,13,והוו כל יומי מתושלח תשע מאה ושתין ותשע שנין ומית:,10,"καὶ ἐγένοντο πᾶσαι αἱ ἡμέραι Μαθουσάλα ἃς ἔζησεν ἐννακόσια καὶ ἑξήκοντα ἐννέα ἔτη, καὶ ἀπέθανεν.",15,ܘܗܘܘ ܟܠ ܝܘܡ̈ܘܗܝ ܕܡܬܘܫܠܚ. ܬܫܥܡܐܐ ܘܫܬܝܢ ܘܬܫܥ ܫ̈ܢܝܢ ܘܡܝܬ.,9,Todos os dias de Matusalém foram novecentos e sessenta e nove anos; e morreu.,14,True,True,True
5,28,Gênesis 5:28,וַֽיְחִי־ לֶ֕מֶךְ שְׁתַּ֧יִם וּשְׁמֹנִ֛ים שָׁנָ֖ה וּמְאַ֣ת שָׁנָ֑ה וַיּ֖וֹלֶד בֵּֽן ׃,ויחי למכ שתימ ושמנימ שנה ומאת שנה ויולד בנ,10,וחיא למך מאה ותמנין ותרתין שנין ואוליד בר:,8,"Καὶ ἔζησεν Λάμεχ ἑκατὸν ὀγδοήκοντα ὀκτὼ ἔτη, καὶ ἐγέννησεν υἱόν.",10,ܘܚ̣ܝܐ ܠܡܟ ܡܐܐ ܘܬܡܢܐܝܢ ܘܬܪ̈ܬܝܢ ܫ̈ܢܝܢ. ܘܐܘܠܕ ܒܪܐ.,8,"Lameque viveu cento e oitenta e dois anos, e gerou um filho,",12,True,True,True
5,29,Gênesis 5:29,וַיִּקְרָ֧א אֶת־ שְׁמ֛וֹ נֹ֖חַ לֵאמֹ֑ר זֶ֞֠ה יְנַחֲמֵ֤נוּ מִֽמַּעֲשֵׂ֨נוּ֙ וּמֵעִצְּב֣וֹן יָדֵ֔ינוּ מִן־ הָ֣אֲדָמָ֔ה אֲשֶׁ֥ר אֵֽרְרָ֖הּ יְהוָֽה ׃,ויקרא את שמו נח לאמר זה ינחמנו ממעשנו ומעצבונ ידינו מנ האדמה אשר אררה יהוה,16,וקרא ית שמה נח למימר דין ינחמננא מעובדנא ומלאות ידנא מן ארעא די לטטה יי:,15,καὶ ἐπωνόμασεν τὸ ὄνομα αὐτοῦ Νῶε λέγων Οὗτος διαναπαύσει ἡμᾶς ἀπὸ τῶν ἔργων ἡμῶν καὶ ἀπὸ τῶν λυπῶν τῶν χειρῶν ἡμῶν ⸆ καὶ ἀπὸ τῆς γῆς ἧς κατηράσατο Κύριος ὁ θεός.,31,ܘܩ̣ܪܐ ܫܡܗ ܢܘܚ. ܘܐܡ̣ܪ. ܗܢܐ ܢܒܝܐܢ ܡܢ ܥܒ̈ܕܝܢ ܘܡܢ ܥܡܠܐ ܕܐ̈ܝܕܝܢ. ܘܡܢ ܐܪܥܐ ܕܠܛܗ̇ ܡܪܝܐ.,15,"a quem chamou Noé, dizendo: Este nos consolará acerca de nossas obras e do trabalho de nossas mãos, os quais provêm da terra que o Senhor amaldiçoou.",27,True,True,True
5,30,Gênesis 5:30,וַֽיְחִי־ לֶ֗מֶךְ אַֽחֲרֵי֙ הוֹלִיד֣וֹ אֶת־ נֹ֔חַ חָמֵ֤שׁ וְתִשְׁעִים֙ שָׁנָ֔ה וַחֲמֵ֥שׁ מֵאֹ֖ת שָׁנָ֑ה וַיּ֥וֹלֶד בָּנִ֖ים וּבָנֽוֹת ׃,ויחי למכ אחרי הולידו את נח חמש ותשעימ שנה וחמש מאת שנה ויולד בנימ ובנות,16,וחיא למך בתר דאוליד ית נח חמש מאה ותשעין וחמש שנין ואוליד בנין ובנן:,14,"καὶ ἔζησεν Λάμεχ μετὰ τὸ γεννῆσαι αὐτὸν τὸν Νῶε πεντακόσια καὶ ἑξήκοντα πέντε ἔτη, καὶ ἐγέννησεν υἱοὺς καὶ θυγατέρας.",19,ܘܚ̣ܝܐ ܠܡܟ ܡܢ ܒܬܪ ܕܐܘܠܕ ܠܢܘܚ. ܚܡܫܡܐܐ ܘܬܫܥܝܢ ܘܚܡܫ ܫ̈ܢܝܢ. ܘܐܘܠܕ ܒܢܝ̈ܐ ܘܒܢ̈ܬܐ.,13,"Viveu Lameque, depois que gerou a Noé, quinhentos e noventa e cinco anos; e gerou filhos e filhas.",18,True,True,True
5,31,Gênesis 5:31,וַֽיְהִי֙ כָּל־ יְמֵי־ לֶ֔מֶךְ שֶׁ֤בַע וְשִׁבְעִים֙ שָׁנָ֔ה וּשְׁבַ֥ע מֵא֖וֹת שָׁנָ֑ה וַיָּמֹֽת ׃ ס,ויהי כל ימי למכ שבע ושבעימ שנה ושבע מאות שנה וימת ס,13,והוו כל יומי למך שבע מאה ושבעין ושבע שנין ומית:,10,"καὶ ἐγένοντο πᾶσαι αἱ ἡμέραι Λάμεχ ἑπτακόσια καὶ πεντήκοντα τρία ἔτη, καὶ ἀπέθανεν.",13,ܘܗܘܘ ܟܠ ܝܘܡ̈ܘܗܝ ܕܠܡܟ. ܫܒܥܡܐܐ ܘܫܒܥܝܢ ܘܫܒܥ ܫ̈ܢܝܢ ܘܡܝܬ.,9,Todos os dias de Lameque foram setecentos e setenta e sete anos; e morreu.,14,True,True,True
5,32,Gênesis 5:32,וַֽיְהִי־ נֹ֕חַ בֶּן־ חֲמֵ֥שׁ מֵא֖וֹת שָׁנָ֑ה וַיּ֣וֹלֶד נֹ֔חַ אֶת־ שֵׁ֖ם אֶת־ חָ֥ם וְאֶת־ יָֽפֶת ׃,ויהי נח בנ חמש מאות שנה ויולד נח את שמ את חמ ואת יפת,15,והוה נח בר חמש מאה שנין ואוליד נח ית שם ית חם וית יפת:,14,,0,ܘܗܘ̣ܐ ܢܘܚ ܒܪ ܚܡܫܡܐܐ ܫ̈ܢܝܢ. ܘܐܘܠܕ ܢܘܚ ܠܫܝܡ ܘܠܚܡ ܘܠܝܦܬ.,10,"E era Noé da idade de quinhentos anos; e gerou Noé a Sem, Cam e Jafé.",16,True,False,True
6,1,Gênesis 6:1,וַֽיְהִי֙ כִּֽי־ הֵחֵ֣ל הָֽאָדָ֔ם לָרֹ֖ב עַל־ פְּנֵ֣י הָֽאֲדָמָ֑ה וּבָנ֖וֹת יֻלְּד֥וּ לָהֶֽם ׃,ויהי כי החל האדמ לרב על פני האדמה ובנות ילדו להמ,12,והוה כד שריאו בני אנשא למסגי על אפי ארעא ובנתא אתילידו להון:,12,"Καὶ ἦν Νῶε ἐτῶν πεντακοσίων, καὶ ἐγέννησεν Νῶε τρεῖς υἱούς, τὸν Σήμ, τὸν Χάμ, τὸν Ἰάφεθ. Καὶ ἐγένετο ἡνίκα ἤρξαντο οἱ ἄνθρωποι πολλοὶ γίνεσθαι ἐπὶ τῆς γῆς, καὶ θυγατέρες ἐγενήθησαν αὐτοῖς·",31,ܘܗܘܐ ܕܟܕ ܫܪܝܘ ܒܢ̈ܝ ܐܢܫܐ ܠܡܣܓܐ ܥܠ ܐ̈ܦܝ ܐܪܥܐ. ܘܒܢܬ̈ܐ ܐܬܝܠܕ ܠܗܘܢ.,12,"Sucedeu que, quando os homens começaram a multiplicar-se sobre a terra, e lhes nasceram filhas,",15,True,True,True
6,2,Gênesis 6:2,וַיִּרְא֤וּ בְנֵי־ הָֽאֱלֹהִים֙ אֶת־ בְּנ֣וֹת הָֽאָדָ֔ם כִּ֥י טֹבֹ֖ת הֵ֑נָּה וַיִּקְח֤וּ לָהֶם֙ נָשִׁ֔ים מִכֹּ֖ל אֲשֶׁ֥ר בָּחָֽרוּ ׃,ויראו בני האלהימ את בנות האדמ כי טבת הנה ויקחו להמ נשימ מכל אשר בחרו,16,וחזו בני רברביא ית בנת אנשא ארי שפירן אנון ונסיבו להון נשין מכל די אתרעיאו:,15,"ἰδόντες δὲ οἱ ἄγγελοι τοῦ θεοῦ τὰς θυγατέρας τῶν ἀνθρώπων ὅτι καλαί εἰσιν, ἔλαβον ἑαυτοῖς γυναῖκας ἀπὸ πασῶν ὧν ἐξελέξαντο.",20,ܚܙܘ ܒܢ̈ܝ ܐܠܘܗܝܡ ܠܒܢ̈ܬ ܐܢܫܐ ܕܫܦܝܪ̈ܢ ܐܢܝ̈ܢ. ܘܢܣܒܘ ܐ̈ܢܝܢ ܠܗܘܢ ܢܫ̈ܐ. ܡܢ ܟܠ ܕܓܒܘ.,14,viram os filhos de Deus que as filhas dos homens eram formosas; e tomaram para si mulheres de todas as que escolheram.,22,True,True,True
6,3,Gênesis 6:3,וַיֹּ֣אמֶר יְהוָ֗ה לֹֽא־ יָד֨וֹן רוּחִ֤י בָֽאָדָם֙ לְעֹלָ֔ם בְּשַׁגַּ֖ם ה֣וּא בָשָׂ֑ר וְהָי֣וּ יָמָ֔יו מֵאָ֥ה וְעֶשְׂרִ֖ים שָׁנָֽה ׃,ויאמר יהוה לא ידונ רוחי באדמ לעלמ בשגמ הוא בשר והיו ימיו מאה ועשרימ שנה,16,ואמר יי לא יתקים דרא בישא הדין קדמי לעלם בדיל דאנון בשרא ועובדיהון בישיא ארכא יהיבת להון מאה ועשרין שנין אם יתובון:,22,"καὶ εἶπεν Κύριος ὁ θεός Οὐ μὴ καταμείνῃ τὸ πνεῦμά μου ἐν τοῖς ἀνθρώποις τούτοις εἰς τὸν αἰῶνα, διὰ τὸ εἶναι αὐτοὺς σάρκας· ἔσονται δὲ αἱ ἡμέραι αὐτῶν ἑκατὸν εἴκοσι ἔτη.",31,ܘܐܡ̣ܪ ܡܪܝܐ. ܠܐ ܬܥܡ̣ܪ ܪܘܚܝ ܒܐܢܫܐ ܠܥܠܡ. ܡܛܠ ܕܒܣܪܐ ܗܘ. ܘܢܗܘܘܢ ܝܘܡ̈ܬܗ ܡܐܐ ܘܥܣܪ̈ܝܢ ܫ̈ܢܝܢ.,15,"Então disse o Senhor: O meu Espírito não permanecerá para sempre no homem, porquanto ele é carne, mas os seus dias serão cento e vinte anos.",26,True,True,True
6,4,Gênesis 6:4,הַנְּפִלִ֞ים הָי֣וּ בָאָרֶץ֮ בַּיָּמִ֣ים הָהֵם֒ וְגַ֣ם אַֽחֲרֵי־ כֵ֗ן אֲשֶׁ֨ר יָבֹ֜אוּ בְּנֵ֤י הָֽאֱלֹהִים֙ אֶל־ בְּנ֣וֹת הָֽאָדָ֔ם וְיָלְד֖וּ לָהֶ֑ם הֵ֧מָּה הַגִּבֹּרִ֛ים אֲשֶׁ֥ר מֵעוֹלָ֖ם אַנְשֵׁ֥י הַשֵּֽׁם ׃ פ,הנפלימ היו בארצ בימימ ההמ וגמ אחרי כנ אשר יבאו בני האלהימ אל בנות האדמ וילדו להמ המה הגברימ אשר מעולמ אנשי השמ פ,25,גבריא הוו בארעא ביומיא האנון ואף בתר כן די יעלון בני רברביא לות בנת אנשא וילידן להון אנון גבריא דמעלמא אנשין דשמא:,22,"οἱ δὲ γίγαντες ἦσαν ἐπὶ τῆς γῆς ἐν ⸂⸆⸃ ταῖς ἡμέραις ἐκείναις, καὶ μετ᾽ ἐκεῖνο ὡς ἂν εἰσεπορεύοντο οἱ υἱοὶ τοῦ θεοῦ πρὸς τὰς θυγατέρας τῶν ἀνθρώπων, καὶ ἐγεννῶσαν ἑαυτοῖς· ἐκεῖνοι ἦσαν οἱ γίγαντες οἱ ἀπ᾽ αἰῶνος, οἱ ἄνθρωποι οἱ ὀνομαστοί.",41,ܘܓܢܒܪ̈ܐ ܗܘܘ ܒܐܪܥܐ ܒܝܘ̈ܡܬܐ ܗ̇ܢܘܢ. ܘܐܦ ܡܢ ܒܬܪܟܢ. ܡܛܠ ܕܥܠܘ ܒܢ̈ܝ ܐܠܘܗܝܡ ܥܠ ܒܢ̈ܬ ܐܢܫܐ. ܘܝܠܕ ܠܗܘܢ ܓܢܒܪ̈ܐ ܕܡܢ ܥܠܡ ܓܢܒܪ̈ܐ ܕܫܡ̈ܗܬܐ.,22,"Naqueles dias estavam os nefilins na terra, e também depois, quando os filhos de Deus conheceram as filhas dos homens, as quais lhes deram filhos. Esses nefilins eram os valentes, os homens de renome, que houve na antigüidade.",38,True,True,True
6,5,Gênesis 6:5,וַיַּ֣רְא יְהוָ֔ה כִּ֥י רַבָּ֛ה רָעַ֥ת הָאָדָ֖ם בָּאָ֑רֶץ וְכָל־ יֵ֨צֶר֙ מַחְשְׁבֹ֣ת לִבּ֔וֹ רַ֥ק רַ֖ע כָּל־ הַיּֽוֹם ׃,וירא יהוה כי רבה רעת האדמ בארצ וכל יצר מחשבת לבו רק רע כל היומ,16,וחזא יי ארי סגיאת בישת אנשא בארעא וכל יצרא מחשבת לבה לחוד ביש כל יומא:,15,"ἰδὼν δὲ Κύριος ὁ θεὸς ὅτι ἐπληθύνθησαν αἱ κακίαι τῶν ἀνθρώπων ἐπὶ τῆς γῆς, καὶ πᾶς τις διανοεῖται ἐν τῇ καρδίᾳ αὐτοῦ ἐπιμελῶς ἐπὶ τὰ πονηρὰ πάσας τὰς ἡμέρας·",29,ܘܚ̣ܙܐ ܡܪܝܐ ܕܣ̣ܓܝܬ ܒܝܫܬܐ ܕܐܢܫܐ ܒܐܪܥܐ. ܘܟܠ ܝܨܪܐ ܕܡܚܫܒܬܐ ܕܠܒܗ ܒܝܫ ܒܟܠ ܝܘܡ.,13,"Viu o Senhor que era grande a maldade do homem na terra, e que toda a imaginação dos pensamentos de seu coração era má continuamente.",25,True,True,True
6,6,Gênesis 6:6,וַיִּנָּ֣חֶם יְהוָ֔ה כִּֽי־ עָשָׂ֥ה אֶת־ הָֽאָדָ֖ם בָּאָ֑רֶץ וַיִּתְעַצֵּ֖ב אֶל־ לִבּֽוֹ ׃,וינחמ יהוה כי עשה את האדמ בארצ ויתעצב אל לבו,11,ותב יי במימרה ארי עבד ית אנשא בארעא ואמר במימרה למתבר תקפהון כרעותה:,13,"καὶ ἐνεθυμήθη ὁ θεὸς ὅτι ἐποίησεν τὸν ἄνθρωπον ἐπὶ τῆς γῆς, καὶ διενοήθη.",13,ܘܐܬܬܘܚ ܡܪܝܐ ܥܠ ܕܥܒ̣ܕ ܠܐܕܡ ܒܐܪܥܐ. ܘܟ̣ܪܝܬ ܒܠܒܗ.,8,"Então arrependeu-se o Senhor de haver feito o homem na terra, e isso lhe pesou no coração",17,True,True,True
6,7,Gênesis 6:7,וַיֹּ֣אמֶר יְהוָ֗ה אֶמְחֶ֨ה אֶת־ הָאָדָ֤ם אֲשֶׁר־ בָּרָ֨אתִי֙ מֵעַל֙ פְּנֵ֣י הָֽאֲדָמָ֔ה מֵֽאָדָם֙ עַד־ בְּהֵמָ֔ה עַד־ רֶ֖מֶשׂ וְעַד־ ע֣וֹף הַשָּׁמָ֑יִם כִּ֥י נִחַ֖מְתִּי כִּ֥י עֲשִׂיתִֽם ׃,ויאמר יהוה אמחה את האדמ אשר בראתי מעל פני האדמה מאדמ עד בהמה עד רמש ועד עופ השמימ כי נחמתי כי עשיתמ,23,ואמר יי אמחי ית אנשא די בראתי מעל אפי ארעא מאנשא עד בעירא עד ריחשא ועד עופא דשמיא ארי תבית במימרי ארי עבדתנון:,23,"καὶ εἶπεν ὁ θεός Ἀπαλείψω τὸν ἄνθρωπον ὃν ἐποίησα ἀπὸ προσώπου τῆς γῆς, ἀπὸ ἀνθρώπου ἕως κτήνους καὶ ἀπὸ ἑρπετῶν ἕως τῶν πετεινῶν τοῦ οὐρανοῦ· ὅτι ἐθυμώθην ὅτι ἐποίησα αὐτούς.",30,ܘܐܡ̣ܪ ܡܪܝܐ. ܐܥܛܐ ܠܒ̈ܢܝ ܐܢܫܐ ܕܒ̇ܪܝܬ ܡܢ ܐ̈ܦܝ ܐܪܥܐ. ܡܢ ܒܢ̈ܝ ܐܢܫܐ ܘܥܕܡܐ ܠܒܥܝܪ̈ܐ. ܘܥܕܡܐ ܠܪܚܫܐ ܘܥܕܡܐ ܠܦܪܚܬܐ ܕܫܡܝܐ. ܡܛܠ ܕܐܬܬܘܚܬ ܕܥܒ̇ܕܬ ܐܢܘܢ.,23,"E disse o Senhor: Destruirei da face da terra o homem que criei, tanto o homem como o animal, os répteis e as aves do céu; porque me arrependo de os haver feito.",33,True,True,True
6,8,Gênesis 6:8,וְנֹ֕חַ מָ֥צָא חֵ֖ן בְּעֵינֵ֥י יְהוָֽה ׃ פ,ונח מצא חנ בעיני יהוה פ,7,ונח אשכח רחמין קדם יי:,5,Νῶε δὲ εὗρεν χάριν ἐναντίον Κυρίου τοῦ θεοῦ.,8,ܘܢܘܚ ܐܫܟܚ ܪ̈ܚܡܐ ܒܥܝܢ̈ܝ ܡܪܝܐ.,5,"Noé, porém, achou graça aos olhos do Senhor.",8,True,True,True
6,9,Gênesis 6:9,אֵ֚לֶּה תּוֹלְדֹ֣ת נֹ֔חַ נֹ֗חַ אִ֥ישׁ צַדִּ֛יק תָּמִ֥ים הָיָ֖ה בְּדֹֽרֹתָ֑יו אֶת־ הָֽאֱלֹהִ֖ים הִֽתְהַלֶּךְ־ נֹֽחַ ׃,אלה תולדת נח נח איש צדיק תמימ היה בדרתיו את האלהימ התהלכ נח,14,אלין תולדת נח נח גבר זכאי שלים הוה בדרוהי בדחלתא דיי הליך נח:,13,"Αὗται δὲ αἱ γενέσεις Νῶε. Νῶε ἄνθρωπος δίκαιος, τέλειος ὢν ἐν τῇ γενέσει αὐτοῦ· τῷ θεῷ εὐηρέστησεν Νῶε.",18,ܘܗܠܝܢ ܬ̈ܘܠܕܬܗ ܕܢܘܚ. ܢܘܚ ܓܒܪ ܙܕܝܩ ܘܬܡܝܡ ܗܘܐ ܒܕܪ̈ܘܗܝ. ܘܫ̣ܦܪ ܢܘܚ ܠܐܠܗܐ.,12,"Estas são as gerações de Noé. Era homem justo e perfeito em suas gerações, e andava com Deus.",18,True,True,True
6,10,Gênesis 6:10,וַיּ֥וֹלֶד נֹ֖חַ שְׁלֹשָׁ֣ה בָנִ֑ים אֶת־ שֵׁ֖ם אֶת־ חָ֥ם וְאֶת־ יָֽפֶת ׃,ויולד נח שלשה בנימ את שמ את חמ ואת יפת,11,ואוליד נח תלתא בנין ית שם ית חם וית יפת:,10,"ἐγέννησεν δὲ Νῶε τρεῖς υἱούς, τὸν Σήμ, τὸν Χάμ, τὸν Ἰάφεθ.",11,ܘܐܘܠܕ ܢܘܚ ܬܠܬܐ ܒ̈ܢܝܢ. ܠܫܝܡ ܘܠܚܡ ܘܠܝܦܬ.,7,"Gerou Noé três filhos: Sem, Cam e Jafé.",8,True,True,True
6,11,Gênesis 6:11,וַתִּשָּׁחֵ֥ת הָאָ֖רֶץ לִפְנֵ֣י הָֽאֱלֹהִ֑ים וַתִּמָּלֵ֥א הָאָ֖רֶץ חָמָֽס ׃,ותשחת הארצ לפני האלהימ ותמלא הארצ חמס,8,ואתחבלת ארעא קדם יי ואתמליאת ארעא חטופין:,7,"ἐφθάρη δὲ ἡ γῆ ἐναντίον τοῦ θεοῦ, καὶ ἐπλήσθη ἡ γῆ ἀδικίας.",12,ܘܐܬܚܒܠܬ ܐܪܥܐ ܩܕܡ ܐܠܗܐ. ܘܐܬܡ̣ܠܝܬ ܐܪܥܐ ܥܘ̣ܠܐ.,7,"A terra, porém, estava corrompida diante de Deus, e cheia de violência.",12,True,True,True
6,12,Gênesis 6:12,וַיַּ֧רְא אֱלֹהִ֛ים אֶת־ הָאָ֖רֶץ וְהִנֵּ֣ה נִשְׁחָ֑תָה כִּֽי־ הִשְׁחִ֧ית כָּל־ בָּשָׂ֛ר אֶת־ דַּרְכּ֖וֹ עַל־ הָאָֽרֶץ ׃ ס,וירא אלהימ את הארצ והנה נשחתה כי השחית כל בשר את דרכו על הארצ ס,16,וחזא יי ית ארעא והא אתחבלת ארי חבילו כל בשרא אנש ית ארחה על ארעא:,15,"καὶ ἴδεν Κύριος ὁ θεὸς τὴν γῆν, καὶ ἦν κατεφθαρμένη, ὅτι κατέφθειρεν πᾶσα σὰρξ τὴν ὁδὸν αὐτοῦ ἐπὶ τῆς γῆς.",20,ܘܚ̣ܙܐ ܐܠܗܐ ܠܐܪܥܐ ܕܐܬܚ̣ܒܠܬ. ܡܛܠ ܕܚ̇ܒܠ ܟܠ ܒܣܪ ܐܘܪܚܗ ܥܠ ܐܪܥܐ.,11,"Viu Deus a terra, e eis que estava corrompida; porque toda a carne havia corrompido o seu caminho sobre a terra.",21,True,True,True
6,13,Gênesis 6:13,וַיֹּ֨אמֶר אֱלֹהִ֜ים לְנֹ֗חַ קֵ֤ץ כָּל־ בָּשָׂר֙ בָּ֣א לְפָנַ֔י כִּֽי־ מָלְאָ֥ה הָאָ֛רֶץ חָמָ֖ס מִפְּנֵיהֶ֑ם וְהִנְנִ֥י מַשְׁחִיתָ֖ם אֶת־ הָאָֽרֶץ ׃,ויאמר אלהימ לנח קצ כל בשר בא לפני כי מלאה הארצ חמס מפניהמ והנני משחיתמ את הארצ,18,ואמר יי לנח קצא דכל בשרא עלת לקדמי ארי אתמליאת ארעא חטופין מן קדם עובדיהון בישיא והא אנא מחבלהון עם ארעא:,21,"Καὶ εἶπεν ὁ θεὸς πρὸς Νῶε Καιρὸς παντὸς ἀνθρώπου ἥκει ἐναντίον μου, ὅτι ἐπλήσθη ἡ γῆ ἀδικίας ἀπ᾽ αὐτῶν· καὶ ἰδοὺ ἐγὼ καταφθείρω αὐτοὺς καὶ τὴν γῆν.",27,ܘܐܡ̣ܪ ܐܠܗܐ ܠܢܘܚ. ܩ̣ܨܐ ܕܟܠ ܒܣܪ ܥܠ ܩܕܡܝ. ܡܛܠ ܕܐܬܡ̣ܠܝܬ ܐܪܥܐ ܥܘ̣ܠܐ ܡܢ ܩܕܡܝܗܘܢ. ܗܐ ܡ̇ܚܒܠ ܐܢܐ ܠܗܘܢ ܥܡ ܐܪܥܐ.,20,Então disse Deus a Noé: O fim de toda carne é chegado perante mim; porque a terra está cheia da violência dos homens; eis que os destruirei juntamente com a terra.,31,True,True,True
6,14,Gênesis 6:14,עֲשֵׂ֤ה לְךָ֙ תֵּבַ֣ת עֲצֵי־ גֹ֔פֶר קִנִּ֖ים תַּֽעֲשֶׂ֣ה אֶת־ הַתֵּבָ֑ה וְכָֽפַרְתָּ֥ אֹתָ֛הּ מִבַּ֥יִת וּמִח֖וּץ בַּכֹּֽפֶר ׃,עשה לכ תבת עצי גפר קנימ תעשה את התבה וכפרת אתה מבית ומחוצ בכפר,15,עיבד לך תבותא דאעין דקדרום מדורין תעבד ית תבותא ותחפי יתה מגו ומברא בכפרא:,14,"ποίησον οὖν σεαυτῷ κιβωτὸν ἐκ ξύλων τετραγώνων· νοσσιὰς ποιήσεις τὴν κιβωτόν, καὶ ἀσφαλτώσεις αὐτὴν ἔσωθεν καὶ ἔξωθεν τῇ ἀσφάλτῳ.",19,ܥܒ̣ܕ ܠܟ ܩܒܘܬܐ ܕܩܝܣܐ ܕܥܪܩܐ. ܡܕܝܪ̈ܐ ܥܒܕܝܗ̇ ܠܩܒܘܬܐ. ܘܫܘܥܝܗ̇ ܡܢ ܠܒܪ ܘܡܢ ܠܓܘ ܒܟܘܦܪܐ.,14,"Faze para ti uma arca de madeira de gôfer: farás compartimentos na arca, e a revestirás de betume por dentro e por fora.",23,True,True,True
6,15,Gênesis 6:15,וְזֶ֕ה אֲשֶׁ֥ר תַּֽעֲשֶׂ֖ה אֹתָ֑הּ שְׁלֹ֧שׁ מֵא֣וֹת אַמָּ֗ה אֹ֚רֶךְ הַתֵּבָ֔ה חֲמִשִּׁ֤ים אַמָּה֙ רָחְבָּ֔הּ וּשְׁלֹשִׁ֥ים אַמָּ֖ה קוֹמָתָֽהּ ׃,וזה אשר תעשה אתה שלש מאות אמה ארכ התבה חמשימ אמה רחבה ושלשימ אמה קומתה,16,ודין דתעבד יתה תלת מאה אמין אורכא דתבותא חמשין אמין פתיה ותלתין אמין רומה:,14,"καὶ οὕτως ποιήσεις τὴν κιβωτόν· τριακοσίων πήχεων τὸ μῆκος τῆς κιβωτοῦ, καὶ πεντήκοντα πήχεων τὸ πλάτος, καὶ τριάκοντα πήχεων τὸ ὕψος αὐτῆς.",22,ܘܗܟܢܐ ܥܒܕܝܗ̇. ܬܠܬܡܐܐ ܐܡ̈ܝܢ ܐܘܪܟܗ̇ ܕܩܒܘܬܐ. ܘܚܡܫܝܢ ܐܡ̈ܝܢ ܦܬܝܗ̇. ܘܬܠܬܝܢ ܐܡ̈ܝܢ ܪܘܡܗ̇.,12,"Desta maneira a farás: o comprimento da arca será de trezentos côvados, a sua largura de cinqüenta e a sua altura de trinta.",23,True,True,True
6,16,Gênesis 6:16,צֹ֣הַר ׀ תַּֽעֲשֶׂ֣ה לַתֵּבָ֗ה וְאֶל־ אַמָּה֙ תְּכַלֶ֣נָּה מִלְמַ֔עְלָה וּפֶ֥תַח הַתֵּבָ֖ה בְּצִדָּ֣הּ תָּשִׂ֑ים תַּחְתִּיִּ֛ם שְׁנִיִּ֥ם וּשְׁלִשִׁ֖ים תַּֽעֲשֶֽׂהָ ׃,צהר תעשה לתבה ואל אמה תכלנה מלמעלה ופתח התבה בצדה תשימ תחתימ שנימ ושלשימ תעשה,17,נהור תעביד לתבותא ולאמתא תשכללנה מלעלא ותרעא דתבותא בסטרה תשוי מדורין ארעין תנינין ותליתאין תעבדנה:,15,"ἐπισυνάγων ποιήσεις τὴν κιβωτόν, καὶ εἰς πῆχυν συντελέσεις αὐτὴν ἄνωθεν· τὴν δὲ θύραν τῆς κιβωτοῦ ποιήσεις ἐκ πλαγίων· κατάγαια διώροφα καὶ τριώροφα ποιήσεις αὐτήν. ⸆",25,ܘܙܘܝ̈ܕܢܐ ܥܒ̣ܕ ܠܩܒܘܬܐ. ܘܥܠ ܐܡܐ ܣܝܟܝܗ̇ ܡܢ ܠܥܠ. ܘܬܪܥܗ̇ ܕܩܒܘܬܐ ܒܣܛܪܗ̇ ܥܒ̣ܕ. ܡܕܝܪܐ ܬܚܬܝܐ ܘܬܢܝܢܐ ܘܬܠܝܬܝܐ ܥܒ̇ܕܝܗ̇.,17,"Farás na arca uma janela e lhe darás um côvado de altura; e a porta da arca porás no seu lado; fá-la-ás com andares, baixo, segundo e terceiro.",28,True,True,True
6,17,Gênesis 6:17,וַאֲנִ֗י הִנְנִי֩ מֵבִ֨יא אֶת־ הַמַּבּ֥וּל מַ֨יִם֙ עַל־ הָאָ֔רֶץ לְשַׁחֵ֣ת כָּל־ בָּשָׂ֗ר אֲשֶׁר־ בּוֹ֙ ר֣וּחַ חַיִּ֔ים מִתַּ֖חַת הַשָּׁמָ֑יִם כֹּ֥ל אֲשֶׁר־ בָּאָ֖רֶץ יִגְוָֽע ׃,ואני הנני מביא את המבול מימ על הארצ לשחת כל בשר אשר בו רוח חיימ מתחת השמימ כל אשר בארצ יגוע,22,ואנא הא אנא מיתי ית טופנא מיא על ארעא לחבלא כל בשרא די ביה רוחא דחיי מתחות שמיא כל די בארעא ימות:,22,"ἐγὼ δὲ ἰδοὺ ἐπάγω τὸν κατακλυσμὸν ὕδωρ ἐπὶ τὴν γῆν, καταφθεῖραι πᾶσαν σάρκα ἐν ᾗ ἐστὶν ἐν αὐτῇ πνεῦμα ζωῆς ὑποκάτω τοῦ οὐρανοῦ· καὶ ὅσα ἐὰν ᾖ ἐπὶ τῆς γῆς τελευτήσει.",31,ܘܐܢܐ ܗܐ ܡ̇ܝܬܐ ܐܢܐ ܛܘܦܢܐ ܡ̈ܝܐ ܥܠ ܐܪܥܐ. ܠܡܚܒܠܘ ܟܠ ܒܣܪ ܕܐܝܬ ܒܗ ܪܘܚܐ ܕܚ̈ܝܐ ܡܢ ܬܚܝܬ ܫܡܝܐ. ܘܟܠ ܕܒܐܪܥܐ ܗ̣ܘ ܢܣܘܦ .,23,"Porque eis que eu trago o dilúvio sobre a terra, para destruir, de debaixo do céu, toda a carne em que há espírito de vida; tudo o que há na terra expirará.",32,True,True,True
6,18,Gênesis 6:18,וַהֲקִמֹתִ֥י אֶת־ בְּרִיתִ֖י אִתָּ֑ךְ וּבָאתָ֙ אֶל־ הַתֵּבָ֔ה אַתָּ֕ה וּבָנֶ֛יךָ וְאִשְׁתְּךָ֥ וּנְשֵֽׁי־ בָנֶ֖יךָ אִתָּֽךְ ׃,והקמתי את בריתי אתכ ובאת אל התבה אתה ובניכ ואשתכ ונשי בניכ אתכ,14,ואקם ית קימי עמך ותעול לתבותא את ובנך ואתתך ונשי בנך עמך:,12,"καὶ στήσω τὴν διαθήκην μου πρὸς σέ· εἰσελεύσῃ δὲ εἰς τὴν κιβωτόν, σὺ καὶ οἱ υἱοί σου καὶ ἡ γυνή σου καὶ αἱ γυναῖκες τῶν υἱῶν σου μετὰ σοῦ.",29,ܘܐܩܝܡ ܩܝܡܝ ܥܡܟ. ܘܬܥܘܠ ܠܩܒܘܬܐ ܐܢܬ ܘܒܢܝ̈ܟ. ܘܐܢܬܬܟ ܘܢܫ̈ܐ ܕܒܢܝ̈ܟ ܥܡܟ .,12,"Mas contigo estabelecerei o meu pacto; entrarás na arca, tu e contigo teus filhos, tua mulher e as mulheres de teus filhos.",22,True,True,True
6,19,Gênesis 6:19,וּמִכָּל־ הָ֠חַי מִֽכָּל־ בָּשָׂ֞ר שְׁנַ֧יִם מִכֹּ֛ל תָּבִ֥יא אֶל־ הַתֵּבָ֖ה לְהַחֲיֹ֣ת אִתָּ֑ךְ זָכָ֥ר וּנְקֵבָ֖ה יִֽהְיֽוּ ׃,ומכל החי מכל בשר שנימ מכל תביא אל התבה להחית אתכ זכר ונקבה יהיו,15,ומכל דחי מכל בשרא תרין מכלא תעיל לתבותא לקימא עמך דכר ונקבא יהון:,13,"καὶ ἀπὸ πάντων τῶν κτηνῶν καὶ ἀπὸ πάντων τῶν ἑρπετῶν καὶ ἀπὸ πάντων τῶν θηρίων καὶ ἀπὸ πάσης σαρκός, δύο δύο ἀπὸ πάντων εἰσάξεις εἰς τὴν κιβωτόν, ἵνα τρέφῃς μετὰ σεαυτοῦ· ἄρσεν καὶ θῆλυ ἔσονται.",35,ܘܡܢ ܟܠ ܕܚܝ ܡܢ ܟܠ ܒܣܪ. ܬܪ̈ܝܢ ܬܪ̈ܝܢ ܐܥܠ ܠܩܒܘܬܐ ܠܡܐܚܝܘ ܥܡܟ. ܕܟܪ̈ܐ ܘܢܩ̈ܒܬܐ ܢܗܘܘܢ.,15,"De tudo o que vive, de toda a carne, dois de cada espécie, farás entrar na arca, para os conservares vivos contigo; macho e fêmea serão.",26,True,True,True
6,20,Gênesis 6:20,מֵהָע֣וֹף לְמִינֵ֗הוּ וּמִן־ הַבְּהֵמָה֙ לְמִינָ֔הּ מִכֹּ֛ל רֶ֥מֶשׂ הָֽאֲדָמָ֖ה לְמִינֵ֑הוּ שְׁנַ֧יִם מִכֹּ֛ל יָבֹ֥אוּ אֵלֶ֖יךָ לְהַֽחֲיֽוֹת ׃,מהעופ למינהו ומנ הבהמה למינה מכל רמש האדמה למינהו שנימ מכל יבאו אליכ להחיות,15,מעופא לזנוהי ומן בעירא לזנה ומכל רחשא דארעא לזנוהי תרין מכלא יעלון לותך לקימא:,14,"ἀπὸ πάντων τῶν ὀρνέων τῶν πετεινῶν κατὰ γένος καὶ ἀπὸ πάντων τῶν κτηνῶν κατὰ γένος καὶ ἀπὸ πάντων τῶν ἑρπετῶν τῶν ἑρπόντων ἐπὶ τῆς γῆς κατὰ γένος αὐτῶν, δύο δύο ἀπὸ πάντων εἰσελεύσονται πρὸς σὲ τρέφεσθαι μετὰ σοῦ, ἄρσεν καὶ θῆλυ.",41,ܡܢ ܦܪܚܬܐ ܠܓܢܣܗ̇. ܘܡܢ ܒܥܝܪܐ ܠܓܢܣܗ̇. ܘܡܢ ܟܠܗ ܪܚܫܐ ܕܐܪܥܐ ܠܓܢܣ̈ܘܗܝ. ܬܪ̈ܝܢ ܬܪ̈ܝܢ ܡܢ ܟܠ ܢܥܠܘܢ ܥܡܟ ܠܡܐܚܐ.,18,"Das aves segundo as suas espécies, do gado segundo as suas espécies, de todo réptil da terra segundo as suas espécies, dois de cada espécie virão a ti, para os conservares em vida.",33,True,True,True
6,21,Gênesis 6:21,וְאַתָּ֣ה קַח־ לְךָ֗ מִכָּל־ מַֽאֲכָל֙ אֲשֶׁ֣ר יֵֽאָכֵ֔ל וְאָסַפְתָּ֖ אֵלֶ֑יךָ וְהָיָ֥ה לְךָ֛ וְלָהֶ֖ם לְאָכְלָֽה ׃,ואתה קח לכ מכל מאכל אשר יאכל ואספת אליכ והיה לכ ולהמ לאכלה,14,ואת סב לך מכל מיכל דמתאכל ותכנוש לותך ויהי לך ולהון למיכל:,12,"σὺ δὲ λήμψῃ σεαυτῷ ἀπὸ πάντων τῶν βρωμάτων ἃ ἔδεσθε, καὶ συνάξεις πρὸς σεαυτόν, καὶ ἔσται σοὶ καὶ ἐκείνοις φαγεῖν.",20,ܘܐܢܬ ܣܒ ܠܟ ܡܢ ܟܠ ܡܐܟܠܐ ܕܡܬܐܟܠ ܘܚܡܘܠ ܠܘܬܟ. ܘܢܗܘܐ ܠܟ ܘܠܗܘܢ ܠܡܐܟܘܠܬܐ.,13,"Leva contigo de tudo o que se come, e ajunta-o para ti; e te será para alimento, a ti e a eles.",22,True,True,True
6,22,Gênesis 6:22,וַיַּ֖עַשׂ נֹ֑חַ כְּ֠כֹל אֲשֶׁ֨ר צִוָּ֥ה אֹת֛וֹ אֱלֹהִ֖ים כֵּ֥ן עָשָֽׂה ׃ ס,ויעש נח ככל אשר צוה אתו אלהימ כנ עשה ס,11,ועבד נח ככל די פקיד יתיה יי כן עבד:,9,"καὶ ἐποίησεν Νῶε πάντα ὅσα ἐνετείλατο αὐτῷ Κύριος ὁ θεός, οὕτως ἐποίησεν.",12,ܘܥܒ̣ܕ ܢܘܚ ܟܠ ܕܦܩܕܗ ܐܠܗܐ ܗܟܢܐ ܥܒ̣ܕ.,7,"Assim fez Noé; segundo tudo o que Deus lhe mandou, assim o fez.",13,True,True,True
7,1,Gênesis 7:1,וַיֹּ֤אמֶר יְהוָה֙ לְנֹ֔חַ בֹּֽא־ אַתָּ֥ה וְכָל־ בֵּיתְךָ֖ אֶל־ הַתֵּבָ֑ה כִּֽי־ אֹתְךָ֥ רָאִ֛יתִי צַדִּ֥יק לְפָנַ֖י בַּדּ֥וֹר הַזֶּֽה ׃,ויאמר יהוה לנח בא אתה וכל ביתכ אל התבה כי אתכ ראיתי צדיק לפני בדור הזה,17,ואמר יי לנח עול את וכל אנש ביתך לתבותא ארי יתך חזיתי זכאי קדמי בדרא הדין:,16,"⸂⸆⸃ Καὶ εἶπεν Κύριος ὁ θεὸς πρὸς Νῶε Εἴσελθε σὺ καὶ πᾶς ὁ οἶκός σου εἰς τὴν κιβωτόν, ὅτι σὲ ἴδον δίκαιον ἐναντίον μου ἐν τῇ γενεᾷ ταύτῃ.",28,ܘܐܡ̣ܪ ܐܠܗܐ ܠܢܘܚ. ܥܘܠ ܐܢܬ ܘܟܠܗ ܒܝܬܟ ܠܩܒܘܬܐ. ܡܛܠ ܕܠܟ ܚ̇ܙܝܬ ܕܙܕܝܩ ܐܢܬ ܩܕܡܝ ܒܕܪܐ ܗܢܐ.,16,"Depois disse o Senhor a Noé: Entra na arca, tu e toda a tua casa, porque tenho visto que és justo diante de mim nesta geração.",26,True,True,True
7,2,Gênesis 7:2,מִכֹּ֣ל ׀ הַבְּהֵמָ֣ה הַטְּהוֹרָ֗ה תִּֽקַּח־ לְךָ֛ שִׁבְעָ֥ה שִׁבְעָ֖ה אִ֣ישׁ וְאִשְׁתּ֑וֹ וּמִן־ הַבְּהֵמָ֡ה אֲ֠שֶׁר לֹ֣א טְהֹרָ֥ה הִ֛וא שְׁנַ֖יִם אִ֥ישׁ וְאִשְׁתּֽוֹ ׃,מכל הבהמה הטהורה תקח לכ שבעה שבעה איש ואשתו ומנ הבהמה אשר לא טהרה הוא שנימ איש ואשתו,20,מכל בעירא דכיא תסב לך שבעא שבעא דכר ונקבא ומן בעירא דלא דכיא היא תרין דכר ונקבא:,17,"ἀπὸ δὲ τῶν κτηνῶν τῶν καθαρῶν εἰσάγαγε πρὸς σὲ ἑπτὰ ἑπτὰ ἄρσεν καὶ θῆλυ, ἀπὸ δὲ τῶν κτηνῶν τῶν μὴ καθαρῶν δύο δύο ἄρσεν καὶ θῆλυ·",26,ܘܡܢ ܟܠܗ̇ ܒܥܝܪܐ ܕܟܝܬܐ. ܣܒ ܠܟ ܫܒܥܐ ܫܒܥܐ ܕܟܪ̈ܐ ܘܢܩܒ̈ܬܐ. ܘܡܢ ܒܥܝܪ̈ܐ ܕܠܐ ܗܘܬ ܕܟܝܐ. ܬܪ̈ܝܢ ܬܪ̈ܝܢ ܕܟܪ̈ܐ ܘܢܩܒ̈ܬܐ.,19,"De todos os animais limpos levarás contigo sete e sete, o macho e sua fêmea; mas dos animais que não são limpos, dois, o macho e sua fêmea;",28,True,True,True
7,3,Gênesis 7:3,גַּ֣ם מֵע֧וֹף הַשָּׁמַ֛יִם שִׁבְעָ֥ה שִׁבְעָ֖ה זָכָ֣ר וּנְקֵבָ֑ה לְחַיּ֥וֹת זֶ֖רַע עַל־ פְּנֵ֥י כָל־ הָאָֽרֶץ ׃,גמ מעופ השמימ שבעה שבעה זכר ונקבה לחיות זרע על פני כל הארצ,14,אף מעופא דשמיא שבעא שבעא דכר ונקבא לקימא זרעא על אפי כל ארעא:,13,"καὶ ἀπὸ τῶν πετεινῶν τοῦ οὐρανοῦ τῶν καθαρῶν ἑπτὰ ἑπτὰ ἄρσεν καὶ θῆλυ, καὶ ἀπὸ πάντων τῶν πετεινῶν τῶν μὴ καθαρῶν δύο δύο ἄρσεν καὶ θῆλυ, διαθρέψαι σπέρμα ἐπὶ πᾶσαν τὴν γῆν.",32,ܘܐܦ ܡܢ ܦܪܚܬܐ ܕܫܡܝܐ . ܫܒܥܐ ܫܒܥܐ ܕܟܪ̈ܐ ܘܢܩܒ̈ܬܐ. ܠܡܐܚܝܘ ܙܪܥܐ ܥܠ ܐ̈ܦܝ ܟܠܗ̇ ܐܪܥܐ.,15,"também das aves do céu sete e sete, macho e fêmea, para se conservar em vida sua espécie sobre a face de toda a terra.",25,True,True,True
7,4,Gênesis 7:4,כִּי֩ לְיָמִ֨ים ע֜וֹד שִׁבְעָ֗ה אָֽנֹכִי֙ מַמְטִ֣יר עַל־ הָאָ֔רֶץ אַרְבָּעִ֣ים י֔וֹם וְאַרְבָּעִ֖ים לָ֑יְלָה וּמָחִ֗יתִי אֶֽת־ כָּל־ הַיְקוּם֙ אֲשֶׁ֣ר עָשִׂ֔יתִי מֵעַ֖ל פְּנֵ֥י הָֽאֲדָמָֽה ׃,כי לימימ עוד שבעה אנכי ממטיר על הארצ ארבעימ יומ וארבעימ לילה ומחיתי את כל היקומ אשר עשיתי מעל פני האדמה,22,ארי לזמן יומין עוד שבעא אנא מחת מטרא על ארעא ארבעין יממין וארבעין לילון ואמחי ית כל יקומא די עבדת מעל אפי ארעא:,23,"ἔτι γὰρ ἡμερῶν ἑπτὰ ἐγὼ ἐπάγω ὑετὸν ἐπὶ τὴν γῆν τεσσεράκοντα ἡμέρας καὶ τεσσεράκοντα νύκτας, καὶ ἐξαλείψω πᾶν τὸ ἀνάστεμα ὃ ἐποίησα ἀπὸ προσώπου τῆς γῆς.",26,ܡܛܠ ܕܡܟܐ ܠܫܒܥܐ ܝܘܡ̈ܝܢ ܡ̇ܚܬ ܐܢܐ ܡܛܪܐ ܥܠ ܐܪܥܐ. ܐܪ̈ܒܥܝܢ ܐܝܡ̈ܡܝܢ ܘܐܪ̈ܒܥܝܢ ܠܝ̈ܠܘܢ. ܘܥ̇ܛܐ ܐܢܐ ܟܠ ܕܩܐܡ ܕܥܒ̇ܕܬ ܡܢ ܐ̈ܦܝ ܐܪܥܐ.,21,"Porque, passados ainda sete dias, farei chover sobre a terra quarenta dias e quarenta noites, e exterminarei da face da terra todas as criaturas que fiz.",26,True,True,True
7,5,Gênesis 7:5,וַיַּ֖עַשׂ נֹ֑חַ כְּכֹ֥ל אֲשֶׁר־ צִוָּ֖הוּ יְהוָֽה ׃,ויעש נח ככל אשר צוהו יהוה,7,ועבד נח ככל די פקדיה יי:,6,καὶ ἐποίησεν Νῶε πάντα ὅσα ἐνετείλατο αὐτῷ Κύριος ὁ θεός. ⸆,11,ܘܥܒ̣ܕ ܢܘܚ ܟܠ ܕܦܩܕܗ ܡܪܝܐ.,5,E Noé fez segundo tudo o que o Senhor lhe ordenara.,11,True,True,True
7,6,Gênesis 7:6,וְנֹ֕חַ בֶּן־ שֵׁ֥שׁ מֵא֖וֹת שָׁנָ֑ה וְהַמַּבּ֣וּל הָיָ֔ה מַ֖יִם עַל־ הָאָֽרֶץ ׃,ונח בנ שש מאות שנה והמבול היה מימ על הארצ,11,ונח בר שת מאה שנין וטופנא הוה מיא על ארעא:,10,Νῶε δὲ ἦν ἐτῶν ἑξακοσίων καὶ ὁ κατακλυσμὸς ἦν ἐπὶ τῆς γῆς.,12,ܘܢܘܚ ܒܪ ܫܬܡܐܐ ܫ̈ܢܝܢ. ܘܛܘܦܢܐ ܗܘ̣ܐ ܡ̈ܝܐ ܥܠ ܐܪܥܐ.,9,"Tinha Noé seiscentos anos de idade, quando o dilúvio veio sobre a terra.",13,True,True,True
7,7,Gênesis 7:7,וַיָּ֣בֹא נֹ֗חַ וּ֠בָנָיו וְאִשְׁתּ֧וֹ וּנְשֵֽׁי־ בָנָ֛יו אִתּ֖וֹ אֶל־ הַתֵּבָ֑ה מִפְּנֵ֖י מֵ֥י הַמַּבּֽוּל ׃,ויבא נח ובניו ואשתו ונשי בניו אתו אל התבה מפני מי המבול,13,ועאל נח ובנוהי ואתתיה ונשי בנוהי עמיה לתבותא מן קדם מי טופנא:,12,εἰσῆλθεν δὲ Νῶε καὶ οἱ υἱοὶ αὐτοῦ καὶ ἡ γυνὴ αὐτοῦ καὶ αἱ γυναῖκες τῶν υἱῶν αὐτοῦ μετ᾽ αὐτοῦ εἰς τὴν κιβωτὸν διὰ τὸ ὕδωρ τοῦ κατακλυσμοῦ.,27,ܘܥܠ ܢܘܚ ܘܒ̈ܢܘܗܝ. ܘܐܢܬܬܗ ܘܢܫ̈ܐ ܕܒܢ̈ܘܗܝ ܥܡܗ ܠܩܒܘܬܐ. ܡܢ ܩܕܡ ܡ̈ܝܐ ܕܛܘܦܢܐ.,12,"Noé entrou na arca com seus filhos, sua mulher e as mulheres de seus filhos, por causa das águas do dilúvio.",21,True,True,True
7,8,Gênesis 7:8,מִן־ הַבְּהֵמָה֙ הַטְּהוֹרָ֔ה וּמִן־ הַ֨בְּהֵמָ֔ה אֲשֶׁ֥ר אֵינֶ֖נָּה טְהֹרָ֑ה וּמִ֨ן־ הָע֔וֹף וְכֹ֥ל אֲשֶׁר־ רֹמֵ֖שׂ עַל־ הָֽאֲדָמָֽה ׃,מנ הבהמה הטהורה ומנ הבהמה אשר איננה טהרה ומנ העופ וכל אשר רמש על האדמה,16,מן בעירא דכיא ומן בעירא די ליתהא דכיא ומן עופא וכל די רחש על ארעא:,15,καὶ ἀπὸ τῶν πετεινῶν καὶ ἀπὸ τῶν ⸂⸆⸃ κτηνῶν τῶν καθαρῶν καὶ ἀπὸ τῶν κτηνῶν τῶν μὴ καθαρῶν καὶ ἀπὸ τῶν πετεινῶν καὶ ἀπὸ πάντων τῶν ἑρπετῶν τῶν ἐπὶ τῆς γῆς,31,ܘܡܢ ܒܥܝܪܐ ܕܟܝܬܐ ܘܡܢ ܒܥܝܪܐ ܕܠܐ ܗܘܬ ܕܟܝܐ. ܘܡܢ ܦܪܚܬܐ ܘܡܢ ܟܠ ܕܪܚܫ ܥܠ ܐܪܥܐ.,15,"Dos animais limpos e dos que não são limpos, das aves, e de todo réptil sobre a terra,",18,True,True,True
7,9,Gênesis 7:9,שְׁנַ֨יִם שְׁנַ֜יִם בָּ֧אוּ אֶל־ נֹ֛חַ אֶל־ הַתֵּבָ֖ה זָכָ֣ר וּנְקֵבָ֑ה כַּֽאֲשֶׁ֛ר צִוָּ֥ה אֱלֹהִ֖ים אֶת־ נֹֽחַ ׃,שנימ שנימ באו אל נח אל התבה זכר ונקבה כאשר צוה אלהימ את נח,15,תרין תרין עלו לות נח לתבותא דכר ונקבא כמא די פקיד יי ית נח:,14,"δύο δύο εἰσῆλθον πρὸς Νῶε εἰς τὴν κιβωτόν, ἄρσεν καὶ θῆλυ, καθὰ ἐνετείλατο αὐτῷ ὁ θεός.",16,ܬܪ̈ܝܢ ܬܪ̈ܝܢ ܥܠܘ ܥܡ ܢܘܚ ܠܩܒܘܬܐ. ܕܟܪ̈ܐ ܘܢܩܒ̈ܬܐ. ܐܝܟ ܕܦܩ̇ܕ ܐܠܗܐ ܠܢܘܚ.,12,"entraram dois a dois para junto de Noé na arca, macho e fêmea, como Deus ordenara a Noé.",18,True,True,True
7,10,Gênesis 7:10,וַֽיְהִ֖י לְשִׁבְעַ֣ת הַיָּמִ֑ים וּמֵ֣י הַמַּבּ֔וּל הָי֖וּ עַל־ הָאָֽרֶץ ׃,ויהי לשבעת הימימ ומי המבול היו על הארצ,9,והוה לזמן שבעת יומין ומי טופנא הוו על ארעא:,9,Καὶ ἐγένετο μετὰ τὰς ἑπτὰ ἡμέρας καὶ τὸ ὕδωρ τοῦ κατακλυσμοῦ ἐγένετο ἐπὶ τῆς γῆς.,15,ܘܗܘܐ ܠܫܒܥܐ ܝܘܡ̈ܝܢ. ܘܡ̈ܝܐ ܕܛܘܦܢܐ ܗܘܘ ܥܠ ܐܪܥܐ.,8,"Passados os sete dias, vieram sobre a terra as águas do dilúvio.",12,True,True,True
7,11,Gênesis 7:11,בִּשְׁנַ֨ת שֵׁשׁ־ מֵא֤וֹת שָׁנָה֙ לְחַיֵּי־ נֹ֔חַ בַּחֹ֨דֶשׁ֙ הַשֵּׁנִ֔י בְּשִׁבְעָֽה־ עָשָׂ֥ר י֖וֹם לַחֹ֑דֶשׁ בַּיּ֣וֹם הַזֶּ֗ה נִבְקְעוּ֙ כָּֽל־ מַעְיְנֹת֙ תְּה֣וֹם רַבָּ֔ה וַאֲרֻבֹּ֥ת הַשָּׁמַ֖יִם נִפְתָּֽחוּ ׃,בשנת שש מאות שנה לחיי נח בחדש השני בשבעה עשר יומ לחדש ביומ הזה נבקעו כל מעינת תהומ רבה וארבת השמימ נפתחו,23,בשנת שת מאה שנין לחיי נח בירחא תנינא בשבעת עשרא יומא לירחא ביומא הדין אתבזעו כל מבועי תהומא רבא וכוי שמיא אתפתחו:,22,"ἐν τῷ ἑξακοσιοστῷ ἔτει ἐν τῇ ζωῇ τοῦ Νῶε τοῦ δευτέρου μηνός, ἑβδόμῃ καὶ εἰκάδι τοῦ μηνός, τῇ ἡμέρᾳ ταύτῃ ἐρράγησαν πᾶσαι αἱ πηγαὶ τῆς ἀβύσσου, καὶ οἱ καταράκται τοῦ οὐρανοῦ ἠνεῴχθησαν·",32,ܒܫܢܬ ܫܬܡܐܐ ܫ̈ܢܝܢ ܠܚܝ̈ܘܗܝ ܕܢܘܚ. ܒܝܪܚܐ ܕܬܪ̈ܝܢ ܒܫܒܥܣܪ̈ܐ ܒܝܪܚܐ. ܒܗ ܒܝܘܡܐ ܗܢܐ. ܐܬܬܪܥܘ ܟܠ ܡܒ̈ܘܥܝ ܬܗܘܡܐ ܪܒܐ. ܘܢܣ̈ܟܐ ܕܫܡܝܐ ܐܬ̇ܦܬܚܘ.,20,"No ano seiscentos da vida de Noé, no mês segundo, aos dezessete dias do mês, romperam-se todas as fontes do grande abismo, e as janelas do céu se abriram,",29,True,True,True
7,12,Gênesis 7:12,וַֽיְהִ֥י הַגֶּ֖שֶׁם עַל־ הָאָ֑רֶץ אַרְבָּעִ֣ים י֔וֹם וְאַרְבָּעִ֖ים לָֽיְלָה ׃,ויהי הגשמ על הארצ ארבעימ יומ וארבעימ לילה,9,והוה מטרא נחת על ארעא ארבעין יממין וארבעין לילון:,9,καὶ ἐγένετο ὁ ὑετὸς ἐπὶ τῆς γῆς τεσσεράκοντα ἡμέρας καὶ τεσσεράκοντα νύκτας.,12,ܘܗܘ̣ܐ ܡܛܪܐ ܥܠ ܐܪܥܐ ܐܪ̈ܒܥܝܢ ܐܝܡ̈ܡܝܢ ܘܐܪ̈ܒܥܝܢ ܠܝ̈ܠܘܢ.,8,e caiu chuva sobre a terra quarenta dias e quarenta noites.,11,True,True,True
7,13,Gênesis 7:13,בְּעֶ֨צֶם הַיּ֤וֹם הַזֶּה֙ בָּ֣א נֹ֔חַ וְשֵׁם־ וְחָ֥ם וָיֶ֖פֶת בְּנֵי־ נֹ֑חַ וְאֵ֣שֶׁת נֹ֗חַ וּשְׁלֹ֧שֶׁת נְשֵֽׁי־ בָנָ֛יו אִתָּ֖ם אֶל־ הַתֵּבָֽה ׃,בעצמ היומ הזה בא נח ושמ וחמ ויפת בני נח ואשת נח ושלשת נשי בניו אתמ אל התבה,19,בכרן יומא הדין על נח ושם וחם ויפת בני נח ואתת נח ותלתא נשי בנוהי עמהון לתבותא:,17,"Ἐν τῇ ἡμέρᾳ ταύτῃ εἰσῆλθεν Νῶε, Σήμ, Χάμ, Ἰάφεθ, υἱοὶ Νῶε, καὶ ἡ γυνὴ Νῶε καὶ αἱ τρεῖς γυναῖκες τῶν υἱῶν αὐτοῦ μετ᾽ αὐτοῦ εἰς τὴν κιβωτόν.",27,ܒܗ ܒܝܘܡܐ ܗܢܐ. ܥܠ ܢܘܚ ܘܫܝܡ ܘܚܡ ܘܝܦܬ ܒܢ̈ܝ ܢܘܚ. ܘܐܢܬܬܗ ܕܢܘܚ ܘܬܠܬ ܢܫ̈ܐ ܕܒ̈ܢܘܗܝ ܥܡܗ ܠܩܒܘܬܐ.,17,"Nesse mesmo dia entrou Noé na arca, e juntamente com ele seus filhos Sem, Cam e Jafé, como também sua mulher e as três mulheres de seus filhos,",28,True,True,True
7,14,Gênesis 7:14,הֵ֜מָּה וְכָל־ הַֽחַיָּ֣ה לְמִינָ֗הּ וְכָל־ הַבְּהֵמָה֙ לְמִינָ֔הּ וְכָל־ הָרֶ֛מֶשׂ הָרֹמֵ֥שׂ עַל־ הָאָ֖רֶץ לְמִינֵ֑הוּ וְכָל־ הָע֣וֹף לְמִינֵ֔הוּ כֹּ֖ל צִפּ֥וֹר כָּל־ כָּנָֽף ׃,המה וכל החיה למינה וכל הבהמה למינה וכל הרמש הרמש על הארצ למינהו וכל העופ למינהו כל צפור כל כנפ,21,אנון וכל חיתא לזנה וכל בעירא לזנה וכל רחשא דרחש על ארעא לזנוהי וכל עופא לזנוהי כל צפר כל דפרח:,20,καὶ πάντα τὰ θηρία κατὰ γένος καὶ πάντα τὰ κτήνη κατὰ γένος καὶ πᾶν ἑρπετὸν κινούμενον ἐπὶ τῆς γῆς κατὰ γένος καὶ πᾶν πετεινὸν κατὰ γένος,26,ܗ̣ܢܘܢ ܘܟܠܗ̇ ܚܝܘܬܐ ܠܓܢܣܗ̇. ܘܟܠܗ̇ ܒܥܝܪܐ ܠܓܢܣܗ̇. ܘܟܠܗ ܪܚܫܐ ܕܪܚܫ ܥܠ ܐܪܥܐ ܠܓܢܣ̈ܘܗܝ. ܘܟܠܗ̇ ܦܪܚܬܐ ܠܓܢܣܗ̇. ܘܟܠ ܨܦܪ ܘܟܠ ܓܦ.,20,"e com eles todo animal segundo a sua espécie, todo o gado segundo a sua espécie, todo réptil que se arrasta sobre a terra segundo a sua espécie e toda ave segundo a sua espécie, pássaros de toda qualidade.",39,True,True,True
7,15,Gênesis 7:15,וַיָּבֹ֥אוּ אֶל־ נֹ֖חַ אֶל־ הַתֵּבָ֑ה שְׁנַ֤יִם שְׁנַ֨יִם֙ מִכָּל־ הַבָּשָׂ֔ר אֲשֶׁר־ בּ֖וֹ ר֥וּחַ חַיִּֽים ׃,ויבאו אל נח אל התבה שנימ שנימ מכל הבשר אשר בו רוח חיימ,14,ועלו עם נח לתבותא תרין תרין מכל בשרא די ביה רוחא דחיי:,12,"εἰσῆλθον πρὸς Νῶε εἰς τὴν κιβωτόν, δύο δύο ἄρσεν καὶ θῆλυ ἀπὸ πάσης σαρκὸς ἐν ᾧ ἐστὶν πνεῦμα ζωῆς.",19,ܥܠܘ ܥܡ ܢܘܚ ܠܩܒܘܬܐ. ܬܪ̈ܝܢ ܬܪ̈ܝܢ ܡܢ ܟܠ ܒܣܪ ܕܐܝܬ ܒܗܘܢ ܪܘܚܐ ܕܚ̈ܝܐ.,13,"Entraram para junto de Noé na arca, dois a dois de toda a carne em que havia espírito de vida.",20,True,True,True
7,16,Gênesis 7:16,וְהַבָּאִ֗ים זָכָ֨ר וּנְקֵבָ֤ה מִכָּל־ בָּשָׂר֙ בָּ֔אוּ כַּֽאֲשֶׁ֛ר צִוָּ֥ה אֹת֖וֹ אֱלֹהִ֑ים וַיִּסְגֹּ֥ר יְהוָ֖ה בַּֽעֲדֽוֹ ׃,והבאימ זכר ונקבה מכל בשר באו כאשר צוה אתו אלהימ ויסגר יהוה בעדו,14,ועליא דכר ונקבא מכל בשרא עלו כמא די פקיד יתיה יי ואגן יי עלוהי:,14,"καὶ τὰ εἰσπορευόμενα ἄρσεν καὶ θῆλυ ἀπὸ πάσης σαρκὸς εἰσῆλθεν, καθὰ ἐνετείλατο ὁ θεὸς τῷ Νῶε· ⸆ καὶ ἔκλεισεν Κύριος ὁ θεὸς τὴν κιβωτὸν ἔξωθεν αὐτοῦ.",26,ܘܕܥܠܘ ܕܟܪ̈ܐ ܘܢܩܒ̈ܬܐ ܡܢ ܟܠ ܒܣܪ ܥܠܘ . ܐܝܟ ܕܦܩܕܗ ܐܠܗܐ . ܘܐܚ̣ܕ ܡܪܝܐ ܒܐ̈ܦܘܗܝ.,15,"E os que entraram eram macho e fêmea de toda a carne, como Deus lhe tinha ordenado; e o Senhor o fechou dentro.",23,True,True,True
7,17,Gênesis 7:17,וַֽיְהִ֧י הַמַּבּ֛וּל אַרְבָּעִ֥ים י֖וֹם עַל־ הָאָ֑רֶץ וַיִּרְבּ֣וּ הַמַּ֗יִם וַיִּשְׂאוּ֙ אֶת־ הַתֵּבָ֔ה וַתָּ֖רָם מֵעַ֥ל הָאָֽרֶץ ׃,ויהי המבול ארבעימ יומ על הארצ וירבו המימ וישאו את התבה ותרמ מעל הארצ,15,והוה טופנא ארבעין יומין על ארעא וסגיאו מיא ונטלו ית תבותא ואתרמת מעל ארעא:,14,"Καὶ ἐγένετο ὁ κατακλυσμὸς ἐπὶ τῆς γῆς τεσσεράκοντα ἡμέρας καὶ τεσσεράκοντα νύκτας ἐπὶ τῆς γῆς· καὶ ἐπληθύνθη τὸ ὕδωρ καὶ ἐπῆρεν τὴν κιβωτόν, καὶ ὑψώθη ἀπὸ τῆς γῆς.",28,ܘܗܘ̣ܐ ܛܘܦܢܐ ܐܪ̈ܒܥܝܢ ܝܘܡ̈ܝܢ ܥܠ ܐܪܥܐ. ܘܣܓܝܘ ܡ̈ܝܐ ܘܫܩܠܘܗ̇ ܠܩܒܘܬܐ. ܘܐܬܬܪܝܡܬ ܡܢ ܐܪܥܐ.,13,"Veio o dilúvio sobre a terra durante quarenta dias; e as águas cresceram e levantaram a arca, e ela se elevou por cima da terra.",25,True,True,True
7,18,Gênesis 7:18,וַיִּגְבְּר֥וּ הַמַּ֛יִם וַיִּרְבּ֥וּ מְאֹ֖ד עַל־ הָאָ֑רֶץ וַתֵּ֥לֶךְ הַתֵּבָ֖ה עַל־ פְּנֵ֥י הַמָּֽיִם ׃,ויגברו המימ וירבו מאד על הארצ ותלכ התבה על פני המימ,12,ותקיפו מיא וסגיאו לחדא על ארעא ומהלכא תבותא על אפי מיא:,11,καὶ ἐπεκράτει τὸ ὕδωρ καὶ ἐπληθύνετο σφόδρα ἐπὶ τῆς γῆς· καὶ ἐπεφέρετο ἡ κιβωτὸς ἐπάνω τοῦ ὕδατος.,17,ܘܥܫܢܘ ܡ̈ܝܐ ܘܣܓܝܘ ܛܒ ܥܠ ܐܪܥܐ. ܘܡܗܠܟܐ ܗܘܬ ܩܒܘܬܐ ܥܠ ܐ̈ܦܝ ܡ̈ܝܐ.,12,Prevaleceram as águas e cresceram grandemente sobre a terra; e a arca vagava sobre as águas.,16,True,True,True
7,19,Gênesis 7:19,וְהַמַּ֗יִם גָּֽבְר֛וּ מְאֹ֥ד מְאֹ֖ד עַל־ הָאָ֑רֶץ וַיְכֻסּ֗וּ כָּל־ הֶֽהָרִים֙ הַגְּבֹהִ֔ים אֲשֶׁר־ תַּ֖חַת כָּל־ הַשָּׁמָֽיִם ׃,והמימ גברו מאד מאד על הארצ ויכסו כל ההרימ הגבהימ אשר תחת כל השמימ,15,ומיא תקיפו לחדא לחדא על ארעא ואתחפיאו כל טוריא רמיא די תחות כל שמיא:,14,"τὸ δὲ ὕδωρ ἐπεκράτει σφόδρα σφοδρῶς ἐπὶ τῆς γῆς, καὶ ἐπεκάλυψεν πάντα τὰ ὄρη τὰ ὑψηλὰ ἃ ἦν ὑποκάτω τοῦ οὐρανοῦ.",21,ܘܡ̈ܝܐ ܥܫܢܘ ܛܒ ܛܒ ܥܠ ܐܪܥܐ. ܘܐܬܟܣܝܘ ܟܠܗܘܢ ܛܘܪ̈ܐ ܪ̈ܡܐ ܕܬܚܝܬ ܟܠ ܫܡܝܐ.,13,As águas prevaleceram excessivamente sobre a terra; e todos os altos montes que havia debaixo do céu foram cobertos.,19,True,True,True
7,20,Gênesis 7:20,חֲמֵ֨שׁ עֶשְׂרֵ֤ה אַמָּה֙ מִלְמַ֔עְלָה גָּבְר֖וּ הַמָּ֑יִם וַיְכֻסּ֖וּ הֶהָרִֽים ׃,חמש עשרה אמה מלמעלה גברו המימ ויכסו ההרימ,9,חמש עשרה אמין מלעלא תקיפו מיא ואתחפיאו טוריא:,8,"δέκα πέντε πήχεις ἐπάνω ὑψώθη τὸ ὕδωρ, καὶ ἐπεκάλυψεν πάντα τὰ ὄρη τὰ ὑψηλά.",14,ܚܡܫܥܣܪ̈ܐ ܐ̈ܡܝܢ ܡܢ ܠܥܠ ܥܫܢܘ ܡ̈ܝܐ. ܘܐܬܟܣܝܘ ܛܘܪ̈ܐ .,9,Quinze côvados acima deles prevaleceram as águas; e assim foram cobertos.,11,True,True,True
7,21,Gênesis 7:21,וַיִּגְוַ֞ע כָּל־ בָּשָׂ֣ר ׀ הָרֹמֵ֣שׂ עַל־ הָאָ֗רֶץ בָּע֤וֹף וּבַבְּהֵמָה֙ וּבַ֣חַיָּ֔ה וּבְכָל־ הַשֶּׁ֖רֶץ הַשֹּׁרֵ֣ץ עַל־ הָאָ֑רֶץ וְכֹ֖ל הָאָדָֽם ׃,ויגוע כל בשר הרמש על הארצ בעופ ובבהמה ובחיה ובכל השרצ השרצ על הארצ וכל האדמ,18,ומית כל בשרא דרחש על ארעא בעופא ובבעירא ובחיתא ובכל רחשא דרחש על ארעא וכל אנשא:,16,"καὶ ἀπέθανεν πᾶσα σὰρξ κινουμένη ἐπὶ τῆς γῆς τῶν πετεινῶν καὶ τῶν κτηνῶν καὶ τῶν θηρίων, καὶ πᾶν ἑρπετὸν κινούμενον ἐπὶ τῆς γῆς, καὶ πᾶς ἄνθρωπος·",26,ܘܣܦ ܟܠ ܒܣܪ ܕܪܚ̇ܫ ܥܠ ܐܪܥܐ. ܦܪܚܬܐ ܘܒܥܝܪ̈ܐ ܘܚܝܘܬܐ ܘܟܠܗ ܪܚܫܐ ܕܪܚܫ ܥܠ ܐܪܥܐ. ܘܟܠܗܘܢ ܒܢ̈ܝ ܐܢܫܐ.,17,"Pereceu toda a carne que se movia sobre a terra, tanto ave como gado, animais selvagens, todo réptil que se arrasta sobre a terra, e todo homem.",27,True,True,True
7,22,Gênesis 7:22,כֹּ֡ל אֲשֶׁר֩ נִשְׁמַת־ ר֨וּחַ חַיִּ֜ים בְּאַפָּ֗יו מִכֹּ֛ל אֲשֶׁ֥ר בֶּחָֽרָבָ֖ה מֵֽתוּ ׃,כל אשר נשמת רוח חיימ באפיו מכל אשר בחרבה מתו,11,כל די נשמתא רוחא דחיין באנפוהי מכל די ביבשתא מיתו:,10,καὶ πάντα ὅσα ἔχει πνοὴν ζωῆς καὶ πᾶς ὃς ἦν ἐπὶ τῆς ξηρᾶς ἀπέθανεν.,14,ܟܠ ܕܢܫܡܬܐ ܕܪܘܚܐ ܕܚ̈ܝܐ ܒܐ̈ܦܘܗܝ. ܡܢ ܟܠ ܕܒܝܒܫܐ ܡܝܬܘ.,9,"Tudo o que tinha fôlego do espírito de vida em suas narinas, tudo o que havia na terra seca, morreu.",20,True,True,True
7,23,Gênesis 7:23,וַיִּ֜מַח אֶֽת־ כָּל־ הַיְק֣וּם ׀ אֲשֶׁ֣ר ׀ עַל־ פְּנֵ֣י הָֽאֲדָמָ֗ה מֵאָדָ֤ם עַד־ בְּהֵמָה֙ עַד־ רֶ֨מֶשׂ֙ וְעַד־ ע֣וֹף הַשָּׁמַ֔יִם וַיִּמָּח֖וּ מִן־ הָאָ֑רֶץ וַיִשָּׁ֧אֶר אַךְ־ נֹ֛חַ וַֽאֲשֶׁ֥ר אִתּ֖וֹ בַּתֵּבָֽה ׃,וימח את כל היקומ אשר על פני האדמה מאדמ עד בהמה עד רמש ועד עופ השמימ וימחו מנ הארצ וישאר אכ נח ואשר אתו בתבה,28,ומחא ית כל יקומא די על אפי ארעא מאנשא עד בעירא עד רחשא ועד עופא דשמיא ואתמחיאו מן ארעא ואשתאר ברם נח ודי עמיה בתבותא:,25,"καὶ ἐξήλειψεν πᾶν τὸ ἀνάστεμα ὃ ἦν ἐπὶ προσώπου πάσης τῆς γῆς, ἀπὸ ἀνθρώπου ἕως κτήνους καὶ ἑρπετῶν καὶ τῶν πετεινῶν τοῦ οὐρανοῦ· καὶ ἐξηλείφθησαν ἀπὸ τῆς γῆς. καὶ κατελείφθη μόνος Νῶε καὶ οἱ μετ᾽ αὐτοῦ ἐν τῇ κιβωτῷ.",39,ܘܥ̣ܛܐ ܠܟܘܠ ܕܩܐܡ ܥܠ ܐ̈ܦܝ ܐܪܥܐ. ܡܢ ܒܢܝܢܫ̈ܐ ܘܥܕܡܐ ܠܒܥܝܪܐ ܘܥܕܡܐ ܠܪܚܫܐ ܘܥܕܡܐ ܠܦܪܚܬܐ ܕܫܡܝܐ. ܐܬܥܛܝܘ ܡܢ ܐܪܥܐ. ܘܐܫܬܚܪ ܢܘܚ ܘܕܥܡܗ ܒܩܒܘܬܐ.,22,"Assim foram exterminadas todas as criaturas que havia sobre a face da terra, tanto o homem como o gado, o réptil, e as aves do céu; todos foram exterminados da terra; ficou somente Noé, e os que com ele estavam na arca.",42,True,True,True
7,24,Gênesis 7:24,וַיִּגְבְּר֥וּ הַמַּ֖יִם עַל־ הָאָ֑רֶץ חֲמִשִּׁ֥ים וּמְאַ֖ת יֽוֹם ׃,ויגברו המימ על הארצ חמשימ ומאת יומ,8,ותקיפו מיא על ארעא מאה וחמשין יומין:,7,⸂⸆⸃ καὶ ὑψώθη τὸ ὕδωρ ἐπὶ τῆς γῆς ἡμέρας ἑκατὸν πεντήκοντα.,11,ܘܥܫ̣ܢܘ ܡ̈ܝܐ ܥܠ ܐܪܥܐ. ܡܐܐ ܘܚܡܫܝܢ ܝܘܡ̈ܝܢ.,7,E prevaleceram as águas sobre a terra cento e cinqüenta dias.,11,True,True,True
8,1,Gênesis 8:1,וַיִּזְכֹּ֤ר אֱלֹהִים֙ אֶת־ נֹ֔חַ וְאֵ֤ת כָּל־ הַֽחַיָּה֙ וְאֶת־ כָּל־ הַבְּהֵמָ֔ה אֲשֶׁ֥ר אִתּ֖וֹ בַּתֵּבָ֑ה וַיַּעֲבֵ֨ר אֱלֹהִ֥ים ר֨וּחַ֙ עַל־ הָאָ֔רֶץ וַיָּשֹׁ֖כּוּ הַמָּֽיִם ׃,ויזכר אלהימ את נח ואת כל החיה ואת כל הבהמה אשר אתו בתבה ויעבר אלהימ רוח על הארצ וישכו המימ,21,ודכיר יי ית נח וית כל חיתא וית כל בעירא די עמיה בתבותא ואעבר יי רוחא על ארעא ונחו מיא:,20,"Καὶ ἐμνήσθη ὁ θεὸς τοῦ Νῶε, καὶ πάντων τῶν θηρίων καὶ πάντων τῶν κτηνῶν καὶ πάντων τῶν πετεινῶν καὶ πάντων τῶν ἑρπετῶν ὅσα ἦν μετ᾽ αὐτοῦ ἐν τῇ κιβωτῷ· καὶ ἐπήγαγεν ὁ θεὸς πνεῦμα ἐπὶ τὴν γῆν, καὶ ἐκόπασεν τὸ ὕδωρ.",41,ܘܐܬ̇ܕܟܪ ܐܠܗܐ ܠܢܘܚ. ܘܠܟܠܗ̇ ܚܝܘܬܐ ܘܠܟܠܗ̇ ܒܥܝܪܐ. ܘܠܟܠܗ̇ ܦܪܚܬܐ ܕܥܡܗ ܒܩܒܘܬܐ. ܘܐܥܒܪ ܐܠܗܐ ܪܘܚܐ ܥܠ ܐܪܥܐ. ܘܐܬܬܢܝܚܘ ܡ̈ܝܐ.,18,"Deus lembrou-se de Noé, de todos os animais e de todo o gado, que estavam com ele na arca; e Deus fez passar um vento sobre a terra, e as águas começaram a diminuir.",34,True,True,True
8,2,Gênesis 8:2,וַיִּסָּֽכְרוּ֙ מַעְיְנֹ֣ת תְּה֔וֹם וַֽאֲרֻבֹּ֖ת הַשָּׁמָ֑יִם וַיִּכָּלֵ֥א הַגֶּ֖שֶׁם מִן־ הַשָּׁמָֽיִם ׃,ויסכרו מעינת תהומ וארבת השמימ ויכלא הגשמ מנ השמימ,10,ואסתכרו מבועי תהומא וכוי שמיא ואתכלי מטרא מן שמיא:,9,"καὶ ἀπεκαλύφθησαν αἱ πηγαὶ τῆς ἀβύσσου καὶ οἱ καταράκται τοῦ οὐρανοῦ, καὶ συνεσχέθη ὁ ὑετὸς ἀπὸ τοῦ οὐρανοῦ,",18,ܘܐܣܬܟܪ̈ܘ ܡܒ̈ܘܥܐ ܕܬܗܘܡܐ ܘܢܣ̈ܟܐ ܕܫܡܝܐ. ܘܐܬܟܠܝ ܡܛܪܐ ܡܢ ܫܡܝܐ.,9,"Cerraram-se as fontes do abismo e as janelas do céu, e a chuva do céu se deteve;",17,True,True,True
8,3,Gênesis 8:3,וַיָּשֻׁ֧בוּ הַמַּ֛יִם מֵעַ֥ל הָאָ֖רֶץ הָל֣וֹךְ וָשׁ֑וֹב וַיַּחְסְר֣וּ הַמַּ֔יִם מִקְצֵ֕ה חֲמִשִּׁ֥ים וּמְאַ֖ת יֽוֹם ׃,וישבו המימ מעל הארצ הלוכ ושוב ויחסרו המימ מקצה חמשימ ומאת יומ,13,ותבו מיא מעל ארעא אזלין ותיבין וחסרו מיא מסוף מאה וחמשין יומין:,12,καὶ ἐνεδίδου τὸ ὕδωρ πορευόμενον ἀπὸ τῆς γῆς· ἐνεδίδου τὸ ὕδωρ καὶ ἠλαττονοῦτο μετὰ πεντήκοντα καὶ ἑκατὸν ἡμέρας.,18,ܘܗܦܟܘ ܡ̈ܝܐ ܡܢ ܐܪܥܐ. ܐܙܠܝܢ ܘܗܦܟܝܢ. ܘܚܣܪܘ ܡ̈ܝܐ ܡܢ ܒܬܪ ܡܐܐ ܘܚܡܫܝܢ ܝܘܡ̈ܝܢ.,13,as águas se foram retirando de sobre a terra; no fim de cento e cinqüenta dias começaram a minguar.,19,True,True,True
8,4,Gênesis 8:4,וַתָּ֤נַח הַתֵּבָה֙ בַּחֹ֣דֶשׁ הַשְּׁבִיעִ֔י בְּשִׁבְעָה־ עָשָׂ֥ר י֖וֹם לַחֹ֑דֶשׁ עַ֖ל הָרֵ֥י אֲרָרָֽט ׃,ותנח התבה בחדש השביעי בשבעה עשר יומ לחדש על הרי אררט,12,ונחת תבותא בירחא שביעאה בשבעת עשר יומא לירחא על טורי קרדו:,11,"καὶ ἐκάθισεν ἡ κιβωτὸς ἐν μηνὶ τῷ ἑβδόμῳ, ἑβδόμῃ καὶ εἰκάδι τοῦ μηνός, ἐπὶ τὰ ὄρη τὰ Ἀραράτ.",18,ܘܐܬܬܢܝ̣ܚܬ ܩܒܘܬܐ ܒܝܪܚܐ ܫܒܝܥܝܐ. ܒܫܒܥܣܪ̈ܐ ܒܗ ܒܝܪܚܐ ܥܠ ܛܘܪ̈ܝ ܩܪܕܘ.,10,"No sétimo mês, no dia dezessete do mês, repousou a arca sobre os montes de Arará.",16,True,True,True
8,5,Gênesis 8:5,וְהַמַּ֗יִם הָיוּ֙ הָל֣וֹךְ וְחָס֔וֹר עַ֖ד הַחֹ֣דֶשׁ הָֽעֲשִׂירִ֑י בָּֽעֲשִׂירִי֙ בְּאֶחָ֣ד לַחֹ֔דֶשׁ נִרְא֖וּ רָאשֵׁ֥י הֶֽהָרִֽים ׃,והמימ היו הלוכ וחסור עד החדש העשירי בעשירי באחד לחדש נראו ראשי ההרימ,14,ומיא הוו אזלין וחסרין עד ירחא עשיראה בעשיראה בחד לירחא אתחזיאו רישי טוריא:,13,"τὸ δὲ ὕδωρ πορευόμενον ἠλαττονοῦτο ἕως τοῦ δεκάτου μηνός· ἐν δὲ τῷ ἑνδεκάτῳ μηνί, τῇ πρώτῃ τοῦ μηνός, ὤφθησαν αἱ κεφαλαὶ τῶν ὀρέων.",23,ܘܡ̈ܝܐ ܐܙܠܝܢ ܗܘܘ ܘܚܣܪܝܢ. ܥܕܡܐ ܠܝܪܚܐ ܥܣܝܪܝܐ . ܒܚܕ ܒܝܪܚܐ ܥܣܝܪܝܐ. ܐܬܚܙܝܘ ܪ̈ܫܝ ܛܘܪ̈ܐ.,14,"E as águas foram minguando até o décimo mês; no décimo mês, no primeiro dia do mês, apareceram os cumes dos montes.",22,True,True,True
8,6,Gênesis 8:6,וַֽיְהִ֕י מִקֵּ֖ץ אַרְבָּעִ֣ים י֑וֹם וַיִּפְתַּ֣ח נֹ֔חַ אֶת־ חַלּ֥וֹן הַתֵּבָ֖ה אֲשֶׁ֥ר עָשָֽׂה ׃,ויהי מקצ ארבעימ יומ ויפתח נח את חלונ התבה אשר עשה,12,והוה מסוף ארבעין יומין ופתח נח ית כות תבותא די עבד:,11,"Καὶ ἐγένετο μετὰ τεσσεράκοντα ἡμέρας ἠνέῳξεν Νῶε τὴν θυρίδα τῆς κιβωτοῦ ἣν ἐποίησεν,",13,ܘܗܘ̣ܐ ܡܢ ܒܬܪ ܐܪ̈ܒܥܝܢ ܝܘܡ̈ܝܢ. ܦܬ̣ܚ ܢܘܚ ܟܘܬܐ ܕܩܒܘܬܐ ܕܥܒ̣ܕ.,10,"Ao cabo de quarenta dias, abriu Noé a janela que havia feito na arca;",14,True,True,True
8,7,Gênesis 8:7,וַיְשַׁלַּ֖ח אֶת־ הָֽעֹרֵ֑ב וַיֵּצֵ֤א יָצוֹא֙ וָשׁ֔וֹב עַד־ יְבֹ֥שֶׁת הַמַּ֖יִם מֵעַ֥ל הָאָֽרֶץ ׃,וישלח את הערב ויצא יצוא ושוב עד יבשת המימ מעל הארצ,12,ושלח ית ערבא ונפק מפק ותיב עד דיבישו מיא מעל ארעא:,11,καὶ ἀπέστειλεν τὸν κόρακα τοῦ ἰδεῖν εἰ κεκόπακεν τὸ ὕδωρ· καὶ ἐξελθὼν οὐχ ὑπέστρεψεν ἕως τοῦ ξηρανθῆναι τὸ ὕδωρ ἀπὸ τῆς γῆς.,22,ܘܫܕܪ ܠܥܘܪܒܐ. ܘܢܦ̣ܩ ܡܦܩ ܘܠܐ ܗ̣ܦܟ. ܥܕܡܐ ܕܝܒܫܘ ܡ̈ܝܐ ܡܢ ܐܪܥܐ.,11,"soltou um corvo que, saindo, ia e voltava até que as águas se secaram de sobre a terra.",18,True,True,True
8,8,Gênesis 8:8,וַיְשַׁלַּ֥ח אֶת־ הַיּוֹנָ֖ה מֵאִתּ֑וֹ לִרְאוֹת֙ הֲקַ֣לּוּ הַמַּ֔יִם מֵעַ֖ל פְּנֵ֥י הָֽאֲדָמָֽה ׃,וישלח את היונה מאתו לראות הקלו המימ מעל פני האדמה,11,ושלח ית יונה מלותיה למחזי הקליאו מיא מעל אפי ארעא:,10,καὶ ἀπέστειλεν τὴν περιστερὰν ὀπίσω αὐτοῦ ἰδεῖν εἰ κεκόπακεν τὸ ὕδωρ ἀπὸ τῆς γῆς.,14,ܘܫܕܪ ܠܝܘܢܐ ܡܢ ܠܘܬܗ. ܕܢܚܙܐ ܐܢ ܩܠܘ ܡ̈ܝܐ ܡܢ ܐ̈ܦܝ ܐܪܥܐ.,11,"Depois soltou uma pomba, para ver se as águas tinham minguado de sobre a face da terra;",17,True,True,True
8,9,Gênesis 8:9,וְלֹֽא־ מָצְאָה֩ הַיּוֹנָ֨ה מָנ֜וֹחַ לְכַף־ רַגְלָ֗הּ וַתָּ֤שָׁב אֵלָיו֙ אֶל־ הַתֵּבָ֔ה כִּי־ מַ֖יִם עַל־ פְּנֵ֣י כָל־ הָאָ֑רֶץ וַיִּשְׁלַ֤ח יָדוֹ֙ וַיִּקָּחֶ֔הָ וַיָּבֵ֥א אֹתָ֛הּ אֵלָ֖יו אֶל־ הַתֵּבָֽה ׃,ולא מצאה היונה מנוח לכפ רגלה ותשב אליו אל התבה כי מימ על פני כל הארצ וישלח ידו ויקחה ויבא אתה אליו אל התבה,25,ולא אשכחת יונה מנח לפרסת רגלה ותבת לותיה לתבותא ארי מיא על אפי כל ארעא ואושיט ידיה ונסבה ואעיל יתה לותיה לתבותא:,22,"καὶ οὐχ εὑροῦσα ἡ περιστερὰ ἀνάπαυσιν τοῖς ποσὶν αὐτῆς ἀνέστρεψεν πρὸς αὐτὸν εἰς τὴν κιβωτόν, ὅτι ὕδωρ ἦν ἐπὶ παντὶ προσώπῳ πάσης τῆς γῆς· καὶ ἐκτείνας τὴν χεῖρα αὐτοῦ ἔλαβεν αὐτὴν καὶ εἰσήγαγεν αὐτὴν πρὸς ἑαυτὸν εἰς τὴν κιβωτόν.",39,ܘܠܐ ܐܫܟ̣ܚܬ ܠܗ̇ ܝܘܢܐ ܢܝܚܐ ܠܦܣܬ ܪܓܠܗ̇. ܘܗܦܟ̣ܬ ܠܘܬܗ ܠܩܒܘܬܐ. ܡܛܠ ܕܡ̈ܝܐ ܐܝܬ ܗܘܘ ܥܠ ܐ̈ܦܝ ܟܠܗ̇ ܐܪܥܐ. ܘܐܘܫܛ ܐܝܕܗ ܘܢܣܒܗ̇. ܘܐܥܠܗ̇ ܠܘܬܗ ܠܩܒܘܬܐ.,24,"mas a pomba não achou onde pousar a planta do pé, e voltou a ele para a arca; porque as águas ainda estavam sobre a face de toda a terra; e Noé, estendendo a mão, tomou-a e a recolheu consigo na arca.",42,True,True,True
8,10,Gênesis 8:10,וַיָּ֣חֶל ע֔וֹד שִׁבְעַ֥ת יָמִ֖ים אֲחֵרִ֑ים וַיֹּ֛סֶף שַׁלַּ֥ח אֶת־ הַיּוֹנָ֖ה מִן־ הַתֵּבָֽה ׃,ויחל עוד שבעת ימימ אחרימ ויספ שלח את היונה מנ התבה,12,ואוריך עוד שבעא יומין אחרנין ואוסיף שלח ית יונה מן תבותא:,11,καὶ ἐπισχὼν ἔτι ἡμέρας ἑπτὰ ἑτέρας πάλιν ἐξαπέστειλεν τὴν περιστερὰν ἐκ τῆς κιβωτοῦ.,13,ܘܦ̣ܫ ܬܘܒ ܫܒܥܐ ܝܘܡ̈ܝܢ ܐܚܪ̈ܢܝܢ. ܘܗ̣ܦܟ ܘܫܕܪܗ̇ ܠܝܘܢܐ ܡܢ ܩܒܘܬܐ.,10,"Esperou ainda outros sete dias, e tornou a soltar a pomba fora da arca.",14,True,True,True
8,11,Gênesis 8:11,וַתָּבֹ֨א אֵלָ֤יו הַיּוֹנָה֙ לְעֵ֣ת עֶ֔רֶב וְהִנֵּ֥ה עֲלֵה־ זַ֖יִת טָרָ֣ף בְּפִ֑יהָ וַיֵּ֣דַע נֹ֔חַ כִּי־ קַ֥לּוּ הַמַּ֖יִם מֵעַ֥ל הָאָֽרֶץ ׃,ותבא אליו היונה לעת ערב והנה עלה זית טרפ בפיה וידע נח כי קלו המימ מעל הארצ,18,ואתת לותיה יונה לעדן רמשא והא טרף זיתא תביר נחית בפומה וידע נח ארי קליאו מיא מעל ארעא:,18,"καὶ ἀνέστρεψεν πρὸς αὐτὸν ἡ περιστερὰ τὸ πρὸς ἑσπέραν, καὶ εἶχεν φύλλον ἐλαίας κάρφος ἐν τῷ στόματι αὐτῆς· καὶ ἔγνω Νῶε ὅτι κεκόπακεν τὸ ὕδωρ ἀπὸ τῆς γῆς.",28,ܘܐܬܬ ܠܘܬܗ ܝܘܢܐ ܠܥܕܢ ܪܡܫܐ. ܘܗܐ ܛܪܦܐ̇ ܕܙܝܬܐ ܐܚܝܕܐ ܒܦܘܡܗ̇. ܘܝܕܥ̣ ܢܘܚ ܕܩܠܘ ܡ̈ܝܐ ܡܢ ܐ̈ܦܝ ܐܪܥܐ.,17,"À tardinha a pomba voltou para ele, e eis no seu bico uma folha verde de oliveira; assim soube Noé que as águas tinham minguado de sobre a terra.",29,True,True,True
8,12,Gênesis 8:12,וַיִּיָּ֣חֶל ע֔וֹד שִׁבְעַ֥ת יָמִ֖ים אֲחֵרִ֑ים וַיְשַׁלַּח֙ אֶת־ הַיּוֹנָ֔ה וְלֹֽא־ יָסְפָ֥ה שׁוּב־ אֵלָ֖יו עֽוֹד ׃,וייחל עוד שבעת ימימ אחרימ וישלח את היונה ולא יספה שוב אליו עוד,14,ואוריך עוד שבעה יומין אחרנין ושלח ית יונה ולא אוסיפת למתוב לותיה עוד:,13,"καὶ ἐπισχὼν ἔτι ἡμέρας ἑπτὰ ἑτέρας πάλιν ἐξαπέστειλεν τὴν περιστεράν, καὶ οὐ προσέθετο τοῦ ἐπιστρέψαι πρὸς αὐτὸν ἔτι.",18,ܘܦܫ ܬܘܒ ܫܒܥܐ ܝܘ̈ܡܝܢ ܐܚܪ̈ܢܝܢ. ܘܫܕܪܗ̇ ܠܝܘܢܐ. ܘܠܐ ܐܘܣ̣ܦܬ ܬܘܒ ܝܘܢܐ ܠܡܗܦܟ ܠܘܬܗ.,13,"Então esperou ainda outros sete dias, e soltou a pomba; e esta não tornou mais a ele.",17,True,True,True
8,13,Gênesis 8:13,וַֽ֠יְהִי בְּאַחַ֨ת וְשֵׁשׁ־ מֵא֜וֹת שָׁנָ֗ה בָּֽרִאשׁוֹן֙ בְּאֶחָ֣ד לַחֹ֔דֶשׁ חָֽרְב֥וּ הַמַּ֖יִם מֵעַ֣ל הָאָ֑רֶץ וַיָּ֤סַר נֹ֨חַ֙ אֶת־ מִכְסֵ֣ה הַתֵּבָ֔ה וַיַּ֕רְא וְהִנֵּ֥ה חָֽרְב֖וּ פְּנֵ֥י הָֽאֲדָמָֽה ׃,ויהי באחת ושש מאות שנה בראשונ באחד לחדש חרבו המימ מעל הארצ ויסר נח את מכסה התבה וירא והנה חרבו פני האדמה,23,והוה בשת מאה וחד שנין בקדמאה בחד לירחא נגובו מיא מעל ארעא ואעדי נח ית חופאה דתבותא וחזא והא נגובו אפי ארעא:,22,"Καὶ ἐγένετο ἐν τῷ ἑνὶ καὶ ἑξακοσιοστῷ ἔτει ἐν τῇ ζωῇ τοῦ Νῶε, τοῦ μηνὸς τοῦ πρώτου, μιᾷ τοῦ μηνός, ἐξέλειπεν τὸ ὕδωρ ἀπὸ τῆς γῆς· καὶ ἀπεκάλυψεν Νῶε τὴν στέγην τῆς κιβωτοῦ, καὶ ἴδεν ὅτι ἐξέλειπεν τὸ ὕδωρ ἀπὸ προσώπου τῆς γῆς.",43,ܘܗܘ̣ܐ ܒܫܢܬ ܫܬܡܐܐ ܘܚܕܐ. ܒܚܕ ܒܝܪܚܐ ܩܕܡܝܐ. ܝܒܫܘ ܡ̈ܝܐ ܡܢ ܐܪܥܐ. ܘܐܥܒ̣ܪ ܢܘܚ ܟܣܝܐ ܕܩܒܘܬܐ ܘܚ̣ܙܐ ܘܗܐ ܝܒ̣ܫ ܐ̈ܦܝ ܐܪܥܐ.,20,"No ano seiscentos e um, no mês primeiro, no primeiro dia do mês, secaram-se as águas de sobre a terra. Então Noé tirou a cobertura da arca: e olhou, e eis que a face a terra estava enxuta.",38,True,True,True
8,14,Gênesis 8:14,וּבַחֹ֨דֶשׁ֙ הַשֵּׁנִ֔י בְּשִׁבְעָ֧ה וְעֶשְׂרִ֛ים י֖וֹם לַחֹ֑דֶשׁ יָבְשָׁ֖ה הָאָֽרֶץ ׃ ס,ובחדש השני בשבעה ועשרימ יומ לחדש יבשה הארצ ס,10,ובירחא תנינא בעשרין ושבעא יומא לירחא יבישת ארעא:,8,"ἐν δὲ τῷ μηνὶ τῷ δευτέρῳ, ἑβδόμῃ καὶ εἰκάδι τοῦ μηνός, ἐξηράνθη ἡ γῆ.",14,ܘܒܝܪܚܐ ܕܬܪ̈ܝܢ ܒܫܒܥܐ ܘܥܣܪ̈ܝܢ ܒܗ ܒܝܪܚܐ. ܝܒ̣ܫܬ ܐܪܥܐ.,8,"No segundo mês, aos vinte e sete dias do mês, a terra estava seca.",14,True,True,True
8,15,Gênesis 8:15,וַיְדַבֵּ֥ר אֱלֹהִ֖ים אֶל־ נֹ֥חַ לֵאמֹֽר ׃,וידבר אלהימ אל נח לאמר,6,ומליל יי עם נח למימר:,5,Καὶ εἶπεν Κύριος ὁ θεὸς τῷ Νῶε λέγων,8,ܘܡܠܠ ܐܠܗܐ ܥܡ ܢܘܚ ܘܐܡ̣ܪ ܠܗ.,6,"Então falou Deus a Noé, dizendo:",6,True,True,True
8,16,Gênesis 8:16,צֵ֖א מִן־ הַתֵּבָ֑ה אַתָּ֕ה וְאִשְׁתְּךָ֛ וּבָנֶ֥יךָ וּנְשֵֽׁי־ בָנֶ֖יךָ אִתָּֽךְ ׃,צא מנ התבה אתה ואשתכ ובניכ ונשי בניכ אתכ,10,פוק מן תבותא את ואתתך ובנך ונשי בנך עמך:,9,"Ἔξελθε ἐκ τῆς κιβωτοῦ, σὺ καὶ ἡ γυνή σου καὶ οἱ υἱοί σου καὶ αἱ γυναῖκες τῶν υἱῶν σου μετὰ σοῦ,",21,ܦܘܩ ܡܢ ܩܒܘܬܐ ܐܢܬ ܘܐܢܬܬܟ. ܘܒ̈ܢܝܟ ܘܢܫ̈ܐ ܕܒ̈ܢܝܟ ܥܡܟ.,9,"Sai da arca, tu, e juntamente contigo tua mulher, teus filhos e as mulheres de teus filhos.",17,True,True,True
8,17,Gênesis 8:17,כָּל־ הַחַיָּ֨ה אֲשֶֽׁר־ אִתְּךָ֜ מִכָּל־ בָּשָׂ֗ר בָּע֧וֹף וּבַבְּהֵמָ֛ה וּבְכָל־ הָרֶ֛מֶשׂ הָרֹמֵ֥שׂ עַל־ הָאָ֖רֶץ הוצא אִתָּ֑ךְ וְשָֽׁרְצ֣וּ בָאָ֔רֶץ וּפָר֥וּ וְרָב֖וּ עַל־ הָאָֽרֶץ ׃,כל החיה אשר אתכ מכל בשר בעופ ובבהמה ובכל הרמש הרמש על הארצ הוצא אתכ ושרצו בארצ ופרו ורבו על הארצ,22,כל חיתא דעמך מכל בשרא בעופא ובבעירא ובכל רחשא דרחש על ארעא אפיק עמך ויתילדון בארעא ויפשון ויסגון על ארעא:,20,"καὶ πάντα τὰ θηρία ὅσα ἐστὶν μετὰ σοῦ, καὶ πᾶσα σὰρξ ἀπὸ πετεινῶν ἕως κτηνῶν, καὶ πᾶν ἑρπετὸν κινούμενον ἐπὶ τῆς γῆς ἐξάγαγε μετὰ σοῦ· καὶ αὐξάνεσθε καὶ πληθύνεσθε ἐπὶ τῆς γῆς.",32,ܘܟܠܗ̇ ܚܝܘܬܐ ܕܥܡܟ ܡܢ ܟܠ ܒܣܪ. ܘܦܪܚܬܐ ܘܒܥܝܪܐ. ܘܟܠܗ ܪܚܫܐ ܕܪܚܫ ܥܠ ܐܪܥܐ ܐܦܩ ܥܡܟ. ܘܢܘܠܕܘܢ ܒܐܪܥܐ. ܘܢܦܪܘܢ ܘܢܣܓܘܢ ܥܠ ܐܪܥܐ.,21,"Todos os animais que estão contigo, de toda a carne, tanto aves como gado e todo réptil que se arrasta sobre a terra, traze-os para fora contigo; para que se reproduzam abundantemente na terra, frutifiquem e se multipliquem sobre a terra.",41,True,True,True
8,18,Gênesis 8:18,וַיֵּ֖צֵא־ נֹ֑חַ וּבָנָ֛יו וְאִשְׁתּ֥וֹ וּנְשֵֽׁי־ בָנָ֖יו אִתּֽוֹ ׃,ויצא נח ובניו ואשתו ונשי בניו אתו,8,ונפק נח ובנוהי ואתתיה ונשי בנוהי עמיה:,7,καὶ ἐξῆλθεν Νῶε καὶ ἡ γυνὴ αὐτοῦ καὶ οἱ υἱοὶ αὐτοῦ καὶ αἱ γυναῖκες τῶν υἱῶν αὐτοῦ μετ᾽ αὐτοῦ·,19,ܘܢܦ̣ܩ ܢܘܚ ܘܐܢܬܬܗ ܘܒܢ̈ܘܗܝ. ܘܢܫ̈ܐ ܕܒܢ̈ܘܗܝ ܥܡܗ.,7,"Então saiu Noé, e com ele seus filhos, sua mulher e as mulheres de seus filhos;",16,True,True,True
8,19,Gênesis 8:19,כָּל־ הַֽחַיָּ֗ה כָּל־ הָרֶ֨מֶשׂ֙ וְכָל־ הָע֔וֹף כֹּ֖ל רוֹמֵ֣שׂ עַל־ הָאָ֑רֶץ לְמִשְׁפְּחֹ֣תֵיהֶ֔ם יָצְא֖וּ מִן־ הַתֵּבָֽה ׃,כל החיה כל הרמש וכל העופ כל רומש על הארצ למשפחתיהמ יצאו מנ התבה,15,כל חיתא כל רחשא וכל עופא כל דרחש על ארעא לזרעיתהון נפקו מן תבותא:,14,καὶ πάντα τὰ θηρία καὶ πάντα τὰ κτήνη καὶ πᾶν πετεινὸν καὶ πᾶν ἑρπετὸν κινούμενον ἐπὶ τῆς γῆς κατὰ γένος αὐτῶν ἐξήλθοσαν ἐκ τῆς κιβωτοῦ. ⸆,26,ܘܟܠܗ̇ ܚܝܘܬܐ ܘܟܠܗ̇ ܒܥܝܪܐ ܘܟܠܗ̇ ܦܪܚܬܐ. ܘܟܠ ܕܪܚܫ ܥܠ ܐܪܥܐ ܠܫܪ̈ܒܬܗܘܢ. ܢܦܩܘ ܡܢ ܩܒܘܬܐ.,14,"todo animal, todo réptil e toda ave, tudo o que se move sobre a terra, segundo as suas famílias, saiu da arca.",22,True,True,True
8,20,Gênesis 8:20,וַיִּ֥בֶן נֹ֛חַ מִזְבֵּ֖חַ לַֽיהוָ֑ה וַיִּקַּ֞ח מִכֹּ֣ל ׀ הַבְּהֵמָ֣ה הַטְּהוֹרָ֗ה וּמִכֹּל֙ הָע֣וֹף הַטָּהֹ֔ר וַיַּ֥עַל עֹלֹ֖ת בַּמִּזְבֵּֽחַ ׃,ויבנ נח מזבח ליהוה ויקח מכל הבהמה הטהורה ומכל העופ הטהר ויעל עלת במזבח,16,ובנא נח מדבחא קדם יי ונסיב מכל בעירא דכיא ומכל עופא דכי ואסיק עלון במדבחא:,15,"Καὶ ᾠκοδόμησεν Νῶε θυσιαστήριον τῷ θεῷ, καὶ ἔλαβεν ἀπὸ πάντων τῶν κτηνῶν τῶν καθαρῶν καὶ ἀπὸ πάντων τῶν πετεινῶν τῶν καθαρῶν, καὶ ἀνήνεγκεν ὁλοκάρπωσιν ἐπὶ τὸ θυσιαστήριον.",27,ܘܒܢ̣ܐ ܢܘܚ ܡܕܒܚܐ ܠܡܪܝܐ. ܘܢܣ̣ܒ ܡܢ ܟܠܗ̇ ܚܝܘܬܐ ܕܟܝܬܐ. ܘܡܢ ܟܠܗ̇ ܦܪܚܬܐ ܕܟܝܬܐ. ܘܐܣܩ ܝܩܕܐ ܥܠ ܡܕܒܚܐ.,17,"Edificou Noé um altar ao Senhor; e tomou de todo animal limpo e de toda ave limpa, e ofereceu holocaustos sobre o altar.",23,True,True,True
8,21,Gênesis 8:21,וַיָּ֣רַח יְהוָה֮ אֶת־ רֵ֣יחַ הַנִּיחֹחַ֒ וַיֹּ֨אמֶר יְהוָ֜ה אֶל־ לִבּ֗וֹ לֹֽא־ אֹ֠סִף לְקַלֵּ֨ל ע֤וֹד אֶת־ הָֽאֲדָמָה֙ בַּעֲב֣וּר הָֽאָדָ֔ם כִּ֠י יֵ֣צֶר לֵ֧ב הָאָדָ֛ם רַ֖ע מִנְּעֻרָ֑יו וְלֹֽא־ אֹסִ֥ף ע֛וֹד לְהַכּ֥וֹת אֶת־ כָּל־ חַ֖י כַּֽאֲשֶׁ֥ר עָשִֽׂיתִי ׃,וירח יהוה את ריח הניחח ויאמר יהוה אל לבו לא אספ לקלל עוד את האדמה בעבור האדמ כי יצר לב האדמ רע מנעריו ולא אספ עוד להכות את כל חי כאשר עשיתי,33,וקביל יי ברעוא ית קורבניה ואמר יי במימריה לא אוסף למילט עוד ית ארעא בדיל חובי אנשא ארי יצרא לבא דאנשא ביש מזעיריה ולא אוסף עוד לממחי ית כל דחי כמא דעבדית:,32,"καὶ ὠσφράνθη Κύριος ὁ θεὸς ὀσμὴν εὐωδίας, καὶ εἶπεν Κύριος ὁ θεὸς διανοηθείς Οὐ προσθήσω ἔτι τοῦ καταράσασθαι τὴν γῆν διὰ τὰ ἔργα τῶν ἀνθρώπων, ὅτι ἔγκειται ἡ διάνοια τοῦ ἀνθρώπου ἐπιμελῶς ἐπὶ τὰ πονηρὰ ἐκ νεότητος· ⸂⸆⸃ οὐ προσθήσω οὖν ἔτι πατάξαι πᾶσαν σάρκα ζῶσαν καθὼς ἐποίησα.",48,ܘܐܪܝܚ ܡܪܝܐ ܪܝܚܐ ܕܣܘܬܐ ܪܝܚܐ ܕܢܝܚܐ. ܘܐܡ̣ܪ ܡܪܝܐ ܒܠܒܗ. ܠܐ ܐܘܣܦ ܬܘܒ ܠܡܠܛܗ̇ ܠܐܪܥܐ ܡܛܠ ܒܪ ܐܢܫܐ. ܡܛܠ ܕܝܨܪܐ ܕܠܒܗ ܕܒܪ ܐܢܫܐ ܒܝܫ ܡܢ ܛܠܝܘܬܗ. ܘܠܐ ܐܘܣܦ ܬܘܒ ܠܡܡܚܐ ܠܟܠ ܕܚܝ ܐܝܟ ܕܥܒ̇ܕܬ.,33,"Sentiu o Senhor o suave cheiro e disse em seu coração: Não tornarei mais a amaldiçoar a terra por causa do homem; porque a imaginação do coração do homem é má desde a sua meninice; nem tornarei mais a ferir todo vivente, como acabo de fazer.",46,True,True,True
8,22,Gênesis 8:22,עֹ֖ד כָּל־ יְמֵ֣י הָאָ֑רֶץ זֶ֡רַע וְ֠קָצִיר וְקֹ֨ר וָחֹ֜ם וְקַ֧יִץ וָחֹ֛רֶף וְי֥וֹם וָלַ֖יְלָה לֹ֥א יִשְׁבֹּֽתוּ ׃,עד כל ימי הארצ זרע וקציר וקר וחמ וקיצ וחרפ ויומ ולילה לא ישבתו,15,עוד כל יומי ארעא זרועא וחצדא וקורא וחומא וקיטא וסתוא וימם וליליא לא יבטלון:,14,"πάσας τὰς ἡμέρας τῆς γῆς σπέρμα καὶ θερισμός, ψῦχος καὶ καῦμα, θέρος καὶ ἔαρ ἡμέραν καὶ νύκτα οὐ καταπαύσουσιν.",19,ܘܡܟܝܠ ܟܠܗܘܢ ܝܘܡ̈ܬܐ ܕܐܪܥܐ. ܙܪܥܐ ܘܚܨܕܐ. ܥܪܝܐ ܘܚܘܡܐ. ܩܝܛܐ ܘܣܬܘܐ. ܐܝܡܡܐ ܘܠܠܝܐ ܠܐ ܢܒܛܠܘܢ.,14,"Enquanto a terra durar, não deixará de haver sementeira e ceifa, frio e calor, verão e inverno, dia e noite.",20,True,True,True
9,1,Gênesis 9:1,וַיְבָ֣רֶךְ אֱלֹהִ֔ים אֶת־ נֹ֖חַ וְאֶת־ בָּנָ֑יו וַיֹּ֧אמֶר לָהֶ֛ם פְּר֥וּ וּרְב֖וּ וּמִלְא֥וּ אֶת־ הָאָֽרֶץ ׃,ויברכ אלהימ את נח ואת בניו ויאמר להמ פרו ורבו ומלאו את הארצ,14,ובריך יי ית נח וית בנוהי ואמר להון פושו וסגו ומלו ית ארעא:,13,"Καὶ ηὐλόγησεν ὁ θεὸς τὸν Νῶε καὶ τοὺς υἱοὺς αὐτοῦ, καὶ εἶπεν αὐτοῖς Αὐξάνεσθε καὶ πληθύνεσθε, καὶ πληρώσατε τὴν γῆν καὶ κατακυριεύσατε αὐτῆς.",23,ܘܒ̇ܪܟ ܐܠܗܐ ܠܢܘܚ ܘܠܒܢ̈ܘܗܝ. ܘܐܡ̣ܪ ܠܗܘܢ ܦܪܘ ܘܣܓܘ ܘܡ̣ܠܘ ܐܪܥܐ.,10,"Abençoou Deus a Noé e a seus filhos, e disse-lhes: Frutificai e multiplicai-vos, e enchei a terra.",17,True,True,True
9,2,Gênesis 9:2,וּמוֹרַאֲכֶ֤ם וְחִתְּכֶם֙ יִֽהְיֶ֔ה עַ֚ל כָּל־ חַיַּ֣ת הָאָ֔רֶץ וְעַ֖ל כָּל־ ע֣וֹף הַשָּׁמָ֑יִם בְּכֹל֩ אֲשֶׁ֨ר תִּרְמֹ֧שׂ הָֽאֲדָמָ֛ה וּֽבְכָל־ דְּגֵ֥י הַיָּ֖ם בְּיֶדְכֶ֥ם נִתָּֽנוּ ׃,ומוראכמ וחתכמ יהיה על כל חית הארצ ועל כל עופ השמימ בכל אשר תרמש האדמה ובכל דגי הימ בידכמ נתנו,21,ודחלתכון ואימתכון תהי על כל חות ארעא ועל כל עופא דשמיא בכל די תרחיש ארעא ובכל נוני ימא בידכון יהון מסירין:,21,καὶ ὁ τρόμος ὑμῶν καὶ ὁ φόβος ἔσται ἐπὶ πᾶσιν τοῖς θηρίοις τῆς γῆς καὶ ἐπὶ πάντα τὰ ὄρνεα τοῦ οὐρανοῦ καὶ ἐπὶ πάντα τὰ κινούμενα ἐπὶ τῆς γῆς καὶ πάντας τοὺς ἰχθύας τῆς θαλάσσης· ὑπὸ χεῖρας ὑμῖν δέδωκα.,39,ܘܕܚܠܬܟܘܢ ܘܙܘܥܬܟܘܢ ܬܗܘܐ ܥܠ ܟܠܗ̇ ܚܝܘܬܐ ܕܐܪܥܐ . ܘܥܠ ܟܠܗ̇ ܦܪܚܬܐ ܕܫܡܝܐ. ܘܥܠ ܟܘܠ ܕܡܪܚܫܐ ܐܪܥܐ. ܘܟܠܗܘܢ ܢܘܢ̈ܐ ܕܝܡܐ ܒܐ̈ܝܕܝܟܘܢ ܢܫܬܠܡܘܢ.,21,"Terão medo e pavor de vós todo animal da terra, toda ave do céu, tudo o que se move sobre a terra e todos os peixes do mar; nas vossas mãos são entregues.",33,True,True,True
9,3,Gênesis 9:3,כָּל־ רֶ֨מֶשׂ֙ אֲשֶׁ֣ר הוּא־ חַ֔י לָכֶ֥ם יִהְיֶ֖ה לְאָכְלָ֑ה כְּיֶ֣רֶק עֵ֔שֶׂב נָתַ֥תִּי לָכֶ֖ם אֶת־ כֹּֽל ׃,כל רמש אשר הוא חי לכמ יהיה לאכלה כירק עשב נתתי לכמ את כל,15,כל רחשא דהוא חי לכון יהי למיכל כירוק עשבא יהבית לכון ית כלא:,13,καὶ πᾶν ἑρπετὸν ὅ ἐστιν ζῶν ὑμῖν ἔσται εἰς βρῶσιν· ὡς λάχανα χόρτου ἔδωκα ὑμῖν τὰ πάντα.,17,ܘܟܠ ܪܚܫܐ ܕܚܝ ܠܟܘܢ ܢܗܘܐ ܠܡܐܟܘܠܬܐ. ܐܝܟ ܝܘܪܩܐ ܕܥܣܒܐ ܝܗ̇ܒܬ ܠܟܘܢ ܟܠ.,12,"Tudo quanto se move e vive vos servirá de mantimento, bem como a erva verde; tudo vos tenho dado.",19,True,True,True
9,4,Gênesis 9:4,אַךְ־ בָּשָׂ֕ר בְּנַפְשׁ֥וֹ דָמ֖וֹ לֹ֥א תֹאכֵֽלוּ ׃,אכ בשר בנפשו דמו לא תאכלו,7,ברם בשרא בנפשיה דמיה לא תכלון:,6,πλὴν κρέας ἐν αἵματι ψυχῆς οὐ φάγεσθε·,7,ܒܠܚܘܕ ܒܣܪܐ ܕܒܢܦܫܗ ܕܡܗ ܠܐ ܬܐܟܠܘܢ.,6,"A carne, porém, com sua vida, isto é, com seu sangue, não comereis.",13,True,True,True
9,5,Gênesis 9:5,וְאַ֨ךְ אֶת־ דִּמְכֶ֤ם לְנַפְשֹֽׁתֵיכֶם֙ אֶדְרֹ֔שׁ מִיַּ֥ד כָּל־ חַיָּ֖ה אֶדְרְשֶׁ֑נּוּ וּמִיַּ֣ד הָֽאָדָ֗ם מִיַּד֙ אִ֣ישׁ אָחִ֔יו אֶדְרֹ֖שׁ אֶת־ נֶ֥פֶשׁ הָֽאָדָֽם ׃,ואכ את דמכמ לנפשתיכמ אדרש מיד כל חיה אדרשנו ומיד האדמ מיד איש אחיו אדרש את נפש האדמ,19,וברם ית דמכון לנפשתיכון אתבע מיד כל חיתא אתבעניה ומיד אנשא מיד גבר דישוד ית דמא דאחוהי אתבע ית נפשא דאנשא:,21,"καὶ γὰρ τὸ ὑμέτερον αἷμα τῶν ψυχῶν ὑμῶν ἐκζητήσω· ἐκ χειρὸς πάντων τῶν θηρίων ἐκζητήσω αὐτό, καὶ ἐκ χειρὸς ἀνθρώπου ἀδελφοῦ ἐκζητήσω τὴν ψυχὴν τοῦ ἀνθρώπου.",26,ܘܒܪܡ ܕܡܟܘܢ ܕܢܦܫ̈ܬܟܘܢ ܐܬܒܥ. ܡܢ ܝܕ ܟܠ ܚܝܘܬܐ ܐܬܒܥܝܘܗܝ ܡܢ ܐܝܕܐ ܕܐܢܫܐ. ܘܡܢ ܐܝܕܐ ܕܓܒܪܐ ܘܐܚܘܗܝ ܐܬܒܥ ܢܦܫܐ ܕܐܢܫܐ.,19,"Certamente requererei o vosso sangue, o sangue das vossas vidas; de todo animal o requererei; como também do homem, sim, da mão do irmão de cada um requererei a vida do homem.",32,True,True,True
9,6,Gênesis 9:6,שֹׁפֵךְ֙ דַּ֣ם הָֽאָדָ֔ם בָּֽאָדָ֖ם דָּמ֣וֹ יִשָּׁפֵ֑ךְ כִּ֚י בְּצֶ֣לֶם אֱלֹהִ֔ים עָשָׂ֖ה אֶת־ הָאָדָֽם ׃,שפכ דמ האדמ באדמ דמו ישפכ כי בצלמ אלהימ עשה את האדמ,13,דישוד דמא דאנשא בסהדין על מימר דיניא דמיה יתשד ארי בצלמא דיי עבד ית אנשא:,15,"ὁ ἐκχέων αἷμα ἀνθρώπου ἀντὶ τοῦ αἵματος αὐτοῦ ἐκχυθήσεται, ὅτι ἐν εἰκόνι θεοῦ ἐποίησα τὸν ἄνθρωπον.",16,ܡ̇ܢ ܕܢܐܫܘܕ ܕܡܐ ܕܐܢܫܐ ܒܐܢܫܐ ܕܡܗ ܢܬܐܫܕ. ܡܛܠ ܕܒܨܠܡ ܐܠܗܐ ܥܒܝܕ ܐܕܡ.,12,"Quem derramar sangue de homem, pelo homem terá o seu sangue derramado; porque Deus fez o homem à sua imagem.",20,True,True,True
9,7,Gênesis 9:7,וְאַתֶּ֖ם פְּר֣וּ וּרְב֑וּ שִׁרְצ֥וּ בָאָ֖רֶץ וּרְבוּ־ בָֽהּ ׃ ס,ואתמ פרו ורבו שרצו בארצ ורבו בה ס,9,ואתון פושו וסגו אתילידו בארעא וסגו בה:,7,"ὑμεῖς δὲ αὐξάνεσθε καὶ πληθύνεσθε, καὶ πληρώσατε τὴν γῆν καὶ πληθύνεσθε ἐπὶ τῆς γῆς.",14,ܘܐܢܬܘܢ ܦܪܘ ܘܣܓܘ. ܘܐܘܠܕܘ ܒܐܪܥܐ ܘܣܓܘ ܒܗ̇.,7,"Mas vós frutificai, e multiplicai-vos; povoai abundantemente a terra, e multiplicai-vos nela.",12,True,True,True
9,8,Gênesis 9:8,וַיֹּ֤אמֶר אֱלֹהִים֙ אֶל־ נֹ֔חַ וְאֶל־ בָּנָ֥יו אִתּ֖וֹ לֵאמֹֽר ׃,ויאמר אלהימ אל נח ואל בניו אתו לאמר,9,ואמר יי לנח ולבנוהי עמיה למימר:,6,Καὶ εἶπεν ὁ θεὸς τῷ Νῶε καὶ τοῖς υἱοῖς αὐτοῦ μετ᾽ αὐτοῦ λέγων,13,ܘܐܡ̣ܪ ܐܠܗܐ ܠܢܘܚ ܘܠܒܢ̈ܘܗܝ ܥܡܗ.,5,"Disse também Deus a Noé, e a seus filhos com ele:",11,True,True,True
9,9,Gênesis 9:9,וַאֲנִ֕י הִנְנִ֥י מֵקִ֛ים אֶת־ בְּרִיתִ֖י אִתְּכֶ֑ם וְאֶֽת־ זַרְעֲכֶ֖ם אַֽחֲרֵיכֶֽם ׃,ואני הנני מקימ את בריתי אתכמ ואת זרעכמ אחריכמ,10,ואנא הא אנא מקים ית קימי עמכון ועם בניכון בתריכון:,10,"Ἐγὼ ἰδοὺ ἀνίστημι τὴν διαθήκην μου ὑμῖν καὶ τῷ σπέρματι ὑμῶν μεθ᾽ ὑμᾶς,",13,ܐܢܐ ܗܐ ܡܩܝܡ ܐܢܐ ܩܝܡܝ ܥܡܟܘܢ. ܘܥܡ ܙܪܥܟܘܢ ܒܬܪܟܘܢ.,9,"Eis que eu estabeleço o meu pacto convosco e com a vossa descendência depois de vós,",16,True,True,True
9,10,Gênesis 9:10,וְאֵ֨ת כָּל־ נֶ֤פֶשׁ הַֽחַיָּה֙ אֲשֶׁ֣ר אִתְּכֶ֔ם בָּע֧וֹף בַּבְּהֵמָ֛ה וּֽבְכָל־ חַיַּ֥ת הָאָ֖רֶץ אִתְּכֶ֑ם מִכֹּל֙ יֹצְאֵ֣י הַתֵּבָ֔ה לְכֹ֖ל חַיַּ֥ת הָאָֽרֶץ ׃,ואת כל נפש החיה אשר אתכמ בעופ בבהמה ובכל חית הארצ אתכמ מכל יצאי התבה לכל חית הארצ,19,ועם כל נפשא חיתא דעמכון בעופא בבעירא ובכל חיות ארעא דעמכון מכל נפקי תבותא לכל חית ארעא:,17,"καὶ πάσῃ ψυχῇ ζώσῃ μεθ᾽ ὑμῶν, ἀπὸ ὀρνέων καὶ ἀπὸ κτηνῶν, καὶ πᾶσι τοῖς θηρίοις τῆς γῆς ὅσα μεθ᾽ ὑμῶν ἀπὸ πάντων τῶν ἐξελθόντων ἐκ τῆς κιβωτοῦ.",27,ܘܥܡ ܟܠܗ̇ ܢܦܫܐ ܚܝܬܐ ܕܥܡܟܘܢ. ܘܥܡ ܦܪܚܬܐ ܘܥܡ ܒܥܝܪ̈ܐ. ܘܥܡ ܟܠܗ̇ ܚܝܘܬܐ ܕܐܪܥܐ ܕܥܡܟܘܢ. ܡܢ ܟܘܠ ܢܦܩ̈ܝ ܩܒܘܬܐ. ܘܥܡ ܟܠܗ̇ ܚܝܘܬܐ ܕܐܪܥܐ.,22,"e com todo ser vivente que convosco está: com as aves, com o gado e com todo animal da terra; com todos os que saíram da arca, sim, com todo animal da terra.",33,True,True,True
9,11,Gênesis 9:11,וַהֲקִמֹתִ֤י אֶת־ בְּרִיתִי֙ אִתְּכֶ֔ם וְלֹֽא־ יִכָּרֵ֧ת כָּל־ בָּשָׂ֛ר ע֖וֹד מִמֵּ֣י הַמַּבּ֑וּל וְלֹֽא־ יִהְיֶ֥ה ע֛וֹד מַבּ֖וּל לְשַׁחֵ֥ת הָאָֽרֶץ ׃,והקמתי את בריתי אתכמ ולא יכרת כל בשר עוד ממי המבול ולא יהיה עוד מבול לשחת הארצ,18,ואקם ית קימי עמכון ולא ישתיצי כל בשרא עוד ממי טופנא ולא יהי עוד טופנא לחבלא ארעא:,17,"καὶ στήσω τὴν διαθήκην μου πρὸς ὑμᾶς, καὶ οὐκ ἀποθανεῖται πᾶσα σὰρξ ἔτι ἀπὸ τοῦ ὕδατος τοῦ κατακλυσμοῦ, καὶ οὐκ ἔσται ἔτι κατακλυσμὸς ὕδατος τοῦ καταφθεῖραι πᾶσαν τὴν γῆν.",29,ܘܐܩܝܡ ܩܝܡܝ ܥܡܟܘܢ. ܘܠܐ ܢܣܘܦ ܟܠܒܣܪ ܬܘܒ ܡܢ ܡ̈ܝܐ ܕܛܘܦܢܐ. ܘܠܐ ܢܗܘܐ ܬܘܒ ܛܘܦܢܐ ܠܡܚܒܠܘ ܠܐܪܥܐ .,17,"Sim, estabeleço o meu pacto convosco; não será mais destruída toda a carne pelas águas do dilúvio; e não haverá mais dilúvio, para destruir a terra.",26,True,True,True
9,12,Gênesis 9:12,וַיֹּ֣אמֶר אֱלֹהִ֗ים זֹ֤את אֽוֹת־ הַבְּרִית֙ אֲשֶׁר־ אֲנִ֣י נֹתֵ֗ן בֵּינִי֙ וּבֵ֣ינֵיכֶ֔ם וּבֵ֛ין כָּל־ נֶ֥פֶשׁ חַיָּ֖ה אֲשֶׁ֣ר אִתְּכֶ֑ם לְדֹרֹ֖ת עוֹלָֽם ׃,ויאמר אלהימ זאת אות הברית אשר אני נתנ ביני וביניכמ ובינ כל נפש חיה אשר אתכמ לדרת עולמ,19,ואמר יי דא את קים די אנא יהב בין מימרי וביניכון ובין כל נפשא חיתא די עמכון לדרי עלמא:,19,καὶ εἶπεν Κύριος ὁ θεὸς πρὸς Νῶε Τοῦτο τὸ σημεῖον τῆς διαθήκης ὃ ἐγὼ δίδωμι ἀνὰ μέσον ἐμοῦ καὶ ὑμῶν καὶ ἀνὰ μέσον πάσης ψυχῆς ζώσης ἥ ἐστιν μεθ᾽ ὑμῶν εἰς γενεὰς αἰωνίους·,33,ܘܐܡ̣ܪ ܐܠܗܐ ܠܢܘܚ. ܗܕܐ ܐܬܐ ܕܩܝܡܐ ܕܝܗ̇ܒ ܐܢܐ ܒܝܢ̈ܝ ܘܠܟܘܢ. ܘܒܝܬ ܟܠ ܢܦܫܐ ܚܝܬܐ ܕܥܡܟܘܢ ܠܕܪ̈ܝ ܥܠܡܐ.,17,"E disse Deus: Este é o sinal do pacto que firmo entre mim e vós e todo ser vivente que está convosco, por gerações perpétuas:",25,True,True,True
9,13,Gênesis 9:13,אֶת־ קַשְׁתִּ֕י נָתַ֖תִּי בֶּֽעָנָ֑ן וְהָֽיְתָה֙ לְא֣וֹת בְּרִ֔ית בֵּינִ֖י וּבֵ֥ין הָאָֽרֶץ ׃,את קשתי נתתי בעננ והיתה לאות ברית ביני ובינ הארצ,11,ית קשתי יהבית בעננא ותהי לאת קים בין מימרי ובין ארעא:,11,"τὸ τόξον μου τίθημι ἐν τῇ νεφέλῃ, καὶ ἔσται εἰς σημεῖον διαθήκης ἀνὰ μέσον ἐμοῦ καὶ τῆς γῆς.",18,ܩܫܬܝ ܝܗ̇ܒܬ ܒܥܢ̈ܢܐ ܘܬܗܘܐ ܐܬܐ ܕܩܝܡܐ ܒܝܢ̈ܝ ܠܐܪܥܐ.,8,"O meu arco tenho posto nas nuvens, e ele será por sinal de haver um pacto entre mim e a terra.",21,True,True,True
9,14,Gênesis 9:14,וְהָיָ֕ה בְּעַֽנְנִ֥י עָנָ֖ן עַל־ הָאָ֑רֶץ וְנִרְאֲתָ֥ה הַקֶּ֖שֶׁת בֶּעָנָֽן ׃,והיה בענני עננ על הארצ ונראתה הקשת בעננ,9,ויהי בעננותי עננא על ארעא ותתחזי קשתא בעננא:,8,"καὶ ἔσται ἐν τῷ συννεφεῖν με νεφέλας ἐπὶ τὴν γῆν ὀφθήσεται τὸ τόξον μου ἐν τῇ νεφέλῃ,",17,ܘܢܗܘܐ ܡܐ ܕܡܣܩ ܐܢܐ ܥܢ̈ܢܐ ܥܠ ܐܪܥܐ. ܘܬܬܚܙܐ ܩܫܬܐ ܒܥܢ̈ܢܐ.,10,"E acontecerá que, quando eu trouxer nuvens sobre a terra, e aparecer o arco nas nuvens,",16,True,True,True
9,15,Gênesis 9:15,וְזָכַרְתִּ֣י אֶת־ בְּרִיתִ֗י אֲשֶׁ֤ר בֵּינִי֙ וּבֵ֣ינֵיכֶ֔ם וּבֵ֛ין כָּל־ נֶ֥פֶשׁ חַיָּ֖ה בְּכָל־ בָּשָׂ֑ר וְלֹֽא־ יִֽהְיֶ֨ה ע֤וֹד הַמַּ֨יִם֙ לְמַבּ֔וּל לְשַׁחֵ֖ת כָּל־ בָּשָֽׂר ׃,וזכרתי את בריתי אשר ביני וביניכמ ובינ כל נפש חיה בכל בשר ולא יהיה עוד המימ למבול לשחת כל בשר,21,ודכירנא ית קימי די בין מימרי וביניכון ובין כל נפשא חיתא בכל בשרא ולא יהא עוד מיא לטופנא לחבלא כל בשרא:,21,"καὶ μνησθήσομαι τῆς διαθήκης μου, ἥ ἐστιν ἀνὰ μέσον ἐμοῦ καὶ ὑμῶν καὶ ἀνὰ μέσον πάσης ψυχῆς ζώσης ἐν πάσῃ σαρκί· καὶ οὐκ ἔσται ἔτι τὸ ὕδωρ εἰς κατακλυσμόν, ὥστε ἐξαλεῖψαι πᾶσαν σάρκα.",33,ܐܬܕܟܪ ܩܝܡܝ ܕܒܝܢ̈ܝ ܘܠܟܘܢ. ܘܒܝܬ ܟܠ ܢܦܫܐ ܚܝܬܐ ܕܥܡܟܘܢ. ܘܒܝܬ ܟܠ ܒܣܪ. ܘܠܐ ܢܗܘܘܢ ܬܘܒ ܡ̈ܝܐ ܕܛܘܦܢܐ ܠܡ̇ܚܒܠܘ ܟܠܒܣܪ.,19,"então me lembrarei do meu pacto, que está entre mim e vós e todo ser vivente de toda a carne; e as águas não se tornarão mais em dilúvio para destruir toda a carne.",34,True,True,True
9,16,Gênesis 9:16,וְהָיְתָ֥ה הַקֶּ֖שֶׁת בֶּֽעָנָ֑ן וּרְאִיתִ֗יהָ לִזְכֹּר֙ בְּרִ֣ית עוֹלָ֔ם בֵּ֣ין אֱלֹהִ֔ים וּבֵין֙ כָּל־ נֶ֣פֶשׁ חַיָּ֔ה בְּכָל־ בָּשָׂ֖ר אֲשֶׁ֥ר עַל־ הָאָֽרֶץ ׃,והיתה הקשת בעננ וראיתיה לזכר ברית עולמ בינ אלהימ ובינ כל נפש חיה בכל בשר אשר על הארצ,19,ותהי קשתא בעננא ואחזנה למדכר קים עלם בין מימרא דיי ובין כל נפשא חיתא בכל בשרא די על ארעא:,19,"καὶ ἔσται τὸ τόξον μου ἐν τῇ νεφέλῃ, καὶ ὄψομαι τοῦ μνησθῆναι διαθήκην αἰώνιον ἀνὰ μέσον ἐμοῦ καὶ ἀνὰ μέσον πάσης ψυχῆς ζώσης ἐν πάσῃ σαρκὶ ἥ ἐστιν ἐπὶ τῆς γῆς.",31,ܘܬܗܘܐ ܩܫܬܐ ܒܥܢ̈ܢܐ. ܘܐܚܙܝܗ̇ ܠܕܘܟܪܢܐ ܕܩܝܡܐ ܕܠܥܠܡ . ܒܝܬ ܐܠܗܐ ܠܒܝܬ ܟܠ ܢܦܫܐ ܚܝܬܐ ܕܟܠ ܒܣܪ ܕܥܠ ܐܪܥܐ.,18,"O arco estará nas nuvens, e olharei para ele a fim de me lembrar do pacto perpétuo entre Deus e todo ser vivente de toda a carne que está sobre a terra.",32,True,True,True
9,17,Gênesis 9:17,וַיֹּ֥אמֶר אֱלֹהִ֖ים אֶל־ נֹ֑חַ זֹ֤את אֽוֹת־ הַבְּרִית֙ אֲשֶׁ֣ר הֲקִמֹ֔תִי בֵּינִ֕י וּבֵ֥ין כָּל־ בָּשָׂ֖ר אֲשֶׁ֥ר עַל־ הָאָֽרֶץ ׃ פ,ויאמר אלהימ אל נח זאת אות הברית אשר הקמתי ביני ובינ כל בשר אשר על הארצ פ,18,ואמר יי לנח דא את קים די אקמית בין מימרי ובין כל בשרא די על ארעא:,16,καὶ εἶπεν ὁ θεὸς τῷ Νῶε Τοῦτο τὸ σημεῖον τῆς διαθήκης ἧς διεθέμην ἀνὰ μέσον ἐμοῦ καὶ ἀνὰ μέσον πάσης σαρκὸς ἥ ἐστιν ἐπὶ τῆς γῆς.,26,ܘܐܡ̣ܪ ܐܠܗܐ ܠܢܘܚ. ܗܕܐ ܗܝ ܐ̇ܬܐ ܕܩܝܡܐ. ܕܐܩܝ̇ܡܬ ܒܝܢ̈ܝ ܠܒܝܬ ܟܠ ܒܣܪ ܕܥܠ ܐܪܥܐ.,14,Disse Deus a Noé ainda: Esse é o sinal do pacto que tenho estabelecido entre mim e toda a carne que está sobre a terra.,25,True,True,True
9,18,Gênesis 9:18,וַיִּֽהְי֣וּ בְנֵי־ נֹ֗חַ הַיֹּֽצְאִים֙ מִן־ הַתֵּבָ֔ה שֵׁ֖ם וְחָ֣ם וָיָ֑פֶת וְחָ֕ם ה֖וּא אֲבִ֥י כְנָֽעַן ׃,ויהיו בני נח היצאימ מנ התבה שמ וחמ ויפת וחמ הוא אבי כנענ,14,והוו בני נח די נפקו מן תבותא שם וחם ויפת וחם הוא אבוהי דכנען:,14,"Ἦσαν δὲ οἱ υἱοὶ Νῶε οἱ ἐξελθόντες ἐκ τῆς κιβωτοῦ Σήμ, Χάμ, Ἰάφεθ· Χὰμ ἦν πατὴρ Χανάαν.",17,ܘܗܘܘ ܒܢ̈ܝ ܢܘܚ ܕܢܦܩܘ ܡܢ ܩܒܘܬܐ. ܫܝܡ ܘܚܡ ܘܝܦܬ. ܚܡ ܗ̣ܘ ܐܒܘܗܝ ܕܟܢܥܢ.,13,"Ora, os filhos de Noé, que saíram da arca, foram Sem, Cam e Jafé; e Cam é o pai de Canaã.",21,True,True,True
9,19,Gênesis 9:19,שְׁלֹשָׁ֥ה אֵ֖לֶּה בְּנֵי־ נֹ֑חַ וּמֵאֵ֖לֶּה נָֽפְצָ֥ה כָל־ הָאָֽרֶץ ׃,שלשה אלה בני נח ומאלה נפצה כל הארצ,9,תלתא אלין בני נח ומאלין אתבדרו כל ארעא:,8,τρεῖς οὗτοί εἰσιν οἱ υἱοὶ Νῶε· ἀπὸ τούτων διεσπάρησαν ἐπὶ πᾶσαν τὴν γῆν.,13,ܬܠܬܐ ܗܠܝܢ ܒܢ̈ܝ ܢܘܚ. ܘܡܢ ܗܠܝܢ ܐ̇ܬܒܕܪܘ ܒܟܠܗ̇ ܐܪܥܐ.,9,Estes três foram os filhos de Noé; e destes foi povoada toda a terra.,14,True,True,True
9,20,Gênesis 9:20,וַיָּ֥חֶל נֹ֖חַ אִ֣ישׁ הָֽאֲדָמָ֑ה וַיִּטַּ֖ע כָּֽרֶם ׃,ויחל נח איש האדמה ויטע כרמ,7,ושרי נח גבר פלח בארעא ונציב כרמא:,7,"Καὶ ἤρξατο Νῶε ἄνθρωπος γεωργὸς γῆς, καὶ ἐφύτευσεν ἀμπελῶνα.",9,ܘܫ̇ܪܝ ܢܘܚ ܥܒ̇ܕܐ ܒܐܪܥܐ. ܘܢܨ̣ܒ ܟܪܡܐ.,6,E começou Noé a cultivar a terra e plantou uma vinha.,11,True,True,True
9,21,Gênesis 9:21,וַיֵּ֥שְׁתְּ מִן־ הַיַּ֖יִן וַיִּשְׁכָּ֑ר וַיִּתְגַּ֖ל בְּת֥וֹךְ אָהֳלֹֽה ׃,וישת מנ היינ וישכר ויתגל בתוכ אהלה,8,ושתי מן חמרא ורוי ואתגלי בגו משכניה:,7,"καὶ ἔπιεν ἐκ τοῦ οἴνου καὶ ἐμεθύσθη, καὶ ἐγυμνώθη ἐν τῷ οἴκῳ αὐτοῦ.",13,ܘܐܫܬܝ ܡܢ ܚܡܪܗ ܘܪܘܝ ܘܐܬܓܠܝ ܒܓܘ ܡܫܟܢܗ.,7,"Bebeu do vinho, e embriagou-se; e achava-se nu dentro da sua tenda.",12,True,True,True
9,22,Gênesis 9:22,וַיַּ֗רְא חָ֚ם אֲבִ֣י כְנַ֔עַן אֵ֖ת עֶרְוַ֣ת אָבִ֑יו וַיַּגֵּ֥ד לִשְׁנֵֽי־ אֶחָ֖יו בַּחֽוּץ ׃,וירא חמ אבי כנענ את ערות אביו ויגד לשני אחיו בחוצ,12,וחזא חם אבוהי דכנען ית עריתא דאבוהי וחוי לתרין אחוהי בשוקא:,11,"καὶ εἶδεν Χὰμ ὁ πατὴρ Χανάαν τὴν γύμνωσιν τοῦ πατρὸς αὐτοῦ, καὶ ἐξελθὼν ἀνήγγειλεν τοῖς δυσὶν ἀδελφοῖς αὐτοῦ ἔξω.",19,ܘܚ̣ܙܐ ܚܡ ܐܒܘܗܝ ܕܟܢܥܢ ܥܪܛܠܝܘܬܐ ܕܐܒܘܗܝ. ܘܚܘܝ ܠܬܪ̈ܝܢ ܐܚ̈ܘܗܝ.,9,"E Cam, pai de Canaã, viu a nudez de seu pai, e o contou a seus dois irmãos que estavam fora.",21,True,True,True
9,23,Gênesis 9:23,וַיִּקַּח֩ שֵׁ֨ם וָיֶ֜פֶת אֶת־ הַשִּׂמְלָ֗ה וַיָּשִׂ֨ימוּ֙ עַל־ שְׁכֶ֣ם שְׁנֵיהֶ֔ם וַיֵּֽלְכוּ֙ אֲחֹ֣רַנִּ֔ית וַיְכַסּ֕וּ אֵ֖ת עֶרְוַ֣ת אֲבִיהֶ֑ם וּפְנֵיהֶם֙ אֲחֹ֣רַנִּ֔ית וְעֶרְוַ֥ת אֲבִיהֶ֖ם לֹ֥א רָאֽוּ ׃,ויקח שמ ויפת את השמלה וישימו על שכמ שניהמ וילכו אחרנית ויכסו את ערות אביהמ ופניהמ אחרנית וערות אביהמ לא ראו,22,ונסיב שם ויפת ית כסותא ושויו על כתף תרויהון ואזלו מחזרין וחפיאו ית עריתא דאבוהון ואפיהון מחזרין ועריתא דאבוהון לא חזו:,21,"καὶ λαβόντες Σὴμ καὶ Ἰάφεθ τὸ ἱμάτιον ἐπέθηκαν ἐπὶ τὰ δύο νῶτα αὐτῶν, καὶ ἐπορεύθησαν ὀπισθοφανῶς καὶ συνεκάλυψαν τὴν γύμνωσιν τοῦ πατρὸς αὐτῶν· καὶ τὸ πρόσωπον αὐτῶν ὀπισθοφανές, καὶ τὴν γύμνωσιν τοῦ πατρὸς αὐτῶν οὐκ ἴδον.",36,ܘܢܣܒܘ ܫܝܡ ܘܝܦܬ ܡܪܛܘܛܐ. ܘܐܪܡܝܘ ܥܠ ܟܬ̈ܦܬܐ ܕܬܪ̈ܝܗܘܢ. ܘܗܠܟܘ ܒܪ ܒܣܬܪܐܝܬ. ܘܟܣܝܘ ܥܪܛܠܝܘܬܐ ܕܐܒܘܗܘܢ. ܘܐ̈ܦܝܗܘܢ ܠܒܣܬܪܗܘܢ. ܘܥܪܛܠܝܘܬܐ ܕܐܒܘܗܘܢ ܠܐ ܚܙܘ.,20,"Então tomaram Sem e Jafé uma capa, e puseram-na sobre os seus ombros, e andando virados para trás, cobriram a nudez de seu pai, tendo os rostos virados, de maneira que não viram a nudez de seu pai.",38,True,True,True
9,24,Gênesis 9:24,וַיִּ֥יקֶץ נֹ֖חַ מִיֵּינ֑וֹ וַיֵּ֕דַע אֵ֛ת אֲשֶׁר־ עָ֥שָׂה־ ל֖וֹ בְּנ֥וֹ הַקָּטָֽן ׃,וייקצ נח מיינו וידע את אשר עשה לו בנו הקטנ,11,ואתער נח מחמריה וידע ית די עבד ליה בריה זעירא:,10,"ἐξένηψεν δὲ Νῶε ἀπὸ τοῦ οἴνου, καὶ ἔγνω ὅσα ἐποίησεν αὐτῷ ὁ υἱὸς αὐτοῦ ὁ νεώτερος.",16,ܘܐܬܬܥܝܪ ܢܘܚ ܡܢ ܚܡܪܗ. ܘܝܕܥ̣ ܟܠ ܕܥܒ̣ܕ ܠܗ ܒܪܗ ܙܥܘܪܐ.,10,"Despertado que foi Noé do seu vinho, soube o que seu filho mais moço lhe fizera;",16,True,True,True
9,25,Gênesis 9:25,וַיֹּ֖אמֶר אָר֣וּר כְּנָ֑עַן עֶ֥בֶד עֲבָדִ֖ים יִֽהְיֶ֥ה לְאֶחָֽיו ׃,ויאמר ארור כנענ עבד עבדימ יהיה לאחיו,8,ואמר ליט כנען עבד פלח עבדין יהי לאחוהי:,8,καὶ εἶπεν Ἐπικατάρατος Χανάαν· παῖς οἰκέτης ἔσται τοῖς ἀδελφοῖς αὐτοῦ.,10,ܘܐܡ̣ܪ ܠܝܛ ܟܢܥܢ. ܥܒ̣ܕ ܥܒ̈ܕܝܢ ܢܗܘܐ ܠܐܚ̈ܘܗܝ.,7,e disse: Maldito seja Canaã; servo dos servos será de seus irmãos.,12,True,True,True
9,26,Gênesis 9:26,וַיֹּ֕אמֶר בָּר֥וּךְ יְהֹוָ֖ה אֱלֹ֣הֵי שֵׁ֑ם וִיהִ֥י כְנַ֖עַן עֶ֥בֶד לָֽמוֹ ׃,ויאמר ברוכ יהוה אלהי שמ ויהי כנענ עבד למו,10,ואמר בריך יי אלהה דשם ויהי כנען עבדא להון:,9,"καὶ εἶπεν Εὐλογητὸς Κύριος ὁ θεὸς τοῦ Σήμ, καὶ ἔσται Χανάαν παῖς αὐτοῦ.",13,ܘܐܡ̣ܪ. ܒܪܝܟ ܡܪܝܐ ܐܠܗܗ ܕܫܝܡ. ܘܢܗܘܐ ܟܢܥܢ ܥܒ̣ܕܐ ܠܗܘܢ.,9,"Disse mais: Bendito seja o Senhor, o Deus de Sem; e seja-lhe Canaã por servo.",15,True,True,True
9,27,Gênesis 9:27,יַ֤פְתְּ אֱלֹהִים֙ לְיֶ֔פֶת וְיִשְׁכֹּ֖ן בְּאָֽהֳלֵי־ שֵׁ֑ם וִיהִ֥י כְנַ֖עַן עֶ֥בֶד לָֽמוֹ ׃,יפת אלהימ ליפת וישכנ באהלי שמ ויהי כנענ עבד למו,11,יפתי יי ליפת וישרי שכינתיה במשכניה דשם ויהי כנען עבדא להון:,11,"πλατύναι ὁ θεὸς τῷ Ἰάφεθ, καὶ κατοικησάτω ἐν τοῖς οἴκοις τοῦ Σήμ· καὶ γενηθήτω Χανάαν παῖς αὐτῶν.",17,ܢܦܬܐ ܐܠܗܐ ܠܝܦܬ. ܘܢܫܪܐ ܒܡܫܟܢܗ ܕܫܝܡ. ܘܢܗܘܐ ܟܢܥܢ ܥܒܕܐ ܠܗܘܢ.,10,"Alargue Deus a Jafé, e habite Jafé nas tendas de Sem; e seja-lhe Canaã por servo.",16,True,True,True
9,28,Gênesis 9:28,וַֽיְחִי־ נֹ֖חַ אַחַ֣ר הַמַּבּ֑וּל שְׁלֹ֤שׁ מֵאוֹת֙ שָׁנָ֔ה וַֽחֲמִשִּׁ֖ים שָׁנָֽה ׃,ויחי נח אחר המבול שלש מאות שנה וחמשימ שנה,10,וחיא נח בתר טופנא תלת מאה וחמשין שנין:,8,Ἔζησεν δὲ Νῶε μετὰ τὸν κατακλυσμὸν τριακόσια πεντήκοντα ἔτη.,9,ܘܚ̣ܝܐ ܢܘܚ ܡܢ ܒܬܪ ܛܘܦܢܐ. ܬܠܬܡܐܐ ܘܚܡܫܝܢ ܫܢܝ̈ܢ.,8,"Viveu Noé, depois do dilúvio, trezentos e cinqüenta anos.",9,True,True,True
9,29,Gênesis 9:29,וַיִּֽהְיוּ֙ כָּל־ יְמֵי־ נֹ֔חַ תְּשַׁ֤ע מֵאוֹת֙ שָׁנָ֔ה וַחֲמִשִּׁ֖ים שָׁנָ֑ה וַיָּמֹֽת ׃ פ,ויהיו כל ימי נח תשע מאות שנה וחמשימ שנה וימת פ,12,והוו כל יומי נח תשע מאה וחמשין שנין ומית:,9,"καὶ ἐγένοντο πᾶσαι αἱ ἡμέραι Νῶε ἐννακόσια πεντήκοντα ἔτη, καὶ ἀπέθανεν.",11,ܘܗܘܘ ܟܘܠ ܝܘܡ̈ܘܗܝ ܕܢܘܚ. ܬܫܥܡܐܐ ܘܚܡܫܝܢ ܫ̈ܢܝܢ ܘܡܝܬ.,8,E foram todos os dias de Noé novecentos e cinqüenta anos; e morreu.,13,True,True,True
10,1,Gênesis 10:1,וְאֵ֨לֶּה֙ תּוֹלְדֹ֣ת בְּנֵי־ נֹ֔חַ שֵׁ֖ם חָ֣ם וָיָ֑פֶת וַיִּוָּלְד֥וּ לָהֶ֛ם בָּנִ֖ים אַחַ֥ר הַמַּבּֽוּל ׃,ואלה תולדת בני נח שמ חמ ויפת ויולדו להמ בנימ אחר המבול,13,ואלין תולדת בני נח שם חם ויפת ואתילידו להון בנין בתר טופנא:,12,"Αὗται δὲ αἱ γενέσεις τῶν υἱῶν Νῶε, Σήμ, Χάμ, Ἰάφεθ· καὶ ἐγενήθησαν αὐτοῖς υἱοὶ μετὰ τὸν κατακλυσμόν.",17,ܘܗܠܝܢ ܬܘ̈ܠܕܬܐ ܕܒܢ̈ܝ ܢܘܚ. ܫܝܡ ܘܚܡ ܘܝܦܬ. ܘܐܬܝܠܕܘ ܠܗܘܢ ܒܢ̈ܝܐ ܡܢ ܒܬܪ ܛܘܦܢܐ.,13,"Estas, pois, são as gerações dos filhos de Noé: Sem, Cam e Jafé, aos quais nasceram filhos depois do dilúvio.",20,True,True,True
10,2,Gênesis 10:2,בְּנֵ֣י יֶ֔פֶת גֹּ֣מֶר וּמָג֔וֹג וּמָדַ֖י וְיָוָ֣ן וְתֻבָ֑ל וּמֶ֖שֶׁךְ וְתִירָֽס ׃,בני יפת גמר ומגוג ומדי ויונ ותבל ומשכ ותירס,10,בני יפת גומר ומגוג ומדי ויון ותובל ומשך ותירס:,9,Υἱοὶ Ἰάφεθ· Γάμερ καὶ Μαγὼγ καὶ Μαδαὶ καὶ Ἰωυὰν καὶ Ἐλισὰ καὶ Θοβὲλ καὶ Μόσοχ καὶ Θειράς.,17,ܒܢ̈ܝ ܝܦܬ. ܓܡ̇ܪ ܘܡܓܘܓ. ܘܡܕܝ ܘܝܘܢ. ܘܬܘܒܝܠ. ܘܡܫܟ ܘܬܝܪܣ.,9,"Os filhos de Jafé: Gomer, Magogue, Madai, Javã, Tubal, Meseque e Tiras.",12,True,True,True
10,3,Gênesis 10:3,וּבְנֵ֖י גֹּ֑מֶר אַשְׁכֲּנַ֥ז וְרִיפַ֖ת וְתֹגַרְמָֽה ׃,ובני גמר אשכנז וריפת ותגרמה,6,ובני גומר אשכנז וריפת ותוגרמה:,5,καὶ υἱοὶ Γάμερ· Ἀσχανὰζ καὶ Ῥιφὰθ καὶ Θεργαμά.,8,ܘܒܢ̈ܝ ܓܡ̇ܪ. ܐܫܟܢܙ ܘܕܝܦܪ ܘܬܘܓܪܡܐ.,5,"Os filhos de Gomer: Asquenaz, Rifate e Togarma.",8,True,True,True
10,4,Gênesis 10:4,וּבְנֵ֥י יָוָ֖ן אֱלִישָׁ֣ה וְתַרְשִׁ֑ישׁ כִּתִּ֖ים וְדֹדָנִֽים ׃,ובני יונ אלישה ותרשיש כתימ ודדנימ,7,ובני יון אלישה ותרשיש כתים ודדנים:,6,"καὶ υἱοὶ Ἰωυάν· Ἐλισὰ καὶ Θαρσίς, Κήτιοι, Ῥόδιοι.",8,ܘܒܢ̈ܝ ܝܘܢ. ܐܠܝܫܐ ܘܬܪܫܝܫ. ܘܟܬܝܡ ܘܕܘܪܢܝܡ.,6,"Os filhos de Javã: Elisá, Társis, Quitim e Dodanim.",9,True,True,True
10,5,Gênesis 10:5,מֵ֠אֵלֶּה נִפְרְד֞וּ אִיֵּ֤י הַגּוֹיִם֙ בְּאַרְצֹתָ֔ם אִ֖ישׁ לִלְשֹׁנ֑וֹ לְמִשְׁפְּחֹתָ֖ם בְּגוֹיֵהֶֽם ׃,מאלה נפרדו איי הגוימ בארצתמ איש ללשנו למשפחתמ בגויהמ,10,מאלין אתפרשו נגות עממיא בארעהון גבר ללישניה לזרעיתהון בעממיהון:,9,ἐκ τούτων ἀφωρίσθησαν νῆσοι τῶν ἐθνῶν ἐν τῇ γῇ αὐτῶν· ἕκαστος κατὰ γλῶσσαν ἐν ταῖς φυλαῖς αὐτῶν καὶ ἐν τοῖς ἔθνεσιν αὐτῶν.,22,ܘܡܢ ܗܠܝܢ ܐܬܦܪܫܘ ܒܓܙܪ̈ܬܐ ܕܥܡ̈ܡܐ ܒܐܪ̈ܥܬܗܘܢ. ܓܒܪ ܠܠܫܢܗ ܠܫܪ̈ܒܬܗܘܢ ܒܥܡ̈ܡܝܗܘܢ.,10,"Por estes foram repartidas as ilhas das nações nas suas terras, cada qual segundo a sua língua, segundo as suas famílias, entre as suas nações.",25,True,True,True
10,6,Gênesis 10:6,וּבְנֵ֖י חָ֑ם כּ֥וּשׁ וּמִצְרַ֖יִם וּפ֥וּט וּכְנָֽעַן ׃,ובני חמ כוש ומצרימ ופוט וכנענ,7,ובני חם כוש ומצרים ופוט וכנען:,6,"Υἱοὶ δὲ Χάμ· Χοὺς καὶ Μεσράιν, Φοὺδ καὶ Χανάαν.",9,ܘܒܢ̈ܝ ܚܡ. ܟܘܫ ܘܡܨܪܝܡ. ܘܦܘܛ ܘܟܢܥܢ.,6,"Os filhos de Cam: Cuche, Mizraim, Pute e Canaã.",9,True,True,True
10,7,Gênesis 10:7,וּבְנֵ֣י כ֔וּשׁ סְבָא֙ וַֽחֲוִילָ֔ה וְסַבְתָּ֥ה וְרַעְמָ֖ה וְסַבְתְּכָ֑א וּבְנֵ֥י רַעְמָ֖ה שְׁבָ֥א וּדְדָֽן ׃,ובני כוש סבא וחוילה וסבתה ורעמה וסבתכא ובני רעמה שבא ודדנ,12,ובני כוש סבא וחוילה וסבתה ורעמה וסבתכא ובני רעמה שבא ודדן:,11,υἱοὶ δὲ Χούς· Σαβὰ καὶ Εὑιλὰ καὶ Σαβαθὰ καὶ Ῥεγχμὰ καὶ Σαβακαθά. υἱοὶ δὲ Ῥεγχμά· Σαβὰ καὶ Δαδάν.,18,ܘܒܢ̈ܝ ܟܘܫ. ܫܒܐ ܘܚܘܝܠܐ. ܘܣܒܬܐ ܘܪܥܡܐ ܘܣܒܬܟܐ ܘܒܢ̈ܝ ܪܥܡܐ. ܫܒܐ ܘܕܪܢ.,11,"Os filhos de Cuche: Seba, Havilá, Sabtá, Raamá e Sabtecá; e os filhos de Raamá são Sebá e Dedã.",19,True,True,True
10,8,Gênesis 10:8,וְכ֖וּשׁ יָלַ֣ד אֶת־ נִמְרֹ֑ד ה֣וּא הֵחֵ֔ל לִֽהְי֥וֹת גִּבֹּ֖ר בָּאָֽרֶץ ׃,וכוש ילד את נמרד הוא החל להיות גבר בארצ,10,וכוש אוליד ית נמרד הוא שרי למהוי גבר תקיף בארעא:,10,Χοὺς δὲ ἐγέννησεν τὸν Νεβρώδ· οὗτος ἤρξατο εἶναι γίγας ἐπὶ τῆς γῆς.,12,ܘܟܘܫ ܐܘܠܕ ܠܢܡܪܘܕ. ܗ̣ܘ ܫܪܝ ܠܡܗܘܐ ܓܢܒܪܐ ܒܐܪܥܐ.,8,"Cuche também gerou a Ninrode, o qual foi o primeiro a ser poderoso na terra.",15,True,True,True
10,9,Gênesis 10:9,הֽוּא־ הָיָ֥ה גִבֹּֽר־ צַ֖יִד לִפְנֵ֣י יְהוָ֑ה עַל־ כֵּן֙ יֵֽאָמַ֔ר כְּנִמְרֹ֛ד גִּבּ֥וֹר צַ֖יִד לִפְנֵ֥י יְהוָֽה ׃,הוא היה גבר ציד לפני יהוה על כנ יאמר כנמרד גבור ציד לפני יהוה,15,הוא הוה גבר תקיף קדם יי על כן יתאמר כנמרד גבר תקיף קדם יי:,14,οὗτος ἦν γίγας κυνηγὸς ἐναντίον Κυρίου τοῦ θεοῦ· διὰ τοῦτο ἐροῦσιν Ὡς Νεβρὼδ γίγας κυνηγὸς ἐναντίον Κυρίου.,17,ܗ̣ܘ ܗܘ̣ܐ ܓܢܒܪܐ ܢܚܫܝܪܬܢܐ ܩܕܡ ܡܪܝܐ. ܡܛܠ ܗܢܐ ܡܬܐܡ̣ܪ. ܐܝܟ ܢܡܪܘܕ ܓܢܒܪܐ ܢܚܫܝܪܬܢܐ ܩܕܡ ܡܪܝܐ.,15,"Ele era poderoso caçador diante do Senhor; pelo que se diz: Como Ninrode, poderoso caçador diante do Senhor.",18,True,True,True
10,10,Gênesis 10:10,וַתְּהִ֨י רֵאשִׁ֤ית מַמְלַכְתּוֹ֙ בָּבֶ֔ל וְאֶ֖רֶךְ וְאַכַּ֣ד וְכַלְנֵ֑ה בְּאֶ֖רֶץ שִׁנְעָֽר ׃,ותהי ראשית ממלכתו בבל וארכ ואכד וכלנה בארצ שנער,10,והוה ריש מלכותיה בבל וארך ואכד וכלנה בארעא דבבל:,9,καὶ ἐγένετο ἀρχὴ τῆς βασιλείας αὐτοῦ Βαβυλὼν καὶ Ὄρεχ καὶ Ἀρχὰδ καὶ Χαλαννὴ ἐν τῇ γῇ Σενναάρ.,17,ܘܗܘܬ ܪܝܫ ܡܠܟܘܬܗ ܒܒܠ. ܘܐܪܟ ܘܐܟܪ ܘܟܠܝܐ ܒܐܪܥܐ ܕܣܢܥܪ.,9,"O princípio do seu reino foi Babel, Ereque, Acade e Calné, na terra de Sinar.",15,True,True,True
10,11,Gênesis 10:11,מִן־ הָאָ֥רֶץ הַהִ֖וא יָצָ֣א אַשּׁ֑וּר וַיִּ֨בֶן֙ אֶת־ נִ֣ינְוֵ֔ה וְאֶת־ רְחֹבֹ֥ת עִ֖יר וְאֶת־ כָּֽלַח ׃,מנ הארצ ההוא יצא אשור ויבנ את נינוה ואת רחבת עיר ואת כלח,14,מן ארעא ההיא נפק אתוראה ובנא ית נינוה וית רחבת קרתא וית כלח:,13,"ἐκ τῆς γῆς ἐκείνης ἐξῆλθεν Ἀσσούρ· καὶ ᾠκοδόμησεν τὴν Νινευὴ καὶ την Ῥοωβὼς πόλιν καὶ Χάλαχ,",16,ܡܢ ܐܪܥܐ ܗ̇ܝ ܢܦ̣ܩ ܐܬܘܪܝܐ ܘܒܢ̣ܐ ܠܢܝܢܘܐ ܘܠܪܚܒܘܬ ܩܪܝܬܐ. ܘܠܟܠܚ.,10,"Desta mesma terra saiu ele para a Assíria e edificou Nínive, Reobote-Ir, Calá,",13,True,True,True
10,12,Gênesis 10:12,וְֽאֶת־ רֶ֔סֶן בֵּ֥ין נִֽינְוֵ֖ה וּבֵ֣ין כָּ֑לַח הִ֖וא הָעִ֥יר הַגְּדֹלָֽה ׃,ואת רסנ בינ נינוה ובינ כלח הוא העיר הגדלה,10,וית רסן בין נינוה ובין כלח היא קרתא רבתא:,9,"καὶ τὴν Δάσεμ, ἀνὰ μέσον Νινευὴ καὶ ἀνὰ μέσον Χάλαχ· αὕτη ἡ πόλις ἡ μεγάλη. ⸆",16,ܘܠܪܣܢ ܕܒܝܬ ܢܝܢܘܐ. ܘܒܝܬ ܟܠܚ ܗܝ ܗܝ ܩܪܝܬܐ ܪܒܬܐ.,9,e Résem entre Nínive e Calá {esta é a grande cidade}.,11,True,True,True
10,13,Gênesis 10:13,וּמִצְרַ֡יִם יָלַ֞ד אֶת־ לוּדִ֧ים וְאֶת־ עֲנָמִ֛ים וְאֶת־ לְהָבִ֖ים וְאֶת־ נַפְתֻּחִֽים ׃,ומצרימ ילד את לודימ ואת ענמימ ואת להבימ ואת נפתחימ,11,ומצראי אוליד ית לודאי וית ענמאי וית להבאי וית נפתוחאי:,10,καὶ Μεσράιν ἐγέννησεν τοὺς Λουδιεὶμ καὶ τοὺς Νεφθαλιεὶμ καὶ τοὺς Αἰνεμετιεὶμ καὶ τοὺς Λαβιεὶμ,14,ܘܡܨܪܝܡ ܐܘܠܕ ܠܠܘܕܝܡ. ܘܠܝܥܒܝܡ ܘܠܠܗܒܝܡ. ܘܠܝܦܬܘܚܝܡ.,6,"Mizraim gerou a Ludim, Anamim, Leabim, Naftuim,",7,True,True,True
10,14,Gênesis 10:14,וְֽאֶת־ פַּתְרֻסִ֞ים וְאֶת־ כַּסְלֻחִ֗ים אֲשֶׁ֨ר יָצְא֥וּ מִשָּׁ֛ם פְּלִשְׁתִּ֖ים וְאֶת־ כַּפְתֹּרִֽים ׃ ס,ואת פתרסימ ואת כסלחימ אשר יצאו משמ פלשתימ ואת כפתרימ ס,12,וית פתרוסאי וית כסלוחאי די נפקו מתמן פלשתאי וית קפוטקאי:,10,"καὶ τοὺς Πατροσωνιεὶμ καὶ τοὺς Χασμωνιείμ, ὅθεν ἐξῆλθεν ἐκεῖθεν Φυλιστιείμ, καὶ τοὺς Χαφθοριείμ.",13,ܘܠܦܬܪܘܣܝܡ ܘܠܟܣܠܘܚܝܡ. ܕܢܦܩ̣ܘ ܡܢ ܬܡܢ ܦܠܫ̈ܬܝܐ ܘܩܦܘܕܩ̈ܝܐ.,7,"Patrusim, Casluim {donde saíram os filisteus} e Caftorim.",8,True,True,True
10,15,Gênesis 10:15,וּכְנַ֗עַן יָלַ֛ד אֶת־ צִידֹ֥ן בְּכֹר֖וֹ וְאֶת־ חֵֽת ׃,וכנענ ילד את צידנ בכרו ואת חת,8,וכנען אוליד ית צידון בכריה וית חת:,7,"Χανάαν δὲ ἐγέννησεν τὸν Σιδῶνα πρωτότοκον, καὶ τὸν Χετταῖον",9,ܘܟܢܥܢ ܐܘܠܕ ܠܨܝܕܘܢ ܒܘܟܪܗ. ܘܠܚ̈ܬܝܐ.,5,"Canaã gerou a Sidom, seu primogênito, e Hete,",8,True,True,True
10,16,Gênesis 10:16,וְאֶת־ הַיְבוּסִי֙ וְאֶת־ הָ֣אֱמֹרִ֔י וְאֵ֖ת הַגִּרְגָּשִֽׁי ׃,ואת היבוסי ואת האמרי ואת הגרגשי,7,וית יבוסאי וית אמוראי וית גרגשאי:,6,καὶ τὸν Ἰεβουσαῖον καὶ τὸν Ἀμορραῖον καὶ τὸν Γεργεσαῖον,9,ܘܠܝܒ̈ܘܣܝܐ ܘܠܐܡܘܪ̈ܝܐ ܘܠܓܪ̈ܓܘܣܝܐ.,3,"e ao jebuseu, o amorreu, o girgaseu,",7,True,True,True
10,17,Gênesis 10:17,וְאֶת־ הַֽחִוִּ֥י וְאֶת־ הַֽעַרְקִ֖י וְאֶת־ הַסִּינִֽי ׃,ואת החוי ואת הערקי ואת הסיני,7,וית חואי וית ערקאי וית אנתוסאי:,6,καὶ τὸν Εὑαῖον καὶ τὸν Ἀρουκαῖον καὶ τὸν Ἁσενναῖον,9,ܘܠܚ̈ܘܝܐ ܘܠܥܪ̈ܩܝܐ ܘܠܣ̈ܝܢܝܐ.,3,"o heveu, o arqueu, o sineu,",6,True,True,True
10,18,Gênesis 10:18,וְאֶת־ הָֽאַרְוָדִ֥י וְאֶת־ הַצְּמָרִ֖י וְאֶת־ הַֽחֲמָתִ֑י וְאַחַ֣ר נָפֹ֔צוּ מִשְׁפְּח֖וֹת הַֽכְּנַעֲנִֽי ׃,ואת הארודי ואת הצמרי ואת החמתי ואחר נפצו משפחות הכנעני,11,וית ארודאי וית צמראי וית חמתאי ובתר כן אתבדרו זרעית כנענאי:,11,καὶ τὸν Ἀράδιον καὶ τὸν Σαμαραῖον καὶ τὸν Ἁμαθί. καὶ μετὰ τοῦτο διεσπάρησαν αἱ φυλαὶ τῶν Χαναναίων.,17,ܘܠܐܪ̈ܘܕܝܐ. ܘܠܨܡܪ̈ܝܐ ܘܠܚ̈ܡܬܝܐ. ܘܡܢ ܒܬܪܟܢ ܐܬܒܕܪ ܫܪ̈ܒܬܐ ܕܟܢ̈ܥܢܝܐ.,8,"o arvadeu, o zemareu e o hamateu. Depois se espalharam as famílias dos cananeus.",14,True,True,True
10,19,Gênesis 10:19,וַֽיְהִ֞י גְּב֤וּל הַֽכְּנַעֲנִי֙ מִצִּידֹ֔ן בֹּאֲכָ֥ה גְרָ֖רָה עַד־ עַזָּ֑ה בֹּאֲכָ֞ה סְדֹ֧מָה וַעֲמֹרָ֛ה וְאַדְמָ֥ה וּצְבֹיִ֖ם עַד־ לָֽשַׁע ׃,ויהי גבול הכנעני מצידנ באכה גררה עד עזה באכה סדמה ועמרה ואדמה וצבימ עד לשע,16,והוה תחום כנענאי מצידון מטי לגרר עד עזה מטי לסדום ועמורה ואדמה וצבוים עד לשע:,15,"καὶ ἐγένοντο τὰ ὅρια Χαναναίων ἀπὸ Σιδῶνος ἕως ἐλθεῖν εἰς Γέραρα καὶ Γάζαν, ἕως ἐλθεῖν ἕως Σοδόμων καὶ Γομόρρας, Ἀδαμὰ καὶ Σεβωὶμ ἕως Δασά.",24,ܘܗܘ̣ܐ ܬܚܘܡܐ ܕܟܢ̈ܥܢܝܐ. ܡܢ ܨܝܕܘܢ ܕܒܡܥܠܢܐ ܕܓܕܪ. ܘܥܕܡܐ ܠܥܐܙܐ ܕܒܡܥܠܢܐ ܕܣܕܘܡ ܘܕܥܡܘܪܐ. ܘܕܐܕܡܐ ܘܕܨܒܘܐܝܡ ܥܕܡܐ ܠܠܫܥ.,16,"Foi o termo dos cananeus desde Sidom, em direção a Gerar, até Gaza; e daí em direção a Sodoma, Gomorra, Admá e Zeboim, até Lasa.",25,True,True,True
10,20,Gênesis 10:20,אֵ֣לֶּה בְנֵי־ חָ֔ם לְמִשְׁפְּחֹתָ֖ם לִלְשֹֽׁנֹתָ֑ם בְּאַרְצֹתָ֖ם בְּגוֹיֵהֶֽם ׃ ס,אלה בני חמ למשפחתמ ללשנתמ בארצתמ בגויהמ ס,9,אלין בני חם לזרעיתהון ללישנהון בארעתהון בעממיהון:,7,"οὗτοι υἱοὶ Χὰμ ἐν ταῖς φυλαῖς αὐτῶν, κατὰ γλώσσας αὐτῶν, ἐν ταῖς χώραις αὐτῶν καὶ ἐν τοῖς ἔθνεσιν αὐτῶν.",19,ܗܠܝܢ ܒܢ̈ܝ ܚܡ ܠܫܪ̈ܒܬܗܘܢ. ܠܠܫ̈ܢܝܗܘܢ ܒܐܪ̈ܥܬܗܘܢ ܒܥܡ̈ܡܝܗܘܢ.,7,"São esses os filhos de Cam segundo as suas famílias, segundo as suas línguas, em suas terras, em suas nações.",20,True,True,True
10,21,Gênesis 10:21,וּלְשֵׁ֥ם יֻלַּ֖ד גַּם־ ה֑וּא אֲבִי֙ כָּל־ בְּנֵי־ עֵ֔בֶר אֲחִ֖י יֶ֥פֶת הַגָּדֽוֹל ׃,ולשמ ילד גמ הוא אבי כל בני עבר אחי יפת הגדול,12,ולשם אתיליד אף הוא אבוהון דכל בני עבר אחוהי דיפת רבא:,11,"Καὶ τῷ Σὴμ ἐγενήθη καὶ αὐτῷ, πατρὶ πάντων τῶν υἱῶν Ἔβερ, ἀδελφῷ Ἰάφεθ τοῦ μείζονος.",15,ܘܫܝܡ ܐܘܠܕ ܐܦ ܗ̣ܘ. ܐܒܘܗܘܢ ܕܟܠ ܒܢ̈ܝ ܥܒ̇ܪ. ܐܚܘܗܝ ܕܝܦܬ ܪܒܐ.,11,"A Sem, que foi o pai de todos os filhos de Eber e irmão mais velho de Jafé, a ele também nasceram filhos.",23,True,True,True
10,22,Gênesis 10:22,בְּנֵ֥י שֵׁ֖ם עֵילָ֣ם וְאַשּׁ֑וּר וְאַרְפַּכְשַׁ֖ד וְל֥וּד וַֽאֲרָֽם ׃,בני שמ עילמ ואשור וארפכשד ולוד וארמ,8,בני שם עילם ואשור וארפכשד ולוד וארם:,7,υἱοὶ Σήμ· Αἰλὰμ καὶ Ἀσσοὺρ καὶ Ἀρφαξὰδ καὶ Λοὺδ καὶ Ἀράμ.,11,ܒܢ̈ܝ ܫܝܡ. ܥܝܠܡ̣ ܘܐܫܘܪ ܘܐܪܦܟܫܪ . ܘܠܘܕ ܘܐܪܡ.,8,"Os filhos de Sem foram: Elão, Assur, Arfaxade, Lude e Arão.",11,True,True,True
10,23,Gênesis 10:23,וּבְנֵ֖י אֲרָ֑ם ע֥וּץ וְח֖וּל וְגֶ֥תֶר וָמַֽשׁ ׃,ובני ארמ עוצ וחול וגתר ומש,7,ובני ארם עוץ וחול וגתר ומש:,6,καὶ υἱοὶ Ἀράμ· Ὢς καὶ Οὓλ καὶ Γάθερ καὶ Μόσοχ.,10,ܘܒܢ̈ܝ ܐܪܡ. ܥܘܨ ܘܚܘܠ. ܘܓܬܪ ܘܡܫ.,6,"Os filhos de Arão: Uz, Hul, Geter e Más.",9,True,True,True
10,24,Gênesis 10:24,וְאַרְפַּכְשַׁ֖ד יָלַ֣ד אֶת־ שָׁ֑לַח וְשֶׁ֖לַח יָלַ֥ד אֶת־ עֵֽבֶר ׃,וארפכשד ילד את שלח ושלח ילד את עבר,9,וארפכשד אוליד ית שלח ושלח אוליד ית עבר:,8,"καὶ Ἀρφαξὰδ ἐγέννησεν τὸν Καινάμ, καὶ Καινὰμ ἐγέννησεν τὸν Σάλα, Σάλα δὲ ἐγέννησεν τὸν Ἔβερ.",15,ܘܐܪܦܟܫܪ ܐܘܠܕ ܠܫ̇ܠܚ. ܘܫܠܚ ܐܘܠܕ ܠܥܒ̇ܪ.,6,Arfaxade gerou a Selá; e Selá gerou a Eber.,9,True,True,True
10,25,Gênesis 10:25,וּלְעֵ֥בֶר יֻלַּ֖ד שְׁנֵ֣י בָנִ֑ים שֵׁ֣ם הָֽאֶחָ֞ד פֶּ֗לֶג כִּ֤י בְיָמָיו֙ נִפְלְגָ֣ה הָאָ֔רֶץ וְשֵׁ֥ם אָחִ֖יו יָקְטָֽן ׃,ולעבר ילד שני בנימ שמ האחד פלג כי בימיו נפלגה הארצ ושמ אחיו יקטנ,15,ולעבר אתילידו תרין בנין שום חד פלג ארי ביומוהי אתפליגת ארעא ושום אחוהי יקטן:,14,"καί τῷ Ἔβερ ἐγεννήθησαν δύο υἱοί· ὄνομα τῷ ἑνὶ Φάλεκ, ὅτι ἐν ταῖς ἡμέραις αὐτοῦ διεμερίσθη ἡ γῆ, καὶ ὄνομα τῷ ἀδελφῷ αὐτοῦ Ἰεκτάν.",24,ܘܠܥܒ̇ܪ ܐܬܝܠܕܘ ܬܪ̈ܝܢ ܒܢܝ̈ܢ. ܫܡܗ ܕܚܕ ܦܠܓ. ܡܛܠ ܕܒܝܘ̈ܡܘܗܝ ܐܬ̣ܦܠܓܬ ܐܪܥܐ. ܘܫܡܐ ܕܐܚܘܗܝ ܝܩܛܢ.,14,"A Eber nasceram dois filhos: o nome de um foi Pelegue, porque nos seus dias foi dividida a terra; e o nome de seu irmão foi Joctã.",27,True,True,True
10,26,Gênesis 10:26,וְיָקְטָ֣ן יָלַ֔ד אֶת־ אַלְמוֹדָ֖ד וְאֶת־ שָׁ֑לֶף וְאֶת־ חֲצַרְמָ֖וֶת וְאֶת־ יָֽרַח ׃,ויקטנ ילד את אלמודד ואת שלפ ואת חצרמות ואת ירח,11,ויקטן אוליד ית אלמודד וית שלף וית חצרמות וית ירח:,10,Ἰεκτάν δὲ ἐγέννησεν τὸν Ἐλμωδὰδ καὶ τὸν Σάλεφ καὶ τὸν Ἁσαρμὼθ καὶ Ἰάραδ,13,ܘܝܩܛܢ ܐܘܠܕ ܠܐܠܡܘܕܕ. ܘܠܫ̇ܠܦ ܘܠܚܨܪܡܘܬ. ܘܠܝܪܚ.,6,"Joctã gerou a Almodá, Selefe, Hazarmavé, Jerá,",7,True,True,True
10,27,Gênesis 10:27,וְאֶת־ הֲדוֹרָ֥ם וְאֶת־ אוּזָ֖ל וְאֶת־ דִּקְלָֽה ׃,ואת הדורמ ואת אוזל ואת דקלה,7,וית הדורם וית אוזל וית דקלה:,6,καὶ Ὁδορρὰ καὶ Αἰζὴλ καὶ Δεκλὰ,6,ܘܠܗܕܘܪܡ. ܘܠܐܘܙܠ ܘܠܕܩܠܐ.,3,"Hadorão, Usal, Dicla,",3,True,True,True
10,28,Gênesis 10:28,וְאֶת־ עוֹבָ֥ל וְאֶת־ אֲבִֽימָאֵ֖ל וְאֶת־ שְׁבָֽא ׃,ואת עובל ואת אבימאל ואת שבא,7,וית עובל וית אבימאל וית שבא:,6,καὶ Ἀβιμεὴλ καὶ Σαβεῦ,4,ܘܠܥܘܒܠ ܘܠܐܒܝܡܠ. ܘܠܫܒܐ.,3,"Obal, Abimael, Sebá,",3,True,True,True
10,29,Gênesis 10:29,וְאֶת־ אוֹפִ֥ר וְאֶת־ חֲוִילָ֖ה וְאֶת־ יוֹבָ֑ב כָּל־ אֵ֖לֶּה בְּנֵ֥י יָקְטָֽן ׃,ואת אופר ואת חוילה ואת יובב כל אלה בני יקטנ,11,וית אופר וית חוילה וית יובב כל אלין בני יקטן:,10,καὶ Οὐφεὶρ καὶ Εὑειλὰ καὶ Ἰωβάβ. πάντες οὗτοι υἱοὶ Ἰεκτάν.,10,ܘܠܐܘܦܝܪ. ܘܠܚܘܝܠܐ ܘܠܝܘܒܒ. ܟܠܗܘܢ ܗܠܝܢ ܒܢ̈ܘܗܝ ܕܝܩܛܢ.,7,"Ofir, Havilá e Jobabe: todos esses foram filhos de Joctã.",10,True,True,True
10,30,Gênesis 10:30,וַֽיְהִ֥י מוֹשָׁבָ֖ם מִמֵּשָׁ֑א בֹּאֲכָ֥ה סְפָ֖רָה הַ֥ר הַקֶּֽדֶם ׃,ויהי מושבמ ממשא באכה ספרה הר הקדמ,8,והוה מותבנהון ממשא מטי לספר טור מדינחא:,7,"καὶ ἐγένετο ἡ κατοίκησις αὐτῶν ἀπὸ Μασσηὲ ἕως ἐλθεῖν εἰς Σωφήρα, ὄρος ἀνατολῶν.",13,ܘܗܘ̣ܐ ܡܘܬܒܗܘܢ ܡܢ ܡܢܫܐ ܕܒܡܥܠܢܐ ܕܣܦܪܘܝܡ ܛܘܪܐ ܒܡܕܢܚܐ.,8,"E foi a sua habitação desde Messa até Sefar, montanha do oriente.",12,True,True,True
10,31,Gênesis 10:31,אֵ֣לֶּה בְנֵי־ שֵׁ֔ם לְמִשְׁפְּחֹתָ֖ם לִלְשֹׁנֹתָ֑ם בְּאַרְצֹתָ֖ם לְגוֹיֵהֶֽם ׃,אלה בני שמ למשפחתמ ללשנתמ בארצתמ לגויהמ,8,אלין בני שם לזרעיתהון ללישנהון לארעתהון בעממיהון:,7,"οὗτοι οἱ υἱοὶ Σὴμ ἐν ταῖς φυλαῖς αὐτῶν, κατὰ γλώσσας αὐτῶν, ἐν ταῖς χώραις αὐτῶν καὶ ἐν τοῖς ἔθνεσιν αὐτῶν.",20,ܗܠܝܢ ܒܢ̈ܝ ܫܝܡ ܠܫܪ̈ܒܬܗܘܢ ܠܠܫ̈ܢܝܗܘܢ ܒܐܪ̈ܥܬܗܘܢ ܒܥܡ̈ܡܝܗܘܢ.,7,"Esses são os filhos de Sem segundo as suas famílias, segundo as suas línguas, em suas terras, segundo as suas nações.",21,True,True,True
10,32,Gênesis 10:32,אֵ֣לֶּה מִשְׁפְּחֹ֧ת בְּנֵי־ נֹ֛חַ לְתוֹלְדֹתָ֖ם בְּגוֹיֵהֶ֑ם וּמֵאֵ֜לֶּה נִפְרְד֧וּ הַגּוֹיִ֛ם בָּאָ֖רֶץ אַחַ֥ר הַמַּבּֽוּל ׃ פ,אלה משפחת בני נח לתולדתמ בגויהמ ומאלה נפרדו הגוימ בארצ אחר המבול פ,14,אלין זרעית בני נח לתולדתהון בעממיהון ומאלין אתפרשו עממיא בארעא בתר טופנא:,12,"Αὗται αἱ φυλαὶ υἱῶν Νῶε κατὰ γενέσεις αὐτῶν, κατὰ τὰ ἔθνη αὐτῶν· ἀπὸ τούτων διεσπάρησαν νῆσοι τῶν ἐθνῶν ἐπὶ τῆς γῆς μετὰ τὸν κατακλυσμόν.",24,ܗܠܝܢ ܫܪ̈ܒܬܐ ܕܒܢ̈ܝ ܢܘܚ. ܠܬܘ̈ܠܕܬܗܘܢ ܠܫܪ̈ܒܬܗܘܢ ܒܥܡ̈ܡܝܗܘܢ. ܘܡܢ ܗܠܝܢ ܐܬܦ̣ܪܫܘ ܥܡ̈ܡܐ ܒܐܪܥܐ. ܡܢ ܒܬܪ ܛܘܦܢܐ.,15,"Essas são as famílias dos filhos de Noé segundo as suas gerações, em suas nações; e delas foram disseminadas as nações na terra depois do dilúvio.",26,True,True,True
11,1,Gênesis 11:1,וַֽיְהִ֥י כָל־ הָאָ֖רֶץ שָׂפָ֣ה אֶחָ֑ת וּדְבָרִ֖ים אֲחָדִֽים ׃,ויהי כל הארצ שפה אחת ודברימ אחדימ,8,והוה כל ארעא לישן חד וממלל חד:,7,"Καὶ ἦν πᾶσα ἡ γῆ χεῖλος ἕν, καὶ φωνὴ μία πᾶσιν.",11,ܘܗܘܬ ܟܠܗ̇ ܐܪܥܐ. ܠܫܢܐ ܚܕ ܘܡܡܠܠܐ ܚܕ.,7,"Ora, toda a terra tinha uma só língua e um só idioma.",12,True,True,True
11,2,Gênesis 11:2,וַֽיְהִ֖י בְּנָסְעָ֣ם מִקֶּ֑דֶם וַֽיִּמְצְא֥וּ בִקְעָ֛ה בְּאֶ֥רֶץ שִׁנְעָ֖ר וַיֵּ֥שְׁבוּ שָֽׁם ׃,ויהי בנסעמ מקדמ וימצאו בקעה בארצ שנער וישבו שמ,10,והוה במטלהון בקדמיתא ואשכחו בקעתא בארעא דבבל ויתיבו תמן:,9,καὶ ἐγένετο ἐν τῷ κινῆσαι αὐτοὺς ἀπὸ ἀνατολῶν εὗρον πεδίον ἐν γῇ Σενναὰρ καὶ κατῴκησαν ἐκεῖ.,16,ܘܗ̣ܘܐ ܕܟܕ ܫܩܠܘ ܡܢ ܡܕܢܚܐ. ܐܫܟܚܘ ܦܩܥܬܐ ܒܐܪܥܐ ܕܣܢܥܪ ܘܝܬܒܘ ܬܡܢ .,12,"E deslocando-se os homens para o oriente, acharam um vale na terra de Sinar; e ali habitaram.",17,True,True,True
11,3,Gênesis 11:3,וַיֹּאמְר֞וּ אִ֣ישׁ אֶל־ רֵעֵ֗הוּ הָ֚בָה נִלְבְּנָ֣ה לְבֵנִ֔ים וְנִשְׂרְפָ֖ה לִשְׂרֵפָ֑ה וַתְּהִ֨י לָהֶ֤ם הַלְּבֵנָה֙ לְאָ֔בֶן וְהַ֣חֵמָ֔ר הָיָ֥ה לָהֶ֖ם לַחֹֽמֶר ׃,ויאמרו איש אל רעהו הבה נלבנה לבנימ ונשרפה לשרפה ותהי להמ הלבנה לאבנ והחמר היה להמ לחמר,18,ואמרו גבר לחבריה הבו נרמי לבנין ונשרפנון בנורא והות להון לבנתא לאבנא וחימרא הוה להון לשיע:,16,"καὶ εἶπεν ἄνθρωπος τῷ πλησίον Δεῦτε πλινθεύσωμεν πλίνθους καὶ ὀπτήσωμεν αὐτὰς πυρί. καὶ ἐγένετο αὐτοῖς ἡ πλίνθος εἰς λίθον, καὶ ἄσφαλτος ἦν αὐτοῖς ὁ πηλός.",25,ܘܐܡܪܘ ܓܒܪ ܠܚܒܪܗ. ܬܘ ܢܪܡܐ ܠܒܢ̈ܐ ܘܢܘܩܕ ܐ̈ܢܝܢ ܒܢܘܪܐ. ܘܗܘܝܐ ܠܗܘܢ ܠܒܬܐ ܠܟܐܦܐ. ܘܣܝܕܐ ܗ̇ܘܐ ܠܗܘܢ ܠܡ̇ܠܛܐ.,17,"Disseram uns aos outros: Eia pois, façamos tijolos, e queimemo-los bem. Os tijolos lhes serviram de pedras e o betume de argamassa.",22,True,True,True
11,4,Gênesis 11:4,וַיֹּאמְר֞וּ הָ֣בָה ׀ נִבְנֶה־ לָּ֣נוּ עִ֗יר וּמִגְדָּל֙ וְרֹאשׁ֣וֹ בַשָּׁמַ֔יִם וְנַֽעֲשֶׂה־ לָּ֖נוּ שֵׁ֑ם פֶּן־ נָפ֖וּץ עַל־ פְּנֵ֥י כָל־ הָאָֽרֶץ ׃,ויאמרו הבה נבנה לנו עיר ומגדל וראשו בשמימ ונעשה לנו שמ פנ נפוצ על פני כל הארצ,19,ואמרו הבו נבני לנא קרתא ומגדלא ורישיה מטי עד צית שמיא ונעביד לנא שום דילמא נתבדר על אפי כל ארעא:,20,"καὶ εἶπαν Δεῦτε οἰκοδομήσωμεν ἑαυτοῖς πόλιν καὶ πύργον, οὗ ἡ κεφαλὴ ἔσται ἕως τοῦ οὐρανοῦ, καὶ ποιήσομεν ἑαυτῶν ὄνομα πρὸ τοῦ ⸂⸆⸃ διασπαρῆναι ἐπὶ προσώπου πάσης τῆς γῆς.",28,ܘܐܡܪܘ. ܬܘ ܢܒܢܐ ܠܢ ܩܪܝܬܐ. ܘܡܓܕܠܐ ܕܪܫܗ ܒܫܡܝܐ. ܘܢܥܒܕ ܠܢ ܫܡܐ. ܕܠܡܐ ܢܬܒܕܪ ܥܠ ܐ̈ܦܝ ܟܠܗ̇ ܐܪܥܐ.,17,"Disseram mais: Eia, edifiquemos para nós uma cidade e uma torre cujo cume toque no céu, e façamo-nos um nome, para que não sejamos espalhados sobre a face de toda a terra.",32,True,True,True
11,5,Gênesis 11:5,וַיֵּ֣רֶד יְהוָ֔ה לִרְאֹ֥ת אֶת־ הָעִ֖יר וְאֶת־ הַמִּגְדָּ֑ל אֲשֶׁ֥ר בָּנ֖וּ בְּנֵ֥י הָאָדָֽם ׃,וירד יהוה לראת את העיר ואת המגדל אשר בנו בני האדמ,12,ואתגלי יי לאתפרעא על עובדי קרתא ומגדלא די בנו בני אנשא:,11,καὶ κατέβη Κύριος ἰδεῖν τὴν πόλιν καὶ τὸν πύργον ὃν ᾠκοδόμησαν οἱ υἱοὶ τῶν ἀνθρώπων.,15,ܘܢܚ̣ܬ ܡܪܝܐ ܠܡܚܙܐ ܩܪܝܬܐ. ܘܡܓܕܠܐ ܕܒ̇ܢܝܢ ܒ̈ܢܝܢܫܐ.,7,Então desceu o Senhor para ver a cidade e a torre que os filhos dos homens edificavam;,17,True,True,True
11,6,Gênesis 11:6,וַיֹּ֣אמֶר יְהוָ֗ה הֵ֣ן עַ֤ם אֶחָד֙ וְשָׂפָ֤ה אַחַת֙ לְכֻלָּ֔ם וְזֶ֖ה הַחִלָּ֣ם לַעֲשׂ֑וֹת וְעַתָּה֙ לֹֽא־ יִבָּצֵ֣ר מֵהֶ֔ם כֹּ֛ל אֲשֶׁ֥ר יָזְמ֖וּ לַֽעֲשֽׂוֹת ׃,ויאמר יהוה הנ עמ אחד ושפה אחת לכלמ וזה החלמ לעשות ועתה לא יבצר מהמ כל אשר יזמו לעשות,20,ואמר יי הא עמא חד ולישן חד לכלהון ודין דשריו למעבד וכען לא יתמנע מנהון כל דחשיבו למעבד:,18,"καὶ εἶπεν Κύριος Ἰδοὺ γένος ἓν καὶ χεῖλος ἓν πάντων· καὶ τοῦτο ἤρξαντο ποιῆσαι, καὶ νῦν οὐκ ἐκλείψει ἐξ αὐτῶν πάντα ὅσα ἂν ἐπιθῶνται ποιῆσαι.",25,ܘܐܡ̣ܪ ܡܪܝܐ. ܗܐ ܥܡܐ ܚܕ ܘܠܫܢܐ ܚܕ ܠܟܠܗܘܢ. ܘܗܟܢܐ ܐܬܚܫܒܘ ܠܡܥܒܕ. ܡܟܝܠ ܠܐ ܢܬܒܨܪ ܡܢܗܘܢ ܟܠܡܕܡ ܕܐܬܚܫܒܘ ܠܡܥܒܕ.,18,e disse: Eis que o povo é um e todos têm uma só língua; e isto é o que começam a fazer; agora não haverá restrição para tudo o que eles intentarem fazer.,33,True,True,True
11,7,Gênesis 11:7,הָ֚בָה נֵֽרְדָ֔ה וְנָבְלָ֥ה שָׁ֖ם שְׂפָתָ֑ם אֲשֶׁר֙ לֹ֣א יִשְׁמְע֔וּ אִ֖ישׁ שְׂפַ֥ת רֵעֵֽהוּ ׃,הבה נרדה ונבלה שמ שפתמ אשר לא ישמעו איש שפת רעהו,12,הבו נתגלי ונבלבל תמן לישנהון דלא ישמעון אנש לישן חבריה:,10,"δεῦτε καὶ καταβάντες συγχέωμεν ἐκεῖ αὐτῶν τὴν γλῶσσαν, ἵνα μὴ ἀκούσωσιν ἕκαστος τὴν φωνὴν τοῦ πλησίον.",16,ܬܘ ܢܚܘܬ ܘܢ̇ܦܠܓ ܬܡ̇ܢ ܠܫ̈ܢܐ. ܕܠܐ ܢܫܡܥܘܢ ܓܒܪ ܠܫܢ ܚܒܪܗ.,10,"Eia, desçamos, e confundamos ali a sua linguagem, para que não entenda um a língua do outro.",17,True,True,True
11,8,Gênesis 11:8,וַיָּ֨פֶץ יְהוָ֥ה אֹתָ֛ם מִשָּׁ֖ם עַל־ פְּנֵ֣י כָל־ הָאָ֑רֶץ וַֽיַּחְדְּל֖וּ לִבְנֹ֥ת הָעִֽיר ׃,ויפצ יהוה אתמ משמ על פני כל הארצ ויחדלו לבנת העיר,12,ובדר יי יתהון מתמן על אפי כל ארעא ומנעו למבני קרתא:,11,"καὶ διέσπειρεν αὐτοὺς Κύριος ἐκεῖθεν ἐπὶ πρόσωπον πάσης τῆς γῆς, καὶ ἐπαύσαντο οἰκοδομοῦντες τὴν πόλιν καὶ τὸν πύργον.",18,ܘܒ̇ܕܪ ܐܢܘܢ ܡܪܝܐ ܡܢ ܬܡܢ ܥܠ ܐ̈ܦܝ ܟܠܗ̇ ܐܪܥܐ. ܘܦܫܘ ܡܢ ܕܠܡܒܢܐ ܩܪܝܬܐ.,13,Assim o Senhor os espalhou dali sobre a face de toda a terra; e cessaram de edificar a cidade.,19,True,True,True
11,9,Gênesis 11:9,עַל־ כֵּ֞ן קָרָ֤א שְׁמָהּ֙ בָּבֶ֔ל כִּי־ שָׁ֛ם בָּלַ֥ל יְהוָ֖ה שְׂפַ֣ת כָּל־ הָאָ֑רֶץ וּמִשָּׁם֙ הֱפִיצָ֣ם יְהוָ֔ה עַל־ פְּנֵ֖י כָּל־ הָאָֽרֶץ ׃ פ,על כנ קרא שמה בבל כי שמ בלל יהוה שפת כל הארצ ומשמ הפיצמ יהוה על פני כל הארצ פ,21,על כן קרא שמה בבל ארי תמן בלבל יי לישן כל ארעא ומתמן בדרנון יי על אפי כל ארעא:,19,"διὰ τοῦτο ἐκλήθη τὸ ὄνομα αὐτοῦ Σύγχυσις, ὅτι ἐκεῖ συνέχεεν Κύριος τὰ χείλη πάσης τῆς γῆς, καὶ ἐκεῖθεν διέσπειρεν αὐτοὺς Κύριος ὁ θεὸς ἐπὶ πρόσωπον πάσης τῆς γῆς.",28,ܡܛܠ ܗܢܐ ܩ̣ܪܐ ܫܡܗ̇ ܒܒܠ. ܡܛܠ ܕܬܡ̇ܢ ܒܠܒܠ ܡܪܝܐ ܠܫ̈ܢܐ ܕܟܠܗ̇ ܐܪܥܐ. ܘܡܢ ܬܡ̇ܢ ܒ̇ܕܪ ܐܢܘܢ ܡܪܝܐ ܥܠ ܐ̈ܦܝ ܟܠܗ̇ ܐܪܥܐ.,21,"Por isso se chamou o seu nome Babel, porquanto ali confundiu o Senhor a linguagem de toda a terra, e dali o Senhor os espalhou sobre a face de toda a terra.",32,True,True,True
11,10,Gênesis 11:10,אֵ֚לֶּה תּוֹלְדֹ֣ת שֵׁ֔ם שֵׁ֚ם בֶּן־ מְאַ֣ת שָׁנָ֔ה וַיּ֖וֹלֶד אֶת־ אַרְפַּכְשָׁ֑ד שְׁנָתַ֖יִם אַחַ֥ר הַמַּבּֽוּל ׃,אלה תולדת שמ שמ בנ מאת שנה ויולד את ארפכשד שנתימ אחר המבול,14,אלין תולדת שם שם בר מאה שנין ואוליד ית ארפכשד תרתין שנין בתר טופנא:,14,"Καὶ αὗται αἱ γενέσεις Σήμ. Σὴμ υἱὸς ἐτῶν ἑκατὸν ὅτε ἐγέννησεν τὸν Ἀρφαξάδ, δευτέρου ἔτους μετὰ τὸν κατακλυσμόν.",18,ܘܗܠܝܢ ܬܘ̈ܠܕܬܗ ܕܫܝܡ. ܫܝܡ ܒܪ ܡܐܐ ܫܢ̈ܝܢ. ܐܘܠܕ ܠܐܪܦܟܫܪ. ܬܪ̈ܬܝܢ ܫ̈ܢܝܢ ܡܢ ܒܬܪ ܛܘܦܢܐ.,14,"Estas são as gerações de Sem. Tinha ele cem anos, quando gerou a Arfaxade, dois anos depois do dilúvio.",19,True,True,True
11,11,Gênesis 11:11,וַֽיְחִי־ שֵׁ֗ם אַֽחֲרֵי֙ הוֹלִיד֣וֹ אֶת־ אַרְפַּכְשָׁ֔ד חֲמֵ֥שׁ מֵא֖וֹת שָׁנָ֑ה וַיּ֥וֹלֶד בָּנִ֖ים וּבָנֽוֹת ׃ ס,ויחי שמ אחרי הולידו את ארפכשד חמש מאות שנה ויולד בנימ ובנות ס,14,וחיא שם בתר דאוליד ית ארפכשד חמש מאה שנין ואוליד בנין ובנן:,12,"καὶ ἔζησεν Σὴμ μετὰ τὸ γεννῆσαι αὐτὸν τὸν Ἀρφαξὰδ πεντακόσια ἔτη, καὶ ἐγέννησεν υἱοὺς καὶ θυγατέρας, καὶ ἀπέθανεν.",18,ܘܚܝ̣ܐ ܫܝܡ ܡܢ ܒܬܪ ܕܐܘܠܕ ܠܐܪܦܟܫܪ ܚܡܫܡܐܐ ܫ̈ܢܝܢ. ܘܐܘܠܕ ܒ̈ܢܝܐ ܘܒܢ̈ܬܐ.,11,"E viveu Sem, depois que gerou a Arfaxade, quinhentos anos; e gerou filhos e filhas.",15,True,True,True
11,12,Gênesis 11:12,וְאַרְפַּכְשַׁ֣ד חַ֔י חָמֵ֥שׁ וּשְׁלֹשִׁ֖ים שָׁנָ֑ה וַיּ֖וֹלֶד אֶת־ שָֽׁלַח ׃,וארפכשד חי חמש ושלשימ שנה ויולד את שלח,9,וארפכשד חיא תלתין וחמש שנין ואוליד ית שלח:,8,"Καὶ ἔζησεν Ἀρφαξὰδ ἑκατὸν τριάκοντα πέντε ἔτη, καὶ ἐγέννησεν τὸν Καινάν.",11,ܘܐܪܦܟܫܪ ܚ̣ܝܐ ܬܠܬܝܢ ܘܚܡܫ ܫܢܝܢ. ܘܐܘܠܕ ܠܫܠܚ.,7,"Arfaxade viveu trinta e cinco anos, e gerou a Selá.",10,True,True,True
11,13,Gênesis 11:13,וַֽיְחִ֣י אַרְפַּכְשַׁ֗ד אַֽחֲרֵי֙ הוֹלִיד֣וֹ אֶת־ שֶׁ֔לַח שָׁלֹ֣שׁ שָׁנִ֔ים וְאַרְבַּ֥ע מֵא֖וֹת שָׁנָ֑ה וַיּ֥וֹלֶד בָּנִ֖ים וּבָנֽוֹת ׃ ס,ויחי ארפכשד אחרי הולידו את שלח שלש שנימ וארבע מאות שנה ויולד בנימ ובנות ס,16,וחיא ארפכשד בתר דאוליד ית שלח ארבע מאה ותלת שנין ואוליד בנין ובנן:,13,"καὶ ἔζησεν Ἀρφαξὰδ μετὰ τὸ γεννῆσαι αὐτὸν τὸν Καινὰν ἔτη τετρακόσια τριάκοντα, καὶ ἐγέννησεν υἱοὺς καὶ θυγατέρας, καὶ ἀπέθανεν. Καὶ ἔζησεν Καινὰν ἑκατον τριάκοντα ἔτη, καὶ ἐγέννησεν τὸν Σάλα. καὶ ἔζησεν Καινὰν μετὰ τὸ γεννῆσαι αὐτὸν τὸν Σάλα ἔτη τριακόσια τριάκοντα, καὶ ἐγέννησεν υἱοὺς καὶ θυγατέρας, καὶ ἀπέθανεν.",48,ܘܚ̣ܝܐ ܐܪܦܟܫܪ ܡܢ ܒܬܪ ܕܐܘܠܕ ܠܫܠܚ. ܐܪ̈ܒܥܡܐܐ ܘܬܠܬ ܫ̈ܢܝܢ. ܘܐܘܠܕ ܒ̈ܢܝܐ ܘܒܢ̈ܬܐ.,12,"Viveu Arfaxade, depois que gerou a Selá, quatrocentos e três anos; e gerou filhos e filhas.",16,True,True,True
11,14,Gênesis 11:14,וְשֶׁ֥לַח חַ֖י שְׁלֹשִׁ֣ים שָׁנָ֑ה וַיּ֖וֹלֶד אֶת־ עֵֽבֶר ׃,ושלח חי שלשימ שנה ויולד את עבר,8,ושלח חיא תלתין שנין ואוליד ית עבר:,7,"Καὶ ἔζησεν Σάλα ἑκατὸν τριάκοντα ἔτη, καὶ ἐγέννησεν τὸν Ἔβερ.",10,ܘܫܠܚ ܚܝܐ ܬܠܬܝܢ ܫ̈ܢܝܢ. ܘܐܘܠܕ ܠܥܒ̇ܪ.,6,"Selá viveu trinta anos, e gerou a Eber.",8,True,True,True
11,15,Gênesis 11:15,וַֽיְחִי־ שֶׁ֗לַח אַחֲרֵי֙ הוֹלִיד֣וֹ אֶת־ עֵ֔בֶר שָׁלֹ֣שׁ שָׁנִ֔ים וְאַרְבַּ֥ע מֵא֖וֹת שָׁנָ֑ה וַיּ֥וֹלֶד בָּנִ֖ים וּבָנֽוֹת ׃ ס,ויחי שלח אחרי הולידו את עבר שלש שנימ וארבע מאות שנה ויולד בנימ ובנות ס,16,וחיא שלח בתר דאוליד ית עבר ארבע מאה ותלת שנין ואוליד בנין ובנן:,13,"καὶ ἔζησεν Σάλα μετὰ τὸ γεννῆσαι αὐτὸν τὸν Ἔβερ τριακόσια τριάκοντα ἔτη, καὶ ἐγέννησεν υἱοὺς καὶ θυγατέρας, καὶ ἀπέθανεν.",19,ܘܚ̣ܝܐ ܫܠܚ ܡܢ ܒܬܪ ܕܐܘܠܕ ܠܥܒ̇ܪ ܐܪ̈ܒܥܡܐܐ ܘܬܠܬ ܫܢܝ̈ܢ. ܘܐܘܠܕ ܒ̈ܢܝܐ ܘܒܢ̈ܬܐ.,12,"Viveu Selá, depois que gerou a Eber, quatrocentos e três anos; e gerou filhos e filhas.",16,True,True,True
11,16,Gênesis 11:16,וַֽיְחִי־ עֵ֕בֶר אַרְבַּ֥ע וּשְׁלֹשִׁ֖ים שָׁנָ֑ה וַיּ֖וֹלֶד אֶת־ פָּֽלֶג ׃,ויחי עבר ארבע ושלשימ שנה ויולד את פלג,9,וחיא עבר תלתין וארבע שנין ואוליד ית פלג:,8,"Καὶ ἔζησεν Ἔβερ ἑκατὸν τριάκοντα τέσσερα ἔτη, καὶ ἐγέννησεν τὸν Φάλεκ.",11,ܘܚܝܐ ܥ̇ܒܪ ܬܠܬܝܢ ܘܐܪ̈ܒܥ ܫ̈ܢܝܢ. ܘܐܘܠܕ ܠܦܠܓ.,7,"Eber viveu trinta e quatro anos, e gerou a Pelegue.",10,True,True,True
11,17,Gênesis 11:17,וַֽיְחִי־ עֵ֗בֶר אַחֲרֵי֙ הוֹלִיד֣וֹ אֶת־ פֶּ֔לֶג שְׁלֹשִׁ֣ים שָׁנָ֔ה וְאַרְבַּ֥ע מֵא֖וֹת שָׁנָ֑ה וַיּ֥וֹלֶד בָּנִ֖ים וּבָנֽוֹת ׃ ס,ויחי עבר אחרי הולידו את פלג שלשימ שנה וארבע מאות שנה ויולד בנימ ובנות ס,16,וחיא עבר בתר דאוליד ית פלג ארבע מאה ותלתין שנין ואוליד בנין ובנן:,13,"καὶ ἔζησεν Ἔβερ μετὰ τὸ γεννῆσαι αὐτὸν τὸν Φάλεκ ἔτη τριακόσια ἑβδομήκοντα, καὶ ἐγέννησεν υἱοὺς καὶ θυγατέρας, καὶ ἀπέθανεν. ⸆",20,ܘܚ̣ܝܐ ܥܒܪ ܡܢ ܒܬܪ ܕܐܘܠܕ ܠܦܠܓ. ܐܪ̈ܒܥܡܐܐ ܘܬܠܬܝܢ ܫ̈ܢܝܢ. ܘܐܘܠܕ ܒܢ̈ܝܐ ܘܒܢ̈ܬܐ.,12,"Viveu Eber, depois que gerou a Pelegue, quatrocentos e trinta anos; e gerou filhos e filhas.",16,True,True,True
11,18,Gênesis 11:18,וַֽיְחִי־ פֶ֖לֶג שְׁלֹשִׁ֣ים שָׁנָ֑ה וַיּ֖וֹלֶד אֶת־ רְעֽוּ ׃,ויחי פלג שלשימ שנה ויולד את רעו,8,וחיא פלג תלתין שנין ואוליד ית רעו:,7,"Καὶ ἔζησεν Φάλεκ ἑκατὸν τριάκοντα ἔτη, καὶ ἐγέννησεν τὸν Ῥαγαὺ.",10,ܘܚܝ̣ܐ ܦܠܓ ܬܠܬܝܢ ܫܢܝ̈ܢ. ܘܐܘܠܕ ܠܐܪܥܘ.,6,"Pelegue viveu trinta anos, e gerou a Reú.",8,True,True,True
11,19,Gênesis 11:19,וַֽיְחִי־ פֶ֗לֶג אַחֲרֵי֙ הוֹלִיד֣וֹ אֶת־ רְע֔וּ תֵּ֥שַׁע שָׁנִ֖ים וּמָאתַ֣יִם שָׁנָ֑ה וַיּ֥וֹלֶד בָּנִ֖ים וּבָנֽוֹת ׃ ס,ויחי פלג אחרי הולידו את רעו תשע שנימ ומאתימ שנה ויולד בנימ ובנות ס,15,וחיא פלג בתר דאוליד ית רעו מאתן ותשע שנין ואוליד בנין ובנן:,12,"καὶ ἔζησεν Φάλεκ μετὰ τὸ γεννῆσαι αὐτὸν τὸν Ῥαγαὺ διακόσια ἐννέα ἔτη, καὶ ἐγέννησεν υἱοὺς καὶ θυγατέρας, καὶ ἀπέθανεν.",19,ܘܚܝ̣ܐ ܦܠܓ ܡܢ ܒܬܪ ܕܐܘܠܕ ܠܐܪܥܘ. ܡܐܬܝܢ ܘܬܫܥ ܫ̈ܢܝܢ. ܘܐܘܠܕ ܒ̈ܢܝܐ ܘܒܢ̈ܬܐ.,12,"Viveu Pelegue, depois que gerou a Reú, duzentos e nove anos; e gerou filhos e filhas.",16,True,True,True
11,20,Gênesis 11:20,וַיְחִ֣י רְע֔וּ שְׁתַּ֥יִם וּשְׁלֹשִׁ֖ים שָׁנָ֑ה וַיּ֖וֹלֶד אֶת־ שְׂרֽוּג ׃,ויחי רעו שתימ ושלשימ שנה ויולד את שרוג,9,וחיא רעו תלתין ותרתין שנין ואוליד ית שרוג:,8,"Καὶ ἔζησεν Ῥαγαὺ ἑκατὸν τριάκοντα δύο ἔτη, καὶ ἐγέννησεν τὸν Σερούχ.",11,ܘܚܝ̣ܐ ܐܪܥܘ ܬܠܬܝܢ ܘܬܪ̈ܬܝܢ ܫ̈ܢܝܢ. ܘܐܘܠܕ ܠܣܪܘܓ.,7,"Reú viveu trinta e dois anos, e gerou a Serugue.",10,True,True,True
11,21,Gênesis 11:21,וַיְחִ֣י רְע֗וּ אַחֲרֵי֙ הוֹלִיד֣וֹ אֶת־ שְׂר֔וּג שֶׁ֥בַע שָׁנִ֖ים וּמָאתַ֣יִם שָׁנָ֑ה וַיּ֥וֹלֶד בָּנִ֖ים וּבָנֽוֹת ׃ ס,ויחי רעו אחרי הולידו את שרוג שבע שנימ ומאתימ שנה ויולד בנימ ובנות ס,15,וחיא רעו בתר דאוליד ית שרוג מאתן ושבע שנין ואוליד בנין ובנן:,12,"καὶ ἔζησεν Ῥαγαὺ μετὰ τὸ γεννῆσαι αὐτὸν τὸν Σεροὺχ διακόσια ἑπτὰ ἔτη, καὶ ἐγέννησεν υἱοὺς καὶ θυγατέρας, καὶ ἀπέθανεν.",19,ܘܚ̣ܝܐ ܐܪܥܘ ܡܢ ܒܬܪ ܕܐܘܠܕ ܠܣܪܘܓ ܡܐܬܝܢ ܘܫܒܥ ܫ̈ܢܝܢ. ܘܐܘܠܕ ܒ̈ܢܝܐ ܘܒܢ̈ܬܐ.,12,"Viveu Reú, depois que gerou a Serugue, duzentos e sete anos; e gerou filhos e filhas.",16,True,True,True
11,22,Gênesis 11:22,וַיְחִ֥י שְׂר֖וּג שְׁלֹשִׁ֣ים שָׁנָ֑ה וַיּ֖וֹלֶד אֶת־ נָחֽוֹר ׃,ויחי שרוג שלשימ שנה ויולד את נחור,8,וחיא שרוג תלתין שנין ואוליד ית נחור:,7,"καὶ ἔζησεν Σεροὺχ ἑκατὸν τριάκοντα ἔτη, καὶ ἐγέννησεν τὸν Ναχώρ.",10,ܘܚ̣ܝܐ ܣܪܘܓ ܬܠܬܝܢ ܫ̈ܢܝܢ. ܘܐܘܠܕ ܠܢܚܘܪ.,6,"Serugue viveu trinta anos, e gerou a Naor.",8,True,True,True
11,23,Gênesis 11:23,וַיְחִ֣י שְׂר֗וּג אַחֲרֵ֛י הוֹלִיד֥וֹ אֶת־ נָח֖וֹר מָאתַ֣יִם שָׁנָ֑ה וַיּ֥וֹלֶד בָּנִ֖ים וּבָנֽוֹת ׃ ס,ויחי שרוג אחרי הולידו את נחור מאתימ שנה ויולד בנימ ובנות ס,13,וחיא שרוג בתר דאוליד ית נחור מאתן שנין ואוליד בנין ובנן:,11,"καὶ ἔζησεν Σεροὺχ μετὰ τὸ γεννῆσαι αὐτὸν τὸν Ναχὼρ ἔτη διακόσια, καὶ ἐγέννησεν υἱοὺς καὶ θυγατέρας, καὶ ἀπέθανεν.",18,ܘܚ̣ܝܐ ܣܪܘܓ ܡܢ ܒܬܪ ܕܐܘܠܕ ܠܢܚܘܪ. ܡܐܬ̈ܝܢ ܫܢ̈ܝܢ. ܘܐܘܠܕ ܒ̈ܢܝܐ ܘܒܢ̈ܬܐ.,11,"Viveu Serugue, depois que gerou a Naor, duzentos anos; e gerou filhos e filhas.",14,True,True,True
11,24,Gênesis 11:24,וַיְחִ֣י נָח֔וֹר תֵּ֥שַׁע וְעֶשְׂרִ֖ים שָׁנָ֑ה וַיּ֖וֹלֶד אֶת־ תָּֽרַח ׃,ויחי נחור תשע ועשרימ שנה ויולד את תרח,9,וחיא נחור עשרין ותשע שנין ואוליד ית תרח:,8,"Καὶ ἔζησεν Ναχὼρ ἔτη ἑβδομήκοντα ἐννέα, καὶ ἐγέννησεν τὸν Θάρα.",10,ܘܚ̣ܝܐ ܢܚܘܪ ܥܣܪ̈ܝܢ ܘܬܫܥ ܫܢܝ̈ܢ. ܘܐܘܠܕ ܠܬܪܚ.,7,"Naor viveu vinte e nove anos, e gerou a Tera.",10,True,True,True
11,25,Gênesis 11:25,וַיְחִ֣י נָח֗וֹר אַחֲרֵי֙ הוֹלִיד֣וֹ אֶת־ תֶּ֔רַח תְּשַֽׁע־ עֶשְׂרֵ֥ה שָׁנָ֖ה וּמְאַ֣ת שָׁנָ֑ה וַיּ֥וֹלֶד בָּנִ֖ים וּבָנֽוֹת ׃ ס,ויחי נחור אחרי הולידו את תרח תשע עשרה שנה ומאת שנה ויולד בנימ ובנות ס,16,וחיא נחור בתר דאוליד ית תרח מאה ותשע עשר שנין ואוליד בנין ובנן:,13,"καὶ ἔζησεν Ναχὼρ μετὰ τὸ γεννῆσαι αὐτὸν τὸν Θάρα ἔτη ἑκατὸν εἴκοσι ἐννέα, καὶ ἐγέννησεν υἱοὺς καὶ θυγατέρας, καὶ ἀπέθανεν.",20,ܘܚܝ̣ܐ ܢܚܘܪ ܡܢ ܒܬܪ ܕܐܘܠܕ ܠܬܪܚ. ܡܐܐ ܘܬܫܥܣܪܐ ܫ̈ܢܝܢ. ܘܐܘܠܕ ܒܢ̈ܝܐ ܘܒܢ̈ܬܐ.,12,"Viveu Naor, depois que gerou a Tera, cento e dezenove anos; e gerou filhos e filhas.",16,True,True,True
11,26,Gênesis 11:26,וַֽיְחִי־ תֶ֖רַח שִׁבְעִ֣ים שָׁנָ֑ה וַיּ֨וֹלֶד֙ אֶת־ אַבְרָ֔ם אֶת־ נָח֖וֹר וְאֶת־ הָרָֽן ׃,ויחי תרח שבעימ שנה ויולד את אברמ את נחור ואת הרנ,12,וחיא תרח שבעין שנין ואוליד ית אברם ית נחור וית הרן:,11,"Καὶ ἔζησεν Θάρα ἑβδομήκοντα ἔτη, καὶ ἐγέννησεν τὸν Ἀβρὰμ καὶ τὸν Ναχὼρ καὶ τὸν Ἁρράν.",15,ܘܚ̣ܝܐ ܬܪܚ ܫܒܥܝܢ ܘܚܡܫ ܫ̈ܢܝܢ. ܘܐܘܠܕ ܠܐܒܪܡ ܘܠܢܚܘܪ. ܘܠܗܪܢ.,9,"Tera viveu setenta anos, e gerou a Abrão, a Naor e a Harã.",13,True,True,True
11,27,Gênesis 11:27,וְאֵ֨לֶּה֙ תּוֹלְדֹ֣ת תֶּ֔רַח תֶּ֚רַח הוֹלִ֣יד אֶת־ אַבְרָ֔ם אֶת־ נָח֖וֹר וְאֶת־ הָרָ֑ן וְהָרָ֖ן הוֹלִ֥יד אֶת־ לֽוֹט ׃,ואלה תולדת תרח תרח הוליד את אברמ את נחור ואת הרנ והרנ הוליד את לוט,16,ואלין תולדת תרח תרח אוליד ית אברם ית נחור וית הרן והרן אוליד ית לוט:,15,"Αὗται δὲ αἱ γενέσεις Θάρα· Θάρα δὲ ἐγέννησεν τὸν Ἀβρὰμ καὶ τὸν Ναχὼρ καὶ τὸν Ἁρράν, καὶ Ἁρρὰν ἐγέννησεν τὸν Λώτ.",21,ܘܗܠܝܢ ܬ̈ܘܠܕܬܗ ܕܬܪܚ. ܬܪܚ ܐܘܠܕ ܠܐܒܪܡ. ܘܠܢܚܘܪ ܘܠܗܪܢ. ܘܗܪܢ ܐܘܠܕ ܠܠܘܛ.,11,"Estas são as gerações de Tera: Tera gerou a Abrão, a Naor e a Harã; e Harã gerou a Ló.",20,True,True,True
11,28,Gênesis 11:28,וַיָּ֣מָת הָרָ֔ן עַל־ פְּנֵ֖י תֶּ֣רַח אָבִ֑יו בְּאֶ֥רֶץ מוֹלַדְתּ֖וֹ בְּא֥וּר כַּשְׂדִּֽים ׃,וימת הרנ על פני תרח אביו בארצ מולדתו באור כשדימ,11,ומית הרן על אפי תרח אבוהי בארעא דילדותיה באורא דכסדאי:,10,"καὶ ἀπέθανεν Ἁρρὰν ἐνώπιον Θάρα τοῦ πατρὸς αὐτοῦ ἐν τῇ γῇ ᾗ ἐγενήθη, ἐν τῇ χώρᾳ τῶν Χαλδαίων.",18,ܘܡܝܬ ܗܪܢ ܒܚ̈ܝܝ ܬܪܚ ܐܒܘܗܝ. ܒܐܪܥܐ ܕܐܬܝܠܕ ܒܗ̇ ܒܐܘܪ ܕܟ̈ܠܕܝܐ.,10,"Harã morreu antes de seu pai Tera, na terra do seu nascimento, em Ur dos Caldeus.",16,True,True,True
11,29,Gênesis 11:29,וַיִּקַּ֨ח אַבְרָ֧ם וְנָח֛וֹר לָהֶ֖ם נָשִׁ֑ים שֵׁ֤ם אֵֽשֶׁת־ אַבְרָם֙ שָׂרָ֔י וְשֵׁ֤ם אֵֽשֶׁת־ נָחוֹר֙ מִלְכָּ֔ה בַּת־ הָרָ֥ן אֲבִֽי־ מִלְכָּ֖ה וַֽאֲבִ֥י יִסְכָּֽה ׃,ויקח אברמ ונחור להמ נשימ שמ אשת אברמ שרי ושמ אשת נחור מלכה בת הרנ אבי מלכה ואבי יסכה,20,ונסיב אברם ונחור להון נשין שום אתת אברם שרי ושום אתת נחור מלכה בת הרן אבוהא דמלכה ואבוהא דיסכה:,19,"⸂⸆⸃ καὶ ἔλαβον Ἀβρὰμ καὶ Ναχὼρ ἑαυτοῖς γυναῖκας· ὄνομα τῇ γυναικὶ Ἀβρὰμ Σάρα, καὶ ὄνομα τῇ γυναικὶ Ναχὼρ Μελχά, θυγάτηρ Ἁρράν, καὶ πατὴρ Μελχὰ καὶ πατὴρ Ἰεσχά.",27,ܘܢܣܒ̣ܘ ܠܗܘܢ ܐܒܪܡ ܘܢܚܘܪ ܢܫ̈ܐ. ܫܡ ܐܢܬܬܗ ܕܐܒܪܡ ܣܪܝ. ܘܫܡ ܐܢܬܬܗ ܕܢܚܘܪ ܡܠ̣ܟܐ ܒܪܬ ܗܪܢ. ܐܒܘܗ̇ ܕܡܠ̣ܟܐ ܘܐܒܘܗ̇ ܕܐܣܟܐ.,19,"Abrão e Naor tomaram mulheres para si: o nome da mulher de Abrão era Sarai, e o nome da mulher do Naor era Milca, filha de Harã, que foi pai de Milca e de Iscá.",35,True,True,True
11,30,Gênesis 11:30,וַתְּהִ֥י שָׂרַ֖י עֲקָרָ֑ה אֵ֥ין לָ֖הּ וָלָֽד ׃,ותהי שרי עקרה אינ לה ולד,7,והות שרי עקרה לית לה ולד:,6,καὶ ἦν Σάρα στεῖρα καὶ οὐκ ἐτεκνοποίει.,7,ܘܗܘܬ ܣܪܝ ܥܩܪܬܐ. ܘܠܐ ܗ̇ܘܝܢ ܠܗ̇ ܒ̈ܢܝܐ.,7,Sarai era estéril; não tinha filhos.,6,True,True,True
11,31,Gênesis 11:31,וַיִּקַּ֨ח תֶּ֜רַח אֶת־ אַבְרָ֣ם בְּנ֗וֹ וְאֶת־ ל֤וֹט בֶּן־ הָרָן֙ בֶּן־ בְּנ֔וֹ וְאֵת֙ שָׂרַ֣י כַּלָּת֔וֹ אֵ֖שֶׁת אַבְרָ֣ם בְּנ֑וֹ וַיֵּצְא֨וּ אִתָּ֜ם מֵא֣וּר כַּשְׂדִּ֗ים לָלֶ֨כֶת֙ אַ֣רְצָה כְּנַ֔עַן וַיָּבֹ֥אוּ עַד־ חָרָ֖ן וַיֵּ֥שְׁבוּ שָֽׁם ׃,ויקח תרח את אברמ בנו ואת לוט בנ הרנ בנ בנו ואת שרי כלתו אשת אברמ בנו ויצאו אתמ מאור כשדימ ללכת ארצה כנענ ויבאו עד חרנ וישבו שמ,30,ודבר תרח ית אברם בריה וית לוט בר הרן בר בריה וית שרי כלתיה אתת אברם בריה ונפקו עמהון מאורא דכסדאי למיזל לארעא דכנען ואתו עד חרן ויתיבו תמן:,29,"καὶ ἔλαβεν Θάρα τὸν Ἀβρὰμ τὸν υἱὸν αὐτοῦ καὶ τὸν Λὼτ υἱὸν Ἁρράν, υἱὸν τοῦ υἱοῦ αὐτοῦ, καὶ τὴν Σάραν τὴν νύμφην αὐτοῦ, γυναῖκα τοῦ υἱοῦ αὐτοῦ, καὶ ἐξήγαγεν αὐτοὺς ἐκ τῆς χώρας τῶν Χαλδαίων πορευθῆναι εἰς τὴν γῆν Χανάαν· καὶ ἦλθεν ἕως Χαρράν, καὶ κατῴκησεν ἐκεῖ.",47,ܘܕܒ̣ܪ ܬܪܚ ܠܐܒܪܡ ܒܪܗ ܘܠܠܘܛ ܒܪ ܗܪܢ ܒܪ ܒܪܗ. ܘܠܣܪܝ ܟܠܬܗ ܐܢܬܬ ܐܒܪܡ ܒܪܗ. ܘܢܦܩ̣ܘ ܥܡܗܘܢ ܡܢ ܐܘܪ ܕܟ̈ܠܕܝܐ ܠܡܐܙܠ ܠܐܪܥܐ ܕܟܢܥܢ. ܘܐܬܘ ܥܕܡܐ ܠܚܪܢ ܘܝܬܒܘ ܬܡܢ.,27,"Tomou Tera a Abrão seu filho, e a Ló filho de Harã, filho de seu filho, e a Sarai sua nora, mulher de seu filho Abrão, e saiu com eles de Ur dos Caldeus, a fim de ir para a terra de Canaã; e vieram até Harã, e ali habitaram.",50,True,True,True
11,32,Gênesis 11:32,וַיִּהְי֣וּ יְמֵי־ תֶ֔רַח חָמֵ֥שׁ שָׁנִ֖ים וּמָאתַ֣יִם שָׁנָ֑ה וַיָּ֥מָת תֶּ֖רַח בְּחָרָֽן ׃ ס,ויהיו ימי תרח חמש שנימ ומאתימ שנה וימת תרח בחרנ ס,12,והוו יומי תרח מאתן וחמש שנין ומית תרח בחרן:,9,καὶ ἐγένοντο αἱ ἡμέραι Θάρα ἐν Χαρρὰν διακόσια πέντε ἔτη· καὶ ἀπέθανεν Θάρα ἐν Χαρράν.,15,ܘܗܘܘ ܝܘܡ̈ܬܗ ܕܬܪܚ. ܡܐܬܝܢ ܘܚܡܫ ܫ̈ܢܝܢ. ܘܡܝܬ ܬܪܚ ܒܚܪܢ.,9,Foram os dias de Tera duzentos e cinco anos; e morreu Tera em Harã.,14,True,True,True
12,1,Gênesis 12:1,וַיֹּ֤אמֶר יְהוָה֙ אֶל־ אַבְרָ֔ם לֶךְ־ לְךָ֛ מֵאַרְצְךָ֥ וּמִמּֽוֹלַדְתְּךָ֖ וּמִבֵּ֣ית אָבִ֑יךָ אֶל־ הָאָ֖רֶץ אֲשֶׁ֥ר אַרְאֶֽךָּ ׃,ויאמר יהוה אל אברמ לכ לכ מארצכ וממולדתכ ומבית אביכ אל הארצ אשר אראכ,15,ואמר יי לאברם איזל לך מארעך ומילדותך ומבית אבוך לארעא די אחזנך:,12,"Καὶ εἶπεν Κύριος τῷ Ἀβράμ Ἔξελθε ἐκ τῆς γῆς σου καὶ ἐκ τῆς συγγενείας σου καὶ ἐκ τοῦ οἴκου τοῦ πατρός σου, εἰς τὴν γῆν ἣν ἄν σοι δείξω.",29,ܘܐܡ̣ܪ ܡܪܝܐ ܠܐܒܪܡ. ܙܠ ܠܟ ܡܢ ܐܪܥܟ ܘܡܢ ܐܝܡܟܐ ܕܐܬܝܠܕܬ. ܘܡܢ ܒܝܬ ܐܒܘܟ ܠܐܪܥܐ ܕܐܚܘܝܟ.,15,"Ora, o Senhor disse a Abrão: Sai-te da tua terra, da tua parentela, e da casa de teu pai, para a terra que eu te mostrarei.",26,True,True,True
12,2,Gênesis 12:2,וְאֶֽעֶשְׂךָ֙ לְג֣וֹי גָּד֔וֹל וַאֲבָ֣רֶכְךָ֔ וַאֲגַדְּלָ֖ה שְׁמֶ֑ךָ וֶהְיֵ֖ה בְּרָכָֽה ׃,ואעשכ לגוי גדול ואברככ ואגדלה שמכ והיה ברכה,9,ואעבדנך לעם סגי ואברכנך וארבי שמך ותהא מברך:,8,"καὶ ποιήσω σε εἰς ἔθνος μέγα καὶ εὐλογήσω σε καὶ μεγαλυνῶ τὸ ὄνομά σου, καὶ ἔσῃ εὐλογητός·",17,ܘܐܥܒܕܟ ܠܥܡܐ ܪܒܐ. ܘܐܒܪܟܟ ܘܐܘܪܒ ܫܡܟ ܘܗܘܝ ܒܪܝܟ.,8,"Eu farei de ti uma grande nação; abençoar-te-ei, e engrandecerei o teu nome; e tu, sê uma bênção.",18,True,True,True
12,3,Gênesis 12:3,וַאֲבָֽרֲכָה֙ מְבָ֣רְכֶ֔יךָ וּמְקַלֶּלְךָ֖ אָאֹ֑ר וְנִבְרְכ֣וּ בְךָ֔ כֹּ֖ל מִשְׁפְּחֹ֥ת הָאֲדָמָֽה ׃,ואברכה מברכיכ ומקללכ אאר ונברכו בכ כל משפחת האדמה,10,ואברך מברכך ומלטטך אילוט ויתברכון בדילך כל זרעית ארעא:,9,"καὶ εὐλογήσω τοὺς εὐλογοῦντάς σε, καὶ τοὺς καταρωμένους σε καταράσομαι, καὶ εὐλογηθήσονται ἐν σοὶ πᾶσαι αἱ φυλαὶ τῆς γῆς.",19,ܘܐܒܪܟ ܡܒܪ̈ܟܢܝܟ ܘܡ̈ܠܝܛܢܝܟ ܐܠܘܛ. ܘܢܬܒܪ̈ܟܢ ܒܟ ܟܠܗܝܢ ܫܪ̈ܒܬܐ ܕܐܪܥܐ ܘܒܙܪܥܟ.,10,"Abençoarei aos que te abençoarem, e amaldiçoarei àquele que te amaldiçoar; e em ti serão benditas todas as famílias da terra.",21,True,True,True
12,4,Gênesis 12:4,וַיֵּ֣לֶךְ אַבְרָ֗ם כַּאֲשֶׁ֨ר דִּבֶּ֤ר אֵלָיו֙ יְהוָ֔ה וַיֵּ֥לֶךְ אִתּ֖וֹ ל֑וֹט וְאַבְרָ֗ם בֶּן־ חָמֵ֤שׁ שָׁנִים֙ וְשִׁבְעִ֣ים שָׁנָ֔ה בְּצֵאת֖וֹ מֵחָרָֽן ׃,וילכ אברמ כאשר דבר אליו יהוה וילכ אתו לוט ואברמ בנ חמש שנימ ושבעימ שנה בצאתו מחרנ,18,ואזל אברם כמא דמליל עמיה יי ואזל עמיה לוט ואברם בר שבעין וחמש שנין במפקיה מחרן:,16,"καὶ ἐπορεύθη Ἀβρὰμ καθάπερ ἐλάλησεν αὐτῷ Κύριος, καὶ ᾤχετο μετ᾽ αὐτοῦ Λώτ· Ἀβρὰμ δὲ ἦν ἐτῶν ἑβδομήκοντα πέντε ὅτε ἐξῆλθεν ἐκ Χαρράν.",22,ܘܥܒ̣ܕ ܐܒܪܡ ܐܝܟ ܕܐܡ̣ܪ ܠܗ ܡܪܝܐ. ܘܐܙܠ ܥܡܗ ܠܘܛ. ܘܐܒܪܡ ܒܪ ܫܒܥܝܢ ܗܘܐ ܘܚܡܫ ܫ̈ܢܝܢ. ܟܕ ܢܦ̣ܩ ܡܢ ܚܪܢ.,19,"Partiu, pois Abrão, como o Senhor lhe ordenara, e Ló foi com ele. Tinha Abrão setenta e cinco anos quando saiu de Harã.",23,True,True,True
12,5,Gênesis 12:5,וַיִּקַּ֣ח אַבְרָם֩ אֶת־ שָׂרַ֨י אִשְׁתּ֜וֹ וְאֶת־ ל֣וֹט בֶּן־ אָחִ֗יו וְאֶת־ כָּל־ רְכוּשָׁם֙ אֲשֶׁ֣ר רָכָ֔שׁוּ וְאֶת־ הַנֶּ֖פֶשׁ אֲשֶׁר־ עָשׂ֣וּ בְחָרָ֑ן וַיֵּצְא֗וּ לָלֶ֨כֶת֙ אַ֣רְצָה כְּנַ֔עַן וַיָּבֹ֖אוּ אַ֥רְצָה כְּנָֽעַן ׃,ויקח אברמ את שרי אשתו ואת לוט בנ אחיו ואת כל רכושמ אשר רכשו ואת הנפש אשר עשו בחרנ ויצאו ללכת ארצה כנענ ויבאו ארצה כנענ,27,ודבר אברם ית שרי אתתיה וית לוט בר אחוהי וית כל קנינהון די קנו וית נפשתא דשעבידו לאוריתא בחרן ונפקו למיזל לארעא דכנען ואתו לארעא דכנען:,26,"καὶ ἔλαβεν Ἀβρὰμ τὴν Σαρὰ γυναῖκα αὐτοῦ καὶ τὸν Λὼτ υἱὸν τοῦ ἀδελφοῦ αὐτοῦ καὶ πάντα τὰ ὑπάρχοντα αὐτῶν ὅσα ἐκτήσαντο καὶ πᾶσαν ψυχὴν ἣν ἐκτήσαντο ἐκ Χαρράν, καὶ ἐξήλθοσαν πορευθῆναι εἰς γῆν Χανάαν· καὶ ἦλθον εἰς γῆν Χανάαν.",39,ܘܕܒ̣ܪ ܐܒܪܡ ܠܣܪܝ ܐܢܬܬܗ. ܘܠܠܘܛ ܒܪ ܐܚܘܗܝ ܘܠܟܘܠܗ ܩܢܝܢܗܘܢ ܕܩܢܘ. ܘܢܦܫ̈ܬܐ ܕܥܒ̣ܕܘ ܒܚܪܢ. ܘܢܦܩܘ ܠܡܐܙܠ ܠܐܪܥܐ ܕܟܢܥܢ. ܘܐܬܘ ܠܐܪܥܐ ܕܟܢܥܢ.,20,"Abrão levou consigo a Sarai, sua mulher, e a Ló, filho de seu irmão, e todos os bens que haviam adquirido, e as almas que lhes acresceram em Harã; e saíram a fim de irem à terra de Canaã; e à terra de Canaã chegaram.",45,True,True,True
12,6,Gênesis 12:6,וַיַּעֲבֹ֤ר אַבְרָם֙ בָּאָ֔רֶץ עַ֚ד מְק֣וֹם שְׁכֶ֔ם עַ֖ד אֵל֣וֹן מוֹרֶ֑ה וְהַֽכְּנַעֲנִ֖י אָ֥ז בָּאָֽרֶץ ׃,ויעבר אברמ בארצ עד מקומ שכמ עד אלונ מורה והכנעני אז בארצ,13,ועבר אברם בארעא עד אתר שכם עד מישר מורה וכנענאה בכן בארעא:,12,"καὶ διώδευσεν Ἀβρὰμ εἰς τὸ μῆκος αὐτῆς ἕως τοῦ τόπου Συχέμ, ἐπὶ τὴν δρῦν τὴν ὑψηλήν· οἱ δὲ Χαναναῖοι τότε κατῴκουν τὴν γῆν.",23,ܘܥܒ̣ܪ ܐܒܪܡ ܒܐܪܥܐ. ܥܕܡܐ ܠܐܬܪܐ ܕܫܟܝܡ. ܘܥܕܡܐ ܠܒܠܘܛܐ ܕܡܡܪܐ. ܘܟܢܥ̈ܢܝܐ ܥܕܟܝܠ ܝܬܒܝܢ ܒܐܪܥܐ.,13,"Passou Abrão pela terra até o lugar de Siquém, até o carvalho de Moré. Nesse tempo estavam os cananeus na terra.",21,True,True,True
12,7,Gênesis 12:7,וַיֵּרָ֤א יְהוָה֙ אֶל־ אַבְרָ֔ם וַיֹּ֕אמֶר לְזַ֨רְעֲךָ֔ אֶתֵּ֖ן אֶת־ הָאָ֣רֶץ הַזֹּ֑את וַיִּ֤בֶן שָׁם֙ מִזְבֵּ֔חַ לַיהוָ֖ה הַנִּרְאֶ֥ה אֵלָֽיו ׃,וירא יהוה אל אברמ ויאמר לזרעכ אתנ את הארצ הזאת ויבנ שמ מזבח ליהוה הנראה אליו,17,ואתגלי יי לאברם ואמר לבנך אתן ית ארעא הדא ובנא תמן מדבחא קדם יי דאתגלי ליה:,16,καὶ ὤφθη Κύριος τῷ Ἀβρὰμ καὶ εἶπεν αὐτῷ Τῷ σπέρματί σου δώσω τὴν γῆν ταύτην· καὶ ᾠκοδόμησεν ἐκεῖ Ἀβρὰμ θυσιαστήριον Κυρίῳ τῷ ὀφθέντι αὐτῷ.,24,ܘܐܬܓܠܝ ܡܪܝܐ ܥܠ ܐܒܪܡ ܘܐܡ̣ܪ ܠܗ. ܠܙܪܥܟ ܐܬܠܝܗ̇ ܐܪܥܐ ܗܕܐ ܘܒܢ̣ܐ ܬܡ̇ܢ ܡܕܒܚܐ ܠܡܪܝܐ ܕܐܬܓܠܝ ܥܠܘܗܝ.,16,"Apareceu, porém, o Senhor a Abrão, e disse: À tua semente darei esta terra. Abrão, pois, edificou ali um altar ao Senhor, que lhe aparecera.",25,True,True,True
12,8,Gênesis 12:8,וַיַּעְתֵּ֨ק מִשָּׁ֜ם הָהָ֗רָה מִקֶּ֛דֶם לְבֵֽית־ אֵ֖ל וַיֵּ֣ט אָהֳלֹ֑ה בֵּֽית־ אֵ֤ל מִיָּם֙ וְהָעַ֣י מִקֶּ֔דֶם וַיִּֽבֶן־ שָׁ֤ם מִזְבֵּ֨חַ֙ לַֽיהוָ֔ה וַיִּקְרָ֖א בְּשֵׁ֥ם יְהוָֽה ׃,ויעתק משמ ההרה מקדמ לבית אל ויט אהלה בית אל מימ והעי מקדמ ויבנ שמ מזבח ליהוה ויקרא בשמ יהוה,21,ואסתלק מתמן לטורא ממדנח לבית אל ופרס משכניה בית אל ממערבא ועי ממדינחא ובנא תמן מדבחא קדם יי וצלי בשמא דיי:,21,"καὶ ἀπέστη ἐκεῖθεν εἰς τὸ ὄρος κατ᾽ ἀνατολὰς Βαιθήλ, καὶ ἔστησεν ἐκεῖ τὴν σκηνὴν αὐτοῦ ἐν Βαιθὴλ κατὰ θάλασσαν καὶ Ἁγγαὶ κατ᾽ ἀνατολάς· καὶ ᾠκοδόμησεν ἐκεῖ θυσιαστήριον τῷ κυρίῳ καὶ ἐπεκαλέσατο ἐπὶ τῷ ὀνόματι Κυρίου.",35,ܘܫ̇ܢܝ ܡܢ ܬܡ̇ܢ ܠܛܘܪܐ. ܡܢ ܡܕܢܚܐ ܠܒܝܬ ܐܝܠ. ܘܢܩ̣ܫ ܡܫܟܢܗ ܒܝܬ ܐܝܠ ܡܢ ܡܥܪܒܐ ܘܥܝ ܡܢ ܡܕܢܚܐ. ܘܒܢ̣ܐ ܬܡ̇ܢ ܡܕܒܚܐ ܠܡܪܝܐ. ܘܩ̣ܪܐ ܒܫܡܗ ܕܡܪܝܐ.,24,"Então passou dali para o monte ao oriente de Betel, e armou a sua tenda, ficando-lhe Betel ao ocidente, e Ai ao oriente; também ali edificou um altar ao Senhor, e invocou o nome do Senhor.",36,True,True,True
12,9,Gênesis 12:9,וַיִּסַּ֣ע אַבְרָ֔ם הָל֥וֹךְ וְנָס֖וֹעַ הַנֶּֽגְבָּה ׃ פ,ויסע אברמ הלוכ ונסוע הנגבה פ,7,ונטל אברם אזל ונטל לדרומא:,5,καὶ ἀπῆρεν Ἀβρὰμ καὶ πορευθεὶς ἐστρατοπέδευσεν ἐν τῇ ἐρήμῳ.,9,ܘܫ̣ܩܠ ܐܒܪܡ ܘܐܙ̣ܠ. ܘܡܫܩܠܢܗ ܠܬܝܡܢܐ.,5,"Depois continuou Abrão o seu caminho, seguindo ainda para o sul.",11,True,True,True
12,10,Gênesis 12:10,וַיְהִ֥י רָעָ֖ב בָּאָ֑רֶץ וַיֵּ֨רֶד אַבְרָ֤ם מִצְרַ֨יְמָה֙ לָג֣וּר שָׁ֔ם כִּֽי־ כָבֵ֥ד הָרָעָ֖ב בָּאָֽרֶץ ׃,ויהי רעב בארצ וירד אברמ מצרימה לגור שמ כי כבד הרעב בארצ,13,והוה כפנא בארעא ונחת אברם למצרים לאתותבא תמן ארי תקיף כפנא בארעא:,12,"Καὶ ἐγένετο λιμὸς ἐπὶ τῆς γῆς· καὶ κατέβη Ἀβρὰμ εἰς Αἴγυπτον παροικῆσαι ἐκεῖ, ὅτι ἐνίσχυσεν ὁ λιμὸς ἐπὶ τῆς γῆς.",20,ܘܗܘ̣ܐ ܟܦܢܐ ܒܐܪܥܐ. ܘܢܚ̣ܬ ܐܒܪܡ ܠܡܨܪܝܢ. ܠܡܥܡܪ ܬܡܢ. ܡܛܠ ܕܥܫܢ ܟܦܢܐ ܛܒ ܒܐܪܥܐ.,13,"Ora, havia fome naquela terra; Abrão, pois, desceu ao Egito, para peregrinar ali, porquanto era grande a fome na terra.",20,True,True,True
12,11,Gênesis 12:11,וַיְהִ֕י כַּאֲשֶׁ֥ר הִקְרִ֖יב לָב֣וֹא מִצְרָ֑יְמָה וַיֹּ֨אמֶר֙ אֶל־ שָׂרַ֣י אִשְׁתּ֔וֹ הִנֵּה־ נָ֣א יָדַ֔עְתִּי כִּ֛י אִשָּׁ֥ה יְפַת־ מַרְאֶ֖ה אָֽתְּ ׃,ויהי כאשר הקריב לבוא מצרימה ויאמר אל שרי אשתו הנה נא ידעתי כי אשה יפת מראה את,18,והוה כד קריב למיעל למצרים ואמר לשרי אתתיה הא כען ידעית ארי אתתא שפירת חיזו את:,16,"ἐγένετο δὲ ἡνίκα ἤγγισεν Ἀβρὰμ εἰσελθεῖν εἰς Αἴγυπτον, εἶπεν Ἀβρὰμ Σάρᾳ τῇ γυναικὶ αὐτοῦ ⸆ Γινώσκω ἐγὼ ὅτι γυνὴ εὐπρόσωπος εἶ·",21,ܘܗܘ̣ܐ ܕܟܕ ܩܪܝܒ ܠܡܥܠ ܠܡܨܪܝܢ. ܐܡ̣ܪ ܠܣܪܝ ܐܢܬܬܗ. ܗܐ ܝܕܥ̇ ܐܢܐ ܕܐܢܬܬܐ ܫܦܝܪܬ ܒܚܙܘܐ ܐܢܬܝ.,15,"Quando ele estava prestes a entrar no Egito, disse a Sarai, sua mulher: Ora, bem sei que és mulher formosa à vista;",22,True,True,True
12,12,Gênesis 12:12,וְהָיָ֗ה כִּֽי־ יִרְא֤וּ אֹתָךְ֙ הַמִּצְרִ֔ים וְאָמְר֖וּ אִשְׁתּ֣וֹ זֹ֑את וְהָרְג֥וּ אֹתִ֖י וְאֹתָ֥ךְ יְחַיּֽוּ ׃,והיה כי יראו אתכ המצרימ ואמרו אשתו זאת והרגו אתי ואתכ יחיו,13,ויהי כד יחזון יתיך מצראי ויימרון אתתיה דא ויקטלון יתי ויתיך יקימון:,12,"ἔσται οὖν ὡς ἂν ἴδωσίν σε οἱ Αἰγύπτιοι, ἐροῦσιν ὅτι Γυνὴ αὐτοῦ ἐστὶν αὐτή· καὶ ἀποκτενοῦσίν με, σὲ δὲ περιποιήσονται.",20,ܘܟܕ ܢܚܙܘܢܟܝ ܡܨܪ̈ܝܐ. ܢܐܡܪܘܢ ܐܢܬܬܗ ܗܝ ܗܕܐ. ܩܛܠܝܢ ܠܝ ܘܠܟܝ ܡܚܝܢ.,11,"e acontecerá que, quando os egípcios te virem, dirão: Esta é mulher dele. E me matarão a mim, mas a ti te guardarão em vida.",25,True,True,True
12,13,Gênesis 12:13,אִמְרִי־ נָ֖א אֲחֹ֣תִי אָ֑תְּ לְמַ֨עַן֙ יִֽיטַב־ לִ֣י בַעֲבוּרֵ֔ךְ וְחָיְתָ֥ה נַפְשִׁ֖י בִּגְלָלֵֽךְ ׃,אמרי נא אחתי את למענ ייטב לי בעבורכ וחיתה נפשי בגללכ,12,אמרי כען אחתי את בדיל דייטב לי בדילך ותתקים נפשי בפתגמיכי:,11,"εἰπὸν οὖν ὅτι Ἀδελφὴ αὐτοῦ εἰμί, ὅπως ἂν εὖ μοι γένηται διὰ σέ, καὶ ζήσεται ἡ ψυχή μου ἕνεκεν σοῦ.",20,ܐܡܪܝ ܕܚܬܗ ܐܢܐ. ܡܛܠ ܕܢܛܐܒ ܠܝ ܡܛܠܬܟܝ. ܘܬܚ̣ܐ ܢܦܫܝ ܡܛܠܬܟܝ.,10,"Dize, peço-te, que és minha irmã, para que me vá bem por tua causa, e que viva a minha alma em atenção a ti.",24,True,True,True
12,14,Gênesis 12:14,וַיְהִ֕י כְּב֥וֹא אַבְרָ֖ם מִצְרָ֑יְמָה וַיִּרְא֤וּ הַמִּצְרִים֙ אֶת־ הָ֣אִשָּׁ֔ה כִּֽי־ יָפָ֥ה הִ֖וא מְאֹֽד ׃,ויהי כבוא אברמ מצרימה ויראו המצרימ את האשה כי יפה הוא מאד,13,והוה כד על אברם למצרים וחזו מצראי ית אתתא ארי שפירא היא לחדא:,13,"ἐγένετο δὲ ἡνίκα εἰσῆλθεν Ἀβρὰμ εἰς Αἴγυπτον, ἰδόντες οἱ Αἰγύπτιοι τὴν γυναῖκα αὐτοῦ ὅτι καλὴ ἦν σφόδρα,",17,ܘܗܘ̣ܐ ܕܟܕ ܥܠ ܐܒܪܡ ܠܡܨܪܝܢ. ܚܙܐܘܗ̇ ܡܨܪ̈ܝܐ ܠܐܢܬܬܗ ܕܫܦܝܪܐ ܗܝ ܛܒ.,11,"E aconteceu que, entrando Abrão no Egito, viram os egípcios que a mulher era mui formosa.",16,True,True,True
12,15,Gênesis 12:15,וַיִּרְא֤וּ אֹתָהּ֙ שָׂרֵ֣י פַרְעֹ֔ה וַיְהַֽלְל֥וּ אֹתָ֖הּ אֶל־ פַּרְעֹ֑ה וַתֻּקַּ֥ח הָאִשָּׁ֖ה בֵּ֥ית פַּרְעֹֽה ׃,ויראו אתה שרי פרעה ויהללו אתה אל פרעה ותקח האשה בית פרעה,13,וחזו יתה רברבי פרעה ושבחו יתה לפרעה ואדברת אתתא לבית פרעה:,11,καὶ ἴδον αὐτὴν οἱ ἄρχοντες Φαραὼ καὶ ἐπῄνεσαν αὐτὴν πρὸς Φαραὼ καὶ εἰσήγαγον αὐτὴν πρὸς Φαραώ.,16,ܘܚܙܐܘܗ̇ ܪ̈ܘܪܒܢܝ ܦܪܥܘܢ. ܘܫܒܚܘܗ̇ ܩܕܡ ܦܪܥܘܢ. ܘܐܬܕܒ̣ܪܬ ܐܢܬܬܐ ܠܒܝܬ ܦܪܥܘܢ.,10,Até os príncipes de Faraó a viram e gabaram-na diante dele; e foi levada a mulher para a casa de Faraó.,21,True,True,True
12,16,Gênesis 12:16,וּלְאַבְרָ֥ם הֵיטִ֖יב בַּעֲבוּרָ֑הּ וַֽיְהִי־ ל֤וֹ צֹאן־ וּבָקָר֙ וַחֲמֹרִ֔ים וַעֲבָדִים֙ וּשְׁפָחֹ֔ת וַאֲתֹנֹ֖ת וּגְמַלִּֽים ׃,ולאברמ היטיב בעבורה ויהי לו צאנ ובקר וחמרימ ועבדימ ושפחת ואתנת וגמלימ,13,ולאברם אוטיב בדילה והוו ליה עאן ותורין וחמרין ועבדין ואמהן ואתנן וגמלין:,12,"καὶ τῷ Ἀβρὰμ εὖ ἐχρήσαντο δι᾽ αὐτήν, καὶ ἐγένοντο αὐτῷ πρόβατα καὶ μόσχοι καὶ ὄνοι, παῖδες καὶ παιδίσκαι, ἡμίονοι καὶ κάμηλοι.",21,ܘܠܐܒܪܡ ܛܐܒ ܡܛܠܬܗ̇ ܘܗܘܘ ܠܗ ܥܢܐ ܘܬܘܪ̈ܐ ܘܚܡܪ̈ܐ. ܘܥܒ̣̈ܕܐ ܘܐ̈ܡܗܬܐ. ܘܐܬ̈ܢܐ ܘܓܡ̈ܠܐ.,12,"E ele tratou bem a Abrão por causa dela; e este veio a ter ovelhas, bois e jumentos, servos e servas, jumentas e camelos.",24,True,True,True
12,17,Gênesis 12:17,וַיְנַגַּ֨ע יְהוָ֧ה ׀ אֶת־ פַּרְעֹ֛ה נְגָעִ֥ים גְּדֹלִ֖ים וְאֶת־ בֵּית֑וֹ עַל־ דְּבַ֥ר שָׂרַ֖י אֵ֥שֶׁת אַבְרָֽם ׃,וינגע יהוה את פרעה נגעימ גדלימ ואת ביתו על דבר שרי אשת אברמ,15,ואיתי יי על פרעה מכתשין רברבין ועל אנש ביתיה על עיסק שרי אתת אברם:,14,καὶ ἤτασεν ὁ θεὸς τὸν Φαραὼ ἐτασμοῖς μεγάλοις καὶ πονηροῖς καὶ τὸν οἶκον αὐτοῦ περὶ Σάρας τῆς γυναικὸς Ἀβράμ.,19,ܘܡܚ̣ܐ ܡܪܝܐ ܠܦܪܥܘܢ ܡܚ̈ܘܬܐ ܪ̈ܘܪܒܬܐ ܠܗ ܘܠܒ̈ܢܝ ܒܝܬܗ. ܡܛܠ ܣܪܝ ܐܢܬܬܗ ܕܐܒܪܡ.,12,"Feriu, porém, o Senhor a Faraó e a sua casa com grandes pragas, por causa de Sarai, mulher de Abrão.",20,True,True,True
12,18,Gênesis 12:18,וַיִּקְרָ֤א פַרְעֹה֙ לְאַבְרָ֔ם וַיֹּ֕אמֶר מַה־ זֹּ֖את עָשִׂ֣יתָ לִּ֑י לָ֚מָּה לֹא־ הִגַּ֣דְתָּ לִּ֔י כִּ֥י אִשְׁתְּךָ֖ הִֽוא ׃,ויקרא פרעה לאברמ ויאמר מה זאת עשית לי למה לא הגדת לי כי אשתכ הוא,16,וקרא פרעה לאברם ואמר מה דא עבדת לי למא לא חויתא לי ארי אתתך היא:,15,"καλέσας δὲ Φαραὼ τὸν Ἀβρὰμ εἶπεν Τί τοῦτο ἐποίησάς μοι, ὅτι οὐκ ἀπήγγειλάς μοι ὅτι γυνή σού ἐστιν;",18,ܘܩ̣ܪܐ ܦܪܥܘܢ ܠܐܒܪܡ ܘܐܡ̣ܪ ܠܗ. ܡܢܘ ܗܢܐ ܕܥܒ̣ܕܬ ܠܝ. ܠܡܢܐ ܠܐ ܚܘܝܬܢܝ ܕܐܢܬܬܟ ܗܝ.,14,"Então chamou Faraó a Abrão, e disse: Que é isto que me fizeste? por que não me disseste que ela era tua mulher?",23,True,True,True
12,19,Gênesis 12:19,לָמָ֤ה אָמַ֨רְתָּ֙ אֲחֹ֣תִי הִ֔וא וָאֶקַּ֥ח אֹתָ֛הּ לִ֖י לְאִשָּׁ֑ה וְעַתָּ֕ה הִנֵּ֥ה אִשְׁתְּךָ֖ קַ֥ח וָלֵֽךְ ׃,למה אמרת אחתי הוא ואקח אתה לי לאשה ועתה הנה אשתכ קח ולכ,14,למא אמרת אחתי היא ודברית יתה לי לאתו וכען הא אתתך דבר ואיזיל:,13,ἵνα τί εἶπας ὅτι Ἀδελφή μού ἐστιν; καὶ ἔλαβον αὐτὴν ἐμαυτῷ εἰς γυναῖκα. καὶ νῦν ἰδοὺ ἡ γυνή σου ἐναντίον σου· λαβὼν ἀπότρεχε.,23,ܘܠܡܢܐ ܐܡ̣ܪܬ ܕܚܬܝ ܗܝ. ܘܢܣܒܬܗ̇ ܠܝ ܐܢܬܬܐ. ܗܫܐ ܗܐ ܐܢܬܬܟ ܕܒ̣ܪ ܘܙܠ.,12,"Por que disseste: E minha irmã? de maneira que a tomei para ser minha mulher. Agora, pois, eis aqui tua mulher; toma-a e vai-te.",24,True,True,True
12,20,Gênesis 12:20,וַיְצַ֥ו עָלָ֛יו פַּרְעֹ֖ה אֲנָשִׁ֑ים וַֽיְשַׁלְּח֥וּ אֹת֛וֹ וְאֶת־ אִשְׁתּ֖וֹ וְאֶת־ כָּל־ אֲשֶׁר־ לֽוֹ ׃,ויצו עליו פרעה אנשימ וישלחו אתו ואת אשתו ואת כל אשר לו,13,ופקיד עלוהי פרעה גוברין ואלויאו יתיה וית אתתיה וית כל דיליה:,11,"καὶ ἐνετείλατο Φαραὼ ἀνδράσιν περὶ Ἀβράμ, συνπροπέμψαι αὐτὸν καὶ τὴν γυναῖκα αὐτοῦ καὶ πάντα ὅσα ἦν αὐτῷ, καὶ Λὼτ μετ᾽ αὐτοῦ.",21,ܘܦܩ̇ܕ ܥܠܘܗܝ ܦܪܥܘܢ ܓܒܪ̈ܐ. ܘܫܕܪܗ ܠܗ ܘܠܐܢܬܬܗ ܘܠܟܠ ܕܐܝܬ ܠܗ.,10,"E Faraó deu ordens aos seus guardas a respeito dele, os quais o despediram a ele, e a sua mulher, e a tudo o que tinha.",26,True,True,True
13,1,Gênesis 13:1,וַיַּעַל֩ אַבְרָ֨ם מִמִּצְרַ֜יִם ה֠וּא וְאִשְׁתּ֧וֹ וְכָל־ אֲשֶׁר־ ל֛וֹ וְל֥וֹט עִמּ֖וֹ הַנֶּֽגְבָּה ׃,ויעל אברמ ממצרימ הוא ואשתו וכל אשר לו ולוט עמו הנגבה,12,וסליק אברם ממצרים הוא ואתתיה וכל דיליה ולוט עמיה לדרומא:,10,Ἀνέβη δὲ Ἀβρὰμ ἐξ Αἰγύπτου αὐτὸς καὶ ἡ γυνὴ αὐτοῦ καὶ πάντα τὰ αὐτοῦ καὶ Λὼτ μετ᾽ αὐτοῦ εἰς τὴν ἔρημον.,21,ܘܣܠ̣ܩ ܐܒܪܡ ܡܢ ܡܨܪܝܢ. ܗ̣ܘ ܘܐܢܬܬܗ ܘܟܠ ܕܐܝܬ ܠܗ. ܘܠܘܛ ܥܡܗ ܠܬܝܡܢܐ.,12,"Subiu, pois, Abrão do Egito para o Negebe, levando sua mulher e tudo o que tinha, e Ló o acompanhava.",20,True,True,True
13,2,Gênesis 13:2,וְאַבְרָ֖ם כָּבֵ֣ד מְאֹ֑ד בַּמִּקְנֶ֕ה בַּכֶּ֖סֶף וּבַזָּהָֽב ׃,ואברמ כבד מאד במקנה בכספ ובזהב,7,ואברם תקיף לחדא בבעירא בכספא ובדהבא:,6,Ἀβρὰμ δὲ ἦν πλούσιος σφόδρα κτήνεσιν καὶ ἀργυρίῳ καὶ χρυσίῳ.,10,ܘܐܒܪܡ ܥܬܪ ܛܒ ܒܩܢܝܢܐ ܘܒܣܐܡܐ ܘܒܕܗܒܐ.,6,"Abrão era muito rico em gado, em prata e em ouro.",11,True,True,True
13,3,Gênesis 13:3,וַיֵּ֨לֶךְ֙ לְמַסָּעָ֔יו מִנֶּ֖גֶב וְעַד־ בֵּֽית־ אֵ֑ל עַד־ הַמָּק֗וֹם אֲשֶׁר־ הָ֨יָה שָׁ֤ם אהלה בַּתְּחִלָּ֔ה בֵּ֥ין בֵּֽית־ אֵ֖ל וּבֵ֥ין הָעָֽי ׃,וילכ למסעיו מנגב ועד בית אל עד המקומ אשר היה שמ אהלה בתחלה בינ בית אל ובינ העי,19,ואזל למטלנוהי מדרומא ועד בית אל עד אתרא די פרס תמן משכניה בקדמיתא בין בית אל ובין עי:,18,"καὶ ἐπορεύθη ὅθεν ἦλθεν εἰς τὴν ἔρημον ἕως Βαιθήλ, ἕως τοῦ τόπου οὗ ἦν ἡ σκηνὴ αὐτοῦ τὸ πρότερον, ἀνὰ μέσον Βαιθὴλ καὶ ἀνὰ μέσον Ἁγγαί,",26,ܘܐܙܠ ܠܡܫܩ̈ܠܢܘܗܝ ܡܢ ܬܝܡܢܐ ܘܥܕܡܐ ܠܒܝܬ ܐܝܠ. ܥܕܡܐ ܠܐܬܪܐ ܕܢܩܫ̣ ܗܘܐ ܬܡܢ ܡܫܟܢܗ ܡܢ ܩܕܝܡ. ܒܝܢ̈ܬ ܒܝܬ ܐܝܠ ܠܒܝܬ ܥܝ.,20,"Nas suas jornadas subiu do Negebe para Betel, até o lugar onde outrora estivera a sua tenda, entre Betel e Ai,",21,True,True,True
13,4,Gênesis 13:4,אֶל־ מְקוֹם֙ הַמִּזְבֵּ֔חַ אֲשֶׁר־ עָ֥שָׂה שָׁ֖ם בָּרִאשֹׁנָ֑ה וַיִּקְרָ֥א שָׁ֛ם אַבְרָ֖ם בְּשֵׁ֥ם יְהוָֽה ׃,אל מקומ המזבח אשר עשה שמ בראשנה ויקרא שמ אברמ בשמ יהוה,13,לאתר מדבחא די עבד תמן בקדמיתא וצלי תמן אברם בשמא דיי:,11,εἰς τὸν τόπον τοῦ θυσιαστηρίου οὗ ἐποίησεν ἐκεῖ τὴν σκηνήν· καὶ ἐπεκαλέσατο ἐκεῖ Ἀβρὰμ τὸ ὄνομα Κυρίου.,17,ܠܐܬܪܐ ܕܡܕܒܚܐ ܕܥܒ̣ܕ ܗܘܐ ܬܡܢ ܒܩܕܡܝܬܐ. ܘܩ̣ܪܐ ܬܡܢ ܐܒܪܡ ܒܫܡܗ ܕܡܪܝܐ.,11,"até o lugar do altar, que dantes ali fizera; e ali invocou Abrão o nome do Senhor.",17,True,True,True
13,5,Gênesis 13:5,וְגַם־ לְל֔וֹט הַהֹלֵ֖ךְ אֶת־ אַבְרָ֑ם הָיָ֥ה צֹאן־ וּבָקָ֖ר וְאֹהָלִֽים ׃,וגמ ללוט ההלכ את אברמ היה צאנ ובקר ואהלימ,10,ואף ללוט דאזיל עם אברם הוה עאן ותורין ומשכנין:,9,καὶ Λὼτ τῷ συμπορευομένῳ μετὰ Ἀβρὰμ ἦν πρόβατα καὶ βόες καὶ κτήνη.,12,ܘܐܦ ܠܠܘܛ ܕܐܙܠ ܥܡ ܐܒܪܡ. ܐܝܬ ܗܘܘ ܥܢܐ ܘܬܘܪ̈ܐ. ܘܡܫ̈ܟܢܐ ܣܘܓܐܐ ܕܛܒ.,12,"E também Ló, que ia com Abrão, tinha rebanhos, gado e tendas.",12,True,True,True
13,6,Gênesis 13:6,וְלֹא־ נָשָׂ֥א אֹתָ֛ם הָאָ֖רֶץ לָשֶׁ֣בֶת יַחְדָּ֑ו כִּֽי־ הָיָ֤ה רְכוּשָׁם֙ רָ֔ב וְלֹ֥א יָֽכְל֖וּ לָשֶׁ֥בֶת יַחְדָּֽו ׃,ולא נשא אתמ הארצ לשבת יחדו כי היה רכושמ רב ולא יכלו לשבת יחדו,15,ולא סוברת יתהון ארעא למיתב כחדא ארי הוה קנינהון סגי ולא יכילו למיתב כחדא:,14,"καὶ οὐκ ἐχώρει αὐτοὺς ἡ γῆ κατοικεῖν ἅμα, ὅτι ἦν τὰ ὑπάρχοντα αὐτῶν πολλά· καὶ οὐκ ἐδύναντο κατοικεῖν ἅμα.",19,ܘܠܐ ܡܣܝܒܪܐ ܗܘܬ ܠܗܘܢ ܐܪܥܐ ܗ̇ܝ ܠܡܬܒ ܐܟܚܕܐ. ܡܛܠ ܕܣܓܝ ܗܘܐ ܩܢܝܢܗܘܢ ܛܒ . ܘܠܐ ܡܫܟܚܝܢ ܗܘܘ ܠܡܬܒ ܐܟܚܕܐ.,19,"Ora, a terra não podia sustentá-los, para eles habitarem juntos; porque os seus bens eram muitos; de modo que não podiam habitar juntos.",23,True,True,True
13,7,Gênesis 13:7,וַֽיְהִי־ רִ֗יב בֵּ֚ין רֹעֵ֣י מִקְנֵֽה־ אַבְרָ֔ם וּבֵ֖ין רֹעֵ֣י מִקְנֵה־ ל֑וֹט וְהַֽכְּנַעֲנִי֙ וְהַפְּרִזִּ֔י אָ֖ז יֹשֵׁ֥ב בָּאָֽרֶץ ׃,ויהי ריב בינ רעי מקנה אברמ ובינ רעי מקנה לוט והכנעני והפרזי אז ישב בארצ,16,והות מצותא בין רעי בעיריה דאברם ובין רעי בעיריה דלוט וכנענאה ופרזאה בכן יתיב בארעא:,15,καὶ ἐγένετο μάχη ἀνὰ μέσον τῶν ποιμένων τῶν κτηνῶν τοῦ Ἀβρὰμ καὶ ἀνὰ μέσον τῶν ποιμένων τῶν κτηνῶν τοῦ Λώτ· ⸂⸆⸃ οἱ δὲ Χαναναῖοι καὶ οἱ Φερεζαῖοι τότε κατῴκουν τὴν γῆν.,31,ܘܗܘܬ ܡܨܘܬܐ ܒܝܬ ܪ̈ܥܘܬܐ ܕܩܢܝܢܗ ܕܐܒܪܡ. ܠܒܝܬ ܪ̈ܥܘܬܐ ܕܩܢܝܢܗ ܕܠܘܛ. ܘܟܢܥ̈ܢܝܐ ܘܦܪ̈ܙܝܐ ܥܕܟܝܠ ܝܬܒܝܢ ܒܐܪܥܐ.,15,"Pelo que houve contenda entre os pastores do gado de Abrão, e os pastores do gado de Ló. E nesse tempo os cananeus e os perizeus habitavam na terra.",29,True,True,True
13,8,Gênesis 13:8,וַיֹּ֨אמֶר אַבְרָ֜ם אֶל־ ל֗וֹט אַל־ נָ֨א תְהִ֤י מְרִיבָה֙ בֵּינִ֣י וּבֵינֶ֔יךָ וּבֵ֥ין רֹעַ֖י וּבֵ֣ין רֹעֶ֑יךָ כִּֽי־ אֲנָשִׁ֥ים אַחִ֖ים אֲנָֽחְנוּ ׃,ויאמר אברמ אל לוט אל נא תהי מריבה ביני וביניכ ובינ רעי ובינ רעיכ כי אנשימ אחימ אנחנו,19,ואמר אברם ללוט לא כען תהי מצותא בינא ובינך ובין רעותי ובין רעותך ארי גוברין אחין אנחנא:,17,"εἶπεν δὲ Ἀβρὰμ τῷ Λώτ Μὴ ἔστω μάχη ἀνὰ μέσον ἐμοῦ καὶ σοῦ, καὶ ἀνὰ μέσον τῶν ποιμένων σοῦ καὶ ἀνὰ μέσον τῶν ποιμένων μοῦ, ὅτι ἄνθρωποι ἀδελφοὶ ἡμεῖς ἐσμέν.",30,ܘܐܡ̣ܪ ܐܒܪܡ ܠܠܘܛ. ܠܐ ܬܗܘܐ ܡܨܘܬܐ ܒܝܢ̈ܝ ܘܠܟ. ܘܒܝܬ ܪ̈ܥܘܬܝ ܠܪ̈ܥܘܬܟ. ܡܛܠ ܕܓܒܪ̈ܐ ܐܚ̈ܐ ܚܢܢ.,15,"Disse, pois, Abrão a Ló: Ora, não haja contenda entre mim e ti, e entre os meus pastores e os teus pastores, porque somos irmãos.",25,True,True,True
13,9,Gênesis 13:9,הֲלֹ֤א כָל־ הָאָ֨רֶץ֙ לְפָנֶ֔יךָ הִפָּ֥רֶד נָ֖א מֵעָלָ֑י אִם־ הַשְּׂמֹ֣אל וְאֵימִ֔נָה וְאִם־ הַיָּמִ֖ין וְאַשְׂמְאִֽילָה ׃,הלא כל הארצ לפניכ הפרד נא מעלי אמ השמאל ואימנה ואמ הימינ ואשמאילה,14,הלא כל ארעא קדמך אתפרש כען מלותי אם את לצפונא ואנא לדרומא ואם את לדרומא ואנא לצפונא:,17,"καὶ ἰδοὺ πᾶσα ἡ γῆ ἐναντίον σου· διαχωρίσθητι ἀπ᾽ ἐμοῦ. εἰ σὺ εἰς ἀριστερά, ἐγὼ εἰς δεξιά· εἰ δὲ σὺ εἰς δεξιά, ἐγὼ εἰς ἀριστερά.",25,ܗܐ ܟܠܗ̇ ܐܪܥܐ ܩܕܡܝܟ. ܦܪܘܫ ܡܢܝ. ܐܢ ܐܢܬ ܠܝܡܝܢܐ ܐܢܐ ܠܣܡܠܐ. ܘܐܢ ܐܢܬ ܠܣܡܠܐ ܐܢܐ ܠܝܡܝܢܐ.,16,"Porventura não está toda a terra diante de ti? Rogo-te que te apartes de mim. Se tu escolheres a esquerda, irei para a direita; e se a direita escolheres, irei eu para a esquerda.",34,True,True,True
13,10,Gênesis 13:10,וַיִּשָּׂא־ ל֣וֹט אֶת־ עֵינָ֗יו וַיַּרְא֙ אֶת־ כָּל־ כִּכַּ֣ר הַיַּרְדֵּ֔ן כִּ֥י כֻלָּ֖הּ מַשְׁקֶ֑ה לִפְנֵ֣י ׀ שַׁחֵ֣ת יְהוָ֗ה אֶת־ סְדֹם֙ וְאֶת־ עֲמֹרָ֔ה כְּגַן־ יְהוָה֙ כְּאֶ֣רֶץ מִצְרַ֔יִם בֹּאֲכָ֖ה צֹֽעַר ׃,וישא לוט את עיניו וירא את כל ככר הירדנ כי כלה משקה לפני שחת יהוה את סדמ ואת עמרה כגנ יהוה כארצ מצרימ באכה צער,27,וזקף לוט ית עינוהי וחזא ית כל מישר ירדנא ארי כלה בית שקיא קדם חבלות יי ית סדום וית עמרה כגינתא דיי כארעא דמצרים מטי לצער:,26,"καὶ ἐπάρας Λὼτ τοὺς ὀφθαλμοὺς αὐτοῦ ἴδεν πᾶσαν τὴν περίχωρον τοῦ Ἰορδάνου, ὅτι πᾶσα ἦν ποτιζομένη πρὸ τοῦ καταστρέψαι τὸν θεὸν Σόδομα καὶ Γόμορρα ὡς ὁ παράδεισος τοῦ θεοῦ καὶ ὡς ἡ γῆ Αἰγύπτου, ἕως ἐλθεῖν εἰς Ζόγορα.",38,ܘܐܪܝܡ ܠܘܛ ܥܝܢ̈ܘܗܝ. ܘܚ̣ܙܐ ܟܠܗ̇ ܐܪܥܐ ܕܝܘܪܕܢܢ. ܕܟܠܗ̇ ܒܝܬ ܫܩܝܐ ܗܝ. ܩܕܡ ܕܢܚܒܠ ܡܪܝܐ ܠܣܕܘܡ ܘܠܥܡܘܪܐ ܐܝܟ ܦܪܕܝܣܗ ܕܐܠܗܐ. ܘܐܝܟ ܐܪܥܐ ܕܡܨܪܝܢ ܕܒܡܥܠܢܐ ܕܨܥܢ .,25,"Então Ló levantou os olhos, e viu toda a planície do Jordão, que era toda bem regada {antes de haver o Senhor destruído Sodoma e Gomorra}, e era como o jardim do Senhor, como a terra do Egito, até chegar a Zoar.",42,True,True,True
13,11,Gênesis 13:11,וַיִּבְחַר־ ל֣וֹ ל֗וֹט אֵ֚ת כָּל־ כִּכַּ֣ר הַיַּרְדֵּ֔ן וַיִּסַּ֥ע ל֖וֹט מִקֶּ֑דֶם וַיִּפָּ֣רְד֔וּ אִ֖ישׁ מֵעַ֥ל אָחִֽיו ׃,ויבחר לו לוט את כל ככר הירדנ ויסע לוט מקדמ ויפרדו איש מעל אחיו,15,ובחר ליה לוט ית כל מישר ירדנא ונטל לוט מלקדמין ואתפרשו גבר מלות אחוהי:,14,"καὶ ἐξελέξατο ἑαυτῷ Λὼτ πᾶσαν τὴν περίχωρον τοῦ Ἰορδάνου, καὶ ἀπῆρεν Λὼτ ἀπὸ ἀνατολῶν· καὶ διεχωρίσθησαν ἕκαστος ἀπὸ τοῦ ἀδελφοῦ αὐτοῦ.",21,ܘܓܒ̣ܐ ܠܗ ܠܘܛ ܟܠܗ̇ ܐܪܥܐ ܕܝܘܪܕܢܢ. ܘܫ̣ܩܠ ܠܘܛ ܡܢ ܡܕܢܚܐ. ܘܦܪܫܘ ܓܒܪ ܡܢ ܐܚܘܗܝ.,14,"E Ló escolheu para si toda a planície do Jordão, e partiu para o oriente; assim se apartaram um do outro.",21,True,True,True
13,12,Gênesis 13:12,אַבְרָ֖ם יָשַׁ֣ב בְּאֶֽרֶץ־ כְּנָ֑עַן וְל֗וֹט יָשַׁב֙ בְּעָרֵ֣י הַכִּכָּ֔ר וַיֶּאֱהַ֖ל עַד־ סְדֹֽם ׃,אברמ ישב בארצ כנענ ולוט ישב בערי הככר ויאהל עד סדמ,12,אברם יתב בארעא דכנען ולוט יתב בקירוי מישרא ופרס עד סדום:,11,Ἀβρὰμ δὲ κατῴκησεν ἐν γῇ Χανάαν· Λὼτ δὲ κατῴκησεν ἐν πόλει τῶν περιχώρων καὶ ἐσκήνωσεν ἐν Σοδόμοις.,17,ܐܒܪܡ ܝܬ̣ܒ ܒܐܪܥܐ ܕܟܢܥܢ. ܘܠܘܛ ܝܬ̣ܒ ܒܩܘܪ̈ܝܐ ܕܟܟܪ. ܘܝܪܬ ܥܕܡܐ ܠܣܕܘܡ.,11,"Habitou Abrão na terra de Canaã, e Ló habitou nas cidades da planície, e foi armando as suas tendas até chegar a Sodoma.",23,True,True,True
13,13,Gênesis 13:13,וְאַנְשֵׁ֣י סְדֹ֔ם רָעִ֖ים וְחַטָּאִ֑ים לַיהוָ֖ה מְאֹֽד ׃,ואנשי סדמ רעימ וחטאימ ליהוה מאד,7,ואנשין דסדום בישין בממונהון וחיבין בגויתהון קדם יי לחדא:,9,οἱ δὲ ἄνθρωποι οἱ ἐν Σοδόμοις πονηροὶ καὶ ἁμαρτωλοὶ ἐναντίον τοῦ θεοῦ σφόδρα.,13,ܘܐܢܫܐ ܕܣܕܘܡ ܒܝܫ̈ܝܢ ܘܚ̈ܛܝܝܢ ܛܒ ܩܕܡ ܡܪܝܐ.,7,"Ora, os homens de Sodoma eram maus e grandes pecadores contra o Senhor.",13,True,True,True
13,14,Gênesis 13:14,וַֽיהוָ֞ה אָמַ֣ר אֶל־ אַבְרָ֗ם אַחֲרֵי֙ הִפָּֽרֶד־ ל֣וֹט מֵֽעִמּ֔וֹ שָׂ֣א נָ֤א עֵינֶ֨יךָ֙ וּרְאֵ֔ה מִן־ הַמָּק֖וֹם אֲשֶׁר־ אַתָּ֣ה שָׁ֑ם צָפֹ֥נָה וָנֶ֖גְבָּה וָקֵ֥דְמָה וָיָֽמָּה ׃,ויהוה אמר אל אברמ אחרי הפרד לוט מעמו שא נא עיניכ וראה מנ המקומ אשר אתה שמ צפנה ונגבה וקדמה וימה,22,ויי אמר לאברם בתר דאתפרש לוט מעמיה זקוף כען עינך וחזי מן אתרא דאת תמן לצפונא ולדרומא ולמדינחא ולמערבא:,19,Ὁ δὲ θεὸς εἶπεν τῷ Ἀβρὰμ μετὰ τὸ διαχωρισθῆναι τὸν Λὼτ ἀπ᾽ αὐτοῦ Ἀνάβλεψον τοῖς ὀφθαλμοῖς σου καὶ ἴδε ἀπὸ τοῦ τόπου οὗ νῦν σὺ εἶ πρὸς βορρᾶν καὶ λίβα καὶ ἀνατολὰς καὶ θάλασσαν·,34,ܘܐܡ̣ܪ ܡܪܝܐ ܠܐܒܪܡ. ܡܢ ܒܬܪ ܕܦܪܫ̣ ܠܘܛ ܡܢ ܠܘܬܗ. ܐܪܝܡ ܥܝܢ̈ܝܟ ܘܚܙܝ ܡܢ ܐܬܪܐ ܕܐܢܬ ܒܗ. ܠܓܪܒܝܐ ܘܠܬܝܡܢܐ ܘܠܡܕܢܚܐ ܘܠܡܥܪܒܐ.,20,"E disse o Senhor a Abrão, depois que Ló se apartou dele: Levanta agora os olhos, e olha desde o lugar onde estás, para o norte, para o sul, para o oriente e para o oriente;",36,True,True,True
13,15,Gênesis 13:15,כִּ֧י אֶת־ כָּל־ הָאָ֛רֶץ אֲשֶׁר־ אַתָּ֥ה רֹאֶ֖ה לְךָ֣ אֶתְּנֶ֑נָּה וּֽלְזַרְעֲךָ֖ עַד־ עוֹלָֽם ׃,כי את כל הארצ אשר אתה ראה לכ אתננה ולזרעכ עד עולמ,13,ארי ית כל ארעא די את חזי לך אתננה ולבנך עד עלם:,12,"ὅτι πᾶσαν τὴν γῆν ἣν σὺ ὁρᾷς, σοὶ δώσω αὐτὴν καὶ τῷ σπέρματί σου ἕως τοῦ αἰῶνος.",17,ܡܛܠ ܕܟܠܗ̇ ܐܪܥܐ ܕܚ̇ܙܐ ܐܢܬ. ܠܟ ܐܬܠܝܗ̇ ܘܠܙܪܥܟ ܥܕܡܐ ܠܥܠܡ.,10,"porque toda esta terra que vês, te hei de dar a ti, e à tua descendência, para sempre.",18,True,True,True
13,16,Gênesis 13:16,וְשַׂמְתִּ֥י אֶֽת־ זַרְעֲךָ֖ כַּעֲפַ֣ר הָאָ֑רֶץ אֲשֶׁ֣ר ׀ אִם־ יוּכַ֣ל אִ֗ישׁ לִמְנוֹת֙ אֶת־ עֲפַ֣ר הָאָ֔רֶץ גַּֽם־ זַרְעֲךָ֖ יִמָּנֶֽה ׃,ושמתי את זרעכ כעפר הארצ אשר אמ יוכל איש למנות את עפר הארצ גמ זרעכ ימנה,18,ואשוי ית בנך סגיאין כעפרא דארעא כמא די לא אפשר לגבר לממני ית עפרא דארעא אף בנך לא יתמנון:,19,"καὶ ποιήσω τὸ σπέρμα σου ὡς τὴν ἄμμον τῆς γῆς· εἰ δύναταί τις ἐξαριθμῆσαι τὴν ἄμμον τῆς γῆς, καὶ τὸ σπέρμα σου ἀριθμηθήσεται.",23,ܘܐܥܒܕܝܘܗܝ ܠܙܪܥܟ ܐܝܟ ܥܦܪܐ ܕܐܪܥܐ. ܕܐܢ ܡܫܟܚ ܐܢܬ ܠܡܡܢܐ ܥܦܪܐ ܕܐܪܥܐ. ܐܦ ܙܪܥ̇ܟ ܢܬܡܢܐ.,14,"E farei a tua descendência como o pó da terra; de maneira que se puder ser contado o pó da terra, então também poderá ser contada a tua descendência.",29,True,True,True
13,17,Gênesis 13:17,ק֚וּם הִתְהַלֵּ֣ךְ בָּאָ֔רֶץ לְאָרְכָּ֖הּ וּלְרָחְבָּ֑הּ כִּ֥י לְךָ֖ אֶתְּנֶֽנָּה ׃,קומ התהלכ בארצ לארכה ולרחבה כי לכ אתננה,9,קום הליך בארעא לארכה ולפתיה ארי לך אתננה:,8,ἀναστὰς διόδευσον τὴν γῆν εἴς τε τὸ μῆκος αὐτῆς καὶ εἰς τὸ πλάτος· ὅτι σοὶ δώσω αὐτὴν καὶ τῷ σπέρματί σου εἰς τὸν αἰῶνα.,24,ܩܘܡ ܗܠܟ ܒܐܪܥܐ ܠܐܘܪܟܗ̇ ܘܠܦܬܝܗ̇. ܡܛܠ ܕܠܟ ܐܬܠܝܗ̇.,8,"Levanta-te, percorre esta terra, no seu comprimento e na sua largura; porque a darei a ti.",16,True,True,True
13,18,Gênesis 13:18,וַיֶּאֱהַ֣ל אַבְרָ֗ם וַיָּבֹ֛א וַיֵּ֛שֶׁב בְּאֵלֹנֵ֥י מַמְרֵ֖א אֲשֶׁ֣ר בְּחֶבְר֑וֹן וַיִּֽבֶן־ שָׁ֥ם מִזְבֵּ֖חַ לַֽיהוָֽה ׃ פ,ויאהל אברמ ויבא וישב באלני ממרא אשר בחברונ ויבנ שמ מזבח ליהוה פ,14,ופרס אברם ואתא ויתב במישרי ממרא די בחברון ובנא תמן מדבחא קדם יי:,13,"καὶ ἀποσκηνώσας Ἀβρὰμ ἐλθὼν κατῴκησεν παρὰ τὴν δρῦν τὴν Μαμβρήν, ἣ ἦν ἐν Χεβρών· καὶ ᾠκοδόμησεν ἐκεῖ θυσιαστήριον Κυρίῳ.",19,ܘܐܬ̣ܐ ܐܒܪܡ. ܘܥܠ ܘܝܬ̣ܒ ܒܝܬ ܒܠܘܛܐ ܕܡܡܪܐ ܐܡܘܪܝܐ . ܕܒܚܒܪܘܢ. ܘܒܢ̣ܐ ܬܡܢ ܡܕܒܚܐ ܠܡܪܝܐ.,14,"Então mudou Abrão as suas tendas, e foi habitar junto dos carvalhos de Manre, em Hebrom; e ali edificou um altar ao Senhor.",23,True,True,True
14,1,Gênesis 14:1,וַיְהִ֗י בִּימֵי֙ אַמְרָפֶ֣ל מֶֽלֶךְ־ שִׁנְעָ֔ר אַרְי֖וֹךְ מֶ֣לֶךְ אֶלָּסָ֑ר כְּדָרְלָעֹ֨מֶר֙ מֶ֣לֶךְ עֵילָ֔ם וְתִדְעָ֖ל מֶ֥לֶךְ גּוֹיִֽם ׃,ויהי בימי אמרפל מלכ שנער אריוכ מלכ אלסר כדרלעמר מלכ עילמ ותדעל מלכ גוימ,15,והוה ביומי אמרפל מלכא דבבל אריוך מלכא דאלסר כדרלעמר מלכא דעילם ותדעל מלכא דעממי:,14,"Ἐγένετο δὲ ἐν τῇ βασιλείᾳ τῇ Ἀμαρφὰλ βασιλέως Σενναάρ, Ἀριὼχ βασιλεὺς Ἐλλασὰρ καὶ ὁ Χοδολλογόμορ βασιλεὺς Αἰλὰμ καὶ Θαλγὰ βασιλεὺς ἐθνῶν",21,ܘܗܘܐ ܒܝ̈ܘܡܘܗܝ ܕܐܡܪܦܠ ܡ̇ܠܟܐ ܕܣܢܥܪ. ܘܐܪܝܘܟ ܡ̇ܠܟܐ ܕܕܠܣܪ. ܘܟܪܕܠܥܡܪ ܡ̇ܠܟܐ ܕܥܝܠܡ. ܘܬܪܥܠ ܡ̇ܠܟܐ ܕܓ̈ܠܝܐ.,14,"Aconteceu nos dias de Anrafel, rei de Sinar, Arioque, rei de Elasar, Quedorlaomer, rei de Elão, e Tidal, rei de Goiim,",21,True,True,True
14,2,Gênesis 14:2,עָשׂ֣וּ מִלְחָמָ֗ה אֶת־ בֶּ֨רַע֙ מֶ֣לֶךְ סְדֹ֔ם וְאֶת־ בִּרְשַׁ֖ע מֶ֣לֶךְ עֲמֹרָ֑ה שִׁנְאָ֣ב ׀ מֶ֣לֶךְ אַדְמָ֗ה וְשֶׁמְאֵ֨בֶר֙ מֶ֣לֶךְ צביים וּמֶ֥לֶךְ בֶּ֖לַע הִיא־ צֹֽעַר ׃,עשו מלחמה את ברע מלכ סדמ ואת ברשע מלכ עמרה שנאב מלכ אדמה ושמאבר מלכ צביימ ומלכ בלע היא צער,22,סדרו קרבא עם ברע מלכא דסדם ועם ברשע מלכא דעמרה שנאב מלכא דאדמה ושמאבר מלכא דצבוים ומלכא דבלע היא צער:,20,ἐποίησαν πόλεμον μετὰ Βάλλα βασιλέως Σοδόμων καὶ μετὰ Βαρσὰ βασιλέως Γομόρρας καὶ Σενναὰρ βασιλέως Ἀδαμὰ καὶ Συμόβορ βασιλέως Σεβωεὶμ καὶ μετὰ βασιλέως Βάλακ· αὕτη ἐστὶν Σήγωρ.,26,ܥܒܕܘ ܩܪܒܐ ܥܡ ܒܪܥ ܡ̇ܠܟܐ ܕܣܕܘܡ. ܘܥܡ ܒܪܫܥ ܡ̇ܠܟܐ ܕܥܡܘܪܐ. ܘܫܢܐܒ ܡ̇ܠܟܐ ܕܐܕܡܐ. ܘܫܡܐܝܪ ܡ̇ܠܟܐ ܕܨܒܘܐܝܡ. ܘܡ̇ܠܟܐ ܕܒܠܥ ܗ̣ܝ ܗܝ ܨܥܪ.,21,"que estes fizeram guerra a Bera, rei de Sodoma, a Birsa, rei de Gomorra, a Sinabe, rei de Admá, a Semeber, rei de Zeboim, e ao rei de Belá {esta é Zoar}.",32,True,True,True
14,3,Gênesis 14:3,כָּל־ אֵ֨לֶּה֙ חָֽבְר֔וּ אֶל־ עֵ֖מֶק הַשִּׂדִּ֑ים ה֖וּא יָ֥ם הַמֶּֽלַח ׃,כל אלה חברו אל עמק השדימ הוא ימ המלח,10,כל אלין אתכנשו למישר חקליא הוא אתר ימא דמלחא:,9,πάντες οὗτοι συνεφώνησαν ἐπὶ τὴν φάραγγα τὴν ἁλυκήν· αὕτη ἡ θάλασσα τῶν ἁλῶν.,13,ܟܠܗܘܢ ܗܠܝܢ ܐܬܟܢܫܘ ܠܥܘܡܩܐ ܕܣ̈ܕܘܡܝܐ. ܗ̣ܘ ܝܡܐ ܕܡܠܚܐ.,8,Todos estes se ajuntaram no vale de Sidim {que é o Mar Salgado}.,13,True,True,True
14,4,Gênesis 14:4,שְׁתֵּ֤ים עֶשְׂרֵה֙ שָׁנָ֔ה עָבְד֖וּ אֶת־ כְּדָרְלָעֹ֑מֶר וּשְׁלֹשׁ־ עֶשְׂרֵ֥ה שָׁנָ֖ה מָרָֽדוּ ׃,שתימ עשרה שנה עבדו את כדרלעמר ושלש עשרה שנה מרדו,11,תרתא עשרי שנין פלחו ית כדרלעמר ותלת עשרי שנין מרדו:,10,"δώδεκα ἔτη ἐδούλευον τῷ Χοδολλογόμορ, τῷ δὲ τρισκαιδεκάτῳ ἔτει ἀπέστησαν. ⸆",11,ܬܪ̈ܬܥܣܪܐ ܫ̈ܢܝܢ ܦܠܚܘ ܠܟܪܕܠܥܡܪ. ܘܒܕܬܠܬܥܣܪ̈ܐ ܫ̈ܢܝܢ ܡܪܕܘ.,7,"Doze anos haviam servido a Quedorlaomer, mas ao décimo terceiro ano rebelaram-se.",12,True,True,True
14,5,Gênesis 14:5,וּבְאַרְבַּע֩ עֶשְׂרֵ֨ה שָׁנָ֜ה בָּ֣א כְדָרְלָעֹ֗מֶר וְהַמְּלָכִים֙ אֲשֶׁ֣ר אִתּ֔וֹ וַיַּכּ֤וּ אֶת־ רְפָאִים֙ בְּעַשְׁתְּרֹ֣ת קַרְנַ֔יִם וְאֶת־ הַזּוּזִ֖ים בְּהָ֑ם וְאֵת֙ הָֽאֵימִ֔ים בְּשָׁוֵ֖ה קִרְיָתָֽיִם ׃,ובארבע עשרה שנה בא כדרלעמר והמלכימ אשר אתו ויכו את רפאימ בעשתרת קרנימ ואת הזוזימ בהמ ואת האימימ בשוה קריתימ,21,ובארבע עשרי שנין אתא כדרלעמר ומלכיא דעמיה ומחו ית גבריא די בעשתרות קרנים וית תקיפיא דבהמתא וית אימתני דבשוה קריתים:,20,"ἐν δὲ τῷ τεσσαρεσκαιδεκάτῳ ἔτει ἦλθεν Χοδολλογόμορ καὶ οἱ βασιλεῖς οἱ μετ᾽ αὐτοῦ, καὶ κατέκοψαν τοὺς γίγαντας τοὺς ἐν Ἀσταρὼθ Καρνάιν, καὶ ἔθνη ἰσχυρὰ ἅμα αὐτοῖς, καὶ τοὺς Σομαίους τοὺς ἐν Σαυὴ τῇ πόλει,",34,ܘܒܫܢܬ ܐܪ̈ܒܥܣܪܐ ܫ̈ܢܝܢ . ܐܬ̣ܐ ܟܪܕܠܥܡܪ ܘܡ̈ܠܟܐ ܕܥܡܗ. ܘܡܚܘ ܠܓܢܒܪ̈ܐ ܕܒܥܣܬܪܘܬ ܩܘܪܢܝܡ ܘܠܥܫܝ̈ܢܐ ܕܒܗܝܢ. ܘܠܐܡ̈ܢܐ ܕܒܫܘܐ ܩܘܪܝܬܝܡ.,17,"Por isso, ao décimo quarto ano veio Quedorlaomer, e os reis que estavam com ele, e feriram aos refains em Asterote-Carnaim, aos zuzins em Hão, aos emins em Savé-Quiriataim,",29,True,True,True
14,6,Gênesis 14:6,וְאֶת־ הַחֹרִ֖י בְּהַרְרָ֣ם שֵׂעִ֑יר עַ֚ד אֵ֣יל פָּארָ֔ן אֲשֶׁ֖ר עַל־ הַמִּדְבָּֽר ׃,ואת החרי בהררמ שעיר עד איל פארנ אשר על המדבר,11,וית חוראי די בטורהון דשעיר עד מישר פארן דסמיך על מדברא:,11,"καὶ τοὺς Χορραίους τοὺς ἐν τοῖς ὄρεσιν Σηείρ, ἕως τῆς τερεμίνθου τῆς Φαράν, ἥ ἐστιν ἐν τῇ ἐρήμῳ. ⸆",19,ܘܠܚܘܪ̈ܝܐ ܕܒܛܘܪ̈ܝ ܣܥܝܪ ܥܕܡܐ ܠܒܛܡܬܐ ܕܦܪܢ ܕܒܡܕܒܪܐ.,7,"e aos horeus no seu monte Seir, até El-Parã, que está junto ao deserto.",14,True,True,True
14,7,Gênesis 14:7,וַ֠יָּשֻׁבוּ וַיָּבֹ֜אוּ אֶל־ עֵ֤ין מִשְׁפָּט֙ הִ֣וא קָדֵ֔שׁ וַיַּכּ֕וּ אֶֽת־ כָּל־ שְׂדֵ֖ה הָעֲמָלֵקִ֑י וְגַם֙ אֶת־ הָ֣אֱמֹרִ֔י הַיֹּשֵׁ֖ב בְּחַֽצְצֹ֥ן תָּמָֽר ׃,וישבו ויבאו אל עינ משפט הוא קדש ויכו את כל שדה העמלקי וגמ את האמרי הישב בחצצנ תמר,19,ותבו ואתו למישר פלוג דינא היא רקם ומחו ית כל חקל עמלקאה ואף ית אמוראה דיתיב בעין גדי:,18,"καὶ ἀναστρέψαντες ἤλθοσαν ἐπὶ τὴν πηγὴν τῆς κρίσεως, αὕτη ἐστὶν Καδής, καὶ κατέκοψαν πάντας τοὺς ἄρχοντας Ἀμαλὴκ καὶ τοὺς Ἀμορραίους τοὺς κατοικοῦντας ἐν Ἁσασὰν Θαμάρ.",25,ܘܗܦܟܘ ܘܐܬܘ ܠܥܝܢ ܕܝܢ̣ܐ. ܗ̣ܝ ܗ̣ܝ ܪܩܡ. ܘܚܪܒܘ ܟܘܠ ܪ̈ܫܢܐ ܕܥܡ̈ܠܩܝܐ. ܘܐܦ ܠܐܡܘܪ̈ܝܐ ܕܝܬܒܝܢ ܒܥܝܢ ܓܕ.,16,"Depois voltaram e vieram a En-Mispate {que é Cades}, e feriram toda a terra dos amalequitas, e também dos amorreus, que habitavam em Hazazom-Tamar.",24,True,True,True
14,8,Gênesis 14:8,וַיֵּצֵ֨א מֶֽלֶךְ־ סְדֹ֜ם וּמֶ֣לֶךְ עֲמֹרָ֗ה וּמֶ֤לֶךְ אַדְמָה֙ וּמֶ֣לֶךְ צביים וּמֶ֥לֶךְ בֶּ֖לַע הִוא־ צֹ֑עַר וַיַּֽעַרְכ֤וּ אִתָּם֙ מִלְחָמָ֔ה בְּעֵ֖מֶק הַשִּׂדִּֽים ׃,ויצא מלכ סדמ ומלכ עמרה ומלכ אדמה ומלכ צביימ ומלכ בלע הוא צער ויערכו אתמ מלחמה בעמק השדימ,19,ונפק מלכא דסדום ומלכא דעמורה ומלכא דאדמה ומלכא דצבוים ומלכא דבלע היא צוער וסדרו עמהון קרבא במישר חקליא:,18,"ἐξῆλθεν δὲ βασιλεὺς Σοδόμων καὶ βασιλεὺς Γομόρρας καὶ βασιλεὺς Ἀδαμὰ καὶ βασιλεὺς Σεβωεὶμ καὶ βασιλεὺς Βάλακ, αὕτη ἐστὶν Σήγωρ, καὶ παρετάξαντο αὐτοῖς εἰς πόλεμον ἐν τῇ κοιλάδι τῇ ἁλυκῇ,",29,ܘܢܦ̣ܩ ܡ̇ܠܟܐ ܕܣܕܘܡ. ܘܡ̇ܠܟܐ ܕܥܡܘܪܐ. ܘܡ̇ܠܟܐ ܕܐܕܡܐ. ܘܡ̇ܠܟܐ ܕܨܒܘܐܝܡ. ܘܡ̇ܠܟܐ ܕܒ̇ܠܥ ܗ̣ܝ ܗܝ ܨܥܪ. ܟܠܗܘܢ ܗܠܝܢ ܥܒܕܘ ܩܪܒܐ ܒܥܘܡܩܐ ܕܣ̈ܕܘܡܝܐ.,20,"Então saíram os reis de Sodoma, de Gomorra, de Admá, de Zeboim e de Belá {esta é Zoar}, e ordenaram batalha contra eles no vale de Sidim,",27,True,True,True
14,9,Gênesis 14:9,אֵ֣ת כְּדָרְלָעֹ֜מֶר מֶ֣לֶךְ עֵילָ֗ם וְתִדְעָל֙ מֶ֣לֶךְ גּוֹיִ֔ם וְאַמְרָפֶל֙ מֶ֣לֶךְ שִׁנְעָ֔ר וְאַרְי֖וֹךְ מֶ֣לֶךְ אֶלָּסָ֑ר אַרְבָּעָ֥ה מְלָכִ֖ים אֶת־ הַחֲמִשָּֽׁה ׃,את כדרלעמר מלכ עילמ ותדעל מלכ גוימ ואמרפל מלכ שנער ואריוכ מלכ אלסר ארבעה מלכימ את החמשה,18,עם כדרלעמר מלכא דעילם ותדעל מלכא דעממין ואמרפל מלכא דבבל ואריוך מלכא דאלסר ארבעה מלכין לקביל חמשא:,17,"πρὸς Χοδολλογόμορ βασιλέα Αἰλὰμ καὶ Θαλγὰλ βασιλέα ἐθνῶν καὶ Ἀμαρφὰλ βασιλέα Σενναὰρ καὶ Ἀριὼχ βασιλέα Ἐλλασάρ, οἱ τέσσαρες οὗτοι βασιλεῖς πρὸς τοὺς πέντε.",23,ܥܡ ܟܪܕܠܥܡܪ ܡ̇ܠܟܐ ܕܥܝܠܡ. ܘܬܪܥܠ ܡ̇ܠܟܐ ܕܓ̈ܠܝܐ. ܘܐܡܪܦܠ ܡ̇ܠܟܐ ܕܣܢܥܪ. ܘܐܪܝܘܟ ܡ̇ܠܟܐ ܕܕܠܣܪ. ܐܪ̈ܒܥܐ ܡ̈ܠܟܝܢ ܥܡ ܚܡܫܐ.,17,"contra Quedorlaomer, rei de Elão, Tidal, rei de Goiim, Anrafel, rei de Sinar, e Arioque, rei de Elasar; quatro reis contra cinco.",22,True,True,True
14,10,Gênesis 14:10,וְעֵ֣מֶק הַשִׂדִּ֗ים בֶּֽאֱרֹ֤ת בֶּאֱרֹת֙ חֵמָ֔ר וַיָּנֻ֛סוּ מֶֽלֶךְ־ סְדֹ֥ם וַעֲמֹרָ֖ה וַיִּפְּלוּ־ שָׁ֑מָּה וְהַנִּשְׁאָרִ֖ים הֶ֥רָה נָּֽסוּ ׃,ועמק השדימ בארת בארת חמר וינסו מלכ סדמ ועמרה ויפלו שמה והנשארימ הרה נסו,15,ומישר חקליא בירין בירין מסקן חימרא וערקו מלכא דסדום ועמורה ונפלו תמן ודאשתארו לטורא ערקו:,15,"ἡ δὲ κοιλὰς ἡ ἁλυκὴ φρέατα ἀσφάλτου. ἔφυγεν δὲ βασιλεὺς Σοδόμων καὶ βασιλεὺς Γομόρρας, καὶ ἐνέπεσαν ἐκεῖ· οἱ δὲ καταλειφθέντες εἰς τὴν ὀρινὴν ἔφυγον.",24,ܘܥܘܡܩܐ ܕܣܕܘ̈ܡܝܐ ܒܪ̈ܐ ܒܪ̈ܐ ܕܩܝܪܐ. ܘܥܪ̣ܩ ܡ̇ܠܟܐ ܕܣܕܘܡ. ܘܡ̇ܠܟܐ ܕܥܡܘܪܐ. ܘܢܦܠܘ ܬܡܢ. ܘܕܐܫܬܚܪܘ ܠܛܘܪܐ ܥܪܩܘ.,15,"Ora, o vale de Sidim estava cheio de poços de betume; e fugiram os reis de Sodoma e de Gomorra, e caíram ali; e os restantes fugiram para o monte.",30,True,True,True
14,11,Gênesis 14:11,וַ֠יִּקְחוּ אֶת־ כָּל־ רְכֻ֨שׁ סְדֹ֧ם וַעֲמֹרָ֛ה וְאֶת־ כָּל־ אָכְלָ֖ם וַיֵּלֵֽכוּ ׃,ויקחו את כל רכש סדמ ועמרה ואת כל אכלמ וילכו,11,ושבו ית כל קנינא דסדום ועמורה וית כל מיכלהון ואזלו:,10,"ἔλαβεν δὲ τὴν ἵππον πᾶσαν τὴν Σοδόμων καὶ Γομόρρας καὶ πάντα τὰ βρώματα αὐτῶν, καὶ ἀπῆλθον.",16,ܘܢܣܒܘ ܟܠܗ ܩܢܝܢܐ ܕܣܕܘܡ ܘܕܥܡܘܪܐ. ܘܟܠܗ̇ ܡܐܟܘܠܬܗܘܢ ܘܐܙܠܘ.,8,"Tomaram, então, todos os bens de Sodoma e de Gomorra com todo o seu mantimento, e se foram.",18,True,True,True
14,12,Gênesis 14:12,וַיִּקְח֨וּ אֶת־ ל֧וֹט וְאֶת־ רְכֻשׁ֛וֹ בֶּן־ אֲחִ֥י אַבְרָ֖ם וַיֵּלֵ֑כוּ וְה֥וּא יֹשֵׁ֖ב בִּסְדֹֽם ׃,ויקחו את לוט ואת רכשו בנ אחי אברמ וילכו והוא ישב בסדמ,13,ושבו ית לוט וית קניניה בר אחוהי דאברם ואזלו והוא יתב בסדום:,12,"ἔλαβον δὲ καὶ τὸν Λὼτ υἱὸν τοῦ ἀδελφοῦ Ἀβρὰμ καὶ τὴν ἀποσκευὴν αὐτοῦ, καὶ ἀπῴχοντο· ἦν γὰρ κατοικῶν ἐν Σοδόμοις.",20,ܘܕܒܪܘ ܠܠܘܛ ܒܪ ܐܚܘܗܝ ܕܐܒܪܡ ܘܠܩܢܝܢܗ ܘܐܙܠܘ. ܘܗ̣ܘ ܝܬ̇ܒ ܒܣܕܘܡ.,10,"Tomaram também a Ló, filho do irmão de Abrão, que habitava em Sodoma, e os bens dele, e partiram.",19,True,True,True
14,13,Gênesis 14:13,וַיָּבֹא֙ הַפָּלִ֔יט וַיַּגֵּ֖ד לְאַבְרָ֣ם הָעִבְרִ֑י וְהוּא֩ שֹׁכֵ֨ן בְּאֵֽלֹנֵ֜י מַמְרֵ֣א הָאֱמֹרִ֗י אֲחִ֤י אֶשְׁכֹּל֙ וַאֲחִ֣י עָנֵ֔ר וְהֵ֖ם בַּעֲלֵ֥י בְרִית־ אַבְרָֽם ׃,ויבא הפליט ויגד לאברמ העברי והוא שכנ באלני ממרא האמרי אחי אשכל ואחי ענר והמ בעלי ברית אברמ,19,ואתא משיזבא וחוי לאברם עבראה והוא שרי במישרי ממרא אמוראה אחוהי דאשכול ואחוהי דענר ואנון אנשי קימיה דאברם:,18,"⸂⸆⸃ παραγενόμενος δὲ τῶν ἀνασωθέντων τις ἀπήγγειλεν Ἀβρὰμ τῷ περάτῃ· αὐτὸς δὲ κατῴκει ἐν τῇ δρυὶ τῇ Μαμβρὴ ὁ Ἄμορις τοῦ ἀδελφοῦ Ἐσχὼλ καὶ τοῦ ἀδελφοῦ Αὐνάν, οἳ ἦσαν συνωμόται τοῦ Ἀβράμ.",32,ܘܐܬܐ ܡܢ ܕܐܬ̇ܦܠܛ ܘܚܘܝ ܠܐܒܪܡ ܥܒܪܝܐ. ܘܗ̣ܘ ܫ̣ܪܐ ܗܘܐ ܒܝܬ ܒܠܘܛܐ ܕܡܡܪܐ ܐܡܘܪܝܐ. ܐܚܘܗܝ ܕܥܢܝܪ ܘܐܚܘܗܝ ܕܐܫܟܘܠ. ܘܗ̣ܢܘܢ ܒ̈ܥܠܝ ܩܝܡܗ ܕܐܒܪܡ.,21,"Então veio um que escapara, e o contou a Abrão, o hebreu. Ora, este habitava junto dos carvalhos de Manre, o amorreu, irmão de Escol e de Aner; estes eram aliados de Abrão.",33,True,True,True
14,14,Gênesis 14:14,וַיִּשְׁמַ֣ע אַבְרָ֔ם כִּ֥י נִשְׁבָּ֖ה אָחִ֑יו וַיָּ֨רֶק אֶת־ חֲנִיכָ֜יו יְלִידֵ֣י בֵית֗וֹ שְׁמֹנָ֤ה עָשָׂר֙ וּשְׁלֹ֣שׁ מֵא֔וֹת וַיִּרְדֹּ֖ף עַד־ דָּֽן ׃,וישמע אברמ כי נשבה אחיו וירק את חניכיו ילידי ביתו שמנה עשר ושלש מאות וירדפ עד דנ,18,ושמע אברם ארי אשתבי אחוהי וזריז ית עולמוהי ילידי ביתיה תלת מאה ותמני עסר ורדף עד דן:,17,"ἀκούσας δὲ Ἀβρὰμ ὅτι ᾐχμαλωτεύθη Λὼτ ὁ ἀδελφὸς αὐτοῦ, ἠρίθμησεν τοὺς ἰδίους οἰκογενεῖς αὐτοῦ, τριακοσίους δέκα καὶ ὀκτώ, καὶ κατεδίωξεν ⸆ ὀπίσω αὐτῶν ἕως Δάν.",25,ܘܫܡ̣ܥ ܐܒܪܡ ܕܐܫܬܒܝ ܒܪ ܐܚܘܗܝ. ܘܙܝܢ ܥܠܝܡ̈ܘܗܝ ܝ̈ܠܝܕܝ ܒܝܬܗ. ܬܠܬܡܐܐ ܘܬܡܢܬܥܣܪ. ܘܪܕܦ ܒܬܪܗܘܢ ܥܕܡܐ ܠܕܢ.,15,"Ouvindo, pois, Abrão que seu irmão estava preso, levou os seus homens treinados, nascidos em sua casa, em número de trezentos e dezoito, e perseguiu os reis até Dã.",29,True,True,True
14,15,Gênesis 14:15,וַיֵּחָלֵ֨ק עֲלֵיהֶ֧ם ׀ לַ֛יְלָה ה֥וּא וַעֲבָדָ֖יו וַיַּכֵּ֑ם וַֽיִּרְדְּפֵם֙ עַד־ חוֹבָ֔ה אֲשֶׁ֥ר מִשְּׂמֹ֖אל לְדַמָּֽשֶׂק ׃,ויחלק עליהמ לילה הוא ועבדיו ויכמ וירדפמ עד חובה אשר משמאל לדמשק,14,ואתפלג עליהון ליליא הוא ועבדוהי ומחונון ורדפנון עד חובה די מצפונא לדמשק:,12,"καὶ ἐπέπεσεν ἐπ᾽ αὐτοὺς τὴν νύκτα αὐτὸς καὶ οἱ παῖδες αὐτοῦ, καὶ ἐπάταξεν αὐτούς, καὶ ἐδίωξεν αὐτοὺς ἕως Χωβάλ, ἥ ἐστιν ἐν ἀριστερᾷ Δαμασκοῦ.",24,ܘܐܬܦܠܓ ܥܠܝܗܘܢ ܒܠܠܝܐ ܗ̣ܘ ܘܥܒ̈ܕܘܗܝ. ܘܡܚܘ ܐܢܘܢ ܘܪܕܦܘ ܐܢܘܢ ܥܕܡܐ ܠܚܘܒܐ ܕܡܢ ܣܡܠܗ̇ ܕܕܪܡܣܘܩ.,14,"Dividiu-se contra eles de noite, ele e os seus servos, e os feriu, perseguindo-os até Hobá, que fica à esquerda de Damasco.",22,True,True,True
14,16,Gênesis 14:16,וַיָּ֕שֶׁב אֵ֖ת כָּל־ הָרְכֻ֑שׁ וְגַם֩ אֶת־ ל֨וֹט אָחִ֤יו וּרְכֻשׁוֹ֙ הֵשִׁ֔יב וְגַ֥ם אֶת־ הַנָּשִׁ֖ים וְאֶת־ הָעָֽם ׃,וישב את כל הרכש וגמ את לוט אחיו ורכשו השיב וגמ את הנשימ ואת העמ,16,ואתב ית כל קנינא ואף ית לוט בר אחוהי וקניניה אתיב ואף ית נשיא וית עמא:,16,καὶ ἀπέστρεψεν πᾶσαν τὴν ἵππον Σοδόμων· καὶ Λὼτ τὸν ἀδελφὸν αὐτοῦ ἀπέστρεψεν καὶ πάντα τὰ ὑπάρχοντα αὐτοῦ καὶ τὰς γυναῖκας καὶ τὸν λαόν.,23,ܘܐܗܦܟܘ ܟܠܗ ܩܢܝܢܐ. ܘܐܦ ܠܠܘܛ ܒܪ ܐܚܘܗܝ ܘܠܩܢܝܢܗ ܐܗܦܟ . ܐܦ ܠܢܫ̈ܐ ܐܦ ܠܥܡܐ.,14,"Assim tornou a trazer todos os bens, e tornou a trazer também a Ló, seu irmão, e os bens dele, e também as mulheres e o povo.",27,True,True,True
14,17,Gênesis 14:17,וַיֵּצֵ֣א מֶֽלֶךְ־ סְדֹם֮ לִקְרָאתוֹ֒ אַחֲרֵ֣י שׁוּב֗וֹ מֵֽהַכּוֹת֙ אֶת־ כְּדָרלָעֹ֔מֶר וְאֶת־ הַמְּלָכִ֖ים אֲשֶׁ֣ר אִתּ֑וֹ אֶל־ עֵ֣מֶק שָׁוֵ֔ה ה֖וּא עֵ֥מֶק הַמֶּֽלֶךְ ׃,ויצא מלכ סדמ לקראתו אחרי שובו מהכות את כדרלעמר ואת המלכימ אשר אתו אל עמק שוה הוא עמק המלכ,20,ונפק מלכא דסדום לקדמותיה בתר דתב מלממחי ית כדרלעומר וית מלכיא די עמיה למישר מפנא הוא אתר בית ריסא דמלכא:,20,"Ἐξῆλθεν δὲ βασιλεὺς Σοδόμων εἰς συνάντησιν αὐτῷ, μετὰ τὸ ὑποστρέψαι αὐτὸν ἀπὸ τῆς κοπῆς τοῦ Χοδαλλογόμορ καὶ τῶν ⸂⸆⸃ βασιλέων τῶν μετ᾽ αὐτοῦ, εἰς τὴν κοιλάδα τὴν Σαύην· τοῦτο ἦν τὸ πεδίον βασιλέως.",33,ܘܢܦ̣ܩ ܡ̇ܠܟܐ ܕܣܕܘܡ ܠܐܘܪܥܗ ܡܢ ܒܬܪ ܕܗܦ̣ܟ. ܟܕ ܚ̣ܪܒ ܠܟܪܕܠܥܡܪ ܘܠܡ̈ܠܟܐ ܕܥܡܗ. ܒܥܘܡܩܐ ܕܫܘܐ. ܗ̣ܘ ܥܘܡܩܐ ܕܡ̈ܠܟܐ.,17,"Depois que Abrão voltou de ferir a Quedorlaomer e aos reis que estavam com ele, saiu-lhe ao encontro o rei de Sodoma, no vale de Savé {que é o vale do rei}.",32,True,True,True
14,18,Gênesis 14:18,וּמַלְכִּי־ צֶ֨דֶק֙ מֶ֣לֶךְ שָׁלֵ֔ם הוֹצִ֖יא לֶ֣חֶם וָיָ֑יִן וְה֥וּא כֹהֵ֖ן לְאֵ֥ל עֶלְיֽוֹן ׃,ומלכי צדק מלכ שלמ הוציא לחמ ויינ והוא כהנ לאל עליונ,12,ומלכי צדק מלכא דירושלם אפיק לחם וחמר והוא משמש קדם אל עלאה:,12,καὶ Μελχισέδεκ βασιλεὺς Σαλὴμ ἐξήνεγκεν ἄρτους καὶ οἶνον· ἦν δὲ ἱερεὺς τοῦ θεοῦ τοῦ ὑψίστου.,15,ܘܡܠܟܝܙܕܩ ܡܠܟ ܫܠܝܡ. ܐܦܩ ܠܚܡܐ ܘܚܡܪܐ. ܘܗ̣ܘ ܟܘܡܪܐ ܗܘܐ ܕܐܠܗܐ ܡܪܝܡܐ.,11,"Ora, Melquisedeque, rei de Salém, trouxe pão e vinho; pois era sacerdote do Deus Altíssimo;",15,True,True,True
14,19,Gênesis 14:19,וַֽיְבָרְכֵ֖הוּ וַיֹּאמַ֑ר בָּר֤וּךְ אַבְרָם֙ לְאֵ֣ל עֶלְי֔וֹן קֹנֵ֖ה שָׁמַ֥יִם וָאָֽרֶץ ׃,ויברכהו ויאמר ברוכ אברמ לאל עליונ קנה שמימ וארצ,10,וברכיה ואמר בריך אברם לאל עלאה דקניניה שמיא וארעא:,9,"καὶ ηὐλόγησεν τὸν Ἀβρὰμ καὶ εἶπεν Εὐλογημένος Ἀβρὰμ τῷ θεῷ τῷ ὑψίστῳ, ὃς ἔκτισεν τὸν οὐρανὸν καὶ τὴν γῆν·",19,ܘܒܪܟܗ ܘܐܡ̣ܪ. ܒܪܝܟ ܐܒܪܡ ܠܐܠܗܐ ܡܪܝܡܐ ܩܢ̣ܐ ܫܡܝܐ ܘܐܪܥܐ.,9,"e abençoou a Abrão, dizendo: bendito seja Abrão pelo Deus Altíssimo, o Criador dos céus e da terra!",18,True,True,True
14,20,Gênesis 14:20,וּבָרוּךְ֙ אֵ֣ל עֶלְי֔וֹן אֲשֶׁר־ מִגֵּ֥ן צָרֶ֖יךָ בְּיָדֶ֑ךָ וַיִּתֶּן־ ל֥וֹ מַעֲשֵׂ֖ר מִכֹּֽל ׃,וברוכ אל עליונ אשר מגנ צריכ בידכ ויתנ לו מעשר מכל,12,ובריך אל עלאה דמסר סנאך בידך ויהב ליה חד מן עסרא מכלא:,12,"καὶ εὐλογητὸς ὁ θεὸς ὁ ὕψιστος, ὃς παρέδωκεν τοὺς ἐχθρούς σου ὑποχειρίους σοι. καὶ ἔδωκεν αὐτῷ δεκάτην ἀπὸ πάντων.",19,ܘܒܪܝܟ ܗ̣ܘ ܐܠܗܐ ܡܪܝܡܐ. ܕܐܫ̣ܠܡ ܒ̈ܥܠܕܒܒܝܟ ܒܐܝ̈ܕܝܟ. ܘܝܗ̣ܒ ܠܗ ܡܥܣܪ̈ܐ ܡܢ ܟܠ.,12,"E bendito seja o Deus Altíssimo, que entregou os teus inimigos nas tuas mãos! E Abrão deu-lhe o dízimo de tudo.",21,True,True,True
14,21,Gênesis 14:21,וַיֹּ֥אמֶר מֶֽלֶךְ־ סְדֹ֖ם אֶל־ אַבְרָ֑ם תֶּן־ לִ֣י הַנֶּ֔פֶשׁ וְהָרְכֻ֖שׁ קַֽח־ לָֽךְ ׃,ויאמר מלכ סדמ אל אברמ תנ לי הנפש והרכש קח לכ,12,ואמר מלכא דסדום לאברם הב לי נפשתא וקנינא דבר לך:,10,"εἶπεν δὲ βασιλεὺς Σοδόμων πρὸς Ἀβράμ Δός μοι τοὺς ἄνδρας, τὴν δὲ ἵππον λάβε σεαυτῷ.",15,ܘܐܡ̣ܪ ܡ̇ܠܟܐ ܕܣܕܘܡ ܠܐܒܪܡ. ܗܒ ܠܝ ܢܦܫ̈ܬܐ ܘܩܢܝܢܐ ܣܒ ܠܟ.,10,Então o rei de Sodoma disse a Abrão: Dá-me a mim as pessoas; e os bens toma-os para ti.,19,True,True,True
14,22,Gênesis 14:22,וַיֹּ֥אמֶר אַבְרָ֖ם אֶל־ מֶ֣לֶךְ סְדֹ֑ם הֲרִימֹ֨תִי יָדִ֤י אֶל־ יְהוָה֙ אֵ֣ל עֶלְי֔וֹן קֹנֵ֖ה שָׁמַ֥יִם וָאָֽרֶץ ׃,ויאמר אברמ אל מלכ סדמ הרימתי ידי אל יהוה אל עליונ קנה שמימ וארצ,15,ואמר אברם למלכא דסדום ארימית ידי בצלו קדם יי קדם אל עלאה דקניניה שמיא וארעא:,15,"εἶπεν δὲ Ἀβρὰμ πρὸς βασιλέα Σοδόμων Ἐκτενῶ τὴν χεῖρά μου πρὸς τὸν θεὸν τὸν ὕψιστον, ὃς ἔκτισεν τὸν οὐρανὸν καὶ τὴν γῆν,",22,ܘܐܡ̣ܪ ܐܒܪܡ ܠܡ̇ܠܟܐ ܕܣܕܘܡ. ܐ̇ܪܝܡܬ ܐܝ̈ܕܝ ܠܘܬ ܐܠܗܐ ܡܪܝܡܐ ܕܩܢܝܢܗ ܫܡܝܐ ܘܐܪܥܐ.,12,"Abrão, porém, respondeu ao rei de Sodoma: Levanto minha mão ao Senhor, o Deus Altíssimo, o Criador dos céus e da terra,",22,True,True,True
14,23,Gênesis 14:23,אִם־ מִחוּט֙ וְעַ֣ד שְׂרֽוֹךְ־ נַ֔עַל וְאִם־ אֶקַּ֖ח מִכָּל־ אֲשֶׁר־ לָ֑ךְ וְלֹ֣א תֹאמַ֔ר אֲנִ֖י הֶעֱשַׁ֥רְתִּי אֶת־ אַבְרָֽם ׃,אמ מחוט ועד שרוכ נעל ואמ אקח מכל אשר לכ ולא תאמר אני העשרתי את אברמ,17,אם מחוטא ועד ערקת מסנא ואם אסב מכל די לך ולא תימר אנא אעתרית ית אברם:,16,εἰ ἀπὸ σπαρτίου ἕως σφαιρωτῆρος ὑποδήματος λήμψομαι ἀπὸ πάντων τῶν σῶν· ἵνα μὴ εἴπῃς ὅτι Ἐγὼ ἐπλούτισα τὸν Ἀβράμ.,19,ܐܢ ܡܢ ܚܘܛܐ ܘܥܕܡܐ ܠܥܪܩܬܐ ܕܡܣܢܐ. ܐܢ ܐܣܒ ܡܢ ܟܠܡܕܡ ܕܐܝܬ ܠܟ. ܕܠܐ ܬܐܡܪ ܕܐܢܐ ܐܥܬܪܬ ܠܐܒܪܡ.,17,"jurando que não tomarei coisa alguma de tudo o que é teu, nem um fio, nem uma correia de sapato, para que não digas: Eu enriqueci a Abrão;",28,True,True,True
14,24,Gênesis 14:24,בִּלְעָדַ֗י רַ֚ק אֲשֶׁ֣ר אָֽכְל֣וּ הַנְּעָרִ֔ים וְחֵ֨לֶק֙ הָֽאֲנָשִׁ֔ים אֲשֶׁ֥ר הָלְכ֖וּ אִתִּ֑י עָנֵר֙ אֶשְׁכֹּ֣ל וּמַמְרֵ֔א הֵ֖ם יִקְח֥וּ חֶלְקָֽם ׃ ס,בלעדי רק אשר אכלו הנערימ וחלק האנשימ אשר הלכו אתי ענר אשכל וממרא המ יקחו חלקמ ס,18,לחוד מדאכלו עולמיא וחולק גבריא די אזלו עמי ענר אשכל וממרא אנון יקבלון חלקהון:,14,"πλήν ὧν ἔφαγον οἱ νεανίσκοι καὶ τῆς μερίδος τῶν ἀνδρῶν τῶν συμπορευθέντων μετ᾽ ἐμοῦ, Ἐσχώλ, Αὐνάν, Μαμβρή· οὗτοι λήμψονται μερίδα.",20,ܣܛܪ ܡܢ ܡܕܡ ܕܐܟܠܘ ܥܠܝ̈ܡܐ. ܘܡܢ̈ܘܬܐ ܕܓܒܪ̈ܐ ܕܐܙܠܘ ܥܡܝ. ܥܢܝܪ ܘܐܫܟܘܠ ܘܡܡܪܐ. ܗ̣ܢܘܢ ܢܣܒܘܢ ܡܢ̈ܘܬܗܘܢ.,15,"salvo tão somente o que os mancebos comeram, e a parte que toca aos homens Aner, Escol e Manre, que foram comigo; que estes tomem a sua parte.",28,True,True,True
15,1,Gênesis 15:1,אַחַ֣ר ׀ הַדְּבָרִ֣ים הָאֵ֗לֶּה הָיָ֤ה דְבַר־ יְהוָה֙ אֶל־ אַבְרָ֔ם בַּֽמַּחֲזֶ֖ה לֵאמֹ֑ר אַל־ תִּירָ֣א אַבְרָ֗ם אָנֹכִי֙ מָגֵ֣ן לָ֔ךְ שְׂכָרְךָ֖ הַרְבֵּ֥ה מְאֹֽד ׃,אחר הדברימ האלה היה דבר יהוה אל אברמ במחזה לאמר אל תירא אברמ אנכי מגנ לכ שכרכ הרבה מאד,21,בתר פתגמיא האלין הוה פתגמא דיי עם אברם בנבואה למימר לא תדחל אברם מימרי תקוף לך אגרך סגי לחדא:,19,"Μετὰ δὲ τὰ ῥήματα ταῦτα ἐγενήθη ῥῆμα Κυρίου πρὸς Ἀβρὰμ ἐν ὁράματι λέγων Μὴ φοβοῦ, Ἀβράμ· ἐγὼ ὑπερασπίζω σου· ὁ μισθός σου πολὺς ⸆ ἔσται σφόδρα.",26,ܒܬܪ ܦܬ̈ܓܡܐ ܗܠܝܢ. ܗܘ̣ܐ ܦܬܓܡܗ ܕܡܪܝܐ ܥܠ ܐܒܪܡ ܒܚܙܘܐ ܘܐܡ̣ܪ ܠܗ. ܠܐ ܬܕܚܠ ܐܒܪܡ. ܐܢܐ ܐܣܝܥܟ ܐܓܪܟ ܛܒ ܣܓܝ.,19,"Depois destas coisas veio a palavra do Senhor a Abrão numa visão, dizendo: Não temas, Abrão; eu sou o teu escudo, o teu galardão será grandíssimo.",26,True,True,True
15,2,Gênesis 15:2,וַיֹּ֣אמֶר אַבְרָ֗ם אֲדֹנָ֤י יֱהוִה֙ מַה־ תִּתֶּן־ לִ֔י וְאָנֹכִ֖י הוֹלֵ֣ךְ עֲרִירִ֑י וּבֶן־ מֶ֣שֶׁק בֵּיתִ֔י ה֖וּא דַּמֶּ֥שֶׂק אֱלִיעֶֽזֶר ׃,ויאמר אברמ אדני יהוה מה תתנ לי ואנכי הולכ ערירי ובנ משק ביתי הוא דמשק אליעזר,17,ואמר אברם יי אלהים מה תתן לי ואנא אזיל בלא ולד ובר פרנסא הדין דבביתי הוא דמשקאה אליעזר:,18,"λέγει δὲ Ἀβράμ Δέσποτα Κύριε, τί μοι δώσεις; ἐγὼ δὲ ἀπολύομαι ἄτεκνος· ὁ δὲ υἱὸς Μάσεκ τῆς οἰκογενοῦς μου, οὗτος Δαμασκὸς Ἐλιέζερ.",22,ܘܐܡ̣ܪ ܐܒܪܡ. ܡܪܝܐ ܐܠܗܐ. ܡܢܐ ܬܬܠ ܠܝ. ܕܐܢܐ ܐ̇ܙܠ ܐܢܐ ܕܠܐ ܒ̈ܢܝܢ. ܘܐܠܝܥܙܪ ܕܪܡܘܣܩܝܐ ܒܪ ܒܝܬܝ ܗ̣ܘ ܝܪܬ̇ ܠܝ.,19,"Então disse Abrão: Ó Senhor Deus, que me darás, visto que morro sem filhos, e o herdeiro de minha casa é o damasceno Eliézer?",24,True,True,True
15,3,Gênesis 15:3,וַיֹּ֣אמֶר אַבְרָ֔ם הֵ֣ן לִ֔י לֹ֥א נָתַ֖תָּה זָ֑רַע וְהִנֵּ֥ה בֶן־ בֵּיתִ֖י יוֹרֵ֥שׁ אֹתִֽי ׃,ויאמר אברמ הנ לי לא נתתה זרע והנה בנ ביתי יורש אתי,13,ואמר אברם הא לי לא יהבת ולד והא בר ביתי ירית יתי:,12,"καὶ εἶπεν Ἀβράμ Ἐπειδὴ ἐμοὶ οὐκ ἔδωκας σπέρμα, ὁ δὲ οἰκογενής μου κληρονομήσει με.",14,ܘܐܡ̣ܪ ܐܒܪܡ. ܗܐ ܠܝ ܠܐ ܝܗ̣ܒܬ ܒܪܐ. ܘܗܐ ܒܪ ܒܝܬܝ ܝܪܬ̇ ܠܝ.,12,Disse mais Abrão: A mim não me tens dado filhos; eis que um nascido na minha casa será o meu herdeiro.,21,True,True,True
15,4,Gênesis 15:4,וְהִנֵּ֨ה דְבַר־ יְהוָ֤ה אֵלָיו֙ לֵאמֹ֔ר לֹ֥א יִֽירָשְׁךָ֖ זֶ֑ה כִּי־ אִם֙ אֲשֶׁ֣ר יֵצֵ֣א מִמֵּעֶ֔יךָ ה֖וּא יִֽירָשֶֽׁךָ ׃,והנה דבר יהוה אליו לאמר לא יירשכ זה כי אמ אשר יצא ממעיכ הוא יירשכ,16,והא פתגמא דיי עמיה למימר לא ירתנך דין אלהין בר דתוליד הוא ירתנך:,13,"καὶ εὐθὺς φωνὴ Κυρίου ἐγένετο πρὸς αὐτὸν λέγων Οὐ κληρονομήσει σε οὗτος· ἀλλ᾽ ὅς ἐξελεύσεται ἐκ σοῦ, οὗτος κληρονομήσει σε.",20,ܘܐܡ̣ܪ ܠܗ ܡܪܝܐ . ܠܐ ܢܐܪܬܟ ܗܢܐ. ܐܠܐ ܒܪܟ ܕܢܦܩ̇ ܡܢ ܚܨܟ ܗ̣ܘ ܢܐܪܬܟ.,14,"Ao que lhe veio a palavra do Senhor, dizendo: Este não será o teu herdeiro; mas aquele que sair das tuas entranhas, esse será o teu herdeiro.",27,True,True,True
15,5,Gênesis 15:5,וַיּוֹצֵ֨א אֹת֜וֹ הַח֗וּצָה וַיֹּ֨אמֶר֙ הַבֶּט־ נָ֣א הַשָּׁמַ֗יְמָה וּסְפֹר֙ הַכּ֣וֹכָבִ֔ים אִם־ תּוּכַ֖ל לִסְפֹּ֣ר אֹתָ֑ם וַיֹּ֣אמֶר ל֔וֹ כֹּ֥ה יִהְיֶ֖ה זַרְעֶֽךָ ׃,ויוצא אתו החוצה ויאמר הבט נא השמימה וספר הכוכבימ אמ תוכל לספר אתמ ויאמר לו כה יהיה זרעכ,19,ואפיק יתיה לברא ואמר אסתכי כען לשמיא ומני כוכביא אם תכול לממני יתהון ואמר ליה כדין יהון בנך:,18,"ἐξήγαγεν δὲ αὐτὸν ἔξω καὶ εἶπεν πρὸς αὐτὸν Ἀνάβλεψον δὴ εἰς τὸν οὐρανὸν καὶ ἀρίθμησον τοὺς ἀστέρας, εἰ δύνῃ ἐξαριθμῆσαι αὐτούς. καὶ εἶπεν Οὕτως ἔσται τὸ σπέρμα σου.",28,ܘܐܦܩܗ ܠܒܪ ܘܐܡ̣ܪ ܠܗ. ܚܘܪ ܒܫܡܝܐ ܘܡܢܝ ܟܘܟܒ̈ܐ. ܐܢ ܡ̇ܫܟܚ ܐܢܬ ܠܡܡܢܐ ܐܢܘܢ. ܘܐܡ̣ܪ ܠܗ. ܗܟܢܐ ܢܗܘܐ ܙܪܥܟ.,18,"Então o levou para fora, e disse: Olha agora para o céu, e conta as estrelas, se as podes contar; e acrescentou-lhe: Assim será a tua descendência.",27,True,True,True
15,6,Gênesis 15:6,וְהֶאֱמִ֖ן בַּֽיהוָ֑ה וַיַּחְשְׁבֶ֥הָ לּ֖וֹ צְדָקָֽה ׃,והאמנ ביהוה ויחשבה לו צדקה,6,והימין במימרא דיי וחשבה ליה לזכו:,6,"⸂⸆⸃ καὶ ἐπίστευσεν Ἀβρὰμ τῷ θεῷ, καὶ ἐλογίσθη αὐτῷ εἰς δικαιοσύνην.",11,ܘܗܝܡܢ ܐܒܪܡ ܒܐܠܗܐ ܘܐܬܚܫܒܬ ܠܗ ܠܙܕܝܩܘ.,6,"E creu Abrão no Senhor, e o Senhor imputou-lhe isto como justiça.",12,True,True,True
15,7,Gênesis 15:7,וַיֹּ֖אמֶר אֵלָ֑יו אֲנִ֣י יְהוָ֗ה אֲשֶׁ֤ר הוֹצֵאתִ֨יךָ֙ מֵא֣וּר כַּשְׂדִּ֔ים לָ֧תֶת לְךָ֛ אֶת־ הָאָ֥רֶץ הַזֹּ֖את לְרִשְׁתָּֽהּ ׃,ויאמר אליו אני יהוה אשר הוצאתיכ מאור כשדימ לתת לכ את הארצ הזאת לרשתה,15,ואמר ליה אנא יי דאפקתך מאורא דכשדאי למתן לך ית ארעא הדא למירתה:,13,"εἶπεν δὲ αὐτῷ Ἐγὼ ὁ θεὸς ὁ ἐξαγαγών σε ἐκ χώρας Χαλδαίων, ὥστε δοῦναί σοι τὴν γῆν ταύτην κληρονομῆσαι.",19,ܘܐܡ̣ܪ ܠܗ . ܐܢܐ ܐܢܐ ܡܪܝܐ ܕܐܦܩܬܟ ܡܢ ܐܘܪ ܕܟ̈ܠܕܝܐ. ܠܡܬܠ ܠܟ ܐܪܥܐ ܗܕܐ ܠܡܐܪܬܗ̇.,15,"Disse-lhe mais: Eu sou o Senhor, que te tirei de Ur dos caldeus, para te dar esta terra em herança.",20,True,True,True
15,8,Gênesis 15:8,וַיֹּאמַ֑ר אֲדֹנָ֣י יֱהוִ֔ה בַּמָּ֥ה אֵדַ֖ע כִּ֥י אִֽירָשֶֽׁנָּה ׃,ויאמר אדני יהוה במה אדע כי אירשנה,8,ואמר יי אלהים במה אדע ארי ארתינה:,7,"εἶπεν δέ Δέσποτα Κύριε, κατὰ τί γνώσομαι ὅτι κληρονομήσω αὐτήν;",10,ܘܐܡ̣ܪ ܐܒܪܡ ܡܪܝܐ ܐܠܗܐ. ܒܡܢܐ ܐܕܥ ܕܝܪܬ̇ ܐܢܐ ܠܗ̇.,9,"Ao que lhe perguntou Abrão: Ó Senhor Deus, como saberei que hei de herdá-la?",14,True,True,True
15,9,Gênesis 15:9,וַיֹּ֣אמֶר אֵלָ֗יו קְחָ֥ה לִי֙ עֶגְלָ֣ה מְשֻׁלֶּ֔שֶׁת וְעֵ֥ז מְשֻׁלֶּ֖שֶׁת וְאַ֣יִל מְשֻׁלָּ֑שׁ וְתֹ֖ר וְגוֹזָֽל ׃,ויאמר אליו קחה לי עגלה משלשת ועז משלשת ואיל משלש ותר וגוזל,13,ואמר ליה קרב קדמי עגלין תלתא ועזין תלתא ודכרין תלת ושפנינא ובר יונא:,13,εἶπεν δὲ αὐτῷ Λάβε μοι δάμαλιν τριετίζουσαν καὶ αἶγα τριετίζουσαν καὶ κριὸν τριετίζοντα καὶ τρυγόνα καὶ περιστεράν.,17,ܘܐܡ̣ܪ ܠܗ. ܣܒ ܠܟ ܥܓܠܐ ܬܘܠܬܐ ܘܕܟܪܐ ܬܘܠܬܐ ܘܥܙܐ ܬܘܠܬܐ. ܘܫܘܦܢܝܢܐ ܘܒܪ ܝܘܢܐ.,13,"Respondeu-lhe: Toma-me uma novilha de três anos, uma cabra de três anos, um carneiro de três anos, uma rola e um pombinho.",22,True,True,True
15,10,Gênesis 15:10,וַיִּֽקַּֽח־ ל֣וֹ אֶת־ כָּל־ אֵ֗לֶּה וַיְבַתֵּ֤ר אֹתָם֙ בַּתָּ֔וֶךְ וַיִּתֵּ֥ן אִישׁ־ בִּתְר֖וֹ לִקְרַ֣את רֵעֵ֑הוּ וְאֶת־ הַצִפֹּ֖ר לֹ֥א בָתָֽר ׃,ויקח לו את כל אלה ויבתר אתמ בתוכ ויתנ איש בתרו לקראת רעהו ואת הצפר לא בתר,18,וקרב קדמוהי ית כל אלין ופליג יתהון בשוה ויהב פלגיא פלוג לקבל חבריה וית עופא לא פליג:,17,"ἔλαβεν δὲ αὐτῷ πάντα ταῦτα, καὶ διεῖλεν αὐτὰ μέσα, καὶ ἔθηκεν αὐτὰ ἀντιπρόσωπα ἀλλήλοις· τὰ δὲ ὄρνεα οὐ διεῖλεν.",19,ܘܢܣ̣ܒ ܠܗ ܗܠܝܢ ܟܠܗܘܢ. ܘܦ̇ܠܓ ܐܢܘܢ ܫܘܝܐܝܬ. ܘܣܡ ܗܕܡܐ ܠܘܩܒܠ ܚܒܪܗ. ܘܦܪܚܬܐ ܠܐ ܦ̇ܠܓ.,14,"Ele, pois, lhe trouxe todos estes animais, partiu-os pelo meio, e pôs cada parte deles em frente da outra; mas as aves não partiu.",24,True,True,True
15,11,Gênesis 15:11,וַיֵּ֥רֶד הָעַ֖יִט עַל־ הַפְּגָרִ֑ים וַיַּשֵּׁ֥ב אֹתָ֖ם אַבְרָֽם ׃,וירד העיט על הפגרימ וישב אתמ אברמ,8,ונחת עופא על פגליא ואפרח יתהון אברם:,7,"κατέβη δὲ ὄρνεα ἐπὶ τὰ σώματα, τὰ διχοτομήματα αὐτῶν· καὶ συνεκάθισεν αὐτοῖς Ἀβράμ.",13,ܘܢܚܬܐ ܗܘܬ ܛܝܪܐ ܥܠ ܦܓܪ̈ܐ . ܘܡ̇ܟܫ ܗܘܐ ܠܗ̇ ܐܒܪܡ.,10,"E as aves de rapina desciam sobre os cadáveres; Abrão, porém, as enxotava.",13,True,True,True
15,12,Gênesis 15:12,וַיְהִ֤י הַשֶּׁ֨מֶשׁ֙ לָב֔וֹא וְתַרְדֵּמָ֖ה נָפְלָ֣ה עַל־ אַבְרָ֑ם וְהִנֵּ֥ה אֵימָ֛ה חֲשֵׁכָ֥ה גְדֹלָ֖ה נֹפֶ֥לֶת עָלָֽיו ׃,ויהי השמש לבוא ותרדמה נפלה על אברמ והנה אימה חשכה גדלה נפלת עליו,14,והוה שמשא למיעל ושנתא נפלת על אברם והא אימה קבל סגי נפלת עלוהי:,13,"περὶ δὲ ἡλίου δυσμὰς ἔκστασις ἐπέπεσεν τῷ Ἀβράμ, καὶ ἰδοὺ φόβος σκοτινὸς μέγας ἐπιπίπτει αὐτῷ·",15,ܘܗܘ̣ܐ ܫܡܫܐ ܠܡܥܪܒ. ܘܫܠܝܐ ܢܦܠ ܥܠ ܐܒܪܡ. ܘܗܐ ܕܚܠܬܐ ܘܚܫܘܟܐ ܪܒܐ ܢܦܠ ܥܠܘܗܝ.,13,"Ora, ao pôr do sol, caiu um profundo sono sobre Abrão; e eis que lhe sobrevieram grande pavor e densas trevas.",21,True,True,True
15,13,Gênesis 15:13,וַיֹּ֣אמֶר לְאַבְרָ֗ם יָדֹ֨עַ תֵּדַ֜ע כִּי־ גֵ֣ר ׀ יִהְיֶ֣ה זַרְעֲךָ֗ בְּאֶ֨רֶץ֙ לֹ֣א לָהֶ֔ם וַעֲבָד֖וּם וְעִנּ֣וּ אֹתָ֑ם אַרְבַּ֥ע מֵא֖וֹת שָׁנָֽה ׃,ויאמר לאברמ ידע תדע כי גר יהיה זרעכ בארצ לא להמ ועבדומ וענו אתמ ארבע מאות שנה,19,ואמר לאברם מדע תדע ארי דירין יהון בנך בארעא דלא דילהון ויפלחון בהון ויענון יתהון ארבע מאה שנין:,18,"καὶ ἐρρέθη πρὸς Ἀβράμ Γινώσκων γνώσῃ ὅτι πάροικον ἔσται τὸ σπέρμα σου ἐν γῇ οὐκ ἰδίᾳ, καὶ κακώσουσιν αὐτὸ καὶ δουλώσουσιν αὐτοὺς καὶ ταπεινώσουσιν αὐτοὺς τετρακόσια ἔτη.",27,ܘܐܡ̣ܪ ܠܐܒܪܡ. ܡܕܥ ܬܕܥ. ܕܥܡܘܪܐ ܢܗܘܐ ܙܪܥܟ ܒܐܪܥܐ ܕܠܐ ܕܝܠܗܘܢ. ܘܢܦܠܚܘܢ ܒܗܘܢ ܘܢܫܥܒܕܘܢ ܐܢܘܢ ܐܪ̈ܒܥܡܐܐ ܫ̈ܢܝܢ.,16,"Então disse o Senhor a Abrão: Sabe com certeza que a tua descendência será peregrina em terra alheia, e será reduzida à escravidão, e será afligida por quatrocentos anos;",29,True,True,True
15,14,Gênesis 15:14,וְגַ֧ם אֶת־ הַגּ֛וֹי אֲשֶׁ֥ר יַעֲבֹ֖דוּ דָּ֣ן אָנֹ֑כִי וְאַחֲרֵי־ כֵ֥ן יֵצְא֖וּ בִּרְכֻ֥שׁ גָּדֽוֹל ׃,וגמ את הגוי אשר יעבדו דנ אנכי ואחרי כנ יצאו ברכש גדול,13,ואף ית עמא דיפלחון בהון דיין אנא ובתר כן יפקון בקנינא סגי:,12,τὸ δὲ ἔθνος ᾧ ἐὰν δουλεύσωσιν κρινῶ ἐγώ· μετὰ δὲ ταῦτα ἐξελεύσονται ὧδε μετὰ ἀποσκευῆς πολλῆς.,16,ܘܐܦ ܠܥܡܐ ܕܢܦܠܚܘܢ ܕܐܢ ܐܢܐ. ܘܒܬܪܟܝܢ ܢܦܩܘܢ ܒܩܢܝܢܐ ܪܒܐ.,9,sabe também que eu julgarei a nação a qual ela tem de servir; e depois sairá com muitos bens.,19,True,True,True
15,15,Gênesis 15:15,וְאַתָּ֛ה תָּב֥וֹא אֶל־ אֲבֹתֶ֖יךָ בְּשָׁל֑וֹם תִּקָּבֵ֖ר בְּשֵׂיבָ֥ה טוֹבָֽה ׃,ואתה תבוא אל אבתיכ בשלומ תקבר בשיבה טובה,9,ואת תיעול לות אבהתך בשלם תתקבר בסיבו טבא:,8,"σὺ δὲ ἀπελεύσῃ πρὸς τοὺς πατέρας σου μετ᾽ εἰρήνης, τραφεὶς ἐν γήρει καλῷ.",13,ܘܐܢܬ ܬܬܚܡܠ ܠܘܬ ܐ̈ܒܗܝܟ ܒܫܠܡܐ. ܘܬܬܩܒܪ ܒܣܝܒܘܬܐ ܛܒܬܐ.,8,"Tu, porém, irás em paz para teus pais; em boa velhice serás sepultado.",13,True,True,True
15,16,Gênesis 15:16,וְד֥וֹר רְבִיעִ֖י יָשׁ֣וּבוּ הֵ֑נָּה כִּ֧י לֹא־ שָׁלֵ֛ם עֲוֺ֥ן הָאֱמֹרִ֖י עַד־ הֵֽנָּה ׃,ודור רביעי ישובו הנה כי לא שלמ עונ האמרי עד הנה,12,ודרא רביעאה יתובון הכא ארי לא שלים חובא דאמוראה עד כען:,11,τετάρτῃ δὲ ⸆ γενεᾷ ἀποστραφήσονται ὧδε· οὔπω γὰρ ἀναπεπλήρωνται αἱ ἁμαρτίαι τῶν Ἀμορραίων ἕως τοῦ νῦν.,16,ܘܕܪܐ ܐܪܒܝܥܝܐ ܢܗܦܟܘܢ ܠܗܪܟܐ. ܡܛܠ ܕܠܐ ܥܕܟܝܠ ܫܠܡܘ ܚ̈ܘܒܝܗܘܢ ܕܐܡܘܪ̈ܝܐ.,10,"Na quarta geração, porém, voltarão para cá; porque a medida da iniqüidade dos amorreus não está ainda cheia.",18,True,True,True
15,17,Gênesis 15:17,וַיְהִ֤י הַשֶּׁ֨מֶשׁ֙ בָּ֔אָה וַעֲלָטָ֖ה הָיָ֑ה וְהִנֵּ֨ה תַנּ֤וּר עָשָׁן֙ וְלַפִּ֣יד אֵ֔שׁ אֲשֶׁ֣ר עָבַ֔ר בֵּ֖ין הַגְּזָרִ֥ים הָאֵֽלֶּה ׃,ויהי השמש באה ועלטה היה והנה תנור עשנ ולפיד אש אשר עבר בינ הגזרימ האלה,16,והוה שמשא עלת וקבלא הוה והא תנור דתנן ובעור דאשתא די עדא בין פלגיא האלין:,15,"ἐπεὶ δὲ ἐγίνετο ὁ ἥλιος πρὸς δυσμαῖς, φλὸξ ἐγένετο· καὶ ἰδοὺ κλίβανος καπνιζόμενος καὶ λαμπάδες πυρός, αἳ διῆλθον ἀνὰ μέσον τῶν διχοτομημάτων τούτων.",23,ܘܗܘܐ ܫܡܫܐ ܠܡܥܪܒ. ܘܥܡܛܢܐ ܗܘܐ. ܘܗܐ ܬܢܘܪܐ ܕܬܐܢ. ܘܠܡܦܐܕܐ ܕܢܘܪܐ ܕܥܒ̇ܪ ܒܝܬ ܦ̈ܠܓܐ ܗܠܝܢ.,14,"Quando o sol já estava posto, e era escuro, eis um fogo fumegante e uma tocha de fogo, que passaram por entre aquelas metades.",24,True,True,True
15,18,Gênesis 15:18,בַּיּ֣וֹם הַה֗וּא כָּרַ֧ת יְהוָ֛ה אֶת־ אַבְרָ֖ם בְּרִ֣ית לֵאמֹ֑ר לְזַרְעֲךָ֗ נָתַ֨תִּי֙ אֶת־ הָאָ֣רֶץ הַזֹּ֔את מִנְּהַ֣ר מִצְרַ֔יִם עַד־ הַנָּהָ֥ר הַגָּדֹ֖ל נְהַר־ פְּרָֽת ׃,ביומ ההוא כרת יהוה את אברמ ברית לאמר לזרעכ נתתי את הארצ הזאת מנהר מצרימ עד הנהר הגדל נהר פרת,21,ביומא ההוא גזר יי עם אברם קים למימר לבנך יהבית ית ארעא הדא מן נהרא דמצרים ועד נהרא רבא נהרא פרת:,21,"ἐκεῖ διέθετο ὁ θεὸς τῷ Ἀβρὰμ διαθήκην λέγων Τῷ σπέρματί σου δώσω τὴν γῆν ταύτην, ἀπὸ τοῦ ποταμοῦ Αἰγύπτου ἕως τοῦ ποταμοῦ τοῦ μεγάλου Εὐφράτου·",25,ܒܝܘܡܐ ܗ̇ܘ. ܐܩܝܡ ܡܪܝܐ ܥܡ ܐܒܪܡ ܩܝܡܐ ܘܐܡ̣ܪ ܠܗ. ܠܙܪܥܟ ܐܬܠܝܗ̇ ܐܪܥܐ ܗܕܐ. ܡܢ ܢܗܪܐ ܕܡܨܪܝܢ ܘܥܕܡܐ ܠܢܗܪܐ ܪܒܐ ܢܗܪܐ ܦܪܬ.,21,"Naquele mesmo dia fez o Senhor um pacto com Abrão, dizendo: À tua descendência tenho dado esta terra, desde o rio do Egito até o grande rio Eufrates;",28,True,True,True
15,19,Gênesis 15:19,אֶת־ הַקֵּינִי֙ וְאֶת־ הַקְּנִזִּ֔י וְאֵ֖ת הַקַּדְמֹנִֽי ׃,את הקיני ואת הקנזי ואת הקדמני,7,ית שלמאי וית קנזאי וית קדמונאי:,6,τοὺς Κεναίους καὶ τοὺς Κενεζαίους καὶ τοὺς Κελμωναίους,8,ܠܩܝܢ̈ܝܐ ܘܠܩܢ̈ܙܝܐ ܘܠܩܕܡ̈ܘܢܝܐ.,3,"e o queneu, o quenizeu, o cadmoneu,",7,True,True,True
15,20,Gênesis 15:20,וְאֶת־ הַחִתִּ֥י וְאֶת־ הַפְּרִזִּ֖י וְאֶת־ הָרְפָאִֽים ׃,ואת החתי ואת הפרזי ואת הרפאימ,7,וית חתאי וית פרזאי וית גבראי:,6,⸂⸆⸃ καὶ τοὺς χετταίους καί τοὺς Φερεζαίους καὶ τοὺς Ῥαφαεὶν,10,ܘܠܚ̈ܬܝܐ ܘܠܦܪ̈ܙܝܐ ܘܠܓܢܒܪ̈ܐ .,4,"o heteu, o perizeu, os refains,",6,True,True,True
15,21,Gênesis 15:21,וְאֶת־ הָֽאֱמֹרִי֙ וְאֶת־ הַֽכְּנַעֲנִ֔י וְאֶת־ הַגִּרְגָּשִׁ֖י וְאֶת־ הַיְבוּסִֽי ׃ ס,ואת האמרי ואת הכנעני ואת הגרגשי ואת היבוסי ס,10,וית אמוראי וית כנענאי וית גרגשאי וית יבוסאי:,8,καὶ τοὺς Ἀμορραίους καὶ τοὺς Χαναναίους καὶ τοὺς Εὑαίους καὶ τοὺς Γεργεσαίους καὶ τοὺς Ἰεβουσαίους.,15,ܘܠܐܡܘܪ̈ܝܐ ܘܠܟܢ̈ܥܢܝܐ ܘܠܓܪ̈ܓܘܣܝܐ ܘܠܝܒ̈ܘܣܝܐ .,5,"o amorreu, o cananeu, o girgaseu e o jebuseu.",9,True,True,True
16,1,Gênesis 16:1,וְשָׂרַי֙ אֵ֣שֶׁת אַבְרָ֔ם לֹ֥א יָלְדָ֖ה ל֑וֹ וְלָ֛הּ שִׁפְחָ֥ה מִצְרִ֖ית וּשְׁמָ֥הּ הָגָֽר ׃,ושרי אשת אברמ לא ילדה לו ולה שפחה מצרית ושמה הגר,12,ושרי אתת אברם לא ילידת ליה ולה אמתא מצריתא ושמה הגר:,11,Σάρα δὲ ἡ γυνὴ Ἀβρὰμ οὐκ ἔτικτεν αὐτῷ· ἦν δὲ αὐτῇ παιδίσκη Αἰγυπτία ᾗ ὄνομα Ἁγάρ.,16,ܘܣܪܝ ܐܢܬܬܗ ܕܐܒܪܡ ܠܐ ܝܠ̣ܕܬ ܠܗ. ܘܐܝܬ ܗܘܬ ܠܗ̇ ܐܡܬܐ ܡܨܪܝܬܐ ܘܫܡܗ̇ ܗܓܪ.,13,"Ora, Sarai, mulher de Abrão, não lhe dava filhos. Tinha ela uma serva egípcia, que se chamava Agar.",18,True,True,True
16,2,Gênesis 16:2,וַתֹּ֨אמֶר שָׂרַ֜י אֶל־ אַבְרָ֗ם הִנֵּה־ נָ֞א עֲצָרַ֤נִי יְהוָה֙ מִלֶּ֔דֶת בֹּא־ נָא֙ אֶל־ שִׁפְחָתִ֔י אוּלַ֥י אִבָּנֶ֖ה מִמֶּ֑נָּה וַיִּשְׁמַ֥ע אַבְרָ֖ם לְק֥וֹל שָׂרָֽי ׃,ותאמר שרי אל אברמ הנה נא עצרני יהוה מלדת בא נא אל שפחתי אולי אבנה ממנה וישמע אברמ לקול שרי,21,ואמרת שרי לאברם הא כען מנעני יי מלמילד עול כען לות אמתי מאם אתבני מנה וקביל אברם למימר שרי:,19,"εἶπεν δὲ Σάρα πρὸς Ἀβράμ Ἰδοὺ συνέκλεισέν με Κύριος τοῦ μὴ τίκτειν· εἴσελθε οὖν πρὸς τὴν παιδίσκην μου, ἵνα τεκνοποιήσεις ἐξ αὐτῆς. ὑπήκουσεν δὲ Ἀβρὰμ τῆς φωνῆς αὐτῆς.",28,ܘܐܡ̣ܪܬ ܣܪܝ ܠܐܒܪܡ. ܗܐ ܟܠܢܝ ܡܪܝܐ ܡܢ ܝܠܕܐ. ܥܘܠ ܥܠ ܐܡܬܝ. ܟܒܪ ܐܬܒܝܐ ܡܢܗ̇. ܘܫܡ̣ܥ ܐܒܪܡ ܒܩܠܗ̇ ܕܣܪܝ.,18,"Disse Sarai a Abrão: Eis que o Senhor me tem impedido de ter filhos; toma, pois, a minha serva; porventura terei filhos por meio dela. E ouviu Abrão a voz de Sarai.",32,True,True,True
16,3,Gênesis 16:3,וַתִּקַּ֞ח שָׂרַ֣י אֵֽשֶׁת־ אַבְרָ֗ם אֶת־ הָגָ֤ר הַמִּצְרִית֙ שִׁפְחָתָ֔הּ מִקֵּץ֙ עֶ֣שֶׂר שָׁנִ֔ים לְשֶׁ֥בֶת אַבְרָ֖ם בְּאֶ֣רֶץ כְּנָ֑עַן וַתִּתֵּ֥ן אֹתָ֛הּ לְאַבְרָ֥ם אִישָׁ֖הּ ל֥וֹ לְאִשָּֽׁה ׃,ותקח שרי אשת אברמ את הגר המצרית שפחתה מקצ עשר שנימ לשבת אברמ בארצ כנענ ותתנ אתה לאברמ אישה לו לאשה,22,ודברת שרי אתת אברם ית הגר מצריתא אמתה מסוף עשר שנין למתב אברם בארעא דכנען ויהבת יתה לאברם בעלה ליה לאנתו:,21,"καὶ λαβοῦσα Σάρα ἡ γυνὴ Ἀβρὰμ Ἁγὰρ τὴν Αἰγυπτίαν τὴν ἑαυτῆς παιδίσκην, μετὰ δέκα ἔτη τοῦ οἰκῆσαι Ἀβρὰμ ἐν γῇ Χανάαν, καὶ ἔδωκεν αὐτὴν τῷ Ἀβρὰμ ἀνδρὶ αὐτῆς αὐτῷ γυναῖκα.",30,ܘܕܒ̣ܪܬ ܣܪܝ ܐܢܬܬܗ ܕܐܒܪܡ ܠܗܓܪ ܡܨܪܝܬܐ ܐܡܬܗ̇. ܡܢ ܒܬܪ ܥܣܪ̈ ܫ̈ܢܝܢ ܕܝܬ̣ܒ ܐܒܪܡ ܒܐܪܥܐ ܕܟܢܥܢ. ܘܝܗܒܬܗ̇ ܐܢܬܬܐ ܠܐܒܪܡ ܒܥܠܗ̇.,19,"Assim Sarai, mulher de Abrão, tomou a Agar a egípcia, sua serva, e a deu por mulher a Abrão seu marido, depois de Abrão ter habitado dez anos na terra de Canaã.",32,True,True,True
16,4,Gênesis 16:4,וַיָּבֹ֥א אֶל־ הָגָ֖ר וַתַּ֑הַר וַתֵּ֨רֶא֙ כִּ֣י הָרָ֔תָה וַתֵּקַ֥ל גְּבִרְתָּ֖הּ בְּעֵינֶֽיהָ ׃,ויבא אל הגר ותהר ותרא כי הרתה ותקל גברתה בעיניה,11,ועל לות הגר ועדיאת וחזת ארי עדיאת וקלת רבנתה בעינהה:,10,"καὶ εἰσῆλθεν πρὸς Ἁγάρ, καὶ συνέλαβεν· καὶ ἴδεν ὅτι ἐν γαστρὶ ἔχει, καὶ ἠτιμάσθη ἡ κυρία ἐναντίον αὐτῆς.",18,ܘܥܠ ܥܠ ܗܓܪ ܘܒܛܢ̣ܬ. ܘܟܕ ܚܙܬ ܕܒ̣ܛܢܬ. ܙܠܬ ܡܪܬܗ̇ ܒܥܝܢ̈ܝܗ̇.,10,"E ele conheceu a Agar, e ela concebeu; e vendo ela que concebera, foi sua senhora desprezada aos seus olhos.",20,True,True,True
16,5,Gênesis 16:5,וַתֹּ֨אמֶר שָׂרַ֣י אֶל־ אַבְרָם֮ חֲמָסִ֣י עָלֶיךָ֒ אָנֹכִ֗י נָתַ֤תִּי שִׁפְחָתִי֙ בְּחֵיקֶ֔ךָ וַתֵּ֨רֶא֙ כִּ֣י הָרָ֔תָה וָאֵקַ֖ל בְּעֵינֶ֑יהָ יִשְׁפֹּ֥ט יְהוָ֖ה בֵּינִ֥י וּבֵינֶֽיׄךָ ׃,ותאמר שרי אל אברמ חמסי עליכ אנכי נתתי שפחתי בחיקכ ותרא כי הרתה ואקל בעיניה ישפט יהוה ביני וביניכ,20,ואמרת שרי לאברם דין לי עלך אנא יהבית אמתי לך וחזת ארי עדיאת וקלית בעינהה ידין יי ביני ובינך:,19,"εἶπεν δὲ Σάρα πρὸς Ἀβράμ Ἀδικοῦμαι ἐκ σοῦ· ἐγὼ δέδωκα τὴν παιδίσκην μου εἰς τὸν κόλπον σου· ἰδοῦσα δὲ ὅτι ἐν γαστρὶ ἔχει, ἠτιμάσθην ἐναντίον αὐτῆς. κρίναι ὁ θεὸς ἀνὰ μέσον ἐμοῦ καὶ σοῦ.",34,ܘܐܡ̣ܪܬ ܣܪܝ ܠܐܒܪܡ. ܥܘܠܒܢܝ ܥܠܝܟ. ܐܢܐ ܝܗ̇ܒܬ ܐܡܬܝ ܒܥܘܒܟ. ܘܟܕ ܚܙܬ ܕܒܛܢ̣ܬ ܙ̇ܠܬ ܒܥܝܢ̈ܝܗ̇. ܢܕܘܢ ܡܪܝܐ ܒܝܢ̈ܝ ܘܠܟ.,18,"Então disse Sarai a Abrão: Sobre ti seja a afronta que me é dirigida a mim; pus a minha serva em teu regaço; vendo ela agora que concebeu, sou desprezada aos seus olhos; o Senhor julgue entre mim e ti.",40,True,True,True
16,6,Gênesis 16:6,וַיֹּ֨אמֶר אַבְרָ֜ם אֶל־ שָׂרַ֗י הִנֵּ֤ה שִׁפְחָתֵךְ֙ בְּיָדֵ֔ךְ עֲשִׂי־ לָ֖הּ הַטּ֣וֹב בְּעֵינָ֑יִךְ וַתְּעַנֶּ֣הָ שָׂרַ֔י וַתִּבְרַ֖ח מִפָּנֶֽיהָ ׃,ויאמר אברמ אל שרי הנה שפחתכ בידכ עשי לה הטוב בעיניכ ותענה שרי ותברח מפניה,16,ואמר אברם לשרי הא אמתיך בידיך עבידי לה כדתקין בעיניכי ועניתה שרי וערקת מקדמהה:,14,"εἶπεν δὲ Ἀβρὰμ πρὸς Σάραν Ἰδοὺ ἡ παιδίσκη σου ἐναντίον ⸆ σου· χρῶ αὐτῇ ὡς δ᾽ ἄν σοι ἀρεστὸν ᾖ. καὶ ἐκάκωσεν αὐτὴν Σάρα, καὶ ἀπέδρα ἀπὸ προσώπου αὐτῆς.",29,ܘܐܡ̣ܪ ܐܒܪܡ ܠܣܪܝ ܐܢܬܬܗ . ܗܐ ܐܡܬܟܝ ܡܫܠܡܐ ܒܐ̈ܝܕܝܟܝ. ܥܒܕܝ ܠܗ̇ ܡܕܡ ܕܫܦܝܪ ܒܥܝܢ̈ܝܟܝ. ܘܨܥܪܬܗ̇ ܣܪܝ ܡܪܬܗ̇ . ܘܥܪܩܬ ܡܢ ܩܕܡܝܗ̇.,21,"Ao que disse Abrão a Sarai: Eis que tua serva está nas tuas mãos; faze-lhe como bem te parecer. E Sarai maltratou-a, e ela fugiu de sua face.",28,True,True,True
16,7,Gênesis 16:7,וַֽיִּמְצָאָ֞הּ מַלְאַ֧ךְ יְהוָ֛ה עַל־ עֵ֥ין הַמַּ֖יִם בַּמִּדְבָּ֑ר עַל־ הָעַ֖יִן בְּדֶ֥רֶךְ שֽׁוּר ׃,וימצאה מלאכ יהוה על עינ המימ במדבר על העינ בדרכ שור,12,ואשכחה מלאכא דיי על עינא דמיא במדברא על עינא בארחא דחגרא:,11,"εὗρεν δὲ αὐτὴν ἄγγελος Κυρίου τοῦ θεοῦ ἐπὶ τῆς πηγῆς τοῦ ὕδατος ἐν τῇ ἐρήμῳ, ἐπὶ τῆς πηγῆς ἐν τῇ ὁδῷ Σούρ.",22,ܘܐܫܟܚܗ̇ ܡܠܐܟܗ ܕܡܪܝܐ ܥܠ ܥܝܢܐ ܕܡ̈ܝܐ ܒܡܕܒܪܐ ܒܐܘܪܚܐ ܕܓܕܪ.,9,"Então o anjo do Senhor, achando-a junto a uma fonte no deserto, a fonte que está no caminho de Sur,",20,True,True,True
16,8,Gênesis 16:8,וַיֹּאמַ֗ר הָגָ֞ר שִׁפְחַ֥ת שָׂרַ֛י אֵֽי־ מִזֶּ֥ה בָ֖את וְאָ֣נָה תֵלֵ֑כִי וַתֹּ֕אמֶר מִפְּנֵי֙ שָׂרַ֣י גְּבִרְתִּ֔י אָנֹכִ֖י בֹּרַֽחַת ׃,ויאמר הגר שפחת שרי אי מזה באת ואנה תלכי ותאמר מפני שרי גברתי אנכי ברחת,16,ואמר הגר אמתא דשרי מנן את אתיא ולאן את אזלא ואמרת מן קדם שרי רבנתי אנא ערקא :,18,"καὶ εἶπεν αὐτῇ ὁ ἄγγελος Κυρίου Ἁγὰρ παιδίσκη Σάρας, πόθεν ἔρχῃ; καὶ ποῦ πορεύῃ; καὶ εἶπεν Ἀπὸ προσώπου Σάρας τῆς κυρίας μου ἐγὼ ἀποδιδράσκω.",24,ܘܐܡ̣ܪ ܠܗ̇. ܗܓܪ ܐܡܬܗ̇ ܕܣܪܝ. ܡܢ ܐܝܡܟܐ ܐܬܝܐ ܐܢܬܝ ܘܠܐܝܟܐ ܐܙܠܐ ܐܢܬܝ. ܘܐܡ̣ܪܬ ܡܢ ܩܕܡ ܣܪܝ ܡܪܬܝ ܥܪܩܐ ܐܢܐ.,19,"perguntou-lhe: Agar, serva de Sarai, donde vieste, e para onde vais? Respondeu ela: Da presença de Sarai, minha senhora, vou fugindo.",21,True,True,True
16,9,Gênesis 16:9,וַיֹּ֤אמֶר לָהּ֙ מַלְאַ֣ךְ יְהוָ֔ה שׁ֖וּבִי אֶל־ גְּבִרְתֵּ֑ךְ וְהִתְעַנִּ֖י תַּ֥חַת יָדֶֽיהָ ׃,ויאמר לה מלאכ יהוה שובי אל גברתכ והתעני תחת ידיה,11,ואמר לה מלאכא דיי תובי לות רבונתך ואשתעבדי תחות ידהא:,10,εἶπεν δὲ αὐτῇ ὁ ἄγγελος Κυρίου Ἀποστράφηθι πρὸς τὴν κυρίαν σου καὶ ταπεινώθητι ὑπὸ τὰς χεῖρας αὐτῆς.,17,ܘܐܡ̣ܪ ܠܗ̇ ܡܠܐܟܗ ܕܡܪܝܐ. ܗܦܘܟܝ ܠܘܬ ܡܪܬܟܝ ܘܐܫܬܥܒܕܝ ܬܚܝܬ ܐܝܕܗ̇.,10,"Disse-lhe o anjo do Senhor: Torna-te para tua senhora, e humilha-te debaixo das suas mãos.",15,True,True,True
16,10,Gênesis 16:10,וַיֹּ֤אמֶר לָהּ֙ מַלְאַ֣ךְ יְהוָ֔ה הַרְבָּ֥ה אַרְבֶּ֖ה אֶת־ זַרְעֵ֑ךְ וְלֹ֥א יִסָּפֵ֖ר מֵרֹֽב ׃,ויאמר לה מלאכ יהוה הרבה ארבה את זרעכ ולא יספר מרב,12,ואמר לה מלאכא דיי אסגאה אסגי ית בניכי ולא יתמנון מסגי:,11,"⸂⸆⸃ καὶ εἶπεν αὐτῇ ὁ ἄγγελος Κυρίου Πληθύνων πληθυνῶ τὸ σπέρμα σου, καὶ οὐκ ἀριθμήσεται ἀπὸ τοῦ πλήθους.",18,ܘܐܡ̣ܪ ܠܗ̇ ܡܠܐܟܗ ܕܡܪܝܐ. ܡܣܓܝܘ ܐܣܓܐ ܙܪܥܟܝ. ܘܠܐ ܢܬܡܢܐ ܡܢ ܣܘܓܐܗ.,11,"Disse-lhe mais o anjo do Senhor: Multiplicarei sobremaneira a tua descendência, de modo que não será contada, por numerosa que será.",21,True,True,True
16,11,Gênesis 16:11,וַיֹּ֤אמֶר לָהּ֙ מַלְאַ֣ךְ יְהוָ֔ה הִנָּ֥ךְ הָרָ֖ה וְיֹלַ֣דְתְּ בֵּ֑ן וְקָרָ֤את שְׁמוֹ֙ יִשְׁמָעֵ֔אל כִּֽי־ שָׁמַ֥ע יְהוָ֖ה אֶל־ עָנְיֵֽךְ ׃,ויאמר לה מלאכ יהוה הנכ הרה וילדת בנ וקראת שמו ישמעאל כי שמע יהוה אל עניכ,17,ואמר לה מלאכא דיי הא את מעדיא ותלדין בר ותקרין שמיה ישמעאל ארי קביל יי צלותיך:,16,"καὶ εἶπεν αὐτῇ ὁ ἄγγελος Κυρίου Ἰδοὺ σὺ ἐν γαστρὶ ἔχεις, καὶ τέξῃ υἱόν, καὶ καλέσεις τὸ ὄνομα αὐτοῦ Ἰσμαήλ, ὅτι ἐπήκουσεν Κύριος τῇ ταπεινώσει σου.",26,ܘܐܡ̣ܪ ܠܗ̇ ܡܠܐܟܗ ܕܡܪܝܐ. ܗܐ ܒܛܢܬܝ ܘܝܠܕܐ ܐܢܬܝ ܒܪܐ. ܘܬܩܪܝܢ ܫܡܗ ܐܝܫܡܥܝܠ. ܡܛܠ ܕܫܡ̣ܥ ܡܪܝܐ ܒܫܘܥܒܕܟܝ.,16,"Disse-lhe ainda o anjo do Senhor: Eis que concebeste, e terás um filho, a quem chamarás Ismael; porquanto o Senhor ouviu a tua aflição.",24,True,True,True
16,12,Gênesis 16:12,וְה֤וּא יִהְיֶה֙ פֶּ֣רֶא אָדָ֔ם יָד֣וֹ בַכֹּ֔ל וְיַ֥ד כֹּ֖ל בּ֑וֹ וְעַל־ פְּנֵ֥י כָל־ אֶחָ֖יו יִשְׁכֹּֽן ׃,והוא יהיה פרא אדמ ידו בכל ויד כל בו ועל פני כל אחיו ישכנ,15,והוא יהא מרוד באנשא הוא יהא צריך לכלא וידא דבני אנשא יהון צריכין ליה ועל אפי כל אחוהי ישרי:,19,"οὗτος ἔσται ἄγροικος ἄνθρωπος· αἱ χεῖρες αὐτοῦ ἐπὶ πάντας καὶ αἱ χεῖρες πάντων ἐπ᾽ αὐτόν, καὶ κατὰ πρόσωπον πάντων τῶν ἀδελφῶν αὐτοῦ κατοικήσει.",23,ܘܗ̣ܘ ܢܗܘܐ ܥܪܕܐ ܕܒܢ̈ܝ ܐܢܫܐ. ܐܝܕܗ ܥܠ ܟܠ ܘܐܝܕܐ ܕܟܠ ܒܗ. ܘܥܠ ܬܚܘܡܐ ܕܟܠܗܘܢ ܐ̈ܚܘܗܝ ܢܫܪܐ.,16,"Ele será como um jumento selvagem entre os homens; a sua mão será contra todos, e a mão de todos contra ele; e habitará diante da face de todos os seus irmãos.",32,True,True,True
16,13,Gênesis 16:13,וַתִּקְרָ֤א שֵׁם־ יְהוָה֙ הַדֹּבֵ֣ר אֵלֶ֔יהָ אַתָּ֖ה אֵ֣ל רֳאִ֑י כִּ֣י אָֽמְרָ֗ה הֲגַ֥ם הֲלֹ֛ם רָאִ֖יתִי אַחֲרֵ֥י רֹאִֽי ׃,ותקרא שמ יהוה הדבר אליה אתה אל ראי כי אמרה הגמ הלמ ראיתי אחרי ראי,16,וצליאת בשמא דיי דמתמלל עמה אמרת את הוא אלהא דחזי כלא ארי אמרת הברם הכא שרתי חזיא בתר דאתגלי לי:,20,καὶ ἐκάλεσεν Ἁγὰρ τὸ ὄνομα Κυρίου τοῦ λαλοῦντος πρὸς αὐτήν Σὺ ὁ θεὸς ὁ ἐφιδών με· ὅτι εἶπεν Καὶ γὰρ ἐνώπιον ἴδον ὀφθέντα μοι.,24,ܘܩ̣ܪܬ ܫܡܗ ܕܡܪܝܐ ܕܡܠܠ ܥܡܗ̇. ܘܐܡ̣ܪܬ ܐܢܬ ܗ̣ܘ ܐܠܗܐ ܒܚܙܘܐ. ܡܛܠ ܕܐܡ̣ܪܬ. ܕܗܐ ܐܦ ܚܙܘܐ ܚ̇ܙܝܬ ܡܢ ܒܬܪ ܕܚܙܢܝ.,19,"E ela chamou, o nome do Senhor, que com ela falava, El-Rói; pois disse: Não tenho eu também olhado neste lugar para aquele que me vê?",26,True,True,True
16,14,Gênesis 16:14,עַל־ כֵּן֙ קָרָ֣א לַבְּאֵ֔ר בְּאֵ֥ר לַחַ֖י רֹאִ֑י הִנֵּ֥ה בֵין־ קָדֵ֖שׁ וּבֵ֥ין בָּֽרֶד ׃,על כנ קרא לבאר באר לחי ראי הנה בינ קדש ובינ ברד,13,על כן קרא לבארא בארא דמלאך קימא אתחזי עלה הא בין רקם ובין חגרא:,14,ἕνεκεν τούτου ἐκάλεσεν τὸ φρέαρ Φρέαρ οὗ ἐνώπιον ἴδον· ἰδοὺ ἀνὰ μέσον Καδὴς καὶ ἀνὰ μέσον Βάραδ.,17,ܡܛܠ ܗܢܐ ܩܪܬ ܠܒܪܐ ܗ̇ܝ ܒܪܐ ܕܚܝܐ ܚܙܢܝ. ܗܐ ܗ̣ܝ ܒܝܬ ܪܩܡ ܠܒܝܬ ܓܕܪ.,14,Pelo que se chamou aquele poço Beer-Laai-Rói; ele está entre Cades e Berede.,13,True,True,True
16,15,Gênesis 16:15,וַתֵּ֧לֶד הָגָ֛ר לְאַבְרָ֖ם בֵּ֑ן וַיִּקְרָ֨א אַבְרָ֧ם שֶׁם־ בְּנ֛וֹ אֲשֶׁר־ יָלְדָ֥ה הָגָ֖ר יִשְׁמָעֵֽאל ׃,ותלד הגר לאברמ בנ ויקרא אברמ שמ בנו אשר ילדה הגר ישמעאל,13,וילידת הגר לאברם בר וקרא אברם שום בריה דילידת הגר ישמעאל:,11,"καὶ ἔτεκεν Ἁγὰρ τῷ Ἀβρὰμ υἱόν, καὶ ἐκάλεσεν Ἀβρὰμ τὸ ὄνομα τοῦ υἱοῦ αὐτοῦ, ὃν ἔτεκεν αὐτῷ Ἁγάρ, Ἰσμαήλ.",19,ܘܝܠ̣ܕܬ ܗܓܪ ܠܐܒܪܡ ܒܪܐ. ܘܩ̣ܪܐ ܐܒܪܡ ܫܡ ܒܪܗ ܕܐܬܝܠܕ ܠܗ ܕܝܠ̣ܕܬ ܠܗ ܗܓܪ ܐܝܫܡܥܝܠ.,14,E Agar deu um filho a Abrão; e Abrão pôs o nome de Ismael no seu filho que tivera de Agar.,21,True,True,True
16,16,Gênesis 16:16,וְאַבְרָ֕ם בֶּן־ שְׁמֹנִ֥ים שָׁנָ֖ה וְשֵׁ֣שׁ שָׁנִ֑ים בְּלֶֽדֶת־ הָגָ֥ר אֶת־ יִשְׁמָעֵ֖אל לְאַבְרָֽם ׃ ס,ואברמ בנ שמנימ שנה ושש שנימ בלדת הגר את ישמעאל לאברמ ס,13,ואברם בר תמנן ושת שנין כד ילידת הגר ית ישמעאל לאברם:,11,Ἀβρὰμ δὲ ἦν ὀγδοήκοντα ἓξ ἐτῶν ἡνίκα ἔτεκεν Ἁγὰρ τὸν Ἰσμαὴλ τῷ Ἀβράμ.,13,ܘܐܒܪܡ ܒܪ ܬܡܢܐܝܢ ܗܘܐ ܘܫܬ ܫ̈ܢܝܢ. ܟܕ ܝܠ̣ܕܬ ܗܓܪ ܐܝܫܡܥܝܠ ܠܐܒܪܡ.,11,"Ora, tinha Abrão oitenta e seis anos, quando Agar lhe deu Ismael.",12,True,True,True
17,1,Gênesis 17:1,וַיְהִ֣י אַבְרָ֔ם בֶּן־ תִּשְׁעִ֥ים שָׁנָ֖ה וְתֵ֣שַׁע שָׁנִ֑ים וַיֵּרָ֨א יְהוָ֜ה אֶל־ אַבְרָ֗ם וַיֹּ֤אמֶר אֵלָיו֙ אֲנִי־ אֵ֣ל שַׁדַּ֔י הִתְהַלֵּ֥ךְ לְפָנַ֖י וֶהְיֵ֥ה תָמִֽים ׃,ויהי אברמ בנ תשעימ שנה ותשע שנימ וירא יהוה אל אברמ ויאמר אליו אני אל שדי התהלכ לפני והיה תמימ,21,והוה אברם בר תשעין ותשע שנין ואתגלי יי לאברם ואמר ליה אנא אל שדי פלח קדמי והוי שלים:,18,"Ἐγένετο δὲ Ἀβρὰμ ἐτῶν ἐνενήκοντα ἐννέα, καὶ ὤφθη Κύριος τῷ Ἀβρὰμ καὶ εἶπεν αὐτῷ Ἐγώ εἰμι ὁ θεός σου· εὐαρέστει ἐναντίον ἐμοῦ, καὶ γίνου ἄμεμπτος·",25,ܘܗܘ̣ܐ ܐܒܪܡ ܒܪ ܬܫܥܝܢ ܘܬܫܥ ܫ̈ܢܝܢ. ܘܐܬܓܠܝ ܡܪܝܐ ܥܠ ܐܒܪܡ ܘܐܡ̣ܪ ܠܗ. ܐܢܐ ܐܢܐ ܐܠܫܕܝ ܐܠܗܐ. ܫܦ̣ܪ ܩܕܡܝ ܘܗܘܝ ܕܠܐ ܡܘܡ.,21,"Quando Abrão tinha noventa e nove anos, apareceu-lhe o Senhor e lhe disse: Eu sou o Deus Todo-Poderoso; anda em minha presença, e sê perfeito;",25,True,True,True
17,2,Gênesis 17:2,וְאֶתְּנָ֥ה בְרִיתִ֖י בֵּינִ֣י וּבֵינֶ֑ךָ וְאַרְבֶּ֥ה אוֹתְךָ֖ בִּמְאֹ֥ד מְאֹֽד ׃,ואתנה בריתי ביני ובינכ וארבה אותכ במאד מאד,9,ואתן קימי בין מימרי ובינך ואסגי יתך לחדא לחדא:,9,"καὶ θήσομαι τὴν διαθήκην μου ἀνὰ μέσον ἐμοῦ καὶ ἀνὰ μέσον σοῦ, καὶ πληθυνῶ σε σφόδρα.",16,ܘܐܬܠ ܩܝܡܝ ܒܝܢ̈ܝ ܘܠܟ. ܘܐܣܓܝܟ ܛܒ ܛܒ .,8,"e firmarei o meu pacto contigo, e sobremaneira te multiplicarei.",10,True,True,True
17,3,Gênesis 17:3,וַיִּפֹּ֥ל אַבְרָ֖ם עַל־ פָּנָ֑יו וַיְדַבֵּ֥ר אִתּ֛וֹ אֱלֹהִ֖ים לֵאמֹֽר ׃,ויפל אברמ על פניו וידבר אתו אלהימ לאמר,9,ונפל אברם על אפוהי ומליל עמיה יי למימר:,8,"καὶ ἔπεσεν Ἀβρὰμ ἐπὶ πρόσωπον αὐτοῦ, καὶ ἐλάλησεν αὐτῷ ὁ θεὸς λέγων",12,ܘܢܦ̣ܠ ܐܒܪܡ ܥܠ ܐ̈ܦܘܗܝ. ܘܡܠܠ ܥܡܗ ܐܠܗܐ ܘܐܡ̣ܪ ܠܗ.,9,"Ao que Abrão se prostrou com o rosto em terra, e Deus falou-lhe, dizendo:",14,True,True,True
17,4,Gênesis 17:4,אֲנִ֕י הִנֵּ֥ה בְרִיתִ֖י אִתָּ֑ךְ וְהָיִ֕יתָ לְאַ֖ב הֲמ֥וֹן גּוֹיִֽם ׃,אני הנה בריתי אתכ והיית לאב המונ גוימ,9,אנא הא קימי עמך ותהי לאב סגי עממין:,8,"Καὶ ἐγώ, ἰδοὺ ἡ διαθήκη μου μετὰ σοῦ· καὶ ἔσῃ πατὴρ πλήθους ἐθνῶν.",13,ܐܢܐ ܗܐ ܡܩܝܡ ܐܢܐ ܩܝܡܝ ܥܡܟ. ܘܬܗܘܐ ܐܒܐ ܠܣܘܓܐܐ ܕܥܡ̈ܡܐ.,10,"Quanto a mim, eis que o meu pacto é contigo, e serás pai de muitas nações;",16,True,True,True
17,5,Gênesis 17:5,וְלֹא־ יִקָּרֵ֥א ע֛וֹד אֶת־ שִׁמְךָ֖ אַבְרָ֑ם וְהָיָ֤ה שִׁמְךָ֙ אַבְרָהָ֔ם כִּ֛י אַב־ הֲמ֥וֹן גּוֹיִ֖ם נְתַתִּֽיךָ ׃,ולא יקרא עוד את שמכ אברמ והיה שמכ אברהמ כי אב המונ גוימ נתתיכ,15,ולא יתקרי עוד ית שמך אברם ויהי שמך אברהם ארי אב סגי עממין יהבתך:,14,"καὶ οὐ κληθήσεται ἔτι τὸ ὄνομά σου Ἀβράμ, ἀλλ᾽ ἔσται Ἀβραὰμ τὸ ὄνομά σου· ὅτι πατέρα πολλῶν ἐθνῶν τέθεικά σε.",20,ܘܠܐ ܢܬܩܪܐ ܬܘܒ ܫܡܟ ܐܒܪܡ. ܐܠܐ ܢܗܘܐ ܫܡܟ ܐܒܪܗܡ. ܡܛܠ ܕܐܒܐ ܠܣܘܓܐܐ ܕܥܡ̈ܡܐ ܝܗܒܬܟ.,14,"não mais serás chamado Abrão, mas Abraão será o teu nome; pois por pai de muitas nações te hei posto;",20,True,True,True
17,6,Gênesis 17:6,וְהִפְרֵתִ֤י אֹֽתְךָ֙ בִּמְאֹ֣ד מְאֹ֔ד וּנְתַתִּ֖יךָ לְגוֹיִ֑ם וּמְלָכִ֖ים מִמְּךָ֥ יֵצֵֽאוּ ׃,והפרתי אתכ במאד מאד ונתתיכ לגוימ ומלכימ ממכ יצאו,10,ואפיש יתך לחדא לחדא ואתננך לכנשין ומלכין דשליטין בעממיא מנך יפקון:,11,"καὶ αὐξανῶ σε σφόδρα, καὶ θήσω σε εἰς ἔθνη, καὶ βασιλεῖς ἐκ σοῦ ἐξελεύσονται.",14,ܘܐܦܪܝܟ ܘܐܣܓܝܟ ܛܒ ܛܒ . ܘܐܬܠܟ ܠܥܡ̈ܡܐ ܘܡ̈ܠܟܐ ܡܢ ܚܨܟ ܢܦܩܘܢ.,11,"far-te-ei frutificar sobremaneira, e de ti farei nações, e reis sairão de ti;",13,True,True,True
17,7,Gênesis 17:7,וַהֲקִמֹתִ֨י אֶת־ בְּרִיתִ֜י בֵּינִ֣י וּבֵינֶ֗ךָ וּבֵ֨ין זַרְעֲךָ֧ אַחֲרֶ֛יךָ לְדֹרֹתָ֖ם לִבְרִ֣ית עוֹלָ֑ם לִהְי֤וֹת לְךָ֙ לֵֽאלֹהִ֔ים וּֽלְזַרְעֲךָ֖ אַחֲרֶֽיךָ ׃,והקמתי את בריתי ביני ובינכ ובינ זרעכ אחריכ לדרתמ לברית עולמ להיות לכ לאלהימ ולזרעכ אחריכ,17,ואקים ית קימי בין מימרי ובינך ובין בנך בתרך לדריהון לקים עלם למהוי לך לאלהא ולבנך בתרך:,17,"καὶ στήσω τὴν διαθήκην μου ἀνὰ μέσον ἐμοῦ καὶ ἀνὰ μέσον σοῦ καὶ ἀνὰ μέσον τοῦ σπέρματός σου μετὰ σὲ εἰς γενεὰς αὐτῶν εἰς διαθήκην αἰώνιον, εἶναί σου θεὸς καὶ τοῦ σπέρματός σου μετὰ σέ.",35,ܘܐܩܝܡ ܩܝܡܝ ܒܝܢ̈ܝ ܘܠܟ. ܘܒܝܬ ܙܪܥܟ ܡܢ ܒܬܪܟ ܠܕܪ̈ܝܗܘܢ. ܠܩܝܡܐ ܕܠܥܠܡ. ܘܐܗܘܐ ܠܟ ܐܠܗܐ ܘܠܙܪܥܟ ܡܢ ܒܬܪܟ.,17,"estabelecerei o meu pacto contigo e com a tua descendência depois de ti em suas gerações, como pacto perpétuo, para te ser por Deus a ti e à tua descendência depois de ti.",33,True,True,True
17,8,Gênesis 17:8,וְנָתַתִּ֣י לְ֠ךָ וּלְזַרְעֲךָ֨ אַחֲרֶ֜יךָ אֵ֣ת ׀ אֶ֣רֶץ מְגֻרֶ֗יךָ אֵ֚ת כָּל־ אֶ֣רֶץ כְּנַ֔עַן לַאֲחֻזַּ֖ת עוֹלָ֑ם וְהָיִ֥יתִי לָהֶ֖ם לֵאלֹהִֽים ׃,ונתתי לכ ולזרעכ אחריכ את ארצ מגריכ את כל ארצ כנענ לאחזת עולמ והייתי להמ לאלהימ,18,ואתן לך ולבנך בתרך ית ארעא תותבותך ית כל ארעא דכנען לאחסנת עלם ואהוי להון לאלהא:,16,"καὶ δώσω σοι καὶ τῷ σπέρματί σου μετὰ σὲ τὴν γῆν ἣν παροικεῖς, πᾶσαν τὴν γῆν Χανάαν, εἰς κατάσχεσιν αἰώνιον· καὶ ἔσομαι αὐτοῖς θεός.",24,ܘܐܬܠ ܠܟ ܘܠܙܪܥ̇ܟ ܡܢ ܒܬܪܟ. ܐܪܥܐ ܕܡܥܡܪܟ. ܟܠܗ̇ ܐܪܥܐ ܕܟܢܥܢ ܠܝܘܪܬܢܐ ܕܠܥܠܡ. ܘܐܗܘܐ ܠܗܘܢ ܐܠܗܐ.,15,"Dar-te-ei a ti e à tua descendência depois de ti a terra de tuas peregrinações, toda a terra de Canaã, em perpétua possessão; e serei o seu Deus.",28,True,True,True
17,9,Gênesis 17:9,וַיֹּ֤אמֶר אֱלֹהִים֙ אֶל־ אַבְרָהָ֔ם וְאַתָּ֖ה אֶת־ בְּרִיתִ֣י תִשְׁמֹ֑ר אַתָּ֛ה וְזַרְעֲךָ֥ אַֽחֲרֶ֖יךָ לְדֹרֹתָֽם ׃,ויאמר אלהימ אל אברהמ ואתה את בריתי תשמר אתה וזרעכ אחריכ לדרתמ,13,ואמר יי לאברהם ואת ית קימי תטר את ובנך בתרך לדריהון:,11,"καὶ εἶπεν ὁ θεὸς πρὸς Ἀβραάμ Σὺ δὲ τὴν διαθήκην μου διατηρήσεις, σὺ καὶ τὸ σπέρμα σου μετὰ σὲ εἰς τὰς γενεὰς αὐτῶν.",23,ܘܐܡ̣ܪ ܐܠܗܐ ܠܐܒܪܗܡ. ܐܢܬ ܩܝܡܝ ܛܪ. ܐܢܬ ܘܙܪܥܟ ܡܢ ܒܬܪܟ ܠܕܪ̈ܝܗܘܢ.,11,"Disse mais Deus a Abraão: Ora, quanto a ti, guardarás o meu pacto, tu e a tua descendência depois de ti, nas suas gerações.",24,True,True,True
17,10,Gênesis 17:10,זֹ֣את בְּרִיתִ֞י אֲשֶׁ֣ר תִּשְׁמְר֗וּ בֵּינִי֙ וּבֵ֣ינֵיכֶ֔ם וּבֵ֥ין זַרְעֲךָ֖ אַחֲרֶ֑יךָ הִמּ֥וֹל לָכֶ֖ם כָּל־ זָכָֽר ׃,זאת בריתי אשר תשמרו ביני וביניכמ ובינ זרעכ אחריכ המול לכמ כל זכר,14,דא קימי די תטרון בין מימרי וביניכון ובין בנך בתרך מגזר לכון כל דכורא:,14,"καὶ αὕτη ἡ διαθήκη ἣν διατηρήσεις ἀνὰ μέσον ἐμοῦ καὶ ὑμῶν, καὶ ἀνὰ μέσον τοῦ σπέρματός σου μετὰ σὲ ⸆ εἰς τὰς γενεὰς αὐτῶν· περιτμηθήσεται ὑμῶν πᾶν ἀρσενικόν.",28,ܗܢܘ ܩܝܡܝ ܕܬܛܪܘܢ ܒܝܢ̈ܝ ܘܠܟܘܢ. ܘܒܝܬ ܙܪܥܟ ܡܢ ܒܬܪܟ. ܕܬܓܙܪܘܢ ܟܠ ܕܟܪܐ.,12,"Este é o meu pacto, que guardareis entre mim e vós, e a tua descendência depois de ti: todo varão dentre vugar para aquele que me",26,True,True,True
17,11,Gênesis 17:11,וּנְמַלְתֶּ֕ם אֵ֖ת בְּשַׂ֣ר עָרְלַתְכֶ֑ם וְהָיָה֙ לְא֣וֹת בְּרִ֔ית בֵּינִ֖י וּבֵינֵיכֶֽם ׃,ונמלתמ את בשר ערלתכמ והיה לאות ברית ביני וביניכמ,10,ותגזרון ית בשרא דערלתכון ותהי לאת קים בין מימרי וביניכון:,10,"καὶ περιτμηθήσεσθε τὴν σάρκα τῆς ἀκροβυστίας ὑμῶν, καὶ ἔσται ἐν σημείῳ διαθήκης ἀνὰ μέσον ἐμοῦ καὶ ὑμῶν.",17,ܘܬܓܙܪܘܢ ܒܣܪܐ ܕܥܘܪܠܘܬܟܘܢ. ܘܬܗܘܐ ܐܬܐ ܕܩܝܡܐ ܒܝܢ̈ܝ ܘܠܟܘܢ.,8,Circuncidar-vos-eis na carne do prepúcio; e isto será por sinal de pacto entre mim e vós.,16,True,True,True
17,12,Gênesis 17:12,וּבֶן־ שְׁמֹנַ֣ת יָמִ֗ים יִמּ֥וֹל לָכֶ֛ם כָּל־ זָכָ֖ר לְדֹרֹתֵיכֶ֑ם יְלִ֣יד בָּ֔יִת וּמִקְנַת־ כֶּ֨סֶף֙ מִכֹּ֣ל בֶּן־ נֵכָ֔ר אֲשֶׁ֛ר לֹ֥א מִֽזַּרְעֲךָ֖ הֽוּא ׃,ובנ שמנת ימימ ימול לכמ כל זכר לדרתיכמ יליד בית ומקנת כספ מכל בנ נכר אשר לא מזרעכ הוא,20,ובר תמניא יומין יתגזר לכון כל דכורא לדרתיכון ילידי ביתא וזביני כספא מכל בר עממין דלא מבנך הוא:,18,"καὶ παιδίον ὀκτὼ ἡμερῶν περιτμηθήσεται ὑμῖν πᾶν ἀρσενικὸν εἰς τὰς γενεὰς ὑμῶν· ὁ οἰκογενὴς τῆς οἰκίας σου καὶ ὁ ἀργυρώνητος ἀπὸ παντὸς υἱοῦ ἀλλοτρίου, ὃς οὐκ ἔστιν ἐκ τοῦ σπέρματός σου,",31,ܘܒܪ ܬܡܢܝܐ ܝܘܡ̈ܝܢ ܢܓܙܘܪ ܡܢܟܘܢ ܟܠ ܕܟܪܐ ܠܕܪ̈ܝܟܘܢ. ܝܠܝܕ ܒܝܬܐ ܘܙܒܝܢ ܟܣܦܐ. ܡܢ ܟܠ ܒܪ ܢܘܟܪ̈ܝܐ ܕܠܐ ܗܘ̣ܐ ܡܢ ܙܪܥܟ.,20,"À idade de oito dias, todo varão dentre vós será circuncidado, por todas as vossas gerações, tanto o nascido em casa como o comprado por dinheiro a qualquer estrangeiro, que não for da tua linhagem.",35,True,True,True
17,13,Gênesis 17:13,הִמּ֧וֹל ׀ יִמּ֛וֹל יְלִ֥יד בֵּֽיתְךָ֖ וּמִקְנַ֣ת כַּסְפֶּ֑ךָ וְהָיְתָ֧ה בְרִיתִ֛י בִּבְשַׂרְכֶ֖ם לִבְרִ֥ית עוֹלָֽם ׃,המול ימול יליד ביתכ ומקנת כספכ והיתה בריתי בבשרכמ לברית עולמ,13,אתגזרא יתגזרון יליד ביתך וזבין כספך ותהי קימי בבשריכון לקים עלם:,11,"περιτομῇ περιτμηθήσεται, ὁ οἰκογενὴς τῆς οἰκίας σου καὶ ὁ ἀργυρώνητος. καὶ ἔσται ἡ διαθήκη μου ἐπὶ τῆς σαρκὸς ὑμῶν εἰς διαθήκην αἰώνιον.",22,ܡܓܙܪ ܢܓܙܘܪ. ܝܠܝܕ ܒܝܬܟ ܘܙܒܝܢ ܟܣܦܟ. ܘܢܗܘܐ ܩܝܡܝ ܒܒܣܪܟܘܢ ܠܩܝܡܐ ܕܠܥܠܡ.,11,"Com efeito será circuncidado o nascido em tua casa, e o comprado por teu dinheiro; assim estará o meu pacto na vossa carne como pacto perpétuo.",26,True,True,True
17,14,Gênesis 17:14,וְעָרֵ֣ל ׀ זָכָ֗ר אֲשֶׁ֤ר לֹֽא־ יִמּוֹל֙ אֶת־ בְּשַׂ֣ר עָרְלָת֔וֹ וְנִכְרְתָ֛ה הַנֶּ֥פֶשׁ הַהִ֖וא מֵעַמֶּ֑יהָ אֶת־ בְּרִיתִ֖י הֵפַֽר ׃ ס,וערל זכר אשר לא ימול את בשר ערלתו ונכרתה הנפש ההוא מעמיה את בריתי הפר ס,18,וערל דכורא די לא יגזר ית בשר ערלתיה וישתיצי אנשא ההיא מעמיה ית קימי אשני:,15,"καὶ ἀπερίτμητος ἄρσην, ὃς οὐ περιτμηθήσεται τὴν σάρκα τῆς ἀκροβυστίας αὐτοῦ τῇ ἡμέρᾳ τῇ ὀγδόῃ, ἐξολεθρευθήσεται ἡ ψυχὴ ἐκείνη ἐκ τοῦ γένους αὐτῆς· ὅτι τὴν διαθήκην μου διεσκέδασεν.",28,ܘܥܘܪܠܐ ܕܟܪܐ ܕܠܐ ܢܓܙܘܪ ܒܣܪܐ ܕܥܘܪܠܘܬܗ. ܬܐܒܕ ܢܦܫܐ ܗ̇ܝ ܡܢ ܥܡܗ̇. ܩܝܡܝ ܒ̇ܛܠܬ.,13,"Mas o incircunciso, que não se circuncidar na carne do prepúcio, essa alma será extirpada do seu povo; violou o meu pacto.",22,True,True,True
17,15,Gênesis 17:15,וַיֹּ֤אמֶר אֱלֹהִים֙ אֶל־ אַבְרָהָ֔ם שָׂרַ֣י אִשְׁתְּךָ֔ לֹא־ תִקְרָ֥א אֶת־ שְׁמָ֖הּ שָׂרָ֑י כִּ֥י שָׂרָ֖ה שְׁמָֽהּ ׃,ויאמר אלהימ אל אברהמ שרי אשתכ לא תקרא את שמה שרי כי שרה שמה,15,ואמר יי לאברהם שרי אתתך לא תקרי ית שמה שרי ארי שרה שמה:,13,"Εἶπεν δὲ ὁ θεὸς τῷ Ἀβραάμ Σάρα ἡ γυνή σου, οὐ κληθήσεται τὸ ὄνομα αὐτῆς Σάρα, ἀλλὰ Σάρρα ἔσται τὸ ὄνομα αὐτῆς·",22,ܘܐܡ̣ܪ ܐܠܗܐ ܠܐܒܪܗܡ. ܣܪܝ ܐܢܬܬܟ ܠܐ ܬܩܪܐ ܫܡܗ̇ ܣܪܝ. ܡܛܠ ܕܣܪܐ ܫܡܗ̇.,12,"Disse Deus a Abraão: Quanto a Sarai, tua, mulher, não lhe chamarás mais Sarai, porem Sara será o seu nome.",20,True,True,True
17,16,Gênesis 17:16,וּבֵרַכְתִּ֣י אֹתָ֔הּ וְגַ֨ם נָתַ֧תִּי מִמֶּ֛נָּה לְךָ֖ בֵּ֑ן וּבֵֽרַכְתִּ֨יהָ֙ וְהָֽיְתָ֣ה לְגוֹיִ֔ם מַלְכֵ֥י עַמִּ֖ים מִמֶּ֥נָּה יִהְיֽוּ ׃,וברכתי אתה וגמ נתתי ממנה לכ בנ וברכתיה והיתה לגוימ מלכי עמימ ממנה יהיו,15,ואברך יתה ואף אתן מנה לך בר ואברכנה ותהי לכנשין מלכין דשליטין בעממיא מנה יהון:,15,"εὐλογήσω δὲ αὐτήν, καὶ δώσω σοι ἐξ αὐτῆς τέκνον. καὶ εὐλογήσω αὐτόν, καὶ ἔσται εἰς ἔθνη, καὶ βασιλεῖς ἐθνῶν ἐξ αὐτοῦ ἔσονται.",22,ܘܐܒܪܟܝܗ̇ ܘܐܦ ܐܬܠ ܠܟ ܡܢܗ̇ ܒܪܐ. ܘܐܒܪܟܝܘܗܝ ܘܢܗܘܐ ܠܥܡ̈ܡܐ. ܘܡ̈ܠܟܐ ܕܥܡ̈ܡܐ ܡܢܗ ܢܗܘܘܢ.,13,"Abençoá-la-ei, e também dela te darei um filho; sim, abençoá-la-ei, e ela será mãe de nações; reis de povos sairão dela.",21,True,True,True
17,17,Gênesis 17:17,וַיִּפֹּ֧ל אַבְרָהָ֛ם עַל־ פָּנָ֖יו וַיִּצְחָ֑ק וַיֹּ֣אמֶר בְּלִבּ֗וֹ הַלְּבֶ֤ן מֵאָֽה־ שָׁנָה֙ יִוָּלֵ֔ד וְאִ֨ם־ שָׂרָ֔ה הֲבַת־ תִּשְׁעִ֥ים שָׁנָ֖ה תֵּלֵֽד ׃,ויפל אברהמ על פניו ויצחק ויאמר בלבו הלבנ מאה שנה יולד ואמ שרה הבת תשעימ שנה תלד,18,ונפל אברהם על אפוהי וחדי ואמר בלביה הלבר מאה שנין יהי ולד ואם שרה הבת תשעין שנין תליד:,18,"καὶ ἔπεσεν Ἀβραὰμ ἐπὶ πρόσωπον καὶ ἐγέλασεν καὶ εἶπεν ἐν τῇ διανοίᾳ αὐτοῦ λέγων Εἰ τῷ ἑκατονταετεῖ γενήσεται υἱός, καὶ εἰ Σάρρᾳ ἐνενήκοντα ἐτῶν γενήσεται;",25,ܘܢܦ̣ܠ ܐܒܪܗܡ ܥܠ ܐ̈ܦܘܗܝ ܘܓܚܟ. ܘܐܡ̣ܪ ܒܠܒܗ. ܠܒܪ ܡܐܐ ܫܢܝ̈ܢ ܢܬܝܠܕ ܒܪܐ. ܐܘ ܣܪܐ ܒܪܬ ܬܫܥܝܢ ܫ̈ܢܝܢ ܬܐܠܕ.,18,"Ao que se prostrou Abraão com o rosto em terra, e riu-se, e disse no seu coração: A um homem de cem anos há de nascer um filho? Dará à luz Sara, que tem noventa anos?",36,True,True,True
17,18,Gênesis 17:18,וַיֹּ֥אמֶר אַבְרָהָ֖ם אֶל־ הָֽאֱלֹהִ֑ים ל֥וּ יִשְׁמָעֵ֖אל יִחְיֶ֥ה לְפָנֶֽיךָ ׃,ויאמר אברהמ אל האלהימ לו ישמעאל יחיה לפניכ,9,ואמר אברהם קדם יי לוי ישמעאל יתקים קדמך:,8,εἶπεν δὲ Ἀβραὰμ πρὸς τὸν θεόν Ἰσμαὴλ οὗτος ζήτω ἐναντίον σου.,11,ܘܐܡ̣ܪ ܐܒܪܗܡ ܠܐܠܗܐ. ܐܫܬܘܦ ܕܝܢ ܐܫܡܥܝܠ ܢܚ̣ܐ ܩܕܡܝܟ.,8,Depois disse Abraão a Deus: Oxalá que viva Ismael diante de ti!,12,True,True,True
17,19,Gênesis 17:19,וַיֹּ֣אמֶר אֱלֹהִ֗ים אֲבָל֙ שָׂרָ֣ה אִשְׁתְּךָ֗ יֹלֶ֤דֶת לְךָ֙ בֵּ֔ן וְקָרָ֥אתָ אֶת־ שְׁמ֖וֹ יִצְחָ֑ק וַהֲקִמֹתִ֨י אֶת־ בְּרִיתִ֥י אִתּ֛וֹ לִבְרִ֥ית עוֹלָ֖ם לְזַרְע֥וֹ אַחֲרָֽיו ׃,ויאמר אלהימ אבל שרה אשתכ ילדת לכ בנ וקראת את שמו יצחק והקמתי את בריתי אתו לברית עולמ לזרעו אחריו,21,ואמר יי בקושטא שרה אתתך תליד לך בר ותקרי ית שמיה יצחק ואקים ית קימי עמיה לקים עלם לבנוהי בתרוהי:,20,"εἶπεν δὲ ὁ θεὸς πρὸς Ἀβραάμ Ναί· ἰδοὺ Σάρρα ἡ γυνή σου τέξεταί σοι υἱόν, καὶ καλέσεις τὸ ὄνομα αὐτοῦ Ἰσαάκ· καὶ στήσω τὴν διαθήκην μου πρὸς αὐτὸν εἰς διαθήκην αἰώνιον, καὶ τῷ σπέρματι αὐτοῦ μετ᾽ αὐτόν.",37,ܘܐܡ̣ܪ ܐܠܗܐ ܠܐܒܪܗܡ ܫܪܝܪܐܝܬ ܣܪܐ ܐܢܬܬܟ ܝܠܕܐ ܠܟ ܒܪܐ. ܘܩ̇ܪܐ ܐܢܬ ܫܡܗ ܐܝܣܚܩ. ܘܐܩܝܡ ܩܝܡܝ ܥܡܗ ܠܩܝܡܐ ܕܠܥܠܡ. ܘܠܙܪܥܗ ܡܢ ܒܬܪܗ.,21,"E Deus lhe respondeu: Na verdade, Sara, tua mulher, te dará à luz um filho, e lhe chamarás Isaque; com ele estabelecerei o meu pacto como pacto perpétuo para a sua descendência depois dele.",34,True,True,True
17,20,Gênesis 17:20,וּֽלְיִשְׁמָעֵ֘אל שְׁמַעְתִּיךָ֒ הִנֵּ֣ה ׀ בֵּרַ֣כְתִּי אֹת֗וֹ וְהִפְרֵיתִ֥י אֹת֛וֹ וְהִרְבֵּיתִ֥י אֹת֖וֹ בִּמְאֹ֣ד מְאֹ֑ד שְׁנֵים־ עָשָׂ֤ר נְשִׂיאִם֙ יוֹלִ֔יד וּנְתַתִּ֖יו לְג֥וֹי גָּדֽוֹל ׃,ולישמעאל שמעתיכ הנה ברכתי אתו והפריתי אתו והרביתי אתו במאד מאד שנימ עשר נשיאמ יוליד ונתתיו לגוי גדול,20,ועל ישמעאל קבלית צלותך הא ברכית יתיה ואפש יתיה ואסגי יתיה לחדא לחדא תרין עשר רברביא יליד ואתנניה לעם סגי:,20,"περὶ δὲ Ἰσμαὴλ ἰδοὺ ἐπήκουσά σου· καὶ εὐλόγησα αὐτόν, καὶ αὐξανῶ αὐτὸν καὶ πληθυνῶ αὐτὸν σφόδρα· δώδεκα ἔθνη γεννήσει, καὶ δώσω αὐτὸν εἰς ἔθνος μέγα.",25,ܘܥܠ ܐܝܫܡܥܝܠ ܫܡܥܬܟ. ܗܐ ܒܪܟܬܗ ܘܐܣܓܝܬܗ. ܘܐܟܒܪܬܗ ܛܒ ܛܒ. ܬܪܥܣܪ̈ ܪ̈ܘܪܒܢܝܢ ܢܘܠܕ ܘܐܬܠܝܘܗܝ ܠܥܡܐ ܪܒܐ.,15,"E quanto a Ismael, também te tenho ouvido; eis que o tenho abençoado, e fá-lo-ei frutificar, e multiplicá-lo-ei grandissimamente; doze príncipes gerará, e dele farei uma grande nação.",28,True,True,True
17,21,Gênesis 17:21,וְאֶת־ בְּרִיתִ֖י אָקִ֣ים אֶת־ יִצְחָ֑ק אֲשֶׁר֩ תֵּלֵ֨ד לְךָ֤ שָׂרָה֙ לַמּוֹעֵ֣ד הַזֶּ֔ה בַּשָּׁנָ֖ה הָאַחֶֽרֶת ׃,ואת בריתי אקימ את יצחק אשר תלד לכ שרה למועד הזה בשנה האחרת,14,וית קימי אקים עם יצחק די תליד לך שרה לזמנא הדין בשתא אחרנתא:,13,"τὴν δὲ διαθήκην μου στήσω πρὸς Ἰσαάκ, ὃν τέξεταί σοι Σάρρα εἰς τὸν καιρὸν τοῦτον ἐν τῷ ἐνιαυτῷ τῷ ἑτέρῳ.",20,ܘܩܝܡܝ ܐܩܝܡ ܥܡ ܐܝܣܚܩ. ܕܬܐܠܕ ܠܟ ܣܪܐ ܠܙܒܢܐ ܗܢܐ ܠܫܢܬܐ ܐܚܪܬܐ.,11,"O meu pacto, porém, estabelecerei com Isaque, que Sara te dará à luz neste tempo determinado, no ano vindouro.",19,True,True,True
17,22,Gênesis 17:22,וַיְכַ֖ל לְדַבֵּ֣ר אִתּ֑וֹ וַיַּ֣עַל אֱלֹהִ֔ים מֵעַ֖ל אַבְרָהָֽם ׃,ויכל לדבר אתו ויעל אלהימ מעל אברהמ,8,ושיצי למללא עמיה ואסתלק יקרא דיי מעלווהי דאברהם:,8,"συνετέλεσεν δὲ λαλῶν πρὸς αὐτόν, καὶ ἀνέβη ὁ θεὸς ἀπὸ Ἀβραάμ.",11,ܘܟܕ ܫ̇ܠܡ ܠܡܡܠܠܘ ܥܡܗ. ܐܬܪܝܡ ܐܠܗܐ ܡܢ ܐܒܪܗܡ.,8,"Ao acabar de falar com Abraão, subiu Deus diante dele.",10,True,True,True
17,23,Gênesis 17:23,וַיִּקַּ֨ח אַבְרָהָ֜ם אֶת־ יִשְׁמָעֵ֣אל בְּנ֗וֹ וְאֵ֨ת כָּל־ יְלִידֵ֤י בֵיתוֹ֙ וְאֵת֙ כָּל־ מִקְנַ֣ת כַּסְפּ֔וֹ כָּל־ זָכָ֕ר בְּאַנְשֵׁ֖י בֵּ֣ית אַבְרָהָ֑ם וַיָּ֜מָל אֶת־ בְּשַׂ֣ר עָרְלָתָ֗ם בְּעֶ֨צֶם֙ הַיּ֣וֹם הַזֶּ֔ה כַּאֲשֶׁ֛ר דִּבֶּ֥ר אִתּ֖וֹ אֱלֹהִֽים ׃,ויקח אברהמ את ישמעאל בנו ואת כל ילידי ביתו ואת כל מקנת כספו כל זכר באנשי בית אברהמ וימל את בשר ערלתמ בעצמ היומ הזה כאשר דבר אתו אלהימ,30,ודבר אברהם ית ישמעאל בריה וית כל ילידי ביתיה וית כל זביני כספיה כל דכורא באנשי בית אברהם וגזר ית בשרא דערלתהון בכרן יומא הדין כמא די מליל עמיה יי:,30,"Καὶ ἔλαβεν Ἀβραὰμ Ἰσμαὴλ τὸν υἱὸν αὐτοῦ καὶ πάντας τοὺς οἰκογενεῖς αὐτοῦ καὶ πάντας τοὺς ἀργυρωνήτους καὶ πᾶν ἄρσεν τῶν ἀνδρῶν τῶν ἐν τῷ οἴκῳ Ἀβραάμ, καὶ περιέτεμεν τὰς ἀκροβυστίας αὐτῶν ἐν τῷ καιρῷ τῆς ἡμέρας ἐκείνης, καθὰ ἐλάλησεν αὐτῷ ὁ θεός.",42,ܘܕܒ̣ܪ ܐܒܪܗܡ ܠܐܝܫܡܥܝܠ ܒܪܗ. ܘܠܟܠ ܝ̈ܠܝܕܝ ܒܝܬܗ ܘܠܟܠ ܙܒܝܢ̈ܝ ܟܣܦܗ. ܟܠ ܕܟܪܐ ܒܐܢܫ̈ܝ ܒܝܬ ܐܒܪܗܡ. ܘܓܙ̣ܪ ܒܣܪܐ ܕܥܘܪܠܘܬܗܘܢ ܒܗ ܒܝܘܡܐ ܗܢܐ. ܐܝܟ ܕܡܠܠ ܥܡܗ ܐܠܗܐ.,25,"Logo tomou Abraão a seu filho Ismael, e a todos os nascidos na sua casa e a todos os comprados por seu dinheiro, todo varão entre os da casa de Abraão, e lhes circuncidou a carne do prepúcio, naquele mesmo dia, como Deus lhe ordenara.",45,True,True,True
17,24,Gênesis 17:24,וְאַ֨בְרָהָ֔ם בֶּן־ תִּשְׁעִ֥ים וָתֵ֖שַׁע שָׁנָ֑ה בְּהִמֹּל֖וֹ בְּשַׂ֥ר עָרְלָתֽוֹ ׃,ואברהמ בנ תשעימ ותשע שנה בהמלו בשר ערלתו,9,ואברהם בר תשעין ותשע שנין כד גזר בשרא דערלתיה:,9,"Ἀβραὰμ δὲ ἦν ἐνενήκοντα ἐννέα ἐτῶν, ἡνίκα περιέτεμεν τὴν σάρκα τῆς ἀκροβυστίας αὐτοῦ·",13,ܘܐܒܪܗܡ ܒܪ ܬܫܥܝܢ ܗܘܐ ܘܬܫܥ ܫ̈ܢܝܢ. ܟܕ ܓܙܪ ܒܣܪܐ ܕܥܘܪܠܘܬܗ.,10,"Abraão tinha noventa e nove anos, quando lhe foi circuncidada a carne do prepúcio;",14,True,True,True
17,25,Gênesis 17:25,וְיִשְׁמָעֵ֣אל בְּנ֔וֹ בֶּן־ שְׁלֹ֥שׁ עֶשְׂרֵ֖ה שָׁנָ֑ה בְּהִ֨מֹּל֔וֹ אֵ֖ת בְּשַׂ֥ר עָרְלָתֽוֹ ׃,וישמעאל בנו בנ שלש עשרה שנה בהמלו את בשר ערלתו,11,וישמעאל בריה בר תלת עשרי שנין כד גזר ית בשרא דערלתיה:,11,"Ἰσμαὴλ δὲ ὁ υἱὸς αὐτοῦ ἐτῶν δέκα τριῶν ἦν, ἡνίκα περιετμήθη τὴν σάρκα τῆς ἀκροβυστίας αὐτοῦ.",16,ܘܐܝܫܡܥܝܠ ܒܪܗ ܒܪ ܬܠܬܥܣܪܐ ܗܘܐ ܫ̈ܢܝ̣ܢ. ܟܕ ܓܙܪ ܒܣܪܐ ܕܥܘܪܠܘܬܗ.,10,"E Ismael, seu filho, tinha treze anos, quando lhe foi circuncidada a carne do prepúcio.",15,True,True,True
17,26,Gênesis 17:26,בְּעֶ֨צֶם֙ הַיּ֣וֹם הַזֶּ֔ה נִמּ֖וֹל אַבְרָהָ֑ם וְיִשְׁמָעֵ֖אל בְּנֽוֹ ׃,בעצמ היומ הזה נמול אברהמ וישמעאל בנו,8,בכרן יומא הדין אתגזר אברהם וישמעאל בריה:,7,ἐν τῷ καιρῷ τῆς ἡμέρας ἐκείνης περιετμήθη Ἀβραὰμ καὶ Ἰσμαὴλ ὁ υἱὸς αὐτοῦ·,13,ܒܗ ܒܝܘܡܐ ܗܢܐ. ܓܙܪ ܐܒܪܗܡ ܠܐܝܫܡܥܝܠ ܒܪܗ.,7,No mesmo dia foram circuncidados Abraão e seu filho Ismael.,10,True,True,True
17,27,Gênesis 17:27,וְכָל־ אַנְשֵׁ֤י בֵיתוֹ֙ יְלִ֣יד בָּ֔יִת וּמִקְנַת־ כֶּ֖סֶף מֵאֵ֣ת בֶּן־ נֵכָ֑ר נִמֹּ֖לוּ אִתּֽוֹ ׃ פ,וכל אנשי ביתו יליד בית ומקנת כספ מאת בנ נכר נמלו אתו פ,14,וכל אנשי ביתיה ילידי ביתא וזביני כספא מן בר עממין אתגזרו עמיה:,12,"καὶ πάντες οἱ ἄνδρες τοῦ οἴκου αὐτοῦ καὶ οἱ οἰκογενεῖς καὶ οἱ ἀργυρώνητοι ἐξ ἀλλογενῶν ἐθνῶν, περιέτεμεν αὐτούς.",18,ܘܠܟܠܗܘܢ ܐܢܫ̈ܝ ܒܝܬܗ. ܝ̈ܠܝܕܝ ܒܝܬܗ ܘܙܒܝܢ̈ܝ ܟܣܦܗ. ܘܐܦ ܡܢ ܒܢ̈ܝ ܢܘܟܪ̈ܝܐ ܓܙܪ ܥܡܗ.,13,"E todos os homens da sua casa, assim os nascidos em casa, como os comprados por dinheiro ao estrangeiro, foram circuncidados com ele.",23,True,True,True
18,1,Gênesis 18:1,וַיֵּרָ֤א אֵלָיו֙ יְהוָ֔ה בְּאֵלֹנֵ֖י מַמְרֵ֑א וְה֛וּא יֹשֵׁ֥ב פֶּֽתַח־ הָאֹ֖הֶל כְּחֹ֥ם הַיּֽוֹם ׃,וירא אליו יהוה באלני ממרא והוא ישב פתח האהל כחמ היומ,12,ואתגלי ליה יי במשרי ממרא והוא יתב בתרע משכנא כמיחם יומא:,11,"Ὤφθη δὲ αὐτῷ ὁ θεὸς πρὸς τῇ δρυὶ τῇ Μαμβρή, καθημένου αὐτοῦ ἐπὶ τῆς θύρας τῆς σκηνῆς αὐτοῦ μεσημβρίας.",19,ܘܐܬܓܠܝ ܥܠܘܗܝ ܡܪܝܐ ܒܝܬ ܒܠܘܛܐ ܕܡܡܪܐ ܘܗ̣ܘ ܝܬ̇ܒ ܒܬܪܥܐ ܕܡܫܟܢܐ. ܟܕ ܚܡ ܝܘܡܐ.,13,"Depois apareceu o Senhor a Abraão junto aos carvalhos de Manre, estando ele sentado à porta da tenda, no maior calor do dia.",23,True,True,True
18,2,Gênesis 18:2,וַיִּשָּׂ֤א עֵינָיו֙ וַיַּ֔רְא וְהִנֵּה֙ שְׁלֹשָׁ֣ה אֲנָשִׁ֔ים נִצָּבִ֖ים עָלָ֑יו וַיַּ֗רְא וַיָּ֤רָץ לִקְרָאתָם֙ מִפֶּ֣תַח הָאֹ֔הֶל וַיִּשְׁתַּ֖חוּ אָֽרְצָה ׃,וישא עיניו וירא והנה שלשה אנשימ נצבימ עליו וירא וירצ לקראתמ מפתח האהל וישתחו ארצה,16,וזקף עינוהי וחזא והא תלתא גברין קימין עלווהי וחזא ורהט לקדמותהון מתרע משכנא וסגיד על ארעא:,16,"ἀναβλέψας δὲ τοῖς ὀφθαλμοῖς αὐτοῦ ἴδεν, καὶ ἰδοὺ τρεῖς ἄνδρες ἱστήκεισαν ἐπάνω αὐτοῦ. καὶ ἰδὼν προσέδραμεν εἰς συνάντησιν αὐτοῖς ἀπὸ τῆς θύρας τῆς σκηνῆς αὐτοῦ, καὶ ⸂⸆⸃ προσεκύνησεν ἐπὶ τὴν γῆν·",31,ܘܐܪܝܡ ܥܝܢ̈ܘܗܝ ܘܚ̣ܙܐ. ܘܗܐ ܬܠܬܐ ܓܒܪ̈ܝܢ ܩܝܡܝܢ ܠܥܠ ܡܢܗ. ܘܚ̣ܙܐ ܐܢܘܢ ܘܪܗܛ ܠܐܘܪܥܗܘܢ ܡܢ ܬܪܥܐ ܕܡܫܟܢܐ. ܘܣܓ̣ܕ ܥܠ ܐܪܥܐ.,19,"Levantando Abraão os olhos, olhou e eis três homens de pé em frente dele. Quando os viu, correu da porta da tenda ao seu encontro, e prostrou-se em terra,",29,True,True,True
18,3,Gênesis 18:3,וַיֹּאמַ֑ר אֲדֹנָ֗י אִם־ נָ֨א מָצָ֤אתִי חֵן֙ בְּעֵינֶ֔יךָ אַל־ נָ֥א תַעֲבֹ֖ר מֵעַ֥ל עַבְדֶּֽךָ ׃,ויאמר אדני אמ נא מצאתי חנ בעיניכ אל נא תעבר מעל עבדכ,13,ואמר יי אם כען אשכחית רחמין קדמך לא כען תעבר מעל עבדך:,12,"καὶ εἶπεν Κύριε, εἰ ἄρα εὗρον χάριν ἐναντίον σου, μὴ παρέλθῃς τὸν παῖδά σου.",14,ܘܐܡ̣ܪ ܡܪܝܐ ܐܢ ܐܫ̇ܟܚܬ ܪ̈ܚܡܐ ܒܥܝܢ̈ܝܟ. ܠܐ ܬܥܒܪ ܡܢ ܥܒ̣ܕܟ.,10,"e disse: Meu Senhor, se agora tenho achado graça aos teus olhos, rogo-te que não passes de teu servo.",19,True,True,True
18,4,Gênesis 18:4,יֻקַּֽח־ נָ֣א מְעַט־ מַ֔יִם וְרַחֲצ֖וּ רַגְלֵיכֶ֑ם וְהִֽשָּׁעֲנ֖וּ תַּ֥חַת הָעֵֽץ ׃,יקח נא מעט מימ ורחצו רגליכמ והשענו תחת העצ,10,יסבון כען זעיר מיא ואסחו רגליכון ואסתמיכו תחות אילנא:,9,"λημφθήτω δὴ ὕδωρ, καὶ νιψάτω τοὺς πόδας ὑμῶν· καὶ καταψύξατε ὑπὸ τὸ δένδρον.",13,ܐܣܒ ܩܠܝܠ ܡ̈ܝܐ ܘܐܫܝܓܘ ܪ̈ܓܠܝܟܘܢ. ܘܐܣܬܡܟܘ ܬܚܝܬ ܐܝܠܢܐ.,8,"Eia, traga-se um pouco d&#x27;água, e lavai os pés e recostai-vos debaixo da árvore;",14,True,True,True
18,5,Gênesis 18:5,וְאֶקְחָ֨ה פַת־ לֶ֜חֶם וְסַעֲד֤וּ לִבְּכֶם֙ אַחַ֣ר תַּעֲבֹ֔רוּ כִּֽי־ עַל־ כֵּ֥ן עֲבַרְתֶּ֖ם עַֽל־ עַבְדְּכֶ֑ם וַיֹּ֣אמְר֔וּ כֵּ֥ן תַּעֲשֶׂ֖ה כַּאֲשֶׁ֥ר דִּבַּֽרְתָּ ׃,ואקחה פת לחמ וסעדו לבכמ אחר תעברו כי על כנ עברתמ על עבדכמ ויאמרו כנ תעשה כאשר דברת,19,ואסב פתא דלחמא וסעידו לבכון בתר כן תעברון ארי על כן עברתון על עבדכון ואמרו כן תעביד כמא די מללתא:,20,"καὶ λήμψομαι ἄρτον, καὶ φάγεσθε· καὶ μετὰ τοῦτο παρελεύσεσθε εἰς τὴν ὁδὸν ὑμῶν, οὗ εἵνεκεν ἐξεκλίνατε πρὸς τὸν παῖδα ὑμῶν. καὶ εἶπεν Οὕτως ποίησον καθὼς εἴρηκας.",26,ܘܣܒܘ ܦܬܬܐ ܕܠܚܡܐ ܘܣܡܘܟܘ ܠܒܟܘܢ. ܘܒܬܪ ܟܝܢ ܬܥܒܪܘܢ. ܡܛܠ ܕܗܟܢܐ ܥܒܪܬܘܢ ܥܠ ܥܒܕܟܘܢ. ܘܐܡܪܘ. ܗܟܢܐ ܬܥܒܕ ܐܝܟ ܕܐܡ̣ܪܬ.,18,"e trarei um bocado de pão; refazei as vossas forças, e depois passareis adiante; porquanto por isso chegastes ate o vosso servo. Responderam-lhe: Faze assim como disseste.",27,True,True,True
18,6,Gênesis 18:6,וַיְמַהֵ֧ר אַבְרָהָ֛ם הָאֹ֖הֱלָה אֶל־ שָׂרָ֑ה וַיֹּ֗אמֶר מַהֲרִ֞י שְׁלֹ֤שׁ סְאִים֙ קֶ֣מַח סֹ֔לֶת ל֖וּשִׁי וַעֲשִׂ֥י עֻגֽוֹת ׃,וימהר אברהמ האהלה אל שרה ויאמר מהרי שלש סאימ קמח סלת לושי ועשי עגות,15,ואוחי אברהם למשכנא לות שרה ואמר אוחא תלת סאין קמחא דסלתא לושי ועבידי גריצן:,14,καὶ ἔσπευσεν Ἀβραὰμ ἐπὶ τὴν σκηνὴν πρὸς Σάρραν καὶ εἶπεν αὐτῇ Σπεῦσον καὶ φύρασον τρία μέτρα σεμιδάλεως καὶ ποίησον ἐγκρυφίας.,20,ܘܐܣܬܪܗܒ ܐܒܪܗܡ. ܘܪܗܛ ܠܡܫܟܢܐ ܠܘܬ ܣܪܐ ܘܐܡ̣ܪ. ܒܥܓܠ ܬܠܬ ܣܐ̈ܝܢ ܩܡܚܐ ܢܫܝܦܐ. ܠܘܫܝ ܘܥܒܕܝ ܪܥܦܐ.,15,"Abraão, pois, apressou-se em ir ter com Sara na tenda, e disse-lhe: Amassa depressa três medidas de flor de farinha e faze bolos.",23,True,True,True
18,7,Gênesis 18:7,וְאֶל־ הַבָּקָ֖ר רָ֣ץ אַבְרָהָ֑ם וַיִּקַּ֨ח בֶּן־ בָּקָ֜ר רַ֤ךְ וָטוֹב֙ וַיִּתֵּ֣ן אֶל־ הַנַּ֔עַר וַיְמַהֵ֖ר לַעֲשׂ֥וֹת אֹתֽוֹ ׃,ואל הבקר רצ אברהמ ויקח בנ בקר רכ וטוב ויתנ אל הנער וימהר לעשות אתו,16,ולות תורי רהט אברהם ודבר בר תורי רכיך וטב ויהב לעולמא ואוחי למעבד יתיה:,14,"καὶ εἰς τὰς βόας ἔδραμεν Ἀβραάμ, καὶ ἔλαβον μοσχάριον ἁπαλὸν καὶ καλόν, καὶ ἔδωκεν τῷ παιδί, καὶ ἐτάχυνεν τοῦ ποιῆσαι αὐτό.",21,ܘܠܒܩܪܐ ܪܗܛ ܐܒܪܗܡ. ܘܢܣ̣ܒ ܥܓܠܐ ܚܕ ܕܫܡܝܢ ܘܛܒ. ܘܝܗܒܗ ܠܛܠܝܐ ܘܣܪܗܒ ܕܢܥܒܕܝܘܗܝ.,12,"Em seguida correu ao gado, apanhou um bezerro tenro e bom e deu-o ao criado, que se apressou em prepará-lo.",20,True,True,True
18,8,Gênesis 18:8,וַיִּקַּ֨ח חֶמְאָ֜ה וְחָלָ֗ב וּבֶן־ הַבָּקָר֙ אֲשֶׁ֣ר עָשָׂ֔ה וַיִּתֵּ֖ן לִפְנֵיהֶ֑ם וְהֽוּא־ עֹמֵ֧ד עֲלֵיהֶ֛ם תַּ֥חַת הָעֵ֖ץ וַיֹּאכֵֽלוּ ׃,ויקח חמאה וחלב ובנ הבקר אשר עשה ויתנ לפניהמ והוא עמד עליהמ תחת העצ ויאכלו,16,ונסיב שמן וחלב ובר תורי די עבד ויהב קדמיהון והוא משמש עלויהון תחות אילנא ואכלו:,15,"ἔλαβεν δὲ βούτυρον καὶ γάλα καὶ τὸ μοσχάριον ὃ ἐποίησεν, καὶ παρέθηκεν αὐτοῖς, καὶ ἐφάγοσαν· αὐτὸς δὲ παριστήκει αὐτοῖς ὑπὸ τὸ δένδρον.",22,ܘܢܣ̣ܒ ܚܐܘܬܐ ܘܚܠܒܐ ܘܥܓܠܐ ܕܥܒ̣ܕ ܘܣܡ ܩܕܡܝܗܘܢ. ܘܗ̣ܘ ܩܐܡ ܠܥܠ ܡܢܗܘܢ ܬܚܝܬ ܐܝܠܢܐ ܘܐܟܠܘ.,14,"Então tomou queijo fresco, e leite, e o bezerro que mandara preparar, e pôs tudo diante deles, ficando em pé ao lado deles debaixo da árvore, enquanto comiam.",28,True,True,True
18,9,Gênesis 18:9,וַיֹּאמְר֣וּ אֵׄלָׄ֔יׄוׄ אַיֵּ֖ה שָׂרָ֣ה אִשְׁתֶּ֑ךָ וַיֹּ֖אמֶר הִנֵּ֥ה בָאֹֽהֶל ׃,ויאמרו אליו איה שרה אשתכ ויאמר הנה באהל,9,ואמרו ליה אן שרה אתתך ואמר הא במשכנא:,8,εἶπεν δὲ πρὸς αὐτόν Ποῦ Σάρρα ἡ γυνή σου; ὁ δὲ ἀποκριθεὶς εἶπεν Ἰδοὺ ἐν τῇ σκηνῇ.,17,ܘܐܡܪܘ ܠܗ. ܐܝܟܐ ܗܝ ܣܪܐ ܐܢܬܬܟ. ܘܐܡ̣ܪ ܗܐ ܒܡܫܟܢܐ.,9,"Perguntaram-lhe eles: Onde está Sara, tua mulher? Ele respondeu: Está ali na tenda.",13,True,True,True
18,10,Gênesis 18:10,וַיֹּ֗אמֶר שׁ֣וֹב אָשׁ֤וּב אֵלֶ֨יךָ֙ כָּעֵ֣ת חַיָּ֔ה וְהִנֵּה־ בֵ֖ן לְשָׂרָ֣ה אִשְׁתֶּ֑ךָ וְשָׂרָ֥ה שֹׁמַ֛עַת פֶּ֥תַח הָאֹ֖הֶל וְה֥וּא אַחֲרָֽיו ׃,ויאמר שוב אשוב אליכ כעת חיה והנה בנ לשרה אשתכ ושרה שמעת פתח האהל והוא אחריו,17,ואמר מתב אתוב לותך כעדן דאתון קימין והא בר לשרה אתתך ושרה שמעת בתרע משכנא והוא אחורוהי:,17,"εἶπεν δέ Ἐπαναστρέφων ἣξω πρὸς σὲ κατὰ τὸν καιρὸν τοῦτον εἰς ὣρας, καὶ ἕξει υἱὸν Σάρρα ἡ γυνή σου. Σάρρα δὲ ἤκουσεν πρὸς τῇ θύρᾳ τῆς σκηνῆς, οὖσα ὄπισθεν αὐτοῦ.",30,ܘܐܡ̣ܪ ܠܗ ܡܗܦܟ ܐܗܦܘܟ ܠܘܬܟ ܠܙܒܢܐ ܗܢܐ ܟܕ ܗ̣ܝ ܚܝܐ. ܘܢܗܘܐ ܒܪܐ ܠܣܪܐ ܐܢܬܬܟ. ܘܣܪܐ ܫܡ̣ܥܬ ܒܬܪܥܐ ܕܡܫܟܢܐ. ܘܗ̣ܘ ܒܣܬܪܗ̇.,20,"E um deles lhe disse: certamente tornarei a ti no ano vindouro; e eis que Sara tua mulher terá um filho. E Sara estava escutando à porta da tenda, que estava atrás dele.",33,True,True,True
18,11,Gênesis 18:11,וְאַבְרָהָ֤ם וְשָׂרָה֙ זְקֵנִ֔ים בָּאִ֖ים בַּיָּמִ֑ים חָדַל֙ לִהְי֣וֹת לְשָׂרָ֔ה אֹ֖רַח כַּנָּשִֽׁים ׃,ואברהמ ושרה זקנימ באימ בימימ חדל להיות לשרה ארח כנשימ,11,ואברהם ושרה סיבו עלו ביומין פסק מלמהוי לשרה אורח כנשיא:,10,Ἀβραὰμ δὲ καὶ Σάρρα πρεσβύτεροι προβεβηκότες ἡμερῶν· ἐξέλειπεν δὲ Σάρρᾳ γίνεσθαι τὰ γυναίκια.,13,ܘܐܒܪܗܡ ܘܣܪܐ ܣܐܒܘ ܘܥܠܘ ܒܫܢ̈ܝܐ. ܥܒܪ ܡܢ ܕܠܡܗܘܐ ܠܣܪܐ ܐܘܪܚܐ ܕܢܫ̈ܐ.,11,"Ora, Abraão e Sara eram já velhos, e avançados em idade; e a Sara havia cessado o incômodo das mulheres.",20,True,True,True
18,12,Gênesis 18:12,וַתִּצְחַ֥ק שָׂרָ֖ה בְּקִרְבָּ֣הּ לֵאמֹ֑ר אַחֲרֵ֤י בְלֹתִי֙ הָֽיְתָה־ לִּ֣י עֶדְנָ֔ה וַֽאדֹנִ֖י זָקֵֽן ׃,ותצחק שרה בקרבה לאמר אחרי בלתי היתה לי עדנה ואדני זקנ,12,וחיכת שרה במעהה למימר בתר דסיבית הות לי עולימו ורבוני סיב:,11,ἐγέλασεν δὲ Σάρρα ἐν ἑαυτῇ λέγουσα Οὔπω μέν μοι γέγονεν ἕως τοῦ νῦν· ὁ δὲ κύριός μου πρεσβύτερος.,18,ܘܓܚ̣ܟܬ ܣܪܐ ܒܠܒܗ̇ ܘܐܡ̣ܪܬ. ܒܬܪ ܕܒ̇ܠܝܬ ܗܘܝܐ ܠܝ ܥܠܝܡܘܬܐ. ܘܡܪܝ ܣܐܒ.,11,"Sara então riu-se consigo, dizendo: Terei ainda deleite depois de haver envelhecido, sendo também o meu senhor já velho?",19,True,True,True
18,13,Gênesis 18:13,וַיֹּ֥אמֶר יְהוָ֖ה אֶל־ אַבְרָהָ֑ם לָ֣מָּה זֶּה֩ צָחֲקָ֨ה שָׂרָ֜ה לֵאמֹ֗ר הַאַ֥ף אֻמְנָ֛ם אֵלֵ֖ד וַאֲנִ֥י זָקַֽנְתִּי ׃,ויאמר יהוה אל אברהמ למה זה צחקה שרה לאמר האפ אמנמ אלד ואני זקנתי,15,ואמר יי לאברהם למא דנן חיכת שרה למימר הברם בקושטא אוליד ואנא סיבית:,13,καὶ εἶπεν Κύριος πρὸς Ἀβραάμ Ὅτι ἐγέλασεν Σάρρα ἐν ἑαυτῇ λέγουσα Ἆρά γε ἀληθῶς τέξομαι; ἐγὼ δὲ γεγήρακα.,18,ܘܐܡ̣ܪ ܡܪܝܐ ܠܐܒܪܗܡ. ܠܡܢܐ ܓܚ̣ܟܬ ܣܪܐ ܘܐܡ̣ܪܬ. ܫܪܝܪܐܝܬ ܐܠܕ ܐܢܐ ܕܣܐܒܬ.,11,"Perguntou o Senhor a Abraão: Por que se riu Sara, dizendo: É verdade que eu, que sou velha, darei à luz um filho?",23,True,True,True
18,14,Gênesis 18:14,הֲיִפָּלֵ֥א מֵיְהוָ֖ה דָּבָ֑ר לַמּוֹעֵ֞ד אָשׁ֥וּב אֵלֶ֛יךָ כָּעֵ֥ת חַיָּ֖ה וּלְשָׂרָ֥ה בֵֽן ׃,היפלא מיהוה דבר למועד אשוב אליכ כעת חיה ולשרה בנ,11,היתכסא מן קדם יי פתגמא לזמן אתוב לותך כעדן דאתון קימין ולשרה בר:,13,"μὴ ἀδυνατεῖ παρὰ τῷ θεῷ ῥῆμα; εἰς τὸν καιρὸν τοῦτον ἀναστρέψω πρὸς σὲ εἰς ὥρας, καὶ ἔσται τῇ Σάρρᾳ υἱός.",20,ܪܒܐ ܗܝ ܨܒܘܬܐ ܡܢ ܡܪܝܐ. ܕܠܙܒܢܐ ܗܢܐ ܐܗܦܘܟ ܠܘܬܟ ܟܕ ܗ̣ܝ ܚܝܐ. ܘܢܗܘܐ ܒܪܐ ܠܣܪܐ ܐܢܬܬܟ .,17,"Há, porventura, alguma coisa difícil ao Senhor? Ao tempo determinado, no ano vindouro, tornarei a ti, e Sara terá um filho.",21,True,True,True
18,15,Gênesis 18:15,וַתְּכַחֵ֨שׁ שָׂרָ֧ה ׀ לֵאמֹ֛ר לֹ֥א צָחַ֖קְתִּי כִּ֣י ׀ יָרֵ֑אָה וַיֹּ֥אמֶר ׀ לֹ֖א כִּ֥י צָחָֽקְתְּ ׃,ותכחש שרה לאמר לא צחקתי כי יראה ויאמר לא כי צחקת,15,וכדיבת שרה למימר לא חיכית ארי דחילת ואמר לא ברם חיכת:,11,"ἠρνήσατο δὲ Σάρρα λέγουσα Οὐκ ἐγέλασα· ἐφοβήθη γάρ. καὶ εἶπεν Οὐχί, ἀλλὰ ἐγέλασας.",13,ܘܟܦ̣ܪܬ ܣܪܐ ܘܐܡ̣ܪܬ. ܠܐ ܓܚ̇ܟܬ. ܡܛܠ ܕܕܚ̣ܠܬ. ܘܐܡ̣ܪ . ܠܐ ܒܪܡ ܓܚ̣ܟܬܝ.,12,"Então Sara negou, dizendo: Não me ri; porquanto ela teve medo. Ao que ele respondeu: Não é assim; porque te riste.",21,True,True,True
18,16,Gênesis 18:16,וַיָּקֻ֤מוּ מִשָּׁם֙ הָֽאֲנָשִׁ֔ים וַיַּשְׁקִ֖פוּ עַל־ פְּנֵ֣י סְדֹ֑ם וְאַ֨בְרָהָ֔ם הֹלֵ֥ךְ עִמָּ֖ם לְשַׁלְּחָֽם ׃,ויקמו משמ האנשימ וישקפו על פני סדמ ואברהמ הלכ עממ לשלחמ,12,וקמו מתמן גבריא ואסתכיאו על אפי סדום ואברהם אזל עמהון לאלוואיהון:,11,Ἐξαναστάντες δὲ ἐκεῖθεν οἱ ἄνδρες κατέβλεψαν ἐπὶ πρόσωπον Σοδόμων καὶ Γομόρρας· Ἀβραὰμ δὲ συνεπορεύετο μετ᾽ αὐτῶν συνπροπέμπων αὐτούς.,18,ܘܩܡܘ ܡܢ ܬܡܢ ܓܒܪ̈ܐ. ܘܚܪܘ ܠܐ̈ܦܝ ܣܕܘܡ. ܘܐܒܪܗܡ ܐܙ̣ܠ ܥܡܗܘܢ ܕܢܠܘܐ ܐܢܘܢ.,12,"E levantaram-se aqueles homens dali e olharam para a banda de Sodoma; e Abraão ia com eles, para os encaminhar.",20,True,True,True
18,17,Gênesis 18:17,וַֽיהֹוָ֖ה אָמָ֑ר הַֽמְכַסֶּ֤ה אֲנִי֙ מֵֽאַבְרָהָ֔ם אֲשֶׁ֖ר אֲנִ֥י עֹשֶֽׂה ׃,ויהוה אמר המכסה אני מאברהמ אשר אני עשה,9,ויי אמר המכסי אנא מאברהם די אנא עבד:,8,ὁ δὲ κύριος εἶπεν Μὴ κρύψω ἐγὼ ἀπὸ Ἀβραὰμ τοῦ παιδός μου ἃ ἐγὼ ποιῶ;,15,ܘܡܪܝܐ ܐܡ̣ܪ ܡܟܣ̇ܐ ܐܢܐ ܡܢ ܥܒܕܝ ܐܒܪܗܡ. ܡܕܡ ܕܥܒ̇ܕ ܐܢܐ.,10,"E disse o Senhor: Ocultarei eu a Abraão o que faço,",11,True,True,True
18,18,Gênesis 18:18,וְאַ֨בְרָהָ֔ם הָי֧וֹ יִֽהְיֶ֛ה לְג֥וֹי גָּד֖וֹל וְעָצ֑וּם וְנִ֨בְרְכוּ ב֔וֹ כֹּ֖ל גּוֹיֵ֥י הָאָֽרֶץ ׃,ואברהמ היו יהיה לגוי גדול ועצומ ונברכו בו כל גויי הארצ,12,ואברהם מהוה יהוי לעם סגי ותקיף ויתברכון בדיליה כל עממי ארעא:,11,"Ἀβραὰμ δὲ γινόμενος ἔσται εἰς ἔθνος μέγα καὶ πολύ, καὶ ἐνευλογηθήσονται ἐν αὐτῷ πάντα τὰ ἔθνη τῆς γῆς.",18,ܘܐܒܪܗܡ ܡܗܘܐ ܢܗܘܐ ܠܥܡܐ ܪܒܐ ܘܣܓܝܐܐ. ܘܢܬܒܪܟܘܢ ܒܗ ܟܠܗܘܢ ܥܡ̈ܡܐ ܕܐܪܥܐ.,11,"visto que Abraão certamente virá a ser uma grande e poderosa nação, e por meio dele serão benditas todas as nações da terra?",23,True,True,True
18,19,Gênesis 18:19,כִּ֣י יְדַעְתִּ֗יו לְמַעַן֩ אֲשֶׁ֨ר יְצַוֶּ֜ה אֶת־ בָּנָ֤יו וְאֶת־ בֵּיתוֹ֙ אַחֲרָ֔יו וְשָֽׁמְרוּ֙ דֶּ֣רֶךְ יְהוָ֔ה לַעֲשׂ֥וֹת צְדָקָ֖ה וּמִשְׁפָּ֑ט לְמַ֗עַן הָבִ֤יא יְהוָה֙ עַל־ אַבְרָהָ֔ם אֵ֥ת אֲשֶׁר־ דִּבֶּ֖ר עָלָֽיו ׃,כי ידעתיו למענ אשר יצוה את בניו ואת ביתו אחריו ושמרו דרכ יהוה לעשות צדקה ומשפט למענ הביא יהוה על אברהמ את אשר דבר עליו,26,ארי גלי קדמי בדיל די יפקד ית בנוהי וית אנש ביתיה בתרוהי ויטרון ארחן דתקנן קדם יי למעבד צדקתא ודינא בדיל איתי יי על אברהם ית דמלל עלוהי:,28,"ᾔδειν γὰρ ὅτι συντάξει τοῖς υἱοῖς αὐτοῦ καὶ τῷ οἴκῳ αὐτοῦ μεθ᾽ ἑαυτόν, καὶ φυλάξουσιν τὰς ὁδοὺς Κυρίου ποιεῖν δικαιοσύνην καὶ κρίσιν, ὅπως ἂν ἐπαγάγῃ Κύριος ἐπὶ Ἀβραὰμ πάντα ὅσα ἐλάλησεν ἐπ᾽ αὐτόν.",33,ܡܛܠ ܕܝܕܥ̇ ܐܢܐ ܠܗ ܕܡܦܩ̇ܕ ܠܒܢ̈ܘܗܝ ܘܠܒ̈ܢܝ ܒܝܬܗ. ܡܢ ܒܬܪܗ ܕܢܛܪܘܢ ܐܘܪ̈ܚܬܗ ܕܡܪܝܐ ܠܡܥܒܕ ܙܕܝܩܘܬܐ ܘܕܝܢ̣ܐ. ܡܛܠ ܕܢܝܬܐ ܡܪܝܐ ܥܠ ܐܒܪܗܡ ܡܕܡ ܕܐܡ̣ܪ ܥܠܘܗܝ.,24,"Porque eu o tenho escolhido, a fim de que ele ordene a seus filhos e a sua casa depois dele, para que guardem o caminho do Senhor, para praticarem retidão e justiça; a fim de que o Senhor faça vir sobre Abraão o que a respeito dele tem falado.",49,True,True,True
18,20,Gênesis 18:20,וַיֹּ֣אמֶר יְהוָ֔ה זַעֲקַ֛ת סְדֹ֥ם וַעֲמֹרָ֖ה כִּי־ רָ֑בָּה וְחַ֨טָּאתָ֔ם כִּ֥י כָבְדָ֖ה מְאֹֽד ׃,ויאמר יהוה זעקת סדמ ועמרה כי רבה וחטאתמ כי כבדה מאד,12,ואמר יי קבלת דסדום ועמורה ארי סגיאת וחובתהון ארי תקיפת לחדא:,11,"εἶπεν δὲ Κύριος Κραυγὴ Σοδόμων καὶ Γομόρρας πεπλήθυνται, καὶ αἱ ἁμαρτίαι αὐτῶν μεγάλαι σφόδρα.",14,ܘܐܡ̣ܪ ܡܪܝܐ. ܓܥܬܐ ܕܣܕܘܡ ܘܕܥܡܘܪܐ ܥܠ̣ܬ ܩܕܡܝ . ܘܚ̈ܛܗܝܗܘܢ ܛܒ ܥܫܢܘ.,11,"Disse mais o Senhor: Porquanto o clamor de Sodoma e Gomorra se tem multiplicado, e porquanto o seu pecado se tem agravado muito,",23,True,True,True
18,21,Gênesis 18:21,אֵֽרֲדָה־ נָּ֣א וְאֶרְאֶ֔ה הַכְּצַעֲקָתָ֛הּ הַבָּ֥אָה אֵלַ֖י עָשׂ֣וּ ׀ כָּלָ֑ה וְאִם־ לֹ֖א אֵדָֽעָה ׃,ארדה נא ואראה הכצעקתה הבאה אלי עשו כלה ואמ לא אדעה,13,אתגלי כען ואדון הכי קבלתהון דעלת לקדמי עבדו אעבד עמהון גמירא ואם תיבין לא אתפרע:,15,"καταβὰς οὖν ὄψομαι εἰ κατὰ τὴν κραυγὴν αὐτῶν τὴν ἐρχομένην πρὸς μὲ συντελοῦνται· εἰ δὲ μή, ἵνα γνῶ.",18,ܐܚܘܬ ܐܚܙܐ ܐܢ ܐܝܟ ܓܥܬܐ ܕܥܠ̣ܬ ܠܘܬܝ ܥܒܕܘ ܘܫܡܠܝܘ. ܘܐܠܐ ܐܕܥ.,11,"descerei agora, e verei se em tudo têm praticado segundo o seu clamor, que a mim tem chegado; e se não, sabê-lo-ei.",22,True,True,True
18,22,Gênesis 18:22,וַיִּפְנ֤וּ מִשָּׁם֙ הָֽאֲנָשִׁ֔ים וַיֵּלְכ֖וּ סְדֹ֑מָה וְאַ֨בְרָהָ֔ם עוֹדֶ֥נּוּ עֹמֵ֖ד לִפְנֵ֥י יְהוָֽה ׃,ויפנו משמ האנשימ וילכו סדמה ואברהמ עודנו עמד לפני יהוה,11,ואתפניאו מתמן גבריא ואזלו לסדום ואברהם עד כען משמש בצלו קדם יי:,12,Καὶ ἀποστρέψαντες ἐκεῖθεν οἱ ἄνδρες ἦλθον εἰς Σόδομα· Ἀβραὰμ δὲ ἦν ἑστηκὼς ἐναντίον Κυρίου.,14,ܘܐܬܦܢܝܘ ܡܢ ܬܡܢ ܓܒܪ̈ܐ. ܘܐܙܠܘ ܠܣܕܘܡ. ܘܐܒܪܗܡ ܥܕܟܝܠ ܩܐܡ ܗܘܐ ܩܕܡ ܡܪܝܐ .,13,"Então os homens, virando os seus rostos dali, foram-se em direção a Sodoma; mas Abraão ficou ainda em pé diante do Senhor.",22,True,True,True
18,23,Gênesis 18:23,וַיִּגַּ֥שׁ אַבְרָהָ֖ם וַיֹּאמַ֑ר הַאַ֣ף תִּסְפֶּ֔ה צַדִּ֖יק עִם־ רָשָֽׁע ׃,ויגש אברהמ ויאמר האפ תספה צדיק עמ רשע,9,וקרב אברהם ואמר הברגז תשיצי זכאה עם חיבא:,8,"καὶ ἐγγίσας Ἀβραὰμ εἶπεν Μὴ συναπολέσῃς δίκαιον μετὰ ἀσεβοῦς, καὶ ἔσται ὁ δίκαιος ὡς ὁ ἀσεβής.",16,ܘܩ̣ܪܒ ܐܒܪܗܡ ܘܐܡ̣ܪ. ܒܚܕ ܪܘܓܙܐ ܡܘܒܕ ܐܢܬ ܙܕܝܩ̈ܐ ܥܡ ܚ̈ܛܝܐ.,10,"E chegando-se Abraão, disse: Destruirás também o justo com o ímpio?",11,True,True,True
18,24,Gênesis 18:24,אוּלַ֥י יֵ֛שׁ חֲמִשִּׁ֥ים צַדִּיקִ֖ם בְּת֣וֹךְ הָעִ֑יר הַאַ֤ף תִּסְפֶּה֙ וְלֹא־ תִשָּׂ֣א לַמָּק֔וֹם לְמַ֛עַן חֲמִשִּׁ֥ים הַצַּדִּיקִ֖ם אֲשֶׁ֥ר בְּקִרְבָּֽהּ ׃,אולי יש חמשימ צדיקמ בתוכ העיר האפ תספה ולא תשא למקומ למענ חמשימ הצדיקמ אשר בקרבה,17,מאים אית חמשין זכאין בגו קרתא הברגז תשיצי ולא תשבוק לאתרא בדיל חמשין זכאין די בגוה:,16,"⸂⸆⸃ ἐὰν ὦσιν πεντήκοντα ἐν τῇ πόλει δίκαιοι, ἀπολεῖς αὐτούς; οὐκ ἀνήσεις τὸν τόπον ἕνεκεν τῶν πεντήκοντα ⸂⸆⸆⸃ δικαίων, ἐὰν ὦσιν ἐν αὐτῇ;",23,ܐܢ ܐܝܬ ܚܡܫܝܢ ܙܕܝܩ̈ܝܢ ܒܓܘ ܩܪܝܬܐ. ܒܪܘܓܙܐ ܚܕ ܡܘܒܕ ܐܢܬ. ܘܠܐ ܫܒ̇ܩ ܐܢܬ ܠܐܬܪܐ ܡܛܠ ܚܡܫܝܢ ܙܕܝܩ̈ܝܢ ܕܒܓܘܗ.,18,"Se porventura houver cinqüenta justos na cidade, destruirás e não pouparás o lugar por causa dos cinqüenta justos que ali estão?",21,True,True,True
18,25,Gênesis 18:25,חָלִ֨לָה לְּךָ֜ מֵעֲשֹׂ֣ת ׀ כַּדָּבָ֣ר הַזֶּ֗ה לְהָמִ֤ית צַדִּיק֙ עִם־ רָשָׁ֔ע וְהָיָ֥ה כַצַּדִּ֖יק כָּרָשָׁ֑ע חָלִ֣לָה לָּ֔ךְ הֲשֹׁפֵט֙ כָּל־ הָאָ֔רֶץ לֹ֥א יַעֲשֶׂ֖ה מִשְׁפָּֽט ׃,חללה לכ מעשת כדבר הזה להמית צדיק עמ רשע והיה כצדיק כרשע חללה לכ השפט כל הארצ לא יעשה משפט,22,קושטא אנון דינך מלמעבד כפתגמא הדין לקטלא זכאה עם חיבא ויהי זכאה כחיבא קושטא אנון דינך דדין כל ארעא לא יעבד דינא:,22,"μηδαμῶς σὺ ποιήσεις ὡς τὸ ῥῆμα τοῦτο, τοῦ ἀποκτεῖναι δίκαιον μετὰ ἀσεβοῦς, καὶ ἔσται ὁ δίκαιος ὡς ὁ ἀσεβής· μηδαμῶς. ὁ κρίνων πᾶσαν τὴν γῆν, οὐ ποιήσεις κρίσιν;",28,ܚܣ ܠܟ ܕܬܥܒܕ ܦܬܓܡܐ ܗܢܐ. ܕܬܩܛܘܠ ܙܟܝܐ ܥܡ ܚܝ̇ܒܐ. ܘܢܗܘܐ ܙܟܝܐ ܐܝܟ ܚܝ̇ܒܐ. ܚܣ ܠܟ ܕܝ̇ܢܐ ܕܟܠܗ̇ ܐܪܥܐ. ܠܐ ܢܬܥܒܕ ܕܝܢ̣ܐ ܗܢܐ.,22,"Longe de ti que faças tal coisa, que mates o justo com o ímpio, de modo que o justo seja como o ímpio; esteja isto longe de ti. Não fará justiça o juiz de toda a terra?",37,True,True,True
18,26,Gênesis 18:26,וַיֹּ֣אמֶר יְהוָ֔ה אִם־ אֶמְצָ֥א בִסְדֹ֛ם חֲמִשִּׁ֥ים צַדִּיקִ֖ם בְּת֣וֹךְ הָעִ֑יר וְנָשָׂ֥אתִי לְכָל־ הַמָּק֖וֹם בַּעֲבוּרָֽם ׃,ויאמר יהוה אמ אמצא בסדמ חמשימ צדיקמ בתוכ העיר ונשאתי לכל המקומ בעבורמ,14,ואמר יי אם אשכח בסדום חמשין זכאין בגו קרתא ואשבוק לכל אתרא בדילהון:,13,"εἶπεν δὲ Κύριος Ἐὰν εὕρω ἐν Σοδόμοις ⸆ πεντήκοντα δικαίους ἐν τῇ πόλει, ἀφήσω πάντα τὸν τόπον δι᾽ αὐτούς.",19,ܘܐܡ̣ܪ ܡܪܝܐ. ܐܢ ܐܫܟܚ ܒܣܕܘܡ ܚܡܫܝܢ ܙܕܝ̈ܩܝܢ ܒܓܘ ܩܪܝܬܐ ܐܫܒܘܩ ܠܟܠܗ ܐܬܪܐ ܡܛܠܬܗܘܢ.,13,"Então disse o Senhor: Se eu achar em Sodoma cinqüenta justos dentro da cidade, pouparei o lugar todo por causa deles.",21,True,True,True
18,27,Gênesis 18:27,וַיַּ֥עַן אַבְרָהָ֖ם וַיֹּאמַ֑ר הִנֵּה־ נָ֤א הוֹאַ֨לְתִּי֙ לְדַבֵּ֣ר אֶל־ אֲדֹנָ֔י וְאָנֹכִ֖י עָפָ֥ר וָאֵֽפֶר ׃,ויענ אברהמ ויאמר הנה נא הואלתי לדבר אל אדני ואנכי עפר ואפר,13,ואתב אברהם ואמר הא כען שריתי למללא קדם יי ואנא עפר וקטם:,12,"καὶ ἀποκριθεὶς Ἀβραὰμ εἶπεν Νῦν ἠρξάμην λαλῆσαι πρὸς τὸν κύριον, ἐγὼ δέ εἰμι γῆ καὶ σποδός·",16,ܘܥܢ̣ܐ ܐܒܪܗܡ ܘܐܡ̣ܪ. ܗܐ ܫ̇ܪܝܬ ܠܡܡܠܠܘ ܩܕܡ ܡܪܝܐ. ܘܐܢܐ ܥܦܪܐ ܐܢܐ ܘܩܛܡܐ.,12,"Tornou-lhe Abraão, dizendo: Eis que agora me atrevi a falar ao Senhor, ainda que sou pó e cinza.",18,True,True,True
18,28,Gênesis 18:28,א֠וּלַי יַחְסְר֞וּן חֲמִשִּׁ֤ים הַצַּדִּיקִם֙ חֲמִשָּׁ֔ה הֲתַשְׁחִ֥ית בַּחֲמִשָּׁ֖ה אֶת־ כָּל־ הָעִ֑יר וַיֹּ֨אמֶר֙ לֹ֣א אַשְׁחִ֔ית אִם־ אֶמְצָ֣א שָׁ֔ם אַרְבָּעִ֖ים וַחֲמִשָּֽׁה ׃,אולי יחסרונ חמשימ הצדיקמ חמשה התשחית בחמשה את כל העיר ויאמר לא אשחית אמ אמצא שמ ארבעימ וחמשה,19,מאים יחסרון חמשין זכאין חמשא התחבל בחמשא ית כל קרתא ואמר לא אחבל אם אשכח תמן ארבעין וחמשא:,18,"ἐὰν δὲ ἐλαττονωθῶσιν οἱ πεντήκοντα δίκαιοι πέντε, ἀπολεῖς ἕνεκεν τῶν πέντε πᾶσαν τὴν πόλιν; καὶ εἶπεν ὅτι Οὐ μὴ ἀπολέσω ἐὰν εὕρω ἐκεῖ τεσσεράκοντα πέντε.",25,ܘܐܢ ܚܣܝܪ̈ܝܢ ܡܢ ܚܡܫܝܢ ܙܕܝܩ̈ܝܢ ܚܡܫܐ. ܡ̇ܚܒܠ ܐܢܬ ܡܛܠ ܚܡܫܐ ܟܠܗ̇ ܩܪܝܬܐ. ܘܐܡ̣ܪ ܠܐ ܐܚ̇ܒܠ. ܐܢ ܐܫܟܚ ܬܡ̇ܢ ܐܪ̈ܒܥܝܢ ܘܚܡܫܐ.,20,"Se porventura de cinqüenta justos faltarem cinco, destruirás toda a cidade por causa dos cinco? Respondeu ele: Não a destruirei, se eu achar ali quarenta e cinco.",27,True,True,True
18,29,Gênesis 18:29,וַיֹּ֨סֶף ע֜וֹד לְדַבֵּ֤ר אֵלָיו֙ וַיֹּאמַ֔ר אוּלַ֛י יִמָּצְא֥וּן שָׁ֖ם אַרְבָּעִ֑ים וַיֹּ֨אמֶר֙ לֹ֣א אֶֽעֱשֶׂ֔ה בַּעֲב֖וּר הָאַרְבָּעִֽים ׃,ויספ עוד לדבר אליו ויאמר אולי ימצאונ שמ ארבעימ ויאמר לא אעשה בעבור הארבעימ,15,ואוסיף עוד למללא קדמוהי ואמר מאים ישתכחון תמן ארבעין ואמר לא אעבד גמרא בדיל ארבעין:,15,καὶ προσέθηκεν ἔτι λαλῆσαι πρὸς αὐτὸν καὶ εἶπεν Ἐὰν δὲ εὑρεθῶσιν ἐκεῖ τεσσεράκοντα; καὶ εἶπεν Οὐ μὴ ἀπολέσω ἕνεκεν τῶν τεσσεράκοντα.,21,ܘܐܘܣܦ ܬܘܒ ܐܒܪܗܡ ܠܡܐܡܪ ܠܗ. ܘܐܢ ܡܫܬܟܚܝܢ ܬܡܢ ܐܪ̈ܒܥܝܢ. ܘܐܡ̣ܪ. ܠܐ ܐܚܒܠ ܐܢ ܐܫܟܚ ܬܡ̇ܢ ܐܪ̈ܒܥܝܢ.,16,"Continuou Abraão ainda a falar-lhe, e disse: Se porventura se acharem ali quarenta? Mais uma vez assentiu: Por causa dos quarenta não o farei.",24,True,True,True
18,30,Gênesis 18:30,וַ֠יֹּאמֶר אַל־ נָ֞א יִ֤חַר לַֽאדֹנָי֙ וַאֲדַבֵּ֔רָה אוּלַ֛י יִמָּצְא֥וּן שָׁ֖ם שְׁלֹשִׁ֑ים וַיֹּ֨אמֶר֙ לֹ֣א אֶֽעֱשֶׂ֔ה אִם־ אֶמְצָ֥א שָׁ֖ם שְׁלֹשִֽׁים ׃,ויאמר אל נא יחר לאדני ואדברה אולי ימצאונ שמ שלשימ ויאמר לא אעשה אמ אמצא שמ שלשימ,18,ואמר לא כען יתקף קדם דיי ואמלל מאים ישתכחון תמן תלתין ואמר לא אעבד גמרא אם אשכח תמן תלתין:,19,"καὶ εἶπεν Μή τι, κύριε, ἐὰν λαλήσω· ἐὰν δὲ εὑρεθῶσιν ἐκεῖ τριάκοντα; καὶ εἶπεν Οὐ μὴ ἀπολέσω ἐὰν εὑρεθῶσιν ἐκεῖ τριάκοντα.",21,ܘܐܡ̣ܪ. ܠܐ ܢܬܒܐܫ ܠܡܪܝܐ ܘܐܡܠܠ. ܘܐܢ ܡܫܬܟܚܝܢ ܬܡ̇ܢ ܬܠܬܝܢ. ܘܐܡ̣ܪ. ܠܐ ܐܚܒܠ ܐܢ ܐܫܟܚ ܬܡܢ ܬܠܬܝܢ.,16,"Disse Abraão: Ora, não se ire o Senhor, se eu ainda falar. Se porventura se acharem ali trinta? De novo assentiu: Não o farei, se achar ali trinta.",28,True,True,True
18,31,Gênesis 18:31,וַיֹּ֗אמֶר הִנֵּֽה־ נָ֤א הוֹאַ֨לְתִּי֙ לְדַבֵּ֣ר אֶל־ אֲדֹנָ֔י אוּלַ֛י יִמָּצְא֥וּן שָׁ֖ם עֶשְׂרִ֑ים וַיֹּ֨אמֶר֙ לֹ֣א אַשְׁחִ֔ית בַּעֲב֖וּר הָֽעֶשְׂרִֽים ׃,ויאמר הנה נא הואלתי לדבר אל אדני אולי ימצאונ שמ עשרימ ויאמר לא אשחית בעבור העשרימ,17,ואמר הא כען שריתי למללא קדם יי מאים ישתכחון תמן עשרין ואמר לא אחבל בדיל עשרין:,16,"καὶ εἶπεν Ἐπειδὴ ἔχω λαλῆσαι πρὸς τὸν κύριον, ἐὰν δὲ εὑρεθῶσιν ἐκεῖ εἴκοσι; καὶ εἶπεν Οὐ μὴ ἀπολέσω ἕνεκεν τῶν εἴκοσι.",21,ܘܐܡ̣ܪ . ܗܐ ܫ̇ܪܝܬ ܠܡܡܠܠܘ ܩܕܡ ܡܪܝܐ. ܘܐܢ ܡܫܬܟܚܝܢ ܬܡ̇ܢ ܥܣܪ̈ܝܢ. ܘܐܡ̣ܪ. ܠܐ ܐܚ̇ܒܠ ܡܛܠ ܥܣܪ̈ܝܢ.,16,Tornou Abraão: Eis que outra vez me a atrevi a falar ao Senhor. Se porventura se acharem ali vinte? Respondeu-lhe: Por causa dos vinte não a destruirei.,27,True,True,True
18,32,Gênesis 18:32,וַ֠יֹּאמֶר אַל־ נָ֞א יִ֤חַר לַֽאדֹנָי֙ וַאֲדַבְּרָ֣ה אַךְ־ הַפַּ֔עַם אוּלַ֛י יִמָּצְא֥וּן שָׁ֖ם עֲשָׂרָ֑ה וַיֹּ֨אמֶר֙ לֹ֣א אַשְׁחִ֔ית בַּעֲב֖וּר הָעֲשָׂרָֽה ׃,ויאמר אל נא יחר לאדני ואדברה אכ הפעמ אולי ימצאונ שמ עשרה ויאמר לא אשחית בעבור העשרה,18,ואמר לא כען יתקף קדם יי ואמלל ברם זמנא הדא מאים ישתכחון תמן עשרא ואמר לא אחבל בדיל עשרא:,19,"καὶ εἶπεν Μή τι, κύριε, ἐὰν λαλήσω ἔτι ἅπαξ· ἐὰν δὲ εὑρεθῶσιν ἐκεῖ δέκα; καὶ εἶπεν Οὐ μὴ ἀπολέσω ἕνεκεν τῶν δέκα.",22,ܘܐܡ̣ܪ. ܠܐ ܢܬܒܐܫ ܠܡܪܝܐ ܘܐܡܠܠ. ܒܠܚܘܕ ܙܒܢܬܐ ܗܕܐ. ܘܐܢ ܡܫܬܟܚܝܢ ܬܡ̇ܢ ܥܣܪܐ. ܘܐܡ̣ܪ. ܠܐ ܐܚ̇ܒܠ ܡܛܠ ܥܣܪܐ.,17,"Disse ainda Abraão: Ora, não se ire o Senhor, pois só mais esta vez falarei. Se porventura se acharem ali dez? Ainda assentiu o Senhor: Por causa dos dez não a destruirei.",32,True,True,True
18,33,Gênesis 18:33,וַיֵּ֣לֶךְ יְהוָ֔ה כַּאֲשֶׁ֣ר כִּלָּ֔ה לְדַבֵּ֖ר אֶל־ אַבְרָהָ֑ם וְאַבְרָהָ֖ם שָׁ֥ב לִמְקֹמֽוֹ ׃,וילכ יהוה כאשר כלה לדבר אל אברהמ ואברהמ שב למקמו,11,ואסתלק יקרא דיי כד שצי למללא עם אברהם ואברהם תב לאתריה:,11,"ἀπῆλθεν δὲ Κύριος ὡς ἐπαύσατο λαλῶν τῷ Ἀβραάμ, καὶ Ἀβραὰμ ἀπέστρεψεν εἰς τὸν τὸπον αὐτοῦ.",15,ܘܐܙ̣ܠ ܡܪܝܐ ܟܕ ܫ̇ܠܡ ܠܡܡܠܠܘ ܥܡ ܐܒܪܗܡ. ܘܐܒܪܗܡ ܗܦ̣ܟ ܠܐܬܪܗ.,10,"E foi-se o Senhor, logo que acabou de falar com Abraão; e Abraão voltou para o seu lugar.",18,True,True,True
19,1,Gênesis 19:1,וַ֠יָּבֹאוּ שְׁנֵ֨י הַמַּלְאָכִ֤ים סְדֹ֨מָה֙ בָּעֶ֔רֶב וְל֖וֹט יֹשֵׁ֣ב בְּשַֽׁעַר־ סְדֹ֑ם וַיַּרְא־ לוֹט֙ וַיָּ֣קָם לִקְרָאתָ֔ם וַיִּשְׁתַּ֥חוּ אַפַּ֖יִם אָֽרְצָה ׃,ויבאו שני המלאכימ סדמה בערב ולוט ישב בשער סדמ וירא לוט ויקמ לקראתמ וישתחו אפימ ארצה,17,ועלו תרין מלאכיא לסדום ברמשא ולוט יתב בתרעא דסדום וחזא לוט וקם לקדמותהון וסגיד על אפוהי על ארעא:,18,"Ἦλθον δὲ οἱ δύο ἄγγελοι εἰς Σόδομα ἑσπέρας· Λὼτ δὲ ἐκάθητο παρὰ τὴν πύλην Σοδόμων. ἰδὼν δὲ Λὼτ ἀνέστη εἰς συνάντησιν αὐτοῖς, καὶ προσεκύνησεν τῷ προσώπῳ ἐπὶ τὴν γῆν·",29,ܘܐܬܘ ܬܪ̈ܝܢ ܡܠܐ̈ܟܝܢ ܠܣܕܘܡ ܒܪܡܫܐ. ܘܠܘܛ ܝܬ̇ܒ ܒܬܪܥܐ ܕܣܕܘܡ. ܘܚ̣ܙܐ ܐܢܘܢ ܠܘܛ ܘܩܡ ܠܐܘܪܥܗܘܢ. ܘܣܓ̣ܕ ܥܠ ܐ̈ܦܘܗܝ ܥܠ ܐܪܥܐ.,19,"À tarde chegaram os dois anjos a Sodoma. Ló estava sentado à porta de Sodoma e, vendo-os, levantou-se para os receber; prostrou-se com o rosto em terra,",27,True,True,True
19,2,Gênesis 19:2,וַיֹּ֜אמֶר הִנֶּ֣ה נָּא־ אֲדֹנַ֗י ס֣וּרוּ נָ֠א אֶל־ בֵּ֨ית עַבְדְּכֶ֤ם וְלִ֨ינוּ֙ וְרַחֲצ֣וּ רַגְלֵיכֶ֔ם וְהִשְׁכַּמְתֶּ֖ם וַהֲלַכְתֶּ֣ם לְדַרְכְּכֶ֑ם וַיֹּאמְר֣וּ לֹּ֔א כִּ֥י בָרְח֖וֹב נָלִֽין ׃,ויאמר הנה נא אדני סורו נא אל בית עבדכמ ולינו ורחצו רגליכמ והשכמתמ והלכתמ לדרככמ ויאמרו לא כי ברחוב נלינ,21,ואמר בבעו כען רבוני זורו כען לבית עבדכון וביתו ואסחו רגליכון ותקדמון ותהכון לארחכון ואמרו לא אלהן ברחובא נבית:,19,"καὶ εἶπεν Ἰδού, κύριοι, ἐκκλίνατε πρὸς τὸν οἶκον τοῦ παιδὸς ὑμῶν καὶ καταλύσατε, καὶ νίψατε τοὺς πόδας ὑμῶν, καὶ ὀρθρίσαντες ἀπελεύσεσθε εἰς τὴν ὁδὸν ὑμῶν. εἶπαν δέ Οὐχί, ἀλλ᾽ ἢ ἐν τῇ πλατείᾳ καταλύσομεν.",34,ܘܐܡܪ ܒܥ̇ܐ ܐܢܐ ܡܢܟܘܢ ܡܪ̈ܝ. ܣܛܘ ܠܒܝܬ ܥܒܕܟܘܢ. ܘܒܘܬܘ ܘܐܫܝܓܘ ܪ̈ܓܠܝܟܘܢ. ܘܩ̇ܕܡܘ ܙܠܘ ܠܐܘܪܚܟܘܢ ܘܐܡܪܘ. ܠܐ ܒܫܘܩܐ ܢܒܘܬ.,18,"e disse: Eis agora, meus senhores, entrai, peço-vos em casa de vosso servo, e passai nela a noite, e lavai os pés; de madrugada vos levantareis e ireis vosso caminho. Responderam eles: Não; antes na praça passaremos a noite.",39,True,True,True
19,3,Gênesis 19:3,וַיִּפְצַר־ בָּ֣ם מְאֹ֔ד וַיָּסֻ֣רוּ אֵלָ֔יו וַיָּבֹ֖אוּ אֶל־ בֵּית֑וֹ וַיַּ֤עַשׂ לָהֶם֙ מִשְׁתֶּ֔ה וּמַצּ֥וֹת אָפָ֖ה וַיֹּאכֵֽלוּ ׃,ויפצר במ מאד ויסרו אליו ויבאו אל ביתו ויעש להמ משתה ומצות אפה ויאכלו,15,ואתקף בהון לחדא וזרו לותיה ועלו לביתיה ועבד להון משתיא ופטיר אפא להון ואכלו:,14,"καὶ παρεβιάζετο αὐτούς, καὶ ἐξέκλιναν πρὸς αὐτόν. καὶ εἰσῆλθον εἰς τὴν οἰκίαν αὐτοῦ· καὶ ἐποίησεν αὐτοῖς πότον καὶ ἀζύμους ἔπεψεν αὐτοῖς, καὶ ἔφαγον",23,ܘܐ̣ܠܨ ܐܢܘܢ ܠܘܛ ܛܒ. ܘܣܛܘ ܠܘܬܗ ܘܥܠܘ ܠܒܝܬܗ. ܘܥܒ̣ܕ ܠܗܘܢ ܡܫܬܝܐ. ܘܦܛܝܪܐ ܐܦܐ ܠܗܘܢ ܘܠܥܣܘ.,15,"Entretanto, Ló insistiu muito com eles, pelo que foram com ele e entraram em sua casa; e ele lhes deu um banquete, assando-lhes pães ázimos, e eles comeram.",28,True,True,True
19,4,Gênesis 19:4,טֶרֶם֮ יִשְׁכָּבוּ֒ וְאַנְשֵׁ֨י הָעִ֜יר אַנְשֵׁ֤י סְדֹם֙ נָסַ֣בּוּ עַל־ הַבַּ֔יִת מִנַּ֖עַר וְעַד־ זָקֵ֑ן כָּל־ הָעָ֖ם מִקָּצֶֽה ׃,טרמ ישכבו ואנשי העיר אנשי סדמ נסבו על הבית מנער ועד זקנ כל העמ מקצה,16,עד לא שכיבו ואנשי קרתא אנשי סדום אקיפו על ביתא מעולימא ועד סבא כל עמא מסופיה:,16,"πρὸ τοῦ κοιμηθῆναι. καὶ οἱ ἄνδρες τῆς πόλεως οἱ Σοδομεῖται περιεκύκλωσαν τὴν οἰκίαν ἀπὸ νεανίσκου ἕως πρεσβυτέρου, ἅπας ὁ λαὸς ἅμα.",21,ܘܥܕܟܝܠ ܠܐ ܕܡ̣ܟܘ. ܘܐܢܫ̈ܝ ܩܪܝܬܐ ܐܢܫ̈ܝ ܣܕܘܡ ܐܬܟܪ̈ܟܘܗܝ ܠܒܝܬܐ. ܡܢ ܥ̈ܠܝܡܐ ܘܥܕܡܐ ܠܣܒ̈ܐ. ܘܟܠܗ ܥܡܐ ܡܢ ܣܟܗ.,17,"Mas antes que se deitassem, cercaram a casa os homens da cidade, isto é, os homens de Sodoma, tanto os moços como os velhos, sim, todo o povo de todos os lados;",32,True,True,True
19,5,Gênesis 19:5,וַיִּקְרְא֤וּ אֶל־ לוֹט֙ וַיֹּ֣אמְרוּ ל֔וֹ אַיֵּ֧ה הָאֲנָשִׁ֛ים אֲשֶׁר־ בָּ֥אוּ אֵלֶ֖יךָ הַלָּ֑יְלָה הוֹצִיאֵ֣ם אֵלֵ֔ינוּ וְנֵדְעָ֖ה אֹתָֽם ׃,ויקראו אל לוט ויאמרו לו איה האנשימ אשר באו אליכ הלילה הוציאמ אלינו ונדעה אתמ,16,וקרו ללוט ואמרו ליה אן גבריא די אתו לותך ליליא אפקנון לותנא ונדע יתהון:,14,"καὶ ἐξεκαλοῦντο τὸν Λώτ, καὶ ἔλεγον πρὸς αὐτόν Ποῦ εἰσιν οἱ ἄνδρες οἱ εἰσελθόντες πρὸς σὲ τὴν νύκτα; ἐξάγαγε αὐτοὺς πρὸς ἡμᾶς, ἵνα συγγενώμεθα αὐτοῖς.",25,ܘܩܪܘ ܠܠܘܛ ܘܐܡܪܘ ܠܗ. ܐܝܟܐ ܐܢܘܢ ܓܒܪ̈ܐ ܕܐܬܘ ܠܘܬܟ ܒܠܠܝܐ. ܐܦܩ ܐܢܘܢ ܠܢ ܘܢܕܥ ܐܢܘܢ.,15,"e, chamando a Ló, perguntaram-lhe: Onde estão os homens que entraram esta noite em tua casa? Traze-os cá fora a nós, para que os conheçamos.",25,True,True,True
19,6,Gênesis 19:6,וַיֵּצֵ֧א אֲלֵהֶ֛ם ל֖וֹט הַפֶּ֑תְחָה וְהַדֶּ֖לֶת סָגַ֥ר אַחֲרָֽיו ׃,ויצא אלהמ לוט הפתחה והדלת סגר אחריו,8,ונפק לותהון לוט לתרעא ודשא אחד בתרוהי:,7,"ἐξῆλθεν δὲ Λὼτ πρὸς αὐτούς, καὶ τὴν θύραν προσέῳξεν ὀπίσω αὐτοῦ.",11,ܘܢܦ̣ܩ ܠܘܛ ܠܘܬܗܘܢ ܠܬܪܥܐ. ܘܬܪܥܐ ܐܚܕܘ ܒܬܪܗ.,7,"Então Ló saiu-lhes à porta, fechando-a atrás de si,",9,True,True,True
19,7,Gênesis 19:7,וַיֹּאמַ֑ר אַל־ נָ֥א אַחַ֖י תָּרֵֽעוּ ׃,ויאמר אל נא אחי תרעו,6,ואמר בבעו כען אחי לא תבאישון:,6,"εἶπεν δὲ πρὸς αὐτούς Μηδαμῶς, ἀδελφοί, μὴ πονηρεύσησθε.",8,ܘܐܡ̣ܪ ܠܗܘܢ ܠܘܛ . ܠܐ ܬܒܐܫܘܢ ܐܚ̈ܝ.,7,"e disse: Meus irmãos, rogo-vos que não procedais tão perversamente;",10,True,True,True
19,8,Gênesis 19:8,הִנֵּה־ נָ֨א לִ֜י שְׁתֵּ֣י בָנ֗וֹת אֲשֶׁ֤ר לֹֽא־ יָדְעוּ֙ אִ֔ישׁ אוֹצִֽיאָה־ נָּ֤א אֶתְהֶן֙ אֲלֵיכֶ֔ם וַעֲשׂ֣וּ לָהֶ֔ן כַּטּ֖וֹב בְּעֵינֵיכֶ֑ם רַ֠ק לָֽאֲנָשִׁ֤ים הָאֵל֙ אַל־ תַּעֲשׂ֣וּ דָבָ֔ר כִּֽי־ עַל־ כֵּ֥ן בָּ֖אוּ בְּצֵ֥ל קֹרָתִֽי ׃,הנה נא לי שתי בנות אשר לא ידעו איש אוציאה נא אתהנ אליכמ ועשו להנ כטוב בעיניכמ רק לאנשימ האל אל תעשו דבר כי על כנ באו בצל קרתי,30,הא כען לי תרתין בנן די לא ידענון גבר אפק כען יתהן לותכון ועיבידו להן כדתקן בעיניכון לחוד לגבריא האלין לא תעבדון מדעם ארי על כן עלו בטלל שרותי:,29,"εἰσὶν δέ μοι δύο θυγατέρες, αἳ οὐκ ἔγνωσαν ἄνδρα· ἐξάξω αὐτὰς πρὸς ὑμᾶς, καὶ χρήσασθε αὐταῖς καθὰ ἀρέσκῃ ὑμῖν· μόνον εἰς τοὺς ἄνδρας τούτους μὴ ποιήσητε μηδὲν ἄδικον, οὗ εἵνεκεν εἰσῆλθον ὑπὸ τὴν στέγην τῶν δοκῶν μου.",37,ܗܐ ܐܝܬ ܠܝ ܬܪ̈ܬܝܢ ܒ̈ܢܢ. ܕܠܐ ܝܕܥ̣ ܐܢܝ̈ܢ ܓܒܪ. ܐܦܩ ܐܢܝ̈ܢ ܠܟܘܢ. ܘܥܒܕܘ ܠܗܝܢ ܐܝܟܢܐ ܕܫܦܝܪ ܒܥܝܢ̈ܝܟܘܢ. ܒܠܚܘܕ ܠܓܒܪ̈ܐ ܗܠܝܢ ܠܐ ܬܥܒܕܘܢ ܡܕܡ. ܡܛܠ ܕܥܠܘ ܠܛܠܠܐ ܕܩܪ̈ܝܬ̣ܝ.,27,"eis aqui, tenho duas filhas que ainda não conheceram varão; eu vo-las trarei para fora, e lhes fareis como bem vos parecer: somente nada façais a estes homens, porquanto entraram debaixo da sombra do meu telhado.",36,True,True,True
19,9,Gênesis 19:9,וַיֹּאמְר֣וּ ׀ גֶּשׁ־ הָ֗לְאָה וַיֹּֽאמְרוּ֙ הָאֶחָ֤ד בָּֽא־ לָגוּר֙ וַיִּשְׁפֹּ֣ט שָׁפ֔וֹט עַתָּ֕ה נָרַ֥ע לְךָ֖ מֵהֶ֑ם וַיִּפְצְר֨וּ בָאִ֤ישׁ בְּלוֹט֙ מְאֹ֔ד וַֽיִּגְּשׁ֖וּ לִשְׁבֹּ֥ר הַדָּֽלֶת ׃,ויאמרו גש הלאה ויאמרו האחד בא לגור וישפט שפוט עתה נרע לכ מהמ ויפצרו באיש בלוט מאד ויגשו לשבר הדלת,22,ואמרו קרב להלא ואמרו חד אתא לאתותבא והא דיין דינא כען נבאש לך מדילהון ותקיפו בגברא בלוט לחדא וקריבו למתבר דשא:,21,"εἶπαν δέ Ἀπόστα ἐκεῖ· εἰσῆλθες παροικεῖν, μὴ καὶ κρίσιν κρῖναι; νῦν οὖν σὲ κακώσομεν μᾶλλον ἢ ἐκείνους. καὶ παρεβιάζοντο τὸν ἄνδρα τὸν Λὼτ σφόδρα, καὶ ἤγγισαν συντρίψαι τὴν θύραν.",29,ܘܐܡ̣ܪܘ ܦܪܘܩ ܠܗܠ. ܘܐܡܪܘ. ܚܕ ܐܬ̣ܐ ܠܡܬܬܘܬܒܘ ܥܡܢ ܘܗܐ ܕܐ̇ܢ ܠܢ ܕܝܢ̈ܐ. ܗܫܐ ܢܒ̣ܐܫ ܠܟ ܡܢ ܕܠܗܘܢ. ܘܐܬܟܬܫ ܥܡ ܓܒܪ̈ܐ ܠܘܛ ܛܒ. ܘܩܪܒܘ ܠܡܬܒܪ ܬܪܥܐ.,25,"Eles, porém, disseram: Sai daí. Disseram mais: Esse indivíduo, como estrangeiro veio aqui habitar, e quer se arvorar em juiz! Agora te faremos mais mal a ti do que a eles. E arremessaram-se sobre o homem, isto é, sobre Ló, e aproximavam-se para arrombar a porta.",46,True,True,True
19,10,Gênesis 19:10,וַיִּשְׁלְח֤וּ הָֽאֲנָשִׁים֙ אֶת־ יָדָ֔ם וַיָּבִ֧יאוּ אֶת־ ל֛וֹט אֲלֵיהֶ֖ם הַבָּ֑יְתָה וְאֶת־ הַדֶּ֖לֶת סָגָֽרוּ ׃,וישלחו האנשימ את ידמ ויביאו את לוט אליהמ הביתה ואת הדלת סגרו,13,ואושיטו גבריא ית ידיהון ואיתיאו ית לוט לותהון לביתא וית דשא אחדו:,12,"ἐκτείναντες δὲ οἱ ἄνδρες τὰς χεῖρας εἰσεσπάσαντο τὸν Λὼτ πρὸς ἑαυτοὺς εἰς τὸν οἶκον, καὶ τὴν θύραν τοῦ οἴκου ἀπέκλεισαν·",20,ܘܐܘܫܛܘ ܓܒܪ̈ܐ ܐ̈ܝܕܝܗܘܢ. ܘܐܥܠܘ ܠܠܘܛ ܠܘܬܗܘܢ ܠܒܝܬܐ. ܘܬܪܥܐ ܐܚܕܘ.,9,"Aqueles homens, porém, estendendo as mãos, fizeram Ló entrar para dentro da casa, e fecharam a porta;",17,True,True,True
19,11,Gênesis 19:11,וְֽאֶת־ הָאֲנָשִׁ֞ים אֲשֶׁר־ פֶּ֣תַח הַבַּ֗יִת הִכּוּ֙ בַּסַּנְוֵרִ֔ים מִקָּטֹ֖ן וְעַד־ גָּד֑וֹל וַיִּלְא֖וּ לִמְצֹ֥א הַפָּֽתַח ׃,ואת האנשימ אשר פתח הבית הכו בסנורימ מקטנ ועד גדול וילאו למצא הפתח,14,וית גבריא די בתרע ביתא מחו בשבריריא מזעירא ועד רבא ולאיו לאשכחא תרעא:,13,"τοὺς δὲ ἄνδρας τοὺς ὄντας ἐπὶ τῆς θύρας τοῦ οἴκου ἐπάταξαν ἀορασίᾳ, ἀπὸ μικροῦ ἕως μεγάλου· καὶ παρελύθησαν ζητοῦντες τὴν θύραν.",21,ܘܓܒܪ̈ܐ ܕܒܬܪܥܐ ܕܒܝܬܐ. ܒܠܥܘ ܒܫܪ̈ܓܪܓܝܬܐ. ܡܢ ܙܥܘܪܐ ܘܥܕܡܐ ܠܪܒܐ. ܘܠܐܝܘ ܠܡܫܟܚܘ ܬܪܥܐ .,13,"e feriram de cegueira os que estavam do lado de fora, tanto pequenos como grandes, de maneira que cansaram de procurar a porta.",23,True,True,True
19,12,Gênesis 19:12,וַיֹּאמְר֨וּ הָאֲנָשִׁ֜ים אֶל־ ל֗וֹט עֹ֚ד מִֽי־ לְךָ֣ פֹ֔ה חָתָן֙ וּבָנֶ֣יךָ וּבְנֹתֶ֔יךָ וְכֹ֥ל אֲשֶׁר־ לְךָ֖ בָּעִ֑יר הוֹצֵ֖א מִן־ הַמָּקֽוֹם ׃,ויאמרו האנשימ אל לוט עד מי לכ פה חתנ ובניכ ובנתיכ וכל אשר לכ בעיר הוצא מנ המקומ,19,ואמרו גבריא ללוט עוד מן לך הכא חתנא ובנך ובנתך וכל די לך בקרתא אפיק מן אתרא:,17,"εἶπαν δὲ οἱ ἄνδρες πρὸς Λώτ Ἔστιν τίς σοι ὧδε, γαμβροὶ ἢ υἱοὶ ἢ θυγατέρες, ἢ εἴ τίς σοι ἄλλος ἐστὶν ἐν τῇ πόλει, ἐξάγαγε ἐκ τοῦ τόπου τούτου·",29,ܘܐܡܪܘ ܓܒܪ̈ܐ ܠܠܘܛ. ܡܢܐ ܥܒ̇ܕ ܐܢܬ ܗܪܟܐ. ܚ̈ܬܢܝܟ ܘܒܢܝ̈ܟ ܘܒܢ̈ܬܟ. ܘܟܠ ܕܐܝܬ ܠܟ ܒܩܪܝܬܐ. ܐܦܩ ܡܢ ܐܬܪܐ ܗܢܐ.,18,"Então disseram os homens a Ló: Tens mais alguém aqui? Teu genro, e teus filhos, e tuas filhas, e todos quantos tens na cidade, tira-os para fora deste lugar;",29,True,True,True
19,13,Gênesis 19:13,כִּֽי־ מַשְׁחִתִ֣ים אֲנַ֔חְנוּ אֶת־ הַמָּק֖וֹם הַזֶּ֑ה כִּֽי־ גָֽדְלָ֤ה צַעֲקָתָם֙ אֶת־ פְּנֵ֣י יְהוָ֔ה וַיְשַׁלְּחֵ֥נוּ יְהוָ֖ה לְשַׁחֲתָֽהּ ׃,כי משחתימ אנחנו את המקומ הזה כי גדלה צעקתמ את פני יהוה וישלחנו יהוה לשחתה,16,ארי מחבלין אנחנא ית אתרא הדין ארי סגיאת קבלתהון קדם יי ושלחנא יי לחבלותה:,14,"ὅτι ἀπόλλυμεν ἡμεῖς τὸν τόπον τοῦτον, ὅτι ὑψώθη ἡ κραυγὴ αὐτῶν ἐναντίον Κυρίου, καὶ ἀπέστειλεν ἡμᾶς Κύριος ἐκτρίψαι αὐτήν.",19,ܡܛܠ ܕܡܚܒܠܝܢܢ ܠܗ ܠܐܬܪܐ ܗܢܐ. ܡܛܠ ܕܣܠܩܬ ܓܥܬܗܘܢ ܩܕܡ ܡܪܝܐ. ܘܫܕܪܢ ܡܪܝܐ ܠܡܚܒܠܘܬܗ.,13,"porque nós vamos destruir este lugar, porquanto o seu clamor se tem avolumado diante do Senhor, e o Senhor nos enviou a destruí-lo.",23,True,True,True
19,14,Gênesis 19:14,וַיֵּצֵ֨א ל֜וֹט וַיְדַבֵּ֣ר ׀ אֶל־ חֲתָנָ֣יו ׀ לֹקְחֵ֣י בְנֹתָ֗יו וַיֹּ֨אמֶר֙ ק֤וּמוּ צְּאוּ֙ מִן־ הַמָּק֣וֹם הַזֶּ֔ה כִּֽי־ מַשְׁחִ֥ית יְהוָ֖ה אֶת־ הָעִ֑יר וַיְהִ֥י כִמְצַחֵ֖ק בְּעֵינֵ֥י חֲתָנָֽיו ׃,ויצא לוט וידבר אל חתניו לקחי בנתיו ויאמר קומו צאו מנ המקומ הזה כי משחית יהוה את העיר ויהי כמצחק בעיני חתניו,25,ונפק לוט ומליל עם חתנוהי נסבי בנתיה ואמר קומו פוקו מן אתרא הדין ארי מחבל יי ית קרתא והוה כמחיך בעיני חתנוהי:,22,"ἐξῆλθεν δὲ Λὼτ καὶ ἐλάλησεν πρὸς τοὺς γαμβροὺς αὐτοῦ τοὺς εἰληφότας τὰς θυγατέρας αὐτοῦ, καὶ εἶπεν Ἀνάστητε καὶ ἐξέλθατε ἐκ τοῦ τόπου τούτου, ὅτι ἐκτρίβει Κύριος τὴν πόλιν. ἔδοξεν δὲ γελοιάζειν ἐναντίον τῶν γαμβρῶν αὐτοῦ.",35,ܘܢܦ̣ܩ ܠܘܛ ܘܡܠܠ ܥܡ ܚ̈ܬܢܘܗܝ ܢܣ̈ܒܝ ܒܢ̈ܬܗ. ܘܐܡ̣ܪ ܠܗܘܢ . ܩܘܡܘ ܦܘܩܘ ܡܢ ܐܬܪܐ ܗܢܐ. ܡܛܠ ܕܡܚܒܠ ܠܗ ܡܪܝܐ. ܘܗܘܐ ܐܝܟ ܡ̇ܓܚܟ ܒܥܝܢ̈ܝ ܚ̈ܬܢܘܗܝ.,24,"Tendo saído Ló, falou com seus genros, que haviam de casar com suas filhas, e disse-lhes: Levantai-vos, saí deste lugar, porque o Senhor há de destruir a cidade. Mas ele pareceu aos seus genros como quem estava zombando.",38,True,True,True
19,15,Gênesis 19:15,וּכְמוֹ֙ הַשַּׁ֣חַר עָלָ֔ה וַיָּאִ֥יצוּ הַמַּלְאָכִ֖ים בְּל֣וֹט לֵאמֹ֑ר קוּם֩ קַ֨ח אֶֽת־ אִשְׁתְּךָ֜ וְאֶת־ שְׁתֵּ֤י בְנֹתֶ֨יךָ֙ הַנִּמְצָאֹ֔ת פֶּן־ תִּסָּפֶ֖ה בַּעֲוֺ֥ן הָעִֽיר ׃,וכמו השחר עלה ויאיצו המלאכימ בלוט לאמר קומ קח את אשתכ ואת שתי בנתיכ הנמצאת פנ תספה בעונ העיר,20,וכמסק צפרא הוה ודחיקו מלאכיא בלוט למימר קום דבר ית אתתך וית תרתין בנתך דאשתכחן מהימנן עמך דילמא תלקי בחובי קרתא:,21,"ἡνίκα δὲ ὄρθρος ἐγίνετο, ἐπεσπούδαζον οἱ ἄγγελοι τὸν Λὼτ λέγοντες Ἀναστὰς λάβε τὴν γυναῖκά σου καὶ τὰς δύο θυγατέρας σου ἃς ἔχεις καὶ ἔξελθε, ἵνα μὴ συναπόλῃ ταῖς ἀνομίαις τῆς πόλεως.",31,ܘܟܕ ܣܠ̣ܩ ܫܦܪܐ . ܐܠܨܘܗܝ ܡܠܐ̈ܟܐ ܠܠܘܛ ܘܐܡܪ̈ܝܢ ܠܗ. ܩܘܡ ܕܒ̣ܪ ܐܢܬܬܟ ܘܬܪ̈ܬܝܢ ܒܢܬ̈ܟ ܕܐܫܬܟܚ ܕܠܡܐ ܬܒܠܥ ܒܚ̈ܛܗܝܗ̇ ܕܩܪܝܬܐ.,19,"E ao amanhecer os anjos apertavam com Ló, dizendo: levanta-te, toma tua mulher e tuas duas filhas que aqui estão, para que não pereças no castigo da cidade.",28,True,True,True
19,16,Gênesis 19:16,וַֽיִּתְמַהְמָ֓הּ ׀ וַיַּחֲזִ֨קוּ הָאֲנָשִׁ֜ים בְּיָד֣וֹ וּבְיַד־ אִשְׁתּ֗וֹ וּבְיַד֙ שְׁתֵּ֣י בְנֹתָ֔יו בְּחֶמְלַ֥ת יְהוָ֖ה עָלָ֑יו וַיֹּצִאֻ֥הוּ וַיַּנִּחֻ֖הוּ מִח֥וּץ לָעִֽיר ׃,ויתמהמה ויחזקו האנשימ בידו וביד אשתו וביד שתי בנתיו בחמלת יהוה עליו ויצאהו וינחהו מחוצ לעיר,18,ואתעכב ואתקיפו גבריא בידיה ובידא דאתתיה וביד תרתין בנתיה כרחם יי עלוהי ואפקוהי ואשרוהי מברא לקרתא:,16,"καὶ ἐταράχθησαν· καὶ ἐκράτησαν οἱ ἄγγελοι τῆς χειρὸς αὐτῶν καὶ τῆς χειρὸς τῆς γυναικὸς αὐτοῦ καὶ τῶν χειρῶν τῶν δύο θυγατέρων αὐτοῦ, ἐν τῷ φείσασθαι Κύριον αὐτοῦ.",27,ܘܐܫܬܘܚܪ ܠܘܛ. ܘܐܚܕܘ ܡܠܐ̈ܟܐ ܒܐܝܕܗ ܘܒܐܝܕܐ ܕܐܢܬܬܗ ܘܒܐܝܕܐ ܕܬܪ̈ܬܝܢ ܒܢ̈ܬܗ. ܡܛܠ ܕܚܣ ܡܪܝܐ ܥܠܘܗܝ. ܘܐܦܩܘܗܝ ܘܐܫܪܝܘܗܝ ܠܒܪ ܡܢ ܩܪܝܬܐ.,19,"Ele, porém, se demorava; pelo que os homens pegaram-lhe pela mão a ele, à sua mulher, e às suas filhas, sendo-lhe misericordioso o Senhor. Assim o tiraram e o puseram fora da cidade.",33,True,True,True
19,17,Gênesis 19:17,וַיְהִי֩ כְהוֹצִיאָ֨ם אֹתָ֜ם הַח֗וּצָה וַיֹּ֨אמֶר֙ הִמָּלֵ֣ט עַל־ נַפְשֶׁ֔ךָ אַל־ תַּבִּ֣יט אַחֲרֶ֔יךָ וְאַֽל־ תַּעֲמֹ֖ד בְּכָל־ הַכִּכָּ֑ר הָהָ֥רָה הִמָּלֵ֖ט פֶּן־ תִּסָּפֶֽה ׃,ויהי כהוציאמ אתמ החוצה ויאמר המלט על נפשכ אל תביט אחריכ ואל תעמד בכל הככר ההרה המלט פנ תספה,20,והוה כד אפיקו יתהון לברא ואמר חוס על נפשך לא תסתכי לאחורך ולא תקום בכל מישרא לטורא אשתזב דלמא תלקי:,20,"καὶ ἐγένετο ἡνίκα ἐξήγαγον αὐτοὺς ἔξω καὶ εἶπαν Σώζων σῶζε τὴν σεαυτοῦ ψυχήν· μὴ περιβλέψῃς εἰς τὰ ὀπίσω μηδὲ στῇς ἐν πάσῃ τῇ περιχώρῳ· εἰς τὸ ὄρος σώζου, μή ποτε συνπαραλημφθῇς.",31,ܘܟܕ ܐܦܩܘ ܐܢܘܢ ܠܒܪ ܐܡܪ̈ܝܢ ܠܗ ܦ̇ܠܛ ܢܦܫܟ ܠܐ ܬܬܦܢ̣ܐ ܠܒܣܬܪܟ. ܘܠܐ ܬܩܘܡ ܒܟܠܗ̇ ܦܩܥܬܐ. ܠܛܘܪܐ ܐܬ̇ܦܠܛ ܕܠܐ ܬܐܒܕ.,19,"Quando os tinham tirado para fora, disse um deles: Escapa-te, salva tua vida; não olhes para trás de ti, nem te detenhas em toda esta planície; escapa-te lá para o monte, para que não pereças.",35,True,True,True
19,18,Gênesis 19:18,וַיֹּ֥אמֶר ל֖וֹט אֲלֵהֶ֑ם אַל־ נָ֖א אֲדֹנָֽי ׃,ויאמר לוט אלהמ אל נא אדני,7,ואמר לוט להון בבעו כען רבוני :,7,"εἶπεν δὲ Λὼτ πρὸς αὐτούς Δέομαι, κύριε,",7,ܘܐܡ̣ܪ ܠܗܘܢ ܠܘܛ . ܒ̇ܥܐ ܐܢܐ ܡܢܟܘܢ ܡܪ̈ܝ.,8,"Respondeu-lhe Ló: Ah, assim não, meu Senhor!",7,True,True,True
19,19,Gênesis 19:19,הִנֵּה־ נָ֠א מָצָ֨א עַבְדְּךָ֣ חֵן֮ בְּעֵינֶיךָ֒ וַתַּגְדֵּ֣ל חַסְדְּךָ֗ אֲשֶׁ֤ר עָשִׂ֨יתָ֙ עִמָּדִ֔י לְהַחֲי֖וֹת אֶת־ נַפְשִׁ֑י וְאָנֹכִ֗י לֹ֤א אוּכַל֙ לְהִמָּלֵ֣ט הָהָ֔רָה פֶּן־ תִּדְבָּקַ֥נִי הָרָעָ֖ה וָמַֽתִּי ׃,הנה נא מצא עבדכ חנ בעיניכ ותגדל חסדכ אשר עשית עמדי להחיות את נפשי ואנכי לא אוכל להמלט ההרה פנ תדבקני הרעה ומתי,24,הא כען אשכח עבדך רחמין קדמך ואסגיתא טיבותך די עבדת עמי לקימא ית נפשי ואנא לית אנא יכיל לאשתזבא לטורא דילמא תערענני בשתא ואימות:,24,"ἐπειδὴ εὗρεν ὁ παῖς σου ἔλεος ἐναντίον σου καὶ ἐμεγάλυνας τὴν δικαιοσύνην σου, ὃ ποιεῖς ἐπ᾽ ἐμέ, τοῦ ζῇν τὴν ψυχήν μου· ἐγὼ δὲ οὐ δυνήσομαι διασωθῆναι εἰς τὸ ὄρος, μὴ καταλάβῃ με τὰ κακὰ καὶ ἀποθάνω·",37,ܗܐ ܐܫܟܚ ܥܒ̣ܕܟ ܪ̈ܚܡܐ ܒܥܝܢ̈ܝܟ. ܘܣܓܝܐܐ ܗܝ ܛܝܒܘܬܟ ܕܥܒ̣ܕܬ ܥܡܝ. ܠܡܚܝܘ ܢܦܫܝ. ܘܐܢܐ ܠܐ ܡ̇ܫܟܚ ܐܢܐ ܠܡܬܦܠܛܘ ܠܛܘܪܐ. ܕܠܡܐ ܬܕܪܟܢܝ ܒܝܫܬܐ ܘܐܡܘܬ.,22,"Eis que agora o teu servo tem achado graça aos teus olhos, e tens engrandecido a tua misericórdia que a mim me fizeste, salvando-me a vida; mas eu não posso escapar-me para o monte; não seja caso me apanhe antes este mal, e eu morra.",45,True,True,True
19,20,Gênesis 19:20,הִנֵּה־ נָ֠א הָעִ֨יר הַזֹּ֧את קְרֹבָ֛ה לָנ֥וּס שָׁ֖מָּה וְהִ֣יא מִצְעָ֑ר אִמָּלְטָ֨ה נָּ֜א שָׁ֗מָּה הֲלֹ֥א מִצְעָ֛ר הִ֖וא וּתְחִ֥י נַפְשִֽׁי ׃,הנה נא העיר הזאת קרבה לנוס שמה והיא מצער אמלטה נא שמה הלא מצער הוא ותחי נפשי,18,הא כען קרתא הדא קריבא למעירוק לתמן והיא זעירא אשתזב כען תמן הלא זעירא היא ותתקים נפשי:,17,"ἰδοὺ ἡ πόλις αὕτη ἐγγὺς τοῦ καταφυγεῖν με ἐκεῖ, ἥ ἐστιν μικρά· ἐκεῖ σωθήσομαι· οὐ μικρά ἐστιν; καὶ ζήσεται ἡ ψυχή μου ἕνεκεν σοῦ.",24,ܗܐ ܩܪܝܬܐ ܗܕܐ ܩܪܝܒܐ ܗܝ ܠܡܥܪܩ ܠܬܡܢ. ܘܗ̣ܝ ܙܥܘܪܝܐ ܗܝ ܐܬܦܠܛ ܠܬܡܢ. ܗܐ ܙܥܘܪܝܐ ܗܝ ܘܬܚܐ ܢܦܫܝ.,17,"Eis ali perto aquela cidade, para a qual eu posso fugir, e é pequena. Permite que eu me escape para lá {porventura não é pequena?}, e viverá a minha alma.",30,True,True,True
19,21,Gênesis 19:21,וַיֹּ֣אמֶר אֵלָ֔יו הִנֵּה֙ נָשָׂ֣אתִי פָנֶ֔יךָ גַּ֖ם לַדָּבָ֣ר הַזֶּ֑ה לְבִלְתִּ֛י הָפְכִּ֥י אֶת־ הָעִ֖יר אֲשֶׁ֥ר דִּבַּֽרְתָּ ׃,ויאמר אליו הנה נשאתי פניכ גמ לדבר הזה לבלתי הפכי את העיר אשר דברת,15,ואמר ליה הא נסיבית אפך אף לפתגמא הדין בדיל דלא למהפך ית קרתא דבעיתא עלה:,15,καὶ εἶπεν αὐτῷ Ἰδοὺ ἐθαύμασά σου τὸ πρόσωπον καὶ ἐπὶ τῷ ῥήματι τούτῳ τοῦ μὴ καταστρέψαι τὴν πόλιν περὶ ἧς ἐλάλησας·,21,ܘܐܡܪ ܠܗ. ܗܐ ܢܣ̇ܒܬ ܒܐ̈ܦܝܟ ܐܦ ܒܦܬܓܡܐ ܗܢܐ. ܕܠܐ ܐܗܦܘܟ ܩܪܝܬܐ ܕܐܡ̣ܪܬ.,12,"Disse-lhe: Quanto a isso também te hei atendido, para não subverter a cidade de que acabas de falar.",18,True,True,True
19,22,Gênesis 19:22,מַהֵר֙ הִמָּלֵ֣ט שָׁ֔מָּה כִּ֣י לֹ֤א אוּכַל֙ לַעֲשׂ֣וֹת דָּבָ֔ר עַד־ בֹּאֲךָ֖ שָׁ֑מָּה עַל־ כֵּ֛ן קָרָ֥א שֵׁם־ הָעִ֖יר צֽוֹעַר ׃,מהר המלט שמה כי לא אוכל לעשות דבר עד באכ שמה על כנ קרא שמ העיר צוער,18,אוחי לאשתזב תמן ארי לא אכול למעבד פתגמא עד מיתך לתמן על כן קרא שמא דקרתא צוער:,17,σπεῦσον οὖν τοῦ σωθῆναι ἐκεῖ· οὐ γὰρ δυνήσομαι ποιῆσαι πρᾶγμα ἕως τοῦ σε ἐλθεῖν ἐκεῖ. διὰ τοῦτο ἐπωνόμασεν τὸ ὄνομα τῆς πόλεως ἐκείνης Σήγωρ.,24,ܒܥܓܠ ܐܬܦܠܛ ܠܬܡܢ. ܡܛܠ ܕܠܐ ܡܫܟܚ ܐܢܐ ܕܐܥܒ̣ܕ ܡܕܡ ܥܕܡܐ ܕܥܐ̇ܠ ܐܢܬ ܠܬܡܢ. ܡܛܠ ܗܢܐ ܩ̣ܪܐ ܫܡܗ̇ ܕܩܪܝܬܐ ܨܥܪ.,19,"Apressa-te, escapa-te para lá; porque nada poderei fazer enquanto não tiveres ali chegado. Por isso se chamou o nome da cidade Zoar.",22,True,True,True
19,23,Gênesis 19:23,הַשֶּׁ֖מֶשׁ יָצָ֣א עַל־ הָאָ֑רֶץ וְל֖וֹט בָּ֥א צֹֽעֲרָה ׃,השמש יצא על הארצ ולוט בא צערה,8,שמשא נפק על ארעא ולוט על לצוער:,7,"ὁ ἥλιος ἐξῆλθεν ἐπὶ τὴν γῆν, καὶ Λὼτ εἰσῆλθεν εἰς Σήγωρ,",11,ܫܡܫܐ ܢܦܩ ܥܠ ܐܪܥܐ. ܘܠܘܛ ܥܠ ܠܨܥܪ.,7,"Tinha saído o sol sobre a terra, quando Ló entrou em Zoar.",12,True,True,True
19,24,Gênesis 19:24,וַֽיהוָ֗ה הִמְטִ֧יר עַל־ סְדֹ֛ם וְעַל־ עֲמֹרָ֖ה גָּפְרִ֣ית וָאֵ֑שׁ מֵאֵ֥ת יְהוָ֖ה מִן־ הַשָּׁמָֽיִם ׃,ויהוה המטיר על סדמ ועל עמרה גפרית ואש מאת יהוה מנ השמימ,13,ויי אמטר על סדום ועל עמורה גפריתא ואשתא מן קדם יי מן שמיא:,13,"καὶ Κύριος ἔβρεξεν ἐπὶ Σόδομα καὶ Γόμορρα θεῖον καὶ πῦρ παρὰ Κυρίου ἐκ τοῦ οὐρανοῦ,",15,ܘܡܪܝܐ ܐܚܬ ܥܠ ܣܕܘܡ ܘܥܠ ܥܡܘܪܐ. ܟܒܪܝܬܐ ܘܢܘܪܐ ܡܢ ܩܕܡ ܡܪܝܐ ܡܢ ܫܡܝܐ.,13,"Então o Senhor, da sua parte, fez chover do céu enxofre e fogo sobre Sodoma e Gomorra.",17,True,True,True
19,25,Gênesis 19:25,וַֽיַּהֲפֹךְ֙ אֶת־ הֶעָרִ֣ים הָאֵ֔ל וְאֵ֖ת כָּל־ הַכִּכָּ֑ר וְאֵת֙ כָּל־ יֹשְׁבֵ֣י הֶעָרִ֔ים וְצֶ֖מַח הָאֲדָמָֽה ׃,ויהפכ את הערימ האל ואת כל הככר ואת כל ישבי הערימ וצמח האדמה,14,והפך ית קרויא האלין וית כל מישרא וית כל יתבי קרויא וצמחא דארעא:,13,καὶ κατέστρεψεν τὰς πόλεις ταύτας ἐν αἷς κατῴκει ἐν αὐταῖς Λὼτ καὶ πᾶσαν περίοικον καὶ πάντας τοὺς κατοικοῦντας ἐν ταῖς πόλεσιν καὶ πάντα τὰ ἀνατέλλοντα ἐκ τῆς γῆς.,28,ܘܗ̣ܦܟ ܠܩܘܪ̈ܝܐ ܗܠܝܢ. ܘܠܟܠܗ̇ ܦܩܥܬܐ ܘܠܟܠܗܘܢ ܝܬ̈ܒܝ ܐܪܥܐ ܘܠܡܘܥܝܬܗ̇ ܕܐܪܥܐ.,10,"E subverteu aquelas cidades e toda a planície, e todos os moradores das cidades, e o que nascia da terra.",20,True,True,True
19,26,Gênesis 19:26,וַתַּבֵּ֥ט אִשְׁתּ֖וֹ מֵאַחֲרָ֑יו וַתְּהִ֖י נְצִ֥יב מֶֽלַח ׃,ותבט אשתו מאחריו ותהי נציב מלח,7,ואסתכיאת אתתיה מבתרוהי והות קמא דמלחא:,6,"καὶ ἐπέβλεψεν ἡ γυνὴ αὐτοῦ εἰς τὰ ὀπίσω, καὶ ἐγένετο στήλη ἁλός. ⸆",13,ܘܐܬܦܢܝܬ ܐܢܬܬܗ ܡܢ ܒܣܬܪܗ. ܘܗܘܬ ܩܝܡܬܐ ܕܡܠܚܐ.,7,Mas a mulher de Ló olhou para trás e ficou convertida em uma estátua de sal.,16,True,True,True
19,27,Gênesis 19:27,וַיַּשְׁכֵּ֥ם אַבְרָהָ֖ם בַּבֹּ֑קֶר אֶל־ הַ֨מָּק֔וֹם אֲשֶׁר־ עָ֥מַד שָׁ֖ם אֶת־ פְּנֵ֥י יְהוָֽה ׃,וישכמ אברהמ בבקר אל המקומ אשר עמד שמ את פני יהוה,12,ואקדים אברהם בצפרא לאתרא דשמש תמן בצלו קדם יי:,9,"ὤρθρισεν δὲ Ἀβραὰμ τὸ πρωὶ εἰς τὸν τόπον οὗ ἱστήκει ἐναντίον Κυρίου,",12,ܘܩܕܡ ܐܒܪܗܡ ܒܨܦܪܐ. ܠܐܬܪܐ ܕܩܐܡ ܗܘܐ ܬܡ̇ܢ ܩܕܡ ܡܪܝܐ.,9,"E Abraão levantou-se de madrugada, e foi ao lugar onde estivera em pé diante do Senhor;",16,True,True,True
19,28,Gênesis 19:28,וַיַּשְׁקֵ֗ף עַל־ פְּנֵ֤י סְדֹם֙ וַעֲמֹרָ֔ה וְעַֽל־ כָּל־ פְּנֵ֖י אֶ֣רֶץ הַכִּכָּ֑ר וַיַּ֗רְא וְהִנֵּ֤ה עָלָה֙ קִיטֹ֣ר הָאָ֔רֶץ כְּקִיטֹ֖ר הַכִּבְשָֽׁן ׃,וישקפ על פני סדמ ועמרה ועל כל פני ארצ הככר וירא והנה עלה קיטר הארצ כקיטר הכבשנ,18,ואסתכי על אפי סדום ועמורה ועל כל אפי ארעא דמישרא וחזא והא סליק תננא דארעא כתננא דאתונא:,17,"καὶ ἐπέβλεψεν ἐπὶ πρόσωπον Σοδόμων καὶ Γομόρρας καὶ ἐπὶ πρόσωπον τῆς γῆς τῆς περιχώρου, καὶ ἴδεν· καὶ ἰδοὺ ἀνέβαινεν φλὸξ τῆς γῆς ὡσεὶ ἀτμὶς καμίνου.",25,ܘܚܪ ܠܐ̈ܦܝ ܣܕܘܡ ܘܥܡܘܪܐ. ܘܠܐ̈ܦܝ ܟܠܗ̇ ܐܪܥܐ ܕܦܩܥܬܐ. ܘܚ̣ܙܐ ܘܗܐ ܣ̇ܠܩ ܬܢܢܗ̇ ܕܐܪܥܐ. ܐܝܟ ܬܢܢܐ ܕܐܬܘܢܐ.,16,"e, contemplando Sodoma e Gomorra e toda a terra da planície, viu que subia da terra fumaça como a de uma fornalha.",22,True,True,True
19,29,Gênesis 19:29,וַיְהִ֗י בְּשַׁחֵ֤ת אֱלֹהִים֙ אֶת־ עָרֵ֣י הַכִּכָּ֔ר וַיִּזְכֹּ֥ר אֱלֹהִ֖ים אֶת־ אַבְרָהָ֑ם וַיְשַׁלַּ֤ח אֶת־ לוֹט֙ מִתּ֣וֹךְ הַהֲפֵכָ֔ה בַּהֲפֹךְ֙ אֶת־ הֶ֣עָרִ֔ים אֲשֶׁר־ יָשַׁ֥ב בָּהֵ֖ן לֽוֹט ׃,ויהי בשחת אלהימ את ערי הככר ויזכר אלהימ את אברהמ וישלח את לוט מתוכ ההפכה בהפכ את הערימ אשר ישב בהנ לוט,23,והוה בחבלות יי ית קרוי מישרא ודכיר יי ית אברהם ושלח ית לוט מגו הפכתא כד הפך ית קרויא די הוה יתב בהן לוט:,24,"Καὶ ἐγένετο ἐν τῷ ἐκτρίψαι Κύριον πάσας τὰς πόλεις τῆς περιοίκου, ἐμνήσθη ὁ θεὸς τοῦ Ἀβραὰμ καὶ ἐξαπέστειλεν τὸν Λὼτ ἐκ μέσου τῆς καταστροφῆς, ἐν τῷ καταστρέψαι Κύριον τὰς πόλεις ἐν αἷς κατῴκει ἐν αὐταῖς Λώτ.",36,ܘܗܘ̣ܐ ܕܟܕ ܚ̇ܒܠ ܐܠܗܐ ܩܘܪ̈ܝܐ ܕܦܩܥܬܐ ܐܬܕܟܪ ܐܠܗܐ ܠܐܒܪܗܡ. ܘܫܕܪ ܠܠܘܛ ܡܢ ܓܘ ܗܦܝܟܬܐ. ܟܕ ܗܦ̣ܟ ܩܘܪ̈ܝܐ ܕܝܬ̇ܒ ܗܘܐ ܒܗܝܢ ܠܘܛ.,21,"Ora, aconteceu que, destruindo Deus as cidades da planície, lembrou-se de Abraão, e tirou Ló do meio da destruição, ao subverter aquelas cidades em que Ló habitara.",27,True,True,True
19,30,Gênesis 19:30,וַיַּעַל֩ ל֨וֹט מִצּ֜וֹעַר וַיֵּ֣שֶׁב בָּהָ֗ר וּשְׁתֵּ֤י בְנֹתָיו֙ עִמּ֔וֹ כִּ֥י יָרֵ֖א לָשֶׁ֣בֶת בְּצ֑וֹעַר וַיֵּ֨שֶׁב֙ בַּמְּעָרָ֔ה ה֖וּא וּשְׁתֵּ֥י בְנֹתָֽיו ׃,ויעל לוט מצוער וישב בהר ושתי בנתיו עמו כי ירא לשבת בצוער וישב במערה הוא ושתי בנתיו,18,וסלק לוט מצוער ויתב בטורא ותרתין בנתיה עמיה ארי דחיל למתב בצוער ויתב במערתא הוא ותרתין בנתיה:,17,"⸂⸆⸃ Καὶ ἐξῆλθεν Λὼτ ἐκ Σήγωρ, καὶ ἐκάθητο ἐν τῷ ὄρει καὶ αἱ δύο θυγατέρες αὐτοῦ μετ᾽ αὐτοῦ· ἐφοβήθη γὰρ κατοικῆσαι ἐν Σήγωρ· καὶ ᾤκησεν ἐν τῷ σπηλαίῳ αὐτὸς καὶ αἱ δύο θυγατέρες αὐτοῦ μετ᾽ αὐτοῦ.",36,ܘܣܠ̣ܩ ܠܘܛ ܡܢ ܨܥܪ. ܘܝܬ̣ܒ ܒܛܘܪܐ. ܗ̣ܘ ܘܬܪ̈ܬܝܢ ܒܢ̈ܬܗ ܥܡܗ. ܡܛܠ ܕܕܚ̣ܠ ܠܡܬܒ ܒܨܥܪ. ܘܝܬ̣ܒ ܒܡܥܪܬܐ ܗ̣ܘ ܘܬܪ̈ܬܝܢ ܒ̈ܢܬܗ.,19,"E subiu Ló de Zoar, e habitou no monte, e as suas duas filhas com ele; porque temia habitar em Zoar; e habitou numa caverna, ele e as suas duas filhas.",31,True,True,True
19,31,Gênesis 19:31,וַתֹּ֧אמֶר הַבְּכִירָ֛ה אֶל־ הַצְּעִירָ֖ה אָבִ֣ינוּ זָקֵ֑ן וְאִ֨ישׁ אֵ֤ין בָּאָ֨רֶץ֙ לָב֣וֹא עָלֵ֔ינוּ כְּדֶ֖רֶךְ כָּל־ הָאָֽרֶץ ׃,ותאמר הבכירה אל הצעירה אבינו זקנ ואיש אינ בארצ לבוא עלינו כדרכ כל הארצ,15,ואמרת רבתא לזערתא אבונא סיב וגבר לית בארעא למיעל עלנא כאורח כל ארעא:,13,"εἶπεν δὲ ἡ πρεσβυτέρα πρὸς τὴν νεωτέραν Ὁ πατὴρ ἡμῶν πρεσβύτερος, καὶ οὐδείς ἐστιν ἐπὶ τῆς γῆς ὃς εἰσελεύσεται πρὸς ἡμᾶς ὡς καθήκει πάσῃ τῇ γῇ.",26,ܘܐܡ̣ܪܬ ܩܫܝܫܬܐ ܠܙܥܘܪܬܐ. ܗܐ ܐܒܘܢ ܣܐܒ. ܘܓܒܪܐ ܠܝܬ ܒܐܪܥܐ ܕܢܥܘܠ ܥܠܝܢ. ܐܝܟ ܐܘܪܚܐ ܕܟܠܗ̇ ܐܪܥܐ.,15,"Então a primogênita disse à menor: Nosso pai é já velho, e não há varão na terra que entre a nós, segundo o costume de toda a terra;",28,True,True,True
19,32,Gênesis 19:32,לְכָ֨ה נַשְׁקֶ֧ה אֶת־ אָבִ֛ינוּ יַ֖יִן וְנִשְׁכְּבָ֣ה עִמּ֑וֹ וּנְחַיֶּ֥ה מֵאָבִ֖ינוּ זָֽרַע ׃,לכה נשקה את אבינו יינ ונשכבה עמו ונחיה מאבינו זרע,11,איתא נשקי ית אבונא חמרא ונשכוב עמיה ונקים מאבונא בנין:,10,"δεῦρο οὖν ποτίσωμεν τὸν πατέρα ἡμῶν οἶνον καὶ κοιμηθῶμεν μετ᾽ αὐτοῦ, καὶ ἐξαναστήσωμεν ἐκ τοῦ πατρὸς ἡμῶν σπέρμα.",18,ܬܝ ܢܫܩܐ ܠܐܒܘܢ ܚܡܪܐ. ܘܢܕܡܟ ܥܡܗ. ܘܢܩܝܡ ܡܢ ܐܒܘܢ ܙܪܥܐ.,10,"vem, demos a nosso pai vinho a beber, e deitemo-nos com ele, para que conservemos a descendência de nosso pai.",20,True,True,True
19,33,Gênesis 19:33,וַתַּשְׁקֶ֧יןָ אֶת־ אֲבִיהֶ֛ן יַ֖יִן בַּלַּ֣יְלָה ה֑וּא וַתָּבֹ֤א הַבְּכִירָה֙ וַתִּשְׁכַּ֣ב אֶת־ אָבִ֔יהָ וְלֹֽא־ יָדַ֥ע בְּשִׁכְבָ֖הּ וּבְקׄוּמָֽהּ ׃,ותשקינ את אביהנ יינ בלילה הוא ותבא הבכירה ותשכב את אביה ולא ידע בשכבה ובקומה,16,ואשקיאה ית אבוהן חמרא בליליא הוא ועלת רבתא ושכיבא עם אבוהא ולא ידע במשכבה ובקימה:,15,"ἐπότισαν δὲ τὸν πατέρα αὐτῶν οἶνον ἐν τῇ νυκτὶ ταύτῃ, καὶ εἰσελθοῦσα ἡ πρεσβυτέρα ἐκοιμήθη μετὰ τοῦ πατρὸς αὐτῆς τὴν νύκτα ἐκείνην· καὶ οὐκ ᾔδει ἐν τῷ κοιμηθῆναι αὐτὴν καὶ ἀναστῆναι.",31,ܘܐܫܩܝ ܒܠܠܝܐ ܗ̇ܘ ܠܐܒܘܗܝܢ ܚܡܪܐ. ܘܥܠ̣ܬ ܩܫܝܫܬܐ ܘܕܡܟ̣ܬ ܥܡ ܐܒܘܗ̇. ܘܠܐ ܝܕܥ̣ ܒܡܕܡܟܗ̇ ܘܒܡܩܡܗ̇.,14,"Deram, pois, a seu pai vinho a beber naquela noite; e, entrando a primogênita, deitou-se com seu pai; e não percebeu ele quando ela se deitou, nem quando se levantou.",30,True,True,True
19,34,Gênesis 19:34,וַֽיְהִי֙ מִֽמָּחֳרָ֔ת וַתֹּ֤אמֶר הַבְּכִירָה֙ אֶל־ הַצְּעִירָ֔ה הֵן־ שָׁכַ֥בְתִּי אֶ֖מֶשׁ אֶת־ אָבִ֑י נַשְׁקֶ֨נּוּ יַ֜יִן גַּם־ הַלַּ֗יְלָה וּבֹ֨אִי֙ שִׁכְבִ֣י עִמּ֔וֹ וּנְחַיֶּ֥ה מֵאָבִ֖ינוּ זָֽרַע ׃,ויהי ממחרת ותאמר הבכירה אל הצעירה הנ שכבתי אמש את אבי נשקנו יינ גמ הלילה ובאי שכבי עמו ונחיה מאבינו זרע,22,והוה ביומא דבתרוהי ואמרת רבתא לזערתא הא שכיבית רמשא עם אבא נשקנה חמרא אף בליליא ועולי שכיבי עמיה ונקים מאבונא בנין:,21,"ἐγένετο δὲ τῇ ἐπαύριον καὶ εἶπεν ἡ πρεσβυτέρα πρὸς τὴν νεωτέραν Ἰδοὺ ἐκοιμήθην ἐχθὲς μετὰ τοῦ πατρὸς ἡμῶν· ποτίσωμεν αὐτὸν οἶνον καὶ τὴν νύκτα ταύτην, καὶ εἰσελθοῦσα κοιμήθητι μετ᾽ αὐτοῦ, καὶ ἐξαναστήσωμεν ἐκ τοῦ πατρὸς ἡμῶν σπέρμα.",37,ܘܗܘ̣ܐ ܠܒܬܪ ܝܘܡܐ. ܘܐܡ̣ܪܬ ܩܫܝܫܬܐ ܠܙܥܘܪܬܐ. ܗܐ ܕܡ̇ܟܬ ܒܪܡܫܐ ܥܡ ܐܒܝ. ܢܫܩܝܘܗܝ ܚܡܪܐ ܐܦ ܒܠܠܝܐ ܗܢܐ. ܘܥܘܠܝ ܕܡܟܝ ܥܡܗ. ܘܢܩܝܡ ܡܢ ܐܒܘܢ ܙܪܥܐ.,23,"No dia seguinte disse a primogênita à menor: Eis que eu ontem à noite me deitei com meu pai; demos-lhe vinho a beber também esta noite; e então, entrando tu, deita-te com ele, para que conservemos a descendência de nosso pai.",41,True,True,True
19,35,Gênesis 19:35,וַתַּשְׁקֶ֜יןָ גַּ֣ם בַּלַּ֧יְלָה הַה֛וּא אֶת־ אֲבִיהֶ֖ן יָ֑יִן וַתָּ֤קָם הַצְּעִירָה֙ וַתִּשְׁכַּ֣ב עִמּ֔וֹ וְלֹֽא־ יָדַ֥ע בְּשִׁכְבָ֖הּ וּבְקֻמָֽהּ ׃,ותשקינ גמ בלילה ההוא את אביהנ יינ ותקמ הצעירה ותשכב עמו ולא ידע בשכבה ובקמה,16,ואשקיאה אף בליליא ההוא ית אבוהן חמרא וקמת זערתא ושכיבת עמיה ולא ידע במשכבה ובקימה:,15,"ἐπότισαν δὲ καὶ ἐν τῇ νυκτὶ ἐκείνῃ τὸν πατέρα αὐτῶν οἶνον, καὶ εἰσελθοῦσα ἡ νεωτέρα ἐκοιμήθη μετὰ τοῦ πατρὸς αὐτῆς· καὶ οὐκ ᾔδει ἐν τῷ κοιμηθῆναι αὐτὴν καὶ ἀναστῆναι.",29,ܘܐܫܩܝܝܗܝ ܐܦ ܒܠܠܝܐ ܗ̇ܘ ܠܐܒܘܗܝܢ ܚܡܪܐ. ܘܥܠܬ ܙܥܘܪܬܐ ܘܕܡܟ̣ܬ ܥܡܗ. ܘܠܐ ܝܕܥ̣ ܒܡܕܡܟܗ̇ ܘܒܡܩܡܗ̇.,14,"Tornaram, pois, a dar a seu pai vinho a beber também naquela noite; e, levantando-se a menor, deitou-se com ele; e não percebeu ele quando ela se deitou, nem quando se levantou.",32,True,True,True
19,36,Gênesis 19:36,וַֽתַּהֲרֶ֛יןָ שְׁתֵּ֥י בְנֽוֹת־ ל֖וֹט מֵאֲבִיהֶֽן ׃,ותהרינ שתי בנות לוט מאביהנ,6,ועדיאן תרתין בנת לוט מאבוהן:,5,καὶ συνέλαβον αἱ δύο θυγατέρες Λὼτ ἐκ τοῦ πατρὸς αὐτῶν.,10,ܘܒܛܢ ܬܪ̈ܬܝܗܝܢ ܒܢ̈ܬܗ ܕܠܘܛ ܡܢ ܐܒܘܗܝܢ.,6,Assim as duas filhas de Ló conceberam de seu pai.,10,True,True,True
19,37,Gênesis 19:37,וַתֵּ֤לֶד הַבְּכִירָה֙ בֵּ֔ן וַתִּקְרָ֥א שְׁמ֖וֹ מוֹאָ֑ב ה֥וּא אֲבִֽי־ מוֹאָ֖ב עַד־ הַיּֽוֹם ׃,ותלד הבכירה בנ ותקרא שמו מואב הוא אבי מואב עד היומ,12,וילידת רבתא בר וקרת שמיה מואב הוא אבוהון דמואבא עד יומא דין:,12,"καὶ ἔτεκεν ἡ πρεσβυτέρα υἱόν, καὶ ἐκάλεσεν τὸ ὄνομα αὐτοῦ Μωὰβ λέγουσα Ἐκ τοῦ πατρός μου· οὗτος πατὴρ Μωαβιτῶν ἕως τῆς σήμερον ἡμέρας.",23,ܘܝܠ̣ܕܬ ܩܫܝܫܬܐ ܒܪܐ. ܘܩܪܬ ܫܡܗ ܡܘܐܒ. ܗܘܝܘ ܐܒܘܗܘܢ ܕܡܘܐ̈ܒܝܐ ܥܕܡܐ ܠܝܘܡܢܐ.,11,"A primogênita deu a luz a um filho, e chamou-lhe Moabe; este é o pai dos moabitas de hoje.",19,True,True,True
19,38,Gênesis 19:38,וְהַצְּעִירָ֤ה גַם־ הִוא֙ יָ֣לְדָה בֵּ֔ן וַתִּקְרָ֥א שְׁמ֖וֹ בֶּן־ עַמִּ֑י ה֛וּא אֲבִ֥י בְנֵֽי־ עַמּ֖וֹן עַד־ הַיּֽוֹם ׃ ס,והצעירה גמ הוא ילדה בנ ותקרא שמו בנ עמי הוא אבי בני עמונ עד היומ ס,17,וזערתא אף היא ילידת בר וקרת שמיה בר עמי הוא אבוהון דבני עמון עד יומא דין:,16,"ἔτεκεν δὲ καὶ ἡ νεωτέρα υἱόν, καὶ ἐκάλεσεν τὸ ὄνομα αὐτοῦ Ἀμμάν, ὁ υἱὸς τοῦ γένους μου· οὗτος πατὴρ Ἀμμανιτῶν ἕως τῆς σήμερον ἡμέρας.",24,ܘܙܥܘܪܬܐ ܐܦ ܗ̣ܝ ܝܠ̣ܕܬ ܒܪܐ. ܘܩܪܬ ܫܡܗ ܒܪ ܥܡܝ. ܗܘܝܘ ܐܒܘܗܘܢ ܕܒܢ̈ܝ ܥܡܘܢ ܥܕܡܐ ܠܝܘܡܢܐ.,15,"A menor também deu à luz um filho, e chamou-lhe Ben-Ami; este é o pai dos amonitas de hoje.",19,True,True,True
20,1,Gênesis 20:1,וַיִּסַּ֨ע מִשָּׁ֤ם אַבְרָהָם֙ אַ֣רְצָה הַנֶּ֔גֶב וַיֵּ֥שֶׁב בֵּין־ קָדֵ֖שׁ וּבֵ֣ין שׁ֑וּר וַיָּ֖גָר בִּגְרָֽר ׃,ויסע משמ אברהמ ארצה הנגב וישב בינ קדש ובינ שור ויגר בגרר,13,ונטל מתמן אברהם לארעא דרומא ויתב בין רקם ובין חגרא ואתותב בגרר:,12,"Καὶ ἐκίνησεν ἐκεῖθεν Ἀβραὰμ εἰς γῆν πρὸς λίβα, καὶ ᾤκησεν ἀνὰ μέσον Καδὴς καὶ ἀνὰ μέσον Σούρ· καὶ παρῴκησεν ἐν Γεράροις.",21,ܘܫܩ̣ܠ ܡܢ ܬܡܢ ܐܒܪܗܡ ܠܐܪܥܐ ܕܬܝܡܢܐ. ܘܝܬܒ ܒܝܬ ܪܩܡ ܠܒܝܬ ܓܕܪ . ܘܥܡ̣ܪ ܐܒܪܗܡ ܒܓܕܪ.,15,"Partiu Abraão dali para a terra do Negebe, e habitou entre Cades e Sur; e peregrinou em Gerar.",18,True,True,True
20,2,Gênesis 20:2,וַיֹּ֧אמֶר אַבְרָהָ֛ם אֶל־ שָׂרָ֥ה אִשְׁתּ֖וֹ אֲחֹ֣תִי הִ֑וא וַיִּשְׁלַ֗ח אֲבִימֶ֨לֶךְ֙ מֶ֣לֶךְ גְּרָ֔ר וַיִּקַּ֖ח אֶת־ שָׂרָֽה ׃,ויאמר אברהמ אל שרה אשתו אחתי הוא וישלח אבימלכ מלכ גרר ויקח את שרה,15,ואמר אברהם על שרה אתתיה אחתי היא ושלח אבימלך מלכא דגרר ודבר ית שרה:,14,"εἶπεν δὲ Ἀβραὰμ περὶ Σάρρας τῆς γυναικὸς αὐτοῦ ὅτι Ἀδελφή μού ἐστιν· ἐφοβήθη γὰρ εἰπεῖν ὅτι Γυνή μού ἐστιν, μή ποτε ἀποκτείνωσιν αὐτὸν οἱ ἄνδρες τῆς πόλεως δι᾽ αὐτήν. ἀπέστειλεν δὲ Ἀβιμέλεχ βασιλεὺς Γεράρων καὶ ἔλαβεν τὴν Σάρραν.",38,ܘܐܡ̣ܪ ܐܒܪܗܡ ܥܠ ܣܪܐ ܐܢܬܬܗ ܕܚܬܝ ܗܝ. ܘܫܕܪ ܐܒܝܡܠܟ ܡ̇ܠܟܐ ܕܓܕܪ ܘܕܒܪܗ̇ ܠܣܪܐ.,13,"E havendo Abraão dito de Sara, sua mulher: É minha irmã; enviou Abimeleque, rei de Gerar, e tomou a Sara.",20,True,True,True
20,3,Gênesis 20:3,וַיָּבֹ֧א אֱלֹהִ֛ים אֶל־ אֲבִימֶ֖לֶךְ בַּחֲל֣וֹם הַלָּ֑יְלָה וַיֹּ֣אמֶר ל֗וֹ הִנְּךָ֥ מֵת֙ עַל־ הָאִשָּׁ֣ה אֲשֶׁר־ לָקַ֔חְתָּ וְהִ֖וא בְּעֻ֥לַת בָּֽעַל ׃,ויבא אלהימ אל אבימלכ בחלומ הלילה ויאמר לו הנכ מת על האשה אשר לקחת והוא בעלת בעל,18,ואתא מימר מן קדם יי לות אבימלך בחלמא דליליא ואמר ליה הא את מית על עיסק אתתא דדברתא והיא אתת גבר:,21,"καὶ εἰσῆλθεν ὁ θεὸς πρὸς Ἀβιμέλεχ ἐν ὕπνῳ τὴν νύκτα, καὶ εἶπεν αὐτῷ Ἰδοὺ σὺ ἀποθνήσκεις περὶ τῆς γυναικὸς ἧς ἔλαβες· αὕτη δέ ἐστιν συνῳκηκυῖα ἀνδρί. ⸆",27,ܘܐܬ̣ܐ ܐܠܗܐ ܥܠ ܐܒܝܡܠܟ ܒܚܠܡܐ ܕܠܠܝܐ ܘܐܡ̣ܪ ܠܗ. ܗܐ ܡܐܬ ܐܢܬ ܥܠ ܐ̈ܦܝ ܐܢܬܬܐ ܕܕܒ̣ܪܬ. ܡܛܠ ܕܐܢܬܬ ܓܒܪܐ ܗܝ.,19,"Deus, porém, veio a Abimeleque, em sonhos, de noite, e disse-lhe: Eis que estás para morrer por causa da mulher que tomaste; porque ela tem marido.",26,True,True,True
20,4,Gênesis 20:4,וַאֲבִימֶ֕לֶךְ לֹ֥א קָרַ֖ב אֵלֶ֑יהָ וַיֹּאמַ֕ר אֲדֹנָ֕י הֲג֥וֹי גַּם־ צַדִּ֖יק תַּהֲרֹֽג ׃,ואבימלכ לא קרב אליה ויאמר אדני הגוי גמ צדיק תהרג,11,ואבימלך לא קרב לותה ואמר יי העם אף זכאי תקטול:,10,"Ἀβιμέλεχ δὲ οὐχ ἥψατο αὐτῆς, καὶ εἶπεν Κύριε, ἔθνος ἀγνοοῦν καὶ δίκαιον ἀπολεῖς;",13,ܘܐܒܝܡܠܟ ܠܐ ܩ̣ܪܒ ܠܗ̇. ܘܐܡ̣ܪ ܐܒܝܡܠܟ. ܡܪܝܐ ܐܦ ܥܡܐ ܙܟܝܐ ܩ̇ܛܠ ܐܢܬ.,12,"Ora, Abimeleque ainda não se havia chegado a ela: perguntou, pois: Senhor matarás porventura também uma nação justa?",18,True,True,True
20,5,Gênesis 20:5,הֲלֹ֨א ה֤וּא אָֽמַר־ לִי֙ אֲחֹ֣תִי הִ֔וא וְהִֽיא־ גַם־ הִ֥וא אָֽמְרָ֖ה אָחִ֣י ה֑וּא בְּתָם־ לְבָבִ֛י וּבְנִקְיֹ֥ן כַּפַּ֖י עָשִׂ֥יתִי זֹֽאת ׃,הלא הוא אמר לי אחתי הוא והיא גמ הוא אמרה אחי הוא בתמ לבבי ובנקינ כפי עשיתי זאת,19,הלא הוא אמר לי אחתי היא והיא אף היא אמרת אחי הוא בקשיטות לבי ובזכאות ידי עבדית דא:,18,οὐκ αὐτός μοι εἶπεν Ἀδελφή μού ἐστιν; καὶ αὕτη μοι εἶπεν Ἀδελφός μού ἐστιν· ἐν καθαρᾷ καρδίᾳ καὶ ἐν δικαιοσύνῃ χειρῶν ἐποίησα τοῦτο.,23,ܗܐ ܗ̣ܘ ܐܡ̣ܪ ܕܚܬܝ ܗܝ. ܘܐܦ ܗ̣ܝ ܐܡ̣ܪܬ ܕܐܚܝ ܗ̣ܘ. ܒܬܡܝܡܘܬ ܠܒܝ ܘܒܕܟܝܘܬܐ ܕܐ̈ܝܕܝ ܥܒ̇ܕܬ ܗܕܐ.,16,Não me disse ele mesmo: É minha irmã? e ela mesma me disse: Ele é meu irmão; na sinceridade do meu coração e na inocência das minhas mãos fiz isto.,30,True,True,True
20,6,Gênesis 20:6,וַיֹּאמֶר֩ אֵלָ֨יו הָֽאֱלֹהִ֜ים בַּחֲלֹ֗ם גַּ֣ם אָנֹכִ֤י יָדַ֨עְתִּי֙ כִּ֤י בְתָם־ לְבָבְךָ֙ עָשִׂ֣יתָ זֹּ֔את וָאֶחְשֹׂ֧ךְ גַּם־ אָנֹכִ֛י אֽוֹתְךָ֖ מֵחֲטוֹ־ לִ֑י עַל־ כֵּ֥ן לֹא־ נְתַתִּ֖יךָ לִנְגֹּ֥עַ אֵלֶֽיהָ ׃,ויאמר אליו האלהימ בחלמ גמ אנכי ידעתי כי בתמ לבבכ עשית זאת ואחשכ גמ אנכי אותכ מחטו לי על כנ לא נתתיכ לנגע אליה,25,ואמר ליה מימר מן קדם יי בחלמא אף קדמי גלי ארי בקשיטות לבך עבדת דא ומנעית אף אנא יתך מלמחטי קדמי על כן לא שבקתך למקרב לותה:,27,"εἶπεν δὲ αὐτῷ ὁ θεὸς καθ᾽ ὕπνον Κἀγὼ ἔγνων ὅτι ἐν καθαρᾷ καρδίᾳ ἐποίησας τοῦτο, καὶ ἐφεισάμην ἐγώ σου τοῦ μὴ ἁμαρτεῖν σε εἰς ἐμέ· ἕνεκεν τούτου οὐκ ἀφῆκά σε ἅψασθαι αὐτῆς.",32,ܘܐܡ̣ܪ ܠܗ ܐܠܗܐ ܒܚܠܡܐ. ܘܐܦ ܐܢܐ ܝܕܥ̇ ܐܢܐ. ܕܒܬܡܝܡܘܬ ܠܒܟ ܥܒ̣ܕܬ ܗܕܐ. ܘܚܣܟܬܟ ܐܦ ܐܢܐ ܕܠܐ ܬܚܛܐ ܠܝ. ܡܛܠ ܗܢܐ ܠܐ ܫܒܩܬܟ ܠܡܩܪܒ ܠܗ̇.,24,Ao que Deus lhe respondeu em sonhos: Bem sei eu que na sinceridade do teu coração fizeste isto; e também eu te tenho impedido de pecar contra mim; por isso não te permiti tocá-la;,34,True,True,True
20,7,Gênesis 20:7,וְעַתָּ֗ה הָשֵׁ֤ב אֵֽשֶׁת־ הָאִישׁ֙ כִּֽי־ נָבִ֣יא ה֔וּא וְיִתְפַּלֵּ֥ל בַּֽעַדְךָ֖ וֶֽחְיֵ֑ה וְאִם־ אֵֽינְךָ֣ מֵשִׁ֗יב דַּ֚ע כִּי־ מ֣וֹת תָּמ֔וּת אַתָּ֖ה וְכָל־ אֲשֶׁר־ לָֽךְ ׃,ועתה השב אשת האיש כי נביא הוא ויתפלל בעדכ וחיה ואמ אינכ משיב דע כי מות תמות אתה וכל אשר לכ,22,וכען אתיב אתת גברא ארי נביא הוא ויצלי עלך ותחי ואם ליתך מתיב דע ארי מימת תמות את וכל די לך:,21,"νῦν δὲ ἀπόδος τὴν γυναῖκα τῷ ἀνθρώπῳ, ὅτι προφήτης ἐστὶν καὶ προσεύξεται περὶ σοῦ, καὶ ζήσῃ· εἰ δὲ μὴ ἀποδίδως, γνῶθι ὅτι ἀποθανῇ σὺ καὶ πάντα τὰ σά.",28,ܗܫܐ ܐܗܦܟ ܐܢܬܬ ܓܒܪܐ. ܡܛܠ ܕܢܒܝܐ ܗܘ. ܘܢܨܠܐ ܥܠܝܟ ܘܬܚܐ. ܘܐܢ ܠܐ ܡܗܦܟ ܐܢܬ. ܕܥ ܕܡܡܬ ܡܐܬ ܐܢܬ. ܐܢܬ ܘܟܠ ܕܐܝܬ ܠܟ.,22,"agora, pois, restitui a mulher a seu marido, porque ele é profeta, e intercederá por ti, e viverás; se, porém, não lha restituíres, sabe que certamente morrerás, tu e tudo o que é teu.",34,True,True,True
20,8,Gênesis 20:8,וַיַּשְׁכֵּ֨ם אֲבִימֶ֜לֶךְ בַּבֹּ֗קֶר וַיִּקְרָא֙ לְכָל־ עֲבָדָ֔יו וַיְדַבֵּ֛ר אֶת־ כָּל־ הַדְּבָרִ֥ים הָאֵ֖לֶּה בְּאָזְנֵיהֶ֑ם וַיִּֽירְא֥וּ הָאֲנָשִׁ֖ים מְאֹֽד ׃,וישכמ אבימלכ בבקר ויקרא לכל עבדיו וידבר את כל הדברימ האלה באזניהמ וייראו האנשימ מאד,16,ואקדים אבימלך בצפרא וקרא לכל עבדוהי ומליל ית כל פתגמיא האלין קדמיהון ודחילו גובריא לחדא:,15,"καὶ ὤρθρισεν Ἀβιμέλεχ τὸ πρωὶ καὶ ἐκάλεσεν πάντας τοὺς παῖδας αὐτοῦ, καὶ ἐλάλησεν πάντα τὰ ῥήματα ταῦτα εἰς τὰ ὦτα αὐτῶν· ἐφοβήθησαν δὲ πάντες οἱ ἄνθρωποι σφόδρα.",27,ܘܩ̇ܕܡ ܐܒܝܡܠܟ ܒܫܦܪܐ . ܘܩ̣ܪܐ ܠܟܠܗܘܢ ܥܒ̣̈ܕܘܗܝ. ܘܡܠܠ ܟܠܗܝܢ ܡ̈ܠܐ ܗܠܝܢ ܒܐ̈ܕܢܝܗܘܢ. ܘܕܚܠܘ ܐܢܫܐ ܛܒ.,15,"Levantou-se Abimeleque de manhã cedo e, chamando a todos os seus servos, falou-lhes aos ouvidos todas estas palavras; e os homens temeram muito.",23,True,True,True
20,9,Gênesis 20:9,וַיִּקְרָ֨א אֲבִימֶ֜לֶךְ לְאַבְרָהָ֗ם וַיֹּ֨אמֶר ל֜וֹ מֶֽה־ עָשִׂ֤יתָ לָּ֨נוּ֙ וּמֶֽה־ חָטָ֣אתִי לָ֔ךְ כִּֽי־ הֵבֵ֧אתָ עָלַ֛י וְעַל־ מַמְלַכְתִּ֖י חֲטָאָ֣ה גְדֹלָ֑ה מַעֲשִׂים֙ אֲשֶׁ֣ר לֹא־ יֵֽעָשׂ֔וּ עָשִׂ֖יתָ עִמָּדִֽי ׃,ויקרא אבימלכ לאברהמ ויאמר לו מה עשית לנו ומה חטאתי לכ כי הבאת עלי ועל ממלכתי חטאה גדלה מעשימ אשר לא יעשו עשית עמדי,25,וקרא אבימלך לאברהם ואמר ליה מה עבדת לנא ומה חבית לך ארי איתיתא עלי ועל מלכותי חובא רבא עובדין די לא כשרין לאתעבדא עבדת עמי:,25,"καὶ ἐκάλεσεν Ἀβιμέλεχ τὸν Ἀβραὰμ καὶ εἶπεν αὐτῷ Τί τοῦτο ἐποίησας ἡμῖν; μή τι ἡμάρτομεν εἰς σέ, ὅτι ἐπήγαγες ἐπ᾽ ἐμὲ καὶ ἐπὶ τὴν βασιλείαν μου ἁμαρτίαν μεγάλην; ἔργον ὃ οὐδεὶς ποιήσει πεποίηκάς μοι.",34,ܘܩ̣ܪܐ ܐܒܝܡܠܟ ܠܐܒܪܗܡ ܘܐܡ̣ܪ ܠܗ. ܡܢܐ ܥܒ̇ܕܬ ܠܟ ܘܡܢܐ ܚܛܝܬ ܠܟ. ܕܐܝܬܝܬ ܥܠܝ ܘܥܠ ܡܠܟܘܬܝ ܚܛܗܐ ܪܒܐ. ܥܒ̈ܕܐ ܕܠܐ ܡܬܥܒܕܝܢ ܥܒ̣ܕܬ ܥܡܝ.,22,"Então chamou Abimeleque a Abraão e lhe perguntou: Que é que nos fizeste? e em que pequei contra ti, para trazeres sobre mim o sobre o meu reino tamanho pecado? Tu me fizeste o que não se deve fazer.",39,True,True,True
20,10,Gênesis 20:10,וַיֹּ֥אמֶר אֲבִימֶ֖לֶךְ אֶל־ אַבְרָהָ֑ם מָ֣ה רָאִ֔יתָ כִּ֥י עָשִׂ֖יתָ אֶת־ הַדָּבָ֥ר הַזֶּֽה ׃,ויאמר אבימלכ אל אברהמ מה ראית כי עשית את הדבר הזה,12,ואמר אבימלך לאברהם מה חזית ארי עבדת ית פתגמא הדין:,10,εἶπεν δὲ Ἀβιμέλεχ τῷ Ἀβραάμ Τί ἐνιδὼν ἐποίησας τοῦτο;,9,ܘܐܡ̣ܪ ܐܒܝܡܠܟ ܠܐܒܪܗܡ. ܡܢܐ ܚ̣ܙܝܬ ܕܥܒ̣ܕܬ ܦܬܓܡܐ ܗܢܐ.,8,Perguntou mais Abimeleque a Abraão: Com que intenção fizeste isto?,10,True,True,True
20,11,Gênesis 20:11,וַיֹּ֨אמֶר֙ אַבְרָהָ֔ם כִּ֣י אָמַ֗רְתִּי רַ֚ק אֵין־ יִרְאַ֣ת אֱלֹהִ֔ים בַּמָּק֖וֹם הַזֶּ֑ה וַהֲרָג֖וּנִי עַל־ דְּבַ֥ר אִשְׁתִּֽי ׃,ויאמר אברהמ כי אמרתי רק אינ יראת אלהימ במקומ הזה והרגוני על דבר אשתי,15,ואמר אברהם ארי אמרית לחוד לית דחלתא דיי באתרא הדין ויקטלנני על עיסק אתתי:,14,"εἶπεν δὲ Ἀβραάμ Εἶπα γάρ Ἄρα οὐκ ἔστιν θεοσέβεια ἐν τῷ τόπῳ, τούτῳ, ἐμέ τε ἀποκτενοῦσιν ἕνεκεν τῆς γυναικός μου.",20,ܘܐܡ̣ܪ ܐܒܪܗܡ. ܡܛܠ ܕܐܡ̇ܪܬ. ܕܠܡܐ ܠܝܬ ܕܚܠܬܗ ܕܐܠܗܐ ܒܐܬܪܐ ܗܢܐ. ܘܢܩܛܠܘܢܢܝ ܥܠ ܐ̈ܦܝ ܐܢܬܬܝ.,14,Respondeu Abraão: Porque pensei: Certamente não há temor de Deus neste lugar; matar-me-ão por causa da minha mulher.,18,True,True,True
20,12,Gênesis 20:12,וְגַם־ אָמְנָ֗ה אֲחֹתִ֤י בַת־ אָבִי֙ הִ֔וא אַ֖ךְ לֹ֣א בַת־ אִמִּ֑י וַתְּהִי־ לִ֖י לְאִשָּֽׁה ׃,וגמ אמנה אחתי בת אבי הוא אכ לא בת אמי ותהי לי לאשה,14,וברם בקושטא אחתי בת אבא היא ברם לא בת אמי והות לי לאנתו:,13,"καὶ γὰρ ἀληθῶς ἀδελφή μού ἐστιν ἐκ πατρός, ἀλλ᾽ οὐκ ἐκ μητρός· ἐγενήθη δέ μοι εἰς γυναῖκα.",17,ܒܪܡ ܫܪܝܪܐܝܬ ܚܬܝ ܗܝ. ܒܪܬ ܐܒܝ ܘܠܐ ܒܪܬ ܐܡܝ. ܘܗܘܬ ܠܝ ܐܢܬܬܐ.,12,"Além disso ela é realmente minha irmã, filha de meu pai, ainda que não de minha mãe; e veio a ser minha mulher.",23,True,True,True
20,13,Gênesis 20:13,וַיְהִ֞י כַּאֲשֶׁ֧ר הִתְע֣וּ אֹתִ֗י אֱלֹהִים֮ מִבֵּ֣ית אָבִי֒ וָאֹמַ֣ר לָ֔הּ זֶ֣ה חַסְדֵּ֔ךְ אֲשֶׁ֥ר תַּעֲשִׂ֖י עִמָּדִ֑י אֶ֤ל כָּל־ הַמָּקוֹם֙ אֲשֶׁ֣ר נָב֣וֹא שָׁ֔מָּה אִמְרִי־ לִ֖י אָחִ֥י הֽוּא ׃,ויהי כאשר התעו אתי אלהימ מבית אבי ואמר לה זה חסדכ אשר תעשי עמדי אל כל המקומ אשר נבוא שמה אמרי לי אחי הוא,25,והוה כד טעו עממיא בתר עובדי ידיהון יתי קריב יי לדחלתיה מבית אבא ואמרית לה דין טיבותיך די תעבדי עמי לכל אתרא דנהך לתמן אמרי עלי אחי הוא:,28,"ἐγένετο δὲ ἡνίκα ἐξήγαγέν με ὁ θεὸς ἐκ τοῦ οἴκου τοῦ πατρός μου καὶ εἶπα αὐτῇ Ταύτην τὴν δικαιοσύνην ποίησον ἐπ᾽ ἐμέ· εἰς πάντα τόπον οὗ ἐὰν εἰσέλθωμεν ἐκεῖ, εἰπὸν ἐμὲ ὅτι Ἀδελφός μού ἐστιν.",35,ܘܗܘ̣ܐ ܕܟܕ ܐܦܩܢܝ ܐܠܗܐ ܡܢ ܒܝܬ ܐܒܝ. ܐܡ̇ܪܬ ܠܗ̇ . ܗܕܐ ܛܝܒܘܬܐ ܕܬܥܒܕܝܢ ܥܡܝ. ܒܟܠ ܐܬܪ ܕܐܙܠܝܢ ܚܢܢ ܠܬܡܢ. ܐܡܪܝ ܥܠܝ ܕܐܚܝ ܗܘ.,23,"Quando Deus me fez sair errante da casa de meu pai, eu lhe disse a ela: Esta é a graça que me farás: em todo lugar aonde formos, dize de mim: Ele é meu irmão.",35,True,True,True
20,14,Gênesis 20:14,וַיִּקַּ֨ח אֲבִימֶ֜לֶךְ צֹ֣אן וּבָקָ֗ר וַעֲבָדִים֙ וּשְׁפָחֹ֔ת וַיִּתֵּ֖ן לְאַבְרָהָ֑ם וַיָּ֣שֶׁב ל֔וֹ אֵ֖ת שָׂרָ֥ה אִשְׁתּֽוֹ ׃,ויקח אבימלכ צאנ ובקר ועבדימ ושפחת ויתנ לאברהמ וישב לו את שרה אשתו,14,ודבר אבימלך עאן ותורין ועבדין ואמהן ויהב לאברהם ואתיב ליה ית שרה אתתיה:,13,"ἔλαβεν δὲ Ἀβιμέλεχ χίλια δίδραχμα, πρόβατα καὶ μόσχους καὶ παῖδας καὶ παιδίσκας, καὶ ἔδωκεν τῷ Ἀβράμ· καὶ ἀπέδωκεν ⸆ αὐτῷ Σάρραν τήν γυναῖκα αὐτοῦ.",24,ܘܕܒ̣ܪ ܐܒܝܡܠܟ ܥܢܐ ܘܬܘܪ̈ܐ ܘܥܒ̈ܕܐ ܘܐ̈ܡܗܬܐ. ܘܝܗ̣ܒ ܠܐܒܪܗܡ ܘܦܢܝ ܠܗ ܠܣܪܐ ܐܢܬܬܗ.,12,"Então tomou Abimeleque ovelhas e bois, e servos e servas, e os deu a Abraão; e lhe restituiu Sara, sua mulher;",21,True,True,True
20,15,Gênesis 20:15,וַיֹּ֣אמֶר אֲבִימֶ֔לֶךְ הִנֵּ֥ה אַרְצִ֖י לְפָנֶ֑יךָ בַּטּ֥וֹב בְּעֵינֶ֖יךָ שֵֽׁב ׃,ויאמר אבימלכ הנה ארצי לפניכ בטוב בעיניכ שב,9,ואמר אבימלך הא ארעי קדמך בדתקין בעיניך תיב:,8,καὶ εἶπεν Ἀβιμέλεχ τῷ Ἀβραάμ Ἰδοὺ ἡ γῆ μου ἐναντίον σου· οὗ ἐάν σοι ἀρέσκῃ κατοίκει.,16,ܘܐܡ̣ܪ ܐܒܝܡܠܟ ܠܐܒܪܗܡ . ܗܐ ܐܪܥܝ ܩܕܡܝܟ. ܟܪ ܕܫܦܝܪ ܒܥܝܢ̈ܝܟ ܬܒ.,11,e disse-lhe Abimeleque: Eis que a minha terra está diante de ti; habita onde bem te parecer.,17,True,True,True
20,16,Gênesis 20:16,וּלְשָׂרָ֣ה אָמַ֗ר הִנֵּ֨ה נָתַ֜תִּי אֶ֤לֶף כֶּ֨סֶף֙ לְאָחִ֔יךְ הִנֵּ֤ה הוּא־ לָךְ֙ כְּס֣וּת עֵינַ֔יִם לְכֹ֖ל אֲשֶׁ֣ר אִתָּ֑ךְ וְאֵ֥ת כֹּ֖ל וְנֹכָֽחַת ׃,ולשרה אמר הנה נתתי אלפ כספ לאחיכ הנה הוא לכ כסות עינימ לכל אשר אתכ ואת כל ונכחת,19,ולשרה אמר הא יהבית אלף סלעין דכסף לאחיך הא הוא ליך כסות דיקר חלף דשלחית דברתיך וחזית יתיך וית כל דעמך ועל כל מה דאמרת אתוכחת:,26,τῇ δὲ Σάρρᾳ εἶπεν Ἰδοὺ δέδωκα χίλια δίδραχμα τῷ ἀδελφῷ σου· ταῦτα ἔσται σοι εἰς τιμὴν τοῦ προσώπου σου καὶ πάσαις ταῖς μετὰ σοῦ· καὶ πάντα ἀλήθευσον.,27,ܘܠܣܪܐ ܐܡ̣ܪ. ܗܐ ܝܗ̇ܒܬ ܐܠܦ ܕܟܣܦ ܠܐܚܘܟܝ. ܘܗܐ ܐܦ ܗ̣ܘ ܝܗܝܒ ܠܟܝ. ܚܠܦ ܕܚܦܝܬܝ ܥܝ̈ܢܐ ܕܟܠ ܕܥܡܝ. ܘܥܠ ܟܠ ܡܕܡ ܐܟܣܬܝܢܝ.,21,E a Sara disse: Eis que tenho dado a teu irmão mil moedas de prata; isso te seja por véu dos olhos a todos os que estão contigo; e perante todos estás reabilitada.,33,True,True,True
20,17,Gênesis 20:17,וַיִּתְפַּלֵּ֥ל אַבְרָהָ֖ם אֶל־ הָאֱלֹהִ֑ים וַיִּרְפָּ֨א אֱלֹהִ֜ים אֶת־ אֲבִימֶ֧לֶךְ וְאֶת־ אִשְׁתּ֛וֹ וְאַמְהֹתָ֖יו וַיֵּלֵֽדוּ ׃,ויתפלל אברהמ אל האלהימ וירפא אלהימ את אבימלכ ואת אשתו ואמהתיו וילדו,13,וצלי אברהם קדם יי ואסי יי ית אבימלך וית אתתיה ואמהתיה ואתרוחו:,12,"προσηύξατο δὲ Ἀβραὰμ πρὸς τὸν θεόν, καὶ ἰάσατο ὁ θεὸς τὸν Ἀβιμέλεχ καὶ τὴν γυναῖκα αὐτοῦ καὶ τὰς παιδίσκας αὐτοῦ, καὶ ἔτεκον·",22,ܘܨܠܝ ܐܒܪܗܡ ܩܕܡ ܐܠܗܐ. ܘܐܣܝ ܐܠܗܐ ܠܐܒܝܡܠܟ ܘܠܐܢܬܬܗ ܘܠܐ̈ܡܗܬܗ ܘܝܠ̣ܕ.,10,"Orou Abraão a Deus, e Deus sarou Abimeleque, e a sua mulher e as suas servas; de maneira que tiveram filhos;",21,True,True,True
20,18,Gênesis 20:18,כִּֽי־ עָצֹ֤ר עָצַר֙ יְהוָ֔ה בְּעַ֥ד כָּל־ רֶ֖חֶם לְבֵ֣ית אֲבִימֶ֑לֶךְ עַל־ דְּבַ֥ר שָׂרָ֖ה אֵ֥שֶׁת אַבְרָהָֽם ׃ ס,כי עצר עצר יהוה בעד כל רחמ לבית אבימלכ על דבר שרה אשת אברהמ ס,16,ארי מיחד אחד יי באפי כל פתח ולדא לבית אבימלך על עיסק שרה אתת אברהם:,15,ὅτι συνέκλεισεν Κύριος ἔξωθεν πᾶσαν μήτραν ἐν τῷ οἴκῳ τοῦ Ἀβιμέλεχ ἕνεκεν Σάρρας τῆς γυναικὸς Ἀβραάμ.,16,ܡܛܠ ܕܡܐܚܕ ܐܚܕ ܡܪܝܐ ܒܐ̈ܦܝ ܟܠ ܡܪܒܥܐ ܕܒܝܬ ܐܒܝܡܠܟ. ܡܛܠ ܣܪܐ ܐܢܬܬܗ ܕܐܒܪܗܡ.,13,"porque o Senhor havia fechado totalmente todas as madres da casa de Abimeleque, por causa de Sara, mulher de Abraão.",20,True,True,True
21,1,Gênesis 21:1,וַֽיהוָ֛ה פָּקַ֥ד אֶת־ שָׂרָ֖ה כַּאֲשֶׁ֣ר אָמָ֑ר וַיַּ֧עַשׂ יְהוָ֛ה לְשָׂרָ֖ה כַּאֲשֶׁ֥ר דִּבֵּֽר ׃,ויהוה פקד את שרה כאשר אמר ויעש יהוה לשרה כאשר דבר,12,ויי דכיר ית שרה כמא די אמר ועבד יי לשרה כמא די מליל:,13,"Καὶ Κύριος ἐπεσκέψατο τὴν Σάρραν, καθὰ εἶπεν· καὶ ἐποίησεν Κύριος τῇ Σάρρᾳ καθὰ ἐλάλησεν.",14,ܘܡܪܝܐ ܐܬܕܟܪ ܠܣܪܐ ܐܝܟ ܕܐܡ̣ܪ. ܘܥܒ̣ܕ ܡܪܝܐ ܠܣܪܐ ܐܝܟ ܕܡܠܠ .,11,"O Senhor visitou a Sara, como tinha dito, e lhe fez como havia prometido.",14,True,True,True
21,2,Gênesis 21:2,וַתַּהַר֩ וַתֵּ֨לֶד שָׂרָ֧ה לְאַבְרָהָ֛ם בֵּ֖ן לִזְקֻנָ֑יו לַמּוֹעֵ֕ד אֲשֶׁר־ דִּבֶּ֥ר אֹת֖וֹ אֱלֹהִֽים ׃,ותהר ותלד שרה לאברהמ בנ לזקניו למועד אשר דבר אתו אלהימ,12,ועדיאת וילידת שרה לאברהם בר לסיבתוהי לזמן די מליל יתיה יי:,11,"καὶ συλλαβοῦσα ἔτεκεν Σάρρα τῷ Ἀβραὰμ υἱὸν εἰς τὸ γῆρας, εἰς τὸν καιρὸν καθὰ ἐλάλησεν αὐτῷ Κύριος.",17,ܘܒܛܢ̣ܬ ܣܪܐ ܘܝܠܕܬ ܠܐܒܪܗܡ ܒܪܐ ܠܣܝܒܘܬܗ. ܠܙܒܢܐ ܕܡܠܠ ܥܡܗ ܐܠܗܐ.,10,"Sara concebeu, e deu a Abraão um filho na sua velhice, ao tempo determinado, de que Deus lhe falara;",19,True,True,True
21,3,Gênesis 21:3,וַיִּקְרָ֨א אַבְרָהָ֜ם אֶֽת־ שֶׁם־ בְּנ֧וֹ הַנּֽוֹלַד־ ל֛וֹ אֲשֶׁר־ יָלְדָה־ לּ֥וֹ שָׂרָ֖ה יִצְחָֽק ׃,ויקרא אברהמ את שמ בנו הנולד לו אשר ילדה לו שרה יצחק,13,וקרא אברהם ית שום בריה דאתיליד ליה דילידת ליה שרה יצחק:,11,"καὶ ἐκάλεσεν Ἀβραὰμ τὸ ὄνομα τοῦ υἱοῦ αὐτοῦ τοῦ γενομένου αὐτῷ, ὃν ἔτεκεν αὐτῷ Σάρρα, Ἰσαάκ·",16,ܘܩ̣ܪܐ ܐܒܪܗܡ ܫܡ ܒܪܗ ܕܐܬܝܠܕ ܠܗ ܕܝܠ̣ܕܬ ܠܗ ܣܪܐ ܐܝܣܚܩ.,10,"e, Abraão pôs no filho que lhe nascera, que Sara lhe dera, o nome de Isaque.",16,True,True,True
21,4,Gênesis 21:4,וַיָּ֤מָל אַבְרָהָם֙ אֶת־ יִצְחָ֣ק בְּנ֔וֹ בֶּן־ שְׁמֹנַ֖ת יָמִ֑ים כַּאֲשֶׁ֛ר צִוָּ֥ה אֹת֖וֹ אֱלֹהִֽים ׃,וימל אברהמ את יצחק בנו בנ שמנת ימימ כאשר צוה אתו אלהימ,13,וגזר אברהם ית יצחק בריה בר תמניא יומין כמא די פקיד יתיה יי:,13,"⸂⸆⸃ περιέτεμεν δὲ Ἀβραὰμ τὸν Ἰσαὰκ τῇ ὀγδόῃ ἡμέρᾳ, καθὰ ἐνετείλατο αὐτῷ ὁ θεός.",14,ܘܓܙܪ ܐܒܪܗܡ ܠܐܝܣܚܩ ܒܪܗ ܒܪ ܬܡܢܝܐ ܝܘܡ̈ܝܢ. ܐܝܟ ܕܦܩܕܗ ܐܠܗܐ.,10,"E Abraão circuncidou a seu filho Isaque, quando tinha oito dias, conforme Deus lhe ordenara.",15,True,True,True
21,5,Gênesis 21:5,וְאַבְרָהָ֖ם בֶּן־ מְאַ֣ת שָׁנָ֑ה בְּהִוָּ֣לֶד ל֔וֹ אֵ֖ת יִצְחָ֥ק בְּנֽוֹ ׃,ואברהמ בנ מאת שנה בהולד לו את יצחק בנו,10,ואברהם בר מאה שנין כד אתיליד ליה ית יצחק בריה:,10,"Ἀβραὰμ δὲ ἦν ἑκατὸν ἐτῶν, ἡνίκα ἐγένετο αὐτῷ Ἰσαὰκ ὁ υἱὸς αὐτοῦ.",12,ܘܐܒܪܗܡ ܒܪ ܡܐܐ ܗܘܐ ܫ̈ܢܝܢ. ܟܕ ܐܬܝܠܕ ܠܗ ܐܝܣܚܩ ܒܪܗ.,10,"Ora, Abraão tinha cem anos, quando lhe nasceu Isaque, seu filho.",11,True,True,True
21,6,Gênesis 21:6,וַתֹּ֣אמֶר שָׂרָ֔ה צְחֹ֕ק עָ֥שָׂה לִ֖י אֱלֹהִ֑ים כָּל־ הַשֹּׁמֵ֖עַ יִֽצְחַק־ לִֽי ׃,ותאמר שרה צחק עשה לי אלהימ כל השמע יצחק לי,11,ואמרת שרה חדוא עבד לי יי כל דשמע יחדי לי:,10,εἶπεν δὲ Σάρρα Γέλωτά μοι ἐποίησεν Κύριος· ὃς γὰρ ἐὰν ἀκούσῃ συγχαρεῖταί μοι.,13,ܘܐܡ̣ܪܬ ܣܪܐ. ܚܕܘܬܐ ܪܒܬܐ ܥܒ̣ܕ ܠܝ ܐܠܗܐ ܝܘܡܢܐ . ܟܠ ܕܫ̇ܡܥ ܢܚܕܐ ܠܝ.,13,"Pelo que disse Sara: Deus preparou riso para mim; todo aquele que o ouvir, se rirá comigo.",17,True,True,True
21,7,Gênesis 21:7,וַתֹּ֗אמֶר מִ֤י מִלֵּל֙ לְאַבְרָהָ֔ם הֵינִ֥יקָה בָנִ֖ים שָׂרָ֑ה כִּֽי־ יָלַ֥דְתִּי בֵ֖ן לִזְקֻנָֽיו ׃,ותאמר מי מלל לאברהמ היניקה בנימ שרה כי ילדתי בנ לזקניו,12,ואמרת מאן מהימן דאמר לאברהם קים דתוניק בנין שרה ארי ילידית בר לסיבתוהי:,13,καὶ εἶπεν Τίς ἀναγγελεῖ τῷ Ἀβραάμ ὅτι θηλάζει παιδίον Σάρρα; ὅτι ἔτεκον υἱὸν ἐν τῷ γήρει μου.,17,ܘܐܡ̣ܪܬ . ܡ̇ܢ ܐܡܪ ܠܐܒܪܗܡ ܕܬܝܢܩ ܒ̈ܢܝܐ ܣܪܐ. ܕܝܠ̣ܕܬ ܠܗ ܒܪܐ ܠܣܝܒܘܬܗ.,12,E acrescentou: Quem diria a Abraão que Sara havia de amamentar filhos? no entanto lhe dei um filho na sua velhice.,21,True,True,True
21,8,Gênesis 21:8,וַיִּגְדַּ֥ל הַיֶּ֖לֶד וַיִּגָּמַ֑ל וַיַּ֤עַשׂ אַבְרָהָם֙ מִשְׁתֶּ֣ה גָד֔וֹל בְּי֖וֹם הִגָּמֵ֥ל אֶת־ יִצְחָֽק ׃,ויגדל הילד ויגמל ויעש אברהמ משתה גדול ביומ הגמל את יצחק,12,ורבא רביא ואתחסיל ועבד אברהם משתיא רבא ביומא דאתחסיל ית יצחק:,11,Καὶ ηὐξήθη τὸ παιδίον καὶ ἀπεγαλακτίσθη· καὶ ἐποίησεν Ἀβραὰμ δοχὴν μεγάλην ᾗ ἡμέρᾳ ἀπεγαλακτίσθη Ἰσαὰκ ὁ υἱὸς αὐτοῦ.,18,ܘܪܒܐ ܛܠܝܐ ܘܐܬܚܣܠ. ܘܥܒ̣ܕ ܐܒܪܗܡ ܡܫܬܝܐ ܪܒܐ ܒܝܘܡܐ ܕܐܬܚܣܠ ܐܝܣܚܩ.,10,"cresceu o menino, e foi desmamado; e Abraão fez um grande banquete no dia em que Isaque foi desmamado.",19,True,True,True
21,9,Gênesis 21:9,וַתֵּ֨רֶא שָׂרָ֜ה אֶֽת־ בֶּן־ הָגָ֧ר הַמִּצְרִ֛ית אֲשֶׁר־ יָלְדָ֥ה לְאַבְרָהָ֖ם מְצַחֵֽק ׃,ותרא שרה את בנ הגר המצרית אשר ילדה לאברהמ מצחק,11,וחזת שרה ית בר הגר מצריתא דילידת לאברהם מחייך:,9,"ἰδοῦσα δὲ Σάρρα τὸν υἱὸν Ἁγὰρ τῆς Αἰγυπτίας, ὃς ἐγένετο τῷ Ἀβραάμ, παίζοντα μετὰ Ἰσαὰκ τοῦ υἱοῦ ἑαυτῆς,",18,ܘܚܙܬ ܣܪܐ ܠܒܪ ܗܓܪ ܡܨܪܝܬܐ ܕܝܠ̣ܕܬ ܠܐܒܪܗܡ ܡܓܚܟ.,8,"Ora, Sara viu brincando o filho de Agar a egípcia, que esta dera à luz a Abraão.",17,True,True,True
21,10,Gênesis 21:10,וַתֹּ֨אמֶר֙ לְאַבְרָהָ֔ם גָּרֵ֛שׁ הָאָמָ֥ה הַזֹּ֖את וְאֶת־ בְּנָ֑הּ כִּ֣י לֹ֤א יִירַשׁ֙ בֶּן־ הָאָמָ֣ה הַזֹּ֔את עִם־ בְּנִ֖י עִם־ יִצְחָֽק ׃,ותאמר לאברהמ גרש האמה הזאת ואת בנה כי לא יירש בנ האמה הזאת עמ בני עמ יצחק,18,ואמרת לאברהם תרך אמתא הדא וית ברה ארי לא ירת בר אמתא הדא עם ברי עם יצחק:,17,καὶ εἶπεν τῷ Ἀβραάμ Ἔκβαλε τὴν παιδίσκην ταύτην καὶ τὸν υἱὸν αὐτῆς· οὐ γὰρ μὴ κληρονομήσει ὁ υἱὸς τῆς παιδίσκης μετὰ τοῦ υἱοῦ μου Ἰσαάκ.,25,ܘܐܡܪܬ ܠܐܒܪܗܡ. ܐܦܩܝܗ̇ ܠܐܡܬܐ ܗܕܐ ܘܠܒܪܗ̇. ܡܛܠ ܕܠܐ ܢܐܪܬ ܒܪ ܐܡܬܐ ܗܢܐ ܥܡ ܒܪܝ ܐܝܣܚܩ.,15,"Pelo que disse a Abraão: Deita fora esta serva e o seu filho; porque o filho desta serva não será herdeiro com meu filho, com Isaque.",26,True,True,True
21,11,Gênesis 21:11,וַיֵּ֧רַע הַדָּבָ֛ר מְאֹ֖ד בְּעֵינֵ֣י אַבְרָהָ֑ם עַ֖ל אוֹדֹ֥ת בְּנֽוֹ ׃,וירע הדבר מאד בעיני אברהמ על אודת בנו,9,ובאיש פתגמא לחדא בעיני אברהם על עיסק בריה:,8,σκληρὸν δὲ ἐφάνη τὸ ῥῆμα σφόδρα ἐναντίον Ἀβραὰμ περὶ τοῦ υἱοῦ αὐτοῦ Ἰσμαήλ.,13,ܘܐܬܒܐܫ ܦܬܓܡܐ ܛܒ. ܒܥܝܢ̈ܝ ܐܒܪܗܡ ܥܠ ܨܒܘܬܐ ܕܒܪܗ.,8,"Pareceu isto bem duro aos olhos de Abraão, por causa de seu filho.",13,True,True,True
21,12,Gênesis 21:12,וַיֹּ֨אמֶר אֱלֹהִ֜ים אֶל־ אַבְרָהָ֗ם אַל־ יֵרַ֤ע בְּעֵינֶ֨יךָ֙ עַל־ הַנַּ֣עַר וְעַל־ אֲמָתֶ֔ךָ כֹּל֩ אֲשֶׁ֨ר תֹּאמַ֥ר אֵלֶ֛יךָ שָׂרָ֖ה שְׁמַ֣ע בְּקֹלָ֑הּ כִּ֣י בְיִצְחָ֔ק יִקָּרֵ֥א לְךָ֖ זָֽרַע ׃,ויאמר אלהימ אל אברהמ אל ירע בעיניכ על הנער ועל אמתכ כל אשר תאמר אליכ שרה שמע בקלה כי ביצחק יקרא לכ זרע,24,ואמר יי לאברהם לא יבאש בעיניך על עולימא ועל אמתך כל די תימר לך שרה קבל מנה ארי ביצחק יתקרון לך בנין:,22,"εἶπεν δὲ ὁ θεὸς τῷ Ἀβραάμ Μὴ σκληρὸν ἔστω τὸ ῥῆμα ἐναντίον σου περὶ τοῦ παιδίου καὶ περὶ τῆς παιδίσκης· πάντα ὅσα ἐὰν εἴπῃ σοι Σάρρα, ἄκουε τῆς φωνῆς αὐτῆς· ὅτι ἐν Ἰσαὰκ κληθήσεταί σοι σπέρμα.",36,ܘܐܡ̣ܪ ܐܠܗܐ ܠܐܒܪܗܡ. ܠܐ ܢܬܒܐܫ ܒܥܝܢ̈ܝܟ ܥܠ ܛܠܝܐ ܘܥܠ ܐܡܬܟ. ܟܠ ܕܐܡܪܐ ܠܟ ܣܪܐ ܫܡ̣ܥ ܒܩܠܗ̇. ܡܛܘܠ ܕܒܐܝܣܚܩ ܢܬܩܪܐ ܠܟ ܙܪܥܐ.,21,"Deus, porém, disse a Abraão: Não pareça isso duro aos teus olhos por causa do moço e por causa da tua serva; em tudo o que Sara te diz, ouve a sua voz; porque em Isaque será chamada a tua descendência.",41,True,True,True
21,13,Gênesis 21:13,וְגַ֥ם אֶת־ בֶּן־ הָאָמָ֖ה לְג֣וֹי אֲשִׂימֶ֑נּוּ כִּ֥י זַרְעֲךָ֖ הֽוּא ׃,וגמ את בנ האמה לגוי אשימנו כי זרעכ הוא,10,ואף ית בר אמתא לעם אשוניה ארי בנך הוא:,9,"καὶ τὸν υἱὸν δὲ τῆς παιδίσκης ταύτης, εἰς ἔθνος μέγα ποιήσω αὐτόν, ὅτι σπέρμα σόν ἐστιν.",16,ܘܐܦ ܒܪܗ̇ ܕܐܡܬܐ ܠܥܡܐ ܪܒܐ ܐܥܒܕܝܘܗܝ. ܡܛܠ ܕܙܪܥܟ ܗ̣ܘ.,9,"Mas também do filho desta serva farei uma nação, porquanto ele é da tua linhagem.",15,True,True,True
21,14,Gênesis 21:14,וַיַּשְׁכֵּ֣ם אַבְרָהָ֣ם ׀ בַּבֹּ֡קֶר וַיִּֽקַּֽח־ לֶחֶם֩ וְחֵ֨מַת מַ֜יִם וַיִּתֵּ֣ן אֶל־ הָ֠גָר שָׂ֧ם עַל־ שִׁכְמָ֛הּ וְאֶת־ הַיֶּ֖לֶד וַֽיְשַׁלְּחֶ֑הָ וַתֵּ֣לֶךְ וַתֵּ֔תַע בְּמִדְבַּ֖ר בְּאֵ֥ר שָֽׁבַע ׃,וישכמ אברהמ בבקר ויקח לחמ וחמת מימ ויתנ אל הגר שמ על שכמה ואת הילד וישלחה ותלכ ותתע במדבר באר שבע,23,ואקדים אברהם בצפרא ונסיב לחמא ורקבא דמיא ויהב להגר שוי על כתפה וית רביא ושלחה ואזלת ותעת במדברא באר שבע:,20,"ἀνέστη δὲ Ἀβραὰμ τὸ πρωί, καὶ ἔλαβεν ἄρτους καὶ ἀσκὸν ὕδατος καὶ ἔδωκεν Ἁγάρ· καὶ ἐπέθηκεν ἐπὶ τὸν ὦμον καὶ τὸ παιδίον, καὶ ἀπέστειλεν αὐτήν· ἀπελθοῦσα δὲ ἐπλανᾶτο τὴν ἔρημον, κατὰ τὸ φρέαρ τοῦ ὅρκου.",35,ܘܩ̇ܕܡ ܐܒܪܗܡ ܒܨܦܪܐ. ܘܢܣ̣ܒ ܠܚܡܐ ܘܪܩܒܐ ܕܡ̈ܝܐ ܘܝܗ̣ܒ ܠܗܓܪ. ܘܣܡ ܥܠ ܟܬܦܗ̇ ܘܠܛܠܝܐ ܘܫܕܪܗ̇ ܘܐܙ̣ܠܬ. ܘܛܥ̣ܬ ܒܡܕܒܪܐ ܕܒܪܫܒܥ.,18,"Então se levantou Abraão de manhã cedo e, tomando pão e um odre de água, os deu a Agar, pondo-os sobre o ombro dela; também lhe deu o menino e despediu-a; e ela partiu e foi andando errante pelo deserto de Beer-Seba.",42,True,True,True
21,15,Gênesis 21:15,וַיִּכְל֥וּ הַמַּ֖יִם מִן־ הַחֵ֑מֶת וַתַּשְׁלֵ֣ךְ אֶת־ הַיֶּ֔לֶד תַּ֖חַת אַחַ֥ד הַשִּׂיחִֽם ׃,ויכלו המימ מנ החמת ותשלכ את הילד תחת אחד השיחמ,11,ושלימו מיא מן רקבא ורמת ית רביא תחות חד מן אילניא:,11,"ἐξέλειπεν δὲ τὸ ὕδωρ ἐκ τοῦ ἀσκοῦ, καὶ ἔρριψεν τὸ παιδίον ὑποκάτω μιᾶς ἐλάτης·",14,ܘܓܡܪܘ ܡ̈ܝܐ ܡܢ ܪܩܒܐ. ܘܐܪܡܝܬܗ ܠܛܠܝܐ ܬܚܝܬ ܚܕ ܡܢ ܣܝܚ̈ܐ.,10,"E consumida a água do odre, Agar deitou o menino debaixo de um dos arbustos,",15,True,True,True
21,16,Gênesis 21:16,וַתֵּלֶךְ֩ וַתֵּ֨שֶׁב לָ֜הּ מִנֶּ֗גֶד הַרְחֵק֙ כִּמְטַחֲוֵ֣י קֶ֔שֶׁת כִּ֣י אָֽמְרָ֔ה אַל־ אֶרְאֶ֖ה בְּמ֣וֹת הַיָּ֑לֶד וַתֵּ֣שֶׁב מִנֶּ֔גֶד וַתִּשָּׂ֥א אֶת־ קֹלָ֖הּ וַתֵּֽבְךְּ ׃,ותלכ ותשב לה מנגד הרחק כמטחוי קשת כי אמרה אל אראה במות הילד ותשב מנגד ותשא את קלה ותבכ,20,ואזלת ויתיבת לה מקבל ארחיקת כמיגר קשתא ארי אמרת לא אחזי במותא דרביא ויתיבת מקבל וארימת ית קלה ובכת:,19,"ἀπελθοῦσα δὲ ἐκάθητο ἀπέναντι αὐτοῦ μακρότερον, ὡσεὶ τόξου βολήν· εἶπεν γάρ Οὐ μὴ ἴδω τὸν θάνατον τοῦ παιδίου μου. καὶ ἐκάθητο ἀπέναντι αὐτοῦ μακρόθεν· ἀναβοῆσαν δὲ τὸ παιδίον ἔκλαυσεν.",29,ܘܐܙ̣ܠܬ ܘܝܬ̣ܒܬ ܡܢ ܩܒܘܠ. ܐܪܚܩܬ ܐܝܟ ܡܫܕܐ ܒܩܫܬܐ. ܡܛܠ ܕܐܡ̣ܪܬ ܕܠܐ ܐܚܙܐ ܒܡܘܬܗ ܕܛܠܝܐ. ܘܝܬ̣ܒܬ ܡܢ ܩܒܘܠ ܘܐܪܝܡ̣ܬ ܩܠܗ̇ ܘܒܟ̣ܬ.,20,"e foi assentar-se em frente dele, a boa distância, como a de um tiro de arco; porque dizia: Que não veja eu morrer o menino. Assim sentada em frente dele, levantou a sua voz e chorou.",36,True,True,True
21,17,Gênesis 21:17,וַיִּשְׁמַ֣ע אֱלֹהִים֮ אֶת־ ק֣וֹל הַנַּעַר֒ וַיִּקְרָא֩ מַלְאַ֨ךְ אֱלֹהִ֤ים ׀ אֶל־ הָגָר֙ מִן־ הַשָּׁמַ֔יִם וַיֹּ֥אמֶר לָ֖הּ מַה־ לָּ֣ךְ הָגָ֑ר אַל־ תִּ֣ירְאִ֔י כִּֽי־ שָׁמַ֧ע אֱלֹהִ֛ים אֶל־ ק֥וֹל הַנַּ֖עַר בַּאֲשֶׁ֥ר הוּא־ שָֽׁם ׃,וישמע אלהימ את קול הנער ויקרא מלאכ אלהימ אל הגר מנ השמימ ויאמר לה מה לכ הגר אל תיראי כי שמע אלהימ אל קול הנער באשר הוא שמ,30,ושמיע קדם יי ית קליה דרביא וקרא מלאכא דיי להגר מן שמיא ואמר לה מה ליך הגר לא תדחלי ארי שמיע קדם יי ית קליה דרביא באתר דהוא תמן:,29,"εἰσήκουσεν δὲ ὁ θεὸς τῆς φωνῆς τοῦ παιδίου ἐκ τοῦ τόπου οὗ ἦν, καὶ ἐκάλεσεν ἄγγελος θεοῦ τὴν Ἁγὰρ ἐκ τοῦ οὐρανοῦ καὶ εἶπεν αὐτῇ Τί ἐστιν, Ἁγάρ; μὴ φοβοῦ· ἐπακήκοεν γὰρ ὁ θεὸς τῆς φωνῆς τοῦ παιδίου σου ἐκ τοῦ τόπου οὗ ἐστίν.",44,ܘܫܡ̣ܥ ܐܠܗܐ ܒܩܠܗ ܕܛܠܝܐ. ܘܩ̣ܪܐ ܡܠܐܟܗ ܕܐܠܗܐ ܠܗܓܪ ܡܢ ܫܡܝܐ ܘܐܡ̣ܪ ܠܗ̇. ܡܐ ܠܟܝ ܗܓܪ ܠܐ ܬܕܚܠܝܢ. ܡܛܠ ܕܫܡ̣ܥ ܐܠܗܐ ܒܩܠܗ ܕܛܠܝܐ ܐܬܪ ܕܗ̣ܘ .,25,"Mas Deus ouviu a voz do menino; e o anjo de Deus, bradando a Agar desde o céu, disse-lhe: Que tens, Agar? não temas, porque Deus ouviu a voz do menino desde o lugar onde está.",36,True,True,True
21,18,Gênesis 21:18,ק֚וּמִי שְׂאִ֣י אֶת־ הַנַּ֔עַר וְהַחֲזִ֥יקִי אֶת־ יָדֵ֖ךְ בּ֑וֹ כִּֽי־ לְג֥וֹי גָּד֖וֹל אֲשִׂימֶֽנּוּ ׃,קומי שאי את הנער והחזיקי את ידכ בו כי לגוי גדול אשימנו,13,קומי טולי ית רביא ואתקיפי ית ידך ביה ארי לעם סגי אשוניה:,12,"ἀνάστηθι καὶ λάβε τὸ παιδίον, καὶ κράτησον τῇ χειρί σου αὐτό· εἰς γάρ ἔθνος μέγα ποιήσω αὐτόν.",17,ܩܘܡܝ ܫܩܘܠܝ ܠܛܠܝܐ ܘܚܡܣܢܝ ܐ̈ܝܕܝܟܝ ܒܗ. ܡܛܠ ܕܠܥܡܐ ܪܒܐ ܐܥܒܕܝܘܗܝ.,10,"Ergue-te, levanta o menino e toma-o pela mão, porque dele farei uma grande nação.",14,True,True,True
21,19,Gênesis 21:19,וַיִּפְקַ֤ח אֱלֹהִים֙ אֶת־ עֵינֶ֔יהָ וַתֵּ֖רֶא בְּאֵ֣ר מָ֑יִם וַתֵּ֜לֶךְ וַתְּמַלֵּ֤א אֶת־ הַחֵ֨מֶת֙ מַ֔יִם וַתַּ֖שְׁקְ אֶת־ הַנָּֽעַר ׃,ויפקח אלהימ את עיניה ותרא באר מימ ותלכ ותמלא את החמת מימ ותשק את הנער,16,וגלא יי ית עינהה וחזת בירא דמיא ואזלת ומלת ית רקבא מיא ואשקיאת ית רביא:,15,"καὶ ἀνέῳξεν ὁ θεὸς τοὺς ὀφθαλμοὺς αὐτῆς, καὶ ἴδεν φρέαρ ὕδατος ζῶντος· καὶ ἐπορεύθη καὶ ἔπλησεν τὸν ἀσκὸν ὕδατος καὶ ἐπότισεν τὸ παιδίον.",23,ܘܦܬ̣ܚ ܐܠܗܐ ܥܝܢ̈ܝܗ̇. ܘܚܙܬ ܒܪܐ ܕܡ̈ܝܐ. ܘܐܙܠ̣ܬ ܘܡ̣ܠܬ ܪܩܒܐ ܡ̈ܝܐ ܘܐܫܩܝܬܗ ܠܛܠܝܐ.,12,"E abriu-lhe Deus os olhos, e ela viu um poço; e foi encher de água o odre e deu de beber ao menino.",23,True,True,True
21,20,Gênesis 21:20,וַיְהִ֧י אֱלֹהִ֛ים אֶת־ הַנַּ֖עַר וַיִּגְדָּ֑ל וַיֵּ֨שֶׁב֙ בַּמִּדְבָּ֔ר וַיְהִ֖י רֹבֶ֥ה קַשָּֽׁת ׃,ויהי אלהימ את הנער ויגדל וישב במדבר ויהי רבה קשת,11,והוה מימרא דיי בסעדיה דרביא ורבא ויתב במדברא והוה רבי קשתא:,11,"καὶ ἦν ὁ θεὸς μετὰ τοῦ παιδίου, καὶ ηὐξήθη καὶ κατῴκησεν ἐν τῇ ἐρήμῳ· ἐγένετο δὲ τοξότης.",17,ܘܗܘܐ ܐܠܗܐ ܥܡܗ ܥܡ ܛܠܝܐ. ܘܪܒ̣ܐ ܘܝܬ̣ܒ ܒܡܕܒܪܐ ܕܦܪܢ. ܘܝ̇ܠܦ ܗܘܐ ܩܫܬܐ.,12,"Deus estava com o menino, que cresceu e, morando no deserto, tornou-se flecheiro.",13,True,True,True
21,21,Gênesis 21:21,וַיֵּ֖שֶׁב בְּמִדְבַּ֣ר פָּארָ֑ן וַתִּֽקַּֽח־ ל֥וֹ אִמּ֛וֹ אִשָּׁ֖ה מֵאֶ֥רֶץ מִצְרָֽיִם ׃ פ,וישב במדבר פארנ ותקח לו אמו אשה מארצ מצרימ פ,11,ויתב במדברא דפארן ונסיבת ליה אמיה אתתא מארעא דמצרים:,9,καὶ κατῴκησεν ἐν τῇ ἐρήμῳ τῇ Φαράν· καὶ ἔλαβεν αὐτῷ ἡ μήτηρ γυναῖκα ἐκ γῆς Αἰγύπτου.,16,ܒܡܕܒܪܐ ܕܦܪܢ. ܘܢܣܒܬ ܠܗ ܐܡܗ ܐܢܬܬܐ ܡܢ ܐܪܥܐ ܕܡܨܪܝܢ.,9,Ele habitou no deserto de Parã; e sua mãe tomou-lhe uma mulher da terra do Egito.,16,True,True,True
21,22,Gênesis 21:22,וַֽיְהִי֙ בָּעֵ֣ת הַהִ֔וא וַיֹּ֣אמֶר אֲבִימֶ֗לֶךְ וּפִיכֹל֙ שַׂר־ צְבָא֔וֹ אֶל־ אַבְרָהָ֖ם לֵאמֹ֑ר אֱלֹהִ֣ים עִמְּךָ֔ בְּכֹ֥ל אֲשֶׁר־ אַתָּ֖ה עֹשֶֽׂה ׃,ויהי בעת ההוא ויאמר אבימלכ ופיכל שר צבאו אל אברהמ לאמר אלהימ עמכ בכל אשר אתה עשה,18,והוה בעדנא ההיא ואמר אבימלך ופיכל רב חיליה לאברהם למימר מימרא דיי בסעדך בכל די את עבד:,17,Ἐγένετο δὲ ἐν τῷ καιρῷ ἐκείνῳ καὶ εἶπεν Ἀβιμέλεχ καὶ Ὀχοζὰθ ὁ νυμφαγωγὸς αὐτοῦ καὶ Φικὸλ ὁ ἀρχιστράτηγος τῆς δυνάμεως αὐτοῦ πρὸς Ἀβραὰμ λέγων Ὁ θεὸς μετὰ σοῦ ἐν πᾶσιν οἷς ἐὰν ποιῇς.,33,ܘܗܘ̣ܐ ܒܙܒܢܐ ܗ̇ܘ. ܘܐܡ̣ܪ ܐܒܝܡܠܟ ܘܦܝܟܠ ܪܒ ܚܝܠܗ ܠܐܒܪܗܡ. ܐܠܗܐ ܥܡܟ ܒܟܠ ܕܥܒ̇ܕ ܐܢܬ.,14,"Naquele mesmo tempo Abimeleque, com Ficol, o chefe do seu exército, falou a Abraão, dizendo: Deus é contigo em tudo o que fazes;",23,True,True,True
21,23,Gênesis 21:23,וְעַתָּ֗ה הִשָּׁ֨בְעָה לִּ֤י בֵֽאלֹהִים֙ הֵ֔נָּה אִם־ תִּשְׁקֹ֣ר לִ֔י וּלְנִינִ֖י וּלְנֶכְדִּ֑י כַּחֶ֜סֶד אֲשֶׁר־ עָשִׂ֤יתִי עִמְּךָ֙ תַּעֲשֶׂ֣ה עִמָּדִ֔י וְעִם־ הָאָ֖רֶץ אֲשֶׁר־ גַּ֥רְתָּה בָּֽהּ ׃,ועתה השבעה לי באלהימ הנה אמ תשקר לי ולניני ולנכדי כחסד אשר עשיתי עמכ תעשה עמדי ועמ הארצ אשר גרתה בה,22,וכען קים לי במימרא דיי הכא דלא תשקר בי ובברי ובבר ברי כטיבותא די עבדית עמך תעבד עמי ועם ארעא דאתותבתא בה:,22,"νῦν οὖν ὄμοσόν μοι τὸν θεόν, μὴ ἀδικήσειν με μηδὲ τὸ σπέρμα μου μηδὲ τὸ ὄνομά μου· ἀλλὰ κατὰ τὴν δικαιοσύνην ἣν ἐποίησα μετὰ σοῦ ποιήσεις μετ᾽ ἐμοῦ, καὶ τῇ γῇ ᾗ σὺ παρῴκησας ἐν αὐτῇ.",36,ܘܗܫܐ ܝܡܝ ܠܝ ܒܐܠܗܐ ܗܪܟܐ. ܕܠܐ ܬܕܓܠ ܒܝ ܘܒܛܘܗܡܝ ܘܒܫܪܒܬܝ. ܘܐܝܟ ܛܝܒܘܬܐ ܕܥܒ̇ܕܬ ܥܡܟ ܥܒ̣ܕ ܥܡܝ. ܘܥܡ ܐܪܥܐ ܕܥܡ̣ܪܬ ܒܗ̇.,20,"agora pois, jura-me aqui por Deus que não te haverás falsamente comigo, nem com meu filho, nem com o filho do meu filho; mas segundo a beneficência que te fiz, me farás a mim, e à terra onde peregrinaste.",39,True,True,True
21,24,Gênesis 21:24,וַיֹּ֨אמֶר֙ אַבְרָהָ֔ם אָנֹכִ֖י אִשָּׁבֵֽעַ ׃,ויאמר אברהמ אנכי אשבע,5,ואמר אברהם אנא אקים:,4,καὶ εἶπεν Ἀβραάμ Ἐγὼ ὀμοῦμαι.,5,ܘܐܡ̣ܪ ܐܒܪܗܡ ܐܢܐ ܐܡܐ.,4,Respondeu Abraão: Eu jurarei.,4,True,True,True
21,25,Gênesis 21:25,וְהוֹכִ֥חַ אַבְרָהָ֖ם אֶת־ אֲבִימֶ֑לֶךְ עַל־ אֹדוֹת֙ בְּאֵ֣ר הַמַּ֔יִם אֲשֶׁ֥ר גָּזְל֖וּ עַבְדֵ֥י אֲבִימֶֽלֶךְ ׃,והוכח אברהמ את אבימלכ על אדות באר המימ אשר גזלו עבדי אבימלכ,13,ואוכח אברהם ית אבימלך על עיסק בירא דמיא די אניסו עבדי אבימלך:,12,καὶ ἤλεγξεν Ἀβραὰμ τὸν Ἀβιμέλεχ περὶ τῶν φρεάτων τοῦ ὕδατος ὧν ἀφείλαντο οἱ παῖδες τοῦ Ἀβιμέλεχ.,16,ܘܐܟܣ ܐܒܪܗܡ ܠܐܒܝܡܠܟ ܥܠ ܨܒܘܬܐ ܕܒܪܐ ܕܡ̈ܝܐ. ܕܚܦܪܘ ܥܒ̈ܕܘܗܝ ܕܐܒܪܗܡ ܘܫܩܠܘܗ̇ ܥܒ̈ܕܘܗܝ ܕܐܒܝܡܠܟ.,13,"Abraão, porém, repreendeu a Abimeleque, por causa de um poço de água, que os servos de Abimeleque haviam tomado à força.",21,True,True,True
21,26,Gênesis 21:26,וַיֹּ֣אמֶר אֲבִימֶ֔לֶךְ לֹ֣א יָדַ֔עְתִּי מִ֥י עָשָׂ֖ה אֶת־ הַדָּבָ֣ר הַזֶּ֑ה וְגַם־ אַתָּ֞ה לֹא־ הִגַּ֣דְתָּ לִּ֗י וְגַ֧ם אָנֹכִ֛י לֹ֥א שָׁמַ֖עְתִּי בִּלְתִּ֥י הַיּֽוֹם ׃,ויאמר אבימלכ לא ידעתי מי עשה את הדבר הזה וגמ אתה לא הגדת לי וגמ אנכי לא שמעתי בלתי היומ,21,ואמר אבימלך לא ידעית מאן עבד ית פתגמא הדין ואף את לא חוית לי ואף אנא לא שמעית אלהין יומא דין:,21,"καὶ εἶπεν αὐτῷ Ἀβιμέλεχ Οὐκ ἔγνων τίς ἐποίησεν τὸ πρᾶγμα τοῦτο· οὐδὲ σύ μοι ἀπήγγειλας, οὐδὲ ἐγὼ ἤκουσα ἀλλὰ σήμερον.",20,ܘܐܡ̣ܪ ܐܒܝܡܠܟ. ܠܐ ܝܕܥ̇ܬ ܡܢܘ ܥܒ̣ܕ ܦܬܓܡܐ ܗܢܐ. ܘܐܦ ܐܢܬ ܠܐ ܚܘܝܬܢܝ. ܘܐܦ ܐܢܐ ܠܐ ܫܡ̇ܥܬ. ܐܠܐ ܐܢ ܝܘܡܢܐ.,19,"Respondeu-lhe Abimeleque: Não sei quem fez isso; nem tu mo fizeste saber, nem tampouco ouvi eu falar nisso, senão hoje.",20,True,True,True
21,27,Gênesis 21:27,וַיִּקַּ֤ח אַבְרָהָם֙ צֹ֣אן וּבָקָ֔ר וַיִּתֵּ֖ן לַאֲבִימֶ֑לֶךְ וַיִּכְרְת֥וּ שְׁנֵיהֶ֖ם בְּרִֽית ׃,ויקח אברהמ צאנ ובקר ויתנ לאבימלכ ויכרתו שניהמ ברית,10,ודבר אברהם עאן ותורין ויהב לאבימלך וגזרו תרויהון קים:,9,καὶ ἔλαβεν Ἀβραὰμ πρόβατα καὶ μόσχους καὶ ἔδωκεν τῷ Ἀβιμέλεχ· καὶ διέθεντο ἀμφότεροι διαθήκην.,14,ܘܕܒ̣ܪ ܐܒܪܗܡ ܥܢܐ ܘܬܘܪ̈ܐ. ܘܝܗ̣ܒ ܠܐܒܝܡܠܟ. ܘܐܩܝܡܘ ܬܪ̈ܝܗܘܢ ܩܝܡܐ.,9,"Tomou, pois, Abraão ovelhas e bois, e os deu a Abimeleque; assim fizeram entre, si um pacto.",17,True,True,True
21,28,Gênesis 21:28,וַיַּצֵּ֣ב אַבְרָהָ֗ם אֶת־ שֶׁ֛בַע כִּבְשֹׂ֥ת הַצֹּ֖אן לְבַדְּהֶֽן ׃,ויצב אברהמ את שבע כבשת הצאנ לבדהנ,8,ואקים אברהם ית שבע חורפן דעאן בלחודיהן:,7,καὶ ἔστησεν Ἀβραὰμ ἑπτὰ ἀμνάδας προβάτων μόνας.,7,ܘܐܩܝܡ ܐܒܪܗܡ ܫܒܥ ܦܪ̈ܬܐ ܕܥܢܐ ܒܠܚܘܕܝܗܝܢ.,6,"Pôs Abraão, porém, à parte sete cordeiras do rebanho.",9,True,True,True
21,29,Gênesis 21:29,וַיֹּ֥אמֶר אֲבִימֶ֖לֶךְ אֶל־ אַבְרָהָ֑ם מָ֣ה הֵ֗נָּה שֶׁ֤בַע כְּבָשֹׂת֙ הָאֵ֔לֶּה אֲשֶׁ֥ר הִצַּ֖בְתָּ לְבַדָּֽנָה ׃,ויאמר אבימלכ אל אברהמ מה הנה שבע כבשת האלה אשר הצבת לבדנה,13,ואמר אבימלך לאברהם מה אנון שבע חורפן אלין דאקמתא בלחודיהן:,10,καὶ εἶπεν Ἀβιμέλεχ τῷ Ἀβραάμ Τί εἰσιν αἱ ἑπτὰ ἀμνάδες τῶν προβάτων τούτων ἃς ἔστησας μόνας;,16,ܘܐܡ̣ܪ ܐܒܝܡܠܟ ܠܐܒܪܗܡ. ܡܢܐ ܐ̈ܢܝܢ ܗܠܝܢ ܫܒܥ ܦܪ̈ܬܐ ܕܥܢܐ ܕܐܩܝܡܬ ܒܠܚܘܕܝܗܝܢ.,11,E perguntou Abimeleque a Abraão: Que significam estas sete cordeiras que puseste à parte?,14,True,True,True
21,30,Gênesis 21:30,וַיֹּ֕אמֶר כִּ֚י אֶת־ שֶׁ֣בַע כְּבָשֹׂ֔ת תִּקַּ֖ח מִיָּדִ֑י בַּעֲבוּר֙ תִּֽהְיֶה־ לִּ֣י לְעֵדָ֔ה כִּ֥י חָפַ֖רְתִּי אֶת־ הַבְּאֵ֥ר הַזֹּֽאת ׃,ויאמר כי את שבע כבשת תקח מידי בעבור תהיה לי לעדה כי חפרתי את הבאר הזאת,17,ואמר ארי ית שבע חורפן תקבל מן ידי בדיל דתהי לי לסהדו ארי חפרית ית בירא הדין :,18,"καὶ εἶπεν Ἀβραὰμ ὅτι Τὰς ἑπτὰ ἀμνάδας ταύτας λήμψῃ παρ᾽ ἐμοῦ, ἵνα ὦσιν εἰς μαρτύριον ὅτι ἐγὼ ὤρυξα τὸ φρέαρ τοῦτο.",21,ܘܐܡ̣ܪ ܕܫܒܥ ܦܪ̈ܬܐ ܬܣܒ ܡܢ ܐ̈ܝܕܝ. ܡܛܠ ܕܬܗܘܐ ܠܝ ܣܗܕܘܬܐ ܕܚܦܪܬ ܒܪܐ ܗܕܐ.,13,Respondeu Abraão: Estas sete cordeiras receberás da minha mão para que me sirvam de testemunho de que eu cavei este poço.,21,True,True,True
21,31,Gênesis 21:31,עַל־ כֵּ֗ן קָרָ֛א לַמָּק֥וֹם הַה֖וּא בְּאֵ֣ר שָׁ֑בַע כִּ֛י שָׁ֥ם נִשְׁבְּע֖וּ שְׁנֵיהֶֽם ׃,על כנ קרא למקומ ההוא באר שבע כי שמ נשבעו שניהמ,12,על כן קרא לאתרא ההוא באר שבע ארי תמן קימו תרויהון:,11,"διὰ τοῦτο ἐπωνόμασεν τὸ ὄνομα τοῦ τόπου ἐκείνου Φρέαρ ὁρκισμοῦ, ὅτι ἐκεῖ ὤμοσαν ἀμφότεροι.",14,ܡܛܠ ܗܢܐ ܩ̣ܪܐ ܠܐܬܪܐ ܗ̇ܘ ܒܪܫܒܥ. ܡܛܠ ܕܬܡܢ ܝܡܘ ܬܪ̈ܝܗܘܢ.,10,"Pelo que chamou aquele lugar Beer-Seba, porque ali os dois juraram.",11,True,True,True
21,32,Gênesis 21:32,וַיִּכְרְת֥וּ בְרִ֖ית בִּבְאֵ֣ר שָׁ֑בַע וַיָּ֣קָם אֲבִימֶ֗לֶךְ וּפִיכֹל֙ שַׂר־ צְבָא֔וֹ וַיָּשֻׁ֖בוּ אֶל־ אֶ֥רֶץ פְּלִשְׁתִּֽים ׃,ויכרתו ברית בבאר שבע ויקמ אבימלכ ופיכל שר צבאו וישבו אל ארצ פלשתימ,14,וגזרו קים בבאר שבע וקם אבימלך ופיכל רב חיליה ותבו לארע פלשתאי:,12,"καὶ διέθεντο διαθήκην ἐν τῷ φρέατι τοῦ ὅρκου. ἀνέστη δὲ Ἀβιμέλεχ καὶ Ὀχοζὰθ ὁ νυμφαγωγὸς αὐτοῦ καὶ Φικὸλ ὁ ἀρχιστράτηγος τῆς δυνάμεως αὐτοῦ, καὶ ἐπέστρεψαν εἰς τὴν γῆν τῶν Φυλιστιείμ.",30,ܘܐܩܝ̣ܡܘ ܩܝܡܐ ܒܒܪܫܒܥ. ܘܩܡ ܐܒܝܡܠܟ ܘܦܝܟܠ ܪܒ ܚܝܠܗ. ܘܗܦܟܘ ܠܐܪܥܐ ܕܦܠܫ̈ܬܝܐ.,11,"Assim fizeram uma pacto em Beer-Seba. Depois se levantaram Abimeleque e Ficol, o chefe do seu exército, e tornaram para a terra dos filisteus.",24,True,True,True
21,33,Gênesis 21:33,וַיִּטַּ֥ע אֶ֖שֶׁל בִּבְאֵ֣ר שָׁ֑בַע וַיִּ֨קְרָא־ שָׁ֔ם בְּשֵׁ֥ם יְהוָ֖ה אֵ֥ל עוֹלָֽם ׃,ויטע אשל בבאר שבע ויקרא שמ בשמ יהוה אל עולמ,11,ונציב נצבא בבאר שבע וצלי תמן בשמא דיי אלהא דעלמא:,10,"καὶ ἐφύτευσεν Ἀβραὰμ ἄρουραν ἐπὶ τῷ φρέατι τοῦ ὅρκου, καὶ ἐπεκαλέσατο ἐκεῖ τὸ ὄνομα Κυρίου, Θεὸς αἰώνιος.",17,ܘܢ̣ܨܒ ܐܒܪܗܡ ܢܨܒܬܐ ܒܒܪܫܒܥ. ܘܩ̣ܪܐ ܬܡܢ ܒܫܡܗ ܕܡܪܝܐ ܐܠܗܐ ܕܥܠܡ̈ܐ.,10,"Abraão plantou uma tamargueira em Beer-Seba, e invocou ali o nome do Senhor, o Deus eterno.",16,True,True,True
21,34,Gênesis 21:34,וַיָּ֧גָר אַבְרָהָ֛ם בְּאֶ֥רֶץ פְּלִשְׁתִּ֖ים יָמִ֥ים רַבִּֽים ׃ פ,ויגר אברהמ בארצ פלשתימ ימימ רבימ פ,8,ואתותב אברהם בארע פלשתאי יומין סגיאין:,6,παρῴκησεν δὲ Ἀβραὰμ ἐν τῇ γῇ τῶν Φυλιστιεὶμ ἡμέρας πολλάς.,10,ܘܥܡ̣ܪ ܐܒܪܗܡ ܒܐܪܥܐ ܕܦܠܫ̈ܬܝܐ ܝܘܡ̈ܬܐ ܣ̈ܓܝܐܐ.,6,E peregrinou Abraão na terra dos filisteus muitos dias.,9,True,True,True
22,1,Gênesis 22:1,וַיְהִ֗י אַחַר֙ הַדְּבָרִ֣ים הָאֵ֔לֶּה וְהָ֣אֱלֹהִ֔ים נִסָּ֖ה אֶת־ אַבְרָהָ֑ם וַיֹּ֣אמֶר אֵלָ֔יו אַבְרָהָ֖ם וַיֹּ֥אמֶר הִנֵּֽנִי ׃,ויהי אחר הדברימ האלה והאלהימ נסה את אברהמ ויאמר אליו אברהמ ויאמר הנני,14,והוה בתר פתגמיא האלין ויי נסי ית אברהם ואמר ליה אברהם ואמר הא אנא:,14,Καὶ ἐγένετο μετὰ τὰ ῥήματα ταῦτα ὁ θεὸς ἐπείραζεν τὸν Ἀβραάμ· καὶ εἶπεν πρὸς αὐτόν Ἀβραὰμ Ἀβραάμ. ὁ δὲ εἶπεν Ἰδοὺ ἐγώ.,22,ܘܗܘܐ ܡܢ ܒܬܪ ܦܬ̈ܓܡܐ ܗܠܝܢ. ܐܠܗܐ ܢܣܝ ܠܐܒܪܗܡ ܘܐܡ̣ܪ ܠܗ ܐܒܪܗܡ . ܘܐܡ̣ܪ ܗܐ ܐܢܐ.,15,"Sucedeu, depois destas coisas, que Deus provou a Abraão, dizendo-lhe: Abraão! E este respondeu: Eis-me aqui.",16,True,True,True
22,2,Gênesis 22:2,וַיֹּ֡אמֶר קַח־ נָ֠א אֶת־ בִּנְךָ֨ אֶת־ יְחִֽידְךָ֤ אֲשֶׁר־ אָהַ֨בְתָּ֙ אֶת־ יִצְחָ֔ק וְלֶךְ־ לְךָ֔ אֶל־ אֶ֖רֶץ הַמֹּרִיָּ֑ה וְהַעֲלֵ֤הוּ שָׁם֙ לְעֹלָ֔ה עַ֚ל אַחַ֣ד הֶֽהָרִ֔ים אֲשֶׁ֖ר אֹמַ֥ר אֵלֶֽיךָ ׃,ויאמר קח נא את בנכ את יחידכ אשר אהבת את יצחק ולכ לכ אל ארצ המריה והעלהו שמ לעלה על אחד ההרימ אשר אמר אליכ,26,ואמר דבר כען ית ברך ית יחידך די רחמת ית יצחק ואיזל לך לארעא פולחנא ואסקיה קדמי תמן לעלתא על חד מן טוריא די אימר לך:,26,"καὶ εἶπεν Λάβε τὸν υἱόν σου τὸν ἀγαπητὸν ὃν ἠγάπησας, τὸν Ἰσαάκ, καὶ πορεύθητι εἰς τὴν γῆν τὴν ὑψηλήν, καὶ ἀνένεγκον αὐτὸν ἐκεῖ εἰς ὁλοκάρπωσιν ἐφ᾽ ἓν τῶν ὀρέων ὧν ἄν σοι εἴπω.",33,ܘܐܡ̣ܪ ܠܗ. ܕܒ̣ܪ ܠܒܪܟ ܠܐܝܚܝܕܟ ܕܪܚ̇ܡ ܐܢܬ ܠܐܝܣܚܩ. ܘܙܠ ܠܟ ܠܐܪܥܐ ܕܐܡܘܪ̈ܝܐ. ܘܐܣܩܝܗܝ ܬܡ̇ܢ ܠܥܠܬܐ ܥܠ ܚܕ ܡܢ ܛܘܪ̈ܐ ܕܐܡ̣ܪ ܠܟ.,21,"Prosseguiu Deus: Toma agora teu filho; o teu único filho, Isaque, a quem amas; vai à terra de Moriá, e oferece-o ali em holocausto sobre um dos montes que te hei de mostrar.",33,True,True,True
22,3,Gênesis 22:3,וַיַּשְׁכֵּ֨ם אַבְרָהָ֜ם בַּבֹּ֗קֶר וַֽיַּחֲבֹשׁ֙ אֶת־ חֲמֹר֔וֹ וַיִּקַּ֞ח אֶת־ שְׁנֵ֤י נְעָרָיו֙ אִתּ֔וֹ וְאֵ֖ת יִצְחָ֣ק בְּנ֑וֹ וַיְבַקַּע֙ עֲצֵ֣י עֹלָ֔ה וַיָּ֣קָם וַיֵּ֔לֶךְ אֶל־ הַמָּק֖וֹם אֲשֶׁר־ אָֽמַר־ ל֥וֹ הָאֱלֹהִֽים ׃,וישכמ אברהמ בבקר ויחבש את חמרו ויקח את שני נעריו אתו ואת יצחק בנו ויבקע עצי עלה ויקמ וילכ אל המקומ אשר אמר לו האלהימ,26,ואקדים אברהם בצפרא וזרז ית חמריה ודבר ית תרין עולימוהי עמיה וית יצחק בריה וצלח אעי לעלתא וקם ואזל לאתרא די אמר ליה יי:,24,"ἀναστὰς δὲ Ἀβραὰμ τὸ πρωὶ ἐπέσαξεν τὴν ὄνον αὐτοῦ. παρέλαβεν δὲ μεθ᾽ ἑαυτοῦ δύο παῖδας καὶ Ἰσαὰκ τὸν υἱὸν αὐτοῦ, καὶ σχὶσας ξύλα εἰς ὁλοκάρπωσιν ἀναστὰς ἐπορεύθη. καὶ ἦλθεν ἐπὶ τὸν τόπον ὃν εἶπεν αὐτῷ ὁ θεὸς",37,ܘܩ̇ܕܡ ܐܒܪܗܡ ܒܨܦܪܐ. ܘܐܪܡܝ ܥܠ ܚܡܪܗ. ܘܕܒ̣ܪ ܠܬܪ̈ܝܢ ܥ̈ܠܝܡܘܗܝ ܥܡܗ. ܘܠܐܝܣܚܩ ܒܪܗ. ܘܨ̇ܠܚ ܩܝ̈ܣܐ ܠܥ̇ܠܬܐ. ܘܩܡ ܐܙܠ ܠܐܬܪܐ ܕܐܡ̣ܪ ܠܗ ܐܠܗܐ.,21,"Levantou-se, pois, Abraão de manhã cedo, albardou o seu jumento, e tomou consigo dois de seus moços e Isaque, seu filho; e, tendo cortado lenha para o holocausto, partiu para ir ao lugar que Deus lhe dissera.",37,True,True,True
22,4,Gênesis 22:4,בַּיּ֣וֹם הַשְּׁלִישִׁ֗י וַיִּשָּׂ֨א אַבְרָהָ֧ם אֶת־ עֵינָ֛יו וַיַּ֥רְא אֶת־ הַמָּק֖וֹם מֵרָחֹֽק ׃,ביומ השלישי וישא אברהמ את עיניו וירא את המקומ מרחק,11,ביומא תליתאה וזקף אברהם ית עינוהי וחזא ית אתרא מרחיק:,10,τῇ ἡμέρᾳ τῇ τρίτῃ. καὶ ἀναβλέψας Ἀβραὰμ τοῖς ὀφθαλμοῖς ἴδεν τὸν τόπον μακρόθεν·,13,ܘܠܝܘܡܐ ܬܠܝܬܝܐ. ܐܪܝܡ ܐܒܪܗܡ ܥܝܢ̈ܘܗܝ. ܘܚܙܝܗܝ ܠܐܬܪܐ ܗ̇ܘ ܡܢ ܪܘܚܩܐ.,10,"Ao terceiro dia levantou Abraão os olhos, e viu o lugar de longe.",13,True,True,True
22,5,Gênesis 22:5,וַיֹּ֨אמֶר אַבְרָהָ֜ם אֶל־ נְעָרָ֗יו שְׁבוּ־ לָכֶ֥ם פֹּה֙ עִֽם־ הַחֲמ֔וֹר וַאֲנִ֣י וְהַנַּ֔עַר נֵלְכָ֖ה עַד־ כֹּ֑ה וְנִֽשְׁתַּחֲוֶ֖ה וְנָשׁ֥וּבָה אֲלֵיכֶֽם ׃,ויאמר אברהמ אל נעריו שבו לכמ פה עמ החמור ואני והנער נלכה עד כה ונשתחוה ונשובה אליכמ,18,ואמר אברהם לעולימוהי אוריכו לכון הכא עם חמרא ואנא ועולימא נתמטי עד כא ונסגוד ונתוב לותכון:,16,"καὶ εἶπεν Ἀβραὰμ τοῖς παισὶν αὐτοῦ Καθίσατε αὐτοῦ μετὰ τῆς ὄνου, ἐγὼ δὲ καὶ τὸ παιδίον διελευσόμεθα ἕως ὧδε· καὶ προσκυνήσαντες ἀναστρέψωμεν πρὸς ὑμᾶς.",24,ܘܐܡ̣ܪ ܠܥܠܝܡ̈ܘܗܝ ܦܘܫܘ ܠܟܘܢ ܗܪܟܐ ܠܘܬ ܚܡܪܐ. ܘܐܢܐ ܘܛܠܝܐ ܢܐܙܠ ܥܕܡܐ ܠܗܪܟܐ. ܢܣܓܘܕ ܘܢܗܦܘܟ ܠܘܬܟܘܢ.,15,"E disse Abraão a seus moços: Ficai-vos aqui com o jumento, e eu e o mancebo iremos até lá; depois de adorarmos, voltaremos a vós.",25,True,True,True
22,6,Gênesis 22:6,וַיִּקַּ֨ח אַבְרָהָ֜ם אֶת־ עֲצֵ֣י הָעֹלָ֗ה וַיָּ֨שֶׂם֙ עַל־ יִצְחָ֣ק בְּנ֔וֹ וַיִּקַּ֣ח בְּיָד֔וֹ אֶת־ הָאֵ֖שׁ וְאֶת־ הַֽמַּאֲכֶ֑לֶת וַיֵּלְכ֥וּ שְׁנֵיהֶ֖ם יַחְדָּֽו ׃,ויקח אברהמ את עצי העלה וישמ על יצחק בנו ויקח בידו את האש ואת המאכלת וילכו שניהמ יחדו,19,ונסיב אברהם ית אעי דעלתא ושוי על יצחק בריה ונסיב בידיה ית אשתא וית סכינא ואזלו תרויהון בתרא :,19,"ἔλαβεν δὲ Ἀβραὰμ τὰ ξύλα τῆς ὁλοκαρπώσεως καὶ ἐπέθηκεν Ἰσαὰκ τῷ υἱῷ αὐτοῦ· ἔλαβεν δὲ καὶ τὸ πῦρ μετὰ χεῖρα καὶ τὴν μάχαιραν, καὶ ἐπορεύθησαν οἱ δύο ἅμα.",28,ܘܢܣܒ ܐܒܪܗܡ ܩܝ̈ܣܐ ܠܥܠܬܐ̣ . ܘܣܡ ܥܠ ܐܝܣܚܩ ܒܪܗ. ܘܢܣ̣ܒ ܒܐܝܕܗ ܢܘܪܐ ܘܣܟܝܢܐ ܘܐܙܠܘ ܬܪ̈ܝܗܘܢ ܐܝܟ ܚܕܐ.,17,"Tomou, pois, Abraão a lenha do holocausto e a pôs sobre Isaque, seu filho; tomou também na mão o fogo e o cutelo, e foram caminhando juntos.",27,True,True,True
22,7,Gênesis 22:7,וַיֹּ֨אמֶר יִצְחָ֜ק אֶל־ אַבְרָהָ֤ם אָבִיו֙ וַיֹּ֣אמֶר אָבִ֔י וַיֹּ֖אמֶר הִנֶּ֣נִּֽי בְנִ֑י וַיֹּ֗אמֶר הִנֵּ֤ה הָאֵשׁ֙ וְהָ֣עֵצִ֔ים וְאַיֵּ֥ה הַשֶּׂ֖ה לְעֹלָֽה ׃,ויאמר יצחק אל אברהמ אביו ויאמר אבי ויאמר הנני בני ויאמר הנה האש והעצימ ואיה השה לעלה,18,ואמר יצחק לאברהם אבוהי ואמר אבא ואמר הא אנא ברי ואמר הא אשתא ואעיא ואן אימרא לעלתא:,17,"καὶ εἶπεν Ἰσαὰκ πρὸς Ἀβραὰμ τὸν πατέρα αὐτοῦ εἴπας Πάτερ· ὁ δὲ εἶπεν Τί ἐστιν, τέκνον; λέγων Ἰδού τὸ πῦρ καὶ τὰ ξύλα· ποῦ ἔστιν τὸ πρόβατον τὸ εἰς ὁλοκάρπωσιν;",30,ܘܐܡ̣ܪ ܐܝܣܚܩ ܠܐܒܪܗܡ ܐܒܘܗܝ ܘܐܡ̣ܪ ܐܒܐ. ܘܐܡ̣ܪ ܗܐ ܐܢܐ ܒܪܝ. ܘܐܡ̣ܪ ܠܗ ܗܐ ܢܘܪܐ ܘܩܝ̈ܣܐ. ܐܝܟܘ ܐܡܪܐ ܠܥ̇ܠܬܐ.,18,"Então disse Isaque a Abraão, seu pai: Meu pai! Respondeu Abraão: Eis-me aqui, meu filho! Perguntou-lhe Isaque: Eis o fogo e a lenha, mas onde está o cordeiro para o holocausto?",31,True,True,True
22,8,Gênesis 22:8,וַיֹּ֨אמֶר֙ אַבְרָהָ֔ם אֱלֹהִ֞ים יִרְאֶה־ לּ֥וֹ הַשֶּׂ֛ה לְעֹלָ֖ה בְּנִ֑י וַיֵּלְכ֥וּ שְׁנֵיהֶ֖ם יַחְדָּֽו ׃,ויאמר אברהמ אלהימ יראה לו השה לעלה בני וילכו שניהמ יחדו,12,ואמר אברהם קדם יי גלי ליה אימרא לעלתא ברי ואזלו תרויהון כחדא:,12,"εἶπεν δὲ Ἀβραάμ Ὁ θεὸς ὄψεται ἑαυτῷ πρόβατον εἰς ὁλοκάρπωσιν, τέκνον. πορευθέντες δὲ ἀμφότεροι ἅμα",15,ܘܐܡ̣ܪ ܐܒܪܗܡ. ܐܠܗܐ ܢܚܙܐ ܠܗ ܐܡܪܐ ܠܥܠܬܐ ܒܪܝ. ܘܐܙܠܘ ܬܪ̈ܝܗܘܢ ܐܟܚܕܐ.,11,"Respondeu Abraão: Deus proverá para si o cordeiro para o holocausto, meu filho. E os dois iam caminhando juntos.",19,True,True,True
22,9,Gênesis 22:9,וַיָּבֹ֗אוּ אֶֽל־ הַמָּקוֹם֮ אֲשֶׁ֣ר אָֽמַר־ ל֣וֹ הָאֱלֹהִים֒ וַיִּ֨בֶן שָׁ֤ם אַבְרָהָם֙ אֶת־ הַמִּזְבֵּ֔חַ וַֽיַּעֲרֹ֖ךְ אֶת־ הָעֵצִ֑ים וַֽיַּעֲקֹד֙ אֶת־ יִצְחָ֣ק בְּנ֔וֹ וַיָּ֤שֶׂם אֹתוֹ֙ עַל־ הַמִּזְבֵּ֔חַ מִמַּ֖עַל לָעֵצִֽים ׃,ויבאו אל המקומ אשר אמר לו האלהימ ויבנ שמ אברהמ את המזבח ויערכ את העצימ ויעקד את יצחק בנו וישמ אתו על המזבח ממעל לעצימ,26,ואתו לאתרא די אמר ליה יי ובנא תמן אברהם ית מדבחא וסדר ית אעיא ועקד ית יצחק בריה ושוי יתיה על מדבחא עיל מן אעיא:,25,ἦλθον ἐπὶ τὸν τόπον ὃν εἶπεν αὐτῷ ὁ θεός. καὶ ᾠκοδόμησεν ἐκεῖ Ἀβραὰμ θυσιαστήριον καὶ ἐπέθηκεν τὰ ξύλα· καὶ συμποδίσας Ἰσαὰκ τὸν υἱὸν αὐτοῦ ἐπέθηκεν αὐτὸν ἐπὶ τὸ θυσιαστήριον ἐπάνω τῶν ξύλων.,32,ܘܐܬܘ ܠܐܬܪܐ ܕܐܡ̣ܪ ܠܗ ܐܠܗܐ. ܘܒܢ̣ܐ ܬܡܢ ܐܒܪܗܡ ܡܕܒܚܐ. ܘܣܕܪ ܩܝܣ̈ܐ. ܘܦܟܪܗ ܠܐܝܣܚܩ ܒܪܗ. ܘܣܡܗ ܥܠ ܡܕܒܚܐ ܠܥܠ ܡܢ ܩܝ̈ܣܐ .,21,"Havendo eles chegado ao lugar que Deus lhe dissera, edificou Abraão ali o altar e pôs a lenha em ordem; o amarrou, a Isaque, seu filho, e o deitou sobre o altar em cima da lenha.",36,True,True,True
22,10,Gênesis 22:10,וַיִּשְׁלַ֤ח אַבְרָהָם֙ אֶת־ יָד֔וֹ וַיִּקַּ֖ח אֶת־ הַֽמַּאֲכֶ֑לֶת לִשְׁחֹ֖ט אֶת־ בְּנֽוֹ ׃,וישלח אברהמ את ידו ויקח את המאכלת לשחט את בנו,11,ואושיט אברהם ית ידיה ונסיב ית סכינא למיכס ית בריה:,10,"καὶ ἐξέτεινεν Ἀβραὰμ τὴν χεῖρα αὐτοῦ λαβεῖν τὴν μάχαιραν, σφάξαι τὸν υἱὸν αὐτοῦ.",13,ܘܐܘܫܛ ܐܝܕܗ ܐܒܪܗܡ. ܘܢܣ̣ܒ ܣܟܝܢܐ ܠܡܟܣܗ ܠܒܪܗ.,7,"E, estendendo a mão, pegou no cutelo para imolar a seu filho.",12,True,True,True
22,11,Gênesis 22:11,וַיִּקְרָ֨א אֵלָ֜יו מַלְאַ֤ךְ יְהוָה֙ מִן־ הַשָּׁמַ֔יִם וַיֹּ֖אמֶר אַבְרָהָ֣ם ׀ אַבְרָהָ֑ם וַיֹּ֖אמֶר הִנֵּֽנִי ׃,ויקרא אליו מלאכ יהוה מנ השמימ ויאמר אברהמ אברהמ ויאמר הנני,13,וקרא ליה מלאכא דיי מן שמיא ואמר אברהם אברהם ואמר הא אנא:,12,καὶ ἐκάλεσεν αὐτὸν ἄγγελος Κυρίου ἐκ τοῦ οὐρανοῦ καὶ εἶπεν αὐτῷ Ἀβραὰμ Ἀβραάμ. ὁ δὲ εἶπεν Ἰδού ἐγώ.,18,ܘܩ̣ܪܐ ܠܗ ܡܠܐܟܗ ܕܐܠܗܐ ܡܢ ܫܡܝܐ ܘܐܡ̣ܪ ܐܒܪܗܡ ܐܒܪܗܡ. ܘܐܡ̣ܪ ܗܐ ܐܢܐ.,12,"Mas o anjo do Senhor lhe bradou desde o céu, e disse: Abraão, Abraão! Ele respondeu: Eis-me aqui.",18,True,True,True
22,12,Gênesis 22:12,וַיֹּ֗אמֶר אַל־ תִּשְׁלַ֤ח יָֽדְךָ֙ אֶל־ הַנַּ֔עַר וְאַל־ תַּ֥עַשׂ ל֖וֹ מְא֑וּמָּה כִּ֣י ׀ עַתָּ֣ה יָדַ֗עְתִּי כִּֽי־ יְרֵ֤א אֱלֹהִים֙ אַ֔תָּה וְלֹ֥א חָשַׂ֛כְתָּ אֶת־ בִּנְךָ֥ אֶת־ יְחִידְךָ֖ מִמֶּֽנִּי ׃,ויאמר אל תשלח ידכ אל הנער ואל תעש לו מאומה כי עתה ידעתי כי ירא אלהימ אתה ולא חשכת את בנכ את יחידכ ממני,26,ואמר לא תושיט ידך לעולימא ולא תעבד ליה מדעם ארי כען ידענא ארי דחלא דיי את ולא מנעת ית ברך ית יחידך מני:,23,"καὶ εἶπεν Μὴ ἐπιβάλῃς τὴν χεῖρά σου ἐπὶ τὸ παιδάριον, μηδὲ ποιήσῃς αὐτῷ μηδέν· νῦν γὰρ ἔγνων ὅτι φοβῇ τὸν θεὸν σύ, καὶ οὐκ ἐφείσω τοῦ υἱοῦ σου τοῦ ἀγαπητοῦ δι᾽ ἐμέ.",32,ܘܐܡ̣ܪ . ܠܐ ܬܘܫܛ ܐܝܕܟ ܥܠ ܛܠܝܐ. ܘܠܐ ܬܥܒܕ ܠܗ ܡܕܡ. ܡܛܠ ܕܗܫܐ ܐܘܕܥ̣ܬ ܕܕܚܠܗ ܐܢܬ ܕܐܠܗܐ. ܕܠܐ ܚܣܟ̣ܬ ܠܒܪܟ ܠܐܝܚܝܕܟ ܡܢܝ.,22,"Então disse o anjo: Não estendas a mão sobre o mancebo, e não lhe faças nada; porquanto agora sei que temes a Deus, visto que não me negaste teu filho, o teu único filho.",34,True,True,True
22,13,Gênesis 22:13,וַיִּשָּׂ֨א אַבְרָהָ֜ם אֶת־ עֵינָ֗יו וַיַּרְא֙ וְהִנֵּה־ אַ֔יִל אַחַ֕ר נֶאֱחַ֥ז בַּסְּבַ֖ךְ בְּקַרְנָ֑יו וַיֵּ֤לֶךְ אַבְרָהָם֙ וַיִּקַּ֣ח אֶת־ הָאַ֔יִל וַיַּעֲלֵ֥הוּ לְעֹלָ֖ה תַּ֥חַת בְּנֽוֹ ׃,וישא אברהמ את עיניו וירא והנה איל אחר נאחז בסבכ בקרניו וילכ אברהמ ויקח את האיל ויעלהו לעלה תחת בנו,21,וזקף אברהם ית עינוהי בתר אלין וחזא והא דכרא בתר אחיד באילנא בקרנוהי ואזל אברהם ונסיב ית דכרא ואסקיה לעלתא חלף בריה:,22,"καὶ ἀναβλέψας Ἀβραὰμ τοῖς ὀφθαλμοῖς αὐτοῦ ἴδεν, καὶ ἰδοὺ κριὸς εἷς κατεχόμενος ἐν φυτῷ σαβὲκ τῶν κεράτων. καὶ ἐπορεύθη Ἀβραὰμ καὶ ἔλαβεν τὸν κριόν, καὶ ἀνήνεγκεν αὐτὸν εἰς ὁλοκάρπωσιν ἀντὶ Ἰσαὰκ τοῦ υἱοῦ αὐτοῦ.",34,ܘܐܪܝܡ ܐܒܪܗܡ ܥܝܢ̈ܘܗܝ ܘܚܙܐ. ܘܗܐ ܕܟܪܐ ܚܕ ܐܚܝܕ ܒܣܘܟܬܐ ܒܩܪ̈ܢܬܗ. ܘܐܙܠ ܐܒܪܗܡ ܘܢܣܒܗ ܠܕܟܪܐ. ܘܐܣܩܗ ܠܥܠܬܐ ܚܠܦ ܒܪܗ.,18,"Nisso levantou Abraão os olhos e olhou, e eis atrás de si um carneiro embaraçado pelos chifres no mato; e foi Abraão, tomou o carneiro e o ofereceu em holocausto em lugar de seu filho.",35,True,True,True
22,14,Gênesis 22:14,וַיִּקְרָ֧א אַבְרָהָ֛ם שֵֽׁם־ הַמָּק֥וֹם הַה֖וּא יְהוָ֣ה ׀ יִרְאֶ֑ה אֲשֶׁר֙ יֵאָמֵ֣ר הַיּ֔וֹם בְּהַ֥ר יְהוָ֖ה יֵרָאֶֽה ׃,ויקרא אברהמ שמ המקומ ההוא יהוה יראה אשר יאמר היומ בהר יהוה יראה,15,ופלח וצלי אברהם תמן באתרא ההוא ואמר קדם יי הכא יהון פלחן דריא בכן יתאמר ביומא הדין בטורא הדין אברהם קדם יי פלח:,23,καὶ ἐκάλεσεν Ἀβραὰμ τὸ ὄνομα τοῦ τόπου ἐκείνου Κύριος ἴδεν· ἵνα εἴπωσιν σήμερον Ἐν τῷ ὄρει Κύριος ὤφθη.,18,ܘܩ̣ܪܐ ܐܒܪܗܡ ܫܡܗ ܕܐܬܪܐ ܗ̇ܘ ܡܪܝܐ ܢܚܙܐ. ܕܐܬܐܡܪ ܝܘܡܢܐ ܒܛܘܪܐ ܗܢܐ ܡܪܝܐ ܢܚܙܐ.,13,Pelo que chamou Abraão àquele lugar Jeová-Jiré; donde se diz até o dia de hoje: No monte do Senhor se proverá.,21,True,True,True
22,15,Gênesis 22:15,וַיִּקְרָ֛א מַלְאַ֥ךְ יְהוָ֖ה אֶל־ אַבְרָהָ֑ם שֵׁנִ֖ית מִן־ הַשָּׁמָֽיִם ׃,ויקרא מלאכ יהוה אל אברהמ שנית מנ השמימ,9,וקרא מלאכא דיי לאברהם תנינות מן שמיא:,7,καὶ ἐκάλεσεν ἄγγελος Κυρίου τὸν Ἀβραὰμ δεύτερον ἐκ τοῦ οὐρανοῦ,10,ܘܩ̣ܪܐ ܡܠܐܟܗ ܕܐܠܗܐ ܠܐܒܪܗܡ ܕܬܪ̈ܬܝܢ ܙܒܢܝ̈ܢ ܡܢ ܫܡܝܐ.,8,"Então o anjo do Senhor bradou a Abraão pela segunda vez desde o céu,",14,True,True,True
22,16,Gênesis 22:16,וַיֹּ֕אמֶר בִּ֥י נִשְׁבַּ֖עְתִּי נְאֻם־ יְהוָ֑ה כִּ֗י יַ֚עַן אֲשֶׁ֤ר עָשִׂ֨יתָ֙ אֶת־ הַדָּבָ֣ר הַזֶּ֔ה וְלֹ֥א חָשַׂ֖כְתָּ אֶת־ בִּנְךָ֥ אֶת־ יְחִידֶֽךָ ׃,ויאמר בי נשבעתי נאמ יהוה כי יענ אשר עשית את הדבר הזה ולא חשכת את בנכ את יחידכ,19,ואמר במימרי קימית אמר יי ארי חלף די עבדתא ית פתגמא הדין ולא מנעתא ית ברך ית יחידך:,18,"λέγων Κατ᾽ ἐμαυτοῦ ὤμοσα, λέγει Κύριος, οὗ εἵνεκεν ἐποίησας τὸ ῥῆμα τοῦτο καὶ οὐκ ἐφείσω τοῦ υἱοῦ σου τοῦ ἀγαπητοῦ δι᾽ ἐμέ,",22,ܘܐܡ̣ܪ ܒܝ ܝܡ̇ܝܬ ܐܡ̇ܪ ܡܪܝܐ. ܚܠܦ ܕܥܒ̣ܕܬ ܦܬܓܡܐ ܗܢܐ. ܘܠܐ ܚܣ̣ܟܬ ܠܒܪܟ ܠܐܝܚܝܕܟ ܡܢܝ.,14,"e disse: Por mim mesmo jurei, diz o Senhor, porquanto fizeste isto, e não me negaste teu filho, o teu único filho,",22,True,True,True
22,17,Gênesis 22:17,כִּֽי־ בָרֵ֣ךְ אֲבָרֶכְךָ֗ וְהַרְבָּ֨ה אַרְבֶּ֤ה אֶֽת־ זַרְעֲךָ֙ כְּכוֹכְבֵ֣י הַשָּׁמַ֔יִם וְכַח֕וֹל אֲשֶׁ֖ר עַל־ שְׂפַ֣ת הַיָּ֑ם וְיִרַ֣שׁ זַרְעֲךָ֔ אֵ֖ת שַׁ֥עַר אֹיְבָֽיו ׃,כי ברכ אברככ והרבה ארבה את זרעכ ככוכבי השמימ וכחול אשר על שפת הימ וירש זרעכ את שער איביו,20,ארי ברכא אברכנך ואסגאה אסגי ית בנך ככוכבי שמיא וכחלא די על כיף ימא וירתון בנך ית קרוי סנאיהון:,19,"εἰ μήν εὐλογῶν εὐλογήσω σε, καὶ πληθύνων πληθυνῶ τὸ σπέρμα σου ὡς τοὺς ἀστέρας τοῦ οὐρανοῦ καὶ ὡς τὴν ἄμμον τὴν παρὰ τὸ χεῖλος τῆς θαλάσσης· καὶ κληρονομήσει τὸ σπέρμα σου τὰς πόλεις τῶν ὑπεναντίων.",35,ܡܒܪܟܘ ܐܒܪܟܟ. ܘܡܣܓܝܘ ܐ̇ܣܓܐ ܙܪܥܟ. ܐܝܟ ܟܘܟ̈ܒܝ ܫܡܝܐ. ܘܐܝܟ ܚܠܐ ܕܥܠ ܣܦܬܗ ܕܝܡܐ ܘܢܐܪܬ ܙܪܥܟ ܐܪ̈ܥܬܐ ܕܒ̈ܥܠܕܒܒܘܗܝ.,17,"que deveras te abençoarei, e grandemente multiplicarei a tua descendência, como as estrelas do céu e como a areia que está na praia do mar; e a tua descendência possuirá a porta dos seus inimigos;",35,True,True,True
22,18,Gênesis 22:18,וְהִתְבָּרֲכ֣וּ בְזַרְעֲךָ֔ כֹּ֖ל גּוֹיֵ֣י הָאָ֑רֶץ עֵ֕קֶב אֲשֶׁ֥ר שָׁמַ֖עְתָּ בְּקֹלִֽי ׃,והתברכו בזרעכ כל גויי הארצ עקב אשר שמעת בקלי,10,ויתברכון בדיל בנך כל עממיא דארעא חלף די קבלתא למימרי:,10,"καὶ ἐνευλογηθήσονται ἐν τῷ σπέρματι ⸆ σου πάντα τὰ ἔθνη, ἀνθ᾽ ὧν ὑπήκουσας τῆς ἐμῆς φωνῆς.",16,ܘܢܬܒܪܟܘܢ ܒܙܪܥܟ ܟܠܗܘܢ ܥܡ̈ܡܐ ܕܐܪܥܐ. ܚܠܦ ܕܫܡ̣ܥܬ ܒܩܠܝ.,8,e em tua descendência serão benditas todas as nações da terra; porquanto obedeceste à minha voz.,16,True,True,True
22,19,Gênesis 22:19,וַיָּ֤שָׁב אַבְרָהָם֙ אֶל־ נְעָרָ֔יו וַיָּקֻ֛מוּ וַיֵּלְכ֥וּ יַחְדָּ֖ו אֶל־ בְּאֵ֣ר שָׁ֑בַע וַיֵּ֥שֶׁב אַבְרָהָ֖ם בִּבְאֵ֥ר שָֽׁבַע ׃ פ,וישב אברהמ אל נעריו ויקמו וילכו יחדו אל באר שבע וישב אברהמ בבאר שבע פ,16,ותב אברהם לות עולימוהי וקמו ואזלו כחדא לבאר שבע ויתיב אברהם בבאר שבע:,13,"ἀπεστράφη δὲ Ἀβραὰμ πρὸς τοὺς παῖδας αὐτοῦ, καὶ ἀναστάντες ἐπορεύθησαν ἐπὶ τὸ φρέαρ τοῦ ὃρκου· καὶ κατῴκησεν Ἀβραὰμ ἐπὶ τῷ φρέατι τοῦ ὅρκου.",23,ܘܗ̣ܦܟ ܐܒܪܗܡ ܠܘܬ ܥܠܝܡ̈ܘܗܝ. ܘܩܡܘ ܘܐܙܠܘ ܐܟܚܕܐ ܠܒܪܫܒܥ. ܘܝܬܒ̣ ܐܒܪܗܡ ܒܒܪܫܒܥ.,11,"Então voltou Abraão aos seus moços e, levantando-se, foram juntos a Beer-Seba; e Abraão habitou em Beer-Seba.",17,True,True,True
22,20,Gênesis 22:20,וַיְהִ֗י אַחֲרֵי֙ הַדְּבָרִ֣ים הָאֵ֔לֶּה וַיֻּגַּ֥ד לְאַבְרָהָ֖ם לֵאמֹ֑ר הִ֠נֵּה יָלְדָ֨ה מִלְכָּ֥ה גַם־ הִ֛וא בָּנִ֖ים לְנָח֥וֹר אָחִֽיךָ ׃,ויהי אחרי הדברימ האלה ויגד לאברהמ לאמר הנה ילדה מלכה גמ הוא בנימ לנחור אחיכ,16,והוה בתר פתגמיא האלין ואתחוא לאברהם למימר הא ילידת מלכה אף היא בנין לנחור אחוך:,15,"Ἐγένετο· δὲ μετὰ τὰ ῥήματα ταῦτα καὶ ἀνηγγέλη τῷ Ἀβραὰμ λέγοντες Ἰδοὺ τέτοκεν Μελχὰ καὶ αὐτὴ υἱοὺς Ναχὼρ τῷ ἀδελφῷ σου,",21,ܘܗܘ̣ܐ ܡܢ ܒܬܪ ܦܬ̈ܓܡܐ ܗܠܝܢ. ܘܐܬܚܘܝ ܠܐܒܪܗܡ ܘܐܡܪܘ ܠܗ. ܗܐ ܝܠܕܬ ܡܠ̣ܟܐ ܐܦ ܗ̣ܝ ܒܢܝ̈ܐ ܠܢܚܘܪ ܐܚܘܟ.,17,"Depois destas coisas anunciaram a Abraão, dizendo: Eis que também Milca tem dado à luz filhos a Naor, teu irmão:",20,True,True,True
22,21,Gênesis 22:21,אֶת־ ע֥וּץ בְּכֹר֖וֹ וְאֶת־ בּ֣וּז אָחִ֑יו וְאֶת־ קְמוּאֵ֖ל אֲבִ֥י אֲרָֽם ׃,את עוצ בכרו ואת בוז אחיו ואת קמואל אבי ארמ,11,ית עוץ בוכריה וית בוז אחוהי וית קמואל אבוהי דארם:,10,"τὸν Ὢξ πρωτότοκον καὶ τὸν Βαὺξ ἀδελφὸν αὐτοῦ, καὶ τὸν Καμουὴλ πατέρα Σύρων,",13,ܠܥܘܨ ܒܘܟܪܗ ܘܠܒܘܙ ܐܚܘܗܝ. ܘܠܩܡܘܐܝܠ ܐܒܘܗܝ ܕܐܪܡ.,7,"Uz o seu primogênito, e Buz seu irmão, e Quemuel, pai de Arão,",13,True,True,True
22,22,Gênesis 22:22,וְאֶת־ כֶּ֣שֶׂד וְאֶת־ חֲז֔וֹ וְאֶת־ פִּלְדָּ֖שׁ וְאֶת־ יִדְלָ֑ף וְאֵ֖ת בְּתוּאֵֽל ׃,ואת כשד ואת חזו ואת פלדש ואת ידלפ ואת בתואל,11,וית כשד וית חזו וית פלדש וית ידלף וית בתואל:,10,⸂⸆⸃ καὶ τὸν Χάσζαδ καὶ τὸν Ἁζαῦ καὶ τὸν φαλδὰς καὶ τὸν Ἰελδὰφ καὶ τὸν Βαθουήλ.,16,ܘܠܟܣܪ ܘܠܚܙܘ ܘܠܦܠܪܫ ܘܠܝܪܠܦ ܘܠܒܬܘܐܝܠ.,5,"e Quesede, Hazo, Pildas, Jidlafe e Betuel.",7,True,True,True
22,23,Gênesis 22:23,וּבְתוּאֵ֖ל יָלַ֣ד אֶת־ רִבְקָ֑ה שְׁמֹנָ֥ה אֵ֨לֶּה֙ יָלְדָ֣ה מִלְכָּ֔ה לְנָח֖וֹר אֲחִ֥י אַבְרָהָֽם ׃,ובתואל ילד את רבקה שמנה אלה ילדה מלכה לנחור אחי אברהמ,12,ובתואל אוליד ית רבקה תמניא אלין ילידת מלכה לנחור אחוהי דאברהם:,11,καὶ Βαθουὴλ ἐγέννησεν τὴν Ῥεβέκκαν. ὀκτὼ οὗτοι υἱοὶ οὓς ἔτεκεν Μελχὰ τῷ Ναχὼρ τῷ ἀδελφῷ Ἀβραάμ.,16,ܘܒܬܘܐܝܠ ܐܘܠܕ ܠܪܦܩܐ. ܬܡܢܝܐ ܗܠܝܢ ܝܠ̣ܕܬ ܡܠ̣ܟܐ ܠܢܚܘܪ ܐܚܘܗܝ ܕܐܒܪܗܡ.,10,"E Betuel gerou a Rebeca. Esses oito deu à luz Milca a Naor, irmão de Abraão.",16,True,True,True
22,24,Gênesis 22:24,וּפִֽילַגְשׁ֖וֹ וּשְׁמָ֣הּ רְאוּמָ֑ה וַתֵּ֤לֶד גַּם־ הִוא֙ אֶת־ טֶ֣בַח וְאֶת־ גַּ֔חַם וְאֶת־ תַּ֖חַשׁ וְאֶֽת־ מַעֲכָֽה ׃ ס,ופילגשו ושמה ראומה ותלד גמ הוא את טבח ואת גחמ ואת תחש ואת מעכה ס,16,ולחנתיה ושמה ראומה וילידת אף היא ית טבח וית גחם וית תחש וית מעכה:,14,"καὶ ἡ παλλακὴ αὐτοῦ ᾗ ὄνομα Ῥεηρά, ἔτεκεν καὶ αὐτὴ τὸν Τάβεκ καὶ τὸν Τάαμ καὶ τὸν Τόχος καὶ τὸν Μωχά.",21,ܘܕܪܘܟܬܗ ܫܡܗ̇ ܪܘܡܐ. ܘܝܠ̣ܕܬ ܐܦ ܗ̣ܝ ܠܛܒܚ ܘܠܓܚܡ ܘܠܬܚܫ ܘܠܡܥܟܐ.,10,"E a sua concubina, que se chamava Reumá, também deu à luz a Teba, Gaão, Taás e Maacá.",18,True,True,True
23,1,Gênesis 23:1,וַיִּהְיוּ֙ חַיֵּ֣י שָׂרָ֔ה מֵאָ֥ה שָׁנָ֛ה וְעֶשְׂרִ֥ים שָׁנָ֖ה וְשֶׁ֣בַע שָׁנִ֑ים שְׁנֵ֖י חַיֵּ֥י שָׂרָֽה ׃,ויהיו חיי שרה מאה שנה ועשרימ שנה ושבע שנימ שני חיי שרה,13,והוו חיי שרה מאה ועשרין ושבע שנין שני חיי שרה:,10,Ἐγένετο δὲ ἡ ζωὴ Σάρρας ἔτη ἑκατὸν εἴκοσι ἑπτά.,9,ܘܗܘܘ ܚ̇ܝܝܗ̇ ܕܣܪܐ. ܡܐܐ ܘܥܣܪ̈ܝܢ ܘܫܒܥ ܫ̈ܢܝܢ. ܫ̈ܢܝܐ ܕܚܝ̣ܬ ܣܪܐ.,10,"Ora, os anos da vida de Sara foram cento e vinte e sete.",13,True,True,True
23,2,Gênesis 23:2,וַתָּ֣מָת שָׂרָ֗ה בְּקִרְיַ֥ת אַרְבַּ֛ע הִ֥וא חֶבְר֖וֹן בְּאֶ֣רֶץ כְּנָ֑עַן וַיָּבֹא֙ אַבְרָהָ֔ם לִסְפֹּ֥ד לְשָׂרָ֖ה וְלִבְכֹּתָֽהּ ׃,ותמת שרה בקרית ארבע הוא חברונ בארצ כנענ ויבא אברהמ לספד לשרה ולבכתה,14,ומיתת שרה בקרית ארבע היא חברון בארעא דכנען ואתא אברהם למספדה לשרה ולמבכה:,13,"καὶ ἀπέθανεν Σάρρα ἐν πόλει Ἀρβόκ, ἥ ἐστιν ἐν τῷ κοιλώματι· αὕτη ἐστὶν Χεβρὼν ἐν γῇ Χανάαν. ἦλθεν δὲ Ἀβραὰμ κόψασθαι Σάρραν καὶ πενθῆσαι.",24,ܘܡܝܬܬ ܣܪܐ ܒܩܘܪܝܬ ܓܢܒܪ̈ܐ. ܗ̣ܝ ܗ̣ܝ ܚܒܪܘܢ ܕܒܐܪܥܐ ܕܟܢܥܢ. ܘܐܬ̣ܐ ܐܒܪܗܡ ܠܡܪܩܕܘ ܥܠ ܣܪܐ ܘܠܡܒܟܝܗ̇.,15,"E morreu Sara em Quiriate-Arba, que é Hebrom, na terra de Canaã; e veio Abraão lamentá-la e chorar por ela:",20,True,True,True
23,3,Gênesis 23:3,וַיָּ֨קָם֙ אַבְרָהָ֔ם מֵעַ֖ל פְּנֵ֣י מֵת֑וֹ וַיְדַבֵּ֥ר אֶל־ בְּנֵי־ חֵ֖ת לֵאמֹֽר ׃,ויקמ אברהמ מעל פני מתו וידבר אל בני חת לאמר,11,וקם אברהם מעל אפי מיתיה ומלל עם בני חתאה למימר:,10,καὶ ἀνέστη Ἀβραὰμ ἀπὸ τοῦ νεκροῦ αὐτοῦ· καὶ εἶπεν Ἀβραὰμ τοῖς υἱοῖς Χὲτ λέγων,14,ܘܩܡ ܐܒܪܗܡ ܡܢ ܩܕܡ ܡܝܬܬܗ. ܘܡܠܠ ܥܡ ܒܢ̈ܝ ܚܝܬ ܘܐܡ̣ܪ ܠܗܘܢ.,11,"Depois se levantou Abraão de diante do seu morto, e falou aos filhos de Hete, dizendo:",16,True,True,True
23,4,Gênesis 23:4,גֵּר־ וְתוֹשָׁ֥ב אָנֹכִ֖י עִמָּכֶ֑ם תְּנ֨וּ לִ֤י אֲחֻזַּת־ קֶ֨בֶר֙ עִמָּכֶ֔ם וְאֶקְבְּרָ֥ה מֵתִ֖י מִלְּפָנָֽי ׃,גר ותושב אנכי עמכמ תנו לי אחזת קבר עמכמ ואקברה מתי מלפני,13,דיר ותותב אנא עמכון הבו לי אחסנת קבורא עמכון ואקבר מיתי מן קדמי:,13,"Πάροικος καὶ παρεπίδημος ἐγώ εἰμι μεθ᾽ ὑμῶν· δότε οὖν μοι κτῆσιν τάφου μεθ᾽ ὑμῶν, καὶ θάψω τὸν νεκρόν μου ἐκεῖ.",20,ܥܡܘܪܐ ܐܢܐ ܘܬܘܬܒܐ ܥܡܟܘܢ. ܗܒܘ ܠܝ ܝܪܬܘܬܐ ܕܩܒܪܐ ܥܡܟܘܢ. ܘܐܩܒܘܪ ܡܝܬܬܝ ܡܢ ܩܕܡܝ.,13,"Estrangeiro e peregrino sou eu entre vós; dai-me o direito de um lugar de sepultura entre vós, para que eu sepulte o meu morto, removendo-o de diante da minha face.",30,True,True,True
23,5,Gênesis 23:5,וַיַּעֲנ֧וּ בְנֵי־ חֵ֛ת אֶת־ אַבְרָהָ֖ם לֵאמֹ֥ר לֽוֹ ׃,ויענו בני חת את אברהמ לאמר לו,8,ואתיבו בני חתאה ית אברהם למימר ליה:,7,ἀπεκρίθησαν δὲ οἱ υἱοὶ Χὲτ πρὸς Ἀβραὰμ λέγοντες,8,ܘܥܢܘ ܒܢܝ̈ ܚܝܬ ܘܐܡܪܘ ܠܐܒܪܗܡ.,5,Responderam-lhe os filhos de Hete:,5,True,True,True
23,6,Gênesis 23:6,שְׁמָעֵ֣נוּ ׀ אֲדֹנִ֗י נְשִׂ֨יא אֱלֹהִ֤ים אַתָּה֙ בְּתוֹכֵ֔נוּ בְּמִבְחַ֣ר קְבָרֵ֔ינוּ קְבֹ֖ר אֶת־ מֵתֶ֑ךָ אִ֣ישׁ מִמֶּ֔נּוּ אֶת־ קִבְר֛וֹ לֹֽא־ יִכְלֶ֥ה מִמְּךָ֖ מִקְּבֹ֥ר מֵתֶֽךָ ׃,שמענו אדני נשיא אלהימ אתה בתוכנו במבחר קברינו קבר את מתכ איש ממנו את קברו לא יכלה ממכ מקבר מתכ,22,קבל מננא רבוננא רב קדם יי את ביננא בשפר קברנא קבר ית מיתך אנש מננא ית קבריה לא ימנע מנך מלמקבר מיתך:,22,"Μή, κύριε· ἄκουσον δὲ ἡμῶν. βασιλεὺς παρὰ θεοῦ σὺ εἶ ἐν ἡμῖν· ἐν τοῖς ἐκλεκτοῖς μνημείοις ἡμῶν θάψον τὸν νεκρόν σου· οὐδεὶς γὰρ ἡμῶν τὸ μνημεῖον αὐτοῦ κωλύσει ἀπὸ σοῦ, τοῦ θάψαι τὸν νεκρόν σου ἐκεῖ.",36,ܫܡܥܝܢ ܡܪܢ. ܪܒܐ ܐܢܬ ܕܐܠܗܐ ܒܝܢܬܢ. ܒܓܒܝܐ ܕܩܒܪ̈ܝܢ ܩܒܘܪ ܡܝܬܬܟ. ܐܢܫ ܡܢܢ ܠܐ ܢܟܠ̣ܐ ܩܒܪܗ ܡܢܟ ܠܡܩܒܪ ܡܝܬܬܟ.,18,"Ouve-nos, senhor; príncipe de Deus és tu entre nós; enterra o teu morto na mais escolhida de nossas sepulturas; nenhum de nós te vedará a sua sepultura, para enterrares o teu morto.",32,True,True,True
23,7,Gênesis 23:7,וַיָּ֧קָם אַבְרָהָ֛ם וַיִּשְׁתַּ֥חוּ לְעַם־ הָאָ֖רֶץ לִבְנֵי־ חֵֽת ׃,ויקמ אברהמ וישתחו לעמ הארצ לבני חת,8,וקם אברהם וסגיד לעמא דארעא לבני חתאה:,7,"ἀναστὰς δὲ Ἀβραὰμ προσεκύνησεν τῷ λαῷ τῆς γῆς, τοῖς υἱοῖς Χέτ.",11,ܘܩܡ ܐܒܪܗܡ ܘܣܓ̣ܕ ܠܥܡܐ ܕܐܪܥܐ ܠܒܢ̈ܝ ܚܝܬ.,7,"Então se levantou Abraão e, inclinando-se diante do povo da terra, diante dos filhos de Hete,",16,True,True,True
23,8,Gênesis 23:8,וַיְדַבֵּ֥ר אִתָּ֖ם לֵאמֹ֑ר אִם־ יֵ֣שׁ אֶֽת־ נַפְשְׁכֶ֗ם לִקְבֹּ֤ר אֶת־ מֵתִי֙ מִלְּפָנַ֔י שְׁמָע֕וּנִי וּפִגְעוּ־ לִ֖י בְּעֶפְר֥וֹן בֶּן־ צֹֽחַר ׃,וידבר אתמ לאמר אמ יש את נפשכמ לקבר את מתי מלפני שמעוני ופגעו לי בעפרונ בנ צחר,18,ומליל עמהון למימר אם אית רעוא בנפשכון למקבר ית מיתי מן קדמי קבילו מני ובעו לי מן עפרון בר צוחר:,20,"καὶ ἐλάλησεν πρὸς αὐτοὺς Ἀβραὰμ λέγων Εἰ ἔχετε τῇ ψυχῇ ὑμῶν ὥστε θάψαι τὸν νεκρόν μου ἀπὸ προσώπου μου, ἀκούσατέ μου καὶ λαλήσατε περὶ ἐμοῦ Ἐφρὼν τῷ τοῦ Σάαρ·",29,ܘܡܠܠ ܥܡܗܘܢ ܘܐܡܪ ܠܗܘܢ. ܐܢ ܨܒܝܢ ܢܦܫ̈ܬܟܘܢ ܕܐܩܒܘܪ ܡܝܬܬܝ ܡܢ ܩܕܡܝ. ܫܘܡܥܘܢܝ. ܘܒܥܘ ܠܝ ܡܢ ܥܦܪܘܢ ܒܪ ܨܚܪ.,18,"falou-lhes, dizendo: Se é de vossa vontade que eu sepulte o meu morto de diante de minha face, ouvi-me e intercedei por mim junto a Efrom, filho de Zoar,",29,True,True,True
23,9,Gênesis 23:9,וְיִתֶּן־ לִ֗י אֶת־ מְעָרַ֤ת הַמַּכְפֵּלָה֙ אֲשֶׁר־ ל֔וֹ אֲשֶׁ֖ר בִּקְצֵ֣ה שָׂדֵ֑הוּ בְּכֶ֨סֶף מָלֵ֜א יִתְּנֶ֥נָּה לִ֛י בְּתוֹכְכֶ֖ם לַאֲחֻזַּת־ קָֽבֶר ׃,ויתנ לי את מערת המכפלה אשר לו אשר בקצה שדהו בכספ מלא יתננה לי בתוככמ לאחזת קבר,18,ויתן לי ית מערת כפלתא די ליה די בסטר חקליה בכספא שלים יתנינה לי ביניכון לאחסנת קבורא:,17,"καὶ δότω μοι τὸ σπήλαιον τὸ διπλοῦν ὅ ἐστιν αὐτῷ, τὸ ὂν ἐν μερίδι τοῦ ἀγροῦ αὐτοῦ· ἀργυρίου τοῦ ἀξίου δότε μοι αὐτὸ ἐν ὑμῖν εἰς κτῆσιν μνημείου.",28,ܘܢܬܠ ܠܝ ܡܥܪܬܐ ܐܥܝܦܬܐ ܕܝܠܗ ܕܒܣܛܪ ܚܩܠܗ. ܒܟܣܦܐ ܫܠܡܐ ܢܬܠܝܗ̇ ܠܝ ܒܝܢܬܟܘܢ. ܠܝܘܪܬܢܐ ܕܩܒܪܐ.,14,"para que ele me dê a cova de Macpela, que possui no fim do seu campo; que ma dê pelo devido preço em posse de sepulcro no meio de vós.",30,True,True,True
23,10,Gênesis 23:10,וְעֶפְר֥וֹן יֹשֵׁ֖ב בְּת֣וֹךְ בְּנֵי־ חֵ֑ת וַיַּעַן֩ עֶפְר֨וֹן הַחִתִּ֤י אֶת־ אַבְרָהָם֙ בְּאָזְנֵ֣י בְנֵי־ חֵ֔ת לְכֹ֛ל בָּאֵ֥י שַֽׁעַר־ עִיר֖וֹ לֵאמֹֽר ׃,ועפרונ ישב בתוכ בני חת ויענ עפרונ החתי את אברהמ באזני בני חת לכל באי שער עירו לאמר,19,ועפרון יתב בגו בני חתאה ואתיב עפרון חתאה ית אברהם קדם בני חתאה לכל עלי תרע קרתיה למימר:,18,"Ἐφρὼν δὲ ἐκάθητο ἐν μέσῳ τῶν υἱῶν Χέτ· ἀποκριθεὶς δὲ Ἐφρὼν ὁ Χετταῖος πρὸς Ἀβραὰμ εἶπεν, ἀκουόντων τῶν υἱῶν Χὲτ καὶ πάντων τῶν εἰσπορευομένων εἰς τὴν πόλιν, λέγων",28,ܘܥܦܪܘܢ ܝܬ̇ܒ ܒܓܘ ܒܢ̈ܝ ܚܝܬ. ܘܥܢ̣ܐ ܥܦܪܘܢ ܚܬܝܐ ܘܐܡ̣ܪ ܠܐܒܪܗܡ ܩܕܡ ܒܢ̈ܝ ܚܝܬ. ܘܩܕܡ ܟܠ ܥܐ̈ܠܝ ܬܪܥܐ ܕܩܪܝܬܗ ܘܐܡ̣ܪ .,20,"Ora, Efrom estava sentado no meio dos filhos de Hete; e respondeu Efrom, o heteu, a Abraão, aos ouvidos dos filhos de Hete, isto é, de todos os que entravam pela porta da sua cidade, dizendo:",36,True,True,True
23,11,Gênesis 23:11,לֹֽא־ אֲדֹנִ֣י שְׁמָעֵ֔נִי הַשָּׂדֶה֙ נָתַ֣תִּי לָ֔ךְ וְהַמְּעָרָ֥ה אֲשֶׁר־ בּ֖וֹ לְךָ֣ נְתַתִּ֑יהָ לְעֵינֵ֧י בְנֵי־ עַמִּ֛י נְתַתִּ֥יהָ לָּ֖ךְ קְבֹ֥ר מֵתֶֽךָ ׃,לא אדני שמעני השדה נתתי לכ והמערה אשר בו לכ נתתיה לעיני בני עמי נתתיה לכ קבר מתכ,19,לא רבוני קביל מני חקלא יהבית לך ומערתא די ביה לך יהביתה לעיני בני עמי יהביתה לך קבר מיתך:,19,"Παρ᾽ ἐμοὶ γενοῦ, κύριε, καὶ ἄκουσόν μου. τὸν ἀγρὸν καὶ τὸ σπήλαιον τὸ ἐν αὐτῷ σοὶ δίδωμι· ἐναντίον τῶν πολιτῶν μου δέδωκά σοι· θάψον τὸν νεκρόν σου.",27,ܠܐ ܡܪܝ ܫܡܥܝܢܝ ܚܩܠܐ ܝܗ̇ܒܬ ܠܟ. ܘܡܥܪܬܐ ܕܒܗ̇ ܠܟ ܝܗܒܬܗ̇. ܩܕܡ ܒܢ̈ܝ ܥܡܝ ܝܗܒܬܗ̇ ܠܟ ܩܒܘܪ ܡܝܬܬܟ.,17,"Não, meu senhor; ouve-me. O campo te dou, também te dou a cova que nele está; na presença dos filhos do meu povo te dou; sepulta o teu morto.",29,True,True,True
23,12,Gênesis 23:12,וַיִּשְׁתַּ֨חוּ֙ אַבְרָהָ֔ם לִפְנֵ֖י עַ֥ם הָאָֽרֶץ ׃,וישתחו אברהמ לפני עמ הארצ,6,וסגיד אברהם קדם עמא דארעא:,5,καὶ προσεκύνησεν Ἀβραὰμ ἐναντίον τοῦ λαοῦ τῆς γῆς·,8,ܘܣ̣ܓܕ ܐܒܪܗܡ ܩܕܡ ܥܡܐ ܕܐܪܥܐ.,5,"Então Abraão se inclinou diante do povo da terra,",9,True,True,True
23,13,Gênesis 23:13,וַיְדַבֵּ֨ר אֶל־ עֶפְר֜וֹן בְּאָזְנֵ֤י עַם־ הָאָ֨רֶץ֙ לֵאמֹ֔ר אַ֛ךְ אִם־ אַתָּ֥ה ל֖וּ שְׁמָעֵ֑נִי נָתַ֜תִּי כֶּ֤סֶף הַשָּׂדֶה֙ קַ֣ח מִמֶּ֔נִּי וְאֶקְבְּרָ֥ה אֶת־ מֵתִ֖י שָֽׁמָּה ׃,וידבר אל עפרונ באזני עמ הארצ לאמר אכ אמ אתה לו שמעני נתתי כספ השדה קח ממני ואקברה את מתי שמה,22,ומליל עם עפרון קדם עמא דארעא למימר ברם אם את עבד לי טיבו קבל מני אתן כספא דמי חקלא סב מני ואקבר ית מיתי תמן:,25,"καὶ εἶπεν τῷ Ἐφρὼν εἰς τὰ ὦτα ἐναντίον παντὸς τοῦ λαοῦ τῆς γῆς Ἐπειδὴ πρὸς ἐμοῦ εἶ, ἄκουσόν μου· τὸ ἀργύριον τοῦ ἀγροῦ λάβε παρ᾽ ἐμοῦ, καὶ θάψον τὸν νεκρόν μου ἐκεῖ.",32,ܘܐܡ̣ܪ ܠܥܦܪܘܢ ܩܕܡ ܥܡܐ ܕܐܪܥܐ. ܐܢ ܨܒܐ ܐܢܬ ܫܡܥܝܢܝ. ܐܬܠ ܠܟ ܟܣܦܐ ܕܡ̈ܝ ܚܩܠܐ. ܣܒ ܡܢܝ ܘܐܩܒܘܪ ܡܝܬܬܝ ܬܡܢ.,19,"e falou a Efrom, aos ouvidos do povo da terra, dizendo: Se te agrada, peço-te que me ouças. Darei o preço do campo; toma-o de mim, e sepultarei ali o meu morto.",32,True,True,True
23,14,Gênesis 23:14,וַיַּ֧עַן עֶפְר֛וֹן אֶת־ אַבְרָהָ֖ם לֵאמֹ֥ר לֽוֹ ׃,ויענ עפרונ את אברהמ לאמר לו,7,ואתיב עפרון ית אברהם למימר ליה:,6,ἀπεκρίθη δὲ Ἐφρὼν τῷ Ἀβραὰμ λέγων,6,ܘܥܢ̣ܐ ܥܦܪܘܢ ܘܐܡ̣ܪ ܠܐܒܪܗܡ.,4,Respondeu Efrom a Abraão:,4,True,True,True
23,15,Gênesis 23:15,אֲדֹנִ֣י שְׁמָעֵ֔נִי אֶרֶץ֩ אַרְבַּ֨ע מֵאֹ֧ת שֶֽׁקֶל־ כֶּ֛סֶף בֵּינִ֥י וּבֵֽינְךָ֖ מַה־ הִ֑וא וְאֶת־ מֵתְךָ֖ קְבֹֽר ׃,אדני שמעני ארצ ארבע מאת שקל כספ ביני ובינכ מה הוא ואת מתכ קבר,15,רבוני קבל מני ארעא שויא ארבע מאה סלעין דכסף בינא ובינך מה היא וית מיתך קבר:,16,"Οὐχί, κύριε, ἀκήκοα γάρ· τετρακοσίων διδράχμων ἀργυρίου· ἀνὰ μέσον ἐμοῦ καὶ σοῦ τί ἂν εἴη τοῦτο; σὺ δὲ τὸν νεκρόν σου θάψον.",22,ܡܪܝ ܫܡܥܝܢܝ. ܐܪܥܐ ܐܪ̈ܒܥܡܐܐ ܐܢܘܢ ܡܬܩ̈ܠܝܢ ܕܟܣܦܐ. ܒܝܢ̈ܝ ܘܠܟ ܡܢܐ ܗܝ. ܘܡܝܬܬܟ ܩܒܘܪ.,13,"Meu senhor, ouve-me. Um terreno do valor de quatrocentos siclos de prata! que é isto entre mim e ti? Sepulta, pois, o teu morto.",24,True,True,True
23,16,Gênesis 23:16,וַיִּשְׁמַ֣ע אַבְרָהָם֮ אֶל־ עֶפְרוֹן֒ וַיִּשְׁקֹ֤ל אַבְרָהָם֙ לְעֶפְרֹ֔ן אֶת־ הַכֶּ֕סֶף אֲשֶׁ֥ר דִּבֶּ֖ר בְּאָזְנֵ֣י בְנֵי־ חֵ֑ת אַרְבַּ֤ע מֵאוֹת֙ שֶׁ֣קֶל כֶּ֔סֶף עֹבֵ֖ר לַסֹּחֵֽר ׃,וישמע אברהמ אל עפרונ וישקל אברהמ לעפרנ את הכספ אשר דבר באזני בני חת ארבע מאות שקל כספ עבר לסחר,21,וקבל אברהם מן עפרון ותקל אברהם לעפרון ית כספא דמליל קדם בני חתאה ארבע מאה סלעין דכסף מתקבל סחורא בכל מדינתא:,21,"καὶ ἤκουσεν Ἀβραὰμ τῷ Ἐφρών· καὶ ἀπεκατέστησεν Ἀβραὰμ τῷ Ἐφρὼν τὸ ἀργύριον ὃ ἐλάλησεν εἰς τὰ ὦτα τῶν υἱῶν Χέτ, τετρακόσια δίδραχμα ἀργυρίου δοκίμου ἐνπόροις.",25,ܘܫܡܥ ܐܒܪܗܡ ܠܥܦܪܘܢ. ܘܬܩ̣ܠ ܐܒܪܗܡ ܠܥܦܪܘܢ ܟܣܦܐ ܕܡܠܠ ܩܕܡ ܒܢ̈ܝ ܚܝܬ. ܐܪ̈ܒܥܡܐܐ ܡܬ̈ܩܠܝܢ ܕܟܣܦܐ ܕܢܦ̇ܩ ܠܬܓܪܐ.,16,"E Abraão ouviu a Efrom, e pesou-lhe a prata de que este tinha falado aos ouvidos dos filhos de Hete, quatrocentos siclos de prata, moeda corrente entre os mercadores.",29,True,True,True
23,17,Gênesis 23:17,וַיָּ֣קָם ׀ שְׂדֵ֣ה עֶפְר֗וֹן אֲשֶׁר֙ בַּמַּכְפֵּלָ֔ה אֲשֶׁ֖ר לִפְנֵ֣י מַמְרֵ֑א הַשָּׂדֶה֙ וְהַמְּעָרָ֣ה אֲשֶׁר־ בּ֔וֹ וְכָל־ הָעֵץ֙ אֲשֶׁ֣ר בַּשָּׂדֶ֔ה אֲשֶׁ֥ר בְּכָל־ גְּבֻל֖וֹ סָבִֽיב ׃,ויקמ שדה עפרונ אשר במכפלה אשר לפני ממרא השדה והמערה אשר בו וכל העצ אשר בשדה אשר בכל גבלו סביב,22,וקם חקל עפרון די בכפלתא די קדם ממרא חקלא ומערתא די ביה וכל אילני די בחקלא די בכל תחומיה סחור סחור:,21,"καὶ ἔστη ὁ ἀγρὸς Ἐφρών, ὃς ἦν ἐν τῷ διπλῷ σπηλαίῳ ὅς ἐστιν κατὰ πρόσωπον Μαμβρή, ὁ ἀγρὸς καὶ τὸ σπήλαιον ὃ ἦν αὐτῷ, καὶ πᾶν δένδρον ὃ ἦν ἐν τῷ ἀγρῷ, ὅ ἐστιν ἐν τοῖς ὁρίοις αὐτοῦ κύκλῳ,",39,ܘܩܡܬ ܚܩܠܐ ܕܥܦܪܘܢ ܕܒܐܥܝܦܬܐ ܕܩܕܡ ܡܡܪܐ. ܚܩܠܐ ܕܡܥܪܬܐ ܘܡܥܪܬܐ ܕܒܗ̇. ܘܟܠܗܘܢ ܐ̈ܝܠܢܐ ܕܒܚܩܠܐ ܕܒܬܚܘܡܐ ܟܕ ܚܕܪܐ.,16,"Assim o campo de Efrom, que estava em Macpela, em frente de Manre, o campo e a cova que nele estava, e todo o arvoredo que havia nele, por todos os seus limites ao redor, se confirmaram",37,True,True,True
23,18,Gênesis 23:18,לְאַבְרָהָ֥ם לְמִקְנָ֖ה לְעֵינֵ֣י בְנֵי־ חֵ֑ת בְּכֹ֖ל בָּאֵ֥י שַֽׁעַר־ עִירֽוֹ ׃,לאברהמ למקנה לעיני בני חת בכל באי שער עירו,10,לאברהם לזבינוהי לעיני בני חתאה בכל עלי תרע קרתיה:,9,τῷ Ἀβραὰμ εἰς κτῆσιν ἐναντίον τῶν υἱῶν Χὲτ καὶ πάντων τῶν εἰσπορευομένων εἰς τὴν πόλιν.,15,ܠܐܒܪܗܡ ܐܙܕܒܢܘ ܩܕܡ ܒܢ̈ܝ ܚܝܬ. ܘܩܕܡ ܟܠ ܥܐ̈ܠܝ ܬܪܥܐ ܕܩܪܝܬܗ.,10,"a Abraão em possessão na presença dos filhos de Hete, isto é, de todos os que entravam pela porta da sua cidade.",22,True,True,True
23,19,Gênesis 23:19,וְאַחֲרֵי־ כֵן֩ קָבַ֨ר אַבְרָהָ֜ם אֶת־ שָׂרָ֣ה אִשְׁתּ֗וֹ אֶל־ מְעָרַ֞ת שְׂדֵ֧ה הַמַּכְפֵּלָ֛ה עַל־ פְּנֵ֥י מַמְרֵ֖א הִ֣וא חֶבְר֑וֹן בְּאֶ֖רֶץ כְּנָֽעַן ׃,ואחרי כנ קבר אברהמ את שרה אשתו אל מערת שדה המכפלה על פני ממרא הוא חברונ בארצ כנענ,19,ובתר כן קבר אברהם ית שרה אתתיה במערת חקל כפלתא על אפי ממרא היא חברון בארעא דכנען:,17,"μετὰ ταῦτα ἔθαψεν Ἀβραὰμ Σάρραν τὴν γυναῖκα αὐτοῦ ἐν τῷ σπηλαίῳ τοῦ ἀγροῦ τῷ διπλῷ, ὅ ἐστιν ἀπέναντι Μαμβρή· ⸂⸆⸃ αὕτη ἐστὶν Χεβρὼν ἐν τῇ γῇ Χανάαν.",27,ܘܡܢ ܒܬܪܟܢ ܩܒܪ ܐܒܪܗܡ ܠܣܪܐ ܐܢܬܬܗ ܒܡܥܪܬܐ ܕܒܚܩܠܐ ܐܥܝܦܬܐ ܕܩܕܡ ܡܡܪܐ. ܗ̣ܝ ܗܝ ܚܒܪܘܢ ܕܒܐܪܥܐ ܕܟܢܥܢ.,16,"Depois sepultou Abraão a Sara sua mulher na cova do campo de Macpela, em frente de Manre, que é Hebrom, na terra de Canaã.",24,True,True,True
23,20,Gênesis 23:20,וַיָּ֨קָם הַשָּׂדֶ֜ה וְהַמְּעָרָ֧ה אֲשֶׁר־ בּ֛וֹ לְאַבְרָהָ֖ם לַאֲחֻזַּת־ קָ֑בֶר מֵאֵ֖ת בְּנֵי־ חֵֽת ׃ ס,ויקמ השדה והמערה אשר בו לאברהמ לאחזת קבר מאת בני חת ס,13,וקם חקלא ומערתא די ביה לאברהם לאחסנת קבורא מן בני חתאה:,11,καὶ ἐκυρώθη ὁ ἀγρὸς καὶ τὸ σπήλαιον ὃ ἦν αὐτῷ τῷ Ἀβραὰμ εἰς κτῆσιν τάφου παρὰ τῶν υἱῶν Χέτ.,19,ܘܩܡܬ ܚܩܠܐ ܕܡܥܪܬܐ ܘܡܥܪܬܐ ܕܒܗ̇ ܠܐܒܪܗܡ ܠܝܘܪܬܢܐ ܕܩܒܪܐ ܡܢ ܠܘܬ ܒܢ̈ܝ ܚܝܬ.,12,Assim o campo e a cova que nele estava foram confirmados a Abraão pelos filhos de Hete em possessão de sepultura.,21,True,True,True
24,1,Gênesis 24:1,וְאַבְרָהָ֣ם זָקֵ֔ן בָּ֖א בַּיָּמִ֑ים וַֽיהוָ֛ה בֵּרַ֥ךְ אֶת־ אַבְרָהָ֖ם בַּכֹּֽל ׃,ואברהמ זקנ בא בימימ ויהוה ברכ את אברהמ בכל,10,ואברהם סיב על ביומין ויי בריך ית אברהם בכלא:,9,"Καὶ Ἀβραὰμ ἦν πρεσβύτερος προβεβηκὼς ἡμερῶν, καὶ Κύριος εὐλόγησεν τὸν Ἀβραὰμ κατὰ πάντα.",13,ܘܐܒܪܗܡ ܣܐܒ ܘܥܠ ܒܫ̈ܢܝܐ. ܘܡܪܝܐ ܒܪܟ ܠܐܒܪܗܡ ܒܟܠ.,8,"Ora, Abraão era já velho e de idade avançada; e em tudo o Senhor o havia abençoado.",17,True,True,True
24,2,Gênesis 24:2,וַיֹּ֣אמֶר אַבְרָהָ֗ם אֶל־ עַבְדּוֹ֙ זְקַ֣ן בֵּית֔וֹ הַמֹּשֵׁ֖ל בְּכָל־ אֲשֶׁר־ ל֑וֹ שִֽׂים־ נָ֥א יָדְךָ֖ תַּ֥חַת יְרֵכִֽי ׃,ויאמר אברהמ אל עבדו זקנ ביתו המשל בכל אשר לו שימ נא ידכ תחת ירכי,16,ואמר אברהם לעבדיה סבא דביתיה דשליט בכל די ליה שוי כען ידך תחות ירכי:,14,"καὶ εἶπεν Ἀβραὰμ τῷ παιδὶ αὐτοῦ, τῷ πρεσβυτέρῳ τῆς οἰκίας αὐτοῦ, τῷ ἄρχοντι πάντων τῶν αὐτοῦ Θὲς τὴν χεῖρά σου ὑπὸ τὸν μηρόν μου,",24,ܘܩ̣ܪܐ ܐܒܪܗܡ ܠܥܒ̣ܕܗ ܣܒܐ ܪܒ ܒܝܬܗ ܕܫܠܝܛ ܒܟܠ ܕܐܝܬ ܠܗ. ܘܐܡ̣ܪ ܠܗ . ܣܝܡ ܐܝܕܟ ܬܚܝܬ ܚܨܝ.,17,"E disse Abraão ao seu servo, o mais antigo da casa, que tinha o governo sobre tudo o que possuía: Põe a tua mão debaixo da minha coxa,",28,True,True,True
24,3,Gênesis 24:3,וְאַשְׁבִּ֣יעֲךָ֔ בַּֽיהוָה֙ אֱלֹהֵ֣י הַשָּׁמַ֔יִם וֵֽאלֹהֵ֖י הָאָ֑רֶץ אֲשֶׁ֨ר לֹֽא־ תִקַּ֤ח אִשָּׁה֙ לִבְנִ֔י מִבְּנוֹת֙ הַֽכְּנַעֲנִ֔י אֲשֶׁ֥ר אָנֹכִ֖י יוֹשֵׁ֥ב בְּקִרְבּֽוֹ ׃,ואשביעכ ביהוה אלהי השמימ ואלהי הארצ אשר לא תקח אשה לבני מבנות הכנעני אשר אנכי יושב בקרבו,18,ואקים עלך במימרא דיי אלהא דשמיא ואלהא דארעא דלא תסב אתתא לברי מבנת כנענאי די אנא יתב ביניהון:,18,"καὶ ἐξορκίσω σε Κύριον τὸν θεὸν τοῦ οὐρανοῦ καὶ τῆς γῆς, ἵνα μὴ λάβῃς γυναῖκα τῷ υἱῷ μου Ἰσαὰκ ἀπὸ τῶν θυγατέρων τῶν Χαναναίων, μεθ᾽ ὧν ἐγὼ οἰκῶ μετ᾽ αὐτῶν·",30,ܘܐܘܡܝܟ ܒܡܪܝܐ ܐܠܗܐ ܕܫܡܝܐ ܘܐܠܗܐ ܕܐܪܥܐ. ܕܠܐ ܬܣܒ ܐܢܬܬܐ ܠܒܪܝ ܡܢ ܒܢ̈ܬ ܟܢܥܢ̈ܝܐ ܕܝܬ̇ܒ ܐܢܐ ܒܝܢܬܗܘܢ.,16,"para que eu te faça jurar pelo Senhor, Deus do céu e da terra, que não tomarás para meu filho mulher dentre as filhas dos cananeus, no meio dos quais eu habito;",32,True,True,True
24,4,Gênesis 24:4,כִּ֧י אֶל־ אַרְצִ֛י וְאֶל־ מוֹלַדְתִּ֖י תֵּלֵ֑ךְ וְלָקַחְתָּ֥ אִשָּׁ֖ה לִבְנִ֥י לְיִצְחָֽק ׃,כי אל ארצי ואל מולדתי תלכ ולקחת אשה לבני ליצחק,11,אלהין לארעי ולילדותי תיזיל ותסב אתתא לברי ליצחק:,8,"ἀλλὰ εἰς τὴν γῆν μου οὗ ἐγενόμην πορεύσῃ ⸆ καὶ εἰς τὴν φυλήν μου, καὶ λήμψῃ γυναῖκα τῷ υἱῷ μου Ἰσαὰκ ἐκεῖθεν,",22,ܐܠܐ ܠܐܪܥܝ ܘܠܬܘ̈ܠܕܬܝ ܙܠ. ܘܣܒ ܐܢܬܬܐ ܠܒܪܝ ܐܝܣܚܩ.,8,"mas que irás à minha terra e à minha parentela, e dali tomarás mulher para meu filho Isaque.",18,True,True,True
24,5,Gênesis 24:5,וַיֹּ֤אמֶר אֵלָיו֙ הָעֶ֔בֶד אוּלַי֙ לֹא־ תֹאבֶ֣ה הָֽאִשָּׁ֔ה לָלֶ֥כֶת אַחֲרַ֖י אֶל־ הָאָ֣רֶץ הַזֹּ֑את הֶֽהָשֵׁ֤ב אָשִׁיב֙ אֶת־ בִּנְךָ֔ אֶל־ הָאָ֖רֶץ אֲשֶׁר־ יָצָ֥אתָ מִשָּֽׁם ׃,ויאמר אליו העבד אולי לא תאבה האשה ללכת אחרי אל הארצ הזאת ההשב אשיב את בנכ אל הארצ אשר יצאת משמ,22,ואמר ליה עבדא מאים לא תיבי אתתא למיתי בתרי לארעא הדא האתבא אתיב ית ברך לארעא די נפקתא מתמן:,19,εἶπεν δὲ πρὸς αὐτὸν ὁ παῖς Μή ποτε οὐ βούλεται ἡ γυνὴ πορευθῆναι μετ᾽ ἐμοῦ ὀπίσω εἰς τὴν γῆν ταύτην· ἀποστρέψω τὸν υἱόν σου ⸂⸆⸃ εἰς τὴν γῆν ὅθεν ἐξῆλθες ἐκεῖθεν,31,ܘܐܡ̣ܪ ܠܗ ܥܒ̣ܕܐ ܘܐܢ ܠܐ ܬܨܒܐ ܐܢܬܬܐ ܠܡܐܬܐ ܒܬܪܝ ܠܐܪܥܐ ܗܕܐ. ܡܗܦܟܘ ܐܗܦܟܝܘܗܝ ܠܒܪܟ ܠܐܪܥܐ ܕܢܦ̣ܩܬ ܡܢ ܬܡܢ.,18,"Perguntou-lhe o servo: Se porventura a mulher não quiser seguir-me a esta terra, farei, então, tornar teu filho à terra donde saíste?",22,True,True,True
24,6,Gênesis 24:6,וַיֹּ֥אמֶר אֵלָ֖יו אַבְרָהָ֑ם הִשָּׁ֣מֶר לְךָ֔ פֶּן־ תָּשִׁ֥יב אֶת־ בְּנִ֖י שָֽׁמָּה ׃,ויאמר אליו אברהמ השמר לכ פנ תשיב את בני שמה,11,ואמר ליה אברהם אסתמר לך דילמא תתיב ית ברי לתמן:,10,εἶπεν δὲ πρὸς αὐτὸν Ἀβραάμ Πρόσεχε σεαυτῷ μὴ ἀποστρέψῃς τὸν υἱόν μου ἐκεῖ·,13,ܘܐܡ̣ܪ ܠܗ ܐܒܪܗܡ. ܐܙܕܗܪ ܠܟ ܕܠܡܐ ܬܗܦܟ ܠܒܪܝ ܠܬܡܢ.,9,Respondeu-lhe Abraão: Guarda-te de fazeres tornar para lá meu filho.,10,True,True,True
24,7,Gênesis 24:7,יְהוָ֣ה ׀ אֱלֹהֵ֣י הַשָּׁמַ֗יִם אֲשֶׁ֨ר לְקָחַ֜נִי מִבֵּ֣ית אָבִי֮ וּמֵאֶ֣רֶץ מֽוֹלַדְתִּי֒ וַאֲשֶׁ֨ר דִּבֶּר־ לִ֜י וַאֲשֶׁ֤ר נִֽשְׁבַּֽע־ לִי֙ לֵאמֹ֔ר לְזַ֨רְעֲךָ֔ אֶתֵּ֖ן אֶת־ הָאָ֣רֶץ הַזֹּ֑את ה֗וּא יִשְׁלַ֤ח מַלְאָכוֹ֙ לְפָנֶ֔יךָ וְלָקַחְתָּ֥ אִשָּׁ֛ה לִבְנִ֖י מִשָּֽׁם ׃,יהוה אלהי השמימ אשר לקחני מבית אבי ומארצ מולדתי ואשר דבר לי ואשר נשבע לי לאמר לזרעכ אתנ את הארצ הזאת הוא ישלח מלאכו לפניכ ולקחת אשה לבני משמ,31,יי אלהא דשמיא די דברני מבית אבא ומארע ילדותי ודי מלל לי ודי קים לי למימר לברך אתן ית ארעא הדא הוא ישלח מלאכיה קדמך ותסב אתתא לברי מתמן:,29,"Κύριος ὁ θεὸς τοῦ οὐρανοῦ καὶ ὁ θεὸς τῆς γῆς, ὃς ἔλαβέν με ἐκ τοῦ οἴκου τοῦ πατρός μου καὶ ἐκ τῆς γῆς ἧς ἐγενήθην, ὃς ἐλάλησέν μοι καὶ ὤμοσέν ⸆ μοι λέγων Σοὶ δώσω τὴν γῆν ταύτην καὶ τῷ σπέρματί σου· αὐτὸς ἀποστελεῖ τὸν ἄγγελον αὐτοῦ ἔμπροσθέν σου, καὶ λήμψῃ γυναῖκα τῷ υἱῷ μου Ἰσαὰκ ἐκεῖθεν.",57,ܡܪܝܐ ܐܠܗܐ ܕܫܡܝܐ ܕܕܒܪܢܝ ܡܢ ܬܡܢ ܡܢ ܒܝܬ ܐܒܝ. ܡܢ ܐܪܥܐ ܕܬ̈ܘܠܕܬܝ. ܘܕܐܡ̣ܪ ܠܝ ܘܕܐܩܝܡ ܠܝ ܕܠܙܪܥܟ ܐܬܠܝܗ̇ ܐܪܥܐ ܗܕܐ. ܗ̣ܘ ܢܫܕܪ ܡܠܐܟܗ ܩܕܡܝܟ. ܘܬܣܒ ܐܢܬܬܐ ܠܒܪܝ ܡܢ ܬܡܢ.,29,"O Senhor, Deus do céu, que me tirou da casa de meu pai e da terra da minha parentela, e que me falou, e que me jurou, dizendo: À tua o semente darei esta terra; ele enviará o seu anjo diante de si, para que tomes de lá mulher para meu filho.",52,True,True,True
24,8,Gênesis 24:8,וְאִם־ לֹ֨א תֹאבֶ֤ה הָֽאִשָּׁה֙ לָלֶ֣כֶת אַחֲרֶ֔יךָ וְנִקִּ֕יתָ מִשְּׁבֻעָתִ֖י זֹ֑את רַ֣ק אֶת־ בְּנִ֔י לֹ֥א תָשֵׁ֖ב שָֽׁמָּה ׃,ואמ לא תאבה האשה ללכת אחריכ ונקית משבעתי זאת רק את בני לא תשב שמה,16,ואם לא תיבי אתתא למיתי בתרך ותהי זכאה ממומתי דא לחוד ית ברי לא תתב לתמן:,16,"ἐὰν δὲ μὴ θέλῃ ἡ γυνὴ πορευθῆναι μετὰ σοῦ εἰς τὴν γῆν ταύτην, καθαρὸς ἔσῃ ἀπὸ τοῦ ὅρκου τούτου· μόνον τὸν υἱόν μου μὴ ἀποστρέψῃς ἐκεῖ. ⸆",27,ܘܐܢ ܠܐ ܬܬܛܦܝܣ ܐܢܬܬܐ ܠܡܐܬܐ ܥܡܟ. ܗܘ̣ܝܬ ܙܟܝ ܡܢ ܡܘܡ̈ܬܝ ܗܕܐ. ܒܠܚܘܕ ܠܒܪܝ ܠܐ ܬܗܦܟ ܠܬܡܢ.,16,"Se a mulher, porém, não quiser seguir-te, serás livre deste meu juramento; somente não farás meu filho tornar para lá.",20,True,True,True
24,9,Gênesis 24:9,וַיָּ֤שֶׂם הָעֶ֨בֶד֙ אֶת־ יָד֔וֹ תַּ֛חַת יֶ֥רֶךְ אַבְרָהָ֖ם אֲדֹנָ֑יו וַיִּשָּׁ֣בַֽע ל֔וֹ עַל־ הַדָּבָ֖ר הַזֶּֽה ׃,וישמ העבד את ידו תחת ירכ אברהמ אדניו וישבע לו על הדבר הזה,14,ושוי עבדא ית ידיה תחות ירכא דאברהם רבוניה וקים ליה על פתגמא הדין:,13,"Καὶ ἔθηκεν ὁ παῖς τὴν χεῖρα αὐτοῦ ὑπὸ τὸν μηρὸν Ἀβραὰμ τοῦ κυρίου αὐτοῦ, καὶ ὤμοσεν αὐτῷ περὶ τοῦ ⸂⸆⸃ ῥήματος τούτου.",22,ܘܣܡ ܥܒ̣ܕܐ ܐܝܕܗ ܬܚܝܬ ܚܨܗ ܕܐܒܪܗܡ ܡܪܗ. ܘܝܡ̣ܐ ܠܗ ܥܠ ܦܬܓܡܐ ܗܢܐ.,12,"Então pôs o servo a sua mão debaixo da coxa de Abraão seu senhor, e jurou-lhe sobre este negócio.",19,True,True,True
24,10,Gênesis 24:10,וַיִּקַּ֣ח הָ֠עֶבֶד עֲשָׂרָ֨ה גְמַלִּ֜ים מִגְּמַלֵּ֤י אֲדֹנָיו֙ וַיֵּ֔לֶךְ וְכָל־ ט֥וּב אֲדֹנָ֖יו בְּיָד֑וֹ וַיָּ֗קָם וַיֵּ֛לֶךְ אֶל־ אֲרַ֥ם נַֽהֲרַ֖יִם אֶל־ עִ֥יר נָחֽוֹר ׃,ויקח העבד עשרה גמלימ מגמלי אדניו וילכ וכל טוב אדניו בידו ויקמ וילכ אל ארמ נהרימ אל עיר נחור,20,ודבר עבדא עשרא גמלין מגמלי רבונה ואזל וכל שפר רבוניה בידיה וקם ואזל לארם די על פרת לקרתא דנחור:,19,"καὶ ἔλαβεν ὁ παῖς δέκα καμήλους ἀπὸ τῶν καμήλων τοῦ κυρίου αὐτοῦ καὶ ἀπὸ πάντων τῶν ἀγαθῶν τοῦ κυρίου αὐτοῦ μεθ᾽ ἑαυτοῦ, καὶ ἀναστὰς ἐπορεύθη εἰς τὴν Μεσοποταμίαν εἰς τὴν πόλιν Ναχώρ.",32,ܘܕܒ̣ܪ ܥܒ̣ܕܐ ܥܣܪܐ ܓܡ̈ܠܝܢ ܡܢ ܓܡ̈ܠܐ ܕܡܪܗ ܘܐܙܠ. ܘܡܢ ܟܠ ܛܘܒܐ ܕܡܪܗ ܒܐܝܕܗ. ܘܩܡ ܘܐܙܠ ܠܐܪܡ̇ ܢܗܪܝܢ. ܠܩܪܝܬܐ ܕܢܚܘܪ.,19,"Tomou, pois, o servo dez dos camelos do seu senhor, porquanto todos os bens de seu senhor estavam em sua mão; e, partindo, foi para a Mesopotâmia, à cidade de Naor.",31,True,True,True
24,11,Gênesis 24:11,וַיַּבְרֵ֧ךְ הַגְּמַלִּ֛ים מִח֥וּץ לָעִ֖יר אֶל־ בְּאֵ֣ר הַמָּ֑יִם לְעֵ֣ת עֶ֔רֶב לְעֵ֖ת צֵ֥את הַשֹּׁאֲבֹֽת ׃,ויברכ הגמלימ מחוצ לעיר אל באר המימ לעת ערב לעת צאת השאבת,13,ואשרי גמליא מברא לקרתא לבארא דמיא לעדן רמשא לעדן דנפקן מליתא:,11,"καὶ ἐκοίμησεν τὰς καμήλους ἔξω τῆς πόλεως παρὰ τὸ φρέαρ τοῦ ὕδατος τὸ πρὸς ὀψέ, ἡνίκα ἐκπορεύονται αἱ ὑδρευόμεναι.",19,ܘܐܒܪܟ ܓܡ̈ܠܘܗܝ ܠܒܪ ܡܢ ܩܪܝܬܐ. ܥܠ ܒܪܐ ܕܡ̈ܝܐ. ܠܥܕܢ ܪܡܫܐ ܠܥܕܢ ܕܢܦܩܢ ܡܠܝܬ ܡ̈ܝܐ.,14,"Fez ajoelhar os camelos fora da cidade, junto ao poço de água, pela tarde, à hora em que as mulheres saíam a tirar água.",24,True,True,True
24,12,Gênesis 24:12,וַיֹּאמַ֓ר ׀ יְהוָ֗ה אֱלֹהֵי֙ אֲדֹנִ֣י אַבְרָהָ֔ם הַקְרֵה־ נָ֥א לְפָנַ֖י הַיּ֑וֹם וַעֲשֵׂה־ חֶ֕סֶד עִ֖ם אֲדֹנִ֥י אַבְרָהָֽם ׃,ויאמר יהוה אלהי אדני אברהמ הקרה נא לפני היומ ועשה חסד עמ אדני אברהמ,16,ואמר יי אלהה דרבוני אברהם זמין כען קדמי יומא דין ועבד טיבו עם רבוני אברהם:,15,"καὶ εἶπεν Κύριε ὁ θεὸς τοῦ κυρίου Ἀβραάμ, εὐόδωσον ἐναντίον ἐμοῦ σήμερον καὶ ποίησον ἔλεος μετὰ τοῦ κυρίου μου Ἀβραάμ.",20,ܘܨܠܝ ܘܐܡ̣ܪ . ܡܪܝܐ ܐܠܗܗ ܕܡܪܝ ܐܒܪܗܡ. ܛ̇ܝܒ ܩܕܡܝ ܝܘܡܢܐ. ܘܥܒ̣ܕ ܛܝܒܘܬܐ ܥܡ ܡܪܝ ܐܒܪܗܡ.,15,"E disse: Ó Senhor, Deus de meu senhor Abraão, dá-me hoje, peço-te, bom êxito, e usa de benevolência para com o meu senhor Abraão.",24,True,True,True
24,13,Gênesis 24:13,הִנֵּ֛ה אָנֹכִ֥י נִצָּ֖ב עַל־ עֵ֣ין הַמָּ֑יִם וּבְנוֹת֙ אַנְשֵׁ֣י הָעִ֔יר יֹצְאֹ֖ת לִשְׁאֹ֥ב מָֽיִם ׃,הנה אנכי נצב על עינ המימ ובנות אנשי העיר יצאת לשאב מימ,13,הא אנא קאם על עינא דמיא ובנת אנשי קרתא נפקן לממלי מיא:,12,"ἰδοὺ ἐγὼ ἕστηκα ἐπὶ τῆς πηγῆς τοῦ ὕδατος, αἱ δὲ θυγατέρες τῶν οἰκούντων τὴν πόλιν ἐκπορεύονται ἀντλῆσαι ὕδωρ.",18,ܗܐ ܐܢܐ ܩܐܡ ܐܢܐ ܥܠ ܒܪܐ ܕܡ̈ܝܐ. ܘܒܢ̈ܬ ܐܢܫ̈ܝ ܩܪܝܬܐ ܢܦܩ̈ܢ ܠܡܡܠܐ ܡ̈ܝܐ.,13,"Eis que eu estou em pé junto à fonte, e as filhas dos homens desta cidade vêm saindo para tirar água;",21,True,True,True
24,14,Gênesis 24:14,וְהָיָ֣ה הַֽנַּעֲרָ֗ אֲשֶׁ֨ר אֹמַ֤ר אֵלֶ֨יהָ֙ הַטִּי־ נָ֤א כַדֵּךְ֙ וְאֶשְׁתֶּ֔ה וְאָמְרָ֣ה שְׁתֵ֔ה וְגַם־ גְּמַלֶּ֖יךָ אַשְׁקֶ֑ה אֹתָ֤הּ הֹכַ֨חְתָּ֙ לְעַבְדְּךָ֣ לְיִצְחָ֔ק וּבָ֣הּ אֵדַ֔ע כִּי־ עָשִׂ֥יתָ חֶ֖סֶד עִם־ אֲדֹנִֽי ׃,והיה הנער אשר אמר אליה הטי נא כדכ ואשתה ואמרה שתה וגמ גמליכ אשקה אתה הכחת לעבדכ ליצחק ובה אדע כי עשית חסד עמ אדני,26,ותהי עולמתא דאימר לה ארכיני כען קולתיך ואשתי ותימר אשת ואף גמלך אשקי יתה זמנתא לעבדך ליצחק ובה אידע ארי עבדת טיבו עם רבוני:,24,"καὶ ἔσται ἡ παρθένος ᾗ ἂν ἐγὼ εἴπω Ἐπίκλινον τὴν ὑδρίαν σου ἵνα πίω, καὶ εἴπῃ μοι Πίε σύ, καὶ τὰς καμήλους ⸆ σου ποτιῶ ἕως ἂν παύσωνται πίνουσαι, ταύτην ἡτοίμασας τῷ παιδί σου Ἰσαάκ· καὶ ἐν τούτῳ γνώσομαι ὅτι ἐποίησας ἔλεος τῷ κυρίῳ μου Ἀβραάμ.",46,ܘܥܠܝܡܬܐ ܕܐܡ̣ܪ ܠܗ̇ ܐܪܟܢܝ ܠܝ ܩܘܠܬܟܝ ܐܫܬܐ . ܘܬܐܡܪ ܠܝ ܐܫܬܝ ܘܐܦ ܠܓܡ̈ܠܝܟ ܐܫܩܐ. ܗ̇ܝ ܗܝ ܕܛܝܒ̣ܬ ܠܥܒܕܟ ܐܝܣܚܩ. ܘܒܗܕܐ ܐܕܥ ܕܥܒ̇ܕ ܐܢܬ ܛܝܒܘܬܐ ܘܩܘܫܬܐ ܥܡ ܡܪܝ.,27,"faze, pois, que a donzela a quem eu disser: Abaixa o teu cântaro, peço-te, para que eu beba; e ela responder: Bebe, e também darei de beber aos teus camelos; seja aquela que designaste para o teu servo Isaque. Assim conhecerei que usaste de benevolência para com o meu senhor.",50,True,True,True
24,15,Gênesis 24:15,וַֽיְהִי־ ה֗וּא טֶרֶם֮ כִּלָּ֣ה לְדַבֵּר֒ וְהִנֵּ֧ה רִבְקָ֣ה יֹצֵ֗את אֲשֶׁ֤ר יֻלְּדָה֙ לִבְתוּאֵ֣ל בֶּן־ מִלְכָּ֔ה אֵ֥שֶׁת נָח֖וֹר אֲחִ֣י אַבְרָהָ֑ם וְכַדָּ֖הּ עַל־ שִׁכְמָֽהּ ׃,ויהי הוא טרמ כלה לדבר והנה רבקה יצאת אשר ילדה לבתואל בנ מלכה אשת נחור אחי אברהמ וכדה על שכמה,21,והוה הוא עד לא שיצי למללא והא רבקה נפקת דאתילידת לבתואל בר מלכה אתת נחור אחוהי דאברהם וקולתה על כתפה:,20,"⸂⸆⸃ καὶ ἐγένετο πρὸ τοῦ συντελέσαι αὐτὸν λαλοῦντα ἐν τῇ διανοίᾳ, καὶ ἰδοὺ Ῥεβέκκα ἐξεπορεύετο, ἡ τεχθεῖσα Βαθουήλ, υἱῷ Μέλχας τῆς γυναικὸς Ναχώρ, ἀδελφοῦ δὲ Ἀβραάμ, ἔχουσα τὴν ὑδρίαν ἐπὶ τῶν ὤμων αὐτῆς.",33,ܘܗ̣ܘ ܥܕܟܝܠ ܠܐ ܫ̇ܠܡ ܠܡܡܠܠܘ. ܘܗܐ ܪܦܩܐ ܢܦܩ̣ܬ ܕܐܬܝ̣ܠܕܬ ܠܒܬܘܐܝܠ ܒܪ ܡ̣ܠܟܐ ܐܢܬܬ ܢܚܘܪ. ܐܚܘܗܝ ܕܐܒܪܗܡ ܘܩܘܠܬܐ ܥܠ ܟܬܦܗ̇.,19,"Antes que ele acabasse de falar, eis que Rebeca, filha de Betuel, filho de Milca, mulher de Naor, irmão de Abraão, saía com o seu cântaro sobre o ombro.",29,True,True,True
24,16,Gênesis 24:16,וְהַֽנַּעֲרָ֗ טֹבַ֤ת מַרְאֶה֙ מְאֹ֔ד בְּתוּלָ֕ה וְאִ֖ישׁ לֹ֣א יְדָעָ֑הּ וַתֵּ֣רֶד הָעַ֔יְנָה וַתְּמַלֵּ֥א כַדָּ֖הּ וַתָּֽעַל ׃,והנער טבת מראה מאד בתולה ואיש לא ידעה ותרד העינה ותמלא כדה ותעל,14,ועולמתא שפירת חיזו לחדא בתלתא וגבר לא ידעה ונחתת לעינא ומלת קולתה וסלקת:,13,"ἡ δὲ παρθένος ἦν καλὴ τῇ ὄψει σφόδρα· παρθένος ἦν, ἀνὴρ οὐκ ἔγνω αὐτήν. καταβᾶσα δὲ ἐπὶ τὴν πηγὴν ἔπλησεν τὴν ὑδρίαν αὐτῆς, καὶ ἀνέβη.",25,ܘܥܠܝܡܬܐ ܫܦܝܪܐ ܗܘܬ ܒܚܙܘܗ̇ ܛܒ. ܒܬܘܠܬܐ ܕܓܒܪܐ ܠܐ ܝܕܥܗ̇. ܘܢܚ̣ܬܬ ܠܒܪܐ . ܘܡܠ̣ܬ ܩܘܠܬܗ̇ ܘܣܠܩ̣ܬ.,15,"A donzela era muito formosa à vista, virgem, a quem varão não havia conhecido; ela desceu à fonte, encheu o seu cântaro e subiu.",24,True,True,True
24,17,Gênesis 24:17,וַיָּ֥רָץ הָעֶ֖בֶד לִקְרָאתָ֑הּ וַיֹּ֕אמֶר הַגְמִיאִ֥ינִי נָ֛א מְעַט־ מַ֖יִם מִכַּדֵּֽךְ ׃,וירצ העבד לקראתה ויאמר הגמיאיני נא מעט מימ מכדכ,10,ורהט עבדא לקדמותה ואמר אשקיני כען זעיר מיא מקולתיך:,9,ἐπέδραμεν δὲ ὁ παῖς εἰς συνάντησιν αὐτῆς ⸂⸆⸃ καὶ εἶπεν Πότισόν με μικρὸν ὕδωρ ἐκ τῆς ὑδρίας σου.,18,ܘܪܗ̣ܛ ܥܒܕܐ ܠܐܘܪܥܗ̇ ܘܐܡ̣ܪ ܠܗ̇ . ܐܫܩܐܝܢܝ ܩܠܝܠ ܡ̈ܝܐ ܡܢ ܩܘܠܬܟܝ.,11,"Então o servo correu-lhe ao encontro, e disse: Deixa-me beber, peço-te, um pouco de água do teu cântaro.",18,True,True,True
24,18,Gênesis 24:18,וַתֹּ֖אמֶר שְׁתֵ֣ה אֲדֹנִ֑י וַתְּמַהֵ֗ר וַתֹּ֧רֶד כַּדָּ֛הּ עַל־ יָדָ֖הּ וַתַּשְׁקֵֽהוּ ׃,ותאמר שתה אדני ותמהר ותרד כדה על ידה ותשקהו,10,ואמרת אשת רבוני ואוחיאת ואחיתת קולתה על ידה ואשקתיה:,9,"ἡ δὲ εἶπεν Πίε, κύριε· καὶ ἔσπευσεν καὶ καθεῖλεν τὴν ὑδρίαν ἐπὶ τὸν βραχίονα αὐτῆς καὶ ἐπότισεν αὐτὸν",18,ܘܐܡ̣ܪܬ ܠܗ ܐܫܬܝ ܡܪܝ. ܘܐܣ̣ܬܪܗܒܬ ܘܐܚܬܬ ܩܘܠܬܗ̇ ܥܠ ܐ̈ܝܕܝܗ̇ ܘܐܫܩܝܬܗ.,10,"Respondeu ela: Bebe, meu senhor. Então com presteza abaixou o seu cântaro sobre a mão e deu-lhe de beber.",19,True,True,True
24,19,Gênesis 24:19,וַתְּכַ֖ל לְהַשְׁקֹת֑וֹ וַתֹּ֗אמֶר גַּ֤ם לִגְמַלֶּ֨יךָ֙ אֶשְׁאָ֔ב עַ֥ד אִם־ כִּלּ֖וּ לִשְׁתֹּֽת ׃,ותכל להשקתו ותאמר גמ לגמליכ אשאב עד אמ כלו לשתת,11,ושיציאת לאשקיותיה ואמרת אף לגמלך אמלי עד די ספקון למשתי:,10,ἕως ἐπαύσατο πίνων. καὶ εἶπεν Καὶ ταῖς καμήλοις σου ὑδρεύσομαι ἕως ἂν ⸆ πᾶσαι πίωσιν.,15,ܘܓܡ̣ܪܬ ܠܡܫܩܝܘܬܗ ܘܐܡ̣ܪܬ. ܐܦ ܠܓܡ̈ܠܝܟ ܐܡܠ̣ܐ ܥܕܡܐ ܕܢܫܠܡܘܢ ܠܡܫܬܐ.,9,"E quando acabou de lhe dar de beber, disse: Tirarei também água para os teus camelos, até que acabem de beber.",21,True,True,True
24,20,Gênesis 24:20,וַתְּמַהֵ֗ר וַתְּעַ֤ר כַּדָּהּ֙ אֶל־ הַשֹּׁ֔קֶת וַתָּ֥רָץ ע֛וֹד אֶֽל־ הַבְּאֵ֖ר לִשְׁאֹ֑ב וַתִּשְׁאַ֖ב לְכָל־ גְּמַלָּֽיו ׃,ותמהר ותער כדה אל השקת ותרצ עוד אל הבאר לשאב ותשאב לכל גמליו,14,ואוחיאת ונפצת קולתה לבית שקיא ורהטת עוד לבירא לממלי ומלת לכל גמלוהי:,12,"καὶ ἔσπευσεν καὶ ἐξεκένωσεν τὴν ὑδρίαν ἐπὶ τὸ ποτιστήριον, καὶ ἔδραμεν ἐπὶ τὸ φρέαρ ἀντλῆσαι ὕδωρ, καὶ ὑδρεύσατο πάσαις ταῖς καμήλοις.",21,ܘܐܣܬܪܗܒܬ ܘܢܦ̣ܨܬ ܩܘܠܬܗ̇ ܠܫܩܝܐ. ܘܪܗ̣ܛܬ ܬܘܒ ܠܒܪܐ ܠܡܡܠܐ. ܘܡܠ̣ܬ ܠܟܠܗܘܢ ܓܡ̈ܠܘܗܝ.,11,"Também com presteza despejou o seu cântaro no bebedouro e, correndo outra vez ao poço, tirou água para todos os camelos dele.",22,True,True,True
24,21,Gênesis 24:21,וְהָאִ֥ישׁ מִשְׁתָּאֵ֖ה לָ֑הּ מַחֲרִ֕ישׁ לָדַ֗עַת הַֽהִצְלִ֧יחַ יְהוָ֛ה דַּרְכּ֖וֹ אִם־ לֹֽא ׃,והאיש משתאה לה מחריש לדעת ההצליח יהוה דרכו אמ לא,11,וגברא שהי בה מסתכל שתיק למידע האצלח יי ארחיה אם לא:,11,"ὁ δὲ ἄνθρωπος κατεμάνθανεν αὐτήν, καὶ παρεσιώπα τοῦ γνῶναι ἢ εὐόδωκεν Κύριος τὴν ὁδὸν αὐτοῦ ἢ οὔ.",17,ܘܓܒܪܐ ܡܫ̣ܩܐ ܘܡܬܒܩܐ ܒܗ̇. ܘܡܟ̇ܬܪ ܠܡܕܥ ܐܢ ܐܨܠܚ ܡܪܝܐ ܐܘܪܚܗ ܐܘ ܠܐ.,12,"E o homem a contemplava atentamente, em silêncio, para saber se o Senhor havia tornado próspera a sua jornada, ou não.",21,True,True,True
24,22,Gênesis 24:22,וַיְהִ֗י כַּאֲשֶׁ֨ר כִּלּ֤וּ הַגְּמַלִּים֙ לִשְׁתּ֔וֹת וַיִּקַּ֤ח הָאִישׁ֙ נֶ֣זֶם זָהָ֔ב בֶּ֖קַע מִשְׁקָל֑וֹ וּשְׁנֵ֤י צְמִידִים֙ עַל־ יָדֶ֔יהָ עֲשָׂרָ֥ה זָהָ֖ב מִשְׁקָלָֽם ׃,ויהי כאשר כלו הגמלימ לשתות ויקח האיש נזמ זהב בקע משקלו ושני צמידימ על ידיה עשרה זהב משקלמ,19,והוה כד ספיקו גמליא למשתי ונסיב גברא קדשא דדהבא תקלא מתקליה ותרין שירין על ידהא מתקל עשר סלעין דדהבא מתקלהון:,20,"ἐγένετο δὲ ἡνίκα ἐπαύσαντο πᾶσαι αἱ κάμηλοι ⸆ πίνουσαι, ἔλαβεν ὁ ἄνθρωπος ἐνώτια χρυσᾶ ἀνὰ δραχμὴν ὁλκῆς καὶ δύο ψέλια ἐπὶ τὰς χεῖρας αὐτῆς· δέκα χρυσῶν ὁλκὴ αὐτῶν.",28,ܘܟܕ ܓܡ̇ܪܘ ܓܡ̈ܠܐ ܠܡܫܬܐ. ܢܣ̣ܒ ܥܒ̣ܕܐ ܩܕܫ̣ܐ ܕܕܗܒܐ ܡܬܩܠܐ ܡܬܩܠܗ. ܘܬܪ̈ܝܢ ܫܐܪ̈ܝܢ ܥܠ ܐܝ̈ܕܝܗ̇. ܡܢ ܥܣܪܐ ܕܕܗܒܐ ܡܬܩܠܗܘܢ.,18,"Depois que os camelos acabaram de beber, tomou o homem um pendente de ouro, de meio siclo de peso, e duas pulseiras para as mãos dela, do peso de dez siclos de ouro;",33,True,True,True
24,23,Gênesis 24:23,וַיֹּ֨אמֶר֙ בַּת־ מִ֣י אַ֔תְּ הַגִּ֥ידִי נָ֖א לִ֑י הֲיֵ֧שׁ בֵּית־ אָבִ֛יךְ מָק֥וֹם לָ֖נוּ לָלִֽין ׃,ויאמר בת מי את הגידי נא לי היש בית אביכ מקומ לנו ללינ,14,ואמר בת מן את חוי כען לי האית בית אבוך אתר כשר לנא למבת:,14,καὶ ἐπηρώτησεν αὐτὴν καὶ εἶπεν Θυγάτηρ τίνος εἶ; ἀνάγγειλόν μοι· εἰ ἔστιν παρὰ τῷ πατρί σου τόπος ἡμῖν καταλῦσαι;,19,ܘܐܡ̣ܪ ܠܗ̇. ܒܪܬ ܡ̇ܢ ܐܢܬܝ ܚܘܐܝܢܝ. ܐܢ ܐܝܬ ܠܢ ܐܬܪܐ ܒܝܬ ܐܒܘܟܝ ܠܡܒܬ.,13,"e perguntou: De quem és filha? dize-mo, peço-te. Há lugar em casa de teu pai para nós pousarmos?",18,True,True,True
24,24,Gênesis 24:24,וַתֹּ֣אמֶר אֵלָ֔יו בַּת־ בְּתוּאֵ֖ל אָנֹ֑כִי בֶּן־ מִלְכָּ֕ה אֲשֶׁ֥ר יָלְדָ֖ה לְנָחֽוֹר ׃,ותאמר אליו בת בתואל אנכי בנ מלכה אשר ילדה לנחור,11,ואמרת ליה בת בתואל אנא בר מלכא דילידת לנחור:,9,"καὶ εἶπεν αὐτῷ Θυγάτηρ Βαθουήλ εἰμι ἐγὼ τοῦ Μέλχας, ὃν ἔτεκεν αὐτῷ Ναχώρ.",13,ܘܐܡ̣ܪܬ ܠܗ. ܒܪܬ ܒܬܘܐܝܠ ܐܢܐ ܒܪ ܡܠ̣ܟܐ ܕܝܠܕܬ ܠܢܚܘܪ.,9,"Ela lhe respondeu: Eu sou filha de Betuel, filho de Milca, o qual ela deu a Naor.",17,True,True,True
24,25,Gênesis 24:25,וַתֹּ֣אמֶר אֵלָ֔יו גַּם־ תֶּ֥בֶן גַּם־ מִסְפּ֖וֹא רַ֣ב עִמָּ֑נוּ גַּם־ מָק֖וֹם לָלֽוּן ׃,ותאמר אליו גמ תבנ גמ מספוא רב עמנו גמ מקומ ללונ,12,ואמרת ליה אף תבנא אף כסתא סגי עמנא אף אתר כשר למבת:,12,"καὶ εἶπεν ⸂⸆⸃ αὐτῷ Καὶ ἄχυρα καὶ χόρτασμα πολὺ παρ᾽ ἡμῖν, καὶ τόπος τοῦ καταλῦσαι.",15,ܘܐܡ̣ܪܬ ܠܗ. ܘܐܦ ܬܒܢܐ ܘܐܦ ܟܣܬܐ ܣܓܝ ܠܢ. ܘܐܦ ܐܬܪܐ ܠܡܒܬ.,11,"Disse-lhe mais: Temos palha e forragem bastante, e lugar para pousar.",11,True,True,True
24,26,Gênesis 24:26,וַיִּקֹּ֣ד הָאִ֔ישׁ וַיִּשְׁתַּ֖חוּ לַֽיהוָֽה ׃,ויקד האיש וישתחו ליהוה,5,וכרע גברא וסגיד קדם יי:,5,καὶ εὐδοκήσας ὁ ἄνθρωπος προσεκύνησεν Κυρίῳ καὶ εἶπεν,8,ܘܒܪܟ ܓܒܪܐ ܥܠ ܐܪܥܐ . ܘܣܓ̣ܕ ܠܡܪܝܐ.,7,Então inclinou-se o homem e adorou ao Senhor;,8,True,True,True
24,27,Gênesis 24:27,וַיֹּ֗אמֶר בָּר֤וּךְ יְהוָה֙ אֱלֹהֵי֙ אֲדֹנִ֣י אַבְרָהָ֔ם אֲ֠שֶׁר לֹֽא־ עָזַ֥ב חַסְדּ֛וֹ וַאֲמִתּ֖וֹ מֵעִ֣ם אֲדֹנִ֑י אָנֹכִ֗י בַּדֶּ֨רֶךְ֙ נָחַ֣נִי יְהוָ֔ה בֵּ֖ית אֲחֵ֥י אֲדֹנִֽי ׃,ויאמר ברוכ יהוה אלהי אדני אברהמ אשר לא עזב חסדו ואמתו מעמ אדני אנכי בדרכ נחני יהוה בית אחי אדני,21,ואמר בריך יי אלהא דרבוני אברהם די לא מנע טיבותיה וקושטיה מן רבוני אנא באורח תקנא דברני יי בית אחוהי דרבוני:,21,"Εὐλογητὸς Κύριος ὁ θεὸς τοῦ κυρίου μου Ἀβραάμ, ὃς οὐκ ἐγκατέλειπεν τὴν ⸆ δικαιοσύνην καὶ τὴν ἀλήθειαν ἀπὸ τοῦ κυρίου μου· ἐμὲ εὐόδωκεν Κύριος εἰς οἶκον τοῦ ἀδελφοῦ τοῦ κυρίου μου.",31,ܘܐܡ̣ܪ ܒܪܝܟ ܗ̣ܘ ܡܪܝܐ ܐܠܗܗ ܕܡܪܝ ܐܒܪܗܡ. ܕܠܐ ܟܠ̣ܐ ܛܝܒܘܬܗ ܘܩܘܫܬܗ ܡܢ ܡܪܝ. ܐܠܐ ܒܐܘܪܚܐ ܕܒܪܢܝ ܡܪܝܐ ܠܒܝܬ ܐܚܘܗܝ ܕܡܪܝ. ܠܡܣܒ ܒܪܬ ܐܚܘܗܝ ܕܡܪܝ ܠܒܪܗ.,25,"e disse: Bendito seja o Senhor Deus de meu senhor Abraão, que não retirou do meu senhor a sua benevolência e a sua verdade; quanto a mim, o Senhor me guiou no caminho à casa dos irmãos de meu senhor.",40,True,True,True
24,28,Gênesis 24:28,וַתָּ֨רָץ֙ הַֽנַּעֲרָ֔ וַתַּגֵּ֖ד לְבֵ֣ית אִמָּ֑הּ כַּדְּבָרִ֖ים הָאֵֽלֶּה ׃,ותרצ הנער ותגד לבית אמה כדברימ האלה,8,ורהטת עולמתא וחויאת לבית אמה כפתגמיא האלין:,7,καὶ δραμοῦσα ἡ παῖς ἀπήγγειλεν εἰς τὸν οἶκον τῆς μητρὸς αὐτῆς κατὰ τὰ ῥήματα ταῦτα.,15,ܘܪܗܛܬ ܛܠܝܬܐ ܘܚܘܝܬ ܠܒܝܬ ܐܒܘܗ̇ ܡ̈ܠܐ ܗܠܝܢ.,7,"A donzela correu, e relatou estas coisas aos da casa de sua mãe.",13,True,True,True
24,29,Gênesis 24:29,וּלְרִבְקָ֥ה אָ֖ח וּשְׁמ֣וֹ לָבָ֑ן וַיָּ֨רָץ לָבָ֧ן אֶל־ הָאִ֛ישׁ הַח֖וּצָה אֶל־ הָעָֽיִן ׃,ולרבקה אח ושמו לבנ וירצ לבנ אל האיש החוצה אל העינ,12,ולרבקה אחא ושמיה לבן ורהט לבן לות גברא לברא לות עינא:,11,τῇ δὲ Ῥεβέκκᾳ ἀδελφὸς ἦν ᾧ ὄνομα Λαβάν· καὶ ἔδραμεν Λαβὰν πρὸς τὸν ἄνθρωπον ἔξω ἐπὶ τὴν πηγήν.,18,ܘܠܪܦܩܐ ܐܝܬ ܗܘܐ ܐܚܐ ܘܫܡܗ ܠܒܢ. ܘܪܗܛ ܠܒܢ ܠܘܬ ܓܒܪܐ ܠܒܪ ܠܘܬ ܒܪܐ .,14,"Ora, Rebeca tinha um irmão, cujo nome era Labão, o qual saiu correndo ao encontro daquele homem até a fonte;",20,True,True,True
24,30,Gênesis 24:30,וַיְהִ֣י ׀ כִּרְאֹ֣ת אֶת־ הַנֶּ֗זֶם וְֽאֶת־ הַצְּמִדִים֮ עַל־ יְדֵ֣י אֲחֹתוֹ֒ וּכְשָׁמְע֗וֹ אֶת־ דִּבְרֵ֞י רִבְקָ֤ה אֲחֹתוֹ֙ לֵאמֹ֔ר כֹּֽה־ דִבֶּ֥ר אֵלַ֖י הָאִ֑ישׁ וַיָּבֹא֙ אֶל־ הָאִ֔ישׁ וְהִנֵּ֛ה עֹמֵ֥ד עַל־ הַגְּמַלִּ֖ים עַל־ הָעָֽיִן ׃,ויהי כראת את הנזמ ואת הצמדימ על ידי אחתו וכשמעו את דברי רבקה אחתו לאמר כה דבר אלי האיש ויבא אל האיש והנה עמד על הגמלימ על העינ,30,והוה כד חזא ית קדשא וית שיריא על ידי אחתיה וכד שמע ית פתגמי רבקה אחתיה למימר כדין מליל עמי גברא ואתא לות גברא והא קאם עלוי גמליא על עינא:,30,"καὶ ἐγένετο ἡνίκα ἴδεν τὰ ἐνώτια καὶ τὰ ψέλια ἐπὶ τὰς χεῖρας τῆς ἀδελφῆς αὐτοῦ, καὶ ὅτε ἤκουσεν τὰ ῥήματα Ῥεβέκκας τῆς ἀδελφῆς αὐτοῦ λεγούσης Οὕτως ⸂⸆⸃ λελάληκέν μοι ὁ ἄνθρωπος, καὶ ἦλθεν πρὸς τὸν ⸂⸆⸆⸃ ἄνθρωπον, ἑστηκότος αὐτοῦ ἐπὶ τῶν καμήλων ἐπὶ τῆς πηγῆς·",45,ܟܕ ܚ̣ܙܐ ܩܕܫ̈ܐ ܘܫܐܪ̈ܐ ܒܐ̈ܝܕܝ ܚܬܗ. ܘܟܕ ܫܡ̣ܥ ܡ̈ܠܝܗ̇ ܕܪܦܩܐ ܚܬܗ ܕܐܡ̣ܪܬ. ܕܗܟܢܐ ܐܡ̣ܪ ܠܝ ܓܒܪܐ. ܘܐܬ̣ܐ ܠܘܬ ܓܒܪܐ. ܘܗܐ ܩܐܡ ܠܘܬ ܓܡ̈ܠܐ ܥܠ ܒܪܐ .,26,"porquanto tinha visto o pendente, e as pulseiras sobre as mãos de sua irmã, e ouvido as palavras de sua irmã Rebeca, que dizia: Assim me falou aquele homem; e foi ter com o homem, que estava em pé junto aos camelos ao lado da fonte.",46,True,True,True
24,31,Gênesis 24:31,וַיֹּ֕אמֶר בּ֖וֹא בְּר֣וּךְ יְהוָ֑ה לָ֤מָּה תַעֲמֹד֙ בַּח֔וּץ וְאָנֹכִי֙ פִּנִּ֣יתִי הַבַּ֔יִת וּמָק֖וֹם לַגְּמַלִּֽים ׃,ויאמר בוא ברוכ יהוה למה תעמד בחוצ ואנכי פניתי הבית ומקומ לגמלימ,13,ואמר עול בריכא דיי למא את קאם בברא ואנא פניתי ביתא ואתר כשר לגמליא:,14,"καὶ εἶπεν αὐτῷ Δεῦρο εἴσελθε, εὐλογητὸς Κύριος· ἵνα τί ἕστηκας ἔξω; ἐγὼ δὲ ἡτοίμασα τὴν οἰκίαν καὶ τόπον ταῖς καμήλοις.",20,ܘܐܡ̣ܪ ܠܗ . ܥܘܠ ܒܪܝܟܗ ܕܡܪܝܐ. ܠܡܢܐ ܩܐܡ ܐܢܬ ܒܫܘܩܐ. ܘܐܢܐ ܬܩ̇ܢܬ ܒܝܬܐ ܘܕܘܟܬܐ ܠܓܡ̈ܠܐ.,15,"E disse: Entra, bendito do Senhor; por que estás aqui fora? pois eu já preparei a casa, e lugar para os camelos.",22,True,True,True
24,32,Gênesis 24:32,וַיָּבֹ֤א הָאִישׁ֙ הַבַּ֔יְתָה וַיְפַתַּ֖ח הַגְּמַלִּ֑ים וַיִּתֵּ֨ן תֶּ֤בֶן וּמִסְפּוֹא֙ לַגְּמַלִּ֔ים וּמַ֨יִם֙ לִרְחֹ֣ץ רַגְלָ֔יו וְרַגְלֵ֥י הָאֲנָשִׁ֖ים אֲשֶׁ֥ר אִתּֽוֹ ׃,ויבא האיש הביתה ויפתח הגמלימ ויתנ תבנ ומספוא לגמלימ ומימ לרחצ רגליו ורגלי האנשימ אשר אתו,17,ועל גברא לביתא ושרא גמליא ויהב תבנא וכסתא לגמליא ומיא לאסחאה רגלוהי ורגלי גבריא דעמיה:,15,"εἰσῆλθεν δὲ ὁ ἄνθρωπος εἰς τὴν οἰκίαν, καὶ ἀπέσαξεν τὰς καμήλους· καὶ ἔδωκεν ἄχυρα καὶ χορτάσματα ταῖς καμήλοις, καὶ ὕδωρ τοῖς ποσὶν αὐτοῦ καὶ τοῖς ποσὶν τῶν ἀνδρῶν τῶν μετ᾽ αὐτοῦ,",31,ܘܥܠ ܓܒܪܐ ܠܒܝܬܐ ܘܫ̣ܪܐ ܡܢ ܓܡ̈ܠܐ. ܘܐܪܡܝ ܬܒܢܐ ܘܟܣܬܐ ܠܓܡ̈ܠܐ. ܘܡ̈ܝܐ ܠܡܫܓܘ ܪ̈ܓܠܘܗܝ ܘܪ̈ܓܠܐ ܕܓܒܪ̈ܐ ܕܥܡܗ.,16,"Então veio o homem à casa, e desarreou os camelos; deram palha e forragem para os camelos e água para lavar os pés dele e dos homens que estavam com ele.",31,True,True,True
24,33,Gênesis 24:33,ויישם לְפָנָיו֙ לֶאֱכֹ֔ל וַיֹּ֨אמֶר֙ לֹ֣א אֹכַ֔ל עַ֥ד אִם־ דִּבַּ֖רְתִּי דְּבָרָ֑י וַיֹּ֖אמֶר דַּבֵּֽר ׃,ויישמ לפניו לאכל ויאמר לא אכל עד אמ דברתי דברי ויאמר דבר,13,ושויאו קדמוהי למיכל ואמר לא איכול עד דאמלל פתגמי ואמר מלל:,11,καὶ παρέθηκεν αὐτοῖς ἄρτους φαγεῖν. καὶ εἶπεν Οὐ μὴ φάγω ἕως τοῦ λαλῆσαί ⸆ με τὰ ῥήματά μου. καὶ εἶπαν Λάλησον.,21,ܘܣܡܘ ܩܕܡܝܗܘܢ ܠܡܠܥܣ . ܘܐܡ̣ܪ ܠܐ ܠܥܣ̇ ܐܢܐ ܥܕܡܐ ܕܐܡ̣ܪ ܡ̈ܠܝ. ܐܡܪ̈ܝܢ ܠܗ ܐܡ̣ܪ.,14,"Depois puseram comida diante dele. Ele, porém, disse: Não comerei, até que tenha exposto a minha incumbência. Respondeu-lhe Labão: Fala.",20,True,True,True
24,34,Gênesis 24:34,וַיֹּאמַ֑ר עֶ֥בֶד אַבְרָהָ֖ם אָנֹֽכִי ׃,ויאמר עבד אברהמ אנכי,5,ואמר עבדא דאברהם אנא:,4,καὶ εἶπεν Παῖς Ἀβραὰμ ἐγώ εἰμι.,6,ܘܐܡ̣ܪ . ܥܒ̣ܕܐ ܐܢܐ ܕܐܒܪܗܡ.,5,Então disse: Eu sou o servo de Abraão.,8,True,True,True
24,35,Gênesis 24:35,וַיהוָ֞ה בֵּרַ֧ךְ אֶת־ אֲדֹנִ֛י מְאֹ֖ד וַיִּגְדָּ֑ל וַיִּתֶּן־ ל֞וֹ צֹ֤אן וּבָקָר֙ וְכֶ֣סֶף וְזָהָ֔ב וַעֲבָדִם֙ וּשְׁפָחֹ֔ת וּגְמַלִּ֖ים וַחֲמֹרִֽים ׃,ויהוה ברכ את אדני מאד ויגדל ויתנ לו צאנ ובקר וכספ וזהב ועבדמ ושפחת וגמלימ וחמרימ,17,ויי בריך ית רבוני לחדא ורבא ויהב ליה עאן ותורין וכסף ודהב ועבדין ואמהן וגמלין וחמרין:,16,"Κύριος δὲ εὐλόγησεν τὸν κύριόν μου σφόδρα, καὶ ὑψώθη· καὶ ἔδωκεν αὐτῷ πρόβατα καὶ μόσχους καὶ ἀργύριον καὶ χρυσίον, παῖδας καὶ παιδίσκας, καμήλους καὶ ὄνους.",25,ܘܡܪܝܐ ܒ̇ܪܟ ܠܡܪܝ ܘܝܪܒ ܛܒ. ܘܗܘܘ ܠܗ ܥܢܐ ܘܬܘܪ̈ܐ ܘܣܐܡܐ ܘܕܗܒܐ. ܘܥܒ̈ܕܐ ܘܐ̈ܡܗܬܐ. ܘܐܬ̈ܢܐ ܘܓܡ̈ܠܐ ܘܚܡܪ̈ܐ.,16,"O Senhor tem abençoado muito ao meu senhor, o qual se tem engrandecido; deu-lhe rebanhos e gado, prata e ouro, escravos e escravas, camelos e jumentos.",26,True,True,True
24,36,Gênesis 24:36,וַתֵּ֡לֶד שָׂרָה֩ אֵ֨שֶׁת אֲדֹנִ֥י בֵן֙ לַֽאדֹנִ֔י אַחֲרֵ֖י זִקְנָתָ֑הּ וַיִּתֶּן־ לּ֖וֹ אֶת־ כָּל־ אֲשֶׁר־ לֽוֹ ׃,ותלד שרה אשת אדני בנ לאדני אחרי זקנתה ויתנ לו את כל אשר לו,15,וילידת שרה אתת רבוני בר לרבוני בתר דסיבת ויהב ליה ית כל דיליה:,13,καὶ ἔτεκεν Σάρρα ἡ γυνὴ τοῦ κυρίου μου υἱὸν ἕνα τῷ κυρίῳ μου μετὰ τὸ γηρᾶσαι αὐτόν· καὶ ἔδωκεν ⸂⸆⸃ αὐτῷ ὅσα ἦν αὐτῷ.,24,ܘܝܠ̣ܕܬ ܣܪܐ ܐܢܬܬܗ ܕܡܪܝ ܒܪܐ ܠܡܪܝ ܡܢ ܒܬܪ ܕܣܐܒܬ. ܘܝܗ̣ܒ ܠܗ ܟܠ ܡܕܡ ܕܐܝܬ ܠܗ.,15,"E Sara, a mulher do meu senhor, mesmo depois, de velha deu um filho a meu senhor; e o pai lhe deu todos os seus bens.",26,True,True,True
24,37,Gênesis 24:37,וַיַּשְׁבִּעֵ֥נִי אֲדֹנִ֖י לֵאמֹ֑ר לֹא־ תִקַּ֤ח אִשָּׁה֙ לִבְנִ֔י מִבְּנוֹת֙ הַֽכְּנַעֲנִ֔י אֲשֶׁ֥ר אָנֹכִ֖י יֹשֵׁ֥ב בְּאַרְצֽוֹ ׃,וישבעני אדני לאמר לא תקח אשה לבני מבנות הכנעני אשר אנכי ישב בארצו,14,וקים עלי רבוני למימר לא תסב אתתא לברי מבנת כנענאי די אנא יתב בארעיה:,14,"καὶ ὥρκισέν με ὁ κύριός μου λέγων Οὐ λήμψῃ γυναῖκα τῷ υἱῷ μου ἀπὸ τῶν θυγατέρων τῶν Χαναναίων, ἐν οἷς ἐγὼ παροικῶ ἐν τῇ γῇ αὐτῶν·",26,ܘܐܘܡܝܢܝ ܡܪܝ ܘܐܡ̣ܪ ܠܝ. ܠܐ ܬܣܒ ܐܢܬܬܐ ܠܒܪܝ ܡܢ ܒܢ̈ܬ ܟܢܥ̈ܢܝܐ. ܕܝܬܒ ܐܢܐ ܒܐܪܥܗܘܢ .,15,"Ora, o meu senhor me fez jurar, dizendo: Não tomarás mulher para meu filho das filhas dos cananeus, em cuja terra habito;",22,True,True,True
24,38,Gênesis 24:38,אִם־ לֹ֧א אֶל־ בֵּית־ אָבִ֛י תֵּלֵ֖ךְ וְאֶל־ מִשְׁפַּחְתִּ֑י וְלָקַחְתָּ֥ אִשָּׁ֖ה לִבְנִֽי ׃,אמ לא אל בית אבי תלכ ואל משפחתי ולקחת אשה לבני,12,אלהן לבית אבא תזיל ולזרעיתי ותסב אתתא לברי:,8,"ἀλλ᾽ ἢ εἰς τὸν οἶκον τοῦ πατρός μου πορεύσῃ καὶ εἰς τὴν φυλήν μου, καὶ λήμψῃ γυναῖκα τῷ υἱῷ μου ἐκεῖθεν.",21,ܐܠܐ ܙܠ ܠܒܝܬ ܐܒܝ ܘܠܫܪܒܬܝ. ܘܣܒ ܐܢܬܬܐ ܠܒܪܝ ܡܢ ܬܡܢ .,11,"irás, porém, à casa de meu pai, e à minha parentela, e tomarás mulher para meu filho.",17,True,True,True
24,39,Gênesis 24:39,וָאֹמַ֖ר אֶל־ אֲדֹנִ֑י אֻלַ֛י לֹא־ תֵלֵ֥ךְ הָאִשָּׁ֖ה אַחֲרָֽי ׃,ואמר אל אדני אלי לא תלכ האשה אחרי,9,ואמרית לרבוני מאים לא תיתי אתתא בתרי:,7,εἶπα δὲ τῷ κυρίῳ μου Μή ποτε οὐ πορευθῇ ἡ γυνὴ μετ᾽ ἐμοῦ.,13,ܘܐܡ̇ܪܬ ܠܡܪܝ. ܘܕܠܡܐ ܠܐ ܬܨܒܐ ܐܢܬܬܐ ܠܡܐܬܐ ܥܡܝ.,8,Então respondi ao meu senhor: Porventura não me seguirá a mulher.,11,True,True,True
24,40,Gênesis 24:40,וַיֹּ֖אמֶר אֵלָ֑י יְהוָ֞ה אֲשֶׁר־ הִתְהַלַּ֣כְתִּי לְפָנָ֗יו יִשְׁלַ֨ח מַלְאָכ֤וֹ אִתָּךְ֙ וְהִצְלִ֣יחַ דַּרְכֶּ֔ךָ וְלָקַחְתָּ֤ אִשָּׁה֙ לִבְנִ֔י מִמִּשְׁפַּחְתִּ֖י וּמִבֵּ֥ית אָבִֽי ׃,ויאמר אלי יהוה אשר התהלכתי לפניו ישלח מלאכו אתכ והצליח דרככ ולקחת אשה לבני ממשפחתי ומבית אבי,18,ואמר לי יי די פלחית קדמוהי ישלח מלאכיה עמך ויצלח ארחך ותסב אתתא לברי מזרעיתי ומבית אבא:,17,"καὶ εἶπέν μοι Κύριος ὁ θεός, ᾧ εὐηρέστησα ἐναντίον αὐτοῦ, αὐτὸς ἐξαποστελεῖ τὸν ἄγγελον αὐτοῦ μετὰ σοῦ καὶ εὐοδώσει τὴν ὁδόν σου· καὶ λήμψῃ γυναῖκα τῷ υἱῷ μου ἐκ τῆς φυλῆς μου καὶ ἐκ τοῦ οἴκου τοῦ πατρός μου.",39,ܘܐܡ̣ܪ ܠܝ ܡܪܝ . ܡܪܝܐ ܕܦܠܚ̇ܬ ܩܕܡܘܗܝ. ܗ̣ܘ ܢܫܕܪ ܡܠܐܟܗ ܥܡܟ ܘܢܬܩܢ ܐܘܪܚܟ. ܘܬܣܒ ܐܢܬܬܐ ܠܒܪܝ ܡܢ ܫܪܒܬܝ. ܘܡܢ ܒܝܬ ܐܒܝ.,21,"Ao que ele me disse: O Senhor, em cuja presença tenho andado, enviará o seu anjo contigo, e prosperará o teu caminho; e da minha parentela e da casa de meu pai tomarás mulher para meu filho;",37,True,True,True
24,41,Gênesis 24:41,אָ֤ז תִּנָּקֶה֙ מֵאָ֣לָתִ֔י כִּ֥י תָב֖וֹא אֶל־ מִשְׁפַּחְתִּ֑י וְאִם־ לֹ֤א יִתְּנוּ֙ לָ֔ךְ וְהָיִ֥יתָ נָקִ֖י מֵאָלָתִֽי ׃,אז תנקה מאלתי כי תבוא אל משפחתי ואמ לא יתנו לכ והיית נקי מאלתי,15,בכן תהי זכי ממומתי ארי תהך לזרעיתי ואם לא יתנון לך ותהי זכי ממומתי:,14,"τότε ἀθῷος ἔσῃ ἐκ τῆς ⸆ ἀρᾶς μου· ἡνίκα γὰρ ἐὰν ἔλθῃς εἰς τὴν φυλήν μου καὶ μὴ δῶσίν σοι, καὶ ἔσῃ ἀθῷος ἀπὸ τοῦ ⸂⸆⸃ ὁρκισμοῦ μου.",28,ܘܗ̇ܝܕܝܢ ܬܬܚܣܐ ܡܢ ܡ̈ܘܡܬܝ ܟܕ ܬܐܙܠ ܠܫܪܒܬܝ. ܘܐܢ ܠܐ ܢܬܠܘܢ ܠܟ. ܗܘܝܬ ܡܚ̣ܣܝ ܡܢ ܡܘ̈ܡܬܝ.,15,"então serás livre do meu juramento, quando chegares à minha parentela; e se não te derem, livre serás do meu juramento.",21,True,True,True
24,42,Gênesis 24:42,וָאָבֹ֥א הַיּ֖וֹם אֶל־ הָעָ֑יִן וָאֹמַ֗ר יְהוָה֙ אֱלֹהֵי֙ אֲדֹנִ֣י אַבְרָהָ֔ם אִם־ יֶשְׁךָ־ נָּא֙ מַצְלִ֣יחַ דַּרְכִּ֔י אֲשֶׁ֥ר אָנֹכִ֖י הֹלֵ֥ךְ עָלֶֽיהָ ׃,ואבא היומ אל העינ ואמר יהוה אלהי אדני אברהמ אמ ישכ נא מצליח דרכי אשר אנכי הלכ עליה,19,ואתית יומא דין לעינא ואמרית יי אלהא דרבוני אברהם אם אית כען רעוא קדמך לאצלחא ארחי די אנא אזיל עלה:,20,"καὶ ἐλθὼν σήμερον ἐπὶ τὴν πηγὴν εἶπα Κύριε ὁ θεὸς τοῦ κυρίου μου Ἀβραάμ, εἰ σὺ εὐοδοῖς τὴν ὁδόν μου, ἣν νῦν ἐγὼ πορεύομαι ἐπ᾽ αὐτήν·",26,ܘܐܬܝܬ ܝܘܡܢܐ ܠܘܬ ܒܪܐ ܘܐܡ̇ܪܬ. ܡܪܝܐ ܐܠܗܗ ܕܡܪܝ ܐܒܪܗܡ. ܐܢ ܐܬܩܢܬ ܐܘܪܚܝ ܕܐ̇ܬܝܬ ܥܠܝܗ̇.,14,"E hoje cheguei à fonte, e disse: Senhor, Deus de meu senhor Abraão, se é que agora prosperas o meu caminho, o qual venho seguindo,",25,True,True,True
24,43,Gênesis 24:43,הִנֵּ֛ה אָנֹכִ֥י נִצָּ֖ב עַל־ עֵ֣ין הַמָּ֑יִם וְהָיָ֤ה הָֽעַלְמָה֙ הַיֹּצֵ֣את לִשְׁאֹ֔ב וְאָמַרְתִּ֣י אֵלֶ֔יהָ הַשְׁקִֽינִי־ נָ֥א מְעַט־ מַ֖יִם מִכַּדֵּֽךְ ׃,הנה אנכי נצב על עינ המימ והיה העלמה היצאת לשאב ואמרתי אליה השקיני נא מעט מימ מכדכ,18,הא אנא קאם על עינא דמיא ויהי עולמתא דתפוק לממלי ואימר לה אשקיני כען זעיר מיא מקולתיך:,17,"ἰδοὺ ἐγὼ ἕστηκα ἐπὶ τὴν πηγὴν τοῦ ὕδατος, καὶ αἱ θυγατέρες τῶν ἀνθρώπων τῆς πόλεως ἐξελεύσονται ὑδρεύσασθαι ὕδωρ, καὶ ἔσται ἡ παρθένος ᾗ ἂν ἐγὼ εἴπω Πότισόν με μικρὸν ὕδωρ ἐκ τῆς ὑδρίας σου,",34,ܗܐ ܐܢܐ ܩܐܡ ܐܢܐ ܥܠ ܒܪܐ ܕܡ̈ܝܐ. ܘܥܠܝܡܬܐ ܕܢܦܩܐ ܠܡܡܠܐ ܡ̈ܝܐ . ܘܐܡ̣ܪ ܠܗ̇. ܐܫܩܐܝܢܝ ܩܠܝܠ ܡ̈ܝܐ ܡܢ ܩܘܠܬܟܝ.,19,"eis que estou junto à fonte; faze, pois, que a donzela que sair para tirar água, a quem eu disser: Dá-me, peço-te, de beber um pouco de água do teu cântaro,",31,True,True,True
24,44,Gênesis 24:44,וְאָמְרָ֤ה אֵלַי֙ גַּם־ אַתָּ֣ה שְׁתֵ֔ה וְגַ֥ם לִגְמַלֶּ֖יךָ אֶשְׁאָ֑ב הִ֣וא הָֽאִשָּׁ֔ה אֲשֶׁר־ הֹכִ֥יחַ יְהוָ֖ה לְבֶן־ אֲדֹנִֽי ׃,ואמרה אלי גמ אתה שתה וגמ לגמליכ אשאב הוא האשה אשר הכיח יהוה לבנ אדני,16,ותימר לי אף את אשת ואף לגמלך אמלי היא אתתא דזמין יי לבר רבוני:,14,"καὶ εἴπῃ μοι Πίε σύ, καὶ ταῖς καμήλοις σου ὑδρεύσομαι, αὕτη ἡ γυνὴ ἣν ἡτοίμασεν Κύριος τῷ ἑαυτοῦ θεράποντι Ἰσαάκ· καὶ ἐν τούτῳ γνώσομαι ὅτι πεποίηκας ἔλεος τῷ κυρίῳ μου Ἀβραάμ.",31,ܘܬܐܡܪ ܠܝ ܐܦ ܐܢܬ ܐܫܬܝ ܐܦ ܠܓܡ̈ܠܝܟ ܐܡܠܐ. ܗ̇ܝ ܗ̣ܝ ܐܢܬܬܐ ܕܛܝܒ ܡܪܝܐ ܠܒܪ ܡܪܝ.,15,"e ela me responder: Bebe tu, e também tirarei água para os teus camelos; seja a mulher que o Senhor designou para o filho de meu senhor.",27,True,True,True
24,45,Gênesis 24:45,אֲנִי֩ טֶ֨רֶם אֲכַלֶּ֜ה לְדַבֵּ֣ר אֶל־ לִבִּ֗י וְהִנֵּ֨ה רִבְקָ֤ה יֹצֵאת֙ וְכַדָּ֣הּ עַל־ שִׁכְמָ֔הּ וַתֵּ֥רֶד הָעַ֖יְנָה וַתִּשְׁאָ֑ב וָאֹמַ֥ר אֵלֶ֖יהָ הַשְׁקִ֥ינִי נָֽא ׃,אני טרמ אכלה לדבר אל לבי והנה רבקה יצאת וכדה על שכמה ותרד העינה ותשאב ואמר אליה השקיני נא,20,אנא עד לא שיציתי למללא בלבי והא רבקה נפקת וקולתה על כתפה ונחתת לעינא ומלת ואמרית לה אשקיני כען:,19,"καὶ ἐγένετο πρὸ τοῦ συντελέσαι με λαλοῦντα ἐν τῇ διανοίᾳ μου, εὐθὺς Ῥεβέκκα ἐξεπορεύετο ἔχουσα τὴν ὑδρίαν ἐπὶ τῶν ὤμων, καὶ κατέβη ἐπὶ τὴν πηγὴν καὶ ὑδρεύσατο. εἶπα δὲ αὐτῇ Πότισόν με.",32,ܘܐܢܐ ܥܕܟܝܠ ܠܐ ܫ̇ܠܡܬ ܠܡܡܠܠܘ ܒܠܒܝ . ܘܗܐ ܪܦܩܐ ܢܦܩ̣ܬ ܘܩܘܠܬܐ ܥܠ ܟܬܦܗ̇. ܘܢܚܬܬ ܠܥܝܢܐ ܘܡܠ̣ܬ. ܘܐܡ̇ܪܬ ܠܗ̇. ܐܫܩܐܝܢܝ ܩܠܝܠ ܡ̈ܝܐ ܡܢ ܩܘܠܬܟܝ .,24,"Ora, antes que eu acabasse de falar no meu coração, eis que Rebeca saía com o seu cântaro sobre o ombro, desceu à fonte e tirou água; e eu lhe disse: Dá-me de beber, peço-te.",35,True,True,True
24,46,Gênesis 24:46,וַתְּמַהֵ֗ר וַתּ֤וֹרֶד כַּדָּהּ֙ מֵֽעָלֶ֔יהָ וַתֹּ֣אמֶר שְׁתֵ֔ה וְגַם־ גְּמַלֶּ֖יךָ אַשְׁקֶ֑ה וָאֵ֕שְׁתְּ וְגַ֥ם הַגְּמַלִּ֖ים הִשְׁקָֽתָה ׃,ותמהר ותורד כדה מעליה ותאמר שתה וגמ גמליכ אשקה ואשת וגמ הגמלימ השקתה,14,ואוחיאת ואחיתת קולתה מנה ואמרת אשת ואף גמלך אשקי ושתיתי ואף גמליא אשקיאת:,13,"καὶ σπεύσασα καθεῖλεν τὴν ὑδρίαν ἐπὶ τὸν βραχίονα αὐτῆς ἀφ᾽ ⸆ ἑαυτῆς καί εἶπεν Πίε σύ, καὶ τὰς καμήλους σου ποτιῶ· καὶ ἔπιον, καὶ τὰς καμήλους μου ἐπότισεν.",28,ܘܐܣܬ̣ܪܗܒܬ ܘܐܚ̣ܬܬ ܩܘܠܬܗ̇ ܡܢܗ̇. ܘܐܡ̣ܪܬ ܠܝ ܐܫܬܝ ܘܐܦ ܠܓܡ̈ܠܝܟ ܐܫܩܐ. ܘܐܫܬܝܬ ܘܐܦ ܠܓܡ̈ܠܝ ܐܫܩܝܬ.,14,"E ela, com presteza, abaixou o seu cântaro do ombro, e disse: Bebe, e também darei de beber aos teus camelos; assim bebi, e ela deu também de beber aos camelos.",31,True,True,True
24,47,Gênesis 24:47,וָאֶשְׁאַ֣ל אֹתָ֗הּ וָאֹמַר֮ בַּת־ מִ֣י אַתְּ֒ וַתֹּ֗אמֶר בַּת־ בְּתוּאֵל֙ בֶּן־ נָח֔וֹר אֲשֶׁ֥ר יָֽלְדָה־ לּ֖וֹ מִלְכָּ֑ה וָאָשִׂ֤ם הַנֶּ֨זֶם֙ עַל־ אַפָּ֔הּ וְהַצְּמִידִ֖ים עַל־ יָדֶֽיהָ ׃,ואשאל אתה ואמר בת מי את ותאמר בת בתואל בנ נחור אשר ילדה לו מלכה ואשמ הנזמ על אפה והצמידימ על ידיה,23,ושאילית יתה ואמרית בת מן את ואמרת בת בתואל בר נחור דילידת ליה מלכה ושויתי קדשא על אפה ושיריא על ידהא:,21,καὶ ἠρώτησα αὐτὴν καὶ εἶπα Τίνος θυγάτηρ εἶ; ἀνάγγειλόν μοι. ἡ δὲ ἔφη Θυγάτηρ Βαθουήλ εἰμι ἐγὼ τοῦ υἱοῦ Ναχώρ ὃν ἔτεκεν αὐτῷ Μελχά. καὶ περιέθηκα αὐτῇ τὰ ἐνώτια καὶ τὰ ψέλια ἐπὶ τὰς χεῖρας αὐτῆς·,36,ܘܫܐܠܬܗ̇ ܘܐܡ̇ܪܬ ܠܗ̇. ܒܪܬ ܡ̇ܢ ܐܢܬܝ. ܘܐܡ̣ܪܬ ܒܪܬ ܒܬܘܐܝܠ ܐܢܐ ܒܪ ܢܚܘܪ ܕܝܠ̣ܕܬ ܠܗ ܡܠ̣ܟܐ. ܘܐܪܡ̇ܝܬ ܫܐܪ̈ܐ ܒܐ̈ܝܕܝܗ̇ ܘܩܕܫ̈ܐ ܒܐ̈ܕܢܝܗ̇.,20,"Então lhe perguntei: De quem és filha? E ela disse: Filha de Betuel, filho de Naor, que Milca lhe deu. Então eu lhe pus o pendente no nariz e as pulseiras sobre as mãos;",34,True,True,True
24,48,Gênesis 24:48,וָאֶקֹּ֥ד וָֽאֶשְׁתַּחֲוֶ֖ה לַיהוָ֑ה וָאֲבָרֵ֗ךְ אֶת־ יְהוָה֙ אֱלֹהֵי֙ אֲדֹנִ֣י אַבְרָהָ֔ם אֲשֶׁ֤ר הִנְחַ֨נִי֙ בְּדֶ֣רֶךְ אֱמֶ֔ת לָקַ֛חַת אֶת־ בַּת־ אֲחִ֥י אֲדֹנִ֖י לִבְנֽוֹ ׃,ואקד ואשתחוה ליהוה ואברכ את יהוה אלהי אדני אברהמ אשר הנחני בדרכ אמת לקחת את בת אחי אדני לבנו,20,וכרעית וסגדית קדם יי וברכית ית יי אלהה דרבוני אברהם דדברני באורח קשוט למיסב ית בת אחוהי דרבוני לבריה:,19,"καὶ εὐδοκήσας προσεκύνησα Κυρίῳ, καὶ εὐλόγησα Κύριον τὸν θεὸν τοῦ κυρίου μου Ἀβραάμ, ὃς εὐόδωσέν μοι ἐν ὁδῷ ἀληθείας, λαβεῖν τὴν θυγατέρα τοῦ ἀδελφοῦ τοῦ κυρίου μου τῷ υἱῷ αὐτοῦ.",30,ܘܩܥ̇ܕܬ ܘܣ̇ܓܕܬ ܠܡܪܝܐ. ܘܒ̇ܪܟܬ ܠܡܪܝܐ ܐܠܗܗ ܕܡܪܝ ܐܒܪܗܡ. ܕܕܒܪܢܝ ܒܐܘܪܚܐ ܕܩܘܫܬܐ ܠܒܝܬ ܐܚܘܗܝ ܕܡܪܝ . ܠܡܣܒ ܒܪܬ ܐܚܘܗܝ ܕܡܪܝ ܠܒܪܗ.,20,"e, inclinando-me, adorei e bendisse ao Senhor, Deus do meu senhor Abraão, que me havia conduzido pelo caminho direito para tomar para seu filho a filha do irmão do meu senhor.",31,True,True,True
24,49,Gênesis 24:49,וְ֠עַתָּה אִם־ יֶשְׁכֶ֨ם עֹשִׂ֜ים חֶ֧סֶד וֶֽאֱמֶ֛ת אֶת־ אֲדֹנִ֖י הַגִּ֣ידוּ לִ֑י וְאִם־ לֹ֕א הַגִּ֣ידוּ לִ֔י וְאֶפְנֶ֥ה עַל־ יָמִ֖ין א֥וֹ עַל־ שְׂמֹֽאל ׃,ועתה אמ ישכמ עשימ חסד ואמת את אדני הגידו לי ואמ לא הגידו לי ואפנה על ימינ או על שמאל,21,וכען אם איתיכון עבדין טיבו וקשוט עם רבוני חוו לי ואם לא חוו לי ואתפני על ימינא או על שמאלא:,20,"εἰ οὖν ποιεῖτε ὑμεῖς ἔλεος καὶ δικαιοσύνην πρὸς τὸν κύριόν μου, ἀπαγγείλατέ μοι, ἵνα ἐπιστρέψω εἰς δεξιὰν ἢ εἰς ἀριστεράν.",20,ܘܗܫܐ ܐܢ ܥܒܕܝܢ ܐܢܬܘܢ ܛܝܒܘܬܐ ܘܩܘܫܬܐ ܥܡ ܡܪܝ. ܚܘܐܘܢܝ ܘܐܠܐ ܚܘܐܘܢܝ ܘܐܬܦܢܐ ܠܝܡܝܢܐ ܐܘ ܠܣܡܠܐ .,16,"Agora, pois, se vós haveis de usar de benevolência e de verdade para com o meu senhor, declarai-mo; e se não, também mo declarai, para que eu vá ou para a direita ou para a esquerda.",36,True,True,True
24,50,Gênesis 24:50,וַיַּ֨עַן לָבָ֤ן וּבְתוּאֵל֙ וַיֹּ֣אמְר֔וּ מֵיְהוָ֖ה יָצָ֣א הַדָּבָ֑ר לֹ֥א נוּכַ֛ל דַּבֵּ֥ר אֵלֶ֖יךָ רַ֥ע אוֹ־ טֽוֹב ׃,ויענ לבנ ובתואל ויאמרו מיהוה יצא הדבר לא נוכל דבר אליכ רע או טוב,15,ואתיב לבן ובתואל ואמרו מן קדם יי נפק פתגמא לית אנחנא יכלין למללא עמך ביש או טב:,17,ἀποκριθεὶς δὲ Λαβὰν καὶ Βαθουὴλ εἶπαν Παρὰ κυρίου ἐξῆλθεν τὸ πρόσταγμα τοῦτο· οὐ δυνησόμεθα οὖν σοι ἀντειπεῖν κακὸν καλῷ.,19,ܘܥܢܘ ܠܒܢ ܘܒܬܘܐܝܠ ܘܐܡ̣ܪܘ. ܡܢ ܡܪܝܐ ܢܦܩ̣ܬ ܡܠܬܐ . ܠܐ ܡܫܟܚܝܢ ܚܢܢ ܠܡܐܡܪ ܠܟ ܛܒܬܐ ܐܘ ܒܝܫܬܐ.,17,Então responderam Labão e Betuel: Do Senhor procede este negócio; nós não podemos falar-te mal ou bem.,17,True,True,True
24,51,Gênesis 24:51,הִנֵּֽה־ רִבְקָ֥ה לְפָנֶ֖יךָ קַ֣ח וָלֵ֑ךְ וּתְהִ֤י אִשָּׁה֙ לְבֶן־ אֲדֹנֶ֔יךָ כַּאֲשֶׁ֖ר דִּבֶּ֥ר יְהוָֽה ׃,הנה רבקה לפניכ קח ולכ ותהי אשה לבנ אדניכ כאשר דבר יהוה,13,הא רבקה קדמך דבר ואיזיל ותהי אתתא לבר רבונך כמא די מלל יי:,13,"ἰδοὺ Ῥεβέκκα ἐνώπιόν σου, λαβὼν ἀπότρεχε· καὶ ἔστω γυνὴ τῷ υἱῷ τοῦ κυρίου σου, καθὰ ἐλάλησεν Κύριος.",17,ܗܐ ܪܦܩܐ ܩܕܡܝܟ ܕܒܪ ܘܙܠ. ܘܬܗܘܐ ܐܢܬܬܐ ܠܒܪ ܡܪ̈ܝܟ. ܐܝܟܢܐ ܕܐܡ̣ܪ ܡܪܝܐ.,12,"Eis que Rebeca está diante de ti, toma-a e vai-te; seja ela a mulher do filho de teu senhor, como tem dito o Senhor.",24,True,True,True
24,52,Gênesis 24:52,וַיְהִ֕י כַּאֲשֶׁ֥ר שָׁמַ֛ע עֶ֥בֶד אַבְרָהָ֖ם אֶת־ דִּבְרֵיהֶ֑ם וַיִּשְׁתַּ֥חוּ אַ֖רְצָה לַֽיהוָֽה ׃,ויהי כאשר שמע עבד אברהמ את דבריהמ וישתחו ארצה ליהוה,11,והוה כד שמע עבדא דאברהם ית פתגמיהון וסגד על ארעא קדם יי:,12,"ἐγένετο δὲ ἐν τῷ ἀκοῦσαι τὸν παῖδα τὸν Ἀβραὰμ τῶν ῥημάτων τούτων, προσεκύνησεν ἐπὶ τὴν γῆν Κυρίῳ.",17,ܘܟܕ ܫܡ̣ܥ ܥܒ̣ܕܐ ܕܐܒܪܗܡ ܡ̈ܠܝܗܘܢ. ܣܓܕ ܥܠ ܐܪܥܐ ܩܕܡ ܡܪܝܐ.,10,"Quando o servo de Abraão ouviu as palavras deles, prostrou-se em terra diante do Senhor:",15,True,True,True
24,53,Gênesis 24:53,וַיּוֹצֵ֨א הָעֶ֜בֶד כְּלֵי־ כֶ֨סֶף וּכְלֵ֤י זָהָב֙ וּבְגָדִ֔ים וַיִּתֵּ֖ן לְרִבְקָ֑ה וּמִ֨גְדָּנֹ֔ת נָתַ֥ן לְאָחִ֖יהָ וּלְאִמָּֽהּ ׃,ויוצא העבד כלי כספ וכלי זהב ובגדימ ויתנ לרבקה ומגדנת נתנ לאחיה ולאמה,14,ואפק עבדא מנין דכסף ומנין דדהב ולבושין ויהב לרבקה ומגדנין יהב לאחוהא ולאמה:,13,"καὶ ἐξενέγκας ὁ παῖς σκεύη ἀργυρᾶ καὶ χρυσᾶ καὶ ἱματισμὸν ἔδωκεν Ῥεβέκκᾳ, καὶ δῶρα ἔδωκεν τῷ ἀδελφῷ αὐτῆς καὶ τῇ μητρὶ αὐτῆς.",22,ܘܐܦܩ ܥܒ̣ܕܐ ܡܐ̈ܢܐ ܕܕܗܒܐ ܘܡܐ̈ܢܐ ܕܣܐܡܐ ܘܠܒܘܫ̈ܐ. ܘܝܗ̣ܒ ܠܪܦܩܐ. ܘܡܘܗ̈ܒܬܐ ܝܗ̣ܒ ܠܐܚ̈ܝܗ̇ ܘܠܐܡܗ̇.,13,"e tirou o servo jóias de prata, e jóias de ouro, e vestidos, e deu-os a Rebeca; também deu coisas preciosas a seu irmão e a sua mãe.",28,True,True,True
24,54,Gênesis 24:54,וַיֹּאכְל֣וּ וַיִּשְׁתּ֗וּ ה֛וּא וְהָאֲנָשִׁ֥ים אֲשֶׁר־ עִמּ֖וֹ וַיָּלִ֑ינוּ וַיָּק֣וּמוּ בַבֹּ֔קֶר וַיֹּ֖אמֶר שַׁלְּחֻ֥נִי לַֽאדֹנִֽי ׃,ויאכלו וישתו הוא והאנשימ אשר עמו וילינו ויקומו בבקר ויאמר שלחני לאדני,13,ואכלו ושתיאו הוא וגובריא די עמיה ובתו וקמו בצפרא ואמר שלחוני לות רבוני:,13,"καὶ ἔφαγον καὶ ἔπιον αὐτὸς καὶ οἱ ἄνδρες οἱ μετ᾽ αὐτοῦ ὄντες, καὶ ἐκοιμήθησαν. καὶ ἀναστὰς πρωὶ εἶπεν ⸂⸆⸃ Ἐκπέμψατέ με ἵνα ἀπέλθω πρὸς τὸν κύριόν μου.",27,ܘܠܥ̣ܣܘ ܘܐܫܬܝܘ. ܗ̣ܘ ܘܓܒܪ̈ܐ ܕܥܡܗ ܘܒܬܘ. ܘܩ̇ܕܡ ܒܫܦܪܐ ܘܐܡ̣ܪ ܠܗܘܢ . ܫܕܪܘܢܝ ܠܘܬ ܡܪܝ.,14,"Então comeram e beberam, ele e os homens que com ele estavam, e passaram a noite. Quando se levantaram de manhã, disse o servo: Deixai-me ir a meu senhor.",29,True,True,True
24,55,Gênesis 24:55,וַיֹּ֤אמֶר אָחִ֨יהָ֙ וְאִמָּ֔הּ תֵּשֵׁ֨ב הַנַּעֲרָ֥ אִתָּ֛נוּ יָמִ֖ים א֣וֹ עָשׂ֑וֹר אַחַ֖ר תֵּלֵֽךְ ׃,ויאמר אחיה ואמה תשב הנער אתנו ימימ או עשור אחר תלכ,12,ואמר אחוהא ואמה תתיב עולמתא עמנא עדן בעדן או עשרא ירחין בתר כן תיזיל:,14,"εἶπαν δὲ οἱ ἀδελφοὶ αὐτῆς καὶ ἡ μήτηρ Μεινάτω ἡ παρθένος μεθ᾽ ἡμῶν ἡμέρας ὡσεὶ δέκα, καὶ μετὰ ταῦτα ἀπελεύσεται.",20,ܘܐܡ̣ܪܘ ܠܗ ܐ̈ܚܝܗ̇ ܘܐܡܗ̇. ܬܬܒ ܥܠܝܡܬܐ ܥܡܢ ܝܪܚ ܝܘܡ̈ܝܢ . ܘܗܝܕܝܢ ܬܐܙܠ.,12,"Disseram o irmão e a mãe da donzela: Fique ela conosco alguns dias, pelo menos dez dias; e depois irá.",20,True,True,True
24,56,Gênesis 24:56,וַיֹּ֤אמֶר אֲלֵהֶם֙ אַל־ תְּאַחֲר֣וּ אֹתִ֔י וַֽיהוָ֖ה הִצְלִ֣יחַ דַּרְכִּ֑י שַׁלְּח֕וּנִי וְאֵלְכָ֖ה לַֽאדֹנִֽי ׃,ויאמר אלהמ אל תאחרו אתי ויהוה הצליח דרכי שלחוני ואלכה לאדני,12,ואמר להון לא תאחרון יתי ויי אצלח ארחי שלחוני ואיהך לות רבוני:,12,"ὁ δὲ εἶπεν πρὸς αὐτούς Μὴ κατέχετέ με, καὶ Κύριος εὐόδωσεν τὴν ὁδόν μου· ἐκπέμψατέ με ἵνα ἀπέλθω πρὸς τὸν κύριόν μου.",22,ܐܡ̇ܪ ܠܗܘܢ ܠܐ ܬܫܘܚܪܘܢܢܝ. ܕܡܪܝܐ ܐܬܩܢ ܐܘܪܚܝ. ܫܕܪܘܢܝ ܘܐܙܠ ܠܘܬ ܡܪܝ.,11,"Ele, porém, lhes respondeu: Não me detenhas, visto que o Senhor me tem prosperado o caminho; deixai-me partir, para que eu volte a meu senhor.",25,True,True,True
24,57,Gênesis 24:57,וַיֹּאמְר֖וּ נִקְרָ֣א לַֽנַּעֲרָ֑ וְנִשְׁאֲלָ֖ה אֶת־ פִּֽיהָ ׃,ויאמרו נקרא לנער ונשאלה את פיה,7,ואמרו נקרי לעולמתא ונשמע מה דהיא אמרה:,7,οἱ δὲ εἶπαν Καλέσωμεν τὴν παῖδα καὶ ἐπερωτήσωμεν τὸ στόμα αὐτῆς.,11,ܘܐܡܪܘ. ܢܩܪܐ ܠܛܠܝܬܐ. ܘܢܫܐܠ ܡܢ ܦܘܡܗ̇.,6,"Disseram-lhe: chamaremos a donzela, e perguntaremos a ela mesma.",9,True,True,True
24,58,Gênesis 24:58,וַיִּקְרְא֤וּ לְרִבְקָה֙ וַיֹּאמְר֣וּ אֵלֶ֔יהָ הֲתֵלְכִ֖י עִם־ הָאִ֣ישׁ הַזֶּ֑ה וַתֹּ֖אמֶר אֵלֵֽךְ ׃,ויקראו לרבקה ויאמרו אליה התלכי עמ האיש הזה ותאמר אלכ,11,וקרו לרבקה ואמרו לה התיזלי עם גברא הדין ואמרת איזיל:,10,καὶ ἐκάλεσαν Ῥεβέκκαν καὶ εἶπαν αὐτῇ Πορεύσῃ μετὰ τοῦ ἀνθρώπου τούτου; καὶ εἶπεν Πορεύσομαι.,14,ܘܩܪܐܘܗ̇ ܠܪܦܩܐ ܘܐܡܪܘ ܠܗ̇. ܐܙܠܐ ܐܢܬܝ ܥܡ ܓܒܪܐ ܗܢܐ. ܘܐܡ̣ܪܬ ܐܙܠܐ ܐܢܐ.,12,"Chamaram, pois, a Rebeca, e lhe perguntaram: Irás tu com este homem; Respondeu ela: Irei.",15,True,True,True
24,59,Gênesis 24:59,וַֽיְשַׁלְּח֛וּ אֶת־ רִבְקָ֥ה אֲחֹתָ֖ם וְאֶת־ מֵנִקְתָּ֑הּ וְאֶת־ עֶ֥בֶד אַבְרָהָ֖ם וְאֶת־ אֲנָשָֽׁיו ׃,וישלחו את רבקה אחתמ ואת מנקתה ואת עבד אברהמ ואת אנשיו,12,ושלחו ית רבקה אחתהון וית מנקתה וית עבדא דאברהם וית גברוהי:,11,"καὶ ἐξέπεμψαν Ῥεβέκκαν τὴν ἀδελφὴν αὐτῶν καὶ τὰ ὑπάρχοντα αὐτῆς, καὶ τὸν παῖδα τὸν Ἀβραὰμ καὶ τοὺς μετ᾽ αὐτοῦ.",19,ܘܫܕܪܘܗ̇ ܠܪܦܩܐ ܚܬܗܘܢ ܘܠܡܝܢܩܬܗ̇. ܘܠܥܒ̣ܕܐ ܕܐܒܪܗܡ ܘܠܓܒܪ̈ܘܗܝ.,7,"Então despediram a Rebeca, sua irmã, e à sua ama e ao servo de Abraão e a seus homens;",19,True,True,True
24,60,Gênesis 24:60,וַיְבָרֲכ֤וּ אֶת־ רִבְקָה֙ וַיֹּ֣אמְרוּ לָ֔הּ אֲחֹתֵ֕נוּ אַ֥תְּ הֲיִ֖י לְאַלְפֵ֣י רְבָבָ֑ה וְיִירַ֣שׁ זַרְעֵ֔ךְ אֵ֖ת שַׁ֥עַר שֹׂנְאָֽיו ׃,ויברכו את רבקה ויאמרו לה אחתנו את היי לאלפי רבבה ויירש זרעכ את שער שנאיו,16,ובריכו ית רבקה ואמרו לה אחתנא את הוי לאלפין ולרבון וירתון בניכי ית קרוי סנאיהון:,15,"καὶ εὐλόγησαν Ῥεβέκκαν τὴν ἀδελφὴν αὐτῶν καὶ εἶπαν αὐτῇ Ἀδελφὴ ἡμῶν εἶ· γίνου εἰς χιλιάδας μυριάδων, καὶ κληρονομησάτω τὸ σπέρμα σου τὰς πόλεις τῶν ὑπεναντίων.",25,ܘܒܪܟܘܗ̇ ܠܪܦܩܐ ܚܬܗܘܢ ܘܐܡ̣ܪܘ ܠܗ̇. ܚܬܢ ܐܢܬܝ ܗܘܝ ܠܐ̈ܠܦܐ ܘܠܪ̈ܒܘܬܐ̇. ܘܢܐܪܬ ܙܪܥܟܝ ܐܪ̈ܥܬܐ ܕܒ̈ܥܠܕܒܒܘܗܝ.,14,"e abençoaram a Rebeca, e disseram-lhe: Irmã nossa, sê tu a mãe de milhares de miríades, e possua a tua descendência a porta de seus aborrecedores!",26,True,True,True
24,61,Gênesis 24:61,וַתָּ֨קָם רִבְקָ֜ה וְנַעֲרֹתֶ֗יהָ וַתִּרְכַּ֨בְנָה֙ עַל־ הַגְּמַלִּ֔ים וַתֵּלַ֖כְנָה אַחֲרֵ֣י הָאִ֑ישׁ וַיִּקַּ֥ח הָעֶ֛בֶד אֶת־ רִבְקָ֖ה וַיֵּלַֽךְ ׃,ותקמ רבקה ונערתיה ותרכבנה על הגמלימ ותלכנה אחרי האיש ויקח העבד את רבקה וילכ,15,וקמת רבקה ועולמתהא ורכיבא על גמליא ואזלת בתר גברא ודבר עבדא ית רבקה ואזל:,14,"Ἀναστᾶσα δὲ Ῥεβέκκα καὶ αἱ ἅβραι αὐτῆς ἐπέβησαν ἐπὶ τὰς καμήλους, καὶ ἐπορεύθησαν μετὰ τοῦ ἀνθρώπου· καὶ ἀναλαβὼν ὁ παῖς τὴν Ῥεβέκκαν ἀπῆλθεν.",23,ܘܩܡܬ ܪܦܩܐ ܘܥ̈ܠܝܡܬܗ̇. ܘܝܬ̣ܒ ܥܠ ܓܡ̈ܠܐ. ܘܐܙ̣ܠ ܒܬܪ ܓܒܪܐ. ܘܕܒ̣ܪ ܥܒ̣ܕܐ ܠܪܦܩܐ ܘܐܙ̣ܠ.,13,"Assim Rebeca se levantou com as suas moças e, montando nos camelos, seguiram o homem; e o servo, tomando a Rebeca, partiu.",22,True,True,True
24,62,Gênesis 24:62,וְיִצְחָק֙ בָּ֣א מִבּ֔וֹא בְּאֵ֥ר לַחַ֖י רֹאִ֑י וְה֥וּא יוֹשֵׁ֖ב בְּאֶ֥רֶץ הַנֶּֽגֶב ׃,ויצחק בא מבוא באר לחי ראי והוא יושב בארצ הנגב,11,ויצחק אתא ממתוהי מבירא דמלאך קימא אתחזי עלה והוא יתב בארע דרומא:,12,Ἰσαὰκ δὲ ἐπορεύετο διὰ τῆς ἐρήμου κατὰ τὸ φρέαρ τῆς ὁράσεως· αὐτὸς δὲ κατῴκει ἐν τῇ γῇ τῇ πρὸς λίβα.,20,ܘܐܝܣܚܩ ܐܬ̇ܐ ܡܐܬܐ ܡܢ ܒܪܐ ܕܚܝܐ ܚܙܢܝ. ܘܗ̣ܘ ܝܬ̇ܒ ܒܐܪܥܐ ܕܬܝܡܢܐ.,11,"Ora, Isaque tinha vindo do caminho de Beer-Laai-Rói; pois habitava na terra do Negebe.",14,True,True,True
24,63,Gênesis 24:63,וַיֵּצֵ֥א יִצְחָ֛ק לָשׂ֥וּחַ בַּשָּׂדֶ֖ה לִפְנ֣וֹת עָ֑רֶב וַיִּשָּׂ֤א עֵינָיו֙ וַיַּ֔רְא וְהִנֵּ֥ה גְמַלִּ֖ים בָּאִֽים ׃,ויצא יצחק לשוח בשדה לפנות ערב וישא עיניו וירא והנה גמלימ באימ,13,ונפק יצחק לצלאה בחקלא למפני רמשא וזקף עינוהי וחזא והא גמליא אתן:,12,"καὶ ἐξῆλθεν Ἰσαὰκ ἀδολεσχῆσαι εἰς τὸ πεδίον τὸ πρὸς δείλης, καὶ ἀναβλέψας τοῖς ὀφθαλμοῖς ἴδεν καμήλους ἐρχομένας.",17,ܘܢܦ̣ܩ ܐܝܣܚܩ ܠܡܗܠܟܘ ܒܚܩܠܐ ܥܕܢ ܪܡܫܐ. ܘܐܪܝܡ ܥܝܢ̈ܘܗܝ ܘܚ̣ܙܐ. ܘܗܐ ܓܡ̈ܠܐ ܐܬ̇ܝܢ.,12,"Saíra Isaque ao campo à tarde, para meditar; e levantando os olhos, viu, e eis que vinham camelos.",18,True,True,True
24,64,Gênesis 24:64,וַתִּשָּׂ֤א רִבְקָה֙ אֶת־ עֵינֶ֔יהָ וַתֵּ֖רֶא אֶת־ יִצְחָ֑ק וַתִּפֹּ֖ל מֵעַ֥ל הַגָּמָֽל ׃,ותשא רבקה את עיניה ותרא את יצחק ותפל מעל הגמל,11,וזקפת רבקה ית עינהא וחזת ית יצחק ואתרכינת מעל גמלא:,10,"καὶ ἀναβλέψασα Ῥεβέκκα τοῖς ὀφθαλμοῖς ἴδεν τὸν Ἰσαὰκ καὶ κατεπήδησεν ἀπὸ τῆς καμήλου,",13,ܘܐܪܝܡ̣ܬ ܪܦܩܐ ܥܝܢ̈ܝܗ̇ ܘܚܙܬ ܠܐܝܣܚܩ. ܘܐܬܪܟܢܬ ܥܠ ܓܡܠܐ.,8,"Rebeca também levantou os olhos e, vendo a Isaque, saltou do camelo",12,True,True,True
24,65,Gênesis 24:65,וַתֹּ֣אמֶר אֶל־ הָעֶ֗בֶד מִֽי־ הָאִ֤ישׁ הַלָּזֶה֙ הַהֹלֵ֤ךְ בַּשָּׂדֶה֙ לִקְרָאתֵ֔נוּ וַיֹּ֥אמֶר הָעֶ֖בֶד ה֣וּא אֲדֹנִ֑י וַתִּקַּ֥ח הַצָּעִ֖יף וַתִּתְכָּֽס ׃,ותאמר אל העבד מי האיש הלזה ההלכ בשדה לקראתנו ויאמר העבד הוא אדני ותקח הצעיפ ותתכס,17,ואמרת לעבדא מן גברא דיכי דמהלך בחקלא לקדמותנא ואמר עבדא הוא רבוני ונסיבת עיפא ואתכסיאת:,15,καὶ εἶπεν τῷ παιδί Τίς ἐστιν ὁ ἄνθρωπος ἐκεῖνος ὁ πορευόμενος ἐν τῷ πεδίῳ εἰς συνάντησιν ἡμῖν; εἶπεν δὲ ὁ παῖς Οὗτός ἐστιν ὁ κύριός μου· ἡ δὲ λαβοῦσα τὸ θέριστρον περιεβάλετο.,32,ܘܐܡ̣ܪܬ ܠܥܒ̣ܕܐ ܡܢܘ ܓܒܪܐ ܗܢܐ. ܕܐܬ̇ܐ ܒܚܩܠܐ ܠܐܘܪܥܢ. ܘܐܡ̣ܪ ܥܒ̣ܕܐ ܗܘܝܘ ܡܪܝ. ܘܢܣܒܬ ܐܪܕܝܕܐ ܘܐܬܟܣܝܬ.,15,e perguntou ao servo: Quem é aquele homem que vem pelo campo ao nosso encontro? respondeu o servo: É meu senhor. Então ela tomou o véu e se cobriu.,29,True,True,True
24,66,Gênesis 24:66,וַיְסַפֵּ֥ר הָעֶ֖בֶד לְיִצְחָ֑ק אֵ֥ת כָּל־ הַדְּבָרִ֖ים אֲשֶׁ֥ר עָשָֽׂה ׃,ויספר העבד ליצחק את כל הדברימ אשר עשה,9,ואשתעי עבדא ליצחק ית כל פתגמיא די עבד:,8,καὶ διηγήσατο ὁ παῖς τῷ Ἰσαὰκ πάντα τὰ ῥήματα ἃ ἐποίησεν.,11,ܘܐܫ̣ܬܥܝ ܥܒ̣ܕܐ ܠܐܝܣܚܩ ܟܠܗܘܢ ܦܬ̈ܓܡܐ ܕܥܒ̣ܕܬ.,6,Depois o servo contou a Isaque tudo o que fizera.,10,True,True,True
24,67,Gênesis 24:67,וַיְבִאֶ֣הָ יִצְחָ֗ק הָאֹ֨הֱלָה֙ שָׂרָ֣ה אִמּ֔וֹ וַיִּקַּ֧ח אֶת־ רִבְקָ֛ה וַתְּהִי־ ל֥וֹ לְאִשָּׁ֖ה וַיֶּאֱהָבֶ֑הָ וַיִּנָּחֵ֥ם יִצְחָ֖ק אַחֲרֵ֥י אִמּֽוֹ ׃ פ,ויבאה יצחק האהלה שרה אמו ויקח את רבקה ותהי לו לאשה ויאהבה וינחמ יצחק אחרי אמו פ,18,ואעלה יצחק למשכנא וחזא והא תקנין עובדהא כעובדי שרה אמיה ונסיב ית רבקה והות ליה לאנתו ורחימה ואתנחם יצחק בתר דמיתת אמיה:,22,"εἰσῆλθεν δὲ Ἰσαὰκ εἰς τὸν οἶκον τῆς μητρὸς αὐτοῦ καὶ ἔλαβεν τὴν Ῥεβέκκαν, καὶ ἐγένετο αὐτοῦ γυνή, καὶ ἠγάπησεν αὐτήν· καὶ παρεκλήθη Ἰσαὰκ περὶ Σάρρας τῆς μητρὸς αὐτοῦ.",28,ܘܐܥܠܗ̇ ܐܝܣܚܩ ܠܡܫܟܢܐ ܕܣܪܐ ܐܡܗ. ܘܢܣܒܗ̇ ܠܪܦܩܐ ܘܗܘܬ ܠܗ ܐܢܬܬܐ ܘܪܚܡܗ̇. ܘܐܬܒܝܐ ܐܝܣܚܩ ܒܬܪ ܐܡܗ.,15,"Isaque, pois, trouxe Rebeca para a tenda de Sara, sua mãe; tomou-a e ela lhe foi por mulher; e ele a amou. Assim Isaque foi consolado depois da morte de sua mãe.",32,True,True,True
25,1,Gênesis 25:1,וַיֹּ֧סֶף אַבְרָהָ֛ם וַיִּקַּ֥ח אִשָּׁ֖ה וּשְׁמָ֥הּ קְטוּרָֽה ׃,ויספ אברהמ ויקח אשה ושמה קטורה,7,ואוסיף אברהם ונסיב אתתא ושמה קטורה:,6,Προσθέμενος δὲ Ἀβραὰμ ἔλαβεν γυναῖκα ᾗ ὄνομα Χεττούρα.,8,ܘܐܘܣܦ ܐܒܪܗܡ ܘܢܣܒ ܐܢܬܬܐ. ܘܫܡܗ̇ ܩܢܛܘܪܐ.,6,"Ora, Abraão tomou outra mulher, que se chamava Quetura.",9,True,True,True
25,2,Gênesis 25:2,וַתֵּ֣לֶד ל֗וֹ אֶת־ זִמְרָן֙ וְאֶת־ יָקְשָׁ֔ן וְאֶת־ מְדָ֖ן וְאֶת־ מִדְיָ֑ן וְאֶת־ יִשְׁבָּ֖ק וְאֶת־ שֽׁוּחַ ׃,ותלד לו את זמרנ ואת יקשנ ואת מדנ ואת מדינ ואת ישבק ואת שוח,15,וילידת ליה ית זמרן וית יקשן וית מדן וית מדין וית ישבק וית שוח:,14,ἔτεκεν δὲ αὐτῷ τὸν Ζεβρὰν καὶ τὸν Ἰεξὰν καὶ τὸν Μαδαὶμ καὶ τὸν Μαδιὰμ καὶ τὸν Ἰεσβὸκ καὶ τὸν Σωύε.,20,ܘܝܠ̣ܕܬ ܠܗ ܠܙܡܪܢ ܘܝܩܫܢ. ܘܡܕܢ ܘܡܕܝܢ. ܘܐܫܒܩ ܘܫܘܚ.,8,"Ela lhe deu à luz a Zinrã, Jocsã, Medã, Midiã, Isbaque e Suá.",13,True,True,True
25,3,Gênesis 25:3,וְיָקְשָׁ֣ן יָלַ֔ד אֶת־ שְׁבָ֖א וְאֶת־ דְּדָ֑ן וּבְנֵ֣י דְדָ֔ן הָי֛וּ אַשּׁוּרִ֥ם וּלְטוּשִׁ֖ים וּלְאֻמִּֽים ׃,ויקשנ ילד את שבא ואת דדנ ובני דדנ היו אשורמ ולטושימ ולאמימ,13,ויקשן אוליד ית שבא וית דדן ובני דדן הוו למשירין ולשכונין ולנגון:,12,Ἰεξὰν δὲ ἐγέννησεν τὸν Σαβὰν καὶ τὸν Θαιμὰν καὶ τὸν Δαιδάν· υἱοὶ δὲ Δαιδὰν ἐγένοντο Ῥαγουὴλ καὶ Ναβδεὴλ καὶ Ἀσουρὶμ καὶ Δατουσιεὶμ καὶ Λοωμείμ·,24,ܘܝܩܫܢ ܐܘܠܕ ܠܫܒܐ ܘܠܕܪܢ. ܘܒܢ̈ܝ ܕܪܢ ܗܘܘ. ܐܫܘܕܝܡ ܘܠܛܫܝܡ ܘܐܡܝܡ.,10,"Jocsã gerou a Seba e Dedã. Os filhos de Dedã foram Assurim, Letusim e Leumim.",15,True,True,True
25,4,Gênesis 25:4,וּבְנֵ֣י מִדְיָ֗ן עֵיפָ֤ה וָעֵ֨פֶר֙ וַחֲנֹ֔ךְ וַאֲבִידָ֖ע וְאֶלְדָּעָ֑ה כָּל־ אֵ֖לֶּה בְּנֵ֥י קְטוּרָֽה ׃,ובני מדינ עיפה ועפר וחנכ ואבידע ואלדעה כל אלה בני קטורה,12,ובני מדין עיפה ועפר וחנוך ואבידע ואלדעה כל אלין בני קטורה:,11,υἱοὶ δὲ Μαδιὰμ Γεφὰρ καὶ Ἄφερ καὶ Ἑνὼχ καὶ Ἀβιρὰ καὶ Θεργαμά. οὗτοι πάντες ἦσαν υἱοὶ Χεττούρας.,17,ܘܒܢ̈ܝ ܡܕܝܢ. ܥܦܐ ܘܚܦܪ. ܘܚܢܘܟ ܘܐܒܝܕܥ ܘܐܠܕܥܐ. ܟܠܗܘܢ ܗܠܝܢ ܒ̈ܢܝ ܩܢܛܘܪܐ.,11,"Os filhos de Midiã foram Efá, Efer, Hanoque, Abidá e Eldá; todos estes foram filhos de Quetura.",17,True,True,True
25,5,Gênesis 25:5,וַיִּתֵּ֧ן אַבְרָהָ֛ם אֶת־ כָּל־ אֲשֶׁר־ ל֖וֹ לְיִצְחָֽק ׃,ויתנ אברהמ את כל אשר לו ליצחק,8,ויהב אברהם ית כל דיליה ליצחק:,6,ἔδωκεν δὲ Ἀβραὰμ πάντα τὰ ὑπάρχοντα αὐτοῦ Ἰσαὰκ τῷ υἱῷ αὐτοῦ·,11,ܘܝܗ̣ܒ ܐܒܪܗܡ ܟܠܡܕܡ ܕܐܝܬ ܠܗ ܠܐܝܣܚܩ ܒܪܗ.,7,"Abraão, porém, deu tudo quanto possuía a Isaque;",8,True,True,True
25,6,Gênesis 25:6,וְלִבְנֵ֤י הַפִּֽילַגְשִׁים֙ אֲשֶׁ֣ר לְאַבְרָהָ֔ם נָתַ֥ן אַבְרָהָ֖ם מַתָּנֹ֑ת וַֽיְשַׁלְּחֵ֞ם מֵעַ֨ל יִצְחָ֤ק בְּנוֹ֙ בְּעוֹדֶ֣נּוּ חַ֔י קֵ֖דְמָה אֶל־ אֶ֥רֶץ קֶֽדֶם ׃,ולבני הפילגשימ אשר לאברהמ נתנ אברהמ מתנת וישלחמ מעל יצחק בנו בעודנו חי קדמה אל ארצ קדמ,18,ולבני לחינתא די לאברהם יהב אברהם מתנן ושלחנון מעל יצחק בריה בעוד דהוא קים קידומא לארע מדינחא:,17,"καὶ τοῖς υἱοῖς τῶν παλλακῶν αὐτοῦ ἔδωκεν Ἀβραὰμ δόματα, καὶ ἐξαπέστειλεν αὐτοὺς ἀπὸ Ἰσαὰκ τοῦ υἱοῦ αὐτοῦ ἔτι ζῶντος αὐτοῦ πρὸς ἀνατολὰς εἰς γῆν ἀνατολῶν.",25,ܘܠܒܢ̈ܝ ܕܪܘܟܬܗ ܕܐܒܪܗܡ. ܝܗ̣ܒ ܐܒܪܗܡ ܡܘܗ̈ܒܬܐ. ܘܫܕܪ ܐܢܘܢ ܡܢ ܠܘܬ ܐܝܣܚܩ ܒܪܗ. ܥܕ ܗ̣ܘ ܚܝ ܩܕܡܝܬ ܠܐܪܥܐ ܕܡܕܢܚܐ.,18,"no entanto aos filhos das concubinas que Abraão tinha, deu ele dádivas; e, ainda em vida, os separou de seu filho Isaque, enviando-os ao Oriente, para a terra oriental.",29,True,True,True
25,7,Gênesis 25:7,וְאֵ֗לֶּה יְמֵ֛י שְׁנֵֽי־ חַיֵּ֥י אַבְרָהָ֖ם אֲשֶׁר־ חָ֑י מְאַ֥ת שָׁנָ֛ה וְשִׁבְעִ֥ים שָׁנָ֖ה וְחָמֵ֥שׁ שָׁנִֽים ׃,ואלה ימי שני חיי אברהמ אשר חי מאת שנה ושבעימ שנה וחמש שנימ,14,ואלין יומי שני חיי אברהם דחיא מאה ושבעין וחמש שנין:,10,"ταῦτα δὲ τὰ ἔτη ἡμερῶν ζωῆς Ἀβραὰμ ὅσα ἔζησεν, ἑκατὸν ἑβδομήκοντα πέντε ἔτη·",13,ܘܗܠܝܢ ܝܘܡ̈ܝ ܫ̈ܢܝ ܚܝ̈ܘܗܝ ܕܐܒܪܗܡ ܕܚ̣ܝܐ. ܡܐܐ ܘܫܒܥܝܢ ܘܚܡܫ ܫ̈ܢܝܢ.,10,"Estes, pois, são os dias dos anos da vida de Abraão, que ele viveu: cento e setenta e, cinco anos.",20,True,True,True
25,8,Gênesis 25:8,וַיִּגְוַ֨ע וַיָּ֧מָת אַבְרָהָ֛ם בְּשֵׂיבָ֥ה טוֹבָ֖ה זָקֵ֣ן וְשָׂבֵ֑עַ וַיֵּאָ֖סֶף אֶל־ עַמָּֽיו ׃,ויגוע וימת אברהמ בשיבה טובה זקנ ושבע ויאספ אל עמיו,11,ואתנגיד ומית אברהם בסיבו טבא סיב ושבע יומין ואתכניש לעמיה:,10,"καὶ ἐκλείπων ἀπέθανεν Ἀβραὰμ ἐν γήρει καλῷ πρεσβύτης καὶ πλήρης ἡμερῶν, καὶ προσετέθη πρὸς τὸν λαὸν αὐτοῦ.",17,ܘܐܬܟܪܗ̣ ܘܡܝܬ ܐܒܪܗܡ ܒܣܝܒܘܬܐ ܛܒܬܐ. ܣܐܒ ܘܣܒ̣ܥ ܝܘܡ̈ܬܗ ܘܐܬܟܢܫ ܠܘܬ ܥܡܗ.,11,"E Abraão expirou, morrendo em boa velhice, velho e cheio de dias; e foi congregado ao seu povo.",18,True,True,True
25,9,Gênesis 25:9,וַיִּקְבְּר֨וּ אֹת֜וֹ יִצְחָ֤ק וְיִשְׁמָעֵאל֙ בָּנָ֔יו אֶל־ מְעָרַ֖ת הַמַּכְפֵּלָ֑ה אֶל־ שְׂדֵ֞ה עֶפְרֹ֤ן בֶּן־ צֹ֨חַר֙ הַֽחִתִּ֔י אֲשֶׁ֖ר עַל־ פְּנֵ֥י מַמְרֵֽא ׃,ויקברו אתו יצחק וישמעאל בניו אל מערת המכפלה אל שדה עפרנ בנ צחר החתי אשר על פני ממרא,19,וקברו יתיה יצחק וישמעאל בנוהי במערת כפלתא בחקל עפרון בר צחר חתאה די על אפי ממרא:,16,"καὶ ἔθαψαν αὐτὸν Ἰσαὰκ καὶ Ἰσμαὴλ οἱ δύο υἱοὶ αὐτοῦ εἰς τὸ σπήλαιον τὸ διπλοῦν, εἰς τὸν ἀγρὸν Ἐφρὼν τοῦ Σάαρ τοῦ Χετταίου, ὅ ἐστιν ἀπέναντι Μαμβρή,",27,ܘܩܒܪܘܗܝ ܐܝܣܚܩ ܘܐܝܫܡܥܝܠ ܒܢ̈ܘܗܝ. ܒܡܥܪܬܐ ܐܥܝܦܬܐ ܕܒܚܩܠܐ ܕܥܦܪܘܢ ܒܪ ܨܚܪ ܚܬܝܐ ܕܩܕܡ ܡܡܪܐ.,13,"Então Isaque e Ismael, seus filhos, o sepultaram na cova de Macpela, no campo de Efrom, filho de Zoar, o heteu, que estava em frente de Manre,",27,True,True,True
25,10,Gênesis 25:10,הַשָּׂדֶ֛ה אֲשֶׁר־ קָנָ֥ה אַבְרָהָ֖ם מֵאֵ֣ת בְּנֵי־ חֵ֑ת שָׁ֛מָּה קֻבַּ֥ר אַבְרָהָ֖ם וְשָׂרָ֥ה אִשְׁתּֽוֹ ׃,השדה אשר קנה אברהמ מאת בני חת שמה קבר אברהמ ושרה אשתו,13,חקלא די זבן אברהם מן בני חתאה תמן אתקבר אברהם ושרה אתתיה:,12,τὸν ἀγρὸν καὶ τὸ σπήλαιον ὃ ἐκτήσατο Ἀβραὰμ παρὰ τῶν υἱῶν Χέτ· ἐκεῖ ἔθαψαν Ἀβραὰμ καὶ Σάρραν τὴν γυναῖκα αὐτοῦ.,20,ܚܩܠܐ ܕܙܒܢ ܐܒܪܗܡ ܡܢ ܒ̈ܢܝ ܚܝܬ ܠܝܘܪܬܢܐ ܕܩܒܪܐ . ܬܡܢ ܐܬܩܒܪ ܐܒܪܗܡ ܘܣܪܐ ܐܢܬܬܗ.,14,"o campo que Abraão comprara aos filhos de Hete. Ali foi sepultado Abraão, e Sara, sua mulher.",17,True,True,True
25,11,Gênesis 25:11,וַיְהִ֗י אַחֲרֵי֙ מ֣וֹת אַבְרָהָ֔ם וַיְבָ֥רֶךְ אֱלֹהִ֖ים אֶת־ יִצְחָ֣ק בְּנ֑וֹ וַיֵּ֣שֶׁב יִצְחָ֔ק עִם־ בְּאֵ֥ר לַחַ֖י רֹאִֽי ׃ ס,ויהי אחרי מות אברהמ ויברכ אלהימ את יצחק בנו וישב יצחק עמ באר לחי ראי ס,17,והוה בתר דמית אברהם וברך יי ית יצחק בריה ויתב יצחק עם בירא דמלאך קימא אתחזי עלה:,17,ἐγένετο δὲ μετὰ τὸ ἀποθανεῖν Ἀβραὰμ εὐλόγησεν ὁ θεὸς τὸν Ἰσαὰκ τὸν υἱὸν αὐτοῦ· καὶ κατῴκησεν Ἰσαὰκ παρὰ τὸ φρέαρ τῆς ὁράσεως.,22,ܘܗܘ̣ܐ ܡܢ ܒܬܪ ܕܡܝܬ ܐܒܪܗܡ. ܒܪܟ ܐܠܗܐ ܠܐܝܣܚܩ ܒܪܗ. ܘܝܬ̣ܒ ܐܝܣܚܩ ܥܠ ܓܢܒ ܒܪܐ ܕܚܝܐ ܚܙܢܝ .,17,"Depois da morte de Abraão, Deus abençoou a Isaque, seu filho; e habitava Isaque junto a Beer-Laai-Rói.",17,True,True,True
25,12,Gênesis 25:12,וְאֵ֛לֶּה תֹּלְדֹ֥ת יִשְׁמָעֵ֖אל בֶּן־ אַבְרָהָ֑ם אֲשֶׁ֨ר יָלְדָ֜ה הָגָ֧ר הַמִּצְרִ֛ית שִׁפְחַ֥ת שָׂרָ֖ה לְאַבְרָהָֽם ׃,ואלה תלדת ישמעאל בנ אברהמ אשר ילדה הגר המצרית שפחת שרה לאברהמ,13,ואלין תולדת ישמעאל בר אברהם די ילידת הגר מצרתא אמתא דשרה לאברהם:,12,"Αὗται δὲ αἱ γενέσεις Ἰσμαὴλ τοῦ υἱοῦ Ἀβραάμ, ὃν ἔτεκεν Ἁγὰρ ἡ παιδίσκη Σάρρας τῷ Ἀβραάμ.",16,ܘܗܠܝܢ ܬܘܠܕܬ̈ܗ ܕܐܝܫܡܥܝܠ ܒܪ ܐܒܪܗܡ. ܕܝܠ̣ܕܬ ܗܓܪ ܡܨܪܝܬܐ ܐܡܬܗ̇ ܕܣܪܐ ܠܐܒܪܗܡ.,11,"Estas são as gerações de Ismael, filho de Abraão, que Agar, a egípcia, serva de Sara, lhe deu;",18,True,True,True
25,13,Gênesis 25:13,וְאֵ֗לֶּה שְׁמוֹת֙ בְּנֵ֣י יִשְׁמָעֵ֔אל בִּשְׁמֹתָ֖ם לְתוֹלְדֹתָ֑ם בְּכֹ֤ר יִשְׁמָעֵאל֙ נְבָיֹ֔ת וְקֵדָ֥ר וְאַדְבְּאֵ֖ל וּמִבְשָֽׂם ׃,ואלה שמות בני ישמעאל בשמתמ לתולדתמ בכר ישמעאל נבית וקדר ואדבאל ומבשמ,13,ואלין שמהן בני ישמעאל בשמהתהון לתולדתהון בוכרא דישמעאל נביות וקדר ואדבאל ומבשם:,12,"καὶ ταῦτα τὰ ὀνόματα τῶν υἱῶν Ἰσμαὴλ κατ᾽ ὄνομα τῶν γενεῶν αὐτοῦ· πρωτότοκος Ἰσμαὴλ Ναβαιώθ, καὶ Κηδὰρ καὶ Ναβδεὴλ καὶ Μασσὰμ",21,ܘܗܠܝܢ ܫܡ̈ܗܐ ܕܒܢ̈ܝ ܐܝܫܡܥܝܠ ܒܫܡ̈ܗܝܗܘܢ ܠܬ̈ܘܠܕܬܗܘܢ. ܒܘܟܪܗ ܕܐܝܫܡܥܝܠ ܢܒܝܘܬ. ܘܩܕܪ ܘܐܪܒܠ. ܘܡܒܣܡ.,12,"e estes são os nomes dos filhos de Ismael pela sua ordem, segundo as suas gerações: o primogênito de Ismael era Nebaiote, depois Quedar, Abdeel, Mibsão,",26,True,True,True
25,14,Gênesis 25:14,וּמִשְׁמָ֥ע וְדוּמָ֖ה וּמַשָּֽׂא ׃,ומשמע ודומה ומשא,4,ומשמע ודומה ומשא:,3,καὶ Μασμὰ καὶ Ἰδουμὰ καὶ Μασσὴ,6,ܘܡܫܡܥ. ܘܪܘܡܐ ܘܡܣܐ.,3,"Misma, Dumá, Massá,",3,True,True,True
25,15,Gênesis 25:15,חֲדַ֣ד וְתֵימָ֔א יְט֥וּר נָפִ֖ישׁ וָקֵֽדְמָה ׃,חדד ותימא יטור נפיש וקדמה,6,חדד ותימא יטור נפיש וקדמה:,5,καὶ Χοδδὰν καὶ Θαιμὰν καὶ Ἰετοὺρ καὶ Ναφὲς καὶ Κέδμα.,10,ܘܚܕܪ ܘܬܝܡܐ ܘܢܛܘܪ ܘܢܦܫ. ܘܩܕܡ.,5,"Hadade, Tema, Jetur, Nafis e Quedemá.",6,True,True,True
25,16,Gênesis 25:16,אֵ֣לֶּה הֵ֞ם בְּנֵ֤י יִשְׁמָעֵאל֙ וְאֵ֣לֶּה שְׁמֹתָ֔ם בְּחַצְרֵיהֶ֖ם וּבְטִֽירֹתָ֑ם שְׁנֵים־ עָשָׂ֥ר נְשִׂיאִ֖ם לְאֻמֹּתָֽם ׃,אלה המ בני ישמעאל ואלה שמתמ בחצריהמ ובטירתמ שנימ עשר נשיאמ לאמתמ,13,אלין אנון בני ישמעאל ואלין שמהתהון בפצחיהון ובכרכיהון תרין עסר רברבין לאמיהון:,12,"οὗτοί εἰσιν οἱ υἱοὶ Ἰσμαήλ, καὶ ταῦτα τὰ ὀνόματα αὐτῶν ἐν ταῖς σκηναῖς αὐτῶν καὶ ἐν ταῖς ἐπαύλεσιν αὐτῶν· δώδεκα ἄρχοντες κατὰ ἔθνος αὐτῶν.",24,ܗܠܝܢ ܐܢܘܢ ܒܢ̈ܘܗܝ ܕܐܝܫܡܥܝܠ. ܘܗܠܝܢ ܫ̈ܡܗܝܗܘܢ ܒܕܝܪ̈ܝܗܘܢ ܘܒܛܝܪ̈ܝܗܘܢ. ܬܪܥܣܪ̈ ܪܘܪ̈ܒܢܝܢ ܠܐܡ̈ܘܬܗܘܢ.,11,"Estes são os filhos de Ismael, e estes são os seus nomes pelas suas vilas e pelos seus acampamentos: doze príncipes segundo as suas tribos.",25,True,True,True
25,17,Gênesis 25:17,וְאֵ֗לֶּה שְׁנֵי֙ חַיֵּ֣י יִשְׁמָעֵ֔אל מְאַ֥ת שָׁנָ֛ה וּשְׁלֹשִׁ֥ים שָׁנָ֖ה וְשֶׁ֣בַע שָׁנִ֑ים וַיִּגְוַ֣ע וַיָּ֔מָת וַיֵּאָ֖סֶף אֶל־ עַמָּֽיו ׃,ואלה שני חיי ישמעאל מאת שנה ושלשימ שנה ושבע שנימ ויגוע וימת ויאספ אל עמיו,16,ואלין שני חיי ישמעאל מאה ותלתין ושבע שנין ואתנגיד ומית ואתכניש לעמיה:,12,"καὶ ταῦτα τὰ ἔτη τῆς ζωῆς Ἰσμαήλ, ἑκατὸν τριάκοντα ἑπτὰ ἔτη· καὶ ἐκλείπων ἀπέθανεν καὶ προσετέθη πρὸς τὸ γένος αὐτοῦ.",20,ܘܗܠܝܢ ܫ̈ܢܝ ܚܝ̈ܘܗܝ ܕܐܝܫܡܥܝܠ. ܡܐܐ ܘܬܠܬܝܢ ܘܫܒܥ ܫ̈ܢܝܢ. ܘܐܬܟܪܗ ܘܡܝܬ ܘܐܬܟܢܫ ܠܘܬ ܥܡܗ.,13,"E estes são os anos da vida de Ismael, cento e trinta e sete anos; e ele expirou e, morrendo, foi congregado ao seu povo.",25,True,True,True
25,18,Gênesis 25:18,וַיִּשְׁכְּנ֨וּ מֵֽחֲוִילָ֜ה עַד־ שׁ֗וּר אֲשֶׁר֙ עַל־ פְּנֵ֣י מִצְרַ֔יִם בֹּאֲכָ֖ה אַשּׁ֑וּרָה עַל־ פְּנֵ֥י כָל־ אֶחָ֖יו נָפָֽל ׃ פ,וישכנו מחוילה עד שור אשר על פני מצרימ באכה אשורה על פני כל אחיו נפל פ,17,ושרו מחוילה עד חגרא די על אפי מצרים מטי לאתור על אפי כל אחוהי שרא:,15,"κατῴκησεν δὲ ἀπὸ Εὑειλὰτ ἕως Σουήλ, ἥ ἐστιν κατὰ πρόσωπον Αἰγύπτου ἕως ἐλθεῖν πρὸς Ἀσσυρίους· κατὰ πρόσωπον πάντων τῶν ἀδελφῶν αὐτοῦ κατῴκησεν.",22,ܘܫܪܘ ܡܢ ܚܘܝܠܐ ܘܥܕܡܐ ܠܫܘܕ ܕܩܕܡ ܡܨܪܝܢ. ܕܒܡܥܠܢܐ ܕܐܬܘܪ. ܥܠ ܬܚܘܡܐ ܕܟܠܗܘܢ ܐܚ̈ܘܗܝ ܫ̣ܪܐ.,14,"Eles então habitaram desde Havilá até Sur, que está em frente do Egito, como quem vai em direção da Assíria; assim Ismael se estabeleceu diante da face de todos os seus irmãos.",32,True,True,True
25,19,Gênesis 25:19,וְאֵ֛לֶּה תּוֹלְדֹ֥ת יִצְחָ֖ק בֶּן־ אַבְרָהָ֑ם אַבְרָהָ֖ם הוֹלִ֥יד אֶת־ יִצְחָֽק ׃,ואלה תולדת יצחק בנ אברהמ אברהמ הוליד את יצחק,10,ואלין תולדת יצחק בר אברהם אברהם אוליד ית יצחק:,9,Καὶ αὗται αἱ γενέσεις Ἰσαὰκ τοῦ υἱοῦ Ἀβραάμ· Ἀβραὰμ ἐγέννησεν τὸν Ἰσαάκ.,12,ܘܗܠܝܢ ܬܘ̈ܠܕܬܗ ܕܐܝܣܚܩ ܒܪ ܐܒܪܗܡ. ܐܒܪܗܡ ܐܘܠܕ ܠܐܝܣܚܩ.,8,"E estas são as gerações de Isaque, filho de Abraão: Abraão gerou a Isaque;",14,True,True,True
25,20,Gênesis 25:20,וַיְהִ֤י יִצְחָק֙ בֶּן־ אַרְבָּעִ֣ים שָׁנָ֔ה בְּקַחְתּ֣וֹ אֶת־ רִבְקָ֗ה בַּת־ בְּתוּאֵל֙ הָֽאֲרַמִּ֔י מִפַּדַּ֖ן אֲרָ֑ם אֲח֛וֹת לָבָ֥ן הָאֲרַמִּ֖י ל֥וֹ לְאִשָּֽׁה ׃,ויהי יצחק בנ ארבעימ שנה בקחתו את רבקה בת בתואל הארמי מפדנ ארמ אחות לבנ הארמי לו לאשה,19,והוה יצחק בר ארבעין שנין כד נסיב ית רבקה בת בתואל ארמאה מפדן ארם אחתיה דלבן ארמאה ליה לאנתו:,19,"ἦν δὲ Ἰσαὰκ ἐτῶν τεσσεράκοντα ὅτε ἔλαβεν τὴν Ῥεβέκκαν θυγατέρα Βαθουὴλ τοῦ Σύρου ἐκ τῆς Μεσοποταμίας, ἀδελφὴν Λαβὰν τοῦ Σύρου, ἑαυτῷ γυναῖκα.",22,ܘܗܘܐ ܐܝܣܚܩ ܒܪ ܐܪ̈ܒܥܝܢ ܫ̈ܢܝܢ. ܟܕ ܢܣ̣ܒ ܠܪܦܩܐ ܒܪܬ ܒܬܘܐܝܠ ܐܪܡܝܐ ܡܢ ܦܕܢ ܕܐܪܡ. ܚܬܗ ܕܠܒܢ ܐܪܡܝܐ ܠܗ ܐܢܬܬܐ.,19,"e Isaque tinha quarenta anos quando tomou por mulher a Rebeca, filha de Betuel, arameu de Padã-Arã, e irmã de Labão, arameu.",22,True,True,True
25,21,Gênesis 25:21,וַיֶּעְתַּ֨ר יִצְחָ֤ק לַֽיהוָה֙ לְנֹ֣כַח אִשְׁתּ֔וֹ כִּ֥י עֲקָרָ֖ה הִ֑וא וַיֵּעָ֤תֶר לוֹ֙ יְהוָ֔ה וַתַּ֖הַר רִבְקָ֥ה אִשְׁתּֽוֹ ׃,ויעתר יצחק ליהוה לנכח אשתו כי עקרה הוא ויעתר לו יהוה ותהר רבקה אשתו,15,וצלי יצחק קדם יי לקבל אתתיה ארי עקרה היא וקבל צלותיה יי ועדיאת רבקה אתתיה:,15,"ἐδεῖτο δὲ Ἰσαὰκ Κυρίου περὶ Ῥεβέκκας τῆς γυναικὸς αὐτοῦ, ὅτι στεῖρα ἦν· ἐπήκουσεν δὲ αὐτοῦ ὁ θεός, καὶ ἔλαβεν ἐν γαστρὶ Ῥεβέκκα ἡ γυνὴ αὐτοῦ.",25,ܘܨܠܝ ܐܝܣܚܩ ܩܕܡ ܡܪܝܐ ܡܛܠ ܐܢܬܬܗ ܕܥܩܪܬܐ ܗܝ. ܘܥܢܝܗܝ ܡܪܝܐ ܘܒܛܢܬ ܪܦܩܐ ܐܢܬܬܗ.,13,"Ora, Isaque orou insistentemente ao Senhor por sua mulher, porquanto ela era estéril; e o Senhor ouviu as suas orações, e Rebeca, sua mulher, concebeu.",25,True,True,True
25,22,Gênesis 25:22,וַיִּתְרֹֽצֲצ֤וּ הַבָּנִים֙ בְּקִרְבָּ֔הּ וַתֹּ֣אמֶר אִם־ כֵּ֔ן לָ֥מָּה זֶּ֖ה אָנֹ֑כִי וַתֵּ֖לֶךְ לִדְרֹ֥שׁ אֶת־ יְהוָֽה ׃,ויתרצצו הבנימ בקרבה ותאמר אמ כנ למה זה אנכי ותלכ לדרש את יהוה,14,ודחקין בניא במעהא ואמרת אם כן למה דנן אנא ואזלת למתבע אולפן מן קדם יי:,15,"ἐσκίρτων δὲ τὰ παιδία ἐν αὐτῇ· εἶπεν δέ Εἰ οὕτως μοι μέλλει γίνεσθαι, ἵνα τί μοι τοῦτο; ἐπορεύθη δὲ πυθέσθαι παρὰ Κυρίου.",22,ܘܐܠܨܝܢ ܒ̈ܢܝܗ̇ ܒܟܪܣܗ̇. ܘܐܡ̣ܪܬ ܐܢ ܗܟܢܐ ܗܘ ܠܡܢܐ ܚܝܐ ܐܢܐ. ܘܐܙܠ̣ܬ ܠܡܫܐܠ ܡܢ ܡܪܝܐ.,14,E os filhos lutavam no ventre dela; então ela disse: Por que estou eu assim? E foi consultar ao Senhor.,20,True,True,True
25,23,Gênesis 25:23,וַיֹּ֨אמֶר יְהוָ֜ה לָ֗הּ שְׁנֵ֤י גיים בְּבִטְנֵ֔ךְ וּשְׁנֵ֣י לְאֻמִּ֔ים מִמֵּעַ֖יִךְ יִפָּרֵ֑דוּ וּלְאֹם֙ מִלְאֹ֣ם יֶֽאֱמָ֔ץ וְרַ֖ב יַעֲבֹ֥ד צָעִֽיר ׃,ויאמר יהוה לה שני גיימ בבטנכ ושני לאמימ ממעיכ יפרדו ולאמ מלאמ יאמצ ורב יעבד צעיר,17,ואמר יי לה תרין עממין במעיכי ותרתין מלכון ממעיכי יתפרשן ומלכו ממלכו יתקף ורבא ישתעביד לזעירא:,16,"καὶ εἶπεν Κύριος αὐτῇ Δύο ἔθνη ἐν τῇ γαστρί σού εἰσιν, καὶ δύο λαοὶ ἐκ τῆς κοιλίας σου διασταλήσονται· καὶ λαὸς λαοῦ ὑπερέξει, καὶ ὁ μείζων δουλεύσει τῷ ἐλάσσονι.",29,ܘܐܡ̣ܪ ܠܗ̇ ܡܪܝܐ. ܬܪ̈ܝܢ ܥܡ̈ܡܝܢ ܒܡ̈ܥܝܟܝ. ܘܬܪ̈ܬܝܢ ܐ̈ܡܘܢ ܡܢ ܡ̈ܥܝܟܝ ܢܬܦܪܫܢ. ܘܐܘܡܬܐ ܡܢ ܐܘܡܬܐ ܬܥܫܢ. ܘܪܒܐ ܢܫܬܥܒܕ ܠܙܥܘܪܐ.,18,"Respondeu-lhe o Senhor: Duas nações há no teu ventre, e dois povos se dividirão das tuas estranhas, e um povo será mais forte do que o outro povo, e o mais velho servirá ao mais moço.",36,True,True,True
25,24,Gênesis 25:24,וַיִּמְלְא֥וּ יָמֶ֖יהָ לָלֶ֑דֶת וְהִנֵּ֥ה תוֹמִ֖ם בְּבִטְנָֽהּ ׃,וימלאו ימיה ללדת והנה תוממ בבטנה,7,ושלימו יומהא למילד והא תיומין במעהא:,6,καὶ ἐπληρώθησαν αἱ ἡμέραι τοῦ τεκεῖν αὐτήν· καὶ τῇδε ἦν δίδυμα ἐν τῇ γαστρὶ αὐτῆς.,15,ܘܫܠ̣ܡܘ ܝܘܡ̈ܬܗ̇ ܠܡܐܠܕ. ܘܗܐ ܬܡ̈ܐ ܒܟܪܣܗ̇.,6,"Cumpridos que foram os dias para ela dar à luz, eis que havia gêmeos no seu ventre.",17,True,True,True
25,25,Gênesis 25:25,וַיֵּצֵ֤א הָרִאשׁוֹן֙ אַדְמוֹנִ֔י כֻּלּ֖וֹ כְּאַדֶּ֣רֶת שֵׂעָ֑ר וַיִּקְרְא֥וּ שְׁמ֖וֹ עֵשָֽׂו ׃,ויצא הראשונ אדמוני כלו כאדרת שער ויקראו שמו עשו,10,ונפק קדמאה סמוק כליה כגלים דשער וקרו שמיה עשו:,9,"ἐξῆλθεν δὲ ὁ υἱὸς ὁ πρωτότοκος πυρράκης, ὅλος ὡσεὶ δορὰ δασύς· ἐπωνόμασεν δὲ τὸ ὄνομα αὐτοῦ Ἠσαύ.",17,ܘܢܦܩ ܩܕܡܝܐ ܣܡܩܪܝ. ܘܟܠܗ ܥܙܩ̈ܬܐ ܕܣܥܪܐ. ܘܩ̣ܪܐ ܫܡܗ ܥܣܘ.,9,"Saiu o primeiro, ruivo, todo ele como um vestido de pelo; e chamaram-lhe Esaú.",14,True,True,True
25,26,Gênesis 25:26,וְאַֽחֲרֵי־ כֵ֞ן יָצָ֣א אָחִ֗יו וְיָד֤וֹ אֹחֶ֨זֶת֙ בַּעֲקֵ֣ב עֵשָׂ֔ו וַיִּקְרָ֥א שְׁמ֖וֹ יַעֲקֹ֑ב וְיִצְחָ֛ק בֶּן־ שִׁשִּׁ֥ים שָׁנָ֖ה בְּלֶ֥דֶת אֹתָֽם ׃,ואחרי כנ יצא אחיו וידו אחזת בעקב עשו ויקרא שמו יעקב ויצחק בנ ששימ שנה בלדת אתמ,18,ובתר כן נפק אחוהי וידיה אחידא בעקבא דעשו וקרא שמיה יעקב ויצחק בר שתין שנין כד ילידת יתהון:,18,"καὶ μετὰ τοῦτο ἐξῆλθεν ὁ ἀδελφὸς αὐτοῦ, καὶ ἡ χεὶρ αὐτοῦ ἐπειλημμένη τῆς πτέρνης Ἠσαύ· καὶ ἐκάλεσεν τὸ ὄνομα αὐτοῦ Ἰακώβ. Ἰσαὰκ δὲ ἦν ἐτῶν ἑξήκοντα ὅτε ἐγέννησεν αὐτοὺς Ῥεβέκκα.",30,ܘܒܬܪܗ ܢܦ̣ܩ ܐܚܘܗܝ. ܘܐܝܕܗ ܐܚܝܕܐ ܒܥܩܒܗ ܕܥܣܘ. ܘܩ̣ܪܐ ܫܡܗ ܝܥܩܘܒ. ܘܐܝܣܚܩ ܒܪ ܫܬܝܢ ܗܘܐ ܫ̈ܢܝܢ. ܟܕ ܝܠ̣ܕܬ ܐܢܘܢ.,18,"Depois saiu o seu irmão, agarrada sua mão ao calcanhar de Esaú; pelo que foi chamado Jacó. E Isaque tinha sessenta anos quando Rebeca os deu à luz.",28,True,True,True
25,27,Gênesis 25:27,וַֽיִּגְדְּלוּ֙ הַנְּעָרִ֔ים וַיְהִ֣י עֵשָׂ֗ו אִ֛ישׁ יֹדֵ֥עַ צַ֖יִד אִ֣ישׁ שָׂדֶ֑ה וְיַעֲקֹב֙ אִ֣ישׁ תָּ֔ם יֹשֵׁ֖ב אֹהָלִֽים ׃,ויגדלו הנערימ ויהי עשו איש ידע ציד איש שדה ויעקב איש תמ ישב אהלימ,15,ורביו עולמיא והוה עשו גבר נחשירכן גבר נפק לחקלא ויעקב גבר שלים משמש בית אולפנא:,15,"ηὐξήθησαν δὲ οἱ νεανίσκοι· καὶ ἦν Ἠσαὺ ἄνθρωπος εἰδὼς κυνηγεῖν, ἄγροικος· Ἰακὼβ δὲ ἦν ἄνθρωπος ἄπλαστος, οἰκῶν οἰκίαν.",18,ܘܪܒܘ ܛ̈ܠܝܐ. ܘܗܘ̣ܐ ܥܣܘ ܓܒܪܐ ܝܕܥ̇ ܨܝܕܐ ܓܒܪܐ ܕܒܪܐ. ܘܝܥܩܘܒ ܓܒܪ ܬܡܝܡ ܘܥܡ̇ܪ ܒܡܫܟܢܐ.,14,"Cresceram os meninos; e Esaú tornou-se perito caçador, homem do campo; mas Jacó, homem sossegado, que habitava em tendas.",19,True,True,True
25,28,Gênesis 25:28,וַיֶּאֱהַ֥ב יִצְחָ֛ק אֶת־ עֵשָׂ֖ו כִּי־ צַ֣יִד בְּפִ֑יו וְרִבְקָ֖ה אֹהֶ֥בֶת אֶֽת־ יַעֲקֹֽב ׃,ויאהב יצחק את עשו כי ציד בפיו ורבקה אהבת את יעקב,12,ורחם יצחק ית עשו ארי מצידיה הוה אכיל ורבקה רחימת ית יעקב:,12,"ἠγάπησεν δὲ Ἰσαὰκ τὸν Ἠσαύ, ὅτι ἡ θήρα αὐτοῦ βρῶσις αὐτῷ· Ῥεβέκκα δὲ ἠγάπα τὸν Ἰακώβ.",16,ܘܪܚ̣ܡ ܐܝܣܚܩ ܠܥܣܘ. ܡܛܠ ܕܨܝܕܗ ܒܦܘܡܗ. ܘܪܦܩܐ ܪܚ̣ܡܬ ܠܝܥܩܘܒ.,9,"Isaque amava a Esaú, porque comia da sua caça; mas Rebeca amava a Jacó.",14,True,True,True
25,29,Gênesis 25:29,וַיָּ֥זֶד יַעֲקֹ֖ב נָזִ֑יד וַיָּבֹ֥א עֵשָׂ֛ו מִן־ הַשָּׂדֶ֖ה וְה֥וּא עָיֵֽף ׃,ויזד יעקב נזיד ויבא עשו מנ השדה והוא עיפ,10,ובשיל יעקב תבשילא ואתא עשו מן חקלא והוא משלהי:,9,Ἥψησεν δὲ Ἰακὼβ ἕψεμα· ἦλθεν δὲ Ἠσαὺ ἐκ τοῦ πεδίου ἐκλείπων.,11,ܘܒܫ̇ܠ ܝܥܩܘܒ ܒܘܫܠܐ. ܘܗܐ ܥܣܘ ܐܚܘܗܝ ܐܬ̣ܐ ܡܢ ܚܩܠܐ. ܘܗ̣ܘ ܡ̣ܛܪܦ.,11,"Jacó havia feito um guisado, quando Esaú chegou do campo, muito cansado;",12,True,True,True
25,30,Gênesis 25:30,וַיֹּ֨אמֶר עֵשָׂ֜ו אֶֽל־ יַעֲקֹ֗ב הַלְעִיטֵ֤נִי נָא֙ מִן־ הָאָדֹ֤ם הָאָדֹם֙ הַזֶּ֔ה כִּ֥י עָיֵ֖ף אָנֹ֑כִי עַל־ כֵּ֥ן קָרָֽא־ שְׁמ֖וֹ אֱדֽוֹם ׃,ויאמר עשו אל יעקב הלעיטני נא מנ האדמ האדמ הזה כי עיפ אנכי על כנ קרא שמו אדומ,19,ואמר עשו ליעקב אטעמני כען מן סמוקא סמוקא הדין ארי משלהי אנא על כן קרא שמיה אדום:,17,"καὶ εἶπεν Ἠσαὺ τῷ Ἰακώβ Γεῦσόν με ἀπὸ τοῦ ἑψέματος τοῦ πυρροῦ τούτου, ὅτι ἐκλείπω ἐγώ· διὰ τοῦτο ἐκλήθη τὸ ὄνομα αὐτοῦ Ἐδώμ.",23,ܘܐܡ̣ܪ ܥܣܘ ܠܝܥܩܘܒ. ܐܛܥܡܝܢܝ ܡܢ ܣܘܡ̈ܩܐ ܣܘܡܩܐ ܗܢܐ. ܡܛܠ ܕܡ̣ܛܪܦ ܐܢܐ. ܡܛܠ ܗܢܐ ܩ̣ܪܐ ܫܡܗ ܐܕܘܡ.,16,"e disse Esaú a Jacó: Deixa-me, peço-te, comer desse guisado vermelho, porque estou muito cansado. Por isso se chamou Edom.",20,True,True,True
25,31,Gênesis 25:31,וַיֹּ֖אמֶר יַעֲקֹ֑ב מִכְרָ֥ה כַיּ֛וֹם אֶת־ בְּכֹֽרָתְךָ֖ לִֽי ׃,ויאמר יעקב מכרה כיומ את בכרתכ לי,8,ואמר יעקב זבין כיום דלהן ית בכרותך לי:,8,εἶπεν δὲ Ἰακὼβ τῷ Ἠσαύ Ἀπόδου μοι σήμερον τὰ πρωτοτοκεῖά σου ἐμοί.,12,ܐܡ̇ܪ ܠܗ ܝܥܩܘܒ. ܙܒ̇ܢ ܠܝ ܝܘܡܢܐ ܒܘܟܪܘܬܟ.,7,Respondeu Jacó: Vende-me primeiro o teu direito de primogenitura.,9,True,True,True
25,32,Gênesis 25:32,וַיֹּ֣אמֶר עֵשָׂ֔ו הִנֵּ֛ה אָנֹכִ֥י הוֹלֵ֖ךְ לָמ֑וּת וְלָמָּה־ זֶּ֥ה לִ֖י בְּכֹרָֽה ׃,ויאמר עשו הנה אנכי הולכ למות ולמה זה לי בכרה,11,ואמר עשו הא אנא אזל לממת ולמה דנן לי בכרותא:,10,"εἶπεν δε Ἠσαύ Ἰδοὺ ἐγὼ πορεύομαι τελευτᾷν, καὶ ἵνα τί μοι ταῦτα τὰ πρωτοτοκεῖα;",14,ܘܐܡ̣ܪ ܥܣܘ ܒܠܒܗ . ܗܐ ܐܢܐ ܐ̇ܙܠ ܐܢܐ ܠܡܡܬ. ܠܡܢܐ ܐܙܠܐ ܠܝ ܒܘܟܪܘܬܐ.,13,"Então replicou Esaú: Eis que estou a ponto e morrer; logo, para que me servirá o direito de primogenitura?",19,True,True,True
25,33,Gênesis 25:33,וַיֹּ֣אמֶר יַעֲקֹ֗ב הִשָּׁ֤בְעָה לִּי֙ כַּיּ֔וֹם וַיִּשָּׁבַ֖ע ל֑וֹ וַיִּמְכֹּ֥ר אֶת־ בְּכֹרָת֖וֹ לְיַעֲקֹֽב ׃,ויאמר יעקב השבעה לי כיומ וישבע לו וימכר את בכרתו ליעקב,12,ואמר יעקב קים לי כיום דלהן וקיים ליה וזבין ית בכרותיה ליעקב:,12,καὶ εἶπεν αὐτῷ Ἰακώβ Ὄμοσόν μοι σήμερον. καὶ ὤμοσεν αὐτῷ· ἀπέδοτο δὲ Ἠσαὺ τὰ πρωτοτοκεῖα τῷ Ἰακώβ.,17,ܐܡ̇ܪ ܠܗ ܝܥܩܘܒ. ܝܡܝ ܠܝ ܝܘܡܢܐ ܘܝܡܐ ܠܗ. ܘܙܒܢ ܒܘܟܪܘܬܗ ܠܝܥܩܘܒ.,11,"Ao que disse Jacó: Jura-me primeiro. Jurou-lhe, pois; e vendeu o seu direito de primogenitura a Jacó.",17,True,True,True
25,34,Gênesis 25:34,וְיַעֲקֹ֞ב נָתַ֣ן לְעֵשָׂ֗ו לֶ֚חֶם וּנְזִ֣יד עֲדָשִׁ֔ים וַיֹּ֣אכַל וַיֵּ֔שְׁתְּ וַיָּ֖קָם וַיֵּלַ֑ךְ וַיִּ֥בֶז עֵשָׂ֖ו אֶת־ הַבְּכֹרָֽה ׃ ס,ויעקב נתנ לעשו לחמ ונזיד עדשימ ויאכל וישת ויקמ וילכ ויבז עשו את הבכרה ס,16,ויעקב יהב לעשו לחם ותבשיל דטלופחין ואכל ושתי וקם ואזל ושט עשו ית בכרותא:,14,"Ἰακὼβ δὲ ἔδωκεν τῷ Ἠσαὺ ἄρτον καὶ ἕψεμα φακοῦ· καὶ ἔφαγεν καὶ ἔπιεν, καὶ ἀναστὰς ᾤχετο· καὶ ἐφαύλισεν Ἠσαὺ τὰ πρωτοτοκεῖα.",21,ܘܝܥܩܘܒ ܝܗ̣ܒ ܠܥܣܘ ܠܡܠܥܣ ܠܚܡܐ ܘܒܘܫܠܐ ܕܛܠܦܚ̈ܐ. ܘܠܥܣ ܘܐܫܬܝ ܘܩܡ ܐܙܠ. ܘܒܣ̇ܪ ܥܣܘ ܥܠ ܒܘܟܪܘܬܐ.,15,"Jacó deu a Esaú pão e o guisado e lentilhas; e ele comeu e bebeu; e, levantando-se, seguiu seu caminho. Assim desprezou Esaú o seu direito de primogenitura.",28,True,True,True
26,1,Gênesis 26:1,וַיְהִ֤י רָעָב֙ בָּאָ֔רֶץ מִלְּבַד֙ הָרָעָ֣ב הָרִאשׁ֔וֹן אֲשֶׁ֥ר הָיָ֖ה בִּימֵ֣י אַבְרָהָ֑ם וַיֵּ֧לֶךְ יִצְחָ֛ק אֶל־ אֲבִימֶּ֥לֶךְ מֶֽלֶךְ־ פְּלִשְׁתִּ֖ים גְּרָֽרָה ׃,ויהי רעב בארצ מלבד הרעב הראשונ אשר היה בימי אברהמ וילכ יצחק אל אבימלכ מלכ פלשתימ גררה,18,והוה כפנא בארעא בר מכפנא קדמאה די הוה ביומי אברהם ואזל יצחק לות אבימלך מלכא דפלשתאי לגרר:,17,"Ἐγένετο δὲ λιμὸς ἐπὶ τῆς γῆς, χωρὶς τοῦ λιμοῦ τοῦ πρότερον ὃς ἐγενήθη ἐν τῷ χρόνῳ τοῦ Ἀβραάμ· ἐπορεύθη δὲ Ἰσαὰκ πρὸς Ἀβιμέλεχ βασιλέα Φυλιστιεὶμ εἰς Γέραρα.",27,ܘܗܘܐ ܟܦܢܐ ܒܐܪܥܐ. ܣܛܪ ܡܢ ܟܦܢܐ ܩܕܡܝܐ ܕܗܘ̣ܐ ܒܝܘ̈ܡܝ ܐܒܪܗܡ. ܘܐܙ̣ܠ ܐܝܣܚܩ ܠܘܬ ܐܒܝܡܠܟ ܡ̇ܠܟܐ ܕܦܠܫ̈ܬܝܐ ܠܓܕܪ.,17,"Sobreveio à terra uma fome, além da primeira, que ocorreu nos dias de Abraão. Por isso foi Isaque a Abimeleque, rei dos filisteus, em Gerar.",25,True,True,True
26,2,Gênesis 26:2,וַיֵּרָ֤א אֵלָיו֙ יְהוָ֔ה וַיֹּ֖אמֶר אַל־ תֵּרֵ֣ד מִצְרָ֑יְמָה שְׁכֹ֣ן בָּאָ֔רֶץ אֲשֶׁ֖ר אֹמַ֥ר אֵלֶֽיךָ ׃,וירא אליו יהוה ויאמר אל תרד מצרימה שכנ בארצ אשר אמר אליכ,13,ואתגלי ליה יי ואמר לא תחות למצרים שרי בארעא די אימר לך:,12,ὤφθη δὲ αὐτῷ Κύριος καὶ εἶπεν Μὴ καταβῇς εἰς Αἴγυπτον· κατοίκησον δὲ ἐν τῇ γῇ ᾗ ἄν σοι εἴπω.,19,ܘܐܬܚܙܝ ܠܗ ܡܪܝܐ ܘܐܡ̣ܪ ܠܗ. ܠܐ ܬܚܘܬ ܠܡܨܪܝܢ. ܫ̣ܪܝ ܒܐܪܥܐ ܕܐܡ̣ܪ ܠܟ.,12,E apareceu-lhe o Senhor e disse: Não desças ao Egito; habita na terra que eu te disser;,17,True,True,True
26,3,Gênesis 26:3,גּ֚וּר בָּאָ֣רֶץ הַזֹּ֔את וְאֶֽהְיֶ֥ה עִמְּךָ֖ וַאֲבָרְכֶ֑ךָּ כִּֽי־ לְךָ֣ וּֽלְזַרְעֲךָ֗ אֶתֵּן֙ אֶת־ כָּל־ הָֽאֲרָצֹ֣ת הָאֵ֔ל וַהֲקִֽמֹתִי֙ אֶת־ הַשְּׁבֻעָ֔ה אֲשֶׁ֥ר נִשְׁבַּ֖עְתִּי לְאַבְרָהָ֥ם אָבִֽיךָ ׃,גור בארצ הזאת ואהיה עמכ ואברככ כי לכ ולזרעכ אתנ את כל הארצת האל והקמתי את השבעה אשר נשבעתי לאברהמ אביכ,22,דור בארעא הדא ויהי מימרי בסעדך ואברכנך ארי לך ולבנך אתן ית כל ארעתא האלין ואקם ית קימא די קימית לאברהם אבוך:,22,"καὶ παροίκει ἐν τῇ γῇ ταύτῃ καὶ ἔσομαι μετὰ σοῦ καὶ εὐλογήσω σε· σοὶ γὰρ καὶ τῷ σπέρματί σου δώσω πᾶσαν τὴν γῆν ταύτην, καὶ στήσω τὸν ὅρκον μου ὃν ὤμοσα Ἀβραὰμ τῷ πατρί σου.",35,ܥܡ̣ܪ ܒܐܪܥܐ ܗܕܐ. ܘܐ̇ܗܘܐ ܥܡܟ ܘܐܒܪܟܟ. ܡܛܠ ܕܠܟ ܘܠܙܪܥܟ ܐܬܠ ܟܘܠܗܝܢ ܡ̈ܠܟܘܬܐ ܗܠܝܢ. ܘܐܩܝܡ ܡ̈ܘܡܬܐ ܕܝܡ̇ܝܬ ܠܐܒܪܗܡ ܐܒܘܟ.,18,"peregrina nesta terra, e serei contigo e te abençoarei; porque a ti, e aos que descenderem de ti, darei todas estas terras, e confirmarei o juramento que fiz a Abraão teu pai;",32,True,True,True
26,4,Gênesis 26:4,וְהִרְבֵּיתִ֤י אֶֽת־ זַרְעֲךָ֙ כְּכוֹכְבֵ֣י הַשָּׁמַ֔יִם וְנָתַתִּ֣י לְזַרְעֲךָ֔ אֵ֥ת כָּל־ הָאֲרָצֹ֖ת הָאֵ֑ל וְהִתְבָּרֲכ֣וּ בְזַרְעֲךָ֔ כֹּ֖ל גּוֹיֵ֥י הָאָֽרֶץ ׃,והרביתי את זרעכ ככוכבי השמימ ונתתי לזרעכ את כל הארצת האל והתברכו בזרעכ כל גויי הארצ,17,ואסגי ית בנך סגיאין ככוכבי שמיא ואתן לבנך ית כל ארעתא האלין ויתברכון בדיל בנך כל עממי ארעא:,18,"καὶ πληθυνῶ τὸ σπέρμα σου ὡς τοὺς ἀστέρας τοῦ οὐρανοῦ, καὶ δώσω τῷ σπέρματί σου πᾶσαν τὴν γῆν ταύτην, καὶ ἐνευλογηθήσονται ἐν τῷ σπέρματί σου πάντα τὰ ἔθνη τῆς γῆς·",30,ܘܐܣܓܐ ܙܪܥܟ ܐܝܟ ܟܘܟܒ̈ܝ ܫܡܝܐ. ܘܐܬܠ ܠܙܪܥܟ ܟܠܗܝܢ ܐܪ̈ܥܬܐ ܗܠܝܢ. ܘܢܬܒܪܟܘܢ ܒܙܪܥܟ ܟܠܗܘܢ ܥܡ̈ܡܐ ܕܐܪܥܐ.,15,"e multiplicarei a tua descendência como as estrelas do céu, e lhe darei todas estas terras; e por meio dela serão benditas todas as nações da terra;",27,True,True,True
26,5,Gênesis 26:5,עֵ֕קֶב אֲשֶׁר־ שָׁמַ֥ע אַבְרָהָ֖ם בְּקֹלִ֑י וַיִּשְׁמֹר֙ מִשְׁמַרְתִּ֔י מִצְוֺתַ֖י חֻקּוֹתַ֥י וְתוֹרֹתָֽי ׃,עקב אשר שמע אברהמ בקלי וישמר משמרתי מצותי חקותי ותורתי,11,חלף די קביל אברהם במימרי ונטר מטרת מימרי פקודי קימי ואוריתי:,11,"ἀνθ᾽ ὧν ὑπήκουσεν Ἀβραὰμ ὁ πατήρ σου τῆς ἐμῆς φωνῆς, καὶ ἐφύλαξεν τὰ προστάγματά μου καὶ τὰς ἐντολάς μου καὶ τὰ δικαιώματά μου καὶ τὰ νόμιμά μου.",27,ܚܠܦ ܕܫܡ̣ܥ ܐܒܪܗܡ ܒܩܠܝ. ܘܢܛܪ ܢܛܘܪ̈ܬܝ ܘܦܘܩ̈ܕܢܝ ܘܩܝ̈ܡܝ ܘܢܡܘ̈ܣܝ.,9,"porquanto Abraão obedeceu à minha voz, e guardou o meu mandado, os meus preceitos, os meus estatutos e as minhas leis.",21,True,True,True
26,6,Gênesis 26:6,וַיֵּ֥שֶׁב יִצְחָ֖ק בִּגְרָֽר ׃,וישב יצחק בגרר,4,ויתב יצחק בגרר:,3,καὶ κατῴκησεν Ἰσαὰκ ἐν Γεράροις.,5,ܘܝܬ̣ܒ ܐܝܣܚܩ ܒܓܕܪ.,3,Assim habitou Isaque em Gerar.,5,True,True,True
26,7,Gênesis 26:7,וַֽיִּשְׁאֲל֞וּ אַנְשֵׁ֤י הַמָּקוֹם֙ לְאִשְׁתּ֔וֹ וַיֹּ֖אמֶר אֲחֹ֣תִי הִ֑וא כִּ֤י יָרֵא֙ לֵאמֹ֣ר אִשְׁתִּ֔י פֶּן־ יַֽהַרְגֻ֜נִי אַנְשֵׁ֤י הַמָּקוֹם֙ עַל־ רִבְקָ֔ה כִּֽי־ טוֹבַ֥ת מַרְאֶ֖ה הִֽיא ׃,וישאלו אנשי המקומ לאשתו ויאמר אחתי הוא כי ירא לאמר אשתי פנ יהרגני אנשי המקומ על רבקה כי טובת מראה היא,22,ושאילו אנשי אתרא לאתתיה ואמר אחתי היא ארי דחיל למימר אתתי דלמא יקטלנני אנשי אתרא על רבקה ארי שפירת חיזו היא:,21,"ἐπηρώτησαν δὲ οἱ ἄνδρες τοῦ τόπου περὶ Ῥεβέκκας τῆς γυναικὸς αὐτοῦ, καὶ εἶπεν ὅτι Ἀδελφή μού ἐστιν· ἐφοβήθη γὰρ εἰπεῖν ὅτι Γυνή μού ἐστιν, μή ποτε ἀποκτείνωσιν αὐτὸν οἱ ἄνδρες τοῦ τόπου περὶ Ῥεβέκκας, ὅτι ὡραία τῇ ὄψει ἦν.",39,ܘܫܐܠܘܗܝ ܐܢܫ̈ܝ ܐܬܪܐ ܥܠ ܐܢܬܬܗ. ܘܐܡ̣ܪ ܚܬܝ ܗܝ. ܡܛܠ ܕܕܚ̣ܠ ܕܢܐܡܪ ܕܐܢܬܬܝ ܗ̣ܝ. ܕܠܡܐ ܢܩܛܠܘܢܗ ܐܢܫ̈ܝ ܐܬܪܐ ܡܛܠ ܪܦܩܐ ܕܫܦܝܪܐ ܗܝ ܒܚܙܘܗ̇.,22,"Então os homens do lugar perguntaram-lhe acerca de sua mulher, e ele respondeu: É minha irmã; porque temia dizer: É minha mulher; para que porventura, dizia ele, não me matassem os homens daquele lugar por amor de Rebeca; porque era ela formosa à vista.",44,True,True,True
26,8,Gênesis 26:8,וַיְהִ֗י כִּ֣י אָֽרְכוּ־ ל֥וֹ שָׁם֙ הַיָּמִ֔ים וַיַּשְׁקֵ֗ף אֲבִימֶ֨לֶךְ֙ מֶ֣לֶךְ פְּלִשְׁתִּ֔ים בְּעַ֖ד הַֽחַלּ֑וֹן וַיַּ֗רְא וְהִנֵּ֤ה יִצְחָק֙ מְצַחֵ֔ק אֵ֖ת רִבְקָ֥ה אִשְׁתּֽוֹ ׃,ויהי כי ארכו לו שמ הימימ וישקפ אבימלכ מלכ פלשתימ בעד החלונ וירא והנה יצחק מצחק את רבקה אשתו,20,והוה כד סגיאו ליה תמן יומיא ואסתכי אבימלך מלכא דפלשתאי מן חרכא וחזא והא יצחק מחייך עם רבקה אתתיה:,19,ἐγένετο δὲ πολυχρόνιος ἐκεῖ· παρακύψας δὲ Ἀβιμέλεχ ὁ βασιλεὺς Γεράρων διὰ τῆς θυρίδος ἴδεν τὸν Ἰσαὰκ παίζοντα μετὰ Ῥεβέκκας τῆς γυναικὸς αὐτοῦ.,22,ܘܗܘܐ ܕܟܕ ܢܓ̣ܪܘ ܠܗ ܬܡܢ ܝܘܡ̈ܬܐ. ܐܕܝܩ ܐܒܝܡܠܟ ܡ̇ܠܟܐ ܕܦܠܫܬ̈ܝܐ ܡܢ ܟܘܬܐ. ܘܚܙܝܗܝ ܠܐܝܣܚܩ ܟܕ ܡܓܚܟ ܥܡ ܪܦܩܐ ܐܢܬܬܗ.,19,"Ora, depois que ele se demorara ali muito tempo, Abimeleque, rei dos filisteus, olhou por uma janela, e viu, e eis que Isaque estava brincando com Rebeca, sua mulher.",29,True,True,True
26,9,Gênesis 26:9,וַיִּקְרָ֨א אֲבִימֶ֜לֶךְ לְיִצְחָ֗ק וַיֹּ֨אמֶר֙ אַ֣ךְ הִנֵּ֤ה אִשְׁתְּךָ֙ הִ֔וא וְאֵ֥יךְ אָמַ֖רְתָּ אֲחֹ֣תִי הִ֑וא וַיֹּ֤אמֶר אֵלָיו֙ יִצְחָ֔ק כִּ֣י אָמַ֔רְתִּי פֶּן־ אָמ֖וּת עָלֶֽיהָ ׃,ויקרא אבימלכ ליצחק ויאמר אכ הנה אשתכ הוא ואיכ אמרת אחתי הוא ויאמר אליו יצחק כי אמרתי פנ אמות עליה,21,וקרא אבימלך ליצחק ואמר ברם הא אתתך היא ואכדין אמרת אחתי היא ואמר ליה יצחק ארי אמרית דלמא אימות עלה:,20,ἐκάλεσεν δὲ Ἀβιμέλεχ τὸν Ἰσαὰκ καὶ εἶπεν αὐτῷ Ἄρα γε γυνή σού ἐστιν· τί ὅτι εἶπας Ἀδελφή μού ἐστιν; εἶπεν δὲ αὐτῷ Ἰσαάκ Εἶπα γάρ Μή ποτε ἀποθάνω δι᾽ αὐτήν.,30,ܘܩ̣ܪܐ ܐܒܝܡܠܟ ܠܐܝܣܚܩ ܘܐܡ̣ܪ ܠܗ. ܗܐ ܐܢܬܬܟ ܗܝ. ܐܝܟܢܐ ܐܡ̇ܪ ܗܘܝ̣ܬ ܕܚܬܝ ܗܝ. ܐܡ̇ܪ ܠܗ ܐܝܣܚܩ. ܡܛܠ ܕܐܡ̇ܪܬ ܕܠܡܐ ܐܡܘܬ ܡܛܠܬܗ̇.,21,"Então chamou Abimeleque a Isaque, e disse: Eis que na verdade é tua mulher; como pois disseste: E minha irmã? Respondeu-lhe Isaque: Porque eu dizia: Para que eu porventura não morra por sua causa.",34,True,True,True
26,10,Gênesis 26:10,וַיֹּ֣אמֶר אֲבִימֶ֔לֶךְ מַה־ זֹּ֖את עָשִׂ֣יתָ לָּ֑נוּ כִּ֠מְעַט שָׁכַ֞ב אַחַ֤ד הָעָם֙ אֶת־ אִשְׁתֶּ֔ךָ וְהֵבֵאתָ֥ עָלֵ֖ינוּ אָשָֽׁם ׃,ויאמר אבימלכ מה זאת עשית לנו כמעט שכב אחד העמ את אשתכ והבאת עלינו אשמ,16,ואמר אבימלך מה דא עבדת לנא כזער פון שכיב דמיחד בעמא עם אתתך ואיתיתא עלנא חובא:,16,"εἶπεν δὲ αὐτῷ Ἀβιμέλεχ Τί τοῦτο ἐποίησας ἡμῖν; μικροῦ ἐκοιμήθη τις τοῦ γένους μου μετὰ τῆς γυναικός σου, καὶ ἐπήγαγες ἐφ᾽ ἡμᾶς ἄγνοιαν.",23,ܐܡ̇ܪ ܠܗ ܐܒܝܡܠܟ. ܡܢܘ ܗܢܐ ܕܥܒ̣ܕܬ ܠܢ. ܥܕ ܩܠܝܠ ܕܡ̇ܟ ܗܘ̣ܐ ܚܕ ܡܢ ܥܡܐ ܥܡ ܐܢܬܬܟ. ܘܡ̇ܝܬܐ ܗܘܝ̣ܬ ܥܠܝܢ ܚܛܗܐ.,20,"Replicou Abimeleque: Que é isso que nos fizeste? Facilmente se teria deitado alguém deste povo com tua mulher, e tu terias trazido culpa sobre nós.",25,True,True,True
26,11,Gênesis 26:11,וַיְצַ֣ו אֲבִימֶ֔לֶךְ אֶת־ כָּל־ הָעָ֖ם לֵאמֹ֑ר הַנֹּגֵ֜עַ בָּאִ֥ישׁ הַזֶּ֛ה וּבְאִשְׁתּ֖וֹ מ֥וֹת יוּמָֽת ׃,ויצו אבימלכ את כל העמ לאמר הנגע באיש הזה ובאשתו מות יומת,13,ופקיד אבימלך ית כל עמא למימר דינזק בגברא הדין ובאתתיה אתקטלא יתקטל:,12,συνέταξεν δὲ Ἀβιμέλεχ παντὶ τῷ λαῷ αὐτοῦ λέγων Πᾶς ὁ ἁπτόμενος τοῦ ἀνθρώπου τούτου ἢ τῆς γυναικὸς αὐτοῦ θανάτου ἔνοχος ἔσται.,21,ܘܦܩ̇ܕ ܐܒܝܡܠܟ ܠܟܠܗ ܥܡܐ ܘܐܡ̣ܪ. ܡ̇ܢ ܕܡ̇ܗܪ ܠܓܒܪܐ ܗܢܐ ܘܠܐܢܬܬܗ ܡܬܩܛܠܘ ܢܬܩܛܠ.,12,"E Abimeleque ordenou a todo o povo, dizendo: Qualquer que tocar neste homem ou em sua mulher, certamente morrerá.",19,True,True,True
26,12,Gênesis 26:12,וַיִּזְרַ֤ע יִצְחָק֙ בָּאָ֣רֶץ הַהִ֔וא וַיִּמְצָ֛א בַּשָּׁנָ֥ה הַהִ֖וא מֵאָ֣ה שְׁעָרִ֑ים וַֽיְבָרֲכֵ֖הוּ יְהוָֽה ׃,ויזרע יצחק בארצ ההוא וימצא בשנה ההוא מאה שערימ ויברכהו יהוה,12,וזרע יצחק בארעא ההיא ואשכח בשתא ההיא על חד מאה בדשערוהי וברכיה יי:,13,"ἔσπειρεν δὲ Ἰσαὰκ ἐν τῇ γῇ ἐκείνῃ, καὶ εὗρεν ἐν τῷ ἐνιαυτῷ ἐκείνῳ ἑκατοστεύουσαν κριθήν· εὐλόγησεν δὲ αὐτὸν Κύριος.",19,ܘܙܪܥ̣ ܐܝܣܚܩ ܒܐܪܥܐ . ܘܐܫܟܚ ܒܫܢܬܐ ܗ̇ܝ ܡܐܐ ܕܣܥܪ̈ܐ. ܘܒܪܟܗ ܡܪܝܐ.,11,"Isaque semeou naquela terra, e no mesmo ano colheu o cêntuplo; e o Senhor o abençoou.",16,True,True,True
26,13,Gênesis 26:13,וַיִּגְדַּ֖ל הָאִ֑ישׁ וַיֵּ֤לֶךְ הָלוֹךְ֙ וְגָדֵ֔ל עַ֥ד כִּֽי־ גָדַ֖ל מְאֹֽד ׃,ויגדל האיש וילכ הלוכ וגדל עד כי גדל מאד,10,ורבא גברא ואזל אזיל ורבי עד די רבא לחדא:,9,"καὶ ὑψώθη ὁ ἄνθρωπος, καὶ προβαίνων μείζων ἐγίνετο ἕως οὗ μέγας ἐγίνετο σφόδρα·",13,ܘܝܪ̣ܒ ܓܒܪܐ. ܘܐܙ̇ܠ ܡܐܙܠ ܥܕܡܐ ܕܝܪ̣ܒ ܛܒ.,7,E engrandeceu-se o homem; e foi-se enriquecendo até que se tornou mui poderoso;,13,True,True,True
26,14,Gênesis 26:14,וַֽיְהִי־ ל֤וֹ מִקְנֵה־ צֹאן֙ וּמִקְנֵ֣ה בָקָ֔ר וַעֲבֻדָּ֖ה רַבָּ֑ה וַיְקַנְא֥וּ אֹת֖וֹ פְּלִשְׁתִּֽים ׃,ויהי לו מקנה צאנ ומקנה בקר ועבדה רבה ויקנאו אתו פלשתימ,12,והוה ליה גיתי ענא וגיתי תורין ופלחנא סגיא וקניאו ביה פלשתאי:,11,ἐγένετο δὲ αὐτῷ κτήνη προβάτων καὶ κτήνη βοῶν καὶ γεώργια πολλά. ἐζήλωσαν δὲ αὐτὸν οἱ Φυλιστιείμ·,16,ܘܗܘ̣ܐ ܠܗ ܩܢܝܢܐ ܕܥܢܐ. ܘܩܢܝܢܐ ܕܬܘܪ̈ܐ ܘܥܒܕܬܐ ܪܒܬܐ. ܘܛܢܘ ܒܗ ܦܠܫܬ̈ܝܐ.,11,"e tinha possessões de rebanhos e de gado, e muita gente de serviço; de modo que os filisteus o invejavam.",20,True,True,True
26,15,Gênesis 26:15,וְכָל־ הַבְּאֵרֹ֗ת אֲשֶׁ֤ר חָֽפְרוּ֙ עַבְדֵ֣י אָבִ֔יו בִּימֵ֖י אַבְרָהָ֣ם אָבִ֑יו סִתְּמ֣וּם פְּלִשְׁתִּ֔ים וַיְמַלְא֖וּם עָפָֽר ׃,וכל הבארת אשר חפרו עבדי אביו בימי אברהמ אביו סתמומ פלשתימ וימלאומ עפר,14,וכל בירין די חפרו עבדי אבוהי ביומי אברהם אבוהי טמונון פלשתאי ומלאנון עפרא:,13,"καὶ πάντα τὰ φρέατα ἃ ὤρυξαν οἱ παῖδες τοῦ πατρὸς αὐτοῦ ἐν τῷ χρόνῳ τοῦ πατρὸς αὐτοῦ, ἐνέφραξαν αὐτὰ οἱ Φυλιστιεὶμ καὶ ἔπλησαν αὐτὰ γῆς.",25,ܘܟܠܗܝܢ ܒܪ̈ܐ ܕܚܦܪܘ ܥܒ̈ܕܝ ܐܒܘܗܝ. ܒܝ̈ܘܡܘܗܝ ܕܐܒܪܗܡ ܐܒܘܗܝ. ܛܡܡܘ ܐ̈ܢܝܢ ܦܠܫ̈ܬܝܐ. ܘܡܠܘ ܐ̈ܢܝܢ ܥܦܪܐ.,14,"Ora, todos os poços, que os servos de seu pai tinham cavado nos dias de seu pai Abraão, os filisteus entulharam e encheram de terra.",25,True,True,True
26,16,Gênesis 26:16,וַיֹּ֥אמֶר אֲבִימֶ֖לֶךְ אֶל־ יִצְחָ֑ק לֵ֚ךְ מֵֽעִמָּ֔נוּ כִּֽי־ עָצַֽמְתָּ־ מִמֶּ֖נּוּ מְאֹֽד ׃,ויאמר אבימלכ אל יצחק לכ מעמנו כי עצמת ממנו מאד,11,ואמר אבימלך ליצחק אזל מעמנא ארי תקפתא מננא לחדא:,9,"εἶπεν δὲ Ἀβιμέλεχ πρὸς Ἰσαάκ Ἄπελθε ἀφ᾽ ἡμῶν, ὅτι δυνατώτερος ἡμῶν ἐγένου σφόδρα.",13,ܘܐܡ̣ܪ ܐܒܝܡܠܟ ܠܐܝܣܚܩ. ܙܠ ܠܟ ܡܢ ܠܘܬܢ. ܡܛܠ ܕܥܫ̣ܢܬ ܡܢܢ ܛܒ.,11,E Abimeleque disse a Isaque: Aparta-te de nós; porque muito mais poderoso te tens feito do que nós.,18,True,True,True
26,17,Gênesis 26:17,וַיֵּ֥לֶךְ מִשָּׁ֖ם יִצְחָ֑ק וַיִּ֥חַן בְּנַֽחַל־ גְּרָ֖ר וַיֵּ֥שֶׁב שָֽׁם ׃,וילכ משמ יצחק ויחנ בנחל גרר וישב שמ,9,ואזל מתמן יצחק ושרא בנחלא דגרר ויתב תמן:,8,"καὶ ἀπῆλθεν ἐκεῖθεν Ἰσαὰκ καὶ κατέλυσεν ἐν τῇ φάραγγι Γεράρων, καὶ κατῴκησεν ἐκεῖ.",13,ܘܐܙ̣ܠ ܡܢ ܬܡܢ ܐܝܣܚܩ. ܘܫ̣ܪܐ ܒܢܚܠܐ ܕܓܕܪ. ܘܝܬ̣ܒ ܬܡܢ.,9,"Então Isaque partiu dali e, acampando no vale de Gerar, lá habitou.",12,True,True,True
26,18,Gênesis 26:18,וַיָּ֨שָׁב יִצְחָ֜ק וַיַּחְפֹּ֣ר ׀ אֶת־ בְּאֵרֹ֣ת הַמַּ֗יִם אֲשֶׁ֤ר חָֽפְרוּ֙ בִּימֵי֙ אַבְרָהָ֣ם אָבִ֔יו וַיְסַתְּמ֣וּם פְּלִשְׁתִּ֔ים אַחֲרֵ֖י מ֣וֹת אַבְרָהָ֑ם וַיִּקְרָ֤א לָהֶן֙ שֵׁמ֔וֹת כַּשֵּׁמֹ֕ת אֲשֶׁר־ קָרָ֥א לָהֶ֖ן אָבִֽיו ׃,וישב יצחק ויחפר את בארת המימ אשר חפרו בימי אברהמ אביו ויסתמומ פלשתימ אחרי מות אברהמ ויקרא להנ שמות כשמת אשר קרא להנ אביו,26,ותב יצחק וחפר ית בירי דמיא די חפרו ביומי אברהם אבוהי וטמונון פלשתאי בתר דמית אברהם וקרא להן שמהן כשמהן די הוה קרי להן אבוהי:,25,καὶ πάλιν Ἰσαὰκ ὤρυξεν τὰ φρέατα τοῦ ὕδατος ἃ ὤρυξαν οἱ παῖδες Ἀβραὰμ τοῦ πατρὸς αὐτοῦ καὶ ἐνέφραξαν αὐτὰ οἱ Φυλιστιεὶμ μετὰ τὸ ἀποθανεῖν Ἀβραὰμ τὸν πατέρα αὐτοῦ· καὶ ἐπωνόμασεν αὐτοῖς ὀνόματα κατὰ τὰ ὀνόματα ἃ ὠνόμασεν Ἀβραὰμ ὁ πατὴρ αὐτοῦ.,41,ܘܗ̣ܦܟ ܐܝܣܚܩ ܘܚܦ̣ܪ ܒܪ̈ܐ ܕܡ̈ܝܐ. ܕܚܦܪܘ ܥܒ̣̈ܕܝ ܐܒܘܗܝ. ܒܝ̈ܘܡܘܗܝ ܕܐܒܪܗܡ ܐܒܘܗܝ. ܘܛܡܡܘ ܐܢܝ̈ܢ ܦܠܫ̈ܬܝܐ. ܡܢ ܒܬܪ ܕܡܝܬ ܐܒܪܗܡ . ܘܩ̣ܪܐ ܠܗܝܢ ܫ̈ܡܗܐ ܐܝܟ ܫܡ̈ܗܐ ܕܩ̇ܪܐ ܗܘܐ ܠܗܝܢ ܐܒܘܗܝ.,28,"E Isaque tornou a cavar os poços que se haviam cavado nos dias de Abraão seu pai, pois os filisteus os haviam entulhado depois da morte de Abraão; e deu-lhes os nomes que seu pai lhes dera.",37,True,True,True
26,19,Gênesis 26:19,וַיַּחְפְּר֥וּ עַבְדֵֽי־ יִצְחָ֖ק בַּנָּ֑חַל וַיִּ֨מְצְאוּ־ שָׁ֔ם בְּאֵ֖ר מַ֥יִם חַיִּֽים ׃,ויחפרו עבדי יצחק בנחל וימצאו שמ באר מימ חיימ,10,וחפרו עבדי יצחק בנחלא ואשכחו תמן בירא דמיין נבעין:,9,"ὤρυξαν δὲ οἱ παῖδες Ἰσαὰκ ἐν τῇ φάραγγι Γεράρων, καὶ εὗρον ἐκεῖ φρέαρ ὕδατος ζῶντος.",15,ܘܚܦܪܘ ܥܒ̈ܕܘܗܝ ܕܐܝܣܚܩ ܒܢܚܠܐ. ܘܐܫܟܚܘ ܬܡܢ ܒܪܐ ܕܡ̈ܝܐ ܚ̈ܝܐ.,9,"Cavaram, pois, os servos de Isaque naquele vale, e acharam ali um poço de águas vivas.",16,True,True,True
26,20,Gênesis 26:20,וַיָּרִ֜יבוּ רֹעֵ֣י גְרָ֗ר עִם־ רֹעֵ֥י יִצְחָ֛ק לֵאמֹ֖ר לָ֣נוּ הַמָּ֑יִם וַיִּקְרָ֤א שֵֽׁם־ הַבְּאֵר֙ עֵ֔שֶׂק כִּ֥י הִֽתְעַשְּׂק֖וּ עִמּֽוֹ ׃,ויריבו רעי גרר עמ רעי יצחק לאמר לנו המימ ויקרא שמ הבאר עשק כי התעשקו עמו,17,ונצו רעותא דגרר עם רעותא דיצחק למימר די לנא מיא וקרא שמא דבירא עסקא ארי אתעסיקו עמיה:,17,"καὶ ἐμαχέσαντο οἱ ποιμένες Γεράρων μετὰ τῶν ποιμένων Ἰσαάκ, φάσκοντες αὐτῶν εἶναι τὸ ὕδωρ· καὶ ἐκάλεσεν τὸ ὄνομα τοῦ φρέατος ἐκείνου Ἀδικία· ἠδίκησαν γὰρ αὐτόν.",25,ܘܢܨܘ ܪ̈ܥܘܬܐ ܕܓܕܪ ܥܡ ܪ̈ܥܘܬܐ ܕܐܝܣܚܩ ܘܐܡܪܘ. ܕܝܠܢ ܐܢܘܢ ܡ̈ܝܐ. ܘܩ̣ܪܐ ܫܡܗ̇ ܕܒܪܐ ܥܣܩܐ. ܡܛܠ ܕܐܬܥܣܩܘ ܥܡܗ.,17,"E os pastores de Gerar contenderam com os pastores de Isaque, dizendo: Esta água é nossa. E ele chamou ao poço Eseque, porque contenderam com ele.",26,True,True,True
26,21,Gênesis 26:21,וַֽיַּחְפְּרוּ֙ בְּאֵ֣ר אַחֶ֔רֶת וַיָּרִ֖יבוּ גַּם־ עָלֶ֑יהָ וַיִּקְרָ֥א שְׁמָ֖הּ שִׂטְנָֽה ׃,ויחפרו באר אחרת ויריבו גמ עליה ויקרא שמה שטנה,10,וחפרו בירא אחרי ונצו אף עלה וקרא שמה שטנה:,9,"ἀπάρας δὲ Ἰσαὰκ ἐκεῖθεν ὤρυξεν φρέαρ ἕτερον· ἐκρίνοντο δὲ καὶ περὶ ἐκείνου, καὶ ἐπωνόμασεν τὸ ὄνομα αὐτοῦ Ἐχθρία.",18,ܘܚܦܪܘ ܒܪܐ ܐܚܪܬܐ. ܘܢܨܘ ܐܦ ܥܠܝܗ̇. ܘܩ̣ܪܐ ܫܡܗ̇ ܣܛܢܐ.,9,"Então cavaram outro poço, pelo qual também contenderam; por isso chamou-lhe Sitna.",12,True,True,True
26,22,Gênesis 26:22,וַיַּעְתֵּ֣ק מִשָּׁ֗ם וַיַּחְפֹּר֙ בְּאֵ֣ר אַחֶ֔רֶת וְלֹ֥א רָב֖וּ עָלֶ֑יהָ וַיִּקְרָ֤א שְׁמָהּ֙ רְחֹב֔וֹת וַיֹּ֗אמֶר כִּֽי־ עַתָּ֞ה הִרְחִ֧יב יְהוָ֛ה לָ֖נוּ וּפָרִ֥ינוּ בָאָֽרֶץ ׃,ויעתק משמ ויחפר באר אחרת ולא רבו עליה ויקרא שמה רחבות ויאמר כי עתה הרחיב יהוה לנו ופרינו בארצ,20,ואסתלק מתמן וחפר בירא אחרי ולא נצו עלה וקרא שמה רחבות ואמר ארי כען אפתי יי לנא וניפוש בארעא:,19,"ἀπάρας δὲ ἐκεῖθεν ὤρυξεν φρέαρ ἕτερον, καὶ οὐκ ἐμαχέσαντο περὶ αὐτοῦ· καὶ ἐπωνόμασεν τὸ ὄνομα αὐτοῦ Εὐρυχωρία, λέγων Διότι νῦν ἐπλάτυνεν Κύριος ἡμῖν καὶ ηὔξησεν ἡμᾶς ἐπὶ τῆς γῆς.",29,ܘܫ̣ܢܝ ܡܢ ܬܡ̇ܢ. ܘܚܦܪܘ ܒܪܐ ܐܚܪܬܐ ܘܠܐ ܢܨܘ ܥܠܝܗ̇. ܘܩ̣ܪܐ ܫܡܗ̇ ܪܚܒܘܬ. ܘܐܡ̣ܪ. ܗܫܐ ܐܪܘܚ ܠܢ ܡܪܝܐ ܘܣܓܝܢ ܒܐܪܥܐ.,19,"E partiu dali, e cavou ainda outro poço; por este não contenderam; pelo que chamou-lhe Reobote, dizendo: Pois agora o Senhor nos deu largueza, e havemos de crescer na terra.",30,True,True,True
26,23,Gênesis 26:23,וַיַּ֥עַל מִשָּׁ֖ם בְּאֵ֥ר שָֽׁבַע ׃,ויעל משמ באר שבע,5,ואסתלק מתמן באר שבע:,4,ἀνέβη δὲ ἐκεῖθεν ἐπὶ τὸ φρέαρ τοῦ ὅρκου.,8,ܘܣܠ̣ܩ ܡܢ ܬܡ̇ܢ ܠܒܪܫܒܥ.,4,Depois subiu dali a Beer-Seba.,5,True,True,True
26,24,Gênesis 26:24,וַיֵּרָ֨א אֵלָ֤יו יְהוָה֙ בַּלַּ֣יְלָה הַה֔וּא וַיֹּ֕אמֶר אָנֹכִ֕י אֱלֹהֵ֖י אַבְרָהָ֣ם אָבִ֑יךָ אַל־ תִּירָא֙ כִּֽי־ אִתְּךָ֣ אָנֹ֔כִי וּבֵֽרַכְתִּ֨יךָ֙ וְהִרְבֵּיתִ֣י אֶֽת־ זַרְעֲךָ֔ בַּעֲב֖וּר אַבְרָהָ֥ם עַבְדִּֽי ׃,וירא אליו יהוה בלילה ההוא ויאמר אנכי אלהי אברהמ אביכ אל תירא כי אתכ אנכי וברכתיכ והרביתי את זרעכ בעבור אברהמ עבדי,23,ואתגלי ליה יי בליליא ההוא ואמר אנא אלהה דאברהם אבוך לא תדחל ארי בסעדך מימרי ואברכנך ואסגי ית בנך בדיל אברהם עבדי:,22,"καὶ ὤφθη αὐτῷ Κύριος ἐν τῇ νυκτὶ ἐκείνῃ, καὶ εἶπεν Ἐγώ εἰμι ὁ θεὸς Ἀβραὰμ τοῦ πατρός σου· μὴ φοβοῦ· μετὰ σοῦ γάρ εἰμι, καὶ εὐλογήσω σε καὶ πληθυνῶ τὸ σπέρμα σου διὰ Ἀβραὰμ τὸν πατέρα σου.",37,ܘܐܬܓܠܝ ܥܠܘܗܝ ܡܪܝܐ ܒܠܠܝܐ ܗ̇ܘ ܘܐܡ̣ܪ ܠܗ. ܐܢܐ ܐܢܐ ܐܠܗܗ ܕܐܒܪܗܡ ܐܒܘܟ. ܠܐ ܬܕܚܠ ܡܛܠ ܕܥܡܟ ܐܢܐ. ܘܐܒܪܟܟ ܘܐܣܓܐ ܙܪܥܟ. ܡܛܠ ܐܒܪܗܡ ܥܒܕܝ.,23,"E apareceu-lhe o Senhor na mesma noite e disse: Eu sou o Deus de Abraão, teu pai; não temas, porque eu sou contigo, e te abençoarei e multiplicarei a tua descendência por amor do meu servo Abraão.",37,True,True,True
26,25,Gênesis 26:25,וַיִּ֧בֶן שָׁ֣ם מִזְבֵּ֗חַ וַיִּקְרָא֙ בְּשֵׁ֣ם יְהוָ֔ה וַיֶּט־ שָׁ֖ם אָהֳל֑וֹ וַיִּכְרוּ־ שָׁ֥ם עַבְדֵי־ יִצְחָ֖ק בְּאֵֽר ׃,ויבנ שמ מזבח ויקרא בשמ יהוה ויט שמ אהלו ויכרו שמ עבדי יצחק באר,15,ובנא תמן מדבחא וצלי בשמא דיי ופרס תמן משכניה וכרו תמן עבדי יצחק בירא:,14,"καὶ ᾠκοδόμησεν ἐκεῖ θυσιαστήριον καὶ ἐπεκαλέσατο τὸ ὄνομα Κυρίου, καὶ ἔπηξεν ἐκεῖ τὴν σκηνὴν αὐτοῦ· ὤρυξαν δὲ ἐκεῖ οἱ παῖδες Ἰσαὰκ φρέαρ.",22,ܘܒܢ̣ܐ ܬܡ̇ܢ ܡܕܒܚܐ. ܘܩ̣ܪܐ ܒܫܡܗ ܕܡܪܝܐ. ܘܢܩ̣ܫ ܬܡܢ ܡܫܟܢܗ. ܘܚܦܪܘ ܬܡ̇ܢ ܥܒ̈ܕܘܗܝ ܕܐܝܣܚܩ ܒܪܐ.,14,"Isaque, pois, edificou ali um altar e invocou o nome do Senhor; então armou ali a sua tenda, e os seus servos cavaram um poço.",25,True,True,True
26,26,Gênesis 26:26,וַאֲבִימֶ֕לֶךְ הָלַ֥ךְ אֵלָ֖יו מִגְּרָ֑ר וַאֲחֻזַּת֙ מֵֽרֵעֵ֔הוּ וּפִיכֹ֖ל שַׂר־ צְבָאֽוֹ ׃,ואבימלכ הלכ אליו מגרר ואחזת מרעהו ופיכל שר צבאו,10,ואבימלך אזל לותיה מגרר וסיעת מרחמוהי ופיכל רב חיליה:,9,"καὶ Ἀβιμέλεχ ἐπορεύθη πρὸς αὐτὸν ἀπὸ Γεράρων, καὶ Ὀχοζὰθ ὁ νυμφαγωγὸς αὐτοῦ καὶ Φικὸλ ὁ ἀρχιστράτηγος τῆς δυνάμεως αὐτοῦ.",19,ܘܐܒܝܡܠܟ ܐܬ̣ܐ ܠܘܬܗ ܡܢ ܓܕܪ. ܘܐܚܙܘܬ ܪܚܡܗ ܘܦܝܟܠ ܪܒ ܚܝܠܗ.,10,"Então Abimeleque veio a ele de Gerar, com Aüzate, seu amigo, e Ficol, o chefe do seu exército.",18,True,True,True
26,27,Gênesis 26:27,וַיֹּ֤אמֶר אֲלֵהֶם֙ יִצְחָ֔ק מַדּ֖וּעַ בָּאתֶ֣ם אֵלָ֑י וְאַתֶּם֙ שְׂנֵאתֶ֣ם אֹתִ֔י וַתְּשַׁלְּח֖וּנִי מֵאִתְּכֶֽם ׃,ויאמר אלהמ יצחק מדוע באתמ אלי ואתמ שנאתמ אתי ותשלחוני מאתכמ,12,ואמר להון יצחק מה דין אתיתון לותי ואתון סניתון יתי ושלחתוני מלותכון:,12,καὶ εἶπεν αὐτοῖς Ἰσαάκ Ἵνα τί ἤλθατε πρὸς μέ; ὑμεῖς δὲ ἐμισήσατέ με καὶ ἀπεστείλατέ με ἀφ᾽ ὑμῶν.,18,ܘܐܡ̣ܪ ܠܗܘܢ ܐܝܣܚܩ. ܡܢܐ ܐܬܝ̣ܬܘܢ ܠܘܬܝ. ܐܢܬܘܢ ܣܢܝܬܘܢܢܝ ܘܫܕܪܬܘܢܢܝ ܡܢ ܠܘܬܟܘܢ.,11,"E perguntou-lhes Isaque: Por que viestes ter comigo, visto que me odiais, e me repelistes de vós?",17,True,True,True
26,28,Gênesis 26:28,וַיֹּאמְר֗וּ רָא֣וֹ רָאִינוּ֮ כִּֽי־ הָיָ֣ה יְהוָ֣ה ׀ עִמָּךְ֒ וַנֹּ֗אמֶר תְּהִ֨י נָ֥א אָלָ֛ה בֵּינוֹתֵ֖ינוּ בֵּינֵ֣ינוּ וּבֵינֶ֑ךָ וְנִכְרְתָ֥ה בְרִ֖ית עִמָּֽךְ ׃,ויאמרו ראו ראינו כי היה יהוה עמכ ונאמר תהי נא אלה בינותינו בינינו ובינכ ונכרתה ברית עמכ,19,ואמרו מחזא חזינא ארי הוה מימרא דיי בסעדך ואמרנא תתקים כען מומתא דהוה בין אבהתנא ביננא ובינך ונגזר קים עמך:,20,"καὶ εἶπαν Ἰδόντες ἑωράκαμεν ὅτι ἦν Κύριος μετὰ σοῦ, καὶ εἴπαμεν Γενέσθω ἀρὰ ἀνὰ μέσον ἡμῶν καὶ ἀνὰ μέσον σοῦ, καὶ διαθησόμεθα μετὰ σοῦ διαθήκην",25,ܘܐܡܪܘ ܠܗ . ܡܚܙܐ ܚܙܝܢ ܕܗܘܐ ܡܪܝܐ ܥܡܟ. ܘܐܡܪܢ ܕܬܗܘܐ ܡܘ̈ܡܬܐ ܒܝܢ̈ܝܢ ܘܠܟ. ܘܢܩܝܡ ܩܝܡܐ ܥܡܟ.,16,"Responderam eles: Temos visto claramente que o Senhor é contigo, pelo que dissemos: Haja agora juramento entre nós, entre nós e ti; e façamos um pacto contigo,",27,True,True,True
26,29,Gênesis 26:29,אִם־ תַּעֲשֵׂ֨ה עִמָּ֜נוּ רָעָ֗ה כַּאֲשֶׁר֙ לֹ֣א נְגַֽעֲנ֔וּךָ וְכַאֲשֶׁ֨ר עָשִׂ֤ינוּ עִמְּךָ֙ רַק־ ט֔וֹב וַנְּשַׁלֵּֽחֲךָ֖ בְּשָׁל֑וֹם אַתָּ֥ה עַתָּ֖ה בְּר֥וּךְ יְהוָֽה ׃,אמ תעשה עמנו רעה כאשר לא נגענוכ וכאשר עשינו עמכ רק טוב ונשלחכ בשלומ אתה עתה ברוכ יהוה,19,אם תעבד עמנא בישא כמא די לא אנזיקנך וכמא די עבדנא עמך לחוד טב ונשלחנך בשלם את כען בריכא דיי:,20,"μὴ ποιήσειν μεθ᾽ ἡμῶν κακόν, καθότι ἡμεῖς σε οὐκ ἐβδελυξάμεθα, καὶ ὃν τρόπον ἐχρήμεθά σοι καλῶς καὶ ἐξαπεστείλαμέν σε μετ᾽ εἰρήνης· καὶ νῦν σὺ εὐλογητὸς ὑπὸ Κυρίου.",27,ܕܠܐ ܬܥܒܕ ܠܢ ܒܝܫܬܐ. ܐܝܟܢܐ ܕܠܐ ܐܗܪܢܟ. ܘܐܝܟܢܐ ܕܥܒܕܢ ܠܘܬܟ ܫܦܝܪܬܐ ܘܫܕܪܢܟ ܒܫܠܡܐ. ܐܢܬ ܗ̣ܘ ܗܫܐ ܒܪܝܟܗ ܕܡܪܝܐ.,18,"que não nos farás mal, assim como nós não te havemos tocado, e te fizemos somente o bem, e te deixamos ir em paz. Agora tu és o bendito do Senhor.",31,True,True,True
26,30,Gênesis 26:30,וַיַּ֤עַשׂ לָהֶם֙ מִשְׁתֶּ֔ה וַיֹּאכְל֖וּ וַיִּשְׁתּֽוּ ׃,ויעש להמ משתה ויאכלו וישתו,6,ועבד להון משתיא ואכלו ושתיאו:,5,"καὶ ἐποίησεν αὐτοῖς δοχήν, καὶ ἔφαγον καὶ ἔπιον.",8,ܘܥܒ̣ܕ ܠܗܘܢ ܡܫܬܝܐ. ܘܠܥܣܘ ܘܐܫܬܝܘ.,5,"Então Isaque lhes deu um banquete, e comeram e beberam.",10,True,True,True
26,31,Gênesis 26:31,וַיַּשְׁכִּ֣ימוּ בַבֹּ֔קֶר וַיִּשָּׁבְע֖וּ אִ֣ישׁ לְאָחִ֑יו וַיְשַׁלְּחֵ֣ם יִצְחָ֔ק וַיֵּלְכ֥וּ מֵאִתּ֖וֹ בְּשָׁלֽוֹם ׃,וישכימו בבקר וישבעו איש לאחיו וישלחמ יצחק וילכו מאתו בשלומ,11,ואקדימו בצפרא וקיימו גבר לאחוהי ושלחנון יצחק ואזלו מלותיה בשלם:,10,"καὶ ἀναστάντες τὸ πρωὶ ὤμοσαν ἄνθρωπος τῷ πλησίον αὐτοῦ· καὶ ἐξαπέστειλεν αὐτοὺς Ἰσαάκ, καὶ ἀπῴχοντο ἀπ᾽ αὐτοῦ μετὰ σωτηρίας.",19,ܘܩ̇ܕܡܘ ܒܨܦܪܐ ܘܝܡܘ ܓܒܪ ܠܐܚܘܗܝ . ܘܫܕܪ ܐܢܘܢ ܐܝܣܚܩ. ܘܐܙܠܘ ܡܢ ܠܘܬܗ ܒܫܠܡܐ.,13,"E levantaram-se de manhã cedo e juraram de parte a parte; depois Isaque os despediu, e eles se despediram dele em paz.",22,True,True,True
26,32,Gênesis 26:32,וַיְהִ֣י ׀ בַּיּ֣וֹם הַה֗וּא וַיָּבֹ֨אוּ֙ עַבְדֵ֣י יִצְחָ֔ק וַיַּגִּ֣דוּ ל֔וֹ עַל־ אֹד֥וֹת הַבְּאֵ֖ר אֲשֶׁ֣ר חָפָ֑רוּ וַיֹּ֥אמְרוּ ל֖וֹ מָצָ֥אנוּ מָֽיִם ׃,ויהי ביומ ההוא ויבאו עבדי יצחק ויגדו לו על אדות הבאר אשר חפרו ויאמרו לו מצאנו מימ,19,והוה ביומא ההוא ואתו עבדי יצחק וחויאו ליה על עיסק בירא די חפרו ואמרו ליה אשכחנא מיא:,17,"ἐγένετο δὲ ἐν τῇ ἡμέρᾳ ἐκείνῃ καὶ παραγενόμενοι οἱ παῖδες Ἰσαὰκ ἀπήγγειλαν αὐτῷ περὶ τοῦ φρέατος οὗ ὤρυξαν, καὶ εἶπαν Οὐχ εὕρομεν ὕδωρ.",23,ܘܗܘ̣ܐ ܒܝܘܡܐ ܗ̇ܘ ܘܐܬܘ ܥܒ̣̈ܕܘܗܝ ܕܐܝܣܚܩ. ܘܚܘܝܘܗܝ ܥܠ ܨܒܘܬܐ ܕܒܪܐ ܕܚܦܪܘ. ܘܐܡܪܘ ܠܗ ܐܫܟܚܢ ܡ̈ܝܐ.,15,"Nesse mesmo dia vieram os servos de Isaque e deram-lhe notícias acerca do poço que haviam cavado, dizendo-lhe: Temos achado água.",21,True,True,True
26,33,Gênesis 26:33,וַיִּקְרָ֥א אֹתָ֖הּ שִׁבְעָ֑ה עַל־ כֵּ֤ן שֵׁם־ הָעִיר֙ בְּאֵ֣ר שֶׁ֔בַע עַ֖ד הַיּ֥וֹם הַזֶּֽה ׃ ס,ויקרא אתה שבעה על כנ שמ העיר באר שבע עד היומ הזה ס,14,וקרא יתה שבעה על כן שמא דקרתא בארא דשבע עד יומא הדין:,12,"καὶ ἐκάλεσεν τὸ ὄνομα αὐτοῦ Ὅρκος· διὰ τοῦτο ἐκάλεσεν τὸ ὄνομα τῇ πόλει φρέαρ ὅρκου, ἕως τῆς σήμερον ἡμέρας.",19,ܘܩ̣ܪܐ ܫܡܗ̇ ܣܒܥܐ. ܡܛܠ ܗܢܐ ܩ̣ܪܐ ܫܡܗ̇ ܕܩܪܝܬܐ ܒܪܣܒܥ. ܥܕܡܐ ܠܝܘܡܢܐ.,11,E ele chamou o poço Seba; por isso é o nome da cidade Beer-Seba até o dia de hoje.,19,True,True,True
26,34,Gênesis 26:34,וַיְהִ֤י עֵשָׂו֙ בֶּן־ אַרְבָּעִ֣ים שָׁנָ֔ה וַיִּקַּ֤ח אִשָּׁה֙ אֶת־ יְהוּדִ֔ית בַּת־ בְּאֵרִ֖י הַֽחִתִּ֑י וְאֶת־ בָּ֣שְׂמַ֔ת בַּת־ אֵילֹ֖ן הַֽחִתִּֽי ׃,ויהי עשו בנ ארבעימ שנה ויקח אשה את יהודית בת בארי החתי ואת בשמת בת אילנ החתי,18,והוה עשו בר ארבעין שנין ונסיב אתתא ית יהודית בת בארי חתאה וית בשמת בת אילון חתאה:,17,"Ἦν δὲ Ἠσαὺ ἐτῶν τεσσεράκοντα καὶ ἔλαβεν γυναῖκα Ἰουδίν, θυγατέρα Βεὴρ τοῦ Χετταίου, καὶ τὴν Μασεμμάθ, θυγατέρα Αἰλὼμ τοῦ Εὑαίου·",20,ܘܗܘ̣ܐ ܥܣܘ ܒܪ ܐܪ̈ܒܥܝܢ ܫ̈ܢܝܢ. ܘܢܣ̣ܒ ܐܢܬܬܐ ܠܝܗܘܕܝܬ ܒܪܬ ܒܪܝ ܚܬܝܐ. ܘܠܒܣܡܬ ܒܪܬ ܐܠܘܢ ܚܘܝܐ.,15,"Ora, quando Esaú tinha quarenta anos, tomou por mulher a Judite, filha de Beeri, o heteu e a Basemate, filha de Elom, o heteu.",24,True,True,True
26,35,Gênesis 26:35,וַתִּהְיֶ֖יןָ מֹ֣רַת ר֑וּחַ לְיִצְחָ֖ק וּלְרִבְקָֽה ׃ ס,ותהיינ מרת רוח ליצחק ולרבקה ס,7,והואה מסרבן ומרגזן על מימר יצחק ורבקה:,7,καὶ ἦσαν ἐρίζουσαι τῷ Ἰσαὰκ καὶ τῇ Ῥεβέκκᾳ.,8,ܘܗ̈ܘܝ ܡܡܪ̈ܢ ܠܪܘܚܗ ܕܐܝܣܚܩ ܘܕܪܦܩܐ.,5,E estas foram para Isaque e Rebeca uma amargura de espírito.,11,True,True,True
27,1,Gênesis 27:1,וַיְהִי֙ כִּֽי־ זָקֵ֣ן יִצְחָ֔ק וַתִּכְהֶ֥יןָ עֵינָ֖יו מֵרְאֹ֑ת וַיִּקְרָ֞א אֶת־ עֵשָׂ֣ו ׀ בְּנ֣וֹ הַגָּדֹ֗ל וַיֹּ֤אמֶר אֵלָיו֙ בְּנִ֔י וַיֹּ֥אמֶר אֵלָ֖יו הִנֵּֽנִי ׃,ויהי כי זקנ יצחק ותכהינ עיניו מראת ויקרא את עשו בנו הגדל ויאמר אליו בני ויאמר אליו הנני,20,והוה כד סיב יצחק וכהיא עינוהי מלמחזי וקרא ית עשו בריה רבא ואמר ליה ברי ואמר ליה הא אנא:,19,"Ἐγένετο δὲ μετὰ τὸ γηρᾶσαι Ἰσαὰκ καὶ ἠμβλύνθησαν οἱ ὀφθαλμοὶ αὐτοῦ τοῦ ὁρᾷν, καὶ ἐκάλεσεν Ἠσαὺ τὸν υἱὸν αὐτοῦ τὸν πρεσβύτερον καὶ εἶπεν αὐτῷ Υἱέ μου. καὶ εἶπεν αὐτῷ Ἰδοὺ ἐγώ.",31,ܘܗܘ̣ܐ ܕܟܕ ܣܐܒ ܐܝܣܚܩ ܘܝܩ̣ܪ ܥܝܢ̈ܘܗܝ ܠܡܚܙܐ. ܩ̣ܪܐ ܠܥܣܘ ܒܪܗ ܪܒܐ ܘܐܡ̣ܪ ܠܗ ܒܪܝ. ܘܐܡ̣ܪ ܗܐ ܐܢܐ.,17,"Quando Isaque já estava velho, e se lhe enfraqueciam os olhos, de maneira que não podia ver, chamou a Esaú, seu filho mais velho, e disse-lhe: Meu filho! Ele lhe respondeu: Eis-me aqui!",33,True,True,True
27,2,Gênesis 27:2,וַיֹּ֕אמֶר הִנֵּה־ נָ֖א זָקַ֑נְתִּי לֹ֥א יָדַ֖עְתִּי י֥וֹם מוֹתִֽי ׃,ויאמר הנה נא זקנתי לא ידעתי יומ מותי,9,ואמר הא כען סיבית לית אנא ידע יומא דאימות:,9,"καὶ εἶπεν Ἰδοὺ γεγήρακα, καὶ οὐ γινώσκω τὴν ἡμέραν τῆς τελευτῆς μου·",12,ܘܐܡ̣ܪ ܠܗ ܐܝܣܚܩ . ܗܐ ܐܢܐ ܣܐ̇ܒܬ. ܘܠܐ ܝܕܥ̇ ܐܢܐ ܝܘܡܐ ܕܡܐܬ ܐܢܐ ܒܗ.,14,"Disse-lhe o pai: Eis que agora estou velho, e não sei o dia da minha morte;",16,True,True,True
27,3,Gênesis 27:3,וְעַתָּה֙ שָׂא־ נָ֣א כֵלֶ֔יךָ תֶּלְיְךָ֖ וְקַשְׁתֶּ֑ךָ וְצֵא֙ הַשָּׂדֶ֔ה וְצ֥וּדָה לִּ֖י צידה ׃,ועתה שא נא כליכ תליכ וקשתכ וצא השדה וצודה לי צידה,12,וכען סב כען זינך סיפך וקשתך ופוק לחקלא וצוד לי צידא:,11,"νῦν οὖν λάβε τὸ σκεῦος, τήν τε φαρέτραν καὶ τὸ τόξον, καὶ ἔξελθε εἰς τὸ πεδίον καὶ θήρευσόν μοι θήραν·",20,ܗܫܐ ܣܒ ܡܐ̈ܢܝܟ ܣܝܦܟ ܘܩܫܬܟ. ܘܦܘܩ ܠܕܒܪܐ. ܘܨܘܕ ܨܝܕܐ.,9,"toma, pois, as tuas armas, a tua aljava e o teu arco; e sai ao campo, e apanha para mim alguma caça;",22,True,True,True
27,4,Gênesis 27:4,וַעֲשֵׂה־ לִ֨י מַטְעַמִּ֜ים כַּאֲשֶׁ֥ר אָהַ֛בְתִּי וְהָבִ֥יאָה לִּ֖י וְאֹכֵ֑לָה בַּעֲב֛וּר תְּבָרֶכְךָ֥ נַפְשִׁ֖י בְּטֶ֥רֶם אָמֽוּת ׃,ועשה לי מטעמימ כאשר אהבתי והביאה לי ואכלה בעבור תברככ נפשי בטרמ אמות,14,ועביד לי תבשילין כמא דרחימית ואעל לי ואיכול בדיל די תברכנך נפשי עד לא אימות:,15,"καὶ ποίησόν μοι ἐδέσματα ὡς φιλῶ ἐγώ, καὶ ἔνεγκόν μοι ἵνα φάγω· ὅπως εὐλογήσῃ σε ἡ ψυχή μου πρὸ τοῦ ἀποθανεῖν με.",22,ܘܥܒ̣ܕ ܒܘܫܠܐ ܐܝܟ ܕܪܚ̇ܡܬ. ܘܐܝܬܐ ܠܝ ܐܟܘܠ. ܡܛܠ ܕܬܒܪܟܟ ܢܦܫܝ ܥܕܠܐ ܐܡܘܬ.,12,"e faze-me um guisado saboroso, como eu gosto, e traze-mo, para que eu coma; a fim de que a minha alma te abençoe, antes que morra.",26,True,True,True
27,5,Gênesis 27:5,וְרִבְקָ֣ה שֹׁמַ֔עַת בְּדַבֵּ֣ר יִצְחָ֔ק אֶל־ עֵשָׂ֖ו בְּנ֑וֹ וַיֵּ֤לֶךְ עֵשָׂו֙ הַשָּׂדֶ֔ה לָצ֥וּד צַ֖יִד לְהָבִֽיא ׃,ורבקה שמעת בדבר יצחק אל עשו בנו וילכ עשו השדה לצוד ציד להביא,14,ורבקה שמעת כד מליל יצחק לות עשו בריה ואזל עשו לחקלא למיצד צידא לאיתאה:,14,Ῥεβέκκα δὲ ἤκουσεν λαλοῦντος Ἰσαὰκ πρὸς Ἠσαὺ τὸν υἱὸν αὐτοῦ· ἐπορεύθη δὲ Ἠσαὺ εἰς τὸ πεδίον θηρεῦσαι θήραν τῷ πατρὶ αὐτοῦ,21,ܘܪܦܩܐ ܫܡܥ̣ܬ ܟܕ ܐܡ̣ܪ ܐܝܣܚܩ ܠܥܣܘ ܒܪܗ. ܘܐܙ̣ܠ ܥܣܘ ܠܚܩܠܐ ܠܡܨܕ ܨܝܕܐ ܠܡܝܬܝܘ.,13,"Ora, Rebeca estava escutando quando Isaque falou a Esaú, seu filho. Saiu, pois, Esaú ao campo para apanhar caça e trazê-la.",21,True,True,True
27,6,Gênesis 27:6,וְרִבְקָה֙ אָֽמְרָ֔ה אֶל־ יַעֲקֹ֥ב בְּנָ֖הּ לֵאמֹ֑ר הִנֵּ֤ה שָׁמַ֨עְתִּי֙ אֶת־ אָבִ֔יךָ מְדַבֵּ֛ר אֶל־ עֵשָׂ֥ו אָחִ֖יךָ לֵאמֹֽר ׃,ורבקה אמרה אל יעקב בנה לאמר הנה שמעתי את אביכ מדבר אל עשו אחיכ לאמר,16,ורבקה אמרת לות יעקב ברה למימר הא שמעית מן אבוך ממלל עם עשו אחוך למימר:,15,Ῥεβέκκα δὲ εἶπεν πρὸς Ἰακὼβ τὸν υἱὸν αὐτῆς τὸν ἐλάσσω Ἴδε ἐγὼ ἤκουσα τοῦ πατρός σου λαλοῦντος πρὸς Ἠσαὺ τὸν ἀδελφόν σου λέγοντος,23,ܘܪܦܩܐ ܐܡ̣ܪܬ ܠܝܥܩܘܒ ܒܪܗ̇. ܗܐ ܫܡ̇ܥܬ ܠܐܒܘܟ ܕܐܡ̣ܪ ܠܥܣܘ ܐܚܘܟ.,10,"Disse então Rebeca a Jacó, seu filho: Eis que ouvi teu pai falar com Esaú, teu irmão, dizendo:",18,True,True,True
27,7,Gênesis 27:7,הָבִ֨יאָה לִּ֥י צַ֛יִד וַעֲשֵׂה־ לִ֥י מַטְעַמִּ֖ים וְאֹכֵ֑לָה וַאֲבָרֶכְכָ֛ה לִפְנֵ֥י יְהוָ֖ה לִפְנֵ֥י מוֹתִֽי ׃,הביאה לי ציד ועשה לי מטעמימ ואכלה ואברככה לפני יהוה לפני מותי,13,אתי לי צידא ועביד לי תבשילין ואיכול ואברכנך קדם יי קדם מותי:,12,"Ἔνεγκόν μοι θήραν καὶ ποίησόν μοι ἐδέσματα, ἵνα φαγὼν εὐλογήσω σε ἐναντίον Κυρίου ⸆ πρὸ τοῦ ἀποθανεῖν με.",18,ܐܝܬܐ ܠܝ ܨܝܕܐ ܘܥܒ̣ܕ ܠܝ ܒܘܫܠܐ. ܘܐܟܘܠ ܘܐܒܪܟܟ ܩܕܡ ܡܪܝܐ ܩܕܡ ܡܘܬܝ.,12,"Traze-me caça, e faze-me um guisado saboroso, para que eu coma, e te abençoe diante do Senhor, antes da minha morte.",21,True,True,True
27,8,Gênesis 27:8,וְעַתָּ֥ה בְנִ֖י שְׁמַ֣ע בְּקֹלִ֑י לַאֲשֶׁ֥ר אֲנִ֖י מְצַוָּ֥ה אֹתָֽךְ ׃,ועתה בני שמע בקלי לאשר אני מצוה אתכ,9,וכען ברי קבל מני למא די אנא מפקד יתך:,9,"νῦν οὖν, υἱέ, ἄκουσόν μου καθὰ ἐγὼ ἐντέλλομαί σοι·",9,ܗܫܐ ܒܪܝ ܫܡ̣ܥ ܒܩܠܝ ܠܡܕܡ ܕܡܦܩܕܐ ܐܢܐ ܠܟ.,8,"Agora, pois, filho meu, ouve a minha voz naquilo que eu te ordeno:",13,True,True,True
27,9,Gênesis 27:9,לֶךְ־ נָא֙ אֶל־ הַצֹּ֔אן וְקַֽח־ לִ֣י מִשָּׁ֗ם שְׁנֵ֛י גְּדָיֵ֥י עִזִּ֖ים טֹבִ֑ים וְאֶֽעֱשֶׂ֨ה אֹתָ֧ם מַטְעַמִּ֛ים לְאָבִ֖יךָ כַּאֲשֶׁ֥ר אָהֵֽב ׃,לכ נא אל הצאנ וקח לי משמ שני גדיי עזימ טבימ ואעשה אתמ מטעמימ לאביכ כאשר אהב,18,אזיל כען לות ענא וסב לי מתמן תרין גדיי עזין טבן ואעבד יתהון תבשילין לאבוך כמא די רחם:,18,"καὶ πορευθεὶς εἰς τὰ πρόβατα λάβε μοι ἐκεῖθεν δύο ἐρίφους ἁπαλοὺς καὶ καλούς, καὶ ποιήσω αὐτοὺς ἐδέσματα τῷ πατρί σου ὡς φιλεῖ·",22,ܙܠ ܠܥܢܐ ܘܣܒ ܠܝ ܡܢ ܬܡܢ ܬܪ̈ܝܢ ܓܕ̈ܝܐ ܕܥܙ̈ܐ ܕܛܒܝ̈ܢ. ܘܐܥܒܕ ܐܢܘܢ ܒܘܫܠܐ ܠܐܒܘܟ ܐܝܟ ܕܪܚ̇ܡ.,16,"Vai ao rebanho, e traze-me de lá das cabras dois bons cabritos; e eu farei um guisado saboroso para teu pai, como ele gosta;",24,True,True,True
27,10,Gênesis 27:10,וְהֵבֵאתָ֥ לְאָבִ֖יךָ וְאָכָ֑ל בַּעֲבֻ֛ר אֲשֶׁ֥ר יְבָרֶכְךָ֖ לִפְנֵ֥י מוֹתֽוֹ ׃,והבאת לאביכ ואכל בעבר אשר יברככ לפני מותו,9,ותיתי לאבוך ויכול בדיל דיברכנך קדם מותיה:,7,"καὶ εἰσοίσεις τῷ πατρί σου καὶ φάγεται, ὅπως εὐλογήσῃ σε ὁ πατήρ σου πρὸ τοῦ ἀποθανεῖν αὐτόν.",17,ܘܐܥܠ ܠܐܒܘܟ ܘܢܐܟܘܠ. ܘܢܒܪܟܟ ܩܕܡ ܡܪܝܐ ܡܢ ܩܕܡ ܡܘܬܗ.,9,"e levá-lo-ás a teu pai, para que o coma, a fim de te abençoar antes da sua morte.",18,True,True,True
27,11,Gênesis 27:11,וַיֹּ֣אמֶר יַעֲקֹ֔ב אֶל־ רִבְקָ֖ה אִמּ֑וֹ הֵ֣ן עֵשָׂ֤ו אָחִי֙ אִ֣ישׁ שָׂעִ֔ר וְאָנֹכִ֖י אִ֥ישׁ חָלָֽק ׃,ויאמר יעקב אל רבקה אמו הנ עשו אחי איש שער ואנכי איש חלק,14,ואמר יעקב לרבקה אמיה הא עשו אחי גבר שערן ואנא גבר שעיע:,12,"εἶπεν δὲ Ἰακὼβ πρὸς Ῥεβέκκαν τὴν μητέρα αὐτοῦ Ἔστιν Ἠσαὺ ὁ ἀδελφός μου ἀνὴρ δασύς, ἐγὼ δὲ ἀνὴρ λεῖος·",19,ܘܐܡ̣ܪ ܝܥܩܘܒ ܠܪܦܩܐ ܐܡܗ. ܗܐ ܥܣܘ ܐܚܝ ܓܒܪ ܣܥܪ. ܘܐܢܐ ܓܒܪ ܫܥܥ.,12,"Respondeu, porém, Jacó a Rebeca, sua mãe: Eis que Esaú, meu irmão, é peludo, e eu sou liso.",18,True,True,True
27,12,Gênesis 27:12,אוּלַ֤י יְמֻשֵּׁ֨נִי֙ אָבִ֔י וְהָיִ֥יתִי בְעֵינָ֖יו כִּמְתַעְתֵּ֑עַ וְהֵבֵאתִ֥י עָלַ֛י קְלָלָ֖ה וְלֹ֥א בְרָכָֽה ׃,אולי ימשני אבי והייתי בעיניו כמתעתע והבאתי עלי קללה ולא ברכה,12,מאים ימשנני אבא ואהי בעינוהי כמתלעב ואהי מיתי עלי לוטין ולא ברכן:,12,"μή ποτε ψηλαφήσῃ με ὁ πατήρ μου, καὶ ἔσομαι ἐναντίον αὐτοῦ ὡς καταφρονῶν, καὶ ἐπάξω ἐπ᾽ ἐμαυτὸν κατάραν καὶ οὐκ εὐλογίαν.",21,ܕܠܡܐ ܢܡܘܫܢܝ ܐܒܝ ܘܐܗܘܐ ܒܥܝܢ̈ܘܗܝ ܐܝܟ ܡܒܙܚܢܐ. ܘܬܝܬܝܢ ܥܠܝ ܠܘ̈ܛܬܐ ܘܠܐ ܒܘܪ̈ܟܬܐ.,12,"Porventura meu pai me apalpará e serei a seus olhos como enganador; assim trarei sobre mim uma maldição, e não uma bênção.",22,True,True,True
27,13,Gênesis 27:13,וַתֹּ֤אמֶר לוֹ֙ אִמּ֔וֹ עָלַ֥י קִלְלָתְךָ֖ בְּנִ֑י אַ֛ךְ שְׁמַ֥ע בְּקֹלִ֖י וְלֵ֥ךְ קַֽח־ לִֽי ׃,ותאמר לו אמו עלי קללתכ בני אכ שמע בקלי ולכ קח לי,13,ואמרת ליה אמיה עלי אתאמר בנבואה דלא ייתון לוטיא עלך ברי ברם קבל מני ואזיל סב לי:,17,"εἶπεν δὲ αὐτῷ ἡ μήτηρ Ἐπ᾽ ἐμὲ ἡ κατάρα σου, τέκνον· μόνον ὑπάκουσον τῆς φωνῆς μου, καὶ πορευθεὶς ἔνεγκαί μοι.",20,ܘܐܡ̣ܪܬ ܠܗ ܐܡܗ. ܥܠܝ ܠܘ̈ܛܬܟ ܒܪܝ. ܒܠܚܘܕ ܫܡܥ ܒܩܠܝ ܘܙܠ ܣܒ ܠܝ.,12,"Respondeu-lhe sua mãe: Meu filho, sobre mim caia essa maldição; somente obedece à minha voz, e vai trazer-mos.",18,True,True,True
27,14,Gênesis 27:14,וַיֵּ֨לֶךְ֙ וַיִּקַּ֔ח וַיָּבֵ֖א לְאִמּ֑וֹ וַתַּ֤עַשׂ אִמּוֹ֙ מַטְעַמִּ֔ים כַּאֲשֶׁ֖ר אָהֵ֥ב אָבִֽיו ׃,וילכ ויקח ויבא לאמו ותעש אמו מטעמימ כאשר אהב אביו,11,ואזל ונסיב ואיתי לאמיה ועבדת אמיה תבשילין כמא דרחם אבוהי:,10,"πορευθεὶς δὲ ἔλαβεν καὶ ἤνεγκεν τῇ μητρί, καὶ ἐποίησεν ἡ μήτηρ αὐτοῦ ἐδέσματα καθὰ ἐφίλει ὁ πατὴρ αὐτοῦ.",18,ܘܐܙܠ ܢܣ̣ܒ ܘܐܝܬܝ ܠܐܡܗ. ܘܥܒ̣ܕܬ ܐܡܗ ܒܘܫܠܐ ܐܝܟܢܐ ܕܪܚ̇ܡ ܐܒܘܗܝ.,10,"Então ele foi, tomou-os e os trouxe a sua mãe, que fez um guisado saboroso como seu pai gostava.",19,True,True,True
27,15,Gênesis 27:15,וַתִּקַּ֣ח רִ֠בְקָה אֶת־ בִּגְדֵ֨י עֵשָׂ֜ו בְּנָ֤הּ הַגָּדֹל֙ הַחֲמֻדֹ֔ת אֲשֶׁ֥ר אִתָּ֖הּ בַּבָּ֑יִת וַתַּלְבֵּ֥שׁ אֶֽת־ יַעֲקֹ֖ב בְּנָ֥הּ הַקָּטָֽן ׃,ותקח רבקה את בגדי עשו בנה הגדל החמדת אשר אתה בבית ותלבש את יעקב בנה הקטנ,17,ונסיבת רבקה ית לבושי עשו ברה רבא דכיתא די עמה בביתא ואלבישת ית יעקב ברה זעירא:,16,"καὶ λαβοῦσα Ῥεβέκκα τὴν στολὴν Ἠσαὺ τοῦ υἱοῦ αὐτῆς τοῦ πρεσβυτέρου τὴν καλήν, ἣ ἦν παρ᾽ αὐτῇ ἐν τῷ οἴκῳ, καὶ ἐνέδυσεν Ἰακὼβ τὸν υἱὸν αὐτῆς τὸν νεώτερον·",28,ܘܢܣ̣ܒܬ ܪܦܩܐ ܡܐ̈ܢܐ ܕܥܣܘ ܒܪܗ̇ ܪܒܐ . ܐܪ̈ܓܝܓܐ ܕܐܝܬ ܥܡܗ̇ ܒܒܝܬܐ. ܘܐܠܒ̣ܫܬ ܠܝܥܩܘܒ ܒܪܗ̇ ܙܥܘܪܐ.,15,"Depois Rebeca tomou as melhores vestes de Esaú, seu filho mais velho, que tinha consigo em casa, e vestiu a Jacó, seu filho mais moço;",25,True,True,True
27,16,Gênesis 27:16,וְאֵ֗ת עֹרֹת֙ גְּדָיֵ֣י הָֽעִזִּ֔ים הִלְבִּ֖ישָׁה עַל־ יָדָ֑יו וְעַ֖ל חֶלְקַ֥ת צַוָּארָֽיו ׃,ואת ערת גדיי העזימ הלבישה על ידיו ועל חלקת צואריו,11,וית משכי גדיי בר עזי אלבישת על ידוהי ועל שעיעות צוריה:,11,καὶ τὰ δέρματα τῶν ἐρίφων περιέθηκεν ἐπὶ τοὺς βραχίονας αὐτοῦ καὶ ἐπὶ τὰ γυμνὰ τοῦ τραχήλου αὐτοῦ·,17,ܘܡܫ̈ܟܐ ܕܓ̈ܕܝܐ ܕܥܙ̈ܐ. ܐܠܒ̣ܫܬ ܥܠ ܐ̈ܝܕܘܗܝ ܘܥܠ ܫܥܥܘܬܐ ܕܨܘܪܗ.,9,com as peles dos cabritos cobriu-lhe as mãos e a lisura do pescoço;,13,True,True,True
27,17,Gênesis 27:17,וַתִּתֵּ֧ן אֶת־ הַמַּטְעַמִּ֛ים וְאֶת־ הַלֶּ֖חֶם אֲשֶׁ֣ר עָשָׂ֑תָה בְּיַ֖ד יַעֲקֹ֥ב בְּנָֽהּ ׃,ותתנ את המטעמימ ואת הלחמ אשר עשתה ביד יעקב בנה,11,ויהבת ית תבשיליא וית לחמא די עבדת בידא דיעקב ברה:,10,καὶ ἔδωκεν τὰ ἐδέσματα καὶ τοὺς ἄρτους οὓς ἐποίησεν εἰς τὰς χεῖρας Ἰακὼβ τοῦ υἱοῦ αὐτῆς.,16,ܘܝܗ̣ܒܬ ܒܘܫܠܐ ܘܠܚܡܐ. ܕܥܒ̣ܕܬ ܠܝܥܩܘܒ ܒܪܗ̇.,6,"e pôs o guisado saboroso e o pão que tinha preparado, na mão de Jacó, seu filho.",17,True,True,True
27,18,Gênesis 27:18,וַיָּבֹ֥א אֶל־ אָבִ֖יו וַיֹּ֣אמֶר אָבִ֑י וַיֹּ֣אמֶר הִנֶּ֔נִּי מִ֥י אַתָּ֖ה בְּנִֽי ׃,ויבא אל אביו ויאמר אבי ויאמר הנני מי אתה בני,11,ועל לות אבוהי ואמר אבא ואמר הא אנא מן את ברי:,11,"καὶ εἰσήνεγκεν τῷ πατρὶ αὐτοῦ· εἶπεν δέ Πάτερ μου· ὁ δὲ εἶπεν Ἰδοὺ ἐγώ· τίς εἶ σύ, τέκνον;",18,ܘܐܥܠ ܠܐܒܘܗܝ ܘܐܡ̣ܪ ܐܒܝ. ܘܐܡ̣ܪ. ܗܐ ܐܢܐ. ܘܐܡ̣ܪ. ܡ̇ܢ ܐܢܬ ܒܪܝ.,11,"E veio Jacó a seu pai, e chamou: Meu pai! E ele disse: Eis-me aqui; quem és tu, meu filho?",20,True,True,True
27,19,Gênesis 27:19,וַיֹּ֨אמֶר יַעֲקֹ֜ב אֶל־ אָבִ֗יו אָנֹכִי֙ עֵשָׂ֣ו בְּכֹרֶ֔ךָ עָשִׂ֕יתִי כַּאֲשֶׁ֥ר דִּבַּ֖רְתָּ אֵלָ֑י קֽוּם־ נָ֣א שְׁבָ֗ה וְאָכְלָה֙ מִצֵּידִ֔י בַּעֲב֖וּר תְּבָרֲכַ֥נִּי נַפְשֶֽׁךָ ׃,ויאמר יעקב אל אביו אנכי עשו בכרכ עשיתי כאשר דברת אלי קומ נא שבה ואכלה מצידי בעבור תברכני נפשכ,20,ואמר יעקב לאבוהי אנא עשו בוכרך עבדית כמא די מלילתא עמי קום כען אסתחר ואכול מצידי בדיל די תברכנני נפשך:,20,"καὶ εἶπεν Ἰακὼβ ὁ υἱὸς αὐτοῦ τῷ πατρὶ αὐτοῦ Ἐγὼ Ἠσαὺ ὁ πρωτότοκός σου, ἐποίησα καθὰ ἐλάλησάς μοι· ἀναστὰς κάθισον καὶ φάγε τῆς θήρας μου, ὅπως εὐλογήσῃ με ἡ ψυχή σου.",31,ܘܐܡ̣ܪ ܝܥܩܘܒ ܠܐܒܘܗܝ. ܐܢܐ ܗ̣ܘ ܒܪܟ ܒܘܟܪܟ ܥܣܘ. ܥܒ̇ܕܬ ܐܝܟ ܕܐܡ̣ܪܬ ܠܝ. ܩܘܡ ܬܒ ܘܐܟܘܠ ܡܢ ܨܝܕܝ. ܡܛܠ ܕܬܒܪܟܢܝ ܢܦܫܟ.,20,"Respondeu Jacó a seu pai: Eu sou Esaú, teu primogênito; tenho feito como me disseste; levanta-te, pois, senta-te e come da minha caça, para que a tua alma me abençoe.",30,True,True,True
27,20,Gênesis 27:20,וַיֹּ֤אמֶר יִצְחָק֙ אֶל־ בְּנ֔וֹ מַה־ זֶּ֛ה מִהַ֥רְתָּ לִמְצֹ֖א בְּנִ֑י וַיֹּ֕אמֶר כִּ֥י הִקְרָ֛ה יְהוָ֥ה אֱלֹהֶ֖יךָ לְפָנָֽי ׃,ויאמר יצחק אל בנו מה זה מהרת למצא בני ויאמר כי הקרה יהוה אלהיכ לפני,16,ואמר יצחק לבריה מה דין אוחיתא לאשכחא ברי ואמר ארי זמין יי אלהך קדמי:,14,"εἶπεν δὲ Ἰσαὰκ τῷ υἱῷ αὐτοῦ Τί τοῦτο ὃ ταχὺ εὗρες, ὦ τέκνον; ὁ δὲ εἶπεν Ὃ παρέδωκεν Κύριος ὁ θεὸς ἐναντίον μου.",23,ܘܐܡ̣ܪ ܐܝܣܚܩ ܠܒܪܗ. ܡܢܘ ܗܢܐ ܕܒܥܓܠ ܐܫܟܚܬ ܒܪܝ. ܘܐܡ̣ܪ . ܡܕܡ ܕܛܝܒ ܡܪܝܐ ܐܠܗܟ ܩܕܡܝ.,15,"Perguntou Isaque a seu filho: Como é que tão depressa a achaste, filho meu? Respondeu ele: Porque o Senhor, teu Deus, a mandou ao meu encontro.",26,True,True,True
27,21,Gênesis 27:21,וַיֹּ֤אמֶר יִצְחָק֙ אֶֽל־ יַעֲקֹ֔ב גְּשָׁה־ נָּ֥א וַאֲמֻֽשְׁךָ֖ בְּנִ֑י הַֽאַתָּ֥ה זֶ֛ה בְּנִ֥י עֵשָׂ֖ו אִם־ לֹֽא ׃,ויאמר יצחק אל יעקב גשה נא ואמשכ בני האתה זה בני עשו אמ לא,15,ואמר יצחק ליעקב קריב כען ואמשנך ברי האת דין ברי עשו אם לא:,13,"εἶπεν δὲ Ἰσαὰκ τῷ Ἰακώβ Ἔγγισόν μοι καὶ ψηλαφήσω σε, τέκνον, εἰ σὺ εἶ ὁ υἱός μου Ἠσαὺ ἢ οὔ.",20,ܘܐܡ̣ܪ ܐܝܣܚܩ ܠܝܥܩܘܒ ܒܪܗ . ܩܪܘܒ ܢܐ ܐܡ̇ܘܫܟ ܒܪܝ. ܐܢ ܐܢܬ ܗ̣ܘ ܒܪܝ ܥܣܘ ܐܘ ܠܐ.,16,"Então disse Isaque a Jacó: Chega-te, pois, para que eu te apalpe e veja se és meu filho Esaú mesmo, ou não.",22,True,True,True
27,22,Gênesis 27:22,וַיִּגַּ֧שׁ יַעֲקֹ֛ב אֶל־ יִצְחָ֥ק אָבִ֖יו וַיְמֻשֵּׁ֑הוּ וַיֹּ֗אמֶר הַקֹּל֙ ק֣וֹל יַעֲקֹ֔ב וְהַיָּדַ֖יִם יְדֵ֥י עֵשָֽׂו ׃,ויגש יעקב אל יצחק אביו וימשהו ויאמר הקל קול יעקב והידימ ידי עשו,14,וקריב יעקב לות יצחק אבוהי ומשיה ואמר קלא קלא דיעקב וידיא ידוהי דעשו:,13,"ἤγγισεν δὲ Ἰακὼβ πρὸς Ἰσαὰκ τὸν πατέρα αὐτοῦ, καὶ ἐψηλάφησεν αὐτόν· καὶ εἶπεν Ἡ φωνὴ φωνὴ Ἰακώβ, αἱ δὲ χεῖρες χεῖρες Ἠσαύ.",22,ܘܩ̣ܪܒ ܝܥܩܘܒ ܠܘܬ ܐܝܣܚܩ ܐܒܘܗܝ ܘܡܫܗ. ܘܐܡ̣ܪ ܩܠܐ ܕܝܥܩܘܒ ܘܓܫ̣ܬ ܐ̈ܝܕܝܐ ܕܥܣܘ.,12,"chegou-se Jacó a Isaque, seu pai, que o apalpou, e disse: A voz é a voz de Jacó, porém as mãos são as mãos de Esaú.",26,True,True,True
27,23,Gênesis 27:23,וְלֹ֣א הִכִּיר֔וֹ כִּֽי־ הָי֣וּ יָדָ֗יו כִּידֵ֛י עֵשָׂ֥ו אָחִ֖יו שְׂעִרֹ֑ת וַֽיְבָרְכֵֽהוּ ׃,ולא הכירו כי היו ידיו כידי עשו אחיו שערת ויברכהו,11,ולא אשתמודעיה ארי הואה ידוהי כידי עשו אחוהי שעירן וברכיה:,10,καὶ οὐκ ἐπέγνω αὐτόν· ἦσαν γὰρ αἱ χεῖρες αὐτοῦ ὡς αἱ χεῖρες Ἠσαὺ τοῦ ἀδελφοῦ αὐτοῦ δασεῖαι· καὶ ηὐλόγησεν αὐτόν.,20,ܘܠܐ ܐܫܬܘܕܥܗ. ܡܛܠ ܕܗ̈ܘܝ ܐܝ̈ܕܘܗܝ ܐܝܟ ܐ̈ܝܕܝ ܥܣܘ ܐܚܘܗܝ ܣܥܪ̈ܢ ܘܒܪܟܗ.,11,"E não o reconheceu, porquanto as suas mãos estavam peludas, como as de Esaú seu irmão; e abençoou-o.",18,True,True,True
27,24,Gênesis 27:24,וַיֹּ֕אמֶר אַתָּ֥ה זֶ֖ה בְּנִ֣י עֵשָׂ֑ו וַיֹּ֖אמֶר אָֽנִי ׃,ויאמר אתה זה בני עשו ויאמר אני,8,ואמר את דין ברי עשו ואמר הא אנא:,8,καὶ εἶπεν Σὺ εἶ ὁ υἱός μου Ἠσαύ; ὁ δὲ εἶπεν Ἐγώ.,12,ܘܐܡ̣ܪ ܐܢܬ ܗ̣ܘ ܗܢܐ ܒܪܝ ܥܣܘ. ܘܐܡ̣ܪ ܐܢܐ ܗܘ.,9,No entanto perguntou: Tu és mesmo meu filho Esaú? E ele declarou: Eu o sou.,15,True,True,True
27,25,Gênesis 27:25,וַיֹּ֗אמֶר הַגִּ֤שָׁה לִּי֙ וְאֹֽכְלָה֙ מִצֵּ֣יד בְּנִ֔י לְמַ֥עַן תְּבָֽרֶכְךָ֖ נַפְשִׁ֑י וַיַּגֶּשׁ־ לוֹ֙ וַיֹּאכַ֔ל וַיָּ֧בֵא ל֦וֹ יַ֖יִן וַיֵּֽשְׁתְּ ׃,ויאמר הגשה לי ואכלה מציד בני למענ תברככ נפשי ויגש לו ויאכל ויבא לו יינ וישת,17,ואמר קריב קדמי ואיכול מצידא דברי בדיל די תברכנך נפשי וקריב ליה ואכל ואיתי ליה חמרא ושתי:,17,"καὶ εἶπεν Προσάγαγέ μοι καὶ φάγομαι ἀπὸ τῆς θήρας σου, τέκνον, ὅπως εὐλογήσῃ σε ἡ ψυχή μου. καὶ προσήνεγκεν αὐτῷ, καὶ ἔφαγεν· ⸂⸆⸃ καὶ εἰσήνεγκεν αὐτῷ οἶνον, καὶ ἔπιεν.",29,ܘܐܡ̣ܪ ܠܗ . ܩ̇ܪܒ ܠܝ ܐܟܘܠ ܡܢ ܨܝܕܐ ܕܒܪܝ. ܡܛܠ ܕܬܒܪܟܟ ܢܦܫܝ. ܘܩ̇ܪܒ ܠܗ ܘܠܥܣ. ܘܐܥܠ ܠܗ ܚܡܪܐ ܘܐܫܬܝ.,19,"Disse-lhe então seu pai: Traze-mo, e comerei da caça de meu filho, para que a minha alma te abençoe: E Jacó lho trouxe, e ele comeu; trouxe-lhe também vinho, e ele bebeu.",32,True,True,True
27,26,Gênesis 27:26,וַיֹּ֥אמֶר אֵלָ֖יו יִצְחָ֣ק אָבִ֑יו גְּשָׁה־ נָּ֥א וּשְׁקָה־ לִּ֖י בְּנִֽי ׃,ויאמר אליו יצחק אביו גשה נא ושקה לי בני,10,ואמר ליה יצחק אבוהי קריב כען ונשק לי ברי:,9,"καὶ εἶπεν αὐτῷ Ἰσαὰκ ὁ πατὴρ αὐτοῦ Ἔγγισόν μοι καὶ φίλησόν με, τέκνον.",13,ܘܐܡ̣ܪ ܠܗ ܐܝܣܚܩ ܐܒܘܗܝ. ܩܪܘܒ ܘܫܘܩܝܢܝ ܒܪܝ.,7,"Disse-lhe mais Isaque, seu pai: Aproxima-te agora, e beija-me, meu filho.",11,True,True,True
27,27,Gênesis 27:27,וַיִּגַּשׁ֙ וַיִּשַּׁק־ ל֔וֹ וַיָּ֛רַח אֶת־ רֵ֥יחַ בְּגָדָ֖יו וַֽיְבָרֲכֵ֑הוּ וַיֹּ֗אמֶר רְאֵה֙ רֵ֣יחַ בְּנִ֔י כְּרֵ֣יחַ שָׂדֶ֔ה אֲשֶׁ֥ר בֵּרֲכ֖וֹ יְהוָֽה ׃,ויגש וישק לו וירח את ריח בגדיו ויברכהו ויאמר ראה ריח בני כריח שדה אשר ברכו יהוה,18,וקרב ונשק ליה וארח ית ריחא דלבושוהי וברכיה ואמר הוו ריחא דברי כריחא דחקלא די ברכיה יי:,17,"καὶ ἐγγίσας ἐφίλησεν αὐτόν· καὶ ὠσφράνθη τὴν ὀσμὴν τῶν ἱματίων αὐτοῦ, καὶ ηὐλόγησεν αὐτὸν καὶ εἶπεν Ἰδοὺ ὀσμὴ τοῦ υἱοῦ μου ὡς ὀσμὴ ἀγροῦ πλήρους ὃν ηὐλόγησεν Κύριος.",28,ܘܩ̣ܪܒ ܘܢܫ̣ܩܗ. ܘܐܪܝܚ ܪܝܚܐ ܕܡܐ̈ܢܘܗܝ. ܘܒܪܟܗ ܘܐܡ̣ܪ. ܚܙܘ ܪܝܚܗ ܕܒܪܝ. ܐܝܟ ܪܝܚܐ ܕܚܩ̣ܠܐ ܕܒܪܟܗ̇ ܡܪܝܐ.,15,"E ele se aproximou e o beijou; e seu pai, sentindo-lhe o cheiro das vestes o abençoou, e disse: Eis que o cheiro de meu filho é como o cheiro de um campo que o Senhor abençoou.",37,True,True,True
27,28,Gênesis 27:28,וְיִֽתֶּן־ לְךָ֙ הָאֱלֹהִ֔ים מִטַּל֙ הַשָּׁמַ֔יִם וּמִשְׁמַנֵּ֖י הָאָ֑רֶץ וְרֹ֥ב דָּגָ֖ן וְתִירֹֽשׁ ׃,ויתנ לכ האלהימ מטל השמימ ומשמני הארצ ורב דגנ ותירש,11,ויתן לך יי מטלא דשמיא ומטובא דארעא וסגיאות עיבור וחמר:,10,"καὶ δῴη σοι ὁ θεὸς ἀπὸ τῆς δρόσου τοῦ οὐρανοῦ ἄνωθεν, καὶ ἀπὸ τῆς πιότητος τῆς γῆς, καὶ πλῆθος σίτου καὶ οἴνου.",22,ܢܬܠ ܠܟ ܐܠܗܐ ܡܢ ܛܠܐ ܕܫܡܝܐ ܘܡܢ ܫܘܡܢܗ̇ ܕܐܪܥܐ. ܘܣܘܓܐܐ ܕܥܒܘܪܐ ܘܕܚܡܪܐ.,12,"Que Deus te dê do orvalho do céu, e dos lugares férteis da terra, e abundância de trigo e de mosto;",21,True,True,True
27,29,Gênesis 27:29,יַֽעַבְד֣וּךָ עַמִּ֗ים וישתחו לְךָ֙ לְאֻמִּ֔ים הֱוֵ֤ה גְבִיר֙ לְאַחֶ֔יךָ וְיִשְׁתַּחֲוּ֥וּ לְךָ֖ בְּנֵ֣י אִמֶּ֑ךָ אֹרְרֶ֣יךָ אָר֔וּר וּֽמְבָרֲכֶ֖יךָ בָּרֽוּךְ ׃,יעבדוכ עמימ וישתחו לכ לאמימ הוה גביר לאחיכ וישתחוו לכ בני אמכ ארריכ ארור ומברכיכ ברוכ,17,יפלחנך עממין וישתעבדון לך מלכון הוי רב לאחיך ויסגדון לך בני אמך מלטטיך יהון ליטין ומברכיך יהון בריכין:,18,"καὶ δουλευσάτωσάν σοι ἔθνη, καὶ προσκυνήσουσίν σοι ἄρχοντες· καὶ γίνου κύριος τοῦ ἀδελφοῦ σου, καὶ προσκυνήσουσίν σε οἱ υἱοὶ τοῦ πατρός σου. ὁ καταρώμενός σε ἐπικατάρατος, ὁ δὲ εὐλογῶν σε εὐλογημένος.",31,ܢܦܠܚܘܢܟ ܥܡ̈ܡܐ ܘܢܣ̈ܓܕܢ ܠܟ ܐ̈ܡܘܬܐ. ܗܘܝ ܪܫܐ ܠܐ̈ܚܝܟ. ܘܢܣܓܕܘܢ ܠܟ ܒܢ̈ܝ ܐܡܟ. ܠܝܛܝ̈ܟ ܠܝ̈ܛܝܢ ܘܒܪ̈ܟܝܟ ܒܪ̈ܝܟܝܢ.,16,"sirvam-te povos, e nações se encurvem a ti; sê senhor de teus irmãos, e os filhos da tua mãe se encurvem a ti; sejam malditos os que te amaldiçoarem, e benditos sejam os que te abençoarem.",36,True,True,True
27,30,Gênesis 27:30,וַיְהִ֗י כַּאֲשֶׁ֨ר כִּלָּ֣ה יִצְחָק֮ לְבָרֵ֣ךְ אֶֽת־ יַעֲקֹב֒ וַיְהִ֗י אַ֣ךְ יָצֹ֤א יָצָא֙ יַעֲקֹ֔ב מֵאֵ֥ת פְּנֵ֖י יִצְחָ֣ק אָבִ֑יו וְעֵשָׂ֣ו אָחִ֔יו בָּ֖א מִצֵּידֽוֹ ׃,ויהי כאשר כלה יצחק לברכ את יעקב ויהי אכ יצא יצא יעקב מאת פני יצחק אביו ועשו אחיו בא מצידו,21,והוה כד שיצי יצחק לברכא ית יעקב והוה ברם מפק נפק יעקב מלות אפי יצחק אבוהי ועשו אחוהי אתא מצידיה:,20,"Καὶ ἐγένετο μετὰ τὸ παύσασθαι Ἰσαὰκ εὐλογοῦντα τὸν Ἰακὼβ τὸν υἱὸν αὐτοῦ, καὶ ἐγένετο ὡς ἐξῆλθεν Ἰακὼβ ἀπὸ προσώπου Ἰσαὰκ τοῦ πατρὸς αὐτοῦ, καὶ Ἠσαὺ ὁ ἀδελφὸς αὐτοῦ ἦλθεν ἀπὸ τῆς θήρας αὐτοῦ.",33,ܘܟܕ ܫ̇ܠܡ ܐܝܣܚܩ ܠܡܒܪܟܘܬܗ ܠܝܥܩܘܒ. ܘܢܦ̣ܩ ܝܥܩܘܒ ܡܢ ܠܘܬ ܐܝܣܚܩ ܐܒܘܗܝ. ܘܗܐ ܥܣܘ ܐܚܘܗܝ ܐܬܐ ܡܢ ܨܝܕܗ.,17,"Tão logo Isaque acabara de abençoar a Jacó, e este saíra da presença de seu pai, chegou da caça Esaú, seu irmão;",22,True,True,True
27,31,Gênesis 27:31,וַיַּ֤עַשׂ גַּם־ הוּא֙ מַטְעַמִּ֔ים וַיָּבֵ֖א לְאָבִ֑יו וַיֹּ֣אמֶר לְאָבִ֗יו יָקֻ֤ם אָבִי֙ וְיֹאכַל֙ מִצֵּ֣יד בְּנ֔וֹ בַּעֲב֖וּר תְּבָרֲכַ֥נִּי נַפְשֶֽׁךָ ׃,ויעש גמ הוא מטעמימ ויבא לאביו ויאמר לאביו יקמ אבי ויאכל מציד בנו בעבור תברכני נפשכ,17,ועבד אף הוא תבשילין ואעיל לות אבוהי ואמר לאבוהי יקום אבא ויכול מצידא דבריה בדיל די תברכנני נפשך:,18,"καὶ ἐποίησεν καὶ αὐτὸς ἐδέσματα καὶ προσήνεγκεν τῷ πατρὶ αὐτοῦ· καὶ εἶπεν τῷ πατρὶ αὐτοῦ Ἀναστήτω ὁ πατήρ μου καὶ φαγέτω τῆς θήρας τοῦ υἱοῦ αὐτοῦ, ὅπως εὐλογήσει με ἡ ψυχή σου.",32,ܘܥܒ̣ܕ ܐܦ ܗ̣ܘ ܒܘܫܠܐ. ܘܐܥܠ ܠܐܒܘܗܝ. ܘܐܡ̣ܪ ܠܐܒܘܗܝ. ܢܩܘܡ ܐܒܝ ܘܢܠܥܣ ܡܢ ܨܝ̣ܕܐ ܕܒܪܗ . ܡܛܠ ܕܬܒܪܟܢܝ ܢܦܫܟ.,18,"e fez também ele um guisado saboroso e, trazendo-o a seu pai, disse-lhe: Levanta-te, meu pai, e come da caça de teu filho, para que a tua alma me abençoe.",30,True,True,True
27,32,Gênesis 27:32,וַיֹּ֥אמֶר ל֛וֹ יִצְחָ֥ק אָבִ֖יו מִי־ אָ֑תָּה וַיֹּ֕אמֶר אֲנִ֛י בִּנְךָ֥ בְכֹֽרְךָ֖ עֵשָֽׂו ׃,ויאמר לו יצחק אביו מי אתה ויאמר אני בנכ בכרכ עשו,12,ואמר ליה יצחק אבוהי מן את ואמר אנא ברך בוכרך עשו:,11,καὶ εἶπεν αὐτῷ Ἰσαὰκ ὁ πατὴρ αὐτοῦ Τίς εἶ σύ; ὁ δὲ εἶπεν Ἐγώ εἰμι ὁ υἱός σου ὁ πρωτότοκος Ἠσαύ.,21,ܐܡ̇ܪ ܠܗ ܐܝܣܚܩ ܐܒܘܗܝ. ܡ̇ܢ ܐܢܬ. ܘܐܡ̣ܪ. ܐܢܐ ܗܘ ܒܪܟ ܒܘܟܪܟ ܥܣܘ.,12,"Perguntou-lhe Isaque, seu pai: Quem és tu? Respondeu ele: Eu sou teu filho, o teu primogênito, Esaú.",17,True,True,True
27,33,Gênesis 27:33,וַיֶּחֱרַ֨ד יִצְחָ֣ק חֲרָדָה֮ גְּדֹלָ֣ה עַד־ מְאֹד֒ וַיֹּ֡אמֶר מִֽי־ אֵפ֡וֹא ה֣וּא הַצָּֽד־ צַיִד֩ וַיָּ֨בֵא לִ֜י וָאֹכַ֥ל מִכֹּ֛ל בְּטֶ֥רֶם תָּב֖וֹא וָאֲבָרֲכֵ֑הוּ גַּם־ בָּר֖וּךְ יִהְיֶֽה ׃,ויחרד יצחק חרדה גדלה עד מאד ויאמר מי אפוא הוא הצד ציד ויבא לי ואכל מכל בטרמ תבוא ואברכהו גמ ברוכ יהיה,23,ותוה יצחק תוהא רבא עד לחדא ואמר מן הוא דיכי דצד צידא ואעיל לי ואכלית מכלא עד לא תיעול וברכתיה אף בריך יהי:,23,"ἐξέστη δὲ Ἰσαὰκ ἔκστασιν μεγάλην σφόδρα καὶ εἶπεν Τίς οὖν ὁ θηρεύσας μοι θήραν καὶ εἰσενέγκας μοι, καὶ ἔφαγον ἀπὸ πάντων πρὸ τοῦ σε εἰσελθεῖν, καὶ ηὐλὸγησα αὐτόν; καὶ εὐλογημένος ἔστω.",31,ܘܬܘܗ̇ ܐܝܣܚܩ ܬܘܗܬܐ ܪܒܬܐ ܘܥܫܝܢܬܐ ܕܛܒ. ܘܐܡ̣ܪ ܡܢܘ ܟܝ ܗ̇ܘ ܕܨܕ ܨܝܕܐ ܘܐܝܬܝ ܠܝ. ܘܠܥܣ̇ܬ ܡܢ ܟܠ ܥܕܠܐ ܬܐܬܐ. ܘܒܪܟܬܗ ܘܐܦ ܒܪܝܟ ܢܗܘܐ.,23,"Então estremeceu Isaque de um estremecimento muito grande e disse: Quem, pois, é aquele que apanhou caça e ma trouxe? Eu comi de tudo, antes que tu viesses, e abençoei-o, e ele será bendito.",34,True,True,True
27,34,Gênesis 27:34,כִּשְׁמֹ֤עַ עֵשָׂו֙ אֶת־ דִּבְרֵ֣י אָבִ֔יו וַיִּצְעַ֣ק צְעָקָ֔ה גְּדֹלָ֥ה וּמָרָ֖ה עַד־ מְאֹ֑ד וַיֹּ֣אמֶר לְאָבִ֔יו בָּרֲכֵ֥נִי גַם־ אָ֖נִי אָבִֽי ׃,כשמע עשו את דברי אביו ויצעק צעקה גדלה ומרה עד מאד ויאמר לאביו ברכני גמ אני אבי,18,כד שמע עשו ית פתגמי אבוהי וצוח צוחא רבא ומרירא עד לחדא ואמר לאבוהי ברכני אף אנא אבא:,18,"ἐγένετο δὲ ἡνίκα ἤκουσεν Ἠσαὺ τὰ ῥήματα Ἰσαὰκ τοῦ πατρὸς αὐτοῦ, ἀνεβόησεν Ἠσαὺ φωνὴν μεγάλην καὶ πικρὰν σφόδρα, καὶ εἶπεν Εὐλόγησον δὴ κἀμέ, πάτερ.",24,ܘܟܕ ܫܡܥ̣ ܥܣܘ ܡ̈ܠܘܗܝ ܕܐܒܘܗܝ. ܐܝܠܠ ܐܝܠܠܬܐ ܪܒܬܐ ܘܡܪܝܪܬܐ ܕܛܒ. ܘܐܡ̣ܪ ܠܐܒܘܗܝ. ܒܪܟܝܢܝ ܐܦ ܠܝ ܐܒܝ.,16,"Esaú, ao ouvir as palavras de seu pai, bradou com grande e mui amargo brado, e disse a seu pai: Abençoa-me também a mim, meu pai!",26,True,True,True
27,35,Gênesis 27:35,וַיֹּ֕אמֶר בָּ֥א אָחִ֖יךָ בְּמִרְמָ֑ה וַיִּקַּ֖ח בִּרְכָתֶֽךָ ׃,ויאמר בא אחיכ במרמה ויקח ברכתכ,7,ואמר על אחוך בחכמתא וקביל ברכתך:,6,εἶπεν δὲ αὐτῷ Ἐλθὼν ὁ ἀδελφός σου μετὰ δόλου ἔλαβεν τὴν εὐλογίαν σου.,13,ܐܡ̇ܪ ܠܗ ܐܒܘܗܝ . ܥܠ ܐܚܘܟ ܒܢܟܠܐ ܘܩ̇ܒܠ ܐܢܝ̈ܢ ܒܘܪ̈ܟܬܟ.,10,Respondeu Isaque: Veio teu irmão e com sutileza tomou a tua bênção.,12,True,True,True
27,36,Gênesis 27:36,וַיֹּ֡אמֶר הֲכִי֩ קָרָ֨א שְׁמ֜וֹ יַעֲקֹ֗ב וַֽיַּעְקְבֵ֨נִי֙ זֶ֣ה פַעֲמַ֔יִם אֶת־ בְּכֹרָתִ֣י לָקָ֔ח וְהִנֵּ֥ה עַתָּ֖ה לָקַ֣ח בִּרְכָתִ֑י וַיֹּאמַ֕ר הֲלֹא־ אָצַ֥לְתָּ לִּ֖י בְּרָכָֽה ׃,ויאמר הכי קרא שמו יעקב ויעקבני זה פעמימ את בכרתי לקח והנה עתה לקח ברכתי ויאמר הלא אצלת לי ברכה,21,ואמר יאות קרא שמיה יעקב וחכמני דנן תרתין זמנין ית בכירותי נסיב והא כען קביל ברכתי ואמר הלא שבקת לי ברכתא:,21,"καὶ εἶπεν Δικαίως ἐκλήθη τὸ ὄνομα αὐτοῦ Ἰακώβ· ἐπτέρνικεν γάρ με ἤδη δεύτερον τοῦτο· τά τε πρωτοτοκεῖά μου εἴληφεν, καὶ νῦν εἴληφεν τὴν εὐλογίαν μου. καὶ εἶπεν Ἠσαὺ τῷ πατρὶ αὐτοῦ Οὐχ ὑπελείπου μοι εὐλογίαν, πάτερ;",36,ܘܐܡ̣ܪ ܥܣܘ. ܫܪܝܪܐܝܬ ܐܬܩܪܝ ܫܡܗ ܝܥܩܘܒ. ܕܢܟܠܢܝ ܗܐ ܬܪ̈ܬܝܢ ܙܒ̈ܢܝܢ. ܒܘܟܪܘܬܝ ܢܣ̣ܒ. ܘܗܫܐ ܗܐ ܩ̇ܒܠ ܒܘܪ̈ܟܬܝ. ܘܐܡ̣ܪ ܥܣܘ ܠܐܒܘܗܝ . ܠܝ ܠܐ ܫܒ̣ܩܬ ܒܘܪܟܬܐ.,24,"Disse Esaú: Não se chama ele com razão Jacó, visto que já por duas vezes me enganou? tirou-me o direito de primogenitura, e eis que agora me tirou a bênção. E perguntou: Não reservaste uma bênção para mim?",38,True,True,True
27,37,Gênesis 27:37,וַיַּ֨עַן יִצְחָ֜ק וַיֹּ֣אמֶר לְעֵשָׂ֗ו הֵ֣ן גְּבִ֞יר שַׂמְתִּ֥יו לָךְ֙ וְאֶת־ כָּל־ אֶחָ֗יו נָתַ֤תִּי לוֹ֙ לַעֲבָדִ֔ים וְדָגָ֥ן וְתִירֹ֖שׁ סְמַכְתִּ֑יו וּלְכָ֣ה אֵפ֔וֹא מָ֥ה אֶֽעֱשֶׂ֖ה בְּנִֽי ׃,ויענ יצחק ויאמר לעשו הנ גביר שמתיו לכ ואת כל אחיו נתתי לו לעבדימ ודגנ ותירש סמכתיו ולכה אפוא מה אעשה בני,23,ואתיב יצחק ואמר לעשו הא רב שותיה לך וית כל אחוהי יהבית ליה לעבדין ועיבור וחמר סעדתיה ולך הכא מה אעביד ברי:,22,"ἀποκριθεὶς δὲ Ἰσαὰκ εἶπεν τῷ Ἠσαύ Εἰ κύριον αὐτὸν ἐποίησά σου, καὶ πάντας τοὺς ἀδελφοὺς αὐτοῦ ἐποίησα αὐτοῦ οἰκέτας, σίτῳ καὶ οἴνῳ ἐστήρισα αὐτόν· σοὶ δὲ τί ποιήσω, τέκνον;",29,ܥܢ̣ܐ ܐܝܣܚܩ ܘܐܡ̣ܪ ܠܥܣܘ. ܗܐ ܪܫܐ ܥܒܕܬܗ ܠܟ. ܐܦ ܟܠܗܘܢ ܐ̈ܚܘܗܝ ܝܗ̇ܒܬ ܠܗ ܥܒ̈ܕܐ. ܘܒܥܒܘܪܐ ܘܒܚܡܪܐ ܣܡܟܬܗ. ܘܠܟ ܗܟܝܠ ܡܢܐ ܐܥܒܕ ܒܪܝ.,22,"Respondeu Isaque a Esaú: Eis que o tenho posto por senhor sobre ti, e todos os seus irmãos lhe tenho dado por servos; e de trigo e de mosto o tenho fortalecido. Que, pois, poderei eu fazer por ti, meu filho?",41,True,True,True
27,38,Gênesis 27:38,וַיֹּ֨אמֶר עֵשָׂ֜ו אֶל־ אָבִ֗יו הַֽבְרָכָ֨ה אַחַ֤ת הִֽוא־ לְךָ֙ אָבִ֔י בָּרֲכֵ֥נִי גַם־ אָ֖נִי אָבִ֑י וַיִּשָּׂ֥א עֵשָׂ֛ו קֹל֖וֹ וַיֵּֽבְךְּ ׃,ויאמר עשו אל אביו הברכה אחת הוא לכ אבי ברכני גמ אני אבי וישא עשו קלו ויבכ,18,ואמר עשו לאבוהי הברכתא חדא היא לך אבא ברך לי אף אנא אבא וארים עשו קליה ובכא:,17,"εἶπεν δὲ Ἠσαὺ πρὸς Ἰσαὰκ τὸν πατέρα αὐτοῦ Μὴ εὐλογία μία σοί ἐστιν, πάτερ; εὐλόγησον δὴ κἀμέ, πάτερ.",18,ܘܐܡ̣ܪ ܥܣܘ ܠܐܒܘܗܝ . ܒܘܪܟܬܐ ܚܕܐ ܗܝ ܠܟ ܐܒܝ . ܒܪܟܝܢܝ ܐܦ ܠܝ ܐܒܝ. ܘܐܪܝܡ ܥܣܘ ܩܠܗ ܘܒܟ̣ܐ.,18,"Disse Esaú a seu pai: Porventura tens uma única bênção, meu pai? Abençoa-me também a mim, meu pai. E levantou Esaú a voz, e chorou.",25,True,True,True
27,39,Gênesis 27:39,וַיַּ֛עַן יִצְחָ֥ק אָבִ֖יו וַיֹּ֣אמֶר אֵלָ֑יו הִנֵּ֞ה מִשְׁמַנֵּ֤י הָאָ֨רֶץ֙ יִהְיֶ֣ה מֽוֹשָׁבֶ֔ךָ וּמִטַּ֥ל הַשָּׁמַ֖יִם מֵעָֽל ׃,ויענ יצחק אביו ויאמר אליו הנה משמני הארצ יהיה מושבכ ומטל השמימ מעל,14,ואתיב יצחק אבוהי ואמר ליה הא מטובא דארעא יהא מותבך ומטלא דשמיא מלעלא:,13,"ἀποκριθεὶς δὲ Ἰσαὰκ ὁ πατὴρ αὐτοῦ εἶπεν αὐτῷ Ἰδοὺ ἀπὸ τῆς πιότητος τῆς γῆς ἔσται ἡ κατοίκησίς σου, καὶ ἀπὸ τῆς δρόσου τοῦ οὐρανοῦ ἄνωθεν·",25,ܥܢ̣ܐ ܐܝܣܚܩ ܐܒܘܗܝ ܘܐܡ̣ܪ ܠܗ. ܗܐ ܒܫܘܡܢܗ̇ ܕܐܪܥܐ ܢܗܘܐ ܡܘܬܒܟ. ܘܡܢ ܛܠܐ ܕܫܡܝܐ ܡܢ ܠܥܠ.,15,"Respondeu-lhe Isaque, seu pai: Longe dos lugares férteis da terra será a tua habitação, longe do orvalho do alto céu;",20,True,True,True
27,40,Gênesis 27:40,וְעַל־ חַרְבְּךָ֣ תִֽחְיֶ֔ה וְאֶת־ אָחִ֖יךָ תַּעֲבֹ֑ד וְהָיָה֙ כַּאֲשֶׁ֣ר תָּרִ֔יד וּפָרַקְתָּ֥ עֻלּ֖וֹ מֵעַ֥ל צַוָּארֶֽךָ ׃,ועל חרבכ תחיה ואת אחיכ תעבד והיה כאשר תריד ופרקת עלו מעל צוארכ,14,ועל חרבך תיחי וית אחוך תפלח ויהי כד יעברון בנוהי על פתגמי אוריתא ותעדי ניריה מעל צורך:,17,"καὶ ἐπὶ τῇ μαχαίρῃ σου ζήσῃ, καὶ τῷ ἀδελφῷ σου δουλεύσεις. ἔσται δὲ ἡνίκα ἐὰν καθέλῃς καὶ ἐκλύσεις τὸν ζυγὸν αὐτοῦ ἀπὸ τοῦ τραχήλου σου.",25,ܘܥܠ ܚܪܒܟ ܬܚܐ. ܘܠܐܚܘܟ ܬܦܠܘܚ. ܘܐܢ ܬܬܘܒ ܢܥܒܪ ܢܝܪܗ ܡܢ ܨܘܪܟ.,11,"pela tua espada viverás, e a teu irmão, serviras; mas quando te tornares impaciente, então sacudirás o seu jugo do teu pescoço.",22,True,True,True
27,41,Gênesis 27:41,וַיִּשְׂטֹ֤ם עֵשָׂו֙ אֶֽת־ יַעֲקֹ֔ב עַל־ הַ֨בְּרָכָ֔ה אֲשֶׁ֥ר בֵּרֲכ֖וֹ אָבִ֑יו וַיֹּ֨אמֶר עֵשָׂ֜ו בְּלִבּ֗וֹ יִקְרְבוּ֙ יְמֵי֙ אֵ֣בֶל אָבִ֔י וְאַֽהַרְגָ֖ה אֶת־ יַעֲקֹ֥ב אָחִֽי ׃,וישטמ עשו את יעקב על הברכה אשר ברכו אביו ויאמר עשו בלבו יקרבו ימי אבל אבי ואהרגה את יעקב אחי,21,ונטר עשו דבבו ליעקב על ברכתא די ברכיה אבוהי ואמר עשו בלביה יקרבון יומי אבלי דאבא ואקטול ית יעקב אחי:,20,"Καὶ ἐνεκότει Ἠσαὺ τῷ Ἰακὼβ περὶ τῆς εὐλογίας ἧς εὐλόγησεν αὐτὸν ὁ πατὴρ αὐτοῦ· εἶπεν δὲ Ἠσαὺ ἐν τῇ διανοίᾳ αὐτοῦ Ἐγγισάτωσαν αἱ ἡμέραι τοῦ πένθους τοῦ πατρός μου, ἵνα ἀποκτείνω Ἰακὼβ τὸν ἀδελφόν μου.",35,ܘܣܩ̣ܪ ܥܣܘ ܠܝܥܩܘܒ ܥܠ ܒܘܪ̈ܟܬܐ ܕܒܪܟܗ ܐܒܘܗܝ. ܘܐܡ̣ܪ ܥܣܘ ܒܠܒܗ. ܢܩ̣ܪܒܘܢ ܝܘܡ̈ܬܐ ܕܒܝܬ ܒܟ̈ܘܗܝ ܕܐܒܝ. ܘܐܩܛܠܝܘܗܝ ܠܝܥܩܘܒ ܐܚܝ.,18,"Esaú, pois, odiava a Jacó por causa da bênção com que seu pai o tinha abençoado, e disse consigo: Vêm chegando os dias de luto por meu pai; então hei de matar Jacó, meu irmão.",35,True,True,True
27,42,Gênesis 27:42,וַיֻּגַּ֣ד לְרִבְקָ֔ה אֶת־ דִּבְרֵ֥י עֵשָׂ֖ו בְּנָ֣הּ הַגָּדֹ֑ל וַתִּשְׁלַ֞ח וַתִּקְרָ֤א לְיַעֲקֹב֙ בְּנָ֣הּ הַקָּטָ֔ן וַתֹּ֣אמֶר אֵלָ֔יו הִנֵּה֙ עֵשָׂ֣ו אָחִ֔יךָ מִתְנַחֵ֥ם לְךָ֖ לְהָרְגֶֽךָ ׃,ויגד לרבקה את דברי עשו בנה הגדל ותשלח ותקרא ליעקב בנה הקטנ ותאמר אליו הנה עשו אחיכ מתנחמ לכ להרגכ,21,ואתחוה לרבקה ית פתגמי עשו ברה רבא ושלחת וקרת ליעקב ברה זעירא ואמרת ליה הא עשו אחוך כמן לך למקטלך:,20,ἀπηγγέλη δὲ Ῥεβέκκᾳ τὰ ῥήματα Ἠσαὺ τοῦ υἱοῦ αὐτῆς τοῦ πρεσβυτέρου· καὶ πέμψασα ἐκάλεσεν Ἰακὼβ τὸν υἱὸν αὐτῆς τὸν νεώτερον καὶ εἶπεν αὐτῷ Ἰδοὺ Ἠσαὺ ὁ ἀδελφός σου ἀπειλεῖ σοι τοῦ ἀποκτεῖναί σε.,33,ܘܐܬܐܡܪ ܠܪܦܩܐ ܡ̈ܠܘܗܝ ܕܥܣܘ ܒܪܗ̇ ܩܫܝܫܐ. ܘܫ̣ܕܪܬ ܩ̣ܪܬ ܠܝܥܩܘܒ ܒܪܗ̇ ܙܥܘܪܐ ܘܐܡ̣ܪܬ ܠܗ. ܗܐ ܥܣܘ ܐܚܘܟ ܡܬܠܚܡ ܠܟ ܠܡܩܛܠܟ.,19,"Ora, foram denunciadas a Rebeca estas palavras de Esaú, seu filho mais velho; pelo que ela mandou chamar Jacó, seu filho mais moço, e lhe disse: Eis que Esaú teu irmão se consola a teu respeito, propondo matar-te.",38,True,True,True
27,43,Gênesis 27:43,וְעַתָּ֥ה בְנִ֖י שְׁמַ֣ע בְּקֹלִ֑י וְק֧וּם בְּרַח־ לְךָ֛ אֶל־ לָבָ֥ן אָחִ֖י חָרָֽנָה ׃,ועתה בני שמע בקלי וקומ ברח לכ אל לבנ אחי חרנה,12,וכען ברי קבל מני וקום אזיל לך לות לבן אחי לחרן:,11,"νῦν, οὖν, τέκνον, ἄκουσόν μου τῆς φωνῆς, καὶ ἀναστὰς ἀπόδραθι εἰς τὴν Μεσοποταμίαν πρὸς Λαβὰν τὸν ἀδελφόν μου εἰς Χαρράν·",20,ܗܫܐ ܒܪܝ ܫܡ̣ܥ ܒܩܠܝ. ܘܩܘܡ ܙܠ ܠܟ ܠܘܬ ܠܒܢ ܐܚܝ ܠܚܪܢ.,11,"Agora, pois, meu filho, ouve a minha voz; levanta-te, refugia-te na casa de Labão, meu irmão, em Harã,",18,True,True,True
27,44,Gênesis 27:44,וְיָשַׁבְתָּ֥ עִמּ֖וֹ יָמִ֣ים אֲחָדִ֑ים עַ֥ד אֲשֶׁר־ תָּשׁ֖וּב חֲמַ֥ת אָחִֽיךָ ׃,וישבת עמו ימימ אחדימ עד אשר תשוב חמת אחיכ,10,ותתיב עמיה יומין זעירין עד דיתוב רוגזא דאחוך:,8,"καὶ οἴκησον μετ᾽ αὐτοῦ ἡμέρας τινάς,",6,ܘܬܒ ܬܡ̇ܢ ܝܘܡ̈ܬܐ ܙܥܘܪ̈ܐ. ܥܕܡܐ ܕܢܬܬܢܝܚ ܪܘܓܙܗ ܕܐܚܘܟ.,8,"e demora-te com ele alguns dias, até que passe o furor de teu irmão;",14,True,True,True
27,45,Gênesis 27:45,עַד־ שׁ֨וּב אַף־ אָחִ֜יךָ מִמְּךָ֗ וְשָׁכַח֙ אֵ֣ת אֲשֶׁר־ עָשִׂ֣יתָ לּ֔וֹ וְשָׁלַחְתִּ֖י וּלְקַחְתִּ֣יךָ מִשָּׁ֑ם לָמָ֥ה אֶשְׁכַּ֛ל גַּם־ שְׁנֵיכֶ֖ם י֥וֹם אֶחָֽד ׃,עד שוב אפ אחיכ ממכ ושכח את אשר עשית לו ושלחתי ולקחתיכ משמ למה אשכל גמ שניכמ יומ אחד,20,עד דיתוב רוגזא דאחוך מנך ויתנשי ית די עבדת ליה ואשלח ואדברנך מתמן למה אתכל אף תרויכון יומא חד:,19,"ἕως τοῦ ἀποστρέψαι τὸν θυμὸν καὶ τὴν ὀργὴν τοῦ ἀδελφοῦ σου ἀπὸ σοῦ, καὶ ἐπιλάθηται ἃ πεποίηκας αὐτῷ, καὶ ἀποστείλασα μεταπέμψομαί σε ἐκεῖθεν· μή ποτε ἀτεκνωθῶ ἀπὸ τῶν δύο ὑμῶν ἐν ἡμέρᾳ μιᾷ.",33,ܘܥܕܡܐ ܕܢܥܒܪ ܪܘܓܙܗ ܕܐܚܘܟ ܡܢܟ. ܘܢܛܥܐ ܡܕܡ ܕܥܒ̣ܕܬ ܠܗ. ܘܐܫܕܪ ܐܕܒܪܟ ܡܢ ܬܡ̇ܢ. ܕܠܡܐ ܐܬܓܙܐ ܐܦ ܡܢ ܬܪ̈ܝܟܘܢ ܒܝܘܡܐ ܚܕ.,20,"até que se desvie de ti a ira de teu irmão, e ele se esqueça do que lhe fizeste; então mandarei trazer-te de lá; por que seria eu desfilhada de vós ambos num só dia?",35,True,True,True
27,46,Gênesis 27:46,וַתֹּ֤אמֶר רִבְקָה֙ אֶל־ יִצְחָ֔ק קַ֣צְתִּי בְחַיַּ֔י מִפְּנֵ֖י בְּנ֣וֹת חֵ֑ת אִם־ לֹקֵ֣חַ יַ֠עֲקֹב אִשָּׁ֨ה מִבְּנֽוֹת־ חֵ֤ת כָּאֵ֨לֶּה֙ מִבְּנ֣וֹת הָאָ֔רֶץ לָ֥מָּה לִּ֖י חַיִּֽים ׃,ותאמר רבקה אל יצחק קצתי בחיי מפני בנות חת אמ לקח יעקב אשה מבנות חת כאלה מבנות הארצ למה לי חיימ,22,ואמרת רבקה ליצחק עקית בחיי מן קדם בנת חתאה אם נסיב יעקב אתתא מבנת חתאה כאלין מבנת ארעא למה לי חיים:,21,"Εἶπεν δὲ Ῥεβέκκα πρὸς Ἰσαάκ Προσώχθικα τῇ ζωῇ μου διὰ τὰς θυγατέρας τῶν υἱῶν Χέτ· εἰ λήμψεται Ἰακὼβ γυναῖκα ἀπὸ τῶν θυγατέρων τῆς γῆς ταύτης, ἵνα τί μοι ζῇν;",29,ܘܐܡ̣ܪܬ ܪܦܩܐ ܠܐܝܣܚܩ. ܥܩ̣ܬ ܠܝ ܒܚܝ̈ܝ ܡܢ ܩܕܡ ܒܢ̈ܬ ܚܝܬ. ܐܢ ܢܣܒ ܝܥܩܘܒ ܐܢܬܬܐ ܡܢ ܒܢ̈ܬ ܚܝܬ. ܐܝܟ ܗܠܝܢ ܒܢ̈ܬ ܐܪܥܐ ܠܡܢܐ ܐܙܠܝܢ ܠܝ ܚ̈ܝܐ.,25,"E disse Rebeca a Isaque: Enfadada estou da minha vida, por causa das filhas de Hete; se Jacó tomar mulher dentre as filhas de Hete, tais como estas, dentre as filhas desta terra, para que viverei?",36,True,True,True
28,1,Gênesis 28:1,וַיִּקְרָ֥א יִצְחָ֛ק אֶֽל־ יַעֲקֹ֖ב וַיְבָ֣רֶךְ אֹת֑וֹ וַיְצַוֵּ֨הוּ֙ וַיֹּ֣אמֶר ל֔וֹ לֹֽא־ תִקַּ֥ח אִשָּׁ֖ה מִבְּנ֥וֹת כְּנָֽעַן ׃,ויקרא יצחק אל יעקב ויברכ אתו ויצוהו ויאמר לו לא תקח אשה מבנות כנענ,15,וקרא יצחק ליעקב ובריך יתיה ופקדיה ואמר ליה לא תסב אתתא מבנת כנען:,13,"προσκαλεσάμενος δὲ Ἰσαὰκ τὸν Ἰακὼβ εὐλόγησεν αὐτόν, καὶ ἐνετείλατο αὐτῷ λέγων Οὐ λήμψῃ γυναῖκα ἐκ τῶν θυγατέρων Χανάαν·",18,ܘܩ̣ܪܐ ܐܝܣܚܩ ܠܝܥܩܘܒ . ܘܒܪܟܗ ܘܦܩܕܗ ܘܐܡ̣ܪ ܠܗ. ܠܐ ܬܣܒ ܐܢܬܬܐ ܡܢ ܒܢ̈ܬ ܟܢܥܢ.,14,"Isaque, pois, chamou Jacó, e o abençoou, e ordenou-lhe, dizendo: Não tomes mulher dentre as filhas de Canaã.",18,True,True,True
28,2,Gênesis 28:2,ק֥וּם לֵךְ֙ פַּדֶּ֣נָֽה אֲרָ֔ם בֵּ֥יתָה בְתוּאֵ֖ל אֲבִ֣י אִמֶּ֑ךָ וְקַח־ לְךָ֤ מִשָּׁם֙ אִשָּׁ֔ה מִבְּנ֥וֹת לָבָ֖ן אֲחִ֥י אִמֶּֽךָ ׃,קומ לכ פדנה ארמ ביתה בתואל אבי אמכ וקח לכ משמ אשה מבנות לבנ אחי אמכ,17,קום אזיל לפדן ארם לבית בתואל אבוהא דאמך וסב לך מתמן אתתא מבנת לבן אחוהא דאמך:,16,"ἀναστὰς ἀπόδραθι εἰς τὴν Μεσοποταμίαν Συρίας εἰς τὸν οἶκον Βαθουὴλ τοῦ πατρὸς τῆς μητρός σου, καὶ λάβε σεαυτῷ ἐκεῖθεν γυναῖκα ἐκ τῶν θυγατέρων Λαβὰν τοῦ ἀδελφοῦ τῆς μητρός σου.",29,ܩܘܡ ܙܠ ܠܟ ܠܦܕܢ ܕܐܪܡ. ܠܒܝܬ ܒܬܘܐܝܠ ܐܒܘܗ̇ ܕܐܡܟ. ܘܣܒ ܠܟ ܡܢ ܬܡܢ ܐܢܬܬܐ. ܡܢ ܒܢ̈ܬ ܠܒܢ ܐܚܘܗ̇ ܕܐܡܟ.,19,"Levanta-te, vai a Padã-Arã, à casa de Betuel, pai de tua mãe, e toma de lá uma mulher dentre as filhas de Labão, irmão de tua mãe.",27,True,True,True
28,3,Gênesis 28:3,וְאֵ֤ל שַׁדַּי֙ יְבָרֵ֣ךְ אֹֽתְךָ֔ וְיַפְרְךָ֖ וְיַרְבֶּ֑ךָ וְהָיִ֖יתָ לִקְהַ֥ל עַמִּֽים ׃,ואל שדי יברכ אתכ ויפרכ וירבכ והיית לקהל עמימ,10,ואל שדי יברך יתך ויפשך ויסגנך ותהי לכנשת שבטין:,9,"ὁ δὲ θεός μου εὐλογήσαι σε καὶ αὐξήσαι σε καὶ πληθύναι σε, καὶ ἔσῃ εἰς συναγωγὰς ἐθνῶν·",17,ܘܐܝܠܫܕܝ ܢܒܪܟܟ . ܘܢܟܒܪܟ ܘܢܣܓܝܟ. ܘܬܗܘܐ ܠܟܢܫܐ ܕܥܡ̈ܡܐ.,8,"Deus Todo-Poderoso te abençoe, te faça frutificar e te multiplique, para que venhas a ser uma multidão de povos; seu",20,True,True,True
28,4,Gênesis 28:4,וְיִֽתֶּן־ לְךָ֙ אֶת־ בִּרְכַּ֣ת אַבְרָהָ֔ם לְךָ֖ וּלְזַרְעֲךָ֣ אִתָּ֑ךְ לְרִשְׁתְּךָ֙ אֶת־ אֶ֣רֶץ מְגֻרֶ֔יךָ אֲשֶׁר־ נָתַ֥ן אֱלֹהִ֖ים לְאַבְרָהָֽם ׃,ויתנ לכ את ברכת אברהמ לכ ולזרעכ אתכ לרשתכ את ארצ מגריכ אשר נתנ אלהימ לאברהמ,17,ויתן לך ית ברכתא דאברהם לך ולבנך עמך למירתך ית ארע תותבותך די יהב יי לאברהם:,16,"καὶ δῴη σοι τὴν εὐλογίαν Ἀβραὰμ τοῦ πατρός σου, σοὶ καὶ τῷ σπέρματί σου μετὰ σέ, κληρονομῆσαι τὴν γῆν τῆς παροικήσεώς σου, ἣν δέδωκεν ὁ θεὸς τῷ Ἀβραάμ.",28,ܘܢܬܠ ܠܟ ܒܘܪ̈ܟܬܗ ܕܐܒܪܗܡ ܠܟ ܘܠܙܪܥܟ ܥܡܟ. ܘܢܘܪܬܟ ܐܪܥܐ ܕܡܥܡܪܟ. ܕܝܗ̣ܒ ܐܠܗܐ ܠܐܒܪܗܡ.,13,"e te dê a bênção de Abraão, a ti e à tua descendência contigo, para que herdes a terra de tuas peregrinações, que Deus deu a Abraão.",27,True,True,True
28,5,Gênesis 28:5,וַיִּשְׁלַ֤ח יִצְחָק֙ אֶֽת־ יַעֲקֹ֔ב וַיֵּ֖לֶךְ פַּדֶּ֣נָֽה אֲרָ֑ם אֶל־ לָבָ֤ן בֶּן־ בְּתוּאֵל֙ הָֽאֲרַמִּ֔י אֲחִ֣י רִבְקָ֔ה אֵ֥ם יַעֲקֹ֖ב וְעֵשָֽׂו ׃,וישלח יצחק את יעקב וילכ פדנה ארמ אל לבנ בנ בתואל הארמי אחי רבקה אמ יעקב ועשו,18,ושלח יצחק ית יעקב ואזל לפדן ארם לות לבן בר בתואל ארמאה אחוהא דרבקה אמיה דיעקב ועשו:,17,"καὶ ἀπέστειλεν Ἰσαὰκ τὸν Ἰακώβ, καὶ ἐπορεύθη εἰς τὴν Μεσοποταμίαν πρὸς Λαβὰν τὸν υἱὸν Βαθουὴλ τοῦ Σύρου, ἀδελφὸν δὲ Ῥεβέκκας τῆς μητρὸς Ἰακὼβ καὶ Ἠσαύ.",25,ܘܫܕܪܗ ܐܝܣܚܩ ܠܝܥܩܘܒ. ܘܐܙ̣ܠ ܠܦܕܢ ܕܐܪܡ ܠܘܬ ܠܒܢ ܒܪ ܒܬܘܐܝܠ ܐܪܡܝܐ. ܐܚܘܗ̇ ܕܪܦܩܐ ܐܡܗ ܕܝܥܩܘܒ ܘܕܥܣܘ.,16,"Assim despediu Isaque a Jacó, o qual foi a Padã-Arã, a Labão, filho de Betuel, arameu, irmão de Rebeca, mãe de Jacó e de Esaú.",25,True,True,True
28,6,Gênesis 28:6,וַיַּ֣רְא עֵשָׂ֗ו כִּֽי־ בֵרַ֣ךְ יִצְחָק֮ אֶֽת־ יַעֲקֹב֒ וְשִׁלַּ֤ח אֹתוֹ֙ פַּדֶּ֣נָֽה אֲרָ֔ם לָקַֽחַת־ ל֥וֹ מִשָּׁ֖ם אִשָּׁ֑ה בְּבָרֲכ֣וֹ אֹת֔וֹ וַיְצַ֤ו עָלָיו֙ לֵאמֹ֔ר לֹֽא־ תִקַּ֥ח אִשָּׁ֖ה מִבְּנ֥וֹת כְּנָֽעַן ׃,וירא עשו כי ברכ יצחק את יעקב ושלח אתו פדנה ארמ לקחת לו משמ אשה בברכו אתו ויצו עליו לאמר לא תקח אשה מבנות כנענ,26,וחזא עשו ארי בריך יצחק ית יעקב ושלח יתיה לפדן ארם למסב ליה מתמן אתתא כד בריך יתיה ופקיד עלוהי למימר לא תסב אתתא מבנת כנען:,26,"ἴδεν δὲ Ἠσαὺ ὅτι εὐλόγησεν Ἰσαὰκ τὸν Ἰακὼβ καὶ ἀπῴχετο εἰς τὴν Μεσοποταμίαν Συρίας λαβεῖν ἑαυτῷ γυναῖκα, ἐν τῷ εὐλογεῖν αὐτόν, καὶ ἐνετείλατο αὐτῷ λέγων Οὐ λήμψῃ γυναῖκα ἀπὸ τῶν θυγατέρων Χανάαν·",32,ܘܚ̣ܙܐ ܥܣܘ ܕܒܪܟܗ ܐܝܣܚܩ ܠܝܥܩܘܒ ܐܚܘܗܝ. ܘܫܕܪܗ ܠܦܕܢ ܕܐܪܡ ܠܡܣܒ ܠܗ ܡܢ ܬܡܢ ܐܢܬܬܐ. ܟܕ ܒܪܟܗ ܘܦܩܕܗ ܘܐܡ̣ܪ ܠܗ. ܠܐ ܬܣܒ ܐܢܬܬܐ ܡܢ ܒܢ̈ܬ ܟܢܥܢ.,25,"Ora, viu Esaú que Isaque abençoara a Jacó, e o enviara a Padã-Arã, para tomar de lá mulher para si, e que, abençoando-o, lhe ordenara, dizendo: Não tomes mulher dentre as filhas de Canaã,",34,True,True,True
28,7,Gênesis 28:7,וַיִּשְׁמַ֣ע יַעֲקֹ֔ב אֶל־ אָבִ֖יו וְאֶל־ אִמּ֑וֹ וַיֵּ֖לֶךְ פַּדֶּ֥נָֽה אֲרָֽם ׃,וישמע יעקב אל אביו ואל אמו וילכ פדנה ארמ,10,וקביל יעקב מן אבוהי ומן אמיה ואזל לפדן ארם:,9,"καὶ ἤκουσεν Ἰακὼβ τοῦ πατρὸς καὶ τῆς μητρὸς ἑαυτοῦ, καὶ ἐπορεύθη εἰς τὴν Μεσοποταμίαν.",14,ܘܫܡ̣ܥ ܝܥܩܘܒ ܠܐܒܘܗܝ ܘܠܐܡܗ. ܘܐܙ̣ܠ ܠܦܕܢ ܕܐܪܡ.,7,"e que Jacó, obedecendo a seu pai e a sua mãe, fora a Padã-Arã;",14,True,True,True
28,8,Gênesis 28:8,וַיַּ֣רְא עֵשָׂ֔ו כִּ֥י רָע֖וֹת בְּנ֣וֹת כְּנָ֑עַן בְּעֵינֵ֖י יִצְחָ֥ק אָבִֽיו ׃,וירא עשו כי רעות בנות כנענ בעיני יצחק אביו,10,וחזא עשו ארי בישא בנת כנען בעיני יצחק אבוהי:,9,"καὶ ἴδεν Ἠσαὺ ὅτι πονηραί εἰσιν αἱ θυγατέρες Χανάαν ἐναντίον Ἰσαὰκ τοῦ πατρὸς αὐτοῦ,",14,ܘܚ̣ܙܐ ܥܣܘ ܕܒܝܫܢ ܒܢ̈ܬ ܟܢܥܢ ܒܥܝܢ̈ܝ ܐܝܣܚܩ ܐܒܘܗܝ.,8,"vendo também Esaú que as filhas de Canaã eram más aos olhos de Isaque seu pai,",16,True,True,True
28,9,Gênesis 28:9,וַיֵּ֥לֶךְ עֵשָׂ֖ו אֶל־ יִשְׁמָעֵ֑אל וַיִּקַּ֡ח אֶֽת־ מָחֲלַ֣ת ׀ בַּת־ יִשְׁמָעֵ֨אל בֶּן־ אַבְרָהָ֜ם אֲח֧וֹת נְבָי֛וֹת עַל־ נָשָׁ֖יו ל֥וֹ לְאִשָּֽׁה ׃ ס,וילכ עשו אל ישמעאל ויקח את מחלת בת ישמעאל בנ אברהמ אחות נביות על נשיו לו לאשה ס,20,ואזל עשו לות ישמעאל ונסיב ית מחלת בת ישמעאל בר אברהם אחתיה דנביות על נשוהי ליה לאנתו:,17,"καὶ ἐπορεύθη Ἠσαὺ πρὸς Ἰσμαήλ, καὶ ἔλαβεν τὴν Μαελὲθ θυγατέρα Ἰσμαὴλ τοῦ υἱοῦ Ἀβραάμ, ἀδελφὴν Ναβαιώθ, πρὸς ταῖς γυναιξὶν αὐτοῦ γυναῖκα.",21,ܘܐܙܠ ܥܣܘ ܠܘܬ ܐܝܫܡܥܐܝܠ. ܘܢܣ̣ܒ ܠܒܣܡܬ ܒܪܬ ܐܝܫܡܥܝܠ ܒܪ ܐܒܪܗܡ ܚܬܗ ܕܢܒܝܘܬ ܥܠ ܢܫ̈ܘܗܝ ܠܗ ܐܢܬܬܐ.,16,"foi-se Esaú a Ismael e, além das mulheres que já tinha, tomou por mulher a Maalate, filha de Ismael, filho de Abraão, irmã de Nebaiote.",25,True,True,True
28,10,Gênesis 28:10,וַיֵּצֵ֥א יַעֲקֹ֖ב מִבְּאֵ֣ר שָׁ֑בַע וַיֵּ֖לֶךְ חָרָֽנָה ׃,ויצא יעקב מבאר שבע וילכ חרנה,7,ונפק יעקב מבארא דשבע ואזל לחרן:,6,"Καὶ ἐξῆλθεν Ἰακὼβ ἀπὸ τοῦ φρέατος τοῦ ὅρκου, καὶ ἐπορεύθη εἰς Χαρράν.",12,ܘܢܦ̣ܩ ܝܥܩܘܒ ܡܢ ܒܪܫܒܥ ܕܢܐܙܠ ܠܚܪܢ.,6,"Partiu, pois, Jacó de Beer-Seba e se foi em direção a Harã;",12,True,True,True
28,11,Gênesis 28:11,וַיִּפְגַּ֨ע בַּמָּק֜וֹם וַיָּ֤לֶן שָׁם֙ כִּי־ בָ֣א הַשֶּׁ֔מֶשׁ וַיִּקַּח֙ מֵאַבְנֵ֣י הַמָּק֔וֹם וַיָּ֖שֶׂם מְרַֽאֲשֹׁתָ֑יו וַיִּשְׁכַּ֖ב בַּמָּק֥וֹם הַהֽוּא ׃,ויפגע במקומ וילנ שמ כי בא השמש ויקח מאבני המקומ וישמ מראשתיו וישכב במקומ ההוא,16,וערע באתרא ובת תמן ארי על שמשא ונסיב מאבני אתרא ושוי אסדוהי ושכיב באתרא ההוא:,15,"καὶ ἀπήντησεν τόπῳ καὶ ἐκοιμήθη ἐκεῖ· ἔδυ γὰρ ὁ ἥλιος· καὶ ἔλαβεν ἀπὸ τῶν λίθων τοῦ τόπου καὶ ἐπέθηκεν πρὸς κεφαλῆς αὐτοῦ, καὶ ἐκοιμήθη ἐν τῷ τόπῳ ἐκείνῳ.",28,ܘܦܓ̣ܥ ܒܐܬܪܐ ܘܒܬ ܬܡܢ. ܡܛܠ ܕܥܪܒ̣ܬ ܫܡܫܐ. ܘܢܣ̣ܒ ܡܢ ܟܐ̈ܦܐ ܕܐܬܪܐ ܘܣܡ ܐ̈ܣܕܘܗܝ. ܘܕܡ̣ܟ ܒܗ̇ܘ ܐܬܪܐ.,16,"e chegou a um lugar onde passou a noite, porque o sol já se havia posto; e, tomando uma das pedras do lugar e pondo-a debaixo da cabeça, deitou-se ali para dormir.",32,True,True,True
28,12,Gênesis 28:12,וַֽיַּחֲלֹ֗ם וְהִנֵּ֤ה סֻלָּם֙ מֻצָּ֣ב אַ֔רְצָה וְרֹאשׁ֖וֹ מַגִּ֣יעַ הַשָּׁמָ֑יְמָה וְהִנֵּה֙ מַלְאֲכֵ֣י אֱלֹהִ֔ים עֹלִ֥ים וְיֹרְדִ֖ים בּֽוֹ ׃,ויחלמ והנה סלמ מצב ארצה וראשו מגיע השמימה והנה מלאכי אלהימ עלימ וירדימ בו,15,וחלם והא סלמא נעיץ בארעא ורישיה מטי עד צית שמיא והא מלאכיא דיי סלקין ונחתין בה:,16,"καὶ ἐνυπνιάσθη· καὶ ἰδοὺ κλίμαξ ἐστηριγμένη ἐν τῇ γῇ ἧς ἡ κεφαλὴ ἀφικνεῖτο εἰς τὸν οὐρανόν, καὶ οἱ ἄγγελοι τοῦ θεοῦ ἀνέβαινον καὶ κατέβαινον ἐπ᾽ αὐτῆς.",26,ܘܚ̣ܙܐ ܒܚܠܡܗ. ܘܗܐ ܣܒܠܬܐ ܩܝܡܐ ܒܐܪܥܐ. ܘܪܫܗ̇ ܡ̇ܛܐ ܠܫܡܝܐ. ܘܗܐ ܡܠܐ̈ܟܘܗܝ ܕܐܠܗܐ ܣܠܩܝܢ ܘܢܚܬܝܢ ܒܗ̇.,15,"Então sonhou: estava posta sobre a terra uma escada, cujo topo chegava ao céu; e eis que os anjos de Deus subiam e desciam por ela;",26,True,True,True
28,13,Gênesis 28:13,וְהִנֵּ֨ה יְהוָ֜ה נִצָּ֣ב עָלָיו֮ וַיֹּאמַר֒ אֲנִ֣י יְהוָ֗ה אֱלֹהֵי֙ אַבְרָהָ֣ם אָבִ֔יךָ וֵאלֹהֵ֖י יִצְחָ֑ק הָאָ֗רֶץ אֲשֶׁ֤ר אַתָּה֙ שֹׁכֵ֣ב עָלֶ֔יהָ לְךָ֥ אֶתְּנֶ֖נָּה וּלְזַרְעֶֽךָ ׃,והנה יהוה נצב עליו ויאמר אני יהוה אלהי אברהמ אביכ ואלהי יצחק הארצ אשר אתה שכב עליה לכ אתננה ולזרעכ,21,והא יקרא דיי מעתד עלווהי ואמר אנא יי אלהה דאברהם אבוך ואלהה דיצחק ארעא די את שרי עלה לך אתננה ולבנך:,21,"ὁ δὲ Κύριος ἐπεστήρικτο ἐπ᾽ αὐτῆς καὶ εἶπεν Ἐγὼ ὁ θεὸς Ἀβραὰμ τοῦ πατρός σου καὶ ὁ θεὸς Ἰσαάκ· μὴ φοβοῦ· ἡ γῆ ἐφ᾽ ἧς σὺ καθεύδεις ἐπ᾽ αὐτῆς, σοὶ δώσω αὐτὴν καὶ τῷ σπέρματί σου.",36,ܘܗܐ ܡܪܝܐ ܩܐܡ ܠܥܠ ܡܢܗ̇. ܘܐܡ̣ܪ ܐܢܐ ܐܢܐ ܡܪܝܐ ܐܠܗܗ ܕܐܒܪܗܡ ܐܒܘܟ. ܘܐܠܗܗ ܕܐܝܣܚܩ. ܐܪܥܐ ܕܕܡ̇ܟ ܐܢܬ ܥܠܝܗ̇ ܠܟ ܐܬܠܝܗ̇ ܘܠܙܪܥܟ.,21,"por cima dela estava o Senhor, que disse: Eu sou o Senhor, o Deus de Abraão teu pai, e o Deus de Isaque; esta terra em que estás deitado, eu a darei a ti e à tua descendência;",38,True,True,True
28,14,Gênesis 28:14,וְהָיָ֤ה זַרְעֲךָ֙ כַּעֲפַ֣ר הָאָ֔רֶץ וּפָרַצְתָּ֛ יָ֥מָּה וָקֵ֖דְמָה וְצָפֹ֣נָה וָנֶ֑גְבָּה וְנִבְרֲכ֥וּ בְךָ֛ כָּל־ מִשְׁפְּחֹ֥ת הָאֲדָמָ֖ה וּבְזַרְעֶֽךָ ׃,והיה זרעכ כעפר הארצ ופרצת ימה וקדמה וצפנה ונגבה ונברכו בכ כל משפחת האדמה ובזרעכ,16,ויהון בנך סגיאין כעפרא דארעא ותתקף למערבא ולמדינחא ולצפונא ולדרומא ויתברכון בדילך כל זרעית ארעא ובדיל בנך:,17,"καὶ ἔσται τὸ σπέρμα σου ὡς ἡ ἄμμος τῆς θαλάσσης, καὶ πλατυνθήσεται ἐπὶ θάλασσαν καὶ ἐπὶ λίβα καὶ ἐπὶ βορρᾶν καὶ ἐπ᾽ ἀνατολάς· ⸆ καὶ ἐνευλογηθήσονται ἐν σοὶ πᾶσαι αἱ φυλαὶ τῆς γῆς καὶ ἐν τῷ σπέρματί σου.",38,ܘܢܗܘܐ ܙܪܥܟ ܐܝܟ ܥܦܪܐ ܕܐܪܥܐ. ܘܬܣܓܐ ܠܡܕܢܚܐ ܘܠܡܥܪܒܐ. ܘܠܓܪܒܝܐ ܘܠܬܝܡܢܐ. ܘܢܬܒܪ̈ܟܢ ܒܟ ܟܠܗܝܢ ܫܪ̈ܒܬܐ ܕܐܪܥܐ ܘܒܙܪܥܟ.,16,"e a tua descendência será como o pó da terra; dilatar-te-ás para o ocidente, para o oriente, para o norte e para o sul; por meio de ti e da tua descendência serão benditas todas as famílias da terra.",39,True,True,True
28,15,Gênesis 28:15,וְהִנֵּ֨ה אָנֹכִ֜י עִמָּ֗ךְ וּשְׁמַרְתִּ֨יךָ֙ בְּכֹ֣ל אֲשֶׁר־ תֵּלֵ֔ךְ וַהֲשִׁ֣בֹתִ֔יךָ אֶל־ הָאֲדָמָ֖ה הַזֹּ֑את כִּ֚י לֹ֣א אֶֽעֱזָבְךָ֔ עַ֚ד אֲשֶׁ֣ר אִם־ עָשִׂ֔יתִי אֵ֥ת אֲשֶׁר־ דִּבַּ֖רְתִּי לָֽךְ ׃,והנה אנכי עמכ ושמרתיכ בכל אשר תלכ והשבתיכ אל האדמה הזאת כי לא אעזבכ עד אשר אמ עשיתי את אשר דברתי לכ,23,והא מימרי בסעדך ואטרנך בכל אתר די תהך ואתיבנך לארעא הדא ארי לא אשבקנך עד די אעביד ית דמללית לך:,20,"καὶ ἰδού ἐγὼ μετὰ σοῦ, διαφυλάσσων σε ἐν τῇ ὁδῷ πάσῃ οὗ ἐὰν πορευθῇς, καὶ ἀποστρέψω σε εἰς τὴν γῆν ταύτην· ὅτι οὐ μή σε ἐγκαταλείπω ἕως τοῦ ποιῆσαί με πάντα ὅσα ἐλάλησά σοι.",34,ܘܗܐ ܐܢܐ ܥܡܟ. ܘܐܛܪܟ ܠܐܝܟܐ ܕܬܐܙܠ ܘܐܗܦܟܟ ܠܐܪܥܐ ܗܕܐ. ܘܠܐ ܐܫܒܩܟ ܥܕܡܐ ܕܐܥܒܕ ܡܕܡ ܕܐܡ̇ܪܬ ܠܟ.,16,"Eis que estou contigo, e te guardarei por onde quer que fores, e te farei tornar a esta terra; pois não te deixarei até que haja cumprido aquilo de que te tenho falado.",33,True,True,True
28,16,Gênesis 28:16,וַיִּיקַ֣ץ יַעֲקֹב֮ מִשְּׁנָתוֹ֒ וַיֹּ֕אמֶר אָכֵן֙ יֵ֣שׁ יְהוָ֔ה בַּמָּק֖וֹם הַזֶּ֑ה וְאָנֹכִ֖י לֹ֥א יָדָֽעְתִּי ׃,וייקצ יעקב משנתו ויאמר אכנ יש יהוה במקומ הזה ואנכי לא ידעתי,13,ואתער יעקב משנתיה ואמר בקושטא יקרא דיי שרי באתרא הדין ואנא לא הויתי ידע:,14,"⸂⸆⸃ καὶ ἐξηγέρθη Ἰακὼβ ἀπὸ τοῦ ὕπνου αὐτοῦ καὶ εἶπεν ὅτι Ἔστιν Κύριος ἐν τῷ τόπῳ τούτῳ, ἐγὼ δὲ οὐκ ᾔδειν.",21,ܘܐܬܬܥܝܪ ܝܥܩܘܒ ܡܢ ܫܢܬܗ ܘܐܡ̣ܪ. ܫܪܝܪܐܝܬ ܐܝܬ ܡܪܝܐ ܒܐܬܪܐ ܗܢܐ. ܘܐܢܐ ܠܐ ܝܕܥ̇ܬ.,13,"Ao acordar Jacó do seu sono, disse: Realmente o Senhor está neste lugar; e eu não o sabia.",18,True,True,True
28,17,Gênesis 28:17,וַיִּירָא֙ וַיֹּאמַ֔ר מַה־ נּוֹרָ֖א הַמָּק֣וֹם הַזֶּ֑ה אֵ֣ין זֶ֗ה כִּ֚י אִם־ בֵּ֣ית אֱלֹהִ֔ים וְזֶ֖ה שַׁ֥עַר הַשָּׁמָֽיִם ׃,ויירא ויאמר מה נורא המקומ הזה אינ זה כי אמ בית אלהימ וזה שער השמימ,16,ודחיל ואמר מה דחילו אתרא הדין לית דין אתר הדיוט אלהין אתר דרעוא ביה מן קדם יי ודין תרע קבל שמיא:,21,"καὶ ἐφοβήθη, καὶ εἶπεν Ὡς φοβερὸς ὁ τόπος οὗτος· οὐκ ἔστιν τοῦτο ἀλλ᾽ ἢ οἶκος θεοῦ, καὶ αὕτη ἡ πύλη τοῦ οὐρανοῦ.",22,ܘܕܚܠ ܝܥܩܘܒ ܕܚܠܬܐ ܪܒܬܐ ܘܐܡ̣ܪ. ܡܐ ܕܚܝܠ ܗܘ ܐܬܪܐ ܗܢܐ ܝܘܡܢܐ . ܠܝܬܘܗܝ ܗܢܐ ܐܠܐ ܐܢ ܒܝܬܗ ܕܐܠܗܐ. ܘܗܢܘ ܬܪܥܗ̇ ܕܫܡܝܐ.,21,"E temeu, e disse: Quão terrível é este lugar! Este não é outro lugar senão a casa de Deus; e esta é a porta dos céus.",26,True,True,True
28,18,Gênesis 28:18,וַיַּשְׁכֵּ֨ם יַעֲקֹ֜ב בַּבֹּ֗קֶר וַיִּקַּ֤ח אֶת־ הָאֶ֨בֶן֙ אֲשֶׁר־ שָׂ֣ם מְרַֽאֲשֹׁתָ֔יו וַיָּ֥שֶׂם אֹתָ֖הּ מַצֵּבָ֑ה וַיִּצֹ֥ק שֶׁ֖מֶן עַל־ רֹאשָֽׁהּ ׃,וישכמ יעקב בבקר ויקח את האבנ אשר שמ מראשתיו וישמ אתה מצבה ויצק שמנ על ראשה,17,ואקדים יעקב בצפרא ונסיב ית אבנא די שוי אסדוהי ושוי יתה קמא ואריק משחא על רישה:,16,"καὶ ἀνέστη Ἰακὼβ τὸ πρωί, καὶ ἔλαβεν τὸν λίθον ὃν ἔθηκεν ἐκεῖ πρὸς κεφαλῆς αὐτοῦ καὶ ἔστησεν αὐτὸν στήλην, καὶ ἐπέχεεν ἔλαιον ἐπὶ τὸ ἄκρον αὐτῆς",26,ܘܩ̇ܕܡ ܝܥܩܘܒ ܒܫܦܪܐ . ܘܢܣ̣ܒ ܟܐܦܐ ܕܣܡ ܐ̈ܣܕܘܗܝ. ܘܥܒ̣ܕܗ̇ ܩܝܡܬܐ. ܘܢܣ̣ܟ ܡܫܚܐ ܒܪܫܗ̇.,13,"Jacó levantou-se de manhã cedo, tomou a pedra que pusera debaixo da cabeça, e a pôs como coluna; e derramou-lhe azeite em cima.",23,True,True,True
28,19,Gênesis 28:19,וַיִּקְרָ֛א אֶת־ שֵֽׁם־ הַמָּק֥וֹם הַה֖וּא בֵּֽית־ אֵ֑ל וְאוּלָ֛ם ל֥וּז שֵׁם־ הָעִ֖יר לָרִאשֹׁנָֽה ׃,ויקרא את שמ המקומ ההוא בית אל ואולמ לוז שמ העיר לראשנה,13,וקרא ית שמא דאתרא ההוא בית אל וברם לוז שמא דקרתא בקדמיתא:,12,καὶ ἐκάλεσεν Ἰακὼβ τὸ ὄνομα τοῦ τόπου ἐκείνου Οἶκος θεοῦ· καὶ Οὐλαμμαὺς ἦν ὄνομα τῇ πόλει τὸ πρότερον.,18,ܘܩ̣ܪܐ ܝܥܩܘܒ ܫܡܗ ܕܐܬܪܐ ܗ̇ܘ ܒܝܬ ܐܝܠ. ܒܪܡ ܠܘܙ ܫܡܗ ܗܘܐ ܠܐܬܪܐ ܗ̇ܘ ܡܢ ܩܕܝܡ.,15,E chamou aquele lugar Betel; porém o nome da cidade antes era Luz.,13,True,True,True
28,20,Gênesis 28:20,וַיִּדַּ֥ר יַעֲקֹ֖ב נֶ֣דֶר לֵאמֹ֑ר אִם־ יִהְיֶ֨ה אֱלֹהִ֜ים עִמָּדִ֗י וּשְׁמָרַ֨נִי֙ בַּדֶּ֤רֶךְ הַזֶּה֙ אֲשֶׁ֣ר אָנֹכִ֣י הוֹלֵ֔ךְ וְנָֽתַן־ לִ֥י לֶ֛חֶם לֶאֱכֹ֖ל וּבֶ֥גֶד לִלְבֹּֽשׁ ׃,וידר יעקב נדר לאמר אמ יהיה אלהימ עמדי ושמרני בדרכ הזה אשר אנכי הולכ ונתנ לי לחמ לאכל ובגד ללבש,21,וקיים יעקב קים למימר אם יהא מימרא דיי בסעדי ויטרנני בארחא הדין די אנא אזל ויתן לי לחמא למיכל וכסו למלבש:,21,"καὶ ηὔξατο Ἰακὼβ εὐχὴν λέγων Ἐὰν ᾖ Κύριος ὁ θεὸς μετ᾽ ἐμοῦ, καὶ διαφυλάξῃ με ἐν τῇ ὁδῷ ταύτῃ ᾗ ἐγὼ πορεύομαι, καὶ δῷ μοι ἄρτον φαγεῖν καὶ ἱμάτιον περιβαλέσθαι,",30,ܘܢܕܪ ܝܥܩܘܒ ܢܕܪܐ ܘܐܡ̣ܪ. ܐܢ ܢܗܘ̣ܐ ܐܠܗܐ ܥܡܝ. ܘܢܢܛܪܢܝ ܒܐܘܪܚܐ ܗܕܐ ܕܐ̇ܙܠ ܐܢܐ ܒܗ̇ . ܘܢܬܠ ܠܝ ܠܚܡܐ ܠܡܐܟܠ ܘܠܒܘܫܐ ܠܡܠܒܫ.,21,"Fez também Jacó um voto, dizendo: Se Deus for comigo e me guardar neste caminho que vou seguindo, e me der pão para comer e vestes para vestir,",28,True,True,True
28,21,Gênesis 28:21,וְשַׁבְתִּ֥י בְשָׁל֖וֹם אֶל־ בֵּ֣ית אָבִ֑י וְהָיָ֧ה יְהוָ֛ה לִ֖י לֵאלֹהִֽים ׃,ושבתי בשלומ אל בית אבי והיה יהוה לי לאלהימ,10,ואתוב בשלם לבית אבא ויהא מימרא דיי לי לאלהא:,9,"καὶ ἀποστρέψῃ με μετὰ σωτηρίας εἰς τὸν οἶκον τοῦ πατρός μου, καὶ ἔσται μοι Κύριος εἰς θεόν·",17,ܘܐܗܦܘܟ ܒܫܠܡܐ ܠܒܝܬ ܐܒܝ. ܢܗܘܐ ܠܝ ܡܪܝܐ ܐܠܗܐ.,8,"de modo que eu volte em paz à casa de meu pai, e se o Senhor for o meu Deus,",20,True,True,True
28,22,Gênesis 28:22,וְהָאֶ֣בֶן הַזֹּ֗את אֲשֶׁר־ שַׂ֨מְתִּי֙ מַצֵּבָ֔ה יִהְיֶ֖ה בֵּ֣ית אֱלֹהִ֑ים וְכֹל֙ אֲשֶׁ֣ר תִּתֶּן־ לִ֔י עַשֵּׂ֖ר אֲעַשְּׂרֶ֥נּוּ לָֽךְ ׃,והאבנ הזאת אשר שמתי מצבה יהיה בית אלהימ וכל אשר תתנ לי עשר אעשרנו לכ,16,ואבנא הדא די שויתי קמא תהי די אהי פלח עלה מן קדם יי וכל די תתן לי חד מן עשרא אפרשניה קדמך:,22,"καὶ ὁ λίθος οὗτος, ὃν ἔστησα στήλην, ἔσται μοι οἶκος θεοῦ· καὶ πάντων ὧν ἐάν μοι δῷς, δεκάτην ἀποδεκατώσω αὐτά σοι.",21,ܘܟܐܦܐ ܗܕܐ ܕܥܒ̇ܕܬ ܩܝܡܬܐ. ܬܗܘܐ ܒܝܬܗ ܕܐܠܗܐ. ܘܟܠ ܕܬܬܠ ܠܝ ܡܥܣܪܘ ܐܥܣܪ ܠܟ.,13,"então esta pedra que tenho posto como coluna será casa de Deus; e de tudo quanto me deres, certamente te darei o dízimo.",23,True,True,True
29,1,Gênesis 29:1,וַיִּשָּׂ֥א יַעֲקֹ֖ב רַגְלָ֑יו וַיֵּ֖לֶךְ אַ֥רְצָה בְנֵי־ קֶֽדֶם ׃,וישא יעקב רגליו וילכ ארצה בני קדמ,8,ונטל יעקב רגלוהי ואזל לארע בני מדינחא:,7,"Καὶ ἐξάρας Ἰακὼβ τοὺς πόδας ἐπορεύθη εἰς γῆν ἀνατολῶν πρὸς Λαβὰν τὸν υἱὸν Βαθουὴλ τοῦ Σύρου, ἀδελφὸν δὲ Ῥεβέκκας μητρὸς Ἰακὼβ καὶ Ἠσαύ.",23,ܘܐܪܝܡ ܝܥܩܘܒ ܪ̈ܓܠܘܗܝ. ܘܐܙܠ ܠܐܪܥܐ ܕܒ̈ܢܝ ܡܕܢܚܐ.,7,Então pôs-se Jacó a caminho e chegou à terra dos filhos do Oriente.,13,True,True,True
29,2,Gênesis 29:2,וַיַּ֞רְא וְהִנֵּ֧ה בְאֵ֣ר בַּשָּׂדֶ֗ה וְהִנֵּה־ שָׁ֞ם שְׁלֹשָׁ֤ה עֶדְרֵי־ צֹאן֙ רֹבְצִ֣ים עָלֶ֔יהָ כִּ֚י מִן־ הַבְּאֵ֣ר הַהִ֔וא יַשְׁק֖וּ הָעֲדָרִ֑ים וְהָאֶ֥בֶן גְּדֹלָ֖ה עַל־ פִּ֥י הַבְּאֵֽר ׃,וירא והנה באר בשדה והנה שמ שלשה עדרי צאנ רבצימ עליה כי מנ הבאר ההוא ישקו העדרימ והאבנ גדלה על פי הבאר,23,וחזא והא בירא בחקלא והא תמן תלתא עדרין דען רביעין עלה ארי מן בירא ההיא משקן עדריא ואבנא רבתא על פומא דבירא:,22,"καὶ ὁρᾷ, καὶ ἰδοὺ φρέαρ ἐν τῷ πεδίῳ. ἦσαν δὲ ἐκεῖ τρία ποίμνια προβάτων ἀναπαυόμενα ἐπὶ τὸ αὐτό. ἐκ γὰρ τοῦ φρέατος ἐκείνου ἐπότιζον τὰ ποίμνια· λίθος δὲ ἦν μέγας ἐπὶ τῷ στόματι τοῦ φρέατος.",35,ܘܚ̣ܙܐ ܘܗܐ ܒܪܐ ܒܚܩܠܐ. ܘܬܡܢ ܬܠܬܐ ܓܙܪ̈ܝܢ ܕܥܢܐ ܪ̈ܒܝܥܝܢ ܥܠܝܗ̇. ܡܛܠ ܕܡܢ ܒܪܐ ܗ̇ܝ ܫܬܝܢ ܓܙܪ̈ܐ. ܘܟܐܦܐ ܪܒܬܐ ܥܠ ܦܘܡܗ̇ ܕܒܪܐ.,21,"E olhando, viu ali um poço no campo, e três rebanhos de ovelhas deitadas junto dele; pois desse poço se dava de beber aos rebanhos; e havia uma grande pedra sobre a boca do poço.",35,True,True,True
29,3,Gênesis 29:3,וְנֶאֶסְפוּ־ שָׁ֣מָּה כָל־ הָעֲדָרִ֗ים וְגָלֲל֤וּ אֶת־ הָאֶ֨בֶן֙ מֵעַל֙ פִּ֣י הַבְּאֵ֔ר וְהִשְׁק֖וּ אֶת־ הַצֹּ֑אן וְהֵשִׁ֧יבוּ אֶת־ הָאֶ֛בֶן עַל־ פִּ֥י הַבְּאֵ֖ר לִמְקֹמָֽהּ ׃,ונאספו שמה כל העדרימ וגללו את האבנ מעל פי הבאר והשקו את הצאנ והשיבו את האבנ על פי הבאר למקמה,21,ומתכנשין לתמן כל עדריא ומגנדרין ית אבנא מעל פומא דבירא ומשקן ית ענא ומתיבין ית אבנא על פומא דבירא לאתרה:,20,"καὶ συνήγοντο ἐκεῖ πάντα τὰ ποίμνια, καὶ ἀπεκύλιον τὸν λίθον ἀπὸ τοῦ στόματος τοῦ φρέατος, καὶ ἐπότιζον τὰ πρόβατα, καὶ ἀπεκαθίστων τὸν λίθον ἐπὶ τὸ στόμα τοῦ φρέατος εἰς τὸν τόπον αὐτοῦ.",32,ܘܡܬܟܢܫܝܢ ܠܬܡܢ ܟܠܗܘܢ ܓܙܪ̈ܐ. ܘܡܥܓܠܝܢ ܟܐܦܐ ܡܢ ܦܘܡܗ̇ ܕܒܪܐ ܘܡܫܩܝܢ ܥܢܐ . ܘܡܗܦܟܝܢ ܟܐܦܐ ܠܦܘܡܗ̇ ܕܒܪܐ ܠܕܘܟܬܗ̇.,17,"Ajuntavam-se ali todos os rebanhos; os pastores removiam a pedra da boca do poço, davam de beber às ovelhas e tornavam a pôr a pedra no seu lugar sobre a boca do poço.",33,True,True,True
29,4,Gênesis 29:4,וַיֹּ֤אמֶר לָהֶם֙ יַעֲקֹ֔ב אַחַ֖י מֵאַ֣יִן אַתֶּ֑ם וַיֹּ֣אמְר֔וּ מֵחָרָ֖ן אֲנָֽחְנוּ ׃,ויאמר להמ יעקב אחי מאינ אתמ ויאמרו מחרנ אנחנו,10,ואמר להון יעקב אחי מנן אתון ואמרו מחרן אנחנא:,9,"εἶπεν δὲ αὐτοῖς Ἰακώβ Ἀδελφοί, πόθεν ἐστὲ ὑμεῖς; οἱ δὲ εἶπαν Ἐκ Χαρράν ἐσμεν.",14,ܐܡ̇ܪ ܠܗܘܢ ܝܥܩܘܒ. ܐ̈ܚܝ ܐܝܡܟܐ ܐܢܬܘܢ. ܐܡܪܝܢ ܠܗ ܡܢ ܚܪܢ ܚܢܢ.,11,"Perguntou-lhes Jacó: Meus irmãos, donde sois? Responderam eles: Somos de Harã.",11,True,True,True
29,5,Gênesis 29:5,וַיֹּ֣אמֶר לָהֶ֔ם הַיְדַעְתֶּ֖ם אֶת־ לָבָ֣ן בֶּן־ נָח֑וֹר וַיֹּאמְר֖וּ יָדָֽעְנוּ ׃,ויאמר להמ הידעתמ את לבנ בנ נחור ויאמרו ידענו,10,ואמר להון הידעתון ית לבן בר נחור ואמרו ידענן:,9,εἶπεν δὲ αὐτοῖς Γινώσκετε Λαβὰν τὸν υἱὸν Ναχώρ; οἱ δὲ εἶπαν Γινώσκομεν.,12,ܐܡ̇ܪ ܠܗܘܢ. ܝܕܥܝܢ ܐܢܬܘܢ ܠܠܒܢ ܒܪ ܢܚܘܪ. ܐܡܪ̈ܝܢ ܠܗ . ܝܕܥܝܢܢ.,11,"Perguntou-lhes mais: Conheceis a Labão, filho de Naor; Responderam: Conhecemos.",10,True,True,True
29,6,Gênesis 29:6,וַיֹּ֥אמֶר לָהֶ֖ם הֲשָׁל֣וֹם ל֑וֹ וַיֹּאמְר֣וּ שָׁל֔וֹם וְהִנֵּה֙ רָחֵ֣ל בִּתּ֔וֹ בָּאָ֖ה עִם־ הַצֹּֽאן ׃,ויאמר להמ השלומ לו ויאמרו שלומ והנה רחל בתו באה עמ הצאנ,13,ואמר להון השלם ליה ואמרו שלם והא רחל ברתיה אתיא עם ענא:,12,εἶπεν δὲ αὐτοῖς Ὑγιαίνει; οἱ δὲ εἶπαν Ὑγιαίνει. ἔτι αὐτοῦ λαλοῦντος καὶ ἰδοὺ Ῥαχὴλ ἡ θυγάτηρ αὐτοῦ ἤρχετο μετὰ τῶν προβάτων τοῦ πατρὸς αὐτῆς· αὐτὴ γὰρ ἔβοσκεν τὰ πρόβατα τοῦ πατρὸς αὐτῆς.,32,ܐܡ̇ܪ ܠܗܘܢ ܫ̣ܠܡ ܗܘ. ܐܡܪܝܢ ܠܗ ܫܠܡ . ܘܗܐ ܪܚܝܠ ܒܪܬܗ ܐܬܝܐ ܥܡ ܥܢܐ.,14,"Perguntou-lhes ainda: vai ele bem? Responderam: Vai bem; e eis ali Raquel, sua filha, que vem chegando com as ovelhas.",20,True,True,True
29,7,Gênesis 29:7,וַיֹּ֗אמֶר הֵ֥ן עוֹד֙ הַיּ֣וֹם גָּד֔וֹל לֹא־ עֵ֖ת הֵאָסֵ֣ף הַמִּקְנֶ֑ה הַשְׁק֥וּ הַצֹּ֖אן וּלְכ֥וּ רְעֽוּ ׃,ויאמר הנ עוד היומ גדול לא עת האספ המקנה השקו הצאנ ולכו רעו,14,ואמר הא עוד יומא סגי לא עדן למכנש בעיר אשקו ענא ואזילו רעו:,13,"καὶ εἶπεν Ἰακώβ Ἔτι ἐστὶν ἡμέρα πολλή, οὔπω ὥρα συναχθῆναι τὰ κτήνη· ποτίσαντες τὰ πρόβατα ἀπελθόντες βόσκετε.",17,ܐܡ̇ܪ ܠܗܘܢ ܝܥܩܘܒ . ܗܐ ܥܕܟܝܠ ܝܘܡܐ ܩܝܡ. ܠܐ ܗܘ̣ܐ ܙܒܢܐ ܠܡܟܢܫ ܒܥܝܪ̈ܐ . ܐܫܩܘ ܥܢܐ ܘܙܠܘ ܐܪܥܘ.,18,"Disse ele: Eis que ainda vai alto o dia; não é hora de se ajuntar o gado; dai de beber às ovelhas, e ide apascentá-las.",25,True,True,True
29,8,Gênesis 29:8,וַיֹּאמְרוּ֮ לֹ֣א נוּכַל֒ עַ֣ד אֲשֶׁ֤ר יֵאָֽסְפוּ֙ כָּל־ הָ֣עֲדָרִ֔ים וְגָֽלֲלוּ֙ אֶת־ הָאֶ֔בֶן מֵעַ֖ל פִּ֣י הַבְּאֵ֑ר וְהִשְׁקִ֖ינוּ הַצֹּֽאן ׃,ויאמרו לא נוכל עד אשר יאספו כל העדרימ וגללו את האבנ מעל פי הבאר והשקינו הצאנ,17,ואמרו לא נכול עד די מתכנשין כל עדריא ויגנדרון ית אבנא מעל פומא דבירא ונשקי ענא:,16,"οἱ δὲ εἶπαν Οὐ δυνησόμεθα ἕως τοῦ συναχθῆναι πάντας τοὺς ποιμένας, καὶ ἀποκυλίσωσι τὸν λίθον ἀπὸ τοῦ στόματος τοῦ φρέατος, καὶ ποτιοῦμεν τὰ πρόβατα.",24,ܐܡܪܝܢ ܠܗ . ܠܐ ܡܫܟܚܝܢܢ ܥܕܡܐ ܕܡܬܟܢܫܝܢ ܟܠܗܘܢ ܓܙܪ̈ܐ. ܘܡܥܓܠܝܢ ܟܐܦܐ ܡܢ ܦܘܡܗ̇ ܕܒܪܐ. ܘܡܫܩܝܢ ܚܢܢ ܥܢܐ.,17,"Responderam: Não podemos, até que todos os rebanhos se ajuntem, e seja removida a pedra da boca do poço; assim é que damos de beber às ovelhas.",27,True,True,True
29,9,Gênesis 29:9,עוֹדֶ֖נּוּ מְדַבֵּ֣ר עִמָּ֑ם וְרָחֵ֣ל ׀ בָּ֗אָה עִם־ הַצֹּאן֙ אֲשֶׁ֣ר לְאָבִ֔יהָ כִּ֥י רֹעָ֖ה הִֽוא ׃,עודנו מדבר עממ ורחל באה עמ הצאנ אשר לאביה כי רעה הוא,14,עד דהוא ממלל עמהון ורחל אתת עם ענא די לאבוה ארי רעיתא היא:,13,"ἔτι αὐτοῦ λαλοῦντος αὐτοῖς, καὶ Ῥαχὴλ ἡ θυγάτηρ Λαβὰν ἤρχετο μετὰ τῶν προβάτων τοῦ πατρὸς αὐτῆς· αὐτὴ γὰρ ἔβοσκεν τὰ πρόβατα τοῦ πατρὸς αὐτῆς.",24,ܘܥܕ ܗ̣ܘ ܡܡܠܠ ܥܡܗܘܢ. ܪܚܝܠ ܐܬܬ ܥܡ ܥܢܐ ܕܐܒܘܗ̇ ܡܛܠ ܕܪܥܝܬܐ ܗܝ.,12,"Enquanto Jacó ainda lhes falava, chegou Raquel com as ovelhas de seu pai; porquanto era ela quem as apascentava.",19,True,True,True
29,10,Gênesis 29:10,וַיְהִ֡י כַּאֲשֶׁר֩ רָאָ֨ה יַעֲקֹ֜ב אֶת־ רָחֵ֗ל בַּת־ לָבָן֙ אֲחִ֣י אִמּ֔וֹ וְאֶת־ צֹ֥אן לָבָ֖ן אֲחִ֣י אִמּ֑וֹ וַיִּגַּ֣שׁ יַעֲקֹ֗ב וַיָּ֤גֶל אֶת־ הָאֶ֨בֶן֙ מֵעַל֙ פִּ֣י הַבְּאֵ֔ר וַיַּ֕שְׁקְ אֶת־ צֹ֥אן לָבָ֖ן אֲחִ֥י אִמּֽוֹ ׃,ויהי כאשר ראה יעקב את רחל בת לבנ אחי אמו ואת צאנ לבנ אחי אמו ויגש יעקב ויגל את האבנ מעל פי הבאר וישק את צאנ לבנ אחי אמו,30,והוה כד חזא יעקב ית רחל בת לבן אחוהא דאמיה וית ענא דלבן אחוהא דאמיה וקרב יעקב וגנדר ית אבנא מעל פומא דבירא ואשקי ית ענא דלבן אחוהא דאמיה:,29,"ἐγένετο δὲ ὡς ἴδεν Ἰακὼβ τὴν Ῥαχὴλ θυγατέρα ⸆ Λαβὰν ἀδελφοῦ τῆς μητρὸς αὐτοῦ, καὶ προσελθὼν Ἰακὼβ ἀπεκύλισεν τὸν λίθον ἀπὸ τοῦ στόματος τοῦ φρέατος, καὶ ἐπότισεν τὰ πρόβατα Λαβὰν τοῦ ἀδελφοῦ τῆς μητρὸς αὐτοῦ.",35,ܘܟܕ ܚܙܗ̇ ܝܥܩܘܒ ܠܪܚܝܠ. ܒܪܬ ܠܒܢ ܐܚܘܗ̇ ܕܐܡܗ. ܘܠܥܢܐ ܕܠܒܢ ܐܚܘܗ̇ ܕܐܡܗ. ܩܪ̣ܒ ܝܥܩܘܒ ܘܥܓܠ ܟܐܦܐ ܡܢ ܦܘܡܗ̇ ܕܒܪܐ. ܘܐܫܩܝ ܠܥܢܐ ܕܠܒܢ ܐܚܘܗ̇ ܕܐܡܗ.,24,"Quando Jacó viu a Raquel, filha de Labão, irmão de sua mãe, e as ovelhas de Labão, irmão de sua mãe, chegou-se, revolveu a pedra da boca do poço e deu de beber às ovelhas de Labão, irmão de sua mãe.",41,True,True,True
29,11,Gênesis 29:11,וַיִּשַּׁ֥ק יַעֲקֹ֖ב לְרָחֵ֑ל וַיִּשָּׂ֥א אֶת־ קֹל֖וֹ וַיֵּֽבְךְּ ׃,וישק יעקב לרחל וישא את קלו ויבכ,8,ונשק יעקב לרחל וארם ית קליה ובכא:,7,"καὶ ἐφίλησεν Ἰακὼβ τὴν Ῥαχήλ, καὶ βοήσας τῇ φωνῇ αὐτοῦ ἔκλαυσεν.",11,ܘܢܫܩܗ̇ ܝܥܩܘܒ ܠܪܚܝܠ. ܘܐܪܝܡ ܩܠܗ ܘܒܟ̣ܐ.,6,"Então Jacó beijou a Raquel e, levantando a voz, chorou.",10,True,True,True
29,12,Gênesis 29:12,וַיַּגֵּ֨ד יַעֲקֹ֜ב לְרָחֵ֗ל כִּ֣י אֲחִ֤י אָבִ֨יהָ֙ ה֔וּא וְכִ֥י בֶן־ רִבְקָ֖ה ה֑וּא וַתָּ֖רָץ וַתַּגֵּ֥ד לְאָבִֽיהָ ׃,ויגד יעקב לרחל כי אחי אביה הוא וכי בנ רבקה הוא ותרצ ותגד לאביה,15,וחוי יעקב לרחל ארי בר אחה דאבוה הוא וארי בר רבקה הוא ורהטת וחויאת לאבוה:,15,"καὶ ἀνήγγειλεν τῇ Ῥαχὴλ ὅτι ἀδελφὸς τοῦ πατρὸς αὐτῆς ἐστίν, καὶ ὅτι υἱὸς Ῥεβέκκας ἐστίν· ⸂⸆⸃ καὶ δραμοῦσα ἀπήγγειλεν τῷ πατρὶ αὐτῆς ⸆ κατὰ τὰ ῥήματα ταῦτα.",27,ܘܚܘܝ ܝܥܩܘܒ ܠܪܚܝܠ ܕܐܚܐ ܗܘ ܕܐܒܘܗ̇. ܘܕܒܪ ܪܦܩܐ ܗܘ. ܘܪܗ̣ܛܬ ܘܚ̣ܘܝܬ ܠܐܒܘܗ̇ .,13,"E Jacó anunciou a Raquel que ele era irmão de seu pai, e que era filho de Rebeca. Raquel, pois foi correndo para anunciá-lo a, seu pai.",27,True,True,True
29,13,Gênesis 29:13,וַיְהִי֩ כִשְׁמֹ֨עַ לָבָ֜ן אֶת־ שֵׁ֣מַע ׀ יַעֲקֹ֣ב בֶּן־ אֲחֹת֗וֹ וַיָּ֤רָץ לִקְרָאתוֹ֙ וַיְחַבֶּק־ לוֹ֙ וַיְנַשֶּׁק־ ל֔וֹ וַיְבִיאֵ֖הוּ אֶל־ בֵּית֑וֹ וַיְסַפֵּ֣ר לְלָבָ֔ן אֵ֥ת כָּל־ הַדְּבָרִ֖ים הָאֵֽלֶּה ׃,ויהי כשמע לבנ את שמע יעקב בנ אחתו וירצ לקראתו ויחבק לו וינשק לו ויביאהו אל ביתו ויספר ללבנ את כל הדברימ האלה,25,והוה כד שמע לבן ית שמע יעקב בר אחתיה ורהט לקדמותיה וגפף ליה ונשיק ליה ואעליה לביתיה ואשתעי ללבן ית כל פתגמיא האלין:,23,"καὶ ἐγένετο ὡς ἤκουσεν Λαβὰν τὸ ὄνομα Ἰακὼβ τοῦ υἱοῦ τῆς ἀδελφῆς αὐτοῦ, ἔδραμεν εἰς συνάντησιν αὐτοῦ, καὶ περιλαβὼν αὐτὸν ἐφίλησεν, καὶ εἰσήγαγεν αὐτὸν εἰς τὸν οἶκον αὐτοῦ· καὶ διηγήσατο τῷ Λαβὰν πάντας τοὺς λόγους τούτους.",36,ܘܟܕ ܫܡ̣ܥ ܠܒܢ ܫܡܥܐ ܕܝܥܩܘܒ ܒܪ ܚܬܗ. ܪܗ̣ܛ ܠܐܘܪܥܗ ܘܥܦܩܗ ܘܢܫܩܗ. ܘܐܝܬܝܗ ܠܒܝܬܗ. ܘܐܫܬܥܝ ܠܠܒܢ ܟܠܗܝܢ ܡ̈ܠܐ ܗܠܝܢ.,18,"Quando Labão ouviu essas novas de Jacó, filho de sua irmã, correu-lhe ao encontro, abraçou-o, beijou-o e o levou à sua casa. E Jacó relatou a Labão todas essas, coisas.",30,True,True,True
29,14,Gênesis 29:14,וַיֹּ֤אמֶר לוֹ֙ לָבָ֔ן אַ֛ךְ עַצְמִ֥י וּבְשָׂרִ֖י אָ֑תָּה וַיֵּ֥שֶׁב עִמּ֖וֹ חֹ֥דֶשׁ יָמִֽים ׃,ויאמר לו לבנ אכ עצמי ובשרי אתה וישב עמו חדש ימימ,12,ואמר ליה לבן ברם קריבי ובשרי את ויתיב עמיה ירח יומין:,11,καὶ εἶπεν αὐτῷ Λαβάν Ἐκ τῶν ὀστῶν μου καὶ ἐκ τῆς σαρκός μου εἶ σύ· καὶ ἦν μετ᾽ αὐτοῦ ⸂⸆⸃ μῆνα ἡμερῶν.,22,ܐܡ̇ܪ ܠܗ ܠܒܢ. ܫܪܝܪܐܝܬ ܓܪܡܝ ܐܢܬ ܘܒܣܪܝ. ܘܝܬ̣ܒ ܠܘܬܗ ܝܪܚ ܝܘܡ̈ܝܢ.,11,Disse-lhe Labão: Verdadeiramente tu és meu osso e minha carne. E Jacó ficou com ele um mês inteiro.,18,True,True,True
29,15,Gênesis 29:15,וַיֹּ֤אמֶר לָבָן֙ לְיַעֲקֹ֔ב הֲכִי־ אָחִ֣י אַ֔תָּה וַעֲבַדְתַּ֖נִי חִנָּ֑ם הַגִּ֥ידָה לִּ֖י מַה־ מַּשְׂכֻּרְתֶּֽךָ ׃,ויאמר לבנ ליעקב הכי אחי אתה ועבדתני חנמ הגידה לי מה משכרתכ,13,ואמר לבן ליעקב המדאחי את ותפלחנני מגן חוי לי מה אגרך:,11,"εἶπεν δὲ Λαβὰν τῷ Ἰακώβ Ὅτι γὰρ ἀδελφός μου εἶ, οὐ δουλεύσεις μοι δωρεάν· ἀπάγγειλόν μοι τίς ὁ μισθός σού ἐστιν.",21,ܘܐܡ̣ܪ ܠܒܢ ܠܝܥܩܘܒ. ܫܪܝܪܐܝܬ ܐܚܝ ܐܢܬ. ܬܦܠܚܢܝ ܡܓܢ. ܚܘܢܝ ܡܢܘ ܐܓܪܟ.,11,"Depois perguntou Labão a Jacó: Por seres meu irmão hás de servir-me de graça? Declara-me, qual será o teu salário?",20,True,True,True
29,16,Gênesis 29:16,וּלְלָבָ֖ן שְׁתֵּ֣י בָנ֑וֹת שֵׁ֤ם הַגְּדֹלָה֙ לֵאָ֔ה וְשֵׁ֥ם הַקְּטַנָּ֖ה רָחֵֽל ׃,וללבנ שתי בנות שמ הגדלה לאה ושמ הקטנה רחל,10,וללבן תרתין בנן שום רבתא לאה ושום זערתא רחל:,9,"τῷ δὲ Λαβὰν ἦσαν δύο θυγατέρες· ὄνομα τῇ μείζονι Λεία, καὶ ὄνομα τῇ νεωτέρᾳ Ῥαχήλ.",15,ܘܠܠܒܢ ܐܝܬ ܗ̈ܘܝ ܬܪ̈ܬܝܢ ܒܢ̈ܢ. ܫܡܗ̇ ܕܩܫܝܫܬܐ ܠܝܐ. ܘܫܡܗ̇ ܕܙܥܘܪܬܐ ܪܚܝܠ.,11,"Ora, Labão tinha duas filhas; o nome da mais velha era Léia, e o da mais moça Raquel.",18,True,True,True
29,17,Gênesis 29:17,וְעֵינֵ֥י לֵאָ֖ה רַכּ֑וֹת וְרָחֵל֙ הָֽיְתָ֔ה יְפַת־ תֹּ֖אַר וִיפַ֥ת מַרְאֶֽה ׃,ועיני לאה רכות ורחל היתה יפת תאר ויפת מראה,10,ועיני לאה יאין ורחל הות שפירא בריוא ויאיא בחזוא:,9,οἱ δὲ ὀφθαλμοὶ Λείας ἀσθενεῖς· Ῥαχὴλ δὲ ἦν καλὴ τῷ εἴδει καὶ ὡραία τῇ ὄψει.,15,ܘܥܝܢ̈ܝܗ̇ ܕܠܝܐ ܪ̈ܟܝܟܢ . ܘܪܚܝܠ ܫܦܝܪܐ ܗܘܬ ܒܚܙܘܗ̇. ܘܝܐܐ ܩܘܒܠܠܗ̇.,10,"Léia tinha os olhos enfermos, enquanto que Raquel era formosa de porte e de semblante.",15,True,True,True
29,18,Gênesis 29:18,וַיֶּאֱהַ֥ב יַעֲקֹ֖ב אֶת־ רָחֵ֑ל וַיֹּ֗אמֶר אֶֽעֱבָדְךָ֙ שֶׁ֣בַע שָׁנִ֔ים בְּרָחֵ֥ל בִּתְּךָ֖ הַקְּטַנָּֽה ׃,ויאהב יעקב את רחל ויאמר אעבדכ שבע שנימ ברחל בתכ הקטנה,12,ורחם יעקב ית רחל ואמר אפלחנך שבע שנין ברחל ברתך זערתא:,11,"ἠγάπησεν δὲ Ἰακὼβ τὴν Ῥαχήλ, καὶ εἶπεν Δουλεύσω σοι ἑπτὰ ἔτη περὶ Ῥαχὴλ τῆς θυγατρός σου τῆς νεωτέρας.",18,ܘܪܚ̣ܡ ܝܥܩܘܒ ܠܪܚܝܠ ܘܐܡ̣ܪ. ܐܦܠܚܟ ܫܒܥ ܫ̈ܢܝܢ ܒܪܚܝܠ ܒܪܬܟ ܙܥܘܪܬܐ.,10,"Jacó, porquanto amava a Raquel, disse: Sete anos te servirei para ter a Raquel, tua filha mais moça.",18,True,True,True
29,19,Gênesis 29:19,וַיֹּ֣אמֶר לָבָ֗ן ט֚וֹב תִּתִּ֣י אֹתָ֣הּ לָ֔ךְ מִתִּתִּ֥י אֹתָ֖הּ לְאִ֣ישׁ אַחֵ֑ר שְׁבָ֖ה עִמָּדִֽי ׃,ויאמר לבנ טוב תתי אתה לכ מתתי אתה לאיש אחר שבה עמדי,13,ואמר לבן טב דאתן יתה לך מדאתן יתה לגבר אחרן תיב עמי:,12,εἶπεν δὲ αὐτῷ Λαβάν Βέλτιον δοῦναί με αὐτὴν σοὶ ἢ δοῦναί με αὐτὴν ἀνδρὶ ἑτέρῳ· οἴκησον μετ᾽ ἐμοῦ.,18,ܐܡ̇ܪ ܠܗ ܠܒܢ. ܦܩܚ ܕܐܬܠܝܗ̇ ܠܟ ܡܢ ܕܐܬܠܝܗ̇ ܠܐܢܫ ܐܚܪܝܢ. ܬܒ ܥܡܝ.,12,Respondeu Labão: Melhor é que eu a dê a ti do que a outro; fica comigo.,16,True,True,True
29,20,Gênesis 29:20,וַיַּעֲבֹ֧ד יַעֲקֹ֛ב בְּרָחֵ֖ל שֶׁ֣בַע שָׁנִ֑ים וַיִּהְי֤וּ בְעֵינָיו֙ כְּיָמִ֣ים אֲחָדִ֔ים בְּאַהֲבָת֖וֹ אֹתָֽהּ ׃,ויעבד יעקב ברחל שבע שנימ ויהיו בעיניו כימימ אחדימ באהבתו אתה,12,ופלח יעקב ברחל שבע שנין והוו בעינוהי כיומין זעירין כד רחים יתה:,12,καὶ ἐδούλευσεν Ἰακὼβ περὶ Ῥαχὴλ ἑπτὰ ἔτη.,7,ܘܦܠ̣ܚ ܝܥܩܘܒ ܒܪܚܝܠ ܫܒܥ ܫ̈ܢܝܢ. ܘܗ̈ܘܝ ܒܥܝܢ̈ܘܗܝ ܐܝܟ ܝܘܡ̈ܬܐ ܙܥܘܪ̈ܐ. ܡܛܠ ܕܪܚ̇ܡ ܗܘ̣ܐ ܠܗ̇.,14,"Assim serviu Jacó sete anos por causa de Raquel; e estes lhe pareciam como poucos dias, pelo muito que a amava.",21,True,True,True
29,21,Gênesis 29:21,וַיֹּ֨אמֶר יַעֲקֹ֤ב אֶל־ לָבָן֙ הָבָ֣ה אֶת־ אִשְׁתִּ֔י כִּ֥י מָלְא֖וּ יָמָ֑י וְאָב֖וֹאָה אֵלֶֽיהָ ׃,ויאמר יעקב אל לבנ הבה את אשתי כי מלאו ימי ואבואה אליה,13,ואמר יעקב ללבן הב ית אתתי ארי אשלמית יומי פלחני ואעול לותה:,12,"εἶπεν δὲ Ἰακὼβ τῷ Λαβάν Ἀπόδος μοι τὴν γυναῖκά μου, πεπλήρωνται γὰρ αἱ ἡμέραι μου, ὅπως εἰσέλθω πρὸς αὐτήν.",19,ܘܐܡ̣ܪ ܝܥܩܘܒ ܠܠܒܢ. ܗܒ ܠܝ ܐܢܬܬܝ. ܡܛܠ ܕܫܠܡܘ ܝܘܡ̈ܬܐ. ܘܐܥܘܠ ܠܘܬܗ̇.,11,"Então Jacó disse a Labão: Dá-me minha mulher, porque o tempo já está cumprido; para que eu a tome por mulher.",21,True,True,True
29,22,Gênesis 29:22,וַיֶּאֱסֹ֥ף לָבָ֛ן אֶת־ כָּל־ אַנְשֵׁ֥י הַמָּק֖וֹם וַיַּ֥עַשׂ מִשְׁתֶּֽה ׃,ויאספ לבנ את כל אנשי המקומ ויעש משתה,9,וכנש לבן ית כל אנשי אתרא ועבד משתיא:,8,συνήγαγεν δὲ Λαβὰν πάντας τοὺς ἄνδρας τοῦ τόπου καὶ ἐποίησεν γάμον.,11,ܘܟ̇ܢܫ ܠܒܢ ܠܟܠܗܘܢ ܐܢܫ̈ܝ ܐܬܪܐ. ܘܥܒ̣ܕ ܡܫܬܝܐ.,7,"Reuniu, pois, Labão todos os homens do lugar, e fez um banquete.",12,True,True,True
29,23,Gênesis 29:23,וַיְהִ֣י בָעֶ֔רֶב וַיִּקַּח֙ אֶת־ לֵאָ֣ה בִתּ֔וֹ וַיָּבֵ֥א אֹתָ֖הּ אֵלָ֑יו וַיָּבֹ֖א אֵלֶֽיהָ ׃,ויהי בערב ויקח את לאה בתו ויבא אתה אליו ויבא אליה,12,והוה ברמשא ודבר ית לאה ברתיה ואעיל יתה לותיה ועל לותה:,11,"καὶ ἐγένετο ἑσπέρα, καὶ λαβὼν Λείαν τὴν θυγατέρα αὐτοῦ εἰσήγαγεν αὐτὴν πρὸς Ἰακώβ, καὶ εἰσῆλθεν πρὸς αὐτὴν Ἰακώβ.",18,ܘܟܕ ܗܘ̣ܐ ܪܡܫܐ. ܕܒ̣ܪ ܠܠܝܐ ܒܪܬܗ ܘܐܥܠܗ̇ ܠܘܬܗ. ܘܥܠ ܥܠܝܗ̇.,10,"À tarde tomou a Léia, sua filha e a trouxe a Jacó, que esteve com ela.",16,True,True,True
29,24,Gênesis 29:24,וַיִּתֵּ֤ן לָבָן֙ לָ֔הּ אֶת־ זִלְפָּ֖ה שִׁפְחָת֑וֹ לְלֵאָ֥ה בִתּ֖וֹ שִׁפְחָֽה ׃,ויתנ לבנ לה את זלפה שפחתו ללאה בתו שפחה,10,ויהב לבן לה ית זלפה אמתיה ללאה ברתיה לאמהו:,9,ἔδωκεν δὲ Λαβὰν Ζέλφαν Λείᾳ τῇ θυγατρὶ αὐτοῦ τὴν παιδίσκην αὐτοῦ αὐτῇ παιδίσκην.,13,ܘܝܗ̣ܒ ܠܗ̇ ܠܒܢ ܠܠܝܐ ܒܪܬܗ. ܠܙܠܦܐ ܐܡܬܗ ܐܡܬܐ.,8,"E Labão deu sua serva Zilpa por serva a Léia, sua filha.",12,True,True,True
29,25,Gênesis 29:25,וַיְהִ֣י בַבֹּ֔קֶר וְהִנֵּה־ הִ֖וא לֵאָ֑ה וַיֹּ֣אמֶר אֶל־ לָבָ֗ן מַה־ זֹּאת֙ עָשִׂ֣יתָ לִּ֔י הֲלֹ֤א בְרָחֵל֙ עָבַ֣דְתִּי עִמָּ֔ךְ וְלָ֖מָּה רִמִּיתָֽנִי ׃,ויהי בבקר והנה הוא לאה ויאמר אל לבנ מה זאת עשית לי הלא ברחל עבדתי עמכ ולמה רמיתני,19,והוה בצפרא והא היא לאה ואמר ללבן מה דא עבדת לי הלא ברחל פלחית עמך ולמא שקרת בי:,18,"ἐγένετο δὲ πρωί, καὶ ἰδοὺ ἦν Λεία· εἶπεν δὲ Ἰακὼβ Λαβάν Τί τοῦτο ἐποίησάς μοι; οὐ περὶ Ῥαχὴλ ἐδούλευσα σοί; καὶ ἵνα τί παρελογίσω με;",25,ܘܟܕ ܗܘ̣ܐ ܨܦܪܐ ܘܚܙܐ ܕܠܝܐ ܗܝ. ܐܡ̣ܪ ܠܠܒܢ. ܡܢܐ ܗܘ ܗܢܐ ܕܥܒ̣ܕܬ ܠܝ. ܗܐ ܒܪܚܝܠ ܦܠܚ̇ܬ ܥܡܟ. ܠܡܢܐ ܢܟܠܬܢܝ.,19,"Quando amanheceu, eis que era Léia; pelo que perguntou Jacó a Labão: Que é isto que me fizeste? Porventura não te servi em troca de Raquel? Por que, então, me enganaste?",31,True,True,True
29,26,Gênesis 29:26,וַיֹּ֣אמֶר לָבָ֔ן לֹא־ יֵעָשֶׂ֥ה כֵ֖ן בִּמְקוֹמֵ֑נוּ לָתֵ֥ת הַצְּעִירָ֖ה לִפְנֵ֥י הַבְּכִירָֽה ׃,ויאמר לבנ לא יעשה כנ במקומנו לתת הצעירה לפני הבכירה,11,ואמר לבן לא אתעבד כדין באתרנא למתן זערתא קדם רבתא:,10,"εἶπεν δὲ Λαβάν Οὐκ ἔστιν οὕτως ἐν τῷ τόπῳ ἡμῶν, δοῦναι τὴν νεωτέραν πρὶν ἢ τὴν πρεσβυτέραν·",17,ܘܐܡ̣ܪ ܠܒܢ ܠܝܥܩܘܒ . ܠܐ ܡܬܥܒܕ ܗܟܢܐ ܒܐܬܪܢ. ܠܡܬܠ ܙܥܘܪܬܐ ܩܕܡ ܩܫܝܫܬܐ.,12,Respondeu Labão: Não se faz assim em nossa terra; não se dá a menor antes da primogênita.,17,True,True,True
29,27,Gênesis 29:27,מַלֵּ֖א שְׁבֻ֣עַ זֹ֑את וְנִתְּנָ֨ה לְךָ֜ גַּם־ אֶת־ זֹ֗את בַּעֲבֹדָה֙ אֲשֶׁ֣ר תַּעֲבֹ֣ד עִמָּדִ֔י ע֖וֹד שֶֽׁבַע־ שָׁנִ֥ים אֲחֵרֽוֹת ׃,מלא שבע זאת ונתנה לכ גמ את זאת בעבדה אשר תעבד עמדי עוד שבע שנימ אחרות,17,אשלים שבועתא דדא ונתן לך אף ית דא בפלחנא די תפלח עמי עוד שבע שנין אחרנין:,16,"συντέλεσον οὖν τὰ ἕβδομα ταύτης, καὶ δώσω σοι καὶ ταύτην ἀντὶ τῆς ἐργασίας ἧς ἐργᾷ παρ᾽ ἐμοὶ ἔτι ἑπτὰ ἔτη ἕτερα.",21,ܫ̇ܠܡ ܡܫܬܘܬܗ̇ ܕܗܕܐ. ܘܐܬܠ ܠܟ ܐܦ ܗ̇ܝ ܒܦܘܠܚܢܐ ܕܬܦܠܘܚ ܥܡܝ. ܬܘܒ ܫܒܥ ܫ̈ܢܝܢ ܐܚܪ̈ܢܝܢ.,14,"Cumpre a semana desta; então te daremos também a outra, pelo trabalho de outros sete anos que ainda me servirás.",20,True,True,True
29,28,Gênesis 29:28,וַיַּ֤עַשׂ יַעֲקֹב֙ כֵּ֔ן וַיְמַלֵּ֖א שְׁבֻ֣עַ זֹ֑את וַיִּתֶּן־ ל֛וֹ אֶת־ רָחֵ֥ל בִּתּ֖וֹ ל֥וֹ לְאִשָּֽׁה ׃,ויעש יעקב כנ וימלא שבע זאת ויתנ לו את רחל בתו לו לאשה,14,ועבד יעקב כן ואשלים שבועתא דדא ויהב ליה ית רחל ברתיה ליה לאנתו:,13,"ἐποίησεν δὲ Ἰακὼβ οὕτως, καὶ ἀνεπλήρωσεν τὰ ἕβδομα ταύτης· καὶ ἔδωκεν Λαβὰν Ῥαχὴλ τὴν θυγατέρα αὐτοῦ αὐτῷ γυναῖκα.",18,ܘܥܒ̣ܕ ܝܥܩܘܒ ܗܟܢܐ. ܘܡ̇ܠܝ ܡܫܬܘܬܗ̇ ܕܗ̇ܝ. ܘܝܗܒ ܠܗ ܠܪܚܝܠ ܒܪܬܗ ܐܢܬܬܐ.,11,"Assim fez Jacó, e cumpriu a semana de Léia; depois Labão lhe deu por mulher sua filha Raquel.",18,True,True,True
29,29,Gênesis 29:29,וַיִּתֵּ֤ן לָבָן֙ לְרָחֵ֣ל בִּתּ֔וֹ אֶת־ בִּלְהָ֖ה שִׁפְחָת֑וֹ לָ֖הּ לְשִׁפְחָֽה ׃,ויתנ לבנ לרחל בתו את בלהה שפחתו לה לשפחה,10,ויהב לבן לרחל ברתיה ית בלהה אמתיה לה לאמהו:,9,ἔδωκεν δὲ Λαβὰν Ῥαχὴλ τῇ θυγατρὶ αὐτοῦ ⸆ Βάλλαν τὴν παιδίσκην αὐτοῦ αὐτῇ παιδίσκην.,14,ܘܝܗ̣ܒ ܠܒܢ ܠܪܚܝܠ ܒܪܬܗ. ܠܒܠܗܐ ܐܡܬܗ ܐܡܬܐ.,7,"E Labão deu sua serva Bila por serva a Raquel, sua filha.",12,True,True,True
29,30,Gênesis 29:30,וַיָּבֹא֙ גַּ֣ם אֶל־ רָחֵ֔ל וַיֶּאֱהַ֥ב גַּֽם־ אֶת־ רָחֵ֖ל מִלֵּאָ֑ה וַיַּעֲבֹ֣ד עִמּ֔וֹ ע֖וֹד שֶֽׁבַע־ שָׁנִ֥ים אֲחֵרֽוֹת ׃,ויבא גמ אל רחל ויאהב גמ את רחל מלאה ויעבד עמו עוד שבע שנימ אחרות,16,ועל אף לות רחל ורחים אף ית רחל מלאה ופלח עמיה עוד שבע שנין אחרנין:,15,καὶ εἰσῆλθεν πρὸς Ῥαχήλ· ἠγάπησεν δὲ Ῥαχὴλ μᾶλλον ἢ Λείαν· καὶ ἐδούλευσεν αὐτῷ ἑπτὰ ἔτη ἕτερα.,16,ܘܥܠ ܐܦ ܥܠ ܪܚܝܠ. ܘܪܚܡܗ̇ ܐܦ ܠܪܚܝܠ ܡܢ ܠܝܐ. ܘܦܠܚ̣ ܥܡܗ ܬܘܒ ܫܒܥ ܫ̈ܢܝܢ ܐܚܪ̈ܢܝܢ.,15,Então Jacó esteve também com Raquel; e amou a Raquel muito mais do que a Léia; e serviu com Labão ainda outros sete anos.,24,True,True,True
29,31,Gênesis 29:31,וַיַּ֤רְא יְהוָה֙ כִּֽי־ שְׂנוּאָ֣ה לֵאָ֔ה וַיִּפְתַּ֖ח אֶת־ רַחְמָ֑הּ וְרָחֵ֖ל עֲקָרָֽה ׃,וירא יהוה כי שנואה לאה ויפתח את רחמה ורחל עקרה,11,וחזא יי ארי שניאתא לאה ויהב לה עדוי ורחל עקרא:,10,"Ἰδὼν δὲ Κύριος ὁ θεὸς ὅτι μισεῖται Λεία, ἤνοιξεν τὴν μήτραν αὐτῆς· Ῥαχὴλ δὲ ἦν στεῖρα.",16,ܘܚ̣ܙܐ ܡܪܝܐ ܕܣܢܝܐ ܗܝ ܠܝܐ ܘܦܬ̣ܚ ܡܪܒܥܗ̇. ܘܪܚܝܠ ܥܩܪܬܐ .,10,"Viu, pois, o Senhor que Léia era desprezada e tornou-lhe fecunda a madre; Raquel, porém, era estéril.",17,True,True,True
29,32,Gênesis 29:32,וַתַּ֤הַר לֵאָה֙ וַתֵּ֣לֶד בֵּ֔ן וַתִּקְרָ֥א שְׁמ֖וֹ רְאוּבֵ֑ן כִּ֣י אָֽמְרָ֗ה כִּֽי־ רָאָ֤ה יְהוָה֙ בְּעָנְיִ֔י כִּ֥י עַתָּ֖ה יֶאֱהָבַ֥נִי אִישִֽׁי ׃,ותהר לאה ותלד בנ ותקרא שמו ראובנ כי אמרה כי ראה יהוה בעניי כי עתה יאהבני אישי,18,ועדיאת לאה וילידת בר וקרת שמיה ראובן ארי אמרת ארי גלי קדם יי עלבוני ארי כען ירחמנני בעלי:,18,καὶ συνέλαβεν Λεία καὶ ἔτεκεν υἱὸν τῷ Ἰακώβ· ἐκάλεσεν δὲ τὸ ὄνομα αὐτοῦ Ῥουβὴν λέγουσα Διότι εἶδέν μου Κύριος τὴν ταπείνωσιν· νῦν ἀγαπήσει με ὁ ἀνήρ μου.,27,ܘܒ̣ܛܢܬ ܠܝܐ ܘܝܠ̣ܕܬ ܒܪܐ. ܘܩܪܬ ܫܡܗ ܪܘܒܝܠ ܘܐܡ̣ܪܬ. ܡܛܠ ܕܚ̣ܙܐ ܐܠܗܐ ܫܘܥܒܕܝ. ܗܫܐ ܢܪܚܡܢܝ ܒܥܠܝ.,15,"E Léia concebeu e deu à luz um filho, a quem chamou Rúben; pois disse: Porque o Senhor atendeu à minha aflição; agora me amará meu marido.",27,True,True,True
29,33,Gênesis 29:33,וַתַּ֣הַר עוֹד֮ וַתֵּ֣לֶד בֵּן֒ וַתֹּ֗אמֶר כִּֽי־ שָׁמַ֤ע יְהוָה֙ כִּֽי־ שְׂנוּאָ֣ה אָנֹ֔כִי וַיִּתֶּן־ לִ֖י גַּם־ אֶת־ זֶ֑ה וַתִּקְרָ֥א שְׁמ֖וֹ שִׁמְעֽוֹן ׃,ותהר עוד ותלד בנ ותאמר כי שמע יהוה כי שנואה אנכי ויתנ לי גמ את זה ותקרא שמו שמעונ,20,ועדיאת עוד וילידת בר ואמרת ארי שמיע קדם יי ארי שניאתא אנא ויהב לי אף ית דין וקרת שמיה שמעון:,20,"καὶ συνέλαβεν πάλιν Λεία καὶ ἔτεκεν υἱὸν δεύτερον τῷ Ἰακώβ, καὶ εἶπεν ὅτι Ἤκουσεν Κύριος ὅτι μισοῦμαι, καὶ προσέδωκέν μοι καὶ τοῦτον· καὶ ἐκάλεσεν τὸ ὄνομα αὐτοῦ Συμεών.",28,ܘܒܛܢ̣ܬ ܬܘܒ ܘܝ̣ܠܕܬ ܒܪܐ ܘܐܡ̣ܪܬ. ܡܛܠ ܕܫ̣ܡܥ ܡܪܝܐ ܕܣܢܝܐ ܐܢܐ ܝܗ̣ܒ ܠܝ ܐܦ ܗܢܐ. ܘܩܪܬ ܫܡܗ ܫܡܥܘܢ.,17,"Concebeu outra vez, e deu à luz um filho; e disse: Porquanto o Senhor ouviu que eu era desprezada, deu-me também este. E lhe chamou Simeão.",26,True,True,True
29,34,Gênesis 29:34,וַתַּ֣הַר עוֹד֮ וַתֵּ֣לֶד בֵּן֒ וַתֹּ֗אמֶר עַתָּ֤ה הַפַּ֨עַם֙ יִלָּוֶ֤ה אִישִׁי֙ אֵלַ֔י כִּֽי־ יָלַ֥דְתִּי ל֖וֹ שְׁלֹשָׁ֣ה בָנִ֑ים עַל־ כֵּ֥ן קָרָֽא־ שְׁמ֖וֹ לֵוִֽי ׃,ותהר עוד ותלד בנ ותאמר עתה הפעמ ילוה אישי אלי כי ילדתי לו שלשה בנימ על כנ קרא שמו לוי,21,ועדיאת עוד וילידת בר ואמרת הדא זמנא יתחבר לי בעלי ארי ילידית ליה תלתא בנין על כן קרא שמיה לוי:,20,"⸂⸆⸃ καὶ συνέλαβεν ἔτι καὶ ἔτεκεν υἱόν, καὶ εἶπεν Ἐν τῷ νῦν καιρῷ πρὸς ἐμοῦ ἔσται ὁ ἀνήρ μου, τέτοκα γὰρ αὐτῷ τρεῖς υἱούς· διὰ τοῦτο ἐκλήθη τὸ ὄνομα αὐτοῦ Λευί.",31,ܘܒ̣ܛܢܬ ܬܘܒ ܘܝܠ̣ܕܬ ܒܪܐ ܘܐܡ̣ܪܬ. ܙܒܢܬܐ ܗܕܐ ܢܬܠܘܐ ܠܝ ܒܥܠܝ. ܡܛܠ ܕܝ̇ܠܕܬ ܠܗ ܬܠܬܐ ܒܢܝ̈ܢ. ܡܛܠ ܗܢܐ ܩܪܬ ܫܡܗ ܠܘܝ.,20,"Concebeu ainda outra vez e deu à luz um filho e disse: Agora esta vez se unirá meu marido a mim, porque três filhos lhe tenho dado. Portanto lhe chamou Levi.",31,True,True,True
29,35,Gênesis 29:35,וַתַּ֨הַר ע֜וֹד וַתֵּ֣לֶד בֵּ֗ן וַתֹּ֨אמֶר֙ הַפַּ֨עַם֙ אוֹדֶ֣ה אֶת־ יְהוָ֔ה עַל־ כֵּ֛ן קָרְאָ֥ה שְׁמ֖וֹ יְהוּדָ֑ה וַֽתַּעֲמֹ֖ד מִלֶּֽדֶת ׃,ותהר עוד ותלד בנ ותאמר הפעמ אודה את יהוה על כנ קראה שמו יהודה ותעמד מלדת,17,ועדיאת עוד וילידת בר ואמרת הדא זמנא אודה קדם יי על כן קרת שמיה יהודה וקמת מלמילד:,17,"καὶ συλλαβοῦσα ἔτι ἔτεκεν υἱόν, καὶ εἶπεν Νῦν ἔτι τοῦτο ἐξομολογήσομαι Κυρίῳ· διὰ τοῦτο ἐκάλεσεν τὸ ὄνομα αὐτοῦ Ἰουδά. καὶ ἔστη τοῦ τίκτειν.",23,ܘܒܛܢ̣ܬ ܬܘܒ ܘܝܠ̣ܕܬ ܒܪܐ ܘܐܡ̣ܪܬ. ܙܒܢܐ ܗܢܐ ܐܘܕܐ ܠܡܪܝܐ. ܡܛܠ ܗܢܐ ܩܪܬ ܫܡܗ ܝܗܘܕܐ. ܘܩܡܬ ܡܢ ܝܠܕܐ.,17,De novo concebeu e deu à luz um filho; e disse: Esta vez louvarei ao Senhor. Por isso lhe chamou Judá. E cessou de ter filhos.,26,True,True,True
30,1,Gênesis 30:1,וַתֵּ֣רֶא רָחֵ֗ל כִּ֣י לֹ֤א יָֽלְדָה֙ לְיַעֲקֹ֔ב וַתְּקַנֵּ֥א רָחֵ֖ל בַּאֲחֹתָ֑הּ וַתֹּ֤אמֶר אֶֽל־ יַעֲקֹב֙ הָֽבָה־ לִּ֣י בָנִ֔ים וְאִם־ אַ֖יִן מֵתָ֥ה אָנֹֽכִי ׃,ותרא רחל כי לא ילדה ליעקב ותקנא רחל באחתה ותאמר אל יעקב הבה לי בנימ ואמ אינ מתה אנכי,20,וחזת רחל ארי לא ילידת ליעקב וקניאת רחל באחתה ואמרת ליעקב הב לי בנין ואם לא מיתא אנא:,18,"Ἰδοῦσα δὲ Ῥαχὴλ ὅτι οὐ τέτοκεν τῷ Ἰακώβ, καὶ ἐζήλωσεν Ῥαχὴλ τὴν ἀδελφὴν αὐτῆς, καὶ εἶπεν τῷ Ἰακώβ Δός μοι τέκνα· εἰ δὲ μή, τελευτήσω ἐγώ.",26,ܘܚܙܬ ܪܚܝܠ ܕܠܐ ܝܠܕܐ ܠܝܥܩܘܒ. ܘܛܢܬ ܒܚܬܗ̇ ܘܐܡ̣ܪܬ ܠܝܥܩܘܒ. ܗܒ ܠܝ ܒ̈ܢܝܐ ܘܐܠܐ ܡܝܬܐ ܐܢܐ.,15,"Vendo Raquel que não dava filhos a Jacó, teve inveja de sua irmã, e disse a Jacó: Dá-me filhos, senão eu morro.",22,True,True,True
30,2,Gênesis 30:2,וַיִּֽחַר־ אַ֥ף יַעֲקֹ֖ב בְּרָחֵ֑ל וַיֹּ֗אמֶר הֲתַ֤חַת אֱלֹהִים֙ אָנֹ֔כִי אֲשֶׁר־ מָנַ֥ע מִמֵּ֖ךְ פְּרִי־ בָֽטֶן ׃,ויחר אפ יעקב ברחל ויאמר התחת אלהימ אנכי אשר מנע ממכ פרי בטנ,14,ותקיף רוגזא דיעקב ברחל ואמר הא מני את בעיא הלא מן קדם יי תבעין די מנע מניך ולדא דמעין:,19,"ἐθυμώθη δὲ Ἰακὼβ τῇ Ῥαχὴλ καὶ εἶπεν αὐτῇ Μὴ ἀντὶ τοῦ θεοῦ ἐγώ εἰμι, ὃς ἐστέρησέν σε καρπὸν κοιλίας;",19,ܘܐܬ̣ܚܡܬ ܪܘܓܙܗ ܕܝܥܩܘܒ ܥܠ ܪܚܝܠ ܘܐܡ̣ܪ ܠܗ̇ . ܚܠܦ ܐܠܗܐ ܐܢܐ. ܕܟܠ̣ܐ ܡܢܟܝ ܦܐܪ̈ܐ ܕܟܪܣܐ.,15,Então se acendeu a ira de Jacó contra Raquel; e disse: Porventura estou eu no lugar de Deus que te impediu o fruto do ventre?,25,True,True,True
30,3,Gênesis 30:3,וַתֹּ֕אמֶר הִנֵּ֛ה אֲמָתִ֥י בִלְהָ֖ה בֹּ֣א אֵלֶ֑יהָ וְתֵלֵד֙ עַל־ בִּרְכַּ֔י וְאִבָּנֶ֥ה גַם־ אָנֹכִ֖י מִמֶּֽנָּה ׃,ותאמר הנה אמתי בלהה בא אליה ותלד על ברכי ואבנה גמ אנכי ממנה,14,ואמרת הא אמתי בלהה עול לותה ותליד ואנא ארבי ואתבני אף אנא מנה:,13,"εἶπεν δὲ Ῥαχὴλ τῷ Ἰακώβ Ἰδοὺ ἡ παιδίσκη μου Βάλλα, εἴσελθε πρὸς αὐτήν· καὶ τέξεται ἐπὶ τῶν γονάτων μου, ἵνα τεκνοποιήσωμαι κἀγὼ ἐξ αὐτῆς.",24,ܘܐܡ̣ܪܬ ܠܗ . ܗܐ ܐܡܬܝ ܒܠܗܐ. ܥܘܠ ܥܠܝܗ̇ ܘܬܐܠܕ ܥܠ ܒܘܪ̈ܟܝ. ܘܐܬܒܝܐ ܐܦ ܐܢܐ ܡܢܗ̇.,15,"Respondeu ela: Eis aqui minha serva Bila; recebe-a por mulher, para que ela dê à luz sobre os meus joelhos, e eu deste modo tenha filhos por ela.",28,True,True,True
30,4,Gênesis 30:4,וַתִּתֶּן־ ל֛וֹ אֶת־ בִּלְהָ֥ה שִׁפְחָתָ֖הּ לְאִשָּׁ֑ה וַיָּבֹ֥א אֵלֶ֖יהָ יַעֲקֹֽב ׃,ותתנ לו את בלהה שפחתה לאשה ויבא אליה יעקב,10,ויהבת ליה ית בלהה אמתה לאנתו ועל לותה יעקב:,9,"καὶ ἔδωκεν αὐτῷ Βάλλαν τὴν παιδίσκην αὐτῆς αὐτῷ γυναῖκα, καὶ εἰσῆλθεν πρὸς αὐτὴν Ἰακώβ·",14,ܘܝܗ̣ܒܬ ܠܗ ܠܒܠܗܐ ܐܡܬܗ̇ ܐܢܬܬܐ. ܘܥܠ ܥܠܝܗ̇ .,8,"Assim lhe deu a Bila, sua serva, por mulher; e Jacó a conheceu.",13,True,True,True
30,5,Gênesis 30:5,וַתַּ֣הַר בִּלְהָ֔ה וַתֵּ֥לֶד לְיַעֲקֹ֖ב בֵּֽן ׃,ותהר בלהה ותלד ליעקב בנ,6,ועדיאת בלהה וילידת ליעקב בר:,5,καὶ συνέλαβεν Βάλλα ἡ παιδίσκη Ῥαχὴλ καὶ ἔτεκεν τῷ Ἰακὼβ υἱόν.,11,ܘܒܛܢ̣ܬ ܒܠܗܐ ܘܝܠ̣ܕܬ ܠܝܥܩܘܒ ܒܪܐ.,5,Bila concebeu e deu à luz um filho a Jacó.,10,True,True,True
30,6,Gênesis 30:6,וַתֹּ֤אמֶר רָחֵל֙ דָּנַ֣נִּי אֱלֹהִ֔ים וְגַם֙ שָׁמַ֣ע בְּקֹלִ֔י וַיִּתֶּן־ לִ֖י בֵּ֑ן עַל־ כֵּ֛ן קָרְאָ֥ה שְׁמ֖וֹ דָּֽן ׃,ותאמר רחל דנני אלהימ וגמ שמע בקלי ויתנ לי בנ על כנ קראה שמו דנ,16,ואמרת רחל דנני יי ואף קביל צלותי ויהב לי בר על כן קרת שמיה דן:,15,καὶ εἶπεν Ῥαχήλ Ἔκρινέν μοι ὁ θεὸς καὶ ἐπήκουσεν τῆς φωνῆς μου καὶ ἔδωκέν μοι υἱόν· διὰ τοῦτο ἐκάλεσεν τὸ ὄνομα αὐτοῦ Δάν.,23,ܘܐܡ̣ܪܬ ܪܚܝܠ ܕܚܝ ܐܠܗܐ ܘܐܦ ܫܡ̣ܥ ܒܩܠܝ. ܘܝܗ̣ܒ ܠܝ ܒܪܐ. ܡܛܠ ܗܢܐ ܩܪܬ ܫܡܗ ܕܢ.,15,Então disse Raquel: Julgou-me Deus; ouviu a minha voz e me deu um filho; pelo que lhe chamou Dã.,19,True,True,True
30,7,Gênesis 30:7,וַתַּ֣הַר ע֔וֹד וַתֵּ֕לֶד בִּלְהָ֖ה שִׁפְחַ֣ת רָחֵ֑ל בֵּ֥ן שֵׁנִ֖י לְיַעֲקֹֽב ׃,ותהר עוד ותלד בלהה שפחת רחל בנ שני ליעקב,10,ועדיאת עוד וילידת בלהה אמתא דרחל בר תנין ליעקב:,9,καὶ συνέλαβεν ἔτι Βάλλα ἡ παιδίσκη Ῥαχὴλ καὶ ἔτεκεν υἱὸν δεὺτερον τῷ Ἰακώβ.,13,ܘܒ̣ܛܢܬ ܬܘܒ ܒܠܗܐ ܐܡܬܗ̇ ܕܪܚܝܠ. ܘܝܠܕܬ ܒܪܐ ܐܚܪܢܐ ܠܝܥܩܘܒ.,9,"E Bila, serva de Raquel, concebeu outra vez e deu à luz um segundo filho a Jacó.",17,True,True,True
30,8,Gênesis 30:8,וַתֹּ֣אמֶר רָחֵ֗ל נַפְתּוּלֵ֨י אֱלֹהִ֧ים ׀ נִפְתַּ֛לְתִּי עִם־ אֲחֹתִ֖י גַּם־ יָכֹ֑לְתִּי וַתִּקְרָ֥א שְׁמ֖וֹ נַפְתָּלִֽי ׃,ותאמר רחל נפתולי אלהימ נפתלתי עמ אחתי גמ יכלתי ותקרא שמו נפתלי,14,ואמרת רחל קביל יי בעותי באתחננותי בצלותי חמידת דיהי לי ולד כאחתי אף אתיהיב לי וקרת שמיה נפתלי:,18,"καὶ εἶπεν Ῥαχήλ Συνεβάλετό μοι ὁ θεός, καὶ συνανεστράφην τῇ ἀδελφῇ μου καὶ ἠδυνάσθην· καὶ ἐκάλεσεν τὸ ὄνομα αὐτοῦ Νεφθαλεί.",20,ܘܐܡ̣ܪܬ ܪܚܝܠ. ܒܥܝ̇ܬ ܡܢ ܡܪܝܐ ܘܐܬ̇ܟܫܦܬ ܥܡ ܚܬܝ. ܘܐܦ ܐܫ̇ܟܚܬ ܘܩ̣ܪܬ ܫܡܗ ܢܦܬܠܝ.,13,"Então disse Raquel: Com grandes lutas tenho lutado com minha irmã, e tenho vencido; e chamou-lhe Naftali.",17,True,True,True
30,9,Gênesis 30:9,וַתֵּ֣רֶא לֵאָ֔ה כִּ֥י עָמְדָ֖ה מִלֶּ֑דֶת וַתִּקַּח֙ אֶת־ זִלְפָּ֣ה שִׁפְחָתָ֔הּ וַתִּתֵּ֥ן אֹתָ֛הּ לְיַעֲקֹ֖ב לְאִשָּֽׁה ׃,ותרא לאה כי עמדה מלדת ותקח את זלפה שפחתה ותתנ אתה ליעקב לאשה,14,וחזת לאה ארי קמת מלמילד ודברת ית זלפה אמתה ויהבת יתה ליעקב לאנתו:,13,"ἴδεν δὲ Λεία ὅτι ἔστη τοῦ τίκτειν, καὶ ἔλαβεν Ζέλφαν τὴν παιδίσκην αὐτῆς καὶ ἔδωκεν αὐτὴν τῷ Ἰακὼβ γυναῖκα.",19,ܘܚܙܬ ܠܝܐ ܕܩܡܬ ܡܢ ܝܠܕܐ. ܘܕܒ̣ܪܬ ܠܙܠܦܐ ܐܡܬܗ̇ ܘܝܗܒܬܗ̇ ܐܢܬܬܐ ܠܝܥܩܘܒ.,11,"Também Léia, vendo que cessara de ter filhos, tomou a Zilpa, sua serva, e a deu a Jacó por mulher.",20,True,True,True
30,10,Gênesis 30:10,וַתֵּ֗לֶד זִלְפָּ֛ה שִׁפְחַ֥ת לֵאָ֖ה לְיַעֲקֹ֥ב בֵּֽן ׃,ותלד זלפה שפחת לאה ליעקב בנ,7,וילידת זלפה אמתא דלאה ליעקב בר:,6,εἰσῆλθεν δὲ πρὸς αὐτὴν Ἰακώβ· καὶ συνέλαβεν Ζέλφα ἡ παιδίσκη Λείας καὶ ἔτεκεν τῷ Ἰακὼβ υἱόν.,16,ܘܝܠ̣ܕܬ ܙܠܦܐ ܐܡܬܗ̇ ܕܠܝܐ ܠܝܥܩܘܒ ܒܪܐ.,6,"E Zilpa, serva de Léia, deu à luz um filho a Jacó.",12,True,True,True
30,11,Gênesis 30:11,וַתֹּ֥אמֶר לֵאָ֖ה בגד וַתִּקְרָ֥א אֶת־ שְׁמ֖וֹ גָּֽד ׃,ותאמר לאה בגד ותקרא את שמו גד,8,ואמרת לאה אתא גד וקרת ית שמיה גד:,8,καὶ εἶπεν Λεία Ἐν τύχῃ· καὶ ἐπωνόμασεν τὸ ὄνομα αὐτοῦ Γάδ.,11,ܘܐܡ̣ܪܬ ܠܝܐ ܐܬ̣ܐ ܓܕܝ. ܘܩܪܬ ܫܡܗ ܓܕ.,7,Então disse Léia: Afortunada! e chamou-lhe Gade.,7,True,True,True
30,12,Gênesis 30:12,וַתֵּ֗לֶד זִלְפָּה֙ שִׁפְחַ֣ת לֵאָ֔ה בֵּ֥ן שֵׁנִ֖י לְיַעֲקֹֽב ׃,ותלד זלפה שפחת לאה בנ שני ליעקב,8,וילידת זלפה אמתא דלאה בר תנין ליעקב:,7,καὶ συνέλαβεν ἔτι Ζέλφα ἡ παιδίσκη Λείας καὶ ἔτεκεν ἔτι τῷ Ἰακὼβ υἱὸν δεύτερον.,14,ܘܝܠ̣ܕܬ ܙܠܦܐ ܐܡܬܗ̇ ܕܠܝܐ ܒܪܐ ܕܬܪ̈ܝܢ ܠܝܥܩܘܒ.,7,"Depois Zilpa, serva de Léia, deu à luz um segundo filho a Jacó.",13,True,True,True
30,13,Gênesis 30:13,וַתֹּ֣אמֶר לֵאָ֔ה בְּאָשְׁרִ֕י כִּ֥י אִשְּׁר֖וּנִי בָּנ֑וֹת וַתִּקְרָ֥א אֶת־ שְׁמ֖וֹ אָשֵֽׁר ׃,ותאמר לאה באשרי כי אשרוני בנות ותקרא את שמו אשר,11,ואמרת לאה תשבחתא הות לי ארי בכן ישבחנני נשיא וקרת ית שמיה אשר:,13,"καὶ εἶπεν Λεία Μακαρία ἐγώ, ὅτι μακαρίζουσίν με πᾶσαι αἱ γυναῖκες· καὶ ἐκάλεσεν τὸ ὄνομα αὐτοῦ Ἀσήρ.",17,ܘܐܡ̣ܪܬ ܠܝܐ. ܒܬܫܒܘܚܬܝ ܕܫܒܚܢܝ ܒܢ̈ܬܐ . ܘܩܪܬ ܫܡܗ ܐܫܝܪ.,9,Então disse Léia: Feliz sou eu! porque as filhas me chamarão feliz; e chamou-lhe Aser.,15,True,True,True
30,14,Gênesis 30:14,וַיֵּ֨לֶךְ רְאוּבֵ֜ן בִּימֵ֣י קְצִיר־ חִטִּ֗ים וַיִּמְצָ֤א דֽוּדָאִים֙ בַּשָּׂדֶ֔ה וַיָּבֵ֣א אֹתָ֔ם אֶל־ לֵאָ֖ה אִמּ֑וֹ וַתֹּ֤אמֶר רָחֵל֙ אֶל־ לֵאָ֔ה תְּנִי־ נָ֣א לִ֔י מִדּוּדָאֵ֖י בְּנֵֽךְ ׃,וילכ ראובנ בימי קציר חטימ וימצא דודאימ בשדה ויבא אתמ אל לאה אמו ותאמר רחל אל לאה תני נא לי מדודאי בנכ,23,ואזל ראובן ביומי חצד חטין ואשכח יברוחין בחקלא ואיתי יתהון ללאה אמיה ואמרת רחל ללאה הבי כען לי מיברוחי דבריך:,20,"ἐπορεύθη δὲ Ῥουβὴν ἐν ἡμέραις θερισμοῦ πυρῶν καὶ εὗρεν μῆλα μανδραγόρου ἐν τῷ ἀγρῷ, καὶ ἤνεγκεν αὐτὰ πρὸς Λείαν τὴν μητέρα αὐτοῦ· εἶπεν δὲ Ῥαχὴλ τῇ Λείᾳ Δός μοι τῶν μανδραγορῶν τοῦ υἱοῦ σου.",34,ܘܐܙ̣ܠ ܪܘܒܝܠ ܒܝ̈ܘܡܝ ܚܨܕܐ ܕܚ̈ܛܐ ܘܐܫܟܚ ܝܒܪ̈ܘܚܐ ܒܚܩܠܐ. ܘܐܝܬܝ ܐܢܘܢ ܠܠܝܐ ܐܡܗ. ܘܐܡ̣ܪܬ ܪܚܝܠ ܠܠܝܐ. ܗܒܝ ܠܝ ܡܢ ܝܒܪ̈ܘܚܐ ܕܒܪܟܝ.,20,"Ora, saiu Rúben nos dias da ceifa do trigo e achou mandrágoras no campo, e as trouxe a Léia, sua mãe. Então disse Raquel a Léia: Dá-me, peço, das mandrágoras de teu filho.",33,True,True,True
30,15,Gênesis 30:15,וַתֹּ֣אמֶר לָ֗הּ הַמְעַט֙ קַחְתֵּ֣ךְ אֶת־ אִישִׁ֔י וְלָקַ֕חַת גַּ֥ם אֶת־ דּוּדָאֵ֖י בְּנִ֑י וַתֹּ֣אמֶר רָחֵ֗ל לָכֵן֙ יִשְׁכַּ֤ב עִמָּךְ֙ הַלַּ֔יְלָה תַּ֖חַת דּוּדָאֵ֥י בְנֵֽךְ ׃,ותאמר לה המעט קחתכ את אישי ולקחת גמ את דודאי בני ותאמר רחל לכנ ישכב עמכ הלילה תחת דודאי בנכ,21,ואמרת לה הזעיר דדברת ית בעלי ותסבין אף ית יברוחי דברי ואמרת רחל בכן ישכוב עמך בליליא חלף יברוחי דבריך:,20,εἶπεν δὲ Λεία Οὐχ ἱκανόν σοι ὅτι ἔλαβες τὸν ἄνδρα μου; μὴ καὶ τοὺς μανδραγόρας τοῦ υἱοῦ μου λήμψῃ; εἶπεν δὲ Ῥαχήλ Οὐχ οὕτως· κοιμηθήτω μετὰ σοῦ τὴν νύκτα ταύτην ἀντὶ τῶν μανδραγορῶν τοῦ υἱοῦ σου.,36,ܘܐܡ̣ܪܬ ܠܗ̇ ܠܝܐ . ܠܐ ܟܕܘ ܠܟܝ ܕܕܒܪܬܝ ܒܥܠܝ. ܐܠܐ ܐܦ ܕܬܣܒܝܢ ܝܒܪ̈ܘܚܐ ܕܒܪܝ. ܘܐܡ̣ܪܬ ܪܚܝܠ. ܡܛܠ ܗܢܐ ܢܕܡܟ ܥܡܟܝ ܒܠܠܝܐ ܗܢܐ ܚܠܦ ܝܒܪ̈ܘܚܐ ܕܒܪܟܝ.,25,Ao que lhe respondeu Léia: É já pouco que me hajas tirado meu marido? queres tirar também as mandrágoras de meu filho? Prosseguiu Raquel: Por isso ele se deitará contigo esta noite pelas mandrágoras de teu filho.,37,True,True,True
30,16,Gênesis 30:16,וַיָּבֹ֨א יַעֲקֹ֣ב מִן־ הַשָּׂדֶה֮ בָּעֶרֶב֒ וַתֵּצֵ֨א לֵאָ֜ה לִקְרָאת֗וֹ וַתֹּ֨אמֶר֙ אֵלַ֣י תָּב֔וֹא כִּ֚י שָׂכֹ֣ר שְׂכַרְתִּ֔יךָ בְּדוּדָאֵ֖י בְּנִ֑י וַיִּשְׁכַּ֥ב עִמָּ֖הּ בַּלַּ֥יְלָה הֽוּא ׃,ויבא יעקב מנ השדה בערב ותצא לאה לקראתו ותאמר אלי תבוא כי שכר שכרתיכ בדודאי בני וישכב עמה בלילה הוא,21,ואתא יעקב מן חקלא ברמשא ונפקת לאה לקדמותיה ואמרת לותי תיעול ארי מיגר אגרתיך ביברוחי דברי ושכיב עמה בליליא הוא:,20,"εἰσῆλθεν δὲ Ἰακὼβ ἐξ ἀγροῦ ἑσπέρας, καὶ ἐξῆλθεν Λεία εἰς συνάντησιν αὐτῷ καὶ εἶπεν Πρὸς ἐμὲ εἰσελεύσῃ σήμερον· μεμίσθωμαι γάρ σε ἀντὶ τῶν μανδραγορῶν τοῦ υἱοῦ μου· καὶ ἐκοιμήθη μετ᾽ αὐτῆς τὴν νύκτα ἐκείνην.",34,ܘܥܠ ܝܥܩܘܒ ܡܢ ܚܩܠܐ ܒܪܡܫܐ. ܘܢܦ̣ܩܬ ܠܝܐ ܠܐܘܪܥܗ ܘܐܡ̣ܪܬ . ܠܘܬܝ ܥܐܠ ܐܢܬ. ܡܛܠ ܕܡܐܓܪ ܐܓܪܬܟ ܒܝܒܪ̈ܘܚܐ ܕܒܪܝ. ܘܕܡ̣ܟ ܥܡܗ̇ ܒܠܠܝܐ ܗ̇ܘ.,22,"Quando, pois, Jacó veio à tarde do campo, saiu-lhe Léia ao encontro e disse: Hás de estar comigo, porque certamente te aluguei pelas mandrágoras de meu filho. E com ela deitou-se Jacó aquela noite.",34,True,True,True
30,17,Gênesis 30:17,וַיִּשְׁמַ֥ע אֱלֹהִ֖ים אֶל־ לֵאָ֑ה וַתַּ֛הַר וַתֵּ֥לֶד לְיַעֲקֹ֖ב בֵּ֥ן חֲמִישִֽׁי ׃,וישמע אלהימ אל לאה ותהר ותלד ליעקב בנ חמישי,10,וקביל יי צלותה דלאה ועדיאת וילידת ליעקב בר חמישאי:,9,"καὶ ἐπήκουσεν αὐτῆς ὁ θεός, καὶ συλλαβοῦσα ἔτεκεν τῷ Ἰακὼβ υἱὸν πέμπτον.",12,ܘܫܡܥܗ̇ ܐܠܗܐ ܠܠܝܐ. ܘܒ̣ܛܢܬ ܘܝܠ̣ܕܬ ܠܝܥܩܘܒ ܒܪܐ ܕܚܡܫܐ.,8,"E ouviu Deus a Léia, e ela concebeu e deu a Jacó um quinto filho.",15,True,True,True
30,18,Gênesis 30:18,וַתֹּ֣אמֶר לֵאָ֗ה נָתַ֤ן אֱלֹהִים֙ שְׂכָרִ֔י אֲשֶׁר־ נָתַ֥תִּי שִׁפְחָתִ֖י לְאִישִׁ֑י וַתִּקְרָ֥א שְׁמ֖וֹ יִשָּׂשכָֽר ׃,ותאמר לאה נתנ אלהימ שכרי אשר נתתי שפחתי לאישי ותקרא שמו יששכר,13,ואמרת לאה יהב יי אגרי דיהבית אמתי לבעלי וקרת שמיה יששכר:,11,"καὶ εἶπεν Λεία Δέδωκέν μοι ὁ θεὸς τὸν μισθόν μου ἀνθ᾽ ὧν ἔδωκα τὴν παιδίσκην μου τῷ ἀνδρί μου· καὶ ἐκάλεσεν τὸ ὄνομα αὐτοῦ Ἰσσαχάρ, ὅ ἐστιν Μισθός.",28,ܘܐܡ̣ܪܬ ܠܝܐ. ܝܗ̣ܒ ܐܠܗܐ ܐܓܪܝ ܕܝܗ̇ܒܬ ܐܡܬܝ ܠܒܥܠܝ ܘܩܪܬ ܫܡܗ ܐܝܣܟܪ.,11,"Então disse Léia: Deus me tem dado o meu galardão, porquanto dei minha serva a meu marido. E chamou ao filho Issacar.",22,True,True,True
30,19,Gênesis 30:19,וַתַּ֤הַר עוֹד֙ לֵאָ֔ה וַתֵּ֥לֶד בֵּן־ שִׁשִּׁ֖י לְּיַעֲקֹֽב ׃,ותהר עוד לאה ותלד בנ ששי ליעקב,8,ועדיאת עוד לאה וילידת בר שתיתאי ליעקב:,7,καὶ συνέλαβεν ἔτι Λεία καὶ ἔτεκεν υἱὸν ἕκτον τῷ Ἰακώβ.,10,ܘܒܛܢ̣ܬ ܬܘܒ ܠܝܐ. ܘܝܠ̣ܕܬ ܒܪܐ ܕܫܬܐ ܠܝܥܩܘܒ.,7,"Concebendo Léia outra vez, deu a Jacó um sexto filho;",10,True,True,True
30,20,Gênesis 30:20,וַתֹּ֣אמֶר לֵאָ֗ה זְבָדַ֨נִי אֱלֹהִ֥ים ׀ אֹתִי֮ זֵ֣בֶד טוֹב֒ הַפַּ֨עַם֙ יִזְבְּלֵ֣נִי אִישִׁ֔י כִּֽי־ יָלַ֥דְתִּי ל֖וֹ שִׁשָּׁ֣ה בָנִ֑ים וַתִּקְרָ֥א אֶת־ שְׁמ֖וֹ זְבֻלֽוּן ׃,ותאמר לאה זבדני אלהימ אתי זבד טוב הפעמ יזבלני אישי כי ילדתי לו ששה בנימ ותקרא את שמו זבלונ,21,ואמרת לאה יהב יי יתיה לי חלק טב הדא זמנא יהי מדוריה דבעלי לותי ארי ילידית ליה שתא בנין וקרת ית שמיה זבלון:,23,"καὶ εἶπεν Λεία Δεδώρηται ὁ θεός μοι δῶρον καλόν· ἐν τῷ νῦν καιρῷ αἱρετιεῖ με ὁ ἀνήρ μου, τέτοκα γὰρ αὐτῷ υἱοὺς ἕξ· καὶ ἐκάλεσεν τὸ ὄνομα αὐτοῦ Ζαβουλών.",29,ܘܐܡܪܬ̇ ܠܝܐ. ܙܒܕܢܝ ܐܠܗܐ ܙܒܕܐ ܛܒܐ. ܙܒܢܐ ܗܢܐ ܢܬ̇ܢܩܦ ܠܝ ܒܥܠܝ. ܡܛܠ ܕܝ̇ܠܕܬ ܠܗ ܫܬܐ ܒ̈ܢܝܢ. ܘܩܪܬ ܫܡܗ ܙܒܘܠܘܢ.,19,"e disse: Deus me deu um excelente dote; agora morará comigo meu marido, porque lhe tenho dado seis filhos. E chamou-lhe Zebulom.",22,True,True,True
30,21,Gênesis 30:21,וְאַחַ֖ר יָ֣לְדָה בַּ֑ת וַתִּקְרָ֥א אֶת־ שְׁמָ֖הּ דִּינָֽה ׃,ואחר ילדה בת ותקרא את שמה דינה,8,ובתר כן ילידת ברתא וקרת ית שמה דינה:,8,"καὶ μετὰ τοῦτο ἔτεκεν θυγατέρα, καὶ ἐκάλεσεν τὸ ὄνομα αὐτῆς Δεινά. καὶ ἔστη τοῦ τίκτειν.",15,ܘܒܬܪܟܢ ܝܠ̣ܕܬ ܒܪܬܐ. ܘܩܪܬ ܫܡܗ̇ ܕܝܢ̣ܐ.,6,"Depois. disto deu à luz uma filha, e chamou-lhe Diná.",10,True,True,True
30,22,Gênesis 30:22,וַיִּזְכֹּ֥ר אֱלֹהִ֖ים אֶת־ רָחֵ֑ל וַיִּשְׁמַ֤ע אֵלֶ֨יהָ֙ אֱלֹהִ֔ים וַיִּפְתַּ֖ח אֶת־ רַחְמָֽהּ ׃,ויזכר אלהימ את רחל וישמע אליה אלהימ ויפתח את רחמה,11,ועל דוכרנא דרחל קדם יי וקביל צלותה יי ויהב לה עדוי:,11,"ἐμνήσθη δὲ ὁ θεὸς Ῥαχήλ· καὶ ἐπήκουσεν αὐτῆς ὁ θεός, καὶ ἀνέῳξεν αὐτῆς τὴν μήτραν·",15,ܘܐܬܕܟܪܗ̇ ܐܠܗܐ ܠܪܚܝܠ. ܘܫܡܥܗ̇ ܐܠܗܐ ܘܦܬ̣ܚ ܡܪܒܥܗ̇.,7,"Também lembrou-se Deus de Raquel, ouviu-a e a tornou fecunda.",10,True,True,True
30,23,Gênesis 30:23,וַתַּ֖הַר וַתֵּ֣לֶד בֵּ֑ן וַתֹּ֕אמֶר אָסַ֥ף אֱלֹהִ֖ים אֶת־ חֶרְפָּתִֽי ׃,ותהר ותלד בנ ותאמר אספ אלהימ את חרפתי,9,ועדיאת וילידת בר ואמרת כנש יי ית חסודי:,8,καὶ συλλαβοῦσα ἔτεκεν τῷ Ἰακὼβ υἱόν. εἶπεν δὲ Ῥαχήλ Ἀφεῖλεν ὁ θεός μου τὸ ὄνειδος·,15,ܘܒ̣ܛܢܬ ܘܝܠܕܬ ܒܪܐ ܘܐܡ̣ܪܬ. ܐܥܒܪ ܐܠܗܐ ܚܣܕܝ.,7,"De modo que ela concebeu e deu à luz um filho, e disse: Tirou-me Deus o opróbrio.",17,True,True,True
30,24,Gênesis 30:24,וַתִּקְרָ֧א אֶת־ שְׁמ֛וֹ יוֹסֵ֖ף לֵאמֹ֑ר יֹסֵ֧ף יְהוָ֛ה לִ֖י בֵּ֥ן אַחֵֽר ׃,ותקרא את שמו יוספ לאמר יספ יהוה לי בנ אחר,11,וקרת ית שמיה יוסף למימר יוסף יי לי בר אחרן:,10,καὶ ἐκάλεσεν τὸ ὄνομα αὐτοῦ Ἰωσὴφ λέγουσα Προσθέτω ὁ θεός μοι υἱὸν ἕτερον.,13,ܘܩܪܬ ܫܡܗ ܝܘܣܦ ܘܐܡ̣ܪܬ. ܢܘܣܦ ܠܝ ܐܠܗܐ ܒܪܐ ܐܚܪܢܐ.,9,"E chamou-lhe José, dizendo: Acrescente-me o Senhor ainda outro filho.",10,True,True,True
30,25,Gênesis 30:25,וַיְהִ֕י כַּאֲשֶׁ֛ר יָלְדָ֥ה רָחֵ֖ל אֶת־ יוֹסֵ֑ף וַיֹּ֤אמֶר יַעֲקֹב֙ אֶל־ לָבָ֔ן שַׁלְּחֵ֨נִי֙ וְאֵ֣לְכָ֔ה אֶל־ מְקוֹמִ֖י וּלְאַרְצִֽי ׃,ויהי כאשר ילדה רחל את יוספ ויאמר יעקב אל לבנ שלחני ואלכה אל מקומי ולארצי,16,והוה כד ילידת רחל ית יוסף ואמר יעקב ללבן שלחני ואיהך לאתרי ולארעי:,13,"Ἐγένετο δὲ ὡς ἔτεκεν Ῥαχὴλ τὸν Ἰωσήφ, εἶπεν Ἰακὼβ τῷ Λαβάν Ἀπόστειλόν με ἵνα ἀπέλθω εἰς τὸν τόπον μου καὶ εἰς τὴν γῆν μου.",24,ܘܟܕ ܝܠ̣ܕܬ ܪܚܝܠ ܠܝܘܣܦ. ܐܡ̣ܪ ܝܥܩܘܒ ܠܠܒܢ. ܫܕܪܝܢܝ ܐܙܠ ܠܐܬܪܝ ܘܠܐܪܥܝ.,11,"Depois que Raquel deu à luz a José, disse Jacó a Labão: Despede-me a fim de que eu vá para meu lugar e para minha terra.",26,True,True,True
30,26,Gênesis 30:26,תְּנָ֞ה אֶת־ נָשַׁ֣י וְאֶת־ יְלָדַ֗י אֲשֶׁ֨ר עָבַ֧דְתִּי אֹֽתְךָ֛ בָּהֵ֖ן וְאֵלֵ֑כָה כִּ֚י אַתָּ֣ה יָדַ֔עְתָּ אֶת־ עֲבֹדָתִ֖י אֲשֶׁ֥ר עֲבַדְתִּֽיךָ ׃,תנה את נשי ואת ילדי אשר עבדתי אתכ בהנ ואלכה כי אתה ידעת את עבדתי אשר עבדתיכ,18,הב ית נשי וית בני די פלחית יתך בהן ואזיל ארי את ידעת ית פלחני דפלחתך:,16,"ἀπόδος μοι τὰς γυναῖκας καὶ τὰ παιδία, περὶ ὧν δεδούλευκά σοι, ἵνα ἀπέλθω· σὺ γὰρ γινώσκεις τὴν δουλίαν ἣν δεδούλευκά σοι.",21,ܗܒ ܠܝ ܢܫ̈ܝ ܘܒܢ̈ܝ ܕܦܠܚܬܟ ܒܗܘܢ ܘܐܙ̣ܠ. ܡܛܠ ܕܐܢܬ ܝܕܥ̇ ܐܢܬ ܦܘܠܚܢܐ ܕܦܠܚܬܟ.,13,"Dá-me as minhas mulheres, e os meus filhos, pelas quais te tenho servido, e deixa-me ir; pois tu sabes o serviço que te prestei.",24,True,True,True
30,27,Gênesis 30:27,וַיֹּ֤אמֶר אֵלָיו֙ לָבָ֔ן אִם־ נָ֛א מָצָ֥אתִי חֵ֖ן בְּעֵינֶ֑יךָ נִחַ֕שְׁתִּי וַיְבָרֲכֵ֥נִי יְהוָ֖ה בִּגְלָלֶֽךָ ׃,ויאמר אליו לבנ אמ נא מצאתי חנ בעיניכ נחשתי ויברכני יהוה בגללכ,13,ואמר ליה לבן אם כען אשכחית רחמין קדמך נסיתי וברכני יי בדילך:,12,"εἶπεν δὲ αὐτῷ Λαβάν Εἰ εὗρον χάριν ἐναντίον σου, οἰωνισάμην ἄν· εὐλόγησεν γάρ με ὁ θεὸς τῇ σῇ εἰσόδῳ.",19,ܘܐܡ̣ܪ ܠܒܢ ܠܝܥܩܘܒ . ܐܢ ܐܫ̇ܟܚܬ ܪ̈ܚܡܐ ܒܥܝܢ̈ܝܟ ܢܣ̇ܝܬ ܕܒܪܟܢܝ ܡܪܝܐ ܡܛܠܬܟ.,12,"Labão lhe respondeu: Se tenho achado graça aos teus olhos, fica comigo; pois tenho percebido que o Senhor me abençoou por amor de ti.",24,True,True,True
30,28,Gênesis 30:28,וַיֹּאמַ֑ר נָקְבָ֧ה שְׂכָרְךָ֛ עָלַ֖י וְאֶתֵּֽנָה ׃,ויאמר נקבה שכרכ עלי ואתנה,6,ואמר פריש אגרך עלי ואתן:,5,"διάστειλον τὸν μισθόν σου πρὸς μέ, καὶ δώσω σοι.",9,ܘܐܡ̣ܪ ܦܪܘܫ ܐܓܪܟ ܥܠܝ ܘܐܬܠ.,5,"E disse mais: Determina-me o teu salário, que to darei.",10,True,True,True
30,29,Gênesis 30:29,וַיֹּ֣אמֶר אֵלָ֔יו אַתָּ֣ה יָדַ֔עְתָּ אֵ֖ת אֲשֶׁ֣ר עֲבַדְתִּ֑יךָ וְאֵ֛ת אֲשֶׁר־ הָיָ֥ה מִקְנְךָ֖ אִתִּֽי ׃,ויאמר אליו אתה ידעת את אשר עבדתיכ ואת אשר היה מקנכ אתי,13,ואמר ליה את ידעת ית דפלחתך וית דהוה בעירך עמי:,10,"εἶπεν δὲ αὐτῷ Ἰακώβ Σὺ γινώσκεις ἃ δεδούλευκά σοι, καὶ ὅσα ἦν κτήνη σου μετ᾽ ἐμοῦ.",16,ܐܡ̇ܪ ܠܗ ܝܥܩܘܒ. ܐܢܬ ܝܕܥ̇ ܐܢܬ ܦܘܠܚܢܐ ܕܦܠܚܬܟ. ܘܕܗܘܐ ܩܢܝܢܟ ܥܡܝ.,11,"Ao que lhe respondeu Jacó: Tu sabes como te hei servido, e como tem passado o teu gado comigo.",19,True,True,True
30,30,Gênesis 30:30,כִּ֡י מְעַט֩ אֲשֶׁר־ הָיָ֨ה לְךָ֤ לְפָנַי֙ וַיִּפְרֹ֣ץ לָרֹ֔ב וַיְבָ֧רֶךְ יְהוָ֛ה אֹתְךָ֖ לְרַגְלִ֑י וְעַתָּ֗ה מָתַ֛י אֶֽעֱשֶׂ֥ה גַם־ אָנֹכִ֖י לְבֵיתִֽי ׃,כי מעט אשר היה לכ לפני ויפרצ לרב ויברכ יהוה אתכ לרגלי ועתה מתי אעשה גמ אנכי לביתי,19,ארי זעיר די הוה לך קדמי ותקיף למסגי ובריך יי יתך בדילי וכען אימתי אעביד אף אנא לביתי:,18,"μικρὰ γὰρ ἦν ὅσα ἦν ἐναντίον μου, καὶ ηὐξήθη εἰς πλῆθος· καὶ ηὐλόγησέν σε Κύριος ἐπὶ τῷ ποδί μου. νῦν οὖν πότε ποιήσω κἀγὼ ἐμαυτῷ οἶκον;",26,ܡܛܠ ܕܩܠܝܠ ܐܝܬ ܗܘܐ ܠܟ ܩܕܡܝ ܘܣ̣ܓܝ ܛܒ. ܘܒܪܟܟ ܡܪܝܐ ܡܛܠܬܝ . ܘܗܫܐ ܡܢܐ ܐܥܒܕ ܘܐܦ ܐܢܐ ܠܒܝܬܝ.,18,"Porque o pouco que tinhas antes da minha vinda tem se multiplicado abundantemente; e o Senhor te tem abençoado por onde quer que eu fui. Agora, pois, quando hei de trabalhar também por minha casa?",35,True,True,True
30,31,Gênesis 30:31,וַיֹּ֖אמֶר מָ֣ה אֶתֶּן־ לָ֑ךְ וַיֹּ֤אמֶר יַעֲקֹב֙ לֹא־ תִתֶּן־ לִ֣י מְא֔וּמָה אִם־ תַּֽעֲשֶׂה־ לִּי֙ הַדָּבָ֣ר הַזֶּ֔ה אָשׁ֛וּבָה אֶרְעֶ֥ה צֹֽאנְךָ֖ אֶשְׁמֹֽר ׃,ויאמר מה אתנ לכ ויאמר יעקב לא תתנ לי מאומה אמ תעשה לי הדבר הזה אשובה ארעה צאנכ אשמר,20,ואמר מה אתן לך ואמר יעקב לא תתן לי מדעם אם תעבד לי פתגמא הדין אתוב ארעי ענך אטר:,19,"καὶ εἶπεν αὐτῷ Λαβάν Τί σοι δώσω; εἶπεν δὲ αὐτῷ Ἰακώβ Οὐ δώσεις μοι οὐθέν· ἐὰν ποιήσεις μοι τὸ ῥῆμα τοῦτο, πάλιν ποιμανῶ τὰ πρόβατά σου καὶ φυλάξω.",28,ܐܡ̇ܪ ܠܗ ܠܒܢ ܡܢܐ ܐܬܠ ܠܟ. ܐܡ̇ܪ ܠܗ ܝܥܩܘܒ. ܠܐ ܬܬܠ ܠܝ ܡܕܡ. ܐܢ ܬܥܒܕ ܠܝ ܦܬܓܡܐ ܕܐܡ̇ܪ ܐܢܐ ܠܟ . ܐܗܦܘܟ ܐܪܥܐ ܥܢܟ ܘܐܛܪ.,25,Insistiu Labão: Que te darei? Então respondeu Jacó: Não me darás nada; tornarei a apascentar e a guardar o teu rebanho se me fizeres isto:,25,True,True,True
30,32,Gênesis 30:32,אֶֽעֱבֹ֨ר בְּכָל־ צֹֽאנְךָ֜ הַיּ֗וֹם הָסֵ֨ר מִשָּׁ֜ם כָּל־ שֶׂ֣ה ׀ נָקֹ֣ד וְטָל֗וּא וְכָל־ שֶׂה־ חוּם֙ בַּכְּשָׂבִ֔ים וְטָל֥וּא וְנָקֹ֖ד בָּעִזִּ֑ים וְהָיָ֖ה שְׂכָרִֽי ׃,אעבר בכל צאנכ היומ הסר משמ כל שה נקד וטלוא וכל שה חומ בכשבימ וטלוא ונקד בעזימ והיה שכרי,21,אעבר בכל ענך יומא דין העדי מתמן כל אמר נמור ורקוע וכל אמר שחום באמריא ורקוע ונמור בעזיא ויהי אגרי:,20,"παρελθάτω τὰ πρόβατά σου σήμερον, καὶ διαχώρισον ἐκεῖθεν πᾶν πρόβατον φαιὸν ἐν τοῖς ἄρνασιν καὶ πᾶν διάραντον καὶ λευκὸν ἐν ταῖς αἰξίν· ἔσται μοι μισθός.",25,ܐܥܒܪ ܒܟܠܗ̇ ܥܢܟ ܝܘܡܢܐ. ܘܐܦܪܘܫ ܠܝ ܡܢ ܬܡܢ ܟܠ ܐܡܪܐ ܕܩܪܚ ܘܦܝܣܟܝ. ܘܟܠ ܐܡܪܐ ܕܐ̇ܟܡ ܒܚܘܪ̈ܬܐ ܘܦܝܣܟܝ ܘܩܪܚ ܒܥ̈ܙܐ ܘܢܗܘܐ ܐܓܪܝ.,21,"Passarei hoje por todo o teu rebanho, separando dele todos os salpicados e malhados, e todos os escuros entre as ovelhas, e os malhados e salpicados entre as cabras; e isto será o meu salário.",35,True,True,True
30,33,Gênesis 30:33,וְעָֽנְתָה־ בִּ֤י צִדְקָתִי֙ בְּי֣וֹם מָחָ֔ר כִּֽי־ תָב֥וֹא עַל־ שְׂכָרִ֖י לְפָנֶ֑יךָ כֹּ֣ל אֲשֶׁר־ אֵינֶנּוּ֩ נָקֹ֨ד וְטָל֜וּא בָּֽעִזִּ֗ים וְחוּם֙ בַּכְּשָׂבִ֔ים גָּנ֥וּב ה֖וּא אִתִּֽי ׃,וענתה בי צדקתי ביומ מחר כי תבוא על שכרי לפניכ כל אשר איננו נקד וטלוא בעזימ וחומ בכשבימ גנוב הוא אתי,22,ותסהד בי זכותי ביום דמחר ארי תיעול על אגרי קדמך כל די ליתוהי נמור ורקוע בעזיא ושחום באמריא גנובא הוא עמי:,21,"καὶ ἐπακούσεταί μοι ἡ δικαιοσύνη μου ἐν τῇ ἡμέρᾳ τῇ αὔριον, ὅτι ἐστὶν ὁ μισθός μου ἐνώπιόν σου· πᾶν ὃ ἐὰν μὴ ᾖ ῥαντὸν καὶ διάλευκον ἐν ταῖς αἰξὶν καὶ φαιὸν ἐν τοῖς ἄρνασιν, κεκλεμμένον ἔσται παρ᾽ ἐμοί.",38,ܘܬܣܗܕ ܥܠܝ ܙܟܘܬܝ ܐܝܟ ܕܝܘܡܢܐ. ܕܡܚܪ ܟܕ ܬܥܘܠ ܥܠ ܐܓܪܝ ܩܕܡܝܟ. ܟܠ ܕܠܐ ܗܘܐ ܩܪܚ ܘܦܝܣܟܝ ܒܥ̈ܙܐ. ܘܐ̇ܟܡ ܒܚܘܪ̈ܬܐ ܓܢܝܒܐ ܗ̣ܘ ܠܝ.,22,"De modo que responderá por mim a minha justiça no dia de amanhã, quando vieres ver o meu salário assim exposto diante de ti: tudo o que não for salpicado e malhado entre as cabras e escuro entre as ovelhas, esse, se for achado comigo, será tido por furtado.",49,True,True,True
30,34,Gênesis 30:34,וַיֹּ֥אמֶר לָבָ֖ן הֵ֑ן ל֖וּ יְהִ֥י כִדְבָרֶֽךָ ׃,ויאמר לבנ הנ לו יהי כדברכ,7,ואמר לבן ברם לוי יהי כפתגמך:,6,εἶπεν δὲ αὐτῷ Λαβάν Ἔστω κατὰ τὸ ῥῆμά σου.,9,ܐܡ̇ܪ ܠܗ ܠܒܢ. ܐܝܢ ܢܗܘܐ ܐܝܟ ܡܠܬܟ.,7,"Concordou Labão, dizendo: Seja conforme a tua palavra.",8,True,True,True
30,35,Gênesis 30:35,וַיָּ֣סַר בַּיּוֹם֩ הַה֨וּא אֶת־ הַתְּיָשִׁ֜ים הָֽעֲקֻדִּ֣ים וְהַטְּלֻאִ֗ים וְאֵ֤ת כָּל־ הָֽעִזִּים֙ הַנְּקֻדּ֣וֹת וְהַטְּלֻאֹ֔ת כֹּ֤ל אֲשֶׁר־ לָבָן֙ בּ֔וֹ וְכָל־ ח֖וּם בַּכְּשָׂבִ֑ים וַיִּתֵּ֖ן בְּיַד־ בָּנָֽיו ׃,ויסר ביומ ההוא את התישימ העקדימ והטלאימ ואת כל העזימ הנקדות והטלאת כל אשר לבנ בו וכל חומ בכשבימ ויתנ ביד בניו,23,ואעדי ביומא ההוא ית תישיא רגוליא ורקועיא וית כל עזיא נמורתא ורקועתא כל די חור ביה וכל דשחום באמריא ויהב ביד בנוהי:,22,"καὶ διέστειλεν ἐν τῇ ἡμέρᾳ ἐκείνῃ τοὺς τράγους τοὺς ῥαντοὺς καὶ τοὺς διαλεύκους, καὶ πάσας τὰς αἶγας τὰς ῥαντὰς καὶ τὰς διαλεύκους, καὶ πᾶν ὃ ἦν λευκὸν ἐν αὐτοῖς, καὶ πᾶν ὃ ἦν φαιὸν ἐν τοῖς ἄρνασιν, καὶ ἔδωκεν διὰ χειρὸς τῶν υἱῶν αὐτοῦ.",44,ܘܦܪ̣ܫ ܒܝܘܡܐ ܗ̇ܘ. ܬܝܫ̈ܐ ܩܪ̈ܚܐ ܘܦܝܣ̈ܟܝܐ. ܘܟܠܗܝܢ ܥ̈ܙܐ ܩܪ̈ܚܬܐ ܘܦܝܣ̈ܟܝܬܐ. ܘܟܠ ܕܐܝܬ ܒܗܝܢ ܚܘܪܐ. ܘܟܠ ܕܐ̇ܟܡ ܒܚܘܪ̈ܬܐ. ܘܝܗ̣ܒ ܒܝܕ ܒܢ̈ܘܗܝ.,20,"E separou naquele mesmo dia os bodes listrados e malhados e todas as cabras salpicadas e malhadas, tudo em que havia algum branco, e todos os escuros entre os cordeiros e os deu nas mãos de seus filhos;",38,True,True,True
30,36,Gênesis 30:36,וַיָּ֗שֶׂם דֶּ֚רֶךְ שְׁלֹ֣שֶׁת יָמִ֔ים בֵּינ֖וֹ וּבֵ֣ין יַעֲקֹ֑ב וְיַעֲקֹ֗ב רֹעֶ֛ה אֶת־ צֹ֥אן לָבָ֖ן הַנּוֹתָרֹֽת ׃,וישמ דרכ שלשת ימימ בינו ובינ יעקב ויעקב רעה את צאנ לבנ הנותרת,14,ושוי מהלך תלתא יומין בינוהי ובין יעקב ויעקב רעי ית ענא דלבן דאשתארן:,13,καὶ ἀπέστησεν ὁδὸν τριῶν ἡμερῶν ἀνὰ μέσον αὐτῶν καὶ ἀνὰ μέσον Ἰακώβ· Ἰακὼβ δὲ ἐποίμαινεν ⸆ τὰ πρόβατα Λαβὰν τὰ ὑπολειφθέντα.,21,ܘܥܒ̣ܕ ܡܪܕܐ ܬܠܬܐ ܝܘܡ̈ܝܢ ܒܝܢ̈ܘܗܝ ܠܠܒܢ. ܘܝܥܩܘܒ ܪܥ̣ܐ ܥܢܗ ܕܠܒܢ ܗ̇ܝ ܕܐܫܬ̣ܚܪܬ.,12,e pôs três dias de caminho entre si e Jacó; e Jacó apascentava o restante dos rebanhos de Labão.,19,True,True,True
30,37,Gênesis 30:37,וַיִּֽקַּֽח־ ל֣וֹ יַעֲקֹ֗ב מַקַּ֥ל לִבְנֶ֛ה לַ֖ח וְל֣וּז וְעֶרְמ֑וֹן וַיְפַצֵּ֤ל בָּהֵן֙ פְּצָל֣וֹת לְבָנ֔וֹת מַחְשֹׂף֙ הַלָּבָ֔ן אֲשֶׁ֖ר עַל־ הַמַּקְלֽוֹת ׃,ויקח לו יעקב מקל לבנה לח ולוז וערמונ ויפצל בהנ פצלות לבנות מחשפ הלבנ אשר על המקלות,18,ונסיב ליה יעקב חוטרין דלבן רטיבין דדלוז ודדלוף וקליף בהון קלפין חורין קלוף חור די על חוטריא:,17,"ἔλαβεν δὲ αὐτῷ Ἰακὼβ ῥάβδον στυρακίνην χλωρὰν καὶ καρυίνην καὶ πλατάνου, καὶ ἐλέπισεν αὐτὰς Ἰακὼβ λεπίσματα λευκά, περισύρων τὸ χλωρόν· ἐφαίνετο δὲ ἐπὶ ταῖς ῥάβδοις τὸ λευκὸν ὃ ἐλέπισεν ποικίλον.",30,ܘܢܣ̣ܒ ܠܗ ܝܥܩܘܒ ܙܩ̈ܬܐ ܚܘܪ̈ܬܐ ܪ̈ܛܝܒܬܐ. ܕܠܘܙܐ ܘܕܕܘܠܒܐ. ܘܩܠ̣ܦ ܒܗܝܢ ܩ̈ܠܦܐ ܚܘܪ̈ܬܐ. ܘܡܚܘܪ ܚܘܪܐ ܕܒܙܩ̈ܬܐ.,15,"Então tomou Jacó varas verdes de estoraque, de amendoeira e de plátano e, descascando nelas riscas brancas, descobriu o branco que nelas havia;",23,True,True,True
30,38,Gênesis 30:38,וַיַּצֵּ֗ג אֶת־ הַמַּקְלוֹת֙ אֲשֶׁ֣ר פִּצֵּ֔ל בָּרֳהָטִ֖ים בְּשִֽׁקֲת֣וֹת הַמָּ֑יִם אֲשֶׁר֩ תָּבֹ֨אןָ הַצֹּ֤אן לִשְׁתּוֹת֙ לְנֹ֣כַח הַצֹּ֔אן וַיֵּחַ֖מְנָה בְּבֹאָ֥ן לִשְׁתּֽוֹת ׃,ויצג את המקלות אשר פצל ברהטימ בשקתות המימ אשר תבאנ הצאנ לשתות לנכח הצאנ ויחמנה בבאנ לשתות,18,ודעיץ ית חוטריא די קליף ברהטיא אתר בית שקיא דמיא אתר דאתן ענא למשתי לקבלהון דענא ומתיחמן במיתיהון למשתי:,19,"καὶ παρέθηκεν τὰς ῥάβδους ἃς ἐλέπισεν ἐν ταῖς ληνοῖς τῶν ποτιστηρίων τοῦ ὕδατος, ἵνα ὡς ἂν ἔλθωσιν τὰ πρόβατα πιεῖν, ἐνώπιον τῶν ῥάβδων καὶ ἐλθόντων αὐτῶν εἰς τὸ πιεῖν, ἐνκισσήσωσιν τὰ πρόβατα εἰς τὰς ῥάβδους.",35,ܘܕܥ̣ܨ ܐܢܝ̈ܢ ܠܙܩ̈ܬܐ ܕܩܠ̣ܦ ܒܪ̈ܗܛܐ ܕܡ̈ܝܐ. ܒܝܬ ܡܫܬܝܐ. ܟܪ ܕܐܬܝܢ ܥܢܐ ܠܡܫܬܐ. ܠܘܩܒܠ ܥܢܐ. ܘܚܡܝܢ ܡܐ ܕܐܬܝܢ ܠܡܫܬܐ.,18,"e as varas que descascara pôs em frente dos rebanhos, nos cochos, isto é, nos bebedouros, onde os rebanhos bebiam; e conceberam quando vinham beber.",25,True,True,True
30,39,Gênesis 30:39,וַיֶּחֱמ֥וּ הַצֹּ֖אן אֶל־ הַמַּקְל֑וֹת וַתֵּלַ֣דְןָ הַצֹּ֔אן עֲקֻדִּ֥ים נְקֻדִּ֖ים וּטְלֻאִֽים ׃,ויחמו הצאנ אל המקלות ותלדנ הצאנ עקדימ נקדימ וטלאימ,10,ואתיחמא ענא בחוטריא וילידא ענא רגולין נמורין ורקועין:,8,καὶ ἔτικτον τὰ πρόβατα διάλευκα καὶ ποικίλα καὶ σποδοειδῆ ῥαντά.,10,ܘܚ̇ܡܢ ܥܢܐ ܥܠ ܙܩ̈ܬܐ. ܘܝ̈ܠܕܢ ܥܢܐ ܩܪ̈ܚܐ ܘܦܝܣ̈ܟܝܐ .,9,"Os rebanhos concebiam diante das varas, e as ovelhas davam crias listradas, salpicadas e malhadas.",15,True,True,True
30,40,Gênesis 30:40,וְהַכְּשָׂבִים֮ הִפְרִ֣יד יַעֲקֹב֒ וַ֠יִּתֵּן פְּנֵ֨י הַצֹּ֧אן אֶל־ עָקֹ֛ד וְכָל־ ח֖וּם בְּצֹ֣אן לָבָ֑ן וַיָּֽשֶׁת־ ל֤וֹ עֲדָרִים֙ לְבַדּ֔וֹ וְלֹ֥א שָׁתָ֖ם עַל־ צֹ֥אן לָבָֽן ׃,והכשבימ הפריד יעקב ויתנ פני הצאנ אל עקד וכל חומ בצאנ לבנ וישת לו עדרימ לבדו ולא שתמ על צאנ לבנ,22,ואמריא אפרש יעקב ויהב בריש ענא כל דרגול וכל דשחום בענא דלבן ושוי ליה עדרין בלחודוהי ולא ערבנון עם ענא דלבן:,21,"τοὺς δὲ ἀμνοὺς διέστειλεν Ἰακώβ, καὶ ἔστησεν ἐναντίον τῶν προβάτων κριὸν διάλευκον καὶ πᾶν ποικίλον ἐν τοῖς ἀμνοῖς· καὶ διεχώρισεν ἑαυτῷ ποίμνια καθ᾽ ἑαυτόν, καὶ οὐκ ἔμιξεν αὐτὰ εἰς τὰ πρόβατα Λαβάν.",32,ܘܦ̣ܪܫ ܝܥܩܘܒ ܘܝܗ̣ܒ ܩܕܡ ܥܢܐ ܐܡܪ̈ܐ ܩܪ̈ܚܐ ܘܦܝܣ̈ܟܝܐ . ܘܟܠ ܕܐ̇ܟܡ ܒܥܢܗ ܕܠܒܢ. ܘܥܒ̣ܕ ܠܗ ܓܙܪܐ ܒܠܚܘܕܘܗܝ. ܘܠܐ ܚܠ̣ܛ ܐܢܘܢ ܒܥܢܗ ܕܠܒܢ.,22,"Então separou Jacó os cordeiros, e fez os rebanhos olhar para os listrados e para todos os escuros no rebanho de Labão; e pôs seu rebanho à parte, e não pôs com o rebanho de Labão.",36,True,True,True
30,41,Gênesis 30:41,וְהָיָ֗ה בְּכָל־ יַחֵם֮ הַצֹּ֣אן הַמְקֻשָּׁרוֹת֒ וְשָׂ֨ם יַעֲקֹ֧ב אֶת־ הַמַּקְל֛וֹת לְעֵינֵ֥י הַצֹּ֖אן בָּרֳהָטִ֑ים לְיַחְמֵ֖נָּה בַּמַּקְלֽוֹת ׃,והיה בכל יחמ הצאנ המקשרות ושמ יעקב את המקלות לעיני הצאנ ברהטימ ליחמנה במקלות,15,והוי בכל עדן דמתיחמן ענא מבכרתא ומשוי יעקב ית חוטריא לעיני ענא ברהטיא ליחמותהון בחוטריא:,15,"ἐγένετο δὲ ἐν τῷ καιρῷ ᾧ ἐνεκίσσων τὰ πρόβατα ἐν γαστρὶ λαμβάνοντα, ἔθηκεν Ἰακὼβ τὰς ῥάβδους ἐναντίον τῶν προβάτων ἐν ταῖς ληνοῖς, τοῦ ἐνκισσῆσαι αὐτὰ κατὰ τὰς ῥάβδους·",28,ܘܒܟܠ ܫܥܐ ܕܚ̇ܡܐ ܥܢܐ ܒܟܝܪܝܬܐ. ܣܐܡ ܝܥܩܘܒ ܙܩ̈ܬܐ ܩܕܡ ܥܢܐ. ܒܪ̈ܗܛܐ ܕܢܚܡܝܢ ܒܙܩ̈ܬܐ.,13,"e todas as vezes que concebiam as ovelhas fortes, punha Jacó as varas nos bebedouros, diante dos olhos do rebanho, para que concebessem diante das varas;",26,True,True,True
30,42,Gênesis 30:42,וּבְהַעֲטִ֥יף הַצֹּ֖אן לֹ֣א יָשִׂ֑ים וְהָיָ֤ה הָעֲטֻפִים֙ לְלָבָ֔ן וְהַקְּשֻׁרִ֖ים לְיַעֲקֹֽב ׃,ובהעטיפ הצאנ לא ישימ והיה העטפימ ללבנ והקשרימ ליעקב,10,ובלקישות ענא לא משוי והוו לקשיא ללבן ובכיריא ליעקב:,9,"ἡνίκα γὰρ ἔτεκον τὰ πρόβατα, οὐκ ἐτίθει· ἐγένετο δὲ τὰ ἄσημα τοῦ Λαβάν, τὰ δὲ ἐπίσημα τοῦ Ἰακώβ.",18,ܘܒܠܩܝ̈ܫܝܐ ܕܥܢܐ ܠܐ ܣܐܡ ܗܘ̣ܐ. ܘܗܘܝܢ ܠܩܝܫ̈ܝܐ ܠܠܒܢ. ܘܒܟܝܪ̈ܝܐ ܠܝܥܩܘܒ.,10,"mas quando era fraco o rebanho, ele não as punha. Assim as fracas eram de Labão, e as fortes de Jacó.",21,True,True,True
30,43,Gênesis 30:43,וַיִּפְרֹ֥ץ הָאִ֖ישׁ מְאֹ֣ד מְאֹ֑ד וַֽיְהִי־ לוֹ֙ צֹ֣אן רַבּ֔וֹת וּשְׁפָחוֹת֙ וַעֲבָדִ֔ים וּגְמַלִּ֖ים וַחֲמֹרִֽים ׃,ויפרצ האיש מאד מאד ויהי לו צאנ רבות ושפחות ועבדימ וגמלימ וחמרימ,13,ותקיף גברא לחדא לחדא והוו ליה ען סגיאן ואמהן ועבדין וגמלין וחמרין:,12,καὶ ἐπλούτησεν ὁ ἄνθρωπος σφόδρα σφόδρα· καὶ ἐγένετο αὐτῷ κτήνη πολλὰ καὶ βόες καὶ παῖδες καὶ παιδίσκαι καὶ κάμηλοι καὶ ὄνοι.,21,ܘܥܬ̣ܪ ܓܒܪܐ ܛܒ ܛܒ . ܘܗܘܬ ܠܗ ܥܢܐ ܣܓܝܐܬܐ. ܘܥܒ̈ܕܐ ܘܐܡ̈ܗܬܐ ܘܐ̈ܬܢܐ ܘܓܡ̈ܠܐ ܘܚܡܪ̈ܐ.,14,"E o homem se enriqueceu sobremaneira, e teve grandes rebanhos, servas e servos, camelos e jumentos.",16,True,True,True
31,1,Gênesis 31:1,וַיִּשְׁמַ֗ע אֶת־ דִּבְרֵ֤י בְנֵֽי־ לָבָן֙ לֵאמֹ֔ר לָקַ֣ח יַעֲקֹ֔ב אֵ֖ת כָּל־ אֲשֶׁ֣ר לְאָבִ֑ינוּ וּמֵאֲשֶׁ֣ר לְאָבִ֔ינוּ עָשָׂ֕ה אֵ֥ת כָּל־ הַכָּבֹ֖ד הַזֶּֽה ׃,וישמע את דברי בני לבנ לאמר לקח יעקב את כל אשר לאבינו ומאשר לאבינו עשה את כל הכבד הזה,20,ושמע ית פתגמי בני לבן דאמרין נסיב יעקב ית כל די לאבונא ומדי לאבונא קנא ית כל נכסיא הדין:,19,"Ἤκουσεν δὲ Ἰακὼβ τὰ ῥήματα τῶν υἱῶν Λαβὰν λεγόντων Εἴληφεν Ἰακὼβ πάντα τὰ τοῦ πατρὸς ἡμῶν, καὶ ἐκ τῶν τοῦ πατρὸς ἡμῶν πεποίηκεν πᾶσαν τὴν δόξαν ταύτην.",27,ܘܫܡ̣ܥ ܝܥܩܘܒ ܡ̈ܠܝܗܘܢ ܕܒܢ̈ܝ ܠܒܢ ܕܐܡܪ̈ܝܢ. ܢܣ̣ܒ ܝܥܩܘܒ ܟܠ ܕܐܝܬ ܗܘܐ ܠܐܒܘܢ. ܘܡܢ ܕܐܒܘܢ ܩܢ̣ܐ ܗܢܐ ܩܢܝܢܐ ܟܠܗ .,19,"Jacó, entretanto, ouviu as palavras dos filhos de Labão, que diziam: Jacó tem levado tudo o que era de nosso pai, e do que era de nosso pai adquiriu ele todas estas, riquezas.",33,True,True,True
31,2,Gênesis 31:2,וַיַּ֥רְא יַעֲקֹ֖ב אֶת־ פְּנֵ֣י לָבָ֑ן וְהִנֵּ֥ה אֵינֶ֛נּוּ עִמּ֖וֹ כִּתְמ֥וֹל שִׁלְשֽׁוֹם ׃,וירא יעקב את פני לבנ והנה איננו עמו כתמול שלשומ,11,וחזא יעקב ית סבר אפי לבן והא ליתוהי עמיה כמאתמלי ומדקמוהי:,11,"καὶ εἶδεν Ἰακὼβ τὸ πρόσωπον Λαβάν, καὶ ἰδοὺ οὐκ ἦν πρὸς αὐτὸν ὡς ἐχθὲς καὶ τρίτην ἡμέραν.",17,ܘܚ̣ܙܐ ܝܥܩܘܒ ܐ̈ܦܘܗܝ ܕܠܒܢ. ܕܠܐ ܗ̈ܘܝ ܥܡܗ. ܐܝܟ ܕܐܬܡܠܝ ܘܐܝܟ ܕܡܢܬܡܠܝ.,11,"Viu também Jacó o rosto de Labão, e eis que não era para com ele como dantes.",17,True,True,True
31,3,Gênesis 31:3,וַיֹּ֤אמֶר יְהוָה֙ אֶֽל־ יַעֲקֹ֔ב שׁ֛וּב אֶל־ אֶ֥רֶץ אֲבוֹתֶ֖יךָ וּלְמוֹלַדְתֶּ֑ךָ וְאֶֽהְיֶ֖ה עִמָּֽךְ ׃,ויאמר יהוה אל יעקב שוב אל ארצ אבותיכ ולמולדתכ ואהיה עמכ,12,ואמר יי ליעקב תוב לארעא דאבהתך ולילדתך ויהי מימרי בסעדך:,10,"εἶπεν δὲ Κύριος πρὸς Ἰακώβ Ἀποστρέφου εἰς τὴν γῆν τοῦ πατρός σου καὶ εἰς τὴν γενεάν σου, καὶ ἔσομαι μετὰ σοῦ.",21,ܘܐܡ̣ܪ ܡܪܝܐ ܠܝܥܩܘܒ. ܗܦܘܟ ܠܐܪܥܐ ܕܐܒ̈ܗܝܟ ܘܠܬܘ̈ܠܕܬܟ ܘܐܗܘܐ ܥܡܟ.,9,"Disse o Senhor, então, a Jacó: Volta para a terra de teus pais e para a tua parentela; e eu serei contigo.",22,True,True,True
31,4,Gênesis 31:4,וַיִּשְׁלַ֣ח יַעֲקֹ֔ב וַיִּקְרָ֖א לְרָחֵ֣ל וּלְלֵאָ֑ה הַשָּׂדֶ֖ה אֶל־ צֹאנֽוֹ ׃,וישלח יעקב ויקרא לרחל וללאה השדה אל צאנו,9,ושלח יעקב וקרא לרחל וללאה לחקלא לות עניה:,8,"ἀποστείλας δὲ Ἰακὼβ ἐκάλεσεν Ῥαχὴλ καὶ Λείαν εἰς τὸ πεδίον οὗ τὰ ποίμνια,",13,ܘܫܕܪ ܝܥܩܘܒ ܩ̣ܪܐ ܠܪܚܝܠ ܘܠܠܝܐ ܠܚܩܠܐ. ܠܘܬ ܥܢܗ.,8,"Pelo que Jacó mandou chamar a Raquel e a Léia ao campo, onde estava o seu rebanho,",17,True,True,True
31,5,Gênesis 31:5,וַיֹּ֣אמֶר לָהֶ֗ן רֹאֶ֤ה אָנֹכִי֙ אֶת־ פְּנֵ֣י אֲבִיכֶ֔ן כִּֽי־ אֵינֶ֥נּוּ אֵלַ֖י כִּתְמֹ֣ל שִׁלְשֹׁ֑ם וֵֽאלֹהֵ֣י אָבִ֔י הָיָ֖ה עִמָּדִֽי ׃,ויאמר להנ ראה אנכי את פני אביכנ כי איננו אלי כתמל שלשמ ואלהי אבי היה עמדי,17,ואמר להן חזי אנא ית סבר אפי אבוכן ארי ליתוהי עמי כמאתמלי ומדקמוהי ואלהה דאבא הוה בסעדי:,17,καὶ εἶπεν αὐταῖς Ὁρῶ ἐγὼ τὸ πρόσωπον τοῦ πατρὸς ὑμῶν ὅτι οὐκ ἔστιν μετ᾽ ἐμοῦ ὡς ἐχθὲς καὶ τρίτην ἡμέραν· ὁ δὲ θεὸς τοῦ πατρός μου ἦν μετ᾽ ἐμοῦ·,29,ܘܐܡ̣ܪ ܠܗܝܢ. ܚ̇ܙܐ ܐܢܐ ܐ̈ܦܘܗܝ ܕܐܒܘܟܝܢ. ܕܠܐ ܗ̈ܘܝ ܠܘܬܝ ܐܝܟ ܕܐܬܡܠ̣ܝ ܘܐܝܟ ܕܡܢܬܡܠܝ. ܘܐܠܗܗ ܕܐܒܝ ܗܘ̣ܐ ܥܡܝ.,17,e lhes disse: vejo que o rosto de vosso pai para comigo não é como anteriormente; porém o Deus de meu pai tem estado comigo.,25,True,True,True
31,6,Gênesis 31:6,וְאַתֵּ֖נָה יְדַעְתֶּ֑ן כִּ֚י בְּכָל־ כֹּחִ֔י עָבַ֖דְתִּי אֶת־ אֲבִיכֶֽן ׃,ואתנה ידעתנ כי בכל כחי עבדתי את אביכנ,9,ואתין ידעתין ארי בכל חילי פלחית ית אבוכן:,8,καὶ αὐταὶ δὲ οἴδατε ὅτι ἐν πάσῃ ἰσχύι μου δεδούλευκα τῷ πατρὶ ὑμῶν.,13,ܘܐܢܬܝܢ ܝܕ̈ܥܢ ܐܢܬܝܢ ܕܒܟܠܗ ܚܝܠܝ ܦܠܚ̇ܬ ܠܐܒܘܟܝܢ.,7,"Ora, vós mesmas sabeis que com todas as minhas forças tenho servido a vosso pai.",15,True,True,True
31,7,Gênesis 31:7,וַאֲבִיכֶן֙ הֵ֣תֶל בִּ֔י וְהֶחֱלִ֥ף אֶת־ מַשְׂכֻּרְתִּ֖י עֲשֶׂ֣רֶת מֹנִ֑ים וְלֹֽא־ נְתָנ֣וֹ אֱלֹהִ֔ים לְהָרַ֖ע עִמָּדִֽי ׃,ואביכנ התל בי והחלפ את משכרתי עשרת מנימ ולא נתנו אלהימ להרע עמדי,14,ואבוכן שקר בי ואשני ית אגרי עשר זמנין ולא שבקיה יי לאבאשא עמי:,13,"ὁ δὲ πατὴρ ὑμῶν παρεκρούσατό με, καὶ ἤλλαξεν τὸν μισθόν μου τῶν δέκα ἀμνῶν, καὶ οὐκ ἔδωκεν αὐτῷ ὁ θεὸς κακοποιῆσαί με.",22,ܘܐܒܘܟܝܢ ܕܓ̇ܠ ܒܝ. ܘܚ̇ܠܦ ܐܓܪܝ ܥܣܪ ܙܒܢܝ̈ܢ. ܘܠܐ ܫܒܩܗ ܐܠܗܐ ܕܢܒܐܫ ܠܝ.,12,"Mas vosso pai me tem enganado, e dez vezes mudou o meu salário; Deus, porém, não lhe permitiu que me fizesse mal.",22,True,True,True
31,8,Gênesis 31:8,אִם־ כֹּ֣ה יֹאמַ֗ר נְקֻדִּים֙ יִהְיֶ֣ה שְׂכָרֶ֔ךָ וְיָלְד֥וּ כָל־ הַצֹּ֖אן נְקֻדִּ֑ים וְאִם־ כֹּ֣ה יֹאמַ֗ר עֲקֻדִּים֙ יִהְיֶ֣ה שְׂכָרֶ֔ךָ וְיָלְד֥וּ כָל־ הַצֹּ֖אן עֲקֻדִּֽים ׃,אמ כה יאמר נקדימ יהיה שכרכ וילדו כל הצאנ נקדימ ואמ כה יאמר עקדימ יהיה שכרכ וילדו כל הצאנ עקדימ,21,אם כדין הוה אמר נמורין יהא אגרך וילידן כל ענא נמורין ואם כדין הוה אמר רגולין יהא אגרך וילידן כל ענא רגולין:,22,"ἐὰν οὕτως εἴπῃ Τὰ ποικίλα ἔσται σου μισθός, καὶ τέξεται πάντα τὰ πρόβατα ποικίλα· ἐὰν δὲ εἴπῃ Τὰ λευκὰ ἔσται σου μισθός, καὶ τέξεται πάντα τὰ πρόβατα λευκά·",28,ܐܢ ܗܟܢܐ ܢܐܡܪ ܕܩܪ̈ܚܐ ܢܗܘܐ ܐܓܪܟ. ܝ̈ܠܕܢ ܟܠܗܝܢ ܥܢܐ ܩܪ̈ܚܐ. ܘܐܢ ܢܐܡܪ ܕܦܝܣ̈ܟܝܐ ܢܗܘܐ ܐܓܪܟ. ܝ̈ܠܕܢ ܟܠܗܝܢ ܥܢܐ ܦܝܣ̈ܟܝܐ.,19,"Quando ele dizia assim: Os salpicados serão o teu salário; então todo o rebanho dava salpicados. E quando ele dizia assim: Os listrados serão o teu salário, então todo o rebanho dava listrados.",33,True,True,True
31,9,Gênesis 31:9,וַיַּצֵּ֧ל אֱלֹהִ֛ים אֶת־ מִקְנֵ֥ה אֲבִיכֶ֖ם וַיִּתֶּן־ לִֽי ׃,ויצל אלהימ את מקנה אביכמ ויתנ לי,8,ואפרש יי ית גיתי דאבוכון ויהב לי:,7,καὶ ἀφείλατο ὁ θεὸς πάντα τὰ κτήνη τοῦ πατρὸς ὑμῶν καὶ ἔδωκέν μοι αὐτά.,14,ܘܦܪܫ ܐܠܗܐ ܡܢ ܩܢܝܢܐ ܕܐܒܘܟܝܢ ܘܝܗ̣ܒ ܠܝ.,7,"De modo que Deus tem tirado o gado de vosso pai, e mo tem dado a mim.",17,True,True,True
31,10,Gênesis 31:10,וַיְהִ֗י בְּעֵת֙ יַחֵ֣ם הַצֹּ֔אן וָאֶשָּׂ֥א עֵינַ֛י וָאֵ֖רֶא בַּחֲל֑וֹם וְהִנֵּ֤ה הָֽעַתֻּדִים֙ הָעֹלִ֣ים עַל־ הַצֹּ֔אן עֲקֻדִּ֥ים נְקֻדִּ֖ים וּבְרֻדִּֽים ׃,ויהי בעת יחמ הצאנ ואשא עיני וארא בחלומ והנה העתדימ העלימ על הצאנ עקדימ נקדימ וברדימ,17,והוה בעדן דאתיחמא ענא וזקפית עיני וחזית בחלמא והא תישיא דסלקין על ענא רגולין נמורין ופציחין:,16,"καὶ ἐγένετο ἡνίκα ἐνεκίσσων τὰ πρόβατα, καὶ ἴδον ἐν τοῖς ὀφθαλμοῖς ἐν τῷ ὕπνῳ, καὶ ἰδοὺ οἱ τράγοι καὶ οἱ κριοὶ ἀναβαίνοντες ἦσαν ἐπὶ τὰ πρόβατα καὶ τὰς αἶγας διάλευκοι καὶ ποικίλοι καὶ σποδοειδεῖς ῥαντοί.",35,ܘܒܙܒܢܐ ܕܚܡܐ ܥܢܐ. ܐܪܝܡ̇ܬ ܥܝܢ̈ܝ ܘܚ̇ܙܝܬ ܒܚܠܡܐ. ܘܗܐ ܬܝܫ̈ܐ ܣܠܩܝܢ ܥܠ ܥܢܐ. ܩܪ̈ܚܐ ܘܦܝܣ̈ܟܝܐ ܘܒܪ̈ܕܐ.,15,"Pois sucedeu que, ao tempo em que o rebanho concebia, levantei os olhos e num sonho vi que os bodes que cobriam o rebanho eram listrados, salpicados e malhados.",29,True,True,True
31,11,Gênesis 31:11,וַיֹּ֨אמֶר אֵלַ֜י מַלְאַ֧ךְ הָאֱלֹהִ֛ים בַּחֲל֖וֹם יַֽעֲקֹ֑ב וָאֹמַ֖ר הִנֵּֽנִי ׃,ויאמר אלי מלאכ האלהימ בחלומ יעקב ואמר הנני,9,ואמר לי מלאכא דיי בחלמא יעקב ואמרית הא אנא:,9,καὶ εἶπέν μοι ὁ ἄγγελος τοῦ θεοῦ καθ᾽ ὕπνον Ἰακὼβ Ἰακώβ. ἐγὼ δὲ εἶπα Τί ἐστιν;,16,ܘܐܡ̣ܪ ܠܝ ܡܠܐܟܗ ܕܐܠܗܐ ܒܚܠܡܐ. ܝܥܩܘܒ. ܘܐܡ̇ܪܬ ܗܐ ܐܢܐ.,9,Disse-me o anjo de Deus no sonho: Jacó! Eu respondi: Eis-me aqui.,12,True,True,True
31,12,Gênesis 31:12,וַיֹּ֗אמֶר שָׂא־ נָ֨א עֵינֶ֤יךָ וּרְאֵה֙ כָּל־ הָֽעַתֻּדִים֙ הָעֹלִ֣ים עַל־ הַצֹּ֔אן עֲקֻדִּ֥ים נְקֻדִּ֖ים וּבְרֻדִּ֑ים כִּ֣י רָאִ֔יתִי אֵ֛ת כָּל־ אֲשֶׁ֥ר לָבָ֖ן עֹ֥שֶׂה לָּֽךְ ׃,ויאמר שא נא עיניכ וראה כל העתדימ העלימ על הצאנ עקדימ נקדימ וברדימ כי ראיתי את כל אשר לבנ עשה לכ,22,ואמר זקוף כען עינך וחזי כל תישיא דסלקין על ענא רגולין נמורין ופציחין ארי גלי קדמי ית כל די לבן עבד לך:,22,"καὶ εἶπεν Ἀνάβλεψον τοῖς ὀφθαλμοῖς σου, καὶ ἴδε τοὺς τράγους καὶ τοὺς κριοὺς ἀναβαίνοντας ⸂⸆⸃ ἐπὶ τὰ πρόβατα καὶ τὰς αἶγας διαλεύκους καὶ ποικίλους καὶ σποδοειδεῖς ῥαντούς· ἑώρακα γὰρ ὅσα σοι Λαβὰν ποιεῖ.",33,ܘܐܡ̣ܪ ܠܝ . ܐܪܝܡ ܥܝܢ̈ܝܟ. ܘܚܙܝ ܟܘܠ ܬܝܫ̈ܐ ܕܣܠܩܝܢ ܥܠ ܥܢܐ. ܩܪ̈ܚܐ ܘܦܝܣ̈ܟܝܐ ܘܒܪ̈ܕܐ. ܡܛܠ ܕܚ̇ܙܝܬ ܟܠ ܕܥܒ̣ܕ ܠܟ ܠܒܢ.,20,"Prosseguiu o anjo: Levanta os teus olhos e vê que todos os bodes que cobrem o rebanho são listrados, salpicados e malhados; porque tenho visto tudo o que Labão te vem fazendo.",32,True,True,True
31,13,Gênesis 31:13,אָנֹכִ֤י הָאֵל֙ בֵּֽית־ אֵ֔ל אֲשֶׁ֨ר מָשַׁ֤חְתָּ שָּׁם֙ מַצֵּבָ֔ה אֲשֶׁ֨ר נָדַ֥רְתָּ לִּ֛י שָׁ֖ם נֶ֑דֶר עַתָּ֗ה ק֥וּם צֵא֙ מִן־ הָאָ֣רֶץ הַזֹּ֔את וְשׁ֖וּב אֶל־ אֶ֥רֶץ מוֹלַדְתֶּֽךָ ׃,אנכי האל בית אל אשר משחת שמ מצבה אשר נדרת לי שמ נדר עתה קומ צא מנ הארצ הזאת ושוב אל ארצ מולדתכ,24,אנא אלהא דאתגליתי עלך בבית אל די משחתא תמן קמא די קימתא קדמי תמן קים כען קום פוק מן ארעא הדא ותוב לארעא ילדותך:,24,"ἐγώ εἰμι ὁ θεὸς ὁ ὀφθείς σοι ἐν τῷ τόπῳ ᾧ ἤλειψάς μοι ἐκεῖ στήλην καὶ ηὔξω μοι ἐκεῖ εὐχήν· νῦν οὖν ἀνάστηθι καὶ ἄπελθε ἐκ τῆς γῆς ταύτης καὶ ἄπελθε εἰς τὴν γῆν τῆς γενέσεώς σου, καὶ ἔσομαι μετὰ σοῦ.",41,ܐܢܐ ܐܢܐ ܐܠܗܐ ܕܒܝܬ ܐܝܠ. ܕܡܫ̣ܚܬ ܠܝ ܬܡܢ ܩܝܡܬܐ. ܘܢ̣ܕܪܬ ܠܝ ܬܡ̇ܢ ܢܕܪܐ. ܗܫܐ ܩܘܡ ܦܘܩ ܡܢ ܐܪܥܐ ܗܕܐ. ܘܗܦܘܟ ܠܐܪܥܐ ܕܬ̈ܘܠܕܬܟ.,22,"Eu sou o Deus de Betel, onde ungiste uma coluna, onde me fizeste um voto; levanta-te, pois, sai-te desta terra e volta para a terra da tua parentela.",28,True,True,True
31,14,Gênesis 31:14,וַתַּ֤עַן רָחֵל֙ וְלֵאָ֔ה וַתֹּאמַ֖רְנָה ל֑וֹ הַע֥וֹד לָ֛נוּ חֵ֥לֶק וְנַחֲלָ֖ה בְּבֵ֥ית אָבִֽינוּ ׃,ותענ רחל ולאה ותאמרנה לו העוד לנו חלק ונחלה בבית אבינו,12,ואתיבת רחל ולאה ואמרן ליה העוד לנא חלק ואחסנא בבית אבונא:,11,καὶ ἀποκριθεῖσα Ῥαχὴλ καὶ Λεία εἶπαν αὐτῷ Μὴ ἔστιν ἡμῖν ἔτι μερὶς ἢ κληρονομία ἐν τῷ οἴκῳ τοῦ πατρὸς ἡμῶν;,20,ܘܥܢ̣ܝ ܪܚܝܠ ܘܠܝܐ ܘܐܡܪ̈ܢ . ܬܘܒ ܠܝܬ ܠܢ ܡܢܬܐ ܘܝܪܬܘܬܐ ܒܝܬ ܐܒܘܢ.,12,Então lhe responderam Raquel e Léia: Temos nós ainda parte ou herança na casa de nosso pai?,17,True,True,True
31,15,Gênesis 31:15,הֲל֧וֹא נָכְרִיּ֛וֹת נֶחְשַׁ֥בְנוּ ל֖וֹ כִּ֣י מְכָרָ֑נוּ וַיֹּ֥אכַל גַּם־ אָכ֖וֹל אֶת־ כַּסְפֵּֽנוּ ׃,הלוא נכריות נחשבנו לו כי מכרנו ויאכל גמ אכול את כספנו,12,הלא נוכראן אתחשבנא ליה ארי זבננא ואכל אף מיכל ית כספנא:,11,"οὐχ ὡς αἱ ⸂⸆⸃ ἀλλότριαι λελογίσμεθα αὐτῷ; πέπρακεν γὰρ ἡμᾶς, καὶ κατέφαγεν καταβρώσει τὸ ἀργύριον ἡμῶν.",16,ܗܐ ܐܝܟ ܢܘܟܪ̈ܝܬܐ ܚܫ̈ܝܒܢ ܚܢܢ ܠܗ. ܡܛܠ ܕܙܒܢܢ ܐܦ ܐܟ̣ܠ ܟܣܦܢ.,11,"Não somos tidas por ele como estrangeiras? pois nos vendeu, e consumiu todo o nosso preço.",16,True,True,True
31,16,Gênesis 31:16,כִּ֣י כָל־ הָעֹ֗שֶׁר אֲשֶׁ֨ר הִצִּ֤יל אֱלֹהִים֙ מֵֽאָבִ֔ינוּ לָ֥נוּ ה֖וּא וּלְבָנֵ֑ינוּ וְעַתָּ֗ה כֹּל֩ אֲשֶׁ֨ר אָמַ֧ר אֱלֹהִ֛ים אֵלֶ֖יךָ עֲשֵֽׂה ׃,כי כל העשר אשר הציל אלהימ מאבינו לנו הוא ולבנינו ועתה כל אשר אמר אלהימ אליכ עשה,18,ארי כל עותרא די אפרש יי מאבונא דילנא הוא ולבננא וכען כל די אמר יי לך עבד:,17,"πάντα τὸν πλοῦτον καὶ τὴν δόξαν ἣν ἀφείλατο ὁ θεὸς τοῦ πατρὸς ἡμῶν, ἡμῖν ἔσται καὶ τοῖς τέκνοις ἡμῶν· νῦν οὖν ὅσα εἴρηκεν ὁ θεός σοι ποίει.",27,ܡܛܠ ܕܟܠܗ ܥܘܬܪܐ ܕܦ̣ܪܫ ܐܠܗܐ ܡܢ ܕܐܒܘܢ ܕܝܠܢ ܗܘ ܘܕܒܢ̈ܝܢ. ܘܗܫܐ ܟܠ ܕܐܡ̇ܪ ܠܟ ܡܪܝܐ ܥܒ̣ܕ.,16,"Toda a riqueza que Deus tirou de nosso pai é nossa e de nossos filhos; portanto, faze tudo o que Deus te mandou.",23,True,True,True
31,17,Gênesis 31:17,וַיָּ֖קָם יַעֲקֹ֑ב וַיִּשָּׂ֛א אֶת־ בָּנָ֥יו וְאֶת־ נָשָׁ֖יו עַל־ הַגְּמַלִּֽים ׃,ויקמ יעקב וישא את בניו ואת נשיו על הגמלימ,10,וקם יעקב ונטל ית בנוהי וית נשוהי על גמליא:,9,Ἀναστὰς δὲ Ἰακὼβ ἔλαβεν τὰς γυναῖκας καὶ τὰ παιδία αὐτοῦ ἐπὶ τὰς καμήλους·,13,ܘܩܡ ܝܥܩܘܒ ܘܫܩ̣ܠ ܠܒܢ̈ܘܗܝ ܘܠܢܫ̈ܘܗܝ ܥܠ ܓܡ̈ܠܐ.,7,"Levantou-se, pois, Jacó e fez montar seus filhos e suas mulheres sobre os camelos;",14,True,True,True
31,18,Gênesis 31:18,וַיִּנְהַ֣ג אֶת־ כָּל־ מִקְנֵ֗הוּ וְאֶת־ כָּל־ רְכֻשׁוֹ֙ אֲשֶׁ֣ר רָכָ֔שׁ מִקְנֵה֙ קִנְיָנ֔וֹ אֲשֶׁ֥ר רָכַ֖שׁ בְּפַדַּ֣ן אֲרָ֑ם לָב֛וֹא אֶל־ יִצְחָ֥ק אָבִ֖יו אַ֥רְצָה כְּנָֽעַן ׃,וינהג את כל מקנהו ואת כל רכשו אשר רכש מקנה קנינו אשר רכש בפדנ ארמ לבוא אל יצחק אביו ארצה כנענ,22,ודבר ית כל גיתוהי וית כל קניניה דקנא גיתי קניניה די קנא בפדן ארם למיתי לות יצחק אבוהי לארעא כנען:,20,"καὶ ἀπήγαγεν πάντα τὰ ὑπάρχοντα αὐτοῦ καὶ πᾶσαν τὴν ἀποσκευὴν αὐτοῦ, ἣν περιεποιήσατο ἐν τῇ Μεσοποταμίᾳ, καὶ πάντα τὰ αὐτοῦ, ἀπελθεῖν πρὸς Ἰσαὰκ τὸν πατέρα αὐτοῦ εἰς γῆν Χανάαν.",29,ܘܕܒ̣ܪ ܟܠܗ̇ ܒܥܝܪܗ ܘܟܠܗ ܩܢܝܢܗ ܕܩܢ̣ܐ ܒܦܕܢ ܕܐܪܡ. ܠܡܐܬܐ ܠܘܬ ܐܝܣܚܩ ܐܒܘܗܝ ܠܐܪܥܐ ܕܟܢܥܢ.,14,"e levou todo o seu gado, e toda a sua fazenda, que havia adquirido, o gado que possuía, que havia adquirido em Padã-Arã, a fim de ir ter com Isaque, seu pai, à terra de Canaã.",36,True,True,True
31,19,Gênesis 31:19,וְלָבָ֣ן הָלַ֔ךְ לִגְזֹ֖ז אֶת־ צֹאנ֑וֹ וַתִּגְנֹ֣ב רָחֵ֔ל אֶת־ הַתְּרָפִ֖ים אֲשֶׁ֥ר לְאָבִֽיהָ ׃,ולבנ הלכ לגזז את צאנו ותגנב רחל את התרפימ אשר לאביה,12,ולבן אזל למגז ית עניה וכסיאת רחל ית צלמניא די לאבוהא:,11,Λαβὰν δὲ ᾤχετο κεῖραι τὰ πρόβατα αὐτοῦ· ἔκλεψεν δὲ Ῥαχὴλ τὰ εἴδωλα τοῦ πατρὸς αὐτῆς.,15,ܘܠܒܢ ܐܙ̣ܠ ܠܡܓܙ ܥܢܗ. ܘܓܢܒ̣ܬ ܪܚܝܠ ܨܠܡ̈ܐ ܕܐܒܘܗ̇.,8,"Ora, tendo Labão ido tosquiar as suas ovelhas, Raquel furtou os ídolos que pertenciam a seu pai.",17,True,True,True
31,20,Gênesis 31:20,וַיִּגְנֹ֣ב יַעֲקֹ֔ב אֶת־ לֵ֥ב לָבָ֖ן הָאֲרַמִּ֑י עַל־ בְּלִי֙ הִגִּ֣יד ל֔וֹ כִּ֥י בֹרֵ֖חַ הֽוּא ׃,ויגנב יעקב את לב לבנ הארמי על בלי הגיד לו כי ברח הוא,14,וכסי יעקב מן לבא דלבן ארמאה על דלא חוי ליה ארי אזל הוא:,13,"ἔκρυψεν δὲ Ἰακὼβ Λαβὰν τὸν Σύρον, τοῦ μὴ ἀναγγεῖλαι αὐτῷ ὅτι ἀποδιδράσκει·",12,ܘܓܢ̣ܒ ܝܥܩܘܒ ܠܒܗ ܕܠܒܢ ܐܪܡ̇ܝܐ. ܡܛܠ ܕܠܐ ܚܘܝܗ ܕܐ̇ܙܠ.,9,"Jacó iludiu a Labão, o arameu, não lhe fazendo saber que fugia;",12,True,True,True
31,21,Gênesis 31:21,וַיִּבְרַ֥ח הוּא֙ וְכָל־ אֲשֶׁר־ ל֔וֹ וַיָּ֖קָם וַיַּעֲבֹ֣ר אֶת־ הַנָּהָ֑ר וַיָּ֥שֶׂם אֶת־ פָּנָ֖יו הַ֥ר הַגִּלְעָֽד ׃,ויברח הוא וכל אשר לו ויקמ ויעבר את הנהר וישמ את פניו הר הגלעד,15,ואזל הוא וכל די ליה וקם ועבר ית פרת ושוי ית אפוהי לטורא דגלעד:,14,"καὶ ἀπέδρα αὐτὸς καὶ πάντα τὰ αὐτοῦ, καὶ διέβη τὸν ποταμόν, καὶ ὥρμησεν εἰς τὸ ὄρος Γαλαάδ.",17,ܘܥ̣ܪܩ ܗ̣ܘ ܘܟܘܠ ܕܐܝܬ ܠܗ. ܘܩܡ ܘܥܒ̣ܪ ܢܗܪܐ. ܘܣܡ ܐ̈ܦܘܗܝ ܠܛܘܪ ܓܠܥܕ.,12,"e fugiu com tudo o que era seu; e, levantando-se, passou o Rio, e foi em direção à montanha de Gileade.",21,True,True,True
31,22,Gênesis 31:22,וַיֻּגַּ֥ד לְלָבָ֖ן בַּיּ֣וֹם הַשְּׁלִישִׁ֑י כִּ֥י בָרַ֖ח יַעֲקֹֽב ׃,ויגד ללבנ ביומ השלישי כי ברח יעקב,8,ואתחוה ללבן ביומא תליתאה ארי אזל יעקב:,7,Ἀνηγγέλη δὲ Λαβὰν τῷ Σύρῳ τῇ τρίτῃ ἡμέρᾳ ὅτι ἀπέδρα Ἰακώβ·,11,ܘܐܬܐܡܪ ܠܠܒܢ ܒܝܘܡܐ ܕܬܠܬܐ ܕܥ̣ܪܩ ܠܗ ܝܥܩܘܒ.,7,Ao terceiro dia foi Labão avisado de que Jacó havia fugido.,11,True,True,True
31,23,Gênesis 31:23,וַיִּקַּ֤ח אֶת־ אֶחָיו֙ עִמּ֔וֹ וַיִּרְדֹּ֣ף אַחֲרָ֔יו דֶּ֖רֶךְ שִׁבְעַ֣ת יָמִ֑ים וַיַּדְבֵּ֥ק אֹת֖וֹ בְּהַ֥ר הַגִּלְעָֽד ׃,ויקח את אחיו עמו וירדפ אחריו דרכ שבעת ימימ וידבק אתו בהר הגלעד,14,ודבר ית אחוהי עמיה ורדף בתרוהי מהלך שבעת יומין ואדבק יתיה בטורא דגלעד:,13,"καὶ παραλαβὼν πάντας τοὺς ἀδελφοὺς αὐτοῦ μεθ᾽ ἑαυτοῦ ἐδίωξεν ὀπίσω αὐτοῦ ὁδὸν ἡμερῶν ἑπτά, καὶ κατέλαβεν αὐτὸν ἐν τῷ ὄρει Γαλαάδ.",21,ܘܕܒ̣ܪ ܠܐ̈ܚܘܗܝ ܥܡܗ. ܘܪܕܦ ܒܬܪܗ ܡܪܕܐ ܫܒܥܐ ܝܘܡ̈ܝܢ. ܘܐܕܪܟܗ ܒܛܘܪܐ ܕܓܠܥܕ.,11,"Então, tomando consigo seus irmãos, seguiu atrás de Jacó jornada de sete dias; e alcançou-o na montanha de Gileade.",19,True,True,True
31,24,Gênesis 31:24,וַיָּבֹ֧א אֱלֹהִ֛ים אֶל־ לָבָ֥ן הָאֲרַמִּ֖י בַּחֲלֹ֣ם הַלָּ֑יְלָה וַיֹּ֣אמֶר ל֗וֹ הִשָּׁ֧מֶר לְךָ֛ פֶּן־ תְּדַבֵּ֥ר עִֽם־ יַעֲקֹ֖ב מִטּ֥וֹב עַד־ רָֽע ׃,ויבא אלהימ אל לבנ הארמי בחלמ הלילה ויאמר לו השמר לכ פנ תדבר עמ יעקב מטוב עד רע,19,ואתא מימר מן קדם יי לות לבן ארמאה בחילמא דליליא ואמר ליה אסתמר לך דילמא תמליל עם יעקב מטב עד ביש:,21,ἦλθεν δὲ ὁ θεὸς πρὸς Λαβὰν τὸν Σύρον καθ᾽ ὕπνον τὴν νύκτα καὶ εἶπεν αὐτῷ Φύλαξαι σεαυτὸν μή ποτε λαλήσῃς μετὰ Ἰακὼβ πονηρά.,23,ܘܐܬ̣ܐ ܐܠܗܐ ܥܠ ܠܒܢ ܐܪܡܝܐ ܒܚܠܡܐ ܕܠܠܝܐ ܘܐܡ̣ܪ ܠܗ. ܐܙܕܗܪ ܠܟ ܕܠܡܐ ܬܡܠܠ ܥܡ ܝܥܩܘܒ ܡܢ ܛܒܬܐ ܘܥܕܡܐ ܠܒܝܫܬܐ.,19,"Mas Deus apareceu de noite em sonho a Labão, o arameu, e disse-lhe: Guardate, que não fales a Jacó nem bem nem mal.",23,True,True,True
31,25,Gênesis 31:25,וַיַּשֵּׂ֥ג לָבָ֖ן אֶֽת־ יַעֲקֹ֑ב וְיַעֲקֹ֗ב תָּקַ֤ע אֶֽת־ אָהֳלוֹ֙ בָּהָ֔ר וְלָבָ֛ן תָּקַ֥ע אֶת־ אֶחָ֖יו בְּהַ֥ר הַגִּלְעָֽד ׃,וישג לבנ את יעקב ויעקב תקע את אהלו בהר ולבנ תקע את אחיו בהר הגלעד,16,ואדביק לבן ית יעקב ויעקב פרס ית משכניה בטורא ולבן אשרי ית אחוהי בטורא דגלעד:,15,καὶ κατέλαβεν Λαβὰν τὸν Ἰακώβ· Ἰακὼβ δὲ ἔπηξεν τὴν σκηνὴν αὐτοῦ ἐν τῷ ὄρει· Λαβὰν δὲ ἔστησεν τοὺς ἀδελφοὺς αὐτοῦ ἐν τῷ ὄρει Γαλαάδ.,24,ܘܐܕܪܟ ܠܒܢ ܠܝܥܩܘܒ. ܘܝܥܩܘܒ ܢܩ̣ܫ ܡܫܟܢܗ ܒܛܘܪܐ. ܘܠܒܢ ܐܫܪܝ ܐ̈ܚܘܗܝ ܒܛܘܪܐ ܕܓܠܥܕ.,12,"Alcançou, pois, Labão a Jacó. Ora, Jacó tinha armado a sua tenda na montanha; armou também Labão com os seus irmãos a sua tenda na montanha de Gileade.",28,True,True,True
31,26,Gênesis 31:26,וַיֹּ֤אמֶר לָבָן֙ לְיַעֲקֹ֔ב מֶ֣ה עָשִׂ֔יתָ וַתִּגְנֹ֖ב אֶת־ לְבָבִ֑י וַתְּנַהֵג֙ אֶת־ בְּנֹתַ֔י כִּשְׁבֻי֖וֹת חָֽרֶב ׃,ויאמר לבנ ליעקב מה עשית ותגנב את לבבי ותנהג את בנתי כשביות חרב,14,ואמר לבן ליעקב מה עבדת וכסיתא מני ודברתא ית בנתי כשביות חרבא:,12,"εἶπεν δὲ Λαβὰν τῷ Ἰακώβ Τί ἐποίησας; ἵνα τί κρυβῇ ἀπέδρας, καὶ ἐκλοποφόρησάς με, καὶ ἀπήγαγες τὰς θυγατέρας μου ὡς αἰχμαλώτιδας μαχαίρᾳ;",22,ܘܐܡ̣ܪ ܠܒܢ ܠܝܥܩܘܒ. ܡܢܐ ܥܒ̇ܕܬ ܠܟ ܕܓܢܒ̣ܬ ܠܒܝ. ܘܕܒ̣ܪܬ ܠܒܢ̈ܬܝ ܐܝܟ ܫܒܝ̈ܬܐ ܕܚܪܒܐ.,13,"Então disse Labão a Jacó: Que fizeste, que me iludiste e levaste minhas filhas como cativas da espada?",18,True,True,True
31,27,Gênesis 31:27,לָ֤מָּה נַחְבֵּ֨אתָ֙ לִבְרֹ֔חַ וַתִּגְנֹ֖ב אֹתִ֑י וְלֹא־ הִגַּ֣דְתָּ לִּ֔י וָֽאֲשַׁלֵּחֲךָ֛ בְּשִׂמְחָ֥ה וּבְשִׁרִ֖ים בְּתֹ֥ף וּבְכִנּֽוֹר ׃,למה נחבאת לברח ותגנב אתי ולא הגדת לי ואשלחכ בשמחה ובשרימ בתפ ובכנור,14,למה אטמרת למיזל וכסיתא מני ולא חויתא לי ושלחתך פון בחדוא ובתושבחן בתופין ובכנרין:,14,"καὶ εἰ ἀνήγγειλάς μοι, ἐξαπέστειλα ἄν σε μετ᾽ εὐφροσύνης καὶ μετὰ μουσικῶν, τυμπάνων καὶ κιθάρας.",15,ܠܡܢܐ ܐܬ̇ܛܫܝܬ ܠܡܥܪܩ ܘܐܬܓܢ̣ܒܬ ܡܢܝ ܘܠܐ ܚܘܝܬܢܝ. ܫܕܪܬܟ ܕܝܢ ܒܚܕܘܬܐ ܘܒܙܡܪܐ. ܘܒܟܢܪ̈ܐ ܘܒ̈ܦܠܓܐ.,13,"Por que fizeste ocultamente, e me iludiste e não mo fizeste saber, para que eu te enviasse com alegria e com cânticos, ao som de tambores e de harpas;",29,True,True,True
31,28,Gênesis 31:28,וְלֹ֣א נְטַשְׁתַּ֔נִי לְנַשֵּׁ֥ק לְבָנַ֖י וְלִבְנֹתָ֑י עַתָּ֖ה הִסְכַּ֥לְתָּֽ עֲשֽׂוֹ ׃,ולא נטשתני לנשק לבני ולבנתי עתה הסכלת עשו,9,ולא שבקתני לנשקא לבני ולבנתי כען אסכלתא למעבד:,8,οὐκ ἠξιώθην καταφιλῆσαι τὰ παιδία μου καὶ τὰς θυγατέρας μου· νῦν δὲ ἀφρόνως ἔπραξας.,14,ܘܠܐ ܫܒܩܬܢܝ ܠܡܢܫܩܘ ܠܒ̈ܢܝ ܘܠܒܢ̈ܬܝ. ܗܫܐ ܐܣܟܠ̣ܬ ܒܡܕܡ ܕܥܒ̣ܕܬ .,10,"Por que não me permitiste beijar meus filhos e minhas filhas? Ora, assim procedeste nesciamente.",15,True,True,True
31,29,Gênesis 31:29,יֶשׁ־ לְאֵ֣ל יָדִ֔י לַעֲשׂ֥וֹת עִמָּכֶ֖ם רָ֑ע וֵֽאלֹהֵ֨י אֲבִיכֶ֜ם אֶ֣מֶשׁ ׀ אָמַ֧ר אֵלַ֣י לֵאמֹ֗ר הִשָּׁ֧מֶר לְךָ֛ מִדַּבֵּ֥ר עִֽם־ יַעֲקֹ֖ב מִטּ֥וֹב עַד־ רָֽע ׃,יש לאל ידי לעשות עמכמ רע ואלהי אביכמ אמש אמר אלי לאמר השמר לכ מדבר עמ יעקב מטוב עד רע,22,אית חילא בידי למעבד עמכון ביש ואלהא דאבוכון ברמשא אמר לי למימר אסתמר לך מלמללא עם יעקב מטב עד ביש:,20,καὶ νῦν ἰσχύει ἡ χείρ μου κακοποιῆσαί σε· ὁ δὲ θεὸς τοῦ πατρός σου ἐχθὲς εἶπεν πρὸς μὲ λέγων Φύλαξαι σεαυτὸν μή ποτε λαλήσῃς μετὰ Ἰακὼβ πονηρά.,27,ܡ̇ܛܐ ܗܘܐ ܒܐ̈ܝܕܝ ܕܐܥܒܕ ܠܟܘܢ ܒܝܫܬܐ. ܘܐܠܗܐ ܕܐܒܘܟܘܢ ܒܪܡܫܐ ܐܡ̣ܪ ܠܝ. ܐܙܕܗܪ ܕܠܡܐ ܬܡܠܠ ܥܡ ܝܥܩܘܒ. ܡܢ ܛܒܬܐ ܘܥܕܡܐ ܠܒܝܫܬܐ.,20,"Está no poder da minha mão fazer-vos o mal, mas o Deus de vosso pai falou-me ontem à noite, dizendo: Guarda-te, que não fales a Jacó nem bem nem mal.",30,True,True,True
31,30,Gênesis 31:30,וְעַתָּה֙ הָלֹ֣ךְ הָלַ֔כְתָּ כִּֽי־ נִכְסֹ֥ף נִכְסַ֖פְתָּה לְבֵ֣ית אָבִ֑יךָ לָ֥מָּה גָנַ֖בְתָּ אֶת־ אֱלֹהָֽי ׃,ועתה הלכ הלכת כי נכספ נכספתה לבית אביכ למה גנבת את אלהי,13,וכען מיזל אזלת ארי חמדא חמדתא לבית אבוך למא נסבתא ית דחלתי:,12,νῦν οὖν πεπόρευσαι· ἐπιθυμίᾳ γὰρ ἐπεθύμησας εἰς τὸν οἶκον τοῦ πατρός σου ἀπελθεῖν· καὶ ἵνα τί ἔκλεψας τοὺς θεούς μου;,20,ܘܗܫܐ ܡܐܙܠ ܐܙܠ ܐܢܬ. ܡܛܠ ܕܡܬܪܓܪܓܘ ܐܬܪܓܪܓܬ ܠܒܝܬ ܐܒܘܟ. ܠܡܢܐ ܓܢܒ̣ܬ ܐ̈ܠܗܝ.,12,"Mas ainda que quiseste ir embora, porquanto tinhas saudades da casa de teu pai, por que furtaste os meus deuses?",20,True,True,True
31,31,Gênesis 31:31,וַיַּ֥עַן יַעֲקֹ֖ב וַיֹּ֣אמֶר לְלָבָ֑ן כִּ֣י יָרֵ֔אתִי כִּ֣י אָמַ֔רְתִּי פֶּן־ תִּגְזֹ֥ל אֶת־ בְּנוֹתֶ֖יךָ מֵעִמִּֽי ׃,ויענ יעקב ויאמר ללבנ כי יראתי כי אמרתי פנ תגזל את בנותיכ מעמי,14,ואתיב יעקב ואמר ללבן ארי דחילית ארי אמרית דילמא תניס ית בנתך מני:,13,ἀποκριθεὶς δὲ Ἰακὼβ εἶπεν τῷ Λαβάν Εἶπα γάρ Μή ποτε ἀφέλῃς τὰς θυγατέρας σου ἀπ᾽ ἐμοῦ καὶ πάντα τὰ ἐμά.,20,ܘܥܢ̣ܐ ܝܥܩܘܒ ܘܐܡ̣ܪ ܠܠܒܢ. ܡܛܠ ܕܕܚ̇ܠܬ ܘܐܡ̇ܪܬ. ܕܕܠܡܐ ܬܕܒ̣ܪ ܒܢ̈ܬܟ ܡܢܝ.,11,Respondeu-lhe Jacó: Porque tive medo; pois dizia comigo que tu me arrebatarias as tuas filhas.,15,True,True,True
31,32,Gênesis 31:32,עִ֠ם אֲשֶׁ֨ר תִּמְצָ֣א אֶת־ אֱלֹהֶיךָ֮ לֹ֣א יִֽחְיֶה֒ נֶ֣גֶד אַחֵ֧ינוּ הַֽכֶּר־ לְךָ֛ מָ֥ה עִמָּדִ֖י וְקַֽח־ לָ֑ךְ וְלֹֽא־ יָדַ֣ע יַעֲקֹ֔ב כִּ֥י רָחֵ֖ל גְּנָבָֽתַם ׃,עמ אשר תמצא את אלהיכ לא יחיה נגד אחינו הכר לכ מה עמדי וקח לכ ולא ידע יעקב כי רחל גנבתמ,22,עם די תשכח ית דחלתך לא יתקים קדם אחנא אשתמודע לך מה דעמי וסב לך ולא ידע יעקב ארי רחל נסיבתהון:,21,"καὶ εἶπεν αὐτῷ Ἰακώβ Παρ᾽ ᾧ ἐὰν εὕρῃς τοὺς θεούς σου, οὐ ζήσεται ἐναντίον τῶν ἀδελφῶν ἡμῶν· ἐπίγνωθι τί ἐστιν τῶν σῶν παρ᾽ ἐμοὶ καὶ λάβε. καὶ οὐκ ἐπέγνω παρ᾽ αὐτῷ οὐθέν· οὐκ ᾔδει δὲ Ἰακὼβ ὅτι Ῥαχὴλ ἡ γυνὴ αὐτοῦ ἔκλεψεν αὐτούς.",43,ܠܘܬ ܡ̇ܢ ܕܢܫܬܟܚܘܢ ܐ̈ܠܗܝܟ ܠܐ ܢܚܐ. ܩܕܡ ܐ̈ܚܝܢ ܐܫܬܘܕܥ ܕܝܠܟ. ܡܢܐ ܐܝܬ ܠܘܬܝ ܘܣܒ ܠܟ. ܘܠܐ ܝܕܥ̣ ܝܥܩܘܒ ܕܪܚܝܠ ܓܢܒ̣ܬ ܐܢܘܢ.,21,"Com quem achares os teus deuses, porém, esse não viverá; diante de nossos irmãos descobre o que é teu do que está comigo, e leva-o contigo. Pois Jacó não sabia que Raquel os tinha furtado.",35,True,True,True
31,33,Gênesis 31:33,וַיָּבֹ֨א לָבָ֜ן בְּאֹ֥הֶל יַעֲקֹ֣ב ׀ וּבְאֹ֣הֶל לֵאָ֗ה וּבְאֹ֛הֶל שְׁתֵּ֥י הָאֲמָהֹ֖ת וְלֹ֣א מָצָ֑א וַיֵּצֵא֙ מֵאֹ֣הֶל לֵאָ֔ה וַיָּבֹ֖א בְּאֹ֥הֶל רָחֵֽל ׃,ויבא לבנ באהל יעקב ובאהל לאה ובאהל שתי האמהת ולא מצא ויצא מאהל לאה ויבא באהל רחל,19,ועל לבן במשכנא דיעקב ובמשכנא דלאה ובמשכנא דתרתין לחינתא ולא אשכח ונפק ממשכנא דלאה ועל במשכנא דרחל:,17,"εἰσελθὼν δὲ Λαβὰν ἠρεύνησεν εἰς τὸν οἶκον Λείας, καὶ οὐχ εὗρεν· καὶ ἐξελθὼν ἐκ τοῦ οἴκου Λείας, ἠρεύνησεν εἰς τὸν οἶκον Ἰακὼβ καὶ ἐν τῷ οἴκῳ τῶν δύο παιδισκῶν, καὶ οὐχ εὗρεν· εἰσῆλθεν δὲ καὶ εἰς τὸν οἶκον Ῥαχήλ.",39,ܘܥܠ ܠܒܢ ܠܡܫܟܢܐ ܕܝܥܩܘܒ ܘܠܡܫܟܢܐ ܕܠܝܐ ܘܠܡܫܟܢܐ ܕܬܪ̈ܬܝܢ ܐ̈ܡܗܬܐ ܘܠܐ ܐܫܟܚ. ܘܢܦ̣ܩ ܡܢ ܡܫܟܢܐ ܕܠܝܐ ܘܥܠ ܠܡܫܟܢܐ ܕܪܚܝܠ.,18,"Entrou, pois, Labão na tenda de Jacó, na tenda de Léia e na tenda das duas servas, e não os achou; e, saindo da tenda de Léia, entrou na tenda de Raquel.",32,True,True,True
31,34,Gênesis 31:34,וְרָחֵ֞ל לָקְחָ֣ה אֶת־ הַתְּרָפִ֗ים וַתְּשִׂמֵ֛ם בְּכַ֥ר הַגָּמָ֖ל וַתֵּ֣שֶׁב עֲלֵיהֶ֑ם וַיְמַשֵּׁ֥שׁ לָבָ֛ן אֶת־ כָּל־ הָאֹ֖הֶל וְלֹ֥א מָצָֽא ׃,ורחל לקחה את התרפימ ותשממ בכר הגמל ותשב עליהמ וימשש לבנ את כל האהל ולא מצא,17,ורחל נסיבת ית צלמניא ושותנון בעביטא דגמלא ויתיבת עליהון ומשיש לבן ית כל משכנא ולא אשכח:,16,Ῥαχὴλ δὲ ἔλαβεν τὰ εἴδωλα καὶ ἐνέβαλεν αὐτὰ εἰς τὰ σάγματα τῆς καμήλου καὶ ἐπεκάθισεν αὐτοῖς.,16,ܘܪܚܝܠ ܢܣ̣ܒܬ ܨ̈ܠܡܐ. ܘܣܡܬ ܐܢܘܢ ܒܥܒܝܛܐ ܕܓܡܠܐ. ܘܝܬ̣ܒܬ ܥܠܝܗܘܢ. ܘܡܫ ܠܒܢ ܟܠܗ ܡܫܟܢܐ ܘܠܐ ܐܫܟܚ.,15,"Ora, Raquel havia tomado os ídolos e os havia metido na albarda do camelo, e se assentara em cima deles. Labão apalpou toda a tenda, mas não os achou.",29,True,True,True
31,35,Gênesis 31:35,וַתֹּ֣אמֶר אֶל־ אָבִ֗יהָ אַל־ יִ֨חַר֙ בְּעֵינֵ֣י אֲדֹנִ֔י כִּ֣י ל֤וֹא אוּכַל֙ לָק֣וּם מִפָּנֶ֔יךָ כִּי־ דֶ֥רֶךְ נָשִׁ֖ים לִ֑י וַיְחַפֵּ֕שׂ וְלֹ֥א מָצָ֖א אֶת־ הַתְּרָפִֽים ׃,ותאמר אל אביה אל יחר בעיני אדני כי לוא אוכל לקומ מפניכ כי דרכ נשימ לי ויחפש ולא מצא את התרפימ,22,ואמרת לאבוהא לא יתקף בעיני רבוני ארי לא אכול למיקם מן קדמך ארי ארח נשין לי ובלש ולא אשכח ית צלמניא:,21,"καὶ εἶπεν τῷ πατρὶ αὐτῆς Μὴ βαρέως φέρε, κύριε· οὐ δύναμαι ἀναστῆναι ἐνώπιόν σου, ὅτι τὰ κατ᾽ ἐθισμὸν τῶν γυναικίων μού ἐστιν. ἠρεύνησεν δὲ Λαβὰν ἐν ὅλῳ τῷ οἴκῳ, καὶ οὐχ εὗρεν τὰ εἴδωλα. ⸆",35,ܘܐܡ̣ܪܬ ܪܚܝܠ ܠܐܒܘܗ̇. ܠܐ ܢܬܒܐܫ ܒܥܝܢ̈ܝ ܡܪܝ. ܡܛܠ ܕܠܐ ܡܫܟܚܐ ܐܢܐ ܠܡܩܡ ܡܢ ܩܕܡܝܟ. ܡܛܠ ܕܐܘܪܚܐ ܠܝ ܕܢܫ̈ܐ. ܘܒ̣ܨܐ ܘܠܐ ܐܫܟܚ ܨ̈ܠܡܐ.,22,"E ela disse a seu pai: Não se acenda a ira nos olhos de meu senhor, por eu não me poder levantar na tua presença, pois estou com o incômodo das mulheres. Assim ele procurou, mas não achou os ídolos.",40,True,True,True
31,36,Gênesis 31:36,וַיִּ֥חַר לְיַעֲקֹ֖ב וַיָּ֣רֶב בְּלָבָ֑ן וַיַּ֤עַן יַעֲקֹב֙ וַיֹּ֣אמֶר לְלָבָ֔ן מַה־ פִּשְׁעִי֙ מַ֣ה חַטָּאתִ֔י כִּ֥י דָלַ֖קְתָּ אַחֲרָֽי ׃,ויחר ליעקב וירב בלבנ ויענ יעקב ויאמר ללבנ מה פשעי מה חטאתי כי דלקת אחרי,16,ותקיף ליעקב ונצא עם לבן ואתיב יעקב ואמר ללבן מה חובי מה סורחני ארי רדפתא בתרי:,16,"ὠργίσθη δὲ Ἰακὼβ καὶ ἐμαχέσατο τῷ Λαβάν· ἀποκριθεὶς δὲ Ἰακὼβ εἶπεν τῷ Λαβάν Τί τὸ ἀδίκημά μου καὶ τί τὸ ἁμάρτημά μου, ὅτι κατεδίωξας ὀπίσω μου;",26,ܘܐܬܐܒܫ ܠܝܥܩܘܒ ܘܢ̣ܨܐ ܥܡ ܠܒܢ. ܘܥܢ̣ܐ ܝܥܩܘܒ ܘܐܡ̣ܪ ܠܠܒܢ. ܡܢܐ ܗܝ ܣܟܠܘܬܝ ܘܡܢܘ ܣܘܪܚܢܝ ܕܪܕܦ̣ܬ ܒܬܪܝ.,16,"Então irou-se Jacó e contendeu com Labão, dizendo: Qual é a minha transgressão? qual é o meu pecado, que tão furiosamente me tens perseguido?",24,True,True,True
31,37,Gênesis 31:37,כִּֽי־ מִשַּׁ֣שְׁתָּ אֶת־ כָּל־ כֵּלַ֗י מַה־ מָּצָ֨אתָ֙ מִכֹּ֣ל כְּלֵי־ בֵיתֶ֔ךָ שִׂ֣ים כֹּ֔ה נֶ֥גֶד אַחַ֖י וְאַחֶ֑יךָ וְיוֹכִ֖יחוּ בֵּ֥ין שְׁנֵֽינוּ ׃,כי מששת את כל כלי מה מצאת מכל כלי ביתכ שימ כה נגד אחי ואחיכ ויוכיחו בינ שנינו,19,ארי מששתא ית כל מני מה אשכחתא מכל מני ביתך שוי הכא קדם אחי ואחיך ויוכיחון בין תרונא:,18,"καὶ ὅτι ἠρεύνησας ⸆ πάντα τὰ σκεύη τοῦ οἴκου μου, τί εὗρες ἀπὸ πάντων τῶν σκευῶν τοῦ οἴκου σου; θὲς ὧδε ἐναντίον τῶν ἀδελφῶν σου καὶ τῶν ἀδελφῶν μου, καὶ ἐλεγξάτωσαν ἀνὰ μέσον τῶν δύο ἡμῶν.",36,ܗܐ ܡܫܬ ܟܠܗܘܢ ܡܐ̈ܢܝ. ܡܢܐ ܐܫܟܚܬ ܡܢ ܟܠܗܘܢ ܡܐ̈ܢܝ ܒܝܬܟ. ܣܝܡ ܗܪܟܐ ܩܕܡ ܐ̈ܚܝ. ܘܐܚ̈ܝܟ ܘܢ̇ܟܣܘܢ ܒܝܬ ܬܪ̈ܝܢ.,18,"Depois de teres apalpado todos os meus móveis, que achaste de todos os móveis da tua casar. Põe-no aqui diante de meus irmãos e de teus irmãos, para que eles julguem entre nós ambos.",34,True,True,True
31,38,Gênesis 31:38,זֶה֩ עֶשְׂרִ֨ים שָׁנָ֤ה אָנֹכִי֙ עִמָּ֔ךְ רְחֵלֶ֥יךָ וְעִזֶּ֖יךָ לֹ֣א שִׁכֵּ֑לוּ וְאֵילֵ֥י צֹאנְךָ֖ לֹ֥א אָכָֽלְתִּי ׃,זה עשרימ שנה אנכי עמכ רחליכ ועזיכ לא שכלו ואילי צאנכ לא אכלתי,14,דנן עסרין שנין אנא עמך רחלך ועזך לא אתכילו ודכרי ענך לא אכלית:,13,⸂⸆⸃ ταῦτά μοι εἴκοσι ἔτη ἐγώ εἰμι μετὰ σοῦ· τὰ πρόβατά σου καὶ αἱ αἶγές σου οὐκ ἠτεκνώθησαν· κριοὺς τῶν προβάτων σου οὐ κατέφαγον·,24,ܗܐ ܥܣܪ̈ܝܢ ܫ̈ܢܝܢ ܥܡܟ ܐܢܐ . ܢܩ̈ܘܬܟ ܘܥ̈ܙܝܟ ܠܐ ܓܝܙ. ܘܕܟܪ̈ܐ ܕܥܢܟ ܠܐ ܐ̇ܟܠܬ.,14,"Estes vinte anos estive eu contigo; as tuas ovelhas e as tuas cabras nunca abortaram, e não comi os carneiros do teu rebanho.",23,True,True,True
31,39,Gênesis 31:39,טְרֵפָה֙ לֹא־ הֵבֵ֣אתִי אֵלֶ֔יךָ אָנֹכִ֣י אֲחַטֶּ֔נָּה מִיָּדִ֖י תְּבַקְשֶׁ֑נָּה גְּנֻֽבְתִ֣י י֔וֹם וּגְנֻֽבְתִ֖י לָֽיְלָה ׃,טרפה לא הבאתי אליכ אנכי אחטנה מידי תבקשנה גנבתי יומ וגנבתי לילה,13,דתבירא לא איתיתי לותך דהוה שגיא ממנינא מני את בעי לה נטרית ביממא ונטרית בליליא:,15,"θηριάλωτον οὐκ ἀνενήνοχά σοι, ἐγὼ ἀπετίννυον ἀπ᾽ ἐμαυτοῦ, κλέμματα ἡμέρας καὶ κλέμματα τῆς νυκτός.",14,ܘܕܬܒܝܪܐ ܠܐ ܐܝܬ̇ܝܬ ܠܟ. ܐܢܐ ܡ̇ܢܛܪ ܗܘ̇ܝܬ ܠܗ̇. ܕܡܢ ܐ̈ܝܕܝ ܬܒ̇ܥ ܗܘ̣ܝܬ ܠܗ̇. ܕܡܬܓܢܒ ܒܐܝܡܡܐ ܘܕܡܬܓܢܒ ܒܠܠܝܐ.,17,Não te trouxe eu o despedaçado; eu sofri o dano; da minha mão requerias tanto o furtado de dia como o furtado de noite.,24,True,True,True
31,40,Gênesis 31:40,הָיִ֧יתִי בַיּ֛וֹם אֲכָלַ֥נִי חֹ֖רֶב וְקֶ֣רַח בַּלָּ֑יְלָה וַתִּדַּ֥ד שְׁנָתִ֖י מֵֽעֵינָֽי ׃,הייתי ביומ אכלני חרב וקרח בלילה ותדד שנתי מעיני,10,הויתי ביממא אכלני שרבא וגלידא נחית עלי בליליא ונדד שנתי מעיני:,11,"ἐγενόμην τῆς ἡμέρας συγκαιόμενος τῷ καύσωνι καὶ παγετῷ τῆς νυκτός, καὶ ἀφίστατο ὁ ὕπνος μου ἀπὸ τῶν ὀφθαλμῶν μου.",19,ܗܘܝܬ ܒܐܝܡܡܐ ܐܟܠܢܝ ܫܘܒܐ. ܘܐܓܠܝܕܐ ܒܠܠܝܐ. ܦܪܕܬ ܫܢܬܝ ܡܢ ܥܝ̈ܢܝ.,10,"Assim andava eu; de dia me consumia o calor, e de noite a geada; e o sono me fugia dos olhos.",21,True,True,True
31,41,Gênesis 31:41,זֶה־ לִּ֞י עֶשְׂרִ֣ים שָׁנָה֮ בְּבֵיתֶךָ֒ עֲבַדְתִּ֜יךָ אַרְבַּֽע־ עֶשְׂרֵ֤ה שָׁנָה֙ בִּשְׁתֵּ֣י בְנֹתֶ֔יךָ וְשֵׁ֥שׁ שָׁנִ֖ים בְּצֹאנֶ֑ךָ וַתַּחֲלֵ֥ף אֶת־ מַשְׂכֻּרְתִּ֖י עֲשֶׂ֥רֶת מֹנִֽים ׃,זה לי עשרימ שנה בביתכ עבדתיכ ארבע עשרה שנה בשתי בנתיכ ושש שנימ בצאנכ ותחלפ את משכרתי עשרת מנימ,20,דנן לי עסרין שנין בביתך פלחתך ארבע עסרי שנין בתרתין בנתיך ושת שנין בענך ואשניתא ית אגרי עשר זמנין:,19,"ταῦτά μοι εἴκοσι ἔτη ἐγώ εἰμι ἐν τῇ οἰκίᾳ σου· ἐδούλευσά σοι δέκα καὶ τέσσερα ἔτη ἀντὶ τῶν δύο θυγατέρων σου καὶ ἓξ ἔτη ἐν τοῖς προβάτοις σου, καὶ παρελογίσω ⸆ τὸν μισθόν μου δέκα ἀμνάσιν.",36,ܗܐ ܥܣܪ̈ܝܢ ܠܝ ܫ̈ܢܝܢ ܒܒܝܬܟ. ܦܠܚܬܟ ܐܪ̈ܒܥܣܪܐ ܫ̈ܢܝܢ ܒܬܪ̈ܬܝܢ ܒܢ̈ܬܟ. ܘܫܬ ܫ̈ܢܝܢ ܒܥܢܟ. ܘܚ̣ܠܦܬ ܐܓܪܝ ܥܣ̣ܪ̈ ܙܒ̈ܢܝܢ.,17,"Estive vinte anos em tua casa; catorze anos te servi por tuas duas filhas, e seis anos por teu rebanho; dez vezes mudaste o meu salário.",26,True,True,True
31,42,Gênesis 31:42,לוּלֵ֡י אֱלֹהֵ֣י אָבִי֩ אֱלֹהֵ֨י אַבְרָהָ֜ם וּפַ֤חַד יִצְחָק֙ הָ֣יָה לִ֔י כִּ֥י עַתָּ֖ה רֵיקָ֣ם שִׁלַּחְתָּ֑נִי אֶת־ עָנְיִ֞י וְאֶת־ יְגִ֧יעַ כַּפַּ֛י רָאָ֥ה אֱלֹהִ֖ים וַיּ֥וֹכַח אָֽמֶשׁ ׃,לולי אלהי אבי אלהי אברהמ ופחד יצחק היה לי כי עתה ריקמ שלחתני את עניי ואת יגיע כפי ראה אלהימ ויוכח אמש,23,אילולא פון אלהה דאבא אלהה דאברהם ודדחיל ליה יצחק הוה בסעדי ארי כען ריקן שלחתני ית עמלי וית ליאות ידי גלי קדם יי ואוכח ברמשא:,25,"εἰ μὴ ὁ θεὸς τοῦ πατρός μου Ἀβραὰμ καὶ ὁ φόβος Ἰσαὰκ ἦν μοι, νῦν ἂν κενόν με ἐξαπέστειλας· τὴν ταπείνωσίν μου καὶ τὸν κόπον τῶν χειρῶν μου ἴδεν ὁ θεός, καὶ ἤλεγξέν σε χθές.",35,ܘܐܠܘ ܠܐ ܐܠܗܗ ܕܐܒܝ. ܐܠܗܗ ܕܐܒܪܗܡ ܘܕܚܠܬܗ ܕܐܝܣܚܩ ܩܡ ܠܝ. ܗܫܐ ܣܪܝܩܐܝܬ ܡܫܕܪ ܗܘܝܬ ܠܝ. ܥܡܠܝ ܘܠܐܘܬܐ ܕܐܝ̈ܕܝ ܚ̣ܙܐ ܐܠܗܐ ܘܐܟܣܟ ܒܪܡܫܐ.,22,"Se o Deus de meu pai, o Deus de Abraão e o Temor de Isaque não fora por mim, certamente hoje me mandarias embora vazio. Mas Deus tem visto a minha aflição e o trabalho das minhas mãos, e repreendeu-te ontem à noite.",43,True,True,True
31,43,Gênesis 31:43,וַיַּ֨עַן לָבָ֜ן וַיֹּ֣אמֶר אֶֽל־ יַעֲקֹ֗ב הַבָּנ֨וֹת בְּנֹתַ֜י וְהַבָּנִ֤ים בָּנַי֙ וְהַצֹּ֣אן צֹאנִ֔י וְכֹ֛ל אֲשֶׁר־ אַתָּ֥ה רֹאֶ֖ה לִי־ ה֑וּא וְלִבְנֹתַ֞י מָֽה־ אֶֽעֱשֶׂ֤ה לָאֵ֨לֶּה֙ הַיּ֔וֹם א֥וֹ לִבְנֵיהֶ֖ן אֲשֶׁ֥ר יָלָֽדוּ ׃,ויענ לבנ ויאמר אל יעקב הבנות בנתי והבנימ בני והצאנ צאני וכל אשר אתה ראה לי הוא ולבנתי מה אעשה לאלה היומ או לבניהנ אשר ילדו,27,ואתיב לבן ואמר ליעקב בנתא בנתי ובניא בני וענא עני וכל די את חזי דילי הוא ולבנתי מה אעביד לאלין יומא דין או לבניהן דילידן:,25,"ἀποκριθεὶς δὲ Λαβὰν εἶπεν τῷ Ἰακώβ Αἱ θυγατέρες σου θυγατέρες μου, καὶ οἱ υἱοί σου υἱοί μου, καὶ τὰ κτήνη σου κτήνη μου, καὶ πάντα ὅσα σὺ ὁρᾷς ἐμά ἐστιν· καὶ ταῖς θυγατράσιν μου τί ποιήσω ταύταις σήμερον ἢ τοῖς τέκνοις ⸂⸆⸃ αὐτῶν οἷς ἔτεκον;",45,ܘܥܢ̣ܐ ܠܒܢ ܘܐܡ̣ܪ ܠܝܥܩܘܒ. ܒܢ̈ܬܐ ܒܢ̈ܬܝ. ܘܒ̈ܢܝܐ ܒܢ̈ܝ. ܘܥܢܐ ܥܢܝ. ܘܟܠ ܕܚ̇ܙܐ ܐܢܬ ܕܝܠܝ ܗ̣ܘ. ܘܠܒܢ̈ܬܝ ܗܠܝܢ ܡܢܐ ܐܥܒܕ ܠܗܝܢ ܝܘܡܢܐ. ܐܘ ܠܒܢ̈ܝܗܝܢ ܕܝܠ̣ܕ.,24,"Respondeu-lhe Labão: Estas filhas são minhas filhas, e estes filhos são meus filhos, e este rebanho é meu rebanho, e tudo o que vês é meu; e que farei hoje a estas minhas filhas, ou aos filhos que elas tiveram?",40,True,True,True
31,44,Gênesis 31:44,וְעַתָּ֗ה לְכָ֛ה נִכְרְתָ֥ה בְרִ֖ית אֲנִ֣י וָאָ֑תָּה וְהָיָ֥ה לְעֵ֖ד בֵּינִ֥י וּבֵינֶֽךָ ׃,ועתה לכה נכרתה ברית אני ואתה והיה לעד ביני ובינכ,11,וכען אתא נגזר קים אנא ואת ויהי לסהיד ביני ובינך:,10,"νῦν οὖν δεῦρο διαθώμεθα διαθήκην ἐγὼ καὶ σύ, καὶ ἔσται εἰς μαρτύριον ἀνὰ μέσον ἐμοῦ καὶ σοῦ. εἶπεν δὲ αὐτῷ Ἰακώβ Ἰδού οὐθεὶς μεθ᾽ ἡμῶν ἐστίν· ἴδε ὁ θεὸς μάρτυς ἀνὰ μὲσον ἐμοῦ καὶ σοῦ.",35,ܘܗܫܐ ܬܐ ܢܩܝܡ ܩܝܡܐ ܐܢܐ ܘܐܢܬ. ܘܢܗܘܐ ܣܗܕܐ ܒܝܢ̈ܝ ܘܠܟ.,10,"Agora pois vem, e façamos um pacto, eu e tu; e sirva ele de testemunha entre mim e ti.",19,True,True,True
31,45,Gênesis 31:45,וַיִּקַּ֥ח יַעֲקֹ֖ב אָ֑בֶן וַיְרִימֶ֖הָ מַצֵּבָֽה ׃,ויקח יעקב אבנ וירימה מצבה,6,ונסיב יעקב אבנא וזקפה קמא:,5,λαβὼν δὲ Ἰακὼβ λίθον ἔστησεν αὐτὸν στήλην.,7,ܘܢܣ̣ܒ ܝܥܩܘܒ ܟܐܦܐ ܘܐܪܝܡܗ̇ ܩܝܡܬܐ.,5,"Então tomou Jacó uma pedra, e a erigiu como coluna.",10,True,True,True
31,46,Gênesis 31:46,וַיֹּ֨אמֶר יַעֲקֹ֤ב לְאֶחָיו֙ לִקְט֣וּ אֲבָנִ֔ים וַיִּקְח֥וּ אֲבָנִ֖ים וַיַּֽעֲשׂוּ־ גָ֑ל וַיֹּ֥אכְלוּ שָׁ֖ם עַל־ הַגָּֽל ׃,ויאמר יעקב לאחיו לקטו אבנימ ויקחו אבנימ ויעשו גל ויאכלו שמ על הגל,14,ואמר יעקב לאחוהי לקוטו אבנין ונסיבו אבנין ועבדו דגורא ואכלו תמן על דגורא:,13,"εἶπεν δὲ Ἰακὼβ τοῖς ἀδελφοῖς αὐτοῦ Συλλέγετε λίθους. καὶ συνέλεξαν λίθους, καὶ ἐποίησαν βουνόν· καὶ ἔφαγον καὶ ἔπιον ἐκεῖ ἐπὶ τοῦ βουνοῦ. καὶ εἶπεν αὐτῷ Λαβάν Ὁ βουνὸς οὗτος μαρτυρεῖ ἀνὰ μέσον ἐμοῦ καὶ σοῦ σήμερον·",36,ܘܐܡ̣ܪ ܝܥܩܘܒ ܠܐ̈ܚܘܗܝ ܠܩ̇ܛܘ ܟܐ̈ܦܐ. ܘܢܣܒܘ ܟܐ̈ܦܐ ܘܥܒܕܘ ܝܓܪܐ. ܘܐܟܠܘ ܬܡܢ ܥܠ ܝܓܪܐ.,13,"E disse a seus irmãos: Ajuntai pedras. Tomaram, pois, pedras e fizeram um montão, e ali junto ao montão comeram.",20,True,True,True
31,47,Gênesis 31:47,וַיִּקְרָא־ ל֣וֹ לָבָ֔ן יְגַ֖ר שָׂהֲדוּתָ֑א וְיַֽעֲקֹ֔ב קָ֥רָא ל֖וֹ גַּלְעֵֽד ׃,ויקרא לו לבנ יגר שהדותא ויעקב קרא לו גלעד,10,וקרא ליה לבן יגר שהדותא ויעקב קרא ליה גלעד:,9,"καὶ ἐκάλεσεν αὐτὸν Λαβάν Βουνὸς μάρτυς, Ἰακὼβ δὲ ἐκάλεσεν αὐτόν Βουνὸς μαρτυρεῖ.",12,ܘܩܪܝܗܝ ܠܒܢ ܝܓܪܐ ܕܣܗܕܘܬܐ. ܘܝܥܩܘܒ ܩܪܝܗܝ ܓܠܥܕ.,7,"Labão lhe chamou Jegar-Saaduta, e Jacó chamou-lhe Galeede.",8,True,True,True
31,48,Gênesis 31:48,וַיֹּ֣אמֶר לָבָ֔ן הַגַּ֨ל הַזֶּ֥ה עֵ֛ד בֵּינִ֥י וּבֵינְךָ֖ הַיּ֑וֹם עַל־ כֵּ֥ן קָרָֽא־ שְׁמ֖וֹ גַּלְעֵֽד ׃,ויאמר לבנ הגל הזה עד ביני ובינכ היומ על כנ קרא שמו גלעד,14,ואמר לבן דגורא הדין סהיד ביני ובינך יומא דין על כן קרא שמיה גלעד:,14,"εἶπεν δὲ Λαβὰν τῷ Ἰακώβ Ἰδοὺ ὁ βουνὸς οὗτος καὶ ἡ στήλη αὕτη ἣν ἔστησα ἀνά μέσον ἐμοῦ καὶ σοῦ· μαρτυρεῖ ὁ βουνὸς οὗτος, καὶ μαρτυρεῖ ἡ στήλη αὕτη· διὰ τοῦτο ἐκλήθη τὸ ὄνομα αὐτοῦ Βουνὸς μαρτυρεῖ,",37,ܘܐܡ̣ܪ ܠܒܢ. ܝܓܪܐ ܗܢܐ ܣܗ̇ܕ ܒܝܢ̈ܝ ܘܠܟ ܝܘܡܢܐ. ܡܛܠ ܗܢܐ ܩܪܐ ܫܡܗ ܓܠܥܕ.,13,"Disse, pois, Labão: Este montão é hoje testemunha entre mim e ti. Por isso foi chamado Galeede;",17,True,True,True
31,49,Gênesis 31:49,וְהַמִּצְפָּה֙ אֲשֶׁ֣ר אָמַ֔ר יִ֥צֶף יְהוָ֖ה בֵּינִ֣י וּבֵינֶ֑ךָ כִּ֥י נִסָּתֵ֖ר אִ֥ישׁ מֵרֵעֵֽהוּ ׃,והמצפה אשר אמר יצפ יהוה ביני ובינכ כי נסתר איש מרעהו,12,וסכותא די אמר יסך מימרא דיי ביני ובינך ארי נתכסי גבר מחבריה:,12,"καὶ Ἡ ὅρασις, ἣν εἶπεν Ἐφίδοι ὁ θεὸς ἀνὰ μέσον ἐμοῦ καὶ σοῦ, ὅτι ἀποστησόμεθα ἕτερος ἀπὸ τοῦ ἑτέρου.",19,ܘܕܘܩܐ ܕܐܡ̣ܪ ܢܚܙܐ ܡܪܝܐ ܒܝܢ̈ܝ ܘܠܟ. ܡܛܠ ܕܦܪܫܝܢܢ ܓܒܪ ܡܢ ܐܚܘܗܝ .,12,"e também Mizpá, porquanto disse: Vigie o Senhor entre mim e ti, quando estivermos apartados um do outro.",18,True,True,True
31,50,Gênesis 31:50,אִם־ תְּעַנֶּ֣ה אֶת־ בְּנֹתַ֗י וְאִם־ תִּקַּ֤ח נָשִׁים֙ עַל־ בְּנֹתַ֔י אֵ֥ין אִ֖ישׁ עִמָּ֑נוּ רְאֵ֕ה אֱלֹהִ֥ים עֵ֖ד בֵּינִ֥י וּבֵינֶֽךָ ׃,אמ תענה את בנתי ואמ תקח נשימ על בנתי אינ איש עמנו ראה אלהימ עד ביני ובינכ,18,אם תעני ית בנתי ואם תסב נשין על בנתי לית אנש עמנא חזי מימרא דיי סהיד ביני ובינך:,18,"εἰ ταπεινώσεις τὰς θυγατέρας μου, εἰ λήμψῃ γυναῖκας ἐπὶ ταῖς θυγατράσιν μου, ὅρα, οὐθεὶς μεθ᾽ ἡμῶν ἐστίν.",17,ܐܢ ܬܨܥܪ ܠܒܢ̈ܬܝ. ܘܐܢ ܬܣܒ ܢܫ̈ܐ ܥܠ ܒܢ̈ܬܝ. ܠܝܬ ܐܢܫ ܥܡܢ. ܚܙܝ ܕܐܠܗܐ ܣܗ̇ܕ ܒܝܢ̈ܝ ܘܠܟ.,16,"Se afligires as minhas filhas, e se tomares outras mulheres além das minhas filhas, embora ninguém esteja conosco, lembra-te de que Deus é testemunha entre mim e ti.",28,True,True,True
31,51,Gênesis 31:51,וַיֹּ֥אמֶר לָבָ֖ן לְיַעֲקֹ֑ב הִנֵּ֣ה ׀ הַגַּ֣ל הַזֶּ֗ה וְהִנֵּה֙ הַמַצֵּבָ֔ה אֲשֶׁ֥ר יָרִ֖יתִי בֵּינִ֥י וּבֵינֶֽךָ ׃,ויאמר לבנ ליעקב הנה הגל הזה והנה המצבה אשר יריתי ביני ובינכ,14,ואמר לבן ליעקב הא דגורא הדין והא קמתא די אקימית ביני ובינך:,12,,0,ܘܐܡ̣ܪ ܠܒܢ ܠܝܥܩܘܒ. ܗܐ ܝܓܪܐ ܗܢܐ ܘܗܐ ܩܝܡܬܐ ܗܕܐ ܕܐܩܝܡܬ ܒܝܢ̈ܝ ܘܠܟ.,12,"Disse ainda Labão a Jacó: Eis aqui este montão, e eis aqui a coluna que levantei entre mim e ti.",20,True,False,True
31,52,Gênesis 31:52,עֵ֚ד הַגַּ֣ל הַזֶּ֔ה וְעֵדָ֖ה הַמַּצֵּבָ֑ה אִם־ אָ֗נִי לֹֽא־ אֶֽעֱבֹ֤ר אֵלֶ֨יךָ֙ אֶת־ הַגַּ֣ל הַזֶּ֔ה וְאִם־ אַ֠תָּה לֹא־ תַעֲבֹ֨ר אֵלַ֜י אֶת־ הַגַּ֥ל הַזֶּ֛ה וְאֶת־ הַמַּצֵּבָ֥ה הַזֹּ֖את לְרָעָֽה ׃,עד הגל הזה ועדה המצבה אמ אני לא אעבר אליכ את הגל הזה ואמ אתה לא תעבר אלי את הגל הזה ואת המצבה הזאת לרעה,26,סהיד דגורא הדין וסהדא קמא אם אנא לא אעבר לותך ית דגורא הדין ואם את לא תעבר לותי ית דגורא הדין וית קמתא הדא לבישו:,25,"ἐάν τε γὰρ ἐγὼ μὴ διαβῶ πρὸς σέ, μηδὲ σὺ διαβῇς πρὸς μὲ τὸν βουνὸν τοῦτον καὶ τὴν στήλην ταύτην ἐπὶ κακίᾳ.",22,ܣܗ̇ܕ ܝܓܪܐ ܗܢܐ ܘܣܗܕܐ ܩܝܡܬܐ ܗܕܐ. ܕܐܢܐ ܠܐ ܐܥܒܪ ܥܠܝܟ ܝܓܪܐ ܗܢܐ. ܘܐܦ ܐܢܬ ܠܐ ܬܥܒܪ ܥܠ ܝܓܪܐ ܗܢܐ ܘܩܝܡܬܐ ܗܕܐ ܠܒܝܫܬܐ.,22,"Seja este montão testemunha, e seja esta coluna testemunha de que, para mal, nem passarei eu deste montão a ti, nem passarás tu deste montão e desta coluna a mim.",30,True,True,True
31,53,Gênesis 31:53,אֱלֹהֵ֨י אַבְרָהָ֜ם וֵֽאלֹהֵ֤י נָחוֹר֙ יִשְׁפְּט֣וּ בֵינֵ֔ינוּ אֱלֹהֵ֖י אֲבִיהֶ֑ם וַיִּשָּׁבַ֣ע יַעֲקֹ֔ב בְּפַ֖חַד אָבִ֥יו יִצְחָֽק ׃,אלהי אברהמ ואלהי נחור ישפטו בינינו אלהי אביהמ וישבע יעקב בפחד אביו יצחק,14,אלהה דאברהם ואלהה דנחור ידונון ביננא אלהה דאבוהון וקיים יעקב בדדחיל ליה אבוהי יצחק:,14,ὁ θεὸς Ἀβραὰμ καὶ ὁ θεὸς Ναχὼρ κρινεῖ ἀνὰ μὲσον ἡμῶν.,11,ܐܠܗܗ ܕܐܒܪܗܡ ܐܠܗܗ ܕܢܚܘܪ ܢܕܘܢ ܒܝܢܬܢ ܐܠܗܐ ܕܐ̈ܒܗܬܢ. ܘܝܡ̣ܐ ܝܥܩܘܒ ܒܕܚܠܬܐ ܕܐܒܘܗܝ ܐܝܣܚܩ.,13,"O Deus de Abraão e o Deus de Naor, o Deus do pai deles, julgue entre nós. E jurou Jacó pelo Temor de seu pai Isaque.",26,True,True,True
31,54,Gênesis 31:54,וַיִּזְבַּ֨ח יַעֲקֹ֥ב זֶ֨בַח֙ בָּהָ֔ר וַיִּקְרָ֥א לְאֶחָ֖יו לֶאֱכָל־ לָ֑חֶם וַיֹּ֣אכְלוּ לֶ֔חֶם וַיָּלִ֖ינוּ בָּהָֽר ׃,ויזבח יעקב זבח בהר ויקרא לאחיו לאכל לחמ ויאכלו לחמ וילינו בהר,13,ונכס יעקב נכסתא בטורא וקרא לאחוהי למיכל לחמא ואכלו לחמא וביתו בטורא:,12,"καὶ ὤμοσεν Ἰακὼβ κατὰ τοῦ φόβου τοῦ πατρὸς αὐτοῦ Ἰσαάκ. καὶ ἔθυσεν Ἰακὼβ θυσίαν ἐν τῷ ὄρει· καὶ ἐκάλεσεν τοὺς ἀδελφοὺς αὐτοῦ, καὶ ἔφαγον καὶ ἔπιον, καὶ ἐκοιμήθησαν ἐν τῷ ὄρει.",31,ܘܕܒ̇ܚ̣ ܝܥܩܘܒ ܕܒܚܬܐ ܒܛܘܪܐ. ܘܩܪܐ ܠܐ̈ܚܘܗܝ ܠܡܐܟܠ ܠܚܡܐ. ܘܐܟܠܘ ܠܚܡܐ ܘܒܬܘ ܒܛܘܪܐ.,12,"Então Jacó ofereceu um sacrifício na montanha, e convidou seus irmãos para comerem pão; e, tendo comido, passaram a noite na montanha.",22,True,True,True
31,55,Gênesis 31:55,,,0,,0,"ἀναστὰς δὲ Λαβὰν τὸ πρωὶ κατεφίλησεν τοὺς υἱοὺς αὐτοῦ καὶ τὰς θυγατέρας αὐτοῦ, καὶ εὐλόγησεν αὐτούς· καὶ ἀποστραφεὶς Λαβὰν ἀπῆλθεν εἰς τὸν τόπον αὐτοῦ.",24,,0,"Levantou-se Labão de manhã cedo, beijou seus filhos e suas filhas e os abençoou; e, partindo, voltou para o seu lugar.",21,False,True,False
32,1,Gênesis 32:1,וַיַּשְׁכֵּ֨ם לָבָ֜ן בַּבֹּ֗קֶר וַיְנַשֵּׁ֧ק לְבָנָ֛יו וְלִבְנוֹתָ֖יו וַיְבָ֣רֶךְ אֶתְהֶ֑ם וַיֵּ֛לֶךְ וַיָּ֥שָׁב לָבָ֖ן לִמְקֹמֽוֹ ׃,וישכמ לבנ בבקר וינשק לבניו ולבנותיו ויברכ אתהמ וילכ וישב לבנ למקמו,13,ואקדם לבן בצפרא ונשק לבנוהי ולבנתיה ובריך יתהן ואזל ותב לבן לאתריה:,12,"Καὶ Ἰακὼβ ἀπῆλθεν εἰς τὴν ἑαυτοῦ ὁδόν· καὶ ἀναβλέψας τοῖς ὀφθαλμοῖς ἴδεν παρεμβολὴν θεοῦ παρεμβεβληκυῖαν, καὶ συνήντησαν αὐτῷ οἱ ἄγγελοι τοῦ θεοῦ.",22,ܘܩ̇ܕܡ ܠܒܢ ܒܫܦܪܐ . ܘܢܫ̇ܩ ܠܒܢ̈ܘܗܝ ܘܠܒܢ̈ܬܗ ܘܒ̇ܪܟ ܐܢܘܢ. ܘܗ̣ܦܟ ܠܒܢ ܘܐܙ̣ܠ ܠܐܬܪܗ.,13,Jacó também seguiu o seu caminho; e encontraram-no os anjos de Deus.,12,True,True,True
32,2,Gênesis 32:2,וְיַעֲקֹ֖ב הָלַ֣ךְ לְדַרְכּ֑וֹ וַיִּפְגְּעוּ־ ב֖וֹ מַלְאֲכֵ֥י אֱלֹהִֽים ׃,ויעקב הלכ לדרכו ויפגעו בו מלאכי אלהימ,8,ויעקב אזל לארחיה וערעו ביה מלאכיא דיי:,7,"εἶπεν δὲ Ἰακώβ, ἡνίκα ἴδεν αὐτούς, Παρεμβολὴ θεοῦ αὕτη· καὶ ἐκάλεσεν τὸ ὄνομα τοῦ τόπου ἐκείνου Παρεμβολαί.",17,ܘܐܦ ܝܥܩܘܒ ܐܙ̣ܠ ܠܐܘܪܚܗ. ܘܦܓܥܘ ܒܗ ܡܠܐ̈ܟܘܗܝ ܕܐܠܗܐ.,8,"Quando Jacó os viu, disse: Este é o exército de Deus. E chamou àquele lugar Maanaim.",16,True,True,True
32,3,Gênesis 32:3,וַיֹּ֤אמֶר יַעֲקֹב֙ כַּאֲשֶׁ֣ר רָאָ֔ם מַחֲנֵ֥ה אֱלֹהִ֖ים זֶ֑ה וַיִּקְרָ֛א שֵֽׁם־ הַמָּק֥וֹם הַה֖וּא מַֽחֲנָֽיִם ׃ פ,ויאמר יעקב כאשר ראמ מחנה אלהימ זה ויקרא שמ המקומ ההוא מחנימ פ,14,ואמר יעקב כד חזנון משריתא מן קדם יי דין וקרא שמא דאתרא ההוא מחנים:,14,"Ἀπέστειλεν δὲ Ἰακὼβ ἀγγέλους πρὸς Ἠσαὺ τὸν ἀδελφὸν αὐτοῦ εἰς γῆν Σηεὶρ εἰς χώραν Ἐδώμ,",15,ܘܐܡ̣ܪ ܝܥܩܘܒ ܟܕ ܚ̣ܙܐ ܐܢܘܢ. ܡܫܪܝܬܐ ܗܝ ܕܐܠܗܐ ܗܕܐ. ܘܩ̣ܪܐ ܫܡܗ ܕܐܬܪܐ ܗ̇ܘ ܡܚܢܝܡ.,14,"Então enviou Jacó mensageiros diante de si a Esaú, seu irmão, à terra de Seir, o território de Edom,",19,True,True,True
32,4,Gênesis 32:4,וַיִּשְׁלַ֨ח יַעֲקֹ֤ב מַלְאָכִים֙ לְפָנָ֔יו אֶל־ עֵשָׂ֖ו אָחִ֑יו אַ֥רְצָה שֵׂעִ֖יר שְׂדֵ֥ה אֱדֽוֹם ׃,וישלח יעקב מלאכימ לפניו אל עשו אחיו ארצה שעיר שדה אדומ,12,ושלח יעקב אזגדין קדמוהי לות עשו אחוהי לארעא דשעיר לחקל אדום:,11,καὶ ἐνετείλατο αὐτοῖς λέγων Οὕτως ἐρεῖτε τῷ κυρίῳ μου Ἠσαύ Οὕτως λέγει ὁ παῖς σου Ἰακώβ Μετὰ Λαβὰν παρῴκησα καὶ ἐχρόνισα ἕως τοῦ νῦν·,24,ܘܫܕܪ ܝܥܩܘܒ ܐܝܙ̈ܓܕܐ ܩܕܡܘܗܝ ܠܘܬ ܥܣܘ ܐܚܘܗܝ. ܠܐܪܥܐ ܕܣܥܝܪ ܠܚܩܠܐ ܕܐܕܘܡ.,11,"tendo-lhes ordenado: Deste modo falareis a meu senhor Esaú: Assim diz Jacó, teu servo: Como peregrino morei com Labão, e com ele fiquei até agora;",25,True,True,True
32,5,Gênesis 32:5,וַיְצַ֤ו אֹתָם֙ לֵאמֹ֔ר כֹּ֣ה תֹאמְר֔וּן לַֽאדֹנִ֖י לְעֵשָׂ֑ו כֹּ֤ה אָמַר֙ עַבְדְּךָ֣ יַעֲקֹ֔ב עִם־ לָבָ֣ן גַּ֔רְתִּי וָאֵחַ֖ר עַד־ עָֽתָּה ׃,ויצו אתמ לאמר כה תאמרונ לאדני לעשו כה אמר עבדכ יעקב עמ לבנ גרתי ואחר עד עתה,18,ופקיד יתהון למימר כדין תימרון לרבוני לעשו כדנן אמר עבדך יעקב עם לבן דרית ואוחרית עד כען:,17,"καὶ ἐγένοντό μοι βόες καὶ ὄνοι καὶ πρόβατα καὶ παῖδες καὶ παιδίσκαι· καὶ ἀπέστειλα ἀναγγεῖλαι τῷ κυρίῳ μου Ἠσαύ, ἵνα εὕρῃ ὁ παῖς σου χάριν ἐναντίον σου.",27,ܘܦܩ̇ܕ ܐܢܘܢ ܘܐܡ̣ܪ ܠܗܘܢ. ܗܟܢܐ ܬܐܡܪܘܢ ܠܡܪܝ ܥܣܘ. ܗܟܢܐ ܐܡ̇ܪ ܥܒ̣ܕܟ ܝܥܩܘܒ. ܥܡ ܠܒܢ ܥܡ̇ܪܬ. ܘܐ̇ܘܚܪܬ ܥܕܡܐ ܠܝܘܡܢܐ .,19,"e tenho bois e jumentos, rebanhos, servos e servas; e mando comunicar isso a meu senhor, para achar graça aos teus olhos.",22,True,True,True
32,6,Gênesis 32:6,וַֽיְהִי־ לִי֙ שׁ֣וֹר וַחֲמ֔וֹר צֹ֖אן וְעֶ֣בֶד וְשִׁפְחָ֑ה וָֽאֶשְׁלְחָה֙ לְהַגִּ֣יד לַֽאדֹנִ֔י לִמְצֹא־ חֵ֖ן בְּעֵינֶֽיךָ ׃,ויהי לי שור וחמור צאנ ועבד ושפחה ואשלחה להגיד לאדני למצא חנ בעיניכ,14,והוה לי תורין וחמרין עאן ועבדין ואמהן ושלחית לחואה לרבוני לאשכחא רחמין בעינך:,13,"καὶ ἀνέστρεψαν οἱ ἄγγελοι πρὸς Ἰακὼβ λέγοντες Ἤλθομεν πρὸς τὸν ἀδελφόν σου Ἠσαύ, καὶ ἔρχεται εἰς συνάντησίν σοι, καὶ τετρακόσιοι ἄνδρες μετ᾽ αὐτοῦ.",23,ܘܗܘܘ ܠܝ ܬܘܪ̈ܐ ܘܚܡܪ̈ܐ. ܘܥܢܐ ܘܥܒ̈ܕܐ ܘܐܡܗ̈ܬܐ. ܘܫ̇ܕܪܬ ܠܡܚܘܝܘ ܠܡܪܝ ܕܐܫܟܚ ܪ̈ܚܡܐ ܒܥܝܢ̈ܝܟ.,13,"Depois os mensageiros voltaram a Jacó, dizendo: Fomos ter com teu irmão Esaú; e, em verdade, vem ele para encontrar-te, e quatrocentos homens com ele.",25,True,True,True
32,7,Gênesis 32:7,וַיָּשֻׁ֨בוּ֙ הַמַּלְאָכִ֔ים אֶֽל־ יַעֲקֹ֖ב לֵאמֹ֑ר בָּ֤אנוּ אֶל־ אָחִ֨יךָ֙ אֶל־ עֵשָׂ֔ו וְגַם֙ הֹלֵ֣ךְ לִקְרָֽאתְךָ֔ וְאַרְבַּע־ מֵא֥וֹת אִ֖ישׁ עִמּֽוֹ ׃,וישבו המלאכימ אל יעקב לאמר באנו אל אחיכ אל עשו וגמ הלכ לקראתכ וארבע מאות איש עמו,18,ותבו אזגדיא לות יעקב למימר אתינא לות אחוך לות עשו ואף אתי לקדמותך וארבע מאה גברא עמיה:,17,"ἐφοβεῖτο δὲ Ἰακὼβ σφόδρα, καὶ ἠπορεῖτο· καὶ διεῖλεν τὸν λαὸν τὸν μετ᾽ αὐτοῦ καὶ τοὺς βόας καὶ τὰ πρόβατα εἰς δύο παρεμβολάς.",22,ܘܗܦܟܘ ܐܝܙ̈ܓܕܐ ܠܘܬ ܝܥܩܘܒ ܘܐܡ̣ܪܘ ܠܗ. ܐܙܠܢ ܠܘܬ ܥܣܘ ܐܚܘܟ. ܘܗܐ ܐܦ ܗ̣ܘ ܐܬ̇ܐ ܠܐܘܪܥܟ. ܘܐܪ̈ܒܥܡܐܐ ܓܒܪ̈ܝܢ ܥܡܗ.,18,"Jacó teve muito medo e ficou aflito; dividiu em dois bandos o povo que estava com ele, bem como os rebanhos, os bois e os camelos;",26,True,True,True
32,8,Gênesis 32:8,וַיִּירָ֧א יַעֲקֹ֛ב מְאֹ֖ד וַיֵּ֣צֶר ל֑וֹ וַיַּ֜חַץ אֶת־ הָעָ֣ם אֲשֶׁר־ אִתּ֗וֹ וְאֶת־ הַצֹּ֧אן וְאֶת־ הַבָּקָ֛ר וְהַגְּמַלִּ֖ים לִשְׁנֵ֥י מַחֲנֽוֹת ׃,ויירא יעקב מאד ויצר לו ויחצ את העמ אשר אתו ואת הצאנ ואת הבקר והגמלימ לשני מחנות,18,ודחיל יעקב לחדא ועקת ליה ופליג ית עמא די עמיה וית ענא וית תורי וגמליא לתרין משירין:,17,"καὶ εἶπεν Ἰακώβ Ἐὰν ἔλθῃ Ἠσαὺ εἰς παρεμβολὴν μίαν καὶ ἐκκόψῃ αὐτήν, ἔσται ἡ παρεμβολὴ ἡ δευτέρα εἰς τὸ σώζεσθαι.",20,ܘܕܚ̣ܠ ܝܥܩܘܒ ܘܥܩ̣ܬ ܠܗ ܛܒ. ܘܦ̇ܠܓ ܥܡܐ ܕܥܡܗ. ܘܥܢܐ ܘܬܘܪ̈ܐ ܘܓܡ̈ܠܐ ܠܬܪ̈ܬܝܢ ܡܫܪ̈ܝܢ.,13,"pois dizia: Se Esaú vier a um bando e o ferir, o outro bando escapará.",15,True,True,True
32,9,Gênesis 32:9,וַיֹּ֕אמֶר אִם־ יָב֥וֹא עֵשָׂ֛ו אֶל־ הַמַּחֲנֶ֥ה הָאַחַ֖ת וְהִכָּ֑הוּ וְהָיָ֛ה הַמַּחֲנֶ֥ה הַנִּשְׁאָ֖ר לִפְלֵיטָֽה ׃,ויאמר אמ יבוא עשו אל המחנה האחת והכהו והיה המחנה הנשאר לפליטה,13,ואמר אם ייתי עשו למשריתא חדא וימחניה ויהי משריתא דתשתאר לשיזבא:,11,"εἶπεν δὲ Ἰακώβ Ὁ θεὸς τοῦ πατρός μου Ἀβραὰμ καὶ ὁ θεὸς τοῦ πατρός μου Ἰσαάκ, Κύριε ὁ εἴπας μοι Ἀπότρεχε εἰς τὴν γῆν τῆς γενέσεώς σου, καὶ εὖ σε ποιήσω·",31,ܘܐܡ̣ܪ ܝܥܩܘܒ . ܐܢ ܢܐܬܐ ܥܣܘ ܐܚܝ ܥܠ ܡܫܪܝܬܐ ܚܕܐ ܘܢܚܪܒܝܗ̇. ܡܫܪܝܬܐ ܕܡܫܬܚܪܐ ܡܬܦܠܛܐ.,14,"Disse mais Jacó: o Deus de meu pai Abraão, Deus de meu pai Isaque, ó Senhor, que me disseste: Volta para a tua terra, e para a tua parentela, e eu te farei bem!",34,True,True,True
32,10,Gênesis 32:10,וַיֹּאמֶר֮ יַעֲקֹב֒ אֱלֹהֵי֙ אָבִ֣י אַבְרָהָ֔ם וֵאלֹהֵ֖י אָבִ֣י יִצְחָ֑ק יְהוָ֞ה הָאֹמֵ֣ר אֵלַ֗י שׁ֧וּב לְאַרְצְךָ֛ וּלְמוֹלַדְתְּךָ֖ וְאֵיטִ֥יבָה עִמָּֽךְ ׃,ויאמר יעקב אלהי אבי אברהמ ואלהי אבי יצחק יהוה האמר אלי שוב לארצכ ולמולדתכ ואיטיבה עמכ,17,ואמר יעקב אלהה דאבא אברהם ואלהה דאבא יצחק יי די אמר לי תוב לארעך ולילדותך ואוטיב עמך:,17,"ἱκανοῦσαί μοι ἀπὸ πάσης δικαιοσύνης καὶ ἀπὸ πάσης ἀληθείας ἧς ἐποίησας τῷ παιδί σου· ἐν γὰρ τῇ ῥάβδῳ μου διέβην τὸν Ἰορδάνην τοῦτον, νῦν δὲ γέγονα εἰς δύο παρεμβολάς.",29,ܘܨܠܝ ܘܐܡ̣ܪ . ܐܠܗܗ ܕܐܒܝ ܐܒܪܗܡ. ܐܠܗܗ ܕܐܒܝ ܐܝܣܚܩ. ܡܪܝܐ ܕܐܡ̣ܪ ܠܝ. ܗܦܘܟ ܠܐܪܥܐ ܕܐ̈ܒܗܝܟ ܘܠܬܘ̈ܠܕܬܟ ܘܐܛܐܒ ܠܟ.,18,"Não sou digno da menor de todas as tuas beneficências e de toda a fidelidade que tens usado para com teu servo; porque com o meu cajado passei este Jordão, e agora volto em dois bandos.",36,True,True,True
32,11,Gênesis 32:11,קָטֹ֜נְתִּי מִכֹּ֤ל הַחֲסָדִים֙ וּמִכָּל־ הָ֣אֱמֶ֔ת אֲשֶׁ֥ר עָשִׂ֖יתָ אֶת־ עַבְדֶּ֑ךָ כִּ֣י בְמַקְלִ֗י עָבַ֨רְתִּי֙ אֶת־ הַיַּרְדֵּ֣ן הַזֶּ֔ה וְעַתָּ֥ה הָיִ֖יתִי לִשְׁנֵ֥י מַחֲנֽוֹת ׃,קטנתי מכל החסדימ ומכל האמת אשר עשית את עבדכ כי במקלי עברתי את הירדנ הזה ועתה הייתי לשני מחנות,20,זעירן זכותי מכל חסדין ומכל טבון די עבדת עם עבדך ארי יחידי עברית ית ירדנא הדין וכען הויתי לתרין משרין:,20,"ἐξελοῦ με ἐκ χειρὸς τοῦ ἀδελφοῦ μου Ἠσαύ· ὅτι φοβοῦμαι ἐγὼ αὐτόν, μή ποτε ἐλθὼν πατάξῃ με καὶ μητέρα ἐπὶ τέκνοις.",21,ܒܨܝܪ ܐܢܐ ܡܢ ܟܠܗܝܢ ܛܝܒ̈ܘܬܟ. ܘܡܢ ܟܠܗ ܩܘܫܬܐ ܕܥܒ̣ܕܬ ܥܡ ܥܒܕܟ. ܡܛܠ ܕܒܚܘܛܪܝ ܥܒ̇ܪܬ ܝܘܪܕܢܢ ܗܢܐ. ܘܗܫܐ ܗܘܝܬ ܠܬܪ̈ܬܝܢ ܡܫܪ̈ܝܢ.,20,"Livra-me, peço-te, da mão de meu irmão, da mão de Esaú, porque eu o temo; acaso não venha ele matar-me, e a mãe com os filhos.",26,True,True,True
32,12,Gênesis 32:12,הַצִּילֵ֥נִי נָ֛א מִיַּ֥ד אָחִ֖י מִיַּ֣ד עֵשָׂ֑ו כִּֽי־ יָרֵ֤א אָנֹכִי֙ אֹת֔וֹ פֶּן־ יָב֣וֹא וְהִכַּ֔נִי אֵ֖ם עַל־ בָּנִֽים ׃,הצילני נא מיד אחי מיד עשו כי ירא אנכי אתו פנ יבוא והכני אמ על בנימ,17,שזבני כען מידא דאחי מידא דעשו ארי דחל אנא מניה דילמא ייתי וימחנני אמא על בניא:,16,"σὺ δὲ εἶπας Καλῶς εὖ σε ποιήσω, καὶ θήσω τὸ σπέρμα σου ὡς τὴν ἄμμον τῆς θαλάσσης, ἣ οὐκ ἀριθμηθήσεται ἀπὸ τοῦ πλήθους.",23,ܦܨܢܝ ܡܢ ܐ̈ܝܕܘܗܝ ܕܥܣܘ ܐܚܝ. ܡܛܠ ܕܕܚ̇ܠ ܐܢܐ ܡܢܗ ܕܠܡܐ ܢܐܬܐ ܘܢܡܚܝܢܝ ܐܡܐ ܥܡ ܒܢ̈ܝܗ̇.,15,"Pois tu mesmo disseste: Certamente te farei bem, e farei a tua descendência como a areia do mar, que pela multidão não se pode contar.",25,True,True,True
32,13,Gênesis 32:13,וְאַתָּ֣ה אָמַ֔רְתָּ הֵיטֵ֥ב אֵיטִ֖יב עִמָּ֑ךְ וְשַׂמְתִּ֤י אֶֽת־ זַרְעֲךָ֙ כְּח֣וֹל הַיָּ֔ם אֲשֶׁ֥ר לֹא־ יִסָּפֵ֖ר מֵרֹֽב ׃,ואתה אמרת היטב איטיב עמכ ושמתי את זרעכ כחול הימ אשר לא יספר מרב,15,ואת אמרת אוטבא אוטיב עמך ואשוי ית בנך סגיאין כחלא דימא די לא יתמנון מסגי:,15,"καὶ ἐκοιμήθη ἐκεῖ τὴν νύκτα ἐκείνην. καὶ ἔλαβεν ὧν ἔφερεν δῶρα καὶ ἐξαπέστειλεν Ἠσαὺ τῷ ἀδελφῷ αὐτοῦ,",17,ܘܐܢܬ ܐܡ̣ܪܬ ܡܛܐܒ̣ܘ ܐܛܐܒ ܠܟ. ܘܐܥܒܕ ܙܪܥܟ ܐܝܟ ܚܠܐ ܕܝܡܐ. ܕܠܐ ܡܬܡܢܐ ܡܢ ܣܘܓܐܗ.,14,Passou ali aquela noite; e do que tinha tomou um presente para seu irmão Esaú:,15,True,True,True
32,14,Gênesis 32:14,וַיָּ֥לֶן שָׁ֖ם בַּלַּ֣יְלָה הַה֑וּא וַיִּקַּ֞ח מִן־ הַבָּ֧א בְיָד֛וֹ מִנְחָ֖ה לְעֵשָׂ֥ו אָחִֽיו ׃,וילנ שמ בלילה ההוא ויקח מנ הבא בידו מנחה לעשו אחיו,12,ובת תמן בליליא ההוא ונסיב מן דאיתי בידיה תקרבתא לעשו אחוהי:,11,"αἶγας διακοσίας, τράγους εἴκοσι, πρόβατα διακόσια, κριοὺς εἴκοσι,",8,ܘܒܬ ܬܡܢ ܒܠܠܝܐ ܗ̇ܘ. ܘܢܣ̣ܒ ܡܢ ܡܕܡ ܕܐܝܬܝ ܒܐܝܕܗ ܩܘܪܒܢܐ ܠܥܣܘ ܐܚܘܗܝ.,12,"duzentas cabras e vinte bodes, duzentas ovelhas e vinte carneiros,",10,True,True,True
32,15,Gênesis 32:15,עִזִּ֣ים מָאתַ֔יִם וּתְיָשִׁ֖ים עֶשְׂרִ֑ים רְחֵלִ֥ים מָאתַ֖יִם וְאֵילִ֥ים עֶשְׂרִֽים ׃,עזימ מאתימ ותישימ עשרימ רחלימ מאתימ ואילימ עשרימ,9,עזי מאתן ותישיא עסרין רחלין מאתן ודכרין עסרין:,8,"καμήλους θηλαζούσας καὶ τὰ παιδία αὐτῶν τριάκοντα, βόας τεσσεράκοντα, ταύρους δέκα, ὄνους εἴκοσι, πώλους δέκα.",15,ܥ̈ܙܐ ܡܐܬ̈ܝܢ. ܘܬܝܫ̈ܐ ܥܣܪ̈ܝܢ. ܢܩܘ̈ܬܐ ܡܐܬܝܢ. ܘܕܟܪ̈ܐ ܥܣܪ̈ܝܢ.,8,"trinta camelas de leite com suas crias, quarenta vacas e dez touros, vinte jumentas e dez jumentinhos.",17,True,True,True
32,16,Gênesis 32:16,גְּמַלִּ֧ים מֵינִיק֛וֹת וּבְנֵיהֶ֖ם שְׁלֹשִׁ֑ים פָּר֤וֹת אַרְבָּעִים֙ וּפָרִ֣ים עֲשָׂרָ֔ה אֲתֹנֹ֣ת עֶשְׂרִ֔ים וַעְיָרִ֖ם עֲשָׂרָֽה ׃,גמלימ מיניקות ובניהמ שלשימ פרות ארבעימ ופרימ עשרה אתנת עשרימ ועירמ עשרה,13,גמלי מנקתא ובניהון תלתין תורתא ארבעין ותורי עסרא אתנן עסרין ועירי עסרא:,12,"καὶ ἔδωκεν διὰ χειρὸς τοῖς παισὶν αὐτοῦ, ποίμνιον κατὰ μόνας. εἶπεν δὲ τοῖς παισὶν αὐτοῦ Προπορεύεσθε ἔμπροσθέν μου, καὶ διάστημα ποιεῖτε ἀνὰ μέσον ποίμνης καὶ ποίμνης.",26,ܓܡ̈ܠܐ ܡܝܢܩ̈ܬܐ ܘܒܢܝ̈ܗܝܢ ܬܠܬܝܢ. ܬܘܪ̈ܬܐ ܐܪ̈ܒܥܝܢ ܘܬܘܪ̈ܐ ܥܣܪܐ. ܐܬ̈ܢܐ ܥܣܪ̈ܝܢ ܘܥ̈ܝܠܐ ܥܣܪܐ.,12,"Então os entregou nas mãos dos seus servos, cada manada em separado; e disse a seus servos: Passai adiante de mim e ponde espaço entre manada e manada.",28,True,True,True
32,17,Gênesis 32:17,וַיִּתֵּן֙ בְּיַד־ עֲבָדָ֔יו עֵ֥דֶר עֵ֖דֶר לְבַדּ֑וֹ וַ֤יֹּאמֶר אֶל־ עֲבָדָיו֙ עִבְר֣וּ לְפָנַ֔י וְרֶ֣וַח תָּשִׂ֔ימוּ בֵּ֥ין עֵ֖דֶר וּבֵ֥ין עֵֽדֶר ׃,ויתנ ביד עבדיו עדר עדר לבדו ויאמר אל עבדיו עברו לפני ורוח תשימו בינ עדר ובינ עדר,18,ויהב ביד עבדוהי עדרא עדרא בלחודוהי ואמר לעבדוהי עברו קדמי ורוחא תשוון בין עדרא ובין עדרא:,16,καὶ ἐνετείλατο τῷ πρώτῳ λέγων Ἐάν σοι συναντήσῃ Ἠσαὺ ὁ ἀδελφός μου καὶ ἐρωτᾷ σε λέγων Τίνος εἶ; καὶ ποῦ πορεύῃ; καὶ τίνος ταῦτα τὰ προπορευόμενά σου;,27,ܘܝܗ̣ܒ ܒܐܝܕܐ ܕܥܒ̈ܕܘܗܝ ܓܙܪܐ ܓܙܪܐ ܒܠܚܘܕ. ܘܐܡ̣ܪ ܠܥܒ̈ܕܘܗܝ. ܥܒܪܘ ܩܕܡܝ. ܘܐܪܘܚܬܐ ܥܒܕܘ ܒܝܬ ܓܙܪܐ ܠܓܙܪܐ.,15,"E ordenou ao primeiro, dizendo: Quando Esaú, meu irmão, te encontrar e te perguntar: De quem és, e para onde vais, e de quem são estes diante de ti?",29,True,True,True
32,18,Gênesis 32:18,וַיְצַ֥ו אֶת־ הָרִאשׁ֖וֹן לֵאמֹ֑ר כִּ֣י יִֽפְגָּשְׁךָ֞ עֵשָׂ֣ו אָחִ֗י וִשְׁאֵֽלְךָ֙ לֵאמֹ֔ר לְמִי־ אַ֨תָּה֙ וְאָ֣נָה תֵלֵ֔ךְ וּלְמִ֖י אֵ֥לֶּה לְפָנֶֽיךָ ׃,ויצו את הראשונ לאמר כי יפגשכ עשו אחי ושאלכ לאמר למי אתה ואנה תלכ ולמי אלה לפניכ,18,ופקיד ית קדמאה למימר ארי יערענך עשו אחי ושאלנך למימר למן את ולאן את אזל ולמן אלין דקדמך:,18,"καὶ ἐρεῖς Τοῦ παιδός σου Ἰακώβ· δῶρα ἀπέσταλκεν τῷ κυρίῳ μου Ἠσαύ, καὶ ἰδοὺ αὐτὸς ὀπίσω ἡμῶν.",17,ܘܦܩ̇ܕ ܠܩܕܡܝܐ ܘܐܡ̣ܪ ܠܗ. ܕܟܕ ܢܦܓܥ ܒܟ ܥܣܘ ܐܚܝ. ܘܢܫܐܠܟ ܘܢܐܡܪ ܠܟ. ܕܡ̇ܢ ܐܢܬ ܘܠܐܝܟܐ ܐ̇ܙܠ ܐܢܬ. ܘܕܡ̇ܢ ܗܠܝܢ ܕܩܕܡܝܟ.,20,"Então responderás: São de teu servo Jacó, presente que envia a meu senhor, a Esaú, e eis que ele vem também atrás de nos.",24,True,True,True
32,19,Gênesis 32:19,וְאָֽמַרְתָּ֙ לְעַבְדְּךָ֣ לְיַעֲקֹ֔ב מִנְחָ֥ה הִוא֙ שְׁלוּחָ֔ה לַֽאדֹנִ֖י לְעֵשָׂ֑ו וְהִנֵּ֥ה גַם־ ה֖וּא אַחֲרֵֽינוּ ׃,ואמרת לעבדכ ליעקב מנחה הוא שלוחה לאדני לעשו והנה גמ הוא אחרינו,13,ותימר לעבדך ליעקב תקרבתא היא דמשלחא לרבוני לעשו והא אף הוא אתי בתרנא:,13,"καὶ ἐνετείλατο τῷ πρώτῳ καὶ τῷ δευτέρῳ καὶ τῷ τρίτῳ καὶ πᾶσι τοῖς προπορευομένοις ὀπίσω τῶν ποιμνίων τούτων λέγων Κατὰ τὸ ῥῆμα τοῦτο λαλήσατε τῷ Ἠσαὺ ἐν τῷ εὑρεῖν ὑμᾶς αὐτόν,",31,ܐܡ̣ܪ ܠܗ ܕܥܒܕܟ ܝܥܩܘܒ. ܩܘܪܒܢܐ ܕܫܕܪ ܠܡܪܝ ܥܣܘ. ܘܗܐ ܐܦ ܗ̣ܘ ܐܬ̇ܐ ܒܬܪܢ.,13,"Ordenou igualmente ao segundo, e ao terceiro, e a todos os que vinham atrás das manadas, dizendo: Desta maneira falareis a Esaú quando o achardes.",25,True,True,True
32,20,Gênesis 32:20,וַיְצַ֞ו גַּ֣ם אֶת־ הַשֵּׁנִ֗י גַּ֚ם אֶת־ הַשְּׁלִישִׁ֔י גַּ֚ם אֶת־ כָּל־ הַהֹ֣לְכִ֔ים אַחֲרֵ֥י הָעֲדָרִ֖ים לֵאמֹ֑ר כַּדָּבָ֤ר הַזֶּה֙ תְּדַבְּר֣וּן אֶל־ עֵשָׂ֔ו בְּמֹצַאֲכֶ֖ם אֹתֽוֹ ׃,ויצו גמ את השני גמ את השלישי גמ את כל ההלכימ אחרי העדרימ לאמר כדבר הזה תדברונ אל עשו במצאכמ אתו,22,ופקיד אף ית תנינא אף ית תליתאה אף ית כל דאזלין בתר עדריא למימר כפתגמא הדין תמללון עם עשו כד תשכחון יתיה:,22,"καὶ ἐρεῖτε Ἰδοὺ ὁ παῖς σου Ἰακὼβ παραγίνεται ὀπίσω ἡμῶν. εἶπεν γάρ Ἐξιλάσομαι τὸ πρόσωπον αὐτοῦ ἐν τοῖς δώροις τοῖς προπορευομένοις αὐτοῦ, καὶ μετὰ τοῦτο ὄψομαι τὸ πρόσωπον αὐτοῦ· ἴσως γὰρ προσδέξεται τὸ πρόσωπόν μου.",35,ܘܦܩ̇ܕ ܠܬܢܝܢܐ ܘܐܦ ܠܬܠܝܬܝܐ. ܘܐܦ ܠܟܠ ܕܐܙܠܝܢ ܒܬܪ ܓܙܪ̈ܐ ܠܡܐܡܪ. ܐܝܟ ܦܬܓܡܐ ܗܢܐ ܬܐܡܪܘܢ ܠܥܣܘ ܡܐ ܕܐܫܟܚܬܘܢܝܗܝ.,17,"E direis também: Eis que o teu servo Jacó vem atrás de nós. Porque dizia: Aplacá-lo-ei com o presente, que vai adiante de mim, e depois verei a sua face; porventura ele me aceitará.",34,True,True,True
32,21,Gênesis 32:21,וַאֲמַרְתֶּ֕ם גַּ֗ם הִנֵּ֛ה עַבְדְּךָ֥ יַעֲקֹ֖ב אַחֲרֵ֑ינוּ כִּֽי־ אָמַ֞ר אֲכַפְּרָ֣ה פָנָ֗יו בַּמִּנְחָה֙ הַהֹלֶ֣כֶת לְפָנָ֔י וְאַחֲרֵי־ כֵן֙ אֶרְאֶ֣ה פָנָ֔יו אוּלַ֖י יִשָּׂ֥א פָנָֽי ׃,ואמרתמ גמ הנה עבדכ יעקב אחרינו כי אמר אכפרה פניו במנחה ההלכת לפני ואחרי כנ אראה פניו אולי ישא פני,21,ותימרון אף הא עבדך יעקב אתי בתרנא ארי אמר אנחניה לרוגזיה בתקרבתא דאזלת לקדמי ובתר כן אחזי אפוהי מאים יסב אפי:,21,καὶ προεπορεύοντο τὰ δῶρα κατὰ πρόσωπον αὐτοῦ· αὐτὸς δὲ ἐκοιμήθη τὴν νύκτα ἐκείνην ἐν τῇ παρεμβολῇ.,16,ܘܬܐܡܪܘܢ ܠܗ . ܕܗܐ ܐܦ ܥܒܕܟ ܝܥܩܘܒ ܒܬܪܢ. ܡܛܠ ܕܐܡ̣ܪ. ܕܐܢܝܚ ܪܘܓܙܗ ܒܩܘܪܒܢܐ ܕܐ̇ܙܠ ܩܕܡܝ. ܘܒܬܪܟܢ ܐ̇ܚܙܐ ܐܦܘ̈ܗܝ. ܟܒܪ ܢܣ̣ܒ ܒܐ̈ܦܝ.,21,"Foi, pois, o presente adiante dele; ele, porém, passou aquela noite no arraial.",13,True,True,True
32,22,Gênesis 32:22,וַתַּעֲבֹ֥ר הַמִּנְחָ֖ה עַל־ פָּנָ֑יו וְה֛וּא לָ֥ן בַּלַּֽיְלָה־ הַה֖וּא בַּֽמַּחֲנֶֽה ׃,ותעבר המנחה על פניו והוא לנ בלילה ההוא במחנה,10,ועברת תקרבתא על אפוהי והוא בת בליליא ההוא במשריתא:,9,"Ἀναστὰς δὲ τὴν νύκτα ἐκείνην ἔλαβεν τὰς δύο γυναῖκας καὶ τὰς δύο παιδίσκας καὶ τὰ ἕνδεκα παιδία αὐτοῦ, καὶ διέβη τὴν διάβασιν τοῦ Ἰαβόκ.",24,ܘܥ̣ܒܪ ܩܘܪܒܢܐ ܩܕܡܘܗܝ. ܘܗ̣ܘ ܒܬ ܒܠܠܝܐ ܗ̇ܘ ܒܡܫܪܝܬܐ.,8,"Naquela mesma noite levantou-se e, tomando suas duas mulheres, suas duas servas e seus onze filhos, passou o vau de Jaboque.",21,True,True,True
32,23,Gênesis 32:23,וַיָּ֣קָם ׀ בַּלַּ֣יְלָה ה֗וּא וַיִּקַּ֞ח אֶת־ שְׁתֵּ֤י נָשָׁיו֙ וְאֶת־ שְׁתֵּ֣י שִׁפְחֹתָ֔יו וְאֶת־ אַחַ֥ד עָשָׂ֖ר יְלָדָ֑יו וַֽיַּעֲבֹ֔ר אֵ֖ת מַעֲבַ֥ר יַבֹּֽק ׃,ויקמ בלילה הוא ויקח את שתי נשיו ואת שתי שפחתיו ואת אחד עשר ילדיו ויעבר את מעבר יבק,20,וקם בליליא הוא ודבר ית תרתין נשוהי וית תרתין לחינתיה וית חד עסר בנוהי ועבר ית מעבר יובקא:,18,"καὶ ἔλαβεν αὐτοὺς καὶ διέβη τὸν χειμάρρουν, καὶ διεβίβασεν πάντα τὰ αὐτοῦ.",12,ܘܩ̇ܕܡ ܒܠܠܝܐ . ܘܕܒܪ ܬܪ̈ܬܝܢ ܢܫ̈ܘܗܝ ܘܬܪ̈ܬܝܢ ܐܡܗ̈ܬܗ. ܘܚܕܥܣܪ ܒܢ̈ܘܗܝ ܘܐܥܒܪ ܐܢܘܢ ܠܡܕܒܪܐ ܕܝܒܩ.,14,"Tomou-os, e fê-los passar o ribeiro, e fez passar tudo o que tinha.",13,True,True,True
32,24,Gênesis 32:24,וַיִּקָּחֵ֔ם וַיַּֽעֲבִרֵ֖ם אֶת־ הַנָּ֑חַל וַֽיַּעֲבֵ֖ר אֶת־ אֲשֶׁר־ לוֹ ׃,ויקחמ ויעברמ את הנחל ויעבר את אשר לו,9,ודברנון ועברנון ית נחלא ואעבר ית דיליה:,7,"ὑπελείφθη δὲ Ἰακὼβ μόνος, καὶ ἐπάλαιεν μετ᾽ αὐτοῦ ἄνθρωπος ἕως πρωί.",11,ܘܕܒ̣ܪ ܐܢܘܢ ܘܐܥܒܪ ܐܢܘܢ ܢܚܠܐ . ܘܐܥܒܪ ܟܠ ܕܐܝܬ ܠܗ.,10,"Jacó, porém, ficou só; e lutava com ele um homem até o romper do dia.",15,True,True,True
32,25,Gênesis 32:25,וַיִּוָּתֵ֥ר יַעֲקֹ֖ב לְבַדּ֑וֹ וַיֵּאָבֵ֥ק אִישׁ֙ עִמּ֔וֹ עַ֖ד עֲל֥וֹת הַשָּֽׁחַר ׃,ויותר יעקב לבדו ויאבק איש עמו עד עלות השחר,10,ואשתאר יעקב בלחודוהי ואשתדל גברא עמיה עד דסלק צפרא:,9,"ἴδεν δὲ ὅτι οὐ δύναται πρὸς αὐτόν, καὶ ἥψατο τοῦ πλάτους τοῦ μηροῦ αὐτοῦ, καὶ ἐνάρκησεν τὸ πλάτος τοῦ μηροῦ Ἰακὼβ ἐν τῷ παλαίειν αὐτὸν μετ᾽ αὐτοῦ·",27,ܘܦܫ ܝܥܩܘܒ ܒܠܚܘܕܘܗܝ. ܘܐܬܟܬܫ ܓܒܪܐ ܥܡܗ ܥܕܡܐ ܕܣܠ̣ܩ ܫܦܪܐ .,10,"Quando este viu que não prevalecia contra ele, tocou-lhe a juntura da coxa, e se deslocou a juntura da coxa de Jacó, enquanto lutava com ele.",26,True,True,True
32,26,Gênesis 32:26,וַיַּ֗רְא כִּ֣י לֹ֤א יָכֹל֙ ל֔וֹ וַיִּגַּ֖ע בְּכַף־ יְרֵכ֑וֹ וַתֵּ֨קַע֙ כַּף־ יֶ֣רֶךְ יַעֲקֹ֔ב בְּהֵֽאָבְק֖וֹ עִמּֽוֹ ׃,וירא כי לא יכל לו ויגע בכפ ירכו ותקע כפ ירכ יעקב בהאבקו עמו,15,וחזא ארי לא יכיל ליה וקריב בפתי ירכיה וזע פתי ירכא דיעקב באשתדלותיה עמיה:,14,"καὶ εἶπεν αὐτῷ Ἀπόστειλόν με· ἀνέβη γὰρ ὁ ὄρθρος. ὁ δὲ εἶπεν Οὐ μή σε ἀποστείλω, ἐὰν μὴ εὐλογήσῃς με.",20,ܘܚ̣ܙܐ ܕܠܐ ܡܬܡܨܐ ܚܝܠܗ ܘܩܪ̣ܒ ܠܚܪܘܬܗ. ܘܫ̣ܢܬ ܚܪܘܬܗ ܕܝܥܩܘܒ ܟܕ ܐܬܟܬܫ ܥܡܗ.,12,"Disse o homem: Deixa-me ir, porque já vem rompendo o dia. Jacó, porém, respondeu: Não te deixarei ir, se me não abençoares.",22,True,True,True
32,27,Gênesis 32:27,וַיֹּ֣אמֶר שַׁלְּחֵ֔נִי כִּ֥י עָלָ֖ה הַשָּׁ֑חַר וַיֹּ֨אמֶר֙ לֹ֣א אֲשַֽׁלֵּחֲךָ֔ כִּ֖י אִם־ בֵּרַכְתָּֽנִי ׃,ויאמר שלחני כי עלה השחר ויאמר לא אשלחכ כי אמ ברכתני,12,ואמר שלחני ארי סליק צפרא ואמר לא אשלחנך אלהין ברכתני:,10,εἶπεν δὲ αὐτῷ Τί τὸ ὄνομά σού ἐστιν; ὁ δὲ εἶπεν Ἰακώβ.,12,ܘܐܡ̣ܪ ܠܗ . ܫܕܪܝܢܝ ܡܛܠ ܕܣܠ̣ܩ ܫܦܪܐ ܘܐܡ̣ܪ. ܠܐ ܐܫܕܪܟ ܐܠܐ ܐܢ ܒܪܟܬܢܝ.,13,"Perguntou-lhe, pois: Qual é o teu nome? E ele respondeu: Jacó.",11,True,True,True
32,28,Gênesis 32:28,וַיֹּ֥אמֶר אֵלָ֖יו מַה־ שְּׁמֶ֑ךָ וַיֹּ֖אמֶר יַעֲקֹֽב ׃,ויאמר אליו מה שמכ ויאמר יעקב,7,ואמר ליה מה שמך ואמר יעקב:,6,"καὶ εἶπεν αὐτῷ Οὐ κληθήσεται ἔτι τὸ ὄνομά σου Ἰακώβ, ἀλλὰ Ἰσραὴλ τὸ ὄνομά σου ἔσται· ὅτι ἐνίσχυσας μετὰ θεοῦ, καὶ μετὰ ἀνθρώπων δυνατός",24,ܘܐܡ̣ܪ ܠܗ. ܐܝܟܢܐ ܫܡܟ. ܘܐܡ̣ܪ ܝܥܩܘܒ.,6,"Então disse: Não te chamarás mais Jacó, mas Israel; porque tens lutado com Deus e com os homens e tens prevalecido.",21,True,True,True
32,29,Gênesis 32:29,וַיֹּ֗אמֶר לֹ֤א יַעֲקֹב֙ יֵאָמֵ֥ר עוֹד֙ שִׁמְךָ֔ כִּ֖י אִם־ יִשְׂרָאֵ֑ל כִּֽי־ שָׂרִ֧יתָ עִם־ אֱלֹהִ֛ים וְעִם־ אֲנָשִׁ֖ים וַתּוּכָֽל ׃,ויאמר לא יעקב יאמר עוד שמכ כי אמ ישראל כי שרית עמ אלהימ ועמ אנשימ ותוכל,17,ואמר לא יעקב יתאמר עוד שמך אלהין ישראל ארי רברבת קדם יי ועם גובריא ויכלתא:,15,ἠρώτησεν δὲ Ἰακὼβ καὶ εἶπεν Ἀνάγγειλόν μοι τὸ ὄνομά σου. καὶ εἶπεν Ἵνα τί σὺ ἐρωτᾷς τὸ ὄνομά μου; καὶ ηὐλόγησεν αὐτὸν ἐκεῖ.,23,ܘܐܡ̣ܪ ܠܗ . ܠܐ ܝܥܩܘܒ ܢܬܩܪܐ ܬܘܒ ܫܡܟ ܐܠܐ ܐܝܣܪܝܠ. ܡܛܘܠ ܕܐܫ̣ܬܪܪܬ ܥܡ ܡܠܐܟܐ ܘܥܡ ܓܒܪܐ ܘܐܬܡܨܝ̣ܬ ܚܝܠܐ.,18,"Perguntou-lhe Jacó: Dize-me, peço-te, o teu nome. Respondeu o homem: Por que perguntas pelo meu nome? E ali o abençoou.",20,True,True,True
32,30,Gênesis 32:30,וַיִּשְׁאַ֣ל יַעֲקֹ֗ב וַיֹּ֨אמֶר֙ הַגִּֽידָה־ נָּ֣א שְׁמֶ֔ךָ וַיֹּ֕אמֶר לָ֥מָּה זֶּ֖ה תִּשְׁאַ֣ל לִשְׁמִ֑י וַיְבָ֥רֶךְ אֹת֖וֹ שָֽׁם ׃,וישאל יעקב ויאמר הגידה נא שמכ ויאמר למה זה תשאל לשמי ויברכ אתו שמ,15,ושאל יעקב ואמר חוי כען שמך ואמר למה דנן את שאל לשמי ובריך יתיה תמן:,15,"καὶ ἐκάλεσεν Ἰακὼβ τὸ ὄνομα τοῦ τόπου ἐκείνου Εἶδος θεοῦ· ἴδον γὰρ θεὸν πρόσωπον πρὸς πρόσωπον, καὶ ἐσώθη μου ἡ ψυχή.",21,ܘܫܐܠܗ ܝܥܩܘܒ ܘܐܡ̣ܪ. ܚܘܢܝ ܫܡܟ. ܐܡ̇ܪ ܠܗ . ܠܡܢܐ ܫܐ̇ܠ ܐܢܬ ܥܠ ܫܡܝ. ܘܒܪܟܗ ܬܡܢ.,15,"Pelo que Jacó chamou ao lugar Peniel, dizendo: Porque tenho visto Deus face a face, e a minha vida foi preservada.",21,True,True,True
32,31,Gênesis 32:31,וַיִּקְרָ֧א יַעֲקֹ֛ב שֵׁ֥ם הַמָּק֖וֹם פְּנִיאֵ֑ל כִּֽי־ רָאִ֤יתִי אֱלֹהִים֙ פָּנִ֣ים אֶל־ פָּנִ֔ים וַתִּנָּצֵ֖ל נַפְשִֽׁי ׃,ויקרא יעקב שמ המקומ פניאל כי ראיתי אלהימ פנימ אל פנימ ותנצל נפשי,14,וקרא יעקב שמא דאתרא פניאל ארי חזיתי מלאכיא דיי אפין באפין ואשתזבת נפשי:,13,ἀνέτειλεν δὲ αὐτῷ ὁ ἥλιος ἡνίκα παρῆλθεν τὸ Εἶδος τοῦ θεοῦ· αὐτὸς δὲ ἐπέσκαζεν τῷ μηρῷ αὐτοῦ.,17,ܘܩ̣ܪܐ ܝܥܩܘܒ ܫܡܗ ܕܐܬܪܐ ܗ̇ܘ ܦܢܘܐܝܠ. ܡܛܠ ܕܚ̇ܙܝܬ ܡܠܐܟܐ ܐ̈ܦܝܢ ܠܘܩܒܠ ܐ̈ܦܝܢ ܘܐܬܦ̣ܨܝܬ ܢܦܫܝ.,14,"E nascia o sol, quando ele passou de Peniel; e coxeava de uma perna.",14,True,True,True
32,32,Gênesis 32:32,וַיִּֽזְרַֽח־ ל֣וֹ הַשֶּׁ֔מֶשׁ כַּאֲשֶׁ֥ר עָבַ֖ר אֶת־ פְּנוּאֵ֑ל וְה֥וּא צֹלֵ֖עַ עַל־ יְרֵכֽוֹ ׃,ויזרח לו השמש כאשר עבר את פנואל והוא צלע על ירכו,12,ודנח ליה שמשא כמא די עבר ית פנואל והוא מטלע על ירכיה:,12,"ἕνεκεν γὰρ τούτου οὐ μὴ φάγωσιν οἱ υἱοὶ Ἰσραὴλ τὸ νεῦρον ὃ ἐνάρκησεν, ὅ ἐστιν ἐπὶ τοῦ πλάτους τοῦ μηροῦ Ἰακώβ, ἕως τῆς ἡμέρας ταύτης· ὅτι ἥψατο τοῦ πλάτους τοῦ μηροῦ Ἰακὼβ τοῦ νεύρου, καὶ ἐνάρκησεν. ⸆",37,ܘܕܢ̣ܚܬ ܠܗ ܫܡܫܐ ܟܕ ܥܒ̣ܪ ܠܦܢܘܐܝܠ. ܘܗ̣ܘ ܡ̇ܣܡܐ ܗܘܐ ܡܢ ܚܪܘܬܗ.,11,"Por isso os filhos de Israel não comem até o dia de hoje o nervo do quadril, que está sobre a juntura da coxa, porquanto o homem tocou a juntura da coxa de Jacó no nervo do quadril.",38,True,True,True
32,33,Gênesis 32:33,עַל־ כֵּ֡ן לֹֽא־ יֹאכְל֨וּ בְנֵֽי־ יִשְׂרָאֵ֜ל אֶת־ גִּ֣יד הַנָּשֶׁ֗ה אֲשֶׁר֙ עַל־ כַּ֣ף הַיָּרֵ֔ךְ עַ֖ד הַיּ֣וֹם הַזֶּ֑ה כִּ֤י נָגַע֙ בְּכַף־ יֶ֣רֶךְ יַעֲקֹ֔ב בְּגִ֖יד הַנָּשֶֽׁה ׃,על כנ לא יאכלו בני ישראל את גיד הנשה אשר על כפ הירכ עד היומ הזה כי נגע בכפ ירכ יעקב בגיד הנשה,24,על כן לא יכלון בני ישראל ית גידא דנשיא די על פתי ירכא עד יומא הדין ארי קריב בפתי ירכא דיעקב בגידא דנשיא:,23,,0,ܡܛܠ ܗܢܐ ܠܐ ܐܟܠܝܢ ܒܢ̈ܝ ܐܝܣܪܝܠ. ܓܝܕܐ ܕܓܢܫܝܐ ܕܒܚܪܘܬܐ ܕܥܛܡܐ ܥܕܡܐ ܠܝܘܡܢܐ. ܡܛܠ ܕܩ̣ܪܒ ܠܚܪܘܬܐ ܕܥܛܡܗ ܕܝܥܩܘܒ ܠܓܢܫܝܐ.,18,,0,True,False,True
33,1,Gênesis 33:1,וַיִּשָּׂ֨א יַעֲקֹ֜ב עֵינָ֗יו וַיַּרְא֙ וְהִנֵּ֣ה עֵשָׂ֣ו בָּ֔א וְעִמּ֕וֹ אַרְבַּ֥ע מֵא֖וֹת אִ֑ישׁ וַיַּ֣חַץ אֶת־ הַיְלָדִ֗ים עַל־ לֵאָה֙ וְעַל־ רָחֵ֔ל וְעַ֖ל שְׁתֵּ֥י הַשְּׁפָחֽוֹת ׃,וישא יעקב עיניו וירא והנה עשו בא ועמו ארבע מאות איש ויחצ את הילדימ על לאה ועל רחל ועל שתי השפחות,22,וזקף יעקב עינוהי וחזא והא עשו אתא ועמיה ארבע מאה גברין ופליג ית בניא על לאה ועל רחל ועל תרתין לחינתא:,21,"Ἀναβλέψας δὲ Ἰακὼβ ἴδεν, καὶ ἰδοὺ Ἠσαὺ ὁ ἀδελφὸς αὐτοῦ ἐρχόμενος, αὐτὸς καὶ τετρακόσιοι ἄνδρες μετ᾽ αὐτοῦ· καὶ ἐπιδιεῖλεν Ἰακὼβ τὰ παιδία ἐπὶ Λείαν καὶ ἐπὶ Ῥαχὴλ καὶ τὰς δύο παιδίσκας·",31,ܘܐܪܝܡ ܝܥܩܘܒ ܥܝܢ̈ܘܗܝ ܘܚ̣ܙܐ ܘܗܐ ܥܣܘ ܐܬ̇ܐ . ܘܥܡܗ ܐܪܒܥܡܐܐ ܓܒܪ̈ܝܢ. ܘܦ̇ܠܓ ܛ̈ܠܝܐ ܥܠ ܠܝܐ ܘܥܠ ܪܚܝܠ. ܘܥܠ ܬܪ̈ܬܝܢ ܐܡܗ̈ܬܐ.,20,"Levantou Jacó os olhos, e olhou, e eis que vinha Esaú, e quatrocentos homens com ele. Então repartiu os filhos entre Léia, e Raquel, e as duas servas.",28,True,True,True
33,2,Gênesis 33:2,וַיָּ֧שֶׂם אֶת־ הַשְּׁפָח֛וֹת וְאֶת־ יַלְדֵיהֶ֖ן רִֽאשֹׁנָ֑ה וְאֶת־ לֵאָ֤ה וִֽילָדֶ֨יהָ֙ אַחֲרֹנִ֔ים וְאֶת־ רָחֵ֥ל וְאֶת־ יוֹסֵ֖ף אַחֲרֹנִֽים ׃,וישמ את השפחות ואת ילדיהנ ראשנה ואת לאה וילדיה אחרנימ ואת רחל ואת יוספ אחרנימ,16,ושוי ית לחינתא וית בניהן קדמאין וית לאה ובנהא בתראין וית רחל וית יוסף בתראין:,15,"καὶ ἐποίησεν τὰς δύο παιδίσκας καὶ τοὺς υἱοὺς αὐτῶν ἐν πρώτοις, καὶ Λείαν καὶ τὰ παιδία αὐτῆς ὀπίσω, καὶ Ῥαχὴλ καὶ Ἰωσὴφ ἐσχάτους.",23,ܘܥܒ̣ܕ ܠܐܡܗ̈ܬܐ ܘܠܒܢܝ̈ܗܝܢ ܩܕܡܝܬ. ܘܠܠܝܐ ܘܠܒ̈ܢܝܗ̇ ܒܬܪܗܝܢ. ܘܠܪܚܝܠ ܘܠܝܘܣܦ ܒܚܪܬܐ.,10,"Pôs as servas e seus filhos na frente, Léia e seus filhos atrás destes, e Raquel e José por últimos.",20,True,True,True
33,3,Gênesis 33:3,וְה֖וּא עָבַ֣ר לִפְנֵיהֶ֑ם וַיִּשְׁתַּ֤חוּ אַ֨רְצָה֙ שֶׁ֣בַע פְּעָמִ֔ים עַד־ גִּשְׁתּ֖וֹ עַד־ אָחִֽיו ׃,והוא עבר לפניהמ וישתחו ארצה שבע פעמימ עד גשתו עד אחיו,12,והוא עבר קדמיהון וסגיד על ארעא שבע זמנין עד מקרביה עד אחוהי:,12,αὐτὸς δὲ παρῆλθεν ἔμπροσθεν αὐτῶν· καὶ προσεκύνησεν ἐπὶ τὴν γῆν ἑπτάκις ἕως τοῦ ἐγγίσαι τοῦ ἀδελφοῦ αὐτοῦ.,17,ܘܗ̣ܘ ܥܒ̣ܪ ܩܕܡܝܗܘܢ. ܘܣܓ̣ܕ ܥܠ ܐܪܥܐ ܫܒܥ ܙܒ̈ܢܝܢ. ܥܕܡܐ ܕܩܪܒ ܠܘܬ ܐܚܘܗܝ.,12,"Mas ele mesmo passou adiante deles, e inclinou-se em terra sete vezes, até chegar perto de seu irmão.",18,True,True,True
33,4,Gênesis 33:4,וַיָּ֨רָץ עֵשָׂ֤ו לִקְרָאתוֹ֙ וַֽיְחַבְּקֵ֔הוּ וַיִּפֹּ֥ל עַל־ צַוָּארָ֖ו וַׄיִּׄשָּׁׄקֵ֑ׄהׄוּׄ וַיִּבְכּֽוּ ׃,וירצ עשו לקראתו ויחבקהו ויפל על צוארו וישקהו ויבכו,10,ורהט עשו לקדמותיה וגפפיה ונפל על צואריה ונשקיה ובכו:,9,"καὶ προσέδραμεν Ἠσαὺ εἰς συνάντησιν αὐτῷ, καὶ περιλαβὼν αὐτὸν ἐφίλησεν καὶ προσέπεσεν ἐπὶ τὸν τράχηλον αὐτοῦ· καὶ ἔκλαυσαν ἀμφότεροι.",19,ܘܪܗܛ ܥܣܘ ܠܐܘܪܥܗ. ܘܥܦܩܗ ܘܢܦܠ ܥܠ ܨܘܪܗ. ܘܢܫܩܗ ܘܒܟܘ.,9,"Então Esaú correu-lhe ao encontro, abraçou-o, lançou-se-lhe ao pescoço, e o beijou; e eles choraram.",15,True,True,True
33,5,Gênesis 33:5,וַיִּשָּׂ֣א אֶת־ עֵינָ֗יו וַיַּ֤רְא אֶת־ הַנָּשִׁים֙ וְאֶת־ הַיְלָדִ֔ים וַיֹּ֖אמֶר מִי־ אֵ֣לֶּה לָּ֑ךְ וַיֹּאמַ֕ר הַיְלָדִ֕ים אֲשֶׁר־ חָנַ֥ן אֱלֹהִ֖ים אֶת־ עַבְדֶּֽךָ ׃,וישא את עיניו וירא את הנשימ ואת הילדימ ויאמר מי אלה לכ ויאמר הילדימ אשר חננ אלהימ את עבדכ,20,וזקף ית עינוהי וחזא ית נשיא וית בניא ואמר מן אלין לך ואמר בניא די חס יי ית עבדך:,19,"καὶ ἀναβλέψας ἴδεν τὰς γυναῖκας καὶ τὰ παιδία, καὶ εἶπεν Τί ταῦτά σοί ἐστιν; ὁ δὲ εἶπεν Τὰ παιδία οἷς ἠλέησεν ὁ θεὸς τὸν παῖδά σου.",26,ܘܐܪܝܡ ܥܣܘ ܥܝܢ̈ܘܗܝ. ܘܚ̣ܙܐ ܢܫ̈ܐ ܘܛ̈ܠܝܐ ܘܐܡ̣ܪ. ܐܝܡܟܐ ܠܟ ܗܠܝܢ ܘܐܡ̣ܪ . ܛ̈ܠܝܐ ܐܢܘܢ ܕܝܗ̣ܒ ܐܠܗܐ ܠܥܒ̣ܕܟ.,17,"E levantando Esaú os olhos, viu as mulheres e os meninos, e perguntou: Quem são estes contigo? Respondeu-lhe Jacó: Os filhos que Deus bondosamente tem dado a teu servo.",29,True,True,True
33,6,Gênesis 33:6,וַתִּגַּ֧שְׁןָ הַשְּׁפָח֛וֹת הֵ֥נָּה וְיַלְדֵיהֶ֖ן וַתִּֽשְׁתַּחֲוֶֽיןָ ׃,ותגשנ השפחות הנה וילדיהנ ותשתחוינ,6,וקריבת לחינתא אנין ובניהן וסגידא:,5,"καὶ προσήγγισαν αἱ παιδίσκαι καὶ τὰ παιδία αὐτῶν, καὶ προσεκύνησαν·",10,ܘܩܪܒ ܐܡܗ̈ܬܐ ܗ̈ܢܝܢ ܘܒ̈ܢܝܗܝܢ ܘܣܓ̣ܕܘ.,5,"Então chegaram-se as servas, elas e seus filhos, e inclinaram-se.",10,True,True,True
33,7,Gênesis 33:7,וַתִּגַּ֧שׁ גַּם־ לֵאָ֛ה וִילָדֶ֖יהָ וַיִּֽשְׁתַּחֲו֑וּ וְאַחַ֗ר נִגַּ֥שׁ יוֹסֵ֛ף וְרָחֵ֖ל וַיִּֽשְׁתַּחֲוֽוּ ׃,ותגש גמ לאה וילדיה וישתחוו ואחר נגש יוספ ורחל וישתחוו,11,וקריבא אף לאה ובנהא וסגידו ובתר כן קריב יוסף ורחל וסגידו:,11,"καὶ προσήγγισεν Λεία καὶ τὰ τέκνα αὐτῆς, καὶ προσεκύνησαν· καὶ μετὰ ταῦτα προσήγγισεν Ῥαχὴλ καὶ Ἰωσήφ, καὶ προσεκύνησαν.",18,ܘܩ̣ܪܒܬ ܐܦ ܠܝܐ ܘܒ̈ܢܝܗ̇ ܘܣܓ̣ܕܘ. ܘܒܬܪܟܢ ܩܪܒܘ ܐܦ ܪܚܝܠ ܘܝܘܣܦ ܘܣܓ̣ܕܘ.,11,"Chegaram-se também Léia e seus filhos, e inclinaram-se; depois chegaram-se José e Raquel e se inclinaram.",16,True,True,True
33,8,Gênesis 33:8,וַיֹּ֕אמֶר מִ֥י לְךָ֛ כָּל־ הַמַּחֲנֶ֥ה הַזֶּ֖ה אֲשֶׁ֣ר פָּגָ֑שְׁתִּי וַיֹּ֕אמֶר לִמְצֹא־ חֵ֖ן בְּעֵינֵ֥י אֲדֹנִֽי ׃,ויאמר מי לכ כל המחנה הזה אשר פגשתי ויאמר למצא חנ בעיני אדני,14,ואמר מן לך כל משריתא הדין די ערעית ואמר לאשכחא רחמין בעיני רבוני:,13,"⸂⸆⸃ καὶ εἶπεν Τί ταῦτά σοί ἐστιν, πᾶσαι αἱ παρεμβολαὶ αὗται αἷς ἀπήντηκα; ὁ δὲ εἶπεν Ἵνα εὕρῃ ὁ παῖς σου χάριν ἐν ὀφθαλμοῖς σου, κύριε.",26,ܘܐܡܪ ܥܣܘ . ܐܝܡܟܐ ܠܟ ܗܕܐ ܟܠܗ̇ ܡܫܪܝܬܐ ܕܦܓܥܬ ܒܝ. ܘܐܡ̣ܪ ܠܗ ܝܥܩܘܒ . ܡܛܠ ܕܐܫ̇ܟܚܬ ܪ̈ܚܡܐ ܒܥܝܢ̈ܝ ܡܪܝ.,19,Perguntou Esaú: Que queres dizer com todo este bando que tenho encontrado? Respondeu Jacó: Para achar graça aos olhos de meu senhor.,22,True,True,True
33,9,Gênesis 33:9,וַיֹּ֥אמֶר עֵשָׂ֖ו יֶשׁ־ לִ֣י רָ֑ב אָחִ֕י יְהִ֥י לְךָ֖ אֲשֶׁר־ לָֽךְ ׃,ויאמר עשו יש לי רב אחי יהי לכ אשר לכ,11,ואמר עשו אית לי סגי אחי אצלח בדילך:,8,"εἶπεν δὲ Ἠσαύ Ἔστιν μοι πολλά, ἀδελφέ· ἔστω σοι τὰ σά.",11,ܘܐܡܪ ܠܗ ܥܣܘ . ܐܝܬ ܠܝ ܘܣ̇ܓܝ ܠܝ. ܐܚܝ ܩܕܐ ܕܝܠܟ.,11,"Mas Esaú disse: Tenho bastante, meu irmão; seja teu o que tens.",12,True,True,True
33,10,Gênesis 33:10,וַיֹּ֣אמֶר יַעֲקֹ֗ב אַל־ נָא֙ אִם־ נָ֨א מָצָ֤אתִי חֵן֙ בְּעֵינֶ֔יךָ וְלָקַחְתָּ֥ מִנְחָתִ֖י מִיָּדִ֑י כִּ֣י עַל־ כֵּ֞ן רָאִ֣יתִי פָנֶ֗יךָ כִּרְאֹ֛ת פְּנֵ֥י אֱלֹהִ֖ים וַתִּרְצֵֽנִי ׃,ויאמר יעקב אל נא אמ נא מצאתי חנ בעיניכ ולקחת מנחתי מידי כי על כנ ראיתי פניכ כראת פני אלהימ ותרצני,22,ואמר יעקב בבעו אם כען אשכחית רחמין בעיניך ותקבל תקרבתי מן ידי ארי על כן חזתנון לאפיך כחיזו אפי רברביא ואתרעית לי:,22,"εἶπεν δὲ Ἰακώβ Εἰ εὕρηκα χάριν ἐναντίον σου, δέξαι τὰ δῶρα διὰ τῶν ἐμῶν χειρῶν· ἕνεκεν τούτου ἴδον τὸ πρόσωπόν σου ὡς ἄν τις ἴδοι πρόσωπον θεοῦ, καὶ εὐδοκήσεις με·",30,ܐܡ̇ܪ ܠܗ ܝܥܩܘܒ. ܐܢ ܐܫ̇ܟܚܬ ܪ̈ܚܡܐ ܒܥܝܢ̈ܝܟ. ܣܒ ܩܘܪܒܢܝ ܡܢ ܐ̈ܝܕܝ. ܡܛܠ ܕܗܫܐ ܚ̇ܙܝܬ ܐ̈ܦܝܟ. ܐܝܟ ܚܙܘܐ ܕܐ̈ܦܝ ܡܠܐܟܐ ܘܐܨܛܒܝܬ ܒܝ.,21,"Replicou-lhe Jacó: Não, mas se agora tenho achado graça aos teus olhos, aceita o presente da minha mão; porquanto tenho visto o teu rosto, como se tivesse visto o rosto de Deus, e tu te agradaste de mim.",38,True,True,True
33,11,Gênesis 33:11,קַח־ נָ֤א אֶת־ בִּרְכָתִי֙ אֲשֶׁ֣ר הֻבָ֣את לָ֔ךְ כִּֽי־ חַנַּ֥נִי אֱלֹהִ֖ים וְכִ֣י יֶשׁ־ לִי־ כֹ֑ל וַיִּפְצַר־ בּ֖וֹ וַיִּקָּֽח ׃,קח נא את ברכתי אשר הבאת לכ כי חנני אלהימ וכי יש לי כל ויפצר בו ויקח,18,קבל כען ית תקרבתי דאתותיאת לך ארי רחים עלי יי וארי אית לי כלא ואתקף ביה וקביל:,17,"λάβε τὰς εὐλογίας μου ἃς ἤνεγκά σοι, ὅτι ἠλέησέν με ὁ θεὸς καὶ ἔστιν μοι πάντα. καὶ ἐβιάσατο αὐτόν, καὶ ἔλαβεν.",21,ܣܒ ܒܘܪܟܬܝ ܕܐܝܬ̇ܝܬ ܠܟ. ܡܛܠ ܕܪܚ̇ܡ ܥܠܝ ܐܠܗܐ. ܘܡܛܠ ܕܐܝܬ ܠܝ ܟܠ. ܘܐܠܨܗ ܘܩ̇ܒܠ.,14,"Aceita, peço-te, o meu presente, que eu te trouxe; porque Deus tem sido bondoso para comigo, e porque tenho de tudo. E insistiu com ele, e ele o aceitou.",29,True,True,True
33,12,Gênesis 33:12,וַיֹּ֖אמֶר נִסְעָ֣ה וְנֵלֵ֑כָה וְאֵלְכָ֖ה לְנֶגְדֶּֽךָ ׃,ויאמר נסעה ונלכה ואלכה לנגדכ,6,ואמר נטל וניהך ואיהך לקבלך:,5,καὶ εἶπεν Ἀπάραντες πορευθῶμεν ἐπ᾽ εὐθεῖαν.,6,ܐܡܪ ܠܗ ܥܣܘ. ܢܫܩܘܠ ܘܢܐܙܠ. ܘܐܙܠ ܠܩܘܒܠܟ.,7,Então Esaú disse: Ponhamo-nos a caminho e vamos; eu irei adiante de ti.,13,True,True,True
33,13,Gênesis 33:13,וַיֹּ֣אמֶר אֵלָ֗יו אֲדֹנִ֤י יֹדֵ֨עַ֙ כִּֽי־ הַיְלָדִ֣ים רַכִּ֔ים וְהַצֹּ֥אן וְהַבָּקָ֖ר עָל֣וֹת עָלָ֑י וּדְפָקוּם֙ י֣וֹם אֶחָ֔ד וָמֵ֖תוּ כָּל־ הַצֹּֽאן ׃,ויאמר אליו אדני ידע כי הילדימ רכימ והצאנ והבקר עלות עלי ודפקומ יומ אחד ומתו כל הצאנ,18,ואמר ליה רבוני ידע ארי ינקיא רכיכין וענא ותורי מינקתא עלי ודחוקנון יומא חד וימותון כל ענא:,17,"εἶπεν δὲ αὐτῷ Ὁ κύριός μου γινώσκει ὅτι τὰ παιδία ἁπαλώτερα, καὶ τὰ πρόβατα καὶ αἱ βόες λοχεύονται ἐπ᾽ ἐμέ· ἐὰν οὖν καταδιώξω αὐτοὺς ἡμέραν μίαν, ἀποθανοῦνται πάντα τὰ κτήνη.",30,ܐܡ̇ܪ ܠܗ ܝܥܩܘܒ. ܡܪܝ ܝܕܥ̇ ܕܛ̈ܠܝܐ ܛܠ̣ܝܢ. ܘܥܢܐ ܘܬܘܪ̈ܐ ܡܝܢܩܢ ܥܠܝ. ܘܐܢ ܪܕܦ̇ ܐܢܐ ܠܗܘܢ ܚܕ ܝܘܡ. ܡܝܬܐ ܟܘܠܗ̇ ܥܢܐ.,20,"Respondeu-lhe Jacó: Meu senhor sabe que estes filhos são tenros, e que tenho comigo ovelhas e vacas de leite; se forem obrigadas a caminhar demais por um só dia, todo o rebanho morrerá.",33,True,True,True
33,14,Gênesis 33:14,יַעֲבָר־ נָ֥א אֲדֹנִ֖י לִפְנֵ֣י עַבְדּ֑וֹ וַאֲנִ֞י אֶֽתְנָהֲלָ֣ה לְאִטִּ֗י לְרֶ֨גֶל הַמְּלָאכָ֤ה אֲשֶׁר־ לְפָנַי֙ וּלְרֶ֣גֶל הַיְלָדִ֔ים עַ֛ד אֲשֶׁר־ אָבֹ֥א אֶל־ אֲדֹנִ֖י שֵׂעִֽירָה ׃,יעבר נא אדני לפני עבדו ואני אתנהלה לאטי לרגל המלאכה אשר לפני ולרגל הילדימ עד אשר אבא אל אדני שעירה,21,יעבר כען רבוני קדם עבדיה ואנא אדבר בניח לרגל עובדתא די קדמי ולרגל ינקיא עד די אעול לות רבוני לשעיר:,20,"προελθάτω ὁ κύριός μου ἔμπροσθεν τοῦ παιδός· ἐγὼ δὲ ἐνισχύσω ἐν τῇ ὁδῷ κατὰ σχολὴν τῆς πορεύσεως τῆς ἐναντίον μου καὶ κατὰ πόδα τῶν παιδαρίων, ἕως τοῦ με ἐλθεῖν πρὸς τὸν κύριόν μου εἰς Σηείρ.",35,ܢܥܒܪ ܡܪܝ ܩܕܡ ܥܒܕܗ. ܘܐܢܐ ܐܗܠܟ ܪܟܝܟܐܝܬ ܠܪܓܠ ܥܒܕܬܐ ܕܩܕܡܝ ܘܠܪܓܠ ܛ̈ܠܝܐ. ܥܕܡܐ ܕܐܬܐ ܠܘܬ ܡܪܝ ܠܣܥܝܪ.,17,"Passe o meu senhor adiante de seu servo; e eu seguirei, conduzindo-os calmamente, conforme o passo do gado que está diante de mim, e conforme o passo dos meninos, até que chegue a meu senhor em Seir.",37,True,True,True
33,15,Gênesis 33:15,וַיֹּ֣אמֶר עֵשָׂ֔ו אַצִּֽיגָה־ נָּ֣א עִמְּךָ֔ מִן־ הָעָ֖ם אֲשֶׁ֣ר אִתִּ֑י וַיֹּ֨אמֶר֙ לָ֣מָּה זֶּ֔ה אֶמְצָא־ חֵ֖ן בְּעֵינֵ֥י אֲדֹנִֽי ׃,ויאמר עשו אציגה נא עמכ מנ העמ אשר אתי ויאמר למה זה אמצא חנ בעיני אדני,17,ואמר עשו אשבוק כען עמך מן עמא דעמי ואמר למא דנן אשכח רחמין בעיני רבוני:,15,"εἶπεν δὲ Ἠσαύ Καταλείψω μετὰ σοῦ ἀπὸ τοῦ λαοῦ τοῦ μετ᾽ ἐμοῦ. ὁ δὲ εἶπεν Ἵνα τί τοῦτο; ἱκανὸν ὅτι εὗρον χάριν ἐναντίον σου, κύριε.",25,ܐܡ̇ܪ ܠܗ ܥܣܘ. ܐܫܒܘܩ ܠܘܬܟ ܡܢ ܥܡܐ ܕܥܡܝ. ܘܐܡ̣ܪ ܝܥܩܘܒ . ܠܡܢܐ ܗ̇ܘܐ ܠܝ ܐܫܟܚ ܪ̈ܚܡܐ ܒܥܝܢ̈ܝ ܡܪܝ.,18,Ao que disse Esaú: Permite ao menos que eu deixe contigo alguns da minha gente. Replicou Jacó: Para que? Basta que eu ache graça aos olhos de meu senhor.,29,True,True,True
33,16,Gênesis 33:16,וַיָּשָׁב֩ בַּיּ֨וֹם הַה֥וּא עֵשָׂ֛ו לְדַרְכּ֖וֹ שֵׂעִֽירָה ׃,וישב ביומ ההוא עשו לדרכו שעירה,7,ותב ביומא ההוא עשו לארחיה לשעיר:,6,ἀπέστρεψεν δὲ Ἠσαὺ ἐν τῇ ἡμέρᾳ ἐκείνῃ εἰς τὴν ὁδὸν αὐτοῦ εἰς Σηείρ.,13,ܘܗ̣ܦܟ ܥܣܘ ܒܝܘܡܐ ܗ̇ܘ ܠܐܘܪܚܗ. ܠܣܥܝܪ.,6,Assim tornou Esaú aquele dia pelo seu caminho em direção a Seir.,12,True,True,True
33,17,Gênesis 33:17,וְיַעֲקֹב֙ נָסַ֣ע סֻכֹּ֔תָה וַיִּ֥בֶן ל֖וֹ בָּ֑יִת וּלְמִקְנֵ֨הוּ֙ עָשָׂ֣ה סֻכֹּ֔ת עַל־ כֵּ֛ן קָרָ֥א שֵׁם־ הַמָּק֖וֹם סֻכּֽוֹת ׃ ס,ויעקב נסע סכתה ויבנ לו בית ולמקנהו עשה סכת על כנ קרא שמ המקומ סכות ס,17,ויעקב נטל לסכות ובנא ליה ביתא ולבעיריה עבד מטלן על כן קרא שמא דאתרא סכות:,15,"καὶ Ἰακὼβ ἀπαίρει εἰς Σκηνάς· καὶ ἐποίησεν αὐτῷ ἐκεῖ οἰκίας, καὶ τοῖς κτήνεσιν αὐτοῦ ἐποίησεν σκηνάς· διὰ τοῦτο ἐκάλεσεν τὸ ὄνομα τοῦ τόπου ἐκείνου Σκηναί.",25,ܘܝܥܩܘܒ ܫܩܠ ܠܣܟܘܬ. ܘܒܢ̣ܐ ܠܗ ܒܝܬܐ. ܘܠܒܥܝܪܗ ܥܒ̣ܕ ܡܛܠܠܐ. ܡܛܠ ܗܢܐ ܩ̣ܪܐ ܫܡܗ ܕܐܬܪܐ ܗ̇ܘ ܣܟܘܬ.,16,"Jacó, porém, partiu para Sucote, e edificou para si uma casa, e fez barracas para o seu gado; por isso o lugar se chama Sucote.",25,True,True,True
33,18,Gênesis 33:18,וַיָּבֹא֩ יַעֲקֹ֨ב שָׁלֵ֜ם עִ֣יר שְׁכֶ֗ם אֲשֶׁר֙ בְּאֶ֣רֶץ כְּנַ֔עַן בְּבֹא֖וֹ מִפַּדַּ֣ן אֲרָ֑ם וַיִּ֖חַן אֶת־ פְּנֵ֥י הָעִֽיר ׃,ויבא יעקב שלמ עיר שכמ אשר בארצ כנענ בבאו מפדנ ארמ ויחנ את פני העיר,16,ואתא יעקב שלים קרתא דשכם די בארעא דכנען במיתיה מפדן דארם ושרא לקבל קרתא:,14,"Καὶ ἦλθεν Ἰακὼβ εἰς Σαλὴμ πόλιν Σικίμων, ἥ ἐστιν ἐν γῇ Χανάαν, ὅτε ἦλθεν ἐκ τῆς Μεσοποταμίας Συρίας· καὶ παρενέβαλεν κατὰ πρόσωπον τῆς πόλεως.",24,ܘܐܬܐ ܝܥܩܘܒ ܠܫܠܝܡ ܩܪܝܬܐ ܕܫܟܝܡ ܕܒܐܪܥܐ ܕܟܢܥܢ. ܟܕ ܐܬܐ ܡܢ ܦܕܢ ܕܐܪܡ ܘܫ̣ܪܐ ܠܩܘܒܠܗ̇ ܕܩܪܝܬܐ.,15,"Depois chegou Jacó em paz à cidade de Siquém, que está na terra de Canaã, quando veio de Padã-Arã; e armou a sua tenda diante da cidade.",27,True,True,True
33,19,Gênesis 33:19,וַיִּ֜קֶן אֶת־ חֶלְקַ֣ת הַשָּׂדֶ֗ה אֲשֶׁ֤ר נָֽטָה־ שָׁם֙ אָהֳל֔וֹ מִיַּ֥ד בְּנֵֽי־ חֲמ֖וֹר אֲבִ֣י שְׁכֶ֑ם בְּמֵאָ֖ה קְשִׂיטָֽה ׃,ויקנ את חלקת השדה אשר נטה שמ אהלו מיד בני חמור אבי שכמ במאה קשיטה,16,וזבן ית אחסנת חקלא די פרס תמן משכניה מידא דבני חמור אבוהי דשכם במאה חורפן:,15,"καὶ ἐκτήσατο τὴν μερίδα τοῦ ἀγροῦ, οὗ ἔστησεν ἐκεῖ τὴν σκηνὴν αὐτοῦ, παρὰ Ἐμμὼρ πατρὸς Συχὲμ ἑκατὸν ἀμνῶν·",18,ܘܙܒܢ ܡܢܬܐ ܕܚܩܠܐ ܡܢ ܒܢ̈ܝ ܚܡܘܪ ܐܒܘܗܝ ܕܫܟܝܡ ܒܡܐܐ ܢܩ̈ܘܢ. ܘܢܩ̣ܫ ܬܡ̇ܢ ܡܫܟܢܗ.,13,"E comprou a parte do campo, em que estendera a sua tenda, dos filhos de Hamor, pai de Siquém, por cem peças de dinheiro.",24,True,True,True
33,20,Gênesis 33:20,וַיַּצֶּב־ שָׁ֖ם מִזְבֵּ֑חַ וַיִּ֨קְרָא־ ל֔וֹ אֵ֖ל אֱלֹהֵ֥י יִשְׂרָאֵֽל ׃ ס,ויצב שמ מזבח ויקרא לו אל אלהי ישראל ס,10,ואקם תמן מדבחא ופלח עלוהי קדם אל אלהא דישראל:,9,καὶ ἔστησεν ἐκεῖ θυσιαστήριον καὶ ἐπεκαλέσατο τὸν θεὸν Ἰσραήλ.,9,ܘܐܩܝܡ ܬܡܢ ܡܕܒܚܐ. ܘܩܪܝܗܝ ܐܝܠ ܐܠܗܐ ܕܐܝܣܪܝܠ.,7,"Então levantou ali um altar, e chamou-lhe o El-Eloé-Israel.",9,True,True,True
34,1,Gênesis 34:1,וַתֵּצֵ֤א דִינָה֙ בַּת־ לֵאָ֔ה אֲשֶׁ֥ר יָלְדָ֖ה לְיַעֲקֹ֑ב לִרְא֖וֹת בִּבְנ֥וֹת הָאָֽרֶץ ׃,ותצא דינה בת לאה אשר ילדה ליעקב לראות בבנות הארצ,11,ונפקת דינה בת לאה די ילידת ליעקב למחזי בבנת ארעא:,10,"Ἐξῆλθεν δὲ Δείνα ἡ θυγάτηρ Λείας, ἣν ἔτεκεν τῷ Ἰακώβ, καταμαθεῖν τὰς θυγατέρας τῶν ἐνχωρίων.",15,ܘܢܦܩ̣ܬ ܕܝܢ̣ܐ ܒܪܬ ܠܝܐ. ܕܐܬܝ̣ܠܕܬ ܠܝܥܩܘܒ ܠܡܚܙܐ ܒܢ̈ܬ ܐܬܪܐ.,9,"Diná, filha de Léia, que esta tivera de Jacó, saiu para ver as filhas da terra.",16,True,True,True
34,2,Gênesis 34:2,וַיַּ֨רְא אֹתָ֜הּ שְׁכֶ֧ם בֶּן־ חֲמ֛וֹר הַֽחִוִּ֖י נְשִׂ֣יא הָאָ֑רֶץ וַיִּקַּ֥ח אֹתָ֛הּ וַיִּשְׁכַּ֥ב אֹתָ֖הּ וַיְעַנֶּֽהָ ׃,וירא אתה שכמ בנ חמור החוי נשיא הארצ ויקח אתה וישכב אתה ויענה,14,וחזא יתה שכם בר חמור חיואה רבא דארעא ודבר יתה ושכיב יתה ועניה:,13,"καὶ ἴδεν αὐτὴν Συχὲμ ὁ υἱὸς Ἐμμὼρ ὁ Χορραῖος, ὁ ἄρχων τῆς γῆς· καὶ λαβὼν αὐτὴν ἐκοιμήθη μετ᾽ αὐτῆς, καὶ ἐταπείνωσεν αὐτήν.",22,ܘܚܙܗ̇ ܫܟܝܡ ܒܪ ܚܡܘܪ ܚܘܝܐ ܪܒܐ ܕܐܪܥܐ. ܘܕܒܪܗ̇ ܘܕܡ̣ܟ ܥܡܗ̇ ܘܨܥܪܗ̇.,11,"Viu-a Siquém, filho de Hamor o heveu, príncipe da terra; e, tomando-a, deitou-se com ela e humilhou-a.",17,True,True,True
34,3,Gênesis 34:3,וַתִּדְבַּ֣ק נַפְשׁ֔וֹ בְּדִינָ֖ה בַּֽת־ יַעֲקֹ֑ב וַיֶּֽאֱהַב֙ אֶת־ הַֽנַּעֲרָ֔ וַיְדַבֵּ֖ר עַל־ לֵ֥ב הַֽנַּעֲרָֽ ׃,ותדבק נפשו בדינה בת יעקב ויאהב את הנער וידבר על לב הנער,13,ואתרעיאת נפשיה בדינה בת יעקב ורחים ית עולמתא ומליל על לבא דעולמתא:,12,"καὶ προσέσχεν τῇ ψυχῇ Δείνας τῆς θυγατρὸς Ἰακώβ, καὶ ἠγάπησεν τὴν παρθένον, καὶ ἐλάλησεν κατὰ τὴν διάνοιαν τῆς παρθένου αὐτῇ.",20,ܘܢܦ̣ܩܬ ܢܦܫܗ ܒܬܪ ܕܝܢ̣ܐ ܒܪܬ ܝܥܩܘܒ. ܘܪܚܡܗ̇ ܠܛܠܝܬܐ. ܘܡܠ̣ܐ ܒܠܒܗ̇ ܕܛܠܝܬܐ.,11,"Assim se apegou a sua alma a Diná, filha de Jacó, e, amando a donzela, falou-lhe afetuosamente.",17,True,True,True
34,4,Gênesis 34:4,וַיֹּ֣אמֶר שְׁכֶ֔ם אֶל־ חֲמ֥וֹר אָבִ֖יו לֵאמֹ֑ר קַֽח־ לִ֛י אֶת־ הַיַּלְדָּ֥ה הַזֹּ֖את לְאִשָּֽׁה ׃,ויאמר שכמ אל חמור אביו לאמר קח לי את הילדה הזאת לאשה,13,ואמר שכם לחמור אבוהי למימר סב לי ית עולמתא הדא לאנתו:,11,εἶπεν δὲ Συχὲμ πρὸς Ἐμμὼρ τὸν πατέρα αὐτοῦ λέγων Λάβε μοι τὴν παιδίσκην ταύτην εἰς γυναῖκα.,16,ܘܐܡ̣ܪ ܫܟܝܡ ܠܚܡܘܪ ܐܒܘܗܝ. ܣܒ ܠܝ ܛܠܝܬܐ ܗܕܐ ܐܢܬܬܐ.,9,Então disse Siquém a Hamor seu pai: Consegue-me esta donzela por mulher.,12,True,True,True
34,5,Gênesis 34:5,וְיַעֲקֹ֣ב שָׁמַ֗ע כִּ֤י טִמֵּא֙ אֶת־ דִּינָ֣ה בִתּ֔וֹ וּבָנָ֛יו הָי֥וּ אֶת־ מִקְנֵ֖הוּ בַּשָּׂדֶ֑ה וְהֶחֱרִ֥שׁ יַעֲקֹ֖ב עַד־ בֹּאָֽם ׃,ויעקב שמע כי טמא את דינה בתו ובניו היו את מקנהו בשדה והחרש יעקב עד באמ,17,ויעקב שמע ארי סאיב ית דינה ברתיה ובנוהי הוו עם גיתוהי בחקלא ושתיק יעקב עד מיתיהון:,16,Ἰακὼβ δὲ ἤκουσεν ὅτι ἐμίανεν ὁ υἱὸς Ἐμμὼρ Δείναν τὴν θυγατέρα αὐτοῦ· οἱ δὲ υἱοὶ αὐτοῦ ἦσαν μετὰ τῶν κτηνῶν αὐτοῦ ἐν τῷ πεδίῳ· παρεσιώπησεν δὲ Ἰακὼβ ἕως τοῦ ἐλθεῖν αὐτούς.,31,ܘܝܥܩܘܒ ܫܡ̣ܥ ܕܛ̇ܡܐܘ ܠܕܝܢ̣ܐ ܒܪܬܗ. ܘܒܢ̈ܘܗܝ ܥܡ ܒܥܝܪ̈ܐ ܗܘܘ ܒܚܩܠܐ. ܘܫܬ̣ܩ ܝܥܩܘܒ ܥܕܡܐ ܕܐܬܘ.,14,"Ora, Jacó ouviu que Siquém havia contaminado a Diná sua filha. Entretanto, estando seus filhos no campo com o gado, calou-se Jacó até que viessem.",25,True,True,True
34,6,Gênesis 34:6,וַיֵּצֵ֛א חֲמ֥וֹר אֲבִֽי־ שְׁכֶ֖ם אֶֽל־ יַעֲקֹ֑ב לְדַבֵּ֖ר אִתּֽוֹ ׃,ויצא חמור אבי שכמ אל יעקב לדבר אתו,9,ונפק חמור אבוהי דשכם לות יעקב למללא עמיה:,8,ἐξῆλθεν δὲ Ἐμμὼρ ὁ πατὴρ Συχὲμ πρὸς Ἰακὼβ λαλῆσαι αὐτῷ.,10,ܘܢܦ̣ܩ ܚܡܘܪ ܐܒܘܗܝ ܕܫܟܝܡ ܠܘܬ ܝܥܩܘܒ ܠܡܡܠܠܘ ܥܡܗ.,8,"Hamor, pai de Siquém, saiu a fim de falar com Jacó.",11,True,True,True
34,7,Gênesis 34:7,וּבְנֵ֨י יַעֲקֹ֜ב בָּ֤אוּ מִן־ הַשָּׂדֶה֙ כְּשָׁמְעָ֔ם וַיִּֽתְעַצְּבוּ֙ הָֽאֲנָשִׁ֔ים וַיִּ֥חַר לָהֶ֖ם מְאֹ֑ד כִּֽי־ נְבָלָ֞ה עָשָׂ֣ה בְיִשְׂרָאֵ֗ל לִשְׁכַּב֙ אֶת־ בַּֽת־ יַעֲקֹ֔ב וְכֵ֖ן לֹ֥א יֵעָשֶֽׂה ׃,ובני יעקב באו מנ השדה כשמעמ ויתעצבו האנשימ ויחר להמ מאד כי נבלה עשה בישראל לשכב את בת יעקב וכנ לא יעשה,23,ובני יעקב עלו מן חקלא כד שמעו ואתנסיסו גבריא ותקיף להון לחדא ארי קלנא עבד בישראל למשכב עם בת יעקב וכן לא כשר לאתעבדא:,24,"οἱ δὲ υἱοὶ Ἰακὼβ ἦλθον ἐκ τοῦ πεδίου· ὡς δὲ ἤκουσαν, κατενύχθησαν οἱ ἄνδρες, καὶ λυπηρὸν ἦν αὐτοῖς σφόδρα, ὅτι ἄσχημον ἐποίησεν Συχὲμ ἐν Ἰσραήλ, κοιμηθεὶς μετὰ τῆς θυγατρὸς Ἰακώβ· καὶ οὐχ οὕτως ἔσται.",34,ܘܒ̈ܢܝ ܝܥܩܘܒ ܐܬܘ ܡܢ ܚܩܠܐ. ܘܟܕ ܫܡܥܘ ܟ̣ܪܝܬ ܠܗܘܢ ܠܓܒܪ̈ܐ. ܘܐܬܐܒܫ ܠܗܘܢ ܛܒ. ܡܛܠ ܕܥܒܕܘ ܛܡܐܘܬܐ ܒܐܝܣܪܝܠ ܘܨܥܪܘ ܠܒܪܬ ܝܥܩܘܒ. ܘܗܟܢܐ ܠܐ ܡܬܥܒܕ.,23,"Os filhos de Jacó, pois, vieram do campo logo que souberam do caso; e entristeceram-se e iraram-se muito, porque Siquém havia cometido uma insensatez em Israel, deitando-se com a filha de Jacó, coisa que não se devia fazer.",38,True,True,True
34,8,Gênesis 34:8,וַיְדַבֵּ֥ר חֲמ֖וֹר אִתָּ֣ם לֵאמֹ֑ר שְׁכֶ֣ם בְּנִ֗י חָֽשְׁקָ֤ה נַפְשׁוֹ֙ בְּבִתְּכֶ֔ם תְּנ֨וּ נָ֥א אֹתָ֛הּ ל֖וֹ לְאִשָּֽׁה ׃,וידבר חמור אתמ לאמר שכמ בני חשקה נפשו בבתכמ תנו נא אתה לו לאשה,15,ומליל חמור עמהון למימר שכם ברי אתרעיאת נפשיה בברתכון הבו כען יתה ליה לאנתו:,14,καὶ ἐλάλησεν αὐτοῖς Ἐμμὼρ λέγων Συχὲμ ὁ υἱός μου προείλατο τῇ ψυχῇ τὴν θυγατέρα ὑμῶν· δότε οὖν αὐτὴν αὐτῷ γυναῖκα.,20,ܘܡܠܠ ܚܡܘܪ ܥܡܗܘܢ ܘܐܡ̣ܪ ܠܗܘܢ . ܫܟܝܡ ܒܪܝ ܨܒܬ ܢܦܫܗ ܒܒܪܬܟܘܢ. ܗܒܘܗ̇ ܠܗ ܐܢܬܬܐ.,14,"Então falou Hamor com eles, dizendo: A alma de meu filho Siquém afeiçoou-se fortemente a vossa filha; dai-lha, peço-vos, por mulher.",21,True,True,True
34,9,Gênesis 34:9,וְהִֽתְחַתְּנ֖וּ אֹתָ֑נוּ בְּנֹֽתֵיכֶם֙ תִּתְּנוּ־ לָ֔נוּ וְאֶת־ בְּנֹתֵ֖ינוּ תִּקְח֥וּ לָכֶֽם ׃,והתחתנו אתנו בנתיכמ תתנו לנו ואת בנתינו תקחו לכמ,10,ותתחתנון בנא בנתיכון תתנון לנא וית בנתנא תסבון לכון:,9,"ἐπιγαμβρεύσατε ἡμῖν· τὰς θυγατέρας ὑμῶν δότε ἡμῖν, καὶ τὰς θυγατέρας ἡμῶν λάβετε τοῖς υἱοῖς ὑμῶν.",15,ܘܐܬܚܬܢܘ ܥܡܢ. ܒܢ̈ܬܟܘܢ ܗܒܘ ܠܢ. ܘܒܢܬ̈ܢ ܣܒܘ ܠܟܘܢ.,8,Também aparentai-vos conosco; dai-nos as vossas filhas e recebei as nossas.,11,True,True,True
34,10,Gênesis 34:10,וְאִתָּ֖נוּ תֵּשֵׁ֑בוּ וְהָאָ֨רֶץ֙ תִּהְיֶ֣ה לִפְנֵיכֶ֔ם שְׁבוּ֙ וּסְחָר֔וּהָ וְהֵֽאָחֲז֖וּ בָּֽהּ ׃,ואתנו תשבו והארצ תהיה לפניכמ שבו וסחרוה והאחזו בה,10,ועמנא תתבון וארעא תהי קדמיכון תיבו ועבידו בה סחורתא ואחסינו בה:,11,"καὶ ἐν ἡμῖν κατοικεῖτε, καὶ ἰδοὺ ἡ γῆ πλατεῖα ἐναντίον ὑμῶν· κατοικεῖτε καὶ ἐμπορεύεσθε ἐπ᾽ αὐτῆς καὶ ἐνκτᾶσθε ἐν αὐτῇ.",20,ܘܥܡܢ ܬܒܘ. ܘܐܪܥܐ ܗܐ ܩܕܡܝܟܘܢ. ܬܒܘ ܘܐܬܬܓܪܘ ܘܝܪܬܘ ܒܗ̇.,9,"Assim habitareis conosco; a terra estará diante de vós; habitai e negociai nela, e nela adquiri propriedades.",17,True,True,True
34,11,Gênesis 34:11,וַיֹּ֤אמֶר שְׁכֶם֙ אֶל־ אָבִ֣יה וְאֶל־ אַחֶ֔יהָ אֶמְצָא־ חֵ֖ן בְּעֵינֵיכֶ֑ם וַאֲשֶׁ֥ר תֹּאמְר֛וּ אֵלַ֖י אֶתֵּֽן ׃,ויאמר שכמ אל אביה ואל אחיה אמצא חנ בעיניכמ ואשר תאמרו אלי אתנ,14,ואמר שכם לאבוהא ולאחהא אשכח רחמין בעיניכון ודי תימרון לי אתן:,11,"εἶπεν δὲ Συχὲμ πρὸς τὸν πατέρα αὐτῆς καὶ πρὸς τοὺς ἀδελφοὺς αὐτῆς Εὕροιμι χάριν ἐναντίον ὑμῶν, καὶ ὃ ἐὰν εἴπητε ἡμῖν δώσομεν.",22,ܘܐܡ̣ܪ ܫܟܝܡ ܠܐܒܘܗ̇ ܘܠܐܚ̈ܝܗ̇. ܐܫܟܚ ܪ̈ܚܡܐ ܒܥܝܢ̈ܝܟܘܢ. ܘܟܠ ܕܬܐܡܪܘܢ ܠܝ ܐܬܠ.,11,"Depois disse Siquém ao pai e aos irmãos dela: Ache eu graça aos vossos olhos, e darei o que me disserdes;",21,True,True,True
34,12,Gênesis 34:12,הַרְבּ֨וּ עָלַ֤י מְאֹד֙ מֹ֣הַר וּמַתָּ֔ן וְאֶ֨תְּנָ֔ה כַּאֲשֶׁ֥ר תֹּאמְר֖וּ אֵלָ֑י וּתְנוּ־ לִ֥י אֶת־ הַֽנַּעֲרָ֖ לְאִשָּֽׁה ׃,הרבו עלי מאד מהר ומתנ ואתנה כאשר תאמרו אלי ותנו לי את הנער לאשה,15,אסגו עלי לחדא מוהרין ומתנן ואתן כמא די תימרון לי והבו לי ית עולמתא לאנתו:,15,"πληθύνατε τὴν φερνὴν σφόδρα, καὶ δώσω καθότι ἂν εἴπητέ μοι, καὶ δώσετέ μοι τὴν παῖδα ταύτην εἰς γυναῖκα.",18,ܐܣܓܘ ܥܠܝ ܛܒ ܡܗܪܐ ܘܡܘܗ̈ܒܬܐ. ܘܐܬܠ ܐܝܟܢܐ ܕܬܐܡܪܘܢ ܠܝ. ܘܗܒܘ ܠܝ ܛܠܝܬܐ ܗܕܐ ܐܢܬܬܐ.,14,"exigi de mim o que quiserdes em dote e presentes, e darei o que me pedirdes; somente dai-me a donzela por mulher.",22,True,True,True
34,13,Gênesis 34:13,וַיַּעֲנ֨וּ בְנֵֽי־ יַעֲקֹ֜ב אֶת־ שְׁכֶ֨ם וְאֶת־ חֲמ֥וֹר אָבִ֛יו בְּמִרְמָ֖ה וַיְדַבֵּ֑רוּ אֲשֶׁ֣ר טִמֵּ֔א אֵ֖ת דִּינָ֥ה אֲחֹתָֽם ׃,ויענו בני יעקב את שכמ ואת חמור אביו במרמה וידברו אשר טמא את דינה אחתמ,16,ואתיבו בני יעקב ית שכם וית חמור אבוהי בחכמתא ומלילו די סאב ית דינה אחתהון:,15,"ἀπεκρίθησαν δὲ οἱ υἱοὶ Ἰακὼβ τῷ Συχὲμ καὶ Ἐμμὼρ τῷ πατρὶ αὐτοῦ μετὰ δόλου, καὶ ἐλάλησαν αὐτοῖς, ὅτι ἐμίαναν Δείναν τὴν ἀδελφὴν αὐτῶν.",23,ܘܥܢܘ ܒܢ̈ܝ ܝܥܩܘܒ ܠܫܟܝܡ ܘܠܚܡܘܪ ܐܒܘܗܝ. ܘܐܡܪܘ ܠܗ ܒܢܟܠܐ. ܥܠ ܕܛܡܐܘ ܠܕܝܢ̣ܐ ܚܬܗܘܢ.,13,"Então os filhos de Jacó, respondendo, falaram enganosamente a Siquém e a Hamor, seu pai, porque Siquém havia contaminado a Diná, sua irmã,",23,True,True,True
34,14,Gênesis 34:14,וַיֹּאמְר֣וּ אֲלֵיהֶ֗ם לֹ֤א נוּכַל֙ לַעֲשׂוֹת֙ הַדָּבָ֣ר הַזֶּ֔ה לָתֵת֙ אֶת־ אֲחֹתֵ֔נוּ לְאִ֖ישׁ אֲשֶׁר־ ל֣וֹ עָרְלָ֑ה כִּֽי־ חֶרְפָּ֥ה הִ֖וא לָֽנוּ ׃,ויאמרו אליהמ לא נוכל לעשות הדבר הזה לתת את אחתנו לאיש אשר לו ערלה כי חרפה הוא לנו,19,ואמרו להון לא נכול למעבד פתגמא הדין למתן ית אחתנא לגבר די ליה ערלתא ארי חסודא היא לנא:,18,"καὶ εἶπαν αὐτοῖς Συμεὼν καὶ Λευὶ οἱ ἀδελφοὶ Δείνας υἱοὶ δὲ Λείας Οὐ δυνησόμεθα ποιῆσαι τοῦτο, δοῦναι τὴν ἀδελφὴν ἡμῶν ἀνθρώπῳ ὃς ἔχει ἀκροβυστίαν· ἔστιν γὰρ ὄνειδος ἡμῖν.",28,ܘܐܡܪܘ ܠܐ ܡܫܟܚܝܢܢ ܠܡܥܒܕ ܦܬܓܡܐ ܗܢܐ. ܠܡܬܠ ܚܬܢ ܠܓܒܪܐ ܕܐܝܬ ܠܗ ܥܘܪܠܘܬܐ. ܡܛܠ ܕܚܣܕܐ ܗܘ ܠܢ.,16,"e lhes disseram: Não podemos fazer p isto, dar a nossa irmã a um homem incircunciso; porque isso seria uma vergonha para nós.",23,True,True,True
34,15,Gênesis 34:15,אַךְ־ בְּזֹ֖את נֵא֣וֹת לָכֶ֑ם אִ֚ם תִּהְי֣וּ כָמֹ֔נוּ לְהִמֹּ֥ל לָכֶ֖ם כָּל־ זָכָֽר ׃,אכ בזאת נאות לכמ אמ תהיו כמנו להמל לכמ כל זכר,12,ברם בדא נתפס לכון אם תהוון כותנא למגזר לכון כל דכורא:,11,"ἐν τούτῳ ὁμοιωθησόμεθα ὑμῖν καὶ κατοικήσωμεν ἐν ὑμῖν, ἐὰν γένησθε ὡς ἡμεῖς καὶ ὑμεῖς ἐν τῷ περιτμηθῆναι ὑμῶν πᾶν ἀρσενικόν·",20,ܒܪܡ ܒܗܕܐ ܢܬ̣ܛܦܝܣ ܠܟܘܢ. ܐܢܗ̣ܘ ܕܬܗܘܘܢ ܐܟܘܬܢ. ܘܬܓܙܪܘܢ ܟܠ ܕܟܪܐ ܐܝܟܢܐ ܕܚܢܢ ܓܙܝܪ̈ܝܢ .,14,"Sob esta única condição consentiremos; se vos tornardes como nós, circuncidando-se todo varão entre vós;",15,True,True,True
34,16,Gênesis 34:16,וְנָתַ֤נּוּ אֶת־ בְּנֹתֵ֨ינוּ֙ לָכֶ֔ם וְאֶת־ בְּנֹתֵיכֶ֖ם נִֽקַּֽח־ לָ֑נוּ וְיָשַׁ֣בְנוּ אִתְּכֶ֔ם וְהָיִ֖ינוּ לְעַ֥ם אֶחָֽד ׃,ונתנו את בנתינו לכמ ואת בנתיכמ נקח לנו וישבנו אתכמ והיינו לעמ אחד,14,ונתן ית בנתנא לכון וית בנתיכון נסב לנא ונתוב עמכון ונהי לעמא חד:,13,"καὶ δώσομεν τὰς θυγατέρας ἡμῶν ὑμῖν, καὶ ἀπὸ τῶν θυγατέρων ὑμῶν λημψόμεθα ἡμῖν γυναῖκας· καὶ οἰκήσωμεν παρ᾽ ὑμῖν, καὶ ἐσόμεθα ὡς γένος ἕν.",23,ܢܬܠ ܠܟܘܢ ܒܢ̈ܬܢ. ܘܒܢ̈ܬܟܘܢ ܢܣܒ ܠܢ. ܘܢܬܒ ܥܡܟܘܢ ܘܢܗܘܐ ܥܡܐ ܚܕ.,11,"então vos daremos nossas filhas a vós, e receberemos vossas filhas para nós; assim habitaremos convosco e nos tornaremos um só povo.",22,True,True,True
34,17,Gênesis 34:17,וְאִם־ לֹ֧א תִשְׁמְע֛וּ אֵלֵ֖ינוּ לְהִמּ֑וֹל וְלָקַ֥חְנוּ אֶת־ בִּתֵּ֖נוּ וְהָלָֽכְנוּ ׃,ואמ לא תשמעו אלינו להמול ולקחנו את בתנו והלכנו,10,ואם לא תקבלון מננא למגזר ונדבר ית ברתנא ונזיל:,9,"ἐὰν δὲ μὴ εἰσακούσητε ἡμῶν τοῦ περιτέμνεσθαι, λαβόντες τὰς θυγατέρας ἡμῶν ἀπελευσόμεθα.",12,ܘܐܢ ܠܐ ܬܫܡܥܘܢܢ ܠܡܓܙܪ. ܢܕܒ̣ܪ ܒܪܬܢ ܘܢܐܙܠ.,7,"Mas se não nos ouvirdes, e não vos circuncidardes, levaremos nossa filha e nos iremos embora.",16,True,True,True
34,18,Gênesis 34:18,וַיִּֽיטְב֥וּ דִבְרֵיהֶ֖ם בְּעֵינֵ֣י חֲמ֑וֹר וּבְעֵינֵ֖י שְׁכֶ֥ם בֶּן־ חֲמֽוֹר ׃,וייטבו דבריהמ בעיני חמור ובעיני שכמ בנ חמור,9,ושפרו פתגמיהון בעיני חמור ובעיני שכם בר חמור:,8,καὶ ἤρεσαν οἱ λόγοι ἐναντίον Ἐμμὼρ καὶ ἐναντίον Συχὲμ τοῦ υἱοῦ Ἐμμώρ.,12,ܘܫ̣ܦܪ ܡ̈ܠܝܗܘܢ ܒܥܝܢ̈ܝ ܚܡܘܪ ܘܒܥܝ̈ܢܝ ܫܟܝܡ ܒܪܗ.,7,"E suas palavras agradaram a Hamor e a Siquém, seu filho.",11,True,True,True
34,19,Gênesis 34:19,וְלֹֽא־ אֵחַ֤ר הַנַּ֨עַר֙ לַעֲשׂ֣וֹת הַדָּבָ֔ר כִּ֥י חָפֵ֖ץ בְּבַֽת־ יַעֲקֹ֑ב וְה֣וּא נִכְבָּ֔ד מִכֹּ֖ל בֵּ֥ית אָבִֽיו ׃,ולא אחר הנער לעשות הדבר כי חפצ בבת יעקב והוא נכבד מכל בית אביו,15,ולא אוחר עולימא למעבד פתגמא ארי אתרעי בבת יעקב והוא יקיר מכל בית אבוהי:,14,καὶ οὐκ ἐχρόνισεν ὁ νεανίσκος τοῦ ποιῆσαι τὸ ῥῆμα τοῦτο· ἐνέκειτο γὰρ τῇ θυγατρὶ Ἰακώβ· αὐτὸς δὲ ἦν ἐνδοξότατος πάντων τῶν ἐν τῷ οἴκῳ τοῦ πατρὸς αὐτοῦ.,27,ܘܠܐ ܫܘܚܪ ܛܠܝܐ ܠܡܥܒܕܗ̇ ܠܥܒܝܕܬܐ . ܡܛܘܠ ܕܐܨܛܒܝ ܗܘܐ ܒܒܪܬ ܝܥܩܘܒ. ܘܗ̣ܘ ܝܩܝܪ ܗܘܐ ܡܢ ܟܘܠܗ ܒܝܬ ܐܒܘܗܝ.,18,"Não tardou, pois, o mancebo em fazer isso, porque se agradava da filha de Jacó. Era ele o mais honrado de toda a casa de seu pai.",27,True,True,True
34,20,Gênesis 34:20,וַיָּבֹ֥א חֲמ֛וֹר וּשְׁכֶ֥ם בְּנ֖וֹ אֶל־ שַׁ֣עַר עִירָ֑ם וַֽיְדַבְּר֛וּ אֶל־ אַנְשֵׁ֥י עִירָ֖ם לֵאמֹֽר ׃,ויבא חמור ושכמ בנו אל שער עירמ וידברו אל אנשי עירמ לאמר,13,ואתא חמור ושכם בריה לתרע קרתהון ומלילו עם אנשי קרתהון למימר:,11,"ἦλθεν δὲ Ἐμμὼρ καὶ Συχὲμ ὁ υἱὸς αὐτοῦ πρὸς τὴν πύλην τῆς πόλεως αὐτῶν, καὶ ἐλάλησαν πρὸς τοὺς ἄνδρας τῆς πόλεως αὐτῶν λέγοντες",23,ܘܐܬܐ ܚܡܘܪ ܘܫܟܝܡ ܒܪܗ ܠܬܪܥܐ ܕܩܪܝܬܗܘܢ. ܘܡܠܠܘ ܥܡ ܐܢܫ̈ܐ ܕܩܪܝܬܗܘܢ. ܘܐܡܪܘ ܠܗܘܢ.,12,"Vieram, pois, Hamor e Siquém, seu filho, à porta da sua cidade, e falaram aos homens da cidade, dizendo:",19,True,True,True
34,21,Gênesis 34:21,הָאֲנָשִׁ֨ים הָאֵ֜לֶּה שְֽׁלֵמִ֧ים הֵ֣ם אִתָּ֗נוּ וְיֵשְׁב֤וּ בָאָ֨רֶץ֙ וְיִסְחֲר֣וּ אֹתָ֔הּ וְהָאָ֛רֶץ הִנֵּ֥ה רַֽחֲבַת־ יָדַ֖יִם לִפְנֵיהֶ֑ם אֶת־ בְּנֹתָם֙ נִקַּֽח־ לָ֣נוּ לְנָשִׁ֔ים וְאֶת־ בְּנֹתֵ֖ינוּ נִתֵּ֥ן לָהֶֽם ׃,האנשימ האלה שלמימ המ אתנו וישבו בארצ ויסחרו אתה והארצ הנה רחבת ידימ לפניהמ את בנתמ נקח לנו לנשימ ואת בנתינו נתנ להמ,24,גבריא האלין שלמין אנון עמנא ויתיבון בארעא ויעבדון בה סחורתא וארעא הא פתיות ידין קדמיהון ית בנתיהון נסב לנא לנשין וית בנתנא נתן להון:,24,"Οἱ ἄνθρωποι οὗτοι εἰρηνικοί εἰσιν μεθ᾽ ἡμῶν· οἰκείτωσαν ἐπὶ τῆς γῆς καὶ ἐμπορευέσθωσαν αὐτήν, ἡ δὲ γῆ ἰδοὺ πλατεῖα ἐναντίον αὐτῶν· τὰς θυγατέρας αὐτῶν λημψόμεθα ἡμῖν γυναῖκας, καὶ τὰς θυγατέρας ἡμῶν δώσομεν αὐτοῖς.",33,ܓܒܪ̈ܐ ܗܠܝܢ ܫܠܡܝܢ ܐܢܘܢ ܥܡܢ. ܢܬܒܘܢ ܒܐܪܥܐ ܘܢܬܬܓܪܘܢ ܒܗ̇. ܘܐܪܥܐ ܗܐ ܪܘܚܬܐ ܕܐ̈ܝܕܝܐ ܩܕܡܝܗܘܢ. ܒܢ̈ܬܗܘܢ ܢܣܒ ܠܢ ܢܫ̈ܐ. ܘܒܢ̈ܬܢ ܢܬܠ ܠܗܘܢ.,21,"Estes homens são pacíficos para conosco; portanto habitem na terra e negociem nela, pois é bastante espaçosa para eles. Recebamos por mulheres as suas filhas, e lhes demos as nossas.",30,True,True,True
34,22,Gênesis 34:22,אַךְ־ בְּ֠זֹאת יֵאֹ֨תוּ לָ֤נוּ הָאֲנָשִׁים֙ לָשֶׁ֣בֶת אִתָּ֔נוּ לִהְי֖וֹת לְעַ֣ם אֶחָ֑ד בְּהִמּ֥וֹל לָ֨נוּ֙ כָּל־ זָכָ֔ר כַּאֲשֶׁ֖ר הֵ֥ם נִמֹּלִֽים ׃,אכ בזאת יאתו לנו האנשימ לשבת אתנו להיות לעמ אחד בהמול לנו כל זכר כאשר המ נמלימ,18,ברם בדא יתפסון לנא גובריא למתב עמנא למהוי לעמא חד למגזר לנא כל דכורא כמא די אנון גזירין:,18,"μόνον ἐν τούτῳ ὁμοιωθήσονται ἡμῖν οἱ ἄνθρωποι τοῦ κατοικεῖν μεθ᾽ ἡμῶν ὥστε εἶναι λαὸν ἕνα, ἐν τῷ περιτέμνεσθαι ἡμῶν πᾶν ἀρσενικόν, καθὰ καὶ αὐτοὶ περιτέτμηνται.",25,ܒܪܡ ܒܗܕܐ ܡܬܛܦܝܣܝܢ ܠܢ ܓܒܪ̈ܐ ܕܢܬܒܘܢ ܥܡܢ. ܘܢܗܘܐ ܥܡܐ ܚܕ ܡܐ ܕܓܙܪܢ ܟܠ ܕܟܪܐ ܐܝܟܢܐ ܕܗ̣ܢܘܢ ܓܙܝܪ̈ܝܢ.,17,"Mas sob uma única condição é que consentirão aqueles homens em habitar conosco para nos tornarmos um só povo: se todo varão entre nós se circuncidar, como eles são circuncidados.",30,True,True,True
34,23,Gênesis 34:23,מִקְנֵהֶ֤ם וְקִנְיָנָם֙ וְכָל־ בְּהֶמְתָּ֔ם הֲל֥וֹא לָ֖נוּ הֵ֑ם אַ֚ךְ נֵא֣וֹתָה לָהֶ֔ם וְיֵשְׁב֖וּ אִתָּֽנוּ ׃,מקנהמ וקנינמ וכל בהמתמ הלוא לנו המ אכ נאותה להמ וישבו אתנו,13,גיתיהון וקנינהון וכל בעירהון הלא דילנא אנון ברם נתפס להון ויתיבון עמנא:,12,"καὶ τὰ κτήνη αὐτῶν καὶ τὰ ὑπάρχοντα καὶ τὰ τετράποδα αὐτῶν οὐχ ἡμῶν ἔσται; μόνον ἐν τούτῳ ὁμοιωθῶμεν αὐτοῖς, καὶ οἰκήσουσιν μεθ᾽ ἡμῶν.",23,ܢܟܣ̈ܝܗܘܢ ܘܩܢܝܢܗܘܢ ܘܟܠܗ̇ ܒܥܝܪܗܘܢ. ܗܐ ܕܝܠܢ ܐܢܘܢ. ܒܪܡ ܢܬܛܦܝܣ ܠܗܘܢ ܘܢܬܒܘܢ ܥܡܢ.,12,"O seu gado, as suas aquisições, e todos os seus animais, não serão nossos? consintamos somente com eles, e habitarão conosco.",21,True,True,True
34,24,Gênesis 34:24,וַיִּשְׁמְע֤וּ אֶל־ חֲמוֹר֙ וְאֶל־ שְׁכֶ֣ם בְּנ֔וֹ כָּל־ יֹצְאֵ֖י שַׁ֣עַר עִיר֑וֹ וַיִּמֹּ֨לוּ֙ כָּל־ זָכָ֔ר כָּל־ יֹצְאֵ֖י שַׁ֥עַר עִירֽוֹ ׃,וישמעו אל חמור ואל שכמ בנו כל יצאי שער עירו וימלו כל זכר כל יצאי שער עירו,18,וקבילו מן חמור ומן שכם בריה כל נפקי תרע קרתיה וגזרו כל דכורא כל נפקי תרע קרתיה:,17,"καὶ εἰσήκουσαν Ἐμμὼρ καὶ Συχὲμ τοῦ υἱοῦ αὐτοῦ πάντες οἱ ἐκπορευόμενοι τὴν πύλην τῆς πόλεως αὐτῶν, καὶ περιετέμοντο τὴν σάρκα τῆς ἀκροβυστίας αὐτῶν πᾶς ἄρσην.",25,ܘܫܡܥܘ ܡܢ ܫܟܝܡ . ܘܡܢ ܚܡܘܪ ܐܒܘܗܝ ܟܠ ܢܦܩ̈ܝ ܬܪܥܐ ܕܩܪܝܬܗ. ܘܓܙܪܘ ܟܠ ܕܟܪܐ ܟܘܠ ܢܦܩ̈ܝ ܬܪܥܐ ܕܩܪܝܬܗ.,18,"E deram ouvidos a Hamor e a Siquém, seu filho, todos os que saíam da porta da cidade; e foi circuncidado todo varão, todos os que saíam pela porta da sua cidade.",32,True,True,True
34,25,Gênesis 34:25,וַיְהִי֩ בַיּ֨וֹם הַשְּׁלִישִׁ֜י בִּֽהְיוֹתָ֣ם כֹּֽאֲבִ֗ים וַיִּקְח֣וּ שְׁנֵֽי־ בְנֵי־ יַ֠עֲקֹב שִׁמְע֨וֹן וְלֵוִ֜י אֲחֵ֤י דִינָה֙ אִ֣ישׁ חַרְבּ֔וֹ וַיָּבֹ֥אוּ עַל־ הָעִ֖יר בֶּ֑טַח וַיַּֽהַרְג֖וּ כָּל־ זָכָֽר ׃,ויהי ביומ השלישי בהיותמ כאבימ ויקחו שני בני יעקב שמעונ ולוי אחי דינה איש חרבו ויבאו על העיר בטח ויהרגו כל זכר,23,והוה ביומא תליתאה כד תקיפו עליהון כאביהון ונסיבו תרין בני יעקב שמעון ולוי אחי דינה גבר חרביה ועלו על קרתא דיתבון לרחצן וקטלו כל דכורא:,25,"ἐγένετο δὲ ἐν τῇ ἡμέρᾳ τῇ τρίτῃ ὅτε ἦσαν ἐν τῷ πόνῳ, ἔλαβον οἱ δύο υἱοὶ Ἰακὼβ Συμεὼν καὶ Λευί, ἀδελφοὶ Δείνας, ἕκαστος τὴν μάχαιραν αὐτοῦ, καὶ εἰσῆλθον εἰς τὴν πόλιν ἀσφαλῶς καὶ ἀπέκτειναν πᾶν ἀρσενικόν·",36,ܘܗܘ̣ܐ ܒܝܘܡܐ ܬܠܝܬܝܐ ܟܕ ܚܣܢܘ ܟܐ̈ܒܝܗܘܢ. ܢܣ̣ܒܘ ܬܪ̈ܝܢ ܒܢ̈ܘܗܝ ܕܝܥܩܘܒ ܫܡܥܘܢ ܘܠܘܝ ܐܚ̈ܝܗ̇ ܕܕܝܢ̣ܐ ܓܒܪ ܚܪܒܗ. ܘܥܠܘ ܥܠ ܩܪܝܬܐ ܒܫܠܝܐ. ܘܩ̇ܛܠܘ ܟܠ ܕܟܪܐ.,23,"Ao terceiro dia, quando os homens estavam doridos, dois filhos de Jacó, Simeão e Levi, irmãos de Diná, tomaram cada um a sua espada, entraram na cidade com toda a segurança e mataram todo varão.",35,True,True,True
34,26,Gênesis 34:26,וְאֶת־ חֲמוֹר֙ וְאֶת־ שְׁכֶ֣ם בְּנ֔וֹ הָרְג֖וּ לְפִי־ חָ֑רֶב וַיִּקְח֧וּ אֶת־ דִּינָ֛ה מִבֵּ֥ית שְׁכֶ֖ם וַיֵּצֵֽאוּ ׃,ואת חמור ואת שכמ בנו הרגו לפי חרב ויקחו את דינה מבית שכמ ויצאו,15,וית חמור וית שכם בריה קטלו לפתגם דחרב ודברו ית דינה מבית שכם ונפקו:,14,"τόν τε Ἐμμὼρ καὶ τὸν Συχὲμ τὸν υἱὸν αὐτοῦ ἀπέκτειναν ἐν στόματι μαχαίρας, καὶ ἔλαβον τὴν Δεινὰ ἐκ τοῦ οἴκου τοῦ Συχέμ, καὶ ἐξῆλθον.",24,ܘܠܚܡܘܪ ܘܠܫܟܝܡ ܒܪܗ. ܩ̣ܛܠܘ ܒܦܘܡܐ ܕܚܪܒܐ. ܘܕܒܪܘܗ̇ ܠܕܝܢ̣ܐ ܡܢ ܒܝܬ ܫܟܝܡ ܘܢܦܩܘ.,12,"Mataram também ao fio da espada a Hamor e a Siquém, seu filho; e, tirando Diná da casa de Siquém, saíram.",21,True,True,True
34,27,Gênesis 34:27,בְּנֵ֣י יַעֲקֹ֗ב בָּ֚אוּ עַל־ הַ֣חֲלָלִ֔ים וַיָּבֹ֖זּוּ הָעִ֑יר אֲשֶׁ֥ר טִמְּא֖וּ אֲחוֹתָֽם ׃,בני יעקב באו על החללימ ויבזו העיר אשר טמאו אחותמ,11,בני יעקב עלו לחלצא קטיליא ובזו קרתא די סאיבו אחתהון:,10,"οἱ δὲ υἱοὶ Ἰακὼβ εἰσῆλθον ἐπὶ τοὺς τραυματίας, καὶ διήρπασαν τὴν πόλιν, ἐν ᾗ ἐμίαναν Δείναν τὴν ἀδελφὴν αὐτῶν·",19,ܘܒܢ̈ܝ ܝܥܩܘܒ ܥܠܘ ܥܠ ܩ̈ܛܝܠܐ ܘܒܙܘ ܠܩܪܝܬܐ . ܥܠ ܕܛܡܐܘ ܠܕܝܢ̣ܐ ܚܬܗܘܢ .,13,Vieram os filhos de Jacó aos mortos e saquearam a cidade; porquanto haviam contaminado a sua irmã.,17,True,True,True
34,28,Gênesis 34:28,אֶת־ צֹאנָ֥ם וְאֶת־ בְּקָרָ֖ם וְאֶת־ חֲמֹרֵיהֶּ֑ם וְאֵ֧ת אֲשֶׁר־ בָּעִ֛יר וְאֶת־ אֲשֶׁ֥ר בַּשָּׂדֶ֖ה לָקָֽחוּ ׃,את צאנמ ואת בקרמ ואת חמריהמ ואת אשר בעיר ואת אשר בשדה לקחו,14,ית ענהון וית תורהון וית חמריהון וית די בקרתא וית די בחקלא בזו :,14,"καὶ τὰ πρόβατα αὐτῶν καὶ τοὺς βόας αὐτῶν καὶ τοὺς ὄνους αὐτῶν, ὅσα τε ἦν ἐν τῇ πόλει καὶ ὅσα ἦν ἐν τῷ πεδίῳ, ἔλαβον.",25,ܘܥܢܗܘܢ ܘܬܘܪ̈ܝܗܘܢ ܘܚܡܪ̈ܗܘܢ ܕܒܩܪܝܬܐ ܘܕܒܚܩܠܐ ܕܒܪܘ.,6,"Tomaram-lhes os rebanhos, os bois, os jumentos, e o que havia tanto na cidade como no campo;",17,True,True,True
34,29,Gênesis 34:29,וְאֶת־ כָּל־ חֵילָ֤ם וְאֶת־ כָּל־ טַפָּם֙ וְאֶת־ נְשֵׁיהֶ֔ם שָׁב֖וּ וַיָּבֹ֑זּוּ וְאֵ֖ת כָּל־ אֲשֶׁ֥ר בַּבָּֽיִת ׃,ואת כל חילמ ואת כל טפמ ואת נשיהמ שבו ויבזו ואת כל אשר בבית,15,וית כל נכסיהון וית כל טפלהון וית נשיהון שבו ובזו וית כל די בביתא:,14,καὶ πάντα τὰ σώματα αὐτῶν καὶ πᾶσαν τὴν ἀποσκευὴν αὐτῶν καὶ τὰς γυναῖκας αὐτῶν ᾐχμαλώτευσαν· καὶ διήρπασαν ὅσα τε ἦν ἐν τῇ πόλει καὶ ὅσα ἦν ἐν ταῖς οἰκίαις.,29,ܘܟܠܗܘܢ ܢܟܣ̈ܝܗܘܢ ܘܟܠܗ̇ ܝܩܪܬܗܘܢ ܘܠܢܫ̈ܝܗܘܢ ܫܒܘ. ܕܒܙܘ ܟܠ ܕܐܝܬ ܒܩܪܝܬܐ.,10,"e todos os seus bens, e todos os seus pequeninos, e as suas mulheres, levaram por presa; e despojando as casas, levaram tudo o que havia nelas.",27,True,True,True
34,30,Gênesis 34:30,וַיֹּ֨אמֶר יַעֲקֹ֜ב אֶל־ שִׁמְע֣וֹן וְאֶל־ לֵוִי֮ עֲכַרְתֶּ֣ם אֹתִי֒ לְהַבְאִישֵׁ֨נִי֙ בְּיֹשֵׁ֣ב הָאָ֔רֶץ בַּֽכְּנַעֲנִ֖י וּבַפְּרִזִּ֑י וַאֲנִי֙ מְתֵ֣י מִסְפָּ֔ר וְנֶאֶסְפ֤וּ עָלַי֙ וְהִכּ֔וּנִי וְנִשְׁמַדְתִּ֖י אֲנִ֥י וּבֵיתִֽי ׃,ויאמר יעקב אל שמעונ ואל לוי עכרתמ אתי להבאישני בישב הארצ בכנעני ובפרזי ואני מתי מספר ונאספו עלי והכוני ונשמדתי אני וביתי,23,ואמר יעקב לשמעון וללוי עכרתון יתי למתן דבבו ביננא ובין יתבי ארעא בכנענאה ובפרזאה ואנא עם דמנין ויתכנשון עלי וימחנוני ואשתצי אנא ואנש ביתי:,24,"εἶπεν δὲ Ἰακὼβ Συμεὼν καὶ Λευί Μισητόν με πεποιήκατε, ὥστε πονηρόν με εἶναι τοῖς κατοικοῦσιν τὴν γῆν, ἔν τε τοῖς Χαναναίοις καὶ τοῖς Φερεζαίοις· ἐγὼ δὲ ὀλιγοστός εἰμι ἐν ἀριθμῷ, καὶ συναχθέντες ἐπ᾽ ἐμὲ συγκόψουσίν με, καὶ ἐκτρίβομαι ἐγὼ καὶ ὁ οἶκός μου.",43,ܘܐܡ̣ܪ ܝܥܩܘܒ ܠܫܡܥܘܢ ܘܠܠܘܝ. ܐܗܪܬܘܢܢܝ ܕܬܒܐܫܘܢ ܠܝ ܒܝܬ ܥܡܘܪ̈ܝܗ̇ ܕܐܪܥܐ. ܒܝܬ ܟܢܥ̈ܢܝܐ ܘܒܝܬ ܦܪ̈ܙܝܐ ܘܐܢܐ ܩܠܝܠ ܐܢܐ ܒܡܢܝܢܐ. ܘܡܬܟܢܫܝܢ ܥܠܝ ܘܡܚܝܢ ܠܝ. ܘܐ̇ܒܕ ܐܢܐ ܐܢܐ ܘܒܝܬܝ.,26,"Então disse Jacó a Simeão e a Levi: Tendes-me perturbado, fazendo-me odioso aos habitantes da terra, aos cananeus e perizeus. Tendo eu pouca gente, eles se ajuntarão e me ferirão; e serei destruído, eu com minha casa.",37,True,True,True
34,31,Gênesis 34:31,וַיֹּאמְר֑וּ הַכְזוֹנָ֕ה יַעֲשֶׂ֖ה אֶת־ אֲחוֹתֵֽנוּ ׃ פ,ויאמרו הכזונה יעשה את אחותנו פ,7,ואמרו הכנפקת ברא יתעבד לאחתנא:,5,οἱ δὲ εἶπαν Ἀλλ᾽ ὡσεὶ πόρνῃ χρήσωνται τῇ ἀδελφῇ ἡμῶν;,10,ܘܐܡܪܘ ܐܝܟ ܙܢܝܬܐ ܐܬܥܒܕ ܠܚܬܢ.,5,Ao que responderam: Devia ele tratar a nossa irmã como a uma prostituta?,13,True,True,True
35,1,Gênesis 35:1,וַיֹּ֤אמֶר אֱלֹהִים֙ אֶֽל־ יַעֲקֹ֔ב ק֛וּם עֲלֵ֥ה בֵֽית־ אֵ֖ל וְשֶׁב־ שָׁ֑ם וַעֲשֵׂה־ שָׁ֣ם מִזְבֵּ֔חַ לָאֵל֙ הַנִּרְאֶ֣ה אֵלֶ֔יךָ בְּבָרְחֲךָ֔ מִפְּנֵ֖י עֵשָׂ֥ו אָחִֽיךָ ׃,ויאמר אלהימ אל יעקב קומ עלה בית אל ושב שמ ועשה שמ מזבח לאל הנראה אליכ בברחכ מפני עשו אחיכ,21,ואמר יי ליעקב קום סק לבית אל ותיב תמן ועבד תמן מדבחא לאלהא דאתגלי לך במערקך מן קדם עשו אחוך:,20,"Εἶπεν δὲ ὁ θεὸς πρὸς Ἰακώβ Ἀναστὰς ἀνάβηθι εἰς τὸν τόπον Βαιθήλ, καὶ οἴκει ἐκεῖ· καὶ ποίησον ἐκεῖ θυσιαστήριον τῷ θεῷ τῷ ὀφθέντι σοι ἐν τῷ ἀποδιδράσκειν σε ἀπὸ προσώπου Ἠσαὺ τοῦ ἀδελφοῦ σου.",34,ܘܐܡ̣ܪ ܡܪܝܐ ܠܝܥܩܘܒ. ܩܘܡ ܣܩ ܠܒܝܬ ܐܝܠ ܘܬܒ ܬܡܢ. ܘܥܒ̣ܕ ܬܡ̇ܢ ܡܕܒܚܐ ܠܐܝܠ ܕܐܬܓܠܝ ܥܠܝܟ. ܟܕ ܥ̇ܪܩ ܐܢܬ ܡܢ ܩܕܡ ܥܣܘ ܐܚܘܟ.,22,"Depois disse Deus a Jacó: Levanta-te, sobe a Betel e habita ali; e faze ali um altar ao Deus que te apareceu quando fugias da face de Esaú, teu irmão.",30,True,True,True
35,2,Gênesis 35:2,וַיֹּ֤אמֶר יַעֲקֹב֙ אֶל־ בֵּית֔וֹ וְאֶ֖ל כָּל־ אֲשֶׁ֣ר עִמּ֑וֹ הָסִ֜רוּ אֶת־ אֱלֹהֵ֤י הַנֵּכָר֙ אֲשֶׁ֣ר בְּתֹכְכֶ֔ם וְהִֽטַּהֲר֔וּ וְהַחֲלִ֖יפוּ שִׂמְלֹתֵיכֶֽם ׃,ויאמר יעקב אל ביתו ואל כל אשר עמו הסרו את אלהי הנכר אשר בתככמ והטהרו והחליפו שמלתיכמ,18,ואמר יעקב לאנש ביתיה ולכל די עמיה אעדו ית טעות עממיא די ביניכון ואדכו ושנו כסותכון:,16,"εἶπεν δὲ Ἰακὼβ τῷ οἴκῳ αὐτοῦ καὶ πᾶσιν τοῖς μετ᾽ αὐτοῦ Ἄρατε τοὺς θεοὺς τοὺς ἀλλοτρίους ἐκ μέσου ὑμῶν, καὶ καθαρίσασθε, καὶ ἀλλάξατε τὰς στολὰς ὑμῶν·",26,ܘܐܡ̣ܪ ܝܥܩܘܒ ܠܒ̈ܢܝ ܒܝܬܗ. ܘܠܟܠ ܕܥܡܗ. ܐܥܒܪܘ ܐ̈ܠܗܐ ܢܘܟܪ̈ܝܐ ܕܒܝܢܬܟܘܢ . ܘܐܬܕܟܘ ܘܚܠܦܘ ܢܚ̈ܬܝܟܘܢ.,14,"Então disse Jacó à sua família, e a todos os que com ele estavam: Lançai fora os deuses estranhos que há no meio de vós, e purificai-vos e mudai as vossas vestes.",32,True,True,True
35,3,Gênesis 35:3,וְנָק֥וּמָה וְנַעֲלֶ֖ה בֵּֽית־ אֵ֑ל וְאֶֽעֱשֶׂה־ שָּׁ֣ם מִזְבֵּ֗חַ לָאֵ֞ל הָעֹנֶ֤ה אֹתִי֙ בְּי֣וֹם צָֽרָתִ֔י וַיְהִי֙ עִמָּדִ֔י בַּדֶּ֖רֶךְ אֲשֶׁ֥ר הָלָֽכְתִּי ׃,ונקומה ונעלה בית אל ואעשה שמ מזבח לאל הענה אתי ביומ צרתי ויהי עמדי בדרכ אשר הלכתי,18,ונקום ונסק לבית אל ואעבד תמן מדבחא לאלהא דקבל צלותי ביומא דעקתי והוה מימריה בסעדי בארחא די אזלית:,18,"καὶ ἀναστάντες ἀναβῶμεν εἰς Βαιθήλ, καὶ ποιήσωμεν ἐκεῖ θυσιαστήριον τῷ θεῷ τῷ ἐπακούσαντί μοι ἐν ἡμέρᾳ θλίψεως, ὃς ἦν μετ᾽ ἐμοῦ καὶ διέσωσέν με ἐν τῇ ὁδῷ ᾗ ἐπορευόμην.",29,ܘܩܘܡܘ ܢܣܩ ܠܒܝܬ ܐܝܠ. ܘܐܥܒܕ ܬܡ̇ܢ ܡܕܒܚܐ ܠܐܠܗܐ ܕܥܢܢܝ ܒܝܘܡܐ ܕܐܘܠܨܢܝ. ܘܗܘ̣ܐ ܥܡܝ ܒܐܘܪܚܐ ܕܐ̇ܙܠܬ.,15,"Levantemo-nos, e subamos a Betel; ali farei um altar ao Deus que me respondeu no dia da minha angústia, e que foi comigo no caminho por onde andei.",28,True,True,True
35,4,Gênesis 35:4,וַיִּתְּנ֣וּ אֶֽל־ יַעֲקֹ֗ב אֵ֣ת כָּל־ אֱלֹהֵ֤י הַנֵּכָר֙ אֲשֶׁ֣ר בְּיָדָ֔ם וְאֶת־ הַנְּזָמִ֖ים אֲשֶׁ֣ר בְּאָזְנֵיהֶ֑ם וַיִּטְמֹ֤ן אֹתָם֙ יַעֲקֹ֔ב תַּ֥חַת הָאֵלָ֖ה אֲשֶׁ֥ר עִם־ שְׁכֶֽם ׃,ויתנו אל יעקב את כל אלהי הנכר אשר בידמ ואת הנזמימ אשר באזניהמ ויטמנ אתמ יעקב תחת האלה אשר עמ שכמ,22,ויהבו ליעקב ית כל טעות עממיא די בידיהון וית קדשיא די באודניהון וטמר יתהון יעקב תחות בטמא די עם שכם:,20,"καὶ ἔδωκαν τῷ Ἰακὼβ τοὺς θεοὺς τοὺς ἀλλοτρίους οἳ ἦσαν ἐν ταῖς χερσὶν αὐτῶν, καὶ τὰ ἐνώτια τὰ ἐν τοῖς ὠσὶν αὐτῶν· καὶ κατέκρυψεν αὐτὰ Ἰακὼβ ὑπὸ τὴν τερέβινθον τὴν ἐν Σικίμοις, καὶ ἀπώλεσεν αὐτὰ ἕως τῆς σήμερον ἡμέρας.",39,ܘܝܗܒܘ ܠܝܥܩܘܒ ܟܠܗܘܢ ܐ̈ܠܗܐ ܢܘܟܪ̈ܝܐ ܕܒܐ̈ܝܕܝܗܘܢ ܘܩ̈ܕܫܐ ܕܒܐ̈ܕܢܝܗܘܢ . ܘܛܡ̣ܪ ܐܢܘܢ ܝܥܩܘܒ ܬܚܝܬ ܒܛܡܬܐ ܕܥܡ ܫܟܝܡ.,16,"Entregaram, pois, a Jacó todos os deuses estranhos, que tinham nas mãos, e as arrecadas que pendiam das suas orelhas; e Jacó os escondeu debaixo do carvalho que está junto a Siquém.",32,True,True,True
35,5,Gênesis 35:5,וַיִּסָּ֑עוּ וַיְהִ֣י ׀ חִתַּ֣ת אֱלֹהִ֗ים עַל־ הֶֽעָרִים֙ אֲשֶׁר֙ סְבִיבֹ֣תֵיהֶ֔ם וְלֹ֣א רָֽדְפ֔וּ אַחֲרֵ֖י בְּנֵ֥י יַעֲקֹֽב ׃,ויסעו ויהי חתת אלהימ על הערימ אשר סביבתיהמ ולא רדפו אחרי בני יעקב,15,ונטלו והות דחלא דיי על עממיא די בקרוי סחרניהון ולא רדפו בתר בני יעקב:,14,"καὶ ἐξῆρεν Ἰσραὴλ ἐκ Σικίμων· καὶ ἐγένετο φόβος θεοῦ ἐπὶ τὰς πόλεις τὰς κύκλῳ αὐτῶν, καὶ οὐ κατεδίωξαν ὀπίσω τῶν υἱῶν Ἰσραήλ.",22,ܘܫܩ̣ܠܘ ܘܗܘܬ ܕܚܠܬܗ ܕܐܠܗܐ ܥܠ ܩܘܪ̈ܝܐ ܕܒܚܕܪ̈ܝܗܘܢ. ܘܠܐ ܪܕܦܘ ܒܬܪ ܝܥܩܘܒ ܘܒܬܪ ܒܢ̈ܘܗܝ.,13,"Então partiram; e o terror de Deus sobreveio às cidades que lhes estavam ao redor, de modo que não perseguiram os filhos de Jacó.",24,True,True,True
35,6,Gênesis 35:6,וַיָּבֹ֨א יַעֲקֹ֜ב ל֗וּזָה אֲשֶׁר֙ בְּאֶ֣רֶץ כְּנַ֔עַן הִ֖וא בֵּֽית־ אֵ֑ל ה֖וּא וְכָל־ הָעָ֥ם אֲשֶׁר־ עִמּֽוֹ ׃,ויבא יעקב לוזה אשר בארצ כנענ הוא בית אל הוא וכל העמ אשר עמו,15,ואתא יעקב ללוז די בארעא דכנען היא בית אל הוא וכל עמא די עמיה:,14,"ἦλθεν δὲ Ἰακὼβ εἰς Λοῦζα ἥ ἐστιν ἐν γῇ Χανάαν, ἥ ἐστιν Βαιθήλ, αὐτὸς καὶ πᾶς ὁ λαὸς ὃς ἦν μετ᾽ αὐτοῦ.",22,ܘܐܬ̣ܐ ܝܥܩܘܒ ܠܠܘܙ ܕܒܐܪܥܐ ܕܟܢܥܢ. ܗ̣ܝ ܗܝ ܒܝܬ ܐܝܠ. ܗ̣ܘ ܘܟܠܗ ܥܡܐ ܕܥܡܗ.,13,"Assim chegou Jacó à Luz, que está na terra de Canaã {esta é Betel}, ele e todo o povo que estava com ele.",23,True,True,True
35,7,Gênesis 35:7,וַיִּ֤בֶן שָׁם֙ מִזְבֵּ֔חַ וַיִּקְרָא֙ לַמָּק֔וֹם אֵ֖ל בֵּֽית־ אֵ֑ל כִּ֣י שָׁ֗ם נִגְל֤וּ אֵלָיו֙ הָֽאֱלֹהִ֔ים בְּבָרְח֖וֹ מִפְּנֵ֥י אָחִֽיו ׃,ויבנ שמ מזבח ויקרא למקומ אל בית אל כי שמ נגלו אליו האלהימ בברחו מפני אחיו,17,ובנא תמן מדבחא וקרא לאתרא אל בית אל ארי תמן אתגלי ליה יי במערקיה מן קדם אחוהי:,17,"καὶ ᾠκοδόμησεν ἐκεῖ θυσιαστήριον, καὶ ἐκάλεσεν τὸ ὄνομα τοῦ τόπου Βαιθήλ· ἐκεῖ γὰρ ἐπεφάνη αὐτῷ ὁ θεὸς ἐν τῷ ἀποδιδράσκειν αὐτὸν ἀπὸ προσώπου Ἠσαὺ τοῦ ἀδελφοῦ αὐτοῦ.",27,ܘܒܢ̣ܐ ܬܡ̇ܢ ܡܕܒܚܐ. ܘܩܪܝܗܝ ܠܐܬܪܐ ܗ̇ܘ ܒܝܬ ܐܝܠ. ܡܛܠ ܕܬܡ̇ܢ ܐܬܓܠܝ ܥܠܘܗܝ ܐܠܗܐ. ܟܕ ܥܪܩ̇ ܗܘܐ ܡܢ ܩܕܡ ܥܣܘ ܐܚܘܗܝ.,20,"Edificou ali um altar, e chamou ao lugar El-Betel; porque ali Deus se lhe tinha manifestado quando fugia da face de seu irmão.",23,True,True,True
35,8,Gênesis 35:8,וַתָּ֤מָת דְּבֹרָה֙ מֵינֶ֣קֶת רִבְקָ֔ה וַתִּקָּבֵ֛ר מִתַּ֥חַת לְבֵֽית־ אֵ֖ל תַּ֣חַת הָֽאַלּ֑וֹן וַיִּקְרָ֥א שְׁמ֖וֹ אַלּ֥וֹן בָּכֽוּת ׃ פ,ותמת דברה מינקת רבקה ותקבר מתחת לבית אל תחת האלונ ויקרא שמו אלונ בכות פ,16,ומיתת דבורה מנקתא דרבקה ואתקברת מלרע לבית אל בשפולי מישרא וקרא שמיה מישר בכיתא:,14,ἀπέθανεν δὲ Δεββωρὰ ἡ τροφὸς Ῥεβέκκας κατώτερον Βαιθὴλ ὑπὸ τὴν βάλανον· καὶ ἐκάλεσεν Ἰακὼβ τὸ ὄνομα αὐτῆς Βάλανος πένθους.,19,ܘܡܝܬܬ ܕܒܘܪܐ ܡܝܢܩܬܗ̇ ܕܪܦܩܐ . ܘܐܬܩܒ̣ܪܬ ܠܬܚܬ ܡܢ ܒܝܬ ܐܝܠ ܬܚܝܬ ܒܛܡܬܐ. ܘܩ̣ܪܐ ܫܡܗ̇ ܒܛܡܬܐ ܕܒܟܬܐ.,16,"Morreu Débora, a ama de Rebeca, e foi sepultada ao pé de Betel, debaixo do carvalho, ao qual se chamou Alom-Bacute.",21,True,True,True
35,9,Gênesis 35:9,וַיֵּרָ֨א אֱלֹהִ֤ים אֶֽל־ יַעֲקֹב֙ ע֔וֹד בְּבֹא֖וֹ מִפַּדַּ֣ן אֲרָ֑ם וַיְבָ֖רֶךְ אֹתֽוֹ ׃,וירא אלהימ אל יעקב עוד בבאו מפדנ ארמ ויברכ אתו,11,ואתגלי יי ליעקב עוד במיתוהי מפדן ארם ובריך יתיה:,9,"Ὤφθη δὲ ὁ θεὸς Ἰακὼβ ἔτι ἐν Λοῦζα, ὅτε παρεγένετο ἐκ Μεσοποταμίας τῆς Συρίας, καὶ ηὐλόγησεν αὐτὸν ὁ θεός.",19,ܘܐܬܓܠܝ ܬܘܒ ܐܠܗܐ ܥܠ ܝܥܩܘܒ . ܟܕ ܐܬ̇ܐ ܡܢ ܦܕܢ ܕܐܪܡ ܘܒܪܟܗ.,12,"Apareceu Deus outra vez a Jacó, quando ele voltou de Padã-Arã, e o abençoou.",14,True,True,True
35,10,Gênesis 35:10,וַיֹּֽאמֶר־ ל֥וֹ אֱלֹהִ֖ים שִׁמְךָ֣ יַעֲקֹ֑ב לֹֽא־ יִקָּרֵא֩ שִׁמְךָ֨ ע֜וֹד יַעֲקֹ֗ב כִּ֤י אִם־ יִשְׂרָאֵל֙ יִהְיֶ֣ה שְׁמֶ֔ךָ וַיִּקְרָ֥א אֶת־ שְׁמ֖וֹ יִשְׂרָאֵֽל ׃,ויאמר לו אלהימ שמכ יעקב לא יקרא שמכ עוד יעקב כי אמ ישראל יהיה שמכ ויקרא את שמו ישראל,20,ואמר ליה יי שמך יעקב לא יתקרי שמך עוד יעקב אלהין ישראל יהא שמך וקרא ית שמיה ישראל:,18,"καὶ εἶπεν αὐτῷ ὁ θεός Τὸ ὄνομά σου οὐ κληθήσεται ἔτι Ἰακώβ, ἀλλ᾽ Ἰσραὴλ ἔσται τὸ ὄνομά σου.",18,ܘܐܡ̣ܪ ܠܗ ܐܠܗܐ. ܠܐ ܢܬܩܪܐ ܬܘܒ ܫܡܟ ܝܥܩܘܒ. ܐܠܐ ܢܗܘܐ ܫܡܟ ܐܝܣܪܝܠ. ܘܩ̣ܪܐ ܫܡܗ ܐܝܣܪܝܠ.,15,"E disse-lhe Deus: O teu nome é Jacó; não te chamarás mais Jacó, mas Israel será o teu nome. Chamou-lhe Israel.",21,True,True,True
35,11,Gênesis 35:11,וַיֹּאמֶר֩ ל֨וֹ אֱלֹהִ֜ים אֲנִ֨י אֵ֤ל שַׁדַּי֙ פְּרֵ֣ה וּרְבֵ֔ה גּ֛וֹי וּקְהַ֥ל גּוֹיִ֖ם יִהְיֶ֣ה מִמֶּ֑ךָּ וּמְלָכִ֖ים מֵחֲלָצֶ֥יךָ יֵצֵֽאוּ ׃,ויאמר לו אלהימ אני אל שדי פרה ורבה גוי וקהל גוימ יהיה ממכ ומלכימ מחלציכ יצאו,17,ואמר ליה יי אנא אל שדי פוש וסגי עם וכנשת שבטין יהא מנך ומלכין דשליטין בעממיא מנך יפקון:,18,"εἶπεν δὲ αὐτῷ ὁ θεός Ἐγὼ ὁ θεός σου, αὐξάνου καὶ πληθύνου· καὶ ἔθνη καὶ συναγωγαὶ ἐθνῶν ἔσονται ἐκ σοῦ, καὶ βασιλεῖς ἐκ τῆς ὀσφύος σου ἐξελεύσονται.",27,ܘܐܡ̣ܪ ܠܗ ܐܠܗܐ. ܐܢܐ ܐܢܐ ܐܝܠܫܕܝ ܐܠܗܐ . ܟܒܪ ܘܣܓܝ ܥܡܐ. ܘܟܢܫܐ ܕܥܡ̈ܡܐ ܡܢܟ ܢܗܘܘܢ. ܘܡ̈ܠܟܐ ܡܢ ܚܨܟ ܢܦܩܘܢ.,19,"Disse-lhe mais: Eu sou Deus Todo-Poderoso; frutifica e multiplica-te; uma nação, sim, uma multidão de nações sairá de ti, e reis procederão dos teus lombos;",25,True,True,True
35,12,Gênesis 35:12,וְאֶת־ הָאָ֗רֶץ אֲשֶׁ֥ר נָתַ֛תִּי לְאַבְרָהָ֥ם וּלְיִצְחָ֖ק לְךָ֣ אֶתְּנֶ֑נָּה וּֽלְזַרְעֲךָ֥ אַחֲרֶ֖יךָ אֶתֵּ֥ן אֶת־ הָאָֽרֶץ ׃,ואת הארצ אשר נתתי לאברהמ וליצחק לכ אתננה ולזרעכ אחריכ אתנ את הארצ,14,וית ארעא די יהבית לאברהם וליצחק לך אתננה ולבנך בתרך אתן ית ארעא:,13,"καὶ τὴν γῆν ἣν δέδωκα Ἀβραὰμ καὶ Ἰσαάκ, σοὶ δέδωκα αὐτήν, καὶ τῷ σπέρματί σου μετὰ σὲ δώσω τὴν γῆν ταύτην.",21,ܘܐܪܥܐ ܕܝܡ̇ܝܬ ܠܐܒܪܗܡ ܘܠܐܝܣܚܩ ܠܟ ܐܬܠܝܗ̇. ܘܠܙܪܥܟ ܡܢ ܒܬܪܟ ܐܬܠܝܗ̇ ܐܪܥܐ.,11,"a terra que dei a Abraão e a Isaque, a ti a darei; também à tua descendência depois de ti a darei.",22,True,True,True
35,13,Gênesis 35:13,וַיַּ֥עַל מֵעָלָ֖יו אֱלֹהִ֑ים בַּמָּק֖וֹם אֲשֶׁר־ דִּבֶּ֥ר אִתּֽוֹ ׃,ויעל מעליו אלהימ במקומ אשר דבר אתו,8,ואסתלק מעלו‍הי יקרא דיי באתרא די מליל עמיה:,8,ἀνέβη δὲ ὁ θεὸς ἀπ᾽ αὐτοῦ ἐκ τοῦ τόπου οὗ ἐλάλησεν μετ᾽ αὐτοῦ.,13,ܘܐܬܬܪܝܡ ܡܢܗ ܐܠܗܐ ܒܐܬܪܐ ܕܡܠܠ ܥܡܗ.,6,"E Deus subiu dele, do lugar onde lhe falara.",9,True,True,True
35,14,Gênesis 35:14,וַיַּצֵּ֨ב יַעֲקֹ֜ב מַצֵּבָ֗ה בַּמָּק֛וֹם אֲשֶׁר־ דִּבֶּ֥ר אִתּ֖וֹ מַצֶּ֣בֶת אָ֑בֶן וַיַּסֵּ֤ךְ עָלֶ֨יהָ֙ נֶ֔סֶךְ וַיִּצֹ֥ק עָלֶ֖יהָ שָֽׁמֶן ׃,ויצב יעקב מצבה במקומ אשר דבר אתו מצבת אבנ ויסכ עליה נסכ ויצק עליה שמנ,16,ואקים יעקב קמתא באתרא די מליל עמיה קמת אבנא ואסיך עלה נסוכין ואריק עלה משחא:,15,"καὶ ἔστησεν Ἰακὼβ στήλην ἐν τῷ τόπῳ ᾧ ἐλάλησεν μετ᾽ αὐτοῦ, στήλην λιθίνην· καὶ ἔσπεισεν ἐπ᾽ αὐτὴν σπονδήν, καὶ ἐπέχεεν ἐπ᾽ αὐτὴν ἔλαιον.",23,ܘܐܩܝܡ ܝܥܩܘܒ ܩܝܡܬܐ ܒܐܬܪܐ ܕܡܠܠ ܥܡܗ ܩܝܡܬܐ ܕܟܐܦܐ. ܘܢܩܝ ܥܠܝܗ̇ ܢܘܩܝܐ. ܘܢܣܟ ܥܠܝܗ̇ ܡܫܚܐ.,14,"Então Jacó erigiu uma coluna no lugar onde Deus lhe falara, uma coluna de pedra; e sobre ela derramou uma libação e deitou-lhe também azeite;",25,True,True,True
35,15,Gênesis 35:15,וַיִּקְרָ֨א יַעֲקֹ֜ב אֶת־ שֵׁ֣ם הַמָּק֗וֹם אֲשֶׁר֩ דִּבֶּ֨ר אִתּ֥וֹ שָׁ֛ם אֱלֹהִ֖ים בֵּֽית־ אֵֽל ׃,ויקרא יעקב את שמ המקומ אשר דבר אתו שמ אלהימ בית אל,13,וקרא יעקב ית שמא דאתרא די מליל עמיה תמן יי בית אל:,12,"καὶ ἐκάλεσεν Ἰακὼβ τὸ ὄνομα τοῦ τόπου, ἐν ᾧ ἐλάλησεν μετ᾽ αὐτοῦ ἐκεῖ ὁ θεός Βαιθήλ.",16,ܘܩ̣ܪܐ ܝܥܩܘܒ ܫܡܗ ܕܐܬܪܐ ܕܡܠܠ ܥܡܗ ܬܡܢ ܐܠܗܐ ܒܝܬ ܐܝܠ.,10,e Jacó chamou Betel ao lugar onde Deus lhe falara.,10,True,True,True
35,16,Gênesis 35:16,וַיִּסְעוּ֙ מִבֵּ֣ית אֵ֔ל וַֽיְהִי־ ע֥וֹד כִּבְרַת־ הָאָ֖רֶץ לָב֣וֹא אֶפְרָ֑תָה וַתֵּ֥לֶד רָחֵ֖ל וַתְּקַ֥שׁ בְּלִדְתָּֽהּ ׃,ויסעו מבית אל ויהי עוד כברת הארצ לבוא אפרתה ותלד רחל ותקש בלדתה,14,ונטלו מבית אל והוה עוד כרובת ארעא למיעל לאפרת וילידת רחל וקשיאת במילדה:,13,"Ἀπάρας δὲ Ἰακὼβ ἐκ Βαιθὴλ ἔπηξεν τὴν σκηνὴν αὐτοῦ ἐπέκεινα τοῦ πύργου Γάδερ. ἐγένετο δὲ ἡνίκα ἤγγισεν χαβραθὰ εἰς γῆν ἐλθεῖν Ἐφράθα, ἔτεκεν Ῥαχήλ· καὶ ἐδυστόκησεν ἐν τῷ τοκετῷ.",29,ܘܫܩ̣ܠ ܡܢ ܒܝܬ ܐܝܠ. ܘܪܕܐ ܬܘܒ ܐܝܟ ܡܪܕܐ ܦܪܣܚܐ ܕܐܪܥܐ ܠܡܥܠ ܠܐܦܪܬ. ܘܝܠ̣ܕܬ ܪܚܝܠ ܘܚܣ̣ܢܬ ܟܕ ܝܠܕܐ.,17,"Depois partiram de Betel; e, faltando ainda um trecho pequeno para chegar a Efrata, Raquel começou a sentir dores de parto, e custou-lhe o dar à luz.",27,True,True,True
35,17,Gênesis 35:17,וַיְהִ֥י בְהַקְשֹׁתָ֖הּ בְּלִדְתָּ֑הּ וַתֹּ֨אמֶר לָ֤הּ הַמְיַלֶּ֨דֶת֙ אַל־ תִּ֣ירְאִ֔י כִּֽי־ גַם־ זֶ֥ה לָ֖ךְ בֵּֽן ׃,ויהי בהקשתה בלדתה ותאמר לה המילדת אל תיראי כי גמ זה לכ בנ,14,והוה בקשיותה במילדה ואמרת לה חיתא לא תדחלי ארי אף דין ליך בר:,13,"ἐγένετο δὲ ἐν τῷ σκληρῶς αὐτὴν τίκτειν εἶπεν αὐτῇ ἡ μαῖα Θάρσει, καὶ γὰρ οὗτός ἐστιν υἱός.",17,ܘܗܘ̣ܐ ܕܟܕ ܚܣܢ̣ܬ. ܐܡ̣ܪܬ ܠܗ̇ ܚܝ̇ܬܐ. ܠܐ ܬܕܚܠܝܢ. ܡܛܠ ܕܐܦ ܗܢܐ ܒܪܐ ܗܘ ܠܟܝ.,14,"Quando ela estava nas dores do parto, disse-lhe a parteira: Não temas, pois ainda terás este filho.",17,True,True,True
35,18,Gênesis 35:18,וַיְהִ֞י בְּצֵ֤את נַפְשָׁהּ֙ כִּ֣י מֵ֔תָה וַתִּקְרָ֥א שְׁמ֖וֹ בֶּן־ אוֹנִ֑י וְאָבִ֖יו קָֽרָא־ ל֥וֹ בִנְיָמִֽין ׃,ויהי בצאת נפשה כי מתה ותקרא שמו בנ אוני ואביו קרא לו בנימינ,14,והוה במפק נפשה ארי מיתת וקרת שמיה בר דוי ואבוהי קרא ליה בנימין:,13,"ἐγένετο δὲ ἐν τῷ ἀφιέναι αὐτὴν τὴν ψυχήν, ἀπέθνησκεν γάρ, ἐκάλεσεν τὸ ὄνομα αὐτοῦ Υἱὸς ὀδύνης μου· ὁ δὲ πατὴρ αὐτοῦ ἐκάλεσεν αὐτὸν Βενιαμείν.",24,ܘܗܘܐ ܕܟܕ ܢܦܩܐ ܢܦܫܗ̇ ܘܡܝܬܐ. ܩܪܬ ܫܡܗ ܒܪ ܟܐ̈ܒܝ. ܘܐܒܘܗܝ ܩܪܝ̣ܗܝ ܒܢܝܡܝܢ.,12,"Então Raquel, ao sair-lhe a alma {porque morreu}, chamou ao filho Benôni; mas seu pai chamou-lhe Benjamim.",17,True,True,True
35,19,Gênesis 35:19,וַתָּ֖מָת רָחֵ֑ל וַתִּקָּבֵר֙ בְּדֶ֣רֶךְ אֶפְרָ֔תָה הִ֖וא בֵּ֥ית לָֽחֶם ׃,ותמת רחל ותקבר בדרכ אפרתה הוא בית לחמ,9,ומיתת רחל ואתקברת בארח אפרת היא בית לחם:,8,"ἀπέθανεν δὲ Ῥαχήλ, καὶ ἐτάφη ἐν τῇ ὁδῷ Ἐφράθα· αὕτη ἐστὶν Βηθλέεμ.",12,ܘܡܝܬܬ ܪܚܝܠ ܘܐܬܩܒܪܬ ܒܐܘܪܚܐ ܕܐܦܪܬ. ܗ̣ܝ ܗܝ ܒܝܬ ܠܚܡ.,9,"Assim morreu Raquel, e foi sepultada no caminho de Efrata {esta é Bete-Leém}.",13,True,True,True
35,20,Gênesis 35:20,וַיַּצֵּ֧ב יַעֲקֹ֛ב מַצֵּבָ֖ה עַל־ קְבֻרָתָ֑הּ הִ֛וא מַצֶּ֥בֶת קְבֻֽרַת־ רָחֵ֖ל עַד־ הַיּֽוֹם ׃,ויצב יעקב מצבה על קברתה הוא מצבת קברת רחל עד היומ,12,ואקים יעקב קמתא על קברתה היא קמת קברתא דרחל עד יומא דין:,12,καὶ ἔστησεν Ἰακὼβ στήλην ἐπὶ τοῦ μνημείου αὐτῆς· αὕτη ἐστὶν στήλη μνημείου Ῥαχὴλ ἕως τῆς σήμερον ἡμέρας.,17,ܘܐܩܝܡ ܝܥܩܘܒ ܩܝܡܬܐ ܥܠ ܩܒܪܗ̇ ܕܪܚܝܠ . ܗ̣ܝ ܗܝ ܩܝܡܬܐ ܕܩܒܪܗ̇ ܕܪܚܝܠ ܥܕܡܐ ܠܝܘܡܢܐ.,14,E Jacó erigiu uma coluna sobre a sua sepultura; esta é a coluna da sepultura de Raquel até o dia de hoje.,22,True,True,True
35,21,Gênesis 35:21,וַיִּסַּ֖ע יִשְׂרָאֵ֑ל וַיֵּ֣ט אָֽהֳלֹ֔ה מֵהָ֖לְאָה לְמִגְדַּל־ עֵֽדֶר ׃,ויסע ישראל ויט אהלה מהלאה למגדל עדר,8,ונטל ישראל ופרס משכניה מלהלא למגדלא דעדר:,7,"ἐγένετο δὲ ἡνίκα κατῴκησεν Ἰσραὴλ ἐν τῇ γῇ ἐκείνῃ, ἐπορεύθη Ῥουβὴν καὶ ἐκοιμήθη μετὰ Βάλλας τῆς παλλακῆς τοῦ πατρὸς αὐτοῦ· καὶ ἤκουσεν Ἰσραήλ, καὶ πονηρὸν ἐφάνη ἐναντίον αὐτοῦ.",28,ܘܫܩ̣ܠ ܐܝܣܪܝܠ ܘܢܩ̣ܫ ܡܫܟܢܗ ܡܢ ܬܡܢ ܠܡܓܕܠܐ ܕܓܕܪ.,8,"Então partiu Israel, e armou a sua tenda além de Migdal-Eder.",11,True,True,True
35,22,Gênesis 35:22,וַיְהִ֗י בִּשְׁכֹּ֤ן יִשְׂרָאֵל֙ בָּאָ֣רֶץ הַהִ֔וא וַיֵּ֣לֶךְ רְאוּבֵ֔ן וַיִּשְׁכַּב֙ אֶת־ בִּלְהָה֙ פִּילֶ֣גֶשׁ אָבִ֔יו וַיִּשְׁמַ֖ע יִשְׂרָאֵ֑ל פ וַיִּֽהְי֥וּ בְנֵֽי־ יַעֲקֹ֖ב שְׁנֵ֥ים עָשָֽׂר ׃,ויהי בשכנ ישראל בארצ ההוא וילכ ראובנ וישכב את בלהה פילגש אביו וישמע ישראל פ ויהיו בני יעקב שנימ עשר,21,והוה כד שרא ישראל בארעא ההיא ואזל ראובן ושכיב עם בלהה לחינתא דאבוהי ושמע ישראל והוו בני יעקב תרי עסר:,20,Ἦσαν δὲ οἱ υἱοὶ Ἰακὼβ δώδεκα·,6,ܘܗܘ̣ܐ ܕܟܕ ܫ̣ܪܐ ܐܝܣܪܝܠ ܒܐܪܥܐ ܗ̇ܝ. ܐܙܠ ܪܘܒܝܠ ܘܫܟ̣ܒ ܥܡ ܒܠܗܐ ܕܪܘܟܬܗ ܕܐܒܘܗܝ. ܘܫܡ̣ܥ ܐܝܣܪܝܠ ܘܗܘܘ ܒܢ̈ܘܗܝ ܕܝܥܩܘܒ ܬܪܥܣܪ̈ .,20,"Quando Israel habitava naquela terra, foi Rúben e deitou-se com Bila, concubina de seu pai; e Israel o soube. Eram doze os filhos de Jacó:",25,True,True,True
35,23,Gênesis 35:23,בְּנֵ֣י לֵאָ֔ה בְּכ֥וֹר יַעֲקֹ֖ב רְאוּבֵ֑ן וְשִׁמְעוֹן֙ וְלֵוִ֣י וִֽיהוּדָ֔ה וְיִשָּׂשכָ֖ר וּזְבוּלֻֽן ׃,בני לאה בכור יעקב ראובנ ושמעונ ולוי ויהודה ויששכר וזבולנ,11,בני לאה בוכרא דיעקב ראובן ושמעון ולוי ויהודה ויששכר וזבלון:,10,"υἱοὶ Λείας πρωτότοκος Ἰακὼβ Ῥουβήν, Συμεών, Λευείς, Ἰούδας, Ἰσσαχάρ, Ζαβουλών·",10,ܒܢ̈ܝܗ̇ ܕܠܝܐ. ܒܘܟܪܗ ܕܝܥܩܘܒ ܪܘܒܝܠ ܘܫܡܥܘܢ ܘܠܘܝ. ܘܝܗܘܕܐ ܘܐܝܣܟܪ ܘܙܒܘܠܘܢ.,10,"Os filhos de Léia: Rúben o primogênito de Jacó, depois Simeão, Levi, Judá, Issacar e Zebulom;",16,True,True,True
35,24,Gênesis 35:24,בְּנֵ֣י רָחֵ֔ל יוֹסֵ֖ף וּבִנְיָמִֽן ׃,בני רחל יוספ ובנימנ,5,בני רחל יוסף ובנימן:,4,υἱοὶ δὲ Ῥαχὴλ Ἰωσὴφ καὶ Βενιαμείν·,6,ܘܒܢ̈ܝܗ̇ ܕܪܚܝܠ. ܝܘܣܦ ܘܒܢܝܡܝܢ.,4,os filhos de Raquel: José e Benjamim;,7,True,True,True
35,25,Gênesis 35:25,וּבְנֵ֤י בִלְהָה֙ שִׁפְחַ֣ת רָחֵ֔ל דָּ֖ן וְנַפְתָּלִֽי ׃,ובני בלהה שפחת רחל דנ ונפתלי,7,ובני בלהה אמתא דרחל דן ונפתלי:,6,υἱοὶ δὲ Βάλλας παιδίσκης Ῥαχὴλ Δὰν καὶ Νεφθαλείμ·,8,ܘܒܢ̈ܝܗ̇ ܕܒܠܗܐ ܐܡܬܗ̇ ܕܪܚܝܠ. ܕܢ ܘܢܦܬܠܝ.,6,"os filhos de Bila, serva de Raquel: Dã e Naftali;",10,True,True,True
35,26,Gênesis 35:26,וּבְנֵ֥י זִלְפָּ֛ה שִׁפְחַ֥ת לֵאָ֖ה גָּ֣ד וְאָשֵׁ֑ר אֵ֚לֶּה בְּנֵ֣י יַעֲקֹ֔ב אֲשֶׁ֥ר יֻלַּד־ ל֖וֹ בְּפַדַּ֥ן אֲרָֽם ׃,ובני זלפה שפחת לאה גד ואשר אלה בני יעקב אשר ילד לו בפדנ ארמ,15,ובני זלפה אמתא דלאה גד ואשר אלין בני יעקב די אתילידן ליה בפדן ארם:,14,"υἱοὶ δὲ Ζέλφας παιδίσκης Λείας Γὰδ καὶ Ἀσήρ· οὗτοι οἱ υἱοὶ Ἰακώβ, οἳ ἐγένοντο αὐτῷ ἐν Μεσοποταμίᾳ τῆς Συρίας.",19,ܘܒܢ̈ܝܗ̇ ܕܙܠܦܐ ܐܡܬܗ̇ ܕܠܝܐ. ܓܕ ܘܐܫܝܪ. ܗܠܝܢ ܒܢ̈ܘܗܝ ܕܝܥܩܘܒ ܕܐܬܝܠܕܘ ܠܗ ܒܦܕܢ ܕܐܪܡ.,13,"os filhos de Zilpa, serva de Léia: Gade e Aser. Estes são os filhos de Jacó, que lhe nasceram em Padã-Arã.",21,True,True,True
35,27,Gênesis 35:27,וַיָּבֹ֤א יַעֲקֹב֙ אֶל־ יִצְחָ֣ק אָבִ֔יו מַמְרֵ֖א קִרְיַ֣ת הָֽאַרְבַּ֑ע הִ֣וא חֶבְר֔וֹן אֲשֶׁר־ גָּֽר־ שָׁ֥ם אַבְרָהָ֖ם וְיִצְחָֽק ׃,ויבא יעקב אל יצחק אביו ממרא קרית הארבע הוא חברונ אשר גר שמ אברהמ ויצחק,16,ואתא יעקב לות יצחק אבוהי ממרא קרית ארבע היא חברון די דר תמן אברהם ויצחק:,15,"Ἦλθεν δὲ Ἰακὼβ πρὸς Ἰσαὰκ τὸν πατέρα αὐτοῦ εἰς Μαμβρή, εἰς πόλιν τοῦ πεδίου· αὕτη ἐστὶν Χεβρὼν ἐν γῇ Χανάαν, οὗ παρῴκησεν Ἀβραὰμ καὶ Ἰσαάκ.",25,ܘܐܬ̣ܐ ܝܥܩܘܒ ܠܘܬ ܐܝܣܚܩ ܐܒܘܗܝ ܠܡܡܪܐ ܩܘܪܝܬ ܓܢܒܪ̈ܐ. ܗܝ ܗܝ ܚܒܪܘܢ ܕܒܐܪܥܐ ܕܟܢܥܢ . ܕܥܡ̣ܪ ܬܡܢ ܐܒܪܗܡ ܘܐܝܣܚܩ.,18,"Jacó veio a seu pai Isaque, a Manre, a Quiriate-Arba {esta é Hebrom}, onde peregrinaram Abraão e Isaque.",18,True,True,True
35,28,Gênesis 35:28,וַיִּֽהְי֖וּ יְמֵ֣י יִצְחָ֑ק מְאַ֥ת שָׁנָ֖ה וּשְׁמֹנִ֥ים שָׁנָֽה ׃,ויהיו ימי יצחק מאת שנה ושמנימ שנה,8,והוו יומי יצחק מאה ותמנן שנין:,6,ἐγένοντο δὲ αἱ ἡμέραι Ἰσαὰκ ἃς ἔζησεν ἔτη ἑκατὸν ὀγδοήκοντα.,10,ܘܗܘܘ ܝܘܡ̈ܘܗܝ ܕܐܝܣܚܩ. ܡܐܐ ܘܬܡܢܐܝܢ ܫ̈ܢܝܢ.,6,Foram os dias de Isaque cento e oitenta anos;,9,True,True,True
35,29,Gênesis 35:29,וַיִּגְוַ֨ע יִצְחָ֤ק וַיָּ֨מָת֙ וַיֵּאָ֣סֶף אֶל־ עַמָּ֔יו זָקֵ֖ן וּשְׂבַ֣ע יָמִ֑ים וַיִּקְבְּר֣וּ אֹת֔וֹ עֵשָׂ֥ו וְיַעֲקֹ֖ב בָּנָֽיו ׃ פ,ויגוע יצחק וימת ויאספ אל עמיו זקנ ושבע ימימ ויקברו אתו עשו ויעקב בניו פ,16,ואתנגיד יצחק ומית ואתכניש לעמיה סיב ושבע יומין וקברו יתיה עשו ויעקב בנוהי:,13,καὶ ἐκλιπὼν ἀπέθανεν καὶ προσετέθη πρὸς τὸ γένος αὐτοῦ πρεσβύτερος καὶ πλήρης ἡμερῶν· καὶ ἔθαψαν αὐτὸν Ἠσαὺ καὶ Ἰακὼβ οἱ υἱοὶ αὐτοῦ.,22,ܘܐܬܟܪܗ ܐܝܣܚܩ ܘܡܝܬ. ܘܐܬܟܢܫ ܠܘܬ ܥܡܗ. ܣܐܒ ܘܣܒܥ ܝܘܡ̈ܬܗ. ܘܩܒܪܘܗܝ ܥܣܘ ܘܝܥܩܘܒ ܒܢ̈ܘܗܝ. ܒܩܒܪܐ ܕܙܒ̣ܢ ܐܒܪܗܡ ܐܒܘܗܝ .,18,"e, exalando o espírito, morreu e foi congregado ao seu povo, velho e cheio de dias; e Esaú e Jacó, seus filhos, o sepultaram.",24,True,True,True
36,1,Gênesis 36:1,וְאֵ֛לֶּה תֹּלְד֥וֹת עֵשָׂ֖ו ה֥וּא אֱדֽוֹם ׃,ואלה תלדות עשו הוא אדומ,6,ואלין תולדת עשו הוא אדום:,5,Αὗται δὲ αἱ γενέσεις Ἠσαύ· αὐτός ἐστιν Ἐδώμ.,8,ܘܗܠܝܢ ܬ̈ܘܠܕܬܗ ܕܥܣܘ. ܥܣܘ ܗܘܝܘ ܐܕܘܡ.,6,Estas são as gerações de Esaú {este é Edom}:,9,True,True,True
36,2,Gênesis 36:2,עֵשָׂ֛ו לָקַ֥ח אֶת־ נָשָׁ֖יו מִבְּנ֣וֹת כְּנָ֑עַן אֶת־ עָדָ֗ה בַּת־ אֵילוֹן֙ הַֽחִתִּ֔י וְאֶת־ אָהֳלִֽיבָמָה֙ בַּת־ עֲנָ֔ה בַּת־ צִבְע֖וֹן הַֽחִוִּֽי ׃,עשו לקח את נשיו מבנות כנענ את עדה בת אילונ החתי ואת אהליבמה בת ענה בת צבעונ החוי,19,עשו נסיב ית נשוהי מבנת כנען ית עדה בת אילון חתאה וית אהליבמה בת ענה בת צבעון חואה:,18,"Ἠσαὺ δὲ ἔλαβεν γυναῖκας ἑαυτῷ ἀπὸ τῶν θυγατέρων τῶν Χαναναίων· τὴν Ἀδά, θυγατέρα Ἐλὼμ τοῦ Χετταίου, καὶ τὴν Ὀλιβεμά, θυγατέρα Ἀνὰ τοῦ υἱοῦ Σεβεγὼν τοῦ Εὑαίου,",26,ܥܣܘ ܢܣ̣ܒ ܢܫ̈ܘܗܝ ܡܢ ܒܢ̈ܬ ܟܢܥܢ. ܠܥܕܐ ܒܪܬ ܐܠܘܢ ܚܬܝܐ. ܘܠܐܗܠܝܒܡܐ ܒܪܬ ܥܢܐ ܒܪ ܨܒܥܘܢ ܚܘܝܐ.,16,"Esaú tomou dentre as filhas de Canaã suas mulheres: Ada, filha de Elom o heteu, e Aolíbama, filha de Ana, filha de Zibeão o heveu,",25,True,True,True
36,3,Gênesis 36:3,וְאֶת־ בָּשְׂמַ֥ת בַּת־ יִשְׁמָעֵ֖אל אֲח֥וֹת נְבָיֽוֹת ׃,ואת בשמת בת ישמעאל אחות נביות,7,וית בשמת בת ישמעאל אחתיה דנביות:,6,"καὶ τὴν Βασεμμάθ, θυγατέρα Ἰσμαήλ, ἀδελφὴν Ναβαιώθ.",7,ܘܠܒܣܡܬ ܒܪܬ ܐܝܫܡܥܝܠ ܚܬܗ ܕܢܒܝܘܬ.,5,"e Basemate, filha de Ismael, irmã de Nebaiote.",8,True,True,True
36,4,Gênesis 36:4,וַתֵּ֧לֶד עָדָ֛ה לְעֵשָׂ֖ו אֶת־ אֱלִיפָ֑ז וּבָ֣שְׂמַ֔ת יָלְדָ֖ה אֶת־ רְעוּאֵֽל ׃,ותלד עדה לעשו את אליפז ובשמת ילדה את רעואל,10,וילידת עדה לעשו ית אליפז ובשמת ילידת ית רעואל:,9,"ἔτεκεν δὲ Ἀδὰ τῷ Ἠσαὺ τὸν Ἐλιφάς, καὶ Βασεμμὰθ ἔτεκεν τὸν Ῥαγουήλ,",12,ܘܝܠܕܬ ܥܕܐ ܠܥܣܘ ܠܐܠܝܦܙ ܘܒܣܡܬ ܝܠ̣ܕܬ ܠܪܥܘܐܝܠ.,7,"Ada teve de Esaú a Elifaz, e Basemate teve a Reuel;",11,True,True,True
36,5,Gênesis 36:5,וְאָהֳלִֽיבָמָה֙ יָֽלְדָ֔ה אֶת־ יעיש וְאֶת־ יַעְלָ֖ם וְאֶת־ קֹ֑רַח אֵ֚לֶּה בְּנֵ֣י עֵשָׂ֔ו אֲשֶׁ֥ר יֻלְּדוּ־ ל֖וֹ בְּאֶ֥רֶץ כְּנָֽעַן ׃,ואהליבמה ילדה את יעיש ואת יעלמ ואת קרח אלה בני עשו אשר ילדו לו בארצ כנענ,17,ואהליבמה ילידת ית יעוש וית יעלם וית קרח אלין בני עשו די אתילידו ליה בארעא דכנען:,16,"καὶ Ὀλιβεμὰ ἔτεκεν τὸν Ἰεοὺς καὶ τὸν Ἰεγλὸμ καὶ τὸν Κόρε· οὗτοι υἱοὶ Ἠσαύ, οἳ ἐγένοντο αὐτῷ ἐν γῇ Χανάαν.",20,ܘܐܗܠܝܒܡܐ ܝܠ̣ܕܬ ܠܝܥܘܫ ܘܠܝܥܠܢ ܘܠܩܘܪܚ. ܗܠܝܢ ܒܢ̈ܘܗܝ ܕܥܣܘ. ܕܐܬܝܠܕܘ ܠܗ ܒܐܪܥܐ ܕܟܢܥܢ.,12,"e Aolíbama teve a Jeús, Jalão e Corá; estes são os filhos de Esaú, que lhe nasceram na terra de Canaã.",21,True,True,True
36,6,Gênesis 36:6,וַיִּקַּ֣ח עֵשָׂ֡ו אֶת־ נָ֠שָׁיו וְאֶת־ בָּנָ֣יו וְאֶת־ בְּנֹתָיו֮ וְאֶת־ כָּל־ נַפְשׁ֣וֹת בֵּיתוֹ֒ וְאֶת־ מִקְנֵ֣הוּ וְאֶת־ כָּל־ בְּהֶמְתּ֗וֹ וְאֵת֙ כָּל־ קִנְיָנ֔וֹ אֲשֶׁ֥ר רָכַ֖שׁ בְּאֶ֣רֶץ כְּנָ֑עַן וַיֵּ֣לֶךְ אֶל־ אֶ֔רֶץ מִפְּנֵ֖י יַעֲקֹ֥ב אָחִֽיו ׃,ויקח עשו את נשיו ואת בניו ואת בנתיו ואת כל נפשות ביתו ואת מקנהו ואת כל בהמתו ואת כל קנינו אשר רכש בארצ כנענ וילכ אל ארצ מפני יעקב אחיו,31,ודבר עשו ית נשוהי וית בנוהי וית בנתיה וית כל נפשת ביתיה וית גיתוהי וית כל בעיריה וית כל קניניה די קנא בארעא דכנען ואזל לארעא אחרי מן קדם יעקב אחוהי:,31,"ἔλαβεν δὲ Ἠσαὺ τὰς γυναῖκας αὐτοῦ καὶ τοὺς υἱοὺς καὶ τὰς θυγατέρας καὶ πάντα τὰ σώματα τοῦ οἴκου αὐτοῦ, καὶ πάντα τὰ ὑπάρχοντα καὶ τὰ κτήνη, καὶ πάντα ὅσα ἐκτήσατο καὶ ὅσα περιεποιήσατο ἐν γῇ Χανάαν· καὶ ἐπορεύθη ἐκ γῆς Χανάαν ἀπὸ προσώπου Ἰακὼβ τοῦ ἀδελφοῦ αὐτοῦ.",47,ܘܕܒ̣ܪ ܥܣܘ ܢܫ̈ܘܗܝ ܘܒܢ̈ܘܗܝ ܘܒܢ̈ܬܗ. ܘܟܠ ܢܦܫ̈ܬܐ ܕܒܝܬܗ . ܘܟܠܗ̇ ܒܥܝܪܗ. ܘܟܠܗ ܩܢܝܢܗ ܕܩܢ̣ܐ ܒܐܪܥܐ ܕܟܢܥܢ. ܘܐܙܠ ܠܐܪܥܐ ܕܣܥܝܪ ܡܢ ܩܕܡ ܝܥܩܘܒ ܐܚܘܗܝ.,23,"Depois Esaú tomou suas mulheres, seus filhos, suas filhas e todas as almas de sua casa, seu gado, todos os seus animais e todos os seus bens, que havia adquirido na terra de Canaã, e foi-se para outra terra, apartando-se de seu irmão Jacó.",44,True,True,True
36,7,Gênesis 36:7,כִּֽי־ הָיָ֧ה רְכוּשָׁ֛ם רָ֖ב מִשֶּׁ֣בֶת יַחְדָּ֑ו וְלֹ֨א יָֽכְלָ֜ה אֶ֤רֶץ מְגֽוּרֵיהֶם֙ לָשֵׂ֣את אֹתָ֔ם מִפְּנֵ֖י מִקְנֵיהֶֽם ׃,כי היה רכושמ רב משבת יחדו ולא יכלה ארצ מגוריהמ לשאת אתמ מפני מקניהמ,15,ארי הוה קנינהון סגי מלמתב כחדא ולא יכילת ארע תותבותהון לסוברא יתהון מן קדם גיתיהון:,15,"ἦν γὰρ αὐτῶν τὰ ὑπάρχοντα πολλὰ τοῦ οἰκεῖν ἅμα, καὶ οὐκ ἐδύνατο ἡ γῆ τῆς παροικήσεως αὐτῶν φέρειν αὐτοὺς ἀπὸ τοῦ πλήθους τῶν ὑπαρχόντων αὐτῶν.",25,ܡܛܠ ܕܣ̇ܓܝ ܗܘܐ ܩܢܝܢܗܘܢ ܠܡܬܒ ܐܟܚܕܐ. ܘܠܐ ܡܘܦܝܐ ܗܘܬ ܐܪܥܐ ܕܡܥܡܪܗܘܢ ܠܡܣܝܒܪܘ ܐܢܘܢ ܡܛܠ ܩܢܝܢܗܘܢ.,15,Porque os seus bens eram abundantes demais para habitarem juntos; e a terra de suas peregrinações não os podia sustentar por causa do seu gado.,25,True,True,True
36,8,Gênesis 36:8,וַיֵּ֤שֶׁב עֵשָׂו֙ בְּהַ֣ר שֵׂעִ֔יר עֵשָׂ֖ו ה֥וּא אֱדֽוֹם ׃,וישב עשו בהר שעיר עשו הוא אדומ,8,ויתיב עשו בטורא דשעיר עשו הוא אדום:,7,ᾤκησεν δὲ Ἠσαὺ ἐν τῷ ὄρει Σηείρ· Ἠσαὺ αὐτός ἐστιν Ἐδώμ.,11,ܘܝܬ̣ܒ ܥܣܘ ܒܛܘܪܐ ܕܣܥܝܪ. ܥܣܘ ܗܘܝܘ ܐܕܘܡ.,7,Portanto Esaú habitou no monte de Seir; Esaú é Edom.,10,True,True,True
36,9,Gênesis 36:9,וְאֵ֛לֶּה תֹּלְד֥וֹת עֵשָׂ֖ו אֲבִ֣י אֱד֑וֹם בְּהַ֖ר שֵׂעִֽיר ׃,ואלה תלדות עשו אבי אדומ בהר שעיר,8,ואלין תולדת עשו אבוהון דאדומאי בטורא דשעיר:,7,Αὗται δὲ αἱ γενέσεις Ἠσαὺ πατρὸς Ἐδὼμ ἐν τῷ ὄρει Σηείρ.,11,ܘܗܠܝܢ ܬܘ̈ܠܕܬܗ ܕܥܣܘ ܐܒܘܗܘܢ ܕܐ̈ܕܘܡܝܐ ܒܛܘܪܐ ܕܣܥܝܪ.,7,"Estas, pois, são as gerações de Esaú, pai dos edomeus, no monte de Seir:",14,True,True,True
36,10,Gênesis 36:10,אֵ֖לֶּה שְׁמ֣וֹת בְּנֵֽי־ עֵשָׂ֑ו אֱלִיפַ֗ז בֶּן־ עָדָה֙ אֵ֣שֶׁת עֵשָׂ֔ו רְעוּאֵ֕ל בֶּן־ בָּשְׂמַ֖ת אֵ֥שֶׁת עֵשָֽׂו ׃,אלה שמות בני עשו אליפז בנ עדה אשת עשו רעואל בנ בשמת אשת עשו,15,אלין שמהת בני עשו אליפז בר עדה אתת עשו רעואל בר בשמת אתת עשו:,14,"καὶ ταῦτα τὰ ὀνόματα τῶν υἱῶν Ἠσαύ· Ἐλιφάς, υἱὸς Ἀδὰ γυναικὸς Ἠσαύ, καὶ Ῥαγουήλ, υἱὸς Βασεμμὰθ γυναικὸς Ἠσαύ.",18,ܘܗܠܝܢ ܫܡ̈ܗܐ ܕܒܢ̈ܝ ܥܣܘ. ܪܥܘܐܝܠ ܒܪ ܒܣܡܬ ܐܢܬܬܗ ܕܥܣܘ . ܐܠܝܦܙ ܒܪ ܥܕܐ ܐܢܬܬܗ ܕܥܣܘ.,15,"Estes são os nomes dos filhos de Esaú: Elifaz, filho de Ada, mulher de Esaú; Reuel, filho de Basemate, mulher de Esaú.",22,True,True,True
36,11,Gênesis 36:11,וַיִּהְי֖וּ בְּנֵ֣י אֱלִיפָ֑ז תֵּימָ֣ן אוֹמָ֔ר צְפ֥וֹ וְגַעְתָּ֖ם וּקְנַֽז ׃,ויהיו בני אליפז תימנ אומר צפו וגעתמ וקנז,9,והוו בני אליפז תימן אומר צפו וגעתם וקנז:,8,"ἐγένοντο δὲ οἱ υἱοὶ Ἐλιφάς· Θαιμάν, Ὠμάν, Σωφάρ,Γοθὸμ καὶ Κενέζ.",10,ܘܗܘܘ ܒܢ̈ܘܗܝ ܕܐܠܝܦܙ. ܬܝܡܢ ܘܐܘܡܪ ܘܨܦܘ ܘܓܥܬܡ ܘܩܢܙ.,8,"E os filhos de Elifaz foram: Temã, Omar, Zefô, Gatã e Quenaz.",12,True,True,True
36,12,Gênesis 36:12,וְתִמְנַ֣ע ׀ הָיְתָ֣ה פִילֶ֗גֶשׁ לֶֽאֱלִיפַז֙ בֶּן־ עֵשָׂ֔ו וַתֵּ֥לֶד לֶאֱלִיפַ֖ז אֶת־ עֲמָלֵ֑ק אֵ֕לֶּה בְּנֵ֥י עָדָ֖ה אֵ֥שֶׁת עֵשָֽׂו ׃,ותמנע היתה פילגש לאליפז בנ עשו ותלד לאליפז את עמלק אלה בני עדה אשת עשו,17,ותמנע הות לחינתא לאליפז בר עשו וילידת לאליפז ית עמלק אלין בני עדה אתת עשו:,15,"Θαμνὰ δὲ ἦν παλλακὴ Ἐλιφὰς τοῦ υἱοῦ Ἠσαύ, καὶ ἔτεκεν τῷ Ἐλιφὰς τὸν Ἀμαλήκ. οὗτοι οἱ υἱοὶ Ἀδὰ γυναικὸς Ἠσαύ.",20,ܘܬܡܢܥ ܗܘܬ ܕܪܘܟܬܐ ܠܐܠܝܦܙ ܒܪ ܥܣܘ. ܘܝܠ̣ܕܬ ܠܐܠܝܦܙ ܠܥܡܠܝܩ. ܗܠܝܢ ܒܢ̈ܝܗ̇ ܕܥܕܐ ܐܢܬܬܗ ܕܥܣܘ.,14,"Timna era concubina de Elifaz, filho de Esaú, e teve de Elifaz a Amaleque. São esses os filhos de Ada, mulher de Esaú.",23,True,True,True
36,13,Gênesis 36:13,וְאֵ֨לֶּה֙ בְּנֵ֣י רְעוּאֵ֔ל נַ֥חַת וָזֶ֖רַח שַׁמָּ֣ה וּמִזָּ֑ה אֵ֣לֶּ֣ה הָי֔וּ בְּנֵ֥י בָשְׂמַ֖ת אֵ֥שֶׁת עֵשָֽׂו ׃,ואלה בני רעואל נחת וזרח שמה ומזה אלה היו בני בשמת אשת עשו,14,ואלין בני רעואל נחת וזרח שמה ומזה אלין הוו בני בשמת אתת עשו:,13,"οὗτοι δὲ υἱοὶ Ῥαγουήλ· Νάχομ, Ζάρε, Σομὲ καὶ Μοζέ· οὗτοι ἦσαν υἱοὶ Μασεμμὰθ γυναικὸς Ἠσαύ.",15,ܘܗܠܝܢ ܒܢ̈ܝ ܪܥܘܐܝܠ. ܢܚ̇ܬ ܘܙܪܚ. ܘܫܡ̇ܐ ܘܡܙܐ. ܗܠܝܢ ܒ̈ܢܝ ܒܣܡܬ ܐܢܬܬܗ ܕܥܣܘ.,12,"Foram estes os filhos de Reuel: Naate e Zerá, Sama e Mizá. Foram esses os filhos de Basemate, mulher de Esaú.",21,True,True,True
36,14,Gênesis 36:14,וְאֵ֣לֶּה הָי֗וּ בְּנֵ֨י אָהֳלִיבָמָ֧ה בַת־ עֲנָ֛ה בַּת־ צִבְע֖וֹן אֵ֣שֶׁת עֵשָׂ֑ו וַתֵּ֣לֶד לְעֵשָׂ֔ו אֶת־ יעיש וְאֶת־ יַעְלָ֖ם וְאֶת־ קֹֽרַח ׃,ואלה היו בני אהליבמה בת ענה בת צבעונ אשת עשו ותלד לעשו את יעיש ואת יעלמ ואת קרח,19,ואלין הוו בני אהליבמה בת ענה בת צבעון אתת עשו וילידת לעשו ית יעוש וית יעלם וית קרח:,18,"οὗτοι δὲ υἱοὶ Ἐλιβέμας θυγατρὸς Ἀνὰ τοῦ υἱοῦ Σεβεγών, γυναικὸς Ἠσαύ· ἔτεκεν δὲ τῷ Ἠσαὺ τὸν Ἰεὺς καὶ τὸν Ἰεγλὸμ καὶ τὸν Κόρε.",23,ܘܗܠܝܢ ܒܢ̈ܝ ܐܗܠܝܒܡܐ ܒܪܬ ܥܢܐ ܒܪ ܨܒܥܘܢ ܐܢܬܬܗ ܕܥܣܘ. ܘܝܠ̣ܕܬ ܠܥܣܘ. ܠܝܥܘܫ ܘܠܝܥܠܢ ܘܠܩܘܪܚ.,14,"Estes foram os filhos de Aolíbama, filha de Ana, filha de Zibeão, mulher de Esaú: ela teve de Esaú Jeús, Jalão e Corá.",23,True,True,True
36,15,Gênesis 36:15,אֵ֖לֶּה אַלּוּפֵ֣י בְנֵֽי־ עֵשָׂ֑ו בְּנֵ֤י אֱלִיפַז֙ בְּכ֣וֹר עֵשָׂ֔ו אַלּ֤וּף תֵּימָן֙ אַלּ֣וּף אוֹמָ֔ר אַלּ֥וּף צְפ֖וֹ אַלּ֥וּף קְנַֽז ׃,אלה אלופי בני עשו בני אליפז בכור עשו אלופ תימנ אלופ אומר אלופ צפו אלופ קנז,17,אלין רברבי בני עשו בני אליפז בוכרא דעשו רבא תימן רבא אומר רבא צפו רבא קנז:,16,"οὗτοι οἱ ἡγεμόνες υἱοῦ Ἠσαύ. υἱοὶ Ἐλιφὰς πρωτοτόκου Ἠσαύ· ἡγεμὼν Θαιμάν, ἡγεμὼν Ὠμάρ, ἡγεμὼν Σωφάρ, ἡγεμὼν Κενέζ,",17,ܘܗܠܝܢ ܪ̈ܘܪܒܢܐ ܕܒܢ̈ܝ ܥܣܘ. ܒܢ̈ܝ ܐܠܝܦܙ ܒܘܟܪܗ ܕܥܣܘ. ܪܒܐ ܬܝܡܢ. ܪܒܐ ܐܘܡܪ. ܪܒܐ ܨܦܘ. ܪܒܐ ܩܢܙ.,16,"São estes os chefes dos filhos de Esaú: dos filhos de Elifaz, o primogênito de Esaú, os chefes Temã, Omar, Zefô, Quenaz,",22,True,True,True
36,16,Gênesis 36:16,אַלּֽוּף־ קֹ֛רַח אַלּ֥וּף גַּעְתָּ֖ם אַלּ֣וּף עֲמָלֵ֑ק אֵ֣לֶּה אַלּוּפֵ֤י אֱלִיפַז֙ בְּאֶ֣רֶץ אֱד֔וֹם אֵ֖לֶּה בְּנֵ֥י עָדָֽה ׃,אלופ קרח אלופ געתמ אלופ עמלק אלה אלופי אליפז בארצ אדומ אלה בני עדה,15,רבא קרח רבא געתם רבא עמלק אלין רברבי דאליפז בארעא דאדום אלין בני עדה:,14,"ἡγεμὼν Κόρε, ἡγεμὼν Γοθά, ἡγεμὼν Ἀμαλήκ· οὗτοι ἡγεμόνες Ἐλιφὰς ἐν γῇ Ἰδουμαίᾳ, οὗτοι υἱοὶ Ἄδας.",15,ܪܒܐ ܓܥܬܡ. ܪܒܐ ܩܘܪܚ. ܪܒܐ ܥܡܠܝܩ. ܗܠܝܢ ܪ̈ܘܪܒܢܐ ܕܐܠܝܦܙ ܒܐܪܥܐ ܕܐܕܘܡ. ܗܠܝܢ ܒܢ̈ܝܗ̇ ܕܥܕܐ.,14,"Corá, Gatã e Amaleque. São esses os chefes que nasceram a Elifaz na terra de Edom; esses são os filhos de Ada.",22,True,True,True
36,17,Gênesis 36:17,וְאֵ֗לֶּה בְּנֵ֤י רְעוּאֵל֙ בֶּן־ עֵשָׂ֔ו אַלּ֥וּף נַ֨חַת֙ אַלּ֣וּף זֶ֔רַח אַלּ֥וּף שַׁמָּ֖ה אַלּ֣וּף מִזָּ֑ה אֵ֣לֶּה אַלּוּפֵ֤י רְעוּאֵל֙ בְּאֶ֣רֶץ אֱד֔וֹם אֵ֕לֶּה בְּנֵ֥י בָשְׂמַ֖ת אֵ֥שֶׁת עֵשָֽׂו ׃,ואלה בני רעואל בנ עשו אלופ נחת אלופ זרח אלופ שמה אלופ מזה אלה אלופי רעואל בארצ אדומ אלה בני בשמת אשת עשו,24,ואלין בני רעואל בר עשו רבא נחת רבא זרח רבא שמה רבא מזה אלין רברבי רעואל בארעא אדום אלין בני בשמת אתת עשו:,23,"καὶ οὗτοι υἱοὶ Ῥαγουὴλ υἱοῦ Ἠσαύ· ἡγεμὼν Νάχοθ, ἡγεμὼν Ζάρε, ἡγεμὼν Μοζέ, ἡγεμὼν Σομέ· οὗτοι ἡγεμόνες Ῥαγουὴλ ἐν γῇ Ἐδώμ, οὗτοι υἱοὶ Μασεμμὰθ γυναικὸς Ἠσαύ.",25,ܘܗܠܝܢ ܒ̈ܢܝ ܪܥܘܐܝܠ ܒܪ ܥܣܘ. ܪܒܐ ܢܚ̇ܬ. ܪܒܐ ܙܪܚ. ܪܒܐ ܫܡܐ. ܪܒܐ ܡܙܐ. ܗܠܝܢ ܪ̈ܘܪܒܢܐ ܕܪܥܘܐܝܠ ܒܐܪܥܐ ܕܐܕܘܡ. ܗܠܝܢ ܒܢ̈ܝܗ̇ ܕܒܣܡܬ ܐܢܬܬܗ ܕܥܣܘ.,23,"Estes são os filhos de Reuel, filho de Esaú: os chefes Naate, Zerá, Sama e Mizá; esses são os chefes que nasceram a Reuel na terra de Edom; esses são os filhos de Basemate, mulher de Esaú.",37,True,True,True
36,18,Gênesis 36:18,וְאֵ֗לֶּה בְּנֵ֤י אָהֳלִֽיבָמָה֙ אֵ֣שֶׁת עֵשָׂ֔ו אַלּ֥וּף יְע֛וּשׁ אַלּ֥וּף יַעְלָ֖ם אַלּ֣וּף קֹ֑רַח אֵ֣לֶּה אַלּוּפֵ֞י אָֽהֳלִיבָמָ֛ה בַּת־ עֲנָ֖ה אֵ֥שֶׁת עֵשָֽׂו ׃,ואלה בני אהליבמה אשת עשו אלופ יעוש אלופ יעלמ אלופ קרח אלה אלופי אהליבמה בת ענה אשת עשו,19,ואלין בני אהליבמה אתת עשו רבא יעוש רבא יעלם רבא קרח אלין רברבי אהליבמה בת ענה אתת עשו:,18,"οὗτοι δὲ υἱοὶ Ὀλιβέμας γυναικὸς Ἠσαύ· ἡγεμὼν Ἰεούλ, ἡγεμὼν Ἰεγλόμ, ἡγεμὼν Κόρε· οὗτοι ἡγεμόνες Ἐλιβέμας.",15,ܘܗܠܝܢ ܒܢ̈ܝ ܐܗܠܝܒܡܐ ܐܢܬܬܗ ܕܥܣܘ. ܪܒܐ ܝܥܘܫ. ܪܒܐ ܝܥܠܢ . ܪܒܐ ܩܘܪܚ. ܗܠܝܢ ܒܢ̈ܝ ܐܗܠܝܒܡܐ ܒܪܬ ܥܢܐ ܐܢܬܬܗ ܕܥܣܘ.,19,"Estes são os filhos de Aolíbama, mulher de Esaú: os chefes Jeús, Jalão e Corá; esses são os chefes que nasceram a líbama, filha de Ana, mulher de Esaú.",29,True,True,True
36,19,Gênesis 36:19,אֵ֧לֶּה בְנֵי־ עֵשָׂ֛ו וְאֵ֥לֶּה אַלּוּפֵיהֶ֖ם ה֥וּא אֱדֽוֹם ׃ ס,אלה בני עשו ואלה אלופיהמ הוא אדומ ס,9,אלין בני עשו ואלין רברבניהון הוא אדום:,7,"οὗτοι δὲ υἱοὶ Ἠσαύ, καὶ οὗτοι οἱ ἡγεμόνες αὐτῶν· οὗτοί εἰσιν οἱ ἡγεμόνες αὐτῶν, υἱοὶ Ἐδώμ.",16,ܗܠܝܢ ܒܢ̈ܝ ܥܣܘ ܘܗܠܝܢ ܪ̈ܘܪܒܢܝܗܘܢ. ܥܣܘ ܗܘܝܘ ܐܕܘܡ.,8,"Esses são os filhos de Esaú, e esses seus príncipes: ele é Edom.",13,True,True,True
36,20,Gênesis 36:20,אֵ֤לֶּה בְנֵֽי־ שֵׂעִיר֙ הַחֹרִ֔י יֹשְׁבֵ֖י הָאָ֑רֶץ לוֹטָ֥ן וְשׁוֹבָ֖ל וְצִבְע֥וֹן וַעֲנָֽה ׃,אלה בני שעיר החרי ישבי הארצ לוטנ ושובל וצבעונ וענה,11,אלין בני שעיר חוראה יתבי דארעא לוטן ושובל וצבעון וענה:,10,"Οὗτοι δὲ υἱοὶ Σηεὶρ τοῦ Χορραίου τοῦ κατοικοῦντος τὴν γῆν· Λωτάν, Σωβάλ, Σεβεγών, Ἀνὰ",14,ܘܗܠܝܢ ܒܢ̈ܝ ܣܥܝܪ ܚܘܪ̈ܝܐ ܝܬ̈ܒܝ ܐܪܥܐ. ܠܘܛܢ ܘܫܘܒܠ. ܘܨܒܥܘܢ ܘܥܢܐ.,10,"São estes os filhos de Seir, o horeu, moradores da terra: Lotã, Sobal, Zibeão, Anás,",15,True,True,True
36,21,Gênesis 36:21,וְדִשׁ֥וֹן וְאֵ֖צֶר וְדִישָׁ֑ן אֵ֣לֶּה אַלּוּפֵ֧י הַחֹרִ֛י בְּנֵ֥י שֵׂעִ֖יר בְּאֶ֥רֶץ אֱדֽוֹם ׃,ודשונ ואצר ודישנ אלה אלופי החרי בני שעיר בארצ אדומ,11,ודשון ואצר ודישן אלין רברבי חוראי בני שעיר בארעא דאדום:,10,καὶ Δησὼν καὶ Σάαρ καὶ Ῥεισών· οὗτοι οἱ ἡγεμόνες τοῦ Χορραίου τοῦ υἱοῦ Σηεὶρ ἐν τῇ γῇ Ἐδώμ.,18,ܘܕܝܫܘܢ ܘܐܨܪ ܘܕܝܫܢ. ܗܠܝܢ ܪ̈ܘܪܒܢܐ ܕܚܘܪ̈ܝܐ . ܒܢ̈ܝ ܣܥܝܪ ܒܐܪܥܐ ܕܐܕܘܡ.,11,"Disom, Eser e Disã; esses são os chefes dos horeus, filhos de Seir, na terra de Edom.",17,True,True,True
36,22,Gênesis 36:22,וַיִּהְי֥וּ בְנֵי־ לוֹטָ֖ן חֹרִ֣י וְהֵימָ֑ם וַאֲח֥וֹת לוֹטָ֖ן תִּמְנָֽע ׃,ויהיו בני לוטנ חרי והיממ ואחות לוטנ תמנע,9,והוו בני לוטן חורי והימם ואחתיה דלוטן תמנע:,8,ἐγένοντο δὲ υἱοὶ Λωτὰν Χορρεὶ καὶ Αἱμάν· ἀδελφὴ δὲ Λωτὰν Θαμνά.,11,ܘܗܘܘ ܒ̈ܢܝ ܠܘܛܢ. ܚܘܪܝ ܘܗܘܡܡ. ܘܚܬܗ ܕܠܘܛܢ ܬܡܢܥ.,8,Os filhos de Lotã foram: Hori e Hemã; e a irmã de Lotã era Timna.,15,True,True,True
36,23,Gênesis 36:23,וְאֵ֨לֶּה֙ בְּנֵ֣י שׁוֹבָ֔ל עַלְוָ֥ן וּמָנַ֖חַת וְעֵיבָ֑ל שְׁפ֖וֹ וְאוֹנָֽם ׃,ואלה בני שובל עלונ ומנחת ועיבל שפו ואונמ,9,ואלין בני שובל עלון ומנחת ועיבל שפו ואונם:,8,"οὗτοι δὲ υἱοὶ Σωβάλ· Γωλὼν καὶ Μαννάχαθ καὶ Γαιβήλ, Σὼφ καὶ Ὠμάν.",12,ܘܗܠܝܢ ܒ̈ܢܝ ܫܘܒܠ. ܐܠܘܢ ܘܡܢܚ̣ܬ ܘܥܘܒܠ ܘܫ̇ܦܪ ܘܐܘܝܡ.,8,"Estes são os filhos de Sobal: Alvã, Manaate, Ebal, Sefô e Onão.",12,True,True,True
36,24,Gênesis 36:24,וְאֵ֥לֶּה בְנֵֽי־ צִבְע֖וֹן וְאַיָּ֣ה וַעֲנָ֑ה ה֣וּא עֲנָ֗ה אֲשֶׁ֨ר מָצָ֤א אֶת־ הַיֵּמִם֙ בַּמִּדְבָּ֔ר בִּרְעֹת֥וֹ אֶת־ הַחֲמֹרִ֖ים לְצִבְע֥וֹן אָבִֽיו ׃,ואלה בני צבעונ ואיה וענה הוא ענה אשר מצא את היממ במדבר ברעתו את החמרימ לצבעונ אביו,18,ואלין בני צבעון ואיה וענה הוא ענה די אשכח ית גבריא במדברא כד הוה רעי ית חמריא לצבעון אבוהי:,19,"καὶ οὗτοι υἱοὶ Σεβεγών· Ἀιὲ καὶ Ὠνάν· οὗτός ἐστιν ὁ Ὠνᾶς ὃς εὗρεν τὸν Ἰαμεὶν ἐν τῇ ἐρήμῳ, ὅτε ἔνεμεν τὰ ὑποζύγια Σεβεγὼν τοῦ πατρὸς αὐτοῦ.",26,ܘܗܠܝܢ ܒܢ̈ܝ ܨܒܥܘܢ ܐܢܐ ܘܥܢܐ. ܗ̇ܘ ܥܢܐ ܕܐܫܟܚ ܠܗ ܡ̈ܝܐ ܒܡܕܒܪܐ. ܟܕ ܪܥ̇ܐ ܗܘܐ ܚܡܪ̈ܐ ܕܨܒܥܘܢ ܐܒܘܗܝ.,17,"Estes são os filhos de Zibeão: Aías e Anás; este é o Anás que achou as fontes termais no deserto, quando apascentava os jumentos de Zibeão, seu pai.",28,True,True,True
36,25,Gênesis 36:25,וְאֵ֥לֶּה בְנֵֽי־ עֲנָ֖ה דִּשֹׁ֑ן וְאָהֳלִיבָמָ֖ה בַּת־ עֲנָֽה ׃,ואלה בני ענה דשנ ואהליבמה בת ענה,8,ואלין בני ענה דשן ואהליבמה בת ענה:,7,οὗτοι δὲ υἱοὶ Ἀνά· Δησὼν καὶ Ὀλιβεμὰ θυγάτηρ Ἀνά.,9,ܘܗܠܝܢ ܒܢ̈ܝ ܥܢܐ. ܕܝܫܘܢ ܘܐܗܠܝܒܡܐ.,5,"São estes os filhos de Ana: Disom e Aolíbama, filha de Ana.",12,True,True,True
36,26,Gênesis 36:26,וְאֵ֖לֶּה בְּנֵ֣י דִישָׁ֑ן חֶמְדָּ֥ן וְאֶשְׁבָּ֖ן וְיִתְרָ֥ן וּכְרָֽן ׃,ואלה בני דישנ חמדנ ואשבנ ויתרנ וכרנ,8,ואלין בני דישן חמדן ואשבן ויתרן וכרן:,7,οὗτοι δὲ υἱοὶ Δησών· Ἁμαδὰ καὶ Ἀσβὰν καὶ Ἰεθρὰν καὶ Χαρράν.,11,ܘܗܠܝܢ ܒܢ̈ܝ ܕܝܫܘܢ. ܚܡܪܢ ܘܐܫܒܢ. ܘܝܬܪܢ ܘܟܪܢ.,7,"São estes os filhos de Disom: Hendã, Esbã, Itrã e Querã.",11,True,True,True
36,27,Gênesis 36:27,אֵ֖לֶּה בְּנֵי־ אֵ֑צֶר בִּלְהָ֥ן וְזַעֲוָ֖ן וַעֲקָֽן ׃,אלה בני אצר בלהנ וזעונ ועקנ,7,אלין בני אצר בלהן וזעון ועקן:,6,οὗτοι δὲ υἱοὶ Σάαρ· Βαλαὰν καὶ Ζουκὰμ καὶ Ἰωυκὰμ καὶ Οὐκάν.,11,ܘܗܠܝܢ ܒܢ̈ܝ ܐܨܪ. ܟܠܗܢ ܘܙܥܘܢ ܘܥܩܢ.,6,"Estes são os filhos de Eser: Bilã, Zaavã e Acã.",10,True,True,True
36,28,Gênesis 36:28,אֵ֥לֶּה בְנֵֽי־ דִישָׁ֖ן ע֥וּץ וַאֲרָֽן ׃,אלה בני דישנ עוצ וארנ,6,אלין בני דישן עוץ וארן:,5,οὗτοι δὲ υἱοὶ Ῥεισών· Ὢς καὶ Ἀράμ.,7,ܘܗܠܝܢ ܒ̈ܢܝ ܕܝܫܢ ܥܘܨ ܘܐܪܢ .,6,Estes são os filhos de Disã: Uz e Arã.,9,True,True,True
36,29,Gênesis 36:29,אֵ֖לֶּה אַלּוּפֵ֣י הַחֹרִ֑י אַלּ֤וּף לוֹטָן֙ אַלּ֣וּף שׁוֹבָ֔ל אַלּ֥וּף צִבְע֖וֹן אַלּ֥וּף עֲנָֽה ׃,אלה אלופי החרי אלופ לוטנ אלופ שובל אלופ צבעונ אלופ ענה,12,אלין רברבי חוראה רבא לוטן רבא שובל רבא צבעון רבא ענה:,11,"οὗτοι ἡγεμόνες Χορρεί· ἡγεμὼν Λωτάν, ἡγεμὼν Σωβάλ, ἡγεμὼν Σεβεγών, ἡγεμὼν Ἀνά,",11,ܘܗܠܝܢ ܪ̈ܘܪܒܢܐ ܕܚܘܪ̈ܝܐ . ܪܒܐ ܠܘܛܢ. ܪܒܐ ܫܘܒܠ. ܪܒܐ ܨܒܥܘܢ. ܪܒܐ ܥܢܐ.,12,"Estes são os chefes dos horeus: Lotã, Sobal, Zibeão, Anás,",10,True,True,True
36,30,Gênesis 36:30,אַלּ֥וּף דִּשֹׁ֛ן אַלּ֥וּף אֵ֖צֶר אַלּ֣וּף דִּישָׁ֑ן אֵ֣לֶּה אַלּוּפֵ֧י הַחֹרִ֛י לְאַלֻּפֵיהֶ֖ם בְּאֶ֥רֶץ שֵׂעִֽיר ׃ פ,אלופ דשנ אלופ אצר אלופ דישנ אלה אלופי החרי לאלפיהמ בארצ שעיר פ,14,רבא דשן רבא אצר רבא דישן אלין רברבי חוראה לרברבניהון בארעא דשעיר:,12,"ἡγεμὼν Δησών, ἡγεμὼν Σάαρ, ἡγεμὼν Ῥεισών· οὗτοι ἡγεμόνες Χορρεὶ ἐν ταῖς ἡγεμονίαις αὐτῶν ἐν γῇ Ἐδώμ.",16,ܪܒܐ ܕܝܫܘܢ. ܪܒܐ ܐܨܪ. ܪܒܐ ܕܝܫܢ. ܗܠܝܢ ܪ̈ܘܪܒܢܐ ܕܚܘܪ̈ܝܐ ܠܪ̈ܘܪܒܢܝܗܘܢ ܒܐܪܥܐ ܕܣܥܝܪ.,12,"Disom, Eser e Disã; esses são os chefes dos horeus que governaram na terra de Seir.",16,True,True,True
36,31,Gênesis 36:31,וְאֵ֨לֶּה֙ הַמְּלָכִ֔ים אֲשֶׁ֥ר מָלְכ֖וּ בְּאֶ֣רֶץ אֱד֑וֹם לִפְנֵ֥י מְלָךְ־ מֶ֖לֶךְ לִבְנֵ֥י יִשְׂרָאֵֽל ׃,ואלה המלכימ אשר מלכו בארצ אדומ לפני מלכ מלכ לבני ישראל,12,ואלין מלכיא די מליכו בארעא דאדום קדם די מלך מלכא לבני ישראל:,12,Καὶ οὗτοι οἱ βασιλεῖς οἱ βασιλεύσαντες ἐν Ἐδὼμ πρὸ τοῦ βασιλεῦσαι βασιλέα ἐν Ἰερουσαλήμ.,14,ܘܗܠܝܢ ܡ̈ܠܟܐ ܕܐܡܠܟܘ ܒܐܪܥܐ ܕܐܕܘܡ. ܩܕܡ ܕܢܡܠܟ ܡ̇ܠܟܐ ܠܒ̈ܢܝ ܐܝܣܪܝܠ.,10,"São estes os reis que reinaram na terra de Edom, antes que reinasse rei algum sobre os filhos de Israel.",20,True,True,True
36,32,Gênesis 36:32,וַיִּמְלֹ֣ךְ בֶּאֱד֔וֹם בֶּ֖לַע בֶּן־ בְּע֑וֹר וְשֵׁ֥ם עִיר֖וֹ דִּנְהָֽבָה ׃,וימלכ באדומ בלע בנ בעור ושמ עירו דנהבה,9,ומלך באדום בלע בר בעור ושום קרתיה דנהבה:,8,"καὶ ἐβασίλευσεν ἐν Ἐδὼμ Βάλακ υἱὸς τοῦ Βεώρ, καὶ ὄνομα τῇ πόλει αὐτοῦ Δεννάβα.",14,ܐܡܠܟ ܒܐܕܘܡ ܒܠܥ ܒܪ ܒܥܘܪ. ܘܫܡܐ ܕܩܪܝܬܗ ܕܝܗܒ.,8,"Reinou, pois, em Edom Belá, filho de Beor; e o nome da sua cidade era Dinabá.",16,True,True,True
36,33,Gênesis 36:33,וַיָּ֖מָת בָּ֑לַע וַיִּמְלֹ֣ךְ תַּחְתָּ֔יו יוֹבָ֥ב בֶּן־ זֶ֖רַח מִבָּצְרָֽה ׃,וימת בלע וימלכ תחתיו יובב בנ זרח מבצרה,9,ומית בלע ומלך תחותוהי יובב בר זרח מבצרה:,8,"ἀπέθανεν δὲ Βάλακ, καὶ ἐβασίλευσεν ἀντ᾽ αὐτοῦ Ἰωβὰδ υἱὸς Ζάρα ἐκ Βοσόρρας.",12,ܘܡܝܬ ܒܠܥ. ܘܐܡܠܟ ܒܬܪܗ ܝܘܒܒ ܒܪ ܙܪܚ ܡܢ ܒܘܨܪ.,9,"Morreu Belá; e Jobabe, filho de Zerá de Bozra, reinou em seu lugar.",13,True,True,True
36,34,Gênesis 36:34,וַיָּ֖מָת יוֹבָ֑ב וַיִּמְלֹ֣ךְ תַּחְתָּ֔יו חֻשָׁ֖ם מֵאֶ֥רֶץ הַתֵּימָנִֽי ׃,וימת יובב וימלכ תחתיו חשמ מארצ התימני,8,ומית יובב ומלך תחותוהי חשם מארעא דרומא:,7,"ἀπέθανεν δὲ Ἰωβάβ, καὶ ἐβασίλευσεν ἀντ᾽ αὐτοῦ Ἁσὸμ ἐκ γῆς Θεμανῶν.",11,ܘܡܝܬ ܝܘܒܒ. ܘܐܡܠܟ ܒܬܪܗ ܚܫ̣ܘܡ ܡܢ ܐܪܥܐ ܕܬܝܡܢܐ.,8,"Morreu Jobabe; e Husão, da terra dos temanitas, reinou em seu lugar.",12,True,True,True
36,35,Gênesis 36:35,וַיָּ֖מָת חֻשָׁ֑ם וַיִּמְלֹ֨ךְ תַּחְתָּ֜יו הֲדַ֣ד בֶּן־ בְּדַ֗ד הַמַּכֶּ֤ה אֶת־ מִדְיָן֙ בִּשְׂדֵ֣ה מוֹאָ֔ב וְשֵׁ֥ם עִיר֖וֹ עֲוִֽית ׃,וימת חשמ וימלכ תחתיו הדד בנ בדד המכה את מדינ בשדה מואב ושמ עירו עוית,16,ומית חשם ומלך תחותוהי הדד בר בדד דקטיל ית מדינאי בחקלא דמואב ושום קרתיה עוית:,15,"ἀπέθανεν δὲ Ἁσόμ, καὶ ἐβασίλευσεν ἀντ᾽ αὐτοῦ Ἁδὰδ υἱὸς Βαράδ, ὁ ἐκκόψας Μαδιὰμ ἐν τῷ πεδίῳ Μωάβ· καὶ ὄνομα τῇ πόλει αὐτοῦ Γεθθάιμ.",23,ܘܡܝܬ ܚܫܘܡ ܘܐܡܠܟ ܒܬܪܗ ܗܕܕ ܒܪ ܒܕܕ. ܕܩ̣ܛܠ ܠܡܕܝܢ̈ܝܐ ܒܚܩ̈ܠܬܐ ܕܡܘܐܒ. ܘܫܡܐ ܕܩܪܝܬܗ ܓܘܝܬ.,14,"Morreu Husão; e em seu lugar reinou Hadade, filho de Bedade, que feriu a Midiã no campo de Moabe; e o nome da sua cidade era Avite.",27,True,True,True
36,36,Gênesis 36:36,וַיָּ֖מָת הֲדָ֑ד וַיִּמְלֹ֣ךְ תַּחְתָּ֔יו שַׂמְלָ֖ה מִמַּשְׂרֵקָֽה ׃,וימת הדד וימלכ תחתיו שמלה ממשרקה,7,ומית הדד ומלך תחותוהי שמלה ממשרקה:,6,"ἀπέθανεν δὲ Ἁδάδ, καὶ ἐβασίλευσεν ἀντ᾽ αὐτοῦ Σαλαμὰ ἐκ Μασέκκας.",10,ܘܡܝܬ ܗܕܕ ܘܐܡܠܟ ܒܬܪܗ ܣܡܠܐ ܡܢ ܡܣܪܩܐ.,7,Morreu Hadade; e Sâmela de Masreca reinou em seu lugar.,10,True,True,True
36,37,Gênesis 36:37,וַיָּ֖מָת שַׂמְלָ֑ה וַיִּמְלֹ֣ךְ תַּחְתָּ֔יו שָׁא֖וּל מֵרְחֹב֥וֹת הַנָּהָֽר ׃,וימת שמלה וימלכ תחתיו שאול מרחבות הנהר,8,ומית שמלה ומלך תחותוהי שאול מרחובי דעל פרת:,8,"ἀπέθανεν δὲ Σαλαμά, καὶ ἐβασίλευσεν ἀντ᾽ αὐτοῦ Σαοὺλ ἐκ Ῥοωβὼθ τῆς παρὰ ποταμόν.",13,ܘܡܝܬ ܣܡܠܐ. ܘܐܡܠܟ ܒܬܪܗ ܫܐܘܠ ܡܢ ܪܚܒܘܬ ܢܗܪܐ.,8,Morreu Sâmela; e Saul de Reobote junto ao rio reinou em seu lugar.,13,True,True,True
36,38,Gênesis 36:38,וַיָּ֖מָת שָׁא֑וּל וַיִּמְלֹ֣ךְ תַּחְתָּ֔יו בַּ֥עַל חָנָ֖ן בֶּן־ עַכְבּֽוֹר ׃,וימת שאול וימלכ תחתיו בעל חננ בנ עכבור,9,ומית שאול ומלך תחותוהי בעל חנן בר עכבור:,8,"ἀπέθανεν δὲ Σαούλ, καὶ ἐβασίλευσεν ἀντ᾽ αὐτοῦ Βαλαεννὼν υἱὸς Ἀχοβώρ.",10,ܘܡܝܬ ܫܐܘܠ. ܘܐܡܠܟ ܒܬܪܗ ܒܥܠܚܢܢ ܒܪ ܥܒܟܘܪ.,7,"Morreu Saul; e Baal-Hanã, filho de Acbor, reinou em seu lugar.",11,True,True,True
36,39,Gênesis 36:39,וַיָּמָת֮ בַּ֣עַל חָנָ֣ן בֶּן־ עַכְבּוֹר֒ וַיִּמְלֹ֤ךְ תַּחְתָּיו֙ הֲדַ֔ר וְשֵׁ֥ם עִיר֖וֹ פָּ֑עוּ וְשֵׁ֨ם אִשְׁתּ֤וֹ מְהֵֽיטַבְאֵל֙ בַּת־ מַטְרֵ֔ד בַּ֖ת מֵ֥י זָהָֽב ׃,וימת בעל חננ בנ עכבור וימלכ תחתיו הדר ושמ עירו פעו ושמ אשתו מהיטבאל בת מטרד בת מי זהב,20,ומית בעל חנן בר עכבור ומלך תחותוהי הדר ושום קרתיה פעו ושום אתתיה מהיטבאל בת מטרד בת מצרף דהבא:,19,"ἀπέθανεν δὲ Βαλαεννὼν υἱὸς Ἀχοβώρ, καὶ ἐβασίλευσεν ἀντ᾽ αὐτοῦ Ἁρὰθ υἱὸς Βαράθ· καὶ ὄνομα τῇ πόλει αὐτοῦ Φόγωρ· ὄνομα δὲ τῇ γυναικὶ αὐτοῦ Μετεβεήλ, θυγάτηρ Ματραεὶθ υἱοῦ Μεζοόβ.",28,ܘܡܝܬ ܒܥܠܚܢܢ ܒܪ ܥܒܟܘܪ. ܘܐܡܠܟ ܒܬܪܗ ܗܕܕ ܘܫܡܐ ܕܩܪܝܬܗ ܦܥܘ. ܘܫܡܐ ܕܐܢܬܬܗ ܡܗܛܒܐܝܠ ܒܪܬ ܡܛܪܝܕ ܒܪ ܡܝܙܗܒ.,17,"Morreu Baal-Hanã, filho de Acbor; e Hadar reinou em seu lugar; e o nome da sua cidade era Paú; e o nome de sua mulher era Meetabel, filha de Matrede, filha de Me-Zaabe.",33,True,True,True
36,40,Gênesis 36:40,וְ֠אֵלֶּה שְׁמ֞וֹת אַלּוּפֵ֤י עֵשָׂו֙ לְמִשְׁפְּחֹתָ֔ם לִמְקֹמֹתָ֖ם בִּשְׁמֹתָ֑ם אַלּ֥וּף תִּמְנָ֛ע אַלּ֥וּף עַֽלְוָ֖ה אַלּ֥וּף יְתֵֽת ׃,ואלה שמות אלופי עשו למשפחתמ למקמתמ בשמתמ אלופ תמנע אלופ עלוה אלופ יתת,14,ואלין שמהת רברבי עשו לזרעיתהון לאתריהון בשמהתהון רבא תמנע רבא עלוה רבא יתת:,13,"ταῦτα τὰ ὀνόματα τῶν ἡγεμόνων Ἠσαὺ ἐν ταῖς φυλαῖς αὐτῶν κατὰ τόπον αὐτῶν, ἐν ταῖς χώραις αὐτῶν καὶ ἐν τοῖς ἔθνεσιν αὐτῶν · ἡγεμὼν Θαμνά, ἡγεμὼν Γωλά, ἡγεμὼν Ἰεβέρ,",29,ܘܗܠܝܢ ܫ̈ܡܗܐ ܕܪ̈ܘܪܒܢܐ ܕܥܣܘ ܠܫܪ̈ܒܬܗܘܢ ܠܬܘ̈ܠܕܬܗܘܢ ܒܫ̈ܡܗܝܗܘܢ ܪܒܐ ܬܡܢܥ. ܪܒܐ ܥܢܘܐ. ܪܒܐ ܐܝܬܝܬ.,13,"Estes são os nomes dos chefes dos filhos de Esaú, segundo as suas famílias, segundo os seus lugares, pelos seus nomes: os chefes Timna, Alva, Jetete,",26,True,True,True
36,41,Gênesis 36:41,אַלּ֧וּף אָהֳלִיבָמָ֛ה אַלּ֥וּף אֵלָ֖ה אַלּ֥וּף פִּינֹֽן ׃,אלופ אהליבמה אלופ אלה אלופ פיננ,7,רבא אהליבמה רבא אלה רבא פינן:,6,"ἡγεμὼν Ἐλιβεμᾶς, ἡγεμὼν Ἠλᾶς, ἡγεμὼν Φινές,",6,ܪܒܐ ܐܗܠܝܒܡܐ. ܪܒܐ ܐܝܠܐ . ܪܒܐ ܦܝܢܘܢ.,7,"Aolíbama, Elá, Pinom,",3,True,True,True
36,42,Gênesis 36:42,אַלּ֥וּף קְנַ֛ז אַלּ֥וּף תֵּימָ֖ן אַלּ֥וּף מִבְצָֽר ׃,אלופ קנז אלופ תימנ אלופ מבצר,7,רבא קנז רבא תימן רבא מבצר:,6,"ἡγεμὼν Κενέζ, ἡγεμὼν Θαιμάν, ἡγεμὼν Μαζάρ,",6,ܪܒܐ ܩܢܙ. ܪܒܐ ܬܝܡܢ. ܪܒܐ ܡܒ̣ܨܪ.,6,"Quenaz, Temã, Mibzar,",3,True,True,True
36,43,Gênesis 36:43,אַלּ֥וּף מַגְדִּיאֵ֖ל אַלּ֣וּף עִירָ֑ם אֵ֣לֶּה ׀ אַלּוּפֵ֣י אֱד֗וֹם לְמֹֽשְׁבֹתָם֙ בְּאֶ֣רֶץ אֲחֻזָּתָ֔ם ה֥וּא עֵשָׂ֖ו אֲבִ֥י אֱדֽוֹם ׃ פ,אלופ מגדיאל אלופ עירמ אלה אלופי אדומ למשבתמ בארצ אחזתמ הוא עשו אבי אדומ פ,17,רבא מגדיאל רבא עירם אלין רברבי אדום למותבנהון בארעא אחסנתהון הוא עשו אבוהון דאדומאי:,14,"ἡγεμὼν Μετοδιήλ, ἡγεμὼν Ζαφωεί· οὗτοι ἡγεμόνες Ἐδὼμ ἐν ταῖς κατῳκοδομημέναις ἐν τῇ γῇ τῆς κτήσεως αὐτῶν. οὗτος Ἠσαὺ πατὴρ Ἐδώμ.",20,ܪܒܐ ܡܓܕܝܠ ܪܒܐ ܓܝܪܡ. ܗܠܝܢ ܪ̈ܘܪܒܢܐ ܕܐ̈ܕܘܡܝܐ ܒܝܬ ܡܥܡܪܗܘܢ. ܒܐܪܥܐ ܕܝܪܬܘܬܗܘܢ ܗܘܝܘ ܥܣܘ ܐܒܘܗܘܢ ܕܐ̈ܕܘܡܝܐ.,15,"Magdiel e Irão; esses são os chefes de Edom, segundo as suas habitações, na terra ,da sua possessão. Este é Esaú, pai dos edomeus.",24,True,True,True
37,1,Gênesis 37:1,וַיֵּ֣שֶׁב יַעֲקֹ֔ב בְּאֶ֖רֶץ מְגוּרֵ֣י אָבִ֑יו בְּאֶ֖רֶץ כְּנָֽעַן ׃,וישב יעקב בארצ מגורי אביו בארצ כנענ,8,ויתיב יעקב בארעא תותבות אבוהי בארעא דכנען:,7,"Κατῴκει δὲ Ἰακὼβ ἐν τῇ γῇ οὗ παρῴκησεν ὁ πατὴρ αὐτοῦ, ἐν γῇ Χανάαν.",14,ܘܝܬ̣ܒ ܝܥܩܘܒ ܒܐܪܥܐ ܕܡܥܡܪܗ ܕܐܒܘܗܝ ܒܐܪܥܐ ܕܟܢܥܢ.,7,"Jacó habitava na terra das peregrinações de seu pai, na terra de Canaã.",13,True,True,True
37,2,Gênesis 37:2,אֵ֣לֶּה ׀ תֹּלְד֣וֹת יַעֲקֹ֗ב יוֹסֵ֞ף בֶּן־ שְׁבַֽע־ עֶשְׂרֵ֤ה שָׁנָה֙ הָיָ֨ה רֹעֶ֤ה אֶת־ אֶחָיו֙ בַּצֹּ֔אן וְה֣וּא נַ֗עַר אֶת־ בְּנֵ֥י בִלְהָ֛ה וְאֶת־ בְּנֵ֥י זִלְפָּ֖ה נְשֵׁ֣י אָבִ֑יו וַיָּבֵ֥א יוֹסֵ֛ף אֶת־ דִּבָּתָ֥ם רָעָ֖ה אֶל־ אֲבִיהֶֽם ׃,אלה תלדות יעקב יוספ בנ שבע עשרה שנה היה רעה את אחיו בצאנ והוא נער את בני בלהה ואת בני זלפה נשי אביו ויבא יוספ את דבתמ רעה אל אביהמ,32,אלין תולדת יעקב יוסף בר שבע עסרי שנין הוה רעי עם אחוהי בענא והוא מרבי עם בני בלהה ועם בני זלפה נשי אבוהי ואיתי יוסף ית דבהון בישא לות אבוהון:,30,"αὗται δὲ αἱ γενέσεις Ἰακώβ. Ἰωσὴφ δέκα ἑπτὰ ἐτῶν ἦν ποιμαίνων μετὰ τῶν ἀδελφῶν αὐτοῦ τὰ πρόβατα, ὢν νέος, μετὰ τῶν υἱῶν Βάλλας καὶ μετὰ τῶν υἱῶν Ζέλφας τῶν γυναικῶν τοῦ πατρὸς αὐτοῦ· κατήνεγκαν δὲ Ἰωσὴφ ψόγον πονηρὸν πρὸς Ἰσραὴλ τὸν πατέρα αὐτῶν.",43,ܘܗܠܝܢ ܬܘ̈ܠܕܬܗ ܕܝܥܩܘܒ. ܝܘܣܦ ܒܪ ܫܒܥܣܪܐ ܫ̈ܢܝܢ. ܪܥ̇ܐ ܗܘܐ ܥܡ ܐܚ̈ܘܗܝ ܥܢܐ. ܘܗ̣ܘ ܪܒ̇ܐ ܗܘܐ ܥܡ ܒܢ̈ܝ ܙܠܦܐ ܘܥܡ ܒܢ̈ܝ ܒܠܗܐ. ܢܫ̈ܘܗܝ ܕܐܒܘܗܝ. ܘܐܝܬܝ ܝܘܣܦ ܛܒܗܘܢ ܒܝ̣ܫܐ ܠܐܒܘܗܘܢ.,28,"Estas são as gerações de Jacó. José, aos dezessete anos de idade, estava com seus irmãos apascentando os rebanhos; sendo ainda jovem, andava com os filhos de Bila, e com os filhos de Zilpa, mulheres de seu pai; e José trazia a seu pai más notícias a respeito deles.",49,True,True,True
37,3,Gênesis 37:3,וְיִשְׂרָאֵ֗ל אָהַ֤ב אֶת־ יוֹסֵף֙ מִכָּל־ בָּנָ֔יו כִּֽי־ בֶן־ זְקֻנִ֥ים ה֖וּא ל֑וֹ וְעָ֥שָׂה ל֖וֹ כְּתֹ֥נֶת פַּסִּֽים ׃,וישראל אהב את יוספ מכל בניו כי בנ זקנימ הוא לו ועשה לו כתנת פסימ,16,וישראל רחם ית יוסף מכל בנוהי ארי בר חכים הוא ליה ועבד ליה כתונא דפסי:,15,"Ἰακὼβ δὲ ἠγάπα τὸν Ἰωσὴφ παρὰ πάντας τοὺς υἱοὺς αὐτοῦ, ὅτι υἱὸς γήρους ἦν αὐτῷ· ἐποίησεν δὲ αὐτῷ χιτῶνα ποικίλον.",20,ܘܐܝܣܪܝܠ ܪܚ̇ܡ ܗܘܐ ܠܗ ܠܝܘܣܦ ܝܬܝܪ ܡܢ ܟܠܗܘܢ ܒܢ̈ܘܗܝ. ܡܛܠ ܕܒܪ ܣܝܒܘܬܐ ܗܘܐ ܠܗ. ܘܥܒܕ ܠܗ ܟܘܬܝܢܐ ܕܦܕܝ̈ܬܐ.,18,"Israel amava mais a José do que a todos os seus filhos, porque era filho da sua velhice; e fez-lhe uma túnica de várias cores.",25,True,True,True
37,4,Gênesis 37:4,וַיִּרְא֣וּ אֶחָ֗יו כִּֽי־ אֹת֞וֹ אָהַ֤ב אֲבִיהֶם֙ מִכָּל־ אֶחָ֔יו וַֽיִּשְׂנְא֖וּ אֹת֑וֹ וְלֹ֥א יָכְל֖וּ דַּבְּר֥וֹ לְשָׁלֹֽם ׃,ויראו אחיו כי אתו אהב אביהמ מכל אחיו וישנאו אתו ולא יכלו דברו לשלמ,15,וחזו אחוהי ארי יתיה רחם אבוהון מכל אחוהי וסנו יתיה ולא צבן למללא עמיה לשלם:,15,"ἰδόντες δὲ οἱ ἀδελφοὶ αὐτοῦ ὅτι αὐτὸν ἐφίλει ὁ πατὴρ αὐτοῦ ἐκ πάντων τῶν υἱῶν αὐτοῦ, ἐμίσησαν αὐτόν, καὶ οὐκ ἐδύναντο λαλεῖν αὐτῷ οὐδὲν εἰρηνικόν.",25,ܘܚܙܘ ܐ̈ܚܘܗܝ ܕܠܗ ܪܚ̇ܡ ܗܘܐ ܐܒܘܗܘܢ. ܝܬܝܪ ܡܢ ܟܠܗܘܢ ܘܣܢܐܘܗܝ. ܘܠܐ ܐܫܟܚܘ ܠܡܡܠܠܘ ܥܡܗ ܫܠܡܐ.,15,"Vendo, pois, seus irmãos que seu pai o amava mais do que a todos eles, odiavam-no, e não lhe podiam falar pacificamente.",22,True,True,True
37,5,Gênesis 37:5,וַיַּחֲלֹ֤ם יוֹסֵף֙ חֲל֔וֹם וַיַּגֵּ֖ד לְאֶחָ֑יו וַיּוֹסִ֥פוּ ע֖וֹד שְׂנֹ֥א אֹתֽוֹ ׃,ויחלמ יוספ חלומ ויגד לאחיו ויוספו עוד שנא אתו,10,וחלם יוסף חלמא וחוי לאחוהי ואוסיפו עוד סנו יתיה:,9,"ἐνυπνιασθεὶς δὲ Ἰωσὴφ ἐνύπνιον ἀπήγγειλεν αὐτὸ τοῖς ἀδελφοῖς αὐτοῦ,",9,ܘܚ̣ܠܡ ܝܘܣܦ ܚܠܡܐ ܘܚܘܝܗ ܠܐ̈ܚܘܗܝ. ܘܐܘܣܦܘ ܠܡܣܢܝܗ.,7,"José teve um sonho, que contou a seus irmãos; por isso o odiaram ainda mais.",15,True,True,True
37,6,Gênesis 37:6,וַיֹּ֖אמֶר אֲלֵיהֶ֑ם שִׁמְעוּ־ נָ֕א הַחֲל֥וֹם הַזֶּ֖ה אֲשֶׁ֥ר חָלָֽמְתִּי ׃,ויאמר אליהמ שמעו נא החלומ הזה אשר חלמתי,9,ואמר להון שמעו כען חלמא הדין די חלמית:,8,καὶ εἶπεν αὐτοῖς Ἀκούσατε τοῦ ἐνυπνίου τούτου οὗ ἐνυπνιάσθην.,9,ܘܐܡ̣ܪ ܠܗܘܢ. ܫܡ̣ܥܘ ܚܠܡܐ ܗܢܐ ܕܚ̇ܠܡܬ.,6,"Pois ele lhes disse: Ouvi, peço-vos, este sonho que tive:",10,True,True,True
37,7,Gênesis 37:7,וְ֠הִנֵּה אֲנַ֜חְנוּ מְאַלְּמִ֤ים אֲלֻמִּים֙ בְּת֣וֹךְ הַשָּׂדֶ֔ה וְהִנֵּ֛ה קָ֥מָה אֲלֻמָּתִ֖י וְגַם־ נִצָּ֑בָה וְהִנֵּ֤ה תְסֻבֶּ֨ינָה֙ אֲלֻמֹּ֣תֵיכֶ֔ם וַתִּֽשְׁתַּחֲוֶ֖יןָ לַאֲלֻמָּתִֽי ׃,והנה אנחנו מאלמימ אלמימ בתוכ השדה והנה קמה אלמתי וגמ נצבה והנה תסבינה אלמתיכמ ותשתחוינ לאלמתי,17,והא אנחנא מאסרין אסרן בגו חקלא והא קמת אסרתי ואף אזדקפת והא מסתחרן אסרתכון וסגדן לאסרתי:,16,ᾤμην ὑμᾶς δεσμεύειν δράγματα ἐν μέσῳ τῷ πεδίῳ· καὶ ἀνέστη τὸ ἐμὸν δράγμα καὶ ὠρθώθη· περιστραφέντα δὲ τὰ δράγματα ὑμῶν προσεκύνησαν τὸ ἐμὸν δράγμα.,24,ܗܐ ܚܢܢ ܐ̇ܣܪܝܢܢ ܟ̈ܦܐ ܒܓܘ ܚܩܠܐ. ܘܗܐ ܩܡܬ ܟܦܝ ܘܐܙܕܩ̣ܦܬ. ܘܗܐ ܚܕܪ̈ܢ ܟܦܝ̈ܟܘܢ ܘܣܓܕܢ ܠܟܦܝ.,15,"Estávamos nós atando molhos no campo, e eis que o meu molho, levantando-se, ficou em pé; e os vossos molhos o rodeavam, e se inclinavam ao meu molho.",28,True,True,True
37,8,Gênesis 37:8,וַיֹּ֤אמְרוּ לוֹ֙ אֶחָ֔יו הֲמָלֹ֤ךְ תִּמְלֹךְ֙ עָלֵ֔ינוּ אִם־ מָשׁ֥וֹל תִּמְשֹׁ֖ל בָּ֑נוּ וַיּוֹסִ֤פוּ עוֹד֙ שְׂנֹ֣א אֹת֔וֹ עַל־ חֲלֹמֹתָ֖יו וְעַל־ דְּבָרָֽיו ׃,ויאמרו לו אחיו המלכ תמלכ עלינו אמ משול תמשל בנו ויוספו עוד שנא אתו על חלמתיו ועל דבריו,19,ואמרו ליה אחוהי המלכו את מדמי לממלך עלנא או שולטן את סביר למשלט בנא ואוסיפו עוד סנו יתיה על חלמוהי ועל פתגמוהי:,22,"εἶπαν δὲ αὐτῷ οἱ ἀδελφοί Μὴ βασιλεύων βασιλεύσεις ἐφ᾽ ἡμᾶς, ἢ κυριεύων κυριεύσεις ἡμῶν; καὶ προσέθεντο ἔτι μισεῖν αὐτὸν ἕνεκεν τῶν ἐνυπνίων αὐτοῦ καὶ ἕνεκεν τῶν ῥημάτων αὐτοῦ.",28,ܘܐܡܪܘ ܠܗ ܐܚ̈ܘܗܝ. ܡܡܠܟܘ ܡܡܠܟ ܐܢܬ ܥܠܝܢ ܐܘ ܡܫ̇ܬܠܛܘ ܡܫܬ̇ܠܛ ܐܢܬ ܒܢ. ܘܐܘܣܦܘ ܬܘܒ ܠܡܣܢܝܗ ܥܠ ܚ̈ܠܡܘܗܝ ܘܥܠ ܦܬ̈ܓܡܘܗܝ.,19,"Responderam-lhe seus irmãos: Tu pois, deveras reinarás sobre nós? Tu deveras terás domínio sobre nós? Por isso ainda mais o odiavam por causa dos seus sonhos e das suas palavras.",30,True,True,True
37,9,Gênesis 37:9,וַיַּחֲלֹ֥ם עוֹד֙ חֲל֣וֹם אַחֵ֔ר וַיְסַפֵּ֥ר אֹת֖וֹ לְאֶחָ֑יו וַיֹּ֗אמֶר הִנֵּ֨ה חָלַ֤מְתִּֽי חֲלוֹם֙ ע֔וֹד וְהִנֵּ֧ה הַשֶּׁ֣מֶשׁ וְהַיָּרֵ֗חַ וְאַחַ֤ד עָשָׂר֙ כּֽוֹכָבִ֔ים מִֽשְׁתַּחֲוִ֖ים לִֽי ׃,ויחלמ עוד חלומ אחר ויספר אתו לאחיו ויאמר הנה חלמתי חלומ עוד והנה השמש והירח ואחד עשר כוכבימ משתחוימ לי,21,וחלם עוד חלמא אחרנא ואשתעי יתיה לאחוהי ואמר הא חלמית חלמא עוד והא שמשא וסהרא וחד עשר כוכביא סגדן לי:,20,"ἴδεν δὲ ἐνύπνιον ἕτερον, καὶ διηγήσατο αὐτὸ τῷ πατρὶ αὐτοῦ καὶ τοῖς ἀδελφοῖς αὐτοῦ, καὶ εἶπεν Ἰδοὺ ἐνυπνιάσθην ἐνύπνιον ἕτερον· ὥσπερ ὁ ἥλιος καὶ ἡ σελήνη καὶ ἕνδεκα ἀστέρες προσεκύνουν με.",31,ܘܚ̣ܠܡ ܬܘܒ ܚܠܡܐ ܐܚܪܢܐ. ܘܐܫܬܥܝܗ ܠܐ̈ܚܘܗܝ ܘܐܡ̣ܪ ܠܗܘܢ . ܗܐ ܚܠܡܐ ܚ̇ܠܡܬ ܬܘܒ. ܘܗܐ ܫܡܫܐ ܘܣܗܪܐ ܘܚܕܥܣܪ ܟܘܟܒ̈ܝܢ ܣܓܕܝܢ ܠܝ.,20,"Teve José outro sonho, e o contou a seus irmãos, dizendo: Tive ainda outro sonho; e eis que o sol, e a lua, e onze estrelas se inclinavam perante mim.",30,True,True,True
37,10,Gênesis 37:10,וַיְסַפֵּ֣ר אֶל־ אָבִיו֮ וְאֶל־ אֶחָיו֒ וַיִּגְעַר־ בּ֣וֹ אָבִ֔יו וַיֹּ֣אמֶר ל֔וֹ מָ֛ה הַחֲל֥וֹם הַזֶּ֖ה אֲשֶׁ֣ר חָלָ֑מְתָּ הֲב֣וֹא נָב֗וֹא אֲנִי֙ וְאִמְּךָ֣ וְאַחֶ֔יךָ לְהִשְׁתַּחֲוֺ֥ת לְךָ֖ אָֽרְצָה ׃,ויספר אל אביו ואל אחיו ויגער בו אביו ויאמר לו מה החלומ הזה אשר חלמת הבוא נבוא אני ואמכ ואחיכ להשתחות לכ ארצה,24,ואשתעי לאבוהי ולאחוהי ונזף ביה אבוהי ואמר ליה מה חלמא הדין די חלמתא המיתא ניתי אנא ואמך ואחיך למסגד לך על ארעא:,22,καὶ ἐπετίμησεν αὐτῷ ὁ πατὴρ αὐτοῦ καὶ εἶπεν Τί τὸ ἐνύπνιον τοῦτο ὃ ἐνυπνιάσθης; ἆρά γε ἐλθόντες ἐλευσόμεθα ἐγώ τε καὶ ἡ μήτηρ σου καὶ οἱ ἀδελφοί σου προσκυνῆσαί σοι ἐπὶ τὴν γῆν;,33,ܘܐܫܬܥܝ ܠܐܒܘܗܝ ܘܠܐܚ̈ܘܗܝ. ܘܟܐܐ ܒܗ ܐܒܘܗܝ ܘܐܡ̣ܪ ܠܗ. ܡܢܘ ܚܠܡܐ ܗܢܐ ܕܚ̣ܠܡܬ. ܡܐܬܐ ܢܐܬܐ ܐܢܐ ܘܐܡܟ ܘܐܚ̈ܝܟ ܠܡܣܓܕ ܠܟ ܥܠ ܐܪܥܐ.,21,"Quando o contou a seu pai e a seus irmãos, repreendeu-o seu pai, e disse-lhe: Que sonho é esse que tiveste? Porventura viremos, eu e tua mãe, e teus irmãos, a inclinar-nos com o rosto em terra diante de ti?",40,True,True,True
37,11,Gênesis 37:11,וַיְקַנְאוּ־ ב֖וֹ אֶחָ֑יו וְאָבִ֖יו שָׁמַ֥ר אֶת־ הַדָּבָֽר ׃,ויקנאו בו אחיו ואביו שמר את הדבר,8,וקניאו ביה אחוהי ואבוהי נטר ית פתגמא:,7,ἐζήλωσαν δὲ αὐτὸν οἱ ἀδελφοὶ αὐτοῦ· ὁ δὲ πατὴρ αὐτοῦ διετήρησεν τὸ ῥῆμα.,13,ܘܛܢܘ ܒܗ ܐ̈ܚܘܗܝ. ܘܐܒܘܗܝ ܢ̇ܛܪ ܗܘܐ ܦܬܓܡ̈ܐ.,7,"Seus irmãos, pois, o invejavam; mas seu pai guardava o caso no seu coração.",14,True,True,True
37,12,Gênesis 37:12,וַיֵּלְכ֖וּ אֶחָ֑יו לִרְע֛וֹת אֶׄתׄ־ צֹ֥אן אֲבִיהֶ֖ם בִּשְׁכֶֽם ׃,וילכו אחיו לרעות את צאנ אביהמ בשכמ,8,ואזלו אחוהי למרעי ית ענא דאבוהון בשכם:,7,Ἐπορεύθησαν δὲ οἱ ἀδελφοὶ αὐτοῦ βόσκειν τὰ πρόβατα τοῦ πατρὸς αὐτῶν εἰς Συχέμ.,13,ܘܐܙܠܘ ܐܚ̈ܘܗܝ ܕܝܘܣܦ ܠܡܪܥܐ ܥܢܐ ܕܐܒܘܗܘܢ ܒܫܟܝܡ.,7,"Ora, foram seus irmãos apascentar o rebanho de seu pai, em Siquém.",12,True,True,True
37,13,Gênesis 37:13,וַיֹּ֨אמֶר יִשְׂרָאֵ֜ל אֶל־ יוֹסֵ֗ף הֲל֤וֹא אַחֶ֨יךָ֙ רֹעִ֣ים בִּשְׁכֶ֔ם לְכָ֖ה וְאֶשְׁלָחֲךָ֣ אֲלֵיהֶ֑ם וַיֹּ֥אמֶר ל֖וֹ הִנֵּֽנִי ׃,ויאמר ישראל אל יוספ הלוא אחיכ רעימ בשכמ לכה ואשלחכ אליהמ ויאמר לו הנני,15,ואמר ישראל ליוסף הלא אחיך רען בשכם אתא ואשלחנך לותהון ואמר ליה הא אנא:,14,καὶ εἶπεν Ἰσραὴλ πρὸς Ἰωσήφ Οὐχ οἱ ἀδελφοί σου ποιμαίνουσιν ἐν Συχέμ; δεῦρο ἀποστείλω σε πρὸς αὐτούς. εἶπεν δὲ αὐτῷ Ἰδοὺ ἐγώ.,22,ܘܐܡ̣ܪ ܐܝܣܪܝܠ ܠܝܘܣܦ. ܗܐ ܐ̈ܚܝܟ ܪܥ̇ܝܢ ܒܫܟܝܡ. ܬܐ ܐܫܕܪܟ ܠܘܬܗܘܢ. ܘܐܡ̣ܪ ܠܗ ܗܐ ܐܢܐ.,14,"Disse, pois, Israel a José: Não apascentam teus irmãos o rebanho em Siquém? Vem, e enviar-te-ei a eles. Respondeu-lhe José: Eis-me aqui.",22,True,True,True
37,14,Gênesis 37:14,וַיֹּ֣אמֶר ל֗וֹ לֶךְ־ נָ֨א רְאֵ֜ה אֶת־ שְׁל֤וֹם אַחֶ֨יךָ֙ וְאֶת־ שְׁל֣וֹם הַצֹּ֔אן וַהֲשִׁבֵ֖נִי דָּבָ֑ר וַיִּשְׁלָחֵ֨הוּ֙ מֵעֵ֣מֶק חֶבְר֔וֹן וַיָּבֹ֖א שְׁכֶֽמָה ׃,ויאמר לו לכ נא ראה את שלומ אחיכ ואת שלומ הצאנ והשבני דבר וישלחהו מעמק חברונ ויבא שכמה,19,ואמר ליה אזיל כען חזי ית שלמא דאחוך וית שלמא דענא ואתבני פתגמא ושלחיה ממישר חברון ואתא לשכם:,18,"εἶπεν δὲ αὐτῷ Ἰσραήλ Πορευθεὶς ἴδε εἰ ὑγιαίνουσιν οἱ ἀδελφοί σου καὶ τὰ πρόβατα, καὶ ἀνάγγειλόν μοι. καὶ ἀπέστειλεν αὐτὸν ἐκ τῆς κοιλάδος τῆς Χεβρών· καὶ ἦλθεν εἰς Συχέμ.",29,ܘܐܡ̣ܪ ܠܗ ܐܒܘܗܝ . ܙܠ ܚܙܝ ܫܠܡܐ ܕܐ̈ܚܝܟ ܘܫܠܡܐ ܕܥܢܐ ܘܐܬܝܒܝܢܝ ܦܬܓܡܐ. ܘܫܕܪܗ ܝܥܩܘܒ ܡܢ ܥܘܡܩܐ ܕܚܒܪܘܢ ܘܐܬ̣ܐ ܠܫܟܝܡ.,19,"Disse-lhe Israel: Vai, vê se vão bem teus irmãos, e o rebanho; e traze-me resposta. Assim o enviou do vale de Hebrom; e José foi a Siquém.",27,True,True,True
37,15,Gênesis 37:15,וַיִּמְצָאֵ֣הוּ אִ֔ישׁ וְהִנֵּ֥ה תֹעֶ֖ה בַּשָּׂדֶ֑ה וַיִּשְׁאָלֵ֧הוּ הָאִ֛ישׁ לֵאמֹ֖ר מַה־ תְּבַקֵּֽשׁ ׃,וימצאהו איש והנה תעה בשדה וישאלהו האיש לאמר מה תבקש,11,ואשכחיה גברא והא תעי בחקלא ושאלניה גברא למימר מה את בעי:,11,καὶ εὗρεν αὐτὸν ἄνθρωπος πλανώμενον ἐν τῷ πεδίῳ· ἠρώτησεν δὲ αὐτὸν ὁ ἄνθρωπος λέγων Τί ζητεῖς;,16,ܘܐܫܟܚܗ ܓܒܪܐ ܟܕ ܛܥ̇ܐ ܒܚܩܠܐ. ܘܫܐܠܗ ܓܒܪܐ ܗ̇ܘ ܘܐܡ̣ܪ ܠܗ . ܡܢܐ ܒ̇ܥܐ ܐܢܬ.,14,"E um homem encontrou a José, que andava errante pelo campo, e perguntou-lhe: Que procuras?",15,True,True,True
37,16,Gênesis 37:16,וַיֹּ֕אמֶר אֶת־ אַחַ֖י אָנֹכִ֣י מְבַקֵּ֑שׁ הַגִּֽידָה־ נָּ֣א לִ֔י אֵיפֹ֖ה הֵ֥ם רֹעִֽים ׃,ויאמר את אחי אנכי מבקש הגידה נא לי איפה המ רעימ,12,ואמר ית אחי אנא בעי חוי כען לי היכא אנון רען:,11,ὁ δὲ εἶπεν Τοὺς ἀδελφούς μου ζητῶ· ἀπάγγειλόν μοι ποῦ βόσκουσιν.,11,ܘܐܡ̣ܪ ܠܐܚ̈ܝ ܒ̇ܥܐ ܐܢܐ. ܚܘܢܝ ܐܝܟܐ ܪܥ̇ܝܢ.,7,"Respondeu ele: Estou procurando meus irmãos; dize-me, peço-te, onde apascentam eles o rebanho.",13,True,True,True
37,17,Gênesis 37:17,וַיֹּ֤אמֶר הָאִישׁ֙ נָסְע֣וּ מִזֶּ֔ה כִּ֤י שָׁמַ֨עְתִּי֙ אֹֽמְרִ֔ים נֵלְכָ֖ה דֹּתָ֑יְנָה וַיֵּ֤לֶךְ יוֹסֵף֙ אַחַ֣ר אֶחָ֔יו וַיִּמְצָאֵ֖ם בְּדֹתָֽן ׃,ויאמר האיש נסעו מזה כי שמעתי אמרימ נלכה דתינה וילכ יוספ אחר אחיו וימצאמ בדתנ,16,ואמר גברא נטלו מכא ארי שמעית דאמרין ניזל לדתן ואזל יוסף בתר אחוהי ואשכחנון בדתן:,15,"εἶπεν δὲ αὐτῷ ὁ ἄνθρωπος Ἀπήρκασιν ἐντεῦθεν· ἤκουσα γὰρ αὐτῶν λεγόντων Πορευθῶμεν εἰς Δωθάειμ. καὶ ἐπορεύθη Ἰωσὴφ κατόπισθεν τῶν ἀδελφῶν αὐτοῦ, καὶ εὗρεν αὐτοὺς εἰς Δωθάειμ.",26,ܐܡ̇ܪ ܠܗ ܓܒܪܐ. ܫܩ̣ܠܘ ܠܗܘܢ ܡܟܐ. ܘܫܡ̇ܥܬ ܕܐܡܪ̈ܝܢ. ܢܐܙܠ ܠܕܘܬܢ. ܘܐ̣ܙܠ ܝܘܣܦ ܒܬܪ ܐܚ̈ܘܗܝ. ܘܐܫܟܚ ܐܢܘܢ ܒܕܘܬܢ.,17,"Disse o homem: Foram-se daqui; pois ouvi-lhes dizer: Vamos a Dotã. José, pois, seguiu seus irmãos, e os achou em Dotã.",21,True,True,True
37,18,Gênesis 37:18,וַיִּרְא֥וּ אֹת֖וֹ מֵרָחֹ֑ק וּבְטֶ֨רֶם֙ יִקְרַ֣ב אֲלֵיהֶ֔ם וַיִּֽתְנַכְּל֥וּ אֹת֖וֹ לַהֲמִיתֽוֹ ׃,ויראו אתו מרחק ובטרמ יקרב אליהמ ויתנכלו אתו להמיתו,10,וחזו יתיה מרחיק עד לא קריב לותהון וחשיבו עלוהי למקטליה:,10,πρόιδον δὲ αὐτὸν μακρόθεν πρὸ τοῦ ἐγγίσαι αὐτὸν πρὸς αὐτούς· καὶ ἐπορεύοντο ἀποκτεῖναι αὐτόν.,14,ܘܚܙܐܘܗܝ ܡܢ ܪܘܚܩܐ. ܘܥܕܠܐ ܢܬܩܪܒ ܠܘܬܗܘܢ. ܡܬܚܫܒܝܢ ܗܘܘ ܥܠܘܗܝ ܠܡܩܛܠܗ.,10,"Eles o viram de longe e, antes que chegasse aonde estavam, conspiraram contra ele, para o matarem,",17,True,True,True
37,19,Gênesis 37:19,וַיֹּאמְר֖וּ אִ֣ישׁ אֶל־ אָחִ֑יו הִנֵּ֗ה בַּ֛עַל הַחֲלֹמ֥וֹת הַלָּזֶ֖ה בָּֽא ׃,ויאמרו איש אל אחיו הנה בעל החלמות הלזה בא,10,ואמרו גבר לאחוהי הא מרי חלמיא דיכי אתא:,8,εἶπαν δὲ ἕκαστος πρὸς τὸν ἀδελφὸν αὐτοῦ Ἰδοὺ ὁ ἐνυπνιαστὴς ἐκεῖνος ἔρχεται·,12,ܘܐܡܪܘ ܓܒܪ ܠܐܚܘܗܝ. ܗܐ ܚ̇ܠܡ ܚ̈ܠܡܐ ܗܘ ܐܬ̇ܐ.,8,dizendo uns aos outros: Eis que lá vem o sonhador!,10,True,True,True
37,20,Gênesis 37:20,וְעַתָּ֣ה ׀ לְכ֣וּ וְנַֽהַרְגֵ֗הוּ וְנַשְׁלִכֵ֨הוּ֙ בְּאַחַ֣ד הַבֹּר֔וֹת וְאָמַ֕רְנוּ חַיָּ֥ה רָעָ֖ה אֲכָלָ֑תְהוּ וְנִרְאֶ֕ה מַה־ יִּהְי֖וּ חֲלֹמֹתָֽיו ׃,ועתה לכו ונהרגהו ונשלכהו באחד הברות ואמרנו חיה רעה אכלתהו ונראה מה יהיו חלמתיו,16,וכען אתו ונקטלניה ונרמניה בחדא מן גביא ונימר חיתא בישתא אכלתיה ונחזי מה יהון בסוף חלמוהי:,16,"νῦν οὖν δεῦτε ἀποκτείνωμεν αὐτόν, καὶ ῥίψομεν αὐτὸν εἰς ἕνα τῶν λάκκων, καὶ ἐροῦμεν Θηρίον πονηρὸν κατέφαγεν αὐτόν· καὶ ὀψόμεθα τί ἔστιν τὰ ἐνύπνια αὐτοῦ.",25,ܬܘ ܢܩܛ̣ܠܝܘܗܝ ܘܢܪܡܝܘܗܝ ܒܚܕ ܡܢ ܓܘܒ̈ܐ. ܘܢܐܡܪ ܕܚܝܘܬܐ ܒܝܫܬܐ ܐܟܠܬܗ. ܘܢܚܙܐ ܡܢܐ ܗ̇ܘܐ ܠܚ̈ܠܡܘܗܝ.,14,"Vinde pois agora, matemo-lo e lancemo-lo numa das covas; e diremos: uma besta-fera o devorou. Veremos, então, o que será dos seus sonhos.",23,True,True,True
37,21,Gênesis 37:21,וַיִּשְׁמַ֣ע רְאוּבֵ֔ן וַיַּצִּלֵ֖הוּ מִיָּדָ֑ם וַיֹּ֕אמֶר לֹ֥א נַכֶּ֖נּוּ נָֽפֶשׁ ׃,וישמע ראובנ ויצלהו מידמ ויאמר לא נכנו נפש,9,ושמע ראובן ושזביה מידיהון ואמר לא נקטלניה נפש:,8,"ἀκούσας δὲ Ῥουβὴν ἐξείλατο αὐτὸν ἐκ τῶν χειρῶν αὐτῶν, καὶ εἶπεν Οὐ πατάξομεν αὐτὸν εἰς ψυχήν.",16,ܘܫܡ̣ܥ ܪܘܒܝܠ ܘܦܨܝܗ ܡܢ ܐ̈ܝܕܝܗܘܢ. ܘܐܡ̣ܪ ܠܗܘܢ . ܠܐ ܢܩܛܘܠ ܢܦܫܐ.,11,"Mas Rúben, ouvindo isso, livrou-o das mãos deles, dizendo: Não lhe tiremos a vida.",14,True,True,True
37,22,Gênesis 37:22,וַיֹּ֨אמֶר אֲלֵהֶ֣ם ׀ רְאוּבֵן֮ אַל־ תִּשְׁפְּכוּ־ דָם֒ הַשְׁלִ֣יכוּ אֹת֗וֹ אֶל־ הַבּ֤וֹר הַזֶּה֙ אֲשֶׁ֣ר בַּמִּדְבָּ֔ר וְיָ֖ד אַל־ תִּשְׁלְחוּ־ ב֑וֹ לְמַ֗עַן הַצִּ֤יל אֹתוֹ֙ מִיָּדָ֔ם לַהֲשִׁיב֖וֹ אֶל־ אָבִֽיו ׃,ויאמר אלהמ ראובנ אל תשפכו דמ השליכו אתו אל הבור הזה אשר במדבר ויד אל תשלחו בו למענ הציל אתו מידמ להשיבו אל אביו,26,ואמר להון ראובן לא תושדון דמא רמו יתיה לגבא הדין די במדברא וידא לא תושטון ביה בדיל לשיזבא יתיה מידיהון לאתבותיה לות אבוהי:,23,"εἶπεν δὲ αὐτοῖς Ῥουβήν Μὴ ἐκχέητε αἷμα· ἐμβάλετε δὲ αὐτὸν εἰς ἕνα τῶν λάκκων τῶν ἐν τῇ ἐρήμῳ, χεῖρα δὲ μὴ ἐπενέγκητε αὐτῷ· ὅπως ἐξέληται αὐτόν ἐκ τῶν χειρῶν αὐτῶν καὶ ἀποδῷ αὐτὸν τῷ πατρὶ αὐτοῦ.",36,ܘܐܡ̣ܪ ܠܗܘܢ ܪܘܒܝܠ. ܠܐ ܬܐܫܕܘܢ ܕܡܐ . ܐܪܡܐܘܗܝ ܒܓܘܒܐ ܗܢܐ ܕܒܡܕܒܪܐ. ܘܐܝܕܐ ܠܐ ܬܘܫܛܘܢ ܒܗ. ܕܢܦܨܝܘܗܝ ܡܢ ܐ̈ܝܕܝܗܘܢ ܘܢܗܦܟܝܘܗܝ ܠܐܒܘܗܝ.,20,"Também lhes disse Rúben: Não derrameis sangue; lançai-o nesta cova, que está no deserto, e não lanceis mão nele. Disse isto para livrá-lo das mãos deles, a fim de restituí-lo a seu pai.",33,True,True,True
37,23,Gênesis 37:23,וַֽיְהִ֕י כַּֽאֲשֶׁר־ בָּ֥א יוֹסֵ֖ף אֶל־ אֶחָ֑יו וַיַּפְשִׁ֤יטוּ אֶת־ יוֹסֵף֙ אֶת־ כֻּתָּנְתּ֔וֹ אֶת־ כְּתֹ֥נֶת הַפַּסִּ֖ים אֲשֶׁ֥ר עָלָֽיו ׃,ויהי כאשר בא יוספ אל אחיו ויפשיטו את יוספ את כתנתו את כתנת הפסימ אשר עליו,17,והוה כד על יוסף לות אחוהי ואשלחו ית יוסף ית כתוניה ית כתונא דפסי די עלוהי:,16,"ἐγένετο δὲ ἡνίκα ἦλθεν Ἰωσὴφ πρὸς τοὺς ἀδελφοὺς αὐτοῦ, ἐξέδυσαν τὸν Ἰωσὴφ τὸν χιτῶνα τὸν ποικίλον τὸν περὶ αὐτόν,",19,ܘܟܕ ܐܬ̣ܐ ܝܘܣܦ ܠܘܬ ܐ̈ܚܘܗܝ. ܐܫܠܚܘܗܝ ܟܘܬܝܢܐ ܕܦܕܝ̈ܬܐ ܕܠܒܝܫ ܗܘܐ.,10,"Logo que José chegou a seus irmãos, estes o despiram da sua túnica, a túnica de várias cores, que ele trazia;",21,True,True,True
37,24,Gênesis 37:24,וַיִּ֨קָּחֻ֔הוּ וַיַּשְׁלִ֥כוּ אֹת֖וֹ הַבֹּ֑רָה וְהַבּ֣וֹר רֵ֔ק אֵ֥ין בּ֖וֹ מָֽיִם ׃,ויקחהו וישלכו אתו הברה והבור רק אינ בו מימ,10,ונסבוהי ורמו יתיה לגבא וגבא ריקא לית ביה מיא:,9,καὶ λαβόντες αὐτὸν ἔρριψαν εἰς τὸν λάκκον· ὁ δὲ λάκκος ἐκεῖνος ὕδωρ οὐκ εἶχεν.,14,ܘܢܣܒܘܗܝ ܘܐܪܡܝܘܗܝ ܒܓܘܒܐ. ܘܓܘܒܐ ܣܪܝܩ ܗܘܐ ܘܠܝܬ ܒܗ ܡ̈ܝܐ.,9,"e tomando-o, lançaram-no na cova; mas a cova estava vazia, não havia água nela.",14,True,True,True
37,25,Gênesis 37:25,וַיֵּשְׁבוּ֮ לֶֽאֱכָל־ לֶחֶם֒ וַיִּשְׂא֤וּ עֵֽינֵיהֶם֙ וַיִּרְא֔וּ וְהִנֵּה֙ אֹרְחַ֣ת יִשְׁמְעֵאלִ֔ים בָּאָ֖ה מִגִּלְעָ֑ד וּגְמַלֵּיהֶ֣ם נֹֽשְׂאִ֗ים נְכֹאת֙ וּצְרִ֣י וָלֹ֔ט הוֹלְכִ֖ים לְהוֹרִ֥יד מִצְרָֽיְמָה ׃,וישבו לאכל לחמ וישאו עיניהמ ויראו והנה ארחת ישמעאלימ באה מגלעד וגמליהמ נשאימ נכאת וצרי ולט הולכימ להוריד מצרימה,20,ואסחרו למיכל לחמא וזקפו עיניהון וחזו והא שירת ערבאי אתיא מגלעד וגמליהון טעינין שעף וקטף ולטום אזלין לאחתא למצרים:,19,"ἐκάθισαν δὲ φαγεῖν ἄρτον· καὶ ἀναβλέψαντες τοῖς ὀφθαλμοῖς ἴδον, καὶ ἰδοὺ ὁδοιπόροι Ἰσμαηλεῖται ἤρχοντο ἐκ Γαλαάδ, καὶ οἱ κάμηλοι αὐτῶν ἔγεμον θυμιαμάτων καὶ ῥιτίνης καὶ στακτῆς· ἐπορεύοντο δὲ καταγαγεῖν εἰς Αἴγυπτον.",31,ܘܝܬܒܘ ܠܡ̣ܐܟܠ ܠܚܡܐ. ܘܐܪܝܡܘ ܥܝܢ̈ܝܗܘܢ ܘܚܙܝܢ. ܘܗܐ ܫܝܪܬܐ ܕܥܪ̈ܒܝܐ ܐܬܝܐ ܡܢ ܓܠܥܕ ܘܓܡ̈ܠܝܗܘܢ ܛܥܝܢܝܢ. ܪ̈ܗܛܢܐ ܘܨܪܘܐ ܘܒ̈ܛܡܐ. ܘܐܙܠܝܢ ܠܡܘܒܠܘ ܠܡܨܪܝܢ.,20,"Depois sentaram-se para comer; e, levantando os olhos, viram uma caravana de ismaelitas que vinha de Gileade; nos seus camelos traziam tragacanto, bálsamo e mirra, que iam levar ao Egito.",30,True,True,True
37,26,Gênesis 37:26,וַיֹּ֥אמֶר יְהוּדָ֖ה אֶל־ אֶחָ֑יו מַה־ בֶּ֗צַע כִּ֤י נַהֲרֹג֙ אֶת־ אָחִ֔ינוּ וְכִסִּ֖ינוּ אֶת־ דָּמֽוֹ ׃,ויאמר יהודה אל אחיו מה בצע כי נהרג את אחינו וכסינו את דמו,14,ואמר יהודה לאחוהי מה ממון נתהני לנא ארי נקטול ית אחונא ונכסי על דמיה:,14,εἶπεν δὲ Ἰούδας πρὸς τοὺς ἀδελφοὺς αὐτοῦ Τί χρήσιμον ἐὰν ἀποκτείνωμεν τὸν ἀδελφὸν ἡμῶν καὶ κρύψωμεν τὸ αἷμα αὐτοῦ;,19,ܘܐܡ̣ܪ ܝܗܘܕܐ ܠܐ̈ܚܘܗܝ. ܡܢܐ ܝܘܬܪܢܐ ܕܢܩܛܘܠ ܠܐܚܘܢ. ܘܢܟܣܐ ܕܡܗ.,9,Disse Judá a seus irmãos: De que nos aproveita matar nosso irmão e encobrir o seu sangue?,17,True,True,True
37,27,Gênesis 37:27,לְכ֞וּ וְנִמְכְּרֶ֣נּוּ לַיִּשְׁמְעֵאלִ֗ים וְיָדֵ֨נוּ֙ אַל־ תְּהִי־ ב֔וֹ כִּֽי־ אָחִ֥ינוּ בְשָׂרֵ֖נוּ ה֑וּא וַֽיִּשְׁמְע֖וּ אֶחָֽיו ׃,לכו ונמכרנו לישמעאלימ וידנו אל תהי בו כי אחינו בשרנו הוא וישמעו אחיו,14,אתו ונזבנניה לערבאי וידנא לא תהי ביה ארי אחונא בסרנא הוא וקבילו מניה אחוהי:,14,"δεῦτε ἀποδώμεθα αὐτὸν τοῖς Ἰσμαηλίταις τούτοις, αἱ δὲ χεῖρες ἡμῶν μὴ ἔστωσαν ἐπ᾽ αὐτόν, ὅτι ἀδελφὸς ἡμῶν καὶ σάρξ ἡμῶν ἐστίν. ἤκουσαν δὲ οἱ ἀδελφοὶ αὐτοῦ.",26,ܬܘ ܢܙܒܢܝܘܗܝ ܠܥܪ̈ܒܝܐ. ܘܐܝܕܢ ܠܐ ܬܗܘܐ ܒܗ. ܡܛܠ ܕܐܚܘܢ ܗܘ ܘܒܣܪܢ. ܘܫܡܥܘ ܡܢܗ ܐ̈ܚܘܗܝ.,14,"Vinde, vendamo-lo a esses ismaelitas, e não seja nossa mão sobre ele; porque é nosso irmão, nossa carne. E escutaram-no seus irmãos.",22,True,True,True
37,28,Gênesis 37:28,וַיַּֽעַבְרוּ֩ אֲנָשִׁ֨ים מִדְיָנִ֜ים סֹֽחֲרִ֗ים וַֽיִּמְשְׁכוּ֙ וַיַּֽעֲל֤וּ אֶת־ יוֹסֵף֙ מִן־ הַבּ֔וֹר וַיִּמְכְּר֧וּ אֶת־ יוֹסֵ֛ף לַיִּשְׁמְעֵאלִ֖ים בְּעֶשְׂרִ֣ים כָּ֑סֶף וַיָּבִ֥יאוּ אֶת־ יוֹסֵ֖ף מִצְרָֽיְמָה ׃,ויעברו אנשימ מדינימ סחרימ וימשכו ויעלו את יוספ מנ הבור וימכרו את יוספ לישמעאלימ בעשרימ כספ ויביאו את יוספ מצרימה,21,ועברו גברי מדינאי תגרי ונגידו ואסיקו ית יוסף מן גבא וזבינו ית יוסף לערבאי בעסרין כסף ואיתיו ית יוסף למצרים:,20,"καὶ παρεπορεύοντο οἱ ἄνθρωποι οἱ Μαδιηναῖοι οἱ ἔμποροι, καὶ ἐξείλκυσαν καὶ ἀνεβίβασαν τὸν Ἰωσὴφ ἐκ τοῦ λάκκου· καὶ ἀπέδοντο τὸν Ἰωσὴφ τοῖς Ἰσμαηλίταις εἴκοσι χρυσῶν· καὶ κατήγαγον τὸν Ἰωσὴφ εἰς Αἴγυπτον.",31,ܘܥܒܪܘ ܓܒܪ̈ܐ ܬܓܪ̈ܐ ܡܕܝܢ̈ܝܐ. ܘܢܓ̣ܕܘ ܐܣܩܘܗܝ ܠܝܘܣܦ ܡܢ ܓܘܒܐ. ܘܙܒܢܘܗܝ ܠܝܘܣܦ ܠܥܪ̈ܒܝܐ ܒܥܣܪ̈ܝܢ ܕܟܣܦܐ. ܘܐܝܬܝܘܗܝ ܠܡܨܪܝܢ.,16,"Ao passarem os negociantes midianitas, tiraram José, alçando-o da cova, e venderam-no por vinte siclos de prata aos ismaelitas, os quais o levaram para o Egito.",26,True,True,True
37,29,Gênesis 37:29,וַיָּ֤שָׁב רְאוּבֵן֙ אֶל־ הַבּ֔וֹר וְהִנֵּ֥ה אֵין־ יוֹסֵ֖ף בַּבּ֑וֹר וַיִּקְרַ֖ע אֶת־ בְּגָדָֽיו ׃,וישב ראובנ אל הבור והנה אינ יוספ בבור ויקרע את בגדיו,12,ותב ראובן לגבא והא לית יוסף בגבא ובזע ית לבושוהי:,10,"ἀνέστρεψεν δὲ Ῥουβὴν ἐπὶ τὸν λάκκον, καὶ οὐχ ὁρᾷ τὸν Ἰωσὴφ ἐν τῷ λάκκῳ· καὶ διέρρηξεν τὰ ἱμάτια αὐτοῦ.",19,ܘܗ̣ܦܟ ܪܘܒܝܠ ܠܓܘܒܐ. ܘܗܐ ܠܝܬ ܒܗ ܝܘܣܦ. ܘܨܪܝ ܠܒ̣ܘܫ̈ܘܗܝ.,9,"Ora, Rúben voltou à cova, e eis que José não estava na cova; pelo que rasgou as suas vestes",19,True,True,True
37,30,Gênesis 37:30,וַיָּ֥שָׁב אֶל־ אֶחָ֖יו וַיֹּאמַ֑ר הַיֶּ֣לֶד אֵינֶ֔נּוּ וַאֲנִ֖י אָ֥נָה אֲנִי־ בָֽא ׃,וישב אל אחיו ויאמר הילד איננו ואני אנה אני בא,11,ותב לות אחוהי ואמר עולימא ליתוהי ואנא לאן אנא אתי:,10,καὶ ἀνέστρεψεν πρὸς τοὺς ἀδελφοὺς αὐτοῦ καὶ εἶπεν Τὸ παιδάριον ⸆ οὐκ ἔστιν· ἐγὼ δὲ ποῦ πορεύομαι ἔτι;,18,ܘܗܦܟ ܠܘܬ ܐ̈ܚܘܗܝ. ܘܐܡ̣ܪ ܠܗܘܢ . ܛܠܝܐ ܐܝܟܘ . ܐܢܐ ܠܐܝܟܐ ܐ̇ܙܠ ܐܢܐ.,13,"e, tornando a seus irmãos, disse: O menino não aparece; e eu, aonde irei?",14,True,True,True
37,31,Gênesis 37:31,וַיִּקְח֖וּ אֶת־ כְּתֹ֣נֶת יוֹסֵ֑ף וַֽיִּשְׁחֲטוּ֙ שְׂעִ֣יר עִזִּ֔ים וַיִּטְבְּל֥וּ אֶת־ הַכֻּתֹּ֖נֶת בַּדָּֽם ׃,ויקחו את כתנת יוספ וישחטו שעיר עזימ ויטבלו את הכתנת בדמ,12,ונסיבו ית כתונא דיוסף ונכיסו צפיר בר עזי וטבלו ית כתונא בדמא:,12,λαβόντες δὲ τὸν χιτῶνα τοῦ Ἰωσὴφ ἔσφαξαν ἔριφον αἰγῶν καὶ ἐμόλυναν τὸν χιτῶνα αἵματι.,14,ܘܢܣܒܘܗ̇ ܠܟܘܬܝܢܗ ܕܝܘܣܦ. ܘܢܟܣܘ ܨܦܪܝܐ ܕܥܙ̈ܐ. ܘܦܠܦܠܘܗ̇ ܠܟܘܬܝܢܐ ܒܕܡܗ.,9,"Tomaram, então, a túnica de José, mataram um cabrito, e tingiram a túnica no sangue.",15,True,True,True
37,32,Gênesis 37:32,וַֽיְשַׁלְּח֞וּ אֶת־ כְּתֹ֣נֶת הַפַּסִּ֗ים וַיָּבִ֨יאוּ֙ אֶל־ אֲבִיהֶ֔ם וַיֹּאמְר֖וּ זֹ֣את מָצָ֑אנוּ הַכֶּר־ נָ֗א הַכְּתֹ֧נֶת בִּנְךָ֛ הִ֖וא אִם־ לֹֽא ׃,וישלחו את כתנת הפסימ ויביאו אל אביהמ ויאמרו זאת מצאנו הכר נא הכתנת בנכ הוא אמ לא,18,ושלחו ית כתונא דפסי ואיתיו לות אבוהון ואמרו דא אשכחנא אשתמודע כען הכתונא דברך היא אם לא:,17,"καὶ ἀπέστειλαν τὸν χιτῶνα τὸν ποικίλον καὶ εἰσήνεγκαν τῷ πατρὶ αὐτῶν, καὶ εἶπαν Τοῦτον εὕρομεν· ἐπίγνωθι εἰ χιτὼν τοῦ υἱοῦ σού ἐστιν ἢ οὔ.",24,ܘܫܕܪܘܗ̇ ܠܟܘܬܝܢܐ ܕܦܕ̈ܝܬܐ. ܘܐܝܬܝܘܗ̇ ܠܐܒܘܗܘܢ. ܘܐܡܪܘ ܗܕܐ ܐܫܟܚܢ. ܐܫܬܘܕܥ ܟܘܬܝܢܐ ܐܢ ܕܒܪܟ ܗܝ ܐܘ ܠܐ.,15,"Enviaram a túnica de várias cores, mandando levá-la a seu pai e dizer-lhe: Achamos esta túnica; vê se é a túnica de teu filho, ou não.",26,True,True,True
37,33,Gênesis 37:33,וַיַּכִּירָ֤הּ וַיֹּ֨אמֶר֙ כְּתֹ֣נֶת בְּנִ֔י חַיָּ֥ה רָעָ֖ה אֲכָלָ֑תְהוּ טָרֹ֥ף טֹרַ֖ף יוֹסֵֽף ׃,ויכירה ויאמר כתנת בני חיה רעה אכלתהו טרפ טרפ יוספ,11,ואשתמודעה ואמר כתונא דברי חיתא בישתא אכלתיה מקטל קטיל יוסף:,10,"καὶ ἐπέγνω αὐτὸν καὶ εἶπεν Χιτὼν τοῦ υἱοῦ μού ἐστιν· θηρίον πονηρὸν κατέφαγεν αὐτόν, θηρίον ἥρπασεν τὸν Ἰωσήφ.",18,ܘܐܫܬܘܕܥܗ̇ ܘܐܡ̣ܪ. ܟܘܬܝܢܐ ܕܒܪܝ ܗܝ. ܚܝܘܬܐ ܒܝܫܬܐ ܐܟܠܬܗ. ܡܬܒܪ ܬܒܝܪ ܝܘܣܦ ܒܪܝ.,12,Ele a reconheceu e exclamou: A túnica de meu filho! uma besta-fera o devorou; certamente José foi despedaçado.,18,True,True,True
37,34,Gênesis 37:34,וַיִּקְרַ֤ע יַעֲקֹב֙ שִׂמְלֹתָ֔יו וַיָּ֥שֶׂם שַׂ֖ק בְּמָתְנָ֑יו וַיִּתְאַבֵּ֥ל עַל־ בְּנ֖וֹ יָמִ֥ים רַבִּֽים ׃,ויקרע יעקב שמלתיו וישמ שק במתניו ויתאבל על בנו ימימ רבימ,12,ובזע יעקב לבושוהי ואסר שקא בחרציה ואתאבל על בריה יומין סגיאין:,11,"διέρρηξεν δὲ Ἰακὼβ τὰ ἱμάτια αὐτοῦ, καὶ ἐπέθετο σάκκον ἐπὶ τὴν ὀσφὺν αὐτοῦ, καὶ ἐπένθει τὸν υἱὸν αὐτοῦ ἡμέρας τινάς.",20,ܘܨܪܝ ܝܥܩܘܒ ܠܒ̈ܘܫܘܗܝ ܘܐܣܪ ܣܩܐ ܒܚܨ̈ܘܗܝ. ܘܐܬܐܒܠ ܥܠ ܒܪܗ ܝܘܡ̈ܬܐ ܣ̈ܓܝܐܐ.,11,"Então Jacó rasgou as suas vestes, e pôs saco sobre os seus lombos e lamentou seu filho por muitos dias.",20,True,True,True
37,35,Gênesis 37:35,וַיָּקֻמוּ֩ כָל־ בָּנָ֨יו וְכָל־ בְּנֹתָ֜יו לְנַחֲמ֗וֹ וַיְמָאֵן֙ לְהִתְנַחֵ֔ם וַיֹּ֕אמֶר כִּֽי־ אֵרֵ֧ד אֶל־ בְּנִ֛י אָבֵ֖ל שְׁאֹ֑לָה וַיֵּ֥בְךְּ אֹת֖וֹ אָבִֽיו ׃,ויקמו כל בניו וכל בנתיו לנחמו וימאנ להתנחמ ויאמר כי ארד אל בני אבל שאלה ויבכ אתו אביו,19,וקמו כל בנוהי וכל בנתיה לנחמותיה וסריב לקבלא תנחומין ואמר ארי אחות לות ברי כד אבילא לשאול ובכא יתיה אבוהי:,20,"συνήχθησαν δὲ πάντες οἱ υἱοὶ αὐτοῦ καὶ αἱ θυγατέρες, καὶ ἦλθον παρακαλέσαι αὐτόν· καὶ οὐκ ἤθελεν παρακαλεῖσθαι, λέγων ὅτι Καταβήσομαι πρὸς τὸν υἱόν μου πενθῶν εἰς ᾅδου· καὶ ἔκλαυσεν αὐτὸν ὁ πατὴρ αὐτοῦ.",33,ܘܩܡܘ ܟܠܗܘܢ ܒܢ̈ܘܗܝ ܘܟܠܗܝܢ ܒܢ̈ܬܗ ܠܡܒܝܐܘܬܗ. ܘܠܐ ܨܒ̣ܐ ܠܡܬܒܝܐܘ ܘܐܡ̣ܪ. ܐܚܘܬ ܥܠ ܒܪܝ ܟܕ ܐܒܝܠ ܐܢܐ ܠܫܝܘܠ. ܘܒܟܝܗܝ ܐܒܘܗܝ.,19,"E levantaram-se todos os seus filhos e todas as suas filhas, para o consolarem; ele, porém, recusou ser consolado, e disse: Na verdade, com choro hei de descer para meu filho até o Seol. Assim o chorou seu pai.",39,True,True,True
37,36,Gênesis 37:36,וְהַ֨מְּדָנִ֔ים מָכְר֥וּ אֹת֖וֹ אֶל־ מִצְרָ֑יִם לְפֽוֹטִיפַר֙ סְרִ֣יס פַּרְעֹ֔ה שַׂ֖ר הַטַּבָּחִֽים ׃ פ,והמדנימ מכרו אתו אל מצרימ לפוטיפר סריס פרעה שר הטבחימ פ,12,ומדינאי זבינו יתיה למצרים לפוטיפר רבא דפרעה רב קטוליא:,9,οἱ δὲ Μαδιηναῖοι ἀπέδοντο τὸν Ἰωσὴφ εἰς Αἴγυπτον τῷ Πετρεφῇ τῷ σπάδοντι Φαραὼ ἀρχιμαγείρῳ.,14,ܘܡܕܝܢ̈ܝܐ ܙܒܢܘܗܝ ܒܡܨܪܝܢ. ܠܦܘܛܝܦܪ ܡܗܝܡܢܐ ܪܒ ܕܚܫ̈ܐ ܕܦܪܥܘܢ.,8,"Os midianitas venderam José no Egito a Potifar, oficial de Faraó, capitão da guarda.",14,True,True,True
38,1,Gênesis 38:1,וַֽיְהִי֙ בָּעֵ֣ת הַהִ֔וא וַיֵּ֥רֶד יְהוּדָ֖ה מֵאֵ֣ת אֶחָ֑יו וַיֵּ֛ט עַד־ אִ֥ישׁ עֲדֻלָּמִ֖י וּשְׁמ֥וֹ חִירָֽה ׃,ויהי בעת ההוא וירד יהודה מאת אחיו ויט עד איש עדלמי ושמו חירה,14,והוה בעדנא ההיא ונחת יהודה מלות אחוהי וסטא עד גברא עדלמאה ושמיה חירה:,13,"Ἐγένετο δὲ ἐν τῷ καιρῷ ἐκείνῳ κατέβη Ἰούδας ἀπὸ τῶν ἀδελφῶν αὐτοῦ, καὶ ἀφίκετο ἕως πρὸς ἄνθρωπόν τινα Ὀδολλαμίτην ᾧ ὄνομα Εἱρᾶς.",22,ܘܗܘ̣ܐ ܒܙܒܢܐ ܗ̇ܘ. ܘܢܚ̣ܬ ܝܗܘܕܐ ܡܢ ܠܘܬ ܐܚ̈ܘܗܝ. ܘܣ̣ܛܐ ܠܘܬ ܓܒܪܐ ܥܪܠܡܝܐ ܘܫܡܗ ܚܝܪܐ.,14,"Nesse tempo Judá desceu de entre seus irmãos e entrou na casa dum adulamita, que se chamava Hira,",18,True,True,True
38,2,Gênesis 38:2,וַיַּרְא־ שָׁ֧ם יְהוּדָ֛ה בַּת־ אִ֥ישׁ כְּנַעֲנִ֖י וּשְׁמ֣וֹ שׁ֑וּעַ וַיִּקָּחֶ֖הָ וַיָּבֹ֥א אֵלֶֽיהָ ׃,וירא שמ יהודה בת איש כנעני ושמו שוע ויקחה ויבא אליה,12,וחזא תמן יהודה בת גבר תגרא ושמיה שוע ונסבה ועל לותה:,11,καὶ ἴδεν ἐκεῖ Ἰούδας θυγατέρα ἀνθρώπου Χαναναίου ᾗ ὄνομα Σαύα· καὶ ἔλαβεν αὐτὴν καὶ εἰσῆλθεν πρὸς αὐτήν.,17,ܘܚ̣ܙܐ ܬܡܢ ܝܗܘܕܐ ܒܪܬ ܓܒܪܐ ܟܢܥܢܝܐ. ܘܫܡܗ̇ ܫܘܥ. ܘܢܣܒܗ̇ ܘܥܠ ܠܘܬܗ̇.,11,"e viu Judá ali a filha de um cananeu, que se chamava Suá; tomou-a por mulher, e esteve com ela.",20,True,True,True
38,3,Gênesis 38:3,וַתַּ֖הַר וַתֵּ֣לֶד בֵּ֑ן וַיִּקְרָ֥א אֶת־ שְׁמ֖וֹ עֵֽר ׃,ותהר ותלד בנ ויקרא את שמו ער,8,ועדיאת וילידת בר וקרא ית שמיה ער:,7,"καὶ συλλαβοῦσα ἔτεκεν υἱόν, καὶ ἐκάλεσεν τὸ ὄνομα αὐτοῦ Ἤρ.",10,ܘܒܛ̣ܢܬ ܘܝܠ̣ܕܬ ܠܗ ܒܪܐ. ܘܩܪܐ ܫܡܗ ܥܝܪ.,7,"Ela concebeu e teve um filho, e o pai chamou-lhe Er.",11,True,True,True
38,4,Gênesis 38:4,וַתַּ֥הַר ע֖וֹד וַתֵּ֣לֶד בֵּ֑ן וַתִּקְרָ֥א אֶת־ שְׁמ֖וֹ אוֹנָֽן ׃,ותהר עוד ותלד בנ ותקרא את שמו אוננ,9,ועדיאת עוד וילידת בר וקרת ית שמיה אונן:,8,"καὶ συλλαβοῦσα ἔτι ἔτεκεν υἱόν, καὶ ἐκάλεσεν τὸ ὄνομα αὐτοῦ Αὐνάν.",11,ܘܒ̣ܛܢܬ ܬܘܒ ܘܝܠܕܬ ܒܪܐ. ܘܩ̣ܪܐ ܫܡܗ ܐܘܢܢ.,7,"Tornou ela a conceber e teve um filho, a quem ela chamou Onã.",13,True,True,True
38,5,Gênesis 38:5,וַתֹּ֤סֶף עוֹד֙ וַתֵּ֣לֶד בֵּ֔ן וַתִּקְרָ֥א אֶת־ שְׁמ֖וֹ שֵׁלָ֑ה וְהָיָ֥ה בִכְזִ֖יב בְּלִדְתָּ֥הּ אֹתֽוֹ ׃,ותספ עוד ותלד בנ ותקרא את שמו שלה והיה בכזיב בלדתה אתו,13,ואוסיפת עוד וילידת בר וקרת ית שמיה שלה והוה בכזיב כד ילידת יתיה:,13,"καὶ προσθεῖσα ἔτι ἔτεκεν υἱόν, καὶ ἐκάλεσεν τὸ ὄνομα αὐτοῦ Σηλώμ· αὕτη δὲ ἦν ἐν Χασβὶ ἡνίκα ἔτεκεν αὐτούς.",19,ܘܐܘܣ̣ܦܬ ܬܘܒ ܘܝܠ̣ܕܬ ܒܪܐ. ܘܩ̣ܪܐ ܫܡܗ ܫܠܐ. ܘܦܣ̣ܩܬ ܗܘܬ ܟܕ ܝܠܕܬܗ.,11,"Teve ainda mais um filho, e chamou-lhe Selá. Estava Judá em Quezibe, quando ela o teve.",16,True,True,True
38,6,Gênesis 38:6,וַיִּקַּ֧ח יְהוּדָ֛ה אִשָּׁ֖ה לְעֵ֣ר בְּכוֹר֑וֹ וּשְׁמָ֖הּ תָּמָֽר ׃,ויקח יהודה אשה לער בכורו ושמה תמר,8,ונסיב יהודה אתתא לער בוכריה ושמה תמר:,7,"⸂⸆⸃ καὶ ἔλαβεν Ἰούδας γυναῖκα Ἢρ τῷ πρωτοτόκῳ αὐτοῦ, ᾗ ὄνομα Θαμάρ.",12,ܘܢܣ̣ܒ ܝܗܘܕܐ ܐܢܬܬܐ ܠܥܝܪ ܒܘܟܪܗ. ܘܫܡܗ̇ ܬܡܪ.,7,"Depois Judá tomou para Er, o seu primogênito, uma mulher, por nome Tamar.",13,True,True,True
38,7,Gênesis 38:7,וַיְהִ֗י עֵ֚ר בְּכ֣וֹר יְהוּדָ֔ה רַ֖ע בְּעֵינֵ֣י יְהוָ֑ה וַיְמִתֵ֖הוּ יְהוָֽה ׃,ויהי ער בכור יהודה רע בעיני יהוה וימתהו יהוה,10,והוה ער בוכרא דיהודה ביש קדם יי ואמיתיה יי:,9,"ἐγένετο δὲ Ἢρ πρωτότοκος Ἰούδα πονηρὸς ἐναντίον Κυρίου, καὶ ἀπέκτεινεν αὐτὸν ὁ θεός.",13,ܘܗܘ̣ܐ ܥܝܪ ܒܘܟܪܗ ܕܝܗܘܕܐ ܒܝܫ ܩܕܡ ܡܪܝܐ. ܘܐܡܝܬܗ ܡܪܝܐ.,9,"Ora, Er, o primogênito de Judá, era mau aos olhos do Senhor, pelo que o Senhor o matou.",18,True,True,True
38,8,Gênesis 38:8,וַיֹּ֤אמֶר יְהוּדָה֙ לְאוֹנָ֔ן בֹּ֛א אֶל־ אֵ֥שֶׁת אָחִ֖יךָ וְיַבֵּ֣ם אֹתָ֑הּ וְהָקֵ֥ם זֶ֖רַע לְאָחִֽיךָ ׃,ויאמר יהודה לאוננ בא אל אשת אחיכ ויבמ אתה והקמ זרע לאחיכ,13,ואמר יהודה לאונן עול לות אתת אחוך ויבם יתה ואקים זרעא לאחוך:,12,"εἶπεν δὲ Ἰούδας τῷ Αὐνάν Εἴσελθε πρὸς τὴν γυναῖκα τοῦ ἀδελφοῦ σου καὶ γάμβρευσαι αὐτήν, καὶ ἀνάστησον σπέρμα τῷ ἀδελφῷ σου.",21,ܘܐܡ̣ܪ ܝܗܘܕܐ ܠܐܘܢܢ ܒܪܗ . ܥܘܠ ܥܠ ܐܢܬܬ ܐܚܘܟ ܘܝܒܡܝܗ̇. ܘܐܩܝܡ ܙܪܥܐ ܠܐܚܘܟ.,13,"Então disse Judá a Onã: Toma a mulher de teu irmão, e cumprindo-lhe o dever de cunhado, suscita descendência a teu irmão.",22,True,True,True
38,9,Gênesis 38:9,וַיֵּ֣דַע אוֹנָ֔ן כִּ֛י לֹּ֥א ל֖וֹ יִהְיֶ֣ה הַזָּ֑רַע וְהָיָ֞ה אִם־ בָּ֨א אֶל־ אֵ֤שֶׁת אָחִיו֙ וְשִׁחֵ֣ת אַ֔רְצָה לְבִלְתִּ֥י נְתָן־ זֶ֖רַע לְאָחִֽיו ׃,וידע אוננ כי לא לו יהיה הזרע והיה אמ בא אל אשת אחיו ושחת ארצה לבלתי נתנ זרע לאחיו,20,וידע אונן ארי לא על שמיה מתקרי זרעא והוה כד עליל לות אתת אחוהי ומחבל ארחיה על ארעא בדיל דלא לקימא זרעא לאחוהי:,23,"γνοὺς δὲ Αὐνὰν ὅτι οὐκ αὐτῷ ἔσται τὸ σπέρμα, ἐγίνετο, ὅταν εἰσήρχετο πρὸς τὴν γυναῖκα τοῦ ἀδελφοῦ αὐτοῦ, ἐξέχεεν ἐπὶ τὴν γῆν τοῦ μὴ δοῦναι σπέρμα τῷ ἀδελφῷ αὐτοῦ.",29,ܘܝܕܥ̣ ܐܘܢܢ ܕܠܗ ܠܐ ܗ̇ܘܐ ܙܪܥܐ. ܘܡܐ ܕܥܐ̇ܠ ܗܘܐ ܥܠ ܐܢܬܬ ܐܚܘܗܝ. ܡ̇ܚܒܠ ܗܘܐ ܥܠ ܐܪܥܐ ܕܠܐ ܢܩܝܡ ܙܪܥܐ ܠܐܚܘܗܝ.,20,"Onã, porém, sabia que tal descendência não havia de ser para ele; de modo que, toda vez que se unia à mulher de seu irmão, derramava o sêmen no chão para não dar descendência a seu irmão.",37,True,True,True
38,10,Gênesis 38:10,וַיֵּ֛רַע בְּעֵינֵ֥י יְהוָ֖ה אֲשֶׁ֣ר עָשָׂ֑ה וַיָּ֖מֶת גַּם־ אֹתֽוֹ ׃,וירע בעיני יהוה אשר עשה וימת גמ אתו,9,ובאיש קדם יי די עבד ואמית אף יתיה:,8,"πονηρὸν δὲ ἐφάνη τὸ ῥῆμα ἐναντίον τοῦ θεοῦ ὅτι ἐποίησεν τοῦτο, καὶ ἐθανάτωσεν καὶ τοῦτον.",15,ܘܐܬܐܒܫ ܩܕܡ ܡܪܝܐ ܡܕܡ ܕܥܒ̣ܕ ܘܐܡܝܬܗ ܐܦ ܠܗ.,8,"E o que ele fazia era mau aos olhos do Senhor, pelo que o matou também a ele.",18,True,True,True
38,11,Gênesis 38:11,וַיֹּ֣אמֶר יְהוּדָה֩ לְתָמָ֨ר כַּלָּת֜וֹ שְׁבִ֧י אַלְמָנָ֣ה בֵית־ אָבִ֗יךְ עַד־ יִגְדַּל֙ שֵׁלָ֣ה בְנִ֔י כִּ֣י אָמַ֔ר פֶּן־ יָמ֥וּת גַּם־ ה֖וּא כְּאֶחָ֑יו וַתֵּ֣לֶךְ תָּמָ֔ר וַתֵּ֖שֶׁב בֵּ֥ית אָבִֽיהָ ׃,ויאמר יהודה לתמר כלתו שבי אלמנה בית אביכ עד יגדל שלה בני כי אמר פנ ימות גמ הוא כאחיו ותלכ תמר ותשב בית אביה,25,ואמר יהודה לתמר כלתיה תיבי ארמלא בית אביך עד דרבא שלה ברי ארי אמר דלמא ימות אף הוא כאחהי ואזלת תמר ויתיבת בית אבוהא:,24,εἶπεν δὲ Ἰούδας Θαμὰρ τῇ νύμφῃ αὐτοῦ Κάθου χήρα ἐν τῷ οἴκῳ τοῦ πατρός σου ἕως μέγας γένηται Σηλὼμ ὁ υἱός μου· εἶπεν γάρ Μή ποτε ἀποθάνῃ καὶ οὗτος ὥσπερ οἱ ἀδελφοὶ αὐτοῦ. ἀπελθοῦσα δὲ Θαμὰρ ἐκάθητο ἐν τῷ οἴκῳ τοῦ πατρὸς αὐτῆς.,43,ܘܐܡ̣ܪ ܝܗܘܕܐ ܠܬܡܪ ܟܠܬܗ. ܬܒܝ ܒܐܪܡܠܘܬܐ ܒܝܬ ܐܒܘܟܝ. ܥܕܡܐ ܕܢܪܒܐ ܫܠܐ ܒܪܝ. ܡܛܠ ܕܐܡ̣ܪ. ܕܠܡܐ ܢܡܘܬ ܐܦ ܗ̣ܘ ܐܝܟ ܐܚ̈ܘܗܝ. ܘܐܙܠ̣ܬ ܬܡܪ ܘܝܬ̣ܒܬ ܒܝܬ ܐܒܘܗ̇.,25,"Então disse Judá a Tamar sua nora: Conserva-te viúva em casa de teu pai, até que Selá, meu filho, venha a ser homem; porquanto disse ele: Para que porventura não morra também este, como seus irmãos. Assim se foi Tamar e morou em casa de seu pai.",47,True,True,True
38,12,Gênesis 38:12,וַיִּרְבּוּ֙ הַיָּמִ֔ים וַתָּ֖מָת בַּת־ שׁ֣וּעַ אֵֽשֶׁת־ יְהוּדָ֑ה וַיִּנָּ֣חֶם יְהוּדָ֗ה וַיַּ֜עַל עַל־ גֹּֽזֲזֵ֤י צֹאנוֹ֙ ה֗וּא וְחִירָ֛ה רֵעֵ֥הוּ הָעֲדֻלָּמִ֖י תִּמְנָֽתָה ׃,וירבו הימימ ותמת בת שוע אשת יהודה וינחמ יהודה ויעל על גזזי צאנו הוא וחירה רעהו העדלמי תמנתה,19,וסגיאו יומיא ומתת בת שוע אתת יהודא ואתנחם יהודה וסליק על גוזזי עניה הוא וחירה רחמיה עדלמאה לתמנת:,18,"ἐπληθύνθησαν δὲ αἱ ἡμέραι καὶ ἀπέθανεν Σαύα ἡ γυνὴ Ἰούδα· καὶ παρακληθεὶς Ἰούδας ἀνέβη ἐπὶ τοὺς κείροντας τὰ πρόβατα αὐτοῦ, αὐτὸς καὶ Εἱρᾶς ὁ ποιμὴν αὐτοῦ ὁ Ὀδολλαμείτης, εἰς Θαμνά.",30,ܘܣܓܝܘ ܝܘܡ̈ܬܐ. ܘܡܝܬܬ ܒܪܬ ܫܘܥ ܐܢܬܬܗ ܕܝܗܘܕܐ. ܘܐܬܒܝܐ ܝܗܘܕܐ. ܘܣܠ̣ܩ ܠܘܬ ܓܙܝ̈ ܥܢܗ. ܗ̣ܘ ܘܚܝܪܐ ܪܚܡܗ ܥܪܠܡܝܐ ܠܬܡܢܬ.,18,"Com o correr do tempo, morreu a filha de Suá, mulher de Judá. Depois de consolado, Judá subiu a Timnate para ir ter com os tosquiadores das suas ovelhas, ele e Hira seu amigo, o adulamita.",36,True,True,True
38,13,Gênesis 38:13,וַיֻּגַּ֥ד לְתָמָ֖ר לֵאמֹ֑ר הִנֵּ֥ה חָמִ֛יךְ עֹלֶ֥ה תִמְנָ֖תָה לָגֹ֥ז צֹאנֽוֹ ׃,ויגד לתמר לאמר הנה חמיכ עלה תמנתה לגז צאנו,10,ואתחוא לתמר למימר הא חמויך סלק לתמנת למיגז עניה:,9,καὶ ἀπηγγέλη Θαμὰρ τῇ νύμφῃ αὐτοῦ λέγοντες Ἰδοὺ ὁ πενθερός σου ἀνέβη εἰς Θαμνὰ κεῖραι τὰ πρόβατα αὐτοῦ.,18,ܘܚܘܝܘ ܠܬܡܪ ܘܐܡܪܘ ܠܗ̇. ܗܐ ܚܡܘܟܝ ܣ̇ܠܩ ܠܬܡܢܬ ܠܡܓܙ ܥܢܗ.,10,"E deram aviso a Tamar, dizendo: Eis que o teu sogro sobe a Timnate para tosquiar as suas ovelhas.",19,True,True,True
38,14,Gênesis 38:14,וַתָּסַר֩ בִּגְדֵ֨י אַלְמְנוּתָ֜הּ מֵֽעָלֶ֗יהָ וַתְּכַ֤ס בַּצָּעִיף֙ וַתִּתְעַלָּ֔ף וַתֵּ֨שֶׁב֙ בְּפֶ֣תַח עֵינַ֔יִם אֲשֶׁ֖ר עַל־ דֶּ֣רֶךְ תִּמְנָ֑תָה כִּ֤י רָאֲתָה֙ כִּֽי־ גָדַ֣ל שֵׁלָ֔ה וְהִ֕וא לֹֽא־ נִתְּנָ֥ה ל֖וֹ לְאִשָּֽׁה ׃,ותסר בגדי אלמנותה מעליה ותכס בצעיפ ותתעלפ ותשב בפתח עינימ אשר על דרכ תמנתה כי ראתה כי גדל שלה והוא לא נתנה לו לאשה,25,ואעדיאת לבושי ארמלותה מנה ואתכסיאת בעיפא ואתקנת ויתיבת בפרשות עינין די על ארח תמנת ארי חזת ארי רבא שלה והיא לא אתיהיבת ליה לאנתו:,24,"καὶ περιελομένη τὰ ἱμάτια τῆς χηρεύσεως ἀφ᾽ ἑαυτῆς περιεβάλετο θερίστρῳ καὶ ἐκαλλωπίσατο, καὶ ἐκάθισεν πρὸς ταῖς πύλαις Αἰνάν, ἥ ἐστιν ἐν παρόδῳ Θαμνά· ἴδεν γὰρ ὅτι μέγας γέγονεν Σηλὼμ ὁ υἱὸς αὐτοῦ, αὐτὸς δὲ οὐκ ἔδωκεν αὐτὴν αὐτῷ γυναῖκα.",39,ܘܐܥܒ̣ܪܬ ܠܒܘ̈ܫܝ ܐܪܡܠܘܬܗ̇ ܡܢܗ̇. ܘܐܬܟܣܝܬ ܒܐܪܕܝܕܐ ܘܐܨܛܒܬܬ ܘܝܬ̣ܒܬ ܒܦܠܫܬ ܐܘܪ̈ܚܬܐ. ܕܒܐܘܪܚܐ ܕܬܡܢܬ. ܡܛܠ ܕܚܙܬ ܕܪܒܐ ܫܠܐ. ܘܗ̣ܝ ܠܐ ܡܬܝܗܒܐ ܠܗ .,21,"Então ela se despiu dos vestidos da sua viuvez e se cobriu com o véu, e assim envolvida, assentou-se à porta de Enaim que está no caminho de Timnate; porque via que Selá já era homem, e ela lhe não fora dada por mulher.",44,True,True,True
38,15,Gênesis 38:15,וַיִּרְאֶ֣הָ יְהוּדָ֔ה וַֽיַּחְשְׁבֶ֖הָ לְזוֹנָ֑ה כִּ֥י כִסְּתָ֖ה פָּנֶֽיהָ ׃,ויראה יהודה ויחשבה לזונה כי כסתה פניה,8,וחזאה יהודה וחשבה כנפקת ברא ארי כסיאת אפהא:,8,"καὶ ἰδὼν αὐτὴν Ἰούδας ἔδοξεν αὐτὴν πόρνην εἶναι· κατεκαλύψατο γὰρ τὸ πρόσωπον αὐτῆς, καὶ οὐκ ἐπέγνω αὐτήν.",17,ܘܚܙܗ̇ ܝܗܘܕܐ ܘܚܫܒܗ̇ ܐܝܟ ܙܢܝܬܐ. ܡܛܠ ܕܟܣ̣ܝܬ ܐ̈ܦܝܗ̇.,8,"Ao vê-la, Judá julgou que era uma prostituta, porque ela havia coberto o rosto.",14,True,True,True
38,16,Gênesis 38:16,וַיֵּ֨ט אֵלֶ֜יהָ אֶל־ הַדֶּ֗רֶךְ וַיֹּ֨אמֶר֙ הָֽבָה־ נָּא֙ אָב֣וֹא אֵלַ֔יִךְ כִּ֚י לֹ֣א יָדַ֔ע כִּ֥י כַלָּת֖וֹ הִ֑וא וַתֹּ֨אמֶר֙ מַה־ תִּתֶּן־ לִּ֔י כִּ֥י תָב֖וֹא אֵלָֽי ׃,ויט אליה אל הדרכ ויאמר הבה נא אבוא אליכ כי לא ידע כי כלתו הוא ותאמר מה תתנ לי כי תבוא אלי,23,וסטא לותה לארחא ואמר הבי כען איעול לותיך ארי לא ידע ארי כלתיה היא ואמרת מה תתן לי ארי תיעול לותי:,21,ἐξέκλινεν δὲ πρὸς αὐτὴν τὴν ὁδὸν καὶ εἶπεν αὐτῇ Ἔασόν με εἰσελθεῖν πρὸς σέ· οὐ γὰρ ἔγνω ὅτι ἡ νύμφη αὐτοῦ ἐστίν. ἡ δὲ εἶπεν Τί μοι δώσεις ἐὰν εἰσέλθῃς πρὸς μέ;,32,ܘܣ̣ܛܐ ܠܘܬܗ̇ ܠܐܘܪܚܐ ܘܐܡ̣ܪ ܠܗ̇ . ܬܝ ܐܥܘܠ ܠܘܬܟܝ. ܡܛܠ ܕܠܐ ܝܕܥ̇ ܗܘܐ ܕܟܠܬܗ ܗܝ. ܘܐܡ̣ܪܬ ܠܗ . ܡܢܐ ܝܗ̇ܒ ܐܢܬ ܕܥܐ̇ܠ ܐܢܬ ܠܘܬܝ.,24,"E dirigiu-se para ela no caminho, e disse: Vem, deixa-me estar contigo; porquanto não sabia que era sua nora. Perguntou-lhe ela: Que me darás, para estares comigo?",27,True,True,True
38,17,Gênesis 38:17,וַיֹּ֕אמֶר אָנֹכִ֛י אֲשַׁלַּ֥ח גְּדִֽי־ עִזִּ֖ים מִן־ הַצֹּ֑אן וַתֹּ֕אמֶר אִם־ תִּתֵּ֥ן עֵרָב֖וֹן עַ֥ד שָׁלְחֶֽךָ ׃,ויאמר אנכי אשלח גדי עזימ מנ הצאנ ותאמר אמ תתנ ערבונ עד שלחכ,14,ואמר אנא אשלח גדיא בר עזי מן ענא ואמרת אם תתן משכונא עד דתשלח:,14,ὁ δὲ εἶπεν Ἐγώ σοι ἀποστέλλω ἔριφον αἰγῶν ἐκ τῶν προβάτων. ἡ δὲ εἶπεν Ἐὰν δῷς ἀρραβῶνα ἕως τοῦ ἀποστεῖλαί σε.,21,ܘܐܡ̣ܪ ܐܢܐ ܐܫܕܪ ܓܕܝܐ ܕܥ̈ܙܐ ܡܢ ܥܢܐ. ܘܐܡ̣ܪܬ ܐܢ ܬܬܠ ܠܝ ܡܫܟܢܐ ܥܕܡܐ ܕܡܫܕܪ ܐܢܬ.,15,Respondeu ele: Eu te enviarei um cabrito do rebanho. Perguntou ela ainda: Dar-me-ás um penhor até que o envies?,19,True,True,True
38,18,Gênesis 38:18,וַיֹּ֗אמֶר מָ֣ה הָֽעֵרָבוֹן֮ אֲשֶׁ֣ר אֶתֶּן־ לָּךְ֒ וַתֹּ֗אמֶר חֹתָֽמְךָ֙ וּפְתִילֶ֔ךָ וּמַטְּךָ֖ אֲשֶׁ֣ר בְּיָדֶ֑ךָ וַיִּתֶּן־ לָּ֛הּ וַיָּבֹ֥א אֵלֶ֖יהָ וַתַּ֥הַר לֽוֹ ׃,ויאמר מה הערבונ אשר אתנ לכ ותאמר חתמכ ופתילכ ומטכ אשר בידכ ויתנ לה ויבא אליה ותהר לו,19,ואמר מה משכונא די אתן לך ואמרת עזקתך ושושפך וחוטרך די בידך ויהב לה ועל לותה ועדיאת ליה:,18,"ὁ δὲ εἶπεν Τίνα τὸν ἀρραβῶνά σοι δώσω; ἡ δὲ εἶπεν Τὸν δακτύλιόν σου καὶ τὸν ὁρμίσκον καὶ τὴν ῥάβδον τὴν ἐν τῇ χειρί σου. καὶ ἔδωκεν αὐτῇ, καὶ εἰσῆλθεν πρὸς αὐτήν· καὶ ἐν γαστρὶ ἔλαβεν ἐξ αὐτοῦ.",38,ܘܐܡ̣ܪ ܡܢܐ ܡܫܟܢܐ ܐܬܠ ܠܟܝ. ܘܐܡ̣ܪܬ ܥܙܩܬܟ ܘܫܘܫܦܟ ܘܚܘܛܪܟ ܕܒܐܝܕܟ. ܘܝܗ̣ܒ ܠܗ̇ ܘܥܠ ܠܘܬܗ̇. ܘܒ̣ܛܢܬ ܡܢܗ.,16,"Então ele respondeu: Que penhor é o que te darei? Disse ela: O teu selo com a corda, e o cajado que está em tua mão. Ele, pois, lhos deu, e esteve com ela, e ela concebeu dele.",38,True,True,True
38,19,Gênesis 38:19,וַתָּ֣קָם וַתֵּ֔לֶךְ וַתָּ֥סַר צְעִיפָ֖הּ מֵעָלֶ֑יהָ וַתִּלְבַּ֖שׁ בִּגְדֵ֥י אַלְמְנוּתָֽהּ ׃,ותקמ ותלכ ותסר צעיפה מעליה ותלבש בגדי אלמנותה,9,וקמת ואזלת ואעדיאת עיפה מנה ולבישת לבושי ארמלותה:,8,"καὶ ἀναστᾶσα ἀπῆλθεν, καὶ περιείλατο τὸ θέριστρον ἀφ᾽ ἑαυτῆς, καὶ ἐνεδύσατο τὰ ἱμάτια τῆς χηρεύσεως αὐτῆς.",16,ܘܩܡܬ ܘܐܙܠ̣ܬ. ܘܐܥܒ̣ܪܬ ܐܪܕܝܕܐ ܡܢܗ̇. ܘܠܒܫ̣ܬ ܠܒܘܫ̈ܝ ܐܪܡܠܘܬܗ̇.,8,E ela se levantou e se foi; tirou de si o véu e vestiu os vestidos da sua viuvez.,19,True,True,True
38,20,Gênesis 38:20,וַיִּשְׁלַ֨ח יְהוּדָ֜ה אֶת־ גְּדִ֣י הָֽעִזִּ֗ים בְּיַד֙ רֵעֵ֣הוּ הָֽעֲדֻלָּמִ֔י לָקַ֥חַת הָעֵרָב֖וֹן מִיַּ֣ד הָאִשָּׁ֑ה וְלֹ֖א מְצָאָֽהּ ׃,וישלח יהודה את גדי העזימ ביד רעהו העדלמי לקחת הערבונ מיד האשה ולא מצאה,15,ושדר יהודה ית גדיא בר עזי בידא רחמיה עדלמאה למסב משכונא מידא דאתתא ולא אשכחה:,15,"ἀπέστειλεν δὲ Ἰούδας τὸν ἔριφον ἐξ αἰγῶν ἐν χειρὶ τοῦ ποιμένος αὐτοῦ τοῦ Ὀδολλαμείτου, κομίσασθαι τὸν ἀρραβῶνα παρὰ τῆς γυναικός· καὶ οὐχ εὗρεν αὐτήν.",24,ܘܫܕܪ ܝܗܘܕܐ ܓܕܝܐ ܕܥ̈ܙܐ ܒܝܕ ܪܚܡܗ ܥܪܠܡܝܐ. ܠܡܣܒ ܡܫܟܢܐ ܡܢ ܐ̈ܝܕܝܗ̇ ܕܐܢܬܬܐ ܘܠܐ ܐܫܟܚܗ̇.,14,"Depois Judá enviou o cabrito por mão do seu amigo o adulamita, para receber o penhor da mão da mulher; porém ele não a encontrou.",25,True,True,True
38,21,Gênesis 38:21,וַיִּשְׁאַ֞ל אֶת־ אַנְשֵׁ֤י מְקֹמָהּ֙ לֵאמֹ֔ר אַיֵּ֧ה הַקְּדֵשָׁ֛ה הִ֥וא בָעֵינַ֖יִם עַל־ הַדָּ֑רֶךְ וַיֹּ֣אמְר֔וּ לֹא־ הָיְתָ֥ה בָזֶ֖ה קְדֵשָֽׁה ׃,וישאל את אנשי מקמה לאמר איה הקדשה הוא בעינימ על הדרכ ויאמרו לא היתה בזה קדשה,17,ושאיל ית אנשי אתרה למימר אן מקדשתא היא בעינין על ארחא ואמרו לית הכא מקדשתא:,15,ἐπηρώτησεν δὲ τοὺς ἄνδρας τοὺς ἐπὶ τοῦ τόπου Ποῦ ἐστιν ἡ πόρνη ἡ γενομένη ἐν Αἰνὰν ἐπὶ τῆς ὁδοῦ; καὶ εἶπαν Οὐκ ἦν ἐνταῦθα πόρνη.,25,ܘܫܐ̇ܠ ܠܐܢܫ̈ܝ ܐܬܪܐ ܘܐܡ̣ܪ. ܐܝܟܐ ܗܝ ܙܢܝܬܐ ܕܝܬܒܐ ܒܦܠܫܬ ܐܘܪ̈ܚܬܐ ܘܐܡܪܘ. ܠܝܬ ܗܪܟܐ ܙܢܝܬܐ.,14,Pelo que perguntou aos homens daquele lugar: Onde está a prostituta que estava em Enaim junto ao caminho? E disseram: Aqui não esteve prostituta alguma.,25,True,True,True
38,22,Gênesis 38:22,וַיָּ֨שָׁב֙ אֶל־ יְהוּדָ֔ה וַיֹּ֖אמֶר לֹ֣א מְצָאתִ֑יהָ וְגַ֨ם אַנְשֵׁ֤י הַמָּקוֹם֙ אָֽמְר֔וּ לֹא־ הָיְתָ֥ה בָזֶ֖ה קְדֵשָֽׁה ׃,וישב אל יהודה ויאמר לא מצאתיה וגמ אנשי המקומ אמרו לא היתה בזה קדשה,15,ותב לות יהודה ואמר לא אשכחיתה ואף אנשי אתרא אמרו לית הכא מקדשתא:,13,"καὶ ἀπεστράφη πρὸς Ἰούδαν καὶ εἶπεν Οὐχ εὗρον, καὶ οἱ ἄνθρωποι οἱ ἐκ τοῦ τόπου λέγουσιν μὴ εἶναι ἐνταῦθα πόρνην.",20,ܘܗ̣ܦܟ ܠܘܬ ܝܗܘܕܐ ܘܐܡܪ. ܠܐ ܐܫܟܚܬܗ̇. ܘܐܦ ܐܢܫ̈ܝ ܐܬܪܐ ܐܡܪ̈ܝܢ. ܠܝܬ ܗܪܟܐ ܙܢܝܬܐ.,13,"Voltou, pois, a Judá e disse: Não a achei; e também os homens daquele lugar disseram: Aqui não esteve prostituta alguma.",21,True,True,True
38,23,Gênesis 38:23,וַיֹּ֤אמֶר יְהוּדָה֙ תִּֽקַּֽח־ לָ֔הּ פֶּ֖ן נִהְיֶ֣ה לָב֑וּז הִנֵּ֤ה שָׁלַ֨חְתִּי֙ הַגְּדִ֣י הַזֶּ֔ה וְאַתָּ֖ה לֹ֥א מְצָאתָֽהּ ׃,ויאמר יהודה תקח לה פנ נהיה לבוז הנה שלחתי הגדי הזה ואתה לא מצאתה,15,ואמר יהודה תסב לה דילמא נהי לחוך הא שדרית גדיא הדין ואת לא אשכחתה:,14,"εἶπεν δὲ Ἰούδας Ἐχέτω αὐτά, ἀλλὰ μή ποτε καταγελασθῶμεν· ἐγὼ μὲν ἀπέσταλκα τὸν ἔριφον τοῦτον, σὺ δὲ οὐχ εὕρηκας.",19,ܘܐܡ̣ܪ ܝܗܘܕܐ. ܬܣܒ ܠܗ̇ ܕܠܡܐ ܐܗܘܐ ܓܘܚܟܐ. ܗܐ ܫ̇ܕܪܬ ܓܕܝܐ ܗܢܐ ܘܐܢܬ ܠܐ ܐܫܟܚܬܗ̇.,14,"Então disse Judá: Deixa-a ficar com o penhor, para que não caiamos em desprezo; eis que enviei este cabrito, mas tu não a achaste.",24,True,True,True
38,24,Gênesis 38:24,וַיְהִ֣י ׀ כְּמִשְׁלֹ֣שׁ חֳדָשִׁ֗ים וַיֻּגַּ֨ד לִֽיהוּדָ֤ה לֵֽאמֹר֙ זָֽנְתָה֙ תָּמָ֣ר כַּלָּתֶ֔ךָ וְגַ֛ם הִנֵּ֥ה הָרָ֖ה לִזְנוּנִ֑ים וַיֹּ֣אמֶר יְהוּדָ֔ה הוֹצִיא֖וּהָ וְתִשָּׂרֵֽף ׃,ויהי כמשלש חדשימ ויגד ליהודה לאמר זנתה תמר כלתכ וגמ הנה הרה לזנונימ ויאמר יהודה הוציאוה ותשרפ,19,והוה כתלתות ירחיא ואתחוא ליהודה למימר זניאת תמר כלתך ואף הא מעדיא לזנותא ואמר יהודה אפקוה ותתוקד:,17,"ἐγένετο δὲ μετὰ τρίμηνον ἀπηγγέλη τῷ Ἰούδᾳ λέγοντες Ἐκπεπόρνευκεν Θαμὰρ ἡ νύμφη σου, καὶ ἰδοὺ ἐν γαστρὶ ἔχει ἐκ πορνείας. εἶπεν δὲ Ἰούδας Ἐξαγάγετε αὐτὴν καὶ κατακαυθήτω.",27,ܘܗܘ̣ܐ ܡܢ ܒܬܪ ܬܠܬܐ ܝܪ̈ܚܝܢ. ܘܐܬܚܘܝ ܠܝܗܘܕܐ ܘܐܡܪܘ ܠܗ. ܙܢܝܬ ܬܡܪ ܟܠܬܟ. ܘܗܐ ܡܢ ܙܢܝܘܬܐ ܒܛܢܐ. ܘܐܡ̣ܪ ܝܗܘܕܐ. ܐܦܩܘܗ̇ ܘܬܐܩܕ.,20,"Passados quase três meses, disseram a Judá: Tamar, tua nora, se prostituiu e eis que está grávida da sua prostituição. Então disse Judá: Tirai-a para fora, e seja ela queimada.",30,True,True,True
38,25,Gênesis 38:25,הִ֣וא מוּצֵ֗את וְהִ֨יא שָׁלְחָ֤ה אֶל־ חָמִ֨יהָ֙ לֵאמֹ֔ר לְאִישׁ֙ אֲשֶׁר־ אֵ֣לֶּה לּ֔וֹ אָנֹכִ֖י הָרָ֑ה וַתֹּ֨אמֶר֙ הַכֶּר־ נָ֔א לְמִ֞י הַחֹתֶ֧מֶת וְהַפְּתִילִ֛ים וְהַמַּטֶּ֖ה הָאֵֽלֶּה ׃,הוא מוצאת והיא שלחה אל חמיה לאמר לאיש אשר אלה לו אנכי הרה ותאמר הכר נא למי החתמת והפתילימ והמטה האלה,22,היא מתפקא והיא שלחת לחמוהא למימר לגבר די אלין דיליה מניה אנא מעדיא ואמרת אשתמודע כען למן עזקתא ושושפא וחוטרא האלין:,21,αὐτὴ δὲ ἀγομένη ἀπέστειλεν πρὸς τὸν πενθερὸν αὐτῆς λέγουσα Ἐκ τοῦ ἀνθρώπου τίνος ταῦτά ἐστιν ἐγὼ ἐν γαστρὶ ἔχω· καὶ εἶπεν Ἐπίγνωθι τίνος ὁ δακτύλιος καὶ ὁ ὁρμίσκος καὶ ἡ ῥάβδος αὕτη.,32,ܘܟܕ ܗ̣ܢܘܢ ܡܦܩܝܢ ܠܗ̇. ܫܠܚܐ ܠܚܡܘܗ̇ . ܡܢ ܓܒܪܐ ܕܗܠܝܢ ܕܝܠܗ ܡܢܗ ܒܛܢܐ ܐܢܐ ܘܐܡܪܬ. ܐܫܬܘܕܥ ܕܡ̇ܢ ܗܝ ܥܙܩܬܐ ܘܫܘܫܦܐ ܘܚܘܛܪܐ ܗܠܝܢ.,22,"Quando ela estava sendo tirada para fora, mandou dizer a seu sogro: Do homem a quem pertencem estas coisas eu concebi. Disse mais: Reconhece, peço-te, de quem são estes, o selo com o cordão, e o cajado.",37,True,True,True
38,26,Gênesis 38:26,וַיַּכֵּ֣ר יְהוּדָ֗ה וַיֹּ֨אמֶר֙ צָֽדְקָ֣ה מִמֶּ֔נִּי כִּֽי־ עַל־ כֵּ֥ן לֹא־ נְתַתִּ֖יהָ לְשֵׁלָ֣ה בְנִ֑י וְלֹֽא־ יָסַ֥ף ע֖וֹד לְדַעְתָּֽה ׃,ויכר יהודה ויאמר צדקה ממני כי על כנ לא נתתיה לשלה בני ולא יספ עוד לדעתה,17,ואשתמודע יהודה ואמר זכאה מני מעדיא ארי על כן לא יהבתה לשלה ברי ולא אוסיף עוד למידעה:,17,"ἐπέγνω δὲ Ἰούδας καὶ εἶπεν Δεδικαίωται Θαμὰρ ἢ ἐγώ, οὗ εἵνεκεν οὐκ ἔδωκα αὐτὴν Σηλὼμ τῷ υἱῷ μου· καὶ οὐ προσέθετο ἔτι τοῦ γνῶναι αὐτήν.",25,ܘܗ̣ܘ ܐܫܬܘܕܥ ܘܐܡ̣ܪ ܝܗܘܕܐ. ܙܟܝܐ ܗܝ ܡܢܝ. ܡܛܠ ܗܢܐ ܠܐ ܝܗܒܬܗ̇ ܠܫܠܐ ܒܪܝ. ܘܠܐ ܐܘܣܦ ܬܘܒ ܠܡܕܥܗ̇.,17,"Reconheceu-os, pois, Judá, e disse: Ela é mais justa do que eu, porquanto não a dei a meu filho Selá. E nunca mais a conheceu.",25,True,True,True
38,27,Gênesis 38:27,וַיְהִ֖י בְּעֵ֣ת לִדְתָּ֑הּ וְהִנֵּ֥ה תְאוֹמִ֖ים בְּבִטְנָֽהּ ׃,ויהי בעת לדתה והנה תאומימ בבטנה,7,והוה בעדן דמילדה והא תיומין במעהא:,6,"ἐγένετο δὲ ἡνίκα ἔτεκεν, καὶ τῇδε ἦν δίδυμα ἐν τῇ κοιλίᾳ αὐτῆς.",12,ܘܗܘ̣ܐ ܙܒܢ ܡܘܠܕܗ̇. ܘܗܐ ܬܐ̈ܡܐ ܒܟܪܣܗ̇.,6,"Sucedeu que, ao tempo de ela dar à luz, havia gêmeos em seu ventre;",14,True,True,True
38,28,Gênesis 38:28,וַיְהִ֥י בְלִדְתָּ֖הּ וַיִּתֶּן־ יָ֑ד וַתִּקַּ֣ח הַמְיַלֶּ֗דֶת וַתִּקְשֹׁ֨ר עַל־ יָד֤וֹ שָׁנִי֙ לֵאמֹ֔ר זֶ֖ה יָצָ֥א רִאשֹׁנָֽה ׃,ויהי בלדתה ויתנ יד ותקח המילדת ותקשר על ידו שני לאמר זה יצא ראשנה,15,והוה במילדה ויהב ידא ונסיבת חיתא וקטרת על ידיה זהוריתא למימר דין נפק קדמאה:,14,ἐγένετο δὲ ἐν τῷ τίκτειν αὐτὴν ὁ εἷς προεξήνεγκεν τὴν χεῖρα· λαβοῦσα δὲ ἡ μαῖα ἔδησεν ἐπὶ τὴν χεῖρα αὐτοῦ κόκκινον λέγουσα Οὗτος ἐξελεύσεται πρότερος.,25,ܘܗܘ̣ܐ ܕܟܕ ܝܠܕܐ ܝܗ̣ܒ ܐܝܕܗ. ܘܢܣ̣ܒܬ ܚܝܬܐ ܚܘܛܐ ܕܙܚܘܪܝܬܐ. ܘܩܛܪܬ ܥܠ ܐܝܕܗ ܘܐܡ̣ܪܬ. ܗܢܐ ܢܦܘܩ ܩܕܡܝܬ.,16,"e dando ela à luz, um pôs fora a mão, e a parteira tomou um fio encarnado e o atou em sua mão, dizendo: Este saiu primeiro.",27,True,True,True
38,29,Gênesis 38:29,וַיְהִ֣י ׀ כְּמֵשִׁ֣יב יָד֗וֹ וְהִנֵּה֙ יָצָ֣א אָחִ֔יו וַתֹּ֕אמֶר מַה־ פָּרַ֖צְתָּ עָלֶ֣יךָ פָּ֑רֶץ וַיִּקְרָ֥א שְׁמ֖וֹ פָּֽרֶץ ׃,ויהי כמשיב ידו והנה יצא אחיו ותאמר מה פרצת עליכ פרצ ויקרא שמו פרצ,16,והוה כד אתיב ידיה והא נפק אחוהי ואמרת מה תקוף סגי עלך למתקף וקרא שמיה פרץ:,16,"ὡς δὲ ἐπισυνήγαγεν τὴν χεῖρα, καὶ εὐθὺς ἐξῆλθεν ὁ ἀδελφὸς αὐτοῦ. ἡ δὲ εἶπεν Τί διεκόπη διὰ σὲ φραγμός; καὶ ἐκάλεσεν τὸ ὄνομα αὐτοῦ Φάρες.",25,ܘܟܕ ܐܗܦܟ ܐܝܕܗ ܢܦ̣ܩ ܐܚܘܗܝ ܘܐܡ̣ܪܬ. ܡܐ ܐܬܬܪܥ̣ܬ ܥܠܝܟܝ ܬܘܪܥܬܐ ܘܩܪܬ ܫܡܗ ܦܪܨ.,13,"Mas recolheu ele a mão, e eis que seu irmão saiu; pelo que ela disse: Como tens tu rompido! Portanto foi chamado Pérez.",23,True,True,True
38,30,Gênesis 38:30,וְאַחַר֙ יָצָ֣א אָחִ֔יו אֲשֶׁ֥ר עַל־ יָד֖וֹ הַשָּׁנִ֑י וַיִּקְרָ֥א שְׁמ֖וֹ זָֽרַח ׃ ס,ואחר יצא אחיו אשר על ידו השני ויקרא שמו זרח ס,12,ובתר כן נפק אחוהי די על ידיה זהוריתא וקרא שמיה זרח:,11,"καὶ μετὰ τοῦτο ἐξῆλθεν ὁ ἀδελφὸς αὐτοῦ, ἐφ᾽ ᾧ ἦν ἐπὶ τὴν χεῖρα αὐτοῦ τὸ κόκκινον· καὶ ἐκάλεσεν τὸ ὄνομα αὐτοῦ Ζάρα.",22,ܘܒܬܪܟܢ ܢܦ̣ܩ ܐܚܘܗܝ ܕܥܠ ܐܝܕܗ ܚܘܛܐ ܕܙܚܘܪܝܬܐ. ܘܩܪܬ ܫܡܗ ܙܪܚ.,10,"Depois saiu o seu irmão, em cuja mão estava o fio encamado; e foi chamado Zerá.",16,True,True,True
39,1,Gênesis 39:1,וְיוֹסֵ֖ף הוּרַ֣ד מִצְרָ֑יְמָה וַיִּקְנֵ֡הוּ פּוֹטִיפַר֩ סְרִ֨יס פַּרְעֹ֜ה שַׂ֤ר הַטַּבָּחִים֙ אִ֣ישׁ מִצְרִ֔י מִיַּד֙ הַיִּשְׁמְעֵאלִ֔ים אֲשֶׁ֥ר הוֹרִדֻ֖הוּ שָֽׁמָּה ׃,ויוספ הורד מצרימה ויקנהו פוטיפר סריס פרעה שר הטבחימ איש מצרי מיד הישמעאלימ אשר הורדהו שמה,17,ויוסף אתחת למצרים וזבניה פוטיפר רבא דפרעה רב קטוליא גבר מצראה מידא דערבאי די אחתוהי לתמן:,16,"Ἰωσὴφ δὲ κατήχθη εἰς Αἴγυπτον· καὶ ἐκτήσατο αὐτὸν Πετεφρῆς ὁ εὐνοῦχος Φαραὼ ὁ ἀρχιμάγειρος, ἀνήρ Αἰγύπτιος, ἐκ χειρῶν Ἰσμαηλειτῶν, οἳ κατήγαγον αὐτὸν ἐκεῖ.",23,ܘܠܝܘܣܦ ܐܚܬܘܗܝ ܡܕܝܢ̈ܝܐ ܠܡܨܪܝܢ. ܘܙܒܢܗ ܦܘܛܝܦܪ ܡܗܝܡܢܐ ܪܒ ܕܚܫ̈ܐ ܕܦܪܥܘܢ. ܓܒܪܐ ܡܨܪܝܐ ܡܢ ܐܝܕܐ ܕܥܪ̈ܒܝܐ. ܕܐܚܬܘܗܝ ܠܬܡܢ.,17,"José foi levado ao Egito; e Potifar, oficial de Faraó, capitão da guarda, egípcio, comprou-o da mão dos ismaelitas que o haviam levado para lá.",25,True,True,True
39,2,Gênesis 39:2,וַיְהִ֤י יְהוָה֙ אֶת־ יוֹסֵ֔ף וַיְהִ֖י אִ֣ישׁ מַצְלִ֑יחַ וַיְהִ֕י בְּבֵ֥ית אֲדֹנָ֖יו הַמִּצְרִֽי ׃,ויהי יהוה את יוספ ויהי איש מצליח ויהי בבית אדניו המצרי,12,והוה מימרא דיי בסעדיה דיוסף והוה גבר מצלח והוה בבית רבוניה מצראה:,12,"καὶ ἦν Κύριος μετὰ Ἰωσήφ, καὶ ἦν ἀνὴρ ἐπιτυγχάνων· καὶ ἐγένετο ἐν τῷ οἴκῳ παρὰ τῷ κυρίῳ τῷ Αἰγυπτίῳ.",19,ܘܗܘ̣ܐ ܡܪܝܐ ܥܡ ܝܘܣܦ. ܘܗܘ̣ܐ ܓܒܪܐ ܡܨܠܚ ܒܝܬ ܡܪܗ ܡܨܪܝܐ.,10,"Mas o Senhor era com José, e ele tornou-se próspero; e estava na casa do seu senhor, o egípcio.",19,True,True,True
39,3,Gênesis 39:3,וַיַּ֣רְא אֲדֹנָ֔יו כִּ֥י יְהוָ֖ה אִתּ֑וֹ וְכֹל֙ אֲשֶׁר־ ה֣וּא עֹשֶׂ֔ה יְהוָ֖ה מַצְלִ֥יחַ בְּיָדֽוֹ ׃,וירא אדניו כי יהוה אתו וכל אשר הוא עשה יהוה מצליח בידו,13,וחזא רבוניה ארי מימרא דיי בסעדיה וכל די הוא עבד יי מצלח בידיה:,13,"ᾔδει δὲ ὁ κύριος αὐτοῦ ὅτι Κύριος μετ᾽ αὐτοῦ, καὶ ὅσα ἂν ποιῇ, Κύριος εὐοδοῖ ἐν ταῖς χερσὶν αὐτοῦ.",19,ܘܚ̣ܙܐ ܡܪܗ ܕܡܪܝܐ ܥܡܗ. ܘܟܠ ܕܥܒ̇ܕ ܡܪܝܐ ܡ̣ܨܠܚ ܒܐܝܕܗ.,9,"E viu o seu senhor que Deus era com ele, e que fazia prosperar em sua mão tudo quanto ele empreendia.",21,True,True,True
39,4,Gênesis 39:4,וַיִּמְצָ֨א יוֹסֵ֥ף חֵ֛ן בְּעֵינָ֖יו וַיְשָׁ֣רֶת אֹת֑וֹ וַיַּפְקִדֵ֨הוּ֙ עַל־ בֵּית֔וֹ וְכָל־ יֶשׁ־ ל֖וֹ נָתַ֥ן בְּיָדֽוֹ ׃,וימצא יוספ חנ בעיניו וישרת אתו ויפקדהו על ביתו וכל יש לו נתנ בידו,15,ואשכח יוסף רחמין בעינוהי ושמש יתיה ומניה על ביתיה וכל די אית ליה מסר בידיה:,15,"καὶ εὗρεν Ἰωσὴφ χάριν ἐναντίον τοῦ κυρίου αὐτοῦ, εὐηρέστει δὲ αὐτῷ· καὶ κατέστησεν αὐτὸν ἐπὶ τοῦ οἴκου αὐτοῦ, καὶ πάντα ὅσα ἦν αὐτῷ ἔδωκεν διὰ χειρὸς Ἰωσήφ.",27,ܘܐܫܟܚ ܝܘܣܦ ܪ̈ܚܡܐ ܒܥܝܢ̈ܘܗܝ ܘܫܡܫܗ. ܘܐܫܠܛܗ ܥܠ ܒܝܬܗ. ܘܟܠ ܕܐܝܬ ܠܗ ܝܗ̣ܒ ܒܐ̈ܝܕܘܗܝ.,13,"Assim José achou graça aos olhos dele, e o servia; de modo que o fez mordomo da sua casa, e entregou na sua mão tudo o que tinha.",28,True,True,True
39,5,Gênesis 39:5,וַיְהִ֡י מֵאָז֩ הִפְקִ֨יד אֹת֜וֹ בְּבֵית֗וֹ וְעַל֙ כָּל־ אֲשֶׁ֣ר יֶשׁ־ ל֔וֹ וַיְבָ֧רֶךְ יְהוָ֛ה אֶת־ בֵּ֥ית הַמִּצְרִ֖י בִּגְלַ֣ל יוֹסֵ֑ף וַיְהִ֞י בִּרְכַּ֤ת יְהוָה֙ בְּכָל־ אֲשֶׁ֣ר יֶשׁ־ ל֔וֹ בַּבַּ֖יִת וּבַשָּׂדֶֽה ׃,ויהי מאז הפקיד אתו בביתו ועל כל אשר יש לו ויברכ יהוה את בית המצרי בגלל יוספ ויהי ברכת יהוה בכל אשר יש לו בבית ובשדה,27,והוה מעדן דמני יתיה בביתיה ועל כל די אית ליה ובריך יי ית בית מצראה בדיל יוסף והוה ברכתא דיי בכל די אית ליה בביתא ובחקלא:,26,"ἐγένετο δὲ μετὰ τὸ κατασταθῆναι αὐτὸν ἐπὶ τοῦ οἴκου αὐτοῦ καὶ ἐπὶ πάντα ὅσα ἦν αὐτῷ, καὶ ηὐλόγησεν Κύριος τὸν οἶκον τοῦ Αἰγυπτίου διὰ Ἰωσήφ· καὶ ἐγενήθη εὐλογία Κυρίου ἐπὶ πᾶσιν τοῖς ὑπάρχουσιν αὐτῷ ἐν τῷ οἴκῳ καὶ ἐν τῷ ἀγρῷ.",41,ܘܗܘ̣ܐ ܡܢ ܙܒܢܐ ܕܐܫܠܛܗ ܥܠ ܒܝܬܗ ܘܥܠ ܟܠ ܕܐܝܬ ܠܗ. ܒ̇ܪܟ ܡܪܝܐ ܠܒܝܬܗ ܕܡܨܪܝܐ ܡܛܠ ܝܘܣܦ. ܘܗܘܬ ܒܘܪܟܬܗ ܕܡܪܝܐ ܒܟܠ ܕܐܝܬ ܠܗ ܒܒܝܬܐ ܘܒܚܩܠܐ.,24,"Desde que o pôs como mordomo sobre a sua casa e sobre todos os seus bens, o Senhor abençoou a casa do egípcio por amor de José; e a bênção do Senhor estava sobre tudo o que tinha, tanto na casa como no campo.",44,True,True,True
39,6,Gênesis 39:6,וַיַּעֲזֹ֣ב כָּל־ אֲשֶׁר־ לוֹ֮ בְּיַד־ יוֹסֵף֒ וְלֹא־ יָדַ֤ע אִתּוֹ֙ מְא֔וּמָה כִּ֥י אִם־ הַלֶּ֖חֶם אֲשֶׁר־ ה֣וּא אוֹכֵ֑ל וַיְהִ֣י יוֹסֵ֔ף יְפֵה־ תֹ֖אַר וִיפֵ֥ה מַרְאֶֽה ׃,ויעזב כל אשר לו ביד יוספ ולא ידע אתו מאומה כי אמ הלחמ אשר הוא אוכל ויהי יוספ יפה תאר ויפה מראה,23,ושבק כל די ליה בידא דיוסף ולא ידע עמיה מדעם אלהין לחמא די הוא אכל והוה יוסף שפיר בריוא ויאי בחזוא:,21,"καὶ ἐπέστρεψεν πάντα ὅσα ἦν αὐτῷ εἰς χεῖρας Ἰωσήφ, καὶ οὐκ ᾔδει τῶν καθ᾽ ἑαυτὸν οὐδὲν πλὴν τοῦ ἄρτου οὗ ἤσθιεν αὐτός. καὶ ἦν Ἰωσὴφ καλὸς τῷ εἴδει καὶ ὡραῖος τῇ ὄψει σφόδρα.",33,ܘܫܒ̣ܩ ܟܠܡܕܡ ܕܐܝܬ ܠܗ ܒܝܕ ܝܘܣܦ. ܘܠܐ ܝܕܥ̣ ܥܡܗ ܡܕܡ. ܐܠܐ ܐܢ ܠܚܡܐ ܕܐ̇ܟܠ ܗܘܐ. ܘܝܘܣܦ ܫܦܝܪ ܗܘܐ ܚܙܘܗ ܘܝܐܐ ܗܘܐ ܩܘܒܠܠܗ.,22,"Potifar deixou tudo na mão de José, de maneira que nada sabia do que estava com ele, a não ser do pão que comia. Ora, José era formoso de porte e de semblante.",33,True,True,True
39,7,Gênesis 39:7,וַיְהִ֗י אַחַר֙ הַדְּבָרִ֣ים הָאֵ֔לֶּה וַתִּשָּׂ֧א אֵֽשֶׁת־ אֲדֹנָ֛יו אֶת־ עֵינֶ֖יהָ אֶל־ יוֹסֵ֑ף וַתֹּ֖אמֶר שִׁכְבָ֥ה עִמִּֽי ׃,ויהי אחר הדברימ האלה ותשא אשת אדניו את עיניה אל יוספ ותאמר שכבה עמי,15,והוה בתר פתגמיא האלין וזקפת אתת רבוניה ית עינהא ליוסף ואמרת שכוב עמי:,13,"καὶ ἐγένετο μετὰ τὰ ῥήματα ταῦτα καὶ ἐπέβαλεν ἡ γυνὴ τοῦ κυρίου αὐτοῦ τοὺς ὀφθαλμοὺς αὐτῆς ἐπὶ Ἰωσήφ, καὶ εἶπεν Κοιμήθητι μετ᾽ ἐμοῦ.",23,ܘܗܘܐ ܡܢ ܒܬܪ ܦ̈ܬܓܡܐ ܗܠܝܢ. ܐܪܡ̣ܝܬ ܐܢܬܬ ܡܪܗ ܥܝܢܗ̇ ܥܠ ܝܘܣܦ. ܘܐܡ̣ܪܬ ܠܗ ܕܡ̣ܟ ܥܡܝ.,15,"E aconteceu depois destas coisas que a mulher do seu senhor pôs os olhos em José, e lhe disse: Deita-te comigo.",21,True,True,True
39,8,Gênesis 39:8,וַיְמָאֵ֓ן ׀ וַיֹּ֨אמֶר֙ אֶל־ אֵ֣שֶׁת אֲדֹנָ֔יו הֵ֣ן אֲדֹנִ֔י לֹא־ יָדַ֥ע אִתִּ֖י מַה־ בַּבָּ֑יִת וְכֹ֥ל אֲשֶׁר־ יֶשׁ־ ל֖וֹ נָתַ֥ן בְּיָדִֽי ׃,וימאנ ויאמר אל אשת אדניו הנ אדני לא ידע אתי מה בבית וכל אשר יש לו נתנ בידי,20,וסריב ואמר לות אתת רבוניה הא רבוני לא ידע עמי מה דבביתא וכל די אית ליה מסר בידי:,18,"ὁ δὲ οὐκ ἤθελεν, εἶπεν δὲ τῇ γυναικὶ τοῦ κυρίου αὐτοῦ Εἰ ὁ κύριός μου οὐ γινώσκει δι᾽ ἐμὲ οὐδὲν ἐν τῷ οἴκῳ αὐτοῦ, καὶ πάντα ὅσα ἐστὶν αὐτῷ ἔδωκεν εἰς τὰς χεῖράς μου,",34,ܘܠܐ ܨܒ̣ܐ ܘܐܡ̣ܪ ܠܐܢܬܬ ܡܪܗ. ܗܐ ܡܪܝ ܠܐ ܝܕܥ̇ ܥܡܝ ܡܢܐ ܐܝܬ ܒܒܝܬܗ. ܘܟܠ ܕܐܝܬ ܠܗ ܐܫܠܛ ܒܐ̈ܝܕܝ.,18,"Mas ele recusou, e disse à mulher do seu senhor: Eis que o meu senhor não sabe o que está comigo na sua casa, e entregou em minha mão tudo o que tem;",33,True,True,True
39,9,Gênesis 39:9,אֵינֶ֨נּוּ גָד֜וֹל בַּבַּ֣יִת הַזֶּה֮ מִמֶּנִּי֒ וְלֹֽא־ חָשַׂ֤ךְ מִמֶּ֨נִּי֙ מְא֔וּמָה כִּ֥י אִם־ אוֹתָ֖ךְ בַּאֲשֶׁ֣ר אַתְּ־ אִשְׁתּ֑וֹ וְאֵ֨יךְ אֶֽעֱשֶׂ֜ה הָרָעָ֤ה הַגְּדֹלָה֙ הַזֹּ֔את וְחָטָ֖אתִי לֵֽאלֹהִֽים ׃,איננו גדול בבית הזה ממני ולא חשכ ממני מאומה כי אמ אותכ באשר את אשתו ואיכ אעשה הרעה הגדלה הזאת וחטאתי לאלהימ,23,ליתוהי רב בביתא הדין מני ולא מנע מני מדעם אלהין יתיך בדיל את אתתיה ואכדין אעביד בישתא רבתא הדא ואחוב קדם יי:,22,"καὶ οὐχ ὑπερέχει ἐν τῇ οἰκίᾳ αὐτοῦ οὐθὲν ἐμοῦ, οὐδὲ ὑπεξῄρηται ἀπ᾽ ἐμοῦ οὐδὲν πλὴν σοῦ, διὰ τὸ σὲ γυναῖκα αὐτοῦ εἶναι· καὶ πῶς ποιήσω τὸ ῥῆμα τὸ πονηρὸν τοῦτο καὶ ἁμαρτήσομαι ἐναντίον τοῦ θεοῦ;",35,ܘܠܝܬ ܕܪܒ ܒܒܝܬܐ ܗܢܐ ܡܢܝ. ܘܠܐ ܚܣܟ ܡܢܝ ܡܕܡ. ܐܠܐ ܐܢ ܠܟܝ ܕܐܢܬܬܗ ܐܢܬܝ. ܘܐܝܟܢܐ ܐܥܒܕ ܒܝܫܬܐ ܗܕܐ ܪܒܬܐ. ܘܐܚܛܐ ܠܐܠܗܐ.,21,"ele não é maior do que eu nesta casa; e nenhuma coisa me vedou, senão a ti, porquanto és sua mulher. Como, pois, posso eu cometer este grande mal, e pecar contra Deus?",33,True,True,True
39,10,Gênesis 39:10,וַיְהִ֕י כְּדַבְּרָ֥הּ אֶל־ יוֹסֵ֖ף י֣וֹם ׀ י֑וֹם וְלֹא־ שָׁמַ֥ע אֵלֶ֛יהָ לִשְׁכַּ֥ב אֶצְלָ֖הּ לִהְי֥וֹת עִמָּֽהּ ׃,ויהי כדברה אל יוספ יומ יומ ולא שמע אליה לשכב אצלה להיות עמה,15,והוה כד מלילת עם יוסף יום יום ולא קביל מנה למשכב לותה למהוי עמה:,14,"ἡνίκα δὲ ἐλάλει Ἰωσὴφ ἡμέραν ἐξ ἡμέρας, καὶ οὐχ ὑπήκουεν αὐτῇ καθεύδειν μετ᾽ αὐτῆς τοῦ συγγενέσθαι αὐτῇ.",17,ܘܟܕ ܐܡܪܐ ܗܘܬ ܠܗ ܟܠܝܘܡ ܘܠܐ ܫܡ̇ܥ ܗܘܐ ܠܗ̇. ܠܡܕܡܟ ܠܘܬܗ̇ ܘܠܡܗܘܐ ܥܡܗ̇.,13,"Entretanto, ela instava com José dia após dia; ele, porém, não lhe dava ouvidos, para se deitar com ela, ou estar com ela.",23,True,True,True
39,11,Gênesis 39:11,וַיְהִי֙ כְּהַיּ֣וֹם הַזֶּ֔ה וַיָּבֹ֥א הַבַּ֖יְתָה לַעֲשׂ֣וֹת מְלַאכְתּ֑וֹ וְאֵ֨ין אִ֜ישׁ מֵאַנְשֵׁ֥י הַבַּ֛יִת שָׁ֖ם בַּבָּֽיִת ׃,ויהי כהיומ הזה ויבא הביתה לעשות מלאכתו ואינ איש מאנשי הבית שמ בבית,14,והוה ביומא הדין ועל לביתא למבדק בכתבי חשבניה ולית אנש מאנשי ביתא תמן בביתא:,14,"ἐγένετο δὲ τοιαύτη τις ἡμέρα· εἰσῆλθεν Ἰωσὴφ εἰς τὴν οἰκίαν τοῦ ποιεῖν τὰ ἔργα αὐτοῦ, καὶ οὐθεὶς ἦν ἐν τῇ οἰκίᾳ ἔσω·",22,ܘܗܘ̣ܐ ܒܚܕ ܡܢ ܝܘܡ̈ܬܐ. ܘܥܠ ܝܘܣܦ ܠܒܝܬܐ ܠܡܥܒܕ ܥܒ̇ܕܐ ܘܠܝܬ ܐܢܫ ܡܢ ܐܢܫ̈ܝ ܒܝܬܐ ܬܡܢ ܒܒܝܬܐ.,16,"Mas sucedeu, certo dia, que entrou na casa para fazer o seu serviço; e nenhum dos homens da casa estava lá dentro.",22,True,True,True
39,12,Gênesis 39:12,וַתִּתְפְּשֵׂ֧הוּ בְּבִגְד֛וֹ לֵאמֹ֖ר שִׁכְבָ֣ה עִמִּ֑י וַיַּעֲזֹ֤ב בִּגְדוֹ֙ בְּיָדָ֔הּ וַיָּ֖נָס וַיֵּצֵ֥א הַחֽוּצָה ׃,ותתפשהו בבגדו לאמר שכבה עמי ויעזב בגדו בידה וינס ויצא החוצה,12,ואחדתיה בלבושיה למימר שכוב עמי ושבקיה ללבושיה בידה וערק ונפק לשוקא:,11,καὶ ἐπεσπάσατο αὐτὸν τῶν ἱματίων αὐτοῦ λέγουσα Κοιμήθητι μετ᾽ ἐμοῦ· καὶ καταλείπων τὰ ἱμάτια αὐτοῦ ἔφυγεν καὶ ἐξῆλθεν ἔξω.,19,ܘܐܚܕܬܗ ܒܠܒܫܗ ܘܐܡ̣ܪܬ ܠܗ ܕܡ̣ܟ ܥܡܝ. ܘܫܒܩܗ ܠܒܫܗ ܒܐ̈ܝܕܝܗ̇. ܘܥ̣ܪܩ ܢܦ̣ܩ ܠܗ ܠܫܘܩܐ.,13,"Então ela, pegando-o pela capa, lhe disse: Deita-te comigo! Mas ele, deixando a capa na mão dela, fugiu, escapando para fora.",21,True,True,True
39,13,Gênesis 39:13,וַיְהִי֙ כִּרְאוֹתָ֔הּ כִּֽי־ עָזַ֥ב בִּגְד֖וֹ בְּיָדָ֑הּ וַיָּ֖נָס הַחֽוּצָה ׃,ויהי כראותה כי עזב בגדו בידה וינס החוצה,9,והוה כד חזת ארי שבקיה ללבושיה בידה וערק לשוקא:,9,"καὶ ἐγένετο ὡς εἶδεν ὅτι κατέλειπεν τὰ ἱμάτια αὐτοῦ ἐν ταῖς χερσὶν αὐτῆς καὶ ἔφυγεν καὶ ἐξῆλθεν ἔξω,",18,ܘܗܘ̣ܐ ܕܟܕ ܚܙܬ ܕܫܒܩܗ ܠܒܫܗ ܒܐ̈ܝܕܝܗ̇ ܘܥ̣ܪܩ ܠܫܘܩܐ.,8,"Quando ela viu que ele deixara a capa na mão dela e fugira para fora,",15,True,True,True
39,14,Gênesis 39:14,וַתִּקְרָ֞א לְאַנְשֵׁ֣י בֵיתָ֗הּ וַתֹּ֤אמֶר לָהֶם֙ לֵאמֹ֔ר רְא֗וּ הֵ֥בִיא לָ֛נוּ אִ֥ישׁ עִבְרִ֖י לְצַ֣חֶק בָּ֑נוּ בָּ֤א אֵלַי֙ לִשְׁכַּ֣ב עִמִּ֔י וָאֶקְרָ֖א בְּק֥וֹל גָּדֽוֹל ׃,ותקרא לאנשי ביתה ותאמר להמ לאמר ראו הביא לנו איש עברי לצחק בנו בא אלי לשכב עמי ואקרא בקול גדול,21,וקרת לאנשי ביתה ואמרת להון למימר חזו איתי לנא גברא עבראה לחיכא בנא על לותי למשכב עמי וקרית בקלא רבא:,20,"καὶ ἐκάλεσεν τοὺς ὄντας ἐν τῇ οἰκίᾳ καὶ εἶπεν αὐτοῖς λέγουσα Ἴδετε, εἰσήγαγεν ἡμῖν παῖδα Ἐβραῖον ἐμπαίζειν ἡμῖν· εἰσῆλθεν πρὸς μὲ λέγων Κοιμήθητι μετ᾽ ἐμοῦ· καὶ ἐβόησα φωνῇ μεγάλῃ.",29,ܩ̣ܪܬ ܠܐܢܫ̈ܝ ܒܝܬܗ̇ ܘܐܡ̣ܪܬ ܠܗܘܢ. ܚܙܘ ܕܐܝܬܝ ܠܢ ܥܒ̣ܕܐ ܥܒܪܝܐ ܠܡܓܚܟ ܥܠܝܢ. ܥܠ ܥܠܝ ܠܡܕܡܟ ܥܡܝ. ܘܩܥ̇ܝܬ ܒܩܠܐ ܪܡܐ .,20,"chamou pelos homens de sua casa, e disse-lhes: Vede! meu marido trouxe-nos um hebreu para nos insultar; veio a mim para se deitar comigo, e eu gritei em alta voz;",30,True,True,True
39,15,Gênesis 39:15,וַיְהִ֣י כְשָׁמְע֔וֹ כִּֽי־ הֲרִימֹ֥תִי קוֹלִ֖י וָאֶקְרָ֑א וַיַּעֲזֹ֤ב בִּגְדוֹ֙ אֶצְלִ֔י וַיָּ֖נָס וַיֵּצֵ֥א הַחֽוּצָה ׃,ויהי כשמעו כי הרימתי קולי ואקרא ויעזב בגדו אצלי וינס ויצא החוצה,13,והוה כד שמע ארי ארימית קלי וקרית ושבקיה ללבושיה לותי וערק ונפק לשוקא:,13,"ἐν δὲ τῷ ἀκοῦσαι αὐτὸν ὅτι ὕψωσα τὴν φωνήν μου καὶ ἐβόησα, καταλείπων τὰ ἱμάτια αὐτοῦ παρ᾽ ἐμοὶ ἔφυγεν καὶ ἐξῆλθεν ἔξω.",22,ܘܟܕ ܫܡ̣ܥ ܕܐܪܝܡ̇ܬ ܩܠܝ ܘܩ̇ܥܝܬ . ܫܒܩܗ ܠܒܫܗ ܠܘܬܝ . ܘܥ̣ܪܩ ܢܦ̣ܩ ܠܗ ܠܫܘܩܐ.,14,"e ouvigiu-se para ela no caminho, e disse: Vem, deixa-me deixou, aqui a sua capa e fugiu, escapando para fora.",20,True,True,True
39,16,Gênesis 39:16,וַתַּנַּ֥ח בִּגְד֖וֹ אֶצְלָ֑הּ עַד־ בּ֥וֹא אֲדֹנָ֖יו אֶל־ בֵּיתֽוֹ ׃,ותנח בגדו אצלה עד בוא אדניו אל ביתו,9,ואחתתיה ללבושיה לותה עד דעל רבוניה לביתיה:,7,καὶ καταλιμπάνει τὰ ἱμάτια παρ᾽ ἑαυτῇ ἕως ἦλθεν ὁ κύριος εἰς τὸν οἶκον αὐτοῦ.,14,ܘܣܡܬܗ ܠܒܫܗ ܠܘܬܗ̇. ܥܕܡܐ ܕܥܠ ܡܪܗ ܠܒܝܬܐ.,7,"Ela guardou a capa consigo, até que o senhor dele voltou a casa.",13,True,True,True
39,17,Gênesis 39:17,וַתְּדַבֵּ֣ר אֵלָ֔יו כַּדְּבָרִ֥ים הָאֵ֖לֶּה לֵאמֹ֑ר בָּֽא־ אֵלַ֞י הָעֶ֧בֶד הָֽעִבְרִ֛י אֲשֶׁר־ הֵבֵ֥אתָ לָּ֖נוּ לְצַ֥חֶק בִּֽי ׃,ותדבר אליו כדברימ האלה לאמר בא אלי העבד העברי אשר הבאת לנו לצחק בי,15,ומלילת עמיה כפתגמיא האלין למימר על לותי עבדא עבראה די איתיתא לנא לחיכא בי:,14,"καὶ ἐλάλησεν αὐτῷ κατὰ τὰ ῥήματα ταῦτα λέγουσα Εἰσῆλθεν πρὸς μὲ ὁ παῖς ὁ Ἐβραῖος, ὃν εἰσήγαγες πρὸς ἡμᾶς, ἐμπαῖξαί μοι, καὶ εἶπέν μοι Κοιμήθητι μετ᾽ ἐμοῦ.",27,ܘܐܡ̣ܪܬ ܠܗ ܐܝܟ ܡ̈ܠܐ ܗܠܝܢ. ܥܠ ܥܠܝ ܥܒ̣ܕܐ ܥܒܪܝܐ ܕܐܝܬܝܬ ܠܢ ܠܡܓܚܟܘ ܒܢ.,13,"Então falou-lhe conforme as mesmas palavras, dizendo: O servo hebreu, que nos trouxeste, veio a mim para me insultar;",19,True,True,True
39,18,Gênesis 39:18,וַיְהִ֕י כַּהֲרִימִ֥י קוֹלִ֖י וָאֶקְרָ֑א וַיַּעֲזֹ֥ב בִּגְד֛וֹ אֶצְלִ֖י וַיָּ֥נָס הַחֽוּצָה ׃,ויהי כהרימי קולי ואקרא ויעזב בגדו אצלי וינס החוצה,10,והוה כד ארימית קלי וקרית ושבקיה ללבושיה לותי וערק לשוקא:,10,"ὡς δὲ ἤκουσεν ὅτι ὕψωσα τὴν φωνήν μου καὶ ἐβόησα, κατέλειπεν τὰ ἱμάτια αὐτοῦ παρ᾽ ἐμοὶ καὶ ἔφυγεν καὶ ἐξῆλθεν ἔξω.",21,ܘܟܕ ܐܪܝܡ̇ܬ ܩܠܝ ܘܩ̇ܥܝܬ. ܫܒܩܗ ܠܒܫܗ ܒܐ̈ܝܕܝ ܘܥܪ̣ܩ ܢܦ̣ܩ ܠܗ ܠܫܘܩܐ.,11,"mas, levantando eu a voz e gritando, ele deixou comigo a capa e fugiu para fora.",16,True,True,True
39,19,Gênesis 39:19,וַיְהִי֩ כִשְׁמֹ֨עַ אֲדֹנָ֜יו אֶת־ דִּבְרֵ֣י אִשְׁתּ֗וֹ אֲשֶׁ֨ר דִּבְּרָ֤ה אֵלָיו֙ לֵאמֹ֔ר כַּדְּבָרִ֣ים הָאֵ֔לֶּה עָ֥שָׂהּ לִ֖י עַבְדֶּ֑ךָ וַיִּ֖חַר אַפּֽוֹ ׃,ויהי כשמע אדניו את דברי אשתו אשר דברה אליו לאמר כדברימ האלה עשה לי עבדכ ויחר אפו,18,והוה כד שמע רבוניה ית פתגמי אתתיה די מלילת עמיה למימר כפתגמיא האלין עבד לי עבדך ותקף רגזיה:,18,"ἐγένετο δὲ ὡς ἤκουσεν ὁ κύριος τὰ ῥήματα τῆς γυναικὸς αὐτοῦ, ὅσα ἐλάλησεν πρὸς αὐτὸν λέγουσα Οὕτως ἐποίησέν μοι ὁ παῖς σου, καὶ ἐθυμώθη ὀργῇ.",25,ܘܟܕ ܫܡ̣ܥ ܡܪܗ ܡ̈ܠܝܗ̇ ܕܐܢܬܬܗ ܕܐܡ̣ܪܬ ܠܗ. ܕܐܝܟ ܡ̈ܠܐ ܗܠܝܢ ܥܒ̣ܕ ܠܝ ܥܒ̣ܕܟ. ܐܬܚܡ̣ܬ ܪܘܓܙܗ.,15,"Tendo o seu senhor ouvido as palavras de sua mulher, que lhe falava, dizendo: Desta maneira me fez teu servo, a sua ira se acendeu.",25,True,True,True
39,20,Gênesis 39:20,וַיִּקַּח֩ אֲדֹנֵ֨י יוֹסֵ֜ף אֹת֗וֹ וַֽיִּתְּנֵ֨הוּ֙ אֶל־ בֵּ֣ית הַסֹּ֔הַר מְק֕וֹם אֲשֶׁר־ אסורי הַמֶּ֖לֶךְ אֲסוּרִ֑ים וַֽיְהִי־ שָׁ֖ם בְּבֵ֥ית הַסֹּֽהַר ׃,ויקח אדני יוספ אתו ויתנהו אל בית הסהר מקומ אשר אסורי המלכ אסורימ ויהי שמ בבית הסהר,18,ונסיב רבוניה דיוסף יתיה ומניה לבית אסירי אתר די אסירי מלכא אסירין והוה תמן בבית אסירי:,16,"καὶ ἔλαβεν ὁ κύριος Ἰωσὴφ καὶ ἐνέβαλεν αὐτὸν εἰς τὸ ὀχύρωμα, εἰς τὸν τόπον ἐν ᾧ οἱ δεσμῶται τοῦ βασιλέως κατέχονται ἐκεῖ ἐν τῷ ὀχυρώματι.",25,ܘܕܒܪܗ ܡܪܗ ܘܐܪܡܝܗ ܒܝܬ ܐܣܝܪ̈ܐ. ܐܬܪ ܕܐܣܝܪ̈ܝ ܡ̇ܠܟܐ ܐܣܝܪ̈ܝܢ ܗܘܘ . ܘܗܘ̣ܐ ܬܡ̇ܢ ܒܝܬ ܐܣܝܪ̈ܐ.,15,"Então o senhor de José o tomou, e o lançou no cárcere, no lugar em que os presos do rei estavam encarcerados; e ele ficou ali no cárcere.",28,True,True,True
39,21,Gênesis 39:21,וַיְהִ֤י יְהוָה֙ אֶת־ יוֹסֵ֔ף וַיֵּ֥ט אֵלָ֖יו חָ֑סֶד וַיִּתֵּ֣ן חִנּ֔וֹ בְּעֵינֵ֖י שַׂ֥ר בֵּית־ הַסֹּֽהַר ׃,ויהי יהוה את יוספ ויט אליו חסד ויתנ חנו בעיני שר בית הסהר,14,והוה מימרא דיי בסעדיה דיוסף ונגד ליה חסדא ויהביה לרחמין בעיני רב בית אסירי:,14,"καὶ ἦν Κύριος μετὰ Ἰωσὴφ καὶ κατέχεεν αὐτοῦ ἔλεος, καὶ ἔδωκεν αὐτῷ χάριν ἐναντίον τοῦ ἀρχιδεσμοφύλακος.",16,ܘܗ̣ܘܐ ܡܪܝܐ ܥܡ ܝܘܣܦ. ܘܐܪܡܝ ܥܠܘܗܝ ܚܣܕܐ. ܘܝܗܒܗ ܠܪ̈ܚܡܐ ܒܥܝ̈ܢܝ ܪܒ ܒܝܬ ܐܣܝܪ̈ܐ.,13,"O Senhor, porém, era com José, estendendo sobre ele a sua benignidade e dando-lhe graça aos olhos do carcereiro,",19,True,True,True
39,22,Gênesis 39:22,וַיִּתֵּ֞ן שַׂ֤ר בֵּית־ הַסֹּ֨הַר֙ בְּיַד־ יוֹסֵ֔ף אֵ֚ת כָּל־ הָ֣אֲסִירִ֔ם אֲשֶׁ֖ר בְּבֵ֣ית הַסֹּ֑הַר וְאֵ֨ת כָּל־ אֲשֶׁ֤ר עֹשִׂים֙ שָׁ֔ם ה֖וּא הָיָ֥ה עֹשֶֽׂה ׃,ויתנ שר בית הסהר ביד יוספ את כל האסירמ אשר בבית הסהר ואת כל אשר עשימ שמ הוא היה עשה,21,ומני רב בית אסירי בידא דיוסף ית כל אסיריא די בבית אסירי וית כל די עבדין תמן על מימריה הוה מתעבד:,21,"καὶ ἔδωκεν ὁ ἀρχιδεσμοφύλαξ τὸ δεσμωτήριον διὰ χειρὸς Ἰωσὴφ καὶ πάντας τοὺς ἀπηγμένους ὅσοι ἐν τῷ δεσμωτηρίῳ, καὶ πάντα ὅσα ποιοῦσιν ἐκεῖ.",22,ܘܐܫܠܡ ܪܒ ܐܣܝܪ̈ܐ ܒܝܕ ܝܘܣܦ ܟܠܗܘܢ ܐܣܝܪ̈ܐ ܕܒܒܝܬ ܐܣܝܪ̈ܐ. ܘܟܠ ܕܥܒܕܝܢ ܗܘܘ ܬܡ̇ܢ ܗ̣ܘ ܥܒ̇ܕ ܗܘܐ.,16,o qual entregou na mão de José todos os presos que estavam no cárcere; e era José quem ordenava tudo o que se fazia ali.,25,True,True,True
39,23,Gênesis 39:23,אֵ֣ין ׀ שַׂ֣ר בֵּית־ הַסֹּ֗הַר רֹאֶ֤ה אֶֽת־ כָּל־ מְא֨וּמָה֙ בְּיָד֔וֹ בַּאֲשֶׁ֥ר יְהוָ֖ה אִתּ֑וֹ וַֽאֲשֶׁר־ ה֥וּא עֹשֶׂ֖ה יְהוָ֥ה מַצְלִֽיחַ ׃ ס,אינ שר בית הסהר ראה את כל מאומה בידו באשר יהוה אתו ואשר הוא עשה יהוה מצליח ס,20,לית רב בית אסירי חזי ית כל סרחן בידיה בדי מימרא דיי בסעדיה ודי הוא עבד יי מצלח:,18,"οὐκ ἦν ὁ ἀρχιδεσμοφύλαξ γινώσκων δι᾽ αὐτὸν οὐθέν· πάντα γὰρ ἦν διὰ χειρὸς Ἰωσήφ, διὰ τὸ τὸν κύριον μετ᾽ αὐτοῦ εἶναι· καὶ ὅσα αὐτὸς ἐποίει, Κύριος εὐοδοῖ ἐν ταῖς χερσὶν αὐτοῦ.",31,ܘܪܒ ܐܣܝܪ̈ܐ ܠܐ ܚ̇ܙܐ ܗܘ̣ܐ ܡܕܡ ܒܐܝܕܗ. ܡܛܠ ܕܡܪܝܐ ܥܡܗ. ܘܟܠ ܡܕܡ ܕܥܒ̇ܕ ܗܘܐ ܡܪܝܐ ܡܨܠܚ.,16,"E o carcereiro não tinha cuidado de coisa alguma que estava na mão de José, porquanto o Senhor era com ele, fazendo prosperar tudo quanto ele empreendia.",27,True,True,True
40,1,Gênesis 40:1,וַיְהִ֗י אַחַר֙ הַדְּבָרִ֣ים הָאֵ֔לֶּה חָֽטְא֛וּ מַשְׁקֵ֥ה מֶֽלֶךְ־ מִצְרַ֖יִם וְהָאֹפֶ֑ה לַאֲדֹנֵיהֶ֖ם לְמֶ֥לֶךְ מִצְרָֽיִם ׃,ויהי אחר הדברימ האלה חטאו משקה מלכ מצרימ והאפה לאדניהמ למלכ מצרימ,13,והוה בתר פתגמיא האלין סרחו שקיא מלכא דמצרים ונחתומא לרבוניהון למלכא דמצרים:,12,Ἐγένετο δὲ μετὰ τὰ ῥήματα ταῦτα ἥμαρτεν ὁ ἀρχιοινοχόος τοῦ βασιλέως Αἰγύπτου καὶ ὁ ἀρχισιτοποιὸς τῷ κυρίῳ αὐτῶν βασιλεῖ Αἰγύπτου.,20,ܘܗܘ̣ܐ ܡܢ ܒܬܪ ܦܬ̈ܓܡܐ ܗܠܝܢ. ܚܛܘ ܪܒ ܫܩ̈ܘܬܐ ܕܡ̇ܠܟܐ ܕܡܨܪܝܢ ܘܪܒ ܢܚ̈ܬܘܡܐ ܠܡܪܗܘܢ ܡ̇ܠܟܐ ܕܡܨܪܝܢ.,15,"Depois destas coisas o copeiro do rei do Egito e o seu padeiro ofenderam o seu senhor, o rei do Egito.",21,True,True,True
40,2,Gênesis 40:2,וַיִּקְצֹ֣ף פַּרְעֹ֔ה עַ֖ל שְׁנֵ֣י סָרִיסָ֑יו עַ֚ל שַׂ֣ר הַמַּשְׁקִ֔ים וְעַ֖ל שַׂ֥ר הָאוֹפִֽים ׃,ויקצפ פרעה על שני סריסיו על שר המשקימ ועל שר האופימ,12,ורגז פרעה על תרין רברבנוהי על רב שקי ועל רב נחתומי:,11,"καὶ ὠργίσθη Φαραὼ ἐπὶ τοῖς δυσὶν εὐνούχοις αὐτοῦ, ἐπὶ τῷ ἀρχιοινοχόῳ καὶ ἐπὶ τῷ ἀρχισιτοποιῷ·",15,ܘܪܓܙ ܦܪܥܘܢ ܥܠ ܬܪ̈ܝܢ ܡܗܝܡܢ̈ܘܗܝ. ܥܠ ܪܒ ܫܩ̈ܘܬܐ ܘܥܠ ܪܒ ܢܚ̈ܬܘܡܐ.,11,"Pelo que se indignou Faraó contra os seus dois oficiais, contra o copeiro-mor e contra o padeiro-mor;",17,True,True,True
40,3,Gênesis 40:3,וַיִּתֵּ֨ן אֹתָ֜ם בְּמִשְׁמַ֗ר בֵּ֛ית שַׂ֥ר הַטַבָּחִ֖ים אֶל־ בֵּ֣ית הַסֹּ֑הַר מְק֕וֹם אֲשֶׁ֥ר יוֹסֵ֖ף אָס֥וּר שָֽׁם ׃,ויתנ אתמ במשמר בית שר הטבחימ אל בית הסהר מקומ אשר יוספ אסור שמ,15,ויהב יתהון במטרא בית רב קטוליא לבית אסירי אתר די יוסף אסיר תמן:,13,"καὶ ἔθετο αὐτοὺς ἐν φυλακῇ παρὰ τῷ ἀρχιδεσμοφύλακι εἰς τὸ δεσμωτήριον, εἰς τὸν τόπον οὗ Ἰωσὴφ ἀπῆκτο ἐκεῖ.",18,ܘܐܪܡܝ ܐܢܘܢ ܒܝܬ ܐܣܝܪ̈ܐ. ܒܝܬ ܪܒ ܕܚܫ̈ܐ . ܒܐܬܪܐ ܕܝܘܣܦ ܐܣܝܪ ܬܡ̇ܢ.,12,"e mandou detê-los na casa do capitão da guarda, no cárcere onde José estava preso;",15,True,True,True
40,4,Gênesis 40:4,וַ֠יִּפְקֹד שַׂ֣ר הַטַּבָּחִ֧ים אֶת־ יוֹסֵ֛ף אִתָּ֖ם וַיְשָׁ֣רֶת אֹתָ֑ם וַיִּהְי֥וּ יָמִ֖ים בְּמִשְׁמָֽר ׃,ויפקד שר הטבחימ את יוספ אתמ וישרת אתמ ויהיו ימימ במשמר,12,ומני רב קטוליא ית יוסף עמהון ושמש יתהון והוו יומין במטרא:,11,"καὶ συνέστησεν ὁ ἀρχιδεσμώτης τῷ Ἰωσὴφ αὐτούς, καὶ παρέστη αὐτοῖς· ἦσαν δὲ ἡμέρας ἐν τῇ φυλακῇ.",16,ܘܐܫܠܛ ܪܒ ܕܚܫ̈ܐ ܠܝܘܣܦ ܥܠܝܗܘܢ ܘܫܡܫ ܐܢܘܢ. ܘܗܘܘ ܝܘܡ̈ܬܐ ܒܝܬ ܐܣܝܪ̈ܐ.,11,"e o capitão da guarda pô-los a cargo de José, que os servia. Assim estiveram por algum tempo em detenção.",20,True,True,True
40,5,Gênesis 40:5,וַיַּֽחַלְמוּ֩ חֲל֨וֹם שְׁנֵיהֶ֜ם אִ֤ישׁ חֲלֹמוֹ֙ בְּלַ֣יְלָה אֶחָ֔ד אִ֖ישׁ כְּפִתְר֣וֹן חֲלֹמ֑וֹ הַמַּשְׁקֶ֣ה וְהָאֹפֶ֗ה אֲשֶׁר֙ לְמֶ֣לֶךְ מִצְרַ֔יִם אֲשֶׁ֥ר אֲסוּרִ֖ים בְּבֵ֥ית הַסֹּֽהַר ׃,ויחלמו חלומ שניהמ איש חלמו בלילה אחד איש כפתרונ חלמו המשקה והאפה אשר למלכ מצרימ אשר אסורימ בבית הסהר,20,וחלמו חלמא תרויהון גבר חלמיה בליליא חד גבר כפושרן חלמיה שקיא ונחתומא די למלכא דמצרים די אסירין בבית אסירי:,19,"καὶ ἴδον ἀμφότεροι ἐνύπνιον, ἑκάτερος ἐνύπνιον ἐν μιᾷ νυκτί, ὅρασις τοῦ ἐνυπνίου αὐτοῦ, ὁ ἀρχιοινοχόος καὶ ὁ ἀρχισιτοποιὸς οἳ ἦσαν τῷ βασιλεῖ Αἰγύπτου, οἱ ὄντες ἐν τῷ δεσμωτηρίῳ.",28,ܘܚ̣ܠܡܘ ܚ̈ܠܡܐ ܬܪ̈ܝܗܘܢ. ܓܒܪ ܚܠܡܗ ܒܠܠܝܐ ܚܕ ܓܒܪ ܐܝܟ ܦܫܪ ܚܠܡܗ . ܫܩܝܐ ܘܢܚܬܘܡܐ ܕܡ̇ܠܟܐ ܕܡܨܪܝܢ ܕܐܣܝܪ̈ܝܢ ܒܝܬ ܐܣܝܪ̈ܐ.,19,"Ora, tiveram ambos um sonho, cada um seu sonho na mesma noite, cada um conforme a interpretação do seu sonho, o copeiro e o padeiro do rei do Egito, que se achavam presos no cárcere:",35,True,True,True
40,6,Gênesis 40:6,וַיָּבֹ֧א אֲלֵיהֶ֛ם יוֹסֵ֖ף בַּבֹּ֑קֶר וַיַּ֣רְא אֹתָ֔ם וְהִנָּ֖ם זֹעֲפִֽים ׃,ויבא אליהמ יוספ בבקר וירא אתמ והנמ זעפימ,9,ואתא לותהון יוסף בצפרא וחזא יתהון והא אנון נסיסין:,9,"εἰσῆλθεν δὲ πρὸς αὐτοὺς τὸ πρωὶ Ἰωσήφ, καὶ ἴδεν αὐτοὺς καὶ ἦσαν τεταραγμένοι.",13,ܘܥܠ ܠܘܬܗܘܢ ܝܘܣܦ ܒܨܦܪܐ ܘܚ̣ܙܐ ܐܢܘܢ. ܘܗܐ ܟܡܝܪ̈ܝܢ.,8,"Quando José veio a eles pela manhã, viu que estavam perturbados:",11,True,True,True
40,7,Gênesis 40:7,וַיִּשְׁאַ֞ל אֶת־ סְרִיסֵ֣י פַרְעֹ֗ה אֲשֶׁ֨ר אִתּ֧וֹ בְמִשְׁמַ֛ר בֵּ֥ית אֲדֹנָ֖יו לֵאמֹ֑ר מַדּ֛וּעַ פְּנֵיכֶ֥ם רָעִ֖ים הַיּֽוֹם ׃,וישאל את סריסי פרעה אשר אתו במשמר בית אדניו לאמר מדוע פניכמ רעימ היומ,15,ושאל ית רברבי פרעה די עמיה במטרא בית רבוניה למימר מא דין אפיכון בישין יומא דין:,16,"καὶ ἠρώτα τοὺς εὐνούχους Φαραώ, οἵ ἦσαν μετ᾽ αὐτοῦ ἐν τῇ φυλακῇ παρὰ τῷ κυρίῳ αὐτοῦ, λέγων Τί ὅτι τὰ πρόσωπα ὑμῶν σκυθρωπὰ σήμερον;",24,ܘܫܐ̇ܠ ܠܡܗ̈ܝܡܢܝ ܦܪܥܘܢ ܕܥܡܗ ܒܚܒܘܫܝܐ ܒܝܬ ܡܪܗ ܘܐܡ̣ܪ ܠܗܘܢ . ܠܡܢܐ ܟܡܝܪ̈ܢ ܐ̈ܦܝܟܘܢ ܝܘܡܢܐ.,14,"Perguntou, pois, a esses oficiais de Faraó, que com ele estavam no cárcere da casa de seu senhor, dizendo: Por que estão os vossos semblantes tão tristes hoje?",28,True,True,True
40,8,Gênesis 40:8,וַיֹּאמְר֣וּ אֵלָ֔יו חֲל֣וֹם חָלַ֔מְנוּ וּפֹתֵ֖ר אֵ֣ין אֹת֑וֹ וַיֹּ֨אמֶר אֲלֵהֶ֜ם יוֹסֵ֗ף הֲל֤וֹא לֵֽאלֹהִים֙ פִּתְרֹנִ֔ים סַפְּרוּ־ נָ֖א לִֽי ׃,ויאמרו אליו חלומ חלמנו ופתר אינ אתו ויאמר אלהמ יוספ הלוא לאלהימ פתרנימ ספרו נא לי,17,ואמרו ליה חלמא חלמנא ופשר לית ליה ואמר להון יוסף הלא מן קדם יי פושרן חלמיא אשתעו כען לי:,19,"οἱ δὲ εἶπαν αὐτῷ Ἐνύπνιον ἴδομεν, καὶ ὁ συγκρίνων αὐτὸ οὐκ ἔστιν. εἶπεν δὲ αὐτοῖς Ἰωσήφ Οὐχὶ διὰ τοῦ θεοῦ ἡ διασάφησις αὐτῶν ἐστίν; διηγήσασθε οὖν μοι.",27,ܘܐܡܪܘ ܠܗ. ܚܠܡܐ ܚܠܡܢ ܘܦܫܘܪܐ ܠܝܬ ܠܗ. ܐܡ̇ܪ ܠܗܘܢ ܝܘܣܦ. ܗܐ ܕܐܠܗܐ ܐܢܘܢ ܦܫܪ̈ܐ. ܐܫܬܥܘ ܠܝ .,17,"Responderam-lhe: Tivemos um sonho e ninguém há que o interprete. Pelo que lhes disse José: Porventura não pertencem a Deus as interpretações? Contai-mo, peço-vos.",24,True,True,True
40,9,Gênesis 40:9,וַיְסַפֵּ֧ר שַֽׂר־ הַמַּשְׁקִ֛ים אֶת־ חֲלֹמ֖וֹ לְיוֹסֵ֑ף וַיֹּ֣אמֶר ל֔וֹ בַּחֲלוֹמִ֕י וְהִנֵּה־ גֶ֖פֶן לְפָנָֽי ׃,ויספר שר המשקימ את חלמו ליוספ ויאמר לו בחלומי והנה גפנ לפני,13,ואשתעי רב שקי ית חלמיה ליוסף ואמר ליה בחלמי והא גופנא קדמי:,12,καὶ διηγήσατο ὁ ἀρχιοινοχόος τὸ ἐνύπνιον αὐτοῦ τῷ Ἰωσὴφ καὶ εἶπεν Ἐν τῷ ὕπνῳ μου ἦν ἄμπελος ἐναντίον μου·,19,ܘܐܫܬܥܝ ܪܒ ܫܩ̈ܘܬܐ ܚܠܡܗ ܠܝܘܣܦ. ܘܐܡ̣ܪ ܠܗ. ܒܚܠܡܝ ܗܐ ܓܦܬܐ ܩܕܡܝ.,11,"Então contou o copeiro-mor o seu sonho a José, dizendo-lhe: Eis que em meu sonho havia uma vide diante de mim,",21,True,True,True
40,10,Gênesis 40:10,וּבַגֶּ֖פֶן שְׁלֹשָׁ֣ה שָׂרִיגִ֑ם וְהִ֤יא כְפֹרַ֨חַת֙ עָלְתָ֣ה נִצָּ֔הּ הִבְשִׁ֥ילוּ אַשְׁכְּלֹתֶ֖יהָ עֲנָבִֽים ׃,ובגפנ שלשה שריגמ והיא כפרחת עלתה נצה הבשילו אשכלתיה ענבימ,11,ובגופנא תלתא שבשין והיא כד אפרחת אפקת לבלבין ואניצת נץ בשילו אתכלתהא ענבין:,13,"ἐν δὲ τῇ ἀμπέλῳ τρεῖς πυθμένες, καὶ αὐτὴ θάλλουσα ἀνενηνοχυῖα βλαστούς· πέπειροι οἱ βότρυες σταφυλῆς.",15,ܘܒܓܦܬܐ ܬܠܬ ܫܒܫ̈ܬܝܢ. ܘܗ̣ܝ ܟܕ ܦܪܥ̣ܬ. ܝܥܘ ܛܪ̈ܦܝܗ̇ ܘܒܫܠܘ ܣ̈ܓܘܠܝܗ̇. ܗܘܘ ܥܢ̈ܒܐ.,12,"e na vide três sarmentos; e, tendo a vide brotado, saíam as suas flores, e os seus cachos produziam uvas maduras.",21,True,True,True
40,11,Gênesis 40:11,וְכ֥וֹס פַּרְעֹ֖ה בְּיָדִ֑י וָאֶקַּ֣ח אֶת־ הָֽעֲנָבִ֗ים וָֽאֶשְׂחַ֤ט אֹתָם֙ אֶל־ כּ֣וֹס פַּרְעֹ֔ה וָאֶתֵּ֥ן אֶת־ הַכּ֖וֹס עַל־ כַּ֥ף פַּרְעֹֽה ׃,וכוס פרעה בידי ואקח את הענבימ ואשחט אתמ אל כוס פרעה ואתנ את הכוס על כפ פרעה,18,וכסא דפרעה בידי ונסיבת ית ענביא ועצרית יתהון לכסא דפרעה ויהבית ית כסא על ידא דפרעה:,16,"καὶ τὸ ποτήριον Φαραὼ ἐν τῇ χειρί μου· καὶ ἔλαβον τὴν σταφυλὴν καὶ ἐξέθλιψα αὐτὴν εἰς τὸ ποτήριον, καὶ ἔδωκα τὸ ποτήριον εἰς τὰς χεῖρας Φαραώ.",26,ܘܟܣܐ ܕܦܪܥܘܢ ܒܐ̈ܝܕܝ. ܘܢܣ̇ܒܬ ܥܢ̈ܒܐ ܘܥܨܪܬ ܐܢ̈ܝܢ ܒܟܣܗ ܕܦܪܥܘܢ. ܘܝܗ̇ܒܬ ܟܣܐ ܠܐ̈ܝܕܝ ܦܪܥܘܢ.,13,"O copo de Faraó estava na minha mão; e, tomando as uvas, eu as espremia no copo de Faraó e entregava o copo na mão de Faraó.",27,True,True,True
40,12,Gênesis 40:12,וַיֹּ֤אמֶר לוֹ֙ יוֹסֵ֔ף זֶ֖ה פִּתְרֹנ֑וֹ שְׁלֹ֨שֶׁת֙ הַשָּׂ֣רִגִ֔ים שְׁלֹ֥שֶׁת יָמִ֖ים הֵֽם ׃,ויאמר לו יוספ זה פתרנו שלשת השרגימ שלשת ימימ המ,11,ואמר ליה יוסף דין פשרניה תלתא שבשין תלתא יומין אנון:,10,καὶ εἶπεν αὐτῷ Ἰωσήφ Τοῦτο ἡ σύγκρισις αὐτοῦ. οἱ τρεῖς πυθμένες τρεῖς ἡμέραι εἰσίν·,14,ܐܡ̇ܪ ܠܗ ܝܘܣܦ. ܗܢܘ ܦܫܪܗ ܕܚܠܡܟ . ܬܠܬ ܫܒܫ̈ܬܝܢ ܬܠܬܐ ܐܢܘܢ ܝܘܡ̈ܝܢ.,12,Então disse-lhe José: Esta é a sua interpretação: Os três sarmentos são três dias;,14,True,True,True
40,13,Gênesis 40:13,בְּע֣וֹד ׀ שְׁלֹ֣שֶׁת יָמִ֗ים יִשָּׂ֤א פַרְעֹה֙ אֶת־ רֹאשֶׁ֔ךָ וַהֲשִֽׁיבְךָ֖ עַל־ כַּנֶּ֑ךָ וְנָתַתָּ֤ כוֹס־ פַּרְעֹה֙ בְּיָד֔וֹ כַּמִּשְׁפָּט֙ הָֽרִאשׁ֔וֹן אֲשֶׁ֥ר הָיִ֖יתָ מַשְׁקֵֽהוּ ׃,בעוד שלשת ימימ ישא פרעה את ראשכ והשיבכ על כנכ ונתת כוס פרעה בידו כמשפט הראשונ אשר היית משקהו,21,בסוף תלתא יומין ידברנך פרעה ית רישך ויתיבנך על שמושך ותתן כסא דפרעה בידיה כהלכתא קדמאה די הויתא משקי ליה:,20,"ἔτι τρεῖς ἡμέραι καὶ μνησθήσεται Φαραὼ τῆς ἀρχῆς σου καὶ ἀποκαταστήσει σε ἐπὶ τὴν ἀρχιοινοχοίαν σου, καὶ δώσεις τὸ ποτήριον Φαραὼ εἰς τὴν χεῖρα αὐτοῦ κατὰ τὴν ἀρχήν σου τὴν προτέραν, ὡς ἦσθα οἰνοχοῶν.",34,ܒܬܪ ܬܠܬܐ ܝܘܡ̈ܝܢ ܢܬܕܟܪܟ ܦܪܥܘܢ. ܘܢܗܦܟܟ ܥܠ ܫܕܬܟ. ܘܬܬܠ ܟܣܐ ܠܦܪܥܘܢ ܒܐܝܕܗ. ܐܝܟ ܢܡܘܣܐ ܩܕܡܝܐ ܕܡܫ̇ܩܐ ܗܘ̣ܝܬ ܠܗ.,18,"dentro de três dias Faraó levantará a tua cabeça, e te restaurará ao teu cargo; e darás o copo de Faraó na sua mão, conforme o costume antigo, quando eras seu copeiro.",32,True,True,True
40,14,Gênesis 40:14,כִּ֧י אִם־ זְכַרְתַּ֣נִי אִתְּךָ֗ כַּאֲשֶׁר֙ יִ֣יטַב לָ֔ךְ וְעָשִֽׂיתָ־ נָּ֥א עִמָּדִ֖י חָ֑סֶד וְהִזְכַּרְתַּ֨נִי֙ אֶל־ פַּרְעֹ֔ה וְהוֹצֵאתַ֖נִי מִן־ הַבַּ֥יִת הַזֶּֽה ׃,כי אמ זכרתני אתכ כאשר ייטב לכ ועשית נא עמדי חסד והזכרתני אל פרעה והוצאתני מנ הבית הזה,19,אלהן תדכרנני עמך כד ייטב לך ותעבד כען עמי טיבו ותדכר עלי קדם פרעה ותפקנני מן בית אסירא הדין:,19,"ἀλλὰ μνήσθητί μου διὰ σεαυτοῦ ὅταν εὖ σοι γένηται, καὶ ποιήσεις ἐν ἐμοὶ ἔλεος, καὶ μνησθήσῃ περὶ ἐμοῦ Φαραώ, καὶ ἐξάξεις με ἐκ τοῦ ὀχυρώματος τούτου·",26,ܐܠܐ ܐܬܕܟܪܝܢܝ ܥܡܟ ܟܕ ܢܛܐܒ ܠܟ. ܘܥܒ̣ܕ ܥܡܝ ܛܝܒܘܬܐ ܘܩܘܫܬܐ. ܘܐܬܕܟܪܝܢܝ ܩܕܡ ܦܪܥܘܢ. ܘܐܦܩܝܢܝ ܡܢ ܒܝܬ ܐܣܝܪ̈ܐ ܗܢܐ.,18,"Mas lembra-te de mim, quando te for bem; usa, peço-te, de compaixão para comigo e faze menção de mim a Faraó e tira-me desta casa;",25,True,True,True
40,15,Gênesis 40:15,כִּֽי־ גֻנֹּ֣ב גֻּנַּ֔בְתִּי מֵאֶ֖רֶץ הָעִבְרִ֑ים וְגַם־ פֹּה֙ לֹא־ עָשִׂ֣יתִֽי מְא֔וּמָה כִּֽי־ שָׂמ֥וּ אֹתִ֖י בַּבּֽוֹר ׃,כי גנב גנבתי מארצ העברימ וגמ פה לא עשיתי מאומה כי שמו אתי בבור,15,ארי מגנב גנבנא מארעא דעבראי ואף הכא לא עבדית מדעם ארי שויאו יתי בבית אסירי:,15,"ὅτι κλοπῇ ἐκλάπην ἐκ γῆς Ἐβραίων· καὶ ὧδε οὐκ ἐποίησα οὐδέν, ἀλλ᾽ ἐνέβαλόν με εἰς τὸν λάκκον τοῦτον.",18,ܡܛܠ ܕܡܓܢܒ ܓܢܝܒ ܐܢܐ ܡܢ ܐܪܥܐ ܕܥܒܪ̈ܝܐ. ܘܐܦ ܗܪܟܐ ܡܕܡ ܠܐ ܥܒ̇ܕܬ. ܕܐܪܡܝܘܢܝ ܒܓܘܒܐ .,15,"porque, na verdade, fui roubado da terra dos hebreus; e aqui também nada tenho feito para que me pusessem na masmorra.",21,True,True,True
40,16,Gênesis 40:16,וַיַּ֥רְא שַׂר־ הָאֹפִ֖ים כִּ֣י ט֣וֹב פָּתָ֑ר וַיֹּ֨אמֶר֙ אֶל־ יוֹסֵ֔ף אַף־ אֲנִי֙ בַּחֲלוֹמִ֔י וְהִנֵּ֗ה שְׁלֹשָׁ֛ה סַלֵּ֥י חֹרִ֖י עַל־ רֹאשִֽׁי ׃,וירא שר האפימ כי טוב פתר ויאמר אל יוספ אפ אני בחלומי והנה שלשה סלי חרי על ראשי,19,וחזא רב נחתומי ארי יאות פשר ואמר ליוסף אף אנא בחלמי והא תלתא סלין דחירו על רישי:,17,"καὶ ἴδεν ὁ ἀρχισιτοποιὸς ὅτι ὀρθῶς συνέκρινεν, καὶ εἶπεν τῷ Ἰωσήφ Κἀγὼ ἴδον ἐνύπνιον, καὶ ᾤμην τρία κανᾶ χονδριτῶν αἴρειν ἐπὶ τῆς κεφαλῆς μου·",24,ܘܚ̣ܙܐ ܪܒ ܢܚ̈ܬܘܡܐ ܕܫܦܝܪ ܦܫ̣ܪ. ܘܐܡ̣ܪ ܠܝܘܣܦ. ܘܐܦ ܐܢܐ ܒܚܠܡܝ. ܘܗܐ ܬܠܬܐ ܣ̈ܠܐ ܕܚܘܪ̈ܬܐ ܥܠ ܪܫܝ.,16,"Quando o padeiro-mor viu que a interpretação era boa, disse a José: Eu também sonhei, e eis que três cestos de pão branco estavam sobre a minha cabeça.",28,True,True,True
40,17,Gênesis 40:17,וּבַסַּ֣ל הָֽעֶלְי֔וֹן מִכֹּ֛ל מַאֲכַ֥ל פַּרְעֹ֖ה מַעֲשֵׂ֣ה אֹפֶ֑ה וְהָע֗וֹף אֹכֵ֥ל אֹתָ֛ם מִן־ הַסַּ֖ל מֵעַ֥ל רֹאשִֽׁי ׃,ובסל העליונ מכל מאכל פרעה מעשה אפה והעופ אכל אתמ מנ הסל מעל ראשי,15,ובסלא עלאה מכל מיכל פרעה עובד נחתום ועופא אכל יתהון מן סלא מעלוי רישי:,14,"ἐν δὲ τῷ κανῷ τῷ ἐπάνω ἀπὸ πάντων τῶν γενημάτων ὧν ὁ βασιλεὺς Φαραὼ ἐσθίει, ἔργον σιτοποιοῦ· καὶ τὰ πετεινὰ τοῦ οὐρανοῦ κατήσθιεν αὐτὰ ἀπὸ τοῦ κανοῦ τοῦ ἐπάνω τῆς κεφαλῆς μου.",32,ܘܒܣܠܐ ܥܠܝܐ ܡܢ ܟܠ ܡܐܟܠܗ ܕܦܪܥܘܢ. ܥܒ̇ܕܐ ܕܢܚܬܘܡܐ. ܘܚܝܘܬ ܟܢܦܐ ܐܟܠܐ ܠܗܘܢ ܡܢ ܣܠܐ ܡܢ ܠܥܠ ܡܢ ܪܫܝ.,18,E no cesto mais alto havia para Faraó manjares de todas as qualidades que fazem os padeiros; e as aves os comiam do cesto que estava sobre a minha cabeça.,30,True,True,True
40,18,Gênesis 40:18,וַיַּ֤עַן יוֹסֵף֙ וַיֹּ֔אמֶר זֶ֖ה פִּתְרֹנ֑וֹ שְׁלֹ֨שֶׁת֙ הַסַּלִּ֔ים שְׁלֹ֥שֶׁת יָמִ֖ים הֵֽם ׃,ויענ יוספ ויאמר זה פתרנו שלשת הסלימ שלשת ימימ המ,11,ואתב יוסף ואמר דין פשרניה תלתא סלין תלתא יומין אנון:,10,ἀποκριθεὶς δὲ Ἰωσὴφ εἶπεν αὐτῷ Αὕτη ἡ σύγκρισις αὐτοῦ· τὰ τρία κανᾶ τρεῖς ἡμέραι εἰσίν·,15,ܥܢ̣ܐ ܝܘܣܦ ܘܐܡ̣ܪ ܠܗ . ܗܢܘ ܦܫܪܗ ܕܚܠܡܟ. ܬܠܬܐ ܣ̈ܠܝܢ ܬܠܬܐ ܐܢܘܢ ܝܘܡ̈ܝܢ.,13,Então respondeu José: Esta é a interpretação do sonho: Os três cestos são três dias;,15,True,True,True
40,19,Gênesis 40:19,בְּע֣וֹד ׀ שְׁלֹ֣שֶׁת יָמִ֗ים יִשָּׂ֨א פַרְעֹ֤ה אֶת־ רֹֽאשְׁךָ֙ מֵֽעָלֶ֔יךָ וְתָלָ֥ה אוֹתְךָ֖ עַל־ עֵ֑ץ וְאָכַ֥ל הָע֛וֹף אֶת־ בְּשָׂרְךָ֖ מֵעָלֶֽיךָ ׃,בעוד שלשת ימימ ישא פרעה את ראשכ מעליכ ותלה אותכ על עצ ואכל העופ את בשרכ מעליכ,19,בסוף תלתא יומין יעדי פרעה ית רישך מנך ויצלוב יתך על צליבא ויכול עופא ית בשרך מנך:,17,"ἔτι τριῶν ἡμερῶν ἀφελεῖ Φαραὼ τὴν κεφαλήν σου ἀπὸ σοῦ, καὶ κρεμάσει σε ἐπὶ ξύλου, καὶ φάγεται τὰ ὄρνεα τοῦ οὐρανοῦ τὰς σάρκας σου ἀπὸ σοῦ.",26,ܒܬܪ ܬܠܬܐ ܝܘܡ̈ܝܢ. ܢܣ̣ܒ ܦܪܥܘܢ ܪܫܟ ܡܢܟ ܘܢܙܩܦܟ ܥܠ ܩܝܣܐ. ܘܬܐܟܘܠ ܦܪܚܬܐ ܒܣܪܟ ܡܢܟ.,14,"dentro de três dias tirará Faraó a tua cabeça, e te pendurará num madeiro, e as aves comerão a tua carne de sobre ti.",24,True,True,True
40,20,Gênesis 40:20,וַיְהִ֣י ׀ בַּיּ֣וֹם הַשְּׁלִישִׁ֗י י֚וֹם הֻלֶּ֣דֶת אֶת־ פַּרְעֹ֔ה וַיַּ֥עַשׂ מִשְׁתֶּ֖ה לְכָל־ עֲבָדָ֑יו וַיִּשָּׂ֞א אֶת־ רֹ֣אשׁ ׀ שַׂ֣ר הַמַּשְׁקִ֗ים וְאֶת־ רֹ֛אשׁ שַׂ֥ר הָאֹפִ֖ים בְּת֥וֹךְ עֲבָדָֽיו ׃,ויהי ביומ השלישי יומ הלדת את פרעה ויעש משתה לכל עבדיו וישא את ראש שר המשקימ ואת ראש שר האפימ בתוכ עבדיו,25,והוה ביומא תליתאה יומא בית ולדא דפרעה ועבד משתיא לכל עבדוהי ואדכר ית ריש רב שקי וית ריש רב נחתומי בגו עבדוהי:,22,"ἐγένετο δὲ ἐν τῇ ἡμέρᾳ τῇ τρίτῃ ἡμέρα γενέσεως ἦν Φαραώ, καὶ ἐποίει πότον πᾶσι τοῖς παισὶν αὐτοῦ· καὶ ἐμνήσθη τῆς ἀρχῆς τοῦ ἀρχιοινοχόου καὶ τῆς ἀρχῆς τοῦ ἀρχισιτοποιοῦ ἐν μέσῳ τῶν παίδων αὐτοῦ.",34,ܘܗܘܐ ܒܝܘܡܐ ܬܠܝܬܝܐ ܒܝܘܡܐ ܕܒܝܬ ܝܠܕܗ ܕܦܪܥܘܢ. ܥܒ̣ܕ ܦܪܥܘܢ ܡܫܬܝܐ ܠܟܠܗܘܢ ܥܒ̣̈ܕܘܗܝ. ܘܐܬܕܟܪ ܠܪܒ ܫܩ̈ܘܬܐ ܘܠܪܒ ܢܚܬ̈ܘܡܐ ܒܓܘ ܥܒ̈ܕܘܗܝ.,19,"E aconteceu ao terceiro dia, o dia natalício de Faraó, que este deu um banquete a todos os seus servos; e levantou a cabeça do copeiro-mor, e a cabeça do padeiro-mor no meio dos seus servos;",36,True,True,True
40,21,Gênesis 40:21,וַיָּ֛שֶׁב אֶת־ שַׂ֥ר הַמַּשְׁקִ֖ים עַל־ מַשְׁקֵ֑הוּ וַיִּתֵּ֥ן הַכּ֖וֹס עַל־ כַּ֥ף פַּרְעֹֽה ׃,וישב את שר המשקימ על משקהו ויתנ הכוס על כפ פרעה,12,ואתיב ית רב שקי על שקיותיה ויהב ית כסא על ידא דפרעה:,12,"καὶ ἀπεκατέστησεν τὸν ἀρχιοινοχόον ἐπὶ τὴν ἀρχὴν αὐτοῦ, καὶ ἔδωκεν τὸ ποτήριον εἰς τὴν χεῖρα Φαραώ·",16,ܘܐܩܝܡ ܠܪܒ ܫ̈ܩܘܬܐ ܥܠ ܫܕܬܗ. ܘܝܗ̣ܒ ܟܣܐ ܥܠ ܐܝ̈ܕܝ ܦܪܥܘܢ.,10,"e restaurou o copeiro-mor ao seu cargo de copeiro, e este deu o copo na mão de Faraó;",18,True,True,True
40,22,Gênesis 40:22,וְאֵ֛ת שַׂ֥ר הָאֹפִ֖ים תָּלָ֑ה כַּאֲשֶׁ֥ר פָּתַ֛ר לָהֶ֖ם יוֹסֵֽף ׃,ואת שר האפימ תלה כאשר פתר להמ יוספ,9,וית רב נחתומי צלב כמא די פשר להון יוסף:,9,"τὸν δὲ ἀρχισιτοποιὸν ἐκρέμασεν, καθὰ συνέκρινεν αὐτοῖς Ἰωσήφ.",8,ܘܠܪܒ ܢܚܬ̈ܘܡܐ ܙܩܦ̣ ܐܝܟ ܕܦܫ̣ܪ ܠܗܘܢ ܝܘܣܦ.,7,"mas ao padeiro-mor enforcou, como José lhes havia interpretado.",9,True,True,True
40,23,Gênesis 40:23,וְלֹֽא־ זָכַ֧ר שַֽׂר־ הַמַּשְׁקִ֛ים אֶת־ יוֹסֵ֖ף וַיִּשְׁכָּחֵֽהוּ ׃ פ,ולא זכר שר המשקימ את יוספ וישכחהו פ,9,ולא דכיר רב שקי ית יוסף ואנשיה:,7,"οὐκ ἐμνήσθη δὲ ὁ ἀρχιοινοχόος τοῦ Ἰωσήφ, ἀλλὰ ἐπελάθετο αὐτοῦ.",10,ܘܠܐ ܐܬܕܟܪ ܪܒ ܫܩ̈ܘܬܐ ܠܝܘܣܦ ܘܛܥܝܗܝ.,6,"O copeiro-mor, porém, não se lembrou de José, antes se esqueceu dele.",12,True,True,True
41,1,Gênesis 41:1,וַיְהִ֕י מִקֵּ֖ץ שְׁנָתַ֣יִם יָמִ֑ים וּפַרְעֹ֣ה חֹלֵ֔ם וְהִנֵּ֖ה עֹמֵ֥ד עַל־ הַיְאֹֽר ׃,ויהי מקצ שנתימ ימימ ופרעה חלמ והנה עמד על היאר,11,והוה מסוף תרתין שנין ופרעה חלם והא קאם על נהרא:,10,"Ἐγένετο δὲ μετὰ δύο ἔτη ἡμερῶν Φαραὼ ἴδεν ἐνύπνιον. ᾤετο ἑστάναι ἐπὶ τοῦ ποταμοῦ,",14,ܘܗܘܐ ܡܢ ܒܬܪ ܬܪ̈ܬܝܢ ܫ̈ܢܝܢ. ܘܦܪܥܘܢ ܚܠ̣ܡ ܚܠܡܐ . ܘܗܐ ܩܐܡ ܥܠ ܢܗܪܐ.,13,"Passados dois anos inteiros, Faraó sonhou que estava em pé junto ao rio Nilo;",14,True,True,True
41,2,Gênesis 41:2,וְהִנֵּ֣ה מִן־ הַיְאֹ֗ר עֹלֹת֙ שֶׁ֣בַע פָּר֔וֹת יְפ֥וֹת מַרְאֶ֖ה וּבְרִיאֹ֣ת בָּשָׂ֑ר וַתִּרְעֶ֖ינָה בָּאָֽחוּ ׃,והנה מנ היאר עלת שבע פרות יפות מראה ובריאת בשר ותרעינה באחו,13,והא מן נהרא סלקן שבע תורן שפירן למחזי ופטימן בשר ורעין באחוה:,12,"καὶ ἰδοὺ ὥσπερ ἐκ τοῦ ποταμοῦ ἀνέβαινον ἑπτὰ βόες καλαὶ τῷ εἴδει καὶ ἐκλεκταὶ ταῖς σαρξίν, καὶ ἐβόσκοντο ἐν τῷ ἄχει·",21,ܘܗܐ ܡܢ ܢܗܪܐ ܣ̈ܠܩܢ ܫܒܥ ܬܘܪ̈ܢ. ܫܦܝܪ̈ܢ ܒܚܙܘܗܝܢ ܘܫܡܝܢܢ ܒܒܣܪܗܝܢ ܘܪܥܝܢ ܒܡܪܓܐ.,12,"e eis que subiam do rio sete vacas, formosas à vista e gordas de carne, e pastavam no carriçal.",19,True,True,True
41,3,Gênesis 41:3,וְהִנֵּ֞ה שֶׁ֧בַע פָּר֣וֹת אֲחֵר֗וֹת עֹל֤וֹת אַחֲרֵיהֶן֙ מִן־ הַיְאֹ֔ר רָע֥וֹת מַרְאֶ֖ה וְדַקּ֣וֹת בָּשָׂ֑ר וַֽתַּעֲמֹ֛דְנָה אֵ֥צֶל הַפָּר֖וֹת עַל־ שְׂפַ֥ת הַיְאֹֽר ׃,והנה שבע פרות אחרות עלות אחריהנ מנ היאר רעות מראה ודקות בשר ותעמדנה אצל הפרות על שפת היאר,19,והא שבע תורן אחרנין סלקן בתריהון מן נהרא בישן למחזי וחסירן בשר וקמן לקבליהון דתורן על כיף נהרא:,18,"ἄλλαι δὲ ἑπτὰ βόες ἀνέβαινον μετὰ ταύτας ἐκ τοῦ ποταμοῦ, αἰσχραὶ τῷ εἴδει καὶ λεπταὶ ταῖς σαρξίν, καὶ ἐνέμοντο αἱ βόες παρὰ τὸ χεῖλος τοῦ ποταμοῦ ἐν τῷ ἄχει·",29,ܘܗܐ ܫܒܥ ܬܘܪ̈ܬܐ ܐܚܪ̈ܢܝܬܐ ܣ̈ܠܩܢ ܒܬܪܗܝܢ ܡܢ ܢܗܪܐ. ܒܝܫ̈ܢ ܒܚܙܘܗܝܢ ܘܡܚܝܠܢ ܒܒܣܪܗܝܢ. ܘܩܡ ܥܠ ܓܢܒ ܬܘܪ̈ܬܐ ܥܠ ܣܦܬ ܢܗܪܐ.,19,"Após elas subiam do rio outras sete vacas, feias à vista e magras de carne; e paravam junto às outras vacas à beira do Nilo.",25,True,True,True
41,4,Gênesis 41:4,וַתֹּאכַ֣לְנָה הַפָּר֗וֹת רָע֤וֹת הַמַּרְאֶה֙ וְדַקֹּ֣ת הַבָּשָׂ֔ר אֵ֚ת שֶׁ֣בַע הַפָּר֔וֹת יְפֹ֥ת הַמַּרְאֶ֖ה וְהַבְּרִיאֹ֑ת וַיִּיקַ֖ץ פַּרְעֹֽה ׃,ותאכלנה הפרות רעות המראה ודקת הבשר את שבע הפרות יפת המראה והבריאת וייקצ פרעה,15,ואכלן תורתא בישן למחזי וחסירן בשר ית שבע תורתא שפירן למחזי ופטימתא ואתער פרעה:,14,καὶ κατέφαγον αἱ ἑπτὰ βόες αἱ αἰσχραὶ καὶ λεπταὶ ταῖς σαρξὶν τὰς ἑπτὰ βόας τὰς καλὰς τῷ εἴδει καὶ τὰς ἐκλεκτάς. ἠγέρθη δὲ Φαραώ.,24,ܘܐܟ̣ܠ ܬܘܪ̈ܬܐ ܕܒܝܫ̈ܢ ܒܚܙܘܗܝܢ ܘܡܚܝ̈ܠܢ ܒܒܣܪܗܝܢ . ܠܫܒܥ ܬܘܪ̈ܬܐ ܕܫܦܝܪ̈ܢ ܒܚܙܘܗܝܢ ܘܫܡܝ̈ܢܢ ܒܒܣܪܗܝܢ. ܘܐܬܬܥܝܪ ܦܪܥܘܢ.,15,E as vacas feias à vista e magras de carne devoravam as sete formosas à vista e gordas. Então Faraó acordou.,21,True,True,True
41,5,Gênesis 41:5,וַיִּישָׁ֕ן וַֽיַּחֲלֹ֖ם שֵׁנִ֑ית וְהִנֵּ֣ה ׀ שֶׁ֣בַע שִׁבֳּלִ֗ים עֹל֛וֹת בְּקָנֶ֥ה אֶחָ֖ד בְּרִיא֥וֹת וְטֹבֽוֹת ׃,ויישנ ויחלמ שנית והנה שבע שבלימ עלות בקנה אחד בריאות וטבות,13,ודמוך וחלם תנינות והא שבע שבליא סלקן בקניא חד פטימן וטבן:,11,"καὶ ἐνυπνιάσθη τὸ δεύτερον· καὶ ἰδοὺ ἑπτὰ στάχυες ἀνέβαινον ἐν πυθμένι ἑνί, ἐκλεκτοὶ καὶ καλοί·",15,ܘܕܡ̣ܟ ܘܚܠܡ ܕܬܪ̈ܬܝܢ ܙܒܢܝ̈ܢ. ܘܗܐ ܫܒܥ ܫܒ̈ܠܝܢ ܣ̈ܠܩܢ ܒܩܢܝܐ ܚܕ. ܡ̈ܠܝܢ ܘܛܒ̈ܢ.,12,Depois dormiu e tornou a sonhar; e eis que brotavam dum mesmo pé sete espigas cheias e boas.,18,True,True,True
41,6,Gênesis 41:6,וְהִנֵּה֙ שֶׁ֣בַע שִׁבֳּלִ֔ים דַּקּ֖וֹת וּשְׁדוּפֹ֣ת קָדִ֑ים צֹמְח֖וֹת אַחֲרֵיהֶֽן ׃,והנה שבע שבלימ דקות ושדופת קדימ צמחות אחריהנ,9,והא שבע שבליא לקין ושקיפן קדום צמחן בתריהון:,8,ἄλλοι δὲ ἑπτὰ στάχυες λεπτοὶ καὶ ἀνεμόφθοροι ἀνεφύοντο μετ᾽ αὐτούς·,10,ܘܗܐ ܫܒܥ ܫܒ̈ܠܝܢ ܩ̈ܛܝܢܢ ܘܫܩܝܦܢ ܠܪܘܚܐ ܕܫܘܒܐ ܝܥܝܢ ܒܬܪܗܝܢ.,9,Após elas brotavam sete espigas miúdas e queimadas do vento oriental;,11,True,True,True
41,7,Gênesis 41:7,וַתִּבְלַ֨עְנָה֙ הַשִּׁבֳּלִ֣ים הַדַּקּ֔וֹת אֵ֚ת שֶׁ֣בַע הַֽשִּׁבֳּלִ֔ים הַבְּרִיא֖וֹת וְהַמְּלֵא֑וֹת וַיִּיקַ֥ץ פַּרְעֹ֖ה וְהִנֵּ֥ה חֲלֽוֹם ׃,ותבלענה השבלימ הדקות את שבע השבלימ הבריאות והמלאות וייקצ פרעה והנה חלומ,13,ובלעא שבליא לקיתא ית שבע שבליא פטימתא ומליתא ואתער פרעה והא חלמא:,12,"καὶ κατέπιον οἱ ἑπτὰ στάχυες οἱ λεπτοὶ καὶ ἀνεμόφθοροι τοὺς ἑπτὰ στάχυας τοὺς ἐκλεκτοὺς καὶ τοὺς πλήρεις. ἠγέρθη δὲ Φαραώ, καὶ ἦν ἐνύπνιον.",23,ܘܒܠܥ ܫܒ̈ܠܐ ܩܛܝܢ̈ܬܐ ܠܫܒܥ ܫܒ̈ܠܐ ܫܡܝܢ̈ܬܐ ܘܡܠܝ̈ܬܐ. ܘܐܬܥܝܪ ܦܪܥܘܢ ܘܗܐ ܚܠܡܐ ܗܘ.,12,"e as espigas miúdas devoravam as sete espigas grandes e cheias. Então Faraó acordou, e eis que era um sonho.",20,True,True,True
41,8,Gênesis 41:8,וַיְהִ֤י בַבֹּ֨קֶר֙ וַתִּפָּ֣עֶם רוּח֔וֹ וַיִּשְׁלַ֗ח וַיִּקְרָ֛א אֶת־ כָּל־ חַרְטֻמֵּ֥י מִצְרַ֖יִם וְאֶת־ כָּל־ חֲכָמֶ֑יהָ וַיְסַפֵּ֨ר פַּרְעֹ֤ה לָהֶם֙ אֶת־ חֲלֹמ֔וֹ וְאֵין־ פּוֹתֵ֥ר אוֹתָ֖ם לְפַרְעֹֽה ׃,ויהי בבקר ותפעמ רוחו וישלח ויקרא את כל חרטמי מצרימ ואת כל חכמיה ויספר פרעה להמ את חלמו ואינ פותר אותמ לפרעה,23,והוה בצפרא ומטרפא רוחיה ושלח וקרא ית כל חרשי מצרים וית כל חכימהא ואשתעי פרעה להון ית חלמיה ולית דפשר יתהון לפרעה:,22,"ἐγένετο δὲ πρωὶ καὶ ἐταράχθη ἡ ψυχὴ αὐτοῦ, καὶ ἀποστείλας ἐκάλεσεν πάντας τοὺς ἐξηγητὰς Αἰγύπτου καὶ πάντας τοὺς σοφοὺς αὐτῆς· καὶ διηγήσατο αὐτοῖς Φαραὼ τὸ ἐνύπνιον, καὶ οὐκ ἦν ὁ ἀπαγγέλλων αὐτὸ τῷ Φαραώ.",34,ܘܗܘܐ ܒܨܦܪܐ. ܘܐܬܛܪܦܬ ܪܘܚܗ ܕܦܪܥܘܢ . ܘܫܕܪ ܩ̣ܪܐ ܠܟܠܗܘܢ ܚܪ̈ܫܐ ܘܠܟܠܗܘܢ ܚܟܝ̈ܡܝܗ̇ ܕܡܨܪ̈ܝܢ. ܘܐܫܬܥܝ ܠܗܘܢ ܦܪܥܘܢ ܚ̈ܠܡܘܗܝ. ܘܠܝܬ ܕܦܫ̇ܪ ܠܗܘܢ ܠܦܪܥܘܢ .,22,"Pela manhã o seu espírito estava perturbado; pelo que mandou chamar todos os adivinhadores do Egito, e todos os seus sábios. Faraó contou-lhes os seus sonhos, mas não havia quem lhos interpretasse. Estavam no cárcere da casa de seu senhor, dizendo vossos semblantes tão tristes hoje?",46,True,True,True
41,9,Gênesis 41:9,וַיְדַבֵּר֙ שַׂ֣ר הַמַּשְׁקִ֔ים אֶת־ פַּרְעֹ֖ה לֵאמֹ֑ר אֶת־ חֲטָאַ֕י אֲנִ֖י מַזְכִּ֥יר הַיּֽוֹם ׃,וידבר שר המשקימ את פרעה לאמר את חטאי אני מזכיר היומ,12,ומליל רב שקי לפרעה למימר ית סרחני אנא מדכר יומא דין:,11,καὶ ἐλάλησεν ὁ ἀρχιοινοχόος πρὸς Φαραὼ λέγων Τὴν ἁμαρτίαν μου ἀναμιμνήσκω σήμερον.,12,ܘܡܠܠ ܪܒ ܫܩ̈ܘܬܐ ܩܕܡ ܦܪܥܘܢ. ܘܐܡ̣ܪ ܣܘܪܚܢܝ ܡܕܟܪ ܐܢܐ ܝܘܡܢܐ.,10,Então disse o copeiro-mor a Faraó: Das minhas faltas me lembro hoje:,12,True,True,True
41,10,Gênesis 41:10,פַּרְעֹ֖ה קָצַ֣ף עַל־ עֲבָדָ֑יו וַיִּתֵּ֨ן אֹתִ֜י בְּמִשְׁמַ֗ר בֵּ֚ית שַׂ֣ר הַטַּבָּחִ֔ים אֹתִ֕י וְאֵ֖ת שַׂ֥ר הָאֹפִֽים ׃,פרעה קצפ על עבדיו ויתנ אתי במשמר בית שר הטבחימ אתי ואת שר האפימ,15,פרעה רגז על עבדוהי ויהב יתי במטרת בית רב קטוליא יתי וית רב נחתומי:,14,"Φαραὼ ὠργίσθη τοῖς παισὶν αὐτοῦ, καὶ ἔθετο ἡμᾶς ἐν φυλακῇ ἐν τῷ οἴκῳ τοῦ ἀρχιδεσμοφύλακος, ἐμέ τε καὶ τὸν ἀρχισιτοποιόν·",20,ܦܪܥܘܢ ܪܓܙ ܥܠ ܥܒ̣̈ܕܘܗܝ. ܘܐܪܡܝܢ ܒܝܬ ܐܣܝܪ̈ܐ ܒܝܬ ܪܒ ܕܚܫ̈ܐ. ܠܝ ܘܠܪܒ ܢܚ̈ܬܘܡܐ.,13,"Faraó estava muito indignado contra os seus servos, e entregou-me à prisão na casa do capitão da guarda, a mim e ao padeiro chefe.",24,True,True,True
41,11,Gênesis 41:11,וַנַּֽחַלְמָ֥ה חֲל֛וֹם בְּלַ֥יְלָה אֶחָ֖ד אֲנִ֣י וָה֑וּא אִ֛ישׁ כְּפִתְר֥וֹן חֲלֹמ֖וֹ חָלָֽמְנוּ ׃,ונחלמה חלומ בלילה אחד אני והוא איש כפתרונ חלמו חלמנו,11,וחלמנא חלמא בליליא חד אנא והוא גבר כפשרן חלמיה חלמנא:,10,"καὶ ἴδομεν ἐνύπνιον ἐν νυκτὶ μιᾷ, ἐγὼ καὶ αὐτός· ἕκαστος κατὰ τὸ αὐτοῦ ἐνύπνιον ἴδομεν.",15,ܘܚܠܡܢ ܚ̈ܠܡܐ ܒܠܠܝܐ ܚܕ ܐܢܐ ܘܗ̇ܘ. ܓܒܪ ܐܝܟ ܦܫܪ ܚܠܡܗ ܚܠܡܢ.,11,"Então tivemos um sonho na mesma noite, eu e ele, e cada sonho com sua própria interpretação.",17,True,True,True
41,12,Gênesis 41:12,וְשָׁ֨ם אִתָּ֜נוּ נַ֣עַר עִבְרִ֗י עֶ֚בֶד לְשַׂ֣ר הַטַּבָּחִ֔ים וַנְּ֨סַפֶּר־ ל֔וֹ וַיִּפְתָּר־ לָ֖נוּ אֶת־ חֲלֹמֹתֵ֑ינוּ אִ֥ישׁ כַּחֲלֹמ֖וֹ פָּתָֽר ׃,ושמ אתנו נער עברי עבד לשר הטבחימ ונספר לו ויפתר לנו את חלמתינו איש כחלמו פתר,17,ותמן עמנא עולם עבראה עבדא לרב קטוליא ואשתעינא ליה ופשר לנא ית חלמנא גבר כחלמיה פשר:,16,"ἦν δὲ ἐκεῖ μεθ᾽ ἡμῶν νεανίσκος παῖς Ἐβραῖος τοῦ ἀρχιμαγείρου, καὶ διηγησάμεθα αὐτῷ, καὶ συνέκρινεν ἡμῖν.",16,ܘܬܡܢ ܥܡܢ ܥܠܝܡܐ ܥܒܪܝܐ ܥܒ̣ܕܐ ܕܪܒ ܕܚܫ̣̈ܐ ܘܐܫܬܥܝܢ ܠܗ. ܘܦܫ̣ܪ ܠܢ ܚ̈ܠܡܝܢ. ܐܢܫ ܐܝܟ ܚܠܡܗ ܦܫܪ.,16,"Estava ali conosco um moço hebreu, servo do capitão da guarda, e contamos-lhe os sonhos, e ele interpretou os nossos sonhos, a cada um interpretou conforme o seu sonho.",29,True,True,True
41,13,Gênesis 41:13,וַיְהִ֛י כַּאֲשֶׁ֥ר פָּֽתַר־ לָ֖נוּ כֵּ֣ן הָיָ֑ה אֹתִ֛י הֵשִׁ֥יב עַל־ כַּנִּ֖י וְאֹת֥וֹ תָלָֽה ׃,ויהי כאשר פתר לנו כנ היה אתי השיב על כני ואתו תלה,13,והוה כמא די פשר לנא כן הוה יתי אתיב על שמושי ויתיה צלב:,13,"ἐγενήθη δὲ καθὼς συνέκρινεν ἡμῖν, οὕτως καὶ συνέβη, ἐμέ τε ἀποκατασταθῆναι ἐπὶ τὴν ἀρχήν μου, ἐκεῖνον δὲ κρεμασθῆναι.",18,ܘܐܝܟ ܕܦܫ̣ܪ ܠܢ ܗܟܢܐ ܗܘܐ ܠܢ . ܠܝ ܐܗܦܟ ܥܠ ܫܕܬܝ ܘܠܗ̇ܘ ܙܩܦ.,13,"E conforme a sua interpretação, assim mesmo aconteceu: eu fui restituído ao meu cargo, e ele foi enforcado.",18,True,True,True
41,14,Gênesis 41:14,וַיִּשְׁלַ֤ח פַּרְעֹה֙ וַיִּקְרָ֣א אֶת־ יוֹסֵ֔ף וַיְרִיצֻ֖הוּ מִן־ הַבּ֑וֹר וַיְגַלַּח֙ וַיְחַלֵּ֣ף שִׂמְלֹתָ֔יו וַיָּבֹ֖א אֶל־ פַּרְעֹֽה ׃,וישלח פרעה ויקרא את יוספ ויריצהו מנ הבור ויגלח ויחלפ שמלתיו ויבא אל פרעה,15,ושלח פרעה וקרא ית יוסף וארהיטוהי מן בית אסירי וספר ושני כסותיה ועל לות פרעה:,15,"Ἀποστείλας δὲ Φαραὼ ἐκάλεσεν τὸν Ἰωσήφ, καὶ ἐξήγαγεν αὐτὸν ἐκ τοῦ ὀχυρώματος· καὶ ἐξύρησαν αὐτόν καὶ ἤλλαξαν τὴν στολὴν αὐτοῦ, καὶ ἦλθεν πρὸς Φαραώ.",24,ܘܫܕܪ ܦܪܥܘܢ ܘܩܪܝܗܝ ܠܝܘܣܦ ܘܐܪܗܛܘܗܝ ܡܢ ܓܘܒܐ. ܘܓ̣ܪܥ ܘܚ̇ܠܦ ܢܚ̈ܬܘܗܝ. ܘܥܠ ܩܕܡ ܦܪܥܘܢ.,13,"Então Faraó mandou chamar a José, e o fizeram sair apressadamente da masmorra. Ele se barbeou, mudou de roupa e apresentou-se a Faraó.",23,True,True,True
41,15,Gênesis 41:15,וַיֹּ֤אמֶר פַּרְעֹה֙ אֶל־ יוֹסֵ֔ף חֲל֣וֹם חָלַ֔מְתִּי וּפֹתֵ֖ר אֵ֣ין אֹת֑וֹ וַאֲנִ֗י שָׁמַ֤עְתִּי עָלֶ֨יךָ֙ לֵאמֹ֔ר תִּשְׁמַ֥ע חֲל֖וֹם לִפְתֹּ֥ר אֹתֽוֹ ׃,ויאמר פרעה אל יוספ חלומ חלמתי ופתר אינ אתו ואני שמעתי עליכ לאמר תשמע חלומ לפתר אתו,18,ואמר פרעה ליוסף חלמא חלמית ופשר לית ליה ואנא שמעית עלך למימר דאת שמע חלמא למפשר יתיה:,17,"εἶπεν δὲ Φαραὼ τῷ Ἰωσήφ Ἐνύπνιον ἑώρακα, καὶ ὁ συγκρίνων αὐτὸ οὐκ ἔστιν· ἐγὼ δὲ ἀκήκοα περὶ σοῦ λεγόντων, ἀκούσαντά σε ἐνύπνια συγκρῖναι αὐτά.",24,ܘܐܡ̣ܪ ܦܪܥܘܢ ܠܝܘܣܦ. ܚܠܡܐ ܚ̇ܠܡܬ ܘܦܫܘܪܐ ܠܝܬ ܠܗ. ܘܐܢܐ ܫܡ̇ܥܬ ܥܠܝܟ. ܕܫܡ̇ܥ ܐܢܬ ܚܠܡܐ ܘܦܫܪ ܐܢܬ ܠܗ.,17,"Disse Faraó a José: Eu tive um sonho e não há quem o interprete. Mas de ti ouvi dizer que, ouvindo contar um sonho, podes interpretá-lo.",26,True,True,True
41,16,Gênesis 41:16,וַיַּ֨עַן יוֹסֵ֧ף אֶת־ פַּרְעֹ֛ה לֵאמֹ֖ר בִּלְעָדָ֑י אֱלֹהִ֕ים יַעֲנֶ֖ה אֶת־ שְׁל֥וֹם פַּרְעֹֽה ׃,ויענ יוספ את פרעה לאמר בלעדי אלהימ יענה את שלומ פרעה,12,ואתיב יוסף ית פרעה למימר בר מן חכמתי אלהן מן קדם יי יתתב ית שלמא דפרעה:,16,ἀποκριθεὶς δὲ Ἰωσὴφ τῷ Φαραὼ εἶπεν Ἄνευ τοῦ θεοῦ οὐκ ἀποκριθήσεται τὸ σωτήριον Φαραώ.,14,ܥܢ̣ܐ ܝܘܣܦ ܘܐܡ̣ܪ ܠܦܪܥܘܢ. ܕܠܡܐ ܣ̇ܒܪ ܐܢܬ ܕܒܠܥܕ ܐܠܗܐ ܢܥܢܐ ܫܠܡܐ ܠܦܪܥܘܢ.,12,"Respondeu José a Faraó: Isso não está em mim, mas Deus é que dará uma resposta de paz a Faraó.",20,True,True,True
41,17,Gênesis 41:17,וַיְדַבֵּ֥ר פַּרְעֹ֖ה אֶל־ יוֹסֵ֑ף בַּחֲלֹמִ֕י הִנְנִ֥י עֹמֵ֖ד עַל־ שְׂפַ֥ת הַיְאֹֽר ׃,וידבר פרעה אל יוספ בחלמי הנני עמד על שפת היאר,11,ומליל פרעה ליוסף בחלמי הא אנא קאם על כיף נהרא:,10,ἐλάλησεν δὲ Φαραὼ τῷ Ἰωσὴφ λέγων Ἐν τῷ ὕπνῳ μου ᾤμην ἑστάναι ἐπὶ τὸ χεῖλος τοῦ ποταμοῦ·,17,ܘܐܡ̣ܪ ܦܪܥܘܢ ܠܝܘܣܦ. ܒܚܠܡܝ ܗܐ ܩܐܡ ܐܢܐ ܥܠ ܣܦܬ ܢܗܪܐ.,10,"Então disse Faraó a José: Em meu sonho eu estava em pé à beira do rio Nilo,",17,True,True,True
41,18,Gênesis 41:18,וְהִנֵּ֣ה מִן־ הַיְאֹ֗ר עֹלֹת֙ שֶׁ֣בַע פָּר֔וֹת בְּרִיא֥וֹת בָּשָׂ֖ר וִיפֹ֣ת תֹּ֑אַר וַתִּרְעֶ֖ינָה בָּאָֽחוּ ׃,והנה מנ היאר עלת שבע פרות בריאות בשר ויפת תאר ותרעינה באחו,13,והא מן נהרא סלקן שבע תורתא פטימן בשר ושפירן למחזי ורעין באחוה:,12,"καὶ ὥσπερ ἐκ τοῦ ποταμοῦ ἀνέβαινον ἑπτὰ βόες καλαὶ τῷ εἴδει καὶ ἐκλεκταὶ ταῖς σαρξίν, καὶ ἐνέμοντο ἐν τῷ ἄχει·",20,ܘܗܐ ܡܢ ܢܗܪܐ ܣܠܩܢ ܫܒܥ ܬܘܪ̈ܬܐ. ܫܡܝ̈ܢܢ ܒܒܣܪܗܝܢ ܘܫܦܝܪ ܚܙܘܗܝܢ ܘܪܥܝܢ ܒܡܪܓܐ.,12,"e subiam do rio sete vacas gordas e formosas à vista, e pastavam entre os juncos.",16,True,True,True
41,19,Gênesis 41:19,וְהִנֵּ֞ה שֶֽׁבַע־ פָּר֤וֹת אֲחֵרוֹת֙ עֹל֣וֹת אַחֲרֵיהֶ֔ן דַּלּ֨וֹת וְרָע֥וֹת תֹּ֛אַר מְאֹ֖ד וְרַקּ֣וֹת בָּשָׂ֑ר לֹֽא־ רָאִ֧יתִי כָהֵ֛נָּה בְּכָל־ אֶ֥רֶץ מִצְרַ֖יִם לָרֹֽעַ ׃,והנה שבע פרות אחרות עלות אחריהנ דלות ורעות תאר מאד ורקות בשר לא ראיתי כהנה בכל ארצ מצרימ לרע,20,והא שבע תורתא אחרנין סלקן בתריהון חסיכן ובישן למחזי לחדא וחסירן בשר לא חזתי כותהן בכל ארעא דמצרים לבישו:,19,"καὶ ἰδοὺ ἑπτὰ βόες ἕτεραι ἀνέβαινον ὀπίσω αὐτῶν ἐκ τοῦ ποταμοῦ πονηραὶ καὶ αἰσχραὶ τῷ εἴδει καὶ λεπταὶ ταῖς σαρξίν, καὶ ἐνέμοντο ἐν τῷ ἄχει· οἵας οὐκ εἶδον τοιαύτας ἐν ὅλῃ Αἰγύπτῳ αἰσχροτέρας·",33,ܘܗܐ ܫܒܥ ܬܘܪ̈ܢ ܐܚܪ̈ܢܝܢ ܣܠܩܢ ܒܬܪܗܝܢ. ܒܨܝܪ̈ܢ ܘܒܝܫ ܚܙܘܗܝܢ . ܘܡܚܝܠ ܒܣܪܗܝܢ ܛܒ. ܘܠܐ ܚ̇ܙܝܬ ܕܒܝܫ̈ܢ ܐܟܘܬܗܝܢ ܒܟܘܠܗ̇ ܐܪܥܐ ܕܡܨܪܝܢ.,20,"Após elas subiam outras sete vacas, fracas, muito feias à vista e magras de carne, tão feias quais nunca vi em toda terra do Egito.",25,True,True,True
41,20,Gênesis 41:20,וַתֹּאכַ֨לְנָה֙ הַפָּר֔וֹת הָרַקּ֖וֹת וְהָרָע֑וֹת אֵ֣ת שֶׁ֧בַע הַפָּר֛וֹת הָרִאשֹׁנ֖וֹת הַבְּרִיאֹֽת ׃,ותאכלנה הפרות הרקות והרעות את שבע הפרות הראשנות הבריאת,10,ואכלן תורתא חסיכתא ובישתא ית שבע תורתא קדמיתא פטימתא:,9,"καὶ κατέφαγον αἱ ἑπτὰ βόες αἱ αἰσχραὶ καὶ λεπταὶ τὰς ἑπτὰ βόας τὰς πρώτας τὰς καλὰς καὶ ἐκλεκτάς,",18,ܘܐܟ̣ܠ ܬܘܪ̈ܬܐ ܡܚܝ̈ܠܬܐ ܘܒܝܫ̈ܬܐ ܠܫܒܥ ܬܘܪ̈ܬܐ ܩܕܡܝ̈ܬܐ ܫܡܝ̈ܢܬܐ.,8,As vacas magras e feias devoravam as primeiras sete vacas gordas.,11,True,True,True
41,21,Gênesis 41:21,וַתָּבֹ֣אנָה אֶל־ קִרְבֶּ֗נָה וְלֹ֤א נוֹדַע֙ כִּי־ בָ֣אוּ אֶל־ קִרְבֶּ֔נָה וּמַרְאֵיהֶ֣ן רַ֔ע כַּאֲשֶׁ֖ר בַּתְּחִלָּ֑ה וָאִיקָֽץ ׃,ותבאנה אל קרבנה ולא נודע כי באו אל קרבנה ומראיהנ רע כאשר בתחלה ואיקצ,15,ועלא למעיהן ולא אתידע ארי עלו למעיהן ומחזיהן ביש כד בקדמיתא ואתערית:,12,"καὶ εἰσῆλθον εἰς τὰς κοιλίας αὐτῶν· καὶ οὐ διάδηλοι ἐγένοντο ὅτι εἰσῆλθον εἰς τὰς κοιλίας αὐτῶν, καὶ αἱ ὄψεις αὐτῶν αἰσχραὶ καθὰ καὶ τὴν ἀρχήν. ἐξεγερθεὶς δὲ ἐκοιμήθην.",28,ܘܥܠ ܠܓܘܗܝܢ ܘܠܐ ܐܬܝܕܥ ܕܥܠ ܠܓܘܗܝܢ. ܘܚܙܘܗܝܢ ܒܝܫ ܐܝܟ ܕܒܩܕܡܝܬܐ. ܘܐܬ̇ܬܥܝܪܬ.,11,"Mas depois de as terem consumido, não se podia reconhecer que as houvessem consumido; a sua aparência era tão feia como no princípio. Então acordei.",25,True,True,True
41,22,Gênesis 41:22,וָאֵ֖רֶא בַּחֲלֹמִ֑י וְהִנֵּ֣ה ׀ שֶׁ֣בַע שִׁבֳּלִ֗ים עֹלֹ֛ת בְּקָנֶ֥ה אֶחָ֖ד מְלֵאֹ֥ת וְטֹבֽוֹת ׃,וארא בחלמי והנה שבע שבלימ עלת בקנה אחד מלאת וטבות,12,וחזית בחלמי והא שבע שבליא סלקן בקניא חד מלין וטבן:,10,"καὶ ἴδον πάλιν ἐν τῷ ὕπνῳ μου, καὶ ὥσπερ ἑπτὰ στάχυες ἀνέβαινον ἐν πυθμένι ἑνὶ πλήρεις καὶ καλοί·",18,ܘܬܘܒ ܚܙܝ̇ܬ ܒܚܠܡܝ. ܘܗܐ ܫܒܥ ܫܒ̈ܠܝܢ ܣ̈ܠܩܢ ܒܩܢܝܐ ܚܕ. ܡ̈ܠܝܢ ܘܛܒ̈ܢ.,11,"Depois vi, em meu sonho, que de um mesmo pé subiam sete espigas cheias e boas.",16,True,True,True
41,23,Gênesis 41:23,וְהִנֵּה֙ שֶׁ֣בַע שִׁבֳּלִ֔ים צְנֻמ֥וֹת דַּקּ֖וֹת שְׁדֻפ֣וֹת קָדִ֑ים צֹמְח֖וֹת אַחֲרֵיהֶֽם ׃,והנה שבע שבלימ צנמות דקות שדפות קדימ צמחות אחריהמ,10,והא שבע שבליא נצן לקין שקיפן קדום צמחן בתריהון:,9,ἄλλοι δὲ ἑπτὰ στάχυες λεπτοὶ καὶ ἀνεμόφθοροι ἀνεφύοντο ἐχόμενοι αὐτῶν·,10,ܘܗܐ ܫܒܥ ܫܒ̈ܠܝܢ ܩܛܝ̈ܢܢ ܘܫܩܝ̈ܦܢ ܠܪܘܚܐ ܕܫܘܒܐ ܝܥܝܢ ܒܬܪܗܝܢ.,9,"Após elas brotavam sete espigas secas, miúdas e queimadas do vento oriental.",12,True,True,True
41,24,Gênesis 41:24,וַתִּבְלַ֨עְןָ֙ הָשִׁבֳּלִ֣ים הַדַּקֹּ֔ת אֵ֛ת שֶׁ֥בַע הַֽשִׁבֳּלִ֖ים הַטֹּב֑וֹת וָֽאֹמַר֙ אֶל־ הַֽחַרְטֻמִּ֔ים וְאֵ֥ין מַגִּ֖יד לִֽי ׃,ותבלענ השבלימ הדקת את שבע השבלימ הטבות ואמר אל החרטמימ ואינ מגיד לי,14,ובלען שבליא לקיתא ית שבע שבליא טבתא ואמרית לחרשיא ולית די מחוי לי:,13,"καὶ κατέπιον οἱ ἑπτὰ στάχυες οἱ λεπτοὶ καὶ ἀνεμόφθοροι τοὺς ἑπτὰ στάχυας τοὺς καλούς καὶ τοὺς πλήρεις. εἶπα οὖν τοῖς ἐξηγηταῖς, καὶ οὐκ ἦν ὁ ἀπαγγέλλων μοι.",27,ܘܒܠ̣ܥ ܫܒ̈ܠܐ ܩܛܝܢܬ̈ܐ ܠܫܒܥ ܫܒ̈ܠܐ ܛܒܬ̈ܐ. ܘܐܡ̇ܪܬ ܠܚܪ̈ܫܐ ܘܠܝܬ ܕܡܚܘܐ ܠܝ.,11,"As sete espigas miúdas devoravam as sete espigas boas. Contei-o aos magos, mas não houve quem o interpretasse.",18,True,True,True
41,25,Gênesis 41:25,וַיֹּ֤אמֶר יוֹסֵף֙ אֶל־ פַּרְעֹ֔ה חֲל֥וֹם פַּרְעֹ֖ה אֶחָ֣ד ה֑וּא אֵ֣ת אֲשֶׁ֧ר הָאֱלֹהִ֛ים עֹשֶׂ֖ה הִגִּ֥יד לְפַרְעֹֽה ׃,ויאמר יוספ אל פרעה חלומ פרעה אחד הוא את אשר האלהימ עשה הגיד לפרעה,15,ואמר יוסף לפרעה חלמא פרעה חד הוא ית די יי עתיד למעבד חוי לפרעה:,14,καὶ εἶπεν Ἰωσὴφ τῷ Φαραώ Τὸ ἐνύπνιον Φαραὼ ἕν ἐστιν· ὅσα ὁ θεὸς ποιεῖ ἔδειξεν τῷ Φαραώ.,17,ܘܐܡ̣ܪ ܝܘܣܦ ܠܦܪܥܘܢ. ܚܠܡܐ ܦܪܥܘܢ ܚܕ ܗ̣ܘ. ܡܕܡ ܕܐܠܗܐ ܥܒ̇ܕ ܚܘܝ ܠܦܪܥܘܢ.,12,"Então disse José a Faraó: O sonho de Faraó é um só. O que Deus há de fazer, notificou-o a Faraó.",21,True,True,True
41,26,Gênesis 41:26,שֶׁ֧בַע פָּרֹ֣ת הַטֹּבֹ֗ת שֶׁ֤בַע שָׁנִים֙ הֵ֔נָּה וְשֶׁ֤בַע הַֽשִּׁבֳּלִים֙ הַטֹּבֹ֔ת שֶׁ֥בַע שָׁנִ֖ים הֵ֑נָּה חֲל֖וֹם אֶחָ֥ד הֽוּא ׃,שבע פרת הטבת שבע שנימ הנה ושבע השבלימ הטבת שבע שנימ הנה חלומ אחד הוא,16,שבע תורתא טבתא שבע שנין אנון ושבע שבליא טבתא שבע שנין אנון חלמא חד הוא:,15,"αἱ ἑπτὰ βόες αἱ καλαὶ ἑπτὰ ἔτη ἐστίν, καὶ οἱ ἑπτὰ στάχυες οἱ καλοὶ ἑπτὰ ἔτη ἐστίν· τὸ ἐνύπνιον Φαραὼ ἕν ἐστιν.",22,ܫܒܥ ܬܘܪ̈ܬܐ ܛܒܬ̈ܐ ܫܒܥ ܐܢܝ̈ܢ ܫ̈ܢܝܢ. ܘܫܒܥ ܫ̈ܒܠܐ ܛܒ̈ܬܐ ܫܒܥ ܐܢܝ̈ܢ ܫ̈ܢܝܢ. ܚܠܡܐ ܚܕ ܗ̣ܘ.,15,"As sete vacas boas são sete anos, e as sete espigas boas também são sete anos; o sonho é um só.",21,True,True,True
41,27,Gênesis 41:27,וְשֶׁ֣בַע הַ֠פָּרוֹת הָֽרַקּ֨וֹת וְהָרָעֹ֜ת הָעֹלֹ֣ת אַחֲרֵיהֶ֗ן שֶׁ֤בַע שָׁנִים֙ הֵ֔נָּה וְשֶׁ֤בַע הַֽשִׁבֳּלִים֙ הָרֵק֔וֹת שְׁדֻפ֖וֹת הַקָּדִ֑ים יִהְי֕וּ שֶׁ֖בַע שְׁנֵ֥י רָעָֽב ׃,ושבע הפרות הרקות והרעת העלת אחריהנ שבע שנימ הנה ושבע השבלימ הרקות שדפות הקדימ יהיו שבע שני רעב,19,ושבע תורתא חסיכתא ובישתא דסלקן בתריהון שבע שנין אנון ושבע שבליא לקיתא דשקיפן קדום יהוין שבע שני כפנא:,18,"καὶ αἱ ἑπτὰ βόες αἱ λεπταὶ αἱ ἀναβαίνουσαι ὀπίσω αὐτῶν ἑπτὰ ἔτη ἐστίν, καὶ οἱ ἑπτὰ στάχυες οἱ λεπτοὶ καὶ ἀνεμόφθοροι· ἔσονται ἑπτὰ ἔτη λιμοῦ.",25,ܘܫܒܥ ܬܘܪ̈ܬܐ ܡܚܝ̈ܠܬܐ ܘܒܝܫ̈ܬܐ ܕܣ̈ܠܩܢ ܒܬܪܗܝܢ ܫܒܥ ܐܢܝ̈ܢ ܫ̈ܢܝܢ. ܘܫܒܥ ܫ̈ܒܠܐ ܩܛܝܢ̈ܬܐ ܕܫܩܝܦܢ ܠܪܘܚܐ ܕܫܘܒܐ. ܢܗܘܝܢ ܫܒܥ ܫ̈ܢܝܢ ܟܦܢܐ.,19,"As sete vacas magras e feias que subiam após as primeiras, são sete anos, como as sete espigas miúdas e queimadas do vento oriental: são sete anos de fome.",29,True,True,True
41,28,Gênesis 41:28,ה֣וּא הַדָּבָ֔ר אֲשֶׁ֥ר דִּבַּ֖רְתִּי אֶל־ פַּרְעֹ֑ה אֲשֶׁ֧ר הָאֱלֹהִ֛ים עֹשֶׂ֖ה הֶרְאָ֥ה אֶת־ פַּרְעֹֽה ׃,הוא הדבר אשר דברתי אל פרעה אשר האלהימ עשה הראה את פרעה,13,הוא פתגמא די מלילית עם פרעה די יי עתיד למעבד אחזי לפרעה:,12,τὸ δὲ ῥῆμα ὃ εἴρηκα Φαραώ· ὅσα ὁ θεὸς ποιεῖ ἔδειξεν τῷ Φαραώ.,13,ܗ̇ܘ ܦܬܓܡܐ ܕܐܡ̇ܪܬ ܠܦܪܥܘܢ. ܐܝܠܝܢ ܕܐܠܗܐ ܥܒ̇ܕ ܚܘܝ ܠܦܪܥܘܢ.,9,Esta é a palavra que eu disse a Faraó: o que Deus há de fazer mostro-o a Faraó.,18,True,True,True
41,29,Gênesis 41:29,הִנֵּ֛ה שֶׁ֥בַע שָׁנִ֖ים בָּא֑וֹת שָׂבָ֥ע גָּד֖וֹל בְּכָל־ אֶ֥רֶץ מִצְרָֽיִם ׃,הנה שבע שנימ באות שבע גדול בכל ארצ מצרימ,10,הא שבע שנין אתין סבעא רבא בכל ארעא דמצרים:,9,ἰδοὺ ἑπτὰ ἔτη ἔρχεται εὐθηνία πολλὴ ἐν πάσῃ γῇ Αἰγύπτῳ·,10,ܗܐ ܫܒܥ ܫ̈ܢܝܢ ܐܬ̈ܝܢ. ܣܒܥܐ ܪܒܐ ܒܟܠܗ̇ ܐܪܥܐ ܕܡܨܪܝܢ.,9,Vêm sete anos de grande fartura em toda terra do Egito.,11,True,True,True
41,30,Gênesis 41:30,וְ֠קָמוּ שֶׁ֜בַע שְׁנֵ֤י רָעָב֙ אַחֲרֵיהֶ֔ן וְנִשְׁכַּ֥ח כָּל־ הַשָּׂבָ֖ע בְּאֶ֣רֶץ מִצְרָ֑יִם וְכִלָּ֥ה הָרָעָ֖ב אֶת־ הָאָֽרֶץ ׃,וקמו שבע שני רעב אחריהנ ונשכח כל השבע בארצ מצרימ וכלה הרעב את הארצ,15,ויקומון שבע שני כפנא בתריהן ויתנשי כל סבעא בארעא דמצרים וישיצי כפנא ית ארעא:,14,"ἥξει δὲ ἑπτὰ ἔτη λιμοῦ μετὰ ταῦτα, καὶ ἐπιλησθήσονται τῆς πλησμονῆς ἐν ὅλῃ τῇ γῇ Αἰγύπτῳ, καὶ ἀναλώσει ὁ λιμὸς τὴν γῆν·",22,ܘܢܩܘܡܢ ܫܒܥ ܫ̈ܢܝܢ ܕܟܦܢܐ ܒܬܪܗܝܢ. ܘܢܬܛܥܐ ܟܠܗ ܣܒܥܐ ܕܗܘ̣ܐ ܒܟܘܠܗ̇ ܐܪܥܐ ܕܡܨܪܝܢ. ܘܢܣܝܦ ܟܦܢܐ ܠܐܪܥܐ.,15,"Depois deles levantar-se-ão sete anos de fome, e toda aquela fartura será esquecida na terra do Egito, e a fome consumirá a terra.",23,True,True,True
41,31,Gênesis 41:31,וְלֹֽא־ יִוָּדַ֤ע הַשָּׂבָע֙ בָּאָ֔רֶץ מִפְּנֵ֛י הָרָעָ֥ב הַה֖וּא אַחֲרֵי־ כֵ֑ן כִּֽי־ כָבֵ֥ד ה֖וּא מְאֹֽד ׃,ולא יודע השבע בארצ מפני הרעב ההוא אחרי כנ כי כבד הוא מאד,14,ולא יתידע שובעא בארעא מן קדם כפנא ההוא דיהי בתר כן ארי תקיף הוא לחדא:,15,"καὶ οὐκ ἐπιγνωσθήσεται ἡ εὐθηνία ἐπὶ τῆς γῆς ἀπὸ τοῦ λιμοῦ τοῦ ἐσομένου μετὰ ταῦτα, ἰσχυρὸς γὰρ ἔσται σφόδρα.",19,ܘܠܐ ܢܬܝܕܥ ܣܒܥܐ ܒܐܪܥܐ. ܡܛܠ ܟܦܢܐ ܗ̇ܘ ܕܡܢ ܒܬܪܟܝܢ ܕܥܫܝܢ ܗ̣ܘ ܛܒ.,12,"Não será conhecida a abundância na terra, por causa daquela fome que seguirá; porquanto será gravíssima.",16,True,True,True
41,32,Gênesis 41:32,וְעַ֨ל הִשָּׁנ֧וֹת הַחֲל֛וֹם אֶל־ פַּרְעֹ֖ה פַּעֲמָ֑יִם כִּֽי־ נָכ֤וֹן הַדָּבָר֙ מֵעִ֣ם הָאֱלֹהִ֔ים וּמְמַהֵ֥ר הָאֱלֹהִ֖ים לַעֲשֹׂתֽוֹ ׃,ועל השנות החלומ אל פרעה פעמימ כי נכונ הדבר מעמ האלהימ וממהר האלהימ לעשתו,15,ועל דאתנית חלמא לפרעה תרתין זמנין ארי תקין פתגמא מן קדם יי ואוחי יי למעבדיה:,15,"περὶ δὲ τοῦ δευτερῶσαι τὸ ἐνύπνιον Φαραὼ δίς, ὅτι ἀληθὲς ἔσται τὸ ῥῆμα τὸ παρὰ τοῦ θεοῦ, καὶ ταχυνεῖ ὁ θεὸς τοῦ ποιῆσαι αὐτό.",24,ܘܕܐܬܬܢܝ ܚܠܡܐ ܠܦܪܥܘܢ ܕܬܪ̈ܬܝܢ ܙܒ̈ܢܝܢ. ܕܡܛܝܒ ܦܬܓܡܐ ܡܢ ܩܕܡ ܐܠܗܐ. ܘܡܣܪܗܒ ܐܠܗܐ ܠܡܥܒܕܗ.,13,"Ora, se o sonho foi duplicado a Faraó, é porque esta coisa é determinada por Deus, e ele brevemente a fará.",21,True,True,True
41,33,Gênesis 41:33,וְעַתָּה֙ יֵרֶ֣א פַרְעֹ֔ה אִ֖ישׁ נָב֣וֹן וְחָכָ֑ם וִישִׁיתֵ֖הוּ עַל־ אֶ֥רֶץ מִצְרָֽיִם ׃,ועתה ירא פרעה איש נבונ וחכמ וישיתהו על ארצ מצרימ,11,וכען יחזי פרעה גבר סוכלתן וחכים ומניה על ארעא דמצרים:,10,"νῦν οὖν σκέψαι ἄνθρωπον φρόνιμον καὶ συνετόν, καὶ κατάστησον αὐτὸν ἐπὶ τῆς γῆς Αἰγύπτου·",14,ܗܫܐ ܢܚܙܐ ܦܪܥܘܢ ܓܒܪܐ ܚܟܝܡܐ ܘܣܟܘܠܬܢܐ. ܘܢܩܝܡܝܘܗܝ ܥܠ ܐܪܥܐ ܕܡܨܪܝܢ.,10,"Portanto, proveja-se agora Faraó de um homem entendido e sábio, e o ponha sobre a terra do Egito.",18,True,True,True
41,34,Gênesis 41:34,יַעֲשֶׂ֣ה פַרְעֹ֔ה וְיַפְקֵ֥ד פְּקִדִ֖ים עַל־ הָאָ֑רֶץ וְחִמֵּשׁ֙ אֶת־ אֶ֣רֶץ מִצְרַ֔יִם בְּשֶׁ֖בַע שְׁנֵ֥י הַשָּׂבָֽע ׃,יעשה פרעה ויפקד פקדימ על הארצ וחמש את ארצ מצרימ בשבע שני השבע,14,יעבד פרעה וימני מהימנין על ארעא ויזרז ית ארעא דמצרים בשבע שני שובעא :,14,"καὶ ποιησάτω Φαραὼ καὶ καταστησάτω τοπάρχας ἐπὶ τῆς γῆς, καὶ ἀποπεμπτωσάτωσαν πάντα τὰ γενήματα τῆς γῆς Αἰγύπτου τῶν ἑπτὰ ἐτῶν τῆς εὐθηνίας,",22,ܘܢܥܒܪ ܦܪܥܘܢ ܘܢܩܝܡ ܫ̈ܠܝܛܐ ܥܠ ܐܪܥܐ ܕܡܨܪܝܢ . ܘܢܣܒܘܢ ܚܕ ܡܢ ܚܡܫܐ ܒܐܪܥܐ ܕܡܨܪܝܢ. ܒܫܒܥ ܫ̈ܢܝܐ ܕܣܒܥܐ.,17,"Faça isto Faraó: nomeie administradores sobre a terra, que tomem a quinta parte dos produtos da terra do Egito nos sete anos de fartura;",24,True,True,True
41,35,Gênesis 41:35,וְיִקְבְּצ֗וּ אֶת־ כָּל־ אֹ֨כֶל֙ הַשָּׁנִ֣ים הַטֹּבֹ֔ת הַבָּאֹ֖ת הָאֵ֑לֶּה וְיִצְבְּרוּ־ בָ֞ר תַּ֧חַת יַד־ פַּרְעֹ֛ה אֹ֥כֶל בֶּעָרִ֖ים וְשָׁמָֽרוּ ׃,ויקבצו את כל אכל השנימ הטבת הבאת האלה ויצברו בר תחת יד פרעה אכל בערימ ושמרו,17,ויכנשון ית כל עיבור שניא טבן דאתין האלין ויצברון עיבורא תחות ידא דפרעה עיבורא בקירויא ויטרון:,16,"καὶ συναγαγέτωσαν πάντα τὰ βρώματα τῶν ἑπτὰ ἐτῶν τῶν ἐρχομένων τῶν καλῶν τούτων· καὶ συναχθήτω ὁ σῖτος ὑπὸ χεῖρα Φαραώ, βρώματα ἐν ταῖς πόλεσιν συναχθήτω.",25,ܘܢܟ̇ܢܫܘܢ ܟܠܗ ܥܒܘܪܐ ܕܫ̈ܢܝܐ ܗܠܝܢ ܛܒ̈ܬܐ ܕܐ̇ܬܝܢ. ܘܢܚܡܠܘܢ ܥܒܘܪܐ ܬܚܝܬ ܐܝܕܐ ܕܦܪܥܘܢ. ܥܒܘܪܐ ܒܩܘܪ̈ܝܐ ܢܛܪܘܢ.,15,"e ajuntem eles todo o mantimento destes bons anos que vêm, e amontoem trigo debaixo da mão de Faraó, para mantimento nas cidades e o guardem;",26,True,True,True
41,36,Gênesis 41:36,וְהָיָ֨ה הָאֹ֤כֶל לְפִקָּדוֹן֙ לָאָ֔רֶץ לְשֶׁ֨בַע֙ שְׁנֵ֣י הָרָעָ֔ב אֲשֶׁ֥ר תִּהְיֶ֖יןָ בְּאֶ֣רֶץ מִצְרָ֑יִם וְלֹֽא־ תִכָּרֵ֥ת הָאָ֖רֶץ בָּרָעָֽב ׃,והיה האכל לפקדונ לארצ לשבע שני הרעב אשר תהיינ בארצ מצרימ ולא תכרת הארצ ברעב,16,ויהי עבורא גניז לארעא לשבע שני כפנא די תהוין בארעא דמצרים ולא תשתיצי עמא דארעא בכפנא:,16,"καὶ ἔσται τὰ βρώματα πεφυλαγμένα τῇ γῇ εἰς τὰ ἑπτὰ ἔτη τοῦ λιμοῦ ἃ ἔσονται ἐν γῇ Αἰγύπτῳ, καὶ οὐκ ἐκτριβήσεται ἡ γῆ ἐν τῷ λιμῷ.",26,ܘܢܗܘܐ ܥܒܘܪܐ ܢܛܝܪ ܠܐܪܥܐ. ܠܫܒܥ ܫ̈ܢܝܐ ܕܟܦܢܐ ܕܢܗ̈ܘܝܢ ܒܐܪܥܐ ܟܠܗ̇ ܕܡܨܪܝܢ. ܘܠܐ ܬܣܘܦ ܐܪܥܐ ܒܟܦܢܐ.,15,"assim será o mantimento para provimento da terra, para os sete anos de fome, que haverá na terra do Egito; para que a terra não pereça de fome.",28,True,True,True
41,37,Gênesis 41:37,וַיִּיטַ֥ב הַדָּבָ֖ר בְּעֵינֵ֣י פַרְעֹ֑ה וּבְעֵינֵ֖י כָּל־ עֲבָדָֽיו ׃,וייטב הדבר בעיני פרעה ובעיני כל עבדיו,8,ושפר פתגמא בעיני פרעה ובעיני כל עבדוהי:,7,Ἤρεσεν δὲ τὰ ῥήματα ἐναντίον Φαραὼ καὶ ἐναντίον πάντων τῶν παίδων αὐτοῦ·,12,ܘܫ̣ܦܪ ܦܬܓܡܐ ܒܥܝܢ̈ܝ ܦܪܥܘܢ. ܘܒܥܝܢ̈ܝ ܥܒ̈ܕܘܗܝ.,6,"Esse parecer foi bom aos olhos de Faraó, e aos olhos de todos os seus servos.",16,True,True,True
41,38,Gênesis 41:38,וַיֹּ֥אמֶר פַּרְעֹ֖ה אֶל־ עֲבָדָ֑יו הֲנִמְצָ֣א כָזֶ֔ה אִ֕ישׁ אֲשֶׁ֛ר ר֥וּחַ אֱלֹהִ֖ים בּֽוֹ ׃,ויאמר פרעה אל עבדיו הנמצא כזה איש אשר רוח אלהימ בו,12,ואמר פרעה לעבדוהי הנשכח כדין גבר די רוח נבואה מן קדם יי ביה:,13,"καὶ εἶπεν Φαραὼ πᾶσιν τοῖς παισὶν αὐτοῦ Μὴ εὑρήσομεν ἄνθρωπον τοιοῦτον, ὃς ἔχει πνεῦμα θεοῦ ἐν αὐτῷ;",17,ܘܐܡ̣ܪ ܦܪܥܘܢ ܠܥܒ̣̈ܕܘܗܝ. ܡܫܬܟܚ ܐܝܟ ܗܢܐ ܓܒܪܐ ܕܪܘܚܐ ܕܐܠܗܐ ܐܝܬ ܒܗ.,11,"Perguntou, pois, Faraó a seus servos: Poderíamos achar um homem como este, em quem haja o espírito de Deus?",19,True,True,True
41,39,Gênesis 41:39,וַיֹּ֤אמֶר פַּרְעֹה֙ אֶל־ יוֹסֵ֔ף אַחֲרֵ֨י הוֹדִ֧יעַ אֱלֹהִ֛ים אוֹתְךָ֖ אֶת־ כָּל־ זֹ֑את אֵין־ נָב֥וֹן וְחָכָ֖ם כָּמֽוֹךָ ׃,ויאמר פרעה אל יוספ אחרי הודיע אלהימ אותכ את כל זאת אינ נבונ וחכמ כמוכ,16,ואמר פרעה ליוסף בתר דאודע יי יתך ית כל דא לית סכלתן וחכים כותך:,14,"εἶπεν δὲ Φαραὼ τῷ Ἰωσήφ Ἐπειδὴ ἔδειξεν ὁ θεός σοι πάντα ταῦτα, οὐκ ἔστιν ἄνθρωπος φρονιμώτερός σου καὶ συνετώτερος.",19,ܘܐܡ̣ܪ ܦܪܥܘܢ ܠܝܘܣܦ. ܡܢ ܒܬܪ ܕܐܘܕܥܟ ܐܠܗܐ ܗܕܐ ܟܠܗ̇. ܠܝܬ ܕܚܟܝܡ ܘܣܟܘܠܬܢ ܐܟܘܬܟ.,13,"Depois disse Faraó a José: Porquanto Deus te fez saber tudo isto, ninguém há tão entendido e sábio como tu.",20,True,True,True
41,40,Gênesis 41:40,אַתָּה֙ תִּהְיֶ֣ה עַל־ בֵּיתִ֔י וְעַל־ פִּ֖יךָ יִשַּׁ֣ק כָּל־ עַמִּ֑י רַ֥ק הַכִּסֵּ֖א אֶגְדַּ֥ל מִמֶּֽךָּ ׃,אתה תהיה על ביתי ועל פיכ ישק כל עמי רק הכסא אגדל ממכ,14,את תהי ממנא על ביתי ועל מימרך יתזן כל עמי לחוד כרסי מלכותא הדין איהי יקיר מנך:,17,"σὺ ἔσῃ ἐπὶ τῷ οἴκῳ μου, καὶ ἐπὶ τῷ στόματί σου ὑπακούσεται πᾶς ὁ λαός μου· πλὴν τὸν θρόνον ὑπερέξω σου ἐγώ.",22,ܐܢܬ ܬܗܘܐ ܥܠ ܒܝܬܝ. ܘܥܠ ܡܠܬ ܦܘܡܟ ܢܣ̣ܒ ܕܝܢ̣ܐ ܟܠܗ ܥܡܝ. ܒܠܚܘܕ ܟܘܪܣܝܐ ܐܪܒ ܡܢܟ.,15,"Tu estarás sobre a minha casa, e por tua voz se governará todo o meu povo; somente no trono eu serei maior que tu.",24,True,True,True
41,41,Gênesis 41:41,וַיֹּ֥אמֶר פַּרְעֹ֖ה אֶל־ יוֹסֵ֑ף רְאֵה֙ נָתַ֣תִּי אֹֽתְךָ֔ עַ֖ל כָּל־ אֶ֥רֶץ מִצְרָֽיִם ׃,ויאמר פרעה אל יוספ ראה נתתי אתכ על כל ארצ מצרימ,12,ואמר פרעה ליוסף חזי מניתי יתך על כל ארעא דמצרים:,10,εἶπεν δὲ Φαραὼ τῷ Ἰωσήφ ⸆ Ἰδοὺ καθίστημί σε σήμερον ἐπὶ πάσης γῆς Αἰγύπτου.,14,ܘܐܡ̣ܪ ܦܪܥܘܢ ܠܝܘܣܦ. ܚܙܝ ܕܐܫܠܛܬܟ ܥܠ ܟܠܗ̇ ܐܪܥܐ ܕܡܨܪ̈ܝܢ.,9,"Disse mais Faraó a José: Vê, eu te hei posto sobre toda a terra do Egito.",16,True,True,True
41,42,Gênesis 41:42,וַיָּ֨סַר פַּרְעֹ֤ה אֶת־ טַבַּעְתּוֹ֙ מֵעַ֣ל יָד֔וֹ וַיִּתֵּ֥ן אֹתָ֖הּ עַל־ יַ֣ד יוֹסֵ֑ף וַיַּלְבֵּ֤שׁ אֹתוֹ֙ בִּגְדֵי־ שֵׁ֔שׁ וַיָּ֛שֶׂם רְבִ֥ד הַזָּהָ֖ב עַל־ צַוָּארֽוֹ ׃,ויסר פרעה את טבעתו מעל ידו ויתנ אתה על יד יוספ וילבש אתו בגדי שש וישמ רבד הזהב על צוארו,21,ואעדי פרעה ית עזקתיה מעל ידיה ויהב יתה על ידא דיוסף ואלביש יתיה לבושין דבוץ ושוי מניכא דדהבא על צואריה:,20,"καὶ περιελόμενος Φαραὼ τὸν δακτύλιον ἀπὸ τῆς χειρὸς αὐτοῦ περιέθηκεν αὐτὸν ἐπὶ τὴν χεῖρα Ἰωσήφ, καὶ ἐνέδυσεν αὐτὸν στολὴν βυσσίνην, καὶ περιέθηκεν κλοιὸν χρυσοῦν περὶ τὸν τράχηλον αὐτοῦ·",28,ܘܫܩ̣ܠ ܦܪܥܘܢ ܥܙܩܬܗ ܡܢ ܐܝܕܗ. ܘܣܡܗ̇ ܒܐܝܕܗ ܕܝܘܣܦ. ܘܐܠܒܫܗ ܠܒܘܫܐ ܕܒܘܨܐ. ܘܐܪܡܝ ܗܡܢܝܟܐ ܕܕܗܒܐ ܒܨܘܪܗ.,15,"E Faraó tirou da mão o seu anel-sinete e pô-lo na mão de José, vestiu-o de traje de linho fino, e lhe pôs ao pescoço um colar de ouro.",29,True,True,True
41,43,Gênesis 41:43,וַיַּרְכֵּ֣ב אֹת֗וֹ בְּמִרְכֶּ֤בֶת הַמִּשְׁנֶה֙ אֲשֶׁר־ ל֔וֹ וַיִּקְרְא֥וּ לְפָנָ֖יו אַבְרֵ֑ךְ וְנָת֣וֹן אֹת֔וֹ עַ֖ל כָּל־ אֶ֥רֶץ מִצְרָֽיִם ׃,וירכב אתו במרכבת המשנה אשר לו ויקראו לפניו אברכ ונתונ אתו על כל ארצ מצרימ,16,וארכיב יתיה ברתכא תניתא די ליה ואכריזו קדמוהי דין אבא למלכא ומני יתיה על כל ארעא דמצרים:,17,"καὶ ἀνεβίβασεν αὐτὸν ἐπὶ τὸ ἅρμα τὸ δεύτερον τῶν αὐτοῦ, καὶ ἐκήρυξεν ἔμπροσθεν αὐτοῦ κήρυξ· καὶ κατέστησεν αὐτὸν ἐφ᾽ ὅλης τῆς γῆς Αἰγύπτου.",23,ܘܐܘܬܒܗ ܒܡܪܟܒܬܐ ܐܚܪܬܐ ܕܝܠܗ. ܘܩ̣ܪܐ ܩܕܡܘܗܝ ܐܒܐ ܘܫܠܝܛܐ. ܘܐܫܠܛܗ ܥܠ ܟܠܗ̇ ܐܪܥܐ ܕܡܨܪܝܢ.,13,"Ademais, fê-lo subir ao seu segundo carro, e clamavam diante dele: Ajoelhai-vos. Assim Faraó o constituiu sobre toda a terra do Egito.",22,True,True,True
41,44,Gênesis 41:44,וַיֹּ֧אמֶר פַּרְעֹ֛ה אֶל־ יוֹסֵ֖ף אֲנִ֣י פַרְעֹ֑ה וּבִלְעָדֶ֗יךָ לֹֽא־ יָרִ֨ים אִ֧ישׁ אֶת־ יָד֛וֹ וְאֶת־ רַגְל֖וֹ בְּכָל־ אֶ֥רֶץ מִצְרָֽיִם ׃,ויאמר פרעה אל יוספ אני פרעה ובלעדיכ לא ירימ איש את ידו ואת רגלו בכל ארצ מצרימ,18,ואמר פרעה ליוסף אנא פרעה ובר מימרך לא ירים גבר ית ידיה למיחד זין וית רגליה למרכב על סוסיא בכל ארעא דמצרים:,22,εἶπεν δὲ Φαραὼ τῷ Ἰωσήφ Ἐγὼ Φαραώ· ἄνευ σοῦ οὐκ ἐξαρεῖ οὐθεὶς τὴν χεῖρα αὐτοῦ ἐπὶ πάσῃ γῇ Αἰγύπτου.,19,ܘܐܡ̣ܪ ܦܪܥܘܢ ܠܝܘܣܦ. ܐܢܐ ܦܪܥܘܢ ܦܩ̇ܕܬ. ܕܒܠܥܕܝܟ ܐܢܫ ܠܐ ܢܪܝܡ ܐܝܕܗ ܘܪܓܠܗ ܒܟܠܗ̇ ܐܪܥܐ ܕܡܨܪܝܢ.,15,"Ainda disse Faraó a José: Eu sou Faraó; sem ti, pois, ninguém levantará a mão ou o pé em toda a terra do Egito.",24,True,True,True
41,45,Gênesis 41:45,וַיִּקְרָ֨א פַרְעֹ֣ה שֵׁם־ יוֹסֵף֮ צָֽפְנַ֣ת פַּעְנֵחַ֒ וַיִּתֶּן־ ל֣וֹ אֶת־ אָֽסְנַ֗ת בַּת־ פּ֥וֹטִי פֶ֛רַע כֹּהֵ֥ן אֹ֖ן לְאִשָּׁ֑ה וַיֵּצֵ֥א יוֹסֵ֖ף עַל־ אֶ֥רֶץ מִצְרָֽיִם ׃,ויקרא פרעה שמ יוספ צפנת פענח ויתנ לו את אסנת בת פוטי פרע כהנ אנ לאשה ויצא יוספ על ארצ מצרימ,22,וקרא פרעה שום יוסף גברא דמטמרן גלין ליה ויהב ליה ית אסנת בת פוטי פרע רבא דאון לאתתא ונפק יוסף על ארעא דמצרים:,23,καὶ ἐκάλεσεν Φαραὼ τὸ ὄνομα Ἰωσὴφ Ψονθομφανήχ· καὶ ἔδωκεν αὐτῷ τὴν Ἀσεννὲθ θυγατέρα Πετρεφῆ ἱερέως Ἡλίου πόλεως αὐτῷ εἰς γυναῖκα.,20,ܘܩ̣ܪܐ ܦܪܥܘܢ ܫܡܗ ܕܝܘܣܦ ܨܦܢܬܦܥܢܚ ܕܟܣܝ̈ܬܐ ܓܠܝܢ ܠܗ. ܘܝܗ̣ܒ ܠܗ ܠܐܣܝܬ ܒܪܬ ܦܘܛܝܦܪܥ ܟܘܡܪܐ ܕܐܘܢ ܐܢܬܬܐ. ܘܢܦ̣ܩ ܝܘܣܦ ܥܠ ܟܠܗ̇ ܐܪܥܐ ܕܡܨܪܝܢ.,22,"Faraó chamou a José Zafnate-Paneã, e deu-lhe por mulher Asenate, filha de Potífera, sacerdote de Om. Depois saiu José por toda a terra do Egito.",25,True,True,True
41,46,Gênesis 41:46,וְיוֹסֵף֙ בֶּן־ שְׁלֹשִׁ֣ים שָׁנָ֔ה בְּעָמְד֕וֹ לִפְנֵ֖י פַּרְעֹ֣ה מֶֽלֶךְ־ מִצְרָ֑יִם וַיֵּצֵ֤א יוֹסֵף֙ מִלִּפְנֵ֣י פַרְעֹ֔ה וַֽיַּעְבֹ֖ר בְּכָל־ אֶ֥רֶץ מִצְרָֽיִם ׃,ויוספ בנ שלשימ שנה בעמדו לפני פרעה מלכ מצרימ ויצא יוספ מלפני פרעה ויעבר בכל ארצ מצרימ,18,ויוסף בר תלתין שנין כד קם קדם פרעה מלכא דמצרים ונפק יוסף מן קדם פרעה ועבר בכל ארעא דמצרים:,19,"⸂⸆⸃ Ἰωσὴφ δὲ ἦν ἐτῶν τριάκοντα ὅτε ἔστη ἐναντίον Φαραὼ βασιλέως Αἰγύπτου. ἐξῆλθεν δὲ Ἰωσὴφ ἐκ προσώτου Φαραώ, καὶ διῆλθεν πᾶσαν γῆν Αἰγύπτου.",23,ܘܝܘܣܦ ܒܪ ܬܠܬܝܢ ܗܘܐ ܫ̈ܢܝܢ. ܟܕ ܩܡ ܩܕܡ ܦܪܥܘܢ ܡ̇ܠܟܐ ܕܡܨܪܝܢ. ܘܢܦ̣ܩ ܝܘܣܦ ܡܢ ܩܕܡ ܦܪܥܘܢ. ܘܥ̣ܒܪ ܒܟܠܗ̇ ܐܪܥܐ ܕܡܨܪܝܢ.,20,"Ora, José era da idade de trinta anos, quando se apresentou a Faraó, rei do Egito. E saiu José da presença de Faraó e passou por toda a terra do Egito.",31,True,True,True
41,47,Gênesis 41:47,וַתַּ֣עַשׂ הָאָ֔רֶץ בְּשֶׁ֖בַע שְׁנֵ֣י הַשָּׂבָ֑ע לִקְמָצִֽים ׃,ותעש הארצ בשבע שני השבע לקמצימ,7,וכנשו דירי ארעא בשבע שני שובעא עיבורא לאוצרין:,8,καὶ ἐποίησεν ἡ γῆ ἐν τοῖς ἑπτὰ ἔτεσιν τῆς εὐθηνίας δράγματα·,11,ܘܚܡ̣ܠܬ ܐܪܥܐ ܒܫܒܥ ܫ̈ܢܝܐ ܕܣܒܥܐ ܒܐܘܨܪ̈ܐ.,6,Durante os sete anos de fartura a terra produziu com abundância;,11,True,True,True
41,48,Gênesis 41:48,וַיִּקְבֹּ֞ץ אֶת־ כָּל־ אֹ֣כֶל ׀ שֶׁ֣בַע שָׁנִ֗ים אֲשֶׁ֤ר הָיוּ֙ בְּאֶ֣רֶץ מִצְרַ֔יִם וַיִּתֶּן־ אֹ֖כֶל בֶּעָרִ֑ים אֹ֧כֶל שְׂדֵה־ הָעִ֛יר אֲשֶׁ֥ר סְבִיבֹתֶ֖יהָ נָתַ֥ן בְּתוֹכָֽהּ ׃,ויקבצ את כל אכל שבע שנימ אשר היו בארצ מצרימ ויתנ אכל בערימ אכל שדה העיר אשר סביבתיה נתנ בתוכה,22,וכנש ית כל עיבור שבע שנין די הוו בארעא דמצרים ויהב עיבור בקרויא עיבור חקל קרתא די בסחרנהא יהב בגוה:,20,"καὶ συνήγαγεν πάντα τὰ βρώματα τῶν ἑπτὰ ἐτῶν ἐν οἷς ἦν ἡ εὐθηνία ἐν γῇ Αἰγύπτου, καὶ ἔθηκεν τὰ βρώματα ἐν ταῖς πόλεσιν· βρώματα τῶν πεδίων τῆς πόλεως τῶν κύκλῳ αὐτῆς Ὢν ἔθηκεν ἐν αὐτῇ.",35,ܘܚܡ̣ܠ ܟܠܗ ܥܒܘܪܐ ܕܒܫܒܥ ܫ̈ܢܝܐ ܕܣܒܥܐ ܕܗ̈ܘܝ ܒܐܪܥܐ ܕܡܨܪܝܢ. ܘܝܗ̣ܒ ܥܒܘܪܐ ܒܩܘܪ̈ܝܐ. ܥܒܘܪܐ ܕܚܩ̈ܠܬܐ ܕܩܪܝܬܐ ܘܕܚܕܪ̈ܝܗ̇ ܚܡܠ ܒܓܘܗ̇.,18,"e José ajuntou todo o mantimento dos sete anos, que houve na terra do Egito, e o guardou nas cidades; o mantimento do campo que estava ao redor de cada cidade, guardou-o dentro da mesma.",35,True,True,True
41,49,Gênesis 41:49,וַיִּצְבֹּ֨ר יוֹסֵ֥ף בָּ֛ר כְּח֥וֹל הַיָּ֖ם הַרְבֵּ֣ה מְאֹ֑ד עַ֛ד כִּי־ חָדַ֥ל לִסְפֹּ֖ר כִּי־ אֵ֥ין מִסְפָּֽר ׃,ויצבר יוספ בר כחול הימ הרבה מאד עד כי חדל לספר כי אינ מספר,15,וכנש יוסף עבורא כחלא דימא סגי לחדא עד די פסק לממני ארי לית מנין:,14,"καὶ συνήγαγεν Ἰωσὴφ σῖτον ὡσεὶ τὴν ἄμμον τῆς θαλάσσης πολὺν σφόδρα, ἕως οὐκ ἠδύνατο ἀριθμῆσαι, οὐ γὰρ ἦν ἀριθμός. ⸆",20,ܘܚܡ̣ܠ ܝܘܣܦ ܥܒܘܪܐ ܐܝܟ ܚܠܐ ܕܝܡܐ. ܣܘܓܐܐ ܕܛܒ ܥܕܡܐ ܕܠܐܝ ܠܡܡܢܐ ܕܠܐ ܡܢܝܢܐ.,13,"Assim José ajuntou muitíssimo trigo, como a areia do mar, até que cessou de contar; porque não se podia mais contá-lo.",21,True,True,True
41,50,Gênesis 41:50,וּלְיוֹסֵ֤ף יֻלַּד֙ שְׁנֵ֣י בָנִ֔ים בְּטֶ֥רֶם תָּב֖וֹא שְׁנַ֣ת הָרָעָ֑ב אֲשֶׁ֤ר יָֽלְדָה־ לּוֹ֙ אָֽסְנַ֔ת בַּת־ פּ֥וֹטִי פֶ֖רַע כֹּהֵ֥ן אֽוֹן ׃,וליוספ ילד שני בנימ בטרמ תבוא שנת הרעב אשר ילדה לו אסנת בת פוטי פרע כהנ אונ,18,וליוסף אתיליד תרתין בנין עד לא עלת שתא דכפנא דילידת ליה אסנת בת פוטי פרע רבא דאון:,17,"τῷ δὲ Ἰωσὴφ ἐγένοντο υἱοὶ δύο πρὸ τοῦ ἐλθεῖν τὰ ἑπτὰ ἔτη τοῦ λιμοῦ, οὓς ἔτεκεν αὐτῷ Ἀσεννὲθ θυγάτηρ Πετρεφῆ ἱερέως Ἡλίου πόλεως.",23,ܘܠܝܘܣܦ ܐܬܝܠܕܘ ܠܗ ܬܪ̈ܝܢ ܒܢ̈ܝܢ. ܥܕܠܐ ܬܥܘܠ ܫܢܬܐ ܕܟܦܢܐ. ܕܝܠ̣ܕܬ ܠܗ ܐܣܝܬ ܒܪܬ ܦܘܛܝܦܪܥ ܟܘܡܪܐ ܕܐܘܢ.,16,"Antes que viesse o ano da fome, nasceram a José dois filhos, que lhe deu Asenate, filha de Potífera, sacerdote de Om.",22,True,True,True
41,51,Gênesis 41:51,וַיִּקְרָ֥א יוֹסֵ֛ף אֶת־ שֵׁ֥ם הַבְּכ֖וֹר מְנַשֶּׁ֑ה כִּֽי־ נַשַּׁ֤נִי אֱלֹהִים֙ אֶת־ כָּל־ עֲמָלִ֔י וְאֵ֖ת כָּל־ בֵּ֥ית אָבִֽי ׃,ויקרא יוספ את שמ הבכור מנשה כי נשני אלהימ את כל עמלי ואת כל בית אבי,17,וקרא יוסף ית שום בוכרא מנשה ארי אנשיני יי ית כל עמלי וית כל בית אבא:,16,ἐκάλεσεν δὲ Ἰωσὴφ τὸ ὄνομα τοῦ πρωτοτόκου Μαννασσὴ λέγων Ὅτι ἐπιλαθέσθαι με ἐποίησεν ὁ θεὸς πάντων τῶν πόνων μου καὶ πάντων τῶν τοῦ πατρός μου·,25,ܘܩ̣ܪܐ ܝܘܣܦ ܫܡ ܒܪܗ ܒܘܟܪܗ ܡܢܫܐ. ܡܛܠ ܕܐܢܫܝܢܝ ܐܠܗܐ ܟܠܗ ܥܡܠܝ ܘܟܠܗ ܒܝܬ ܐܒܝ.,14,"E chamou José ao primogênito Manassés; porque disse: Deus me fez esquecer de todo o meu trabalho, e de toda a casa de meu pai.",25,True,True,True
41,52,Gênesis 41:52,וְאֵ֛ת שֵׁ֥ם הַשֵּׁנִ֖י קָרָ֣א אֶפְרָ֑יִם כִּֽי־ הִפְרַ֥נִי אֱלֹהִ֖ים בְּאֶ֥רֶץ עָנְיִֽי ׃,ואת שמ השני קרא אפרימ כי הפרני אלהימ בארצ עניי,11,וית שום תנינא קרא אפרים ארי אפשני יי בארע שעבודי:,10,"τὸ δὲ ὄνομα τοῦ δευτέρου ἐκάλεσεν Ἐφράιμ, Ὅτι ὕψωσέν με ὁ θεὸς ἐν γῇ ταπεινώσεώς μου.",16,ܘܫܡܗ ܕܐܚܪܢܐ ܩ̣ܪܐ ܐܦܪܝܡ. ܡܛܠ ܕܐܦܪܝܢܝ ܐܠܗܐ ܒܐܪܥܐ ܕܫܘܥܒܕܝ.,9,Ao segundo chamou Efraim; porque disse: Deus me fez crescer na terra da minha aflição.,15,True,True,True
41,53,Gênesis 41:53,וַתִּכְלֶ֕ינָה שֶׁ֖בַע שְׁנֵ֣י הַשָּׂבָ֑ע אֲשֶׁ֥ר הָיָ֖ה בְּאֶ֥רֶץ מִצְרָֽיִם ׃,ותכלינה שבע שני השבע אשר היה בארצ מצרימ,9,ושלימת שבע שני שובעא די הוה בארעא דמצרים:,8,"Παρῆλθον δὲ τὰ ἑπτὰ ἔτη τῆς εὐθηνίας ἃ ἐγένετο ἐν γῇ Αἰγύπτῳ,",12,ܘܓܡ̣ܪ ܫܒܥ ܫܢ̈ܝܐ ܕܣܒܥܐ ܕܗ̈ܘܝ ܒܐܪܥܐ ܕܡܨܪܝܢ.,7,"Acabaram-se, então, os sete anos de fartura que houve na terra do Egito;",13,True,True,True
41,54,Gênesis 41:54,וַתְּחִלֶּ֜ינָה שֶׁ֣בַע שְׁנֵ֤י הָרָעָב֙ לָב֔וֹא כַּאֲשֶׁ֖ר אָמַ֣ר יוֹסֵ֑ף וַיְהִ֤י רָעָב֙ בְּכָל־ הָ֣אֲרָצ֔וֹת וּבְכָל־ אֶ֥רֶץ מִצְרַ֖יִם הָ֥יָה לָֽחֶם ׃,ותחלינה שבע שני הרעב לבוא כאשר אמר יוספ ויהי רעב בכל הארצות ובכל ארצ מצרימ היה לחמ,18,ושריאת שבע שני כפנא למיעל כמא די אמר יוסף והוה כפנא בכל ארעתא ובכל ארעא דמצרים הוה לחמא:,18,"καὶ ἤρξαντο τὰ ἑπτὰ ἔτη τοῦ λιμοῦ ἔρχεσθαι, καθὰ εἶπεν Ἰωσήφ. καὶ ἐγένετο λιμὸς ἐν πάσῃ τῇ γῇ· ἐν δὲ πάσῃ γῇ Αἰγύπτου οὐκ ἦσαν ἄρτοι.",26,ܘܫ̇ܪܝ ܫܒܥ ܫ̈ܢܝܐ ܕܟܦܢܐ ܠܡܐܬܐ. ܐܝܟ ܕܐܡ̣ܪ ܝܘܣܦ. ܘܗܘ̣ܐ ܟܦܢܐ ܒܟܠܗܝܢ ܐܪ̈ܥܬܐ. ܘܒܟܠܗ̇ ܐܪܥܐ ܕܡܨܪܝܢ ܠܐ ܗܘ̣ܐ ܠܚܡܐ.,18,"e começaram a vir os sete anos de fome, como José tinha dito; e havia fome em todas as terras; porém, em toda a terra do Egito havia pão.",29,True,True,True
41,55,Gênesis 41:55,וַתִּרְעַב֙ כָּל־ אֶ֣רֶץ מִצְרַ֔יִם וַיִּצְעַ֥ק הָעָ֛ם אֶל־ פַּרְעֹ֖ה לַלָּ֑חֶם וַיֹּ֨אמֶר פַּרְעֹ֤ה לְכָל־ מִצְרַ֨יִם֙ לְכ֣וּ אֶל־ יוֹסֵ֔ף אֲשֶׁר־ יֹאמַ֥ר לָכֶ֖ם תַּעֲשֽׂוּ ׃,ותרעב כל ארצ מצרימ ויצעק העמ אל פרעה ללחמ ויאמר פרעה לכל מצרימ לכו אל יוספ אשר יאמר לכמ תעשו,21,וכפנת כל ארעא דמצרים וצוח עמא לפרעה ללחמא ואמר פרעה לכל מצראי איזילו לות יוסף די יימר לכון תעבדון:,19,"καὶ ἐπείνασεν πᾶσα ἡ γῆ Αἰγύπτου, ἐκέκραξεν δὲ πᾶς ὁ λαὸς πρὸς Φαραὼ περὶ ἄρτων· εἶπεν δὲ Φαραὼ πᾶσι τοῖς Αἰγυπτίοις Πορεύεσθε πρὸς Ἰωσήφ, καὶ ὃ ἐὰν εἴπῃ ὑμῖν ποιήσατε.",30,ܘܟܦܢ̣ܬ ܟܠܗ̇ ܐܪܥܐ ܕܡܨܪܝܢ. ܘܡܒܓܢܝܢ ܥܡܐ ܥܠ ܦܪܥܘܢ ܥܠ ܠܚܡܐ. ܘܐܡ̣ܪ ܦܪܥܘܢ ܠܟܠܗܘܢ ܡܨܪ̈ܝܐ. ܙܠܘ ܠܘܬ ܝܘܣܦ. ܘܡܕܡ ܕܐܡ̇ܪ ܠܟܘܢ ܬܥܒܕܘܢ.,21,"Depois toda a terra do Egito teve fome, e o povo clamou a Faraó por pão; e Faraó disse a todos os egípcios: Ide a José; o que ele vos disser, fazei.",32,True,True,True
41,56,Gênesis 41:56,וְהָרָעָ֣ב הָיָ֔ה עַ֖ל כָּל־ פְּנֵ֣י הָאָ֑רֶץ וַיִּפְתַּ֨ח יוֹסֵ֜ף אֶֽת־ כָּל־ אֲשֶׁ֤ר בָּהֶם֙ וַיִּשְׁבֹּ֣ר לְמִצְרַ֔יִם וַיֶּחֱזַ֥ק הָֽרָעָ֖ב בְּאֶ֥רֶץ מִצְרָֽיִם ׃,והרעב היה על כל פני הארצ ויפתח יוספ את כל אשר בהמ וישבר למצרימ ויחזק הרעב בארצ מצרימ,19,וכפנא הוה על כל אפי ארעא ופתח יוסף ית כל די בהון עיבורא וזבין למצרים ותקיף כפנא בארעא דמצרים:,19,"⸂⸆⸃ καὶ ὁ λιμὸς ἦν ἐπὶ προσώπου πάσης τῆς γῆς· ἀνέῳξεν δὲ Ἰωσὴφ πάντας τοὺς σιτοβολῶνας, καὶ ἐπώλει πᾶσι τοῖς Αἰγυπτίοις.",21,ܘܟܦܢܐ ܗܘ̣ܐ ܥܠ ܐ̈ܦܝ ܟܠܗ̇ ܐܪܥܐ. ܘܦܬ̣ܚ ܝܘܣܦ ܐܘܨܪ̈ܐ. ܘܙܒ̇ܢ ܠܡܨܪ̈ܝܐ. ܘܥܫ̣ܢ ܟܦܢܐ ܒܐܪܥܐ ܕܡܨܪܝܢ.,15,"De modo que, havendo fome sobre toda a terra, abriu José todos os depósitos, e vendia aos egípcios; porque a fome prevaleceu na terra do Egito.",26,True,True,True
41,57,Gênesis 41:57,וְכָל־ הָאָ֨רֶץ֙ בָּ֣אוּ מִצְרַ֔יְמָה לִשְׁבֹּ֖ר אֶל־ יוֹסֵ֑ף כִּֽי־ חָזַ֥ק הָרָעָ֖ב בְּכָל־ הָאָֽרֶץ ׃,וכל הארצ באו מצרימה לשבר אל יוספ כי חזק הרעב בכל הארצ,13,וכל דירי ארעא עלו למצרים למזבן עיבורא מן יוסף ארי תקיף כפנא בכל ארעא:,14,καὶ πᾶσαι αἱ χῶραι ἦλθον εἰς Αἴγυπτον ἀγοράζειν πρὸς Ἰωσήφ· ἐπεκράτησεν γὰρ ὁ λιμὸς ἐν πάσῃ τῇ γῇ.,18,ܘܟܠܗ̇ ܐܪܥܐ ܐܬܘ ܠܡܨܪܝܢ ܠܡܡ̇ܪ ܡܢ ܝܘܣܦ. ܡܛܠ ܕܥܫܢ ܟܦܢܐ ܒܟܠܗ̇ ܐܪܥܐ ܕܡܨܪܝܢ .,14,"Também de todas as terras vinham ao Egito, para comprarem de José; porquanto a fome prevaleceu em todas as terras.",20,True,True,True
42,1,Gênesis 42:1,וַיַּ֣רְא יַעֲקֹ֔ב כִּ֥י יֶשׁ־ שֶׁ֖בֶר בְּמִצְרָ֑יִם וַיֹּ֤אמֶר יַעֲקֹב֙ לְבָנָ֔יו לָ֖מָּה תִּתְרָאֽוּ ׃,וירא יעקב כי יש שבר במצרימ ויאמר יעקב לבניו למה תתראו,12,וחזא יעקב ארי אית עיבורא מזדבן במצרים ואמר יעקב לבנוהי למא תתחזון:,12,Ἰδὼν δὲ Ἰακὼβ ὅτι ἐστὶν πρᾶσις ἐν Αἰγύπτῳ εἶπεν τοῖς υἱοῖς αὐτοῦ Ἵνα τί ῥᾳθυμεῖτε;,15,ܘܚ̣ܙܐ ܝܥܩܘܒ ܕܐܝܬ ܥܒܘܪܐ ܒܡܨܪܝܢ ܘܐܡ̣ܪ ܝܥܩܘܒ ܠܒܢ̈ܘܗܝ. ܠܐ ܬܕܚܠܘܢ.,10,"Ora, Jacó soube que havia trigo no Egito, e disse a seus filhos: Por que estais olhando uns para os outros?",21,True,True,True
42,2,Gênesis 42:2,וַיֹּ֕אמֶר הִנֵּ֣ה שָׁמַ֔עְתִּי כִּ֥י יֶשׁ־ שֶׁ֖בֶר בְּמִצְרָ֑יִם רְדוּ־ שָׁ֨מָּה֙ וְשִׁבְרוּ־ לָ֣נוּ מִשָּׁ֔ם וְנִחְיֶ֖ה וְלֹ֥א נָמֽוּת ׃,ויאמר הנה שמעתי כי יש שבר במצרימ רדו שמה ושברו לנו משמ ונחיה ולא נמות,16,ואמר הא שמעית אמרין ארי אית עיבורא מזדבן במצרים חותו תמן וזבונו לנא מתמן ונחי ולא נמות:,17,"ἰδοὺ ἀκήκοα ὅτι ἐστὶν σῖτος ἐν Αἰγύπτῳ· κατάβητε ἐκεῖ καὶ πρίασθε ἡμῖν μικρὰ βρώματα, ἵνα ζῶμεν καὶ μὴ ἀποθάνωμεν.",19,ܗܐ ܫܡ̇ܥܬ ܕܐܝܬ ܥܒܘܪܐ ܒܡܨܪܝܢ. ܚܘܬܘ ܠܬܡܢ ܘܡܘܪܘ ܠܢ ܡܢ ܬܡ̇ܢ. ܘܢܚ̣ܐ ܘܠܐ ܢܡܘܬ.,14,"Disse mais: Tenho ouvido que há trigo no Egito; descei até lá, e de lá comprai-o para nós, a fim de que vivamos e não morramos.",26,True,True,True
42,3,Gênesis 42:3,וַיֵּרְד֥וּ אֲחֵֽי־ יוֹסֵ֖ף עֲשָׂרָ֑ה לִשְׁבֹּ֥ר בָּ֖ר מִמִּצְרָֽיִם ׃,וירדו אחי יוספ עשרה לשבר בר ממצרימ,8,ונחתו אחי יוסף עסרא למזבן עיבורא ממצרים:,7,κατέβησαν δὲ οἱ ἀδελφοὶ Ἰωσὴφ οἱ δέκα πρίασθαι σῖτον ἐξ Αἰγύπτου·,11,ܘܢܚܬܘ ܐ̈ܚܘܗܝ ܕܝܘܣܦ ܥܣܪܐ ܠܡܡܪ ܥܒܘܪܐ ܡܢ ܡܨܪܝܢ.,8,"Então desceram os dez irmãos de José, para comprarem trigo no Egito.",12,True,True,True
42,4,Gênesis 42:4,וְאֶת־ בִּנְיָמִין֙ אֲחִ֣י יוֹסֵ֔ף לֹא־ שָׁלַ֥ח יַעֲקֹ֖ב אֶת־ אֶחָ֑יו כִּ֣י אָמַ֔ר פֶּן־ יִקְרָאֶ֖נּוּ אָסֽוֹן ׃,ואת בנימינ אחי יוספ לא שלח יעקב את אחיו כי אמר פנ יקראנו אסונ,15,וית בנימין אחוהי דיוסף לא שלח יעקב עם אחוהי ארי אמר דלמא יערעניה מותא:,14,τὸν δὲ Βενιαμεὶν τὸν ἀδελφὸν Ἰωσὴφ οὐκ ἀπέστειλεν μετὰ τῶν ἀδελφῶν αὐτοῦ· εἶπεν γάρ Μή ποτε συμβῇ αὐτῷ μαλακία.,19,ܘܠܒܢܝܡܝܢ ܐܚܘܗܝ ܕܝܘܣܦ. ܠܐ ܫܕܪ ܝܥܩܘܒ ܥܡ ܐܚ̈ܘܗܝ. ܡܛܠ ܕܐܡ̣ܪ ܕܠܡܐ ܢܓܕܫ ܠܗ ܩܐܪܣܐ .,15,"Mas a Benjamim, irmão de José, não enviou Jacó com os seus irmãos, pois disse: Para que, porventura, não lhe suceda algum desastre.",23,True,True,True
42,5,Gênesis 42:5,וַיָּבֹ֨אוּ֙ בְּנֵ֣י יִשְׂרָאֵ֔ל לִשְׁבֹּ֖ר בְּת֣וֹךְ הַבָּאִ֑ים כִּֽי־ הָיָ֥ה הָרָעָ֖ב בְּאֶ֥רֶץ כְּנָֽעַן ׃,ויבאו בני ישראל לשבר בתוכ הבאימ כי היה הרעב בארצ כנענ,12,ואתו בני ישראל למזבן עיבורא בגו עליא ארי הוה כפנא בארעא דכנען:,12,ἦλθον δὲ οἱ υἱοὶ Ἰσραὴλ ἀγοράζειν μετὰ τῶν ἐρχομένων· ἦν γὰρ ὁ λιμὸς ἐν γῇ Χανάαν.,16,ܘܐܬܘ ܒܢ̈ܝ ܐܝܣܪܝܠ ܠܡܡܪ ܥܡ ܐܝܠܝܢ ܕܐܙܠܝܢ. ܡܛܠ ܕܥܫ̣ܢ ܟܦܢܐ ܒܐܪܥܐ ܕܟܢܥܢ.,12,"Assim entre os que iam lá, foram os filhos de Israel para comprar, porque havia fome na terra de Canaã.",20,True,True,True
42,6,Gênesis 42:6,וְיוֹסֵ֗ף ה֚וּא הַשַּׁלִּ֣יט עַל־ הָאָ֔רֶץ ה֥וּא הַמַּשְׁבִּ֖יר לְכָל־ עַ֣ם הָאָ֑רֶץ וַיָּבֹ֨אוּ֙ אֲחֵ֣י יוֹסֵ֔ף וַיִּשְׁתַּֽחֲווּ־ ל֥וֹ אַפַּ֖יִם אָֽרְצָה ׃,ויוספ הוא השליט על הארצ הוא המשביר לכל עמ הארצ ויבאו אחי יוספ וישתחוו לו אפימ ארצה,18,ויוסף הוא דשליט על ארעא הוא דזבין עיבורא לכל עמא דארעא ואתו אחי יוסף וסגידו ליה על אפיא על ארעא:,20,"Ἰωσὴφ δὲ ἦν ἄρχων τῆς γῆς, οὗτος ἐπώλει παντὶ τῷ λαῷ τῆς γῆς· ἐλθόντες δὲ οἱ ἀδελφοὶ Ἰωσὴφ προσεκύνησαν αὐτῷ ἐπὶ πρόσωπον ἐπὶ τὴν γῆν.",25,ܘܝܘܣܦ ܗܘܝܘ ܫܠܝܛ ܥܠ ܐܪܥܐ. ܘܗ̣ܘ ܡܡܝܪ ܠܟܠܗ ܥܡܐ ܕܐܪܥܐ. ܘܐܬܘ ܐ̈ܚܘܗܝ ܕܝܘܣܦ. ܘܣܓܕܘ ܠܗ ܥܠ ܐ̈ܦܝܗܘܢ ܥܠ ܐܪܥܐ.,19,"José era o governador da terra; era ele quem vendia a todo o povo da terra; e vindo os irmãos de José, prostraram-se diante dele com o rosto em terra.",30,True,True,True
42,7,Gênesis 42:7,וַיַּ֥רְא יוֹסֵ֛ף אֶת־ אֶחָ֖יו וַיַּכִּרֵ֑ם וַיִּתְנַכֵּ֨ר אֲלֵיהֶ֜ם וַיְדַבֵּ֧ר אִתָּ֣ם קָשׁ֗וֹת וַיֹּ֤אמֶר אֲלֵהֶם֙ מֵאַ֣יִן בָּאתֶ֔ם וַיֹּ֣אמְר֔וּ מֵאֶ֥רֶץ כְּנַ֖עַן לִשְׁבָּר־ אֹֽכֶל ׃,וירא יוספ את אחיו ויכרמ ויתנכר אליהמ וידבר אתמ קשות ויאמר אלהמ מאינ באתמ ויאמרו מארצ כנענ לשבר אכל,20,וחזא יוסף ית אחוהי ואשתמודענון וחשיב מה דמליל להון ומליל עמהון קשיא ואמר להון מנן אתיתון ואמרו מארעא דכנען למזבן עיבורא:,21,"ἰδὼν δὲ Ἰωσὴφ τοὺς ἀδελφοὺς αὐτοῦ ἐπέγνω, καὶ ἠλλοτριοῦτο ἀπ᾽ αὐτῶν καὶ ἐλάλησεν αὐτοῖς σκληρὰ καὶ εἶπεν αὐτοῖς Πόθεν ἥκατε; οἱ δὲ εἶπαν Ἐκ γῆς Χανάαν ἀγοράσαι βρώματα.",28,ܘܚ̣ܙܐ ܝܘܣܦ ܠܐܚ̈ܘܗܝ ܘܐܫܬܘܕܥ ܐܢܘܢ. ܘܐܬܢܟܠ ܥܠܝܗܘܢ. ܘܡܠܠ ܥܡܗܘܢ ܩܫܝܐܝܬ. ܘܐܡ̣ܪ ܠܗܘܢ. ܡܢ ܐܝܡܟܐ ܐܢܬܘܢ. ܘܐܡܪܘ ܡܢ ܐܪܥܐ ܕܟܢܥܢ ܐܬܝܢ ܠܡܡܪ ܥܒܘܪܐ.,22,"José, vendo seus irmãos, reconheceu-os; mas portou-se como estranho para com eles, falou-lhes asperamente e perguntou-lhes: Donde vindes? Responderam eles: Da terra de Canaã, para comprarmos mantimento.",27,True,True,True
42,8,Gênesis 42:8,וַיַּכֵּ֥ר יוֹסֵ֖ף אֶת־ אֶחָ֑יו וְהֵ֖ם לֹ֥א הִכִּרֻֽהוּ ׃,ויכר יוספ את אחיו והמ לא הכרהו,8,ואשתמודע יוסף ית אחוהי ואנון לא אשתמודעיה:,7,"ἐπέγνω δὲ Ἰωσὴφ τοὺς ἀδελφοὺς αὐτοῦ, αὐτοὶ δὲ οὐκ ἐπέγνωσαν αὐτόν·",11,ܘܐܫܬܘܕܥ ܝܘܣܦ ܠܐܚ̈ܘܗܝ . ܘܗ̣ܢܘܢ ܠܐ ܐܫܬܘܕܥܘܗܝ .,8,"José, pois, reconheceu seus irmãos, mas eles não o reconheceram.",10,True,True,True
42,9,Gênesis 42:9,וַיִּזְכֹּ֣ר יוֹסֵ֔ף אֵ֚ת הַחֲלֹמ֔וֹת אֲשֶׁ֥ר חָלַ֖ם לָהֶ֑ם וַיֹּ֤אמֶר אֲלֵהֶם֙ מְרַגְּלִ֣ים אַתֶּ֔ם לִרְא֛וֹת אֶת־ עֶרְוַ֥ת הָאָ֖רֶץ בָּאתֶֽם ׃,ויזכר יוספ את החלמות אשר חלמ להמ ויאמר אלהמ מרגלימ אתמ לראות את ערות הארצ באתמ,17,ודכיר יוסף ית חלמיא די חלים להון ואמר להון מאללין אתון למחזי ית בדקא דארעא אתיתון:,16,"καὶ ἐμνήσθη Ἰωσὴφ τῶν ἐνυπνίων ὧν ἴδεν αὐτός. καὶ εἶπεν αὐτοῖς Κατάσκοποί ἐστε, κατανοῆσαι τὰ ἴχνη τῆς χώρας ἥκατε.",19,ܘܐܬܕܟܪ ܝܘܣܦ ܚ̈ܠܡܐ ܕܚ̣ܠܡ ܠܗܘܢ. ܘܐܡ̣ܪ ܠܗܘܢ ܓܫ̈ܘܫܐ ܐܢܬܘܢ. ܘܠܡܚܙܐ ܗܘ ܛܒܗ̇ ܕܐܪܥܐ ܐܬܝܬܘܢ.,14,"Lembrou-se então José dos sonhos que tivera a respeito deles, e disse-lhes: Vós sois espias, e viestes para ver a nudez da terra.",23,True,True,True
42,10,Gênesis 42:10,וַיֹּאמְר֥וּ אֵלָ֖יו לֹ֣א אֲדֹנִ֑י וַעֲבָדֶ֥יךָ בָּ֖אוּ לִשְׁבָּר־ אֹֽכֶל ׃,ויאמרו אליו לא אדני ועבדיכ באו לשבר אכל,9,ואמרו ליה לא רבוני ועבדיך עלו למזבן עיבורא:,8,"οἱ δὲ εἶπαν Οὐχί, κύριε· οἱ παῖδές σου ἤλθομεν πριάσασθαι βρώματα·",11,ܘܐܡܪܘ ܠܐ ܡܪܢ. ܥܒ̣̈ܕܝܟ ܐܬܘ ܠܡܡܪ ܥܒܘܪܐ.,7,"Responderam-lhe eles: Não, senhor meu; mas teus servos vieram comprar mantimento.",11,True,True,True
42,11,Gênesis 42:11,כֻּלָּ֕נוּ בְּנֵ֥י אִישׁ־ אֶחָ֖ד נָ֑חְנוּ כֵּנִ֣ים אֲנַ֔חְנוּ לֹא־ הָי֥וּ עֲבָדֶ֖יךָ מְרַגְּלִֽים ׃,כלנו בני איש אחד נחנו כנימ אנחנו לא היו עבדיכ מרגלימ,12,כלנא בני גברא חד נחנא כיוני אנחנא לא הוו עבדיך אלילי:,11,"πάντες ἐσμὲν υἱοὶ ἑνὸς ἀνθρώπου· εἰρηνικοί ἐσμεν, οὐκ εἰσὶν οἱ παῖδές σου κατάσκοποι.",13,ܟܠܢ ܒܢ̈ܝ ܚܕ ܚܢܢ ܓܒܪ. ܘܟܐ̈ܢܐ ܚܢܢ. ܘܠܐ ܗܘܘ ܓܫ̈ܘܫܐ ܥܒ̣̈ܕܝܟ.,11,Nós somos todos filhos de um mesmo homem; somos homens de retidão; os teus servos não são espias.,18,True,True,True
42,12,Gênesis 42:12,וַיֹּ֖אמֶר אֲלֵהֶ֑ם לֹ֕א כִּֽי־ עֶרְוַ֥ת הָאָ֖רֶץ בָּאתֶ֥ם לִרְאֽוֹת ׃,ויאמר אלהמ לא כי ערות הארצ באתמ לראות,9,ואמר להון לא ארי בדקא דארעא אתיתון למחזי:,8,"εἶπεν δὲ αὐτοῖς Οὐχί, ἀλλὰ τὰ ἴχνη τῆς γῆς ἤλθατε ἰδεῖν.",11,ܐܡ̇ܪ ܠܗܘܢ ܝܘܣܦ . ܠܐ ܗܘ̣ܐ ܗܟܢܐ. ܛܒܗ̇ ܗܘ ܕܐܪܥܐ ܐܬܝܬܘܢ ܠܡܚܙܐ.,12,Replicou-lhes: Não; antes viestes para ver a nudez da terra.,10,True,True,True
42,13,Gênesis 42:13,וַיֹּאמְר֗וּ שְׁנֵ֣ים עָשָׂר֩ עֲבָדֶ֨יךָ אַחִ֧ים ׀ אֲנַ֛חְנוּ בְּנֵ֥י אִישׁ־ אֶחָ֖ד בְּאֶ֣רֶץ כְּנָ֑עַן וְהִנֵּ֨ה הַקָּטֹ֤ן אֶת־ אָבִ֨ינוּ֙ הַיּ֔וֹם וְהָאֶחָ֖ד אֵינֶֽנּוּ ׃,ויאמרו שנימ עשר עבדיכ אחימ אנחנו בני איש אחד בארצ כנענ והנה הקטנ את אבינו היומ והאחד איננו,20,ואמרו תרין עסר עבדיך אחין אנחנא בני גברא חד בארעא דכנען והא זעירא עם אבונא יומא דין וחד ליתוהי:,19,"οἱ δὲ εἶπαν Δώδεκά ἐσμεν οἱ παῖδές σου ἀδελφοὶ ἐν γῇ Χανάαν· καὶ ἰδοὺ ὁ νεώτερος μετὰ τοῦ πατρὸς ἡμῶν σήμερον, ὁ δὲ ἕτερος οὐχ ὑπάρχει.",26,ܘܐܡ̣ܪܘ ܠܗ. ܬܪ̈ܥܣܪ ܚܢܢ ܐܚ̈ܐ ܥܒ̈ܕܝܟ ܒܢܝ̈ ܓܒܪܐ ܚܕ ܒܐܪܥܐ ܕܟܢܥܢ. ܘܙܥܘܪܐ ܗܐ ܠܘܬ ܐܒܘܢ ܗܘ ܝܘܡܢܐ. ܘܚܕ ܠܝܬܘܗܝ.,19,"Mas eles disseram: Nós, teus servos, somos doze irmãos, filhos de um homem da terra de Canaã; o mais novo está hoje com nosso pai, e outro já não existe.",30,True,True,True
42,14,Gênesis 42:14,וַיֹּ֥אמֶר אֲלֵהֶ֖ם יוֹסֵ֑ף ה֗וּא אֲשֶׁ֨ר דִּבַּ֧רְתִּי אֲלֵכֶ֛ם לֵאמֹ֖ר מְרַגְּלִ֥ים אַתֶּֽם ׃,ויאמר אלהמ יוספ הוא אשר דברתי אלכמ לאמר מרגלימ אתמ,11,ואמר להון יוסף הוא די מלילית עמכון למימר מאלילי אתון:,10,εἶπεν δὲ αὐτοῖς Ἰωσήφ Τοῦτό ἐστιν ὃ εἴρηκα ὑμῖν λέγων ⸂⸆⸃ ὅτι κατάσκοποί ἐστε·,14,ܐܡ̇ܪ ܠܗܘܢ ܝܘܣܦ . ܗܢܘ ܕܐܡ̇ܪܬ ܠܟܘܢ. ܓܫ̈ܘܫܐ ܐܢܬܘܢ.,9,Respondeu-lhe José: É assim como vos disse; sois espias.,9,True,True,True
42,15,Gênesis 42:15,בְּזֹ֖את תִּבָּחֵ֑נוּ חֵ֤י פַרְעֹה֙ אִם־ תֵּצְא֣וּ מִזֶּ֔ה כִּ֧י אִם־ בְּב֛וֹא אֲחִיכֶ֥ם הַקָּטֹ֖ן הֵֽנָּה ׃,בזאת תבחנו חי פרעה אמ תצאו מזה כי אמ בבוא אחיכמ הקטנ הנה,14,בדא תתבחנון חי פרעה אם תפקון מכא אלהין במתי אחוכון זעירא הכא:,12,"ἐν τούτῳ φανεῖσθε· νὴ τὴν ὑγίαν Φαραώ, οὐ μὴ ἐξέλθητε ἐντεῦθεν ἐὰν μὴ ὁ ἀδελφὸς ὑμῶν ὁ νεώτερος ἔλθῃ ὧδε.",20,ܒܗܕܐ ܬܬܒܩܘܢ. ܠܐ ܚܝ̈ܘܗܝ ܕܦܪܥܘܢ ܠܐ ܬܦܩܘܢ ܡܟܐ. ܐܠܐ ܐܢ ܐܬ̣ܐ ܐܚܘܟܘܢ ܙܥܘܪܐ ܠܗܪܟܐ.,14,"Nisto sereis provados: Pela vida de Faraó, não saireis daqui, a menos que venha para cá vosso irmão mais novo.",20,True,True,True
42,16,Gênesis 42:16,שִׁלְח֨וּ מִכֶּ֣ם אֶחָד֮ וְיִקַּ֣ח אֶת־ אֲחִיכֶם֒ וְאַתֶּם֙ הֵאָ֣סְר֔וּ וְיִבָּֽחֲנוּ֙ דִּבְרֵיכֶ֔ם הַֽאֱמֶ֖ת אִתְּכֶ֑ם וְאִם־ לֹ֕א חֵ֣י פַרְעֹ֔ה כִּ֥י מְרַגְּלִ֖ים אַתֶּֽם ׃,שלחו מכמ אחד ויקח את אחיכמ ואתמ האסרו ויבחנו דבריכמ האמת אתכמ ואמ לא חי פרעה כי מרגלימ אתמ,20,שלחו מנכון חד וידבר ית אחוכון ואתון התאסרון ויתבחנון פתגמיכון הקשוט אתון אמרין ואם לא חי פרעה ארי מאלילי אתון:,20,"ἀποστείλατε ἐξ ὑμῶν ἕνα, καὶ λάβετε τὸν ἀδελφὸν ὑμῶν· ὑμεῖς δὲ ἀπάχθητε ἕως τοῦ φανερὰ γενέσθαι τὰ ῥήματα ὑμῶν, εἰ ἀληθεύετε ἢ οὔ· εἰ δὲ μή, νὴ τὴν ὑγίαν Φαραώ, εἰ μὴν κατάσκοποί ἐστε.",34,ܫܕܪܘ ܚܕ ܡܢܟܘܢ ܢܕܒܪ ܠܐܚܘܟܘܢ. ܘܐܢܬܘܢ ܐܬܐܣܪܘ. ܘܢܬܒܩܝܢ ܡ̈ܠܝܟܘܢ ܐܢ ܒܩܘܫܬܐ ܐܡܪܬܘܢ. ܘܐܠܐ ܚܝ̈ܘܗܝ ܕܦܪܥܘܢ. ܐܠܐ ܓܫܘ̈ܫܐ ܐܢܬܘܢ.,18,"Enviai um dentre vós, que traga vosso irmão, mas vós ficareis presos, a fim de serem provadas as vossas palavras, se há verdade convosco; e se não, pela vida de Faraó, vós sois espias.",34,True,True,True
42,17,Gênesis 42:17,וַיֶּאֱסֹ֥ף אֹתָ֛ם אֶל־ מִשְׁמָ֖ר שְׁלֹ֥שֶׁת יָמִֽים ׃,ויאספ אתמ אל משמר שלשת ימימ,7,וכנש יתהון למטרא תלתא יומין:,5,καὶ ἔθετο αὐτοὺς ἐν φυλακῇ ἡμέρας τρεῖς·,7,ܘܐܪܡܝ ܐܢܘܢ ܒܝܬ ܚܒܘܫܝܐ ܬܠܬܐ ܝܘܡ̈ܝܢ.,6,E meteu-os juntos na prisão por três dias.,8,True,True,True
42,18,Gênesis 42:18,וַיֹּ֨אמֶר אֲלֵהֶ֤ם יוֹסֵף֙ בַּיּ֣וֹם הַשְּׁלִישִׁ֔י זֹ֥את עֲשׂ֖וּ וִֽחְי֑וּ אֶת־ הָאֱלֹהִ֖ים אֲנִ֥י יָרֵֽא ׃,ויאמר אלהמ יוספ ביומ השלישי זאת עשו וחיו את האלהימ אני ירא,13,ואמר להון יוסף ביומא תליתאה דא עיבידו וקיימו מן קדם יי אנא דחל:,13,"εἶπεν δὲ αὐτοῖς τῇ ἡμέρᾳ τῇ τρίτῃ Τοῦτο ποιήσατε, καὶ ζήσεσθε· τὸν θεὸν γὰρ ἐγὼ φοβοῦμαι·",16,ܘܐܡ̣ܪ ܠܗܘܢ ܝܘܣܦ ܒܝܘܡܐ ܬܠܝܬܝܐ. ܗܕܐ ܥܒ̣ܕܘ ܘܚܝܘ. ܠܐܠܗܐ ܕܚ̇ܠ ܐܢܐ.,11,"Ao terceiro dia disse-lhes José: Fazei isso, e vivereis; porque eu temo a Deus.",14,True,True,True
42,19,Gênesis 42:19,אִם־ כֵּנִ֣ים אַתֶּ֔ם אֲחִיכֶ֣ם אֶחָ֔ד יֵאָסֵ֖ר בְּבֵ֣ית מִשְׁמַרְכֶ֑ם וְאַתֶּם֙ לְכ֣וּ הָבִ֔יאוּ שֶׁ֖בֶר רַעֲב֥וֹן בָּתֵּיכֶֽם ׃,אמ כנימ אתמ אחיכמ אחד יאסר בבית משמרכמ ואתמ לכו הביאו שבר רעבונ בתיכמ,15,אם כיוני אתון אחוכון חד יתאסר בבית מטרתכון ואתון איזילו אובילו עיבורא דחסיר בבתיכון:,14,"εἰ εἰρηνικοί ἐστε, ἀδελφὸς ὑμῶν εἷς κατασχεθήτω ἐν τῇ φυλακῇ· αὐτοὶ δὲ βαδίσατε καὶ ἀπαγάγετε τὸν ἀγορασμὸν τῆς σιτοδοσίας ὑμῶν,",20,ܐܢ ܟܐ̈ܢܐ ܐܢܬܘܢ ܐܚܘܟܘܢ ܚܕ ܢܬܐܣܪ ܒܝܬ ܚܒܘܫܝܟܘܢ. ܘܐܢܬܘܢ ܙܠܘ ܐܘܒܠܘ ܥܒܘܪܐ ܠܟܦܢ̈ܐ ܕܐܝܬ ܒܒ̈ܬܝܟܘܢ .,16,"Se sois homens de retidão, que fique um dos irmãos preso na casa da vossa prisão; mas ide vós, levai trigo para a fome de vossas casas,",27,True,True,True
42,20,Gênesis 42:20,וְאֶת־ אֲחִיכֶ֤ם הַקָּטֹן֙ תָּבִ֣יאוּ אֵלַ֔י וְיֵאָמְנ֥וּ דִבְרֵיכֶ֖ם וְלֹ֣א תָמ֑וּתוּ וַיַּעֲשׂוּ־ כֵֽן ׃,ואת אחיכמ הקטנ תביאו אלי ויאמנו דבריכמ ולא תמותו ויעשו כנ,12,וית אחוכון זעירא תיתון לותי ויהימנון פתגמיכון ולא תמותון ועבדו כן:,11,"καὶ τὸν ἀδελφὸν ὑμῶν τὸν νεώτερον καταγάγετε πρὸς μέ, καὶ πιστευθήσονται τὰ ῥήματα ὑμῶν· εἰ δὲ μή, ἀποθανεῖσθε. ἐποίησαν δὲ οὕτως.",21,ܘܠܐܚܘܟܘܢ ܙܥܘܪܐ ܐܝܬܘ ܠܘܬܝ . ܘܢܬܗܝܡܢܢ ܡ̈ܠܝܟܘܢ ܘܠܐ ܬܡܘܬܘܢ. ܘܥܒ̣ܕܘ ܗܟܢܐ.,11,"e trazei-me o vosso irmão mais novo; assim serão verificadas vossas palavras, e não morrereis. E eles assim fizeram.",19,True,True,True
42,21,Gênesis 42:21,וַיֹּאמְר֞וּ אִ֣ישׁ אֶל־ אָחִ֗יו אֲבָל֮ אֲשֵׁמִ֣ים ׀ אֲנַחְנוּ֮ עַל־ אָחִינוּ֒ אֲשֶׁ֨ר רָאִ֜ינוּ צָרַ֥ת נַפְשׁ֛וֹ בְּהִתְחַֽנְנ֥וֹ אֵלֵ֖ינוּ וְלֹ֣א שָׁמָ֑עְנוּ עַל־ כֵּן֙ בָּ֣אָה אֵלֵ֔ינוּ הַצָּרָ֖ה הַזֹּֽאת ׃,ויאמרו איש אל אחיו אבל אשמימ אנחנו על אחינו אשר ראינו צרת נפשו בהתחננו אלינו ולא שמענו על כנ באה אלינו הצרה הזאת,25,ואמרו גבר לאחוהי בקושטא חיבין אנחנא על אחונא די חזינא עקת נפשיה כד הוה מתחנן לנא ולא קבלנא מניה על כן אתא לותנא עקתא הדא:,25,"καὶ εἶπεν ἕκαστος πρὸς τὸν ἀδελφὸν αὐτοῦ Ναί, ἐν ἁμαρτίᾳ γάρ ἐσμεν περὶ τοῦ ἀδελφοῦ ἡμῶν, ὅτι ὑπερίδομεν τὴν θλίψιν τῆς ψυχῆς αὐτοῦ ὅτε κατεδέετο ἡμῶν καὶ οὐκ εἰσηκούσαμεν αὐτοῦ· ⸆ ἕνεκεν τούτου ἐπῆλθεν ἐφ᾽ ἡμᾶς ἡ θλίψις αὕτη.",39,ܘܐܡܪܘ ܓܒܪ ܠܐܚܘܗܝ. ܫܪܝܪܐܝܬ ܚܝ̇ܒܝܢܢ ܥܠ ܐܚܘܢ. ܕܚ̣ܙܝܢ ܒܛܘܪܦܐ ܕܢܦܫܗ. ܟܕ ܡܬܟܫܦ ܗܘܐ ܠܢ ܘܠܐ ܫܡܥܢܝܗܝ. ܡܛܠ ܗܢܐ ܐܬܬ ܥܠܝܢ ܥܩܬܐ ܗܕܐ.,22,"Então disseram uns aos outros: Nós, na verdade, somos culpados no tocante a nosso irmão, porquanto vimos a angústia da sua alma, quando nos rogava, e não o quisemos atender; é por isso que vem sobre nós esta angústia.",39,True,True,True
42,22,Gênesis 42:22,וַיַּעַן֩ רְאוּבֵ֨ן אֹתָ֜ם לֵאמֹ֗ר הֲלוֹא֩ אָמַ֨רְתִּי אֲלֵיכֶ֧ם ׀ לֵאמֹ֛ר אַל־ תֶּחֶטְא֥וּ בַיֶּ֖לֶד וְלֹ֣א שְׁמַעְתֶּ֑ם וְגַם־ דָּמ֖וֹ הִנֵּ֥ה נִדְרָֽשׁ ׃,ויענ ראובנ אתמ לאמר הלוא אמרתי אליכמ לאמר אל תחטאו בילד ולא שמעתמ וגמ דמו הנה נדרש,19,ואתיב ראובן יתהון למימר הלא אמרית לותכון למימר לא תחובון בעולימא ולא קבלתון ואף דמיה הא מתבעי:,17,ἀποκριθεὶς δὲ Ῥουβὴν εἶπεν αὐτοῖς Οὐκ ἐλάλησα ὑμῖν λέγων Μὴ ἀδικήσητε τὸ παιδάριον; καὶ οὐκ εἰσηκούσατέ μου· καὶ ἰδοὺ τὸ αἷμα αὐτοῦ ἐκζητεῖται.,23,ܘܥܢ̣ܐ ܪܘܒܝܠ ܘܐܡ̣ܪ ܠܗܘܢ. ܠܐ ܐܡ̇ܪܬ ܠܟܘܢ ܕܠܐ ܬܚܛܘܢ ܒܛܠܝܐ. ܘܠܐ ܫܡܥܬܘܢ. ܘܐܦ ܕܡܗ ܗܐ ܡܬܬܒܥ.,16,Respondeu-lhes Rúben: Não vos dizia eu: Não pequeis contra o menino; Mas não quisestes ouvir; por isso agora é requerido de nós o seu sangue.,25,True,True,True
42,23,Gênesis 42:23,וְהֵם֙ לֹ֣א יָֽדְע֔וּ כִּ֥י שֹׁמֵ֖עַ יוֹסֵ֑ף כִּ֥י הַמֵּלִ֖יץ בֵּינֹתָֽם ׃,והמ לא ידעו כי שמע יוספ כי המליצ בינתמ,10,ואנון לא ידעון ארי שמיע יוסף ארי מתרגמן הוה ביניהון:,10,"αὐτοὶ δὲ οὐκ ᾔδεισαν ὅτι ἀκούει Ἰωσήφ, ὁ γὰρ ἑρμηνευτὴς ἀνὰ μέσον αὐτῶν ἦν· ⸆",15,ܘܗ̣ܢܘܢ ܠܐ ܝܕܥܝܢ ܗܘܘ ܕܫܡ̇ܥ ܝܘܣܦ. ܡܛܠ ܕܬܪܓܡܢܐ ܩܐܡ ܗܘܐ ܒܝܢܬܗܘܢ.,11,"E eles não sabiam que José os entendia, porque havia intérprete entre eles.",13,True,True,True
42,24,Gênesis 42:24,וַיִּסֹּ֥ב מֵֽעֲלֵיהֶ֖ם וַיֵּ֑בְךְּ וַיָּ֤שָׁב אֲלֵהֶם֙ וַיְדַבֵּ֣ר אֲלֵהֶ֔ם וַיִּקַּ֤ח מֵֽאִתָּם֙ אֶת־ שִׁמְע֔וֹן וַיֶּאֱסֹ֥ר אֹת֖וֹ לְעֵינֵיהֶֽם ׃,ויסב מעליהמ ויבכ וישב אלהמ וידבר אלהמ ויקח מאתמ את שמעונ ויאסר אתו לעיניהמ,15,ואסתחר מעלויהון ובכא ותב לותהון ומליל עמהון ודבר מלותהון ית שמעון ואסר יתיה לעיניהון:,14,"ἀποστραφεὶς δὲ ἀπ᾽ αὐτῶν ἔκλαυσεν Ἰωσήφ. καὶ πάλιν προσῆλθεν πρὸς αὐτοὺς καὶ εἶπεν αὐτοῖς· καὶ ἔλαβεν τὸν Συμεὼν ἀπ᾽ αὐτῶν, καὶ ἔδησεν αὐτὸν ἐναντίον αὐτῶν.",25,ܘܐܬܦܢܝ ܡܢ ܠܘܬܗܘܢ ܘܒܟ̣ܐ. ܘܗ̣ܦܟ ܠܘܬܗܘܢ ܘܡܠܠ ܥܡܗܘܢ. ܘܕܒ̣ܪ ܡܢܗܘܢ ܠܫܡܥܘܢ ܘܐܣܪܗ ܠܥܢܝ̈ܗܘܢ.,13,"Nisto José se retirou deles e chorou. Depois tornou a eles, falou-lhes, e tomou a Simeão dentre eles, e o amarrou perante os seus olhos.",25,True,True,True
42,25,Gênesis 42:25,וַיְצַ֣ו יוֹסֵ֗ף וַיְמַלְא֣וּ אֶת־ כְּלֵיהֶם֮ בָּר֒ וּלְהָשִׁ֤יב כַּסְפֵּיהֶם֙ אִ֣ישׁ אֶל־ שַׂקּ֔וֹ וְלָתֵ֥ת לָהֶ֛ם צֵדָ֖ה לַדָּ֑רֶךְ וַיַּ֥עַשׂ לָהֶ֖ם כֵּֽן ׃,ויצו יוספ וימלאו את כליהמ בר ולהשיב כספיהמ איש אל שקו ולתת להמ צדה לדרכ ויעש להמ כנ,19,ופקיד יוסף ומלו ית מניהון עיבורא ולאתבא כספיהון גבר לסקיה ולמתן להון זודין לארחא ועבד להון כן:,17,"ἐνετείλατο δὲ Ἰωσὴφ ἐμπλῆσαι τὰ ἄγγια αὐτῶν σίτου, καὶ ἀποδοῦναι τὸ ἀργύριον ἑκάστου εἰς τὸν σάκκον αὐτοῦ, καὶ δοῦναι αὐτοῖς ἐπισιτισμὸν εἰς τὴν ὁδόν. καὶ ἐγενήθη αὐτοῖς οὕτως.",28,ܘܦܩ̣ܕ ܝܘܣܦ ܘܡܠܘ ܡܐ̈ܢܝܗܘܢ ܥܒܘܪܐ. ܘܠܡܗܦܟܘ ܟܣܦܗܘܢ ܓܒܪ ܒܣܩܗ. ܘܠܡܬܠ ܠܗܘܢ ܙܘ̈ܕܐ ܠܐܘܪܚܐ. ܘܥܒܕܘ ܠܗܘܢ ܗܟܢܐ.,16,"Então ordenou José que lhes enchessem de trigo os sacos, que lhes restituíssem o dinheiro a cada um no seu saco, e lhes dessem provisões para o caminho. E assim lhes foi feito.",33,True,True,True
42,26,Gênesis 42:26,וַיִּשְׂא֥וּ אֶת־ שִׁבְרָ֖ם עַל־ חֲמֹרֵיהֶ֑ם וַיֵּלְכ֖וּ מִשָּֽׁם ׃,וישאו את שברמ על חמריהמ וילכו משמ,8,ונטלו ית עיבורהון על חמריהון ואזלו מתמן:,7,καὶ ἐπιθέντες τὸν σῖτον ἐπὶ τοὺς ὄνους αὐτῶν ἀπῆλθον ἐκεῖθεν.,10,ܘܫ̣ܩܠܘ ܥܒܘܪܗܘܢ ܥܠ ܚܡܪܗܘܢ ܘܐܙܠܘ ܡܢ ܬܡ̇ܢ.,7,"Eles, pois, carregaram o trigo sobre os seus jumentos, e partiram dali.",12,True,True,True
42,27,Gênesis 42:27,וַיִּפְתַּ֨ח הָאֶחָ֜ד אֶת־ שַׂקּ֗וֹ לָתֵ֥ת מִסְפּ֛וֹא לַחֲמֹר֖וֹ בַּמָּל֑וֹן וַיַּרְא֙ אֶת־ כַּסְפּ֔וֹ וְהִנֵּה־ ה֖וּא בְּפִ֥י אַמְתַּחְתּֽוֹ ׃,ויפתח האחד את שקו לתת מספוא לחמרו במלונ וירא את כספו והנה הוא בפי אמתחתו,16,ופתח חד ית סקיה למתן כסתא לחמריה בבית מבתא וחזא ית כספיה והא הוא בפום טועניה:,16,"λύσας δὲ εἷς τὸν μάρσιππον αὐτοῦ, δοῦναι χορτάσματα τοῖς ὄνοις αὐτοῦ οὗ κατέλυσαν, ἴδεν τὸν δεσμὸν τοῦ ἀργυρίου αὐτοῦ, καὶ ἦν ἐπάνω τοῦ στόματος τοῦ μαρσίππου·",26,ܘܦܬ̣ܚ ܚܕ ܡܢܗܘܢ ܣܩܗ ܠܡܪܡܝܘ ܟܣܬܐ ܠܚܡܪܗ ܒܝܬ ܒܘܬܐ. ܘܚ̣ܙܐ ܟܣܦܗ ܣܝܡ ܒܦܘܡ ܛܥܢܗ.,14,"Quando um deles abriu o saco, para dar forragem ao seu jumento na estalagem, viu o seu dinheiro, pois estava na boca do saco.",24,True,True,True
42,28,Gênesis 42:28,וַיֹּ֤אמֶר אֶל־ אֶחָיו֙ הוּשַׁ֣ב כַּסְפִּ֔י וְגַ֖ם הִנֵּ֣ה בְאַמְתַּחְתִּ֑י וַיֵּצֵ֣א לִבָּ֗ם וַיֶּֽחֶרְד֞וּ אִ֤ישׁ אֶל־ אָחִיו֙ לֵאמֹ֔ר מַה־ זֹּ֛את עָשָׂ֥ה אֱלֹהִ֖ים לָֽנוּ ׃,ויאמר אל אחיו הושב כספי וגמ הנה באמתחתי ויצא לבמ ויחרדו איש אל אחיו לאמר מה זאת עשה אלהימ לנו,21,ואמר לאחוהי אתותב כספי ואף הא בטועני ונפק מדע לבהון ותוהו גבר לאחוהי למימר מה דא עבד יי לנא:,19,"καὶ εἶπεν τοῖς ἀδελφοῖς αὐτοῦ Ἀπεδόθη μοι τὸ ἀργύριον, καὶ ἰδοὺ τοῦτο ἐν τῷ μαρσίππῳ μου. καὶ ἐξέστη ἡ καρδία αὐτῶν, καὶ ⸂⸆⸃ ἐταράχθησαν πρὸς ⸂⸆⸆⸃ ἀλλήλους λέγοντες Τί τοῦτο ἐποίησεν ὁ θεὸς ἡμῖν;",34,ܘܐܡ̣ܪ ܠܐ̈ܚܘܗܝ. ܐܬܦܢܝ ܟܣܦܝ. ܘܗܐ ܗ̣ܘ ܒܦܘܡ ܛܥܢܝ. ܘܙܥ ܠܒܗܘܢ. ܘܬܡܗܘ ܓܒܪ ܒܐܚܘܗܝ ܘܐܡܪܘ. ܡܢܐ ܗܝ ܗܕܐ ܕܥܒ̣ܕ ܠܢ ܐܠܗܐ.,20,"E disse a seus irmãos: Meu dinheiro foi-me devolvido; ei-lo aqui no saco. Então lhes desfaleceu o coração e, tremendo, viravam-se uns para os outros, dizendo: Que é isto que Deus nos tem feito?",34,True,True,True
42,29,Gênesis 42:29,וַיָּבֹ֛אוּ אֶל־ יַעֲקֹ֥ב אֲבִיהֶ֖ם אַ֣רְצָה כְּנָ֑עַן וַיַּגִּ֣ידוּ ל֔וֹ אֵ֛ת כָּל־ הַקֹּרֹ֥ת אֹתָ֖ם לֵאמֹֽר ׃,ויבאו אל יעקב אביהמ ארצה כנענ ויגידו לו את כל הקרת אתמ לאמר,14,ואתו לות יעקב אבוהון ארעא דכנען וחויאו ליה ית כל דארען יתהון למימר:,13,"ἦλθον δὲ πρὸς Ἰακὼβ τὸν πατέρα αὐτῶν εἰς γῆν Χανάαν, καὶ ἀπήγγειλαν αὐτῷ πάντα τὰ συμβεβηκότα αὐτοῖς λέγοντες",18,ܘܐܬܘ ܠܘܬ ܝܥܩܘܒ ܐܒܘܗܘܢ ܠܐܪܥܐ ܕܟܢܥܢ. ܘܚܘܝܘܗܝ ܟܠ ܕܓ̣ܕܫ ܠܗܘܢ. ܘܐܡܪܘ ܠܗ .,13,"Depois vieram para Jacó, seu pai, na terra de Canaã, e contaram-lhe tudo o que lhes acontecera, dizendo:",18,True,True,True
42,30,Gênesis 42:30,דִּ֠בֶּר הָאִ֨ישׁ אֲדֹנֵ֥י הָאָ֛רֶץ אִתָּ֖נוּ קָשׁ֑וֹת וַיִּתֵּ֣ן אֹתָ֔נוּ כִּֽמְרַגְּלִ֖ים אֶת־ הָאָֽרֶץ ׃,דבר האיש אדני הארצ אתנו קשות ויתנ אתנו כמרגלימ את הארצ,12,מליל גברא רבונא דארעא עמנא קשין ויהב יתנא כמאלילי ית ארעא:,11,"Λελάληκεν ὁ ἄνθρωπος ὁ κύριος τῆς γῆς πρὸς ἡμᾶς σκληρά, καὶ ἔθετο ἡμᾶς ἐν φυλακῇ ὡς κατασκοπεύοντας τὴν γῆν. ⸆",20,ܡܠܠ ܓܒܪܐ ܡܪܗ̇ ܕܐܪܥܐ ܥܡܢ ܩܫܝܐܝܬ. ܘܚܫܒܢ ܐܝܟ ܓܫܘ̈ܫܐ ܕܐܪܥܐ.,10,"O homem, o senhor da terra, falou-nos asperamente, e tratou-nos como espias da terra;",14,True,True,True
42,31,Gênesis 42:31,וַנֹּ֥אמֶר אֵלָ֖יו כֵּנִ֣ים אֲנָ֑חְנוּ לֹ֥א הָיִ֖ינוּ מְרַגְּלִֽים ׃,ונאמר אליו כנימ אנחנו לא היינו מרגלימ,8,ואמרנא ליה כיוני אנחנא לא הוינא מאלילי:,7,"⸂⸆⸃ εἴπαμεν δὲ αὐτῷ Εἰρηνικοί ἐσμεν, οὐκ ἐσμὲν κατάσκοποι·",9,ܘܐܡܪܢ ܠܗ. ܟܐ̈ܢܐ ܚܢܢ ܘܠܐ ܗܘ̣ܝܢ ܓܫ̈ܘܫܐ.,7,mas dissemos-lhe: Somos homens de retidão; não somos espias;,9,True,True,True
42,32,Gênesis 42:32,שְׁנֵים־ עָשָׂ֥ר אֲנַ֛חְנוּ אַחִ֖ים בְּנֵ֣י אָבִ֑ינוּ הָאֶחָ֣ד אֵינֶ֔נּוּ וְהַקָּטֹ֥ן הַיּ֛וֹם אֶת־ אָבִ֖ינוּ בְּאֶ֥רֶץ כְּנָֽעַן ׃,שנימ עשר אנחנו אחימ בני אבינו האחד איננו והקטנ היומ את אבינו בארצ כנענ,15,תרין עסר אנחנא אחין בני אבונא חד ליתוהי וזעירא יומא דין עם אבונא בארעא דכנען:,15,"δώδεκα ἀδελφοί ἐσμεν, υἱοὶ τοῦ πατρὸς ἡμῶν· ὁ εἷς οὐχ ὑπάρχει, ὁ δὲ μικρότερος μετὰ τοῦ πατρὸς ἡμῶν σήμερον εἰς γῆν Χανάαν.",22,ܬܪ̈ܥܣܪ ܚܢܢ ܐܚܝ̈ܢ ܒܢ̈ܝ ܐܒܘܢ. ܘܚܕ ܠܝܬܘܗܝ. ܘܙܥܘܪܐ ܠܘܬ ܐܒܘܢ ܗܘ ܝܘܡܢܐ ܒܐܪܥܐ ܕܟܢܥܢ.,14,"somos doze irmãos, filhos de nosso pai; um já não existe e o mais novo está hoje com nosso pai na terra de Canaã.",24,True,True,True
42,33,Gênesis 42:33,וַיֹּ֣אמֶר אֵלֵ֗ינוּ הָאִישׁ֙ אֲדֹנֵ֣י הָאָ֔רֶץ בְּזֹ֣את אֵדַ֔ע כִּ֥י כֵנִ֖ים אַתֶּ֑ם אֲחִיכֶ֤ם הָֽאֶחָד֙ הַנִּ֣יחוּ אִתִּ֔י וְאֶת־ רַעֲב֥וֹן בָּתֵּיכֶ֖ם קְח֥וּ וָלֵֽכוּ ׃,ויאמר אלינו האיש אדני הארצ בזאת אדע כי כנימ אתמ אחיכמ האחד הניחו אתי ואת רעבונ בתיכמ קחו ולכו,20,ואמר לנא גברא רבונא דארעא בדא אדע ארי כיוני אתון אחוכון חד שבוקו לותי וית עיבורא דחסיר בבתיכון סיבו ואזילו:,20,"εἶπεν δὲ ἡμῖν ὁ ἄνθρωπος ὁ κύριος τῆς γῆς Ἐν τούτῳ γνωσόμεθα ὅτι εἰρηνικοί ἐστε· ἀδελφὸν ἕνα ἄφετε ὧδε μετ᾽ ἐμοῦ, τὸν δὲ ἀγορασμὸν τῆς σιτοδοσίας ὑμῶν λαβόντες ἀπέλθατε·",29,ܘܐܡ̣ܪ ܠܢ ܓܒܪܐ ܡܪܗ̇ ܕܐܪܥܐ. ܒܗܕܐ ܐܕܥ ܕܟܐ̈ܢܐ ܐܢܬܘܢ. ܐܚܘܟܘܢ ܚܕ ܫܒܘܩܘ ܠܘܬܝ. ܘܥܒܘܪܐ ܠܟܦ̈ܢܐ ܕܒܒ̈ܬܝܟܘܢ ܣܒܘ ܘܙܠܘ.,18,"Respondeu-nos o homem, o senhor da terra: Nisto conhecerei que vós sois homens de retidão: Deixai comigo um de vossos irmãos, levai trigo para a fome de vossas casas, e parti,",31,True,True,True
42,34,Gênesis 42:34,וְ֠הָבִיאוּ אֶת־ אֲחִיכֶ֣ם הַקָּטֹן֮ אֵלַי֒ וְאֵֽדְעָ֗ה כִּ֣י לֹ֤א מְרַגְּלִים֙ אַתֶּ֔ם כִּ֥י כֵנִ֖ים אַתֶּ֑ם אֶת־ אֲחִיכֶם֙ אֶתֵּ֣ן לָכֶ֔ם וְאֶת־ הָאָ֖רֶץ תִּסְחָֽרוּ ׃,והביאו את אחיכמ הקטנ אלי ואדעה כי לא מרגלימ אתמ כי כנימ אתמ את אחיכמ אתנ לכמ ואת הארצ תסחרו,21,ואיתיאו ית אחוכון זעירא לותי ואדע ארי לא מאלילי אתון ארי כיוני אתון ית אחוכון אתן לכון וית ארעא תעבדון בה סחורתא:,22,"καὶ ἀγάγετε πρὸς με τὸν ἀδελφὸν ὑμῶν τὸν νεώτερον, καὶ γνώσομαι ὅτι οὐ κατάσκοποί ἐστε, ἀλλ᾽ ὅτι εἰρηνικοί ἐστε· καὶ τὸν ἀδελφὸν ὑμῶν ἀποδώσω ὑμῖν, καὶ τῇ γῇ ἐμπορεύεσθε.",29,ܘܐܝܬܘ ܠܐܚܘܟܘܢ ܙܥܘܪܐ ܠܘܬܝ. ܘܐܕܥ ܕܠܐ ܗܘܝܬܘܢ ܓܫܘ̈ܫܐ. ܐܠܐ ܟܐ̈ܢܐ ܐܢܬܘܢ. ܘܠܐܚܘܟܘܢ ܐܬܠ ܠܟܘܢ ܘܒܐܪܥܐ ܬܬ̇ܓܪܘܢ.,16,"e trazei-me vosso irmão mais novo; assim saberei que não sois espias, mas homens de retidão; então vos entregarei o vosso irmão e negociareis na terra.",26,True,True,True
42,35,Gênesis 42:35,וַיְהִ֗י הֵ֚ם מְרִיקִ֣ים שַׂקֵּיהֶ֔ם וְהִנֵּה־ אִ֥ישׁ צְרוֹר־ כַּסְפּ֖וֹ בְּשַׂקּ֑וֹ וַיִּרְא֞וּ אֶת־ צְרֹר֧וֹת כַּסְפֵּיהֶ֛ם הֵ֥מָּה וַאֲבִיהֶ֖ם וַיִּירָֽאוּ ׃,ויהי המ מריקימ שקיהמ והנה איש צרור כספו בשקו ויראו את צררות כספיהמ המה ואביהמ וייראו,17,והוה אנון מריקין סקיהון והא גבר צריר כספיה בסקיה וחזו ית צררי כספיהון אנון ואבוהון ודחילו:,16,"ἐγένετο δὲ ἐν τῷ κατακενοῦν αὐτοὺς τοὺς σάκκους αὐτῶν, καὶ ἦν ἑκάστου ὁ δεσμὸς τοῦ ἀργυρίου ἐν τῷ σάκκῳ αὐτῶν· καὶ ἴδον τοὺς δεσμοὺς τοῦ ἀργυρίου αὐτῶν αὐτοὶ καὶ ὁ πατὴρ αὐτῶν, καὶ ἐφοβήθησαν.",34,ܘܗܘ̣ܐ ܕܟܕ ܗ̣ܢܘܢ ܡܣܪܩܝܢ ܣܩ̈ܝܗܘܢ ܗܐ ܨܪܪܐ ܕܟܣܦܗ ܕܓܒܪܐ ܒܦܘܡ ܛܥܢܗ. ܘܚܙܘ ܨܪ̈ܪܝ ܟܣܦܗܘܢ ܗ̣ܢܘܢ ܘܐܒܘܗܘܢ ܘܕܚܠܘ.,17,"E aconteceu que, despejando eles os sacos, eis que o pacote de dinheiro de cada um estava no seu saco; quando eles e seu pai viram os seus pacotes de dinheiro, tiveram medo.",33,True,True,True
42,36,Gênesis 42:36,וַיֹּ֤אמֶר אֲלֵהֶם֙ יַעֲקֹ֣ב אֲבִיהֶ֔ם אֹתִ֖י שִׁכַּלְתֶּ֑ם יוֹסֵ֤ף אֵינֶ֨נּוּ֙ וְשִׁמְע֣וֹן אֵינֶ֔נּוּ וְאֶת־ בִּנְיָמִ֣ן תִּקָּ֔חוּ עָלַ֖י הָי֥וּ כֻלָּֽנָה ׃,ויאמר אלהמ יעקב אביהמ אתי שכלתמ יוספ איננו ושמעונ איננו ואת בנימנ תקחו עלי היו כלנה,17,ואמר להון יעקב אבוהון יתי אתכלתון יוסף ליתוהי ושמעון לא הוה הכא וית בנימן תדברון עלי הוו כלהון:,18,"εἶπεν δὲ αὐτοῖς Ἰακὼβ ὁ πατὴρ αὐτῶν Ἐμὲ ἠτεκνώσατε· Ἰωσὴφ οὐκ ἔστιν, Συμεὼν οὐκ ἔστιν, καὶ τὸν Βενιαμεὶν λήμψεσθε· ἐπ᾽ ἐμὲ ἐγένετο πάντα ταῦτα.",24,ܐܡ̇ܪ ܠܗܘܢ ܝܥܩܘܒ ܐܒܘܗܘܢ. ܠܝ ܓܙܝ̣ܬܘܢ. ܝܘܣܦ ܠܝܬܘܗܝ. ܘܫܡܥܘܢ ܠܝܬܘܗܝ. ܘܠܒܢܝܡܝܢ ܬܕܒܪܘܢ. ܥܠܝ ܫ̣ܠܡ ܟܠܗܝܢ.,15,"Então Jacó, seu pai, disse-lhes: Tendes-me desfilhado; José já não existe, e não existe Simeão, e haveis de levar Benjamim! Todas estas coisas vieram sobre mim.",26,True,True,True
42,37,Gênesis 42:37,וַיֹּ֤אמֶר רְאוּבֵן֙ אֶל־ אָבִ֣יו לֵאמֹ֔ר אֶת־ שְׁנֵ֤י בָנַי֙ תָּמִ֔ית אִם־ לֹ֥א אֲבִיאֶ֖נּוּ אֵלֶ֑יךָ תְּנָ֤ה אֹתוֹ֙ עַל־ יָדִ֔י וַאֲנִ֖י אֲשִׁיבֶ֥נּוּ אֵלֶֽיךָ ׃,ויאמר ראובנ אל אביו לאמר את שני בני תמית אמ לא אביאנו אליכ תנה אתו על ידי ואני אשיבנו אליכ,21,ואמר ראובן לות אבוהי למימר ית תרין בני תמית אם לא איתניה לותך הב יתיה על ידי ואנא אתבניה לך:,20,"εἶπεν δὲ Ῥουβὴν τῷ πατρὶ αὐτοῦ λέγων Τοὺς δύο υἱούς μου ἀπόκτεινον, ἐὰν μὴ ἀγάγω αὐτὸν πρὸς σέ· δὸς αὐτὸν εἰς τὴν χεῖρά μου, κἀγὼ ἀνάξω αὐτὸν πρὸς σέ.",29,ܘܐܡ̣ܪ ܪܘܒܝܠ ܠܐܒܘܗܝ. ܠܬܪ̈ܝܢ ܒܢ̈ܝ ܬܡܝܬ ܐܠܐ ܐܝܬܝܘܗܝ ܠܟ. ܐܫܠܡܝܗܝ ܠܝ ܘܐܢܐ ܐܗܦܟܝܘܗܝ ܠܟ.,14,"Mas Rúben falou a seu pai, dizendo: Mata os meus dois filhos, se eu to não tornar a trazer; entrega-o em minha mão, e to tornarei a trazer.",28,True,True,True
42,38,Gênesis 42:38,וַיֹּ֕אמֶר לֹֽא־ יֵרֵ֥ד בְּנִ֖י עִמָּכֶ֑ם כִּֽי־ אָחִ֨יו מֵ֜ת וְה֧וּא לְבַדּ֣וֹ נִשְׁאָ֗ר וּקְרָאָ֤הוּ אָסוֹן֙ בַּדֶּ֨רֶךְ֙ אֲשֶׁ֣ר תֵּֽלְכוּ־ בָ֔הּ וְהוֹרַדְתֶּ֧ם אֶת־ שֵׂיבָתִ֛י בְּיָג֖וֹן שְׁאֽוֹלָה ׃,ויאמר לא ירד בני עמכמ כי אחיו מת והוא לבדו נשאר וקראהו אסונ בדרכ אשר תלכו בה והורדתמ את שיבתי ביגונ שאולה,23,ואמר לא יחות ברי עמכון ארי אחוהי מית והוא בלחודוהי אשתאר ויערעניה מותא בארחא די תהכון בה ותחתון ית שיבתי בדוונא לשאול:,22,"ὁ δὲ εἶπεν Οὐ καταβήσεται ὁ υἱός μου μεθ᾽ ὑμῶν· ὅτι ὁ ἀδελφὸς αὐτοῦ ἀπέθανεν, καὶ αὐτὸς μόνος καταλέλειπται· καὶ συμβήσεται αὐτὸν μαλακισθῆναι ἐν τῇ ὁδῷ ᾗ ἂν πορεύεσθε, καὶ κατάξετέ μου τὸ γῆρας μετὰ λύπης εἰς ᾅδου.",38,ܘܐܡ̣ܪ ܠܐ ܢܚ̇ܬ ܒܪܝ ܥܡܟܘܢ. ܡܛܠ ܕܐܚܘܗܝ ܡܝܬ. ܘܗ̣ܘ ܒܠܚܘܕܘܗܝ ܐܫܬܚܪ ܠܐܡܗ . ܘܢܓܕܫ ܠܗ ܩܐܪܣܐ . ܒܐܘܪܚܐ ܕܬܐܙܠܘܢ . ܘܬܚܬܘܢ ܣܝܒܘܬܝ ܒܕܐܘܘܢܐ ܠܫܝܘܠ.,24,"Ele porém disse: Não descerá meu filho convosco; porquanto o seu irmão é morto, e só ele ficou. Se lhe suceder algum desastre pelo caminho em que fordes, fareis descer minhas cãs com tristeza ao Seol.",36,True,True,True
43,1,Gênesis 43:1,וְהָרָעָ֖ב כָּבֵ֥ד בָּאָֽרֶץ ׃,והרעב כבד בארצ,4,וכפנא תקיף בארעא:,3,Ὁ δὲ λιμὸς ἐνίσχυσεν ἐπὶ τῆς γῆς.,7,ܘܟܦܢܐ ܥܫ̣ܢ ܒܐܪܥܐ.,3,"Ora, a fome era gravíssima na terra.",7,True,True,True
43,2,Gênesis 43:2,וַיְהִ֗י כַּאֲשֶׁ֤ר כִּלּוּ֙ לֶאֱכֹ֣ל אֶת־ הַשֶּׁ֔בֶר אֲשֶׁ֥ר הֵבִ֖יאוּ מִמִּצְרָ֑יִם וַיֹּ֤אמֶר אֲלֵיהֶם֙ אֲבִיהֶ֔ם שֻׁ֖בוּ שִׁבְרוּ־ לָ֥נוּ מְעַט־ אֹֽכֶל ׃,ויהי כאשר כלו לאכל את השבר אשר הביאו ממצרימ ויאמר אליהמ אביהמ שבו שברו לנו מעט אכל,18,והוה כד ספיקו למיכל ית עיבורא דאיתיאו ממצרים ואמר להון אבוהון תובו זבונו לנא זעיר עיבורא:,16,"ἐγένετο δὲ ἡνίκα συνετέλεσαν καταφαγεῖν τὸν σῖτον ὃν ἤνεγκαν ἐξ Αἰγύπτου, καὶ εἶπεν αὐτοῖς ὁ πατὴρ αὐτῶν Πάλιν πορευθέντες πρίασθε ἡμῖν μικρὰ βρώματα.",23,ܘܟܕ ܓܡ̇ܪܘ ܠܡܐܟܠ ܥܒܘܪܐ ܕܐܝܬܝܘ ܡܢ ܡܨܪܝܢ. ܐܡ̣ܪ ܠܗܘܢ ܝܥܩܘܒ ܐܒܘܗܘܢ. ܚܘܬܘ ܡܘܪܘ ܠܢ ܩܠܝܠ ܥܒܘܪܐ.,16,"Tendo eles acabado de comer o mantimento que trouxeram do Egito, disse-lhes seu pai: voltai, comprai-nos um pouco de alimento.",20,True,True,True
43,3,Gênesis 43:3,וַיֹּ֧אמֶר אֵלָ֛יו יְהוּדָ֖ה לֵאמֹ֑ר הָעֵ֣ד הֵעִד֩ בָּ֨נוּ הָאִ֤ישׁ לֵאמֹר֙ לֹֽא־ תִרְא֣וּ פָנַ֔י בִּלְתִּ֖י אֲחִיכֶ֥ם אִתְּכֶֽם ׃,ויאמר אליו יהודה לאמר העד העד בנו האיש לאמר לא תראו פני בלתי אחיכמ אתכמ,16,ואמר ליה יהודה למימר אסהדא אסהד בנא גברא למימר לא תחזון אפי אלהין כד אחוכון עמכון:,16,εἶπεν δὲ αὐτῷ Ἰούδας λέγων Διαμαρτυρίᾳ διαμεμαρτύρηται ἡμῖν ὁ ἄνθρωπος λέγων Οὐκ ὄψεσθε τὸ πρόσωπόν μου ἐὰν μὴ ὁ ἀδελφὸς ὑμῶν ὁ νεώτερος καταβῇ πρὸς μέ.,26,ܐܡ̇ܪ ܠܗ ܝܗܘܕܐ. ܡܣ̇ܗܕܘ ܣ̇ܗܕ ܒܢ ܓܒܪܐ ܘܐܡ̣ܪ. ܠܐ ܬܚܙܘܢ ܐ̈ܦܝ ܐܠܐ ܟܕ ܐܚܘܟܘܢ ܥܡܟܘܢ.,15,"Mas respondeu-lhe Judá: Expressamente nos advertiu o homem, dizendo: Não vereis a minha face, se vosso irmão não estiver convosco.",20,True,True,True
43,4,Gênesis 43:4,אִם־ יֶשְׁךָ֛ מְשַׁלֵּ֥חַ אֶת־ אָחִ֖ינוּ אִתָּ֑נוּ נֵרְדָ֕ה וְנִשְׁבְּרָ֥ה לְךָ֖ אֹֽכֶל ׃,אמ ישכ משלח את אחינו אתנו נרדה ונשברה לכ אכל,11,אם איתך משלח ית אחונא עמנא ניחות ונזבן לך עיבורא:,10,"εἰ μὲν οὖν ἀποστέλλεις τὸν ἀδελφὸν ἡμῶν μεθ᾽ ἡμῶν, καταβησόμεθα καὶ ἀγοράσωμέν σοι βρώματα·",14,ܐܢ ܡܫܕܪ ܐܢܬ ܠܐܚܘܢ ܥܡܢ. ܢܚܘܬ ܘܢܡܘܪ ܠܢ ܥܒܘܪܐ.,9,"Se queres enviar conosco o nosso irmão, desceremos e te compraremos alimento;",12,True,True,True
43,5,Gênesis 43:5,וְאִם־ אֵינְךָ֥ מְשַׁלֵּ֖חַ לֹ֣א נֵרֵ֑ד כִּֽי־ הָאִ֞ישׁ אָמַ֤ר אֵלֵ֨ינוּ֙ לֹֽא־ תִרְא֣וּ פָנַ֔י בִּלְתִּ֖י אֲחִיכֶ֥ם אִתְּכֶֽם ׃,ואמ אינכ משלח לא נרד כי האיש אמר אלינו לא תראו פני בלתי אחיכמ אתכמ,16,ואם ליתך משלח לא ניחות ארי גברא אמר לנא לא תחזון אפי אלהין כד אחוכון עמכון:,16,"εἰ δὲ μὴ ἀποστέλλεις τὸν ἀδελφὸν ἡμῶν μεθ᾽ ἡμῶν, οὐ πορευσόμεθα· ὁ γὰρ ἄνθρωπος εἶπεν ἡμῖν λέγων Οὐκ ὄψεσθέ μου τὸ πρόσωπον ἐὰν μὴ ὁ ἀδελφὸς ὑμῶν ὁ νεώτερος μεθ᾽ ὑμῶν ᾖ.",32,ܘܐܢ ܠܐ ܡܫܕܪ ܐܢܬ. ܠܐ ܢܚܬܝܢܢ. ܡܛܠ ܕܓܒܪܐ ܐܡ̣ܪ ܠܢ. ܕܠܐ ܬܚܙܘܢ ܐ̈ܦܝ. ܐܠܐ ܟܕ ܐܚܘܟܘܢ ܥܡܟܘܢ.,17,"mas se não queres enviá-lo, não desceremos, porquanto o homem nos disse: Não vereis a minha face, se vosso irmão não estiver convosco.",23,True,True,True
43,6,Gênesis 43:6,וַיֹּ֨אמֶר֙ יִשְׂרָאֵ֔ל לָמָ֥ה הֲרֵעֹתֶ֖ם לִ֑י לְהַגִּ֣יד לָאִ֔ישׁ הַע֥וֹד לָכֶ֖ם אָֽח ׃,ויאמר ישראל למה הרעתמ לי להגיד לאיש העוד לכמ אח,11,ואמר ישראל למה אבאשתון לי לחואה לגברא העד כען לכון אחא:,11,"εἶπεν δὲ Ἰσραήλ Τί ἐκακοποιήσατέ μοι, ἀναγγείλαντες τῷ ἀνθρώπῳ εἰ ἔστιν ὑμῖν ἀδελφός;",13,ܐܡ̇ܪ ܠܗܘܢ ܐܝܣܪܝܠ ܐܒܘܗܘܢ . ܠܡܢܐ ܐܒܐܫܬܘܢ ܠܝ ܘܚܘܝܬܘܢ ܠܓܒܪܐ ܐܢ ܐܝܬ ܠܟܘܢ ܐܚܐ.,14,"Perguntou Israel: Por que me fizeste este mal, fazendo saber ao homem que tínheis ainda outro irmão?",17,True,True,True
43,7,Gênesis 43:7,וַיֹּאמְר֡וּ שָׁא֣וֹל שָֽׁאַל־ הָ֠אִישׁ לָ֣נוּ וּלְמֽוֹלַדְתֵּ֜נוּ לֵאמֹ֗ר הַע֨וֹד אֲבִיכֶ֥ם חַי֙ הֲיֵ֣שׁ לָכֶ֣ם אָ֔ח וַנַ֨גֶּד־ ל֔וֹ עַל־ פִּ֖י הַדְּבָרִ֣ים הָאֵ֑לֶּה הֲיָד֣וֹעַ נֵדַ֔ע כִּ֣י יֹאמַ֔ר הוֹרִ֖ידוּ אֶת־ אֲחִיכֶֽם ׃,ויאמרו שאול שאל האיש לנו ולמולדתנו לאמר העוד אביכמ חי היש לכמ אח ונגד לו על פי הדברימ האלה הידוע נדע כי יאמר הורידו את אחיכמ,27,ואמרו משאל שאל גברא לנא ולילדותנא למימר העד כען אבוכון קים האית לכון אחא וחוינא ליה על מימר פתגמיא האלין המדע הוינא ידעין ארי יימר אוחיתו ית אחוכון:,28,"οἱ δὲ εἶπαν Ἐρωτῶν ἐπηρώτησεν ἡμᾶς ὁ ἄνθρωπος καὶ τὴν γενεὰν ἡμῶν, λέγων Εἰ ἔτι ὁ πατὴρ ὑμῶν ζῇ; εἰ ἔστιν ὑμῖν ἀδελφός; καὶ ἀπηγγείλαμεν αὐτῷ κατὰ τὴν ἐπερώτησιν αὐτοῦ. μὴ ᾔδειμεν εἰ ἐρεῖ ἡμῖν Ἀγάγετε τὸν ἀδελφὸν ὑμῶν;",39,ܘܐܡܪܘ ܡܫܐܠܘ ܫܐ̇ܠ ܓܒܪܐ ܥܠܝܢ ܘܥܠ ܫܪܒܬܢ. ܘܐܡ̣ܪ ܥܕܟܝܠ ܐܒܘܟܘܢ ܚܝ. ܘܐܝܬ ܠܟܘܢ ܐܚܐ. ܘܚܘܝܢܝܗܝ ܡܛܠ ܡ̈ܠܐ ܗܠܝܢ. ܡܕܥ ܝܕܥܝܢ ܗܘܝܢ ܕܐܡ̇ܪ ܐܚܬܘ ܠܐܚܘܟܘܢ.,24,"Responderam eles: O homem perguntou particularmente por nós, e pela nossa parentela, dizendo: vive ainda vosso pai? tendes mais um irmão? e respondemos-lhe segundo o teor destas palavras. Podíamos acaso saber que ele diria: Trazei vosso irmão?",37,True,True,True
43,8,Gênesis 43:8,וַיֹּ֨אמֶר יְהוּדָ֜ה אֶל־ יִשְׂרָאֵ֣ל אָבִ֗יו שִׁלְחָ֥ה הַנַּ֛עַר אִתִּ֖י וְנָק֣וּמָה וְנֵלֵ֑כָה וְנִֽחְיֶה֙ וְלֹ֣א נָמ֔וּת גַּם־ אֲנַ֥חְנוּ גַם־ אַתָּ֖ה גַּם־ טַפֵּֽנוּ ׃,ויאמר יהודה אל ישראל אביו שלחה הנער אתי ונקומה ונלכה ונחיה ולא נמות גמ אנחנו גמ אתה גמ טפנו,20,ואמר יהודה לישראל אבוהי שלח עולימא עמי ונקום ונזיל וניחי ולא נמות אף אנחנא אף את אף טפלנא:,18,"εἶπεν δὲ Ἰούδας πρὸς Ἰσραὴλ τὸν πατέρα αὐτοῦ Ἀπόστειλον τὸ παιδάριον μετ᾽ ἐμοῦ, καὶ ἀναστάντες πορευσόμεθα, ἵνα ζῶμεν καὶ μὴ ἀποθάνωμεν καὶ ἡμεῖς καὶ σὺ καὶ ἡ ἀποσκευὴ ἡμῶν.",29,ܘܐܡ̣ܪ ܝܗܘܕܐ ܠܐܝܣܪܝܠ ܐܒܘܗܝ. ܫܕܪ ܛܠܝܐ ܥܡܢ. ܘܢܩܘܡ ܘܢܐܙܠ ܘܢܚ̣ܐ ܘܠܐ ܢܡܘܬ. ܐܦ ܚܢܢ ܐܦ ܐܢܬ ܐܦ ܝܩܪܬܢ.,18,"Então disse Judá a Israel, seu pai: Envia o mancebo comigo, e levantar-nos-emos e iremos, para que vivamos e não morramos, nem nós, nem tu, nem nossos filhinhos.",28,True,True,True
43,9,Gênesis 43:9,אָֽנֹכִי֙ אֶֽעֶרְבֶ֔נּוּ מִיָּדִ֖י תְּבַקְשֶׁ֑נּוּ אִם־ לֹ֨א הֲבִיאֹתִ֤יו אֵלֶ֨יךָ֙ וְהִצַּגְתִּ֣יו לְפָנֶ֔יךָ וְחָטָ֥אתִֽי לְךָ֖ כָּל־ הַיָּמִֽים ׃,אנכי אערבנו מידי תבקשנו אמ לא הביאתיו אליכ והצגתיו לפניכ וחטאתי לכ כל הימימ,15,אנא מערבנא ביה מן ידי תבעניה אם לא איתניה לך ואקימניה קדמך ואהי חטי לך כל יומיא:,17,"ἐγὼ δὲ ἐκδέχομαι αὐτόν, ἐκ χειρός μου ζήτησον αὐτόν· ἐὰν μὴ ἀγάγω αὐτὸν πρὸς σὲ καὶ στήσω αὐτὸν ἐναντίον σου, ἡμαρτηκὼς ἔσομαι πρὸς σὲ πάσας τὰς ἡμέρας.",27,ܐܢܐ ܥ̇ܪܒ ܐܢܐ ܒܗ. ܡܢ ܐ̈ܝܕܝ ܬܒܥܝܗܝ. ܐܢ ܠܐ ܐܝܬܝܘܗܝ ܠܟ ܘܐܩܝܡܝܘܗܝ ܩܕܡܝܟ. ܐܚܛܐ ܠܐܒܝ ܟܠܗܘܢ ܝܘܡ̈ܬܐ.,17,"Eu serei fiador por ele; da minha mão o requererás. Se eu to não trouxer, e o não puser diante de ti, serei réu de crime para contigo para sempre.",30,True,True,True
43,10,Gênesis 43:10,כִּ֖י לוּלֵ֣א הִתְמַהְמָ֑הְנוּ כִּֽי־ עַתָּ֥ה שַׁ֖בְנוּ זֶ֥ה פַעֲמָֽיִם ׃,כי לולא התמהמהנו כי עתה שבנו זה פעמימ,9,ארי אלולפון בדא אתעכבנא ארי כען תבנא דנן תרתין זמנין:,10,"εἰ μὴ γὰρ ἐβραδύναμεν, ἤδη ἂν ὑπεστρέψαμεν δίς.",8,ܘܐܦ ܐܠܘ ܠܐ ܐܫܬܘܚܪܢ. ܟܒܪ ܕܝܢ ܗܦܟܢ ܕܬܪ̈ܬܝܢ ܙܒ̈ܢܝܢ.,9,"E se não nos tivéssemos demorado, certamente já segunda vez estaríamos de volta.",13,True,True,True
43,11,Gênesis 43:11,וַיֹּ֨אמֶר אֲלֵהֶ֜ם יִשְׂרָאֵ֣ל אֲבִיהֶ֗ם אִם־ כֵּ֣ן ׀ אֵפוֹא֮ זֹ֣את עֲשׂוּ֒ קְח֞וּ מִזִּמְרַ֤ת הָאָ֨רֶץ֙ בִּכְלֵיכֶ֔ם וְהוֹרִ֥ידוּ לָאִ֖ישׁ מִנְחָ֑ה מְעַ֤ט צֳרִי֙ וּמְעַ֣ט דְּבַ֔שׁ נְכֹ֣את וָלֹ֔ט בָּטְנִ֖ים וּשְׁקֵדִֽים ׃,ויאמר אלהמ ישראל אביהמ אמ כנ אפוא זאת עשו קחו מזמרת הארצ בכליכמ והורידו לאיש מנחה מעט צרי ומעט דבש נכאת ולט בטנימ ושקדימ,26,ואמר להון ישראל אבוהון אם כן הכא דא עיבידו סיבו מדמשבח בארעא במניכון ואוחיתו לגברא תקרבתא זעיר קטף וזעיר דבש שעף ולטום בטנין ושגדין:,24,"εἶπεν δὲ αὐτοῖς Ἰσραὴλ ὁ πατὴρ αὐτῶν Εἰ οὕτως ἐστίν, τοῦτο ποιήσατε· λάβετε ἀπὸ τῶν καρπῶν τῆς γῆς ἐν τοῖς ἀγγίοις ὑμῶν, καὶ καταγάγετε τῷ ἀνθρώπῳ δῶρα, τῆς ῥιτίνης καὶ τοῦ μέλιτος, θυμίαμα καὶ στακτὴν καὶ τερέμινθον καὶ κάρυα.",39,ܘܐܡ̣ܪ ܠܗܘܢ ܐܝܣܪܝܠ ܐܒܘܗܘܢ. ܐܢ ܗܟܢܐ ܗܘ ܗܕܐ ܥܒܕܘ. ܣܒܘ ܡܢ ܛܘܒܗ̇ ܕܐܪܥܐ ܒܡܐ̈ܢܝܟܘܢ. ܘܐܚܬܘ ܠܓܒܪܐ ܩܘܪܒܢܐ. ܩܠܝܠ ܨܪܘܐ ܘܩܠܝܠ ܕܒܫܐ. ܘܐܪ̈ܗܛܢܐ ܘܠܛܡ̈ܐ. ܘܒܛܡ̈ܐ ܘܫܓܪ̈ܐ .,26,"Então disse-lhes Israel seu pai: Se é sim, fazei isto: tomai os melhores produtos da terra nas vossas vasilhas, e levai ao homem um presente: um pouco de bálsamo e um pouco de mel, tragacanto e mirra, nozes de fístico e amêndoas;",42,True,True,True
43,12,Gênesis 43:12,וְכֶ֥סֶף מִשְׁנֶ֖ה קְח֣וּ בְיֶדְכֶ֑ם וְאֶת־ הַכֶּ֜סֶף הַמּוּשָׁ֨ב בְּפִ֤י אַמְתְּחֹֽתֵיכֶם֙ תָּשִׁ֣יבוּ בְיֶדְכֶ֔ם אוּלַ֥י מִשְׁגֶּ֖ה הֽוּא ׃,וכספ משנה קחו בידכמ ואת הכספ המושב בפי אמתחתיכמ תשיבו בידכמ אולי משגה הוא,15,וכספא על חד תרין סיבו בידכון וית כספא דאתותב בפום טועניכון תתיבון בידכון מאים שלו הוא:,16,καὶ τὸ ἀργύριον δισσὸν λάβετε ἐν ταῖς χερσὶν ὑμῶν· τὸ ἀργύριον τὸ ἀποστραφὲν ἐν τοῖς μαρσίπποις ὑμῶν ἀποστρέψατε μεθ᾽ ὑμῶν· μή ποτε ἀγνόημά ἐστιν.,24,ܘܟܣܦܐ ܐܥܦܐ ܣܒܘ ܒܐ̈ܝܕܝܟܘܢ. ܘܟܣܦܐ ܕܗ̣ܦܟ ܒܦܘܡ ܛܥܢܝ̈ܟܘܢ ܐܗܦܟܘ ܒܐ̈ܝܕܝܟܘܢ ܕܠܡܐ ܛܘܥܝܝ ܗܝ.,13,"levai em vossas mãos dinheiro em dobro; e o dinheiro que foi devolvido na boca dos vossos sacos, tornai a levá-lo em vossas mãos; bem pode ser que fosse engano.",30,True,True,True
43,13,Gênesis 43:13,וְאֶת־ אֲחִיכֶ֖ם קָ֑חוּ וְק֖וּמוּ שׁ֥וּבוּ אֶל־ הָאִֽישׁ ׃,ואת אחיכמ קחו וקומו שובו אל האיש,8,וית אחוכון דברו וקומו תובו לות גברא:,7,"καὶ τὸν ἀδελφὸν ὑμῶν λάβετε, καὶ ἀναστάντες κατάβητε πρὸς τὸν ἄνθρωπον.",11,ܘܠܐܚܘܟܘܢ ܕܒܪܘ. ܘܩܘܡܘ ܘܗܦܘܟܘ ܠܘܬ ܓܒܪܐ.,6,Levai também vosso irmão; levantai-vos e voltai ao homem;,9,True,True,True
43,14,Gênesis 43:14,וְאֵ֣ל שַׁדַּ֗י יִתֵּ֨ן לָכֶ֤ם רַחֲמִים֙ לִפְנֵ֣י הָאִ֔ישׁ וְשִׁלַּ֥ח לָכֶ֛ם אֶת־ אֲחִיכֶ֥ם אַחֵ֖ר וְאֶת־ בִּנְיָמִ֑ין וַאֲנִ֕י כַּאֲשֶׁ֥ר שָׁכֹ֖לְתִּי שָׁכָֽלְתִּי ׃,ואל שדי יתנ לכמ רחמימ לפני האיש ושלח לכמ את אחיכמ אחר ואת בנימינ ואני כאשר שכלתי שכלתי,19,ואל שדי יתן לכון רחמין לקדם גברא ויפטר לכון ית אחוכון אחרנא וית בנימין ואנא כמא דאתכלית תכלית:,18,"ὁ δὲ θεός μου δῴη ὑμῖν χάριν ἐναντίον τοῦ ἀνθρώπου, καὶ ἀποστείλαι τὸν ἀδελφὸν ὑμῶν τὸν ἕνα καὶ ⸆ τὸν Βενιαμείν· ἐγὼ μὲν γὰρ καθὰ ἠτέκνωμαι ἠτέκνωμαι.",27,ܘܐܝܠܫܕܝ ܢܬܠܟܘܢ ܠܪ̈ܚܡܐ ܩܕܡ ܓܒܪܐ. ܘܢܫܕܪ ܥܡܟܘܢ ܠܐܚܘܟܘܢ ܐܚܪܢܐ ܘܠܒܢܝܡܝܢ. ܘܐܢܐ ܐܝܟ ܕܓܙܝ̇ܬ ܓܙܝ̇ܬ.,14,"e Deus Todo-Poderoso vos dê misericórdia diante do homem, para que ele deixe vir convosco vosso outro irmão, e Benjamim; e eu, se for desfilhado, desfilhado ficarei.",27,True,True,True
43,15,Gênesis 43:15,וַיִּקְח֤וּ הָֽאֲנָשִׁים֙ אֶת־ הַמִּנְחָ֣ה הַזֹּ֔את וּמִשְׁנֶה־ כֶּ֛סֶף לָקְח֥וּ בְיָדָ֖ם וְאֶת־ בִּנְיָמִ֑ן וַיָּקֻ֨מוּ֙ וַיֵּרְד֣וּ מִצְרַ֔יִם וַיַּֽעַמְד֖וּ לִפְנֵ֥י יוֹסֵֽף ׃,ויקחו האנשימ את המנחה הזאת ומשנה כספ לקחו בידמ ואת בנימנ ויקמו וירדו מצרימ ויעמדו לפני יוספ,18,ונסיבו גבריא ית תקרבתא הדא ועל חד תרין כספא נסיבו בידיהון ודברו ית בנימן וקמו ונחתו למצרים וקמו קדם יוסף:,20,"Λαβόντες δὲ οἱ ἄνδρες τὰ δῶρα ταῦτα, καὶ τὸ ἀργύριον διπλοῦν ἔλαβον ἐν ταῖς χερσὶν αὐτῶν, καὶ τὸν Βενιαμείν· καὶ ἀναστάντες κατέβησαν εἰς Αἴγυπτον, καὶ ἔστησαν ἐναντίον Ἰωσήφ.",28,ܘܢܣܒܘ ܓܒܪ̈ܐ ܩܘܪܒܢܐ ܗܢܐ. ܘܐܥܦܐ ܕܟܣܦܐ ܢܣܒܘ ܒܐ̈ܝܕܝܗܘܢ. ܘܕܒ̣ܪܘ ܥܡܗܘܢ ܠܒܢܝܡܝܢ. ܘܩܡܘ ܘܢܚܬܘ ܠܡܨܪܝܢ . ܘܩܡܘ ܩܕܡ ܝܘܣܦ.,18,"Tomaram, pois, os homens aquele presente, e dinheiro em dobro nas mãos, e a Benjamim; e, levantando-se desceram ao Egito e apresentaram-se diante de José.",25,True,True,True
43,16,Gênesis 43:16,וַיַּ֨רְא יוֹסֵ֣ף אִתָּם֮ אֶת־ בִּנְיָמִין֒ וַיֹּ֨אמֶר֙ לַֽאֲשֶׁ֣ר עַל־ בֵּית֔וֹ הָבֵ֥א אֶת־ הָאֲנָשִׁ֖ים הַבָּ֑יְתָה וּטְבֹ֤חַ טֶ֨בַח֙ וְהָכֵ֔ן כִּ֥י אִתִּ֛י יֹאכְל֥וּ הָאֲנָשִׁ֖ים בַּֽצָּהֳרָֽיִם ׃,וירא יוספ אתמ את בנימינ ויאמר לאשר על ביתו הבא את האנשימ הביתה וטבח טבח והכנ כי אתי יאכלו האנשימ בצהרימ,22,וחזא יוסף עמהון ית בנימין ואמר לדי ממנא על ביתיה אעיל ית גבריא לביתא ונכוס נכסתא ואתקין ארי עמי ייכלון גבריא בשירותא:,22,"ἴδεν δὲ Ἰωσὴφ αὐτοὺς καὶ τὸν Βενιαμεὶν τὸν ἀδελφὸν αὐτοῦ τὸν ὁμομήτριον, καὶ ἐνετείλατο τῷ ἐπὶ τῆς οἰκίας αὐτοῦ εἰσαγαγεῖν τοὺς ἀνθρώπους εἰς τὴν οἰκίαν Καὶ σφάξον ⸂⸆⸃ θύματα καὶ ἑτοίμασον· μετ᾽ ἐμοῦ γὰρ φάγονται οἱ ἄνθρωποι ἄρτους τὴν μεσημβρίαν ⸆",41,ܘܚ̣ܙܐ ܝܘܣܦ ܥܡܗܘܢ ܠܒܢܝܡܝܢ. ܘܐܡ̣ܪ ܠܪܒܝܬܗ. ܐܥܠ ܓܒܪ̈ܐ ܠܒܝܬܐ. ܘܟܘܣ ܢܟܣܬܐ ܘܬ̇ܩܢ. ܡܛܠ ܕܥܡܝ ܐܟܠܝܢ ܓܒܪ̈ܐ ܒܛܗܪܐ.,17,"Quando José viu Benjamim com eles, disse ao despenseiro de sua casa: Leva os homens à casa, mata reses, e apronta tudo; pois eles comerão comigo ao meio-dia.",28,True,True,True
43,17,Gênesis 43:17,וַיַּ֣עַשׂ הָאִ֔ישׁ כַּֽאֲשֶׁ֖ר אָמַ֣ר יוֹסֵ֑ף וַיָּבֵ֥א הָאִ֛ישׁ אֶת־ הָאֲנָשִׁ֖ים בֵּ֥יתָה יוֹסֵֽף ׃,ויעש האיש כאשר אמר יוספ ויבא האיש את האנשימ ביתה יוספ,12,ועבד גברא כמא די אמר יוסף ואעיל גברא ית גבריא לבית יוסף:,12,"ἐποίησεν δὲ ὁ ἄνθρωπος καθὰ εἶπεν Ἰωσήφ, καὶ εἰσήγαγεν τοὺς ἀνθρώπους εἰς τὴν οἰκίαν Ἰωσήφ.",15,ܘܥܒ̣ܕ ܥܒ̣ܕܐ ܐܝܟ ܕܐܡ̣ܪ ܝܘܣܦ. ܘܐܥܠ ܐܢܘܢ ܠܓܒܪ̈ܐ ܠܒܝܬ ܝܘܣܦ.,10,"E o homem fez como José ordenara, e levou-os à casa de José.",13,True,True,True
43,18,Gênesis 43:18,וַיִּֽירְא֣וּ הָֽאֲנָשִׁ֗ים כִּ֣י הֽוּבְאוּ֮ בֵּ֣ית יוֹסֵף֒ וַיֹּאמְר֗וּ עַל־ דְּבַ֤ר הַכֶּ֨סֶף֙ הַשָּׁ֤ב בְּאַמְתְּחֹתֵ֨ינוּ֙ בַּתְּחִלָּ֔ה אֲנַ֖חְנוּ מֽוּבָאִ֑ים לְהִתְגֹּלֵ֤ל עָלֵ֨ינוּ֙ וּלְהִתְנַפֵּ֣ל עָלֵ֔ינוּ וְלָקַ֧חַת אֹתָ֛נוּ לַעֲבָדִ֖ים וְאֶת־ חֲמֹרֵֽינוּ ׃,וייראו האנשימ כי הובאו בית יוספ ויאמרו על דבר הכספ השב באמתחתינו בתחלה אנחנו מובאימ להתגלל עלינו ולהתנפל עלינו ולקחת אתנו לעבדימ ואת חמרינו,25,ודחילו גבריא ארי אתעלו לבית יוסף ואמרו על עסק כספא דאתותב בטועננא בקדמיתא אנחנא מתעלין לאתרברבא עלנא ולאסתקפא עלנא ולמקני יתנא לעבדין ולמדבר ית חמרנא:,25,"ἰδόντες δὲ οἱ ἄνθρωποι ὅτι εἰσηνέχθησαν εἰς τὸν οἶκον Ἰωσὴφ εἶπαν Διὰ τὸ ἀργύριον τὸ ἀποστραφὲν ἐν τοῖς μαρσίπποις ἡμῶν τὴν ἀρχὴν ἡμεῖς εἰσαγόμεθα, τοῦ συκοφαντῆσαι ἡμᾶς καὶ ἐπιθέσθαι ἡμῖν, τοῦ λαβεῖν ἡμᾶς εἰς παῖδας καὶ τοὺς ὄνους ἡμῶν.",39,ܘܕܚܠܘ ܟܕ ܡܥܠܝܢ ܠܗܘܢ ܠܒܝܬ ܝܘܣܦ. ܘܐܡܪܘ ܡܛܠ ܟܣܦܐ ܕܗ̣ܦܟ ܒܛܥܢܝ̈ܢ ܒܩܕܡܝܬܐ. ܡܥܠܝܢ ܠܢ. ܠܡܬܪܘܪܒܘ ܥܠܝܢ ܘܠܡܬܢܟܠܘ ܥܠܝܢ. ܕܢܥܒܕܘܢܢ ܥܒ̈ܕܐ ܘܠܚܡܪܢ.,21,"Então os homens tiveram medo, por terem sido levados à casa de José; e diziam: por causa do dinheiro que da outra vez foi devolvido nos nossos sacos que somos trazidos aqui, para nos criminar e cair sobre nós, para que nos tome por servos, tanto a nós como a nossos jumentos.",52,True,True,True
43,19,Gênesis 43:19,וַֽיִּגְּשׁוּ֙ אֶל־ הָאִ֔ישׁ אֲשֶׁ֖ר עַל־ בֵּ֣ית יוֹסֵ֑ף וַיְדַבְּר֥וּ אֵלָ֖יו פֶּ֥תַח הַבָּֽיִת ׃,ויגשו אל האיש אשר על בית יוספ וידברו אליו פתח הבית,12,וקריבו לות גברא די ממנא על בית יוסף ומלילו עמיה בתרע ביתא:,12,προσελθόντες δὲ πρὸς τὸν ἄνθρωπον τὸν ἐπὶ τοῦ οἴκου Ἰωσὴφ ἐλάλησαν αὐτῷ ἐν τῷ πυλῶνι τοῦ οἴκου,17,ܘܩ̣ܪܒܘ ܠܘܬ ܓܒܪܐ ܪܒܝܬܗ ܕܝܘܣܦ. ܘܡܠܠܘ ܥܡܗ ܒܬܪܥܐ ܕܒܝܬܐ.,9,"Por isso eles se chegaram ao despenseiro da casa de José, e falaram com ele à porta da casa,",19,True,True,True
43,20,Gênesis 43:20,וַיֹּאמְר֖וּ בִּ֣י אֲדֹנִ֑י יָרֹ֥ד יָרַ֛דְנוּ בַּתְּחִלָּ֖ה לִשְׁבָּר־ אֹֽכֶל ׃,ויאמרו בי אדני ירד ירדנו בתחלה לשבר אכל,9,ואמרו בבעו רבוני מיחת נחתנא בקדמיתא למזבן עיבורא:,8,"λέγοντες Δεόμεθα, κύριε· κατέβημεν τὴν ἀρχὴν πρίασθαι βρώματα·",8,ܘܐܡܪܘ ܠܗ . ܒܥܝܢܢ ܡܪܢ. ܡܚܬ ܢܚܬܢ ܒܩܕܡܝܬܐ ܠܡܡܪ ܥܒܘܪܐ.,10,"e disseram: Ai! senhor meu, na verdade descemos dantes a comprar mantimento;",12,True,True,True
43,21,Gênesis 43:21,וַֽיְהִ֞י כִּי־ בָ֣אנוּ אֶל־ הַמָּל֗וֹן וַֽנִּפְתְּחָה֙ אֶת־ אַמְתְּחֹתֵ֔ינוּ וְהִנֵּ֤ה כֶֽסֶף־ אִישׁ֙ בְּפִ֣י אַמְתַּחְתּ֔וֹ כַּסְפֵּ֖נוּ בְּמִשְׁקָל֑וֹ וַנָּ֥שֶׁב אֹת֖וֹ בְּיָדֵֽנוּ ׃,ויהי כי באנו אל המלונ ונפתחה את אמתחתינו והנה כספ איש בפי אמתחתו כספנו במשקלו ונשב אתו בידנו,19,והוה כד אתינא לבית מבתא ופתחנא ית טועננא והא כסף גבר בפום טועניה כספנא במתקליה ואתיבנא יתיה בידנא:,18,"καὶ ἐγένετο ἡνίκα ἤλθομεν εἰς τὸ καταλῦσαι καὶ ἠνοίξαμεν τοὺς μαρσίππους ἡμῶν, καὶ τόδε τὸ ἀργύριον ἑκάστου ἐν τῷ μαρσίππῳ αὐτοῦ. τὸ ἀργύριον ἡμῶν ἐν σταθμῷ ἀπεστρέψαμεν νῦν ἐν τοῖς μαρσίπποις ἡμῶν,",32,ܘܟܕ ܐܙܠܢ ܠܒܝܬ ܒܘܬܐ ܦܬܚܢ ܛܥܢܝ̈ܢ. ܘܗܐ ܟܣܦܗ ܕܓܒܪܐ ܒܦܘܡ ܛܥܢܗ. ܟܣܦܢ ܒܡܬܩܠܗ ܐܗܦܟܢܝܗܝ ܒܐܝܕܢ.,15,"e quando chegamos à estalagem, abrimos os nossos sacos, e eis que o dinheiro de cada um estava na boca do seu saco, nosso dinheiro por seu peso; e tornamos a trazê-lo em nossas mãos;",35,True,True,True
43,22,Gênesis 43:22,וְכֶ֧סֶף אַחֵ֛ר הוֹרַ֥דְנוּ בְיָדֵ֖נוּ לִשְׁבָּר־ אֹ֑כֶל לֹ֣א יָדַ֔עְנוּ מִי־ שָׂ֥ם כַּסְפֵּ֖נוּ בְּאַמְתְּחֹתֵֽינוּ ׃,וכספ אחר הורדנו בידנו לשבר אכל לא ידענו מי שמ כספנו באמתחתינו,13,וכספא אחרנא אוחיתנא בידנא למזבן עיבורא לא ידענא מן שוי כספנא בטועננא:,12,καὶ ἀργύριον ἕτερον ἠνέγκαμεν μεθ᾽ ἑαυτῶν ἀγοράσαι βρώματα· οὐκ οἴδαμεν τίς ἐνέβαλεν τὸ ἀργύριον εἰς τοὺς μαρσίππους ἡμῶν.,18,ܘܟܣܦܐ ܐܚܪܢܐ ܐܚܬܢ ܒܐܝܕܢ ܠܡܡܪ ܥܒܘܪܐ. ܠܐ ܝܕܥܢ ܡܢܘ ܣܡ ܟܣܦܢ ܒܦܘܡ ܛܥܢܝ̈ܢ.,13,"também trouxemos outro dinheiro em nossas mãos, para comprar mantimento; não sabemos quem tenha posto o dinheiro em nossos sacos.",20,True,True,True
43,23,Gênesis 43:23,וַיֹּאמֶר֩ שָׁל֨וֹם לָכֶ֜ם אַל־ תִּירָ֗אוּ אֱלֹ֨הֵיכֶ֜ם וֵֽאלֹהֵ֤י אֲבִיכֶם֙ נָתַ֨ן לָכֶ֤ם מַטְמוֹן֙ בְּאַמְתְּחֹ֣תֵיכֶ֔ם כַּסְפְּכֶ֖ם בָּ֣א אֵלָ֑י וַיּוֹצֵ֥א אֲלֵהֶ֖ם אֶת־ שִׁמְעֽוֹן ׃,ויאמר שלומ לכמ אל תיראו אלהיכמ ואלהי אביכמ נתנ לכמ מטמונ באמתחתיכמ כספכמ בא אלי ויוצא אלהמ את שמעונ,20,ואמר שלם לכון לא תדחלון אלהכון ואלהא דאבוכון יהב לכון סימא בטועניכון כספכון אתא לותי ואפיק לותהון ית שמעון:,19,"εἶπεν δὲ αὐτοῖς ὁ ἄνθρωπος Ἵλεως ὑμῖν, μὴ φοβεῖσθε· ὁ θεὸς ὑμῶν καὶ ὁ θεὸς τῶν πατέρων ὑμῶν ἔδωκεν ὑμῖν θησαυροὺς ἐν τοῖς μαρσίπποις ὑμῶν· τὸ δὲ ἀργύριον ὑμῶν εὐδοκιμοῦν ἀπέχω. καὶ ἐξήγαγεν πρὸς αὐτοὺς Συμεών·",36,ܐܡܪ ܠܗܘܢ ܫ̣ܠܡ ܠܟܘܢ ܠܐ ܬܕܚܠܘܢ. ܐܠܗܟܘܢ ܐܠܗܐ ܕܐܒܘܟܘܢ ܣܡ ܠܟܘܢ ܣܝܡܬܐ ܒܛܥܢܝ̈ܟܘܢ. ܟܣܦܟܘܢ ܥܠ ܠܘܬܝ. ܘܐܦܩ ܠܘܬܗܘܢ ܠܫܡܥܘܢ.,19,"Respondeu ele: Paz seja convosco, não temais; o vosso Deus, e o Deus de vosso pai, deu-vos um tesouro nos vossos sacos; o vosso dinheiro chegou-me às mãos. E trouxe-lhes fora Simeão.",32,True,True,True
43,24,Gênesis 43:24,וַיָּבֵ֥א הָאִ֛ישׁ אֶת־ הָאֲנָשִׁ֖ים בֵּ֣יתָה יוֹסֵ֑ף וַיִּתֶּן־ מַ֨יִם֙ וַיִּרְחֲצ֣וּ רַגְלֵיהֶ֔ם וַיִּתֵּ֥ן מִסְפּ֖וֹא לַחֲמֹֽרֵיהֶֽם ׃,ויבא האיש את האנשימ ביתה יוספ ויתנ מימ וירחצו רגליהמ ויתנ מספוא לחמריהמ,14,ואעיל גברא ית גבריא לבית יוסף ויהב מיא ואסחו רגליהון ויהב כסתא לחמריהון:,13,"καὶ ἤνεγκεν ὕδωρ νίψαι τοὺς πόδας αὐτῶν, καὶ ἤνεγκεν χορτάσματα τοῖς ὄνοις αὐτῶν.",13,ܘܐܥܠ ܥܒ̣ܕܐ ܓܒܪ̈ܐ ܠܒܝܬ ܝܘܣܦ. ܘܝܗ̣ܒ ܡ̈ܝܐ ܘܐܫܝܓܘ ܪ̈ܓܠܝܗܘܢ. ܘܐܪܡܝ ܟܣܬܐ ܠܒܥܝܪܗܘܢ.,12,"Depois levou os homens à casa de José, e deu-lhes água, e eles lavaram os pés; também deu forragem aos seus jumentos.",22,True,True,True
43,25,Gênesis 43:25,וַיָּכִ֨ינוּ֙ אֶת־ הַמִּנְחָ֔ה עַד־ בּ֥וֹא יוֹסֵ֖ף בַּֽצָּהֳרָ֑יִם כִּ֣י שָֽׁמְע֔וּ כִּי־ שָׁ֖ם יֹ֥אכְלוּ לָֽחֶם ׃,ויכינו את המנחה עד בוא יוספ בצהרימ כי שמעו כי שמ יאכלו לחמ,14,ואתקינו ית תקרבתא עד דעל יוסף בשירותא ארי שמעו ארי תמן ייכלון לחמא:,13,ἡτοίμασαν δὲ τὰ δῶρα ἕως τοῦ ἐλθεῖν Ἰωσὴφ μεσημβρίᾳ· ἤκουσαν γὰρ ὅτι ἐκεῖ μέλλει ἀριστᾷν.,15,ܘܬ̇ܩܢܘ ܩܘܪܒܢܐ ܥܕ ܥܐܠ ܝܘܣܦ ܒܛܗܪܐ. ܡܛܠ ܕܫܡܥܘ ܕܬܡ̇ܢ ܐ̇ܟܠܝܢ ܠܚܡܐ.,11,Então eles prepararam o presente para quando José viesse ao meio-dia; porque tinham ouvido que ali haviam de comer.,19,True,True,True
43,26,Gênesis 43:26,וַיָּבֹ֤א יוֹסֵף֙ הַבַּ֔יְתָה וַיָּבִ֥יאּוּ ל֛וֹ אֶת־ הַמִּנְחָ֥ה אֲשֶׁר־ בְּיָדָ֖ם הַבָּ֑יְתָה וַיִּשְׁתַּחֲווּ־ ל֖וֹ אָֽרְצָה ׃,ויבא יוספ הביתה ויביאו לו את המנחה אשר בידמ הביתה וישתחוו לו ארצה,14,ועל יוסף לביתא ואיתיאו ליה ית תקרבתא די בידיהון לביתא וסגידו ליה לארעא:,13,"εἰσῆλθεν δὲ Ἰωσὴφ εἰς τὴν οἰκίαν, καὶ προσήνεγκαν αὐτῷ τὰ δῶρα ἃ εἶχον ἐν ταῖς χερσὶν αὐτῶν εἰς τὸν οἶκον, καὶ προσεκύνησαν αὐτῷ ἐπὶ πρόσωπον ἐπὶ τὴν γῆν.",28,ܘܥܠ ܝܘܣܦ ܠܒܝܬܐ. ܘܐܝܬܝܘ ܠܗ ܩܘܪܒܢܐ ܕܒܐ̈ܝܕܝܗܘܢ ܠܒܝܬܐ. ܘܣ̣ܓܕܘ ܠܗ ܥܠ ܐܪܥܐ.,12,"Quando José chegou em casa, trouxeram-lhe ali o presente que guardavam junto de si; e inclinaram-se a ele até a terra.",21,True,True,True
43,27,Gênesis 43:27,וַיִּשְׁאַ֤ל לָהֶם֙ לְשָׁל֔וֹם וַיֹּ֗אמֶר הֲשָׁל֛וֹם אֲבִיכֶ֥ם הַזָּקֵ֖ן אֲשֶׁ֣ר אֲמַרְתֶּ֑ם הַעוֹדֶ֖נּוּ חָֽי ׃,וישאל להמ לשלומ ויאמר השלומ אביכמ הזקנ אשר אמרתמ העודנו חי,12,ושאיל להון לשלם ואמר השלם אבוכון סבא די אמרתון העד כען קים:,12,ἠρώτησεν δὲ αὐτούς Πῶς ἔχετε; καὶ εἶπεν αὐτοῖς Εἰ ὑγιαίνει ὁ πατὴρ ὑμῶν ὁ πρεσβύτερος ὃν εἴπατε; ἔτι ζῇ;,19,ܘܫܐ̣ܠ ܒܫܠܡܗܘܢ ܘܐܡ̣ܪ ܠܗܘܢ . ܫܠ̣ܡ ܗ̣ܘ ܐܒܘܟܘܢ ܣܒܐ ܕܐܡܪܬܘܢ ܠܝ . ܥܕܟܝܠ ܚܝ ܗܘ.,15,"Então ele lhes perguntou como estavam; e prosseguiu: vosso pai, o ancião de quem falastes, está bem? ainda vive?",19,True,True,True
43,28,Gênesis 43:28,וַיֹּאמְר֗וּ שָׁל֛וֹם לְעַבְדְּךָ֥ לְאָבִ֖ינוּ עוֹדֶ֣נּוּ חָ֑י וַֽיִּקְּד֖וּ וישתחו ׃,ויאמרו שלומ לעבדכ לאבינו עודנו חי ויקדו וישתחו,9,ואמרו שלם לעבדך לאבונא עד כען קים וכרעו וסגידו:,9,"οἱ δὲ εἶπαν Ὑγιαίνει ὁ παῖς σου ὁ πατὴρ ἡμῶν, ἔτι ζῇ. καὶ εἶπεν Εὐλογητὸς ὁ ἄνθρωπος ἐκεῖνος τῷ θεῷ. καὶ κύψαντες προσεκύνησαν.",23,ܘܐܡܪܘ ܫܠܡ ܗܘ ܥܒܕܟ ܐܒܘܢ. ܘܐܡ̣ܪܘ ܠܗ ܥܕܟܝܠ ܚܝ ܗ̣ܘ. ܘܩܥܕܘ ܘܣܓܕܘ.,12,"Responderam eles: O teu servo, nosso pai, está bem; ele ainda vive. E abaixaram a cabeça, e inclinaram-se.",18,True,True,True
43,29,Gênesis 43:29,וַיִּשָּׂ֣א עֵינָ֗יו וַיַּ֞רְא אֶת־ בִּנְיָמִ֣ין אָחִיו֮ בֶּן־ אִמּוֹ֒ וַיֹּ֗אמֶר הֲזֶה֙ אֲחִיכֶ֣ם הַקָּטֹ֔ן אֲשֶׁ֥ר אֲמַרְתֶּ֖ם אֵלָ֑י וַיֹּאמַ֕ר אֱלֹהִ֥ים יָחְנְךָ֖ בְּנִֽי ׃,וישא עיניו וירא את בנימינ אחיו בנ אמו ויאמר הזה אחיכמ הקטנ אשר אמרתמ אלי ויאמר אלהימ יחנכ בני,20,וזקף עינוהי וחזא ית בנימין אחוהי בר אמיה ואמר הדין אחוכון זעירא די אמרתון לי ואמר מן קדם יי יתרחם עלך ברי:,22,"ἀναβλέψας δὲ τοῖς ὀφθαλμοῖς Ἰωσὴφ ἴδεν Βενιαμεὶν τὸν ἀδελφὸν αὐτοῦ τὸν ὁμομήτριον, καὶ εἶπεν αὐτοῖς Οὗτός ἐστιν ὁ ἀδελφὸς ὑμῶν ὁ νεώτερος, ὃν εἴπατε πρὸς μὲ ἀγαγεῖν; καὶ εἶπεν Ὁ θεὸς ἐλεήσαι σε, τέκνον.",34,ܘܐܪܝܡ ܥܝܢ̈ܘܗܝ ܘܚ̣ܙܐ ܠܒܢܝܡܝܢ ܐܚܘܗܝ ܒܪ ܐܡܗ ܘܐܡ̣ܪ ܠܗܘܢ . ܗܢܘ ܐܚܘܟܘܢ ܙܥܘܪܐ ܕܐܡܪܬܘܢ ܠܝ. ܘܐܡ̣ܪ ܐܠܗܐ ܢܪܚܡ ܥܠܝܟ ܒܪܝ.,20,"Levantando os olhos, José viu a Benjamim, seu irmão, filho de sua mãe, e perguntou: É este o vosso irmão mais novo de quem me falastes? E disse: Deus seja benévolo para contigo, meu filho.",35,True,True,True
43,30,Gênesis 43:30,וַיְמַהֵ֣ר יוֹסֵ֗ף כִּֽי־ נִכְמְר֤וּ רַחֲמָיו֙ אֶל־ אָחִ֔יו וַיְבַקֵּ֖שׁ לִבְכּ֑וֹת וַיָּבֹ֥א הַחַ֖דְרָה וַיֵּ֥בְךְּ שָֽׁמָּה ׃,וימהר יוספ כי נכמרו רחמיו אל אחיו ויבקש לבכות ויבא החדרה ויבכ שמה,14,ואוחי יוסף ארי אתגוללו רחמוהי על אחוהי ובעא למבכי ועל לאדרון בית משכבא ובכא תמן:,15,"ἐταράχθη δὲ Ἰωσήφ, συνεστρέφετο γὰρ τὰ ἔντερα αὐτοῦ ἐπὶ τῷ ἀδελφῷ αὐτοῦ, καὶ ἐζήτει κλαῦσαι· εἰσελθὼν δὲ εἰς τὸ ταμιεῖον ἔκλαυσεν ἐκεῖ.",22,ܘܐܣܬܪܗܒ ܝܘܣܦ ܡܛܠ ܕܓܠܘ ܪ̈ܚܡܘܗܝ ܥܠ ܐܚܘܗܝ. ܘܒܥ̣ܐ ܠܡܒܟܐ. ܘܥܠ ܠܬܘܢܐ ܘܒܟ̣ܐ ܬܡܢ.,13,"E José apressou-se, porque se lhe comoveram as entranhas por causa de seu irmão, e procurou onde chorar; e, entrando na sua câmara, chorou ali.",25,True,True,True
43,31,Gênesis 43:31,וַיִּרְחַ֥ץ פָּנָ֖יו וַיֵּצֵ֑א וַיִּ֨תְאַפַּ֔ק וַיֹּ֖אמֶר שִׂ֥ימוּ לָֽחֶם ׃,וירחצ פניו ויצא ויתאפק ויאמר שימו לחמ,8,ואסחי אפוהי ונפק ואתחסין ואמר שויאו לחמא:,7,"καὶ νιψάμενος τὸ πρόσωπον ἐξελθὼν ἐνεκρατεύσατο, καὶ εἶπεν Παράθετε ἄρτους.",10,ܘܐܫܝܓ ܐ̈ܦܘܗܝ ܘܢܦ̣ܩ ܘܚܡܣܢ. ܘܐܡ̣ܪ ܕܢܣܝܡܘܢ ܠܗܘܢ ܠܚܡܐ.,8,"Depois lavou o rosto, e saiu; e se conteve e disse: Servi a comida.",14,True,True,True
43,32,Gênesis 43:32,וַיָּשִׂ֥ימוּ ל֛וֹ לְבַדּ֖וֹ וְלָהֶ֣ם לְבַדָּ֑ם וְלַמִּצְרִ֞ים הָאֹכְלִ֤ים אִתּוֹ֙ לְבַדָּ֔ם כִּי֩ לֹ֨א יוּכְל֜וּן הַמִּצְרִ֗ים לֶאֱכֹ֤ל אֶת־ הָֽעִבְרִים֙ לֶ֔חֶם כִּי־ תוֹעֵבָ֥ה הִ֖וא לְמִצְרָֽיִם ׃,וישימו לו לבדו ולהמ לבדמ ולמצרימ האכלימ אתו לבדמ כי לא יוכלונ המצרימ לאכל את העברימ לחמ כי תועבה הוא למצרימ,22,ושויאו ליה בלחודוהי ולהון בלחודיהון ולמצראי דאכלין עמיה בלחודיהון ארי לא יכלין מצראי למיכל עם עבראי לחמא ארי בעירא דמצראי דחלין ליה עבראי אכלין:,24,"καὶ παρέθηκαν αὐτῷ μόνῳ, καὶ αὐτοῖς καθ᾽ ἑαυτούς, καὶ τοῖς Αἰγυπτίοις τοῖς συνδειπνοῦσιν μετ᾽ αὐτοῦ καθ᾽ ἑαυτούς· οὐ γὰρ ἐδύναντο οἱ Αἰγύπτιοι συνεσθίειν μετὰ τῶν Ἐβραίων ἄρτους, βδέλυγμα γάρ ἐστιν τοῖς Αἰγυπτίοις πᾶς ποιμὴν προβάτων.",35,ܘܣܡܘ ܠܗ ܒܠܚܘܕܘܗܝ ܘܠܗܘܢ ܒܠܚܘܕܝܗܘܢ. ܘܠܡܨܪ̈ܝܐ ܕܐܟܠܝܢ ܥܡܗ ܒܠܚܘܕܝܗܘܢ. ܡܛܠ ܕܠܐ ܡܫܟܚܝܢ ܡܨܪ̈ܝܐ ܠܡܐܟܠ ܠܚܡܐ ܥܡ ܥܒܪ̈ܝܐ. ܡܛܠ ܕܛܡܐܘܬܐ ܗܝ ܠܡܨܪ̈ܝܐ.,21,"Serviram-lhe, pois, a ele à parte, e a eles também à parte, e à parte aos egípcios que comiam com ele; porque os egípcios não podiam comer com os hebreus, porquanto é isso abominação aos egípcios.",36,True,True,True
43,33,Gênesis 43:33,וַיֵּשְׁב֣וּ לְפָנָ֔יו הַבְּכֹר֙ כִּבְכֹ֣רָת֔וֹ וְהַצָּעִ֖יר כִּצְעִרָת֑וֹ וַיִּתְמְה֥וּ הָאֲנָשִׁ֖ים אִ֥ישׁ אֶל־ רֵעֵֽהוּ ׃,וישבו לפניו הבכר כבכרתו והצעיר כצערתו ויתמהו האנשימ איש אל רעהו,12,ואסחרו קדמוהי רבא כרביותיה וזעירא כזערותיה ותמהו גבריא גבר לחבריה:,10,"ἐκάθισαν δὲ ἐναντίον αὐτοῦ, ὁ πρωτότοκος κατὰ τὰ πρεσβεῖα αὐτοῦ καὶ ὁ νεώτερος κατὰ τὴν νεότητα αὐτοῦ· ἐξίσταντο δὲ οἱ ἄνθρωποι ἕκαστος πρὸς τὸν ἀδελφὸν αὐτοῦ.",26,ܘܐܣܬܡܟܘ ܩܕܡܘܗܝ. ܩܫܝܫܐ ܐܝܟ ܩܫܝܫܘܬܗ. ܘܙܥܘܪܐ ܐܝܟ ܙܥܘܪܘܬܗ. ܘܬܡܗܘ ܓܒܪ̈ܐ ܓܒܪ ܒܚܒܪܗ.,12,"Sentaram-se diante dele, o primogênito segundo a sua primogenitura, e o menor segundo a sua menoridade; do que os homens se maravilhavam entre si.",24,True,True,True
43,34,Gênesis 43:34,וַיִּשָּׂ֨א מַשְׂאֹ֜ת מֵאֵ֣ת פָּנָיו֮ אֲלֵהֶם֒ וַתֵּ֜רֶב מַשְׂאַ֧ת בִּנְיָמִ֛ן מִמַּשְׂאֹ֥ת כֻּלָּ֖ם חָמֵ֣שׁ יָד֑וֹת וַיִּשְׁתּ֥וּ וַֽיִּשְׁכְּר֖וּ עִמּֽוֹ ׃,וישא משאת מאת פניו אלהמ ותרב משאת בנימנ ממשאת כלמ חמש ידות וישתו וישכרו עמו,16,ונטל חלקין מן קדמוהי לקדמיהון וסגי חלקא דבנימן מחלקי דכלהון חמשא חלקין ושתיאו ורויאו עמיה:,15,ἦραν δὲ μερίδα παρ᾽ αὐτοῦ πρὸς αὐτούς· ἐμεγαλύνθη δὲ ἡ μερὶς Βενιαμεὶν παρὰ τὰς μερίδας πάντων πενταπλασίως πρὸς τὰς ἐκείνων. ἔπιον δὲ καὶ ἐμεθύσθησαν μετ᾽ αὐτοῦ.,26,ܘܫܩܠܘ ܠܗܘܢ ܫܩ̈ܠܐ ܡܢ ܩܕܡܘܗܝ. ܘܣܓܝ ܫܩܠܗ ܕܒܢܝܡܝܢ ܡܢ ܫܩ̈ܠܐ ܕܟܠܗܘܢ ܚܡܫ ܡ̈ܢܘܢ . ܘܐܫܬܝܘ ܘܪܘܝܘ ܥܡܗ.,17,"Então ele lhes apresentou as porções que estavam diante dele; mas a porção de Benjamim era cinco vezes maior do que a de qualquer deles. E eles beberam, e se regalaram com ele.",33,True,True,True
44,1,Gênesis 44:1,וַיְצַ֞ו אֶת־ אֲשֶׁ֣ר עַל־ בֵּיתוֹ֮ לֵאמֹר֒ מַלֵּ֞א אֶת־ אַמְתְּחֹ֤ת הָֽאֲנָשִׁים֙ אֹ֔כֶל כַּאֲשֶׁ֥ר יוּכְל֖וּן שְׂאֵ֑ת וְשִׂ֥ים כֶּֽסֶף־ אִ֖ישׁ בְּפִ֥י אַמְתַּחְתּֽוֹ ׃,ויצו את אשר על ביתו לאמר מלא את אמתחת האנשימ אכל כאשר יוכלונ שאת ושימ כספ איש בפי אמתחתו,20,ופקיד ית די ממנא על ביתיה למימר מלי ית טועני גבריא עיבורא כמה די יכלין למטלי ושוי כסף גבר בפום טועניה:,21,"Καὶ ἐνετείλατο Ἰωσὴφ τῷ ὄντι ἐπὶ τῆς οἰκίας αὐτοῦ λέγων Πλήσατε τοὺς μαρσίππους τῶν ἀνθρώπων βρωμάτων ὅσα ἐὰν δύνωνται ἆραι, καὶ ἐμβάλατε ἑκάστου τὸ ἀργύριον ἐπὶ τοῦ στόματος τοῦ μαρσίππου αὐτοῦ·",31,ܘܦܩ̇ܕ ܠܪܒ ܒܝܬܗ ܘܐܡ̣ܪ. ܡܠ̣ܝ ܛܥܢܝ̈ܗܘܢ ܕܓܒܪ̈ܐ ܥܒܘܪܐ ܟܡܐ ܕܡܫܟܚܝܢ ܠܡܫܩܠ. ܘܣܝܡ ܟܣܦܗ ܕܓܒܪܐ ܒܦܘܡ ܛܥܢܗ.,16,"Depois José deu ordem ao despenseiro de sua casa, dizendo: Enche de mantimento os sacos dos homens, quanto puderem levar, e põe o dinheiro de cada um na boca do seu saco.",32,True,True,True
44,2,Gênesis 44:2,וְאֶת־ גְּבִיעִ֞י גְּבִ֣יעַ הַכֶּ֗סֶף תָּשִׂים֙ בְּפִי֙ אַמְתַּ֣חַת הַקָּטֹ֔ן וְאֵ֖ת כֶּ֣סֶף שִׁבְר֑וֹ וַיַּ֕עַשׂ כִּדְבַ֥ר יוֹסֵ֖ף אֲשֶׁ֥ר דִּבֵּֽר ׃,ואת גביעי גביע הכספ תשימ בפי אמתחת הקטנ ואת כספ שברו ויעש כדבר יוספ אשר דבר,17,וית קלידי קלידא דכספא תשוי בפום טוענא דזעירא וית כסף זבינוהי ועבד כפתגמא דיוסף די מליל:,16,"καὶ τὸ κόνδυ μου τὸ ἀργυροῦν ἐμβάλατε εἰς τὸν μάρσιππον τοῦ νεωτέρου, καὶ τὴν τιμὴν τοῦ σίτου αὐτοῦ. ἐγενήθη δὲ κατὰ τὸ ῥῆμα Ἰωσὴφ καθὼς εἶπεν.",26,ܘܣܒ ܐܣܩܦܐ ܕܝܠܝ ܕܣܐܡܐ . ܘܣܝܡ ܒܦܘܡ ܛܥܢܗ ܕܙܥܘܪܐ ܘܟܣܦ ܡܝܪܗ . ܘܥܒ̣ܕ ܥܒ̣ܕܐ ܐܝܟ ܡܠܬܗ ܕܝܘܣܦ .,18,"E a minha taça de prata porás na boca do saco do mais novo, com o dinheiro do seu trigo. Assim fez ele conforme a palavra que José havia dito.",30,True,True,True
44,3,Gênesis 44:3,הַבֹּ֖קֶר א֑וֹר וְהָאֲנָשִׁ֣ים שֻׁלְּח֔וּ הֵ֖מָּה וַחֲמֹרֵיהֶֽם ׃,הבקר אור והאנשימ שלחו המה וחמריהמ,7,צפרא נהר וגבריא אתפטרו אנון וחמריהון:,6,"τὸ πρωὶ διέφαυσεν καὶ οἱ ἄνθρωποι ἀπεστάλησαν, αὐτοὶ καὶ οἱ ὄνοι αὐτῶν.",12,ܘܟܕ ܗܘ̣ܐ ܫܦܪܐ . ܐܫܬܪܝܘ ܓܒܪ̈ܐ ܠܡܐܙܠ ܗ̣ܢܘܢ ܘܚܡܪܗܘܢ .,10,"Logo que veio a luz da manhã, foram despedidos os homens, eles com os seus jumentos.",16,True,True,True
44,4,Gênesis 44:4,הֵ֠ם יָֽצְא֣וּ אֶת־ הָעִיר֮ לֹ֣א הִרְחִיקוּ֒ וְיוֹסֵ֤ף אָמַר֙ לַֽאֲשֶׁ֣ר עַל־ בֵּית֔וֹ ק֥וּם רְדֹ֖ף אַחֲרֵ֣י הָֽאֲנָשִׁ֑ים וְהִשַּׂגְתָּם֙ וְאָמַרְתָּ֣ אֲלֵהֶ֔ם לָ֛מָּה שִׁלַּמְתֶּ֥ם רָעָ֖ה תַּ֥חַת טוֹבָֽה ׃,המ יצאו את העיר לא הרחיקו ויוספ אמר לאשר על ביתו קומ רדפ אחרי האנשימ והשגתמ ואמרת אלהמ למה שלמתמ רעה תחת טובה,24,אנון נפקו מן קרתא לא ארחיקו ויוסף אמר לדי ממנא על ביתיה קום רדף בתר גבריא ותדבקנון ותימר להון למה אשלמתון בישא חלף טבתא:,24,"ἐξελθόντων δὲ αὐτῶν τὴν πόλιν οὐκ ἀπέσχον μακράν, καὶ Ἰωσὴφ εἶπεν τῷ ἐπὶ τῆς οἰκίας αὐτοῦ λέγων Ἀναστὰς ἐπιδίωξον ὀπίσω τῶν ἀνθρώπων, καὶ καταλήμψῃ αὐτοὺς καὶ ἐρεῖς αὐτοῖς Τί ὅτι ἀνταπεδώκατέ μοι πονηρὰ ἀντὶ καλῶν; ἵνα τί ἐκλέψατέ μου τὸ κόνδυ τὸ ἀργυροῦν;",43,ܗ̣ܢܘܢ ܢܦܩܘ ܡܢ ܩܪܝܬܐ ܘܠܐ ܐܪܚܩܘ. ܘܝܘܣܦ ܐܡ̣ܪ ܠܪܒܝܬܗ. ܩܘܡ ܪܕܘܦ ܒܬܪ ܓܒܪ̈ܐ ܘܐܕܪܟ ܐܢܘܢ. ܘܐܡ̣ܪ ܠܗܘܢ. ܠܡܢܐ ܦܪܥܬܘܢ ܒܝܫܬܐ ܚܠܦ ܛܒܬܐ.,22,"Havendo eles saído da cidade, mas não se tendo distanciado muito, disse José ao seu despenseiro: Levanta-te e segue os homens; e, alcançando-os, dize-lhes: Por que tornastes o mal pelo bem?",31,True,True,True
44,5,Gênesis 44:5,הֲל֣וֹא זֶ֗ה אֲשֶׁ֨ר יִשְׁתֶּ֤ה אֲדֹנִי֙ בּ֔וֹ וְה֕וּא נַחֵ֥שׁ יְנַחֵ֖שׁ בּ֑וֹ הֲרֵעֹתֶ֖ם אֲשֶׁ֥ר עֲשִׂיתֶֽם ׃,הלוא זה אשר ישתה אדני בו והוא נחש ינחש בו הרעתמ אשר עשיתמ,14,הלא דין דשתי רבוני ביה והוא בדקא מבדק ביה אבאשתון די עבדתון:,12,οὐ τοῦτό ἐστιν ἐν ᾧ πίνει ὁ κύριός μου; αὐτὸς δὲ οἰωνισμῷ οἰωνίζεται ἐν αὐτῷ· πονηρὰ συντετέλεσθε ἃ πεποιήκατε.,19,ܗܢܐ ܐܣܩܦܐ ܕܫ̇ܬܐ ܒܗ ܡܪܝ. ܘܐܦ ܡ̇ܢܚܫܘ ܡ̇ܢܚܫ ܒܗ. ܐܒܐܫܬܘܢ ܒܡܕܡ ܕܥܒܕܬܘܢ.,12,"Não é esta a taça por que bebe meu senhor, e de que se serve para adivinhar? Fizestes mal no que fizestes.",22,True,True,True
44,6,Gênesis 44:6,וַֽיַּשִּׂגֵ֑ם וַיְדַבֵּ֣ר אֲלֵהֶ֔ם אֶת־ הַדְּבָרִ֖ים הָאֵֽלֶּה ׃,וישגמ וידבר אלהמ את הדברימ האלה,7,ואדביקנון ומליל עמהון ית פתגמיא האלין:,6,εὑρὼν δὲ αὐτοὺς εἶπεν αὐτοῖς κατὰ τὰ ῥήματα ταῦτα.,9,ܘܐܕܪܟ ܐܢܘܢ ܘܐܡ̣ܪ ܠܗܘܢ ܐܝܟ ܡ̈ܠܐ ܗܠܝܢ.,7,"Então ele, tendo-os alcançado, lhes falou essas mesmas palavras.",9,True,True,True
44,7,Gênesis 44:7,וַיֹּאמְר֣וּ אֵלָ֔יו לָ֚מָּה יְדַבֵּ֣ר אֲדֹנִ֔י כַּדְּבָרִ֖ים הָאֵ֑לֶּה חָלִ֨ילָה֙ לַעֲבָדֶ֔יךָ מֵעֲשׂ֖וֹת כַּדָּבָ֥ר הַזֶּֽה ׃,ויאמרו אליו למה ידבר אדני כדברימ האלה חלילה לעבדיכ מעשות כדבר הזה,13,ואמרו ליה למה ימלל רבוני כפתגמיא האלין חס לעבדיך מלמעבד כפתגמא הדין:,12,οἱ δὲ εἶπον αὐτῷ Ἵνα τί λαλεῖ ὁ κύριος κατὰ τὰ ῥήματα ταῦτα; μὴ γένοιτο τοῖς παισίν σου ποιῆσαι τὸ ῥῆμα τοῦτο.,22,ܐܡܪܝܢ ܠܗ . ܠܐ ܢܐܡܪ ܡܪܢ ܡ̈ܠܐ ܗܠܝܢ. ܚܣ ܠܥܒ̈ܕܝܟ ܠܡܥܒܕ ܦܬܓܡܐ ܗܢܐ .,14,Responderam-lhe eles: Por que falo meu senhor tais palavras? Longe estejam teus servos de fazerem semelhante coisa.,17,True,True,True
44,8,Gênesis 44:8,הֵ֣ן כֶּ֗סֶף אֲשֶׁ֤ר מָצָ֨אנוּ֙ בְּפִ֣י אַמְתְּחֹתֵ֔ינוּ הֱשִׁיבֹ֥נוּ אֵלֶ֖יךָ מֵאֶ֣רֶץ כְּנָ֑עַן וְאֵ֗יךְ נִגְנֹב֙ מִבֵּ֣ית אֲדֹנֶ֔יךָ כֶּ֖סֶף א֥וֹ זָהָֽב ׃,הנ כספ אשר מצאנו בפי אמתחתינו השיבנו אליכ מארצ כנענ ואיכ נגנב מבית אדניכ כספ או זהב,18,הא כספא די אשכחנא בפום טועננא אתיבנוהי לך מארעא דכנען ואכדין נגנוב מבית רבונך כספא או דהבא :,18,"εἰ τὸ μὲν ἀργύριον ὃ εὕραμεν ἐν τοῖς μαρσίπποις ἡμῶν ἀπεστρέψαμεν πρὸς σὲ ἐκ γῆς Χανάαν, πῶς ἂν κλέψαιμεν ἐκ τοῦ οἴκου τοῦ κυρίου σου ἀργύριον ἢ χρυσίον;",28,ܗܐ ܟܣܦܐ ܕܐܫܟܚܢ ܒܦܘܡ ܛܥܢܝ̈ܢ. ܐܗܦܟܢܝܗܝ ܡܢ ܐܪܥܐ ܕܟܢܥܢ. ܐܝܟܢܐ ܓܢܒܝܢ ܗܘܝܢ ܡܢ ܒܝܬ ܡܪܟ ܕܗܒܐ ܐܘ ܣܐܡܐ .,19,"Eis que o dinheiro, que achamos nas bocas dos nossos sacos, to tornamos a trazer desde a terra de Canaã; como, pois, furtaríamos da casa do teu senhor prata ou ouro?",31,True,True,True
44,9,Gênesis 44:9,אֲשֶׁ֨ר יִמָּצֵ֥א אִתּ֛וֹ מֵעֲבָדֶ֖יךָ וָמֵ֑ת וְגַם־ אֲנַ֕חְנוּ נִֽהְיֶ֥ה לַֽאדֹנִ֖י לַעֲבָדִֽים ׃,אשר ימצא אתו מעבדיכ ומת וגמ אנחנו נהיה לאדני לעבדימ,11,די ישתכח עמיה מעבדיך ומית ואף אנחנא נהי לרבוני לעבדין:,10,"παρ᾽ ᾧ ἂν εὑρεθῇ τὸ κόνδυ τῶν παίδων σου, ἀποθνησκέτω· καὶ ἡμεῖς δὲ ἐσόμεθα παῖδες τῷ κυρίῳ ἡμῶν.",18,ܡ̇ܢ ܕܢܫܬܟܚ ܠܘܬܗ ܡܢ ܥܒ̈ܕܝܟ ܢܡܘܬ. ܘܚܢܢ ܢܗܘܐ ܥܒ̣̈ܕܐ ܠܡܪܢ.,10,"Aquele dos teus servos com quem a taça for encontrada, morra; e ainda nós seremos escravos do meu senhor.",19,True,True,True
44,10,Gênesis 44:10,וַיֹּ֕אמֶר גַּם־ עַתָּ֥ה כְדִבְרֵיכֶ֖ם כֶּן־ ה֑וּא אֲשֶׁ֨ר יִמָּצֵ֤א אִתּוֹ֙ יִהְיֶה־ לִּ֣י עָ֔בֶד וְאַתֶּ֖ם תִּהְי֥וּ נְקִיִּֽם ׃,ויאמר גמ עתה כדבריכמ כנ הוא אשר ימצא אתו יהיה לי עבד ואתמ תהיו נקימ,16,ואמר אף כען כפתגמיכון כן הוא די ישתכח עמיה יהי לי עבדא ואתון תהון זכאין:,15,"ὁ δὲ εἶπεν Καὶ νῦν ὡς λέγετε, οὕτως ἔσται· ὁ ἄνθρωπος παρ᾽ ᾧ ἂν εὑρεθῇ τὸ κόνδυ, αὐτὸς ἔσται μου παῖς, ὑμεῖς δὲ ἔσεσθε καθαροί.",25,ܐܡ̇ܪ ܠܗܘܢ . ܐܦ ܗܫܐ ܐܝܟ ܡܠܬܟܘܢ ܗܟܢܐ . ܡ̇ܢ ܕܢܫܬܟܚ ܠܘܬܗ. ܗ̣ܘ ܢܗܘܐ ܠܝ ܥܒ̣ܕܐ. ܘܐܢܬܘܢ ܬܗܘܘܢ ܙܟܝ̈ܝܢ.,19,Ao que disse ele: Seja conforme as vossas palavras; aquele com quem a taça for encontrada será meu escravo; mas vós sereis inocentes.,23,True,True,True
44,11,Gênesis 44:11,וַֽיְמַהֲר֗וּ וַיּוֹרִ֛דוּ אִ֥ישׁ אֶת־ אַמְתַּחְתּ֖וֹ אָ֑רְצָה וַֽיִּפְתְּח֖וּ אִ֥ישׁ אַמְתַּחְתּֽוֹ ׃,וימהרו ויורדו איש את אמתחתו ארצה ויפתחו איש אמתחתו,10,ואוחיאו ונחיתו גבר ית טועניה לארעא ופתחו גבר טועניה:,9,"καὶ ἔσπευσαν καὶ καθεῖλαν ἕκαστος τὸν μάρσιππον αὐτοῦ ἐπὶ τὴν γῆν, καὶ ἤνοιξεν ἕκαστος τὸν μάρσιππον αὐτοῦ.",17,ܘܐܣܬܪܗܒܘ ܘܐܚܬܘ ܓܒܪ ܛܥܢܗ ܥܠ ܐܪܥܐ. ܘܦܬܚܘ ܓܒܪ ܛܥܢܗ .,10,"Então eles se apressaram cada um a pôr em terra o seu saco, e cada um a abri-lo.",18,True,True,True
44,12,Gênesis 44:12,וַיְחַפֵּ֕שׂ בַּגָּד֣וֹל הֵחֵ֔ל וּבַקָּטֹ֖ן כִּלָּ֑ה וַיִּמָּצֵא֙ הַגָּבִ֔יעַ בְּאַמְתַּ֖חַת בִּנְיָמִֽן ׃,ויחפש בגדול החל ובקטנ כלה וימצא הגביע באמתחת בנימנ,10,ובלש ברבא שרי ובזעירא שצי ואשתכח קלידא בטוענא דבנימן:,9,"ἠρεύνα δὲ ἀπὸ τοῦ πρεσβυτέρου ἀρξάμενος ἕως ἦλθεν ἐπὶ τὸν νεώτερον, καὶ εὗρεν τὸ κόνδυ ἐν τῷ μαρσίππῳ τῷ Βενιαμείν.",20,ܘܒܨܘ ܡܢ ܪܒܐ ܫ̇ܪܝ ܘܒܙܥܘܪܐ ܫ̇ܠܡ. ܘܐܫܬܟܚ ܐܣܩܦܐ ܒܛܥܢܗ ܕܒܢܝܡܝܢ.,10,"E o despenseiro buscou, começando pelo maior, e acabando pelo mais novo; e achou-se a taça no saco de Benjamim.",20,True,True,True
44,13,Gênesis 44:13,וַֽיִּקְרְע֖וּ שִׂמְלֹתָ֑ם וַֽיַּעֲמֹס֙ אִ֣ישׁ עַל־ חֲמֹר֔וֹ וַיָּשֻׁ֖בוּ הָעִֽירָה ׃,ויקרעו שמלתמ ויעמס איש על חמרו וישבו העירה,9,ובזעו לבושיהון ורמו גבר על חמריה ותבו לקרתא:,8,"καὶ διέρρηξαν τὰ ἱμάτια αὐτῶν, καὶ ἐπέθηκαν ἕκαστος τὸν μάρσιππον αὐτοῦ ἐπὶ τὸν ὄνον αὐτοῦ, καὶ ἐπέστρεψαν εἰς τὴν πόλιν.",20,ܘܨܪܝܘ ܠܒ̈ܘܫܝܗܘܢ. ܘܫܩܠܘ ܓܒܪ ܥܠ ܚܡܪܗ ܘܗܦܟܘ ܠܩܪܝܬܐ.,8,"Então rasgaram os seus vestidos e, tendo cada um carregado o seu jumento, voltaram à cidade.",16,True,True,True
44,14,Gênesis 44:14,וַיָּבֹ֨א יְהוּדָ֤ה וְאֶחָיו֙ בֵּ֣יתָה יוֹסֵ֔ף וְה֖וּא עוֹדֶ֣נּוּ שָׁ֑ם וַיִּפְּל֥וּ לְפָנָ֖יו אָֽרְצָה ׃,ויבא יהודה ואחיו ביתה יוספ והוא עודנו שמ ויפלו לפניו ארצה,12,ועל יהודה ואחוהי לבית יוסף והוא עד כען תמן ונפלו קדמוהי לארעא:,12,"εἰσῆλθεν δὲ Ἰούδας καὶ οἱ ἀδελφοὶ αὐτοῦ πρὸς Ἰωσήφ, ἔτι αὐτοῦ ὄντος ἐκεῖ· καὶ ἔπεσον ἐναντίον αὐτοῦ ἐπὶ τὴν γῆν.",20,ܘܥܠ ܝܗܘܕܐ ܘܐ̈ܚܘܗܝ ܠܘܬ ܝܘܣܦ. ܘܗ̣ܘ ܥܕܟܝܠ ܬܡܢ. ܘܢܦܠ̣ܘ ܩܕܡܘܗܝ ܥܠ ܐܪܥܐ.,12,"E veio Judá com seus irmãos à casa de José, pois ele ainda estava ali; e prostraram-se em terra diante dele.",21,True,True,True
44,15,Gênesis 44:15,וַיֹּ֤אמֶר לָהֶם֙ יוֹסֵ֔ף מָֽה־ הַמַּעֲשֶׂ֥ה הַזֶּ֖ה אֲשֶׁ֣ר עֲשִׂיתֶ֑ם הֲל֣וֹא יְדַעְתֶּ֔ם כִּֽי־ נַחֵ֧שׁ יְנַחֵ֛שׁ אִ֖ישׁ אֲשֶׁ֥ר כָּמֹֽנִי ׃,ויאמר להמ יוספ מה המעשה הזה אשר עשיתמ הלוא ידעתמ כי נחש ינחש איש אשר כמני,17,ואמר להון יוסף מה עובדא הדין די עבדתון הלא ידעתון ארי בדקא מבדק גברא די כותי:,16,εἶπεν δὲ αὐτοῖς Ἰωσήφ Τί τὸ πρᾶγμα τοῦτο ἐποιήσατε; οὐκ οἴδατε ὅτι οἰωνισμῷ οἰωνιεῖται ἄνθρωπος οἷος ἐγώ;,17,ܐܡ̇ܪ ܠܗܘܢ ܝܘܣܦ. ܡ̇ܢܘ ܥܒ̇ܕܐ ܗܢܐ ܕܥܒܕܬܘܢ. ܠܐ ܝܕܥܝܢ ܐܢܬܘܢ ܕܡ̇ܢܚܫܘ ܡ̇ܢܚܫ ܓܒܪܐ ܕܐܟܘܬܝ.,14,"Logo lhes perguntou José: Que ação é esta que praticastes? não sabeis vós que um homem como eu pode, muito bem, adivinhar?",22,True,True,True
44,16,Gênesis 44:16,וַיֹּ֣אמֶר יְהוּדָ֗ה מַה־ נֹּאמַר֙ לַֽאדֹנִ֔י מַה־ נְּדַבֵּ֖ר וּמַה־ נִּצְטַדָּ֑ק הָאֱלֹהִ֗ים מָצָא֙ אֶת־ עֲוֺ֣ן עֲבָדֶ֔יךָ הִנֶּנּ֤וּ עֲבָדִים֙ לַֽאדֹנִ֔י גַּם־ אֲנַ֕חְנוּ גַּ֛ם אֲשֶׁר־ נִמְצָ֥א הַגָּבִ֖יעַ בְּיָדֽוֹ ׃,ויאמר יהודה מה נאמר לאדני מה נדבר ומה נצטדק האלהימ מצא את עונ עבדיכ הננו עבדימ לאדני גמ אנחנו גמ אשר נמצא הגביע בידו,25,ואמר יהודה מה נימר לרבוני מה נמלל ומה נזכי מן קדם יי אשתכח ית חובא בעבדיך הא אנחנא עבדין לרבוני אף אנחנא אף דאשתכח קלידא בידיה:,26,"εἶπεν δὲ Ἰούδας Τί ἀντεροῦμεν τῷ κυρίῳ ἢ τί λαλήσωμεν ἢ τί δικαιωθῶμεν; ὁ δὲ θεὸς εὗρεν τὴν ἀδικίαν τῶν παίδων σου· ἰδού ἐσμεν οἰκέται τῷ κυρίῳ ἡμῶν, καὶ ἡμεῖς καὶ παρ᾽ ᾧ εὑρέθη τὸ κόνδυ.",36,ܘܐܡ̣ܪ ܝܗܘܕܐ. ܡܢܐ ܢܐܡܪ ܠܡܪܝ ܘܡܢܐ ܢܡܠܠ ܘܒܡܢܐ ܢܙܟ̣ܐ. ܡܢ ܩܕܡ ܐܠܗܐ ܐܫܬܟܚ ܚܛܗܐ ܠܥܒ̣̈ܕܝܟ. ܗܐ ܚܢܢ ܥܒ̣̈ܕܐ ܠܡܪܝ. ܐܦ ܚܢܢ ܐܦ ܡ̇ܢ ܕܐܫܬܟܚ ܐܣܩܦܐ ܒܐܝܕܗ .,27,"Respondeu Judá: Que diremos a meu senhor? que falaremos? e como nos justificaremos? Descobriu Deus a iniqüidade de teus servos; eis que somos escravos de meu senhor, tanto nós como aquele em cuja mão foi achada a taça.",38,True,True,True
44,17,Gênesis 44:17,וַיֹּ֕אמֶר חָלִ֣ילָה לִּ֔י מֵעֲשׂ֖וֹת זֹ֑את הָאִ֡ישׁ אֲשֶׁר֩ נִמְצָ֨א הַגָּבִ֜יעַ בְּיָד֗וֹ ה֚וּא יִהְיֶה־ לִּ֣י עָ֔בֶד וְאַתֶּ֕ם עֲל֥וּ לְשָׁל֖וֹם אֶל־ אֲבִיכֶֽם ׃ פ,ויאמר חלילה לי מעשות זאת האיש אשר נמצא הגביע בידו הוא יהיה לי עבד ואתמ עלו לשלומ אל אביכמ פ,21,ואמר חס לי מלמעבד דא גברא די ישתכח קלידא בידיה הוא יהי לי עבדא ואתון סקו לשלם לות אבוכון:,19,"εἶπεν δὲ Ἰωσήφ Μή μοι γένοιτο ποιῆσαι τὸ ῥῆμα τοῦτο· ὁ ἄνθρωπος παρ᾽ ᾧ εὑρέθη τὸ κόνδυ, αὐτὸς ἔσται μου παῖς· ὑμεῖς δὲ ἀνάβητε μετὰ σωτηρίας πρὸς τὸν πατέρα ὑμῶν.",30,ܐܡ̇ܪ ܠܗܘܢ . ܚܣ ܠܝ ܕܐܥܒܕ ܗܕܐ. ܓܒܪܐ ܕܐܫܬܟܚ ܐܣܩܦܐ ܠܘܬܗ ܗ̣ܘ ܢܗܘܐ ܠܝ ܥܒ̣ܕܐ. ܘܐܢܬܘܢ ܣܩܘ ܒܫܠܡܐ ܠܘܬ ܐܒܘܟܘܢ.,20,"Disse José: Longe esteja eu de fazer isto; o homem em cuja mão a taça foi achada, aquele será meu servo; porém, quanto a vós, subi em paz para vosso pai.",31,True,True,True
44,18,Gênesis 44:18,וַיִּגַּ֨שׁ אֵלָ֜יו יְהוּדָ֗ה וַיֹּאמֶר֮ בִּ֣י אֲדֹנִי֒ יְדַבֶּר־ נָ֨א עַבְדְּךָ֤ דָבָר֙ בְּאָזְנֵ֣י אֲדֹנִ֔י וְאַל־ יִ֥חַר אַפְּךָ֖ בְּעַבְדֶּ֑ךָ כִּ֥י כָמ֖וֹךָ כְּפַרְעֹֽה ׃,ויגש אליו יהודה ויאמר בי אדני ידבר נא עבדכ דבר באזני אדני ואל יחר אפכ בעבדכ כי כמוכ כפרעה,20,וקרב לותיה יהודה ואמר בבעו רבוני ימלל כען עבדך פתגמא קדם רבוני ולא יתקף רוגזך בעבדך ארי כפרעה כן את:,20,"Ἐγγίσας δὲ αὐτῷ Ἰούδας εἶπεν Δέομαι, κύριε· λαλησάτω ὁ παῖς σου ῥῆμα ἐναντίον σου, καὶ μὴ θυμωθῇς τῷ παιδί σου, ὅτι σὺ εἶ μετὰ Φαραώ.",25,ܘܩ̣ܪܒ ܠܘܬܗ ܝܗܘܕܐ ܘܐܡ̣ܪ. ܒܥ̇ܐ ܐܢܐ ܡܢܟ ܡܪܝ. ܢܡܠܠ ܥܒ̣ܕܟ ܡܠܬܐ ܩܕܡܝܟ ܡܪܝ. ܘܠܐ ܢܬܚܡܬ ܪܘܓܙܟ ܥܠ ܥܒ̣ܕܟ. ܡܛܠ ܕܐܢܬ ܐܝܟ ܦܪܥܘܢ .,23,"Então Judá se chegou a ele, e disse: Ai! senhor meu, deixa, peço-te, o teu servo dizer uma palavra aos ouvidos de meu senhor; e não se acenda a tua ira contra o teu servo; porque tu és como Faraó.",40,True,True,True
44,19,Gênesis 44:19,אֲדֹנִ֣י שָׁאַ֔ל אֶת־ עֲבָדָ֖יו לֵאמֹ֑ר הֲיֵשׁ־ לָכֶ֥ם אָ֖ב אוֹ־ אָֽח ׃,אדני שאל את עבדיו לאמר היש לכמ אב או אח,11,רבוני שאיל ית עבדוהי למימר האית לכון אבא או אחא:,10,"κύριε, σὺ ἠρώτησας τοὺς παῖδάς σου λέγων Εἰ ἔχετε πατέρα ἢ ἀδελφόν;",12,ܡܪܝ ܫܐ̇ܠ ܠܥܒ̣̈ܕܘܗܝ ܘܐܡ̣ܪ. ܐܝܬ ܠܟܘܢ ܐܒܐ ܐܘ ܐܚܐ .,10,"Meu senhor perguntou a seus servos, dizendo: Tendes vós pai, ou irmão?",12,True,True,True
44,20,Gênesis 44:20,וַנֹּ֨אמֶר֙ אֶל־ אֲדֹנִ֔י יֶשׁ־ לָ֨נוּ֙ אָ֣ב זָקֵ֔ן וְיֶ֥לֶד זְקֻנִ֖ים קָטָ֑ן וְאָחִ֨יו מֵ֜ת וַיִּוָּתֵ֨ר ה֧וּא לְבַדּ֛וֹ לְאִמּ֖וֹ וְאָבִ֥יו אֲהֵבֽוֹ ׃,ונאמר אל אדני יש לנו אב זקנ וילד זקנימ קטנ ואחיו מת ויותר הוא לבדו לאמו ואביו אהבו,19,ואמרנא לרבוני אית לנא אבא סבא ובר סיבתין זעיר ואחוהי מית ואשתאר הוא בלחודוהי לאמה ואבוהי רחים לה:,18,"καὶ εἴπαμεν τῷ κυρίῳ Ἔστιν ἡμῖν πατὴρ πρεσβύτερος, καὶ παιδίον νεώτερον γήρως αὐτῷ, καὶ ὁ ἀδελφὸς αὐτοῦ ἀπέθανεν, αὐτὸς δὲ μόνος ὑπελείφθη τῷ πατρὶ αὐτοῦ, ὁ δὲ πατὴρ αὐτὸν ἠγάπησεν.",30,ܘܐܡܪܢ ܠܡܪܝ. ܐܝܬ ܠܢ ܐܒܐ ܣܒܐ. ܘܒܪܐ ܒܪ ܣܝܒܘܬܐ ܙܥܘܪܐ. ܘܐܚܘܗܝ ܡܝܬ. ܘܗ̣ܘ ܒܠܚܘܕܘܗܝ ܐܫܬܚܪ ܠܐܡܗ. ܘܐܒܘܗܝ ܪܚܡ ܠܗ.,19,"E respondemos a meu senhor: Temos pai, já velho, e há um filho da sua velhice, um menino pequeno; o irmão deste é morto, e ele ficou o único de sua mãe; e seu pai o ama.",37,True,True,True
44,21,Gênesis 44:21,וַתֹּ֨אמֶר֙ אֶל־ עֲבָדֶ֔יךָ הוֹרִדֻ֖הוּ אֵלָ֑י וְאָשִׂ֥ימָה עֵינִ֖י עָלָֽיו ׃,ותאמר אל עבדיכ הורדהו אלי ואשימה עיני עליו,9,ואמרת לעבדיך אחיתוהי לותי ואשוי עיני עלוהי:,7,"εἶπας δὲ τοῖς παισίν σου ὅτι Καταγάγετε αὐτὸν πρὸς μέ, καὶ ἐπιμελοῦμαι αὐτοῦ.",13,ܘܐܡ̣ܪܬ ܠܥܒ̣̈ܕܝܟ. ܐܚܬܘܗܝ ܠܘܬܝ ܘܐܣܝܡ ܥܝܢܝ ܥܠܘܗܝ.,7,"Então tu disseste a teus servos: Trazei-mo, para que eu ponha os olhos sobre ele.",15,True,True,True
44,22,Gênesis 44:22,וַנֹּ֨אמֶר֙ אֶל־ אֲדֹנִ֔י לֹא־ יוּכַ֥ל הַנַּ֖עַר לַעֲזֹ֣ב אֶת־ אָבִ֑יו וְעָזַ֥ב אֶת־ אָבִ֖יו וָמֵֽת ׃,ונאמר אל אדני לא יוכל הנער לעזב את אביו ועזב את אביו ומת,14,ואמרנא לרבוני לא יכול עולימא למשבק ית אבוהי ואם ישבוק ית אבוהי ומית:,13,"καὶ εἴπαμεν τῷ κυρίῳ Οὐ δυνήσεται τὸ παιδίον καταλιπεῖν τὸν πατέρα· ἐὰν δὲ καταλείπῃ τὸν πατέρα, ἀποθανεῖται.",17,ܘܐܡܪܢ ܠܡܪܝ. ܠܐ ܡܫܟܚ ܛܠܝܐ ܠܡܫܒܩ ܠܐܒܘܗܝ. ܘܐܢ ܫܒ̇ܩ ܠܐܒܘܗܝ ܡܐ̇ܬ.,11,"E quando respondemos a meu senhor: O menino não pode deixar o seu pai; pois se ele deixasse o seu pai, este morreria;",23,True,True,True
44,23,Gênesis 44:23,וַתֹּ֨אמֶר֙ אֶל־ עֲבָדֶ֔יךָ אִם־ לֹ֥א יֵרֵ֛ד אֲחִיכֶ֥ם הַקָּטֹ֖ן אִתְּכֶ֑ם לֹ֥א תֹסִפ֖וּן לִרְא֥וֹת פָּנָֽי ׃,ותאמר אל עבדיכ אמ לא ירד אחיכמ הקטנ אתכמ לא תספונ לראות פני,14,ואמרת לעבדיך אם לא יחות אחוכון זעירא עמכון לא תוספון למחזי אפי:,12,"σὺ δὲ εἶπας τοῖς παισίν σου Ἐὰν μὴ καταβῇ ὁ ἀδελφὸς ὑμῶν ὁ νεώτερος μεθ᾽ ὑμῶν, οὐ προσθήσεσθε ἔτι ἰδεῖν τὸ πρόσωπόν μου.",23,ܘܐܡ̣ܪܬ ܠܥܒ̣̈ܕܝܟ. ܕܐܢ ܠܐ ܢܚ̇ܬ ܐܚܘܟܘܢ ܙܥܘܪܐ ܥܡܟܘܢ. ܠܐ ܬܘܣܦܘܢ ܠܡܚܙܐ ܐ̈ܦܝ.,12,"replicaste a teus servos: A menos que desça convosco vosso irmão mais novo, nunca mais vereis a minha face.",19,True,True,True
44,24,Gênesis 44:24,וַיְהִי֙ כִּ֣י עָלִ֔ינוּ אֶֽל־ עַבְדְּךָ֖ אָבִ֑י וַנַּ֨גֶּד־ ל֔וֹ אֵ֖ת דִּבְרֵ֥י אֲדֹנִֽי ׃,ויהי כי עלינו אל עבדכ אבי ונגד לו את דברי אדני,12,והוה כד סליקנא לעבדך אבא וחוינא ליה ית פתגמי רבוני:,10,"ἐγένετο δὲ ἡνίκα ἀνέβημεν πρὸς τὸν παῖδά σου πατέρα δὲ ἡμῶν, ἀπηγγείλαμεν αὐτῷ τὰ ῥήματα τοῦ κυρίου.",17,ܘܟܕ ܣܠܩܢ ܠܘܬ ܥܒ̣ܕܟ ܐܒܘܢ. ܘܚܘܝܢܝܗܝ ܦܬ̈ܓܡ̇ܘܗܝ ܕܡܪܝ.,8,"Então subimos a teu servo, meu pai, e lhe contamos as palavras de meu senhor.",15,True,True,True
44,25,Gênesis 44:25,וַיֹּ֖אמֶר אָבִ֑ינוּ שֻׁ֖בוּ שִׁבְרוּ־ לָ֥נוּ מְעַט־ אֹֽכֶל ׃,ויאמר אבינו שבו שברו לנו מעט אכל,8,ואמר אבונא תובו זבונו לנא זעיר עיבורא:,7,"εἶπεν δὲ ἡμῖν ὁ πατὴρ ἡμῶν Βαδίσατε πάλιν, ἀγοράσατε ἡμῖν μικρὰ βρώματα.",12,ܐܡ̣ܪ ܠܢ ܥܒ̣ܕܟ ܐܒܘܢ. ܗܦܘܟܘ ܡܘܪܘ ܠܢ ܩܠܝܠ ܥܒܘܪܐ.,9,"Depois disse nosso pai: Tornai, comprai-nos um pouco de mantimento;",10,True,True,True
44,26,Gênesis 44:26,וַנֹּ֕אמֶר לֹ֥א נוּכַ֖ל לָרֶ֑דֶת אִם־ יֵשׁ֩ אָחִ֨ינוּ הַקָּטֹ֤ן אִתָּ֨נוּ֙ וְיָרַ֔דְנוּ כִּי־ לֹ֣א נוּכַ֗ל לִרְאוֹת֙ פְּנֵ֣י הָאִ֔ישׁ וְאָחִ֥ינוּ הַקָּטֹ֖ן אֵינֶ֥נּוּ אִתָּֽנוּ ׃,ונאמר לא נוכל לרדת אמ יש אחינו הקטנ אתנו וירדנו כי לא נוכל לראות פני האיש ואחינו הקטנ איננו אתנו,21,ואמרנא לא נכול למיחת אם אית אחונא זעירא עמנא ונחות ארי לא נכול למחזי אפי גברא ואחונא זעירא ליתוהי עמנא:,20,"ἡμεῖς δὲ εἴπαμεν Οὐ δυνησόμεθα καταβῆναι· ἀλλ᾽ εἰ μὲν ὁ ἀδελφὸς ἡμῶν ὁ νεώτερος καταβαίνει μεθ᾽ ἡμῶν, καταβησόμεθα· οὐ γὰρ δυνησόμεθα ἰδεῖν τὸ πρόσωπον τοῦ ἀνθρώπου, τοῦ ἀδελφοῦ τοῦ νεωτέρου μὴ ὄντος μεθ᾽ ἡμῶν.",34,ܘܐܡܪܢ ܠܐܒܘܢ ܠܐ ܡܫܟܚܝܢܢ ܠܡܚܬ. ܐܢ ܢܚ̇ܬ ܐܚܘܢ ܙܥܘܪܐ ܥܡܢ ܢܚܬܝܢܢ. ܡܛܠ ܕܠܐ ܡܫܟܚܝܢܢ ܠܡܚܙܐ ܐ̈ܦܘܗܝ ܕܓܒܪܐ. ܟܕ ܐܚܘܢ ܙܥܘܪܐ ܠܐ ܗܘ̣ܐ ܥܡܢ.,23,"e lhe respondemos: Não podemos descer; mas, se nosso irmão menor for conosco, desceremos; pois não podemos ver a face do homem, se nosso irmão menor não estiver conosco.",29,True,True,True
44,27,Gênesis 44:27,וַיֹּ֛אמֶר עַבְדְּךָ֥ אָבִ֖י אֵלֵ֑ינוּ אַתֶּ֣ם יְדַעְתֶּ֔ם כִּ֥י שְׁנַ֖יִם יָֽלְדָה־ לִּ֥י אִשְׁתִּֽי ׃,ויאמר עבדכ אבי אלינו אתמ ידעתמ כי שנימ ילדה לי אשתי,12,ואמר עבדך אבא לנא אתון ידעתון ארי תרין ילידת לי אתתי:,11,εἶπεν δὲ ὁ παῖς σου ὁ πατὴρ ἡμῶν πρὸς ἡμᾶς Ὑμεῖς γινώσκετε ὅτι δύο ἔτεκέν μοι ἡ γυνή.,18,ܘܐܡ̣ܪ ܠܢ ܥܒ̣ܕܟ ܐܒܘܢ. ܐܢܬܘܢ ܝܕܥܝܢ ܐܢܬܘܢ ܕܬܪ̈ܝܢ ܝܠ̣ܕܬ ܠܝ ܐܢܬܬܝ.,11,"Então nos disse teu servo, meu pai: Vós sabeis que minha mulher me deu dois filhos;",16,True,True,True
44,28,Gênesis 44:28,וַיֵּצֵ֤א הָֽאֶחָד֙ מֵֽאִתִּ֔י וָאֹמַ֕ר אַ֖ךְ טָרֹ֣ף טֹרָ֑ף וְלֹ֥א רְאִיתִ֖יו עַד־ הֵֽנָּה ׃,ויצא האחד מאתי ואמר אכ טרפ טרפ ולא ראיתיו עד הנה,12,ונפק חד מלותי ואמרית ברם מקטל קטיל ולא חזתיה עד כען:,11,"καὶ ἐξῆλθεν ὁ εἷς ἀπ᾽ ἐμοῦ, καὶ εἴπατε Θηριόβρωτος γέγονεν, καὶ οὐκ ἴδον αὐτὸν ἔτι.",15,ܘܢܦ̣ܩ ܚܕ ܡܢ ܠܘܬܝ. ܘܐܡ̇ܪܬ ܕܡܩܛܠ ܩܛܝܠ. ܘܠܐ ܚܙܝܬܗ ܥܕܡܐ ܠܗܫܐ.,11,"um saiu de minha casa e eu disse: certamente foi despedaçado, e não o tenho visto mais;",17,True,True,True
44,29,Gênesis 44:29,וּלְקַחְתֶּ֧ם גַּם־ אֶת־ זֶ֛ה מֵעִ֥ם פָּנַ֖י וְקָרָ֣הוּ אָס֑וֹן וְהֽוֹרַדְתֶּ֧ם אֶת־ שֵׂיבָתִ֛י בְּרָעָ֖ה שְׁאֹֽלָה ׃,ולקחתמ גמ את זה מעמ פני וקרהו אסונ והורדתמ את שיבתי ברעה שאלה,14,ותדברון אף ית דין מן קדמי ויערעניה מותא ותחתון ית שבתי בבישתא לשאול:,13,ἐὰν οὖν λάβητε καὶ τοῦτον ἐκ προσώπου μου καὶ συμβῇ αὐτῷ μαλακία ἐν τῇ ὁδῷ καὶ κατάξετέ μου τὸ γῆρας μετὰ λύπης εἰς ᾅδου.,24,ܘܕܒܪܝܢ ܐܢܬܘܢ ܐܦ ܠܗܢܐ ܡܢ ܠܘܬܝ. ܘܐ̇ܪܥ ܠܗ ܣܩܘܒܠܐ. ܘܡܚܬܝܢ ܐܢܬܘܢ ܣܝܒܘܬܝ ܒܒܝܫܬܐ ܠܫܝܘܠ.,14,"se também me tirardes a este, e lhe acontecer algum desastre, fareis descer as minhas cãs com tristeza ao Seol.",20,True,True,True
44,30,Gênesis 44:30,וְעַתָּ֗ה כְּבֹאִי֙ אֶל־ עַבְדְּךָ֣ אָבִ֔י וְהַנַּ֖עַר אֵינֶ֣נּוּ אִתָּ֑נוּ וְנַפְשׁ֖וֹ קְשׁוּרָ֥ה בְנַפְשֽׁוֹ ׃,ועתה כבאי אל עבדכ אבי והנער איננו אתנו ונפשו קשורה בנפשו,12,וכען כמיתי לות עבדך אבא ועולימא ליתוהי עמנא ונפשיה חביבא לה כנפשיה:,12,"νῦν οὖν ἐὰν εἰσπορεύομαι πρὸς τὸν παῖδά σου πατέρα δὲ ἡμῶν, καὶ τὸ παιδάριον μὴ ᾖ μεθ᾽ ἡμῶν, ἡ δὲ ψυχὴ αὐτοῦ ἐκκρέμαται ἐκ τῆς τούτου ψυχῆς·",27,ܘܗܫܐ ܡܐ ܕܐܙܠܢ ܠܘܬ ܥܒ̣ܕܟ ܐܒܘܢ. ܘܛܠܝܐ ܠܐ ܗܘܐ ܥܡܢ. ܘܢܦܫܗ ܚܒܝܒܐ ܠܗ ܐܝܟ ܢܦܫܗ.,15,"Agora, pois, se eu for ter com o teu servo, meu pai, e o menino não estiver conosco, como a sua alma está ligada com a alma dele,",28,True,True,True
44,31,Gênesis 44:31,וְהָיָ֗ה כִּרְאוֹת֛וֹ כִּי־ אֵ֥ין הַנַּ֖עַר וָמֵ֑ת וְהוֹרִ֨ידוּ עֲבָדֶ֜יךָ אֶת־ שֵׂיבַ֨ת עַבְדְּךָ֥ אָבִ֛ינוּ בְּיָג֖וֹן שְׁאֹֽלָה ׃,והיה כראותו כי אינ הנער ומת והורידו עבדיכ את שיבת עבדכ אבינו ביגונ שאלה,15,ויהי כד יחזי ארי לית עולימא ומית ויחתון עבדיך ית שיבת עבדך אבונא בדוונא לשאול:,15,"καὶ ἔσται ἐν τῷ ἰδεῖν αὐτὸν μὴ ὂν τὸ παιδάριον μεθ᾽ ἡμῶν, τελευτήσει, καὶ κατάξουσιν οἱ παῖδές σου τὸ γῆρας τοῦ παιδός σου πατρὸς δὲ ἡμῶν μετ᾽ ὀδύνης εἰς ᾅδου.",30,ܘܡܐ ܕܚ̣ܙܐ ܕܠܝܬ ܛܠܝܐ ܥܡܢ ܡܐ̇ܬ . ܘܡܚܬܝܢ ܥܒ̈ܕܝܟ ܣܝܒܘܬܗ ܕܥܒ̣ܕܟ ܐܒܘܢ ܒܕܘܘܐܢܐ ܠܫܝܘܠ.,14,"acontecerá que, vendo ele que o menino ali não está, morrerá; e teus servos farão descer as cãs de teu servo, nosso pai com tristeza ao Seol.",27,True,True,True
44,32,Gênesis 44:32,כִּ֤י עַבְדְּךָ֙ עָרַ֣ב אֶת־ הַנַּ֔עַר מֵעִ֥ם אָבִ֖י לֵאמֹ֑ר אִם־ לֹ֤א אֲבִיאֶ֨נּוּ֙ אֵלֶ֔יךָ וְחָטָ֥אתִי לְאָבִ֖י כָּל־ הַיָּמִֽים ׃,כי עבדכ ערב את הנער מעמ אבי לאמר אמ לא אביאנו אליכ וחטאתי לאבי כל הימימ,17,ארי עבדך מערב בעולימא מן אבא למימר אם לא איתניה לותך ואהי חטי לאבא כל יומיא:,16,"ὁ γὰρ παῖς σου ἐκδέδεκται τὸ παιδίον παρὰ τοῦ πατρὸς λέγων Ἐὰν μὴ ἀγάγω αὐτὸν πρὸς σὲ καὶ στήσω αὐτὸν ἐναντίον σου, ἡμαρτηκὼς ἔσομαι πρὸς τὸν πατέρα πάσας τὰς ἡμέρας.",30,ܡܛܠ ܕܥܒ̣ܕܟ ܥ̣ܪܒ ܒܛܠܝܐ ܡܢ ܠܘܬ ܐܒܘܢ. ܘܐܡ̇ܪܬ. ܐܢ ܠܐ ܐܝܬܝܘܗܝ ܠܟ ܐܚܛܐ ܠܐܒܝ ܟܠܗܘܢ ܝܘܡ̈ܬܐ.,16,"Porque teu servo se deu como fiador pelo menino para com meu pai, dizendo: Se eu to não trouxer de volta, serei culpado, para com meu pai para sempre.",29,True,True,True
44,33,Gênesis 44:33,וְעַתָּ֗ה יֵֽשֶׁב־ נָ֤א עַבְדְּךָ֙ תַּ֣חַת הַנַּ֔עַר עֶ֖בֶד לַֽאדֹנִ֑י וְהַנַּ֖עַר יַ֥עַל עִם־ אֶחָֽיו ׃,ועתה ישב נא עבדכ תחת הנער עבד לאדני והנער יעל עמ אחיו,13,וכען יתב כען עבדך תחות עולימא עבדא לרבוני ועולימא יסק עם אחוהי:,12,"νῦν οὖν παραμενῶ σοι παῖς ἀντὶ τοῦ παιδίου, οἰκέτης τοῦ κυρίου· τὸ δὲ παιδίον ἀναβήτω μετὰ τῶν ἀδελφῶν.",18,ܘܗܫܐ ܢܦܘܫ ܥܒ̣ܕܟ ܚܠܦ ܛܠܝܐ ܥܒ̣ܕܐ ܠܡܪܝ. ܘܛܠܝܐ ܢܣܩ ܥܡ ܐܚ̈ܘܗܝ.,11,"Agora, pois, fique teu servo em lugar do menino como escravo de meu senhor, e que suba o menino com seus irmãos.",22,True,True,True
44,34,Gênesis 44:34,כִּי־ אֵיךְ֙ אֶֽעֱלֶ֣ה אֶל־ אָבִ֔י וְהַנַּ֖עַר אֵינֶ֣נּוּ אִתִּ֑י פֶּ֚ן אֶרְאֶ֣ה בָרָ֔ע אֲשֶׁ֥ר יִמְצָ֖א אֶת־ אָבִֽי ׃,כי איכ אעלה אל אבי והנער איננו אתי פנ אראה ברע אשר ימצא את אבי,16,ארי אכדין אסק לות אבא ועולימא ליתוהי עמי דלמא אחזי בבישו די ישתכח ית אבא:,15,"πῶς γὰρ ἀναβήσομαι πρὸς τὸν πατέρα, τοῦ παιδίου μὴ ὄντος μεθ᾽ ἡμῶν; ἵνα μὴ ἴδω τὰ κακὰ ἃ εὑρήσει τὸν πατέρα μου.",22,ܡܛܠ ܕܐܝܟܢܐ ܐܣܩ ܠܘܬ ܐܒܝ. ܘܛܠܝܐ ܠܐ ܗܘܐ ܥܡܝ. ܕܠܡܐ ܐܚܙܐ ܒܒܝܫܬܐ ܕܬܓ̣ܕܫ ܠܐܒܝ.,14,"Porque, como subirei eu a meu pai, se o menino não for comigo? para que não veja eu o mal que sobrevirá a meu pai.",25,True,True,True
45,1,Gênesis 45:1,וְלֹֽא־ יָכֹ֨ל יוֹסֵ֜ף לְהִתְאַפֵּ֗ק לְכֹ֤ל הַנִּצָּבִים֙ עָלָ֔יו וַיִּקְרָ֕א הוֹצִ֥יאוּ כָל־ אִ֖ישׁ מֵעָלָ֑י וְלֹא־ עָ֤מַד אִישׁ֙ אִתּ֔וֹ בְּהִתְוַדַּ֥ע יוֹסֵ֖ף אֶל־ אֶחָֽיו ׃,ולא יכל יוספ להתאפק לכל הנצבימ עליו ויקרא הוציאו כל איש מעלי ולא עמד איש אתו בהתודע יוספ אל אחיו,21,ולא יכיל יוסף לאתחסנא לכל דקימין עלו‍הי וקרא אפיקו כל אנש מעלוי ולא קם אנש עמיה כד אתידע יוסף לות אחוהי:,21,"Καὶ οὐκ ἠδύνατο Ἰωσὴφ ἀνέχεσθαι πάντων τῶν παρεστηκότων αὐτῷ, ἀλλ᾽ εἶπεν Ἐξαποστείλατε πάντας ἀπ᾽ ἐμοῦ· καὶ οὐ παριστήκει οὐδεὶς ἔτι τῷ Ἰωσὴφ ἡνίκα ἀνεγνωρίζετο Ἰωσὴφ τοῖς ἀδελφοῖς αὐτοῦ.",28,ܘܠܐ ܐܫܟܚ ܝܘܣܦ ܠܡܚܡܣܢܘ ܡܢ ܟܠ ܕܩܝܡܝܢ ܗܘܘ ܩܕܡܘܗܝ . ܘܐܡܪ ܐܦܩܘ ܠܟܠܢܫ ܡܢ ܠܘܬܝ. ܘܠܐ ܩܘܝ ܐܢܫ ܠܘܬܗ. ܟܕ ܐܬܓܠܝ ܝܘܣܦ ܠܐܚ̈ܘܗܝ.,23,"Então José não se podia conter diante de todos os que estavam com ele; e clamou: Fazei a todos sair da minha presença; e ninguém ficou com ele, quando se deu a conhecer a seus irmãos.",36,True,True,True
45,2,Gênesis 45:2,וַיִּתֵּ֥ן אֶת־ קֹל֖וֹ בִּבְכִ֑י וַיִּשְׁמְע֣וּ מִצְרַ֔יִם וַיִּשְׁמַ֖ע בֵּ֥ית פַּרְעֹֽה ׃,ויתנ את קלו בבכי וישמעו מצרימ וישמע בית פרעה,10,ויהב ית קליה בבכיתא ושמעו מצרים ושמע אנש בית פרעה:,10,"καὶ ἀφῆκεν φωνὴν μετὰ κλαυθμοῦ· ἤκουσαν δὲ πάντες οἱ Αἰγύπτιοι, καὶ ἀκουστὸν ἐγένετο εἰς τὸν οἶκον Φαραώ.",17,ܘܐܪܝܡ ܩܠܗ ܒܒܟܬܐ. ܘܫܡܥܘ ܡܨܪ̈ܝܐ. ܘܐܫܬܡܥ ܒܝܬ ܦܪܥܘܢ.,8,"E levantou a voz em choro, de maneira que os egípcios o ouviram, bem como a casa de Faraó.",19,True,True,True
45,3,Gênesis 45:3,וַיֹּ֨אמֶר יוֹסֵ֤ף אֶל־ אֶחָיו֙ אֲנִ֣י יוֹסֵ֔ף הַע֥וֹד אָבִ֖י חָ֑י וְלֹֽא־ יָכְל֤וּ אֶחָיו֙ לַעֲנ֣וֹת אֹת֔וֹ כִּ֥י נִבְהֲל֖וּ מִפָּנָֽיו ׃,ויאמר יוספ אל אחיו אני יוספ העוד אבי חי ולא יכלו אחיו לענות אתו כי נבהלו מפניו,18,ואמר יוסף לאחוהי אנא יוסף העד כען אבא קים ולא יכילו אחוהי לאתבא יתיה פתגם ארי אתבהילו מן קדמוהי:,19,"εἶπεν δὲ Ἰωσὴφ πρὸς τοὺς ἀδελφοὺς αὐτοῦ Ἐγώ εἰμι Ἰωσὴφ ὁ ἀδελφὸς ὑμῶν, ὃν ἀπέδοσθε εἰς Αἴγυπτον· ἔτι ὁ πατήρ μου ζῇ; καὶ οὐκ ἐδύναντο οἱ ἀδελφοὶ ἀποκριθῆναι αὐτῷ· ἐταράχθησαν γάρ.",31,ܘܐܡ̣ܪ ܝܘܣܦ ܠܐܚ̈ܘܗܝ. ܐܢܐ ܐܢܐ ܝܘܣܦ ܐܚܘܟܘܢ. ܥܕܟܝܠ ܐܒܝ ܚܝ ܗܘ . ܘܠܐ ܐܫܟܚܘ ܐܚ̈ܘܗܝ ܠܡܬܠ ܠܗ ܦܬܓܡܐ. ܡܛܠ ܕܕܚܠܘ ܡܢ ܩܕܡܘܗܝ.,22,"Disse, então, José a seus irmãos: Eu sou José; vive ainda meu pai? E seus irmãos não lhe puderam responder, pois estavam pasmados diante dele.",25,True,True,True
45,4,Gênesis 45:4,וַיֹּ֨אמֶר יוֹסֵ֧ף אֶל־ אֶחָ֛יו גְּשׁוּ־ נָ֥א אֵלַ֖י וַיִּגָּ֑שׁוּ וַיֹּ֗אמֶר אֲנִי֙ יוֹסֵ֣ף אֲחִיכֶ֔ם אֲשֶׁר־ מְכַרְתֶּ֥ם אֹתִ֖י מִצְרָֽיְמָה ׃,ויאמר יוספ אל אחיו גשו נא אלי ויגשו ויאמר אני יוספ אחיכמ אשר מכרתמ אתי מצרימה,17,ואמר יוסף לאחוהי קריבו כען לותי וקריבו ואמר אנא יוסף אחוכון די זבנתון יתי למצרים:,15,"καὶ εἶπεν Ἐγώ εἰμι Ἰωσὴφ ὁ ἀδελφὸς ὑμῶν, ὃν ἀπέδοσθε εἰς Αἴγυπτον.",12,ܘܐܡ̣ܪ ܝܘܣܦ ܠܐܚ̈ܘܗܝ. ܩܪܘܒܘ ܠܘܬܝ. ܘܩܪܒܘ ܠܘܬܗ . ܘܐܡ̣ܪ ܠܗܘܢ . ܐܢܐ ܐܢܐ ܝܘܣܦ ܐܚܘܟܘܢ ܕܙܒܢܬܘܢܢܝ ܠܡܨܪ̈ܝܐ.,17,"José disse mais a seus irmãos: Chegai-vos a mim, peço-vos. E eles se chegaram. Então ele prosseguiu: Eu sou José, vosso irmão, a quem vendestes para o Egito.",28,True,True,True
45,5,Gênesis 45:5,וְעַתָּ֣ה ׀ אַל־ תֵּעָ֣צְב֗וּ וְאַל־ יִ֨חַר֙ בְּעֵ֣ינֵיכֶ֔ם כִּֽי־ מְכַרְתֶּ֥ם אֹתִ֖י הֵ֑נָּה כִּ֣י לְמִֽחְיָ֔ה שְׁלָחַ֥נִי אֱלֹהִ֖ים לִפְנֵיכֶֽם ׃,ועתה אל תעצבו ואל יחר בעיניכמ כי מכרתמ אתי הנה כי למחיה שלחני אלהימ לפניכמ,17,וכען לא תתנסון ולא יתקף בעיניכון ארי זבנתון יתי הכא ארי לקימא שלחני יי קדמיכון:,15,νῦν οὖν μὴ λυπεῖσθε μηδὲ σκληρὸν ὑμῖν φανήτω ὅτι ἀπέδοσθέ με ὧδε· εἰς γὰρ ζωὴν ἀπέστειλέν με ὁ θεὸς ἔμπροσθεν ὑμῶν.,21,ܘܗܫܐ ܠܐ ܬܟܪܐ ܠܟܘܢ. ܘܠܐ ܢܬܐܒܫ ܒܥܝܢ̈ܝܟܘܢ ܕܙܒܢܬܘܢܢܝ ܠܗܪܟܐ. ܡܛܠ ܕܠܬܘܪܣܝܐ ܗܘ ܫܕܪܢܝ ܐܠܗܐ ܩܕܡܝܟܘܢ.,15,"Agora, pois, não vos entristeçais, nem vos aborreçais por me haverdes vendido para cá; porque para preservar vida é que Deus me enviou adiante de vós.",26,True,True,True
45,6,Gênesis 45:6,כִּי־ זֶ֛ה שְׁנָתַ֥יִם הָרָעָ֖ב בְּקֶ֣רֶב הָאָ֑רֶץ וְעוֹד֙ חָמֵ֣שׁ שָׁנִ֔ים אֲשֶׁ֥ר אֵין־ חָרִ֖ישׁ וְקָצִּֽיר ׃,כי זה שנתימ הרעב בקרב הארצ ועוד חמש שנימ אשר אינ חריש וקציר,14,ארי דנן תרתין שנין כפנא בגו ארעא ועוד חמש שנין די לית זרועא וחצדא:,14,"τοῦτο γὰρ δεύτερον ἔτος λιμὸς ἐπὶ τῆς γῆς, καὶ ἔτι λοιπὰ πέντε ἔτη ἐν οἷς οὐκ ἔσται ἀροτρίασις οὐδὲ ἄμητος·",20,ܡܛܠ ܕܗܐ ܬܪ̈ܬܝܢ ܫ̈ܢܝܢ ܟܦܢܐ ܒܓܘܗ̇ ܕܐܪܥܐ. ܘܬܘܒ ܚܡܫ ܫܢܝ̈ܢ ܕܠܝܬ ܕܙܪܥ̇ ܘܕܚ̇ܨܕ .,14,"Porque já houve dois anos de fome na terra, e ainda restam cinco anos em que não haverá lavoura nem sega.",21,True,True,True
45,7,Gênesis 45:7,וַיִּשְׁלָחֵ֤נִי אֱלֹהִים֙ לִפְנֵיכֶ֔ם לָשׂ֥וּם לָכֶ֛ם שְׁאֵרִ֖ית בָּאָ֑רֶץ וּלְהַחֲי֣וֹת לָכֶ֔ם לִפְלֵיטָ֖ה גְּדֹלָֽה ׃,וישלחני אלהימ לפניכמ לשומ לכמ שארית בארצ ולהחיות לכמ לפליטה גדלה,12,ושלחני יי קדמיכון לשואה לכון שארא בארעא ולקימא לכון לשיזבא רבא:,11,"ἀπέστειλεν γάρ με ὁ θεὸς ἔμπροσθεν ὑμῶν, ὑπολείπεσθαι ὑμῶν κατάλειμμα ἐπὶ τῆς γῆς, καὶ ἐκθρέψαι ὑμῶν κατάλειψιν μεγάλην.",18,ܘܫܕܪܢܝ ܐܠܗܐ ܩܕܡܝܟܘܢ ܠܡܣܡ ܠܟܘܢ ܫܪܟܢܐ. ܘܠܡܚܝܘ ܠܟܘܢ ܡܫܘܙܒܘܬܐ ܪܒܬܐ ܒܐܪܥܐ.,11,"Deus enviou-me adiante de vós, para conservar-vos descendência na terra, e para guardar-vos em vida por um grande livramento.",19,True,True,True
45,8,Gênesis 45:8,וְעַתָּ֗ה לֹֽא־ אַתֶּ֞ם שְׁלַחְתֶּ֤ם אֹתִי֙ הֵ֔נָּה כִּ֖י הָאֱלֹהִ֑ים וַיְשִׂימֵ֨נִֽי לְאָ֜ב לְפַרְעֹ֗ה וּלְאָדוֹן֙ לְכָל־ בֵּית֔וֹ וּמֹשֵׁ֖ל בְּכָל־ אֶ֥רֶץ מִצְרָֽיִם ׃,ועתה לא אתמ שלחתמ אתי הנה כי האלהימ וישימני לאב לפרעה ולאדונ לכל ביתו ומשל בכל ארצ מצרימ,19,וכען לא אתון שלחתון יתי הכא אלהן מן קדם יי ושויני לאבא לפרעה ולרבון לכל אנש ביתיה ושליט בכל ארעא דמצרים:,21,"νῦν οὖν οὐχ ὑμεῖς με ἀπεστάλκατε ὧδε, ἀλλ᾽ ἢ ὁ θεός· καὶ ἐποίησέν με ὡς πατέρα Φαραὼ καὶ κύριον παντὸς τοῦ οἴκου αὐτοῦ καὶ ἄρχοντα πάσης γῆς Αἰγύπτου.",28,ܘܗܫܐ ܠܐ ܗܘ̣ܐ ܐܢܬܘܢ ܫܕܪܬܘܢܢܝ ܠܗܪܟܐ. ܐܠܐ ܐܠܗܐ. ܘܥܒܕܢܝ ܐܒܐ ܠܦܪܥܘܢ. ܘܡܪܐ ܥܠ ܟܠܗ ܒܝܬܗ. ܘܫܠܝܛܐ ܒܟܠܗ̇ ܐܪܥܐ ܕܡܨܪܝܢ.,19,"Assim não fostes vós que me enviastes para cá, senão Deus, que me tem posto por pai de Faraó, e por senhor de toda a sua casa, e como governador sobre toda a terra do Egito.",36,True,True,True
45,9,Gênesis 45:9,מַהֲרוּ֮ וַעֲל֣וּ אֶל־ אָבִי֒ וַאֲמַרְתֶּ֣ם אֵלָ֗יו כֹּ֤ה אָמַר֙ בִּנְךָ֣ יוֹסֵ֔ף שָׂמַ֧נִי אֱלֹהִ֛ים לְאָד֖וֹן לְכָל־ מִצְרָ֑יִם רְדָ֥ה אֵלַ֖י אַֽל־ תַּעֲמֹֽד ׃,מהרו ועלו אל אבי ואמרתמ אליו כה אמר בנכ יוספ שמני אלהימ לאדונ לכל מצרימ רדה אלי אל תעמד,20,אוחו וסקו לות אבא ותימרון ליה כדנן אמר ברך יוסף שויני יי לרבון לכל מצרים חות לותי לא תתעכב:,19,σπεύσαντες οὖν ἀνάβητε πρὸς τὸν πατέρα μου καὶ εἴπατε αὐτῷ Τάδε λέγει ὁ υἱός σου Ἰωσήφ Ἐποίησέν με ὁ θεὸς κύριον πάσης γῆς Αἰγύπτου· κατάβηθι οὖν πρὸς μὲ καὶ μὴ μείνῃς·,31,ܒܥܓܠ ܣܩܘ ܠܘܬ ܐܒܝ ܘܐܡܪܘ ܠܗ. ܗܟܢܐ ܐܡ̇ܪ ܒܪܟ ܝܘܣܦ. ܥܒܕܢܝ ܐܠܗܐ ܡܪܐ ܥܠ ܟܠܗ̇ ܡܨܪܝܢ. ܚܘܬ ܠܘܬܝ ܘܠܐ ܬܫܬܘܚܪ.,20,"Apressai-vos, subi a meu pai, e dizei-lhe: Assim disse teu filho José: Deus me tem posto por senhor de toda a terra do Egito; desce a mim, e não te demores;",31,True,True,True
45,10,Gênesis 45:10,וְיָשַׁבְתָּ֣ בְאֶֽרֶץ־ גֹּ֗שֶׁן וְהָיִ֤יתָ קָרוֹב֙ אֵלַ֔י אַתָּ֕ה וּבָנֶ֖יךָ וּבְנֵ֣י בָנֶ֑יךָ וְצֹאנְךָ֥ וּבְקָרְךָ֖ וְכָל־ אֲשֶׁר־ לָֽךְ ׃,וישבת בארצ גשנ והיית קרוב אלי אתה ובניכ ובני בניכ וצאנכ ובקרכ וכל אשר לכ,16,ותתיב בארעא דגשן ותהי קריב לי את ובנך ובני בנך וענך ותורך וכל די לך:,15,"καὶ κατοικήσεις ἐν γῇ Γέσεμ Ἀραβίας καὶ ἔσῃ ἐγγύς μου σὺ καὶ οἱ υἱοί σου καὶ οἱ υἱοὶ τῶν υἱῶν σου, τὰ πρόβατά σου καὶ αἱ βόες σου καὶ ὅσα σοὶ ἐκεῖ·",32,ܘܬܒ ܒܐܪܥܐ ܕܓܫܢ. ܘܗܘ̣ܝܬ ܩܪܝܒ ܠܝ ܐܢܬ ܘܒ̈ܢܝܟ ܘܒ̈ܢܝ ܒܝܬܟ. ܘܥܢܟ ܘܬܘܪ̈ܝܟ ܘܟܠ ܕܐܝܬ ܠܟ.,15,"habitarás na terra de Gósem e estarás perto de mim, tu e os teus filhos e os filhos de teus filhos, e os teus rebanhos, o teu gado e tudo quanto tens;",32,True,True,True
45,11,Gênesis 45:11,וְכִלְכַּלְתִּ֤י אֹֽתְךָ֙ שָׁ֔ם כִּי־ ע֛וֹד חָמֵ֥שׁ שָׁנִ֖ים רָעָ֑ב פֶּן־ תִּוָּרֵ֛שׁ אַתָּ֥ה וּבֵֽיתְךָ֖ וְכָל־ אֲשֶׁר־ לָֽךְ ׃,וכלכלתי אתכ שמ כי עוד חמש שנימ רעב פנ תורש אתה וביתכ וכל אשר לכ,16,ואזון יתך תמן ארי עוד חמש שנין כפנא דלמא תתמסכן את ואנש ביתך וכל די לך:,16,"καὶ ἐκθρέψω σε ἐκεῖ, ἔτι γὰρ πέντε ἔτη λιμός· ἵνα μὴ ἐκτριβῇς σὺ καὶ οἱ υἱοί σου καὶ πάντα τὰ ὑπάρχοντά σου.",22,ܘܐܬܪܣܝܟܘܢ ܬܡܢ ܡܛܠ ܕܬܘܒ ܚܡܫ ܫ̈ܢܝܢ ܩ̇ܝܡ ܟܦܢܐ. ܕܠܡܐ ܬܐܒܕ ܐܢܬ ܘܒܝܬܟ ܘܟܠ ܕܐܝܬ ܠܟ.,15,"ali te sustentarei, porque ainda haverá cinco anos de fome, para que não sejas reduzido à pobreza, tu e tua casa, e tudo o que tens.",26,True,True,True
45,12,Gênesis 45:12,וְהִנֵּ֤ה עֵֽינֵיכֶם֙ רֹא֔וֹת וְעֵינֵ֖י אָחִ֣י בִנְיָמִ֑ין כִּי־ פִ֖י הַֽמְדַבֵּ֥ר אֲלֵיכֶֽם ׃,והנה עיניכמ ראות ועיני אחי בנימינ כי פי המדבר אליכמ,11,והא עיניכון חזן ועיני אחי בנימין ארי בלישנכון אנא ממלל עמכון:,11,ἰδοὺ οἱ ὀφθαλμοὶ ὑμῶν βλέπουσιν καὶ οἱ ὀφθαλμοὶ Βενιαμεὶν τοῦ ἀδελφοῦ μου ὅτι τὸ στόμα μου τὸ λαλοῦν πρὸς ὑμᾶς.,20,ܘܗܐ ܥܝܢ̈ܝܟܘܢ ܚ̈ܙܝܢ ܘܥܝܢ̈ܘܗܝ ܕܐܚܝ ܒܢܝܡܝܢ. ܕܦܘܡܝ ܡܡܠܠ ܥܡܟܘܢ.,9,"Eis que os vossos olhos, e os de meu irmão Benjamim, vêem que é minha boca que vos fala.",19,True,True,True
45,13,Gênesis 45:13,וְהִגַּדְתֶּ֣ם לְאָבִ֗י אֶת־ כָּל־ כְּבוֹדִי֙ בְּמִצְרַ֔יִם וְאֵ֖ת כָּל־ אֲשֶׁ֣ר רְאִיתֶ֑ם וּמִֽהַרְתֶּ֛ם וְהוֹרַדְתֶּ֥ם אֶת־ אָבִ֖י הֵֽנָּה ׃,והגדתמ לאבי את כל כבודי במצרימ ואת כל אשר ראיתמ ומהרתמ והורדתמ את אבי הנה,16,ותחוון לאבא ית כל יקרי במצרים וית כל די חזיתון ותוחון ותחתון ית אבא הכא:,15,"ἀπαγγείλατε οὖν τῷ πατρί μου πᾶσαν τὴν δόξαν μου τὴν ἐν Αἰγύπτῳ καὶ ὅσα ἴδετε, καὶ ταχύναντες καταγάγετε τὸν πατέρα μου ὧδε.",22,ܘܚܘܘ ܠܐܒܝ ܟܠܗ ܐܝܩܪܝ ܕܒܡܨܪܝܢ. ܘܟܠ ܕܚܙܝܬܘܢ. ܘܣܪܗܒܘ ܐܚܬܘ ܠܐܒܝ ܠܗܪܟܐ.,11,"Fareis, pois, saber a meu pai toda a minha glória no Egito; e tudo o que tendes visto; e apressar-vos-eis a fazer descer meu pai para cá.",27,True,True,True
45,14,Gênesis 45:14,וַיִּפֹּ֛ל עַל־ צַוְּארֵ֥י בִנְיָמִֽן־ אָחִ֖יו וַיֵּ֑בְךְּ וּבִנְיָמִ֔ן בָּכָ֖ה עַל־ צַוָּארָֽיו ׃,ויפל על צוארי בנימנ אחיו ויבכ ובנימנ בכה על צואריו,11,ונפל על צוארי בנימן אחוהי ובכא ובנימן בכא על צואריה:,10,"καὶ ἐπιπεσὼν ἐπὶ τὸν τράχηλον Βενιαμεὶν τοῦ ἀδελφοῦ αὐτοῦ ἐπέπεσεν ἐπ᾽ αὐτῷ, καὶ Βενιαμεὶν ἔκλαυσεν ἐπὶ τῷ τραχήλῳ αὐτοῦ.",19,ܘܢܦ̣ܠ ܥܠ ܨܘܪܗ ܕܒܢܝܡܝܢ ܐܚܘܗܝ ܘܒܟ̣ܐ. ܘܒܢܝܡܝܢ ܒܟ̣ܐ ܥܠ ܨܘܪܗ.,10,"Então se lançou ao pescoço de Benjamim seu irmão, e chorou; e Benjamim chorou também ao pescoço dele.",18,True,True,True
45,15,Gênesis 45:15,וַיְנַשֵּׁ֥ק לְכָל־ אֶחָ֖יו וַיֵּ֣בְךְּ עֲלֵיהֶ֑ם וְאַ֣חֲרֵי כֵ֔ן דִּבְּר֥וּ אֶחָ֖יו אִתּֽוֹ ׃,וינשק לכל אחיו ויבכ עליהמ ואחרי כנ דברו אחיו אתו,11,ונשק לכל אחוהי ובכא עליהון ובתר כן מלילו אחוהי עמיה:,10,"καὶ καταφιλήσας πάντας τοὺς ἀδελφοὺς αὐτοῦ ἔκλαυσεν ἐπ᾽ αὐτοῖς, καὶ μετὰ ταῦτα ἐλάλησαν οἱ ἀδελφοὶ αὐτοῦ πρὸς αὐτόν.",18,ܘܢܫ̇ܩ ܠܟܠܗܘܢ ܐܚ̈ܘܗܝ ܘܒܟ̣ܐ ܥܠܝܗܘܢ. ܘܒܬܪܟܢ ܡܠܠܘ ܐ̈ܚܘܗܝ ܥܡܗ.,9,"E José beijou a todos os seus irmãos, chorando sobre eles; depois seus irmãos falaram com ele.",17,True,True,True
45,16,Gênesis 45:16,וְהַקֹּ֣ל נִשְׁמַ֗ע בֵּ֤ית פַּרְעֹה֙ לֵאמֹ֔ר בָּ֖אוּ אֲחֵ֣י יוֹסֵ֑ף וַיִּיטַב֙ בְּעֵינֵ֣י פַרְעֹ֔ה וּבְעֵינֵ֖י עֲבָדָֽיו ׃,והקל נשמע בית פרעה לאמר באו אחי יוספ וייטב בעיני פרעה ובעיני עבדיו,14,וקלא אשתמע לבית פרעה למימר עלו אחי יוסף ושפר בעיני פרעה ובעיני עבדוהי:,13,Καὶ διεβοήθη ἡ φωνὴ εἰς τὸν οἶκον Φαραὼ λέγοντες Ἥκασιν οἱ ἀδελφοὶ Ἰωσήφ· ἐχάρη δὲ Φαραὼ καὶ ἡ θεραπεία αὐτοῦ.,20,ܘܩܠܐ ܐܫܬܡܥ ܒܝܬ ܦܪܥܘܢ ܕܐܡܪܝܢ. ܐܬܘ ܐ̈ܚܘܗܝ ܕܝܘܣܦ. ܘܫ̣ܦܪ ܦܬܓܡܐ ܒܥܝܢ̈ܝ ܦܪܥܘܢ ܘܒܥܝܢ̈ܝ ܥܒ̣̈ܕܘܗܝ.,14,Esta nova se fez ouvir na casa de Faraó: São vindos os irmãos de José; o que agradou a Faraó e a seus servos.,24,True,True,True
45,17,Gênesis 45:17,וַיֹּ֤אמֶר פַּרְעֹה֙ אֶל־ יוֹסֵ֔ף אֱמֹ֥ר אֶל־ אַחֶ֖יךָ זֹ֣את עֲשׂ֑וּ טַֽעֲנוּ֙ אֶת־ בְּעִ֣ירְכֶ֔ם וּלְכוּ־ בֹ֖אוּ אַ֥רְצָה כְּנָֽעַן ׃,ויאמר פרעה אל יוספ אמר אל אחיכ זאת עשו טענו את בעירכמ ולכו באו ארצה כנענ,17,ואמר פרעה ליוסף אמר לאחיך דא עיבידו טעונו ית בעירכון ואזילו אובילו לארעא דכנען:,14,"εἶπεν δὲ Φαραὼ πρὸς Ἰωσήφ Εἰπὸν τοῖς ἀδελφοῖς σου Τοῦτο ποιήσατε· γεμίσατε τὰ πόρια ὑμῶν καὶ ἀπέλθατε εἰς γῆν Χανάαν,",20,ܘܐܡ̣ܪ ܦܪܥܘܢ ܠܝܘܣܦ. ܐܡ̣ܪ ܠܐ̈ܚܝܟ ܗܟܢܐ ܥܒܕܘ. ܐܛܥܢܘ ܒܥܝܪܟܘܢ ܥܒܘܪܐ . ܘܙܠܘ ܐܘܒܠܘ ܠܐܪܥܐ ܕܟܢܥܢ.,15,"Ordenou Faraó a José: Dize a teus irmãos: Fazei isto: carregai os vossos animais e parti, tornai à terra de Canaã;",21,True,True,True
45,18,Gênesis 45:18,וּקְח֧וּ אֶת־ אֲבִיכֶ֛ם וְאֶת־ בָּתֵּיכֶ֖ם וּבֹ֣אוּ אֵלָ֑י וְאֶתְּנָ֣ה לָכֶ֗ם אֶת־ טוּב֙ אֶ֣רֶץ מִצְרַ֔יִם וְאִכְל֖וּ אֶת־ חֵ֥לֶב הָאָֽרֶץ ׃,וקחו את אביכמ ואת בתיכמ ובאו אלי ואתנה לכמ את טוב ארצ מצרימ ואכלו את חלב הארצ,18,ודברו ית אבוכון וית אנש בתיכון ועולו לותי ואתן לכון ית טוב ארעא דמצרים ותיכלון ית טובא דארעא:,18,"καὶ παραλαβόντες τὸν πατέρα ὑμῶν καὶ τὰ ὑπάρχοντα ὑμῶν ἥκετε πρὸς μέ· καὶ δώσω ὑμῖν πάντων τῶν ἀγαθῶν Αἰγύπτου, καὶ φάγεσθε τὸν μυελὸν τῆς γῆς.",25,ܘܕܒ̣ܪܘ ܠܐܒܘܟܘܢ ܘܠܐܢܫ̈ܝ ܒܬ̈ܝܟܘܢ ܘܐܝܬܘ ܠܘܬܝ. ܘܐܬܠ ܠܟܘܢ ܛܘܒܗ̇ ܕܐܪܥܐ ܕܡܨܪܝܢ. ܘܐܟܘܠܘ ܫܘܡܢܗ̇ ܕܐܪܥܐ.,14,"tomai o vosso pai e as vossas famílias e vinde a mim; e eu vos darei o melhor da terra do Egito, e comereis da fartura da terra.",28,True,True,True
45,19,Gênesis 45:19,וְאַתָּ֥ה צֻוֵּ֖יתָה זֹ֣את עֲשׂ֑וּ קְחוּ־ לָכֶם֩ מֵאֶ֨רֶץ מִצְרַ֜יִם עֲגָל֗וֹת לְטַפְּכֶם֙ וְלִנְשֵׁיכֶ֔ם וּנְשָׂאתֶ֥ם אֶת־ אֲבִיכֶ֖ם וּבָאתֶֽם ׃,ואתה צויתה זאת עשו קחו לכמ מארצ מצרימ עגלות לטפכמ ולנשיכמ ונשאתמ את אביכמ ובאתמ,16,ואת מפקדא דא עיבידו סיבו לכון מארעא דמצרים עגלן לטפליכון ולנשיכון ותטלון ית אבוכון ותיתון:,15,"σὺ δὲ ἔντειλαι ταῦτα, λαβεῖν αὐτοῖς ἁμάξας ἐκ γῆς Αἰγύπτου τοῖς παιδίοις ὑμῶν καὶ ταῖς γυναιξίν, καὶ ἀναλαβόντες τὸν πατέρα ὑμῶν παραγίνεσθε·",22,ܘܐܢܬ ܗܐ ܡܫܠܛ ܐܢܬ. ܐܡ̣ܪ ܠܐ̈ܚܝܟ ܗܟܢܐ ܥܒܕܘ. ܕܒܪܘ ܠܟܘܢ ܡܢ ܐܪܥܐ ܕܡܨܪܝܢ ܥ̈ܓܠܬܐ ܠܢܫ̈ܝܟܘܢ ܘܠܝܩܪܬܟܘܢ. ܘܫܩܘܠܘ ܠܐܒܘܟܘܢ ܘܬܘ.,19,"A ti, pois, é ordenado dizer-lhes: Fazei isto: levai vós da terra do Egito carros para vossos meninos e para vossas mulheres; trazei vosso pai, e vinde.",27,True,True,True
45,20,Gênesis 45:20,וְעֵ֣ינְכֶ֔ם אַל־ תָּחֹ֖ס עַל־ כְּלֵיכֶ֑ם כִּי־ ט֛וּב כָּל־ אֶ֥רֶץ מִצְרַ֖יִם לָכֶ֥ם הֽוּא ׃,ועינכמ אל תחס על כליכמ כי טוב כל ארצ מצרימ לכמ הוא,13,ועינכון לא תחוס על מניכון ארי טב כל ארעא דמצרים דלכון הוא:,12,"καὶ μὴ φείσησθε τοῖς ὀφθαλμοῖς ὑμῶν τῶν σκευῶν, τὰ γὰρ πάντα ἀγαθὰ Αἰγύπτου ὑμῖν ἔσται.",15,ܘܥܝܢ̈ܝܟܘܢ ܠܐ ܢܚܘܣܢ ܥܠ ܡܐ̈ܢܝܟܘܢ. ܡܛܠ ܕܛܘܒܐ ܕܟܠܗ̇ ܐܪܥܐ ܕܡܨܪܝܢ ܕܝܠܟܘܢ ܗܘ.,12,E não vos pese coisa alguma das vossas alfaias; porque o melhor de toda a terra do Egito será vosso.,20,True,True,True
45,21,Gênesis 45:21,וַיַּֽעֲשׂוּ־ כֵן֙ בְּנֵ֣י יִשְׂרָאֵ֔ל וַיִּתֵּ֨ן לָהֶ֥ם יוֹסֵ֛ף עֲגָל֖וֹת עַל־ פִּ֣י פַרְעֹ֑ה וַיִּתֵּ֥ן לָהֶ֛ם צֵדָ֖ה לַדָּֽרֶךְ ׃,ויעשו כנ בני ישראל ויתנ להמ יוספ עגלות על פי פרעה ויתנ להמ צדה לדרכ,16,ועבדו כן בני ישראל ויהב להון יוסף עגלן על מימר פרעה ויהב להון זודין לארחא:,15,"ἐποίησαν δὲ οὕτως οἱ υἱοὶ Ἰσραήλ· ἔδωκεν δὲ Ἰωσὴφ αὐτοῖς ἁμάξας κατὰ τὰ εἰρημένα ὑπὸ Φαραὼ τοῦ βασιλέως, καὶ ἔδωκεν αὐτοῖς ἐπισιτισμὸν εἰς τὴν ὁδόν·",25,ܘܥܒܕܘ ܗܟܢܐ ܒܢ̈ܝ ܐܝܣܪܝܠ. ܘܝܗ̣ܒ ܠܗܘܢ ܝܘܣܦ ܥ̈ܓܠܬܐ ܥܠ ܡܠܬ ܦܘܡܗ ܕܦܪܥܘܢ. ܘܝܗ̣ܒ ܠܗܘܢ ܙܘ̈ܕܐ ܠܐܘܪܚܐ.,16,"Assim fizeram os filhos de Israel. José lhes deu carros, conforme o mandado de Faraó, e deu-lhes também provisão para o caminho.",22,True,True,True
45,22,Gênesis 45:22,לְכֻלָּ֥ם נָתַ֛ן לָאִ֖ישׁ חֲלִפ֣וֹת שְׂמָלֹ֑ת וּלְבִנְיָמִ֤ן נָתַן֙ שְׁלֹ֣שׁ מֵא֣וֹת כֶּ֔סֶף וְחָמֵ֖שׁ חֲלִפֹ֥ת שְׂמָלֹֽת ׃,לכלמ נתנ לאיש חלפות שמלת ולבנימנ נתנ שלש מאות כספ וחמש חלפת שמלת,14,לכלהון יהב לגבר אצטלון דלבושא ולבנימן יהב תלת מאה סלעין דכסף וחמש אצטלון דלבושין:,14,"καὶ πᾶσιν ἔδωκεν δισσὰς στολάς, καὶ τῷ Βενιαμεὶν ἔδωκεν τριακοσίους χρυσοῦς καὶ πέντε ἀλλασσούσας στολάς·",15,ܠܟܠܗܘܢ ܘܝܗ̣ܒ ܠܟܠ ܓܒܪ ܙܘܓܐ ܕܢܚ̈ܬܐ. ܘܠܒܢܝܡܝܢ ܝܗ̣ܒ ܬܠܬܡܐܐ ܕܟܣܦܐ. ܘܚܡܫܐ ܙܘ̈ܓܝܢ ܕܢܚ̈ܬܐ.,13,"A todos eles deu, a cada um, mudas de roupa; mas a Benjamim deu trezentas peças de prata, e cinco mudas de roupa.",23,True,True,True
45,23,Gênesis 45:23,וּלְאָבִ֞יו שָׁלַ֤ח כְּזֹאת֙ עֲשָׂרָ֣ה חֲמֹרִ֔ים נֹשְׂאִ֖ים מִטּ֣וּב מִצְרָ֑יִם וְעֶ֣שֶׂר אֲתֹנֹ֡ת נֹֽ֠שְׂאֹת בָּ֣ר וָלֶ֧חֶם וּמָז֛וֹן לְאָבִ֖יו לַדָּֽרֶךְ ׃,ולאביו שלח כזאת עשרה חמרימ נשאימ מטוב מצרימ ועשר אתנת נשאת בר ולחמ ומזונ לאביו לדרכ,17,ולאבוהי שלח כדא עסרא חמרין טעינין מטובא דמצרים ועסר אתנן טעינן עיבור ולחם וזודין לאבוהי לארחא:,16,"καὶ τῷ πατρὶ αὐτοῦ ἀπέστειλεν κατὰ τὰ αὐτά, καὶ δέκα ὄνους αἴροντας ἀπὸ πάντων τῶν ἀγαθῶν Αἰγύπτου, καὶ δέκα ἡμιόνους αἰρούσας ἄρτους τῷ πατρὶ αὐτοῦ εἰς ὁδόν.",27,ܘܠܐܒܘܗܝ ܫܕܪ ܗܟܢܐ ܘܥܣܪܐ ܚܡܪ̈ܝܢ. ܟܕ ܛܥܝܢ̈ܝܢ ܡܢ ܛܘܒܗ̇ ܕܐܪܥܐ ܕܡܨܪܝܢ. ܘܥܣܪ ܐܬܢܝ̈ܢ ܛܥܝܢ̈ܢ ܥܒܘܪܐ ܘܚܡܪܐ ܘܙܘ̈ܕܐ ܠܐܒܘܗܝ ܠܐܘܪܚܐ.,19,"E a seu pai enviou o seguinte: dez jumentos carregados do melhor do Egito, e dez jumentas carregadas de trigo, pão e provisão para seu pai, para o caminho.",29,True,True,True
45,24,Gênesis 45:24,וַיְשַׁלַּ֥ח אֶת־ אֶחָ֖יו וַיֵּלֵ֑כוּ וַיֹּ֣אמֶר אֲלֵהֶ֔ם אַֽל־ תִּרְגְּז֖וּ בַּדָּֽרֶךְ ׃,וישלח את אחיו וילכו ויאמר אלהמ אל תרגזו בדרכ,10,ושלח ית אחוהי ואזלו ואמר להון לא תתנצון בארחא:,9,ἐξαπέστειλεν δὲ τοὺς ἀδελφοὺς αὐτοῦ καὶ ἐπορεύθησαν· καὶ εἶπεν αὐτοῖς Μὴ ὀργίζεσθε ἐν τῇ ὁδῷ.,15,ܘܫܕܪ ܐܢܘܢ ܘܐܙܠܘ. ܘܐܡ̣ܪ ܠܗܘܢ ܠܐ ܬܨܘܢ ܒܐܘܪܚܐ.,8,"Assim despediu seus irmãos e, ao partirem eles, disse-lhes: Não contendais pelo caminho.",13,True,True,True
45,25,Gênesis 45:25,וַֽיַּעֲל֖וּ מִמִּצְרָ֑יִם וַיָּבֹ֨אוּ֙ אֶ֣רֶץ כְּנַ֔עַן אֶֽל־ יַעֲקֹ֖ב אֲבִיהֶֽם ׃,ויעלו ממצרימ ויבאו ארצ כנענ אל יעקב אביהמ,9,וסליקו ממצרים ואתו לארעא דכנען לות יעקב אבוהון:,8,"καὶ ἀνέβησαν ἐξ Αἰγύπτου, καὶ ἦλθον εἰς γῆν Χανάαν πρὸς Ἰακὼβ τὸν πατέρα αὐτῶν,",14,ܘܣܠܩܘ ܡܢ ܡܨܪܝܢ. ܘܐܬܘ ܠܐܪܥܐ ܕܟܢܥܢ ܠܘܬ ܝܥܩܘܒ ܐܒܘܗܘܢ.,9,"Então subiram do Egito, vieram à terra de Canaã, a Jacó seu pai,",13,True,True,True
45,26,Gênesis 45:26,וַיַּגִּ֨דוּ ל֜וֹ לֵאמֹ֗ר ע֚וֹד יוֹסֵ֣ף חַ֔י וְכִֽי־ ה֥וּא מֹשֵׁ֖ל בְּכָל־ אֶ֣רֶץ מִצְרָ֑יִם וַיָּ֣פָג לִבּ֔וֹ כִּ֥י לֹא־ הֶאֱמִ֖ין לָהֶֽם ׃,ויגדו לו לאמר עוד יוספ חי וכי הוא משל בכל ארצ מצרימ ויפג לבו כי לא האמינ להמ,19,וחויאו ליה למימר עוד כען יוסף קים וארי הוא שליט בכל ארעא דמצרים והוו מליא פיגן על לביה ארי לא הימין להון:,22,"καὶ ἀνήγγειλαν αὐτῷ λέγοντες ὅτι Ὁ υἱός σου Ἰωσὴφ ζῇ, καὶ οὗτος ἄρχει πάσης τῆς γῆς Αἰγύπτου. καὶ ἐξέστη ἡ διάνοια Ἰακώβ, οὐ γὰρ ἐπίστευσεν αὐτοῖς.",26,ܘܚܘܝܘܗܝ ܘܐܡܪܘ ܠܗ. ܥܕܟܝܠ ܝܘܣܦ ܚܝ . ܘܗܘܝܘ ܫܠܝܛ ܒܟܠܗ̇ ܐܪܥܐ ܕܡܨܪܝܢ. ܘܐܗܡܝ ܒܠܒܗ ܡܛܠ ܕܠܐ ܗܝܡܢ ܐܢܘܢ.,18,"e lhe anunciaram, dizendo: José ainda vive, e é governador de toda a terra do Egito. E o seu coração desmaiou, porque não os acreditava.",25,True,True,True
45,27,Gênesis 45:27,וַיְדַבְּר֣וּ אֵלָ֗יו אֵ֣ת כָּל־ דִּבְרֵ֤י יוֹסֵף֙ אֲשֶׁ֣ר דִּבֶּ֣ר אֲלֵהֶ֔ם וַיַּרְא֙ אֶת־ הָ֣עֲגָל֔וֹת אֲשֶׁר־ שָׁלַ֥ח יוֹסֵ֖ף לָשֵׂ֣את אֹת֑וֹ וַתְּחִ֕י ר֖וּחַ יַעֲקֹ֥ב אֲבִיהֶֽם ׃,וידברו אליו את כל דברי יוספ אשר דבר אלהמ וירא את העגלות אשר שלח יוספ לשאת אתו ותחי רוח יעקב אביהמ,22,ומלילו עמיה ית כל פתגמי יוסף די מליל עמהון וחזא ית עגלתא דשלח יוסף למטל יתיה ושרת רוח נבואה לות יעקב אבוהון:,22,"ἐλάλησαν δὲ αὐτῷ πάντα τὰ ῥηθέντα ὑπὸ Ἰωσὴφ ὅσα εἶπεν αὐτοῖς· ἰδὼν δὲ τὰς ἁμάξας ἃς ἀπέστειλεν Ἰωσὴφ ὥστε ἀναλαβεῖν αὐτόν, ἀνεζωπύρησεν τὸ πνεῦμα Ἰακὼβ τοῦ πατρὸς αὐτῶν.",28,ܘܚܘܝܘܗܝ ܟܠܗܝܢ ܡ̈ܠܐ ܕܐܡ̣ܪ ܠܗܘܢ ܝܘܣܦ. ܘܚ̣ܙܐ ܝܥܩܘܒ ܥ̈ܓܠܬܐ ܕܫܕܪ ܝܘܣܦ ܠܡܫܩܠܗ. ܘܐܬܢܝܚܬ ܪܘܚܗ ܕܝܥܩܘܒ ܐܒܘܗܘܢ.,16,"Quando, porém, eles lhe contaram todas as palavras que José lhes falara, e vendo Jacó, seu pai, os carros que José enviara para levá-lo, reanimou-se-lhe o espírito;",27,True,True,True
45,28,Gênesis 45:28,וַיֹּ֨אמֶר֙ יִשְׂרָאֵ֔ל רַ֛ב עוֹד־ יוֹסֵ֥ף בְּנִ֖י חָ֑י אֵֽלְכָ֥ה וְאֶרְאֶ֖נּוּ בְּטֶ֥רֶם אָמֽוּת ׃,ויאמר ישראל רב עוד יוספ בני חי אלכה ואראנו בטרמ אמות,12,ואמר ישראל סגי לי חדוא עד כען יוסף ברי קים אזיל ואחזניה עד לא אמות:,15,εἶπεν δὲ Ἰσραήλ Μέγα μοί ἐστιν εἰ ἔτι ὁ υἱός μου Ἰωσὴφ ζῇ· πορευθεὶς ὄψομαι αὐτὸν πρὸ τοῦ ἀποθανεῖν με.,20,ܘܐܡ̣ܪ ܪܒܐ ܗܝ ܠܝ ܗܕܐ ܕܥܕܟܝܠ ܝܘܣܦ ܒܪܝ ܚܝ . ܐܙܠ ܐܚܙܝܘܗܝ ܥܕܠܐ ܐܡܘܬ.,14,e disse Israel: Basta; ainda vive meu filho José; eu irei e o verei antes que morra.,17,True,True,True
46,1,Gênesis 46:1,וַיִּסַּ֤ע יִשְׂרָאֵל֙ וְכָל־ אֲשֶׁר־ ל֔וֹ וַיָּבֹ֖א בְּאֵ֣רָה שָּׁ֑בַע וַיִּזְבַּ֣ח זְבָחִ֔ים לֵאלֹהֵ֖י אָבִ֥יו יִצְחָֽק ׃,ויסע ישראל וכל אשר לו ויבא בארה שבע ויזבח זבחימ לאלהי אביו יצחק,14,ונטל ישראל וכל די ליה ואתא לבאר שבע ודבח דבחין לאלהה אבוהי יצחק:,13,"Ἀπάρας δὲ Ἰσραήλ, αὐτὸς καὶ πάντα τὰ αὐτοῦ, ἦλθον ἐπὶ τὸ φρέαρ τοῦ ὅρκου, καὶ ἔθυσεν ἐκεῖ θυσίαν τῷ θεῷ τοῦ πατρὸς αὐτοῦ Ἰσαάκ.",24,ܘܫܩ̣ܠ ܐܝܣܪܝܠ ܗ̣ܘ ܘܟܘܠ ܕܐܝܬ ܠܗ ܘܐܬ̣ܐ ܠܒܪܫܒܥ. ܘܕܒ̣ܚ ܕܒܚܬܐ ܠܐܠܗܐ ܕܐܒܘܗܝ ܐܝܣܚܩ.,13,"Partiu, pois, Israel com tudo quanto tinha e veio a Beer-Seba, onde ofereceu sacrifícios ao Deus de seu pai Isaque.",20,True,True,True
46,2,Gênesis 46:2,וַיֹּ֨אמֶר אֱלֹהִ֤ים ׀ לְיִשְׂרָאֵל֙ בְּמַרְאֹ֣ת הַלַּ֔יְלָה וַיֹּ֖אמֶר יַעֲקֹ֣ב ׀ יַעֲקֹ֑ב וַיֹּ֖אמֶר הִנֵּֽנִי ׃,ויאמר אלהימ לישראל במראת הלילה ויאמר יעקב יעקב ויאמר הנני,13,ואמר יי לישראל בחזוי דליליא ואמר יעקב יעקב ואמר הא אנא:,11,εἶπεν δὲ ὁ θεὸς Ἰσραὴλ ἐν ὁράματι τῆς νυκτὸς εἴπας Ἰακὼβ Ἰακώβ. ὁ δὲ εἶπεν Τί ἐστιν;,17,ܘܐܡ̣ܪ ܐܠܗܐ ܠܐܝܣܪܝܠ ܒܚܙܘܐ ܕܠܠܝܐ. ܘܐܡ̣ܪ ܝܥܩܘܒ ܝܥܩܘܒ. ܘܐܡ̣ܪ ܗܐ ܐܢܐ.,11,"Falou Deus a Israel em visões de noite, e disse: Jacó, Jacó! Respondeu Jacó: Eis-me aqui.",16,True,True,True
46,3,Gênesis 46:3,וַיֹּ֕אמֶר אָנֹכִ֥י הָאֵ֖ל אֱלֹהֵ֣י אָבִ֑יךָ אַל־ תִּירָא֙ מֵרְדָ֣ה מִצְרַ֔יְמָה כִּֽי־ לְג֥וֹי גָּד֖וֹל אֲשִֽׂימְךָ֥ שָֽׁם ׃,ויאמר אנכי האל אלהי אביכ אל תירא מרדה מצרימה כי לגוי גדול אשימכ שמ,15,ואמר אנא אל אלהא דאבוך לא תדחל מלמיחת למצרים ארי לעם סגי אשונך תמן:,14,"λέγων Ἐγώ εἰμι ὁ θεὸς τῶν πατέρων σου· μὴ φοβοῦ καταβῆναι εἰς Αἴγυπτον, εἰς γὰρ ἔθνος μέγα ποιήσω σε ἐκεῖ·",20,ܘܐܡ̣ܪ ܠܗ . ܐܢܐ ܐܢܐ ܐܝܠ ܐܠܗܗ ܕܐܒܘܟ. ܠܐ ܬܕܚܠ ܠܡܚܬ ܠܡܨܪܝܢ. ܡܛܠ ܕܠܥܡܐ ܪܒܐ ܐܥܒܕܟ ܬܡܢ.,17,"E Deus disse: Eu sou Deus, o Deus de teu pai; não temas descer para o Egito; porque eu te farei ali uma grande nação.",25,True,True,True
46,4,Gênesis 46:4,אָנֹכִ֗י אֵרֵ֤ד עִמְּךָ֙ מִצְרַ֔יְמָה וְאָנֹכִ֖י אַֽעַלְךָ֣ גַם־ עָלֹ֑ה וְיוֹסֵ֕ף יָשִׁ֥ית יָד֖וֹ עַל־ עֵינֶֽיךָ ׃,אנכי ארד עמכ מצרימה ואנכי אעלכ גמ עלה ויוספ ישית ידו על עיניכ,14,אנא אחות עמך למצרים ואנא אסקנך אף אסקא ויוסף ישוי ידוהי על עיניך:,13,"καὶ ἐγὼ καταβήσομαι μετὰ σοῦ εἰς Αἴγυπτον, καὶ ἐγὼ ἀναβιβάσω σε εἰς τέλος· καὶ Ἰωσὴφ ἐπιβαλεῖ τὰς χεῖρας ἐπὶ τοὺς ὀφθαλμούς σου.",22,ܐܢܐ ܐܚܘܬ ܥܡܟ ܘܐܢܐ ܐܣܩܟ. ܘܝܘܣܦ ܢܣܝܡ ܐ̈ܝܕܘܗܝ ܥܠ ܥܝܢ̈ܝܟ.,10,"Eu descerei contigo para o Egito, e certamente te farei tornar a subir; e José porá a sua mão sobre os teus olhos.",23,True,True,True
46,5,Gênesis 46:5,וַיָּ֥קָם יַעֲקֹ֖ב מִבְּאֵ֣ר שָׁ֑בַע וַיִּשְׂא֨וּ בְנֵֽי־ יִשְׂרָאֵ֜ל אֶת־ יַעֲקֹ֣ב אֲבִיהֶ֗ם וְאֶת־ טַפָּם֙ וְאֶת־ נְשֵׁיהֶ֔ם בָּעֲגָל֕וֹת אֲשֶׁר־ שָׁלַ֥ח פַּרְעֹ֖ה לָשֵׂ֥את אֹתֽוֹ ׃,ויקמ יעקב מבאר שבע וישאו בני ישראל את יעקב אביהמ ואת טפמ ואת נשיהמ בעגלות אשר שלח פרעה לשאת אתו,21,וקם יעקב מבארא דשבע ונטלו בני ישראל ית יעקב אבוהון וית טפלהון וית נשיהון בעגלתא די שלח פרעה למטל יתיה:,20,"ἀνέστη δὲ Ἰακὼβ ἀπὸ τοῦ φρέατος τοῦ ὅρκου, καὶ ἀνέλαβον οἱ υἱοὶ Ἰσραὴλ τὸν πατέρα αὐτῶν καὶ τὴν ἀποσκευὴν καὶ τὰς γυναῖκας αὐτῶν ἐπὶ τὰς ἁμάξας ἃς ἀπέστειλεν Ἰωσὴφ ἆραι αὐτόν·",31,ܘܩܡ ܝܥܩܘܒ ܡܢ ܒܪܫܒܥ. ܘܫܩ̣ܠܘ ܒܢ̈ܝ ܐܝܣܪܝܠ ܠܝܥܩܘܒ ܐܒܘܗܘܢ ܘܠܝܩܪܬܗܘܢ ܘܠܢܫܝ̈ܗܘܢ. ܒ̈ܥܓܠܬܐ ܕܫܕܪ ܦܪܥܘܢ ܠܡܫܩܠܗ.,15,"Então Jacó se levantou de Beer-Seba; e os filhos de Israel levaram seu pai Jacó, e seus meninos, e as suas mulheres, nos carros que Faraó enviara para o levar.",30,True,True,True
46,6,Gênesis 46:6,וַיִּקְח֣וּ אֶת־ מִקְנֵיהֶ֗ם וְאֶת־ רְכוּשָׁם֙ אֲשֶׁ֤ר רָֽכְשׁוּ֙ בְּאֶ֣רֶץ כְּנַ֔עַן וַיָּבֹ֖אוּ מִצְרָ֑יְמָה יַעֲקֹ֖ב וְכָל־ זַרְע֥וֹ אִתּֽוֹ ׃,ויקחו את מקניהמ ואת רכושמ אשר רכשו בארצ כנענ ויבאו מצרימה יעקב וכל זרעו אתו,16,ודברו ית גיתיהון וית קנינהון די קנו בארעא דכנען ואתו למצרים יעקב וכל בנוהי עמיה:,15,"καὶ ἀναλαβόντες τὰ ὑπάρχοντα αὐτῶν καὶ πᾶσαν τὴν κτῆσιν ⸆ ἣν ἐκτήσαντο ἐκ γῆς Χανάαν, καὶ εἰσῆλθεν Ἰακὼβ εἰς Αἴγυπτον, καὶ πᾶν τὸ σπέρμα αὐτοῦ μετ᾽ αὐτοῦ,",27,ܘܕܒܪܘ ܒܥܝܪܗܘܢ ܘܩܢܝܢܗܘܢ ܕܩܢܘ ܒܐܪܥܐ ܕܟܢܥܢ. ܘܐܬܘ ܠܡܨܪܝܢ. ܝܥܩܘܒ ܘܟܠܗ ܙܪܥܗ ܥܡܗ.,12,"Também tomaram o seu gado e os seus bens que tinham adquirido na terra de Canaã, e vieram para o Egito, Jacó e toda a sua descendência com ele.",29,True,True,True
46,7,Gênesis 46:7,בָּנָ֞יו וּבְנֵ֤י בָנָיו֙ אִתּ֔וֹ בְּנֹתָ֛יו וּבְנ֥וֹת בָּנָ֖יו וְכָל־ זַרְע֑וֹ הֵבִ֥יא אִתּ֖וֹ מִצְרָֽיְמָה ׃ ס,בניו ובני בניו אתו בנתיו ובנות בניו וכל זרעו הביא אתו מצרימה ס,14,בנוהי ובני בנוהי עמיה בנתיה ובנת בנוהי וכל זרעיה אעיל עמיה למצרים:,12,"υἱοὶ καὶ οἱ υἱοὶ τῶν υἱῶν αὐτοῦ μετ᾽ αὐτοῦ, θυγατέρες καὶ θυγατέρες τῶν υἱῶν αὐτοῦ μετ᾽ αὐτοῦ· καὶ πᾶν τὸ σπέρμα αὐτοῦ ἤγαγεν εἰς Αἴγυπτον.",25,ܒܢ̈ܘܗܝ ܘܒܢ̈ܝ ܒܢ̈ܘܗܝ ܥܡܗ. ܒܢ̈ܬܗ ܘܒܢ̈ܬ ܒܢ̈ܘܗܝ. ܘܟܠܗ ܙܪܥܗ ܐܥܠ ܥܡܗ ܠܡܨܪܝܢ.,12,"Os seus filhos e os filhos de seus filhos com ele, as suas filhas e as filhas de seus filhos, e toda a sua descendência, levou-os consigo para o Egito.",30,True,True,True
46,8,Gênesis 46:8,וְאֵ֨לֶּה שְׁמ֧וֹת בְּנֵֽי־ יִשְׂרָאֵ֛ל הַבָּאִ֥ים מִצְרַ֖יְמָה יַעֲקֹ֣ב וּבָנָ֑יו בְּכֹ֥ר יַעֲקֹ֖ב רְאוּבֵֽן ׃,ואלה שמות בני ישראל הבאימ מצרימה יעקב ובניו בכר יעקב ראובנ,12,ואלין שמהת בני ישראל דעלו למצרים יעקב ובנוהי בוכרא דיעקב ראובן:,11,Ταῦτα δὲ τὰ ὀνόματα τῶν υἱῶν Ἰσραὴλ τῶν εἰσελθόντων εἰς Αἴγυπτον. Ἰακὼβ καὶ οἱ υἱοὶ αὐτοῦ· πρωτότοκος Ἰακὼβ Ῥουβήν·,19,ܘܗܠܝܢ ܫܡ̈ܗܐ ܕܒܢ̈ܝ ܐܝܣܪܝܠ ܕܥܠܘ ܠܡܨܪܝܢ. ܝܥܩܘܒ ܘܒܢ̈ܘܗܝ. ܒܘܟܪܗ ܕܝܥܩܘܒ ܪܘܒܝܠ.,11,"São estes os nomes dos filhos de Israel, que vieram para o Egito, Jacó e seus filhos: Rúben, o primogênito de Jacó.",22,True,True,True
46,9,Gênesis 46:9,וּבְנֵ֖י רְאוּבֵ֑ן חֲנ֥וֹךְ וּפַלּ֖וּא וְחֶצְר֥וֹן וְכַרְמִֽי ׃,ובני ראובנ חנוכ ופלוא וחצרונ וכרמי,7,ובני ראובן חנוך ופלוא וחצרן וכרמי:,6,"υἱοὶ δὲ Ῥουβήν· Ἑνὼχ καὶ Φαλλούδ, Ἁσρὼν καὶ Χαρμί.",9,ܒܢ̈ܝ ܪܘܒܝܠ. ܚܢܘܟ ܘܦܠܘ. ܘܚܨܪܘܢ ܘܟܪܡܝ.,6,"E os filhos de Rúben: Hanoque, Palu, Hezrom e Carmi.",10,True,True,True
46,10,Gênesis 46:10,וּבְנֵ֣י שִׁמְע֗וֹן יְמוּאֵ֧ל וְיָמִ֛ין וְאֹ֖הַד וְיָכִ֣ין וְצֹ֑חַר וְשָׁא֖וּל בֶּן־ הַֽכְּנַעֲנִֽית ׃,ובני שמעונ ימואל וימינ ואהד ויכינ וצחר ושאול בנ הכנענית,11,ובני שמעון ימואל וימין ואהד ויכין וצחר ושאול בר כנעניתא:,10,υἱοὶ δὲ Συμεών· Ἰεμουὴλ καὶ Ἰαμεὶν καὶ Ἄωδ καὶ Ἰαχεὶμ καὶ Σάαρ καὶ Σαμουὴλ υἱὸς τῆς Χανανίτιδος.,17,ܘܒܢ̈ܝ ܫܡܥܘܢ. ܝܡܘܐܝܠ ܘܝܡܝܢ. ܘܐܗܪ ܘܝܟܝܢ. ܘܨܚܪ ܘܫܐܘܠ ܒܪ ܟܢܥܢܝܬܐ.,10,"E os filhos de Simeão: Jemuel, Jamim, Oade, Jaquim, Zoar, e Saul, filho de uma mulher cananéia.",17,True,True,True
46,11,Gênesis 46:11,וּבְנֵ֖י לֵוִ֑י גֵּרְשׁ֕וֹן קְהָ֖ת וּמְרָרִֽי ׃,ובני לוי גרשונ קהת ומררי,6,ובני לוי גרשון קהת ומררי:,5,"υἱοὶ δὲ Λευί· Γηρσών, Καὰθ καὶ Μεραρεί.",7,ܘܒܢܝ̈ ܠܘܝ. ܓܪܫܘܢ ܘܩܗܬ ܘܡܪܪܝ.,5,"E os filhos de Levi: Gérsom, Coate e Merári.",9,True,True,True
46,12,Gênesis 46:12,וּבְנֵ֣י יְהוּדָ֗ה עֵ֧ר וְאוֹנָ֛ן וְשֵׁלָ֖ה וָפֶ֣רֶץ וָזָ֑רַח וַיָּ֨מָת עֵ֤ר וְאוֹנָן֙ בְּאֶ֣רֶץ כְּנַ֔עַן וַיִּהְי֥וּ בְנֵי־ פֶ֖רֶץ חֶצְר֥וֹן וְחָמֽוּל ׃,ובני יהודה ער ואוננ ושלה ופרצ וזרח וימת ער ואוננ בארצ כנענ ויהיו בני פרצ חצרונ וחמול,18,ובני יהודה ער ואונן ושלה ופרץ וזרח ומית ער ואונן בארעא דכנען והוו בני פרץ חצרן וחמול:,17,υἱοὶ δὲ Ἰούδα· Ἢρ καὶ Αὐνὰν καὶ Σηλὼμ καὶ Φάρες καὶ Ζάρα· ἀπέθανεν δὲ Ἢρ καὶ Αὐνὰν ἐν γῇ Χανάαν· ἐγένοντο δὲ υἱοὶ Φάρες Ἁσρὼμ καὶ Ἰεμουήλ.,27,ܘܒܢ̈ܝ ܝܗܘܕܐ. ܥܝܪ ܘܐܘܢܢ. ܘܫܠܐ ܘܦܪܨ ܘܙܪܚ. ܘܡܝܬܘ ܥܝܪ ܘܐܘܢܢ ܒܐܪܥܐ ܕܟܢܥܢ. ܘܗܘܘ ܒܢ̈ܝ ܦܪܨ. ܚܨܪܘܢ ܘܚܡܘܠ.,17,"E os filhos de Judá: Er, Onã, Selá, Pérez e Zerá. Er e Onã, porém, morreram na terra de Canaã. E os filhos de Pérez foram Hezrom e Hamul,",29,True,True,True
46,13,Gênesis 46:13,וּבְנֵ֖י יִשָׂשכָ֑ר תּוֹלָ֥ע וּפֻוָּ֖ה וְי֥וֹב וְשִׁמְרֽוֹן ׃,ובני יששכר תולע ופוה ויוב ושמרונ,7,ובני יששכר תולע ופוה ויוב ושמרון:,6,υἱοὶ δὲ Ἰσσαχάρ· Θωλὰ καὶ Φουὰ καὶ Ἰασοὺφ καὶ Ζαμβράμ.,10,ܘܒ̈ܢܝ ܐܝܣܟܪ. ܬܘܠܥ ܘܦܘܐܐ. ܘܐܘܝܒ ܘܫܡܪܘܢ.,6,"E os filhos de Issacar: Tola, Puva, Iobe e Sinrom.",10,True,True,True
46,14,Gênesis 46:14,וּבְנֵ֖י זְבוּלֻ֑ן סֶ֥רֶד וְאֵל֖וֹן וְיַחְלְאֵֽל ׃,ובני זבולנ סרד ואלונ ויחלאל,6,ובני זבלון סרד ואלון ויחלאל:,5,υἱοὶ δὲ Ζαβουλών· Σέρεδ καὶ Ἁσρὼν καὶ Ἁλοήλ.,8,ܘܒܢ̈ܝ ܙܒܘܠܘܢ. ܣܕܪ ܘܐܠܘܢ ܘܢܚܠܐܝܠ.,5,"E os filhos de Zebulom: Serede, Elom e Jaleel.",9,True,True,True
46,15,Gênesis 46:15,אֵ֣לֶּה ׀ בְּנֵ֣י לֵאָ֗ה אֲשֶׁ֨ר יָֽלְדָ֤ה לְיַעֲקֹב֙ בְּפַדַּ֣ן אֲרָ֔ם וְאֵ֖ת דִּינָ֣ה בִתּ֑וֹ כָּל־ נֶ֧פֶשׁ בָּנָ֛יו וּבְנוֹתָ֖יו שְׁלֹשִׁ֥ים וְשָׁלֹֽשׁ ׃,אלה בני לאה אשר ילדה ליעקב בפדנ ארמ ואת דינה בתו כל נפש בניו ובנותיו שלשימ ושלש,19,אלין בני לאה דילידת ליעקב בפדן ארם וית דינה ברתה כל נפש בנוהי ובנתיה תלתין ותלת:,16,"οὗτοι υἱοὶ Λείας, οὓς ἔτεκεν τῷ Ἰακὼβ ἐν Μεσοποταμίᾳ τῆς Συρίας, καὶ Δείναν τὴν θυγατέρα αὐτοῦ· πᾶσαι αἱ ψυχαί, υἱοὶ καὶ αἱ θυγατέρες, τριάκοντα τρεῖς.",25,ܗܠܝܢ ܒܢ̈ܝܗ̇ ܕܠܝܐ ܕܝܠ̣ܕܬ ܠܝܥܩܘܒ ܒܦܕܢ ܕܐܪܡ. ܘܠܕܝܢ̣ܐ ܒܪܬܗ. ܟܘܠ ܢܦܫ̈ܬܐ ܕܒܢ̈ܘܗܝ ܘܕܒܢ̈ܬܗ. ܬܠܬܝܢ ܘܬܠܬ.,15,"Estes são os filhos de Léia, que ela deu a Jacó em Padã-Arã, além de Diná, sua filha; todas as almas de seus filhos e de suas filhas eram trinta e três.",32,True,True,True
46,16,Gênesis 46:16,וּבְנֵ֣י גָ֔ד צִפְי֥וֹן וְחַגִּ֖י שׁוּנִ֣י וְאֶצְבֹּ֑ן עֵרִ֥י וַֽאֲרוֹדִ֖י וְאַרְאֵלִֽי ׃,ובני גד צפיונ וחגי שוני ואצבנ ערי וארודי ואראלי,10,ובני גד צפיון וחגי שוני ואצבון ערי וארודי ואראלי:,9,υἱοὶ δὲ Γάδ· Σαφὼν καὶ Ἁγγεὶς καὶ Σαυνὶς καὶ Θασοβὰν καὶ Ἀηδὶς καὶ Ἀροηδὶς καὶ Ἀροηλείς.,16,ܘܒܢ̈ܝ ܓܕ. ܨܦܝܘܢ ܘܚܓܝ. ܘܫܘܢܝ ܘܐܨܒܥܘܢ. ܘܥܕܝ ܘܐܪܘܕ ܘܐܕܪܝ.,9,"E os filhos de Gade: Zifiom, Hagui, Suni, Ezbom, Eri, Arodi e Areli.",13,True,True,True
46,17,Gênesis 46:17,וּבְנֵ֣י אָשֵׁ֗ר יִמְנָ֧ה וְיִשְׁוָ֛ה וְיִשְׁוִ֥י וּבְרִיעָ֖ה וְשֶׂ֣רַח אֲחֹתָ֑ם וּבְנֵ֣י בְרִיעָ֔ה חֶ֖בֶר וּמַלְכִּיאֵֽל ׃,ובני אשר ימנה וישוה וישוי ובריעה ושרח אחתמ ובני בריעה חבר ומלכיאל,13,ובני אשר ימנה וישוה וישוי ובריעה ושרח אחתהון ובני בריעה חבר ומלכיאל:,12,υἱοὶ δὲ Ἀσήρ· Ἰεμνὰ καὶ Ἰεσσαὶ καὶ Ἰεοὺλ καὶ Βαριὰ καὶ Σάαρ ἀδελφὴ αὐτῶν. υἱοὶ δὲ Βαριά· Χόβωρ καὶ Μελχιήλ.,20,ܘܒܢ̈ܝ ܐܫܝܪ. ܝܡܢܐ ܘܝܫܘܐ . ܘܝܫܘܝ ܘܒܪܝܥܐ. ܘܣܪܚ ܚܬܗܘܢ. ܘܒܢ̈ܝ ܒܪܝܥܐ. ܚܒ̇ܪ ܘܡܠܟܝܠ.,13,"E os filhos de Aser: Imná, Isvá, Isvi e Beria, e Sera, a irmã deles; e os filhos de Beria: Heber e Malquiel.",23,True,True,True
46,18,Gênesis 46:18,אֵ֚לֶּה בְּנֵ֣י זִלְפָּ֔ה אֲשֶׁר־ נָתַ֥ן לָבָ֖ן לְלֵאָ֣ה בִתּ֑וֹ וַתֵּ֤לֶד אֶת־ אֵ֨לֶּה֙ לְיַעֲקֹ֔ב שֵׁ֥שׁ עֶשְׂרֵ֖ה נָֽפֶשׁ ׃,אלה בני זלפה אשר נתנ לבנ ללאה בתו ותלד את אלה ליעקב שש עשרה נפש,16,אלין בני זלפה דיהב לבן ללאה ברתיה וילידת ית אלין ליעקב שית עשרי נפשא:,14,"οὗτοι υἱοὶ Ζέλφας, ἣν ἔδωκεν Λαβὰν Λείᾳ τῇ θυγατρὶ αὐτοῦ, ἣ ἔτεκεν τούτους τῷ Ἰακώβ, δέκα ἓξ ψυχάς.",18,ܗܠܝܢ ܒܢ̈ܝܗ̇ ܕܙܠܦܐ ܕܝܗ̣ܒ ܠܒܢ ܠܠܝܐ ܒܪܬܗ. ܘܝܠ̣ܕܬ ܗܠܝܢ ܠܝܥܩܘܒ. ܢܦܫ̈ܬܐ ܫܬܬܥܣܪ̈ܐ.,12,"Estes são os filhos de Zilpa, a qual Labão deu à sua filha Léia; e estes ela deu a Jacó, ao todo dezesseis almas.",24,True,True,True
46,19,Gênesis 46:19,בְּנֵ֤י רָחֵל֙ אֵ֣שֶׁת יַֽעֲקֹ֔ב יוֹסֵ֖ף וּבִנְיָמִֽן ׃,בני רחל אשת יעקב יוספ ובנימנ,7,בני רחל אתת יעקב יוסף ובנימן:,6,υἱοὶ δὲ Ῥαχὴλ γυναικὸς Ἰακώβ· Ἰωσὴφ καὶ Βενιαμείν.,8,ܘܒܢ̈ܝܗ̇ ܕܪܚܝܠ ܐܢܬܬܗ ܕܝܥܩܘܒ. ܝܘܣܦ ܘܒܢܝܡܝܢ.,6,"Os filhos de Raquel, mulher de Jacó: José e Benjamim.",10,True,True,True
46,20,Gênesis 46:20,וַיִּוָּלֵ֣ד לְיוֹסֵף֮ בְּאֶ֣רֶץ מִצְרַיִם֒ אֲשֶׁ֤ר יָֽלְדָה־ לּוֹ֙ אָֽסְנַ֔ת בַּת־ פּ֥וֹטִי פֶ֖רַע כֹּהֵ֣ן אֹ֑ן אֶת־ מְנַשֶּׁ֖ה וְאֶת־ אֶפְרָֽיִם ׃,ויולד ליוספ בארצ מצרימ אשר ילדה לו אסנת בת פוטי פרע כהנ אנ את מנשה ואת אפרימ,18,ואתילידו ליוסף בארעא דמצרים דילידת לה אסנת בת פוטי פרע רבא דאון ית מנשה וית אפרים:,16,"ἐγένοντο δὲ υἱοὶ Ἰωσὴφ ἐν γῇ Αἰγύπτῳ, οὓς ἔτεκεν αὐτῷ Ἀσεννὲθ θυγάτηρ Πετρεφῆ ἱερέως Ἡλίου πόλεως, τὸν Μαννασσὴ καὶ τὸν Ἐφράιμ. ἐγένοντο δὲ υἱοὶ Μαννασσή, οὓς ἔτεκεν αὐτῷ ἡ παλλακὴ ἡ Σύρα, τὸν Μαχείρ· Μαχεὶρ δὲ ἐγέννησεν τὸν Γαλαάδ. υἱοὶ δὲ Ἐφράιμ ἀδελφοῦ Μαννασσή· Σουτάλααμ καὶ Τάαμ. υἱοὶ δὲ Σουτάλααμ· Ἐδέμ.",51,ܘܐܬܝܠܕܘ ܠܝܘܣܦ ܒܐܪܥܐ ܕܡܨܪܝܢ. ܕܝܠ̣ܕܬ ܠܗ ܐܣܝܬ ܒܪܬ ܦܘܛܝܦܪܥ ܟܘܡܪܐ ܕܐܘܢ ܠܡܢܫܐ ܘܠܐܦܪܝܡ.,13,"E nasceram a José na terra do Egito Manassés e Efraim, que lhe deu Asenate, filha de Potífera, sacerdote de Om.",21,True,True,True
46,21,Gênesis 46:21,וּבְנֵ֣י בִנְיָמִ֗ן בֶּ֤לַע וָבֶ֨כֶר֙ וְאַשְׁבֵּ֔ל גֵּרָ֥א וְנַעֲמָ֖ן אֵחִ֣י וָרֹ֑אשׁ מֻפִּ֥ים וְחֻפִּ֖ים וָאָֽרְדְּ ׃,ובני בנימנ בלע ובכר ואשבל גרא ונעמנ אחי וראש מפימ וחפימ וארד,13,ובני בנימן בלע ובכר ואשבל גרא ונעמן אחי וראש מפים וחפים וארד:,12,υἱοὶ δὲ Βενιαμείν· Βάλα καὶ Χόβωρ καὶ Ἀσβήλ. ἐγένοντο δὲ υἱοὶ Βαλὰ Γηρὰ καὶ Νοεμὰν καὶ Ἀγχεὶς καὶ Ῥὼς καὶ Μαμφεὶν καὶ Ὁφιμίν· Γηρὰ δὲ ἐγέννησεν τὸν Ἄραδ.,28,ܘܒܢ̈ܝ ܒܢܝܡܝܢ. ܒ̇ܠܥ ܘܐܟܒܪ ܘܐܫܟܠ ܘܓ̣ܪܐ. ܘܢܥܡܢ ܘܐܚܝ ܘܐܪܘܫ. ܘܡܦܝܡ ܘܚܦܝܡ ܘܐܕܪ.,12,"E os filhos de Benjamim: Belá, Bequer, Asbel, Gêra, Naamã, Eí, Ros, Mupim, Hupim e Arde.",16,True,True,True
46,22,Gênesis 46:22,אֵ֚לֶּה בְּנֵ֣י רָחֵ֔ל אֲשֶׁ֥ר יֻלַּ֖ד לְיַעֲקֹ֑ב כָּל־ נֶ֖פֶשׁ אַרְבָּעָ֥ה עָשָֽׂר ׃,אלה בני רחל אשר ילד ליעקב כל נפש ארבעה עשר,11,אלין בני רחל דאתילידו ליעקב כל נפשא ארבעה עשר:,9,οὗτοι υἱοὶ Ῥαχήλ οὓς ἐγέννησεν Ἰακώβ· πᾶσαι ψυχαὶ δέκα ὀκτώ.,10,ܗܠܝܢ ܒܢ̈ܝܗ̇ ܕܪܚܝܠ. ܕܝܠ̣ܕܬ ܠܝܥܩܘܒ. ܢܦܫ̈ܬܐ ܐܪܒܥܣܪܐ.,7,"Estes são os filhos de Raquel, que nasceram a Jacó, ao todo catorze almas.",14,True,True,True
46,23,Gênesis 46:23,וּבְנֵי־ דָ֖ן חֻשִֽׁים ׃,ובני דנ חשימ,4,ובני דן חשים:,3,υἱοὶ δὲ Δάν· Ἁσόμ.,4,ܘܒܢ̈ܝ ܕܢ. ܚܘܫܝܡ.,3,E os filhos de Dã: Husim.,6,True,True,True
46,24,Gênesis 46:24,וּבְנֵ֖י נַפְתָּלִ֑י יַחְצְאֵ֥ל וְגוּנִ֖י וְיֵ֥צֶר וְשִׁלֵּֽם ׃,ובני נפתלי יחצאל וגוני ויצר ושלמ,7,ובני נפתלי יחצאל וגוני ויצר ושלם:,6,καὶ υἱοὶ Νεφθαλί· Ἁσιὴλ καὶ Γωυνὶ καὶ Ἴσσααρ καὶ Συλλήμ.,10,ܘܒܢ̈ܝ ܢܦܬܠܝ. ܢܚܨܐܝܠ ܘܓܘܢܝ. ܘܚ̇ܨܪ ܘܫܠܝܡ.,6,"E os filhos de Naftali: Jazeel, Guni, Jezer e Silém.",10,True,True,True
46,25,Gênesis 46:25,אֵ֚לֶּה בְּנֵ֣י בִלְהָ֔ה אֲשֶׁר־ נָתַ֥ן לָבָ֖ן לְרָחֵ֣ל בִּתּ֑וֹ וַתֵּ֧לֶד אֶת־ אֵ֛לֶּה לְיַעֲקֹ֖ב כָּל־ נֶ֥פֶשׁ שִׁבְעָֽה ׃,אלה בני בלהה אשר נתנ לבנ לרחל בתו ותלד את אלה ליעקב כל נפש שבעה,16,אלין בני בלהה דיהב לבן לרחל ברתיה וילידת ית אלין ליעקב כל נפשא שבעא:,14,"οὗτοι υἱοὶ Βάλλας, ἣν ἔδωκεν Λαβὰν Ῥαχὴλ τῇ θυγατρὶ αὐτοῦ, ἣ ἔτεκεν τούτους τῷ Ἰακώβ· πᾶσαι ψυχαὶ ἑπτά.",18,ܗܠܝܢ ܒܢܝ̈ܗ̇ ܕܒܠܗܐ ܕܝܗ̣ܒ ܠܒܢ ܠܪܚܝܠ ܒܪܬܗ. ܘܝܠ̣ܕܬ ܗܠܝܢ ܠܝܥܩܘܒ. ܟܘܠ ܢܦܫ̈ܬܐ ܫܒܥ.,13,"Estes são os filhos de Bila, a qual Labão deu à sua filha Raquel; e estes deu ela a Jacó, ao todo sete almas.",24,True,True,True
46,26,Gênesis 46:26,כָּל־ הַ֠נֶּפֶשׁ הַבָּאָ֨ה לְיַעֲקֹ֤ב מִצְרַ֨יְמָה֙ יֹצְאֵ֣י יְרֵכ֔וֹ מִלְּבַ֖ד נְשֵׁ֣י בְנֵי־ יַעֲקֹ֑ב כָּל־ נֶ֖פֶשׁ שִׁשִּׁ֥ים וָשֵֽׁשׁ ׃,כל הנפש הבאה ליעקב מצרימה יצאי ירכו מלבד נשי בני יעקב כל נפש ששימ ושש,16,כל נפשא דעלא ליעקב למצרים נפקי ירכיה בר מנשי בני יעקב כל נפשתא שתין ושית:,15,"πᾶσαι δὲ ψυχαὶ αἱ εἰσελθοῦσαι μετὰ Ἰακὼβ εἰς Αἴγυπτον, οἱ ἐξελθόντες ἐκ τῶν μηρῶν αὐτοῦ, χωρὶς τῶν γυναικῶν υἱῶν Ἰακώβ, πᾶσαι ψυχαὶ ἑξήκοντα ἕξ.",24,ܟܠܗܝܢ ܢܦܫ̈ܬܐ ܕܥܠ ܥܡ ܝܥܩܘܒ ܠܡܨܪܝܢ. ܕܢܦ̣ܩ ܡܢ ܚܨܗ. ܣܛܪ ܡܢ ܢܫ̈ܐ ܕܒܢ̈ܘܗܝ ܕܝܥܩܘܒ. ܟܠ ܢܦܫ̈ܬܐ ܫܬܝܢ ܘܫܬ.,18,"Todas as almas que vieram com Jacó para o Egito e que saíram da sua coxa, fora as mulheres dos filhos de Jacó, eram todas sessenta e seis almas;",29,True,True,True
46,27,Gênesis 46:27,וּבְנֵ֥י יוֹסֵ֛ף אֲשֶׁר־ יֻלַּד־ ל֥וֹ בְמִצְרַ֖יִם נֶ֣פֶשׁ שְׁנָ֑יִם כָּל־ הַנֶּ֧פֶשׁ לְבֵֽית־ יַעֲקֹ֛ב הַבָּ֥אָה מִצְרַ֖יְמָה שִׁבְעִֽים ׃ פ,ובני יוספ אשר ילד לו במצרימ נפש שנימ כל הנפש לבית יעקב הבאה מצרימה שבעימ פ,17,ובני יוסף די אתילידו ליה במצרים נפשתא תרין כל נפשתא לבית יעקב דעלו למצרים שבעין:,15,υἱοὶ δὲ Ἰωσὴφ οἱ γενόμενοι αὐτῷ ἐν γῇ Αἰγύπτῳ ψυχαὶ ἐννέα. πᾶσαι ψυχαὶ οἴκου Ἰακὼβ αἱ εἰσελθοῦσαι εἰς Αἴγυπτον ἑβδομήκοντα πέντε.,21,ܘܒܢ̈ܝ ܝܘܣܦ ܕܐܬܝܠܕܘ ܠܗ ܒܡܨܪܝܢ. ܢܦܫ̈ܬܐ ܬܪ̈ܬܝܢ. ܟܠܗܝܢ ܢܦܫ̈ܬܐ ܕܒܝܬ ܝܥܩܘܒ ܕܥܠ ܠܡܨܪܝܢ ܫܒܥܝܢ.,14,"e os filhos de José, que lhe nasceram no Egito, eram duas almas. Todas as almas da casa de Jacó, que vieram para o Egito eram setenta.",27,True,True,True
46,28,Gênesis 46:28,וְאֶת־ יְהוּדָ֞ה שָׁלַ֤ח לְפָנָיו֙ אֶל־ יוֹסֵ֔ף לְהוֹרֹ֥ת לְפָנָ֖יו גֹּ֑שְׁנָה וַיָּבֹ֖אוּ אַ֥רְצָה גֹּֽשֶׁן ׃,ואת יהודה שלח לפניו אל יוספ להורת לפניו גשנה ויבאו ארצה גשנ,13,וית יהודה שלח קדמוהי לות יוסף לפנאה קדמוהי לגשן ואתו לארעא דגשן:,12,Τὸν δὲ Ἰούδαν ἀπέστειλεν ἔμπροσθεν αὐτῶν πρὸς Ἰωσὴφ συναντῆσαι αὐτῷ καθ᾽ Ἡρώων ⸂⸆⸃ πόλιν εἰς γῆν Ῥαμεσσή.,17,ܘܠܝܗܘܕܐ ܫܕܪ ܩܕܡܘܗܝ ܠܘܬ ܝܘܣܦ. ܠܡܬܚܙܝܘ ܩܕܡܘܗܝ ܠܓܫܢ. ܘܐܬܐ ܠܐܪܥܐ ܕܓܫܢ.,11,"Ora, Jacó enviou Judá adiante de si a José, para o encaminhar a Gósen; e chegaram à terra de Gósen.",20,True,True,True
46,29,Gênesis 46:29,וַיֶּאְסֹ֤ר יוֹסֵף֙ מֶרְכַּבְתּ֔וֹ וַיַּ֛עַל לִקְרַֽאת־ יִשְׂרָאֵ֥ל אָבִ֖יו גֹּ֑שְׁנָה וַיֵּרָ֣א אֵלָ֗יו וַיִּפֹּל֙ עַל־ צַוָּארָ֔יו וַיֵּ֥בְךְּ עַל־ צַוָּארָ֖יו עֽוֹד ׃,ויאסר יוספ מרכבתו ויעל לקראת ישראל אביו גשנה וירא אליו ויפל על צואריו ויבכ על צואריו עוד,18,וטקיס יוסף רתכוהי וסליק לקדמות ישראל אבוהי לגשן ואתגלי ליה ונפל על צוריה ובכא על צוריה עוד:,17,"ζεύξας δὲ Ἰωσὴφ τὰ ἅρματα αὐτοῦ ἀνέβη εἰς συνάντησιν Ἰσραὴλ τῷ πατρὶ αὐτοῦ καθ᾽ Ἡρώων πόλιν· καὶ ὀφθεὶς αὐτῷ ἐπέπεσεν ἐπὶ τὸν τράχηλον αὐτοῦ, καὶ ἔκλαυσεν κλαυθμῷ πίονι.",28,ܘܦܓ̇ܕ ܝܘܣܦ ܡܪ̈ܟܒܬܗ. ܘܣ̣ܠܩ ܠܐܘܪܥܐ ܕܐܝܣܪܝܠ ܐܒܘܗܝ ܠܓܫܢ. ܘܐܬܚܙܝ ܠܗ ܘܢܦ̣ܠ ܥܠ ܨܘܪܗ. ܘܒܟ̣ܐ ܥܠ ܨܘܪܗ ܬܘܒ.,17,"Então José aprontou o seu carro, e subiu ao encontro de Israel, seu pai, a Gósen; e tendo-se-lhe apresentado, lançou-se ao seu pescoço, e chorou sobre o seu pescoço longo tempo.",31,True,True,True
46,30,Gênesis 46:30,וַיֹּ֧אמֶר יִשְׂרָאֵ֛ל אֶל־ יוֹסֵ֖ף אָמ֣וּתָה הַפָּ֑עַם אַחֲרֵי֙ רְאוֹתִ֣י אֶת־ פָּנֶ֔יךָ כִּ֥י עוֹדְךָ֖ חָֽי ׃,ויאמר ישראל אל יוספ אמותה הפעמ אחרי ראותי את פניכ כי עודכ חי,14,ואמר ישראל ליוסף אלו אנא מית זמנא הדא מנחם אנא בתר דחזיתי ית אפיך ארי עד כען את קים:,19,"καὶ εἶπεν Ἰσραὴλ πρὸς Ἰωσήφ Ἀποθανοῦμαι ἀπὸ τοῦ νῦν, ἐπειδὴ ἑώρακα τὸ πρόσωπόν σου· ἔτι γὰρ σὺ ζῇς.",18,ܘܐܡ̣ܪ ܐܝܣܪܝܠ ܠܝܘܣܦ. ܐܡܘܬ ܡܟܝܠ ܡܢ ܒܬܪ ܕܚ̇ܙܝܬ ܐ̈ܦܝܟ ܒܪܝ. ܕܥܕܟܝܠ ܚܝ ܐܢܬ.,13,"E Israel disse a José: Morra eu agora, já que tenho visto o teu rosto, pois que ainda vives.",19,True,True,True
46,31,Gênesis 46:31,וַיֹּ֨אמֶר יוֹסֵ֤ף אֶל־ אֶחָיו֙ וְאֶל־ בֵּ֣ית אָבִ֔יו אֶעֱלֶ֖ה וְאַגִּ֣ידָה לְפַרְעֹ֑ה וְאֹֽמְרָ֣ה אֵלָ֔יו אַחַ֧י וּבֵית־ אָבִ֛י אֲשֶׁ֥ר בְּאֶֽרֶץ־ כְּנַ֖עַן בָּ֥אוּ אֵלָֽי ׃,ויאמר יוספ אל אחיו ואל בית אביו אעלה ואגידה לפרעה ואמרה אליו אחי ובית אבי אשר בארצ כנענ באו אלי,21,ואמר יוסף לאחוהי ולבית אבוהי אסק ואחוי לפרעה ואימר ליה אחי ובית אבא די בארעא דכנען עלו לותי:,18,"εἶπεν δὲ Ἰωσὴφ πρὸς τοὺς ἀδελφοὺς αὐτοῦ Ἀναβὰς ἀπαγγελῶ τῷ Φαραὼ καὶ ἐρῶ αὐτῷ Οἱ ἀδελφοί μου καὶ ὁ οἶκος τοῦ πατρός μου, οἳ ἦσαν ἐν γῇ Χανάαν, ἥκασιν πρὸς μέ·",31,ܘܐܡ̣ܪ ܝܘܣܦ ܠܐ̈ܚܘܗܝ ܘܠܒܝܬ ܐܒܘܗܝ. ܐܣܩ ܐܚܘܐ ܠܦܪܥܘܢ ܘܐܡ̣ܪ ܠܗ. ܐܚ̈ܝ ܘܒܝܬ ܐܒܝ ܕܒܐܪܥܐ ܕܟܢܥܢ. ܐܬܘ ܠܘܬܝ.,17,"Depois disse José a seus irmãos, e à casa de seu pai: Eu subirei e informarei a Faraó, e lhe direi: Meus irmãos e a casa de meu pai, que estavam na terra de Canaã, vieram para mim.",38,True,True,True
46,32,Gênesis 46:32,וְהָאֲנָשִׁים֙ רֹ֣עֵי צֹ֔אן כִּֽי־ אַנְשֵׁ֥י מִקְנֶ֖ה הָי֑וּ וְצֹאנָ֧ם וּבְקָרָ֛ם וְכָל־ אֲשֶׁ֥ר לָהֶ֖ם הֵבִֽיאוּ ׃,והאנשימ רעי צאנ כי אנשי מקנה היו וצאנמ ובקרמ וכל אשר להמ הביאו,14,וגבריא רעי ענא ארי גברי מרי גיתי הוו וענהון ותורהון וכל די להון איתיאו:,14,οἱ δὲ ἄνδρες εἰσὶν ποιμένες· ἄνδρες γὰρ κτηνοτρόφοι ἦσαν· καὶ τὰ κτήνη καὶ τούς βόας καὶ πάντα τὰ αὐτῶν ἀγιόχασιν.,20,ܘܓܒܪ̈ܐ ܪ̈ܥܝܝ ܥܢܐ ܐܢܘܢ. ܡܛܠ ܕܓܒܪ̈ܐ ܩܢܝ̈ܝ ܩܢܝܢܐ ܐܢܘܢ ܘܥܢܗܘܢ ܘܬܘܪ̈ܝܗܘܢ ܘܟܠ ܕܐܝܬ ܠܗܘܢ ܐܝܬܝܘ.,15,"Os homens são pastores, que se ocupam em apascentar gado; e trouxeram os seus rebanhos, o seu gado e tudo o que têm.",23,True,True,True
46,33,Gênesis 46:33,וְהָיָ֕ה כִּֽי־ יִקְרָ֥א לָכֶ֖ם פַּרְעֹ֑ה וְאָמַ֖ר מַה־ מַּעֲשֵׂיכֶֽם ׃,והיה כי יקרא לכמ פרעה ואמר מה מעשיכמ,9,ויהי ארי יקרי לכון פרעה ויימר מה עובדיכון:,8,ἐὰν οὖν καλέσῃ ὑμᾶς Φαραὼ καὶ εἴπῃ ὑμῖν Τί τὸ ἔργον ὑμῶν ἐστίν;,13,ܘܟܕ ܢܩܪܝܟܘܢ ܦܪܥܘܢ ܘܢܐܡܪ ܠܟܘܢ . ܡܢܘ ܥܒܕܟܘܢ.,8,"Quando, pois, Faraó vos chamar e vos perguntar: Que ocupação é a vossa?",13,True,True,True
46,34,Gênesis 46:34,וַאֲמַרְתֶּ֗ם אַנְשֵׁ֨י מִקְנֶ֜ה הָי֤וּ עֲבָדֶ֨יךָ֙ מִנְּעוּרֵ֣ינוּ וְעַד־ עַ֔תָּה גַּם־ אֲנַ֖חְנוּ גַּם־ אֲבֹתֵ֑ינוּ בַּעֲב֗וּר תֵּשְׁבוּ֙ בְּאֶ֣רֶץ גֹּ֔שֶׁן כִּֽי־ תוֹעֲבַ֥ת מִצְרַ֖יִם כָּל־ רֹ֥עֵה צֹֽאן ׃,ואמרתמ אנשי מקנה היו עבדיכ מנעורינו ועד עתה גמ אנחנו גמ אבתינו בעבור תשבו בארצ גשנ כי תועבת מצרימ כל רעה צאנ,23,ותימרון גברי מרי גיתי הוו עבדיך מעולמנא ועד כען אף אנחנא אף אבהתנא בדיל די תיתבון בארעא דגשן ארי מרחקין מצראי כל רעי ענא:,24,"ἐρεῖτε Ἄνδρες κτηνοτρόφοι ἐσμὲν οἱ παῖδές σου ἐκ παιδὸς ἕως τοῦ νῦν, καὶ ἡμεῖς καὶ οἱ πατέρες ἡμῶν· ἵνα κατοικήσητε ἐν γῇ Γέσεμ Ἀραβίᾳ· βδέλυγμα γάρ ἐστιν Αἰγυπτίων πᾶς ποιμὴν προβάτων.",31,ܐܡܪܘ ܠܗ . ܡܪ̈ܝ ܩܢܝܢܐ ܗܘܘ ܥܒ̣̈ܕܝܟ ܡܢ ܛܠܝܘܬܗܘܢ ܘܥܕܡܐ ܠܗܫܐ. ܘܐܦ ܚܢܢ ܘܐܦ ܐܒ̈ܗܝܢ ܡܛܠ ܕܬܬܒܘܢ ܒܐܪܥܐ ܕܓܫܢ. ܡܛܠ ܕܡܣܠܝܢ ܐܢܘܢ ܠܡܨܪ̈ܝܐ ܟܠ ܪ̈ܥܝܝ ܥܢܐ.,26,"respondereis: Nós, teus servos, temos sido pastores de gado desde a nossa mocidade até agora, tanto nós como nossos pais. Isso direis para que habiteis na terra de Gósen; porque todo pastor de ovelhas é abominação para os egípcios.",39,True,True,True
47,1,Gênesis 47:1,וַיָּבֹ֣א יוֹסֵף֮ וַיַּגֵּ֣ד לְפַרְעֹה֒ וַיֹּ֗אמֶר אָבִ֨י וְאַחַ֜י וְצֹאנָ֤ם וּבְקָרָם֙ וְכָל־ אֲשֶׁ֣ר לָהֶ֔ם בָּ֖אוּ מֵאֶ֣רֶץ כְּנָ֑עַן וְהִנָּ֖ם בְּאֶ֥רֶץ גֹּֽשֶׁן ׃,ויבא יוספ ויגד לפרעה ויאמר אבי ואחי וצאנמ ובקרמ וכל אשר להמ באו מארצ כנענ והנמ בארצ גשנ,19,ואתא יוסף וחוי לפרעה ואמר אבא ואחי וענהון ותורהון וכל די להון אתו מארעא דכנען והא אנון בארעא דגשן:,19,"Ἐλθὼν δὲ Ἰωσὴφ ἀπήγγειλεν τῷ Φαραὼ λέγων Ὁ πατὴρ καὶ οἱ ἀδελφοὶ καὶ τὰ κτήνη καὶ οἱ βόες αὐτῶν καὶ πάντα τὰ αὐτῶν ἦλθον ἐκ γῆς Χανάαν, καὶ ἰδού εἰσιν ἐν γῇ Γέσεμ.",33,ܘܐܬ̣ܐ ܝܘܣܦ ܘܚܘܝ ܠܦܪܥܘܢ ܘܐܡ̣ܪ ܠܗ . ܐܒܝ ܘܐ̈ܚܝ ܘܥܢܗܘܢ ܘܬܘܪ̈ܝܗܘܢ ܘܟܠ ܕܐܝܬ ܠܗܘܢ. ܐܬܘ ܡܢ ܐܪܥܐ ܕܟܢܥܢ. ܘܗܐ ܫ̣ܪܝܢ ܒܐܪܥܐ ܕܓܫܢ.,22,"Então veio José, e informou a Faraó, dizendo: Meu pai e meus irmãos, com seus rebanhos e seu gado, e tudo o que têm, chegaram da terra de Canaã e estão na terra de Gósen.",35,True,True,True
47,2,Gênesis 47:2,וּמִקְצֵ֣ה אֶחָ֔יו לָקַ֖ח חֲמִשָּׁ֣ה אֲנָשִׁ֑ים וַיַּצִּגֵ֖ם לִפְנֵ֥י פַרְעֹֽה ׃,ומקצה אחיו לקח חמשה אנשימ ויצגמ לפני פרעה,9,ומקצת מן אחוהי דבר חמשא גברין ואקימנון קדם פרעה:,9,ἀπὸ δὲ τῶν ἀδελφῶν παρέλαβεν πέντε ἄνδρας καὶ ἔστησεν αὐτοὺς ἐναντίον Φαραώ.,12,ܘܡܢ ܐ̈ܚܘܗܝ ܕܒ̣ܪ ܚܡܫܐ ܓܒܪ̈ܝܢ. ܘܐܩܝܡ ܐܢܘܢ ܩܕܡ ܦܪܥܘܢ.,9,E tomou dentre seus irmãos cinco homens e os apresentou a Faraó.,12,True,True,True
47,3,Gênesis 47:3,וַיֹּ֧אמֶר פַּרְעֹ֛ה אֶל־ אֶחָ֖יו מַה־ מַּעֲשֵׂיכֶ֑ם וַיֹּאמְר֣וּ אֶל־ פַּרְעֹ֗ה רֹעֵ֥ה צֹאן֙ עֲבָדֶ֔יךָ גַּם־ אֲנַ֖חְנוּ גַּם־ אֲבוֹתֵֽינוּ ׃,ויאמר פרעה אל אחיו מה מעשיכמ ויאמרו אל פרעה רעה צאנ עבדיכ גמ אנחנו גמ אבותינו,17,ואמר פרעה לאחוהי מה עובדיכון ואמרו לפרעה רעי ענא עבדיך אף אנחנא אף אבהתנא:,14,"καὶ εἶπεν Φαραὼ τοῖς ἀδελφοῖς Ἰωσήφ Τί τὸ ἔργον ὑμῶν; οἱ δὲ εἶπαν τῷ Φαραώ Ποιμένες προβάτων οἱ παῖδές σου, καὶ ἡμεῖς καὶ οἱ πατέρες ἡμῶν.",26,ܘܐܡ̣ܪ ܦܪܥܘܢ ܠܐܚ̈ܘܗܝ ܕܝܘܣܦ. ܡܢܘ ܥܒܕܟܘܢ. ܘܐܡܪܘ ܠܦܪܥܘܢ. ܪ̈ܥܝܝ ܥܢܐ ܐܢܘܢ ܥܒ̈ܕܝܟ. ܐܦ ܚܢܢ ܘܐܦ ܐ̈ܒܗܝܢ ܡܢ ܛܠܝܘܬܢ .,19,"Então perguntou Faraó a esses irmãos de José: Que ocupação é a vossa; Responderam-lhe: Nós, teus servos, somos pastores de ovelhas, tanto nós como nossos pais.",26,True,True,True
47,4,Gênesis 47:4,וַיֹּאמְר֣וּ אֶל־ פַּרְעֹ֗ה לָג֣וּר בָּאָרֶץ֮ בָּאנוּ֒ כִּי־ אֵ֣ין מִרְעֶ֗ה לַצֹּאן֙ אֲשֶׁ֣ר לַעֲבָדֶ֔יךָ כִּֽי־ כָבֵ֥ד הָרָעָ֖ב בְּאֶ֣רֶץ כְּנָ֑עַן וְעַתָּ֛ה יֵֽשְׁבוּ־ נָ֥א עֲבָדֶ֖יךָ בְּאֶ֥רֶץ גֹּֽשֶׁן ׃,ויאמרו אל פרעה לגור בארצ באנו כי אינ מרעה לצאנ אשר לעבדיכ כי כבד הרעב בארצ כנענ ועתה ישבו נא עבדיכ בארצ גשנ,24,ואמרו לות פרעה לאתותבא בארעא אתינא ארי לית רעיא לענא די לעבדיך ארי תקיף כפנא בארעא דכנען וכען יתבון כען עבדיך בארעא דגשן:,23,"εἶπαν δὲ τῷ Φαραώ Παροικεῖν ἐν τῇ γῇ ἥκαμεν· οὐ γάρ ἐστιν νομὴ τοῖς κτήνεσιν τῶν παίδων σου, ἐνίσχυσεν γὰρ ὁ λιμὸς ἐν γῇ Χανάαν· νῦν οὖν κατοικήσομεν ἐν γῇ Γέσεμ.",31,ܘܐܡܪܘ ܠܦܪܥܘܢ ܠܡܥܡܪ ܒܐܪܥܐ ܐܬܝܢ. ܡܛܠ ܕܠܝܬ ܪܥܝܐ ܠܥܢܐ ܕܥܒ̈ܕܝܟ. ܡܛܠ ܕܥܫ̣ܢ ܟܦܢܐ ܒܐܪܥܐ ܕܟܢܥܢ. ܘܗܫܐ ܢܬܒܘܢ ܥܒ̈ܕܝܟ ܒܐܪܥܐ ܕܓܫܢ.,20,"Disseram mais a Faraó: Viemos para peregrinar nesta terra; porque não há pasto para os rebanhos de teus servos, porquanto a fome é grave na terra de Canaã; agora, pois, rogamos-te permitas que teus servos habitem na terra de Gósen.",40,True,True,True
47,5,Gênesis 47:5,וַיֹּ֣אמֶר פַּרְעֹ֔ה אֶל־ יוֹסֵ֖ף לֵאמֹ֑ר אָבִ֥יךָ וְאַחֶ֖יךָ בָּ֥אוּ אֵלֶֽיךָ ׃,ויאמר פרעה אל יוספ לאמר אביכ ואחיכ באו אליכ,10,ואמר פרעה ליוסף למימר אבוך ואחיך אתו לותך:,8,"εἶπεν δὲ Φαραὼ τῷ Ἰωσήφ Κατοικείτωσαν ἐν γῇ Γέσεμ· εἰ δὲ ἐπίστῃ ὅτι εἰσὶν ἐν αὐτοῖς ἄνδρες δυνατοί, κατάστησον αὐτοὺς ἄρχοντας τῶν ἐμῶν κτηνῶν. ἦλθον δὲ εἰς Αἴγυπτον πρὸς Ἰωσὴφ Ἰακὼβ καὶ οἱ υἱοὶ αὐτοῦ· καὶ ἤκουσεν Φαραὼ βασιλεὺς Αἰγύπτου. καὶ εἶπεν Φαραὼ πρὸς Ἰωσὴφ λέγων Ὁ πατήρ σου καὶ οἱ ἀδελφοί σου ἥκασι πρὸς σέ·",56,ܘܐܡ̣ܪ ܦܪܥܘܢ ܠܝܘܣܦ. ܐܒܘܟ ܘܐܚ̈ܝܟ ܐܬܘ ܠܘܬܟ.,7,"Então falou Faraó a José, dizendo: Teu pai e teus irmãos vieram a ti;",14,True,True,True
47,6,Gênesis 47:6,אֶ֤רֶץ מִצְרַ֨יִם֙ לְפָנֶ֣יךָ הִ֔וא בְּמֵיטַ֣ב הָאָ֔רֶץ הוֹשֵׁ֥ב אֶת־ אָבִ֖יךָ וְאֶת־ אַחֶ֑יךָ יֵשְׁבוּ֙ בְּאֶ֣רֶץ גֹּ֔שֶׁן וְאִם־ יָדַ֗עְתָּ וְיֶשׁ־ בָּם֙ אַנְשֵׁי־ חַ֔יִל וְשַׂמְתָּ֛ם שָׂרֵ֥י מִקְנֶ֖ה עַל־ אֲשֶׁר־ לִֽי ׃,ארצ מצרימ לפניכ הוא במיטב הארצ הושב את אביכ ואת אחיכ ישבו בארצ גשנ ואמ ידעת ויש במ אנשי חיל ושמתמ שרי מקנה על אשר לי,27,ארעא דמצרים קדמך היא בדשפיר בארעא אותיב ית אבוך וית אחיך יתבון בארעא דגשן ואם ידעת ואית בהון גברין דחילא ותמננון רבני גיתי על די לי:,26,ἰδοὺ ἡ γῆ Αἰγύπτου ἐναντίον σού ἐστιν· ἐν τῇ βελτίστῃ γῇ κατοίκισον τὸν πατέρα σου καὶ τοὺς ἀδελφούς σου.,19,ܐܪܥܐ ܕܡܨܪܝܢ ܩܕܡܝܟ ܗ̣ܝ. ܒܫܘܦܪܗ̇ ܕܐܪܥܐ ܐܘܬܒ ܠܐܒܘܟ ܘܠܐ̈ܚܝܟ. ܢܬܒܘܢ ܒܐܪܥܐ ܕܓܫܢ. ܘܐܢ ܝܕܥ̇ ܐܢܬ ܕܐܝܬ ܒܗܘܢ ܓܒܪ̈ܐ ܡܪ̈ܝ ܚܝܠܐ. ܥܒ̣ܕ ܐܢܘܢ ܡܪ̈ܝ ܩܢܝܢܐ ܥܠ ܟܠ ܕܐܝܬ ܠܝ.,28,"a terra do Egito está diante de ti; no melhor da terra faze habitar teu pai e teus irmãos; habitem na terra de Gósen. E se sabes que entre eles há homens capazes, põe-nos sobre os pastores do meu gado.",40,True,True,True
47,7,Gênesis 47:7,וַיָּבֵ֤א יוֹסֵף֙ אֶת־ יַֽעֲקֹ֣ב אָבִ֔יו וַיַּֽעֲמִדֵ֖הוּ לִפְנֵ֣י פַרְעֹ֑ה וַיְבָ֥רֶךְ יַעֲקֹ֖ב אֶת־ פַּרְעֹֽה ׃,ויבא יוספ את יעקב אביו ויעמדהו לפני פרעה ויברכ יעקב את פרעה,13,ואיתי יוסף ית יעקב אבוהי ואקימניה קדם פרעה ובריך יעקב ית פרעה:,12,εἰσήγαγεν δὲ Ἰωσὴφ Ἰακὼβ τὸν πατέρα αὐτοῦ καὶ ἔστησεν αὐτὸν ἐναντίον Φαραώ· καὶ εὐλόγησεν Ἰακὼβ τὸν Φαραώ.,17,ܘܐܥܠ ܝܘܣܦ ܠܝܥܩܘܒ ܐܒܘܗܝ. ܘܐܩܝܡܗ ܩܕܡ ܦܪܥܘܢ. ܘܒ̇ܪܟ ܝܥܩܘܒ ܠܦܪܥܘܢ.,10,"Também José introduziu a Jacó, seu pai, e o apresentou a Faraó; e Jacó abençoou a Faraó.",17,True,True,True
47,8,Gênesis 47:8,וַיֹּ֥אמֶר פַּרְעֹ֖ה אֶֽל־ יַעֲקֹ֑ב כַּמָּ֕ה יְמֵ֖י שְׁנֵ֥י חַיֶּֽיךָ ׃,ויאמר פרעה אל יעקב כמה ימי שני חייכ,9,ואמר פרעה ליעקב כמה יומי שני חיך:,7,εἶπεν δὲ Φαραὼ τῷ Ἰακώβ Πόσα ἔτη ἡμερῶν τῆς ζωῆς σου;,11,ܘܐܡ̣ܪ ܦܪܥܘܢ ܠܝܥܩܘܒ. ܟܡܐ ܐܢܘܢ ܝܘܡ̈ܝ ܫ̈ܢܝ ܚܝ̈ܝܟ.,8,Então perguntou Faraó a Jacó: Quantos são os dias dos anos da tua vida?,14,True,True,True
47,9,Gênesis 47:9,וַיֹּ֤אמֶר יַעֲקֹב֙ אֶל־ פַּרְעֹ֔ה יְמֵי֙ שְׁנֵ֣י מְגוּרַ֔י שְׁלֹשִׁ֥ים וּמְאַ֖ת שָׁנָ֑ה מְעַ֣ט וְרָעִ֗ים הָיוּ֙ יְמֵי֙ שְׁנֵ֣י חַיַּ֔י וְלֹ֣א הִשִּׂ֗יגוּ אֶת־ יְמֵי֙ שְׁנֵי֙ חַיֵּ֣י אֲבֹתַ֔י בִּימֵ֖י מְגוּרֵיהֶֽם ׃,ויאמר יעקב אל פרעה ימי שני מגורי שלשימ ומאת שנה מעט ורעימ היו ימי שני חיי ולא השיגו את ימי שני חיי אבתי בימי מגוריהמ,26,ואמר יעקב לפרעה יומי שני תותבותי מאה ותלתין שנין זעירין ובישין הוו יומי שני חיי ולא אדביקו ית יומי שני חיי אבהתי ביומי תותבותהון:,24,"καὶ εἶπεν Ἰακὼβ τῷ Φαραώ Αἱ ἡμέραι τῶν ἐτῶν τῆς ζωῆς μου ἃς παροικῶ ἑκατὸν τριάκοντα ἔτη· μικραὶ καὶ πονηραὶ γεγόνασιν αἱ ἡμέραι τῶν ἐτῶν τῆς ζωῆς μου· οὐκ ἀφίκοντο εἰς τὰς ἡμέρας τῶν ἐτῶν τῆς ζωῆς τῶν πατέρων μου, ἃς ἡμέρας παρῴκησαν.",43,ܘܐܡ̣ܪ ܝܥܩܘܒ ܠܦܪܥܘܢ. ܝܘܡ̈ܝ ܫ̈ܢܝ ܬܘܬܒܘܬܝ. ܡܐܐ ܘܬܠܬܝܢ ܫ̈ܢܝܢ. ܙܥܘܪ̈ܝܢ ܗܘܘ ܘܒܝܫ̈ܝܢ ܝܘܡ̈ܝ ܫ̈ܢܝ ܚ̈ܝܝ. ܘܠܐ ܡܛܝܘ ܠܫ̈ܢܝ ܚ̈ܝܝ ܐ̈ܒܗܝ. ܒܝ̈ܘܡܝ ܡܥܡܪܗܘܢ.,22,"Respondeu-lhe Jacó: Os dias dos anos das minhas peregrinações são cento e trinta anos; poucos e maus têm sido os dias dos anos da minha vida, e não chegaram aos dias dos anos da vida de meus pais nos dias das suas peregrinações.",43,True,True,True
47,10,Gênesis 47:10,וַיְבָ֥רֶךְ יַעֲקֹ֖ב אֶת־ פַּרְעֹ֑ה וַיֵּצֵ֖א מִלִּפְנֵ֥י פַרְעֹֽה ׃,ויברכ יעקב את פרעה ויצא מלפני פרעה,8,ובריך יעקב ית פרעה ונפק מן קדם פרעה:,8,καὶ εὐλογήσας Ἰακὼβ τὸν Φαραὼ ἐξῆλθεν ἀπ᾽ αὐτοῦ.,8,ܘܒ̇ܪܟ ܝܥܩܘܒ ܠܦܪܥܘܢ. ܘܢܦ̣ܩ ܝܥܩܘܒ ܡܢ ܩܕܡ ܦܪܥܘܢ.,8,"E Jacó abençoou a Faraó, e saiu da sua presença.",10,True,True,True
47,11,Gênesis 47:11,וַיּוֹשֵׁ֣ב יוֹסֵף֮ אֶת־ אָבִ֣יו וְאֶת־ אֶחָיו֒ וַיִּתֵּ֨ן לָהֶ֤ם אֲחֻזָּה֙ בְּאֶ֣רֶץ מִצְרַ֔יִם בְּמֵיטַ֥ב הָאָ֖רֶץ בְּאֶ֣רֶץ רַעְמְסֵ֑ס כַּאֲשֶׁ֖ר צִוָּ֥ה פַרְעֹֽה ׃,ויושב יוספ את אביו ואת אחיו ויתנ להמ אחזה בארצ מצרימ במיטב הארצ בארצ רעמסס כאשר צוה פרעה,19,ואותיב יוסף ית אבוהי וית אחוהי ויהב להון אחסנא בארעא דמצרים בדשפיר בארעא בארעא דרעמסס כמא די פקיד פרעה:,19,"καὶ κατῴκισεν Ἰωσὴφ τὸν πατέρα καὶ τοὺς ἀδελφοὺς αὐτοῦ καὶ ἔδωκεν αὐτοῖς κατάσχεσιν ἐν γῇ Αἰγύπτου, ἐν τῇ βελτίστῃ γῇ, ἐν γῇ Ῥαμεσσή, καθὰ προσέταξεν Φαραώ.",26,ܘܐܘܬܒ ܝܘܣܦ ܠܐܒܘܗܝ ܘܠܐܚ̈ܘܗܝ. ܘܝܗ̣ܒ ܠܗܘܢ ܝܪܬܘܬܐ ܒܐܪܥܐ ܕܡܨܪܝܢ. ܒܫܘܦܪܗ̇ ܕܐܪܥܐ ܒܐܪܥܐ ܕܪܥܡܣܝܣ. ܐܝܟ ܕܦܩ̣ܕ ܦܪܥܘܢ.,16,"José, pois, estabeleceu a seu pai e seus irmãos, dando-lhes possessão na terra do Egito, no melhor da terra, na terra de Ramessés, como Faraó ordenara.",26,True,True,True
47,12,Gênesis 47:12,וַיְכַלְכֵּ֤ל יוֹסֵף֙ אֶת־ אָבִ֣יו וְאֶת־ אֶחָ֔יו וְאֵ֖ת כָּל־ בֵּ֣ית אָבִ֑יו לֶ֖חֶם לְפִ֥י הַטָּֽף ׃,ויכלכל יוספ את אביו ואת אחיו ואת כל בית אביו לחמ לפי הטפ,14,וזן יוסף ית אבוהי וית אחוהי וית כל בית אבוהי לחמא לפום טפלא:,13,καὶ ἐσιτομέτρει Ἰωσὴφ τῷ πατρὶ αὐτοῦ καὶ τοῖς ἀδελφοῖς καὶ παντὶ τῷ οἴκῳ τοῦ πατρὸς αὐτοῦ σῖτον κατὰ σῶμα.,19,ܘܬܪܣܝ ܝܘܣܦ ܠܐܒܘܗܝ ܘܠܐܚ̈ܘܗܝ ܘܠܟܠܗ ܒܝܬ ܐܒܘܗܝ. ܒܥܒܘܪܐ ܠܦܘܬ ܝܩܪܬܐ.,10,"E José sustentou de pão seu pai, seus irmãos e toda a casa de seu pai, segundo o número de seus filhos.",22,True,True,True
47,13,Gênesis 47:13,וְלֶ֤חֶם אֵין֙ בְּכָל־ הָאָ֔רֶץ כִּֽי־ כָבֵ֥ד הָרָעָ֖ב מְאֹ֑ד וַתֵּ֜לַהּ אֶ֤רֶץ מִצְרַ֨יִם֙ וְאֶ֣רֶץ כְּנַ֔עַן מִפְּנֵ֖י הָרָעָֽב ׃,ולחמ אינ בכל הארצ כי כבד הרעב מאד ותלה ארצ מצרימ וארצ כנענ מפני הרעב,16,ולחמא לית בכל ארעא ארי תקיף כפנא לחדא ואשתלהי עמא דארעא דמצרים ועמא דארעא דכנען מן קדם כפנא:,18,"Σῖτος δὲ οὐκ ἦν ἐν πάσῃ τῇ γῇ, ἐνίσχυσεν γὰρ ὁ λιμὸς σφόδρα· ἐξέλιπεν δὲ ἡ γῆ Αἰγύπτου καὶ ἡ γῆ Χανάαν ἀπὸ τοῦ λιμοῦ·",25,ܘܥܒܘܪܐ ܠܝܬ ܒܟܠܗ̇ ܐܪܥܐ. ܡܛܠ ܕܥ̣ܫܢ ܟܦܢܐ ܛܒ. ܘܚ̣ܪܒܬ ܟܠܗ̇ ܐܪܥܐ ܕܡܨܪܝܢ ܘܐܪܥܐ ܕܟܢܥܢ. ܡܢ ܩܕܡ ܟܦܢܐ.,17,"Ora, não havia pão em toda a terra, porque a fome era mui grave; de modo que a terra do Egito e a terra de Canaã desfaleciam por causa da fome.",31,True,True,True
47,14,Gênesis 47:14,וַיְלַקֵּ֣ט יוֹסֵ֗ף אֶת־ כָּל־ הַכֶּ֨סֶף֙ הַנִּמְצָ֤א בְאֶֽרֶץ־ מִצְרַ֨יִם֙ וּבְאֶ֣רֶץ כְּנַ֔עַן בַּשֶּׁ֖בֶר אֲשֶׁר־ הֵ֣ם שֹׁבְרִ֑ים וַיָּבֵ֥א יוֹסֵ֛ף אֶת־ הַכֶּ֖סֶף בֵּ֥יתָה פַרְעֹֽה ׃,וילקט יוספ את כל הכספ הנמצא בארצ מצרימ ובארצ כנענ בשבר אשר המ שברימ ויבא יוספ את הכספ ביתה פרעה,21,ולקיט יוסף ית כל כספא דאשתכח בארעא דמצרים ובארעא דכנען בעיבורא די אנון זבנין ואיתי יוסף ית כספא לבית פרעה:,20,"συνήγαγεν δὲ Ἰωσὴφ πᾶν τὸ ἀργύριον τὸ εὑρεθὲν ἐν γῇ Αἰγύπτου καὶ ἐν γῇ Χανάαν τοῦ σίτου ὃ ἠγόραζον, καὶ ἐσιτομέτρει αὐτοῖς· καὶ εἰσήνεγκεν Ἰωσὴφ πᾶν τὸ ἀργύριον εἰς τὸν οἶκον Φαραώ.",32,ܘܠܩ̇ܛ ܝܘܣܦ ܟܠܗ ܟܣܦܐ ܕܐܫܬܟܚ ܒܐܪܥܐ ܕܡܨܪܝܢ. ܘܒܐܪܥܐ ܕܟܢܥܢ ܒܥܒܘܪܐ ܕܙܒܢܝܢ ܗܘܘ. ܘܐܥܠ ܝܘܣܦ ܟܣܦܐ ܠܒܝܬ ܦܪܥܘܢ.,17,"Então José recolheu todo o dinheiro que se achou na terra do Egito, e na terra de Canaã, pelo trigo que compravam; e José trouxe o dinheiro à casa de Faraó.",31,True,True,True
47,15,Gênesis 47:15,וַיִּתֹּ֣ם הַכֶּ֗סֶף מֵאֶ֣רֶץ מִצְרַיִם֮ וּמֵאֶ֣רֶץ כְּנַעַן֒ וַיָּבֹאוּ֩ כָל־ מִצְרַ֨יִם אֶל־ יוֹסֵ֤ף לֵאמֹר֙ הָֽבָה־ לָּ֣נוּ לֶ֔חֶם וְלָ֥מָּה נָמ֖וּת נֶגְדֶּ֑ךָ כִּ֥י אָפֵ֖ס כָּֽסֶף ׃,ויתמ הכספ מארצ מצרימ ומארצ כנענ ויבאו כל מצרימ אל יוספ לאמר הבה לנו לחמ ולמה נמות נגדכ כי אפס כספ,22,ושלים כספא מארעא דמצרים ומארעא דכנען ואתו כל מצראי לות יוסף למימר הב לנא לחמא ולמה נמות לקבלך ארי שלים כספא:,21,καὶ ἐξέλιπεν τὸ ἀργύριον πᾶν ἐκ γῆς Αἰγύπτου καὶ ἐκ γῆς Χανάαν· ἦλθον δὲ πάντες οἱ Αἰγύπτιοι πρὸς Ἰωσὴφ λέγοντες Δὸς ἡμῖν ἄρτους· καὶ ἵνα τί ἀποθνήσκομεν ἐναντίον σου; ἐκλέλοιπεν γὰρ τὸ ἀργύριον ἡμῶν.,34,ܘܟܣܦܐ ܓܡ̣ܪ ܡܢ ܐܪܥܐ ܕܡܨܪܝܢ ܘܡܢ ܐܪܥܐ ܕܟܢܥܢ. ܘܐܬܘ ܟܠܗܘܢ ܡܨܪ̈ܝܐ ܠܘܬ ܝܘܣܦ ܘܐܡܪ̈ܝܢ ܠܗ . ܗܒ ܠܢ ܥܒܘܪܐ ܘܠܐ ܢܡܘܬ ܩܕܡܝܟ. ܡܛܠ ܕܓܡ̣ܪ ܠܗ ܟܣܦܐ.,26,"Quando se acabou o dinheiro na terra do Egito, e na terra de Canaã, vieram todos os egípcios a José, dizendo: Dá-nos pão; por que morreremos na tua presença? porquanto o dinheiro nos falta.",34,True,True,True
47,16,Gênesis 47:16,וַיֹּ֤אמֶר יוֹסֵף֙ הָב֣וּ מִקְנֵיכֶ֔ם וְאֶתְּנָ֥ה לָכֶ֖ם בְּמִקְנֵיכֶ֑ם אִם־ אָפֵ֖ס כָּֽסֶף ׃,ויאמר יוספ הבו מקניכמ ואתנה לכמ במקניכמ אמ אפס כספ,11,ואמר יוסף הבו גיתיכון ואתן לכון בגיתיכון אם שלים כספא:,10,"εἶπεν δὲ αὐτοῖς Ἰωσήφ Φέρετε τὰ κτήνη ὑμῶν, καὶ δώσω ὑμῖν ἄρτους ἀντὶ τῶν κτηνῶν ὑμῶν, ⸂⸆⸃ εἰ ἐκλέλοιπεν τὸ ἀργύριον ὑμῶν.",22,ܐܡ̇ܪ ܠܗܘܢ ܝܘܣܦ. ܗܒܘ ܠܝ ܩܢܝܢܟܘܢ ܘܐܬܠ ܠܟܘܢ ܒܩܢܝܢܟܘܢ ܐܢ ܓܡ̣ܪ ܟܣܦܐ.,12,"Respondeu José: Trazei o vosso gado, e vo-lo darei por vosso gado, se falta o dinheiro.",16,True,True,True
47,17,Gênesis 47:17,וַיָּבִ֣יאוּ אֶת־ מִקְנֵיהֶם֮ אֶל־ יוֹסֵף֒ וַיִּתֵּ֣ן לָהֶם֩ יוֹסֵ֨ף לֶ֜חֶם בַּסּוּסִ֗ים וּבְמִקְנֵ֥ה הַצֹּ֛אן וּבְמִקְנֵ֥ה הַבָּקָ֖ר וּבַחֲמֹרִ֑ים וַיְנַהֲלֵ֤ם בַּלֶּ֨חֶם֙ בְּכָל־ מִקְנֵהֶ֔ם בַּשָּׁנָ֖ה הַהִֽוא ׃,ויביאו את מקניהמ אל יוספ ויתנ להמ יוספ לחמ בסוסימ ובמקנה הצאנ ובמקנה הבקר ובחמרימ וינהלמ בלחמ בכל מקנהמ בשנה ההוא,22,ואיתיו ית גיתיהון לות יוסף ויהב להון יוסף לחמא בסוסותא ובגיתי ענא ובגיתי תורין ובחמרין וזננון בלחמא בכל גיתיהון בשתא ההיא:,21,"ἤγαγον δὲ τὰ κτήνη πρὸς Ἰωσήφ, καὶ ἔδωκεν αὐτοῖς Ἰωσὴφ ἄρτους ἀντὶ τῶν ἵππων καὶ ἀντὶ τῶν προβάτων καὶ ἀντὶ τῶν βοῶν καὶ ἀντὶ τῶν ὄνων· καὶ ἐξέθρεψεν αὐτοὺς ἐν ἄρτοις ἀντὶ πάντων τῶν κτηνῶν αὐτῶν ἐν τῷ ἐνιαυτῷ ἐκείνῳ.",40,ܘܐܝܬܝܘ ܠܗ ܩܢܝܢܗܘܢ . ܘܝܗ̣ܒ ܠܗܘܢ ܝܘܣܦ ܥܒܘܪܐ ܒܪ̈ܟܫܐ ܘܒܩܢܝܢܐ ܕܥܢܐ ܘܒܩܢܝܢܐ ܕܬܘܪ̈ܐ ܘܕܚܡܪ̈ܐ . ܘܬܪܣܝ ܐܢܘܢ ܒܠܚܡܐ ܒܗ̇ܝ ܫܢܬܐ. ܒܟܠܗ ܩܢܝܢܗܘܢ.,22,"Então trouxeram o seu gado a José; e José deu-lhes pão em troca dos cavalos, e das ovelhas, e dos bois, e dos jumentos; e os sustentou de pão aquele ano em troca de todo o seu gado.",38,True,True,True
47,18,Gênesis 47:18,וַתִּתֹּם֮ הַשָּׁנָ֣ה הַהִוא֒ וַיָּבֹ֨אוּ אֵלָ֜יו בַּשָּׁנָ֣ה הַשֵּׁנִ֗ית וַיֹּ֤אמְרוּ לוֹ֙ לֹֽא־ נְכַחֵ֣ד מֵֽאֲדֹנִ֔י כִּ֚י אִם־ תַּ֣ם הַכֶּ֔סֶף וּמִקְנֵ֥ה הַבְּהֵמָ֖ה אֶל־ אֲדֹנִ֑י לֹ֤א נִשְׁאַר֙ לִפְנֵ֣י אֲדֹנִ֔י בִּלְתִּ֥י אִם־ גְּוִיָּתֵ֖נוּ וְאַדְמָתֵֽנוּ ׃,ותתמ השנה ההוא ויבאו אליו בשנה השנית ויאמרו לו לא נכחד מאדני כי אמ תמ הכספ ומקנה הבהמה אל אדני לא נשאר לפני אדני בלתי אמ גויתנו ואדמתנו,29,ושלימת שתא ההיא ואתו לותיה בשתא תניתא ואמרו ליה לא נכסי מן רבוני אלהין שלים כספא וגיתי בעירא לות רבוני לא אשתאר קדם רבוני אלהין גויתנא וארענא:,27,"ἐξῆλθεν δὲ τὸ ἔτος ἐκεῖνο, καὶ ἦλθαν πρὸς αὐτὸν ἐν τῷ ἔτει τῷ δευτέρῳ καὶ εἶπαν αὐτῷ Μή ποτε ἐκτριβῶμεν ἀπὸ τοῦ κυρίου ἡμῶν· εἰ γὰρ ἐκλέλοιπεν τὸ ἀργύριον ἡμῶν καὶ τὰ ὑπάρχοντα καὶ τὰ κτήνη πρὸς σὲ τὸν κύριον, καὶ οὐχ ὑπολείπεται ἡμῖν ἐναντίον τοῦ κυρίου ἀλλ᾽ ἢ τὸ ἴδιον σῶμα καὶ ἡ γῆ ἡμῶν.",56,ܘܫܠ̣ܡܬ ܫܢܬܐ ܗ̇ܝ. ܘܐܬܘ ܠܘܬܗ ܒܫܢܬܐ ܐܚܪܬܐ ܘܐܡܪܘ ܠܗ. ܠܐ ܡ̇ܛܫܝܢ ܚܢܢ ܡܢ ܡܪܢ. ܡܛܠ ܕܓܡ̣ܪ ܟܣܦܐ ܟܘܠܗ ܘܩܢܝܢܐ ܕܒܥܝܪ̈ܐ ܠܘܬ ܡܪܢ. ܘܠܐ ܐܫܬܚܪ ܩܕܡ ܡܪܢ. ܐܠܐ ܐܢ ܢܦܫ̈ܬܢ ܘܐܪ̈ܥܬܢ.,30,"Findo aquele ano, vieram a José no ano seguinte e disseram-lhe: Não ocultaremos ao meu senhor que o nosso dinheiro está todo gasto; as manadas de gado já pertencem a meu senhor; e nada resta diante de meu senhor, senão o nosso corpo e a nossa terra;",47,True,True,True
47,19,Gênesis 47:19,לָ֧מָּה נָמ֣וּת לְעֵינֶ֗יךָ גַּם־ אֲנַ֨חְנוּ֙ גַּ֣ם אַדְמָתֵ֔נוּ קְנֵֽה־ אֹתָ֥נוּ וְאֶת־ אַדְמָתֵ֖נוּ בַּלָּ֑חֶם וְנִֽהְיֶ֞ה אֲנַ֤חְנוּ וְאַדְמָתֵ֨נוּ֙ עֲבָדִ֣ים לְפַרְעֹ֔ה וְתֶן־ זֶ֗רַע וְנִֽחְיֶה֙ וְלֹ֣א נָמ֔וּת וְהָאֲדָמָ֖ה לֹ֥א תֵשָֽׁם ׃,למה נמות לעיניכ גמ אנחנו גמ אדמתנו קנה אתנו ואת אדמתנו בלחמ ונהיה אנחנו ואדמתנו עבדימ לפרעה ותנ זרע ונחיה ולא נמות והאדמה לא תשמ,26,למה נמות לעיניך אף אנחנא אף ארעתנא קני יתנא וית ארעתנא בלחמא ונהי אנחנא וארעתנא עבדין לפרעה והב בר זרעא וניחי ולא נמות וארעא לא תבור:,26,"ἵνα μὴ ἀποθάνωμεν ἐναντίον σου καὶ ἡ γῆ ἐρημωθῇ, κτῆσαι ἡμᾶς καὶ τὴν γῆν ἡμῶν ἀντὶ ἄρτων, καὶ ἐσόμεθα ἡμεῖς καὶ ἡ γῆ ἡμῶν παῖδες Φαραώ· δὸς σπέρμα ἵνα σπείρωμεν καὶ μὴ ἀποθάνωμεν, καὶ ἡ γῆ ἐρημωθήσεται.",37,ܠܡܢܐ ܡ̇ܝܬܝܢܢ ܩܕܡܝܟ. ܐܦ ܚܢܢ ܐܦ ܐܪ̈ܥܬܢ. ܙܒܢ ܠܢ ܘܠܐܪ̈ܥܬܢ ܒܠܚܡܐ. ܘܢܗܘܐ ܚܢܢ ܘܐܪ̈ܥܬܢ ܥܒ̈ܕܐ ܠܦܪܥܘܢ. ܘܗܒ ܠܢ ܙܪܥܐ ܘܢܚ̣ܐ ܘܠܐ ܢܡܘܬ. ܘܐܪܥܐ ܠܐ ܬܚ̣ܪܒ.,25,"por que morreremos diante dos teus olhos, tanto nós como a nossa terra? Compra-nos a nós e a nossa terra em troca de pão, e nós e a nossa terra seremos servos de Faraó; dá-nos também semente, para que vivamos e não morramos, e para que a terra não fique desolada.",51,True,True,True
47,20,Gênesis 47:20,וַיִּ֨קֶן יוֹסֵ֜ף אֶת־ כָּל־ אַדְמַ֤ת מִצְרַ֨יִם֙ לְפַרְעֹ֔ה כִּֽי־ מָכְר֤וּ מִצְרַ֨יִם֙ אִ֣ישׁ שָׂדֵ֔הוּ כִּֽי־ חָזַ֥ק עֲלֵהֶ֖ם הָרָעָ֑ב וַתְּהִ֥י הָאָ֖רֶץ לְפַרְעֹֽה ׃,ויקנ יוספ את כל אדמת מצרימ לפרעה כי מכרו מצרימ איש שדהו כי חזק עלהמ הרעב ותהי הארצ לפרעה,20,וקנא יוסף ית כל ארעא דמצרים לפרעה ארי זבינו מצרים גבר חקליה ארי תקיף עליהון כפנא והות ארעא לפרעה:,19,"καὶ ἐκτήσατο Ἰωσὴφ πᾶσαν τὴν γῆν τῶν Αἰγυπτίων τῷ Φαραώ· ἀπέδοντο γὰρ οἱ Αἰγύπτιοι τὴν γῆν αὐτῶν τῷ Φαραώ, ἐπεκράτησεν γὰρ αὐτῶν ὁ λιμός· καὶ ἐγένετο ἡ γῆ Φαραώ,",29,ܘܙܒ̣ܢ ܝܘܣܦ ܟܠܗ̇ ܐܪܥܐ ܕܡܨܪܝܢ ܠܦܪܥܘܢ. ܡܛܠ ܕܙܒ̇ܢܘ ܡܨܪ̈ܝܐ ܓܒܪ ܚܩܠܗ. ܡܛܠ ܕܥܫ̣ܢ ܥܠܝܗܘܢ ܟܦܢܐ. ܘܗܘܬ ܐܪܥܐ ܕܦܪܥܘܢ.,18,"Assim José comprou toda a terra do Egito para Faraó; porque os egípcios venderam cada um o seu campo, porquanto a fome lhes era grave em extremo; e a terra ficou sendo de Faraó.",34,True,True,True
47,21,Gênesis 47:21,וְאֶ֨ת־ הָעָ֔ם הֶעֱבִ֥יר אֹת֖וֹ לֶעָרִ֑ים מִקְצֵ֥ה גְבוּל־ מִצְרַ֖יִם וְעַד־ קָצֵֽהוּ ׃,ואת העמ העביר אתו לערימ מקצה גבול מצרימ ועד קצהו,11,וית עמא אעבר יתיה מקרי לקרי מסיפי תחום מצרים ועד סופיה:,11,"καὶ τὸν λαὸν κατεδουλώσατο αὐτῷ εἰς παῖδας, ἀπ᾽ ἄκρων ὁρίων Αἰγύπτου ἕως τῶν ἄκρων,",14,ܘܠܥܡܐ ܫ̇ܢܝ ܐܢܘܢ ܡܢ ܩ̣ܪܐ ܠܩܪܐ. ܡܢ ܣܘܦ ܬܚܘܡܗ̇ ܕܡܨܪܝܢ. ܘܥܕܡܐ ܠܣܘܦܗ̇.,12,"Quanto ao povo, José fê-lo passar às cidades, desde uma até a outra extremidade dos confins do Egito.",18,True,True,True
47,22,Gênesis 47:22,רַ֛ק אַדְמַ֥ת הַכֹּהֲנִ֖ים לֹ֣א קָנָ֑ה כִּי֩ חֹ֨ק לַכֹּהֲנִ֜ים מֵאֵ֣ת פַּרְעֹ֗ה וְאָֽכְל֤וּ אֶת־ חֻקָּם֙ אֲשֶׁ֨ר נָתַ֤ן לָהֶם֙ פַּרְעֹ֔ה עַל־ כֵּ֕ן לֹ֥א מָכְר֖וּ אֶת־ אַדְמָתָֽם ׃,רק אדמת הכהנימ לא קנה כי חק לכהנימ מאת פרעה ואכלו את חקמ אשר נתנ להמ פרעה על כנ לא מכרו את אדמתמ,24,לחוד ארעא דכמריא לא זבין ארי חלקא לכמריא מלות פרעה ואכלין ית חלקהון דיהב להון פרעה על כן לא זבינו ית ארעהון:,22,"χωρὶς τῆς γῆς τῶν ἱερέων μόνον· οὐκ ἐκτήσατο ταύτην Ἰωσήφ· ἐν δόσει γὰρ ἔδωκεν δόμα τοῖς ἱερεῦσιν Φαραώ, καὶ ἤσθιον τὴν δόσιν ἣν ἔδωκεν αὐτοῖς Φαραώ· διὰ τοῦτο οὐκ ἀπέδοντο τὴν γῆν αὐτῶν. ⸆",34,ܒܠܚܘܕ ܐܪܥܐ ܕܟܘܡܪ̈ܐ ܕܠܐ ܙܒ̣ܢ. ܡܛܠ ܕܩ̇ܝܡܬܐ ܩܝܡܐ ܗܘܬ ܠܟܘܡܪ̈ܐ ܡܢ ܠܘܬ ܦܪܥܘܢ. ܘܐܟܠܝܢ ܗܘܘ ܩܝܡ̈ܬܗܘܢ. ܕܝܗ̇ܒ ܗܘܐ ܠܗܘܢ ܦܪܥܘܢ. ܡܛܠ ܗܢܐ ܠܐ ܙܒ̇ܢܘ ܐܪܥܗܘܢ.,25,"Somente a terra dos sacerdotes não a comprou, porquanto os sacerdotes tinham rações de Faraó, e eles comiam as suas rações que Faraó lhes havia dado; por isso não venderam a sua terra.",33,True,True,True
47,23,Gênesis 47:23,וַיֹּ֤אמֶר יוֹסֵף֙ אֶל־ הָעָ֔ם הֵן֩ קָנִ֨יתִי אֶתְכֶ֥ם הַיּ֛וֹם וְאֶת־ אַדְמַתְכֶ֖ם לְפַרְעֹ֑ה הֵֽא־ לָכֶ֣ם זֶ֔רַע וּזְרַעְתֶּ֖ם אֶת־ הָאֲדָמָֽה ׃,ויאמר יוספ אל העמ הנ קניתי אתכמ היומ ואת אדמתכמ לפרעה הא לכמ זרע וזרעתמ את האדמה,18,ואמר יוסף לעמא הא זבנית יתכון יומא דין וית ארעכון לפרעה הא לכון בר זרעא ותזרעון ית ארעא:,18,"εἶπεν δὲ Ἰωσὴφ πᾶσι τοῖς Αἰγυπτίοις Ἰδοὺ κέκτημαι ὑμᾶς καὶ τὴν γῆν ὑμῶν σήμερον τῷ Φαραώ, λάβετε αὑτοῖς σπέρμα καὶ σπείρατε τὴν γῆν·",23,ܘܐܡ̣ܪ ܝܘܣܦ ܠܥܡܐ. ܗܐ ܙܒܢܬܟܘܢ ܝܘܡܢܐ ܠܟܘܢ ܘܠܐܪ̈ܥܬܟܘܢ ܠܦܪܥܘܢ. ܗܐ ܠܟܘܢ ܙܪܥܐ ܕܬܙܪܥܘܢ ܒܐܪܥܐ.,14,"Então disse José ao povo: Hoje vos tenho comprado a vós e a vossa terra para Faraó; eis aí tendes semente para vós, para que semeeis a terra.",28,True,True,True
47,24,Gênesis 47:24,וְהָיָה֙ בַּתְּבוּאֹ֔ת וּנְתַתֶּ֥ם חֲמִישִׁ֖ית לְפַרְעֹ֑ה וְאַרְבַּ֣ע הַיָּדֹ֡ת יִהְיֶ֣ה לָכֶם֩ לְזֶ֨רַע הַשָּׂדֶ֧ה וּֽלְאָכְלְכֶ֛ם וְלַאֲשֶׁ֥ר בְּבָתֵּיכֶ֖ם וְלֶאֱכֹ֥ל לְטַפְּכֶֽם ׃,והיה בתבואת ונתתמ חמישית לפרעה וארבע הידת יהיה לכמ לזרע השדה ולאכלכמ ולאשר בבתיכמ ולאכל לטפכמ,17,ויהי באעולי עללתא ותתנון חד מן חמשא לפרעה וארבע חלקין יהא לכון לבר זרע חקלא ולמיכלכון ולאנש בבתיכון ולמיכל לטפלכון:,20,"καὶ ἔσται τὰ γενήματα αὐτῆς, δώσετε τὸ πέμπτον μέρος τῷ Φαραώ· τὰ δὲ τέσσερα μέρη ἔσται ὑμῖν αὐτοῖς εἰς σπέρμα τῇ γῇ καὶ εἰς βρῶσιν ὑμῖν καὶ πᾶσιν τοῖς οἴκοις ὑμῶν.",31,ܘܡܐ ܕܥܐܠܐ ܥܠܠܬܐ. ܗܘܝܬܘܢ ܝܗܒܝܢ ܚܕ ܡܢ ܚܡܫܐ ܠܦܪܥܘܢ. ܘܐܪ̈ܒܥ ܡܢ̈ܘܢ ܢܗ̈ܘܝܢ ܠܟܘܢ ܠܙܪܥܐ ܕܚܩܠܐ. ܘܠܡܐܟܘܠܬܟܘܢ ܘܠܡܐܟܘܠܬܐ ܕܒܬ̈ܝܟܘܢ. ܘܠܡܐܟܘܠܬܐ ܕܝܩܪܬܟܘܢ.,20,"Há de ser, porém, que no tempo as colheitas dareis a quinta parte a Faraó, e quatro partes serão vossas, para semente do campo, e para o vosso mantimento e dos que estão nas vossas casas, e para o mantimento de vossos filhinho.",43,True,True,True
47,25,Gênesis 47:25,וַיֹּאמְר֖וּ הֶחֱיִתָ֑נוּ נִמְצָא־ חֵן֙ בְּעֵינֵ֣י אֲדֹנִ֔י וְהָיִ֥ינוּ עֲבָדִ֖ים לְפַרְעֹֽה ׃,ויאמרו החיתנו נמצא חנ בעיני אדני והיינו עבדימ לפרעה,10,ואמרו קימתנא נשכח רחמין בעיני רבוני ונהי עבדין לפרעה:,9,"καὶ εἶπαν Σέσωκας ἡμᾶς, εὕρομεν χάριν ἐναντίον τοῦ κυρίου ἡμῶν, καὶ ἐσόμεθα παῖδες Φαραώ.",14,ܘܐܡܪܘ ܐܚܝܬܢ. ܢܫܟܚ ܪ̈ܚܡܐ ܒܥܝܢ̈ܝ ܡܪܢ. ܘܢܗܘܐ ܥܒ̈ܕܐ ܠܦܪܥܘܢ.,9,"Responderam eles: Tu nos tens conservado a vida! achemos graça aos olhos de meu senhor, e seremos servos de Faraó.",20,True,True,True
47,26,Gênesis 47:26,וַיָּ֣שֶׂם אֹתָ֣הּ יוֹסֵ֡ף לְחֹק֩ עַד־ הַיּ֨וֹם הַזֶּ֜ה עַל־ אַדְמַ֥ת מִצְרַ֛יִם לְפַרְעֹ֖ה לַחֹ֑מֶשׁ רַ֞ק אַדְמַ֤ת הַכֹּֽהֲנִים֙ לְבַדָּ֔ם לֹ֥א הָיְתָ֖ה לְפַרְעֹֽה ׃,וישמ אתה יוספ לחק עד היומ הזה על אדמת מצרימ לפרעה לחמש רק אדמת הכהנימ לבדמ לא היתה לפרעה,20,ושוי יתה יוסף לגזרא עד יומא הדין על ארעא דמצרים דיהון יהבין חד מן חמשא לפרעה לחוד ארעא דכמריא בלחודהון לא הות לפרעה:,23,"καὶ ἔθετο αὐτοῖς Ἰωσὴφ εἰς πρόσταγμα ἕως τῆς ἡμέρας ταύτης ἐπὶ γῆν Αἰγύπτου τῷ Φαραὼ ἀποπεμπτοῦν, χωρὶς τῆς γῆς τῶν ἱερέων μόνον· οὐκ ἦν τῷ Φαραώ.",26,ܘܣܡܗ ܝܘܣܦ ܢܡܘܣܐ ܥܕܡܐ ܠܝܘܡܢܐ. ܥܠ ܐܪܥܐ ܕܡܨܪܝܢ. ܠܦܪܥܘܢ ܚܕ ܡܢ ܚܡܫܐ. ܒܠܚܘܕ ܐܪܥܐ ܕܟܘܡܪ̈ܐ ܕܠܐ ܗܘܬ ܕܦܪܥܘܢ.,18,"José, pois, estabeleceu isto por estatuto quanto ao solo do Egito, até o dia de hoje, que a Faraó coubesse o quinto a produção; somente a terra dos sacerdotes não ficou sendo de Faraó.",34,True,True,True
47,27,Gênesis 47:27,וַיֵּ֧שֶׁב יִשְׂרָאֵ֛ל בְּאֶ֥רֶץ מִצְרַ֖יִם בְּאֶ֣רֶץ גֹּ֑שֶׁן וַיֵּאָחֲז֣וּ בָ֔הּ וַיִּפְר֥וּ וַיִּרְבּ֖וּ מְאֹֽד ׃,וישב ישראל בארצ מצרימ בארצ גשנ ויאחזו בה ויפרו וירבו מאד,12,ויתיב ישראל בארעא דמצרים בארעא דגשן ואחסינו בה ונפישו וסגיאו לחדא:,11,"κατῴκησεν δὲ Ἰσραὴλ ἐν γῇ Αἰγύπτῳ ἐπὶ τῆς γῆς Γέσεμ· καὶ ἐκληρονόμησαν ἐπ᾽ αὐτῆς, καὶ ἐπληθύνθησαν σφόδρα.",17,ܘܝܬ̣ܒ ܐܝܣܪܝܠ ܒܐܪܥܐ ܕܡܨܪܝܢ. ܘܒܐܪܥܐ ܕܓܫܢ. ܘܥܫܢܘ ܒܗ̇ ܘܟܒܪܘ ܘܣܓܝܘ ܛܒ.,11,"Assim habitou Israel na terra do Egito, na terra de Gósen; e nela adquiriram propriedades, e frutificaram e multiplicaram-se muito.",20,True,True,True
47,28,Gênesis 47:28,וַיְחִ֤י יַעֲקֹב֙ בְּאֶ֣רֶץ מִצְרַ֔יִם שְׁבַ֥ע עֶשְׂרֵ֖ה שָׁנָ֑ה וַיְהִ֤י יְמֵֽי־ יַעֲקֹב֙ שְׁנֵ֣י חַיָּ֔יו שֶׁ֣בַע שָׁנִ֔ים וְאַרְבָּעִ֥ים וּמְאַ֖ת שָׁנָֽה ׃,ויחי יעקב בארצ מצרימ שבע עשרה שנה ויהי ימי יעקב שני חייו שבע שנימ וארבעימ ומאת שנה,18,וחיא יעקב בארעא דמצרים שבע עשרי שנין והוו יומי יעקב שני חיוהי מאה וארבעין ושבע שנין:,16,Ἐπέζησεν δὲ Ἰακὼβ ἐν γῇ Αἰγύπτῳ ἔτη δέκα ἑπτά· ἐγένοντο δὲ αἱ ἡμέραι Ἰακὼβ ἐνιαυτῶν τῆς ζωῆς αὐτοῦ ἑκατὸν τεσσεράκοντα ἑπτὰ ἔτη.,22,ܘܚ̣ܝܐ ܝܥܩܘܒ ܒܐܪܥܐ ܕܡܨܪܝܢ ܫܒܥܣܪܐ ܫ̈ܢܝܢ. ܘܗܘܘ ܝܘܡ̈ܘܗܝ ܕܝܥܩܘܒ ܫ̈ܢܝ ܚܝ̈ܘܗܝ. ܡܐܐ ܘܐܪ̈ܒܥܝܢ ܘܫܒܥ ܫ̈ܢܝܢ.,15,"E Jacó viveu na terra do Egito dezessete anos; de modo que os dias de Jacó, os anos da sua vida, foram cento e quarenta e sete anos.",28,True,True,True
47,29,Gênesis 47:29,וַיִּקְרְב֣וּ יְמֵֽי־ יִשְׂרָאֵ֘ל לָמוּת֒ וַיִּקְרָ֣א ׀ לִבְנ֣וֹ לְיוֹסֵ֗ף וַיֹּ֤אמֶר לוֹ֙ אִם־ נָ֨א מָצָ֤אתִי חֵן֙ בְּעֵינֶ֔יךָ שִֽׂים־ נָ֥א יָדְךָ֖ תַּ֣חַת יְרֵכִ֑י וְעָשִׂ֤יתָ עִמָּדִי֙ חֶ֣סֶד וֶאֱמֶ֔ת אַל־ נָ֥א תִקְבְּרֵ֖נִי בְּמִצְרָֽיִם ׃,ויקרבו ימי ישראל למות ויקרא לבנו ליוספ ויאמר לו אמ נא מצאתי חנ בעיניכ שימ נא ידכ תחת ירכי ועשית עמדי חסד ואמת אל נא תקברני במצרימ,29,וקריבו יומי ישראל לממת וקרא לבריה ליוסף ואמר ליה אם כען אשכחית רחמין בעיניך שוי כען ידך תחות ירכי ותעבד עמי טיבו וקשוט לא כען תקברנני במצרים:,27,"ἤγγισαν δὲ αἱ ἡμέραι Ἰσραὴλ ἀποθανεῖν, καὶ ἐκάλεσεν τὸν υἱὸν αὐτοῦ Ἰωσὴφ καὶ εἶπεν αὐτῷ Εἰ εὕρηκα χάριν ἐναντίον σου, ὑπόθες τὴν χεῖρά σου ὑπὸ τὸν μηρόν μου, καὶ ποιήσεις ἐπ᾽ ἐμὲ ἐλεημοσύνην καὶ ἀλήθειαν τοῦ μή με θάψαι ἐν Αἰγύπτῳ·",41,ܘܩܪܒܘ ܝܘܡ̈ܘܗܝ ܕܐܝܣܪܝܠ ܠܡܡܬ. ܘܩ̣ܪܐ ܠܝܘܣܦ ܒܪܗ ܘܐܡ̣ܪ ܠܗ. ܐܢ ܐ̇ܫܟܚܬ ܪ̈ܚܡܐ ܒܥܝܢ̈ܝܟ. ܣܝܡ ܐܝܕܟ ܬܚܝܬ ܚܨܝ. ܘܐܘܡܝܟ ܒܡܪܝܐ . ܘܥܒܕ ܥܡܝ ܛܝܒܘܬܐ ܘܩܘܫܬܐ. ܘܠܐ ܬܩܒܪܢܝ ܒܡܨܪܝܢ.,27,"Quando se aproximava o tempo da morte de Israel, chamou ele a José, seu filho, e disse-lhe: Se tenho achado graça aos teus olhos, põe a mão debaixo da minha coxa, e usa para comigo de benevolência e de verdade: rogo-te que não me enterres no Egito;",47,True,True,True
47,30,Gênesis 47:30,וְשָֽׁכַבְתִּי֙ עִם־ אֲבֹתַ֔י וּנְשָׂאתַ֨נִי֙ מִמִּצְרַ֔יִם וּקְבַרְתַּ֖נִי בִּקְבֻרָתָ֑ם וַיֹּאמַ֕ר אָנֹכִ֖י אֶֽעֱשֶׂ֥ה כִדְבָרֶֽךָ ׃,ושכבתי עמ אבתי ונשאתני ממצרימ וקברתני בקברתמ ויאמר אנכי אעשה כדברכ,12,ואשכוב עם אבהתי ותטלנני ממצרים ותקברנני בקברתהון ואמר אנא אעבד כפתגמך:,11,"ἀλλὰ κοιμηθήσομαι μετὰ τῶν πατέρων μου, καὶ ἀρεῖς με ἐξ Αἰγύπτου καὶ θάψεις με ἐν τῷ τάφῳ αὐτῶν. ὁ δὲ εἶπεν Ἐγὼ ποιήσω κατὰ τὸ ῥῆμά σου.",27,ܘܐܫܟܒ ܥܡ ܐܒ̈ܗܝ. ܘܫܩܘܠܝܢܝ ܡܢ ܡܨܪܝܢ ܘܩܒܘܪܝܢܝ ܒܩܒܪܗܘܢ. ܘܐܡ̣ܪ ܝܘܣܦ . ܐܢܐ ܐܥܒܕ ܐܝܟ ܡܠܬܟ.,15,"mas quando eu dormir com os meus pais, levar-me-ás do Egito e enterrar-me-ás junto à sepultura deles. Respondeu José: Farei conforme a tua palavra.",24,True,True,True
47,31,Gênesis 47:31,וַיֹּ֗אמֶר הִשָּֽׁבְעָה֙ לִ֔י וַיִּשָּׁבַ֖ע ל֑וֹ וַיִּשְׁתַּ֥חוּ יִשְׂרָאֵ֖ל עַל־ רֹ֥אשׁ הַמִּטָּֽה ׃ פ,ויאמר השבעה לי וישבע לו וישתחו ישראל על ראש המטה פ,12,ואמר קים לי וקיים ליה וסגיד ישראל על ריש ערסא:,10,εἶπεν δέ Ὄμοσόν μοι. καὶ ὤμοσεν αὐτῷ· καὶ προσεκύνησεν Ἰσραὴλ ἐπὶ τὸ ἄκρον τῆς ῥάβδου αὐτοῦ.,16,ܘܐܡ̣ܪ ܝܡܝ ܠܝ. ܘܝܡ̣ܐ ܠܗ ܘܣܓ̣ܕ ܐܝܣܪܝܠ ܥܠ ܪܝܫ ܚܘܛܪܗ.,10,E Jacó disse: Jura-me; e ele lhe jurou. Então Israel inclinou-se sobre a cabeceira da cama.,16,True,True,True
48,1,Gênesis 48:1,וַיְהִ֗י אַחֲרֵי֙ הַדְּבָרִ֣ים הָאֵ֔לֶּה וַיֹּ֣אמֶר לְיוֹסֵ֔ף הִנֵּ֥ה אָבִ֖יךָ חֹלֶ֑ה וַיִּקַּ֞ח אֶת־ שְׁנֵ֤י בָנָיו֙ עִמּ֔וֹ אֶת־ מְנַשֶּׁ֖ה וְאֶת־ אֶפְרָֽיִם ׃,ויהי אחרי הדברימ האלה ויאמר ליוספ הנה אביכ חלה ויקח את שני בניו עמו את מנשה ואת אפרימ,19,והוה בתר פתגמיא האלין ואמר ליוסף הא אבוך שכיב מרע ודבר ית תרין בנוהי עמיה ית מנשה וית אפרים:,19,"⸂⸆⸃ Ἐγένετο δὲ μετὰ τὰ ῥήματα ταῦτα ἀπηγγέλη τῷ Ἰωσὴφ ὅτι Ὁ πατήρ σου ἐνοχλεῖται· καὶ ἀναλαβὼν τοὺς δύο υἱοὺς αὐτοῦ, τὸν Μανασσὴ καὶ τὸν Ἐφράιμ, ἦλθεν πρὸς Ἰακώβ.",29,ܘܗܘ̣ܐ ܡܢ ܒܬܪ ܦܬ̈ܓܡܐ ܗܠܝܢ. ܐܬܐܡܪ ܠܝܘܣܦ ܕܗܐ ܐܒܘܟ ܐܬܟܪܗ. ܘܕܒ̣ܪ ܠܬܪ̈ܝܢ ܒܢ̈ܘܗܝ ܥܡܗ. ܠܡܢܫܐ ܘܠܐܦܪܝܡ.,16,"Depois destas coisas disseram a José: Eis que teu pai está enfermo. Então José tomou consigo os seus dois filhos, Manassés e Efraim.",23,True,True,True
48,2,Gênesis 48:2,וַיַּגֵּ֣ד לְיַעֲקֹ֔ב וַיֹּ֕אמֶר הִנֵּ֛ה בִּנְךָ֥ יוֹסֵ֖ף בָּ֣א אֵלֶ֑יךָ וַיִּתְחַזֵּק֙ יִשְׂרָאֵ֔ל וַיֵּ֖שֶׁב עַל־ הַמִּטָּֽה ׃,ויגד ליעקב ויאמר הנה בנכ יוספ בא אליכ ויתחזק ישראל וישב על המטה,14,וחוי ליעקב ואמר הא ברך יוסף אתא לותך ואתקף ישראל ויתיב על ערסא:,13,ἀπηγγέλη δὲ τῷ Ἰακὼβ λέγοντες Ἰδοὺ ὁ υἱός σου Ἰωσὴφ ἔρχεται πρὸς σέ· καὶ ἐνισχύσας Ἰσραὴλ ἐκάθισεν ἐπὶ τὴν κλίνην.,20,ܘܚܘܝܘ ܠܝܥܩܘܒ ܘܐܡ̣ܪܘ ܠܗ. ܗܐ ܒܪܟ ܝܘܣܦ ܐܬ̣ܐ ܠܘܬܟ. ܘܐܬܚܝܠ ܐܝܣܪܝܠ ܘܝܬ̣ܒ ܥܠ ܥܪܣܐ.,14,"Disse alguém a Jacó: Eis que José, teu olho, vem ter contigo. E esforçando-se Israel, sentou-se sobre a cama.",19,True,True,True
48,3,Gênesis 48:3,וַיֹּ֤אמֶר יַעֲקֹב֙ אֶל־ יוֹסֵ֔ף אֵ֥ל שַׁדַּ֛י נִרְאָֽה־ אֵלַ֥י בְּל֖וּז בְּאֶ֣רֶץ כְּנָ֑עַן וַיְבָ֖רֶךְ אֹתִֽי ׃,ויאמר יעקב אל יוספ אל שדי נראה אלי בלוז בארצ כנענ ויברכ אתי,14,ואמר יעקב ליוסף אל שדי אתגלי לי בלוז בארעא דכנען ובריך יתי:,12,"καὶ εἶπεν Ἰακὼβ τῷ Ἰωσήφ Ὤφθη μοι ὁ θεός μου ⸆ ἐν Λοῦζα ἐν γῇ Χανάαν, καὶ εὐλόγησέν με",19,ܘܐܡ̣ܪ ܐܝܣܪܝܠ ܠܝܘܣܦ. ܐܝܠܫܕܝ ܐܬܓܠܝ ܥܠܝ ܒܠܘܙ ܒܐܪܥܐ ܕܟܢܥܢ ܘܒܪܟܢܝ.,10,"E disse Jacó a José: O Deus Todo-Poderoso me apareceu em Luz, na terra de Canaã, e me abençoou,",19,True,True,True
48,4,Gênesis 48:4,וַיֹּ֣אמֶר אֵלַ֗י הִנְנִ֤י מַפְרְךָ֙ וְהִרְבִּיתִ֔ךָ וּנְתַתִּ֖יךָ לִקְהַ֣ל עַמִּ֑ים וְנָ֨תַתִּ֜י אֶת־ הָאָ֧רֶץ הַזֹּ֛את לְזַרְעֲךָ֥ אַחֲרֶ֖יךָ אֲחֻזַּ֥ת עוֹלָֽם ׃,ויאמר אלי הנני מפרכ והרביתכ ונתתיכ לקהל עמימ ונתתי את הארצ הזאת לזרעכ אחריכ אחזת עולמ,17,ואמר לי הא אנא מפיש לך ואסגנך ואתננך לכנשת שבטין ואתן ית ארעא הדא לבנך בתרך אחסנת עלם:,18,"καὶ εἶπέν μοι Ἰδοὺ ἐγώ σε αὐξανῶ καὶ πληθυνῶ καὶ ποιήσω σε εἰς συναγωγὰς ἐθνῶν, καὶ δώσω σοι τὴν γῆν ταύτην καὶ τῷ σπέρματί σου μετὰ σὲ εἰς κατάσχεσιν αἰώνιον.",30,ܘܐܡ̣ܪ ܠܝ. ܗܐ ܡܒܪܟ ܐܢܐ ܠܟ ܘܡܣ̇ܓܐ ܐܢܐ ܠܟ. ܘܐܬܠܟ ܠܟܢܫܐ ܕܥܡ̈ܡܐ. ܘܐܬܠ ܐܪܥܐ ܗܕܐ ܠܙܪܥܟ ܡܢ ܒܬܪܟ. ܝܪܬܘܬܐ ܠܥܠܡ.,20,"e me disse: Eis que te farei frutificar e te multiplicarei; tornar-te-ei uma multidão de povos e darei esta terra à tua descendência depois de ti, em possessão perpétua.",29,True,True,True
48,5,Gênesis 48:5,וְעַתָּ֡ה שְׁנֵֽי־ בָנֶיךָ֩ הַנּוֹלָדִ֨ים לְךָ֜ בְּאֶ֣רֶץ מִצְרַ֗יִם עַד־ בֹּאִ֥י אֵלֶ֛יךָ מִצְרַ֖יְמָה לִי־ הֵ֑ם אֶפְרַ֨יִם֙ וּמְנַשֶּׁ֔ה כִּרְאוּבֵ֥ן וְשִׁמְע֖וֹן יִֽהְיוּ־ לִֽי ׃,ועתה שני בניכ הנולדימ לכ בארצ מצרימ עד באי אליכ מצרימה לי המ אפרימ ומנשה כראובנ ושמעונ יהיו לי,20,וכען תרין בנך דאתילידו לך בארעא דמצרים עד מיתי לותך למצרים דילי אנון אפרים ומנשה כראובן ושמעון יהון קדמי:,19,"νῦν οὖν οἱ δύο υἱοί σου οἱ γενόμενοί σοι ἐν Αἰγύπτῳ πρὸ τοῦ με ἐλθεῖν εἰς Αἴγυπτον πρὸς σὲ ἐμοί εἰσιν, Ἐφράιμ καὶ Μανασσή, ὡς Ῥουβὴν καὶ Συμεὼν ἔσονταί μοι·",30,ܘܗܫܐ ܬܪ̈ܝܢ ܒܢܝ̈ܟ ܕܐܬܝܠܕܘ ܠܟ ܒܐܪܥܐ ܕܡܨܪܝܢ. ܥܕܠܐ ܐܬܐ ܠܘܬܟ ܠܐܪܥܐ ܕܡܨܪܝܢ ܕܝܠܝ ܐܢܘܢ. ܐܦܪܝܡ ܘܡܢܫܐ ܕܝܠܝ ܢܗܘܘܢ . ܐܝܟ ܪܘܒܝܠ ܘܐܝܟ ܫܡܥܘܢ ܢܗܘܘܢ ܠܝ.,25,"Agora, pois, os teus dois filhos, que nasceram na terra do Egito antes que eu viesse a ti no Egito, são meus: Efraim e Manassés serão meus, como Rúben e Simeão;",31,True,True,True
48,6,Gênesis 48:6,וּמוֹלַדְתְּךָ֛ אֲשֶׁר־ הוֹלַ֥דְתָּ אַחֲרֵיהֶ֖ם לְךָ֣ יִהְי֑וּ עַ֣ל שֵׁ֧ם אֲחֵיהֶ֛ם יִקָּרְא֖וּ בְּנַחֲלָתָֽם ׃,ומולדתכ אשר הולדת אחריהמ לכ יהיו על שמ אחיהמ יקראו בנחלתמ,12,ובנך די תוליד בתריהון דילך יהון על שום אחוהון יתקרון באחסנתהון:,11,"τὰ δὲ ἔκγονα ἃ δ᾽ ἂν γεννήσῃς μετὰ ταῦτα ἔσονται ἐπὶ τῷ ὀνόματι τῶν ἀδελφῶν αὐτῶν, κληθήσονται ἐπὶ τοῖς ἐκείνων κλήροις.",21,ܘܒ̈ܢܝܐ ܕܬܘܠܕ ܒܬܪܗܘܢ ܠܟ ܢܗܘܘܢ. ܥܠ ܫܡܐ ܕܐ̈ܚܝܗܘܢ ܢܬܩܪܘܢ ܒܝܪܬܘܬܗܘܢ.,10,mas a prole que tiveres depois deles será tua; segundo o nome de seus irmãos serão eles chamados na sua herança.,21,True,True,True
48,7,Gênesis 48:7,וַאֲנִ֣י ׀ בְּבֹאִ֣י מִפַּדָּ֗ן מֵ֩תָה֩ עָלַ֨י רָחֵ֜ל בְּאֶ֤רֶץ כְּנַ֨עַן֙ בַּדֶּ֔רֶךְ בְּע֥וֹד כִּבְרַת־ אֶ֖רֶץ לָבֹ֣א אֶפְרָ֑תָה וָאֶקְבְּרֶ֤הָ שָּׁם֙ בְּדֶ֣רֶךְ אֶפְרָ֔ת הִ֖וא בֵּ֥ית לָֽחֶם ׃,ואני בבאי מפדנ מתה עלי רחל בארצ כנענ בדרכ בעוד כברת ארצ לבא אפרתה ואקברה שמ בדרכ אפרת הוא בית לחמ,23,ואנא במיתי מפדן מיתת עלי רחל בארעא דכנען בארחא בעוד כרובא דארעא למיעל לאפרת וקברתה תמן בארח אפרת היא בית לחם:,21,"ἐγὼ δὲ ἡνίκα ἠρχόμην ἐκ Μεσοποταμίας τῆς Συρίας, ἀπέθανεν Ῥαχὴλ ἡ μήτηρ σου ἐν γῇ Χανάαν, ἐγγίζοντός μου κατὰ τὸν ἱππόδρομον χαβραθὰ τῆς γῆς τοῦ ἐλθεῖν Ἐφράθα· καὶ κατώρυξα αὐτὴν ἐν τῇ ὁδῷ τοῦ ἱπποδρόμου· αὕτη ἐστὶν Βεθλέεμ.",38,ܘܐܢܐ ܟܕ ܐܬ̇ܐ ܐܢܐ ܡܢ ܦܕܢ ܕܐܪܡ. ܡܝܬܬ ܥܠܝ ܪܚܝܠ ܒܐܪܥܐ ܕܟܢܥܢ ܒܐܘܪܚܐ. ܐܝܟ ܡܪܕܐ ܦܪܣܚܐ ܕܐܪܥܐ ܠܡܥܠ ܠܐܦܪܬ. ܘܩܒܪܬܗ̇ ܬܡ̇ܢ ܒܐܘܪܚܐ ܕܐܦܪܬ. ܗ̣ܝ ܗܝ ܒܝܬ ܠܚܡ.,27,"Quando eu vinha de Padã, morreu-me Raquel no caminho, na terra de Canaã, quando ainda faltava alguma distância para chegar a Efrata; sepultei-a ali no caminho que vai dar a Efrata, isto é, Belém.",34,True,True,True
48,8,Gênesis 48:8,וַיַּ֥רְא יִשְׂרָאֵ֖ל אֶת־ בְּנֵ֣י יוֹסֵ֑ף וַיֹּ֖אמֶר מִי־ אֵֽלֶּה ׃,וירא ישראל את בני יוספ ויאמר מי אלה,9,וחזא ישראל ית בני יוסף ואמר מן אלין:,8,ἰδὼν δὲ Ἰσραὴλ τοὺς υἱοὺς Ἰωσὴφ εἶπεν Τίνες σοι οὗτοι;,10,ܘܚ̣ܙܐ ܐܝܣܪܝܠ ܠܒ̈ܢܘܗܝ ܕܝܘܣܦ ܘܐܡ̣ܪ ܠܗ . ܡ̇ܢ ܐܢܘܢ ܗܠܝܢ.,10,"Quando Israel viu os filhos de José, perguntou: Quem são estes?",11,True,True,True
48,9,Gênesis 48:9,וַיֹּ֤אמֶר יוֹסֵף֙ אֶל־ אָבִ֔יו בָּנַ֣י הֵ֔ם אֲשֶׁר־ נָֽתַן־ לִ֥י אֱלֹהִ֖ים בָּזֶ֑ה וַיֹּאמַ֕ר קָֽחֶם־ נָ֥א אֵלַ֖י וַאֲבָרֲכֵֽם ׃,ויאמר יוספ אל אביו בני המ אשר נתנ לי אלהימ בזה ויאמר קחמ נא אלי ואברכמ,17,ואמר יוסף לאבוהי בני אנון דיהב לי יי הכא ואמר קרבנון כען לותי ואברכנון:,14,εἶπεν δὲ Ἰωσὴφ τῷ πατρὶ αὐτοῦ Υἱοί μού εἰσιν οὓς ἔδωκέν μοι ὁ θεὸς ἐνταῦθα. καὶ εἶπεν Ἰακώβ Προσάγαγέ μοι αὐτοὺς ἵνα εὐλογήσω αὐτούς.,24,ܘܐܡ̣ܪ ܝܘܣܦ ܠܐܒܘܗܝ. ܒܢ̈ܝ ܐܢܘܢ ܕܝܗ̣ܒ ܠܝ ܐܠܗܐ ܗܪܟܐ. ܘܐܡ̣ܪ ܩ̇ܪܒ ܐܢܘܢ ܠܘܬܝ ܘܐܒܪܟ ܐܢܘܢ.,15,"Respondeu José a seu pai: Eles são meus filhos, que Deus me tem dado aqui. Continuou Israel: Traze-mos aqui, e eu os abençoarei.",23,True,True,True
48,10,Gênesis 48:10,וְעֵינֵ֤י יִשְׂרָאֵל֙ כָּבְד֣וּ מִזֹּ֔קֶן לֹ֥א יוּכַ֖ל לִרְא֑וֹת וַיַּגֵּ֤שׁ אֹתָם֙ אֵלָ֔יו וַיִּשַּׁ֥ק לָהֶ֖ם וַיְחַבֵּ֥ק לָהֶֽם ׃,ועיני ישראל כבדו מזקנ לא יוכל לראות ויגש אתמ אליו וישק להמ ויחבק להמ,15,ועיני ישראל יקרן מסיבו לא יכול למחזי וקריב יתהון לותיה ונשיק להון וגפיף להון:,14,"οἱ δὲ ὀφθαλμοὶ Ἰσραὴλ ἐβαρυώπησαν ἀπὸ τοῦ γήρους, καὶ οὐκ ἠδύνατο βλέπειν· καὶ ἤγγισεν αὐτοὺς πρὸς αὐτόν, καὶ ἐφίλησεν αὐτοὺς καὶ περιέλαβεν αὐτούς.",23,ܘܥܝܢ̈ܘܗܝ ܕܐܝܣܪܝܠ ܝܩܪ ܡܢ ܣܝܒܘܬܐ. ܘܠܐ ܡܫܟܚ ܗܘܐ ܕܢܚܙܐ ܫܦܝܪ . ܘܩ̇ܪܒ ܐܢܘܢ ܠܘܬܗ. ܘܢܫ̇ܩ ܐܢܘܢ ܘܥܦ̇ܩ ܐܢܘܢ.,18,"Os olhos de Israel, porém, se tinham escurecido por causa da velhice, de modo que não podia ver. José, pois, fê-los chegar a ele; e ele os beijou e os abraçou.",31,True,True,True
48,11,Gênesis 48:11,וַיֹּ֤אמֶר יִשְׂרָאֵל֙ אֶל־ יוֹסֵ֔ף רְאֹ֥ה פָנֶ֖יךָ לֹ֣א פִלָּ֑לְתִּי וְהִנֵּ֨ה הֶרְאָ֥ה אֹתִ֛י אֱלֹהִ֖ים גַּ֥ם אֶת־ זַרְעֶֽךָ ׃,ויאמר ישראל אל יוספ ראה פניכ לא פללתי והנה הראה אתי אלהימ גמ את זרעכ,16,ואמר ישראל ליוסף למחזי אפיך לא סברית והא אחזי יתי יי אף ית בנך:,14,"καὶ εἶπεν Ἰσραὴλ πρὸς Ἰωσήφ Ἰδοὺ τοῦ προσώπου σου οὐκ ἐστερήθην, καὶ ἰδοὺ ἔδειξέν μοι ὁ θεὸς καὶ τὸ σπέρμα σου,",21,ܘܐܡ̣ܪ ܐܝܣܪܝܠ ܠܝܘܣܦ. ܠܚܙܘܐ ܕܐ̈ܦܝܟ ܠܐ ܣܒ̇ܪܬ. ܘܗܐ ܚܘܝܢܝ ܐܠܗܐ ܐܦ ܙܪܥܟ.,12,E Israel disse a José: Eu não cuidara ver o teu rosto; e eis que Deus me fez ver também a tua descendência.,23,True,True,True
48,12,Gênesis 48:12,וַיּוֹצֵ֥א יוֹסֵ֛ף אֹתָ֖ם מֵעִ֣ם בִּרְכָּ֑יו וַיִּשְׁתַּ֥חוּ לְאַפָּ֖יו אָֽרְצָה ׃,ויוצא יוספ אתמ מעמ ברכיו וישתחו לאפיו ארצה,9,ואפיק יוסף יתהון מן קדמוהי וסגיד על אפוהי על ארעא:,10,"καὶ ἐξήγαγεν Ἰωσὴφ αὐτοὺς ἀπὸ τῶν γονάτων αὐτοῦ, καὶ προσεκύνησαν αὐτῷ ἐπὶ πρόσωπον ἐπὶ τῆς γῆς.",16,ܘܐܦܪܩ ܐܢܘܢ ܡܢ ܩܕܡ ܒܘܪ̈ܟܘܗܝ. ܘܣܓܕܘ ܩܕܡܘܗܝ ܥܠ ܐ̈ܦܝܗܘܢ ܥܠ ܐܪܥܐ.,11,Então José os tirou dos joelhos de seu pai; e inclinou-se à terra diante da sua face.,17,True,True,True
48,13,Gênesis 48:13,וַיִּקַּ֣ח יוֹסֵף֮ אֶת־ שְׁנֵיהֶם֒ אֶת־ אֶפְרַ֤יִם בִּֽימִינוֹ֙ מִשְּׂמֹ֣אל יִשְׂרָאֵ֔ל וְאֶת־ מְנַשֶּׁ֥ה בִשְׂמֹאל֖וֹ מִימִ֣ין יִשְׂרָאֵ֑ל וַיַּגֵּ֖שׁ אֵלָֽיו ׃,ויקח יוספ את שניהמ את אפרימ בימינו משמאל ישראל ואת מנשה בשמאלו מימינ ישראל ויגש אליו,17,ודבר יוסף ית תרויהון ית אפרים בימיניה מסמאלא דישראל וית מנשה בסמאליה מימינא דישראל וקריב לותיה:,16,"λαβὼν δὲ Ἰωσὴφ τοὺς δύο υἱοὺς αὐτοῦ, τόν τε Ἐφράιμ ἐν τῇ δεξιᾷ, ἐξ ἀριστερῶν δὲ Ἰσραήλ, τὸν δὲ Μανασσὴ ἐξ ἀριστερῶν, ἐκ δεξιῶν δὲ Ἰσραήλ, ἤγγισεν αὐτοὺς αὐτῷ.",29,ܘܕܒ̣ܪ ܝܘܣܦ ܠܬܪ̈ܝܗܘܢ ܒܢ̈ܘܗܝ ܠܐܦܪܝܡ ܒܝܡܝܢܗ ܡܢ ܣܡܠܗ ܕܐܝܣܪܝܠ. ܘܠܡܢܫܐ ܒܣܡܠܗ ܡܢ ܝܡܝܢܗ ܕܐܝܣܪܝܠ. ܘܩ̇ܪܒ ܐܢܘܢ ܠܘܬܗ.,17,"E José tomou os dois, a Efraim com a sua mão direita, à esquerda de Israel, e a Manassés com a sua mão esquerda, à direita de Israel, e assim os fez chegar a ele.",35,True,True,True
48,14,Gênesis 48:14,וַיִּשְׁלַח֩ יִשְׂרָאֵ֨ל אֶת־ יְמִינ֜וֹ וַיָּ֨שֶׁת עַל־ רֹ֤אשׁ אֶפְרַ֨יִם֙ וְה֣וּא הַצָּעִ֔יר וְאֶת־ שְׂמֹאל֖וֹ עַל־ רֹ֣אשׁ מְנַשֶּׁ֑ה שִׂכֵּל֙ אֶת־ יָדָ֔יו כִּ֥י מְנַשֶּׁ֖ה הַבְּכֽוֹר ׃,וישלח ישראל את ימינו וישת על ראש אפרימ והוא הצעיר ואת שמאלו על ראש מנשה שכל את ידיו כי מנשה הבכור,22,ואושיט ישראל ית ימיניה ושוי על רישא דאפרים והוא זעירא וית סמאליה על רישא דמנשה אחכימנון לידוהי ארי מנשה בוכרא:,20,"ἐκτείνας δὲ Ἰσραὴλ τὴν χεῖρα τὴν δεξιὰν ἐπέβαλεν ἐπὶ τὴν κεφαλὴν Ἐφράιμ, οὗτος δὲ ἦν ὁ νεώτερος, καὶ τὴν ἀριστερὰν ἐπὶ τὴν κεφαλὴν Μανασσή, ἐναλλὰξ τὰς χεῖρας.",27,ܘܐܘܫܛ ܐܝܣܪܝܠ ܝܡܝܢܗ. ܘܣܡܗ̇ ܥܠ ܪܫܗ ܕܐܦܪܝܡ. ܗܘܝܘ ܙܥܘܪܐ. ܘܣܡܠܗ ܥܠ ܪܫܗ ܕܡܢܫܐ. ܫܚ̇ܠܦ ܐܢܝ̈ܢ ܐ̈ܝܕܘܗܝ. ܡܛܠ ܕܡܢܫܐ ܗܘܐ ܒܘܟܪܐ.,20,"Mas Israel, estendendo a mão direita, colocou-a sobre a cabeça de Efraim, que era o menor, e a esquerda sobre a cabeça de Manassés, dirigindo as mãos assim propositadamente, sendo embora este o primogênito.",34,True,True,True
48,15,Gênesis 48:15,וַיְבָ֥רֶךְ אֶת־ יוֹסֵ֖ף וַיֹּאמַ֑ר הָֽאֱלֹהִ֡ים אֲשֶׁר֩ הִתְהַלְּכ֨וּ אֲבֹתַ֤י לְפָנָיו֙ אַבְרָהָ֣ם וְיִצְחָ֔ק הָֽאֱלֹהִים֙ הָרֹעֶ֣ה אֹתִ֔י מֵעוֹדִ֖י עַד־ הַיּ֥וֹם הַזֶּֽה ׃,ויברכ את יוספ ויאמר האלהימ אשר התהלכו אבתי לפניו אברהמ ויצחק האלהימ הרעה אתי מעודי עד היומ הזה,19,ובריך ית יוסף ואמר יי די פלחו אבהתי קדמוהי אברהם ויצחק יי דזן יתי מדאיתני עד יומא הדין:,18,"καὶ ηὐλόγησεν αὐτοὺς καὶ εἶπεν Ὁ θεὸς ᾧ εὐηρέστησαν οἱ πατέρες μου ἐναντίον αὐτοῦ Ἀβραὰμ καὶ Ἰσαάκ, ὁ κύριος ὁ τρέφων με ἐκ νεότητος ἕως τῆς ἡμέρας ταύτης,",28,ܘܒܪܟ ܝܥܩܘܒ ܠܝܘܣܦ ܒܪܗ . ܘܐܡ̣ܪ ܐܠܗܐ ܕܫܦܪܘ ܩܕܡܘܗܝ ܐ̈ܒܗܝ. ܐܒܪܗܡ ܘܐܝܣܚܩ. ܐܠܗܐ ܕܬܪܣܝܢܝ ܡܢ ܛܠܝܘܬܝ ܘܥܕܡܐ ܠܝܘܡܢܐ.,18,"E abençoou a José, dizendo: O Deus em cuja presença andaram os meus pais Abraão e Isaque, o Deus que tem sido o meu pastor durante toda a minha vida até este dia,",33,True,True,True
48,16,Gênesis 48:16,הַמַּלְאָךְ֩ הַגֹּאֵ֨ל אֹתִ֜י מִכָּל־ רָ֗ע יְבָרֵךְ֮ אֶת־ הַנְּעָרִים֒ וְיִקָּרֵ֤א בָהֶם֙ שְׁמִ֔י וְשֵׁ֥ם אֲבֹתַ֖י אַבְרָהָ֣ם וְיִצְחָ֑ק וְיִדְגּ֥וּ לָרֹ֖ב בְּקֶ֥רֶב הָאָֽרֶץ ׃,המלאכ הגאל אתי מכל רע יברכ את הנערימ ויקרא בהמ שמי ושמ אבתי אברהמ ויצחק וידגו לרב בקרב הארצ,20,מלאכא די פרק יתי מכל בישא יברך ית עולימיא ויתקרי בהון שמי ושום אבהתי אברהם ויצחק וכנוני ימא יסגון בגו בני אנשא על ארעא:,24,"ὁ ἄγγελος ὁ ῥυόμενός με ἐκ πάντων τῶν κακῶν, εὐλογήσαι τὰ παιδία ταῦτα· καὶ ἐπικληθήσεται τὸ ὄνομά μου ἐν αὐτοῖς καὶ τὸ ὄνομα τῶν πατέρων μου Ἀβραὰμ καὶ Ἰσαάκ· καὶ πληθυνθείησαν εἰς πλῆθος πολὺ ἐπὶ τῆς γῆς.",37,ܡܠܐܟܐ ܕܦܪܩܢܝ ܡܢ ܟܠ ܒܝܫܐ ܢܒܪܟ ܠܛܠܝ̈ܐ. ܘܢܬܩܪܐ ܫܡܝ ܒܗܘܢ. ܘܫܡܐ ܕܐܒ̈ܗܝ ܐܒܪܗܡ ܘܐܝܣܚܩ. ܘܢܟܒܪܘܢ ܘܢܣܓܘܢ ܒܓܘܗ̇ ܕܐܪܥܐ.,18,"o anjo que me tem livrado de todo o mal, abençoe estes mancebos, e seja chamado neles o meu nome, e o nome de meus pois Abraão e Isaque; e multipliquem-se abundantemente no meio da terra.",36,True,True,True
48,17,Gênesis 48:17,וַיַּ֣רְא יוֹסֵ֗ף כִּי־ יָשִׁ֨ית אָבִ֧יו יַד־ יְמִינ֛וֹ עַל־ רֹ֥אשׁ אֶפְרַ֖יִם וַיֵּ֣רַע בְּעֵינָ֑יו וַיִּתְמֹ֣ךְ יַד־ אָבִ֗יו לְהָסִ֥יר אֹתָ֛הּ מֵעַ֥ל רֹאשׁ־ אֶפְרַ֖יִם עַל־ רֹ֥אשׁ מְנַשֶּֽׁה ׃,וירא יוספ כי ישית אביו יד ימינו על ראש אפרימ וירע בעיניו ויתמכ יד אביו להסיר אתה מעל ראש אפרימ על ראש מנשה,24,וחזא יוסף ארי שוי אבוהי יד ימיניה על רישא דאפרים ובאיש בעינוהי וסעד ידא דאבוהי לאעדאה יתה מעל רישא דאפרים לאנחותה על רישא דמנשה:,24,"ἰδὼν δὲ Ἰωσὴφ ὅτι ἐπέβαλεν ὁ πατὴρ τὴν δεξιὰν αὐτοῦ ἐπὶ τὴν κεφαλὴν Ἐφράιμ, βαρὺ αὐτῷ κατεφάνη· καὶ ἀντελάβετο Ἰωσὴφ τῆς χειρὸς τοῦ πατρὸς αὐτοῦ ἀφελεῖν αὐτὴν ἀπὸ τῆς κεφαλῆς Ἐφράιμ ἐπὶ τὴν κεφαλὴν Μανασσή.",35,ܘܚ̣ܙܐ ܝܘܣܦ ܕܣܡ ܐܒܘܗܝ ܐܝܕܗ ܕܝܡܝܢܐ ܥܠ ܪܝܫܗ ܕܐܦܪܝܡ. ܘܐܬܐܒܫ ܒܥܝܢ̈ܘܗܝ ܘܣܡ̣ܟ ܠܗ̇ ܠܐܝܕܗ ܕܐܒܘܗܝ . ܠܡܥܒܪܘܬܗ̇ ܡܢ ܪܫܗ ܕܐܦܪܝܡ ܘܢܣܝܡܝܗ̇ ܥܠ ܪܫܗ ܕܡܢܫܐ.,24,"Vendo José que seu pai colocava a mão direita sobre a cabeça de Efraim, foi-lhe isso desagradável; levantou, pois, a mão de seu pai, para a transpor da cabeça de Efraim para a cabeça de Manassés.",36,True,True,True
48,18,Gênesis 48:18,וַיֹּ֧אמֶר יוֹסֵ֛ף אֶל־ אָבִ֖יו לֹא־ כֵ֣ן אָבִ֑י כִּי־ זֶ֣ה הַבְּכֹ֔ר שִׂ֥ים יְמִינְךָ֖ עַל־ רֹאשֽׁוֹ ׃,ויאמר יוספ אל אביו לא כנ אבי כי זה הבכר שימ ימינכ על ראשו,15,ואמר יוסף לאבוהי לא כן אבא ארי דין בוכרא שו ימינך על רישיה:,13,"εἶπεν δὲ Ἰωσὴφ τῷ πατρὶ αὐτοῦ Οὐχ οὕτως, πάτερ· οὗτος γὰρ ὁ πρωτότοκος, ἐπίθες τὴν δεξιὰν ἐπὶ τὴν κεφαλὴν αὐτοῦ.",20,ܘܐܡ̣ܪ ܝܘܣܦ ܠܐܒܘܗܝ ܠܐ ܗܘ̣ܐ ܗܟܢܐ ܐܒܝ. ܐܠܐ ܗܢܘ ܒܘܟܪܐ. ܣܝܡ ܝܡܝܢܟ ܥܠ ܪܫܗ.,14,"E José disse a seu pai: Nãa assim, meu pai, porque este é o primogênito; põe a mão direita sobre a sua cabeça.",23,True,True,True
48,19,Gênesis 48:19,וַיְמָאֵ֣ן אָבִ֗יו וַיֹּ֨אמֶר֙ יָדַ֤עְתִּֽי בְנִי֙ יָדַ֔עְתִּי גַּם־ ה֥וּא יִֽהְיֶה־ לְּעָ֖ם וְגַם־ ה֣וּא יִגְדָּ֑ל וְאוּלָ֗ם אָחִ֤יו הַקָּטֹן֙ יִגְדַּ֣ל מִמֶּ֔נּוּ וְזַרְע֖וֹ יִהְיֶ֥ה מְלֹֽא־ הַגּוֹיִֽם ׃,וימאנ אביו ויאמר ידעתי בני ידעתי גמ הוא יהיה לעמ וגמ הוא יגדל ואולמ אחיו הקטנ יגדל ממנו וזרעו יהיה מלא הגוימ,23,וסריב אבוהי ואמר ידענא ברי ידענא אף הוא יהי לעמא ואף הוא יסגי וברם אחוהי זעירא יסגי מניה ובנוהי יהון שליטין בעממיא:,22,"καὶ οὐκ ἠθέλησεν, ἀλλὰ εἶπεν Οἶδα, τέκνον, οἶδα· καὶ οὗτος ἔσται εἰς λαόν, καὶ οὗτος ὑψωθήσεται· ἀλλὰ ὁ ἀδελφὸς αὐτοῦ ὁ νεώτερος μείζων αὐτοῦ ἔσται, καὶ τὸ σπέρμα αὐτοῦ ἔσται εἰς πλῆθος ἐθνῶν.",33,ܘܠܐ ܨܒ̣ܐ ܐܒܘܗܝ. ܘܐܡ̣ܪ ܝܕܥ̇ ܐܢܐ ܒܪܝ ܝܕܥ̇ ܐܢܐ. ܐܦ ܗ̣ܘ ܢܗܘܐ ܠܥܡܐ. ܐܦ ܗ̣ܘ ܢܐܪܒ. ܒܪܡ ܐܚܘܗܝ ܙܥܘܪܐ ܢܐܪܒ ܡܢܗ. ܘܙܪܥܗ ܢܗܘܐ ܡܠ̣ܐ ܥܡ̈ܡܐ.,25,"Mas seu pai, recusando, disse: Eu o sei, meu filho, eu o sei; ele também se tornará um povo, ele também será grande; contudo o seu irmão menor será maior do que ele, e a sua descendência se tornará uma multidão de nações.",43,True,True,True
48,20,Gênesis 48:20,וַיְבָ֨רֲכֵ֜ם בַּיּ֣וֹם הַהוּא֮ לֵאמוֹר֒ בְּךָ֗ יְבָרֵ֤ךְ יִשְׂרָאֵל֙ לֵאמֹ֔ר יְשִֽׂמְךָ֣ אֱלֹהִ֔ים כְּאֶפְרַ֖יִם וְכִמְנַשֶּׁ֑ה וַיָּ֥שֶׂם אֶת־ אֶפְרַ֖יִם לִפְנֵ֥י מְנַשֶּֽׁה ׃,ויברכמ ביומ ההוא לאמור בכ יברכ ישראל לאמר ישמכ אלהימ כאפרימ וכמנשה וישמ את אפרימ לפני מנשה,18,ובריכנון ביומא ההוא למימר בך יברך ישראל למימר ישוינך יי כאפרים וכמנשה ושוי ית אפרים קדם מנשה:,17,καὶ εὐλόγησεν αὐτοὺς ἐν τῇ ἡμέρᾳ ἐκείνῃ λέγων Ἐν ὑμῖν εὐλογηθήσεται Ἰσραὴλ λέγοντες Ποιήσαι σε ὁ θεὸς ὡς Ἐφράιμ καὶ ὡς Μανασσή· καὶ ἔθηκεν τὸν Ἐφράιμ ἔμπροσθεν τοῦ Μανασσή.,29,ܘܒ̇ܪܟ ܐܢܘܢ ܒܝܘܡܐ ܗ̇ܘ ܘܐܡ̣ܪ. ܒܟ ܢܬܒܪܟ ܐܝܣܪܝܠ ܘܢܐܡܪܘܢ. ܢܥܒ̣ܕܟ ܐܠܗܐ ܐܝܟ ܐܦܪܝܡ ܘܐܝܟ ܡܢܫܐ. ܘܥܒ̣ܕ ܠܐܦܪܝܡ ܩܕܡ ܡܢܫܐ.,19,"Assim os abençoou naquele dia, dizendo: Por ti Israel abençoará e dirá: Deus te faça como Efraim e como Manassés. E pôs a Efraim diante de Manassés.",27,True,True,True
48,21,Gênesis 48:21,וַיֹּ֤אמֶר יִשְׂרָאֵל֙ אֶל־ יוֹסֵ֔ף הִנֵּ֥ה אָנֹכִ֖י מֵ֑ת וְהָיָ֤ה אֱלֹהִים֙ עִמָּכֶ֔ם וְהֵשִׁ֣יב אֶתְכֶ֔ם אֶל־ אֶ֖רֶץ אֲבֹתֵיכֶֽם ׃,ויאמר ישראל אל יוספ הנה אנכי מת והיה אלהימ עמכמ והשיב אתכמ אל ארצ אבתיכמ,16,ואמר ישראל ליוסף הא אנא מאית ויהי מימרא דיי בסעדכון ויתיב יתכון לארעא דאבהתכון:,14,"εἶπεν δὲ Ἰσραὴλ τῷ Ἰωσήφ Ἰδοὺ ἐγὼ ἀποθνήσκω, καὶ ἔσται ὁ θεὸς μεθ᾽ ὑμῶν καὶ ἀποστρέψει ὑμᾶς εἰς τὴν γῆν ⸂⸆⸃ τῶν πατέρων ὑμῶν·",24,ܘܐܡ̣ܪ ܐܝܣܪܝܠ ܠܝܘܣܦ. ܗܐ ܐܢܐ ܡܐܬ ܐܢܐ. ܘܢܗܘܐ ܐܠܗܐ ܥܡܟܘܢ. ܘܢܗܦܟܟܘܢ ܠܐܪܥܐ ܕܐ̈ܒܗܝܟܘܢ.,13,"Depois disse Israel a José: Eis que eu morro; mas Deus será convosco, e vos fará tornar para a terra de vossos pais.",23,True,True,True
48,22,Gênesis 48:22,וַאֲנִ֞י נָתַ֧תִּֽי לְךָ֛ שְׁכֶ֥ם אַחַ֖ד עַל־ אַחֶ֑יךָ אֲשֶׁ֤ר לָקַ֨חְתִּי֙ מִיַּ֣ד הָֽאֱמֹרִ֔י בְּחַרְבִּ֖י וּבְקַשְׁתִּֽי ׃ פ,ואני נתתי לכ שכמ אחד על אחיכ אשר לקחתי מיד האמרי בחרבי ובקשתי פ,15,ואנא יהבית לך חולק חד יתיר על אחיך די נסיבית מידא דאמוראה בצלותי ובבעותי:,14,"ἐγὼ δὲ δίδωμί σοι σίκιμα ἐξαίρετον ὑπὲρ τοὺς ἀδελφούς σου, ἣν ἔλαβον ἐκ χειρὸς Ἀμορραίων ἐν μαχαίρᾳ μου καὶ τόξῳ.",20,ܘܐܢܐ ܗܐ ܝܗ̇ܒܬ ܠܟ ܡܢܬܐ ܚܕܐ ܝܬܝܪܬܐ ܥܠ ܐ̈ܚܝܟ. ܕܢܣ̇ܒܬ ܡܢ ܐܝܕܐ ܕܐܡܘܪ̈ܝܐ ܒܣܝܦܝ ܘܒܩܫܬܝ.,15,"E eu te dou um pedaço de terra a mais do que a teus irmãos, o qual tomei com a minha espada e com o meu arco da mão dos amorreus.",31,True,True,True
49,1,Gênesis 49:1,וַיִּקְרָ֥א יַעֲקֹ֖ב אֶל־ בָּנָ֑יו וַיֹּ֗אמֶר הֵאָֽסְפוּ֙ וְאַגִּ֣ידָה לָכֶ֔ם אֵ֛ת אֲשֶׁר־ יִקְרָ֥א אֶתְכֶ֖ם בְּאַחֲרִ֥ית הַיָּמִֽים ׃,ויקרא יעקב אל בניו ויאמר האספו ואגידה לכמ את אשר יקרא אתכמ באחרית הימימ,15,וקרא יעקב לבנוהי ואמר אתכנשו ואחוי לכון ית די יערע יתכון בסוף יומיא:,13,"Ἐκάλεσεν δὲ Ἰακὼβ τοὺς υἱοὺς αὐτοῦ καὶ εἶπεν αὐτοῖς Συνάχθητε, ἵνα ἀναγγείλω ὑμῖν τί ἀπαντήσει ὑμῖν ἐπ᾽ ἐσχάτων τῶν ἡμέρων.",20,ܘܩ̣ܪܐ ܝܥܩܘܒ ܠܒܢ̈ܘܗܝ ܘܐܡ̣ܪ ܠܗܘܢ . ܐܬ̇ܟܢܫܘ ܘܐܚܘܝܟܘܢ ܡܕܡ ܕܓܕܫ̇ ܠܟܘܢ ܒܚܪܬܐ ܕܝܘܡ̈ܬܐ.,13,"Depois chamou Jacó a seus filhos, e disse: Ajuntai-vos para que eu vos anuncie o que vos há de acontecer nos dias vindouros.",23,True,True,True
49,2,Gênesis 49:2,הִקָּבְצ֥וּ וְשִׁמְע֖וּ בְּנֵ֣י יַעֲקֹ֑ב וְשִׁמְע֖וּ אֶל־ יִשְׂרָאֵ֥ל אֲבִיכֶֽם ׃,הקבצו ושמעו בני יעקב ושמעו אל ישראל אביכמ,9,אתכנשו ושמעו בני יעקב וקבילו אולפן מן ישראל אבוכון:,9,"συνάχθητε καὶ ἀκούσατε μου, υἱοὶ Ἰακώβ. ἀκούσατε Ἰσραήλ, ἀκούσατε τοῦ πατρὸς ὑμῶν.",12,ܐܬ̇ܟܢܫܘ ܘܫܡ̣ܥܘ ܒܢ̈ܘܗܝ ܕܝܥܩܘܒ. ܫܡܥܘ ܠܐܝܣܪܐܝܠ ܐܒܘܟܘܢ.,7,"Ajuntai-vos, e ouvi, filhos de Jacó; ouvi a Israel vosso pai:",11,True,True,True
49,3,Gênesis 49:3,רְאוּבֵן֙ בְּכֹ֣רִי אַ֔תָּה כֹּחִ֖י וְרֵאשִׁ֣ית אוֹנִ֑י יֶ֥תֶר שְׂאֵ֖ת וְיֶ֥תֶר עָֽז ׃,ראובנ בכרי אתה כחי וראשית אוני יתר שאת ויתר עז,11,ראובן בוכרי את חילי וריש תקפי לך הוה חזי למסב תלתא חולקין בכירותא כהנתא ומלכותא:,15,"Ῥουβὴν πρωτότοκός μου, σὺ ἰσχύς μου καὶ ἀρχὴ τέκνων μου· σκληρὸς φέρεσθαι καὶ σκληρὸς αὐθάδης.",15,ܪܘܒܝܠ ܒܘܟܪܝ ܐܢܬ. ܚܝܠܝ ܘܪܝܫ ܬܘܩܦܝ. ܫܪܟܐ ܕܫܩܘܠܬܐ ܘܫܪܟܐ ܕܥܘܫܢܐ.,10,"Rúben, tu és meu primogênito, minha força e as primícias do meu vigor, preeminente em dignidade e preeminente em poder.",20,True,True,True
49,4,Gênesis 49:4,פַּ֤חַז כַּמַּ֨יִם֙ אַל־ תּוֹתַ֔ר כִּ֥י עָלִ֖יתָ מִשְׁכְּבֵ֣י אָבִ֑יךָ אָ֥ז חִלַּ֖לְתָּ יְצוּעִ֥י עָלָֽה ׃ פ,פחז כמימ אל תותר כי עלית משכבי אביכ אז חללת יצועי עלה פ,14,על דאזלתא לקבל אפיך הא כמיא ברם לא אהניתא חולק יתיר לא תסב ארי סלקתא בית משכבי אבוך בכן אחלתא לשוויי ברי סלקתא:,23,"ἐξύβρισας ὡς ὕδωρ, μὴ ἐκζέσῃς· ἀνέβης γὰρ ἐπὶ τὴν κοίτην τοῦ πατρός σου· τότε ἐμίανας τὴν στρωμνὴν οὗ ἀνέβης.",19,ܛܥ̣ܝܬ ܐܝܟ ܡ̈ܝܐ ܠܐ ܬܦܘܫ ܕܣܠܩ̣ܬ ܠܡܫܟܒܗ ܕܐܒܘܟ. ܫܪܝܪܐܝܬ ܛܘܫ̣ܬ ܬܫܘܝܬܝ ܘܣ̣ܠܩܬ.,12,"Descomedido como a água, não reterás a preeminência; porquanto subiste ao leito de teu pai; então o contaminaste. Sim, ele subiu à minha cama.",24,True,True,True
49,5,Gênesis 49:5,שִׁמְע֥וֹן וְלֵוִ֖י אַחִ֑ים כְּלֵ֥י חָמָ֖ס מְכֵרֹתֵיהֶֽם ׃,שמעונ ולוי אחימ כלי חמס מכרתיהמ,7,שמעון ולוי אחין גברין גברין בארע תותבותהון עבדו גבורא:,9,Συμεὼν καὶ Λευὶ ἀδελφοί. συνετέλεσαν ἀδικίαν ἐξ αἱρέσεως αὐτῶν.,9,ܫܡܥܘܢ ܘܠܘܝ ܐ̈ܚܐ ܡܐ̈ܢܐ ܕܪܘܓܙܐ ܡܢ ܟܝܢܗܘܢ.,7,Simeão e Levi são irmãos; as suas espadas são instrumentos de violência.,12,True,True,True
49,6,Gênesis 49:6,בְּסֹדָם֙ אַל־ תָּבֹ֣א נַפְשִׁ֔י בִּקְהָלָ֖ם אַל־ תֵּחַ֣ד כְּבֹדִ֑י כִּ֤י בְאַפָּם֙ הָ֣רְגוּ אִ֔ישׁ וּבִרְצֹנָ֖ם עִקְּרוּ־ שֽׁוֹר ׃,בסדמ אל תבא נפשי בקהלמ אל תחד כבדי כי באפמ הרגו איש וברצנמ עקרו שור,16,ברזהון לא הות נפשי באתכנשהון למהך לא נחתית מן יקרי ארי ברגזהון קטלו קטול וברעותהון תרעו שור סנאה:,18,"εἰς βουλὴν αὐτῶν μὴ ἔλθοι ἡ ψυχή μου, καὶ ἐπὶ τῇ συστάσει αὐτῶν μὴ ἐρίσαι τὰ ἥπατά μου· ὅτι ἐν τῷ θυμῷ αὐτῶν ἀπέκτειναν ἀνθρώπους, καὶ ἐν τῇ ἐπιθυμίᾳ αὐτῶν ἐνευροκόπησαν ταῦρον.",32,ܒܐܪܙܗܘܢ ܠܐ ܥܠ̣ܬ ܢܦܫܝ. ܘܒܟܢܫܗܘܢ ܠܐ ܢܚܬܬ ܡܢ ܐܝܩܪܝ. ܡܛܠ ܕܒܪܘܓܙܗܘܢ ܩ̣ܛܠܘ ܓܒܪ̈ܐ. ܘܒܚܡܬܗܘܢ ܥܩܪܘ ܫܘܪܐ.,16,"No seu concílio não entres, ó minha alma! com a sua assembléia não te ajuntes, ó minha glória! porque no seu furor mataram homens, e na sua teima jarretaram bois.",30,True,True,True
49,7,Gênesis 49:7,אָר֤וּר אַפָּם֙ כִּ֣י עָ֔ז וְעֶבְרָתָ֖ם כִּ֣י קָשָׁ֑תָה אֲחַלְּקֵ֣ם בְּיַעֲקֹ֔ב וַאֲפִיצֵ֖ם בְּיִשְׂרָאֵֽל ׃ ס,ארור אפמ כי עז ועברתמ כי קשתה אחלקמ ביעקב ואפיצמ בישראל ס,13,ליט רגזהון ארי תקיף וחמתהון ארי קשיא אפלגנון ביעקב ואבדרנון בישראל:,11,"ἐπικατάρατος ὁ θυμὸς αὐτῶν ὅτι αὐθάδης, καὶ ἡ μῆνις αὐτῶν ὅτι ἐσκληρύνθη· διαμεριῶ αὐτοὺς ἐν Ἰακώβ, καὶ διασπερῶ αὐτοὺς ἐν Ἰσραήλ.",21,ܠܝܛ ܗ̣ܘ ܪܘܓܙܗܘܢ ܡܛܠ ܕܥܫܝܢ. ܘܚܡܬܗܘܢ ܡܛܠ ܕܩܫܝܐ . ܐܦ̇ܠܓ ܐܢܘܢ ܒܝܥܩܘܒ. ܘܐܒܕܪ ܐܢܘܢ ܒܐܝܣܪܝܠ.,15,"Maldito o seu furor, porque era forte! maldita a sua ira, porque era cruel! Dividi-los-ei em Jacó, e os espalharei em Israel.",22,True,True,True
49,8,Gênesis 49:8,יְהוּדָ֗ה אַתָּה֙ יוֹד֣וּךָ אַחֶ֔יךָ יָדְךָ֖ בְּעֹ֣רֶף אֹיְבֶ֑יךָ יִשְׁתַּחֲוּ֥וּ לְךָ֖ בְּנֵ֥י אָבִֽיךָ ׃,יהודה אתה יודוכ אחיכ ידכ בערפ איביכ ישתחוו לכ בני אביכ,12,יהודה את אודיתא ולא בהיתתא בך יודון אחיך ידך תתקף על בעלי דבבך יתבדרון סנאך יהון מחזרין קדל קדמך ויהון מקדמין למשאל בשלמך בני אבוך:,25,"Ἰούδα, σὲ αἰνέσαισαν οἱ ἀδελφοί σου· αἱ χεῖρές σου ἐπὶ νώτου τῶν ἐχθρῶν σου· προσκυνήσουσίν σοι οἱ υἱοὶ τοῦ πατρός σου.",21,ܝܗܘܕܐ ܠܟ ܢܘܕܘܢ ܐ̈ܚܝܟ. ܐܝܕܟ ܥܠ ܩܕܠܐ ܕܒ̈ܥܠܕܒܒܝܟ. ܢܣܓܕܘܢ ܠܟ ܒܢ̈ܘܗܝ ܕܐܒܘܟ.,12,"Judá, a ti te louvarão teus irmãos; a tua mão será sobre o pescoço de teus inimigos: diante de ti se prostrarão os filhos de teu pai.",27,True,True,True
49,9,Gênesis 49:9,גּ֤וּר אַרְיֵה֙ יְהוּדָ֔ה מִטֶּ֖רֶף בְּנִ֣י עָלִ֑יתָ כָּרַ֨ע רָבַ֧ץ כְּאַרְיֵ֛ה וּכְלָבִ֖יא מִ֥י יְקִימֶֽנּוּ ׃,גור אריה יהודה מטרפ בני עלית כרע רבצ כאריה וכלביא מי יקימנו,13,שלטון יהי בשרויא ובסופא יתרבא מלכא מדבית יהודה ארי מדין קטלא ברי נפשך סלקתא ינוח ישרי בתקוף כאריא וכליתא ולית מלכו דתזעזעניה:,22,"σκύμνος λέοντος, Ἰούδα· ἐκ βλαστοῦ, υἱέ μου, ἀνέβης· ἀναπεσὼν ἐκοιμήθης ὡς λέων καὶ ὡς σκύμνος· τίς ἐγερεῖ αὐτόν;",18,ܓܘܪܝܐ ܕܐܪܝܐ ܝܗܘܕܐ. ܡܢ ܩܛܠܐ ܒܪܝ ܣܠܩ̣ܬ. ܒ̣ܪܟ ܘܪܒ̣ܥ ܐܝܟ ܐܪܝܐ. ܘܐܝܟ ܓܘܪܝܐ ܕܐܪܝܐ ܘܡܢܘ ܢܩܝܡܝܘܗܝ.,16,"Judá é um leãozinho. Subiste da presa, meu filho. Ele se encurva e se deita como um leão, e como uma leoa; quem o despertará?",25,True,True,True
49,10,Gênesis 49:10,לֹֽא־ יָס֥וּר שֵׁ֨בֶט֙ מִֽיהוּדָ֔ה וּמְחֹקֵ֖ק מִבֵּ֣ין רַגְלָ֑יו עַ֚ד כִּֽי־ יָבֹ֣א שילה וְל֖וֹ יִקְּהַ֥ת עַמִּֽים ׃,לא יסור שבט מיהודה ומחקק מבינ רגליו עד כי יבא שילה ולו יקהת עמימ,15,לא יעדי עבד שלטן מדבית יהודה וספרא מבני בנוהי עד עלמא עד דייתי משיחא דדיליה היא מלכותא וליה ישתמעון עממיא:,20,"οὐκ ἐκλείψει ἄρχων ἐξ Ἰούδα, καὶ ἡγούμενος ἐκ τῶν μηρῶν αὐτοῦ, ἕως ἂν ἔλθῃ τὰ ἀποκείμενα αὐτῷ, καὶ αὐτὸς προσδοκία ἐθνῶν.",21,ܠܐ ܢܥܢܕ ܫܒܛܐ ܡܢ ܝܗܘܕܐ. ܘܡܒܕܩܢܐ ܡܢ ܒܝܬ ܪ̈ܓܠܘܗܝ. ܥܕܡܐ ܕܢܐܬܐ ܡ̇ܢ ܕܕܝܠܗ ܗ̣ܝ . ܘܠܗ ܢܣ̇ܟܘܢ ܥܡ̈ܡܐ.,18,"O cetro não se arredará de Judá, nem o bastão de autoridade dentre seus pés, até que venha aquele a quem pertence; e a ele obedecerão os povos.",28,True,True,True
49,11,Gênesis 49:11,אֹסְרִ֤י לַגֶּ֨פֶן֙ עירה וְלַשֹּׂרֵקָ֖ה בְּנִ֣י אֲתֹנ֑וֹ כִּבֵּ֤ס בַּיַּ֨יִן֙ לְבֻשׁ֔וֹ וּבְדַם־ עֲנָבִ֖ים סותה ׃,אסרי לגפנ עירה ולשרקה בני אתנו כבס ביינ לבשו ובדמ ענבימ סותה,13,יסחר ישראל לקרתיה עמא יבנון היכליה יהון צדיקיא סחור סחור ליה ועבדי אוריתא באולפן עמיה יהי ארגון טב לבושוהי כסותיה מילא מילא צבע זהורי וצבעונין:,25,"δεσμεύων πρὸς ἄμπελον τὸν πῶλον αὐτοῦ, καὶ τῇ ἕλικι τὸν πῶλον τῆς ὄνου αὐτοῦ· πλυνεῖ ἐν οἴνῳ τὴν στολὴν αὐτοῦ, καὶ ἐν αἵματι σταφυλῆς τὴν περιβολὴν αὐτοῦ.",27,ܢܐܣܘܪ ܒܓܦܬܐ ܥܝܠܗ. ܘܒܫܒܘܩܐ ܒܪ ܐܬܢܗ. ܢܚܘܪ ܒܚܡܪܐ ܠܒܘܫܗ. ܘܒܕܡܐ ܕܥܢ̈ܒܐ ܬܟܣܝܬܗ.,12,"Atando ele o seu jumentinho à vide, e o filho da sua jumenta à videira seleta, lava as suas roupas em vinho e a sua vestidura em sangue de uvas.",30,True,True,True
49,12,Gênesis 49:12,חַכְלִילִ֥י עֵינַ֖יִם מִיָּ֑יִן וּלְבֶן־ שִׁנַּ֖יִם מֵחָלָֽב ׃ פ,חכלילי עינימ מיינ ולבנ שנימ מחלב פ,8,יסמקון טורוהי בכרמוהי יטופון נעווהי בחמר יחורן בקעתיה בעיבור ובעדרי ענא:,11,"χαροποιοὶ οἱ ὀφθαλμοὶ αὐτοῦ ὑπὲρ οἶνον, καὶ λευκοὶ οἱ ὀδόντες αὐτοῦ ἢ γάλα.",13,ܙܪܓܢ ܥܝܢ̈ܘܗܝ ܡܢ ܚܡܪܐ. ܘܚܘܪ̈ܢ ܫ̈ܢܘܗܝ ܡܢ ܚܠܒܐ.,8,"Os olhos serão escurecidos pelo vinho, e os dentes brancos de leite.",12,True,True,True
49,13,Gênesis 49:13,זְבוּלֻ֕ן לְח֥וֹף יַמִּ֖ים יִשְׁכֹּ֑ן וְהוּא֙ לְח֣וֹף אֳנִיּ֔וֹת וְיַרְכָת֖וֹ עַל־ צִידֹֽן ׃ ס,זבולנ לחופ ימימ ישכנ והוא לחופ אניות וירכתו על צידנ ס,12,זבולן על ספר יממיא ישרי והוא יכבש מחוזין בספינן וטוב ימא ייכול ותחומיה יהי מטי על צידון:,17,"Ζαβουλὼν παράλιος κατοικήσει, καὶ αὐτὸς παρ᾽ ὅρμον πλοίων, καὶ παρατενεῖ ἕως Σιδῶνος.",12,ܙܒܘܠܘܢ ܥܠ ܣܦܪ̈ܝ ܝܡ̈ܡܐ ܢܫܪܐ. ܘܗ̣ܘ ܥܠ ܫܘܦܪܐ ܕܣܦܝ̈ܢܐ. ܘܬܚܘܡܗ ܥܕܡܐ ܠܨܝܕܢ.,12,Zebulom habitará no litoral; será ele ancoradouro de navios; e o seu termo estender-se-á até Sidom.,16,True,True,True
49,14,Gênesis 49:14,יִשָּׂשכָ֖ר חֲמֹ֣ר גָּ֑רֶם רֹבֵ֖ץ בֵּ֥ין הַֽמִּשְׁפְּתָֽיִם ׃,יששכר חמר גרמ רבצ בינ המשפתימ,7,יששכר עתיר בנכסין ואחסנתיה בין תחומיא:,6,"Ἰσσαχὰρ τὸ καλὸν ἐπεθύμησεν, ἀναπαυόμενος ἀνὰ μέσον τῶν κλήρων·",9,ܐܝܣܟܪ ܓܒܪܐ ܓܢܒܪܐ. ܕܪܒܝܥ ܒܝܬ ܫܒܝ̈ܠܐ.,6,"Issacar é jumento forte, deitado entre dois fardos.",8,True,True,True
49,15,Gênesis 49:15,וַיַּ֤רְא מְנֻחָה֙ כִּ֣י ט֔וֹב וְאֶת־ הָאָ֖רֶץ כִּ֣י נָעֵ֑מָה וַיֵּ֤ט שִׁכְמוֹ֙ לִסְבֹּ֔ל וַיְהִ֖י לְמַס־ עֹבֵֽד ׃ ס,וירא מנחה כי טוב ואת הארצ כי נעמה ויט שכמו לסבל ויהי למס עבד ס,16,וחזא חולקא ארי טב וית ארעא ארי מעבדא פירין ויכבש מחוזי עממיא וישיצי ית דיריהון ודאשתארון בהון יהון ליה פלחין ומסקי מסין:,22,"καὶ ἰδὼν τὴν ἀνάπαυσιν ὅτι καλή, καὶ τὴν γῆν ὅτι πίων ὑπέθηκεν τὸν ὦμον αὐτοῦ εἰς τὸ πονεῖν, καὶ ἐγενήθη ἀνὴρ γεωργός.",22,ܘܚ̣ܙܐ ܡܫܪܝܗ ܕܫܦܝܪ. ܘܐܪܥܗ ܕܛܒܐ. ܘܐܪܟܢ ܟܬܦܗ ܠܫܘܥܒܕܐ. ܘܗܘ̣ܐ ܠܡܕܐܬܐ.,10,"Viu ele que o descanso era bom, e que a terra era agradável. Sujeitou os seus ombros à carga e entregou-se ao serviço forçado de um escravo.",27,True,True,True
49,16,Gênesis 49:16,דָּ֖ן יָדִ֣ין עַמּ֑וֹ כְּאַחַ֖ד שִׁבְטֵ֥י יִשְׂרָאֵֽל ׃,דנ ידינ עמו כאחד שבטי ישראל,7,מדבית דן יתבחר ויקום גברא ביומוהי יתפרק עמיה ובשנוהי ינוחון כחדא שבטיא דישראל:,13,"Δὰν κρινεῖ τὸν ἑαυτοῦ λαόν, ὡσεὶ καὶ μία φυλὴ ἐν Ἰσραήλ.",11,ܕܢ ܢܕܘܢ ܠܥܡܗ. ܐܝܟ ܚܕ ܡܢ ܫܒ̈ܛܐ ܕܐܝܣܪܝܠ.,8,"Dã julgará o seu povo, como uma das tribos de Israel.",11,True,True,True
49,17,Gênesis 49:17,יְהִי־ דָן֙ נָחָ֣שׁ עֲלֵי־ דֶ֔רֶךְ שְׁפִיפֹ֖ן עֲלֵי־ אֹ֑רַח הַנֹּשֵׁךְ֙ עִקְּבֵי־ ס֔וּס וַיִּפֹּ֥ל רֹכְב֖וֹ אָחֽוֹר ׃,יהי דנ נחש עלי דרכ שפיפנ עלי ארח הנשכ עקבי סוס ויפל רכבו אחור,15,יהי גברא דיתבחר ויקום מדבית דן אימתיה תתרמי על עממיא ומחתיה תתקף בפלשתאי כחיוי חורמן ישרי על ארחא וכפתנא יכמון על שבילא יקטל גברי משרית פלשתאי פרשין עם רגלאין יעקר סוסון ורתכין וימגר רוכביהון לאחורא:,35,"καὶ γενηθήτω Δὰν ὄφις ἐφ᾽ ὁδοῦ, ἐνκαθήμενος ἐπὶ τρίβου· δάκνων πτέρναν ἵππου, καὶ πεσεῖται ὁ ἱππεὺς εἰς τὰ ὀπίσω,",19,ܢܗܘܐ ܕܢ ܚܘܝܐ ܕܥܠ ܐܘܪܚܐ. ܘܚܪܡܢܐ ܕܥܠ ܫܒܝ̈ܠܐ . ܕܢܟܬ ܠܣܘܣܝܐ ܒܥܩܒܗ. ܘܡܪܡܐ ܠܪܟܒܗ ܠܒܣܬܪܗ.,15,"Dã será serpente junto ao caminho, uma víbora junto à vereda, que morde os calcanhares do cavalo, de modo que caia o seu cavaleiro para trás.",26,True,True,True
49,18,Gênesis 49:18,לִֽישׁוּעָתְךָ֖ קִוִּ֥יתִי יְהוָֽה ׃,לישועתכ קויתי יהוה,4,לפורקנך סברית יי:,3,τὴν σωτηρίαν περιμένων Κυρίου.,4,ܠܦܘܪܩܢܟ ܣ̇ܟܝܬ ܡܪܝܐ.,3,"A tua salvação tenho esperado, ó Senhor!",7,True,True,True
49,19,Gênesis 49:19,גָּ֖ד גְּד֣וּד יְגוּדֶ֑נּוּ וְה֖וּא יָגֻ֥ד עָקֵֽב ׃ ס,גד גדוד יגודנו והוא יגד עקב ס,8,מדבית גד משרית מזינין כד יעברון ית ירדנא קדם אחיהון לקרבא ובנכסין סגיאין יתובון לארעהון:,15,"Γάδ, πειρατήριον πειρατεύσει αὐτόν· αὐτὸς δὲ πειρατεύσει αὐτῶν κατὰ πόδας.",10,ܓܕ ܒܓܝܣܐ ܢܦܘܩ. ܘܗ̣ܘ ܢܓܕ ܥܩܒܐ.,6,"Quanto a Gade, guerrilheiros o acometerão; mas ele, por sua vez, os acometerá.",13,True,True,True
49,20,Gênesis 49:20,מֵאָשֵׁ֖ר שְׁמֵנָ֣ה לַחְמ֑וֹ וְה֥וּא יִתֵּ֖ן מַֽעֲדַנֵּי־ מֶֽלֶךְ ׃ ס,מאשר שמנה לחמו והוא יתנ מעדני מלכ ס,9,דאשר טבא ארעיה והוא מרביא בתפנוקי מלכין:,7,"Ἀσήρ, πίων αὐτοῦ ὁ ἄρτος, καὶ αὐτὸς δώσει τρυφὴν ἄρχουσιν.",10,ܐܫܝܪ ܛܒܐ ܐܪܥܗ. ܘܗ̣ܘ ܢܬܠ ܬܘܪܣܝܐ ܠܡ̈ܠܟܐ.,7,"De Aser, o seu pão será gordo; ele produzirá delícias reais.",11,True,True,True
49,21,Gênesis 49:21,נַפְתָּלִ֖י אַיָּלָ֣ה שְׁלֻחָ֑ה הַנֹּתֵ֖ן אִמְרֵי־ שָֽׁפֶר ׃ ס,נפתלי אילה שלחה הנתנ אמרי שפר ס,8,נפתלי בארע טבא יתרמי עדביה ואחסנתיה תהי מעבדא פירין יהון מודן ומברכין עליהון:,13,"Νεφθαλεί, στέλεχος ἀνειμένον, ἐπιδιδοὺς ἐν τῷ γενήματι κάλλος.",8,ܢܦܬܠܝ ܐܝܙܓܕܐ ܩܠܝܠܐ. ܝܗ̇ܒ ܡܐܡܪܐ ܫܦܝܪܐ.,6,Naftali é uma gazela solta; ele profere palavras formosas.,9,True,True,True
49,22,Gênesis 49:22,בֵּ֤ן פֹּרָת֙ יוֹסֵ֔ף בֵּ֥ן פֹּרָ֖ת עֲלֵי־ עָ֑יִן בָּנ֕וֹת צָעֲדָ֖ה עֲלֵי־ שֽׁוּר ׃,בנ פרת יוספ בנ פרת עלי עינ בנות צעדה עלי שור,12,ברי דיסגי יוסף ברי דיתברך כגפן דנציב על עינא דמיא תרין שבטין יפקון מבנוהי יקבלון חולקא ואחסנתא:,17,"Υἱὸς ηὐξημένος Ἰωσήφ, υἱὸς ηὐξημένος μου ζηλωτός· υἱός μου νεώτατος· πρὸς μὲ ἀνάστρεψον.",13,ܒܪܐ ܕܬܪܒܝܬܐ ܝܘܣܦ. ܒܪܐ ܕܬܪܒܝܬܐ. ܣܩܝ ܥܝܢܐ ܒܢܝܢܐ ܣܡܝܟܐ. ܕܣ̇ܠܩ ܒܫܘܪܐ.,11,"José é um ramo frutífero, ramo frutífero junto a uma fonte; seus raminhos se estendem sobre o muro.",18,True,True,True
49,23,Gênesis 49:23,וַֽיְמָרֲרֻ֖הוּ וָרֹ֑בּוּ וַֽיִּשְׂטְמֻ֖הוּ בַּעֲלֵ֥י חִצִּֽים ׃,וימררהו ורבו וישטמהו בעלי חצימ,6,ואתמררו יתיה ונקמוהי ואעיקו ליה גברין גברין בעלי פלגותא:,9,"εἰς ὃν διαβουλευόμενοι ἐλοιδόρουν, καὶ ἐνεῖχον αὐτῷ κύριοι τοξευμάτων·",9,ܘܐܬܚܪܝܘ ܥܡܗ ܘܣܓܝܘ. ܘܣܩܪܘܗܝ ܡܪ̈ܝ ܓܘ̈ܕܐ.,6,"Os flecheiros lhe deram amargura, e o flecharam e perseguiram,",10,True,True,True
49,24,Gênesis 49:24,וַתֵּ֤שֶׁב בְּאֵיתָן֙ קַשְׁתּ֔וֹ וַיָּפֹ֖זּוּ זְרֹעֵ֣י יָדָ֑יו מִידֵי֙ אֲבִ֣יר יַעֲקֹ֔ב מִשָּׁ֥ם רֹעֶ֖ה אֶ֥בֶן יִשְׂרָאֵֽל ׃,ותשב באיתנ קשתו ויפזו זרעי ידיו מידי אביר יעקב משמ רעה אבנ ישראל,14,ותבת בהון נביאותיה על דקים אוריתא בסתרא ושוי בתוקפא רוחצניה בכן יתרמא דהב על דרעוהי ואחסין מלכותא ותקיף דא הות ליה מן קדם אל תקיפא דיעקב די במימריה זן אבהן ובנין זרעא דישראל:,33,"καὶ συνετρίβη μετὰ κράτους τὰ τόξα αὐτῶν, καὶ ἐξελύθη τὰ νεῦρα βραχιόνων χειρὸς αὐτῶν, διὰ χεῖρα δυνάστου Ἰακώβ· ἐκεῖθεν ὁ κατισχύσας Ἰσραήλ· παρὰ θεοῦ τοῦ πατρός σου.",27,ܘܗܦ̣ܟܬ ܒܥܘܫܢܐ ܩܫܬܗ. ܘܐ̣ܬܒܕܪܘ ܕܪ̈ܥܐ ܕܐ̈ܝܕܘܗܝ. ܡܢ ܐ̈ܝܕܝ ܥܫܝܢܐ ܕܝܥܩܘܒ. ܘܡܢ ܫܡ ܪܥܝܐ ܕܟܐܦܐ ܕܐܝܣܪܝܠ.,15,"mas o seu arco permaneceu firme, e os seus braços foram fortalecidos pelas mãos do Poderoso de Jacó, o Pastor, o Rochedo de Israel,",24,True,True,True
49,25,Gênesis 49:25,מֵאֵ֨ל אָבִ֜יךָ וְיַעְזְרֶ֗ךָּ וְאֵ֤ת שַׁדַּי֙ וִיבָ֣רְכֶ֔ךָּ בִּרְכֹ֤ת שָׁמַ֨יִם֙ מֵעָ֔ל בִּרְכֹ֥ת תְּה֖וֹם רֹבֶ֣צֶת תָּ֑חַת בִּרְכֹ֥ת שָׁדַ֖יִם וָרָֽחַם ׃,מאל אביכ ויעזרכ ואת שדי ויברככ ברכת שמימ מעל ברכת תהומ רבצת תחת ברכת שדימ ורחמ,17,מימר אלהא דאבוך יהי בסעדך וית שדי ויברכנך ברכן דנחתן מטלא דשמיא מלעלא ברכן דנגדן ממעמקי ארעא מלרע ברכתא דאבוך ודאמך:,21,"καὶ ἐβοήθησέν σοι ὁ θεὸς ὁ ἐμός, καὶ εὐλόγησέν σε εὐλογίαν οὐρανοῦ ἄνωθεν, καὶ εὐλογίαν γῆς ἐχούσης πάντα· ἕνεκεν εὐλογίας μαστῶν καὶ μήτρας,",23,ܐܠܗܗ ܕܐܒܘܟ ܢܥܕܪܟ ܘܐܝܠܫܕܝ ܢܒܪܟܟ. ܒܘܪܟܬܐ ܕܫܡܝܐ ܡܢ ܠܥܠ. ܒܘܪܟܬܐ ܕܬܗܘܡܐ ܕܪܒܝܥܐ ܡܢ ܠܬܚܬ. ܒܘܪܟܬܐ ܕܬܕ̈ܝܐ ܘܕܪ̈ܚܡܐ.,17,"pelo Deus de teu pai, o qual te ajudará, e pelo Todo-Poderoso, o qual te abençoara, com bênçãos dos céus em cima, com bênçãos do abismo que jaz embaixo, com bênçãos dos seios e da madre.",36,True,True,True
49,26,Gênesis 49:26,בִּרְכֹ֣ת אָבִ֗יךָ גָּֽבְרוּ֙ עַל־ בִּרְכֹ֣ת הוֹרַ֔י עַֽד־ תַּאֲוַ֖ת גִּבְעֹ֣ת עוֹלָ֑ם תִּֽהְיֶ֨ין֙ לְרֹ֣אשׁ יוֹסֵ֔ף וּלְקָדְקֹ֖ד נְזִ֥יר אֶחָֽיו ׃ פ,ברכת אביכ גברו על ברכת הורי עד תאות גבעת עולמ תהיינ לראש יוספ ולקדקד נזיר אחיו פ,18,ברכתא דאבוך יתוספן על ברכתא דילי בריכו אבהתי דחמידו להן רברביא דמן עלמא יהוין כל אלין לרישא דיוסף ולגברא פרישא דאחוהי:,21,"εὐλογίας πατρός σου καὶ μητρός σου· ὑπερίσχυσεν ἐπ᾽ εὐλογίαις ὀρέων μονίμων, καὶ ἐπ᾽ εὐλογίαις θεινῶν ἀενάων· ἔσονται ἐπὶ κεφαλὴν Ἰωσήφ, καὶ ἐπὶ κορυφῆς ὧν ἡγήσατο ἀδελφῶν.",26,ܒܘܪ̈ܟܬܗ ܕܐܒܘܟ ܥܫ̣ܢ ܥܠ ܒܘܪ̈ܟܬܐ ܕܡܘ̈ܠܕܢܝ. ܥܕܡܐ ܠܣܒܪܐ ܕܪ̈ܡܬܐ ܕܥܠܡ. ܢܗܘܝܢ ܥܠ ܪܝܫܗ ܕܝܘܣܦ ܘܥܠ ܪܝܫ ܟܠܝܠܐ ܕܐ̈ܚܘܗܝ.,18,"As bênçãos de teu pai excedem as bênçãos dos montes eternos, as coisas desejadas dos eternos outeiros; sejam elas sobre a cabeça de José, e sobre o alto da cabeça daquele que foi separado de seus irmãos.",37,True,True,True
49,27,Gênesis 49:27,בִּנְיָמִין֙ זְאֵ֣ב יִטְרָ֔ף בַּבֹּ֖קֶר יֹ֣אכַל עַ֑ד וְלָעֶ֖רֶב יְחַלֵּ֥ק שָׁלָֽל ׃,בנימינ זאב יטרפ בבקר יאכל עד ולערב יחלק שלל,10,בנימין בארעיה תשרי שכנתא ובאחסנתיה יתבני מקדשא בצפרא ובפניא יהון מקרבין כהניא קרבנא ובעדן רמשא יהון מפלגין מותר חולקהון משאר קדשיא:,21,"Βενιαμεὶν λύκος ἅρπαξ· τὸ πρωινὸν ἔδεται ἔτι, καὶ εἰς τὸ ἑσπέρας δίδωσιν τροφήν.",13,ܒܢܝܡܝܢ ܕܐܒܐ ܚܛܘܦܐ. ܒܨܦܪܐ ܢܐܟܘܠ ܒܙܬܐ. ܘܒܪܡܫܐ ܢܦ̇ܠܓ ܡܕܡ ܕܡܥܕܐ.,10,"Benjamim é lobo que despedaça; pela manhã devorará a presa, e à tarde repartirá o despojo.",16,True,True,True
49,28,Gênesis 49:28,כָּל־ אֵ֛לֶּה שִׁבְטֵ֥י יִשְׂרָאֵ֖ל שְׁנֵ֣ים עָשָׂ֑ר וְ֠זֹאת אֲשֶׁר־ דִּבֶּ֨ר לָהֶ֤ם אֲבִיהֶם֙ וַיְבָ֣רֶךְ אוֹתָ֔ם אִ֛ישׁ אֲשֶׁ֥ר כְּבִרְכָת֖וֹ בֵּרַ֥ךְ אֹתָֽם ׃,כל אלה שבטי ישראל שנימ עשר וזאת אשר דבר להמ אביהמ ויברכ אותמ איש אשר כברכתו ברכ אתמ,19,כל אלין שבטיא דישראל תרין עסר ודא דמליל להון אבוהון ובריך יתהון גבר די כברכתיה ברך יתהון:,17,"Πάντες οὗτοι υἱοὶ Ἰακὼβ δώδεκα, καὶ ταῦτα ἐλάλησεν αὐτοῖς ὁ πατὴρ αὐτῶν· καὶ εὐλόγησεν αὐτοὺς ὁ πατήρ, ἕκαστον κατὰ τὴν εὐλογίαν αὐτοῦ εὐλόγησεν αὐτούς.",24,ܟܠܗܘܢ ܗܠܝܢ ܫܒ̈ܛܐ ܕܐܝܣܪܝܠ ܬܪ̈ܥܣܪ. ܘܗܢܐ ܡܕܡ ܕܐܡ̣ܪ ܠܗܘܢ ܝܥܩܘܒ ܐܒܘܗܘܢ ܐܡ̣ܪ ܠܗܘܢ. ܘܒ̇ܪܟ ܐܢܘܢ. ܐܢܫ ܐܝܟ ܒܘܪܟܬܗ ܒ̇ܪܟ ܐܢܘܢ.,20,Todas estas são as doze tribos de Israel: e isto é o que lhes falou seu pai quando os abençoou; a cada um deles abençoou segundo a sua bênção.,29,True,True,True
49,29,Gênesis 49:29,וַיְצַ֣ו אוֹתָ֗ם וַיֹּ֤אמֶר אֲלֵהֶם֙ אֲנִי֙ נֶאֱסָ֣ף אֶל־ עַמִּ֔י קִבְר֥וּ אֹתִ֖י אֶל־ אֲבֹתָ֑י אֶל־ הַ֨מְּעָרָ֔ה אֲשֶׁ֥ר בִּשְׂדֵ֖ה עֶפְר֥וֹן הַֽחִתִּֽי ׃,ויצו אותמ ויאמר אלהמ אני נאספ אל עמי קברו אתי אל אבתי אל המערה אשר בשדה עפרונ החתי,19,ופקד יתהון ואמר להון אנא מתכנש לעמי קברו יתי לות אבהתי במערתא די בחקל עפרון חתאה:,16,"καὶ εἶπεν αὐτοῖς Ἐγὼ προστίθεμαι πρὸς τὸν ἐμὸν λαόν· θάψατέ με μετὰ τῶν πατέρων μου ἐν τῷ σπηλαίῳ ὅ ἐστιν ἐν τῷ ἀγρῷ Ἐφρὼν τοῦ Χετταίου,",26,ܘܦܩ̇ܕ ܐܢܘܢ ܘܐܡ̣ܪ ܠܗܘܢ ܐܒܘܗܘܢ. ܐܢܐ ܡܬܟܢܫ ܐܢܐ ܠܘܬ ܥܡܝ. ܩܘܒܪܘܢܝ ܠܘܬ ܐ̈ܒܗܝ. ܒܡܥܪܬܐ ܕܒܚܩܠܐ ܕܥܦܪܘܢ ܚܬܝܐ.,17,"Depois lhes deu ordem, dizendo-lhes: Eu estou para ser congregado ao meu povo; sepultai-me com meus pais, na cova que está no campo de Efrom, o heteu,",27,True,True,True
49,30,Gênesis 49:30,בַּמְּעָרָ֞ה אֲשֶׁ֨ר בִּשְׂדֵ֧ה הַמַּכְפֵּלָ֛ה אֲשֶׁ֥ר עַל־ פְּנֵי־ מַמְרֵ֖א בְּאֶ֣רֶץ כְּנָ֑עַן אֲשֶׁר֩ קָנָ֨ה אַבְרָהָ֜ם אֶת־ הַשָּׂדֶ֗ה מֵאֵ֛ת עֶפְרֹ֥ן הַחִתִּ֖י לַאֲחֻזַּת־ קָֽבֶר ׃,במערה אשר בשדה המכפלה אשר על פני ממרא בארצ כנענ אשר קנה אברהמ את השדה מאת עפרנ החתי לאחזת קבר,21,במערתא די בחקל כפלתא די על אפי ממרא בארעא דכנען די זבן אברהם ית חקלא מן עפרן חתאה לאחסנת קבורא:,20,"ἐν τῷ σπηλαίῳ τῷ διπλῷ τῷ ἀπέναντι Μαμβρὴ ἐν γῇ Χανάαν, ὃ ἐκτήσατο Ἀβραὰμ τὸ σπήλαιον παρὰ Ἐφρὼν τοῦ Χετταίου ἐν κτήσει μνημείου.",23,ܒܡܥܪܬܐ ܕܒܚܩܠܐ ܐܥܝܦܬܐ. ܕܩܕܡ ܡܡܪܐ ܕܒܐܪܥܐ ܕܟܢܥܢ. ܕܙܒ̣ܢ ܐܒܪܗܡ ܚܩܠܐ ܡܢ ܥܦܪܘܢ ܚܬܝܐ ܠܝܘܪܬܢܐ ܕܩܒܪܐ.,15,"na cova que está no campo de Macpela, que está em frente de Manre, na terra de Canaã, cova esta que Abraão comprou de Efrom, o heteu, juntamente com o respectivo campo, como propriedade de sepultura.",36,True,True,True
49,31,Gênesis 49:31,שָׁ֣מָּה קָֽבְר֞וּ אֶת־ אַבְרָהָ֗ם וְאֵת֙ שָׂרָ֣ה אִשְׁתּ֔וֹ שָׁ֚מָּה קָבְר֣וּ אֶת־ יִצְחָ֔ק וְאֵ֖ת רִבְקָ֣ה אִשְׁתּ֑וֹ וְשָׁ֥מָּה קָבַ֖רְתִּי אֶת־ לֵאָֽה ׃,שמה קברו את אברהמ ואת שרה אשתו שמה קברו את יצחק ואת רבקה אשתו ושמה קברתי את לאה,19,תמן קברו ית אברהם וית שרה אתתיה תמן קברו ית יצחק וית רבקה אתתיה ותמן קברית ית לאה:,18,"ἐκεῖ ἔθαψαν Ἀβραὰμ καὶ Σάρραν τὴν γυναῖκα αὐτοῦ· ἐκεῖ ἔθαψαν Ἰσαὰκ καὶ Ῥεβέκκαν τὴν γυναῖκα αὐτοῦ· ἐκεῖ ἔθαψαν Λείαν,",19,ܬܡܢ ܩܒܪܘ ܠܐܒܪܗܡ ܘܠܣܪܐ ܐܢܬܬܗ. ܘܬܡܢ ܩܒܪܘ ܠܐܝܣܚܩ ܘܠܪܦܩܐ ܐܢܬܬܗ. ܘܬܡ̇ܢ ܩܒ̇ܪܬ ܠܠܝܐ.,13,"Ali sepultaram a Abraão e a Sara, sua mulher; ali sepultaram a Isaque e a Rebeca, sua mulher; e ali eu sepultei a Léia.",24,True,True,True
49,32,Gênesis 49:32,מִקְנֵ֧ה הַשָּׂדֶ֛ה וְהַמְּעָרָ֥ה אֲשֶׁר־ בּ֖וֹ מֵאֵ֥ת בְּנֵי־ חֵֽת ׃,מקנה השדה והמערה אשר בו מאת בני חת,9,זביני חקלא ומערתא די ביה מן בני חתאה:,8,ἐν κτήσει τοῦ ἀγροῦ καὶ τοῦ σπηλαίου τοῦ ὄντος ἐν αὐτῷ παρὰ τῶν υἱῶν Χέτ.,15,ܙܒܝܢܬܐ ܕܚܩܠܐ ܘܡܥܪܬܐ ܕܒܗ̇ ܡܢ ܒܢ̈ܝ ܚܝܬ.,7,O campo e a cova que está nele foram comprados aos filhos de Hete.,14,True,True,True
49,33,Gênesis 49:33,וַיְכַ֤ל יַעֲקֹב֙ לְצַוֺּ֣ת אֶת־ בָּנָ֔יו וַיֶּאֱסֹ֥ף רַגְלָ֖יו אֶל־ הַמִּטָּ֑ה וַיִּגְוַ֖ע וַיֵּאָ֥סֶף אֶל־ עַמָּֽיו ׃,ויכל יעקב לצות את בניו ויאספ רגליו אל המטה ויגוע ויאספ אל עמיו,14,ושיצי יעקב לפקדא ית בנוהי וכנש רגלוהי לערסא ואתנגיד ואתכניש לעמיה:,11,"Καὶ κατέπαυσεν Ἰακὼβ ἐπιτάσσων τοῖς υἱοῖς αὐτοῦ, καὶ ἐξάρας τοὺς πόδας αὐτοῦ ἐπὶ τὴν κλίνην ἐξέλιπεν καὶ προσετέθη πρὸς τὸν λαὸν αὐτοῦ.",22,ܘܟܕ ܫ̇ܠܡ ܝܥܩܘܒ ܠܡܦܩܕܘ ܠܒ̈ܢܘܗܝ. ܦܫ̣ܛ ܪ̈ܓܠܘܗܝ ܒܥܪܣܐ ܘܐܬܟܪܗ ܘܡܝܬ. ܘܐܬܟܢܫ ܠܘܬ ܥܡܗ.,13,"Acabando Jacó de dar estas instruções a seus filhos, encolheu os seus pés na cama, expirou e foi congregado ao seu povo.",22,True,True,True
50,1,Gênesis 50:1,וַיִּפֹּ֥ל יוֹסֵ֖ף עַל־ פְּנֵ֣י אָבִ֑יו וַיֵּ֥בְךְּ עָלָ֖יו וַיִּשַּׁק־ לֽוֹ ׃,ויפל יוספ על פני אביו ויבכ עליו וישק לו,10,ונפל יוסף על אפי אבוהי ובכא עלוהי ונשק ליה:,9,καὶ ἐπιπεσὼν Ἰωσὴφ ἐπὶ τὸ πρόσωπον τοῦ πατρὸς αὐτοῦ ἔκλαυσεν αὐτὸν καὶ ἐφίλησεν αὐτόν.,14,ܘܢܦ̣ܠ ܝܘܣܦ ܥܠ ܐ̈ܦܘܗܝ ܕܐܒܘܗܝ. ܘܒܟ̣ܐ ܥܠܘܗܝ ܘܢܫܩܗ.,8,"Então José se lançou sobre o rosto de seu pai, chorou sobre ele e o beijou.",16,True,True,True
50,2,Gênesis 50:2,וַיְצַ֨ו יוֹסֵ֤ף אֶת־ עֲבָדָיו֙ אֶת־ הָרֹ֣פְאִ֔ים לַחֲנֹ֖ט אֶת־ אָבִ֑יו וַיַּחַנְט֥וּ הָרֹפְאִ֖ים אֶת־ יִשְׂרָאֵֽל ׃,ויצו יוספ את עבדיו את הרפאימ לחנט את אביו ויחנטו הרפאימ את ישראל,14,ופקיד יוסף ית עבדוהי ית אסותא למחנט ית אבוהי וחנטו אסותא ית ישראל:,13,καὶ προσέταξεν Ἰωσὴφ τοῖς παισὶν αὐτοῦ τοῖς ἐνταφιασταῖς ἐνταφιάσαι τὸν πατέρα αὐτοῦ· καὶ ἐνεταφίασαν οἱ ἐνταφιασταὶ ⸆ τὸν Ἰσραήλ.,19,ܘܦܩ̇ܕ ܝܘܣܦ ܠܥܒ̈ܕܘܗܝ ܐ̈ܣܘܬܐ ܠܡܚܢܛ ܠܐܒܘܗܝ. ܘܚܢܛܘܗܝ ܐܣ̈ܘܬܐ ܠܐܝܣܪܝܠ.,9,"E José ordenou a seus servos, os médicos, que embalsamassem a seu pai; e os médicos embalsamaram a Israel.",19,True,True,True
50,3,Gênesis 50:3,וַיִּמְלְאוּ־ לוֹ֙ אַרְבָּעִ֣ים י֔וֹם כִּ֛י כֵּ֥ן יִמְלְא֖וּ יְמֵ֣י הַחֲנֻטִ֑ים וַיִּבְכּ֥וּ אֹת֛וֹ מִצְרַ֖יִם שִׁבְעִ֥ים יֽוֹם ׃,וימלאו לו ארבעימ יומ כי כנ ימלאו ימי החנטימ ויבכו אתו מצרימ שבעימ יומ,15,ושלימו ליה ארבעין יומין ארי כן שלימו יומי חנטיא ובכו יתיה מצראי שבעין יומין:,14,καὶ ἐπλήρωσεν αὐτοὺς τεσσεράκοντα ἡμέρας· οὕτως γὰρ καταριθμοῦνται αἱ ἡμέραι τῆς ταφῆς· καὶ ἐπένθησεν αὐτὸν Αἴγυπτος ἑβδομήκοντα ἡμέρας.,18,ܘܡܠܝܘ ܠܗ ܐܪ̈ܒܥܝܢ ܝܘܡ̈ܝܢ. ܡܛܠ ܕܗܟܢܐ ܫܠܡܝܢ ܝܘܡ̈ܬܐ ܕܚ̈ܢܝܛܐ. ܘܒܟܐܘܗܝ ܡܨܪ̈ܝܐ ܫܒܥܝܢ ܝܘܡ̈ܝܢ.,13,"Cumpriram-se-lhe quarenta dias, porque assim se cumprem os dias de embalsamação; e os egípcios o choraram setenta dias.",18,True,True,True
50,4,Gênesis 50:4,וַיַּֽעַבְרוּ֙ יְמֵ֣י בְכִית֔וֹ וַיְדַבֵּ֣ר יוֹסֵ֔ף אֶל־ בֵּ֥ית פַּרְעֹ֖ה לֵאמֹ֑ר אִם־ נָ֨א מָצָ֤אתִי חֵן֙ בְּעֵ֣ינֵיכֶ֔ם דַּבְּרוּ־ נָ֕א בְּאָזְנֵ֥י פַרְעֹ֖ה לֵאמֹֽר ׃,ויעברו ימי בכיתו וידבר יוספ אל בית פרעה לאמר אמ נא מצאתי חנ בעיניכמ דברו נא באזני פרעה לאמר,20,ועברו יומי בכיתיה ומליל יוסף עם בית פרעה למימר אם כען אשכחית רחמין בעיניכון מלילו כען קדם פרעה למימר:,19,"Ἐπειδὴ δὲ παρῆλθον αἱ ἡμέραι τοῦ πένθους, ἐλάλησεν Ἰωσὴφ πρὸς τοὺς δυνάστας Φαραὼ λέγων Εἰ εὗρον χάριν ἐναντίον ὑμῶν, λαλήσατε περὶ ἐμοῦ εἰς τὰ ὦτα Φαραὼ λέγοντες",27,ܘܥܒܪܘ ܝܘܡ̈ܝ ܒܟܬܗ. ܘܐܡ̣ܪ ܝܘܣܦ ܠܕܒܝܬ ܦܪܥܘܢ. ܐܢ ܐܫ̇ܟܚܬ ܪ̈ܚܡܐ ܒܥܝܢ̈ܝܟܘܢ. ܐܡܪܘ ܩܕܡ ܦܪܥܘܢ.,14,"Passados, pois, os dias de seu choro, disse José à casa de Faraó: Se agora tenho achado graça aos vossos olhos, rogo-vos que faleis aos ouvidos de Faraó, dizendo:",29,True,True,True
50,5,Gênesis 50:5,אָבִ֞י הִשְׁבִּיעַ֣נִי לֵאמֹ֗ר הִנֵּ֣ה אָנֹכִי֮ מֵת֒ בְּקִבְרִ֗י אֲשֶׁ֨ר כָּרִ֤יתִי לִי֙ בְּאֶ֣רֶץ כְּנַ֔עַן שָׁ֖מָּה תִּקְבְּרֵ֑נִי וְעַתָּ֗ה אֶֽעֱלֶה־ נָּ֛א וְאֶקְבְּרָ֥ה אֶת־ אָבִ֖י וְאָשֽׁוּבָה ׃,אבי השביעני לאמר הנה אנכי מת בקברי אשר כריתי לי בארצ כנענ שמה תקברני ועתה אעלה נא ואקברה את אבי ואשובה,22,אבא קיים עלי למימר הא אנא מאית בקברי דאתקנית לי בארעא דכנען תמן תקברנני וכען אסק כען ואקבר ית אבא ואיתוב:,21,"Ὁ πατήρ με ὥρκισεν λέγων Ἐν τῷ μνημείῳ ᾧ ὤρυξα ἐμαυτῷ ἐν γῇ Χανάαν, ἐκεῖ με θάψεις. νῦν οὖν ἀναβὰς θάψω τὸν πατέρα μου, καὶ ἀπελεύσομαι.",26,ܐܒܝ ܐܘܡܝܢܝ ܘܐܡ̣ܪ ܠܝ . ܗܐ ܐܢܐ ܡܐ̇ܬ ܐܢܐ. ܒܩܒܪܝ ܕܙܒ̇ܢܬ ܠܝ ܒܐܪܥܐ ܕܟܢܥܢ ܬܡ̇ܢ ܬܩܒܪܢܝ. ܗܫܐ ܐܣܩ ܐܩܒܘܪ ܠܐܒܝ ܘܐܗܦܘܟ.,21,"Meu pai me fez jurar, dizendo: Eis que eu morro; em meu sepulcro, que cavei para mim na terra de Canaã, ali me sepultarás. Agora, pois, deixa-me subir, peço-te, e sepultar meu pai; então voltarei.",35,True,True,True
50,6,Gênesis 50:6,וַיֹּ֖אמֶר פַּרְעֹ֑ה עֲלֵ֛ה וּקְבֹ֥ר אֶת־ אָבִ֖יךָ כַּאֲשֶׁ֥ר הִשְׁבִּיעֶֽךָ ׃,ויאמר פרעה עלה וקבר את אביכ כאשר השביעכ,9,ואמר פרעה סק וקבור ית אבוך כמא דקיים עלך:,9,"καὶ εἶπεν Φαραώ Ἀνάβηθι, θάψον τὸν πατέρα σου καθάπερ ὥρκισέν σε.",11,ܘܐܡ̣ܪ ܦܪܥܘܢ . ܣܩ ܘܩܒܘܪ ܠܐܒܘܟ ܐܝܟ ܕܐܘܡܝܟ.,8,"Respondeu Faraó: Sobe, e sepulta teu pai, como ele te fez jurar.",12,True,True,True
50,7,Gênesis 50:7,וַיַּ֥עַל יוֹסֵ֖ף לִקְבֹּ֣ר אֶת־ אָבִ֑יו וַיַּֽעֲל֨וּ אִתּ֜וֹ כָּל־ עַבְדֵ֤י פַרְעֹה֙ זִקְנֵ֣י בֵית֔וֹ וְכֹ֖ל זִקְנֵ֥י אֶֽרֶץ־ מִצְרָֽיִם ׃,ויעל יוספ לקבר את אביו ויעלו אתו כל עבדי פרעה זקני ביתו וכל זקני ארצ מצרימ,17,וסליק יוסף למקבר ית אבוהי וסליקו עמיה כל עבדי פרעה סבי ביתיה וכל סבי ארעא דמצרים:,16,"⸂⸆⸃ καὶ ἀνέβη Ἰωσὴφ θάψαι τὸν πατέρα αὐτοῦ· καὶ συνανέβησαν μετ᾽ αὐτοῦ πάντες οἱ παῖδες Φαραὼ καὶ οἱ πρεσβύτεροι τοῦ οἴκου αὐτοῦ, καὶ πάντες οἱ πρεσβύτεροι τῆς γῆς Αἰγύπτου,",29,ܘܣܠ̣ܩ ܝܘܣܦ ܠܡܩܒܪ ܠܐܒܘܗܝ. ܘܣܠܩܘ ܥܡܗ ܟܠܗܘܢ ܥܒ̈ܕܘܗܝ ܕܦܪܥܘܢ ܘܣܒ̈ܐ ܕܒܝܬܗ. ܘܟܠܗܘܢ ܣ̈ܒܐ ܕܐܪܥܐ ܕܡܨܪܝܢ.,15,"Subiu, pois, José para sepultar a seu pai; e com ele subiram todos os servos de Faraó, os anciãos da sua casa, e todos os anciãos da terra do Egito,",30,True,True,True
50,8,Gênesis 50:8,וְכֹל֙ בֵּ֣ית יוֹסֵ֔ף וְאֶחָ֖יו וּבֵ֣ית אָבִ֑יו רַ֗ק טַפָּם֙ וְצֹאנָ֣ם וּבְקָרָ֔ם עָזְב֖וּ בְּאֶ֥רֶץ גֹּֽשֶׁן ׃,וכל בית יוספ ואחיו ובית אביו רק טפמ וצאנמ ובקרמ עזבו בארצ גשנ,14,וכל בית יוסף ואחוהי ובית אבוהי לחוד טפלהון וענהון ותוריהון שבקו בארעא דגשן:,13,καὶ πᾶσα ἡ πανοικία Ἰωσὴφ καὶ οἱ ἀδελφοὶ αὐτοῦ καὶ πᾶσα ἡ οἰκία ἡ πατρικὴ αὐτοῦ καὶ ἡ συγγενία αὐτοῦ· καὶ τὰ πρόβατα καὶ τοὺς βόας ὑπελίποντο ἐν γῇ Γέσεμ.,30,ܘܟܠܗ ܒܝܬ ܝܘܣܦ. ܘܐܚ̈ܘܗܝ ܘܒܝܬ ܐܒܘܗܝ ܣܠܩܘ ܥܡܗ . ܒܠܚܘܕ ܝܩܪܬܗܘܢ ܘܥܢܗܘܢ ܘܬܘܪ̈ܝܗܘܢ ܫܒܩܘ ܒܐܪܥܐ ܕܓܫܢ.,16,"como também toda a casa de José, e seus irmãos, e a casa de seu pai; somente deixaram na terra de Gósen os seus pequeninos, os seus rebanhos e o seu gado.",32,True,True,True
50,9,Gênesis 50:9,וַיַּ֣עַל עִמּ֔וֹ גַּם־ רֶ֖כֶב גַּם־ פָּרָשִׁ֑ים וַיְהִ֥י הַֽמַּחֲנֶ֖ה כָּבֵ֥ד מְאֹֽד ׃,ויעל עמו גמ רכב גמ פרשימ ויהי המחנה כבד מאד,11,וסליקו עמיה אף רתכין אף פרשין והוה משריתא סגיאה לחדא:,10,"καὶ συνανέβησαν μετ᾽ αὐτοῦ καὶ ἅρματα καὶ ἱππεῖς, καὶ ἐγένετο ἡ παρεμβολὴ μεγάλη σφόδρα.",14,ܘܣܠܩܘ ܥܡܗ ܐܦ ܡܪ̈ܟܒܬܐ ܘܦܪ̈ܫܐ . ܘܗܘܬ ܡܫܪܝܬܐ ܕܥܫܝܢܐ ܛܒ.,10,E subiram com ele tanto carros como gente a cavalo; de modo que o concurso foi mui grande.,18,True,True,True
50,10,Gênesis 50:10,וַיָּבֹ֜אוּ עַד־ גֹּ֣רֶן הָאָטָ֗ד אֲשֶׁר֙ בְּעֵ֣בֶר הַיַּרְדֵּ֔ן וַיִּ֨סְפְּדוּ־ שָׁ֔ם מִסְפֵּ֛ד גָּד֥וֹל וְכָבֵ֖ד מְאֹ֑ד וַיַּ֧עַשׂ לְאָבִ֛יו אֵ֖בֶל שִׁבְעַ֥ת יָמִֽים ׃,ויבאו עד גרנ האטד אשר בעבר הירדנ ויספדו שמ מספד גדול וכבד מאד ויעש לאביו אבל שבעת ימימ,19,ואתו עד בית אדרי דאטד די בעברא דירדנא וספדו תמן מספד רב ותקיף לחדא ועבד לאבוהי אבלא שבעא יומין:,19,"καὶ παρεγένοντο εἰς ἅλωνα Ἀτάδ, ὅ ἐστιν πέραν τοῦ Ἰορδάνου, καὶ ἐκόψαντο αὐτὸν κοπετὸν μέγαν καὶ ἰσχυρὸν σφόδρα· καὶ ἐποίησαν τὸ πένθος τῷ πατρὶ αὐτοῦ ἑπτὰ ἡμέρας.",27,ܘܐܬܘ ܥܕܡܐ ܠܐܕܪ̈ܐ ܕܐܛܪ ܕܒܥܒܪܐ ܕܝܘܪܕܢܢ. ܘܐܪܩܕܘ ܬܡ̇ܢ ܡܪܩܘܕܬܐ ܪܒܬܐ ܘܥܫܝܢܬܐ. ܘܥܒ̣ܕ ܠܐܒܘܗܝ ܒܝܬ ܒ̈ܟܐ ܫܒܥܐ ܝܘܡ̈ܝܢ.,17,"Chegando eles à eira de Atade, que está além do Jordão, fizeram ali um grande e forte pranto; assim fez José por seu pai um grande pranto por sete dias.",30,True,True,True
50,11,Gênesis 50:11,וַיַּ֡רְא יוֹשֵׁב֩ הָאָ֨רֶץ הַֽכְּנַעֲנִ֜י אֶת־ הָאֵ֗בֶל בְּגֹ֨רֶן֙ הָֽאָטָ֔ד וַיֹּ֣אמְר֔וּ אֵֽבֶל־ כָּבֵ֥ד זֶ֖ה לְמִצְרָ֑יִם עַל־ כֵּ֞ן קָרָ֤א שְׁמָהּ֙ אָבֵ֣ל מִצְרַ֔יִם אֲשֶׁ֖ר בְּעֵ֥בֶר הַיַּרְדֵּֽן ׃,וירא יושב הארצ הכנעני את האבל בגרנ האטד ויאמרו אבל כבד זה למצרימ על כנ קרא שמה אבל מצרימ אשר בעבר הירדנ,23,וחזא יתב ארעא כנענאה ית אבלא בבית אדרי דאטד ואמרו אבל תקיף דין למצראי על כן קרא שמה אבל מצרים די בעברא דירדנא:,23,"καὶ ἴδον οἱ κάτοικοι τῆς γῆς Χανάαν τὸ πένθος ἐν ἅλωνι Ἀτὰδ καὶ εἶπαν Πένθος μέγα τοῦτό ἐστιν τοῖς Αἰγυπτίοις· διὰ τοῦτο ἐκάλεσεν τὸ ὄνομα αὐτοῦ Πένθος Αἰγύπτου, ὅ ἐστιν πέραν τοῦ Ἰορδάνου.",33,ܘܚܙܘ ܝ̈ܬܒܝ ܐܪܥܐ ܟܢܥܢ̈ܝܐ ܠܐܒܠܐ ܒܐܕܪ̈ܐ ܕܐܛܪ. ܘܐܡܪܘ ܐܒܠܐ ܗܘ ܪܒܐ ܗܢܐ ܠܡܨܪ̈ܝܐ. ܡܛܠ ܗܢܐ ܩܪܘ ܫܡܗ ܐܒܠ ܡܨܪܝܢ ܕܒܥܒܪܐ ܕܝܘܪܕܢܢ.,21,"Os moradores da terra, os cananeus, vendo o pranto na eira de Atade, disseram: Grande pranto é este dos egípcios; pelo que o lugar foi chamado Abel-Mizraim, o qual está além do Jordão.",33,True,True,True
50,12,Gênesis 50:12,וַיַּעֲשׂ֥וּ בָנָ֖יו ל֑וֹ כֵּ֖ן כַּאֲשֶׁ֥ר צִוָּֽם ׃,ויעשו בניו לו כנ כאשר צומ,7,ועבדו בנוהי ליה כן כמא די פקדנון:,7,"καὶ ἐποίησαν αὐτῷ οὕτως οἱ υἱοὶ αὐτοῦ, καὶ ἔθαψαν αὐτὸν ἐκεῖ.",11,ܘܥܒ̣ܕܘ ܠܗ ܒܢ̈ܘܗܝ ܗܟܢܐ ܐܝܟ ܕܦܩ̇ܕ ܐܢܘܢ.,7,Assim os filhos de Jacó lhe fizeram como ele lhes ordenara;,11,True,True,True
50,13,Gênesis 50:13,וַיִּשְׂא֨וּ אֹת֤וֹ בָנָיו֙ אַ֣רְצָה כְּנַ֔עַן וַיִּקְבְּר֣וּ אֹת֔וֹ בִּמְעָרַ֖ת שְׂדֵ֣ה הַמַּכְפֵּלָ֑ה אֲשֶׁ֣ר קָנָה֩ אַבְרָהָ֨ם אֶת־ הַשָּׂדֶ֜ה לַאֲחֻזַּת־ קֶ֗בֶר מֵאֵ֛ת עֶפְרֹ֥ן הַחִתִּ֖י עַל־ פְּנֵ֥י מַמְרֵֽא ׃,וישאו אתו בניו ארצה כנענ ויקברו אתו במערת שדה המכפלה אשר קנה אברהמ את השדה לאחזת קבר מאת עפרנ החתי על פני ממרא,24,ונטלו יתיה בנוהי לארעא דכנען וקברו יתיה במערת חקל כפלתא די זבן אברהם ית חקלא לאחסנת קבורא מן עפרן חתאה על אפי ממרא:,23,"καὶ ἀνέλαβον αὐτὸν οἱ υἱοὶ αὐτοῦ εἰς γῆν Χανάαν, καὶ ἔθαψαν αὐτὸν εἰς τὸ σπήλαιον τὸ διπλοῦν, ὃ ἐκτήσατο Ἀβραὰμ τὸ σπήλαιον ἐν κτήσει μνημείου παρὰ Ἐφρὼν τοῦ Χετταίου, κατέναντι Μαμβρή. ⸆",32,ܘܫܩܠܘܗܝ ܘܐܘܒܠܘܗܝ ܠܐܪܥܐ ܕܟܢܥܢ. ܘܩܒܪܘܗܝ ܒܡܥܪܬܐ ܕܒܚܩܠܐ ܐܥܝܦܬܐ. ܕܙܒ̣ܢ ܐܒܪܗܡ ܚܩܠܐ ܠܝܘܪܬܢܐ ܕܩܒܪܐ. ܡܢ ܥܦܪܘܢ ܚܬܝܐ ܕܩܕܡ ܡܡܪܐ.,18,"pois o levaram para a terra de Canaã, e o sepultaram na cova do campo de Macpela, que Abraão tinha comprado com o campo, como propriedade de sepultura, a Efrom, o heteu, em frente de Manre.",36,True,True,True
50,14,Gênesis 50:14,וַיָּ֨שָׁב יוֹסֵ֤ף מִצְרַ֨יְמָה֙ ה֣וּא וְאֶחָ֔יו וְכָל־ הָעֹלִ֥ים אִתּ֖וֹ לִקְבֹּ֣ר אֶת־ אָבִ֑יו אַחֲרֵ֖י קָבְר֥וֹ אֶת־ אָבִֽיו ׃,וישב יוספ מצרימה הוא ואחיו וכל העלימ אתו לקבר את אביו אחרי קברו את אביו,16,ותב יוסף למצרים הוא ואחוהי וכל דסליקו עמיה למקבר ית אבוהי בתר דקבר ית אבוהי:,15,"Καὶ ἀπέστρεψεν Ἰωσὴφ εἰς Αἴγυπτον, αὐτὸς καὶ οἱ ἀδελφοὶ ⸆ αὐτοῦ καὶ οἱ συναναβάντες θάψαι τὸν πατέρα αὐτοῦ.",18,ܘܗ̣ܦܟ ܝܘܣܦ ܠܡܨܪܝܢ ܗ̣ܘ ܘܐ̈ܚܘܗܝ. ܘܟܠ ܕܣܠܩܘ ܥܡܗ ܠܡܩܒܪ ܠܐܒܘܗܝ. ܘܡܢ ܒܬܪ ܕܩܒ̣ܪ ܠܐܒܘܗܝ.,14,"Depois de haver sepultado seu pai, José voltou para o Egito, ele, seus irmãos, e todos os que com ele haviam subido para sepultar seu pai.",26,True,True,True
50,15,Gênesis 50:15,וַיִּרְא֤וּ אֲחֵֽי־ יוֹסֵף֙ כִּי־ מֵ֣ת אֲבִיהֶ֔ם וַיֹּ֣אמְר֔וּ ל֥וּ יִשְׂטְמֵ֖נוּ יוֹסֵ֑ף וְהָשֵׁ֤ב יָשִׁיב֙ לָ֔נוּ אֵ֚ת כָּל־ הָ֣רָעָ֔ה אֲשֶׁ֥ר גָּמַ֖לְנוּ אֹתֽוֹ ׃,ויראו אחי יוספ כי מת אביהמ ויאמרו לו ישטמנו יוספ והשב ישיב לנו את כל הרעה אשר גמלנו אתו,20,וחזו אחי יוסף ארי מית אבוהון ואמרו דלמא יטר לנא דבבו יוסף ואתבא יתיב לנא ית כל בישתא די גמלנא יתיה:,21,"ἰδόντες δὲ οἱ ἀδελφοὶ Ἰωσὴφ ὅτι τέθνηκεν ὁ πατὴρ αὐτῶν εἶπαν Μή ποτε μνησικακήσῃ ἡμῖν Ἰωσήφ, καὶ ἀνταπόδομα ἀνταποδῷ ἡμῖν πάντα τὰ κακὰ ἃ ἐνεδειξάμεθα αὐτῷ.",26,ܚܙܘ ܐܚ̈ܘܗܝ ܕܝܘܣܦ ܕܡܝܬ ܐܒܘܗܘܢ ܘܕܚܠܘ . ܘܐܡܪܝܢ ܕܠܡܐ ܢܗܪܢ ܝܘܣܦ. ܘܕܠܡܐ ܢܦܪܥܢ ܟܘܠܗ̇ ܒܝܫܬܐ ܕܥܒܕܢ ܠܗ.,17,"Vendo os irmãos de José que seu pai estava morto, disseram: Porventura José nos odiará e nos retribuirá todo o mal que lhe fizemos.",24,True,True,True
50,16,Gênesis 50:16,וַיְצַוּ֕וּ אֶל־ יוֹסֵ֖ף לֵאמֹ֑ר אָבִ֣יךָ צִוָּ֔ה לִפְנֵ֥י מוֹת֖וֹ לֵאמֹֽר ׃,ויצוו אל יוספ לאמר אביכ צוה לפני מותו לאמר,10,ופקידו לות יוסף למימר אבוך פקד קדם מותיה למימר:,9,καὶ παρεγένοντο πρὸς Ἰωσὴφ λέγοντες Ὁ πατήρ σου ὥρκισεν πρὸ τοῦ τελευτῆσαι αὐτὸν λέγων,14,ܘܦܩܕܘ ܠܘܬ ܝܘܣܦ ܘܐܡܪܘ ܠܗ. ܐܒܘܟ ܦܩ̇ܕ ܩܕܡ ܡܘܬܗ ܘܐܡ̣ܪ.,10,"Então mandaram dizer a José: Teu pai, antes da sua morte, nos ordenou:",13,True,True,True
50,17,Gênesis 50:17,כֹּֽה־ תֹאמְר֣וּ לְיוֹסֵ֗ף אָ֣נָּ֡א שָׂ֣א נָ֠א פֶּ֣שַׁע אַחֶ֤יךָ וְחַטָּאתָם֙ כִּי־ רָעָ֣ה גְמָל֔וּךָ וְעַתָּה֙ שָׂ֣א נָ֔א לְפֶ֥שַׁע עַבְדֵ֖י אֱלֹהֵ֣י אָבִ֑יךָ וַיֵּ֥בְךְּ יוֹסֵ֖ף בְּדַבְּרָ֥ם אֵלָֽיו ׃,כה תאמרו ליוספ אנא שא נא פשע אחיכ וחטאתמ כי רעה גמלוכ ועתה שא נא לפשע עבדי אלהי אביכ ויבכ יוספ בדברמ אליו,24,כדין תימרון ליוסף בבעו שבוק כען לחובא אחיך ולחטאהון ארי בישתא גמלוך וכען שבוק כען לחובא עבדי אלהא דאבוך ובכא יוסף במללותהון עמיה:,23,"Οὕτως εἴπατε Ἰωσήφ Ἄφες αὐτοῖς τὴν ἀδικίαν καὶ τὴν ἁμαρτίαν αὐτῶν, ὅτι πονηρά σοι ἐνεδείξαντο· καὶ νῦν δέξαι τὴν ἀδικίαν τῶν θεραπόντων τοῦ θεοῦ τοῦ πατρός σου. καὶ ἔκλαυσεν Ἰωσὴφ λαλούντων αὐτῶν πρὸς αὐτόν.",34,ܗܟܢܐ ܬܐܡܪܘܢ ܠܝܘܣܦ. ܒܒܥܘ ܫܒܘܩ ܣܟܠܘܬܐ ܠܐܚ̈ܝܟ. ܘܠܚ̈ܛܗܝܗܘܢ ܕܥܒ̣ܕܘ ܠܟ ܒܝܫܬܐ. ܘܗܫܐ ܫܒܘܩ ܣܟܠܘܬܐ ܕܥܒ̈ܕܝ ܐܠܗܗ ܕܐܒܘܟ. ܘܒܟ̣ܐ ܝܘܣܦ ܟܕ ܐܡܪܘ ܠܗ.,22,"Assim direis a José: Perdoa a transgressão de teus irmãos, e o seu pecado, porque te fizeram mal. Agora, pois, rogamos-te que perdoes a transgressão dos servos do Deus de teu pai. E José chorou quando eles lhe falavam.",39,True,True,True
50,18,Gênesis 50:18,וַיֵּלְכוּ֙ גַּם־ אֶחָ֔יו וַֽיִּפְּל֖וּ לְפָנָ֑יו וַיֹּ֣אמְר֔וּ הִנֶּ֥נּֽוּ לְךָ֖ לַעֲבָדִֽים ׃,וילכו גמ אחיו ויפלו לפניו ויאמרו הננו לכ לעבדימ,10,ואזלו אף אחוהי ונפלו קדמוהי ואמרו הא אנחנא לך לעבדין:,10,καὶ ἐλθόντες πρὸς αὐτὸν εἶπαν Οἵδε ἡμεῖς οἰκέται.,8,ܘܐܙܠܘ ܐܦ ܐ̈ܚܘܗܝ ܘܢܦܠܘ ܩܕܡܘܗܝ. ܘܐܡܪܘ ܗܐ ܚܢܢ ܠܟ ܥܒ̈ܕܐ.,10,"Depois vieram também seus irmãos, prostraram-se diante dele e disseram: Eis que nós somos teus servos.",16,True,True,True
50,19,Gênesis 50:19,וַיֹּ֧אמֶר אֲלֵהֶ֛ם יוֹסֵ֖ף אַל־ תִּירָ֑אוּ כִּ֛י הֲתַ֥חַת אֱלֹהִ֖ים אָֽנִי ׃,ויאמר אלהמ יוספ אל תיראו כי התחת אלהימ אני,10,ואמר להון יוסף לא תדחלון ארי דחלא דיי אנא:,9,"καὶ εἶπεν αὐτοῖς Ἰωσήφ Μὴ φοβεῖσθε, τοῦ γὰρ θεοῦ ἐγὼ εἰμί·",11,ܘܐܡ̣ܪ ܠܗܘܢ ܝܘܣܦ. ܠܐ ܬܕܚܠܘܢ. ܡܛܠ ܕܬܚܝܬ ܐܠܗܐ ܐܢܐ.,9,Respondeu-lhes José: Não temais; acaso estou eu em lugar de Deus?,11,True,True,True
50,20,Gênesis 50:20,וְאַתֶּ֕ם חֲשַׁבְתֶּ֥ם עָלַ֖י רָעָ֑ה אֱלֹהִים֙ חֲשָׁבָ֣הּ לְטֹבָ֔ה לְמַ֗עַן עֲשֹׂ֛ה כַּיּ֥וֹם הַזֶּ֖ה לְהַחֲיֹ֥ת עַם־ רָֽב ׃,ואתמ חשבתמ עלי רעה אלהימ חשבה לטבה למענ עשה כיומ הזה להחית עמ רב,15,ואתון חשבתון עלי בישא מן קדם יי אתחשבת לטבא בדיל למעבד כיומא הדין לקימא עם סגי:,16,"ὑμεῖς ἐβουλεύσασθε κατ᾽ ἐμοῦ εἰς πονηρά, ὁ δὲ θεὸς ἐβουλεύσατο περὶ ἐμοῦ εἰς ἀγαθά, ὅπως ἂν γενηθῇ ὡς σήμερον, ἵνα τραφῇ λαὸς πολύς.",23,ܐܢܬܘܢ ܐܬ̇ܚܫܒܬܘܢ ܥܠܝ ܒܝܫܬܐ. ܘܐܠܗܐ ܐܬܚܫܒܗ̇ ܠܛܒܬܐ . ܕܢܥܒܕ ܐܝܟ ܕܝܘܡܢܐ ܘܢܚ̣ܐ ܥܡܐ ܣܓܝܐܐ.,14,"Vós, na verdade, intentastes o mal contra mim; Deus, porém, o intentou para o bem, para fazer o que se vê neste dia, isto é, conservar muita gente com vida.",30,True,True,True
50,21,Gênesis 50:21,וְעַתָּה֙ אַל־ תִּירָ֔אוּ אָנֹכִ֛י אֲכַלְכֵּ֥ל אֶתְכֶ֖ם וְאֶֽת־ טַפְּכֶ֑ם וַיְנַחֵ֣ם אוֹתָ֔ם וַיְדַבֵּ֖ר עַל־ לִבָּֽם ׃,ועתה אל תיראו אנכי אכלכל אתכמ ואת טפכמ וינחמ אותמ וידבר על לבמ,14,וכען לא תדחלון אנא אזון יתכון וית טפלכון ונחם יתהון ומלל תנחומין על לבהון:,14,εἶπεν δὲ αὐτοῖς Μὴ φοβεῖσθε· ἐγὼ διαθρέψω ὑμᾶς καὶ τὰς οἰκίας ὑμῶν. καὶ παρεκάλεσεν αὐτοὺς καὶ ἐλάλησεν αὐτῶν εἰς τὴν καρδίαν.,21,ܘܗܫܐ ܠܐ ܬܕܚܠܘܢ. ܐܢܐ ܐܬܪܣܝܟܘܢ ܘܠܝܩܪܬܟܘܢ. ܘܒܝܐ ܐܢܘܢ ܘܡܠ̣ܐ ܒܠܒܗܘܢ.,10,"Agora, pois, não temais; eu vos sustentarei, a vós e a vossos filhinhos. Assim ele os consolou, e lhes falou ao coração.",22,True,True,True
50,22,Gênesis 50:22,וַיֵּ֤שֶׁב יוֹסֵף֙ בְּמִצְרַ֔יִם ה֖וּא וּבֵ֣ית אָבִ֑יו וַיְחִ֣י יוֹסֵ֔ף מֵאָ֥ה וָעֶ֖שֶׂר שָׁנִֽים ׃,וישב יוספ במצרימ הוא ובית אביו ויחי יוספ מאה ועשר שנימ,12,ויתיב יוסף במצרים הוא ובית אבוהי וחיא יוסף מאה ועסר שנין:,11,"⸂⸆⸃ Καὶ κατῴκησεν Ἰωσὴφ ἐν Αἰγύπτῳ, αὐτὸς καὶ οἱ ἀδελφοὶ αὐτοῦ καὶ πᾶσα ἡ πανοικία τοῦ πατρὸς αὐτοῦ· καὶ ἔζησεν Ἰωσὴφ ἔτη ἑκατὸν δέκα.",24,ܘܝܬ̣ܒ ܝܘܣܦ ܒܡܨܪܝܢ ܗ̣ܘ ܘܟܠܗ ܒܝܬ ܐܒܘܗܝ. ܘܚ̣ܝܐ ܝܘܣܦ ܡܐܐ ܘܥܣܪ ܫ̈ܢܝܢ.,12,"José, pois, habitou no Egito, ele e a casa de seu pai; e viveu cento e dez anos.",18,True,True,True
50,23,Gênesis 50:23,וַיַּ֤רְא יוֹסֵף֙ לְאֶפְרַ֔יִם בְּנֵ֖י שִׁלֵּשִׁ֑ים גַּ֗ם בְּנֵ֤י מָכִיר֙ בֶּן־ מְנַשֶּׁ֔ה יֻלְּד֖וּ עַל־ בִּרְכֵּ֥י יוֹסֵֽף ׃,וירא יוספ לאפרימ בני שלשימ גמ בני מכיר בנ מנשה ילדו על ברכי יוספ,15,וחזא יוסף לאפרים בנין תליתאין אף בני מכיר בר מנשה אתילידו ורבי יוסף:,13,καὶ εἶδεν Ἰωσὴφ Ἐφράιμ παιδία ἕως τρίτης γενεᾶς· καὶ υἱοὶ Μαχεὶρ τοῦ υἱοῦ Μανασσὴ ἐτέχθησαν ἐπὶ μηρῶν Ἰωσήφ.,18,ܘܚ̣ܙܐ ܝܘܣܦ ܠܐܦܪܝܡ ܒܢ̈ܝܐ ܬܠܝܬ̈ܝܐ. ܐܦ ܒܢ̈ܘܗܝ ܕܡܟܝܪ ܒܪ ܡܢܫܐ. ܐܬܝܠܕܘ ܥܠ ܒܘܪ̈ܟܘܗܝ ܕܝܘܣܦ.,14,"E viu José os filhos de Efraim, da terceira geração; também os filhos de Maquir, filho de Manassés, nasceram sobre os joelhos de José.",24,True,True,True
50,24,Gênesis 50:24,וַיֹּ֤אמֶר יוֹסֵף֙ אֶל־ אֶחָ֔יו אָנֹכִ֖י מֵ֑ת וֵֽאלֹהִ֞ים פָּקֹ֧ד יִפְקֹ֣ד אֶתְכֶ֗ם וְהֶעֱלָ֤ה אֶתְכֶם֙ מִן־ הָאָ֣רֶץ הַזֹּ֔את אֶל־ הָאָ֕רֶץ אֲשֶׁ֥ר נִשְׁבַּ֛ע לְאַבְרָהָ֥ם לְיִצְחָ֖ק וּֽלְיַעֲקֹֽב ׃,ויאמר יוספ אל אחיו אנכי מת ואלהימ פקד יפקד אתכמ והעלה אתכמ מנ הארצ הזאת אל הארצ אשר נשבע לאברהמ ליצחק וליעקב,23,ואמר יוסף לאחוהי אנא מאית ויי מדכר דכיר יתכון ויסק יתכון מן ארעא הדא לארעא די קיים לאברהם ליצחק וליעקב:,20,"καὶ εἶπεν Ἰωσὴφ τοῖς ἀδελφοῖς αὐτοῦ λέγων Ἐγὼ ἀποθνήσκω· ἐπισκοπῇ δὲ ἐπισκέψεται ὑμᾶς ὁ θεός, καὶ ἀνάξει ὑμᾶς ἐκ τῆς γῆς ταύτης εἰς τὴν γῆν ἣν ὤμοσεν ὁ θεὸς τοῖς πατράσιν ἡμῶν, Ἀβραὰμ καὶ Ἰσαὰκ καὶ Ἰακώβ.",37,ܘܐܡ̣ܪ ܝܘܣܦ ܠܐ̈ܚܘܗܝ. ܐܢܐ ܡܐܬ ܐܢܐ. ܘܐܠܗܐ ܡܬܕܟܪܘ ܡܬܕܟܪ ܠܟܘܢ. ܘܡ̇ܣܩ ܠܟܘܢ ܡܢ ܐܪܥܐ ܗܕܐ. ܠܐܪܥܐ ܕܝܡ̣ܐ ܠܐܒܪܗܡ ܘܠܐܝܣܚܩ ܘܠܝܥܩܘܒ.,20,"Depois disse José a seus irmãos: Eu morro; mas Deus certamente vos visitará, e vos fará subir desta terra para a terra que jurou a Abraão, a Isaque e a Jacó.",31,True,True,True
50,25,Gênesis 50:25,וַיַּשְׁבַּ֣ע יוֹסֵ֔ף אֶת־ בְּנֵ֥י יִשְׂרָאֵ֖ל לֵאמֹ֑ר פָּקֹ֨ד יִפְקֹ֤ד אֱלֹהִים֙ אֶתְכֶ֔ם וְהַעֲלִתֶ֥ם אֶת־ עַצְמֹתַ֖י מִזֶּֽה ׃,וישבע יוספ את בני ישראל לאמר פקד יפקד אלהימ אתכמ והעלתמ את עצמתי מזה,15,ואומי יוסף ית בני ישראל למימר מדכר דכיר יי יתכון ותסקון ית גרמי מכא:,14,καὶ ὥρκισεν Ἰωσὴφ τοὺς υἱοὺς Ἰσραὴλ λέγων Ἐν τῇ ἐπισκοπῇ ᾗ ἐπισκέψεται ὑμᾶς ὁ θεὸς καὶ συνανοίσετε τὰ ὀστᾶ μου ἐντεῦθεν μεθ᾽ ὑμῶν.,23,ܘܐܘܡܝ ܝܘܣܦ ܠܒܢ̈ܝ ܐܝܣܪܝܠ ܘܐܡܪ . ܡܬܕܟܪܘ ܡܬܕܟܪ ܠܟܘܢ ܐܠܗܐ. ܐܣܩܘ ܓܪ̈ܡܝ ܡܟܐ ܥܡܟܘܢ.,14,"E José fez jurar os filhos de Israel, dizendo: Certamente Deus vos visitará, e fareis transportar daqui os meus ossos.",20,True,True,True
50,26,Gênesis 50:26,וַיָּ֣מָת יוֹסֵ֔ף בֶּן־ מֵאָ֥ה וָעֶ֖שֶׂר שָׁנִ֑ים וַיַּחַנְט֣וּ אֹת֔וֹ וַיִּ֥ישֶׂם בָּאָר֖וֹן בְּמִצְרָֽיִם ׃,וימת יוספ בנ מאה ועשר שנימ ויחנטו אתו ויישמ בארונ במצרימ,12,ומית יוסף בר מאה ועסר שנין וחנטו יתיה ושמוהי בארונא במצרים:,11,καὶ ἐτελεύτησεν Ἰωσὴφ ἐτῶν ἑκατὸν δέκα· καὶ ἔθαψαν αὐτὸν καὶ ἔθηκαν ἐν τῇ σορῷ ἐν Αἰγύπτῳ.,16,ܘܡܝܬ ܝܘܣܦ ܒܪ ܡܐܐ ܘܥܣܪ̈ ܫܢܝ̈ܢ. ܘܚܢܛܘܗܝ ܘܣܡܘܗܝ ܒܕܘܦܢܐ ܒܡܨܪܝܢ.,10,"Assim morreu José, tendo cento e dez anos de idade; e o embalsamaram e o puseram num caixão no Egito.",20,True,True,True
