capitulo,versiculo,referencia,hebraico_mt,hebraico_sem_niqqud,palavras_hebraico,targum_onkelos,palavras_targum,septuaginta_grego,palavras_lxx,peshitta_siriaco,palavras_peshitta,portugues_aa,palavras_portugues,tem_targum,tem_lxx,tem_peshitta
1,1,Levítico 1:1,וַיִּקְרָ֖א אֶל־ מֹשֶׁ֑ה וַיְדַבֵּ֤ר יְהוָה֙ אֵלָ֔יו מֵאֹ֥הֶל מוֹעֵ֖ד לֵאמֹֽר ׃,ויקרא אל משה וידבר יהוה אליו מאהל מועד לאמר,10,וקרא למשה ומליל יי עמיה ממשכן זמנא למימר:,8,ΚΑΙ ἀνεκάλεσεν Μωυσῆν καὶ ἐλάλησεν Κύριος αὐτῷ ἐκ τῆς σκηνῆς τοῦ μαρτυρίου λέγων,13,ܘܩܪܐ ܡܪܝܐ ܠܡܘܫܐ. ܘܡܠܠ ܥܡܗ ܡܢ ܡܫܟܢܙܒܢܐ ܠܡܐܡܪ.,8,"Ora, chamou o Senhor a Moisés e, da tenda da revelação, lhe disse:",13,True,True,True
1,2,Levítico 1:2,דַּבֵּ֞ר אֶל־ בְּנֵ֤י יִשְׂרָאֵל֙ וְאָמַרְתָּ֣ אֲלֵהֶ֔ם אָדָ֗ם כִּֽי־ יַקְרִ֥יב מִכֶּ֛ם קָרְבָּ֖ן לַֽיהוָ֑ה מִן־ הַבְּהֵמָ֗ה מִן־ הַבָּקָר֙ וּמִן־ הַצֹּ֔אן תַּקְרִ֖יבוּ אֶת־ קָרְבַּנְכֶֽם ׃,דבר אל בני ישראל ואמרת אלהמ אדמ כי יקריב מכמ קרבנ ליהוה מנ הבהמה מנ הבקר ומנ הצאנ תקריבו את קרבנכמ,22,מליל עם בני ישראל ותימר להון אנש ארי יקריב מנכון קרבנא קדם יי מן בעירא מן תורי ומן ענא תקרבון ית קרבנכון:,22,"Λάλησον τοῖς υἱοῖς Ἰσραὴλ καὶ ἐρεῖς πρὸς αὐτούς Ἄνθρωπος ἐξ ὑμῶν ἐὰν προσαγάγῃ δῶρα τῷ κυρίῳ, ἀπὸ τῶν κτηνῶν καὶ ἀπὸ τῶν βοῶν καὶ ἀπὸ τῶν προβάτων προσοίσετε τὰ δῶρα ὑμῶν.",31,ܡܠܠ ܥܡ ܒܢ̈ܝ ܐܝܣܪܝܠ ܘܐܡܪ ܠܗܘܢ. ܐܢܫ ܐܢܫ ܡܢܟܘܢ. ܟܕ ܢܩܪܒ ܩܘܪܒܢܗ ܠܡܪܝܐ. ܡܢ ܒܥܝܪ̈ܐ ܡܢ ܬܘܪ̈ܐ ܘܡܢ ܥܢܐ ܬܩܪܒܘܢ ܩܘܪ̈ܒܢܝܟܘܢ.,21,"Fala aos filhos de Israel e dize-lhes: Quando algum de vós oferecer oferta ao Senhor, oferecereis as vossas ofertas do gado, isto é, do gado vacum e das ovelhas.",29,True,True,True
1,3,Levítico 1:3,אִם־ עֹלָ֤ה קָרְבָּנוֹ֙ מִן־ הַבָּקָ֔ר זָכָ֥ר תָּמִ֖ים יַקְרִיבֶ֑נּוּ אֶל־ פֶּ֝תַח אֹ֤הֶל מוֹעֵד֙ יַקְרִ֣יב אֹת֔וֹ לִרְצֹנ֖וֹ לִפְנֵ֥י יְהוָֽה ׃,אמ עלה קרבנו מנ הבקר זכר תמימ יקריבנו אל פתח אהל מועד יקריב אתו לרצנו לפני יהוה,18,אם עלתא קרבניה מן תורי דכר שלים יקרבניה לתרע משכן זמנא יקרב יתיה לרעוא ליה קדם יי:,17,"Ἐὰν ὁλοκαύτωμα τὸ δῶρον αὐτοῦ ἐκ τῶν βοῶν, ἄρσεν ἄμωμον προσάξει· πρὸς τὴν θύραν τῆς σκηνῆς τοῦ μαρτυρίου προσοίσει αὐτό, δεκτὸν αὐτῷ ἐναντίον Κυρίου.",24,ܐܢ ܥܠܬܐ ܩܘܪܒܢܗ ܡܢ ܬܘܪ̈ܐ. ܕܟܪܐ ܕܠܐ ܡܘܡ. ܢܩܪܒܝܘܗܝ ܠܬܪܥܐ ܕܡܫܟܢ ܙܒܢܐ. ܘܢܩܪܒܝܘܗܝ ܠܡܬܪܥܝܘ ܠܗ ܩܕܡ ܡܪܝܐ.,17,"Se a sua oferta for holocausto de gado vacum, oferecerá ele um macho sem defeito; à porta da tenda da revelação o oferecerá, para que ache favor perante o Senhor.",30,True,True,True
1,4,Levítico 1:4,וְסָמַ֣ךְ יָד֔וֹ עַ֖ל רֹ֣אשׁ הָעֹלָ֑ה וְנִרְצָ֥ה ל֖וֹ לְכַפֵּ֥ר עָלָֽיו ׃,וסמכ ידו על ראש העלה ונרצה לו לכפר עליו,10,ויסמוך ידיה על ריש עלתא ויתרעי ליה לכפרא עלוהי:,9,"καὶ ἐπιθήσει τὴν χεῖρα ἐπὶ τὴν κεφαλὴν τοῦ καρπώματος, δεκτὸν αὐτῷ ἐξιλάσασθαι περὶ αὐτοῦ.",14,ܘܢܣܡܘܟ ܐܝܕܗ ܥܠ ܪܝܫ ܩܘܪܒܢܗ. ܘܢܬܪܥܐ ܠܗ ܠܡܚܣܝܘ ܥܠܘܗܝ.,9,"Porá a sua mão sobre a cabeça do holocausto, e este será aceito a favor dele, para a sua expiação.",20,True,True,True
1,5,Levítico 1:5,וְשָׁחַ֛ט אֶת־ בֶּ֥ן הַבָּקָ֖ר לִפְנֵ֣י יְהוָ֑ה וְ֠הִקְרִיבוּ בְּנֵ֨י אַהֲרֹ֤ן הַֽכֹּֽהֲנִים֙ אֶת־ הַדָּ֔ם וְזָרְק֨וּ אֶת־ הַדָּ֤ם עַל־ הַמִּזְבֵּ֨חַ֙ סָבִ֔יב אֲשֶׁר־ פֶּ֖תַח אֹ֥הֶל מוֹעֵֽד ׃,ושחט את בנ הבקר לפני יהוה והקריבו בני אהרנ הכהנימ את הדמ וזרקו את הדמ על המזבח סביב אשר פתח אהל מועד,23,ויכוס ית בר תורי קדם יי ויקרבון בני אהרן כהניא ית דמא ויזרקון ית דמא על מדבחא סחור סחור די בתרע משכן זמנא:,23,"καὶ σφάξουσι τὸν μόσχον ἔναντι Κυρίου· καὶ προσοίσουσιν οἱ ἱερεῖς οἱ υἱοὶ Ἀαρὼν τὸ αἷμα, καὶ προσχεοῦσιν τὸ αἷμα ἐπὶ τὸ θυσιαστήριον κύκλῳ τὸ ἐπὶ τῶν θυρῶν τῆς σκηνῆς τοῦ μαρτυρίου·",31,ܘܢܟܘܣ ܒܪ ܒܩܪܐ ܩܕܡ ܡܪܝܐ. ܘܢܩܪܒܘܢ ܟܗ̈ܢܐ ܒܢ̈ܝ ܐܗܪܘܢ ܕܡܐ. ܘܢܪܙܦܘܢ ܕܡܐ ܥܠ ܡܕܒܚܐ ܟܕ ܚ̇ܕܪ ܒܬܪܥܐ ܕܡܫܟܢܙܒܢܐ.,18,"Depois imolará o novilho perante o Senhor; e os filhos de Arão, os sacerdotes, oferecerão o sangue, e espargirão o sangue em redor sobre o altar que está à porta da tenda da revelação.",34,True,True,True
1,6,Levítico 1:6,וְהִפְשִׁ֖יט אֶת־ הָעֹלָ֑ה וְנִתַּ֥ח אֹתָ֖הּ לִנְתָחֶֽיהָ ׃,והפשיט את העלה ונתח אתה לנתחיה,7,וישלח ית עלתא ויפלג יתה לאברהא:,6,καὶ ἐκδείραντες τὸ ὁλοκαύτωμα μελιοῦσιν αὐτὸ κατὰ μέλη·,8,ܘܢܫܛܝܘܗܝ ܠܝܩܕܐ ܘܢܦܫܚ ܗ̈ܕܡܘܗܝ.,4,"Então esfolará o holocausto, e o partirá nos seus pedaços.",10,True,True,True
1,7,Levítico 1:7,וְ֠נָתְנוּ בְּנֵ֨י אַהֲרֹ֧ן הַכֹּהֵ֛ן אֵ֖שׁ עַל־ הַמִּזְבֵּ֑חַ וְעָרְכ֥וּ עֵצִ֖ים עַל־ הָאֵֽשׁ ׃,ונתנו בני אהרנ הכהנ אש על המזבח וערכו עצימ על האש,12,ויתנון בני אהרן כהנא אשתא על מדבחא ויסדרון אעיא על אשתא:,11,"καὶ ἐπιθήσουσιν οἱ υἱοὶ Ἀαρὼν οἱ ἱερεῖς πῦρ ἐπὶ τὸ θυσιαστήριον, καὶ ἐπιστοιβάσουσιν ξύλα ἐπὶ τὸ πῦρ·",17,ܘܢܬܠܘܢ ܟܗ̈ܢܐ ܒܢ̈ܝ ܐܗܪܘܢ ܢܘܪܐ ܥܠ ܡܕܒܚܐ. ܘܢܟܫܘܢ ܩܝ̈ܣܐ ܥܠ ܢܘܪܐ.,11,"E os filhos de Arão, o sacerdote, porão fogo sobre o altar, pondo em ordem a lenha sobre o fogo;",20,True,True,True
1,8,Levítico 1:8,וְעָרְכ֗וּ בְּנֵ֤י אַהֲרֹן֙ הַכֹּ֣הֲנִ֔ים אֵ֚ת הַנְּתָחִ֔ים אֶת־ הָרֹ֖אשׁ וְאֶת־ הַפָּ֑דֶר עַל־ הָעֵצִים֙ אֲשֶׁ֣ר עַל־ הָאֵ֔שׁ אֲשֶׁ֖ר עַל־ הַמִּזְבֵּֽחַ ׃,וערכו בני אהרנ הכהנימ את הנתחימ את הראש ואת הפדר על העצימ אשר על האש אשר על המזבח,19,ויסדרון בני אהרן כהניא ית אבריא ית רישא וית תרבא על אעיא די על אשתא די על מדבחא:,18,"καὶ ἐπιστοιβάσουσιν οἱ υἱοὶ Ἀαρὼν οἱ ἱερεῖς τὰ διχοτομήματα καὶ τὴν κεφαλὴν καὶ τὸ στέαρ ἐπὶ τὰ ξύλα τὰ ἐπὶ τοῦ πυρὸς τὰ ὄντα ἐπὶ τοῦ θυσιαστηρίου,",27,ܘܢܣܕܪܘܢ ܟܗ̈ܢܐ ܒ̈ܢܝ ܐܗܪܘܢ ܗ̈ܕܡܐ ܘܪܫܐ ܘܬܪܒܐ. ܥܠ ܩܝ̈ܣܐ ܕܒܢܘܪܐ. ܕܥܠ ܡܕܒܚܐ.,12,"também os filhos de Arão, os sacerdotes, porão em ordem os pedaços, a cabeça e a gordura, sobre a lenha que está no fogo em cima do altar;",28,True,True,True
1,9,Levítico 1:9,וְקִרְבּ֥וֹ וּכְרָעָ֖יו יִרְחַ֣ץ בַּמָּ֑יִם וְהִקְטִ֨יר הַכֹּהֵ֤ן אֶת־ הַכֹּל֙ הַמִּזְבֵּ֔חָה עֹלָ֛ה אִשֵּׁ֥ה רֵֽיחַ־ נִיח֖וֹחַ לַֽיהוָֽה ׃ ס,וקרבו וכרעיו ירחצ במימ והקטיר הכהנ את הכל המזבחה עלה אשה ריח ניחוח ליהוה ס,16,וגויה וכרעוהי יחלל במיא ויסק כהנא ית כולא למדבחא עלתא קרבן דמתקבל ברעוא קדם יי:,15,"τὰ δὲ ἐνκοίλια αὐτοῦ καὶ τοὺς πόδας πλυνοῦσιν ὕδατι· καὶ ἐπιθήσουσιν οἱ ἱερεῖς τὰ πάντα ἐπὶ τὸ θυσιαστήριον· κάρπωμά ἐστιν, θυσία, ὀσμὴ εὐωδίας τῷ κυρίῳ.",25,ܘܓܘܝܗ ܘܟܪ̈ܥܘܗܝ ܢܫܝܓ ܒܡ̈ܝܐ. ܘܢܣܩܝܘܗܝ ܟܗܢܐ ܟܠܗ ܠܡܕܒܚܐ. ܥܠܬܐ ܗܘ. ܩܘܪܒܢܐ ܠܪܝܚ ܣܘܬܐ ܠܡܪܝܐ .,15,"a fressura, porém, e as pernas, ele as lavará com água; e o sacerdote queimará tudo isso sobre o altar como holocausto, oferta queimada, de cheiro suave ao Senhor.",29,True,True,True
1,10,Levítico 1:10,וְאִם־ מִן־ הַצֹּ֨אן קָרְבָּנ֧וֹ מִן־ הַכְּשָׂבִ֛ים א֥וֹ מִן־ הָעִזִּ֖ים לְעֹלָ֑ה זָכָ֥ר תָּמִ֖ים יַקְרִיבֶֽנּוּ ׃,ואמ מנ הצאנ קרבנו מנ הכשבימ או מנ העזימ לעלה זכר תמימ יקריבנו,14,ואם מן ענא קרבניה מן אמריא או מן בני עזיא לעלתא דכר שלים יקרביניה:,14,"Ἐὰν δὲ ἀπὸ τῶν προβάτων τὸ δῶρον αὐτοῦ τῷ κυρίῳ ἀπό τε τῶν ἀρνῶν καὶ τῶν ἐρίφων εἰς ὁλοκαύτωμα, ἄρσεν ἄμωμον προσάξει αὐτό, καὶ ἐπιθήσει τὴν χεῖρα ἐπὶ τὴν κεφαλὴν αὐτοῦ.",31,ܘܐܢ ܡܢ ܥܢܐ ܩܘܪܒܢܗ. ܡܢ ܐܡܪ̈ܐ ܐܘ ܡܢ ܥܙ̈ܐ ܠܥܠܬܐ. ܕܟܪܐ ܕܠܐ ܡܘܡ ܢܩܪܒܝܘܗܝ.,14,"Se a sua oferta for holocausto de gado miúdo, seja das ovelhas seja das cabras, oferecerá ele um macho sem defeito,",21,True,True,True
1,11,Levítico 1:11,וְשָׁחַ֨ט אֹת֜וֹ עַ֣ל יֶ֧רֶךְ הַמִּזְבֵּ֛חַ צָפֹ֖נָה לִפְנֵ֣י יְהוָ֑ה וְזָרְק֡וּ בְּנֵי֩ אַהֲרֹ֨ן הַכֹּהֲנִ֧ים אֶת־ דָּמ֛וֹ עַל־ הַמִּזְבֵּ֖חַ סָבִֽיב ׃,ושחט אתו על ירכ המזבח צפנה לפני יהוה וזרקו בני אהרנ הכהנימ את דמו על המזבח סביב,18,ויכוס יתיה על צדא דמדבחא צפונא קדם יי ויזרקון בני אהרן כהניא ית דמיה על מדבחא סחור סחור:,18,καὶ σφάξουσιν αὐτὸ ἐκ πλαγίων τοῦ θυσιαστηρίου πρὸς βορρᾶν ἔναντι Κυρίου· καὶ προσχεοῦσιν οἱ υἱοὶ Ἀαρὼν οἱ ἱερεῖς τὸ αἷμα αὐτοῦ ἐπὶ τὸ θυσιαστήριον κύκλῳ·,25,ܘܢܟܣܝܘܗܝ ܥܠ ܫ̈ܦܘܠܘܗܝ ܕܡܕܒܚܐ ܡܢ ܓܪܒܝܝܗ ܩܕܡ ܡܪܝܐ. ܘܢܪܙܦܘܢ ܟܗ̈ܢܐ ܒܢ̈ܝ ܐܗܪܘܢ ܕܡܗ ܥܠ ܡܕܒܚܐ ܟܕ ܚ̇ܕܪ.,17,"e o imolará ao lado do altar que dá para o norte, perante o Senhor; e os filhos de Arão, os sacerdotes, espargirão o sangue em redor sobre o altar.",30,True,True,True
1,12,Levítico 1:12,וְנִתַּ֤ח אֹתוֹ֙ לִנְתָחָ֔יו וְאֶת־ רֹאשׁ֖וֹ וְאֶת־ פִּדְר֑וֹ וְעָרַ֤ךְ הַכֹּהֵן֙ אֹתָ֔ם עַל־ הָֽעֵצִים֙ אֲשֶׁ֣ר עַל־ הָאֵ֔שׁ אֲשֶׁ֖ר עַל־ הַמִּזְבֵּֽחַ ׃,ונתח אתו לנתחיו ואת ראשו ואת פדרו וערכ הכהנ אתמ על העצימ אשר על האש אשר על המזבח,19,ויפלג יתיה לאברוהי וית רישיה וית תרביה ויסדר כהנא יתהון על אעיא די על אשתא די על מדבחא:,18,"καὶ διελοῦσιν αὐτὸ κατὰ μέλη, καὶ τὴν κεφαλὴν καὶ τὸ στέαρ· καὶ ἐπιστοιβάσουσιν αὐτὰ οἱ ἱερεῖς ἐπὶ τὰ ξύλα τὰ ἐπὶ τοῦ πυρὸς τὰ ἐπὶ τοῦ θυσιαστηρίου,",27,ܘܢܦܫܚ ܗܕܡ̈ܘܗܝ ܘܪܫܗ ܘܬܪܒܗ. ܘܢܣܕܘܪ ܐܢܘܢ ܟܗܢܐ ܥܠ ܩܝ̈ܣܐ ܕܒܢܘܪܐ ܕܥܠ ܡܕܒܚܐ.,12,"Então o partirá nos seus pedaços, juntamente com a cabeça e a gordura; e o sacerdote os porá em ordem sobre a lenha que está no fogo sobre o altar;",30,True,True,True
1,13,Levítico 1:13,וְהַקֶּ֥רֶב וְהַכְּרָעַ֖יִם יִרְחַ֣ץ בַּמָּ֑יִם וְהִקְרִ֨יב הַכֹּהֵ֤ן אֶת־ הַכֹּל֙ וְהִקְטִ֣יר הַמִּזְבֵּ֔חָה עֹלָ֣ה ה֗וּא אִשֵּׁ֛ה רֵ֥יחַ נִיחֹ֖חַ לַיהוָֽה ׃ פ,והקרב והכרעימ ירחצ במימ והקריב הכהנ את הכל והקטיר המזבחה עלה הוא אשה ריח ניחח ליהוה פ,18,וגוא וכרעיא יחלל במיא ויקרב כהנא ית כולא ויסק למדבחא עלתא הוא קרבן דמתקבל ברעוא קדם יי:,17,"καὶ τὰ ἐνκοίλια καὶ τοὺς πόδας πλυνοῦσιν ὕδατι· καὶ προσοίσει ὁ ἱερεὺς τὰ πάντα καὶ ἐπιθήσει ἐπὶ τὸ θυσιαστήριον· κάρπωμά ἐστιν θυσίας, ὀσμὴ εὐωδίας τῷ Κυρίῳ.",26,ܘܓܘܝܗ ܘܟܪ̈ܥܘܗܝ ܢܫܝܓ ܒܡ̈ܝܐ. ܘܢܩܪܒܝܘܗܝ ܟܗܢܐ ܟܘܠܗ ܘܢܣܩܝܘܗܝ ܠܡܕܒܚܐ. ܥܠܬܐ ܗܘ. ܩܘܪܒܢܐ ܠܪܝܚ ܢܝܚܐ ܠܡܪܝܐ.,15,"a fressura, porém, e as pernas, ele as lavará com água; e o sacerdote oferecerá tudo isso, e o queimará sobre o altar; holocausto é, oferta queimada, de cheiro suave ao Senhor.",32,True,True,True
1,14,Levítico 1:14,וְאִ֧ם מִן־ הָע֛וֹף עֹלָ֥ה קָרְבָּנ֖וֹ לַֽיהוָ֑ה וְהִקְרִ֣יב מִן־ הַתֹּרִ֗ים א֛וֹ מִן־ בְּנֵ֥י הַיּוֹנָ֖ה אֶת־ קָרְבָּנֽוֹ ׃,ואמ מנ העופ עלה קרבנו ליהוה והקריב מנ התרימ או מנ בני היונה את קרבנו,16,ואם מן עופא עלתא קרבניה קדם יי ויקרב מן שפניניא או מן בני יונה ית קרבניה:,16,"Ἐὰν δὲ ἀπὸ τῶν πετεινῶν κάρπωμα προσφέρῃς δῶρον τῷ κυρίῳ, καὶ προσοίσει ἀπὸ τῶν τρυγόνων ἢ ἀπὸ τῶν περιστερῶν τὸ δῶρον αὐτοῦ·",22,ܘܐܢ ܡܢ ܥܘܦܐ. ܥܠܬܐ ܩܘܪܒܢܗ ܠܡܪܝܐ. ܢܩܪܒ ܡܢ ܫܘܦܢܝ̈ܢܐ ܠܡܪܝܐ. ܐܘ ܡܢ ܒܢ̈ܝ ܝܘܢܐ ܩܘܪܒܢܗ.,15,"Se a sua oferta ao Senhor for holocausto tirado de aves, então de rolas ou de pombinhos oferecerá a sua oferta.",21,True,True,True
1,15,Levítico 1:15,וְהִקְרִיב֤וֹ הַכֹּהֵן֙ אֶל־ הַמִּזְבֵּ֔חַ וּמָלַק֙ אֶת־ רֹאשׁ֔וֹ וְהִקְטִ֖יר הַמִּזְבֵּ֑חָה וְנִמְצָ֣ה דָמ֔וֹ עַ֖ל קִ֥יר הַמִּזְבֵּֽחַ ׃,והקריבו הכהנ אל המזבח ומלק את ראשו והקטיר המזבחה ונמצה דמו על קיר המזבח,15,ויקרבניה כהנא למדבחא וימלוק ית רישיה ויסק למדבחא ויתמצי דמיה על כותל מדבחא:,13,"καὶ προσοίσει αὐτὸ ὁ ἱερεὺς πρὸς τὸ θυσιαστήριον, καὶ ἀποκνίσει τὴν κεφαλήν· καὶ ἐπιθήσει ὁ ἱερεὺς ἐπὶ τὸ θυσιαστήριον, καὶ στραγγιεῖ τὸ αἷμα πρὸς τὴν βάσιν τοῦ θυσιαστηρίου·",28,ܘܢܩܪܒܝܘܗܝ ܟܗܢܐ ܠܡܕܒܚܐ. ܘܢܡܠܘܓ ܪܫܗ ܘܢܣܩ ܥܠ ܡܕܒܚܐ . ܘܢܡܨܐ ܕܡܗ ܥܠ ܐܣܬܐ ܕܡܕܒܚܐ ܟܕ ܚ̇ܕܪ.,16,"E o sacerdote a trará ao altar, tirar-lhe-á a cabeça e a queimará sobre o altar; e o seu sangue será espremido na parede do altar;",26,True,True,True
1,16,Levítico 1:16,וְהֵסִ֥יר אֶת־ מֻרְאָת֖וֹ בְּנֹצָתָ֑הּ וְהִשְׁלִ֨יךְ אֹתָ֜הּ אֵ֤צֶל הַמִּזְבֵּ֨חַ֙ קֵ֔דְמָה אֶל־ מְק֖וֹם הַדָּֽשֶׁן ׃,והסיר את מראתו בנצתה והשליכ אתה אצל המזבח קדמה אל מקומ הדשנ,13,ויעדי ית זפקיה באוכליה וירמי יתה לסטר מדבחא קידומא לאתר דמושדין קטמא:,12,"καὶ ἀφελεῖ τὸν πρόλοβον σὺν τοῖς πτεροῖς, καὶ ἐκβαλεῖ αὐτὸ παρὰ τὸ θυσιαστήριον κατὰ ἀνατολὰς εἰς τὸν τόπον τῆς σποδοῦ·",20,ܘܢܥܒܪ ܩܘܪܩܒܢܗ ܒܐܘܟܠܗ. ܘܢܪܡܝܘܗܝ ܥܠ ܓܢܒ ܡܕܒܚܐ ܡܢ ܡܕܢܚܐ ܒܕܘܟܬܐ ܕܩܛܡܐ.,11,"e o seu papo com as suas penas tirará e o lançará junto ao altar, para o lado do oriente, no lugar da cinza;",24,True,True,True
1,17,Levítico 1:17,וְשִׁסַּ֨ע אֹת֣וֹ בִכְנָפָיו֮ לֹ֣א יַבְדִּיל֒ וְהִקְטִ֨יר אֹת֤וֹ הַכֹּהֵן֙ הַמִּזְבֵּ֔חָה עַל־ הָעֵצִ֖ים אֲשֶׁ֣ר עַל־ הָאֵ֑שׁ עֹלָ֣ה ה֗וּא אִשֵּׁ֛ה רֵ֥יחַ נִיחֹ֖חַ לַיהוָֽה ׃ ס,ושסע אתו בכנפיו לא יבדיל והקטיר אתו הכהנ המזבחה על העצימ אשר על האש עלה הוא אשה ריח ניחח ליהוה ס,22,ויפריק יתיה בגדפוהי לא יפריש ויסק יתיה כהנא למדבחא על אעיא די על אשתא עלתא הוא קרבן דמתקבל ברעוא קדם יי:,21,"καὶ ἐκκλάσει αὐτὸ ἐκ τῶν πτερύγων καὶ οὐ διελεῖ· καὶ ἐπιθήσει αὐτὸ ὁ ἱερεὺς ἐπὶ τὸ θυσιαστήριον ἐπὶ τὰ ξύλα τὰ ἐπὶ τοῦ πυρός· κάρπωμά ἐστιν, θυσία, ὀσμὴ εὐωδίας τῷ κυρίῳ.",31,ܘܢܫܛܦܝܘܗܝ ܒܝܬ ܓܦܘ̈ܗܝ ܘܠܐ ܢܦܪܫ. ܘܢܣܩܝܘܗܝ ܟܗܢܐ ܠܡܕܒܚܐ ܥܠ ܩܝ̈ܣܐ ܕܥܠ ܢܘܪܐ. ܥܠܬܐ ܗܘ. ܩܘܪܒܢܐ ܠܪܝܚ ܣܘܬܐ ܠܡܪܝܐ.,18,"e fendê-la-á junto às suas asas, mas não a partirá; e o sacerdote a queimará em cima do altar sobre a lenha que está no fogo; holocausto é, oferta queimada, de cheiro suave ao Senhor.",35,True,True,True
2,1,Levítico 2:1,וְנֶ֗פֶשׁ כִּֽי־ תַקְרִ֞יב קָרְבַּ֤ן מִנְחָה֙ לַֽיהוָ֔ה סֹ֖לֶת יִהְיֶ֣ה קָרְבָּנ֑וֹ וְיָצַ֤ק עָלֶ֨יהָ֙ שֶׁ֔מֶן וְנָתַ֥ן עָלֶ֖יהָ לְבֹנָֽה ׃,ונפש כי תקריב קרבנ מנחה ליהוה סלת יהיה קרבנו ויצק עליה שמנ ונתנ עליה לבנה,16,ואנש ארי יקרב קרבן מנחתא קדם יי סולתא יהי קרבניה ויריק עלה משחא ויתן עלה לבונתא:,16,"Ἐὰν δὲ ψυχὴ προσφέρῃ δῶρον θυσίαν τῷ κυρίῳ, σεμίδαλις ἔσται τὸ δῶρον αὐτοῦ· καὶ ἐπιχεεῖ ἐπ᾽ αὐτὸ ἔλαιον, καὶ ἐπιθήσει ἐπ᾽ αὐτὸ λίβανον· θυσία ἐστίν.",25,ܘܢܦܫܐ ܟܕ ܬܩܪܒ ܩܘܪܒܢܐ ܕܣܡܝܕܐ ܠܡܪܝܐ. ܢܫܝܦܐ ܢܗܘܐ ܩܘܪܒܢܗ. ܘܢܣܘܟ ܥܠܘܗܝ ܡܫܚܐ. ܘܢܣܝܡ ܥܠܘܗܝ ܠܒܘܢܬܐ.,15,"Quando alguém fizer ao Senhor uma oferta de cereais, a sua oferta será de flor de farinha; deitará nela azeite, e sobre ela porá incenso;",25,True,True,True
2,2,Levítico 2:2,וֶֽהֱבִיאָ֗הּ אֶל־ בְּנֵ֣י אַהֲרֹן֮ הַכֹּהֲנִים֒ וְקָמַ֨ץ מִשָּׁ֜ם מְלֹ֣א קֻמְצ֗וֹ מִסָּלְתָּהּ֙ וּמִשַּׁמְנָ֔הּ עַ֖ל כָּל־ לְבֹנָתָ֑הּ וְהִקְטִ֨יר הַכֹּהֵ֜ן אֶת־ אַזְכָּרָתָהּ֙ הַמִּזְבֵּ֔חָה אִשֵּׁ֛ה רֵ֥יחַ נִיחֹ֖חַ לַיהוָֽה ׃,והביאה אל בני אהרנ הכהנימ וקמצ משמ מלא קמצו מסלתה ומשמנה על כל לבנתה והקטיר הכהנ את אזכרתה המזבחה אשה ריח ניחח ליהוה,24,וייתנה לות בני אהרן כהניא ויקמוץ מתמן מלי קמציה מסלתא וממשחה על כל לבונתה ויסק כהנא ית אדכרתה למדבחא קרבן דמתקבל ברעוא קדם יי:,24,"καὶ οἴσει πρὸς τοὺς υἱοὺς Ἀαρὼν τοὺς ἱερεῖς· καὶ δραξάμενος ἀπ᾽ αὐτῆς πλήρη τὴν δράκα ἀπὸ τῆς σεμιδάλεως σὺν τῷ ἐλαίῳ καὶ πάντα τὸν λίβανον αὐτῆς, καὶ ἐπιθήσει ὁ ἱερεὺς τὸ μνημόσυνον αὐτῆς ἐπὶ τὸ θυσιαστήριον· θυσία, ὀσμὴ εὐωδίας τῷ κυρίῳ.",41,ܘܢܝܬܝܘܗܝ ܠܘܬ ܟܗܢܐ ܒܪ ܐܗܪܘܢ. ܘܢܙܘܪ ܡܢ ܬܡܢ ܡܠܐ ܙܘܪܗ. ܡܢ ܢܫܝܦܐ ܘܡܢ ܡܫܚܐ. ܕܥܠ ܟܠܗ̇ ܠܒܘܢܬܐ. ܘܢܣܩ ܟܗܢܐ ܕܘܟܪܢܗ ܥܠ ܡܕܒܚܐ ܩܘܪܒܢܐ ܠܪܝܚ ܣܘܬܐ ܠܡܪܝܐ.,26,"e a trará aos filhos de Arão, os sacerdotes, um dos quais lhe tomará um punhado da flor de farinha e do azeite com todo o incenso, e o queimará sobre o altar por oferta memorial, oferta queimada, de cheiro suave ao Senhor.",43,True,True,True
2,3,Levítico 2:3,וְהַנּוֹתֶ֨רֶת֙ מִן־ הַמִּנְחָ֔ה לְאַהֲרֹ֖ן וּלְבָנָ֑יו קֹ֥דֶשׁ קָֽדָשִׁ֖ים מֵאִשֵּׁ֥י יְהוָֽה ׃ ס,והנותרת מנ המנחה לאהרנ ולבניו קדש קדשימ מאשי יהוה ס,11,ודאשתאר מן מנחתא לאהרן ולבנוהי קודש קודשין מקרבניא דיי:,9,"καὶ τὸ λοιπὸν ἀπὸ τῆς θυσίας Ἀαρὼν καὶ τοῖς υἱοῖς αὐτοῦ, ἅγιον τῶν ἁγίων ἀπὸ τῶν θυσιῶν Κυρίου.",18,ܘܕܡܫܬܚܪ ܡܢ ܣܡܝܕܐ ܠܐܗܪܘܢ ܘܠܒܢ̈ܘܗܝ. ܩܕܘܫ ܩܘܕܫܝܢ ܗܘ ܡܢ ܩܘܪ̈ܒܢܘܗܝ ܕܡܪܝܐ.,11,O que restar da oferta de cereais pertencerá a Arão e a seus filhos; é coisa santíssima entre as ofertas queimadas ao Senhor.,23,True,True,True
2,4,Levítico 2:4,וְכִ֥י תַקְרִ֛ב קָרְבַּ֥ן מִנְחָ֖ה מַאֲפֵ֣ה תַנּ֑וּר סֹ֣לֶת חַלּ֤וֹת מַצֹּת֙ בְּלוּלֹ֣ת בַּשֶּׁ֔מֶן וּרְקִיקֵ֥י מַצּ֖וֹת מְשֻׁחִ֥ים בַּשָּֽׁמֶן ׃ ס,וכי תקרב קרבנ מנחה מאפה תנור סלת חלות מצת בלולת בשמנ ורקיקי מצות משחימ בשמנ ס,17,וארי תקריב קרבן מנחתא מאפה תנורא סולתא גריצן פטירן דפילן במשח ואספוגין פטירין דמשיחין במשח:,15,"Ἐὰν δὲ προσφέρῃ δῶρον θυσίαν πεπεμμένην ἐκ λιβάνου, δῶρον Κυρίῳ ἐκ σεμιδάλεως, ἄρτους ἀζύμους πεφυραμένους ἐν ἐλαίῳ καὶ λάγανα ἄζυμα διακεχρισμένα ἐν ἐλαίῳ.",23,ܘܟܕ ܬܩܪܒ ܩܘܪܒܢܐ ܕܣܡܝܕܐ ܕܡܬܐܦܐ ܒܬܢܘܪܐ. ܢܫܝܦܐ ܚܚܪ̈ܬܐ ܦܛܝܪ̈ܬܐ ܕܦܝ̈ܠܢ ܒܡܫܚܐ. ܘܠܓܢ̈ܐ ܦܛܝܪ̈ܐ ܕܦܝܠܝܢ ܒܡܫܚܐ.,15,"Quando fizerdes oferta de cereais assada ao forno, será de bolos ázimos de flor de farinha, amassados com azeite, e coscorões ázimos untados com azeite.",25,True,True,True
2,5,Levítico 2:5,וְאִם־ מִנְחָ֥ה עַל־ הַֽמַּחֲבַ֖ת קָרְבָּנֶ֑ךָ סֹ֛לֶת בְּלוּלָ֥ה בַשֶּׁ֖מֶן מַצָּ֥ה תִהְיֶֽה ׃,ואמ מנחה על המחבת קרבנכ סלת בלולה בשמנ מצה תהיה,11,ואם מנחתא על מסריתא קרבנך סולתא דפילא במשח פטיר תהי:,10,"ἐὰν δὲ θυσία ἀπὸ τηγάνου τὸ δῶρόν σου, σεμίδαλις πεφυραμένη ἐν ἐλαίῳ, ἄζυμά ἐστιν·",14,ܘܐܢ ܣܡܝܕܐ ܕܥܠ ܛܐܓܢܐ ܩܘܪܒܢܟ. ܢܫܝܦܐ ܦܛܝܪܐ ܕܦܝܠ ܒܡܫܚܐ ܢܗܘܐ .,11,"E se a tua oferta for oferta de cereais assada na assadeira, será de flor de farinha sem fermento, amassada com azeite.",22,True,True,True
2,6,Levítico 2:6,פָּת֤וֹת אֹתָהּ֙ פִּתִּ֔ים וְיָצַקְתָּ֥ עָלֶ֖יהָ שָׁ֑מֶן מִנְחָ֖ה הִֽוא ׃ ס,פתות אתה פתימ ויצקת עליה שמנ מנחה הוא ס,10,בצע יתה ביצועין ותריק עלה משחא מנחתא היא:,8,"καὶ διαθρύψεις αὐτὰ κλάσματα, καὶ ἐπιχεεῖς ἐπ᾽ αὐτὰ ἔλαιον· θυσία ἐστὶν Κυρίῳ.",12,ܘܦܘܬܝܗܝ ܦܬ̈ܐ ܘܣܘܟ ܥܠܘܗܝ ܡܫܚܐ. ܥܠ ܣܡܝܕܐ ܗ̇ܘ.,8,"Em pedaços a partirás, e sobre ela deitarás azeite; é oferta de cereais.",13,True,True,True
2,7,Levítico 2:7,וְאִם־ מִנְחַ֥ת מַרְחֶ֖שֶׁת קָרְבָּנֶ֑ךָ סֹ֥לֶת בַּשֶּׁ֖מֶן תֵּעָשֶֽׂה ׃,ואמ מנחת מרחשת קרבנכ סלת בשמנ תעשה,8,ואם מנחתא דרדתא קרבנך סולתא במשח תתעבד:,7,"ἐὰν δὲ θυσία ἀπὸ ἐσχάρας τὸ δῶρόν σου, ἐν ἐλαίῳ ποιηθήσεται.",11,ܘܐܢ ܣܡܝܕܐ ܗܘ ܕܛܪܛܩܠ ܩܘܪܒܢܟ. ܣܡܝܕܐ ܢܫܝܦܐ ܒܡܫܚܐ ܢܬܥܒܕ.,9,"E se a tua oferta for oferta de cereais cozida na frigideira, far-se-á de flor de farinha com azeite.",19,True,True,True
2,8,Levítico 2:8,וְהֵבֵאתָ֣ אֶת־ הַמִּנְחָ֗ה אֲשֶׁ֧ר יֵעָשֶׂ֛ה מֵאֵ֖לֶּה לַיהוָ֑ה וְהִקְרִיבָהּ֙ אֶל־ הַכֹּהֵ֔ן וְהִגִּישָׁ֖הּ אֶל־ הַמִּזְבֵּֽחַ ׃,והבאת את המנחה אשר יעשה מאלה ליהוה והקריבה אל הכהנ והגישה אל המזבח,14,ותיתי ית מנחתא די יתעבד מאלין קדם יי ויקרבינה לות כהנא ויקרבנה למדבחא:,13,"καὶ προσοίσει τὴν θυσίαν ἣν ἂν ποιῇ ἐκ τούτων τῷ κυρίῳ, καὶ προσοίσει πρὸς τὸν ἱερέα· καὶ προσεγγίσας πρὸς τὸ θυσιαστήριον",21,ܘܬܝܬܐ ܣܡܝܕܐ ܕܡܬܥܒܕ ܡܢ ܗܠܝܢ ܠܡܪܝܐ. ܘܬܩܪܒܝܘܗܝ ܠܟܗܢܐ. ܘܢܣܩܝܘܗܝ ܠܡܕܒܚܐ ܠܡܪܝܐ.,11,"Então trarás ao Senhor a oferta de cereais que for feita destas coisas; e será apresentada ao sacerdote, o qual a levará ao altar.",24,True,True,True
2,9,Levítico 2:9,וְהֵרִ֨ים הַכֹּהֵ֤ן מִן־ הַמִּנְחָה֙ אֶת־ אַזְכָּ֣רָתָ֔הּ וְהִקְטִ֖יר הַמִּזְבֵּ֑חָה אִשֵּׁ֛ה רֵ֥יחַ נִיחֹ֖חַ לַיהוָֽה ׃,והרימ הכהנ מנ המנחה את אזכרתה והקטיר המזבחה אשה ריח ניחח ליהוה,13,ויפריש כהנא מן מנחתא ית אדכרתה ויסק למדבחא קרבן דמתקבל ברעוא קדם יי:,13,"ἀφελεῖ ὁ ἱερεὺς ἀπὸ τῆς θυσίας τὸ μνημόσυνον αὐτῆς, καὶ ἐπιθήσει ὁ ἱερεὺς ἐπὶ τὸ θυσιαστήριον· κάρπωμα, ὀσμὴ εὐωδίας Κυρίῳ.",20,ܘܢܦܪܘܫ ܟܗܢܐ ܡܢ ܣܡܝܕܐ ܕܘܟܪܢܗ. ܘܢܣܩ ܠܡܕܒܚܐ . ܩܘܪܒܢܐ ܠܪܝܚ ܣܘܬܐ ܠܡܪܝܐ.,12,"E o sacerdote tomará da oferta de cereais o memorial dela, e o queimará sobre o altar; é oferta queimada, de cheiro suave ao Senhor.",25,True,True,True
2,10,Levítico 2:10,וְהַנּוֹתֶ֨רֶת֙ מִן־ הַמִּנְחָ֔ה לְאַהֲרֹ֖ן וּלְבָנָ֑יו קֹ֥דֶשׁ קָֽדָשִׁ֖ים מֵאִשֵּׁ֥י יְהוָֽה ׃,והנותרת מנ המנחה לאהרנ ולבניו קדש קדשימ מאשי יהוה,10,ודאשתאר מן מנחתא לאהרן ולבנוהי קודש קודשין מקרבניא דיי:,9,"τὸ δὲ καταλειφθὲν ἀπὸ τῆς θυσίας Ἀαρὼν καὶ τοῖς υἱοῖς αὐτοῦ, ἅγια τῶν ἁγίων ἀπὸ τῶν καρπωμάτων Κυρίου.",18,ܘܕܡܫܬܚܪ ܡܢ ܣܡܝܕܐ ܠܐܗܪܘܢ ܘܠܒ̈ܢܘܗܝ ܩܕܘܫ ܩܘ̈ܕܫܝܢ ܡܢ ܩܘܪ̈ܒܢܘܗܝ ܕܡܪܝܐ.,10,E o que restar da oferta de cereais pertencerá a Arão e a seus filhos; é coisa santíssima entre as ofertas queimadas ao Senhor.,24,True,True,True
2,11,Levítico 2:11,כָּל־ הַמִּנְחָ֗ה אֲשֶׁ֤ר תַּקְרִ֨יבוּ֙ לַיהוָ֔ה לֹ֥א תֵעָשֶׂ֖ה חָמֵ֑ץ כִּ֤י כָל־ שְׂאֹר֙ וְכָל־ דְּבַ֔שׁ לֹֽא־ תַקְטִ֧ירוּ מִמֶּ֛נּוּ אִשֶּׁ֖ה לַֽיהוָֽה ׃,כל המנחה אשר תקריבו ליהוה לא תעשה חמצ כי כל שאר וכל דבש לא תקטירו ממנו אשה ליהוה,19,כל מנחתא די תקרבון קדם יי לא תתעבד חמיע ארי כל חמיר וכל דבש לא תסקון מניה קרבנא קדם יי:,20,"πᾶσαν θυσίαν ἣν ἂν προσφέρητε Κυρίῳ οὐ ποιήσετε ζυμωτόν· πᾶσαν γὰρ ζύμην καὶ πᾶν μέλι, οὐ προσοίσετε ἀπ᾽ αὐτοῦ καρπῶσαι Κυρίῳ.",21,ܟܠ ܣܡܝܕܐ ܕܬܩܪܒܘܢ ܠܡܪܝܐ. ܠܐ ܢܬܥܒܕ ܚܡܝܥܐ. ܡܛܠ ܕܟܠ ܚܡܝܪ ܘܟܠ ܕܒܫ. ܠܐ ܬܣܩܘܢ ܡܢܗ ܩܘܪܒܢܐ ܠܡܪܝܐ.,17,"Nenhuma oferta de cereais, que fizerdes ao Senhor, será preparada com fermento; porque não queimareis fermento algum nem mel algum como oferta queimada ao Senhor.",25,True,True,True
2,12,Levítico 2:12,קָרְבַּ֥ן רֵאשִׁ֛ית תַּקְרִ֥יבוּ אֹתָ֖ם לַיהוָ֑ה וְאֶל־ הַמִּזְבֵּ֥חַ לֹא־ יַעֲל֖וּ לְרֵ֥יחַ נִיחֹֽחַ ׃,קרבנ ראשית תקריבו אתמ ליהוה ואל המזבח לא יעלו לריח ניחח,12,קרבן קדמי תקרבון יתהון קדם יי ולמדבחא לא יתסקון לאתקבלא ברעוא:,11,δῶρον ἀπαρχῆς προσοίσετε αὐτὰ Κυρίῳ· ἐπὶ δὲ τὸ θυσιαστήριον οὐκ ἀναβιβασθήσεται εἰς ὀσμὴν εὐωδίας Κυρίῳ.,15,ܩܘܪ̈ܒܢܐ ܪ̈ܫܝܬܐ ܬܩܪܒܘܢ ܐܢܘܢ ܠܡܪܝܐ. ܘܥܠ ܡܕܒܚܐ ܠܐ ܢܣܩܘܢ ܠܪܝܚ ܣܘܬܐ .,12,Como oferta de primícias oferecê-los-eis ao Senhor; mas sobre o altar não subirão por cheiro suave.,16,True,True,True
2,13,Levítico 2:13,וְכָל־ קָרְבַּ֣ן מִנְחָתְךָ֮ בַּמֶּ֣לַח תִּמְלָח֒ וְלֹ֣א תַשְׁבִּ֗ית מֶ֚לַח בְּרִ֣ית אֱלֹהֶ֔יךָ מֵעַ֖ל מִנְחָתֶ֑ךָ עַ֥ל כָּל־ קָרְבָּנְךָ֖ תַּקְרִ֥יב מֶֽלַח ׃ ס,וכל קרבנ מנחתכ במלח תמלח ולא תשבית מלח ברית אלהיכ מעל מנחתכ על כל קרבנכ תקריב מלח ס,19,וכל קרבן מנחתך במלחא תמלח ולא תבטל מלח קים אלהך מעל מנחתך על כל קרבנך תקרב מלחא:,17,καὶ πᾶν δῶρον θυσίας ὑμῶν ἁλὶ ἁλισθήσεται· οὐ διαπαύσετε ἅλα διαθήκης Κυρίου ἀπὸ θυσιασμάτων ὑμῶν· ἐπὶ παντὸς δώρου ὑμῶν προσοίσετε Κυρίῳ τῷ θεῷ ὑμῶν ἅλας.,25,ܘܟܠܗ ܩܘܪܒܢܐ ܕܣܡܝܕܟ ܒܡܠܚܐ ܬܡܠܘܚ. ܘܠܐ ܬܒܛܠ ܡܠܚܐ ܕܩܝܡܗ ܕܐܠܗܟ ܡܢ ܣܡܝܕܟ. ܥܠ ܟܠ ܩܘܪ̈ܒܢܝܟ ܬܩܪܒ ܡܠܚܐ.,17,Todas as suas ofertas de cereais temperarás com sal; não deixarás faltar a elas o sal do pacto do teu Deus; em todas as tuas ofertas oferecerás sal.,28,True,True,True
2,14,Levítico 2:14,וְאִם־ תַּקְרִ֛יב מִנְחַ֥ת בִּכּוּרִ֖ים לַיהוָ֑ה אָבִ֞יב קָל֤וּי בָּאֵשׁ֙ גֶּ֣רֶשׂ כַּרְמֶ֔ל תַּקְרִ֕יב אֵ֖ת מִנְחַ֥ת בִּכּוּרֶֽיךָ ׃,ואמ תקריב מנחת בכורימ ליהוה אביב קלוי באש גרש כרמל תקריב את מנחת בכוריכ,15,ואם תקרב מנחת בכורין קדם יי אביב קלי בנור פירוכן רכיכן תקריב ית מנחת בכורך:,15,"Ἐὰν δὲ προσφέρῃς θυσίαν πρωτογενημάτων τῷ κυρίῳ, ἁπαλόν, νέα πεφρυγμένα χίδρα ἐρικτὰ τῷ κυρίῳ· καὶ προσοίσεις τὴν θυσίαν τῶν πρωτογενημάτων·",20,ܘܐܢ ܬܩܪܒ ܩܘܪܒܢܐ ܕܒܟܪ̈ܐ ܠܡܪܝܐ. ܟܦܐ ܕܡܚܪܟܐ ܒܢܘܪܐ. ܦܪ̈ܝܟܬܐ ܡܕܟܝ̈ܬܐ ܬܩܪܒ ܩܘܪܒܢܐ ܕܒܟܪ̈ܝܟ.,13,"Se fizeres ao Senhor oferta de cereais de primícias, oferecerás, como oferta de cereais das tuas primícias, espigas tostadas ao fogo, isto é, o grão trilhado de espigas verdes.",29,True,True,True
2,15,Levítico 2:15,וְנָתַתָּ֤ עָלֶ֨יהָ֙ שֶׁ֔מֶן וְשַׂמְתָּ֥ עָלֶ֖יהָ לְבֹנָ֑ה מִנְחָ֖ה הִֽוא ׃,ונתת עליה שמנ ושמת עליה לבנה מנחה הוא,9,ותתן עלה משחא ותשוי עלה לבונתא מנחתא היא:,8,"καὶ ἐπιχεεῖς ἐπ᾽ αὐτὴν ἔλαιον, καὶ ἐπιθήσεις ἐπ᾽ αὐτὴν λίβανον· θυσία ἐστίν.",12,ܘܬܬܠ ܡܫܚܐ ܥܠܘܗܝ ܘܠܒܘܢܬܐ ܩܘܪܒܢܐ ܗܘ.,6,"Sobre ela deitarás azeite, e lhe porás por cima incenso; é oferta de cereais.",14,True,True,True
2,16,Levítico 2:16,וְהִקְטִ֨יר הַכֹּהֵ֜ן אֶת־ אַזְכָּרָתָ֗הּ מִגִּרְשָׂהּ֙ וּמִשַּׁמְנָ֔הּ עַ֖ל כָּל־ לְבֹנָתָ֑הּ אִשֶּׁ֖ה לַיהוָֽה ׃ פ,והקטיר הכהנ את אזכרתה מגרשה ומשמנה על כל לבנתה אשה ליהוה פ,13,ויסק כהנא ית אדכרתה מפרוכה וממשחה על כל לבונתה קרבנא קדם יי:,12,καὶ ἀνοίσει ὁ ἱερεὺς τὸ μνημόσυνον αὐτῆς ἀπὸ τῶν χίδρων σὺν τῷ ἐλαίῳ καὶ πάντα τὸν λίβανον αὐτῆς· κάρπωμά ἐστιν Κυρίῳ.,21,ܘܢܣܩ ܟܗܢܐ ܕܘܟܪܢܗ ܡܢ ܦܪܝ̈ܟܬܐ ܘܡܢ ܡܫܚܐ. ܥܠ ܟܠܗ̇ ܠܒܘܢܬܐ ܩܘܪܒܢܐ ܠܡܪܝܐ.,12,"O sacerdote queimará o memorial dela, isto é, parte do grão trilhado e parte do azeite com todo o incenso; é oferta queimada ao Senhor.",25,True,True,True
3,1,Levítico 3:1,וְאִם־ זֶ֥בַח שְׁלָמִ֖ים קָרְבָּנ֑וֹ אִ֤ם מִן־ הַבָּקָר֙ ה֣וּא מַקְרִ֔יב אִם־ זָכָר֙ אִם־ נְקֵבָ֔ה תָּמִ֥ים יַקְרִיבֶ֖נּוּ לִפְנֵ֥י יְהוָֽה ׃,ואמ זבח שלמימ קרבנו אמ מנ הבקר הוא מקריב אמ זכר אמ נקבה תמימ יקריבנו לפני יהוה,18,ואם נכסת קודשיא קרבניה אם מן תורי הוא מקרב אם דכר אם נוקבא שלים יקרביניה קדם יי:,17,"Ἐὰν δὲ θυσίαν σωτηρίου τὸ δῶρον αὐτοῦ τῷ κυρίῳ, ἐὰν μὲν ἐκ τῶν βοῶν αὐτοῦ προσαγάγῃ, ἐάν τε ἄρσεν ἐάν τε θῆλυ, ἄμωμον προσάξει αὐτὸ ἐναντίον Κυρίου·",27,ܘܐܢ ܕܒܚܐ ܫܠܡܐ ܩܘܪܒܢܗ. ܐܢ ܡܢ ܬܘܪ̈ܐ ܗܘ ܡܩܪܒ. ܕܟܪܐ ܐܘ ܢܩܒܬܐ ܕܠܐ ܡܘܡ ܢܩܪܒ ܩܕܡ ܡܪܝܐ.,17,"Se a oferta de alguém for sacrifício pacífico: se a fizer de gado vacum, seja macho ou fêmea, oferecê-la-á sem defeito diante do Senhor;",24,True,True,True
3,2,Levítico 3:2,וְסָמַ֤ךְ יָדוֹ֙ עַל־ רֹ֣אשׁ קָרְבָּנ֔וֹ וּשְׁחָט֕וֹ פֶּ֖תַח אֹ֣הֶל מוֹעֵ֑ד וְזָרְק֡וּ בְּנֵי֩ אַהֲרֹ֨ן הַכֹּהֲנִ֧ים אֶת־ הַדָּ֛ם עַל־ הַמִּזְבֵּ֖חַ סָבִֽיב ׃,וסמכ ידו על ראש קרבנו ושחטו פתח אהל מועד וזרקו בני אהרנ הכהנימ את הדמ על המזבח סביב,19,ויסמוך ידיה על ריש קרבניה ויכסניה בתרע משכן זמנא ויזרקון בני אהרן כהניא ית דמא על מדבחא סחור סחור:,19,"καὶ ἐπιθήσει τὰς χεῖρας ἐπὶ τὴν κεφαλὴν τοῦ δώρου, καὶ σφάξει αὐτὸ ἐναντίον Κυρίου παρὰ τὰς θύρας τῆς σκηνῆς τοῦ μαρτυρίου· καὶ προσχεοῦσιν οἱ υἱοὶ Ἀαρὼν οἱ ἱερεῖς τὸ αἷμα ἐπὶ τὸ θυσιαστήριον τῶν ὁλοκαυτωμάτων κύκλῳ.",36,ܘܢܣܡܘܟ ܐܝܕܗ ܥܠ ܪܝܫ ܩܘܪܒܢܗ. ܘܢܟܣܝܘܗܝ ܒܬܪܥܐ ܕܡܫܟܢܙܒܢܐ. ܘܢܪܣܘܢ ܟܗ̈ܢܐ ܒܢ̈ܝ ܐܗܪܘܢ ܕܡܐ ܥܠ ܡܕܒܚܐ ܟܕ ܚ̇ܕܪ.,17,"porá a mão sobre a cabeça da sua oferta e a imolará à porta da tenda da revelação; e os filhos de Arão, os sacerdotes, espargirão o sangue sobre o altar em redor.",33,True,True,True
3,3,Levítico 3:3,וְהִקְרִיב֙ מִזֶּ֣בַח הַשְּׁלָמִ֔ים אִשֶּׁ֖ה לַיהוָ֑ה אֶת־ הַחֵ֨לֶב֙ הַֽמְכַסֶּ֣ה אֶת־ הַקֶּ֔רֶב וְאֵת֙ כָּל־ הַחֵ֔לֶב אֲשֶׁ֖ר עַל־ הַקֶּֽרֶב ׃,והקריב מזבח השלמימ אשה ליהוה את החלב המכסה את הקרב ואת כל החלב אשר על הקרב,17,ויקרב מנכסת קודשיא קרבנא קדם יי ית תרבא דחפי ית גוא וית כל תרבא די על גוא:,17,"καὶ προσάξουσιν ἀπὸ τῆς θυσίας τοῦ σωτηρίου κάρπωμα Κυρίῳ, τὸ στέαρ τὸ κατακαλύπτον τὴν κοιλίαν καὶ πᾶν τὸ στέαρ τὸ ἐπὶ τῆς κοιλίας,",23,ܘܢܩܪܒ ܡܢ ܕܒܚܐ ܫܠܡܐ ܩܘܪܒܢܐ ܠܡܪܝܐ. ܚܠܒܐ ܕܩܪܝܡ ܠܓܘܝܐ. ܘܟܠܗ ܬܪܒܐ ܕܥܠ ܓܘܝܐ.,13,"Então, do sacrifício de oferta pacífica, fará uma oferta queimada ao Senhor; a gordura que cobre a fressura, sim, toda a gordura que está sobre ela,",26,True,True,True
3,4,Levítico 3:4,וְאֵת֙ שְׁתֵּ֣י הַכְּלָיֹ֔ת וְאֶת־ הַחֵ֨לֶב֙ אֲשֶׁ֣ר עֲלֵהֶ֔ן אֲשֶׁ֖ר עַל־ הַכְּסָלִ֑ים וְאֶת־ הַיֹּתֶ֨רֶת֙ עַל־ הַכָּבֵ֔ד עַל־ הַכְּלָי֖וֹת יְסִירֶֽנָּה ׃,ואת שתי הכלית ואת החלב אשר עלהנ אשר על הכסלימ ואת היתרת על הכבד על הכליות יסירנה,18,וית תרתין כלין וית תרבא די עליהן די על גססיא וית חצרא דעל כבדא על כליתא יעדנה:,17,"καὶ τοὺς δύο νεφρούς καὶ τὸ στέαρ τὸ ἐπ᾽ αὐτῶν, τὸ ἐπὶ τῶν μηρίων, καὶ τὸν λοβὸν τὸν ἐπὶ τοῦ ἥπατος σὺν τοῖς νεφροῖς περιελεῖ.",25,ܘܬܪ̈ܬܝܢ ܟܘ̈ܠܝܢ ܘܬܪܒܐ ܕܥܠܝܗܝܢ ܕܥܠ ܣܛܪܐ. ܘܚܨܪ ܟܒܕܐ ܥܡ ܟܘܠܝ̈ܬܐ ܢܥܒܕܝܗ̇.,11,"os dois rins e a gordura que está sobre eles, e a que está junto aos lombos, e o redenho que está sobre o fígado, juntamente com os rins, ele os tirará.",32,True,True,True
3,5,Levítico 3:5,וְהִקְטִ֨ירוּ אֹת֤וֹ בְנֵֽי־ אַהֲרֹן֙ הַמִּזְבֵּ֔חָה עַל־ הָ֣עֹלָ֔ה אֲשֶׁ֥ר עַל־ הָעֵצִ֖ים אֲשֶׁ֣ר עַל־ הָאֵ֑שׁ אִשֵּׁ֛ה רֵ֥יחַ נִיחֹ֖חַ לַֽיהוָֽה ׃ פ,והקטירו אתו בני אהרנ המזבחה על העלה אשר על העצימ אשר על האש אשה ריח ניחח ליהוה פ,19,ויסקון יתיה בני אהרן למדבחא על עלתא די על אעיא די על אשתא קרבן דמתקבל ברעוא קדם יי:,18,"καὶ ἀνοίσουσιν αὐτὰ οἱ υἱοὶ Ἀαρὼν οἱ ἱερεῖς ἐπὶ τὸ θυσιαστήριον, ἐπὶ τὰ ὁλοκαυτώματα ἐπὶ τὰ ξύλα τὰ ἐπὶ τοῦ πυρὸς ἐπὶ τοῦ θυσιαστηρίου· κάρπωμα, ὀσμὴ εὐωδίας Κυρίῳ.",28,ܘܢܣܩܘܢܗ ܟܗܢ̈ܐ ܒܢ̈ܝ ܐܗܪܘܢ ܠܡܕܒܚܐ. ܥܠ ܥܠܬܐ ܘܥܠ ܩܝ̈ܣܐ ܕܥܠ ܢܘܪܐ. ܩܘܪܒܢܐ ܠܪܝܚ ܣܘܬܐ ܠܡܪܝܐ.,15,"E os filhos de Arão queimarão isso sobre o altar, em cima do holocausto que está sobre a lenha no fogo; é oferta queimada, de cheiro suave ao Senhor.",29,True,True,True
3,6,Levítico 3:6,וְאִם־ מִן־ הַצֹּ֧אן קָרְבָּנ֛וֹ לְזֶ֥בַח שְׁלָמִ֖ים לַיהוָ֑ה זָכָר֙ א֣וֹ נְקֵבָ֔ה תָּמִ֖ים יַקְרִיבֶֽנּוּ ׃,ואמ מנ הצאנ קרבנו לזבח שלמימ ליהוה זכר או נקבה תמימ יקריבנו,13,ואם מן ענא קרבניה לנכסת קודשיא קדם יי דכר או נקבא שלים יקרבניה:,13,"Ἐὰν δὲ ἀπὸ τῶν προβάτων τὸ δῶρον αὐτοῦ, θυσίαν σωτηρίου τῷ κυρίῳ, ἄρσεν ἢ θῆλυ, ἄμωμον προσοίσει αὐτό.",18,ܘܐܢ ܡܢ ܥܢܐ ܩܘܪܒܢܗ. ܠܕܒܚܐ ܥܠܬܐ ܠܡܪܝܐ. ܕܟܪܐ ܐܘ ܢܩܒܬܐ ܕܠܐ ܡܘܡ ܢܩܪܒܝܘܗܝ.,13,"E se a sua oferta por sacrifício pacífico ao Senhor for de gado miúdo, seja macho ou fêmea, sem defeito o oferecerá.",22,True,True,True
3,7,Levítico 3:7,אִם־ כֶּ֥שֶׂב הֽוּא־ מַקְרִ֖יב אֶת־ קָרְבָּנ֑וֹ וְהִקְרִ֥יב אֹת֖וֹ לִפְנֵ֥י יְהוָֽה ׃,אמ כשב הוא מקריב את קרבנו והקריב אתו לפני יהוה,11,אם אימר הוא מקרב ית קרבניה ויקריב יתיה קדם יי:,10,"ἐὰν ἄρνα προσαγάγῃ τὸ δῶρον αὐτοῦ, προσάξει αὐτὸ ἔναντι Κυρίου·",10,ܘܐܢ ܡܢ ܐܡܪ̈ܐ ܗܘ ܡܩܪܒ ܩܘܪܒܢܗ. ܢܩܪܒܝܘܗܝ ܩܕܡ ܡܪܝܐ.,9,"Se oferecer um cordeiro por sua oferta, oferecê-lo-á perante o Senhor;",11,True,True,True
3,8,Levítico 3:8,וְסָמַ֤ךְ אֶת־ יָדוֹ֙ עַל־ רֹ֣אשׁ קָרְבָּנ֔וֹ וְשָׁחַ֣ט אֹת֔וֹ לִפְנֵ֖י אֹ֣הֶל מוֹעֵ֑ד וְ֠זָרְקוּ בְּנֵ֨י אַהֲרֹ֧ן אֶת־ דָּמ֛וֹ עַל־ הַמִּזְבֵּ֖חַ סָבִֽיב ׃,וסמכ את ידו על ראש קרבנו ושחט אתו לפני אהל מועד וזרקו בני אהרנ את דמו על המזבח סביב,20,ויסמוך ית ידיה על ריש קרבניה ויכוס יתיה קדם משכן זמנא ויזרקון בני אהרן ית דמיה על מדבחא סחור סחור:,20,"καὶ ἐπιθήσει τὰς χεῖρας ἐπὶ τὴν κεφαλὴν τοῦ δώρου αὐτοῦ, καὶ σφάξει αὐτὸ παρὰ τὰς θύρας τῆς σκηνῆς τοῦ μαρτυρίου· καὶ προσχεοῦσιν οἱ υἱοὶ Ἀαρὼν οἱ ἱερεῖς τὸ αἷμα ἐπὶ τὸ θυσιαστήριον κύκλῳ·",33,ܘܢܣܡܘܟ ܐܝܕܗ ܥܠ ܪܝܫ ܩܘܪܒܢܗ. ܘܢܟܣܝܘܗܝ ܩܕܡ ܡܪܝܐ ܒܬܪܥܐ ܕܡܫܟܢܙܒܢܐ. ܘܢܪܣܘܢ ܒܢ̈ܝ ܐܗܪܘܢ ܕܡܗ ܥܠ ܡܕܒܚܐ ܟܕ ܚ̇ܕܪ.,18,"e porá a mão sobre a cabeça da sua oferta, e a imolará diante da tenda da revelação; e os filhos de Arão espargirão o sangue sobre o altar em redor.",31,True,True,True
3,9,Levítico 3:9,וְהִקְרִ֨יב מִזֶּ֣בַח הַשְּׁלָמִים֮ אִשֶּׁ֣ה לַיהוָה֒ חֶלְבּוֹ֙ הָאַלְיָ֣ה תְמִימָ֔ה לְעֻמַּ֥ת הֶעָצֶ֖ה יְסִירֶ֑נָּה וְאֶת־ הַחֵ֨לֶב֙ הַֽמְכַסֶּ֣ה אֶת־ הַקֶּ֔רֶב וְאֵת֙ כָּל־ הַחֵ֔לֶב אֲשֶׁ֖ר עַל־ הַקֶּֽרֶב ׃,והקריב מזבח השלמימ אשה ליהוה חלבו האליה תמימה לעמת העצה יסירנה ואת החלב המכסה את הקרב ואת כל החלב אשר על הקרב,23,ויקרב מנכסת קודשיא קרבנא קדם יי תרביה אליתא שלימתא לקבל שזרתא יעדנה וית תרבא דחפי ית גוא וית כל תרבא די על גוא:,23,"καὶ προσοίσει ἀπὸ τῆς θυσίας τοῦ σωτηρίου κάρπωμα τῷ θεῷ, τὸ στέαρ καὶ τὴν ὀσφὺν ἄμωμον· σὺν ταῖς ψόαις περιελεῖ αὐτό· καὶ τὸ στέαρ τῆς κοιλίας,",26,ܘܢܩܪܒ ܡܢ ܕܒܚܐ ܕܥܠܬܐ ܩܘܪܒܢܐ ܠܡܪܝܐ. ܬܪܒܗ ܘܐܠܝܬܗ ܟܕ ܫܠܡܐ. ܠܘܩܒܠ ܡ̈ܬܢܬܗ ܢܥܒܕܝܘܗܝ. ܘܚܠܒܐ ܕܩܪܝܡ ܠܓܘܝܐ. ܘܟܠܗ ܬܪܒܐ ܕܥܠ ܓܘܝܐ.,20,"Então, do sacrifício de oferta pacífica, fará uma oferta queimada ao Senhor; a gordura da oferta, a cauda gorda inteira, tirá-la-á junto ao espinhaço; e a gordura que cobre a fressura, sim, toda a gordura que está sobre ela,",39,True,True,True
3,10,Levítico 3:10,וְאֵת֙ שְׁתֵּ֣י הַכְּלָיֹ֔ת וְאֶת־ הַחֵ֨לֶב֙ אֲשֶׁ֣ר עֲלֵהֶ֔ן אֲשֶׁ֖ר עַל־ הַכְּסָלִ֑ים וְאֶת־ הַיֹּתֶ֨רֶת֙ עַל־ הַכָּבֵ֔ד עַל־ הַכְּלָיֹ֖ת יְסִירֶֽנָּה ׃,ואת שתי הכלית ואת החלב אשר עלהנ אשר על הכסלימ ואת היתרת על הכבד על הכלית יסירנה,18,וית תרתין כלין וית תרבא די עליהן די על גססיא וית חצרא דעל כבדא על כליתא יעדנה:,17,"καὶ ἀμφοτέρους τοὺς νεφροὺς καὶ τὸ στέαρ τὸ ἐπ᾽ αὐτῶν τὸ ἐπὶ τῶν μηρίων, καὶ τὸν λοβὸν τὸν ἐπὶ τοῦ ἥπατος σὺν τοῖς νεφροῖς περιελὼν",25,ܘܬܪ̈ܬܝܢ ܟܘ̈ܠܝܢ ܘܬܪܒܐ ܕܥܠܝܗܝܢ ܕܥܠ ܣܛܪܐ. ܘܚܨܪ ܟܒܕܐ ܥܡ ܟܘ̈ܠܝܬܐ ܢܥܒܕܝܗ̇ .,12,"os dois rins e a gordura que está sobre eles, e a que está junto aos lombos, e o redenho que está sobre o fígado, juntamente com os rins, tirá-los-á.",30,True,True,True
3,11,Levítico 3:11,וְהִקְטִיר֥וֹ הַכֹּהֵ֖ן הַמִּזְבֵּ֑חָה לֶ֥חֶם אִשֶּׁ֖ה לַיהוָֽה ׃ פ,והקטירו הכהנ המזבחה לחמ אשה ליהוה פ,8,ויסקניה כהנא למדבחא לחם קרבנא קדם יי:,7,"ἀνοίσει ὁ ἱερεὺς ἐπὶ τὸ θυσιαστήριον· ὀσμὴ εὐωδίας, κάρπωμα Κυρίῳ.",10,ܘܢܣܩܝܘܗܝ ܟܗܢܐ ܠܡܕܒܚܐ ܠܚܡ ܩܘܪܒܢܐ ܠܡܪܝܐ.,6,E o sacerdote queimará isso sobre o altar; é o alimento da oferta queimada ao Senhor.,16,True,True,True
3,12,Levítico 3:12,וְאִ֥ם עֵ֖ז קָרְבָּנ֑וֹ וְהִקְרִיב֖וֹ לִפְנֵ֥י יְהוָֽה ׃,ואמ עז קרבנו והקריבו לפני יהוה,7,ואם מן בני עזיא קרבניה ויקרבניה קדם יי:,8,"Ἐὰν δὲ ἀπὸ τῶν αἰγῶν τὸ δῶρον αὐτοῦ, καὶ προσάξει ἔναντι Κυρίου·",12,ܘܐܢ ܥܠܬܐ ܡܢ ܥ̈ܙܐ ܩܘܪܒܢܗ. ܢܩܪܒܝܗ̇ ܩܕܡ ܡܪܝܐ.,8,"E se a sua oferta for uma cabra, perante o Senhor a oferecerá;",13,True,True,True
3,13,Levítico 3:13,וְסָמַ֤ךְ אֶת־ יָדוֹ֙ עַל־ רֹאשׁ֔וֹ וְשָׁחַ֣ט אֹת֔וֹ לִפְנֵ֖י אֹ֣הֶל מוֹעֵ֑ד וְ֠זָרְקוּ בְּנֵ֨י אַהֲרֹ֧ן אֶת־ דָּמ֛וֹ עַל־ הַמִּזְבֵּ֖חַ סָבִֽיב ׃,וסמכ את ידו על ראשו ושחט אתו לפני אהל מועד וזרקו בני אהרנ את דמו על המזבח סביב,19,ויסמוך ית ידיה על רישיה ויכוס יתיה קדם משכן זמנא ויזרקון בני אהרן ית דמיה על מדבחא סחור סחור:,19,"καὶ ἐπιθήσει τὰς χεῖρας ἐπὶ τὴν κεφαλὴν αὐτοῦ, καὶ σφάξουσιν αὐτὸ ἔναντι Κυρίου παρὰ τὰς θύρας τῆς σκηνῆς τοῦ μαρτυρίου· καὶ προσχεοῦσιν οἱ υἱοὶ Ἀαρὼν οἱ ἱερεῖς τὸ αἷμα ἐπὶ τὸ θυσιαστήριον κύκλῳ.",33,ܘܢܣܡܘܟ ܐܝܕܗ ܥܠ ܪܫܗ̇. ܘܢܟܣܝܗ̇ ܩܕܡ ܡܫܟܢܙܒܢܐ. ܘܢܪܣܘܢ ܒܢ̈ܝ ܐܗܪܘܢ ܕܡܗ̇ ܥܠ ܡܕܒܚܐ ܟܕ ܚ̇ܕܪ.,15,"e lhe porá a mão sobre a cabeça, e a imolará diante da tenda da revelação; e os filhos de Arão espargirão o sangue da cabra sobre o altar em redor.",31,True,True,True
3,14,Levítico 3:14,וְהִקְרִ֤יב מִמֶּ֨נּוּ֙ קָרְבָּנ֔וֹ אִשֶּׁ֖ה לַֽיהוָ֑ה אֶת־ הַחֵ֨לֶב֙ הַֽמְכַסֶּ֣ה אֶת־ הַקֶּ֔רֶב וְאֵת֙ כָּל־ הַחֵ֔לֶב אֲשֶׁ֖ר עַל־ הַקֶּֽרֶב ׃,והקריב ממנו קרבנו אשה ליהוה את החלב המכסה את הקרב ואת כל החלב אשר על הקרב,17,ויקרב מניה קרבניה קרבן קדם יי ית תרבא דחפי ית גוא וית כל תרבא די על גוא:,17,"καὶ ἀνοίσει ἐπ᾽ αὐτοῦ κάρπωμα Κυρίῳ τὸ στέαρ τὸ κατακαλύπτον τὴν κοιλίαν καὶ πᾶν τὸ στέαρ τὸ ἐπὶ τῆς κοιλίας,",20,ܘܢܩܪܒ ܡܢܗ̇ ܩܘܪܒܢܗ ܩܘܪܒܢܐ ܠܡܪܝܐ. ܚܠܒܐ ܕܩܪܝܡ ܠܓܘܝܐ. ܘܟܠܗ ܬܪܒܐ ܕܥܠ ܓܘܝܐ.,12,"Depois oferecerá dela a sua oferta, isto é, uma oferta queimada ao Senhor; a gordura que cobre a fressura, sim, toda a gordura que está sobre ela,",27,True,True,True
3,15,Levítico 3:15,וְאֵת֙ שְׁתֵּ֣י הַכְּלָיֹ֔ת וְאֶת־ הַחֵ֨לֶב֙ אֲשֶׁ֣ר עֲלֵהֶ֔ן אֲשֶׁ֖ר עַל־ הַכְּסָלִ֑ים וְאֶת־ הַיֹּתֶ֨רֶת֙ עַל־ הַכָּבֵ֔ד עַל־ הַכְּלָיֹ֖ת יְסִירֶֽנָּה ׃,ואת שתי הכלית ואת החלב אשר עלהנ אשר על הכסלימ ואת היתרת על הכבד על הכלית יסירנה,18,וית תרתין כלין וית תרבא די עליהן די על גססיא וית חצרא די על כבדא על כליתא יעדנה:,18,"καὶ ἀμφοτέρους τοὺς νεφροὺς καὶ πᾶν τὸ στέαρ τὸ ἐπ᾽ αὐτῶν τὸ ἐπὶ τῶν μηρίων, καὶ τὸν λοβὸν τοῦ ἥπατος σὺν τοῖς νεφροῖς περιελεῖ·",24,ܘܬܪ̈ܬܝܢ ܟܘ̈ܠܝܢ ܘܬܪܒܐ ܕܥܠܝܗܝܢ ܕܥܠ ܣܛܪܐ. ܘܚܨܪ ܟܒܕܐ ܥܡ ܟܘ̈ܠܝܬܐ ܢܥܒܕܝܗ̇.,11,"os dois rins e a gordura que está sobre eles, e a que está junto aos lombos, e o redenho que está sobre o fígado, juntamente com os rins, tirá-los-á.",30,True,True,True
3,16,Levítico 3:16,וְהִקְטִירָ֥ם הַכֹּהֵ֖ן הַמִּזְבֵּ֑חָה לֶ֤חֶם אִשֶּׁה֙ לְרֵ֣יחַ נִיחֹ֔חַ כָּל־ חֵ֖לֶב לַיהוָֽה ׃,והקטירמ הכהנ המזבחה לחמ אשה לריח ניחח כל חלב ליהוה,11,ויסקנון כהנא למדבחא לחם קרבנא לאתקבלא ברעוא כל תרבא קדם יי:,11,"καὶ ἀνοίσει ὁ ἱερεὺς ἐπὶ τὸ θυσιαστήριον· κάρπωμα, ὀσμὴ εὐωδίας τῷ κυρίῳ. πᾶν τὸ στέαρ τῷ κυρίῳ.",17,ܘܢܣܩ ܐܢܘܢ ܟܗܢܐ ܠܡܕܒܚܐ. ܠܚܡ ܩܘܪܒܢܐ ܠܪܝܚ ܣܘܬܐ . ܟܠ ܬܪܒ ܠܡܪܝܐ.,12,"E o sacerdote queimará isso sobre o altar; é o alimento da oferta queimada, de cheiro suave. Toda a gordura pertencerá ao Senhor.",23,True,True,True
3,17,Levítico 3:17,חֻקַּ֤ת עוֹלָם֙ לְדֹרֹ֣תֵיכֶ֔ם בְּכֹ֖ל מֽוֹשְׁבֹתֵיכֶ֑ם כָּל־ חֵ֥לֶב וְכָל־ דָּ֖ם לֹ֥א תֹאכֵֽלוּ ׃ פ,חקת עולמ לדרתיכמ בכל מושבתיכמ כל חלב וכל דמ לא תאכלו פ,13,קים עלם לדרתיכון בכל מותבניכון כל תרבא וכל דמא לא תיכלון:,11,νόμιμον εἰς τὸν αἰῶνα εἰς τὰς γενεὰς ὑμῶν ἐν πάσῃ κατοικίᾳ ὑμῶν· πᾶν στέαρ καὶ πᾶν αἷμα οὐκ ἔδεσθε.,19,ܩܝܡܐ ܠܥܠܡ ܠܕܪ̈ܝܟܘܢ ܒܟܠܗ ܒܝܬ ܡܥܡܪܟܘܢ. ܟܠ ܬܪܒ ܘܟܠ ܕܡ ܠܐ ܬܐܟܠܘܢ.,12,"Estatuto perpétuo, pelas vossas gerações, em todas as vossas habitações, será isto: nenhuma gordura nem sangue algum comereis.",18,True,True,True
4,1,Levítico 4:1,וַיְדַבֵּ֥ר יְהוָ֖ה אֶל־ מֹשֶׁ֥ה לֵּאמֹֽר ׃,וידבר יהוה אל משה לאמר,6,ומליל יי עם משה למימר:,5,Καὶ ἐλάλησεν Κύριος πρὸς Μωυσῆν λέγων,6,ܘܡܠܠ ܡܪܝܐ ܥܡ ܡܘܫܐ ܘܐܡܪ ܠܗ.,6,Disse mais o Senhor a Moisés:,6,True,True,True
4,2,Levítico 4:2,דַּבֵּ֞ר אֶל־ בְּנֵ֣י יִשְׂרָאֵ֘ל לֵאמֹר֒ נֶ֗פֶשׁ כִּֽי־ תֶחֱטָ֤א בִשְׁגָגָה֙ מִכֹּל֙ מִצְוֺ֣ת יְהוָ֔ה אֲשֶׁ֖ר לֹ֣א תֵעָשֶׂ֑ינָה וְעָשָׂ֕ה מֵאַחַ֖ת מֵהֵֽנָּה ׃,דבר אל בני ישראל לאמר נפש כי תחטא בשגגה מכל מצות יהוה אשר לא תעשינה ועשה מאחת מהנה,19,מלל עם בני ישראל למימר אנש ארי יחוב בשלו מכל פקודיא דיי די לא כשרין לאתעבדא ויעבד מן חד מנהון:,20,"Λάλησον πρὸς τοὺς υἱοὺς Ἰσραὴλ λέγων Ψυχὴ ἐὰν ἁμάρτῃ ἔναντι Κυρίου ἀκουσίως ἀπὸ τῶν προσταγμάτων Κυρίου ὧν οὐ δεῖ ποιεῖν, καὶ ποιήσῃ ἕν τι ἀπ᾽ αὐτῶν·",26,ܡܠܠ ܥܡ ܒܢ̈ܝ ܐܝܣܪܝܠ ܘܐܡܪ ܠܗܘܢ. ܢܦܫܐ ܟܕ ܬܚܛܐ ܒܛܘܥܝܝ ܡܢ ܟܘܠ ܦܘܩܕܢܘ̈ܗܝ ܕܡܪܝܐ ܕܠܐ ܡܬܥܒܕܝܢ. ܘܢܥܒܕ ܚܕ ܡܢܗܘܢ.,19,"Fala aos filhos de Israel, dizendo: Se alguém pecar por ignorância no tocante a qualquer das coisas que o Senhor ordenou que não se fizessem, fazendo qualquer delas;",28,True,True,True
4,3,Levítico 4:3,אִ֣ם הַכֹּהֵ֧ן הַמָּשִׁ֛יחַ יֶחֱטָ֖א לְאַשְׁמַ֣ת הָעָ֑ם וְהִקְרִ֡יב עַ֣ל חַטָּאתוֹ֩ אֲשֶׁ֨ר חָטָ֜א פַּ֣ר בֶּן־ בָּקָ֥ר תָּמִ֛ים לַיהוָ֖ה לְחַטָּֽאת ׃,אמ הכהנ המשיח יחטא לאשמת העמ והקריב על חטאתו אשר חטא פר בנ בקר תמימ ליהוה לחטאת,18,אם כהנא רבא יחוב לחובת עמא ויקרב על חובתיה די חב תור בר תורי שלים קדם יי לחטאתא:,18,"ἐὰν μὲν ὁ ἀρχιερεὺς ὁ κεχρισμένος ἁμάρτῃ τοῦ λαὸν ἁμαρτεῖν, καὶ προσάξει περὶ τῆς ἁμαρτίας αὐτοῦ ἧς ἥμαρτεν μόσχον ἐκ βοῶν ἄμωμον τῷ κυρίῳ περὶ τῆς ἁμαρτίας αὐτοῦ.",28,ܐܢ ܟܗܢܐ ܕܡܫܝܚ ܢܚܛܐ ܠܚ̈ܘܒܘܗܝ ܕܥܡܐ. ܢܩܪܒ ܥܠ ܚܛܗܐ ܕܚܛܐ. ܬܘܪܐ ܒܪ ܒܩܪܐ ܕܠܐ ܡܘܡ ܠܡܪܝܐ ܠܚܛܗܗ.,17,"se for o sacerdote ungido que pecar, assim tornando o povo culpado, oferecerá ao Senhor, pelo pecado que cometeu, um novilho sem defeito como oferta pelo pecado.",27,True,True,True
4,4,Levítico 4:4,וְהֵבִ֣יא אֶת־ הַפָּ֗ר אֶל־ פֶּ֛תַח אֹ֥הֶל מוֹעֵ֖ד לִפְנֵ֣י יְהוָ֑ה וְסָמַ֤ךְ אֶת־ יָדוֹ֙ עַל־ רֹ֣אשׁ הַפָּ֔ר וְשָׁחַ֥ט אֶת־ הַפָּ֖ר לִפְנֵ֥י יְהוָֽה ׃,והביא את הפר אל פתח אהל מועד לפני יהוה וסמכ את ידו על ראש הפר ושחט את הפר לפני יהוה,21,וייתי ית תורא לתרע משכן זמנא לקדם יי ויסמוך ית ידיה על ריש תורא ויכוס ית תורא קדם יי:,19,"καὶ προσάξει τὸν μόσχον παρὰ τὴν θύραν τῆς σκηνῆς τοῦ μαρτυρίου ἔναντι Κυρίου, καὶ ἐπιθήσει τὴν χεῖρα αὐτοῦ ἐπὶ τὴν κεφαλὴν τοῦ μόσχου ἔναντι Κυρίου, καὶ σφάξει τὸν μόσχον ἐνώπιον Κυρίου.",31,ܘܢܝܬܝܘܗܝ ܠܬܘܪܐ ܠܬܪܥܐ ܕܡܫܟܢܙܒܢܐ ܩܕܡ ܡܪܝܐ. ܘܢܣܡܘܟ ܐܝܕܗ ܥܠ ܪܫܗ ܕܬܘܪܐ . ܘܢܟܣܝܘܗܝ ܠܬܘܪܐ ܩܕܡ ܡܪܝܐ.,16,"Trará o novilho à porta da tenda da revelação, perante o Senhor; porá a mão sobre a cabeça do novilho e o imolará perante o Senhor.",26,True,True,True
4,5,Levítico 4:5,וְלָקַ֛ח הַכֹּהֵ֥ן הַמָּשִׁ֖יחַ מִדַּ֣ם הַפָּ֑ר וְהֵבִ֥יא אֹת֖וֹ אֶל־ אֹ֥הֶל מוֹעֵֽד ׃,ולקח הכהנ המשיח מדמ הפר והביא אתו אל אהל מועד,11,ויסב כהנא רבא מדמא דתורא ויעל יתיה למשכן זמנא:,9,"καὶ λαβὼν ὁ ἱερεὺς ὁ χριστὸς ὁ τετελειωμένος τὰς χεῖρας ἀπὸ τοῦ αἵματος τοῦ μόσχου, καὶ εἰσοίσει αὐτὸ ἐπὶ τὴν σκηνὴν τοῦ μαρτυρίου·",23,ܘܢܣܒ ܟܗܢܐ ܕܡܫܝܚ ܡܢ ܕܡܐ ܕܬܘܪܐ ܘܢܝܬܝܘܗܝ ܠܬܪܥܐ ܕܡܫܟܢܙܒܢܐ.,9,"Então o sacerdote ungido tomará do sangue do novilho, e o trará à tenda da revelação;",16,True,True,True
4,6,Levítico 4:6,וְטָבַ֧ל הַכֹּהֵ֛ן אֶת־ אֶצְבָּע֖וֹ בַּדָּ֑ם וְהִזָּ֨ה מִן־ הַדָּ֜ם שֶׁ֤בַע פְּעָמִים֙ לִפְנֵ֣י יְהוָ֔ה אֶת־ פְּנֵ֖י פָּרֹ֥כֶת הַקֹּֽדֶשׁ ׃,וטבל הכהנ את אצבעו בדמ והזה מנ הדמ שבע פעמימ לפני יהוה את פני פרכת הקדש,17,ויטבול כהנא ית אצבעיה בדמא וידי מן דמא שבע זמנין קדם יי קדם פרוכתא דקודשא:,15,"καὶ βάψει ὁ ἱερεὺς τὸν δάκτυλον εἰς τὸ αἷμα, καὶ προσρανεῖ ἀπὸ τοῦ αἵματος ἑπτάκις ἔναντι Κυρίου κατὰ τὸ καταπέτασμα τὸ ἅγιον·",22,ܘܢܨܒܘܥ ܟܗܢܐ ܨܒܥܗ ܒܕܡܐ ܘܢܪܘܣ ܡܢ ܕܡܐ. ܫܒܥ ܙܒ̈ܢܝܢ ܩܕܡ ܡܪܝܐ ܠܐ̈ܦܝ ܦܪܣܐ ܕܩܘܕܫܐ.,14,"e, molhando o dedo no sangue, espargirá do sangue sete vezes perante o Senhor, diante do véu do santuário.",19,True,True,True
4,7,Levítico 4:7,וְנָתַן֩ הַכֹּהֵ֨ן מִן־ הַדָּ֜ם עַל־ קַ֠רְנוֹת מִזְבַּ֨ח קְטֹ֤רֶת הַסַּמִּים֙ לִפְנֵ֣י יְהוָ֔ה אֲשֶׁ֖ר בְּאֹ֣הֶל מוֹעֵ֑ד וְאֵ֣ת ׀ כָּל־ דַּ֣ם הַפָּ֗ר יִשְׁפֹּךְ֙ אֶל־ יְסוֹד֙ מִזְבַּ֣ח הָעֹלָ֔ה אֲשֶׁר־ פֶּ֖תַח אֹ֥הֶל מוֹעֵֽד ׃,ונתנ הכהנ מנ הדמ על קרנות מזבח קטרת הסמימ לפני יהוה אשר באהל מועד ואת כל דמ הפר ישפכ אל יסוד מזבח העלה אשר פתח אהל מועד,29,ויתן כהנא מן דמא על קרנת מדבח דקטורת בוסמיא קדם יי די במשכן זמנא וית כל דמא דתורא ישוד ליסודא דמדבחא דעלתא די בתרע משכן זמנא:,26,"καὶ ἐπιθήσει ὁ ἱερεὺς ἀπὸ τοῦ αἵματος τοῦ μόσχου ἐπὶ τὰ κέρατα τοῦ θυσιαστηρίου τοῦ θυμιάματος τῆς συνθέσεως τοῦ ἐναντίον Κυρίου, ὅ ἐστιν ἐν τῇ σκηνῇ τοῦ μαρτυρίου· καὶ πᾶν τὸ αἷμα τοῦ μόσχου ἐκχεεῖ παρὰ τὴν βάσιν τοῦ θυσιαστηρίου τῶν ὁλοκαυτωμάτων, ὅ ἐστιν παρὰ τὰς θύρας τῆς σκηνῆς τοῦ μαρτυρίου.",51,ܘܢܬܠ ܟܗܢܐ ܡܢ ܕܡܐ ܥܠ ܩܪ̈ܢܬܗ ܕܡܕܒܚܐ. ܕܥܛܪܐ ܕܒܣܡ̈ܐ. ܩܕܡ ܡܪܝܐ ܒܡܫܟܢ ܙܒܢܐ. ܘܢܐܫܘܕ ܟܠܗ ܕܡܐ ܕܬܘܪܐ. ܥܠ ܫ̈ܦܘܠܝ ܡܕܒܚܐ ܕܥܠܬܐ ܒܬܪܥܐ ܕܡܫܟܢܙܒܢܐ.,23,"Também o sacerdote porá daquele sangue perante o Senhor, sobre as pontas do altar do incenso aromático, que está na tenda da revelação; e todo o resto do sangue do novilho derramará à base do altar do holocausto, que está à porta da tenda da revelação.",46,True,True,True
4,8,Levítico 4:8,וְאֶת־ כָּל־ חֵ֛לֶב פַּ֥ר הַֽחַטָּ֖את יָרִ֣ים מִמֶּ֑נּוּ אֶת־ הַחֵ֨לֶב֙ הַֽמְכַסֶּ֣ה עַל־ הַקֶּ֔רֶב וְאֵת֙ כָּל־ הַחֵ֔לֶב אֲשֶׁ֖ר עַל־ הַקֶּֽרֶב ׃,ואת כל חלב פר החטאת ירימ ממנו את החלב המכסה על הקרב ואת כל החלב אשר על הקרב,19,וית כל תרב תורא דחטאתא יפרש מניה ית תרבא דחפי על גוא וית כל תרבא די על גוא:,18,"καὶ πᾶν τὸ στέαρ τοῦ μόσχου τοῦ τῆς ἁμαρτίας περιελεῖ ἀπ᾽ αὐτοῦ, τὸ στέαρ τὸ κατακαλύπτον τὰ ἐνδόσθια καὶ πᾶν τὸ στέαρ τὸ ἐπὶ τῶν ἐνδοσθίων,",26,ܘܬܪܒܐ ܟܠܗ ܕܬܘܪܐ ܕܚܛܗܐ. ܢܦܪܘܫ ܡܢܗ ܚܠܒܐ ܕܩܪܝܡ ܠܓܘܝܐ. ܘܟܠܗ ܬܪܒܐ ܕܥܠ ܓܘܝܐ.,13,"E tirará toda a gordura do novilho da oferta pelo pecado; a gordura que cobre a fressura, sim, toda a gordura que está sobre ela,",25,True,True,True
4,9,Levítico 4:9,וְאֵת֙ שְׁתֵּ֣י הַכְּלָיֹ֔ת וְאֶת־ הַחֵ֨לֶב֙ אֲשֶׁ֣ר עֲלֵיהֶ֔ן אֲשֶׁ֖ר עַל־ הַכְּסָלִ֑ים וְאֶת־ הַיֹּתֶ֨רֶת֙ עַל־ הַכָּבֵ֔ד עַל־ הַכְּלָי֖וֹת יְסִירֶֽנָּה ׃,ואת שתי הכלית ואת החלב אשר עליהנ אשר על הכסלימ ואת היתרת על הכבד על הכליות יסירנה,18,וית תרתין כלין וית תרבא די עליהון די על גססיא וית חצרא דעל כבדא על כליתא יעדנה:,17,"καὶ τοὺς δύο νεφροὺς καὶ τὸ στέαρ τὸ ἐπ᾽ αὐτῶν, ὅ ἐστιν ἐπὶ τῶν μηρίων, καὶ τὸν λοβὸν τὸν ἐπὶ τοῦ ἥπατος σὺν τοῖς νεφροῖς, περιελεῖ αὐτό,",27,ܘܬܪ̈ܬܝܢ ܟܘ̈ܠܝܢ ܘܬܪܒܐ ܕܥܠܝܗܝܢ ܕܥܠ ܣܛܪܐ. ܘܚܨܪ ܟܒܕܐ ܥܡ ܟܘ̈ܠܝܬܐ ܢܥܒܕܝܗ .,12,"os dois rins e a gordura que está sobre eles, e a que está junto aos lombos, e o redenho que está sobre o fígado, juntamente com os rins, tirá-los-á,",30,True,True,True
4,10,Levítico 4:10,כַּאֲשֶׁ֣ר יוּרַ֔ם מִשּׁ֖וֹר זֶ֣בַח הַשְּׁלָמִ֑ים וְהִקְטִירָם֙ הַכֹּהֵ֔ן עַ֖ל מִזְבַּ֥ח הָעֹלָֽה ׃,כאשר יורמ משור זבח השלמימ והקטירמ הכהנ על מזבח העלה,11,כמא די מתפרש מתור נכסת קודשיא ויסקנון כהנא על מדבחא דעלתא:,11,ὃν τρόπον ἀφαιρεῖτε αὐτὸ ἀπὸ τοῦ μόσχου τοῦ τῆς θυσίας τοῦ σωτηρίου· διανοίσει ὁ ἱερεὺς ἐπὶ τὸ θυσιαστήριον τῆς καρπώσεως.,20,ܐܝܟ ܕܡܬܦܪܫ ܡܢ ܬܘܪܐ ܕܕܒܚܐ ܕܥܠܬܐ. ܘܢܣܩ ܐܢܘܢ ܟܗܢܐ ܥܠ ܡܕܒܚܐ ܕܥܠܬܐ.,12,assim como se tira do boi do sacrifício pacífico; e o sacerdote os queimará sobre o altar do holocausto.,19,True,True,True
4,11,Levítico 4:11,וְאֶת־ ע֤וֹר הַפָּר֙ וְאֶת־ כָּל־ בְּשָׂר֔וֹ עַל־ רֹאשׁ֖וֹ וְעַל־ כְּרָעָ֑יו וְקִרְבּ֖וֹ וּפִרְשֽׁוֹ ׃,ואת עור הפר ואת כל בשרו על ראשו ועל כרעיו וקרבו ופרשו,13,וית משך תורא וית כל בסריה על רישיה ועל כרעוהי וגויה ואוכליה:,12,"καὶ τὸ δέρμα τοῦ μόσχου καὶ πᾶσαν αὐτοῦ τὴν σάρκα σὺν τῇ κεφαλῇ καὶ τοῖς ἀκρωτηρίοις καὶ τῇ κοιλίᾳ καὶ τῇ κόπρῳ,",22,ܘܡܫܟܗ ܕܬܘܪܐ ܘܟܠܗ ܒܣܪܗ ܥܡ ܦܪܬܗ ܘܥܡ ܪܫܗ. ܘܥܡ ܟܪ̈ܥܘܗܝ ܘܥܡ ܓܘܝܗ .,13,"Mas o couro do novilho, e toda a sua carne, com a cabeça, as pernas, a fressura e o excremento,",20,True,True,True
4,12,Levítico 4:12,וְהוֹצִ֣יא אֶת־ כָּל־ הַ֠פָּר אֶל־ מִח֨וּץ לַֽמַּחֲנֶ֜ה אֶל־ מָק֤וֹם טָהוֹר֙ אֶל־ שֶׁ֣פֶךְ הַדֶּ֔שֶׁן וְשָׂרַ֥ף אֹת֛וֹ עַל־ עֵצִ֖ים בָּאֵ֑שׁ עַל־ שֶׁ֥פֶךְ הַדֶּ֖שֶׁן יִשָּׂרֵֽף ׃ פ,והוציא את כל הפר אל מחוצ למחנה אל מקומ טהור אל שפכ הדשנ ושרפ אתו על עצימ באש על שפכ הדשנ ישרפ פ,24,ויפק ית כל תורא מברא למשריתא לאתר דכי לאתר בית מישד קטמא ויוקיד יתיה על אעיא באשתא על אתר בית מישד קטמא יתוקד:,23,"καὶ ἐξοίσουσιν ὅλον τὸν μόσχον ἔξω τῆς παρεμβολῆς εἰς τόπον καθαρὸν οὗ ἐκχεοῦσιν τὴν σποδιάν, καὶ κατακαύσουσιν αὐτὸν ἐπὶ ξύλων ἐν πυρί· ἐπὶ τῆς ἐκχύσεως τῆς σποδιᾶς καυθήσεται.",28,ܘܢܦܩܝܘܗܝ ܠܟܠܗ ܬܘܪܐ ܠܒܪ ܡܢ ܡܫܪܝܬܐ. ܠܕܘܟܬܐ ܕܕܟܝܐ ܠܐܬܪ ܕܪܡܝܢ ܩܛܡܐ. ܘܢܘܩܕܝܘܗܝ ܥܠ ܩܝ̈ܣܐ ܕܥܠ ܢܘܪܐ. ܐܬܪ ܕܪܡܝܢ ܩܛܡܐ ܢܐܩܕ.,20,"enfim, o novilho todo, levá-lo-á para fora do arraial a um lugar limpo, em que se lança a cinza, e o queimará sobre a lenha; onde se lança a cinza, aí se queimará.",33,True,True,True
4,13,Levítico 4:13,וְאִ֨ם כָּל־ עֲדַ֤ת יִשְׂרָאֵל֙ יִשְׁגּ֔וּ וְנֶעְלַ֣ם דָּבָ֔ר מֵעֵינֵ֖י הַקָּהָ֑ל וְ֠עָשׂוּ אַחַ֨ת מִכָּל־ מִצְוֺ֧ת יְהוָ֛ה אֲשֶׁ֥ר לֹא־ תֵעָשֶׂ֖ינָה וְאָשֵֽׁמוּ ׃,ואמ כל עדת ישראל ישגו ונעלמ דבר מעיני הקהל ועשו אחת מכל מצות יהוה אשר לא תעשינה ואשמו,19,ואם כל כנשתא דישראל ישתלון ויהי מכסא פתגמא מעיני קהלא ויעבדון חד מכל פקודיא דיי די לא כשרין לאתעבדא ויחובון:,20,"Ἐὰν δὲ πᾶσα συναγωγὴ Ἰσραὴλ ἀγνοήσῃ ἀκουσίως, καὶ λάθῃ ῥῆμα ἐξ ὀφθαλμῶν τῆς συναγωγῆς, καὶ ποιήσωσιν μίαν ἀπὸ πασῶν τῶν ἐντολῶν Κυρίου ἣ οὐ ποιηθήσεται καὶ πλημμελήσουσιν,",27,ܘܐܢ ܟܠܗ̇ ܟܢܘܫܬܐ ܕܐܝܣܪܝܠ ܢܛܥܘܢ. ܘܬܛܫܐ ܡܠܬܐ ܡܢ ܥܝܢ̈ܝܗ̇ ܕܟܢܘܫܬܐ. ܘܢܥܒܕܘܢ ܚܕ ܡܢ ܟܠ ܦܘܩ̈ܕܢܘܗܝ ܕܡܪܝܐ ܕܠܐ ܡܬܥܒܕܝܢ ܘܢܬܚܝܒܘܢ.,19,"Se toda a congregação de Israel errar, sendo isso oculto aos olhos da assembléia, e eles tiverem feito qualquer de todas as coisas que o Senhor ordenou que não se fizessem, assim tornando-se culpados;",34,True,True,True
4,14,Levítico 4:14,וְנֽוֹדְעָה֙ הַֽחַטָּ֔את אֲשֶׁ֥ר חָטְא֖וּ עָלֶ֑יהָ וְהִקְרִ֨יבוּ הַקָּהָ֜ל פַּ֤ר בֶּן־ בָּקָר֙ לְחַטָּ֔את וְהֵבִ֣יאוּ אֹת֔וֹ לִפְנֵ֖י אֹ֥הֶל מוֹעֵֽד ׃,ונודעה החטאת אשר חטאו עליה והקריבו הקהל פר בנ בקר לחטאת והביאו אתו לפני אהל מועד,17,ותתידע חובתא די חבו עלה ויקרבון קהלא תור בר תורי לחטאתא וייתון יתיה לקדם משכן זמנא:,16,"καὶ γνωσθῇ αὐτοῖς ἡ ἁμαρτία ἣν ἥμαρτον ἐν αὐτῇ, καὶ προσάξει ἡ συναγωγὴ μόσχον ἐκ βοῶν ἄμωμον περὶ τῆς ἁμαρτίας, καὶ προσάξει αὐτὸν παρὰ τὰς θύρας τῆς σκηνῆς τοῦ μαρτυρίου.",30,ܘܢܬܝܕܥ ܚܛܗܐ ܕܚܛܘ ܒܗ. ܢܩܪܒܘܢ ܟܘܠܗ̇ ܟܢܘܫܬܐ. ܬܘܪܐ ܚܕ ܒܪ ܒܩܪܐ ܠܚܛܗܐ. ܘܢܝܬܘܢܗ ܩܕܡ ܡܫܟܢܙܒܢܐ.,15,"quando o pecado que cometeram for conhecido, a assembléia oferecerá um novilho como oferta pelo pecado, e o trará diante da tenda da revelação.",24,True,True,True
4,15,Levítico 4:15,וְ֠סָמְכוּ זִקְנֵ֨י הָעֵדָ֧ה אֶת־ יְדֵיהֶ֛ם עַל־ רֹ֥אשׁ הַפָּ֖ר לִפְנֵ֣י יְהוָ֑ה וְשָׁחַ֥ט אֶת־ הַפָּ֖ר לִפְנֵ֥י יְהוָֽה ׃,וסמכו זקני העדה את ידיהמ על ראש הפר לפני יהוה ושחט את הפר לפני יהוה,16,ויסמכון סבי כנשתא ית ידיהון על ריש תורא קדם יי ויכוס ית תורא קדם יי:,15,"καὶ ἐπιθήσουσιν οἱ πρεσβύτεροι τῆς συναγωγῆς τὰς χεῖρας αὐτῶν ἐπὶ τὴν κεφαλὴν τοῦ μόσχου ἔναντι Κυρίου, καὶ σφάξουσιν τὸν μόσχον ἔναντι Κυρίου·",22,ܘܢܣܡܟܘܢ ܣܒ̈ܐ ܕܟܢܘܫܬܐ ܐ̈ܝܕܝܗܘܢ ܥܠ ܪܫܗ ܕܬܘܪܐ ܩܕܡ ܡܪܝܐ. ܘܢܟܣܘܢܝܗܝ ܠܬܘܪܐ ܩܕܡ ܡܪܝܐ.,13,Os anciãos da congregação porão as mãos sobre a cabeça do novilho perante o Senhor; e imolar-se-á o novilho perante o Senhor.,22,True,True,True
4,16,Levítico 4:16,וְהֵבִ֛יא הַכֹּהֵ֥ן הַמָּשִׁ֖יחַ מִדַּ֣ם הַפָּ֑ר אֶל־ אֹ֖הֶל מוֹעֵֽד ׃,והביא הכהנ המשיח מדמ הפר אל אהל מועד,9,ויעל כהנא רבא מן דמא דתורא למשכן זמנא:,8,καὶ εἰσοίσει ὁ ἱερεὺς ὁ χριστὸς ἀπὸ τοῦ αἵματος τοῦ μόσχου εἰς τὴν σκηνὴν τοῦ μαρτυρίου·,16,ܘܢܝܬܐ ܟܗܢܐ ܕܡܫܝܚ ܡܢ ܕܡܗ ܕܬܘܪܐ ܠܬܪܥܐ ܕܡܫܟܢܙܒܢܐ.,8,Então o sacerdote ungido trará do sangue do novilho à tenda da revelação;,13,True,True,True
4,17,Levítico 4:17,וְטָבַ֧ל הַכֹּהֵ֛ן אֶצְבָּע֖וֹ מִן־ הַדָּ֑ם וְהִזָּ֞ה שֶׁ֤בַע פְּעָמִים֙ לִפְנֵ֣י יְהוָ֔ה אֵ֖ת פְּנֵ֥י הַפָּרֹֽכֶת ׃,וטבל הכהנ אצבעו מנ הדמ והזה שבע פעמימ לפני יהוה את פני הפרכת,14,ויטבול כהנא אצבעיה מן דמא וידי שבע זמנין קדם יי קדם פרכתא:,12,"καὶ βάψει ὁ ἱερεὺς τὸν δάκτυλον ἀπὸ τοῦ αἵματος τοῦ μόσχου, καὶ ῥανεῖ ἑπτάκις ἔναντι Κυρίου κατενώπιον τοῦ καταπετάσματος τοῦ ἁγίου·",21,ܘܢܨܒܘܥ ܟܗܢܐ ܨܒܥܗ ܒܕܡܐ. ܘܢܪܘܣ ܫܒܥ ܙܒ̈ܢܝܢ ܩܕܡ ܡܪܝܐ ܠܐ̈ܦܝ ܦܪܣܐ.,11,"e o sacerdote molhará o dedo no sangue, e o espargirá sete vezes perante o Senhor, diante do véu.",19,True,True,True
4,18,Levítico 4:18,וּמִן־ הַדָּ֞ם יִתֵּ֣ן ׀ עַל־ קַרְנֹ֣ת הַמִּזְבֵּ֗חַ אֲשֶׁר֙ לִפְנֵ֣י יְהוָ֔ה אֲשֶׁ֖ר בְּאֹ֣הֶל מוֹעֵ֑ד וְאֵ֣ת כָּל־ הַדָּ֗ם יִשְׁפֹּךְ֙ אֶל־ יְסוֹד֙ מִזְבַּ֣ח הָעֹלָ֔ה אֲשֶׁר־ פֶּ֖תַח אֹ֥הֶל מוֹעֵֽד ׃,ומנ הדמ יתנ על קרנת המזבח אשר לפני יהוה אשר באהל מועד ואת כל הדמ ישפכ אל יסוד מזבח העלה אשר פתח אהל מועד,26,ומן דמא יתן על קרנת מדבחא די קדם יי די במשכן זמנא וית כל דמא ישוד ליסודא דמדבחא דעלתא די בתרע משכן זמנא:,23,"καὶ ἀπὸ τοῦ αἵματος ἐπιθήσει ὁ ἱερεὺς ἐπὶ τὰ κέρατα τοῦ θυσιαστηρίου τῶν θυμιαμάτων τῆς συνθέσεως, ὅ ἐστιν ἐνώπιον Κυρίου, ὅ ἐστιν ἐν τῇ σκηνῇ τοῦ μαρτυρίου· καὶ τὸ πᾶν αἷμα ἐκχεεῖ πρὸς τὴν βάσιν τοῦ θυσιαστηρίου τῶν καρπώσεων τῶν πρὸς τῇ θύρᾳ τῆς σκηνῆς τοῦ μαρτυρίου.",47,ܘܡܢ ܕܡܐ ܢܬܠ ܥܠ ܩܪ̈ܢܬܗ ܕܡܕܒܚܐ. ܕܩܕܡ ܡܪܝܐ ܒܡܫܟܢܙܒܢܐ. ܘܟܠܗ ܕܡܐ ܢܐܫܘܕ ܥܠ ܫ̈ܦܘܠܝ ܡܕܒܚܐ ܕܥܠܬܐ ܒܬܪܥܐ ܕܡܫܟܢܙܒܢܐ.,18,"E do sangue porá sobre as pontas do altar, que está perante o Senhor, na tenda da revelação; e todo o resto do sangue derramará à base do altar do holocausto, que está diante da tenda da revelação.",38,True,True,True
4,19,Levítico 4:19,וְאֵ֥ת כָּל־ חֶלְבּ֖וֹ יָרִ֣ים מִמֶּ֑נּוּ וְהִקְטִ֖יר הַמִּזְבֵּֽחָה ׃,ואת כל חלבו ירימ ממנו והקטיר המזבחה,8,וית כל תרביה יפרש מניה ויסק למדבחא:,7,καὶ τὸ πᾶν στέαρ περιελεῖ ἀπ᾽ αὐτοῦ καὶ ἀνοίσει ἐπὶ τὸ θυσιαστήριον·,12,ܘܟܠܗ ܬܪܒܗ ܢܦܪܘܫ ܡܢܗ ܘܢܣܩ ܠܡܕܒܚܐ.,6,"E tirará dele toda a sua gordura, e queimá-la-á sobre o altar.",12,True,True,True
4,20,Levítico 4:20,וְעָשָׂ֣ה לַפָּ֔ר כַּאֲשֶׁ֤ר עָשָׂה֙ לְפַ֣ר הַֽחַטָּ֔את כֵּ֖ן יַעֲשֶׂה־ לּ֑וֹ וְכִפֶּ֧ר עֲלֵהֶ֛ם הַכֹּהֵ֖ן וְנִסְלַ֥ח לָהֶֽם ׃,ועשה לפר כאשר עשה לפר החטאת כנ יעשה לו וכפר עלהמ הכהנ ונסלח להמ,15,ויעבד לתורא כמא די עבד לתורא דחטאתא כן יעבד ליה ויכפר עליהון כהנא וישתבק להון:,15,"καὶ ποιήσει τὸν μόσχον ὃν τρόπον ἐποίησεν τὸν μόσχον τὸν τῆς ἁμαρτίας, οὕτως ποιηθήσεται· καὶ ἐξιλάσεται περὶ αὐτῶν ὁ ἱερεύς, καὶ ἀφεθήσεται αὐτοῖς ἡ ἁμαρτία.",25,ܘܢܥܒܕ ܠܬܘܪܐ ܐܝܟ ܕܥܒܕ ܠܬܘܪܐ ܕܚܛܗܐ. ܗܟܢܐ ܢܥܒܕ ܠܗ. ܘܢܚܣܐ ܥܠܝܗܘܢ ܟܗܢܐ ܘܢܫܬܒܩ ܠܗܘܢ.,14,"Assim fará com o novilho; como fez ao novilho da oferta pelo pecado, assim fará a este; e o sacerdote fará expiação por eles, e eles serão perdoados.",28,True,True,True
4,21,Levítico 4:21,וְהוֹצִ֣יא אֶת־ הַפָּ֗ר אֶל־ מִחוּץ֙ לַֽמַּחֲנֶ֔ה וְשָׂרַ֣ף אֹת֔וֹ כַּאֲשֶׁ֣ר שָׂרַ֔ף אֵ֖ת הַפָּ֣ר הָרִאשׁ֑וֹן חַטַּ֥את הַקָּהָ֖ל הֽוּא ׃ פ,והוציא את הפר אל מחוצ למחנה ושרפ אתו כאשר שרפ את הפר הראשונ חטאת הקהל הוא פ,18,ויפק ית תורא למברא למשריתא ואוקיד יתיה כמא די אוקיד ית תורא קדמאה חטאת קהלא הוא:,16,"καὶ ἐξοίσουσιν τὸν μόσχον ἔξω τῆς παρεμβολῆς, καὶ κατακαύσουσιν τὸν μόσχον ὃν τρόπον κατέκαυσαν τὸν μόσχον τὸν πρότερον· ἁμαρτία συναγωγῆς ἐστίν.",21,ܘܢܦܩܝܘܗܝ ܠܬܘܪܐ ܠܒܪ ܡܢ ܡܫܪܝܬܐ. ܘܢܘܩܕܝܘܗܝ ܐܝܟ ܕܐܘܩܕ ܠܬܘܪܐ ܩܕܡܝܐ. ܚܛܗܐ ܗܘ ܕܟܢܘܫܬܐ.,13,"Depois levará o novilho para fora do arraial, e o queimará como queimou o primeiro novilho; é oferta pelo pecado da assembléia.",22,True,True,True
4,22,Levítico 4:22,אֲשֶׁ֥ר נָשִׂ֖יא יֶֽחֱטָ֑א וְעָשָׂ֡ה אַחַ֣ת מִכָּל־ מִצְוֺת֩ יְהוָ֨ה אֱלֹהָ֜יו אֲשֶׁ֧ר לֹא־ תֵעָשֶׂ֛ינָה בִּשְׁגָגָ֖ה וְאָשֵֽׁם ׃,אשר נשיא יחטא ועשה אחת מכל מצות יהוה אלהיו אשר לא תעשינה בשגגה ואשמ,15,אם רבא יחוב ויעבד חד מכל פקודיא דיי אלהיה די לא כשרין לאתעבדא בשלו ויחוב:,15,"Ἐὰν δὲ ὁ ἄρχων ἁμάρτῃ καὶ ποιήσῃ μίαν ἀπὸ πασῶν τῶν ἐντολῶν Κυρίου τοῦ θεοῦ αὐτῶν ἣ οὐ ποιηθήσεται, ἀκουσίως, καὶ ἁμάρτῃ, καὶ πλημμελήσῃ,",24,ܘܐܢ ܪܒܐ ܢܚܛܐ ܘܢܥܒܕ ܚܕ ܡܢ ܟܠ ܦܘܩ̈ܕܢܘܗܝ ܕܡܪܝܐ ܐܠܗܗ. ܐܝܠܝܢ ܕܠܐ ܡܬܥܒܕܝܢ ܒܛܘܥܝܝ ܘܢܚܘܒ.,15,"Quando um príncipe pecar, fazendo por ignorância qualquer das coisas que o Senhor seu Deus ordenou que não se fizessem, e assim se tornar culpado;",25,True,True,True
4,23,Levítico 4:23,אֽוֹ־ הוֹדַ֤ע אֵלָיו֙ חַטָּאת֔וֹ אֲשֶׁ֥ר חָטָ֖א בָּ֑הּ וְהֵבִ֧יא אֶת־ קָרְבָּנ֛וֹ שְׂעִ֥יר עִזִּ֖ים זָכָ֥ר תָּמִֽים ׃,או הודע אליו חטאתו אשר חטא בה והביא את קרבנו שעיר עזימ זכר תמימ,15,או אתידע ליה חובתיה די חב בה וייתי ית קרבניה צפיר בר עזין דכר שלים:,15,"καὶ γνωσθῇ αὐτῷ ἡ ἁμαρτία ἣν ἥμαρτεν ἐν αὐτῇ, καὶ προσοίσει τὸ δῶρον αὐτοῦ χίμαρον ἐξ αἰγῶν, ἄρσεν ἄμωμον.",19,ܐܢ ܐܬܝܕܥ ܠܗ ܚܛܗܐ ܕܚܛܐ ܒܗ ܢܝܬܐ ܩܘܪܒܢܗ ܨܦܪܝܐ ܕܥ̈ܙܐ. ܕܟܪܐ ܕܠܐ ܡܘܡ.,13,"se o pecado que cometeu lhe for notificado, então trará por sua oferta um bode, sem defeito;",17,True,True,True
4,24,Levítico 4:24,וְסָמַ֤ךְ יָדוֹ֙ עַל־ רֹ֣אשׁ הַשָּׂעִ֔יר וְשָׁחַ֣ט אֹת֔וֹ בִּמְק֛וֹם אֲשֶׁר־ יִשְׁחַ֥ט אֶת־ הָעֹלָ֖ה לִפְנֵ֣י יְהוָ֑ה חַטָּ֖את הֽוּא ׃,וסמכ ידו על ראש השעיר ושחט אתו במקומ אשר ישחט את העלה לפני יהוה חטאת הוא,17,ויסמוך ידיה על רישא דצפירא ויכוס יתיה באתר דיכוס ית עלתא לקדם יי חטאתא הוא:,15,"καὶ ἐπιθήσει τὴν χεῖρα ἐπὶ τὴν κεφαλὴν τοῦ χιμάρου, καὶ σφάξουσιν αὐτὸν ἐν τόπῳ οὗ σφάζουσιν τὰ ὁλοκαυτώματα ἐνώπιον Κυρίου· ἁμαρτία ἐστίν.",22,ܘܢܣܡܘܟ ܐܝܕܗ ܥܠ ܪܫܗ ܕܨܦܪܝܐ. ܘܢܟܣܝܘܗܝ ܒܕܘܟܬܐ ܕܢܟܣ ܥܠܬܐ ܩܕܡ ܡܪܝܐ. ܚܛܗܐ ܗܘ.,13,"porá a mão sobre a cabeça do bode e o imolará no lugar em que se imola o holocausto, perante o Senhor; é oferta pelo pecado.",26,True,True,True
4,25,Levítico 4:25,וְלָקַ֨ח הַכֹּהֵ֜ן מִדַּ֤ם הַֽחַטָּאת֙ בְּאֶצְבָּע֔וֹ וְנָתַ֕ן עַל־ קַרְנֹ֖ת מִזְבַּ֣ח הָעֹלָ֑ה וְאֶת־ דָּמ֣וֹ יִשְׁפֹּ֔ךְ אֶל־ יְס֖וֹד מִזְבַּ֥ח הָעֹלָֽה ׃,ולקח הכהנ מדמ החטאת באצבעו ונתנ על קרנת מזבח העלה ואת דמו ישפכ אל יסוד מזבח העלה,18,ויסב כהנא מדמא דחטאתא באצבעיה ויתן על קרנת מדבחא דעלתא וית דמיה ישוד ליסודא דמדבחא דעלתא:,16,"καὶ ἐπιθήσει ὁ ἱερεὺς ἀπὸ τοῦ αἵματος τοῦ τῆς ἁμαρτίας τῷ δακτύλῳ ἐπὶ τὰ κέρατα τοῦ θυσιαστηρίου τῶν ὁλοκαυτωμάτων, καὶ τὸ πᾶν αἷμα αὐτοῦ ἐκχεεῖ παρὰ τὴν βάσιν τοῦ θυσιαστηρίου τῶν ὁλοκαυτωμάτων.",32,ܘܢܣܒ ܟܗܢܐ ܡܢ ܕܡܐ ܕܚܛܗܐ ܒܨܒܥܗ. ܘܢܬܠ ܥܠ ܩܪܢܬܗ ܕܡܕܒܚܐ ܕܥܠܬܐ. ܘܕܡܗ ܢܐܫܘܕ ܥܠ ܫ̈ܦܘܠܝ ܡܕܒܚܐ ܕܥܠܬܐ.,17,"Depois o sacerdote, com o dedo, tomará do sangue da oferta pelo pecado e pô-lo-á sobre as pontas do altar do holocausto; então o resto do sangue derramará à base do altar do holocausto.",34,True,True,True
4,26,Levítico 4:26,וְאֶת־ כָּל־ חֶלְבּוֹ֙ יַקְטִ֣יר הַמִּזְבֵּ֔חָה כְּחֵ֖לֶב זֶ֣בַח הַשְּׁלָמִ֑ים וְכִפֶּ֨ר עָלָ֧יו הַכֹּהֵ֛ן מֵחַטָּאת֖וֹ וְנִסְלַ֥ח לֽוֹ ׃ פ,ואת כל חלבו יקטיר המזבחה כחלב זבח השלמימ וכפר עליו הכהנ מחטאתו ונסלח לו פ,16,וית כל תרביה יסק למדבחא כתרב נכסת קודשיא ויכפר עלוהי כהנא מחובתיה וישתבק ליה:,14,"καὶ τὸ πᾶν στέαρ αὐτοῦ ἀνοίσει ἐπὶ τὸ θυσιαστήριον, ὥσπερ τὸ στέαρ θυσίας σωτηρίου· καὶ ἐξιλάσεται περὶ αὐτοῦ ὁ ἱερεὺς ἀπὸ τῆς ἁμαρτίας αὐτοῦ, καὶ ἀφεθήσεται αὐτῷ.",27,ܘܟܠܗ ܬܪܒܗ ܢܣܩ ܠܡܕܒܚܐ. ܐܝܟ ܬܪܒܐ ܕܕܒܚܐ ܕܥܠܬܐ. ܘܢܚܣܐ ܥܠܘܗܝ ܟܗܢܐ ܡܢ ܚܛܗܐ ܕܚܛܐ ܘܢܫܬܒܩ ܠܗ.,16,"Também queimará sobre o altar toda a sua gordura como a gordura do sacrifício da oferta pacífica; assim o sacerdote fará por ele expiação do seu pecado, e ele será perdoado.",31,True,True,True
4,27,Levítico 4:27,וְאִם־ נֶ֧פֶשׁ אַחַ֛ת תֶּחֱטָ֥א בִשְׁגָגָ֖ה מֵעַ֣ם הָאָ֑רֶץ בַּ֠עֲשֹׂתָהּ אַחַ֨ת מִמִּצְוֺ֧ת יְהוָ֛ה אֲשֶׁ֥ר לֹא־ תֵעָשֶׂ֖ינָה וְאָשֵֽׁם ׃,ואמ נפש אחת תחטא בשגגה מעמ הארצ בעשתה אחת ממצות יהוה אשר לא תעשינה ואשמ,16,ואם אנש חד יחוב בשלו מעמא דארעא במעבדה חד מפקודיא דיי די לא כשרין לאתעבדא ויחוב:,16,"Ἐὰν δὲ ψυχὴ μία ἁμάρτῃ ἀκουσίως ἐκ τοῦ λαοῦ τῆς γῆς ἐν τῷ ποιῆσαι μίαν ἀπὸ πασῶν τῶν ἐντολῶν Κυρίου ἣ οὐ ποιηθήσεται, καὶ πλημμελήσῃ,",25,ܘܐܢ ܢܦܫܐ ܚܕܐ ܬܚܛܐ ܒܛܘܥܝܝ ܡܢ ܥܡܐ ܕܐܪܥܐ. ܘܬܥܒܕ ܚܕ ܡܢ ܦܘܩ̈ܕܢܘܗܝ ܕܡܪܝܐ ܕܠܐ ܡܬܥܒܕܝܢ ܘܢܚܘܒ.,16,"E se alguém dentre a plebe pecar por ignorância, fazendo qualquer das coisas que o Senhor ordenou que não se fizessem, e assim se tornar culpado;",26,True,True,True
4,28,Levítico 4:28,א֚וֹ הוֹדַ֣ע אֵלָ֔יו חַטָּאת֖וֹ אֲשֶׁ֣ר חָטָ֑א וְהֵבִ֨יא קָרְבָּנ֜וֹ שְׂעִירַ֤ת עִזִּים֙ תְּמִימָ֣ה נְקֵבָ֔ה עַל־ חַטָּאת֖וֹ אֲשֶׁ֥ר חָטָֽא ׃,או הודע אליו חטאתו אשר חטא והביא קרבנו שעירת עזימ תמימה נקבה על חטאתו אשר חטא,17,או אתידע ליה חובתיה די חב וייתי קרבניה צפירת עזין שלמתא נקובתא על חובתיה די חב:,16,"καὶ γνωσθῇ αὐτῷ ἡ ἁμαρτία ἣν ἥμαρτεν ἐν αὐτῇ, καὶ οἴσει χίμαιραν ἐξ αἰγῶν· θήλειαν ἄμωμον οἴσει περὶ τῆς ἁμαρτίας ἧς ἥμαρτεν.",22,ܐܢ ܐܬܝܕܥ ܠܗ ܚܛܗܐ ܕܚܛܐ. ܢܝܬܐ ܩܘܪܒܢܗ ܨܦܪܝܬܐ ܕܥ̈ܙܐ. ܢܩܒܬܐ ܕܠܐ ܡܘܡ ܥܠ ܚܛܗܐ ܕܚܛܐ.,15,"se o pecado que cometeu lhe for notificado, então trará por sua oferta uma cabra, sem defeito, pelo pecado cometido;",20,True,True,True
4,29,Levítico 4:29,וְסָמַךְ֙ אֶת־ יָד֔וֹ עַ֖ל רֹ֣אשׁ הַֽחַטָּ֑את וְשָׁחַט֙ אֶת־ הַ֣חַטָּ֔את בִּמְק֖וֹם הָעֹלָֽה ׃,וסמכ את ידו על ראש החטאת ושחט את החטאת במקומ העלה,12,ויסמוך ית ידיה על ריש חטאתא ויכוס ית חטאתא באתר דעלתא:,11,"καὶ ἐπιθήσει τὴν χεῖρα ἐπὶ τὴν κεφαλὴν τοῦ ἁμαρτήματος αὐτοῦ, καὶ σφάξουσιν τὴν χίμαιραν τὴν τῆς ἁμαρτίας ἐν τόπῳ οὗ σφάζουσιν τὰ ὁλοκαυτώματα.",23,ܘܢܣܡܘܟ ܐܝܕܗ ܥܠ ܪܫܗ ܕܚܛܗܐ. ܘܢܟܣܝܘܗܝ ܠܚܛܗܐ ܒܕܘܟܬܐ ܕܢܟܣ ܥܠܬܐ.,10,"porá a mão sobre a cabeça da oferta pelo pecado, e a imolará no lugar do holocausto.",17,True,True,True
4,30,Levítico 4:30,וְלָקַ֨ח הַכֹּהֵ֤ן מִדָּמָהּ֙ בְּאֶצְבָּע֔וֹ וְנָתַ֕ן עַל־ קַרְנֹ֖ת מִזְבַּ֣ח הָעֹלָ֑ה וְאֶת־ כָּל־ דָּמָ֣הּ יִשְׁפֹּ֔ךְ אֶל־ יְס֖וֹד הַמִּזְבֵּֽחַ ׃,ולקח הכהנ מדמה באצבעו ונתנ על קרנת מזבח העלה ואת כל דמה ישפכ אל יסוד המזבח,17,ויסב כהנא מדמה באצבעיה ויתן על קרנת מדבחא דעלתא וית כל דמה ישוד ליסודא דמדבחא:,15,"καὶ λήμψεται ὁ ἱερεὺς ἀπὸ τοῦ αἵματος αὐτῆς τῷ δακτύλῳ καὶ ἐπιθήσει ἐπὶ τὰ κέρατα τοῦ θυσιαστηρίου τῶν ὁλοκαυτωμάτων, καὶ πᾶν τὸ αἷμα αὐτῆς ἐκχεεῖ παρὰ τὴν βάσιν τοῦ θυσιαστηρίου.",30,ܘܢܣܒ ܟܗܢܐ ܡܢ ܕܡܐ ܕܚܛܗܐ ܒܨܒܥܗ. ܘܢܪܘܣ ܥܠ ܩܪ̈ܢܬܗ ܕܡܕܒܚܐ ܕܥܠܬܐ. ܘܟܠܗ ܕܡܐ ܢܐܫܘܕ ܥܠ ܫ̈ܦܘܠܝ ܡܕܒܚܐ ܕܥܠܬܐ.,18,"Depois o sacerdote, com o dedo, tomará do sangue da oferta, e o porá sobre as pontas do altar do holocausto; e todo o resto do sangue derramará à base do altar.",32,True,True,True
4,31,Levítico 4:31,וְאֶת־ כָּל־ חֶלְבָּ֣הּ יָסִ֗יר כַּאֲשֶׁ֨ר הוּסַ֣ר חֵלֶב֮ מֵעַ֣ל זֶ֣בַח הַשְּׁלָמִים֒ וְהִקְטִ֤יר הַכֹּהֵן֙ הַמִּזְבֵּ֔חָה לְרֵ֥יחַ נִיחֹ֖חַ לַיהוָ֑ה וְכִפֶּ֥ר עָלָ֛יו הַכֹּהֵ֖ן וְנִסְלַ֥ח לֽוֹ ׃ פ,ואת כל חלבה יסיר כאשר הוסר חלב מעל זבח השלמימ והקטיר הכהנ המזבחה לריח ניחח ליהוה וכפר עליו הכהנ ונסלח לו פ,23,וית כל תרבה יעדי כמא די מתעדא תרב מעל נכסת קודשיא ויסק כהנא למדבחא לאתקבלא ברעוא קדם יי ויכפר עלוהי כהנא וישתבק ליה:,23,"καὶ πᾶν τὸ στέαρ περιελεῖ ὃν τρόπον περιαιρεῖται στέαρ ἀπὸ θυσίας σωτηρίου, καὶ ἀνοίσει ὁ ἱερεὺς ἐπὶ τὸ θυσιαστήριον εἰς ὀσμὴν εὐωδίας Κυρίῳ· καὶ ἐξιλάσεται περὶ αὐτοῦ ὁ ἱερεύς, καὶ ἀφεθήσεται αὐτῷ.",32,ܘܟܠܗ ܬܪܒܗ ܢܣܒ ܡܢܗ. ܐܝܟܢܐ ܕܡܬܢܣܒ ܬܪܒܐ ܡܢ ܕܒܚܐ ܕܥܠܬܐ. ܘܢܣܩ ܟܗܢܐ ܥܠ ܡܕܒܚܐ. ܠܪܝܚ ܣܘܬܐ ܩܘܪܒܢܐ ܠܡܪܝܐ. ܘܢܚܣܐ ܥܠܘܗܝ ܟܗܢܐ ܘܢܫܬܒܩ ܠܗ.,23,"Tirará toda a gordura, como se tira a gordura do sacrifício pacífico, e a queimará sobre o altar, por cheiro suave ao Senhor; e o sacerdote fará expiação por ele, e ele será perdoado.",34,True,True,True
4,32,Levítico 4:32,וְאִם־ כֶּ֛בֶשׂ יָבִ֥יא קָרְבָּנ֖וֹ לְחַטָּ֑את נְקֵבָ֥ה תְמִימָ֖ה יְבִיאֶֽנָּה ׃,ואמ כבש יביא קרבנו לחטאת נקבה תמימה יביאנה,9,ואם אימר ייתי קרבניה לחטאתא נקבא שלמתא ייתנה:,8,"Ἐὰν δὲ πρόβατον προσενέγκῃ τὸ δῶρον αὐτοῦ εἰς ἁμαρτίαν, θῆλυ ἄμωμον προσοίσει αὐτό.",13,ܘܐܢ ܡܢ ܐܡܪ̈ܐ ܢܝܬܐ ܩܘܪܒܢܗ ܠܚܛܗܐ. ܢܩܒܬܐ ܕܠܐ ܡܘܡ ܢܝܬܐ.,10,"Ou, se pela sua oferta trouxer uma cordeira como oferta pelo pecado, sem defeito a trará;",16,True,True,True
4,33,Levítico 4:33,וְסָמַךְ֙ אֶת־ יָד֔וֹ עַ֖ל רֹ֣אשׁ הַֽחַטָּ֑את וְשָׁחַ֤ט אֹתָהּ֙ לְחַטָּ֔את בִּמְק֕וֹם אֲשֶׁ֥ר יִשְׁחַ֖ט אֶת־ הָעֹלָֽה ׃,וסמכ את ידו על ראש החטאת ושחט אתה לחטאת במקומ אשר ישחט את העלה,15,ויסמוך ית ידיה על ריש חטאתא ויכוס יתה לחטאתא באתרא די יכוס ית עלתא:,14,"καὶ ἐπιθήσει τὴν χεῖρα ἐπὶ τὴν κεφαλὴν αὐτοῦ τοῦ τῆς ἁμαρτίας, καὶ σφάξουσιν αὐτὸ ἐν τόπῳ οὗ σφάζουσιν τὰ ὁλοκαυτώματα.",20,ܘܢܣܡܘܟ ܐܝܕܗ ܥܠ ܪܫܗ ܕܚܛܗܐ. ܘܢܟܣܝܘܗܝ ܠܚܛܗܐ ܒܕܘܟܬܐ ܕܢܟܣ ܥܠܬܐ.,10,"porá a mão sobre a cabeça da oferta pelo pecado, e a imolará por oferta pelo pecado, no lugar em que se imola o holocausto.",25,True,True,True
4,34,Levítico 4:34,וְלָקַ֨ח הַכֹּהֵ֜ן מִדַּ֤ם הַֽחַטָּאת֙ בְּאֶצְבָּע֔וֹ וְנָתַ֕ן עַל־ קַרְנֹ֖ת מִזְבַּ֣ח הָעֹלָ֑ה וְאֶת־ כָּל־ דָּמָ֣הּ יִשְׁפֹּ֔ךְ אֶל־ יְס֖וֹד הַמִּזְבֵּֽחַ ׃,ולקח הכהנ מדמ החטאת באצבעו ונתנ על קרנת מזבח העלה ואת כל דמה ישפכ אל יסוד המזבח,18,ויסב כהנא מדמא דחטאתא באצבעיה ויתן על קרנת מדבחא דעלתא וית כל דמה ישוד ליסודא דמדבחא:,16,"καὶ λαβὼν ὁ ἱερεὺς ἀπὸ τοῦ αἵματος τοῦ τῆς ἁμαρτίας τῷ δακτύλῳ ἐπιθήσει ἐπὶ τὰ κέρατα τοῦ θυσιαστηρίου τῆς ὁλοκαυτώσεως, καὶ πᾶν αὐτοῦ τὸ αἷμα ἐκχεεῖ παρὰ τὴν βάσιν τοῦ θυσιαστηρίου τῆς ὁλοκαυτώσεως.",33,ܘܢܣܒ ܟܗܢܐ ܡܢ ܕܡܐ ܕܚܛܗܐ ܒܨܒܥܗ. ܘܢܪܘܣ ܥܠ ܩܪ̈ܢܬܗ ܕܡܕܒܚܐ ܕܥܠܬܐ. ܘܟܠܗ ܕܡܐ ܢܐܫܘܕ ܥܠ ܫ̈ܦܘܠܘܗܝ ܕܡܕܒܚܐ.,17,"Depois o sacerdote, com o dedo, tomará do sangue da oferta pelo pecado, e o porá sobre as pontas do altar do holocausto; então todo o resto do sangue da oferta derramará à base do altar.",36,True,True,True
4,35,Levítico 4:35,וְאֶת־ כָּל־ חֶלְבָּ֣ה יָסִ֗יר כַּאֲשֶׁ֨ר יוּסַ֥ר חֵֽלֶב־ הַכֶּשֶׂב֮ מִזֶּ֣בַח הַשְּׁלָמִים֒ וְהִקְטִ֨יר הַכֹּהֵ֤ן אֹתָם֙ הַמִּזְבֵּ֔חָה עַ֖ל אִשֵּׁ֣י יְהוָ֑ה וְכִפֶּ֨ר עָלָ֧יו הַכֹּהֵ֛ן עַל־ חַטָּאת֥וֹ אֲשֶׁר־ חָטָ֖א וְנִסְלַ֥ח לֽוֹ ׃ פ,ואת כל חלבה יסיר כאשר יוסר חלב הכשב מזבח השלמימ והקטיר הכהנ אתמ המזבחה על אשי יהוה וכפר עליו הכהנ על חטאתו אשר חטא ונסלח לו פ,28,וית כל תרבה יעדי כמא די מתעדא תרב אמרא מנכסת קודשיא ויסק כהנא יתהון למדבחא על קרבניא דיי ויכפר עלוהי כהנא על חובתיה די חב וישתבק ליה:,27,"καὶ πᾶν αὐτοῦ τὸ στέαρ περιελεῖ ὃν τρόπον περιαιρεῖται στέαρ προβάτου ἐκ τῆς θυσίας τοῦ σωτηρίου, καὶ ἐπιθήσει αὐτὸ ὁ ἱερεὺς ἐπὶ τὸ θυσιαστήριον ἐπὶ τὸ ὁλοκαύτωμα Κυρίου· καὶ ἐξιλάσεται περὶ αὐτοῦ ὁ ἱερεὺς περὶ τῆς ἁμαρτίας ἧς ἥμαρτεν, καὶ ἀφεθήσεται αὐτῷ.",42,ܘܟܠܗ ܬܪܒܗ ܢܥܒܕ ܐܝܟ ܕܥܒܕ ܠܬܪܒܐ ܕܐܡܪܐ ܡܢ ܕܒܚܐ ܕܥܠܬܐ. ܘܢܣܩ ܐܢܘܢ ܟܗܢܐ ܠܡܕܒܚܐ ܥܠ ܩܘܪ̈ܒܢܘܗܝ ܕܡܪܝܐ. ܘܢܚܣܐ ܥܠܘܗܝ ܟܗܢܐ ܥܠ ܚܛܗܐ ܕܚܛܐ ܘܢܫܬܒܩ ܠܗ.,25,"Tirará toda a gordura, como se tira a gordura do cordeiro do sacrifício pacífico e a queimará sobre o altar, em cima das ofertas queimadas do Senhor; assim o sacerdote fará por ele expiação do pecado que cometeu, e ele será perdoado.",42,True,True,True
5,1,Levítico 5:1,וְנֶ֣פֶשׁ כִּֽי־ תֶחֱטָ֗א וְשָֽׁמְעָה֙ ק֣וֹל אָלָ֔ה וְה֣וּא עֵ֔ד א֥וֹ רָאָ֖ה א֣וֹ יָדָ֑ע אִם־ ל֥וֹא יַגִּ֖יד וְנָשָׂ֥א עֲוֺנֽוֹ ׃,ונפש כי תחטא ושמעה קול אלה והוא עד או ראה או ידע אמ לוא יגיד ונשא עונו,18,ואנש ארי יחוב וישמע קל מומי והוא סהיד או חזא או ידע אם לא יחוי ויקבל חוביה:,17,"Ἐὰν δὲ ψυχὴ ἁμάρτῃ καὶ ἀκούσῃ φωνὴν ὁρκισμοῦ, καὶ οὗτος μάρτυς ἢ ἑώρακεν ἢ σύνοιδεν, ἐὰν μὴ ἀπαγγείλῃ, λήμψεται τὴν ἁμαρτίαν.",21,ܘܢܦܫܐ ܟܕ ܬܚܛܐ ܘܬܫܡܥ ܩܠܐ ܕܡ̈ܘܡܬܐ. ܘܗܘ ܣܗܕ ܐܘ ܚܙܐ ܐܘ ܝܕܥ. ܐܠܐ ܢܚܘܐ ܢܩܒܠ ܚܛܗܗ.,16,"Se alguém, tendo-se ajuramentado como testemunha, pecar por não denunciar o que viu, ou o que soube, levará a sua iniqüidade.",21,True,True,True
5,2,Levítico 5:2,א֣וֹ נֶ֗פֶשׁ אֲשֶׁ֣ר תִּגַּע֮ בְּכָל־ דָּבָ֣ר טָמֵא֒ אוֹ֩ בְנִבְלַ֨ת חַיָּ֜ה טְמֵאָ֗ה א֤וֹ בְּנִבְלַת֙ בְּהֵמָ֣ה טְמֵאָ֔ה א֕וֹ בְּנִבְלַ֖ת שֶׁ֣רֶץ טָמֵ֑א וְנֶעְלַ֣ם מִמֶּ֔נּוּ וְה֥וּא טָמֵ֖א וְאָשֵֽׁם ׃,או נפש אשר תגע בכל דבר טמא או בנבלת חיה טמאה או בנבלת בהמה טמאה או בנבלת שרצ טמא ונעלמ ממנו והוא טמא ואשמ,25,או אנש די יקרב בכל מדעם מסאב או בנבלת חיתא מסאבא או בנבלת בעירא מסאבא או בנבלת רחשא מסאב ויהי מכסא מניה והוא מסאב וחב:,25,"ἢ ψυχὴ ἥτις ἐὰν ἅψηται παντὸς πράγματος ἀκαθάρτου, ἢ θνησιμαίου ἢ θηριαλώτου ἀκαθάρτου ἢ τῶν θνησιμαίων ἢ τῶν βδελυγμάτων τῶν ἀκαθάρτων ἢ τῶν θνησιμαίων κτηνῶν τῶν ἀκαθάρτων,",27,ܐܘ ܢܦܫܐ ܕܬܩܪܘܒ ܒܟܠ ܡܕܡ ܕܛܡܐ. ܐܘ ܒܦܓܪܐ ܕܚܝܘܬܐ ܛܡܐܬܐ. ܐܘ ܒܦܓܪܐ ܕܒܥܝܪ̈ܐ ܛܡܐ̈ܬܐ. ܐܘ ܒܦܓܪܐ ܕܪܚܫܐ ܛܡܐܐ. ܘܢܗܡܐ ܡܢܗ. ܘܗܘ ܐܬܛܡܐ ܘܚܛܐ.,23,"Se alguém tocar alguma coisa imunda, seja cadáver de besta-fera imunda, seja cadáver de gado imundo, seja cadáver de réptil imundo, embora faça sem se aperceber, contudo será ele imundo e culpado.",32,True,True,True
5,3,Levítico 5:3,א֣וֹ כִ֤י יִגַּע֙ בְּטֻמְאַ֣ת אָדָ֔ם לְכֹל֙ טֻמְאָת֔וֹ אֲשֶׁ֥ר יִטְמָ֖א בָּ֑הּ וְנֶעְלַ֣ם מִמֶּ֔נּוּ וְה֥וּא יָדַ֖ע וְאָשֵֽׁם ׃,או כי יגע בטמאת אדמ לכל טמאתו אשר יטמא בה ונעלמ ממנו והוא ידע ואשמ,16,או ארי יקרב בסואבת אנשא לכל סובתיה די יסתאב בה ויהי מכסא מניה והוא ידע וחב:,16,"ἢ ἅψηται ἀπὸ ἀκαθαρσίας ἀνθρώπου, ἀπὸ πάσης ἀκαθαρσίας αὐτοῦ ἧς ἂν ἁψάμενος μιανθῇ, καὶ ἔλαθεν αὐτόν, μετὰ τοῦτο δὲ γνῷ, καὶ πλημμελήσῃ·",22,ܐܘ ܐܢ ܢܩܪܘܒ. ܒܛܡܐܘܬܐ ܕܐܢܫܐ. ܠܟܠ ܛܡܐܘܬܐ ܕܢܬܛܡܐ ܒܗ̇. ܘܢܗܡܐ ܡܢܗ̇. ܘܗܘ ܝܕܥ ܕܚܛܐ.,14,"Se alguém, sem se aperceber tocar a imundícia de um homem, seja qual for a imundícia com que este se tornar imundo, quando o souber será culpado.",27,True,True,True
5,4,Levítico 5:4,א֣וֹ נֶ֡פֶשׁ כִּ֣י תִשָּׁבַע֩ לְבַטֵּ֨א בִשְׂפָתַ֜יִם לְהָרַ֣ע ׀ א֣וֹ לְהֵיטִ֗יב לְ֠כֹל אֲשֶׁ֨ר יְבַטֵּ֧א הָאָדָ֛ם בִּשְׁבֻעָ֖ה וְנֶעְלַ֣ם מִמֶּ֑נּוּ וְהוּא־ יָדַ֥ע וְאָשֵׁ֖ם לְאַחַ֥ת מֵאֵֽלֶּה ׃,או נפש כי תשבע לבטא בשפתימ להרע או להיטיב לכל אשר יבטא האדמ בשבעה ונעלמ ממנו והוא ידע ואשמ לאחת מאלה,23,או אנש ארי יקים לפרשא בספון לאבאשא או לאוטבא לכל די יפרש אנשא בקיום ויהי מכסא מניה והוא ידע וחב לחדא מאלין:,22,"ἢ ψυχὴ ἡ ἄνομος ἡ διαστέλλουσα τοῖς χείλεσιν κακοποιῆσαι ἢ καλῶς ποιῆσαι κατὰ πάντα ὅσα ἐὰν διαστείλῃ ὁ ἄνθρωπος μεθ᾽ ὅρκου, καὶ λάθῃ αὐτὸν πρὸ ὀφθαλμῶν, καὶ οὗτος γνῷ, καὶ ἁμάρτῃ ἕν τι τούτων.",34,ܐܘ ܢܦܫܐ ܟܕ ܬܐܡܐ ܒܦܘܪܫܢܐ ܕܣ̈ܦܘܬܐ ܠܡܒܐܫܘ ܐܘ ܠܡܛܐܒܘ. ܒܟܠ ܕܦܪܫ ܐܢܫܐ ܒܡ̈ܘܡܬܐ ܘܢܗܡܐ ܡܢܗ̇. ܘܗܘ ܝܕܥ ܕܚܛܐ ܒܚܕܐ ܡܢ ܗܠܝܢ.,21,"Se alguém, sem se aperceber, jurar temerariamente com os seus lábios fazer mal ou fazer bem, em tudo o que o homem pronunciar temerariamente com juramento, quando o souber, culpado será numa destas coisas.",34,True,True,True
5,5,Levítico 5:5,וְהָיָ֥ה כִֽי־ יֶאְשַׁ֖ם לְאַחַ֣ת מֵאֵ֑לֶּה וְהִ֨תְוַדָּ֔ה אֲשֶׁ֥ר חָטָ֖א עָלֶֽיהָ ׃,והיה כי יאשמ לאחת מאלה והתודה אשר חטא עליה,10,ויהי ארי יחוב לחדא מאלין ויודי די חב עלה:,9,"καὶ ἐξαγορεύσει τὴν ἁμαρτίαν περὶ ὧν ἡμάρτηκεν κατ᾽ αὐτῆς,",9,ܘܢܗܘܐ ܟܕ ܢܚܛܐ ܒܚܕܐ ܡܢ ܗܠܝܢ. ܘܢܘܕܐ ܕܚܛܐ ܥܠܝܗ̇.,9,"Deverá, pois, quando for culpado numa destas coisas, confessar aquilo em que houver pecado.",14,True,True,True
5,6,Levítico 5:6,וְהֵבִ֣יא אֶת־ אֲשָׁמ֣וֹ לַיהוָ֡ה עַ֣ל חַטָּאתוֹ֩ אֲשֶׁ֨ר חָטָ֜א נְקֵבָ֨ה מִן־ הַצֹּ֥אן כִּשְׂבָּ֛ה אֽוֹ־ שְׂעִירַ֥ת עִזִּ֖ים לְחַטָּ֑את וְכִפֶּ֥ר עָלָ֛יו הַכֹּהֵ֖ן מֵחַטָּאתֽוֹ ׃,והביא את אשמו ליהוה על חטאתו אשר חטא נקבה מנ הצאנ כשבה או שעירת עזימ לחטאת וכפר עליו הכהנ מחטאתו,21,וייתי ית אשמיה קדם יי על חובתיה די חב נקובתא מן ענא אמרתא או צפירת עזין לחטאתא ויכפר עלוהי כהנא מחובתיה:,21,"καὶ οἴσει περὶ ὧν ἐπλημμέλησεν Κυρίῳ, περὶ τῆς ἁμαρτίας ἧς ἥμαρτεν, θῆλυ ἀπὸ τῶν προβάτων, ἀμνάδα ἢ χίμαιραν ἐξ αἰγῶν περὶ ἁμαρτίας· καὶ ἐξιλάσεται περὶ αὐτοῦ ὁ ἱερεὺς περὶ τῆς ἁμαρτίας αὐτοῦ ἧς ἥμαρτεν, καὶ ἀφεθήσεται αὐτῷ ἡ ἁμαρτία.",39,ܢܝܬܐ ܩܘܪܒܢܗ ܠܡܪܝܐ ܥܠ ܚܛܗܐ ܕܚܛܐ. ܢܩܒܬܐ ܦܪܬܐ ܡܢ ܥܢܐ. ܐܘ ܨܝܦܪܝܬܐ ܕܥ̈ܙܐ ܠܚܛܗܗ. ܘܢܚܣܐ ܥܠܘܗܝ ܟܗܢܐ ܡܢ ܚܛܗܗ.,19,"E como sua oferta pela culpa, ele trará ao Senhor, pelo pecado que cometeu, uma fêmea de gado miúdo; uma cordeira, ou uma cabrinha, trará como oferta pelo pecado; e o sacerdote fará por ele expiação do seu pecado.",39,True,True,True
5,7,Levítico 5:7,וְאִם־ לֹ֨א תַגִּ֣יע יָדוֹ֮ דֵּ֣י שֶׂה֒ וְהֵבִ֨יא אֶת־ אֲשָׁמ֜וֹ אֲשֶׁ֣ר חָטָ֗א שְׁתֵּ֥י תֹרִ֛ים אֽוֹ־ שְׁנֵ֥י בְנֵֽי־ יוֹנָ֖ה לַֽיהוָ֑ה אֶחָ֥ד לְחַטָּ֖את וְאֶחָ֥ד לְעֹלָֽה ׃,ואמ לא תגיע ידו די שה והביא את אשמו אשר חטא שתי תרימ או שני בני יונה ליהוה אחד לחטאת ואחד לעלה,23,ואם לא תמטי ידיה כמסת שיתא וייתי ית חובתיה די חב תרתין שפנינין או תרין בני יונה קדם יי חד לחטאתא וחד לעלתא:,23,"ἐὰν δὲ μὴ ἰσχύσῃ ἡ χεὶρ αὐτοῦ τὸ ἱκανὸν εἰς τὸ πρόβατον, οἴσει περὶ τῆς ἁμαρτίας αὐτοῦ ἧς ἥμαρτεν, δύο τρυγόνας ἢ δύο νοσσοὺς περιστερῶν Κυρίῳ, ἕνα περὶ ἁμαρτίας καὶ ἕνα εἰς ὁλοκαύτωμα.",33,ܘܐܠܐ ܡ̇ܛܐ ܒܐ̈ܝܕܘܗܝ ܕܢܝܬܐ ܦܪܬܐ. ܢܝܬܐ ܩܘܪܒܢܐ ܕܚܛܗܗ ܬܪ̈ܝܢ ܫ̈ܘܦܢܝܢܝܢ. ܐܘ ܬܪ̈ܝܢ ܒܢ̈ܝ ܝܘܢܐ. ܚܕ ܠܚܛܗܐ ܘܚܕ ܠܥܠܬܐ.,18,"Mas, se as suas posses não bastarem para gado miúdo, então trará ao Senhor, como sua oferta pela culpa por aquilo em que houver pecado, duas rolas, ou dois pombinhos; um como oferta pelo pecado, e o outro como holocausto;",40,True,True,True
5,8,Levítico 5:8,וְהֵבִ֤יא אֹתָם֙ אֶל־ הַכֹּהֵ֔ן וְהִקְרִ֛יב אֶת־ אֲשֶׁ֥ר לַחַטָּ֖את רִאשׁוֹנָ֑ה וּמָלַ֧ק אֶת־ רֹאשׁ֛וֹ מִמּ֥וּל עָרְפּ֖וֹ וְלֹ֥א יַבְדִּֽיל ׃,והביא אתמ אל הכהנ והקריב את אשר לחטאת ראשונה ומלק את ראשו ממול ערפו ולא יבדיל,17,וייתי יתהון לות כהנא ויקרב ית די לחטאתא קדמיתא וימלוק ית רישיה מלקבל קדליה ולא יפרש:,16,"καὶ οἴσει αὐτὰ πρὸς τὸν ἱερέα, καὶ προσάξει ὁ ἱερεὺς τὸ περὶ τῆς ἁμαρτίας πρότερον· καὶ ἀποκνίσει ὁ ἱερεὺς τὴν κεφαλὴν αὐτοῦ ἀπὸ τοῦ σφονδύλου καὶ οὐ διελεῖ,",28,ܘܢܝܬܐ ܐܢܘܢ ܠܟܗܢܐ. ܘܢܩܪܒ ܕܥܠ ܚܛܗܐ ܩܕܡܝܬ. ܘܢܡܠܘܓ ܪܫܗ ܡܢ ܠܘܩܒܠ ܩܕܠܗ. ܘܠܐ ܢܦܪܫ.,14,"e os trará ao sacerdote, o qual oferecerá primeiro aquele que é para a oferta pelo pecado, e com a unha lhe fenderá a cabeça junto ao pescoço, mas não o partirá;",32,True,True,True
5,9,Levítico 5:9,וְהִזָּ֞ה מִדַּ֤ם הַחַטָּאת֙ עַל־ קִ֣יר הַמִּזְבֵּ֔חַ וְהַנִּשְׁאָ֣ר בַּדָּ֔ם יִמָּצֵ֖ה אֶל־ יְס֣וֹד הַמִּזְבֵּ֑חַ חַטָּ֖את הֽוּא ׃,והזה מדמ החטאת על קיר המזבח והנשאר בדמ ימצה אל יסוד המזבח חטאת הוא,15,וידי מדמא דחטאתא על כתל מדבחא ודאשתאר בדמא יתמצי ליסודא דמדבחא חטאתא הוא:,13,"καὶ ῥανεῖ ἀπὸ τοῦ αἵματος τοῦ περὶ τῆς ἁμαρτίας ἐπὶ τὸν τοῖχον τοῦ θυσιαστηρίου, τὸ δὲ κατάλοιπον τοῦ αἵματος καταστραγγιεῖ ἐπὶ τὴν βάσιν τοῦ θυσιαστηρίου· ἁμαρτίας γάρ ἐστιν·",28,ܘܢܪܘܣ ܡܢ ܕܡܐ ܕܚܛܗܐ ܥܠ ܐܣܬܐ ܕܡܕܒܚܐ. ܘܕܝܬܪ ܡܢ ܕܡܐ ܢܡܨܐ ܥܠ ܫ̈ܦܘܠܝ ܡܕܒܚܐ. ܚܛܗܐ ܗܘ.,16,"e do sangue da oferta pelo pecado espargirá sobre a parede do altar, porém o que restar, daquele sangue espremer-se-á à base do altar; é oferta pelo pecado.",28,True,True,True
5,10,Levítico 5:10,וְאֶת־ הַשֵּׁנִ֛י יַעֲשֶׂ֥ה עֹלָ֖ה כַּמִּשְׁפָּ֑ט וְכִפֶּ֨ר עָלָ֧יו הַכֹּהֵ֛ן מֵחַטָּאת֥וֹ אֲשֶׁר־ חָטָ֖א וְנִסְלַ֥ח לֽוֹ ׃ ס,ואת השני יעשה עלה כמשפט וכפר עליו הכהנ מחטאתו אשר חטא ונסלח לו ס,15,וית תנינא יעבד עלתא כדחזי ויכפר עלוהי כהנא מחובתיה די חב וישתבק ליה:,13,"καὶ τὸ δεύτερον ποιήσει ὁλοκαύτωμα ὡς καθήκει· καὶ ἐξιλάσεται ὁ ἱερεὺς περὶ τῆς ἁμαρτίας αὐτοῦ ἧς ἥμαρτεν, καὶ ἀφεθήσεται αὐτῷ.",20,ܘܐܚܪܢܐ ܢܥܒܕ ܠܥܠܬܐ ܐܝܟ ܙܕܩܗ. ܘܢܚܣܐ ܥܠܘܗܝ ܟܗܢܐ ܥܠ ܚܛܗܐ ܕܚܛܐ ܘܢܫܬܒܩ ܠܗ.,13,"E do outro fará holocausto conforme a ordenança; assim o sacerdote fará expiação por ele do pecado que cometeu, e ele será perdoado.",23,True,True,True
5,11,Levítico 5:11,וְאִם־ לֹא֩ תַשִּׂ֨יג יָד֜וֹ לִשְׁתֵּ֣י תֹרִ֗ים אוֹ֮ לִשְׁנֵ֣י בְנֵי־ יוֹנָה֒ וְהֵבִ֨יא אֶת־ קָרְבָּנ֜וֹ אֲשֶׁ֣ר חָטָ֗א עֲשִׂירִ֧ת הָאֵפָ֛ה סֹ֖לֶת לְחַטָּ֑את לֹא־ יָשִׂ֨ים עָלֶ֜יהָ שֶׁ֗מֶן וְלֹא־ יִתֵּ֤ן עָלֶ֨יהָ֙ לְבֹנָ֔ה כִּ֥י חַטָּ֖את הִֽיא ׃,ואמ לא תשיג ידו לשתי תרימ או לשני בני יונה והביא את קרבנו אשר חטא עשירת האפה סלת לחטאת לא ישימ עליה שמנ ולא יתנ עליה לבנה כי חטאת היא,31,ואם לא תדבק ידיה לתרתין שפנינין או לתרין בני יונה וייתי ית קרבניה די חב חד מן עסרא בתלת סאין סלתא לחטאתא לא ישוי עלה משחא ולא יתן עלה לבנתא ארי חטאתא היא:,33,"Ἐὰν δὲ μὴ εὑρίσκῃ αὐτοῦ ἡ χεὶρ ζεῦγος τρυγόνων ἢ δύο νοσσοὺς περιστερῶν, καὶ οἴσει τὸ δῶρον αὐτοῦ περὶ οὗ ἥμαρτεν τὸ δέκατον τοῦ οἰφὶ σεμιδάλεως περὶ ἁμαρτίας· οὐκ ἐπιχεεῖ ἐπ᾽ αὐτὸ ἔλαιον οὐδὲ ἐπιθήσει ἐπ᾽ αὐτὸ λίβανον, ὅτι περὶ ἁμαρτίας ἐστίν.",42,ܘܐܠܐ ܡ̇ܛܐ ܒܐ̈ܝܕܘܗܝ ܬܪ̈ܝܢ ܫܘ̈ܦܢܝܢܝܢ. ܐܘ ܬܪ̈ܝܢ ܒܢ̈ܝ ܝܘܢܐ. ܢܝܬܐ ܩܘܪܒܢܗ ܕܚܛܗܐ ܕܚܛܐ. ܚܕ ܡܢ ܥܣܪܐ ܠܣܐܬܐ ܢܫܝܦܐ ܠܚܛܗܐ. ܘܠܐ ܢܣܘܟ ܥܠܘܗܝ ܡܫܚܐ. ܘܠܐ ܢܣܝܡ ܥܠܘܗܝ ܠܒܘܢܬܐ. ܡܛܠ ܕܚܛܗܐ ܗܘ.,30,"Se, porém, as suas posses não bastarem para duas rolas, ou dois pombinhos, então, como oferta por aquilo em que houver pecado, trará a décima parte duma efa de flor de farinha como oferta pelo pecado; não lhe deitará azeite nem lhe porá em cima incenso, porquanto é oferta pelo pecado;",51,True,True,True
5,12,Levítico 5:12,וֶהֱבִיאָהּ֮ אֶל־ הַכֹּהֵן֒ וְקָמַ֣ץ הַכֹּהֵ֣ן ׀ מִ֠מֶּנָּה מְל֨וֹא קֻמְצ֜וֹ אֶת־ אַזְכָּרָתָה֙ וְהִקְטִ֣יר הַמִּזְבֵּ֔חָה עַ֖ל אִשֵּׁ֣י יְהוָ֑ה חַטָּ֖את הִֽוא ׃,והביאה אל הכהנ וקמצ הכהנ ממנה מלוא קמצו את אזכרתה והקטיר המזבחה על אשי יהוה חטאת הוא,19,וייתנה לות כהנא ויקמוץ כהנא מנה מלי קמציה ית אדכרתה ויסק למדבחא על קרבניא דיי חטאתא היא:,17,"καὶ οἴσει αὐτὸ πρὸς τὸν ἱερέα. καὶ δραξάμενος ὁ ἱερεὺς ἀπ᾽ αὐτῆς πλήρη τὴν δράκα, τὸ μνημόσυνον αὐτῆς ἐπιθήσει ἐπὶ τὸ θυσιαστήριον τῶν ὁλοκαυτωμάτων Κυρίῳ· ἁμαρτία ἐστίν.",27,ܘܢܝܬܝܘܗܝ ܠܟܗܢܐ. ܘܢܙܘܪ ܟܗܢܐ ܡܢܗ ܡܠܐ ܙܘܪܗ ܕܘܟܪܢܐ. ܘܢܣܩ ܠܡܕܒܚܐ ܥܠ ܩܘܪ̈ܒܢܘܗܝ ܕܡܪܝܐ ܚܛܗܐ ܗܘ.,15,"e o trará ao sacerdote, o qual lhe tomará um punhado como o memorial da oferta, e a queimará sobre o altar em cima das ofertas queimadas do Senhor; é oferta pelo pecado.",33,True,True,True
5,13,Levítico 5:13,וְכִפֶּר֩ עָלָ֨יו הַכֹּהֵ֜ן עַל־ חַטָּאת֧וֹ אֲשֶׁר־ חָטָ֛א מֵֽאַחַ֥ת מֵאֵ֖לֶּה וְנִסְלַ֣ח ל֑וֹ וְהָיְתָ֥ה לַכֹּהֵ֖ן כַּמִּנְחָֽה ׃ ס,וכפר עליו הכהנ על חטאתו אשר חטא מאחת מאלה ונסלח לו והיתה לכהנ כמנחה ס,16,ויכפר עלוהי כהנא על חובתיה די חב מחדא מאלין וישתבק ליה ותהי לכהנא כמנחתא:,14,"καὶ ἐξιλάσεται περὶ αὐτοῦ ὁ ἱερεὺς περὶ τῆς ἁμαρτίας αὐτοῦ ἧς ἥμαρτεν ἐφ᾽ ἑνὸς τούτων, καὶ ἀφεθήσεται αὐτῷ. τὸ δὲ καταλειφθὲν ἔσται τῷ ἱερεῖ, ὡς ἡ θυσία τῆς σεμιδάλεως.",29,ܘܢܚܣܐ ܥܠܘܗܝ ܟܗܢܐ ܥܠ ܚܛܗܐ. ܕܚܛܐ ܒܚܕܐ ܡܢ ܗܠܝܢ ܘܢܫܬܒܩ ܠܗ. ܘܬܗܘܐ ܠܟܗܢܐ ܐܝܟ ܣܡܝܕܐ.,15,"Assim o sacerdote fará por ele expiação do seu pecado, que houver cometido em alguma destas coisas, e ele será perdoado; e o restante pertencerá ao sacerdote, como a oferta de cereais.",32,True,True,True
5,14,Levítico 5:14,וַיְדַבֵּ֥ר יְהוָ֖ה אֶל־ מֹשֶׁ֥ה לֵּאמֹֽר ׃,וידבר יהוה אל משה לאמר,6,ומליל יי עם משה למימר:,5,Καὶ ἐλάλησεν Κύριος πρὸς Μωυσῆν λέγων,6,ܘܡܠܠ ܡܪܝܐ ܥܡ ܡܘܫܐ ܘܐܡܪ ܠܗ.,6,Disse mais o Senhor a Moisés:,6,True,True,True
5,15,Levítico 5:15,נֶ֚פֶשׁ כִּֽי־ תִמְעֹ֣ל מַ֔עַל וְחָֽטְאָה֙ בִּשְׁגָגָ֔ה מִקָּדְשֵׁ֖י יְהוָ֑ה וְהֵבִיא֩ אֶת־ אֲשָׁמ֨וֹ לַֽיהוָ֜ה אַ֧יִל תָּמִ֣ים מִן־ הַצֹּ֗אן בְּעֶרְכְּךָ֛ כֶּֽסֶף־ שְׁקָלִ֥ים בְּשֶֽׁקֶל־ הַקֹּ֖דֶשׁ לְאָשָֽׁם ׃,נפש כי תמעל מעל וחטאה בשגגה מקדשי יהוה והביא את אשמו ליהוה איל תמימ מנ הצאנ בערככ כספ שקלימ בשקל הקדש לאשמ,23,אנש ארי ישקר שקר ויחוב בשלו מקודשיא דיי וייתי ית אשמיה קדם יי דכר שלים מן ענא בפרסניה כסף סלעין בסלעי קודשא לאשמא:,23,"ψυχὴ ἐὰν λάθῃ αὐτὸν λήθῃ καὶ ἁμάρτῃ ἀκουσίως ἀπὸ τῶν ἁγίων Κυρίου, καὶ οἴσει τῆς πλημμελίας αὐτοῦ τῷ κυρίῳ κριὸν ἄμωμον ἐκ τῶν προβάτων τιμῆς ἀργυρίου σίκλων, τῷ σίκλῳ τῶν ἁγίων, περὶ οὗ ἐπλημμέλησεν.",34,ܢܦܫܐ ܟܕ ܬܥܠܐ ܥܘܠܐ. ܘܬܚܛܐ ܒܛܘܥܝܝ ܡܢ ܩ̈ܘܕܫܘܗܝ ܕܡܪܝܐ. ܢܝܬܐ ܩܘܪܒܢܗ ܠܡܪܝܐ. ܕܟܪܐ ܕܠܐ ܡܘܡ ܡܢ ܥܢܐ ܒܕܡ̈ܝܐ. ܟܣܦ ܡܬܩ̈ܠܝܢ ܒܡܬܩܠܐ ܕܩܘܕܫܐ ܠܩܘܪܒܢܐ.,23,"Se alguém cometer uma transgressão, e pecar por ignorância nas coisas sagradas do Senhor, então trará ao Senhor, como a sua oferta pela culpa, um carneiro sem defeito, do rebanho, conforme a tua avaliação em siclos de prata, segundo o siclo do santuário, para oferta pela culpa.",47,True,True,True
5,16,Levítico 5:16,וְאֵ֣ת אֲשֶׁר֩ חָטָ֨א מִן־ הַקֹּ֜דֶשׁ יְשַׁלֵּ֗ם וְאֶת־ חֲמִֽישִׁתוֹ֙ יוֹסֵ֣ף עָלָ֔יו וְנָתַ֥ן אֹת֖וֹ לַכֹּהֵ֑ן וְהַכֹּהֵ֗ן יְכַפֵּ֥ר עָלָ֛יו בְּאֵ֥יל הָאָשָׁ֖ם וְנִסְלַ֥ח לֽוֹ ׃ פ,ואת אשר חטא מנ הקדש ישלמ ואת חמישתו יוספ עליו ונתנ אתו לכהנ והכהנ יכפר עליו באיל האשמ ונסלח לו פ,22,וית די חב מן קודשא ישלם וית חמשיה יוסף עלוהי ויתן יתיה לכהנא וכהנא יכפר עלוהי בדכרא דאשמא וישתבק ליה:,20,"καὶ ὃ ἥμαρτεν ἀπὸ τῶν ἁγίων ἀποτίσαι αὐτό, καὶ τὸ ἐπίπεμπτον προσθήσει ἐπ᾽ αὐτό, καὶ δώσει αὐτὸ τῷ ἱερεῖ· καὶ ὁ ἱερεὺς ἐξιλάσεται περὶ αὐτοῦ ἐν τῷ κριῷ τῆς πλημμελίας, καὶ ἀφεθήσεται αὐτῷ.",33,ܘܕܚܛܐ ܡܢ ܩܘܕܫܐ ܢܦܪܘܥ. ܘܚܘܡܫܗ ܢܘܣܦ ܥܠܘܗܝ. ܘܢܬܠܝܘܗܝ ܠܟܗܢܐ. ܘܟܗܢܐ ܢܚܣܐ ܥܠܘܗܝ ܒܕܟܪܐ ܕܩܘܪܒܢܐ ܘܢܫܬܒܩ ܠܗ.,16,"Assim fará restituição pelo pecado que houver cometido na coisa sagrada, e ainda lhe acrescentará a quinta parte, e a dará ao sacerdote; e com o carneiro da oferta pela culpa, o sacerdote fará expiação por ele, e ele será perdoado.",41,True,True,True
5,17,Levítico 5:17,וְאִם־ נֶ֨פֶשׁ֙ כִּ֣י תֶֽחֱטָ֔א וְעָֽשְׂתָ֗ה אַחַת֙ מִכָּל־ מִצְוֺ֣ת יְהוָ֔ה אֲשֶׁ֖ר לֹ֣א תֵעָשֶׂ֑ינָה וְלֹֽא־ יָדַ֥ע וְאָשֵׁ֖ם וְנָשָׂ֥א עֲוֺנֽוֹ ׃,ואמ נפש כי תחטא ועשתה אחת מכל מצות יהוה אשר לא תעשינה ולא ידע ואשמ ונשא עונו,18,ואם אנש ארי יחוב ויעבד חדא מכל פקודיא דיי די לא כשרין לאתעבדא ולא ידע ויחוב ויקבל חוביה:,18,"Καὶ ἡ ψυχὴ ἣ ἂν ἁμάρτῃ καὶ ποιήσῃ μίαν ἀπὸ πασῶν τῶν ἐντολῶν Κυρίου ὧν οὐ δεῖ ποιεῖν, καὶ οὐκ ἔγνω, καὶ πλημμελήσῃ καὶ λάβῃ τὴν ἁμαρτίαν,",27,ܘܐܢ ܢܦܫܐ ܬܚܛܐ. ܘܬܥܒܕ ܚܕ ܡܢ ܟܠ ܦܘܩ̈ܕܢܘܗܝ ܕܡܪܝܐ ܕܠܐ ܡܬܥܒܕܝܢ. ܘܠܐ ܝܕܥ ܕܚܛܐ. ܢܩܒܠ ܚܛܗܗ.,16,"Se alguém pecar, fazendo qualquer de todas as coisas que o Senhor ordenou que não se fizessem, ainda que não o soubesse, contudo será ele culpado, e levará a sua iniqüidade;",31,True,True,True
5,18,Levítico 5:18,וְ֠הֵבִיא אַ֣יִל תָּמִ֧ים מִן־ הַצֹּ֛אן בְּעֶרְכְּךָ֥ לְאָשָׁ֖ם אֶל־ הַכֹּהֵ֑ן וְכִפֶּר֩ עָלָ֨יו הַכֹּהֵ֜ן עַ֣ל שִׁגְגָת֧וֹ אֲשֶׁר־ שָׁגָ֛ג וְה֥וּא לֹֽא־ יָדַ֖ע וְנִסְלַ֥ח לֽוֹ ׃,והביא איל תמימ מנ הצאנ בערככ לאשמ אל הכהנ וכפר עליו הכהנ על שגגתו אשר שגג והוא לא ידע ונסלח לו,22,וייתי דכר שלים מן ענא בפרסניה לאשמא לות כהנא ויכפר עלוהי כהנא על שלותיה דאשתלי והוא לא ידע וישתבק ליה:,20,"καὶ οἴσει κριὸν ἄμωμον ἐκ τῶν προβάτων τιμῆς ἀργυρίου εἰς πλημμελίαν πρὸς τὸν ἱερέα· καὶ ἐξιλάσεται περὶ αὐτοῦ ὁ ἱερεὺς περὶ τῆς ἀγνοίας αὐτοῦ ἧς ἠγνόησεν καὶ αὐτὸς οὐκ ᾔδει, καὶ ἀφεθήσεται αὐτῷ·",33,ܘܢܝܬܐ ܕܟܪܐ ܕܠܐ ܡܘܡ ܡܢ ܥܢܐ ܒܕܡܝ̈ܐ ܩܘܪܒܢܐ ܠܟܗܢܐ. ܘܢܚܣܐ ܥܠܘܗܝ ܟܗܢܐ ܥܠ ܛܘܥܝܝ ܕܛܥܐ. ܘܗܘ ܠܐ ܝܕܥ ܘܢܫܬܒܩ ܠܗ.,20,"e como oferta pela culpa trará ao sacerdote um carneiro sem defeito, do rebanho, conforme a tua avaliação; e o sacerdote fará por ele expiação do erro que involuntariamente houver cometido sem o saber; e ele será perdoado.",38,True,True,True
5,19,Levítico 5:19,אָשָׁ֖ם ה֑וּא אָשֹׁ֥ם אָשַׁ֖ם לַיהוָֽה ׃ פ,אשמ הוא אשמ אשמ ליהוה פ,7,אשמא הוא על חובתיה דהוא חב אשמא יקרב קדם יי:,10,ἐπλημμέλησεν γὰρ πλημμέλησιν ἔναντι Κυρίου.,5,ܩܘܪܒܢܐ ܗܘ ܚܠܦ ܚܛܗܐ ܢܝܬܐ ܩܘܪܒܢܐ ܠܡܪܝܐ.,7,É oferta pela culpa; certamente ele se tornou culpado diante do Senhor.,12,True,True,True
5,20,Levítico 5:20,וַיְדַבֵּ֥ר יְהוָ֖ה אֶל־ מֹשֶׁ֥ה לֵּאמֹֽר ׃,וידבר יהוה אל משה לאמר,6,ומליל יי עם משה למימר:,5,,0,ܘܡܠܠ ܡܪܝܐ ܥܡ ܡܘܫܐ ܘܐܡܪ ܠܗ.,6,,0,True,False,True
5,21,Levítico 5:21,נֶ֚פֶשׁ כִּ֣י תֶחֱטָ֔א וּמָעֲלָ֥ה מַ֖עַל בַּיהוָ֑ה וְכִחֵ֨שׁ בַּעֲמִית֜וֹ בְּפִקָּד֗וֹן אֽוֹ־ בִתְשׂ֤וּמֶת יָד֙ א֣וֹ בְגָזֵ֔ל א֖וֹ עָשַׁ֥ק אֶת־ עֲמִיתֽוֹ ׃,נפש כי תחטא ומעלה מעל ביהוה וכחש בעמיתו בפקדונ או בתשומת יד או בגזל או עשק את עמיתו,19,אנש ארי יחוב וישקר שקר קדם יי ויכדב בחבריה בפקדונא או בשתפות ידא או בגזלא או אניס ית חבריה:,19,,0,ܢܦܫܐ ܟܕ ܬܚܛܐ ܘܬܥܠܐ ܥܘܠܐ ܒܡܪܝܐ. ܘܢܕܓܠ ܒܚܒܪܗ ܒܓܘܥܠܢܐ. ܐܘ ܒܫܘܬܦܘܬܐ ܕܐܝܕܐ. ܐܘ ܒܩܛܝܪܐ ܐܘ ܛܠܡ ܠܚܒܪܗ.,17,,0,True,False,True
5,22,Levítico 5:22,אֽוֹ־ מָצָ֧א אֲבֵדָ֛ה וְכִ֥חֶשׁ בָּ֖הּ וְנִשְׁבַּ֣ע עַל־ שָׁ֑קֶר עַל־ אַחַ֗ת מִכֹּ֛ל אֲשֶׁר־ יַעֲשֶׂ֥ה הָאָדָ֖ם לַחֲטֹ֥א בָהֵֽנָּה ׃,או מצא אבדה וכחש בה ונשבע על שקר על אחת מכל אשר יעשה האדמ לחטא בהנה,17,או אשכח אבדתא ויכדב בה ואשתבע על שקרא על חדא מכל די יעבד אנשא למיחב בהן:,16,,0,ܐܘ ܐܫܟܚ ܐܒܕܬܐ ܘܢܕܓܠ ܒܗ̇. ܘܢܐܡܐ ܒܕܓܠܘܬܐ ܥܠ ܚܕܐ ܡܢ ܟܠ ܕܥܒ̇ܕ ܐܢܫܐ ܠܡܚܛܐ ܒܗܝܢ.,15,,0,True,False,True
5,23,Levítico 5:23,וְהָיָה֮ כִּֽי־ יֶחֱטָ֣א וְאָשֵׁם֒ וְהֵשִׁ֨יב אֶת־ הַגְּזֵלָ֜ה אֲשֶׁ֣ר גָּזָ֗ל א֤וֹ אֶת־ הָעֹ֨שֶׁק֙ אֲשֶׁ֣ר עָשָׁ֔ק א֚וֹ אֶת־ הַפִּקָּד֔וֹן אֲשֶׁ֥ר הָפְקַ֖ד אִתּ֑וֹ א֥וֹ אֶת־ הָאֲבֵדָ֖ה אֲשֶׁ֥ר מָצָֽא ׃,והיה כי יחטא ואשמ והשיב את הגזלה אשר גזל או את העשק אשר עשק או את הפקדונ אשר הפקד אתו או את האבדה אשר מצא,26,ויהי ארי יחטי ויחוב ויתב ית גזלא די גזל או ית עשקא די עשק או ית פקדונא די אתפקד לותיה או ית אבדתא די אשכח:,25,,0,ܘܢܗܘܐ ܟܕ ܢܚܛܐ ܘܢܬܚܝܒ. ܢܦܢܐ ܡܕܡ ܕܫܩܠ ܒܩܛܝܪܐ. ܐܘ ܛܠܘܡܝܐ ܕܛܠܡ. ܐܘ ܓܘܥܠܢܐ ܕܐܓܥܠܘܗܝ. ܐܘ ܐܒܕܬܐ ܕܐܫܟܚ.,17,,0,True,False,True
5,24,Levítico 5:24,א֠וֹ מִכֹּ֞ל אֲשֶׁר־ יִשָּׁבַ֣ע עָלָיו֮ לַשֶּׁקֶר֒ וְשִׁלַּ֤ם אֹתוֹ֙ בְּרֹאשׁ֔וֹ וַחֲמִשִׁתָ֖יו יֹסֵ֣ף עָלָ֑יו לַאֲשֶׁ֨ר ה֥וּא ל֛וֹ יִתְּנֶ֖נּוּ בְּי֥וֹם אַשְׁמָתֽוֹ ׃,או מכל אשר ישבע עליו לשקר ושלמ אתו בראשו וחמשתיו יספ עליו לאשר הוא לו יתננו ביומ אשמתו,19,או מכל די ישתבע עלוהי לשקרא וישלם יתיה ברישיה וחמשיה יוסף עלוהי לדי הוא דיליה יתנניה ביומא דחובתיה:,18,,0,ܐܘ ܡܢ ܟܠܡܕܡ ܕܢܐܡܐ ܥܠܘܗܝ ܒܕܓܠܘܬܐ. ܢܦܪܥܝܘܗܝ ܒܩܪܢܗ ܘܚܘܡܫܗ ܢܘܣܦ ܥܠܘܗܝ. ܠܡ̇ܢ ܕܕܝܠܗ ܗܘ ܢܬܠܝܘܗܝ ܒܝܘܡܐ ܕܩܘܪܒܢܗ.,17,,0,True,False,True
5,25,Levítico 5:25,וְאֶת־ אֲשָׁמ֥וֹ יָבִ֖יא לַיהוָ֑ה אַ֣יִל תָּמִ֧ים מִן־ הַצֹּ֛אן בְּעֶרְכְּךָ֥ לְאָשָׁ֖ם אֶל־ הַכֹּהֵֽן ׃,ואת אשמו יביא ליהוה איל תמימ מנ הצאנ בערככ לאשמ אל הכהנ,13,וית אשמה ייתי לקדם יי דכר שלים מן ענא בפרסניה לאשמא לות כהנא:,13,,0,ܘܩܘܪܒܢܗ ܢܝܬܐ ܠܡܪܝܐ. ܕܟܪܐ ܕܠܐ ܡܘܡ ܡܢ ܥܢܐ ܒܕ̈ܡܝܐ. ܩܘܪܒܢܐ ܠܟܗܢܐ .,12,,0,True,False,True
5,26,Levítico 5:26,וְכִפֶּ֨ר עָלָ֧יו הַכֹּהֵ֛ן לִפְנֵ֥י יְהוָ֖ה וְנִסְלַ֣ח ל֑וֹ עַל־ אַחַ֛ת מִכֹּ֥ל אֲשֶֽׁר־ יַעֲשֶׂ֖ה לְאַשְׁמָ֥ה בָֽהּ ׃ פ,וכפר עליו הכהנ לפני יהוה ונסלח לו על אחת מכל אשר יעשה לאשמה בה פ,16,ויכפר עלוהי כהנא קדם יי וישתבק ליה על חדא מכל די יעבד למיחב בה:,14,,0,ܘܢܚܣܐ ܥܠܘܗܝ ܟܗܢܐ ܩܕܡ ܡܪܝܐ. ܘܢܫܬܒܩ ܠܗ ܥܠ ܚܕܐ ܡܢ ܟܠ ܕܥܒ̇ܕ ܐܢܫܐ ܠܡܚܛܐ ܒܗܝܢ.,15,,0,True,False,True
6,1,Levítico 6:1,וַיְדַבֵּ֥ר יְהוָ֖ה אֶל־ מֹשֶׁ֥ה לֵּאמֹֽר ׃,וידבר יהוה אל משה לאמר,6,ומליל יי עם משה למימר:,5,Καὶ ἐλάλησεν κύριος πρὸς Μωυσῆν λέγων,6,ܘܡܠܠ ܡܪܝܐ ܥܡ ܡܘܫܐ ܘܐܡܪ ܠܗ.,6,Disse ainda o Senhor a Moisés:,6,True,True,True
6,2,Levítico 6:2,צַ֤ו אֶֽת־ אַהֲרֹן֙ וְאֶת־ בָּנָ֣יו לֵאמֹ֔ר זֹ֥את תּוֹרַ֖ת הָעֹלָ֑ה הִ֣וא הָעֹלָ֡ה עַל֩ מוֹקְדָ֨ה עַל־ הַמִּזְבֵּ֤חַ כָּל־ הַלַּ֨יְלָה֙ עַד־ הַבֹּ֔קֶר וְאֵ֥שׁ הַמִּזְבֵּ֖חַ תּ֥וּקַד בּֽוֹ ׃,צו את אהרנ ואת בניו לאמר זאת תורת העלה הוא העלה על מוקדה על המזבח כל הלילה עד הבקר ואש המזבח תוקד בו,24,פקד ית אהרן וית בנוהי למימר דא אוריתא דעלתא היא עלתא על דמתוקדא על מדבחא כל ליליא עד צפרא ואשתא דמדבחא תהא יקדא ביה:,24,"Ψυχὴ ἐὰν ἁμάρτῃ καὶ παριδὼν παρίδῃ τὰς ἐντολὰς Κυρίου, καὶ ψεύσηται τὰ πρὸς τὸν πλησίον ἐν παραθήκῃ ἢ περὶ κοινωνίας ἢ περὶ ἁρπαγῆς, ἢ ἠδίκησέν τι τὸν πλησίον,",28,ܦܩܕ ܠܐܗܪܘܢ ܘܠܒܢ̈ܘܗܝ ܘܐܡܪ ܠܗܘܢ. ܗܢܘ ܢܡܘܣܐ ܕܥܠܬܐ. ܗ̇ܝ ܥܠܬܐ ܕܝܩܕܐ ܥܠ ܡܕܒܚܐ. ܟܠܗ ܠܠܝܐ ܥܕܡܐ ܠܨܦܪܐ . ܘܢܘܪܐ ܕܡܕܒܚܐ ܬܗܘܐ ܝܩܕܐ ܒܗ.,23,"Se alguém pecar e cometer uma transgressão contra o Senhor, e se houver dolosamente para com o seu próximo no tocante a um depósito, ou penhor, ou roubo, ou tiver oprimido a seu próximo;",34,True,True,True
6,3,Levítico 6:3,וְלָבַ֨שׁ הַכֹּהֵ֜ן מִדּ֣וֹ בַ֗ד וּמִֽכְנְסֵי־ בַד֮ יִלְבַּ֣שׁ עַל־ בְּשָׂרוֹ֒ וְהֵרִ֣ים אֶת־ הַדֶּ֗שֶׁן אֲשֶׁ֨ר תֹּאכַ֥ל הָאֵ֛שׁ אֶת־ הָעֹלָ֖ה עַל־ הַמִּזְבֵּ֑חַ וְשָׂמ֕וֹ אֵ֖צֶל הַמִּזְבֵּֽחַ ׃,ולבש הכהנ מדו בד ומכנסי בד ילבש על בשרו והרימ את הדשנ אשר תאכל האש את העלה על המזבח ושמו אצל המזבח,23,וילבש כהנא לבושין דבוץ ומכנסין דבוץ ילבש על בסריה ויפרש ית קטמא די תיכול אשתא ית עלתא על מדבחא וישוניה בסטר מדבחא:,22,"ἢ εὗρεν ἀπωλίαν καὶ ψεύσηται περὶ αὐτῆς, καὶ ὀμόσῃ ἀδίκως περὶ ἑνὸς ἀπὸ πάντων ὧν ἐὰν ποιήσῃ ὁ ἄνθρωπος ὥστε ἁμαρτεῖν ἐν τούτοις·",23,ܘܢܠܒܫ ܟܗܢܐ ܠܒ̈ܘܫܐ ܕܒܘܨܐ ܘܡܐ̈ܢܐ ܕܒܘܨܐ. ܢܠܒܫ ܥܠ ܒܣܪܗ. ܘܢܦܪܘܫ ܩܛܡܐ ܕܐܟܠܬ ܢܘܪܐ ܠܥܠܬܐ ܕܥܠ ܡܕܒܚܐ. ܘܢܣܝܡܝܘܗܝ ܥܠ ܓܢܒ ܡܕܒܚܐ.,20,"se achar o perdido, e nisso se houver dolosamente e jurar falso; ou se fizer qualquer de todas as coisas em que o homem costuma pecar;",26,True,True,True
6,4,Levítico 6:4,וּפָשַׁט֙ אֶת־ בְּגָדָ֔יו וְלָבַ֖שׁ בְּגָדִ֣ים אֲחֵרִ֑ים וְהוֹצִ֤יא אֶת־ הַדֶּ֨שֶׁן֙ אֶל־ מִח֣וּץ לַֽמַּחֲנֶ֔ה אֶל־ מָק֖וֹם טָהֽוֹר ׃,ופשט את בגדיו ולבש בגדימ אחרימ והוציא את הדשנ אל מחוצ למחנה אל מקומ טהור,16,וישלח ית לבושוהי וילבש לבושין אחרנין ויפק ית קטמא למברא למשריתא לאתר דכי:,13,"καὶ ἔσται ἡνίκα ἐὰν ἁμάρτῃ καὶ πλημμελήσῃ, καὶ ἀποδῷ τὸ ἅρπαγμα ὃ ἥρπασεν, ἢ τὸ ἀδίκημα ὃ ἠδίκησεν, ἢ τὴν παραθήκην ἥτις παρετέθη αὐτῷ, ἢ τὴν ἀπωλίαν ἣν εὗρεν,",29,ܘܢܫܠܚ ܟܗܢܐ ܡܐ̈ܢܘܗܝ ܘܢܠܒܫ ܡܐ̈ܢܐ ܐܚܪ̈ܢܐ. ܘܢܦܩ ܩܛܡܐ ܠܒܪ ܡܢ ܡܫܪܝܬܐ ܠܕܘܟܬܐ ܕܕܟܝܐ.,13,"se, pois, houver pecado e for culpado, restituirá o que roubou, ou o que obteve pela opressão, ou o depósito que lhe foi dado em guarda, ou o perdido que achou,",31,True,True,True
6,5,Levítico 6:5,וְהָאֵ֨שׁ עַל־ הַמִּזְבֵּ֤חַ תּֽוּקַד־ בּוֹ֙ לֹ֣א תִכְבֶּ֔ה וּבִעֵ֨ר עָלֶ֧יהָ הַכֹּהֵ֛ן עֵצִ֖ים בַּבֹּ֣קֶר בַּבֹּ֑קֶר וְעָרַ֤ךְ עָלֶ֨יהָ֙ הָֽעֹלָ֔ה וְהִקְטִ֥יר עָלֶ֖יהָ חֶלְבֵ֥י הַשְּׁלָמִֽים ׃,והאש על המזבח תוקד בו לא תכבה ובער עליה הכהנ עצימ בבקר בבקר וערכ עליה העלה והקטיר עליה חלבי השלמימ,21,ואשתא על מדבחא תהי יקדא ביה לא תטפי ויבער עלה כהנא אעיא בצפר בצפר ויסדר עלה עלתא ויסק עלה תרבי נכסת קודשיא:,22,"ἀπὸ παντὸς πράγματος οὗ ὤμοσεν περὶ αὐτοῦ ἀδίκως, καὶ ἀποτίσει αὐτὸ τὸ κεφάλαιον, καὶ τὸ πέμπτον προσθήσει ἐπ᾽ αὐτό· τίνος ἐστίν, αὐτῷ ἀποδώσει ᾗ ἡμέρᾳ ἐλεγχθῇ.",26,ܘܢܘܪܐ ܬܗܘܐ ܝܩ̇ܕܐ ܥܠ ܡܕܒܚܐ ܘܠܐ ܬܕܥܟ. ܘܢܟܫܐ ܥܠܘܗܝ ܟܗܢܐ ܩܝ̈ܣܐ ܡܢ ܨܦܪ ܠܨܦܪ. ܘܢܣܕܘܪ ܥܠܘܗܝ ܥܠܬܐ. ܘܢܣܩ ܥܠܘܗܝ ܬܪܒܐ ܕܫ̈ܠܡܐ.,21,"ou qualquer coisa sobre que jurou falso; por inteiro o restituirá, e ainda a isso acrescentará a quinta parte; a quem pertence, lho dará no dia em que trouxer a sua oferta pela culpa.",34,True,True,True
6,6,Levítico 6:6,אֵ֗שׁ תָּמִ֛יד תּוּקַ֥ד עַל־ הַמִּזְבֵּ֖חַ לֹ֥א תִכְבֶֽה ׃ ס,אש תמיד תוקד על המזבח לא תכבה ס,9,אשתא תדירא תהי יקדא על מדבחא לא תטפי:,8,καὶ τῆς πλημμελίας αὐτοῦ οἴσει τῷ κυρίῳ κριὸν ἀπὸ τῶν προβάτων ἄμωμον τιμῆς εἰς ὃ ἐπλημμέλησεν αὐτῷ.,17,ܘܢܘܪܐ ܐܡܝܢܐܝܬ ܬܗܘܐ ܝܩ̇ܕܐ ܥܠ ܡܕܒܚܐ ܘܠܐ ܬܕܥܟ.,8,"E como a sua oferta pela culpa, trará ao Senhor um carneiro sem defeito, do rebanho; conforme a tua avaliação para oferta pela culpa trá-lo-á ao sacerdote;",27,True,True,True
6,7,Levítico 6:7,וְזֹ֥את תּוֹרַ֖ת הַמִּנְחָ֑ה הַקְרֵ֨ב אֹתָ֤הּ בְּנֵֽי־ אַהֲרֹן֙ לִפְנֵ֣י יְהוָ֔ה אֶל־ פְּנֵ֖י הַמִּזְבֵּֽחַ ׃,וזאת תורת המנחה הקרב אתה בני אהרנ לפני יהוה אל פני המזבח,13,ודא אוריתא דמנחתא דיקרבון יתה בני אהרן קדם יי לקדם מדבחא:,11,"καὶ ἐξιλάσεται περὶ αὐτοῦ ὁ ἱερεὺς ἔναντι Κυρίου, καὶ ἀφεθήσεται αὐτῷ περὶ ἑνὸς ἀπὸ πάντων ὧν ἐποίησεν καὶ ἐπλημμέλησεν αὐτῷ.",20,ܘܗܢܐ ܢܡܘܣܐ ܕܣܡܝܕܐ. ܢܩܪܒܘܢܗ ܒ̈ܢܝ ܐܗܪܘܢ ܩܕܡ ܡܪܝܐ ܩܕܡ ܡܕܒܚܐ.,10,"e o sacerdote fará expiação por ele diante do Senhor, e ele será perdoado de todas as coisas que tiver feito, nas quais se tenha tornado culpado.",27,True,True,True
6,8,Levítico 6:8,וְהֵרִ֨ים מִמֶּ֜נּוּ בְּקֻמְצ֗וֹ מִסֹּ֤לֶת הַמִּנְחָה֙ וּמִשַּׁמְנָ֔הּ וְאֵת֙ כָּל־ הַלְּבֹנָ֔ה אֲשֶׁ֖ר עַל־ הַמִּנְחָ֑ה וְהִקְטִ֣יר הַמִּזְבֵּ֗חַ רֵ֧יחַ נִיחֹ֛חַ אַזְכָּרָתָ֖הּ לַיהוָֽה ׃,והרימ ממנו בקמצו מסלת המנחה ומשמנה ואת כל הלבנה אשר על המנחה והקטיר המזבח ריח ניחח אזכרתה ליהוה,19,ויפרש מניה בקמציה מסלתא דמנחתא וממשחה וית כל לבונתא די על מנחתא ויסק למדבחא לאתקבלא ברעוא אדכרתא קדם יי:,19,Καὶ ἐλάλησεν Κύριος πρὸς Μωυσῆν λέγων,6,ܘܢܦܪܘܫ ܡܢܗ ܡܠܐ ܙܘܪܗ ܡܢ ܢܫܝܦܐ ܕܣܡܝܕܐ ܘܡܢ ܡܫܚܐ. ܘܡܢ ܟܠܗ̇ ܠܒܘܢܬܐ ܕܥܠ ܣܡܝܕܐ. ܘܢܣܩ ܥܠ ܡܕܒܚܐ ܠܪܝܚ ܢܝܚܐ ܕܘܟܪܢܐ ܠܡܪܝܐ.,21,Disse mais o Senhor a Moisés:,6,True,True,True
6,9,Levítico 6:9,וְהַנּוֹתֶ֣רֶת מִמֶּ֔נָּה יֹאכְל֖וּ אַהֲרֹ֣ן וּבָנָ֑יו מַצּ֤וֹת תֵּֽאָכֵל֙ בְּמָק֣וֹם קָדֹ֔שׁ בַּחֲצַ֥ר אֹֽהֶל־ מוֹעֵ֖ד יֹאכְלֽוּהָ ׃,והנותרת ממנה יאכלו אהרנ ובניו מצות תאכל במקומ קדש בחצר אהל מועד יאכלוה,14,ודאשתאר מנה יכלון אהרן ובנוהי פטיר תתאכל באתר קדיש בדרת משכן זמנא יכלנה:,13,"Ἔντειλαι Ἀαρὼν καὶ τοῖς υἱοῖς αὐτοῦ λέγων Οὗτος ὁ νόμος τῆς ὁλοκαυτώσεως· αὐτὴ ἡ ὁλοκαύτωσις ἐπὶ τῆς καύσεως αὐτῆς ἐπὶ τοῦ θυσιαστηρίου ὅλην τὴν νύκτα ἕως τὸ πρωί, καὶ τὸ πῦρ τοῦ θυσιαστηρίου καυθήσεται ἐπ᾽ αὐτοῦ, οὐ σβεσθήσεται.",38,ܘܕܡܫܬܚܪ ܡܢܗ ܢܐܟܠܘܢ ܐܗܪܘܢ ܘܒܢ̈ܘܗܝ. ܦܛܝܪܐ ܢܬܐܟܠ. ܒܐܬܪܐ ܩܕܝܫܐ ܒܕܪܬܐ ܕܡܫܟܢ ܙܒܢܐ ܢܐܟܠܘܢܗ.,13,"Dá ordem a Arão e a seus filhos, dizendo: Esta é a lei do holocausto: o holocausto ficará a noite toda, até pela manhã, sobre a lareira do altar, e nela se conservará aceso o fogo do altar.",38,True,True,True
6,10,Levítico 6:10,לֹ֤א תֵאָפֶה֙ חָמֵ֔ץ חֶלְקָ֛ם נָתַ֥תִּי אֹתָ֖הּ מֵאִשָּׁ֑י קֹ֤דֶשׁ קָֽדָשִׁים֙ הִ֔וא כַּחַטָּ֖את וְכָאָשָֽׁם ׃,לא תאפה חמצ חלקמ נתתי אתה מאשי קדש קדשימ הוא כחטאת וכאשמ,13,לא תתאפי חמיע חלקהון יהבית יתה מקרבני קדש קודשין היא כחטאתא וכאשמא:,12,"καὶ ἐνδύσεται ὁ ἱερεὺς χιτῶνα λινοῦν, καὶ περισκελὲς λινοῦν ἐνδύσεται περὶ τὸ σῶμα αὐτοῦ, καὶ ἀφελεῖ τὴν κατακάρπωσιν ἣν ἂν καταναλώσῃ τὸ πῦρ, τὴν ὁλοκαύτωσιν ἀπὸ τοῦ θυσιαστηρίου, καὶ παραθήσει αὐτὸ ἐχόμενον τοῦ θυσιαστηρίου.",34,ܠܐ ܢܬܐܦܐ ܚܡܝܥ ܡܢܬܗܘܢ ܝܗ̇ܒܬܗ ܡܢ ܩܘܪ̈ܒܢܝ ܩܕܘܫ ܩܘܕܫ̈ܝܢ ܗܘ. ܐܝܟ ܚܛܗܐ ܘܐܝܟ ܩܘܪܒܢܐ.,14,"E o sacerdote vestirá a sua veste de linho, e vestirá as calças de linho sobre a sua carne; e levantará a cinza, quando o fogo houver consumido o holocausto sobre o altar, e a porá junto ao altar.",39,True,True,True
6,11,Levítico 6:11,כָּל־ זָכָ֞ר בִּבְנֵ֤י אַהֲרֹן֙ יֹֽאכֲלֶ֔נָּה חָק־ עוֹלָם֙ לְדֹרֹ֣תֵיכֶ֔ם מֵאִשֵּׁ֖י יְהוָ֑ה כֹּ֛ל אֲשֶׁר־ יִגַּ֥ע בָּהֶ֖ם יִקְדָּֽשׁ ׃ פ,כל זכר בבני אהרנ יאכלנה חק עולמ לדרתיכמ מאשי יהוה כל אשר יגע בהמ יקדש פ,17,כל דכורא בבני אהרן יכלנה קים עלם לדרתיכון מקרבניא דיי כל דיקרב בהון יתקדש:,14,"καὶ ἐκδύσεται τὴν στολὴν αὐτοὺ καὶ ἐνδύσεται στολὴν ἄλλην, καὶ ἐξοίσει τὴν κατακάρπωσιν ἔξω τῆς παρεμβολῆς εἰς τόπον καθαρόν.",19,ܟܠ ܕܟܪ̈ܐ ܕܒܢ̈ܝ ܐܗܪܘܢ ܢܐܟܠܘܢܗ. ܩܝܡܐ ܗܘ ܠܥܠܡ ܠܕܪ̈ܝܟܘܢ. ܡܢ ܩܘܪ̈ܒܢܘܗܝ ܕܡܪܝܐ. ܟܠ ܕܢܩܪܘܒ ܠܗܘܢ ܢܬܩܕܫ.,16,"Depois despirá as suas vestes, e vestirá outras vestes; e levará a cinza para fora do arraial a um lugar limpo.",21,True,True,True
6,12,Levítico 6:12,וַיְדַבֵּ֥ר יְהוָ֖ה אֶל־ מֹשֶׁ֥ה לֵּאמֹֽר ׃,וידבר יהוה אל משה לאמר,6,ומליל יי עם משה למימר:,5,"καὶ πῦρ ἐπὶ τὸ θυσιαστήριον καυθήσεται ἀπ᾽ αὐτοῦ, καὶ οὐ σβεσθήσεται· καὶ καύσει ὁ ἱερεὺς ἐπ᾽ αὐτὸ ξύλα τὸ πρωί, καὶ στοιβάσει ἐπ᾽ αὐτοῦ τὴν ὁλοκαύτωσιν, καὶ ἐπιθήσει ἐπ᾽ αὐτὸ τὸ στέαρ τοῦ σωτηρίου.",34,ܘܡܠܠ ܡܪܝܐ ܥܡ ܡܘܫܐ ܘܐܡܪ ܠܗ.,6,"O fogo sobre o altar se conservará aceso; não se apagará. O sacerdote acenderá lenha nele todos os dias pela manhã, e sobre ele porá em ordem o holocausto, e queimará a gordura das ofertas pacíficas.",36,True,True,True
6,13,Levítico 6:13,זֶ֡ה קָרְבַּן֩ אַהֲרֹ֨ן וּבָנָ֜יו אֲשֶׁר־ יַקְרִ֣יבוּ לַֽיהוָ֗ה בְּיוֹם֙ הִמָּשַׁ֣ח אֹת֔וֹ עֲשִׂירִ֨ת הָאֵפָ֥ה סֹ֛לֶת מִנְחָ֖ה תָּמִ֑יד מַחֲצִיתָ֣הּ בַּבֹּ֔קֶר וּמַחֲצִיתָ֖הּ בָּעָֽרֶב ׃,זה קרבנ אהרנ ובניו אשר יקריבו ליהוה ביומ המשח אתו עשירת האפה סלת מנחה תמיד מחציתה בבקר ומחציתה בערב,20,דין קרבן אהרן ובנוהי די יקרבון קדם יי ביומא דרביאו יתיה חד מן עסרא בתלת סאין סלתא מנחתא תדירא פלגותה בצפרא ופלגותה ברמשא:,23,"καὶ πῦρ διὰ παντὸς καυθήσεται ἐπὶ τὸ θυσιαστήριον, οὐ σβεσθήσεται.",10,ܗܢܘ ܩܘܪܒܢܐ ܕܐܗܪܘܢ ܘܕܒ̈ܢܘܗܝ. ܕܢܩܪܒܘܢ ܠܡܪܝܐ ܒܝܘܡܐ ܕܡܬܡܫܚ. ܚܕ ܡܢ ܥܣܪ̈ܐ ܠܣܐܬܐ. ܢܫܝܦܐ ܣܡܝܕܐ ܐܡܝܢܐܝܬ. ܦܠܓܗ ܒܨܦܪܐ ܘܦܠܓܗ ܒܪܡܫܐ ܐܡܝܢܐܝܬ.,20,O fogo se conservará continuamente aceso sobre o altar; não se apagará.,12,True,True,True
6,14,Levítico 6:14,עַֽל־ מַחֲבַ֗ת בַּשֶּׁ֛מֶן תֵּעָשֶׂ֖ה מֻרְבֶּ֣כֶת תְּבִיאֶ֑נָּה תֻּפִינֵי֙ מִנְחַ֣ת פִּתִּ֔ים תַּקְרִ֥יב רֵֽיחַ־ נִיחֹ֖חַ לַיהוָֽה ׃,על מחבת בשמנ תעשה מרבכת תביאנה תפיני מנחת פתימ תקריב ריח ניחח ליהוה,14,על מסריתא במשח תתעבד רביכא תיתנה תופיני מנחת בצועין תקרב לאתקבלא ברעוא קדם יי:,14,Οὗτος ὁ νόμος τῆς θυσίας ἣν προσάξουσιν αὐτὴν οἱ υἱοὶ Ἀαρὼν ἔναντι Κυρίου ἀπέναντι τοῦ θυσιαστηρίου·,16,ܥܠ ܛܐܓܢܐ ܒܡܫܚܐ ܢܬܥܒܕ. ܡܪܥܕܐ ܢܥܒܕܝܘܗܝ. ܘܦܘܬܝܗܝ ܠܣܡܝܕܐ ܦܬ̈ܝܢ ܦܬ̈ܝܢ. ܘܩܪܒ ܪܝܚ ܣܘܬܐ ܠܡܪܝܐ.,14,Esta é a lei da oferta de cereais: os filhos de Arão a oferecerão perante o Senhor diante do altar.,20,True,True,True
6,15,Levítico 6:15,וְהַכֹּהֵ֨ן הַמָּשִׁ֧יחַ תַּחְתָּ֛יו מִבָּנָ֖יו יַעֲשֶׂ֣ה אֹתָ֑הּ חָק־ עוֹלָ֕ם לַיהוָ֖ה כָּלִ֥יל תָּקְטָֽר ׃,והכהנ המשיח תחתיו מבניו יעשה אתה חק עולמ ליהוה כליל תקטר,12,וכהנא דמרבא תחותוהי מבנוהי יעבד יתה קים עלם קדם יי גמיר תתסק:,12,"καὶ ἀφελεῖ ἀπ᾽ αὐτοῦ τῇ δρακὶ ἀπὸ τῆς σεμιδάλεως τῆς θυσίας σὺν τῷ ἐλαίῳ αὐτῆς καὶ σὺν τῷ λιβάνῳ αὐτῆς, τὰ ὄντα ἐπὶ τῆς θυσίας, καὶ ἀνοίσει ἐπὶ τὸ θυσιαστήριον κάρπωμα· ὀσμὴ εὐωδίας, τὸ μνημόσυνον αὐτῆς τῷ κυρίῳ.",38,ܘܟܗܢܐ ܕܡܬܡܫܚ ܒܬܪܗ ܡܢ ܒܢ̈ܘܗܝ ܢܥܒܕܝܘܗܝ. ܩܝܡܐ ܠܥܠܡ ܠܡܪܝܐ ܡܫܡܠܝܐܝܬ ܬܣܩ.,11,"O sacerdote tomará dela um punhado, isto é, da flor de farinha da oferta de cereais e do azeite da mesma, e todo o incenso que estiver sobre a oferta de cereais, e os queimará sobre o altar por cheiro suave ao Senhor, como o memorial da oferta.",48,True,True,True
6,16,Levítico 6:16,וְכָל־ מִנְחַ֥ת כֹּהֵ֛ן כָּלִ֥יל תִּהְיֶ֖ה לֹ֥א תֵאָכֵֽל ׃ פ,וכל מנחת כהנ כליל תהיה לא תאכל פ,9,וכל מנחתא דכהנא גמיר תהי לא תתאכל:,7,"τὸ δὲ καταλειφθὲν ἀπ᾽ αὐτῆς ἔδεται Ἀαρὼν καὶ οἱ υἱοὶ αὐτοῦ· ἄζυμα βρωθήσεται ἐν τόπῳ ἁγίῳ, ἐν αὐλῇ τῆς σκηνῆς τοῦ μαρτυρίου ἔδονται αὐτήν.",24,ܘܟܘܠܗ ܣܡܝܕܐ ܕܟܗܢܐ. ܡܫܡܠܝܐܝܬ ܢܗܘܐ ܘܠܐ ܢܬܐܟܠ.,7,E Arão e seus filhos comerão o restante dela; comê-lo-ão sem fermento em lugar santo; no átrio da tenda da revelação o comerão.,23,True,True,True
6,17,Levítico 6:17,וַיְדַבֵּ֥ר יְהוָ֖ה אֶל־ מֹשֶׁ֥ה לֵּאמֹֽר ׃,וידבר יהוה אל משה לאמר,6,ומליל יי עם משה למימר:,5,"οὐ πεφθήσεται ἐζυμωμένη· μερίδα αὐτὴν ἔδωκα αὐτοῖς ἀπὸ τῶν καρπωμάτων Κυρίου· ἅγια ἁγίων, ὥσπερ τὸ τῆς ἁμαρτίας καὶ ὥσπερ τὸ τῆς πλημμελίας.",22,ܘܡܠܠ ܡܪܝܐ ܥܡ ܡܘܫܐ ܘܐܡܪ ܠܗ.,6,"Levedado não se cozerá. Como a sua porção das minhas ofertas queimadas lho tenho dado; coisa santíssima é, como a oferta pelo pecado, e como a oferta pela culpa.",29,True,True,True
6,18,Levítico 6:18,דַּבֵּ֤ר אֶֽל־ אַהֲרֹן֙ וְאֶל־ בָּנָ֣יו לֵאמֹ֔ר זֹ֥את תּוֹרַ֖ת הַֽחַטָּ֑את בִּמְק֡וֹם אֲשֶׁר֩ תִּשָּׁחֵ֨ט הָעֹלָ֜ה תִּשָּׁחֵ֤ט הַֽחַטָּאת֙ לִפְנֵ֣י יְהוָ֔ה קֹ֥דֶשׁ קָֽדָשִׁ֖ים הִֽוא ׃,דבר אל אהרנ ואל בניו לאמר זאת תורת החטאת במקומ אשר תשחט העלה תשחט החטאת לפני יהוה קדש קדשימ הוא,21,מלל עם אהרן ועם בנוהי למימר דא אוריתא דחטאתא באתר די תתנכס עלתא תתנכס חטאתא קדם יי קדש קודשין היא:,20,πᾶν ἀρσενικὸν τῶν ἱερέων ἔδονται αὐτήν· νόμιμον αἰώνιον εἰς τὰς γενεὰς ὑμῶν ἀπὸ τῶν καρπωμάτων Κυρίου· πᾶς ὃς ἐὰν ἅψηται αὐτῶν ἁγιασθήσεται.,22,ܡܠܠ ܥܡ ܐܗܪܘܢ ܘܥܡ ܒ̈ܢܘܗܝ ܘܐܡܪ ܠܗܘܢ. ܗܢܘ ܢܡܘܣܐ ܕܚܛܗܐ. ܒܐܬܪܐ ܕܡܬܢܟܣܐ ܥܠܬܐ ܢܬܢܟܣ ܚܛܗܐ ܩܕܡ ܡܪܝܐ. ܩܕܘܫ ܩܘܕܫ̈ܝܢ ܗܘ.,20,"Todo varão entre os filhos de Arão comerá dela, como a sua porção das ofertas queimadas do Senhor; estatuto perpétuo será para as vossas gerações; tudo o que as tocar será santo.",32,True,True,True
6,19,Levítico 6:19,הַכֹּהֵ֛ן הַֽמְחַטֵּ֥א אֹתָ֖הּ יֹאכֲלֶ֑נָּה בְּמָק֤וֹם קָדֹשׁ֙ תֵּֽאָכֵ֔ל בַּחֲצַ֖ר אֹ֥הֶל מוֹעֵֽד ׃,הכהנ המחטא אתה יאכלנה במקומ קדש תאכל בחצר אהל מועד,11,כהנא דמכפר בדמה ייכלנה באתר קדיש תתאכל בדרת משכן זמנא:,10,Καὶ ἐλάλησεν Κύριος πρὸς Μωυσῆν λέγων,6,ܘܟܗܢܐ ܕܡܕܟܐ ܠܗ ܢܐܟܠܝܘܗܝ. ܒܐܬܪܐ ܩܕܝܫܐ ܢܬܐܟܠ. ܒܕܪܬܐ ܕܡܫܟܢܙܒܢܐ.,9,Disse mais o Senhor a Moisés:,6,True,True,True
6,20,Levítico 6:20,כֹּ֛ל אֲשֶׁר־ יִגַּ֥ע בִּבְשָׂרָ֖הּ יִקְדָּ֑שׁ וַאֲשֶׁ֨ר יִזֶּ֤ה מִדָּמָהּ֙ עַל־ הַבֶּ֔גֶד אֲשֶׁר֙ יִזֶּ֣ה עָלֶ֔יהָ תְּכַבֵּ֖ס בְּמָק֥וֹם קָדֹֽשׁ ׃,כל אשר יגע בבשרה יקדש ואשר יזה מדמה על הבגד אשר יזה עליה תכבס במקומ קדש,17,כל די יקרב בבסרה יתקדש ודי ידי מדמה על לבוש די ידי עלה תתחור באתר קדיש:,16,"Τοῦτο τὸ δῶρον Ἀαρὼν καὶ τῶν υἱῶν αὐτοῦ ὃ προσοίσουσιν Κυρίῳ ἐν τῇ ἡμέρᾳ ᾗ ἂν χρίσῃς αὐτόν, τὸ δέκατον τοῦ οἰφὶ σεμιδάλεως εἰς θυσίαν διὰ παντός, τὸ ἥμισυ αὐτῆς τὸ πρωὶ καὶ τὸ ἥμισυ αὐτῆς τὸ δειλινόν.",38,ܟܠ ܕܢܩܪܘܒ ܠܒܣܪܗ ܢܬܩܕܫ. ܘܕܢܪܘܣ ܡܢ ܕܡܗ ܥܠ ܡܐܢܐ. ܡܐܢܐ ܕܡܬܪܣܣ ܥܠܘܗܝ. ܢܬܚܠܠ ܒܐܬܪܐ ܩܕܝܫܐ.,15,"Esta é a oferta de Arão e de seus filhos, a qual oferecerão ao Senhor no dia em que ele for ungido: a décima parte duma efa de flor de farinha, como oferta de cereais, perpetuamente, a metade dela pela amanhã, e a outra metade à tarde.",47,True,True,True
6,21,Levítico 6:21,וּכְלִי־ חֶ֛רֶשׂ אֲשֶׁ֥ר תְּבֻשַּׁל־ בּ֖וֹ יִשָּׁבֵ֑ר וְאִם־ בִּכְלִ֤י נְחֹ֨שֶׁת֙ בֻּשָּׁ֔לָה וּמֹרַ֥ק וְשֻׁטַּ֖ף בַּמָּֽיִם ׃,וכלי חרש אשר תבשל בו ישבר ואמ בכלי נחשת בשלה ומרק ושטפ במימ,14,ומן דחסף די תתבשל ביה יתבר ואם במנא דנחשא תתבשל ויתמרק וישתטף במיא:,13,"ἐπὶ τηγάνου ἐν ἐλαίῳ ποιηθήσεται, πεφυραμένην οἴσει αὐτήν, ἑλικτά, θυσίαν ἐκ κλασμάτων, θυσίαν ὀσμὴν εὐωδίας Κυρίῳ.",16,ܘܡܐܢܐ ܕܦܚܪܐ ܐܝܢܐ ܕܡܬܒܫܠ ܒܗ ܢܬܬܒܪ. ܘܐܢ ܒܡܐܢܐ ܕܢܚܫܐ ܢܬܒܫܠ. ܢܬܡܪܩ ܘܢܬܬܫܝܓ ܒܡ̈ܝܐ.,13,Numa assadeira se fará com azeite; bem embebida a trarás; em pedaços cozidos oferecerás a oferta de cereais por cheiro suave ao Senhor.,23,True,True,True
6,22,Levítico 6:22,כָּל־ זָכָ֥ר בַּכֹּהֲנִ֖ים יֹאכַ֣ל אֹתָ֑הּ קֹ֥דֶשׁ קָֽדָשִׁ֖ים הִֽוא ׃,כל זכר בכהנימ יאכל אתה קדש קדשימ הוא,9,כל דכורא בכהניא יכול יתה קדש קודשין היא:,8,"ὁ ἱερεὺς ὁ χριστὸς ἀντ᾽ αὐτοῦ ἐκ τῶν υἱῶν αὐτοῦ ποιήσει αὐτήν· νόμος αἰώνιος, ἅπαν ἐπιτελεσθήσεται.",16,ܟܠ ܕܟܪ̈ܐ ܕܒܢ̈ܝ ܐܗܪܘܢ ܢܐܟܠܘܢܗ. ܡܛܠ ܕܩܕܘܫ ܩܘ̈ܕܫܝܢ ܗܘ.,9,"Também o sacerdote que, de entre seus filhos, for ungido em seu lugar, a oferecerá; por estatuto perpétuo será ela toda queimada ao Senhor.",24,True,True,True
6,23,Levítico 6:23,וְכָל־ חַטָּ֡את אֲשֶׁר֩ יוּבָ֨א מִדָּמָ֜הּ אֶל־ אֹ֧הֶל מוֹעֵ֛ד לְכַפֵּ֥ר בַּקֹּ֖דֶשׁ לֹ֣א תֵאָכֵ֑ל בָּאֵ֖שׁ תִּשָּׂרֵֽף ׃ פ,וכל חטאת אשר יובא מדמה אל אהל מועד לכפר בקדש לא תאכל באש תשרפ פ,16,וכל חטאתא די יתעל מדמה למשכן זמנא לכפרא בקודשא לא תתאכל בנורא תתוקד:,13,"καὶ πᾶσα θυσία ἱερέως ὁλόκαυτος ἔσται, καὶ οὐ βρωθήσεται.",9,ܘܟܘܠ ܚܛܗܐ ܕܥܐ̇ܠ ܡܢ ܕܡܗ ܠܡܫܟܢܙܒܢܐ. ܠܡܚܣܝܘ ܒܩܘܕܫܐ ܠܐ ܢܬܐܟܠ. ܐܠܐ ܒܢܘܪܐ ܢܐܩܕ.,13,Assim toda oferta de cereais do sacerdote será totalmente queimada; não se comerá.,13,True,True,True
6,24,Levítico 6:24,,,0,,0,Καὶ ἐλάλησεν Κύριος πρὸς Μωυσῆν λέγων,6,,0,Disse mais o Senhor a Moisés:,6,False,True,False
6,25,Levítico 6:25,,,0,,0,Λάλησον Ἀαρὼν καὶ τοῖς υἱοῖς αὐτοῦ λέγων Οὗτος ὁ νόμος τῆς ἁμαρτίας· ἐν τόπῳ οὗ σφάζουσιν τὸ ὁλοκαύτωμα σφάξουσιν τὰ περὶ τῆς ἁμαρτίας ἔναντι Κυρίου· ἅγια ἁγίων ἐστίν.,28,,0,"Fala a Arão e a seus filhos, dizendo: Esta é a lei da oferta pelo pecado: no lugar em que se imola o holocausto se imolará a oferta pelo pecado perante o Senhor; coisa santíssima é.",36,False,True,False
6,26,Levítico 6:26,,,0,,0,"ὁ ἱερεὺς ὁ ἀναφέρων αὐτὴν ἔδεται αὐτήν· ἐν τόπῳ ἁγίῳ βρωθήσεται, ἐν αὐλῇ τῆς σκηνῆς τοῦ μαρτυρίου.",17,,0,"O sacerdote que a oferecer pelo pecado a comerá; comê-la-á em lugar santo, no átrio da tenda da revelação.",19,False,True,False
6,27,Levítico 6:27,,,0,,0,"πᾶς ὁ ἁπτόμενος τῶν κρεῶν αὐτῆς ἁγιασθήσεται· καὶ ᾧ ἐὰν ἐπιραντισθῇ ἀπὸ τοῦ αἵματος αὐτῆς ἐπὶ τὸ ἱμάτιον, ὃς ἐὰν ῥαντισθῇ ἐπ᾽ αὐτό, πλυθήσεται ἐν τόπῳ ἁγίῳ.",27,,0,"Tudo o que tocar a carne da oferta será santo; e quando o sangue dela for espargido sobre qualquer roupa, lavarás em lugar santo a roupa sobre a qual ele tiver sido espargido.",33,False,True,False
6,28,Levítico 6:28,,,0,,0,"καὶ σκεῦος ὀστράκινον οὗ ἐὰν ἑψεθῇ ἐν αὐτῷ συντριβήσεται· ἐὰν δὲ ἐν σκεύει χαλκῷ ἑψεθῇ, ἐκτρίψει αὐτὸ καὶ ἐκκλύσει ὕδατι.",20,,0,"Mas o vaso de barro em que for cozida será quebrado; e se for cozida num vaso de bronze, este será esfregado, e lavado, na água.",26,False,True,False
6,29,Levítico 6:29,,,0,,0,πᾶς ἄρσην ἐν τοῖς ἱερεῦσιν φάγεται αὐτά· ἅγια ἁγίων ἐστὶν Κυρίου.,11,,0,Todo varão entre os sacerdotes comerá dela; coisa santíssima é.,10,False,True,False
6,30,Levítico 6:30,,,0,,0,"καὶ πάντα τὰ περὶ τῆς ἁμαρτίας ὧν ἐὰν εἰσενεχθῇ ἀπὸ τοῦ αἵματος αὐτῶν εἰς τὴν σκηνὴν τοῦ μαρτυρίου ἐξιλάσασθαι ἐν τῷ ἁγίῳ, οὐ βρωθήσεται, ἐν πυρὶ κατακαυθήσεται.",27,,0,"Contudo não se comerá nenhuma oferta pelo pecado, da qual uma parte do sangue é trazida dentro da tenda da revelação, para fazer expiação no lugar santo; no fogo será queimada.",31,False,True,False
6,31,Levítico 6:31,,,0,,0,Καὶ οὗτος ὁ νόμος τοῦ κριοῦ τοῦ περὶ τῆς πλημμελίας· ἅγια ἁγίων ἐστίν.,13,,0,,0,False,True,False
6,32,Levítico 6:32,,,0,,0,"ἐν τόπῳ οὗ σφάζουσιν τὸ ὁλοκαύτωμα σφάξουσιν τὸν κριὸν τῆς πλημμελίας ἔναντι Κυρίου, καὶ τὸ αἷμα προσχεεῖ ἐπὶ τὴν βάσιν τοῦ θυσιαστηρίου κύκλῳ·",23,,0,,0,False,True,False
6,33,Levítico 6:33,,,0,,0,"καὶ πᾶν τὸ στὲαρ αὐτοῦ προσοίσει ἀπ᾽ αὐτοῦ, καὶ τὴν ὀσφὺν καὶ πᾶν τὸ στέαρ τὸ κατακαλὺπτον τὰ ἐνδόσθια καὶ πᾶν τὸ στέαρ τὸ ἐπὶ τῶν ἐνδοσθίων,",27,,0,,0,False,True,False
6,34,Levítico 6:34,,,0,,0,"καὶ τοὺς δύο νεφροὺς καὶ τὸ στέαρ τὸ ἐπ᾽ αὐτῶν, τὸ ἐπὶ τῶν μηρίων, καὶ τὸν λοβὸν τὸν ἐπὶ τοῦ ἥπατος, σὺν τοῖς νεφροῖς περιελεῖ αὐτά·",26,,0,,0,False,True,False
6,35,Levítico 6:35,,,0,,0,καὶ ἀνοίσει αὐτὰ ὁ ἱερεὺς ἐπὶ τὸ θυσιαστήριον κάρπωμα τῷ κυρίῳ· περὶ πλημμελίας ἐστίν.,14,,0,,0,False,True,False
6,36,Levítico 6:36,,,0,,0,"πᾶς ἄρσην ἐκ τῶν ἱερέων ἔδεται αὐτά, ἐν τόπῳ ἁγίῳ ἔδονται αὐτά· ἅγια ἁγίων ἐστίν.",15,,0,,0,False,True,False
6,37,Levítico 6:37,,,0,,0,"ὥσπερ τὸ περὶ τῆς ἁμαρτίας, οὕτω καὶ τὸ τῆς πλημμελίας, νόμος εἷς αὐτῶν· ὁ ἱερεὺς ὅστις ἐξιλάσεται, ἐν αὐτῷ ἔσται.",20,,0,,0,False,True,False
6,38,Levítico 6:38,,,0,,0,"καὶ ὁ ἱερεὺς ὁ προσάγων ὁλοκαύτωμα ἀνθρώπου, τὸ δέρμα τῆς ὁλοκαυτώσεως ἧς αὐτὸς προσφέρει αὐτῷ ἔσται.",16,,0,,0,False,True,False
6,39,Levítico 6:39,,,0,,0,"καὶ πᾶσα θυσία ἥτις ποιηθήσεται ἐν τῷ κλιβάνῳ, καὶ πᾶσα ἥτις ποιηθήσεται ἐπ᾽ ἐσχάρας ἢ ἐπὶ τηγάνου, τοῦ ἱερέως τοῦ προσφέροντος αὐτήν, αὐτῷ ἔσται.",24,,0,,0,False,True,False
6,40,Levítico 6:40,,,0,,0,"καὶ πᾶσα θυσία ἀναπεποιημένη ἐν ἐλαίῳ καὶ μὴ ἀναπεποιημένη πᾶσι τοῖς υἱοῖς Ἀαρὼν ἔσται, ἑκάστῳ τὸ ἴσον.",17,,0,,0,False,True,False
7,1,Levítico 7:1,וְזֹ֥את תּוֹרַ֖ת הָאָשָׁ֑ם קֹ֥דֶשׁ קָֽדָשִׁ֖ים הֽוּא ׃,וזאת תורת האשמ קדש קדשימ הוא,7,ודא אוריתא דאשמא קדש קודשין הוא:,6,Οὗτος ὁ νόμος θυσίας σωτηρίου ἣν προσοίσουσιν Κυρίῳ.,8,ܗܢܘ ܢܡܘܣܐ ܕܩܘܪܒܢܐ. ܩܕܘܫ ܩܘܕܫܝ̈ܢ ܗܘ.,6,Esta é a lei da oferta pela culpa: coisa santíssima é.,11,True,True,True
7,2,Levítico 7:2,בִּמְק֗וֹם אֲשֶׁ֤ר יִשְׁחֲטוּ֙ אֶת־ הָ֣עֹלָ֔ה יִשְׁחֲט֖וּ אֶת־ הָאָשָׁ֑ם וְאֶת־ דָּמ֛וֹ יִזְרֹ֥ק עַל־ הַמִּזְבֵּ֖חַ סָבִֽיב ׃,במקומ אשר ישחטו את העלה ישחטו את האשמ ואת דמו יזרק על המזבח סביב,15,באתרא די יכסון ית עלתא יכסון ית אשמא וית דמיה יזרק על מדבחא סחור סחור:,15,"ἐὰν μὲν περὶ αἰνέσεως προσφέρῃ αὐτήν, καὶ προσοίσει ἐπὶ τῆς θυσίας τῆς αἰνέσεως ἄρτους ἐκ σεμιδάλεως ἀναπεποιημένους ἐν ἐλαίῳ, λάγανα ἄζυμα διακεχρισμένα ἐν ἐλαίῳ, καὶ σεμίδαλιν πεφυραμένην ἐν ἐλαίῳ·",29,ܒܐܬܪܐ ܕܢܟܣܝܢ ܝܩܕܐ ܫܠܡܐ. ܢܟܣܘܢ ܩܘܪܒܢܐ. ܘܕܡܗ ܢܪܣܘܢ ܥܠ ܡܕܒܚܐ ܟܕ ܚܕܪ.,12,"No lugar em que imolam o holocausto, imolarão a oferta pela culpa, e o sangue dela se espargirá sobre o altar em redor.",23,True,True,True
7,3,Levítico 7:3,וְאֵ֥ת כָּל־ חֶלְבּ֖וֹ יַקְרִ֣יב מִמֶּ֑נּוּ אֵ֚ת הָֽאַלְיָ֔ה וְאֶת־ הַחֵ֖לֶב הַֽמְכַסֶּ֥ה אֶת־ הַקֶּֽרֶב ׃,ואת כל חלבו יקריב ממנו את האליה ואת החלב המכסה את הקרב,13,וית כל תרביה יפרש מניה ית אליתא וית תרבא דחפי ית גוא:,12,ἐπ᾽ ἄρτοις ζυμίταις προσοίσει τὰ δῶρα αὐτοῦ ἐπὶ θυσίᾳ αἰνέσεως σωτηρίου.,11,ܘܟܠܗ ܬܪܒܗ ܢܩܪܒ ܡܢܗ. ܐܠܝܬܐ ܘܚܠܒܐ ܕܩܪܝܡ ܠܓܘܝܐ.,8,"Dela se oferecerá toda a gordura: a cauda gorda, e a gordura que cobre a fressura,",16,True,True,True
7,4,Levítico 7:4,וְאֵת֙ שְׁתֵּ֣י הַכְּלָיֹ֔ת וְאֶת־ הַחֵ֨לֶב֙ אֲשֶׁ֣ר עֲלֵיהֶ֔ן אֲשֶׁ֖ר עַל־ הַכְּסָלִ֑ים וְאֶת־ הַיֹּתֶ֨רֶת֙ עַל־ הַכָּבֵ֔ד עַל־ הַכְּלָיֹ֖ת יְסִירֶֽנָּה ׃,ואת שתי הכלית ואת החלב אשר עליהנ אשר על הכסלימ ואת היתרת על הכבד על הכלית יסירנה,18,וית תרתין כלין וית תרבא די עליהן די על גססיא וית חצרא דעל כבדא על כליתא יעדנה:,17,"καὶ προσάξει ἓν ἀπὸ πάντων τῶν δώρων αὐτοῦ ἀφαίρεμα Κυρίῳ· τῷ ἱερεῖ τῷ προσχέοντι τὸ αἷμα τοῦ σωτηρίου, αὐτῷ ἔσται·",20,ܘܬܪܬܝ̈ܢ ܟܘܠܝ̈ܢ ܘܬܪܒܗܝܢ. ܘܚܨܪ ܟܒܕܐ ܥܡ ܟܘܠܝ̈ܬܐ ܢܥܒܕܝܗ.,8,"os dois rins e a gordura que está sobre eles, e a que está junto aos lombos, e o redenho sobre o fígado, juntamente com os rins, os tirará;",29,True,True,True
7,5,Levítico 7:5,וְהִקְטִ֨יר אֹתָ֤ם הַכֹּהֵן֙ הַמִּזְבֵּ֔חָה אִשֶּׁ֖ה לַיהוָ֑ה אָשָׁ֖ם הֽוּא ׃,והקטיר אתמ הכהנ המזבחה אשה ליהוה אשמ הוא,9,ויסק יתהון כהנא למדבחא קרבנא קדם יי אשמא הוא:,9,"καὶ τὰ κρέα θυσίας αἰνέσεως σωτηρίου, αὐτῷ ἔσται· καὶ ἐν ᾗ ἡμέρᾳ δωρεῖται, βρωθήσεται, οὐ καταλείψουσιν ἀπ᾽ αὐτοῦ εἰς τὸ πρωί.",21,ܘܢܣܩ ܐܢܘܢ ܟܗܢܐ ܠܡܕܒܚܐ ܩܘܪܒܢܐ ܠܡܪܝܐ. ܚܛܗܐ ܗܘ.,8,e o sacerdote os queimará sobre o altar em oferta queimada ao Senhor; é uma oferta pela culpa.,18,True,True,True
7,6,Levítico 7:6,כָּל־ זָכָ֥ר בַּכֹּהֲנִ֖ים יֹאכְלֶ֑נּוּ בְּמָק֤וֹם קָדוֹשׁ֙ יֵאָכֵ֔ל קֹ֥דֶשׁ קָֽדָשִׁ֖ים הֽוּא ׃,כל זכר בכהנימ יאכלנו במקומ קדוש יאכל קדש קדשימ הוא,11,כל דכורא בכהניא ייכלניה באתר קדיש יתאכל קדש קודשין הוא:,10,"κἂν εὐχὴν ἢ ἑκούσιον θυσιάζῃ τὸ δῶρον αὐτοῦ, ᾗ ἂν ἡμέρᾳ προσαγάγῃ τὴν θυσίαν αὐτοῦ, βρωθήσεται, καὶ τῇ αὔριον·",19,ܟܠ ܕܟܪܐ ܕܒܢ̈ܝ ܐܗܪܘܢ ܢܐܟܠܘܢܗ. ܒܐܬܪܐ ܩܕܝܫܐ ܢܬܐܟܠ. ܩܕܘܫ ܩܘܕܫܝ̈ܢ ܗܘ.,11,Todo varão entre os sacerdotes comerá dela; num lugar santo se comerá; coisa santíssima é.,15,True,True,True
7,7,Levítico 7:7,כַּֽחַטָּאת֙ כָּֽאָשָׁ֔ם תּוֹרָ֥ה אַחַ֖ת לָהֶ֑ם הַכֹּהֵ֛ן אֲשֶׁ֥ר יְכַפֶּר־ בּ֖וֹ ל֥וֹ יִהְיֶֽה ׃,כחטאת כאשמ תורה אחת להמ הכהנ אשר יכפר בו לו יהיה,12,כחטאתא כאשמא אוריתא חדא להון כהנא די יכפר ביה דיליה יהא:,11,καὶ τὸ καταλειφθὲν ἀπὸ τῶν κρεῶν τῆς θυσίας ἕως ἡμέρας τρίτης ἐν πυρὶ κατακαυθήσεται.,14,ܐܝܟ ܚܛܗܐ ܗܟܢܐ ܩܘܪܒܢܐ. ܢܡܘܣܐ ܚܕ ܢܗܘܐ ܠܟܘܢ. ܘܟܗܢܐ ܕܡܚܣܐ ܒܗ ܠܗ ܢܗܘܐ.,13,"Como é a oferta pelo pecado, assim será a oferta pela culpa; há uma só lei para elas, a saber, pertencerá ao sacerdote que com ela houver feito expiação.",29,True,True,True
7,8,Levítico 7:8,וְהַ֨כֹּהֵ֔ן הַמַּקְרִ֖יב אֶת־ עֹ֣לַת אִ֑ישׁ ע֤וֹר הָֽעֹלָה֙ אֲשֶׁ֣ר הִקְרִ֔יב לַכֹּהֵ֖ן ל֥וֹ יִהְיֶֽה ׃,והכהנ המקריב את עלת איש עור העלה אשר הקריב לכהנ לו יהיה,13,וכהנא דמקרב ית עלת גבר משך עלתא די יקרב לכהנא דיליה יהא:,12,"ἐὰν δὲ φαγὼν φάγῃ ἀπὸ τῶν κρεῶν τῇ ἡμέρᾳ τῇ τρίτῃ, οὐ δεχθήσεται αὐτῷ τῷ προσφέροντι αὐτό, οὐ λογισθήσεται αὐτῷ, μίασμά ἐστιν· ἡ δὲ ψυχὴ ἥτις ἐὰν φάγῃ ἀπ᾽ αὐτοῦ τὴν ἁμαρτίαν λήμψεται.",33,ܘܟܗܢܐ ܕܡܩܪܒ ܚܠܦ ܚܛܗܗ ܕܓܒܪܐ ܝܩܕܐ ܫܠܡܐ. ܡܫܟܗ ܕܝܩܕܐ ܫܠܡܐ ܕܡܩܪܒ ܠܟܗܢܐ ܢܗܘܐ.,13,Também o sacerdote que oferecer o holocausto de alguém terá para si o couro do animal que tiver oferecido.,19,True,True,True
7,9,Levítico 7:9,וְכָל־ מִנְחָ֗ה אֲשֶׁ֤ר תֵּֽאָפֶה֙ בַּתַּנּ֔וּר וְכָל־ נַעֲשָׂ֥ה בַמַּרְחֶ֖שֶׁת וְעַֽל־ מַחֲבַ֑ת לַכֹּהֵ֛ן הַמַּקְרִ֥יב אֹתָ֖הּ ל֥וֹ תִֽהְיֶֽה ׃,וכל מנחה אשר תאפה בתנור וכל נעשה במרחשת ועל מחבת לכהנ המקריב אתה לו תהיה,16,וכל מנחתא די תתאפי בתנורא וכל דתתעבד ברדתא ועל מסריתא לכהנא דמקרב יתה דיליה תהא:,15,"καὶ κρέα ὅσα ἐὰν ἅψηται παντὸς ἀκαθάρτου, οὐ βρωθήσεται, ἐν πυρὶ κατακαυθήσεται· πᾶς καθαρὸς φάγεται κρέα.",16,ܘܟܠܗ ܣܡܝܕܐ ܕܡܬܐܦܐ ܒܬܢܘܪܐ ܘܟܠ ܕܡܬܥܒܕ ܒܛܪܛܩܠ ܘܥܠ ܛܐܓܢܐ. ܠܟܗܢܐ ܕܡܩܪܒ ܠܗ ܢܗܘܐ.,13,"Igualmente toda oferta de cereais que se assar ao forno, como tudo o que se preparar na frigideira e na assadeira, pertencerá ao sacerdote que a oferecer.",27,True,True,True
7,10,Levítico 7:10,וְכָל־ מִנְחָ֥ה בְלוּלָֽה־ בַשֶּׁ֖מֶן וַחֲרֵבָ֑ה לְכָל־ בְּנֵ֧י אַהֲרֹ֛ן תִּהְיֶ֖ה אִ֥ישׁ כְּאָחִֽיו ׃ פ,וכל מנחה בלולה בשמנ וחרבה לכל בני אהרנ תהיה איש כאחיו פ,13,וכל מנחתא דפילא במשח ודלא פילא לכל בני אהרן תהי גבר כאחוהי:,12,"ἡ δὲ ψυχὴ ἥτις ἐὰν φάγῃ ἀπὸ τῶν κρεῶν τῆς θυσίας τοῦ σωτηρίου ὅ ἐστιν Κυρίου, καὶ ἡ ἀκαθαρσία αὐτοῦ ἐπ᾽ αὐτοῦ· ἀπολεῖται ἡ ψυχὴ ἐκείνη ἐκ τοῦ λαοῦ αὐτῆς.",30,ܘܟܠ ܣܡܝܕܐ ܕܡܬܦܝܠ ܒܡܫܚܐ ܘܕܝܒܝܫ. ܠܟܠܗܘܢ ܒܢ̈ܝ ܐܗܪܘܢ ܢܗܘܐ. ܠܐܢܫ ܐܝܟ ܕܡܛܐ ܠܗ.,13,"Também toda oferta de cereais, seja ela amassada com azeite, ou seja seca, pertencerá a todos os filhos de Arão, tanto a um como a outro.",26,True,True,True
7,11,Levítico 7:11,וְזֹ֥את תּוֹרַ֖ת זֶ֣בַח הַשְּׁלָמִ֑ים אֲשֶׁ֥ר יַקְרִ֖יב לַיהוָֽה ׃,וזאת תורת זבח השלמימ אשר יקריב ליהוה,8,ודא אוריתא דנכסת קודשיא די יקרב קדם יי:,8,"καὶ ψυχὴ ἣ ἂν ἅψηται παντὸς πράγματος ἀκαθάρτου, ἢ ἀπὸ ἀκαθαρσίας ἀνθρώπου ἢ τῶν τετραπόδων τῶν ἀκαθάρτων ἢ παντὸς βδελύγματος ἀκαθάρτου, καὶ φάγῃ ἀπὸ τῶν κρεῶν τῆς θυσίας τοῦ σωτηρίου ὅ ἐστιν Κυρίου, ἀπολεῖται ἡ ψυχὴ ἐκείνη ἐκ τοῦ λαοῦ αὐτῆς.",41,ܗܢܘ ܢܡܘܣܐ ܕܕܒܚܐ ܕܥܠܬܐ. ܕܡܬܩܪܒ ܠܡܪܝܐ.,6,Esta é a lei do sacrifício das ofertas pacíficas que se oferecerá ao Senhor:,14,True,True,True
7,12,Levítico 7:12,אִ֣ם עַל־ תּוֹדָה֮ יַקְרִיבֶנּוּ֒ וְהִקְרִ֣יב ׀ עַל־ זֶ֣בַח הַתּוֹדָ֗ה חַלּ֤וֹת מַצּוֹת֙ בְּלוּלֹ֣ת בַּשֶּׁ֔מֶן וּרְקִיקֵ֥י מַצּ֖וֹת מְשֻׁחִ֣ים בַּשָּׁ֑מֶן וְסֹ֣לֶת מֻרְבֶּ֔כֶת חַלֹּ֖ת בְּלוּלֹ֥ת בַּשָּֽׁמֶן ׃,אמ על תודה יקריבנו והקריב על זבח התודה חלות מצות בלולת בשמנ ורקיקי מצות משחימ בשמנ וסלת מרבכת חלת בלולת בשמנ,23,אם על תודתא יקרבניה ויקרב על נכסת תודתא גריצן פטירן דפילן במשח ואספוגין פטירין דמשיחין במשח וסלתא רביכא גריצן דפילן במשח:,21,Καὶ ἐλάλησεν Κύριος πρὸς Μωυσῆν λέγων,6,ܐܢ ܥܠ ܬܘܕܝܬܐ ܢܩܪܒܝܘܗܝ. ܢܩܪܒ ܥܠ ܕܒܚܐ ܕܬܘܕܝܬܗ. ܚܚ̈ܪܬܐ ܦܛܝ̈ܪܬܐ ܕܦܝ̈ܠܢ ܒܡܫܚܐ. ܘܠܓ̈ܢܐ ܦܛܝ̈ܪܐ ܕܡܫܝܚܝܢ ܒܡܫܚܐ. ܢܫܝܦܐ ܕܡܪܥܕ ܚܚ̈ܪܬܐ ܕܦܝ̈ܠܢ ܒܡܫܚܐ.,21,"Se alguém o oferecer por oferta de ação de graças, com o sacrifício de ação de graças oferecerá bolos ázimos amassados com azeite, e coscorões ázimos untados com azeite, e bolos amassados com azeite, de flor de farinha, bem embebidos.",40,True,True,True
7,13,Levítico 7:13,עַל־ חַלֹּת֙ לֶ֣חֶם חָמֵ֔ץ יַקְרִ֖יב קָרְבָּנ֑וֹ עַל־ זֶ֖בַח תּוֹדַ֥ת שְׁלָמָֽיו ׃,על חלת לחמ חמצ יקריב קרבנו על זבח תודת שלמיו,11,על גריצן דלחם חמיע יקרב קרבניה על נכסת תודת קודשוהי:,10,Λάλησον τοῖς υἱοῖς Ἰσραήλ Πᾶν στέαρ βοῶν καὶ προβάτων καὶ αἰγῶν οὐκ ἔδεσθε.,13,ܥܠ ܚܚܘܪܬܐ ܕܠܚܡܐ. ܚܡܝܥܐ ܢܩܪܒ ܩܘܪܒܢܗ ܥܠ ܕܒܚܐ ܕܥܠܬܐ ܕܬܘܕܝܬܗ.,10,"Com os bolos oferecerá pão levedado como sua oferta, com o sacrifício de ofertas pacíficas por ação de graças.",19,True,True,True
7,14,Levítico 7:14,וְהִקְרִ֨יב מִמֶּ֤נּוּ אֶחָד֙ מִכָּל־ קָרְבָּ֔ן תְּרוּמָ֖ה לַיהוָ֑ה לַכֹּהֵ֗ן הַזֹּרֵ֛ק אֶת־ דַּ֥ם הַשְּׁלָמִ֖ים ל֥וֹ יִהְיֶֽה ׃,והקריב ממנו אחד מכל קרבנ תרומה ליהוה לכהנ הזרק את דמ השלמימ לו יהיה,15,ויקרב מניה חד מכל קורבן אפרשותא קדם יי לכהנא דיזרק ית דם נכסת קודשיא דיליה יהי:,16,"καὶ στέαρ θνησιμαίων καὶ θηριάλωτον ποιηθήσεται εἰς πᾶν ἔργον, καὶ εἰς βρῶσιν οὐ βρωθήσεται·",14,ܘܕܢܩܪܒ ܚܕ ܡܢ ܗܠܝܢ ܟܠܗܘܢ ܩܘܪ̈ܒܢܐ ܦܘܪ̈ܫܢܐ ܠܡܪܝܐ. ܠܟܗܢܐ ܕܪܐ̇ܣ ܕܡܐ ܕܥܠܬܐ ܠܗ ܢܗܘܐ.,14,"E dele oferecerá um de cada oferta por oferta alçada ao Senhor, o qual pertencerá ao sacerdote que espargir o sangue da oferta pacífica.",24,True,True,True
7,15,Levítico 7:15,וּבְשַׂ֗ר זֶ֚בַח תּוֹדַ֣ת שְׁלָמָ֔יו בְּי֥וֹם קָרְבָּנ֖וֹ יֵאָכֵ֑ל לֹֽא־ יַנִּ֥יחַ מִמֶּ֖נּוּ עַד־ בֹּֽקֶר ׃,ובשר זבח תודת שלמיו ביומ קרבנו יאכל לא יניח ממנו עד בקר,13,ובסר נכסת תודת קודשוהי ביום קרבניה יתאכל לא יצנע מניה עד צפרא:,12,"πᾶς ὁ ἔσθων στέαρ ἀπὸ τῶν κτηνῶν ὧν προσάξει αὐτῶν κάρπωμα Κυρίου, ἀπολεῖται ἡ ψυχὴ ἐκείνη ἀπὸ τοῦ λαοῦ αὐτῆς.",20,ܘܒܣܪܐ ܕܕܒܚܐ ܕܥܠܬܐ ܕܬܘܕܝܬܗ. ܒܝܘܡܐ ܕܡܩܪܒ ܠܗ ܢܬܐܟܠ. ܘܠܐ ܢܫܬܒܩ ܡܢܗ ܡܕܡ ܠܨܦܪܐ .,14,"Ora, a carne do sacrifício de ofertas pacíficas por ação de graças se comerá no dia do seu oferecimento; nada se deixará dela até pela manhã.",26,True,True,True
7,16,Levítico 7:16,וְאִם־ נֶ֣דֶר ׀ א֣וֹ נְדָבָ֗ה זֶ֚בַח קָרְבָּנ֔וֹ בְּי֛וֹם הַקְרִיב֥וֹ אֶת־ זִבְח֖וֹ יֵאָכֵ֑ל וּמִֽמָּחֳרָ֔ת וְהַנּוֹתָ֥ר מִמֶּ֖נּוּ יֵאָכֵֽל ׃,ואמ נדר או נדבה זבח קרבנו ביומ הקריבו את זבחו יאכל וממחרת והנותר ממנו יאכל,17,ואם נדרא או נדבתא נכסת קרבניה ביומא די יקרב ית נכסתיה יתאכל וביומא דבתרוהי ודאשתאר מניה יתאכל:,17,πᾶν αἷμα οὐκ ἔδεσθε ἐν πάσῃ τῇ γῇ κατοικίᾳ ὑμῶν ἀπό τε τῶν πετεινῶν καὶ ἀπὸ τῶν κτηνῶν.,18,ܘܐܢ ܢܕܪܐ ܗܘ ܐܘ ܦܘܪܫܢܐ ܕܒܚܐ ܕܩܘܪܒܢܗ. ܒܝܘܡܐ ܕܡܬܩܪܒ ܕܒܚܐ ܢܬܐܟܠ. ܐܦ ܠܝܘܡܐ ܐܚܪܢܐ ܡܕܡ ܕܝ̇ܬܪ ܡܢܗ ܬܘܒ ܢܬܐܟܠ.,19,"Se, porém, o sacrifício da sua oferta for voto, ou oferta voluntária, no dia em que for oferecido se comerá, e no dia seguinte se comerá o que dele ficar;",30,True,True,True
7,17,Levítico 7:17,וְהַנּוֹתָ֖ר מִבְּשַׂ֣ר הַזָּ֑בַח בַּיּוֹם֙ הַשְּׁלִישִׁ֔י בָּאֵ֖שׁ יִשָּׂרֵֽף ׃,והנותר מבשר הזבח ביומ השלישי באש ישרפ,8,ודאשתאר מבסר נכסתא ביומא תליתאה בנורא יתוקד:,7,"πᾶσα ψυχὴ ἣ ἂν φάγῃ αἷμα, ἀπολεῖται ἡ ψυχὴ ἐκείνη ἀπὸ τοῦ λαοῦ αὐτῆς.",14,ܘܡܕܡ ܕܡܫܬܚܪ ܡܢ ܒܣܪܐ ܕܕܒܚܐ ܠܝܘܡܐ ܕܬܠܬܐ ܒܢܘܪܐ ܢܐܩܕ.,9,mas o que ainda ficar da carne do sacrifício até o terceiro dia será queimado no fogo.,17,True,True,True
7,18,Levítico 7:18,וְאִ֣ם הֵאָכֹ֣ל יֵ֠אָכֵל מִבְּשַׂר־ זֶ֨בַח שְׁלָמָ֜יו בַּיּ֣וֹם הַשְּׁלִישִׁי֮ לֹ֣א יֵרָצֶה֒ הַמַּקְרִ֣יב אֹת֗וֹ לֹ֧א יֵחָשֵׁ֛ב ל֖וֹ פִּגּ֣וּל יִהְיֶ֑ה וְהַנֶּ֛פֶשׁ הָאֹכֶ֥לֶת מִמֶּ֖נּוּ עֲוֺנָ֥הּ תִּשָּֽׂא ׃,ואמ האכל יאכל מבשר זבח שלמיו ביומ השלישי לא ירצה המקריב אתו לא יחשב לו פגול יהיה והנפש האכלת ממנו עונה תשא,23,ואם אתאכלא יתאכל מבסר נכסת קודשוהי ביומא תליתאה לא יהא לרעוא דמקרב יתיה לא יתחשב ליה מרחק יהא ואנש דתיכול מניה חוביה יקבל:,23,Καὶ ἐλάλησεν Κύριος πρὸς Μωυσῆν λέγων,6,ܘܐܢ ܡܬܐܟܠܘ ܢܬܐܟܠ ܡܢ ܒܣܪܐ ܕܕܒܚܐ ܕܥܠܬܐ ܠܝܘܡܐ ܕܬܠܬܐ ܠܐ ܢܬܩܒܠ. ܘܡ̇ܢ ܕܡܩܪܒ ܠܗ. ܠܐ ܢܬܚܫܒ ܠܗ. ܐܠܐ ܢܗܘܐ ܡܣܠܝܐ. ܘܢܦܫܐ ܕܬܐܟܘܠ ܡܢܗ. ܚܛܝܬܐ ܬܩܒܠ.,25,"Se alguma parte da carne do sacrifício da sua oferta pacífica se comer ao terceiro dia, aquele sacrifício não será aceito, nem será imputado àquele que o tiver oferecido; coisa abominável será, e quem dela comer levará a sua iniqüidade.",40,True,True,True
7,19,Levítico 7:19,וְהַבָּשָׂ֞ר אֲשֶׁר־ יִגַּ֤ע בְּכָל־ טָמֵא֙ לֹ֣א יֵֽאָכֵ֔ל בָּאֵ֖שׁ יִשָּׂרֵ֑ף וְהַ֨בָּשָׂ֔ר כָּל־ טָה֖וֹר יֹאכַ֥ל בָּשָֽׂר ׃,והבשר אשר יגע בכל טמא לא יאכל באש ישרפ והבשר כל טהור יאכל בשר,15,ובסר קודשא די יקרב בכל מסאב לא יתאכל בנורא יתוקד ובסר קודשא כל די דכי לקודשא ייכול בסר קודשא:,19,Καὶ τοῖς υἱοῖς Ἰσραὴλ λαλήσεις λέγων Ὁ προσφέρων θυσίαν σωτηρίου Κυρίῳ οἴσει τὸ δῶρον αὐτοῦ Κυρίῳ καὶ ἀπὸ τῆς θυσίας τοῦ σωτηρίου·,22,ܘܒܣܪܐ ܕܢܩܪܘܒ ܠܟܠܡܕܡ ܕܛܡܐ ܠܐ ܢܬܐܟܠ. ܐܠܐ ܒܢܘܪܐ ܢܐܩܕ. ܘܟܠ ܕܕܟܐ ܢܐܟܘܠ ܒܣܪܐ.,13,"A carne que tocar alguma coisa imunda não se comerá; será queimada no fogo; mas da outra carne, qualquer que estiver limpo comerá dela;",24,True,True,True
7,20,Levítico 7:20,וְהַנֶּ֜פֶשׁ אֲשֶׁר־ תֹּאכַ֣ל בָּשָׂ֗ר מִזֶּ֤בַח הַשְּׁלָמִים֙ אֲשֶׁ֣ר לַיהוָ֔ה וְטֻמְאָת֖וֹ עָלָ֑יו וְנִכְרְתָ֛ה הַנֶּ֥פֶשׁ הַהִ֖וא מֵעַמֶּֽיהָ ׃,והנפש אשר תאכל בשר מזבח השלמימ אשר ליהוה וטמאתו עליו ונכרתה הנפש ההוא מעמיה,15,ואנש די תיכול בסרא מנכסת קודשיא די קדם יי וסובתיה עלוהי וישתיצי אנשא ההיא מעמה:,15,"αἱ χεῖρες αὐτοῦ προσοίσουσιν τὰ καρπώματα Κυρίῳ· τὸ στέαρ τὸ ἐπὶ τοῦ στηθυνίου καὶ τὸν λοβὸν τοῦ ἥπατος, προσοίσει αὐτὰ ὥστε ἐπιθεῖναι δόμα ἔναντι Κυρίου.",25,ܘܢܦܫܐ ܕܬܐܟܘܠ ܡܢ ܒܣܪܐ ܕܕܒܚܐ. ܫܠܡܐ ܕܡܪܝܐ ܟܕ ܛܡܐܘܬܗ ܥܠܘܗܝ. ܬܐܒܕ ܢܦܫܐ ܗ̇ܝ ܡܢ ܥܡܗ̇.,15,"todavia, se alguma pessoa, estando imunda, comer a carne do sacrifício da oferta pacífica, que pertence ao Senhor, essa pessoa será extirpada do seu povo.",25,True,True,True
7,21,Levítico 7:21,וְנֶ֜פֶשׁ כִּֽי־ תִגַּ֣ע בְּכָל־ טָמֵ֗א בְּטֻמְאַ֤ת אָדָם֙ א֣וֹ ׀ בִּבְהֵמָ֣ה טְמֵאָ֗ה א֚וֹ בְּכָל־ שֶׁ֣קֶץ טָמֵ֔א וְאָכַ֛ל מִבְּשַׂר־ זֶ֥בַח הַשְּׁלָמִ֖ים אֲשֶׁ֣ר לַיהוָ֑ה וְנִכְרְתָ֛ה הַנֶּ֥פֶשׁ הַהִ֖וא מֵעַמֶּֽיהָ ׃ פ,ונפש כי תגע בכל טמא בטמאת אדמ או בבהמה טמאה או בכל שקצ טמא ואכל מבשר זבח השלמימ אשר ליהוה ונכרתה הנפש ההוא מעמיה פ,27,ואנש ארי תקרב בכל מסאב בסואבת אנשא או בבעירא מסאבא או בכל שקצא מסאב וייכול מבסר נכסת קודשיא די קדם יי וישתיצי אנשא ההיא מעמה:,25,"καὶ ἀνοίσει ὁ ἱερεὺς τὸ στέαρ ἐπὶ τοῦ θυσιαστηρίου, καὶ ἔσται τὸ στηθύνιον Ἀαρὼν καὶ ἔσται τοῖς υἱοῖς αὐτοῦ.",19,ܘܢܦܫܐ ܟܕ ܬܩܪܘܒ ܒܟܠܗ̇ ܛܡܐܘܬܐ ܕܐܢܫܐ. ܐܘ ܒܒܥܝܪ̈ܐ ܛܡܐܬܐ. ܐܘ ܒܟܠ ܪܚܫܐ ܛܡܐܐ. ܘܢܐܟܘܠ ܡܢ ܒܣܪܐ ܕܕܒܚܐ ܕܥܠܬܐ ܕܡܪܝܐ. ܬܐܒܕ ܢܦܫܐ ܗ̇ܝ ܡܢ ܥܡܗ̇.,24,"E, se alguma pessoa, tendo tocado alguma coisa imunda, como imundícia de homem, ou gado imundo, ou qualquer abominação imunda, comer da carne do sacrifício da oferta pacífica, que pertence ao Senhor, essa pessoa será extirpada do seu povo.",39,True,True,True
7,22,Levítico 7:22,וַיְדַבֵּ֥ר יְהוָ֖ה אֶל־ מֹשֶׁ֥ה לֵּאמֹֽר ׃,וידבר יהוה אל משה לאמר,6,ומליל יי עם משה למימר:,5,καὶ τὸν βραχίονα τὸν δεξιὸν δώσετε ἀφαίρεμα τῷ ἱερεῖ ἀπὸ τῶν θυσιῶν τοῦ σωτηρίου ὑμῶν·,15,ܘܡܠܠ ܡܪܝܐ ܥܡ ܡܘܫܐ ܘܐܡܪ ܠܗ.,6,Depois disse o Senhor a Moisés:,6,True,True,True
7,23,Levítico 7:23,דַּבֵּ֛ר אֶל־ בְּנֵ֥י יִשְׂרָאֵ֖ל לֵאמֹ֑ר כָּל־ חֵ֜לֶב שׁ֥וֹר וְכֶ֛שֶׂב וָעֵ֖ז לֹ֥א תֹאכֵֽלוּ ׃,דבר אל בני ישראל לאמר כל חלב שור וכשב ועז לא תאכלו,13,מליל עם בני ישראל למימר כל תרב תור ואמר ועזא לא תיכלון:,12,"ὁ προσφέρων τὸ αἷμα τοῦ σωτηρίου καὶ τὸ στέαρ τὸ ἀπὸ τῶν υἱῶν Ἀαρών, αὐτῷ ἔσται ὁ βραχίων ὁ δεξιὸς ἐν μερίδι.",22,ܡܠܠ ܥܡ ܒܢ̈ܝ ܐܝܣܪܝܠ ܘܐܡܪ ܠܗܘܢ. ܟܠ ܬܪܒܐ ܕܬܘܪ̈ܐ ܘܕܐܡܪ̈ܐ ܘܕܥܙ̈ܐ ܠܐ ܬܐܟܠܘܢ.,13,"Fala aos filhos de Israel, dizendo: Nenhuma gordura de boi, nem de carneiro, nem de cabra comereis.",17,True,True,True
7,24,Levítico 7:24,וְחֵ֤לֶב נְבֵלָה֙ וְחֵ֣לֶב טְרֵפָ֔ה יֵעָשֶׂ֖ה לְכָל־ מְלָאכָ֑ה וְאָכֹ֖ל לֹ֥א תֹאכְלֻֽהוּ ׃,וחלב נבלה וחלב טרפה יעשה לכל מלאכה ואכל לא תאכלהו,11,ותרב נבילא ותרב תבירא יתעבד לכל עבדתא ומיכל לא תיכלניה:,10,"τὸ γὰρ στηθύνιον τοῦ ἐπιθέματος καὶ τὸν βραχίονα τοῦ ἀφαιρέματος εἴληφα παρὰ τῶν υἱῶν Ἰσραὴλ ἀπὸ τῶν θυσιῶν τοῦ σωτηρίου ὑμῶν, καὶ ἔδωκα αὐτὰ Ἀαρὼν τῷ ἱερεῖ καὶ τοῖς υἱοῖς αὐτοῦ, νόμιμον αἰώνιον παρὰ τῶν υἱῶν Ἰσραήλ.",37,ܘܬܪܒܐ ܕܦܓܪܐ ܘܬܪܒܐ ܕܐܝܕܐ ܕܐܟܝܠܐ ܠܚܝܘܬܐ. ܢܬܥܒܕ ܠܟܠ ܥܒܕ ܘܡܐܟܠ ܠܐ ܬܐܟܠܘܢܗ.,12,"Todavia pode-se usar a gordura do animal que morre por si mesmo, e a gordura do que é dilacerado por feras, para qualquer outro fim; mas de maneira alguma comereis dela.",31,True,True,True
7,25,Levítico 7:25,כִּ֚י כָּל־ אֹכֵ֣ל חֵ֔לֶב מִן־ הַ֨בְּהֵמָ֔ה אֲשֶׁ֨ר יַקְרִ֥יב מִמֶּ֛נָּה אִשֶּׁ֖ה לַיהוָ֑ה וְנִכְרְתָ֛ה הַנֶּ֥פֶשׁ הָאֹכֶ֖לֶת מֵֽעַמֶּֽיהָ ׃,כי כל אכל חלב מנ הבהמה אשר יקריב ממנה אשה ליהוה ונכרתה הנפש האכלת מעמיה,16,ארי כל דיכול תרבא מן בעירא די יקרבון מנה קרבנא קדם יי וישתיצי אנשא די תיכול מעמה:,17,"Αὕτη ἡ χρίσις Ἀαρὼν καὶ ἡ χρίσις τῶν υἱῶν αὐτοῦ ἀπὸ τῶν καρπωμάτων Κυρίου, ἐν ᾗ ἡμέρᾳ προσηγάγετο αὐτοὺς τοῦ ἱερατεύειν τῷ κυρίῳ,",23,ܡܛܠ ܕܟܠ ܡ̇ܢ ܕܢܐܟܘܠ ܬܪܒܐ. ܡܢ ܒܥܝܪܐ ܕܡܬܩܪܒ ܡܢܗ̇ ܩܘܪܒܢܐ ܠܡܪܝܐ. ܬܐܒܕ ܢܦܫܐ ܗ̇ܝ ܕܐܟ̇ܠܐ ܡܢ ܥܡܗ̇.,17,"Pois quem quer que comer da gordura do animal, do qual se oferecer oferta queimada ao Senhor, sim, a pessoa que dela comer será extirpada do seu povo.",28,True,True,True
7,26,Levítico 7:26,וְכָל־ דָּם֙ לֹ֣א תֹאכְל֔וּ בְּכֹ֖ל מוֹשְׁבֹתֵיכֶ֑ם לָע֖וֹף וְלַבְּהֵמָֽה ׃,וכל דמ לא תאכלו בכל מושבתיכמ לעופ ולבהמה,9,וכל דמא לא תיכלון בכל מותבניכון דעופא ודבעירא:,8,καθὰ ἐνετείλατο Κύριος δοῦναι αὐτοῖς ᾗ ἡμέρᾳ ἔχρισεν αὐτοὺς παρὰ τῶν υἱῶν Ἰσραήλ· νόμιμον αἰώνιον εἰς τὰς γενεὰς αὐτῶν.,19,ܘܟܠ ܕܡܐ ܠܐ ܬܐܟܠܘܢ ܒܟܠܗ ܒܝܬ ܡܥܡܪܟܘܢ. ܕܦܪܚܬܐ ܘܕܒܥܝܪ̈ܐ.,9,"E nenhum sangue comereis, quer de aves, quer de gado, em qualquer das vossas habitações.",15,True,True,True
7,27,Levítico 7:27,כָּל־ נֶ֖פֶשׁ אֲשֶׁר־ תֹּאכַ֣ל כָּל־ דָּ֑ם וְנִכְרְתָ֛ה הַנֶּ֥פֶשׁ הַהִ֖וא מֵֽעַמֶּֽיהָ ׃ פ,כל נפש אשר תאכל כל דמ ונכרתה הנפש ההוא מעמיה פ,12,כל אנשא די תיכול כל דמא וישתיצי אנשא ההיא מעמה:,10,"οὗτος ὁ νόμος τῶν ὁλοκαυτωμάτων καὶ θυσίας καὶ περὶ ἁμαρτίας καὶ τῆς πλημμελίας καὶ τῆς τελειώσεως καὶ τῆς θυσίας τοῦ σωτηρίου,",21,ܟܠ ܢܦܫܐ ܕܬܐܟܘܠ ܕܡܐ. ܬܐܒܕ ܢܦܫܐ ܗ̇ܝ ܡܢ ܥܡܗ̇.,9,Toda pessoa que comer algum sangue será extirpada do seu povo.,11,True,True,True
7,28,Levítico 7:28,וַיְדַבֵּ֥ר יְהוָ֖ה אֶל־ מֹשֶׁ֥ה לֵּאמֹֽר ׃,וידבר יהוה אל משה לאמר,6,ומליל יי עם משה למימר:,5,"ὃν τρόπον ἐνετείλατο Κύριος τῷ Μωυσῇ ἐν τῷ ὄρει Σεινά, ᾗ ἡμέρᾳ ἐνετείλατο τοῖς υἱοῖς Ἰσραὴλ προσφέρειν τὰ δῶρα αὐτῶν ἔναντι Κυρίου ἐν τῇ ἐρήμῳ Σεινά.",26,ܘܡܠܠ ܡܪܝܐ ܥܡ ܡܘܫܐ ܘܐܡܪ ܠܗ.,6,Disse mais o Senhor a Moisés:,6,True,True,True
7,29,Levítico 7:29,דַּבֵּ֛ר אֶל־ בְּנֵ֥י יִשְׂרָאֵ֖ל לֵאמֹ֑ר הַמַּקְרִ֞יב אֶת־ זֶ֤בַח שְׁלָמָיו֙ לַיהוָ֔ה יָבִ֧יא אֶת־ קָרְבָּנ֛וֹ לַיהוָ֖ה מִזֶּ֥בַח שְׁלָמָֽיו ׃,דבר אל בני ישראל לאמר המקריב את זבח שלמיו ליהוה יביא את קרבנו ליהוה מזבח שלמיו,17,מליל עם בני ישראל למימר דמקרב ית נכסת קודשוהי קדם יי ייתי ית קרבניה לקדם יי מנכסת קודשוהי:,18,,0,ܡܠܠ ܥܡ ܒܢ̈ܝ ܐܝܣܪܝܠ ܘܐܡܪ ܠܗܘܢ. ܡ̇ܢ ܕܡܩܪܒ ܕܒܚܐ ܫܠܡܐ ܠܡܪܝܐ. ܢܝܬܐ ܩܘܪܒܢܗ ܠܡܪܝܐ ܡܢ ܕܒܚܐ ܕܥܠܬܐ.,17,"Fala aos filhos de Israel, dizendo: Quem oferecer sacrifício de oferta pacífica ao Senhor trará ao Senhor a respectiva oblação da sua oferta pacífica.",24,True,False,True
7,30,Levítico 7:30,יָדָ֣יו תְּבִיאֶ֔ינָה אֵ֖ת אִשֵּׁ֣י יְהוָ֑ה אֶת־ הַחֵ֤לֶב עַל־ הֶֽחָזֶה֙ יְבִיאֶ֔נּוּ אֵ֣ת הֶחָזֶ֗ה לְהָנִ֥יף אֹת֛וֹ תְּנוּפָ֖ה לִפְנֵ֥י יְהוָֽה ׃,ידיו תביאינה את אשי יהוה את החלב על החזה יביאנו את החזה להניפ אתו תנופה לפני יהוה,18,ידוהי תיתון ית קרבניא דיי ית תרבא על חדיא ייתניה ית חדיא לארמא יתיה ארומא קדם יי:,17,,0,ܐ̈ܝܕܘܗܝ ܢܝ̈ܬܝܢ ܩܘܪܒܢܗ ܕܡܪܝܐ. ܬܪܒܐ ܕܥܠ ܚܕܝܐ ܢܝܬܐ. ܘܢܥܐ ܕܡܬܦܪܫ ܦܘܪܫܢܐ ܩܕܡ ܡܪܝܐ.,13,"Com as próprias mãos trará as ofertas queimadas do Senhor; o peito com a gordura trará, para movê-lo por oferta de movimento perante o Senhor.",25,True,False,True
7,31,Levítico 7:31,וְהִקְטִ֧יר הַכֹּהֵ֛ן אֶת־ הַחֵ֖לֶב הַמִּזְבֵּ֑חָה וְהָיָה֙ הֶֽחָזֶ֔ה לְאַהֲרֹ֖ן וּלְבָנָֽיו ׃,והקטיר הכהנ את החלב המזבחה והיה החזה לאהרנ ולבניו,10,ויסק כהנא ית תרבא למדבחא ויהי חדיא לאהרן ולבנוהי:,9,,0,ܘܢܣܩ ܟܗܢܐ ܬܪܒܐ ܠܡܕܒܚܐ. ܘܢܗܘܐ ܢܥܐ ܠܐܗܪܘܢ ܘܠܒܢ̈ܘܗܝ.,8,"E o sacerdote queimará a gordura sobre o altar, mas o peito pertencerá a Arão e a seus filhos.",19,True,False,True
7,32,Levítico 7:32,וְאֵת֙ שׁ֣וֹק הַיָּמִ֔ין תִּתְּנ֥וּ תְרוּמָ֖ה לַכֹּהֵ֑ן מִזִּבְחֵ֖י שַׁלְמֵיכֶֽם ׃,ואת שוק הימינ תתנו תרומה לכהנ מזבחי שלמיכמ,9,וית שוקא דימינא תתנון אפרשותא לכהנא מנכסת קודשיכון:,8,,0,ܘܫܩܐ ܕܝܡܝܢܐ ܬܬܠܘܢ ܦܘܪܫܢܐ ܠܡܪܝܐ. ܡܢ ܕܒܚܝ̈ܟܘܢ ܫ̈ܠܡܐ .,9,"E dos sacrifícios das vossas ofertas pacíficas, dareis a coxa direita ao sacerdote por oferta alçada.",16,True,False,True
7,33,Levítico 7:33,הַמַּקְרִ֞יב אֶת־ דַּ֧ם הַשְּׁלָמִ֛ים וְאֶת־ הַחֵ֖לֶב מִבְּנֵ֣י אַהֲרֹ֑ן ל֧וֹ תִהְיֶ֛ה שׁ֥וֹק הַיָּמִ֖ין לְמָנָֽה ׃,המקריב את דמ השלמימ ואת החלב מבני אהרנ לו תהיה שוק הימינ למנה,14,דמקרב ית דם נכסת קודשיא וית תרבא מבני אהרן דיליה תהי שוקא דימינא לחלק:,14,,0,ܕܡܩܪܒ ܕܡܐ ܘܬܪܒܐ ܕܥܠܬܐ ܡܢ ܒܢ̈ܝ ܐܗܪܘܢ ܠܗ ܬܗܘܐ ܡܢܬܐ ܫܩܐ ܕܝܡܝܢܐ.,12,"Aquele dentre os filhos de Arão que oferecer o sangue da oferta pacífica, e a gordura, esse terá a coxa direita por sua porção;",24,True,False,True
7,34,Levítico 7:34,כִּי֩ אֶת־ חֲזֵ֨ה הַתְּנוּפָ֜ה וְאֵ֣ת ׀ שׁ֣וֹק הַתְּרוּמָ֗ה לָקַ֨חְתִּי֙ מֵאֵ֣ת בְּנֵֽי־ יִשְׂרָאֵ֔ל מִזִּבְחֵ֖י שַׁלְמֵיהֶ֑ם וָאֶתֵּ֣ן אֹ֠תָם לְאַהֲרֹ֨ן הַכֹּהֵ֤ן וּלְבָנָיו֙ לְחָק־ עוֹלָ֔ם מֵאֵ֖ת בְּנֵ֥י יִשְׂרָאֵֽל ׃,כי את חזה התנופה ואת שוק התרומה לקחתי מאת בני ישראל מזבחי שלמיהמ ואתנ אתמ לאהרנ הכהנ ולבניו לחק עולמ מאת בני ישראל,25,ארי ית חדיא דארמותא וית שוקא דאפרשותא נסבית מן בני ישראל מנכסת קודשיהון ויהבית יתהון לאהרן כהנא ולבנוהי לקים עלם מן בני ישראל:,23,,0,ܡܛܠ ܕܚܕܝܐ ܕܦܘܪܫܢܐ ܘܫܩܐ ܕܦܘܪܫܢܐ. ܢܣ̇ܒܬ ܡܢ ܒܢ̈ܝ ܐܝܣܪܐܝܠ ܡܢ ܕܒܚܝ̈ܗܘܢ ܫ̈ܠܡܐ. ܘܝܗ̇ܒܬ ܐܢܘܢ ܠܐܗܪܘܢ ܟܗܢܐ ܘܠܒܢ̈ܘܗܝ. ܩܝܡܐ ܠܥܠܡ ܡܢ ܠܘܬ ܒܢ̈ܝ ܐܝܣܪܝܠ.,23,"porque o peito movido e a coxa alçada tenho tomado dos filhos de Israel, dos sacrifícios das suas ofertas pacíficas, e os tenho dado a Arão, o sacerdote, e a seus filhos, como sua porção, para sempre, da parte dos filhos de Israel.",43,True,False,True
7,35,Levítico 7:35,זֹ֣את מִשְׁחַ֤ת אַהֲרֹן֙ וּמִשְׁחַ֣ת בָּנָ֔יו מֵאִשֵּׁ֖י יְהוָ֑ה בְּיוֹם֙ הִקְרִ֣יב אֹתָ֔ם לְכַהֵ֖ן לַיהוָֽה ׃,זאת משחת אהרנ ומשחת בניו מאשי יהוה ביומ הקריב אתמ לכהנ ליהוה,13,דא רבות אהרן ורבות בנוהי מקרבניא דיי ביומא דיקרבון יתהון לשמשא קדם יי:,13,,0,ܗܕܐ ܗܝ ܡܫܝܚܘܬܐ ܕܐܗܪܘܢ. ܘܡܫܝܚܘܬܐ ܕܒܢ̈ܘܗܝ ܡܢ ܩܘܪ̈ܒܢܘܗܝ ܕܡܪܝܐ. ܒܝܘܡܐ ܕܡܬܩܪܒ ܠܡܫܡܫܘ ܠܡܪܝܐ.,13,"Esta é a porção sagrada de Arão e a porção sagrada de seus filhos, das ofertas queimadas do Senhor, desde o dia em que ele os apresentou para administrar o sacerdócio ao Senhor;",33,True,False,True
7,36,Levítico 7:36,אֲשֶׁר֩ צִוָּ֨ה יְהוָ֜ה לָתֵ֣ת לָהֶ֗ם בְּיוֹם֙ מָשְׁח֣וֹ אֹתָ֔ם מֵאֵ֖ת בְּנֵ֣י יִשְׂרָאֵ֑ל חֻקַּ֥ת עוֹלָ֖ם לְדֹרֹתָֽם ׃,אשר צוה יהוה לתת להמ ביומ משחו אתמ מאת בני ישראל חקת עולמ לדרתמ,15,די פקיד יי למתן להון ביומא דרבי יתהון מן בני ישראל קים עלם לדריהון:,14,,0,ܕܦܩܕ ܡܪܝܐ ܠܡܬܠ ܠܗܘܢ ܡܢ ܒܢ̈ܝ ܐܝܣܪܝܠ. ܒܝܘܡܐ ܕܡܫܚ ܐܢܘܢ ܩܝܡܐ ܠܥܠܡ ܠܕܪ̈ܝܗܘܢ.,13,"a qual o Senhor, no dia em que os ungiu, ordenou que se lhes desse da parte dos filhos de Israel; é a sua porção para sempre, pelas suas gerações.",30,True,False,True
7,37,Levítico 7:37,זֹ֣את הַתּוֹרָ֗ה לָֽעֹלָה֙ לַמִּנְחָ֔ה וְלַֽחַטָּ֖את וְלָאָשָׁ֑ם וְלַ֨מִּלּוּאִ֔ים וּלְזֶ֖בַח הַשְּׁלָמִֽים ׃,זאת התורה לעלה למנחה ולחטאת ולאשמ ולמלואימ ולזבח השלמימ,10,דא אוריתא לעלתא למנחתא ולחטאתא ולאשמא ולקרבניא ולנכסת קודשיא:,9,,0,ܗܢܐ ܢܡܘܣܐ ܕܝܩܕܐ ܕܥܠܬܐ. ܘܠܣܡܝܕܐ ܘܠܚܛܗܐ ܘܠܩܘܪܒܢܐ. ܘܠܫܘܡܠܝܐ ܘܠܕܒܚܐ ܕܥܠܬܐ.,10,"Esta é a lei do holocausto, da oferta de cereais, da oferta pelo pecado, da oferta pela culpa, da oferta das consagrações, e do sacrifício das ofertas pacíficas;",28,True,False,True
7,38,Levítico 7:38,אֲשֶׁ֨ר צִוָּ֧ה יְהוָ֛ה אֶת־ מֹשֶׁ֖ה בְּהַ֣ר סִינָ֑י בְּי֨וֹם צַוֺּת֜וֹ אֶת־ בְּנֵ֣י יִשְׂרָאֵ֗ל לְהַקְרִ֧יב אֶת־ קָרְבְּנֵיהֶ֛ם לַיהוָ֖ה בְּמִדְבַּ֥ר סִינָֽי ׃ פ,אשר צוה יהוה את משה בהר סיני ביומ צותו את בני ישראל להקריב את קרבניהמ ליהוה במדבר סיני פ,20,די פקיד יי ית משה בטורא דסיני ביומא דפקדיה ית בני ישראל לקרבא ית קרבנהון קדם יי במדברא דסיני:,19,,0,ܕܦܩܕ ܡܪܝܐ ܠܡܘܫܐ ܒܛܘܪܐ ܕܣܝܢܝ. ܒܝܘܡܐ ܕܦܩܕܗ ܥܠ ܒܢ̈ܝ ܐܝܣܪܝܠ. ܕܢܩܪܒ ܩܘܪ̈ܒܢܝܗܘܢ ܠܡܪܝܐ ܒܡܕܒܪܐ ܕܣܝܢܝ.,15,"a qual o Senhor entregou a Moisés no monte Sinai, no dia em que este estava ordenando aos filhos de Israel que oferecessem as suas ofertas ao Senhor, no deserto de Sinai.",32,True,False,True
8,1,Levítico 8:1,וַיְדַבֵּ֥ר יְהוָ֖ה אֶל־ מֹשֶׁ֥ה לֵּאמֹֽר ׃,וידבר יהוה אל משה לאמר,6,ומליל יי עם משה למימר:,5,Καὶ ἐλάλησεν Κύριος πρὸς Μωυσῆν λέγων,6,ܘܡܠܠ ܡܪܝܐ ܥܡ ܡܘܫܐ ܘܐܡܪ ܠܗ.,6,Disse mais o Senhor a Moisés:,6,True,True,True
8,2,Levítico 8:2,קַ֤ח אֶֽת־ אַהֲרֹן֙ וְאֶת־ בָּנָ֣יו אִתּ֔וֹ וְאֵת֙ הַבְּגָדִ֔ים וְאֵ֖ת שֶׁ֣מֶן הַמִּשְׁחָ֑ה וְאֵ֣ת ׀ פַּ֣ר הַֽחַטָּ֗את וְאֵת֙ שְׁנֵ֣י הָֽאֵילִ֔ים וְאֵ֖ת סַ֥ל הַמַּצּֽוֹת ׃,קח את אהרנ ואת בניו אתו ואת הבגדימ ואת שמנ המשחה ואת פר החטאת ואת שני האילימ ואת סל המצות,22,קרב ית אהרן וית בנוהי עמיה וית לבושיא וית משחא דרבותא וית תורא דחטאתא וית תרין דכרין וית סלא דפטיריא:,20,"Λάβε Ἀαρὼν καὶ τοὺς υἱοὺς αὐτοῦ καὶ τὰς στολὰς αὐτοῦ, καὶ τὸ ἔλαιον τῆς χρίσεως καὶ τὸν μόσχον τὸν περὶ τῆς ἁμαρτίας καὶ τοὺς δύο κριοὺς καὶ τὸ κανοῦν τῶν ἀζύμων·",31,ܕܒܪ ܠܐܗܪܘܢ ܘܠܒܢ̈ܘܗܝ ܥܡܗ. ܘܣܒ ܠܒܘܫ̈ܐ ܘܡܫܚܐ ܕܡܫܝܚܘܬܐ ܘܬܘܪܐ ܕܚܛܗܐ ܘܬܪ̈ܝܢ ܕܟܪ̈ܝܢ. ܘܣܠܐ ܕܦܛܝܪܐ.,14,"Toma a Arão e a seus filhos com ele, e os vestidos, e o óleo da unção, e o novilho da oferta pelo pecado, e os dois carneiros, e o cesto de pães ázimos,",34,True,True,True
8,3,Levítico 8:3,וְאֵ֥ת כָּל־ הָעֵדָ֖ה הַקְהֵ֑ל אֶל־ פֶּ֖תַח אֹ֥הֶל מוֹעֵֽד ׃,ואת כל העדה הקהל אל פתח אהל מועד,9,וית כל כנשתא כנש לתרע משכן זמנא:,7,καὶ πᾶσαν τὴν συναγωγὴν ἐκκλησίασον ἐπὶ τὴν θύραν τῆς σκηνῆς τοῦ μαρτυρίου.,12,ܘܟܢܫ ܟܠܗ̇ ܟܢܘܫܬܐ ܠܬܪܥܐ ܕܡܫܟܢܙܒܢܐ.,5,e reúne a congregação toda à porta da tenda da revelação.,11,True,True,True
8,4,Levítico 8:4,וַיַּ֣עַשׂ מֹשֶׁ֔ה כַּֽאֲשֶׁ֛ר צִוָּ֥ה יְהוָ֖ה אֹת֑וֹ וַתִּקָּהֵל֙ הָֽעֵדָ֔ה אֶל־ פֶּ֖תַח אֹ֥הֶל מוֹעֵֽד ׃,ויעש משה כאשר צוה יהוה אתו ותקהל העדה אל פתח אהל מועד,13,ועבד משה כמא די פקיד יי יתיה ואתכנישת כנשתא לתרע משכן זמנא:,12,"καὶ ἐποίησεν Μωυσῆς ὃν τρόπον συνέταξεν αὐτῷ Κύριος, καὶ ἐξεκκλησίασεν τὴν συναγωγὴν ἐπὶ τὴν θύραν τῆς σκηνῆς τοῦ μαρτυρίου.",19,ܘܥܒܕ ܡܘܫܐ ܐܝܟ ܕܦܩܕܗ ܡܪܝܐ. ܘܐܬܟܢܫܬ ܟܘܠܗ̇ ܟܢܘܫܬܐ ܩܕܡ ܡܫܟܢ ܙܒܢܐ.,11,"Fez, pois, Moisés como o Senhor lhe ordenara; e a congregação se reuniu à porta da tenda da revelação.",19,True,True,True
8,5,Levítico 8:5,וַיֹּ֥אמֶר מֹשֶׁ֖ה אֶל־ הָעֵדָ֑ה זֶ֣ה הַדָּבָ֔ר אֲשֶׁר־ צִוָּ֥ה יְהוָ֖ה לַעֲשֽׂוֹת ׃,ויאמר משה אל העדה זה הדבר אשר צוה יהוה לעשות,11,ואמר משה לכנשתא דין פתגמא די פקיד יי למעבד:,9,"καὶ εἶπεν Μωσῆς τῇ συναγωγῇ Τοῦτό ἐστιν τὸ ῥῆμα, τοῦτό ἐστιν ὃ ἐνετείλατο Κύριος ποιῆσαι.",15,ܘܐܡܪ ܡܘܫܐ ܠܟܠܗ̇ ܟܢܘܫܬܐ . ܗܢܘ ܦܘܩܕܢܐ ܕܦܩܕ ܡܪܝܐ ܠܡܥܒܕ.,10,E disse Moisés à congregação: Isto é o que o Senhor ordenou que se fizesse.,15,True,True,True
8,6,Levítico 8:6,וַיַּקְרֵ֣ב מֹשֶׁ֔ה אֶֽת־ אַהֲרֹ֖ן וְאֶת־ בָּנָ֑יו וַיִּרְחַ֥ץ אֹתָ֖ם בַּמָּֽיִם ׃,ויקרב משה את אהרנ ואת בניו וירחצ אתמ במימ,10,וקריב משה ית אהרן וית בנוהי ואסחי יתהון במיא:,9,"καὶ προσήνεγκεν Μωυσῆς τὸν Ἀαρὼν καὶ τοὺς υἱοὺς αὐτοῦ, καὶ ἔλουσεν αὐτοὺς ὕδατι·",13,ܘܩܪܒ ܡܘܫܐ ܠܐܗܪܘܢ ܘܠܒܢ̈ܘܗܝ. ܘܐܣܚܝ ܐܢܘܢ ܒܡ̈ܝܐ.,7,"Então Moisés fez chegar Arão e seus filhos, e os lavou com água,",13,True,True,True
8,7,Levítico 8:7,וַיִּתֵּ֨ן עָלָ֜יו אֶת־ הַכֻּתֹּ֗נֶת וַיַּחְגֹּ֤ר אֹתוֹ֙ בָּֽאַבְנֵ֔ט וַיַּלְבֵּ֤שׁ אֹתוֹ֙ אֶֽת־ הַמְּעִ֔יל וַיִּתֵּ֥ן עָלָ֖יו אֶת־ הָאֵפֹ֑ד וַיַּחְגֹּ֣ר אֹת֗וֹ בְּחֵ֨שֶׁב֙ הָֽאֵפֹ֔ד וַיֶּאְפֹּ֥ד ל֖וֹ בּֽוֹ ׃,ויתנ עליו את הכתנת ויחגר אתו באבנט וילבש אתו את המעיל ויתנ עליו את האפד ויחגר אתו בחשב האפד ויאפד לו בו,23,ויהב עלוהי ית כתונא וזרז יתיה בהמינא ואלבש יתיה ית מעילא ויהב עלוהי ית אפודא וזרז יתיה בהמין אפודא ואתקן ליה ביה:,22,"καὶ ἐνέδυσεν αὐτοὺς τὸν χιτῶνα καὶ ἔζωσεν αὐτοὺς τὴν ζώνην· καὶ ἐνέδυσεν αὐτὸν τὸν ὑποδύτην καὶ ἐπέθηκεν ἐπ᾽ αὐτὸν τὴν ἐπωμίδα, καὶ συνέζωσεν αὐτὸν κατὰ τὴν ποίησιν τῆς ἐπωμίδος καὶ συνέσφιγξεν αὐτὸν ἐν αὐτῇ·",34,ܘܐܠܒܫܗ ܟܘܬܝܢܐ ܘܐܣܪܗ ܗܡܝܢܐ. ܘܐܥܛܦܗ ܦܪܝܣܐ. ܘܡܚܐ ܦܪܙܘܡܐ ܒܚ̈ܨܘܗܝ. ܘܝܗܒ ܥܠܘܗܝ ܦܕܬܐ. ܘܚܙܩܗ ܒܗܡܝܢܐ ܕܦܕܬܐ.,15,"e vestiu Arão com a túnica, cingiu-o com o cinto, e vestiu-lhe o manto, e pôs sobre ele o éfode, e cingiu-o com o cinto de obra esmerada, e com ele lhe apertou o éfode.",35,True,True,True
8,8,Levítico 8:8,וַיָּ֥שֶׂם עָלָ֖יו אֶת־ הַחֹ֑שֶׁן וַיִּתֵּן֙ אֶל־ הַחֹ֔שֶׁן אֶת־ הָאוּרִ֖ים וְאֶת־ הַתֻּמִּֽים ׃,וישמ עליו את החשנ ויתנ אל החשנ את האורימ ואת התמימ,12,ושוי עלוהי ית חושנא ויהב בחושנא ית אוריא וית תמיא:,10,"καὶ ἐπέθηκεν ἐπ᾽ αὐτὴν τὸ λόγιον, καὶ ἐπέθηκεν ἐπὶ τὸ λόγιον τήν δήλωσιν καὶ τὴν ἀλήθειαν.",16,ܘܝܗܒ ܥܠܝܗ̇ ܦܪܝܣܐ . ܘܝܗܒ ܥܠ ܦܪܝܣܐ ܝܕܥܬܐ ܘܩܘܫܬܐ.,9,"Colocou-lhe, então, o peitoral, no qual pôs o Urim e o Tumim;",12,True,True,True
8,9,Levítico 8:9,וַיָּ֥שֶׂם אֶת־ הַמִּצְנֶ֖פֶת עַל־ רֹאשׁ֑וֹ וַיָּ֨שֶׂם עַֽל־ הַמִּצְנֶ֜פֶת אֶל־ מ֣וּל פָּנָ֗יו אֵ֣ת צִ֤יץ הַזָּהָב֙ נֵ֣זֶר הַקֹּ֔דֶשׁ כַּאֲשֶׁ֛ר צִוָּ֥ה יְהוָ֖ה אֶת־ מֹשֶֽׁה ׃,וישמ את המצנפת על ראשו וישמ על המצנפת אל מול פניו את ציצ הזהב נזר הקדש כאשר צוה יהוה את משה,22,ושוי ית מצנפתא על רישיה ושוי על מצנפתא לקבל אפוהי ית ציצא דדהבא כלילא דקודשא כמא די פקיד יי ית משה:,21,"καὶ ἐπέθηκεν τὴν μίτραν ἐπὶ τὴν κεφαλὴν αὐτοῦ, καὶ ἐπέθηκεν ἐπὶ τὴν μίτραν κατὰ πρόσωπον αὐτοῦ τὸ πέταλον τὸ χρυσοῦν τὸ καθηγιασμένον ἅγιον, ὃν τρόπον συνέταξεν Κύριος τῷ Μωυσῇ.",29,ܘܣܡ ܡܨܢܦܬܐ ܒܪܫܗ. ܘܣܡ ܥܠ ܡܨܢܦܬܐ ܠܘܩܒܠ ܐ̈ܦܘܗܝ ܟܠܝܠܐ ܕܕܗܒܐ ܟܠܝܠ ܩܘܕܫܐ. ܐܝܟܢܐ ܕܦܩܕ ܡܪܝܐ ܠܡܘܫܐ.,16,"e pôs sobre a sua cabeça a mitra, e sobre esta, na parte dianteira, pôs a lâmina de ouro, a coroa sagrada; como o Senhor lhe ordenara.",27,True,True,True
8,10,Levítico 8:10,וַיִּקַּ֤ח מֹשֶׁה֙ אֶת־ שֶׁ֣מֶן הַמִּשְׁחָ֔ה וַיִּמְשַׁ֥ח אֶת־ הַמִּשְׁכָּ֖ן וְאֶת־ כָּל־ אֲשֶׁר־ בּ֑וֹ וַיְקַדֵּ֖שׁ אֹתָֽם ׃,ויקח משה את שמנ המשחה וימשח את המשכנ ואת כל אשר בו ויקדש אתמ,15,ונסיב משה ית משחא דרבותא ורבי ית משכנא וית כל די ביה וקדיש יתהון:,14,"καὶ ἔλαβεν Μωυσῆς ἀπὸ τοῦ ἐλαίου τῆς χρίσεως,",8,ܘܢܣܒ ܡܘܫܐ ܡܫܚܐ ܕܡܫܝܚܘܬܐ. ܘܡܫܚ ܠܡܫܟܢܐ ܘܠܟܠܡܕܡ ܕܐܝܬ ܒܗ . ܘܩܕܫ ܐܢܘܢ.,12,"Então Moisés, tomando o óleo da unção, ungiu o tabernáculo e tudo o que nele havia, e os santificou;",19,True,True,True
8,11,Levítico 8:11,וַיַּ֥ז מִמֶּ֛נּוּ עַל־ הַמִּזְבֵּ֖חַ שֶׁ֣בַע פְּעָמִ֑ים וַיִּמְשַׁ֨ח אֶת־ הַמִּזְבֵּ֜חַ וְאֶת־ כָּל־ כֵּלָ֗יו וְאֶת־ הַכִּיֹּ֛ר וְאֶת־ כַּנּ֖וֹ לְקַדְּשָֽׁם ׃,ויז ממנו על המזבח שבע פעמימ וימשח את המזבח ואת כל כליו ואת הכיר ואת כנו לקדשמ,18,ואדי מניה על מדבחא שבע זמנין ורבי ית מדבחא וית כל מנוהי וית כיורא וית בסיסיה לקדשותהון:,17,"καὶ ἔρανεν ἀπ᾽ αὐτοῦ ἐπὶ τὸ θυσιαστήριον ἑπτάκις· καὶ ἔχρισεν τὸ θυσιαστήριον καὶ ἡγίασεν αὐτό, καὶ πάντα τὰ σκεύη αὐτοῦ καὶ τὸν λουτῆρα καὶ τὴν βάσιν αὐτοῦ, καὶ ἡγίασεν αὐτά· καὶ ἔχρισεν τὴν σκηνὴν καὶ πάντα τὰ ἐν αὐτῇ, καὶ ἡγίασεν αὐτήν.",42,ܘܪܣ ܡܢܗ ܥܠ ܡܕܒܚܐ ܫܒܥ ܙܒ̈ܢܝܢ. ܘܡܫܚ ܠܡܕܒܚܐ. ܘܠܟܠܗܘܢ ܡܐ̈ܢܘܗܝ. ܘܠܠܩܢܐ ܘܠܟܢܗ̇ ܡܫܚ ܘܩܕܫ ܐܢܘܢ.,15,"e dele espargiu sete vezes sobre o altar, e ungiu o altar e todos os seus utensílios, como também a pia e a sua base, para santificá-los.",27,True,True,True
8,12,Levítico 8:12,וַיִּצֹק֙ מִשֶּׁ֣מֶן הַמִּשְׁחָ֔ה עַ֖ל רֹ֣אשׁ אַהֲרֹ֑ן וַיִּמְשַׁ֥ח אֹת֖וֹ לְקַדְּשֽׁוֹ ׃,ויצק משמנ המשחה על ראש אהרנ וימשח אתו לקדשו,10,ואריק ממשחא דרבותא על רישא דאהרן ורבי יתיה לקדשותיה:,9,"καὶ ἐπέχεεν Μωσῆς ἀπὸ τοῦ ἐλαίου τῆς χρίσεως ἐπὶ τὴν κεφαλὴν Ἀαρών, καὶ ἔχρισεν αὐτὸν καὶ ἡγίασεν αὐτόν.",18,ܘܢܣܟ ܡܢ ܡܫܚܐ ܕܡܫܝܚܘܬܐ ܒܪܫܗ ܕܐܗܪܘܢ. ܘܡܫܚܗ ܘܩܕܫܗ.,8,"Em seguida derramou do óleo da unção sobre a cabeça de Arão, e ungiu-o, para santificá-lo.",16,True,True,True
8,13,Levítico 8:13,וַיַּקְרֵ֨ב מֹשֶׁ֜ה אֶת־ בְּנֵ֣י אַהֲרֹ֗ן וַיַּלְבִּשֵׁ֤ם כֻּתֳּנֹת֙ וַיַּחְגֹּ֤ר אֹתָם֙ אַבְנֵ֔ט וַיַּחֲבֹ֥שׁ לָהֶ֖ם מִגְבָּע֑וֹת כַּאֲשֶׁ֛ר צִוָּ֥ה יְהוָ֖ה אֶת־ מֹשֶֽׁה ׃,ויקרב משה את בני אהרנ וילבשמ כתנת ויחגר אתמ אבנט ויחבש להמ מגבעות כאשר צוה יהוה את משה,19,וקריב משה ית בני אהרן ואלבשנון כתונין וזרז יתהון המינין ואתקן להון כובעין כמא די פקיד יי ית משה:,19,"καὶ προσήγαγεν Μωυσῆς τοὺς υἱοὺς Ἀαρών, καὶ ἐνέδυσεν αὐτοὺς χιτῶνας καὶ ἔζωσεν αὐτοὺς ζώνας καὶ περιέθηκεν αὐτοῖς κιδάρεις, καθάπερ συνέταξεν Κύριος τῷ Μωυσῇ.",23,ܘܩܪܒ ܡܘܫܐ ܠܒܢ̈ܝ ܐܗܪܘܢ. ܘܐܠܒܫ ܐܢܘܢ ܟܘ̈ܬܝܢܝܬܐ. ܘܐܣܪ ܐܢܘܢ ܗܡܝ̈ܢܐ. ܘܥܒܕ ܠܗܘܢ ܟܠܘ̈ܐ. ܐܝܟܢܐ ܕܦܩܕ ܡܪܝܐ ܠܡܘܫܐ.,17,"Depois Moisés fez chegar aos filhos de Arão, e os vestiu de túnicas, e os cingiu com cintos, e lhes atou tiaras; como o Senhor lhe ordenara.",27,True,True,True
8,14,Levítico 8:14,וַיַּגֵּ֕שׁ אֵ֖ת פַּ֣ר הַֽחַטָּ֑את וַיִּסְמֹ֨ךְ אַהֲרֹ֤ן וּבָנָיו֙ אֶת־ יְדֵיהֶ֔ם עַל־ רֹ֖אשׁ פַּ֥ר הַֽחַטָּֽאת ׃,ויגש את פר החטאת ויסמכ אהרנ ובניו את ידיהמ על ראש פר החטאת,14,וקרב ית תורא דחטאתא וסמך אהרן ובנוהי ית ידיהון על ריש תורא דחטאתא:,13,"καὶ προσήγαγεν Μωυσῆς τὸν μόσχον τὸν περὶ τῆς ἁμαρτίας, καὶ ἐπέθηκεν Ἀαρὼν καὶ οἱ υἱοὶ αὐτοῦ τὰς χεῖρας ἐπὶ τὴν κεφαλὴν τοῦ μόσχου τοῦ τῆς ἁμαρτίας.",26,ܘܩܪܒ ܬܘܪܐ ܕܚܛܗܐ. ܘܣܡܘ ܐܗܪܘܢ ܘܒ̈ܢܘܗܝ ܐ̈ܝܕܝܗܘܢ ܥܠ ܪܫܗ ܕܬܘܪܐ ܕܚܛܗܐ.,11,Então fez chegar o novilho da oferta pelo pecado; e Arão e seus filhos puseram as mãos sobre a cabeça do novilho da oferta pelo pecado;,26,True,True,True
8,15,Levítico 8:15,וַיִּשְׁחָ֗ט וַיִּקַּ֨ח מֹשֶׁ֤ה אֶת־ הַדָּם֙ וַ֠יִּתֵּן עַל־ קַרְנ֨וֹת הַמִּזְבֵּ֤חַ סָבִיב֙ בְּאֶצְבָּע֔וֹ וַיְחַטֵּ֖א אֶת־ הַמִּזְבֵּ֑חַ וְאֶת־ הַדָּ֗ם יָצַק֙ אֶל־ יְס֣וֹד הַמִּזְבֵּ֔חַ וַֽיְקַדְּשֵׁ֖הוּ לְכַפֵּ֥ר עָלָֽיו ׃,וישחט ויקח משה את הדמ ויתנ על קרנות המזבח סביב באצבעו ויחטא את המזבח ואת הדמ יצק אל יסוד המזבח ויקדשהו לכפר עליו,24,ונכס ונסיב משה ית דמא ויהב על קרנת מדבחא סחור סחור באצבעיה ודכי ית מדבחא וית דמא אריק ליסודא דמדבחא וקדשיה לכפרא עלוהי:,23,"καὶ ἔσφαξεν αὐτόν· καὶ ἔλαβεν Μωσῆς ἀπὸ τοῦ αἵματος καὶ ἐπέθηκεν ἐπὶ τὰ κέρατα τοῦ θυσιαστηρίου κύκλῳ τῷ δακτύλῳ, καὶ ἐκαθάρισεν τὸ θυσιαστήριον· καὶ τὸ αἷμα ἐξέχεεν ἐπὶ τὴν βάσιν τοῦ θυσιαστηρίου, καὶ ἡγίασεν αὐτὸ τοῦ ἐξιλάσασθαι ἐπ᾽ αὐτοῦ.",39,ܘܢܟܣܗ. ܘܢܣܒ ܡܘܫܐ ܡܢ ܕܡܐ ܒܨܒܥܗ. ܘܪܣ ܥܠ ܩܪ̈ܢܬܗ ܕܡܕܒܚܐ ܟܕ ܚ̇ܕܪ. ܘܕܟܝܗ ܠܡܕܒܚܐ. ܘܕܡܐ ܢܣܟ ܥܠ ܫ̈ܦܘܠܘܗܝ ܕܡܕܒܚܐ ܘܩܕܫܗ. ܘܚܣܝܗ.,21,"e, depois de imolar o novilho, Moisés tomou o sangue, e pôs dele com o dedo sobre as pontas do altar em redor, e purificou o altar; depois derramou o resto do sangue à base do altar, e o santificou, para fazer expiação por ele.",45,True,True,True
8,16,Levítico 8:16,וַיִּקַּ֗ח אֶֽת־ כָּל־ הַחֵלֶב֮ אֲשֶׁ֣ר עַל־ הַקֶּרֶב֒ וְאֵת֙ יֹתֶ֣רֶת הַכָּבֵ֔ד וְאֶת־ שְׁתֵּ֥י הַכְּלָיֹ֖ת וְאֶֽת־ חֶלְבְּהֶ֑ן וַיַּקְטֵ֥ר מֹשֶׁ֖ה הַמִּזְבֵּֽחָה ׃,ויקח את כל החלב אשר על הקרב ואת יתרת הכבד ואת שתי הכלית ואת חלבהנ ויקטר משה המזבחה,19,ונסיב ית כל תרבא די על גוא וית חצר כבדא וית תרתין כלין וית תרבהן ואסק משה למדבחא:,18,"καὶ ἔλαβεν Μωυσῆς πᾶν τὸ στέαρ τὸ ἐπὶ τῶν ἐνδοσθίων καὶ λοβὸν ἀπὸ τοῦ ἥπατος καὶ ἀμφοτέρους τοὺς νεφροὺς καὶ τὸ στέαρ τὸ ἐπ᾽ αὐτῶν, καὶ ἀνήνεγκεν Μωυσῆς ἐπὶ τὸ θυσιαστήριον·",31,ܘܢܣܒ ܟܠܗ ܬܪܒܐ ܕܩܪܝܡ ܥܠ ܓܘܝܐ. ܘܚܨܪ ܟܒܕܐ ܘܬܪ̈ܬܝܢ ܟܘ̈ܠܝܢ ܘܬܪܒܗܝܢ. ܘܐܣܩ ܡܘܫܐ ܠܡܕܒܚܐ.,14,"Então tomou toda a gordura que estava na fressura, e o redenho do fígado, e os dois rins com a sua gordura, e os queimou sobre o altar.",28,True,True,True
8,17,Levítico 8:17,וְאֶת־ הַפָּ֤ר וְאֶת־ עֹרוֹ֙ וְאֶת־ בְּשָׂר֣וֹ וְאֶת־ פִּרְשׁ֔וֹ שָׂרַ֣ף בָּאֵ֔שׁ מִח֖וּץ לַֽמַּחֲנֶ֑ה כַּאֲשֶׁ֛ר צִוָּ֥ה יְהוָ֖ה אֶת־ מֹשֶֽׁה ׃,ואת הפר ואת ערו ואת בשרו ואת פרשו שרפ באש מחוצ למחנה כאשר צוה יהוה את משה,18,וית תורא וית משכיה וית בסריה וית אכליה אוקיד בנורא מברא למשריתא כמא די פקיד יי ית משה:,18,"καὶ τὸν μόσχον καὶ τὴν βύρσαν αὐτοῦ καὶ τὰ κρέα αὐτοῦ καὶ τὴν κόπρον αὐτοῦ, κατέκαυσεν αὐτὰ πυρὶ ἔξω τῆς παρεμβολῆς, ὃν τρόπον συνέταξεν Κύριος τῷ Μωυσῇ.",27,ܘܬܘܪܐ ܘܡܫܟܗ ܘܒܣܪܗ ܘܦܪܬܗ. ܐܘܩܕ ܒܢܘܪܐ ܠܒܪ ܡܢ ܡܫܪܝܬܐ. ܐܝܟܢܐ ܕܦܩܕ ܡܪܝܐ ܠܡܘܫܐ.,13,"Mas o novilho com o seu couro, com a sua carne e com o seu excremento, queimou-o com fogo fora do arraial; como o Senhor lhe ordenara.",27,True,True,True
8,18,Levítico 8:18,וַיַּקְרֵ֕ב אֵ֖ת אֵ֣יל הָעֹלָ֑ה וַֽיִּסְמְכ֞וּ אַהֲרֹ֧ן וּבָנָ֛יו אֶת־ יְדֵיהֶ֖ם עַל־ רֹ֥אשׁ הָאָֽיִל ׃,ויקרב את איל העלה ויסמכו אהרנ ובניו את ידיהמ על ראש האיל,13,וקריב ית דכרא דעלתא וסמכו אהרן ובנוהי ית ידיהון על ריש דכרא:,12,"καὶ προσήγαγεν Μωυσῆς τὸν κριὸν τὸν εἰς ὁλοκαύτωμα, καὶ ἐπέθηκεν Ἀαρὼν καὶ οἱ υἱοὶ αὐτοῦ τὰς χεῖρας αὐτῶν ἐπὶ τὴν κεφαλὴν τοῦ κριοῦ.",23,ܘܩܪܒ ܕܟܪܐ ܕܝܩܕܐ ܕܥܠܬܐ. ܘܣܡܘ ܐܗܪܘܢ ܘܒܢ̈ܘܗܝ ܐ̈ܝܕܝܗܘܢ ܥܠ ܪܫܗ ܕܕܟܪܐ.,11,Depois fez chegar o carneiro do holocausto; e Arão e seus filhos puseram as mãos sobre a cabeça do carneiro.,20,True,True,True
8,19,Levítico 8:19,וַיִּשְׁחָ֑ט וַיִּזְרֹ֨ק מֹשֶׁ֧ה אֶת־ הַדָּ֛ם עַל־ הַמִּזְבֵּ֖חַ סָבִֽיב ׃,וישחט ויזרק משה את הדמ על המזבח סביב,9,ונכס וזרק משה ית דמא על מדבחא סחור סחור:,9,καὶ ἔσφαξεν Μωυσῆς τὸν κριόν· καὶ προσέχεεν Μωσῆς τὸ αἷμα ἐπὶ τὸ θυσιαστήριον κύκλῳ·,14,ܘܢܟܣܗ ܡܘܫܐ. ܘܪܣ ܡܢ ܕܡܗ ܥܠ ܡܕܒܚܐ ܟܕ ܚ̇ܕܪ.,9,"Havendo imolado o carneiro, Moisés espargiu o sangue sobre o altar em redor.",13,True,True,True
8,20,Levítico 8:20,וְאֶת־ הָאַ֔יִל נִתַּ֖ח לִנְתָחָ֑יו וַיַּקְטֵ֤ר מֹשֶׁה֙ אֶת־ הָרֹ֔אשׁ וְאֶת־ הַנְּתָחִ֖ים וְאֶת־ הַפָּֽדֶר ׃,ואת האיל נתח לנתחיו ויקטר משה את הראש ואת הנתחימ ואת הפדר,13,וית דכרא פליג לאברוהי ואסק משה ית רישא וית אבריא וית תרבא:,12,"καὶ τὸν κριὸν ἐκρεανόμησεν κατὰ μέλη, καὶ ἀνήνεγκεν Μωσῆς τὴν κεφαλὴν καὶ τὰ μέλη καὶ τὸ στέαρ.",17,ܘܠܗ ܠܕܟܪܐ ܦܫܚ ܗ̈ܕܡܝܢ ܗ̈ܕܡܝܢ. ܘܐܣܩ ܡܘܫܐ ܪ̈ܫܐ ܘܗ̈ܕܡܐ ܘܬܪܒܐ.,10,"Partiu também o carneiro nos seus pedaços, e queimou dele a cabeça, os pedaços e a gordura.",17,True,True,True
8,21,Levítico 8:21,וְאֶת־ הַקֶּ֥רֶב וְאֶת־ הַכְּרָעַ֖יִם רָחַ֣ץ בַּמָּ֑יִם וַיַּקְטֵר֩ מֹשֶׁ֨ה אֶת־ כָּל־ הָאַ֜יִל הַמִּזְבֵּ֗חָה עֹלָ֨ה ה֤וּא לְרֵֽיחַ־ נִיחֹ֨חַ֙ אִשֶּׁ֥ה הוּא֙ לַיהוָ֔ה כַּאֲשֶׁ֛ר צִוָּ֥ה יְהוָ֖ה אֶת־ מֹשֶֽׁה ׃,ואת הקרב ואת הכרעימ רחצ במימ ויקטר משה את כל האיל המזבחה עלה הוא לריח ניחח אשה הוא ליהוה כאשר צוה יהוה את משה,25,וית גוא וית כרעיא חליל במיא ואסק משה ית כל דכרא למדבחא עלתא הוא לאתקבלא ברעוא קרבנא הוא קדם יי כמא די פקיד יי ית משה:,26,"καὶ τὴν κοιλίαν καὶ τούς πόδας ἔπλυνεν ὕδατι, καὶ ἀνήνεγκεν Μωυσῆς ὅλον τὸν κριὸν ἐπὶ τὸ θυσιαστήριον· ὁλοκαύτωμα ὅ ἐστιν εἰς ὀσμὴν εὐωδίας, κάρπωμά ἐστιν τῷ κυρίῳ, καθάπερ ἐνετείλατο Κύριος τῷ Μωυσῇ.",32,ܘܓܘܝܐ ܘܟܪ̈ܥܐ ܐܫܝܓ ܒܡ̈ܝܐ. ܘܐܣܩܗ ܡܘܫܐ ܠܕܟܪܐ ܟܠܗ ܠܡܕܒܚܐ. ܝܩܕܐ ܠܥܠܬܐ. ܠܪܝܚ ܣܘܬܐ ܩܘܪܒܢܐ ܠܡܪܝܐ. ܐܝܟ ܕܦܩܕ ܡܪܝܐ ܠܡܘܫܐ.,19,"Mas a fressura e as pernas lavou com água; então Moisés queimou o carneiro todo sobre o altar; era holocausto de cheiro suave, uma oferta queimada ao Senhor; como o Senhor lhe ordenara.",33,True,True,True
8,22,Levítico 8:22,וַיַּקְרֵב֙ אֶת־ הָאַ֣יִל הַשֵּׁנִ֔י אֵ֖יל הַמִּלֻּאִ֑ים וַֽיִּסְמְכ֞וּ אַהֲרֹ֧ן וּבָנָ֛יו אֶת־ יְדֵיהֶ֖ם עַל־ רֹ֥אשׁ הָאָֽיִל ׃,ויקרב את האיל השני איל המלאימ ויסמכו אהרנ ובניו את ידיהמ על ראש האיל,15,וקריב ית דכרא תנינא דכר קרבניא וסמכו אהרן ובנוהי ית ידיהון על ריש דכרא:,14,"καὶ προσήγαγεν Μωυσῆς τὸν κριὸν τὸν δεύτερον, κριὸν τελειώσεως· καὶ ἐπέθηκεν Ἀαρὼν καὶ οἱ υἱοὶ αὐτοῦ τὰς χεῖρας αὐτῶν ἐπὶ τὴν κεφαλὴν τοῦ κριοῦ.",24,ܘܩܪܒ ܕܟܪܐ ܕܬܪ̈ܝܢ ܕܟܪܐ ܕܫܘܡܠܝܐ. ܘܣܡܘ ܐܗܪܘܢ ܘܒܢ̈ܘܗܝ ܐ̈ܝܕܝܗܘܢ ܥܠ ܪܫܗ ܕܕܟܪܐ.,12,"Depois fez chegar o outro carneiro, o carneiro da consagração; e Arão e seus filhos puseram as mãos sobre a cabeça do carneiro;",23,True,True,True
8,23,Levítico 8:23,וַיִּשְׁחָ֓ט ׀ וַיִּקַּ֤ח מֹשֶׁה֙ מִדָּמ֔וֹ וַיִּתֵּ֛ן עַל־ תְּנ֥וּךְ אֹֽזֶן־ אַהֲרֹ֖ן הַיְמָנִ֑ית וְעַל־ בֹּ֤הֶן יָדוֹ֙ הַיְמָנִ֔ית וְעַל־ בֹּ֥הֶן רַגְל֖וֹ הַיְמָנִֽית ׃,וישחט ויקח משה מדמו ויתנ על תנוכ אזנ אהרנ הימנית ועל בהנ ידו הימנית ועל בהנ רגלו הימנית,20,ונכס ונסיב משה מן דמא ויהב על רום אודנא דאהרן דימינא ועל אליון ידיה דימינא ועל אליון רגליה דימינא:,19,"καὶ ἔσφαξεν αὐτόν, καὶ ἔλαβεν Μωσῆς ἀπὸ τοῦ αἵματος αὐτοῦ καὶ ἐπέθηκεν ἐπὶ τὸν λοβὸν τοῦ ὠτὸς Ἀαρὼν τοῦ δεξιοῦ καὶ ἐπὶ τὸ ἄκρον τῆς χειρὸς τῆς δεξιᾶς καὶ ἐπὶ τὸ ἄκρον τοῦ ποδὸς τοῦ δεξιοῦ.",36,ܘܢܟܣܗ ܡܘܫܐ. ܘܢܣܒ ܡܢ ܕܡܗ. ܘܪܣ ܥܠ ܛܪܦܐ ܕܐܕܢܗ ܕܐܗܪܘܢ ܕܝܡܝܢܐ. ܘܥܠ ܟܪܬܐ ܕܐܝܕܗ ܕܝܡܝܢܐ. ܘܥܠ ܟܪܬܐ ܕܪܓܠܗ ܕܝܡܝܢܐ.,19,"e tendo Moisés imolado o carneiro, tomou do sangue deste e o pôs sobre a ponta da orelha direita de Arão, sobre o polegar da sua mão direita, e sobre o polegar do seu pé direito.",36,True,True,True
8,24,Levítico 8:24,וַיַּקְרֵ֞ב אֶת־ בְּנֵ֣י אַהֲרֹ֗ן וַיִּתֵּ֨ן מֹשֶׁ֤ה מִן־ הַדָּם֙ עַל־ תְּנ֤וּךְ אָזְנָם֙ הַיְמָנִ֔ית וְעַל־ בֹּ֤הֶן יָדָם֙ הַיְמָנִ֔ית וְעַל־ בֹּ֥הֶן רַגְלָ֖ם הַיְמָנִ֑ית וַיִּזְרֹ֨ק מֹשֶׁ֧ה אֶת־ הַדָּ֛ם עַל־ הַֽמִּזְבֵּ֖חַ סָבִֽיב ׃,ויקרב את בני אהרנ ויתנ משה מנ הדמ על תנוכ אזנמ הימנית ועל בהנ ידמ הימנית ועל בהנ רגלמ הימנית ויזרק משה את הדמ על המזבח סביב,28,וקריב ית בני אהרן ויהב משה מן דמא על רום אודנהון דימינא ועל אליון ידיהון דימינא ועל אליון רגלהון דימינא וזרק משה ית דמא על מדבחא סחור סחור:,28,καὶ προσήγαγεν Μωυσῆς τοὺς υἱοὺς Ἀαρών· καὶ ἐπέθηκεν Μωυσῆς ἀπὸ τοῦ αἵματος ἐπὶ τοὺς λοβοὺς τῶν ὤτων τῶν δεξιῶν καὶ ἐπὶ τὰ ἄκρα τῶν χειρῶν αὐτῶν τῶν δεξιῶν καὶ ἐπὶ τὰ ἄκρα τῶν ποδῶν αὐτῶν τῶν δεξιῶν· καὶ προσέχεεν Μωσῆς τὸ αἷμα ἐπὶ τὸ θυσιαστήριον κύκλῳ.,46,ܘܩܪܒ ܠܒܢ̈ܝ ܐܗܪܘܢ. ܘܪܣ ܡܘܫܐ ܡܢ ܕܡܐ ܥܠ ܛܪ̈ܦܐ ܕܐ̈ܕܢܝܗܘܢ ܕܝܡܝܢܐ. ܘܥܠ ܟܪ̈ܘܬܐ ܕܐ̈ܝܕܝܗܘܢ ܕܝܡܝܢܐ. ܘܥܠ ܟܪ̈ܘܬܐ ܕܪ̈ܓܠܝܗܘܢ ܕܝܡܝܢܐ. ܘܪܣ ܡܘܫܐ ܕܡܐ ܥܠ ܡܕܒܚܐ ܟܕ ܚ̇ܕܪ.,26,"Moisés fez chegar também os filhos de Arão, e pôs daquele sangue sobre a ponta da orelha direita deles, e sobre o polegar da sua mão direita, e sobre o polegar do seu pé direito; e espargiu o sangue sobre o altar em redor.",44,True,True,True
8,25,Levítico 8:25,וַיִּקַּ֞ח אֶת־ הַחֵ֣לֶב וְאֶת־ הָֽאַלְיָ֗ה וְאֶֽת־ כָּל־ הַחֵלֶב֮ אֲשֶׁ֣ר עַל־ הַקֶּרֶב֒ וְאֵת֙ יֹתֶ֣רֶת הַכָּבֵ֔ד וְאֶת־ שְׁתֵּ֥י הַכְּלָיֹ֖ת וְאֶֽת־ חֶלְבְּהֶ֑ן וְאֵ֖ת שׁ֥וֹק הַיָּמִֽין ׃,ויקח את החלב ואת האליה ואת כל החלב אשר על הקרב ואת יתרת הכבד ואת שתי הכלית ואת חלבהנ ואת שוק הימינ,23,ונסיב ית תרבא וית אליתא וית כל תרבא די על גוא וית חצר כבדא וית תרתין כלין וית תרבהן וית שוקא דימינא:,22,καὶ ἔλαβεν τὸ στέαρ καὶ τὴν ὀσφὺν καὶ τὸ στέαρ τὸ ἐπὶ τῆς κοιλίας καὶ τὸν λοβὸν τοῦ ἥπατος καὶ τοὺς δύο νεφροὺς καὶ τὸ στέαρ τὸ ἐπ᾽ αὐτῶν καὶ τὸν βραχίονα τὸν δεξιόν·,34,ܘܢܣܒ ܬܪܒܐ ܘܐܠܝܬܐ ܘܟܠܗ ܚܠܒܐ ܕܩܪܝܡ ܠܓܘܝܐ. ܘܚܨܪ ܟܒܕܐ ܘܬܪ̈ܬܝܢ ܟܘ̈ܠܝܢ ܘܬܪ̈ܒܗܝܢ. ܘܫܩܐ ܕܝܡܝܢܐ.,14,"E tomou a gordura, e a cauda gorda, e toda a gordura que estava na fressura, e o redenho do fígado, e os dois rins com a sua gordura, e a coxa direita;",33,True,True,True
8,26,Levítico 8:26,וּמִסַּ֨ל הַמַּצּ֜וֹת אֲשֶׁ֣ר ׀ לִפְנֵ֣י יְהוָ֗ה לָ֠קַח חַלַּ֨ת מַצָּ֤ה אַחַת֙ וְֽחַלַּ֨ת לֶ֥חֶם שֶׁ֛מֶן אַחַ֖ת וְרָקִ֣יק אֶחָ֑ד וַיָּ֨שֶׂם֙ עַל־ הַ֣חֲלָבִ֔ים וְעַ֖ל שׁ֥וֹק הַיָּמִֽין ׃,ומסל המצות אשר לפני יהוה לקח חלת מצה אחת וחלת לחמ שמנ אחת ורקיק אחד וישמ על החלבימ ועל שוק הימינ,23,ומסלא דפטיריא די קדם יי נסיב גרצתא פטירא חדא וגרצתא דלחם משח חדא ואספוג חד ושוי על תרביא ועל שוקא דימינא:,21,"καὶ ἀπὸ τοῦ κανοῦ τῆς τελειώσεως τοῦ ὄντος ἔναντι Κυρίου ἔλαβεν ἄρτον ἕνα ἄζυμον καὶ ἄρτον ἐξ ἐλαίου ἕνα καὶ λάγανον ἕν, καὶ ἐπέθηκεν ἐπὶ τὸ στέαρ καὶ ἐπέθηκεν τὸν βραχίονα τὸν δεξιόν·",33,ܘܡܢ ܣܠܐ ܕܦܛܝܪܐ ܕܩܕܡ ܡܪܝܐ. ܢܣܒ ܚܚܘܪܬܐ ܚܕܐ ܦܛܝܪܬܐ. ܘܚܚܘܪܬܐ ܚܕܐ ܕܡܫܚܐ. ܘܠܓܢܐ ܚܕ. ܘܣܡ ܥܠ ܬܪܒܐ ܘܥܠ ܫܩܐ ܕܝܡܝܢܐ.,20,"também do cesto dos pães ázimos, que estava diante do Senhor, tomou um bolo ázimo, e um bolo de pão azeitado, e um coscorão, e os pôs sobre a gordura e sobre a coxa direita;",35,True,True,True
8,27,Levítico 8:27,וַיִּתֵּ֣ן אֶת־ הַכֹּ֔ל עַ֚ל כַּפֵּ֣י אַהֲרֹ֔ן וְעַ֖ל כַּפֵּ֣י בָנָ֑יו וַיָּ֧נֶף אֹתָ֛ם תְּנוּפָ֖ה לִפְנֵ֥י יְהוָֽה ׃,ויתנ את הכל על כפי אהרנ ועל כפי בניו וינפ אתמ תנופה לפני יהוה,15,ויהב ית כלא על ידי אהרן ועל ידי בנוהי וארם יתהון ארמא קדם יי:,14,"καὶ ἐπέθηκεν ἅπαντα ἐπὶ τὰς χεῖρας Ἀαρὼν καὶ ἐπὶ τὰς χεῖρας τῶν υἱῶν αὐτοῦ, καὶ ἀνήνεγκεν αὐτὰ ἀφαίρεμα ἔναντι Κυρίου.",20,ܘܣܡ ܐܢܘܢ ܟܠܗܘܢ ܒܐܝ̈ܕܝ ܐܗܪܘܢ ܘܒܐܝ̈ܕܝ ܒܢ̈ܘܗܝ. ܘܦܪܫ ܐܢܘܢ ܦܘܪܫܢܐ ܩܕܡ ܡܪܝܐ.,12,"e pôs tudo nas mãos de Arão e de seus filhos, e o ofereceu por oferta movida perante o Senhor.",20,True,True,True
8,28,Levítico 8:28,וַיִּקַּ֨ח מֹשֶׁ֤ה אֹתָם֙ מֵעַ֣ל כַּפֵּיהֶ֔ם וַיַּקְטֵ֥ר הַמִּזְבֵּ֖חָה עַל־ הָעֹלָ֑ה מִלֻּאִ֥ים הֵם֙ לְרֵ֣יחַ נִיחֹ֔חַ אִשֶּׁ֥ה ה֖וּא לַיהוָֽה ׃,ויקח משה אתמ מעל כפיהמ ויקטר המזבחה על העלה מלאימ המ לריח ניחח אשה הוא ליהוה,17,ונסיב משה יתהון מעל ידיהון ואסק למדבחא על עלתא קרבניא אנון לאתקבלא ברעוא קרבנא הוא קדם יי:,17,"καὶ ἔλαβεν Μωσῆς ἀπὸ τῶν χειρῶν αὐτῶν, καὶ ἀνήνεγκεν αὐτὰ Μωσῆς ἐπὶ τὸ θυσιαστήριον, ἐπὶ τὸ ὁλοκαύτωμα τῆς τελειώσεως, ὅ ἐστιν ὀσμὴ εὐωδίας· κάρπωμά ἐστιν τῷ κυρίῳ.",27,ܘܢܣܒ ܐܢܘܢ ܡܘܫܐ ܡܢ ܐܝ̈ܕܝܗܘܢ. ܘܐܣܩ ܐܢܘܢ ܠܡܕܒܚܐ ܝܩܕܐ ܕܥܠܬܐ. ܕܢܗܘܘܢ ܫܘܡܠܝܐ ܠܪܝܚ ܣܘܬܐ ܩܘܪܒܢܐ ܠܡܪܝܐ.,16,"Então Moisés os tomou das mãos deles, e os queimou sobre o altar em cima do holocausto; os quais eram uma consagração, por cheiro suave, oferta queimada ao Senhor.",29,True,True,True
8,29,Levítico 8:29,וַיִּקַּ֤ח מֹשֶׁה֙ אֶת־ הֶ֣חָזֶ֔ה וַיְנִיפֵ֥הוּ תְנוּפָ֖ה לִפְנֵ֣י יְהוָ֑ה מֵאֵ֣יל הַמִּלֻּאִ֗ים לְמֹשֶׁ֤ה הָיָה֙ לְמָנָ֔ה כַּאֲשֶׁ֛ר צִוָּ֥ה יְהוָ֖ה אֶת־ מֹשֶֽׁה ׃,ויקח משה את החזה ויניפהו תנופה לפני יהוה מאיל המלאימ למשה היה למנה כאשר צוה יהוה את משה,19,ונסיב משה ית חדיא וארימיה ארמא קדם יי מדכר קרבניא למשה הוה לחלק כמא די פקיד יי ית משה:,19,"καὶ λαβὼν Μωσῆς τὸ στηθύνιον, ἀφεῖλεν αὐτὸ ἐπίθεμα ἔναντι Κυρίου ἀπὸ τοῦ κριοῦ τῆς τελειώσεως· καὶ ἐγένετο Μωσῇ ἐν μερίδι, καθὰ ἐνετείλατο Κύριος τῷ Μωσῇ.",25,ܘܢܣܒ ܡܘܫܐ ܚܕܝܐ. ܘܦܪܫܗ ܦܘܪܫܢܐ ܩܕܡ ܡܪܝܐ. ܡܢ ܕܟܪܐ ܕܫܘܡܠܝܐ ܠܡܘܫܐ ܗܘܬ ܡܢܬܐ. ܐܝܟ ܕܦܩܕ ܡܪܝܐ ܠܡܘܫܐ.,17,"Em seguida tomou Moisés o peito, e o ofereceu por oferta movida perante o Senhor; era a parte do carneiro da consagração que tocava a Moisés, como o Senhor lhe ordenara.",31,True,True,True
8,30,Levítico 8:30,וַיִּקַּ֨ח מֹשֶׁ֜ה מִשֶּׁ֣מֶן הַמִּשְׁחָ֗ה וּמִן־ הַדָּם֮ אֲשֶׁ֣ר עַל־ הַמִּזְבֵּחַ֒ וַיַּ֤ז עַֽל־ אַהֲרֹן֙ עַל־ בְּגָדָ֔יו וְעַל־ בָּנָ֛יו וְעַל־ בִּגְדֵ֥י בָנָ֖יו אִתּ֑וֹ וַיְקַדֵּ֤שׁ אֶֽת־ אַהֲרֹן֙ אֶת־ בְּגָדָ֔יו וְאֶת־ בָּנָ֛יו וְאֶת־ בִּגְדֵ֥י בָנָ֖יו אִתּֽוֹ ׃,ויקח משה משמנ המשחה ומנ הדמ אשר על המזבח ויז על אהרנ על בגדיו ועל בניו ועל בגדי בניו אתו ויקדש את אהרנ את בגדיו ואת בניו ואת בגדי בניו אתו,32,ונסיב משה ממשחא דרבותא ומן דמא די על מדבחא ואדי על אהרן על לבושוהי ועל בנוהי ועל לבושי בנוהי עמיה וקדיש ית אהרן ית לבושוהי וית בנוהי וית לבושי בנוהי עמיה:,31,"καὶ ἔλαβεν Μωσῆς ἀπὸ τοῦ ἐλαίου τῆς χρίσεως καὶ ἀπὸ τοῦ αἵματος τοῦ ἐπὶ τοῦ θυσιαστηρίου, καὶ προσέρανεν ἐπὶ Ἀαρὼν καὶ τὰς στολὰς αὐτοῦ καὶ τοὺς υἱοὺς αὐτοῦ καὶ τὰς στολὰς τῶν υἱῶν αὐτοῦ μετ᾽ αὐτοῦ.",36,ܘܢܣܒ ܡܘܫܐ ܡܢ ܡܫܚܐ ܕܡܫܝܚܘܬܐ. ܘܡܢ ܕܡܐ ܕܥܠ ܡܕܒܚܐ. ܘܪܣ ܥܠ ܐܗܪܘܢ ܘܥܠ ܠܒܘܫ̈ܘܗܝ ܘܥܠ ܒܢ̈ܘܗܝ. ܘܥܠ ܠܒܘܫ̈ܐ ܕܒܢ̈ܘܗܝ ܥܡܗ. ܘܩܕܫ ܠܐܗܪܘܢ ܘܠܠܒܘܫ̈ܘܗܝ ܘܠܒܢ̈ܘܗܝ ܘܠܠܒܘܫ̈ܐ ܕܒܢ̈ܘܗܝ ܥܡܗ.,27,"Tomou Moisés também do óleo da unção, e do sangue que estava sobre o altar, e o espargiu sobre Arão e suas vestes, e sobre seus filhos e as vestes de seus filhos com ele; e assim santificou tanto a Arão e suas vestes, como a seus filhos e as vestes de seus filhos com ele.",56,True,True,True
8,31,Levítico 8:31,וַיֹּ֨אמֶר מֹשֶׁ֜ה אֶל־ אַהֲרֹ֣ן וְאֶל־ בָּנָ֗יו בַּשְּׁל֣וּ אֶת־ הַבָּשָׂר֮ פֶּ֣תַח אֹ֣הֶל מוֹעֵד֒ וְשָׁם֙ תֹּאכְל֣וּ אֹת֔וֹ וְאֶ֨ת־ הַלֶּ֔חֶם אֲשֶׁ֖ר בְּסַ֣ל הַמִּלֻּאִ֑ים כַּאֲשֶׁ֤ר צִוֵּ֨יתִי֙ לֵאמֹ֔ר אַהֲרֹ֥ן וּבָנָ֖יו יֹאכְלֻֽהוּ ׃,ויאמר משה אל אהרנ ואל בניו בשלו את הבשר פתח אהל מועד ושמ תאכלו אתו ואת הלחמ אשר בסל המלאימ כאשר צויתי לאמר אהרנ ובניו יאכלהו,27,ואמר משה לאהרן ולבנוהי בשילו ית בסרא בתרע משכן זמנא ותמן תיכלון יתיה וית לחמא די בסל קרבניא כמא די פקדית למימר אהרן ובנוהי ייכלניה:,25,"καὶ εἶπεν Μωυσῆς πρὸς Ἀαρὼν καὶ τοὺς υἱοὺς αὐτοῦ Ἑψήσατε τὰ κρέα ἐν τῇ αὐλῇ τῆς σκηνῆς τοῦ μαρτυρίου ἐν τόπῳ ἁγίῳ, καὶ ἐκεῖ φάγεσθε αὐτὰ καὶ τοὺς ἄρτους ἐν τῷ κανῷ τῆς τελειώσεως, ὃν τρόπον συντέτακταί μοι λέγων Ἀαρὼν καὶ οἱ υἱοὶ αὐτοῦ φάγονται ταῦτα·",46,ܘܐܡܪ ܡܘܫܐ ܠܐܗܪܘܢ ܘܠܒܢ̈ܘܗܝ. ܒܫܠܘ ܒܣܪܐ ܒܬܪܥܐ ܕܡܫܟܢ ܙܒܢܐ. ܘܬܡܢ ܐܘܟܠܘܗܝ ܠܗ ܘܠܠܚܡܐ ܕܒܣܠܐ ܕܫܘܡܠܝܐ. ܐܝܟ ܕܐܬܦܩ̈ܕܬ ܕܐܗܪܘܢ ܘܒܢ̈ܘܗܝ ܢܐܟܠܘܢܗ.,20,"E disse Moisés a Arão e seus filhos: Cozei a carne à porta da tenda da revelação; e ali a comereis com o pão que está no cesto da consagração, como ordenei, dizendo: Arão e seus filhos a comerão.",39,True,True,True
8,32,Levítico 8:32,וְהַנּוֹתָ֥ר בַּבָּשָׂ֖ר וּבַלָּ֑חֶם בָּאֵ֖שׁ תִּשְׂרֹֽפוּ ׃,והנותר בבשר ובלחמ באש תשרפו,6,ודאשתאר בבשרא ובלחמא בנורא תוקדון:,5,καὶ τὸ καταλειφθὲν τῶν κρεῶν καὶ τῶν ἄρτων ἐν πυρὶ κατακαυθήσεται.,11,ܘܡܕܡ ܕܡܫܬܚܪ ܡܢ ܒܣܪܐ ܘܡܢ ܠܚܡܐ ܒܢܘܪܐ ܬܘܩܕܘܢܗ.,8,"Mas o que restar da carne e do pão, queimá-lo-eis ao fogo.",12,True,True,True
8,33,Levítico 8:33,וּמִפֶּתַח֩ אֹ֨הֶל מוֹעֵ֜ד לֹ֤א תֵֽצְאוּ֙ שִׁבְעַ֣ת יָמִ֔ים עַ֚ד י֣וֹם מְלֹ֔את יְמֵ֖י מִלֻּאֵיכֶ֑ם כִּ֚י שִׁבְעַ֣ת יָמִ֔ים יְמַלֵּ֖א אֶת־ יֶדְכֶֽם ׃,ומפתח אהל מועד לא תצאו שבעת ימימ עד יומ מלאת ימי מלאיכמ כי שבעת ימימ ימלא את ידכמ,19,ומתרע משכן זמנא לא תפקון שבעא יומין עד יום משלם יומי קרבניכון ארי שבעא יומין יקרב ית קרבנכון:,18,"καὶ ἀπὸ τῆς θύρας τῆς σκηνῆς τοῦ μαρτυρίου οὐκ ἐξελεύσεσθε ἑπτὰ ἡμέρας, ἕως ἡμέρα πληρωθῇ τελειώσεως ὑμῶν· ἑπτὰ γὰρ ἡμέρας τελειώσει τὰς χεῖρας ὑμῶν,",24,ܘܡܢ ܬܪܥܐ ܕܡܫܟܢܙܒܢܐ ܠܐ ܬܦܩܘܢ ܫܒܥܐ ܝܘܡ̈ܝܢ. ܥܕܡܐ ܕܡ̇ܠܝܢ ܝܘܡ̈ܝ ܫܘܡܠܝܟܘܢ. ܡܛܠ ܕܫܒܥܐ ܝܘܡ̈ܝܢ ܡܫܡܠܝܢ ܐܝ̈ܕܝܟܘܢ.,16,"Durante sete dias não saireis da porta da tenda da revelação, até que se cumpram os dias da vossa consagração; porquanto por sete dias ele vos consagrará.",27,True,True,True
8,34,Levítico 8:34,כַּאֲשֶׁ֥ר עָשָׂ֖ה בַּיּ֣וֹם הַזֶּ֑ה צִוָּ֧ה יְהוָ֛ה לַעֲשֹׂ֖ת לְכַפֵּ֥ר עֲלֵיכֶֽם ׃,כאשר עשה ביומ הזה צוה יהוה לעשת לכפר עליכמ,10,כמא די עבד ביומא הדין פקיד יי למעבד לכפרא עליכון:,10,καθάπερ ἐποίησεν ἐν τῇ ἡμέρᾳ ταύτῃ ᾗ ἐνετείλατο Κύριος τοῦ ποιῆσαι ὥστε ἐξιλάσασθαι περὶ ὑμῶν.,15,ܐܝܟ ܕܥܒ̇ܕܬ ܒܝܘܡܐ ܗܢܐ. ܗܟܢܐ ܦܩܕ ܡܪܝܐ ܠܡܥܒܕ ܘܠܡܚܣܝܘ ܥܠܝܟܘܢ.,10,"Como se fez neste dia, assim o senhor ordenou que se proceda, para fazer expiação por vós.",17,True,True,True
8,35,Levítico 8:35,וּפֶתַח֩ אֹ֨הֶל מוֹעֵ֜ד תֵּשְׁב֨וּ יוֹמָ֤ם וָלַ֨יְלָה֙ שִׁבְעַ֣ת יָמִ֔ים וּשְׁמַרְתֶּ֛ם אֶת־ מִשְׁמֶ֥רֶת יְהוָ֖ה וְלֹ֣א תָמ֑וּתוּ כִּי־ כֵ֖ן צֻוֵּֽיתִי ׃,ופתח אהל מועד תשבו יוממ ולילה שבעת ימימ ושמרתמ את משמרת יהוה ולא תמותו כי כנ צויתי,18,ובתרע משכן זמנא תיתבון ימם ולילי שבעא יומין ותטרון ית מטרת מימרא דיי ולא תמותון ארי כן אתפקדית:,18,"καὶ ἐπὶ τὴν θύραν τῆς σκηνῆς τοῦ μαρτυρίου καθήσεσθε ἑπτὰ ἡμέρας, ἡμέραν καὶ νύκτα· φυλάξεσθε τὰ φυλάγματα Κυρίου, ἵνα μὴ ἀποθάνητε· οὕτως γὰρ ἐνετείλατό μοι Κύριος ὁ θεός.",28,ܘܒܬܪܥܐ ܕܡܫܟܢܙܒܢܐ ܬܒܘ ܫܒܥܐ ܝܘܡ̈ܝܢ ܐܝܡܡܐ ܘܠܠܝܐ. ܘܛܪܘ ܢܛܘܪ̈ܬܗ ܕܡܪܝܐ ܘܠܐ ܬܡܘܬܘܢ. ܡܛܠ ܕܗܟܢܐ ܐܬܦܩܕܬ.,15,"Permanecereis, pois, à porta da tenda da revelação dia e noite por sete dias, e guardareis as ordenanças do Senhor, para que não morrais; porque assim me foi ordenado.",29,True,True,True
8,36,Levítico 8:36,וַיַּ֥עַשׂ אַהֲרֹ֖ן וּבָנָ֑יו אֵ֚ת כָּל־ הַדְּבָרִ֔ים אֲשֶׁר־ צִוָּ֥ה יְהוָ֖ה בְּיַד־ מֹשֶֽׁה ׃ ס,ויעש אהרנ ובניו את כל הדברימ אשר צוה יהוה ביד משה ס,13,ועבד אהרן ובנוהי ית כל פתגמיא די פקיד יי בידא דמשה:,11,καὶ ἐποίησεν Ἀαρὼν καὶ οἱ υἱοὶ αὐτοῦ πάντας τοὺς λόγους οὓς συνέταξεν Κύριος τῷ Μωσῇ.,15,ܘܥܒܕ ܐܗܪܘܢ ܘܒܢ̈ܘܗܝ ܟܠܗܘܢ ܦܬ̈ܓܡܐ ܕܦܩܕ ܡܪܝܐ ܒܐܝܕܐ ܕܡܘܫܐ.,9,E Arão e seus filhos fizeram todas as coisas que o Senhor ordenara por intermédio de Moisés.,17,True,True,True
9,1,Levítico 9:1,וַיְהִי֙ בַּיּ֣וֹם הַשְּׁמִינִ֔י קָרָ֣א מֹשֶׁ֔ה לְאַהֲרֹ֖ן וּלְבָנָ֑יו וּלְזִקְנֵ֖י יִשְׂרָאֵֽל ׃,ויהי ביומ השמיני קרא משה לאהרנ ולבניו ולזקני ישראל,10,והוה ביומא תמינאה קרא משה לאהרן ולבנוהי ולסבי ישראל:,9,Καὶ ἐγενήθη τῇ ἡμέρᾳ τῇ ὀγδόῃ ἐκάλεσεν Μωσῆς Ἀαρὼν καὶ τοὺς υἱοὺς αὐτοῦ καὶ τὴν γερουσίαν Ἰσραήλ.,17,ܘܗܘܐ ܒܝܘܡܐ ܬܡܝܢܝܐ. ܩܪܐ ܡܘܫܐ ܠܐܗܪܘܢ ܘܠܒ̈ܢܘܗܝ ܘܠܣܒ̈ܐ ܕܒܢ̈ܝ ܐܝܣܪܝܠ.,10,"Ora, ao dia oitavo, Moisés chamou a Arão e seus filhos, e os anciãos de Israel,",16,True,True,True
9,2,Levítico 9:2,וַיֹּ֣אמֶר אֶֽל־ אַהֲרֹ֗ן קַח־ לְ֠ךָ עֵ֣גֶל בֶּן־ בָּקָ֧ר לְחַטָּ֛את וְאַ֥יִל לְעֹלָ֖ה תְּמִימִ֑ם וְהַקְרֵ֖ב לִפְנֵ֥י יְהוָֽה ׃,ויאמר אל אהרנ קח לכ עגל בנ בקר לחטאת ואיל לעלה תמיממ והקרב לפני יהוה,16,ואמר לאהרן סב לך עגל בר תורי לחטאתא ודכר לעלתא שלמין וקרב קדם יי:,14,"καὶ εἶπεν Μωυσῆς πρὸς Ἀαρών Λάβε σεαυτῷ μοσχάριον ἁπαλὸν ἐκ βοῶν περὶ ἁμαρτίας καὶ κριὸν εἰς ὁλοκαύτωμα, ἄμωμα, καὶ προσένεγκε αὐτὰ ἔναντι Κυρίου·",23,ܘܐܡܪ ܠܐܗܪܘܢ ܣܒ ܠܟ ܥܓܠܐ ܚܕ ܒܪ ܒܩܪܐ ܠܚܛܗܐ. ܘܕܟܪܐ ܕܕܟܐ ܡܢ ܡܘܡܐ ܠܝܩܕܐ ܫܠܡܐ . ܘܩܪܒ ܩܕܡ ܡܪܝܐ.,19,"e disse a Arão: Toma um bezerro tenro para oferta pelo pecado, e um carneiro para holocausto, ambos sem defeito, e oferece-os perante o Senhor.",25,True,True,True
9,3,Levítico 9:3,וְאֶל־ בְּנֵ֥י יִשְׂרָאֵ֖ל תְּדַבֵּ֣ר לֵאמֹ֑ר קְח֤וּ שְׂעִיר־ עִזִּים֙ לְחַטָּ֔את וְעֵ֨גֶל וָכֶ֧בֶשׂ בְּנֵי־ שָׁנָ֛ה תְּמִימִ֖ם לְעֹלָֽה ׃,ואל בני ישראל תדבר לאמר קחו שעיר עזימ לחטאת ועגל וכבש בני שנה תמיממ לעלה,16,ועם בני ישראל תמלל למימר סיבו צפיר בר עזין לחטאתא ועגל ואמר בני שנא שלמין לעלתא:,16,"καὶ τῇ γερουσίᾳ Ἰσραὴλ λάλησον λέγων Λάβετε χίμαρον ἐξ αἰγῶν ἕνα περὶ ἁμαρτίας, καὶ μοσχάριον καὶ ἀμνὸν ἐνιαύσιον εἰς ὁλοκάρπωσιν, ἄμωμα,",21,ܘܐܡܪ ܠܒܢ̈ܝ ܐܝܣܪܝܠ ܣܒܘ ܠܟܘܢ ܨܦܪܝܐ ܕܥ̈ܙܐ ܠܚܛܗܐ. ܘܥܓܠܐ ܘܐܡܪ̈ܐ ܒܢ̈ܝ ܫܢܬܐ ܕܠܝܬ ܒܗܘܢ ܡܘܡܐ ܠܝܩܕܐ ܕܥܠܬܐ.,17,"E falarás aos filhos de Israel, dizendo: Tomai um bode para oferta pelo pecado; e um bezerro e um cordeiro, ambos de um ano, e sem defeito, como holocausto;",29,True,True,True
9,4,Levítico 9:4,וְשׁ֨וֹר וָאַ֜יִל לִשְׁלָמִ֗ים לִזְבֹּ֨חַ֙ לִפְנֵ֣י יְהוָ֔ה וּמִנְחָ֖ה בְּלוּלָ֣ה בַשָּׁ֑מֶן כִּ֣י הַיּ֔וֹם יְהוָ֖ה נִרְאָ֥ה אֲלֵיכֶֽם ׃,ושור ואיל לשלמימ לזבח לפני יהוה ומנחה בלולה בשמנ כי היומ יהוה נראה אליכמ,15,ותור ודכר לנכסת קודשיא לדבחא קדם יי ומנחתא דפילא במשח ארי יומא דין יקרא דיי מתגלי לכון:,17,"καὶ μόσχον καὶ κριὸν εἰς θυσίαν σωτηρίου ἔναντι Κυρίου, καὶ σεμίδαλιν πεφυραμένην ἐν ἐλαίῳ· ὅτι σήμερον Κύριος ὀφθήσεται ἐν ὑμῖν.",20,ܘܬܘܪܐ ܘܕܟܪܐ ܠܕܒܚܐ ܫܠܡܐ ܩܕܡ ܡܪܝܐ. ܘܣܡܝܕܐ ܕܦܝܠ ܒܡܫܚܐ. ܡܛܠ ܕܝܘܡܢܐ ܡܬܚܙܐ ܠܟܘܢ ܡܪܝܐ.,14,"também um boi e um carneiro para ofertas pacíficas, para sacrificar perante o Senhor e oferta de cereais, amassada com azeite; porquanto hoje o Senhor vos aparecerá.",27,True,True,True
9,5,Levítico 9:5,וַיִּקְח֗וּ אֵ֚ת אֲשֶׁ֣ר צִוָּ֣ה מֹשֶׁ֔ה אֶל־ פְּנֵ֖י אֹ֣הֶל מוֹעֵ֑ד וַֽיִּקְרְבוּ֙ כָּל־ הָ֣עֵדָ֔ה וַיַּֽעַמְד֖וּ לִפְנֵ֥י יְהוָֽה ׃,ויקחו את אשר צוה משה אל פני אהל מועד ויקרבו כל העדה ויעמדו לפני יהוה,16,ונסיבו ית די פקיד משה לקדם משכן זמנא וקריבו כל כנשתא וקמו קדם יי:,14,"καὶ ἔλαβον καθὸ ἐνετείλατο Μωυσῆς ἀπέναντι τῆς σκηνῆς τοῦ μαρτυρίου· καὶ προσῆλθεν πᾶσα συναγωγή, καὶ ἔστησαν ἔναντι Κυρίου.",18,ܘܢܣܒܘ ܟܠܡܕܡ ܕܦܩܕ ܐܢܘܢ ܡܘܫܐ. ܘܐܬܘ ܩܕܡ ܡܫܟܢܙܒܢܐ. ܘܩܪܒܬ ܟܘܠܗ̇ ܟܢܘܫܬܐ ܘܩܡܘ ܩܕܡ ܡܪܝܐ.,14,"Então trouxeram até a entrada da tenda da revelação o que Moisés ordenara, e chegou-se toda a congregação, e ficou de pé diante do Senhor.",25,True,True,True
9,6,Levítico 9:6,וַיֹּ֣אמֶר מֹשֶׁ֔ה זֶ֧ה הַדָּבָ֛ר אֲשֶׁר־ צִוָּ֥ה יְהוָ֖ה תַּעֲשׂ֑וּ וְיֵרָ֥א אֲלֵיכֶ֖ם כְּב֥וֹד יְהוָֽה ׃,ויאמר משה זה הדבר אשר צוה יהוה תעשו וירא אליכמ כבוד יהוה,13,ואמר משה דין פתגמא די פקיד יי תעבדון ויתגלי לכון יקרא דיי:,12,"καὶ εἶπεν Μωσῆς Τοῦτο τὸ ῥῆμα ὃ εἶπεν Κύριος ποιήσατε, καὶ ὀφθήσεται ἐν ὑμῖν δόξα Κυρίου.",16,ܘܐܡܪ ܡܘܫܐ. ܗܢܘ ܦܬܓܡܐ ܕܦܩܕ ܡܪܝܐ ܕܬܥܒܕܘܢ. ܘܢܬܓܠܐ ܥܠܝܟܘܢ ܫܘܒܚܗ ܕܡܪܝܐ.,11,E disse Moisés: Esta é a coisa que o Senhor ordenou que fizésseis; e a glória do Senhor vos aparecerá.,20,True,True,True
9,7,Levítico 9:7,וַיֹּ֨אמֶר מֹשֶׁ֜ה אֶֽל־ אַהֲרֹ֗ן קְרַ֤ב אֶל־ הַמִּזְבֵּ֨חַ֙ וַעֲשֵׂ֞ה אֶת־ חַטָּֽאתְךָ֙ וְאֶת־ עֹ֣לָתֶ֔ךָ וְכַפֵּ֥ר בַּֽעַדְךָ֖ וּבְעַ֣ד הָעָ֑ם וַעֲשֵׂ֞ה אֶת־ קָרְבַּ֤ן הָעָם֙ וְכַפֵּ֣ר בַּֽעֲדָ֔ם כַּאֲשֶׁ֖ר צִוָּ֥ה יְהוָֽה ׃,ויאמר משה אל אהרנ קרב אל המזבח ועשה את חטאתכ ואת עלתכ וכפר בעדכ ובעד העמ ועשה את קרבנ העמ וכפר בעדמ כאשר צוה יהוה,26,ואמר משה לאהרן קרב למדבחא ועבד ית חטאתך וית עלתך וכפר עלך ועל עמא ועבד ית קרבן עמא וכפר עליהון כמא די פקיד יי:,24,"καὶ εἶπεν Μωυσῆς τῷ Ἀαρών Πρόσελθε πρὸς τὸ θυσιαστήριον, καὶ ποίησον τὸ περὶ τῆς ἁμαρτίας σου καὶ τὸ ὁλοκαύτωμά σου, καὶ ἐξίλασαι περὶ σεαυτοῦ καὶ τοῦ οἴκου σου· καὶ ποίησον τὰ δῶρα τοῦ λαοῦ, καὶ ἐξίλασαι περὶ αὐτῶν, καθάπερ ἐνετείλατο Κύριος τῷ Μωυσῇ.",43,ܘܐܡܪ ܡܘܫܐ ܠܐܗܪܘܢ. ܩܪܘܒ ܩܕܡ ܡܕܒܚܐ ܘܩܪܒ ܚܛܗܟ ܘܝܩܕܟ ܫܠܡܐ. ܘܚܣܐ ܥܠܝܟ ܘܥܠ ܥܡܐ. ܘܩܪܒ ܩܘܪܒܢܐ ܕܥܡܐ ܘܚܣܐ ܥܠܝܗܘܢ. ܐܝܟܢܐ ܕܦܩܕ ܡܪܝܐ.,22,"Depois disse Moisés a Arão: Chega-te ao altar, e apresenta a tua oferta pelo pecado e o teu holocausto, e faze expiação por ti e pelo povo; também apresenta a oferta do povo, e faze expiação por ele, como ordenou o Senhor.",42,True,True,True
9,8,Levítico 9:8,וַיִּקְרַ֥ב אַהֲרֹ֖ן אֶל־ הַמִּזְבֵּ֑חַ וַיִּשְׁחַ֛ט אֶת־ עֵ֥גֶל הַחַטָּ֖את אֲשֶׁר־ לֽוֹ ׃,ויקרב אהרנ אל המזבח וישחט את עגל החטאת אשר לו,11,וקרב אהרן למדבחא ונכס ית עגלא דחטאתא די ליה:,9,"Καὶ προσῆλθεν Ἀαρὼν πρὸς τὸ θυσιαστήριον, καὶ ἔσφαξεν τὸ μοσχάριον τὸ περὶ τῆς ἁμαρτίας·",14,ܘܩ̣ܪܒ ܐܗܪܘܢ ܠܘܬ ܡܕܒܚܐ. ܘܢܟܣ ܥܓܠܐ ܕܚܛܗܐ ܕܝܠܗ.,8,"Arão, pois, chegou-se ao altar, e imolou o bezerro que era a sua própria oferta pelo pecado.",17,True,True,True
9,9,Levítico 9:9,וַ֠יַּקְרִבוּ בְּנֵ֨י אַהֲרֹ֣ן אֶת־ הַדָּם֮ אֵלָיו֒ וַיִּטְבֹּ֤ל אֶצְבָּעוֹ֙ בַּדָּ֔ם וַיִּתֵּ֖ן עַל־ קַרְנ֣וֹת הַמִּזְבֵּ֑חַ וְאֶת־ הַדָּ֣ם יָצַ֔ק אֶל־ יְס֖וֹד הַמִּזְבֵּֽחַ ׃,ויקרבו בני אהרנ את הדמ אליו ויטבל אצבעו בדמ ויתנ על קרנות המזבח ואת הדמ יצק אל יסוד המזבח,20,וקריבו בני אהרן ית דמא ליה וטבל אצבעיה בדמא ויהב על קרנת מדבחא וית דמא אריק ליסודא דמדבחא:,18,"καὶ προσήνεγκαν οἱ υἱοὶ Ἀαρὼν τὸ αἷμα πρὸς αὐτόν, καὶ ἔβαψεν τὸν δάκτυλον εἰς τὸ αἷμα καὶ ἐπέθηκεν ἐπὶ τὰ κέρατα τοῦ θυσιαστηρίου, καὶ τὸ αἷμα ἐξέχεεν ἐπὶ τὴν βάσιν τοῦ θυσιαστηρίου·",32,ܘܩ̇ܪܒܘ ܠܗ ܕܡܐ ܒܢ̈ܘܗܝ ܕܐܗܪܘܢ. ܘܨܒܥ ܨܒܥܗ ܒܕܡܐ. ܘܪܣ ܥܠ ܩܪ̈ܢܬܗ ܕܡܕܒܚܐ. ܘܕܡܐ ܐܫܕ ܥܠ ܫ̈ܦܘܠܘܗܝ ܕܡܕܒܚܐ.,17,"Os filhos de Arão trouxeram-lhe o sangue; e ele molhou o dedo no sangue, e o pôs sobre as pontas do altar, e derramou o sangue à base do altar;",30,True,True,True
9,10,Levítico 9:10,וְאֶת־ הַחֵ֨לֶב וְאֶת־ הַכְּלָיֹ֜ת וְאֶת־ הַיֹּתֶ֤רֶת מִן־ הַכָּבֵד֙ מִן־ הַ֣חַטָּ֔את הִקְטִ֖יר הַמִּזְבֵּ֑חָה כַּאֲשֶׁ֛ר צִוָּ֥ה יְהוָ֖ה אֶת־ מֹשֶֽׁה ׃,ואת החלב ואת הכלית ואת היתרת מנ הכבד מנ החטאת הקטיר המזבחה כאשר צוה יהוה את משה,18,וית תרבא וית כליתא וית חצרא מן כבדא מן חטאתא אסק למדבחא כמא די פקיד יי ית משה:,18,"καὶ τὸ στέαρ καὶ τοὺς νεφροὺς καὶ τὸν λοβὸν τοῦ ἥπατος τοῦ περὶ τῆς ἁμαρτίας ἀνήνεγκεν ἐπὶ τὸ θυσιαστήριον, ὃν τρόπον ἐνετείλατο Κύριος τῷ Μωσῇ·",25,ܘܬܪܒܐ ܘܟ̈ܘܠܝܬܐ. ܘܚܨܪ ܟܒܕܐ ܡܢ ܚܛܗܐ ܐܣܩ ܠܡܕܒܚܐ ܐܝܟ ܕܦܩܕ ܡܪܝܐ ܠܡܘܫܐ.,12,"mas a gordura, e os rins, e o redenho do fígado, tirados da oferta pelo pecado, queimou-os sobre o altar, como o Senhor ordenara a Moisés.",26,True,True,True
9,11,Levítico 9:11,וְאֶת־ הַבָּשָׂ֖ר וְאֶת־ הָע֑וֹר שָׂרַ֣ף בָּאֵ֔שׁ מִח֖וּץ לַֽמַּחֲנֶֽה ׃,ואת הבשר ואת העור שרפ באש מחוצ למחנה,9,וית בשרא וית משכא אוקיד בנורא מברא למשריתא:,8,καὶ τὰ κρέα καὶ τὴν βύρσαν κατέκαυσεν αὐτὰ πυρὶ ἔξω τῆς παρεμβολῆς.,12,ܘܒܣܪܐ ܘܡܫܟܐ ܐܘܩܕ ܒܢܘܪܐ ܠܒܪ ܡܢ ܡܫܪܝܬܐ.,7,E queimou ao fogo fora do arraial a carne e o couro.,12,True,True,True
9,12,Levítico 9:12,וַיִּשְׁחַ֖ט אֶת־ הָעֹלָ֑ה וַ֠יַּמְצִאוּ בְּנֵ֨י אַהֲרֹ֤ן אֵלָיו֙ אֶת־ הַדָּ֔ם וַיִּזְרְקֵ֥הוּ עַל־ הַמִּזְבֵּ֖חַ סָבִֽיב ׃,וישחט את העלה וימצאו בני אהרנ אליו את הדמ ויזרקהו על המזבח סביב,14,ונכס ית עלתא ואמטיאו בני אהרן ליה ית דמא וזרקיה על מדבחא סחור סחור:,14,"καὶ ἔσφαξεν τὸ ὁλοκαύτωμα· καὶ προσήνεγκαν οἱ υἱοὶ Ἀαρὼν καὶ τὸ αἷμα πρὸς αὐτόν, καὶ προσέχεεν ἐπὶ τὸ θυσιαστήριον κύκλῳ·",20,ܘܢܟܣ ܝܩܕܐ ܫܠܡܐ. ܘܡܛܝܘ ܠܗ ܕܡܐ ܒ̈ܢܝ ܐܗܪܘܢ. ܘܪܣܗ ܥܠ ܡܕܒܚܐ ܟܕ ܚ̇ܕܪ.,13,"Depois imolou o holocausto, e os filhos de Arão lhe entregaram o sangue, e ele o espargiu sobre o altar em redor.",22,True,True,True
9,13,Levítico 9:13,וְאֶת־ הָעֹלָ֗ה הִמְצִ֧יאוּ אֵלָ֛יו לִנְתָחֶ֖יהָ וְאֶת־ הָרֹ֑אשׁ וַיַּקְטֵ֖ר עַל־ הַמִּזְבֵּֽחַ ׃,ואת העלה המציאו אליו לנתחיה ואת הראש ויקטר על המזבח,11,וית עלתא אמטיאו ליה לאברהא וית רישא ואסק על מדבחא:,10,"καὶ τὸ ὁλοκαύτωμα, προσήνεγκαν αὐτὸ κατὰ μέλη, αὐτὰ καὶ τὴν κεφαλήν, καὶ ἐπέθηκεν ἐπὶ τὸ θυσιαστήριον·",16,ܘܝܩܕܐ ܫܠܡܐ ܡܛܝܘ ܠܗ. ܘܦܫܚܗ ܗܕܡ ܗܕܡ. ܘܪܫܐ ܐܣܩ ܠܡܕܒܚܐ.,10,"Também lhe entregaram o holocausto, pedaço por pedaço, e a cabeça; e ele os queimou sobre o altar.",18,True,True,True
9,14,Levítico 9:14,וַיִּרְחַ֥ץ אֶת־ הַקֶּ֖רֶב וְאֶת־ הַכְּרָעָ֑יִם וַיַּקְטֵ֥ר עַל־ הָעֹלָ֖ה הַמִּזְבֵּֽחָה ׃,וירחצ את הקרב ואת הכרעימ ויקטר על העלה המזבחה,10,וחליל ית גוא וית כרעיא ואסק על עלתא למדבחא:,9,καὶ ἔπλυνεν τὴν κοιλίαν καὶ τοὺς πόδας ὕδατι καὶ ἐπέθηκεν ἐπὶ τὸ ὁλοκαύτωμα ἐπὶ τὸ θυσιαστήριον.,16,ܘܐܫܝܓ ܓܘܝܐ ܘܟܪ̈ܥܐ ܘܐܣܩ ܝܩܕܐ ܫܠܡܐ ܠܡܕܒܚܐ.,7,"E lavou a fressura e as pernas, e as queimou sobre o holocausto no altar.",15,True,True,True
9,15,Levítico 9:15,וַיַּקְרֵ֕ב אֵ֖ת קָרְבַּ֣ן הָעָ֑ם וַיִּקַּ֞ח אֶת־ שְׂעִ֤יר הַֽחַטָּאת֙ אֲשֶׁ֣ר לָעָ֔ם וַיִּשְׁחָטֵ֥הוּ וַֽיְחַטְּאֵ֖הוּ כָּרִאשֽׁוֹן ׃,ויקרב את קרבנ העמ ויקח את שעיר החטאת אשר לעמ וישחטהו ויחטאהו כראשונ,14,וקרב ית קרבן עמא ונסיב ית צפירא דחטאתא די לעמא ונכסיה וכפר בדמיה כקדמאה:,14,"Καὶ προσήνεγκαν τὸ δῶρον τοῦ λαοῦ· καὶ ἔλαβεν τὸν χίμαρον τὸν περὶ τῆς ἁμαρτίας τοῦ λαοῦ, καὶ ἔσφαξεν αὐτὸ καθὰ καὶ τὸ πρῶτον.",23,ܘܩܪܒ ܩܘܪܒܢܐ ܕܥܡܐ. ܘܢܣܒ ܨܦܪܝܐ ܕܚܛܗܐ ܕܥܡܐ ܘܢܟܣܗ ܘܕܟܝܗ ܐܝܟ ܩܕܡܝܐ.,11,"Então apresentou a oferta do povo e, tomando o bode que era a oferta pelo pecado do povo, imolou-o e o ofereceu pelo pecado, como fizera com o primeiro.",29,True,True,True
9,16,Levítico 9:16,וַיַּקְרֵ֖ב אֶת־ הָעֹלָ֑ה וַֽיַּעֲשֶׂ֖הָ כַּמִּשְׁפָּֽט ׃,ויקרב את העלה ויעשה כמשפט,6,וקרב ית עלתא ועבדה כדחזי:,5,"καὶ προσήνεγκεν τὸ ὁλοκαύτωμα, καὶ ἐποίησεν αὐτὸ ὡς καθήκει.",9,ܘܩܪܒ ܝܩܕܐ ܫܠܡܐ ܘܥܒܕܗ ܐܝܟ ܙܕܩܗ.,6,"Apresentou também o holocausto, e o ofereceu segundo a ordenança.",10,True,True,True
9,17,Levítico 9:17,וַיַּקְרֵב֮ אֶת־ הַמִּנְחָה֒ וַיְמַלֵּ֤א כַפּוֹ֙ מִמֶּ֔נָּה וַיַּקְטֵ֖ר עַל־ הַמִּזְבֵּ֑חַ מִלְּבַ֖ד עֹלַ֥ת הַבֹּֽקֶר ׃,ויקרב את המנחה וימלא כפו ממנה ויקטר על המזבח מלבד עלת הבקר,13,וקרב ית מנחתא ומלא ידיה מנה ואסק על מדבחא בר מעלת צפרא:,12,"καὶ προσήνεγκεν τὴν θυσίαν, καὶ ἔπλησεν τὰς χεῖρας ἀπ᾽ αὐτῆς, καὶ ἐπέθηκεν ἐπὶ τὸ θυσιαστήριον χωρὶς τοῦ ὁλοκαυτώματος τοῦ πρωινοῦ.",20,ܘܩܪܒ ܣܡܝܕܐ ܘܡܠܐ ܐܝܕܗ ܡܢܗ. ܘܐܣܩ ܥܠ ܡܕܒܚܐ ܠܒܪ ܡܢ ܝܩܕܐ ܫܠܡܐ ܕܨܦܪܝܐ.,13,"E apresentou a oferta de cereais e, tomando dela um punhado, queimou-o sobre o altar, além do holocausto da manhã.",20,True,True,True
9,18,Levítico 9:18,וַיִּשְׁחַ֤ט אֶת־ הַשּׁוֹר֙ וְאֶת־ הָאַ֔יִל זֶ֥בַח הַשְּׁלָמִ֖ים אֲשֶׁ֣ר לָעָ֑ם וַ֠יַּמְצִאוּ בְּנֵ֨י אַהֲרֹ֤ן אֶת־ הַדָּם֙ אֵלָ֔יו וַיִּזְרְקֵ֥הוּ עַל־ הַמִּזְבֵּ֖חַ סָבִֽיב ׃,וישחט את השור ואת האיל זבח השלמימ אשר לעמ וימצאו בני אהרנ את הדמ אליו ויזרקהו על המזבח סביב,20,ונכס ית תורא וית דכרא נכסת קודשיא די לעמא ואמטיאו בני אהרן ית דמא ליה וזרקיה על מדבחא סחור סחור:,20,"καὶ ἔσφαξεν τὸν μόσχον καὶ τὸν κριὸν τῆς θυσίας τοῦ σωτηρίου τῆς τοῦ λαοῦ· καὶ προσήνεγκαν οἱ υἱοὶ Ἀαρὼν τὸ αἷμα πρὸς αὐτόν, καὶ προσέχεεν πρὸς τὸ θυσιαστήριον κύκλῳ· ⸆",30,ܘܢܟܣ ܠܬܘܪܐ ܘܠܕܟܪܐ ܕܒܚܐ ܫܠܡܐ ܕܥܡܐ. ܘܡܛܝܘ ܠܗ ܒܢ̈ܝ ܐܗܪܘܢ ܕܡܐ. ܘܪܣܗ ܥܠ ܡܕܒܚܐ ܟܕ ܚ̇ܕܪ.,16,"Imolou também o boi e o carneiro em sacrifício de oferta pacífica pelo povo; e os filhos de Arão entregaram-lhe o sangue, que ele espargiu sobre o altar em redor,",30,True,True,True
9,19,Levítico 9:19,וְאֶת־ הַחֲלָבִ֖ים מִן־ הַשּׁ֑וֹר וּמִן־ הָאַ֔יִל הָֽאַלְיָ֤ה וְהַֽמְכַסֶּה֙ וְהַכְּלָיֹ֔ת וְיֹתֶ֖רֶת הַכָּבֵֽד ׃,ואת החלבימ מנ השור ומנ האיל האליה והמכסה והכלית ויתרת הכבד,12,וית תרביא מן תורא ומן דכרא אליתא וחפי גוא וכליתא וחצר כבדא:,12,"καὶ τὸ στέαρ τὸ ἀπὸ τοῦ μόσχου καὶ τοῦ κριοῦ, τὴν ὀσφὺν καὶ τὸ στέαρ τὸ κατακαλύπτον ἐπὶ τῆς κοιλίας καὶ τοὺς δύο νεφροὺς καὶ τὸ στέαρ τὸ ἐπ᾽ αὐτῶν καὶ τὸν λοβὸν τὸν ἐπὶ τοῦ ἥπατος·",37,ܘܬܪܒܐ ܕܬܘܪܐ ܘܕܕܟܪܐ ܘܐܠܝܬܐ ܘܩܪܡܐ ܕܓܘܝܐ. ܘܟܘ̈ܠܝܬܐ ܘܚܨܪ ܟܒܕܐ.,9,"como também a gordura do boi e do carneiro, a cauda gorda, e o que cobre a fressura, e os rins, e o redenho do fígado;",26,True,True,True
9,20,Levítico 9:20,וַיָּשִׂ֥ימוּ אֶת־ הַחֲלָבִ֖ים עַל־ הֶחָז֑וֹת וַיַּקְטֵ֥ר הַחֲלָבִ֖ים הַמִּזְבֵּֽחָה ׃,וישימו את החלבימ על החזות ויקטר החלבימ המזבחה,9,ושויאו ית תרביא על חדותא ואסק תרביא למדבחא:,8,"καὶ ἐπέθηκεν τὰ στέατα ἐπὶ τὰ στηθύνια, καὶ ἀνήνεγκαν τὰ στέατα ἐπὶ τὸ θυσιαστήριον·",14,ܘܣܡ ܬܪܒܐ ܥܠ ܚܕܘ̈ܬܐ. ܘܐܣܩ ܬܪܒܐ ܠܡܕܒܚܐ .,8,"e puseram a gordura sobre os peitos, e ele queimou a gordura sobre o altar;",15,True,True,True
9,21,Levítico 9:21,וְאֵ֣ת הֶחָז֗וֹת וְאֵת֙ שׁ֣וֹק הַיָּמִ֔ין הֵנִ֧יף אַהֲרֹ֛ן תְּנוּפָ֖ה לִפְנֵ֣י יְהוָ֑ה כַּאֲשֶׁ֖ר צִוָּ֥ה מֹשֶֽׁה ׃,ואת החזות ואת שוק הימינ הניפ אהרנ תנופה לפני יהוה כאשר צוה משה,14,וית חדותא וית שוקא דימינא ארם אהרן ארמא קדם יי כמא די פקיד משה:,14,"καὶ τὸ στηθύνιον καὶ τὸν βραχίονα τὸν δεξιὸν ἀφεῖλεν Ἀαρὼν ἀφαίρεμα ἔναντι Κυρίου, ὃν τρόπον συνέταξεν Κύριος τῷ Μωυσῇ.",19,ܘܚܕܘܬܐ ܘܫܩܐ ܕܝܡܝܢܐ. ܦܪܫ ܐܗܪܘܢ ܦܘܪܫܢܐ ܩܕܡ ܡܪܝܐ ܐܝܟ ܕܐܬܦܩܕ ܡܘܫܐ.,11,"mas os peitos e a coxa direita, ofereceu-os Arão por oferta movida perante o Senhor, como Moisés tinha ordenado.",19,True,True,True
9,22,Levítico 9:22,וַיִּשָּׂ֨א אַהֲרֹ֧ן אֶת־ ידו אֶל־ הָעָ֖ם וַֽיְבָרְכֵ֑ם וַיֵּ֗רֶד מֵעֲשֹׂ֧ת הַֽחַטָּ֛את וְהָעֹלָ֖ה וְהַשְּׁלָמִֽים ׃,וישא אהרנ את ידו אל העמ ויברכמ וירד מעשת החטאת והעלה והשלמימ,13,וארם אהרן ית ידוהי על עמא וברכנון ונחת מלמעבד חטאתא ועלתא ונכסת קודשיא:,13,"Καὶ ἐξάρας Ἀαρὼν τὰς χεῖρας ἐπὶ τὸν λαὸν εὐλόγησεν αὐτούς, καὶ κατέβη ποιήσας τὸ περὶ τῆς ἁμαρτίας καὶ τὰ ὁλοκαυτώματα καὶ τὰ τοῦ σωτηρίου.",24,ܘܐܪܝܡ ܐܗܪܘܢ ܐ̈ܝܕܘܗܝ ܥܠ ܥܡܐ ܘܒܪܟ ܐܢܘܢ. ܘܢܚܬ ܟܕ ܩܪܒ ܚܛܗܐ ܘܝܩܕܐ ܫܠܡܐ ܘܕܒܚܐ ܫܠܡܐ.,15,"Depois Arão, levantando as mãos para o povo, o abençoou e desceu, tendo acabado de oferecer a oferta pelo pecado, o holocausto e as ofertas pacíficas.",26,True,True,True
9,23,Levítico 9:23,וַיָּבֹ֨א מֹשֶׁ֤ה וְאַהֲרֹן֙ אֶל־ אֹ֣הֶל מוֹעֵ֔ד וַיֵּ֣צְא֔וּ וַֽיְבָרֲכ֖וּ אֶת־ הָעָ֑ם וַיֵּרָ֥א כְבוֹד־ יְהוָ֖ה אֶל־ כָּל־ הָעָֽם ׃,ויבא משה ואהרנ אל אהל מועד ויצאו ויברכו את העמ וירא כבוד יהוה אל כל העמ,17,ועל משה ואהרן למשכן זמנא ונפקו ובריכו ית עמא ואתגלי יקרא דיי לכל עמא:,14,"καὶ εἰσῆλθεν Μωσῆς καὶ Ἀαρὼν εἰς τὴν σκηνὴν τοῦ μαρτυρίου, καὶ ἐξελθόντες εὐλόγησαν πάντα τὸν λαόν· καὶ ὤφθη ἡ δόξα Κυρίου παντὶ τῷ λαῷ.",24,ܘܥܠܘ ܡܘܫܐ ܘܐܗܪܘܢ ܠܡܫܟܢܙܒܢܐ. ܘܢܦܩܘ ܒܪܟܘܗܝ ܠܥܡܐ. ܘܐܬܓܠܝ ܫܘܒܚܗ ܕܡܪܝܐ ܩܕܡ ܟܠܗ ܥܡܐ.,13,"E Moisés e Arão entraram na tenda da revelação; depois saíram, e abençoaram o povo; e a glória do Senhor apareceu a todo o povo,",25,True,True,True
9,24,Levítico 9:24,וַתֵּ֤צֵא אֵשׁ֙ מִלִּפְנֵ֣י יְהוָ֔ה וַתֹּ֨אכַל֙ עַל־ הַמִּזְבֵּ֔חַ אֶת־ הָעֹלָ֖ה וְאֶת־ הַחֲלָבִ֑ים וַיַּ֤רְא כָּל־ הָעָם֙ וַיָּרֹ֔נּוּ וַֽיִּפְּל֖וּ עַל־ פְּנֵיהֶֽם ׃,ותצא אש מלפני יהוה ותאכל על המזבח את העלה ואת החלבימ וירא כל העמ וירנו ויפלו על פניהמ,19,ונפקת אשתא מן קדם יי ואכלת על מדבחא ית עלתא וית תרביא וחזא כל עמא ושבחו ונפלו על אפיהון:,19,"καὶ ἐξῆλθεν πῦρ παρὰ Κυρίου, καὶ κατέφαγεν τὰ ἐπὶ τοῦ θυσιαστηρίου, τά τε ὁλοκαυτώματα καὶ τὰ στέατα· καὶ εἶδεν πᾶς ὁ λαὸς καὶ ἐξέστη, καὶ ἔπεσαν ἐπὶ πρόσωπον.",28,ܘܢܦܩܬ ܢܘܪܐ ܡܢ ܩܕܡ ܡܪܝܐ. ܘܐܟܠܬ ܥܠ ܡܕܒܚܐ ܬܪܒܐ ܘܝܩܕܐ ܫܠܡܐ. ܘܚܙܐ ܟܠܗ ܥܡܐ ܘܫܒܚܘ. ܘܢܦܠܘ ܥܠ ܐ̈ܦܝܗܘܢ.,18,"pois saiu fogo de diante do Senhor, e consumiu o holocausto e a gordura sobre o altar; o que vendo todo o povo, jubilaram e prostraram-se sobre os seus rostos.",30,True,True,True
10,1,Levítico 10:1,וַיִּקְח֣וּ בְנֵֽי־ אַ֠הֲרֹן נָדָ֨ב וַאֲבִיה֜וּא אִ֣ישׁ מַחְתָּת֗וֹ וַיִּתְּנ֤וּ בָהֵן֙ אֵ֔שׁ וַיָּשִׂ֥ימוּ עָלֶ֖יהָ קְטֹ֑רֶת וַיַּקְרִ֜בוּ לִפְנֵ֤י יְהוָה֙ אֵ֣שׁ זָרָ֔ה אֲשֶׁ֧ר לֹ֦א צִוָּ֖ה אֹתָֽם ׃,ויקחו בני אהרנ נדב ואביהוא איש מחתתו ויתנו בהנ אש וישימו עליה קטרת ויקרבו לפני יהוה אש זרה אשר לא צוה אתמ,23,ונסיבו בני אהרן נדב ואביהוא גבר מחתיתיה ויהבו בהון אשתא ושויאו עלה קטורת וקריבו קדם יי אשתא נוכריתא די לא פקיד יתהון:,22,"Καὶ λαβόντες οἱ δύο υἱοὶ Ἀαρὼν Ναδὰβ καὶ Ἀβιοὺδ ἕκαστος τὸ πυρεῖον αὐτοῦ ἐπέθηκαν ἐπ᾽ αὐτὸ πῦρ καὶ ἐπέβαλον ἐπ᾽ αὐτὸ θυμίαμα, καὶ προσήνεγκαν ἔναντι Κυρίου πῦρ ἀλλότριον ὃ οὐ προσέταξεν κύριος αὐτοῖς.",33,ܘܢܣܒܘ ܒܢ̈ܝ ܐܗܪܘܢ ܢܕܒ ܘܐܒܝܗܘ ܓܒܪ ܦܝܪܡܗ. ܘܣܡܘ ܒܗܘܢ ܢܘܪܐ ܘܣܡܘ ܒܗܘܢ ܒܣܡ̈ܐ. ܘܩܪܒܘ ܩܕܡ ܡܪܝܐ ܢܘܪܐ ܢܘܟܪܝܬܐ. ܕܠܐ ܒܙܒܢܗ̇ ܕܠܐ ܦܩܕ ܐܢܘܢ.,23,"Ora, Nadabe, e Abiú, filhos de Arão, tomaram cada um o seu incensário e, pondo neles fogo e sobre ele deitando incenso, ofereceram fogo estranho perante o Senhor, o que ele não lhes ordenara.",34,True,True,True
10,2,Levítico 10:2,וַתֵּ֥צֵא אֵ֛שׁ מִלִּפְנֵ֥י יְהוָ֖ה וַתֹּ֣אכַל אוֹתָ֑ם וַיָּמֻ֖תוּ לִפְנֵ֥י יְהוָֽה ׃,ותצא אש מלפני יהוה ותאכל אותמ וימתו לפני יהוה,10,ונפקת אשתא מן קדם יי ואכלת יתהון ומיתו קדם יי:,10,"καὶ ἐξῆλθεν πῦρ παρὰ Κυρίου καὶ κατέφαγεν αὐτούς, καὶ ἀπέθανον ἔναντι Κυρίου.",12,ܘܢܦܩܬ ܢܘܪܐ ܡܢ ܩܕܡ ܡܪܝܐ ܘܐܟܠܬ ܐܢܘܢ. ܘܡܝܬܘ ܩܕܡ ܡܪܝܐ.,10,"Então saiu fogo de diante do Senhor, e os devorou; e morreram perante o Senhor.",15,True,True,True
10,3,Levítico 10:3,וַיֹּ֨אמֶר מֹשֶׁ֜ה אֶֽל־ אַהֲרֹ֗ן הוּא֩ אֲשֶׁר־ דִּבֶּ֨ר יְהוָ֤ה ׀ לֵאמֹר֙ בִּקְרֹבַ֣י אֶקָּדֵ֔שׁ וְעַל־ פְּנֵ֥י כָל־ הָעָ֖ם אֶכָּבֵ֑ד וַיִּדֹּ֖ם אַהֲרֹֽן ׃,ויאמר משה אל אהרנ הוא אשר דבר יהוה לאמר בקרבי אקדש ועל פני כל העמ אכבד וידמ אהרנ,20,ואמר משה לאהרן הוא די מליל יי למימר בקריבי אתקדש ועל אפי כל עמא אתיקר ושתיק אהרן:,17,"καὶ εἶπεν Μωυσῆς πρὸς Ἀαρών Τοῦτό ἐστιν ὃ εἶπεν Κύριος λέγων Ἐν τοῖς ἐγγίζουσίν μοι ἁγιασθήσομαι, καὶ ἐν πάσῃ συναγωγῇ δοξασθήσομαι· καὶ κατενύχθη Ἀαρών.",24,ܘܐܡܪ ܡܘܫܐ ܠܐܗܪܘܢ. ܗܕܐ ܗܝ ܕܐܡܪ ܡܪܝܐ. ܕܒܩܪ̈ܝܒܝ ܐܬܩܕܫ ܘܩܕܡ ܟܠܗ ܥܡܐ ܐܫܬܒܚ. ܘܫܬܩ ܐܗܪܘܢ.,15,"Disse Moisés a Arão: Isto é o que o Senhor falou, dizendo: Serei santificado naqueles que se chegarem a mim, e serei glorificado diante de todo o povo. Mas Arão guardou silêncio.",32,True,True,True
10,4,Levítico 10:4,וַיִּקְרָ֣א מֹשֶׁ֗ה אֶל־ מִֽישָׁאֵל֙ וְאֶ֣ל אֶלְצָפָ֔ן בְּנֵ֥י עֻזִּיאֵ֖ל דֹּ֣ד אַהֲרֹ֑ן וַיֹּ֣אמֶר אֲלֵהֶ֗ם קִ֠רְב֞וּ שְׂא֤וּ אֶת־ אֲחֵיכֶם֙ מֵאֵ֣ת פְּנֵי־ הַקֹּ֔דֶשׁ אֶל־ מִח֖וּץ לַֽמַּחֲנֶֽה ׃,ויקרא משה אל מישאל ואל אלצפנ בני עזיאל דד אהרנ ויאמר אלהמ קרבו שאו את אחיכמ מאת פני הקדש אל מחוצ למחנה,23,וקרא משה למישאל ולאלצפן בני עזיאל אח אבוהי דאהרן ואמר להון קריבו טולו ית אחוכון מן קדם אפי קודשא למברא למשריתא:,21,"καὶ ἐκάλεσεν Μωυσῆς τὸν Μισαδαὶ καὶ τὸν Ἐλισαφάν, υἱοὺς Ἀζιήλ, υἱοὺς τοῦ ἀδελφοῦ τοῦ πατρὸς Ἀαρών, καὶ εἶπεν αὐτοῖς Προσέλθατε καὶ ἄρατε τοὺς ἀδελφοὺς ὑμῶν ἐκ προσώπου τῶν ἁγίων ἔξω τῆς παρεμβολῆς.",32,ܘܩܪܐ ܡܘܫܐ ܠܡܢܫܐܝܠ ܘܠܐܠܝܨܦܢ ܒܢ̈ܝ ܥܘܙܝܠ ܕܕܗ ܕܐܗܪܘܢ. ܘܐܡܪ ܠܗܘܢ ܩܪܘܒܘ ܫܩܘܠܘ ܐܚܝ̈ܟܘܢ ܡܢ ܩܕܡ ܐ̈ܦܝ ܩܘܕܫܐ. ܠܒܪ ܡܢ ܡܫܪܝܬܐ.,20,"E Moisés chamou a Misael e a Elzafã, filhos de Uziel, tio de Arão, e disse-lhes: Chegai-vos, levai vossos irmãos de diante do santuário, para fora do arraial.",28,True,True,True
10,5,Levítico 10:5,וַֽיִּקְרְב֗וּ וַיִּשָּׂאֻם֙ בְּכֻתֳּנֹתָ֔ם אֶל־ מִח֖וּץ לַֽמַּחֲנֶ֑ה כַּאֲשֶׁ֖ר דִּבֶּ֥ר מֹשֶֽׁה ׃,ויקרבו וישאמ בכתנתמ אל מחוצ למחנה כאשר דבר משה,10,וקריבו ונטלנון בכתניהון למברא למשריתא כמא די מליל משה:,9,"καὶ προσῆλθον καὶ ἦραν ἐν τοῖς χιτῶσιν αὐτῶν ἔξω τῆς παρεμβολῆς, ὃν τρόπον εἶπεν Μωυσῆς.",15,ܘܩܪܒܘ ܘܫܩܠܘ ܐܢܘܢ ܒܟܘܬܝܢ̈ܝܬܗܘܢ. ܘܐܦܩܘ ܐܢܘܢ ܠܒܪ ܡܢ ܡܫܪܝܬܐ. ܐܝܟܢܐ ܕܐܡܪ ܡܘܫܐ.,12,"Chegaram-se, pois, e levaram-nos como estavam, nas próprias túnicas, para fora do arraial, como Moisés lhes dissera.",17,True,True,True
10,6,Levítico 10:6,וַיֹּ֣אמֶר מֹשֶׁ֣ה אֶֽל־ אַהֲרֹ֡ן וּלְאֶלְעָזָר֩ וּלְאִֽיתָמָ֨ר ׀ בָּנָ֜יו רָֽאשֵׁיכֶ֥ם אַל־ תִּפְרָ֣עוּ ׀ וּבִגְדֵיכֶ֤ם לֹֽא־ תִפְרֹ֨מוּ֙ וְלֹ֣א תָמֻ֔תוּ וְעַ֥ל כָּל־ הָעֵדָ֖ה יִקְצֹ֑ף וַאֲחֵיכֶם֙ כָּל־ בֵּ֣ית יִשְׂרָאֵ֔ל יִבְכּוּ֙ אֶת־ הַשְּׂרֵפָ֔ה אֲשֶׁ֖ר שָׂרַ֥ף יְהוָֽה ׃,ויאמר משה אל אהרנ ולאלעזר ולאיתמר בניו ראשיכמ אל תפרעו ובגדיכמ לא תפרמו ולא תמתו ועל כל העדה יקצפ ואחיכמ כל בית ישראל יבכו את השרפה אשר שרפ יהוה,32,ואמר משה לאהרן ולאלעזר ולאיתמר בנוהי רישיכון לא תרבון פרוע ולבושיכון לא תבזעון ולא תמותון ועל כל כנשתא יהי רוגזא ואחיכון כל בית ישראל יבכון ית יקדתא די אוקיד יי:,30,"καὶ εἶπεν Μωσῆς πρὸς Ἀαρὼν καὶ Ἐλεαζὰρ καὶ Ἰθαμὰρ τοὺς υἱοὺς αὐτοῦ τοὺς καταλελιμμένους Τὴν κεφαλὴν ὑμῶν οὐκ ἀποκιδαρώσετε καὶ τὰ ἱμάτια ὑμῶν οὐ διαρρήξετε, ἵνα μὴ ἀποθάνητε καὶ ἐπὶ πᾶσαν τὴν συναγωγὴν ἔσται θυμός· οἱ ἀδελφοὶ ὑμῶν πᾶς ὁ οἶκος Ἰσραὴλ κλαύσονται τὸν ἐνπυρισμὸν ὃν ἐνεπυρίσθησαν ὑπὸ Κυρίου.",49,ܘܐܡܪ ܡܘܫܐ. ܠܐܗܪܘܢ ܘܠܐܠܝܥܙܪ ܘܠܐܝܬܡܪ ܒ̈ܢܘܗܝ ܕܐܫܬܚܪܘ ܠܗ. ܪ̈ܫܝܟܘܢ ܠܐ ܬܦܪܥܘܢ. ܘܡܐ̈ܢܝܟܘܢ ܠܐ ܬܨܪܘܢ ܕܠܐ ܬܡܘܬܘܢ. ܘܢܗܘܐ ܪܘܓܙܐ ܥܠ ܟܠܗ̇ ܟܢܘܫܬܐ. ܘܟܠܗܘܢ ܐܚ̈ܝܟܘܢ ܕܒܝܬ ܐܝܣܪܝܠ. ܢܒܟܘܢ ܥܠ ܡܘܩ̈ܕܐ ܕܐܘܩܕ ܡܪܝܐ.,30,"Então disse Moisés a Arão, e a seus filhos Eleazar e Itamar: Não descubrais as vossas cabeças, nem rasgueis as vossas vestes, para que não morrais, nem venha a ira sobre toda a congregação; mas vossos irmãos, toda a casa de Israel, lamentem este incêndio que o Senhor acendeu.",49,True,True,True
10,7,Levítico 10:7,וּמִפֶּתַח֩ אֹ֨הֶל מוֹעֵ֜ד לֹ֤א תֵֽצְאוּ֙ פֶּן־ תָּמֻ֔תוּ כִּי־ שֶׁ֛מֶן מִשְׁחַ֥ת יְהוָ֖ה עֲלֵיכֶ֑ם וַֽיַּעֲשׂ֖וּ כִּדְבַ֥ר מֹשֶֽׁה ׃ פ,ומפתח אהל מועד לא תצאו פנ תמתו כי שמנ משחת יהוה עליכמ ויעשו כדבר משה פ,17,ומתרע משכן זמנא לא תפקון דילמא תמותון ארי משח רבותא דיי עליכון ועבדו כפתגמא דמשה:,15,"καὶ ἀπὸ τῆς θύρας τῆς σκηνῆς τοῦ μαρτυρίου οὐκ ἐξελεύσεσθε, ἵνα μὴ ἀποθάνητε· τὸ γὰρ ἔλαιον τῆς χρίσεως τὸ παρὰ Κυρίου ἐφ᾽ ὑμῖν. καὶ ἐποίησαν κατὰ τὸ ῥῆμα Μωσῆ.",29,ܘܡܢ ܬܪܥܐ ܕܡܫܟܢܙܒܢܐ ܠܐ ܬܦܩܘܢ ܕܠܐ ܬܡܘܬܘܢ. ܡܛܠ ܕܡܫܚܐ ܕܡܫܝܚܘܬܐ ܕܡܪܝܐ ܥܠܝܟܘܢ. ܘܥܒܕܘ ܐܝܟ ܡܠܬܗ ܕܡܘܫܐ.,16,"E não saireis da porta da tenda da revelação, para que não morrais; porque está sobre vós o óleo da unção do Senhor. E eles fizeram conforme a palavra de Moisés.",31,True,True,True
10,8,Levítico 10:8,וַיְדַבֵּ֣ר יְהוָ֔ה אֶֽל־ אַהֲרֹ֖ן לֵאמֹֽר ׃,וידבר יהוה אל אהרנ לאמר,6,ומליל יי לאהרן למימר:,4,Καὶ ἐλάλησεν Κύριος τῷ Ἀαρὼν λέγων,6,ܘܐܡܪ ܡܪܝܐ ܠܐܗܪܘܢ .,4,"Falou também o Senhor a Arão, dizendo:",7,True,True,True
10,9,Levítico 10:9,יַ֣יִן וְשֵׁכָ֞ר אַל־ תֵּ֣שְׁתְּ ׀ אַתָּ֣ה ׀ וּבָנֶ֣יךָ אִתָּ֗ךְ בְּבֹאֲכֶ֛ם אֶל־ אֹ֥הֶל מוֹעֵ֖ד וְלֹ֣א תָמֻ֑תוּ חֻקַּ֥ת עוֹלָ֖ם לְדֹרֹתֵיכֶֽם ׃,יינ ושכר אל תשת אתה ובניכ אתכ בבאכמ אל אהל מועד ולא תמתו חקת עולמ לדרתיכמ,19,חמר ומרוי לא תשתי את ובניך עמך במעלכון למשכן זמנא ולא תמותון קים עלם לדריכון:,15,"Οἶνον καὶ σίκερα οὐ πίεσθε, σὺ καὶ οἱ υἱοί σου μετὰ σοῦ, ἡνίκα ἂν εἰσπορεύησθε εἰς τὴν σκηνὴν τοῦ μαρτυρίου, ἢ προσπορευομένων ὑμῶν πρὸς τὸ θυσιαστήριον, καὶ οὐ μὴ ἀποθάνητε· νόμιμον αἰώνιον εἰς τὰς γενεὰς ὑμῶν·",36,ܚܡܪܐ ܘܫܟܪܐ ܠܐ ܬܫܬܐ. ܐܢܬ ܘܒ̈ܢܝܟ ܥܡܟ. ܡܐ ܕܥܐ̇ܠܝܢ ܐܢܬܘܢ ܠܡܫܟܢܙܒܢܐ ܕܠܐ ܬܡܘܬܘܢ. ܩܝܡܐ ܠܥܠܡ ܠܕܪ̈ܝܟܘܢ .,17,"Não bebereis vinho nem bebida forte, nem tu nem teus filhos contigo, quando entrardes na tenda da revelação, para que não morrais; estatuto perpétuo será isso pelas vossas gerações,",29,True,True,True
10,10,Levítico 10:10,וּֽלֲהַבְדִּ֔יל בֵּ֥ין הַקֹּ֖דֶשׁ וּבֵ֣ין הַחֹ֑ל וּבֵ֥ין הַטָּמֵ֖א וּבֵ֥ין הַטָּהֽוֹר ׃,ולהבדיל בינ הקדש ובינ החל ובינ הטמא ובינ הטהור,10,ולאפרשא בין קודשא ובין חלא ובין מסאבא ובין דכיא:,9,"διαστεῖλαι ἀνὰ μέσον τῶν ἁγίων καὶ τῶν βεβήλων, καὶ ἀνὰ μέσον τῶν ἀκαθάρτων καὶ τῶν καθαρῶν.",16,ܕܬܦܪܫܘܢ ܒܝܬ ܩܘܕܫܐ ܠܬܛܘܫܬܐ ܘܒܝܬ ܛܡܐܐ ܠܕܟܝܐ.,7,"não somente para fazer separação entre o santo e o profano, e entre o imundo e o limpo,",18,True,True,True
10,11,Levítico 10:11,וּלְהוֹרֹ֖ת אֶת־ בְּנֵ֣י יִשְׂרָאֵ֑ל אֵ֚ת כָּל־ הַ֣חֻקִּ֔ים אֲשֶׁ֨ר דִּבֶּ֧ר יְהוָ֛ה אֲלֵיהֶ֖ם בְּיַד־ מֹשֶֽׁה ׃ פ,ולהורת את בני ישראל את כל החקימ אשר דבר יהוה אליהמ ביד משה פ,15,ולאלפא ית בני ישראל ית כל קימיא די מליל יי להון בידא דמשה:,13,καὶ συμβιβάσεις τοὺς υἱοὺς Ἰσραὴλ πάντα τὰ νόμιμα ἃ ἐλάλησεν Κύριος πρὸς αὐτοὺς διὰ χειρὸς Μωσῆ.,16,ܘܬܠܦ ܠܒ̈ܢܝ ܐܝܣܪܝܠ ܟܠܗܘܢ ܩܝ̈ܡܐ ܕܐܡܪ ܠܗܘܢ ܡܪܝܐ ܒܐܝܕܐ ܕܡܘܫܐ.,10,mas também para ensinar aos filhos de Israel todos os estatutos que o Senhor lhes tem dado por intermédio de Moisés.,21,True,True,True
10,12,Levítico 10:12,וַיְדַבֵּ֨ר מֹשֶׁ֜ה אֶֽל־ אַהֲרֹ֗ן וְאֶ֣ל אֶ֠לְעָזָר וְאֶל־ אִ֨יתָמָ֥ר ׀ בָּנָיו֮ הַנּֽוֹתָרִים֒ קְח֣וּ אֶת־ הַמִּנְחָ֗ה הַנּוֹתֶ֨רֶת֙ מֵאִשֵּׁ֣י יְהוָ֔ה וְאִכְל֥וּהָ מַצּ֖וֹת אֵ֣צֶל הַמִּזְבֵּ֑חַ כִּ֛י קֹ֥דֶשׁ קָֽדָשִׁ֖ים הִֽוא ׃,וידבר משה אל אהרנ ואל אלעזר ואל איתמר בניו הנותרימ קחו את המנחה הנותרת מאשי יהוה ואכלוה מצות אצל המזבח כי קדש קדשימ הוא,26,ומליל משה עם אהרן ועם אלעזר ועם איתמר בנוהי דאשתארו סיבו ית מנחתא דאשתארת מקרבניא דיי ואכלוה פטיר בסטר מדבחא ארי קדש קודשין היא:,24,"Καὶ εἶπεν Μωυσῆς πρὸς Ἀαρὼν καὶ πρὸς Ἐλεαζὰρ καὶ Ἰθαμὰρ τοὺς υἱοὺς Ἀαρὼν τοὺς καταλειφθέντας Λάβετε τὴν θυσίαν τὴν καταλειφθεῖσαν ἀπὸ τῶν καρπωμάτων Κυρίου, καὶ φάγεσθε ἄζυμα παρὰ τὸ θυσιαστήριον· ἅγια ἁγίων ἐστίν.",33,ܘܐܡܪ ܡܘܫܐ ܠܐܗܪܘܢ ܘܠܐܠܝܥܙܪ ܘܠܐܝܬܡܪ ܒ̈ܢܘܗܝ ܕܐܫܬܚܪܘ ܠܗ. ܣܒܘ ܣܡܝܕܐ ܕܝܬܪ ܡܢ ܩܘܪ̈ܒܢܘܗܝ ܕܡܪܝܐ. ܘܐܘܟܠܘܗܝ ܦܛܝܪܐ ܥܠ ܓܢܒ ܡܕܒܚܐ. ܡܛܠ ܕܩܕܘܫ ܩܘ̈ܕܫܝܢ ܗܘ.,23,"Também disse Moisés a Arão, e a Eleazar e Itamar, seus filhos que lhe ficaram: Tomai a oferta de cereais que resta das ofertas queimadas do Senhor, e comei-a sem levedura junto do altar, porquanto é coisa santíssima.",38,True,True,True
10,13,Levítico 10:13,וַאֲכַלְתֶּ֤ם אֹתָהּ֙ בְּמָק֣וֹם קָדֹ֔שׁ כִּ֣י חָקְךָ֤ וְחָק־ בָּנֶ֨יךָ֙ הִ֔וא מֵאִשֵּׁ֖י יְהוָ֑ה כִּי־ כֵ֖ן צֻוֵּֽיתִי ׃,ואכלתמ אתה במקומ קדש כי חקכ וחק בניכ הוא מאשי יהוה כי כנ צויתי,15,ותיכלון יתה באתר קדיש ארי חלקך וחלק בניך היא מקרבניא דיי ארי כן אתפקדית:,14,καὶ φάγεσθε αὐτὴν ἐν τόπῳ ἁγίῳ· νόμιμον αἰώνιον γάρ σοί ἐστιν καὶ νόμιμον τοῖς υἱοῖς σου τοῦτο ἀπὸ τῶν καρπωμάτων Κυρίου· οὕτω γὰρ ἐντέταλταί μοι.,25,ܘܐܘܟܠܘܗܝ ܒܐܬܪܐ ܩܕܝܫܐ. ܡܛܠ ܕܩܝܡܬܟ ܗܝ ܘܩܝܡܬܐ ܕܒܢܝ̈ܟ ܥܡܟ ܡܢ ܩܘܪ̈ܒܢܘܗܝ ܕܡܪܝܐ. ܡܛܠ ܕܗܟܢܐ ܐܬܦܩ̇ܕܬ.,15,"Comê-la-eis em lugar santo, porque isto é a tua porção, e a porção de teus filhos, das ofertas queimadas do Senhor; porque assim me foi ordenado.",26,True,True,True
10,14,Levítico 10:14,וְאֵת֩ חֲזֵ֨ה הַתְּנוּפָ֜ה וְאֵ֣ת ׀ שׁ֣וֹק הַתְּרוּמָ֗ה תֹּֽאכְלוּ֙ בְּמָק֣וֹם טָה֔וֹר אַתָּ֕ה וּבָנֶ֥יךָ וּבְנֹתֶ֖יךָ אִתָּ֑ךְ כִּֽי־ חָקְךָ֤ וְחָק־ בָּנֶ֨יךָ֙ נִתְּנ֔וּ מִזִּבְחֵ֥י שַׁלְמֵ֖י בְּנֵ֥י יִשְׂרָאֵֽל ׃,ואת חזה התנופה ואת שוק התרומה תאכלו במקומ טהור אתה ובניכ ובנתיכ אתכ כי חקכ וחק בניכ נתנו מזבחי שלמי בני ישראל,24,וית חדיא דארמותא וית שוקא דאפרשותא תיכלון באתר דכי את ובניך ובנתיך עמך ארי חלקך וחלק בניך אתיהבו מנכסת קודשיא דבני ישראל:,22,"καὶ τὸ στηθύνιον τοῦ ⸂⸆⸃ ἀφορίσματος καὶ τὸν βραχίονα τοῦ ἀφαιρέματος φάγεσθε ἐν τόπῳ ἁγίῳ, σὺ καὶ οἱ υἱοί σου καὶ ὁ οἶκός σου μετὰ σοῦ· νόμιμον γὰρ σοὶ καὶ νόμιμον τοῖς υἱοῖς σου ἐδόθη ἀπὸ τῶν θυσιῶν τοῦ σωτηρίου τῶν υἱῶν Ἰσραήλ.",43,ܘܚܕܝܐ ܕܦܘܪܫܢܐ ܘܫܩܐ ܕܦܘܪܫܢܐ. ܐܟܘܠ ܒܐܬܪܐ ܕܕܟܐ . ܐܢܬ ܘܒܢܝ̈ܟ ܘܒܢ̈ܬܟ ܥܡܟ. ܡܛܠ ܕܩܝܡܬܟ ܗܝ ܘܩܝܡܬܐ ܕܒ̈ܢܝܟ ܥܡܟ . ܐܬܝܗܒܬ ܡܢ ܕܒܚ̈ܐ ܫ̈ܠܡܐ ܕܒܢ̈ܝ ܐܝܣܪܝܠ.,25,"Também o peito da oferta movida e a coxa da oferta alçada, comê-los-eis em lugar limpo, tu, e teus filhos e tuas filhas contigo; porquanto são eles dados como tua porção, e como porção de teus filhos, dos sacrifícios das ofertas pacíficas dos filhos de Israel.",46,True,True,True
10,15,Levítico 10:15,שׁ֣וֹק הַתְּרוּמָ֞ה וַחֲזֵ֣ה הַתְּנוּפָ֗ה עַ֣ל אִשֵּׁ֤י הַחֲלָבִים֙ יָבִ֔יאוּ לְהָנִ֥יף תְּנוּפָ֖ה לִפְנֵ֣י יְהוָ֑ה וְהָיָ֨ה לְךָ֜ וּלְבָנֶ֤יךָ אִתְּךָ֙ לְחָק־ עוֹלָ֔ם כַּאֲשֶׁ֖ר צִוָּ֥ה יְהוָֽה ׃,שוק התרומה וחזה התנופה על אשי החלבימ יביאו להניפ תנופה לפני יהוה והיה לכ ולבניכ אתכ לחק עולמ כאשר צוה יהוה,22,שוקא דאפרשותא וחדיא דארמותא על קרבני תרביא ייתון לארמא ארמא קדם יי ויהי לך ולבניך עמך לקים עלם כמא די פקיד יי:,22,"τὸν βραχίονα τοῦ ἀφαιρέματος καὶ τὸ στηθύνιον τοῦ ἀφορίσματος ἐπὶ τῶν καρπωμάτων τῶν στεάτων προσοίσουσιν, ἀφόρισμα ἀφορίσαι ἔναντι Κυρίου· καὶ ἔσται σοὶ καὶ τοῖς υἱοῖς σου καὶ ταῖς θυγατράσιν σου μετὰ σοῦ νόμιμον αἰώνιον, ὃν τρόπον συνέταξεν Κύριος τῷ Μωυσῇ.",40,ܘܫܩܐ ܕܦܘܪܫܢܐ ܘܚܕܝܐ ܕܦܘܪܫܢܐ. ܥܠ ܩܘܪܒܢܐ ܕܬܪܒܐ ܢܝܬܘܢ. ܠܡܦܪܫ ܦܘܪܫܢܐ ܩܕܡ ܡܪܝܐ. ܘܢܗܘܐ ܠܟ ܘܠܒܢܝ̈ܟ ܥܡܟ. ܩܝܡܐ ܠܥܠܡ ܐܝܟܢܐ ܕܦܩܕ ܡܪܝܐ .,22,"Trarão a coxa da oferta alçada e o peito da oferta movida juntamente com as ofertas queimadas da gordura, para movê-los como oferta movida perante o Senhor; isso te pertencerá como porção, a ti e a teus filhos contigo, para sempre, como o Senhor tem ordenado.",46,True,True,True
10,16,Levítico 10:16,וְאֵ֣ת ׀ שְׂעִ֣יר הַֽחַטָּ֗את דָּרֹ֥שׁ דָּרַ֛שׁ מֹשֶׁ֖ה וְהִנֵּ֣ה שֹׂרָ֑ף וַ֠יִּקְצֹף עַל־ אֶלְעָזָ֤ר וְעַל־ אִֽיתָמָר֙ בְּנֵ֣י אַהֲרֹ֔ן הַנּוֹתָרִ֖ם לֵאמֹֽר ׃,ואת שעיר החטאת דרש דרש משה והנה שרפ ויקצפ על אלעזר ועל איתמר בני אהרנ הנותרמ לאמר,19,וית צפירא דחטתא מתבע תבעי משה והא אתוקד ורגז על אלעזר ועל איתמר בני אהרן דאשתארו למימר:,17,"Καὶ τὸν χίμαρον τὸν περὶ τῆς ἁμαρτίας ζητῶν ἐξεζήτησεν Μωσῆς, καὶ ὅδε ἐνπεπύριστο· καὶ ἐθυμώθη Μωσῆς ἐπὶ Ἐλεαζὰρ καὶ Ἰθαμὰρ τοὺς υἱοὺς Ἀαρὼν τοὺς καταλελιμμένους λέγων",26,ܘܨܦܪܝܐ ܕܚܛܗܐ ܡܬܒܥ ܬܒܥܗ ܡܘܫܐ. ܘܗܐ ܝܩܕ ܘܪܓܙ ܥܠ ܐܠܝܥܙܪ ܘܥܠ ܐܝܬܡܪ ܒ̈ܢܘܗܝ ܕܐܗܪܘܢ ܕܐܫܬܚܪܘ ܠܗ. ܘܐܡܪ ܠܗܘܢ.,18,"E Moisés buscou diligentemente o bode da oferta pelo pecado, e eis que já tinha sido queimado; pelo que se indignou grandemente contra Eleazar e contra Itamar, os filhos que de Arão ficaram, e lhes disse:",36,True,True,True
10,17,Levítico 10:17,מַדּ֗וּעַ לֹֽא־ אֲכַלְתֶּ֤ם אֶת־ הַֽחַטָּאת֙ בִּמְק֣וֹם הַקֹּ֔דֶשׁ כִּ֛י קֹ֥דֶשׁ קָֽדָשִׁ֖ים הִ֑וא וְאֹתָ֣הּ ׀ נָתַ֣ן לָכֶ֗ם לָשֵׂאת֙ אֶת־ עֲוֺ֣ן הָעֵדָ֔ה לְכַפֵּ֥ר עֲלֵיהֶ֖ם לִפְנֵ֥י יְהוָֽה ׃,מדוע לא אכלתמ את החטאת במקומ הקדש כי קדש קדשימ הוא ואתה נתנ לכמ לשאת את עונ העדה לכפר עליהמ לפני יהוה,24,מדין לא אכלתון ית חטאתא באתר קדיש ארי קדש קודשין היא ויתה יהב לכון לסלחא על חובי כנשתא לכפרא עליהון קדם יי:,22,"Διὰ τί οὐκ ἐφάγετε τὸ περὶ τῆς ἁμαρτίας ἐν τόπῳ ἁγίῳ; ὅτι γὰρ ἅγια ἁγίων ἐστίν, τοῦτο ἔδωκεν ὑμῖν φαγεῖν, ἵνα ἀφέλητε τὴν ἁμαρτίαν τῆς συναγωγῆς καὶ ἐξιλάσησθε περὶ αὐτῶν ἔναντι Κυρίου.",32,ܡܛܠ ܡܢܐ ܠܐ ܐܟܠܬܘܢ ܚܛܗܐ ܒܐܬܪܐ ܩܕܝܫܐ. ܡܛܠ ܕܩܕܘܫ ܩ̈ܘܕܫܝܢ ܗܘ. ܘܠܗ ܗܘ ܝܗ̇ܒܬ ܠܟܘܢ ܕܢܫܩܘܠ ܚܛܗܗ̇ ܕܟܢܘܫܬܐ. ܘܢܚܣܐ ܥܠܝܗܘܢ ܩܕܡ ܡܪܝܐ.,22,"Por que não comestes a oferta pelo pecado em lugar santo, visto que é coisa santíssima, e o Senhor a deu a vós para levardes a iniqüidade da congregação, para fazerdes expiação por eles diante do Senhor?",37,True,True,True
10,18,Levítico 10:18,הֵ֚ן לֹא־ הוּבָ֣א אֶת־ דָּמָ֔הּ אֶל־ הַקֹּ֖דֶשׁ פְּנִ֑ימָה אָכ֨וֹל תֹּאכְל֥וּ אֹתָ֛הּ בַּקֹּ֖דֶשׁ כַּאֲשֶׁ֥ר צִוֵּֽיתִי ׃,הנ לא הובא את דמה אל הקדש פנימה אכול תאכלו אתה בקדש כאשר צויתי,15,הא לא אתעל ית דמה לבית קדשא גואה מיכל תיכלון יתה בקדשא כמא די פקדית:,15,"οὐ γὰρ εἰσήχθη τοῦ αἵματος αὐτοῦ εἰς τὸ ἅγιον· κατὰ πρόσωπον ἔσω φάγεσθε αὐτὸ ἐν τόπῳ ἁγίῳ, ὃν τρόπον μοι συνέταξεν Κύριος.",22,ܗܐ ܠܐ ܥܐ̇ܠ ܡܢ ܕܡܗ ܠܩܘܕܫܐ ܓܘܝܐ. ܐܟܠܬܘܢܝܗܝ ܕܝܢ ܒܩܘܕܫܐ ܐܝܟ ܕܐܬܦܩ̇ܕܬ. ܕܐܗܪܘܢ ܘܒܢ̈ܘܗܝ ܢܐܟܠܘܢܗ .,16,"Eis que não se trouxe o seu sangue para dentro do santuário; certamente a devíeis ter comido em lugar santo, como eu havia ordenado.",24,True,True,True
10,19,Levítico 10:19,וַיְדַבֵּ֨ר אַהֲרֹ֜ן אֶל־ מֹשֶׁ֗ה הֵ֣ן הַ֠יּוֹם הִקְרִ֨יבוּ אֶת־ חַטָּאתָ֤ם וְאֶת־ עֹֽלָתָם֙ לִפְנֵ֣י יְהוָ֔ה וַתִּקְרֶ֥אנָה אֹתִ֖י כָּאֵ֑לֶּה וְאָכַ֤לְתִּי חַטָּאת֙ הַיּ֔וֹם הַיִּיטַ֖ב בְּעֵינֵ֥י יְהוָֽה ׃,וידבר אהרנ אל משה הנ היומ הקריבו את חטאתמ ואת עלתמ לפני יהוה ותקראנה אתי כאלה ואכלתי חטאת היומ הייטב בעיני יהוה,23,ומליל אהרן עם משה הא יומא דין קריבו ית חטאתהון וית עלתהון קדם יי וערעא יתי עקן כאלין ואלופון אכלית חטאתא יומא דין התקן קדם יי:,26,"καὶ ἐλάλησεν Ἀαρὼν πρὸς Μωυσῆν λέγων Εἰ σήμερον προσαγιόχασιν τὰ περὶ τῆς ἁμαρτίας αὐτῶν καὶ τὰ ὁλοκαυτώματα αὐτῶν ἔναντι Κυρίου, καὶ συμβέβηκέν μοι ταῦτα, καὶ φάγομαι τὰ περὶ τῆς ἁμαρτίας σήμερον, μὴ ἀρεστὸν ἔσται Κυρίῳ;",35,ܘܐܡܪ ܐܗܪܘܢ ܠܡܘܫܐ. ܗܐ ܝܘܡܢܐ ܩܪܒܘ ܚ̈ܛܗܝܗܘܢ ܘܝܩ̈ܕܝܗܘܢ ܫ̈ܠܡܐ ܩܕܡ ܡܪܝܐ. ܘܡܛܝܢܝ ܗܠܝܢ ܟܠܗܝܢ. ܘܐܠܘ ܐܟܠܬ ܚܛܗܐ ܝܘܡܢܐ. ܫܦܝܪ ܗܘܐ ܩܕܡ ܡܪܝܐ.,22,"Então disse Arão a Moisés: Eis que hoje ofereceram a sua oferta pelo pecado e o seu holocausto perante o Senhor, e tais coisas como essas me têm acontecido; se eu tivesse comido hoje a oferta pelo pecado, porventura teria sido isso coisa agradável aos olhos do Senhor?",48,True,True,True
10,20,Levítico 10:20,וַיִּשְׁמַ֣ע מֹשֶׁ֔ה וַיִּיטַ֖ב בְּעֵינָֽיו ׃ פ,וישמע משה וייטב בעיניו פ,6,ושמע משה ושפר בעינוהי:,4,"καὶ ἤκουσεν Μωυσῆς, καὶ ἤρεσεν αὐτῷ.",6,ܘܫܡܥ ܡܘܫܐ ܘܫܦܪ ܒܥܝܢܘ̈ܗܝ.,4,"Ouvindo Moisés isto, pareceu-lhe razoável.",5,True,True,True
11,1,Levítico 11:1,וַיְדַבֵּ֧ר יְהוָ֛ה אֶל־ מֹשֶׁ֥ה וְאֶֽל־ אַהֲרֹ֖ן לֵאמֹ֥ר אֲלֵהֶֽם ׃,וידבר יהוה אל משה ואל אהרנ לאמר אלהמ,9,ומליל יי עם משה ולאהרן למימר להון:,7,Καὶ ἐλάλησεν Κύριος πρὸς Μωυσῆν καὶ Ἀαρὼν λέγων,8,ܘܡܠܠ ܡܪܝܐ ܥܡ ܡܘܫܐ ܘܥܡ ܐܗܪܘܢ ܘܐܡܪ ܠܗܘܢ.,8,"Falou o Senhor a Moisés e a Arão, dizendo-lhes:",9,True,True,True
11,2,Levítico 11:2,דַּבְּר֛וּ אֶל־ בְּנֵ֥י יִשְׂרָאֵ֖ל לֵאמֹ֑ר זֹ֤את הַֽחַיָּה֙ אֲשֶׁ֣ר תֹּאכְל֔וּ מִכָּל־ הַבְּהֵמָ֖ה אֲשֶׁ֥ר עַל־ הָאָֽרֶץ ׃,דברו אל בני ישראל לאמר זאת החיה אשר תאכלו מכל הבהמה אשר על הארצ,15,מלילו עם בני ישראל למימר דא חיתא די תיכלון מכל בעירא די על ארעא:,14,Λαλήσατε τοῖς υἱοῖς Ἰσραὴλ λέγοντες Ταῦτα τὰ κτήνη ἃ φάγεσθε ἀπὸ τῶν κτηνῶν τῶν ἐπὶ τῆς γῆς·,17,ܡܠܠܘ ܥܡ ܒܢ̈ܝ ܐܝܣܪܝܠ ܘܐܡܪܘ ܠܗܘܢ. ܗܕܐ ܚܝܘܬܐ ܗܘܝܬܘܢ ܐܟ̇ܠܝܢ. ܡܢ ܟܠ ܒܥܝܪ̈ܐ ܕܒܐܪܥܐ.,14,Dizei aos filhos de Israel: Estes são os animais que podereis comer dentre todos os animais que há sobre a terra:,21,True,True,True
11,3,Levítico 11:3,כֹּ֣ל ׀ מַפְרֶ֣סֶת פַּרְסָ֗ה וְשֹׁסַ֤עַת שֶׁ֨סַע֙ פְּרָסֹ֔ת מַעֲלַ֥ת גֵּרָ֖ה בַּבְּהֵמָ֑ה אֹתָ֖הּ תֹּאכֵֽלוּ ׃,כל מפרסת פרסה ושסעת שסע פרסת מעלת גרה בבהמה אתה תאכלו,13,כל די סדיקן פרסתא ומטלפן טלפין פרסתא מסקא פשרא בבעירא יתה תיכלון:,12,"πᾶν κτῆνος διχηλοῦν ὁπλὴν καὶ ὀνυχιστῆρας ὀνυχίζον δύο χηλῶν καὶ ἀνάγον μηρυκισμόν, ἐν τοῖς κτήνεσιν, ταῦτα φάγεσθε.",17,ܟܠ ܕܨܪܝܐ ܦܪܣܬܗ̇ ܘܦܠܝܓܐ ܠܬܪ̈ܝܢ ܘܡܬܓܘܪܪܐ ܠܗ̇ ܐܟܘܠܘ.,8,"dentre os animais, todo o que tem a unha fendida, de sorte que se divide em duas, o que rumina, esse podereis comer.",23,True,True,True
11,4,Levítico 11:4,אַ֤ךְ אֶת־ זֶה֙ לֹ֣א תֹֽאכְל֔וּ מִֽמַּעֲלֵי֙ הַגֵּרָ֔ה וּמִמַּפְרִיסֵ֖י הַפַּרְסָ֑ה אֶֽת־ הַ֠גָּמָל כִּֽי־ מַעֲלֵ֨ה גֵרָ֜ה ה֗וּא וּפַרְסָה֙ אֵינֶ֣נּוּ מַפְרִ֔יס טָמֵ֥א ה֖וּא לָכֶֽם ׃,אכ את זה לא תאכלו ממעלי הגרה וממפריסי הפרסה את הגמל כי מעלה גרה הוא ופרסה איננו מפריס טמא הוא לכמ,22,ברם ית דין לא תיכלון ממסקי פשרא וממסדיקי פרסתא ית גמלא ארי מסיק פשרא הוא ופרסתא לא סדיקא מסאב הוא לכון:,21,"πλὴν ἀπὸ τούτων οὐ φάγεσθε, ἀπὸ τῶν ἀναγόντων μηρυκισμὸν καὶ ἀπὸ τῶν διχηλούντων τὰς ὁπλὰς καὶ ὀνυχιζόντων ὀνυχιστῆρας· τὸν κάμηλον, ὅτι ἀνάγει μηρυκισμὸν τοῦτο ὁπλὴν δὲ οὐ διχηλεῖ, ἀκάθαρτον τοῦτο ὑμῖν·",31,ܘܗܠܝܢ ܠܐ ܬܐܟܠܘܢ ܡܢ ܐܝܠܝܢ ܕܡܬܓܘܪܪܝܢ ܘܡܢ ܐܝܠܝܢ ܕܨܪ̈ܝܢ ܦܪ̈ܣܬܗܘܢ. ܓܡܠܐ ܕܡܬܓܘܪܪ ܘܦܪ̈ܣܬܗ ܠܐ ܨܪܝܐ ܛܡܐ ܗܘ ܠܟܘܢ.,18,"Os seguintes, contudo, não comereis, dentre os que ruminam e dentre os que têm a unha fendida: o camelo, porque rumina mas não tem a unha fendida, esse vos será imundo;",31,True,True,True
11,5,Levítico 11:5,וְאֶת־ הַשָּׁפָ֗ן כִּֽי־ מַעֲלֵ֤ה גֵרָה֙ ה֔וּא וּפַרְסָ֖ה לֹ֣א יַפְרִ֑יס טָמֵ֥א ה֖וּא לָכֶֽם ׃,ואת השפנ כי מעלה גרה הוא ופרסה לא יפריס טמא הוא לכמ,13,וית טפזא ארי מסיק פשרא הוא ופרסתא לא סדיקא מסאב הוא לכון:,12,"καὶ τὸν δασύποδα, ὅτι ἀνάγει μηρυκισμὸν τοῦτο καὶ ὁπλὴν οὐ διχηλεῖ, ἀκάθαρτον τοῦτο ὑμῖν·",14,ܘܚܓܣܐ ܕܡܬܓܘܪܪ ܘܦܪܣܬܗ ܠܐ ܨܪܝܐ ܛܡܐ ܗܘ ܠܟܘܢ.,8,"o querogrilo, porque rumina mas não tem a unha fendida, esse vos será imundo;",14,True,True,True
11,6,Levítico 11:6,וְאֶת־ הָאַרְנֶ֗בֶת כִּֽי־ מַעֲלַ֤ת גֵּרָה֙ הִ֔וא וּפַרְסָ֖ה לֹ֣א הִפְרִ֑יסָה טְמֵאָ֥ה הִ֖וא לָכֶֽם ׃,ואת הארנבת כי מעלת גרה הוא ופרסה לא הפריסה טמאה הוא לכמ,13,וית ארנבא ארי מסקא פשרא היא ופרסתא לא סדיקא מסאבא היא לכון:,12,"καὶ τὸν χοιρογρύλλιον, ὅτι ἀνάγει μηρυκισμὸν τοῦτο καὶ ὁπλὴν οὐ διχηλεῖ, ἀκάθαρτον τοῦτο ὑμῖν.",14,ܘܐܪܢܒܐ ܕܡܬܓܘܪܪܐ ܘܦܪܣܬܗ̇ ܠܐ ܨܪܝܐ ܛܡܐܐ ܗܝ ܠܟܘܢ.,8,"a lebre, porque rumina mas não tem a unha fendida, essa vos será imunda;",14,True,True,True
11,7,Levítico 11:7,וְאֶת־ הַ֠חֲזִיר כִּֽי־ מַפְרִ֨יס פַּרְסָ֜ה ה֗וּא וְשֹׁסַ֥ע שֶׁ֨סַע֙ פַּרְסָ֔ה וְה֖וּא גֵּרָ֣ה לֹֽא־ יִגָּ֑ר טָמֵ֥א ה֖וּא לָכֶֽם ׃,ואת החזיר כי מפריס פרסה הוא ושסע שסע פרסה והוא גרה לא יגר טמא הוא לכמ,17,וית חזירא ארי סדיק פרסתא הוא ומטילפן טלפין פרסתיה והוא פשרא לא פשר מסאב הוא לכון:,16,"καὶ τὸν ὗν, ὅτι διχηλεῖ ὁπλὴν τοῦτο καὶ ὀνυχίζει ὄνυχας ὁπλῆς, καὶ τοῦτο οὐκ ἀνάγει μηρυκισμόν, ἀκάθαρτον τοῦτο ὑμῖν.",19,ܘܚܙܝܪܐ ܕܨܪܝܐ ܦܪܣܬܗ ܘܦܠܝܓܐ ܠܬܪ̈ܝܢ ܘܠܐ ܡܬܓܘܪܪ ܛܡܐ ܗܘ ܠܟܘܢ.,10,"e o porco, porque tem a unha fendida, de sorte que se divide em duas, mas não rumina, esse vos será imundo.",22,True,True,True
11,8,Levítico 11:8,מִבְּשָׂרָם֙ לֹ֣א תֹאכֵ֔לוּ וּבְנִבְלָתָ֖ם לֹ֣א תִגָּ֑עוּ טְמֵאִ֥ים הֵ֖ם לָכֶֽם ׃,מבשרמ לא תאכלו ובנבלתמ לא תגעו טמאימ המ לכמ,10,מבסרהון לא תיכלון ובנבלתהון לא תקרבון מסאבין אנון לכון:,9,"ἀπὸ τῶν κρεῶν αὐτῶν οὐ φάγεσθε, καὶ τῶν θνησιμαίων αὐτῶν οὐχ ἅψεσθε· ἀκάθαρτα ταῦτα ὑμῖν.",15,ܡܢ ܒܣܪܗܘܢ ܠܐ ܬܐܟܠܘܢ. ܘܠܦܓܪ̈ܝܗܘܢ ܠܐ ܬܬܩܪܒܘܢ. ܛܡܐܝܢ ܐܢܘܢ ܠܟܘܢ.,10,"Da sua carne não comereis, nem tocareis nos seus cadáveres; esses vos serão imundos.",14,True,True,True
11,9,Levítico 11:9,אֶת־ זֶה֙ תֹּֽאכְל֔וּ מִכֹּ֖ל אֲשֶׁ֣ר בַּמָּ֑יִם כֹּ֣ל אֲשֶׁר־ לוֹ֩ סְנַפִּ֨יר וְקַשְׂקֶ֜שֶׂת בַּמַּ֗יִם בַּיַּמִּ֛ים וּבַנְּחָלִ֖ים אֹתָ֥ם תֹּאכֵֽלוּ ׃,את זה תאכלו מכל אשר במימ כל אשר לו סנפיר וקשקשת במימ בימימ ובנחלימ אתמ תאכלו,17,ית דין תיכלון מכל די במיא כל די ליה ציצין וקלפין במיא ביממיא ובנחליא יתהון תיכלון:,16,"Καὶ ταῦτα ἃ φάγεσθε ἀπὸ πάντων τῶν ἐν τοῖς ὕδασιν· πάντα ὅσα ἐστὶν αὐτοῖς πτερύγια καὶ λεπίδες ἐν τοῖς ὕδασιν καὶ ἐν ταῖς θαλάσσαις καὶ ἐν τοῖς χειμάρροις, ταῦτα φάγεσθε.",30,ܘܗܠܝܢ ܬܐܟܠܘܢ ܡܢ ܟܠ ܕܐܝܬ ܒܡ̈ܝ̇ܐ. ܟܠ ܕܐܝܬ ܠܗ ܓ̈ܦܐ ܘܩ̈ܠܦܐ ܒܡ̈ܝܐ ܒܝܡ̈ܡܐ ܘܒܪ̈ܓܠܬܐ ܐܟܘܠܘ.,15,"Estes são os que podereis comer de todos os que há nas águas: todo o que tem barbatanas e escamas, nas águas, nos mares e nos rios, esse podereis comer.",30,True,True,True
11,10,Levítico 11:10,וְכֹל֩ אֲשֶׁ֨ר אֵֽין־ ל֜וֹ סְנַפִּ֣יר וְקַשְׂקֶ֗שֶׂת בַּיַּמִּים֙ וּבַנְּחָלִ֔ים מִכֹּל֙ שֶׁ֣רֶץ הַמַּ֔יִם וּמִכֹּ֛ל נֶ֥פֶשׁ הַחַיָּ֖ה אֲשֶׁ֣ר בַּמָּ֑יִם שֶׁ֥קֶץ הֵ֖ם לָכֶֽם ׃,וכל אשר אינ לו סנפיר וקשקשת בימימ ובנחלימ מכל שרצ המימ ומכל נפש החיה אשר במימ שקצ המ לכמ,20,וכל די לית ליה ציצין וקלפין ביממיא ובנחליא מכל רחשא דמיא ומכל נפשא חיתא די במיא שקצא אנון לכון:,19,"καὶ πάντα ὅσα οὐκ ἔστιν αὐτοῖς πτερύγια οὐδὲ λεπίδες ἐν τῷ ὕδατι ἢ ἐν ταῖς θαλάσσαις καὶ ἐν τοῖς χειμάρροις, ἀπὸ πάντων ὧν ἐρεύγεται τὰ ὕδατα καὶ ἀπὸ πάσης ψυχῆς ζώσης τῆς ἐν τῷ ὕδατι, βδέλυγμά ἐστιν.",37,ܘܟܘܠ ܕܠܝܬ ܠܗ ܓܦ̈ܐ ܘܩ̈ܠܦܐ ܒܝܡ̈ܡܐ ܘܒܪ̈ܓܠܬܐ. ܒܟܠܗ ܪܚܫܐ ܕܡ̈ܝܐ ܘܒܟܠܗ̇ ܢܦܫܐ ܚܝܬܐ ܕܒܡ̈ܝܐ. ܛܡܐܝܢ ܐܢܘܢ ܠܟܘܢ.,17,"Mas todo o que não tem barbatanas, nem escamas, nos mares e nos rios, todo réptil das águas, e todos os animais que vivem nas águas, estes vos serão abomináveis,",30,True,True,True
11,11,Levítico 11:11,וְשֶׁ֖קֶץ יִהְי֣וּ לָכֶ֑ם מִבְּשָׂרָם֙ לֹ֣א תֹאכֵ֔לוּ וְאֶת־ נִבְלָתָ֖ם תְּשַׁקֵּֽצוּ ׃,ושקצ יהיו לכמ מבשרמ לא תאכלו ואת נבלתמ תשקצו,10,ושקצא יהון לכון מבסרהון לא תיכלון וית נבלתהון תשקצון:,9,"καὶ βδελύγματα ἔσονται ὑμῶν· ἀπὸ τῶν κρεῶν αὐτῶν οὐκ ἔδεσθε, καὶ τὰ θνησιμαῖα αὐτῶν βδελύξεσθε.",15,ܡܢ ܒܣܪܗܘܢ ܠܐ ܬܐܟܠܘܢ. ܘܠܦܓܪ̈ܝܗܘܢ ܬܛܡܐܘܢ.,6,"tê-los-eis em abominação; da sua carne não comereis, e abominareis os seus cadáveres.",13,True,True,True
11,12,Levítico 11:12,כֹּ֣ל אֲשֶׁ֥ר אֵֽין־ ל֛וֹ סְנַפִּ֥יר וְקַשְׂקֶ֖שֶׂת בַּמָּ֑יִם שֶׁ֥קֶץ ה֖וּא לָכֶֽם ׃,כל אשר אינ לו סנפיר וקשקשת במימ שקצ הוא לכמ,11,כל די לית ליה ציצין וקלפין במיא שקצא הוא לכון:,10,"καὶ πάντα ὅσα οὐκ ἔστιν αὐτοῖς πτερύγια καὶ λεπίδες τῶν ἐν τῷ ὕδατι, βδέλυγμα τοῦτό ἐστιν ὑμῖν.",17,ܘܟܠ ܕܠܝܬ ܠܗ ܓܦ̈ܐ ܘܩ̈ܠܦܐ ܒܡ̈ܝܐ ܛܡܐ ܗܘ ܠܟܘܢ.,9,"Tudo o que não tem barbatanas nem escamas, nas águas, será para vós abominável.",14,True,True,True
11,13,Levítico 11:13,וְאֶת־ אֵ֨לֶּה֙ תְּשַׁקְּצ֣וּ מִן־ הָע֔וֹף לֹ֥א יֵאָכְל֖וּ שֶׁ֣קֶץ הֵ֑ם אֶת־ הַנֶּ֨שֶׁר֙ וְאֶת־ הַפֶּ֔רֶס וְאֵ֖ת הָעָזְנִיָּֽה ׃,ואת אלה תשקצו מנ העופ לא יאכלו שקצ המ את הנשר ואת הפרס ואת העזניה,16,וית אלין תשקצון מן עופא לא יתאכלון שקצא אנון נשרא וער ועזיא:,12,"Καὶ ταῦτα ἃ βδελύξεσθε ἀπὸ τῶν πετεινῶν, καὶ οὐ βρωθήσεται, βδέλυγμά ἐστιν· τὸν ἀετὸν καὶ τὸν γρύπα καὶ τὸν ἁλιάετον,",20,ܘܗܠܝܢ ܐܣܠܘ ܡܢ ܦܪ̈ܚܬܐ ܘܠܐ ܢܬܐܟܠܘܢ. ܡܛܠ ܕܛܡܐܝܢ ܐܢܘܢ ܢܫܪܐ.,10,"Dentre as aves, a estas abominareis; não se comerão, serão abomináveis: a águia, o quebrantosso, o xofrango,",17,True,True,True
11,14,Levítico 11:14,וְאֶת־ הַ֨דָּאָ֔ה וְאֶת־ הָאַיָּ֖ה לְמִינָֽהּ ׃,ואת הדאה ואת האיה למינה,6,ודיתא וטרפיתא לזנה:,3,"καὶ τὸν γύπα καὶ ἴκτινα καὶ τὰ ὅμοια αὐτῷ,",9,ܘܕܝܬܐ.,1,"o açor, o falcão segundo a sua espécie,",8,True,True,True
11,15,Levítico 11:15,אֵ֥ת כָּל־ עֹרֵ֖ב לְמִינֽוֹ ׃,את כל ערב למינו,5,ית כל עורבא לזניה:,4,"καὶ στρουθὸν καὶ γλαῦκα καὶ λάρον καὶ τὰ ὅμοια αὐτῷ,",10,ܘܢܥܒܐ ܒܓܢܣܝ̈ܗܘܢ .,3,"todo corvo segundo a sua espécie,",6,True,True,True
11,16,Levítico 11:16,וְאֵת֙ בַּ֣ת הַֽיַּעֲנָ֔ה וְאֶת־ הַתַּחְמָ֖ס וְאֶת־ הַשָּׁ֑חַף וְאֶת־ הַנֵּ֖ץ לְמִינֵֽהוּ ׃,ואת בת היענה ואת התחמס ואת השחפ ואת הנצ למינהו,11,וית בת נעמיתא וציצא וצפר שחפא ונצא לזנוהי:,8,"καὶ ἱέρακα καὶ τὰ ὅμοια αὐτῷ,",6,ܘܢܥܡܐ ܘܢܨܐ ܠܓܢܣ̈ܝܗܘܢ.,3,"o avestruz, o mocho, a gaivota, o gavião segundo a sua espécie,",12,True,True,True
11,17,Levítico 11:17,וְאֶת־ הַכּ֥וֹס וְאֶת־ הַשָּׁלָ֖ךְ וְאֶת־ הַיַּנְשֽׁוּף ׃,ואת הכוס ואת השלכ ואת הינשופ,7,וקריא ושלינונא וקפופא:,3,καὶ νυκτικόρακα καὶ καταράκτην καὶ εἶβιν,6,ܘܥܘܕܐ ܘܫ̇ܠܐ ܢܘ̈ܢܐ ܘܩܦܘܦܐ.,4,"o bufo, o corvo marinho, a coruja,",7,True,True,True
11,18,Levítico 11:18,וְאֶת־ הַתִּנְשֶׁ֥מֶת וְאֶת־ הַקָּאָ֖ת וְאֶת־ הָרָחָֽם ׃,ואת התנשמת ואת הקאת ואת הרחמ,7,ובותא וקאתא וירקרקא:,3,καὶ πορφυρίωνα καὶ πελεκᾶνα καὶ κύκνον,6,ܘܟܘܟܒܝ ܘܩܩܐ ܘܫܪܩܪܩܐ.,3,"o porfirião, o pelicano, o abutre,",6,True,True,True
11,19,Levítico 11:19,וְאֵת֙ הַחֲסִידָ֔ה הָאֲנָפָ֖ה לְמִינָ֑הּ וְאֶת־ הַדּוּכִיפַ֖ת וְאֶת־ הָעֲטַלֵּֽף ׃,ואת החסידה האנפה למינה ואת הדוכיפת ואת העטלפ,9,וחוריתא ואבו לזנה ונגר טורא ועטלפא:,6,"καὶ γλαῦκα καὶ ἀρωδιὸν καὶ χαραδριὸν καὶ τὰ ὅμοια αὐτῷ, καὶ ἔποπα καὶ νυκτερίδα.",14,ܘܚܘܪܒܐ ܘܐܢܦܐ ܠܓܢ̈ܣܝܗܘܢ. ܘܬܪܢܓܘܠ ܒܪܐ ܘܛܘܣܐ .,7,"a cegonha, a garça segundo a sua, espécie, a poupa e o morcego.",13,True,True,True
11,20,Levítico 11:20,כֹּ֚ל שֶׁ֣רֶץ הָע֔וֹף הַהֹלֵ֖ךְ עַל־ אַרְבַּ֑ע שֶׁ֥קֶץ ה֖וּא לָכֶֽם ׃ ס,כל שרצ העופ ההלכ על ארבע שקצ הוא לכמ ס,11,כל רחשא דעופא דמהלך על ארבע שקצא הוא לכון:,9,"Καὶ πάντα τὰ ἑρπετὰ τῶν πετεινῶν ἃ πορεύεται ἐπὶ τέσσερα, βδελύγματά ἐστιν ὑμῖν.",13,ܘܟܠܗ ܝܠܕܐ ܕܦܪܚܬܐ ܕܡܗܠܟܐ ܥܠ ܐܪ̈ܒܥ ܛܡܐܐ ܗܝ ܠܟܘܢ.,9,"Todos os insetos alados que andam sobre quatro pés, serão para vós uma abominação.",14,True,True,True
11,21,Levítico 11:21,אַ֤ךְ אֶת־ זֶה֙ תֹּֽאכְל֔וּ מִכֹּל֙ שֶׁ֣רֶץ הָע֔וֹף הַהֹלֵ֖ךְ עַל־ אַרְבַּ֑ע אֲשֶׁר־ לא כְרָעַ֨יִם֙ מִמַּ֣עַל לְרַגְלָ֔יו לְנַתֵּ֥ר בָּהֵ֖ן עַל־ הָאָֽרֶץ ׃,אכ את זה תאכלו מכל שרצ העופ ההלכ על ארבע אשר לא כרעימ ממעל לרגליו לנתר בהנ על הארצ,20,ברם ית דין תיכלון מכל רחשא דעופא דמהלך על ארבע די ליה קרצולין מעלוי רגלוהי לקפצא בהון על ארעא:,19,ἀλλὰ ταῦτα φάγεσθε ἀπὸ τῶν ἑρπετῶν τῶν πετεινῶν ἃ πορεύεται ἐπὶ τέσσερα· ἔχει σκέλη ἀνώτερον τῶν ποδῶν αὐτοῦ πηδᾷν ἐν αὐτοῖς ἐπὶ τῆς γῆς.,24,ܘܗܠܝܢ ܐܟܘܠܘ ܡܢ ܟܠܗ ܝܠܕܐ ܕܦܪܚܬܐ. ܕܡܗܠܟ ܥܠ ܐܪ̈ܒܥ. ܕܐܝܬ ܠܗ ܛܦܪ̈ܐ ܠܥܠ ܡܢ ܪ̈ܓܠܘܗܝ. ܕܢܒ̇ܪ ܒܗܝܢ ܒܐܪܥܐ.,18,"Contudo, estes há que podereis comer de todos os insetos alados que andam sobre quatro pés: os que têm pernas sobre os seus pés, para saltar com elas sobre a terra;",31,True,True,True
11,22,Levítico 11:22,אֶת־ אֵ֤לֶּה מֵהֶם֙ תֹּאכֵ֔לוּ אֶת־ הָֽאַרְבֶּ֣ה לְמִינ֔וֹ וְאֶת־ הַסָּלְעָ֖ם לְמִינֵ֑הוּ וְאֶת־ הַחַרְגֹּ֣ל לְמִינֵ֔הוּ וְאֶת־ הֶחָגָ֖ב לְמִינֵֽהוּ ׃,את אלה מהמ תאכלו את הארבה למינו ואת הסלעמ למינהו ואת החרגל למינהו ואת החגב למינהו,17,ית אלין מנהון תיכלון ית גובא לזנה וית רשונא לזנוהי וית חרגולא לזנוהי וית חגבא לזנוהי:,16,"καὶ ταῦτα φάγεσθε ἀπ᾽ αὐτῶν· τὸν βροῦχον καὶ τὰ ὅμοια αὐτῷ, καὶ τὸν ἀττάκην καὶ τὰ ὅμοια αὐτῷ, καὶ τὴν ἀκρίδα καὶ τὰ ὅμοια αὐτῇ, καὶ τὸν ὀφιομάχην καὶ τὰ ὅμοια αὐτῷ.",32,ܗܠܝܢ ܐܟܘܠܘ ܡܢܗܘܢ. ܩܡܨܐ ܠܓܢܣܗ. ܘܚܪܓܠܐ ܠܓܢܣܗ.,7,"isto é, deles podereis comer os seguintes: o gafanhoto segundo a sua espécie, o solham segundo a sua espécie, o hargol segundo a sua espécie e o hagabe segundo a sua espécie.",32,True,True,True
11,23,Levítico 11:23,וְכֹל֙ שֶׁ֣רֶץ הָע֔וֹף אֲשֶׁר־ ל֖וֹ אַרְבַּ֣ע רַגְלָ֑יִם שֶׁ֥קֶץ ה֖וּא לָכֶֽם ׃,וכל שרצ העופ אשר לו ארבע רגלימ שקצ הוא לכמ,11,וכל רחשא דעופא די ליה ארבע רגלין שקצא הוא לכון:,10,"πᾶν ἑρπετὸν ἀπὸ τῶν πετεινῶν οἷς ἐστὶν τέσσαρες πόδες, βδελύγματά ἐστιν ὑμῖν.",12,ܘܟܠܗ ܝܠܕܐ ܕܦܪܚܬܐ ܕܐܝܬ ܠܗ ܐܪ̈ܒܥ ܪ̈ܓܠܝܢ ܛܡܐ ܗܘ ܠܟܘܢ.,10,"Mas todos os outros insetos alados que têm quatro pés, serão para vós uma abominação.",15,True,True,True
11,24,Levítico 11:24,וּלְאֵ֖לֶּה תִּטַּמָּ֑אוּ כָּל־ הַנֹּגֵ֥עַ בְּנִבְלָתָ֖ם יִטְמָ֥א עַד־ הָעָֽרֶב ׃,ולאלה תטמאו כל הנגע בנבלתמ יטמא עד הערב,9,ולאלין תסתאבון כל דיקרב בנבלתהון יהי מסאב עד רמשא:,9,"Καὶ ἐν τούτοις μιανθήσεσθε· πᾶς ὁ ἁπτόμενος τῶν θνησιμαίων αὐτῶν ἀκάθαρτος ἕως ἑσπέρας,",13,ܘܒܗܠܝܢ ܬܬܛܡܐܘܢ. ܟܠ ܕܩ̇ܪܒ ܠܦܓܪ̈ܝܗܘܢ. ܢܗܘܐ ܛܡܐ ܥܕܡܐ ܠܪܡܫܐ.,9,"Também por eles vos tornareis imundos; qualquer que tocar nos seus cadáveres, será imundo até a tarde,",17,True,True,True
11,25,Levítico 11:25,וְכָל־ הַנֹּשֵׂ֖א מִנִּבְלָתָ֑ם יְכַבֵּ֥ס בְּגָדָ֖יו וְטָמֵ֥א עַד־ הָעָֽרֶב ׃,וכל הנשא מנבלתמ יכבס בגדיו וטמא עד הערב,9,וכל דיטול מנבלתהון יצבע לבושוהי ויהי מסאב עד רמשא:,9,καὶ πᾶς ὁ αἴρων τῶν θνησιμαίων αὐτῶν πλυνεῖ τὰ ἱμάτια καὶ ἀκάθαρτος ἔσται ἕως ἑσπέρας.,15,ܘܟܠ ܕܫ̇ܩܠ ܦܓܪ̈ܝܗܘܢ ܢܚܠܠ ܡܐ̈ܢܘܗܝ ܘܢܗܘܐ ܛܡܐ ܥܕܡܐ ܠܪܡܫܐ.,9,"e quem levar qualquer parte dos seus cadáveres, lavará as suas vestes, e será imundo até a tarde.",18,True,True,True
11,26,Levítico 11:26,לְֽכָל־ הַבְּהֵמָ֡ה אֲשֶׁ֣ר הִוא֩ מַפְרֶ֨סֶת פַּרְסָ֜ה וְשֶׁ֣סַע ׀ אֵינֶ֣נָּה שֹׁסַ֗עַת וְגֵרָה֙ אֵינֶ֣נָּה מַעֲלָ֔ה טְמֵאִ֥ים הֵ֖ם לָכֶ֑ם כָּל־ הַנֹּגֵ֥עַ בָּהֶ֖ם יִטְמָֽא ׃,לכל הבהמה אשר הוא מפרסת פרסה ושסע איננה שסעת וגרה איננה מעלה טמאימ המ לכמ כל הנגע בהמ יטמא,21,לכל בעירא די היא סדיקא פרסתא וטלפין ליתהא מטלפא ופשרא ליתהא מסקא מסאבין אנון לכון כל דיקרב בהון יהי מסאב:,20,"καὶ ἐν πᾶσιν τοῖς κτήνεσιν ὅ ἐστιν διχηλοῦν ὁπλὴν καὶ ὀνυχιστῆρας ὀνυχίζει καὶ μηρυκισμὸν οὐ μαρυκᾶται, ἀκάθαρτα ἔσονται ὑμῖν· πᾶς ὁ ἁπτόμενος τῶν θνησιμαίων αὐτῶν ἀκάθαρτος ἔσται ἕως ἑσπέρας.",29,ܘܟܠܗ̇ ܒܥܝܪ̈ܐ ܕܨܪܝܐ ܦܪܣܬܗ̇. ܘܠܐ ܗܘܬ ܦܠܝܓܐ ܠܬܪ̈ܝܢ. ܘܠܐ ܡܬܓܘܪܪܐ ܛܡܐܐ ܗܝ ܠܟܘܢ. ܘܟܠ ܕܢܩܪܘܒ ܠܗܘܢ ܢܗܘܐ ܛܡܐ ܥܕܡܐ ܠܪܡܫܐ.,20,"Todo animal que tem unhas fendidas, mas cuja fenda não as divide em duas, e que não rumina, será para vós imundo; qualquer que tocar neles será imundo.",28,True,True,True
11,27,Levítico 11:27,וְכֹ֣ל ׀ הוֹלֵ֣ךְ עַל־ כַּפָּ֗יו בְּכָל־ הַֽחַיָּה֙ הַהֹלֶ֣כֶת עַל־ אַרְבַּ֔ע טְמֵאִ֥ים הֵ֖ם לָכֶ֑ם כָּל־ הַנֹּגֵ֥עַ בְּנִבְלָתָ֖ם יִטְמָ֥א עַד־ הָעָֽרֶב ׃,וכל הולכ על כפיו בכל החיה ההלכת על ארבע טמאימ המ לכמ כל הנגע בנבלתמ יטמא עד הערב,20,וכל דמהלך על ידוהי בכל חיתא דמהלכא על ארבע מסאבין אנון לכון כל דיקרב בנבלתהון יהי מסאב עד רמשא:,19,"καὶ πᾶς ὃς πορεύεται ἐπὶ χειρῶν ἐν πᾶσι τοῖς θηρίοις ἃ πορεύεται ἐπὶ τέσσερα, ἀκάθαρτα ὑμῖν ἔσται· πᾶς ὁ ἁπτόμενος τῶν θνησιμαίων αὐτῶν ἀκάθαρτος ἔσται ἕως ἑσπέρας,",27,ܘܟܠ ܕܡܗܠܟ ܥܠ ܐ̈ܝܕܘܗܝ. ܟܠܗ̇ ܚܝܘܬܐ ܕܡܗܠܟܐ ܥܠ ܐܪ̈ܒܥ ܛܡܐ ܗܝ ܠܟܘܢ. ܘܟܠ ܕܩ̇ܪܒ ܠܦܓܪ̈ܝܗܘܢ. ܢܗܘܐ ܛܡܐ ܥܕܡܐ ܠܪܡܫܐ.,19,"Todos os plantígrados dentre os quadrúpedes, esses vos serão imundos; qualquer que tocar nos seus cadáveres será imundo até a tarde,",21,True,True,True
11,28,Levítico 11:28,וְהַנֹּשֵׂא֙ אֶת־ נִבְלָתָ֔ם יְכַבֵּ֥ס בְּגָדָ֖יו וְטָמֵ֣א עַד־ הָעָ֑רֶב טְמֵאִ֥ים הֵ֖מָּה לָכֶֽם ׃ ס,והנשא את נבלתמ יכבס בגדיו וטמא עד הערב טמאימ המה לכמ ס,13,ודיטול ית נבלתהון יצבע לבושוהי ויהי מסאב עד רמשא מסאבין אנון לכון:,12,καὶ ὁ αἴρων τῶν θνησιμαίων αὐτῶν πλυνεῖ τὰ ἱμάτια καὶ ἀκάθαρτος ἔσται ἕως ἑσπέρας· ἀκάθαρτα ταῦτα ὑμῖν ἐστιν.,18,ܘܡ̇ܢ ܕܫ̇ܩܠ ܦܓܪ̈ܝܗܘܢ. ܢܚܠܠ ܡܐ̈ܢܘܗܝ ܘܢܗܘܐ ܛܡܐܐ ܥܕܡܐ ܠܪܡܫܐ. ܡܛܠ ܕܛܡܐܝܢ ܐܢܘܢ ܠܟܘܢ.,13,"e o que levar os seus cadáveres lavará as suas vestes, e será imundo até a tarde; eles serão para vós imundos.",22,True,True,True
11,29,Levítico 11:29,וְזֶ֤ה לָכֶם֙ הַטָּמֵ֔א בַּשֶּׁ֖רֶץ הַשֹּׁרֵ֣ץ עַל־ הָאָ֑רֶץ הַחֹ֥לֶד וְהָעַכְבָּ֖ר וְהַצָּ֥ב לְמִינֵֽהוּ ׃,וזה לכמ הטמא בשרצ השרצ על הארצ החלד והעכבר והצב למינהו,12,ודין לכון מסאבא ברחשא דרחש על ארעא חלדא ועכברא וצבא לזנוהי:,11,"Καὶ ταῦτα ὑμῖν ἀκάθαρτα ἀπὸ τῶν ἑρπετῶν τῶν ἐπὶ τῆς γῆς· ἡ γαλῆ καὶ ὁ μῦς καὶ ὁ κροκόδειλος ὁ χερσαῖος,",21,ܘܗܠܝܢ ܛܡܐܝܢ ܒܟܠܗ̇ ܪܚܫܐ ܕܪܚܫ̇ ܥܠ ܐܪܥܐ. ܟܟܘܫܬܐ ܘܥܘܩܒܪܐ ܘܚܪܕܢܐ ܠܓܢܣ̈ܝܗܘܢ.,11,"Estes também vos serão por imundos entre os animais que se arrastam sobre a terra: a doninha, o rato, o crocodilo da terra segundo a sua espécie,",27,True,True,True
11,30,Levítico 11:30,וְהָאֲנָקָ֥ה וְהַכֹּ֖חַ וְהַלְּטָאָ֑ה וְהַחֹ֖מֶט וְהַתִּנְשָֽׁמֶת ׃,והאנקה והכח והלטאה והחמט והתנשמת,6,וילא וכחא וחלטיתא וחמטא ואשותא:,5,μυγαλῆ καὶ χαμηλέων καὶ καλαβώτης καὶ σαῦρα καὶ ἀσπάλαξ.,9,ܘܐܡܩܬܐ ܘܚܘܠܕܐ ܘܨܪܘܪܝܬܐ ܘܚܘܠܡܛܐ ܘܝܕܝܕܐ.,5,"o musaranho, o crocodilo da água, a lagartixa, o lagarto e a toupeira.",13,True,True,True
11,31,Levítico 11:31,אֵ֛לֶּה הַטְּמֵאִ֥ים לָכֶ֖ם בְּכָל־ הַשָּׁ֑רֶץ כָּל־ הַנֹּגֵ֧עַ בָּהֶ֛ם בְּמֹתָ֖ם יִטְמָ֥א עַד־ הָעָֽרֶב ׃,אלה הטמאימ לכמ בכל השרצ כל הנגע בהמ במתמ יטמא עד הערב,13,אלין דמסאבין לכון בכל רחשא כל דיקרב בהון במותהון יהי מסאב עד רמשא:,13,ταῦτα ἀκάθαρτα ὑμῖν ἀπὸ πάντων τῶν ἑρπετῶν τῶν ἐπὶ τῆς γῆς· πᾶς ὁ ἁπτόμενος αὐτῶν τεθνηκότων ἀκάθαρτος ἔσται ἕως ἑσπέρας.,20,ܗܠܝܢ ܛܡܐܝܢ ܒܟܠܗ ܪܚܫܐ. ܟܠ ܕܩ̇ܪܒ ܠܗܘܢ ܟܕ ܡܝܬܝܢ. ܢܗܘܐ ܛܡܐ ܥܕܡܐ ܠܪܡܫܐ.,13,"Esses vos serão imundos dentre todos os animais rasteiros; qualquer que os tocar, depois de mortos, será imundo até a tarde;",21,True,True,True
11,32,Levítico 11:32,וְכֹ֣ל אֲשֶׁר־ יִפֹּל־ עָלָיו֩ מֵהֶ֨ם ׀ בְּמֹתָ֜ם יִטְמָ֗א מִכָּל־ כְּלִי־ עֵץ֙ א֣וֹ בֶ֤גֶד אוֹ־ עוֹר֙ א֣וֹ שָׂ֔ק כָּל־ כְּלִ֕י אֲשֶׁר־ יֵעָשֶׂ֥ה מְלָאכָ֖ה בָּהֶ֑ם בַּמַּ֧יִם יוּבָ֛א וְטָמֵ֥א עַד־ הָעֶ֖רֶב וְטָהֵֽר ׃,וכל אשר יפל עליו מהמ במתמ יטמא מכל כלי עצ או בגד או עור או שק כל כלי אשר יעשה מלאכה בהמ במימ יובא וטמא עד הערב וטהר,30,וכל די יפל עלוהי מנהון במותהון יהי מסאב מכל מאן דאעא או לבוש או משך או שק כל מאן די תתעבד עבידא בהון במיא יתעל ויהי מסאב עד רמשא וידכי:,30,"καὶ πᾶν ἐφ᾽ ὃ ἂν ἐπιπέσῃ ἀπ᾽ αὐτῶν τεθνηκότων αὐτῶν ἀκάθαρτον ἔσται, ἀπὸ παντὸς σκεύους ξυλίνου ἢ ἱματίου ἢ δέρματος ἢ σάκκου· πᾶν σκεῦος ὃ ἐὰν ποιηθῇ ἔργον ἐν αὐτῷ εἰς ὕδωρ βαφήσεται, καὶ ἀκάθαρτον ἔσται ἕως ἑσπέρας, καὶ καθαρὸν ἔσται.",41,ܘܟܠ ܕܢ̇ܦܠ ܥܠܘܗܝ ܡܢܗܘܢ ܟܕ ܡܝܬ ܢܬܛܡܐ. ܘܟܠ ܡܐܢܐ ܕܩܝܣܐ. ܐܘ ܠܒܘܫܐ ܐܘ ܡܫܟܐ ܐܘ ܣܩܐ. ܐܘ ܟܘܠ ܡܐܢ ܕܡܬܥܒܕ ܒܗܘܢ ܥܒ̇ܕܐ. ܒܡ̈ܝܐ ܢܨܒܥܘܢ ܐܢܘܢ. ܘܢܗܘܘܢ ܛܡܐܝܢ ܥܕܡܐ ܠܪܡܫܐ ܘܢܬܕܟܘܢ.,30,"e tudo aquilo sobre o que cair o cadáver de qualquer deles será imundo; seja vaso de madeira, ou vestidura, ou pele, ou saco, seja qualquer instrumento com que se faz alguma obra, será metido na água, e será imundo até a tarde; então será limpo.",46,True,True,True
11,33,Levítico 11:33,וְכָל־ כְּלִי־ חֶ֔רֶשׂ אֲשֶׁר־ יִפֹּ֥ל מֵהֶ֖ם אֶל־ תּוֹכ֑וֹ כֹּ֣ל אֲשֶׁ֧ר בְּתוֹכ֛וֹ יִטְמָ֖א וְאֹת֥וֹ תִשְׁבֹּֽרוּ ׃,וכל כלי חרש אשר יפל מהמ אל תוכו כל אשר בתוכו יטמא ואתו תשברו,15,וכל מאן דחסף די יפל מנהון לגויה כל די בגויה יסתאב ויתיה תתברון:,13,"καὶ πᾶν σκεῦος ὀστράκινον εἰς ὃ ἐὰν πέσῃ ἀπὸ τούτων ἔνδον, ὅσα ἐὰν ἔνδον ἦν ἀκάθαρτα ἔσται, καὶ αὐτὸ συντριβήσεται.",20,ܘܟܠ ܡܐܢܐ ܕܦܚܪܐ ܕܢ̇ܦܠ ܡܢܗܘܢ ܒܓܘܗ. ܟܘܠ ܕܒܓܘܗ ܢܗܘܐ ܛܡܐ ܘܠܗ ܬܒ̇ܪܘ.,12,"E quanto a todo vaso de barro dentro do qual cair algum deles, tudo o que houver nele será imundo, e o vaso quebrareis.",24,True,True,True
11,34,Levítico 11:34,מִכָּל־ הָאֹ֜כֶל אֲשֶׁ֣ר יֵאָכֵ֗ל אֲשֶׁ֨ר יָב֥וֹא עָלָ֛יו מַ֖יִם יִטְמָ֑א וְכָל־ מַשְׁקֶה֙ אֲשֶׁ֣ר יִשָּׁתֶ֔ה בְּכָל־ כְּלִ֖י יִטְמָֽא ׃,מכל האכל אשר יאכל אשר יבוא עליו מימ יטמא וכל משקה אשר ישתה בכל כלי יטמא,17,מכל מיכלא דמתאכל די יעלון עלוהי מיא יהי מסאב וכל משקה די ישתתי בכל מאן יהי מסאב:,17,"καὶ πᾶν βρῶμα ὃ ἔσθεται, εἰς ὃ ἐὰν ἐπέλθῃ ἐπ᾽ αὐτὸ ὕδωρ, ἀκάθαρτον ἔσται· καὶ πᾶν ποτὸν ὃ πίνεται ἐν παντὶ ἀγγίῳ ἀκάθαρτον ἔσται.",24,ܘܡܢ ܟܠ ܡܐܟܘܠܬܐ ܕܡܬܐܟܠܐ ܕܢ̇ܦܠܝܢ ܥܠܝܗ̇ ܡ̈ܝܐ ܬܬܛܡܐ. ܘܟܠ ܡܫܬܝܐ ܕܡܫܬܬܐ ܒܟܠ ܡܐܢ ܢܬܛܡܐ.,14,"Todo alimento depositado nele, que se pode comer, sobre o qual vier água, será imundo; e toda bebida que se pode beber, sendo depositada em qualquer destes vasos será imunda.",30,True,True,True
11,35,Levítico 11:35,וְ֠כֹל אֲשֶׁר־ יִפֹּ֨ל מִנִּבְלָתָ֥ם ׀ עָלָיו֮ יִטְמָא֒ תַּנּ֧וּר וְכִירַ֛יִם יֻתָּ֖ץ טְמֵאִ֣ים הֵ֑ם וּטְמֵאִ֖ים יִהְי֥וּ לָכֶֽם ׃,וכל אשר יפל מנבלתמ עליו יטמא תנור וכירימ יתצ טמאימ המ וטמאימ יהיו לכמ,16,וכל די יפל מנבלתהון עלוהי יהי מסאב תנור וכירים יתרעון מסאבין אנון ומסאבין יהון לכון:,15,"καὶ πᾶν ὃ ἐὰν πέσῃ ἀπὸ τῶν θνησιμαίων αὐτῶν ἐπ᾽ αὐτό, ἀκάθαρτον ἔσται· κλίβανοι καὶ κυθρόποδες καθαιρεθήσονται· ἀκάθαρτα ταῦτά ἐστιν, καὶ ἀκάθαρτα ταῦτα ὑμῖν ἔσονται.",25,ܘܟܠ ܕܢ̇ܦܠ ܡܢ ܦܓܪ̈ܝܗܘܢ ܥܠܘܗܝ ܢܗܘܐ ܛܡܐ. ܬܢܘܪܐ ܘܒܝܬ ܬ̈ܦܝܐ ܢܬܥܩܪܘܢ. ܛܡܐܝܢ ܐܢܘܢ ܘܛܡܐܝܢ ܢܗܘܘܢ ܠܟܘܢ.,16,"E tudo aquilo sobre o que cair: alguma parte dos cadáveres deles será imundo; seja forno, seja fogão, será quebrado; imundos são, portanto para vós serão imundos.",27,True,True,True
11,36,Levítico 11:36,אַ֣ךְ מַעְיָ֥ן וּב֛וֹר מִקְוֵה־ מַ֖יִם יִהְיֶ֣ה טָה֑וֹר וְנֹגֵ֥עַ בְּנִבְלָתָ֖ם יִטְמָֽא ׃,אכ מעינ ובור מקוה מימ יהיה טהור ונגע בנבלתמ יטמא,11,ברם מעין וגוב בית כנישות מיא יהי דכי ודיקרב בנבלתהון יהי מסאב:,12,πλὴν πηγῶν ὑδάτων καὶ λάκκου καὶ συναγωγῆς ὕδατος· ἔσται καθαρόν· ὁ δὲ ἁπτόμενος τῶν θνησιμαίων αὐτῶν ἀκάθαρτος ἔσται.,18,ܒܪܡ ܡܥܝ̈ܢܐ ܘܓܘ̈ܒܐ ܘܩܒܝ̈ܬܐ ܕܡ̈ܝܐ ܢܗܘܘܢ ܕܟܝܢ. ܘܡ̇ܢ ܕܢܩܪܘܒ ܠܦܓܪ̈ܝܗܘܢ ܢܗܘܐ ܛܡܐ.,12,"Contudo, uma fonte ou cisterna, em que há depósito de água, será limpa; mas quem tocar no cadáver será imundo.",20,True,True,True
11,37,Levítico 11:37,וְכִ֤י יִפֹּל֙ מִנִּבְלָתָ֔ם עַל־ כָּל־ זֶ֥רַע זֵר֖וּעַ אֲשֶׁ֣ר יִזָּרֵ֑עַ טָה֖וֹר הֽוּא ׃,וכי יפל מנבלתמ על כל זרע זרוע אשר יזרע טהור הוא,12,וארי יפל מנבלתהון על כל בר זרע זרוע די יזדרע דכי הוא:,12,"ἐὰν δὲ ἐπιπέσῃ τῶν θνησιμαίων αὐτῶν ἐπὶ πᾶν σπέρμα σπόριμον ὃ σπαρήσεται, καθαρὸν ἔσται·",14,ܘܐܢ ܢܦܠ ܡܢ ܦܓܪ̈ܝܗܘܢ ܥܠ ܟܠ ܒܪ ܙܪܥܐ ܕܙܪܥܐ ܕܡܙܕܪܥ ܕܟܐ ܗܘ.,12,"E, se dos seus cadáveres cair alguma coisa sobre alguma semente que se houver de semear, esta será limpa;",19,True,True,True
11,38,Levítico 11:38,וְכִ֤י יֻתַּן־ מַ֨יִם֙ עַל־ זֶ֔רַע וְנָפַ֥ל מִנִּבְלָתָ֖ם עָלָ֑יו טָמֵ֥א ה֖וּא לָכֶֽם ׃ ס,וכי יתנ מימ על זרע ונפל מנבלתמ עליו טמא הוא לכמ ס,13,וארי יתיהבון מיא על בר זרעא ויפל מנבלתהון עלוהי מסאב הוא לכון:,12,"ἐὰν δὲ ἐπιχυθῇ ὕδωρ ἐπὶ πᾶν σπέρμα, καὶ ἐπιπέσῃ τῶν θνησιμαίων αὐτῶν ἐπ᾽ αὐτό, ἀκάθαρτόν ἐστιν ὑμῖν.",17,ܘܐܢ ܢܦܠܘ ܡ̈ܝܐ ܥܠ ܒܪ ܙܪܥܐ ܘܢܦܠܘ ܡܢ ܦܓܪ̈ܝܗܘܢ ܥܠܘܗܝ. ܛܡܐ ܗܘ ܠܟܘܢ.,13,"mas se for deitada água sobre a semente, e se dos cadáveres cair alguma coisa sobre ela, então ela será para vós imunda.",23,True,True,True
11,39,Levítico 11:39,וְכִ֤י יָמוּת֙ מִן־ הַבְּהֵמָ֔ה אֲשֶׁר־ הִ֥יא לָכֶ֖ם לְאָכְלָ֑ה הַנֹּגֵ֥עַ בְּנִבְלָתָ֖הּ יִטְמָ֥א עַד־ הָעָֽרֶב ׃,וכי ימות מנ הבהמה אשר היא לכמ לאכלה הנגע בנבלתה יטמא עד הערב,14,וארי ימות מן בעירא די היא לכון למיכל דיקרב בנבלתה יהי מסאב עד רמשא:,14,"ἐὰν δὲ ἀποθάνῃ τῶν κτηνῶν ὅ ἐστιν ὑμῖν τοῦτο φαγεῖν, ὁ ἁπτόμενος τῶν θνησιμαίων αὐτῶν ἀκάθαρτος ἔσται ἕως ἑσπέρας·",19,ܘܐܢ ܢܡܘܬ ܡܢ ܒܥܝܪ̈ܐ ܕܕܟܝܐ ܠܟܘܢ ܠܡܐܟܠ. ܟܠ ܕܢܩܪܘܒ ܠܦܓܪܗ̇. ܢܗܘܐ ܛܡܐ ܥܕܡܐ ܠܪܡܫܐ.,14,"E se morrer algum dos animais de que vos é lícito comer, quem tocar no seu cadáver será imundo até a tarde;",22,True,True,True
11,40,Levítico 11:40,וְהָֽאֹכֵל֙ מִנִּבְלָתָ֔הּ יְכַבֵּ֥ס בְּגָדָ֖יו וְטָמֵ֣א עַד־ הָעָ֑רֶב וְהַנֹּשֵׂא֙ אֶת־ נִבְלָתָ֔הּ יְכַבֵּ֥ס בְּגָדָ֖יו וְטָמֵ֥א עַד־ הָעָֽרֶב ׃,והאכל מנבלתה יכבס בגדיו וטמא עד הערב והנשא את נבלתה יכבס בגדיו וטמא עד הערב,16,ודיכול מנבלתה יצבע לבושוהי ויהי מסאב עד רמשא ודיטול ית נבלתה יצבע לבושוהי ויהי מסאב עד רמשא:,17,"καὶ ὁ ἐσθίων ἀπὸ τῶν θνησιμαίων τούτων πλυνεῖ τὰ ἱμάτια, καὶ ἀκάθαρτος ἔσται ἕως ἑσπέρας· καὶ ὁ αἴρων ἀπὸ θνησιμαίων αὐτῶν πλυνεῖ τὰ ἱμάτια καὶ λούσεται ὕδατι, καὶ ἀκάθαρτος ἔσται ἕως ἑσπέρας.",32,. ܘܕܢܫܩܘܠ ܡܢ ܦܓܪܗ̇ ܢܚܠܠ ܡܐ̈ܢܘܗܝ ܘܢܗܘܐ ܛܡܐ ܥܕܡܐ ܠܪܡܫܐ.,10,"e quem comer do cadáver dele lavará as suas vestes, e será imundo até a tarde; igualmente quem levar o cadáver dele lavará as suas vestes, e será imundo até a tarde.",32,True,True,True
11,41,Levítico 11:41,וְכָל־ הַשֶּׁ֖רֶץ הַשֹּׁרֵ֣ץ עַל־ הָאָ֑רֶץ שֶׁ֥קֶץ ה֖וּא לֹ֥א יֵאָכֵֽל ׃,וכל השרצ השרצ על הארצ שקצ הוא לא יאכל,10,וכל רחשא דרחש על ארעא שקצא הוא לא יתאכל:,9,"καὶ πᾶν ἑρπετὸν ὃ ἕρπει ἐπὶ τῆς γῆς, βδέλυγμα τοῦτο ἔσται ὑμῖν, οὐ βρωθήσεται.",14,ܘܟܠ ܪܚܫܐ ܕܪܚ̇ܫ ܥܠ ܐܪܥܐ ܛܡܐ ܗܘ ܠܟܘܢ. ܠܐ ܬܐܟܠܘܢ.,10,Também todo animal rasteiro que se move sobre a terra será abominação; não se comerá.,15,True,True,True
11,42,Levítico 11:42,כֹּל֩ הוֹלֵ֨ךְ עַל־ גָּח֜ וְכֹ֣ל ׀ הוֹלֵ֣ךְ עַל־ אַרְבַּ֗ע עַ֚ד כָּל־ מַרְבֵּ֣ה רַגְלַ֔יִם לְכָל־ הַשֶּׁ֖רֶץ הַשֹּׁרֵ֣ץ עַל־ הָאָ֑רֶץ לֹ֥א תֹאכְל֖וּם כִּי־ שֶׁ֥קֶץ הֵֽם ׃,כל הולכ על גח וכל הולכ על ארבע עד כל מרבה רגלימ לכל השרצ השרצ על הארצ לא תאכלומ כי שקצ המ,24,כל דמהלך על מעוהי וכל דמהלך על ארבע עד כל סגיאות רגלאין לכל רחשא דרחש על ארעא לא תיכלנון ארי שקצא אנון:,22,"καὶ πᾶς ὁ πορευόμενος ἐπὶ κοιλίας, καὶ πᾶς ὁ πορευόμενος ἐπὶ τέσσερα διὰ παντός, ὃ πολυπληθεῖ ποσὶν ἐν πᾶσιν τοῖς ἑρπετοῖς τοῖς ἕρπουσιν ἐπὶ τῆς γῆς, οὐ φάγεσθε αὐτό, ὅτι βδέλυγμα ὑμῖν ἐστίν.",33,ܘܟܠ ܕܫܐ̇ܦ ܥܠ ܟܪܣܗ. ܘܟܠ ܕܡܗܠܟ ܥܠ ܐܪ̈ܒܥ. ܘܥܠ ܣܘܓܐܐ ܕܪ̈ܓܠܐ. ܡܢ ܟܠ ܪܚܫܐ ܕܪܚ̇ܫ ܥܠ ܐܪܥܐ. ܠܐ ܬܐܟܠܘܢ ܡܢܗܘܢ. ܡܛܠ ܕܛܡܐܝܢ ܐܢܘܢ.,23,"Tudo o que anda sobre o ventre, tudo o que anda sobre quatro pés, e tudo o que tem muitos pés, enfim todos os animais rasteiros que se movem sobre a terra, desses não comereis, porquanto são abomináveis.",38,True,True,True
11,43,Levítico 11:43,אַל־ תְּשַׁקְּצוּ֙ אֶת־ נַפְשֹׁ֣תֵיכֶ֔ם בְּכָל־ הַשֶּׁ֖רֶץ הַשֹּׁרֵ֑ץ וְלֹ֤א תִֽטַּמְּאוּ֙ בָּהֶ֔ם וְנִטְמֵתֶ֖ם בָּֽם ׃,אל תשקצו את נפשתיכמ בכל השרצ השרצ ולא תטמאו בהמ ונטמתמ במ,13,לא תשקצו ית נפשתיכון בכל רחשא דרחש ולא תסתאבון בהון ותסתאבון פון בהון:,13,"καὶ οὐ μὴ βδελύξητε τὰς ψυχὰς ὑμῶν ἐν πᾶσι τοῖς ἑρπετοῖς τοῖς ἕρπουσιν ἐπὶ τῆς γῆς, καὶ οὐ μιανθήσεσθε ἐν τούτοις, καὶ οὐκ ἀκάθαρτοι ἔσεσθε ἐν αὐτοῖς.",27,ܠܐ ܬܛܡܐܘܢ ܢܦܫ̈ܬܟܘܢ ܒܟܠܗ ܪܚܫܐ ܕܪܚ̇ܫ ܥܠ ܐܪܥܐ. ܕܠܐ ܬܬܛܡܐܘܢ ܒܗܘܢ. ܠܐ ܬܬܛܡܐܘܢ ܒܗܘܢ.,14,"Não vos tomareis abomináveis por nenhum animal rasteiro, nem neles vos contaminareis, para não vos tornardes imundos por eles.",19,True,True,True
11,44,Levítico 11:44,כִּ֣י אֲנִ֣י יְהוָה֮ אֱלֹֽהֵיכֶם֒ וְהִתְקַדִּשְׁתֶּם֙ וִהְיִיתֶ֣ם קְדֹשִׁ֔ים כִּ֥י קָד֖וֹשׁ אָ֑נִי וְלֹ֤א תְטַמְּאוּ֙ אֶת־ נַפְשֹׁ֣תֵיכֶ֔ם בְּכָל־ הַשֶּׁ֖רֶץ הָרֹמֵ֥שׂ עַל־ הָאָֽרֶץ ׃,כי אני יהוה אלהיכמ והתקדשתמ והייתמ קדשימ כי קדוש אני ולא תטמאו את נפשתיכמ בכל השרצ הרמש על הארצ,20,ארי אנא יי אלהכון ותתקדשון ותהון קדישין ארי קדיש אנא ולא תסאבון ית נפשתיכון בכל רחשא דרחש על ארעא:,19,"ὅτι ἐγώ εἰμι Κύριος ὁ θεὸς ὑμῶν· καὶ ἁγιασθήσεσθε καὶ ἅγιοι ἔσεσθε, ὅτι ἅγιός εἰμι ἐγὼ Κύριος ὁ θεὸς ὑμῶν· καὶ οὐ μιανεῖτε τὰς ψυχὰς ὑμῶν ἐν πᾶσιν τοῖς ἑρπετοῖς τοῖς κινουμένοις ἐπὶ τῆς γῆς·",35,ܡܛܠ ܕܐܢܐ ܐܢܐ ܡܪܝܐ ܐܠܗܟܘܢ. ܘܬܬܩܕܫܘܢ ܘܬܗܘܘܢ ܩܕܝܫ̈ܝܢ. ܡܛܠ ܕܩܕܝܫ ܐܢܐ. ܠܐ ܬܛܡܐܘܢ ܢܦܫ̈ܬܟܘܢ ܒܟܠܗ ܪܚܫܐ ܕܪܚ̇ܫ ܥܠ ܐܪܥܐ.,19,"Porque eu sou o Senhor vosso Deus; portanto santificai-vos, e sede santos, porque eu sou santo; e não vos contaminareis com nenhum animal rasteiro que se move sobre a terra;",30,True,True,True
11,45,Levítico 11:45,כִּ֣י ׀ אֲנִ֣י יְהוָ֗ה הַֽמַּעֲלֶ֤ה אֶתְכֶם֙ מֵאֶ֣רֶץ מִצְרַ֔יִם לִהְיֹ֥ת לָכֶ֖ם לֵאלֹהִ֑ים וִהְיִיתֶ֣ם קְדֹשִׁ֔ים כִּ֥י קָד֖וֹשׁ אָֽנִי ׃,כי אני יהוה המעלה אתכמ מארצ מצרימ להית לכמ לאלהימ והייתמ קדשימ כי קדוש אני,17,ארי אנא יי דאסק יתכון מארעא דמצרים למהוי לכון לאלה ותהון קדישין ארי קדיש אנא:,15,"ὅτι ἐγώ εἰμι Κύριος ὁ ἀναγαγὼν ὑμᾶς ἐκ γῆς Αἰγύπτου εἶναι ὑμῶν θεός· καὶ ἔσεσθε ἅγιοι, ὅτι ἅγιός εἰμι ἐγὼ Κύριος.",21,ܡܛܠ ܕܐܢܐ ܐܢܐ ܡܪܝܐ ܐܠܗܟܘܢ . ܕܐܣܩ̇ܬܟܘܢ ܡܢ ܐܪܥܐ ܕܡܨܪܝܢ ܕܐܗܘܐ ܠܟܘܢ ܐܠܗܐ. ܘܬܗܘܘܢ ܩܕܝܫ̈ܝܢ ܡܛܠ ܕܩܕܝܫ ܐܢܐ.,18,"porque eu sou o Senhor, que vos fiz subir da terra do Egito, para ser o vosso Deus, sereis pois santos, porque eu sou santo.",25,True,True,True
11,46,Levítico 11:46,זֹ֣את תּוֹרַ֤ת הַבְּהֵמָה֙ וְהָע֔וֹף וְכֹל֙ נֶ֣פֶשׁ הַֽחַיָּ֔ה הָרֹמֶ֖שֶׂת בַּמָּ֑יִם וּלְכָל־ נֶ֖פֶשׁ הַשֹּׁרֶ֥צֶת עַל־ הָאָֽרֶץ ׃,זאת תורת הבהמה והעופ וכל נפש החיה הרמשת במימ ולכל נפש השרצת על הארצ,15,דא אוריתא דבעירא ודעופא ודכל נפשתא חיתא דרחשא במיא ולכל נפשא דרחשא על ארעא:,14,"οὗτος ὁ νόμος περὶ τῶν κτηνῶν καὶ τῶν πετεινῶν καὶ πάσης ψυχῆς τῆς κινουμένης ἐν τῷ ὕδατι καὶ πάσης ψυχῆς ἑρπούσης ἐπὶ τῆς γῆς,",24,ܗܢܘ ܢܡܘܣܐ ܕܒܥܝܪ̈ܐ ܘܕܦܪܚܬܐ. ܘܕܟܠ ܢܦܫܐ ܚܝܬܐ ܕܪܚ̇ܫܐ ܒܡ̈ܝܐ. ܘܕܟܠ ܢܦܫܐ ܕܪܚ̇ܫܐ ܒܐܪܥܐ.,13,"Esta é a lei sobre os animais e as aves, e sobre toda criatura vivente que se move nas águas e toda criatura que se arrasta sobre a terra;",29,True,True,True
11,47,Levítico 11:47,לְהַבְדִּ֕יל בֵּ֥ין הַטָּמֵ֖א וּבֵ֣ין הַטָּהֹ֑ר וּבֵ֤ין הַֽחַיָּה֙ הַֽנֶּאֱכֶ֔לֶת וּבֵין֙ הַֽחַיָּ֔ה אֲשֶׁ֖ר לֹ֥א תֵאָכֵֽל ׃ פ,להבדיל בינ הטמא ובינ הטהר ובינ החיה הנאכלת ובינ החיה אשר לא תאכל פ,15,לאפרשא בין מסאבא ובין דכיא ובין חיתא דמתאכלא ובין חיתא די לא מתאכלא:,13,"διαστεῖλαι ἀνὰ μέσον τῶν ἀκαθάρτων καὶ ἀνὰ μέσον τῶν καθαρῶν, καὶ ἀνὰ μέσον τῶν ζωογονούντων τὰ ἐσθιόμενα καὶ ἀνὰ μέσον τῶν ζωογονούντων τὰ μὴ ἐσθιόμενα.",25,ܘܠܡܦܪܫ ܒܝܬ ܛܡܐܐ ܠܕܟܝܐ. ܘܒܝܬ ܚܝܘܬܐ ܕܡܬܐܟܠܐ ܠܒܝܬ ܚܝܘܬܐ ܕܠܐ ܡܬܐܟܠܐ.,11,"para fazer separação entre o imundo e o limpo, e entre os animais que se podem comer e os animais que não se podem comer.",25,True,True,True
12,1,Levítico 12:1,וַיְדַבֵּ֥ר יְהוָ֖ה אֶל־ מֹשֶׁ֥ה לֵּאמֹֽר ׃,וידבר יהוה אל משה לאמר,6,ומליל יי עם משה למימר:,5,Καὶ ἐλάλησεν Κύριος πρὸς Μωυσῆν λέγων,6,ܘܡܠܠ ܡܪܝܐ ܥܡ ܡܘܫܐ ܘܐܡܪ ܠܗ.,6,Disse mais o Senhor a Moisés:,6,True,True,True
12,2,Levítico 12:2,דַּבֵּ֞ר אֶל־ בְּנֵ֤י יִשְׂרָאֵל֙ לֵאמֹ֔ר אִשָּׁה֙ כִּ֣י תַזְרִ֔יעַ וְיָלְדָ֖ה זָכָ֑ר וְטָֽמְאָה֙ שִׁבְעַ֣ת יָמִ֔ים כִּימֵ֛י נִדַּ֥ת דְּוֺתָ֖הּ תִּטְמָֽא ׃,דבר אל בני ישראל לאמר אשה כי תזריע וילדה זכר וטמאה שבעת ימימ כימי נדת דותה תטמא,18,מליל עם בני ישראל למימר אתתא ארי תעדי ותליד דכר ותהי מסאבא שבעת יומין כיומי רחוק סובתה תהי מסאבא:,19,"Λάλησον τοῖς υἱοῖς Ἰσραὴλ καὶ ἐρεῖς πρὸς αὐτούς Γυνὴ ἥτις ἐὰν σπερματισθῇ καὶ τέκῃ ἄρσεν, καὶ ἀκάθαρτος ἔσται ἑπτὰ ἡμέρας, κατὰ τὰς ἡμέρας τοῦ χωρισμοῦ τῆς ἀφέδρου αὐτῆς ἀκάθαρτος ἔσται·",30,ܡܠܠ ܥܡ ܒܢ̈ܝ ܐܝܣܪܝܠ ܘܐܡܪ ܠܗܘܢ. ܐܢܬܬܐ ܟܕ ܬܒܛܢ ܘܬܐܠܕ ܕܟܪܐ. ܬܗܘܐ ܛܡܐܐ ܫܒܥܐ ܝܘܡ̈ܝܢ. ܐܝܟ ܝܘܡ̈ܬܐ ܕܟܦܣܗ̇ ܬܗܘܐ ܛܡܐܐ.,20,"Fala aos filhos de Israel, dizendo: Se uma mulher conceber e tiver um menino, será imunda sete dias; assim como nos dias da impureza da sua enfermidade, será imunda.",29,True,True,True
12,3,Levítico 12:3,וּבַיּ֖וֹם הַשְּׁמִינִ֑י יִמּ֖וֹל בְּשַׂ֥ר עָרְלָתֽוֹ ׃,וביומ השמיני ימול בשר ערלתו,6,וביומא תמינאה יגזר בסרא דערלתיה:,5,καὶ τῇ ἡμέρᾳ τῇ ὀγδόῃ περιτεμεῖ τὴν σάρκα τῆς ἀκροβυστίας αὐτοῦ·,11,ܘܠܝܘܡܐ ܕܬܡܢܝܐ. ܢܓܙܪܘܢ ܒܣܪܐ ܕܥܘܪܠܘܬܗ.,5,E no dia oitavo se circuncidará ao menino a carne do seu prepúcio.,13,True,True,True
12,4,Levítico 12:4,וּשְׁלֹשִׁ֥ים יוֹם֙ וּשְׁלֹ֣שֶׁת יָמִ֔ים תֵּשֵׁ֖ב בִּדְמֵ֣י טָהֳרָ֑ה בְּכָל־ קֹ֣דֶשׁ לֹֽא־ תִגָּ֗ע וְאֶל־ הַמִּקְדָּשׁ֙ לֹ֣א תָבֹ֔א עַד־ מְלֹ֖את יְמֵ֥י טָהֳרָֽהּ ׃,ושלשימ יומ ושלשת ימימ תשב בדמי טהרה בכל קדש לא תגע ואל המקדש לא תבא עד מלאת ימי טהרה,20,ותלתין ותלתא יומין תיתב בדם דכו בכל קודשא לא תקרב ולמקדשא לא תעול עד משלם יומי דכותה:,17,"καὶ τριάκοντα ἡμέρας καὶ τρεῖς καθίσεται ἐν αἵματι ἀκαθάρτῳ αὐτῆς· παντὸς ἀγγίου οὐχ ἅψεται, καὶ εἰς τὸ ἁγιαστήριον οὐκ εἰσελεύσεται, ἕως ἂν πληρωθῶσιν αἱ ἡμέραι καθάρσεως αὐτῆς.",27,ܘܬܠܬܝܢ ܘܬܠܬܐ ܝܘܡ̈ܝܢ ܬܬܒ ܥܠ ܕܡܐ ܕܟܝܐ. ܘܒܟܠ ܩܘܕܫܐ ܠܐ ܬܬܩܪܒ. ܘܠܡܩܕܫܐ ܠܐ ܬܥܘܠ. ܥܕܡܐ ܕܢܡܠܘܢ ܝܘ̈ܡܝ ܕܟܝܘܬܗ.,18,"Depois permanecerá ela trinta e três dias no sangue da sua purificação; em nenhuma coisa sagrada tocará, nem entrará no santuário até que se cumpram os dias da sua purificação.",30,True,True,True
12,5,Levítico 12:5,וְאִם־ נְקֵבָ֣ה תֵלֵ֔ד וְטָמְאָ֥ה שְׁבֻעַ֖יִם כְּנִדָּתָ֑הּ וְשִׁשִּׁ֥ים יוֹם֙ וְשֵׁ֣שֶׁת יָמִ֔ים תֵּשֵׁ֖ב עַל־ דְּמֵ֥י טָהֳרָֽה ׃,ואמ נקבה תלד וטמאה שבעימ כנדתה וששימ יומ וששת ימימ תשב על דמי טהרה,15,ואם נקובתא תליד ותהי מסאבא ארבעה עסר כרחוקה ושתין ושתא יומין תיתב על דם דכו:,15,"ἐὰν δὲ θῆλυ τέκῃ, καὶ ἀκάθαρτος ἔσται δὶς ἑπτὰ ἡμέρας κατὰ τὴν ἄφεδρον· καὶ ἑξήκοντα ἡμέρας καὶ ἓξ καθεσθήσεται ἐν αἵματι ἀκαθάρτῳ αὐτῆς.",23,ܘܐܢ ܢܩܒܬܐ ܬܐܠܕ. ܬܗܘܐ ܛܡܐܐ ܐܪ̈ܒܬܥܣܪ ܝܘܡ̈ܝܢ. ܐܝܟ ܟܦܣܗ̇. ܘܫܬܝܢ ܘܫܬܐ ܝܘܡ̈ܝܢ ܬܬܒ ܥܠ ܕܡܐ ܕܟܝܐ.,16,"Mas, se tiver uma menina, então será imunda duas semanas, como na sua impureza; depois permanecerá sessenta e seis dias no sangue da sua purificação.",25,True,True,True
12,6,Levítico 12:6,וּבִמְלֹ֣את ׀ יְמֵ֣י טָהֳרָ֗הּ לְבֵן֮ א֣וֹ לְבַת֒ תָּבִ֞יא כֶּ֤בֶשׂ בֶּן־ שְׁנָתוֹ֙ לְעֹלָ֔ה וּבֶן־ יוֹנָ֥ה אוֹ־ תֹ֖ר לְחַטָּ֑את אֶל־ פֶּ֥תַח אֹֽהֶל־ מוֹעֵ֖ד אֶל־ הַכֹּהֵֽן ׃,ובמלאת ימי טהרה לבנ או לבת תביא כבש בנ שנתו לעלה ובנ יונה או תר לחטאת אל פתח אהל מועד אל הכהנ,24,ובמשלם יומי דכותה לברא או לברתא תיתי אמר בר שתיה לעלתא ובר יונה או שפנינא לחטאתא לתרע משכן זמנא לות כהנא:,21,"καὶ ὅταν ἀναπληρωθῶσιν αἱ ἡμέραι καθάρσεως αὐτῆς ἐφ᾽ υἱῷ ἢ ἐπὶ θυγατρί, προσοίσει ἀμνὸν ἐνιαύσιον ἄμωμον εἰς ὁλοκαύτωμα καὶ νοσσὸν περιστερᾶς ἢ τρυγόνα περὶ ἁμαρτίας ἐπὶ τὴν θύραν τῆς σκηνῆς τοῦ μαρτυρίου πρὸς τὸν ἱερέα·",35,ܘܡܐ ܕܡܠܘ ܝܘܡ̈ܬܐ ܕܕܟܝܘܬܗ̇ ܕܒܪܐ ܐܘ ܕܒܪܬܐ. ܬܝܬܐ ܐܡܪܐ ܒܪ ܫܢܬܐ ܠܝܩܕܐ ܫܠܡܐ ܘܫܘܦܢܝܢܐ. ܐܘ ܒܪ ܝܘܢܐ ܠܚܛܗܐ ܠܬܪܥܐ ܕܡܫܟܢܙܒܢܐ ܠܘܬ ܟܗܢܐ.,22,"E, quando forem cumpridos os dias da sua purificação, seja por filho ou por filha, trará um cordeiro de um ano para holocausto, e um pombinho ou uma rola para oferta pelo pecado, à porta da tenda da revelação, o ao sacerdote,",42,True,True,True
12,7,Levítico 12:7,וְהִקְרִיב֞וֹ לִפְנֵ֤י יְהוָה֙ וְכִפֶּ֣ר עָלֶ֔יהָ וְטָהֲרָ֖ה מִמְּקֹ֣ר דָּמֶ֑יהָ זֹ֤את תּוֹרַת֙ הַיֹּלֶ֔דֶת לַזָּכָ֖ר א֥וֹ לַנְּקֵבָֽה ׃,והקריבו לפני יהוה וכפר עליה וטהרה ממקר דמיה זאת תורת הילדת לזכר או לנקבה,15,ויקרבניה קדם יי ויכפר עלה ותדכי מסואבת דמהא דא אוריתא דילדתא לדוכרא או לנקבתא:,14,"καὶ προσοίσει ἔναντι Κυρίου, καὶ ἐξιλάσεται περὶ αὐτῆς ὁ ἱερεύς, καὶ καθαριεῖ αὐτὴν ἀπὸ τῆς πηγῆς τοῦ αἵματος αὐτῆς. οὗτος ὁ νόμος τῆς τικτούσης ἄρσεν ἢ θῆλυ.",27,ܘܢܩܪܒܝܗ̇ ܩܕܡ ܡܪܝܐ ܘܢܚܣܐ ܥܠܝܗ̇ . ܘܬܬܕܟܐ ܡܢ ܡܒܘܥܐ ܕܕܡܗ̇. ܗܢܘ ܢܡܘܣܐ ܕܐܝܕܐ ܕܝܠܕܐ ܕܟܪܐ. ܐܘ ܢܩܒܬܐ.,17,"o qual o oferecerá perante o Senhor, e fará, expiação por ela; então ela será limpa do fluxo do seu sangue. Esta é a lei da que der à luz menino ou menina.",33,True,True,True
12,8,Levítico 12:8,וְאִם־ לֹ֨א תִמְצָ֣א יָדָהּ֮ דֵּ֣י שֶׂה֒ וְלָקְחָ֣ה שְׁתֵּֽי־ תֹרִ֗ים א֤וֹ שְׁנֵי֙ בְּנֵ֣י יוֹנָ֔ה אֶחָ֥ד לְעֹלָ֖ה וְאֶחָ֣ד לְחַטָּ֑את וְכִפֶּ֥ר עָלֶ֛יהָ הַכֹּהֵ֖ן וְטָהֵֽרָה ׃ פ,ואמ לא תמצא ידה די שה ולקחה שתי תרימ או שני בני יונה אחד לעלה ואחד לחטאת וכפר עליה הכהנ וטהרה פ,23,ואם לא תשכח ידה כמסת אמרא ותסב תרתין שפנינין או תרין בני יונה חד לעלתא וחד לחטאתא ויכפר עלה כהנא ותדכי:,21,"ἐὰν δὲ μὴ εὑρίσκῃ ἡ χεὶρ αὐτῆς τὸ ἱκανὸν εἰς ἀμνόν, καὶ λήμψεται δύο τρυγόνας ἢ δύο νοσσοὺς περιστερῶν, μίαν εἰς ὁλοκαύτωμα καὶ μίαν περὶ ἁμαρτίας· καὶ ἐξιλάσεται περὶ αὐτῆς ὁ ἱερεύς, καὶ καθαρισθήσεται.",34,ܘܐܢ ܠܐ ܡ̇ܛܐ ܒܐ̈ܝܕܝܗ̇ ܕܬܝܬܐ ܐܡܪܐ. ܬܣܒ ܬܪ̈ܝܢ ܫܘ̈ܦܢܝܢܝܢ ܐܘ ܬܪ̈ܝܢ ܒܢ̈ܝ ܝܘܢܐ. ܚܕ ܠܚܛܗܐ ܘܚܕ ܠܝܩܕܐ ܫܠܡܐ. ܘܢܚܣܐ ܥܠܝܗ ܟܗܢܐ ܘܬܬܕܟܐ.,22,"Mas, se as suas posses não bastarem para um cordeiro, então tomará duas rolas, ou dois pombinhos: um para o holocausto e outro para a oferta pelo pecado; assim o sacerdote fará expiação por ela, e ela será limpa.",39,True,True,True
13,1,Levítico 13:1,וַיְדַבֵּ֣ר יְהוָ֔ה אֶל־ מֹשֶׁ֥ה וְאֶֽל־ אַהֲרֹ֖ן לֵאמֹֽר ׃,וידבר יהוה אל משה ואל אהרנ לאמר,8,ומליל יי עם משה ועם אהרן למימר:,7,Καὶ ἐλάλησεν Κύριος πρὸς Μωυσῆν καὶ Ἀαρὼν λέγων,8,ܘܡܠܠ ܡܪܝܐ ܥܡ ܡܘܫܐ ܘܥܡ ܐܗܪܘܢ ܘܐܡܪ ܠܗܘܢ.,8,"Falou mais o Senhor a Moisés e a Arão, dizendo:",10,True,True,True
13,2,Levítico 13:2,אָדָ֗ם כִּֽי־ יִהְיֶ֤ה בְעוֹר־ בְּשָׂרוֹ֙ שְׂאֵ֤ת אֽוֹ־ סַפַּ֨חַת֙ א֣וֹ בַהֶ֔רֶת וְהָיָ֥ה בְעוֹר־ בְּשָׂר֖וֹ לְנֶ֣גַע צָרָ֑עַת וְהוּבָא֙ אֶל־ אַהֲרֹ֣ן הַכֹּהֵ֔ן א֛וֹ אֶל־ אַחַ֥ד מִבָּנָ֖יו הַכֹּהֲנִֽים ׃,אדמ כי יהיה בעור בשרו שאת או ספחת או בהרת והיה בעור בשרו לנגע צרעת והובא אל אהרנ הכהנ או אל אחד מבניו הכהנימ,25,אנש ארי יהי במשך בסריה עמקא או עדיא או בהרא ויהי במשך בסריה למכתש סגירו ויתתי לות אהרן כהנא או לות חד מבנוהי כהניא:,24,"Ἀνθρώπῳ ἐάν τινι γένηται ἐν δέρματι χρωτὸς αὐτοῦ οὐλὴ σημασίας τηλαυγής, καὶ γένηται ἐν δέρματι χρωτὸς αὐτοῦ ἁφὴ λέπρας, καὶ ἀχθήσεται πρὸς Ἀαρὼν τὸν ἱερέα ἢ ἕνα τῶν υἱῶν αὐτοῦ τῶν ἱερέων.",32,ܐܢܫܐ ܟܕ ܬܗܘܐ ܒܡܫܟܐ ܕܒܣܪܗ ܫܘܡܬܐ ܐܘ ܩܠܦܝܬܐ ܐܘ ܒܗܩܝܬܐ. ܘܬܗܘܐ ܒܡܫܟܐ ܕܒܣܪܗ ܫܘܡܬܐ ܕܡܚܘܬܐ ܕܓܪܒܐ. ܢܝܬܘܢܗ ܠܘܬ ܐܗܪܘܢ ܟܗܢܐ. ܐܘ ܠܘܬ ܚܕ ܡܢ ܒܢ̈ܘܗܝ ܟܗ̈ܢܐ.,26,"Quando um homem tiver na pele da sua carne inchação, ou pústula, ou mancha lustrosa, e esta se tornar na sua pele como praga de lepra, então será levado a Arão o sacerdote, ou a um de seus filhos, os sacerdotes,",41,True,True,True
13,3,Levítico 13:3,וְרָאָ֣ה הַכֹּהֵ֣ן אֶת־ הַנֶּ֣גַע בְּעֽוֹר־ הַ֠בָּשָׂר וְשֵׂעָ֨ר בַּנֶּ֜גַע הָפַ֣ךְ ׀ לָבָ֗ן וּמַרְאֵ֤ה הַנֶּ֨גַע֙ עָמֹק֙ מֵע֣וֹר בְּשָׂר֔וֹ נֶ֥גַע צָרַ֖עַת ה֑וּא וְרָאָ֥הוּ הַכֹּהֵ֖ן וְטִמֵּ֥א אֹתֽוֹ ׃,וראה הכהנ את הנגע בעור הבשר ושער בנגע הפכ לבנ ומראה הנגע עמק מעור בשרו נגע צרעת הוא וראהו הכהנ וטמא אתו,24,ויחזי כהנא ית מכתשא במשך בסרא ושער במכתשא אתהפיך למחור ומחזי מכתשא עמיק במשך בסריה מכתש סגירותא הוא ויחזניה כהנא ויסאב יתיה:,22,"καὶ ὄψεται ὁ ἱερεὺς τὴν ἁφὴν ἐν δέρματι τοῦ χρωτὸς αὐτοῦ, καὶ ἡ θρὶξ ἐν τῇ ἁφῇ μεταβάλῃ λευκή, καὶ ἡ ὄψις τῆς ἁφῆς ταπεινὴ ἀπὸ τοῦ δέρματος τοῦ χρωτός, ἁφὴ λέπρας ἐστίν· καὶ ὄψεται ὁ ἱερεύς, καὶ μιανεῖ αὐτόν.",40,ܢܝܬܘܢܗ̇ ܟܗܢܐ ܠܡܚܘܬܐ ܒܡܫܟܐ ܕܒܣܪܗ. ܐܢ ܗܠܟܬ ܡܚܘܬܐ ܒܡܫܟܐ ܕܒܣܪܗ . ܘܣܥܪܐ ܕܡܚܘܬܐ ܐܬܗܦܟ ܠܡܚܘܪ . ܘܚܙܘܗ̇ ܕܡܚܘܬܐ ܥܡܝܩ ܗܘ ܡܢ ܡܫܟܐ ܕܒܣܪܗ. ܡܚܘܬܐ ܗܝ ܕܓܪܒܐ. ܢܚܙܝܗ̇ ܟܗܢܐ ܘܢܛܡܐܝܗ.,29,"e o sacerdote examinará a praga na pele da carne. Se o pêlo na praga se tiver tornado branco, e a praga parecer mais profunda que a pele, é praga de lepra; o sacerdote, verificando isto, o declarará imundo.",39,True,True,True
13,4,Levítico 13:4,וְאִם־ בַּהֶרֶת֩ לְבָנָ֨ה הִ֜וא בְּע֣וֹר בְּשָׂר֗וֹ וְעָמֹק֙ אֵין־ מַרְאֶ֣הָ מִן־ הָע֔וֹר וּשְׂעָרָ֖ה לֹא־ הָפַ֣ךְ לָבָ֑ן וְהִסְגִּ֧יר הַכֹּהֵ֛ן אֶת־ הַנֶּ֖גַע שִׁבְעַ֥ת יָמִֽים ׃,ואמ בהרת לבנה הוא בעור בשרו ועמק אינ מראה מנ העור ושערה לא הפכ לבנ והסגיר הכהנ את הנגע שבעת ימימ,22,ואם בהרא חורא היא במשך בסריה ועמיק לית מחזהא מן משכא ושערא לא אתהפיך למחור ויסגר כהנא ית מכתשא שבעא יומין:,21,"ἐὰν δὲ τηλαυγὴς λευκὴ ἦν ἐν τῷ δέρματι τοῦ χρωτὸς αὐτῆς, καὶ ταπεινὴ μὴ ἦν ἡ ὄψις αὐτῆς ἀπὸ τοῦ δέρματος αὐτῆς, καὶ ἡ θρὶξ αὐτοῦ οὐ μετέβαλεν τρίχα λευκήν, αὐτὴ δέ ἐστιν ἀμαυρά, καὶ ἀφοριεῖ ὁ ἱερεὺς τὴν ἁφὴν ἑπτὰ ἡμέρας.",42,ܘܐܢ ܒܗܩܝܬܐ ܚܘܪܬ ܒܡܫܟܐ ܕܒܣܪܗ. ܘܥܡܝܩܐ ܘܠܐ ܡܬܚܙܝܐ ܡܢ ܡܫܟܐ. ܘܣܥܪܐ ܠܐ ܐܬܗܦܟ ܕܢܚܘܪ . ܢܣܓܪܝܗ̇ ܟܗܢܐ ܠܡܚܘܬܐ ܫܒܥܐ ܝܘܡ̈ܝܢ.,20,"Mas, se a mancha lustrosa na sua pele for branca, e não parecer mais profunda que a pele, e o pêlo não se tiver tornado branco, o sacerdote encerrará por sete dias aquele que tem a praga.",37,True,True,True
13,5,Levítico 13:5,וְרָאָ֣הוּ הַכֹּהֵן֮ בַּיּ֣וֹם הַשְּׁבִיעִי֒ וְהִנֵּ֤ה הַנֶּ֨גַע֙ עָמַ֣ד בְּעֵינָ֔יו לֹֽא־ פָשָׂ֥ה הַנֶּ֖גַע בָּע֑וֹר וְהִסְגִּיר֧וֹ הַכֹּהֵ֛ן שִׁבְעַ֥ת יָמִ֖ים שֵׁנִֽית ׃,וראהו הכהנ ביומ השביעי והנה הנגע עמד בעיניו לא פשה הנגע בעור והסגירו הכהנ שבעת ימימ שנית,18,ויחזניה כהנא ביומא שביעאה והא מכתשא קם כד הוה לא אוסף מכתשא במשכא ויסגרניה כהנא שבעא יומין תנינות:,18,"καὶ ὄψεται ὁ ἱερεὺς τὴν ἁφὴν τῇ ἡμέρᾳ τῇ ἑβδόμῃ, καὶ ἰδοὺ ἡ ἁφὴ μένει ἐναντίον αὐτοῦ, οὐ μετέπεσεν ἡ ἁφὴ ἐν τῷ δέρματι, καὶ ἀφοριεῖ αὐτὸν ὁ ἱερεὺς ἑπτὰ ἡμέρας τὸ δεύτερον.",33,ܘܢܚܙܝܗ̇ ܟܗܢܐ ܒܝܘܡܐ ܕܫܒܥܐ. ܐܢ ܩܡܬ ܡܚܘܬܐ ܒܕܘܟܬܗ̇. ܘܠܐ ܗܠܟܬ ܡܚܘܬܐ ܒܡܫܟܐ. ܢܣܓܪܝܗ̇ ܟܗܢܐ ܫܒܥܐ ܝܘܡ̈ܝܢ ܐܚܪ̈ܢܝܢ.,17,"Ao sétimo dia o sacerdote o examinará; se a praga, na sua opinião, tiver parado e não se tiver estendido na pele, o sacerdote o encerrará por outros sete dias.",30,True,True,True
13,6,Levítico 13:6,וְרָאָה֩ הַכֹּהֵ֨ן אֹת֜וֹ בַּיּ֣וֹם הַשְּׁבִיעִי֮ שֵׁנִית֒ וְהִנֵּה֙ כֵּהָ֣ה הַנֶּ֔גַע וְלֹא־ פָשָׂ֥ה הַנֶּ֖גַע בָּע֑וֹר וְטִהֲר֤וֹ הַכֹּהֵן֙ מִסְפַּ֣חַת הִ֔יא וְכִבֶּ֥ס בְּגָדָ֖יו וְטָהֵֽר ׃,וראה הכהנ אתו ביומ השביעי שנית והנה כהה הנגע ולא פשה הנגע בעור וטהרו הכהנ מספחת היא וכבס בגדיו וטהר,21,ויחזי כהנא יתיה ביומא שביעאה תנינות והא עמיא מכתשא ולא אוסף מכתשא במשכא וידכניה כהנא עדיתא היא ויצבע לבושוהי וידכי:,20,"καὶ ὄψεται αὐτὸν ὁ ἱερεὺς τῇ ἡμέρᾳ τῇ ἑβδόμῃ τὸ δεύτερον, καὶ ἰδοὺ ἀμαυρὰ ἡ ἁφή, οὐ μετέπεσεν ἡ ἁφὴ ἐν τῷ δέρματι, καθαριεῖ αὐτὸν ὁ ἱερεύς· σημασία γάρ ἐστιν· καὶ πλυνάμενος τὰ ἱμάτια καθαρὸς ἔσται.",36,ܘܢܚܙܝܗ̇ ܟܗܢܐ ܒܬܪ ܫܒܥܐ ܝܘܡ̈ܝܢ ܐܚܪ̈ܢܝܢ. ܐܢ ܕܥܟܬ ܡܚܘܬܐ ܘܠܐ ܗܠܟܬ ܡܚܘܬܐ ܗܝ ܒܡܫܟܐ . ܢܕܟܝܗ̇ ܟܗܢܐ ܡܛܠ ܕܚܙܙܝܬܐ ܗܝ. ܘܢܚܠܠ ܡܐ̈ܢܘܗܝ ܘܢܬܕܟܐ.,23,"Ao sétimo dia o sacerdote o examinará outra vez; se a praga tiver escurecido, não se tendo estendido na pele, o sacerdote o declarará limpo; é uma pústula. O homem lavará as suas vestes, e será limpo.",37,True,True,True
13,7,Levítico 13:7,וְאִם־ פָּשֹׂ֨ה תִפְשֶׂ֤ה הַמִּסְפַּ֨חַת֙ בָּע֔וֹר אַחֲרֵ֧י הֵרָאֹת֛וֹ אֶל־ הַכֹּהֵ֖ן לְטָהֳרָת֑וֹ וְנִרְאָ֥ה שֵׁנִ֖ית אֶל־ הַכֹּהֵֽן ׃,ואמ פשה תפשה המספחת בעור אחרי הראתו אל הכהנ לטהרתו ונראה שנית אל הכהנ,15,ואם אוספא תוסף עדיתא במשכא בתר דאתחזי לכהנא לדכותיה ויתחזי תנינות לכהנא:,12,"ἐὰν δὲ μεταβαλοῦσα μεταπέσῃ ἡ σημασία ἐν τῷ δέρματι μετὰ τὸ ἰδεῖν αὐτὸν τὸν ἱερέα τοῦ καθαρίσαι αὐτόν, καὶ ὀφθήσεται τὸ δεύτερον τῷ ἱερεῖ·",24,ܘܐܢ ܡܗܠܟܘ ܬܗܠܟ ܒܗܩܝܬܐ ܒܡܫܟܐ. ܡܢ ܒܬܪ ܕܚܙܗ̇ ܟܗܢܐ ܘܕܟܝܗ̇. ܢܚܘܘܢܗ̇ ܬܘܒ ܠܟܗܢܐ.,13,"Mas se a pústula se estender muito na pele, depois de se ter mostrado ao sacerdote para a sua purificação, mostrar-se-á de novo ao sacerdote,",25,True,True,True
13,8,Levítico 13:8,וְרָאָה֙ הַכֹּהֵ֔ן וְהִנֵּ֛ה פָּשְׂתָ֥ה הַמִּסְפַּ֖חַת בָּע֑וֹר וְטִמְּא֥וֹ הַכֹּהֵ֖ן צָרַ֥עַת הִֽוא ׃ פ,וראה הכהנ והנה פשתה המספחת בעור וטמאו הכהנ צרעת הוא פ,12,ויחזי כהנא והא אוספת עדיתא במשכא ויסאבניה כהנא סגירותא היא:,10,"καὶ ὄψεται αὐτὸν ὁ ἱερεύς, καὶ ἰδοὺ μετέπεσεν ἡ σημασία ἐν τῷ δέρματι, καὶ μιανεῖ αὐτὸν ὁ ἱερεύς· λέπρα ἐστίν.",20,ܘܢܚܙܐ ܟܗܢܐ ܐܢ ܗܠܟܬ ܒܗܩܝܬܐ ܒܡܫܟܐ. ܢܛܡܐܝܗ̇ ܟܗܢܐ ܡܛܘܠ ܕܓܪܒܐ ܗܘ.,11,"o qual o examinará; se a pústula se tiver estendido na pele, o sacerdote o declarará imundo; é lepra.",19,True,True,True
13,9,Levítico 13:9,נֶ֣גַע צָרַ֔עַת כִּ֥י תִהְיֶ֖ה בְּאָדָ֑ם וְהוּבָ֖א אֶל־ הַכֹּהֵֽן ׃,נגע צרעת כי תהיה באדמ והובא אל הכהנ,9,מכתש סגירו ארי תהי באנשא ויתתי לות כהנא:,8,"Καὶ ἁφὴ λέπρας ἐὰν γένηται ἐν ἀνθρώπῳ, καὶ ἥξει πρὸς τὸν ἱερέα·",12,ܘܡܚܘܬܐ ܕܓܪܒܐ ܟܕ ܬܗܘܐ ܒܐܢܫܐ. ܢܝܬܘܢܗ ܠܘܬ ܟܗܢܐ.,8,"Quando num homem houver praga de lepra, será ele levado ao sacerdote,",12,True,True,True
13,10,Levítico 13:10,וְרָאָ֣ה הַכֹּהֵ֗ן וְהִנֵּ֤ה שְׂאֵת־ לְבָנָה֙ בָּע֔וֹר וְהִ֕יא הָפְכָ֖ה שֵׂעָ֣ר לָבָ֑ן וּמִֽחְיַ֛ת בָּשָׂ֥ר חַ֖י בַּשְׂאֵֽת ׃,וראה הכהנ והנה שאת לבנה בעור והיא הפכה שער לבנ ומחית בשר חי בשאת,15,ויחזי כהנא והא עמקא חורא במשכא והיא הפכת שער לחור ורשם בסרא חיתא בעמקתא:,14,"καὶ ὄψεται ὁ ἱερεύς, καὶ ἰδοὺ οὐλὴ λευκὴ ἐν τῷ δέρματι, καὶ αὕτη μετέβαλεν τρίχα λευκήν, καὶ ἀπὸ τοῦ ὑγιοῦς τῆς σαρκὸς τῆς ζώσης ἐν τῇ οὐλῇ,",27,ܘܢܚܙܐ ܟܗܢܐ. ܐܢ ܫܘܡܬܐ ܚܘܪܬܐ ܒܡܫܟܐ. ܘܗܝ ܗܦܟܬ ܣܥܪܗ̇ ܠܡܚܘܪ. ܘܪܘܫܡܐ ܕܒܣܪܐ ܚܝܐ ܒܫܘܡܬܐ.,14,"o qual o examinará; se houver na pele inchação branca que tenha tornado branco o pêlo, e houver carne viva na inchação,",22,True,True,True
13,11,Levítico 13:11,צָרַ֨עַת נוֹשֶׁ֤נֶת הִוא֙ בְּע֣וֹר בְּשָׂר֔וֹ וְטִמְּא֖וֹ הַכֹּהֵ֑ן לֹ֣א יַסְגִּרֶ֔נּוּ כִּ֥י טָמֵ֖א הֽוּא ׃,צרעת נושנת הוא בעור בשרו וטמאו הכהנ לא יסגרנו כי טמא הוא,13,סגירות עתיקא היא במשך בסריה ויסאבניה כהנא לא יסגרניה ארי מסאב הוא:,12,"λέπρα παλαιουμένη ἐστίν· ἐν τῷ δέρματι τοῦ χρωτός ἐστιν· καὶ μιανεῖ αὐτὸν ὁ ἱερεὺς καὶ ἀφοριεῖ αὐτόν, ὅτι ἀκάθαρτός ἐστιν.",20,ܓܪܒܐ ܗܘ ܥܬܝܩܐ ܒܡܫܟܐ ܕܒܣܪܗ. ܢܛܡܐܝܘܗܝ ܟܗܢܐ ܘܠܐ ܢܣܓܪܝܘܗܝ . ܡܛܠ ܕܛܡܐ ܗܘ.,13,"lepra inveterada é na sua pele. Portanto, o sacerdote o declarará imundo; não o encerrará, porque imundo é.",18,True,True,True
13,12,Levítico 13:12,וְאִם־ פָּר֨וֹחַ תִּפְרַ֤ח הַצָּרַ֨עַת֙ בָּע֔וֹר וְכִסְּתָ֣ה הַצָּרַ֗עַת אֵ֚ת כָּל־ ע֣וֹר הַנֶּ֔גַע מֵרֹאשׁ֖וֹ וְעַד־ רַגְלָ֑יו לְכָל־ מַרְאֵ֖ה עֵינֵ֥י הַכֹּהֵֽן ׃,ואמ פרוח תפרח הצרעת בעור וכסתה הצרעת את כל עור הנגע מראשו ועד רגליו לכל מראה עיני הכהנ,19,ואם מסגא תסגי סגירותא במשכא ותחפי סגירותא ית כל משך מכתשא מרישיה ועד רגלוהי לכל חיזו עיני כהנא:,18,"ἐὰν δὲ ἐξανθοῦσα ἐξανθήσῃ ἡ λέπρα ἐν τῷ δέρματι, καὶ καλύψῃ ἡ λέπρα πᾶν τὸ δέρμα τῆς ἁφῆς ἀπὸ κεφαλῆς ἕως ποδῶν καθ᾽ ὅλην τὴν ὅρασιν τοῦ ἱερέως,",28,ܘܐܢ ܡܦܪܚ ܢܦܪܚ ܓܪܒܐ ܒܡܫܟܗ. ܘܢܟܣܝܘܗܝ ܓܪܒܐ ܠܟܠܗ ܡܫܟܗ. ܡܢ ܪܫܗ ܘܥܕܡܐ ܠܪ̈ܓܠܘܗܝ ܟܠ ܕܚ̈ܙܝܢ ܥܝܢ̈ܘܗܝ ܕܟܗܢܐ.,17,"Se a lepra se espalhar muito na pele, e cobrir toda a pele do que tem a praga, desde a cabeça até os pés, quanto podem ver os olhos do sacerdote,",31,True,True,True
13,13,Levítico 13:13,וְרָאָ֣ה הַכֹּהֵ֗ן וְהִנֵּ֨ה כִסְּתָ֤ה הַצָּרַ֨עַת֙ אֶת־ כָּל־ בְּשָׂר֔וֹ וְטִהַ֖ר אֶת־ הַנָּ֑גַע כֻּלּ֛וֹ הָפַ֥ךְ לָבָ֖ן טָה֥וֹר הֽוּא ׃,וראה הכהנ והנה כסתה הצרעת את כל בשרו וטהר את הנגע כלו הפכ לבנ טהור הוא,17,ויחזי כהנא והא חפת סגירותא ית כל בסריה וידכי ית מכתשא כליה אתהפיך למחור דכי הוא:,16,"καὶ ὄψεται ὁ ἱερεύς, καὶ ἰδοὺ ἐκάλυψεν ἡ λέπρα πᾶν τὸ δέρμα τοῦ χρωτός, καὶ καθαριεῖ αὐτὸν ὁ ἱερεὺς τὴν ἁφήν· ὅτι πᾶν μετέβαλεν λευκόν, καθαρόν ἐστιν.",27,ܢܚܙܐ ܟܗܢܐ. ܐܢ ܟܣܝ ܓܪܒܐ ܠܟܠܗ ܒܣܪܗ. ܢܕܟܝܗ̇ ܠܡܚܘܬܐ. ܟܠܗ ܓܝܪ ܐܬܗܦܟ ܠܡܚܘܪ. ܡܛܠ ܕܕܟܐ ܗܘ.,16,"este o examinará; e, se a lepra tiver coberto a carne toda, declarará limpo o que tem a praga; ela toda se tornou branca; o homem é limpo.",28,True,True,True
13,14,Levítico 13:14,וּבְי֨וֹם הֵרָא֥וֹת בּ֛וֹ בָּשָׂ֥ר חַ֖י יִטְמָֽא ׃,וביומ הראות בו בשר חי יטמא,7,וביומא דאתחזי ביה בסרא חיא יהי מסאב:,7,"καὶ ᾗ ἂν ἡμέρᾳ ὀφθῇ ἐν αὐτῷ χρὼς ζῶν, μιανθήσεται·",10,ܘܒܝܘܡܐ ܕܢܬܚܙܐ ܒܗ ܒܣܪܐ ܚܝܐ. ܢܗܘܐ ܛܡܐ.,7,Mas no dia em que nele aparecer carne viva será imundo.,11,True,True,True
13,15,Levítico 13:15,וְרָאָ֧ה הַכֹּהֵ֛ן אֶת־ הַבָּשָׂ֥ר הַחַ֖י וְטִמְּא֑וֹ הַבָּשָׂ֥ר הַחַ֛י טָמֵ֥א ה֖וּא צָרַ֥עַת הֽוּא ׃,וראה הכהנ את הבשר החי וטמאו הבשר החי טמא הוא צרעת הוא,13,ויחזי כהנא ית בסרא חיא ויסאבניה בסרא חיא מסאב הוא סגירות הוא:,12,"καὶ ὄψεται ὁ ἱερεὺς τὸν χρῶτα τὸν ὑγιῆ, καὶ μιανεῖ αὐτὸν ὁ χρὼς ὁ ὑγιής, ὅτι ἀκάθαρτός ἐστιν· λέπρα ἐστίν.",20,ܘܢܚܙܐ ܟܗܢܐ ܒܣܪܐ ܚܝܐ. ܘܢܛܡܐܝܘܗܝ ܠܒܣܪܐ ܚܝܐ. ܛܡܐ ܗܘ. ܡܛܠ ܕܓܪܒܐ ܗܘ.,12,"Examinará, pois, o sacerdote a carne viva, e declarará o homem imundo; a carne viva é imunda; é lepra.",19,True,True,True
13,16,Levítico 13:16,א֣וֹ כִ֥י יָשׁ֛וּב הַבָּשָׂ֥ר הַחַ֖י וְנֶהְפַּ֣ךְ לְלָבָ֑ן וּבָ֖א אֶל־ הַכֹּהֵֽן ׃,או כי ישוב הבשר החי ונהפכ ללבנ ובא אל הכהנ,11,או ארי יתוב בסרא חיא ויתהפיך למחור ויתתי לות כהנא:,10,"ἐὰν δὲ ἀποκαταστῇ ὁ χρὼς ὁ ὑγιὴς καὶ μεταβάλῃ λευκή, καὶ ἐλεύσεται πρὸς τὸν ἱερέα·",15,ܘܐܢ ܗܘ ܕܐܬܗܦܟ ܒܣܪܐ ܚܝܐ ܠܡܚܘܪ ܢܝܬܘܢܗ ܠܘܬ ܟܗܢܐ.,9,"Ou, se a carne viva mudar, e ficar de novo branca, ele virá ao sacerdote,",15,True,True,True
13,17,Levítico 13:17,וְרָאָ֨הוּ֙ הַכֹּהֵ֔ן וְהִנֵּ֛ה נֶהְפַּ֥ךְ הַנֶּ֖גַע לְלָבָ֑ן וְטִהַ֧ר הַכֹּהֵ֛ן אֶת־ הַנֶּ֖גַע טָה֥וֹר הֽוּא ׃ פ,וראהו הכהנ והנה נהפכ הנגע ללבנ וטהר הכהנ את הנגע טהור הוא פ,14,ויחזניה כהנא והא אתהפיך מכתשא למחור וידכי כהנא ית מכתשא דכי הוא:,12,"καὶ ὄψεται ὁ ἱερεύς, καὶ ἰδοὺ μετέβαλεν ἡ ἁφὴ εἰς τὸ λευκόν, καὶ καθαριεῖ ὁ ἱερεὺς τὴν ἁφήν· καθαρός ἐστιν.",20,ܘܢܚܙܐ ܟܗܢܐ. ܐܢ ܐܬܗܦܟܬ ܡܚܘܬܐ ܠܡܚܘܪ. ܢܕܟܝܗ̇ ܟܗܢܐ ܠܡܚܘܬܐ ܡܛܠ ܕܕܟܝܐ ܗܝ .,13,"e este o examinará; se a praga se tiver tornado branca, o sacerdote declarará limpo o que tem a praga; limpo está.",22,True,True,True
13,18,Levítico 13:18,וּבָשָׂ֕ר כִּֽי־ יִהְיֶ֥ה בֽוֹ־ בְעֹר֖וֹ שְׁחִ֑ין וְנִרְפָּֽא ׃,ובשר כי יהיה בו בערו שחינ ונרפא,8,ובסרא ארי יהי ביה במשכיה שחנא ויתסי:,7,"Καὶ σὰρξ ἐὰν γένηται ἐν τῷ δέρματι αὐτοῦ ἕλκος, καὶ ὑγιασθῇ,",11,ܘܒܣܪܐ ܐܢ ܢܗܘܐ ܫܘܚܢܐ ܒܡܫܟܗ ܘܢܬܐܣܐ.,6,"Quando também a carne tiver na sua pele alguma úlcera, se esta sarar,",13,True,True,True
13,19,Levítico 13:19,וְהָיָ֞ה בִּמְק֤וֹם הַשְּׁחִין֙ שְׂאֵ֣ת לְבָנָ֔ה א֥וֹ בַהֶ֖רֶת לְבָנָ֣ה אֲדַמְדָּ֑מֶת וְנִרְאָ֖ה אֶל־ הַכֹּהֵֽן ׃,והיה במקומ השחינ שאת לבנה או בהרת לבנה אדמדמת ונראה אל הכהנ,13,ויהי באתר שחנא עמקא חורא או בהרא חורא סמקא ויתחזי לכהנא:,11,"καὶ γένηται ἐν τῷ τόπῳ τοῦ ἕλκους οὐλὴ λευκὴ ἢ τηλαυγὴς λευκαίνουσα ἢ πυρρίζουσα, καὶ ὀφθήσεται τῷ ἱερεῖ.",18,ܘܬܗܘܐ ܒܕܘܟܬܗ ܕܫܘܚܢܐ ܫܘܡܬܐ ܚܘܪܬܐ. ܐܘ ܒܗܩܝܬܐ ܕܚܘܪܐ ܐܘ ܕܣܘܡܩܐ ܢܚܘܘܢܗ̇ ܠܟܗܢܐ.,12,"e em seu lugar vier inchação branca ou mancha lustrosa, tirando a vermelho, mostrar-se-á ao sacerdote,",16,True,True,True
13,20,Levítico 13:20,וְרָאָ֣ה הַכֹּהֵ֗ן וְהִנֵּ֤ה מַרְאֶ֨הָ֙ שָׁפָ֣ל מִן־ הָע֔וֹר וּשְׂעָרָ֖הּ הָפַ֣ךְ לָבָ֑ן וְטִמְּא֧וֹ הַכֹּהֵ֛ן נֶֽגַע־ צָרַ֥עַת הִ֖וא בַּשְּׁחִ֥ין פָּרָֽחָה ׃,וראה הכהנ והנה מראה שפל מנ העור ושערה הפכ לבנ וטמאו הכהנ נגע צרעת הוא בשחינ פרחה,18,ויחזי כהנא והא מחזהא מכיך מן משכא ושערה אתהפיך למחור ויסאביניה כהנא מכתש סגירותא היא בשחנא סגיאת:,17,"καὶ ὄψεται ὁ ἱερεύς, καὶ ἰδοὺ ἡ ὄψις ταπεινοτέρα τοῦ δέρματος, καὶ θρὶξ αὐτῆς μετέβαλεν εἰς λευκήν, καὶ μιανεῖ αὐτὸν ὁ ἱερεύς· λέπρα ἐστίν, ἐν τῷ ἕλκει ἐξήνθησεν.",28,ܘܢܚܙܐ ܟܗܢܐ ܐܢ ܚܙܘܗ̇ ܡܟܝܟ ܡܢ ܡܫܟܐ. ܘܣܥܪܗ̇ ܐܬܗܦܟ ܠܡܚܘܪ ܢܛܡܐܝܗ̇ ܟܗܢܐ. ܡܛܠ ܕܡܚܘܬܐ ܗܝ ܕܓܪܒܐ ܘܒܫܘܚܢܐ ܣܓܝܬ.,18,"e este a examinará; se ela parecer mais profunda que a pele, e o pêlo se tiver tornado branco, o sacerdote declarará imundo o homem; é praga de lepra, que brotou na úlcera.",33,True,True,True
13,21,Levítico 13:21,וְאִ֣ם ׀ יִרְאֶ֣נָּה הַכֹּהֵ֗ן וְהִנֵּ֤ה אֵֽין־ בָּהּ֙ שֵׂעָ֣ר לָבָ֔ן וּשְׁפָלָ֥ה אֵינֶ֛נָּה מִן־ הָע֖וֹר וְהִ֣יא כֵהָ֑ה וְהִסְגִּיר֥וֹ הַכֹּהֵ֖ן שִׁבְעַ֥ת יָמִֽים ׃,ואמ יראנה הכהנ והנה אינ בה שער לבנ ושפלה איננה מנ העור והיא כהה והסגירו הכהנ שבעת ימימ,20,ואם יחזנה כהנא והא לית בה שער חור ומכיכא ליתהא מן משכא והיא עמיא ויסגרניה כהנא שבעא יומין:,18,"ἐὰν δὲ ἴδῃ ὁ ἱερεύς, καὶ ἰδοὺ οὐκ ἔστιν ἐν αὐτῷ θρὶξ λευκή, καὶ ταπεινὸν μὴ ᾖ ἀπὸ τοῦ δέρματος τοῦ χρωτός, καὶ αὐτὴ ᾖ ἀμαυρά, ἀφοριεῖ αὐτὸν ὁ ἱερεὺς ἑπτὰ ἡμέρας.",32,ܘܐܢ ܢܚܙܐ ܟܗܢܐ ܕܠܝܬ ܒܗ̇ ܣܥܪܐ ܚܘܪܐ. ܘܠܐ ܗܘܬ ܡܟܝܟܐ ܡܢ ܡܫܟܐ ܐܠܐ ܫܘܝܐ ܗܝ. ܢܣܓܪܝܗ̇ ܟܗܢܐ ܫܒܥܐ ܝܘܡ̈ܝܢ.,19,"Se, porém, o sacerdote a examinar, e nela não houver pêlo branco e não estiver mais profunda que a pele, mas tiver escurecido, o sacerdote encerrará por sete dias o homem.",31,True,True,True
13,22,Levítico 13:22,וְאִם־ פָּשֹׂ֥ה תִפְשֶׂ֖ה בָּע֑וֹר וְטִמֵּ֧א הַכֹּהֵ֛ן אֹת֖וֹ נֶ֥גַע הִֽוא ׃,ואמ פשה תפשה בעור וטמא הכהנ אתו נגע הוא,10,ואם אוספא תוסף במשכא ויסאב כהנא יתיה מכתשא היא:,9,"ἐὰν δὲ διαχέηται ἐν τῷ δέρματι, καὶ μιανεῖ αὐτὸν ὁ ἱερεύς· ἁφὴ λέπρας ἐστίν, ἐν τῷ ἕλκει ἐξήνθησεν·",18,ܘܐܢ ܡܗܠܟܘ ܬܗܠܟ ܒܡܫܟܐ. ܢܛܡܐܝܗ̇ ܟܗܢܐ ܡܛܠ ܕܡܚܘܬܐ ܗܝ ܕܓܪܒܐ .,11,"Se ela se estender na pele, o sacerdote o declarará imundo; é praga.",13,True,True,True
13,23,Levítico 13:23,וְאִם־ תַּחְתֶּ֜יהָ תַּעֲמֹ֤ד הַבַּהֶ֨רֶת֙ לֹ֣א פָשָׂ֔תָה צָרֶ֥בֶת הַשְּׁחִ֖ין הִ֑וא וְטִהֲר֖וֹ הַכֹּהֵֽן ׃ ס,ואמ תחתיה תעמד הבהרת לא פשתה צרבת השחינ הוא וטהרו הכהנ ס,13,ואם באתרהא קמת בהרתא לא אוספת רשם שחנא היא וידכניה כהנא:,11,"ἐὰν δὲ κατὰ χώραν μείνῃ τὸ τηλαύγημα καὶ μὴ διαχέηται, οὐλὴ τοῦ ἕλκους ἐστίν, καὶ καθαριεῖ αὐτὸν ὁ ἱερεύς.",19,ܘܐܢ ܒܕܘܟܬܗ̇ ܩܡܬ ܒܗܩܝܬܐ ܘܠܐ ܗܠܟܬ. ܫܘܡܬܐ ܗܝ ܕܫܘܚܢܐ. ܢܕܟܝܗ̇ ܟܗܢܐ.,11,"Mas se a mancha lustrosa parar no seu lugar, não se estendendo, é a cicatriz da úlcera; o sacerdote, pois, o declarará limpo.",23,True,True,True
13,24,Levítico 13:24,א֣וֹ בָשָׂ֔ר כִּֽי־ יִהְיֶ֥ה בְעֹר֖וֹ מִכְוַת־ אֵ֑שׁ וְֽהָיְתָ֞ה מִֽחְיַ֣ת הַמִּכְוָ֗ה בַּהֶ֛רֶת לְבָנָ֥ה אֲדַמְדֶּ֖מֶת א֥וֹ לְבָנָֽה ׃,או בשר כי יהיה בערו מכות אש והיתה מחית המכוה בהרת לבנה אדמדמת או לבנה,16,או בסרא ארי יהי במשכיה כואה דנור ותהי רשם כואה בהרא חורא סמקא או חורא:,15,"Καὶ σὰρξ ἐὰν γένηται ἐν τῷ δέρματι αὐτοῦ κατάκαυμα πυρός, καὶ γένηται ἐν τῷ δέρματι αὐτοῦ τὸ ὑγιασθὲν τοῦ κατακαύματος αὐγάζον τηλαυγὲς λευκόν, ὑποπυρρίζον ἢ ἔκλευκον,",26,ܘܒܣܪܐ ܐܢ ܢܗܘܐ ܒܡܫܟܗ ܟܘܝܐ ܕܢܘܪܐ. ܘܬܗܘܐ ܒܫܘܡܬܐ ܕܟܘܝܐ. ܒܗܩܝܬܐ ܕܚܘܪܐ ܐܘ ܕܣܘܡܩܐ ܐܘ ܕܡܚܘܪܐ.,15,"Ou, quando na pele da carne houver queimadura de fogo, e a carne viva da queimadura se tornar em mancha lustrosa, tirando a vermelho ou branco,",26,True,True,True
13,25,Levítico 13:25,וְרָאָ֣ה אֹתָ֣הּ הַכֹּהֵ֡ן וְהִנֵּ֣ה נֶהְפַּךְ֩ שֵׂעָ֨ר לָבָ֜ן בַּבַּהֶ֗רֶת וּמַרְאֶ֨הָ֙ עָמֹ֣ק מִן־ הָע֔וֹר צָרַ֣עַת הִ֔וא בַּמִּכְוָ֖ה פָּרָ֑חָה וְטִמֵּ֤א אֹתוֹ֙ הַכֹּהֵ֔ן נֶ֥גַע צָרַ֖עַת הִֽוא ׃,וראה אתה הכהנ והנה נהפכ שער לבנ בבהרת ומראה עמק מנ העור צרעת הוא במכוה פרחה וטמא אתו הכהנ נגע צרעת הוא,23,ויחזי יתה כהנא והא אתהפיך שער חור בבהרתא ומחזהא עמיק מן משכא סגירותא היא בכואה סגיאה ויסאב יתיה כהנא מכתש סגירותא היא:,22,"καὶ ὄψεται αὐτὸν ὁ ἱερεύς, καὶ ἰδοὺ μετέβαλεν θρὶξ λευκὴ εἰς τὸ αὐγάζον, καὶ ἡ ὄψις αὐτοῦ ταπεινὴ ἀπὸ τοῦ δέρματος, λέπρα ἐστίν, ἐν τῷ κατακαύματι ἐξήνθησεν· καὶ μιανεῖ αὐτὸν ὁ ἱερεύς, ἁφὴ λέπρας ἐστίν.",35,ܢܚܙܐ ܟܗܢܐ. ܐܢ ܐܬܗܦܟ ܣܥܪܐ ܠܡܚܘܪ ܒܒܗܩܝܬܐ. ܘܚܙܘܗ̇ ܥܡܝܩ ܡܢ ܡܫܟܐ. ܓܪܒܐ ܗ̇ܘ ܒܟܘܝܐ ܦܪܚ. ܢܛܡܐܝܗ̇ ܟܗܢܐ. ܡܛܠ ܕܡܚܘܬܐ ܗܝ ܕܓܪܒܐ.,21,"o sacerdote a examinará, e se o pêlo na mancha lustrosa se tiver tornado branco, e ela parecer mais profunda que a pele, é lepra; brotou na queimadura; portanto o sacerdote o declarará imundo; é praga de lepra.",38,True,True,True
13,26,Levítico 13:26,וְאִ֣ם ׀ יִרְאֶ֣נָּה הַכֹּהֵ֗ן וְהִנֵּ֤ה אֵֽין־ בַּבֶּהֶ֨רֶת֙ שֵׂעָ֣ר לָבָ֔ן וּשְׁפָלָ֥ה אֵינֶ֛נָּה מִן־ הָע֖וֹר וְהִ֣וא כֵהָ֑ה וְהִסְגִּיר֥וֹ הַכֹּהֵ֖ן שִׁבְעַ֥ת יָמִֽים ׃,ואמ יראנה הכהנ והנה אינ בבהרת שער לבנ ושפלה איננה מנ העור והוא כהה והסגירו הכהנ שבעת ימימ,20,ואם יחזנה כהנא והא לית בבהרתא שער חור ומכיכא ליתהא מן משכא והיא עמיא ויסגרניה כהנא שבעא יומין:,18,"ἐὰν δὲ ἴδῃ ὁ ἱερεύς, καὶ ἰδοὺ οὐκ ἔστιν ἐν τῷ αὐγάζοντι θρὶξ λευκή, καὶ ταπεινὸν μὴ ἦν ἀπὸ τοῦ δέρματος, αὐτὸ δὲ ἀμαυρόν, καὶ ἀφοριεῖ αὐτὸν ὁ ἱερεὺς ἑπτὰ ἡμέρας.",31,ܘܐܢ ܢܚܙܐ ܟܗܢܐ. ܕܠܝܬ ܒܒܗܩܝܬܐ ܣܥܪܐ ܚܘܪܐ. ܘܠܐ ܗܘܬ ܡܟܝܟܐ ܡܢ ܡܫܟܐ. ܐܠܐ ܫܘܝܐ ܗܝ. ܢܣܓܪܝܗ̇ ܟܗܢܐ ܫܒܥܐ ܝܘܡ̈ܝܢ.,19,"Mas se o sacerdote a examinar, e na mancha lustrosa não houver pêlo branco, nem estiver mais profunda que a pele, mas tiver escurecido, o sacerdote o encerrará por sete dias.",31,True,True,True
13,27,Levítico 13:27,וְרָאָ֥הוּ הַכֹּהֵ֖ן בַּיּ֣וֹם הַשְּׁבִיעִ֑י אִם־ פָּשֹׂ֤ה תִפְשֶׂה֙ בָּע֔וֹר וְטִמֵּ֤א הַכֹּהֵן֙ אֹת֔וֹ נֶ֥גַע צָרַ֖עַת הִֽוא ׃,וראהו הכהנ ביומ השביעי אמ פשה תפשה בעור וטמא הכהנ אתו נגע צרעת הוא,15,ויחזניה כהנא ביומא שביעאה אם אוספא תוסף במשכא ויסאב כהנא יתיה מכתש סגירותא היא:,14,"καὶ ὄψεται αὐτὸν ὁ ἱερεὺς τῇ ἡμέρᾳ τῇ ἑβδόμῃ, ἐὰν δὲ διαχύσει διαχέηται ἐν τῷ δέρματι, καὶ μιανεῖ αὐτὸν ὁ ἱερεύς· ἁφὴ λέπρας ἐστίν, ἐν τῷ ἕλκει ἐξήνθησεν.",28,ܘܢܚܙܐ ܟܗܢܐ ܒܝܘܡܐ ܫܒܝܥܝܐ. ܐܢ ܗܠܟܬ ܒܗܩܝܬܐ ܒܡܫܟܐ. ܢܛܡܐܝܗ̇ ܟܗܢܐ ܡܛܠ ܕܡܚܘܬܐ ܗܝ ܕܓܪܒܐ.,14,"Ao sétimo dia o sacerdote o examinará. Se ela se houver estendido na pele, o sacerdote o declarará imundo; é praga de lepra.",23,True,True,True
13,28,Levítico 13:28,וְאִם־ תַּחְתֶּיהָ֩ תַעֲמֹ֨ד הַבַּהֶ֜רֶת לֹא־ פָשְׂתָ֤ה בָעוֹר֙ וְהִ֣וא כֵהָ֔ה שְׂאֵ֥ת הַמִּכְוָ֖ה הִ֑וא וְטִֽהֲרוֹ֙ הַכֹּהֵ֔ן כִּֽי־ צָרֶ֥בֶת הַמִּכְוָ֖ה הִֽוא ׃ פ,ואמ תחתיה תעמד הבהרת לא פשתה בעור והוא כהה שאת המכוה הוא וטהרו הכהנ כי צרבת המכוה הוא פ,20,ואם באתרהא קמת בהרתא לא אוספת במשכא והיא עמיא עמק כואה היא וידכניה כהנא ארי רשם כואה היא:,18,"ἐὰν δὲ κατὰ χώραν μείνῃ τὸ αὐγάζον καὶ μὴ διαχυθῇ ἐν τῷ δέρματι, αὐτὴ δὲ ᾖ ἀμαυρά, ἡ οὐλὴ τοῦ κατακαύματός ἐστιν, καὶ καθαριεῖ αὐτὸν ὁ ἱερεύς· ὁ γὰρ χαρακτὴρ τοῦ κατακαύματός ἐστιν.",33,ܘܐܢ ܒܕܘܟܬܗ̇ ܩܡܬ ܒܗܩܝܬܐ. ܘܠܐ ܗܠܟܬ ܒܡܫܟܐ ܐܠܐ ܫܘܝܐ ܗܝ ܫܘܡܬܐ ܗܝ ܕܟܘܝܐ. ܢܕܟܝܗ̇ ܟܗܢܐ ܡܛܠ ܕܫܘܡܬܐ ܗܝ ܕܟܘܝܐ.,19,"Mas se a mancha lustrosa tiver parado no seu lugar, não se estendendo na pele, e tiver escurecido, é a inchação da queimadura; portanto o sacerdote o declarará limpo; porque é a cicatriz da queimadura.",35,True,True,True
13,29,Levítico 13:29,וְאִישׁ֙ א֣וֹ אִשָּׁ֔ה כִּֽי־ יִהְיֶ֥ה ב֖וֹ נָ֑גַע בְּרֹ֖אשׁ א֥וֹ בְזָקָֽן ׃,ואיש או אשה כי יהיה בו נגע בראש או בזקנ,11,וגבר או אתתא ארי יהי ביה מכתשא ברישא או בדקן:,10,"Καὶ ἀνδρὶ καὶ γυναικὶ ἐὰν γένηται ἐν αὐτοῖς ἁφὴ λέπρας ἐν τῇ κεφαλῇ ἢ ἐν τῷ πώγωνι,",17,ܘܓܒܪܐ ܐܘ ܐܢܬܬܐ ܐܢ ܬܗܘܐ ܒܗ ܡܚܘܬܐ ܒܪܫܗ ܐܘ ܒܕܩܢܗ.,10,"E quando homem {ou mulher} tiver praga na cabeça ou na barba,",12,True,True,True
13,30,Levítico 13:30,וְרָאָ֨ה הַכֹּהֵ֜ן אֶת־ הַנֶּ֗גַע וְהִנֵּ֤ה מַרְאֵ֨הוּ֙ עָמֹ֣ק מִן־ הָע֔וֹר וּב֛וֹ שֵׂעָ֥ר צָהֹ֖ב דָּ֑ק וְטִמֵּ֨א אֹת֤וֹ הַכֹּהֵן֙ נֶ֣תֶק ה֔וּא צָרַ֧עַת הָרֹ֛אשׁ א֥וֹ הַזָּקָ֖ן הֽוּא ׃,וראה הכהנ את הנגע והנה מראהו עמק מנ העור ובו שער צהב דק וטמא אתו הכהנ נתק הוא צרעת הראש או הזקנ הוא,24,ויחזי כהנא ית מכתשא והא מחזוהי עמיק מן משכא וביה שער סמק דעדק ויסאב יתיה כהנא נתקא הוא סגירות רישא או דקנא הוא:,23,"καὶ ὄψεται ὁ ἱερεὺς τὴν ἁφήν, καὶ ἰδοὺ ἡ ὄψις αὐτῆς ἐνκοιλοτέρα τοῦ δέρματος, ἐν αὐτῇ δὲ θρὶξ ξανθίζουσα λεπτή, καὶ μιανεῖ αὐτὸν ὁ ἱερεύς· θραῦσμά ἐστιν, λέπρα τῆς κεφαλῆς ἢ λέπρα τοῦ πώγωνός ἐστιν.",35,ܢܚܙܝܗ̇ ܟܗܢܐ ܠܡܚܘܬܐ. ܐܢ ܚܙܘܗ̇ ܥܡܝܩ ܡܢ ܡܫܟܐ. ܘܐܢ ܐܝܬ ܒܗ̇ ܣܥܪ ܫܡܫܐ ܩܛܝܢܐ. ܢܛܡܐܝܗ̇ ܟܗܢܐ ܡܛܠ ܕܡܚܘܬܐ ܗܝ ܕܓܪܒܐ. ܕܪܫܐ ܐܘ ܕܕܩܢܐ .,24,"o sacerdote examinará a praga, e se ela parecer mais profunda que a pele, e nela houver pêlo fino amarelo, o sacerdote o declarará imundo; é tinha, é lepra da cabeça ou da barba.",34,True,True,True
13,31,Levítico 13:31,וְכִֽי־ יִרְאֶ֨ה הַכֹּהֵ֜ן אֶת־ נֶ֣גַע הַנֶּ֗תֶק וְהִנֵּ֤ה אֵין־ מַרְאֵ֨הוּ֙ עָמֹ֣ק מִן־ הָע֔וֹר וְשֵׂעָ֥ר שָׁחֹ֖ר אֵ֣ין בּ֑וֹ וְהִסְגִּ֧יר הַכֹּהֵ֛ן אֶת־ נֶ֥גַע הַנֶּ֖תֶק שִׁבְעַ֥ת יָמִֽים ׃,וכי יראה הכהנ את נגע הנתק והנה אינ מראהו עמק מנ העור ושער שחר אינ בו והסגיר הכהנ את נגע הנתק שבעת ימימ,24,וארי יחזי כהנא ית מכתש נתקא והא לית מחזוהי עמיק מן משכא ושער אכם לית ביה ויסגר כהנא ית מכתש נתקא שבעת יומין:,23,"καὶ ἐὰν ἴδῃ ὁ ἱερεὺς τὴν ἁφὴν τοῦ τραύματος, καὶ ἰδοὺ οὐχ ἡ ὄψις ἐνκοιλοτέρα τοῦ δέρματος, καὶ θρὶξ ξανθίζουσα οὐκ ἔστιν ἐν αὐτῇ, καὶ ἀφοριεῖ ὁ ἱερεὺς τὴν ἁφὴν τοῦ θραύσματος ἑπτὰ ἡμέρας·",34,ܘܐܢ ܢܚܙܝܗ̇ ܟܗܢܐ ܠܡܚܘܬܐ. ܕܠܐ ܗܘܐ ܥܡܝܩ ܚܙܘܗ̇ ܡܢ ܡܫܟܐ. ܘܣܥܪܐ ܐܘܟܡܐ ܠܝܬ ܒܗ̇. ܢܣܓܪܝܗ̇ ܟܗܢܐ ܠܡܚܘܬܐ ܗ̇ܝ ܫܒܥܐ ܝܘܡ̈ܝܢ.,20,"Mas se o sacerdote examinar a praga da tinha, e ela não parecer mais profunda que a pele, e nela não houver pêlo preto, o sacerdote encerrará por sete dias o que tem a praga da tinha.",37,True,True,True
13,32,Levítico 13:32,וְרָאָ֨ה הַכֹּהֵ֣ן אֶת־ הַנֶּגַע֮ בַּיּ֣וֹם הַשְּׁבִיעִי֒ וְהִנֵּה֙ לֹא־ פָשָׂ֣ה הַנֶּ֔תֶק וְלֹא־ הָ֥יָה ב֖וֹ שֵׂעָ֣ר צָהֹ֑ב וּמַרְאֵ֣ה הַנֶּ֔תֶק אֵ֥ין עָמֹ֖ק מִן־ הָעֽוֹר ׃,וראה הכהנ את הנגע ביומ השביעי והנה לא פשה הנתק ולא היה בו שער צהב ומראה הנתק אינ עמק מנ העור,22,ויחזי כהנא ית מכתשא ביומא שביעאה והא לא אוסף נתקא ולא הוה ביה שער סמק ומחזי נתקא לית עמיק מן משכא:,21,"καὶ ὄψεται ὁ ἱερεὺς τὴν ἁφὴν τῇ ἡμέρᾳ τῇ ἑβδόμῃ, καὶ ἰδοὺ οὐ διεχύθη τὸ θραῦσμα, καὶ θρὶξ ξανθίζουσα οὐκ ἔστιν ἐν αὐτῇ, καὶ ἡ ὄψις τοῦ θραύσματος οὐκ ἔστιν κοίλη ἀπὸ τοῦ δέρματος,",34,ܘܢܚܙܝܗ̇ ܟܗܢܐ ܠܡܚܘܬܐ ܗ̇ܝ ܒܝܘܡܐ ܕܫܒܥܐ . ܐܢ ܠܐ ܗܠܟܬ ܡܚܘܬܐ. ܘܐܢ ܠܐ ܗܘܐ ܒܗ̇ ܣܥܪ ܫܡܫܐ. ܘܚܙܘܗ̇ ܕܡܚܘܬܐ ܠܐ ܗܘܐ ܥܡܝܩ ܡܢ ܡܫܟܐ.,24,"Ao sétimo dia o sacerdote examinará a praga; se a tinha não se tiver estendido, e nela não houver pêlo amarelo, nem a tinha parecer mais profunda que a pele,",30,True,True,True
13,33,Levítico 13:33,וְהִ֨תְגַּלָּ֔ח וְאֶת־ הַנֶּ֖תֶק לֹ֣א יְגַלֵּ֑חַ וְהִסְגִּ֨יר הַכֹּהֵ֧ן אֶת־ הַנֶּ֛תֶק שִׁבְעַ֥ת יָמִ֖ים שֵׁנִֽית ׃,והתגלח ואת הנתק לא יגלח והסגיר הכהנ את הנתק שבעת ימימ שנית,13,ויגלח סחרני נתקא ודעם נתקא לא יגלח ויסגר כהנא ית נתקא שבעא יומין תנינות:,14,"καὶ ξυρηθήσεται τὸ δέρμα, τὸ δὲ θραῦσμα οὐ ξυρηθήσεται, καὶ ἀφοριεῖ ὁ ἱερεὺς τὸ θραῦσμα ἑπτὰ ἡμέρας τὸ δεύτερον.",19,ܢܓܪܘܥ ܣܛܪ̈ܝܗ̇ ܕܡܚܘܬܐ ܘܠܗ̇ ܠܐ ܢܓܪܘܥ. ܘܢܣܓܪܝܗ̇ ܟܗܢܐ ܠܡܚܘܬܐ ܫܒܥܐ ܝܘܡ̈ܝܢ ܐܚܪ̈ܢܝܢ.,12,"o homem se rapará, mas não rapará a tinha; e o sacerdote encerrará por mais sete dias o que tem a tinha.",22,True,True,True
13,34,Levítico 13:34,וְרָאָה֩ הַכֹּהֵ֨ן אֶת־ הַנֶּ֜תֶק בַּיּ֣וֹם הַשְּׁבִיעִ֗י וְ֠הִנֵּה לֹא־ פָשָׂ֤ה הַנֶּ֨תֶק֙ בָּע֔וֹר וּמַרְאֵ֕הוּ אֵינֶ֥נּוּ עָמֹ֖ק מִן־ הָע֑וֹר וְטִהַ֤ר אֹתוֹ֙ הַכֹּהֵ֔ן וְכִבֶּ֥ס בְּגָדָ֖יו וְטָהֵֽר ׃,וראה הכהנ את הנתק ביומ השביעי והנה לא פשה הנתק בעור ומראהו איננו עמק מנ העור וטהר אתו הכהנ וכבס בגדיו וטהר,23,ויחזי כהנא ית נתקא ביומא שביעאה והא לא אוסף נתקא במשכא ומחזוהי ליתוהי עמיק מן משכא וידכי יתיה כהנא ויצבע לבושוהי וידכי:,22,"καὶ ὄψεται ὁ ἱερεὺς τὸ θραῦσμα τῇ ἡμέρᾳ τῇ ἑβδόμῃ, καὶ ἰδοὺ οὐ διεχύθη τὸ θραῦσμα ἐν τῷ δέρματι μετὰ τὸ ξυρηθῆναι αὐτόν, καὶ ἡ ὄψις τοῦ θραύσματος οὐκ ἔστιν κοίλη ἀπὸ τοῦ δέρματος, καὶ καθαριεῖ αὐτὸν ὁ ἱερεύς· καὶ πλυνάμενος τὰ ἱμάτια καθαρὸς ἔσται.",45,ܘܢܚܙܝܗ̇ ܟܗܢܐ ܠܡܚܘܬܐ ܒܝܘܡܐ ܕܫܒܥܐ . ܐܢ ܠܐ ܗܠܟܬ ܡܚܘܬܐ ܒܡܫܟܐ. ܘܚܙܘܗ̇ ܠܐ ܗܘܐ ܥܡܝܩ ܡܢ ܡܫܟܐ. ܢܕܟܝܗ̇ ܟܗܢܐ ܘܢܚܠܠ ܡܐ̈ܢܘܗܝ ܘܢܬܕܟܐ.,22,"Ao sétimo dia o sacerdote examinará a tinha; se ela não se houver estendido na pele, e não parecer mais profunda que a pele, o sacerdote declarará limpo o homem; o qual lavará as suas vestes, e será limpo.",39,True,True,True
13,35,Levítico 13:35,וְאִם־ פָּשֹׂ֥ה יִפְשֶׂ֛ה הַנֶּ֖תֶק בָּע֑וֹר אַחֲרֵ֖י טָהֳרָתֽוֹ ׃,ואמ פשה יפשה הנתק בעור אחרי טהרתו,8,ואם אוספא יוסף נתקא במשכא בתר דכותיה:,7,"ἐὰν δὲ διαχύσει διαχέηται τὸ θραῦσμα ἐν τῷ δέρματι μετὰ τὸ καθαρισθῆναι αὐτόν,",13,ܘܐܢ ܡܗܠܟܘ ܬܗܠܟ ܡܚܘܬܐ ܒܡܫܟܐ ܡܢ ܒܬܪ ܕܐܬܕܟܝ.,8,"Mas se, depois da sua purificação, a tinha estender na pele,",11,True,True,True
13,36,Levítico 13:36,וְרָאָ֨הוּ֙ הַכֹּהֵ֔ן וְהִנֵּ֛ה פָּשָׂ֥ה הַנֶּ֖תֶק בָּע֑וֹר לֹֽא־ יְבַקֵּ֧ר הַכֹּהֵ֛ן לַשֵּׂעָ֥ר הַצָּהֹ֖ב טָמֵ֥א הֽוּא ׃,וראהו הכהנ והנה פשה הנתק בעור לא יבקר הכהנ לשער הצהב טמא הוא,14,ויחזניה כהנא והא אוסף נתקא במשכא לא יבקר כהנא לשער סמק מסאב הוא:,13,"καὶ ὄψεται ὁ ἱερεύς, καὶ ἰδοὺ διακέχυται τὸ θραῦσμα ἐν τῷ δέρματι, οὐκ ἐπισκέψεται ὁ ἱερεὺς περὶ τῆς τριχὸς τῆς ξανθῆς, ὅτι ἀκάθαρτός ἐστιν·",24,ܢܚܙܐ ܟܗܢܐ ܐܢ ܗܠܟܬ ܡܚܘܬܐ ܒܡܫܟܐ. ܠܐ ܢܫܐܠ ܟܗܢܐ ܥܠ ܣܥܪ ܫܡܫܐ. ܡܛܠ ܕܛܡܐ ܗܘ.,15,"o sacerdote o examinará; se a tinha se tiver estendido na pele, o sacerdote não buscará pêlo amarelo; o homem está imundo.",22,True,True,True
13,37,Levítico 13:37,וְאִם־ בְּעֵינָיו֩ עָמַ֨ד הַנֶּ֜תֶק וְשֵׂעָ֨ר שָׁחֹ֧ר צָֽמַח־ בּ֛וֹ נִרְפָּ֥א הַנֶּ֖תֶק טָה֣וֹר ה֑וּא וְטִהֲר֖וֹ הַכֹּהֵֽן ׃ ס,ואמ בעיניו עמד הנתק ושער שחר צמח בו נרפא הנתק טהור הוא וטהרו הכהנ ס,16,ואם כד הוה קם נתקא ושער אכם צמח ביה אתסי נתקא דכי הוא וידכניה כהנא:,15,"ἐὰν δὲ ἐνώπιον μείνῃ τὸ θραῦσμα ἐπὶ χώρας καὶ θρὶξ μέλαινα ἀνατείλῃ ἐν αὐτῷ, ὑγίακεν τὸ θραῦσμα, καθαρόν ἐστιν, καὶ καθαριεῖ αὐτὸν ὁ ἱερεύς.",24,ܘܐܢ ܒܕܘܟܬܗ̇ ܩܡܬ ܡܚܘܬܐ ܘܣܥܪܐ ܐܘܟܡܐ ܝܥܐ ܒܗ̇. ܡܬܐܣܝܐ ܡܚܘܬܐ ܡܛܠ ܕܕܟܝܐ ܗܝ. ܢܕܟܝܗ̇ ܟܗܢܐ.,15,"Mas se a tinha, a seu ver, tiver parado, e nela tiver crescido pêlo preto, a tinha terá sarado; limpo está o homem; portanto o sacerdote o declarará limpo.",29,True,True,True
13,38,Levítico 13:38,וְאִישׁ֙ אֽוֹ־ אִשָּׁ֔ה כִּֽי־ יִהְיֶ֥ה בְעוֹר־ בְּשָׂרָ֖ם בֶּהָרֹ֑ת בֶּהָרֹ֖ת לְבָנֹֽת ׃,ואיש או אשה כי יהיה בעור בשרמ בהרת בהרת לבנת,11,וגבר או אתתא ארי יהי במשך בסרהון בהרן בהרן חורן:,10,"Καὶ ἀνδρὶ ἢ γυναικὶ ἐὰν γένηται ἐν δέρματι τῆς σαρκὸς αὐτοῦ αὔγασμα, αὐγάζοντα λευκαθίζοντα,",14,ܘܓܒܪܐ ܐܘ ܐܢܬܬܐ. ܐܢ ܬܗܘܐ ܒܡܫܟܐ ܕܒܣܪܗܘܢ ܒܗܩܝܬܐ ܕܡܒܗܩܐ ܘܚܘܪܐ .,11,"Quando homem {ou mulher} tiver na pele da sua carne manchas lustrosas, isto é, manchas lustrosas brancas,",17,True,True,True
13,39,Levítico 13:39,וְרָאָ֣ה הַכֹּהֵ֗ן וְהִנֵּ֧ה בְעוֹר־ בְּשָׂרָ֛ם בֶּהָרֹ֖ת כֵּה֣וֹת לְבָנֹ֑ת בֹּ֥הַק ה֛וּא פָּרַ֥ח בָּע֖וֹר טָה֥וֹר הֽוּא ׃ ס,וראה הכהנ והנה בעור בשרמ בהרת כהות לבנת בהק הוא פרח בעור טהור הוא ס,16,ויחזי כהנא והא במשך בסרהון בהרן עמין חורן בהקא הוא סגי במשכא דכי הוא:,14,"καὶ ὄψεται ὁ ἱερεύς, καὶ ἰδοὺ ἐν δέρματι τῆς σαρκὸς αὐτοῦ αὐγάσματα αὐγάζοντα λευκαθίζοντα, ἀλφός ἐστιν, καθαρός ἐστιν· ἐξανθήσει ἐν τῷ δέρματι τῆς σαρκὸς αὐτοῦ, καθαρός ἐστιν.",27,ܢܚܙܐ ܟܗܢܐ ܐܢ ܐܝܬ ܒܡܫܟܐ ܕܒܣܪܗܘܢ. ܒܗܩܝܬܐ ܕܚܘܪܐ ܐܘ ܕܣܘܡܩܐ. ܩܠܦܝܬܐ ܣܓܝܬ ܒܡܫܟܐ ܕܟܐ ܗܘ.,15,"o sacerdote as examinará; se essas manchas lustrosas forem brancas tirando a escuro, é impigem que brotou na pele; o homem é limpo.",23,True,True,True
13,40,Levítico 13:40,וְאִ֕ישׁ כִּ֥י יִמָּרֵ֖ט רֹאשׁ֑וֹ קֵרֵ֥חַ ה֖וּא טָה֥וֹר הֽוּא ׃,ואיש כי ימרט ראשו קרח הוא טהור הוא,9,וגבר ארי יתר שער רישיה קרח הוא דכי הוא:,9,"ἐὰν δέ τινι μαδήσῃ ἡ κεφαλὴ αὐτοῦ, φαλακρός ἐστιν, καθαρός ἐστιν·",11,ܘܓܒܪܐ ܐܢ ܢܬܪ ܣܥܪܗ ܘܢܩܪܚ ܕܟܐ ܗܘ.,7,"Quando a cabeça do homem se pelar, ele é calvo; contudo é limpo.",13,True,True,True
13,41,Levítico 13:41,וְאִם֙ מִפְּאַ֣ת פָּנָ֔יו יִמָּרֵ֖ט רֹאשׁ֑וֹ גִּבֵּ֥חַ ה֖וּא טָה֥וֹר הֽוּא ׃,ואמ מפאת פניו ימרט ראשו גבח הוא טהור הוא,10,ואם מלקבל אפוהי יתר שער רישיה גלוש הוא דכי הוא:,10,"ἐὰν δὲ κατὰ πρόσωπον μαδήσῃ ἡ κεφαλὴ αὐτοῦ, ἀναφάλαντός ἐστιν, καθαρός ἐστιν.",12,ܘܐܢ ܡܢ ܠܘܩܒܠ ܐ̈ܦܘܗܝ ܢܬܪ ܣܥܪܗ. ܓܒܚܐ ܗܘ ܕܟܐ ܗܘ.,10,"E, se a frente da sua cabeça se pelar, ele é meio calvo; contudo é limpo.",16,True,True,True
13,42,Levítico 13:42,וְכִֽי־ יִהְיֶ֤ה בַקָּרַ֨חַת֙ א֣וֹ בַגַּבַּ֔חַת נֶ֖גַע לָבָ֣ן אֲדַמְדָּ֑ם צָרַ֤עַת פֹּרַ֨חַת֙ הִ֔וא בְּקָרַחְתּ֖וֹ א֥וֹ בְגַבַּחְתּֽוֹ ׃,וכי יהיה בקרחת או בגבחת נגע לבנ אדמדמ צרעת פרחת הוא בקרחתו או בגבחתו,15,וארי יהי בקרחותיה או בגלושותיה מכתש חור סמוק סגירות סגיא היא בקרחותיה או בגלושותיה:,14,"ἐὰν δὲ γένηται ἐν τῷ φαλακρώματι αὐτοῦ ἢ ἐν τῷ ἀναφαλαντώματι αὐτοῦ ἁφὴ λευκὴ ἢ πυρρίζουσα, λέπρα ἐστὶν ἐν τῷ φαλακρώματι αὐτοῦ ἤ ἐν τῷ ἀναφαλαντώματι αὐτοῦ·",27,ܘܐܢ ܬܗܘܐ ܒܩܪܚܘܬܗ ܐܘ ܒܓܒܚܘܬܗ. ܡܚܘܬܐ ܕܚܘܪܐ ܐܘ ܕܣܘܡܩܐ. ܓܪܒܐ ܗܘ ܣܓܝ ܒܩܪܚܘܬܗ ܐܘ ܒܓܒܚܘܬܗ.,15,"Mas se na calva, ou na meia calva, houver praga branca tirando a vermelho, é lepra que lhe está brotando na calva ou na meia calva.",26,True,True,True
13,43,Levítico 13:43,וְרָאָ֨ה אֹת֜וֹ הַכֹּהֵ֗ן וְהִנֵּ֤ה שְׂאֵת־ הַנֶּ֨גַע֙ לְבָנָ֣ה אֲדַמְדֶּ֔מֶת בְּקָרַחְתּ֖וֹ א֣וֹ בְגַבַּחְתּ֑וֹ כְּמַרְאֵ֥ה צָרַ֖עַת ע֥וֹר בָּשָֽׂר ׃,וראה אתו הכהנ והנה שאת הנגע לבנה אדמדמת בקרחתו או בגבחתו כמראה צרעת עור בשר,16,ויחזי יתיה כהנא והא עמיק מכתשא חורא סמקא בקרחותיה או בגלושותיה כמחזי סגירותא משך בסרא:,15,"καὶ ὄψεται αὐτὸν ὁ ἱερεύς, καὶ ἰδοὺ ἡ ὄψις τῆς ἁφῆς λευκὴ πυρρίζουσα ἐν τῷ φαλακρώματι αὐτοῦ ἢ ἐν τῷ ἀναφαλαντώματι αὐτοῦ, ὡς εἶδος λέπρας ἐν δέρματι τῆς σαρκὸς αὐτοῦ,",30,ܢܚܙܝܗ̇ ܟܗܢܐ ܠܫܘܡܬܐ ܕܡܚܘܬܐ. ܐܢ ܚܘܪܬ ܘܐܢ ܣܡܩܬ. ܒܩܪܚܘܬܗ ܐܘ ܒܓܒܚܘܬܗ. ܐܝܟ ܚܙܘܐ ܕܓܪܒܐ ܕܐܝܬ ܒܡܫܟܐ ܕܒܣܪܗ.,17,"Então o sacerdote o examinará, e se a inchação da praga na calva ou na meia calva for branca tirando a vermelho, como parece a lepra na pele da carne,",30,True,True,True
13,44,Levítico 13:44,אִישׁ־ צָר֥וּעַ ה֖וּא טָמֵ֣א ה֑וּא טַמֵּ֧א יְטַמְּאֶ֛נּוּ הַכֹּהֵ֖ן בְּרֹאשׁ֥וֹ נִגְעֽוֹ ׃,איש צרוע הוא טמא הוא טמא יטמאנו הכהנ בראשו נגעו,11,גבר סגיר הוא מסאב הוא סאבא יסאבניה כהנא ברישיה מכתשיה:,10,"ἄνθρωπος λεπρός ἐστιν· μιάνσει μιανεῖ αὐτὸν ὁ ἱερεύς, ἐν τῇ κεφαλῇ αὐτοῦ ἡ ἁφὴ αὐτοῦ.",15,ܓܪܒܐ ܗܘ ܓܒܪܐ ܗ̇ܘ ܘܛܡܐܐ ܗܘ. ܢܛܡܐܝܘܗܝ ܟܗܢܐ ܡܛܠ ܕܡܚܘܬܐ ܒܪܫܗ ܗܝ.,12,"leproso é aquele homem, é imundo; o sacerdote certamente o declarará imundo; na sua cabeça está a praga.",18,True,True,True
13,45,Levítico 13:45,וְהַצָּר֜וּעַ אֲשֶׁר־ בּ֣וֹ הַנֶּ֗גַע בְּגָדָ֞יו יִהְי֤וּ פְרֻמִים֙ וְרֹאשׁוֹ֙ יִהְיֶ֣ה פָר֔וּעַ וְעַל־ שָׂפָ֖ם יַעְטֶ֑ה וְטָמֵ֥א ׀ טָמֵ֖א יִקְרָֽא ׃,והצרוע אשר בו הנגע בגדיו יהיו פרמימ וראשו יהיה פרוע ועל שפמ יעטה וטמא טמא יקרא,18,וסגירא די ביה מכתשא לבושוהי יהון מבזעין ורישיה יהי פריע ועל שפם כאבלא יתעטף ולא תסתאבון ולא תסתאבון יקרי:,19,"Καὶ ὁ λεπρὸς ἐν ᾧ ἐστὶν ἡ ἁφή, τὰ ἱμάτια αὐτοῦ ἔστω παραλελυμένα καὶ ἡ κεφαλὴ αὐτοῦ ἀκάλυπτος καὶ περὶ τὸ στόμα αὐτοῦ περιβαλέσθω, καὶ ἀκάθαρτος κεκλήσεται·",27,ܘܐܝܢܐ ܕܓܪܒ ܘܐܝܬ ܒܗ ܡܚܘܬܐ. ܡܐ̈ܢܘܗܝ ܢܗܘܘܢ ܡܦܪܡܝܢ. ܘܪܫܗ ܢܗܘܐ ܦܪܝܥ. ܘܥܠ ܣ̈ܦܘܬܗ ܢܬܥܛܦ. ܘܛܡܐܐ ܢܩܪܐ ܢܦܫܗ.,17,"Também as vestes do leproso, em quem está a praga, serão rasgadas; ele ficará com a cabeça descoberta e de cabelo solto, mas cobrirá o bigode, e clamará: Imundo, imundo.",30,True,True,True
13,46,Levítico 13:46,כָּל־ יְמֵ֞י אֲשֶׁ֨ר הַנֶּ֥גַע בּ֛וֹ יִטְמָ֖א טָמֵ֣א ה֑וּא בָּדָ֣ד יֵשֵׁ֔ב מִח֥וּץ לַֽמַּחֲנֶ֖ה מוֹשָׁבֽוֹ ׃ ס,כל ימי אשר הנגע בו יטמא טמא הוא בדד ישב מחוצ למחנה מושבו ס,15,כל יומי די מכתשא ביה יהי מסאב מסאב הוא בלחודוהי ייתב מברא למשריתא מותביה:,14,"πάσας τὰς ἡμέρας ὅσας ἄν ᾖ ἐπ᾽ αὐτοῦ ἡ ἁφή, ἀκάθαρτος ὢν ἀκάθαρτος ἔσται· κεχωρισμένος καθήσεται, ἔξω τῆς παρεμβολῆς αὐτοῦ ἔσται ἡ διατριβή.",23,ܟܠ ܝܘܡ̈ܬܐ ܕܐܝܬ ܒܗ ܡܚܘܬܐ ܢܗܘܐ ܛܡܐ. ܡܛܠ ܕܛܡܐ ܗܘ ܒܠܚܘܕܘܗܝ ܢܬܒ. ܘܠܒܪ ܡܢ ܡܫܪܝܬܐ ܢܗܘܐ ܡܘܬܒܗ.,17,"Por todos os dias em que a praga estiver nele, será imundo; imundo é; habitará só; a sua habitação será fora do arraial.",23,True,True,True
13,47,Levítico 13:47,וְהַבֶּ֕גֶד כִּֽי־ יִהְיֶ֥ה ב֖וֹ נֶ֣גַע צָרָ֑עַת בְּבֶ֣גֶד צֶ֔מֶר א֖וֹ בְּבֶ֥גֶד פִּשְׁתִּֽים ׃,והבגד כי יהיה בו נגע צרעת בבגד צמר או בבגד פשתימ,12,ולבושא ארי יהי ביה מכתש סגירו בלבוש עמר או בלבוש כתן:,11,"Καὶ ἱματίῳ ἐὰν γένηται ἐν αὐτῷ ἁφὴ λέπρας, ἐν ἱματίῳ ἐρεῷ ἢ ἐν ἱματίῳ, στιππυίνῳ,",15,ܘܡܪܛܘܛܐ ܐܢ ܬܗܘܐ ܒܗ ܡܚܘܬܐ ܕܓܪܒܐ. ܒܡܪܛܘܛܐ ܕܥܡܪܐ ܐܘ ܒܡܪܛܘܛܐ ܕܟܬܢܐ.,11,"Quando também houver praga de lepra em alguma vestidura, seja em vestidura de lã ou em vestidura de linho,",19,True,True,True
13,48,Levítico 13:48,א֤וֹ בִֽשְׁתִי֙ א֣וֹ בְעֵ֔רֶב לַפִּשְׁתִּ֖ים וְלַצָּ֑מֶר א֣וֹ בְע֔וֹר א֖וֹ בְּכָל־ מְלֶ֥אכֶת עֽוֹר ׃,או בשתי או בערב לפשתימ ולצמר או בעור או בכל מלאכת עור,13,או בשתיא או בערבא לכתנא ולעמרא או במשכא או בכל עבידת משך:,12,"ἢ ἐν στήμονι ἢ ἐν κρόκῃ, ἢ ἐν τοῖς λινοῖς ἢ ἐν τοῖς ἐρεοῖς, ἢ ἐν δέρματι ἢ ἐν παντὶ ἐργασίμῳ δέρματι,",22,ܐܘ ܒܫܬܝܐ ܐܘ ܒܟܪܟܐ ܕܟܬܢܐ ܐܘ ܕܥܡܪܐ. ܐܘ ܒܡܫܟܐ ܐܘ ܒܟܠ ܥܒܕ ܕܡܫܟܐ.,13,"quer na urdidura, quer na trama, seja de linho ou seja de lã; ou em pele, ou em qualquer obra de pele;",22,True,True,True
13,49,Levítico 13:49,וְהָיָ֨ה הַנֶּ֜גַע יְרַקְרַ֣ק ׀ א֣וֹ אֲדַמְדָּ֗ם בַּבֶּגֶד֩ א֨וֹ בָע֜וֹר אֽוֹ־ בַשְּׁתִ֤י אוֹ־ בָעֵ֨רֶב֙ א֣וֹ בְכָל־ כְּלִי־ ע֔וֹר נֶ֥גַע צָרַ֖עַת ה֑וּא וְהָרְאָ֖ה אֶת־ הַכֹּהֵֽן ׃,והיה הנגע ירקרק או אדמדמ בבגד או בעור או בשתי או בערב או בכל כלי עור נגע צרעת הוא והראה את הכהנ,24,ויהי מכתשא ירוק או סמוק בלבושא או במשכא או בשתיא או בערבא או בכל מאן דמשך מכתש סגירותא הוא ויתחזי לכהנא:,21,"καὶ γένηται ἡ ἁφὴ χλωρίζουσα ἢ πυρρίζουσα ἐν τῷ δέρματι ἢ ἐν τῷ ἱματίῳ ἢ ἐν τῷ στήμονι ἢ ἐν τῇ κρόκῃ ἢ ἐν παντὶ σκεύει ἐργασίμῳ δέρματος, ἁφὴ λέπρας ἐστίν, καὶ δείξει τῷ ἱερεῖ.",35,ܘܬܗܘܐ ܡܚܘܬܐ ܝܘܪܩܐ ܐܘ ܣܘܡܩܐ. ܒܡܪܛܘܛܐ ܐܘ ܒܡܫܟܐ. ܐܘ ܒܫܬܝܐ ܐܘ ܒܟܪܟܐ. ܐܘ ܒܟܘܠ ܡܐܢܐ ܕܡܫܟܐ. ܡܚܘܬܐ ܗܝ ܕܓܪܒܐ ܢܚܘܘܢܗ̇ ܠܟܗܢܐ.,21,"se a praga na vestidura, quer na urdidura, quer na trama, ou na pele, ou em qualquer coisa de pele, for verde ou vermelha, é praga de lepra, pelo que se mostrará ao sacerdote;",34,True,True,True
13,50,Levítico 13:50,וְרָאָ֥ה הַכֹּהֵ֖ן אֶת־ הַנָּ֑גַע וְהִסְגִּ֥יר אֶת־ הַנֶּ֖גַע שִׁבְעַ֥ת יָמִֽים ׃,וראה הכהנ את הנגע והסגיר את הנגע שבעת ימימ,10,ויחזי כהנא ית מכתשא ויסגר ית מכתשא שבעת יומין:,9,"καὶ ὄψεται ὁ ἱερεὺς τὴν ἁφήν, καὶ ἀφοριεῖ ὁ ἱερεὺς τὴν ἁφὴν ἑπτὰ ἡμέρας.",14,ܘܢܚܙܝܗ̇ ܟܗܢܐ ܠܡܚܘܬܐ ܘܢܣܓܪܝܗ̇ ܟܗܢܐ ܠܡܚܘܬܐ ܫܒܥܐ ܝܘܡ̈ܝܢ.,8,"o sacerdote examinará a praga, e encerrará por sete dias aquilo que tem a praga.",15,True,True,True
13,51,Levítico 13:51,וְרָאָ֨ה אֶת־ הַנֶּ֜גַע בַּיּ֣וֹם הַשְּׁבִיעִ֗י כִּֽי־ פָשָׂ֤ה הַנֶּ֨גַע֙ בַּ֠בֶּגֶד אֽוֹ־ בַשְּׁתִ֤י אֽוֹ־ בָעֵ֨רֶב֙ א֣וֹ בָע֔וֹר לְכֹ֛ל אֲשֶׁר־ יֵעָשֶׂ֥ה הָע֖וֹר לִמְלָאכָ֑ה צָרַ֧עַת מַמְאֶ֛רֶת הַנֶּ֖גַע טָמֵ֥א הֽוּא ׃,וראה את הנגע ביומ השביעי כי פשה הנגע בבגד או בשתי או בערב או בעור לכל אשר יעשה העור למלאכה צרעת ממארת הנגע טמא הוא,26,ויחזי ית מכתשא ביומא שביעאה ארי אוסף מכתשא בלבושא או בשתיא או בערבא או במשכא לכל די יתעבד משכא לעבידא סגירות מחסרא מכתשא מסאב הוא:,25,"καὶ ὄψεται ὁ ἱερεὺς τὴν ἁφὴν τῇ ἡμέρᾳ τῇ ἑβδόμῃ· ἐὰν δὲ διαχέηται ἡ ἁφὴ ἐν τῷ ἱματίῳ ἢ ἐν τῷ στήμονι ἢ ἐν τῇ κρόκῃ ἢ ἐν τῷ δέρματι, κατὰ πάντα ὅσα ἂν ποιηθῇ δέρματα ἐν τῇ ἐργασίᾳ, λέπρα ἔμμονός ἐστιν ἡ ἁφή· ἀκάθαρτός ἐστιν.",46,ܘܢܚܙܝܗ̇ ܟܗܢܐ ܠܡܚܘܬܐ ܒܝܘܡܐ ܕܫܒܥܐ. ܐܢ ܗܠܟܬ ܡܚܘܬܐ ܒܡܪܛܘܛܐ. ܐܘ ܒܫܬܝܐ ܐܘ ܒܟܪܟܐ ܐܘ ܒܡܫܟܐ. ܐܘ ܒܟܠ ܡܫܟܐ ܕܡܬܥܒܕ ܠܥܒ̇ܕܐ. ܡܚܘܬܐ ܗܝ ܕܓܪܒܐ ܡܪܝܪܐ. ܛܡܐ ܗܘ.,26,"Ao sétimo dia examinará a praga; se ela se houver estendido na vestidura, quer na urdidura, quer na trama, ou na pele, seja qual for a obra em que se empregue, a praga é lepra roedora; é imunda.",38,True,True,True
13,52,Levítico 13:52,וְשָׂרַ֨ף אֶת־ הַבֶּ֜גֶד א֥וֹ אֶֽת־ הַשְּׁתִ֣י ׀ א֣וֹ אֶת־ הָעֵ֗רֶב בַּצֶּ֨מֶר֙ א֣וֹ בַפִּשְׁתִּ֔ים א֚וֹ אֶת־ כָּל־ כְּלִ֣י הָע֔וֹר אֲשֶׁר־ יִהְיֶ֥ה ב֖וֹ הַנָּ֑גַע כִּֽי־ צָרַ֤עַת מַמְאֶ֨רֶת֙ הִ֔וא בָּאֵ֖שׁ תִּשָּׂרֵֽף ׃,ושרפ את הבגד או את השתי או את הערב בצמר או בפשתימ או את כל כלי העור אשר יהיה בו הנגע כי צרעת ממארת הוא באש תשרפ,29,ויוקיד ית לבושא או ית שתיא או ית ערבא בעמרא או בכתנא או ית כל מאן דמשך די יהי ביה מכתשא ארי סגירות מחסרא היא בנורא תתוקד:,27,"κατακαύσει τὸ ἱμάτιον ἢ τὸν στήμονα ἢ τὴν κρόκην, ἐν τοῖς ἐρεοῖς ἢ ἐν τοῖς λινοῖς ἢ ἐν παντὶ σκεύει δερματίνῳ ἐν ᾧ ἐὰν ᾖ ἐν αὐτῷ ἡ ἁφή· ὅτι λέπρα, ἐν πυρὶ κατακαυθήσεται.",34,ܢܘܩܕܝܘܗܝ ܠܡܪܛܘܛܐ ܐܘ ܠܫܬܝܐ. ܐܘ ܠܟܪܟܐ ܕܥܡܪܐ ܐܘ ܕܟܬܢܐ. ܐܘ ܠܟܠ ܡܐܢܐ ܕܡܫܟܐ ܕܬܗܘܐ ܒܗ ܡܚܘܬܐ ܒܢܘܪܐ ܢܘܩܕܝܘܗܝ. ܡܛܠ ܕܓܪܒܐ ܗܘ ܡܪܝܪܐ.,22,"Pelo que se queimará aquela vestidura, seja a urdidura ou a trama, seja de lã ou de linho, ou qualquer obra de pele, em que houver a praga, porque é lepra roedora; queimar-se-á ao fogo.",35,True,True,True
13,53,Levítico 13:53,וְאִם֮ יִרְאֶ֣ה הַכֹּהֵן֒ וְהִנֵּה֙ לֹא־ פָשָׂ֣ה הַנֶּ֔גַע בַּבֶּ֕גֶד א֥וֹ בַשְּׁתִ֖י א֣וֹ בָעֵ֑רֶב א֖וֹ בְּכָל־ כְּלִי־ עֽוֹר ׃,ואמ יראה הכהנ והנה לא פשה הנגע בבגד או בשתי או בערב או בכל כלי עור,17,ואם יחזי כהנא והא לא אוסף מכתשא בלבושא או בשתיא או בערבא או בכל מאן דמשך:,16,"ἐὰν δὲ ἴδῃ ὁ ἱερεύς, καὶ μὴ διαχέηται ἡ ἁφὴ ἐν τῷ ἱματίῳ ἢ ἐν τῷ στήμονι ἢ ἐν τῇ κρόκῃ ἢ ἐν παντὶ σκεύει δερματίνῳ,",26,ܘܐܢ ܢܚܙܐ ܟܗܢܐ ܕܠܐ ܗܠܟܬ ܡܚܘܬܐ ܒܡܪܛܘܛܐ. ܐܘ ܒܫܬܝܐ ܐܘ ܒܟܪܟܐ ܐܘ ܒܟܠ ܡܐܢ ܕܡܫܟܐ.,15,"Mas se o sacerdote a examinar, e ela não se tiver estendido na vestidura, seja na urdidura, seja na trama, ou em qualquer obra de pele,",26,True,True,True
13,54,Levítico 13:54,וְצִוָּה֙ הַכֹּהֵ֔ן וְכִ֨בְּס֔וּ אֵ֥ת אֲשֶׁר־ בּ֖וֹ הַנָּ֑גַע וְהִסְגִּיר֥וֹ שִׁבְעַת־ יָמִ֖ים שֵׁנִֽית ׃,וצוה הכהנ וכבסו את אשר בו הנגע והסגירו שבעת ימימ שנית,12,ויפקד כהנא ויחורון ית די ביה מכתשא ויסגרניה שבעת יומין תנינות:,11,"καὶ συντάξει ὁ ἱερεύς, καὶ πλυνεῖ ἐφ᾽ οὗ ἐὰν ᾖ ἐπ᾽ αὐτοῦ ἡ ἁφή, καὶ ἀφοριεῖ ὁ ἱερεὺς τὴν ἁφὴν ἑπτὰ ἡμέρας τὸ δεύτερον.",24,ܢܦܩܘܕ ܟܗܢܐ ܘܢܚܠܠܘܢ ܡܕܡ ܕܐܝܬ ܒܗ ܡܚܘܬܐ. ܘܢܣܓܪܝܗ̇ ܟܗܢܐ ܫܒܥܐ ܝܘܡ̈ܝܢ ܐܚܪ̈ܢܝܢ.,12,"o sacerdote ordenará que se lave aquilo, em que está a praga, e o encerrará por mais sete dias.",19,True,True,True
13,55,Levítico 13:55,וְרָאָ֨ה הַכֹּהֵ֜ן אַחֲרֵ֣י ׀ הֻכַּבֵּ֣ס אֶת־ הַנֶּ֗גַע וְ֠הִנֵּה לֹֽא־ הָפַ֨ךְ הַנֶּ֤גַע אֶת־ עֵינוֹ֙ וְהַנֶּ֣גַע לֹֽא־ פָשָׂ֔ה טָמֵ֣א ה֔וּא בָּאֵ֖שׁ תִּשְׂרְפֶ֑נּוּ פְּחֶ֣תֶת הִ֔וא בְּקָרַחְתּ֖וֹ א֥וֹ בְגַבַּחְתּֽוֹ ׃,וראה הכהנ אחרי הכבס את הנגע והנה לא הפכ הנגע את עינו והנגע לא פשה טמא הוא באש תשרפנו פחתת הוא בקרחתו או בגבחתו,26,ויחזי כהנא בתר דחורו ית מכתשא והא לא שנא מכתשא מן כד הוה ומכתשא לא אוסף מסאב הוא בנורא תוקדניה תברא היא בשחיקותיה או בחדתותיה:,25,"καὶ ὄψεται ὁ ἱερεὺς μετὰ τὸ πλυθῆναι αὐτὸ τὴν ἁφήν, καὶ ἥδε μὴ μετέβαλεν τὴν ὄψιν ἡ ἁφή, καὶ ἡ ἁφὴ οὐ διαχεῖται, ἀκάθαρτόν ἐστιν, ἐν πυρὶ κατακαυθήσεται· ἐστήρισται ἐν τῷ ἱματίῳ ἢ ἐν τῷ στήμονι ἢ ἐν τῇ κρόκῃ.",40,ܘܢܚܙܝܗ̇ ܟܗܢܐ ܠܡܚܘܬܐ. ܡܢ ܒܬܪ ܕܚܠܠܘܗ̇ ܠܡܚܘܬܐ . ܐܠܐ ܐܬܚܠܦ ܚܙܘܗ̇ ܕܡܚܘܬܐ. ܘܡܚܘܬܐ ܠܐ ܐܬܚܠܦܬ ܘܠܐ ܗܠܟܬ ܛܡܐ ܗܘ. ܐܘܩܕܘܗܝ ܒܢܘܪܐ. ܡܚܘܬܐ ܗܝ ܒܚܕܬܘܬܗ ܐܘ ܒܒܠܝܘܬܗ.,26,"O sacerdote examinará a praga, depois de lavada, e se ela não tiver mudado de cor, nem se tiver estendido, é imunda; no fogo a queimarás; é praga penetrante, seja por dentro, seja por fora.",35,True,True,True
13,56,Levítico 13:56,וְאִם֮ רָאָ֣ה הַכֹּהֵן֒ וְהִנֵּה֙ כֵּהָ֣ה הַנֶּ֔גַע אַחֲרֵ֖י הֻכַּבֵּ֣ס אֹת֑וֹ וְקָרַ֣ע אֹת֗וֹ מִן־ הַבֶּ֨גֶד֙ א֣וֹ מִן־ הָע֔וֹר א֥וֹ מִן־ הַשְּׁתִ֖י א֥וֹ מִן־ הָעֵֽרֶב ׃,ואמ ראה הכהנ והנה כהה הנגע אחרי הכבס אתו וקרע אתו מנ הבגד או מנ העור או מנ השתי או מנ הערב,23,ואם חזא כהנא והא עמיא מכתשא בתר דחורו יתיה ובזע יתיה מן לבושא או מן משכא או מן שתיא או מן ערבא:,22,"καὶ ἐὰν ἴδῃ ὁ ἱερεύς, καὶ ᾖ ἀμαυρὰ ἡ ἁφὴ μετὰ τὸ πλυθῆναι αὐτό, ἀπορρήξει αὐτὸ ἀπὸ τοῦ ἱματίου ἢ ἀπὸ τοῦ δέρματος ἢ ἀπὸ τοῦ στήμονος ἢ ἀπὸ τῆς κρόκης.",31,ܘܐܢ ܢܚܙܐ ܟܗܢܐ ܕܫܘܝܐ ܗܝ ܡܚܘܬܐ ܡܢ ܒܬܪ ܕܐܬܚܠܠ. ܢܩܘܕ ܢܫܩܠܝܗ̇ ܡܢ ܡܪܛܘܛܐ ܐܘ ܡܢ ܡܫܟܐ. ܐܘ ܡܢ ܫܬܝܐ ܐܘ ܡܢ ܟܪܟܐ.,22,"Mas se o sacerdote a examinar, e a praga tiver escurecido, depois de lavada, então a rasgará da vestidura, ou da pele, ou da urdidura, ou da trama;",28,True,True,True
13,57,Levítico 13:57,וְאִם־ תֵּרָאֶ֨ה ע֜וֹד בַּ֠בֶּגֶד אֽוֹ־ בַשְּׁתִ֤י אֽוֹ־ בָעֵ֨רֶב֙ א֣וֹ בְכָל־ כְּלִי־ ע֔וֹר פֹּרַ֖חַת הִ֑וא בָּאֵ֣שׁ תִּשְׂרְפֶ֔נּוּ אֵ֥ת אֲשֶׁר־ בּ֖וֹ הַנָּֽגַע ׃,ואמ תראה עוד בבגד או בשתי או בערב או בכל כלי עור פרחת הוא באש תשרפנו את אשר בו הנגע,21,ואם תתחזי עוד בלבושא או בשתיא או בערבא או בכל מאן דמשך סגיא היא בנורא תוקדניה ית די ביה מכתשא:,20,"ἐὰν δὲ ὀφθῇ ἔτι ἐν τῷ ἱματίῳ ἢ ἐν τῷ στήμονι ἢ ἐν τῇ κρόκῃ ἢ ἐν παντὶ σκεύει δερματίνῳ, λέπρα ἐξανθοῦσά ἐστιν· ἐν πυρὶ κατακαυθήσεται ἐν ᾧ ἐστὶν ἡ ἁφή.",31,ܘܐܢ ܬܘܒ ܬܬܚܙܐ ܒܡܪܛܘܛܐ ܐܘ ܒܫܬܝܐ ܐܘ ܒܟܪܟܐ. ܐܘ ܒܟܠ ܡܐܢ ܕܡܫܟܐ. ܢܘܩܕܘܢܗ ܒܢܘܪܐ. ܡܛܠ ܕܣܓܝܬ ܒܗ ܡܚܘܬܐ.,18,"se ela ainda aparecer na vestidura, seja na urdidura, seja na trama, ou em qualquer coisa de pele, é lepra brotante; no fogo queimarás aquilo em que há a praga.",30,True,True,True
13,58,Levítico 13:58,וְהַבֶּ֡גֶד אֽוֹ־ הַשְּׁתִ֨י אוֹ־ הָעֵ֜רֶב אֽוֹ־ כָל־ כְּלִ֤י הָעוֹר֙ אֲשֶׁ֣ר תְּכַבֵּ֔ס וְסָ֥ר מֵהֶ֖ם הַנָּ֑גַע וְכֻבַּ֥ס שֵׁנִ֖ית וְטָהֵֽר ׃,והבגד או השתי או הערב או כל כלי העור אשר תכבס וסר מהמ הנגע וכבס שנית וטהר,18,ולבושא או שתיא או ערבא או כל מאן דמשך די יתחור ויעדי מנהון מכתשא ויצטבע תנינות וידכי:,17,"καὶ τὸ ἱμάτιον ἢ ὁ στήμων ἢ ἡ κρόκη ἢ πᾶν σκεῦος δερμάτινον ὃ πλυθήσεται καὶ ἀποστήσεται ἀπ᾽ αὐτοῦ ἡ ἁφή, καὶ πλυθήσεται τὸ δεύτερον· καθαρὸν ἔσται.",27,ܘܡܪܛܘܛܐ ܐܘ ܫܬܝܐ ܐܘ ܟܪܟܐ. ܐܘ ܟܠ ܡܐܢܐ ܕܡܫܟܐ ܕܡܬܚܠܠ. ܘܦܪܩܐ ܡܢܗܘܢ ܡܚܘܬܐ. ܢܬܚܠܠ ܬܪܬܝܢ ܙܒܢ̈ܝܢ ܘܢܬܕܟܐ.,17,"Mas a vestidura, quer a urdidura, quer a trama, ou qualquer coisa de pele, que lavares, e de que a praga se retirar, se lavará segunda vez, e será limpa.",30,True,True,True
13,59,Levítico 13:59,זֹ֠את תּוֹרַ֨ת נֶֽגַע־ צָרַ֜עַת בֶּ֥גֶד הַצֶּ֣מֶר ׀ א֣וֹ הַפִּשְׁתִּ֗ים א֤וֹ הַשְּׁתִי֙ א֣וֹ הָעֵ֔רֶב א֖וֹ כָּל־ כְּלִי־ ע֑וֹר לְטַהֲר֖וֹ א֥וֹ לְטַמְּאֽוֹ ׃ פ,זאת תורת נגע צרעת בגד הצמר או הפשתימ או השתי או הערב או כל כלי עור לטהרו או לטמאו פ,22,דא אוריתא דמכתש סגירו בלבוש עמר או כתנא או שתיא או ערבא או כל מאן דמשך לדכיותיה או לסאבותיה:,19,"οὗτος ὁ νόμος ἁφῆς λέπρας ἱματίου ἐρεοῦ ἢ στιππυίνου ἢ στήμονος ἢ κρόκης ἢ παντὸς σκεύους δερματίνου, εἰς τὸ καθαρίσαι αὐτὸ ἢ μιᾶναι αὐτό.",24,ܗܢܐ ܗܘ ܢܡܘܣܐ ܕܡܚܘܬܐ ܕܓܪܒܐ. ܕܡܪܛܘܛܐ ܕܥܡܪܐ ܐܘ ܕܟܬܢܐ. ܐܘ ܕܫܬܝܐ ܐܘ ܕܟܪܟܐ. ܐܘ ܕܟܠ ܡܐܢܐ ܕܡܫܟܐ ܕܢܕܟܝܘܗܝ ܐܘ ܕܢܛܡܐܝܘܗܝ.,20,"Esta é a lei da praga da lepra na vestidura de lã, ou de linho, quer na urdidura, quer na rama, ou em qualquer coisa de pele, para declará-la limpa, ou para declará-la imunda.",34,True,True,True
14,1,Levítico 14:1,וַיְדַבֵּ֥ר יְהוָ֖ה אֶל־ מֹשֶׁ֥ה לֵּאמֹֽר ׃,וידבר יהוה אל משה לאמר,6,ומליל יי עם משה למימר:,5,Καὶ ἐλάλησεν Κύριος πρὸς Μωυσῆν λέγων,6,ܘܡܠܠ ܡܪܝܐ ܥܡ ܡܘܫܐ ܘܐܡܪ ܠܗ.,6,Depois disse o Senhor a Moisés:,6,True,True,True
14,2,Levítico 14:2,זֹ֤את תִּֽהְיֶה֙ תּוֹרַ֣ת הַמְּצֹרָ֔ע בְּי֖וֹם טָהֳרָת֑וֹ וְהוּבָ֖א אֶל־ הַכֹּהֵֽן ׃,זאת תהיה תורת המצרע ביומ טהרתו והובא אל הכהנ,10,דא תהי אוריתא דסגירא ביומא דדכותיה ויתתי לות כהנא:,9,"Οὗτος ὁ νόμος τοῦ λεπροῦ, ᾗ ἂν ἡμέρᾳ καθαρισθῇ· καὶ προσαχθήσεται πρὸς τὸν ἱερέα,",14,ܗܢܐ ܢܗܘܐ ܢܡܘܣܐ ܕܓܪܒܐ. ܒܝܘܡܐ ܕܡܬܕܟܐ. ܢܝܬܘܢܗ ܠܘܬ ܟܗܢܐ.,9,"Esta será a lei do leproso no dia da sua purificação: será levado ao sacerdote,",15,True,True,True
14,3,Levítico 14:3,וְיָצָא֙ הַכֹּהֵ֔ן אֶל־ מִח֖וּץ לַֽמַּחֲנֶ֑ה וְרָאָה֙ הַכֹּהֵ֔ן וְהִנֵּ֛ה נִרְפָּ֥א נֶֽגַע־ הַצָּרַ֖עַת מִן־ הַצָּרֽוּעַ ׃,ויצא הכהנ אל מחוצ למחנה וראה הכהנ והנה נרפא נגע הצרעת מנ הצרוע,14,ויפוק כהנא למברא למשריתא ויחזי כהנא והא אתסי מכתש סגירותא מן סגירא:,12,"καὶ ἐξελεύσεται ὁ ἱερεὺς ἔξω τῆς παρεμβολῆς, καὶ ὄψεται ὁ ἱερεύς, καὶ ἰδοὺ ἰᾶται ἡ ἁφὴ τῆς λέπρας ἀπὸ τοῦ λεπροῦ.",21,ܘܢܦܘܩ ܟܗܢܐ ܠܒܪ ܡܢ ܡܫܪܝܬܐ. ܘܢܚܙܐ ܟܗܢܐ ܐܢ ܐܬܐܣܝܬ ܡܚܘܬܐ ܕܓܪܒܐ ܡܢ ܓܒܪܐ.,13,"e este sairá para fora do arraial, e o examinará; se a praga do leproso tiver sarado,",17,True,True,True
14,4,Levítico 14:4,וְצִוָּה֙ הַכֹּהֵ֔ן וְלָקַ֧ח לַמִּטַּהֵ֛ר שְׁתֵּֽי־ צִפֳּרִ֥ים חַיּ֖וֹת טְהֹר֑וֹת וְעֵ֣ץ אֶ֔רֶז וּשְׁנִ֥י תוֹלַ֖עַת וְאֵזֹֽב ׃,וצוה הכהנ ולקח למטהר שתי צפרימ חיות טהרות ועצ ארז ושני תולעת ואזב,14,ויפקד כהנא ויסב למדכי תרתין צפרין חיין דכין ואעא דארזא וצבע זהורי ואזובא:,13,"καὶ προστάξει ὁ ἱερεύς, καὶ λήμψονται τῷ κεκαθαρισμένῳ δύο ὀρνίθια ζῶντα καθαρά, καὶ ξύλον κέδρινον καὶ κεκλωσμένον κόκκινον καὶ ὕσσωπον·",20,ܢܦܩܘܕ ܟܗܢܐ ܘܢܝܬܘܢ ܠܗ̇ܘ ܕܡܬܕܟܐ. ܬܪ̈ܬܝܢ ܨܦܪ̈ܝܢ ܚܝ̈ܬܐ ܕܟܝ̈ܬܐ. ܘܩܝܣܐ ܕܐܪܙܐ ܘܨܘܒܥܐ ܕܙܚܘܪܝܬܐ ܘܙܘܦܐ.,14,"o sacerdote ordenará que, para aquele que se há de purificar, se tomem duas aves vivas e limpas, pau de cedro, carmesim e hissopo.",24,True,True,True
14,5,Levítico 14:5,וְצִוָּה֙ הַכֹּהֵ֔ן וְשָׁחַ֖ט אֶת־ הַצִּפּ֣וֹר הָאֶחָ֑ת אֶל־ כְּלִי־ חֶ֖רֶשׂ עַל־ מַ֥יִם חַיִּֽים ׃,וצוה הכהנ ושחט את הצפור האחת אל כלי חרש על מימ חיימ,13,ויפקד כהנא ויכוס ית צפרא חדא למאן דחסף על מי מבוע:,11,καὶ προστάξει ὁ ἱερεὺς καὶ σφάξουσιν τὸ ὀρνίθιον τὸ ἓν εἰς ἄγγιον ὀστράκινον ἐφ᾽ ὕδατι ζῶντι·,16,ܘܢܦܩܘܕ ܟܗܢܐ. ܘܢܟܣܘܢ ܨܦܪܐ ܚܕܐ ܒܡܐܢܐ ܕܦܚܪܐ ܥܠ ܡܒܘܥܐ ܕܡ̈ܝܐ.,10,Mandará também que se imole uma das aves num vaso de barro sobre águas vivas.,15,True,True,True
14,6,Levítico 14:6,אֶת־ הַצִּפֹּ֤ר הַֽחַיָּה֙ יִקַּ֣ח אֹתָ֔הּ וְאֶת־ עֵ֥ץ הָאֶ֛רֶז וְאֶת־ שְׁנִ֥י הַתּוֹלַ֖עַת וְאֶת־ הָאֵזֹ֑ב וְטָבַ֨ל אוֹתָ֜ם וְאֵ֣ת ׀ הַצִּפֹּ֣ר הַֽחַיָּ֗ה בְּדַם֙ הַצִּפֹּ֣ר הַשְּׁחֻטָ֔ה עַ֖ל הַמַּ֥יִם הַֽחַיִּֽים ׃,את הצפר החיה יקח אתה ואת עצ הארז ואת שני התולעת ואת האזב וטבל אותמ ואת הצפר החיה בדמ הצפר השחטה על המימ החיימ,26,ית צפרא חיתא יסב יתה וית אעא דארזא וית צבע זהורי וית אזובא ויטבול יתהון וית צפרא חיתא בדמא דצפרא דנכיסא על מי מבוע:,24,"καὶ τὸ ὀρνίθιον τὸ ζῶν, λήμψεται αὐτὸ καὶ τὸ ξύλον τὸ κέδρινον καὶ τὸ κλωστὸν κόκκινον καὶ τὸν ὕσσωπον, καὶ βάψει αὐτὰ καὶ τὸ ὀρνίθιον τὸ ζῶν εἰς τὸ αἷμα τοῦ ὀρνιθίου τοῦ σφαγέντος ἐφ᾽ ὕδατι ζῶντι·",37,ܘܢܣܒ ܠܨܦܪܐ ܗ̇ܝ ܚܝܬܐ ܐܚܪܬܐ ܘܩܝܣܐ ܕܐܪܙܐ ܘܨܘܒܥܐ ܕܙܚܘܪܝܬܐ ܘܙܘܦܐ. ܘܢܨܒܘܥ ܐܢܘܢ ܠܗܘܢ ܘܠܨܦܪܐ ܚܝܬܐ. ܒܕܡܐ ܕܨܦܪܐ ܕܐܬܢܟܣܬ ܥܠ ܡ̈ܝܐ ܕܡܒܘܥܐ.,21,"Tomará a ave viva, e com ela o pau de cedro, o carmesim e o hissopo, os quais molhará, juntamente com a ave viva, no sangue da ave que foi imolada sobre as águas vivas;",35,True,True,True
14,7,Levítico 14:7,וְהִזָּ֗ה עַ֧ל הַמִּטַּהֵ֛ר מִן־ הַצָּרַ֖עַת שֶׁ֣בַע פְּעָמִ֑ים וְטִ֣הֲר֔וֹ וְשִׁלַּ֛ח אֶת־ הַצִּפֹּ֥ר הַֽחַיָּ֖ה עַל־ פְּנֵ֥י הַשָּׂדֶֽה ׃,והזה על המטהר מנ הצרעת שבע פעמימ וטהרו ושלח את הצפר החיה על פני השדה,16,וידי על דמדכי מן סגירותא שבע זמנין וידכניה וישלח ית צפרא חיתא על אפי חקלא:,15,"καὶ περιρανεῖ ἐπὶ τὸν καθαρισθέντα ἀπὸ τῆς λέπρας ἑπτάκις, καὶ καθαρὸς ἔσται· καὶ ἐξαποστελεῖ τὸ ὀρνίθιον τὸ ζῶν εἰς τὸ πεδίον.",21,ܘܢܪܘܣ ܥܠ ܗ̇ܘ ܕܡܬܕܟܐ ܡܢ ܓܪܒܐ. ܫܒܥ ܙܒ̈ܢܝܢ ܘܢܬܕܟܐ. ܘܢܦܪܚܝܗ̇ ܠܨܦܪܐ ܚܝܬܐ ܠܐ̈ܦܝ ܚܩܠܐ.,14,"e o espargirá sete vezes sobre aquele que se há de purificar da lepra; então o declarará limpo, e soltará a ave viva sobre o campo aberto.",27,True,True,True
14,8,Levítico 14:8,וְכִבֶּס֩ הַמִּטַּהֵ֨ר אֶת־ בְּגָדָ֜יו וְגִלַּ֣ח אֶת־ כָּל־ שְׂעָר֗וֹ וְרָחַ֤ץ בַּמַּ֨יִם֙ וְטָהֵ֔ר וְאַחַ֖ר יָב֣וֹא אֶל־ הַֽמַּחֲנֶ֑ה וְיָשַׁ֛ב מִח֥וּץ לְאָהֳל֖וֹ שִׁבְעַ֥ת יָמִֽים ׃,וכבס המטהר את בגדיו וגלח את כל שערו ורחצ במימ וטהר ואחר יבוא אל המחנה וישב מחוצ לאהלו שבעת ימימ,21,ויצבע דמדכי ית לבושוהי ויגלח ית כל שעריה ויסחי במיא וידכי ובתר כן יעול למשריתא ויתב מברא למשכניה שבעא יומין:,20,"καὶ πλυνεῖ ὁ καθαρισθεὶς τὰ ἱμάτια αὐτοῦ, καὶ ξυρηθήσεται αὐτοῦ πᾶσαν τὴν τρίχα, καὶ λούσεται ἐν ὕδατι, καὶ καθαρὸς ἔσται, καὶ μετὰ ταῦτα εἰσελεύσεται εἰς τὴν παρεμβολήν· καὶ διατρίψει ἔξω τοῦ οἴκου αὐτοῦ ἑπτὰ ἡμέρας.",35,ܘܢܚܠܠ ܡܐ̈ܢܘܗܝ ܗ̇ܘ ܕܡܬܕܟܐ. ܘܢܓܪܘܥ ܟܠܗ ܣܥܪܗ. ܘܢܣܚܐ ܒܡ̈ܝܐ ܘܢܬܕܟܐ. ܘܡܢ ܒܬܪܟܢ ܢܥܘܠ ܠܡܫܪܝܬܐ. ܘܢܬܒ ܠܒܪ ܡܢ ܡܫܟܢܗ ܫܒܥܐ ܝܘܡ̈ܝܢ.,20,"Aquele que se há de purificar lavará as suas vestes, rapará todo o seu pêlo e se lavará em água; assim será limpo. Depois entrará no arraial, mas ficará fora da sua tenda por sete dias.",36,True,True,True
14,9,Levítico 14:9,וְהָיָה֩ בַיּ֨וֹם הַשְּׁבִיעִ֜י יְגַלַּ֣ח אֶת־ כָּל־ שְׂעָר֗וֹ אֶת־ רֹאשׁ֤וֹ וְאֶת־ זְקָנוֹ֙ וְאֵת֙ גַּבֹּ֣ת עֵינָ֔יו וְאֶת־ כָּל־ שְׂעָר֖וֹ יְגַלֵּ֑חַ וְכִבֶּ֣ס אֶת־ בְּגָדָ֗יו וְרָחַ֧ץ אֶת־ בְּשָׂר֛וֹ בַּמַּ֖יִם וְטָהֵֽר ׃,והיה ביומ השביעי יגלח את כל שערו את ראשו ואת זקנו ואת גבת עיניו ואת כל שערו יגלח וכבס את בגדיו ורחצ את בשרו במימ וטהר,27,ויהי ביומא שביעאה יגלח ית כל שעריה ית רישיה וית דקניה וית גביני עינוהי וית כל שעריה יגלח ויצבע ית לבושוהי ויסחי ית בסריה במיא וידכי:,26,"καὶ ἔσται τῇ ἡμέρᾳ τῇ ἑβδόμῃ ξυρηθήσεται πᾶσαν τὴν τρίχα αὐτοῦ, τὴν κεφαλὴν αὐτοῦ καὶ τὸν πώγωνα καὶ τὰς ὀφρύας καὶ πᾶσαν τὴν τρίχα αὐτοῦ ξυρηθήσεται· καὶ πλυνεῖ τὰ ἱμάτια καὶ λούσεται τὸ σῶμα αὐτοῦ ὕδατι, καὶ καθαρὸς ἔσται.",39,ܘܒܝܘܡܐ ܕܫܒܥܐ ܢܓܪܘܥ ܟܠܗ ܣܥܪܗ. ܪܫܗ ܘܕܩܢܗ ܘܓܒܝ̈ܢܘܗܝ. ܘܟܠܗ ܣܥܪܗ ܢܓܪܘܥ. ܘܢܚܠܠ ܡܐ̈ܢܘܗܝ ܘܢܣܚܐ ܒܣܪܗ. ܒܡ̈ܝܐ ܘܢܬܕܟܐ.,17,"Ao sétimo dia rapará todo o seu pêlo, tanto a cabeça como a barba e as sobrancelhas, sim, rapará todo o pêlo; também lavará as suas vestes, e banhará o seu corpo em água; assim será limpo.",37,True,True,True
14,10,Levítico 14:10,וּבַיּ֣וֹם הַשְּׁמִינִ֗י יִקַּ֤ח שְׁנֵֽי־ כְבָשִׂים֙ תְּמִימִ֔ים וְכַבְשָׂ֥ה אַחַ֛ת בַּת־ שְׁנָתָ֖הּ תְּמִימָ֑ה וּשְׁלֹשָׁ֣ה עֶשְׂרֹנִ֗ים סֹ֤לֶת מִנְחָה֙ בְּלוּלָ֣ה בַשֶּׁ֔מֶן וְלֹ֥ג אֶחָ֖ד שָֽׁמֶן ׃,וביומ השמיני יקח שני כבשימ תמימימ וכבשה אחת בת שנתה תמימה ושלשה עשרנימ סלת מנחה בלולה בשמנ ולג אחד שמנ,21,וביומא תמינאה יסב תרין אמרין שלמין ואמרתא חדא בת שתא שלמתא ותלתא עסרונין סלתא מנחתא דפילא במשח ולגא חד דמשחא:,20,"καὶ τῇ ἡμέρᾳ τῇ ὀγδόῃ λήμψεται δύο ἀμνοὺς ἐνιαυσίους ἀμώμους, καὶ πρόβατον ἐνιαύσιον ἄμωμον, καὶ τρία δέκατα σεμιδάλεως εἰς θυσίαν πεφυραμένης ἐν ἐλαίῳ, καὶ κοτύλην ἐλαίου μίαν·",27,ܘܒܝܘܡܐ ܕܬܡܢܝܐ ܢܣܒ ܬܪ̈ܝܢ ܐܡܪ̈ܝܢ. ܕܠܝܬ ܒܗܘܢ ܡܘܡܐ. ܘܦܪܬܐ ܚܕܐ ܒܪܬ ܫܢܬܐ ܕܠܝܬ ܒܗ̇ ܡܘܡܐ. ܘܬܠܬܐ ܥܣܪ̈ܘܢܝܢ ܢܫܝܦܐ ܣܡܝܕܐ ܕܦܝܠ ܒܡܫܚܐ. ܘܡܢܩܝܬܐ ܕܡܫܚܐ.,23,"Ao oitavo dia tomará dois cordeiros sem defeito, e uma cordeira sem defeito, de um ano, e três décimos de efa de flor de farinha para oferta de cereais, amassada com azeite, e um logue de azeite;",37,True,True,True
14,11,Levítico 14:11,וְהֶעֱמִ֞יד הַכֹּהֵ֣ן הַֽמְטַהֵ֗ר אֵ֛ת הָאִ֥ישׁ הַמִּטַּהֵ֖ר וְאֹתָ֑ם לִפְנֵ֣י יְהוָ֔ה פֶּ֖תַח אֹ֥הֶל מוֹעֵֽד ׃,והעמיד הכהנ המטהר את האיש המטהר ואתמ לפני יהוה פתח אהל מועד,13,ויקים כהנא דמדכי ית גברא דמדכי ויתהון קדם יי בתרע משכן זמנא:,12,"καὶ στήσει ὁ ἱερεὺς ὁ καθαρίζων τὸν ἄνθρωπον τὸν καθαριζόμενον καὶ ταῦτα ἔναντι Κυρίου, ἐπὶ τὴν θύραν τῆς σκηνῆς τοῦ μαρτυρίου.",21,ܘܢܩܝܡܘܗܝ ܟܗܢܐ ܕܡܕܟܐ ܠܗ̇ܘ ܓܒܪܐ ܕܡܬܕܟܐ. ܘܠܗܘܢ ܠܗܠܝܢ ܩܕܡ ܡܪܝܐ ܒܬܪܥܐ ܕܡܫܟܢܙܒܢܐ.,12,"e o sacerdote que faz a purificação apresentará o homem que se há de purificar, bem como aquelas coisas, perante o Senhor, à porta da tenda da revelação.",28,True,True,True
14,12,Levítico 14:12,וְלָקַ֨ח הַכֹּהֵ֜ן אֶת־ הַכֶּ֣בֶשׂ הָאֶחָ֗ד וְהִקְרִ֥יב אֹת֛וֹ לְאָשָׁ֖ם וְאֶת־ לֹ֣ג הַשָּׁ֑מֶן וְהֵנִ֥יף אֹתָ֛ם תְּנוּפָ֖ה לִפְנֵ֥י יְהוָֽה ׃,ולקח הכהנ את הכבש האחד והקריב אתו לאשמ ואת לג השמנ והניפ אתמ תנופה לפני יהוה,17,ויסב כהנא ית אמרא חדא ויקרב יתיה לאשמא וית לגא דמשחא וירים יתהון ארמא קדם יי:,16,"καὶ λήμψεται ὁ ἱερεὺς τὸν ἀμνὸν τὸν ἕνα, καὶ προσάξει αὐτὸν τῆς πλημμελίας, καὶ τὴν κοτύλην τοῦ ἐλαίου, καὶ ἀφοριεῖ αὐτὸ ἀφόρισμα ἔναντι Κυρίου.",24,ܘܢܣܒ ܟܗܢܐ ܐܡܪܐ ܚܕ. ܘܢܩܪܒܝܘܗܝ ܚܠܦ ܚܛܗܐ. ܘܠܡܢܩܝܬܐ ܕܡܫܚܐ. ܘܢܦܪܘܫ ܐܢܘܢ ܟܗܢܐ ܦܘܪܫܢܐ ܩܕܡ ܡܪܝܐ.,15,"E o sacerdote tomará um dos cordeiros, o oferecerá como oferta pela culpa; e, tomando também o logue de azeite, os moverá por oferta de movimento perante o Senhor.",29,True,True,True
14,13,Levítico 14:13,וְשָׁחַ֣ט אֶת־ הַכֶּ֗בֶשׂ בִּ֠מְקוֹם אֲשֶׁ֨ר יִשְׁחַ֧ט אֶת־ הַֽחַטָּ֛את וְאֶת־ הָעֹלָ֖ה בִּמְק֣וֹם הַקֹּ֑דֶשׁ כִּ֡י כַּ֠חַטָּאת הָאָשָׁ֥ם הוּא֙ לַכֹּהֵ֔ן קֹ֥דֶשׁ קָֽדָשִׁ֖ים הֽוּא ׃,ושחט את הכבש במקומ אשר ישחט את החטאת ואת העלה במקומ הקדש כי כחטאת האשמ הוא לכהנ קדש קדשימ הוא,21,ויכוס ית אמרא באתר די יכוס ית חטאתא וית עלתא באתר קדיש ארי כחטאתא אשמא הוא לכהנא קדש קודשין הוא:,20,"καὶ σφάξουσιν τὸν ἀμνὸν ἐν τόπῳ οὗ σφάζουσιν τὰ ὁλοκαυτώματα καὶ τὰ περὶ ἁμαρτίας, ἐν τόπῳ ἁγίῳ· ἔστιν γὰρ τὸ περὶ ἁμαρτίας ὥσπερ τὸ τῆς πλημμελίας, ἔστιν τῷ ἱερεῖ· ἅγια ἁγίων ἐστίν.",32,ܘܢܟܣܝܘܗܝ ܠܐܡܪܐ ܒܐܬܪܐ ܕܢܟܣ ܚܛܗܐ ܘܝܩܕܐ ܫܠܡܐ ܒܐܬܪܐ ܩܕܝܫܐ. ܡܛܠ ܕܗ̇ܘ ܕܚܠܦ ܚܛܗܐ. ܩܘܪܒܢܐ ܗܘ ܕܟܗܢܐ. ܘܩܕܘܫ ܩ̈ܘܕܫܝܢ ܗܘ.,19,"E imolará o cordeiro no lugar em que se imola a oferta pelo pecado e o holocausto, no lugar santo; porque, como a oferta pelo pecado pertence ao sacerdote, assim também a oferta pela culpa; é coisa santíssima.",38,True,True,True
14,14,Levítico 14:14,וְלָקַ֣ח הַכֹּהֵן֮ מִדַּ֣ם הָאָשָׁם֒ וְנָתַן֙ הַכֹּהֵ֔ן עַל־ תְּנ֛וּךְ אֹ֥זֶן הַמִּטַּהֵ֖ר הַיְמָנִ֑ית וְעַל־ בֹּ֤הֶן יָדוֹ֙ הַיְמָנִ֔ית וְעַל־ בֹּ֥הֶן רַגְל֖וֹ הַיְמָנִֽית ׃,ולקח הכהנ מדמ האשמ ונתנ הכהנ על תנוכ אזנ המטהר הימנית ועל בהנ ידו הימנית ועל בהנ רגלו הימנית,20,ויסב כהנא מדמא דאשמא ויתן כהנא על רום אודנא דמדכי דימינא ועל אליון ידיה דימינא ועל אליון רגליה דימינא:,19,"καὶ λήμψεται ὁ ἱερεὺς ἀπὸ τοῦ αἵματος τοῦ τῆς πλημμελίας, καὶ ἐπιθήσει ὁ ἱερεὺς ἐπὶ τὸν λοβὸν τοῦ ὠτὸς τοῦ καθαριζομένου τοῦ δεξιοῦ καὶ ἐπὶ τὸ ἄκρον τῆς χειρὸς τῆς δεξιᾶς καὶ ἐπὶ τὸ ἄκρον τοῦ ποδὸς τοῦ δεξιοῦ·",39,ܘܢܣܒ ܟܗܢܐ ܡܢ ܕܡܐ ܕܚܛܗܐ. ܘܢܪܘܣ ܟܗܢܐ ܥܠ ܛܪܦܐ ܕܐܕܢܗ ܕܝܡܝܢܐ ܕܗ̇ܘ ܕܡܬܕܟܐ. ܘܥܠ ܟܪܬܐ ܕܐܝܕܗ ܕܝܡܝܢܐ. ܘܥܠ ܟܪܬܐ ܕܪܓܠܗ ܕܝܡܝܢܐ.,21,"Então o sacerdote tomará do sangue da oferta pela culpa e o porá sobre a ponta da orelha direita daquele que se há de purificar, e sobre o dedo polegar da sua mão direita, e sobre o dedo polegar do seu pé direito.",43,True,True,True
14,15,Levítico 14:15,וְלָקַ֥ח הַכֹּהֵ֖ן מִלֹּ֣ג הַשָּׁ֑מֶן וְיָצַ֛ק עַל־ כַּ֥ף הַכֹּהֵ֖ן הַשְּׂמָאלִֽית ׃,ולקח הכהנ מלג השמנ ויצק על כפ הכהנ השמאלית,10,ויסב כהנא מלגא דמשחא ויריק על ידא דכהנא דשמאלא:,9,"καὶ λαβὼν ὁ ἱερεὺς ἀπὸ τῆς κοτύλης τοῦ ἐλαίου ἐπιχεεῖ ἐπὶ τὴν χεῖρα τοῦ ἱερέως τὴν ἀριστεράν,",17,ܘܢܣܒ ܟܗܢܐ ܡܢܩܝܬܐ ܚܕܐ ܕܡܫܚܐ. ܘܢܣܘܟ ܥܠ ܐܝܕܗ ܕܣܡܠܐ ܕܟܗܢܐ.,10,"Tomará também do logue de azeite, e o derramará na palma da sua própria mão esquerda;",16,True,True,True
14,16,Levítico 14:16,וְטָבַ֤ל הַכֹּהֵן֙ אֶת־ אֶצְבָּע֣וֹ הַיְמָנִ֔ית מִן־ הַשֶּׁ֕מֶן אֲשֶׁ֥ר עַל־ כַּפּ֖וֹ הַשְּׂמָאלִ֑ית וְהִזָּ֨ה מִן־ הַשֶּׁ֧מֶן בְּאֶצְבָּע֛וֹ שֶׁ֥בַע פְּעָמִ֖ים לִפְנֵ֥י יְהוָֽה ׃,וטבל הכהנ את אצבעו הימנית מנ השמנ אשר על כפו השמאלית והזה מנ השמנ באצבעו שבע פעמימ לפני יהוה,20,ויטבול כהנא ית אצבעיה דימינא מן משחא די על ידיה דשמאלא וידי מן משחא באצבעיה שבע זמנין קדם יי:,19,"καὶ βάψει τὸν δάκτυλον τὸν δεξιὸν ἀπὸ τοῦ ἐλαίου τοῦ ὄντος ἐπὶ τῆς χειρὸς τῆς ἀριστερᾶς, καὶ ῥανεῖ ἑπτάκις τῷ δακτύλῳ ἔναντι Κυρίου.",23,ܘܢܨܒܘܥ ܟܗܢܐ ܨܒܥܗ ܕܝܡܝܢܐ ܡܢ ܡܫܚܐ ܕܒܐܝܕܗ ܕܣܡܠܐ. ܘܢܪܘܣ ܟܗܢܐ ܡܢ ܡܫܚܐ ܒܨܒܥܗ. ܫܒܥ ܙܒ̈ܢܝܢ ܩܕܡ ܡܪܝܐ.,17,"então molhará o dedo direito no azeite que está na mão esquerda, e daquele azeite espargirá com o dedo sete vezes perante o Senhor.",24,True,True,True
14,17,Levítico 14:17,וּמִיֶּ֨תֶר הַשֶּׁ֜מֶן אֲשֶׁ֣ר עַל־ כַּפּ֗וֹ יִתֵּ֤ן הַכֹּהֵן֙ עַל־ תְּנ֞וּךְ אֹ֤זֶן הַמִּטַּהֵר֙ הַיְמָנִ֔ית וְעַל־ בֹּ֤הֶן יָדוֹ֙ הַיְמָנִ֔ית וְעַל־ בֹּ֥הֶן רַגְל֖וֹ הַיְמָנִ֑ית עַ֖ל דַּ֥ם הָאָשָֽׁם ׃,ומיתר השמנ אשר על כפו יתנ הכהנ על תנוכ אזנ המטהר הימנית ועל בהנ ידו הימנית ועל בהנ רגלו הימנית על דמ האשמ,24,ומשאר משחא די על ידיה יתן כהנא על רום אודנא דמדכי דימינא ועל אליון ידיה דימינא ועל אליון רגליה דימינא על דמא דאשמא:,23,"τὸ δὲ καταλειφθὲν ἔλαιον τὸ ὂν ἐν τῇ χειρὶ ἐπιθήσει ὁ ἱερεὺς ἐπὶ τὸν λοβὸν τοῦ ὠτὸς τοῦ καθαριζομένου τοῦ δεξιοῦ καὶ ἐπὶ τὸ ἄκρον τῆς χειρὸς τῆς δεξιᾶς καὶ ἐπὶ τὸ ἄκρον τοῦ ποδὸς τοῦ δεξιοῦ, ἐπὶ τὸν τόπον τοῦ αἵματος τοῦ τῆς πλημμελίας·",45,ܘܡܕܡ ܕܝ̇ܬܪ ܡܢ ܡܫܚܐ ܕܒܐܝܕܗ ܕܟܗܢܐ . ܢܪܘܣ ܟܗܢܐ ܥܠ ܛܪܦܐ ܕܐܕܢܗ ܕܝܡܝܢܐ ܕܗ̇ܘ ܕܡܬܕܟܐ. ܘܥܠ ܟܪܬܐ ܕܐܝܕܗ ܕܝܡܝܢܐ. ܘܥܠ ܟܪܬܐ ܕܪܓܠܗ ܕܝܡܝܢܐ ܥܠ ܕܘܟܬ ܕܡܐ ܕܚܛܗܐ.,27,"Do restante do azeite que está na sua mão, o sacerdote porá sobre a ponta da orelha direita daquele que se há de purificar, e sobre o dedo polegar da sua mão direita, e sobre o dedo polegar do seu pé direito, por cima do sangue da oferta pela culpa;",50,True,True,True
14,18,Levítico 14:18,וְהַנּוֹתָ֗ר בַּשֶּׁ֨מֶן֙ אֲשֶׁר֙ עַל־ כַּ֣ף הַכֹּהֵ֔ן יִתֵּ֖ן עַל־ רֹ֣אשׁ הַמִּטַּהֵ֑ר וְכִפֶּ֥ר עָלָ֛יו הַכֹּהֵ֖ן לִפְנֵ֥י יְהוָֽה ׃,והנותר בשמנ אשר על כפ הכהנ יתנ על ראש המטהר וכפר עליו הכהנ לפני יהוה,16,ודאשתאר במשחא די על ידא דכהנא יתן על רישא דמדכי ויכפר עלוהי כהנא קדם יי:,15,"τὸ δὲ καταλειφθὲν ἔλαιον τὸ ἐπὶ τῆς χειρὸς τοῦ ἱερέως ἐπιθήσει ὁ ἱερεὺς ἐπὶ τὴν κεφαλὴν τοῦ καθαρισθέντος, καὶ ἐξιλάσεται περὶ αὐτοῦ ὁ ἱερεὺς ἔναντι Κυρίου.",26,ܘܡܕܡ ܕܡܫܬܚܪ ܡܢ ܡܫܚܐ ܕܒܐܝܕܗ ܕܟܗܢܐ. ܢܪܡܐ ܒܪܫܗ ܕܗ̇ܘ ܕܡܬܕܟܐ. ܘܢܚܣܐ ܥܠܘܗܝ ܟܗܢܐ ܩܕܡ ܡܪܝܐ.,15,"e o restante do azeite que está na sua mão, pô-lo-á sobre a cabeça daquele que se há de purificar; assim o sacerdote fará expiação por ele perante o Senhor.",30,True,True,True
14,19,Levítico 14:19,וְעָשָׂ֤ה הַכֹּהֵן֙ אֶת־ הַ֣חַטָּ֔את וְכִפֶּ֕ר עַל־ הַמִּטַּהֵ֖ר מִטֻּמְאָת֑וֹ וְאַחַ֖ר יִשְׁחַ֥ט אֶת־ הָעֹלָֽה ׃,ועשה הכהנ את החטאת וכפר על המטהר מטמאתו ואחר ישחט את העלה,13,ויעבד כהנא ית חטאתא ויכפר על דמדכי מסובתיה ובתר כן יכוס ית עלתא:,13,"καὶ ποιήσει ὁ ἱερεὺς τὸ περὶ τῆς ἁμαρτίας, καὶ ἐξιλάσεται περὶ αὐτοῦ ὁ ἱερεὺς τοῦ ἀκαθάρτου τοῦ καθαριζομένου ἀπὸ τῆς ἁμαρτίας αὐτοῦ· καὶ μετὰ τοῦτο σφάξει ὁ ἱερεὺς τὸ ὁλοκαύτωμα.",30,ܘܢܩܪܒ ܟܗܢܐ ܩܘܪܒܢܐ ܕܚܠܦ ܚܛܗܐ ܘܢܚܣܐ ܥܠܘܗܝ. ܕܗ̇ܘ ܕܡܬܕܟܐ ܡܢ ܛܡܐܘܬܗ ܘܒܬܪܟܝܢ ܢܟܣܝܘܗܝ ܠܝܩܕܐ ܫܠܡܐ.,15,"Também o sacerdote oferecerá a oferta pelo pecado, e fará expiação por aquele que se há de purificar por causa a sua imundícia; e depois imolará o holocausto,",28,True,True,True
14,20,Levítico 14:20,וְהֶעֱלָ֧ה הַכֹּהֵ֛ן אֶת־ הָעֹלָ֥ה וְאֶת־ הַמִּנְחָ֖ה הַמִּזְבֵּ֑חָה וְכִפֶּ֥ר עָלָ֛יו הַכֹּהֵ֖ן וְטָהֵֽר ׃ ס,והעלה הכהנ את העלה ואת המנחה המזבחה וכפר עליו הכהנ וטהר ס,13,ויסק כהנא ית עלתא וית מנחתא למדבחא ויכפר עלוהי כהנא וידכי:,11,"καὶ ἀνοίσει ὁ ἱερεὺς τὸ ὁλοκαύτωμα καὶ τὴν θυσίαν ἐπὶ τὸ θυσιαστήριον ἀπέναντι Κυρίου· καὶ ἐξιλάσεται περὶ αὐτοῦ ὁ ἱερεύς, καὶ καθαρισθήσεται.",22,ܘܢܣܩ ܟܗܢܐ ܝܩܕܐ ܫܠܡܐ. ܘܣܡܝܕܐ ܥܠ ܡܕܒܚܐ. ܘܢܚܣܐ ܥܠܘܗܝ ܟܗܢܐ ܘܢܬܕܟܐ.,11,"e oferecerá o holocausto e a oferta de cereais sobre o altar; assim o sacerdote fará expiação por ele, e ele será limpo.",23,True,True,True
14,21,Levítico 14:21,וְאִם־ דַּ֣ל ה֗וּא וְאֵ֣ין יָדוֹ֮ מַשֶּׂגֶת֒ וְ֠לָקַח כֶּ֣בֶשׂ אֶחָ֥ד אָשָׁ֛ם לִתְנוּפָ֖ה לְכַפֵּ֣ר עָלָ֑יו וְעִשָּׂר֨וֹן סֹ֜לֶת אֶחָ֨ד בָּל֥וּל בַּשֶּׁ֛מֶן לְמִנְחָ֖ה וְלֹ֥ג שָֽׁמֶן ׃,ואמ דל הוא ואינ ידו משגת ולקח כבש אחד אשמ לתנופה לכפר עליו ועשרונ סלת אחד בלול בשמנ למנחה ולג שמנ,22,ואם מסכן הוא ולית ידיה מדבקא ויסב אמר חד אשמא לארמא לכפרא עלוהי ועסרונא סלתא חד דפיל במשח למנחא ולגא דמשחא:,21,"Ἐὰν δὲ πένηται ἡ χεὶρ αὐτοῦ καὶ μὴ εὑρίσκῃ, λήμψεται ἀμνὸν ἕνα εἰς ὃ ἐπλημμέλησεν εἰς ἀφαίρεμα ὥστε ἐξιλάσασθαι περὶ αὐτοῦ, καὶ δέκατον σεμιδάλεως πεφυραμένης ἐν ἐλαίῳ εἰς θυσίαν, καὶ κοτύλην ἐλαίου μίαν,",33,ܘܐܢ ܡܣܟܝܢ ܗܘ ܘܠܐ ܣܦܩܐ ܒܐ̈ܝܕܘܗܝ. ܢܣܒ ܐܡܪܐ ܚܕ ܚܠܦ ܚܛܗܐ ܠܦܘܪܫܢܐ ܕܢܬܚܣܐ ܥܠܘܗܝ. ܘܚܕ ܡܢ ܥܣܪܐ ܠܣܐܬܐ ܢܫܝܦܐ. ܕܦܝܠ ܒܡܫܚܐ ܠܩܘܪܒܢܐ. ܘܡܢܩܝܬܐ ܚܕܐ ܕܡܫܚܐ.,25,"Mas se for pobre, e as suas posses não bastarem para tanto, tomará um cordeiro para oferta pela culpa como oferta de movimento, para fazer expiação por ele, um décimo de efa de flor de farinha amassada com azeite, para oferta de cereais, um logue de azeite,",47,True,True,True
14,22,Levítico 14:22,וּשְׁתֵּ֣י תֹרִ֗ים א֤וֹ שְׁנֵי֙ בְּנֵ֣י יוֹנָ֔ה אֲשֶׁ֥ר תַּשִּׂ֖יג יָד֑וֹ וְהָיָ֤ה אֶחָד֙ חַטָּ֔את וְהָאֶחָ֖ד עֹלָֽה ׃,ושתי תרימ או שני בני יונה אשר תשיג ידו והיה אחד חטאת והאחד עלה,15,ותרתין שפנינין או תרין בני יונה די תדבק ידיה ויהי חד חטאתא וחד עלתא:,14,"καὶ δύο τρυγόνας ἢ δύο νοσσοὺς περιστερῶν, ὅσα εὗρεν ἡ χεὶρ αὐτοῦ, καὶ ἔσται ἡ μία περὶ ἁμαρτίας καὶ ἡ μία εἰς ὁλοκαύτωμα·",23,ܘܬܪ̈ܝܢ ܫܘܦܢܝ̈ܢܝܢ ܐܘ ܬܪ̈ܝܢ ܒܢ̈ܝ ܝܘܢܐ. ܡܕܡ ܕܣܦܩܐ ܒܐ̈ܝܕܘܗܝ. ܘܢܗܘܐ ܚܕ ܚܠܦ ܚܛܗܐ ܘܚܕ ܠܥܠܬܐ.,15,"e duas rolas ou dois pombinhos, conforme suas posses permitirem; dos quais um será oferta pelo pecado, e o outro holocausto.",21,True,True,True
14,23,Levítico 14:23,וְהֵבִ֨יא אֹתָ֜ם בַּיּ֧וֹם הַשְּׁמִינִ֛י לְטָהֳרָת֖וֹ אֶל־ הַכֹּהֵ֑ן אֶל־ פֶּ֥תַח אֹֽהֶל־ מוֹעֵ֖ד לִפְנֵ֥י יְהוָֽה ׃,והביא אתמ ביומ השמיני לטהרתו אל הכהנ אל פתח אהל מועד לפני יהוה,14,וייתי יתהון ביומא תמינאה לדכיותיה לות כהנא לתרע משכן זמנא קדם יי:,12,"καὶ προσοίσει αὐτὰ τῇ ἡμέρᾳ τῇ ὀγδόῃ εἰς τὸ καθαρίσαι αὐτὸν πρὸς τὸν ἱερέα, ἐπὶ τὴν θύραν τῆς σκηνῆς τοῦ μαρτυρίου, ἔναντι Κυρίου.",23,ܘܢܝܬܐ ܐܢܘܢ ܠܝܘܡܐ ܕܬܡܢܝܐ ܠܘܬ ܟܗܢܐ ܕܢܕܟܝܘܗܝ. ܠܬܪܥܐ ܕܡܫܟܢܙܒܢܐ ܩܕܡ ܡܪܝܐ.,11,"Ao oitavo dia os trará, para a sua purificação, ao sacerdote, à porta da tenda da revelação, perante o Senhor;",20,True,True,True
14,24,Levítico 14:24,וְלָקַ֧ח הַכֹּהֵ֛ן אֶת־ כֶּ֥בֶשׂ הָאָשָׁ֖ם וְאֶת־ לֹ֣ג הַשָּׁ֑מֶן וְהֵנִ֨יף אֹתָ֧ם הַכֹּהֵ֛ן תְּנוּפָ֖ה לִפְנֵ֥י יְהוָֽה ׃,ולקח הכהנ את כבש האשמ ואת לג השמנ והניפ אתמ הכהנ תנופה לפני יהוה,15,ויסב כהנא ית אמרא דאשמא וית לגא דמשחא וירים יתהון כהנא ארמא קדם יי:,14,καὶ λαβὼν ὁ ἱερεὺς τὸν ἀμνὸν τῆς πλημμελίας καὶ τὴν κοτύλην τοῦ ἐλαίου ἐπιθήσει αὐτὰ ἐπίθεμα ἔναντι Κυρίου.,18,ܘܢܣܒ ܟܗܢܐ ܐܡܪܐ ܚܕ ܘܡܢܩܝܬܐ ܕܡܫܚܐ. ܘܢܦܪܘܫ ܐܢܘܢ ܟܗܢܐ ܦܘܪܫܢܐ ܩܕܡ ܡܪܝܐ.,12,"e o sacerdote tomará o cordeiro da oferta pela culpa, e o logue de azeite, e os moverá por oferta de movimento perante o Senhor.",25,True,True,True
14,25,Levítico 14:25,וְשָׁחַט֮ אֶת־ כֶּ֣בֶשׂ הָֽאָשָׁם֒ וְלָקַ֤ח הַכֹּהֵן֙ מִדַּ֣ם הָֽאָשָׁ֔ם וְנָתַ֛ן עַל־ תְּנ֥וּךְ אֹֽזֶן־ הַמִּטַּהֵ֖ר הַיְמָנִ֑ית וְעַל־ בֹּ֤הֶן יָדוֹ֙ הַיְמָנִ֔ית וְעַל־ בֹּ֥הֶן רַגְל֖וֹ הַיְמָנִֽית ׃,ושחט את כבש האשמ ולקח הכהנ מדמ האשמ ונתנ על תנוכ אזנ המטהר הימנית ועל בהנ ידו הימנית ועל בהנ רגלו הימנית,23,ויכוס ית אמרא דאשמא ויסב כהנא מדמא דאשמא ויתן על רום אודנא דמדכי דימינא ועל אליון ידיה דימינא ועל אליון רגליה דימינא:,22,"καὶ σφάξει τὸν ἀμνὸν τῆς πλημμελίας, καὶ λήμψεται ὁ ἱερεὺς ἀπὸ τοῦ αἵματος τοῦ τῆς πλημμελίας, καὶ ἐπιθήσει ἐπὶ τὸν λοβὸν τοῦ ὠτὸς τοῦ δεξιοῦ τοῦ καθαριζομένου καὶ ἐπὶ τὸ ἄκρον τῆς χειρὸς τῆς δεξιᾶς καὶ ἐπὶ τὸ ἄκρον τοῦ ποδὸς τοῦ δεξιοῦ.",43,ܘܢܟܣܝܘܗܝ ܠܐܡܪܐ ܕܚܛܗܐ. ܘܢܣܒ ܟܗܢܐ ܡܢ ܕܡܐ ܕܚܛܗܐ. ܘܢܪܘܣ ܥܠ ܛܪܦܐ ܕܐܕܢܗ ܕܝܡܝܢܐ ܕܗ̇ܘ ܕܡܬܕܟܐ. ܘܥܠ ܟܪܬܐ ܕܐܝܕܗ ܕܝܡܝܢܐ. ܘܥܠ ܟܪܬܐ ܕܪܓܠܗ ܕܝܡܝܢܐ.,23,"Então imolará o cordeiro da oferta pela culpa e, tomando do sangue da oferta pela culpa, pô-lo-á sobre a ponta da orelha direita daquele que se há de purificar, e sobre o dedo polegar da sua mão direita, e sobre o dedo polegar do seu pé direito.",47,True,True,True
14,26,Levítico 14:26,וּמִן־ הַשֶּׁ֖מֶן יִצֹ֣ק הַכֹּהֵ֑ן עַל־ כַּ֥ף הַכֹּהֵ֖ן הַשְּׂמָאלִֽית ׃,ומנ השמנ יצק הכהנ על כפ הכהנ השמאלית,9,ומן משחא יריק כהנא על ידא דכהנא דשמאלא:,8,καὶ ἀπὸ τοῦ ἐλαίου ἐπιχεεῖ ὁ ἱερεὺς ἐπὶ τὴν χεῖρα τοῦ ἱερέως τὴν ἀριστεράν·,14,ܘܡܢ ܡܫܚܐ ܢܣܘܟ ܟܗܢܐ ܒܐܝܕܗ ܕܣܡܠܐ ܕܟܗܢܐ.,7,Também o sacerdote derramará do azeite na palma da sua própria mão esquerda;,13,True,True,True
14,27,Levítico 14:27,וְהִזָּ֤ה הַכֹּהֵן֙ בְּאֶצְבָּע֣וֹ הַיְמָנִ֔ית מִן־ הַשֶּׁ֕מֶן אֲשֶׁ֥ר עַל־ כַּפּ֖וֹ הַשְּׂמָאלִ֑ית שֶׁ֥בַע פְּעָמִ֖ים לִפְנֵ֥י יְהוָֽה ׃,והזה הכהנ באצבעו הימנית מנ השמנ אשר על כפו השמאלית שבע פעמימ לפני יהוה,15,וידי כהנא באצבעיה דימינא מן משחא די על ידיה דשמאלא שבע זמנין קדם יי:,14,καὶ ῥανεῖ ὁ ἱερεὺς τῷ δακτύλῳ τῷ δεξιῷ ἀπὸ τοῦ ἐλαίου τοῦ ἐν τῇ χειρὶ αὐτοῦ τῇ ἀριστερᾷ ἑπτάκις ἔναντι Κυρίου·,21,ܘܢܪܘܣ ܟܗܢܐ ܒܨܒܥܗ ܕܝܡܝܢܐ ܡܢ ܡܫܚܐ ܕܒܐܝܕܗ ܕܣܡܠܐ. ܫܒܥ ܙܒܢܝ̈ܢ ܩܕܡ ܡܪܝܐ.,12,"e com o dedo direito espargirá do azeite que está na mão esquerda, sete vezes perante o Senhor;",18,True,True,True
14,28,Levítico 14:28,וְנָתַ֨ן הַכֹּהֵ֜ן מִן־ הַשֶּׁ֣מֶן ׀ אֲשֶׁ֣ר עַל־ כַּפּ֗וֹ עַל־ תְּנ֞וּךְ אֹ֤זֶן הַמִּטַּהֵר֙ הַיְמָנִ֔ית וְעַל־ בֹּ֤הֶן יָדוֹ֙ הַיְמָנִ֔ית וְעַל־ בֹּ֥הֶן רַגְל֖וֹ הַיְמָנִ֑ית עַל־ מְק֖וֹם דַּ֥ם הָאָשָֽׁם ׃,ונתנ הכהנ מנ השמנ אשר על כפו על תנוכ אזנ המטהר הימנית ועל בהנ ידו הימנית ועל בהנ רגלו הימנית על מקומ דמ האשמ,26,ויתן כהנא מן משחא די על ידיה על רום אודנא דמדכי דימינא ועל אליון ידיה דימינא ועל אליון רגליה דימינא על אתר דמא דאשמא:,24,"καὶ ἐπιθήσει ὁ ἱερεὺς ἀπὸ τοῦ ἐλαίου τοῦ ἐπὶ τῆς χειρὸς αὐτοῦ ἐπὶ τὸν λοβὸν τοῦ ὠτὸς τοῦ καθαριζομένου τοῦ δεξιοῦ καὶ ἐπὶ τὸ ἄκρον τῆς χειρὸς αὐτοῦ τῆς δεξιᾶς καὶ ἐπὶ τὸ ἄκρον τοῦ ποδὸς αὐτοῦ τοῦ δεξιοῦ, ἐπὶ τὸν τόπον τοῦ αἵματος τοῦ τῆς πλημμελίας·",47,ܘܢܪܘܣ ܟܗܢܐ ܡܢ ܡܫܚܐ ܕܒܐܝܕܗ ܥܠ ܛܪܦܐ ܕܐܕܢܗ ܕܝܡܝܢܐ ܕܗ̇ܘ ܕܡܬܕܟܐ. ܘܥܠ ܟܪܬܐ ܕܐܝܕܗ ܕܝܡܝܢܐ. ܘܥܠ ܟܪܬܐ ܕܪܓܠܗ ܕܝܡܝܢܐ. ܒܕܘܟܬ ܕܡܐ ܕܚܛܗܐ.,22,"igualmente, do azeite que está na mão, porá na ponta da orelha direita daquele que se há de purificar, e no dedo polegar da sua mão direita, e no dedo polegar do seu pé direito, em cima do lugar do sangue da oferta pela culpa;",45,True,True,True
14,29,Levítico 14:29,וְהַנּוֹתָ֗ר מִן־ הַשֶּׁ֨מֶן֙ אֲשֶׁר֙ עַל־ כַּ֣ף הַכֹּהֵ֔ן יִתֵּ֖ן עַל־ רֹ֣אשׁ הַמִּטַּהֵ֑ר לְכַפֵּ֥ר עָלָ֖יו לִפְנֵ֥י יְהוָֽה ׃,והנותר מנ השמנ אשר על כפ הכהנ יתנ על ראש המטהר לכפר עליו לפני יהוה,16,ודישתאר מן משחא די על ידא דכהנא יתן על רישא דמדכי לכפרא עלוהי קדם יי:,15,"τὸ δὲ καταλειφθὲν ἀπὸ τοῦ ἐλαίου τὸ ὂν ἐπὶ τῆς χειρὸς τοῦ ἱερέως ἐπιθήσει ἐπὶ τὴν κεφαλὴν τοῦ καθαρισθέντος, καὶ ἐξιλάσεται περὶ αὐτοῦ ὁ ἱερεὺς ἔναντι Κυρίου.",27,ܘܡܕܡ ܕܡܫܬܚܪ ܡܢ ܡܫܚܐ ܕܒܐܝܕܗ ܕܟܗܢܐ. ܢܪܘܣ ܥܠ ܪܫܗ ܕܗ̇ܘ ܕܡܬܕܟܐ. ܘܢܚܣܐ ܥܠܘܗܝ ܩܕܡ ܡܪܝܐ.,15,"e o restante do azeite que está na mão porá sobre a cabeça daquele que se há de purificar, para fazer expiação por ele perante o Senhor.",27,True,True,True
14,30,Levítico 14:30,וְעָשָׂ֤ה אֶת־ הָֽאֶחָד֙ מִן־ הַתֹּרִ֔ים א֖וֹ מִן־ בְּנֵ֣י הַיּוֹנָ֑ה מֵאֲשֶׁ֥ר תַּשִּׂ֖יג יָדֽוֹ ׃,ועשה את האחד מנ התרימ או מנ בני היונה מאשר תשיג ידו,13,ויעבד ית חד מן שפניניא או מן בני יונה מדי תדבק ידיה:,12,"καὶ ποιήσει μίαν τῶν τρυγόνων ἢ ἀπὸ τῶν νοσσῶν τῶν περιστερῶν, καθότι εὗρεν αὐτοῦ ἡ χείρ,",16,ܘܢܩܪܒ ܡܢ ܫܘܦܢܝ̈ܢܐ ܐܘ ܡܢ ܒܢ̈ܝ ܝܘܢܐ. ܡܢ ܡܕܡ ܕܣܦܩܐ ܒܐ̈ܝܕܘܗܝ.,11,"Então oferecerá uma das rolas ou um dos pombinhos, conforme as suas posses lhe permitirem,",15,True,True,True
14,31,Levítico 14:31,אֵ֣ת אֲשֶׁר־ תַּשִּׂ֞יג יָד֗וֹ אֶת־ הָאֶחָ֥ד חַטָּ֛את וְאֶת־ הָאֶחָ֥ד עֹלָ֖ה עַל־ הַמִּנְחָ֑ה וְכִפֶּ֧ר הַכֹּהֵ֛ן עַ֥ל הַמִּטַּהֵ֖ר לִפְנֵ֥י יְהוָֽה ׃,את אשר תשיג ידו את האחד חטאת ואת האחד עלה על המנחה וכפר הכהנ על המטהר לפני יהוה,19,ית די תדבק ידיה ית חד חטאתא וית חד עלתא על מנחתא ויכפר כהנא על דמדכי קדם יי:,18,τὴν μίαν περὶ ἁμαρτίας καὶ τὴν μίαν εἰς ὁλοκαύτωμα σὺν τῇ θυσίᾳ· καὶ ἐξιλάσεται ὁ ἱερεὺς περὶ τοῦ καθαριζομένου ἔναντι Κυρίου.,21,ܘܢܗܘܐ ܚܕ ܚܠܦ ܚܛܗܐ. ܘܚܕ ܠܥܠܬܐ ܥܠ ܣܡܝܕܐ. ܘܢܚܣܐ ܟܗܢܐ ܩܕܡ ܡܪܝܐ ܥܠ ܗ̇ܘ ܕܡܬܕܟܐ.,15,"sim, conforme as suas posses, um para oferta pelo pecado, e o outro como holocausto, juntamente com a oferta de cereais; assim fará o sacerdote, perante o Senhor, expiação por aquele que se há de purificar.",36,True,True,True
14,32,Levítico 14:32,זֹ֣את תּוֹרַ֔ת אֲשֶׁר־ בּ֖וֹ נֶ֣גַע צָרָ֑עַת אֲשֶׁ֛ר לֹֽא־ תַשִּׂ֥יג יָד֖וֹ בְּטָהֳרָתֽוֹ ׃ פ,זאת תורת אשר בו נגע צרעת אשר לא תשיג ידו בטהרתו פ,13,דא אוריתא די ביה מכתש סגירו די לא תדבק ידיה בדכותיה:,11,οὗτος ὁ νόμος ἐν ᾧ ἐστὶν ἡ ἁφὴ τῆς λέπρας καὶ τοῦ μὴ εὑρίσκοντος τῇ χειρὶ εἰς τὸν καθαρισμὸν αὐτοῦ.,20,ܗܢܘ ܢܡܘܣܐ ܕܡ̇ܢ ܕܐܝܬ ܒܗ ܡܚܘܬܐ ܕܓܪܒܐ. ܘܠܐ ܣܦܩܐ ܒܐ̈ܝܕܘܗܝ ܕܢܬܕܟܐ.,11,"Esta é a lei daquele em quem estiver a praga da lepra, e cujas posses não lhe permitirem apresentar a oferta estipulada para a sua purificação.",26,True,True,True
14,33,Levítico 14:33,וַיְדַבֵּ֣ר יְהוָ֔ה אֶל־ מֹשֶׁ֥ה וְאֶֽל־ אַהֲרֹ֖ן לֵאמֹֽר ׃,וידבר יהוה אל משה ואל אהרנ לאמר,8,ומליל יי עם משה ועם אהרן למימר:,7,Καὶ ἐλάλησεν Κύριος πρὸς Μωυσῆν καὶ Ἀαρὼν λέγων,8,ܘܡܠܠ ܡܪܝܐ ܥܡ ܡܘܫܐ ܘܥܡ ܐܗܪܘܢ ܘܐܡܪ ܠܗܘܢ.,8,Disse mais o Senhor a Moisés e a Arão:,9,True,True,True
14,34,Levítico 14:34,כִּ֤י תָבֹ֨אוּ֙ אֶל־ אֶ֣רֶץ כְּנַ֔עַן אֲשֶׁ֥ר אֲנִ֛י נֹתֵ֥ן לָכֶ֖ם לַאֲחֻזָּ֑ה וְנָתַתִּי֙ נֶ֣גַע צָרַ֔עַת בְּבֵ֖ית אֶ֥רֶץ אֲחֻזַּתְכֶֽם ׃,כי תבאו אל ארצ כנענ אשר אני נתנ לכמ לאחזה ונתתי נגע צרעת בבית ארצ אחזתכמ,17,ארי תעלון לארעא דכנען די אנא יהב לכון לאחסנא ואתן מכתש סגירו בבית ארעא אחסנתכון:,15,"Ὡς ἂν εἰσέλθητε εἰς τὴν γῆν τῶν Χαναναίων, ἣν ἐγὼ δίδωμι ὑμῖν ἐν κτήσει, καὶ δώσω ἁφὴν λέπρας ἐν ταῖς οἰκίαις τῆς γῆς τῆς ἐνκτήτου ὑμῖν,",26,ܟܕ ܬܥܠܘܢ ܠܐܪܥܐ ܕܟܢܥܢ ܕܝ̇ܗܒ ܐܢܐ ܠܟܘܢ ܝܘܪܬܢܐ. ܘܐܬܠ ܡܚܘܬܐ ܕܓܪܒܐ ܒܝܬ ܐܪܥ ܝܪܬܘܬܟܘܢ.,14,"Quando tiverdes entrado na terra de Canaã, que vos dou em possessão, e eu puser a praga da lepra em alguma casa da terra da vossa possessão,",27,True,True,True
14,35,Levítico 14:35,וּבָא֙ אֲשֶׁר־ ל֣וֹ הַבַּ֔יִת וְהִגִּ֥יד לַכֹּהֵ֖ן לֵאמֹ֑ר כְּנֶ֕גַע נִרְאָ֥ה לִ֖י בַּבָּֽיִת ׃,ובא אשר לו הבית והגיד לכהנ לאמר כנגע נראה לי בבית,12,וייתי דדיליה ביתא ויחוי לכהנא למימר כמכתשא אתחזי לי בביתא:,10,καὶ ἥξει τὶνος αὐτοῦ ἡ οἰκία καὶ ἀναγγελεῖ τῷ ἱερεῖ λέγων Ὥσπερ ἁφὴ ἑώραταί μου ἐν τῇ οἰκίᾳ.,18,ܢܐܬܐ ܡܪܗ ܕܒܝܬܐ. ܘܢܚܘܐ ܠܟܗܢܐ ܘܢܐܡܪ ܠܗ. ܐܝܟ ܡܚܘܬܐ ܕܓܪܒܐ ܐܬܚܙܝܬ ܠܝ ܒܒܝܬܐ.,13,"aquele a quem pertencer a casa virá e informará ao sacerdote, dizendo: Parece-me que há como que praga em minha casa.",21,True,True,True
14,36,Levítico 14:36,וְצִוָּ֨ה הַכֹּהֵ֜ן וּפִנּ֣וּ אֶת־ הַבַּ֗יִת בְּטֶ֨רֶם יָבֹ֤א הַכֹּהֵן֙ לִרְא֣וֹת אֶת־ הַנֶּ֔גַע וְלֹ֥א יִטְמָ֖א כָּל־ אֲשֶׁ֣ר בַּבָּ֑יִת וְאַ֥חַר כֵּ֛ן יָבֹ֥א הַכֹּהֵ֖ן לִרְא֥וֹת אֶת־ הַבָּֽיִת ׃,וצוה הכהנ ופנו את הבית בטרמ יבא הכהנ לראות את הנגע ולא יטמא כל אשר בבית ואחר כנ יבא הכהנ לראות את הבית,24,ויפקד כהנא ויפנון ית ביתא עד לא יעול כהנא למחזי ית מכתשא ולא יסתאב כל די בביתא ובתר כן יעול כהנא למחזי ית ביתא:,24,"καὶ προστάξει ὁ ἱερεὺς ἀποσκευάσαι τὴν οἰκίαν πρὸ τοῦ εἰσελθόντα ἰδεῖν τὸν ἱερέα τὴν οἰκίαν, καὶ οὐ μὴ ἀκάθαρτα γένηται ὅσα ἐὰν ᾖ ἐν τῇ οἰκίᾳ· καὶ μετὰ ταῦτα εἰσελεύσεται ὁ ἱερεὺς καταμαθεῖν τὴν οἰκίαν.",35,ܢܦܩܘܕ ܟܗܢܐ ܘܢܣܦܩܘܢܗ ܠܒܝܬܐ. ܥܕܠܐ ܢܥܘܠ ܢܚܙܝܗ̇ ܟܗܢܐ ܠܡܚܘܬܐ. ܕܠܐ ܢܬܛܡܐ ܟܠ ܕܐܝܬ ܒܒܝܬܐ. ܘܒܬܪܟܝܢ ܢܥܘܠ ܟܗܢܐ.,17,"E o sacerdote ordenará que despejem a casa, antes que entre para examinar a praga, para que não se torne imundo tudo o que está na casa; depois entrará o sacerdote para examinar a casa;",35,True,True,True
14,37,Levítico 14:37,וְרָאָ֣ה אֶת־ הַנֶּ֗גַע וְהִנֵּ֤ה הַנֶּ֨גַע֙ בְּקִירֹ֣ת הַבַּ֔יִת שְׁקַֽעֲרוּרֹת֙ יְרַקְרַקֹּ֔ת א֖וֹ אֲדַמְדַּמֹּ֑ת וּמַרְאֵיהֶ֥ן שָׁפָ֖ל מִן־ הַקִּֽיר ׃,וראה את הנגע והנה הנגע בקירת הבית שקערורת ירקרקת או אדמדמת ומראיהנ שפל מנ הקיר,16,ויחזי ית מכתשא והא מכתשא בכתלי ביתא פחתין ירקן או סמקן ומחזיהון מכיך מן כתלא:,15,"καὶ ὄψεται τὴν ἁφὴν ἐν τοῖς τοίχοις τῆς οἰκίας, κοιλάδας χλωριζούσας, καὶ ἡ ὄψις αὐτῶν ταπεινοτέρα τῶν τοίχων·",18,ܘܢܚܙܝܗ̇ ܠܡܚܘܬܐ. ܘܗܐ ܡܚܘܬܐ ܒܐܣܬܐ ܕܒܝܬܐ. ܩ̈ܠܦܐ ܕܝܘܪ̈ܩܢ ܐܘ ܕܣ̈ܘܡܩܢ. ܘܚܙܘܗܝܢ ܥܡܝܩ ܡܢ ܐܣܬܐ.,14,"examinará a praga, e se ela estiver nas paredes da casa em covinhas verdes ou vermelhas, e estas parecerem mais profundas que a superfície,",24,True,True,True
14,38,Levítico 14:38,וְיָצָ֧א הַכֹּהֵ֛ן מִן־ הַבַּ֖יִת אֶל־ פֶּ֣תַח הַבָּ֑יִת וְהִסְגִּ֥יר אֶת־ הַבַּ֖יִת שִׁבְעַ֥ת יָמִֽים ׃,ויצא הכהנ מנ הבית אל פתח הבית והסגיר את הבית שבעת ימימ,13,ויפוק כהנא מן ביתא לתרע ביתא ויסגר ית ביתא שבעא יומין:,11,"καὶ ἐξελθὼν ὁ ἱερεὺς ἐκ τῆς οἰκίας ἐπὶ τὴν θύραν τῆς οἰκίας, καὶ ἀφοριεῖ ὁ ἱερεὺς τήν οἰκίαν ἑπτὰ ἡμέρας.",20,ܢܦܘܩ ܠܗ ܟܗܢܐ ܡܢ ܒܝܬܐ ܘܢܩܘܡ ܒܬܪܥܗ. ܘܢܣܓܪܝܘܗܝ ܠܒܝܬܐ ܗ̇ܘ ܫܒܥܐ ܝܘ̈ܡܝܢ.,12,"o sacerdote, saindo daquela casa, deixá-la-á fechada por sete dias.",10,True,True,True
14,39,Levítico 14:39,וְשָׁ֥ב הַכֹּהֵ֖ן בַּיּ֣וֹם הַשְּׁבִיעִ֑י וְרָאָ֕ה וְהִנֵּ֛ה פָּשָׂ֥ה הַנֶּ֖גַע בְּקִירֹ֥ת הַבָּֽיִת ׃,ושב הכהנ ביומ השביעי וראה והנה פשה הנגע בקירת הבית,11,ויתוב כהנא ביומא שביעאה ויחזי והא אוסיף מכתשא בכתלי ביתא:,10,"καὶ ἐπανήξει ὁ ἱερεὺς τῇ ἡμέρᾳ τῇ ἑβδόμῃ καὶ ὄψεται τὴν οἰκίαν, καὶ ἰδοὺ οὐ διεχύθη ἡ ἁφὴ ἐν τοῖς τοίχοις τῆς οἰκίας·",23,ܘܢܗܦܘܟ ܟܗܢܐ ܒܝܘܡܐ ܕܫܒܥܐ. ܘܢܚܙܐ ܐܢ ܗܠܟܬ ܡܚܘܬܐ ܒܐܣܬܐ ܕܒܝܬܐ.,10,"Ao sétimo dia voltará o sacerdote e a examinará; se a praga se tiver estendido nas paredes da casa,",19,True,True,True
14,40,Levítico 14:40,וְצִוָּה֙ הַכֹּהֵ֔ן וְחִלְּצוּ֙ אֶת־ הָ֣אֲבָנִ֔ים אֲשֶׁ֥ר בָּהֵ֖ן הַנָּ֑גַע וְהִשְׁלִ֤יכוּ אֶתְהֶן֙ אֶל־ מִח֣וּץ לָעִ֔יר אֶל־ מָק֖וֹם טָמֵֽא ׃,וצוה הכהנ וחלצו את האבנימ אשר בהנ הנגע והשליכו אתהנ אל מחוצ לעיר אל מקומ טמא,17,ויפקד כהנא וישלפון ית אבניא די בהון מכתשא וירמון יתהון למברא לקרתא לאתר מסאב:,14,καὶ προστάξει ὁ ἱερεὺς καὶ ἐξελοῦσιν τοὺς λίθους· ἔστιν ἡ ἁφή· καὶ ἐκβαλοῦσιν αὐτοὺς ἔξω τῆς πόλεως εἰς τόπον ἀκάθαρτον.,20,ܢܦܩܘܕ ܟܗܢܐ. ܘܢܫܡܛܘܢ ܐ̈ܢܝܢ ܠܟܐ̈ܦܐ ܕܐܝܬ ܒܗܝܢ ܡܚܘܬܐ ܕܓܪܒܐ. ܘܢܪܡܘܢ ܐ̈ܢܝܢ ܠܒܪ ܡܢ ܩܪܝܬܐ ܒܐܬܪܐ ܛܡܐܐ.,16,"o sacerdote ordenará que arranquem as pedras em que estiver a praga, e que as lancem fora da cidade, num lugar imundo;",22,True,True,True
14,41,Levítico 14:41,וְאֶת־ הַבַּ֛יִת יַקְצִ֥עַ מִבַּ֖יִת סָבִ֑יב וְשָׁפְכ֗וּ אֶת־ הֶֽעָפָר֙ אֲשֶׁ֣ר הִקְצ֔וּ אֶל־ מִח֣וּץ לָעִ֔יר אֶל־ מָק֖וֹם טָמֵֽא ׃,ואת הבית יקצע מבית סביב ושפכו את העפר אשר הקצו אל מחוצ לעיר אל מקומ טמא,17,וית ביתא יקלפון מגיו סחור סחור וירמון ית עפרא די קליפו למברא לקרתא לאתר מסאב:,15,"καὶ ἀποξύσουσιν τὴν οἰκίαν ἔσωθεν κύκλῳ, καὶ ἐκχεοῦσιν τὸν χοῦν ἔξω τῆς πόλεως εἰς τόπον ἀκάθαρτον.",16,ܘܒܝܬܐ ܗ̇ܘ ܢܩܠܦܘܢܗ ܡܢ ܠܓܘ ܟܕ ܚ̇ܕܪ. ܘܢܫܕܘܢ ܥܦܪܐ ܕܩܠܦܘ ܠܒܪ ܡܢ ܩܪܝܬܐ ܒܐܬܪܐ ܛܡܐܐ.,15,"e fará raspar a casa por dentro ao redor, e o pó que houverem raspado deitarão fora da cidade, num lugar imundo;",22,True,True,True
14,42,Levítico 14:42,וְלָקְחוּ֙ אֲבָנִ֣ים אֲחֵר֔וֹת וְהֵבִ֖יאוּ אֶל־ תַּ֣חַת הָאֲבָנִ֑ים וְעָפָ֥ר אַחֵ֛ר יִקַּ֖ח וְטָ֥ח אֶת־ הַבָּֽיִת ׃,ולקחו אבנימ אחרות והביאו אל תחת האבנימ ועפר אחר יקח וטח את הבית,14,ויסבון אבניא אחרנין ויעלון לאתר אבניא ועפר אחרן יסב וישוע ית ביתא:,12,"καὶ λήμψονται λίθους ἀπεξυσμένους στερεοὺς καὶ ἀντιθήσουσιν ἀντὶ τῶν. λίθων, καὶ χοῦν ἕτερον λήμψονται καὶ ἐξαλείψουσιν τὴν οἰκίαν.",18,ܘܢܣܒܘܢ ܟܐ̈ܦܐ ܐܚܪ̈ܢܝܬܐ ܘܢܥܠܘܢ ܚܠܦ ܟܐ̈ܦܐ. ܘܥܦܪܐ ܐܚܪܢܐ ܢܣܒܘܢ ܘܢܛܪܘܢܗ ܠܒܝܬܐ.,11,"depois tomarão outras pedras, e as porão no lugar das primeiras; e outra argamassa se tomará, e se rebocará a casa.",21,True,True,True
14,43,Levítico 14:43,וְאִם־ יָשׁ֤וּב הַנֶּ֨גַע֙ וּפָרַ֣ח בַּבַּ֔יִת אַחַ֖ר חִלֵּ֣ץ אֶת־ הָאֲבָנִ֑ים וְאַחֲרֵ֛י הִקְצ֥וֹת אֶת־ הַבַּ֖יִת וְאַחֲרֵ֥י הִטּֽוֹחַ ׃,ואמ ישוב הנגע ופרח בבית אחר חלצ את האבנימ ואחרי הקצות את הבית ואחרי הטוח,16,ואם יתוב מכתשא ויסגי בביתא בתר דשליפו ית אבניא ובתר דקליפו ית ביתא ובתר דאתשע:,15,"ἐὰν δὲ ἐπέλθῃ πάλιν ἁφὴ καὶ ἀνατείλῃ ἐν τῇ οἰκίᾳ μετὰ τὸ ἐξελεῖν τοὺς λίθους καὶ μετὰ τὸ ἀποξυσθῆναι τὴν οἰκίαν καὶ μετὰ τὸ ἐξαλειφθῆναι,",25,ܘܐܢ ܬܗܠܟ ܡܚܘܬܐ ܘܬܣܓܐ ܒܒܝܬܐ. ܡܢ ܒܬܪ ܕܐܬܢܣܒ ܟܐ̈ܦܐ. ܘܡܢ ܒܬܪ ܕܐܬܩܠܦ ܒܝܬܐ ܘܐܬܛܪܝ.,14,"Se, porém, a praga tornar a brotar na casa, depois de arrancadas as pedras, raspada a casa e de novo rebocada,",21,True,True,True
14,44,Levítico 14:44,וּבָא֙ הַכֹּהֵ֔ן וְרָאָ֕ה וְהִנֵּ֛ה פָּשָׂ֥ה הַנֶּ֖גַע בַּבָּ֑יִת צָרַ֨עַת מַמְאֶ֥רֶת הִ֛וא בַּבַּ֖יִת טָמֵ֥א הֽוּא ׃,ובא הכהנ וראה והנה פשה הנגע בבית צרעת ממארת הוא בבית טמא הוא,14,וייעול כהנא ויחזי והא אוסף מכתשא בביתא סגירות מחסרא היא בביתא מסאב הוא:,13,"καὶ εἰσελεύσεται ὁ ἱερεὺς καὶ ὄψεται· εἰ διακέχυται ἡ ἁφὴ ἐν τῇ οἰκίᾳ, λέπρα ἔμμονός ἐστιν ἐν τῇ οἰκίᾳ, ἀκάθαρτός ἐστιν.",21,ܢܥܘܠ ܟܗܢܐ ܘܢܚܙܐ ܐܢ ܗܠܟܬ ܡܚܘܬܐ ܒܒܝܬܐ. ܓܪܒܐ ܗܘ ܡܪܝܪܐ ܐܝܬ ܒܗ ܒܒܝܬܐ. ܛܡܐܐ ܗܘ.,15,"o sacerdote entrará, e a examinará; se a praga se tiver estendido na casa, lepra roedora há na casa; é imunda.",21,True,True,True
14,45,Levítico 14:45,וְנָתַ֣ץ אֶת־ הַבַּ֗יִת אֶת־ אֲבָנָיו֙ וְאֶת־ עֵצָ֔יו וְאֵ֖ת כָּל־ עֲפַ֣ר הַבָּ֑יִת וְהוֹצִיא֙ אֶל־ מִח֣וּץ לָעִ֔יר אֶל־ מָק֖וֹם טָמֵֽא ׃,ונתצ את הבית את אבניו ואת עציו ואת כל עפר הבית והוציא אל מחוצ לעיר אל מקומ טמא,19,ויתרע ית ביתא ית אבנוהי וית אעוהי וית כל עפר ביתא ויפק למברא לקרתא לאתר מסאב:,16,"καὶ καθελοῦσιν τὴν οἰκίαν, καὶ τὰ ξύλα αὐτῆς καὶ τοὺς λίθους αὐτῆς καὶ πάντα τὸν χοῦν ἐξοίσουσιν ἔξω τῆς πόλεως εἰς τόπον ἀκάθαρτον·",23,ܢܥܩܪܘܢܗ ܠܒܝܬܐ ܠܟܐ̈ܦܘܗܝ ܘܠܩܝ̈ܣܘܗܝ ܘܠܟܠܗ ܥܦܪܗ. ܘܢܦܩܘܢܗ ܠܒܪ ܡܢ ܩܪܝܬܐ ܠܐܬܪܐ ܛܡܐܐ. ܘܢܘܩܕܘܢܗ ܒܢܘܪܐ.,14,"Portanto se derrubará a casa, as suas pedras, e a sua madeira, como também toda a argamassa da casa, e se levará tudo para fora da cidade, a um lugar imundo.",31,True,True,True
14,46,Levítico 14:46,וְהַבָּא֙ אֶל־ הַבַּ֔יִת כָּל־ יְמֵ֖י הִסְגִּ֣יר אֹת֑וֹ יִטְמָ֖א עַד־ הָעָֽרֶב ׃,והבא אל הבית כל ימי הסגיר אתו יטמא עד הערב,11,ודייעול לביתא כל יומין דיסגר יתיה יהי מסאב עד רמשא:,10,"καὶ ὁ εἰσπορευόμενος εἰς τὴν οἰκίαν πάσας τὰς ἡμέρας ἃς ἀφωρισμένη ἐστὶν ἀκάθαρτος ἔσται ἕως ἑσπέρας,",16,ܘܡ̇ܢ ܕܥܐ̇ܠ ܠܓܘܗ ܕܒܝܬܐ ܟܠ ܝܘܡ̈ܬܐ ܕܣܓܝܪ. ܢܗܘܐ ܛܡܐ ܥܕܡܐ ܠܪܡܫܐ.,11,"Aquele que entrar na casa, enquanto estiver fechada, será imundo até a tarde.",13,True,True,True
14,47,Levítico 14:47,וְהַשֹּׁכֵ֣ב בַּבַּ֔יִת יְכַבֵּ֖ס אֶת־ בְּגָדָ֑יו וְהָאֹכֵ֣ל בַּבַּ֔יִת יְכַבֵּ֖ס אֶת־ בְּגָדָֽיו ׃,והשכב בבית יכבס את בגדיו והאכל בבית יכבס את בגדיו,11,ודישכוב בביתא יצבע ית לבושוהי ודייכול בביתא יצבע ית לבושוהי:,10,καὶ ὁ κοιμώμενος ἐν τῇ οἰκίᾳ πλυνεῖ τὰ ἱμάτια αὐτοῦ καὶ ἀκάθαρτος ἔσται ἕως ἑσπέρας· καὶ ὁ ἔσθων ἐν τῇ οἰκίᾳ πλυνεῖ τὰ ἱμάτια αὐτοῦ καὶ ἀκάθαρτος ἔσται ἕως ἑσπέρας.,30,ܘܡ̇ܢ ܕܕܡ̇ܟ ܒܓܘܗ ܕܒܝܬܐ ܢܚܠܠ ܡܐ̈ܢܘܗܝ. ܘܡ̇ܢ ܕܐ̇ܟܠ ܒܓܘܗ ܕܒܝܬܐ ܢܚܠܠ ܡܐ̈ܢܘܗܝ.,12,"Aquele que se deitar na casa lavará, as suas vestes; e quem comer na casa lavara as suas vestes.",19,True,True,True
14,48,Levítico 14:48,וְאִם־ בֹּ֨א יָבֹ֜א הַכֹּהֵ֗ן וְרָאָה֙ וְ֠הִנֵּה לֹא־ פָשָׂ֤ה הַנֶּ֨גַע֙ בַּבַּ֔יִת אַחֲרֵ֖י הִטֹּ֣חַ אֶת־ הַבָּ֑יִת וְטִהַ֤ר הַכֹּהֵן֙ אֶת־ הַבַּ֔יִת כִּ֥י נִרְפָּ֖א הַנָּֽגַע ׃,ואמ בא יבא הכהנ וראה והנה לא פשה הנגע בבית אחרי הטח את הבית וטהר הכהנ את הבית כי נרפא הנגע,22,ואם מעל ייעול כהנא ויחזי והא לא אוסף מכתשא בביתא בתר דאתשע ית ביתא וידכי כהנא ית ביתא ארי אתסי מכתשא:,21,"ἐὰν δὲ παραγενόμενος εἰσέλθῃ ὁ ἱερεὺς καὶ ἴδῃ, καὶ ἰδοὺ οὐ διαχύσει οὐ διαχεῖται ἡ ἁφὴ ἐν τῇ οἰκίᾳ μετὰ τὸ ἐξαλειφθῆναι τὴν οἰκίαν, καὶ καθαριεῖ ὁ ἱερεὺς τὴν οἰκίαν, ὅτι ἰάθη ἡ ἁφή.",34,ܘܐܢ ܢܥܘܠ ܟܗܢܐ ܘܢܚܙܐ. ܕܠܐ ܗܠܟܬ ܡܚܘܬܐ ܒܒܝܬܐ ܡܢ ܒܬܪ ܕܛܪܐܘܗܝ ܠܒܝܬܐ. ܢܕܟܝܘܗܝ ܟܗܢܐ ܠܒܝܬܐ ܗ̇ܘ . ܡܛܠ ܕܐܬܐܣܝܬ ܠܗ̇ ܡܚܘܬܐ.,21,"Mas, tornando o sacerdote a entrar, e examinando a casa, se a praga não se tiver estendido nela, depois de ter sido rebocada, o sacerdote declarará limpa a casa, porque a praga está curada.",34,True,True,True
14,49,Levítico 14:49,וְלָקַ֛ח לְחַטֵּ֥א אֶת־ הַבַּ֖יִת שְׁתֵּ֣י צִפֳּרִ֑ים וְעֵ֣ץ אֶ֔רֶז וּשְׁנִ֥י תוֹלַ֖עַת וְאֵזֹֽב ׃,ולקח לחטא את הבית שתי צפרימ ועצ ארז ושני תולעת ואזב,12,ויסב לדכאה ית ביתא תרתין צפרין ואעא דארזא וצבע זהורי ואזובא:,11,καὶ λήμψεται ἀφαγνίσαι τὴν οἰκίαν δύο ὀρνίθια ζῶντα καθαρὰ καὶ ξύλον κέδρινον καὶ κεκλωσμένον κόκκινον καὶ ὕσσωπον·,17,ܘܢܣܒ ܠܡܕܟܝܘܬܗ ܠܒܝܬܐ. ܬܪ̈ܬܝܢ ܨܦܪ̈ܝܢ ܚ̈ܝܬܐ ܕܟܝ̈ܬܐ. ܘܩܝܣܐ ܕܐܪܙܐ. ܘܙܘܦܐ ܘܨܘܒܥܐ ܕܙܚܘܪܝܬܐ. ܘܢܦܩܘܕ ܟܗܢܐ.,14,"E, para purificar a casa, tomará duas aves, pau de cedro, carmesim e hissopo;",14,True,True,True
14,50,Levítico 14:50,וְשָׁחַ֖ט אֶת־ הַצִּפֹּ֣ר הָאֶחָ֑ת אֶל־ כְּלִי־ חֶ֖רֶשׂ עַל־ מַ֥יִם חַיִּֽים ׃,ושחט את הצפר האחת אל כלי חרש על מימ חיימ,11,ויכוס ית צפרא חדא למאן דחסף על מי מבוע:,9,"καὶ σφάξει τὸ ὀρνίθιον τὸ ἓν εἰς σκεῦος ὀστράκινον ἐφ᾽ ὕδατι ζῶντι,",12,ܘܢܟܣܘܢ ܨܦܪܐ ܚܕܐ ܒܡܐܢܐ ܕܦܚܪܐ. ܥܠ ܡܒܘܥܐ ܕܡ̈ܝܐ.,8,imolará uma das aves num vaso de barro sobre águas vivas;,11,True,True,True
14,51,Levítico 14:51,וְלָקַ֣ח אֶת־ עֵֽץ־ הָ֠אֶרֶז וְאֶת־ הָ֨אֵזֹ֜ב וְאֵ֣ת ׀ שְׁנִ֣י הַתּוֹלַ֗עַת וְאֵת֮ הַצִּפֹּ֣ר הַֽחַיָּה֒ וְטָבַ֣ל אֹתָ֗ם בְּדַם֙ הַצִּפֹּ֣ר הַשְּׁחוּטָ֔ה וּבַמַּ֖יִם הַֽחַיִּ֑ים וְהִזָּ֥ה אֶל־ הַבַּ֖יִת שֶׁ֥בַע פְּעָמִֽים ׃,ולקח את עצ הארז ואת האזב ואת שני התולעת ואת הצפר החיה וטבל אתמ בדמ הצפר השחוטה ובמימ החיימ והזה אל הבית שבע פעמימ,26,ויסב ית אעא דארזא וית אזובא וית צבע זהורי וית צפרא חיתא ויטבול יתהון בדמא דצפרא דנכיסא ובמי מבוע וידי לביתא שבע זמנין:,23,"καὶ λήμψεται τὸ ξύλον τὸ κέδρινον καὶ τὸ κεκλωσμένον κόκκινον καὶ τὸν ὕσσωπον καὶ τὸ ὀρνίθιον τὸ ζῶν, καὶ βάψει αὐτὸ εἰς τὸ αἷμα τοῦ ὀρνιθίου τοῦ ἐσφαγμένου ἐφ᾽ ὕδατι ζῶντι, καὶ περιρανεῖ ἐν αὐτοῖς ἐπὶ τὴν οἰκίαν ἑπτάκις.",39,ܘܢܣܒ ܠܨܦܪܐ ܗ̇ܝ ܚܝܬܐ ܐܚܪܬܐ. ܘܠܩܝܣܐ ܕܐܪܙܐ ܘܙܘܦܐ ܘܨܘܒܥܐ ܕܙܚܘܪܝܬܐ. ܘܢܨܒܘܥ ܐܢܘܢ ܠܗܠܝܢ ܒܕܡܐ ܕܨܦܪܐ ܗ̇ܝ ܕܢܟܝܣܐ ܘܒܡ̈ܝܐ ܚ̈ܝܐ. ܘܢܪܘܣ ܥܠ ܒܝܬܐ ܗ̇ܘ ܫܒܥ ܙܒ̈ܢܝܢ.,25,"tomará o pau de cedro, o hissopo, o carmesim e a ave viva, e os molhará no sangue da ave imolada e nas águas vivas, e espargirá a casa sete vezes;",31,True,True,True
14,52,Levítico 14:52,וְחִטֵּ֣א אֶת־ הַבַּ֔יִת בְּדַם֙ הַצִּפּ֔וֹר וּבַמַּ֖יִם הַֽחַיִּ֑ים וּבַצִּפֹּ֣ר הַחַיָּ֗ה וּבְעֵ֥ץ הָאֶ֛רֶז וּבָאֵזֹ֖ב וּבִשְׁנִ֥י הַתּוֹלָֽעַת ׃,וחטא את הבית בדמ הצפור ובמימ החיימ ובצפר החיה ובעצ הארז ובאזב ובשני התולעת,15,וידכי ית ביתא בדמא דצפרא ובמי מבוע ובצפרא חיתא ובאעא דארזא ובאזובא ובצבע זהורי:,14,καὶ ἀφαγνιεῖ τὴν οἰκίαν ἐν τῷ αἵματι τοῦ ὀρνιθίου τοῦ καὶ ἐν τῷ ὕδατι τῷ ζῶντι καὶ ἐν τῷ ὀρνιθίῳ τῷ ζῶντι καὶ ἐν τῷ ξύλῳ τῷ κεδρίνῳ καὶ ἐν τῷ ὑσσώπῳ καὶ ἐν τῷ κεκλωσμένῳ κοκκίνῳ·,37,ܘܢܕܟܝܘܗܝ ܠܒܝܬܐ ܒܕܡܐ ܕܨܦܪܐ ܘܒܡ̈ܝܐ ܚ̈ܝܐ. ܘܒܨܦܪܐ ܚܝܬܐ ܘܒܩܝܣܐ ܕܐܪܙܐ. ܘܒܙܘܦܐ ܘܒܨܘܒܥܐ ܕܙܚܘܪܝܬܐ.,13,"assim purificará a casa com o sangue da ave, com as águas vivas, com a ave viva, com o pau de cedro, com o hissopo e com o carmesim;",29,True,True,True
14,53,Levítico 14:53,וְשִׁלַּ֞ח אֶת־ הַצִּפֹּ֧ר הַֽחַיָּ֛ה אֶל־ מִח֥וּץ לָעִ֖יר אֶל־ פְּנֵ֣י הַשָּׂדֶ֑ה וְכִפֶּ֥ר עַל־ הַבַּ֖יִת וְטָהֵֽר ׃,ושלח את הצפר החיה אל מחוצ לעיר אל פני השדה וכפר על הבית וטהר,15,וישלח ית צפרא חיתא למברא לקרתא לאפי חקלא ויכפר על ביתא וידכי:,12,"καὶ ἐξαποστελεῖ τὸ ὀρνίθιον τὸ ζῶν ἔξω πόλεως εἰς τὸ πεδίον, καὶ ἐξιλάσεται περὶ τῆς οἰκίας, καὶ καθαρὰ ἔσται.",19,ܘܢܦܪܚܝܗ̇ ܠܨܦܪܐ ܚܝܬܐ ܠܒܪ ܡܢ ܩܪܝܬܐ ܠܐ̈ܦܝ ܚܩܠܐ. ܘܢܚܣܐ ܥܠ ܒܝܬܐ ܘܢܬܕܟܐ.,12,"mas soltará a ave viva para fora da cidade para o campo aberto; assim fará expiação pela casa, e ela será limpa.",22,True,True,True
14,54,Levítico 14:54,זֹ֖את הַתּוֹרָ֑ה לְכָל־ נֶ֥גַע הַצָּרַ֖עַת וְלַנָּֽתֶק ׃,זאת התורה לכל נגע הצרעת ולנתק,7,דא אוריתא לכל מכתש סגירותא ולנתקא:,6,"Οὗτος ὁ νόμος κατὰ πᾶσαν ἁφὴν λέπρας καὶ θραύσματος,",9,ܗܢܐ ܢܡܘܣܐ ܢܗܘܐ ܠܟܠ ܡܚ̈ܘܢ ܕܓܪܒܐ ܘܠܡܚܘܬܐ .,8,Esta é a lei de toda sorte de praga de lepra e de tinha;,14,True,True,True
14,55,Levítico 14:55,וּלְצָרַ֥עַת הַבֶּ֖גֶד וְלַבָּֽיִת ׃,ולצרעת הבגד ולבית,4,ולסגירות לבושא ולביתא:,3,"καὶ τῆς λέπρας ἱματίου καὶ οἰκίας,",6,ܕܓܪܒܐ ܕܡܪܛܘܛܐ ܘܕܒܝܬܐ.,3,da lepra das vestes e das casas;,7,True,True,True
14,56,Levítico 14:56,וְלַשְׂאֵ֥ת וְלַסַּפַּ֖חַת וְלַבֶּהָֽרֶת ׃,ולשאת ולספחת ולבהרת,4,ולעמקא ולעדיא ולבהרא:,3,"καὶ οὐλῆς καὶ σημασίας καὶ τοῦ αὐγάζοντος,",7,ܘܠܫܘܡܬܐ ܘܠܩܠܦܝܬܐ ܘܠܒܗܩܝܬܐ.,3,"da inchação, das pústulas e das manchas lustrosas;",8,True,True,True
14,57,Levítico 14:57,לְהוֹרֹ֕ת בְּי֥וֹם הַטָּמֵ֖א וּבְי֣וֹם הַטָּהֹ֑ר זֹ֥את תּוֹרַ֖ת הַצָּרָֽעַת ׃ ס,להורת ביומ הטמא וביומ הטהר זאת תורת הצרעת ס,10,לאלפא ביומא מסאבא וביומא דכיא דא אוריתא דסגירותא:,8,καὶ τοῦ ἐξηγήσασθαι ᾗ ἡμέρᾳ ἀκάθαρτον καὶ ᾗ ἡμέρᾳ καθαρισθήσεται· οὗτος ὁ νόμος τῆς λέπρας.,15,ܘܠܡܦܪܫ ܒܝܬ ܛܡܐܐ ܠܕܟܝܐ. ܗܢܐ ܢܡܘܣܐ ܕܓܪܒܐ.,7,"para ensinar quando alguma coisa será imunda, e quando será limpa. Esta é a lei da lepra.",17,True,True,True
15,1,Levítico 15:1,וַיְדַבֵּ֣ר יְהוָ֔ה אֶל־ מֹשֶׁ֥ה וְאֶֽל־ אַהֲרֹ֖ן לֵאמֹֽר ׃,וידבר יהוה אל משה ואל אהרנ לאמר,8,ומליל יי עם משה ועם אהרן למימר:,7,Καὶ ἐλάλησεν Κύριος πρὸς Μωυσῆν λέγων καὶ Ἀαρών,8,ܘܡܠܠ ܡܪܝܐ ܥܡ ܡܘܫܐ ܘܥܡ ܐܗܪܘܢ ܘܐܡܪ ܠܗܘܢ.,8,Disse ainda o Senhor a Moisés e a Arão:,9,True,True,True
15,2,Levítico 15:2,דַּבְּרוּ֙ אֶל־ בְּנֵ֣י יִשְׂרָאֵ֔ל וַאֲמַרְתֶּ֖ם אֲלֵהֶ֑ם אִ֣ישׁ אִ֗ישׁ כִּ֤י יִהְיֶה֙ זָ֣ב מִבְּשָׂר֔וֹ זוֹב֖וֹ טָמֵ֥א הֽוּא ׃,דברו אל בני ישראל ואמרתמ אלהמ איש איש כי יהיה זב מבשרו זובו טמא הוא,16,מלילו עם בני ישראל ותימרון להון גבר גבר ארי יהי דאיב מבשריה דוביה מסאב הוא:,15,"Λάλησον τοῖς υἱοῖς Ἰσραὴλ καὶ ἐρεῖς αὐτοῖς Ἀνδρὶ ἀνδρὶ ᾧ ἐὰν γένηται ῥύσις ἐκ τοῦ σώματος αὐτοῦ, ἡ ῥύσις αὐτοῦ ἀκάθαρτός ἐστιν.",22,ܡܠܠܘ ܥܡ ܒܢ̈ܝ ܐܝܣܪܐܝܠ ܘܐܡܪܘ ܠܗܘܢ. ܓܒܪ ܓܒܪ ܟܕ ܢܗܘܐ ܕܐ̇ܒ ܡܢ ܒܣܪܗ. ܕܘܒܗ ܛܡܐ ܗܘ.,16,"Falai aos filhos de Israel, e dizei-lhes: Qualquer homem que tiver fluxo da sua carne, por causa do seu fluxo será imundo.",22,True,True,True
15,3,Levítico 15:3,וְזֹ֛את תִּהְיֶ֥ה טֻמְאָת֖וֹ בְּזוֹב֑וֹ רָ֣ר בְּשָׂר֞וֹ אֶת־ זוֹב֗וֹ אֽוֹ־ הֶחְתִּ֤ים בְּשָׂרוֹ֙ מִזּוֹב֔וֹ טֻמְאָת֖וֹ הִֽוא ׃,וזאת תהיה טמאתו בזובו רר בשרו את זובו או החתימ בשרו מזובו טמאתו הוא,15,ודא תהי סובתיה בדוביה רר בשריה ית דוביה או חתים בשריה מדוביה סובתיה היא:,14,"καὶ οὗτος ὁ νόμος τῆς ἀκαθαρσίας αὐτοῦ· ῥέων γόνον ἐκ σώματος αὐτοῦ ἐκ τῆς ῥύσεως ἧς συνέστηκεν τὸ σῶμα αὐτοῦ διὰ τῆς ῥύσεως, αὕτη ἡ ἀκαθαρσία αὐτοῦ ἐν αὐτῷ· πᾶσαι αἱ ἡμέραι ῥύσεως σώματος αὐτοῦ ᾗ συνέστηκεν τὸ σῶμα αὐτοῦ διὰ τῆς ῥύσεως ἀκαθαρσία αὐτοῦ ἐστίν.",46,ܘܗܕܐ ܬܗܘܐ ܛܡܐܘܬܐ ܕܕܘܒܗ. ܪܕܐ ܒܣܪܗ ܥܡ ܕܘܒܗ. ܐܘ ܚܬܝܡ ܒܣܪܗ ܡܢ ܕܘܒܗ. ܛܡܐܘܬܗ ܗܝ.,15,"Esta, pois, será a sua imundícia por causa do seu fluxo: se a sua carne vasa o seu fluxo, ou se a sua carne estanca o seu fluxo, esta é a sua imundícia.",33,True,True,True
15,4,Levítico 15:4,כָּל־ הַמִּשְׁכָּ֗ב אֲשֶׁ֨ר יִשְׁכַּ֥ב עָלָ֛יו הַזָּ֖ב יִטְמָ֑א וְכָֽל־ הַכְּלִ֛י אֲשֶׁר־ יֵשֵׁ֥ב עָלָ֖יו יִטְמָֽא ׃,כל המשכב אשר ישכב עליו הזב יטמא וכל הכלי אשר ישב עליו יטמא,14,כל משכבא די ישכוב עלוהי דובנא יהי מסאב וכל מנא דייתב עלוהי יהי מסאב:,14,"πᾶσα κοίτη ἐφ᾽ ᾗ ἐὰν κοιμηθῇ ἐπ᾽ αὐτῆς ὁ γονορρυὴς ἀκάθαρτός ἐστιν, καὶ πᾶν σκεῦος ἐφ᾽ ὃ ἐὰν καθίσῃ ἐπ᾽ αὐτὸ ὁ γονορρυὴς ἀκάθαρτον ἔσται.",25,ܘܟܠ ܡܫܟܒܐ ܕܕܡ̇ܟ ܥܠܘܗܝ ܕܝ̇ܒܐ ܢܗܘܐ ܛܡܐ. ܘܟܠ ܡܐܢܐ ܕܝ̇ܬܒ ܥܠܘܗܝ ܢܗܘܐ ܛܡܐ.,13,"Toda cama em que se deitar aquele que tiver fluxo será imunda; e toda coisa sobre o que se sentar, será imunda.",22,True,True,True
15,5,Levítico 15:5,וְאִ֕ישׁ אֲשֶׁ֥ר יִגַּ֖ע בְּמִשְׁכָּב֑וֹ יְכַבֵּ֧ס בְּגָדָ֛יו וְרָחַ֥ץ בַּמַּ֖יִם וְטָמֵ֥א עַד־ הָעָֽרֶב ׃,ואיש אשר יגע במשכבו יכבס בגדיו ורחצ במימ וטמא עד הערב,12,וגבר די יקרב במשכביה יצבע לבושוהי ויסחי במיא ויהי מסאב עד רמשא:,12,"καὶ ἄνθρωπος ὃς ἄν ἅψηται τῆς κοίτης αὐτοῦ πλυνεῖ τὰ ἱμάτια αὐτοῦ καὶ λούσεται ὕδατι, καὶ ἀκάθαρτος ἔσται ἕως ἑσπέρας·",20,ܘܓܒܪܐ ܕܢܩܪܘܒ ܠܡܫܟܒܗ. ܢܚܠܠ ܡܐ̈ܢܘܗܝ ܘܢܣܚܐ ܒܡ̈ܝܐ. ܘܢܗܘܐ ܛܡܐ ܥܕܡܐ ܠܪܡܫܐ.,11,"E, qualquer que tocar na cama dele lavará as suas vestes, e se banhará em água, e será imundo até a tarde.",22,True,True,True
15,6,Levítico 15:6,וְהַיֹּשֵׁב֙ עַֽל־ הַכְּלִ֔י אֲשֶׁר־ יֵשֵׁ֥ב עָלָ֖יו הַזָּ֑ב יְכַבֵּ֧ס בְּגָדָ֛יו וְרָחַ֥ץ בַּמַּ֖יִם וְטָמֵ֥א עַד־ הָעָֽרֶב ׃,והישב על הכלי אשר ישב עליו הזב יכבס בגדיו ורחצ במימ וטמא עד הערב,15,ודייתב על מנא דייתב עלוהי דובנא יצבע לבושוהי ויסחי במיא ויהי מסאב עד רמשא:,14,"καὶ ὁ καθήμενος ἐπὶ τοῦ σκεύους ἐφ᾽ ὃ ἐὰν καθίσῃ ὁ γονορρυὴς πλυνεῖ τὰ ἱμάτια αὐτοῦ καὶ λούσεται ὕδατι, καὶ ἀκάθαρτος ἔσται ἕως ἑσπέρας.",24,ܘܡ̇ܢ ܕܝ̇ܬܒ ܥܠ ܡܐܢܐ ܕܝ̇ܬܒ ܥܠܘܗܝ ܕܝ̇ܒܐ. ܢܚܠܠ ܡܐ̈ܢܘܗܝ ܘܢܣܚܐ ܒܡ̈ܝܐ ܘܢܗܘܐ ܛܡܐ ܥܕܡܐ ܠܪܡܫܐ.,15,"E aquele que se sentar sobre aquilo em que se sentou o que tem o fluxo, lavará as suas vestes, e se banhará em água; e será imundo até a tarde,",31,True,True,True
15,7,Levítico 15:7,וְהַנֹּגֵ֖עַ בִּבְשַׂ֣ר הַזָּ֑ב יְכַבֵּ֧ס בְּגָדָ֛יו וְרָחַ֥ץ בַּמַּ֖יִם וְטָמֵ֥א עַד־ הָעָֽרֶב ׃,והנגע בבשר הזב יכבס בגדיו ורחצ במימ וטמא עד הערב,11,ודיקרב בבסר דובנא יצבע לבושוהי ויסחי במיא ויהי מסאב עד רמשא:,11,"καὶ ὁ ἁπτόμενος χρωτὸς τοῦ γονορρυοῦς πλυνεῖ τὰ ἱμάτια καὶ λούσεται ὕδατι, καὶ ἀκάθαρτος ἔσται ἕως ἑσπέρας·",17,ܘܡ̇ܢ ܕܢܩܪܘܒ ܠܒܣܪܗ ܕܕܝ̇ܒܐ. ܢܚܠܠ ܡܐ̈ܢܘܗܝ ܘܢܣܚܐ ܒܡ̈ܝܐ. ܘܢܗܘܐ ܛܡܐ ܥܕܡܐ ܠܪܡܫܐ.,12,"Também aquele que tocar na carne do que tem o fluxo, lavará as suas vestes, e se banhará em água, e será imundo até a tarde.",26,True,True,True
15,8,Levítico 15:8,וְכִֽי־ יָרֹ֛ק הַזָּ֖ב בַּטָּה֑וֹר וְכִבֶּ֧ס בְּגָדָ֛יו וְרָחַ֥ץ בַּמַּ֖יִם וְטָמֵ֥א עַד־ הָעָֽרֶב ׃,וכי ירק הזב בטהור וכבס בגדיו ורחצ במימ וטמא עד הערב,12,וארי ירוק דובנא בדכיא ויצבע לבושוהי ויסחי במיא ויהי מסאב עד רמשא:,12,"ἐὰν δὲ προσσιελίσῃ ὁ γονορρυὴς ἐπὶ τὸν καθαρὸν, πλυνεῖ τὰ ἱμάτια καὶ λούσεται ὕδατι, καὶ ἀκάθαρτος ἔσται ἕως ἑσπέρας·",19,ܘܐܢ ܢܪܘܩ ܗ̇ܘ ܡ̇ܢ ܕܕܐ̇ܒ ܥܠ ܡ̇ܢ ܕܕܟܐ. ܢܚܠܠ ܡܐ̈ܢܘܗܝ ܘܢܣܚܐ ܒܡ̈ܝܐ. ܘܢܗܘܐ ܛܡܐ ܥܕܡܐ ܠܪܡܫܐ.,16,"Quando o que tem o fluxo cuspir sobre um limpo, então lavará este as suas vestes, e se banhará em água, e será imundo até a tarde.",27,True,True,True
15,9,Levítico 15:9,וְכָל־ הַמֶּרְכָּ֗ב אֲשֶׁ֨ר יִרְכַּ֥ב עָלָ֛יו הַזָּ֖ב יִטְמָֽא ׃,וכל המרכב אשר ירכב עליו הזב יטמא,8,וכל מרכבא די ירכוב עלוהי דובנא יהי מסאב:,8,"καὶ πᾶν ἐπίσαγμα ὄνου ἐφ᾽ ὃ ἂν ἐπιβῇ ἐπ᾽ αὐτὸ ὁ γονορρυής, ἀκάθαρτον ἔσται ἕως ἑσπέρας.",16,ܘܟܠ ܡܕܡ ܕܪܟ̇ܒ ܥܠܘܗܝ ܗ̇ܘ ܡ̇ܢ ܕܕܐ̇ܒ ܢܗܘܐ ܛܡܐ.,9,"Também toda sela, em que cavalgar o que tem o fluxo, será imunda.",13,True,True,True
15,10,Levítico 15:10,וְכָל־ הַנֹּגֵ֗עַ בְּכֹל֙ אֲשֶׁ֣ר יִהְיֶ֣ה תַחְתָּ֔יו יִטְמָ֖א עַד־ הָעָ֑רֶב וְהַנּוֹשֵׂ֣א אוֹתָ֔ם יְכַבֵּ֧ס בְּגָדָ֛יו וְרָחַ֥ץ בַּמַּ֖יִם וְטָמֵ֥א עַד־ הָעָֽרֶב ׃,וכל הנגע בכל אשר יהיה תחתיו יטמא עד הערב והנושא אותמ יכבס בגדיו ורחצ במימ וטמא עד הערב,19,וכל דיקרב בכל די יהי תחותוהי יהי מסאב עד רמשא ודיטול יתהון יצבע לבושוהי ויסחי במיא ויהי מסאב עד רמשא:,20,"καὶ πᾶς ὁ ἁπτόμενος ὅσα ἐὰν ᾖ ὑποκάτω αὐτοῦ ἀκάθαρτος ἔσται ἕως ἑσπέρας· καὶ ὁ αἴρων αὐτὰ πλυνεῖ τὰ ἱμάτια αὐτοῦ καὶ λούσεται ὕδατι, καὶ ἀκάθαρτος ἔσται ἕως ἑσπέρας.",29,ܘܟܠ ܕܢܩܪܘܒ ܠܟܠܡܕܡ ܕܐܝܬ ܬܚܘܬܘܗܝ. ܢܗܘܐ ܛܡܐ ܥܕܡܐ ܠܪܡܫܐ. ܘܡ̇ܢ ܕܢܫܩܘܠ ܐܢܘܢ ܢܚܠܠ ܡܐ̈ܢܘܗܝ ܘܢܣܚܐ ܒܡ̈ܝܐ. ܘܢܗܘܐ ܛܡܐ ܥܕܡܐ ܠܪܡܫܐ.,20,"E qualquer que tocar em alguma coisa que tiver estado debaixo dele será imundo até a tarde; e aquele que levar alguma dessas coisas, lavará as suas vestes, e se banhará em água, e será imundo até a tarde.",39,True,True,True
15,11,Levítico 15:11,וְכֹ֨ל אֲשֶׁ֤ר יִגַּע־ בּוֹ֙ הַזָּ֔ב וְיָדָ֖יו לֹא־ שָׁטַ֣ף בַּמָּ֑יִם וְכִבֶּ֧ס בְּגָדָ֛יו וְרָחַ֥ץ בַּמַּ֖יִם וְטָמֵ֥א עַד־ הָעָֽרֶב ׃,וכל אשר יגע בו הזב וידיו לא שטפ במימ וכבס בגדיו ורחצ במימ וטמא עד הערב,17,וכל די יקרב ביה דובנא וידוהי לא שטף במיא ויצבע לבושוהי ויסחי במיא ויהי מסאב עד רמשא:,17,"καὶ ὅσων ἐὰν ἅψηται ὁ γονορρυὴς καὶ τὰς χεῖρας οὐ νένιπται, πλυνεῖ τὰ ἱμάτια καὶ λούσεται τὸ σῶμα ὕδατι, καὶ ἀκάθαρτος ἔσται ἕως ἑσπέρας.",24,ܘܟܠ ܕܢܩܪܘܒ ܠܗ̇ܘ ܐܝܢܐ ܕܕܐ̇ܒ. ܡܐ ܕܠܐ ܐܫܝܓ ܐ̈ܝܕܘܗܝ ܒܡ̈ܝܐ. ܢܚܠܠ ܡܐ̈ܢܘܗܝ ܘܢܣܚܐ ܒܡ̈ܝܐ ܘܢܗܘܐ ܛܡܐ ܥܕܡܐ ܠܪܡܫܐ.,18,"Também todo aquele em quem tocar o que tiver o fluxo, sem haver antes lavado as mãos em água, lavará as suas vestes, e se banhará em água, e será imundo até a tarde.",34,True,True,True
15,12,Levítico 15:12,וּכְלִי־ חֶ֛רֶשׂ אֲשֶׁר־ יִגַּע־ בּ֥וֹ הַזָּ֖ב יִשָּׁבֵ֑ר וְכָל־ כְּלִי־ עֵ֔ץ יִשָּׁטֵ֖ף בַּמָּֽיִם ׃,וכלי חרש אשר יגע בו הזב ישבר וכל כלי עצ ישטפ במימ,13,ומאן דחסף די יקרב ביה דובנא יתבר וכל מאן דאע ישתטף במיא:,12,"καὶ σκεῦος ὀστράκινον οὗ ἂν ἅψηται ὁ γονορρυὴς συντριβήσεται· καὶ σκεῦος ξύλινον νιφήσεται ὕδατι, καὶ καθαρὸν ἔσται.",17,ܘܡܐܢܐ ܕܦܚܪܐ ܕܩ̇ܪܒ ܠܗ ܐܝܢܐ ܕܕܐ̇ܒ ܢܬܬܒܪ. ܘܟܠ ܡܐܢܐ ܕܩܝܣܐ ܐܘ ܕܢܚܫܐ ܢܬܬܫܝܓ ܒܡ̈ܝܐ.,14,Todo vaso de barro em que tocar o que tiver o fluxo será quebrado; porém todo vaso de madeira será lavado em água.,23,True,True,True
15,13,Levítico 15:13,וְכִֽי־ יִטְהַ֤ר הַזָּב֙ מִזּוֹב֔וֹ וְסָ֨פַר ל֜וֹ שִׁבְעַ֥ת יָמִ֛ים לְטָהֳרָת֖וֹ וְכִבֶּ֣ס בְּגָדָ֑יו וְרָחַ֧ץ בְּשָׂר֛וֹ בְּמַ֥יִם חַיִּ֖ים וְטָהֵֽר ׃,וכי יטהר הזב מזובו וספר לו שבעת ימימ לטהרתו וכבס בגדיו ורחצ בשרו במימ חיימ וטהר,17,וארי ידכי דובנא מדוביה וימני ליה שבעת יומין לדכותיה ויצבע לבושוהי ויסחי בשריה במי מבוע וידכי:,16,"ἐὰν δὲ καθαρισθῇ ὁ γονορρυὴς ἐκ τῆς ῥύσεως αὐτοῦ, καὶ ἐξαριθμήσεται αὐτῷ ἑπτὰ ἡμέρας εἰς τὸν καθαρισμόν, καὶ πλυνεῖ τὰ ἱμάτια αὐτοῦ καὶ λούσεται τὸ σῶμα ὕδατι, καὶ καθαρὸς ἔσται.",30,ܘܐܢ ܢܬܕܟܐ ܐܝܢܐ ܕܕܐ̇ܒ ܡܢ ܕܘܒܗ. ܢܡܢܐ ܠܗ ܫܒܥܐ ܝܘܡ̈ܝܢ ܘܢܬܕܟܐ. ܘܢܚܠܠ ܡܐ̈ܢܘܗܝ ܘܢܣܚܐ ܒܣܪܗ ܒܡ̈ܝܐ ܚ̈ܝܐ ܘܢܬܕܟܐ.,18,"Quando, pois, o que tiver o fluxo e ficar limpo do seu fluxo, contará para si sete dias para a sua purificação, lavará as suas vestes, banhará o seu corpo em águas vivas, e será limpo.",36,True,True,True
15,14,Levítico 15:14,וּבַיּ֣וֹם הַשְּׁמִינִ֗י יִֽקַּֽח־ לוֹ֙ שְׁתֵּ֣י תֹרִ֔ים א֥וֹ שְׁנֵ֖י בְּנֵ֣י יוֹנָ֑ה וּבָ֣א ׀ לִפְנֵ֣י יְהוָ֗ה אֶל־ פֶּ֨תַח֙ אֹ֣הֶל מוֹעֵ֔ד וּנְתָנָ֖ם אֶל־ הַכֹּהֵֽן ׃,וביומ השמיני יקח לו שתי תרימ או שני בני יונה ובא לפני יהוה אל פתח אהל מועד ונתנמ אל הכהנ,22,וביומא תמינאה יסב ליה תרתין שפנינין או תרין בני יונה וייתי לקדם יי לתרע משכן זמנא ויתננון לכהנא:,18,"καὶ τῇ ἡμέρᾳ τῇ ὀγδόῃ λήμψεται ἑαυτῷ δύο τρυγόνας ἢ δύο νοσσοὺς περιστερῶν καὶ οἴσει αὐτὰ ἔναντι Κυρίου ἐπὶ τὰς θύρας τῆς σκηνῆς τοῦ μαρτυρίου, καὶ δώσει αὐτὰ τῷ ἱερεῖ·",30,ܘܠܝܘܡܐ ܕܬܡܢܝܐ. ܢܣܒ ܠܗ ܬܪ̈ܝܢ ܫܘ̈ܦܢܝܢܝܢ. ܐܘ ܬܪ̈ܝܢ ܒܢ̈ܝ ܝܘܢܐ. ܘܢܝܬܐ ܐܢܘܢ ܩܕܡ ܡܪܝܐ ܠܬܪܥܐ ܕܡܫܟܢܙܒܢܐ. ܘܢܬܠ ܐܢܘܢ ܠܟܗܢܐ.,19,"Ao oitavo dia tomará para si duas rolas, ou dois pombinhos, e virá perante o Senhor, à porta da tenda da revelação, e os dará ao sacerdote,",27,True,True,True
15,15,Levítico 15:15,וְעָשָׂ֤ה אֹתָם֙ הַכֹּהֵ֔ן אֶחָ֣ד חַטָּ֔את וְהָאֶחָ֖ד עֹלָ֑ה וְכִפֶּ֨ר עָלָ֧יו הַכֹּהֵ֛ן לִפְנֵ֥י יְהוָ֖ה מִזּוֹבֽוֹ ׃ ס,ועשה אתמ הכהנ אחד חטאת והאחד עלה וכפר עליו הכהנ לפני יהוה מזובו ס,15,ויעבד יתהון כהנא חד חטאתא וחד עלתא ויכפר עלוהי כהנא קדם יי מדוביה:,13,"καὶ ποιήσει αὐτὰ ὁ ἱερεὺς μίαν περὶ ἁμαρτίας καὶ μίαν εἰς ὁλοκαύτωμα, καὶ ἐξιλάσεται περὶ αὐτοῦ ὁ ἱερεὺς ἔναντι Κυρίου ἀπὸ τῆς ῥύσεως αὐτοῦ.",24,ܘܢܥܒܕ ܐܢܘܢ ܟܗܢܐ ܚܕ ܠܚܛܗܐ ܘܚܕ ܠܕܒܚܐ ܫܠܡܐ. ܘܢܚܣܐ ܥܠܘܗܝ ܟܗܢܐ ܡܢ ܕܘܒܗ ܩܕܡ ܡܪܝܐ.,15,"o qual os oferecerá, um para oferta pelo pecado, e o outro para holocausto; e assim o sacerdote fará por ele expiação perante o Senhor, por causa do seu fluxo.",30,True,True,True
15,16,Levítico 15:16,וְאִ֕ישׁ כִּֽי־ תֵצֵ֥א מִמֶּ֖נּוּ שִׁכְבַת־ זָ֑רַע וְרָחַ֥ץ בַּמַּ֛יִם אֶת־ כָּל־ בְּשָׂר֖וֹ וְטָמֵ֥א עַד־ הָעָֽרֶב ׃,ואיש כי תצא ממנו שכבת זרע ורחצ במימ את כל בשרו וטמא עד הערב,15,וגבר ארי תפוק מניה שכבת זרעא ויסחי במיא ית כל בשריה ויהי מסאב עד רמשא:,15,"Καὶ ἄνθρωπος ᾧ ἐὰν ἐξέλθῃ ἐξ αὐτοῦ κοίτη σπέρματος, καὶ λούσεται ὕδατι πᾶν τὸ σῶμα αὐτοῦ καὶ ἀκάθαρτος ἔσται ἕως ἑσπέρας·",21,ܘܓܒܪܐ ܐܢ ܢܦܘܩ ܡܢܗ ܙܪܥܐ ܕܡܕܡܟܐ. ܢܣܚܐ ܒܡ̈ܝܐ ܟܠܗ ܒܣܪܗ. ܘܢܗܘܐ ܛܡܐ ܥܕܡܐ ܠܪܡܫܐ.,14,"Também se sair de um homem o seu sêmen banhará o seu corpo todo em água, e será imundo até a tarde.",22,True,True,True
15,17,Levítico 15:17,וְכָל־ בֶּ֣גֶד וְכָל־ ע֔וֹר אֲשֶׁר־ יִהְיֶ֥ה עָלָ֖יו שִׁכְבַת־ זָ֑רַע וְכֻבַּ֥ס בַּמַּ֖יִם וְטָמֵ֥א עַד־ הָעָֽרֶב ׃ פ,וכל בגד וכל עור אשר יהיה עליו שכבת זרע וכבס במימ וטמא עד הערב פ,16,וכל לבוש וכל משך די יהי עלוהי שכבת זרעא ויצטבע במיא ויהי מסאב עד רמשא:,15,"καὶ πᾶν ἱμάτιον καὶ πᾶν δέρμα ἐφ᾽ ὃ ἐὰν ᾖ ἐπ᾽ αὐτὸ κοίτη σπέρματος, καὶ πλυθήσεται ὕδατι καὶ ἀκάθαρτον ἔσται ἕως ἑσπέρας.",22,ܘܟܠ ܡܪܛܘܛܐ ܐܘ ܡܫܟܒܐ ܕܢܦܠ ܥܠܘܗܝ ܙܪܥܐ ܕܡܕܡܟܐ. ܢܬܚܠܠ ܒܡ̈ܝܐ. ܘܢܗܘܐ ܛܡܐ ܥܕܡܐ ܠܪܡܫܐ.,14,"E toda vestidura, e toda pele sobre que houver sêmen serão lavadas em água, e serão imundas até a tarde.",20,True,True,True
15,18,Levítico 15:18,וְאִשָּׁ֕ה אֲשֶׁ֨ר יִשְׁכַּ֥ב אִ֛ישׁ אֹתָ֖הּ שִׁכְבַת־ זָ֑רַע וְרָחֲצ֣וּ בַמַּ֔יִם וְטָמְא֖וּ עַד־ הָעָֽרֶב ׃,ואשה אשר ישכב איש אתה שכבת זרע ורחצו במימ וטמאו עד הערב,13,ואתתא די ישכוב גבר יתה שכבת זרעא ויסחון במיא ויסאבון עד רמשא:,12,"καὶ γυνή, ἐὰν κοιμηθῇ ἀνὴρ μετ᾽ αὐτῆς κοίτην σπέρματος, καὶ λούσονται ὕδατι καὶ ἀκάθαρτοι ἔσονται ἕως ἑσπέρας.",17,ܘܐܢܬܬܐ ܕܢܕܡܟ ܠܘܬܗ̇ ܓܒܪܐ ܡܕܡܟܐ ܕܙܪܥܐ. ܢܣܚܘܢ ܒܡ̈ܝܐ ܘܢܗܘܘܢ ܛܡܐܝܢ ܥܕܡܐ ܠܪܡܫܐ.,12,"Igualmente quanto à mulher com quem o homem se deitar com sêmen ambos se banharão em água, e serão imundos até a tarde.",23,True,True,True
15,19,Levítico 15:19,וְאִשָּׁה֙ כִּֽי־ תִהְיֶ֣ה זָבָ֔ה דָּ֛ם יִהְיֶ֥ה זֹבָ֖הּ בִּבְשָׂרָ֑הּ שִׁבְעַ֤ת יָמִים֙ תִּהְיֶ֣ה בְנִדָּתָ֔הּ וְכָל־ הַנֹּגֵ֥עַ בָּ֖הּ יִטְמָ֥א עַד־ הָעָֽרֶב ׃,ואשה כי תהיה זבה דמ יהיה זבה בבשרה שבעת ימימ תהיה בנדתה וכל הנגע בה יטמא עד הערב,19,ואתתא ארי תהי דיבא דם יהי דובה בבשרה שבעא יומין תהי בריחוקה וכל דיקרב בה יהי מסאב עד רמשא:,19,"Καὶ γυνὴ ἥτις ἐὰν ᾖ ῥέουσα αἵματι, ἔσται ἡ ῥύσις αὐτῆς ἐν τῷ σώματι αὐτῆς, ἑπτά ἡμέρας ἔσται ἐν τῇ ἀφέδρῳ αὐτῆς· πᾶς ὁ ἁπτόμενος αὐτῆς ἀκάθαρτος ἔσται ἕως ἑσπέρας,",30,ܘܐܢܬܬܐ ܟܕ ܬܗܘܐ ܕܝ̇ܒܐ ܡܢ ܕܡܗ̇. ܢܗܘܐ ܕܘܒܗ̇ ܒܒܣܪܗ̇. ܘܫܒܥܐ ܝܘܡ̈ܝܢ ܬܬܒ ܒܟܦܣܗ̇. ܘܟܠ ܕܢܩܪܘܒ ܠܗ̇. ܢܗܘܐ ܛܡܐ ܥܕܡܐ ܠܪܡܫܐ.,20,"Mas a mulher, quando tiver fluxo, e o fluxo na sua carne for sangue, ficará na sua impureza por sete dias, e qualquer que nela tocar será imundo até a tarde.",31,True,True,True
15,20,Levítico 15:20,וְכֹל֩ אֲשֶׁ֨ר תִּשְׁכַּ֥ב עָלָ֛יו בְּנִדָּתָ֖הּ יִטְמָ֑א וְכֹ֛ל אֲשֶׁר־ תֵּשֵׁ֥ב עָלָ֖יו יִטְמָֽא ׃,וכל אשר תשכב עליו בנדתה יטמא וכל אשר תשב עליו יטמא,12,וכל די תשכוב עלוהי ברחוקה יהי מסאב וכל די תיתב עלוהי יהי מסאב:,13,"καὶ πᾶν ἐφ᾽ ὃ ἂν κοιτάζηται ἐπ᾽ αὐτὸ ἐν τῇ ἀφέδρῳ αὐτῆς ἀκάθαρτον ἔσται, καὶ πᾶν ἐφ᾽ ὃ ἂν ἐπικαθίσῃ ἐπ᾽ αὐτὸ ἀκάθαρτον ἔσται.",24,ܘܟܠܡܕܡ ܕܬܕܡܟ ܥܠܘܗܝ ܒܟܦܣܗ̇. ܢܗܘܐ ܛܡܐ. ܘܟܠ ܡܕܡ ܕܬܬܒ ܥܠܘܗܝ ܢܗܘܐ ܛܡܐ.,12,"E tudo aquilo sobre o que ela se deitar durante a sua impureza, será imundo; e tudo sobre o que se sentar, será imundo.",24,True,True,True
15,21,Levítico 15:21,וְכָל־ הַנֹּגֵ֖עַ בְּמִשְׁכָּבָ֑הּ יְכַבֵּ֧ס בְּגָדָ֛יו וְרָחַ֥ץ בַּמַּ֖יִם וְטָמֵ֥א עַד־ הָעָֽרֶב ׃,וכל הנגע במשכבה יכבס בגדיו ורחצ במימ וטמא עד הערב,11,וכל דיקרב במשכבה יצבע לבושוהי ויסחי במיא ויהי מסאב עד רמשא:,11,"καὶ πᾶς ὃς ἐὰν ἅψηται τῆς κοίτης αὐτῆς πλυνεῖ τὰ ἱμάτια αὐτοῦ καὶ λούσεται τὸ σῶμα αὐτοῦ ὕδατι, καὶ ἀκάθαρτος ἔσται ἕως ἑσπέρας.",23,ܘܟܠ ܕܢܩܪܘܒ ܠܥܪܣܗ̇. ܢܚܠܠ ܡܐ̈ܢܘܗܝ ܘܢܣܚܐ ܒܡ̈ܝܐ ܘܢܗܘܐ ܛܡܐ ܥܕܡܐ ܠܪܡܫܐ.,11,"Também qualquer que tocar na sua cama, lavará as suas vestes, e se banhará em água, e será imundo até a tarde.",22,True,True,True
15,22,Levítico 15:22,וְכָל־ הַנֹּגֵ֔עַ בְּכָל־ כְּלִ֖י אֲשֶׁר־ תֵּשֵׁ֣ב עָלָ֑יו יְכַבֵּ֧ס בְּגָדָ֛יו וְרָחַ֥ץ בַּמַּ֖יִם וְטָמֵ֥א עַד־ הָעָֽרֶב ׃,וכל הנגע בכל כלי אשר תשב עליו יכבס בגדיו ורחצ במימ וטמא עד הערב,15,וכל דיקרב בכל מנא די תיתב עלוהי יצבע לבושוהי ויסחי במיא ויהי מסאב עד רמשא:,15,"καὶ πᾶς ὁ ἁπτόμενος παντὸς σκεύους οὗ ἐὰν καθίσῃ ἐπ᾽ αὐτὸ πλυνεῖ τὰ ἱμάτια αὐτοῦ καὶ λούσεται ὕδατι, καὶ ἀκάθαρτος ἔσται ἕως ἑσπέρας.",23,ܘܟܠ ܕܢܩܪܘܒ ܠܟܠ ܡܐܢ ܕܬܬܒ ܥܠܘܗܝ. ܢܚܠܠ ܡܐ̈ܢܘܗܝ ܘܢܣܚܐ ܒܡ̈ܝܐ. ܘܢܗܘܐ ܛܡܐ ܥܕܡܐ ܠܪܡܫܐ.,14,"E quem tocar em alguma coisa, sobre o que ela se tiver sentado, lavará as suas vestes, e se banhará em água, e será imundo até a tarde.",28,True,True,True
15,23,Levítico 15:23,וְאִ֨ם עַֽל־ הַמִּשְׁכָּ֜ב ה֗וּא א֧וֹ עַֽל־ הַכְּלִ֛י אֲשֶׁר־ הִ֥וא יֹשֶֽׁבֶת־ עָלָ֖יו בְּנָגְעוֹ־ ב֑וֹ יִטְמָ֖א עַד־ הָעָֽרֶב ׃,ואמ על המשכב הוא או על הכלי אשר הוא ישבת עליו בנגעו בו יטמא עד הערב,17,ואם על משכבא הוא או על מנא די הא יתבא עלוהי במקרביה ביה יהי מסאב עד רמשא:,17,"ἐὰν δὲ ἐν τῇ κοίτῃ αὐτῆς οὔσης ἢ ἐπὶ τοῦ σκεύους οὗ ἐὰν καθίσῃ ἐπ᾽ αὐτῷ ἐν τῷ ἅπτεσθαι αὐτὸν αὐτῆς, ἀκάθαρτον ἔσται ἕως ἑσπέρας.",25,ܘܐܢ ܠܡܕܡܟܐ ܐܘ ܠܡܐܢܐ ܕܝ̇ܬܒܐ ܥܠܘܗܝ ܩܪܒ. ܢܗܘܐ ܛܡܐ ܥܕܡܐ ܠܪܡܫܐ.,11,"Se o sangue estiver sobre a cama, ou sobre alguma coisa em que ela se sentar, quando alguém tocar nele, será imundo até a tarde.",25,True,True,True
15,24,Levítico 15:24,וְאִ֡ם שָׁכֹב֩ יִשְׁכַּ֨ב אִ֜ישׁ אֹתָ֗הּ וּתְהִ֤י נִדָּתָהּ֙ עָלָ֔יו וְטָמֵ֖א שִׁבְעַ֣ת יָמִ֑ים וְכָל־ הַמִּשְׁכָּ֛ב אֲשֶׁר־ יִשְׁכַּ֥ב עָלָ֖יו יִטְמָֽא ׃ פ,ואמ שכב ישכב איש אתה ותהי נדתה עליו וטמא שבעת ימימ וכל המשכב אשר ישכב עליו יטמא פ,19,ואם משכב ישכוב גבר יתה ותהי רחוקה עלוהי ויהי מסאב שבעת יומין וכל משכבא די ישכוב עלוהי יהי מסאב:,19,"ἐὰν δὲ κοίτῃ τις κοιμηθῇ μετ᾽ αὐτῆς, καὶ γένηται ἡ ἀκαθαρσία αὐτῆς ἐπ᾽ αὐτῷ, καὶ ἀκάθαρτος ἔσται ἑπτὰ ἡμέρας· καὶ πᾶσα κοίτη ἐφ᾽ ᾗ ἂν κοιμηθῇ ἐπ᾽ αὐτῆς ἀκάθαρτος ἔσται.",30,ܘܐܢ ܢܕܡܟ ܠܘܬܗ̇ ܓܒܪܐ ܘܢܦܠ ܡܢ ܟܦܣܗ̇ ܥܠܘܗܝ . ܢܗܘܐ ܛܡܐ ܫܒܥܐ ܝܘܡ̈ܝܢ. ܘܟܠ ܡܕܡܟܐ ܕܕܡ̇ܟ ܥܠܘܗܝ ܢܗܘܐ ܛܡܐ.,19,"E se, com efeito, qualquer homem se deitar com ela, e a sua imundícia ficar sobre ele, imundo será por sete dias; também toda cama, sobre que ele se deitar, será imunda.",32,True,True,True
15,25,Levítico 15:25,וְאִשָּׁ֡ה כִּֽי־ יָזוּב֩ ז֨וֹב דָּמָ֜הּ יָמִ֣ים רַבִּ֗ים בְּלֹא֙ עֶת־ נִדָּתָ֔הּ א֥וֹ כִֽי־ תָז֖וּב עַל־ נִדָּתָ֑הּ כָּל־ יְמֵ֞י ז֣וֹב טֻמְאָתָ֗הּ כִּימֵ֧י נִדָּתָ֛הּ תִּהְיֶ֖ה טְמֵאָ֥ה הִֽוא ׃,ואשה כי יזוב זוב דמה ימימ רבימ בלא עת נדתה או כי תזוב על נדתה כל ימי זוב טמאתה כימי נדתה תהיה טמאה הוא,25,ואתתא ארי ידוב דוב דמה יומין סגיאין בלא עדן רחוקה או ארי תדוב על רחוקה כל יומי דוב סובתה כיומיה רחוקה תהי מסאבא היא:,24,"Καὶ γυνὴ ἐὰν ῥέῃ ῥύσει αἵματος ἡμέρας πλείους οὐκ ἐν καιρῷ τῆς ἀφέδρου αὐτῆς, ἐὰν καὶ ῥέῃ μετὰ τὴν ἄφεδρον αὐτῆς, πᾶσαι αἱ ἡμέραι ῥύσεως ἀκαθαρσίας αὐτῆς καθάπερ αἱ ἡμέραι τῆς ἀφέδρου, ἀκάθαρτος ἔσται.",34,ܘܐܢܬܬܐ ܟܕ ܢܕܘܒ ܕܘܒܐ ܕܕܡܗ̇ ܝܘܡ̈ܬܐ ܣ̈ܓܝܐܐ. ܕܠܐ ܙܒܢܐ ܕܟܦܣܗ̇. ܐܘ ܐܢ ܬܕܘܒ ܥܠ ܟܦܣܗ̇. ܟܠ ܝܘܡ̈ܬܐ ܕܕܝ̇ܒܐ ܒܛܡܐܘܬܗ̇. ܐܝܟ ܝܘܡ̈ܝ ܟܦܣܗ̇ ܢܗܘܘܢ. ܘܬܗܘܐ ܛܡܐܐ.,25,"Se uma mulher tiver um fluxo de sangue por muitos dias fora do tempo da sua impureza, ou quando tiver fluxo de sangue por mais tempo do que a sua impureza, por todos os dias do fluxo da sua imundícia será como nos dias da sua impureza; imunda será.",49,True,True,True
15,26,Levítico 15:26,כָּל־ הַמִּשְׁכָּ֞ב אֲשֶׁר־ תִּשְׁכַּ֤ב עָלָיו֙ כָּל־ יְמֵ֣י זוֹבָ֔הּ כְּמִשְׁכַּ֥ב נִדָּתָ֖הּ יִֽהְיֶה־ לָּ֑הּ וְכָֽל־ הַכְּלִי֙ אֲשֶׁ֣ר תֵּשֵׁ֣ב עָלָ֔יו טָמֵ֣א יִהְיֶ֔ה כְּטֻמְאַ֖ת נִדָּתָֽהּ ׃,כל המשכב אשר תשכב עליו כל ימי זובה כמשכב נדתה יהיה לה וכל הכלי אשר תשב עליו טמא יהיה כטמאת נדתה,22,כל משכבא די תשכוב עלוהי כל יומי דובה כמשכב רחוקה יהי לה וכל מנא די תתב עלוהי מסאב יהי כסואבת רחוקה:,21,"καὶ πᾶσαν κοίτην ἐφ᾽ ἣν ἂν κοιμηθῇ ἐπ᾽ αὐτῆς πάσας τὰς ἡμέρας τῆς ῥύσεως κατὰ τὴν κοίτην τῆς ἀφέδρου ἔσται αὐτῇ, καὶ πᾶν σκεῦος ἐφ᾽ ὃ ἐὰν καθίσῃ ἐπ᾽ αὐτὸ ἀκάθαρτον ἔσται κατὰ τὴν ἀκαθαρσίαν τῆς ἀφέδρου.",37,ܘܟܘܠ ܡܕܡܟܐ ܕܬܕܡܟ ܥܠܘܗܝ ܟܠ ܝܘܡ̈ܝ ܕܘܒܗ̇. ܐܝܟ ܡܕܡܟܐ ܕܟܦܣܗ̇ ܢܗܘܐ ܠܗ̇. ܘܟܘܠ ܡܐܢܐ ܕܬܬܒ ܥܠܘܗܝ ܢܗܘܐ ܛܡܐ. ܐܝܟ ܛܡܐܘܬܐ ܕܟܦܣܗ̇.,21,"Toda cama sobre que ela se deitar durante todos os dias do seu fluxo ser-lhe-á como a cama da sua impureza; e toda coisa sobre que se sentar será imunda, conforme a imundícia da sua impureza.",36,True,True,True
15,27,Levítico 15:27,וְכָל־ הַנּוֹגֵ֥עַ בָּ֖ם יִטְמָ֑א וְכִבֶּ֧ס בְּגָדָ֛יו וְרָחַ֥ץ בַּמַּ֖יִם וְטָמֵ֥א עַד־ הָעָֽרֶב ׃,וכל הנוגע במ יטמא וכבס בגדיו ורחצ במימ וטמא עד הערב,12,וכל דיקרב בהון יהי מסאב ויצבע לבושוהי ויסחי במיא ויהי מסאב עד רמשא:,13,"πᾶς ὁ ἁπτόμενος αὐτῆς ἀκάθαρτος ἔσται, καὶ πλυνεῖ τὰ ἱμάτια καὶ λούσεται τὸ σῶμα ὕδατι, καὶ ἀκάθαρτος ἔσται ἕως ἑσπέρας.",20,ܘܟܠ ܕܢܩܪܘܒ ܠܗܘܢ ܢܬܛܡܐ. ܘܢܚܠܠ ܡܐ̈ܢܘܗܝ ܘܢܣܚܐ ܒܡ̈ܝܐ. ܘܢܗܘܐ ܛܡܐ ܥܕܡܐ ܠܪܡܫܐ.,12,"E qualquer que tocar nessas coisas será imundo; portanto lavará as suas vestes, e se banhará em água, e será imundo até a tarde.",24,True,True,True
15,28,Levítico 15:28,וְאִֽם־ טָהֲרָ֖ה מִזּוֹבָ֑הּ וְסָ֥פְרָה לָּ֛הּ שִׁבְעַ֥ת יָמִ֖ים וְאַחַ֥ר תִּטְהָֽר ׃,ואמ טהרה מזובה וספרה לה שבעת ימימ ואחר תטהר,10,ואם דכיאת מדובה ותמני לה שבעת יומין ובתר כן תדכי:,10,"ἐὰν δὲ καθαρισθῇ ἀπὸ τῆς ῥύσεως, καὶ ἐξαριθμήσεται αὐτῇ ἑπτὰ ἡμέρας, καὶ μετὰ ταῦτα καθαρισθήσεται.",15,ܘܐܢ ܕܟܝܬ ܡܢ ܕܘܒܗ̇. ܬܡܢܐ ܠܗ̇ ܫܒܥܐ ܝܘܡ̈ܝܢ. ܘܒܬܪܟܝܢ ܬܬܕܟܐ.,10,"Quando ela ficar limpa do seu fluxo, contará para si sete dias, e depois será limpa.",16,True,True,True
15,29,Levítico 15:29,וּבַיּ֣וֹם הַשְּׁמִינִ֗י תִּֽקַּֽח־ לָהּ֙ שְׁתֵּ֣י תֹרִ֔ים א֥וֹ שְׁנֵ֖י בְּנֵ֣י יוֹנָ֑ה וְהֵבִיאָ֤ה אוֹתָם֙ אֶל־ הַכֹּהֵ֔ן אֶל־ פֶּ֖תַח אֹ֥הֶל מוֹעֵֽד ׃,וביומ השמיני תקח לה שתי תרימ או שני בני יונה והביאה אותמ אל הכהנ אל פתח אהל מועד,19,וביומא תמינאה תסב לה תרתין שפנינין או תרין בני יונה ותיתי יתהון לות כהנא לתרע משכן זמנא:,17,"καὶ τῇ ἡμέρᾳ τῇ ὀγδόῃ λήμψεται αὑτῇ δύο τρυγόνας ἢ δύο νοσσοὺς περιστερῶν, καὶ οἴσει αὐτὰ πρὸς τὸν ἱερέα ἐπὶ τὴν θύραν τῆς σκηνῆς τοῦ μαρτυρίου·",26,ܘܒܝܘܡܐ ܕܬܡܢܝܐ ܬܣܒ ܠܗ̇ ܬܪ̈ܝܢ ܫܘܦܢܝ̈ܢܝܢ ܐܘ ܬܪ̈ܝܢ ܒܢ̈ܝ ܝܘܢܐ. ܘܬܝܬܐ ܐܢܘܢ ܠܘܬ ܟܗܢܐ ܠܬܪܥܐ ܕܡܫܟܢܙܒܢܐ.,16,"Ao oitavo dia tomará para si duas rolas, ou dois pombinhos, e os trará ao sacerdote, à porta da tenda da revelação.",22,True,True,True
15,30,Levítico 15:30,וְעָשָׂ֤ה הַכֹּהֵן֙ אֶת־ הָאֶחָ֣ד חַטָּ֔את וְאֶת־ הָאֶחָ֖ד עֹלָ֑ה וְכִפֶּ֨ר עָלֶ֤יהָ הַכֹּהֵן֙ לִפְנֵ֣י יְהוָ֔ה מִזּ֖וֹב טֻמְאָתָֽהּ ׃,ועשה הכהנ את האחד חטאת ואת האחד עלה וכפר עליה הכהנ לפני יהוה מזוב טמאתה,16,ויעבד כהנא ית חד חטאתא וית חד עלתא ויכפר עלה כהנא קדם יי מדוב סובתה:,15,"καὶ ποιήσει ὁ ἱερεὺς τὴν μίαν περὶ ἁμαρτίας καὶ τὴν μίαν εἰς ὁλοκαύτωμα, καὶ ἐξιλάσεται περὶ αὐτῆς ὁ ἱερεὺς ἔναντι Κυρίου ἀπὸ ῥύσεως ἀκαθαρσίας αὐτῆς.",25,ܘܢܥܒܕ ܐܢܘܢ ܟܗܢܐ ܚܕ ܠܚܛܗܐ ܘܚܕ ܠܥܠܬܐ. ܘܢܚܣܐ ܥܠܝܗ̇ ܟܗܢܐ ܡܢ ܕܘܒܐ ܕܛܡܐܘܬܗ̇ ܩܕܡ ܡܪܝܐ.,15,"Então o sacerdote oferecerá um deles para oferta pelo pecado, e o outro para holocausto; e o sacerdote fará por ela expiação perante o Senhor, por causa do fluxo da sua imundícia.",32,True,True,True
15,31,Levítico 15:31,וְהִזַּרְתֶּ֥ם אֶת־ בְּנֵי־ יִשְׂרָאֵ֖ל מִטֻּמְאָתָ֑ם וְלֹ֤א יָמֻ֨תוּ֙ בְּטֻמְאָתָ֔ם בְּטַמְּאָ֥ם אֶת־ מִשְׁכָּנִ֖י אֲשֶׁ֥ר בְּתוֹכָֽם ׃,והזרתמ את בני ישראל מטמאתמ ולא ימתו בטמאתמ בטמאמ את משכני אשר בתוכמ,14,ותפרשון ית בני ישראל מסואבתהון ולא ימותון בסואבתהון בסאבהון ית משכני די ביניהון:,13,"Καὶ εὐλαβεῖς ποιήσετε τοὺς υἱοὺς Ἰσραὴλ ἀπὸ τῶν ἀκαθαρσιῶν αὐτῶν, καὶ οὐκ ἀποθανοῦνται διὰ τὴν ἀκαθαρσίαν αὐτῶν, ἐν τῷ μιαίνειν αὐτοὺς τὴν σκηνήν μου τὴν ἐν αὐτοῖς.",27,ܘܬܙܗܪܘܢ ܠܒ̈ܢܝ ܐܝܣܪܝܠ ܡܢ ܛܡܐܘܬܗܘܢ. ܘܠܐ ܢܡܘܬܘܢ ܒܛܡܐܘܬܗܘܢ. ܘܠܐ ܢܛܡܐܘܢ ܡܫܟܢܝ ܕܒܝܢܬܗܘܢ.,12,"Assim separareis os filhos de Israel da sua imundícia, para que não morram na sua imundícia, contaminando o meu tabernáculo, que está no meio deles.",25,True,True,True
15,32,Levítico 15:32,זֹ֥את תּוֹרַ֖ת הַזָּ֑ב וַאֲשֶׁ֨ר תֵּצֵ֥א מִמֶּ֛נּוּ שִׁכְבַת־ זֶ֖רַע לְטָמְאָה־ בָֽהּ ׃,זאת תורת הזב ואשר תצא ממנו שכבת זרע לטמאה בה,11,דא אוריתא דדובנא ודי תפוק מניה שכבת זרעא לאסתאבא בה:,10,"οὗτος ὁ νόμος τοῦ γονορρυοῦς, καὶ ἐάν τινι ἐξέλθῃ ἐξ αὐτοῦ κοίτη σπέρματος ὥστε μιανθῆναι ἐν αὐτῇ·",17,ܗܢܐ ܢܡܘܣܐ ܢܗܘܐ ܠܡ̇ܢ ܕܕܐ̇ܒ. ܘܠܡ̇ܢ ܕܢܦܘܩ ܡܢܗ ܙܪܥܐ ܕܡܕܡܟܐ ܕܢܬܛܡܐ ܒܗ.,12,Esta é a lei daquele que tem o fluxo e daquele de quem sai o sêmen de modo que por eles se torna imundo;,24,True,True,True
15,33,Levítico 15:33,וְהַדָּוָה֙ בְּנִדָּתָ֔הּ וְהַזָּב֙ אֶת־ זוֹב֔וֹ לַזָּכָ֖ר וְלַנְּקֵבָ֑ה וּלְאִ֕ישׁ אֲשֶׁ֥ר יִשְׁכַּ֖ב עִם־ טְמֵאָֽה ׃ פ,והדוה בנדתה והזב את זובו לזכר ולנקבה ולאיש אשר ישכב עמ טמאה פ,14,ולדסאובתא בריחוקה ולדדאיב ית דוביה לדכר ולנקבא ולגבר די ישכוב עם מסאבא:,12,"καὶ τῇ αἱμορροούσῃ ἐν τῇ ἀφέδρῳ αὐτῆς, καὶ ὁ γονορρυὴς ἐν τῇ ῥύσει αὐτοῦ, τῷ ἄρσενι ἢ τῇ θηλείᾳ, καὶ τῷ ἀνδρὶ ὃς ἂν κοιμηθῇ μετὰ ἀποκαθημένης.",27,ܘܟܦܣܢܝܬܐ ܬܗܘܐ ܒܟܦܣܗ̇. ܘܡ̇ܢ ܕܕܐ̇ܒ ܢܗܘܐ ܒܕܘܒܗ ܕܟܪܐ ܐܘ ܢܩܒܬܐ. ܘܓܒܪܐ ܕܢܕܡܟ ܥܡ ܛܡܐܬܐ.,14,"como também da mulher enferma com a sua impureza e daquele que tem o fluxo, tanto do homem como da mulher, e do homem que se deita com mulher imunda.",30,True,True,True
16,1,Levítico 16:1,וַיְדַבֵּ֤ר יְהוָה֙ אֶל־ מֹשֶׁ֔ה אַחֲרֵ֣י מ֔וֹת שְׁנֵ֖י בְּנֵ֣י אַהֲרֹ֑ן בְּקָרְבָתָ֥ם לִפְנֵי־ יְהוָ֖ה וַיָּמֻֽתוּ ׃,וידבר יהוה אל משה אחרי מות שני בני אהרנ בקרבתמ לפני יהוה וימתו,14,ומליל יי עם משה בתר דמיתו תרין בני אהרן בקרוביהון אשתא נוכריתא קדם יי ומיתו:,15,"Καὶ ἐλάλησεν Κύριος πρὸς Μωυσῆν μετὰ τὸ τελευτῆσαι τοὺς δύο υἱοὺς Ἀαρὼν ἐν τῷ προσάγειν αὐτοὺς πῦρ ἀλλότριον ἔναντι Κυρίου, καὶ ἐτελεύτησαν·",22,ܘܡܠܠ ܡܪܝܐ ܥܡ ܡܘܫܐ ܡܢ ܒܬܪ ܕܡܝܬܘ ܬܪ̈ܝܗܘܢ ܒܢ̈ܘܗܝ ܕܐܗܪܘܢ. ܟܕ ܩܪܒܘ ܢܘܪܐ ܢܘܟܪܝܬܐ ܩܕܡ ܡܪܝܐ ܘܡܝܬܘ.,17,"Falou o Senhor a Moisés, depois da morte dos dois filhos de Arão, que morreram quando se chegaram diante do Senhor.",21,True,True,True
16,2,Levítico 16:2,וַיֹּ֨אמֶר יְהוָ֜ה אֶל־ מֹשֶׁ֗ה דַּבֵּר֮ אֶל־ אַהֲרֹ֣ן אָחִיךָ֒ וְאַל־ יָבֹ֤א בְכָל־ עֵת֙ אֶל־ הַקֹּ֔דֶשׁ מִבֵּ֖ית לַפָּרֹ֑כֶת אֶל־ פְּנֵ֨י הַכַּפֹּ֜רֶת אֲשֶׁ֤ר עַל־ הָאָרֹן֙ וְלֹ֣א יָמ֔וּת כִּ֚י בֶּֽעָנָ֔ן אֵרָאֶ֖ה עַל־ הַכַּפֹּֽרֶת ׃,ויאמר יהוה אל משה דבר אל אהרנ אחיכ ואל יבא בכל עת אל הקדש מבית לפרכת אל פני הכפרת אשר על הארנ ולא ימות כי בעננ אראה על הכפרת,30,ואמר יי למשה מלל עם אהרן אחוך ולא יהי עלל בכל עדן לקודשא מגיו לפרכתא לקדם כפרתא די על ארונא ולא ימות ארי בעננא אנא מתגלי על בית כפרתא:,29,"καὶ εἶπεν Κύριος πρὸς Μωυσῆν Λάλησον πρὸς Ἀαρὼν τὸν ἀδελφόν σου, καὶ μὴ εἰσπορευέσθω πᾶσαν ὥραν εἰς τὸ ἅγιον ἐσώτερον τοῦ καταπετάσματος εἰς πρόσωπον τοῦ ἱλαστηρίου, ὅ ἐστιν ἐπὶ τῆς κιβωτοῦ τοῦ μαρτυρίου, καὶ οὐκ ἀποθανεῖται· ἐν γὰρ νεφέλῃ ὀφθήσομαι ἐπὶ τοῦ ἱλαστηρίου.",43,ܘܐܡܪ ܡܪܝܐ ܠܡܘܫܐ. ܡܠܠ ܥܡ ܐܗܪܘܢ ܐܚܘܟ. ܕܠܐ ܢܗܘܐ ܥܐ̇ܠ ܒܟܠܙܒܢ ܠܩܘܕܫܐ. ܠܓܘ ܡܢ ܐ̈ܦܝ ܬܪܥܐ ܕܩܕܡ ܚܘܣܝܐ ܕܩܒܘܬܐ ܕܠܐ ܢܡܘܬ. ܡܛܠ ܕܒܥܢܢܐ ܡܬܚܙܐ ܐܢܐ ܥܠ ܚܘܣܝܐ.,27,"Disse, pois, o Senhor a Moisés: Dize a Arão, teu irmão, que não entre em todo tempo no lugar santo, para dentro do véu, diante do propiciatório que está sobre a arca, para que não morra; porque aparecerei na nuvem sobre o propiciatório.",43,True,True,True
16,3,Levítico 16:3,בְּזֹ֛את יָבֹ֥א אַהֲרֹ֖ן אֶל־ הַקֹּ֑דֶשׁ בְּפַ֧ר בֶּן־ בָּקָ֛ר לְחַטָּ֖את וְאַ֥יִל לְעֹלָֽה ׃,בזאת יבא אהרנ אל הקדש בפר בנ בקר לחטאת ואיל לעלה,12,בדא יהי עלל אהרן לקודשא בתור בר תורי לחטאתא ודכר לעלתא:,11,"οὕτως εἰσελεύσεται Ἀαρὼν εἰς τὸ ἅγιον· ἐν μόσχῳ ἐκ βοῶν περὶ ἁμαρτίας, καὶ κριὸν εἰς ὁλοκαύτωμα.",16,ܒܗܕܐ ܕܝܢ ܢܗܘܐ ܥܐ̇ܠ ܐܗܪܘܢ ܠܩܘܕܫܐ. ܒܬܘܪܐ ܒܪ ܒܩܪܐ ܠܚܛܗܐ. ܘܕܟܪܐ ܠܝܩܕܐ ܫܠܡܐ.,13,"Com isto entrará Arão no lugar santo: com um novilho, para oferta pelo pecado, e um carneiro para holocausto.",19,True,True,True
16,4,Levítico 16:4,כְּתֹֽנֶת־ בַּ֨ד קֹ֜דֶשׁ יִלְבָּ֗שׁ וּמִֽכְנְסֵי־ בַד֮ יִהְי֣וּ עַל־ בְּשָׂרוֹ֒ וּבְאַבְנֵ֥ט בַּד֙ יַחְגֹּ֔ר וּבְמִצְנֶ֥פֶת בַּ֖ד יִצְנֹ֑ף בִּגְדֵי־ קֹ֣דֶשׁ הֵ֔ם וְרָחַ֥ץ בַּמַּ֛יִם אֶת־ בְּשָׂר֖וֹ וּלְבֵשָֽׁם ׃,כתנת בד קדש ילבש ומכנסי בד יהיו על בשרו ובאבנט בד יחגר ובמצנפת בד יצנפ בגדי קדש המ ורחצ במימ את בשרו ולבשמ,24,כתונא דבוצא קודשא ילבש ומכנסין דבוץ יהון על בסריה ובהמינא דבוצא יסר ובמצנפתא דבוצא יחת ברישיה לבושי קודשא אנון ויסחי במיא ית בסריה וילבשנון:,24,"καὶ χιτῶνα λινοῦν ἡγιασμένον ἐνδύσεται, καὶ περισκελὲς λινοῦν ἔσται ἐπὶ τοῦ χρωτὸς αὐτοῦ, καὶ ζώνῃ λινῇ ζώσεται, καὶ κίδαριν λινῆν περιθήσεται· ἱμάτια ἅγιά ἐστιν, καὶ λούσεται ὕδατι πᾶν τὸ σῶμα αὐτοῦ καὶ ἐνδύσεται αὐτά.",34,ܘܟܘܬܝܢܐ ܕܒܘܨܐ ܕܩܘܕܫܐ ܢܠܒܫ. ܘܡܐ̈ܢܐ ܕܒܘܨܐ ܢܗܘܘܢ ܥܠ ܒܣܪܗ. ܘܒܗܡܝܢܐ ܕܒܘܨܐ ܢܬܚܙܩ. ܘܡܨܢܦܬܐ ܕܒܘܨܐ ܢܣܝܡ ܒܪܫܗ. ܡܛܠ ܕܠܒ̈ܘܫܐ ܐܢܘܢ ܕܩܘܕܫܐ. ܘܢܣܚܐ ܒܡ̈ܝܐ ܒܣܪܗ ܘܢܠܒܫ ܐܢܘܢ.,25,"Vestirá ele a túnica sagrada de linho, e terá as calças de linho sobre a sua carne, e cingir-se-á com o cinto de linho, e porá na cabeça a mitra de linho; essas são as vestes sagradas; por isso banhará o seu corpo em água, e as vestirá.",48,True,True,True
16,5,Levítico 16:5,וּמֵאֵ֗ת עֲדַת֙ בְּנֵ֣י יִשְׂרָאֵ֔ל יִקַּ֛ח שְׁנֵֽי־ שְׂעִירֵ֥י עִזִּ֖ים לְחַטָּ֑את וְאַ֥יִל אֶחָ֖ד לְעֹלָֽה ׃,ומאת עדת בני ישראל יקח שני שעירי עזימ לחטאת ואיל אחד לעלה,13,ומין כנשתא דבני ישראל יסב תרין צפירי עזין לחטאתא ודכר חד לעלתא:,12,καὶ παρὰ τῆς συναγωγῆς τῶν υἱῶν Ἰσραὴλ λήμψεται δύο χιμάρους ἐξ αἰγῶν περὶ ἁμαρτίας καὶ κριὸν ἕνα εἰς ὁλοκαύτωμα.,19,ܘܡܢ ܟܢܘܫܬܐ ܕܒܢ̈ܝ ܐܝܣܪܝܠ ܢܣܒ ܬܪ̈ܝܢ ܨܦܪ̈ܝܝܢ. ܕܥܙ̈ܐ ܠܚܛܗܐ. ܘܕܟܪܐ ܚܕ ܠܥܠܬܐ.,12,E da congregação dos filhos de Israel tomará dois bodes para oferta pelo pecado e um carneiro para holocausto.,19,True,True,True
16,6,Levítico 16:6,וְהִקְרִ֧יב אַהֲרֹ֛ן אֶת־ פַּ֥ר הַחַטָּ֖את אֲשֶׁר־ ל֑וֹ וְכִפֶּ֥ר בַּעֲד֖וֹ וּבְעַ֥ד בֵּיתֽוֹ ׃,והקריב אהרנ את פר החטאת אשר לו וכפר בעדו ובעד ביתו,12,ויקרב אהרן ית תורא דחטאתא די ליה ויכפר עלוהי ועל אנש ביתיה:,12,"καὶ προσάξει Ἀαρὼν τὸν μόσχον τὸν περὶ τῆς ἁμαρτίας αὐτοῦ, καὶ ἐξιλάσεται περὶ αὐτοῦ καὶ τοῦ οἴκου αὐτοῦ.",18,ܘܢܩܪܒ ܥܠܘܗܝ ܐܗܪܘܢ ܬܘܪܐ ܕܚܛܗܐ ܕܝܠܗ. ܘܢܚܣܐ ܥܠ ܢܦܫܗ ܘܥܠ ܒܝܬܗ.,11,"Depois Arão oferecerá o novilho da oferta pelo pecado, o qual será para ele, e fará expiação por si e pela sua casa.",23,True,True,True
16,7,Levítico 16:7,וְלָקַ֖ח אֶת־ שְׁנֵ֣י הַשְּׂעִירִ֑ם וְהֶעֱמִ֤יד אֹתָם֙ לִפְנֵ֣י יְהוָ֔ה פֶּ֖תַח אֹ֥הֶל מוֹעֵֽד ׃,ולקח את שני השעירמ והעמיד אתמ לפני יהוה פתח אהל מועד,12,ויסב ית תרין צפירין ויקים יתהון קדם יי בתרע משכן זמנא:,11,καὶ λήμψεται τοὺς δύο χιμάρους καὶ στήσει αὐτοὺς ἔναντι Κυρίου παρὰ τὴν θύραν τῆς σκηνῆς τοῦ μαρτυρίου·,17,ܘܢܣܒ ܬܪ̈ܝܢ ܨܦܪ̈ܝܝܢ. ܘܢܩܝܡ ܐܢܘܢ ܟܕ ܚܝܝ̈ܢ ܩܕܡ ܡܪܝܐ ܒܬܪܥܐ ܕܡܫܟܢܙܒܢܐ.,11,"Também tomará os dois bodes, e os porá perante o Senhor, à porta da tenda da revelação.",17,True,True,True
16,8,Levítico 16:8,וְנָתַ֧ן אַהֲרֹ֛ן עַל־ שְׁנֵ֥י הַשְּׂעִירִ֖ם גּוֹרָל֑וֹת גּוֹרָ֤ל אֶחָד֙ לַיהוָ֔ה וְגוֹרָ֥ל אֶחָ֖ד לַעֲזָאזֵֽל ׃,ונתנ אהרנ על שני השעירמ גורלות גורל אחד ליהוה וגורל אחד לעזאזל,13,ויתן אהרן על תרין צפירין עדבין עדבא חד לשמא דיי ועדבא חד לעזאזל:,13,καὶ ἐπιθήσει Ἀαρὼν ἐπὶ τοὺς δύο χιμάρους κλῆρον ἕνα τῷ κυρίῳ καὶ κλῆρον ἕνα τῷ ἀποπομπαίῳ.,16,ܘܢܪܡܐ ܐܗܪܘܢ ܦܨ̈ܐ ܥܠ ܬܪ̈ܝܢ ܨܦܪ̈ܝܝܢ. ܦܨܬܐ ܚܕܐ ܠܡܪܝܐ. ܘܦܨܬܐ ܚܕܐ ܠܥܙܙܐܝܠ.,12,"E Arão lançará sortes sobre os dois bodes: uma pelo Senhor, e a outra por Azazel.",16,True,True,True
16,9,Levítico 16:9,וְהִקְרִ֤יב אַהֲרֹן֙ אֶת־ הַשָּׂעִ֔יר אֲשֶׁ֨ר עָלָ֥ה עָלָ֛יו הַגּוֹרָ֖ל לַיהוָ֑ה וְעָשָׂ֖הוּ חַטָּֽאת ׃,והקריב אהרנ את השעיר אשר עלה עליו הגורל ליהוה ועשהו חטאת,12,ויקרב אהרן ית צפירא די סליק עלוהי עדבא לשמא דיי ויעבדניה חטאתא:,12,"καὶ προσάξει Ἀαρὼν τὸν χίμαρον ἐφ᾽ ὃν ἐπῆλθεν ἐπ᾽ αὐτὸν ὁ κλῆρος τῷ κυρίῳ, καὶ προσοίσει περὶ ἁμαρτίας·",18,ܘܢܩܪܒ ܐܗܪܘܢ ܨܦܪܝܐ ܕܢܦܠܬ ܥܠܘܗܝ ܦܨܬܐ ܕܡܪܝܐ. ܘܢܥܒܕܝܘܗܝ ܠܚܛܗܐ.,9,"Então apresentará o bode sobre o qual cair a sorte pelo Senhor, e o oferecerá como oferta pelo pecado;",19,True,True,True
16,10,Levítico 16:10,וְהַשָּׂעִ֗יר אֲשֶׁר֩ עָלָ֨ה עָלָ֤יו הַגּוֹרָל֙ לַעֲזָאזֵ֔ל יָֽעֳמַד־ חַ֛י לִפְנֵ֥י יְהוָ֖ה לְכַפֵּ֣ר עָלָ֑יו לְשַׁלַּ֥ח אֹת֛וֹ לַעֲזָאזֵ֖ל הַמִּדְבָּֽרָה ׃,והשעיר אשר עלה עליו הגורל לעזאזל יעמד חי לפני יהוה לכפר עליו לשלח אתו לעזאזל המדברה,17,וצפירא די סליק עלוהי עדבא לעזאזל יתקם כד חי קדם יי לכפרא עלוהי לשלח יתיה לעזאזל למדברא:,17,"καὶ τὸν χίμαρον ἐφ᾽ ὃν ἐπῆλθεν ἐπ᾽ αὐτὸν ὁ κλῆρος τοῦ ἀποπομπαίου, στήσει αὐτὸν ἔναντι Κυρίου ζῶντα τοῦ ἐξιλάσασθαι ἐπ᾽ αὐτοῦ, ὥστε ἀποστεῖλαι αὐτὸν εἰς τὴν ἀποπομπήν· ἀφήσει αὐτὸν εἰς τὴν ἔρημον.",32,ܘܨܦܪܝܐ ܕܢܦܠܬ ܥܠܘܗܝ ܦܨܬܐ ܕܥܙܙܐܝܠ ܢܩܘܡ ܟܕ ܚܝ ܩܕܡ ܡܪܝܐ. ܕܢܬܚܣܐ ܥܠܘܗܝ. ܘܢܫܕܪܘܢܗ ܠܘܬ ܥܙܙܐܝܠ ܠܡܕܒܪܐ.,16,"mas o bode sobre que cair a sorte para Azazel será posto vivo perante o Senhor, para fazer expiação com ele a fim de enviá-lo ao deserto para Azazel.",29,True,True,True
16,11,Levítico 16:11,וְהִקְרִ֨יב אַהֲרֹ֜ן אֶת־ פַּ֤ר הַֽחַטָּאת֙ אֲשֶׁר־ ל֔וֹ וְכִפֶּ֥ר בַּֽעֲד֖וֹ וּבְעַ֣ד בֵּית֑וֹ וְשָׁחַ֛ט אֶת־ פַּ֥ר הַֽחַטָּ֖את אֲשֶׁר־ לֽוֹ ׃,והקריב אהרנ את פר החטאת אשר לו וכפר בעדו ובעד ביתו ושחט את פר החטאת אשר לו,18,ויקרב אהרן ית תורא דחטאתא די ליה ויכפר עלוהי ועל אנש ביתיה ויכוס ית תורא דחטאתא די ליה:,18,"καὶ προσάξει Ἀαρὼν τὸν μόσχον τὸν περὶ τῆς ἁμαρτίας τὸν αὑτοῦ καὶ τοῦ οἴκου αὐτοῦ μόνον, καὶ ἐξιλάσεται περὶ αὑτοῦ καὶ τοῦ οἴκου αὐτοῦ, καὶ σφάξει τὸν μόσχον τὸν περὶ τῆς ἁμαρτίας τὸν αὑτοῦ.",34,ܘܢܩܪܒ ܐܗܪܘܢ ܬܘܪܐ ܕܚܛܗܐ ܕܢܦܫܗ. ܘܢܚܣܐ ܥܠ ܢܦܫܗ ܘܥܠ ܒܝܬܗ. ܘܢܟܣܝܘܗܝ ܠܬܘܪܐ ܕܚܛܗܐ.,13,"Arão, pois, apresentará o novilho da oferta pelo pecado, que é por ele, e fará expiação por si e pela sua casa; e imolará o novilho que é a sua oferta pelo pecado.",33,True,True,True
16,12,Levítico 16:12,וְלָקַ֣ח מְלֹֽא־ הַ֠מַּחְתָּה גַּֽחֲלֵי־ אֵ֞שׁ מֵעַ֤ל הַמִּזְבֵּ֨חַ֙ מִלִּפְנֵ֣י יְהוָ֔ה וּמְלֹ֣א חָפְנָ֔יו קְטֹ֥רֶת סַמִּ֖ים דַּקָּ֑ה וְהֵבִ֖יא מִבֵּ֥ית לַפָּרֹֽכֶת ׃,ולקח מלא המחתה גחלי אש מעל המזבח מלפני יהוה ומלא חפניו קטרת סמימ דקה והביא מבית לפרכת,18,ויסב מלי מחתיתא גומרין דאשא מעלוי מדבחא מן קדם יי ומלי חפנוהי קטורת בוסמין דקיקין ויעל מגיו לפרכתא:,18,"καὶ λήμψεται τὸ πυρεῖον πλῆρες ἀνθράκων πυρὸς ἀπὸ τοῦ θυσιαστηρίου τοῦ ἀπέναντι Κυρίου, καὶ πλήσει τὰς χεῖρας θυμιάματος συνθέσεως λεπτῆς καὶ εἰσοίσει ἐσώτερον τοῦ καταπετάσματος,",25,ܘܢܣܒ ܡܠܐ ܦܝܪܡܐ ܓܘܡܪ̈ܐ ܕܢܘܪܐ. ܡܢ ܡܕܒܚܐ ܕܩܕܡ ܡܪܝܐ. ܘܡܠܐ ܚ̈ܘܦܢܘܗܝ ܥܛܪܐ ܕܒܣ̈ܡܐ ܛܒ̈ܐ. ܘܢܥܘܠ ܠܓܘ ܡܢ ܐ̈ܦܝ ܬܪܥܐ.,19,"Então tomará um incensário cheio de brasas de fogo de sobre o altar, diante do Senhor, e dois punhados de incenso aromático bem moído, e os trará para dentro do véu;",31,True,True,True
16,13,Levítico 16:13,וְנָתַ֧ן אֶֽת־ הַקְּטֹ֛רֶת עַל־ הָאֵ֖שׁ לִפְנֵ֣י יְהוָ֑ה וְכִסָּ֣ה ׀ עֲנַ֣ן הַקְּטֹ֗רֶת אֶת־ הַכַּפֹּ֛רֶת אֲשֶׁ֥ר עַל־ הָעֵד֖וּת וְלֹ֥א יָמֽוּת ׃,ונתנ את הקטרת על האש לפני יהוה וכסה עננ הקטרת את הכפרת אשר על העדות ולא ימות,19,ויתן ית קטורת בוסמיא על אשתא לקדם יי וחפי עננא קטרתא ית כפרתא די על סהדותא ולא ימות:,18,"καὶ ἐπιθήσει τὸ θυμίαμα ἐπὶ τὸ πῦρ ἔναντι Κυρίου· καὶ καλύψει ἡ ἀτμίς τοῦ θυμιάματος τὸ ἱλαστήριον τὸ ἐπὶ τῶν μαρτυρίων, καὶ οὐκ ἀποθανεῖται.",24,ܘܢܣܝܡ ܥܛܪܐ ܥܠ ܢܘܪܐ ܩܕܡ ܡܪܝܐ. ܘܬܟܣܝܘܗܝ ܥܢܢܐ ܕܥܛܪܐ ܠܚܘܣܝܐ ܕܥܠ ܣܗܕܘܬܐ. ܘܠܐ ܢܡܘܬ.,14,"e porá o incenso sobre o fogo perante o Senhor, a fim de que a nuvem o incenso cubra o propiciatório, que está sobre o testemunho, para que não morra.",30,True,True,True
16,14,Levítico 16:14,וְלָקַח֙ מִדַּ֣ם הַפָּ֔ר וְהִזָּ֧ה בְאֶצְבָּע֛וֹ עַל־ פְּנֵ֥י הַכַּפֹּ֖רֶת קֵ֑דְמָה וְלִפְנֵ֣י הַכַּפֹּ֗רֶת יַזֶּ֧ה שֶֽׁבַע־ פְּעָמִ֛ים מִן־ הַדָּ֖ם בְּאֶצְבָּעֽוֹ ׃,ולקח מדמ הפר והזה באצבעו על פני הכפרת קדמה ולפני הכפרת יזה שבע פעמימ מנ הדמ באצבעו,18,ויסב מדמא דתורא וידי באצבעיה על אפי כפרתא קדומא ולקדם כפרתא ידי שבע זמנין מן דמא באצבעיה:,17,καὶ λήμψεται ἀπὸ τοῦ αἵματος τοῦ μόσχου καὶ ῥανεῖ τῷ δακτύλῳ ἐπὶ τὸ ἱλαστήριον κατὰ ἀνατολάς· κατὰ πρόσωπον τοῦ ἱλαστηρίου ῥανεῖ ἑπτάκις ἀπὸ τοῦ αἵματος τῷ δακτύλῳ.,27,ܘܢܣܒ ܡܢ ܕܡܐ ܕܬܘܪܐ. ܘܢܪܘܣ ܒܨܒܥܗ ܠܐ̈ܦܝ ܚܘܣܝܐ ܡܢ ܡܕܢܚܝܗ. ܘܩܕܡ ܚܘܣܝܐ ܢܪܘܣ ܫܒܥ ܙܒ̈ܢܝܢ ܡܢ ܕܡܐ ܒܨܒܥܗ.,18,"Tomará do sangue do novilho, e o espargirá com o dedo sobre o propiciatório ao lado oriental; e perante o propiciatório espargirá do sangue sete vezes com o dedo.",29,True,True,True
16,15,Levítico 16:15,וְשָׁחַ֞ט אֶת־ שְׂעִ֤יר הַֽחַטָּאת֙ אֲשֶׁ֣ר לָעָ֔ם וְהֵבִיא֙ אֶת־ דָּמ֔וֹ אֶל־ מִבֵּ֖ית לַפָּרֹ֑כֶת וְעָשָׂ֣ה אֶת־ דָּמ֗וֹ כַּאֲשֶׁ֤ר עָשָׂה֙ לְדַ֣ם הַפָּ֔ר וְהִזָּ֥ה אֹת֛וֹ עַל־ הַכַּפֹּ֖רֶת וְלִפְנֵ֥י הַכַּפֹּֽרֶת ׃,ושחט את שעיר החטאת אשר לעמ והביא את דמו אל מבית לפרכת ועשה את דמו כאשר עשה לדמ הפר והזה אתו על הכפרת ולפני הכפרת,26,ויכוס ית צפירא דחטאתא די לעמא ויעל ית דמיה למגיו לפרכתא ויעבד לדמיה כמא די עבד לדמא דתורא וידי יתיה על כפרתא ולקדם כפרתא:,24,"καὶ σφάξει τὸν χίμαρον τὸν περὶ τῆς ἁμαρτίας τὸν περὶ τοῦ λαοῦ ἔναντι Κυρίου, καὶ εἰσοίσει ἀπὸ τοῦ αἵματος αὐτοῦ ἐσώτερον τοῦ καταπετάσματος, καὶ ποιήσει τὸ αἷμα αὐτοῦ ὃν τρόπον ἐποίησεν τὸ αἷμα τοῦ μόσχου, καὶ ῥανεῖ τὸ αἷμα αὐτοῦ ἐπὶ τὸ ἱλαστήριον κατὰ πρόσωπον τοῦ ἱλαστηρίου,",47,ܘܢܟܘܣ ܨܦܪܝܐ ܕܚܛܗܐ ܕܥܡܐ. ܘܢܥܠ ܕܡܗ ܠܓܘ ܡܢ ܐ̈ܦܝ ܬܪܥܐ. ܘܢܥܒܕ ܠܕܡܗ ܐܝܟ ܕܥܒܕ ܠܕܡܐ ܕܬܘܪܐ. ܘܢܪܣܝܘܗܝ ܥܠ ܚܘܣܝܐ ܘܩܕܡ ܚܘܣܝܐ.,21,"Depois imolará o bode da oferta pelo pecado, que é pelo povo, e trará o sangue o bode para dentro do véu; e fará com ele como fez com o sangue do novilho, espargindo-o sobre o propiciatório, e perante o propiciatório;",41,True,True,True
16,16,Levítico 16:16,וְכִפֶּ֣ר עַל־ הַקֹּ֗דֶשׁ מִטֻּמְאֹת֙ בְּנֵ֣י יִשְׂרָאֵ֔ל וּמִפִּשְׁעֵיהֶ֖ם לְכָל־ חַטֹּאתָ֑ם וְכֵ֤ן יַעֲשֶׂה֙ לְאֹ֣הֶל מוֹעֵ֔ד הַשֹּׁכֵ֣ן אִתָּ֔ם בְּת֖וֹךְ טֻמְאֹתָֽם ׃,וכפר על הקדש מטמאת בני ישראל ומפשעיהמ לכל חטאתמ וכנ יעשה לאהל מועד השכנ אתמ בתוכ טמאתמ,18,ויכפר על קודשא מסואבת בני ישראל וממרדיהון לכל חטאיהון וכן יעבד למשכן זמנא דשרי עמהון בגו סואבתהון:,17,καὶ ἐξιλάσεται τὸ ἅγιον ἀπὸ τῶν ἀκαθαρσιῶν τῶν υἱῶν Ἰσραὴλ καὶ ἀπὸ τῶν ἀδικημάτων αὐτῶν περὶ πασῶν τῶν ἁμαρτιῶν αὐτῶν· καὶ οὕτω ποιήσει τῇ σκηνῇ τοῦ μαρτυρίου τῇ ἐκτισμένῃ ἐν αὐτοῖς ἐν μέσῳ τῆς ἀκαθαρσίας αὐτῶν.,36,ܘܢܚܣܐ ܥܠ ܩܘܕܫܐ ܡܢ ܛܡܐܘܬܐ ܕܒܢ̈ܝ ܐܝܣܪܐܝܠ. ܘܡܢ ܥܘܠܗܘܢ ܘܡܢ ܟܠܗܘܢ ܚ̈ܛܗܝܗܘܢ. ܘܗܟܢܐ ܢܥܒܕ ܠܡܫܟܢܙܒܢܐ ܕܫܪܐ ܥܡܗܘܢ ܒܓܘ ܛܡܐܘܬܗܘܢ.,19,"e fará expiação pelo santuário por causa das imundícias dos filhos de Israel e das suas transgressões, sim, de todos os seus pecados. Assim também fará pela tenda da revelação, que permanece com eles no meio das suas imundícias.",39,True,True,True
16,17,Levítico 16:17,וְכָל־ אָדָ֞ם לֹא־ יִהְיֶ֣ה ׀ בְּאֹ֣הֶל מוֹעֵ֗ד בְּבֹא֛וֹ לְכַפֵּ֥ר בַּקֹּ֖דֶשׁ עַד־ צֵאת֑וֹ וְכִפֶּ֤ר בַּעֲדוֹ֙ וּבְעַ֣ד בֵּית֔וֹ וּבְעַ֖ד כָּל־ קְהַ֥ל יִשְׂרָאֵֽל ׃,וכל אדמ לא יהיה באהל מועד בבאו לכפר בקדש עד צאתו וכפר בעדו ובעד ביתו ובעד כל קהל ישראל,21,וכל אנש לא יהי במשכן זמנא במעליה לכפרא בקודשא עד מפקיה ויכפר עלוהי ועל אנש ביתיה ועל כל קהלא דישראל:,20,"καὶ πᾶς ἄνθρωπος οὐκ ἔσται ἐν τῇ σκηνῇ τοῦ μαρτυρίου, εἰσπορευομένου αὐτοῦ ἐξιλάσασθαι ἐν τῷ ἁγίῳ, ἕως ἂν ἐξέλθῃ· καὶ ἐξιλάσεται περὶ αὑτοῦ καὶ τοῦ οἴκου αὐτοῦ, καὶ περὶ πάσης συναγωγῆς υἱῶν Ἰσραήλ.",33,ܘܟܠ ܐܢܫ ܠܐ ܢܗܘܐ ܒܡܫܟܢܙܒܢܐ. ܡܐ ܕܥܐ̇ܠ ܠܡܚܣܝܘ ܒܩܘܕܫܐ ܥܕܡܐ ܕܢ̇ܦܩ. ܘܢܚܣܐ ܥܠ ܢܦܫܗ ܘܥܠ ܒܝܬܗ. ܘܥܠ ܟܠܗ̇ ܟܢܘܫܬܐ ܕܒܢ̈ܝ ܐܝܣܪܝܠ ܢܚܣܐ.,22,"Nenhum homem estará na tenda da revelação quando Arão entrar para fazer expiação no lugar santo, até que ele saia, depois de ter feito expiação por si mesmo, e pela sua casa, e por toda a congregação de Israel.",39,True,True,True
16,18,Levítico 16:18,וְיָצָ֗א אֶל־ הַמִּזְבֵּ֛חַ אֲשֶׁ֥ר לִפְנֵֽי־ יְהוָ֖ה וְכִפֶּ֣ר עָלָ֑יו וְלָקַ֞ח מִדַּ֤ם הַפָּר֙ וּמִדַּ֣ם הַשָּׂעִ֔יר וְנָתַ֛ן עַל־ קַרְנ֥וֹת הַמִּזְבֵּ֖חַ סָבִֽיב ׃,ויצא אל המזבח אשר לפני יהוה וכפר עליו ולקח מדמ הפר ומדמ השעיר ונתנ על קרנות המזבח סביב,19,ויפוק למדבחא די קדם יי ויכפר עלוהי ויסב מדמא דתורא ומדמא דצפירא ויתן על קרנת מדבחא סחור סחור:,18,"καὶ ἐξελεύσεται ἐπὶ τὸ θυσιαστήριον τὸ ὂν ἀπέναντι Κυρίου καὶ ἐξιλάσεται ἐπ᾽ αὐτοῦ· καὶ λήμψεται ἀπὸ τοῦ αἵματος τοῦ μόσχου καὶ ἀπὸ τοῦ αἵματος τοῦ χιμάρου καὶ ἐπιθήσει ἐπὶ τὰ κέρατα τοῦ θυσιαστηρίου κύκλῳ,",34,ܘܢܦܘܩ ܠܘܬ ܡܕܒܚܐ ܕܩܕܡ ܡܪܝܐ ܘܢܚܣܐ ܥܠܘܗܝ. ܘܢܣܒ ܡܢ ܕܡܐ ܕܬܘܪܐ ܘܡܢ ܕܡܐ ܕܨܦܪܝܐ. ܘܢܪܘܣ ܥܠ ܩܪ̈ܢܬܗ ܕܡܕܒܚܐ ܟܕ ܚ̇ܕܪ.,20,"Então sairá ao altar, que está perante o Senhor, e fará expiação pelo altar; tomará do sangue do novilho, e do sangue do bode, e o porá sobre as pontas do altar ao redor.",34,True,True,True
16,19,Levítico 16:19,וְהִזָּ֨ה עָלָ֧יו מִן־ הַדָּ֛ם בְּאֶצְבָּע֖וֹ שֶׁ֣בַע פְּעָמִ֑ים וְטִהֲר֣וֹ וְקִדְּשׁ֔וֹ מִטֻּמְאֹ֖ת בְּנֵ֥י יִשְׂרָאֵֽל ׃,והזה עליו מנ הדמ באצבעו שבע פעמימ וטהרו וקדשו מטמאת בני ישראל,13,וידי עלוהי מן דמא באצבעיה שבע זמנין וידכניה ויקדשניה מסואבת בני ישראל:,12,"καὶ ῥανεῖ ἐπ᾽ αὐτοῦ ἀπὸ τοῦ αἵματος τῷ δακτύλῳ ἑπτάκις καὶ καθαριεῖ αὐτό, καὶ ἁγιάσει αὐτὸ ἀπὸ τῶν ἀκαθαρσιῶν τῶν υἱῶν Ἰσραήλ.",22,ܘܢܪܘܣ ܥܠܘܗܝ ܡܢ ܕܡܐ ܒܨܒܥܗ ܫܒܥ ܙܒ̈ܢܝܢ. ܘܢܕܟܝܘܗܝ ܘܢܩܕܫܝܘܗܝ ܡܢ ܛܡܐܘܬܐ ܕܒܢ̈ܝ ܐܝܣܪܝܠ.,13,"E do sangue espargirá com o dedo sete vezes sobre o altar, purificando-o e santificando-o das imundícias dos filhos de Israel.",21,True,True,True
16,20,Levítico 16:20,וְכִלָּה֙ מִכַּפֵּ֣ר אֶת־ הַקֹּ֔דֶשׁ וְאֶת־ אֹ֥הֶל מוֹעֵ֖ד וְאֶת־ הַמִּזְבֵּ֑חַ וְהִקְרִ֖יב אֶת־ הַשָּׂעִ֥יר הֶחָֽי ׃,וכלה מכפר את הקדש ואת אהל מועד ואת המזבח והקריב את השעיר החי,14,וישצי מלכפרא על קודשא ועל משכן זמנא ועל מדבחא ויקרב ית צפירא חיא:,13,"καὶ συντελέσει ἐξιλασκόμενος τὸ ἅγιον καὶ τὴν σκηνὴν τοῦ μαρτυρίου καὶ τὸ θυσιαστήριον, καὶ περὶ τῶν ἱερέων καθαριεῖ· καὶ προσάξει τὸν χίμαρον τὸν ζῶντα.",24,ܘܡܐ ܕܫܠܡ ܠܡܚܣܝܘ ܥܠ ܩ̈ܘܕܫܐ ܘܥܠ ܡܫܟܢܙܒܢܐ ܘܥܠ ܡܕܒܚܐ. ܢܩܪܒ ܨܦܪܝܐ ܚܝܐ.,12,"Quando Arão houver acabado de fazer expiação pelo lugar santo, pela tenda da revelação, e pelo altar, apresentará o bode vivo;",21,True,True,True
16,21,Levítico 16:21,וְסָמַ֨ךְ אַהֲרֹ֜ן אֶת־ שְׁתֵּ֣י ידו עַ֨ל רֹ֣אשׁ הַשָּׂעִיר֮ הַחַי֒ וְהִתְוַדָּ֣ה עָלָ֗יו אֶת־ כָּל־ עֲוֺנֹת֙ בְּנֵ֣י יִשְׂרָאֵ֔ל וְאֶת־ כָּל־ פִּשְׁעֵיהֶ֖ם לְכָל־ חַטֹּאתָ֑ם וְנָתַ֤ן אֹתָם֙ עַל־ רֹ֣אשׁ הַשָּׂעִ֔יר וְשִׁלַּ֛ח בְּיַד־ אִ֥ישׁ עִתִּ֖י הַמִּדְבָּֽרָה ׃,וסמכ אהרנ את שתי ידו על ראש השעיר החי והתודה עליו את כל עונת בני ישראל ואת כל פשעיהמ לכל חטאתמ ונתנ אתמ על ראש השעיר ושלח ביד איש עתי המדברה,32,ויסמוך אהרן ית תרתין ידוהי על ריש צפירא חיא ויודי עלוהי ית כל עוית בני ישראל וית כל מרדיהון לכל חטאיהון ויתן יתהון על ריש צפירא וישלח ביד גבר דזמין למהך למדברא:,32,"καὶ ἐπιθήσει Ἀαρὼν τὰς χεῖρας αὐτοῦ ἐπὶ τὴν κεφαλὴν τοῦ χιμάρου τοῦ ζῶντος, καὶ ἐξαγορευσει ἐπ᾽ αὐτοῦ πάσας τὰς ἀνομίας τῶν υἱῶν Ἰσραὴλ καὶ πάσας τὰς ἀδικίας αὐτῶν καὶ πάσας τὰς ἁμαρτίας αὐτῶν, καὶ ἐπιθήσει αὐτὰς ἐπὶ τὴν κεφαλὴν τοῦ χιμάρου τοῦ ζῶντος, καὶ ἐξαποστελεῖ ἐν χειρὶ ἀνθρώπου ἑτοίμου εἰς τὴν ἔρημον·",52,ܘܢܣܝܡ ܐܗܪܘܢ ܬܪ̈ܬܝܗܝܢ ܐ̈ܝܕܘܗܝ ܥܠ ܪܫܗ ܕܨܦܪܝܐ ܚܝܐ. ܘܢܘܕܐ ܥܠܘܗܝ ܟܘܠܗ̇ ܣܟܠܘܬܐ ܕܒܢ̈ܝ ܐܝܣܪܝܠ. ܘܟܠܗ ܥܘܠܗܘܢ ܘܟܠܗܘܢ ܚ̈ܛܗܝܗܘܢ. ܘܢܣܝܡ ܐܢܘܢ ܥܠ ܪܫܗ ܕܨܦܪܝܐ. ܘܢܫܕܪ ܒܝܕ ܓܒܪܐ ܕܡܛܝܒ ܠܡܕܒܪܐ.,28,"e, pondo as mãos sobre a cabeça do bode vivo, confessará sobre ele todas as iniqüidades dos filhos de Israel, e todas as suas transgressões, sim, todos os seus pecados; e os porá sobre a cabeça do bode, e enviá-lo-á para o deserto, pela mão de um homem designado para isso.",51,True,True,True
16,22,Levítico 16:22,וְנָשָׂ֨א הַשָּׂעִ֥יר עָלָ֛יו אֶת־ כָּל־ עֲוֺנֹתָ֖ם אֶל־ אֶ֣רֶץ גְּזֵרָ֑ה וְשִׁלַּ֥ח אֶת־ הַשָּׂעִ֖יר בַּמִּדְבָּֽר ׃,ונשא השעיר עליו את כל עונתמ אל ארצ גזרה ושלח את השעיר במדבר,14,ויטול צפירא עלוהי ית כל חוביהון לארעא דלא יתבא וישלח ית צפירא במדברא:,13,"καὶ λήμψεται ὁ χίμαρος ἐφ᾽ ἑαυτῷ τὰς ἀδικίας αὐτῶν εἰς γῆν ἄβατον, καὶ ἐξαποστελεῖ τὸν χίμαρον εἰς τὴν ἔρημον.",19,ܘܢܫܩܘܠ ܥܠܘܗܝ ܨܦܪܝܐ ܟܠܗ ܥܘܠܗܘܢ ܠܐܪܥܐ ܒܝܪܬܐ. ܘܢܫܒܩܝܘܗܝ ܠܨܦܪܝܐ ܒܡܕܒܪܐ.,10,Assim aquele bode levará sobre si todas as iniqüidades deles para uma região solitária; e esse homem soltará o bode no deserto.,22,True,True,True
16,23,Levítico 16:23,וּבָ֤א אַהֲרֹן֙ אֶל־ אֹ֣הֶל מוֹעֵ֔ד וּפָשַׁט֙ אֶת־ בִּגְדֵ֣י הַבָּ֔ד אֲשֶׁ֥ר לָבַ֖שׁ בְּבֹא֣וֹ אֶל־ הַקֹּ֑דֶשׁ וְהִנִּיחָ֖ם שָֽׁם ׃,ובא אהרנ אל אהל מועד ופשט את בגדי הבד אשר לבש בבאו אל הקדש והניחמ שמ,17,וייעול אהרן למשכן זמנא וישלח ית לבושי בוצא די לבש במעליה לקודשא ויצנענון תמן:,14,"καὶ εἰσελεύσεται Ἀαρὼν εἰς τὴν σκηνὴν τοῦ μαρτυρίου, καὶ ἐκδύσεται τὴν στολὴν τὴν λινῆν ἣν ἐνδεδύκει εἰσπορευομένου αὐτοῦ εἰς τὸ ἅγιον, καὶ ἀποθήσει αὐτὴν ἐκεῖ.",25,ܘܢܥܘܠ ܐܗܪܘܢ ܠܡܫܟܢܙܒܢܐ. ܘܢܫܠܚ ܠܒ̈ܘܫܐ ܕܒܘܨܐ ܕܠܒ̇ܫ ܡܐ ܕܥܐ̇ܠ ܠܩܘܕܫܐ. ܘܢܫܒܘܩ ܐܢܘܢ ܬܡ̇ܢ .,14,"Depois Arão entrará na tenda da revelação, e despirá as vestes de linho, que havia vestido quando entrara no lugar santo, e ali as deixará.",25,True,True,True
16,24,Levítico 16:24,וְרָחַ֨ץ אֶת־ בְּשָׂר֤וֹ בַמַּ֨יִם֙ בְּמָק֣וֹם קָד֔וֹשׁ וְלָבַ֖שׁ אֶת־ בְּגָדָ֑יו וְיָצָ֗א וְעָשָׂ֤ה אֶת־ עֹֽלָתוֹ֙ וְאֶת־ עֹלַ֣ת הָעָ֔ם וְכִפֶּ֥ר בַּעֲד֖וֹ וּבְעַ֥ד הָעָֽם ׃,ורחצ את בשרו במימ במקומ קדוש ולבש את בגדיו ויצא ועשה את עלתו ואת עלת העמ וכפר בעדו ובעד העמ,21,ויסחי ית בסריה במיא באתר קדיש וילבש ית לבושוהי ויפוק ויעבד ית עלתיה וית עלת עמא ויכפר עלוהי ועל עמא:,20,"καὶ λούσεται τὸ σῶμα αὐτοῦ ὕδατι ἐν τόπῳ ἁγίῳ καὶ ἐνδύσεται τὴν στολὴν αὐτοῦ, καὶ ἐξελθὼν ποιήσει τὸ ὁλοκάρπωμα αὐτοῦ καὶ τὸ ὁλοκάρπωμα τοῦ λαοῦ, καὶ ἐξιλάσεται περὶ αὑτοῦ καὶ περὶ τοῦ οἴκου αὐτοῦ καὶ περὶ τοῦ λαοῦ ὡς περὶ τῶν ἱερέων.",42,ܘܢܣܚܐ ܒܣܪܗ ܒܡ̈ܝܐ. ܒܐܬܪܐ ܩܕܝܫܐ. ܘܢܠܒܫ ܡܐ̈ܢܘܗܝ ܘܢܦܘܩ. ܘܢܩܪܒ ܝܩܕܗ ܫܠܡܐ. ܘܝܩܕܐ ܫܠܡܐ ܕܥܡܐ. ܘܢܚܣܐ ܥܠ ܢܦܫܗ ܘܥܠ ܥܡܐ.,19,"E banhará o seu corpo em água num lugar santo, e vestirá as suas próprias vestes; então sairá e oferecerá o seu holocausto, e o holocausto do povo, e fará expiação por si e pelo povo.",36,True,True,True
16,25,Levítico 16:25,וְאֵ֛ת חֵ֥לֶב הַֽחַטָּ֖את יַקְטִ֥יר הַמִּזְבֵּֽחָה ׃,ואת חלב החטאת יקטיר המזבחה,6,וית תרבא דחטאתא יסק למדבחא:,5,καὶ τὸ στέαρ τὸ περὶ τῶν ἁμαρτιῶν ἀνοίσει ἐπὶ τὸ θυσιαστήριον.,11,ܘܬܪܒܐ ܕܚܛܗܐ ܢܣܩ ܠܡܕܒܚܐ .,5,Também queimará sobre o altar a gordura da oferta pelo pecado.,11,True,True,True
16,26,Levítico 16:26,וְהַֽמְשַׁלֵּ֤חַ אֶת־ הַשָּׂעִיר֙ לַֽעֲזָאזֵ֔ל יְכַבֵּ֣ס בְּגָדָ֔יו וְרָחַ֥ץ אֶת־ בְּשָׂר֖וֹ בַּמָּ֑יִם וְאַחֲרֵי־ כֵ֖ן יָב֥וֹא אֶל־ הַֽמַּחֲנֶֽה ׃,והמשלח את השעיר לעזאזל יכבס בגדיו ורחצ את בשרו במימ ואחרי כנ יבוא אל המחנה,16,ודמוביל ית צפירא לעזאזל יצבע לבושוהי ויסחי ית בסריה במיא ובתר כן ייעול למשריתא:,14,"καὶ ὁ ἐξαποστέλλων τὸν χίμαρον τὸν διεσταλμένον εἰς ἄφεσιν πλυνεῖ τὰ ἱμάτια καὶ λούσεται τὸ σῶμα αὐτοῦ ὕδατι, καὶ μετὰ ταῦτα εἰσελεύσεται εἰς τὴν παρεμβολήν.",25,ܘܗ̇ܘ ܕܡܫܕܪ ܨܦܪܝܐ ܠܥܙܙܐܝܠ. ܢܚܠܠ ܡܐ̈ܢܘܗܝ ܘܢܣܚܐ ܒܡ̈ܝܐ. ܘܒܬܪܟܢ ܢܥܘܠ ܠܡܫܪܝܬܐ.,11,"E aquele que tiver soltado o bode para Azazel lavará as suas vestes, e banhará o seu corpo em água, e depois entrará no arraial.",25,True,True,True
16,27,Levítico 16:27,וְאֵת֩ פַּ֨ר הַֽחַטָּ֜את וְאֵ֣ת ׀ שְׂעִ֣יר הַֽחַטָּ֗את אֲשֶׁ֨ר הוּבָ֤א אֶת־ דָּמָם֙ לְכַפֵּ֣ר בַּקֹּ֔דֶשׁ יוֹצִ֖יא אֶל־ מִח֣וּץ לַֽמַּחֲנֶ֑ה וְשָׂרְפ֣וּ בָאֵ֔שׁ אֶת־ עֹרֹתָ֥ם וְאֶת־ בְּשָׂרָ֖ם וְאֶת־ פִּרְשָֽׁם ׃,ואת פר החטאת ואת שעיר החטאת אשר הובא את דממ לכפר בקדש יוציא אל מחוצ למחנה ושרפו באש את ערתמ ואת בשרמ ואת פרשמ,26,וית תורא דחטאתא וית צפירא דחטאתא די אתעל מדמהון לכפרא בקודשא יתפקון למברא למשריתא ויוקדון בנורא ית משכיהון וית בסרהון וית אכליהון:,22,"καὶ τὸν μόσχον τὸν περὶ τῆς ἁμαρτίας καὶ τὸν χίμαρον τὸν περὶ τῆς ἁμαρτίας, ὧν τὸ αἷμα εἰσηνέχθη ἐξιλάσασθαι ἐν τῷ ἁγίῳ, ἐξοίσουσιν αὐτὰ ἔξω τῆς παρεμβολῆς, καὶ κατακαύσουσιν αὐτὰ ἐν πυρί, καὶ τὰ δέρματα αὐτῶν καὶ τὰ κρέα αὐτῶν καὶ τὴν κόπρον αὐτῶν.",44,ܘܬܘܪܐ ܕܚܛܗܐ ܘܨܦܪܝܐ ܕܚܛܗܐ. ܕܥܐ̇ܠ ܡܢ ܕܡܗܘܢ ܠܡܚܣܝܘ ܒܩܘܕܫܐ. ܢܦܩܘܢ ܠܒܪ ܡܢ ܡܫܪܝܬܐ. ܘܢܘܩܕܘܢ ܒܢܘܪܐ ܡܫ̈ܟܝܗܘܢ ܘܒܣܪܗܘܢ ܘܦܪܬܗܘܢ.,18,"Mas o novilho da oferta pelo pecado e o bode da oferta pelo pecado, cujo sangue foi trazido para fazer expiação no lugar santo, serão levados para fora do arraial; e lhes queimarão no fogo as peles, a carne e o excremento.",42,True,True,True
16,28,Levítico 16:28,וְהַשֹּׂרֵ֣ף אֹתָ֔ם יְכַבֵּ֣ס בְּגָדָ֔יו וְרָחַ֥ץ אֶת־ בְּשָׂר֖וֹ בַּמָּ֑יִם וְאַחֲרֵי־ כֵ֖ן יָב֥וֹא אֶל־ הַֽמַּחֲנֶֽה ׃,והשרפ אתמ יכבס בגדיו ורחצ את בשרו במימ ואחרי כנ יבוא אל המחנה,14,ודמוקיד יתהון יצבע לבושוהי ויסחי ית בסריה במיא ובתר כן ייעול למשריתא:,12,"ὁ δὲ κατακαίων αὐτὰ πλυνεῖ τὰ ἱμάτια καὶ λούσεται τὸ σῶμα αὐτοῦ ὕδατι, καὶ μετὰ ταῦτα εἰσελεύσεται εἰς τὴν παρεμβολήν.",20,ܘܡ̇ܢ ܕܡܘܩܕ ܠܗܘܢ ܢܚܠܠ ܡܐ̈ܢܘܗܝ. ܘܢܣܚܐ ܒܣܪܗ ܒܡ̈ܝܐ. ܘܗܝܕܝܢ ܢܥܘܠ ܠܡܫܪܝܬܐ .,12,"Aquele que os queimar lavará as suas vestes, banhara o seu corpo em água, e depois entrará no arraial.",19,True,True,True
16,29,Levítico 16:29,וְהָיְתָ֥ה לָכֶ֖ם לְחֻקַּ֣ת עוֹלָ֑ם בַּחֹ֣דֶשׁ הַ֠שְּׁבִיעִי בֶּֽעָשׂ֨וֹר לַחֹ֜דֶשׁ תְּעַנּ֣וּ אֶת־ נַפְשֹֽׁתֵיכֶ֗ם וְכָל־ מְלָאכָה֙ לֹ֣א תַעֲשׂ֔וּ הָֽאֶזְרָ֔ח וְהַגֵּ֖ר הַגָּ֥ר בְּתוֹכְכֶֽם ׃,והיתה לכמ לחקת עולמ בחדש השביעי בעשור לחדש תענו את נפשתיכמ וכל מלאכה לא תעשו האזרח והגר הגר בתוככמ,20,ותהי לכון לקים עלם בירחא שביעאה בעשרא לירחא תענון ית נפשתיכון וכל עבידא לא תעבדון יציבא וגיורא דיתגירון ביניכון:,19,"Καὶ ἔσται τοῦτο ὑμῖν νόμιμον αἰώνιον· ἐν τῷ μηνὶ τῷ ἑβδόμῳ ταπεινώσατε τὰς ψυχὰς ὑμῶν καὶ πᾶν ἔργον οὐ ποιήσετε, ὁ αὐτόχθων καὶ ὁ προσήλυτος ὁ προσκείμενος ἐν ὑμῖν.",29,ܘܢܗܘܐ ܠܟܘܢ ܢܡܘܣܐ ܠܥܠܡ. ܒܝܪܚܐ ܕܫܒܥܐ ܒܥܣܪܬܐ ܒܗ ܒܝܪܚܐ. ܡܟܟܘ ܢܦܫ̈ܬܟܘܢ ܘܟܠ ܥܒܕ ܠܐ ܬܥܒܕܘܢ. ܐܢܬܘܢ ܘܐܝܠܝܢ ܕܡܬܦܢܝܢ ܠܘܬܝ ܕܥܡ̇ܪܝܢ ܒܝܢܬܟܘܢ.,21,"Também isto vos será por estatuto perpétuo: no sétimo mês, aos dez do mês, afligireis as vossas almas, e não fareis trabalho algum, nem o natural nem o estrangeiro que peregrina entre vos;",33,True,True,True
16,30,Levítico 16:30,כִּֽי־ בַיּ֥וֹם הַזֶּ֛ה יְכַפֵּ֥ר עֲלֵיכֶ֖ם לְטַהֵ֣ר אֶתְכֶ֑ם מִכֹּל֙ חַטֹּ֣אתֵיכֶ֔ם לִפְנֵ֥י יְהוָ֖ה תִּטְהָֽרוּ ׃,כי ביומ הזה יכפר עליכמ לטהר אתכמ מכל חטאתיכמ לפני יהוה תטהרו,13,ארי ביומא הדין יכפר עליכון לדכאה יתכון מכל חוביכון קדם יי תדכון:,12,"ἐν γὰρ τῇ ἡμέρᾳ ταύτῃ ἐξιλάσεται περὶ ὑμῶν, καθαρίσαι ὑμᾶς ἀπὸ πασῶν τῶν ἁμαρτιῶν ὑμῶν ἔναντι Κυρίου· καὶ καθαρισθήσεσθε.",19,ܡܛܠ ܕܒܝܘܡܐ ܗܢܐ ܢܬܚܣܐ ܥܠܝܟܘܢ. ܕܬܬܕܟܘܢ ܡܢ ܟܠܗܘܢ ܚ̈ܛܗܝܟܘܢ. ܩܕܡ ܡܪܝܐ ܬܬܕܟܘܢ.,12,"porque nesse dia se fará expiação por vós, para purificar-vos; de todos os vossos pecados sereis purificados perante o Senhor.",20,True,True,True
16,31,Levítico 16:31,שַׁבַּ֨ת שַׁבָּת֥וֹן הִיא֙ לָכֶ֔ם וְעִנִּיתֶ֖ם אֶת־ נַפְשֹׁתֵיכֶ֑ם חֻקַּ֖ת עוֹלָֽם ׃,שבת שבתונ היא לכמ ועניתמ את נפשתיכמ חקת עולמ,10,שבת שבתא היא לכון ותענון ית נפשתיכון קים עלם:,9,"σάββατα σαββάτων ἀνάπαυσις αὕτη ἔσται ὑμῖν, καὶ ταπεινώσετε τὰς ψυχὰς ὑμῶν· νόμιμον αἰώνιον.",13,ܫܒܬܐ ܘܢܝܚܐ ܠܟܘܢ. ܘܡܟܟܘ ܢܦܫ̈ܬܟܘܢ. ܢܡܘܣܐ ܠܥܠܡ.,7,"Será sábado de descanso solene para vós, e afligireis as vossas almas; é estatuto perpétuo.",15,True,True,True
16,32,Levítico 16:32,וְכִפֶּ֨ר הַכֹּהֵ֜ן אֲשֶׁר־ יִמְשַׁ֣ח אֹת֗וֹ וַאֲשֶׁ֤ר יְמַלֵּא֙ אֶת־ יָד֔וֹ לְכַהֵ֖ן תַּ֣חַת אָבִ֑יו וְלָבַ֛שׁ אֶת־ בִּגְדֵ֥י הַבָּ֖ד בִּגְדֵ֥י הַקֹּֽדֶשׁ ׃,וכפר הכהנ אשר ימשח אתו ואשר ימלא את ידו לכהנ תחת אביו ולבש את בגדי הבד בגדי הקדש,19,ויכפר כהנא די רבי יתיה ודי יקרב ית קרבניה לשמשא תחות אבוהי וילבש ית לבושי בוצא לבושי קודשא:,18,"ἐξιλάσεται ὁ ἱερεύς, ὃν ἂν χρίσωσιν αὐτὸν καὶ ὃν ἂν τελειώσουσιν τὰς χεῖρας αὐτοῦ ἱερατεύειν μετὰ τὸν πατέρα αὐτοῦ, καὶ ἐνδύσεται τὴν στολὴν τὴν λινῆν, στολὴν ἁγίαν·",27,ܘܢܚܣܐ ܟܗܢܐ ܕܡܬܡܫܚ ܘܕܡܫܡܠܐ ܐ̈ܝܕܘܗܝ. ܠܡܫܡܫܘ ܒܬܪ ܐܒܘܗܝ. ܘܢܠܒܫ ܠܒ̈ܘܫܐ ܕܒܘܨܐ. ܘܡܐ̈ܢܐ ܕܩܘܕܫܐ.,13,"E o sacerdote que for ungido e que for sagrado para administrar o sacerdócio no lugar de seu pai, fará a expiação, havendo vestido as vestes de linho, isto é, as vestes sagradas;",33,True,True,True
16,33,Levítico 16:33,וְכִפֶּר֙ אֶת־ מִקְדַּ֣שׁ הַקֹּ֔דֶשׁ וְאֶת־ אֹ֧הֶל מוֹעֵ֛ד וְאֶת־ הַמִּזְבֵּ֖חַ יְכַפֵּ֑ר וְעַ֧ל הַכֹּהֲנִ֛ים וְעַל־ כָּל־ עַ֥ם הַקָּהָ֖ל יְכַפֵּֽר ׃,וכפר את מקדש הקדש ואת אהל מועד ואת המזבח יכפר ועל הכהנימ ועל כל עמ הקהל יכפר,18,ויכפר על מקדש קודשא ועל משכן זמנא ועל מדבחא יכפר ועל כהניא ועל כל עמא דקהלא יכפר:,17,"καὶ ἐξιλάσεται τὸ ἅγιον τοῦ ἁγίου, καὶ τὴν σκηνὴν τοῦ μαρτυρίου καὶ τὸ θυσιαστήριον ἐξιλάσεται, καὶ περὶ τῶν ἱερέων καὶ περὶ πάσης συναγωγῆς ἐξιλάσεται.",24,ܘܢܚܣܐ ܥܠ ܩܕܘܫ ܩ̈ܘܕܫܐ ܘܥܠ ܡܫܟܢܙܒܢܐ ܘܥܠ ܡܕܒܚܐ ܢܚܣܐ. ܘܥܠ ܟܗ̈ܢܐ ܘܥܠ ܟܠܗ ܥܡܐ ܕܟܢܘܫܬܐ ܢܚܣܐ.,16,assim fará expiação pelo santuário; também fará expiação pela tenda da revelação e pelo altar; igualmente fará expiação e pelos sacerdotes e por todo o povo da congregação.,28,True,True,True
16,34,Levítico 16:34,וְהָֽיְתָה־ זֹּ֨את לָכֶ֜ם לְחֻקַּ֣ת עוֹלָ֗ם לְכַפֵּ֞ר עַל־ בְּנֵ֤י יִשְׂרָאֵל֙ מִכָּל־ חַטֹּאתָ֔ם אַחַ֖ת בַּשָּׁנָ֑ה וַיַּ֕עַשׂ כַּאֲשֶׁ֛ר צִוָּ֥ה יְהוָ֖ה אֶת־ מֹשֶֽׁה ׃ פ,והיתה זאת לכמ לחקת עולמ לכפר על בני ישראל מכל חטאתמ אחת בשנה ויעש כאשר צוה יהוה את משה פ,21,ותהי דא לכון לקים עלם לכפרא על בני ישראל מכל חוביהון חדא בשתא ועבד כמא די פקיד יי ית משה:,20,"καὶ ἔσται τοῦτο ὑμῖν νόμιμον αἰώνιον ἐξιλάσκεσθαι περὶ τῶν υἱῶν Ἰσραὴλ ἀπὸ πασῶν τῶν ἁμαρτιῶν αὐτῶν· ἅπαξ τοῦ ἐνιαυτοῦ ποιηθήσεται, καθὰ συνέταξεν Κύριος τῷ Μωυσῇ.",25,ܘܢܗܘܐ ܠܟܘܢ ܗܢܐ ܢܡܘܣܐ ܠܥܠܡ. ܕܢܬܚܣܐ ܥܠ ܒܢ̈ܝ ܐܝܣܪܝܠ. ܡܢ ܟܠܗܘܢ ܚ̈ܛܗܝܗܘܢ. ܚܕܐ ܒܫܢܬܐ ܘܥܒܕܘ ܐܝܟܢܐ ܕܦ̇ܩܕ ܡܪܝܐ ܠܡܘܫܐ.,19,"Isto vos será por estatuto perpétuo, para fazer expiação uma vez no ano pelos filhos de Israel por causa de todos os seus pecados. E fez Arão como o Senhor ordenara a Moisés.",33,True,True,True
17,1,Levítico 17:1,וַיְדַבֵּ֥ר יְהוָ֖ה אֶל־ מֹשֶׁ֥ה לֵּאמֹֽר ׃,וידבר יהוה אל משה לאמר,6,ומליל יי עם משה למימר:,5,Καὶ ἐλάλησεν Κύριος πρὸς Μωυσῆν λέγων,6,ܘܡܠܠ ܡܪܝܐ ܥܡ ܡܘܫܐ ܘܐܡܪ ܠܗ.,6,Disse mais o Senhor a Moisés:,6,True,True,True
17,2,Levítico 17:2,דַּבֵּ֨ר אֶֽל־ אַהֲרֹ֜ן וְאֶל־ בָּנָ֗יו וְאֶל֙ כָּל־ בְּנֵ֣י יִשְׂרָאֵ֔ל וְאָמַרְתָּ֖ אֲלֵיהֶ֑ם זֶ֣ה הַדָּבָ֔ר אֲשֶׁר־ צִוָּ֥ה יְהוָ֖ה לֵאמֹֽר ׃,דבר אל אהרנ ואל בניו ואל כל בני ישראל ואמרת אליהמ זה הדבר אשר צוה יהוה לאמר,18,מלל עם אהרן ועם בנוהי ועם כל בני ישראל ותימר להון דין פתגמא די פקיד יי למימר:,17,Λάλησον πρὸς Ἀαρὼν καὶ πρὸς τοὺς υἱοὺς αὐτοῦ καὶ πρὸς πάντας υἱοὺς Ἰσραὴλ καὶ ἐρεῖς πρὸς αὐτούς Τοῦτο τὸ ῥῆμα ὃ ἐνετείλατο Κύριος λέγων,24,ܡܠܠ ܥܡ ܐܗܪܘܢ ܘܥܡ ܒܢ̈ܘܗܝ. ܘܥܡ ܟܠܗܘܢ ܒܢ̈ܝ ܐܝܣܪܝܠ ܘܐܡܪ ܠܗܘܢ. ܗܢܘ ܦܬܓܡܐ ܕܦ̇ܩܕ ܡܪܝܐ ܠܡܐܡܪ.,16,"Fala a Arão e aos seus filhos, e a s todos os filhos de Israel, e dize-lhes: Isto é o que o Senhor tem ordenado:",25,True,True,True
17,3,Levítico 17:3,אִ֥ישׁ אִישׁ֙ מִבֵּ֣ית יִשְׂרָאֵ֔ל אֲשֶׁ֨ר יִשְׁחַ֜ט שׁ֥וֹר אוֹ־ כֶ֛שֶׂב אוֹ־ עֵ֖ז בַּֽמַּחֲנֶ֑ה א֚וֹ אֲשֶׁ֣ר יִשְׁחַ֔ט מִח֖וּץ לַֽמַּחֲנֶֽה ׃,איש איש מבית ישראל אשר ישחט שור או כשב או עז במחנה או אשר ישחט מחוצ למחנה,18,גבר גבר מבית ישראל די יכוס תור או אמר או עזא במשריתא או די יכוס מברא למשריתא:,17,Ἄνθρωπος ἄνθρωπος τῶν υἱῶν Ἰσραὴλ ἢ τῶν προσηλύτων ἢ τῶν προσκειμένων ἐν ὑμῖν ὃς ἂν σφάξῃ μόσχον ἢ πρόβατον ἢ αἶγα ἐν τῇ παρεμβολῇ καὶ ὃς ἂν σφάξῃ ἔξω τῆς παρεμβολῆς,31,ܓܒܪ ܓܒܪ ܡܢ ܒ̈ܢܝ ܐܝܣܪܝܠ. ܕܢܟܘܣ ܬܘܪܐ ܐܘ ܐܡܪܐ. ܐܘ ܥܙܐ ܒܡܫܪܝܬܐ. ܐܘ ܕܢܟܘܣ ܠܒܪ ܡܢ ܡܫܪܝܬܐ.,17,"Qualquer homem da casa de Israel que imolar boi, ou cordeiro, ou cabra, no arraial, ou fora do arraial,",19,True,True,True
17,4,Levítico 17:4,וְאֶל־ פֶּ֜תַח אֹ֣הֶל מוֹעֵד֮ לֹ֣א הֱבִיאוֹ֒ לְהַקְרִ֤יב קָרְבָּן֙ לַֽיהוָ֔ה לִפְנֵ֖י מִשְׁכַּ֣ן יְהוָ֑ה דָּ֣ם יֵחָשֵׁ֞ב לָאִ֤ישׁ הַהוּא֙ דָּ֣ם שָׁפָ֔ךְ וְנִכְרַ֛ת הָאִ֥ישׁ הַה֖וּא מִקֶּ֥רֶב עַמּֽוֹ ׃,ואל פתח אהל מועד לא הביאו להקריב קרבנ ליהוה לפני משכנ יהוה דמ יחשב לאיש ההוא דמ שפכ ונכרת האיש ההוא מקרב עמו,24,ולתרע משכן זמנא לא איתיה לקרבא קרבנא קדם יי קדם משכנא דיי דמא יתחשב לגברא ההוא דמא אשד וישתיצי אנשא ההוא מגו עמיה:,23,"καὶ ἐπὶ τὴν θύραν τῆς σκηνῆς τοῦ μαρτυρίου μὴ ἐνέγκῃ ὥστε ποιῆσαι αὐτὸ εἰς ὁλοκαύτωμα ἢ σωτήριον Κυρίῳ δεκτὸν εἰς ὀσμὴν εὐωδίας, καὶ ὃς ἂν σφάξῃ ἔξω καὶ ἐπὶ τὴν θύραν τῆς σκηνῆς τοῦ μαρτυρίου μὴ ἐνέγκῃ αὐτὸ ὥστε μὴ προσενέγκαι δῶρον Κυρίῳ ἀπέναντι τῆς σκηνῆς Κυρίου, καὶ λογισθήσεται τῷ ἀνθρώπῳ ἐκείνῳ αἷμα· αἷμα ἐξέχεεν, ἐξολεθρευθήσεται ἡ ψυχὴ ἐκείνη ἐκ τοῦ λαοῦ αὐτῆς.",63,ܘܠܬܪܥܐ ܕܡܫܟܢܙܒܢܐ ܠܐ ܐܝܬܝܗ̇. ܕܢܩܪܒܝܘܗܝ ܩܘܪܒܢܐ ܠܡܪܝܐ. ܩܕܡ ܡܫܟܢܗ ܕܡܪܝܐ. ܕܡܐ ܢܬܚܫܒ ܥܠ ܓܒܪܐ ܗ̇ܘ. ܡܛܠ ܕܕܡܐ ܐܫܕ. ܘܢܐܒܕ ܓܒܪܐ ܗ̇ܘ ܡܢ ܓܘ ܥܡܗ.,24,"e não o trouxer à porta da tenda da revelação, para o oferecer como oferta ao Senhor diante do tabernáculo do Senhor, a esse homem será imputado o sangue; derramou sangue, pelo que será extirpado do seu povo;",38,True,True,True
17,5,Levítico 17:5,לְמַעַן֩ אֲשֶׁ֨ר יָבִ֜יאוּ בְּנֵ֣י יִשְׂרָאֵ֗ל אֶֽת־ זִבְחֵיהֶם֮ אֲשֶׁ֣ר הֵ֣ם זֹבְחִים֮ עַל־ פְּנֵ֣י הַשָּׂדֶה֒ וֶֽהֱבִיאֻ֣ם לַֽיהוָ֗ה אֶל־ פֶּ֛תַח אֹ֥הֶל מוֹעֵ֖ד אֶל־ הַכֹּהֵ֑ן וְזָ֨בְח֜וּ זִבְחֵ֧י שְׁלָמִ֛ים לַֽיהוָ֖ה אוֹתָֽם ׃,למענ אשר יביאו בני ישראל את זבחיהמ אשר המ זבחימ על פני השדה והביאמ ליהוה אל פתח אהל מועד אל הכהנ וזבחו זבחי שלמימ ליהוה אותמ,27,בדיל די ייתון בני ישראל ית דבחיהון די אנון דבחין על אפי חקלא וייתנון לקדם יי לתרע משכן זמנא לות כהנא ויכסון נכסת קודשין קדם יי יתהון:,27,"ὅπως ἀναφέρωσιν οἱ υἱοὶ Ἰσραὴλ τὰς θυσίας αὐτῶν ὅσας ἂν αὐτοὶ σφάξουσιν ἐν τοῖς πεδίοις, καὶ οἴσουσιν τῷ κυρίῳ ἐπὶ τὰς θύρας τῆς σκηνῆς τοῦ μαρτυρίου πρὸς τὸν ἱερέα, καὶ θύσουσιν θυσίαν σωτηρίου τῷ κυρίῳ αὐτά·",36,ܡܛܠ ܕܢܗܘܘܢ ܡܝܬܝܢ ܒܢ̈ܝ ܐܝܣܪܝܠ ܕܒܚ̈ܝܗܘܢ ܕܕܒܚ̈ܝܢ ܥܠ ܐ̈ܦܝ ܚܩܠܐ. ܘܢܝܬܘܢ ܐܢܘܢ ܩܕܡ ܡܪܝܐ ܠܬܪܥܐ ܕܡܫܟܢ ܙܒܢܐ ܠܘܬ ܟܗܢܐ. ܘܢܕܒܚܘܢ ܐܢܘܢ ܕܒܚ̈ܐ ܫ̈ܠܡܐ ܠܡܪܝܐ.,24,"a fim de que os filhos de Israel tragam os seus sacrifícios, que oferecem no campo, isto é, a fim de que os tragam ao Senhor, à porta da tenda da revelação, ao sacerdote, e os ofereçam por sacrifícios de ofertas, pacíficas ao Senhor.",44,True,True,True
17,6,Levítico 17:6,וְזָרַ֨ק הַכֹּהֵ֤ן אֶת־ הַדָּם֙ עַל־ מִזְבַּ֣ח יְהוָ֔ה פֶּ֖תַח אֹ֣הֶל מוֹעֵ֑ד וְהִקְטִ֣יר הַחֵ֔לֶב לְרֵ֥יחַ נִיחֹ֖חַ לַיהוָֽה ׃,וזרק הכהנ את הדמ על מזבח יהוה פתח אהל מועד והקטיר החלב לריח ניחח ליהוה,16,ויזרוק כהנא ית דמא על מדבחא דיי בתרע משכן זמנא ויסק תרבא לאתקבלא ברעוא קדם יי:,16,"καὶ προσχεεῖ ὁ ἱερεὺς τὸ αἷμα ἐπὶ τὸ θυσιαστήριον κύκλῳ ἀπέναντι Κυρίου παρὰ τὰς θύρας τῆς σκηνῆς τοῦ μαρτυρίου, καὶ ἀνοίσει τὸ στέαρ εἰς ὀσμὴν εὐωδίας Κυρίῳ·",27,ܘܢܪܘܣ ܟܗܢܐ ܕܡܐ ܥܠ ܡܕܒܚܗ ܕܡܪܝܐ ܒܬܪܥܐ ܕܡܫܟܢܙܒܢܐ. ܘܢܣܩ ܬܪܒܐ ܠܪܝܚ ܣܘܬܐ ܠܡܪܝܐ.,13,"E o sacerdote espargirá o sangue sobre o altar do Senhor, à porta da tenda da revelação, e queimará a gordura por cheiro suave ao Senhor.",26,True,True,True
17,7,Levítico 17:7,וְלֹא־ יִזְבְּח֥וּ עוֹד֙ אֶת־ זִבְחֵיהֶ֔ם לַשְּׂעִירִ֕ם אֲשֶׁ֛ר הֵ֥ם זֹנִ֖ים אַחֲרֵיהֶ֑ם חֻקַּ֥ת עוֹלָ֛ם תִּֽהְיֶה־ זֹּ֥את לָהֶ֖ם לְדֹרֹתָֽם ׃,ולא יזבחו עוד את זבחיהמ לשעירמ אשר המ זנימ אחריהמ חקת עולמ תהיה זאת להמ לדרתמ,17,ולא ידבחון עוד ית דבחיהון לשדין די אנון טען בתריהון קים עלם תהי דא להון לדריהון:,16,"καὶ οὐ θύσουσιν ἔτι τὰς θυσίας αὐτῶν τοῖς ματαίοις, οἷς αὐτοὶ ἐκπορνεύουσιν ὀπίσω αὐτῶν· νόμιμον αἰώνιον ἔσται ὑμῖν εἰς τὰς γενεὰς ὑμῶν.",22,ܘܬܘܒ ܠܐ ܢܕܒܚܘܢ ܕܒܚ̈ܝܗܘܢ ܠܫܐ̈ܕܐ ܕܛܥܝܢ ܒܬܪܗܘܢ. ܗܢܐ ܢܡܘܣܐ ܢܗܘܐ ܠܗܘܢ ܠܥܠܡ ܠܕܪ̈ܝܗܘܢ.,13,"E nunca mais oferecerão os seus sacrifícios aos sátiros, após os quais eles se prostituem; isso lhes será por estatuto perpétuo pelas suas gerações.",24,True,True,True
17,8,Levítico 17:8,וַאֲלֵהֶ֣ם תֹּאמַ֔ר אִ֥ישׁ אִישׁ֙ מִבֵּ֣ית יִשְׂרָאֵ֔ל וּמִן־ הַגֵּ֖ר אֲשֶׁר־ יָג֣וּר בְּתוֹכָ֑ם אֲשֶׁר־ יַעֲלֶ֥ה עֹלָ֖ה אוֹ־ זָֽבַח ׃,ואלהמ תאמר איש איש מבית ישראל ומנ הגר אשר יגור בתוכמ אשר יעלה עלה או זבח,17,ולהון תימר גבר גבר מבית ישראל ומן גיורא דיתגירון ביניכון די יסק עלתא או נכסת קודשיא:,16,Καὶ ἐρεῖς πρὸς αὐτούς Ἄνθρωπος ἄνθρωπος τῶν υἱῶν Ἰσραὴλ καὶ ἀπὸ τῶν υἱῶν τῶν προσηλύτων τῶν προσκειμένων ἐν ὑμῖν ὃς ἂν ποιήσῃ ὁλοκαύτωμα ἢ θυσίαν,25,ܘܐܡܪ ܠܗܘܢ ܓܒܪ ܓܒܪ ܡܢ ܒܝܬ ܐܝܣܪܝܠ. ܘܡܢ ܐܝܠܝܢ ܕܡܬܦܢܝܢ ܠܘܬܝ ܕܥܡ̇ܪܝܢ ܒܝܢܬܟܘܢ . ܕܢܣܩ ܝܩܕܐ ܫܠܡܐ ܐܘ ܕܒܚܐ.,19,"Dir-lhes-ás pois: Qualquer homem da casa de Israel, ou dos estrangeiros que entre vós peregrinam, que oferecer holocausto ou sacrifício,",20,True,True,True
17,9,Levítico 17:9,וְאֶל־ פֶּ֜תַח אֹ֤הֶל מוֹעֵד֙ לֹ֣א יְבִיאֶ֔נּוּ לַעֲשׂ֥וֹת אֹת֖וֹ לַיהוָ֑ה וְנִכְרַ֛ת הָאִ֥ישׁ הַה֖וּא מֵעַמָּֽיו ׃,ואל פתח אהל מועד לא יביאנו לעשות אתו ליהוה ונכרת האיש ההוא מעמיו,14,ולתרע משכן זמנא לא איתניה למעבד יתיה קדם יי וישתיצי אנשא ההוא מעמיה:,13,"καὶ ἐπὶ τὴν θύραν τῆς σκηνῆς τοῦ μαρτυρίου μὴ ἐνέγκῃ ποιῆσαι αὐτὸ τῷ κυρίῳ, ἐξολεθρευθήσεται ὁ ἄνθρωπος ἐκεῖνος ἐκ τοῦ λαοῦ αὐτοῦ.",22,ܘܠܬܪܥܐ ܕܡܫܟܢ ܙܒܢܐ ܠܐ ܢܝܬܝܘܗܝ. ܕܢܩܪܒܝܘܗܝ ܩܕܡ ܡܪܝܐ ܢܐܒܕ ܓܒܪܐ ܗ̇ܘ ܡܢ ܓܘ ܥܡܗ.,14,"e não o trouxer à porta da tenda da revelação, para oferecê-lo ao Senhor, esse homem será extirpado do seu povo.",21,True,True,True
17,10,Levítico 17:10,וְאִ֨ישׁ אִ֜ישׁ מִבֵּ֣ית יִשְׂרָאֵ֗ל וּמִן־ הַגֵּר֙ הַגָּ֣ר בְּתוֹכָ֔ם אֲשֶׁ֥ר יֹאכַ֖ל כָּל־ דָּ֑ם וְנָתַתִּ֣י פָנַ֗י בַּנֶּ֨פֶשׁ֙ הָאֹכֶ֣לֶת אֶת־ הַדָּ֔ם וְהִכְרַתִּ֥י אֹתָ֖הּ מִקֶּ֥רֶב עַמָּֽהּ ׃,ואיש איש מבית ישראל ומנ הגר הגר בתוכמ אשר יאכל כל דמ ונתתי פני בנפש האכלת את הדמ והכרתי אתה מקרב עמה,23,וגבר גבר מבית ישראל ומן גיורא דיתגירון ביניכון די ייכול כל דמא ואתן רוגזי באנשא דיכול ית דמא ואשיצי יתיה מגו עמיה:,22,"Καὶ ἄνθρωπος ἄνθρωπος τῶν υἱῶν Ἰσραὴλ ἢ τῶν προσηλύτων τῶν προσκειμένων ἐν ὑμῖν ὃς ἂν φάγῃ πᾶν αἷμα, καὶ ἐπιστήσω τὸ πρόσωπόν μου ἐπὶ τὴν ψυχὴν τὴν ἔσθουσαν τὸ αἷμα καὶ ἀπολῶ αὐτὴν ἐκ τοῦ λαοῦ αὐτῆς.",37,ܘܓܒܪ ܓܒܪ ܡܢ ܐܝܣܪܝܠ. ܘܡܢ ܐܝܠܝܢ ܕܡܬܦܢܝܢ ܠܘܬܝ ܕܥܡ̇ܪܝܢ ܒܐܝܣܪܐܝܠ . ܕܢܐܟܘܠ ܕܡܐ. ܐܬܠ ܪܘܓܙܝ ܒܢܦܫܐ ܕܐ̇ܟܠܐ ܕܡܐ. ܘܐܘܒܕܝܗ̇ ܡܢ ܓܘ ܥܡܗ̇.,22,"Também, qualquer homem da casa de Israel, ou dos estrangeiros que peregrinam entre eles, que comer algum sangue, contra aquela alma porei o meu rosto, e a extirparei do seu povo.",31,True,True,True
17,11,Levítico 17:11,כִּ֣י נֶ֣פֶשׁ הַבָּשָׂר֮ בַּדָּ֣ם הִוא֒ וַאֲנִ֞י נְתַתִּ֤יו לָכֶם֙ עַל־ הַמִּזְבֵּ֔חַ לְכַפֵּ֖ר עַל־ נַפְשֹׁתֵיכֶ֑ם כִּֽי־ הַדָּ֥ם ה֖וּא בַּנֶּ֥פֶשׁ יְכַפֵּֽר ׃,כי נפש הבשר בדמ הוא ואני נתתיו לכמ על המזבח לכפר על נפשתיכמ כי הדמ הוא בנפש יכפר,19,ארי נפש בסרא בדמא היא ואנא יהבתיה לכון על מדבחא לכפרא על נפשתיכון ארי דמא הוא על נפשא מכפר:,19,"ἡ γὰρ ψυχὴ πάσης σαρκὸς αἷμα αὐτοῦ ἐστιν, καὶ ἐγὼ δέδωκα αὐτὸ ὑμῖν ἐπὶ τοῦ θυσιαστηρίου ἐξιλάσκεσθαι περὶ τῶν ψυχῶν ὑμῶν· τὸ γὰρ αἷμα αὐτοῦ ἀντὶ τῆς ψυχῆς ἐξιλάσεται.",29,ܡܛܠ ܕܢܦܫܐ ܕܒܣܪܐ ܕܡܐ ܗܘ. ܘܐܢܐ ܝܗܒ̇ܬܗ ܠܟܘܢ ܥܠ ܡܕܒܚܐ ܠܚܘܣܝܐ ܕܢܦܫ̈ܬܟܘܢ. ܡܛܠ ܕܕܡܐ ܗܘ ܡܚܣܐ ܥܠ ܢܦܫܐ.,18,"Porque a vida da carne está no sangue; pelo que vo-lo tenho dado sobre o altar, para fazer expiação pelas vossas almas; porquanto é o sangue que faz expiação, em virtude da vida.",33,True,True,True
17,12,Levítico 17:12,עַל־ כֵּ֤ן אָמַ֨רְתִּי֙ לִבְנֵ֣י יִשְׂרָאֵ֔ל כָּל־ נֶ֥פֶשׁ מִכֶּ֖ם לֹא־ תֹ֣אכַל דָּ֑ם וְהַגֵּ֛ר הַגָּ֥ר בְּתוֹכְכֶ֖ם לֹא־ יֹ֥אכַל דָּֽם ׃ ס,על כנ אמרתי לבני ישראל כל נפש מכמ לא תאכל דמ והגר הגר בתוככמ לא יאכל דמ ס,19,על כן אמרית לבני ישראל כל אנש מנכון לא ייכול דמא וגיורא דיתגירון ביניכון לא ייכול דמא:,17,"διὰ τοῦτο εἴρηκα τοῖς υἱοῖς Ἰσραήλ Πᾶσα ψυχὴ ἐξ ὑμῶν οὐ φὰγεται αἷμα, καὶ ὁ προσήλυτος ὁ προσκείμενος ἐν ὑμῖν οὐ φάγεται αἷμα.",23,ܡܛܠ ܗܢܐ ܐܡ̇ܪܬ ܠܒܢ̈ܝ ܐܝܣܪܝܠ. ܟܠ ܢܦܫܐ ܡܢܟܘܢ ܠܐ ܬܐܟܘܠ ܕܡܐ. ܘܐܝܠܝܢ ܕܡܬܦܢܝܢ ܠܘܬܝ ܕܥܡ̇ܪܝܢ ܥܡܟܘܢ ܠܐ ܢܐܟܠܘܢ ܕܡܐ.,19,Portanto tenho dito aos filhos de Israel: Nenhum de vós comerá sangue; nem o estrangeiro que peregrina entre vós comerá sangue.,21,True,True,True
17,13,Levítico 17:13,וְאִ֨ישׁ אִ֜ישׁ מִבְּנֵ֣י יִשְׂרָאֵ֗ל וּמִן־ הַגֵּר֙ הַגָּ֣ר בְּתוֹכָ֔ם אֲשֶׁ֨ר יָצ֜וּד צֵ֥יד חַיָּ֛ה אוֹ־ ע֖וֹף אֲשֶׁ֣ר יֵאָכֵ֑ל וְשָׁפַךְ֙ אֶת־ דָּמ֔וֹ וְכִסָּ֖הוּ בֶּעָפָֽר ׃,ואיש איש מבני ישראל ומנ הגר הגר בתוכמ אשר יצוד ציד חיה או עופ אשר יאכל ושפכ את דמו וכסהו בעפר,22,וגבר גבר מן בני ישראל ומין גיורא דיתגירון ביניכון די יצוד צידא חיתא או עופא די מתאכל ויישוד ית דמיה ויכסניה בעפרא:,22,"καὶ ἄνθρωπος ἄνθρωπος τῶν υἱῶν Ἰσραὴλ καὶ τῶν προσηλύτων τῶν προσκειμένων ἐν ὑμῖν ὃς ἂν θηρεύσῃ θήρευμα θηρίον ἢ πετεινὸν ὃ ἔσθεται, καὶ ἐκχεεῖ τὸ αἷμα καὶ καλύψει αὐτὸ τῇ γῇ·",31,ܘܓܒܪ ܓܒܪ ܡܢ ܒܢ̈ܝ ܐܝܣܪܝܠ. ܘܡܢ ܐܝܠܝܢ ܕܡܬܦܢܝܢ ܠܘܬܝ ܕܥܡ̇ܪܝܢ ܒܝܢܬܟܘܢ. ܕܢܨܘܕ ܨ̇ܝܕܐ ܕܚܝܘܬܐ ܐܘ ܕܦܪܚܬܐ ܕܡܬܐܟܠܐ. ܢܐܫܘܕ ܕܡܗ̇ ܘܢܟܣܝܘܗܝ ܒܥܦܪܐ.,21,"Também, qualquer homem dos filhos de Israel, ou dos estrangeiros que peregrinam entre eles, que apanhar caça de fera ou de ave que se pode comer, derramará o sangue dela e o cobrirá com pó.",35,True,True,True
17,14,Levítico 17:14,כִּֽי־ נֶ֣פֶשׁ כָּל־ בָּשָׂ֗ר דָּמ֣וֹ בְנַפְשׁוֹ֮ הוּא֒ וָֽאֹמַר֙ לִבְנֵ֣י יִשְׂרָאֵ֔ל דַּ֥ם כָּל־ בָּשָׂ֖ר לֹ֣א תֹאכֵ֑לוּ כִּ֣י נֶ֤פֶשׁ כָּל־ בָּשָׂר֙ דָּמ֣וֹ הִ֔וא כָּל־ אֹכְלָ֖יו יִכָּרֵֽת ׃,כי נפש כל בשר דמו בנפשו הוא ואמר לבני ישראל דמ כל בשר לא תאכלו כי נפש כל בשר דמו הוא כל אכליו יכרת,25,ארי נפש כל בסרא דמיה בנפשיה הוא ואמרית לבני ישראל דם כל בסרא לא תיכלון ארי נפש כל בסרא דמיה היא כל דיכלניה ישתיצי:,24,"ἡ γὰρ ψυχὴ πάσης σαρκὸς αἷμα αὐτοῦ ἐστιν, καὶ εἶπα τοῖς υἱοῖς Ἰσραήλ Αἷμα πάσης σαρκὸς οὐ φάγεσθε, ὅτι ἡ ψυχὴ πάσης σαρκὸς αἷμα αὐτοῦ ἐστίν· πᾶς ὁ ἔσθων αὐτὸ ἐξολεθρευθήσεται.",31,ܡܛܠ ܕܢܦܫܐ ܕܟܠܒܣܪ ܕܡܐ ܗܘ. ܘܐܡܪ ܠܒܢ̈ܝ ܐܝܣܪܝܠ . ܕܡܐ ܕܟܠ ܒܣܪ ܠܐ ܬܐܟܠܘܢ . ܡܛܠ ܕܢܦܫܐ ܕܟܠ ܒܣܪ ܕܡܐ ܗܘ . ܘܟܠ ܡ̇ܢ ܕܐ̇ܟܠ ܠܗ ܢܐܒܕ.,27,"Pois, quanto à vida de toda a carne, o seu sangue é uma e a mesma coisa com a sua vida; por isso eu disse aos filhos de Israel: Não comereis o sangue de nenhuma carne, porque a vida de toda a carne é o seu sangue; qualquer que o comer será extirpado.",53,True,True,True
17,15,Levítico 17:15,וְכָל־ נֶ֗פֶשׁ אֲשֶׁ֨ר תֹּאכַ֤ל נְבֵלָה֙ וּטְרֵפָ֔ה בָּאֶזְרָ֖ח וּבַגֵּ֑ר וְכִבֶּ֨ס בְּגָדָ֜יו וְרָחַ֥ץ בַּמַּ֛יִם וְטָמֵ֥א עַד־ הָעֶ֖רֶב וְטָהֵֽר ׃,וכל נפש אשר תאכל נבלה וטרפה באזרח ובגר וכבס בגדיו ורחצ במימ וטמא עד הערב וטהר,17,וכל אנש די ייכול נבילא ותבירא ביציבא ובגיורא ויצבע לבושוהי ויסחי במיא ויהי מסאב עד רמשא וידכי:,17,"καὶ πᾶσα ψυχὴ ἥτις φάγεται θνησιμαῖον ἢ θηριάλωτον, ἐν τοῖς αὐτόχθοσιν ἢ ἐν τοῖς προσηλύτοις, πλυνεῖ τὰ ἱμάτια αὐτοῦ καὶ λούσεται ὕδατι, καὶ ἀκάθαρτος ἕως ἑσπέρας, καὶ καθαρὸς ἔσται.",29,ܘܟܠ ܢܦܫܐ ܕܬܐܟܘܠ ܦܓܪܐ ܐܘ ܕܬܒܝܪ ܠܚܝܘܬܐ. ܒܟܘܢ ܘܒܐܝܠܝܢ ܕܡܬܦܢܝܢ ܠܘܬܝ ܕܥܡ̇ܪܝܢ ܒܝܢܬܟܘܢ . ܢܚܠܠ ܡܐ̈ܢܘܗܝ ܘܢܣܚܐ ܒܡ̈ܝܐ. ܘܢܗܘܐ ܛܡܐ ܥܕܡܐ ܠܪܡܫܐ ܘܢܬܕܟܐ.,23,"E todo homem, quer natural quer estrangeiro, que comer do que morre por si ou do que é dilacerado por feras, lavará as suas vestes, e se banhará em água, e será imundo até a tarde; depois será limpo.",39,True,True,True
17,16,Levítico 17:16,וְאִם֙ לֹ֣א יְכַבֵּ֔ס וּבְשָׂר֖וֹ לֹ֣א יִרְחָ֑ץ וְנָשָׂ֖א עֲוֺנֽוֹ ׃ פ,ואמ לא יכבס ובשרו לא ירחצ ונשא עונו פ,10,ואם לא יצבע ובסריה לא יסחי ויקבל חוביה:,8,"ἐὰν δὲ μὴ πλύνῃ τὰ ἱμάτια καὶ τὸ σῶμα μὴ λούσηται ὕδατι, καὶ λήμψεται ἀνόμημα αὐτοῦ.",16,ܘܐܢ ܠܐ ܢܚܠܠ ܡܐ̈ܢܘܗܝ ܘܒܣܪܗ ܠܐ ܢܣܚܐ ܢܩܒܠ ܚܛܗܗ.,9,"Mas, se não as lavar, nem banhar o seu corpo, levará sobre si a sua iniquidade",16,True,True,True
18,1,Levítico 18:1,וַיְדַבֵּ֥ר יְהוָ֖ה אֶל־ מֹשֶׁ֥ה לֵּאמֹֽר ׃,וידבר יהוה אל משה לאמר,6,ומליל יי עם משה למימר:,5,Καὶ εἶπεν Κύριος πρὸς Μωυσῆν λέγων,6,ܘܡܠܠ ܡܪܝܐ ܥܡ ܡܘܫܐ ܘܐܡܪ ܠܗ.,6,Disse mais o Senhor a Moisés:,6,True,True,True
18,2,Levítico 18:2,דַּבֵּר֙ אֶל־ בְּנֵ֣י יִשְׂרָאֵ֔ל וְאָמַרְתָּ֖ אֲלֵהֶ֑ם אֲנִ֖י יְהוָ֥ה אֱלֹהֵיכֶֽם ׃,דבר אל בני ישראל ואמרת אלהמ אני יהוה אלהיכמ,10,מלל עם בני ישראל ותימר להון אנא יי אלהכון:,9,Λάλησον τοῖς υἱοῖς Ἰσραὴλ καὶ ἐρεῖς πρὸς αὐτούς Ἐγὼ Κύριος ὁ θεὸς ὑμῶν·,13,ܡܠܠ ܥܡ ܒܢ̈ܝ ܐܝܣܪܝܠ ܘܐܡܪ ܠܗܘܢ. ܐܢܐ ܐܢܐ ܡܪܝܐ ܐܠܗܟܘܢ.,10,"Fala aos filhos de Israel, e dize-lhes: Eu sou o Senhor vosso Deus.",13,True,True,True
18,3,Levítico 18:3,כְּמַעֲשֵׂ֧ה אֶֽרֶץ־ מִצְרַ֛יִם אֲשֶׁ֥ר יְשַׁבְתֶּם־ בָּ֖הּ לֹ֣א תַעֲשׂ֑וּ וּכְמַעֲשֵׂ֣ה אֶֽרֶץ־ כְּנַ֡עַן אֲשֶׁ֣ר אֲנִי֩ מֵבִ֨יא אֶתְכֶ֥ם שָׁ֨מָּה֙ לֹ֣א תַעֲשׂ֔וּ וּבְחֻקֹּתֵיהֶ֖ם לֹ֥א תֵלֵֽכוּ ׃,כמעשה ארצ מצרימ אשר ישבתמ בה לא תעשו וכמעשה ארצ כנענ אשר אני מביא אתכמ שמה לא תעשו ובחקתיהמ לא תלכו,22,כעובדי עמא דארעא דמצרים די יתבתון בה לא תעבדון וכעובדי עמא דארעא דכנען די אנא מעל יתכון תמן לא תעבדון ובנימוסיהון לא תהכון:,23,"κατὰ τὰ ἐπιτηδεύματα γῆς Αἰγύπτου, ἐν ᾗ κατοικήσατε ἐπ᾽ αὐτῇ, οὐ ποιηθήσεται· καὶ κατὰ τὰ ἐπιτηδεύματα γῆς Χανάαν, εἰς ἣν ἐγὼ εἰσάγω ὑμᾶς ἐκεῖ, οὐ ποιήσετε, καὶ τοῖς νομίμοις αὐτῶν οὐ πορεύσεσθε.",32,ܐܝܟ ܥܒ̇ܕܐ ܕܐܪܥܐ ܕܡܨܪܝܢ ܕܥܡܪܬܘܢ ܒܗ̇ ܠܐ ܬܥܒܕܘܢ. ܘܐܝܟ ܥܒ̇ܕܐ̈ ܕܐܪܥܐ ܕܟܢܥܢ ܕܡܥܠ ܐܢܐ ܠܟܘܢ ܠܬܡ̇ܢ ܠܐ ܬܥܒܕܘܢ. ܘܒܢܡ̈ܘܣܝܗܘܢ ܠܐ ܬܗܠܟܘܢ.,21,"Não fareis segundo as obras da terra do Egito, em que habitastes; nem fareis segundo as obras da terra de Canaã, para a qual eu vos levo; nem andareis segundo os seus estatutos.",33,True,True,True
18,4,Levítico 18:4,אֶת־ מִשְׁפָּטַ֧י תַּעֲשׂ֛וּ וְאֶת־ חֻקֹּתַ֥י תִּשְׁמְר֖וּ לָלֶ֣כֶת בָּהֶ֑ם אֲנִ֖י יְהוָ֥ה אֱלֹהֵיכֶֽם ׃,את משפטי תעשו ואת חקתי תשמרו ללכת בהמ אני יהוה אלהיכמ,12,ית דיני תעבדון וית קימי תטרון להלכא בהון אנא יי אלהכון:,11,"τὰ κρίματά μου ποιήσετε καὶ τὰ προστάγματά μου φυλάξεσθε, πορεύεσθαι ἐν αὐτοῖς· ἐγὼ Κύριος ὁ θεὸς ὑμῶν.",17,ܐܠܐ ܥܒܕܘ ܕܝܢ̈ܝ ܘܛܪܘ ܦܘܩ̈ܕܢܝ ܘܗܠܟܘ ܒܗܘܢ. ܐܢܐ ܐܢܐ ܡܪܝܐ ܐܠܗܟܘܢ.,11,"Os meus preceitos observareis, e os meus estatutos guardareis, para andardes neles. Eu sou o Senhor vosso Deus.",18,True,True,True
18,5,Levítico 18:5,וּשְׁמַרְתֶּ֤ם אֶת־ חֻקֹּתַי֙ וְאֶת־ מִשְׁפָּטַ֔י אֲשֶׁ֨ר יַעֲשֶׂ֥ה אֹתָ֛ם הָאָדָ֖ם וָחַ֣י בָּהֶ֑ם אֲנִ֖י יְהוָֽה ׃ ס,ושמרתמ את חקתי ואת משפטי אשר יעשה אתמ האדמ וחי בהמ אני יהוה ס,15,ותטרון ית קימי וית דיני די יעבד יתהון אנשא ויחי בהון לחיי עלמא אנא יי:,15,"καὶ φυλάξεσθε πάντα τὰ προστάγματά μου καὶ πάντα τὰ κρίματά μου, καὶ ποιήσετε αὐτά· ἃ ποιήσας ἄνθρωπος ζήσεται ἐν αὐτοῖς· ἐγὼ Κύριος ὁ θεὸς ὑμῶν.",25,ܛܪܘ ܦܘܩ̈ܕܢܝ ܘܕܝܢ̈ܝ. ܕܒܪܢܫܐ ܕܥ̇ܒܕ ܠܗܘܢ ܚ̇ܝܐ ܒܗܘܢ ܐܢܐ ܐܢܐ ܡܪܝܐ.,11,"Guardareis, pois, os meus estatutos e as minhas ordenanças, pelas quais o homem, observando-as, viverá. Eu sou o Senhor.",19,True,True,True
18,6,Levítico 18:6,אִ֥ישׁ אִישׁ֙ אֶל־ כָּל־ שְׁאֵ֣ר בְּשָׂר֔וֹ לֹ֥א תִקְרְב֖וּ לְגַלּ֣וֹת עֶרְוָ֑ה אֲנִ֖י יְהוָֽה ׃ ס,איש איש אל כל שאר בשרו לא תקרבו לגלות ערוה אני יהוה ס,14,גבר גבר לכל קריב בסריה לא תקרבון לגלאה עריא אנא יי:,11,Ἄνθρωπος ἄνθρωπος πρὸς πάντα οἰκεῖα σαρκὸς αὐτοῦ οὐ προσελεύσεται ἀποκαλύψαι ἀσχημοσύνην· ἐγὼ Κύριος.,13,ܓܒܪ ܓܒܪ ܥܠ ܟܠ ܩܪܝܒ ܒܣܪܗ. ܠܐ ܬܬܩܪܒܘܢ ܠܡܓܠܝܘ ܦܘܪܣܝܐ. ܐܢܐ ܐܢܐ ܡܪܝܐ.,13,"Nenhum de vós se chegará àquela que lhe é próxima por sangue, para descobrir a sua nudez. Eu sou o Senhor.",21,True,True,True
18,7,Levítico 18:7,עֶרְוַ֥ת אָבִ֛יךָ וְעֶרְוַ֥ת אִמְּךָ֖ לֹ֣א תְגַלֵּ֑ה אִמְּךָ֣ הִ֔וא לֹ֥א תְגַלֶּ֖ה עֶרְוָתָֽהּ ׃ ס,ערות אביכ וערות אמכ לא תגלה אמכ הוא לא תגלה ערותה ס,13,ערית אבוך וערית אמך לא תגלי אמך היא לא תגלי עריתה:,11,ἀσχημοσύνην πατρός σου καὶ ἀσχημοσύνην μητρός σου οὐκ ἀποκαλύψεις· μήτηρ γάρ σού ἐστιν καὶ οὐκ ἀποκαλύψεις τὴν ἀσχημοσύνην αὐτῆς.,19,ܦܘܪܣܝܗ ܕܐܒܘܟ ܘܦܘܪܣܝܗ̇ ܕܐܡܟ ܠܐ ܬܓܠܐ. ܐܡܟ ܗܝ ܠܐ ܬܓܠܐ ܦܘܪܣܝܗ̇.,11,"Não descobrirás a nudez de teu pai, nem tampouco a de tua mãe; ela é tua mãe, não descobrirás a sua nudez.",22,True,True,True
18,8,Levítico 18:8,עֶרְוַ֥ת אֵֽשֶׁת־ אָבִ֖יךָ לֹ֣א תְגַלֵּ֑ה עֶרְוַ֥ת אָבִ֖יךָ הִֽוא ׃ ס,ערות אשת אביכ לא תגלה ערות אביכ הוא ס,10,ערית אתת אבוך לא תגלי ערית אבוך היא:,8,ἀσχημοσύνην γυναικὸς πατρός σου οὐκ ἀποκαλύψεις· ἀσχημοσύνη πατρός σού ἐστιν.,10,ܦܘܪܣܝܗ̇ ܕܐܢܬܬ ܐܒܘܟ ܠܐ ܬܓܠܐ. ܦܘܪܣܝܗ ܗܘ ܓܝܪ ܕܐܒܘܟ.,9,Não descobrirás a nudez da mulher de teu pai; é nudez de teu pai.,14,True,True,True
18,9,Levítico 18:9,עֶרְוַ֨ת אֲחֽוֹתְךָ֤ בַת־ אָבִ֨יךָ֙ א֣וֹ בַת־ אִמֶּ֔ךָ מוֹלֶ֣דֶת בַּ֔יִת א֖וֹ מוֹלֶ֣דֶת ח֑וּץ לֹ֥א תְגַלֶּ֖ה עֶרְוָתָֽן ׃ ס,ערות אחותכ בת אביכ או בת אמכ מולדת בית או מולדת חוצ לא תגלה ערותנ ס,17,ערית אחתך בת אבוך או בת אמך דילידא מן אבוך מן אתת אחרי או מן אמך לגבר אחרן לא תגלי עריתהן:,21,"ἀσχημοσύνην τῆς ἀδελφῆς σου ἐκ πατρός σου ἢ μητρός σου, ἐνδογενοῦς γεγεννημένης ἢ ἔξω, οὐκ ἀποκαλύψεις ἀσχημοσύνην αὐτῆς.",18,ܦܘܪܣܝܗ̇ ܕܚܬܟ ܒܪܬ ܐܒܘܟ ܐܘ ܒܪܬ ܐܡܟ. ܕܝܠܝܕܐ ܡܢ ܐܒܘܟ ܐܘ ܡܢ ܓܒܪ ܐܚܪܝܢ. ܠܐ ܬܓܠܐ ܦܘܪܣܝܗ̇.,17,"A nudez de tua irmã por parte de pai ou por parte de mãe, quer nascida em casa ou fora de casa, não a descobrirás.",25,True,True,True
18,10,Levítico 18:10,עֶרְוַ֤ת בַּת־ בִּנְךָ֙ א֣וֹ בַֽת־ בִּתְּךָ֔ לֹ֥א תְגַלֶּ֖ה עֶרְוָתָ֑ן כִּ֥י עֶרְוָתְךָ֖ הֵֽנָּה ׃ ס,ערות בת בנכ או בת בתכ לא תגלה ערותנ כי ערותכ הנה ס,14,ערית בת ברך או בת ברתך לא תגלי עריתהן ארי עריתך אנון:,12,"ἀσχημοσύνην θυγατρὸς υἱοῦ σου ἢ θυγατρὸς θυγατρός σου, οὐκ ἀποκαλύψεις τὴν ἀσχημοσύνην αὐτῶν, ὅτι σὴ ἀσχημοσύνη ἐστίν.",17,ܦܘܪܣܝܗ̇ ܕܒܪܬ ܒܪܟ ܐܘ ܕܒܪܬ ܒܪܬܟ ܠܐ ܬܓܠܐ ܦܘܪܣܝܗܝܢ. ܡܛܠ ܕܦܘܪܣܝܟ ܗܘ.,12,"Nem tampouco descobrirás a nudez da filha de teu filho, ou da filha de tua filha; porque é tua nudez.",20,True,True,True
18,11,Levítico 18:11,עֶרְוַ֨ת בַּת־ אֵ֤שֶׁת אָבִ֨יךָ֙ מוֹלֶ֣דֶת אָבִ֔יךָ אֲחוֹתְךָ֖ הִ֑וא לֹ֥א תְגַלֶּ֖ה עֶרְוָתָֽהּ ׃ ס,ערות בת אשת אביכ מולדת אביכ אחותכ הוא לא תגלה ערותה ס,13,ערית בת אתת אבוך דילידא מן אבוך אחתך היא לא תגלי עריתה:,12,"ἀσχημοσύνην θυγατρὸς γυναικὸς πατρός σου οὐκ ἀποκαλύψεις· ὁμοπατρία ἀδελφή σού ἐστιν, οὐκ ἀποκαλύψεις τὴν ἀσχημοσύνην αὐτῆς.",16,ܦܘܪܣܝܗ̇ ܕܒܪܬ ܐܢܬܬ ܐܒܘܟ. ܕܝܠܝܕܐ ܡܢ ܐܒܘܟ. ܚܬܟ ܗܝ. ܠܐ ܬܓܠܐ ܦܘܪܣܝܗ̇.,12,"A nudez da filha da mulher de teu pai, gerada de teu pai, a qual é tua irmã, não a descobrirás.",21,True,True,True
18,12,Levítico 18:12,עֶרְוַ֥ת אֲחוֹת־ אָבִ֖יךָ לֹ֣א תְגַלֵּ֑ה שְׁאֵ֥ר אָבִ֖יךָ הִֽוא ׃ ס,ערות אחות אביכ לא תגלה שאר אביכ הוא ס,10,ערית אחת אבוך לא תגלי קריבת אבוך היא:,8,ἀσχημοσύνην ἀδελφῆς πατρός σου οὐκ ἀποκαλύψεις· οἰκεία γὰρ πατρός σού ἐστιν.,11,ܦܘܪܣܝܐ ܕܚܬܗ ܕܐܒܘܟ ܠܐ ܬܓܠܐ. ܩܪܝܒܬܗ ܗܝ ܓܝܪ ܕܐܒܘܟ.,9,Não descobrirás a nudez da irmã de teu pai; ela é parenta chegada de teu pai.,16,True,True,True
18,13,Levítico 18:13,עֶרְוַ֥ת אֲחֽוֹת־ אִמְּךָ֖ לֹ֣א תְגַלֵּ֑ה כִּֽי־ שְׁאֵ֥ר אִמְּךָ֖ הִֽוא ׃ ס,ערות אחות אמכ לא תגלה כי שאר אמכ הוא ס,11,ערית אחת אמך לא תגלי ארי קריבת אמך היא:,9,ἀσχημοσύνην ἀδελφῆς μητρός σου οὐκ ἀποκαλύψεις· οἰκεία γὰρ μητρός σού ἐστιν.,11,ܦܘܪܣܝܐ ܕܚܬܗ̇ ܕܐܡܟ ܠܐ ܬܓܠܐ. ܡܛܠ ܕܩܪܝܒܬܗ̇ ܗܝ ܕܐܡܟ.,9,"Não descobrirás a nudez da irmã de tua mãe, pois ela é parenta chegada de tua mãe.",17,True,True,True
18,14,Levítico 18:14,עֶרְוַ֥ת אֲחִֽי־ אָבִ֖יךָ לֹ֣א תְגַלֵּ֑ה אֶל־ אִשְׁתּוֹ֙ לֹ֣א תִקְרָ֔ב דֹּדָֽתְךָ֖ הִֽוא ׃ ס,ערות אחי אביכ לא תגלה אל אשתו לא תקרב דדתכ הוא ס,13,ערית אח אבוך לא תגלי לאתתיה לא תקרב אתת אח אבוך היא:,12,"ἀσχημοσύνην ἀδελφοῦ τοῦ πατρός σου οὐκ ἀποκαλύψεις, καὶ πρὸς τὴν γυναῖκα αὐτοῦ οὐκ εἰσελεύσῃ· συγγενὴς γάρ σού ἐστιν.",18,ܦܘܪܣܝܗ̇ ܕܐܢܬܬ ܕܕܟ ܠܐ ܬܓܠܐ. ܘܠܐܢܬܬܗ ܠܐ ܬܬܩܪܒ. ܡܛܠ ܕܐܢܬܬ ܕܕܟ ܗܝ. ܠܐ ܬܓܠܐ ܦܘܪܣܝܗ̇.,15,Não descobrirás a nudez do irmão de teu pai; não te chegarás à sua mulher; ela é tua tia.,19,True,True,True
18,15,Levítico 18:15,עֶרְוַ֥ת כַּלָּֽתְךָ֖ לֹ֣א תְגַלֵּ֑ה אֵ֤שֶׁת בִּנְךָ֙ הִ֔וא לֹ֥א תְגַלֶּ֖ה עֶרְוָתָֽהּ ׃ ס,ערות כלתכ לא תגלה אשת בנכ הוא לא תגלה ערותה ס,12,ערית כלתך לא תגלי אתת ברך היא לא תגלי עריתה:,10,"ἀσχημοσύνην νύμφης σου οὐκ ἀποκαλύψεις· γυνὴ γὰρ υἱοῦ σού ἐστιν, οὐκ ἀποκαλύψεις τὴν ἀσχημοσύνην αὐτῆς.",15,ܦܘܪܣܝܗ̇ ܕܟܠܬܟ ܠܐ ܬܓܠܐ. ܡܛܠ ܕܐܢܬܬ ܒܪܟ ܗܝ ܠܐ ܬܓܠܐ ܦܘܪܣܝܗ̇.,11,"Não descobrirás a nudez de tua nora; ,ela é mulher de teu filho; não descobrirás a sua nudez.",18,True,True,True
18,16,Levítico 18:16,עֶרְוַ֥ת אֵֽשֶׁת־ אָחִ֖יךָ לֹ֣א תְגַלֵּ֑ה עֶרְוַ֥ת אָחִ֖יךָ הִֽוא ׃ ס,ערות אשת אחיכ לא תגלה ערות אחיכ הוא ס,10,ערית אתת אחוך לא תגלי ערית אחוך היא:,8,ἀσχημοσύνην γυναικὸς ἀδελφοῦ σου οὐκ ἀποκαλύψεις· ἀσχημοσύνη ἀδελφοῦ σού ἐστιν.,10,ܦܘܪܣܝܗ̇ ܕܐܢܬܬ ܐܚܘܟ ܠܐ ܬܓܠܐ. ܦܘܪܣܝܗ ܗܘ ܓܝܪ ܕܐܚܘܟ.,9,Não descobrirás a nudez da mulher de teu irmão; é a nudez de teu irmão.,15,True,True,True
18,17,Levítico 18:17,עֶרְוַ֥ת אִשָּׁ֛ה וּבִתָּ֖הּ לֹ֣א תְגַלֵּ֑ה אֶֽת־ בַּת־ בְּנָ֞הּ וְאֶת־ בַּת־ בִּתָּ֗הּ לֹ֤א תִקַּח֙ לְגַלּ֣וֹת עֶרְוָתָ֔הּ שַׁאֲרָ֥ה הֵ֖נָּה זִמָּ֥ה הִֽוא,ערות אשה ובתה לא תגלה את בת בנה ואת בת בתה לא תקח לגלות ערותה שארה הנה זמה הוא,19,ערית אתתא וברתה לא תגלי ית בת ברה וית בת ברתה לא תסב לגלאה עריתה קריבן אנון עצת חטאין היא:,20,"ἀσχημοσύνην γυναικὸς καὶ θυγατρὸς αὐτῆς οὐκ ἀποκαλύψεις· τὴν θυγατέρα τοῦ υἱοῦ αὐτῆς καὶ τὴν θυγατέρα τῆς θυγατρὸς αὐτῆς οὐ λήμψῃ ἀποκαλύψαι τὴν ἀσχημοσύνην αὐτῶν· οἰκεῖαι γάρ σού εἰσιν, ἀσέβημά ἐστιν.",30,ܦܘܪܣܝܐ ܕܐܢܬܬܐ ܘܕܒܪܬܗ̇ ܠܐ ܬܓܠܐ. ܐܘ ܕܒܪܬ ܒܪܗ̇ ܐܘ ܕܒܪܬ ܒܪܬܗ̇. ܠܐ ܬܬܩܪܒ ܠܡܓܠܝܘ ܦܘܪܣܝܗܝܢ. ܩܪ̈ܝܒܢ ܐܢܝ̈ܢ ܘܥܘܠܐ ܗܘ .,20,"Não descobrirás a nudez duma mulher e de sua filha. Não tomarás a filha de seu filho, nem a filha de sua filha, para descobrir a sua nudez; são parentas chegadas; é maldade.",33,True,True,True
18,18,Levítico 18:18,וְאִשָּׁ֥ה אֶל־ אֲחֹתָ֖הּ לֹ֣א תִקָּ֑ח לִצְרֹ֗ר לְגַלּ֧וֹת עֶרְוָתָ֛הּ עָלֶ֖יהָ בְּחַיֶּֽיהָ ׃,ואשה אל אחתה לא תקח לצרר לגלות ערותה עליה בחייה,11,ואתתא עם אחתה לא תסב לעקאה לגלאה עריתה עלה בחייהא:,10,"γυναῖκα ἐπὶ ἀδελφῇ αὐτῆς οὐ λήμψῃ ἀντίζηλον, ἀποκαλύψαι τὴν ἀσχημοσύνην αὐτῆς ἐπ᾽ αὐτῇ, ἔτι ζώσης αὐτῆς.",16,ܘܐܢܬܬܐ ܥܠ ܚܬܗ̇ ܠܐ ܬܣܒ ܘܬܥܝܩ ܠܗ̇. ܘܬܓܠܐ ܦܘܪܣܝܗ̇ ܥܠܝܗ̇ ܒܚܝ̈ܝܗ̇.,11,"E não tomarás uma mulher juntamente com sua irmã, durante a vida desta, para tornar-lha rival, descobrindo a sua nudez ao lado da outra.",24,True,True,True
18,19,Levítico 18:19,וְאֶל־ אִשָּׁ֖ה בְּנִדַּ֣ת טֻמְאָתָ֑הּ לֹ֣א תִקְרַ֔ב לְגַלּ֖וֹת עֶרְוָתָֽהּ ׃,ואל אשה בנדת טמאתה לא תקרב לגלות ערותה,9,ולאתתא ברחוק סובתה לא תקרב לגלאה עריתה:,7,καὶ πρὸς γυναῖκα ἐν χωρισμῷ ἀκαθαρσίας αὐτῆς οὐ προσελεύσῃ ἀποκαλύψαι τὴν ἀσχημοσύνην αὐτῆς.,13,ܘܠܐܢܬܬܐ ܒܟܦܣܐ ܕܛܡܐܘܬܗ̇. ܠܐ ܬܬܩܪܒ. ܠܡܓܠܝܘ ܦܘܪܣܝܗ̇.,7,"Também não te chegarás a mulher enquanto for impura em virtude da sua imundícia, para lhe descobrir a nudez.",19,True,True,True
18,20,Levítico 18:20,וְאֶל־ אֵ֨שֶׁת֙ עֲמִֽיתְךָ֔ לֹא־ תִתֵּ֥ן שְׁכָבְתְּךָ֖ לְזָ֑רַע לְטָמְאָה־ בָֽהּ ׃,ואל אשת עמיתכ לא תתנ שכבתכ לזרע לטמאה בה,10,ובאתת חברך לא תתן שכבתך לזרעא לאסתאבא בה:,8,"καὶ πρὸς τὴν γυναῖκα τοῦ πλησίον σου οὐ δώσεις κοίτην σπέρματός σου, ἐκμιανθῆναι πρὸς αὐτήν.",15,ܘܒܐܢܬܬ ܚܒܪܟ ܠܐ ܬܪܡܐ ܙܪܥܐ ܕܡܕܡܟܟ ܘܬܬܛܡܐ ܒܗ̇.,8,"Nem te deitarás com a mulher de teu próximo, contaminando-te com ela.",12,True,True,True
18,21,Levítico 18:21,וּמִֽזַּרְעֲךָ֥ לֹא־ תִתֵּ֖ן לְהַעֲבִ֣יר לַמֹּ֑לֶךְ וְלֹ֧א תְחַלֵּ֛ל אֶת־ שֵׁ֥ם אֱלֹהֶ֖יךָ אֲנִ֥י יְהוָֽה ׃,ומזרעכ לא תתנ להעביר למלכ ולא תחלל את שמ אלהיכ אני יהוה,13,ומבניך לא תתן לאעברא למולך ולא תחל ית שמא דאלהך אנא יי:,12,"καὶ ἀπὸ τοῦ σπέρματός σου οὐ δώσεις λατρεύειν ἄρχοντι, καὶ οὐ βεβηλώσεις τὸ ὄνομα τὸ ἅγιον· ἐγὼ Κύριος.",18,ܘܡܢ ܙܪܥܟ ܠܐ ܬܪܡܐ ܠܡܒܛܢܘ ܢܘܟܪܝܬܐ. ܘܠܐ ܬܛܘܫ ܫܡܗ ܕܐܠܗܟ. ܐܢܐ ܐܢܐ ܡܪܝܐ.,13,"Não oferecerás a Moloque nenhum dos teus filhos, fazendo-o passar pelo fogo; nem profanarás o nome de teu Deus. Eu sou o Senhor.",23,True,True,True
18,22,Levítico 18:22,וְאֶ֨ת־ זָכָ֔ר לֹ֥א תִשְׁכַּ֖ב מִשְׁכְּבֵ֣י אִשָּׁ֑ה תּוֹעֵבָ֖ה הִֽוא ׃,ואת זכר לא תשכב משכבי אשה תועבה הוא,9,ועם דכורא לא תשכוב משכבי אתתא תועבתא היא:,8,καὶ μετὰ ἄρσενος οὐ κοιμηθήσῃ κοίτην γυναικός· βδέλυγμα γάρ ἐστιν.,10,ܘܥܡ ܕܟܪܐ ܠܐ ܬܕܡܟ ܡܕܡܟܐ ܕܐܢܬܬܐ. ܡܛܘܠ ܕܛܡܐ ܗܘ.,9,"Não te deitarás com varão, como se fosse mulher; é abominação.",11,True,True,True
18,23,Levítico 18:23,וּבְכָל־ בְּהֵמָ֛ה לֹא־ תִתֵּ֥ן שְׁכָבְתְּךָ֖ לְטָמְאָה־ בָ֑הּ וְאִשָּׁ֗ה לֹֽא־ תַעֲמֹ֞ד לִפְנֵ֧י בְהֵמָ֛ה לְרִבְעָ֖הּ תֶּ֥בֶל הֽוּא ׃,ובכל בהמה לא תתנ שכבתכ לטמאה בה ואשה לא תעמד לפני בהמה לרבעה תבל הוא,16,ובכל בעירא לא תתן שכבתך לאסתאבא בה ואתתא לא תקום קדם בעירא למשלט בה תבלא הוא:,16,καὶ πρὸς πᾶν τετράπουν οὐ δώσεις τὴν κοίτην σου εἰς σπερματισμὸν ἐκμιανθῆναι πρὸς αὐτό· καὶ γυνὴ οὐ στήσεται πρὸς πᾶν τετράπουν βιβασθῆναι· μυσερὸν γάρ ἐστιν.,25,ܘܒܟܠ ܒܥܝܪܐ ܠܐ ܬܪܡܐ ܙܪܥܟ ܘܬܬܛܡܐ ܒܗ̇. ܘܐܢܬܬܐ ܠܐ ܬܩܘܡ ܩܕܡ ܒܥܝܪ̈ܐ ܕܬܬܪܟܒ ܡܢܗ̇. ܡܛܠ ܕܛܡܐܘܬܐ ܗܝ.,17,"Nem te deitarás com animal algum, contaminando-te com ele; nem a mulher se porá perante um animal, para ajuntar-se com ele; é confusão.",23,True,True,True
18,24,Levítico 18:24,אַל־ תִּֽטַּמְּא֖וּ בְּכָל־ אֵ֑לֶּה כִּ֤י בְכָל־ אֵ֨לֶּה֙ נִטְמְא֣וּ הַגּוֹיִ֔ם אֲשֶׁר־ אֲנִ֥י מְשַׁלֵּ֖חַ מִפְּנֵיכֶֽם ׃,אל תטמאו בכל אלה כי בכל אלה נטמאו הגוימ אשר אני משלח מפניכמ,14,לא תסתאבון בכל אלין ארי בכל אלין אסתאבו עממיא די אנא מגלי מן קדמיכון:,14,Μὴ μιαίνεσθε ἐν πᾶσιν τούτοις· ἐν πᾶσι γὰρ τούτοις ἐμιάνθησαν τὰ ἔθνη ἃ ἐγὼ ἐξαποστέλλω πρὸ προσώπου ὑμῶν.,18,ܠܐ ܬܬܛܡܐܘܢ ܒܗܠܝܢ ܟܠܗܝܢ. ܡܛܠ ܕܒܗܠܝܢ ܟܠܗܝܢ ܐܬܛܡܐܘ ܥܡܡ̈ܐ ܕܫ̇ܕܐ ܐܢܐ ܡܢ ܩܕܡܝܟܘܢ.,13,"Não vos contamineis com nenhuma dessas coisas, porque com todas elas se contaminaram as nações que eu expulso de diante de vós;",22,True,True,True
18,25,Levítico 18:25,וַתִּטְמָ֣א הָאָ֔רֶץ וָאֶפְקֹ֥ד עֲוֺנָ֖הּ עָלֶ֑יהָ וַתָּקִ֥א הָאָ֖רֶץ אֶת־ יֹשְׁבֶֽיהָ ׃,ותטמא הארצ ואפקד עונה עליה ותקא הארצ את ישביה,10,ואסתאבת ארעא ואסערית חובה עלה ורוקינת ארעא ית יתבהא:,9,"καὶ ἐμιάνθη ἡ γῆ· καὶ ἀνταπέδωκα αὐτοῖς ἀδικίαν δι᾽ αὐτήν, καὶ προσώχθισεν ἡ γῆ τοῖς ἐνκαθημένοις ἐπ᾽ αὐτῆς.",18,ܘܐܬܛܢܦܬ ܐܪܥܐ ܘܦܪܥ̇ܬ ܥܘܠܗ̇ ܥܠܝܗ̇. ܘܣܪܩܬ ܐܪܥܐ ܥܡܘܪ̈ܝܗ̇.,8,"e, porquanto a terra está contaminada, eu visito sobre ela a sua iniqüidade, e a terra vomita os seus habitantes.",20,True,True,True
18,26,Levítico 18:26,וּשְׁמַרְתֶּ֣ם אַתֶּ֗ם אֶת־ חֻקֹּתַי֙ וְאֶת־ מִשְׁפָּטַ֔י וְלֹ֣א תַעֲשׂ֔וּ מִכֹּ֥ל הַתּוֹעֵבֹ֖ת הָאֵ֑לֶּה הָֽאֶזְרָ֔ח וְהַגֵּ֖ר הַגָּ֥ר בְּתוֹכְכֶֽם ׃,ושמרתמ אתמ את חקתי ואת משפטי ולא תעשו מכל התועבת האלה האזרח והגר הגר בתוככמ,16,ותטרון אתון ית קימי וית דיני ולא תעבדון מכל תועבתא האלין יציבא וגיורא דיתגירון ביניכון:,15,"καὶ φυλάξεσθε πάντα τὰ νόμιμά μου καὶ πάντα τὰ προστάγματά μου, καὶ οὐ ποιήσετε ἀπὸ πάντων τῶν βδελυγμάτων τούτων, ὁ ἐνχώριος ἢ ὁ προσγενόμενος προσήλυτος ἐν ὑμῖν·",27,ܛܪܘ ܩܝ̈ܡܝ ܘܕܝܢ̈ܝ. ܘܠܐ ܬܥܒܕܘܢ ܚܕ ܡܢ ܗܠܝܢ ܟܠܗܘܢ ܚ̈ܛܗܐ. ܠܐ ܐܢܬܘܢ ܘܠܐ ܐܝܠܝܢ ܕܡܬܦܢܝܢ ܠܘܬܝ ܕܥܡ̇ܪܝܢ ܒܝܢܬܟܘܢ.,18,"Vós, pois, guardareis os meus estatutos e os meus preceitos, e nenhuma dessas abominações fareis, nem o natural, nem o estrangeiro que peregrina entre vós",25,True,True,True
18,27,Levítico 18:27,כִּ֚י אֶת־ כָּל־ הַתּוֹעֵבֹ֣ת הָאֵ֔ל עָשׂ֥וּ אַנְשֵֽׁי־ הָאָ֖רֶץ אֲשֶׁ֣ר לִפְנֵיכֶ֑ם וַתִּטְמָ֖א הָאָֽרֶץ ׃,כי את כל התועבת האל עשו אנשי הארצ אשר לפניכמ ותטמא הארצ,13,ארי ית כל תועבתא האלין עבדו אנשי ארעא די קדמיכון ואסתאבת ארעא:,12,"πάντα γὰρ τὰ βδελύγματα ταῦτα ἐποίησαν οἱ ἄνθρωποι τῆς γῆς οἱ ὄντες πρότεροι ὑμῶν, καὶ ἐμιάνθη ἡ γῆ·",18,ܡܛܠ ܕܗܠܝܢ ܟܠܗܘܢ ܚ̈ܛܗܐ ܥܒܕܘ ܐܢܫ̈ܝ ܐܬܪܐ ܕܡܢ ܩܕܡܝܟܘܢ. ܘܐܬܛܢܦܬ ܐܪܥܐ.,11,"{porque todas essas abominações cometeram os homens da terra, que nela estavam antes de vós, e a terra ficou contaminada};",20,True,True,True
18,28,Levítico 18:28,וְלֹֽא־ תָקִ֤יא הָאָ֨רֶץ֙ אֶתְכֶ֔ם בְּטַֽמַּאֲכֶ֖ם אֹתָ֑הּ כַּאֲשֶׁ֥ר קָאָ֛ה אֶת־ הַגּ֖וֹי אֲשֶׁ֥ר לִפְנֵיכֶֽם ׃,ולא תקיא הארצ אתכמ בטמאכמ אתה כאשר קאה את הגוי אשר לפניכמ,13,ולא תרוקן ארעא יתכון בסאביכון יתה כמא דרוקינת ית עממיא די קדמיכון:,12,"καὶ ἵνα μὴ προσοχθίσῃ ὑμῖν ἡ γῆ ἐν τῷ μιαίνειν ὑμᾶς αὐτήν, ὃν τρόπον προσώχθισεν τοῖς ἔθνεσιν τοῖς πρὸ ὑμῶν.",20,ܠܐ ܬܛܡܐܘܢܗ̇ ܠܐܪܥܐ. ܕܠܐ ܬܣܪܩܟܘܢ ܐܝܟ ܕܣܪܩܬ ܠܥܡܐ ܕܡܢ ܩܕܡܝܟܘܢ.,10,"para que a terra não seja contaminada por vós e não vos vomite também a vós, como vomitou a nação que nela estava antes de vós.",26,True,True,True
18,29,Levítico 18:29,כִּ֚י כָּל־ אֲשֶׁ֣ר יַעֲשֶׂ֔ה מִכֹּ֥ל הַתּוֹעֵב֖וֹת הָאֵ֑לֶּה וְנִכְרְת֛וּ הַנְּפָשׁ֥וֹת הָעֹשֹׂ֖ת מִקֶּ֥רֶב עַמָּֽם ׃,כי כל אשר יעשה מכל התועבות האלה ונכרתו הנפשות העשת מקרב עממ,13,ארי כל די יעבד מכל תועבתא האלין וישתיצון נפשתא דיעבדון מגו עמהון:,12,"ὅτι πᾶς ὃς ἂν ποιήσῃ ἀπὸ πάντων τῶν βδελυγμάτων τούτων, ἐξολεθρευθήσονται αἱ ψυχαὶ αἱ ποιοῦσαι ἐκ τοῦ λαοῦ αὐτῶν.",19,ܡܛܠ ܕܟܠ ܡ̇ܢ ܕܥ̇ܒܕ ܚܕ ܡܢ ܗܠܝܢ ܟܠܗܘܢ ܚ̈ܛܗܐ. ܢܐ̈ܒܕܢ ܢܦܫ̈ܬܐ ܕܥܒ̈ܕܢ ܡܢ ܓܘ ܥܡܗܝܢ.,15,"Pois qualquer que cometer alguma dessas abominações, sim, aqueles que as cometerem serão extirpados do seu povo.",17,True,True,True
18,30,Levítico 18:30,וּשְׁמַרְתֶּ֣ם אֶת־ מִשְׁמַרְתִּ֗י לְבִלְתִּ֨י עֲשׂ֜וֹת מֵחֻקּ֤וֹת הַתּֽוֹעֵבֹת֙ אֲשֶׁ֣ר נַעֲשׂ֣וּ לִפְנֵיכֶ֔ם וְלֹ֥א תִֽטַּמְּא֖וּ בָּהֶ֑ם אֲנִ֖י יְהוָ֥ה אֱלֹהֵיכֶֽם ׃ פ,ושמרתמ את משמרתי לבלתי עשות מחקות התועבת אשר נעשו לפניכמ ולא תטמאו בהמ אני יהוה אלהיכמ פ,18,ותטרון ית מטרת מימרי בדיל דלא למעבד מנימוסי תועבתא דאתעבדא קדמיכון ולא תסתאבון בהון אנא יי אלהכון:,17,"καὶ φυλάξετε τὰ προστάγματά μου, ὅπως μὴ ποιήσητε ἀπὸ πάντων τῶν νομίμων τῶν ἐβδελυγμένων ὃ γέγονεν πρὸ τοῦ ὑμᾶς· καὶ οὐ μιανθήσεσθε ἐν αὐτοῖς, ὅτι ἐγὼ Κύριος ὁ θεὸς ὑμῶν.",30,ܛܪܘ ܢܛܘܪ̈ܬܝ. ܘܠܐ ܬܥܒܕܘܢ ܡܢ ܢܡܘ̈ܣܐ ܕܚ̈ܛܗܐ. ܕܥܒܕܘ ܕܩܕܡܝܟܘܢ. ܘܠܐ ܬܬܛܡܐܘܢ ܒܗܘܢ. ܐܢܐ ܐܢܐ ܡܪܝܐ ܐܠܗܟܘܢ.,16,"Portanto guardareis o meu mandamento, de modo que não caiais em nenhum desses abomináveis costumes que antes de vós foram seguidos, e para que não vos contamineis com eles. Eu sou o Senhor vosso Deus.",35,True,True,True
19,1,Levítico 19:1,וַיְדַבֵּ֥ר יְהוָ֖ה אֶל־ מֹשֶׁ֥ה לֵּאמֹֽר,וידבר יהוה אל משה לאמר,5,ומליל יי עם משה למימר:,5,Καὶ ἐλάλησεν Κύριος πρὸς Μωυσῆν λέγων,6,ܘܡܠܠ ܡܪܝܐ ܥܡ ܡܘܫܐ ܘܐܡܪ ܠܗ.,6,Disse mais o Senhor a Moisés:,6,True,True,True
19,2,Levítico 19:2,דַּבֵּ֞ר אֶל־ כָּל־ עֲדַ֧ת בְּנֵי־ יִשְׂרָאֵ֛ל וְאָמַרְתָּ֥ אֲלֵהֶ֖ם קְדֹשִׁ֣ים תִּהְי֑וּ כִּ֣י קָד֔וֹשׁ אֲנִ֖י יְהוָ֥ה אֱלֹהֵיכֶֽם ׃,דבר אל כל עדת בני ישראל ואמרת אלהמ קדשימ תהיו כי קדוש אני יהוה אלהיכמ,16,מלל עם כל כנשתא דבני ישראל ותימר להון קדישין תהון ארי קדיש אנא יי אלהכון:,15,"Λάλησον τῇ συναγωγῇ τῶν υἱῶν Ἰσραὴλ καὶ ἐρεῖς πρὸς αὐτούς Ἅγιοι ἔσεσθε, ὅτι ἐγὼ ἅγιος Κύριος ὁ θεὸς ὑμῶν.",19,ܡܠܠ ܥܡ ܟܠܗ̇ ܟܢܘܫܬܐ ܕܒܢܝ̈ ܐܝܣܪܝܠ ܘܐܡܪ ܠܗܘܢ. ܗܘܘ ܩܕܝܫ̈ܝܢ ܡܛܠ ܕܩܕܝܫ ܐܢܐ. ܐܢܐ ܐܢܐ ܡܪܝܐ ܐܠܗܟܘܢ.,17,"Fala a toda a congregação dos filhos de Israel, e dize-lhes: Sereis santos, porque eu, o Senhor vosso Deus, sou santo.",21,True,True,True
19,3,Levítico 19:3,אִ֣ישׁ אִמּ֤וֹ וְאָבִיו֙ תִּירָ֔אוּ וְאֶת־ שַׁבְּתֹתַ֖י תִּשְׁמֹ֑רוּ אֲנִ֖י יְהוָ֥ה אֱלֹהֵיכֶֽם ׃,איש אמו ואביו תיראו ואת שבתתי תשמרו אני יהוה אלהיכמ,11,גבר מן אמיה ומן אבוהי תהון דחלין וית יומי שביא דילי תטרון אנא יי אלהכון:,15,"ἕκαστος πατέρα αὐτοῦ καὶ μητέρα αὐτοῦ φοβείσθω, καὶ τὰ σάββατά μου φυλάξεσθε· ἐγὼ Κύριος ὁ θεὸς ὑμῶν.",17,ܓܒܪ ܡܢ ܐܒܘܗܝ ܘܡܢ ܐܡܗ ܕܚܠܘ. ܘܛܪܘ ܦܘܩ̈ܕܢܝ. ܡܛܠ ܕܐܢܐ ܐܢܐ ܡܪܝܐ ܐܠܗܟܘܢ.,13,Temerá cada um a sua mãe e a seu pai; e guardareis os meus sábados. Eu sou o Senhor vosso Deus.,21,True,True,True
19,4,Levítico 19:4,אַל־ תִּפְנוּ֙ אֶל־ הָ֣אֱלִילִ֔ים וֵֽאלֹהֵי֙ מַסֵּכָ֔ה לֹ֥א תַעֲשׂ֖וּ לָכֶ֑ם אֲנִ֖י יְהוָ֥ה אֱלֹהֵיכֶֽם ׃,אל תפנו אל האלילימ ואלהי מסכה לא תעשו לכמ אני יהוה אלהיכמ,13,לא תתפנון בתר טעון ודחלן דמתכא לא תעבדון לכון אנא יי אלהכון:,12,"οὐκ ἐπακολουθήσετε εἰδώλοις, καὶ θεοὺς χωνευτοὺς οὐ ποιήσετε ὑμῖν· ἐγὼ Κύριος ὁ θεὸς ὑμῶν.",14,ܠܐ ܬܬܦܢܘܢ ܒܬܪ ܫܐ̈ܕܐ. ܘܐ̈ܠܗܐ ܕܢܣܟܬܐ ܠܐ ܬܥܒܕܘܢ ܠܟܘܢ. ܐܢܐ ܐܢܐ ܡܪܝܐ ܐܠܗܟܘܢ.,13,"Não vos volteis para os ídolos, nem façais para vós deuses de fundição. Eu sou o Senhor vosso Deus.",19,True,True,True
19,5,Levítico 19:5,וְכִ֧י תִזְבְּח֛וּ זֶ֥בַח שְׁלָמִ֖ים לַיהוָ֑ה לִֽרְצֹנְכֶ֖ם תִּזְבָּחֻֽהוּ ׃,וכי תזבחו זבח שלמימ ליהוה לרצנכמ תזבחהו,8,וארי תכסון נכסת קודשיא קדם יי לרעוא לכון תכסניה:,9,"Καὶ ἐὰν θύσητε θυσίαν σωτηρίου τῷ κυρίῳ, δεκάτην ὑμῶν θύσετε·",10,ܘܐܢ ܕܒ̇ܚܝܢ ܐܢܬܘܢ ܕܒܚ̈ܐ ܫ̈ܠܡܐ ܠܡܪܝܐ. ܡܩ̈ܒܠܐ ܕܒܚܘ.,8,"Quando oferecerdes ao Senhor sacrifício de oferta pacífica, oferecê-lo-eis de modo a serdes aceitos.",14,True,True,True
19,6,Levítico 19:6,בְּי֧וֹם זִבְחֲכֶ֛ם יֵאָכֵ֖ל וּמִֽמָּחֳרָ֑ת וְהַנּוֹתָר֙ עַד־ י֣וֹם הַשְּׁלִישִׁ֔י בָּאֵ֖שׁ יִשָּׂרֵֽף ׃,ביומ זבחכמ יאכל וממחרת והנותר עד יומ השלישי באש ישרפ,11,ביומא דיתנכס יתאכל וביומא דבתרוהי ודאשתאר עד יומא תליתאה בנורא יתוקד:,11,"ᾗ ἂν ἡμέρᾳ θύσητε βρωθήσεται καὶ τῇ αὔριον· καὶ ἐὰν καταλειφθῇ ἕως ἡμέρας τρίτης, ἐν πυρὶ κατακαυθήσεται.",17,ܘܒܝܘܡܐ ܕܡܬܕܒܚܝܢ ܢܬܐܟܠܘܢ. ܘܠܝܘܡܐ ܐܚܪܢܐ ܢܬܐܟܠܘܢ . ܘܡܕܡ ܕܝ̇ܬܪ ܠܝܘܡܐ ܕܬܠܬܐ ܒܢܘܪܐ ܢܐܩܕ ܘܠܐ ܢܬܐܟܠ.,15,"No mesmo dia, pois, em que o oferecerdes, e no dia seguinte, se comerá; mas o que sobejar até o terceiro dia será queimado no fogo.",26,True,True,True
19,7,Levítico 19:7,וְאִ֛ם הֵאָכֹ֥ל יֵאָכֵ֖ל בַּיּ֣וֹם הַשְּׁלִישִׁ֑י פִּגּ֥וּל ה֖וּא לֹ֥א יֵרָצֶֽה ׃,ואמ האכל יאכל ביומ השלישי פגול הוא לא ירצה,10,ואם אתאכלא יתאכל ביומא תליתאה מרחק הוא לא יהי לרעוא:,10,"ἐὰν δὲ βρώσει βρωθῇ τῇ ἡμέρᾳ τῇ τρίτῃ, ἄθυτόν ἐστιν, οὐ δεχθήσεται·",12,ܘܐܢ ܡܬܐܟܠܘ ܢܬܐܟܠ ܒܝܘܡܐ ܕܬܠܬܐ . ܡܣܠܝ ܗܘ ܘܠܐ ܢܬܩܒܠ .,11,"E se, na verdade, alguma coisa dele for comida ao terceiro dia, é coisa abominável; não será aceito.",18,True,True,True
19,8,Levítico 19:8,וְאֹֽכְלָיו֙ עֲוֺנ֣וֹ יִשָּׂ֔א כִּֽי־ אֶת־ קֹ֥דֶשׁ יְהוָ֖ה חִלֵּ֑ל וְנִכְרְתָ֛ה הַנֶּ֥פֶשׁ הַהִ֖וא מֵעַמֶּֽיהָ ׃,ואכליו עונו ישא כי את קדש יהוה חלל ונכרתה הנפש ההוא מעמיה,13,ודייכלניה חוביה יקבל ארי ית קודשא דיי אחל וישתיצי אנשא ההוא מעמיה:,12,"ὁ δὲ ἔσθων αὐτὸ ἁμαρτίαν λήμψεται, ὅτι τὰ ἅγια Κυρίου ἐβεβήλωσεν· καὶ ἐξολεθρευθήσονται αἱ ψυχαὶ αἱ ἔσθουσαι ἐκ τοῦ λαοῦ αὐτῶν.",21,ܘܡ̇ܢ ܕܐ̇ܟܠ ܡܢܗ ܚܛܗܐ ܢܩܒܠ. ܡܛܠ ܕܩܘܕܫܗ ܕܡܪܝܐ ܛܘܫ. ܘܬܐܒܕ ܢܦܫܐ ܗ̇ܝ ܡܢ ܥܡܗ̇.,14,"E qualquer que o comer levará sobre si a sua iniqüidade, porquanto profanou a coisa santa do Senhor; por isso tal alma será extirpada do seu povo.",27,True,True,True
19,9,Levítico 19:9,וּֽבְקֻצְרְכֶם֙ אֶת־ קְצִ֣יר אַרְצְכֶ֔ם לֹ֧א תְכַלֶּ֛ה פְּאַ֥ת שָׂדְךָ֖ לִקְצֹ֑ר וְלֶ֥קֶט קְצִֽירְךָ֖ לֹ֥א תְלַקֵּֽט ׃,ובקצרכמ את קציר ארצכמ לא תכלה פאת שדכ לקצר ולקט קצירכ לא תלקט,14,ובמחצדכון ית חצדא דארעכון לא תשיצי פאתא דחקלך למחצד ולקטא דחצדך לא תלקט:,13,"Καὶ ἐκθεριζόντων ὑμῶν τὸν θερισμὸν τῆς γῆς ὑμῶν, οὐ συντελέσετε τὸν θερισμὸν ὑμῶν τοῦ ἀγροῦ σου ἐκθερίσαι, καὶ τὰ ἀποπίπτοντα τοῦ θερισμοῦ σου οὐ συλλέξεις·",25,ܘܡܐ ܕܚܨ̇ܕܝܢ ܐܢܬܘܢ ܚܨܕܐ ܕܐܪܥܟܘܢ. ܠܐ ܬܓܡܪܘܢ ܣܦܪ̈ܐ ܕܚܩ̈ܠܬܟܘܢ ܠܡܚܨܕ. ܘܠܩܛܐ ܕܚܨܕܟܘܢ ܠܐ ܬܠܩܛܘܢ.,14,"Quando fizeres a colheita da tua terra, não segarás totalmente os cantos do teu campo, nem colherás as espigas caídas da tua sega.",23,True,True,True
19,10,Levítico 19:10,וְכַרְמְךָ֙ לֹ֣א תְעוֹלֵ֔ל וּפֶ֥רֶט כַּרְמְךָ֖ לֹ֣א תְלַקֵּ֑ט לֶֽעָנִ֤י וְלַגֵּר֙ תַּעֲזֹ֣ב אֹתָ֔ם אֲנִ֖י יְהוָ֥ה אֱלֹהֵיכֶֽם ׃,וכרמכ לא תעולל ופרט כרמכ לא תלקט לעני ולגר תעזב אתמ אני יהוה אלהיכמ,15,וכרמך לא תעלל ונתרא דכרמך לא תלקט לעניי ולגיורי תשבוק יתהון אנא יי אלהכון:,14,"καὶ τὸν ἀμπελῶνά σου οὐκ ἐπανατρυγήσεις, οὐδὲ τοὺς ῥῶγας τοῦ ἀμπελῶνός σου συλλέξεις· τῷ πτωχῷ καὶ τῷ προσηλύτῳ καταλείψεις αὐτά· ἐγώ εἰμι Κύριος ὁ θεὸς ὑμῶν.",26,ܘܟܪ̈ܡܝܟܘܢ ܠܐ ܬܒ̇ܥܪܘܢ. ܘܢܬܪܐ ܕܙܝܬ̈ܝܟܘܢ ܠܐ ܬܠܩܛܘܢ. ܐܠܐ ܫܒܘܩܘ ܐܢܘܢ ܠܡܣ̈ܟܢܐ ܘܠܐܝܠܝܢ ܕܡܬܦܢܝܢ ܠܘܬܝ. ܡܛܠ ܕܐܢܐ ܐܢܐ ܡܪܝܐ ܐܠܗܟܘܢ .,20,"Semelhantemente não rabiscarás a tua vinha, nem colherás os bagos caídos da tua vinha; deixá-los-ás para o pobre e para o estrangeiro. Eu sou o senhor vosso Deus.",28,True,True,True
19,11,Levítico 19:11,לֹ֖א תִּגְנֹ֑בוּ וְלֹא־ תְכַחֲשׁ֥וּ וְלֹֽא־ תְשַׁקְּר֖וּ אִ֥ישׁ בַּעֲמִיתֽוֹ ׃,לא תגנבו ולא תכחשו ולא תשקרו איש בעמיתו,9,לא תגנבון ולא תכדבון ולא תשקרון אנש בחבריה:,8,"οὐ κλέψετε, οὐ ψεύσεσθε, οὐ συκοφαντήσει ἕκαστος τὸν πλησίον.",9,ܠܐ ܬܓܢܒܘܢ. ܠܐ ܬܟܕܒܘܢ. ܠܐ ܬܕܓܠܘܢ ܐܢܫ ܒܚܒܪܗ.,8,"Não furtareis; não enganareis, nem mentireis uns aos outros;",9,True,True,True
19,12,Levítico 19:12,וְלֹֽא־ תִשָּׁבְע֥וּ בִשְׁמִ֖י לַשָּׁ֑קֶר וְחִלַּלְתָּ֛ אֶת־ שֵׁ֥ם אֱלֹהֶ֖יךָ אֲנִ֥י יְהוָֽה ׃,ולא תשבעו בשמי לשקר וחללת את שמ אלהיכ אני יהוה,11,ולא תשבעון בשמי לשקרא ותחל ית שמא דאלהך אנא יי:,10,"καὶ οὐκ ὀμεῖσθε τῷ ὀνόματί μου ἐπ᾽ ἀδίκῳ, καὶ οὐ βεβηλώσετε τὸ ὄνομα τοῦ θεοῦ ὑμῶν· ἐγώ εἰμι Κύριος ὁ θεὸς ὑμῶν.",22,ܠܐ ܬܐܡܘܢ ܒܫܡܝ ܒܟܕܒܘܬܐ . ܘܬܛܘܫܘܢ ܫܡܗ ܕܐܠܗܟܘܢ. ܐܢܐ ܐܢܐ ܡܪܝܐ.,11,"não jurareis falso pelo meu nome, assim profanando o nome do vosso Deus. Eu sou o Senhor.",17,True,True,True
19,13,Levítico 19:13,לֹֽא־ תַעֲשֹׁ֥ק אֶת־ רֵֽעֲךָ֖ וְלֹ֣א תִגְזֹ֑ל לֹֽא־ תָלִ֞ין פְּעֻלַּ֥ת שָׂכִ֛יר אִתְּךָ֖ עַד־ בֹּֽקֶר ׃,לא תעשק את רעכ ולא תגזל לא תלינ פעלת שכיר אתכ עד בקר,14,לא תעשוק ית חברך ולא תאנס לא תבית אגרא דאגירא לותך עד צפרא:,13,"οὐκ ἀδικήσεις τὸν πλησίον, καὶ οὐχ ἁρπᾷ, καὶ οὐ μὴ κοιμηθήσεται ὁ μισθὸς τοῦ μισθωτοῦ παρὰ σοὶ ἕως πρωί.",19,ܠܐ ܬܛܠܘܡ ܠܚܒܪܟ. ܘܠܐ ܬܕܒܪܝܘܗܝ ܒܩܛܝܪܐ. ܠܐ ܢܒܘܬ ܐܓܪܐ ܕܐܓܝܪܐ ܠܘܬܟ ܥܕܡܐ ܠܨܦܪܐ .,14,"Não oprimirás o teu próximo, nem o roubarás; a paga do jornaleiro não ficará contigo até pela manhã.",18,True,True,True
19,14,Levítico 19:14,לֹא־ תְקַלֵּ֣ל חֵרֵ֔שׁ וְלִפְנֵ֣י עִוֵּ֔ר לֹ֥א תִתֵּ֖ן מִכְשֹׁ֑ל וְיָרֵ֥אתָ מֵּאֱלֹהֶ֖יךָ אֲנִ֥י יְהוָֽה ׃,לא תקלל חרש ולפני עור לא תתנ מכשל ויראת מאלהיכ אני יהוה,13,לא תלוט דלא שמע וקדם דלא חזי לא תשים תקלא ותדחל מאלהך אנא יי:,14,"οὐ κακῶς ἐρεῖς κωφόν, καὶ ἀπέναντι τυφλοῦ οὐ προσθήσεις σκάνδαλον· καὶ φοβηθήσῃ Κύριον τὸν θεόν σου· ἐγώ εἰμι Κύριος ὁ θεὸς ὑμῶν.",22,ܠܐ ܬܨܚܐ ܠܚܪܫܐ. ܘܩܕܡ ܥܘܝܪܐ ܠܐ ܬܣܝܡ ܬܘܩܠܬܐ. ܐܠܐ ܕܚܠ ܡܢ ܐܠܗܟ. ܐܢܐ ܐܢܐ ܡܪܝܐ.,15,"Não amaldiçoarás ao surdo, nem porás tropeço diante do cego; mas temerás a teu Deus. Eu sou o Senhor.",19,True,True,True
19,15,Levítico 19:15,לֹא־ תַעֲשׂ֥וּ עָ֨וֶל֙ בַּמִּשְׁפָּ֔ט לֹא־ תִשָּׂ֣א פְנֵי־ דָ֔ל וְלֹ֥א תֶהְדַּ֖ר פְּנֵ֣י גָד֑וֹל בְּצֶ֖דֶק תִּשְׁפֹּ֥ט עֲמִיתֶֽךָ ׃,לא תעשו עול במשפט לא תשא פני דל ולא תהדר פני גדול בצדק תשפט עמיתכ,16,לא תעבדון שקר בדינא לא תסב אפי מסכנא ולא תהדר אפי רבא בקושטא תדיניה לחברך:,15,"οὐ ποιήσετε ἄδικον ἐν κρίσει· οὐ λήμψῃ πρόσωπον πτωχοῦ οὐδὲ θαυμάσεις πρόσωπον δυνάστου, ἐν δικαιοσύνῃ κρινεῖς τὸν πλησίον σου.",19,ܠܐ ܬܥܒܕܘܢ ܥܘܠܐ ܒܕܝܢܐ. ܘܠܐ ܬܣܒ ܒܐ̈ܦܝ ܡܣܟܢܐ. ܘܐܦ ܠܐ ܒܐ̈ܦܝ ܪܒܐ. ܐܠܐ ܒܙܕܝܩܘܬܐ ܕܘܢ ܚܒܪܟ.,16,"Não farás injustiça no juízo; não farás acepção da pessoa do pobre, nem honrarás o poderoso; mas com justiça julgarás o teu próximo.",23,True,True,True
19,16,Levítico 19:16,לֹא־ תֵלֵ֤ךְ רָכִיל֙ בְּעַמֶּ֔יךָ לֹ֥א תַעֲמֹ֖ד עַל־ דַּ֣ם רֵעֶ֑ךָ אֲנִ֖י יְהוָֽה ׃,לא תלכ רכיל בעמיכ לא תעמד על דמ רעכ אני יהוה,12,לא תיכול קורצין בעמך לא תקום על דמא דחברך אנא יי:,11,οὐ πορεύσῃ δόλῳ ἐν τῷ ἔθνει σου· οὐκ ἐπιστήσῃ ἐφ᾽ αἷμα τοῦ πλησίον σου· ἐγώ εἰμι Κύριος ὁ θεὸς ὑμῶν.,20,ܠܐ ܬܐܟܘܠ ܩܪ̈ܨܐ ܕܥܡܟ. ܘܠܐ ܬܩܘܡ ܥܠ ܕܡܐ ܕܚܒܪܟ. ܡܛܠ ܕܐܢܐ ܐܢܐ ܡܪܝܐ.,13,Não andarás como mexeriqueiro entre o teu povo; nem conspirarás contra o sangue do teu próximo. Eu sou o Senhor.,20,True,True,True
19,17,Levítico 19:17,לֹֽא־ תִשְׂנָ֥א אֶת־ אָחִ֖יךָ בִּלְבָבֶ֑ךָ הוֹכֵ֤חַ תּוֹכִ֨יחַ֙ אֶת־ עֲמִיתֶ֔ךָ וְלֹא־ תִשָּׂ֥א עָלָ֖יו חֵֽטְא ׃,לא תשנא את אחיכ בלבבכ הוכח תוכיח את עמיתכ ולא תשא עליו חטא,14,לא תשני ית אחוך בלבך אוכחא תוכח ית חברך ולא תקבל על די ליה חובא:,15,"οὐ μισήσεις τὸν ἀδελφόν σου τῇ διανοίᾳ σου· ἐλεγμῷ ἐλέγξεις τὸν πλησίον σου, καὶ οὐ λήμψῃ δι᾽ αὐτὸν ἁμαρτίαν.",19,ܠܐ ܬܣܢܐ ܠܐܚܘܟ ܒܠܒܟ. ܐܠܐ ܡܟܣܘ ܐܟܣܝܗܝ ܠܚܒܪܟ. ܕܠܐ ܡܛܠܬܗ ܬܩܒܠ ܚܛܗܐ.,12,"Não odiarás a teu irmão no teu coração; não deixarás de repreender o teu próximo, e não levarás sobre ti pecado por causa dele.",24,True,True,True
19,18,Levítico 19:18,לֹֽא־ תִקֹּ֤ם וְלֹֽא־ תִטֹּר֙ אֶת־ בְּנֵ֣י עַמֶּ֔ךָ וְאָֽהַבְתָּ֥ לְרֵעֲךָ֖ כָּמ֑וֹךָ אֲנִ֖י יְהוָֽה ׃,לא תקמ ולא תטר את בני עמכ ואהבת לרעכ כמוכ אני יהוה,13,לא תקום ולא תטר דבבו לבני עמך ותרחם לחברך כותך אנא יי:,12,"καὶ οὐκ ἐκδικᾶταί σου ἡ χείρ, καὶ οὐ μηνιεῖς τοῖς υἱοῖς τοῦ λαοῦ σου, καὶ ἀγαπήσεις τὸν πλησίον σου ὡς σεαυτόν· ἐγώ εἰμι Κύριος.",24,ܠܐ ܬܛܪ ܒܥܠܕܒܒܘܬܐ ܠܒܢ̈ܝ ܥܡܟ. ܐܠܐ ܪܚܡ ܠܚܒܪܟ ܐܝܟ ܢܦܫܟ. ܐܢܐ ܐܢܐ ܡܪܝܐ.,13,Não te vingarás nem guardarás ira contra os filhos do teu povo; mas amarás o teu próximo como a ti mesmo. Eu sou o Senhor.,25,True,True,True
19,19,Levítico 19:19,אֶֽת־ חֻקֹּתַי֮ תִּשְׁמֹרוּ֒ בְּהֶמְתְּךָ֙ לֹא־ תַרְבִּ֣יעַ כִּלְאַ֔יִם שָׂדְךָ֖ לֹא־ תִזְרַ֣ע כִּלְאָ֑יִם וּבֶ֤גֶד כִּלְאַ֨יִם֙ שַֽׁעַטְנֵ֔ז לֹ֥א יַעֲלֶ֖ה עָלֶֽיךָ ׃ פ,את חקתי תשמרו בהמתכ לא תרביע כלאימ שדכ לא תזרע כלאימ ובגד כלאימ שעטנז לא יעלה עליכ פ,19,ית קימי תטרון בעירך לא תרכב ערובין חקלך לא תזרע ערובין ולבוש ערובין שעטנזא לא יסק עלך:,17,"Τὸν νόμον μου φυλάξεσθε· τὰ κτήνη σου οὐ κατοχεύσεις ἑτεροζύγῳ, καὶ τὸν ἀμπελῶνά σου οὐ κατασπερεῖς διάφορον, καὶ ἱμάτιον ἐκ δύο ὑφασμένον κίβδηλον οὐκ ἐπιβαλεῖς σεαυτῷ.",26,ܛܪܘ ܦܘܩ̈ܕܢܝ. ܒܥܝܪ̈ܟܘܢ ܠܐ ܬܪܟܒܘܢ ܚܠܛܐ. ܘܚܩ̈ܠܬܟܘܢ ܠܐ ܬܙܪܥܘܢ ܚܠܛܐ. ܘܡܪ̈ܛܘܛܐ ܕܚܠܛܐ ܕܦܬܝܟܝܢ ܠܐ ܬܠܒܫܘܢ.,15,Guardareis os meus estatutos. Não permitirás que se cruze o teu gado com o de espécie diversa; não semearás o teu campo com semente diversa; nem vestirás roupa tecida de materiais diversos.,32,True,True,True
19,20,Levítico 19:20,וְ֠אִישׁ כִּֽי־ יִשְׁכַּ֨ב אֶת־ אִשָּׁ֜ה שִׁכְבַת־ זֶ֗רַע וְהִ֤וא שִׁפְחָה֙ נֶחֱרֶ֣פֶת לְאִ֔ישׁ וְהָפְדֵּה֙ לֹ֣א נִפְדָּ֔תָה א֥וֹ חֻפְשָׁ֖ה לֹ֣א נִתַּן־ לָ֑הּ בִּקֹּ֧רֶת תִּהְיֶ֛ה לֹ֥א יוּמְת֖וּ כִּי־ לֹ֥א חֻפָּֽשָׁה ׃,ואיש כי ישכב את אשה שכבת זרע והוא שפחה נחרפת לאיש והפדה לא נפדתה או חפשה לא נתנ לה בקרת תהיה לא יומתו כי לא חפשה,27,וגבר ארי ישכוב עם אתתא שכבת זרעא והיא אמתא אחידא לגבר ואתפרקא לא אתפריקת בכספא או חרותא לא אתיהיבת לה בשטר בקרתא תהי לא יומתון ארי לא אתחררת:,28,"καὶ ἐάν τις κοιμηθῇ μετὰ γυναικὸς κοίτην σπέρματος, καὶ αὕτη οἰκέτις διαπεφυλαγμένη ἀνθρώπῳ, καὶ αὕτη λύτροις οὐ λελύτρωται ἢ ἐλευθερία οὐκ ἐδόθη αὐτῇ, ἐπισκοπὴ ἔσται αὐτοῖς· οὐκ ἀποθανοῦνται, ὅτι οὐκ ἀπηλευθερώθη.",31,ܘܓܒܪܐ ܕܢܕܡܟ ܥܡ ܐܢܬܬܐ ܡܕܡܟܐ ܕܙܪܥܐ. ܘܐܡܬܗ ܗܝ ܙܒܝܢܐ ܠܗ ܠܓܒܪܐ. ܘܡܬܦܪܩܘ ܠܐ ܐܬܦܪܩܬ. ܘܚܐܪܘܬܐ ܠܐ ܐܬܝܗܒܬ ܠܗ̇. ܫ̈ܐܘܠܐ ܢܗܘܘܢ ܥܠܝܗܘܢ ܘܠܐ ܢܬܩܛܠܘܢ. ܡܛܠ ܕܠܐ ܗܘܬ ܡܚܪܪܐ.,27,"E, quando um homem se deitar com uma mulher que for escrava, desposada com um homem, e que não for resgatada, nem se lhe houver dado liberdade, então ambos serão açoitados; não morrerão, pois ela não era livre.",38,True,True,True
19,21,Levítico 19:21,וְהֵבִ֤יא אֶת־ אֲשָׁמוֹ֙ לַֽיהוָ֔ה אֶל־ פֶּ֖תַח אֹ֣הֶל מוֹעֵ֑ד אֵ֖יל אָשָֽׁם ׃,והביא את אשמו ליהוה אל פתח אהל מועד איל אשמ,11,וייתי ית אשמיה קדם יי לתרע משכן זמנא דכר לאשמא:,10,καὶ προσάξει τῆς πλημμελίας αὐτοῦ τῷ κυρίῳ παρὰ τὴν θύραν τῆς σκηνῆς τοῦ μαρτυρίου κριὸν πλημμελίας·,16,ܘܢܝܬܐ ܩܘܪܒܢܗ ܠܡܪܝܐ. ܠܬܪܥܐ ܕܡܫܟܢ ܙܒܢܐ. ܕܟܪܐ ܕܚܛܗܐ.,8,"E como a sua oferta pela culpa, trará o homem ao Senhor, à porta da tenda da revelação, um carneiro para expiação de culpa;",24,True,True,True
19,22,Levítico 19:22,וְכִפֶּר֩ עָלָ֨יו הַכֹּהֵ֜ן בְּאֵ֤יל הָֽאָשָׁם֙ לִפְנֵ֣י יְהוָ֔ה עַל־ חַטָּאת֖וֹ אֲשֶׁ֣ר חָטָ֑א וְנִסְלַ֣ח ל֔וֹ מֵחַטָּאת֖וֹ אֲשֶׁ֥ר חָטָֽא ׃ פ,וכפר עליו הכהנ באיל האשמ לפני יהוה על חטאתו אשר חטא ונסלח לו מחטאתו אשר חטא פ,18,ויכפר עלוהי כהנא בדכרא דאשמא קדם יי על חובתיה די חב וישתבק ליה מחובתיה די חב:,16,"καὶ ἐξιλάσεται περὶ αὐτοῦ ὁ ἱερεὺς ἐν τῷ κριῷ τῆς πλημμελίας ἔναντι Κυρίου περὶ τῆς ἁμαρτίας ἧς ἥμαρτεν, καὶ ἀφεθήσεται αὐτῷ ἡ ἁμαρτία ἣν ἥμαρτεν.",25,ܘܢܚܣܐ ܥܠܘܗܝ. ܟܗܢܐ ܒܕܟܪܐ ܕܚܛܗܐ ܩܕܡ ܡܪܝܐ. ܥܠ ܚܛܗܐ ܕܚܛܐ. ܘܢܫܬܒܩ ܠܗ ܚܛܗܐ ܕܚܛܐ.,14,"e, com o carneiro da oferta pela culpa, o sacerdote fará expiação por ele perante o Senhor, pelo pecado que cometeu; e este lhe será perdoado.",26,True,True,True
19,23,Levítico 19:23,וְכִי־ תָבֹ֣אוּ אֶל־ הָאָ֗רֶץ וּנְטַעְתֶּם֙ כָּל־ עֵ֣ץ מַאֲכָ֔ל וַעֲרַלְתֶּ֥ם עָרְלָת֖וֹ אֶת־ פִּרְי֑וֹ שָׁלֹ֣שׁ שָׁנִ֗ים יִהְיֶ֥ה לָכֶ֛ם עֲרֵלִ֖ים לֹ֥א יֵאָכֵֽל ׃,וכי תבאו אל הארצ ונטעתמ כל עצ מאכל וערלתמ ערלתו את פריו שלש שנימ יהיה לכמ ערלימ לא יאכל,20,וארי תעלון לארעא ותצבון כל אלן דמיכל ותרחקון רחקא ית אביה תלת שנין יהי לכון מרחק לאבדא לא יתאכל:,19,"Ὅταν δὲ εἰσέλθητε εἰς τὴν γῆν ἣν Κύριος ὁ θεὸς δίδωσιν ὑμῖν, καὶ καταφυτεύσετε πᾶν ξύλον βρώσιμον, καὶ περικαθαριεῖτε τὴν ἀκαθαρσίαν αὐτοῦ· ὁ καρπὸς αὐτοῦ τρία ἔτη ἔσται ὑμῖν ἀπερικάθαρτος, οὐ βρωθήσεται.",32,ܘܡܐ ܕܥܠܬܘܢ ܠܐܪܥܐ ܘܢܨܒܬܘܢ ܟܠ ܐܝ̈ܠܢܐ ܕܡܐܟܘܠܬܐ. ܫܒܘܩܘ ܐܢܘܢ ܬܠܬ ܫ̈ܢܝܢ. ܘܠܐ ܬܐܟܠܘܢ ܡܢ ܦܐܪ̈ܝܗܘܢ.,15,"Quando tiverdes entrado na terra e tiverdes plantado toda qualidade de árvores para delas comerdes, tereis o seu fruto como incircunciso; por três anos ele vos será como incircunciso; dele não se comerá.",33,True,True,True
19,24,Levítico 19:24,וּבַשָּׁנָה֙ הָרְבִיעִ֔ת יִהְיֶ֖ה כָּל־ פִּרְי֑וֹ קֹ֥דֶשׁ הִלּוּלִ֖ים לַיהוָֽה ׃,ובשנה הרביעת יהיה כל פריו קדש הלולימ ליהוה,9,ובשתא רביעתא יהי כל אביה קדש תשבחן קדם יי:,9,"καὶ τῷ ἔτει τῷ τετάρτῳ ἔσται πᾶς ὁ καρπὸς αὐτοῦ ἅγιος αἰνετὸς τῷ κυρίῳ,",14,ܘܒܫܢܬܐ ܕܐܪ̈ܒܥ. ܢܗܘܘܢ ܟܠܗܘܢ ܦܐܪ̈ܝܗܘܢ ܩܘܕܫܐ. ܘܫܘܒܚܐ ܠܡܪܝܐ.,8,"No quarto ano, porém, todo o seu o fruto será santo, para oferta de louvor ao Senhor.",17,True,True,True
19,25,Levítico 19:25,וּבַשָּׁנָ֣ה הַחֲמִישִׁ֗ת תֹּֽאכְלוּ֙ אֶת־ פִּרְי֔וֹ לְהוֹסִ֥יף לָכֶ֖ם תְּבוּאָת֑וֹ אֲנִ֖י יְהוָ֥ה אֱלֹהֵיכֶֽם ׃,ובשנה החמישת תאכלו את פריו להוסיפ לכמ תבואתו אני יהוה אלהיכמ,12,ובשתא חמשתא תיכלון ית אביה לאוספא לכון עללתיה אנא יי אלהכון:,11,"ἐν δὲ τῷ ἔτει τῷ πέμπτῳ φάγεσθε τὸν καρπόν, πρόσθεμα ὑμῖν τὰ γενήματα αὐτοῦ· ἐγώ εἰμι Κύριος ὁ θεὸς ὑμῶν.",20,ܘܒܫܢܬܐ ܕܚܡܫ ܐܟܘܠܘ ܦܐܪ̈ܝܗܘܢ. ܘܢܘܣܦܘܢ ܠܟܘܢ ܥ̈ܠܠܬܗܘܢ. ܐܢܐ ܐܢܐ ܡܪܝܐ ܐܠܗܟܘܢ.,11,E partindo do quinto ano comereis o seu fruto; para que elas vos aumentem a sua produção. Eu sou o Senhor vosso Deus.,23,True,True,True
19,26,Levítico 19:26,לֹ֥א תֹאכְל֖וּ עַל־ הַדָּ֑ם לֹ֥א תְנַחֲשׁ֖וּ וְלֹ֥א תְעוֹנֵֽנוּ ׃,לא תאכלו על הדמ לא תנחשו ולא תעוננו,9,לא תיכלון על דמא לא תנחשון ולא תעונון:,8,"Μὴ ἔσθετε ἐπὶ τῶν ὀρέων, καὶ οὐκ οἰωνιεῖσθε οὐδὲ ὀρνιθοσκοπήσεσθε.",10,ܠܐ ܬܐܟܠܘܢ ܕܡܐ. ܠܐ ܬܢܚܫܘܢ ܒܚܝܘܬ ܟܢܦܐ. ܠܐ ܬܩܨܡܘܢ.,9,"Não comereis coisa alguma com o sangue; não usareis de encantamentos, nem de agouros.",14,True,True,True
19,27,Levítico 19:27,לֹ֣א תַקִּ֔פוּ פְּאַ֖ת רֹאשְׁכֶ֑ם וְלֹ֣א תַשְׁחִ֔ית אֵ֖ת פְּאַ֥ת זְקָנֶֽךָ ׃,לא תקפו פאת ראשכמ ולא תשחית את פאת זקנכ,10,לא תקפון פאתא דרישכון ולא תחבל ית פאתא דדקנך:,9,"οὐ ποιήσετε σισόην ἐκ τῆς κόμης τῆς κεφαλῆς ὑμῶν, οὐδὲ φθερεῖτε τὴν ὄψιν τοῦ πώγωνος ὑμῶν.",16,ܠܐ ܬܪܒܘܢ ܣܥܪܐ ܕܪ̈ܝܫܝܟܘܢ. ܘܠܐ ܬܚܒܠܘܢ ܦܐܬܐ ܕܕܩ̈ܢܝܟܘܢ.,8,"Não cortareis o cabelo, arredondando os cantos da vossa cabeça, nem desfigurareis os cantos da vossa barba.",17,True,True,True
19,28,Levítico 19:28,וְשֶׂ֣רֶט לָנֶ֗פֶשׁ לֹ֤א תִתְּנוּ֙ בִּבְשַׂרְכֶ֔ם וּכְתֹ֣בֶת קַֽעֲקַ֔ע לֹ֥א תִתְּנ֖וּ בָּכֶ֑ם אֲנִ֖י יְהוָֽה ׃,ושרט לנפש לא תתנו בבשרכמ וכתבת קעקע לא תתנו בכמ אני יהוה,13,וחבול על מית לא תתנון בבסריכון ורושמין חריתין לא תתנון בכון אנא יי:,13,"καὶ ἐντομίδας ἐπὶ ψυχῇ οὐ ποιήσετε ἐν τῷ σώματι ὑμῶν, καὶ γράμματα στικτὰ οὐ ποιήσετε ἐν ὑμῖν. ἐγώ εἰμι Κύριος ὁ θεὸς ὑμῶν.",23,ܘܚܘܪ̈ܛܬܐ ܥܠ ܢܦܫܐ ܠܐ ܬܥܒܕܘܢ ܒܒܣܪܟܘܢ . ܘܟܬ̈ܒܐ ܕܢܘܩ̈ܕܬܐ ܠܐ ܬܥܒܕܘܢ ܒܟܘܢ . ܐܢܐ ܐܢܐ ܡܪܝܐ .,17,Não fareis lacerações na vossa carne pelos mortos; nem no vosso corpo imprimireis qualquer marca. Eu sou o Senhor.,19,True,True,True
19,29,Levítico 19:29,אַל־ תְּחַלֵּ֥ל אֶֽת־ בִּתְּךָ֖ לְהַזְנוֹתָ֑הּ וְלֹא־ תִזְנֶ֣ה הָאָ֔רֶץ וּמָלְאָ֥ה הָאָ֖רֶץ זִמָּֽה ׃,אל תחלל את בתכ להזנותה ולא תזנה הארצ ומלאה הארצ זמה,12,לא תחל ית ברתך לאטעיותה ולא תטעי ארעא ותתמלי ארעא עצת חטאין:,12,"οὐ βεβηλώσεις τὴν θυγατέρα σου ἐκπορνεῦσαι αὐτήν· καὶ οὐκ ἐκπορνεύσει ἡ γῆ, καὶ ἡ γῆ πλησθήσεται ἀνομίας.",17,ܠܐ ܬܦܣ ܠܒܪܬܟ ܕܬܙܢܐ. ܕܠܐ ܬܙܢܐ ܐܪܥܐ ܘܬܬܡܠܐ ܐܪܥܐ ܚܛܝܬܐ.,10,"Não profanarás a tua filha, fazendo-a prostituir-se; para que a terra não se prostitua e não se encha de maldade.",20,True,True,True
19,30,Levítico 19:30,אֶת־ שַׁבְּתֹתַ֣י תִּשְׁמֹ֔רוּ וּמִקְדָּשִׁ֖י תִּירָ֑אוּ אֲנִ֖י יְהוָֽה ׃,את שבתתי תשמרו ומקדשי תיראו אני יהוה,8,ית יומי שביא דילי תטרון ולבית מקדשי תהון דחלין אנא יי:,11,"τὰ σάββατά μου φυλάξεσθε, καὶ ἀπὸ τῶν ἁγίων μου φοβηθήσεσθε· ἐγώ εἰμι Κύριος.",13,ܐܠܐ ܛܪܘ ܦܘܩ̈ܕܢܝ ܘܡܢ ܡܩܕܫܝ ܕܚܠܘ. ܐܢܐ ܐܢܐ ܡܪܝܐ.,9,"Guardareis os meus sábados, e o meu santuário reverenciareis. Eu sou o Senhor.",13,True,True,True
19,31,Levítico 19:31,אַל־ תִּפְנ֤וּ אֶל־ הָאֹבֹת֙ וְאֶל־ הַיִּדְּעֹנִ֔ים אַל־ תְּבַקְשׁ֖וּ לְטָמְאָ֣ה בָהֶ֑ם אֲנִ֖י יְהוָ֥ה אֱלֹהֵיכֶֽם ׃,אל תפנו אל האבת ואל הידענימ אל תבקשו לטמאה בהמ אני יהוה אלהיכמ,14,לא תתפנון בתר בדין ודכורו לא תתבעון לאסתאבא בהון אנא יי אלהכון:,12,"οὐκ ἐπακολουθήσετε ἐνγαστριμύθοις, καὶ τοῖς ἐπαοιδοῖς οὐ προσκολληθήσεσθε ἐκμιανθῆναι ἐν αὐτοῖς. ἐγώ εἰμι Κύριος ὁ θεὸς ὑμῶν.",17,ܠܐ ܬܐܙܠܘܢ ܒܬܪ ܙܟܘܪ̈ܐ ܘܝܕܘ̈ܥܐ. ܘܠܐ ܬܫܐܠܘܢ ܐܢܘܢ. ܕܠܐ ܬܬܛܡܐܘܢ ܒܗܘܢ. ܐܢܐ ܐܢܐ ܡܪܝܐ ܐܠܗܟܘܢ.,15,Não vos voltareis para os que consultam os mortos nem para os feiticeiros; não os busqueis para não ficardes contaminados por eles. Eu sou o Senhor vosso Deus.,28,True,True,True
19,32,Levítico 19:32,מִפְּנֵ֤י שֵׂיבָה֙ תָּק֔וּם וְהָדַרְתָּ֖ פְּנֵ֣י זָקֵ֑ן וְיָרֵ֥אתָ מֵּאֱלֹהֶ֖יךָ אֲנִ֥י יְהוָֽה ׃ פ,מפני שיבה תקומ והדרת פני זקנ ויראת מאלהיכ אני יהוה פ,12,מן קדם דסבר באוריתא תקום ותהדר אפי סבא ותדחל מאלהך אנא יי:,12,"ἀπὸ προσώπου πολιοῦ ἐξαναστήσῃ, καὶ τιμήσεις πρόσωπον πρεσβυτέρου· καὶ φοβηθήσῃ τὸν θεόν σου· ἐγώ εἰμι Κύριος ὁ θεὸς ὑμῶν.",19,ܡܢ ܩܕܡ ܣܒܐ ܗܘܝܬ ܩܐ̇ܡ. ܘܗܘܝܬ ܡܝܩܪ ܠܡ̇ܢ ܕܩܫܝܫ ܡܢܟ. ܘܕܚܠ ܡܢ ܐܠܗܟ. ܐܢܐ ܐܢܐ ܡܪܝܐ .,17,"Diante das cãs te levantarás, e honrarás a face do ancião, e temerás o teu Deus. Eu sou o Senhor.",20,True,True,True
19,33,Levítico 19:33,וְכִֽי־ יָג֧וּר אִתְּךָ֛ גֵּ֖ר בְּאַרְצְכֶ֑ם לֹ֥א תוֹנ֖וּ אֹתֽוֹ ׃,וכי יגור אתכ גר בארצכמ לא תונו אתו,9,וארי יתגיר עמך גיורא בארעכון לא תונון יתיה:,8,"ἐὰν δέ τις προσέλθῃ προσήλυτος ὑμῖν ἐν τῇ γῇ ὑμῶν, οὐ θλίψετε αὐτόν.",13,ܘܟܕ ܢܥܡܪ ܥܡܟܘܢ ܐܝܢܐ ܕܡܬܦܢܐ ܠܘܬܝ. ܠܐ ܬܥܠܒܘܢܗ.,8,"Quando um estrangeiro peregrinar convosco na vossa terra, não o maltratareis.",11,True,True,True
19,34,Levítico 19:34,כְּאֶזְרָ֣ח מִכֶּם֩ יִהְיֶ֨ה לָכֶ֜ם הַגֵּ֣ר ׀ הַגָּ֣ר אִתְּכֶ֗ם וְאָהַבְתָּ֥ לוֹ֙ כָּמ֔וֹךָ כִּֽי־ גֵרִ֥ים הֱיִיתֶ֖ם בְּאֶ֣רֶץ מִצְרָ֑יִם אֲנִ֖י יְהוָ֥ה אֱלֹהֵיכֶֽם ׃,כאזרח מכמ יהיה לכמ הגר הגר אתכמ ואהבת לו כמוכ כי גרימ הייתמ בארצ מצרימ אני יהוה אלהיכמ,20,כיציבא מנכון יהי לכון גיורא דיתגיר ביניכון ותרחם ליה כותך ארי דירין הויתון בארעא דמצרים אנא יי אלהכון:,18,"ὡς ὁ αὐτόχθων ἐν ὑμῖν ἔσται ὁ προσήλυτος ὁ προσπορευόμενος πρὸς ὑμᾶς, καὶ ἀγαπήσεις αὐτὸν ὡς σεαυτόν· ὅτι προσήλυτοι ἐγενήθητε ἐν γῇ Αἰγύπτῳ· ἐγώ εἰμι Κύριος ὁ θεὸς ὑμῶν.",29,ܐܠܐ ܐܟܘܬܟܘܢ ܘܡܢܟܘܢ ܢܗܘܐ. ܘܐܝܠܝܢ ܕܡܬܦܢܝܢ ܠܘܬܝ ܕܥܡ̇ܪܝܢ ܥܡܟܘܢ . ܪܚܡܘ ܐܢܘܢ ܐܝܟ ܢܦܫܟܘܢ. ܡܛܠ ܕܐܦ ܐܢܬܘܢ ܥܡܘܪ̈ܐ ܗܘܝܬܘܢ ܒܐܪܥܐ ܕܡܨܪܝܢ. ܐܢܐ ܐܢܐ ܡܪܝܐ ܐܠܗܟܘܢ.,25,Como um natural entre vós será o estrangeiro que peregrinar convosco; amá-lo-eis como a vós mesmos; pois estrangeiros fostes na terra do Egito. Eu sou o Senhor vosso Deus.,29,True,True,True
19,35,Levítico 19:35,לֹא־ תַעֲשׂ֥וּ עָ֖וֶל בַּמִּשְׁפָּ֑ט בַּמִּדָּ֕ה בַּמִּשְׁקָ֖ל וּבַמְּשׂוּרָֽה ׃,לא תעשו עול במשפט במדה במשקל ובמשורה,8,לא תעבדון שקר בדין במשחתא במתקלא ובמכלתא:,7,"οὐ ποιήσετε ἄδικον ἐν κρίσει, ἐν μέτροις καὶ ἐν σταθμίοις καὶ ἐν ζυγοῖς·",13,ܠܐ ܬܥܒܕܘܢ ܥܘܠܐ ܒܕܝܢܐ. ܒܡܐܣܬܐ ܘܒܡܬܩܠܐ ܘܒܟܝܠܬܐ.,7,"Não cometereis injustiça no juízo, nem na vara, nem no peso, nem na medida.",14,True,True,True
19,36,Levítico 19:36,מֹ֧אזְנֵי צֶ֣דֶק אַבְנֵי־ צֶ֗דֶק אֵ֥יפַת צֶ֛דֶק וְהִ֥ין צֶ֖דֶק יִהְיֶ֣ה לָכֶ֑ם אֲנִי֙ יְהוָ֣ה אֱלֹֽהֵיכֶ֔ם אֲשֶׁר־ הוֹצֵ֥אתִי אֶתְכֶ֖ם מֵאֶ֥רֶץ מִצְרָֽיִם ׃,מאזני צדק אבני צדק איפת צדק והינ צדק יהיה לכמ אני יהוה אלהיכמ אשר הוצאתי אתכמ מארצ מצרימ,19,מאזנון דקשוט מתקלן דקשוט מכילן דקשוט והינין דקשוט יהון לכון אנא יי אלהכון די אפקית יתכון מארעא דמצרים:,18,ζυγὰ δίκαια καὶ στάθμια δίκαια καὶ χοῦς δίκαιος ἔσται ὑμῖν· ἐγώ εἰμι Κύριος ὁ θεὸς ὑμῶν ὁ ἐξαγαγὼν ὑμᾶς ἐκ γῆς Αἰγύπτου.,22,ܡܣܐܬܐ ܕܩܘܫܬܐ ܘܡܬܩܠܐ ܕܩܘܫܬܐ ܘܟܝܠܬܐ ܕܩܘܫܬܐ. ܘܗܡܝܢܐ ܕܩܘܫܬܐ ܢܗܘܘܢ ܠܟܘܢ. ܐܢܐ ܐܢܐ ܡܪܝܐ ܐܠܗܟܘܢ. ܕܐܦܩ̇ܬܟܘܢ ܡܢ ܐܪܥܐ ܕܡܨܪܝܢ.,18,"Balanças justas, pesos justos, efa justa, e justo him tereis. Eu sou o Senhor vosso Deus, que vos tirei da terra do Egito.",23,True,True,True
19,37,Levítico 19:37,וּשְׁמַרְתֶּ֤ם אֶת־ כָּל־ חֻקֹּתַי֙ וְאֶת־ כָּל־ מִשְׁפָּטַ֔י וַעֲשִׂיתֶ֖ם אֹתָ֑ם אֲנִ֖י יְהוָֽה ׃ פ,ושמרתמ את כל חקתי ואת כל משפטי ועשיתמ אתמ אני יהוה פ,13,ותטרון ית כל קימי וית כל דיני ותעבדון יתהון אנא יי:,11,"καὶ φυλάξεσθε πάντα τὸν νόμον μου καὶ πάντα τὰ προστάγματά μου, καὶ ποιήσετε αὐτά· ἐγώ εἰμι Κύριος ὁ θεὸς ὑμῶν.",20,ܛܪܘ ܟܠܗܘܢ ܦܘܩ̈ܕܢܝ ܘܟܠܗܘܢ ܕܝܢ̈ܝ ܘܥܒܕܘ ܐܢܘܢ. ܐܢܐ ܐܢܐ ܡܪܝܐ.,10,"Pelo que guardareis todos os meus estatutos e todos os meus preceitos, e os cumprireis. Eu sou o Senhor.",19,True,True,True
20,1,Levítico 20:1,וַיְדַבֵּ֥ר יְהוָ֖ה אֶל־ מֹשֶׁ֥ה לֵּאמֹֽר ׃,וידבר יהוה אל משה לאמר,6,ומליל יי עם משה למימר:,5,Καὶ ἐλάλησεν Κύριος πρὸς Μωυσῆν λέγων,6,ܘܡܠܠ ܡܪܝܐ ܥܡ ܡܘܫܐ ܘܐܡܪ ܠܗ.,6,Disse mais o Senhor a Moisés:,6,True,True,True
20,2,Levítico 20:2,וְאֶל־ בְּנֵ֣י יִשְׂרָאֵ֘ל תֹּאמַר֒ אִ֣ישׁ אִישׁ֩ מִבְּנֵ֨י יִשְׂרָאֵ֜ל וּמִן־ הַגֵּ֣ר ׀ הַגָּ֣ר בְּיִשְׂרָאֵ֗ל אֲשֶׁ֨ר יִתֵּ֧ן מִזַּרְע֛וֹ לַמֹּ֖לֶךְ מ֣וֹת יוּמָ֑ת עַ֥ם הָאָ֖רֶץ יִרְגְּמֻ֥הוּ בָאָֽבֶן ׃,ואל בני ישראל תאמר איש איש מבני ישראל ומנ הגר הגר בישראל אשר יתנ מזרעו למלכ מות יומת עמ הארצ ירגמהו באבנ,24,ועם בני ישראל תימר גבר גבר מבני ישראל ומין גיורא דיתגירון בישראל די יתן מזרעיה למולך אתקטלא יתקטל עמא בית ישראל ירגמניה באבנא:,23,"Καὶ τοῖς υἱοῖς Ἰσραὴλ λαλήσεις Ἐάν τις ἀπὸ τῶν υἱῶν Ἰσραὴλ ἢ ἀπὸ τῶν γεγενημένων προσηλύτων ἐν Ἰσραὴλ ὃς ἂν δῷ τοῦ σπέρματος αὐτοῦ ἄρχοντι, θανάτῳ θανατούσθω· τὸ ἔθνος τὸ ἐπὶ τῆς γῆς λιθοβολήσουσιν αὐτὸν ἐν λίθοις.",37,ܐܡܪ ܠܒܢ̈ܝ ܐܝܣܪܝܠ. ܓܒܪ ܓܒܪ ܡܢ ܒܢ̈ܝ ܐܝܣܪܝܠ ܘܡܢ ܐܝܠܝܢ ܕܡܬܦܢܝܢ ܠܘܬܝ ܕܥܡ̇ܪܝܢ ܒܐܝܣܪܝܠ. ܕܢܪܡܐ ܡܢ ܙܪܥܗ ܒܢܘܟܪܝܬܐ ܡܬܩܛܠܘ ܢܬܩܛܠ ܓܒܪܐ ܗ̇ܘ . ܘܥܡܐ ܕܐܪܥܐ ܢܪܓܡܘܢܗ ܒܟܐ̈ܦܐ.,27,"Também dirás aos filhos de Israel: Qualquer dos filhos de Israel, ou dos estrangeiros peregrinos em Israel, que der de seus filhos a Moloque, certamente será morto; o povo da terra o apedrejará.",33,True,True,True
20,3,Levítico 20:3,וַאֲנִ֞י אֶתֵּ֤ן אֶת־ פָּנַי֙ בָּאִ֣ישׁ הַה֔וּא וְהִכְרַתִּ֥י אֹת֖וֹ מִקֶּ֣רֶב עַמּ֑וֹ כִּ֤י מִזַּרְעוֹ֙ נָתַ֣ן לַמֹּ֔לֶךְ לְמַ֗עַן טַמֵּא֙ אֶת־ מִקְדָּשִׁ֔י וּלְחַלֵּ֖ל אֶת־ שֵׁ֥ם קָדְשִֽׁי ׃,ואני אתנ את פני באיש ההוא והכרתי אתו מקרב עמו כי מזרעו נתנ למלכ למענ טמא את מקדשי ולחלל את שמ קדשי,23,ואנא אתן ית רוגזי בגברא ההוא ואשיצי יתיה מגו עמיה ארי מזרעיה יהב למולך בדיל לסאבא ית מקדשי ולאחלא ית שמא דקודשי:,22,"καὶ ἐγὼ ἐπιστήσω τὸ πρόσωπόν μου ἐπὶ τὸν ἄνθρωπον ἐκεῖνον καὶ ἀπολῶ αὐτὸν ἐκ τοῦ λαοῦ αὐτοῦ, ὅτι τοῦ σπέρματος αὐτοῦ ἔδωκεν ἄρχοντι, ἵνα μιάνῃ τὰ ἅγιά μου καὶ βεβηλώσῃ τὸ ὄνομα τῶν ἡγιασμένων μοι.",35,ܘܐܢܐ ܐܬܠ ܪܘܓܙܝ ܒܓܒܪܐ ܗ̇ܘ ܘܐܘܒܕܝܘܗܝ ܡܢ ܓܘ ܥܡܗ. ܥܠ ܕܐܪܡܝ ܡܢ ܙܪܥܗ ܒܢܘܟܪܝܬܐ. ܕܢܛܡܐ ܡܩܕܫܝ ܘܢܛܡܐ ܫܡܐ ܕܩܘܕܫܝ.,19,"Eu porei o meu rosto contra esse homem, e o extirparei do meio do seu povo; porquanto eu de seus filhos a Moloque, assim contaminando o meu santuário e profanando o meu santo nome.",34,True,True,True
20,4,Levítico 20:4,וְאִ֡ם הַעְלֵ֣ם יַעְלִימֽוּ֩ עַ֨ם הָאָ֜רֶץ אֶת־ עֵֽינֵיהֶם֙ מִן־ הָאִ֣ישׁ הַה֔וּא בְּתִתּ֥וֹ מִזַּרְע֖וֹ לַמֹּ֑לֶךְ לְבִלְתִּ֖י הָמִ֥ית אֹתֽוֹ ׃,ואמ העלמ יעלימו עמ הארצ את עיניהמ מנ האיש ההוא בתתו מזרעו למלכ לבלתי המית אתו,17,ואם מכבש יכבשון עמא בית ישראל ית עיניהון מן גברא ההוא בדיהב מזרעיה למולך בדיל דלא לקטלא יתיה:,18,"ἐὰν δὲ ὑπερόψει ὑπερίδωσιν οἱ αὐτόχθονες τῆς γῆς τοῖς ὀφθαλμοῖς αὐτῶν ἀπὸ τοῦ ἀνθρώπου ἐκείνου, ἐν τῷ δοῦναι αὐτὸν τοῦ σπέρματος αὐτοῦ ἄρχοντι, τοῦ μὴ ἀποκτεῖναι αὐτόν·",27,ܘܐܢ ܢܪܟܢܘܢ ܥܝܢ̈ܝܗܘܢ ܥܡܐ ܕܐܪܥܐ. ܡܢ ܓܒܪܐ ܗ̇ܘ ܕܐܪܡܝ ܡܢ ܙܪܥܗ ܒܢܘܟܪܝܬܐ ܕܠܐ ܢܩܛܠܘܢܗ.,14,"E, se o povo da terra de alguma maneira esconder os olhos para não ver esse homem, quando der de seus filhos a Moloque, e não matar,",27,True,True,True
20,5,Levítico 20:5,וְשַׂמְתִּ֨י אֲנִ֧י אֶת־ פָּנַ֛י בָּאִ֥ישׁ הַה֖וּא וּבְמִשְׁפַּחְתּ֑וֹ וְהִכְרַתִּ֨י אֹת֜וֹ וְאֵ֣ת ׀ כָּל־ הַזֹּנִ֣ים אַחֲרָ֗יו לִזְנ֛וֹת אַחֲרֵ֥י הַמֹּ֖לֶךְ מִקֶּ֥רֶב עַמָּֽם ׃,ושמתי אני את פני באיש ההוא ובמשפחתו והכרתי אתו ואת כל הזנימ אחריו לזנות אחרי המלכ מקרב עממ,20,ואשוי אנא ית רוגזי בגברא ההוא ובסעדוהי ואשיצי יתיה וית כל דטען בתרוהי למטעי בתר מולך מגו עמהון:,18,"καὶ ἐπιστήσω τὸ πρόσωπόν μου ἐπὶ τὸν ἄνθρωπον ἐκεῖνον καὶ τὴν συγγενίαν αὐτοῦ, καὶ ἀπολῶ αὐτὸν καὶ πάντας τοὺς ὁμονοοῦντας αὐτῷ, ὥστε ἐκπορνεύειν αὐτὸν εἰς τοὺς ἄρχοντας, ἐκ τοῦ λαοῦ αὐτῶν.",31,ܐܥܒܕ ܐܢܐ ܪܘܓܙܝ ܒܓܒܪܐ ܗ̇ܘ ܘܒܫܪܒܬܗ. ܘܐܘܒܕܝܘܗܝ ܘܠܟܠ ܕܛܥ̇ܝܢ ܒܬܪܗ. ܥܠ ܕܛܥ̇ܝܢ ܒܬܪ ܢܘܟܪ̈ܝܬܐ ܡܢ ܓܘ ܥܡܗܘܢ.,17,"eu porei o meu rosto contra esse homem, e contra a sua família, e o extirparei do meio do seu povo, bem como a todos os que forem após ele, prostituindo-se após Moloque.",33,True,True,True
20,6,Levítico 20:6,וְהַנֶּ֗פֶשׁ אֲשֶׁ֨ר תִּפְנֶ֤ה אֶל־ הָֽאֹבֹת֙ וְאֶל־ הַיִּדְּעֹנִ֔ים לִזְנ֖וֹת אַחֲרֵיהֶ֑ם וְנָתַתִּ֤י אֶת־ פָּנַי֙ בַּנֶּ֣פֶשׁ הַהִ֔וא וְהִכְרַתִּ֥י אֹת֖וֹ מִקֶּ֥רֶב עַמּֽוֹ ׃,והנפש אשר תפנה אל האבת ואל הידענימ לזנות אחריהמ ונתתי את פני בנפש ההוא והכרתי אתו מקרב עמו,19,ואנש די יתפני בתר בדין ודכורו למטעי בתריהון ואתן ית רוגזי באנשא ההיא ואשיצי יתיה מגו עמיה:,17,"καὶ ψυχὴ ἣ ἐὰν ἐπακολουθήσῃ ἐνγαστριμύθοις ἢ ἐπαοιδοῖς ὥστε ἐκπορνεῦσαι ὀπίσω αὐτῶν, ἐπιστήσω τὸ πρόσωπόν μου ἐπὶ τὴν ψυχὴν ἐκείνην καὶ ἀπολῶ αὐτὴν ἐκ τοῦ λαοῦ αὐτῆς.",27,ܘܢܦܫܐ ܕܬܐܙܠ ܒܬܪ ܙܟܘܪ̈ܐ ܘܝܕܘ̈ܥܐ. ܘܬܛܥܐ ܒܬܪܗܘܢ. ܐܬܠ ܪܘܓܙܝ ܒܢܦܫܐ ܗ̇ܝ. ܘܐܘܒܕܝܗ̇ ܡܢ ܓܘ ܥܡܗ̇.,15,"Quanto àquele que se voltar para os que consultam os mortos e para os feiticeiros, prostituindo-se após eles, porei o meu rosto contra aquele homem, e o extirparei do meio do seu povo.",33,True,True,True
20,7,Levítico 20:7,וְהִ֨תְקַדִּשְׁתֶּ֔ם וִהְיִיתֶ֖ם קְדֹשִׁ֑ים כִּ֛י אֲנִ֥י יְהוָ֖ה אֱלֹהֵיכֶֽם ׃,והתקדשתמ והייתמ קדשימ כי אני יהוה אלהיכמ,8,ותתקדשון ותהון קדישין ארי אנא יי אלהכון:,7,"καὶ ἔσεσθε ἅγιοι, ὅτι ἅγιος ἐγὼ Κύριος ὁ θεὸς ὑμῶν·",10,ܐܬܩܕܫܘ ܘܗܘܘ ܩܕܝܫ̈ܝܢ. ܡܛܠ ܕܐܢܐ ܐܢܐ ܡܪܝܐ ܐܠܗܟܘܢ.,8,"Portanto santificai-vos, e sede santos, pois eu sou o Senhor vosso Deus.",12,True,True,True
20,8,Levítico 20:8,וּשְׁמַרְתֶּם֙ אֶת־ חֻקֹּתַ֔י וַעֲשִׂיתֶ֖ם אֹתָ֑ם אֲנִ֥י יְהוָ֖ה מְקַדִּשְׁכֶֽם ׃,ושמרתמ את חקתי ועשיתמ אתמ אני יהוה מקדשכמ,9,ותטרון ית קימי ותעבדון יתהון אנא יי מקדשכון:,8,"καὶ φυλάξεσθε τὰ προστάγματά μου καὶ ποιήσετε αὐτά, ἐγὼ Κύριος ὁ ἁγιάζων ὑμᾶς.",13,ܛܪܘ ܦܘܩ̈ܕܢܝ ܘܥܒܕܘ ܐܢܘܢ. ܐܢܐ ܐܢܐ ܡܪܝܐ ܕܡܩܕܫ ܐܢܐ ܠܟܘܢ.,10,"Guardai os meus estatutos, e cumpri-os. Eu sou o Senhor, que vos santifico.",13,True,True,True
20,9,Levítico 20:9,כִּֽי־ אִ֣ישׁ אִ֗ישׁ אֲשֶׁ֨ר יְקַלֵּ֧ל אֶת־ אָבִ֛יו וְאֶת־ אִמּ֖וֹ מ֣וֹת יוּמָ֑ת אָבִ֧יו וְאִמּ֛וֹ קִלֵּ֖ל דָּמָ֥יו בּֽוֹ ׃,כי איש איש אשר יקלל את אביו ואת אמו מות יומת אביו ואמו קלל דמיו בו,17,ארי גבר גבר די ילוט ית אבוהי וית אמיה אתקטלא יתקטל אבוהי ואמיה לט קטלא חיב:,16,"ἄνθρωπος ἄνθρωπος ὃς ἂν κακῶς εἴπῃ τὸν πατέρα αὐτοῦ ἢ τὴν μητέρα αὐτοῦ θανάτῳ θανατούσθω· πατέρα αὐτοῦ ἢ μητέρα αὐτοῦ κακῶς εἶπεν, ἔνοχος ἔσται.",24,ܘܓܒܪܐ ܕܢܨܚܐ ܠܐܒܘܗܝ ܘܠܐܡܗ ܡܬܩܛܠܘ ܢܬܩܛܠ. ܠܐܒܘܗܝ ܘܠܐܡܗ ܨܚܝ ܕܡܗ ܥܠܘܗܝ .,12,"Qualquer que amaldiçoar a seu pai ou a sua mãe, certamente será morto; amaldiçoou a seu pai ou a sua mãe; o seu sangue será sobre ele.",27,True,True,True
20,10,Levítico 20:10,וְאִ֗ישׁ אֲשֶׁ֤ר יִנְאַף֙ אֶת־ אֵ֣שֶׁת אִ֔ישׁ אֲשֶׁ֥ר יִנְאַ֖ף אֶת־ אֵ֣שֶׁת רֵעֵ֑הוּ מֽוֹת־ יוּמַ֥ת הַנֹּאֵ֖ף וְהַנֹּאָֽפֶת ׃,ואיש אשר ינאפ את אשת איש אשר ינאפ את אשת רעהו מות יומת הנאפ והנאפת,16,וגבר די יגוף ית אתת גבר די יגוף ית אתת חבריה אתקטלא יתקטל גיפא וגיפתא:,15,"ἄνθρωπος ὃς ἂν μοιχεύσηται γυναῖκα ἀνδρός, ἢ ὃς ἂν μοιχεύσηται γυναῖκα τοῦ πλησίον, θανάτῳ θανατούσθωσαν ὁ μοιχεύων καὶ ἡ μοιχευομένη.",20,ܘܓܒܪܐ ܕܢܓܘܪ ܐܢܬܬ ܓܒܪܐ. ܘܢܓܘܪ ܐܢܬܬ ܚܒܪܗ. ܡܬܩܛܠܘ ܢܬܩܛܠܘܢ . ܓܝܪܐ ܘܓܝܪܬܐ.,12,"O homem que adulterar com a mulher de outro, sim, aquele que adulterar com a mulher do seu próximo, certamente será morto, tanto o adúltero, como a adúltera.",28,True,True,True
20,11,Levítico 20:11,וְאִ֗ישׁ אֲשֶׁ֤ר יִשְׁכַּב֙ אֶת־ אֵ֣שֶׁת אָבִ֔יו עֶרְוַ֥ת אָבִ֖יו גִּלָּ֑ה מֽוֹת־ יוּמְת֥וּ שְׁנֵיהֶ֖ם דְּמֵיהֶ֥ם בָּֽם ׃,ואיש אשר ישכב את אשת אביו ערות אביו גלה מות יומתו שניהמ דמיהמ במ,15,וגבר די ישכוב עם אתת אבוהי עריתא דאבוהי גלי אתקטלא יתקטלון תרויהון קטלא חיבין:,14,"ἐάν τις κοιμηθῇ μετὰ γυναικὸς τοῦ πατρὸς αὐτοῦ, ἀσχημοσύνην τοῦ πατρὸς αὐτοῦ ἀπεκάλυψεν, θανατούσθω· ἀμφότεροι ἔνοχοί εἰσιν.",17,ܘܓܒܪܐ ܕܢܕܡܟ ܥܡ ܐܢܬܬ ܐܒܘܗܝ. ܦܘܪܣܝܐ ܕܐܒܘܗܝ ܓܠܐ ܡܬܩܛܠܘ ܢܬܩܛܠܘܢ ܬܪ̈ܝܗܘܢ. ܘܕܡܗܘܢ ܥܠܝܗܘܢ.,13,O homem que se deitar com a mulher de seu pai terá descoberto a nudez de seu pai; ambos os adúlteros certamente serão mortos; o seu sangue será sobre eles.,30,True,True,True
20,12,Levítico 20:12,וְאִ֗ישׁ אֲשֶׁ֤ר יִשְׁכַּב֙ אֶת־ כַּלָּת֔וֹ מ֥וֹת יוּמְת֖וּ שְׁנֵיהֶ֑ם תֶּ֥בֶל עָשׂ֖וּ דְּמֵיהֶ֥ם בָּֽם ׃,ואיש אשר ישכב את כלתו מות יומתו שניהמ תבל עשו דמיהמ במ,13,וגבר די ישכוב ית כלתיה אתקטלא יתקטלון תרויהון תבלא עבדו קטלא חיבין:,12,"καὶ ἐάν τις κοιμηθῇ μετὰ νύμφης αὐτοῦ, θανάτῳ θανατούσθωσαν ἀμφότεροι· ἠσεβήκασιν γάρ, ἔνοχοί εἰσιν.",14,ܘܓܒܪܐ ܕܢܕܡܟ ܥܡ ܟܠܬܗ. ܡܬܩܛܠܘ ܢܬܩܛܠܘܢ ܬܪ̈ܝܗܘܢ. ܡܛܠ ܕܚܛܝܬܐ ܥܒܕܘ ܕܡܗܘܢ ܥܠܝܗܘܢ.,12,"Se um homem se deitar com a sua nora, ambos certamente serão mortos; cometeram uma confusão; o seu sangue será sobre eles.",22,True,True,True
20,13,Levítico 20:13,וְאִ֗ישׁ אֲשֶׁ֨ר יִשְׁכַּ֤ב אֶת־ זָכָר֙ מִשְׁכְּבֵ֣י אִשָּׁ֔ה תּוֹעֵבָ֥ה עָשׂ֖וּ שְׁנֵיהֶ֑ם מ֥וֹת יוּמָ֖תוּ דְּמֵיהֶ֥ם בָּֽם ׃,ואיש אשר ישכב את זכר משכבי אשה תועבה עשו שניהמ מות יומתו דמיהמ במ,15,וגבר די ישכוב ית דכורא משכבי אתתא תועבתא עבדו תרויהון אתקטלא יתקטלון קטלא חיבין:,14,"καὶ ὃς ἂν κοιμηθῇ μετὰ ἄρσενος κοίτην γυναικός, βδέλυγμα ἐποίησαν ἀμφότεροι· θανατούσθωσαν, ἔνοχοί εἰσιν.",14,ܘܓܒܪܐ ܕܢܕܡܟ ܥܡ ܕܟܪܐ ܡܕܡܟܐ ܕܐܢܬܬܐ. ܛܢܦܘܬܐ ܥܒܕܘ. ܬܪ̈ܝܗܘܢ ܡܬܩܛܠܘ ܢܬܩܛܠܘܢ. ܘܕܡܗܘܢ ܥܠܝܗܘܢ.,13,"Se um homem se deitar com outro homem, como se fosse com mulher, ambos terão praticado abominação; certamente serão mortos; o seu sangue será sobre eles.",26,True,True,True
20,14,Levítico 20:14,וְאִ֗ישׁ אֲשֶׁ֨ר יִקַּ֧ח אֶת־ אִשָּׁ֛ה וְאֶת־ אִמָּ֖הּ זִמָּ֣ה הִ֑וא בָּאֵ֞שׁ יִשְׂרְפ֤וּ אֹתוֹ֙ וְאֶתְהֶ֔ן וְלֹא־ תִהְיֶ֥ה זִמָּ֖ה בְּתוֹכְכֶֽם ׃,ואיש אשר יקח את אשה ואת אמה זמה הוא באש ישרפו אתו ואתהנ ולא תהיה זמה בתוככמ,18,וגבר די יסב ית אתתא וית אמה עצת חטאין היא בנורא יוקדון יתיה ויתהן ולא תהי עצת חטאין ביניכון:,19,"ὃς ἐὰν λάβῃ γυναῖκα καὶ τὴν μητέρα αὐτῆς, ἀνόμημά ἐστιν· ἐν πυρὶ κατακαύσουσιν αὐτὸν καὶ αὐτὰς, καὶ οὐκ ἔσται ἀνομία ἐν ὑμῖν.",22,ܘܓܒܪܐ ܕܢܣܒ ܐܢܬܬܐ ܘܐܡܗ̇ ܚܛܝܬܐ ܗܝ. ܒܢܘܪܐ ܢܘܩܕܘܢܗ ܠܗ ܘܠܗܝܢ. ܘܠܐ ܬܗܘܐ ܚܛܝܬܐ ܒܝܢܬܟܘܢ.,14,"Se um homem tomar uma mulher e a mãe dela, é maldade; serão queimados no fogo, tanto ele quanto elas, para que não haja maldade no meio de vós.",29,True,True,True
20,15,Levítico 20:15,וְאִ֗ישׁ אֲשֶׁ֨ר יִתֵּ֧ן שְׁכָבְתּ֛וֹ בִּבְהֵמָ֖ה מ֣וֹת יוּמָ֑ת וְאֶת־ הַבְּהֵמָ֖ה תַּהֲרֹֽגוּ ׃,ואיש אשר יתנ שכבתו בבהמה מות יומת ואת הבהמה תהרגו,11,וגבר די יתן שכבתיה בבעירא אתקטלא יתקטל וית בעירא תקטלון:,10,"καὶ ὃς ἂν δῷ κοιτασίαν αὐτοῦ ἐν τετράποδι, θανάτῳ θανατούσθω, καὶ τὸ τετράπουν ἀποκτενεῖτε.",14,ܘܓܒܪܐ ܕܢܕܡܟ ܥܡ ܒܥܝܪܐ ܡܬܩܛܠܘ ܢܬܩܛܠ. ܘܐܦ ܗܝ ܒܥܝܪܐ ܬܬܪܓܡ .,11,"Se um homem se ajuntar com um animal, certamente será morto; também matareis o animal.",15,True,True,True
20,16,Levítico 20:16,וְאִשָּׁ֗ה אֲשֶׁ֨ר תִּקְרַ֤ב אֶל־ כָּל־ בְּהֵמָה֙ לְרִבְעָ֣ה אֹתָ֔הּ וְהָרַגְתָּ֥ אֶת־ הָאִשָּׁ֖ה וְאֶת־ הַבְּהֵמָ֑ה מ֥וֹת יוּמָ֖תוּ דְּמֵיהֶ֥ם בָּֽם ׃,ואשה אשר תקרב אל כל בהמה לרבעה אתה והרגת את האשה ואת הבהמה מות יומתו דמיהמ במ,18,ואתתא די תקרב לכל בעירא למשלט בה ותקטול ית אתתא וית בעירא אתקטלא יתקטלון קטלא חיבין:,16,"καὶ γυνὴ ἥτις προσελεύσεται πρὸς πᾶν κτῆνος βιβασθῆναι αὐτὴν ὑπ᾽ αὐτοῦ, ἀποκτενεῖτε τὴν γυναῖκα καὶ τὸ κτῆνος· θανάτῳ θανατούσθω, ἔνοχοί εἰσιν.",21,ܘܐܢܬܬܐ ܕܬܬܩܪܒ ܠܘܬ ܒܥܝܪܐ ܕܬܬܪܟܒ ܡܢܗ̇. ܩܛܘܠܘ ܠܐܢܬܬܐ ܘܐܦ ܠܒܥܝܪ̈ܐ. ܡܬܩܛܠܘ ܢܬܩܛܠܘܢ ܘܕܡܗܘܢ ܥܠܝܗܘܢ.,14,"Se uma mulher se chegar a algum animal, para ajuntar-se com ele, matarás a mulher e bem assim o animal; certamente serão mortos; o seu sangue será sobre eles:",29,True,True,True
20,17,Levítico 20:17,וְאִ֣ישׁ אֲשֶׁר־ יִקַּ֣ח אֶת־ אֲחֹת֡וֹ בַּת־ אָבִ֣יו א֣וֹ בַת־ אִ֠מּוֹ וְרָאָ֨ה אֶת־ עֶרְוָתָ֜הּ וְהִֽיא־ תִרְאֶ֤ה אֶת־ עֶרְוָתוֹ֙ חֶ֣סֶד ה֔וּא וְנִ֨כְרְת֔וּ לְעֵינֵ֖י בְּנֵ֣י עַמָּ֑ם עֶרְוַ֧ת אֲחֹת֛וֹ גִּלָּ֖ה עֲוֺנ֥וֹ יִשָּֽׂא ׃,ואיש אשר יקח את אחתו בת אביו או בת אמו וראה את ערותה והיא תראה את ערותו חסד הוא ונכרתו לעיני בני עממ ערות אחתו גלה עונו ישא,29,וגבר די יסב ית אחתיה בת אבוהי או בת אמיה ויחזי ית עריתה והיא תחזי ית עריתיה קלנא הוא וישתיצון לעיני בני עמהון ערית אחתיה גלי חוביה יקבל:,28,"ὃς ἐὰν λάβῃ τὴν ἀδελφὴν αὐτοῦ ἐκ πατρὸς αὐτοῦ ἢ ἐκ μητρὸς αὐτοῦ, καὶ ἴδῃ τὴν ἀσχημοσύνην αὐτῆς καὶ αὕτη ἴδῃ τὴν ἀσχημοσύνην αὐτοῦ, ὄνειδός ἐστιν, ἐξολεθρευθήσονται ἐνώπιον υἱῶν γένους αὐτῶν· ἀσχημοσύνην ἀδελφῆς αὐτοῦ ἀπεκάλυψεν, ἁμαρτίαν κομιοῦνται.",37,ܘܓܒܪܐ ܕܢܣܒ ܚܬܗ ܒܪܬ ܐܒܘܗܝ ܐܘ ܒܪܬ ܐܡܗ ܘܢܚܙܐ ܦܘܪܣܝܗ̇. ܘܐܦ ܗܝ ܬܚܙܐ ܦܘܪܣܝܗ. ܚܣܕܐ ܗܘ. ܢܐܒܕܘܢ ܩܕܡ ܒܢ̈ܝ ܥܡܗܘܢ. ܦܘܪܣܝܐ ܕܚܬܗ ܓܠܐ ܥܘܠܗܘܢ ܢܩܒܠܘܢ.,25,"Se um homem tomar a sua irmã, por parte de pai, ou por parte de mãe, e vir a nudez dela, e ela a dele, é torpeza; portanto serão extirpados aos olhos dos filhos do seu povo; terá descoberto a nudez de sua irmã; levará sobre si a sua iniqüidade.",50,True,True,True
20,18,Levítico 20:18,וְ֠אִישׁ אֲשֶׁר־ יִשְׁכַּ֨ב אֶת־ אִשָּׁ֜ה דָּוָ֗ה וְגִלָּ֤ה אֶת־ עֶרְוָתָהּ֙ אֶת־ מְקֹרָ֣הּ הֶֽעֱרָ֔ה וְהִ֕יא גִּלְּתָ֖ה אֶת־ מְק֣וֹר דָּמֶ֑יהָ וְנִכְרְת֥וּ שְׁנֵיהֶ֖ם מִקֶּ֥רֶב עַמָּֽם ׃,ואיש אשר ישכב את אשה דוה וגלה את ערותה את מקרה הערה והיא גלתה את מקור דמיה ונכרתו שניהמ מקרב עממ,22,וגבר די ישכוב ית אתתא סואבתא ויגלי ית עריתה ית קלנה גלי והיא תגלי ית סואבת דמהא וישתיצון תרויהון מגו עמהון:,21,"καὶ ἀνὴρ ὃς ἂν κοιμηθῇ μετὰ γυναικὸς ἀποκαθημένης καὶ ἀποκαλύψῃ τὴν ἀσχημοσύνην αὐτῆς, τὴν πηγὴν αὐτῆς ἀπεκάλυψεν, καὶ αὕτη ἀπεκάλυψεν τὴν ῥύσιν τοῦ αἵματος αὐτῆς· ἐξολεθρευθήσονται ἀμφότεροι ἐκ τοῦ γένους αὐτῶν.",31,ܘܓܒܪܐ ܕܢܕܡܟ ܥܡ ܐܢܬܬܐ ܟܦܣܢܝܬܐ. ܘܢܓܠܐ ܦܘܪܣܝܗ̇ ܡܒܘܥܗ̇ ܓܠܐ. ܘܗܝ ܓܠܬ ܡܒܘܥܐ ܕܕܡܗ̇. ܢܐܒܕܘܢ ܬܪ̈ܝܗܘܢ ܡܢ ܓܘ ܥܡܗܘܢ.,18,"Se um homem se deitar com uma mulher no tempo da enfermidade dela, e lhe descobrir a nudez, descobrindo-lhe também a fonte, e ela descobrir a fonte do seu sangue, ambos serão extirpados do meio do seu povo.",38,True,True,True
20,19,Levítico 20:19,וְעֶרְוַ֨ת אֲח֧וֹת אִמְּךָ֛ וַאֲח֥וֹת אָבִ֖יךָ לֹ֣א תְגַלֵּ֑ה כִּ֧י אֶת־ שְׁאֵר֛וֹ הֶעֱרָ֖ה עֲוֺנָ֥ם יִשָּֽׂאוּ ׃,וערות אחות אמכ ואחות אביכ לא תגלה כי את שארו הערה עונמ ישאו,14,וערית אחת אמך ואחת אבוך לא תגלי ארי ית קריביה גלי חובהן יקבלון:,13,"καὶ ἀσχημοσύνην ἀδελφῆς πατρός σου καὶ ἀδελφῆς μητρός σου οὐκ ἀποκαλύψεις· τὴν γὰρ οἰκειότητα ἀπεκάλυψεν, ἁμαρτίαν ἀποίσονται.",17,ܦܘܪܣܝܐ ܕܚܬܗ̇ ܕܐܡܟ ܘܕܚܬܗ ܕܐܒܘܟ ܠܐ ܬܓܠܐ. ܡܛܠ ܕܩܪ̈ܝܒܢ ܐ̈ܢܝܢ. ܦܘܪܣܝ ܥܘܠܗܘܢ ܢܩܒܠܘܢ.,13,"Não descobrirás a nudez da irmã de tua mãe, ou da irmã de teu pai, porquanto isso será descobrir a sua parenta chegada; levarão sobre si a sua iniqüidade.",29,True,True,True
20,20,Levítico 20:20,וְאִ֗ישׁ אֲשֶׁ֤ר יִשְׁכַּב֙ אֶת־ דֹּ֣דָת֔וֹ עֶרְוַ֥ת דֹּד֖וֹ גִּלָּ֑ה חֶטְאָ֥ם יִשָּׂ֖אוּ עֲרִירִ֥ים יָמֻֽתוּ ׃,ואיש אשר ישכב את דדתו ערות דדו גלה חטאמ ישאו ערירימ ימתו,13,וגבר די ישכוב ית אתת אח אבוהי ערית אח אבוהי גלי חובהן יקבלון בלא ולד ימותון:,16,"ὃς ἂν κοιμηθῇ μετὰ τῆς συγγενοῦς αὐτοῦ, ἀσχημοσύνην τῆς συγγενοῦς αὐτοῦ ἀπεκάλυψεν· ἄτεκνοι ἀποθανοῦνται.",14,ܘܓܒܪܐ ܕܢܕܡܟ ܥܡ ܐܢܬܬ ܕܕܗ. ܦܘܪܣܝܐ ܕܕܕܗ ܓܠܐ. ܚܛܝܬܗܘܢ ܢܩܒܠܘܢ ܘܕܠܐ ܒ̈ܢܝܢ ܢܡܘܬܘܢ.,13,"Se um homem se deitar com a sua tia, terá descoberto a nudez de seu tio; levarão sobre si o seu pecado; sem filhos morrerão.",25,True,True,True
20,21,Levítico 20:21,וְאִ֗ישׁ אֲשֶׁ֥ר יִקַּ֛ח אֶת־ אֵ֥שֶׁת אָחִ֖יו נִדָּ֣ה הִ֑וא עֶרְוַ֥ת אָחִ֛יו גִּלָּ֖ה עֲרִירִ֥ים יִהְיֽוּ ׃,ואיש אשר יקח את אשת אחיו נדה הוא ערות אחיו גלה ערירימ יהיו,14,וגבר די יסב ית אתת אחוהי מרחקא היא עריתא דאחוהי גלי בלא ולד יהון:,14,"ὃς ἂν λάβῃ τὴν γυναῖκα τοῦ ἀδελφοῦ αὐτοῦ, ἀκαθαρσία αὐτοῦ ἐστίν· ἀσχημοσύνην ἀδελφοῦ αὐτοῦ ἀπεκάλυψεν, ἄτεκνοι ἀποθανοῦνται.",17,ܘܓܒܪܐ ܕܢܣܒ ܐܢܬܬ ܐܚܘܗܝ ܥܘܠܐ ܗܘ. ܡܛܠ ܕܦܘܪܣܝܐ ܕܐܚܘܗܝ ܓܠܐ. ܕܠܐ ܒ̈ܢܝܢ ܢܗܘܘܢ .,14,"Se um homem tomar a mulher de seu irmão, é imundícia; terá descoberto a nudez de seu irmão; sem filhos ficarão.",21,True,True,True
20,22,Levítico 20:22,וּשְׁמַרְתֶּ֤ם אֶת־ כָּל־ חֻקֹּתַי֙ וְאֶת־ כָּל־ מִשְׁפָּטַ֔י וַעֲשִׂיתֶ֖ם אֹתָ֑ם וְלֹא־ תָקִ֤יא אֶתְכֶם֙ הָאָ֔רֶץ אֲשֶׁ֨ר אֲנִ֜י מֵבִ֥יא אֶתְכֶ֛ם שָׁ֖מָּה לָשֶׁ֥בֶת בָּֽהּ ׃,ושמרתמ את כל חקתי ואת כל משפטי ועשיתמ אתמ ולא תקיא אתכמ הארצ אשר אני מביא אתכמ שמה לשבת בה,21,ותטרון ית כל קימי וית כל דיני ותעבדון יתהון ולא תרוקן יתכון ארעא די אנא מעיל יתכון תמן למתב בה:,20,"Καὶ φυλάξασθε πάντα τὰ προστάγματά μου καὶ τὰ κρίματά μου, καὶ ποιήσετε αὐτά· καὶ οὐ μὴ προσοχθίσῃ ὑμῖν ἡ γῆ εἰς ἣν ἐγὼ εἰσάγω ὑμᾶς ἐκεῖ κατοικεῖν ἐπ᾽ αὐτῆς.",29,ܛܪܘ ܟܠܗܘܢ ܦܘܩ̈ܕܢܝ ܘܕܝܢ̈ܝ ܘܥܒܕܘ ܐܢܘܢ. ܘܠܐ ܬܣܪܩܟܘܢ ܐܪܥܐ ܕܡ̇ܥܠ ܐܢܐ ܠܟܘܢ ܠܗ̇ ܠܡܬܒ ܒܗ̇.,15,"Guardareis, pois, todos os meus estatutos e todos os meus preceitos, e os cumprireis; a fim de que a terra, para a qual eu vos levo, para nela morardes, não vos vomite.",32,True,True,True
20,23,Levítico 20:23,וְלֹ֤א תֵֽלְכוּ֙ בְּחֻקֹּ֣ת הַגּ֔וֹי אֲשֶׁר־ אֲנִ֥י מְשַׁלֵּ֖חַ מִפְּנֵיכֶ֑ם כִּ֤י אֶת־ כָּל־ אֵ֨לֶּה֙ עָשׂ֔וּ וָאָקֻ֖ץ בָּֽם ׃,ולא תלכו בחקת הגוי אשר אני משלח מפניכמ כי את כל אלה עשו ואקצ במ,16,ולא תהכון בנימוסי עממיא די אנא מגלי מן קדמיכון ארי ית כל אלין עבדו ורחיק מימרי יתהון:,17,"καὶ οὐχὶ πορεύεσθε τοῖς νομίμοις τῶν ἐθνῶν, οὓς ἐξαποστέλλω ἀφ᾽ ὑμῶν· ὅτι ταῦτα πάντα ἐποίησαν, καὶ ἐβδελυξάμην αὐτούς.",18,ܘܠܐ ܬܗܠܟܘܢ ܒܢܡܘ̈ܣܐ ܕܥܡ̈ܡܐ ܕܫ̇ܕܐ ܐܢܐ ܡܢ ܩܕܡܝܟܘܢ. ܡܛܠ ܕܗܠܝܢ ܟܠܗܝܢ ܥܒܕܘ ܘܥܩܬ ܠܝ ܒܗܘܢ.,15,"E não andareis nos costumes dos povos que eu expulso de diante de vós; porque eles fizeram todas estas coisas, e eu os abominei.",24,True,True,True
20,24,Levítico 20:24,וָאֹמַ֣ר לָכֶ֗ם אַתֶּם֮ תִּֽירְשׁ֣וּ אֶת־ אַדְמָתָם֒ וַאֲנִ֞י אֶתְּנֶ֤נָּה לָכֶם֙ לָרֶ֣שֶׁת אֹתָ֔הּ אֶ֛רֶץ זָבַ֥ת חָלָ֖ב וּדְבָ֑שׁ אֲנִי֙ יְהוָ֣ה אֱלֹֽהֵיכֶ֔ם אֲשֶׁר־ הִבְדַּ֥לְתִּי אֶתְכֶ֖ם מִן־ הָֽעַמִּֽים ׃,ואמר לכמ אתמ תירשו את אדמתמ ואני אתננה לכמ לרשת אתה ארצ זבת חלב ודבש אני יהוה אלהיכמ אשר הבדלתי אתכמ מנ העמימ,24,ואמרית לכון אתון תירתון ית ארעהון ואנא אתננה לכון למירת יתה ארעא עבדא חלב ודבש אנא יי אלהכון די אפרשית יתכון מן עממיא:,23,"καὶ εἶπα ὑμῖν Ὑμεῖς κληρονομήσατε τὴν γῆν αὐτῶν, καὶ ἐγὼ δώσω ὑμῖν αὐτὴν ἐν κτήσει, γῆν ῥέουσαν γάλα καὶ μέλι· ἐγὼ Κύριος ὁ θεὸς ὑμῶν, ὃς διώρισα ὑμᾶς ἀπὸ πάντων τῶν ἐθνῶν.",32,ܘܐܡ̇ܪܬ ܠܟܘܢ. ܕܐܢܬܘܢ ܬܐܪܬܘܢ ܐܪܥܗܘܢ. ܘܐܢܐ ܐܬܠܝܗ̇ ܠܟܘܢ ܘܬܐܪܬܘܢܗ̇. ܐܪܥܐ ܕܡܪܕܝܐ ܚܠܒܐ ܘܕܒܫܐ. ܐܢܐ ܐܢܐ ܡܪܝܐ ܐܠܗܟܘܢ ܕܦܪܫܬܟܘܢ ܡܢ ܥܡ̈ܡܐ.,20,"Mas a vós vos tenho dito: Herdareis a sua terra, e eu vo-la darei para a possuirdes, terra que mana leite e mel. Eu sou o Senhor vosso Deus, que vos separei dos povos.",34,True,True,True
20,25,Levítico 20:25,וְהִבְדַּלְתֶּ֞ם בֵּֽין־ הַבְּהֵמָ֤ה הַטְּהֹרָה֙ לַטְּמֵאָ֔ה וּבֵין־ הָע֥וֹף הַטָּמֵ֖א לַטָּהֹ֑ר וְלֹֽא־ תְשַׁקְּצ֨וּ אֶת־ נַפְשֹֽׁתֵיכֶ֜ם בַּבְּהֵמָ֣ה וּבָע֗וֹף וּבְכֹל֙ אֲשֶׁ֣ר תִּרְמֹ֣שׂ הָֽאֲדָמָ֔ה אֲשֶׁר־ הִבְדַּ֥לְתִּי לָכֶ֖ם לְטַמֵּֽא ׃,והבדלתמ בינ הבהמה הטהרה לטמאה ובינ העופ הטמא לטהר ולא תשקצו את נפשתיכמ בבהמה ובעופ ובכל אשר תרמש האדמה אשר הבדלתי לכמ לטמא,24,ותפרשון בין בעירא דכיא למסאבא ובין עופא מסאבא לדכי ולא תשקצון ית נפשתיכון בבעירא ובעופא ובכל די תרחש ארעא די אפרשית לכון לסאבא:,23,"καὶ ἀφοριεῖτε αὐτοὺς ἀνὰ μέσον τῶν κτηνῶν τῶν καθαρῶν καὶ ἀνὰ μέσον τῶν κτηνῶν τῶν ἀκαθάρτων, καὶ ἀνὰ μέσον τῶν πετεινῶν τῶν καθαρῶν καὶ τῶν ἀκαθάρτων· καὶ οὐ βδελύξετε τὰς ψυχὰς ὑμῶν ἐν τοῖς κτήνεσιν καὶ ἐν τοῖς πετεινοῖς καὶ ἐν πᾶσιν τοῖς ἑρπετοῖς τῆς γῆς, ἃ ἐγὼ ἀφώρισα ὑμῖν ἐν ἀκαθαρσίᾳ.",52,ܦܪܘܫܘ ܒܝܬ ܒܥܝܪ̈ܐ ܕܟܝܬܐ ܠܛܡܐܬܐ. ܘܒܝܬ ܦܪܚܬܐ ܕܟܝܬܐ ܠܛܡܐܬܐ. ܘܠܐ ܬܛܡܐܘܢ ܢܦܫ̈ܬܟܘܢ ܒܒܥܝܪ̈ܐ ܘܒܦܪܚܬܐ. ܘܒܟܠܗ ܪܚܫܐ ܕܐܪܥܐ ܕܦܪܫ̇ܬ ܠܟܘܢ ܠܛܡܐܘܬܐ.,20,"Fareis, pois, diferença entre os animais limpos e os imundos, e entre as aves imundas e as limpas; e não fareis abomináveis as vossas almas por causa de animais, ou de aves, ou de qualquer coisa de tudo de que está cheia a terra, as quais coisas apartei de vós como imundas.",52,True,True,True
20,26,Levítico 20:26,וִהְיִ֤יתֶם לִי֙ קְדֹשִׁ֔ים כִּ֥י קָד֖וֹשׁ אֲנִ֣י יְהוָ֑ה וָאַבְדִּ֥ל אֶתְכֶ֛ם מִן־ הָֽעַמִּ֖ים לִהְי֥וֹת לִֽי ׃,והייתמ לי קדשימ כי קדוש אני יהוה ואבדל אתכמ מנ העמימ להיות לי,14,ותהון קדמי קדישין ארי קדיש אנא יי ואפרשית יתכון מן עממיא למהוי פלחין קדמי:,14,"καὶ ἔσεσθέ μοι ἅγιοι, ὅτι ἐγὼ ἅγιος, Κύριος ὁ θεὸς ὑμῶν, ὁ ἀφορίσας ὑμᾶς ἀπὸ πάντων τῶν ἐθνῶν εἶναι ἐμοί.",20,ܘܬܗܘܘܢ ܩܕܝܫ̈ܝܢ . ܡܛܠ ܕܐܢܐ ܐܢܐ ܡܪܝܐ ܩܕܝܫ ܐܢܐ. ܘܦܪܫ̇ܬܟܘܢ ܡܢ ܥܡ̈ܡܐ ܕܬܗܘܘܢ ܠܝ.,14,"E sereis para mim santos; porque eu, o Senhor, sou santo, e vos separei dos povos, para serdes meus.",19,True,True,True
20,27,Levítico 20:27,וְאִ֣ישׁ אֽוֹ־ אִשָּׁ֗ה כִּֽי־ יִהְיֶ֨ה בָהֶ֥ם א֛וֹב א֥וֹ יִדְּעֹנִ֖י מ֣וֹת יוּמָ֑תוּ בָּאֶ֛בֶן יִרְגְּמ֥וּ אֹתָ֖ם דְּמֵיהֶ֥ם בָּֽם ׃ פ,ואיש או אשה כי יהיה בהמ אוב או ידעני מות יומתו באבנ ירגמו אתמ דמיהמ במ פ,18,וגבר או אתתא ארי יהי בהון בדין או דכור אתקטלא יתקטלון באבנא ירגמון יתהון קטלא חיבין:,16,"Καὶ ἀνὴρ ἢ γυνὴ ὃς ἂν γένηται αὐτῶν ἐνγαστρίμυθος ἢ ἐπαοιδός, θανάτῳ θανατούσθωσαν ἀμφότεροι· λίθοις λιθοβολήσατε αὐτούς, ἔνοχοί εἰσιν.",19,ܘܓܒܪܐ ܐܘ ܐܢܬܬܐ ܕܐܝܬ ܒܗܘܢ ܙܟܘܪܐ ܐܘ ܝܕܘ̈ܥܐ. ܡܬܩܛܠܘ ܢܬܩܛܠܘܢ. ܘܒܟܐ̈ܦܐ ܢܪܓܡܘܢ ܐܢܘܢ. ܘܕܡܗܘܢ ܥܠܝܗܘܢ.,15,"O homem ou mulher que consultar os mortos ou for feiticeiro, certamente será morto. Serão apedrejados, e o seu sangue será sobre eles.",23,True,True,True
21,1,Levítico 21:1,וַיֹּ֤אמֶר יְהוָה֙ אֶל־ מֹשֶׁ֔ה אֱמֹ֥ר אֶל־ הַכֹּהֲנִ֖ים בְּנֵ֣י אַהֲרֹ֑ן וְאָמַרְתָּ֣ אֲלֵהֶ֔ם לְנֶ֥פֶשׁ לֹֽא־ יִטַּמָּ֖א בְּעַמָּֽיו ׃,ויאמר יהוה אל משה אמר אל הכהנימ בני אהרנ ואמרת אלהמ לנפש לא יטמא בעמיו,16,ואמר יי למשה אמר לכהניא בני אהרן ותימר להון על מית לא יסתאב בעמיה:,14,"Καὶ εἶπεν Κύριος πρὸς Μωυσῆν λέγων Εἰπὸν τοῖς ἱερεῦσιν τοῖς υἱοῖς Ἀαρὼν καὶ ἐρεῖς πρὸς αὐτούς Ἐν ταῖς ψυχαῖς οὐ μιανθήσονται ἐν τῷ ἔθνει αὐτῶν,",25,ܘܐܡܪ ܡܪܝܐ ܠܡܘܫܐ. ܐܡܪ ܠܟܗ̈ܢܐ ܒܢ̈ܝ ܐܗܪܘܢ. ܕܥܠ ܢܦܫܐ ܕܡܝܬܐ ܠܐ ܢܗܘܘܢ ܡܬܛܡܐܝܢ ܒܥܡܗܘܢ.,14,"Depois disse o senhor a Moisés: Fala aos sacerdotes, filhos de Arão, e dize-lhes: O sacerdote não se contaminará por causa dum morto entre o seu povo,",27,True,True,True
21,2,Levítico 21:2,כִּ֚י אִם־ לִשְׁאֵר֔וֹ הַקָּרֹ֖ב אֵלָ֑יו לְאִמּ֣וֹ וּלְאָבִ֔יו וְלִבְנ֥וֹ וּלְבִתּ֖וֹ וּלְאָחִֽיו ׃,כי אמ לשארו הקרב אליו לאמו ולאביו ולבנו ולבתו ולאחיו,11,אלהן לקריביה דקריב ליה לאמיה ולאבוהי ולבריה ולברתיה ולאחוהי:,9,"ἀλλ᾽ ἢ ἐν τῷ οἰκείῳ τῷ ἔγγιστα αὐτῶν, ἐπὶ πατρὶ καὶ μητρί, καὶ υἱοῖς καὶ θυγατράσιν, ἐπ᾽ ἀδελφῷ",18,ܐܠܐ ܐܢ ܒܩܪܝܒܗ ܕܩܪܝܒ ܠܗ. ܒܐܒܘܗܝ ܘܒܐܡܗ ܘܒܒܪܗ ܘܒܒܪܬܗ ܘܒܐܚܘܗܝ,10,"salvo por um seu parente mais chegado: por sua mãe ou por seu pai, por seu filho ou por sua filha, por seu irmão,",24,True,True,True
21,3,Levítico 21:3,וְלַאֲחֹת֤וֹ הַבְּתוּלָה֙ הַקְּרוֹבָ֣ה אֵלָ֔יו אֲשֶׁ֥ר לֹֽא־ הָיְתָ֖ה לְאִ֑ישׁ לָ֖הּ יִטַּמָּֽא ׃,ולאחתו הבתולה הקרובה אליו אשר לא היתה לאיש לה יטמא,11,ולאחתיה בתלתא דקריבא ליה די לא הות לגבר לה יסתאב:,10,"καὶ ἀδελφῇ παρθένῳ τῇ ἐγγιζούσῃ αὐτῷ τῇ μὴ ἐκδεδομένῃ ἀνδρί, ἐπὶ τούτοις μιανθήσεται.",13,ܘܒܚܬܗ. ܒܬܘܠܬܐ ܕܩܪܝܒܐ ܠܗ ܕܠܐ ܗܘܬ ܠܓܒܪܐ ܢܬܛܡܐܐ.,8,"ou por sua irmã virgem, que lhe é chegada, que ainda não tem marido; por ela também pode contaminar-se.",19,True,True,True
21,4,Levítico 21:4,לֹ֥א יִטַּמָּ֖א בַּ֣עַל בְּעַמָּ֑יו לְהֵ֖חַלּֽוֹ ׃,לא יטמא בעל בעמיו להחלו,6,לא יסתאב רבא בעמיה לאחלותיה:,5,οὐ μιανθήσεται ἐξάπινα ἐν τῷ λαῷ αὐτοῦ εἰς βεβήλωσιν αὐτοῦ.,10,ܠܐ ܢܬܛܡܐ ܒܪܒܐ ܕܥܡܗ ܕܠܐ ܢܬܛܢܦ.,6,"O sacerdote, sendo homem principal entre o seu povo, não se profanará, assim contaminando-se.",14,True,True,True
21,5,Levítico 21:5,לֹֽא־ יקרחה קָרְחָה֙ בְּרֹאשָׁ֔ם וּפְאַ֥ת זְקָנָ֖ם לֹ֣א יְגַלֵּ֑חוּ וּבִ֨בְשָׂרָ֔ם לֹ֥א יִשְׂרְט֖וּ שָׂרָֽטֶת ׃,לא יקרחה קרחה בראשמ ופאת זקנמ לא יגלחו ובבשרמ לא ישרטו שרטת,13,לא ימרטון מרט ברישהון ופאתא דדקנהון לא יגלחון ובבשרהון לא יחבלון חבול:,12,"καὶ φαλάκρωμα οὐ ξυρηθήσεσθε τὴν κεφαλὴν ἐπὶ νεκρῷ, καὶ τὴν ὄψιν τοῦ πώγωνος οὐ ξυρήσονται, καὶ ἐπὶ τὰς σάρκας αὐτῶν οὐ κατατεμοῦσιν ἐντομίδας.",23,ܘܠܐ ܢܩܕܚܘܢ ܩܘܕܚ̈ܬܐ ܒܪ̈ܫܝܗܘܢ. ܘܦܐܬܐ ܕܕܩ̈ܢܝܗܘܢ ܠܐ ܢܓܪܥܘܢ. ܘܒܒܣܪܗܘܢ ܠܐ ܢܚܪܛܘܢ ܚܘܪ̈ܛܬܐ.,12,"Não farão os sacerdotes calva na cabeça, e não raparão os cantos da barba, nem farão lacerações na sua carne.",20,True,True,True
21,6,Levítico 21:6,קְדֹשִׁ֤ים יִהְיוּ֙ לֵאלֹ֣הֵיהֶ֔ם וְלֹ֣א יְחַלְּל֔וּ שֵׁ֖ם אֱלֹהֵיהֶ֑ם כִּי֩ אֶת־ אִשֵּׁ֨י יְהוָ֜ה לֶ֧חֶם אֱלֹהֵיהֶ֛ם הֵ֥ם מַקְרִיבִ֖ם וְהָ֥יוּ קֹֽדֶשׁ ׃,קדשימ יהיו לאלהיהמ ולא יחללו שמ אלהיהמ כי את אשי יהוה לחמ אלהיהמ המ מקריבמ והיו קדש,18,קדישין יהון קדם אלההון ולא יחלון שמא דאלההון ארי ית קרבניא דיי קרבן אלההון אנון מקריבין ויהון קדישין:,18,"ἅγιοι ἔσονται τῷ θεῷ αὐτῶν, καὶ οὐ βεβηλώσουσιν τὸ ὂνομα τοῦ θεοῦ αὐτῶν· τὰς γὰρ θυσίας Κυρίου δῶρα τοῦ θεοῦ αὐτῶν αὐτοὶ προσφέρουσιν, καὶ ἔσονται ἅγιοι.",26,ܐܠܐ ܢܗܘܘܢ ܩܕܝܫ̈ܝܢ ܠܐܠܗܗܘܢ. ܘܠܐ ܢܛܢܦܘܢ ܫܡܐ ܕܐܠܗܗܘܢ. ܡܛܠ ܕܩܘܪ̈ܒܢܘܗܝ ܕܡܪܝܐ ܠܚܡܐ ܕܐܠܗܗܘܢ ܗܢܘܢ ܡܩܪܒܝܢ. ܘܢܗܘܘܢ ܩܕܝܫ̈ܝܢ.,17,"santos serão para seu Deus, e não profanarão o nome do seu Deus; porque oferecem as ofertas queimadas do senhor, que são o pão do seu Deus; portanto serão santos.",30,True,True,True
21,7,Levítico 21:7,אִשָּׁ֨ה זֹנָ֤ה וַחֲלָלָה֙ לֹ֣א יִקָּ֔חוּ וְאִשָּׁ֛ה גְּרוּשָׁ֥ה מֵאִישָׁ֖הּ לֹ֣א יִקָּ֑חוּ כִּֽי־ קָדֹ֥שׁ ה֖וּא לֵאלֹהָֽיו ׃,אשה זנה וחללה לא יקחו ואשה גרושה מאישה לא יקחו כי קדש הוא לאלהיו,15,אתתא מטעיא ומחללא לא יסבון ואתתא דמתרכא מבעלה לא יסבון ארי קדיש הוא קדם אלהיה:,15,"γυναῖκα πόρνην καὶ βεβηλωμένην οὐ λήμψονται, καὶ γυναῖκα ἐκβεβλημένην ἀπὸ ἀνδρὸς αὐτῆς. ἅγιός ἐστιν τῷ κυρίῳ θεῷ αὐτοῦ,",18,ܐܢܬܬܐ ܙܢܝܬܐ ܘܡܛܢܦܬܐ ܠܐ ܢܣܒܘܢ. ܘܐܢܬܬܐ ܕܫܒܝܩܐ ܡܢ ܒܥܠܗ̇ ܠܐ ܢܣܒܘܢ. ܡܛܠ ܕܩܕܝܫ ܗܘ ܠܐܠܗܗ.,15,"Não tomarão mulher prostituta ou desonrada, nem tomarão mulher repudiada de seu marido; pois o sacerdote é santo para seu Deus.",21,True,True,True
21,8,Levítico 21:8,וְקִדַּשְׁתּ֔וֹ כִּֽי־ אֶת־ לֶ֥חֶם אֱלֹהֶ֖יךָ ה֣וּא מַקְרִ֑יב קָדֹשׁ֙ יִֽהְיֶה־ לָּ֔ךְ כִּ֣י קָד֔וֹשׁ אֲנִ֥י יְהוָ֖ה מְקַדִּשְׁכֶֽם ׃,וקדשתו כי את לחמ אלהיכ הוא מקריב קדש יהיה לכ כי קדוש אני יהוה מקדשכמ,16,ותקדשניה ארי ית קרבן אלהך הוא מקרב קדיש יהי לך ארי קדיש אנא יי מקדשכון:,15,"καὶ ἁγιάσει αὐτόν· τὰ δῶρα Κυρίου θεοῦ ὑμῶν οὗτος προσφέρει· ἅγιος ἔσται, ὅτι ἅγιος ἐγὼ Κύριος ὁ ἁγιάζων αὐτούς.",19,ܩܕܫܝܗܝ ܡܛܠ ܕܠܚܡܐ ܕܐܠܗܟ ܗܘܝܘ ܡܩܪܒ. ܩܕܝܫ ܢܗܘܐ ܠܟ ܡܛܠ ܕܩܕܝܫ ܗܘ. ܐܢܐ ܐܢܐ ܡܪܝܐ ܕܡܩܕܫ ܐܢܐ ܠܟܘܢ.,18,"Portanto o santificarás; porquanto oferece o pão do teu Deus, santo te será; pois eu, o Senhor, que vos santifico, sou santo.",22,True,True,True
21,9,Levítico 21:9,וּבַת֙ אִ֣ישׁ כֹּהֵ֔ן כִּ֥י תֵחֵ֖ל לִזְנ֑וֹת אֶת־ אָבִ֨יהָ֙ הִ֣יא מְחַלֶּ֔לֶת בָּאֵ֖שׁ תִּשָּׂרֵֽף ׃ ס,ובת איש כהנ כי תחל לזנות את אביה היא מחללת באש תשרפ ס,14,ובת גבר כהן ארי תתחל למטעי מקדשת אבוה היא מתחלא בנורא תתוקד:,12,"καὶ θυγάτηρ ἀνθρώπου ἱερέως ἐὰν βεβηλωθῇ τοῦ ἐκπορνεῦσαι, τὸ ὄνομα τοῦ πατρὸς αὐτῆς αὐτὴ βεβηλοῖ. ἐπὶ πυρὸς κατακαυθήσεται.",18,ܘܒܪܬ ܓܒܪܐ ܟܗܢܐ ܟܕ ܬܫܪܐ ܠܡܙܢܝܘ ܠܐܒܘܗ̇ ܗܘ ܡܛܢܦܐ. ܒܢܘܪܐ ܬܐܩܕ.,11,"E se a filha dum sacerdote se profanar, tornando-se prostituta, profana a seu pai; no fogo será queimada.",18,True,True,True
21,10,Levítico 21:10,וְהַכֹּהֵן֩ הַגָּד֨וֹל מֵאֶחָ֜יו אֲֽשֶׁר־ יוּצַ֥ק עַל־ רֹאשׁ֣וֹ ׀ שֶׁ֤מֶן הַמִּשְׁחָה֙ וּמִלֵּ֣א אֶת־ יָד֔וֹ לִלְבֹּ֖שׁ אֶת־ הַבְּגָדִ֑ים אֶת־ רֹאשׁוֹ֙ לֹ֣א יִפְרָ֔ע וּבְגָדָ֖יו לֹ֥א יִפְרֹֽם ׃,והכהנ הגדול מאחיו אשר יוצק על ראשו שמנ המשחה ומלא את ידו ללבש את הבגדימ את ראשו לא יפרע ובגדיו לא יפרמ,24,וכהנא דאתרבא מאחוהי ד יתריק על רישיה משחא דרבותא ודי קריב ית קרבניה למלבש ית לבושיא ית רישיה לא ירבי פרוע ולבושוהי לא יבזע:,24,"Καὶ ὁ ἱερεὺς ὁ μέγας ἀπὸ τῶν ἀδελφῶν αὐτοῦ, τοῦ ἐπικεχυμένου ἐπὶ τὴν κεφαλὴν τοῦ ἐλαίου τοῦ χριστοῦ καὶ τετελειωμένου ἐνδύσασθαι τὰ ἱμάτια, τὴν κεφαλὴν οὐκ ἀποκιδαρώσει καὶ τὰ ἱμάτια οὐ διαρρήξει,",32,ܘܟܗܢܐ ܪܒܐ ܡܢ ܐ̈ܚܘܗܝ ܕܡܬܢܣܟ ܥܠ ܪܫܗ ܡܫܚܐ ܕܡܫܝܚܘܬܐ. ܘܕܡܫܡܠܐ ܐܝܕܗ ܠܡܠܒܫ ܡܐ̈ܢܐ. ܪܫܗ ܠܐ ܢܦܪܘܥ. ܘܡܐ̈ܢܘܗܝ ܠܐ ܢܨܪܐ.,19,"Aquele que é sumo sacerdote entre seus irmãos, sobre cuja cabeça foi derramado o óleo da unção, e que foi consagrado para vestir as vestes sagradas, não descobrirá a cabeça nem rasgará a sua vestidura;",35,True,True,True
21,11,Levítico 21:11,וְעַ֛ל כָּל־ נַפְשֹׁ֥ת מֵ֖ת לֹ֣א יָבֹ֑א לְאָבִ֥יו וּלְאִמּ֖וֹ לֹ֥א יִטַּמָּֽא ׃,ועל כל נפשת מת לא יבא לאביו ולאמו לא יטמא,11,ועל כל נפשת מתא לא ייעול לאבוהי ולאמיה לא יסתאב:,10,"καὶ ἐπὶ πάσῃ ψυχῇ τετελευτηκυίᾳ οὐκ εἰσελεύσεται, ἐπὶ πατρὶ αὐτοῦ οὐδὲ ἐπὶ μητρὶ αὐτοῦ οὐ μιανθήσεται,",16,ܘܥܠ ܟܠ ܢܦܫܐ ܕܡܝܬܐ ܠܐ ܢܥܘܠ. ܘܒܐܒܘܗܝ ܘܒܐܡܗ ܠܐ ܢܬܛܢܦ.,10,"e não se chegará a cadáver algum; nem sequer por causa de seu pai ou de sua, mãe se contaminará;",20,True,True,True
21,12,Levítico 21:12,וּמִן־ הַמִּקְדָּשׁ֙ לֹ֣א יֵצֵ֔א וְלֹ֣א יְחַלֵּ֔ל אֵ֖ת מִקְדַּ֣שׁ אֱלֹהָ֑יו כִּ֡י נֵ֠זֶר שֶׁ֣מֶן מִשְׁחַ֧ת אֱלֹהָ֛יו עָלָ֖יו אֲנִ֥י יְהוָֽה ׃,ומנ המקדש לא יצא ולא יחלל את מקדש אלהיו כי נזר שמנ משחת אלהיו עליו אני יהוה,18,ומין מקדשא לא יפוק ולא יחל ית מקדשא דאלהיה ארי כליל משח רבותא דאלהיה עלוהי אנא יי:,17,"καὶ ἐκ τῶν ἁγίων οὐκ ἐξελεύσεται καὶ οὐ βεβηλώσει τὸ ἡγιασμένον τοῦ θεοῦ αὐτοῦ, ὃτι τὸ ἅγιον ἔλαιον τὸ χριστὸν τοῦ θεοῦ ἐπ᾽ αὐτῷ· ἐγὼ Κύριος.",26,ܘܡܢ ܡܩܕܫܐ ܠܐ ܢܦܘܩ. ܘܠܐ ܢܛܢܦ ܡܩܕܫܐ ܕܐܠܗܗ. ܡܛܠ ܕܟܠܝܠܐ ܕܡܫܚܐ ܕܡܫܝܚܘܬܐ ܕܐܠܗܗ ܥܠܘܗܝ. ܐܢܐ ܐܢܐ ܡܪܝܐ.,17,"não sairá do santuário, nem profanará o santuário do seu Deus; pois a coroa do óleo da unção do seu Deus está sobre ele. Eu sou o Senhor.",28,True,True,True
21,13,Levítico 21:13,וְה֕וּא אִשָּׁ֥ה בִבְתוּלֶ֖יהָ יִקָּֽח ׃,והוא אשה בבתוליה יקח,5,והוא אתתא בבתלתהא יסב:,4,οὗτος παρθένον ἐκ τοῦ γένους αὐτοῦ λήμψεται·,7,ܘܗܘ ܗܢܐ ܐܢܬܬܐ ܒܬܘܠܬܐ ܢܣܒ.,5,E ele tomará por esposa uma mulher na sua virgindade.,10,True,True,True
21,14,Levítico 21:14,אַלְמָנָ֤ה וּגְרוּשָׁה֙ וַחֲלָלָ֣ה זֹנָ֔ה אֶת־ אֵ֖לֶּה לֹ֣א יִקָּ֑ח כִּ֛י אִם־ בְּתוּלָ֥ה מֵעַמָּ֖יו יִקַּ֥ח אִשָּֽׁה ׃,אלמנה וגרושה וחללה זנה את אלה לא יקח כי אמ בתולה מעמיו יקח אשה,15,ארמלא ומתרכא וחלילא מטעיא ית אלין לא יסב אלהן בתלתא מעמיה יסב אתתא:,13,"χήραν δὲ καὶ ἐκβεβλημένην καὶ βεβηλωμένην καὶ πόρνην, ταύτας οὐ λήμψεται, ἀλλ᾽ ἢ παρθένον ἐκ τοῦ λαοῦ αὐτοῦ λήμψεται γυναῖκα·",20,ܘܐܪܡܠܬܐ ܘܫܒܝܩܬܐ ܘܕܡܛܢܦܐ ܒܙܢܝܘܬܐ ܚܕܐ ܡܢ ܗܠܝܢ ܠܐ ܢܣܒ . ܐܠܐ ܒܬܘܠܬܐ ܡܢ ܥܡܗ ܢܣܒ ܐܢܬܬܐ.,16,"Viúva, ou repudiada, ou desonrada, ou prostituta, destas não tomará; mas virgem do seu povo tomará por mulher.",18,True,True,True
21,15,Levítico 21:15,וְלֹֽא־ יְחַלֵּ֥ל זַרְע֖וֹ בְּעַמָּ֑יו כִּ֛י אֲנִ֥י יְהוָ֖ה מְקַדְּשֽׁוֹ ׃ פ,ולא יחלל זרעו בעמיו כי אני יהוה מקדשו פ,10,ולא יחל זרעיה בעמיה ארי אנא יי מקדשיה:,8,καὶ οὐ βεβηλώσει τὸ σπέρμα αὐτοῦ ἐν τῷ λαῷ αὐτοῦ· ἐγὼ Κύριος ὁ ἁγιάζων αὐτόν.,15,ܘܠܐ ܢܛܘܫ ܙܪܥܗ ܒܥܡܗ. ܡܛܠ ܕܐܢܐ ܐܢܐ ܡܪܝܐ ܕܡܩܕܫ ܠܗ .,11,E não profanará a sua descendência entre o seu povo; porque eu sou o Senhor que o santifico.,18,True,True,True
21,16,Levítico 21:16,וַיְדַבֵּ֥ר יְהוָ֖ה אֶל־ מֹשֶׁ֥ה לֵּאמֹֽר ׃,וידבר יהוה אל משה לאמר,6,ומליל יי עם משה למימר:,5,Καὶ ἐλάλησεν Κύριος πρὸς Μωυσῆν λέγων,6,ܘܡܠܠ ܡܪܝܐ ܥܡ ܡܘܫܐ ܘܐܡܪ ܠܗ .,7,Disse mais o Senhor a Moisés:,6,True,True,True
21,17,Levítico 21:17,דַּבֵּ֥ר אֶֽל־ אַהֲרֹ֖ן לֵאמֹ֑ר אִ֣ישׁ מִֽזַּרְעֲךָ֞ לְדֹרֹתָ֗ם אֲשֶׁ֨ר יִהְיֶ֥ה בוֹ֙ מ֔וּם לֹ֣א יִקְרַ֔ב לְהַקְרִ֖יב לֶ֥חֶם אֱלֹהָֽיו ׃,דבר אל אהרנ לאמר איש מזרעכ לדרתמ אשר יהיה בו מומ לא יקרב להקריב לחמ אלהיו,17,מלל עם אהרן למימר גבר מבניך לדריהון די יהי ביה מומא לא יקרב לקרבא קרבנא קדם אלהיה:,17,"Εἰπὸν Ἀαρών Ἄνθρωπος ἐκ τοῦ γένους σου εἰς τὰς γενεὰς ὑμῶν, τίνι ἐὰν ᾖ ἐν αὐτῷ μῶμος, οὐ προσελεύσεται προσφέρειν τὰ δῶρα τοῦ θεοῦ αὐτοῦ.",25,ܡܠܠ ܥܡ ܐܗܪܘܢ ܘܐܡܪ ܠܗ. ܓܒܪܐ ܡܢ ܙܪܥܟ ܠܕܪ̈ܝܗܘܢ ܕܢܗܘܐ ܒܗ ܡܘܡܐ. ܠܐ ܢܬܩܪܒ ܠܡܩܪܒܘ ܠܚܡܐ ܕܐܠܗܗ.,17,"Fala a Arão, dizendo: Ninguém dentre os teus descendentes, por todas as suas gerações, que tiver defeito, se chegará para oferecer o pão do seu Deus.",26,True,True,True
21,18,Levítico 21:18,כִּ֥י כָל־ אִ֛ישׁ אֲשֶׁר־ בּ֥וֹ מ֖וּם לֹ֣א יִקְרָ֑ב אִ֤ישׁ עִוֵּר֙ א֣וֹ פִסֵּ֔חַ א֥וֹ חָרֻ֖ם א֥וֹ שָׂרֽוּעַ ׃,כי כל איש אשר בו מומ לא יקרב איש עור או פסח או חרמ או שרוע,17,ארי כל גבר די ביה מומא לא יקרב גבר עויר או חגיר או חרים או שריע:,16,"πᾶς ἄνθρωπος ᾧ ἂν ᾖ ἐν αὐτῷ μῶμος οὐ προσελεύσεται· ἄνθρωπος χωλός ἢ τυφλὸς ἢ κολοβόριν ἢ ὠτότμητος,",18,ܡܛܠ ܕܟܠ ܓܒܪܐ ܕܐܝܬ ܒܗ ܡܘܡܐ ܠܐ ܢܬܩܪܒ. ܓܒܪ ܕܚܓܝܪ ܐܘ ܥܘܝܪ ܐܘ ܣܪܡ. ܐܘ ܕܣܪܝܥܐ ܐܕܢܗ.,17,"Pois nenhum homem que tiver algum defeito se chegará: como homem cego, ou coxo, ou de nariz chato, ou de membros demasiadamente compridos,",23,True,True,True
21,19,Levítico 21:19,א֣וֹ אִ֔ישׁ אֲשֶׁר־ יִהְיֶ֥ה ב֖וֹ שֶׁ֣בֶר רָ֑גֶל א֖וֹ שֶׁ֥בֶר יָֽד ׃,או איש אשר יהיה בו שבר רגל או שבר יד,11,או גבר די יהי ביה תבר רגלא או תבר ידא:,10,"ἄνθρωπος ᾧ ἐστὶν ἐν αὐτῷ σύντριμμα χειρὸς ἢ σύντριμμα ποδός,",10,ܐܘ ܓܒܪܐ ܕܐܝܬ ܒܗ ܬܒܪܐ ܕܪܓܠܐ ܐܘ ܬܒܪܐ ܕܐܝܕܐ.,9,"ou homem que tiver o pé quebrado, ou a mão quebrada,",11,True,True,True
21,20,Levítico 21:20,אֽוֹ־ גִבֵּ֣ן אוֹ־ דַ֔ק א֖וֹ תְּבַלֻּ֣ל בְּעֵינ֑וֹ א֤וֹ גָרָב֙ א֣וֹ יַלֶּ֔פֶת א֖וֹ מְר֥וֹחַ אָֽשֶׁךְ ׃,או גבנ או דק או תבלל בעינו או גרב או ילפת או מרוח אשכ,15,או גבין או דקא או חליז בעיניה או גרבן או חזזן או מרס פחדין:,14,"ἢ κυρτὸς ἢ ἔφηλος ἢ πτίλος τοὺς ὀφθαλμούς, ἢ ἄνθρωπος ᾧ ἂν ᾖ ἐν αὐτῷ ψώρα ἀγρία ἢ λιχὴν ἢ μόνορχις,",21,ܐܘ ܟܦܝܦ ܐܘ ܙܥܘܪ. ܐܘ ܢܬܝܪ̈ܝܢ ܓܒܝܢ̈ܘܗܝ. ܐܘ ܓܗܪ. ܐܘ ܚܘܪܘܪܐ ܐܝܬ ܒܥܝܢ̈ܘܗܝ. ܐܘ ܐܝܬ ܒܗ ܓܪܒܐ. ܐܘ ܟܘܣܬܢ. ܐܘ ܕܚܕܐ ܐܫܟܗ .,23,"ou for corcunda, ou anão, ou que tiver belida, ou sarna, ou impigens, ou que tiver testículo lesado;",18,True,True,True
21,21,Levítico 21:21,כָּל־ אִ֞ישׁ אֲשֶׁר־ בּ֣וֹ מ֗וּם מִזֶּ֨רַע֙ אַהֲרֹ֣ן הַכֹּהֵ֔ן לֹ֣א יִגַּ֔שׁ לְהַקְרִ֖יב אֶת־ אִשֵּׁ֣י יְהוָ֑ה מ֣וּם בּ֔וֹ אֵ֚ת לֶ֣חֶם אֱלֹהָ֔יו לֹ֥א יִגַּ֖שׁ לְהַקְרִֽיב ׃,כל איש אשר בו מומ מזרע אהרנ הכהנ לא יגש להקריב את אשי יהוה מומ בו את לחמ אלהיו לא יגש להקריב,23,כל גבר די ביה מומא מזרעא דאהרן כהנא לא יקרב לקרבא ית קרבניא דיי מומא ביה ית קרבן אלהיה לא יקרב לקרבא:,22,"πᾶς ᾧ ἐστὶν ἐν αὐτῷ μῶμος ἐκ τοῦ σπέρματος Ἀαρὼν τοῦ ἱερέως οὐ προσεγγιεῖ τοῦ προσενεγκεῖν τὰς θυσίας τῷ θεῷ σου· ὅτι μῶμος ἐν αὐτῷ, τὰ δῶρα τοῦ θεοῦ οὐ προσελεύσεται προσενεγκεῖν.",32,ܟܠ ܓܒܪܐ ܕܐܝܬ ܒܗ ܡܘܡܐ ܡܢ ܙܪܥܗ ܕܐܗܪܘܢ ܟܗܢܐ. ܠܐ ܢܬܩܪܒ ܠܡܩܪܒܘ ܩܘܪܒܢܗ ܕܡܪܝܐ. ܡܛܠ ܕܡܘܡܐ ܒܗ. ܠܠܚܡܐ ܕܐܠܗܗ ܠܐ ܢܬܩܪܒ ܠܡܩܪܒܘ.,22,"nenhum homem dentre os descendentes de Arão, o sacerdote, que tiver algum defeito, se chegará para oferecer as ofertas queimadas do Senhor; ele tem defeito; não se chegará para oferecer o pão do seu Deus.",35,True,True,True
21,22,Levítico 21:22,לֶ֣חֶם אֱלֹהָ֔יו מִקָּדְשֵׁ֖י הַקֳּדָשִׁ֑ים וּמִן־ הַקֳּדָשִׁ֖ים יֹאכֵֽל ׃,לחמ אלהיו מקדשי הקדשימ ומנ הקדשימ יאכל,8,קרבן אלהיה מקדש קודשיא ומן קודשיא ייכול:,7,τὰ δῶρα τοῦ θεοῦ τὰ ἅγια τῶν ἁγίων καὶ ἀπὸ τῶν ἁγίων φάγεται·,13,ܠܚܡܐ ܕܐܠܗܗ ܒܝܬ ܩܕܘܫ ܩܘܕܫ̈ܐ . ܡܢ ܩܘܕܫܐ ܢܐܟܘܠ.,9,"Comerá do pão do seu Deus, tanto do santíssimo como do santo;",12,True,True,True
21,23,Levítico 21:23,אַ֣ךְ אֶל־ הַפָּרֹ֜כֶת לֹ֣א יָבֹ֗א וְאֶל־ הַמִּזְבֵּ֛חַ לֹ֥א יִגַּ֖שׁ כִּֽי־ מ֣וּם בּ֑וֹ וְלֹ֤א יְחַלֵּל֙ אֶת־ מִקְדָּשַׁ֔י כִּ֛י אֲנִ֥י יְהוָ֖ה מְקַדְּשָֽׁם ׃,אכ אל הפרכת לא יבא ואל המזבח לא יגש כי מומ בו ולא יחלל את מקדשי כי אני יהוה מקדשמ,21,ברם לפרכתא לא ייעול ולמדבחא לא יקרב ארי מומא ביה ולא יחל ית מקדשי ארי אנא יי מקדשהון:,18,"πλὴν πρὸς τὸ καταπέτασμα οὐ προσελεύσεται, καὶ πρὸς τὸ θυσιαστήριον οὐκ ἐγγιεῖ, ὅτι μῶμον ἔχει· καὶ οὐ βεβηλώσει τὸ ἅγιον τοῦ θεοῦ αὐτοῦ, ὅτι ἐγώ εἰμι Κύριος ὁ ἁγιάζων αὐτούς.",30,ܒܪܡ ܕܝܢ ܠܓܘ ܡܢ ܐ̈ܦܝ ܬܪܥܐ ܠܐ ܢܥܘܠ. ܘܠܡܕܒܚܐ ܠܐ ܢܬܩܪܒ. ܡܛܠ ܕܡܘܡܐ ܐܝܬ ܒܗ. ܘܠܐ ܢܛܘܫ ܡܩܕܫܝ. ܡܛܠ ܕܐܢܐ ܐܢܐ ܡܪܝܐ ܕܡܩܕܫ ܐܢܐ ܠܗܘܢ.,25,"contudo, não entrará até o véu, nem se chegará ao altar, porquanto tem defeito; para que não profane os meus santuários; porque eu sou o Senhor que os santifico.",29,True,True,True
21,24,Levítico 21:24,וַיְדַבֵּ֣ר מֹשֶׁ֔ה אֶֽל־ אַהֲרֹ֖ן וְאֶל־ בָּנָ֑יו וְאֶֽל־ כָּל־ בְּנֵ֖י יִשְׂרָאֵֽל ׃ פ,וידבר משה אל אהרנ ואל בניו ואל כל בני ישראל פ,12,ומליל משה עם אהרן ועם בנוהי ועם כל בני ישראל:,10,καὶ ἐλάλησεν Μωυσῆς πρὸς Ἀαρὼν καὶ τοὺς υἱοὺς αὐτοῦ καὶ πρὸς πάντας υἱοὺς Ἰσραήλ.,14,ܘܐܡܪ ܡܘܫܐ ܠܐܗܪܘܢ ܘܠܒܢ̈ܘܗܝ. ܘܠܟܠܗܘܢ ܒܢ̈ܝ ܐܝܣܪܝܠ.,7,"Moisés, pois, assim falou a Arão e a seus filhos, e a todos os filhos de Israel.",17,True,True,True
22,1,Levítico 22:1,וַיְדַבֵּ֥ר יְהוָ֖ה אֶל־ מֹשֶׁ֥ה לֵּאמֹֽר ׃,וידבר יהוה אל משה לאמר,6,ומליל יי עם משה למימר:,5,Καὶ ἐλάλησεν Κύριος πρὸς Μωυσῆν λέγων,6,ܘܡܠܠ ܡܪܝܐ ܥܡ ܡܘܫܐ ܘܐܡܪ ܠܗ.,6,Depois disse o Senhor a Moisés:,6,True,True,True
22,2,Levítico 22:2,דַּבֵּ֨ר אֶֽל־ אַהֲרֹ֜ן וְאֶל־ בָּנָ֗יו וְיִנָּֽזְרוּ֙ מִקָּדְשֵׁ֣י בְנֵֽי־ יִשְׂרָאֵ֔ל וְלֹ֥א יְחַלְּל֖וּ אֶת־ שֵׁ֣ם קָדְשִׁ֑י אֲשֶׁ֨ר הֵ֧ם מַקְדִּשִׁ֛ים לִ֖י אֲנִ֥י יְהוָֽה ׃,דבר אל אהרנ ואל בניו וינזרו מקדשי בני ישראל ולא יחללו את שמ קדשי אשר המ מקדשימ לי אני יהוה,21,מליל עם אהרן ועם בנוהי ויפרשון מקודשיא דבני ישראל ולא יחלון ית שמא דקודשי די אנון מקדשין קדמי אנא יי:,20,"Εἰπὸν Ἀαρὼν καὶ τοῖς υἱοῖς αὐτοῦ, καὶ προσεχέτωσαν ἀπὸ τῶν ἁγίων τῶν υἱῶν Ἰσραήλ, καὶ οὐ βεβηλώσουσιν τὸ ὄνομα τὸ ἅγιόν μου, ὅσα αὐτοὶ ἁγιάζουσίν μοι· ἐγὼ Κύριος.",28,ܐܡܪ ܠܐܗܪܘܢ ܘܠܒܢ̈ܘܗܝ. ܘܢܬܢܙܪܘܢ ܡܢ ܩܘܕܫ̈ܐ ܕܒܢ̈ܝ ܐܝܣܪܝܠ. ܘܠܐ ܢܛܢܦܘܢ ܫܡܐ ܕܩܘܕܫܝ ܡܛܠ ܕܡܩܕܫܝܢ ܐܢܘܢ ܠܝ. ܐܢܐ ܐܢܐ ܡܪܝܐ.,19,"Dize a Arão e a seus filhos que se abstenham das coisas sagradas dos filhos de Israel, as quais eles a mim me santificam, e que não profanem o meu santo nome. Eu sou o Senhor.",36,True,True,True
22,3,Levítico 22:3,אֱמֹ֣ר אֲלֵהֶ֗ם לְדֹרֹ֨תֵיכֶ֜ם כָּל־ אִ֣ישׁ ׀ אֲשֶׁר־ יִקְרַ֣ב מִכָּל־ זַרְעֲכֶ֗ם אֶל־ הַקֳּדָשִׁים֙ אֲשֶׁ֨ר יַקְדִּ֤ישׁוּ בְנֵֽי־ יִשְׂרָאֵל֙ לַֽיהוָ֔ה וְטֻמְאָת֖וֹ עָלָ֑יו וְנִכְרְתָ֞ה הַנֶּ֧פֶשׁ הַהִ֛וא מִלְּפָנַ֖י אֲנִ֥י יְהוָֽה ׃,אמר אלהמ לדרתיכמ כל איש אשר יקרב מכל זרעכמ אל הקדשימ אשר יקדישו בני ישראל ליהוה וטמאתו עליו ונכרתה הנפש ההוא מלפני אני יהוה,26,אמר להון לדריכון כל גבר די יקרב מכל בניכון לקודשיא די יקדשון בני ישראל קדם יי וסאבתיה עלוהי וישתיצי אנשא ההיא מן קדמי אנא יי:,25,"εἰπὸν αὐτοῖς Εἰς τὰς γενεὰς ὑμῶν πᾶς ἄνθρωπος ὃς ἂν προσέλθῃ ἀπὸ τοῦ σπέρματος ὑμῶν πρὸς τὰ ἅγια ὅσα ἂν ἁγιάζωσιν οἱ υἱοὶ Ἰσραὴλ τῷ κυρίῳ, καὶ ἡ ἀκαθαρσία αὐτοῦ ἐπ᾽ αὐτῷ ᾖ, ἐξολεθρευθήσεται ἡ ψυχὴ ἐκείνη ἀπ᾽ ἐμοῦ· ἐγὼ Κύριος ὁ θεὸς ὑμῶν.",44,ܐܡܪ ܠܗܘܢ ܠܕܪ̈ܝܗܘܢ. ܟܠ ܓܒܪܐ ܕܢܩܪܘܒ ܡܢ ܟܠܗ ܙܪܥܟܘܢ ܠܩܘܕܫ̈ܐ ܕܡܩܕܫܝܢ ܒܢ̈ܝ ܐܝܣܪܝܠ ܠܡܪܝܐ. ܟܕ ܛܢܦܘܬܗ ܐܝܬ ܥܠܘܗܝ. ܬܐܒܕ ܢܦܫܐ ܗ̇ܝ ܡܢ ܩܕܡ ܥܝ̈ܢܝ . ܐܢܐ ܐܢܐ ܡܪܝܐ.,28,"Dize-lhes: Todo homem dentre os vossos descendentes pelas vossas gerações que, tendo sobre si a sua imundícia, se chegar às coisas sagradas que os filhos de Israel santificam ao Senhor, aquela alma será extirpada da minha presença. Eu sou o Senhor.",41,True,True,True
22,4,Levítico 22:4,אִ֣ישׁ אִ֞ישׁ מִזֶּ֣רַע אַהֲרֹ֗ן וְה֤וּא צָר֨וּעַ֙ א֣וֹ זָ֔ב בַּקֳּדָשִׁים֙ לֹ֣א יֹאכַ֔ל עַ֖ד אֲשֶׁ֣ר יִטְהָ֑ר וְהַנֹּגֵ֨עַ֙ בְּכָל־ טְמֵא־ נֶ֔פֶשׁ א֣וֹ אִ֔ישׁ אֲשֶׁר־ תֵּצֵ֥א מִמֶּ֖נּוּ שִׁכְבַת־ זָֽרַע ׃,איש איש מזרע אהרנ והוא צרוע או זב בקדשימ לא יאכל עד אשר יטהר והנגע בכל טמא נפש או איש אשר תצא ממנו שכבת זרע,26,גבר גבר מזרעא דאהרן והוא סגיר או דאיב בקודשיא לא ייכול עד די ידכי ודיקרב בכל טמא נפשא או גבר די תפוק מניה שכבת זרעא:,25,"καὶ ἄνθρωπος ἐκ τοῦ σπέρματος Ἀαρὼν τοῦ ἱερέως, καὶ οὗτος λεπρᾷ ἢ γονορρυής, τῶν ἁγίων οὐκ ἔδεται ἕως ἂν καθαρισθῇ· καὶ ὁ ἁπτόμενος πάσης ἀκαθαρσίας ψυχῆς, ἢ ἄνθρωπος ᾧ ἂν ἐξέλθῃ ἐξ αὐτοῦ κοίτη σπέρματος,",35,ܓܒܪ ܓܒܪ ܡܢ ܙܪܥܗ ܕܐܗܪܘܢ. ܘܗܘ ܓܪܒ ܐܘ ܕܐܒ. ܡܢ ܩܘܕܫܐ ܠܐ ܢܐܟܘܠ ܥܕܡܐ ܕܡܬܕܟܐ. ܘܡ̇ܢ ܕܢܩܪܘܒ ܠܟܠܗ̇ ܛܡܐܘܬܐ ܕܢܦܫܐ. ܐܘ ܓܒܪܐ ܕܢܦܘܩ ܡܢܗ ܙܪܥܐ ܕܡܕܡܟܐ.,26,"Ninguém dentre os descendentes de Arão que for leproso, ou tiver fluxo, comerá das coisas sagradas, até que seja limpo. Também o que tocar em alguma coisa tornada imunda por causa e um morto, ou aquele de quem sair o sêmen",41,True,True,True
22,5,Levítico 22:5,אוֹ־ אִישׁ֙ אֲשֶׁ֣ר יִגַּ֔ע בְּכָל־ שֶׁ֖רֶץ אֲשֶׁ֣ר יִטְמָא־ ל֑וֹ א֤וֹ בְאָדָם֙ אֲשֶׁ֣ר יִטְמָא־ ל֔וֹ לְכֹ֖ל טֻמְאָתֽוֹ ׃,או איש אשר יגע בכל שרצ אשר יטמא לו או באדמ אשר יטמא לו לכל טמאתו,17,או גבר די יקרב בכל רחשא די יסתאב ליה או באנשא די יסתאב ליה לכל סאבתיה:,16,"ὅστις ἂν ἅψηται παντὸς ἑρπετοῦ ἀκαθάρτου ὃ μιανεῖ αὐτόν, ἢ ἐπ᾽ ἀνθρώπῳ ἐν ᾧ μιανεῖ αὐτὸν κατὰ πᾶσαν ἀκαθαρσίαν αὐτοῦ,",20,ܐܘ ܓܒܪܐ ܕܢܩܪܘܒ ܠܟܠ ܪܚܫܐ ܕܛܡܐ ܠܗ. ܐܘ ܒܐܢܫܐ ܕܛܡܐ ܠܗ ܒܟܠܗ̇ ܛܡܐܘܬܗ.,13,"ou qualquer que tocar em algum animal que se arrasta, pelo qual se torne imundo, ou em algum homem, pelo qual se torne imundo, seja qual for a sua imundícia,",30,True,True,True
22,6,Levítico 22:6,נֶ֚פֶשׁ אֲשֶׁ֣ר תִּגַּע־ בּ֔וֹ וְטָמְאָ֖ה עַד־ הָעָ֑רֶב וְלֹ֤א יֹאכַל֙ מִן־ הַקֳּדָשִׁ֔ים כִּ֛י אִם־ רָחַ֥ץ בְּשָׂר֖וֹ בַּמָּֽיִם ׃,נפש אשר תגע בו וטמאה עד הערב ולא יאכל מנ הקדשימ כי אמ רחצ בשרו במימ,17,אנש די יקרב ביה ויהי מסאב עד רמשא ולא ייכול מן קודשיא אלהן אסחי בשריה במיא:,16,"ψυχὴ ἥτις ἂν ἅψηται αὐτῶν ἀκάθαρτος ἔσται ἕως ἑσπέρας· οὐκ ἔδεται ἀπὸ τῶν ἁγίων, ἐὰν μὴ λούσηται τὸ σῶμα αὐτοῦ ὕδατι",21,ܢܦܫܐ ܕܬܩܪܘܒ ܠܗ. ܬܗܘܐ ܛܡܐܐ ܥܕܡܐ ܠܪܡܫܐ. ܘܠܐ ܢܐܟܘܠ ܡܢ ܩܘܕܫܐ. ܐܠܐ ܐܢ ܐܫܝܓ ܒܣܪܗ ܒܡ̈ܝܐ.,16,"o homem que tocar em tais coisas será imundo até a tarde, e não comerá das coisas sagradas, mas banhará o seu corpo em água",25,True,True,True
22,7,Levítico 22:7,וּבָ֥א הַשֶּׁ֖מֶשׁ וְטָהֵ֑ר וְאַחַר֙ יֹאכַ֣ל מִן־ הַקֳּדָשִׁ֔ים כִּ֥י לַחְמ֖וֹ הֽוּא ׃,ובא השמש וטהר ואחר יאכל מנ הקדשימ כי לחמו הוא,11,ובמעל שמשא וידכי ובתר כן ייכול מן קודשיא ארי לחמיה הוא:,11,"καὶ δύῃ ὁ ἥλιος, καὶ καθαρὸς ἔσται· καὶ τότε φάγεται τῶν ἁγίων, ὅτι ἄρτος ἐστὶν αὐτοῦ.",16,ܘܒܡܥܪ̈ܒܝ ܫܡܫܐ ܢܬܕܟܐ. ܘܗܝܕܝܢ ܢܐܟܘܠ ܡܢ ܩܘܕܫܐ. ܡܛܠ ܕܠܚܡܗ ܗܘ.,10,"e, posto o sol, então será limpo; depois comerá das coisas sagradas, porque isso é o seu pão.",18,True,True,True
22,8,Levítico 22:8,נְבֵלָ֧ה וּטְרֵפָ֛ה לֹ֥א יֹאכַ֖ל לְטָמְאָה־ בָ֑הּ אֲנִ֖י יְהוָֽה ׃,נבלה וטרפה לא יאכל לטמאה בה אני יהוה,9,נבילא ותבירא לא ייכול לאסתאבא בה אנא יי:,8,"θνησιμαῖον καὶ θηριάλωτον οὐ φάγεται, μιανθῆναι αὐτὸν ἐν αὐτοῖς· ἐγὼ Κύριος.",11,ܘܦܓܪܐ ܕܬܒܝܪ ܠܚܝܘܬܐ ܠܐ ܢܐܟܘܠ ܕܠܐ ܢܬܛܡܐܐ ܒܗ. ܐܢܐ ܐܢܐ ܡܪܝܐ.,11,"Do animal que morrer por si, ou do que for dilacerado por feras, não comerá o homem, para que não se contamine com ele. Eu sou o Senhor.",28,True,True,True
22,9,Levítico 22:9,וְשָׁמְר֣וּ אֶת־ מִשְׁמַרְתִּ֗י וְלֹֽא־ יִשְׂא֤וּ עָלָיו֙ חֵ֔טְא וּמֵ֥תוּ ב֖וֹ כִּ֣י יְחַלְּלֻ֑הוּ אֲנִ֥י יְהוָ֖ה מְקַדְּשָֽׁם ׃,ושמרו את משמרתי ולא ישאו עליו חטא ומתו בו כי יחללהו אני יהוה מקדשמ,15,ויטרון ית מטרת מימרי ולא יקבלון עלוהי חובא וימותון ביה ארי יחלניה אנא יי מקדשהון:,15,"καὶ φυλάξονται τὰ φυλάγματά μου, ἵνα μὴ λάβωσιν δι᾽ αὐτὰ ἁμαρτίαν, καὶ ἀποθάνωσιν δι᾽ αὐτό· ἐὰν δὲ βεβηλώσουσιν αὐτά, ἐγὼ Κύριος ὁ θεὸς ὁ ἁγιάζων αὐτούς.",26,ܘܢܛܪܘܢ ܢܛܘܪ̈ܬܝ. ܕܠܐ ܢܩܒܠܘܢ ܥܠܝܗܘܢ ܚ̈ܛܗܐ ܘܢܡܘܬܘܢ ܒܗܘܢ. ܡܛܠ ܕܛܘܫܘ ܢܦܫ̈ܬܗܘܢ. ܐܢܐ ܐܢܐ ܡܪܝܐ ܕܡܩܕܫ ܐܢܐ ܠܗܘܢ.,17,"Guardarão, pois, o meu mandamento, para que, havendo-o profanado, não levem pecado sobre si e morram nele. Eu sou o Senhor que os santifico.",24,True,True,True
22,10,Levítico 22:10,וְכָל־ זָ֖ר לֹא־ יֹ֣אכַל קֹ֑דֶשׁ תּוֹשַׁ֥ב כֹּהֵ֛ן וְשָׂכִ֖יר לֹא־ יֹ֥אכַל קֹֽדֶשׁ ׃,וכל זר לא יאכל קדש תושב כהנ ושכיר לא יאכל קדש,12,וכל חלוני לא ייכול קודשא תותבא דכהנא ואגירא לא ייכול קודשא:,11,Καὶ πᾶς ἀλλογενὴς οὐ φάγεται ἅγια· πάροικος ἱερέως ἢ μισθωτὸς οὐ φάγεται ἅγια.,13,ܘܟܠ ܢܘܟܪܝܐ ܠܐ ܢܐܟܘܠ ܩܘܕܫܐ. ܬܘܬܒܐ ܕܟܗܢܐ ܘܐܓܝܪܐ ܠܐ ܢܐܟܘܠ ܩܘܕܫܐ.,11,"Também nenhum estranho comerá das coisas sagradas; nem o hóspede do sacerdote, nem o jornaleiro, comerá delas.",17,True,True,True
22,11,Levítico 22:11,וְכֹהֵ֗ן כִּֽי־ יִקְנֶ֥ה נֶ֨פֶשׁ֙ קִנְיַ֣ן כַּסְפּ֔וֹ ה֖וּא יֹ֣אכַל בּ֑וֹ וִילִ֣יד בֵּית֔וֹ הֵ֖ם יֹאכְל֥וּ בְלַחְמֽוֹ ׃,וכהנ כי יקנה נפש קנינ כספו הוא יאכל בו ויליד ביתו המ יאכלו בלחמו,15,וכהן ארי יקני נפש קנין כספיה הוא ייכול ביה ויליד ביתיה אנון ייכלון בלחמיה:,14,"ἐὰν δὲ ἱερεὺς κτήσηται ψυχὴν ἔνκτητον ἀργυρίου, οὗτος φάγεται ἐκ τῶν ἄρτων αὐτοῦ· καὶ οἰκογενεῖς αὐτοῦ, καὶ οὗτοι φάγονται τῶν ἄρτων αὐτοῦ.",22,ܘܟܗܢܐ ܟܕ ܢܙܒܢ ܢܦܫܐ. ܙܒܝܢ ܟܣܦܗ ܢܐܟܘܠ ܡܢ ܠܚܡܗ. ܘܝ̈ܠܝܕܝ ܒܝܬܗ ܗܢܘܢ ܢܐܟܠܘܢ ܡܢ ܠܚܡܗ.,15,"Mas aquele que o sacerdote tiver comprado com o seu dinheiro, e o nascido na sua casa, esses comerão do seu pão.",22,True,True,True
22,12,Levítico 22:12,וּבַת־ כֹּהֵ֔ן כִּ֥י תִהְיֶ֖ה לְאִ֣ישׁ זָ֑ר הִ֕וא בִּתְרוּמַ֥ת הַקֳּדָשִׁ֖ים לֹ֥א תֹאכֵֽל ׃,ובת כהנ כי תהיה לאיש זר הוא בתרומת הקדשימ לא תאכל,12,ובת כהן ארי תהי לגבר חלוני היא באפרשות קודשיא לא תיכול:,11,"καὶ θυγάτηρ ἀνθρώπου ἱερέως ἐὰν γένηται ἀνδρὶ ἀλλογενεῖ, αὐτὴ τῶν ἀπαρχῶν τοῦ ἁγίου οὐ φάγεται.",15,ܘܒܪܬ ܟܗܢܐ ܟܕ ܬܗܘܐ ܠܓܒܪܐ ܢܘܟܪܝܐ. ܐܦ ܗܝ ܡܢ ܦܘܪܫܢܐ ܕܩܘܕܫܐ ܠܐ ܬܐܟܘܠ.,13,"Se a filha de um sacerdote se casar com um estranho, ela não comerá da oferta alçada das coisas sagradas.",20,True,True,True
22,13,Levítico 22:13,וּבַת־ כֹּהֵן֩ כִּ֨י תִהְיֶ֜ה אַלְמָנָ֣ה וּגְרוּשָׁ֗ה וְזֶרַע֮ אֵ֣ין לָהּ֒ וְשָׁבָ֞ה אֶל־ בֵּ֤ית אָבִ֨יהָ֙ כִּנְעוּרֶ֔יהָ מִלֶּ֥חֶם אָבִ֖יהָ תֹּאכֵ֑ל וְכָל־ זָ֖ר לֹא־ יֹ֥אכַל בּֽוֹ ׃ ס,ובת כהנ כי תהיה אלמנה וגרושה וזרע אינ לה ושבה אל בית אביה כנעוריה מלחמ אביה תאכל וכל זר לא יאכל בו ס,24,ובת כהן ארי תהי ארמלא ומתרכא ובר לית לה ותתוב לבית אבוהא כרביותהא מלחמא דאבוהא תיכול וכל חלוני לא ייכול ביה:,21,"καὶ θυγάτηρ ἱερέως ἐὰν γένηται χήρα ἐκβεβλημένη, σπέρμα δὲ μὴ ἦν αὐτῇ, ἐπαναστρέψει ἐπὶ τὸν οἶκον τὸν πατρικὸν κατὰ τὴν νεότητα αὐτῆς, ἀπὸ τῶν ἄρτων τοῦ πατρὸς αὐτῆς φάγεται. καὶ πᾶς ἀλλογενὴς οὐ φάγεται ἀπ᾽ αὐτῶν.",36,ܘܒܪܬ ܟܗܢܐ ܟܕ ܬܗܘܐ ܐܪܡܠܬܐ ܘܫܒܝܩܬܐ. ܘܒܢ̈ܝܐ ܠܝܬ ܠܗ̇. ܘܬܗܦܘܟ ܠܒܝܬ ܐܒܘܗ̇ ܐܝܟ ܕܒܛܠܝܘܬܗ̇. ܡܢ ܠܚܡܐ ܕܐܒܘܗ̇ ܬܐܟܘܠ. ܘܟܠ ܢܘܟܪܝܐ ܠܐ ܢܐܟܘܠ ܡܢܗ.,23,"Mas quando a filha do sacerdote for viúva ou repudiada, e não tiver filhos, e houver tornado para a casa de seu pai, como na sua mocidade, do pão de seu pai comerá; mas nenhum estranho comerá dele.",38,True,True,True
22,14,Levítico 22:14,וְאִ֕ישׁ כִּֽי־ יֹאכַ֥ל קֹ֖דֶשׁ בִּשְׁגָגָ֑ה וְיָסַ֤ף חֲמִֽשִׁיתוֹ֙ עָלָ֔יו וְנָתַ֥ן לַכֹּהֵ֖ן אֶת־ הַקֹּֽדֶשׁ ׃,ואיש כי יאכל קדש בשגגה ויספ חמשיתו עליו ונתנ לכהנ את הקדש,13,וגבר ארי ייכול קודשא בשלו ויוסף חומשיה עלוהי ויתן לכהנא ית קודשא:,12,"καὶ ἄνθρωπος ὃς ἂν φάγῃ ἅγια κατὰ ἄγνοιαν, καὶ προσθήσει τὸ ἐπίπεμπτον αὐτοῦ ἐπ᾽ αὐτὸ καὶ δώσει τῷ ἱερεῖ τὸ ἅγιον.",21,ܘܓܒܪܐ ܕܢܐܟܘܠ ܩܘܕܫܐ ܒܛܘܥܝܝ. ܢܘܣܦ ܚܕ ܡܢ ܚܡܫܐ ܥܠܘܗܝ. ܘܢܬܠܝܘܗܝ ܠܟܗܢܐ ܩܘܕܫܐ.,12,"Se alguém por engano comer a coisa sagrada, repô-la-á, acrescida da quinta parte, e a dará ao sacerdote como a coisa sagrada.",22,True,True,True
22,15,Levítico 22:15,וְלֹ֣א יְחַלְּל֔וּ אֶת־ קָדְשֵׁ֖י בְּנֵ֣י יִשְׂרָאֵ֑ל אֵ֥ת אֲשֶׁר־ יָרִ֖ימוּ לַיהוָֽה ׃,ולא יחללו את קדשי בני ישראל את אשר ירימו ליהוה,11,ולא יחלון ית קודשיא דבני ישראל ית די יפרשון קדם יי:,11,"καὶ οὐ βεβηλώσουσιν τὰ ἅγια τῶν υἱῶν Ἰσραὴλ ἃ αὐτοὶ ἀφαιροῦσιν τῷ κυρίῳ,",13,ܘܠܐ ܢܛܘܫܘܢ ܒܢܝ̈ ܐܝܣܪܝܠ ܩܘܕܫ̈ܐ ܕܡܦܪܫܝܢ ܠܡܪܝܐ.,7,"Assim não profanarão as coisas sagradas dos filhos de Israel, que eles oferecem ao Senhor,",15,True,True,True
22,16,Levítico 22:16,וְהִשִּׂ֤יאוּ אוֹתָם֙ עֲוֺ֣ן אַשְׁמָ֔ה בְּאָכְלָ֖ם אֶת־ קָדְשֵׁיהֶ֑ם כִּ֛י אֲנִ֥י יְהוָ֖ה מְקַדְּשָֽׁם ׃ פ,והשיאו אותמ עונ אשמה באכלמ את קדשיהמ כי אני יהוה מקדשמ פ,13,ויקבלון עליהון עוין וחובין במיכלהון בסואבא ית קודשיהון ארי אנא יי מקדשהון:,12,καὶ ἐπάξουσιν ἐφ᾽ ἑαυτοὺς ἀνομίαν πλημμελίας ἐν τῷ ἐσθίειν αὐτοὺς τὰ ἃγια αὐτῶν· ὅτι ἐγὼ Κύριος ὁ ἁγιάζων αὐτούς.,19,ܘܢܫܩܠܘܢ ܥܠܝܗܘܢ ܥܘܠܐ ܘܚ̈ܛܗܐ. ܡܐ ܕܐܟ̇ܠܝܢ ܡܢ ܩܘܕܫ̈ܝܗܘܢ. ܡܛܠ ܕܐܢܐ ܐܢܐ ܡܪܝܐ ܕܡܩܕܫ ܠܗܘܢ.,14,"nem os farão levar sobre si a iniqüidade que envolve culpa, comendo as suas coisas sagradas; pois eu sou o Senhor que as santifico.",24,True,True,True
22,17,Levítico 22:17,וַיְדַבֵּ֥ר יְהוָ֖ה אֶל־ מֹשֶׁ֥ה לֵּאמֹֽר ׃,וידבר יהוה אל משה לאמר,6,ומליל יי עם משה למימר:,5,Καὶ ἐλάλησεν Κύριος πρὸς Μωυσῆν λέγων,6,ܘܡܠܠ ܡܪܝܐ ܥܡ ܡܘܫܐ ܘܐܡܪ ܠܗ.,6,Disse mais o Senhor a Moisés:,6,True,True,True
22,18,Levítico 22:18,דַּבֵּ֨ר אֶֽל־ אַהֲרֹ֜ן וְאֶל־ בָּנָ֗יו וְאֶל֙ כָּל־ בְּנֵ֣י יִשְׂרָאֵ֔ל וְאָמַרְתָּ֖ אֲלֵהֶ֑ם אִ֣ישׁ אִישׁ֩ מִבֵּ֨ית יִשְׂרָאֵ֜ל וּמִן־ הַגֵּ֣ר בְּיִשְׂרָאֵ֗ל אֲשֶׁ֨ר יַקְרִ֤יב קָרְבָּנוֹ֙ לְכָל־ נִדְרֵיהֶם֙ וּלְכָל־ נִדְבוֹתָ֔ם אֲשֶׁר־ יַקְרִ֥יבוּ לַיהוָ֖ה לְעֹלָֽה ׃,דבר אל אהרנ ואל בניו ואל כל בני ישראל ואמרת אלהמ איש איש מבית ישראל ומנ הגר בישראל אשר יקריב קרבנו לכל נדריהמ ולכל נדבותמ אשר יקריבו ליהוה לעלה,30,מליל עם אהרן ועם בנוהי ועם כל בני ישראל ותימר להון גבר גבר מבית ישראל ומן גיורא בישראל די יקרב קרבניה לכל נדריהון ולכל נדבתהון די יקרבון קדם יי לעלתא:,30,"Λάλησον Ἀαρὼν καὶ τοῖς υἱοῖς αὐτοῦ καὶ πάσῃ συναγωγῇ Ἰσραὴλ καὶ ἐρεῖς πρὸς αὐτούς Ἄνθρωπος ἂνθρωπος ἀπὸ τῶν υἱῶν Ἰσραὴλ ἢ τῶν υἱῶν τῶν προσηλύτων τῶν προσκειμένων πρὸς αὐτοὺς ἐν Ἰσραὴλ ὃς ἂν προσενέγκῃ τὰ δῶρα αὐτοῦ κατὰ πᾶσαν ὁμολογίαν αὐτῶν ἢ κατὰ πᾶσαν αἵρέσιν αὐτῶν, ὅσα ἂν προσενέγκωσιν τῷ θεῷ εἰς ὁλοκαύτωμα,",53,ܡܠܠ ܥܡ ܐܗܪܘܢ ܘܥܡ ܒܢ̈ܘܗܝ ܘܥܡ ܟܠܗܘܢ ܒܢ̈ܝ ܐܝܣܪܝܠ. ܘܐܡܪ ܠܗܘܢ ܓܒܪ ܓܒܪ ܡܢ ܒܝܬ ܐܝܣܪܝܠ. ܘܡܢ ܐܝܠܝܢ ܕܡܬܦܢܝܢ ܠܘܬܝ ܕܥܡ̇ܪܝܢ ܒܐܝܣܪܝܠ. ܕܢܩܪܒ ܩܘܪܒܢܗ ܡܢ ܟܠ ܢܕܪ̈ܝܗܘܢ. ܘܡܢ ܟܠ ܦܘܪ̈ܫܢܝܗܘܢ ܕܡܩܪܒܝܢ ܠܡܪܝܐ ܝܩܕܐ ܫܠܡܐ.,34,"Fala a Arão, e a seus filhos, e a todos os filhos de Israel, e dize-lhes: Todo homem da casa de Israel, ou dos estrangeiros em Israel, que oferecer a sua oferta, seja dos seus votos, seja das suas ofertas voluntárias que oferecerem ao Senhor em holocausto,",47,True,True,True
22,19,Levítico 22:19,לִֽרְצֹנְכֶ֑ם תָּמִ֣ים זָכָ֔ר בַּבָּקָ֕ר בַּכְּשָׂבִ֖ים וּבָֽעִזִּֽים ׃,לרצנכמ תמימ זכר בבקר בכשבימ ובעזימ,7,לרעוא לכון שלים דכורא בתורי באמריא ובעזיא:,7,δεκτὰ ὑμῖν ἄμωμα ἄρσενα ἐκ τῶν βουκολίων καὶ ἐκ τῶν προβάτων καὶ ἐκ τῶν αἰγῶν.,15,ܠܩܘܒܠܐ ܕܟܪܐ ܕܠܝܬ ܒܗ ܡܘܡܐ. ܡܢ ܬܘܪ̈ܐ ܘܡܢ ܐܡܪ̈ܐ ܘܡܢ ܥ̈ܙܐ.,11,"para que sejais aceitos, oferecereis macho sem defeito, ou dos novilhos, ou dos cordeiros, ou das cabras.",17,True,True,True
22,20,Levítico 22:20,כֹּ֛ל אֲשֶׁר־ בּ֥וֹ מ֖וּם לֹ֣א תַקְרִ֑יבוּ כִּי־ לֹ֥א לְרָצ֖וֹן יִהְיֶ֥ה לָכֶֽם ׃,כל אשר בו מומ לא תקריבו כי לא לרצונ יהיה לכמ,12,כל די ביה מומא לא תקרבון ארי לא לרעוא יהי לכון:,11,"πάντα ὅσα ἂν ἔχῃ μῶμον ἐν αὐτῷ οὐ προσάξουσιν Κυρίῳ, διότι οὐ δεκτὸν ἔσται ὑμῖν.",15,ܟܠ ܕܐܝܬ ܒܗ ܡܘܡܐ ܠܐ ܬܩܪܒܘܢ. ܡܛܠ ܕܠܐ ܗ̇ܘܐ ܠܟܘܢ ܠܨܒܝܢܐ.,11,"Nenhuma coisa, porém, que tiver defeito oferecereis, porque não será aceita a vosso favor.",14,True,True,True
22,21,Levítico 22:21,וְאִ֗ישׁ כִּֽי־ יַקְרִ֤יב זֶֽבַח־ שְׁלָמִים֙ לַיהוָ֔ה לְפַלֵּא־ נֶ֨דֶר֙ א֣וֹ לִנְדָבָ֔ה בַּבָּקָ֖ר א֣וֹ בַצֹּ֑אן תָּמִ֤ים יִֽהְיֶה֙ לְרָצ֔וֹן כָּל־ מ֖וּם לֹ֥א יִהְיֶה־ בּֽוֹ ׃,ואיש כי יקריב זבח שלמימ ליהוה לפלא נדר או לנדבה בבקר או בצאנ תמימ יהיה לרצונ כל מומ לא יהיה בו,22,וגבר ארי יקרב נכסת קודשיא קדם יי לפרשא נדרא או לנדבתא בתורי או בענא שלים יהי לרעוא כל מומא לא יהי ביה:,22,"καὶ ἄνθρωπος ὃς ἂν προσενέγκῃ θυσίαν σωτηρίου τῷ κυρίῳ, διαστείλας εὐχὴν κατὰ αἵρεσιν ἢ ἐν ταῖς ἑορταῖς ὑμῶν, ἐκ τῶν βουκολίων ἢ ἐκ τῶν προβάτων, ἄμωμον ἔσται εἰσδεκτόν, πᾶς μῶμος οὐκ ἔσται ἐν αὐτῷ.",34,ܘܓܒܪܐ ܕܢܩܪܒ ܕܒܚܐ ܫܠܡܐ ܠܡܪܝܐ. ܠܡܦܪܫ ܢܕܪܐ ܐܘ ܦܘܪܫܢܐ. ܡܢ ܬܘܪ̈ܐ ܐܘ ܡܢ ܥ̈ܙܐ . ܡܐ ܕܠܝܬ ܒܗ ܡܘܡܐ. ܢܬܩܒܠ ܐܢ ܟܠ ܡܘܡ ܠܝܬ ܒܗ.,25,"E, quando alguém oferecer sacrifício de oferta pacífica ao Senhor para cumprir um voto, ou para oferta voluntária, seja do gado vacum, seja do gado miúdo, o animal será perfeito, para que seja aceito; nenhum defeito haverá nele.",38,True,True,True
22,22,Levítico 22:22,עַוֶּרֶת֩ א֨וֹ שָׁב֜וּר אוֹ־ חָר֣וּץ אֽוֹ־ יַבֶּ֗לֶת א֤וֹ גָרָב֙ א֣וֹ יַלֶּ֔פֶת לֹא־ תַקְרִ֥יבוּ אֵ֖לֶּה לַיהוָ֑ה וְאִשֶּׁ֗ה לֹא־ תִתְּנ֥וּ מֵהֶ֛ם עַל־ הַמִּזְבֵּ֖חַ לַיהוָֽה ׃,עורת או שבור או חרוצ או יבלת או גרב או ילפת לא תקריבו אלה ליהוה ואשה לא תתנו מהמ על המזבח ליהוה,23,עויר או תביר או פסיק או יבלן או גרבן או חזזן לא תקרבון אלין קדם יי וקרבנא לא תתנון מנהון על מדבחא קדם יי:,24,"τυφλὸν ἢ συντετριμμένον ἢ γλωσσότμητον ἢ μυρμηκιῶντα ἢ ψωραγριῶντα ἢ λιχῆνας ἔχοντα, οὐ προσάξουσιν ταῦτα τῷ κυρίῳ, καὶ εἰς κάρπωσιν οὐ δώσετε ἀπ᾽ αὐτῶν ἐπὶ τὸ θυσιαστήριον τῷ κυρίῳ.",29,ܕܥܘܝܪ ܐܘ ܕܬܒܝܪ. ܐܘ ܕܚܙܙ ܐܘ ܕܪܫܠ. ܐܘ ܕܓܪܒ ܐܘ ܕܩܣܕܢ. ܠܐ ܬܩܪܒܘܢ ܚܕ ܡܢ ܗܠܝܢ ܠܡܪܝܐ. ܘܩܘܪܒܢܐ ܡܢ ܗܠܝܢ ܠܐ ܬܣܝܡܘܢ ܥܠ ܡܕܒܚܐ ܠܡܪܝܐ .,26,"O cego, ou quebrado, ou aleijado, ou que tiver úlceras, ou sarna, ou impigens, estes não oferecereis ao Senhor, nem deles poreis oferta queimada ao Senhor sobre o altar.",29,True,True,True
22,23,Levítico 22:23,וְשׁ֥וֹר וָשֶׂ֖ה שָׂר֣וּעַ וְקָל֑וּט נְדָבָה֙ תַּעֲשֶׂ֣ה אֹת֔וֹ וּלְנֵ֖דֶר לֹ֥א יֵרָצֶֽה ׃,ושור ושה שרוע וקלוט נדבה תעשה אתו ולנדר לא ירצה,11,ותור ואמר יתיר וחסיר נדבתא תעבד יתיה ולנדרא לא יהי לרעוא:,11,"καὶ μόσχον ἢ πρόβατον ὠτότμητον ἢ κολοβόκερκον σφάγια ποιήσεις αὐτὰ σεαυτῷ, εἰς δὲ εὐχήν σου οὐ προσδεχθήσεται.",17,ܘܬܘܪܐ ܘܐܡܪܐ ܕܣܪܝܥܐ ܐܕܢܗ ܐܘ ܕܟܪܝܐ ܐܠܝܬܗ. ܠܦܘܪܫܢܐ ܬܥܒܕܝܘܗܝ. ܒܪܡ ܠܢܕܪܐ ܠܐ ܢܬܩܒܠ .,14,"Todavia, um novilho, ou um cordeiro, que tenha algum membro comprido ou curto demais, poderás oferecer por oferta voluntária, mas para cumprir voto não será aceito.",26,True,True,True
22,24,Levítico 22:24,וּמָע֤וּךְ וְכָתוּת֙ וְנָת֣וּק וְכָר֔וּת לֹ֥א תַקְרִ֖יבוּ לַֽיהוָ֑ה וּֽבְאַרְצְכֶ֖ם לֹ֥א תַעֲשֽׂוּ ׃,ומעוכ וכתות ונתוק וכרות לא תקריבו ליהוה ובארצכמ לא תעשו,11,ודי מריס ודי רסיס ודי שליף ודי גזיר לא תקרבון קדם יי ובארעכון לא תעבדון:,15,"θλαδίαν καὶ ἐκτεθλιμμένον καὶ ἐκτομίαν καὶ ἀπεσπασμένον, οὐ προσάξεις αὐτὰ τῷ κυρίῳ, καὶ ἐπὶ τῆς γῆς ὑμῶν οὐ ποιήσετε.",19,ܘܕܪܨܝܨ ܘܕܦܣܝܩ ܘܕܩܛܝܥ. ܠܐ ܬܩܪܒܘܢ ܠܡܪܝܐ. ܘܠܐ ܬܥܒܕܘܢ ܒܐܪܥܟܘܢ.,9,"Não oferecereis ao Senhor um animal que tiver testículo machucado, ou moído, ou arrancado, ou lacerado; não fareis isso na vossa terra.",22,True,True,True
22,25,Levítico 22:25,וּמִיַּ֣ד בֶּן־ נֵכָ֗ר לֹ֥א תַקְרִ֛יבוּ אֶת־ לֶ֥חֶם אֱלֹהֵיכֶ֖ם מִכָּל־ אֵ֑לֶּה כִּ֣י מָשְׁחָתָ֤ם בָּהֶם֙ מ֣וּם בָּ֔ם לֹ֥א יֵרָצ֖וּ לָכֶֽם ׃ פ,ומיד בנ נכר לא תקריבו את לחמ אלהיכמ מכל אלה כי משחתמ בהמ מומ במ לא ירצו לכמ פ,20,ומן בר עממין לא תקרבון ית קרבן אלהכון מכל אלין ארי חבולהון בהון מומא בהון לא לרעוא יהון לכון:,19,"καὶ ἐκ χειρὸς ἀλλογενοῦς οὐ προσοίσετε τὰ δῶρα τοῦ θεοῦ ὑμῶν ἀπὸ πάντων τούτων, ὅτι φθαρτά ἐστιν ἐν αὐτοῖς, μῶμος ἐν αὐτοῖς· οὐ δεχθήσεται ὑμῖν.",25,ܘܡܢ ܝܕ ܒܪ ܢܘܟܪ̈ܝܐ ܠܐ ܬܩܪܒܘܢ ܠܚܡܐ ܕܐܠܗܟܘܢ. ܡܢ ܗܠܝܢ ܟܠܗܘܢ. ܡܛܠ ܕܡܚܒܠܝܢ ܐܢܘܢ ܘܡܘܡܐ ܐܝܬ ܒܗܘܢ. ܠܐ ܡܬܩܒܠܝܢ ܡܢܟܘܢ.,20,Nem da mão do estrangeiro oferecereis de alguma dessas coisas o pão do vosso Deus; porque a sua corrupção nelas está; há defeito nelas; não serão aceitas a vosso favor.,30,True,True,True
22,26,Levítico 22:26,וַיְדַבֵּ֥ר יְהוָ֖ה אֶל־ מֹשֶׁ֥ה לֵּאמֹֽר ׃,וידבר יהוה אל משה לאמר,6,ומליל יי עם משה למימר:,5,Καὶ ἐλάλησεν Κύριος πρὸς Μωυσῆν λέγων,6,ܘܡܠܠ ܡܪܝܐ ܥܡ ܡܘܫܐ ܘܐܡܪ ܠܗ.,6,Disse mais o Senhor a Moisés:,6,True,True,True
22,27,Levítico 22:27,שׁ֣וֹר אוֹ־ כֶ֤שֶׂב אוֹ־ עֵז֙ כִּ֣י יִוָּלֵ֔ד וְהָיָ֛ה שִׁבְעַ֥ת יָמִ֖ים תַּ֣חַת אִמּ֑וֹ וּמִיּ֤וֹם הַשְּׁמִינִי֙ וָהָ֔לְאָה יֵרָצֶ֕ה לְקָרְבַּ֥ן אִשֶּׁ֖ה לַיהוָֽה ׃,שור או כשב או עז כי יולד והיה שבעת ימימ תחת אמו ומיומ השמיני והלאה ירצה לקרבנ אשה ליהוה,20,תור או אמר או עזא ארי יתיליד ויהי שבעא יומין בתר אמיה ומיומא תמינאה ולהלא יתרעי לקרבא קרבנא קדם יי:,20,"Μόσχον ἢ πρόβατον ἢ αἶγα, ὡς ἂν τεχθῇ, καὶ ἔσται ἑπτὰ ἡμέρας ὑπὸ τὴν μητέρα· τῇ δὲ ἡμέρᾳ τῇ ὀγδόῃ καὶ ἐπέκεινα δεχθήσεται εἰς δῶρα, κάρπωμα Κυρίῳ.",27,ܬܘܪܐ ܐܘ ܐܡܪܐ ܐܘ ܓܕܝܐ. ܟܕ ܢܬܝܠܕ ܢܗܘܐ ܫܒܥܐ ܝܘܡ̈ܝܢ ܒܬܪ ܐܡܗ. ܘܡܢ ܝܘܡܐ ܕܬܡܢܝܐ ܘܠܗܠ. ܢܬܩܒܠ ܩܘܪܒܢܗ ܩܘܪܒܢܐ ܠܡܪܝܐ.,20,"Quando nascer um novilho, ou uma ovelha, ou uma cabra, por sete dias ficará debaixo de sua mãe; depois, desde o dia oitavo em diante, será aceito por oferta queimada ao Senhor.",32,True,True,True
22,28,Levítico 22:28,וְשׁ֖וֹר אוֹ־ שֶׂ֑ה אֹת֣וֹ וְאֶת־ בְּנ֔וֹ לֹ֥א תִשְׁחֲט֖וּ בְּי֥וֹם אֶחָֽד ׃,ושור או שה אתו ואת בנו לא תשחטו ביומ אחד,11,ותורתא או שיתא לה ולברה לא תכסון ביומא חד:,9,"καὶ μόσχον ἢ πρόβατον, αὐτὴν καὶ τὰ παιδία αὐτῆς, οὐ σφάξεις ἐν ἡμέρᾳ μιᾷ.",14,ܘܬܘܪܐ ܐܘ ܥܪܒܐ. ܠܗ ܘܠܒܪܗ ܠܐ ܬܟܣܘܢ ܒܝܘܡܐ ܚܕ.,9,"Também, seja vaca ou seja ovelha, não a imolareis a ela e à sua cria, ambas no mesmo dia.",19,True,True,True
22,29,Levítico 22:29,וְכִֽי־ תִזְבְּח֥וּ זֶֽבַח־ תּוֹדָ֖ה לַיהוָ֑ה לִֽרְצֹנְכֶ֖ם תִּזְבָּֽחוּ ׃,וכי תזבחו זבח תודה ליהוה לרצנכמ תזבחו,8,וארי תכסון נכסת תודתא קדם יי לרעוא לכון תכסניה:,9,"ἐὰν δὲ θύσῃς θυσίαν εὐχὴν χαρμοσύνης Κυρίῳ, εἰσδεκτὸν ὑμῖν θύσετε αὐτό·",11,ܘܐܢ ܬܕܒܚܘܢ ܕܒܚܐ ܕܬܘܕܝܬܐ ܠܡܪܝܐ. ܠܩܘܒܠܐ ܕܘܒܚܘܗܝ.,7,"E, quando oferecerdes ao Senhor sacrifício de ação de graças, oferecê-lo-eis de modo a serdes aceitos.",16,True,True,True
22,30,Levítico 22:30,בַּיּ֤וֹם הַהוּא֙ יֵאָכֵ֔ל לֹֽא־ תוֹתִ֥ירוּ מִמֶּ֖נּוּ עַד־ בֹּ֑קֶר אֲנִ֖י יְהוָֽה ׃,ביומ ההוא יאכל לא תותירו ממנו עד בקר אני יהוה,11,ביומא ההוא יתאכל לא תשארון מניה עד צפרא אנא יי:,10,"αὐτῇ τῇ ἡμέρᾳ ἐκείνῃ βρωθήσεται, οὐκ ἀπολείψετε ἀπὸ τῶν κρεῶν εἰς τὸ πρωί· ἐγώ εἰμι Κύριος.",16,ܘܒܗ ܒܝܘܡܐ ܗ̇ܘ ܢܬܐܟܠ. ܘܠܐ ܬܘܬܪܘܢ ܡܢܗ ܠܨܦܪܐ . ܐܢܐ ܐܢܐ ܡܪܝܐ.,12,No mesmo dia se comerá; nada deixareis ficar dele até pela manhã. Eu sou o Senhor.,16,True,True,True
22,31,Levítico 22:31,וּשְׁמַרְתֶּם֙ מִצְוֺתַ֔י וַעֲשִׂיתֶ֖ם אֹתָ֑ם אֲנִ֖י יְהוָֽה ׃,ושמרתמ מצותי ועשיתמ אתמ אני יהוה,7,ותטרון פקודי ותעבדון יתהון אנא יי:,6,Καὶ φυλάξετε τὰς ἐντολάς μου καὶ ποιήσετε αὐτάς.,8,ܛܪܘ ܦܘܩ̈ܕܢܝ ܘܥܒܕܘ ܐܢܘܢ. ܐܢܐ ܐܢܐ ܡܪܝܐ.,7,"Guardareis os meus mandamentos, e os cumprireis. Eu sou o Senhor.",11,True,True,True
22,32,Levítico 22:32,וְלֹ֤א תְחַלְּלוּ֙ אֶת־ שֵׁ֣ם קָדְשִׁ֔י וְנִ֨קְדַּשְׁתִּ֔י בְּת֖וֹךְ בְּנֵ֣י יִשְׂרָאֵ֑ל אֲנִ֥י יְהוָ֖ה מְקַדִּשְׁכֶֽם ׃,ולא תחללו את שמ קדשי ונקדשתי בתוכ בני ישראל אני יהוה מקדשכמ,13,ולא תחללון ית שמא דקודשי ואתקדש בגו בני ישראל אנא יי מקדשכון:,12,"καὶ οὐ βεβηλώσετε τὸ ὄνομα τοῦ ἁγίου, καὶ ἁγιασθήσομαι ἐν μέσῳ τῶν υἱῶν Ἰσραήλ· ἐγὼ Κύριος ὁ ἁγιάζων ὑμᾶς,",19,ܘܠܐ ܬܛܢܦܘܢ ܫܡܐ ܕܩܘܕܫܝ. ܕܐܬܩܕܫ ܒܝܢܬ ܒܢ̈ܝ ܐܝܣܪܝܠ. ܐܢܐ ܐܢܐ ܡܪܝܐ ܕܡܩܕܫ ܠܟܘܢ.,13,"Não profanareis o meu santo nome, e serei santificado no meio dos filhos de Israel. Eu sou o Senhor que vos santifico,",22,True,True,True
22,33,Levítico 22:33,הַמּוֹצִ֤יא אֶתְכֶם֙ מֵאֶ֣רֶץ מִצְרַ֔יִם לִהְי֥וֹת לָכֶ֖ם לֵאלֹהִ֑ים אֲנִ֖י יְהוָֽה ׃ פ,המוציא אתכמ מארצ מצרימ להיות לכמ לאלהימ אני יהוה פ,11,דאפיק יתכון מארעא דמצרים למהוי לכון לאלהא אנא יי:,9,ὁ ἐξαγαγὼν ὑμᾶς ἐκ γῆς Αἰγύπτου ὥστε εἶναι ὑμῶν θεός· ἐγὼ Κύριος.,12,ܕܐܦܩ̇ܬܟܘܢ ܡܢ ܐܪܥܐ ܕܡܨܪܝܢ. ܕܐܗܘܐ ܠܟܘܢ ܐܠܗܐ. ܐܢܐ ܐܢܐ ܡܪܝܐ.,10,que vos tirei da terra do Egito para ser o vosso Deus. Eu sou o Senhor.,16,True,True,True
23,1,Levítico 23:1,וַיְדַבֵּ֥ר יְהוָ֖ה אֶל־ מֹשֶׁ֥ה לֵּאמֹֽר ׃,וידבר יהוה אל משה לאמר,6,ומליל יי עם משה למימר:,5,Καὶ εἶπεν Κύριος πρὸς Μωυσῆν λέγων,6,ܘܡܠܠ ܡܪܝܐ ܥܡ ܡܘܫܐ ܘܐܡܪ ܠܗ.,6,Depois disse o Senhor a Moisés:,6,True,True,True
23,2,Levítico 23:2,דַּבֵּ֞ר אֶל־ בְּנֵ֤י יִשְׂרָאֵל֙ וְאָמַרְתָּ֣ אֲלֵהֶ֔ם מוֹעֲדֵ֣י יְהוָ֔ה אֲשֶׁר־ תִּקְרְא֥וּ אֹתָ֖ם מִקְרָאֵ֣י קֹ֑דֶשׁ אֵ֥לֶּה הֵ֖ם מוֹעֲדָֽי ׃,דבר אל בני ישראל ואמרת אלהמ מועדי יהוה אשר תקראו אתמ מקראי קדש אלה המ מועדי,17,מליל עם בני ישראל ותימר להון מועדיא דיי די תערעון יתהון מערעי קדיש אלין אנון מועדי:,16,"Λάλησον τοῖς υἱοῖς Ἰσραὴλ καὶ ἐρεῖς πρὸς αὐτούς Αἱ ἑορταὶ Κυρίου ἃς καλέσετε αὐτὰς κλητὰς ἁγίας, αὗταί εἰσιν ἑορταί μου.",20,ܡܠܠ ܥܡ ܒܢ̈ܝ ܐܝܣܪܝܠ ܘܐܡܪ ܠܗܘܢ. ܥܕܥܐ̈ܕܘܗܝ ܕܡܪܝܐ ܕܬܩܪܘܢ ܐܢܘܢ ܩܪ̈ܝܐ ܘܩܕܝܫ̈ܐ ܗܠܝܢ ܐܢܘܢ ܥܕܥܐ̈ܕܝ.,15,"Fala aos filhos de Israel, e dize-lhes: As festas fixas do Senhor, que proclamareis como santas convocações, são estas:",19,True,True,True
23,3,Levítico 23:3,שֵׁ֣שֶׁת יָמִים֮ תֵּעָשֶׂ֣ה מְלָאכָה֒ וּבַיּ֣וֹם הַשְּׁבִיעִ֗י שַׁבַּ֤ת שַׁבָּתוֹן֙ מִקְרָא־ קֹ֔דֶשׁ כָּל־ מְלָאכָ֖ה לֹ֣א תַעֲשׂ֑וּ שַׁבָּ֥ת הִוא֙ לַֽיהוָ֔ה בְּכֹ֖ל מֽוֹשְׁבֹתֵיכֶֽם ׃ פ,ששת ימימ תעשה מלאכה וביומ השביעי שבת שבתונ מקרא קדש כל מלאכה לא תעשו שבת הוא ליהוה בכל מושבתיכמ פ,21,שתא יומין תתעבד עבידא וביומא שביעאה שבת שבתא מערע קדיש כל עבידא לא תעבדון שבתא היא קדם יי בכל מותבניכון:,20,"Ἓξ ἡμέρας ποιήσεις ἔργα, καὶ τῇ ἡμέρᾳ τῇ ἑβδόμῃ σάββατα ἀνάπαυσις κλητὴ ἁγία τῷ κυρίῳ· πᾶν ἔργον οὐ ποιήσεις, σάββατά ἐστιν τῷ κυρίῳ ὑμῶν ἐν πάσῃ κατοικίᾳ ὑμῶν.",28,ܫܬܐ ܝܘܡ̈ܝܢ ܬܥܒܕܘܢ ܥܒ̇ܕܐ. ܘܝܘܡܐ ܫܒܝܥܝܐ ܫܒܬܐ ܘܢܝܚܐ ܬܗܘܐ ܩܘܕܫܐ ܠܡܪܝܐ. ܘܟܠ ܥܒܕ ܠܐ ܬܥܒܕܘܢ. ܫܒܬܐ ܗܝ ܠܡܪܝܐ ܒܟܠܗ ܒܝܬ ܡܥܡܪܟܘܢ.,21,"Seis dias se fará trabalho, mas o sétimo dia é o sábado do descanso solene, uma santa convocação; nenhum trabalho fareis; é sábado do Senhor em todas as vossas habitações.",30,True,True,True
23,4,Levítico 23:4,אֵ֚לֶּה מוֹעֲדֵ֣י יְהוָ֔ה מִקְרָאֵ֖י קֹ֑דֶשׁ אֲשֶׁר־ תִּקְרְא֥וּ אֹתָ֖ם בְּמוֹעֲדָֽם ׃,אלה מועדי יהוה מקראי קדש אשר תקראו אתמ במועדמ,10,אלין מועדיא דיי מערעי קדיש די תערעון יתהון בזמניהון:,9,"Αὗται αἱ ἑορταὶ τῷ κυρίῳ, καὶ αὗται, ἁγίας καλέσατε αὐτὰς ἐν τοῖς καιροῖς αὐτῶν.",14,ܗܠܝܢ ܥܕܥܐ̈ܕܘܗܝ ܕܡܪܝܐ. ܩܪ̈ܝܐ ܘܩܕܝܫ̈ܐ ܬܩܪܘܢ ܐܢܘܢ ܒܙܒܢܝ̈ܗܘܢ.,8,"São estas as festas fixas do Senhor, santas convocações, que proclamareis no seu tempo determinado:",15,True,True,True
23,5,Levítico 23:5,בַּחֹ֣דֶשׁ הָרִאשׁ֗וֹן בְּאַרְבָּעָ֥ה עָשָׂ֛ר לַחֹ֖דֶשׁ בֵּ֣ין הָעַרְבָּ֑יִם פֶּ֖סַח לַיהוָֽה ׃,בחדש הראשונ בארבעה עשר לחדש בינ הערבימ פסח ליהוה,10,בירחא קדמאה בארבעת עשרא לירחא בין שמשיא פסחא קדם יי:,10,ἐν τῷ πρώτῳ μηνὶ ἐν τῇ τεσσαρεσκαιδεκάτῃ ἡμέρᾳ τοῦ μηνὸς ἀνὰ μέσον τῶν ἑσπερινῶν πάσχα τῷ κυρίῳ.,17,ܒܝܪܚܐ ܩܕܡܝܐ ܒܐܪܒܥܣܪܐ ܒܝܪܚܐ. ܒܝܬ ܪ̈ܡܫܐ ܦܨܚܐ ܠܡܪܝܐ.,8,"No mês primeiro, aos catorze do mês, à tardinha, é a páscoa do Senhor.",14,True,True,True
23,6,Levítico 23:6,וּבַחֲמִשָּׁ֨ה עָשָׂ֥ר יוֹם֙ לַחֹ֣דֶשׁ הַזֶּ֔ה חַ֥ג הַמַּצּ֖וֹת לַיהוָ֑ה שִׁבְעַ֥ת יָמִ֖ים מַצּ֥וֹת תֹּאכֵֽלוּ ׃,ובחמשה עשר יומ לחדש הזה חג המצות ליהוה שבעת ימימ מצות תאכלו,13,ובחמשת עשרא יומא לירחא הדין חגא דפטיריא קדם יי שבעא יומין פטיר תיכלון:,13,καὶ ἐν τῇ πεντεκαιδεκάτῃ ἡμέρᾳ τοῦ μηνὸς τούτου ἑορτὴ τῶν ἀζύμων τῷ κυρίῳ· ἑπτὰ ἡμέρας ἄζυμα ἔδεσθε.,17,ܘܒܚܡܫܥܣܪܐ ܒܗ ܒܝܪܚܐ ܗܢܐ. ܥܕܥܐܕܐ ܕܦܛܝܪ̈ܐ ܠܡܪܝܐ. ܫܒܥܐ ܝܘܡ̈ܝܢ ܦܛܝܪܐ ܬܐܟܠܘܢ.,11,E aos quinze dias desse mês é a festa dos pães ázimos do Senhor; sete dias comereis pães ázimos.,19,True,True,True
23,7,Levítico 23:7,בַּיּוֹם֙ הָֽרִאשׁ֔וֹן מִקְרָא־ קֹ֖דֶשׁ יִהְיֶ֣ה לָכֶ֑ם כָּל־ מְלֶ֥אכֶת עֲבֹדָ֖ה לֹ֥א תַעֲשֽׂוּ ׃,ביומ הראשונ מקרא קדש יהיה לכמ כל מלאכת עבדה לא תעשו,12,ביומא קדמאה מערע קדיש יהי לכון כל עבידת פלחן לא תעבדון:,11,"καὶ ἡ ἡμέρα ἡ πρώτη κλητὴ ἁγία ἔσται ὑμῖν, πᾶν ἔργον λατρευτὸν οὐ ποιήσετε·",14,ܝܘܡܐ ܩܕܡܝܐ ܩܪܐ ܘܩܕܝܫ ܢܗܘܐ ܠܟܘܢ. ܘܟܠ ܥܒܕ ܕܦܘܠܚܢܐ ܠܐ ܬܥܒܕܘܢ.,11,No primeiro dia tereis santa convocação; nenhum trabalho servil fareis.,10,True,True,True
23,8,Levítico 23:8,וְהִקְרַבְתֶּ֥ם אִשֶּׁ֛ה לַיהוָ֖ה שִׁבְעַ֣ת יָמִ֑ים בַּיּ֤וֹם הַשְּׁבִיעִי֙ מִקְרָא־ קֹ֔דֶשׁ כָּל־ מְלֶ֥אכֶת עֲבֹדָ֖ה לֹ֥א תַעֲשֽׂוּ ׃ פ,והקרבתמ אשה ליהוה שבעת ימימ ביומ השביעי מקרא קדש כל מלאכת עבדה לא תעשו פ,16,ותקרבון קרבנא קדם יי שבעא יומין ביומא שביעאה מערע קדיש כל עבידת פלחן לא תעבדון:,15,"καὶ προσάξετε ὁλοκαυτώματα τῷ κυρίῳ ἑπτὰ ἡμέρας, καὶ ἡ ἑβδόμη ἡμέρα κλητὴ ἁγία ἔσται ὑμῖν· πᾶν ἔργον λατρευτὸν οὐ ποιήσετε.",20,ܘܩܪܒܘ ܩܘܪܒܢܐ ܠܡܪܝܐ ܫܒܥܐ ܝܘܡ̈ܝܢ. ܘܝܘܡܐ ܕܫܒܥܐ ܢܗܘܐ ܩܪܐ ܘܩܕܝܫ. ܘܟܠ ܥܒܕ ܕܦܘܠܚܢܐ ܠܐ ܬܥܒܕܘܢ.,15,Mas por sete dias oferecereis oferta queimada ao Senhor; ao sétimo dia haverá santa convocação; nenhum trabalho servil fareis.,19,True,True,True
23,9,Levítico 23:9,וַיְדַבֵּ֥ר יְהוָ֖ה אֶל־ מֹשֶׁ֥ה לֵּאמֹֽר ׃,וידבר יהוה אל משה לאמר,6,ומליל יי עם משה למימר:,5,Καὶ ἐλάλησεν Κύριος πρὸς Μωυσῆν λέγων,6,ܘܡܠܠ ܡܪܝܐ ܥܡ ܡܘܫܐ ܘܐܡܪ ܠܗ.,6,Disse mais o Senhor a Moisés:,6,True,True,True
23,10,Levítico 23:10,דַּבֵּ֞ר אֶל־ בְּנֵ֤י יִשְׂרָאֵל֙ וְאָמַרְתָּ֣ אֲלֵהֶ֔ם כִּֽי־ תָבֹ֣אוּ אֶל־ הָאָ֗רֶץ אֲשֶׁ֤ר אֲנִי֙ נֹתֵ֣ן לָכֶ֔ם וּקְצַרְתֶּ֖ם אֶת־ קְצִירָ֑הּ וַהֲבֵאתֶ֥ם אֶת־ עֹ֛מֶר רֵאשִׁ֥ית קְצִירְכֶ֖ם אֶל־ הַכֹּהֵֽן ׃,דבר אל בני ישראל ואמרת אלהמ כי תבאו אל הארצ אשר אני נתנ לכמ וקצרתמ את קצירה והבאתמ את עמר ראשית קצירכמ אל הכהנ,25,מליל עם בני ישראל ותימר להון ארי תעלון לארעא די אנא יהב לכון ותחצדון ית חצדה ותיתון ית עומרא ריש חצדכון לות כהנא:,23,"Εἰπὸν τοῖς υἱοῖς Ἰσραὴλ καὶ ἐρεῖς πρὸς αὐτούς Ὅταν εἰσέλθητε εἰς τὴν γῆν ἣν ἐγὼ δίδωμι ὑμῖν καὶ θερίζητε τὸν θερισμὸν αὐτῆς, καὶ οἴσετε δράγμα ἀπαρχὴν τοῦ θερισμοῦ ὑμῶν πρὸς τὸν ἱερέα·",32,ܡܠܠ ܥܡ ܒܢ̈ܝ ܐܝܣܪܐܝܠ ܘܐܡܪ ܠܗܘܢ. ܡܐ ܕܥܠܬܘܢ ܠܐܪܥܐ ܕܝ̇ܗܒ ܐܢܐ ܠܟܘܢ. ܘܚܨܕܬܘܢ ܚܨܕܗ̇. ܐܝܬܘ ܟܦܐ ܕܪܝܫ ܚܨܕܟܘܢ ܠܟܗܢܐ.,19,"Fala aos filhos de Israel, e dize-lhes: Quando houverdes entrado na terra que eu vos dou, e segardes a sua sega, então trareis ao sacerdote um molho das primícias da vossa sega;",32,True,True,True
23,11,Levítico 23:11,וְהֵנִ֧יף אֶת־ הָעֹ֛מֶר לִפְנֵ֥י יְהוָ֖ה לִֽרְצֹנְכֶ֑ם מִֽמָּחֳרַת֙ הַשַּׁבָּ֔ת יְנִיפֶ֖נּוּ הַכֹּהֵֽן ׃,והניפ את העמר לפני יהוה לרצנכמ ממחרת השבת יניפנו הכהנ,11,וירים ית עומרא קדם יי לרעוא לכון מבתר יומא טבא ירימניה כהנא:,12,"καὶ ἀνοίσει τὸ δράγμα ἔναντι Κυρίου δεκτὸν ὑμῖν, τῇ ἐπαύριον τῆς πρώτης ἀνοίσει αὐτὸ ὁ ἱερεύς.",16,ܘܢܦܪܫܝܗ̇ ܠܟܦܐ ܩܕܡ ܡܪܝܐ ܠܩܘܒܠܐ . ܘܒܬܪ ܝܘܡܐ ܐܚܪܢܐ. ܢܦܪܫܝܗ̇ ܟܗܢܐ.,11,"e ele moverá o molho perante o Senhor, para que sejais aceitos. No dia seguinte ao sábado o sacerdote o moverá.",21,True,True,True
23,12,Levítico 23:12,וַעֲשִׂיתֶ֕ם בְּי֥וֹם הֲנִֽיפְכֶ֖ם אֶת־ הָעֹ֑מֶר כֶּ֣בֶשׂ תָּמִ֧ים בֶּן־ שְׁנָת֛וֹ לְעֹלָ֖ה לַיהוָֽה ׃,ועשיתמ ביומ הניפכמ את העמר כבש תמימ בנ שנתו לעלה ליהוה,12,ותעבדון ביומא דארמותכון ית עומרא אמר שלים בר שתיה לעלתא קדם יי:,12,"καὶ ποιήσετε ἐν τῇ ἡμέρᾳ ἐν ᾗ ἂν φέρητε τὸ δράγμα πρόβατον ἄμωμον ἐνιαύσιον εἰς ὁλοκαύτωμα τῷ κυρίῳ,",18,ܘܬܥܒܕܘܢ ܒܝܘܡܐ ܕܦܪܫܝܢ ܐܢܬܘܢ ܟܦܐ. ܐܡܪܐ ܒܪ ܫܢܬܐ ܕܠܝܬ ܒܗ ܡܘܡܐ. ܝܩܕܐ ܫܠܡܐ ܠܡܪܝܐ.,14,"E no dia em que moverdes o molho, oferecereis um cordeiro sem defeito, de um ano, em holocausto ao Senhor.",20,True,True,True
23,13,Levítico 23:13,וּמִנְחָתוֹ֩ שְׁנֵ֨י עֶשְׂרֹנִ֜ים סֹ֣לֶת בְּלוּלָ֥ה בַשֶּׁ֛מֶן אִשֶּׁ֥ה לַיהוָ֖ה רֵ֣יחַ נִיחֹ֑חַ וְנִסְכֹּ֥ה יַ֖יִן רְבִיעִ֥ת הַהִֽין ׃,ומנחתו שני עשרנימ סלת בלולה בשמנ אשה ליהוה ריח ניחח ונסכה יינ רביעת ההינ,15,ומנחתיה תרין עשרונין סלתא דפילא במשח קרבנא קדם יי לאתקבלא ברעוא ונסכיה חמרא רבעות הינא:,15,"καὶ τὴν θυσίαν αὐτοῦ δύο δέκατα σεμιδάλεως ἀναπεποιημένης ἐν ἐλαίῳ· θυσία τῷ κυρίῳ, ὀσμὴ εὐωδίας Κυρίῳ· καὶ σπονδὴ αὐτοῦ τὸ τέταρτον τοῦ ἳν οἴνου.",24,ܘܩܘܪܒܢܗ ܬܪ̈ܝܢ ܥܣܪ̈ܘܢܝܢ. ܡܢ ܬܪ̈ܬܝܢ ܣܐܝܢ ܢܫܝܦܐ ܕܦܝܠ ܒܡܫܚܐ. ܩܘܪܒܢܐ ܠܡܪܝܐ ܠܪܝܚ ܣܘܬܐ . ܘܢܘܩܝܗ ܚܡܪܐ ܪܘܒܥܗ ܕܗܡܝܢܐ.,18,"Sua oferta de cereais será dois décimos de efa de flor de farinha, amassada com azeite, para oferta queimada em cheiro suave ao Senhor; e a sua oferta de libação será de vinho, um quarto de him.",37,True,True,True
23,14,Levítico 23:14,וְלֶחֶם֩ וְקָלִ֨י וְכַרְמֶ֜ל לֹ֣א תֹֽאכְל֗וּ עַד־ עֶ֨צֶם֙ הַיּ֣וֹם הַזֶּ֔ה עַ֚ד הֲבִ֣יאֲכֶ֔ם אֶת־ קָרְבַּ֖ן אֱלֹהֵיכֶ֑ם חֻקַּ֤ת עוֹלָם֙ לְדֹרֹ֣תֵיכֶ֔ם בְּכֹ֖ל מֹשְׁבֹֽתֵיכֶֽם ׃ ס,ולחמ וקלי וכרמל לא תאכלו עד עצמ היומ הזה עד הביאכמ את קרבנ אלהיכמ חקת עולמ לדרתיכמ בכל משבתיכמ ס,21,ולחם וקלי ופרוכן לא תיכלון עד כרן יומא הדין עד איתואיכון ית קרבן אלהכון קים עלם לדריכון בכל מותבניכון:,19,"καὶ ἄρτον καὶ πεφρυγμένα χίδρα νέα οὐ φάγεσθε ἕως εἰς αὐτὴν τὴν ἡμέραν ταύτην, ἕως ἂν προσενέγκητε ὑμεῖς τὰ δῶρα τῷ θεῷ ὑμῶν· νόμιμον αἰώνιον εἰς τὰς γενεὰς ὑμῶν ἐν πάσῃ κατοικίᾳ ὑμῶν.",33,ܘܠܚܡܐ ܘܩܠܝ̈ܬܐ ܘܦܪ̈ܝܟܬܐ. ܠܐ ܬܐܟܠܘܢ ܥܕܡܐ ܠܝܘܡܐ ܗܢܐ. ܥܕܡܐ ܠܝܘܡܐ ܕܡܝܬܝܢ ܐܢܬܘܢ ܩܘܪܒܢܐ ܠܐܠܗܟܘܢ. ܢܡܘܣܐ ܠܥܠܡ ܠܕܪ̈ܝܟܘܢ ܒܟܠܗ ܒܝܬ ܡܥܡܪܟܘܢ.,20,"E não comereis pão, nem trigo torrado, nem espigas verdes, até aquele mesmo dia, em que trouxerdes a oferta do vosso Deus; é estatuto perpétuo pelas vossas gerações, em todas as vossas habitações.",33,True,True,True
23,15,Levítico 23:15,וּסְפַרְתֶּ֤ם לָכֶם֙ מִמָּחֳרַ֣ת הַשַּׁבָּ֔ת מִיּוֹם֙ הֲבִ֣יאֲכֶ֔ם אֶת־ עֹ֖מֶר הַתְּנוּפָ֑ה שֶׁ֥בַע שַׁבָּת֖וֹת תְּמִימֹ֥ת תִּהְיֶֽינָה ׃,וספרתמ לכמ ממחרת השבת מיומ הביאכמ את עמר התנופה שבע שבתות תמימת תהיינה,14,ותמנון לכון מבתר יומא טבא מיום איתואיכון ית עומרא דארמותא שבעא שבועין שלמין יהוין:,14,"Καὶ ἀριθμήσετε ὑμεῖς ἀπὸ τῆς ἐπαύριον τῶν σαββάτων, ἀπὸ τῆς ἡμέρας ἧς ἂν προσενέγκητε τὸ δράγμα τοῦ ἐπιθέματος, ἑπτὰ ἑβδομάδας ὁλοκλήρους·",21,ܘܡܢܘ ܠܟܘܢ ܡܢ ܒܬܪܗ ܕܝܘܡܐ. ܡܢ ܝܘܡܐ ܕܡܝܬܝܢ ܐܢܬܘܢ ܟܦܐ ܕܦܘܪܫܢܐ. ܫܒܥ ܫ̈ܒܘܥܢ ܫܠܡ̈ܠܡܢ ܢܗ̈ܘܝܢ .,16,"Contareis para vós, desde o dia depois do sábado, isto é, desde o dia em que houverdes trazido o molho da oferta de movimento, sete semanas inteiras;",27,True,True,True
23,16,Levítico 23:16,עַ֣ד מִֽמָּחֳרַ֤ת הַשַּׁבָּת֙ הַשְּׁבִיעִ֔ת תִּסְפְּר֖וּ חֲמִשִּׁ֣ים י֑וֹם וְהִקְרַבְתֶּ֛ם מִנְחָ֥ה חֲדָשָׁ֖ה לַיהוָֽה ׃,עד ממחרת השבת השביעת תספרו חמשימ יומ והקרבתמ מנחה חדשה ליהוה,12,עד מבתר שבועתא שביעתא תמנון חמשין יומין ותקרבון מנחתא חדתא קדם יי:,12,"ἕως τῆς ἐπαύριον τῆς ἐσχάτης ἑβδομάδος ἀριθμήσετε πεντήκοντα ἡμέρας, καὶ προσοίσετε θυσίαν νέαν τῷ κυρίῳ.",15,ܥܕܡܐ ܠܒܬܪ ܫܒܘܥܬܐ ܫܒܝܥܝܬܐ. ܡܢܘ ܚܡܫܝܢ ܝܘ̈ܡܝܢ. ܘܩܪܒܘ ܣܡܝܕܐ ܡܢ ܚܕܬܐ ܠܡܪܝܐ.,12,"até o dia seguinte ao sétimo sábado, contareis cinqüenta dias; então oferecereis nova oferta de cereais ao Senhor.",18,True,True,True
23,17,Levítico 23:17,מִמּוֹשְׁבֹ֨תֵיכֶ֜ם תָּבִ֣יאּוּ ׀ לֶ֣חֶם תְּנוּפָ֗ה שְׁ֚תַּיִם שְׁנֵ֣י עֶשְׂרֹנִ֔ים סֹ֣לֶת תִּהְיֶ֔ינָה חָמֵ֖ץ תֵּאָפֶ֑ינָה בִּכּוּרִ֖ים לַֽיהוָֽה ׃,ממושבתיכמ תביאו לחמ תנופה שתימ שני עשרנימ סלת תהיינה חמצ תאפינה בכורימ ליהוה,15,ממותבניכון תיתון לחם ארמותא תרתין תרין עשרונין סלתא יהוין חמיע יתאפין בכורין קדם יי:,14,"ἀπὸ τῆς κατοικίας ὑμῶν προσοίσετε ἄρτους ἐπίθεμα, δύο ἄρτους· ἐκ δύο δεκάτων σεμιδάλεως ἔσονται, ἐζυμωμένοι πεφθήσονται πρωτογενημάτων τῷ κυρίῳ.",19,ܡܢ ܒܝܬ ܡܥܡܪܟܘܢ ܐܝܬܘ ܠܚܡܐ ܕܦܘܪܫܢܐ. ܬܪ̈ܬܝܢ ܚܚܪ̈ܢ ܡܢ ܬܪ̈ܝܢ ܥܣܪ̈ܘܢܝܢ ܕܢܫܝܦܐ ܢܗܘܝܢ. ܘܚܡܝܥ ܢܬܐ̈ܦܝܢ. ܒܟܪ̈ܐ ܠܡܪܝܐ.,17,"Das vossas habitações trareis, para oferta de movimento, dois pães de dois décimos de efa; serão de flor de farinha, e levedados se cozerão; são primícias ao Senhor.",28,True,True,True
23,18,Levítico 23:18,וְהִקְרַבְתֶּ֣ם עַל־ הַלֶּ֗חֶם שִׁבְעַ֨ת כְּבָשִׂ֤ים תְּמִימִם֙ בְּנֵ֣י שָׁנָ֔ה וּפַ֧ר בֶּן־ בָּקָ֛ר אֶחָ֖ד וְאֵילִ֣ם שְׁנָ֑יִם יִהְי֤וּ עֹלָה֙ לַֽיהוָ֔ה וּמִנְחָתָם֙ וְנִסְכֵּיהֶ֔ם אִשֵּׁ֥ה רֵֽיחַ־ נִיחֹ֖חַ לַיהוָֽה ׃,והקרבתמ על הלחמ שבעת כבשימ תמיממ בני שנה ופר בנ בקר אחד ואילמ שנימ יהיו עלה ליהוה ומנחתמ ונסכיהמ אשה ריח ניחח ליהוה,24,ותקרבון על לחמא שבעא אמרין שלמין בני שנא ותור בר תורי חד ודכרין תרין יהון עלתא קדם יי ומנחתהון ונסכיהון קרבן דמתקבל ברעוא קדם יי:,25,"καὶ προσάξει μετὰ τῶν ἄρτων ἑπτὰ ἀμνοὺς ἀμώμους ἐνιαυσίους καὶ μόσχον ἕνα ἐκ βουκολίου καὶ κριοὺς δύο ἀμώμους· ἔσονται ὁλοκαύτωμα τῷ κυρίῳ, καὶ αἱ θυσίαι αὐτῶν καὶ αἱ σπονδαὶ αὐτῶν· θυσίαν ὀσμὴν εὐωδίας τῷ κυρίῳ.",35,ܘܩܪܒܘ ܥܠ ܠܚܡܐ. ܫܒܥܐ ܐܡܪ̈ܝܢ ܒܢ̈ܝ ܫܢܬܐ ܕܠܝܬ ܒܗܘܢ ܡܘܡܐ. ܘܬܘܪܐ ܚܕ ܒܪ ܒܩܪܐ. ܘܬܪ̈ܝܢ ܕܟܪ̈ܝܢ ܢܗܘܘܢ ܝܩܕܐ ܫܠܡܐ ܠܡܪܝܐ. ܘܣܡܝܕܗܘܢ ܘܢܘܩܝܗܘܢ. ܩܘܪܒܢܐ ܠܪܝܚ ܣܘܬܐ ܠܡܪܝܐ.,26,"Com os pães oferecereis sete cordeiros sem defeito, de um ano, um novilho e dois carneiros; serão holocausto ao Senhor, com as respectivas ofertas de cereais e de libação, por oferta queimada de cheiro suave ao Senhor.",37,True,True,True
23,19,Levítico 23:19,וַעֲשִׂיתֶ֛ם שְׂעִיר־ עִזִּ֥ים אֶחָ֖ד לְחַטָּ֑את וּשְׁנֵ֧י כְבָשִׂ֛ים בְּנֵ֥י שָׁנָ֖ה לְזֶ֥בַח שְׁלָמִֽים ׃,ועשיתמ שעיר עזימ אחד לחטאת ושני כבשימ בני שנה לזבח שלמימ,12,ותעבדון צפיר בר עזי חד לחטאתא ותרין אמרין בני שנא לנכסת קודשיא:,12,καὶ ποιήσουσιν χίμαρον ἐξ αἰγῶν ἕνα περὶ ἁμαρτίας καὶ δύο ἀμνοὺς ἐνιαυσίους εἰς θυσίαν σωτηρίου μετὰ τῶν ἄρτων τοῦ πρωτογενήματος·,20,ܘܥܒܕ ܨܦܪܝܐ ܚܕ ܕܥ̈ܙܐ ܚܠܦ ܚܛܗܐ. ܘܬܪ̈ܝܢ ܐܡܪ̈ܝܢ ܒ̈ܢܝ ܫܢܬܐ ܠܕܒܚܐ ܫܠܡܐ.,12,"Também oferecereis um bode para oferta pelo pecado, e dois cordeiros de um ano para sacrifício de ofertas pacíficas.",19,True,True,True
23,20,Levítico 23:20,וְהֵנִ֣יף הַכֹּהֵ֣ן ׀ אֹתָ֡ם עַל֩ לֶ֨חֶם הַבִּכּוּרִ֤ים תְּנוּפָה֙ לִפְנֵ֣י יְהוָ֔ה עַל־ שְׁנֵ֖י כְּבָשִׂ֑ים קֹ֛דֶשׁ יִהְי֥וּ לַיהוָ֖ה לַכֹּהֵֽן ׃,והניפ הכהנ אתמ על לחמ הבכורימ תנופה לפני יהוה על שני כבשימ קדש יהיו ליהוה לכהנ,18,וירים כהנא יתהון על לחם בכוריא ארמותא קדם יי על תרין אמרין קודשא יהון קדם יי לכהנא:,17,"καὶ ἐπιθήσει αὐτὰ ὁ ἱερεὺς μετὰ τῶν ἄρτων τοῦ πρωτογενήματος ἐπίθεμα ἔναντι Κυρίου μετὰ τῶν δύο ἀμνῶν· ἅγια ἔσονται τῷ κυρίῳ· τῷ ἱερεῖ τῷ προσφέροντι αὐτά, αὐτῷ ἔσται.",28,ܘܢܦܪܘܫ ܐܢܘܢ ܟܗܢܐ ܥܠ ܠܚܡܐ ܕܒܟܪ̈ܐ. ܦܘܪܫܢܐ ܩܕܡ ܡܪܝܐ. ܥܠ ܬܪ̈ܝܢ ܐܡܪ̈ܝܢ. ܩܘܕܫܐ ܢܗܘܘܢ ܩܕܡ ܡܪܝܐ ܠܟܗܢܐ.,17,"Então o sacerdote os moverá, juntamente com os pães das primícias, por oferta de movimento perante o Senhor, com os dois cordeiros; santos serão ao Senhor para uso do sacerdote.",30,True,True,True
23,21,Levítico 23:21,וּקְרָאתֶ֞ם בְּעֶ֣צֶם ׀ הַיּ֣וֹם הַזֶּ֗ה מִֽקְרָא־ קֹ֨דֶשׁ֙ יִהְיֶ֣ה לָכֶ֔ם כָּל־ מְלֶ֥אכֶת עֲבֹדָ֖ה לֹ֣א תַעֲשׂ֑וּ חֻקַּ֥ת עוֹלָ֛ם בְּכָל־ מוֹשְׁבֹ֥תֵיכֶ֖ם לְדֹרֹֽתֵיכֶֽם ׃,וקראתמ בעצמ היומ הזה מקרא קדש יהיה לכמ כל מלאכת עבדה לא תעשו חקת עולמ בכל מושבתיכמ לדרתיכמ,20,ותערעון בכרן יומא הדין מערע קדיש יהי לכון כל עבידת פלחן לא תעבדון קים עלם בכל מותבניכון לדריכון:,18,"καὶ καλέσετε ταύτην τὴν ἡμέραν κλητήν· ἁγία ἔσται ὑμῖν, πᾶν ἔργον λατρευτὸν οὐ ποιήσετε ἐν αὐτῇ· νόμιμον αἰώνιον εἰς τὰς γενεὰς ὑμῶν ἐν πάσῃ τῇ κατοικίᾳ ὑμῶν.",27,ܘܩܪܘ ܠܝܘܡܐ ܗܢܐ ܩܪܝܐ ܘܩܕܝܫܐ. ܘܟܠ ܥܒ̇ܕܐ ܕܦܘܠܚܢܐ ܠܐ ܬܥܒܕܘܢ. ܢܡܘܣܐ ܠܥܠܡ ܠܕܪ̈ܝܟܘܢ. ܒܟܠܗ ܒܝܬ ܡܥܡܪܟܘܢ.,16,"E fareis proclamação nesse mesmo dia, pois tereis santa convocação; nenhum trabalho servil fareis; é estatuto perpétuo em todas as vossas habitações pelas vossas gerações.",25,True,True,True
23,22,Levítico 23:22,וּֽבְקֻצְרְכֶ֞ם אֶת־ קְצִ֣יר אַרְצְכֶ֗ם לֹֽא־ תְכַלֶּ֞ה פְּאַ֤ת שָֽׂדְךָ֙ בְּקֻצְרֶ֔ךָ וְלֶ֥קֶט קְצִירְךָ֖ לֹ֣א תְלַקֵּ֑ט לֶֽעָנִ֤י וְלַגֵּר֙ תַּעֲזֹ֣ב אֹתָ֔ם אֲנִ֖י יְהוָ֥ה אֱלֹהֵיכֶֽם ׃ ס,ובקצרכמ את קציר ארצכמ לא תכלה פאת שדכ בקצרכ ולקט קצירכ לא תלקט לעני ולגר תעזב אתמ אני יהוה אלהיכמ ס,22,ובמחצדכון ית חצדא דארעכון לא תשיצי פאתא דחקלך במחצדך ולקטא דחצדך לא תלקט לעניי ולגיורי תשבוק יתהון אנא יי אלהכון:,20,"Καὶ ὅταν θερίζητε τὸν θερισμὸν τῆς γῆς ὑμῶν, οὐ συντελέσετε τὸ λοιπὸν τοῦ θερισμοῦ τοῦ ἀγροῦ σου ἐν τῷ θερίζειν σε, καὶ τὰ ἀποπίπτοντα τοῦ θερισμοῦ σου οὐ συλλέξεις· τῷ πτωχῷ καὶ τῷ προσηλύτῳ ὑπολείψῃ αὐτό· ἐγὼ Κύριος ὁ θεὸς ὑμῶν.",41,ܘܡܐ ܕܚܨܕܝܢ ܐܢܬܘܢ ܚܨܕܐ ܕܐܪܥܟܘܢ. ܠܐ ܬܓܡܪܘܢ ܣܦܪ̈ܐ ܕܚܩ̈ܠܬܟܘܢ ܒܚܨܕܟܘܢ. ܘܠܩܛܐ ܕܚܨܕܟܘܢ ܠܐ ܬܠܩܛܘܢ. ܐܠܐ ܠܡܣ̈ܟܢܐ ܘܠܐܝܠܝܢ ܕܡܬܦܢܝܢ ܠܘܬܝ ܫܒܘܩܘ ܐܢܘܢ. ܐܢܐ ܐܢܐ ܡܪܝܐ ܐܠܗܟܘܢ.,25,"Quando fizeres a sega da tua terra, não segarás totalmente os cantos do teu campo, nem colherás as espigas caídas da tua sega; para o pobre e para o estrangeiro as deixarás. Eu sou o Senhor vosso Deus.",38,True,True,True
23,23,Levítico 23:23,וַיְדַבֵּ֥ר יְהוָ֖ה אֶל־ מֹשֶׁ֥ה לֵּאמֹֽר ׃,וידבר יהוה אל משה לאמר,6,ומליל יי עם משה למימר:,5,Καὶ ἐλάλησεν Κύριος πρὸς Μωυσῆν λέγων,6,ܘܡܠܠ ܡܪܝܐ ܥܡ ܡܘܫܐ ܘܐܡܪ ܠܗ.,6,Disse mais o Senhor a Moisés:,6,True,True,True
23,24,Levítico 23:24,דַּבֵּ֛ר אֶל־ בְּנֵ֥י יִשְׂרָאֵ֖ל לֵאמֹ֑ר בַּחֹ֨דֶשׁ הַשְּׁבִיעִ֜י בְּאֶחָ֣ד לַחֹ֗דֶשׁ יִהְיֶ֤ה לָכֶם֙ שַׁבָּת֔וֹן זִכְר֥וֹן תְּרוּעָ֖ה מִקְרָא־ קֹֽדֶשׁ ׃,דבר אל בני ישראל לאמר בחדש השביעי באחד לחדש יהיה לכמ שבתונ זכרונ תרועה מקרא קדש,17,מליל עם בני ישראל למימר בירחא שביעאה בחד לירחא יהי לכון ניחא דוכרן יבבא מערע קדיש:,16,"Λάλησον τοῖς υἱοῖς Ἰσραὴλ λέγων Τοῦ μηνὸς τοῦ ἑβδόμου μιᾷ τοῦ μηνὸς ἔσται ὑμῖν ἀνάπαυσις, μνημόσυνον σαλπίγγων, κλητὴ ἁγία ἔσται ὑμῖν·",21,ܡܠܠ ܥܡ ܒܢ̈ܝ ܐܝܣܪܝܠ ܘܐܡܪ ܠܗܘܢ. ܒܚܕ ܒܝܪܚܐ ܒܝܪܚܐ ܫܒܝܥܝܐ. ܢܗܘܐ ܠܟܘܢ ܢܝܚܐ ܘܕܘܟܪܢܐ ܕܩܪܝܬܐ. ܩܪܝܐ ܘܩܕܝܫܐ ܢܗܘܐ ܠܟܘܢ.,19,"Fala aos filhos de Israel: No sétimo mês, no primeiro dia do mês, haverá para vós descanso solene, em memorial, com sonido de trombetas, uma santa convocação.",27,True,True,True
23,25,Levítico 23:25,כָּל־ מְלֶ֥אכֶת עֲבֹדָ֖ה לֹ֣א תַעֲשׂ֑וּ וְהִקְרַבְתֶּ֥ם אִשֶּׁ֖ה לַיהוָֽה ׃ ס,כל מלאכת עבדה לא תעשו והקרבתמ אשה ליהוה ס,10,כל עבידת פלחנא לא תעבדון ותקרבון קרבנא קדם יי:,9,"πᾶν ἔργον λατρευτὸν οὐ ποιήσετε, καὶ προσάξετε ὁλοκαύτωμα Κυρίῳ.",9,ܘܟܘܠ ܥܒ̇ܕ ܕܦܘܠܚܢܐ ܠܐ ܬܥܒܕܘܢ. ܘܩܪܒܘ ܩܘܪܒܢܐ ܠܡܪܝܐ.,8,"Nenhum trabalho servil fareis, e oferecereis oferta queimada ao Senhor.",10,True,True,True
23,26,Levítico 23:26,וַיְדַבֵּ֥ר יְהוָ֖ה אֶל־ מֹשֶׁ֥ה לֵּאמֹֽר ׃,וידבר יהוה אל משה לאמר,6,ומליל יי עם משה למימר:,5,Καὶ ἐλάλησεν Κύριος πρὸς Μωυσῆν λέγων,6,ܘܡܠܠ ܡܪܝܐ ܥܡ ܡܘܫܐ ܘܐܡܪ ܠܗ. ܡܠܠ ܥܡ ܒܢ̈ܝ ܐܝܣܪܝܠ ܘܐܡܪ ܠܗܘܢ.,12,Disse mais o Senhor a Moisés:,6,True,True,True
23,27,Levítico 23:27,אַ֡ךְ בֶּעָשׂ֣וֹר לַחֹדֶשׁ֩ הַשְּׁבִיעִ֨י הַזֶּ֜ה י֧וֹם הַכִּפֻּרִ֣ים ה֗וּא מִֽקְרָא־ קֹ֨דֶשׁ֙ יִהְיֶ֣ה לָכֶ֔ם וְעִנִּיתֶ֖ם אֶת־ נַפְשֹׁתֵיכֶ֑ם וְהִקְרַבְתֶּ֥ם אִשֶּׁ֖ה לַיהוָֽה ׃,אכ בעשור לחדש השביעי הזה יומ הכפרימ הוא מקרא קדש יהיה לכמ ועניתמ את נפשתיכמ והקרבתמ אשה ליהוה,19,ברם בעשרא לירחא שביעאה הדין יומא דכפוריא הוא מערע קדיש יהי לכון ותענון ית נפשתיכון ותקרבון קרבנא קדם יי:,19,"Καὶ τῇ δεκάτῃ τοῦ μηνὸς τοῦ ἑβδόμου τούτου ἡμέρα ἐξιλασμοῦ, κλητὴ ἁγία ἔσται ὑμῖν· καὶ ταπεινώσετε τὰς ψυχὰς ὑμῶν, καὶ προσάξετε ὁλοκαύτωμα τῷ κυρίῳ.",24,ܒܥܣܪܬܐ ܒܝܪܚܐ ܗܢܐ ܕܫܒܥܐ. ܝܘܡܐ ܗܘ ܕܚܘܣܝܐ. ܩܪܝܐ ܘܩܕܝܫܐ ܢܗܘܐ ܠܟܘܢ. ܘܡܟܟܘ ܢܦܫ̈ܬܟܘܢ. ܘܩܪܒܘ ܩܘܪܒܢܐ ܠܡܪܝܐ.,16,"Ora, o décimo dia desse sétimo mês será o dia da expiação; tereis santa convocação, e afligireis as vossas almas; e oferecereis oferta queimada ao Senhor.",26,True,True,True
23,28,Levítico 23:28,וְכָל־ מְלָאכָה֙ לֹ֣א תַעֲשׂ֔וּ בְּעֶ֖צֶם הַיּ֣וֹם הַזֶּ֑ה כִּ֣י י֤וֹם כִּפֻּרִים֙ ה֔וּא לְכַפֵּ֣ר עֲלֵיכֶ֔ם לִפְנֵ֖י יְהוָ֥ה אֱלֹהֵיכֶֽם ׃,וכל מלאכה לא תעשו בעצמ היומ הזה כי יומ כפרימ הוא לכפר עליכמ לפני יהוה אלהיכמ,17,וכל עבידא לא תעבדון בכרן יומא הדין ארי יומא דכפוריא הוא לכפרא עליכון קדם יי אלהכון:,16,"πᾶν ἔργον οὐ ποιήσετε ἐν αὐτῇ τῇ ἡμέρᾳ ταύτῃ· ἔστιν γὰρ ἡμέρα ἐξιλασμοῦ αὕτη ὑμῖν, ἐξιλάσασθαι περὶ ὑμῶν ἔναντι Κυρίου τοῦ θεοῦ ὑμῶν.",23,ܘܟܠ ܥܒ̇ܕ ܠܐ ܬܥܒܕܘܢ ܒܗ ܒܝܘܡܐ ܗܢܐ. ܡܛܠ ܕܝܘܡܐ ܗܘ ܕܚܘܣܝܐ ܠܡܚܣܝܘ ܥܠܝܟܘܢ ܩܕܡ ܡܪܝܐ ܐܠܗܟܘܢ.,16,"Nesse dia não fareis trabalho algum; porque é o dia da expiação, para nele fazer-se expiação por vós perante o Senhor vosso Deus.",23,True,True,True
23,29,Levítico 23:29,כִּ֤י כָל־ הַנֶּ֨פֶשׁ֙ אֲשֶׁ֣ר לֹֽא־ תְעֻנֶּ֔ה בְּעֶ֖צֶם הַיּ֣וֹם הַזֶּ֑ה וְנִכְרְתָ֖ה מֵֽעַמֶּֽיהָ ׃,כי כל הנפש אשר לא תענה בעצמ היומ הזה ונכרתה מעמיה,12,ארי כל אנשא די לא מתעני בכרן יומא הדין וישתיצי מעמהא:,11,πᾶσα ψυχὴ ἥτις μὴ ταπεινωθήσεται ἐν αὐτῇ τῇ ἡμέρᾳ ταύτῃ ἐξολεθρευθήσεται ἐκ τοῦ λαοῦ αὐτῆς.,15,ܡܛܠ ܕܟܠ ܢܦܫܐ ܕܠܐ ܬܬܡܟܟ ܒܗ ܒܝܘܡܐ ܗܢܐ. ܬܐܒܕ ܡܢ ܥܡܗ̇.,11,"Pois toda alma que não se afligir nesse dia, será extirpada do seu povo.",14,True,True,True
23,30,Levítico 23:30,וְכָל־ הַנֶּ֗פֶשׁ אֲשֶׁ֤ר תַּעֲשֶׂה֙ כָּל־ מְלָאכָ֔ה בְּעֶ֖צֶם הַיּ֣וֹם הַזֶּ֑ה וְהַֽאֲבַדְתִּ֛י אֶת־ הַנֶּ֥פֶשׁ הַהִ֖וא מִקֶּ֥רֶב עַמָּֽהּ ׃,וכל הנפש אשר תעשה כל מלאכה בעצמ היומ הזה והאבדתי את הנפש ההוא מקרב עמה,16,וכל אנש די תעבד כל עבידא בכרן יומא הדין ואובד ית אנשא ההיא מגו עמה:,15,"καὶ πᾶσα ψυχὴ ἥτις ποιήσει ἔργον ἐν αὐτῇ τῇ ἡμέρᾳ ταύτῃ, ἀπολεῖται ἡ ψυχὴ ἐκείνη ἐκ τοῦ λαοῦ αὐτῆς.",19,ܘܟܠ ܢܦܫܐ ܕܬܥܒܕ ܟܠ ܥܒ̇ܕ ܒܗ ܒܝܘܡܐ ܗܢܐ. ܐܘܒܕܝܗ̇ ܠܢܦܫܐ ܗ̇ܝ ܡܢ ܓܘ ܥܡܗ̇.,14,"Também toda alma que nesse dia fizer algum trabalho, eu a destruirei do meio do seu povo.",17,True,True,True
23,31,Levítico 23:31,כָּל־ מְלָאכָ֖ה לֹ֣א תַעֲשׂ֑וּ חֻקַּ֤ת עוֹלָם֙ לְדֹרֹ֣תֵיכֶ֔ם בְּכֹ֖ל מֹֽשְׁבֹֽתֵיכֶֽם ׃,כל מלאכה לא תעשו חקת עולמ לדרתיכמ בכל משבתיכמ,10,כל עבידא לא תעבדון קים עלם לדריכון בכל מותבניכון:,9,πᾶν ἔργον οὐ ποιήσετε· νόμιμον αἰώνιον εἰς τὰς γενεὰς ὑμῶν ἐν πάσαις κατοικίαις ὑμῶν.,14,ܘܟܠ ܥܒ̇ܕ ܠܐ ܬܥܒܕܘܢ. ܢܡܘܣܐ ܠܥܠܡ ܠܕܪ̈ܝܟܘܢ. ܒܟܠܗ ܒܝܬ ܡܥܡܪܟܘܢ.,10,Não fareis nele trabalho algum; isso será estatuto perpétuo pelas vossas gerações em todas as vossas habitações.,17,True,True,True
23,32,Levítico 23:32,שַׁבַּ֨ת שַׁבָּת֥וֹן הוּא֙ לָכֶ֔ם וְעִנִּיתֶ֖ם אֶת־ נַפְשֹׁתֵיכֶ֑ם בְּתִשְׁעָ֤ה לַחֹ֨דֶשׁ֙ בָּעֶ֔רֶב מֵעֶ֣רֶב עַד־ עֶ֔רֶב תִּשְׁבְּת֖וּ שַׁבַּתְּכֶֽם ׃ פ,שבת שבתונ הוא לכמ ועניתמ את נפשתיכמ בתשעה לחדש בערב מערב עד ערב תשבתו שבתכמ פ,17,שבת שבתא הוא לכון ותענון ית נפשתיכון בתישעא לירחא ברמשא מרמשא עד רמשא תנוחון ניחכון:,15,"σάββατα σαββάτων ἔσται ὑμῖν, καὶ ταπεινώσετε τὰς ψυχὰς ὑμῶν· ἀπὸ ἐνάτης τοῦ μηνὸς ἀπὸ ἑσπέρας ἕως ἑσπέρας σαββατιεῖτε τὰ σάββατα ὑμῶν.",21,ܫܒܬ ܫ̈ܒܐ ܗܝ ܠܟܘܢ ܘܡܟܟܘ ܢܦܫ̈ܬܟܘܢ ܒܬܫܥܬܐ ܒܝܪܚܐ. ܒܪܡܫܐ ܒܝܬ ܪ̈ܡܫܐ . ܡܢ ܪܡܫܐ ܘܥܕܡܐ ܠܪܡܫܐ. ܐܫܒܬܘ ܫܒܝ̈ܟܘܢ.,18,"Sábado de descanso vos será, e afligireis as vossas almas; desde a tardinha do dia nono do mês até a outra tarde, guardareis o vosso sábado.",26,True,True,True
23,33,Levítico 23:33,וַיְדַבֵּ֥ר יְהוָ֖ה אֶל־ מֹשֶׁ֥ה לֵּאמֹֽר ׃,וידבר יהוה אל משה לאמר,6,ומליל יי עם משה למימר:,5,Καὶ ἐλάλησεν Κύριος πρὸς Μωυσῆν λέγων,6,ܘܡܠܠ ܡܪܝܐ ܥܡ ܡܘܫܐ ܘܐܡܪ ܠܗ.,6,Disse mais o Senhor a Moisés:,6,True,True,True
23,34,Levítico 23:34,דַּבֵּ֛ר אֶל־ בְּנֵ֥י יִשְׂרָאֵ֖ל לֵאמֹ֑ר בַּחֲמִשָּׁ֨ה עָשָׂ֜ר י֗וֹם לַחֹ֤דֶשׁ הַשְּׁבִיעִי֙ הַזֶּ֔ה חַ֧ג הַסֻּכּ֛וֹת שִׁבְעַ֥ת יָמִ֖ים לַיהֹוָֽה ׃,דבר אל בני ישראל לאמר בחמשה עשר יומ לחדש השביעי הזה חג הסכות שבעת ימימ ליהוה,17,מליל עם בני ישראל למימר בחמשא עשרא יומא לירחא שביעאה הדין חגא דמטליא שבעת יומין קדם יי:,17,Λάλησον τοῖς υἱοῖς Ἰσραὴλ λέγων Τῇ πεντεκαιδεκάτῃ τοῦ μηνὸς τοῦ ἑβδόμου τούτου ἑορτὴ σκηνῶν ἑπτὰ ἡμέρας τῷ κυρίῳ.,18,ܡܠܠ ܥܡ ܒܢ̈ܝ ܐܝܣܪܝܠ ܘܐܡܪ ܠܗܘܢ. ܒܚܡܫܥܣܪܐ ܒܝܪܚܐ ܗܢܐ ܕܫܒܥܐ. ܥܒܕܘ ܥܕܥܐܕܐ ܕܡ̈ܛܠܐ. ܫܒܥܐ ܝܘܡ̈ܝܢ ܩܕܡ ܡܪܝܐ.,17,"Fala aos filhos de Israel, dizendo: Desde o dia quinze desse sétimo mês haverá a festa dos tabernáculos ao Senhor por sete dias.",23,True,True,True
23,35,Levítico 23:35,בַּיּ֥וֹם הָרִאשׁ֖וֹן מִקְרָא־ קֹ֑דֶשׁ כָּל־ מְלֶ֥אכֶת עֲבֹדָ֖ה לֹ֥א תַעֲשֽׂוּ ׃,ביומ הראשונ מקרא קדש כל מלאכת עבדה לא תעשו,10,ביומא קדמאה מערע קדיש כל עבידת פלחן לא תעבדון:,9,"καὶ ἡ ἡμέρα ἡ πρώτη κλητὴ ἁγία, πᾶν ἔργον λατρευτὸν οὐ ποιήσετε.",12,ܝܘܡܐ ܩܕܡܝܐ ܩܪܝܐ ܘܩܕܝܫܐ ܢܗܘܐ ܠܟܘܢ. ܘܟܠ ܥܒ̇ܕ ܕܦܘܠܚܢܐ ܠܐ ܬܥܒܕܘܢ.,11,No primeiro dia haverá santa convocação; nenhum trabalho servil fareis.,10,True,True,True
23,36,Levítico 23:36,שִׁבְעַ֣ת יָמִ֔ים תַּקְרִ֥יבוּ אִשֶּׁ֖ה לַיהוָ֑ה בַּיּ֣וֹם הַשְּׁמִינִ֡י מִקְרָא־ קֹדֶשׁ֩ יִהְיֶ֨ה לָכֶ֜ם וְהִקְרַבְתֶּ֨ם אִשֶּׁ֤ה לַֽיהוָה֙ עֲצֶ֣רֶת הִ֔וא כָּל־ מְלֶ֥אכֶת עֲבֹדָ֖ה לֹ֥א תַעֲשֽׂוּ ׃,שבעת ימימ תקריבו אשה ליהוה ביומ השמיני מקרא קדש יהיה לכמ והקרבתמ אשה ליהוה עצרת הוא כל מלאכת עבדה לא תעשו,22,שבעא יומין תקרבון קרבנא קדם יי ביומא תמינאה מערע קדיש יהי לכון ותקרבון קרבנא קדם יי כנש תהון כל עבידת פלחן לא תעבדון:,23,"ἑπτὰ ἡμέρας προσάξετε ὁλοκαυτώματα τῷ κυρίῳ· καὶ ἡ ἡμέρα ἡ ὀγδόη ἁγία κλητὴ ἔσται ὑμῖν, καὶ προσάξετε ὁλοκαυτώματα Κυρίῳ· ἐξόδιόν ἐστιν, πᾶν ἔργον λατρευτὸν οὐ ποιήσετε.",26,ܫܒܥܐ ܝܘܡ̈ܝܢ. ܘܩܪܒܘ ܩܘܪܒܢܐ ܠܡܪܝܐ. ܘܝܘܡܐ ܕܬܡܢܝܐ. ܩܪܝܐ ܘܩܕܝܫܐ ܢܗܘܐ ܠܟܘܢ. ܘܩܪܒܘ ܩܘܪܒܢܐ ܠܡܪܝܐ. ܘܗܘܝܬܘܢ ܟ̇ܢܫܝܢ. ܘܟܠ ܥܒܕ ܕܦܘܠܚܢܐ ܠܐ ܬܥܒܕܘܢ.,21,"Por sete dias oferecereis ofertas queimadas ao Senhor; ao oitavo dia tereis santa convocação, e oferecereis oferta queimada ao Senhor; será uma assembléia solene; nenhum trabalho servil fareis.",28,True,True,True
23,37,Levítico 23:37,אֵ֚לֶּה מוֹעֲדֵ֣י יְהוָ֔ה אֲשֶׁר־ תִּקְרְא֥וּ אֹתָ֖ם מִקְרָאֵ֣י קֹ֑דֶשׁ לְהַקְרִ֨יב אִשֶּׁ֜ה לַיהוָ֗ה עֹלָ֧ה וּמִנְחָ֛ה זֶ֥בַח וּנְסָכִ֖ים דְּבַר־ י֥וֹם בְּיוֹמֽוֹ ׃,אלה מועדי יהוה אשר תקראו אתמ מקראי קדש להקריב אשה ליהוה עלה ומנחה זבח ונסכימ דבר יומ ביומו,19,אלין מועדיא דיי די תערעון יתהון מערעי קדיש לקרבא קרבנא קדם יי עלתא ומנחתא נכסת קודשין ונסוכין פתגם יום ביומיה:,20,"αὗται αἱ ἑορταὶ Κυρὶῳ ἃς καλέσετε κλητὰς ἁγίας, ὥστε προσενέγκαι καρπώματα τῷ κυρίῳ, ὁλοκαυτώματα καὶ θυσίας αὐτῶν καὶ σπονδὰς αὐτῶν τὸ καθ᾽ ἡμέραν εἰς ἡμέραν·",25,ܗܠܝܢ ܐܢܘܢ ܥܕܥܐ̈ܕܘܗܝ ܕܡܪܝܐ. ܕܬܩܪܘܢ ܐܢܘܢ ܩܪ̈ܝܐ ܘܩ̈ܕܝܫܐ. ܘܬܩܪܒܘܢ ܒܗܘܢ ܩܘܪܒܢܐ ܠܡܪܝܐ. ܝܩ̈ܕܐ ܫ̈ܠܡܐ ܘܣܡܝܕܐ. ܘܢܘܩ̈ܝܐ ܘܕܒܚ̈ܐ ܙܕܩܐ ܕܝܘܡܐ ܒܝܘܡܐ.,20,"Estas são as festas fixas do Senhor, que proclamareis como santas convocações, para oferecer-se ao Senhor oferta queimada, holocausto e oferta de cereais, sacrifícios e ofertas de libação, cada qual em seu dia próprio;",34,True,True,True
23,38,Levítico 23:38,מִלְּבַ֖ד שַׁבְּתֹ֣ת יְּהוָ֑ה וּמִלְּבַ֣ד מַתְּנֽוֹתֵיכֶ֗ם וּמִלְּבַ֤ד כָּל־ נִדְרֵיכֶם֙ וּמִלְּבַד֙ כָּל־ נִדְב֣וֹתֵיכֶ֔ם אֲשֶׁ֥ר תִּתְּנ֖וּ לַיהוָֽה ׃,מלבד שבתת יהוה ומלבד מתנותיכמ ומלבד כל נדריכמ ומלבד כל נדבותיכמ אשר תתנו ליהוה,15,בר שביא דיי ובר מתנתיכון ובר כל נדריכון ובר כל נדבתיכון די תתנון קדם יי:,15,πλὴν τῶν σαββάτων Κυρίου καὶ πλὴν τῶν δομάτων ὑμῶν καὶ πλὴν πασῶν τῶν εὐχῶν ὑμῶν καὶ πλὴν τῶν ἑκουσίων ὑμῶν ἃ ἂν δῶτε τῷ κυρίῳ.,25,ܣܛܪ ܡܢ ܫܒ̈ܘܗܝ ܕܡܪܝܐ. ܘܣܛܪ ܡܢ ܩܘܪ̈ܒܢܝܟܘܢ . ܘܣܛܪ ܡܢ ܡܘܗ̈ܒܬܟܘܢ. ܘܣܛܪ ܡܢ ܟܠܗܘܢ ܢܕܪ̈ܝܟܘܢ. ܘܣܛܪ ܡܢ ܟܠܗ ܦܘܪܫܢܟܘܢ ܕܝܗܒܝܢ ܐܢܬܘܢ ܠܡܪܝܐ.,22,"além dos sábados do Senhor, e além dos vossos dons, e além de todos os vossos votos, e além de todas as vossas ofertas voluntárias que derdes ao Senhor.",29,True,True,True
23,39,Levítico 23:39,אַ֡ךְ בַּחֲמִשָּׁה֩ עָשָׂ֨ר י֜וֹם לַחֹ֣דֶשׁ הַשְּׁבִיעִ֗י בְּאָסְפְּכֶם֙ אֶת־ תְּבוּאַ֣ת הָאָ֔רֶץ תָּחֹ֥גּוּ אֶת־ חַג־ יְהוָ֖ה שִׁבְעַ֣ת יָמִ֑ים בַּיּ֤וֹם הָֽרִאשׁוֹן֙ שַׁבָּת֔וֹן וּבַיּ֥וֹם הַשְּׁמִינִ֖י שַׁבָּתֽוֹן ׃,אכ בחמשה עשר יומ לחדש השביעי באספכמ את תבואת הארצ תחגו את חג יהוה שבעת ימימ ביומ הראשונ שבתונ וביומ השמיני שבתונ,23,ברם בחמשא עשר יומא לירחא שביעאה במכנשיכון ית עללת ארעא תחגון ית חגא קדם יי שבעא יומין ביומא קדמאה ניחא וביומא תמינאה ניחא:,23,"Καὶ ἐν τῇ πεντεκαιδεκάτῃ ἡμέρᾳ τοῦ μηνὸς τοῦ ἑβδόμου τούτου, ὅταν συντελέσητε τὰ γενήματα τῆς γῆς, ἑορτάσατε τῷ κυρίῳ ζ᾽ ἡμέρας· τῇ ἡμέρᾳ τῇ πρώτῃ ἀνάπαυσις, καὶ τῇ ἡμέρᾳ τῇ ὀγδόῃ ἀνάπαυσις.",32,ܒܪܡ ܕܝܢ ܒܚܡܫܥܣܪܐ ܒܝܪܚܐ ܕܫܒܥܐ. ܡܐ ܕܚܡ̇ܠܝܢ ܐܢܬܘܢ ܥܠܠܬܐ ܕܐܪܥܐ. ܥܒܕܘ ܥܕܥܐܕܐ ܠܡܪܝܐ. ܫܒܥܐ ܝܘܡ̈ܝܢ. ܒܝܘܡܐ ܩܕܡܝܐ ܒܛܠܢܐ. ܘܒܝܘܡܐ ܕܬܡܢܝܐ ܢܝܚܐ.,21,"Desde o dia quinze do sétimo mês, quando tiverdes colhido os frutos da terra, celebrareis a festa do Senhor por sete dias; no primeiro dia haverá descanso solene, e no oitavo dia haverá descanso solene.",35,True,True,True
23,40,Levítico 23:40,וּלְקַחְתֶּ֨ם לָכֶ֜ם בַּיּ֣וֹם הָרִאשׁ֗וֹן פְּרִ֨י עֵ֤ץ הָדָר֙ כַּפֹּ֣ת תְּמָרִ֔ים וַעֲנַ֥ף עֵץ־ עָבֹ֖ת וְעַרְבֵי־ נָ֑חַל וּשְׂמַחְתֶּ֗ם לִפְנֵ֛י יְהוָ֥ה אֱלֹהֵיכֶ֖ם שִׁבְעַ֥ת יָמִֽים ׃,ולקחתמ לכמ ביומ הראשונ פרי עצ הדר כפת תמרימ וענפ עצ עבת וערבי נחל ושמחתמ לפני יהוה אלהיכמ שבעת ימימ,21,ותסבון לכון ביומא קדמאה פרי אילנא אתרוגין וללבין והדסין וערבין דנחל ותחדון קדם יי אלהכון שבעת יומין:,17,"καὶ λήμψεσθε τῇ πρώτῃ καρπὸν ξύλου ὡραῖον καὶ κάλλυνθρα φοινίκων καὶ κλάδους ξύλου δασεῖς καὶ ἰτέας καὶ ἄγνου κλάδους ἐκ χειμάρρου, εὐφρανθῆναι ἔναντι Κυρίου τοῦ θεοῦ ὑμῶν ἑπτὰ ἡμέρας τοῦ ἐνιαυτοῦ·",31,ܣܒܘ ܠܟܘܢ ܒܝܘܡܐ ܩܕܡܝܐ. ܦܐܪ̈ܝ ܐܝ̈ܠܢܐ ܫܦܝܪ̈ܐ. ܐܛܪ̈ܘܓܐ ܘܠܒ̈ܘܬܐ ܕܕܩ̈ܠܐ. ܘܐܣܐ ܘܥܪ̈ܒܐ. ܘܚܕܘ ܩܕܡ ܡܪܝܐ ܐܠܗܟܘܢ ܫܒܥܐ ܝܘܡ̈ܝܢ. ܟܠܗܘܢ ܕܒܝܬ ܐܝܣܪܐܝܠ.,21,"No primeiro dia tomareis para vós o fruto de árvores formosas, folhas de palmeiras, ramos de árvores frondosas e salgueiros de ribeiras; e vos alegrareis perante o Senhor vosso Deus por sete dias.",33,True,True,True
23,41,Levítico 23:41,וְחַגֹּתֶ֤ם אֹתוֹ֙ חַ֣ג לַֽיהוָ֔ה שִׁבְעַ֥ת יָמִ֖ים בַּשָּׁנָ֑ה חֻקַּ֤ת עוֹלָם֙ לְדֹרֹ֣תֵיכֶ֔ם בַּחֹ֥דֶשׁ הַשְּׁבִיעִ֖י תָּחֹ֥גּוּ אֹתֽוֹ ׃,וחגתמ אתו חג ליהוה שבעת ימימ בשנה חקת עולמ לדרתיכמ בחדש השביעי תחגו אתו,15,ותחגון יתיה חגא קדם יי שבעת יומין בשתא קים עלם לדריכון בירחא שביעאה תחגון יתיה:,15,νόμιμον αἰώνιον εἰς τὰς γενεὰς ὑμῶν. ἐν τῷ μηνὶ τῷ ἑβδόμῳ ἑορτάσετε αὐτήν·,13,ܘܥܘܒܕܘܗܝ ܥܕܥܐܕܐ ܗܢܐ ܠܡܪܝܐ ܫܒܥܐ ܝܘܡ̈ܝܢ ܒܫܢܬܐ. ܢܡܘܣܐ ܠܥܠܡ ܠܕܪ̈ܝܟܘܢ. ܒܝܪܚܐ ܕܫܒܥܐ ܥܘܒܕܘܗܝ.,13,E celebrá-la-eis como festa ao Senhor por sete dias cada ano; estatuto perpétuo será pelas vossas gerações; no mês sétimo a celebrareis.,22,True,True,True
23,42,Levítico 23:42,בַּסֻּכֹּ֥ת תֵּשְׁב֖וּ שִׁבְעַ֣ת יָמִ֑ים כָּל־ הָֽאֶזְרָח֙ בְּיִשְׂרָאֵ֔ל יֵשְׁב֖וּ בַּסֻּכֹּֽת ׃,בסכת תשבו שבעת ימימ כל האזרח בישראל ישבו בסכת,10,במטליא תיתבון שבעת יומין כל יציבא בישראל יתבון במטליא:,9,"ἐν σκηναῖς κατοικήσετε ἑπτὰ ἡμέρας, πᾶς ὁ αὐτόχθων ἐν Ἰσραὴλ κατοικήσει ἐν σκηναῖς·",13,ܒܡ̈ܛܠܐ ܬܒܘ ܫܒܥܐ ܝܘܡ̈ܝܢ. ܟܠܗܘܢ ܕܒܝܬ ܐܝܣܪܝܠ ܢܬܒܘܢ ܒܡ̈ܛܠܐ.,9,"Por sete dias habitareis em tendas de ramos; todos os naturais em Israel habitarão em tendas de ramos,",18,True,True,True
23,43,Levítico 23:43,לְמַעַן֮ יֵדְע֣וּ דֹרֹֽתֵיכֶם֒ כִּ֣י בַסֻּכּ֗וֹת הוֹשַׁ֨בְתִּי֙ אֶת־ בְּנֵ֣י יִשְׂרָאֵ֔ל בְּהוֹצִיאִ֥י אוֹתָ֖ם מֵאֶ֣רֶץ מִצְרָ֑יִם אֲנִ֖י יְהוָ֥ה אֱלֹהֵיכֶֽם ׃,למענ ידעו דרתיכמ כי בסכות הושבתי את בני ישראל בהוציאי אותמ מארצ מצרימ אני יהוה אלהיכמ,17,בדיל דידעון דריכון ארי במטליות ענני אותבית ית בני ישראל באפקותי יתהון מארעא דמצרים אנא יי אלהכון:,17,ὅπως ἴδωσιν αἱ γενεαὶ ὑμῶν ὅτι ἐν σκηναῖς κατοίκισα τοὺς υἱοὺς Ἰσραὴλ ἐν τῷ ἐξαγαγεῖν με αὐτοὺς ἐκ γῆς Αἰγύπτου. ἐγὼ Κύριος ὁ θεὸς ὑμῶν.,25,ܕܢܕܥܘܢ ܕܪ̈ܝܟܘܢ. ܕܒܡ̈ܛܠܐ ܐܘܬ̇ܒܬ ܠܒ̈ܢܝ ܐܝܣܪܐܝܠ ܟܕ ܐܦܩ̇ܬ ܐܢܘܢ ܡܢ ܐܪܥܐ ܕܡܨܪܝܢ. ܐܢܐ ܐܢܐ ܡܪܝܐ ܐܠܗܟܘܢ.,16,"para que as vossas gerações saibam que eu fiz habitar em tendas de ramos os filhos de Israel, quando os tirei da terra do Egito. Eu sou o Senhor vosso Deus.",31,True,True,True
23,44,Levítico 23:44,וַיְדַבֵּ֣ר מֹשֶׁ֔ה אֶת־ מֹעֲדֵ֖י יְהוָ֑ה אֶל־ בְּנֵ֖י יִשְׂרָאֵֽל ׃ פ,וידבר משה את מעדי יהוה אל בני ישראל פ,10,ומליל משה ית סדר מועדיא דיי ואלפנון לבני ישראל:,9,καὶ ἐλάλησεν Μωυσῆς τὰς ἑορτὰς Κυρίου τοῖς υἱοῖς Ἰσραήλ.,9,ܘܐܡܪ ܡܘܫܐ ܠܒܢ̈ܝ ܐܝܣܪܝܠ ܥܕܥܐ̈ܕܘܗܝ ܕܡܪܝܐ.,6,Assim declarou Moisés aos filhos de Israel as festas fixas do Senhor.,12,True,True,True
24,1,Levítico 24:1,וַיְדַבֵּ֥ר יְהוָ֖ה אֶל־ מֹשֶׁ֥ה לֵּאמֹֽר ׃,וידבר יהוה אל משה לאמר,6,ומליל יי עם משה למימר:,5,Καὶ ἐλάλησεν Κύριος πρὸς Μωυσῆν λέγων,6,ܘܡܠܠ ܡܪܝܐ ܥܡ ܡܘܫܐ ܘܐܡܪ ܠܗ.,6,Disse mais o Senhor a Moisés:,6,True,True,True
24,2,Levítico 24:2,צַ֞ו אֶת־ בְּנֵ֣י יִשְׂרָאֵ֗ל וְיִקְח֨וּ אֵלֶ֜יךָ שֶׁ֣מֶן זַ֥יִת זָ֛ךְ כָּתִ֖ית לַמָּא֑וֹר לְהַעֲלֹ֥ת נֵ֖ר תָּמִֽיד ׃,צו את בני ישראל ויקחו אליכ שמנ זית זכ כתית למאור להעלת נר תמיד,15,פקד ית בני ישראל ויסבון לך משח זיתא דכיא כתישא לאנהרא לאדלקא בוציניא תדירא:,14,"Ἔντειλαι τοῖς υἱοῖς Ἰσραήλ, καὶ λαβέτωσάν μοι ἔλαιον ἐλάινον καθαρὸν κεκομμένον εἰς φῶς, καῦσαι λύχνον διὰ παντὸς",17,ܦܩܕ ܠܒܢ̈ܝ ܐܝܣܪܝܠ ܘܢܝܬܘܢ ܠܟ ܡܫܚܐ ܕܟܝܐ ܕܙܝܬܐ ܥܨܝܪܐ. ܠܡܢܗܪܘ ܫܪ̈ܓܐ ܐܡܝܢܐܝܬ.,12,"Ordena aos filhos de Israel que te tragam, para o candeeiro, azeite de oliveira, puro, batido, a fim de manter uma lâmpada acesa continuamente.",24,True,True,True
24,3,Levítico 24:3,מִחוּץ֩ לְפָרֹ֨כֶת הָעֵדֻ֜ת בְּאֹ֣הֶל מוֹעֵ֗ד יַעֲרֹךְ֩ אֹת֨וֹ אַהֲרֹ֜ן מֵעֶ֧רֶב עַד־ בֹּ֛קֶר לִפְנֵ֥י יְהוָ֖ה תָּמִ֑יד חֻקַּ֥ת עוֹלָ֖ם לְדֹרֹֽתֵיכֶֽם ׃,מחוצ לפרכת העדת באהל מועד יערכ אתו אהרנ מערב עד בקר לפני יהוה תמיד חקת עולמ לדרתיכמ,18,מברא לפרכתא דסהדותא במשכן זמנא יסדר יתיה אהרן מרמשא עד צפרא קדם יי תדירא קים עלם לדריכון:,17,ἔξωθεν τοῦ καταπετάσματος ἐν τῇ σκηνῇ τοῦ μαρτυρίου· καύσουσιν αὐτὸν Ἀαρὼν καὶ οἱ υἱοὶ αὐτοῦ ἀπὸ ἑσπέρας ἕως πρωὶ ἐνώπιον Κυρίου ἐνδελεχῶς· νόμιμον αἰώνιον εἰς τὰς γενεὰς ὑμῶν.,28,ܠܒܪ ܡܢ ܐ̈ܦܝ ܬܪܥܐ ܕܣܗܕܘܬܐ ܒܡܫܟܢܙܒܢܐ. ܘܢܗܘܐ ܣ̇ܕܪ ܠܗܘܢ ܐܗܪܘܢ ܡܢ ܪܡܫܐ ܘܥܕܡܐ ܠܨܦܪܐ. ܩܕܡ ܡܪܝܐ ܐܡܝܢܐܝܬ. ܢܡܘܣܐ ܠܥܠܡ ܠܕܪ̈ܝܟܘܢ.,20,"Arão a conservará em ordem perante o Senhor, continuamente, desde a tarde até a manhã, fora do véu do testemunho, na tenda da revelação; será estatuto perpétuo pelas vossas gerações.",30,True,True,True
24,4,Levítico 24:4,עַ֚ל הַמְּנֹרָ֣ה הַטְּהֹרָ֔ה יַעֲרֹ֖ךְ אֶת־ הַנֵּר֑וֹת לִפְנֵ֥י יְהוָ֖ה תָּמִֽיד ׃ פ,על המנרה הטהרה יערכ את הנרות לפני יהוה תמיד פ,11,על מנרתא דכיתא יסדר ית בוציניא קדם יי תדירא:,9,ἐπὶ τῆς λυχνίας τῆς καθαρᾶς καύσετε τοὺς λύχνους ἔναντι Κυρίου ἕως τὸ πρωί.,13,ܥܠ ܡܢܪܬܐ ܪܒܬܐ ܢܗܘܐ ܣ̇ܕܪ ܫܪ̈ܓܐ ܩܕܡ ܡܪܝܐ ܐܡܝܢܐܝܬ.,9,Sobre o candelabro de ouro puro conservará em ordem as lâmpadas perante o Senhor continuamente.,15,True,True,True
24,5,Levítico 24:5,וְלָקַחְתָּ֣ סֹ֔לֶת וְאָפִיתָ֣ אֹתָ֔הּ שְׁתֵּ֥ים עֶשְׂרֵ֖ה חַלּ֑וֹת שְׁנֵי֙ עֶשְׂרֹנִ֔ים יִהְיֶ֖ה הַֽחַלָּ֥ה הָאֶחָֽת ׃,ולקחת סלת ואפית אתה שתימ עשרה חלות שני עשרנימ יהיה החלה האחת,13,ותסב סלתא ותיפי יתה תרתא עשרי גריצן תרין עשרונין תהי גרצתא חדא:,12,"καὶ λήμψεσθε σεμίδαλιν καὶ ποιήσετε αὐτὴν δώδεκα ἄρτους, δύο δεκάτων ἔσται ὁ ἄρτος ὁ εἷς·",15,ܘܣܒ ܢܫܝܦܐ ܘܐܦܝ ܬܪ̈ܬܥܣܪܐ ܚܚܪ̈ܢ ܡܢ ܬܪ̈ܝܢ ܥܣܪ̈ܘܢܝܢ. ܚܚܘܪܬܐ ܚܕܐ.,10,"Também tomarás flor de farinha, e dela cozerás doze pães; cada pão será de dois décimos de efa.",18,True,True,True
24,6,Levítico 24:6,וְשַׂמְתָּ֥ אוֹתָ֛ם שְׁתַּ֥יִם מַֽעֲרָכ֖וֹת שֵׁ֣שׁ הַֽמַּעֲרָ֑כֶת עַ֛ל הַשֻּׁלְחָ֥ן הַטָּהֹ֖ר לִפְנֵ֥י יְהוָֽה ׃,ושמת אותמ שתימ מערכות שש המערכת על השלחנ הטהר לפני יהוה,12,ותשוי יתהון תרתין סדרין שית סדרא על פתורא דכיא קדם יי:,11,"καὶ ἐπιθήσετε αὐτοὺς δύο θέματα, ἓξ ἄρτους τὸ ἓν θέμα, ἐπὶ τὴν τράπεζαν τὴν καθαρὰν ἔναντι Κυρίου.",17,ܘܣܕܘܪ ܐ̈ܢܝܢ ܬܪ̈ܝܢ ܣܕܪ̈ܝܢ ܫܬ ܫܬ ܒܣܕܪܐ. ܥܠ ܦܬܘܪܐ ܕܟܝܐ ܩܕܡ ܡܪܝܐ.,12,"E pô-los-ás perante o Senhor, em duas fileiras, seis em cada fileira, sobre a mesa de ouro puro.",18,True,True,True
24,7,Levítico 24:7,וְנָתַתָּ֥ עַל־ הַֽמַּעֲרֶ֖כֶת לְבֹנָ֣ה זַכָּ֑ה וְהָיְתָ֤ה לַלֶּ֨חֶם֙ לְאַזְכָּרָ֔ה אִשֶּׁ֖ה לַֽיהוָֽה ׃,ונתת על המערכת לבנה זכה והיתה ללחמ לאזכרה אשה ליהוה,11,ותתן על סדרא לבנתא דכיתא ותהי ללחם לאדכרתא קרבנא קדם יי:,11,"καὶ ἐπιθήσετε ἐπὶ τὸ θέμα λίβανον καθαρὸν καὶ ἅλα, καὶ ἔσονται εἰς ἄρτους εἰς ἀνάμνησιν προκείμενα τῷ κυρίῳ.",18,ܘܣܝܡ ܥܠ ܣܕܪ̈ܐ ܠܒܘܢܬܐ ܕܟܝܬܐ ܩܕܡ ܡܪܝܐ. ܘܢܗܘܐ ܠܠܚܡܐ ܕܘܟܪܢܐ ܘܩܘܪܒܢܐ ܠܡܪܝܐ.,12,"Sobre cada fileira porás incenso puro, para que seja sobre os pães como memorial, isto é, como oferta queimada ao Senhor;",21,True,True,True
24,8,Levítico 24:8,בְּי֨וֹם הַשַּׁבָּ֜ת בְּי֣וֹם הַשַּׁבָּ֗ת יַֽעַרְכֶ֛נּוּ לִפְנֵ֥י יְהוָ֖ה תָּמִ֑יד מֵאֵ֥ת בְּנֵֽי־ יִשְׂרָאֵ֖ל בְּרִ֥ית עוֹלָֽם ׃,ביומ השבת ביומ השבת יערכנו לפני יהוה תמיד מאת בני ישראל ברית עולמ,14,ביומא דשבתא ביומא דשבתא יסדרניה קדם יי תדירא מן קדם בני ישראל קים עלם:,14,"τῇ ἡμέρᾳ τῶν σαββάτων προθήσεται ἔναντι Κυρίου διὰ παντός, ἐνώπιον τῶν υἱῶν Ἰσραήλ διαθήκην αἰώνιον.",15,ܒܝܘܡܐ ܕܫܬܐ ܢܗܘܐ ܣ̇ܕܪ ܠܗܘܢ ܐܗܪܘܢ ܩܕܡ ܡܪܝܐ ܐܡܝܢܐܝܬ . ܡܢ ܠܘܬ ܒܢ̈ܝ ܐܝܣܪܝܠ ܩܝܡܐ ܠܥܠܡ.,16,"em cada dia de sábado, isso se porá em ordem perante o Senhor continuamente; e, a favor dos filhos de Israel, um pacto perpétuo.",24,True,True,True
24,9,Levítico 24:9,וְהָֽיְתָה֙ לְאַהֲרֹ֣ן וּלְבָנָ֔יו וַאֲכָלֻ֖הוּ בְּמָק֣וֹם קָדֹ֑שׁ כִּ֡י קֹדֶשׁ֩ קָֽדָשִׁ֨ים ה֥וּא ל֛וֹ מֵאִשֵּׁ֥י יְהוָ֖ה חָק־ עוֹלָֽם ׃ ס,והיתה לאהרנ ולבניו ואכלהו במקומ קדש כי קדש קדשימ הוא לו מאשי יהוה חק עולמ ס,17,ותהי לאהרן ולבנוהי ויכלניה באתר קדיש ארי קדש קודשין הוא ליה מקרבניא דיי קים עלם:,15,"καὶ ἔσται Ἀαρὼν καὶ τοῖς υἱοῖς αὐτοῦ, καὶ φάγονται αὐτὰ ἐν τόπῳ ἁγίῳ· ἔστιν γὰρ ἅγια τῶν ἁγίων τοῦτο αὐτῶν ἀπὸ τῶν θυσιαζομένων τῷ κυρίῳ, νόμιμον αἰώνιον.",27,ܢܗܘܐ ܠܐܗܪܘܢ ܘܠܒܢ̈ܘܗܝ. ܘܢܐܟܠܘܢܗ ܒܐܬܪܐ ܩܕܝܫܐ. ܡܛܠ ܕܩܕܘܫ ܩܘܕܫ̈ܝܢ ܗܘ ܠܗ ܡܢ ܩܘܪ̈ܒܢܘܗܝ ܕܡܪܝܐ. ܢܡܘܣܐ ܠܥܠܡ.,16,"Pertencerão os pães a Arão e a seus filhos, que os comerão em lugar santo, por serem coisa santíssima para eles, das ofertas queimadas ao Senhor por estatuto perpétuo.",29,True,True,True
24,10,Levítico 24:10,וַיֵּצֵא֙ בֶּן־ אִשָּׁ֣ה יִשְׂרְאֵלִ֔ית וְהוּא֙ בֶּן־ אִ֣ישׁ מִצְרִ֔י בְּת֖וֹךְ בְּנֵ֣י יִשְׂרָאֵ֑ל וַיִּנָּצוּ֙ בַּֽמַּחֲנֶ֔ה בֶּ֚ן הַיִּשְׂרְאֵלִ֔ית וְאִ֖ישׁ הַיִּשְׂרְאֵלִֽי ׃,ויצא בנ אשה ישראלית והוא בנ איש מצרי בתוכ בני ישראל וינצו במחנה בנ הישראלית ואיש הישראלי,18,ונפק בר אתתא בת ישראל והוא בר גבר מצראה בגו בני ישראל ונצו במשריתא בר אתתא בת ישראל וגברא בר ישראל:,21,"Καὶ ἐξῆλθεν υἱὸς γυναικὸς Ἰσραηλείτιδος, καὶ οὗτος ἦν υἱὸς Αἰγυπτίου ἐν τοῖς υἱοῖς Ἰσραήλ. καὶ ἐμαχέσαντο ἐν τῇ παρεμβολῇ ὁ ἐκ τῆς Ἰσραηλείτιδος καὶ ὁ ἄνθρωπος ὁ Ἰσραηλείτης,",28,ܘܢܦܩ ܒܪ ܐܢܬܬܐ ܐܝܣܪܠܝܬܐ. ܘܗܘ ܒܪ ܓܒܪܐ ܗܘܐ ܡܨܪܝܐ. ܒܝܢܬ ܒܢ̈ܝ ܐܝܣܪܝܠ. ܘܢܨܘ ܒܡܫܪܝܬܐ ܒܪ ܐܝܣܪܠܝܬܐ ܘܓܒܪܐ ܐܝܣܪܠܝܐ.,18,"Naquele tempo apareceu no meio dos filhos de Israel o filho duma mulher israelita, o qual era filho dum egípcio; e o filho da israelita e um homem israelita pelejaram no arraial;",32,True,True,True
24,11,Levítico 24:11,וַ֠יִּקֹּב בֶּן־ הָֽאִשָּׁ֨ה הַיִּשְׂרְאֵלִ֤ית אֶת־ הַשֵּׁם֙ וַיְקַלֵּ֔ל וַיָּבִ֥יאוּ אֹת֖וֹ אֶל־ מֹשֶׁ֑ה וְשֵׁ֥ם אִמּ֛וֹ שְׁלֹמִ֥ית בַּת־ דִּבְרִ֖י לְמַטֵּה־ דָֽן ׃,ויקב בנ האשה הישראלית את השמ ויקלל ויביאו אתו אל משה ושמ אמו שלמית בת דברי למטה דנ,19,ופרש בר אתתא בת ישראל ית שמא וארגז ואיתיאו יתיה לות משה ושום אמיה שלמית בת דברי לשבטא דדן:,19,καὶ ἐπονομάσας ὁ υἱὸς τῆς γυναικὸς τῆς Ἰσραηλείτιδος τὸ ὄνομα κατηράσατο. καὶ ἤγαγον αὐτοὺς πρὸς Μωυσῆν· καὶ τὸ ὄνομα τῆς μητρὸς αὐτοῦ Σαλωμεὶθ θυγάτηρ Δαβρεὶ ἐκ τῆς φυλῆς Δάν.,29,ܘܦܪܫ ܒܪ ܐܢܬܬܐ ܐܝܣܪܠܝܬܐ ܫܡܐ ܘܨܚܝ. ܘܐܝܬܝܘܗܝ ܠܘܬ ܡܘܫܐ. ܘܫܡܐ ܕܐܡܗ ܫܠܘܡܝܬ ܒܪܬ ܕܒܪܝ ܡܢ ܫܒܛܐ ܕܕܢ.,17,"e o filho da mulher israelita blasfemou o Nome, e praguejou; pelo que o trouxeram a Moisés. Ora, o nome de sua mãe era Selomite, filha de Dibri, da tribo de Dã.",32,True,True,True
24,12,Levítico 24:12,וַיַּנִּיחֻ֖הוּ בַּמִּשְׁמָ֑ר לִפְרֹ֥שׁ לָהֶ֖ם עַל־ פִּ֥י יְהוָֽה ׃ פ,ויניחהו במשמר לפרש להמ על פי יהוה פ,9,ואסרוהי בבית מטרא עד דיתפרש להון על גזרת מימרא דיי:,10,"καὶ ἀπέθεντο αὐτὸν εἰς φυλακήν, διακρῖναι αὐτὸν διὰ προστάγματος Κυρίου.",10,ܘܚܒܫܘܗܝ ܒܝܬ ܢܛܘܪܬܐ. ܕܢܬܦܫܩ ܠܗܘܢ ܡܢ ܦܘܡܗ ܕܡܪܝܐ.,8,"Puseram-no, pois, em detenção, até que se lhes fizesse declaração pela boca do Senhor.",14,True,True,True
24,13,Levítico 24:13,וַיְדַבֵּ֥ר יְהוָ֖ה אֶל־ מֹשֶׁ֥ה לֵּאמֹֽר ׃,וידבר יהוה אל משה לאמר,6,ומליל יי עם משה למימר:,5,Καὶ ἐλάλησεν Κύριος πρὸς Μωυσῆν λέγων,6,ܘܡܠܠ ܡܪܝܐ ܥܡ ܡܘܫܐ ܘܐܡܪ ܠܗ.,6,Então disse o Senhor a Moisés:,6,True,True,True
24,14,Levítico 24:14,הוֹצֵ֣א אֶת־ הַֽמְקַלֵּ֗ל אֶל־ מִחוּץ֙ לַֽמַּחֲנֶ֔ה וְסָמְכ֧וּ כָֽל־ הַשֹּׁמְעִ֛ים אֶת־ יְדֵיהֶ֖ם עַל־ רֹאשׁ֑וֹ וְרָגְמ֥וּ אֹת֖וֹ כָּל־ הָעֵדָֽה ׃,הוצא את המקלל אל מחוצ למחנה וסמכו כל השמעימ את ידיהמ על ראשו ורגמו אתו כל העדה,18,אפק ית דארגז למברא למשריתא ויסמכון כל די שמעו ית ידיהון על רישיה וירגמון יתיה כל כנשתא:,17,"Ἐξάγαγε τὸν καταρασάμενον ἔξω τῆς παρεμβολῆς, καὶ ἐπιθήσουσιν πάντες οἱ ἀκούσαντες τὰς χεῖρας αὐτῶν ἐπὶ τὴν κεφαλὴν αὐτοῦ, καὶ λιθοβολήσουσιν αὐτὸν πᾶσα ἡ συναγωγή.",24,ܐܦܩܘܗܝ ܠܗ̇ܘ ܕܨܚܝ ܠܒܪ ܡܢ ܡܫܪܝܬܐ. ܘܟܠ ܕܫܡܥܘܗܝ ܢܣܝܡܘܢ ܐܝ̈ܕܝܗܘܢ ܥܠ ܪܫܗ. ܘܢܪܓܡܘܢܗ ܟܘܠܗ̇ ܟܢܘܫܬܐ.,15,"Tira para fora do arraial o que tem blasfemado; todos os que o ouviram porão as mãos sobre a cabeça dele, e toda a congregação o apedrejará.",27,True,True,True
24,15,Levítico 24:15,וְאֶל־ בְּנֵ֥י יִשְׂרָאֵ֖ל תְּדַבֵּ֣ר לֵאמֹ֑ר אִ֥ישׁ אִ֛ישׁ כִּֽי־ יְקַלֵּ֥ל אֱלֹהָ֖יו וְנָשָׂ֥א חֶטְאֽוֹ ׃,ואל בני ישראל תדבר לאמר איש איש כי יקלל אלהיו ונשא חטאו,13,ועם בני ישראל תמלל למימר גבר גבר די ירגז קדם אלהיה ויקבל חוביה:,13,"καὶ τοῖς υἱοῖς Ἰσραὴλ λάλησον καὶ ἐρεῖς πρὸς αὐτούς Ἄνθρωπος ὃς ἐὰν καταράσηται θεόν, ἁμαρτίαν λήμψεται,",16,ܘܥܡ ܒܢ̈ܝ ܐܝܣܪܝܠ ܡܠܠ ܘܐܡܪ ܠܗܘܢ. ܓܒܪ ܓܒܪ ܟܕ ܢܨܚܐ ܠܐܠܗܗ. ܢܩ̇ܒܠ ܚܛܗܗ.,13,"E dirás aos filhos de Israel: Todo homem que amaldiçoar o seu Deus, levará sobre si o seu pecado.",19,True,True,True
24,16,Levítico 24:16,וְנֹקֵ֤ב שֵׁם־ יְהוָה֙ מ֣וֹת יוּמָ֔ת רָג֥וֹם יִרְגְּמוּ־ ב֖וֹ כָּל־ הָעֵדָ֑ה כַּגֵּר֙ כָּֽאֶזְרָ֔ח בְּנָקְבוֹ־ שֵׁ֖ם יוּמָֽת ׃,ונקב שמ יהוה מות יומת רגומ ירגמו בו כל העדה כגר כאזרח בנקבו שמ יומת,16,ודי פרש שמא דיי אתקטלא יתקטל מרגם ירגמון ביה כל כנשתא כגיורא כיציבא בפרשותיה שמא יתקטל:,16,"ὀνομάζων δὲ τὸ ὄνομα Κυρίου θανάτῳ θανατούσθω· λίθοις λιθοβολείτω αὐτὸν πᾶσα συναγωγὴ Ἰσραήλ· ἐάν τε προσήλυτος ἐάν τε αὐτόχθων, ἐν τῷ ὀνομάσαι αὐτὸν τὸ ὄνομα Κυρίου τελευτάτω.",27,ܘܡ̇ܢ ܕܢܦܪܘܫ ܫܡܗ ܕܡܪܝܐ ܡܬܩܛܠܘ ܢܬܩܛܠ. ܘܡܪܓܡ ܢܪܓܡܘܢܗ ܟܠܗ̇ ܟܢܘܫܬܐ. ܐܝܢܐ ܕܡܬܦܢܐ ܠܘܬܝ. ܐܘ ܒܪ ܐܝܣܪܝܠ ܡܐ ܕܦܪܫ ܫܡܝ ܢܬܩܛܠ.,20,"E aquele que blasfemar o nome do Senhor, certamente será morto; toda a congregação certamente o apedrejará. Tanto o estrangeiro como o natural, que blasfemar o nome do Senhor, será morto.",31,True,True,True
24,17,Levítico 24:17,וְאִ֕ישׁ כִּ֥י יַכֶּ֖ה כָּל־ נֶ֣פֶשׁ אָדָ֑ם מ֖וֹת יוּמָֽת ׃,ואיש כי יכה כל נפש אדמ מות יומת,9,וגבר ארי יקטול כל נפשא דאנשא אתקטלא יתקטל:,8,"καὶ ἄνθρωπος ὃς ἂν πατάξῃ ψυχὴν ἀνθρώπου, καὶ ἀποθάνῃ, θανάτῳ θανατούσθω.",11,ܘܓܒܪܐ ܐܢ ܢܩܛܘܠ ܟܠ ܢܦܫܐ ܕܒܪܢܫܐ ܡܬܩܛܠܘ ܢܬܩܛܠ.,8,"Quem matar a alguém, certamente será morto;",7,True,True,True
24,18,Levítico 24:18,וּמַכֵּ֥ה נֶֽפֶשׁ־ בְּהֵמָ֖ה יְשַׁלְּמֶ֑נָּה נֶ֖פֶשׁ תַּ֥חַת נָֽפֶשׁ ׃,ומכה נפש בהמה ישלמנה נפש תחת נפש,8,ודיקטול נפש בעירא ישלמנה נפשא חלף נפשא:,7,"καὶ ὃς ἂν πατάξῃ κτῆνος, καὶ ἀποθάνῃ, ἀποτισάτω ψυχὴν ἀντὶ ψυχῆς.",11,ܘܕܢܩܛܘܠ ܢܦܫܐ ܕܒܥܝܪ̈ܐ. ܢܦܪܘܥ ܢܦܫܐ ܚܠܦ ܢܦܫܐ .,8,"e quem matar um animal, fará restituição por ele, vida por vida.",12,True,True,True
24,19,Levítico 24:19,וְאִ֕ישׁ כִּֽי־ יִתֵּ֥ן מ֖וּם בַּעֲמִית֑וֹ כַּאֲשֶׁ֣ר עָשָׂ֔ה כֵּ֖ן יֵעָ֥שֶׂה לּֽוֹ ׃,ואיש כי יתנ מומ בעמיתו כאשר עשה כנ יעשה לו,11,וגבר ארי יתן מומא בחבריה כמא די עבד כן יתעבד ליה:,11,"καὶ ἐάν τις δῷ μῶμον τῷ πλησίον, ὡς ἐποίησεν αὐτῷ, ὡσαύτως ἀντιποιηθήσεται αὐτῷ·",13,ܘܓܒܪܐ ܐܢ ܢܥܒܕ ܡܘܡܐ ܒܚܒܪܗ. ܐܝܟ ܕܥܒܕ ܡܘܡܐ ܒܚܒܪܗ. ܗܟܢܐ ܢܬܥܒܕ ܠܗ.,12,"Se alguém desfigurar o seu próximo, como ele fez, assim lhe será feito:",13,True,True,True
24,20,Levítico 24:20,שֶׁ֚בֶר תַּ֣חַת שֶׁ֔בֶר עַ֚יִן תַּ֣חַת עַ֔יִן שֵׁ֖ן תַּ֣חַת שֵׁ֑ן כַּאֲשֶׁ֨ר יִתֵּ֥ן מוּם֙ בָּֽאָדָ֔ם כֵּ֖ן יִנָּ֥תֶן בּֽוֹ ׃,שבר תחת שבר עינ תחת עינ שנ תחת שנ כאשר יתנ מומ באדמ כנ ינתנ בו,17,תברא חלף תברא עינא חלף עינא שנא חלף שנא כמא די יתן מומא באנשא כן יתיהב ביה:,17,"σύντριμμα ἀντὶ συντρίμματος, ὀφθαλμὸν ἀντὶ ὀφθαλμοῦ, ὀδόντα ἀντὶ ὀδόντος, καθότι ἂν δῷ μῶμον τῷ ἀνθρώπῳ, οὕτως δοθήσεται αὐτῷ.",18,ܬܒܪܐ ܚܠܦ ܬܒܪܐ. ܥܝܢܐ ܚܠܦ ܥܝܢܐ. ܫܢܐ ܚܠܦ ܫܢܐ. ܐܝܟ ܕܥܒܕ ܡܘܡܐ ܒܚܒܪܗ. ܗܟܢܐ ܢܬܥܒܕ ܠܗ.,16,"quebradura por quebradura, olho por olho, dente por dente; como ele tiver desfigurado algum homem, assim lhe será feito.",19,True,True,True
24,21,Levítico 24:21,וּמַכֵּ֥ה בְהֵמָ֖ה יְשַׁלְּמֶ֑נָּה וּמַכֵּ֥ה אָדָ֖ם יוּמָֽת ׃,ומכה בהמה ישלמנה ומכה אדמ יומת,7,ודיקטול בעירא ישלמנה ודיקטול אנשא יתקטל:,6,"ὃς ἂν πατάξῃ ἂνθρωπον, καὶ ἀποθάνῃ, θανάτῳ θανατούσθω·",8,ܘܕܢܩܛܘܠ ܒܥܝܪ̈ܐ ܢܦܪܥܝܗ̇. ܘܕܢܩܛܘܠ ܢܦܫܐ ܢܬܩܛܠ.,6,"Quem, pois, matar um animal, fará restituição por ele; mas quem matar um homem, será morto.",16,True,True,True
24,22,Levítico 24:22,מִשְׁפַּ֤ט אֶחָד֙ יִהְיֶ֣ה לָכֶ֔ם כַּגֵּ֥ר כָּאֶזְרָ֖ח יִהְיֶ֑ה כִּ֛י אֲנִ֥י יְהוָ֖ה אֱלֹהֵיכֶֽם ׃,משפט אחד יהיה לכמ כגר כאזרח יהיה כי אני יהוה אלהיכמ,12,דינא חדא יהי לכון כגיורא כיציבא יהי ארי אנא יי אלהכון:,11,"δικαίωσις μία ἔσται τῷ προσηλύτῳ καὶ τῷ ἐνχωρίῳ, ὅτι ἐγώ εἰμι Κύριος ὁ θεὸς ὑμῶν.",15,ܕܝܢܐ ܚܕ ܢܗܘܐ ܠܟܘܢ. ܘܠܐܝܢܐ ܕܡܬܦܢܐ ܠܘܬܝ. ܘܠܒܪ ܐܝܣܪܝܠ ܗܟܢܐ ܢܗܘܐ. ܐܢܐ ܐܢܐ ܡܪܝܐ ܐܠܗܟܘܢ.,15,"uma mesma lei tereis, tanto para o estrangeiro como para o natural; pois eu sou o Senhor vosso Deus.",19,True,True,True
24,23,Levítico 24:23,וַיְדַבֵּ֣ר מֹשֶׁה֮ אֶל־ בְּנֵ֣י יִשְׂרָאֵל֒ וַיּוֹצִ֣יאוּ אֶת־ הַֽמְקַלֵּ֗ל אֶל־ מִחוּץ֙ לַֽמַּחֲנֶ֔ה וַיִּרְגְּמ֥וּ אֹת֖וֹ אָ֑בֶן וּבְנֵֽי־ יִשְׂרָאֵ֣ל עָשׂ֔וּ כַּֽאֲשֶׁ֛ר צִוָּ֥ה יְהוָ֖ה אֶת־ מֹשֶֽׁה ׃ פ,וידבר משה אל בני ישראל ויוציאו את המקלל אל מחוצ למחנה וירגמו אתו אבנ ובני ישראל עשו כאשר צוה יהוה את משה פ,24,ומליל משה עם בני ישראל ואפיקו ית דארגז למברא למשריתא ורגמו יתיה אבנא ובני ישראל עבדו כמא די פקיד יי ית משה:,22,"καὶ ἐλάλησεν Μωσῆς τοῖς υἱοῖς Ἰσραήλ, καὶ ἐξήγαγον τὸν καταρασάμενον ἔξω τῆς παρεμβολῆς καὶ ἐλιθοβόλησαν αὐτὸν ἐν λίθοις· καὶ οἱ υἱοὶ Ἰσραὴλ ἐποίησαν καθὰ συνέταξεν Κύριος τῷ Μωυσῇ.",28,ܘܐܡܪ ܡܘܫܐ ܠܒܢ̈ܝ ܐܝܣܪܝܠ. ܘܐܦܩܘܗܝ ܠܗ̇ܘ ܕܨܚܝ ܠܒܪ ܡܢ ܡܫܪܝܬܐ. ܘܪܓܡܘܗܝ ܒܟܐ̈ܦܐ ܘܡܝܬ. ܘܥܒܕܘ ܒܢ̈ܝ ܐܝܣܪܝܠ ܐܝܟ ܕܦܩܕ ܡܪܝܐ ܠܡܘܫܐ.,20,"Então falou Moisés aos filhos de Israel. Depois eles levaram para fora do arraial aquele que tinha blasfemado e o apedrejaram. Fizeram, pois, os filhos de Israel como o Senhor ordenara a Moisés.",33,True,True,True
25,1,Levítico 25:1,וַיְדַבֵּ֤ר יְהוָה֙ אֶל־ מֹשֶׁ֔ה בְּהַ֥ר סִינַ֖י לֵאמֹֽר ׃,וידבר יהוה אל משה בהר סיני לאמר,8,ומליל יי עם משה בטורא דסיני למימר:,7,Καὶ ἐλάλησεν Κύριος πρὸς Μωυσῆν ἐν τῷ ὄρει Σεινὰ λέγων,10,ܘܡܠܠ ܡܪܝܐ ܥܡ ܡܘܫܐ ܒܛܘܪܐ ܕܣܝܢܝ ܘܐܡܪ ܠܗ.,8,Disse mais o Senhor a Moisés no monte Sinai:,9,True,True,True
25,2,Levítico 25:2,דַּבֵּ֞ר אֶל־ בְּנֵ֤י יִשְׂרָאֵל֙ וְאָמַרְתָּ֣ אֲלֵהֶ֔ם כִּ֤י תָבֹ֨אוּ֙ אֶל־ הָאָ֔רֶץ אֲשֶׁ֥ר אֲנִ֖י נֹתֵ֣ן לָכֶ֑ם וְשָׁבְתָ֣ה הָאָ֔רֶץ שַׁבָּ֖ת לַיהוָֽה ׃,דבר אל בני ישראל ואמרת אלהמ כי תבאו אל הארצ אשר אני נתנ לכמ ושבתה הארצ שבת ליהוה,19,מליל עם בני ישראל ותימר להון ארי תעלון לארעא די אנא יהב לכון ותשמט ארעא שמטתא קדם יי:,18,"Λάλησον τοῖς υἱοῖς Ἰσραὴλ καὶ ἐρεῖς πρὸς αὐτούς Ἐὰν εἰσέλθητε εἰς τὴν γῆν ἣν ἐγὼ δίδωμι ὑμῖν, καὶ ἀναπαύσεται ἡ γῆ ἣν ἐγὼ δίδωμι ὑμῖν σάββατα τῷ κυρίῳ.",28,ܡܠܠ ܥܡ ܒܢ̈ܝ ܐܝܣܪܝܠ ܘܐܡܪ ܠܗܘܢ. ܡܐ ܕܥܠܬܘܢ ܠܐܪܥܐ ܕܝ̇ܗܒ ܐܢܐ ܠܟܘܢ ܝܘܪܬܢܐ . ܬܫܒܬ ܐܪܥܐ ܫܒܬܐ ܠܡܪܝܐ.,18,"Fala aos filhos de Israel e dize-lhes: Quando tiverdes entrado na terra que eu vos dou, a terra guardará um sábado ao Senhor.",23,True,True,True
25,3,Levítico 25:3,שֵׁ֤שׁ שָׁנִים֙ תִּזְרַ֣ע שָׂדֶ֔ךָ וְשֵׁ֥שׁ שָׁנִ֖ים תִּזְמֹ֣ר כַּרְמֶ֑ךָ וְאָסַפְתָּ֖ אֶת־ תְּבוּאָתָֽהּ ׃,שש שנימ תזרע שדכ ושש שנימ תזמר כרמכ ואספת את תבואתה,12,שית שנין תזרע חקלך ושית שנין תכסח כרמך ותכנוש ית עללתה:,11,"ἓξ ἔτη σπερεῖς τὸν ἀγρόν σου, καὶ ἓξ ἔτη τεμεῖς τὴν ἄμπελόν σου καὶ συνάξεις τὸν καρπὸν αὐτῆς·",18,ܫܬ ܫ̈ܢܝܢ ܬܙܪܥܘܢ ܚܩ̈ܠܬܟܘܢ. ܘܫܬ ܫ̈ܢܝܢ ܬܟܣܚܘܢ ܟܪ̈ܡܝܟܘܢ. ܘܫܬ ܫ̈ܢܝܢ ܗܘܝܬܘܢ ܚܡ̇ܠܝܢ ܥ̈ܠܠܬܟܘܢ.,13,"Seis anos semearás a tua terra, e seis anos podarás a tua vinha, e colherás os seus frutos;",18,True,True,True
25,4,Levítico 25:4,וּבַשָּׁנָ֣ה הַשְּׁבִיעִ֗ת שַׁבַּ֤ת שַׁבָּתוֹן֙ יִהְיֶ֣ה לָאָ֔רֶץ שַׁבָּ֖ת לַיהוָ֑ה שָֽׂדְךָ֙ לֹ֣א תִזְרָ֔ע וְכַרְמְךָ֖ לֹ֥א תִזְמֹֽר ׃,ובשנה השביעת שבת שבתונ יהיה לארצ שבת ליהוה שדכ לא תזרע וכרמכ לא תזמר,15,ובשתא שביעתא ניח שמטתא יהי לארעא דתשמט קדם יי חקלך לא תזרע וכרמך לא תכסח:,15,"τῷ δὲ ἔτει τῷ ἑβδόμῳ σάββατα ἀνάπαυσις ἔσται τῇ γῇ, σάββατα τῷ κυρίῳ· τὸν ἀγρόν σου οὐ σπερεῖς καὶ τὴν ἄμπελόν σου οὐ τεμεῖς,",24,ܘܫܢܬܐ ܕܫܒܥ. ܫܒܬ ܫ̈ܒܐ ܬܗܘܐ ܠܐܪܥܐ. ܘܬܗܘܐ ܠܟܘܢ ܫܒܬܐ ܠܡܪܝܐ. ܚܩ̈ܠܬܟܘܢ ܠܐ ܬܙܪܥܘܢ. ܘܟܪ̈ܡܝܟܘܢ ܠܐ ܬܟܣܚܘܢ.,16,"mas no sétimo ano haverá sábado de descanso solene para a terra, um sábado ao Senhor; não semearás o teu campo, nem podarás a tua vinha.",26,True,True,True
25,5,Levítico 25:5,אֵ֣ת סְפִ֤יחַ קְצִֽירְךָ֙ לֹ֣א תִקְצ֔וֹר וְאֶת־ עִנְּבֵ֥י נְזִירֶ֖ךָ לֹ֣א תִבְצֹ֑ר שְׁנַ֥ת שַׁבָּת֖וֹן יִהְיֶ֥ה לָאָֽרֶץ ׃,את ספיח קצירכ לא תקצור ואת ענבי נזירכ לא תבצר שנת שבתונ יהיה לארצ,15,ית כתי דחצדך לא תחצד וית ענבי שבקך לא תקטוף שנת שמטתא יהי לארעא:,14,καὶ τὰ αὐτόματα ἀναβαίνοντα τοῦ ἀγροῦ σου οὐκ ἐκθερίσεις καὶ τὴν σταφυλὴν τοῦ ἁγιάσματός σου οὐκ ἐκτρυγήσεις· ἐνιαυτὸς ἀναπαύσεως ἔσται τῇ γῇ.,22,ܘܟܐܬܐ ܕܚܨܕܟܘܢ ܠܐ ܬܚܨܕܘܢ. ܘܥܢ̈ܒܐ ܕܫ̈ܒܫܬܝܟܘܢ ܠܐ ܬܩܛܦܘܢ. ܫܢܬܐ ܕܫܒܬܐ ܬܗܘܐ ܠܐܪܥܐ.,12,"O que nascer de si mesmo da tua sega não segarás, e as uvas da tua vide não tratada não vindimarás; ano de descanso solene será para a terra.",29,True,True,True
25,6,Levítico 25:6,וְ֠הָיְתָה שַׁבַּ֨ת הָאָ֤רֶץ לָכֶם֙ לְאָכְלָ֔ה לְךָ֖ וּלְעַבְדְּךָ֣ וְלַאֲמָתֶ֑ךָ וְלִשְׂכִֽירְךָ֙ וּלְתוֹשָׁ֣בְךָ֔ הַגָּרִ֖ים עִמָּֽךְ ׃,והיתה שבת הארצ לכמ לאכלה לכ ולעבדכ ולאמתכ ולשכירכ ולתושבכ הגרימ עמכ,13,ותהי שמטת ארעא לכון למיכל לך ולעבדך ולאמתך ולאגירך ולתותבך דדירין עמך:,12,καὶ ἔσται τὰ σάββατα τῆς γῆς βρώματά σοι καὶ τῷ παιδί σου καὶ τῇ παιδίσκῃ σου καὶ τῷ μισθωτῷ σου καὶ τῷ παροίκῳ τῷ προσκειμένῳ πρὸς σέ·,27,ܘܬܗܘܐ ܠܟܘܢ ܫܒܬܐ ܕܐܪܥܐ ܠܡܐܟܘܠܬܐ. ܠܟܘܢ ܘܠܥܒ̈ܕܝܟܘܢ ܘܠܐܡ̈ܗܬܟܘܢ. ܘܠܐܓܝܪ̈ܝܟܘܢ ܘܠܬܘܬ̈ܒܐ ܕܥܡ̇ܪܝܢ ܥܡܟܘܢ.,12,"Mas os frutos do sábado da terra vos serão por alimento, a ti, e ao teu servo, e à tua serva, e ao teu jornaleiro, e ao estrangeiro que peregrina contigo,",31,True,True,True
25,7,Levítico 25:7,וְלִ֨בְהֶמְתְּךָ֔ וְלַֽחַיָּ֖ה אֲשֶׁ֣ר בְּאַרְצֶ֑ךָ תִּהְיֶ֥ה כָל־ תְּבוּאָתָ֖הּ לֶאֱכֹֽל ׃ ס,ולבהמתכ ולחיה אשר בארצכ תהיה כל תבואתה לאכל ס,10,ולבעירך ולחיתא די בארעך תהי כל עללתה למיכל:,8,καὶ τοῖς κτήνεσίν σου καὶ τοῖς θηρίοις τοῖς ἐν τῇ γῇ σου ἔσται πᾶν τὸ γένημα αὐτοῦ εἰς βρῶσιν.,19,ܘܠܒܥܝܪ̈ܟܘܢ ܘܠܚܝܘܬܐ ܕܒܐܪܥܟܘܢ ܬܗܘܐ ܠܟܘܢ ܟܘܠܗ̇ ܥܠܠܬܐ ܠܡܐܟܘܠܬܐ.,8,"e ao teu gado, e aos animais que estão na tua terra; todo o seu produto será por mantimento.",19,True,True,True
25,8,Levítico 25:8,וְסָפַרְתָּ֣ לְךָ֗ שֶׁ֚בַע שַׁבְּתֹ֣ת שָׁנִ֔ים שֶׁ֥בַע שָׁנִ֖ים שֶׁ֣בַע פְּעָמִ֑ים וְהָי֣וּ לְךָ֗ יְמֵי֙ שֶׁ֚בַע שַׁבְּתֹ֣ת הַשָּׁנִ֔ים תֵּ֥שַׁע וְאַרְבָּעִ֖ים שָׁנָֽה ׃,וספרת לכ שבע שבתת שנימ שבע שנימ שבע פעמימ והיו לכ ימי שבע שבתת השנימ תשע וארבעימ שנה,19,ותמני לך שבע שמטין דשנין שבע שנין שבע זמנין ויהון לך יומי שבע שמטין דשנין ארבעין ותשע שנין:,18,"Καὶ ἐξαριθμήσεις σεαυτῷ ἑπτὰ ἀναπαύσεις ἐτῶν, ἑπτὰ ἔτη ἑπτάκις· καὶ ἔσονταί σοι ἑπτὰ ἑβδομάδες ἐτῶν ἐννέα καὶ τεσσεράκοντα ἔτη.",19,ܘܡܢܘ ܠܟܘܢ ܫܒܥ ܫ̈ܢܝܢ ܕܫ̈ܒܐ ܫܒܥ ܫ̈ܢܝܢ ܥܠ ܫܒܥ ܙܒ̈ܢܝܢ. ܘܢܗܘܘܢ ܠܟܘܢ ܝܘܡ̈ܬܐ ܕܫܒܥ ܫ̈ܒܐ ܕܫܢܝܐ. ܐܪ̈ܒܥܝܢ ܘܬܫܥ ܫ̈ܢܝܢ.,19,"Também contarás sete sábados de anos, sete vezes sete anos; de maneira que os dias dos sete sábados de anos serão quarenta e nove anos.",25,True,True,True
25,9,Levítico 25:9,וְהַֽעֲבַרְתָּ֞ שׁוֹפַ֤ר תְּרוּעָה֙ בַּחֹ֣דֶשׁ הַשְּׁבִעִ֔י בֶּעָשׂ֖וֹר לַחֹ֑דֶשׁ בְּיוֹם֙ הַכִּפֻּרִ֔ים תַּעֲבִ֥ירוּ שׁוֹפָ֖ר בְּכָל־ אַרְצְכֶֽם ׃,והעברת שופר תרועה בחדש השבעי בעשור לחדש ביומ הכפרימ תעבירו שופר בכל ארצכמ,14,ותעבר שופר יבבא בירחא שביעאה בעשרא לירחא ביומא דכפוריא תעברון שופרא בכל ארעכון:,13,"καὶ διαγγελεῖτε σάλπιγγος φωνῇ ἐν πάσῃ τῇ γῇ ὑμῶν, ἐν τῷ μηνὶ τῷ ἑβδόμῳ, τῇ δεκάτῃ τοῦ μηνός· τῇ ἡμέρᾳ τοῦ ἱλασμοῦ, διαγγελεῖτε σάλπιγγι ἐν πάσῃ τῇ γῇ ὑμῶν.",29,ܘܩܪܘ ܒܫܝܦܘܪܐ ܕܝܘܒܒܐ ܒܥܣܪܬܐ ܒܝܪܚܐ ܕܫܒܥܐ. ܒܝܘܡܐ ܕܚܘܣܝܐ. ܩܪܘ ܫܝܦܘܪܐ ܒܟܠܗ̇ ܐܪܥܟܘܢ.,12,"Então, no décimo dia do sétimo mês, farás soar fortemente a trombeta; no dia da expiação fareis soar a trombeta por toda a vossa terra.",25,True,True,True
25,10,Levítico 25:10,וְקִדַּשְׁתֶּ֗ם אֵ֣ת שְׁנַ֤ת הַחֲמִשִּׁים֙ שָׁנָ֔ה וּקְרָאתֶ֥ם דְּר֛וֹר בָּאָ֖רֶץ לְכָל־ יֹשְׁבֶ֑יהָ יוֹבֵ֥ל הִוא֙ תִּהְיֶ֣ה לָכֶ֔ם וְשַׁבְתֶּ֗ם אִ֚ישׁ אֶל־ אֲחֻזָּת֔וֹ וְאִ֥ישׁ אֶל־ מִשְׁפַּחְתּ֖וֹ תָּשֻֽׁבוּ ׃,וקדשתמ את שנת החמשימ שנה וקראתמ דרור בארצ לכל ישביה יובל הוא תהיה לכמ ושבתמ איש אל אחזתו ואיש אל משפחתו תשבו,23,ותקדשון ית שנת חמשין שנין ותקרון חרותא בארעא לכל יתבהא יובלא היא תהי לכון ותתובון גבר לאחסנתיה וגבר לזרעיתיה תתובון:,20,"καὶ ἁγιάσατε τὸ ἔτος τὸ πεντηκοστὸν ἐνιαυτόν, καὶ διαβοήσετε ἄφεσιν ἐπὶ τῆς γῆς πᾶσιν τοῖς κατοικοῦσιν αὐτήν· ἐνιαυτὸς ἀφέσεως σημασία αὕτη ἔσται ὑμῖν, καὶ ἀπελεύσεται εἷς ἕκαστος εἰς τὴν κτῆσιν αὐτοῦ, καὶ ἕκαστος εἰς τὴν πατρίδα αὐτοῦ ἀπελεύσεσθε.",38,ܘܩܕܫܘܗ̇ ܠܫܢܬ ܚܡܫܝܢ ܫ̈ܢܝܢ. ܘܩܪܘ ܚܐܪܘܬܐ ܒܐܪܥܐ ܠܟܠܗܘܢ ܥܡܘܪ̈ܝܗ̇. ܘܦܘܢܝܐ ܢܗܘܐ ܠܟܘܢ. ܘܗܦܘܟܘ ܐܢܫ ܠܝܪܬܘܬܗ ܘܐܢܫ ܠܫܪܒܬܗ.,17,"E santificareis o ano qüinquagésimo, e apregoareis liberdade na terra a todos os seus habitantes; ano de jubileu será para vós; pois tornareis, cada um à sua possessão, e cada um à sua família.",34,True,True,True
25,11,Levítico 25:11,יוֹבֵ֣ל הִ֗וא שְׁנַ֛ת הַחֲמִשִּׁ֥ים שָׁנָ֖ה תִּהְיֶ֣ה לָכֶ֑ם לֹ֣א תִזְרָ֔עוּ וְלֹ֤א תִקְצְרוּ֙ אֶת־ סְפִיחֶ֔יהָ וְלֹ֥א תִבְצְר֖וּ אֶת־ נְזִרֶֽיהָ ׃,יובל הוא שנת החמשימ שנה תהיה לכמ לא תזרעו ולא תקצרו את ספיחיה ולא תבצרו את נזריה,18,יובלא היא שנת חמשין שנין תהי לכון לא תזרעון ולא תחצדון ית כתהא ולא תקטפון ית שבקהא:,17,"ἀφέσεως σημασία αὕτη, τὸ ἔτος τὸ πεντηκοστὸν ἐνιαυτὸς ἔσται ὑμῖν· οὐ σπερεῖτε, οὐδὲ ἀμήσετε τὰ αὐτόματα ἀναβαίνοντα αὐτῆς, καὶ οὐ τρυγήσετε τὰ ἡγιασμένα αὐτῆς·",24,ܘܦܘܢܝܐ ܒܫܢܬ ܚܡܫܝܢ ܫ̈ܢܝܢ ܢܗܘܐ ܠܟܘܢ. ܠܐ ܬܙܪܥܘܢ ܐܪܥܟܘܢ. ܘܠܐ ܬܚܨܕܘܢ ܟܐܬܗ̇. ܘܠܐ ܬܩܛܦܘܢ ܫܒܫ̈ܬܝܗ̇.,15,"Esse ano qüinquagésimo será para vós jubileu; não semeareis, nem segareis o que nele nascer de si mesmo, nem nele vindimareis as uvas das vides não tratadas.",27,True,True,True
25,12,Levítico 25:12,כִּ֚י יוֹבֵ֣ל הִ֔וא קֹ֖דֶשׁ תִּהְיֶ֣ה לָכֶ֑ם מִן־ הַ֨שָּׂדֶ֔ה תֹּאכְל֖וּ אֶת־ תְּבוּאָתָֽהּ ׃,כי יובל הוא קדש תהיה לכמ מנ השדה תאכלו את תבואתה,12,ארי יובלא היא קודשא תהי לכון מן חקלא תיכלון ית עללתה:,11,"ὅτι ἀφέσεως σημασία ἐστίν, ἅγιον ἔσται ὑμῖν· ἀπὸ τῶν πεδίων φάγεσθε τὰ γενήματα αὐτῆς.",14,ܡܛܠ ܕܦܘܢܝܐ ܗܘ ܘܩܘܕܫܐ ܢܗܘܐ ܠܟܘܢ. ܘܡܢ ܚܩܠܐ ܐܟܘܠܘ ܥܠܠܬܐ.,10,Porque é jubileu; santo será para vós; diretamente do campo comereis o seu produto.,14,True,True,True
25,13,Levítico 25:13,בִּשְׁנַ֥ת הַיּוֹבֵ֖ל הַזֹּ֑את תָּשֻׁ֕בוּ אִ֖ישׁ אֶל־ אֲחֻזָּתֽוֹ ׃,בשנת היובל הזאת תשבו איש אל אחזתו,8,בשתא דיובלא הדא תתובון גבר לאחסנתיה:,6,ἐν τῷ ἔτει τῆς ἀφέσεως σημασίᾳ αὐτῆς ἐπανελεύσεται εἰς τὴν κτῆσιν αὐτοῦ.,12,ܒܫܢܬܐ ܗܕܐ ܕܦܘܢܝܐ. ܘܗܦܘܟܘ ܐܢܫ ܠܝܪܬܘܬܗ.,6,"Nesse ano do jubileu tornareis, cada um à sua possessão.",10,True,True,True
25,14,Levítico 25:14,וְכִֽי־ תִמְכְּר֤וּ מִמְכָּר֙ לַעֲמִיתֶ֔ךָ א֥וֹ קָנֹ֖ה מִיַּ֣ד עֲמִיתֶ֑ךָ אַל־ תּוֹנ֖וּ אִ֥ישׁ אֶת־ אָחִֽיו ׃,וכי תמכרו ממכר לעמיתכ או קנה מיד עמיתכ אל תונו איש את אחיו,14,וארי תזבן זבינין לחברך או תזבן מידא דחברך לא תונון גבר ית אחוהי:,13,"ἐὰν δὲ ἀποδῷ πρᾶσιν τῷ πλησίον σου, ἐὰν καὶ κτήσῃ παρὰ τοῦ πλησίον σου, μὴ θλιβέτω ἄνθρωπος τὸν πλησίον·",19,ܘܐܢ ܬܙ̇ܒܢ ܙܒܢܐ ܠܚܒܪܟ ܐܘ ܐܢ ܬܙܒܢ ܡܢ ܚܒܪܟ. ܠܐ ܬܥܠܒܘܢ ܓܒܪ ܠܐܚܘܗܝ.,13,"Se venderdes alguma coisa ao vosso próximo ou a comprardes da mão do vosso próximo, não vos defraudareis uns aos outros.",21,True,True,True
25,15,Levítico 25:15,בְּמִסְפַּ֤ר שָׁנִים֙ אַחַ֣ר הַיּוֹבֵ֔ל תִּקְנֶ֖ה מֵאֵ֣ת עֲמִיתֶ֑ךָ בְּמִסְפַּ֥ר שְׁנֵֽי־ תְבוּאֹ֖ת יִמְכָּר־ לָֽךְ ׃,במספר שנימ אחר היובל תקנה מאת עמיתכ במספר שני תבואת ימכר לכ,13,במנין שניא בתר יובלא תזבן מן חברך במנין שני עללתא יזבן לך:,12,"κατὰ ἀριθμὸν ἐτῶν μετὰ τὴν σημασίαν κτήσῃ παρὰ τοῦ πλησίον, κατὰ ἀριθμὸν ἐνιαυτῶν γενημάτων ἀποδώσεταί σοι.",16,ܒܡܢܝܢܐ ܕܫ̈ܢܝܐ ܒܬܪ ܦܘܢܝܐ ܙܒܢ ܡܢ ܚܒܪܟ. ܘܒܡܢܝܢܐ ܕܫ̈ܢܝܐ ܕܥܠܠܬܐ ܢܙܒܢ ܠܟ.,12,"Conforme o número de anos desde o jubileu é que comprarás ao teu próximo, e conforme o número de anos das colheitas é que ele te venderá.",27,True,True,True
25,16,Levítico 25:16,לְפִ֣י ׀ רֹ֣ב הַשָּׁנִ֗ים תַּרְבֶּה֙ מִקְנָת֔וֹ וּלְפִי֙ מְעֹ֣ט הַשָּׁנִ֔ים תַּמְעִ֖יט מִקְנָת֑וֹ כִּ֚י מִסְפַּ֣ר תְּבוּאֹ֔ת ה֥וּא מֹכֵ֖ר לָֽךְ ׃,לפי רב השנימ תרבה מקנתו ולפי מעט השנימ תמעיט מקנתו כי מספר תבואת הוא מכר לכ,18,לפום סגיאות שניא תסגי זבינוהי ולפום זערות שניא תזער זבינוהי ארי מנין עללתא הוא מזבן לך:,16,"καθότι ἂν πλεῖον τῶν ἐτῶν πληθύνῃ τὴν ἔνκτησιν αὐτοῦ, καὶ καθότι ἂν ἔλαττον τῶν ἐτῶν ἐλαττονώσῃ τὴν κτῆσιν αὐτοῦ· ὅτι ἀριθμὸν γενημάτων αὐτοῦ οὕτως ἀποδώσεταί σοι.",26,ܠܦܘܬ ܣܘܓܐܐ ܕܫ̈ܢܝܐ ܬܣܓܐ ܙܒܝܢܬܗ. ܘܠܦܘܬ ܙܥܘܪܘܬܐ ܕܫ̈ܢܝܐ ܬܙܥܪ ܙܒܝܢܬܗ. ܡܛܠ ܕܒܡܢܝܢܐ ܗܘ ܕܥܠܠܬܐ ܕܫܢ̈ܝܐ ܡܙܒܢ ܠܟ.,17,"Quanto mais forem os anos, tanto mais aumentarás o preço, e quanto menos forem os anos, tanto mais abaixarás o preço; porque é o número das colheitas que ele te vende.",31,True,True,True
25,17,Levítico 25:17,וְלֹ֤א תוֹנוּ֙ אִ֣ישׁ אֶת־ עֲמִית֔וֹ וְיָרֵ֖אתָ מֵֽאֱלֹהֶ֑יךָ כִּ֛י אֲנִ֥י יְהֹוָ֖ה אֱלֹהֵיכֶֽם ׃,ולא תונו איש את עמיתו ויראת מאלהיכ כי אני יהוה אלהיכמ,12,ולא תונון גבר ית חבריה ותדחל מאלהך ארי אנא יי אלהכון:,11,"μὴ θλιβέτω ἄνθρωπος τὸν πλησίον, καὶ φοβηθήσῃ Κύριον τὸν θεόν σου· ἐγώ εἰμι Κύριος ὁ θεὸς ὑμῶν.",17,ܘܠܐ ܬܥܠܒܘܢ ܐܢܫ ܠܐܚܘܗܝ. ܘܕܚܠ ܡܢ ܐܠܗܟ. ܡܛܠ ܕܐܢܐ ܐܢܐ ܡܪܝܐ ܐܠܗܟ.,12,Nenhum de vós oprimirá ao seu próximo; mas temerás o teu Deus; porque eu sou o Senhor vosso Deus.,19,True,True,True
25,18,Levítico 25:18,וַעֲשִׂיתֶם֙ אֶת־ חֻקֹּתַ֔י וְאֶת־ מִשְׁפָּטַ֥י תִּשְׁמְר֖וּ וַעֲשִׂיתֶ֣ם אֹתָ֑ם וִֽישַׁבְתֶּ֥ם עַל־ הָאָ֖רֶץ לָבֶֽטַח ׃,ועשיתמ את חקתי ואת משפטי תשמרו ועשיתמ אתמ וישבתמ על הארצ לבטח,13,ותעבדון ית קימי וית דיני תטרון ותעבדון יתהון ותיתבון על ארעא לרחצן:,12,"Καὶ ποιήσετε πάντα τὰ δικαιώματά μου καὶ πάσας τὰς κρίσεις μου, καὶ φυλάξασθε καὶ ποιήσετε αὐτά, καὶ κατοικήσετε πεποιθότες·",19,ܥܒܕܘ ܦܘܩ̈ܕܢܝ. ܘܛܪܘ ܕܝܢ̈ܝ ܘܥܒܕܘ ܐܢܘܢ. ܘܬܒܘ ܒܐܪܥܐ ܒܫܠܝܐ.,9,"Pelo que observareis os meus estatutos, e guardareis os meus preceitos e os cumprireis; assim habitareis seguros na terra.",19,True,True,True
25,19,Levítico 25:19,וְנָתְנָ֤ה הָאָ֨רֶץ֙ פִּרְיָ֔הּ וַאֲכַלְתֶּ֖ם לָשֹׂ֑בַע וִֽישַׁבְתֶּ֥ם לָבֶ֖טַח עָלֶֽיהָ ׃,ונתנה הארצ פריה ואכלתמ לשבע וישבתמ לבטח עליה,9,ותתן ארעא אבה ותיכלון למשבע ותיתבון לרחצן עלה:,8,"καὶ δώσει ἡ γῆ τὰ ἐκφόρια αὐτῆς, καὶ φάγεσθε εἰς πλησμονήν, καὶ κατοικήσετε πεποιθότες ἐπ᾽ αὐτῆς.",16,ܘܬܬܠ ܐܪܥܐ ܦܐܪ̈ܝܗ̇. ܘܬܐܟܠܘܢ ܘܬܣܒܥܘܢ. ܘܬܬܒܘܢ ܒܗ̇ ܒܫܠܝܐ.,8,"Ela dará o seu fruto, e comereis a fartar; e nela habitareis seguros.",13,True,True,True
25,20,Levítico 25:20,וְכִ֣י תֹאמְר֔וּ מַה־ נֹּאכַ֤֖ל בַּשָּׁנָ֣ה הַשְּׁבִיעִ֑ת הֵ֚ן לֹ֣א נִזְרָ֔ע וְלֹ֥א נֶאֱסֹ֖ף אֶת־ תְּבוּאָתֵֽנוּ ׃,וכי תאמרו מה נאכל בשנה השביעת הנ לא נזרע ולא נאספ את תבואתנו,14,וארי תימרון מא ניכול בשתא שביעתא הא לא נזרע ולא נכנוש ית עללתנא:,13,ἐὰν δὲ λέγητε Τί φαγόμεθα ἐν τῷ ἔτει τῷ ἑβδόμῳ τούτῳ ἐὰν μὴ σπείρωμεν μηδὲ συναγάγωμεν τὰ γενήματα ἡμῶν;,19,ܘܐܢ ܐܡܪ̈ܝܢ ܐܢܬܘܢ ܡܢܐ ܢܐܟܘܠ ܒܫܢܬܐ ܕܫܒܥ. ܕܠܐ ܙܪܥ̇ܝܢ ܚܢܢ ܘܠܐ ܚܡ̇ܠܝܢܢ ܥ̈ܠܠܬܗ̇.,13,"Se disserdes: Que comeremos no sétimo ano, visto que não haveremos de semear, nem fazer a nossa colheita?",18,True,True,True
25,21,Levítico 25:21,וְצִוִּ֤יתִי אֶת־ בִּרְכָתִי֙ לָכֶ֔ם בַּשָּׁנָ֖ה הַשִּׁשִּׁ֑ית וְעָשָׂת֙ אֶת־ הַתְּבוּאָ֔ה לִשְׁלֹ֖שׁ הַשָּׁנִֽים ׃,וצויתי את ברכתי לכמ בשנה הששית ועשת את התבואה לשלש השנימ,12,ואפקד ית ברכתי לכון בשתא שתיתתא ותעבד ית עללתא לתלת שנין:,11,"καὶ ἀποστέλλω τὴν εὐλογίαν μου ὑμῖν ἐν τῷ ἔτει τῷ ἕκτῳ, καὶ ποιήσει τὰ γενήματα αὐτῆς εἰς τὰ τρία ἔτη.",20,ܐܫܕܪ ܠܟܘܢ ܒܘܪ̈ܟܬܝ ܒܫܢܬܐ ܫܬܝܬܝܬܐ. ܘܬܥܒܕ ܥܠܠܬܐ ܕܬܠܬ ܫ̈ܢܝܢ.,9,"então eu mandarei a minha bênção sobre vós no sexto ano, e a terra produzirá fruto bastante para os três anos.",21,True,True,True
25,22,Levítico 25:22,וּזְרַעְתֶּ֗ם אֵ֚ת הַשָּׁנָ֣ה הַשְּׁמִינִ֔ת וַאֲכַלְתֶּ֖ם מִן־ הַתְּבוּאָ֣ה יָשָׁ֑ן עַ֣ד ׀ הַשָּׁנָ֣ה הַתְּשִׁיעִ֗ת עַד־ בּוֹא֙ תְּב֣וּאָתָ֔הּ תֹּאכְל֖וּ יָשָֽׁן ׃,וזרעתמ את השנה השמינת ואכלתמ מנ התבואה ישנ עד השנה התשיעת עד בוא תבואתה תאכלו ישנ,18,ותזרעון ית שתא תמינתא ותיכלון מן עללתא עתיקא עד שתא תשיעתא עד מעל עללתה תיכלון עתיקא:,16,"καὶ σπερεῖτε τὸ ἔτος τὸ ὄγδοον, καὶ φάγεσθε ἀπὸ τῶν γενημάτων παλαιά· ἕως τοῦ ἔτους τοῦ ἐνάτου, ἕως ἂν ἔλθῃ τὸ γένημα αὐτῆς, φάγεσθε παλαιὰ παλαιῶν.",26,ܘܬܙܪܥܘܢ ܒܫܢܬܐ ܬܡܝܢܝܬܐ. ܘܬܐܟܠܘܢ ܡܢ ܥܠܠܬܐ ܥܬܝܩܬܐ. ܥܕܡܐ ܠܫܢܬܐ ܬܫܝܥܝܬܐ. ܥܕܡܐ ܕܥܐ̇ܠܐ ܥܠܠܬܐ ܗܘܝܬܘܢ ܐܟ̇ܠܝܢ ܥܬܝܩܐ.,16,"No oitavo ano semeareis, e comereis da colheita velha; até o ano nono, até que venha a colheita nova, comereis da velha.",22,True,True,True
25,23,Levítico 25:23,וְהָאָ֗רֶץ לֹ֤א תִמָּכֵר֙ לִצְמִתֻ֔ת כִּי־ לִ֖י הָאָ֑רֶץ כִּֽי־ גֵרִ֧ים וְתוֹשָׁבִ֛ים אַתֶּ֖ם עִמָּדִֽי ׃,והארצ לא תמכר לצמתת כי לי הארצ כי גרימ ותושבימ אתמ עמדי,13,וארעא לא תזדבן לחלוטין ארי דילי ארעא ארי דירין ותותבין אתון קדמי:,12,"Καὶ ἡ γῆ οὐ πραθήσεται εἰς βεβαίωσιν, ἐμὴ γάρ ἐστιν ἡ γῆ· διότι προσήλυτοι καὶ πάροικοι ὑμεῖς ἐστε ἐναντίον μου·",20,ܘܐܪܥܐ ܒܫܪܪܐ ܠܐ ܬܙܕܒܢ ܠܥܠܡ. ܡܛܠ ܕܕܝܠܝ ܗܝ ܐܪܥܐ. ܘܥܡܘܪ̈ܐ ܐܢܬܘܢ ܘܬܘܬ̈ܒܐ ܥܡܝ.,13,"Também não se venderá a terra em perpetuidade, porque a terra é minha; pois vós estais comigo como estrangeiros e peregrinos:",21,True,True,True
25,24,Levítico 25:24,וּבְכֹ֖ל אֶ֣רֶץ אֲחֻזַּתְכֶ֑ם גְּאֻלָּ֖ה תִּתְּנ֥וּ לָאָֽרֶץ ׃ ס,ובכל ארצ אחזתכמ גאלה תתנו לארצ ס,8,ובכל ארעא אחסנתכון פרקנא תתנון לארעא:,6,καὶ κατὰ πᾶσαν γῆν κατασχέσεως ὑμῶν λύτρα δώσετε τῆς γῆς.,10,ܘܒܟܠܗ̇ ܐܪܥܐ ܕܝܪܬܘܬܟܘܢ . ܦܘܪܩܢܐ ܕܐܪܥܐ ܗܘܝܬܘܢ ܝܗ̇ܒܝܢ.,8,Portanto em toda a terra da vossa possessão concedereis que seja remida a terra.,14,True,True,True
25,25,Levítico 25:25,כִּֽי־ יָמ֣וּךְ אָחִ֔יךָ וּמָכַ֖ר מֵאֲחֻזָּת֑וֹ וּבָ֤א גֹֽאֲלוֹ֙ הַקָּרֹ֣ב אֵלָ֔יו וְגָאַ֕ל אֵ֖ת מִמְכַּ֥ר אָחִֽיו ׃,כי ימוכ אחיכ ומכר מאחזתו ובא גאלו הקרב אליו וגאל את ממכר אחיו,14,ארי יתמסכן אחוך ויזבן מאחסנתה וייתי פריקיה דקריב ליה ויפרוק ית זביני אחוהי:,13,"ἐὰν δὲ πένηται ὁ ἀδελφός σου ὁ μετὰ σοῦ καὶ ἀποδώσεται ἀπὸ τῆς κατασχέσεως αὐτοῦ, καὶ ἔλθῃ ὁ ἀγχιστεύων ἐγγίζων ἔγγιστα αὐτοῦ καὶ λυτρώσεται τὴν πρᾶσιν τοῦ ἀδελφοῦ αὐτοῦ.",29,ܘܐܢ ܢܬܡܣܟܢ ܐܚܘܟ ܘܢܙ̇ܒܢ ܡܢ ܝܪܬܘܬܗ. ܢܐܬܐ ܩܪܝܒܗ ܕܩܪܝܒ ܠܗ. ܢܦܪܘܩ ܙܒܢܗ ܕܐܚܘܗܝ.,13,"Se teu irmão empobrecer e vender uma parte da sua possessão, virá o seu parente mais chegado e remirá o que seu irmão vendeu.",24,True,True,True
25,26,Levítico 25:26,וְאִ֕ישׁ כִּ֛י לֹ֥א יִֽהְיֶה־ לּ֖וֹ גֹּאֵ֑ל וְהִשִּׂ֣יגָה יָד֔וֹ וּמָצָ֖א כְּדֵ֥י גְאֻלָּתֽוֹ ׃,ואיש כי לא יהיה לו גאל והשיגה ידו ומצא כדי גאלתו,12,וגבר ארי לא יהי לה פריק ותדבק ידה וישכח כמסת פרקנה:,11,"ἐὰν δὲ μὴ ᾖ τινι ὁ ἀγχιστεύων, καὶ εὐπορηθῇ τῇ χειρὶ καὶ εὑρεθῇ αὐτῷ τὸ ἱκανὸν λύτρα αὐτοῦ·",18,ܘܐܢ ܠܝܬ ܡ̇ܢ ܕܦ̇ܪܩ. ܘܢܡܛܐ ܒܐ̈ܝܕܘܗܝ. ܘܢܫܟܚ ܡܣܬ ܦܘܪܩܢܗ.,9,"E se alguém não tiver remidor, mas ele mesmo tiver enriquecido e achado o que basta para o seu resgate,",20,True,True,True
25,27,Levítico 25:27,וְחִשַּׁב֙ אֶת־ שְׁנֵ֣י מִמְכָּר֔וֹ וְהֵשִׁיב֙ אֶת־ הָ֣עֹדֵ֔ף לָאִ֖ישׁ אֲשֶׁ֣ר מָֽכַר־ ל֑וֹ וְשָׁ֖ב לַאֲחֻזָּתֽוֹ ׃,וחשב את שני ממכרו והשיב את העדפ לאיש אשר מכר לו ושב לאחזתו,14,ויחשב ית שני זבינוהי ויתב ית מותרא לגבר די זבן ליה ויתוב לאחסנתה:,13,"καὶ συλλογιεῖται τὰ ἔτη τῆς πράσεως αὐτοῦ, καὶ ἀποδώσει ὅπερ ἔχει τῷ ἀνθρώπῳ ᾧ ἀπέδοτο ἑαυτὸν αὐτῷ, καὶ ἀπελεύσεται εἰς τὴν κατάσχεσιν αὐτοῦ.",23,ܢܚܫܘܒ ܫ̈ܢܝܐ ܕܙܒܝܢܬܗ. ܘܢܦܢܐ ܝܬܝܪܐ ܠܓܒܪܐ ܕܙܒܢ ܡܢܗ. ܘܢܗܦܘܟ ܠܝܪܬܘܬܗ.,10,"contará os anos desde a sua venda, e o que ficar do preço da venda restituirá ao homem a quem a vendeu, e tornará à sua possessão.",27,True,True,True
25,28,Levítico 25:28,וְאִ֨ם לֹֽא־ מָֽצְאָ֜ה יָד֗וֹ דֵּי֮ הָשִׁ֣יב לוֹ֒ וְהָיָ֣ה מִמְכָּר֗וֹ בְּיַד֙ הַקֹּנֶ֣ה אֹת֔וֹ עַ֖ד שְׁנַ֣ת הַיּוֹבֵ֑ל וְיָצָא֙ בַּיֹּבֵ֔ל וְשָׁ֖ב לַאֲחֻזָּתֽוֹ ׃,ואמ לא מצאה ידו די השיב לו והיה ממכרו ביד הקנה אתו עד שנת היובל ויצא ביבל ושב לאחזתו,20,ואם לא תשכח ידה כמסת אתב ליה ויהי זבינוהי בידא דזבן יתיה עד שתא דיובלא ויפוק ביובלא ויתוב לאחסנתיה:,19,"ἐὰν δὲ μὴ εὑρεθῇ ἡ χεὶρ αὐτοῦ τὸ ἱκανὸν ὥστε ἀποδοῦναι αὐτά, καὶ ἔσται ἡ πρᾶσις τῷ κτησαμένῳ αὐτὰ ἕως τοῦ ἕκτου ἔτους τῆς ἀφέσεως, καὶ ἐξελεύσεται τῇ ἀφέσει, καὶ ἀπελεύσεται εἰς τὴν κατάπαυσιν αὐτοῦ.",35,ܘܐܠܐ ܡ̇ܛܐ ܒܐ̈ܝܕܘܗܝ ܐܝܟ ܕܢܦܪܥܝܘܗܝ. ܬܗܘܐ ܙܒܝܢܬܐ ܫܪܝܪܐ ܠܡ̇ܢ ܕܙܒܢܗ̇. ܥܕܡܐ ܠܫܢܬܐ ܕܦܘܢܝܐ. ܘܢܦܘܩ ܒܦܘܢܝܐ ܘܢܗܦܘܟ ܠܝܪܬܘܬܗ.,17,"Mas, se as suas posses não bastarem para reavê-la, aquilo que tiver vendido ficará na mão do comprador até o ano do jubileu; porém no ano do jubileu sairá da posse deste, e aquele que vendeu tornará à sua possessão.",40,True,True,True
25,29,Levítico 25:29,וְאִ֗ישׁ כִּֽי־ יִמְכֹּ֤ר בֵּית־ מוֹשַׁב֙ עִ֣יר חוֹמָ֔ה וְהָיְתָה֙ גְּאֻלָּת֔וֹ עַד־ תֹּ֖ם שְׁנַ֣ת מִמְכָּר֑וֹ יָמִ֖ים תִּהְיֶ֥ה גְאֻלָּתֽוֹ ׃,ואיש כי ימכר בית מושב עיר חומה והיתה גאלתו עד תמ שנת ממכרו ימימ תהיה גאלתו,17,וגבר ארי יזבן בית מותב קרתא מקפא שור ותהי פרקניה עד משלם שתא דזבינוהי עדן בעדן תהי פרקניה:,18,"Ἐὰν δέ τις ἀποδῶται οἰκίαν οἰκητὴν ἐν πόλει τετειχισμένῃ, καὶ ἔσται ἡ λύτρωσις αὐτῆς· ἕως πληρωθῇ ἐνιαυτὸς ἡμερῶν, ἔσται ἡ λύτρωσις αὐτῆς.",22,ܘܓܒܪܐ ܐܢ ܢܙ̇ܒܢ ܒܝܬ ܡܥܡܪܐ ܕܩܪܝܬܐ ܕܐܝܬ ܠܗ̇ ܫܘܪܐ. ܢܗܘܐ ܦܘܪܩܢܗ ܥܕܡܐ ܕܫܠܡܐ ܫܢܬܐ ܕܙܒܝܢܬܗ. ܡܢ ܥܕܢ ܠܥܕܢ ܢܗܘܐ ܦܘܪܩܢܗ.,20,"Se alguém vender uma casa de moradia em cidade murada, poderá remi-la dentro de um ano inteiro depois da sua venda; durante um ano inteiro terá o direito de a remir.",31,True,True,True
25,30,Levítico 25:30,וְאִ֣ם לֹֽא־ יִגָּאֵ֗ל עַד־ מְלֹ֣את לוֹ֮ שָׁנָ֣ה תְמִימָה֒ וְ֠קָם הַבַּ֨יִת אֲשֶׁר־ בָּעִ֜יר אֲשֶׁר־ לא חֹמָ֗ה לַצְּמִיתֻ֛ת לַקֹּנֶ֥ה אֹת֖וֹ לְדֹרֹתָ֑יו לֹ֥א יֵצֵ֖א בַּיֹּבֵֽל ׃,ואמ לא יגאל עד מלאת לו שנה תמימה וקמ הבית אשר בעיר אשר לא חמה לצמיתת לקנה אתו לדרתיו לא יצא ביבל,23,ואם לא יתפרק עד משלם ליה שתא שלמתא ויקום ביתא די בקרתא די ליה שורא לחלוטין לדי זבן יתיה לדרוהי לא יפוק ביובלא:,23,"ἐὰν δὲ μὴ λυτρωθῇ ἕως ἂν πληρωθῇ αὐτῆς ἐνιαυτὸς ὅλος, κυρωθήσεται ἡ οἰκία ἡ οὖσα ἐν πόλει τῇ ἐχούσῃ τεῖχος βεβαίως τῷ κτησαμένῳ αὐτὴν εἰς τὰς γενεὰς αὐτοῦ, καὶ οὐκ ἐξελεύσεται ἐν τῇ ἀφέσει.",34,ܘܐܢ ܠܐ ܡܬܦܪܩ ܥܕܡܐ ܕܫܠܡܐ ܠܗ̇ ܫܢܬܐ ܫܠܡܬܐ. ܢܩܘܡ ܒܝܬܐ ܕܒܩܪܝܬܐ . ܕܐܝܬ ܠܗ̇ ܫܘܪܐ ܒܫܪܪܐ ܠܡ̇ܢ ܕܙܒܢܗ. ܘܢܗܘܐ ܠܕܪ̈ܘܗܝ. ܘܠܐ ܢܦܘܩ ܡܢܗ ܒܦܘܢܝܐ.,24,"Mas se, passado um ano inteiro, não tiver sido resgatada, essa casa que está na cidade murada ficará, em perpetuidade, pertencendo ao que a comprou, e à sua descendência; não sairá o seu poder no jubileu.",36,True,True,True
25,31,Levítico 25:31,וּבָתֵּ֣י הַחֲצֵרִ֗ים אֲשֶׁ֨ר אֵין־ לָהֶ֤ם חֹמָה֙ סָבִ֔יב עַל־ שְׂדֵ֥ה הָאָ֖רֶץ יֵחָשֵׁ֑ב גְּאֻלָּה֙ תִּהְיֶה־ לּ֔וֹ וּבַיֹּבֵ֖ל יֵצֵֽא ׃,ובתי החצרימ אשר אינ להמ חמה סביב על שדה הארצ יחשב גאלה תהיה לו וביבל יצא,17,ובתי פצחיא די לית להון שור מקף סחור סחור על חקל ארעא יתחשב פרקנא תהי ליה וביובלא יפוק:,18,"αἱ δὲ οἰκίαι αἱ ἐν ἐπαύλεσιν, αἷς οὐκ ἔστιν ἐν αὐταῖς τεῖχος κύκλῳ, πρὸς τὸν ἀγρὸν τῆς γῆς λογισθήτωσαν· λυτρωταὶ διὰ παντὸς ἔσονται, καὶ ἐν τῇ ἀφέσει ἐξελεύσονται.",28,ܒ̈ܬܐ ܕܝܢ ܕܫ̈ܛܚܐ ܕܠܐ ܚ̇ܕܪ ܠܗܘܢ ܫܘܪܐ . ܐܝܟ ܚܩܠܐ ܕܐܪܥܐ ܢܬܚܫܒܘܢ. ܦܘܪܩܢܐ ܢܗܘܐ ܠܗܘܢ. ܘܒܦܘܢܝܐ ܢܦܘܩ.,17,"Todavia as casas das aldeias que não têm muro ao redor serão consideradas como o campo da terra; poderão ser remidas, e sairão do poder do comprador no jubileu.",29,True,True,True
25,32,Levítico 25:32,וְעָרֵי֙ הַלְוִיִּ֔ם בָּתֵּ֖י עָרֵ֣י אֲחֻזָּתָ֑ם גְּאֻלַּ֥ת עוֹלָ֖ם תִּהְיֶ֥ה לַלְוִיִּֽם ׃,וערי הלוימ בתי ערי אחזתמ גאלת עולמ תהיה ללוימ,10,וקרוי ליואי בתי קרוי אחסנתהון פרקן עלם תהי לליואי:,9,"καὶ αἱ πόλεις τῶν Λευειτῶν, οἰκίαι τῶν πόλεων αὐτῶν κατασχέσεως, λυτρωταὶ διὰ παντὸς ἔσονται τοῖς Λευείταις·",16,ܘܩܘܪ̈ܝܐ ܕܠܘ̈ܝܐ ܒ̈ܬܐ ܕܒܩܘܪ̈ܝܐ ܕܝܪܬܘܬܗܘܢ. ܦܘܪܩܢܐ ܠܥܠܡ ܢܗܘܐ ܠܠܘ̈ܝܐ.,9,"Também, no tocante às cidades dos levitas, às casas das cidades da sua possessão, terão eles direito perpétuo de remi-las.",20,True,True,True
25,33,Levítico 25:33,וַאֲשֶׁ֤ר יִגְאַל֙ מִן־ הַלְוִיִּ֔ם וְיָצָ֧א מִמְכַּר־ בַּ֛יִת וְעִ֥יר אֲחֻזָּת֖וֹ בַּיֹּבֵ֑ל כִּ֣י בָתֵּ֞י עָרֵ֣י הַלְוִיִּ֗ם הִ֚וא אֲחֻזָּתָ֔ם בְּת֖וֹךְ בְּנֵ֥י יִשְׂרָאֵֽל ׃,ואשר יגאל מנ הלוימ ויצא ממכר בית ועיר אחזתו ביבל כי בתי ערי הלוימ הוא אחזתמ בתוכ בני ישראל,20,ודי יפרוק מן ליואי ויפוק זבין ביתא וקרתא אחסנתיה ביובלא ארי בתי קרוי ליואי היא אחסנתהון בגו בני ישראל:,19,"καὶ ὃς ἂν λυτρωσάμενος παρὰ τῶν Λευειτῶν, καὶ ἐξελεύσεται ἡ διάπρασις αὐτῶν οἰκιῶν πόλεως κατασχέσεως αὐτῶν ἐν τῇ ἀφέσει, ὅτι οἰκίαι τῶν πόλεων τῶν Λευειτῶν κατάσχεσις αὐτῶν ἐν μέσῳ υἱῶν Ἰσραήλ.",31,ܘܕܢܦܪܘܩ ܦܘܪܩܢܐ ܡܢ ܠܘ̈ܝܐ. ܢܦܘܩ ܡܢ ܙܒܢܗ ܕܒܝܬܐ. ܘܩܪܝܬܐ ܕܝܪܬܘܬܗ ܒܦܘܢܝܐ. ܡܛܠ ܕܒ̈ܬܐ ܕܩܘܪ̈ܝܐ ܕܠܘ̈ܝܐ. ܗܢܘܢ ܐܢܘܢ ܝܪܬܘܬܗܘܢ ܒܝܢܬ ܒܢ̈ܝ ܐܝܣܪܝܠ.,21,"E se alguém comprar dos levitas uma casa, a casa comprada e a cidade da sua possessão sairão do poder do comprador no jubileu; porque as casas das cidades dos levitas são a sua possessão no meio dos filhos de Israel.",41,True,True,True
25,34,Levítico 25:34,וּֽשְׂדֵ֛ה מִגְרַ֥שׁ עָרֵיהֶ֖ם לֹ֣א יִמָּכֵ֑ר כִּֽי־ אֲחֻזַּ֥ת עוֹלָ֛ם ה֖וּא לָהֶֽם ׃ ס,ושדה מגרש עריהמ לא ימכר כי אחזת עולמ הוא להמ ס,12,וחקל רוח קרויהון לא יזדבן ארי אחסנת עלם הוא להון:,10,"καὶ οἱ ἀγροὶ ἀφωρισμένοι ταῖς πόλεσιν αὐτῶν οὐ πραθήσονται, ὅτι κατάσχεσις αἰωνία τοῦτο αὐτῶν ἐστιν.",15,ܘܚܩܠܐ ܕܒܣܦܪ̈ܝ ܩܘܪ̈ܝܗܘܢ ܠܐ ܬܙܕܒܢ. ܡܛܠ ܕܝܘܪܬܢܐ ܗܝ ܠܗܘܢ ܠܥܠܡ .,11,"Mas o campo do arrabalde das suas cidades não se poderá vender, porque lhes é possessão perpétua.",17,True,True,True
25,35,Levítico 25:35,וְכִֽי־ יָמ֣וּךְ אָחִ֔יךָ וּמָ֥טָה יָד֖וֹ עִמָּ֑ךְ וְהֶֽחֱזַ֣קְתָּ בּ֔וֹ גֵּ֧ר וְתוֹשָׁ֛ב וָחַ֖י עִמָּֽךְ ׃,וכי ימוכ אחיכ ומטה ידו עמכ והחזקת בו גר ותושב וחי עמכ,13,וארי יתמסכן אחוך ותמוט ידיה עמך ותתקף ביה דיר ותותב ויחי עמך:,12,"Ἐὰν δὲ πένηται ὁ ἀδελφός σου καὶ ἀδυνατήσει ταῖς χερσὶν παρὰ σοῦ, ἀντιλήμψῃ αὐτοῦ ὡς προσηλύτου καὶ παροίκου, καὶ ζήσεται ὁ ἀδελφός σου μετὰ σοῦ.",25,ܘܐܢ ܢܬܡܣܟܢ ܐܚܘܟ ܘܢܪܟܢ ܐܝܕܗ. ܥܡܟ ܠܐ ܬܐܚܕܝܘܗܝ ܐܝܟ ܥܡܘܪܐ ܘܐܝܟ ܬܘܬܒܐ. ܘܢܚܐ ܥܡܟ.,14,"Também, se teu irmão empobrecer ao teu lado, e lhe enfraquecerem as mãos, sustentá-lo-ás; como estrangeiro e peregrino viverá contigo.",20,True,True,True
25,36,Levítico 25:36,אַל־ תִּקַּ֤ח מֵֽאִתּוֹ֙ נֶ֣שֶׁךְ וְתַרְבִּ֔ית וְיָרֵ֖אתָ מֵֽאֱלֹהֶ֑יךָ וְחֵ֥י אָחִ֖יךָ עִמָּֽךְ ׃,אל תקח מאתו נשכ ותרבית ויראת מאלהיכ וחי אחיכ עמכ,11,לא תסב מניה חבוליא ורביתא ותדחל מאלהך ויחי אחוך עמך:,10,"οὐ λήμψῃ παρ᾽ αὐτοῦ τόκον οὐδὲ ἐπὶ πλήθει, καὶ φοβηθήσῃ τὸν θεόν σου· ἐγὼ Κύριος· καὶ ζήσεται ὁ ἀδελφός σου μετὰ σοῦ.",22,ܠܐ ܬܣܒ ܡܢܗ ܩܨܨܐ ܘܪܒܝܬܐ. ܘܕܚܠ ܡܢ ܐܠܗܟ. ܘܢܚܐ ܐܚܘܟ ܥܡܟ.,11,"Não tomarás dele juros nem ganho, mas temerás o teu Deus, para que teu irmão viva contigo.",17,True,True,True
25,37,Levítico 25:37,אֶ֨ת־ כַּסְפְּךָ֔ לֹֽא־ תִתֵּ֥ן ל֖וֹ בְּנֶ֑שֶׁךְ וּבְמַרְבִּ֖ית לֹא־ תִתֵּ֥ן אָכְלֶֽךָ ׃,את כספכ לא תתנ לו בנשכ ובמרבית לא תתנ אכלכ,11,ית כספך לא תתן ליה בחבוליא וברביתא לא תתן מיכלך:,10,"τὸ ἀργύριόν σου οὐ δώσεις αὐτῷ ἐπὶ τὸκῳ, καὶ πλεονασμὸν οὐ δώσεις αὐτῷ τὰ βρώματά σου.",16,ܟܣܦܟ ܠܐ ܬܬܠ ܠܗ ܒܩܨܨܐ. ܘܒܪܒܝܬܐ ܠܐ ܬܬܠ ܡܐܟܘܠܬܟ.,9,"Não lhe darás teu dinheiro a juros, nem os teus víveres por lucro.",13,True,True,True
25,38,Levítico 25:38,אֲנִ֗י יְהוָה֙ אֱלֹ֣הֵיכֶ֔ם אֲשֶׁר־ הוֹצֵ֥אתִי אֶתְכֶ֖ם מֵאֶ֣רֶץ מִצְרָ֑יִם לָתֵ֤ת לָכֶם֙ אֶת־ אֶ֣רֶץ כְּנַ֔עַן לִהְי֥וֹת לָכֶ֖ם לֵאלֹהִֽים ׃ ס,אני יהוה אלהיכמ אשר הוצאתי אתכמ מארצ מצרימ לתת לכמ את ארצ כנענ להיות לכמ לאלהימ ס,18,אנא יי אלהכון די אפקית יתכון מארעא דמצרים למתן לכון ית ארעא דכנען למהוי לכון לאלה:,16,"ἐγὼ Κύριος ὁ θεὸς ὑμῶν ὁ ἐξαγαγὼν ὑμᾶς ἐκ γῆς Αἰγύπτου, δοῦναι ὑμῖν τὴν γῆν Χανάαν ὥστε εἶναι ὑμῶν θεός.",20,ܐܢܐ ܐܢܐ ܡܪܝܐ ܐܠܗܟܘܢ ܕܐܦܩ̇ܬܟܘܢ ܡܢ ܐܪܥܐ ܕܡܨܪܝܢ. ܕܐܬܠ ܠܟܘܢ ܐܪܥܐ ܕܟܢܥܢ. ܘܐܗܘܐ ܠܟܘܢ ܐܠܗܐ.,15,"Eu sou o Senhor vosso Deus, que vos tirei da terra do Egito, para vos dar a terra de Canaã, para ser o vosso Deus.",25,True,True,True
25,39,Levítico 25:39,וְכִֽי־ יָמ֥וּךְ אָחִ֛יךָ עִמָּ֖ךְ וְנִמְכַּר־ לָ֑ךְ לֹא־ תַעֲבֹ֥ד בּ֖וֹ עֲבֹ֥דַת עָֽבֶד ׃,וכי ימוכ אחיכ עמכ ונמכר לכ לא תעבד בו עבדת עבד,12,וארי יתמסכן אחוך עמך ויזדבן לך לא תפלח ביה פלחן עבדין:,11,"ἐὰν δὲ ταπεινωθῇ ὁ ἀδελφός σου παρὰ σοὶ καὶ πραθῇ σοι, οὐ δουλεύσει σοι δουλίαν οἰκέτου·",16,ܘܐܢ ܢܬܡܣܟܢ ܐܚܘܟ ܘܢܙܕܒܢ ܠܟ. ܠܐ ܬܦܠܘܚ ܒܗ ܦܘܠܚܢܐ ܕܥܒ̈ܕܐ.,10,"Também, se teu irmão empobrecer ao teu lado e vender-se a ti, não o farás servir como escravo.",18,True,True,True
25,40,Levítico 25:40,כְּשָׂכִ֥יר כְּתוֹשָׁ֖ב יִהְיֶ֣ה עִמָּ֑ךְ עַד־ שְׁנַ֥ת הַיֹּבֵ֖ל יַעֲבֹ֥ד עִמָּֽךְ ׃,כשכיר כתושב יהיה עמכ עד שנת היבל יעבד עמכ,10,כאגירא כתותבא יהי עמך עד שתא דיובלא יפלח עמך:,9,"ὡς μισθωτὸς ἢ πάροικος ἔσται σοι, ἕως τοῦ ἔτους τῆς ἀφέσεως ἐργᾶται παρὰ σοί",14,ܐܝܟ ܐܓܝܪܐ ܘܐܝܟ ܬܘܬܒܐ ܢܗܘܐ ܥܡܟ. ܥܕܡܐ ܠܫܢܬܐ ܕܦܘܢܝܐ ܢܗܘܐ ܥܡܟ.,11,"Como jornaleiro, como peregrino estará ele contigo; até o ano do jubileu te servirá;",14,True,True,True
25,41,Levítico 25:41,וְיָצָא֙ מֵֽעִמָּ֔ךְ ה֖וּא וּבָנָ֣יו עִמּ֑וֹ וְשָׁב֙ אֶל־ מִשְׁפַּחְתּ֔וֹ וְאֶל־ אֲחֻזַּ֥ת אֲבֹתָ֖יו יָשֽׁוּב ׃,ויצא מעמכ הוא ובניו עמו ושב אל משפחתו ואל אחזת אבתיו ישוב,13,ויפוק מעמך הוא ובנוהי עמיה ויתוב לזרעיתיה ולאחסנת אבהתוהי יתוב:,10,"καὶ ἐξελεύσεται τῇ ἀφέσει καὶ τὰ τέκνα αὐτοῦ μετ᾽ αὐτοῦ, καὶ ἀπελεύσεται εἰς τὴν γενεὰν αὐτοῦ· εἰς τὴν κατάσχεσιν τὴν πατρικὴν ἀποδραμεῖται.",22,ܘܢܦܘܩ ܡܢ ܠܘܬܟ ܗܘ ܘܒ̈ܢܘܗܝ ܥܡܗ. ܘܢܗܦܘܟ ܠܫܪܒܬܗ. ܘܠܝܪܬܘܬܐ ܕܐܒܘܗܝ ܢܗܦܘܟ.,11,"então sairá do teu serviço, e com ele seus filhos, e tornará à sua família, à possessão de seus pais.",20,True,True,True
25,42,Levítico 25:42,כִּֽי־ עֲבָדַ֣י הֵ֔ם אֲשֶׁר־ הוֹצֵ֥אתִי אֹתָ֖ם מֵאֶ֣רֶץ מִצְרָ֑יִם לֹ֥א יִמָּכְר֖וּ מִמְכֶּ֥רֶת עָֽבֶד ׃,כי עבדי המ אשר הוצאתי אתמ מארצ מצרימ לא ימכרו ממכרת עבד,13,ארי עבדי אנון די אפקית יתהון מארעא דמצרים לא יזדבנון זבון עבדין:,12,"διότι οἰκέται μού εἰσιν οὗτοι οὓς ἐξήγαγον ἐκ γῆς Αἰγύπτου, οὐ πραθήσεται ἐν πράσει οἰκέτου.",15,ܡܛܠ ܕܥܒ̈ܕܝ ܐܢܘܢ ܕܐܦ̇ܩܬ ܐܢܘܢ ܡܢ ܐܪܥܐ ܕܡܨܪܝܢ. ܠܐ ܢܙܕܒܢܘܢ ܒܙܒܢܐ ܕܥܒ̈ܕܐ.,12,"Porque são meus servos, que tirei da terra do Egito; não serão vendidos como escravos.",15,True,True,True
25,43,Levítico 25:43,לֹא־ תִרְדֶּ֥ה ב֖וֹ בְּפָ֑רֶךְ וְיָרֵ֖אתָ מֵאֱלֹהֶֽיךָ ׃,לא תרדה בו בפרכ ויראת מאלהיכ,7,לא תפלח ביה בקשיו ותדחל מאלהך:,6,"οὐ κατατενεῖς αὐτὸν ἐν τῷ μόχθῳ, καὶ φοβηθήσῃ Κύριον τὸν θεόν σου.",12,ܘܠܐ ܬܦܠܚܝܘܗܝ ܦܘܠܚܢܐ ܩܫܝܐ. ܘܕܚܠ ܡܢ ܐܠܗܟ.,7,"Não dominarás sobre ele com rigor, mas temerás o teu Deus.",11,True,True,True
25,44,Levítico 25:44,וְעַבְדְּךָ֥ וַאֲמָתְךָ֖ אֲשֶׁ֣ר יִהְיוּ־ לָ֑ךְ מֵאֵ֣ת הַגּוֹיִ֗ם אֲשֶׁר֙ סְבִיבֹ֣תֵיכֶ֔ם מֵהֶ֥ם תִּקְנ֖וּ עֶ֥בֶד וְאָמָֽה ׃,ועבדכ ואמתכ אשר יהיו לכ מאת הגוימ אשר סביבתיכמ מהמ תקנו עבד ואמה,14,ועבדך ואמתך די יהון לך מן עממיא די בסחרניכון מנהון תקנון עבדין ואמהן:,13,"καὶ παῖς καὶ παιδίσκη ὅσοι ἂν γένωνταί σοι ἀπὸ τῶν ἐθνῶν ὅσοι κύκλῳ σού εἰσιν, ἀπ᾽ αὐτῶν κτήσεσθε δοῦλον καὶ δούλην.",21,ܘܥܒ̈ܕܝܟܘܢ ܘܐܡ̈ܗܬܟܘܢ ܕܢܗܘܘܢ ܠܟܘܢ ܡܢ ܥܡ̈ܡܐ ܕܒܚܕܪ̈ܝܟܘܢ. ܡܢܗܘܢ ܬܙܒܢܘܢ ܥܒ̈ܕܐ ܘܐܡܗ̈ܬܐ.,11,"E quanto aos escravos ou às escravas que chegares a possuir, das nações que estiverem ao redor de vós, delas é que os comprareis.",24,True,True,True
25,45,Levítico 25:45,וְ֠גַם מִבְּנֵ֨י הַתּוֹשָׁבִ֜ים הַגָּרִ֤ים עִמָּכֶם֙ מֵהֶ֣ם תִּקְנ֔וּ וּמִמִּשְׁפַּחְתָּם֙ אֲשֶׁ֣ר עִמָּכֶ֔ם אֲשֶׁ֥ר הוֹלִ֖ידוּ בְּאַרְצְכֶ֑ם וְהָי֥וּ לָכֶ֖ם לַֽאֲחֻזָּֽה ׃,וגמ מבני התושבימ הגרימ עמכמ מהמ תקנו וממשפחתמ אשר עמכמ אשר הולידו בארצכמ והיו לכמ לאחזה,17,ואף מבני תותביא ערליא דדירין עמכון מנהון תקנון ומזרעיתהון דעמכון די אתילידו בארעכון ויהון לכון לאחסנא:,16,"καὶ ἀπὸ τῶν υἱῶν τῶν παροίκων τῶν ὄντων ἐν ὑμῖν, ἀπὸ τούτων κτήσεσθε καὶ ἀπὸ τῶν συγγενῶν αὐτῶν ὅσοι ἂν γένωνται ἐν τῇ γῇ ὑμῶν· ἔστωσαν ὑμῖν εἰς κατάσχεσιν.",29,ܘܐܦ ܡܢ ܒ̈ܢܝ ܬܘ̈ܬܒܐ ܕܥܡܪܝܢ ܥܡܟܘܢ. ܡܢܗܘܢ ܬܩܢܘܢ ܘܡܢ ܫܪ̈ܒܬܗܘܢ ܕܥܡܟܘܢ. ܕܐܘܠܕܘ ܒܐܪܥܟܘܢ. ܘܢܗܘܘܢ ܠܟܘܢ ܝܘܪܬܢܐ.,16,"Também os comprareis dentre os filhos dos estrangeiros que peregrinarem entre vós, tanto dentre esses como dentre as suas famílias que estiverem convosco, que tiverem eles gerado na vossa terra; e vos serão por possessão.",35,True,True,True
25,46,Levítico 25:46,וְהִתְנַחֲלְתֶּ֨ם אֹתָ֜ם לִבְנֵיכֶ֤ם אַחֲרֵיכֶם֙ לָרֶ֣שֶׁת אֲחֻזָּ֔ה לְעֹלָ֖ם בָּהֶ֣ם תַּעֲבֹ֑דוּ וּבְאַ֨חֵיכֶ֤ם בְּנֵֽי־ יִשְׂרָאֵל֙ אִ֣ישׁ בְּאָחִ֔יו לֹא־ תִרְדֶּ֥ה ב֖וֹ בְּפָֽרֶךְ ׃ ס,והתנחלתמ אתמ לבניכמ אחריכמ לרשת אחזה לעלמ בהמ תעבדו ובאחיכמ בני ישראל איש באחיו לא תרדה בו בפרכ ס,20,ותחסנון יתהון לבניכון בתריכון לירותת אחסנא לעלם בהון תפלחון ובאחיכון בני ישראל גבר באחוהי לא תפלח ביה בקשיו:,18,"καὶ καταμεριεῖτε αὐτοὺς τοῖς τέκνοις ὑμῶν μεθ᾽ ὑμᾶς, καὶ ἔσονται ὑμῖν κατόχιμοι εἰς τὸν αἰῶνα· τῶν ἀδελφῶν ὑμῶν τῶν υἱῶν Ἰσραήλ, ἕκαστος τὸν ἀδελφὸν αὐτοῦ οὐ κατατενεῖ αὐτὸν ἐν τοῖς μόχθοις.",31,ܘܐܘܪܬܘ ܐܢܘܢ ܠܒ̈ܢܝܟܘܢ ܒܬܪܟܘܢ ܠܡܐܪܬ ܝܘܪܬܢܐ . ܘܠܥܠܡ ܒܗܘܢ ܬܦܠܚܘܢ. ܘܒܐ̈ܚܝܟܘܢ ܒ̈ܢܝ ܐܝܣܪܐܝܠ. ܓܒܪ ܒܐܚܘܗܝ ܠܐ ܬܦܠܚܘܢ ܦܘܠܚܢܐ ܩܫܝܐ.,19,"E deixá-los-eis por herança aos vossos filhos depois de vós, para os herdarem como possessão; desses tomareis os vossos escravos para sempre; mas sobre vossos irmãos, os filhos de Israel, não dominareis com rigor, uns sobre os outros.",38,True,True,True
25,47,Levítico 25:47,וְכִ֣י תַשִּׂ֗יג יַ֣ד גֵּ֤ר וְתוֹשָׁב֙ עִמָּ֔ךְ וּמָ֥ךְ אָחִ֖יךָ עִמּ֑וֹ וְנִמְכַּ֗ר לְגֵ֤ר תּוֹשָׁב֙ עִמָּ֔ךְ א֥וֹ לְעֵ֖קֶר מִשְׁפַּ֥חַת גֵּֽר ׃,וכי תשיג יד גר ותושב עמכ ומכ אחיכ עמו ונמכר לגר תושב עמכ או לעקר משפחת גר,18,וארי תדבק יד ערל ותותב עמך ויתמסכן אחוך עמיה ויזדבן לערל תותב עמך או לארמי זרעית גיורא:,17,"Ἐὰν δὲ εὕρῃ ἡ χεὶρ τοῦ προσηλύτου ἢ τοῦ παροίκου τοῦ παρὰ σοί, καὶ ἀπορηθεὶς ὁ ἀδελφός σου πραθῇ τῷ προσηλύτῳ ἢ τῷ παροίκῳ τῷ παρὰ σοὶ ἐκ γενετῆς προσηλύτῳ,",30,ܘܐܢ ܣܦܩܐ ܒܐ̈ܝܕܘܗܝ ܕܥܡܘܪܐ ܘܕܬܘܬܒܐ ܕܥܡܟ. ܘܢܬܡܣܟܢ ܐܚܘܟ ܥܡܗ . ܘܢܙܕܒܢ ܠܥܡܘܪܐ ܘܠܬܘܬܒܐ ܕܥܡܟ. ܐܘ ܠܐܝܠܝܕܐ ܕܫܪܒܬܐ ܕܥܡܘܪܐ ܕܥܡܟ.,19,"Se um estrangeiro ou peregrino que estiver contigo se tornar rico, e teu irmão, que está com ele, empobrecer e vender-se ao estrangeiro ou peregrino que está contigo, ou à linhagem da família do estrangeiro,",35,True,True,True
25,48,Levítico 25:48,אַחֲרֵ֣י נִמְכַּ֔ר גְּאֻלָּ֖ה תִּהְיֶה־ לּ֑וֹ אֶחָ֥ד מֵאֶחָ֖יו יִגְאָלֶֽנּוּ ׃,אחרי נמכר גאלה תהיה לו אחד מאחיו יגאלנו,9,בתר דיזדבן פרקנא תהי ליה חד מאחוהי יפרקניה:,8,μετὰ τὸ πραθῆναι αὐτῷ λύτρωσις ἔσται αὐτῷ· εἷς τῶν ἀδελφῶν σου λυτρώσεται αὐτόν.,13,ܡܢ ܒܬܪ ܕܢܙܕܒܢ . ܦܘܪܩܢܐ ܢܗܘܐ ܠܗ. ܚܕ ܡܢ ܐ̈ܚܘܗܝ ܢܦܪܩܝܘܗܝ.,11,"depois que se houver vendido, poderá ser remido; um de seus irmãos o poderá remir;",15,True,True,True
25,49,Levítico 25:49,אוֹ־ דֹד֞וֹ א֤וֹ בֶן־ דֹּדוֹ֙ יִגְאָלֶ֔נּוּ אֽוֹ־ מִשְּׁאֵ֧ר בְּשָׂר֛וֹ מִמִּשְׁפַּחְתּ֖וֹ יִגְאָלֶ֑נּוּ אֽוֹ־ הִשִּׂ֥יגָה יָד֖וֹ וְנִגְאָֽל ׃,או דדו או בנ דדו יגאלנו או משאר בשרו ממשפחתו יגאלנו או השיגה ידו ונגאל,16,או אח אבוהי או בר אח אבוהי יפרקניה או מקריב בשריה מזרעיתיה יפרקניה או דתדבק ידיה ויתפרק:,17,"ἀδελφὸς πατρὸς αὐτοῦ ἢ υἱὸς ἀδελφοῦ πατρὸς λυτρώσεται αὐτόν, ἢ ἀπὸ τῶν οἰκείων τῶν σαρκῶν αὐτοῦ ἐκ τῆς φυλῆς αὐτοῦ λυτρώσεται αὐτόν· ἐὰν δὲ εὐπορηθεὶς ταῖς χερσὶν λυτρώσηται ἑαυτόν,",29,ܐܘ ܕܕܗ ܐܘ ܒܪ ܕܕܗ ܢܦܪܩܝܘܗܝ. ܐܘ ܡܢ ܩܪܝܒ ܒܣܪܗ ܡܢ ܫܪܒܬܗ ܢܦܪܩܝܘܗܝ. ܘܐܢ ܬܣܦܩ ܒܐ̈ܝܕܘܗܝ ܘܢܬܦܪܩ.,17,"ou seu tio, ou o filho de seu tio, ou qualquer parente chegado da sua família poderá remi-lo; ou, se ele se tiver tornado rico, poderá remir-se a si mesmo.",30,True,True,True
25,50,Levítico 25:50,וְחִשַּׁב֙ עִם־ קֹנֵ֔הוּ מִשְּׁנַת֙ הִמָּ֣כְרוֹ ל֔וֹ עַ֖ד שְׁנַ֣ת הַיֹּבֵ֑ל וְהָיָ֞ה כֶּ֤סֶף מִמְכָּרוֹ֙ בְּמִסְפַּ֣ר שָׁנִ֔ים כִּימֵ֥י שָׂכִ֖יר יִהְיֶ֥ה עִמּֽוֹ ׃,וחשב עמ קנהו משנת המכרו לו עד שנת היבל והיה כספ ממכרו במספר שנימ כימי שכיר יהיה עמו,19,ויחשב עם זבניה משתא דאזדבן ליה עד שתא דיובלא ויהי כסף זבינוהי במנין שניא כיומי אגירא יהי עמיה:,18,"καὶ συλλογιεῖται πρὸς τὸν κεκτημένον αὐτὸν ἀπὸ τοῦ ἔτους οὗ ἀπέδοτο ἑαυτὸν αὐτῷ ἕως τοῦ ἐνιαυτοῦ τῆς ἀφέσεως, καὶ ἔσται τὸ ἀργύριον τῆς πράσεως αὐτοῦ ὡς μισθίου· ἔτος ἐξ ἔτους ἔσται μετ᾽ αὐτοῦ.",33,ܢܚܫܘܒ ܥܡ ܙܒܘܢܗ ܡܢ ܫܢܬܐ ܕܐܙܕܒܢ ܠܗ. ܥܕܡܐ ܠܫܢܬܐ ܕܦܘܢܝܐ. ܘܢܗܘܐ ܟܣܦܐ ܕܙܒܢܗ. ܒܡܢܝܢܐ ܕܫܢܝ̈ܐ. ܐܝܟ ܝܘܡ̈ܬܐ ܕܐܓܝܪܐ ܢܗܘܐ ܥܡܗ.,20,E com aquele que o comprou fará a conta desde o ano em que se vendeu a ele até o ano do jubileu; e o preço da sua venda será conforme o número dos anos; conforme os dias de um jornaleiro estará com ele.,44,True,True,True
25,51,Levítico 25:51,אִם־ ע֥וֹד רַבּ֖וֹת בַּשָּׁנִ֑ים לְפִיהֶן֙ יָשִׁ֣יב גְּאֻלָּת֔וֹ מִכֶּ֖סֶף מִקְנָתֽוֹ ׃,אמ עוד רבות בשנימ לפיהנ ישיב גאלתו מכספ מקנתו,10,אם עוד סגיות בשניא לפומהן יתיב פרקניה מכסף זבינוהי:,9,"ἐὰν δέ τινι πλεῖον τῶν ἐτῶν ᾖ, πρός ταῦτα ἀποδώσει τὰ λύτρα αὐτοῦ ἀπό τοῦ ἀργυρίου τῆς πράσεως αὐτοῦ·",19,ܘܐܢ ܩܝ̈ܡܢ ܬܘܒ ܣܘܓܐܐ ܕܫ̈ܢܝܐ ܠܦܘܬܗܝܢ. ܢܗܦܟ ܦܘܪܩܢܗ ܡܢ ܟܣܦܐ ܕܙܒܝܢܬܗ.,11,"Se ainda faltarem muitos anos, conforme os mesmos restituirá, do dinheiro pelo qual foi comprado, o preço da sua redenção;",20,True,True,True
25,52,Levítico 25:52,וְאִם־ מְעַ֞ט נִשְׁאַ֧ר בַּשָּׁנִ֛ים עַד־ שְׁנַ֥ת הַיֹּבֵ֖ל וְחִשַּׁב־ ל֑וֹ כְּפִ֣י שָׁנָ֔יו יָשִׁ֖יב אֶת־ גְּאֻלָּתֽוֹ ׃,ואמ מעט נשאר בשנימ עד שנת היבל וחשב לו כפי שניו ישיב את גאלתו,15,ואם זער ישתאר בשניא עד שתא דיובלא ויחשב ליה כפום שנוהי יתב ית פרקניה:,14,"ἐὰν δὲ ὀλίγον καταλειφθῇ ἀπὸ τῶν ἐτῶν εἰς τὸν ἐνιαυτὸν τῆς ἀφέσεως, καὶ συλλογιεῖται αὐτῷ κατὰ τὰ ἔτη αὐτοῦ, καὶ ἀποδώσει τὰ λύτρα αὐτοῦ. ὡς μισθωτὸς",26,ܘܐܢ ܩܠܝܠ ܢܫܬܚܪ ܒܫ̈ܢܝܐ. ܥܕܡܐ ܠܫܢܬܐ ܕܦܘܢܝܐ ܢܚܫܘܒ ܥܡܗ. ܘܐܝܟ ܠܦܘܬ ܫ̈ܢܘܗܝ ܢܗܦܟ ܦܘܪܩܢܗ.,14,"e se faltarem poucos anos até o ano do jubileu, fará a conta com ele; segundo o número dos anos restituirá o preço da sua redenção.",26,True,True,True
25,53,Levítico 25:53,כִּשְׂכִ֥יר שָׁנָ֛ה בְּשָׁנָ֖ה יִהְיֶ֣ה עִמּ֑וֹ לֹֽא־ יִרְדֶּ֥נּֽוּ בְּפֶ֖רֶךְ לְעֵינֶֽיךָ ׃,כשכיר שנה בשנה יהיה עמו לא ירדנו בפרכ לעיניכ,10,כאגיר שנא בשנא יהי עמיה לא יפלח ביה בקשיו לעיניך:,10,ἐνιαυτὸς ἐξ ἐνιαυτοῦ ἔσται μετ᾽ αὐτοῦ· οὐ κατατενεῖς αὐτὸν ἐν τῷ μόχθῳ ἐνώπιόν σου.,14,ܐܝܟ ܐܓܝܪܐ ܫܢܐ ܒܫܢܐ ܢܗܘܐ ܥܡܗ. ܠܐ ܢܦܠܚܝܘܗܝ ܩܫܝܐܝܬ ܠܥܢܝ̈ܟ.,10,"Como servo contratado de ano em ano, estará com o comprador; o qual não dominará sobre ele com rigor diante dos teus olhos.",23,True,True,True
25,54,Levítico 25:54,וְאִם־ לֹ֥א יִגָּאֵ֖ל בְּאֵ֑לֶּה וְיָצָא֙ בִּשְׁנַ֣ת הַיֹּבֵ֔ל ה֖וּא וּבָנָ֥יו עִמּֽוֹ ׃,ואמ לא יגאל באלה ויצא בשנת היבל הוא ובניו עמו,11,ואם לא יתפרק באלין ויפוק בשתא דיובלא הוא ובנוהי עמיה:,10,"ἐὰν δὲ μὴ λυτρῶται μετὰ ταῦτα, ἐξελεύσεται ἐν τῷ ἔτει τῆς ἀφέσεως αὐτὸς καὶ τὰ παιδία αὐτοῦ μετ᾽ αὐτοῦ.",19,ܘܐܢ ܠܐ ܢܬܦܪܩ ܒܗܠܝܢ. ܢܦܘܩ ܒܫܢܬܐ ܕܦܘܢܝܐ. ܗܘ ܘܒܢ̈ܘܗܝ ܥܡܗ.,10,"E, se não for remido por nenhum desses meios, sairá livre no ano do jubileu, e com ele seus filhos.",20,True,True,True
25,55,Levítico 25:55,כִּֽי־ לִ֤י בְנֵֽי־ יִשְׂרָאֵל֙ עֲבָדִ֔ים עֲבָדַ֣י הֵ֔ם אֲשֶׁר־ הוֹצֵ֥אתִי אוֹתָ֖ם מֵאֶ֣רֶץ מִצְרָ֑יִם אֲנִ֖י יְהוָ֥ה אֱלֹהֵיכֶֽם ׃,כי לי בני ישראל עבדימ עבדי המ אשר הוצאתי אותמ מארצ מצרימ אני יהוה אלהיכמ,16,ארי דילי בני ישראל עבדין עבדי אנון די אפיקית יתהון מארעא דמצרים אנא יי אלהכון:,15,ὅτι ἐμοὶ οἱ υἱοὶ Ἰσραὴλ οἰκέται εἰσίν· παῖδές μου οὗτοί εἰσιν οὕς ἐξήγαγον ἐκ γῆς Αἰγύπτου.,16,ܡܛܠ ܕܒܢ̈ܝ ܐܝܣܪܐܝܠ ܕܝܠܝ ܐܢܘܢ ܥܒ̇̈ܕܐ. ܥܒ̈ܕܝ ܐܢܘܢ ܕܐܦ̇ܩܬ ܐܢܘܢ ܡܢ ܐܪܥܐ ܕܡܨܪܝܢ. ܐܢܐ ܐܢܐ ܡܪܝܐ ܐܠܗܟܘܢ.,17,Porque os filhos de Israel são meus servos; eles são os meus servos que tirei da terra do Egito. Eu sou o Senhor vosso Deus.,25,True,True,True
26,1,Levítico 26:1,לֹֽא־ תַעֲשׂ֨וּ לָכֶ֜ם אֱלִילִ֗ם וּפֶ֤סֶל וּמַצֵּבָה֙ לֹֽא־ תָקִ֣ימוּ לָכֶ֔ם וְאֶ֣בֶן מַשְׂכִּ֗ית לֹ֤א תִתְּנוּ֙ בְּאַרְצְכֶ֔ם לְהִֽשְׁתַּחֲוֺ֖ת עָלֶ֑יהָ כִּ֛י אֲנִ֥י יְהוָ֖ה אֱלֹהֵיכֶֽם ׃,לא תעשו לכמ אלילמ ופסל ומצבה לא תקימו לכמ ואבנ משכית לא תתנו בארצכמ להשתחות עליה כי אני יהוה אלהיכמ,21,לא תעבדון לכון טעון וצלם וקמא לא תקימון לכון ואבן סגדא לא תתנון בארעכון למסגד עלה ארי אנא יי אלהכון:,20,"Ἐγὼ Κύριος ὁ θεὸς ὑμῶν· οὐ ποιήσετε ὑμῖν αὐτοῖς χειροποίητα οὐδὲ γλυπτά, οὐδὲ στήλην ἀναστήσετε ὑμῖν, οὐδὲ λίθον σκοπὸν θήσετε ἐν τῇ γῇ ὑμῶν προσκυνῆσαι αὐτῷ· ἐγώ εἰμι Κύριος ὁ θεὸς ὑμῶν.",32,ܠܐ ܬܥܒܕܘܢ ܠܟܘܢ ܕܚ̈ܠܬܐ ܘܨ̈ܠܡܐ . ܘܩܝܡ̈ܬܐ ܠܐ ܬܩܝܡܘܢ ܠܟܘܢ. ܘܟܐ̈ܦܐ ܕܣ̈ܓܕܬܐ ܠܐ ܬܥܒܕܘܢ ܒܐܪܥܟܘܢ. ܘܠܐ ܬܣܓܕܘܢ ܠܗܝܢ. ܐܢܐ ܐܢܐ ܡܪܝܐ ܐܠܗܟܘܢ.,22,"Não fareis para vós ídolos, nem para vós levantareis imagem esculpida, nem coluna, nem poreis na vossa terra pedra com figuras, para vos inclinardes a ela; porque eu sou o Senhor vosso Deus.",33,True,True,True
26,2,Levítico 26:2,אֶת־ שַׁבְּתֹתַ֣י תִּשְׁמֹ֔רוּ וּמִקְדָּשִׁ֖י תִּירָ֑אוּ אֲנִ֖י יְהוָֽה ׃ ס,את שבתתי תשמרו ומקדשי תיראו אני יהוה ס,9,ית יומי שביא דילי תטרון ולבית מקדשי תהון דחלין אנא יי:,11,"τὰ σάββατά μου φυλάξεσθε, καὶ ἀπὸ τῶν ἁγίων μου φοβηθήσεσθε· ἐγώ εἰμι Κύριος.",13,ܦܘܩ̈ܕܢܝ ܛܪܘ. ܘܡܢ ܡܩܕܫܝ ܕܚܠܘ. ܐܢܐ ܐܢܐ ܡܪܝܐ.,8,"Guardareis os meus sábados, e reverenciareis o meu santuário. Eu sou o Senhor.",13,True,True,True
26,3,Levítico 26:3,אִם־ בְּחֻקֹּתַ֖י תֵּלֵ֑כוּ וְאֶת־ מִצְוֺתַ֣י תִּשְׁמְר֔וּ וַעֲשִׂיתֶ֖ם אֹתָֽם ׃,אמ בחקתי תלכו ואת מצותי תשמרו ועשיתמ אתמ,9,אם בקימי תהכון וית פקודי תטרון ותעבדון יתהון:,8,"Ἐὰν τοῖς προστάγμασίν μου πορεύησθε, καὶ τὰς ἐντολάς μου φυλάσσησθε καὶ ποιήσητε αὐτάς,",13,ܐܢ ܒܢܡ̈ܘܣܝ ܬܗܠܟܘܢ ܘܦܘܩ̈ܕܢܝ ܬܛܪܘܢ. ܘܬܥܒܕܘܢ ܐܢܘܢ.,7,"Se andardes nos meus estatutos, e guardardes os meus mandamentos e os cumprires,",13,True,True,True
26,4,Levítico 26:4,וְנָתַתִּ֥י גִשְׁמֵיכֶ֖ם בְּעִתָּ֑ם וְנָתְנָ֤ה הָאָ֨רֶץ֙ יְבוּלָ֔הּ וְעֵ֥ץ הַשָּׂדֶ֖ה יִתֵּ֥ן פִּרְיֽוֹ ׃,ונתתי גשמיכמ בעתמ ונתנה הארצ יבולה ועצ השדה יתנ פריו,11,ואתן מטריכון בעדנהון ותתן ארעא עללתא ואילן חקלא יתן אביה:,10,"καὶ δώσω τὸν ὑετὸν ὑμῖν ἐν καιρῷ αὐτοῦ, καὶ ἡ γῆ δώσει τὰ γενήματα αὐτῆς, καὶ τὰ ξύλα τῶν πεδίων ἀποδώσει τὸν καρπὸν αὐτῶν·",24,ܐܬܠ ܡܛܪ̈ܝܟܘܢ ܒܙܒܢܗܘܢ. ܘܐܪܥܐ ܬܬܠ ܥ̈ܠܠܬܗ̇. ܘܐܝܠܢܐ ܕܚܩܠܐ ܢܬܠ ܦܐܪ̈ܘܗܝ.,10,"eu vos darei as vossas chuvas a seu tempo, e a terra dará o seu produto, e as árvores do campo darão os seus frutos;",25,True,True,True
26,5,Levítico 26:5,וְהִשִּׂ֨יג לָכֶ֥ם דַּ֨יִשׁ֙ אֶת־ בָּצִ֔יר וּבָצִ֖יר יַשִּׂ֣יג אֶת־ זָ֑רַע וַאֲכַלְתֶּ֤ם לַחְמְכֶם֙ לָשֹׂ֔בַע וִֽישַׁבְתֶּ֥ם לָבֶ֖טַח בְּאַרְצְכֶֽם ׃,והשיג לכמ דיש את בציר ובציר ישיג את זרע ואכלתמ לחמכמ לשבע וישבתמ לבטח בארצכמ,16,ויערע לכון דישא ית קטפא וקטפא יערע לאפוקי בר זרעא ותיכלון לחמכון למשבע ותיתבון לרחצן בארעכון:,16,"καὶ καταλήμψεται ὑμῖν ὁ ἄμητος τὸν τρύγητον, καὶ ὁ τρύγητος καταλήμψεται τὸν σπόρον, καὶ φάγεσθε τὸν ἄρτον ὑμῶν εἰς πλησμονήν, καὶ κατοικήσετε μετὰ ἀσφαλίας ἐπὶ τῆς γῆς ὑμῶν, καὶ πόλεμος οὐ διελεύσεται διὰ τῆς γῆς ὑμῶν·",36,ܘܬܕܪܟ ܕܪܟܬܐ ܠܩܛܦܐ. ܘܩܛܦܐ ܢܕܪܟ ܠܙܪܥܐ. ܘܬܐܟܠܘܢ ܠܚܡܟܘܢ ܘܬܣܒܥܘܢ ܘܬܬܒܘܢ ܒܐܪܥܟܘܢ ܒܫܠܝܐ.,12,"a debulha vos continuará até a vindima, e a vindima até a semeadura; comereis o vosso pão a fartar, e habitareis seguros na vossa terra.",25,True,True,True
26,6,Levítico 26:6,וְנָתַתִּ֤י שָׁלוֹם֙ בָּאָ֔רֶץ וּשְׁכַבְתֶּ֖ם וְאֵ֣ין מַחֲרִ֑יד וְהִשְׁבַּתִּ֞י חַיָּ֤ה רָעָה֙ מִן־ הָאָ֔רֶץ וְחֶ֖רֶב לֹא־ תַעֲבֹ֥ר בְּאַרְצְכֶֽם ׃,ונתתי שלומ בארצ ושכבתמ ואינ מחריד והשבתי חיה רעה מנ הארצ וחרב לא תעבר בארצכמ,16,ואתן שלמא בארעא ותשרון ולית דמניד ואבטל חיתא בשתא מן ארעא ודקטלין בחרבא לא יעדון בארעכון:,16,"καὶ δώσω εἰρήνην ἐν τῇ γῇ ὑμῶν, καὶ κοιμηθήσεσθε καὶ οὐκ ἔσται ὑμᾶς ὁ ἐκφοβῶν, καὶ ἀπολῶ θηρία πονηρὰ ἐκ τῆς γῆς ὑμῶν.",23,ܘܐܬܠ ܫܠܡܐ ܒܐܪܥܟܘܢ. ܘܬܕܡܟܘܢ ܘܠܐ ܢܗܘܐ ܕܡܕܚܠ ܠܟܘܢ. ܘܐܒܛܠ ܚܝܘܬܐ ܒܝܫܬܐ ܡܢ ܐܪܥܐ. ܘܚܪܒܐ ܠܐ ܬܥܒܪ ܒܐܪܥܟܘܢ.,17,"Também darei paz na terra, e vos deitareis, e ninguém vos amedrontará. Farei desaparecer da terra os animais nocivos, e pela vossa terra não passará espada.",26,True,True,True
26,7,Levítico 26:7,וּרְדַפְתֶּ֖ם אֶת־ אֹיְבֵיכֶ֑ם וְנָפְל֥וּ לִפְנֵיכֶ֖ם לֶחָֽרֶב,ורדפתמ את איביכמ ונפלו לפניכמ לחרב,6,ותרדפון ית בעלי דבביכון ויפלון קדמיכון לחרבא:,7,"καὶ διώξεσθε τοὺς ἐχθροὺς ὑμῶν, καὶ πεσοῦνται ἐναντίον ὑμῶν φόνῳ·",10,ܘܬܪܕܦܘܢ ܠܒ̈ܥܠܕܒܒܝܟܘܢ. ܘܢܦܠܘܢ ܩܕܡܝܟܘܢ ܒܚܪܒܐ.,5,"Perseguireis os vossos inimigos, e eles cairão à espada diante de vós.",12,True,True,True
26,8,Levítico 26:8,וְרָדְפ֨וּ מִכֶּ֤ם חֲמִשָּׁה֙ מֵאָ֔ה וּמֵאָ֥ה מִכֶּ֖ם רְבָבָ֣ה יִרְדֹּ֑פוּ וְנָפְל֧וּ אֹיְבֵיכֶ֛ם לִפְנֵיכֶ֖ם לֶחָֽרֶב ׃,ורדפו מכמ חמשה מאה ומאה מכמ רבבה ירדפו ונפלו איביכמ לפניכמ לחרב,13,וירדפון מנכון חמשא מאה ומאה מנכון לרבותא יעירקון ויפלון בעלי דבביכון קדמיכון לחרבא:,13,"καὶ διώξονται ἐξ ὑμῶν πέντε ἑκατόν, καὶ ἑκατὸν ὑμῶν διώξονται μυριάδας, καὶ πεσοῦνται οἱ ἐχθροὶ ὑμῶν ἐναντίον ὑμῶν μαχαίρᾳ.",19,ܘܢܪܕܦܘܢ ܚܡܫܐ ܡܢܟܘܢ ܠܡܐܐ. ܘܡܐܐ ܡܢܟܘܢ ܢܪܕܦܘܢ ܠܪܒܘܬܐ. ܘܢܦܠܘܢ ܒ̈ܥܠܕܒܒܝܟܘܢ ܩܕܡܝܟܘܢ ܒܚܪܒܐ.,12,"Cinco de vós perseguirão a um cento deles, e cem de vós perseguirão a dez mil; e os vossos inimigos cairão à espada diante de vos.",26,True,True,True
26,9,Levítico 26:9,וּפָנִ֣יתִי אֲלֵיכֶ֔ם וְהִפְרֵיתִ֣י אֶתְכֶ֔ם וְהִרְבֵּיתִ֖י אֶתְכֶ֑ם וַהֲקִימֹתִ֥י אֶת־ בְּרִיתִ֖י אִתְּכֶֽם ׃,ופניתי אליכמ והפריתי אתכמ והרביתי אתכמ והקימתי את בריתי אתכמ,11,ואתפני במימרי לאוטבא לכון ואפש יתכון ואסגי יתכון ואקם ית קימי עמכון:,12,"καὶ ἐπιβλέψω ἐφ᾽ ὑμᾶς, καὶ αὐξανῶ ὑμᾶς καὶ πληθυνῶ ὑμᾶς, καὶ στήσω τὴν διαθήκην μου μεθ᾽ ὑμῶν·",17,ܘܐܬܦܢܐ ܥܠܝܟܘܢ ܘܐܟܒܪܟܘܢ ܘܐܣܓܝܟܘܢ. ܘܐܩܝܡ ܩܝܡܝ ܥܡܟܘܢ.,7,"Outrossim, olharei para vós, e vos farei frutificar, e vos multiplicarei, e confirmarei o meu pacto convosco.",17,True,True,True
26,10,Levítico 26:10,וַאֲכַלְתֶּ֥ם יָשָׁ֖ן נוֹשָׁ֑ן וְיָשָׁ֕ן מִפְּנֵ֥י חָדָ֖שׁ תּוֹצִֽיאוּ ׃,ואכלתמ ישנ נושנ וישנ מפני חדש תוציאו,8,ותיכלון עתיקא דעתיק ועתיקא מן קדם חדתא תפנון:,8,"καὶ φάγεσθε παλαιὰ καὶ παλαιὰ παλαιῶν, καὶ παλαιὰ ἐκ προσώπου νέων ἐξοίσετε·",12,ܘܬܐܟܠܘܢ ܥܬܝܩܐ ܕܥܬܝܩ. ܘܥܬܝܩܐ ܡܢ ܩܕܡ ܚܕܬܐ ܬܦܩܘܢ.,8,"E comereis da colheita velha por longo tempo guardada, até afinal a removerdes para dar lugar à nova.",18,True,True,True
26,11,Levítico 26:11,וְנָתַתִּ֥י מִשְׁכָּנִ֖י בְּתוֹכְכֶ֑ם וְלֹֽא־ תִגְעַ֥ל נַפְשִׁ֖י אֶתְכֶֽם ׃,ונתתי משכני בתוככמ ולא תגעל נפשי אתכמ,8,ואתן משכני ביניכון ולא ירחק מימרי יתכון:,7,"καὶ θήσω τὴν διαθήκην μου ἐν ὑμῖν, καὶ οὐ βδελύξεται ἡ ψυχή μου ὑμᾶς·",14,ܘܐܬܠ ܡܫܟܢܝ ܒܝܢܬܟܘܢ. ܘܠܐ ܬܓܥܨ ܢܦܫܝ ܡܢܟܘܢ.,7,"Também porei o meu tabernáculo no meio de vós, e a minha alma não vos abominará.",16,True,True,True
26,12,Levítico 26:12,וְהִתְהַלַּכְתִּי֙ בְּת֣וֹכְכֶ֔ם וְהָיִ֥יתִי לָכֶ֖ם לֵֽאלֹהִ֑ים וְאַתֶּ֖ם תִּהְיוּ־ לִ֥י לְעָֽם ׃,והתהלכתי בתוככמ והייתי לכמ לאלהימ ואתמ תהיו לי לעמ,10,ואשרי שכינתי ביניכון ואהוי לכון לאלה ואתון תהון קדמי לעם:,10,"καὶ ἐνπεριπατήσω ἐν ὑμῖν καὶ ἔσομαι ὑμῖν θεός, καὶ ὑμεῖς ἔσεσθέ μου λαός.",13,ܘܐܗܠܟ ܒܝܢܬܟܘܢ. ܘܐܗܘܐ ܠܟܘܢ ܐܠܗܐ. ܘܐܢܬܘܢ ܬܗܘܘܢ ܠܝ ܥܡܐ.,9,"Andarei no meio de vós, e serei o vosso Deus, e vós sereis o meu povo.",16,True,True,True
26,13,Levítico 26:13,אֲנִ֞י יְהוָ֣ה אֱלֹֽהֵיכֶ֗ם אֲשֶׁ֨ר הוֹצֵ֤אתִי אֶתְכֶם֙ מֵאֶ֣רֶץ מִצְרַ֔יִם מִֽהְיֹ֥ת לָהֶ֖ם עֲבָדִ֑ים וָאֶשְׁבֹּר֙ מֹטֹ֣ת עֻלְּכֶ֔ם וָאוֹלֵ֥ךְ אֶתְכֶ֖ם קֽוֹמְמִיּֽוּת ׃ פ,אני יהוה אלהיכמ אשר הוצאתי אתכמ מארצ מצרימ מהית להמ עבדימ ואשבר מטת עלכמ ואולכ אתכמ קוממיות פ,19,אנא יי אלהכון די אפקית יתכון מארעא דמצרים מלמהוי להון עבדין ותברית ניר עממיא מנכון ודברית יתכון לחרותא:,18,"ἐγώ εἰμι Κύριος ὁ θεὸς ὑμῶν ὁ ἐξαγαγὼν ὑμᾶς ἐκ γῆς Αἰγύπτου, ὄντων ὑμῶν δούλων, καὶ συνέτριψα τὸν δεσμὸν τοῦ ζυγοῦ ὑμῶν καὶ ἤγαγον ὑμᾶς μετὰ παρρησίας.",27,ܐܢܐ ܐܢܐ ܡܪܝܐ ܐܠܗܟܘܢ. ܕܐܦܩ̇ܬܟܘܢ ܡܢ ܐܪܥܐ ܕܡܨܪܝܢ. ܕܠܐ ܬܗܘܘܢ ܠܗܘܢ ܥܒ̈ܕܐ. ܘܬܒ̇ܪܬ ܢܝܪܐ ܕܫܘܥܒܕܟܘܢ. ܘܗܠܟܬܟܘܢ ܒܩܘܡܬܐ ܦܫܝܛܬܐ.,18,"Eu sou o Senhor vosso Deus, que vos tirei da terra dos egípcios, para que não fôsseis seus escravos; e quebrei os canzis do vosso jugo, e vos fiz andar erguidos.",31,True,True,True
26,14,Levítico 26:14,וְאִם־ לֹ֥א תִשְׁמְע֖וּ לִ֑י וְלֹ֣א תַעֲשׂ֔וּ אֵ֥ת כָּל־ הַמִּצְוֺ֖ת הָאֵֽלֶּה ׃,ואמ לא תשמעו לי ולא תעשו את כל המצות האלה,11,ואם לא תקבלון למימרי ולא תעבדון ית כל פקודיא האלין:,10,"Ἐὰν δὲ μὴ ὑπακούσητέ μου, μηδὲ ποιήσητε τὰ προστάγματά μου ταῦτα,",11,ܐܢ ܠܐ ܕܝܢ ܬܫܡܥܘܢܢܝ. ܘܠܐ ܬܥܒܕܘܢ ܗܠܝܢ ܟܠܗܘܢ ܦܘܩ̈ܕܢܐ.,9,"Mas, se não me ouvirdes, e não cumprirdes todos estes mandamentos,",11,True,True,True
26,15,Levítico 26:15,וְאִם־ בְּחֻקֹּתַ֣י תִּמְאָ֔סוּ וְאִ֥ם אֶת־ מִשְׁפָּטַ֖י תִּגְעַ֣ל נַפְשְׁכֶ֑ם לְבִלְתִּ֤י עֲשׂוֹת֙ אֶת־ כָּל־ מִצְוֺתַ֔י לְהַפְרְכֶ֖ם אֶת־ בְּרִיתִֽי ׃,ואמ בחקתי תמאסו ואמ את משפטי תגעל נפשכמ לבלתי עשות את כל מצותי להפרכמ את בריתי,17,ואם בקימי תקוצון ואם ית דיני תרחק נפשכון בדיל דלא למעבד ית כל פקודי לאשניותכון ית קימי:,17,"ἀλλὰ ἀπειθήσητε αὐτοῖς, καὶ τοῖς κρίμασίν μου προσοχθίσῃ ἡ ψυχὴ ὑμῶν ὥστε ὑμᾶς μὴ ποιεῖν πάσας τὰς ἐντολάς μου, ὥστε διασκεδάσαι τὴν διαθήκην μου·",24,ܐܢ ܢܡܘ̈ܣܝ ܬܣܠܘܢ. ܘܒܕܝܢ̈ܝ ܬܓܥܨ ܢܦܫܟܘܢ. ܘܠܐ ܬܥܒܕܘܢ ܟܠܗܘܢ ܦܘܩ̈ܕܢܝ. ܘܩܝ̈ܡܝ ܬܒܛܠܘܢ.,12,"e se rejeitardes os meus estatutos, e a vossa alma desprezar os meus preceitos, de modo que não cumprais todos os meus mandamentos, mas violeis o meu pacto,",28,True,True,True
26,16,Levítico 26:16,אַף־ אֲנִ֞י אֶֽעֱשֶׂה־ זֹּ֣את לָכֶ֗ם וְהִפְקַדְתִּ֨י עֲלֵיכֶ֤ם בֶּֽהָלָה֙ אֶת־ הַשַּׁחֶ֣פֶת וְאֶת־ הַקַּדַּ֔חַת מְכַלּ֥וֹת עֵינַ֖יִם וּמְדִיבֹ֣ת נָ֑פֶשׁ וּזְרַעְתֶּ֤ם לָרִיק֙ זַרְעֲכֶ֔ם וַאֲכָלֻ֖הוּ אֹיְבֵיכֶֽם ׃,אפ אני אעשה זאת לכמ והפקדתי עליכמ בהלה את השחפת ואת הקדחת מכלות עינימ ומדיבת נפש וזרעתמ לריק זרעכמ ואכלהו איביכמ,22,אף אנא אעבד דא לכון ואסער עליכון בהלתא ית שחפתא וית קדחתא מחשכן עינין ומפחן נפש ותזרעון לריקנון זרעכון וייכלניה בעלי דבביכון:,22,"καὶ ἐγὼ ποιήσω οὕτως ὑμῖν, καὶ ἐπισυστήσω ἐφ᾽ ὑμᾶς τήν ἀπορίαν τήν τε ψώραν καὶ τὸν ἴκτερα καὶ σφακελίζοντας τοὺς ὀφθαλμοὺς ὑμῶν καὶ τὴν ψυχὴν ὑμῶν ἐκτήκουσαν· καὶ σπερεῖτε διὰ κενῆς τὰ σπέρματα ὑμῶν καὶ ἔδονται οἱ ὑπεναντίοι ὑμῶν.",39,ܐܦ ܐܢܐ ܗܟܢܐ ܐܥܒܕ ܠܟܘܢ. ܐܦܩܘܕ ܥܠܝܟܘܢ ܬܗܪܐ. ܘܓܪܒܐ ܘܩܠܦܝܬܐ. ܘܪܕܝܐ ܕܡܓܡܪ ܥܝ̈ܢܐ. ܘܡܕܝܒ ܢܦܫܐ. ܘܬܙܪܥܘܢ ܙܪܥܟܘܢ ܣܪܝܩܐܝܬ. ܘܢܐܟܠܘܢܗ ܒ̈ܥܠܕܒܒܝܟܘܢ.,20,"então eu, com efeito, vos farei isto: porei sobre vós o terror, a tísica e a febre ardente, que consumirão os olhos e farão definhar a vida; em vão semeareis a vossa semente, pois os vossos inimigos a comerão.",39,True,True,True
26,17,Levítico 26:17,וְנָתַתִּ֤י פָנַי֙ בָּכֶ֔ם וְנִגַּפְתֶּ֖ם לִפְנֵ֣י אֹיְבֵיכֶ֑ם וְרָד֤וּ בָכֶם֙ שֹֽׂנְאֵיכֶ֔ם וְנַסְתֶּ֖ם וְאֵין־ רֹדֵ֥ף אֶתְכֶֽם ׃ ס,ונתתי פני בכמ ונגפתמ לפני איביכמ ורדו בכמ שנאיכמ ונסתמ ואינ רדפ אתכמ ס,15,ואתן רוגזי בכון ותתברון קדם בעלי דבביכון וירדון בכון סנאכון ותעירקון ולית דרדיף יתכון:,14,"καὶ ἐπιστήσω τὸ πρόσωπόν μου ἐφ᾽ ὑμᾶς, καὶ πεσεῖσθε ἐναντίον τῶν ἐχθρῶν, καὶ διώξονται ὑμᾶς οἱ μισοῦντες ὑμᾶς, καὶ φεύξεσθε οὐθενὸς διώκοντος ὑμᾶς.",23,ܘܐܬܠ ܪܘܓܙܝ ܒܟܘܢ ܘܬܬܒܪܘܢ ܩܕܡ ܒ̈ܥܠܕܒܒܝܟܘܢ. ܘܢܫܬܠܛܘܢ ܒܟܘܢ ܣܢܐ̈ܝܟܘܢ. ܘܬܥܪܩܘܢ ܟܕ ܠܝܬ ܕܪܕܦ ܠܟܘܢ.,14,"Porei o meu rosto contra vós, e sereis feridos diante de vossos inimigos; os que vos odiarem dominarão sobre vós, e fugireis sem que ninguém vos persiga.",27,True,True,True
26,18,Levítico 26:18,וְאִ֨ם־ עַד־ אֵ֔לֶּה לֹ֥א תִשְׁמְע֖וּ לִ֑י וְיָסַפְתִּי֙ לְיַסְּרָ֣ה אֶתְכֶ֔ם שֶׁ֖בַע עַל־ חַטֹּאתֵיכֶֽם ׃,ואמ עד אלה לא תשמעו לי ויספתי ליסרה אתכמ שבע על חטאתיכמ,13,ואם עד אלין לא תקבלון למימרי ואוסף למרדי יתכון שבע על חוביכון:,12,"καὶ ἐὰν ἕως τούτου μὴ ὑπακούσητέ μου, καὶ προσθήσω τοῦ παιδεῦσαι ὑμᾶς ἑπτάκις ἐπὶ ταῖς ἁμαρτίαις ὑμῶν·",17,ܘܐܢ ܬܘܒ ܒܗܠܝܢ ܠܐ ܬܫܡܥܘܢܢܝ. ܐܘܣܦ ܠܡܪܕܟܘܢ ܚܕ ܒܫܒܥܐ ܠܚ̈ܛܗܝܟܘܢ.,10,"Se nem ainda com isto me ouvirdes, prosseguirei em castigar-vos sete vezes mais, por causa dos vossos pecados.",18,True,True,True
26,19,Levítico 26:19,וְשָׁבַרְתִּ֖י אֶת־ גְּא֣וֹן עֻזְּכֶ֑ם וְנָתַתִּ֤י אֶת־ שְׁמֵיכֶם֙ כַּבַּרְזֶ֔ל וְאֶֽת־ אַרְצְכֶ֖ם כַּנְּחֻשָֽׁה ׃,ושברתי את גאונ עזכמ ונתתי את שמיכמ כברזל ואת ארצכמ כנחשה,12,ואתבר ית יקר תקפכון ואתן ית שמיא די עלויכון תקיפין כפרזלא מלאחתא מטרא וארעא דתחותיכון חסינא כנחשא מלמעבד פירין:,19,"καὶ συντρίψω τὴν ὕβριν τῆς ὑπερηφανίας ὑμῶν, καὶ θήσω τὸν οὐρανὸν ὑμῖν σιδηροῦν καὶ τὴν γῆν ὑμῶν ὡσεὶ χαλκῆν.",19,ܘܐܬܒܪ ܓܐܝܘܬܐ ܕܥܘܫܢܟܘܢ. ܘܐܥܒܕ ܫܡ̈ܝܟܘܢ ܐܝܟ ܦܪܙܠܐ. ܘܐܪܥܟܘܢ ܐܝܟ ܢܚܫܐ.,10,"Pois quebrarei a soberba do vosso poder, e vos farei o céu como ferro e a terra como bronze.",19,True,True,True
26,20,Levítico 26:20,וְתַ֥ם לָרִ֖יק כֹּחֲכֶ֑ם וְלֹֽא־ תִתֵּ֤ן אַרְצְכֶם֙ אֶת־ יְבוּלָ֔הּ וְעֵ֣ץ הָאָ֔רֶץ לֹ֥א יִתֵּ֖ן פִּרְיֽוֹ ׃,ותמ לריק כחכמ ולא תתנ ארצכמ את יבולה ועצ הארצ לא יתנ פריו,14,ויסופון לריקנו חיליכון ולא תתן ארעכון ית עללתה ואילן ארעא לא יתן אביה:,13,"καὶ ἔσται εἰς κενὸν ἡ ἰσχὺς ὑμῶν, καὶ οὐ δώσει ἡ γῆ ὑμῶν τὸν σπόρον αὐτῆς, καὶ τὸ ξύλον τοῦ ἀγροῦ ὑμῶν οὐ δώσει τὸν καρπὸν αὐτοῦ.",27,ܘܢܓܡܪ ܚܝܠܟܘܢ ܒܣܪܝܩܘܬܐ. ܘܐܪܥܟܘܢ ܠܐ ܬܬܠ ܥ̈ܠܠܬܗ̇. ܘܐ̈ܝܠܢܐ ܕܐܪܥܐ ܠܐ ܢܬܠܘܢ ܦܐܪ̈ܝܗܘܢ.,12,"Em vão se gastará a vossa força, porquanto a vossa terra não dará o seu produto, nem as árvores da terra darão os seus frutos.",25,True,True,True
26,21,Levítico 26:21,וְאִם־ תֵּֽלְכ֤וּ עִמִּי֙ קֶ֔רִי וְלֹ֥א תֹאב֖וּ לִשְׁמֹ֣עַֽ לִ֑י וְיָסַפְתִּ֤י עֲלֵיכֶם֙ מַכָּ֔ה שֶׁ֖בַע כְּחַטֹּאתֵיכֶֽם ׃,ואמ תלכו עמי קרי ולא תאבו לשמע לי ויספתי עליכמ מכה שבע כחטאתיכמ,14,ואם תהכון קדמי בקשיו ולא תיבון לקבלא למימרי ואוסף לאתאה עליכון מחא שבע כחוביכון:,14,"καὶ ἐὰν μετὰ ταῦτα πορεύησθε πλάγιοι καὶ μὴ βούλησθε ὑπακούειν μου, προσθήσω ὑμῖν πληγὰς ἑπτὰ κατὰ τὰς ἁμαρτίας ὑμῶν·",19,ܘܐܢ ܬܗܠܟܘܢ ܥܡܝ ܩܪܝܐܝܬ. ܘܠܐ ܬܨܒܘܢ ܠܡܫܡܥܢܝ. ܐܘܣܦ ܥܠܝܟܘܢ ܡܚ̈ܘܬܐ ܚܕ ܒܫܒܥܐ ܠܚ̈ܛܗܝܟܘܢ.,13,"Ora, se andardes contrariamente para comigo, e não me quiseres ouvir, trarei sobre vos pragas sete vezes mais, conforme os vossos pecados.",22,True,True,True
26,22,Levítico 26:22,וְהִשְׁלַחְתִּ֨י בָכֶ֜ם אֶת־ חַיַּ֤ת הַשָּׂדֶה֙ וְשִׁכְּלָ֣ה אֶתְכֶ֔ם וְהִכְרִ֨יתָה֙ אֶת־ בְּהֶמְתְּכֶ֔ם וְהִמְעִ֖יטָה אֶתְכֶ֑ם וְנָשַׁ֖מּוּ דַּרְכֵיכֶֽם ׃,והשלחתי בכמ את חית השדה ושכלה אתכמ והכריתה את בהמתכמ והמעיטה אתכמ ונשמו דרכיכמ,15,ואגרי בכון ית חות ברא ותתכל יתכון ותשיצי ית בעירכון ותזער יתכון ויצדין אורחתכון:,14,"καὶ ἀποστέλλω ἐφ᾽ ὑμᾶς τὰ θήρια τὰ ἄγρια τῆς γῆς καὶ κατέδεται ὑμᾶς καὶ ἐξαναλώσει τὰ κτήνη ὑμῶν, καὶ ὀλιγοστοὺς ποιήσω ὑμᾶς, καὶ ἐρημωθήσονται αἱ ὁδοὶ ὑμῶν.",27,ܘܐܫܕܪ ܥܠܝܟܘܢ ܚܝܘܬܐ ܕܚܩܠܐ ܘܬܓܙܝܟܘܢ . ܘܬܘܒܕ ܒܥܝܪ̈ܟܘܢ ܘܬܙܥܪܟܘܢ ܘܢܨ̈ܕܝܢ ܐܘܪ̈ܚܬܟܘܢ.,11,"Enviarei para o meio de vós as feras do campo, as quais vos desfilharão, e destruirão o vosso gado, e vos reduzirão a pequeno número; e os vossos caminhos se tornarão desertos.",32,True,True,True
26,23,Levítico 26:23,וְאִ֨ם־ בְּאֵ֔לֶּה לֹ֥א תִוָּסְר֖וּ לִ֑י וַהֲלַכְתֶּ֥ם עִמִּ֖י קֶֽרִי ׃,ואמ באלה לא תוסרו לי והלכתמ עמי קרי,9,ואם באלין לא תתרדון למימרי ותהכון קדמי בקשיו:,8,"καὶ ἐπὶ τούτοις ἐὰν μὴ παιδευθῆτε ἀλλὰ πορεύησθε πρὸς μὲ πλάγιοι,",11,ܘܐܢ ܬܘܒ ܒܗܠܝܢ ܠܐ ܬܬܪܕܘܢ. ܘܬܗܠܟܘܢ ܥܡܝ ܩܪܝܐܝܬ.,8,"Se nem ainda com isto quiserdes voltar a mim, mas continuardes a andar contrariamente para comigo,",16,True,True,True
26,24,Levítico 26:24,וְהָלַכְתִּ֧י אַף־ אֲנִ֛י עִמָּכֶ֖ם בְּקֶ֑רִי וְהִכֵּיתִ֤י אֶתְכֶם֙ גַּם־ אָ֔נִי שֶׁ֖בַע עַל־ חַטֹּאתֵיכֶֽם ׃,והלכתי אפ אני עמכמ בקרי והכיתי אתכמ גמ אני שבע על חטאתיכמ,13,ואהך אף אנא עמכון בקשיו ואלקי יתכון אף אנא שבע על חוביכון:,12,"πορεύσομαι κἀγὼ μεθ᾽ ὑμῶν θυμῷ πλαγίῳ, καὶ πατάξω ὑμᾶς κἀγὼ ἑπτάκις ἀντὶ τῶν ἁμαρτιῶν ὑμῶν.",15,ܐܗܠܟ ܐܦ ܐܢܐ ܥܡܟܘܢ ܩܪܝܐܝܬ. ܘܐܡܚܝܟܘܢ ܐܦ ܐܢܐ ܚܕ ܒܫܒܥܐ ܠܚ̈ܛܗܝܟܘܢ.,11,"eu também andarei contrariamente para convosco; e eu, eu mesmo, vos ferirei sete vezes mais, por causa dos vossos pecados.",20,True,True,True
26,25,Levítico 26:25,וְהֵבֵאתִ֨י עֲלֵיכֶ֜ם חֶ֗רֶב נֹקֶ֨מֶת֙ נְקַם־ בְּרִ֔ית וְנֶאֱסַפְתֶּ֖ם אֶל־ עָרֵיכֶ֑ם וְשִׁלַּ֤חְתִּי דֶ֨בֶר֙ בְּת֣וֹכְכֶ֔ם וְנִתַּתֶּ֖ם בְּיַד־ אוֹיֵֽב ׃,והבאתי עליכמ חרב נקמת נקמ ברית ונאספתמ אל עריכמ ושלחתי דבר בתוככמ ונתתמ ביד אויב,16,ואיתי עליכון דקטלין בחרבא ויתפרעון מנכון פרענותא על דעברתון על פתגמי אוריתא ותתכנשון לקרויכון ואגרי מותנא ביניכון ותתמסרון בידא דסנאה:,20,"καὶ ἐπάξω ἐφ᾽ ὑμᾶς μάχαιραν ἐκδικοῦσαν δίκην διαθήκης, καὶ καταφεύξεσθε εἰς τὰς πόλεις ὑμῶν· καὶ ἐξαποστελῶ θάνατον εἰς ὑμᾶς, καὶ παραδοθήσεσθε εἰς χεῖρας ἐχθρῶν.",24,ܘܐܝܬܐ ܥܠܝܟܘܢ ܚܪܒܐ. ܕܡܬܦܪܥܐ ܦܘܪܥܢܐ ܕܩܝܡܐ. ܘܬܥܪܩܘܢ ܠܩܘܪ̈ܝܟܘܢ. ܘܐܫܕܪ ܒܟܘܢ ܡܘܬܢܐ. ܘܬܫܬܠܡܘܢ ܒܐܝܕܐ ܕܒ̈ܥܠܕܒܒܐ.,14,"Trarei sobre vós a espada, que executará a vingança do pacto, e vos aglomerareis nas vossas cidades; então enviarei a peste entre vós, e sereis entregues na mão do inimigo.",30,True,True,True
26,26,Levítico 26:26,בְּשִׁבְרִ֣י לָכֶם֮ מַטֵּה־ לֶחֶם֒ וְ֠אָפוּ עֶ֣שֶׂר נָשִׁ֤ים לַחְמְכֶם֙ בְּתַנּ֣וּר אֶחָ֔ד וְהֵשִׁ֥יבוּ לַחְמְכֶ֖ם בַּמִּשְׁקָ֑ל וַאֲכַלְתֶּ֖ם וְלֹ֥א תִשְׂבָּֽעוּ ׃ ס,בשברי לכמ מטה לחמ ואפו עשר נשימ לחמכמ בתנור אחד והשיבו לחמכמ במשקל ואכלתמ ולא תשבעו ס,18,בדאתבר לכון סעיד מיכלא ויפין עסר נשין לחמכון בתנורא חד ויתיבון לחמכון במתקלא ותוכלון ולא תשבעון:,16,"ἐν τῷ θλίψαι ὑμᾶς σιτοδείᾳ ἄρτων, καὶ πέψουσιν δέκα γυναῖκες τοὺς ἄρτους ὑμῶν ἐν κλιβάνῳ ἑνί, καὶ ἀποδώσουσιν τοὺς ἄρτους ὑμῶν ἐν σταθμῷ· καὶ φάγεσθε καὶ οὐ μὴ ἐμπλησθῆτε.",29,ܘܐܬܒܪ ܩܢܝܐ ܕܥܒܘܪܟܘܢ. ܘܢܐ̈ܦܝܢ ܥܣܪ̈ ܢܫ̈ܝܢ ܠܚܡܟܘܢ ܒܚܕ ܬܢܘܪ. ܘܢܬܠܢ ܠܟܘܢ ܠܚܡܐ ܒܡܬܩܠܐ. ܘܬܐܟܠܘܢ ܘܠܐ ܬܣܒܥܘܢ.,16,"Quando eu vos quebrar o sustento do pão, dez mulheres cozerão o vosso pão num só forno, e de novo vo-lo entregarão por peso; e comereis, mas não vos fartareis.",30,True,True,True
26,27,Levítico 26:27,וְאִ֨ם־ בְּזֹ֔את לֹ֥א תִשְׁמְע֖וּ לִ֑י וַהֲלַכְתֶּ֥ם עִמִּ֖י בְּקֶֽרִי ׃,ואמ בזאת לא תשמעו לי והלכתמ עמי בקרי,9,ואם בדא לא תקבלון למימרי ותהכון קדמי בקשיו:,8,"Ἐὰν δὲ ἐπὶ τούτοις μὴ ὑπακούσητέ μου καὶ πορεύησθε πρὸς μὲ πλάγιοι,",12,ܘܐܢ ܒܗܠܝܢ ܬܘܒ ܠܐ ܬܫܡܥܘܢܢܝ. ܘܬܗܠܟܘܢ ܥܡܝ ܩܪܝܐܝܬ.,8,"Se nem ainda com isto me ouvirdes, mas continuardes a andar contrariamente para comigo,",14,True,True,True
26,28,Levítico 26:28,וְהָלַכְתִּ֥י עִמָּכֶ֖ם בַּחֲמַת־ קֶ֑רִי וְיִסַּרְתִּ֤י אֶתְכֶם֙ אַף־ אָ֔נִי שֶׁ֖בַע עַל־ חַטֹּאתֵיכֶם ׃,והלכתי עמכמ בחמת קרי ויסרתי אתכמ אפ אני שבע על חטאתיכמ,12,ואהך עמכון בתקוף רגז וארדי יתכון אף אנא שבע על חוביכון:,11,"καὶ αὐτὸς πορεύσομαι μεθ᾽ ὑμῶν ἐν θυμῷ πλαγίῳ, καὶ παιδεύσω ὑμᾶς ἐγὼ ἑπτάκις κατὰ τὰς ἁμαρτίας ὑμῶν·",17,ܘܐܦ ܐܢܐ ܐܗܠܟ ܥܡܟܘܢ ܒܚܡܬܐ ܘܒܩܪܝܝܘܬܐ . ܘܐܪܕܝܟܘܢ ܚܕ ܒܫܒܥܐ ܠܚ̈ܛܗܝܟܘܢ.,11,"também eu andarei contrariamente para convosco com furor; e vos castigarei sete vezes mais, por causa dos vossos pecados.",19,True,True,True
26,29,Levítico 26:29,וַאֲכַלְתֶּ֖ם בְּשַׂ֣ר בְּנֵיכֶ֑ם וּבְשַׂ֥ר בְּנֹתֵיכֶ֖ם תֹּאכֵֽלוּ ׃,ואכלתמ בשר בניכמ ובשר בנתיכמ תאכלו,7,ותיכלון בשר בניכון ובשר בנתיכון תיכלון:,6,"καὶ φάγεσθε τὰς σάρκας τῶν υἱῶν ὑμῶν, καὶ τὰς σάρκας τῶν θυγατέρων ὑμῶν φάγεσθε·",14,ܘܬܐܟܠܘܢ ܒܣܪܐ ܕܒܢ̈ܝܟܘܢ. ܘܒܣܪܐ ܕܒܢ̈ܬܟܘܢ ܬܐܟܠܘܢ.,6,E comereis a carne de vossos filhos e a carne de vossas filhas.,13,True,True,True
26,30,Levítico 26:30,וְהִשְׁמַדְתִּ֞י אֶת־ בָּמֹֽתֵיכֶ֗ם וְהִכְרַתִּי֙ אֶת־ חַמָּ֣נֵיכֶ֔ם וְנָֽתַתִּי֙ אֶת־ פִּגְרֵיכֶ֔ם עַל־ פִּגְרֵ֖י גִּלּוּלֵיכֶ֑ם וְגָעֲלָ֥ה נַפְשִׁ֖י אֶתְכֶֽם ׃,והשמדתי את במתיכמ והכרתי את חמניכמ ונתתי את פגריכמ על פגרי גלוליכמ וגעלה נפשי אתכמ,16,ואשיצי ית במתיכון ואקצץ ית חניסנסיכון ואתן ית פגריכון על פגור טעותכון וירחק מימרי יתכון:,15,"καὶ ἐρημώσω τὰς στήλας ὑμῶν, καὶ ἐξολεθρεύσω τὰ ξύλινα χειροποίητα ὑμῶν, καὶ θήσω τὰ κῶλα ὑμῶν ἐπὶ τὰ κῶλα τῶν εἰδώλων ὑμῶν, καὶ προσοχθιεῖ ἡ ψυχή μου ὑμῖν·",28,ܘܐܚܪܒ ܦܪ̈ܟܝܟܘܢ ܘܐܘܒܕ ܕܚ̈ܠܬܟܘܢ. ܘܐܪܡܐ ܦܓܪ̈ܝܟܘܢ ܥܠ ܦܓܪ̈ܐ ܕܕܚ̈ܠܬܟܘܢ. ܘܬܓܥܨ ܢܦܫܝ ܡܢܟܘܢ.,12,"Destruirei os vossos altos, derrubarei as vossas imagens do sol, e lançarei os vossos cadáveres sobre os destroços dos vossos ídolos; e a minha alma vos abominará.",27,True,True,True
26,31,Levítico 26:31,וְנָתַתִּ֤י אֶת־ עָֽרֵיכֶם֙ חָרְבָּ֔ה וַהֲשִׁמּוֹתִ֖י אֶת־ מִקְדְּשֵׁיכֶ֑ם וְלֹ֣א אָרִ֔יחַ בְּרֵ֖יחַ נִיחֹֽחֲכֶֽם ׃,ונתתי את עריכמ חרבה והשמותי את מקדשיכמ ולא אריח בריח ניחחכמ,12,ואתן ית קרויכון צדא ואצדי ית מקדשיכון ולא אקבל ברעוא קרבן כנשתכון:,12,"καὶ θήσω τὰς πόλεις ὑμῶν ἐρήμους, καὶ ἐξερημώσω τὰ ἅγια ὑμῶν, καὶ οὐ μὴ ὀσφρανθῶ τῆς ὀσμῆς τῶν θυσιῶν ὑμῶν·",20,ܘܐܥܒܕ ܩܘܪ̈ܝܟܘܢ ܠܚܘܪܒܐ. ܘܐܨܕܐ ܡܩܕܫܟܘܢ. ܘܠܐ ܐܪܝܚ ܪܝܚܐ ܕܣܘܬܟܘܢ .,10,"Reduzirei as vossas cidades a deserto, e assolarei os vossos santuários, e não cheirarei o vosso cheiro suave.",18,True,True,True
26,32,Levítico 26:32,וַהֲשִׁמֹּתִ֥י אֲנִ֖י אֶת־ הָאָ֑רֶץ וְשָֽׁמְמ֤וּ עָלֶ֨יהָ֙ אֹֽיְבֵיכֶ֔ם הַיֹּשְׁבִ֖ים בָּֽהּ ׃,והשמתי אני את הארצ ושממו עליה איביכמ הישבימ בה,10,ואצדי אנא ית ארעא ויצריון עלה בעלי דבביכון דיתבון בה:,10,"καὶ ἐξερημώσω ἐγὼ τὴν γῆν ὑμῶν, καὶ θαυμάσονται ἐπ᾽ αὐτῇ οἱ ἐχθροὶ ὑμῶν οἱ ἐνοικοῦντες ἐν αὐτῇ·",17,ܘܐܚܪܒܝܗ̇ ܐܦ ܐܢܐ ܠܐܪܥܐ. ܘܢܬܡܗܘܢ ܥܠܝܗ̇ ܒ̈ܥܠܕܒܒܝܟܘܢ ܕܥܡ̇ܪܝܢ ܒܗ̇.,9,"Assolarei a terra, e sobre ela pasmarão os vossos inimigos que nela habitam.",13,True,True,True
26,33,Levítico 26:33,וְאֶתְכֶם֙ אֱזָרֶ֣ה בַגּוֹיִ֔ם וַהֲרִיקֹתִ֥י אַחֲרֵיכֶ֖ם חָ֑רֶב וְהָיְתָ֤ה אַרְצְכֶם֙ שְׁמָמָ֔ה וְעָרֵיכֶ֖ם יִהְי֥וּ חָרְבָּֽה ׃,ואתכמ אזרה בגוימ והריקתי אחריכמ חרב והיתה ארצכמ שממה ועריכמ יהיו חרבה,13,ויתכון אבדר ביני עממיא ואגרי בתריכון דקטלין בחרבא ותהי ארעכון צדיא וקרויכון יהון חרבא:,14,"καὶ διασπερῶ ὑμᾶς εἰς τὰ ἔθνη, καὶ ἐξαναλώσει ὑμᾶς ἐπιπορευομένη ἡ μάχαιρα· καὶ ἔσται ἡ γῆ ὑμῶν ἔρημος, καὶ αἱ πόλεις ὑμῶν ἔσονται ἔρημοι.",24,ܘܠܟܘܢ ܐܒܕܪ ܒܝܬ ܥܡ̈ܡܐ. ܘܐܫܡܘܛ ܒܬܪܟܘܢ ܣܝܦܐ. ܘܬܗܘܐ ܐܪܥܟܘܢ ܠܚܒܠܐ. ܘܩܘܪ̈ܝܟܘܢ ܢܗܘܝܢ ܠܚܘܪܒܐ.,13,"Espalhar-vos-ei por entre as nações e, desembainhando a espada, vos perseguirei; a vossa terra será assolada, e as vossas cidades se tornarão em deserto.",24,True,True,True
26,34,Levítico 26:34,אָז֩ תִּרְצֶ֨ה הָאָ֜רֶץ אֶת־ שַׁבְּתֹתֶ֗יהָ כֹּ֚ל יְמֵ֣י הֳשַׁמָּ֔ה וְאַתֶּ֖ם בְּאֶ֣רֶץ אֹיְבֵיכֶ֑ם אָ֚ז תִּשְׁבַּ֣ת הָאָ֔רֶץ וְהִרְצָ֖ת אֶת־ שַׁבְּתֹתֶֽיהָ ׃,אז תרצה הארצ את שבתתיה כל ימי השמה ואתמ בארצ איביכמ אז תשבת הארצ והרצת את שבתתיה,18,בכן תרעי ארעא ית שמטהא כל יומין די צדיאת ואתון בארע בעלי דבביכון בכן תשמט ארעא ותרעי ית שמטהא:,19,"τότε εὐδοκήσει ἡ γῆ τὰ σάββατα αὐτῆς καὶ πάσας τὰς ἡμέρας τῆς ἐρημώσεως αὐτῆς, καὶ ὑμεῖς ἔσεσθε ἐν τῇ γῇ τῶν ἐχθρῶν ὑμῶν· τότε σαββατιεῖ ἡ γῆ, καὶ εὐδοκήσει ἡ γῆ τὰ σάββατα αὐτῆς.",34,ܘܗܝܕܝܢ ܬܨܛܒܐ ܐܪܥܐ ܒܫ̈ܒܝܗ̇. ܟܠܗܘܢ ܝܘܡ̈ܬܐ ܕܨܕܝܘܬܗ̇. ܟܕ ܐܢܬܘܢ ܒܐܪܥܐ ܕܒ̈ܥܠܕܒܒܝܟܘܢ. ܘܗܝܕܝܢ ܬܫܒܬ ܐܪܥܐ ܘܬܨܛܒܐ ܒܫ̈ܒܝܗ̇.,16,"Então a terra folgará nos seus sábados, todos os dias da sua assolação, e vós estareis na terra dos vossos inimigos; nesse tempo a terra descansará, e folgará nos seus sábados.",31,True,True,True
26,35,Levítico 26:35,כָּל־ יְמֵ֥י הָשַּׁמָּ֖ה תִּשְׁבֹּ֑ת אֵ֣ת אֲשֶׁ֧ר לֹֽא־ שָׁבְתָ֛ה בְּשַׁבְּתֹתֵיכֶ֖ם בְּשִׁבְתְּכֶ֥ם עָלֶֽיהָ ׃,כל ימי השמה תשבת את אשר לא שבתה בשבתתיכמ בשבתכמ עליה,12,כל יומין די צדיאת תשמט ית די לא שמטת בשמטיכון כד הויתון יתבין עלה:,14,"πάσας τὰς ἡμέρας τῆς ἐρημώσεως αὐτῆς, σαββατιεῖ ἃ οὐκ ἐσαββάτισεν ἐν τοῖς σαββάτοις ὑμῶν, ἡνίκα κατῳκεῖτε αὐτήν.",17,ܟܠܗܘܢ ܝܘܡ̈ܬܐ ܕܨܕܝܘܬܗ̇ . ܬܫܒܬ ܥܠ ܕܠܐ ܐܫܒܬܬ ܒܫ̈ܒܝܟܘܢ. ܟܕ ܥܡ̇ܪܝܢ ܗܘܝܬܘܢ ܒܗ̇.,13,"Por todos os dias da assolação descansará, pelos dias que não descansou nos vossos sábados, quando nela habitáveis.",18,True,True,True
26,36,Levítico 26:36,וְהַנִּשְׁאָרִ֣ים בָּכֶ֔ם וְהֵבֵ֤אתִי מֹ֨רֶךְ֙ בִּלְבָבָ֔ם בְּאַרְצֹ֖ת אֹיְבֵיהֶ֑ם וְרָדַ֣ף אֹתָ֗ם ק֚וֹל עָלֶ֣ה נִדָּ֔ף וְנָס֧וּ מְנֻֽסַת־ חֶ֛רֶב וְנָפְל֖וּ וְאֵ֥ין רֹדֵֽף ׃,והנשארימ בכמ והבאתי מרכ בלבבמ בארצת איביהמ ורדפ אתמ קול עלה נדפ ונסו מנסת חרב ונפלו ואינ רדפ,19,ודישתארון בכון ואעל תברא בלבהון בארעתא דסנאיהון וירדוף יתהון קל טרפא דשקיף ויערקון כמעירוק מן קדם דקטלין בחרבא ויפלון ולית דרדיף:,21,"καὶ τοῖς καταλειφθεῖσιν ἐξ ὑμῶν ἐπάξω δουλίαν εἰς τὴν καρδίαν αὐτῶν ἐν τῇ γῇ τῶν ἐχθρῶν αὐτῶν, καὶ διώξεται αὐτοὺς φωνὴ φύλλου φερομένου, καὶ φεύξονται ὡς φεύγοντες ἀπὸ πολέμου, καὶ πεσοῦνται οὐθενὸς διώκοντος·",33,ܘܕܡܫܬܚܪܝܢ ܒܟܘܢ ܐܪܡܐ ܪܗܝܒܘܬܐ ܒܠܒܗܘܢ. ܒܐܪ̈ܥܬܐ ܕܒ̈ܥܠܕܒܒܝܗܘܢ. ܘܢܪܕܘܦ ܐܢܘܢ ܩܠ ܛܪܦܐ ܕܢܩ̇ܫ. ܘܢܥܪܩܘܢ ܐܝܟ ܕܥܪܩ̇ܝܢ ܡܢ ܩܕܡ ܣܝܦܐ. ܘܢܦܠܘܢ ܟܕ ܠܝܬ ܕܪܕܦ ܠܗܘܢ.,23,"E, quanto aos que de vós ficarem, eu lhes meterei pavor no coração nas terras dos seus inimigos; e o ruído de uma folha agitada os porá em fuga; fugirão como quem foge da espada, e cairão sem que ninguém os persiga;",42,True,True,True
26,37,Levítico 26:37,וְכָשְׁל֧וּ אִישׁ־ בְּאָחִ֛יו כְּמִפְּנֵי־ חֶ֖רֶב וְרֹדֵ֣ף אָ֑יִן וְלֹא־ תִֽהְיֶ֤ה לָכֶם֙ תְּקוּמָ֔ה לִפְנֵ֖י אֹֽיְבֵיכֶֽם ׃,וכשלו איש באחיו כמפני חרב ורדפ אינ ולא תהיה לכמ תקומה לפני איביכמ,14,ויתקלון גבר באחוהי כמקדם דקטלין בחרבא ורדיף לית ולא תהי לכון תקומה קדם בעלי דבביכון:,15,"καὶ ὑπερόψεται ὁ ἀδελφὸς τὸν ἀδελφὸν ὡσεὶ ἐν πολέμῳ οὐθενὸς κατατρέχοντος, καὶ οὐ δυνήσεσθε ἀντιστῆναι τοῖς ἐχθροῖς ὑμῶν.",18,ܘܢܬܬܩܠܘܢ ܓܒܪ ܒܐܚܘܗܝ ܐܝܟ ܕܡܢ ܩܕܡ ܚܪܒܐ. ܟܕ ܠܝܬ ܕܪܕܦ ܠܗܘܢ. ܘܠܐ ܬܗܘܐ ܠܗܘܢ ܩܝܡܬܐ ܩܕܡ ܒܥܠܕܒܒܝ̈ܗܘܢ .,18,"sim, embora não haja quem os persiga, tropeçarão uns sobre os outros como diante da espada; e não podereis resistir aos vossos inimigos.",23,True,True,True
26,38,Levítico 26:38,וַאֲבַדְתֶּ֖ם בַּגּוֹיִ֑ם וְאָכְלָ֣ה אֶתְכֶ֔ם אֶ֖רֶץ אֹיְבֵיכֶֽם ׃,ואבדתמ בגוימ ואכלה אתכמ ארצ איביכמ,7,ותבדון ביני עממיא ותגמר יתכון ארע בעלי דבביכון:,8,"καὶ ἀπολεῖσθε ἐν τοῖς ἔθνεσιν, καὶ κατέδεται ὑμᾶς ἡ γῆ τῶν ἐχθρῶν ὑμῶν·",13,ܘܬܐܒܕܘܢ ܒܝܬ ܥܡ̈ܡܐ. ܘܬܐܟܘܠܟܘܢ ܐܪܥܐ ܕܒ̈ܥܠܕܒܒܝܟܘܢ.,6,"Assim perecereis entre as nações, e a terra dos vossos inimigos vos devorará;",13,True,True,True
26,39,Levítico 26:39,וְהַנִּשְׁאָרִ֣ים בָּכֶ֗ם יִמַּ֨קּוּ֙ בַּֽעֲוֺנָ֔ם בְּאַרְצֹ֖ת אֹיְבֵיכֶ֑ם וְאַ֛ף בַּעֲוֺנֹ֥ת אֲבֹתָ֖ם אִתָּ֥ם יִמָּֽקּוּ ׃,והנשארימ בכמ ימקו בעונמ בארצת איביכמ ואפ בעונת אבתמ אתמ ימקו,12,ודישתארון בכון יתמסון בחוביהון בארעתא בעלי דבביכון ואף בחובי אבהתהון בישיא דאחידין בידיהון יתמסון:,14,καὶ οἱ καταλειφθέντες ἀφ᾽ ὑμῶν καταφθαρήσονται διὰ τὰς ἁμαρτίας ὑμῶν· ἐν τῇ γῇ τῶν ἐχθρῶν αὐτῶν τακήσονται.,17,ܘܐܝܠܝܢ ܕܡܫܬܚܪܝܢ ܒܟܘܢ ܢܬܡܣܘܢ ܒܥܘܠܗܘܢ. ܒܐܪܥܐ ܕܒ̈ܥܠܕܒܒܝܗܘܢ. ܘܐܦ ܒܥܘܠܐ ܕܐ̈ܒܗܝܗܘܢ ܗܢܘܢ ܢܬܡܣܘܢ.,12,"e os que de vós ficarem definharão pela sua iniqüidade nas terras dos vossos inimigos, como também pela iniqüidade de seus pais.",22,True,True,True
26,40,Levítico 26:40,וְהִתְוַדּ֤וּ אֶת־ עֲוֺנָם֙ וְאֶת־ עֲוֺ֣ן אֲבֹתָ֔ם בְּמַעֲלָ֖ם אֲשֶׁ֣ר מָֽעֲלוּ־ בִ֑י וְאַ֕ף אֲשֶׁר־ הָֽלְכ֥וּ עִמִּ֖י בְּקֶֽרִי ׃,והתודו את עונמ ואת עונ אבתמ במעלמ אשר מעלו בי ואפ אשר הלכו עמי בקרי,16,ויודון ית חוביהון וית חובי אבהתהון בשקרהון דשקרו קדמי ואף די הליכו קדמי בקשיו:,14,"καὶ ἐξαγορεύσουσιν τὰς ἁμαρτίας αὐτῶν καὶ τὰς ἁμαρτίας τῶν πατέρων αὐτῶν, ὅτι παρέβησαν καὶ ὑπερεῖδόν με, καὶ ὅτι ἐπορεύθησαν ἐναντίον μου πλάγιοι,",22,ܘܢܘܕܘܢ ܥܘܠܗܘܢ ܘܥܘܠܐ ܕܐ̈ܒܗܝܗܘܢ. ܒܥܘܠܐ ܕܐܥܠܝܘ ܒܝ. ܘܕܗܠܟܘ ܥܡܝ ܒܩܪܝܝܘܬܐ .,11,"Então confessarão a sua iniqüidade, e a iniqüidade de seus pais, com as suas transgressões, com que transgrediram contra mim; igualmente confessarão que, por terem andado contrariamente para comigo,",29,True,True,True
26,41,Levítico 26:41,אַף־ אֲנִ֗י אֵלֵ֤ךְ עִמָּם֙ בְּקֶ֔רִי וְהֵבֵאתִ֣י אֹתָ֔ם בְּאֶ֖רֶץ אֹיְבֵיהֶ֑ם אוֹ־ אָ֣ז יִכָּנַ֗ע לְבָבָם֙ הֶֽעָרֵ֔ל וְאָ֖ז יִרְצ֥וּ אֶת־ עֲוֺנָֽם ׃,אפ אני אלכ עממ בקרי והבאתי אתמ בארצ איביהמ או אז יכנע לבבמ הערל ואז ירצו את עונמ,19,אף אנא אהך עמהון בקשיו ואעיל יתהון בארע בעלי דבביהון או בכן יתבר לבהון טפשא ובכן ירעון ית חוביהון:,19,"καὶ ἐγὼ ἐπορεύθην μετ᾽ αὐτῶν ἐν θυμῷ πλαγίῳ· καὶ ἀπολῶ αὐτοὺς ἐν τῇ γῇ τῶν ἐχθρῶν αὐτῶν· τότε ἐντραπήσεται ἡ καρδία αὐτῶν ἡ ἀπερίτμητος, καὶ τότε εὐδοκήσουσιν τὰς ἁμαρτίας αὐτῶν.",30,ܐܦ ܐܢܐ ܐܗܠܟ ܥܡܗܘܢ ܒܩܪܝܝܘܬܐ. ܘܐܝܬܐ ܐܢܘܢ ܠܐܪܥܐ ܕܒ̈ܥܠܕܒܒܝܗܘܢ. ܘܗܝܕܝܢ ܢܬܬܒܪ ܠܒܗܘܢ ܥܘܪܠܐ. ܘܗܝܕܝܢ ܢܨܛܒܘܢ ܒܥܘܠܗܘܢ.,16,"eu também andei contrariamente para com eles, e os trouxe para a terra dos seus inimigos. Se então o seu coração incircunciso se humilhar, e tomarem por bem o castigo da sua iniqüidade,",33,True,True,True
26,42,Levítico 26:42,וְזָכַרְתִּ֖י אֶת־ בְּרִיתִ֣י יַעֲק֑וֹב וְאַף֩ אֶת־ בְּרִיתִ֨י יִצְחָ֜ק וְאַ֨ף אֶת־ בְּרִיתִ֧י אַבְרָהָ֛ם אֶזְכֹּ֖ר וְהָאָ֥רֶץ אֶזְכֹּֽר ׃,וזכרתי את בריתי יעקוב ואפ את בריתי יצחק ואפ את בריתי אברהמ אזכר והארצ אזכר,16,ודכירנא ית קימי דעם יעקוב ואף ית קימי דעם יצחק ואף ית קימי דעם אברהם אנא דכיר וארעא אנא דכיר:,20,"καὶ μνησθήσομαι τῆς διαθήκης Ἰακώβ, καὶ τῆς διαθήκης Ἰσαὰκ καὶ τῆς διαθήκης Ἀβραὰμ μνησθήσομαι· καὶ τῆς γῆς μνησθήσομαι.",18,ܘܐܬܕܟܪ ܩܝܡܝ ܕܥܡ ܝܥܩܘܒ. ܘܩܝܡܝ ܕܥܡ ܐܝܣܚܩ. ܘܩܝܡܝ ܕܥܡ ܐܒܪܗܡ ܐܬܕܟܪ. ܘܐܪܥܐ ܐܬܕܟܪ.,13,"eu me lembrarei do meu pacto com Jacó, do meu pacto com Isaque, e do meu pacto com Abraão; e bem assim da terra me lembrarei.",26,True,True,True
26,43,Levítico 26:43,וְהָאָרֶץ֩ תֵּעָזֵ֨ב מֵהֶ֜ם וְתִ֣רֶץ אֶת־ שַׁבְּתֹתֶ֗יהָ בָּהְשַׁמָּה֙ מֵהֶ֔ם וְהֵ֖ם יִרְצ֣וּ אֶת־ עֲוֺנָ֑ם יַ֣עַן וּבְיַ֔עַן בְּמִשְׁפָּטַ֣י מָאָ֔סוּ וְאֶת־ חֻקֹּתַ֖י גָּעֲלָ֥ה נַפְשָֽׁם ׃,והארצ תעזב מהמ ותרצ את שבתתיה בהשמה מהמ והמ ירצו את עונמ יענ וביענ במשפטי מאסו ואת חקתי געלה נפשמ,21,וארעא תתרטש מנהון ותרעי ית שמטהא בדצדיאת מנהון ואנון ירעון ית חוביהון לוטין חלף ברכן איתי עליהון בדיל דבדיני קצו וית קימי רחקת נפשהון:,24,"καὶ ἡ γῆ ἐνκαταλειφθήσεται ὑπ᾽ αὐτῶν· τότε προσδέξεται ἡ γῆ τὰ σάββατα αὐτῆς ἐν τῷ ἐρημωθῆναι αὐτὴν δι᾽ αὐτούς, καὶ αὐτοὶ προσδέξονται τὰς αὐτῶν ἀνομίας ἀνθ᾽ ὧν τὰ κρίματά μου ὑπερεῖδον καὶ τοῖς προστάγμασίν μου προσώχθισαν τῇ ψυχῇ αὐτῶν.",39,ܘܐܪܥܐ ܬܫܬܒܩ ܡܢܗܘܢ. ܘܬܨܛܒܐ ܒܫ̈ܒܝܗ̇. ܡܐ ܕܨܕܬ ܡܢܗܘܢ. ܘܗܢܘܢ ܢܨܛܒܘܢ ܒܥܘܠܗܘܢ. ܥܠ ܕܐܣܠܝܘ ܕܝܢ̈ܝ. ܘܒܦܘܩ̈ܕܢܝ ܓܥܨܬ ܢܦܫܗܘܢ.,17,"A terra também será deixada por eles e folgará nos seus sábados, sendo assolada por causa deles; e eles tomarão por bem o castigo da sua iniqüidade, em razão mesmo de que rejeitaram os meus preceitos e a sua alma desprezou os meus estatutos.",44,True,True,True
26,44,Levítico 26:44,וְאַף־ גַּם־ זֹ֠את בִּֽהְיוֹתָ֞ם בְּאֶ֣רֶץ אֹֽיְבֵיהֶ֗ם לֹֽא־ מְאַסְתִּ֤ים וְלֹֽא־ גְעַלְתִּים֙ לְכַלֹּתָ֔ם לְהָפֵ֥ר בְּרִיתִ֖י אִתָּ֑ם כִּ֛י אֲנִ֥י יְהוָ֖ה אֱלֹהֵיהֶֽם ׃,ואפ גמ זאת בהיותמ בארצ איביהמ לא מאסתימ ולא געלתימ לכלתמ להפר בריתי אתמ כי אני יהוה אלהיהמ,19,ואף ברם דא במהויהון בארע בעלי דבביהון לא ארטשנון ולא ארחקנון לשיציותהון לאשנאה קימי עמהון ארי אנא יי אלההון:,19,"καὶ οὐδ᾽ ὣς ὄντων αὐτῶν ἐν τῇ γῇ τῶν ἐχθρῶν αὐτῶν οὐχ ὑπερεῖδον αὐτούς, οὐδὲ προσώχθισα αὐτοῖς ὥστε ἐξαναλῶσαι αὐτούς, τοῦ διασκεδάσαι τὴν διαθήκην μου τὴν πρὸς αὐτούς· ὅτι ἐγώ εἰμι Κύριος ὁ θεὸς αὐτῶν.",35,ܘܐܦ ܟܕ ܗܘܘ ܒܐܪܥܐ ܕܒ̈ܥܠܕܒܒܝܗܘܢ. ܠܐ ܐܣ̇ܠܝܬ ܐܢܘܢ ܘܠܐ ܕܚ̇ܩܬ ܐܢܘܢ. ܘܠܐ ܐܘܒ̇ܕܬ ܐܢܘܢ. ܘܠܐ ܒ̇ܛܠܬ ܩܝܡܝ ܕܥܡܗܘܢ.,18,"Todavia, ainda assim, quando eles estiverem na terra dos seus inimigos, não os rejeitarei nem os abominarei a ponto de consumi-los totalmente e quebrar o meu pacto com eles; porque eu sou o Senhor seu Deus.",36,True,True,True
26,45,Levítico 26:45,וְזָכַרְתִּ֥י לָהֶ֖ם בְּרִ֣ית רִאשֹׁנִ֑ים אֲשֶׁ֣ר הוֹצֵֽאתִי־ אֹתָם֩ מֵאֶ֨רֶץ מִצְרַ֜יִם לְעֵינֵ֣י הַגּוֹיִ֗ם לִהְיֹ֥ת לָהֶ֛ם לֵאלֹהִ֖ים אֲנִ֥י יְהוָֽה ׃,וזכרתי להמ ברית ראשנימ אשר הוצאתי אתמ מארצ מצרימ לעיני הגוימ להית להמ לאלהימ אני יהוה,17,ודכירנא להון קים קדמאי די אפקית יתהון מארעא דמצרים לעיני עממיא למהוי להון לאלהא אנא יי:,16,"καὶ μνησθήσομαι αὐτῶν τῆς διαθήκης τῆς προτέρας ὅτε ἐξήγαγον αὐτοὺς ἐκ γῆς Αἰγύπτου ἐξ οἴκου δουλίας ἔναντι τῶν ἐθνῶν, τοῦ εἶναι αὐτῶν θεός· ἐγώ εἰμι Κύριος.",26,ܐܠܐ ܐܬܕܟܪܬ ܠܗܘܢ ܩܝܡܐ ܕܩܕܡ̈ܝܐ. ܡܛܠ ܕܐܢܐ ܐܢܐ ܡܪܝܐ ܐܠܗܗܘܢ. ܕܐܦܩ̇ܬ ܐܢܘܢ ܡܢ ܐܪܥܐ ܕܡܨܪܝܢ. ܠܥܝܢ ܥܡ̈ܡܐ. ܘܗ̇ܘܝܬ ܠܗܘܢ ܐܠܗܐ. ܐܢܐ ܐܢܐ ܡܪܝܐ.,23,"Antes por amor deles me lembrarei do pacto com os seus antepassados, que tirei da terra do Egito perante os olhos das nações, para ser o seu Deus. Eu sou o Senhor.",32,True,True,True
26,46,Levítico 26:46,אֵ֠לֶּה הַֽחֻקִּ֣ים וְהַמִּשְׁפָּטִים֮ וְהַתּוֹרֹת֒ אֲשֶׁר֙ נָתַ֣ן יְהוָ֔ה בֵּינ֕וֹ וּבֵ֖ין בְּנֵ֣י יִשְׂרָאֵ֑ל בְּהַ֥ר סִינַ֖י בְּיַד־ מֹשֶֽׁה ׃ פ,אלה החקימ והמשפטימ והתורת אשר נתנ יהוה בינו ובינ בני ישראל בהר סיני ביד משה פ,17,אלין קימיא ודיניא ואוריתא די יהב יי בין מימריה ובין בני ישראל בטורא דסיני בידא דמשה:,16,"Ταῦτα τὰ κρίματά μου καὶ τὰ προστάγματά μου, καὶ ὁ νόμος ὃν ἔδωκεν Κύριος ἀνὰ μέσον αὐτοῦ καὶ ἀνὰ μέσον τῶν υἱῶν Ἰσραὴλ ἐν τῷ ὄρει Σεινὰ ἐν χειρὶ Μωυσῆ.",30,ܗܠܝܢ ܦܘܩ̈ܕܢܐ ܘܢܡܘ̈ܣܐ ܘܕܝ̈ܢܐ. ܕܝܗܒ ܡܪܝܐ ܒܝܢܘܗܝ. ܠܒ̈ܢܝ ܐܝܣܪܝܠ ܒܛܘܪܐ ܕܣܝܢܝ ܒܐܝܕܐ ܕܡܘܫܐ.,13,"São esses os estatutos, os preceitos e as leis que o Senhor firmou entre si e os filhos de Israel, no monte Sinai, por intermédio de Moisés.",27,True,True,True
27,1,Levítico 27:1,וַיְדַבֵּ֥ר יְהוָ֖ה אֶל־ מֹשֶׁ֥ה לֵּאמֹֽר ׃,וידבר יהוה אל משה לאמר,6,ומליל יי עם משה למימר:,5,Καὶ ἐλάλησεν Κύριος πρὸς Μωυσῆν λέγων,6,ܘܡܠܠ ܡܪܝܐ ܥܡ ܡܘܫܐ ܘܐܡܪ ܠܗ.,6,Disse mais o Senhor a Moisés:,6,True,True,True
27,2,Levítico 27:2,דַּבֵּ֞ר אֶל־ בְּנֵ֤י יִשְׂרָאֵל֙ וְאָמַרְתָּ֣ אֲלֵהֶ֔ם אִ֕ישׁ כִּ֥י יַפְלִ֖א נֶ֑דֶר בְּעֶרְכְּךָ֥ נְפָשֹׁ֖ת לַֽיהוָֽה ׃,דבר אל בני ישראל ואמרת אלהמ איש כי יפלא נדר בערככ נפשת ליהוה,14,מליל עם בני ישראל ותימר להון גבר ארי יפרש נדר בפרסן נפשתא קדם יי:,14,"Λάλησον τοῖς υἱοῖς Ἰσραὴλ καὶ ἐρεῖς αὐτοῖς Ὃς ἂν εὔξηται εὐχὴν ὥστε τιμὴν τῆς ψυχῆς αὐτοῦ τῷ κυρίῳ,",18,ܡܠܠ ܥܡ ܒܢ̈ܝ ܐܝܣܪܝܠ ܘܐܡܪ ܠܗܘܢ. ܓܒܪܐ ܟܕ ܢܦܪܘܫ ܢܕܪܐ ܒܕܡ̈ܝܐ ܕܢܦܫ̈ܬܐ ܠܡܪܝܐ.,13,"Fala aos filhos de Israel, e dize-lhes: Quando alguém fizer ao Senhor um voto especial que envolve pessoas, o voto será cumprido segundo a tua avaliação das pessoas.",28,True,True,True
27,3,Levítico 27:3,וְהָיָ֤ה עֶרְכְּךָ֙ הַזָּכָ֔ר מִבֶּן֙ עֶשְׂרִ֣ים שָׁנָ֔ה וְעַ֖ד בֶּן־ שִׁשִּׁ֣ים שָׁנָ֑ה וְהָיָ֣ה עֶרְכְּךָ֗ חֲמִשִּׁ֛ים שֶׁ֥קֶל כֶּ֖סֶף בְּשֶׁ֥קֶל הַקֹּֽדֶשׁ ׃,והיה ערככ הזכר מבנ עשרימ שנה ועד בנ ששימ שנה והיה ערככ חמשימ שקל כספ בשקל הקדש,18,ויהי פרסניה דכורא מבר עסרין שנין ועד בר שתין שנין ויהי פרסניה חמשין סלעין דכסף בסלעי קודשא:,17,"ἔσται ἡ τιμὴ τοῦ ἄρσενος ἀπὸ εἰκοσαετοῦς ἕως ἑξηκονταετοῦς, ἔσται αὐτοῦ ἡ τιμὴ πεντήκοντα δίδραχμα ἀργυρίου τῷ σταθμῷ τῷ ἁγίῳ·",20,ܢܗܘܘܢ ܕܡ̈ܘܗܝ ܕܕܟܪܐ ܡܢ ܒܪ ܥܣܪ̈ܝܢ ܫ̈ܢܝܢ ܘܠܥܠ . ܘܥܕܡܐ ܠܒܪ ܫܬܝܢ ܫ̈ܢܝܢ. ܢܗܘܘܢ ܕܡ̈ܘܗܝ ܚܡܫܝܢ ܡܬܩ̈ܠܝܢ ܕܟܣܦܐ . ܒܡܬܩܠܐ ܕܩܘܕܫܐ.,21,"Se for de um homem, desde a idade de vinte até sessenta anos, a tua avaliação será de cinqüenta siclos de prata, segundo o siclo do santuário.",27,True,True,True
27,4,Levítico 27:4,וְאִם־ נְקֵבָ֖ה הִ֑וא וְהָיָ֥ה עֶרְכְּךָ֖ שְׁלֹשִׁ֥ים שָֽׁקֶל ׃,ואמ נקבה הוא והיה ערככ שלשימ שקל,8,ואם נקובתא היא ויהי פרסניה תלתין סלעין:,7,τῆς δὲ θηλείας ἔσται ἡ συντίμησις τριάκοντα δίδραχμα.,8,ܘܐܢ ܢܩܒܬܐ ܗܝ. ܢܗܘܘܢ ܕܡ̈ܝܗ̇ ܬܠܬܝܢ ܡܬܩ̈ܠܝܢ.,7,"Se for mulher, a tua avaliação será de trinta siclos.",10,True,True,True
27,5,Levítico 27:5,וְאִ֨ם מִבֶּן־ חָמֵ֜שׁ שָׁנִ֗ים וְעַד֙ בֶּן־ עֶשְׂרִ֣ים שָׁנָ֔ה וְהָיָ֧ה עֶרְכְּךָ֛ הַזָּכָ֖ר עֶשְׂרִ֣ים שְׁקָלִ֑ים וְלַנְּקֵבָ֖ה עֲשֶׂ֥רֶת שְׁקָלִֽים ׃,ואמ מבנ חמש שנימ ועד בנ עשרימ שנה והיה ערככ הזכר עשרימ שקלימ ולנקבה עשרת שקלימ,17,ואם מבר חמש שנין ועד בר עסרין שנין ויהי פרסניה דכורא עסרין סלעין ולנקובתא עסר סלעין:,16,"ἐὰν δὲ ἀπὸ πενταετοῦς ἕως εἴκοσι ἐτῶν, ἔσται ἡ τιμὴ τοῦ ἄρσενος εἴκοσι δίδραχμα, τῆς δὲ θηλείας δέκα τέσσερα δίδραχμα.",20,ܘܐܢ ܡܢ ܒܪ ܚܡܫ ܫ̈ܢܝܢ. ܘܥܕܡܐ ܠܒܪ ܥܣܪ̈ܝܢ ܫ̈ܢܝܢ. ܢܗܘܘܢ ܕܡ̈ܘܗܝ ܕܕܟܪܐ ܥܣܪ̈ܝܢ ܡܬܩ̈ܠܝܢ. ܘܕܢܩܒܬܐ ܥܣܪܐ ܡܬܩ̈ܠܝܢ.,17,"Se for de cinco anos até vinte, a tua avaliação do homem será de vinte siclos, e da mulher dez siclos.",21,True,True,True
27,6,Levítico 27:6,וְאִ֣ם מִבֶּן־ חֹ֗דֶשׁ וְעַד֙ בֶּן־ חָמֵ֣שׁ שָׁנִ֔ים וְהָיָ֤ה עֶרְכְּךָ֙ הַזָּכָ֔ר חֲמִשָּׁ֥ה שְׁקָלִ֖ים כָּ֑סֶף וְלַנְּקֵבָ֣ה עֶרְכְּךָ֔ שְׁלֹ֥שֶׁת שְׁקָלִ֖ים כָּֽסֶף ׃,ואמ מבנ חדש ועד בנ חמש שנימ והיה ערככ הזכר חמשה שקלימ כספ ולנקבה ערככ שלשת שקלימ כספ,19,ואם מבר ירחא ועד בר חמש שנין ויהי פרסניה דכורא חמש סלעין דכסף ולנקובתא פרסנה תלת סלעין דכסף:,18,"ἀπὸ δὲ μηνιαίου ἕως πενταετοῦς ἔσται ἡ τιμὴ τοῦ ἄρσενος πέντε δίδραχμα ἀργυρίου, τῆς δὲ θηλείας τρία δίδραχμα.",18,ܘܐܢ ܡܢ ܒܪ ܝܪܚܐ. ܘܥܕܡܐ ܠܒܪ ܚܡܫ ܫ̈ܢܝܢ. ܢܗܘܘܢ ܕܡ̈ܘܗܝ ܕܕܟܪܐ. ܚܡܫܐ ܡܬܩ̈ܠܝܢ ܕܟܣܦܐ. ܘܕܢܩܒܬܐ ܬܠܬܐ ܡܬܩ̈ܠܝܢ ܕܟܣܦܐ .,19,"Se for de um mês até cinco anos, a tua avaliação do homem será de cinco siclos de prata, e da mulher três siclos de prata.",26,True,True,True
27,7,Levítico 27:7,וְ֠אִם מִבֶּן־ שִׁשִּׁ֨ים שָׁנָ֤ה וָמַ֨עְלָה֙ אִם־ זָכָ֔ר וְהָיָ֣ה עֶרְכְּךָ֔ חֲמִשָּׁ֥ה עָשָׂ֖ר שָׁ֑קֶל וְלַנְּקֵבָ֖ה עֲשָׂרָ֥ה שְׁקָלִֽים ׃,ואמ מבנ ששימ שנה ומעלה אמ זכר והיה ערככ חמשה עשר שקל ולנקבה עשרה שקלימ,16,ואם מבר שתין שנין ולעלא אם דכורא ויהי פרסניה חמש עסרי סלעין ולנקובתא עסר סלעין:,15,"ἐὰν δὲ ἀπὸ ἑξηκονταετῶν καὶ ἐπάνω, ἐὰν μὲν ἄρσεν ᾖ, ἔσται ἡ τιμὴ πέντε καὶ δέκα δίδραχμα ἀργυρίου, ἐὰν δὲ θήλεια, δέκα δίδραχμα.",23,ܘܐܢ ܕܟܪܐ ܗܘ. ܡܢ ܒܪ ܫܬܝܢ ܫ̈ܢܝܢ ܘܠܥܠ. ܢܗܘܘܢ ܕܡ̈ܘܗܝ ܚܡܫܬܥܣܪ ܡܬܩ̈ܠܝܢ. ܘܕܢܩܒܬܐ ܥܣܪܐ ܡܬ̈ܩܠܝܢ.,15,"Se for de sessenta anos para cima, a tua avaliação do homem será de quinze siclos, e da mulher dez siclos.",21,True,True,True
27,8,Levítico 27:8,וְאִם־ מָ֥ךְ הוּא֙ מֵֽעֶרְכֶּ֔ךָ וְהֶֽעֱמִידוֹ֙ לִפְנֵ֣י הַכֹּהֵ֔ן וְהֶעֱרִ֥יךְ אֹת֖וֹ הַכֹּהֵ֑ן עַל־ פִּ֗י אֲשֶׁ֤ר תַּשִּׂיג֙ יַ֣ד הַנֹּדֵ֔ר יַעֲרִיכֶ֖נּוּ הַכֹּהֵֽן ׃ ס,ואמ מכ הוא מערככ והעמידו לפני הכהנ והעריכ אתו הכהנ על פי אשר תשיג יד הנדר יעריכנו הכהנ ס,20,ואם מסכן הוא מפרסניה ויקימניה קדם כהנא ויפרוס יתיה כהנא על מימר די תדבק ידא דנודרא יפרסניה כהנא:,18,"ἐὰν δὲ ταπεινὸς ᾖ τιμῇ, στήσεται ἐναντίον τοῦ ἱερέως, καὶ τιμήσεται αὐτὸν ὁ ἱερεύς· καθάπερ ἰσχύει ἡ χεὶρ τοῦ εὐξαμένου, τιμήσεται αὐτὸν ὁ ἱερεύς.",24,ܘܐܢ ܡܣܟܝܢ ܗܘ ܡܢ ܕܡ̈ܝܐ. ܢܩܝܡܘܢܗ ܩܕܡ ܟܗܢܐ. ܘܢܦܣܘܩ ܟܗܢܐ ܕܡ̈ܘܗܝ. ܐܝܟ ܕܣܦܩܐ ܒܐ̈ܝܕܘܗܝ. ܕܡ̇ܢ ܕܢ̇ܕܪ ܢܕܪܐ. ܗܟܢܐ ܢܦܣܘܩ ܕܡ̈ܘܗܝ ܟܗܢܐ.,21,"Mas, se for mais pobre do que a tua avaliação, será apresentado perante o sacerdote, que o avaliará conforme as posses daquele que tiver feito o voto.",27,True,True,True
27,9,Levítico 27:9,וְאִם־ בְּהֵמָ֔ה אֲשֶׁ֨ר יַקְרִ֧יבוּ מִמֶּ֛נָּה קָרְבָּ֖ן לַֽיהוָ֑ה כֹּל֩ אֲשֶׁ֨ר יִתֵּ֥ן מִמֶּ֛נּוּ לַיהוָ֖ה יִֽהְיֶה־ קֹּֽדֶשׁ ׃,ואמ בהמה אשר יקריבו ממנה קרבנ ליהוה כל אשר יתנ ממנו ליהוה יהיה קדש,15,ואם בעירא די יקרבון מנה קרבנא קדם יי כל די יתן מניה קדם יי יהי קודשא:,16,"Ἐὰν δὲ ἀπὸ τῶν κτηνῶν τῶν προσφερομένων ἀπ᾽ αὐτῶν δῶρον τῷ κυρίῳ, ὃς ἂν δῷ ἀπὸ τούτων τῷ κυρίῳ, ἔσται ἅγιον.",21,ܘܐܢ ܒܥܝܪܐ ܗܝ ܕܡܩܪܒܝܢ ܡܢܗ̇ ܩܘܪܒܢܐ ܠܡܪܝܐ. ܟܠ ܕܝ̇ܗܒ ܡܢܗ̇ ܠܡܪܝܐ. ܢܗܘܐ ܩܕܝܫ.,13,"Se for animal dos que se oferecem em oferta ao Senhor, tudo quanto der dele ao Senhor será santo.",19,True,True,True
27,10,Levítico 27:10,לֹ֣א יַחֲלִיפֶ֗נּוּ וְלֹֽא־ יָמִ֥יר אֹת֛וֹ ט֥וֹב בְּרָ֖ע אוֹ־ רַ֣ע בְּט֑וֹב וְאִם־ הָמֵ֨ר יָמִ֤יר בְּהֵמָה֙ בִּבְהֵמָ֔ה וְהָֽיָה־ ה֥וּא וּתְמוּרָת֖וֹ יִֽהְיֶה־ קֹּֽדֶשׁ ׃,לא יחליפנו ולא ימיר אתו טוב ברע או רע בטוב ואמ המר ימיר בהמה בבהמה והיה הוא ותמורתו יהיה קדש,21,לא יחלפניה ולא יעבר יתיה טב בביש או ביש בטב ואם חלפא יחלף בעירא בבעירא ויהי הוא וחלופיה יהי קדיש:,20,"οὐκ ἀλλάξει αὐτὸ καλὸν πονηρῷ οὐδὲ πονηρὸν καλῷ· ἐὰν δὲ ἀλλάσσων ἀλλάξῃ αὐτὸ κτῆνος κτήνει, ἔσται αὐτὸ καὶ τὸ ἄλλαγμα ἅγια.",21,ܠܐ ܢܚܠܦܝܘܗܝ ܛܒܐ ܒܒܝܫܐ ܘܒܝܫܐ ܒܛܒܐ. ܘܐܢ ܡܚܠܦܘ ܢܚܠܦ ܒܥܝܪ̈ܐ ܒܒܥܝܪ̈ܐ. ܗܝ ܘܬܚܠܘܦܗ̇ ܢܗܘܘܢ ܩܘܕܫܐ ܠܡܪܝܐ .,17,"Não o mudará, nem o trocará, bom por mau, ou mau por bom; mas se de qualquer maneira trocar animal por animal, tanto um como o outro será santo.",29,True,True,True
27,11,Levítico 27:11,וְאִם֙ כָּל־ בְּהֵמָ֣ה טְמֵאָ֔ה אֲ֠שֶׁר לֹא־ יַקְרִ֧יבוּ מִמֶּ֛נָּה קָרְבָּ֖ן לַֽיהוָ֑ה וְהֶֽעֱמִ֥יד אֶת־ הַבְּהֵמָ֖ה לִפְנֵ֥י הַכֹּהֵֽן ׃,ואמ כל בהמה טמאה אשר לא יקריבו ממנה קרבנ ליהוה והעמיד את הבהמה לפני הכהנ,16,ואם כל בעירא מסאבא די לא יקרבון מנה קרבנא קדם יי ויקים ית בעירא קדם כהנא:,16,"ἐὰν δὲ πᾶν κτῆνος ἀκάθαρτον, ἀφ᾽ ὧν οὐ προσφέρεται ἀπ᾽ αὐτῶν δῶρον τῷ κυρίῳ, στήσει τὸ κτῆνος ἔναντι τοῦ ἱερέως·",20,ܘܐܢ ܒܥܝܪ̈ܐ ܗܝ ܛܡܐܬܐ ܕܠܐ ܡܩܪܒܝܢ ܡܢܗ̇ ܩܘܪܒܢܐ ܠܡܪܝܐ. ܢܩܝܡܘܢܗ̇ ܠܒܥܝܪܐ ܩܕܡ ܟܗܢܐ.,13,"Se for algum animal imundo, dos que não se oferecem em oferta ao Senhor, apresentará o animal diante do sacerdote;",20,True,True,True
27,12,Levítico 27:12,וְהֶעֱרִ֤יךְ הַכֹּהֵן֙ אֹתָ֔הּ בֵּ֥ין ט֖וֹב וּבֵ֣ין רָ֑ע כְּעֶרְכְּךָ֥ הַכֹּהֵ֖ן כֵּ֥ן יִהְיֶֽה ׃,והעריכ הכהנ אתה בינ טוב ובינ רע כערככ הכהנ כנ יהיה,12,ויפרוס כהנא יתה בין טב ובין ביש כפרסנא דכהנא כן יהי:,11,"καὶ τιμήσεται αὐτὸ ὁ ἱερεὺς ἀνὰ μέσον καλοῦ καὶ ἀνὰ μέσον πονηροῦ· καὶ καθότι ἂν τιμηθήσεται ὁ ἱερεύς, οὕτως στήσεται.",20,ܘܢܦܣܘܩ ܕܡ̈ܝܗ̇ ܟܗܢܐ ܒܝܬ ܛܒܬܐ ܠܒܝܫܬܐ. ܘܐܝܟ ܕܦ̇ܣܩ ܕܡ̈ܝܗ̇ ܟܗܢܐ ܗܟܢܐ ܢܗܘܐ.,12,"e o sacerdote o avaliará, seja bom ou seja mau; segundo tu, sacerdote, o avaliares, assim será.",17,True,True,True
27,13,Levítico 27:13,וְאִם־ גָּאֹ֖ל יִגְאָלֶ֑נָּה וְיָסַ֥ף חֲמִישִׁת֖וֹ עַל־ עֶרְכֶּֽךָ ׃,ואמ גאל יגאלנה ויספ חמישתו על ערככ,8,ואם מפרק יפרקנה ויוסף חמשיה על פרסניה:,7,"ἐὰν δὲ λυτρούμενος λυτρώσηται αὐτόν, προσθήσει τὸ ἐπίπεμπτον πρὸς τὴν τιμὴν αὐτοῦ.",12,ܘܐܢ ܡܦܪܩ ܢܦܪܩܝܗ̇ ܢܘܣܦ ܚܕ ܡܢ ܚܡܫܐ ܥܠ ܕܡ̈ܝܗ̇.,9,"Mas, se o homem, com efeito, quiser remi-lo, acrescentará a quinta parte sobre a tua avaliação.",16,True,True,True
27,14,Levítico 27:14,וְאִ֗ישׁ כִּֽי־ יַקְדִּ֨שׁ אֶת־ בֵּית֥וֹ קֹ֨דֶשׁ֙ לַֽיהוָ֔ה וְהֶעֱרִיכוֹ֙ הַכֹּהֵ֔ן בֵּ֥ין ט֖וֹב וּבֵ֣ין רָ֑ע כַּאֲשֶׁ֨ר יַעֲרִ֥יךְ אֹת֛וֹ הַכֹּהֵ֖ן כֵּ֥ן יָקֽוּם ׃,ואיש כי יקדש את ביתו קדש ליהוה והעריכו הכהנ בינ טוב ובינ רע כאשר יעריכ אתו הכהנ כנ יקומ,20,וגבר ארי יקדש ית ביתיה קודשא קדם יי ויפרסניה כהנא בין טב ובין ביש כמא די יפרוס יתיה כהנא כן יקום:,21,"Καὶ ἄνθρωπος ὃς ἂν ἁγιάσῃ τὴν οἰκίαν αὐτοῦ ἁγίαν τῷ κυρίῳ, καὶ τιμήσεται αὐτὴν ὁ ἱερεὺς ἀνὰ μέσον καλῆς καὶ ἀνὰ μέσον πονηρᾶς· ὡς ἂν τιμήσεται αὐτὴν ὁ ἱερεύς, οὕτως σταθήσεται.",31,ܘܓܒܪܐ ܐܢ ܢܩܕܫ ܒܝܬܗ ܩܘܕܫܐ ܠܡܪܝܐ. ܢܦܣܘܩ ܕܡ̈ܘܗܝ ܟܗܢܐ ܒܝܬ ܛܒܬܐ ܠܒܝܫܬܐ. ܘܐܝܟ ܕܦܣ̇ܩ ܕܡ̈ܘܗܝ ܟܗܢܐ ܗܟܢܐ ܢܩܘܡ.,18,"Quando alguém santificar a sua casa para ser santa ao Senhor, o sacerdote a avaliará, seja boa ou seja má; como o sacerdote a avaliar, assim será.",27,True,True,True
27,15,Levítico 27:15,וְאִ֨ם־ הַמַּקְדִּ֔ישׁ יִגְאַ֖ל אֶת־ בֵּית֑וֹ וְ֠יָסַף חֲמִישִׁ֧ית כֶּֽסֶף־ עֶרְכְּךָ֛ עָלָ֖יו וְהָ֥יָה לֽוֹ ׃,ואמ המקדיש יגאל את ביתו ויספ חמישית כספ ערככ עליו והיה לו,13,ואם דאקדש יפרוק ית ביתיה ויוסף חמש כסף פרסניה עלוהי ויהי ליה:,12,"ἐὰν δὲ ὁ ἁγιάσας αὐτὴν λυτρῶται τὴν οἰκίαν αὐτοῦ, προσθήσει ἐπ᾽ αὐτὸ τὸ ἐπίπεμπτον τοῦ ἀργυρίου τῆς τιμῆς, καὶ ἔσται αὐτῷ.",21,ܘܐܢ ܗ̇ܘ ܕܡܩܕܫ ܢܦܪܩܝܘܗܝ ܠܒܝܬܗ. ܢܘܣܦ ܚܕ ܡܢ ܚܡܫܐ ܟܣܦܐ ܕܕܡ̈ܘܗܝ ܥܠܘܗܝ ܘܢܗܘܐ ܕܝܠܗ.,14,"Mas, se aquele que a tiver santificado quiser remir a sua casa, então acrescentará a quinta parte do dinheiro sobre a tua avaliação, e terá a casa.",27,True,True,True
27,16,Levítico 27:16,וְאִ֣ם ׀ מִשְּׂדֵ֣ה אֲחֻזָּת֗וֹ יַקְדִּ֥ישׁ אִישׁ֙ לַֽיהוָ֔ה וְהָיָ֥ה עֶרְכְּךָ֖ לְפִ֣י זַרְע֑וֹ זֶ֚רַע חֹ֣מֶר שְׂעֹרִ֔ים בַּחֲמִשִּׁ֖ים שֶׁ֥קֶל כָּֽסֶף ׃,ואמ משדה אחזתו יקדיש איש ליהוה והיה ערככ לפי זרעו זרע חמר שערימ בחמשימ שקל כספ,18,ואם מחקל אחסנתיה יקדיש גבר קדם יי ויהי פרסניה לפום זרעיה בר זרע כור שעורין בחמשין סלעין דכסף:,18,"Ἐὰν δὲ ἀπὸ τοῦ ἀγροῦ τῆς κατασχέσεως αὐτοῦ ἁγιάσῃ ἄνθρωπος τῷ κυρίῳ, καὶ ἔσται ἡ τιμὴ κατὰ τὸν σπόρον αὐτοῦ, κόρου κριθῶν πεντήκοντα δίδραχμα ἀργυρίου.",25,ܘܐܢ ܡܢ ܚܩܠܐ ܕܝܪܬܘܬܗ ܢܩܕܫ ܓܒܪܐ ܠܡܪܝܐ. ܢܗܘܘܢ ܕܡ̈ܝܗ̇ ܠܦܘܬ ܙܪܥܗ. ܒܝܬ ܙܪܥܐ ܕܟܘܪ ܣܥܪ̈ܝܢ. ܒܚܡܫܝܢ ܡܬܩ̈ܠܝܢ ܕܟܣܦܐ.,18,"Se alguém santificar ao Senhor uma parte do campo da sua possessão, então a tua avaliação será segundo a sua sementeira: um terreno que leva um hômer de semente de cevada será avaliado em cinqüenta siclos de prata.",38,True,True,True
27,17,Levítico 27:17,אִם־ מִשְּׁנַ֥ת הַיֹּבֵ֖ל יַקְדִּ֣ישׁ שָׂדֵ֑הוּ כְּעֶרְכְּךָ֖ יָקֽוּם ׃,אמ משנת היבל יקדיש שדהו כערככ יקומ,8,אם משתא דיובלא יקדש חקליה כפרסניה יקום:,7,"ἐὰν δὲ ἀπὸ τοῦ ἐνιαυτοῦ τῆς ἀφέσεως ἁγιάσῃ τὸν ἀγρὸν αὐτοῦ, κατὰ τὴν τιμὴν αὐτοῦ στήσεται.",16,ܘܐܢ ܡܢ ܫܢܬܐ ܕܦܘܢܝܐ ܢܩܕܫ ܚܩܠܗ. ܐܝܟ ܕܡ̈ܝܗ̇ ܗܟܢܐ ܢܩܝܡ.,10,"Se ele santificar o seu campo a partir do ano do jubileu, conforme a tua avaliação ficará.",17,True,True,True
27,18,Levítico 27:18,וְאִם־ אַחַ֣ר הַיֹּבֵל֮ יַקְדִּ֣ישׁ שָׂדֵהוּ֒ וְחִשַּׁב־ ל֨וֹ הַכֹּהֵ֜ן אֶת־ הַכֶּ֗סֶף עַל־ פִּ֤י הַשָּׁנִים֙ הַנּ֣וֹתָרֹ֔ת עַ֖ד שְׁנַ֣ת הַיֹּבֵ֑ל וְנִגְרַ֖ע מֵֽעֶרְכֶּֽךָ ׃,ואמ אחר היבל יקדיש שדהו וחשב לו הכהנ את הכספ על פי השנימ הנותרת עד שנת היבל ונגרע מערככ,20,ואם בתר יובלא יקדש חקליה ויחשב ליה כהנא ית כספא על מימר שניא דאשתארן עד שתא דיובלא ויתמנע מפרסניה:,19,"ἐὰν δὲ ἔσχατον μετὰ τὴν ἄφεσιν ἁγιάσῃ τὸν ἀγρὸν αὐτοῦ, προσλογιεῖται αὐτῷ ὁ ἱερεὺς τὸ ἀργύριον ἐπὶ τὰ ἔτη τὰ ἐπίλοιπα ἕως εἰς τὸν ἐνιαυτὸν τῆς ἀφέσεως, καὶ ἀνθυφαιρεθήσεται ἀπὸ τῆς συντιμήσεως αὐτοῦ.",33,ܘܐܢ ܡܢ ܒܬܪ ܦܘܢܝܐ ܢܩܕܫ ܚܩܠܗ ܢܚܫܘܒ ܠܗ ܟܗܢܐ ܟܣܦܐ ܠܦܘܬ ܫ̈ܢܝܐ ܕܐܫܬܚܪ. ܥܕܡܐ ܠܫܢܬܐ ܕܦܘܢܝܐ . ܘܢܒܨܘܪ ܡܢ ܕܡ̈ܝܗ̇.,20,"Mas se santificar o seu campo depois do ano do jubileu, o sacerdote lhe calculará o dinheiro conforme os anos que restam até o ano do jubileu, e assim será feita a tua avaliação.",34,True,True,True
27,19,Levítico 27:19,וְאִם־ גָּאֹ֤ל יִגְאַל֙ אֶת־ הַשָּׂדֶ֔ה הַמַּקְדִּ֖ישׁ אֹת֑וֹ וְ֠יָסַף חֲמִשִׁ֧ית כֶּֽסֶף־ עֶרְכְּךָ֛ עָלָ֖יו וְקָ֥ם לֽוֹ ׃,ואמ גאל יגאל את השדה המקדיש אתו ויספ חמשית כספ ערככ עליו וקמ לו,15,ואם מפרק יפרוק ית חקלא דאקדש יתיה ויוסף חמש כסף פרסניה עלוהי ויקום ליה:,14,"ἐὰν δὲ λυτρῶται τὸν ἀγρὸν ὁ ἀγοράσας αὐτόν, προσθήσει τὸ ἐπίπεμπτον τοῦ ἀργυρίου πρὸς τὴν τιμὴν αὐτοῦ, καὶ ἔσται αὐτῷ.",20,ܘܐܢ ܡܦܪܩ ܢܦܪܩܝܗ̇ ܠܚܩܠܐ ܗ̇ܘ ܡ̇ܢ ܕܡܩܕܫ ܠܗ̇. ܢܘܣܦ ܚܕ ܡܢ ܚܡܫܐ ܟܣܦܐ ܕܕܡ̈ܝܗ̇ ܥܠܝܗ̇. ܘܬܗܘܐ ܕܝܠܗ.,17,"Se aquele que tiver santificado o campo, com efeito, quiser remi-lo, acrescentará a quinta parte do dinheiro da tua avaliação, e lhe ficará assegurado o campo.",26,True,True,True
27,20,Levítico 27:20,וְאִם־ לֹ֤א יִגְאַל֙ אֶת־ הַשָּׂדֶ֔ה וְאִם־ מָכַ֥ר אֶת־ הַשָּׂדֶ֖ה לְאִ֣ישׁ אַחֵ֑ר לֹ֥א יִגָּאֵ֖ל עֽוֹד ׃,ואמ לא יגאל את השדה ואמ מכר את השדה לאיש אחר לא יגאל עוד,15,ואם לא יפרוק ית חקלא ואם זבין ית חקלא לגבר אחרן לא יתפרק עוד,14,"ἐὰν δὲ μὴ λυτρῶται τὸν ἀγρόν, καὶ ἀποδῶται τὸν ἀγρὸν ἀνθρώπῳ ἑτέρῳ, οὐκέτι μὴ λυτρώσηται αὐτόν·",16,ܘܐܢ ܠܐ ܢܦܪܩܝܗ̇ ܠܚܩܠܐ. ܘܢܙܒܢܝܗ̇ ܠܓܒܪܐ ܐܚܪܢܐ. ܬܘܒ ܠܐ ܬܬܦܪܩ.,10,"Se não o quiser remir, ou se houver vendido o campo a outrem, nunca mais poderá ser remido.",18,True,True,True
27,21,Levítico 27:21,וְהָיָ֨ה הַשָּׂדֶ֜ה בְּצֵאת֣וֹ בַיֹּבֵ֗ל קֹ֛דֶשׁ לַֽיהוָ֖ה כִּשְׂדֵ֣ה הַחֵ֑רֶם לַכֹּהֵ֖ן תִּהְיֶ֥ה אֲחֻזָּתֽוֹ ׃,והיה השדה בצאתו ביבל קדש ליהוה כשדה החרמ לכהנ תהיה אחזתו,12,ויהי חקלא במפקיה ביובלא קודשא קדם יי כחקל חרמא לכהנא תהי אחסנתיה:,12,ἀλλ᾽ ἔσται ὁ ἀγρὸς ἐξεληλυθυίας τῆς ἀφέσεως ἅγιος τῷ κυρίῳ ὥσπερ ἡ γῆ ἡ ἀφωρισμένη· τῷ ἱερεῖ ἔσται κατάσχεσις.,19,ܐܠܐ ܬܗܘܐ ܚܩܠܐ ܡܐ ܕܢܦܩܐ ܒܦܘܢܝܐ ܩܘܕܫܐ ܠܡܪܝܐ. ܐܝܟ ܚܩܠܐ ܕܚܪܡܐ ܕܟܗܢܐ ܬܗܘܐ ܝܪܬܘܬܐ.,14,"Mas o campo, quando sair livre no ano do jubileu, será santo ao Senhor, como campo consagrado; a possessão dele será do sacerdote.",23,True,True,True
27,22,Levítico 27:22,וְאִם֙ אֶת־ שְׂדֵ֣ה מִקְנָת֔וֹ אֲשֶׁ֕ר לֹ֖א מִשְּׂדֵ֣ה אֲחֻזָּת֑וֹ יַקְדִּ֖ישׁ לַֽיהוָֽה ׃,ואמ את שדה מקנתו אשר לא משדה אחזתו יקדיש ליהוה,11,ואם ית חקל זבינוהי די לא מחקל אחסנתיה יקדש קדם יי:,11,"ἐὰν δὲ ἀπὸ τοῦ ἀγροῦ οὗ κέκτηται, ὃς οὐκ ἔστιν ἀπὸ τοῦ ἀγροῦ τῆς κατασχέσεως αὐτοῦ, ἁγιάσει τῷ κυρίῳ,",19,ܘܐܢ ܚܩܠܐ ܗܝ ܕܙܒܝܢܬܐ. ܘܠܐ ܗܘܐ ܚܩܠܐ ܕܝܪܬܘܬܗ ܡܩܕܫ ܓܒܪܐ ܠܡܪܝܐ.,11,"Se alguém santificar ao Senhor um campo que tiver comprado, o qual não for parte do campo da sua possessão,",20,True,True,True
27,23,Levítico 27:23,וְחִשַּׁב־ ל֣וֹ הַכֹּהֵ֗ן אֵ֚ת מִכְסַ֣ת הָֽעֶרְכְּךָ֔ עַ֖ד שְׁנַ֣ת הַיֹּבֵ֑ל וְנָתַ֤ן אֶת־ הָעֶרְכְּךָ֙ בַּיּ֣וֹם הַה֔וּא קֹ֖דֶשׁ לַיהוָֽה ׃,וחשב לו הכהנ את מכסת הערככ עד שנת היבל ונתנ את הערככ ביומ ההוא קדש ליהוה,17,ויחשב ליה כהנא ית מנין פרסניה עד שתא דיובלא ויתן ית פרסניה ביומא ההוא קודשא קדם יי:,17,"λογιεῖται πρὸς αὐτὸν ὁ ἱερεὺς τὸ τέλος τῆς τιμῆς ἐκ τοῦ ἐνιαυτοῦ τῆς ἀφέσεως, καὶ ἀποδώσει τὴν τιμὴν ἐν τῇ ἡμέρᾳ ἐκείνῃ ἅγιον τῷ κυρίῳ·",25,ܢܚܫܘܒ ܟܗܢܐ ܕܡܝ̈ܗ̇ ܥܕܡܐ ܠܫܢܬܐ ܕܦܘܢܝܐ. ܘܢܬܠ ܕܡ̈ܝܗ̇ ܒܝܘܡܐ ܗ̇ܘ ܩܘܕܫܐ ܠܡܪܝܐ.,12,"o sacerdote lhe contará o valor da tua avaliação até o ano do jubileu; e no mesmo dia dará a tua avaliação, como coisa santa ao Senhor.",27,True,True,True
27,24,Levítico 27:24,בִּשְׁנַ֤ת הַיּוֹבֵל֙ יָשׁ֣וּב הַשָּׂדֶ֔ה לַאֲשֶׁ֥ר קָנָ֖הוּ מֵאִתּ֑וֹ לַאֲשֶׁר־ ל֖וֹ אֲחֻזַּ֥ת הָאָֽרֶץ ׃,בשנת היובל ישוב השדה לאשר קנהו מאתו לאשר לו אחזת הארצ,12,בשתא דיובלא יתוב חקלא לדזבניה מניה לדדיליה אחסנת ארעא:,9,"καὶ ἐν τῷ ἐνιαυτῷ τῆς ἀφέσεως ἀποδοθήσεται ὁ ἀγρὸς τῷ ἀνθρώπῳ παρ᾽ οὗ κέκτηται αὐτόν, οὗ ἦν ἡ κατάσχεσις τῆς γῆς.",21,ܘܒܫܢܬܐ ܕܦܘܢܝܐ. ܬܬܦܢܐ ܚܩܠܐ ܠܡ̇ܢ ܕܙܒܢܗ̇ ܗܘܐ ܡܢܗ. ܠܡ̇ܢ ܕܕܝܠܗ ܗܝ. ܝܪܬܘܬܐ ܕܐܪܥܐ.,13,"No ano do jubileu o campo tornará àquele de quem tiver sido comprado, isto é, àquele a quem pertencer a possessão do campo.",23,True,True,True
27,25,Levítico 27:25,וְכָל־ עֶרְכְּךָ֔ יִהְיֶ֖ה בְּשֶׁ֣קֶל הַקֹּ֑דֶשׁ עֶשְׂרִ֥ים גֵּרָ֖ה יִהְיֶ֥ה הַשָּֽׁקֶל ׃ ס,וכל ערככ יהיה בשקל הקדש עשרימ גרה יהיה השקל ס,11,וכל פרסניה יהי בסלעי קודשא עסרין מעין יהי סלעא:,9,καὶ πᾶσα τιμὴ ἔσται σταθμίοις ἁγίοις· εἴκοσι ὀβολοὶ ἔσται τὸ δίδραχμον.,11,ܘܟܠܗܘܢ ܕܡ̈ܝܗ̇ ܢܗܘܘܢ ܒܡܬܩܠܐ . ܥܣܪ̈ܝܢ ܡ̈ܥܝܢ ܗ̇ܘܐ ܡܬܩܠܐ.,9,"Ora, toda tua avaliação se fará conforme o siclo do santuário; o siclo será de vinte jeiras.",17,True,True,True
27,26,Levítico 27:26,אַךְ־ בְּכ֞וֹר אֲשֶׁר־ יְבֻכַּ֤ר לַֽיהוָה֙ בִּבְהֵמָ֔ה לֹֽא־ יַקְדִּ֥ישׁ אִ֖ישׁ אֹת֑וֹ אִם־ שׁ֣וֹר אִם־ שֶׂ֔ה לַֽיהוָ֖ה הֽוּא ׃,אכ בכור אשר יבכר ליהוה בבהמה לא יקדיש איש אתו אמ שור אמ שה ליהוה הוא,17,ברם בוכרא די יתבכר קדם יי בבעירא לא יקדש גבר יתיה אם תור אם אמר דיי הוא:,17,"Καὶ πᾶν πρωτότοκον ὃ ἂν γένηται ἐν τοῖς κτήνεσίν σου ἔσται τῷ κυρίῳ, καὶ οὐ καθαγιάσει οὐθεὶς αὐτό, ἐάν τε μόσχον ἐάν τε πρόβατον· τῷ κυρίῳ ἐστίν.",27,ܒܪܡ ܕܝܢ ܒܘܟܪܐ ܕܡܬܒܟܪ ܠܡܪܝܐ ܡܢ ܒܥܝܪ̈ܐ. ܠܐ ܢܩܕܫܝܘܗܝ ܓܒܪܐ. ܐܢ ܬܘܪܐ ܗܘ ܐܘ ܐܡܪܐ ܕܡܪܝܐ ܗܘ.,17,"Contudo o primogênito dum animal, que por ser primogênito já pertence ao senhor, ninguém o santificará; seja boi ou gado miúdo, pertence ao Senhor.",24,True,True,True
27,27,Levítico 27:27,וְאִ֨ם בַּבְּהֵמָ֤ה הַטְּמֵאָה֙ וּפָדָ֣ה בְעֶרְכֶּ֔ךָ וְיָסַ֥ף חֲמִשִׁת֖וֹ עָלָ֑יו וְאִם־ לֹ֥א יִגָּאֵ֖ל וְנִמְכַּ֥ר בְּעֶרְכֶּֽךָ ׃,ואמ בבהמה הטמאה ופדה בערככ ויספ חמשתו עליו ואמ לא יגאל ונמכר בערככ,14,ואם בבעירא מסאבא ויפרוק בפרסניה ויוסף חמשיה עלוהי ואם לא יתפרק ויזדבן בפרסניה:,13,"ἐὰν δὲ τῶν τετραπόδων τῶν ἀκαθάρτων, ἀλλάξει κατὰ τὴν τιμὴν αὐτοῦ καὶ προσθήσει τὸ ἐπίπεμπτον πρὸς αὐτό, καὶ ἔσται αὐτῷ· ἐὰν δὲ μὴ λυτρῶται, πραθήσεται κατὰ τὸ τίμημα αὐτοῦ.",29,ܘܐܢ ܒܥܝܪܐ ܗܝ ܛܡܐܬܐ. ܬܬܦܪܩ ܒܕܡ̈ܝܐ. ܘܢܘܣܦ ܚܕ ܡܢ ܚܡܫܐ ܥܠܝܗ̇. ܘܐܢ ܠܐ ܡܬܦܪܩܐ ܬܙܕܒܢ ܒܕܡ̈ܝܐ.,16,"Mas se o primogênito for dum animal imundo, remir-se-á segundo a tua avaliação, e a esta se acrescentará a quinta parte; e se não for remido, será vendido segundo a tua avaliação.",32,True,True,True
27,28,Levítico 27:28,אַךְ־ כָּל־ חֵ֡רֶם אֲשֶׁ֣ר יַחֲרִם֩ אִ֨ישׁ לַֽיהוָ֜ה מִכָּל־ אֲשֶׁר־ ל֗וֹ מֵאָדָ֤ם וּבְהֵמָה֙ וּמִשְּׂדֵ֣ה אֲחֻזָּת֔וֹ לֹ֥א יִמָּכֵ֖ר וְלֹ֣א יִגָּאֵ֑ל כָּל־ חֵ֕רֶם קֹֽדֶשׁ־ קָֽדָשִׁ֥ים ה֖וּא לַיהוָֽה ׃,אכ כל חרמ אשר יחרמ איש ליהוה מכל אשר לו מאדמ ובהמה ומשדה אחזתו לא ימכר ולא יגאל כל חרמ קדש קדשימ הוא ליהוה,25,ברם כל חרמא די יחרם גבר קדם יי מכל די ליה מאנשא ובעירא ומחקל אחסנתיה לא יזדבן ולא יתפרק כל חרמא קדש קודשין הוא קדם יי:,26,"Πᾶν δὲ ἀνάθεμα ὃ ἐὰν ἀναθῇ ἄνθρωπος τῷ κυρίῳ ἀπὸ πάντων ὅσα αὐτῷ ἐστιν, ἀπὸ ἀνθρώπου ἕως κτήνους, καὶ ἀπὸ ἀγροῦ κατασχέσεως αὐτοῦ, οὐκ ἀποδώσεται οὐδὲ λυτρώσεται· πᾶν ἀνάθεμα ἅγιον ἁγίων ἔσται τῷ κυρίῳ.",34,ܒܪܡ ܕܝܢ ܟܠ ܚܪܡܐ ܕܡܚܪܡ ܓܒܪܐ ܠܡܪܝܐ. ܡܢ ܟܠ ܡܕܡ ܕܐܝܬ ܠܗ. ܡܢ ܐܢܫܐ ܘܡܢ ܒܥܝܪ̈ܐ. ܘܡܢ ܚܩܠܐ ܕܝܪܬܘܬܗ. ܠܐ ܢܙܕܒܢ ܘܠܐ ܢܬܦܪܩ. ܟܠܗ ܚܪܡܐ ܩܕܘܫ ܩܘܕܫ̈ܝܢ ܗܘ ܠܡܪܝܐ.,29,"Todavia, nenhuma coisa consagrada ao Senhor por alguém, daquilo que possui, seja homem, ou animal, ou campo da sua possessão, será vendida nem será remida; toda coisa consagrada será santíssima ao Senhor.",32,True,True,True
27,29,Levítico 27:29,כָּל־ חֵ֗רֶם אֲשֶׁ֧ר יָחֳרַ֛ם מִן־ הָאָדָ֖ם לֹ֣א יִפָּדֶ֑ה מ֖וֹת יוּמָֽת ׃,כל חרמ אשר יחרמ מנ האדמ לא יפדה מות יומת,11,כל חרמא די יתחרם מן אנשא לא יתפרק אתקטלא יתקטל:,10,"καὶ πᾶν ὃ ἐὰν ἀνατεθῇ ἀπὸ τῶν ἀνθρώπων οὐ λυτρωθήσεται, ἀλλὰ θανάτῳ θανατωθήσεται.",13,ܘܟܠ ܚܪܡܐ ܕܡܚܪܡ ܡܢ ܐܢܫܐ ܠܐ ܢܬܦܪܩ. ܐܠܐ ܡܬܩܛܠܘ ܢܬܩܛܠ.,10,Nenhuma pessoa que dentre os homens for devotada será resgatada; certamente será morta.,13,True,True,True
27,30,Levítico 27:30,וְכָל־ מַעְשַׂ֨ר הָאָ֜רֶץ מִזֶּ֤רַע הָאָ֨רֶץ֙ מִפְּרִ֣י הָעֵ֔ץ לַיהוָ֖ה ה֑וּא קֹ֖דֶשׁ לַֽיהוָֽה ׃,וכל מעשר הארצ מזרע הארצ מפרי העצ ליהוה הוא קדש ליהוה,12,וכל מעשרא דארעא מזרעא דארעא מפרי אילנא דיי הוא קודשא קדם יי:,12,"Πᾶσα δεκάτη τῆς γῆς, ἀπὸ τοῦ σπέρματος τῆς γῆς καὶ τοῦ καρποῦ τοῦ ξυλίνου, τῷ κυρίῳ ἐστίν· ἅγιον τῷ κυρίῳ.",20,ܘܟܠ ܡܥܣܪܐ ܕܐܪܥܐ ܡܢ ܙܪܥܐ ܕܐܪܥܐ . ܘܡܢ ܦܐܪ̈ܐ ܕܐܝ̈ܠܢܐ. ܕܡܪܝܐ ܗܘ. ܘܩܘܕܫܐ ܗܘ ܠܡܪܝܐ.,15,"Também todos os dízimos da terra, quer dos cereais, quer do fruto das árvores, pertencem ao senhor; santos são ao Senhor.",21,True,True,True
27,31,Levítico 27:31,וְאִם־ גָּאֹ֥ל יִגְאַ֛ל אִ֖ישׁ מִמַּֽעַשְׂר֑וֹ חֲמִשִׁית֖וֹ יֹסֵ֥ף עָלָֽיו ׃,ואמ גאל יגאל איש ממעשרו חמשיתו יספ עליו,9,ואם מפרק יפרוק גבר ממעשריה חמשיה יוסף עלוהי:,8,"ἐὰν δὲ λυτρῶται λύτρῳ ἄνθρωπος τὴν δεκάτην αὐτοῦ, τὸ ἐπίπεμπτον προσθήσει πρὸς αὐτό, καὶ ἔσται αὐτῷ.",16,ܘܐܢ ܡܦܪܩ ܢܦܪܘܩ ܓܒܪܐ ܡܢ ܡܥܣܪܗ. ܢܘܣܦ ܥܠܘܗܝ ܚܕ ܡܢ ܚܡܫܐ.,11,"Se alguém quiser remir uma parte dos seus dízimos, acrescentar-lhe-á a quinta parte.",13,True,True,True
27,32,Levítico 27:32,וְכָל־ מַעְשַׂ֤ר בָּקָר֙ וָצֹ֔אן כֹּ֥ל אֲשֶׁר־ יַעֲבֹ֖ר תַּ֣חַת הַשָּׁ֑בֶט הָֽעֲשִׂירִ֕י יִֽהְיֶה־ קֹּ֖דֶשׁ לַֽיהוָֽה ׃,וכל מעשר בקר וצאנ כל אשר יעבר תחת השבט העשירי יהיה קדש ליהוה,14,וכל מעשר תורין וען כל דיעבר תחות חטרא עשיראה יהי קדיש קדם יי:,13,"καὶ πᾶσα δεκάτη βοῶν καὶ προβάτων, καὶ πᾶν ὃ ἐὰν ἔλθῃ ἐν τῷ ἀριθμῷ ὑπὸ τὴν ῥάβδον, τὸ δέκατον ἔσται ἅγιον τῷ κυρίῳ.",23,ܘܟܠ ܡܥܣܪ̈ܐ ܕܬܘܪ̈ܐ ܘܕܥܢܐ. ܟܠ ܕܥܒ̇ܪ ܬܚܝܬ ܚܘܛܪܐ ܕܪܥ̇ܝܐ. ܢܗܘܐ ܩܘܕܫܐ ܠܡܪܝܐ.,12,"Quanto a todo dízimo do gado e do rebanho, de tudo o que passar debaixo da vara, esse dízimo será santo ao Senhor.",23,True,True,True
27,33,Levítico 27:33,לֹ֧א יְבַקֵּ֛ר בֵּֽין־ ט֥וֹב לָרַ֖ע וְלֹ֣א יְמִירֶ֑נּוּ וְאִם־ הָמֵ֣ר יְמִירֶ֔נּוּ וְהָֽיָה־ ה֧וּא וּתְמוּרָת֛וֹ יִֽהְיֶה־ קֹ֖דֶשׁ לֹ֥א יִגָּאֵֽל ׃,לא יבקר בינ טוב לרע ולא ימירנו ואמ המר ימירנו והיה הוא ותמורתו יהיה קדש לא יגאל,18,לא יבקר בין טב לביש ולא יחלפניה ואם חלפא יחלפניה ויהי הוא וחלופיה יהי קודשא לא יתפרק:,17,"οὐκ ἀλλάξεις καλὸν πονηρῷ· ἐὰν δὲ ἀλλάσσων ἀλλάξῃς αὐτό, καὶ τὸ ἄλλαγμα αὐτοῦ ἔσται ἅγιον· οὐ λυτρωθήσεται.",17,ܠܐ ܢܫܐܠ ܒܝܬ ܛܒ ܠܒܝܫ. ܘܒܝܬ ܒܝܫ ܠܛܒ. ܘܠܐ ܢܚܠܦܝܘܗܝ ܘܐܢ ܡܚܠܦܘ ܢܚܠܦܝܘܗܝ. ܗܘ ܘܬܚܠܘܦܗ ܢܗܘܐ ܩܘܕܫܐ. ܘܠܐ ܢܬܦܪܩ.,19,"Não se examinará se é bom ou mau, nem se trocará; mas se, com efeito, se trocar, tanto um como o outro será santo; não serão remidos.",27,True,True,True
27,34,Levítico 27:34,אֵ֣לֶּה הַמִּצְוֺ֗ת אֲשֶׁ֨ר צִוָּ֧ה יְהוָ֛ה אֶת־ מֹשֶׁ֖ה אֶל־ בְּנֵ֣י יִשְׂרָאֵ֑ל בְּהַ֖ר סִינָֽי ׃,אלה המצות אשר צוה יהוה את משה אל בני ישראל בהר סיני,13,אלין פקודיא די פקיד יי ית משה לות בני ישראל בטורא דסיני:,12,Αὗταί εἰσιν αἱ ἐντολαὶ ἃς ἐνετείλατο Κύριος τῷ Μωυσῇ πρὸς τοὺς υἱοὺς Ἰσραὴλ ἐν τῷ ὄρει Σεινά.,17,ܗܠܝܢ ܦܘܩ̈ܕܢܐ ܕܦܩܕ ܡܪܝܐ ܠܡܘܫܐ ܥܠ ܒܢ̈ܝ ܐܝܣܪܐܝܠ ܒܛܘܪܐ ܕܣܝܢܝ.,10,"são esses os mandamentos que o Senhor ordenou a Moisés, para os filhos de Israel, no monte Sinai.",18,True,True,True
