capitulo,versiculo,referencia,hebraico_mt,hebraico_sem_niqqud,palavras_hebraico,targum_onkelos,palavras_targum,septuaginta_grego,palavras_lxx,peshitta_siriaco,palavras_peshitta,portugues_aa,palavras_portugues,tem_targum,tem_lxx,tem_peshitta
1,1,Números 1:1,וַיְדַבֵּ֨ר יְהוָ֧ה אֶל־ מֹשֶׁ֛ה בְּמִדְבַּ֥ר סִינַ֖י בְּאֹ֣הֶל מוֹעֵ֑ד בְּאֶחָד֩ לַחֹ֨דֶשׁ הַשֵּׁנִ֜י בַּשָּׁנָ֣ה הַשֵּׁנִ֗ית לְצֵאתָ֛ם מֵאֶ֥רֶץ מִצְרַ֖יִם לֵאמֹֽר ׃,וידבר יהוה אל משה במדבר סיני באהל מועד באחד לחדש השני בשנה השנית לצאתמ מארצ מצרימ לאמר,18,ומליל יי עם משה במדברא דסיני במשכן זמנא בחד לירחא תנינא בשתא תניתא למפקהון מארעא דמצרים למימר:,17,"ΚΑΙ ἐλάλησεν Κύριος πρὸς Μωυσῆν ἐν τῇ ἐρήμῳ τῇ Σεινά, ἐν τῇ σκηνῇ τοῦ μαρτυρίου, ἐν μιᾷ τοῦ μηνὸς τοῦ δευτέρου ἔτους δευτέρου ἐξελθόντων αὐτῶν ἐκ γῆς Αἰγύπτου, λέγων",29,ܘܡܠܠ ܡܪܝܐ ܥܡ ܡܘܫܐ ܒܡܕܒܪܐ ܕܣܝܢܝ ܒܡܫܟܢܙܒܢܐ. ܒܚܕ ܒܝܪܚܐ ܬܢܝܢܐ. ܒܫܢܬ ܬܪ̈ܬܝܢ ܟܕ ܢܦܩܘ ܒܢ̈ܝ ܐܝܣܪܝܠ ܡܢ ܐܪܥܐ ܕܡܨܪܝܢ ܘܐܡܪ ܠܗ.,21,"Falou o Senhor a Moisés no deserto de Sinai, na tenda da revelação, no primeiro dia do segundo mês, no segundo ano depois da saída dos filhos de Israel da terra do Egito, dizendo:",34,True,True,True
1,2,Números 1:2,שְׂא֗וּ אֶת־ רֹאשׁ֙ כָּל־ עֲדַ֣ת בְּנֵֽי־ יִשְׂרָאֵ֔ל לְמִשְׁפְּחֹתָ֖ם לְבֵ֣ית אֲבֹתָ֑ם בְּמִסְפַּ֣ר שֵׁמ֔וֹת כָּל־ זָכָ֖ר לְגֻלְגְּלֹתָֽם ׃,שאו את ראש כל עדת בני ישראל למשפחתמ לבית אבתמ במספר שמות כל זכר לגלגלתמ,16,קבילו ית חשבן כל כנשתא דבני ישראל לזרעיתהון לבית אבהתהון במנין שמהן כל דכורא לגלגלתהון:,15,"Λάβετε ἀρχὴν πάσης συναγωγῆς Ἰσραὴλ κατὰ συγγενίας, κατ᾽ οἴκους πατριῶν, κατὰ ἀριθμὸν ἐξ ὀνόματος, κατὰ κεφαλὴν αὐτῶν·",17,ܩܒܠ ܚܘܫܒܢܐ ܕܡܢܝܢܐ ܕܪ̈ܫܐ ܕܟܠܗ̇ ܟܢܘܫܬܐ ܕܒܢ̈ܝ ܐܝܣܪܝܠ. ܠܫܪ̈ܒܬܗܘܢ ܠܒܝܬ ܐ̈ܒܗܝܗܘܢ ܒܡܢܝܢܐ ܕܫܡ̈ܗܐ. ܟܠ ܕܟܪܐ ܠܪ̈ܫܝܗܘܢ.,16,"Tomai a soma de toda a congregação dos filhos de Israel, segundo as suas famílias, segundo as casas de seus pais, conforme o número dos nomes de todo homem, cabeça por cabeça;",32,True,True,True
1,3,Números 1:3,מִבֶּ֨ן עֶשְׂרִ֤ים שָׁנָה֙ וָמַ֔עְלָה כָּל־ יֹצֵ֥א צָבָ֖א בְּיִשְׂרָאֵ֑ל תִּפְקְד֥וּ אֹתָ֛ם לְצִבְאֹתָ֖ם אַתָּ֥ה וְאַהֲרֹֽן ׃,מבנ עשרימ שנה ומעלה כל יצא צבא בישראל תפקדו אתמ לצבאתמ אתה ואהרנ,14,מבר עשרין שנין ולעלא כל נפק חילא בישראל תמנון יתהון לחיליהון את ואהרן:,13,"πᾶς ἄρσην ἀπὸ εἰκοσαετοῦς καὶ ἐπάνω, πᾶς ὁ ἐκπορευόμενος ἐν δυνάμει Ἰσραήλ, ἐπισκέψασθε αὐτοὺς σὺν δυνάμει αὐτῶν· σὺ καὶ Ἀαρὼν ἐπισκέψασθε αὐτούς.",22,ܡܢ ܒܪ ܥܣܪ̈ܝܢ ܫ̈ܢܝܢ ܘܠܥܠ. ܟܠ ܕܢ̇ܦܩ ܒܚܝܠܐ ܒܐܝܣܪܝܠ. ܬܡܢܐ ܐܢܘܢ ܒܚܝܠܗܘܢ. ܐܢܬ ܘܐܗܪܘܢ ܐܚܘܟ .,16,"os da idade de vinte anos para cima, isto é, todos os que em Israel podem sair à guerra, a esses contareis segundo os seus exércitos, tu e Arão.",29,True,True,True
1,4,Números 1:4,וְאִתְּכֶ֣ם יִהְי֔וּ אִ֥ישׁ אִ֖ישׁ לַמַּטֶּ֑ה אִ֛ישׁ רֹ֥אשׁ לְבֵית־ אֲבֹתָ֖יו הֽוּא ׃,ואתכמ יהיו איש איש למטה איש ראש לבית אבתיו הוא,11,ועמכון יהון גברא גברא לשבטא גבר ריש לבית אבהתוהי הוא:,10,καὶ μεθ᾽ ὑμῶν ἔσονται ἕκαστος κατὰ φυλὴν ἑκάστου ἀρχόντων· καὶ κατ᾽ οἴκους πατριῶν ἔσονται.,14,ܘܥܡܟܘܢ ܢܗܘܘܢ ܓܒܪܐ ܓܒܪܐ ܡܢ ܫܒܛܐ. ܓܒܪ ܪܫܐ ܕܒܝܬ ܐܒܘܗܝ.,10,Estará convosco de cada tribo um homem que seja cabeça da casa de seus pais.,15,True,True,True
1,5,Números 1:5,וְאֵ֨לֶּה֙ שְׁמ֣וֹת הָֽאֲנָשִׁ֔ים אֲשֶׁ֥ר יַֽעַמְד֖וּ אִתְּכֶ֑ם לִרְאוּבֵ֕ן אֱלִיצ֖וּר בֶּן־ שְׁדֵיאֽוּר ׃,ואלה שמות האנשימ אשר יעמדו אתכמ לראובנ אליצור בנ שדיאור,11,ואלין שמהת גבריא די יקומון עמכון לראובן אליצור בר שדיאור:,10,καὶ ταῦτα τὰ ὀνόματα τῶν ἀνδρῶν οἵτινες παραστήσονται μεθ᾽ ὑμῶν· τῶν υἱῶν Ῥουβὴν Ἐλεισοὺρ υἱὸς Σεδιούρ·,16,ܘܗܠܝܢ ܫܡ̈ܗܐ ܕܓܒܪ̈ܐ ܕܢܩܘܡܘܢ ܥܡܟܘܢ ܕܪܘܒܝܠ ܐܠܝܨܘܪ ܒܪ ܫܕܐܘܪ.,9,"Estes, pois, são os nomes dos homens que vos assistirão: de Rúben Elizur, filho de Sedeur;",16,True,True,True
1,6,Números 1:6,לְשִׁמְע֕וֹן שְׁלֻמִיאֵ֖ל בֶּן־ צוּרִֽישַׁדָּֽי ׃,לשמעונ שלמיאל בנ צורישדי,5,לשמעון שלמיאל בר צורישדי:,4,τῶν Συμεὼν Σαλαμιὴλ υἱὸς Σουρεισαδαί·,5,ܕܫܡܥܘܢ ܫܠܡܘܐܝܠ ܒܪ ܨܘܪܝܫܕܝ.,4,"de Simeão, Selumiel, filho de Zurisadai;",6,True,True,True
1,7,Números 1:7,לִֽיהוּדָ֕ה נַחְשׁ֖וֹן בֶּן־ עַמִּינָדָֽב ׃,ליהודה נחשונ בנ עמינדב,5,ליהודה נחשון בר עמינדב:,4,τῶν Ἰούδα Νασσὼν υἱὸς Ἀμειναδάβ·,5,ܕܝܗܘܕܐ ܢܚܫܘܢ ܒܪ ܥܡܝܢܕܒ.,4,"de Judá, Nasom, filho de Aminadabe;",6,True,True,True
1,8,Números 1:8,לְיִ֨שָּׂשכָ֔ר נְתַנְאֵ֖ל בֶּן־ צוּעָֽר ׃,ליששכר נתנאל בנ צוער,5,ליששכר נתנאל בר צוער:,4,τῶν Ἰσσαχὰρ Ναθαναὴλ υἱὸς Σωγάρ·,5,ܕܐܝܣܟܪ ܢܬܢܝܐܝܠ ܒܪ ܨܘܥܪ.,4,"de Issacar, Netanel, filho de Zuar;",6,True,True,True
1,9,Números 1:9,לִזְבוּלֻ֕ן אֱלִיאָ֖ב בֶּן־ חֵלֹֽן ׃,לזבולנ אליאב בנ חלנ,5,לזבולן אליאב בר חלן:,4,"τῶν Ζαβουλὼν Ἐλιὰβ υἱὸς Χαιλών· τῶν υἱῶν Ἰωσήφ, τῶν Ἐφράιμ Ἐλεισαμὰ υἱὸς Ἐμιούδ,",13,ܕܙܒܘܠܘܢ ܐܠܝܒ ܒܪ ܚܠܘܢ.,4,"de Zebulom, Eliabe, filho de Helom;",6,True,True,True
1,10,Números 1:10,לִבְנֵ֣י יוֹסֵ֔ף לְאֶפְרַ֕יִם אֱלִישָׁמָ֖ע בֶּן־ עַמִּיה֑וּד לִמְנַשֶּׁ֕ה גַּמְלִיאֵ֖ל בֶּן־ פְּדָהצֽוּר ׃,לבני יוספ לאפרימ אלישמע בנ עמיהוד למנשה גמליאל בנ פדהצור,11,לבני יוסף לאפרים אלישמע בר עמיהוד למנשה גמליאל בר פדהצור:,10,τῶν Μανασσὴ Γαμαλιὴλ υἱὸς Φαδασούρ·,5,ܕܒܢ̈ܝ ܝܘܣܦ ܕܐܦܪܝܡ. ܐܠܝܫܡܥ ܒܪ ܥܡܝܗܘܕ. ܕܡܢܫܐ ܓܡܠܝܐܝܠ ܒܪ ܦܪܨܘܪ.,10,"dos filhos de José: de Efraim, Elisama, filho de Amiúde; de Manassés, Gamaliel, filho de Pedazur;",16,True,True,True
1,11,Números 1:11,לְבִ֨נְיָמִ֔ן אֲבִידָ֖ן בֶּן־ גִּדְעֹנִֽי ׃,לבנימנ אבידנ בנ גדעני,5,לבנימן אבידן בר גדעני:,4,τῶν Βενιαμεὶν Ἀβειδὰν υἱὸς Γεδεωνεί·,5,ܕܒܢܝܡܝܢ ܐܒܝܕܢ ܒܪ ܓܕܥܘܢܝ.,4,"de Benjamim, Abidã, filho de Gideôni;",6,True,True,True
1,12,Números 1:12,לְדָ֕ן אֲחִיעֶ֖זֶר בֶּן־ עַמִּֽישַׁדָּֽי ׃,לדנ אחיעזר בנ עמישדי,5,לדן אחיעזר בר עמישדי:,4,τῶν Δὰν Ἀχιέζερ υἱὸς Ἀμεισαδαί·,5,ܕܕܢ ܐܚܝܥܙܪ ܒܪ ܥܡܝܫܕܝ.,4,"de Dã, Aizer, filho de Amisadai;",6,True,True,True
1,13,Números 1:13,לְאָשֵׁ֕ר פַּגְעִיאֵ֖ל בֶּן־ עָכְרָֽן ׃,לאשר פגעיאל בנ עכרנ,5,לאשר פגעיאל בר עכרן:,4,τῶν Ἀσὴρ Φαγαιὴλ υἱὸς Ἐχράν·,5,ܕܐܫܝܪ ܦܓܥܐܝܠ ܒܪ ܥܟܪܢ.,4,"de Aser, Pagiel, filho de Ocrã;",6,True,True,True
1,14,Números 1:14,לְגָ֕ד אֶלְיָסָ֖ף בֶּן־ דְּעוּאֵֽל ׃,לגד אליספ בנ דעואל,5,לגד אליסף בר דעואל:,4,τῶν Γὰδ Ἐλεισὰφ υἱὸς Ῥαγουήλ·,5,ܕܓܕ ܐܠܝܐܣܦ ܒܪ ܪܥܘܐܝܠ.,4,"de Gade, Eliasafe, filho de o Deuel;",7,True,True,True
1,15,Números 1:15,לְנַ֨פְתָּלִ֔י אֲחִירַ֖ע בֶּן־ עֵינָֽן ׃,לנפתלי אחירע בנ עיננ,5,לנפתלי אחירע בר עינן:,4,τῶν Νεφθαλεὶ Ἀχειρὲ υἱὸς Αἰνάν.,5,ܕܢܦܬܠܝ ܐܚܝܕܥ ܒܪ ܥܝܢܢ.,4,"de Naftali, Airá, Filho de Enã.",6,True,True,True
1,16,Números 1:16,אֵ֚לֶּה קריאי הָעֵדָ֔ה נְשִׂיאֵ֖י מַטּ֣וֹת אֲבוֹתָ֑ם רָאשֵׁ֛י אַלְפֵ֥י יִשְׂרָאֵ֖ל הֵֽם ׃,אלה קריאי העדה נשיאי מטות אבותמ ראשי אלפי ישראל המ,11,אלין מערעי כנשתא רברבי שבטי אבהתהון רישי אלפיא דישראל אנון:,10,"οὗτοι ἐπίκλητοι τῆς συναγωγῆς, ἄρχοντες τῶν φυλῶν κατὰ πατριάς, χιλίαρχοι Ἰσραήλ εἰσιν.",12,ܗܠܝܢ ܩܪ̈ܝܚܐ ܕܟܢܘܫܬܐ. ܪ̈ܘܪܒܢܐ ܕܫܒ̈ܛܐ ܕܒܝܬ ܐܒܗܝ̈ܗܘܢ. ܪ̈ܫܐ ܐܢܘܢ ܕܐܠܦ̈ܐ ܕܐܝܣܪܝܠ.,11,"São esses os que foram chamados da congregação, os príncipes das tribos de seus pais, os cabeças dos milhares de Israel.",21,True,True,True
1,17,Números 1:17,וַיִּקַּ֥ח מֹשֶׁ֖ה וְאַהֲרֹ֑ן אֵ֚ת הָאֲנָשִׁ֣ים הָאֵ֔לֶּה אֲשֶׁ֥ר נִקְּב֖וּ בְּשֵׁמֽוֹת ׃,ויקח משה ואהרנ את האנשימ האלה אשר נקבו בשמות,10,ונסב משה ואהרן ית גבריא האלין די אתפרשו בשמהן:,9,"καὶ ἔλαβεν Μωυσῆς καὶ Ἀαρὼν τοὺς ἄνδρας τούτους τοὺς ἀνακληθέντας ἐξ ὀνόματος,",12,ܘܕܒܪ ܐܢܘܢ ܡܘܫܐ ܘܐܗܪܘܢ ܠܓܒܪ̈ܐ ܗܠܝܢ ܕܐܬܦܪܫܘ ܒܫ̈ܡܗܐ.,8,Então tomaram Moisés e Arão a esses homens que são designados por nome;,13,True,True,True
1,18,Números 1:18,וְאֵ֨ת כָּל־ הָעֵדָ֜ה הִקְהִ֗ילוּ בְּאֶחָד֙ לַחֹ֣דֶשׁ הַשֵּׁנִ֔י וַיִּתְיַֽלְד֥וּ עַל־ מִשְׁפְּחֹתָ֖ם לְבֵ֣ית אֲבֹתָ֑ם בְּמִסְפַּ֣ר שֵׁמ֗וֹת מִבֶּ֨ן עֶשְׂרִ֥ים שָׁנָ֛ה וָמַ֖עְלָה לְגֻלְגְּלֹתָֽם ׃,ואת כל העדה הקהילו באחד לחדש השני ויתילדו על משפחתמ לבית אבתמ במספר שמות מבנ עשרימ שנה ומעלה לגלגלתמ,20,וית כל כנשתא אכנשו בחד לירחא תנינא ואתיחסו על זרעיתהון לבית אבהתהון במנין שמהן מבר עשרין שנין ולעלא לגלגלתהון:,19,"καὶ πᾶσαν τὴν συναγωγὴν συνήγαγον ἐν μιᾷ τοῦ μηνὸς τοῦ δευτέρου ἔτους, καὶ ἐπηξονοῦσαν κατὰ γενέσεις αὐτῶν, κατὰ πατριὰς αὐτῶν, κατὰ ἀριθμὸν ὀνομάτων αὐτῶν, ἀπὸ εἰκοσαετοῦς καὶ ἐπάνω, πᾶν ἀρσενικὸν κατὰ κεφαλὴν αὐτῶν.",33,ܘܟܢܫܘ ܠܟܠܗ̇ ܟܢܘܫܬܐ ܒܚܕ ܒܝܪܚܐ ܬܢܝܢܐ. ܘܐܬܡܢܝܘ ܠܫܪ̈ܒܬܗܘܢ ܠܒܝܬ ܐܒܗܝ̈ܗܘܢ. ܒܡܢܝܢܐ ܕܫܡ̈ܗܐ. ܡܢ ܒܪ ܥܣܪ̈ܝܢ ܫܢ̈ܝܢ ܘܠܥܠ ܠܪ̈ܫܝܗܘܢ.,18,"e, tendo ajuntado toda a congregação no primeiro dia do segundo mês, declararam a linhagem deles segundo as suas famílias, segundo as casas de seus pais, conforme o número dos nomes dos de vinte anos para cima, cabeça por cabeça;",40,True,True,True
1,19,Números 1:19,כַּאֲשֶׁ֛ר צִוָּ֥ה יְהוָ֖ה אֶת־ מֹשֶׁ֑ה וַֽיִּפְקְדֵ֖ם בְּמִדְבַּ֥ר סִינָֽי ׃ פ,כאשר צוה יהוה את משה ויפקדמ במדבר סיני פ,10,כמא די פקיד יי ית משה ומננון במדברא דסיני:,9,ὃν τρόπον συνέταξεν Κύριος τῷ Μωυσῇ· καὶ ἐπεσκέπησαν ἐν τῇ ἐρήμῳ τῇ Σεινά.,13,ܐܝܟ ܕܦܩܕ ܡܪܝܐ ܠܡܘܫܐ. ܘܡܢܐ ܐܢܘܢ ܒܡܕܒܪܐ ܕܣܝܢܝ.,8,"como o Senhor ordenara a Moisés, assim este os contou no deserto de Sinai.",14,True,True,True
1,20,Números 1:20,וַיִּהְי֤וּ בְנֵֽי־ רְאוּבֵן֙ בְּכֹ֣ר יִשְׂרָאֵ֔ל תּוֹלְדֹתָ֥ם לְמִשְׁפְּחֹתָ֖ם לְבֵ֣ית אֲבֹתָ֑ם בְּמִסְפַּ֤ר שֵׁמוֹת֙ לְגֻלְגְּלֹתָ֔ם כָּל־ זָכָ֗ר מִבֶּ֨ן עֶשְׂרִ֤ים שָׁנָה֙ וָמַ֔עְלָה כֹּ֖ל יֹצֵ֥א צָבָֽא ׃,ויהיו בני ראובנ בכר ישראל תולדתמ למשפחתמ לבית אבתמ במספר שמות לגלגלתמ כל זכר מבנ עשרימ שנה ומעלה כל יצא צבא,22,והוו בני ראובן בוכרא דישראל תולדתהון לזרעיתהון לבית אבהתהון במנין שמהן לגלגלתהון כל דכורא מבר עשרין שנין ולעלא כל נפק חילא:,21,"Καὶ ἐγένοντο οἱ υἱοὶ Ῥουβὴν πρωτοτόκου Ἰσραὴλ κατὰ συγγενίας αὐτῶν, κατὰ δήμους αὐτῶν, κατ᾽ οἴκους πατριῶν αὐτῶν, κατὰ ἀριθμὸν ὀνομάτων αὐτῶν, κατὰ κεφαλὴν αὐτῶν, πάντα ἀρσενικὰ ἀπὸ εἰκοσαετοῦς καὶ ἐπάνω, πᾶς ὁ ἐκπορευόμενος ἐν τῇ δυνάμει·",36,ܘܗܘܘ ܒܢܘܗܝ ܕܪܘܒܝܠ ܒܘܟܪܗ ܕܐܝܣܪܝܠ. ܒܬ̈ܘܠܕܬܗܘܢ ܠܫܪ̈ܒܬܗܘܢ ܠܒܝܬ ܐܒܗܝ̈ܗܘܢ. ܒܡܢܝܢܐ ܕܫܡ̈ܗܐ. ܟܠ ܕܟܪܐ ܠܪ̈ܫܝܗܘܢ. ܡܢ ܒܪ ܥܣܪ̈ܝܢ ܫܢ̈ܝܢ ܘܠܥܠ. ܟܠ ܕܢ̇ܦܩ ܒܚܝܠܐ ܒܐܝܣܪܝܠ .,24,"Os filhos de Rúben o primogênito de Israel, as suas gerações, pelas suas famílias, segundo as casas de seus pais, conforme o número dos nomes, cabeça por cabeça, todo homem de vinte anos para cima, todos os que podiam sair à guerra,",42,True,True,True
1,21,Números 1:21,פְּקֻדֵיהֶ֖ם לְמַטֵּ֣ה רְאוּבֵ֑ן שִׁשָּׁ֧ה וְאַרְבָּעִ֛ים אֶ֖לֶף וַחֲמֵ֥שׁ מֵאֽוֹת ׃ פ,פקדיהמ למטה ראובנ ששה וארבעימ אלפ וחמש מאות פ,10,מניניהון לשבטא דראובן ארבעין ושתא אלפין וחמש מאה:,8,ἡ ἐπισκοπὴ αὐτῶν ἐκ τῆς φυλῆς Ῥουβὴν ἓξ καὶ τεσσεράκοντα χιλιάδες καὶ φ᾽.,13,ܡܢܝܢܗܘܢ ܕܫܒܛܐ ܕܪܘܒܝܠ. ܐܪ̈ܒܥܝܢ ܘܐܫܬܐ ܐܠܦ̈ܝܢ ܘܚܡܫܡܐܐ.,7,"os que foram contados deles, da tribo de Rúben eram quarenta e seis mil e quinhentos.",16,True,True,True
1,22,Números 1:22,לִבְנֵ֣י שִׁמְע֔וֹן תּוֹלְדֹתָ֥ם לְמִשְׁפְּחֹתָ֖ם לְבֵ֣ית אֲבֹתָ֑ם פְּקֻדָ֗יו בְּמִסְפַּ֤ר שֵׁמוֹת֙ לְגֻלְגְּלֹתָ֔ם כָּל־ זָכָ֗ר מִבֶּ֨ן עֶשְׂרִ֤ים שָׁנָה֙ וָמַ֔עְלָה כֹּ֖ל יֹצֵ֥א צָבָֽא ׃,לבני שמעונ תולדתמ למשפחתמ לבית אבתמ פקדיו במספר שמות לגלגלתמ כל זכר מבנ עשרימ שנה ומעלה כל יצא צבא,20,לבני שמעון תולדתהון לזרעיתהון לבית אבהתהון מנינוהי במנין שמהן לגלגלתהון כל דכורא מבר עשרין שנין ולעלא כל נפק חילא:,19,"Τοῖς υἱοῖς Συμεὼν κατὰ συγγενίας αὐτῶν, κατὰ δήμους αὐτῶν, κατ᾽ οἴκους πατριῶν αὐτῶν, κατὰ ἀριθμὸν ὀνομάτων αὐτῶν, κατὰ κεφαλὴν αὐτῶν, πάντα ἀρσενικὰ ἀπὸ εἰκοσαετοῦς καὶ ἐπάνω, πᾶς ὁ ἐκπορευόμενος ἐν τῇ δυνάμει·",32,ܘܒܢ̈ܝ ܫܡܥܘܢ ܒܬܘ̈ܠܕܬܗܘܢ ܠܫܪ̈ܒܬܗܘܢ ܠܒܝܬ ܐܒܗܝ̈ܗܘܢ. ܒܡܢܝܢܐ ܕܫܡ̈ܗܐ. ܟܠ ܕܟܪܐ ܠܪ̈ܫܝܗܘܢ. ܡܢ ܒܪ ܥܣܪ̈ܝܢ ܫܢ̈ܝܢ ܘܠܥܠ. ܟܠ ܕܢ̇ܦܩ ܒܚܝܠܐ ܒܐܝܣܪܝܠ .,21,"Dos filhos de Simeão, as suas gerações, pelas suas famílias, segundo as casas de seus pais, conforme o número dos nomes, cabeça por cabeça, todo homem de vinte anos para cima, todos os que podiam sair à guerra,",38,True,True,True
1,23,Números 1:23,פְּקֻדֵיהֶ֖ם לְמַטֵּ֣ה שִׁמְע֑וֹן תִּשְׁעָ֧ה וַחֲמִשִּׁ֛ים אֶ֖לֶף וּשְׁלֹ֥שׁ מֵאֽוֹת ׃ פ,פקדיהמ למטה שמעונ תשעה וחמשימ אלפ ושלש מאות פ,10,מניניהון לשבטא דשמעון חמשין ותשעה אלפין ותלת מאה:,8,ἡ ἐπίσκεψις αὐτῶν ἐκ τῆς φυλῆς Συμεὼν ἐννέα καὶ πεντήκοντα χιλιάδες καὶ τριακόσιοι.,13,ܡܢܝܢܗܘܢ ܕܫܒܛܐ ܕܫܡܥܘܢ. ܚܡܫܝܢ ܘܬܫܥܐ ܐܠܦ̈ܝܢ ܘܬܠܬܡܐܐ.,7,"os que foram contados deles, da tribo de Simeão, eram cinqüenta e nove mil e trezentos.",16,True,True,True
1,24,Números 1:24,לִבְנֵ֣י גָ֔ד תּוֹלְדֹתָ֥ם לְמִשְׁפְּחֹתָ֖ם לְבֵ֣ית אֲבֹתָ֑ם בְּמִסְפַּ֣ר שֵׁמ֗וֹת מִבֶּ֨ן עֶשְׂרִ֤ים שָׁנָה֙ וָמַ֔עְלָה כֹּ֖ל יֹצֵ֥א צָבָֽא ׃,לבני גד תולדתמ למשפחתמ לבית אבתמ במספר שמות מבנ עשרימ שנה ומעלה כל יצא צבא,16,לבני גד תולדתהון לזרעיתהון לבית אבהתהון במנין שמהן מבר עשרין שנין ולעלא כל נפק חילא:,15,"Τοῖς υἱοῖς Ἰούδα κατὰ συγγενίας αὐτῶν, κατὰ δήμους αὐτῶν, κατ᾽ οἴκους πατριῶν αὐτῶν, κατὰ ἀριθμὸν ὀνομάτων αὐτῶν, κατὰ κεφαλὴν αὐτῶν, πάντα ἀρσενικὰ ἀπὸ εἰκοσαετοῦς καὶ ἐπάνω, πᾶς ὁ ἐκπορευόμενος ἐν τῇ δυνάμει·",32,ܘܒܢ̈ܝ ܓܕ ܒܬ̈ܘܠܕܬܗܘܢ ܠܫܪ̈ܒܬܗܘܢ ܠܒܝܬ ܐܒܗܝ̈ܗܘܢ. ܒܡܢܝܢܐ ܕܫܡ̈ܗܐ. ܟܠ ܕܟܪܐ ܠܪ̈ܫܝܗܘܢ . ܡܢ ܒܪ ܥܣܪ̈ܝܢ ܫܢ̈ܝܢ ܘܠܥܠ. ܟܠ ܕܢ̇ܦܩ ܒܚܝܠܐ ܒܐܝܣܪܝܠ .,22,"Dos filhos de Gade, as suas gerações, pelas suas famílias, segundo as casas de seus pais, conforme o número dos nomes dos de vinte anos para cima, todos os que podiam sair a guerra,",34,True,True,True
1,25,Números 1:25,פְּקֻדֵיהֶ֖ם לְמַטֵּ֣ה גָ֑ד חֲמִשָּׁ֤ה וְאַרְבָּעִים֙ אֶ֔לֶף וְשֵׁ֥שׁ מֵא֖וֹת וַחֲמִשִּֽׁים ׃ פ,פקדיהמ למטה גד חמשה וארבעימ אלפ ושש מאות וחמשימ פ,11,מניניהון לשבטא דגד ארבעין וחמשא אלפין ושית מאה וחמשין,9,ἡ ἐπίσκεψις αὐτῶν ἐκ τῆς φυλῆς Ἰούδα τέσσαρες καὶ ἑβδομήκοντα χιλιάδες καὶ ἑξακόσιοι.,13,ܡܢܝܢܗܘܢ ܕܫܒܛܐ ܕܓܕ. ܐܪ̈ܒܥܝܢ ܘܚܡܫܐ ܐܠܦ̈ܝܢ ܘܫܬܡ̈ܐܐ ܘܚܡܫܝܢ.,8,"os que foram contados deles, da tribo de Gade, eram quarenta e cinco mil seiscentos e cinqüenta.",17,True,True,True
1,26,Números 1:26,לִבְנֵ֣י יְהוּדָ֔ה תּוֹלְדֹתָ֥ם לְמִשְׁפְּחֹתָ֖ם לְבֵ֣ית אֲבֹתָ֑ם בְּמִסְפַּ֣ר שֵׁמֹ֗ת מִבֶּ֨ן עֶשְׂרִ֤ים שָׁנָה֙ וָמַ֔עְלָה כֹּ֖ל יֹצֵ֥א צָבָֽא ׃,לבני יהודה תולדתמ למשפחתמ לבית אבתמ במספר שמת מבנ עשרימ שנה ומעלה כל יצא צבא,16,לבני יהודה תולדתהון לזרעיתהון לבית אבהתהון במנין שמהן מבר עשרין שנין ולעלא כל נפק חילא:,15,"Τοῖς υἱοῖς Ἰσσαχὰρ κατὰ συγγενίας αὐτῶν, κατὰ δήμους αὐτῶν, κατ᾽ οἴκους πατριῶν αὐτῶν, κατὰ ἀριθμὸν ὀνομάτων αὐτῶν, κατὰ κεφαλὴν αὐτῶν, πάντα ἀρσενικὰ ἀπὸ εἰκοσαετοῦς καὶ ἐπάνω, πᾶς ὁ ἐκπορευόμενος ἐν τῇ δυνάμει·",32,ܘܒܢ̈ܝ ܝܗܘܕܐ ܒܬ̈ܘܠܕܬܗܘܢ ܠܫܪ̈ܒܬܗܘܢ ܠܒܝܬ ܐܒܗܝ̈ܗܘܢ. ܒܡܢܝܢܐ ܕܫܡ̈ܗܐ. ܡܢ ܒܪ ܥܣܪ̈ܝܢ ܫܢ̈ܝܢ ܘܠܥܠ. ܟܠ ܕܢ̇ܦܩ ܒܚܝܠܐ ܒܐܝܣܪܝܠ .,18,"Dos filhos de Judá, as suas gerações, pelas suas famílias, segundo as casas de seus pais, conforme o número dos nomes dos de vinte anos para cima, todos os que podiam sair a guerra,",34,True,True,True
1,27,Números 1:27,פְּקֻדֵיהֶ֖ם לְמַטֵּ֣ה יְהוּדָ֑ה אַרְבָּעָ֧ה וְשִׁבְעִ֛ים אֶ֖לֶף וְשֵׁ֥שׁ מֵאֽוֹת ׃ פ,פקדיהמ למטה יהודה ארבעה ושבעימ אלפ ושש מאות פ,10,מניניהון לשבטא דיהודה שבעין וארבעא אלפין ושית מאה:,8,ἡ ἐπίσκεψις αὐτῶν ἐκ τῆς φυλῆς Ἰσσαχὰρ τέσσαρες καὶ πεντήκοντα χιλιάδες καὶ τετρακόσιοι.,13,ܡܢܝܢܗܘܢ ܕܫܒܛܐ ܕܝܗܘܕܐ. ܫܒܥܝܢ ܘܐܪܒܥܐ ܐܠܦ̈ܝܢ. ܘܫܬܡܐܐ.,7,"os que foram contados deles, da tribo de Judá, eram setenta e quatro mil e seiscentos.",16,True,True,True
1,28,Números 1:28,לִבְנֵ֣י יִשָּׂשכָ֔ר תּוֹלְדֹתָ֥ם לְמִשְׁפְּחֹתָ֖ם לְבֵ֣ית אֲבֹתָ֑ם בְּמִסְפַּ֣ר שֵׁמֹ֗ת מִבֶּ֨ן עֶשְׂרִ֤ים שָׁנָה֙ וָמַ֔עְלָה כֹּ֖ל יֹצֵ֥א צָבָֽא ׃,לבני יששכר תולדתמ למשפחתמ לבית אבתמ במספר שמת מבנ עשרימ שנה ומעלה כל יצא צבא,16,לבני יששכר תולדתהון לזרעיתהון לבית אבהתהון במנין שמהן מבר עשרין שנין ולעלא כל נפק חילא:,15,"Τοῖς υἱοῖς Ζαβουλὼν κατὰ συγγενίας αὐτῶν, κατὰ δήμους αὐτῶν, κατ᾽ οἴκους πατριῶν αὐτῶν, κατὰ ἀριθμὸν ὀνομάτων αὐτῶν, κατὰ κεφαλὴν αὐτῶν, πάντα ἀρσενικὰ ἀπὸ εἰκοσαετοῦς καὶ ἐπάνω, πᾶς ὁ ἐκπορευόμενος ἐν τῇ δυνάμει·",32,ܘܒܢ̈ܝ ܐܝܣܟܪ ܒܬ̈ܘܠܕܬܗܘܢ ܠܫܪ̈ܒܬܗܘܢ ܠܒܝܬ ܐܒܗܝ̈ܗܘܢ. ܒܡܢܝܢܐ ܕܫ̈ܡܗܐ ܡܢ ܒܪ ܥܣܪ̈ܝܢ ܫܢ̈ܝܢ ܘܠܥܠ. ܟܠ ܕܢ̇ܦܩ ܒܚܝܠܐ ܒܐܝܣܪܝܠ .,18,"Dos filhos de Issacar, as suas gerações, pelas suas famílias, segundo as casas de seus pais, conforme o número dos nomes dos de vinte anos para cima, todos os que podiam sair a guerra,",34,True,True,True
1,29,Números 1:29,פְּקֻדֵיהֶ֖ם לְמַטֵּ֣ה יִשָּׂשכָ֑ר אַרְבָּעָ֧ה וַחֲמִשִּׁ֛ים אֶ֖לֶף וְאַרְבַּ֥ע מֵאֽוֹת ׃ פ,פקדיהמ למטה יששכר ארבעה וחמשימ אלפ וארבע מאות פ,10,מניניהון לשבטא דיששכר חמשין וארבעא אלפין וארבע מאה:,8,ἡ ἐπίσκεψις αὐτῶν ἐκ τῆς φυλῆς Ζαβουλὼν ἑπτὰ καὶ πεντήκοντα χιλιάδες καὶ τετρακόσιοι.,13,ܡܢܝܢܗܘܢ ܕܫܒܛܐ ܕܐܝܣܟܪ ܚܡܫܝܢ ܘܐܪ̈ܒܥܐ ܐܠܦ̈ܝܢ ܘܐܪܒܥܡܐܐ.,7,"os que foram contados deles, da tribo de Issacar, eram cinqüenta e quatro mil e quatrocentos.",16,True,True,True
1,30,Números 1:30,לִבְנֵ֣י זְבוּלֻ֔ן תּוֹלְדֹתָ֥ם לְמִשְׁפְּחֹתָ֖ם לְבֵ֣ית אֲבֹתָ֑ם בְּמִסְפַּ֣ר שֵׁמֹ֗ת מִבֶּ֨ן עֶשְׂרִ֤ים שָׁנָה֙ וָמַ֔עְלָה כֹּ֖ל יֹצֵ֥א צָבָֽא ׃,לבני זבולנ תולדתמ למשפחתמ לבית אבתמ במספר שמת מבנ עשרימ שנה ומעלה כל יצא צבא,16,לבני זבולן תולדתהון לזרעיתהון לבית אבהתהון במנין שמהן מבר עשרין שנין ולעלא כל נפק חילא:,15,"Τοῖς υἱοῖς Ἰωσὴφ υἱοῖς Ἐφράιμ κατὰ συγγενίας αὐτῶν, κατὰ δήμους αὐτῶν, κατ᾽ οἴκους πατριῶν αὐτῶν, κατὰ ἀριθμὸν ὀνομάτων αὐτῶν, κατὰ κεφαλὴν αὐτῶν, πάντα ἀρσενικὰ ἀπὸ εἰκοσαετοῦς καὶ ἐπάνω, πᾶς ὁ ἐκπορευόμενος ἐν τῇ δυνάμει·",34,ܘܒܢ̈ܝ ܙܒܘܠܘܢ ܒܬ̈ܘܠܕܬܗܘܢ ܠܫܪ̈ܒܬܗܘܢ ܠܒܝܬ ܐܒܗܝ̈ܗܘܢ. ܒܡܢܝܢܐ ܕܫ̈ܡܗܐ. ܡܢ ܒܪ ܥܣܪ̈ܝܢ ܫܢ̈ܝܢ ܘܠܥܠ. ܟܠ ܕܢ̇ܦܩ ܒܚܝܠܐ ܒܐܝܣܪܝܠ .,18,"Dos filhos de Zebulom, as suas gerações, pelas suas famílias, segundo as casas de seus pais, conforme o número dos nomes dos de vinte anos para cima, todos os que podiam sair a guerra,",34,True,True,True
1,31,Números 1:31,פְּקֻדֵיהֶ֖ם לְמַטֵּ֣ה זְבוּלֻ֑ן שִׁבְעָ֧ה וַחֲמִשִּׁ֛ים אֶ֖לֶף וְאַרְבַּ֥ע מֵאֽוֹת ׃ פ,פקדיהמ למטה זבולנ שבעה וחמשימ אלפ וארבע מאות פ,10,מניניהון לשבטא דזבולן חמשין ושבע אלפין וארבע מאה:,8,ἡ ἐπίσκεψις αὐτῶν ἐκ τῆς φυλῆς Ἐφράιμ τεσσεράκοντα χιλιάδες καὶ πεντακόσιοι.,11,ܡܢܝܢܗܘܢ ܕܫܒܛܐ ܕܙܒܘܠܘܢ. ܚܡܫܝܢ ܘܫܒܥܐ ܐܠܦ̈ܝܢ ܘܐܪ̈ܒܥܡܐܐ.,7,"os que foram contados deles, da tribo de Zebulom, eram cinqüenta e sete mil e quatrocentos.",16,True,True,True
1,32,Números 1:32,לִבְנֵ֤י יוֹסֵף֙ לִבְנֵ֣י אֶפְרַ֔יִם תּוֹלְדֹתָ֥ם לְמִשְׁפְּחֹתָ֖ם לְבֵ֣ית אֲבֹתָ֑ם בְּמִסְפַּ֣ר שֵׁמֹ֗ת מִבֶּ֨ן עֶשְׂרִ֤ים שָׁנָה֙ וָמַ֔עְלָה כֹּ֖ל יֹצֵ֥א צָבָֽא ׃,לבני יוספ לבני אפרימ תולדתמ למשפחתמ לבית אבתמ במספר שמת מבנ עשרימ שנה ומעלה כל יצא צבא,18,לבני יוסף לבני אפרים תולדתהון לזרעיתהון לבית אבהתהון במנין שמהן מבר עשרין שנין ולעלא כל נפק חילא:,17,"Τοῖς υἱοῖς Μανασσὴ κατὰ συγγενίας αὐτῶν, κατὰ δήμους αὐτῶν, κατ᾽ οἴκους πατριῶν αὐτῶν, κατὰ ἀριθμὸν ὀνομάτων αὐτῶν, κατὰ κεφαλὴν αὐτῶν, πάντα ἀρσενικὰ ἀπὸ εἰκοσαετοῦς καὶ ἐπάνω, πᾶς ὁ ἐκπορευόμενος ἐν τῇ δυνάμει·",32,ܘܒܢ̈ܝ ܝܘܣܦ ܒܢ̈ܝ ܐܦܪܝܡ ܒܬ̈ܘܠܕܬܗܘܢ ܠܫܪ̈ܒܬܗܘܢ ܠܒܝܬ ܐܒܗܝ̈ܗܘܢ. ܒܡܢܝܢܐ ܕܫ̈ܡܗܐ. ܡܢ ܒܪ ܥܣܪ̈ܝܢ ܫܢ̈ܝܢ ܘܠܥܠ. ܟܠ ܕܢ̇ܦܩ ܒܚܝܠܐ ܒܐܝܣܪܝܠ .,20,"Dos filhos de José: dos filhos de Efraim, as suas gerações, pelas suas famílias, segundo as casas de seus pais, conforme o número dos nomes dos de vinte anos para cima, todos os que podiam sair à guerra,",38,True,True,True
1,33,Números 1:33,פְּקֻדֵיהֶ֖ם לְמַטֵּ֣ה אֶפְרָ֑יִם אַרְבָּעִ֥ים אֶ֖לֶף וַחֲמֵ֥שׁ מֵאֽוֹת ׃ פ,פקדיהמ למטה אפרימ ארבעימ אלפ וחמש מאות פ,9,מניניהון לשבטא דאפרים ארבעין אלפין וחמש מאה:,7,ἡ ἐπίσκεψις αὐτῶν ἐκ τῆς φυλῆς Μανασσὴ δύο καὶ τριάκοντα χιλιάδες καὶ τριακόσιοι.,13,ܡܢܝܢܗܘܢ ܕܫܒܛܐ ܕܐܦܪܝܡ. ܐܪ̈ܒܥܝܢ ܐܠܦ̈ܝܢ ܘܚܡܫܡܐܐ.,6,"os que foram contados deles, da tribo de Efraim, eram quarenta mil e quinhentos;",14,True,True,True
1,34,Números 1:34,לִבְנֵ֣י מְנַשֶּׁ֔ה תּוֹלְדֹתָ֥ם לְמִשְׁפְּחֹתָ֖ם לְבֵ֣ית אֲבֹתָ֑ם בְּמִסְפַּ֣ר שֵׁמ֗וֹת מִבֶּ֨ן עֶשְׂרִ֤ים שָׁנָה֙ וָמַ֔עְלָה כֹּ֖ל יֹצֵ֥א צָבָֽא ׃,לבני מנשה תולדתמ למשפחתמ לבית אבתמ במספר שמות מבנ עשרימ שנה ומעלה כל יצא צבא,16,לבני מנשה תולדתהון לזרעיתהון לבית אבהתהון במנין שמהן מבר עשרין שנין ולעלא כל נפק חילא:,15,"Τοῖς υἱοῖς Βενιαμεὶν κατὰ συγγενίας αὐτῶν, κατὰ δήμους αὐτῶν, κατ᾽ οἴκους πατριῶν αὐτῶν, κατὰ ἀριθμὸν ὀνομάτων αὐτῶν, κατὰ κεφαλὴν αὐτῶν, πάντα ἀρσενικὰ ἀπὸ εἰκοσαετοῦς καὶ ἐπάνω, πᾶς ὁ ἐκπορευόμενος ἐν τῇ δυνάμει·",32,ܘܒܢ̈ܝ ܡܢܫܐ ܒܬ̈ܘܠܕܬܗܘܢ ܠܫܪ̈ܒܬܗܘܢ. ܠܒܝܬ ܐܒܗܝ̈ܗܘܢ ܒܡܢܝܢܐ ܕܫ̈ܡܗܐ. ܡܢ ܒܪ ܥܣܪ̈ܝܢ ܫܢ̈ܝܢ ܘܠܥܠ. ܟܠ ܕܢ̇ܦܩ ܒܚܝܠܐ ܒܐܝܣܪܝܠ .,18,"e dos filhos de Manassés, as suas gerações, pelas suas famílias, segundo as casas de seus pais, conforme o número dos nomes dos de vinte anos para cima, todos os que podiam sair à guerra,",35,True,True,True
1,35,Números 1:35,פְּקֻדֵיהֶ֖ם לְמַטֵּ֣ה מְנַשֶּׁ֑ה שְׁנַ֧יִם וּשְׁלֹשִׁ֛ים אֶ֖לֶף וּמָאתָֽיִם ׃ פ,פקדיהמ למטה מנשה שנימ ושלשימ אלפ ומאתימ פ,9,מניניהון לשבטא דמנשה תלתין ותרין אלפין ומאתן:,7,ἡ ἐπίσκεψις αὐτῶν ἐκ τῆς φυλῆς Βενιαμεὶν πέντε καὶ τριάκοντα χιλιάδες καὶ τετρακόσιοι.,13,ܡܢܝܢܗܘܢ ܕܫܒܛܐ ܕܡܢܫܐ. ܬܠܬܝܢ ܘܬܪ̈ܝܢ ܐܠܦ̈ܝܢ ܘܡܐܬܝܢ.,7,"os que foram contados deles, da tribo de Manassés, eram trinta e dois mil e duzentos.",16,True,True,True
1,36,Números 1:36,לִבְנֵ֣י בִנְיָמִ֔ן תּוֹלְדֹתָ֥ם לְמִשְׁפְּחֹתָ֖ם לְבֵ֣ית אֲבֹתָ֑ם בְּמִסְפַּ֣ר שֵׁמֹ֗ת מִבֶּ֨ן עֶשְׂרִ֤ים שָׁנָה֙ וָמַ֔עְלָה כֹּ֖ל יֹצֵ֥א צָבָֽא ׃,לבני בנימנ תולדתמ למשפחתמ לבית אבתמ במספר שמת מבנ עשרימ שנה ומעלה כל יצא צבא,16,לבני בנימן תולדתהון לזרעיתהון לבית אבהתהון במנין שמהן מבר עשרין שנין ולעלא כל נפק חילא:,15,"Τοῖς υἱοῖς Γὰδ κατὰ συγγενίας αὐτῶν, κατὰ δήμους αὐτῶν, κατ᾽ οἴκους πατριῶν αὐτῶν, κατὰ ἀριθμὸν ὀνομάτων αὐτῶν, κατὰ κεφαλὴν αὐτῶν, πάντα ἀρσενικὰ ἀπὸ εἰκοσαετοῦς καὶ ἐπάνω, πᾶς ὁ ἐκπορευόμενος ἐν τῇ δυνάμει·",32,ܘܒܢ̈ܝ ܒܢܝܡܝܢ ܒܬܘ̈ܠܕܬܗܘܢ ܠܫܪ̈ܒܬܗܘܢ ܠܒܝܬ ܐܒܗܝ̈ܗܘܢ. ܒܡܢܝܢܐ ܕܫ̈ܡܗܐ. ܡܢ ܒܪ ܥܣܪ̈ܝܢ ܫܢ̈ܝܢ ܘܠܥܠ. ܟܠ ܕܢ̇ܦܩ ܒܚܝܠܐ ܒܐܝܣܪܝܠ .,18,"Dos filhos de Benjamim, as suas gerações, pelas suas famílias, segundo as casas de seus pais, conforme o número dos nomes dos de vinte anos para cima, todos os que podiam sair à guerra,",34,True,True,True
1,37,Números 1:37,פְּקֻדֵיהֶ֖ם לְמַטֵּ֣ה בִנְיָמִ֑ן חֲמִשָּׁ֧ה וּשְׁלֹשִׁ֛ים אֶ֖לֶף וְאַרְבַּ֥ע מֵאֽוֹת ׃ פ,פקדיהמ למטה בנימנ חמשה ושלשימ אלפ וארבע מאות פ,10,מניניהון לשבטא דבנימן תלתין וחמשא אלפין וארבע מאה:,8,ἡ ἐπίσκεψις αὐτῶν ἐκ τῆς φυλῆς Γὰδ πέντε καὶ τεσσεράκοντα χιλιάδες καὶ ἑξακόσιοι καὶ πεντήκοντα.,15,ܡܢܝܢܗܘܢ ܕܫܒܛܐ ܕܒܢܝܡܝܢ. ܬܠܬܝܢ ܘܚܡܫܐ ܐܠܦ̈ܝܢ ܘܐܪܒܥܡܐܐ.,7,"os que foram contados deles, da tribo de Benjamim, eram trinta e cinco mil e quatrocentos.",16,True,True,True
1,38,Números 1:38,לִבְנֵ֣י דָ֔ן תּוֹלְדֹתָ֥ם לְמִשְׁפְּחֹתָ֖ם לְבֵ֣ית אֲבֹתָ֑ם בְּמִסְפַּ֣ר שֵׁמֹ֗ת מִבֶּ֨ן עֶשְׂרִ֤ים שָׁנָה֙ וָמַ֔עְלָה כֹּ֖ל יֹצֵ֥א צָבָֽא ׃,לבני דנ תולדתמ למשפחתמ לבית אבתמ במספר שמת מבנ עשרימ שנה ומעלה כל יצא צבא,16,לבני דן תולדתהון לזרעיתהון לבית אבהתהון במנין שמהן מבר עשרין שנין ולעלא כל נפק חילא:,15,"Τοῖς υἱοῖς Δὰν κατὰ συγγενίας αὐτῶν, κατὰ δήμους αὐτῶν, κατ᾽ οἴκους πατριῶν αὐτῶν, κατὰ ἀριθμὸν ὀνομάτων αὐτῶν, κατὰ κεφαλὴν αὐτῶν, πάντα ἀρσενικὰ ἀπὸ εἰκοσαετοῦς καὶ ἐπάνω, πᾶς ὁ ἐκπορευόμενος ἐν τῇ δυνάμει·",32,ܘܒܢ̈ܝ ܕܢ ܒܬ̈ܘܠܕܬܗܘܢ ܠܫܪ̈ܒܬܗܘܢ ܠܒܝܬ ܐܒܗܝ̈ܗܘܢ . ܒܡܢܝܢܐ ܕܫ̈ܡܗܐ. ܡܢ ܒܪ ܥܣܪ̈ܝܢ ܫܢ̈ܝܢ ܘܠܥܠ. ܟܠ ܕܢ̇ܦܩ ܒܚܝܠܐ ܒܐܝܣܪܝܠ .,19,"Dos filhos de Dã, as suas gerações, pelas suas famílias, segundo as casas de seus pais, conforme o número dos nomes dos de vinte anos para cima, todos os que podiam sair à guerra,",34,True,True,True
1,39,Números 1:39,פְּקֻדֵיהֶ֖ם לְמַטֵּ֣ה דָ֑ן שְׁנַ֧יִם וְשִׁשִּׁ֛ים אֶ֖לֶף וּשְׁבַ֥ע מֵאֽוֹת ׃ פ,פקדיהמ למטה דנ שנימ וששימ אלפ ושבע מאות פ,10,מניניהון לשבטא דדן שתין ותרין אלפין ושבע מאה:,8,ἡ ἐπίσκεψις αὐτῶν ἐκ τῆς φυλῆς Δὰν δύο καὶ ἑξήκοντα χιλιάδες καὶ ἑπτακόσιοι.,13,ܡܢܝܢܗܘܢ ܕܫܒܛܐ ܕܕܢ. ܫܬܝܢ ܘܬܪ̈ܝܢ ܐܠܦ̈ܝܢ ܘܫܒܥܡܐܐ.,7,"os que foram contados deles, da tribo de Dã, eram sessenta e dois mil e setecentos.",16,True,True,True
1,40,Números 1:40,לִבְנֵ֣י אָשֵׁ֔ר תּוֹלְדֹתָ֥ם לְמִשְׁפְּחֹתָ֖ם לְבֵ֣ית אֲבֹתָ֑ם בְּמִסְפַּ֣ר שֵׁמֹ֗ת מִבֶּ֨ן עֶשְׂרִ֤ים שָׁנָה֙ וָמַ֔עְלָה כֹּ֖ל יֹצֵ֥א צָבָֽא ׃,לבני אשר תולדתמ למשפחתמ לבית אבתמ במספר שמת מבנ עשרימ שנה ומעלה כל יצא צבא,16,לבני אשר תולדתהון לזרעיתהון לבית אבהתהון במנין שמהן מבר עשרין שנין ולעלא כל נפק חילא:,15,"Τοῖς υἱοῖς Ἀσὴρ κατὰ συγγενίας αὐτῶν, κατὰ δήμους αὐτῶν, κατ᾽ οἴκους πατριῶν αὐτῶν, κατὰ ἀριθμὸν ὀνομάτων αὐτῶν, κατὰ κεφαλὴν αὐτῶν, πάντα ἀρσενικὰ ἀπὸ εἰκοσαετοῦς καὶ ἐπάνω, πᾶς ὁ ἐκπορευόμενος ἐν τῇ δυνάμει·",32,ܘܒܢ̈ܝ ܐܫܝܪ ܒܬ̈ܘܠܕܬܗܘܢ ܠܫܪ̈ܒܬܗܘܢ ܠܒܝܬ ܐܒܗܝ̈ܗܘܢ. ܒܡܢܝܢܐ ܕܫ̈ܡܗܐ ܡܢ ܒܪ ܥܣܪ̈ܝܢ ܫܢ̈ܝܢ ܘܠܥܠ. ܟܠ ܕܢ̇ܦܩ ܒܚܝܠܐ ܒܐܝܣܪܝܠ .,18,"Dos filhos de Aser, as suas gerações, pelas suas famílias, segundo as casas de seus pais, conforme o numero dos nomes dos de vinte anos para cima, todos os que podiam sair à guerra,",34,True,True,True
1,41,Números 1:41,פְּקֻדֵיהֶ֖ם לְמַטֵּ֣ה אָשֵׁ֑ר אֶחָ֧ד וְאַרְבָּעִ֛ים אֶ֖לֶף וַחֲמֵ֥שׁ מֵאֽוֹת ׃ פ,פקדיהמ למטה אשר אחד וארבעימ אלפ וחמש מאות פ,10,מניניהון לשבטא דאשר ארבעין וחד אלפין וחמש מאה:,8,ἡ ἐπίσκεψις αὐτῶν ἐκ τῆς φυλῆς Ἀσὴρ μία καὶ τεσσεράκοντα χιλιάδες καὶ πεντακόσιοι.,13,ܡܢܝܢܗܘܢ ܕܫܒܛܐ ܕܐܫܝܪ. ܐܪ̈ܒܥܝܢ ܘܚܕ ܐܠܦ̈ܝܢ ܘܚܡܫܡܐܐ.,7,"os que foram contados deles, da tribo de Aser, eram quarenta e um mil e quinhentos.",16,True,True,True
1,42,Números 1:42,בְּנֵ֣י נַפְתָּלִ֔י תּוֹלְדֹתָ֥ם לְמִשְׁפְּחֹתָ֖ם לְבֵ֣ית אֲבֹתָ֑ם בְּמִסְפַּ֣ר שֵׁמֹ֗ת מִבֶּ֨ן עֶשְׂרִ֤ים שָׁנָה֙ וָמַ֔עְלָה כֹּ֖ל יֹצֵ֥א צָבָֽא ׃,בני נפתלי תולדתמ למשפחתמ לבית אבתמ במספר שמת מבנ עשרימ שנה ומעלה כל יצא צבא,16,בני נפתלי תולדתהון לזרעיתהון לבית אבהתהון במנין שמהן מבר עשרין שנין ולעלא כל נפק חילא:,15,"Τοῖς υἱοῖς Νεφθαλεὶ κατὰ συγγενίας αὐτῶν, κατὰ δήμους αὐτῶν, κατ᾽ οἴκους πατριῶν αὐτῶν, κατὰ ἀριθμὸν ὀνομάτων αὐτῶν, κατὰ κεφαλὴν αὐτῶν, πάντα ἀρσενικὰ ἀπὸ εἰκοσαετοῦς καὶ ἐπάνω, πᾶς ὁ ἐκπορευόμενος ἐν τῇ δυνάμει·",32,ܘܒܢ̈ܝ ܢܦܬܠܝ ܒܬ̈ܘܠܕܬܗܘܢ ܠܫܪ̈ܒܬܗܘܢ. ܠܒܝܬ ܐ̈ܒܗܝܗܘܢ. ܒܡܢܝܢܐ ܕܫܡ̈ܗܐ. ܡܢ ܒܪ ܥܣܪ̈ܝܢ ܫ̈ܢܝܢ ܘܠܥܠ. ܟܠ ܕܢ̇ܦܩ ܒܚܝܠܐ ܒܐܝܣܪܝܠ .,18,"Dos filhos de Naftali, as suas gerações, pelas suas famílias, segundo as casas de seus pais, conforme o número dos nomes dos de vinte anos para cima, todos os que podiam sair a guerra,",34,True,True,True
1,43,Números 1:43,פְּקֻדֵיהֶ֖ם לְמַטֵּ֣ה נַפְתָּלִ֑י שְׁלֹשָׁ֧ה וַחֲמִשִּׁ֛ים אֶ֖לֶף וְאַרְבַּ֥ע מֵאֽוֹת ׃ פ,פקדיהמ למטה נפתלי שלשה וחמשימ אלפ וארבע מאות פ,10,מניניהון לשבטא דנפתלי חמשין ותלת אלפין וארבע מאה:,8,ἡ ἐπίσκεψις αὐτῶν ἐκ τῆς φυλῆς Νεφθαλεὶ τρεῖς καὶ πεντήκοντα χιλιάδες καὶ τετρακόσιοι.,13,ܡܢܝܢܗܘܢ ܕܫܒܛܐ ܕܢܦܬܠܝ. ܚܡܫܝܢ ܘܬܠܬܐ ܐܠܦ̈ܝܢ ܘܐܪܒܥܡܐܐ.,7,"os que foram contados deles, da tribo de Naftali, eram cinqüenta e três mil e quatrocentos,",16,True,True,True
1,44,Números 1:44,אֵ֣לֶּה הַפְּקֻדִ֡ים אֲשֶׁר֩ פָּקַ֨ד מֹשֶׁ֤ה וְאַהֲרֹן֙ וּנְשִׂיאֵ֣י יִשְׂרָאֵ֔ל שְׁנֵ֥ים עָשָׂ֖ר אִ֑ישׁ אִישׁ־ אֶחָ֥ד לְבֵית־ אֲבֹתָ֖יו הָיֽוּ ׃,אלה הפקדימ אשר פקד משה ואהרנ ונשיאי ישראל שנימ עשר איש איש אחד לבית אבתיו היו,17,אלין מניניא די מנא משה ואהרן ורברבי ישראל תרין עשר גברין גברא חד לבית אבהתוהי הוו:,16,"Αὕτη ἡ ἐπίσκεψις ἣν ἐπεσκέψαντο Μωυσῆς καὶ Ἀαρὼν καὶ οἱ ἄρχοντες Ἰσραήλ, δώδεκα ἄνδρες· ἀνὴρ εἷς κατὰ φυλὴν μίαν, κατὰ φυλὴν οἴκων πατριᾶς ἦσαν.",24,ܗܠܝܢ ܡܢ̈ܝܢܐ ܕܡܢܐ ܡܘܫܐ ܘܐܗܪܘܢ ܘܪ̈ܘܪܒܢܐ ܕܐܝܣܪܝܠ ܬܪ̈ܥܣܪ ܓܒܪ̈ܝܢ. ܚܕ ܚܕ ܓܒܪܐ ܡܢ ܒܝܬ ܐܒܘܗܝ.,15,"São esses os que foram contados por Moisés e Arão, e pelos príncipes de Israel, sendo estes doze homens e representando cada um a casa de seus pais.",28,True,True,True
1,45,Números 1:45,וַיִּֽהְי֛וּ כָּל־ פְּקוּדֵ֥י בְנֵֽי־ יִשְׂרָאֵ֖ל לְבֵ֣ית אֲבֹתָ֑ם מִבֶּ֨ן עֶשְׂרִ֤ים שָׁנָה֙ וָמַ֔עְלָה כָּל־ יֹצֵ֥א צָבָ֖א בְּיִשְׂרָאֵֽל ׃,ויהיו כל פקודי בני ישראל לבית אבתמ מבנ עשרימ שנה ומעלה כל יצא צבא בישראל,16,והוו כל מניני בני ישראל לבית אבהתהון מבר עשרין שנין ולעלא כל נפק חילא בישראל:,15,"καὶ ἐγένετο πᾶσα ἡ ἐπίσκεψις υἱῶν Ἰσραὴλ ἐν δυνάμει αὐτῶν ἀπὸ εἰκοσαετοῦς καὶ ἐπάνω, πᾶς ὁ ἐκπορευόμενος παρατάξασθαι ἐν Ἰσραήλ,",20,ܘܗܘܘ ܟܠܗܘܢ ܡܢܝ̈ܢܐ ܕܒܢ̈ܝ ܐܝܣܪܝܠ. ܠܒܝܬ ܐܒܗܝ̈ܗܘܢ. ܡܢ ܒܪ ܥܣܪ̈ܝܢ ܫܢ̈ܝܢ ܘܠܥܠ. ܟܠ ܕܢ̇ܦܩ ܒܚܝܠܐ ܒܐܝܣܪܝܠ.,16,"Assim todos os que foram contados dos filhos de Israel, segundo as casas de seus pais, de vinte anos para cima, todos os de Israel que podiam sair à guerra,",30,True,True,True
1,46,Números 1:46,וַיִּֽהְיוּ֙ כָּל־ הַפְּקֻדִ֔ים שֵׁשׁ־ מֵא֥וֹת אֶ֖לֶף וּשְׁלֹ֣שֶׁת אֲלָפִ֑ים וַחֲמֵ֥שׁ מֵא֖וֹת וַחֲמִשִּֽׁים ׃,ויהיו כל הפקדימ שש מאות אלפ ושלשת אלפימ וחמש מאות וחמשימ,12,והוו כל מניניא שית מאה ותלתא אלפין וחמש מאה וחמשין:,10,ἑξακόσιαι χιλιάδες καὶ τρισχίλιοι καὶ πεντακόσιοι καὶ πεντήκοντα.,8,ܘܗܘܘ ܟܠܗܘܢ ܡܢܝ̈ܢܐ ܕܒܢ̈ܝ ܐܝܣܪܝܠ . ܫܬܡܐܐ ܘܬܠܬܐ ܐܠܦ̈ܝܢ ܘܚܡܫܡܐܐ ܘܚܡܫܝܢ.,11,"sim, todos os que foram contados eram : seiscentos e três mil quinhentos e cinqüenta.",15,True,True,True
1,47,Números 1:47,וְהַלְוִיִּ֖ם לְמַטֵּ֣ה אֲבֹתָ֑ם לֹ֥א הָתְפָּקְד֖וּ בְּתוֹכָֽם ׃ פ,והלוימ למטה אבתמ לא התפקדו בתוכמ פ,8,ולואי לשבטא דאבהתהון לא אתמניאו ביניהון:,6,Οἱ δὲ Λευεῖται ἐκ τῆς φυλῆς τῆς πατριᾶς αὐτῶν οὐκ ἐπεσκέπησαν ἐν τοῖς υἱοῖς Ἰσραήλ.,15,ܘܠܘ̈ܝܐ ܘܫܒܛܐ ܕܐܒܗܝ̈ܗܘܢ ܠܐ ܐܬܡܢܝܘ ܒܝܢܬܗܘܢ.,6,"Mas os levitas, segundo a tribo de e seus pais, não foram contados entre eles;",15,True,True,True
1,48,Números 1:48,וַיְדַבֵּ֥ר יְהוָ֖ה אֶל־ מֹשֶׁ֥ה לֵּאמֹֽר ׃,וידבר יהוה אל משה לאמר,6,ומליל יי עם משה למימר:,5,καὶ ἐλάλησεν Κύριος πρὸς Μωυσῆν λέγων,6,ܘܡܠܠ ܡܪܝܐ ܥܡ ܡܘܫܐ ܘܐܡܪ ܠܗ.,6,porquanto o Senhor dissera a Moisés:,6,True,True,True
1,49,Números 1:49,אַ֣ךְ אֶת־ מַטֵּ֤ה לֵוִי֙ לֹ֣א תִפְקֹ֔ד וְאֶת־ רֹאשָׁ֖ם לֹ֣א תִשָּׂ֑א בְּת֖וֹךְ בְּנֵ֥י יִשְׂרָאֵֽל ׃,אכ את מטה לוי לא תפקד ואת ראשמ לא תשא בתוכ בני ישראל,14,ברם ית שבטא דלוי לא תמני וית חשבנהון לא תקבל בגו בני ישראל:,13,"Ὅρα τὴν φυλὴν τὴν Λευεὶ οὐ συνεπισκέψῃ, καὶ τὸν ἀριθμὸν αὐτῶν οὐ λήμψῃ ἐν μέσῳ υἱῶν Ἰσραήλ.",17,ܠܫܒܛܐ ܕܠܘܝ ܠܐ ܬܡܢܐ. ܘܚܘܫܒܢܗܘܢ ܠܐ ܬܩܒܠ ܒܓܘ ܒܢ̈ܝ ܐܝܣܪܝܠ.,10,"Somente não contarás a tribo de Levi, nem tomarás a soma deles entre os filhos de Israel;",17,True,True,True
1,50,Números 1:50,וְאַתָּ֡ה הַפְקֵ֣ד אֶת־ הַלְוִיִּם֩ עַל־ מִשְׁכַּ֨ן הָעֵדֻ֜ת וְעַ֣ל כָּל־ כֵּלָיו֮ וְעַ֣ל כָּל־ אֲשֶׁר־ לוֹ֒ הֵ֜מָּה יִשְׂא֤וּ אֶת־ הַמִּשְׁכָּן֙ וְאֶת־ כָּל־ כֵּלָ֔יו וְהֵ֖ם יְשָׁרְתֻ֑הוּ וְסָבִ֥יב לַמִּשְׁכָּ֖ן יַחֲנֽוּ ׃,ואתה הפקד את הלוימ על משכנ העדת ועל כל כליו ועל כל אשר לו המה ישאו את המשכנ ואת כל כליו והמ ישרתהו וסביב למשכנ יחנו,27,ואת מני ית לואי על משכנא דסהדותא ועל כל מנוהי ועל כל די ליה אנון יטלון ית משכנא וית כל מנוהי ואנון ישמשניה וסחור סחור למשכנא ישרון:,27,"καὶ σὺ ἐπίστησον τοὺς Λευείτας ἐπὶ τὴν σκηνὴν τοῦ μαρτυρίου καὶ ἐπὶ πάντα τὰ σκεύη αὐτῆς καὶ ἐπὶ πάντα ὅσα ἐστὶν ἐν αὐτῇ. αὐτοὶ ἀροῦσιν τὴν σκηνὴν καὶ πάντα τὰ σκεύη αὐτῆς, καὶ αὐτοὶ λειτουργήσουσιν ἐν αὐτῇ, καὶ κύκλῳ τῆς σκηνῆς παρεμβαλοῦσιν.",42,ܐܠܐ ܐܫܠܛ ܠܠܘܝ̈ܐ ܥܠ ܡܫܟܢܐ ܕܣܗܕܘܬܐ. ܘܥܠ ܟܠܗܘܢ ܡܐ̈ܢܘܗܝ. ܘܥܠ ܟܠ ܡܕܡ ܕܐܝܬ ܒܗ. ܗܢܘܢ ܢܫܩܠܘܢܗ ܠܡܫܟܢܐ. ܘܠܟܠܗܘܢ ܡܐ̈ܢܘܗܝ. ܘܗܢܘܢ ܢܫܡܫܘܢܗ. ܘܚܕܪ ܡܫܟܢܐ ܢܗܘܘܢ ܫ̇ܪܝܢ.,25,"mas tu põe os levitas sobre o tabernáculo do testemunho, sobre todos os seus móveis, e sobre tudo o que lhe pertence. Eles levarão o tabernáculo e todos os seus móveis, e o administrarão; e acampar-se-ão ao redor do tabernáculo.",40,True,True,True
1,51,Números 1:51,וּבִנְסֹ֣עַ הַמִּשְׁכָּ֗ן יוֹרִ֤ידוּ אֹתוֹ֙ הַלְוִיִּ֔ם וּבַחֲנֹת֙ הַמִּשְׁכָּ֔ן יָקִ֥ימוּ אֹת֖וֹ הַלְוִיִּ֑ם וְהַזָּ֥ר הַקָּרֵ֖ב יוּמָֽת ׃,ובנסע המשכנ יורידו אתו הלוימ ובחנת המשכנ יקימו אתו הלוימ והזר הקרב יומת,14,ובמטל משכנא יפרקון יתיה לואי ובמשרי משכנא יקימון יתיה לואי וחלוני דיקרב יתקטל:,13,"καὶ ἐν τῷ ἐξαίρειν τὴν σκηνὴν καθελοῦσιν αὐτὴν οἱ Λευεῖται, καὶ ἐν τῷ παρεμβάλλειν τὴν σκηνὴν ἀναστήσουσιν· καὶ ὁ ἀλλογενὴς ὁ προσπορευόμενος ἀποθανέτω.",23,ܘܡܐ ܕܫ̇ܩܠ ܡܫܟܢܐ ܢܪܟܢܘܢܗ ܠܘܝ̈ܐ. ܘܡܐ ܕܫ̇ܪܐ ܡܫܟܢܐ ܢܩܝܡܘܢܗ ܠܘܝ̈ܐ. ܘܢܘܟܪܝܐ ܕܩ̇ܪܒ ܠܗ ܢܬܩܛܠ.,14,"Quando o tabernáculo houver de partir, os levitas o desarmarão; e quando o tabernáculo se houver de assentar, os levitas o armarão; e o estranho que se chegar será morto.",30,True,True,True
1,52,Números 1:52,וְחָנ֖וּ בְּנֵ֣י יִשְׂרָאֵ֑ל אִ֧ישׁ עַֽל־ מַחֲנֵ֛הוּ וְאִ֥ישׁ עַל־ דִּגְל֖וֹ לְצִבְאֹתָֽם ׃,וחנו בני ישראל איש על מחנהו ואיש על דגלו לצבאתמ,11,וישרון בני ישראל גבר על משרוהי וגבר על טקסיה לחיליהון:,10,"καὶ παρεμβαλοῦσιν οἱ υἱοὶ Ἰσραήλ, ἀνὴρ ἐν τῇ ἑαυτοῦ τάξει καὶ ἀνὴρ κατὰ τὴν ἑαυτοῦ ἡγεμονίαν, σὺν δυνάμει αὐτῶν·",19,ܘܢܫܪܘܢ ܒܢ̈ܝ ܐܝܣܪܝܠ ܓܒܪ ܒܡܫܪܝܬܗ ܘܓܒܪ ܒܛܘܠܩܗ ܒܚܝ̈ܠܘܬܗܘܢ.,8,"Os filhos de Israel acampar-se-ão, cada um no seu arraial, e cada um junto ao seu estandarte, segundo os seus exércitos.",21,True,True,True
1,53,Números 1:53,וְהַלְוִיִּ֞ם יַחֲנ֤וּ סָבִיב֙ לְמִשְׁכַּ֣ן הָעֵדֻ֔ת וְלֹֽא־ יִהְיֶ֣ה קֶ֔צֶף עַל־ עֲדַ֖ת בְּנֵ֣י יִשְׂרָאֵ֑ל וְשָׁמְרוּ֙ הַלְוִיִּ֔ם אֶת־ מִשְׁמֶ֖רֶת מִשְׁכַּ֥ן הָעֵדֽוּת ׃,והלוימ יחנו סביב למשכנ העדת ולא יהיה קצפ על עדת בני ישראל ושמרו הלוימ את משמרת משכנ העדות,19,ולואי ישרון סחור סחור למשכנא דסהדותא ולא יהי רוגזא על כנשתא דבני ישראל ויטרון לואי ית מטרת משכנא דסהדותא:,19,"οἱ δὲ Λευεῖται παρεμβαλέτωσαν ἐναντίον Κυρίου κύκλῳ τῆς σκηνῆς τοῦ μαρτυρίου, καὶ οὐκ ἔσται ἁμάρτημα ἐν υἱοῖς Ἰσραήλ. καὶ φυλάξουσιν οἱ Λευεῖται αὐτοὶ τὴν φυλακὴν τῆς σκηνῆς τοῦ μαρτυρίου.",29,ܘܠܘ̈ܝܐ ܢܗܘܘܢ ܫ̇ܪܝܢ ܚܕܪ ܡܫܟܢܐ ܕܣܗܕܘܬܐ. ܘܠܐ ܢܗܘܐ ܪܘܓܙܐ ܥܠ ܟܢܘܫܬܐ ܕܒܢ̈ܝ ܐܝܣܪܝܠ. ܘܢܛܪܘܢ ܠܘܝ̈ܐ ܡܛܪܬܐ ܕܡܫܟܢܐ ܕܣܗܕܘܬܐ.,18,"Mas os levitas acampar-se-ão ao redor do tabernáculo do testemunho, para que não suceda acender-se ira contra a congregação dos filhos de Israel; pelo que os levitas terão o cuidado da guarda do tabernáculo do testemunho.",36,True,True,True
1,54,Números 1:54,וַֽיַּעֲשׂ֖וּ בְּנֵ֣י יִשְׂרָאֵ֑ל כְּ֠כֹל אֲשֶׁ֨ר צִוָּ֧ה יְהוָ֛ה אֶת־ מֹשֶׁ֖ה כֵּ֥ן עָשֽׂוּ ׃ פ,ויעשו בני ישראל ככל אשר צוה יהוה את משה כנ עשו פ,13,ועבדו בני ישראל ככל די פקיד יי ית משה כן עבדו:,11,"καὶ ἐποίησαν οἱ υἱοὶ Ἰσραὴλ κατὰ πάντα ἃ ἐνετείλατο Κύριος τῷ Μωυσῇ καὶ Ἀαρών, οὕτως ἐποίησαν.",16,ܘܥܒܕܘ ܒܢ̈ܝ ܐܝܣܪܝܠ ܐܝܟ ܕܦܩܕ ܡܪܝܐ ܠܡܘܫܐ ܗܟܢܐ ܥܒܕܘ.,9,"Assim fizeram os filhos de Israel; conforme tudo o que o Senhor ordenara a Moisés, assim o fizeram.",18,True,True,True
2,1,Números 2:1,וַיְדַבֵּ֣ר יְהוָ֔ה אֶל־ מֹשֶׁ֥ה וְאֶֽל־ אַהֲרֹ֖ן לֵאמֹֽר ׃,וידבר יהוה אל משה ואל אהרנ לאמר,8,ומליל יי עם משה ועם אהרן למימר:,7,Καὶ ἐλάλησεν Κύριος πρὸς Μωυσῆν καὶ Ἀαρὼν λέγων,8,ܘܡܠܠ ܡܪܝܐ ܥܡ ܡܘܫܐ ܘܥܡ ܐܗܪܘܢ ܘܐܡܪ ܠܗܘܢ.,8,Disse o Senhor a Moisés e a Arão:,8,True,True,True
2,2,Números 2:2,אִ֣ישׁ עַל־ דִּגְל֤וֹ בְאֹתֹת֙ לְבֵ֣ית אֲבֹתָ֔ם יַחֲנ֖וּ בְּנֵ֣י יִשְׂרָאֵ֑ל מִנֶּ֕גֶד סָבִ֥יב לְאֹֽהֶל־ מוֹעֵ֖ד יַחֲנֽוּ ׃,איש על דגלו באתת לבית אבתמ יחנו בני ישראל מנגד סביב לאהל מועד יחנו,15,גבר על טקסיה באתון לבית אבהתהון ישרון בני ישראל מלקבל סחור סחור למשכן זמנא ישרון:,15,"Ἄνθρωπος ἐχόμενος αὐτοῦ κατὰ τάγμα, κατὰ σημείας, κατ᾽ οἴκους πατριῶν αὐτῶν, παρεμβαλέτωσαν οἱ υἱοὶ Ἰσραήλ· ἐναντίοι κύκλῳ τῆς σκηνῆς τοῦ μαρτυρίου παρεμβαλοῦσιν οἱ υἱοὶ Ἰσραήλ.",25,ܓܒܪ ܒܛܘܠܩܗ ܒܐܬܪ̈ܘܬܐ ܕܒܝܬ ܐܒܗܝ̈ܗܘܢ. ܢܫܪܘܢ ܒܢ̈ܝ ܐܝܣܪܝܠ ܡܢ ܩܒܘܠ . ܘܚܕܪ ܡܫܟܢܙܒܢܐ ܢܫܪܘܢ.,14,"Os filhos de Israel acampar-se-ão, cada um junto ao seu estandarte, com as insígnias das casas de seus pais; ao redor, de frente para a tenda da revelação, se acamparão.",30,True,True,True
2,3,Números 2:3,וְהַחֹנִים֙ קֵ֣דְמָה מִזְרָ֔חָה דֶּ֛גֶל מַחֲנֵ֥ה יְהוּדָ֖ה לְצִבְאֹתָ֑ם וְנָשִׂיא֙ לִבְנֵ֣י יְהוּדָ֔ה נַחְשׁ֖וֹן בֶּן־ עַמִּינָדָֽב ׃,והחנימ קדמה מזרחה דגל מחנה יהודה לצבאתמ ונשיא לבני יהודה נחשונ בנ עמינדב,14,ודי שרן קדומא מדינחא טקס משרית יהודה לחיליהון ורבא לבני יהודה נחשון בר עמינדב:,14,"Καὶ οἱ παρεμβαλόντες κατὰ νότον κατ᾽ ἀνατολὰς τάγμα παρεμβολῆς Ἰούδα σὺν δυνάμει αὐτῶν, καὶ ὁ ἄρχων τῶν υἱῶν Ἰούδα Ναασσὼν υἱὸς Ἀμειναδάβ·",22,ܘܕܫ̇ܪܝܢ ܠܘܩܕܡ ܡܢ ܡܕܢܚܐ. ܛܘܠܩܐ ܕܡܫܪܝܬܐ ܕܝܗܘܕܐ ܠܚܝܠܗܘܢ. ܘܪܫܐ ܕܒܢ̈ܝ ܝܗܘܕܐ. ܢܚܫܘܢ ܒܪ ܥܡܝܢܕܒ.,14,"Ao lado oriental se acamparão os do estandarte do arraial de Judá, segundo os seus exércitos; e Nasom, filho de Aminadabe, será o príncipe dos filhos de Judá.",28,True,True,True
2,4,Números 2:4,וּצְבָא֖וֹ וּפְקֻדֵיהֶ֑ם אַרְבָּעָ֧ה וְשִׁבְעִ֛ים אֶ֖לֶף וְשֵׁ֥שׁ מֵאֽוֹת ׃,וצבאו ופקדיהמ ארבעה ושבעימ אלפ ושש מאות,8,וחיליה ומניניהון שבעין וארבעא אלפין ושית מאה:,7,δύναμις αὐτοῦ οἱ ἐπεσκεμμένοι τέσσαρες καὶ ἑβδομήκοντα χιλιάδες καὶ ἑξακόσιοι.,10,ܘܡܢܝܢܐ ܕܚܝܠܗ. ܫܒܥܝܢ ܘܐܪܒܥܐ ܐܠܦ̈ܝܢ ܘܫܬܡ̈ܐܐ.,6,"E o seu exército, os que foram contados deles, era de setenta e quatro mil e seiscentos.",17,True,True,True
2,5,Números 2:5,וְהַחֹנִ֥ים עָלָ֖יו מַטֵּ֣ה יִשָּׂשכָ֑ר וְנָשִׂיא֙ לִבְנֵ֣י יִשָּׂשכָ֔ר נְתַנְאֵ֖ל בֶּן־ צוּעָֽר ׃,והחנימ עליו מטה יששכר ונשיא לבני יששכר נתנאל בנ צוער,11,ודי שרן סמיכין עלוהי שבטא דיששכר ורבא לבני יששכר נתנאל בר צוער:,12,"καὶ οἱ παρεμβάλλοντες ἐχόμενοι φυλῆς Ἰσσαχάρ, καὶ ὁ ἄρχων τῶν υἱῶν Ἰσσαχὰρ Ναθαναὴλ υἱὸς Σωγάρ·",15,ܘܕܫ̇ܪܝܢ ܠܘܬܗ ܫܒܛܐ ܕܐܝܣܟܪ. ܘܪܫܐ ܕܒܢ̈ܝ ܐܝܣܟܪ ܢܬܢܝܐܝܠ ܒܪ ܨܘܥܪ.,10,"Junto a eles se acamparão os da tribo de Issacar; e Netanel, filho de Zuar, será o príncipe dos filhos de Issacar.",22,True,True,True
2,6,Números 2:6,וּצְבָא֖וֹ וּפְקֻדָ֑יו אַרְבָּעָ֧ה וַחֲמִשִּׁ֛ים אֶ֖לֶף וְאַרְבַּ֥ע מֵאֽוֹת ׃ ס,וצבאו ופקדיו ארבעה וחמשימ אלפ וארבע מאות ס,9,וחיליה ומנינוהי חמשין וארבעא אלפין וארבע מאה:,7,δύναμις αὐτοῦ οἱ ἐπεσκεμμένοι τέσσαρες καὶ πεντήκοντα χιλιάδες καὶ τετρακόσιοι.,10,ܘܡܢܝܢܐ ܕܚܝܠܗ. ܚܡܫܝܢ ܘܐܪ̈ܒܥܐ ܐܠܦ̈ܝܢ ܘܐܪ̈ܒܥܡܐܐ.,6,"E o seu exército, os que foram contados deles, era de cinqüenta e quatro mil e quatrocentos.",17,True,True,True
2,7,Números 2:7,מַטֵּ֖ה זְבוּלֻ֑ן וְנָשִׂיא֙ לִבְנֵ֣י זְבוּלֻ֔ן אֱלִיאָ֖ב בֶּן־ חֵלֹֽן ׃,מטה זבולנ ונשיא לבני זבולנ אליאב בנ חלנ,9,שבטא דזבולן ורבא לבני זבולן אליאב בר חלון:,8,"καὶ οἱ παρεμβάλλοντες ἐχόμενοι φυλῆς Ζαβουλών, καὶ ὁ ἄρχων τῶν υἱῶν Ζαβουλὼν Ἐλιὰβ υἱὸς Χαιλών·",15,ܘܫܒܛܐ ܕܙܒܘܠܘܢ ܘܪܫܐ ܕܒܢ̈ܝ ܙܒܘܠܘܢ. ܐܠܝܒ ܒܪ ܚܠܘܢ.,8,"Depois a tribo de Zebulom; e Eliabe, filho de Helom, será o príncipe dos filhos de Zebulom.",17,True,True,True
2,8,Números 2:8,וּצְבָא֖וֹ וּפְקֻדָ֑יו שִׁבְעָ֧ה וַחֲמִשִּׁ֛ים אֶ֖לֶף וְאַרְבַּ֥ע מֵאֽוֹת ׃,וצבאו ופקדיו שבעה וחמשימ אלפ וארבע מאות,8,וחיליה ומנינוהי חמשין ושבעא אלפין וארבע מאה:,7,δύναμις αὐτῶν οἱ ἐπεσκεμμένοι ἑπτὰ καὶ πεντήκοντα χιλιάδες καὶ τετρακόσιοι.,10,ܘܡܢܝܢܐ ܕܚܝܠܗ. ܚܡܫܝܢ ܘܫܒܥܐ ܐ̈ܠܦܝܢ ܘܐܪܒܥܡܐܐ.,6,"E o seu exército, os que foram contados deles, era de cinqüenta e sete mil e quatrocentos.",17,True,True,True
2,9,Números 2:9,כָּֽל־ הַפְּקֻדִ֞ים לְמַחֲנֵ֣ה יְהוּדָ֗ה מְאַ֨ת אֶ֜לֶף וּשְׁמֹנִ֥ים אֶ֛לֶף וְשֵֽׁשֶׁת־ אֲלָפִ֥ים וְאַרְבַּע־ מֵא֖וֹת לְצִבְאֹתָ֑ם רִאשֹׁנָ֖ה יִסָּֽעוּ ׃ ס,כל הפקדימ למחנה יהודה מאת אלפ ושמנימ אלפ וששת אלפימ וארבע מאות לצבאתמ ראשנה יסעו ס,17,כל מניניא למשרית יהודה מאה ותמנן ושתא אלפין וארבע מאה לחיליהון בקדמיתא נטלין:,13,"πάντες οἱ ἐπεσκεμμένοι ἐκ τῆς παρεμβολῆς Ἰούδα ἑκατὸν ὀγδοήκοντα χιλιάδες καὶ ἑξακισχίλιοι καὶ τετρακόσιοι, σὺν δυνάμει αὐτῶν· πρῶτοι ἐξαροῦσιν.",19,ܟܠܗ ܡܢܝܢܐ ܕܡܫܪܝܬܐ ܕܝܗܘܕܐ. ܡܐܐ ܘܬܡܢܐܝܢ ܘܐܫܬܐ ܐܠܦ̈ܝܢ ܘܐܪܒܥܡܐܐ ܠܚܝ̈ܠܘܬܗܘܢ . ܩܕܡܝܬ ܗܢܘܢ ܢܗܘܘܢ ܫ̇ܩܠܝܢ.,15,"Todos os que foram contados do arraial de Judá eram cento e oitenta e seis mil e quatrocentos, segundo os seus exércitos. Esses marcharão primeiro.",25,True,True,True
2,10,Números 2:10,דֶּ֣גֶל מַחֲנֵ֧ה רְאוּבֵ֛ן תֵּימָ֖נָה לְצִבְאֹתָ֑ם וְנָשִׂיא֙ לִבְנֵ֣י רְאוּבֵ֔ן אֱלִיצ֖וּר בֶּן־ שְׁדֵיאֽוּר ׃,דגל מחנה ראובנ תימנה לצבאתמ ונשיא לבני ראובנ אליצור בנ שדיאור,12,טקס משרית ראובן דרומא לחיליהון ורבא לבני ראובן אליצור בר שדיאור:,11,"Τάγμα παρεμβολῆς Ῥουβήν, πρὸς λίβα δύναμις αὐτῶν, καὶ ὁ ἄρχων τῶν υἱῶν Ῥουβὴν Ἐλισοὺρ υἱὸς Σεδιούρ·",16,ܘܛܘܠܩܐ ܕܡܫܪܝܬܐ ܕܪܘܒܝܠ. ܡܢ ܬܝܡܢܐ ܠܚܝܠܗܘܢ. ܘܪܫܐ ܕܒܢ̈ܝ ܪܘܒܝܠ. ܐܠܝܨܘܪ ܒܪ ܫܕܐܘܪ.,12,"O estandarte do arraial de Rúben segundo os seus exércitos, estará para a banda do sul; e Elizur, filho de Sedeur, será o príncipe dos filhos de Rúben.",28,True,True,True
2,11,Números 2:11,וּצְבָא֖וֹ וּפְקֻדָ֑יו שִׁשָּׁ֧ה וְאַרְבָּעִ֛ים אֶ֖לֶף וַחֲמֵ֥שׁ מֵאֽוֹת ׃,וצבאו ופקדיו ששה וארבעימ אלפ וחמש מאות,8,וחיליה ומנינוהי ארבעין ושתא אלפין וחמש מאה:,7,δύναμις αὐτοῦ οἱ ἐπεσκεμμένοι ἓξ καὶ τεσσεράκοντα χιλιάδες καὶ πεντακόσιοι.,10,ܘܡܢܝܢܐ ܕܚܝܠܗ. ܐܪ̈ܒܥܝܢ ܘܫܬܐ ܐܠܦ̈ܝܢ ܘܚܡܫܡܐܐ.,6,"E o seu exército, os que foram contados deles, era de quarenta e seis mil e quinhentos.",17,True,True,True
2,12,Números 2:12,וְהַחוֹנִ֥ם עָלָ֖יו מַטֵּ֣ה שִׁמְע֑וֹן וְנָשִׂיא֙ לִבְנֵ֣י שִׁמְע֔וֹן שְׁלֻמִיאֵ֖ל בֶּן־ צוּרִֽי־ שַׁדָּֽי ׃,והחונמ עליו מטה שמעונ ונשיא לבני שמעונ שלמיאל בנ צורי שדי,12,ודי שרן סמיכין עלוהי שבטא דשמעון ורבא לבני שמעון שלמיאל בר צורישדי:,12,"καὶ οἱ παρεμβαλόντες ἐχόμενοι αὐτοῦ φυλῆς Συμεών, καὶ ὁ ἄρχων τῶν υἱῶν Συμεὼν Σαλαμιὴλ υἱὸς Σουρισαδαί.",16,ܘܕܫ̇ܪܝܢ ܠܘܬܗ ܫܒܛܐ ܕܫܡܥܘܢ. ܘܪܫܐ ܕܒܢ̈ܝ ܫܡܥܘܢ. ܫܠܡܘܐܝܠ ܒܪ ܨܘܪܝܫܕܝ.,10,"Junto a ele se acamparão os da tribo de Simeão; e Selumiel, filho de Zurisadai, será o príncipe dos filhos de Simeão.",22,True,True,True
2,13,Números 2:13,וּצְבָא֖וֹ וּפְקֻדֵיהֶ֑ם תִּשְׁעָ֧ה וַחֲמִשִּׁ֛ים אֶ֖לֶף וּשְׁלֹ֥שׁ מֵאֽוֹת ׃,וצבאו ופקדיהמ תשעה וחמשימ אלפ ושלש מאות,8,וחיליה ומניניהון חמשין ותשע אלפין ותלת מאה:,7,δύναμις αὐτοῦ οἱ ἐπεσκεμμένοι ἐννέα καὶ πεντήκοντα χιλιάδες καὶ τριακόσιοι·,10,ܘܡܢܝܢܐ ܕܚܝܠܗ. ܚܡܫܝܢ ܘܬܫܥܐ ܐܠܦ̈ܝܢ ܘܬܠܬܡܐܐ.,6,"E o seu exército, os que foram contados deles, era de cinqüenta e nove mil e trezentos.",17,True,True,True
2,14,Números 2:14,וְמַטֵּ֖ה גָּ֑ד וְנָשִׂיא֙ לִבְנֵ֣י גָ֔ד אֶלְיָסָ֖ף בֶּן־ רְעוּאֵֽל ׃,ומטה גד ונשיא לבני גד אליספ בנ רעואל,9,ושבטא דגד ורבא לבני גד אליסף בר רעואל:,8,"καὶ οἱ παρεμβαλόντες ἐχόμενοι αὐτοῦ φυλὴ Γάδ, καὶ ὁ ἄρχων τῶν υἱῶν Γὰδ Ἐλεισὰφ υἱὸς Ῥαγουήλ·",16,ܘܫܒܛܐ ܕܓܕ ܘܪܫܐ ܕܒܢ̈ܝ ܓܕ ܐܠܝܐܣܦ ܒܪ ܪܥܘܐܝܠ.,8,"Depois a tribo de Gade; e Eliasafe, filho de Reuel, será o príncipe dos filhos de Gade.",17,True,True,True
2,15,Números 2:15,וּצְבָא֖וֹ וּפְקֻדֵיהֶ֑ם חֲמִשָּׁ֤ה וְאַרְבָּעִים֙ אֶ֔לֶף וְשֵׁ֥שׁ מֵא֖וֹת וַחֲמִשִּֽׁים ׃,וצבאו ופקדיהמ חמשה וארבעימ אלפ ושש מאות וחמשימ,9,וחיליה ומניניהון ארבעין וחמשא אלפין ושית מאה וחמשין:,8,δύναμις αὐτοῦ οἱ ἐπεσκεμμένοι πέντε καὶ τεσσεράκοντα χιλιάδες καὶ ἑξακόσιοι καὶ πεντήκοντα.,12,ܘܡܢܝܢܐ ܕܚܝܠܗ. ܐܪ̈ܒܥܝܢ ܘܚܡܫܐ ܐܠܦ̈ܝܢ ܘܫܬܡܐܐ ܘܚܡܫܝܢ.,7,"E o seu exército, os que foram contados deles, era de quarenta e cinco mil seiscentos e cinqüenta.",18,True,True,True
2,16,Números 2:16,כָּֽל־ הַפְּקֻדִ֞ים לְמַחֲנֵ֣ה רְאוּבֵ֗ן מְאַ֨ת אֶ֜לֶף וְאֶחָ֨ד וַחֲמִשִּׁ֥ים אֶ֛לֶף וְאַרְבַּע־ מֵא֥וֹת וַחֲמִשִּׁ֖ים לְצִבְאֹתָ֑ם וּשְׁנִיִּ֖ם יִסָּֽעוּ ׃ ס,כל הפקדימ למחנה ראובנ מאת אלפ ואחד וחמשימ אלפ וארבע מאות וחמשימ לצבאתמ ושנימ יסעו ס,17,כל מניניא למשרית ראובן מאה וחמשין וחד אלפין וארבע מאה וחמשין לחיליהון בתניתא נטלין:,14,"πάντες οἱ ἐπεσκεμμένοι ἐκ τῆς παρεμβολῆς Ῥουβὴν ἑκατὸν πεντήκοντα μία χιλιάδες καὶ τετρακόσιοι καὶ πεντήκοντα, σὺν δυνάμει αὐτῶν· δεύτεροι ἐξαροῦσιν.",20,ܟܠܗ ܡܢܝܢܐ ܕܡܫܪܝܬܐ ܕܪܘܒܝܠ. ܡܐܐ ܘܚܡܫܝܢ ܘܚܕ ܐܠܦ̈ܝܢ ܘܐܪ̈ܒܥܡܐܐ ܘܚܡܫܝܢ ܠܚܝܠܗܘܢ. ܒܬܪ ܩܕܡ̈ܝܐ ܗܘܘ ܫ̇ܩܠܝܢ.,15,"Todos os que foram contados do arraial de Rúben eram cento e cinqüenta e um mil quatrocentos e cinqüenta, segundo os seus exércitos. Esses marcharão em segundo lugar.",28,True,True,True
2,17,Números 2:17,וְנָסַ֧ע אֹֽהֶל־ מוֹעֵ֛ד מַחֲנֵ֥ה הַלְוִיִּ֖ם בְּת֣וֹךְ הַֽמַּחֲנֹ֑ת כַּאֲשֶׁ֤ר יַחֲנוּ֙ כֵּ֣ן יִסָּ֔עוּ אִ֥ישׁ עַל־ יָד֖וֹ לְדִגְלֵיהֶֽם ׃ ס,ונסע אהל מועד מחנה הלוימ בתוכ המחנת כאשר יחנו כנ יסעו איש על ידו לדגליהמ ס,17,ונטל משכן זמנא משרית לואי בגו משריתא כמא דשרן כן נטלין גבר על אתריה לטקסיהון:,15,"Καὶ ἀρθήσεται ἡ σκηνὴ τοῦ μαρτυρίου, καὶ ἡ παρεμβολὴ τῶν Λευειτῶν μέσον τῶν παρεμβολῶν· ὡς καὶ παρεμβάλλουσιν, οὕτως καὶ ἐξαροῦσιν ἕκαστος ἐχόμενος καθ᾽ ἡγεμονίαν.",24,ܘܫ̇ܩܠܝܢ ܡܫܟܢܙܒܢܐ ܡܫܪܝܬܐ ܕܠܘܝ̈ܐ ܒܓܘ ܡܫܪܝܬܐ. ܐܝܟ ܕܫ̇ܪܝܢ ܗܟܢܐ ܗܘܘ ܫ̇ܩܠܝܢ. ܐܢܫ ܥܡ ܛܘܠܩܗ ܠܚܝ̈ܠܘܬܗܘܢ .,16,"Então partirá a tenda da revelação com o arraial dos levitas no meio dos arraiais; como se acamparem, assim marcharão, cada um no seu lugar, segundo os seus estandartes.",29,True,True,True
2,18,Números 2:18,דֶּ֣גֶל מַחֲנֵ֥ה אֶפְרַ֛יִם לְצִבְאֹתָ֖ם יָ֑מָּה וְנָשִׂיא֙ לִבְנֵ֣י אֶפְרַ֔יִם אֱלִישָׁמָ֖ע בֶּן־ עַמִּיהֽוּד ׃,דגל מחנה אפרימ לצבאתמ ימה ונשיא לבני אפרימ אלישמע בנ עמיהוד,12,טקס משרית אפרים לחיליהון מערבא ורבא לבני אפרים אלישמע בר עמיהוד:,11,"Τάγμα παρεμβολῆς Ἐφράιμ παρὰ θάλασσαν σὺν δυνάμει αὐτῶν, καὶ ὁ ἄρχων τῶν υἱῶν Ἐφράιμ Ἐλεισαμὰ υἱὸς Ἐμιούδ.",17,ܘܛܘܠܩܐ ܕܡܫܪܝܬܐ ܕܐܦܪܝܡ ܠܚܝܠܗܘܢ ܡܢ ܡܥܪܒܐ. ܘܪܫܐ ܕܒܢ̈ܝ ܐܦܪܝܡ. ܐܠܝܫܡܥ ܒܪ ܥܡܝܗܘܕ.,12,"Para a banda do ocidente estará o estandarte do arraial de Efraim, segundo os seus exércitos; e Elisama, filho de Amiúde, será o príncipe dos filhos de Efraim.",28,True,True,True
2,19,Números 2:19,וּצְבָא֖וֹ וּפְקֻדֵיהֶ֑ם אַרְבָּעִ֥ים אֶ֖לֶף וַחֲמֵ֥שׁ מֵאֽוֹת ׃,וצבאו ופקדיהמ ארבעימ אלפ וחמש מאות,7,וחיליה ומניניהון ארבעין אלפין וחמש מאה:,6,δύναμις αὐτοῦ οἱ ἐπεσκεμμένοι τεσσεράκοντα χιλιάδες καὶ πεντακόσιοι.,8,ܘܡܢܝܢܐ ܕܚܝܠܗ. ܐܪ̈ܒܥܝܢ ܐܠܦ̈ܝܢ ܘܚܡܫܡܐܐ.,5,"E o seu exército, os que foram contados deles, era de quarenta mil e quinhentos.",15,True,True,True
2,20,Números 2:20,וְעָלָ֖יו מַטֵּ֣ה מְנַשֶּׁ֑ה וְנָשִׂיא֙ לִבְנֵ֣י מְנַשֶּׁ֔ה גַּמְלִיאֵ֖ל בֶּן־ פְּדָהצֽוּר ׃,ועליו מטה מנשה ונשיא לבני מנשה גמליאל בנ פדהצור,10,ודסמיכין עלוהי שבטא דמנשה ורבא לבני מנשה גמליאל בר פדהצור:,10,"καὶ οἱ παρεμβάλλοντες ἐχόμενοι φυλῆς Μανασσή, καὶ ὁ ἄρχων τῶν υἱῶν Μανασσὴ Γαμαλιὴλ υἱὸς Φαδασσούρ·",15,ܘܕܫ̇ܪܝܢ ܠܘܬܗ . ܫܒܛܐ ܕܡܢܫܐ. ܘܪܫܐ ܕܒܢ̈ܝ ܡܢܫܐ. ܓܡܠܝܐܝܠ ܒܪ ܦܪܨܘܪ.,11,"Junto a eles estará a tribo de Manassés; e Gamaliel, filho de Pedazur, será o príncipe dos filhos de Manassés.",20,True,True,True
2,21,Números 2:21,וּצְבָא֖וֹ וּפְקֻדֵיהֶ֑ם שְׁנַ֧יִם וּשְׁלֹשִׁ֛ים אֶ֖לֶף וּמָאתָֽיִם ׃,וצבאו ופקדיהמ שנימ ושלשימ אלפ ומאתימ,7,וחיליה ומניניהון תלתין ותרין אלפין ומאתן:,6,δύναμις αὐτοῦ οἱ ἐπεσκεμμένοι δύο καὶ τριάκοντα χιλιάδες καὶ τετρακόσιοι.,10,ܘܡܢܝܢܐ ܕܚܝܠܗ. ܬܠܬܝܢ ܘܬܪ̈ܝܢ ܐܠܦ̈ܝܢ ܘܡܐܬܝܢ.,6,"E o seu exército, os que foram contados deles, era de trinta e dois mil e duzentos.",17,True,True,True
2,22,Números 2:22,וּמַטֵּ֖ה בִּנְיָמִ֑ן וְנָשִׂיא֙ לִבְנֵ֣י בִנְיָמִ֔ן אֲבִידָ֖ן בֶּן־ גִּדְעֹנִֽי ׃,ומטה בנימנ ונשיא לבני בנימנ אבידנ בנ גדעני,9,ושבטא דבנימן ורבא לבני בנימן אבידן בר גדעוני:,8,"καὶ οἱ παρεμβαλόντες ἐχόμενοι φυλῆς Βενιαμείν, καὶ ὁ ἄρχων τῶν υἱῶν Βενιαμεὶν Ἀβειδὰν υἱὸς Γαδεωνεί·",15,ܘܫܒܛܐ ܕܒܢܝܡܝܢ. ܘܪܫܐ ܕܒܢ̈ܝ ܒܢܝܡܝܢ. ܐܒܝܕܢ ܒܪ ܓܕܥܘܢܝ.,8,"Depois a tribo de Benjamim; e Abidã, filho de Gideôni, será o príncipe dos filhos de Benjamim.",17,True,True,True
2,23,Números 2:23,וּצְבָא֖וֹ וּפְקֻדֵיהֶ֑ם חֲמִשָּׁ֧ה וּשְׁלֹשִׁ֛ים אֶ֖לֶף וְאַרְבַּ֥ע מֵאֽוֹת ׃,וצבאו ופקדיהמ חמשה ושלשימ אלפ וארבע מאות,8,וחיליה ומניניהון תלתין וחמשא אלפין וארבע מאה:,7,δύναμις αὐτοῦ οἱ ἐπεσκεμμένοι πέντε καὶ τριάκοντα χιλιάδες καὶ τετρακόσιοι.,10,ܘܡܢܝܢܐ ܕܚܝܠܗ ܬܠܬܝܢ ܘܚܡܫܐ ܐܠܦ̈ܝܢ ܘܐܪܒܥܡܐܐ.,6,"E o seu exército, os que foram contados deles, era de trinta e cinco mil e quatrocentos.",17,True,True,True
2,24,Números 2:24,כָּֽל־ הַפְּקֻדִ֞ים לְמַחֲנֵ֣ה אֶפְרַ֗יִם מְאַ֥ת אֶ֛לֶף וּשְׁמֹֽנַת־ אֲלָפִ֥ים וּמֵאָ֖ה לְצִבְאֹתָ֑ם וּשְׁלִשִׁ֖ים יִסָּֽעוּ ׃ ס,כל הפקדימ למחנה אפרימ מאת אלפ ושמנת אלפימ ומאה לצבאתמ ושלשימ יסעו ס,14,כל מניניא למשרית אפרים מאה ותמני אלפין ומאה לחיליהון בתליתתא נטלין:,11,"πάντες οἱ ἐπεσκεμμένοι τῆς παρεμβολῆς Ἐφράιμ ἑκατὸν χιλιάδες καὶ ὀκτακισχίλιοι καὶ ἑκατόν, σὺν δυνάμει αὐτῶν· τρίτοι ἐξαροῦσιν.",17,ܟܠܗ ܡܢܝܢܐ ܕܡܫܪܝܬܐ ܕܐܦܪܝܡ ܡܐܐ ܘܬܡܢܝܐ ܐܠܦ̈ܝܢ ܘܡܐܐ ܠܚܝܠܗܘܢ. ܒܬܪ ܬܪ̈ܝܢ ܢܫܩܠܘܢ.,12,"Todos os que foram contados o arraial de Efraim eram cento e oito mil e cem, segundo os seus exércitos. Esses marcharão em terceiro lugar.",25,True,True,True
2,25,Números 2:25,דֶּ֣גֶל מַחֲנֵ֥ה דָ֛ן צָפֹ֖נָה לְצִבְאֹתָ֑ם וְנָשִׂיא֙ לִבְנֵ֣י דָ֔ן אֲחִיעֶ֖זֶר בֶּן־ עַמִּֽישַׁדָּֽי ׃,דגל מחנה דנ צפנה לצבאתמ ונשיא לבני דנ אחיעזר בנ עמישדי,12,טקס משרית דן צפונא לחיליהון ורבא לבני דן אחיעזר בר עמישדי:,11,"Τάγμα παρεμβολῆς Δὰν πρὸς βορρᾶν σὺν δυνάμει αὐτῶν, καὶ ὁ ἄρχων τῶν υἱῶν Δὰν Ἀχιέζερ υἱὸς Ἀμεισαδαί·",17,ܘܛܘܠܩܐ ܕܡܫܪܝܬܐ ܕܕܢ ܡܢ ܓܪܒܝܐ ܠܚܝܠܗܘܢ. ܘܪܫܐ ܕܒܢ̈ܝ ܕܢ. ܐܚܝܥܙܪ ܒܪ ܥܡܝܫܕܝ.,12,"Para a banda do norte estará o estandarte do arraial de Dã, segundo os seus exércitos; e Aiezer, filho de Amisadai, será o príncipe dos filhos de Dã.",28,True,True,True
2,26,Números 2:26,וּצְבָא֖וֹ וּפְקֻדֵיהֶ֑ם שְׁנַ֧יִם וְשִׁשִּׁ֛ים אֶ֖לֶף וּשְׁבַ֥ע מֵאֽוֹת ׃,וצבאו ופקדיהמ שנימ וששימ אלפ ושבע מאות,8,וחיליה ומניניהון שתין ותרין אלפין ושבע מאה:,7,δύναμις αὐτοῦ οἱ ἐπεσκεμμένοι δύο καὶ ἑξήκοντα χιλιάδες καὶ πεντακόσιοι.,10,ܘܡܢܝܢܐ ܕܚܝܠܗ. ܫܬܝܢ ܘܬܪ̈ܝܢ ܐܠܦ̈ܝܢ ܘܫܒܥܡܐܐ .,7,"E o seu exército, os que foram contados deles, era de sessenta e dois mil e setecentos.",17,True,True,True
2,27,Números 2:27,וְהַחֹנִ֥ים עָלָ֖יו מַטֵּ֣ה אָשֵׁ֑ר וְנָשִׂיא֙ לִבְנֵ֣י אָשֵׁ֔ר פַּגְעִיאֵ֖ל בֶּן־ עָכְרָֽן ׃,והחנימ עליו מטה אשר ונשיא לבני אשר פגעיאל בנ עכרנ,11,ודי שרן סמיכין עלוהי שבטא דאשר ורבא לבני אשר פגעיאל בר עכרן:,12,"καὶ οἱ παρεμβάλλοντες ἐχόμενοι αὐτοῦ φυλῆς Ἀσήρ, καὶ ὁ ἄρχων τῶν υἱῶν Ἀσὴρ Φαγαιὴλ υἱὸς Ἐχράν·",16,ܘܕܫ̇ܪܝܢ ܠܘܬܗ ܫܒܛܐ ܕܐܫܝܪ. ܘܪܫܐ ܕܒܢ̈ܝ ܐܫܝܪ. ܦܓܥܐܝܠ ܒܪ ܥܟܪܢ.,10,"Junto a eles se acamparão os da tribo de Aser; e Pagiel, filho de Ocrã, será o príncipe dos filhos de Aser.",22,True,True,True
2,28,Números 2:28,וּצְבָא֖וֹ וּפְקֻדֵיהֶ֑ם אֶחָ֧ד וְאַרְבָּעִ֛ים אֶ֖לֶף וַחֲמֵ֥שׁ מֵאֽוֹת ׃,וצבאו ופקדיהמ אחד וארבעימ אלפ וחמש מאות,8,וחיליה ומניניהון ארבעין וחד אלפין וחמש מאה:,7,δύναμις αὐτοῦ οἱ ἐπεσκεμμένοι μία καὶ τεσσεράκοντα χιλιάδες καὶ πεντακόσιοι.,10,ܘܡܢܝܢܐ ܕܚܝܠܗ. ܐܪ̈ܒܥܝܢ ܘܚܕ ܐܠܦ̈ܝܢ ܘܚܡܫܡܐܐ.,6,"E o seu exército, os que foram contados deles, era de quarenta e um mil e quinhentos.",17,True,True,True
2,29,Números 2:29,וּמַטֵּ֖ה נַפְתָּלִ֑י וְנָשִׂיא֙ לִבְנֵ֣י נַפְתָּלִ֔י אֲחִירַ֖ע בֶּן־ עֵינָֽן ׃,ומטה נפתלי ונשיא לבני נפתלי אחירע בנ עיננ,9,ושבטא דנפתלי ורבא לבני נפתלי אחירע בר עינן:,8,"καὶ οἱ παρεμβάλλοντες ἐχόμενοι φυλῆς Νεφθαλεί, καὶ ὁ ἄρχων τῶν υἱῶν Νεφθαλεὶ Ἀχειρὲ υἱὸς Αἰνάν·",15,ܘܫܒܛܐ ܕܢܦܬܠܝ ܘܪܫܐ ܕܒܢ̈ܝ ܢܦܬܠܝ. ܐܚܝܕܥ ܒܪ ܥܝܢܢ.,8,"Depois a tribo de Naftali; e Airá, filho de Enã, será o príncipe dos filhos de Naftali.",17,True,True,True
2,30,Números 2:30,וּצְבָא֖וֹ וּפְקֻדֵיהֶ֑ם שְׁלֹשָׁ֧ה וַחֲמִשִּׁ֛ים אֶ֖לֶף וְאַרְבַּ֥ע מֵאֽוֹת ׃,וצבאו ופקדיהמ שלשה וחמשימ אלפ וארבע מאות,8,וחיליה ומניניהון חמשין ותלתא אלפין וארבע מאה:,7,δύναμις αὐτοῦ οἱ ἐπεσκεμμένοι τρεῖς καὶ πεντήκοντα χιλιάδες καὶ τετρακόσιοι.,10,ܘܡܢܝܢܐ ܕܚܝܠܗ. ܚܡܫܝܢ ܘܬܠܬܐ ܐܠܦ̈ܝܢ ܘܐܪ̈ܒܥܡܐܐ.,6,"E o seu exército, os que foram contados deles, era de cinqüenta e três mil e quatrocentos.",17,True,True,True
2,31,Números 2:31,כָּל־ הַפְּקֻדִים֙ לְמַ֣חֲנֵה דָ֔ן מְאַ֣ת אֶ֗לֶף וְשִׁבְעָ֧ה וַחֲמִשִּׁ֛ים אֶ֖לֶף וְשֵׁ֣שׁ מֵא֑וֹת לָאַחֲרֹנָ֥ה יִסְע֖וּ לְדִגְלֵיהֶֽם ׃ פ,כל הפקדימ למחנה דנ מאת אלפ ושבעה וחמשימ אלפ ושש מאות לאחרנה יסעו לדגליהמ פ,16,כל מניניא למשרית דן מאה וחמשין ושבעא אלפין ושית מאה בבתרתא נטלין לטקסיהון:,13,πάντες οἱ ἐπεσκεμμένοι τῆς παρεμβολῆς Δὰν ἑκατὸν καὶ ν᾽ ἑπτὰ χιλιάδες καὶ ἑξακόσιοι· ἔσχατοι ἐξαροῦσιν κατὰ τάγμα αὐτῶν.,18,ܟܠܗ ܡܢܝܢܐ ܕܡܫܪܝܬܐ ܕܕܢ. ܡܐܐ ܘܚܡܫܝܢ ܘܫܒܥܐ ܐܠܦ̈ܝܢ ܘܫܬܡܐܐ ܒܐܚܪܝܬ ܛܘܠܩ̈ܐ ܢܗܘܘܢ ܫ̇ܩܠܝܢ.,13,"Todos os que foram contados do arraial de Dã eram cento e cinqüenta e sete mil e seiscentos. Esses marcharão em último lugar, segundo os seus estandartes.",27,True,True,True
2,32,Números 2:32,אֵ֛לֶּה פְּקוּדֵ֥י בְנֵֽי־ יִשְׂרָאֵ֖ל לְבֵ֣ית אֲבֹתָ֑ם כָּל־ פְּקוּדֵ֤י הַֽמַּחֲנֹת֙ לְצִבְאֹתָ֔ם שֵׁשׁ־ מֵא֥וֹת אֶ֨לֶף֙ וּשְׁלֹ֣שֶׁת אֲלָפִ֔ים וַחֲמֵ֥שׁ מֵא֖וֹת וַחֲמִשִּֽׁים ׃,אלה פקודי בני ישראל לבית אבתמ כל פקודי המחנת לצבאתמ שש מאות אלפ ושלשת אלפימ וחמש מאות וחמשימ,19,אלין מניני בני ישראל לבית אבהתהון כל מניני משריתא לחיליהון שית מאה ותלתא אלפין וחמש מאה וחמשין:,17,Αὕτη ἡ ἐπίσκεψις τῶν υἱῶν Ἰσραὴλ κατ᾽ οἴκους πατριῶν αὐτῶν· πᾶσα ἡ ἐπίσκεψις τῶν παρεμβολῶν σὺν ταῖς δυνάμεσιν αὐτῶν ἑξακόσιαι χιλιάδες καὶ τρισχίλιοι πεντακόσιοι πεντήκοντα.,25,ܗܠܝܢ ܡܢ̈ܝܢܐ ܕܒܢ̈ܝ ܐܝܣܪܝܠ ܠܒܝܬ ܐܒܗܝ̈ܗܘܢ. ܟܠܗܘܢ ܡܢ̈ܝܢܐ ܕܡܫܪ̈ܝܬܐ ܠܚܝܠܗܘܢ. ܫܬܡܐܐ ܘܬܠܬܐ ܐܠܦ̈ܝܢ ܘܚܡܫܡܐܐ ܘܚܡܫܝܢ.,15,"São esses os que foram contados dos filhos de Israel, segundo as casas de seus pais; todos os que foram contados dos arraiais segundo os seus exércitos, eram seiscentos e três mil quinhentos e cinqüenta.",35,True,True,True
2,33,Números 2:33,וְהַ֨לְוִיִּ֔ם לֹ֣א הָתְפָּקְד֔וּ בְּת֖וֹךְ בְּנֵ֣י יִשְׂרָאֵ֑ל כַּאֲשֶׁ֛ר צִוָּ֥ה יְהוָ֖ה אֶת־ מֹשֶֽׁה ׃,והלוימ לא התפקדו בתוכ בני ישראל כאשר צוה יהוה את משה,12,ולואי לא אתמניאו בגו בני ישראל כמא די פקיד יי ית משה:,12,"οἱ δὲ Λευεῖται οὐ συνεπεσκέπησαν ἐν αὐτοῖς, καθὰ ἐνετείλατο Κύριος τῷ Μωυσῇ.",12,ܘܠܘ̈ܝܐ ܘܫܒܛܐ ܕܐܒܗܝ̈ܗܘܢ . ܠܐ ܐܬܡܢܝܘ ܒܝܢܬ ܒܢ̈ܝ ܐܝܣܪܝܠ. ܐܝܟ ܕܦܩܕ ܡܪܝܐ ܠܡܘܫܐ.,13,"Os levitas, porém, não foram contados entre os filhos de Israel, como o Senhor ordenara a Moisés.",17,True,True,True
2,34,Números 2:34,וַֽיַּעֲשׂ֖וּ בְּנֵ֣י יִשְׂרָאֵ֑ל כְּ֠כֹל אֲשֶׁר־ צִוָּ֨ה יְהוָ֜ה אֶת־ מֹשֶׁ֗ה כֵּֽן־ חָנ֤וּ לְדִגְלֵיהֶם֙ וְכֵ֣ן נָסָ֔עוּ אִ֥ישׁ לְמִשְׁפְּחֹתָ֖יו עַל־ בֵּ֥ית אֲבֹתָֽיו ׃,ויעשו בני ישראל ככל אשר צוה יהוה את משה כנ חנו לדגליהמ וכנ נסעו איש למשפחתיו על בית אבתיו,20,ועבדו בני ישראל ככל די פקיד יי ית משה כן שרן לטקסיהון וכן נטלין גבר לזרעיתהון על בית אבהתוהי:,19,"καὶ ἐποίησαν οἱ υἱοὶ Ἰσραὴλ πάντα ὅσα συνέταξεν Κύριος τῷ Μωυσῇ· οὕτως παρενέβαλον κατὰ τάγμα αὐτῶν, καὶ οὕτως ἐξῆρον ἕκαστος ἐχόμενοι κατὰ δήμους αὐτῶν, κατ᾽ οἴκους πατριῶν αὐτῶν.",28,ܘܥܒܕܘ ܒܢ̈ܝ ܐܝܣܪܝܠ ܟܠ ܕܦܩܕ ܡܪܝܐ ܠܡܘܫܐ. ܗܟܢܐ ܥܒܕ ܘܗܟܢܐ ܫ̇ܩܠܝܢ ܗܘܘ ܒܛܘ̈ܠܩܝܗܘܢ. ܘܗܟܢܐ ܫ̇ܪܝܢ ܗܘܘ . ܐܢܫ ܒܡܫܪܝܬܗ ܥܠ ܒܝܬ ܐܒܘܗܝ.,22,"Assim fizeram os filhos de Israel, conforme tudo o que o Senhor ordenara a Moisés; acamparam-se segundo os seus estandartes, e marcharam, cada qual segundo as suas famílias, segundo as casas de seus pais.",34,True,True,True
3,1,Números 3:1,וְאֵ֛לֶּה תּוֹלְדֹ֥ת אַהֲרֹ֖ן וּמֹשֶׁ֑ה בְּי֗וֹם דִּבֶּ֧ר יְהוָ֛ה אֶת־ מֹשֶׁ֖ה בְּהַ֥ר סִינָֽי ׃,ואלה תולדת אהרנ ומשה ביומ דבר יהוה את משה בהר סיני,12,ואלין תולדת אהרן ומשה ביומא דמליל יי עם משה בטורא דסיני:,11,"Καὶ αὗται αἱ γενέσεις Ἀαρὼν καὶ Μωυσῆ, ἐν ᾗ ἡμέρᾳ ἐλάλησεν Κύριος τῷ Μωυσῇ ἐν ὄρει Σεινά.",17,ܘܗܠܝܢ ܬܘ̈ܠܕܬܗ ܕܐܗܪܘܢ ܘܕܡܘܫܐ. ܒܝܘܡܐ ܕܡܠܠ ܡܪܝܐ ܥܡ ܡܘܫܐ. ܒܛܘܪܐ ܕܣܝܢܝ.,11,"Estas, pois, eram as gerações de Arão e de Moisés, no dia em que o Senhor falou com Moisés no monte Sinai.",22,True,True,True
3,2,Números 3:2,וְאֵ֛לֶּה שְׁמ֥וֹת בְּֽנֵי־ אַהֲרֹ֖ן הַבְּכ֣וֹר ׀ נָדָ֑ב וַאֲבִיה֕וּא אֶלְעָזָ֖ר וְאִיתָמָֽר ׃,ואלה שמות בני אהרנ הבכור נדב ואביהוא אלעזר ואיתמר,11,ואלין שמהת בני אהרן בוכרא נדב ואביהוא אלעזר ואיתמר:,9,"καὶ ταῦτα τὰ ὀνόματα τῶν υἱῶν Ἀαρών· πρωτότοκος Ναδὰβ καὶ Ἀβιούδ, Ἐλεαζὰρ καὶ Ἰθαμάρ·",14,ܘܗܠܝܢ ܫܡ̈ܗܐ ܕܒܢ̈ܝ ܐܗܪܘܢ. ܒܘܟܪܗ ܢܕܒ ܘܐܒܝܗܘ. ܘܐܠܝܥܙܪ ܘܐܝܬܡܪ.,9,"Os nomes dos filhos de Arão são estes: o primogênito, Nadabe; depois Abiú, Eleazar e Itamar.",16,True,True,True
3,3,Números 3:3,אֵ֗לֶּה שְׁמוֹת֙ בְּנֵ֣י אַהֲרֹ֔ן הַכֹּהֲנִ֖ים הַמְּשֻׁחִ֑ים אֲשֶׁר־ מִלֵּ֥א יָדָ֖ם לְכַהֵֽן ׃,אלה שמות בני אהרנ הכהנימ המשחימ אשר מלא ידמ לכהנ,11,אלין שמהת בני אהרן כהניא דאתרביאו די אתקרב קרבנהון לשמשא:,10,"ταῦτα τὰ ὀνόματα τῶν υἱῶν Ἀαρών, οἱ ἱερεῖς οἱ ἠλιμμένοι, οὓς ἐτελείωσαν τὰς χεῖρας αὐτῶν ἱερατεύειν.",16,ܗܠܝܢ ܫܡ̈ܗܐ ܕܒܢ̈ܝ ܐܗܪܘܢ ܟܗܢܐ. ܕܐܬܡܫܚܘ ܘܫܡܠܝܘ ܐܝܕܝ̈ܗܘܢ ܠܟܗܢܘܬܐ.,9,"São esses os nomes dos filhos de Arão, dos sacerdotes que foram ungidos, a quem ele consagrou para administrarem o sacerdócio.",21,True,True,True
3,4,Números 3:4,וַיָּ֣מָת נָדָ֣ב וַאֲבִיה֣וּא לִפְנֵ֣י יְהוָ֡ה בְּֽהַקְרִבָם֩ אֵ֨שׁ זָרָ֜ה לִפְנֵ֤י יְהוָה֙ בְּמִדְבַּ֣ר סִינַ֔י וּבָנִ֖ים לֹא־ הָי֣וּ לָהֶ֑ם וַיְכַהֵ֤ן אֶלְעָזָר֙ וְאִ֣יתָמָ֔ר עַל־ פְּנֵ֖י אַהֲרֹ֥ן אֲבִיהֶֽם ׃ פ,וימת נדב ואביהוא לפני יהוה בהקרבמ אש זרה לפני יהוה במדבר סיני ובנימ לא היו להמ ויכהנ אלעזר ואיתמר על פני אהרנ אביהמ פ,25,ומית נדב ואביהוא קדם יי בקרוביהון אשתא נוכריתא קדם יי במדברא דסיני ובנין לא הוו להון ושמש אלעזר ואיתמר על אפי אהרן אבוהון:,23,"καὶ ἐτελεύτησεν Ναδὰβ καὶ Ἀβιοὺδ ἔναντι Κυρίου, προσφερόντων αὐτῶν πῦρ ἀλλότριον ἔναντι Κυρίου ἐν τῇ ἐρήμῳ Σεινά, καὶ παιδία οὐκ ἦν αὐτοῖς· καὶ ἱεράτευσεν Ἐλεαζὰρ καὶ Ἰθαμὰρ μετ᾽ Ἀαρὼν τοῦ πατρὸς αὐτῶν.",32,ܘܡܝܬܘ ܢܕܒ ܘܐܒܝܗܘ ܩܕܡ ܡܪܝܐ. ܟܕ ܩܪܒܘ ܢܘܪܐ ܢܘܟܪܝܬܐ ܩܕܡ ܡܪܝܐ ܒܡܕܒܪܐ ܕܣܝܢܝ. ܘܒ̈ܢܝܐ ܠܐ ܗܘܘ ܠܗܘܢ. ܘܟܗܢܘ ܐܠܝܥܙܪ ܘܐܝܬܡܪ ܒܚܝ̈ܝ ܐܗܪܘܢ ܐܒܘܗܘܢ.,23,"Mas Nadabe e Abiú morreram perante o Senhor, quando ofereceram fogo estranho perante o Senhor no deserto de Sinai, e não tiveram filhos; porém Eleazar e Itamar administraram o sacerdócio diante de Arão, seu pai.",35,True,True,True
3,5,Números 3:5,וַיְדַבֵּ֥ר יְהוָ֖ה אֶל־ מֹשֶׁ֥ה לֵּאמֹֽר ׃,וידבר יהוה אל משה לאמר,6,ומליל יי עם משה למימר:,5,Καὶ ἐλάλησεν Κύριος πρὸς Μωυσῆν λέγων,6,ܘܡܠܠ ܡܪܝܐ ܥܡ ܡܘܫܐ ܘܐܡܪ ܠܗ.,6,Então disse o Senhor a Moisés:,6,True,True,True
3,6,Números 3:6,הַקְרֵב֙ אֶת־ מַטֵּ֣ה לֵוִ֔י וְֽהַעֲמַדְתָּ֣ אֹת֔וֹ לִפְנֵ֖י אַהֲרֹ֣ן הַכֹּהֵ֑ן וְשֵׁרְת֖וּ אֹתֽוֹ ׃,הקרב את מטה לוי והעמדת אתו לפני אהרנ הכהנ ושרתו אתו,12,קרב ית שבטא דלוי ותקים יתיה קדם אהרן כהנא וישמשון יתיה:,11,"Λάβε τὴν φυλὴν Λευεί, καὶ στήσεις αὐτοὺς ἐναντίον Ἀαρὼν τοῦ ἱερέως, καὶ λειτουργήσουσιν αὐτῷ.",14,ܩܪܒ ܠܫܒܛܐ ܕܠܘܝ. ܘܐܩܝܡܝܗܝ ܩܕܡ ܐܗܪܘܢ ܟܗܢܐ ܘܢܫܡܫܘܢܗ .,9,"Faze chegar a tribo de Levi, e põe-nos diante de Arão, o sacerdote, para que o sirvam;",17,True,True,True
3,7,Números 3:7,וְשָׁמְר֣וּ אֶת־ מִשְׁמַרְתּ֗וֹ וְאֶת־ מִשְׁמֶ֨רֶת֙ כָּל־ הָ֣עֵדָ֔ה לִפְנֵ֖י אֹ֣הֶל מוֹעֵ֑ד לַעֲבֹ֖ד אֶת־ עֲבֹדַ֥ת הַמִּשְׁכָּֽן ׃,ושמרו את משמרתו ואת משמרת כל העדה לפני אהל מועד לעבד את עבדת המשכנ,15,ויטרון ית מטרתיה וית מטרת כל כנשתא קדם משכן זמנא למפלח ית פלחן משכנא:,14,"καὶ φυλάξουσιν τὰς φυλακὰς αὐτοῦ καὶ τὰς φυλακὰς τῶν υἱῶν Ἰσραὴλ ἔναντι τῆς σκηνῆς τοῦ μαρτυρίου, ἐργάζεσθαι τὰ ἔργα τῆς σκηνῆς·",21,ܘܢܛܪܘܢ ܡܛܪܬܗ ܘܡܛܪܬܐ ܕܟܠܗ̇ ܟܢܘܫܬܐ ܩܕܡ ܡܪܝܐ. ܩܕܡ ܡܫܟܢܙܒܢܐ ܠܡܦܠܚ. ܦܘܠܚܢܐ ܒܡܫܟܢܐ .,13,"eles cumprirão o que é devido a ele e a toda a congregação, diante da tenda da revelação, fazendo o serviço do tabernáculo;",23,True,True,True
3,8,Números 3:8,וְשָׁמְר֗וּ אֶֽת־ כָּל־ כְּלֵי֙ אֹ֣הֶל מוֹעֵ֔ד וְאֶת־ מִשְׁמֶ֖רֶת בְּנֵ֣י יִשְׂרָאֵ֑ל לַעֲבֹ֖ד אֶת־ עֲבֹדַ֥ת הַמִּשְׁכָּֽן ׃,ושמרו את כל כלי אהל מועד ואת משמרת בני ישראל לעבד את עבדת המשכנ,15,ויטרון ית כל מאני משכן זמנא וית מטרת בני ישראל למפלח ית פלחן משכנא:,14,καὶ φυλάξουσιν πάντα τὰ σκεύη τῆς σκηνῆς τοῦ μαρτυρίου καὶ τὰς φυλακὰς τῶν υἱῶν Ἰσραὴλ κατὰ πάντα τὰ ἔργα τῆς σκηνῆς.,21,ܘܢܛܪܘܢ ܟܠܗܘܢ ܡ̈ܐܢܐ ܕܡܫܟܢܙܒܢܐ. ܡܛܪܬܐ ܕܒܢ̈ܝ ܐܝܣܪܐܝܠ ܠܡܦܠܚ ܦܘܠܚܢܐ ܕܡܫܟܢܐ.,10,"cuidarão de todos os móveis da tenda da revelação, e zelarão pelo cumprimento dos deveres dos filhos de Israel, fazendo o serviço do tabernáculo.",24,True,True,True
3,9,Números 3:9,וְנָתַתָּה֙ אֶת־ הַלְוִיִּ֔ם לְאַהֲרֹ֖ן וּלְבָנָ֑יו נְתוּנִ֨ם נְתוּנִ֥ם הֵ֨מָּה֙ ל֔וֹ מֵאֵ֖ת בְּנֵ֥י יִשְׂרָאֵֽל ׃,ונתתה את הלוימ לאהרנ ולבניו נתונמ נתונמ המה לו מאת בני ישראל,13,ותתן ית לואי לאהרן ולבנוהי מסירין יהיבין אנון ליה מן בני ישראל:,12,καὶ δώσεις τοὺς Λευείτας Ἀαρὼν καὶ τοῖς υἱοῖς αὐτοῦ τοῖς ἱερεῦσιν· δεδομένοι δόμα οὗτοί μοί εἰσιν ἀπὸ τῶν υἱῶν Ἰσραήλ.,20,ܘܬܬܠ ܐܢܘܢ ܠܠܘܝ̈ܐ ܠܐܗܪܘܢ ܘܠܒ̈ܢܘܗܝ. ܡܘܗܒܬܐ ܝܗܝܒܝܢ ܐܢܘܢ ܠܗ ܡܢ ܓܘ ܒܢ̈ܝ ܐܝܣܪܝܠ.,13,"Darás, pois, os levitas a Arão e a seus filhos; de todo lhes são dados da parte dos filhos de Israel.",21,True,True,True
3,10,Números 3:10,וְאֶת־ אַהֲרֹ֤ן וְאֶת־ בָּנָיו֙ תִּפְקֹ֔ד וְשָׁמְר֖וּ אֶת־ כְּהֻנָּתָ֑ם וְהַזָּ֥ר הַקָּרֵ֖ב יוּמָֽת ׃ פ,ואת אהרנ ואת בניו תפקד ושמרו את כהנתמ והזר הקרב יומת פ,13,וית אהרן וית בנוהי תמני ויטרון ית כהנתהון וחלוני דיקרב יתקטל:,11,"καὶ Ἀαρὼν καὶ τοὺς υἱοὺς αὐτοῦ καταστήσεις ἐπὶ τῆς σκηνῆς τοῦ μαρτυρίου, καὶ φυλάξουσιν τὴν ἱερατίαν αὐτῶν καὶ πάντα τὰ κατὰ τὸν βωμὸν καὶ ἔσω τοῦ καταπετάσματος· καὶ ὁ ἀλλογενὴς ὁ ἁπτόμενος ἀποθανεῖται.",33,ܘܠܐܗܪܘܢ ܘܠܒ̈ܢܘܗܝ ܦܩܕ ܘܢܛܪܘܢ ܟܗܢܘܬܗܘܢ ܘܢܘܟܪܝܐ ܕܩ̇ܪܒ ܢܬܩܛܠ.,8,Mas a Arão e a seus filhos ordenarás que desempenhem o seu sacerdócio; e o estranho que se chegar será morto.,21,True,True,True
3,11,Números 3:11,וַיְדַבֵּ֥ר יְהוָ֖ה אֶל־ מֹשֶׁ֥ה לֵּאמֹֽר ׃,וידבר יהוה אל משה לאמר,6,ומליל יי עם משה למימר:,5,Καὶ ἐλάλησεν Κύριος πρὸς Μωυσῆν λέγων,6,ܘܡܠܠ ܡܪܝܐ ܥܡ ܡܘܫܐ ܘܐܡܪ ܠܗ.,6,Disse mais o senhor a Moisés:,6,True,True,True
3,12,Números 3:12,וַאֲנִ֞י הִנֵּ֧ה לָקַ֣חְתִּי אֶת־ הַלְוִיִּ֗ם מִתּוֹךְ֙ בְּנֵ֣י יִשְׂרָאֵ֔ל תַּ֧חַת כָּל־ בְּכ֛וֹר פֶּ֥טֶר רֶ֖חֶם מִבְּנֵ֣י יִשְׂרָאֵ֑ל וְהָ֥יוּ לִ֖י הַלְוִיִּֽם ׃,ואני הנה לקחתי את הלוימ מתוכ בני ישראל תחת כל בכור פטר רחמ מבני ישראל והיו לי הלוימ,19,ואנא הא קרבית ית לואי מגו בני ישראל חלף כל בוכרא פתח ולדא מבני ישראל ויהון משמשין קדמי לואי:,19,"Καὶ ἐγὼ ἰδοὺ εἴληφα τοὺς Λευείτας ἐκ μέσου τῶν υἱῶν Ἰσραὴλ ἀντὶ παντὸς πρωτοτόκου διανοίγοντος μήτραν παρὰ τῶν υἱῶν Ἰσραήλ· λύτρα αὐτῶν ἔσονται, καὶ ἔσονται ἐμοὶ οἱ Λευεῖται.",28,ܗܐ ܐܢܐ ܢܣ̇ܒܬ ܠܠܘܝ̈ܐ ܡܢ ܓܘ ܒܢ̈ܝ ܐܝܣܪܝܠ. ܚܠܦ ܟܠ ܒܘܟܪܐ ܕܦ̇ܬܚ ܟܠ ܡܪܒܥܐ ܡܢ ܒܢ̈ܝ ܐܝܣܪܐܝܠ ܕܢܗܘܘܢ ܠܝ ܠܘܝ̈ܐ.,20,"Eu, eu mesmo tenho tomado os levitas do meio dos filhos de Israel, em lugar de todo primogênito, que abre a madre, entre os filhos de Israel; e os levitas serão meus,",32,True,True,True
3,13,Números 3:13,כִּ֣י לִי֮ כָּל־ בְּכוֹר֒ בְּיוֹם֩ הַכֹּתִ֨י כָל־ בְּכ֜וֹר בְּאֶ֣רֶץ מִצְרַ֗יִם הִקְדַּ֨שְׁתִּי לִ֤י כָל־ בְּכוֹר֙ בְּיִשְׂרָאֵ֔ל מֵאָדָ֖ם עַד־ בְּהֵמָ֑ה לִ֥י יִהְי֖וּ אֲנִ֥י יְהוָֽה ׃ ס,כי לי כל בכור ביומ הכתי כל בכור בארצ מצרימ הקדשתי לי כל בכור בישראל מאדמ עד בהמה לי יהיו אני יהוה ס,24,ארי דילי כל בוכרא ביומא דקטלית כל בוכרא בארעא דמצרים אקדשית קדמי כל בוכרא בישראל מאנשא עד בעירא דילי יהון אנא יי:,22,ἐμοὶ γὰρ πᾶν πρωτότοκον· ἐν ᾗ ἡμέρᾳ ἐπάταξα πᾶν πρωτότοκον ἐν γῇ Αἰγύπτου ἡγίασα ἐμοὶ πᾶν πρωτότοκον ἐν Ἰσραήλ· ἀπὸ ἀνθρώπου ἕως κτήνους ἐμοὶ ἔσονται· ἐγὼ Κύριος.,27,ܡܛܠ ܕܕܝܠܝ ܗܘ ܟܠ ܒܘܟܪܐ. ܒܝܘܡܐ ܕܩܛܠܬ ܟܠ ܒܘܟܪ̈ܐ ܕܒܐܪܥܐ ܕܡܨܪܝܢ. ܩܕܫܬ ܠܝ ܟܠ ܒܘܟܪ̈ܐ ܕܒܢ̈ܝ ܐܝܣܪܝܠ . ܡܢ ܐܢܫܐ ܘܥܕܡܐ ܠܒܥܝܪ̈ܐ ܠܝ ܢܗܘܘܢ. ܐܢܐ ܐܢܐ ܡܪܝܐ.,27,"porque todos os primogênitos são meus. No dia em que feri a todos os primogênitos na terra do Egito, santifiquei para mim todos os primogênitos em Israel, tanto dos homens como dos animais; meus serão. Eu sou o Senhor.",39,True,True,True
3,14,Números 3:14,וַיְדַבֵּ֤ר יְהוָה֙ אֶל־ מֹשֶׁ֔ה בְּמִדְבַּ֥ר סִינַ֖י לֵאמֹֽר ׃,וידבר יהוה אל משה במדבר סיני לאמר,8,ומליל יי עם משה במדברא דסיני למימר:,7,Καὶ ἐλάλησεν Κύριος πρὸς Μωυσῆν ἐν τῇ ἐρήμῳ Σεινὰ λέγων,10,ܘܡܠܠ ܡܪܝܐ ܥܡ ܡܘܫܐ ܒܡܕܒܪܐ ܕܣܝܢܝ ܘܐܡܪ ܠܗ.,8,Disse mais o Senhor a Moisés no deserto de Sinai:,10,True,True,True
3,15,Números 3:15,פְּקֹד֙ אֶת־ בְּנֵ֣י לֵוִ֔י לְבֵ֥ית אֲבֹתָ֖ם לְמִשְׁפְּחֹתָ֑ם כָּל־ זָכָ֛ר מִבֶּן־ חֹ֥דֶשׁ וָמַ֖עְלָה תִּפְקְדֵֽם ׃,פקד את בני לוי לבית אבתמ למשפחתמ כל זכר מבנ חדש ומעלה תפקדמ,14,מני ית בני לוי לבית אבהתהון לזרעיתהון כל דכורא מבר ירחא ולעלא תמננון:,13,"Ἐπίσκεψαι τοὺς υἱοὺς Λευεὶ κατ᾽ οἴκους πατριῶν αὐτῶν, κατὰ δήμους αὐτῶν· πᾶν ἀρσενικὸν ἀπὸ μηνιαίου καὶ ἐπάνω ἐπισκέψασθε αὐτούς.",19,ܡܢܝ ܠܒ̈ܢܝ ܠܘܝ ܠܒܝܬ ܐܒܗܝ̈ܗܘܢ ܠܫܪܒܬܗܘܢ. ܟܠ ܕܟܪܐ ܡܢ ܒܪ ܝܪܚܐ ܘܠܥܠ. ܬܡܢܐ ܐܢܘܢ.,14,"Conta os filhos de Levi, segundo as casas de seus pais, pelas suas famílias; contarás todo homem da idade de um mês, para cima.",24,True,True,True
3,16,Números 3:16,וַיִּפְקֹ֥ד אֹתָ֛ם מֹשֶׁ֖ה עַל־ פִּ֣י יְהוָ֑ה כַּאֲשֶׁ֖ר צֻוָּֽה ׃,ויפקד אתמ משה על פי יהוה כאשר צוה,9,ומנא יתהון משה על מימרא דיי כמא דאתפקד:,8,"καὶ ἐπεσκέψαντο αὐτοὺς Μωυσῆς καὶ Ἀαρὼν διὰ φωνῆς Κυρίου, ὃν τρόπον συνέταξεν αὐτοῖς Κύριος.",14,ܘܡܢܐ ܐܢܘܢ ܡܘܫܐ ܒܡܠܬ ܦܘܡܗ ܕܡܪܝܐ ܐܝܟ ܕܐܬܦܩܕ.,8,"E Moisés os contou conforme o mandado do Senhor, como lhe fora ordenado.",13,True,True,True
3,17,Números 3:17,וַיִּֽהְיוּ־ אֵ֥לֶּה בְנֵֽי־ לֵוִ֖י בִּשְׁמֹתָ֑ם גֵּרְשׁ֕וֹן וּקְהָ֖ת וּמְרָרִֽי ׃,ויהיו אלה בני לוי בשמתמ גרשונ וקהת ומררי,9,והוו אלין בני לוי בשמהתהון גרשון וקהת ומררי:,8,"καὶ ἦσαν οὗτοι οἱ υἱοὶ Λευεὶ ἐξ ὀνομάτων αὐτῶν· Γεδσών, Καὰθ καὶ Μεραρεί.",13,ܘܗܘܘ ܗܠܝܢ ܒܢ̈ܝ ܠܘܝ ܒܫܡܗܝ̈ܗܘܢ. ܓܪܫܘܢ ܘܩܗܬ ܘܡܪܪܝ.,8,"Estes, pois, foram os filhos de Levi, pelos seus nomes: Gérson, Coate e Merári.",14,True,True,True
3,18,Números 3:18,וְאֵ֛לֶּה שְׁמ֥וֹת בְּֽנֵי־ גֵרְשׁ֖וֹן לְמִשְׁפְּחֹתָ֑ם לִבְנִ֖י וְשִׁמְעִֽי ׃,ואלה שמות בני גרשונ למשפחתמ לבני ושמעי,8,ואלין שמהת בני גרשון לזרעיתהון לבני ושמעי:,7,καὶ ταῦτα τὰ ὀνόματα τῶν υἱῶν Γεδσὼν κατὰ δήμους αὐτῶν· Λοβενεὶ καὶ Σεμεεί.,13,ܘܗܠܝܢ ܫܡ̈ܗܐ ܕܒܢ̈ܝ ܓܪܫܘܢ ܠܫܪ̈ܒܬܗܘܢ ܠܒܢܝ ܘܫܡܥܝ .,8,E estes são os nomes dos filhos de Gérson pelas suas famílias: Líbni e Simei.,15,True,True,True
3,19,Números 3:19,וּבְנֵ֥י קְהָ֖ת לְמִשְׁפְּחֹתָ֑ם עַמְרָ֣ם וְיִצְהָ֔ר חֶבְר֖וֹן וְעֻזִּיאֵֽל ׃,ובני קהת למשפחתמ עמרמ ויצהר חברונ ועזיאל,8,ובני קהת לזרעיתהון עמרם ויצהר חברון ועזיאל:,7,"καὶ υἱοὶ Καὰθ κατὰ δήμους αὐτῶν· Ἀμρὰμ καὶ Ἰσσαάρ, Χεβρὼν καὶ Ὀζειήλ.",12,ܘܒܢ̈ܝ ܩܗܬ ܠܫܪ̈ܒܬܗܘܢ. ܥܡܪܡ ܘܝܨܗܪ. ܘܚܒܪܘܢ ܘܥܘܙܝܠ.,7,"E os filhos de Coate, pelas suas famílias: Anrão, Izar, Hebrom e Uziel.",13,True,True,True
3,20,Números 3:20,וּבְנֵ֧י מְרָרִ֛י לְמִשְׁפְּחֹתָ֖ם מַחְלִ֣י וּמוּשִׁ֑י אֵ֥לֶּה הֵ֛ם מִשְׁפְּחֹ֥ת הַלֵּוִ֖י לְבֵ֥ית אֲבֹתָֽם ׃,ובני מררי למשפחתמ מחלי ומושי אלה המ משפחת הלוי לבית אבתמ,12,ובני מררי לזרעיתהון מחלי ומושי אלין אנון זרעית לואי לבית אבהתהון:,11,καὶ υἱοὶ Μεραρεὶ κατὰ δήμους αὐτῶν· Μοολεὶ καὶ Ὀμουσεί. οὗτοί εἰσιν δῆμοι τῶν Λευειτῶν κατ᾽ οἴκους πατριῶν αὐτῶν.,18,ܘܒܢ̈ܝ ܡܪܪܝ ܠܫܪ̈ܒܬܗܘܢ ܡܚܠܝ ܘܡܘܫܝ. ܗܠܝܢ ܐܢܝ̈ܢ ܫܪ̈ܒܬܐ ܕܠܘܝ̈ܐ ܠܒܝܬ ܐ̈ܒܗܝܗܘܢ.,11,"E os filhos de Merári, pelas suas famílias: Mali e Musi. São essas as famílias dos levitas, segundo as casas de seus pais.",23,True,True,True
3,21,Números 3:21,לְגֵ֣רְשׁ֔וֹן מִשְׁפַּ֨חַת֙ הַלִּבְנִ֔י וּמִשְׁפַּ֖חַת הַשִּׁמְעִ֑י אֵ֣לֶּה הֵ֔ם מִשְׁפְּחֹ֖ת הַגֵּרְשֻׁנִּֽי ׃,לגרשונ משפחת הלבני ומשפחת השמעי אלה המ משפחת הגרשני,10,לגרשון זרעית לבני וזרעית שמעי אלין אנון זרעית גרשון:,9,Τῷ Γεδσὼν δῆμος τοῦ Λοβενεὶ καὶ δῆμος τοῦ Σεμεεί· οὗτοι δῆμοι τοῦ Γεδσών.,13,ܠܓܪܫܘܢ ܫܪܒܬܐ ܕܠܒܢܝ ܘܫܪܒܬܐ ܕܫܡܥܝ. ܗܠܝܢ ܐܢܝ̈ܢ ܫܪ̈ܒܬܐ ܕܓܪܫܘܢ.,9,De Gérson era a família dos libnitas e a família dos simeítas. São estas as famílias dos gersonitas.,18,True,True,True
3,22,Números 3:22,פְּקֻדֵיהֶם֙ בְּמִסְפַּ֣ר כָּל־ זָכָ֔ר מִבֶּן־ חֹ֖דֶשׁ וָמָ֑עְלָה פְּקֻ֣דֵיהֶ֔ם שִׁבְעַ֥ת אֲלָפִ֖ים וַחֲמֵ֥שׁ מֵאֽוֹת ׃,פקדיהמ במספר כל זכר מבנ חדש ומעלה פקדיהמ שבעת אלפימ וחמש מאות,13,מניניהון במנין כל דכורא מבר ירחא ולעלא מניניהון שבעא אלפין וחמש מאה:,12,"ἡ ἐπίσκεψις αὐτῶν κατὰ ἀριθμὸν παντὸς ἀρσενικοῦ ἀπὸ μηνιαίου καὶ ἐπάνω, ἡ ἐπίσκεψις αὐτῶν ἑπτακισχίλιοι καὶ πεντακόσιοι.",17,ܘܡܢܝܢܗܘܢ ܒܡܢܝܢܐ ܕܟܠ ܕܟܪܐ ܡܢ ܒܪ ܝܪܚܐ ܘܠܥܠ. ܫܒܥܐ ܐܠܦ̈ܝܢ ܘܚܡܫܡܐܐ.,11,"Os que deles foram contados, segundo o número de todos os homens da idade de um mês para cima, sim, os que deles foram c contados eram sete mil e quinhentos.",31,True,True,True
3,23,Números 3:23,מִשְׁפְּחֹ֖ת הַגֵּרְשֻׁנִּ֑י אַחֲרֵ֧י הַמִּשְׁכָּ֛ן יַחֲנ֖וּ יָֽמָּה ׃,משפחת הגרשני אחרי המשכנ יחנו ימה,7,זרעית גרשון אחורי משכנא ישרון מערבא:,6,καὶ υἱοὶ Γεδσὼν ὀπίσω τῆς σκηνῆς παρὰ θάλασσαν παρεμβαλοῦσιν·,9,ܫܪܒܬܐ ܕܓܪܫܘܢ ܒܣܬܪ ܡܫܟܢܐ ܢܗܘܘܢ ܫ̇ܪܝܢ ܡܢ ܡܥܪܒܐ.,8,"As famílias dos gersonitas acampar-se-ão atrás do tabernáculo, ao ocidente.",10,True,True,True
3,24,Números 3:24,וּנְשִׂ֥יא בֵֽית־ אָ֖ב לַגֵּרְשֻׁנִּ֑י אֶלְיָסָ֖ף בֶּן־ לָאֵֽל ׃,ונשיא בית אב לגרשני אליספ בנ לאל,8,ורב בית אבא לבית גרשון אליסף בר לאל:,8,καὶ ὁ ἄρχων οἴκου πατριᾶς τοῦ δήμου τοῦ Γεδσὼν Ἐλισὰφ υἱὸς Δαήλ.,12,ܘܪܫܐ ܕܒܝܬ ܐܒܗ̈ܐ ܕܓܪܫܘܢ. ܐܠܝܐܣܦ ܒܪ ܐܠܝܒ.,7,"E o príncipe da casa paterna dos gersonitas será Eliasafe, filho de Lael.",13,True,True,True
3,25,Números 3:25,וּמִשְׁמֶ֤רֶת בְּנֵֽי־ גֵרְשׁוֹן֙ בְּאֹ֣הֶל מוֹעֵ֔ד הַמִּשְׁכָּ֖ן וְהָאֹ֑הֶל מִכְסֵ֕הוּ וּמָסַ֕ךְ פֶּ֖תַח אֹ֥הֶל מוֹעֵֽד ׃,ומשמרת בני גרשונ באהל מועד המשכנ והאהל מכסהו ומסכ פתח אהל מועד,13,ומטרת בני גרשון במשכן זמנא משכנא ופרסא חופאיה ופרסא דתרע משכן זמנא:,12,"καὶ ἡ φυλακὴ υἱῶν Γεδσὼν ἐν τῇ σκηνῇ τοῦ μαρτυρίου· ἡ σκηνὴ καὶ τὸ κάλυμμα, καὶ τὸ κατακάλυμμα τῆς θύρας τῆς σκηνῆς τοῦ μαρτυρίου,",24,ܘܡܛܪܬܐ ܕܒܢ̈ܝ ܓܪܫܘܢ ܒܡܫܟܢ ܙܒܢܐ ܡܫܟܢܐ. ܘܐ̈ܦܝ ܬܪܥܐ ܘܦܪܣܗ. ܘܦܪܣܐ ܕܬܪܥܐ ܕܡܫܟܢ ܙܒܢܐ.,13,"E os filhos de Gérson terão a seu cargo na tenda da revelação o tabernáculo e a tenda, a sua coberta e o reposteiro da porta da tenda da revelação,",30,True,True,True
3,26,Números 3:26,וְקַלְעֵ֣י הֶֽחָצֵ֗ר וְאֶת־ מָסַךְ֙ פֶּ֣תַח הֶֽחָצֵ֔ר אֲשֶׁ֧ר עַל־ הַמִּשְׁכָּ֛ן וְעַל־ הַמִּזְבֵּ֖חַ סָבִ֑יב וְאֵת֙ מֵֽיתָרָ֔יו לְכֹ֖ל עֲבֹדָתֽוֹ ׃,וקלעי החצר ואת מסכ פתח החצר אשר על המשכנ ועל המזבח סביב ואת מיתריו לכל עבדתו,17,וסרדי דדרתא וית פרסא דתרע דרתא די על משכנא ועל מדבחא סחור סחור וית אטונוהי לכל פולחניה:,17,"καὶ τὰ ἱστία τῆς αὐλῆς, καὶ τὸ καταπέτασμα τῆς πύλης τῆς αὐλῆς τῆς οὔσης ἐπὶ τῆς σκηνῆς, καὶ τὰ κατάλοιπα πάντων τῶν ἔργων αὐτοῦ.",24,ܘܓ̈ܠܓܐ ܕܕܪܬܐ. ܘܦܪܣܐ ܕܬܪܥܐ ܕܕܪܬܐ. ܕܥܠ ܡܫܟܢܐ ܘܥܠ ܡܕܒܚܐ ܟܕ ܚܕܪ. ܘܛܘܢ̈ܒܘܗܝ ܘܟܠܗܘܢ ܦܘܠܚ̈ܢܘܗܝ.,14,"e as cortinas do átrio, e o reposteiro da porta do átrio, que está junto ao tabernáculo e junto ao altar, em redor, como também as suas cordas para todo o seu serviço.",33,True,True,True
3,27,Números 3:27,וְלִקְהָ֗ת מִשְׁפַּ֤חַת הַֽעַמְרָמִי֙ וּמִשְׁפַּ֣חַת הַיִּצְהָרִ֔י וּמִשְׁפַּ֨חַת֙ הַֽחֶבְרֹנִ֔י וּמִשְׁפַּ֖חַת הָֽעָזִּיאֵלִ֑י אֵ֥לֶּה הֵ֖ם מִשְׁפְּחֹ֥ת הַקְּהָתִֽי ׃,ולקהת משפחת העמרמי ומשפחת היצהרי ומשפחת החברני ומשפחת העזיאלי אלה המ משפחת הקהתי,14,ולקהת זרעית עמרם וזרעית יצהר וזרעית חברון וזרעית עזיאל אלין אנון זרעית קהת:,13,"Τῷ Καὰθ δῆμος ὁ Ἀμραμείς, καὶ δῆμος ὁ Σαριείς, καὶ δῆμος ὁ Χεβρωνείς, καὶ δῆμος ὁ Ὀζειηλείς· οὗτοί εἰσιν δῆμοι τοῦ Καὰθ",22,ܘܠܩܗܬ ܫܪܒܬܐ ܕܥܡܪܡ ܘܫܪܒܬܐ ܕܝܨܗܪ. ܘܫܪܒܬܐ ܕܚܒܪܘܢ. ܘܫܪܒܬܐ ܕܥܘܙܝܠ. ܗܠܝܢ ܐܢܝܢ ܫܪ̈ܒܬܐ ܕܩܗܬ.,13,"De Coate era a família dos anramitas, e a família dos izaritas, e a família dos hebronitas, e a família dos uzielitas; são estas as famílias dos coatitas.",28,True,True,True
3,28,Números 3:28,בְּמִסְפַּר֙ כָּל־ זָכָ֔ר מִבֶּן־ חֹ֖דֶשׁ וָמָ֑עְלָה שְׁמֹנַ֤ת אֲלָפִים֙ וְשֵׁ֣שׁ מֵא֔וֹת שֹׁמְרֵ֖י מִשְׁמֶ֥רֶת הַקֹּֽדֶשׁ ׃,במספר כל זכר מבנ חדש ומעלה שמנת אלפימ ושש מאות שמרי משמרת הקדש,14,במנין כל דכורא מבר ירחא ולעלא תמניא אלפין ושית מאה נטרי מטרתא דקודשא:,13,"κατὰ ἀριθμόν, πᾶν ἀρσενικὸν ἀπὸ μηνιαίου καὶ ἐπάνω, ὀκτακισχίλιοι καὶ ἑξακόσιοι, φυλάσσοντες τὰς φυλακὰς τῶν ἁγίων.",16,ܘܡܢܝܢܗܘܢ ܒܡܢܝܢܐ ܕܟܠ ܕܟܪܐ ܡܢ ܒܪ ܝܪܚܐ ܘܠܥܠ. ܬܡܢܝܐ ܐܠܦ̈ܝܢ. ܘܫܬܡܐܐ ܢܛ̇ܪ̈ܝ ܡܛܪܬܐ ܕܩܘܕܫܐ.,14,"Segundo o número de todos os homens da idade de um mês para cima, eram oito mil e seiscentos os que tinham a seu cargo o santuário.",27,True,True,True
3,29,Números 3:29,מִשְׁפְּחֹ֥ת בְּנֵי־ קְהָ֖ת יַחֲנ֑וּ עַ֛ל יֶ֥רֶךְ הַמִּשְׁכָּ֖ן תֵּימָֽנָה ׃,משפחת בני קהת יחנו על ירכ המשכנ תימנה,9,זרעית בני קהת ישרון על צדא דמשכנא דרומא:,8,οἱ δῆμοι τῶν υἱῶν Καὰθ παρεμβαλοῦσιν ἐκ πλαγίων τῆς σκηνῆς κατὰ λίβα·,12,ܘܫܪܒܬܐ ܕܒܝܬ ܩܗܬ. ܢܫܪܘܢ ܥܠ ܫܦܘ̈ܠܘܗܝ ܕܡܫܟܢܐ ܡܢ ܬܝܡܢܐ.,9,As famílias dos filhos de Coate acampar-se-ão ao lado do tabernáculo para a banda do sul.,16,True,True,True
3,30,Números 3:30,וּנְשִׂ֥יא בֵֽית־ אָ֖ב לְמִשְׁפְּחֹ֣ת הַקְּהָתִ֑י אֶלִיצָפָ֖ן בֶּן־ עֻזִּיאֵֽל ׃,ונשיא בית אב למשפחת הקהתי אליצפנ בנ עזיאל,9,ורב בית אבא לזרעית קהת אליצפן בר עזיאל:,8,καὶ ὁ ἄρχων οἴκου πατριῶν τῶν δήμων τοῦ Καὰθ Ἐλεισαφὰν υἱὸς Ὀζειήλ.,12,ܘܪܫܐ ܕܒܝܬ ܐܒ̈ܗܐ ܕܫܪܒܬܐ ܕܩܗܬ. ܐܠܝܨܦܢ ܒܪ ܥܘܙܝܠ.,8,"E o príncipe da casa paterna das famílias dos coatitas será Elizafã, filho de Uziel.",15,True,True,True
3,31,Números 3:31,וּמִשְׁמַרְתָּ֗ם הָאָרֹ֤ן וְהַשֻּׁלְחָן֙ וְהַמְּנֹרָ֣ה וְהַֽמִּזְבְּחֹ֔ת וּכְלֵ֣י הַקֹּ֔דֶשׁ אֲשֶׁ֥ר יְשָׁרְת֖וּ בָּהֶ֑ם וְהַ֨מָּסָ֔ךְ וְכֹ֖ל עֲבֹדָתֽוֹ ׃,ומשמרתמ הארנ והשלחנ והמנרה והמזבחת וכלי הקדש אשר ישרתו בהמ והמסכ וכל עבדתו,14,ומטרתהון ארונא ופתורא ומנרתא ומדבחא ומני קודשא די ישמשון בהון ופרסא וכל פלחניה:,13,"καὶ ἡ φυλακὴ αὐτῶν ἡ κιβωτὸς καὶ ἡ τράπεζα καὶ ἡ λυχνία καὶ τὰ θυσιαστήρια, καὶ τὰ σκεύη τοῦ ἁγίου ὅσα λειτουργοῦσιν ἐν αὐτοῖς, καὶ τὸ κατακάλυμμα καὶ πάντα τὰ ἔργα αὐτῶν.",32,ܘܡܛܪܬܗܘܢ ܩܒܘܬܐ ܘܦܬܘܪܐ ܘܡܢܪܬܐ ܘܡܕܒܚܐ ܘܡ̈ܐܢܝ ܩܘܕܫܐ ܕܡܫܡܫܝܢ ܒܗܘܢ. ܘܐ̈ܦܝ ܬܪܥܐ ܘܟܘܠܗ ܦܘܠܚܢܗ.,13,"Eles terão a seu cargo a arca e a mesa, o candelabro, os altares e os utensílios do santuário com que ministram, e o reposteiro com todo o seu serviço.",30,True,True,True
3,32,Números 3:32,וּנְשִׂיא֙ נְשִׂיאֵ֣י הַלֵּוִ֔י אֶלְעָזָ֖ר בֶּן־ אַהֲרֹ֣ן הַכֹּהֵ֑ן פְּקֻדַּ֕ת שֹׁמְרֵ֖י מִשְׁמֶ֥רֶת הַקֹּֽדֶשׁ ׃,ונשיא נשיאי הלוי אלעזר בנ אהרנ הכהנ פקדת שמרי משמרת הקדש,12,ואמרכלא דממנא על רברבי לואי אלעזר בר אהרן כהנא דמתחות ידוהי ממנן נטרי מטרת קודשא:,15,"καὶ ὁ ἄρχων ἐπὶ τῶν ἀρχόντων τῶν Λευειτῶν Ἐλεαζὰρ ὁ υἱὸς Ἀαρὼν τοῦ ἱερέως, καθεσταμένος φυλάσσειν τὰς φυλακὰς τῶν ἁγίων.",20,ܘܪܫܐ ܕܪ̈ܫܐ ܕܠܘ̈ܝܐ ܐܠܝܥܙܪ ܒܪܗ ܕܐܗܪܘܢ ܟܗܢܐ . ܕܫܠܝܛ ܥܠ ܢ̇ܛܪ̈ܝ ܡܛܪܬܐ ܕܩܘܕܫܐ.,13,"E o príncipe dos príncipes de Levi será Eleazar, filho de Arão, o sacerdote; ele terá a superintendência dos que têm a seu cargo o santuário.",26,True,True,True
3,33,Números 3:33,לִמְרָרִ֕י מִשְׁפַּ֨חַת֙ הַמַּחְלִ֔י וּמִשְׁפַּ֖חַת הַמּוּשִׁ֑י אֵ֥לֶּה הֵ֖ם מִשְׁפְּחֹ֥ת מְרָרִֽי ׃,למררי משפחת המחלי ומשפחת המושי אלה המ משפחת מררי,10,למררי זרעית מחלי וזרעית מושי אלין אנון זרעית מררי:,9,Τῷ Μεραρεὶ δῆμος ὁ Μοολεὶ καὶ δῆμος ὁ Μουσεί· οὗτοί εἰσιν δῆμοι Μεραρεί.,13,ܘܕܡܪܪܝ ܫܪܒܬܐ ܕܡܚܠܝ ܘܫܪܒܬܐ ܕܡܘܫܝ. ܗܠܝܢ ܐܢܝܢ ܫܪ̈ܒܬܐ ܕܡܪܪܝ.,9,De Merári era a família dos malitas e a família dos musitas; são estas as famílias de Merári.,18,True,True,True
3,34,Números 3:34,וּפְקֻדֵיהֶם֙ בְּמִסְפַּ֣ר כָּל־ זָכָ֔ר מִבֶּן־ חֹ֖דֶשׁ וָמָ֑עְלָה שֵׁ֥שֶׁת אֲלָפִ֖ים וּמָאתָֽיִם ׃,ופקדיהמ במספר כל זכר מבנ חדש ומעלה ששת אלפימ ומאתימ,11,ומניניהון במנין כל דכורא מבר ירחא ולעלא שתא אלפין ומאתן:,10,"ἡ ἐπίσκεψις αὐτῶν κατὰ ἀριθμόν, πᾶν ἀρσενικὸν ἀπὸ μηνιαίου καὶ ἐπάνω, ἑξακισχίλιοι καὶ πεντήκοντα·",14,ܘܡܢܝܢܗܘܢ ܒܡܢܝܢܐ ܕܟܠ ܕܟܪܐ ܡܢ ܒܪ ܝܪܚܐ ܘܠܥܠ. ܫܬܐ ܐ̈ܠܦܝܢ ܘܡܐܬܝܢ.,11,"Os que deles foram contados, segundo o número de todos os homens de um mês para cima, eram seis mil e duzentos.",22,True,True,True
3,35,Números 3:35,וּנְשִׂ֤יא בֵֽית־ אָב֙ לְמִשְׁפְּחֹ֣ת מְרָרִ֔י צוּרִיאֵ֖ל בֶּן־ אֲבִיחָ֑יִל עַ֣ל יֶ֧רֶךְ הַמִּשְׁכָּ֛ן יַחֲנ֖וּ צָפֹֽנָה ׃,ונשיא בית אב למשפחת מררי צוריאל בנ אביחיל על ירכ המשכנ יחנו צפנה,14,ורב בית אבא לזרעית מררי צוריאל בר אביחיל על צדא דמשכנא ישרון צפונא:,13,καὶ ὁ ἄρχων οἴκου πατριᾶς τοῦ δήμου τοῦ Μεραρεὶ Σουριὴλ υἱὸς Ἀβειχάιλ· ἐκ πλαγίων τῆς σκηνῆς παρεμβαλοῦσιν πρὸς βορρᾶν.,19,ܘܪܫܐ ܕܒܝܬ ܐܒ̈ܗܐ ܕܫܪܒܬܐ ܕܡܪܪܝ. ܨܘܪܝܐܝܠ ܒܪ ܐܒܚܝܠ ܥܠ ܫܦ̈ܘܠܘܗܝ ܕܡܫܟܢܐ. ܢܗܘܘܢ ܫ̇ܪܝܢ ܡܢ ܓܪܒܝܐ.,15,"E o príncipe da casa paterna das famílias de Merári será Zuriel, filho de Abiail; eles se acamparão ao lado do tabernáculo, para a banda do norte.",27,True,True,True
3,36,Números 3:36,וּפְקֻדַּ֣ת מִשְׁמֶרֶת֮ בְּנֵ֣י מְרָרִי֒ קַרְשֵׁי֙ הַמִּשְׁכָּ֔ן וּבְרִיחָ֖יו וְעַמֻּדָ֣יו וַאֲדָנָ֑יו וְכָל־ כֵּלָ֔יו וְכֹ֖ל עֲבֹדָתֽוֹ ׃,ופקדת משמרת בני מררי קרשי המשכנ ובריחיו ועמדיו ואדניו וכל כליו וכל עבדתו,14,ודי מסיר למטרת בני מררי דפי משכנא ועברוהי ועמודוהי וסמכוהי וכל מנוהי וכל פולחניה:,14,"ἡ ἐπίσκεψις ἡ φυλακὴ υἱῶν Μεραρεί· τὰς κεφαλίδας τῆς σκηνῆς καὶ τοὺς μοχλοὺς αὐτῆς καὶ τοὺς στύλους αὐτῆς καὶ τὰς βάσεις αὐτῆς, καὶ πάντα τὰ σκεύη αὐτῶν καὶ τὰ ἔργα αὐτῶν,",31,ܘܫܘܠܛܢܐ ܕܡܛܪܬܐ ܕܒ̈ܢܝ ܡܪܪܝ. ܕܦ̈ܐ ܕܡܫܟܢܐ. ܘܡܘܟ̈ܠܘܗܝ ܘܩܝ̈ܡܘܗܝ ܘܣܡ̈ܟܘܗܝ ܘܟܠ ܡܐܢܘ̈ܗܝ ܘܟܠܗ ܦܘܠܚܢܗ.,13,"Por designação os filhos de Merári terão a seu cargo as armações do tabernáculo e os seus travessões, as suas colunas e as suas bases, e todos os seus pertences, com todo o seu serviço,",35,True,True,True
3,37,Números 3:37,וְעַמֻּדֵ֧י הֶחָצֵ֛ר סָבִ֖יב וְאַדְנֵיהֶ֑ם וִיתֵדֹתָ֖ם וּמֵֽיתְרֵיהֶֽם ׃,ועמדי החצר סביב ואדניהמ ויתדתמ ומיתריהמ,7,ועמודי דדרתא סחור סחור וסמכיהון וסכיהון ואטוניהון:,7,"καὶ τοὺς στύλους τῆς αὐλῆς κύκλῳ καὶ τὰς βάσεις αὐτῶν, καὶ τοὺς πασσάλους καὶ τοὺς κάλους αὐτῶν.",17,ܘܥܡ̈ܘܕܐ ܕܕܪܬܐ ܟܕ ܚܕܪܝܢ. ܘܛܘܢܒ̈ܝܗܘܢ ܘܣܡ̈ܟܝܗܘܢ ܘܓܠܓܝ̈ܗܘܢ .,8,"e as colunas do átrio em redor e as suas bases, as suas estacas e as suas cordas.",18,True,True,True
3,38,Números 3:38,וְהַחֹנִ֣ים לִפְנֵ֣י הַמִּשְׁכָּ֡ן קֵ֣דְמָה לִפְנֵי֩ אֹֽהֶל־ מוֹעֵ֨ד ׀ מִזְרָ֜חָה מֹשֶׁ֣ה ׀ וְאַהֲרֹ֣ן וּבָנָ֗יו שֹֽׁמְרִים֙ מִשְׁמֶ֣רֶת הַמִּקְדָּ֔שׁ לְמִשְׁמֶ֖רֶת בְּנֵ֣י יִשְׂרָאֵ֑ל וְהַזָּ֥ר הַקָּרֵ֖ב יוּמָֽת ׃,והחנימ לפני המשכנ קדמה לפני אהל מועד מזרחה משה ואהרנ ובניו שמרימ משמרת המקדש למשמרת בני ישראל והזר הקרב יומת,23,ודי שרן קדם משכנא קדומא קדם משכן זמנא מדינחא משה ואהרן ובנוהי נטרין מטרת מקדשא למטרת בני ישראל וחלוני דיקרב יתקטל:,21,"Καὶ οἱ παρεμβάλλοντες κατὰ πρόσωπον τῆς σκηνῆς τοῦ μαρτυρίου ἀπ᾽ ἀνατολῆς Μωυσῆς καὶ Ἀαρὼν καὶ οἱ υἱοὶ αὐτοῦ, φυλάσσοντες τὰς φυλακὰς τοῦ ἁγίου εἰς τὰς φυλακὰς τῶν υἱῶν Ἰσραήλ· καὶ ὁ ἀλλογενὴς ὁ ἁπτόμενος ἀποθανεῖται.",35,ܘܕܫ̇ܪܝܢ ܩܕܡ ܡܫܟܢܐ ܡܢ ܡܕܢܚܐ ܩܕܡ ܡܫܟܢ ܙܒܢܐ ܡܢ ܡܕܢܚܐ . ܡܘܫܐ ܘܐܗܪܘܢ. ܘܒܢܘ̈ܗܝ ܕܢ̇ܛܪܝܢ ܡܛܪܬܐ ܕܩܘܕܫܐ ܥܠ ܡܛܪܬܐ ܕܒ̈ܢܝ ܐܝܣܪܝܠ ܘܢܘܟܪܝܐ ܕܩ̇ܪܒ ܢܬܩܛܠ.,24,"Diante do tabernáculo, para a banda do oriente, diante da tenda da revelação, acampar-se-ão Moisés, e Arão com seus filhos, que terão a seu cargo o santuário, para zelarem pelo cumprimento dos deveres dos filhos de Israel; e o estranho que se chegar será morto.",45,True,True,True
3,39,Números 3:39,כָּל־ פְּקוּדֵ֨י הַלְוִיִּ֜ם אֲשֶׁר֩ פָּקַ֨ד מֹשֶׁ֧ה וְׄאַׄהֲׄרֹ֛ׄןׄ עַל־ פִּ֥י יְהוָ֖ה לְמִשְׁפְּחֹתָ֑ם כָּל־ זָכָר֙ מִבֶּן־ חֹ֣דֶשׁ וָמַ֔עְלָה שְׁנַ֥יִם וְעֶשְׂרִ֖ים אָֽלֶף ׃ ס,כל פקודי הלוימ אשר פקד משה ואהרנ על פי יהוה למשפחתמ כל זכר מבנ חדש ומעלה שנימ ועשרימ אלפ ס,21,כל מניני לואי די מנא משה ואהרן על מימרא דיי לזרעיתהון כל דכורא מבר ירחא ולעלא עשרין ותרין אלפין:,19,"πᾶσα ἡ ἐπίσκεψις τῶν Λευειτῶν οὓς ἐπεσκέψατο Μωυσῆς καὶ Ἀαρὼν διὰ φωνῆς Κυρίου κατὰ δήμους αὐτῶν, πᾶν ἀρσενικὸν ἀπὸ μηνιαίου καὶ ἐπάνω, δύο καὶ εἴκοσι χιλιάδες.",26,ܟܠܗܘܢ ܡܢܝ̈ܢܐ ܕܠܘܝ̈ܐ ܕܡܢܐ ܡܘܫܐ ܒܡܠܬ ܦܘܡܗ ܕܡܪܝܐ. ܟܠ ܕܟܪܐ ܡܢ ܒܪ ܝܪܚܐ ܘܠܥܠ. ܥܣܪ̈ܝܢ ܘܬܪ̈ܝܢ ܐܠܦ̈ܝܢ.,17,"Todos os que foram contados dos levitas, que Moisés e Arão contaram por mandado do Senhor, segundo as suas famílias, todos os homens de um mês para cima, eram vinte e dois mil.",33,True,True,True
3,40,Números 3:40,וַיֹּ֨אמֶר יְהוָ֜ה אֶל־ מֹשֶׁ֗ה פְּקֹ֨ד כָּל־ בְּכֹ֤ר זָכָר֙ לִבְנֵ֣י יִשְׂרָאֵ֔ל מִבֶּן־ חֹ֖דֶשׁ וָמָ֑עְלָה וְשָׂ֕א אֵ֖ת מִסְפַּ֥ר שְׁמֹתָֽם ׃,ויאמר יהוה אל משה פקד כל בכר זכר לבני ישראל מבנ חדש ומעלה ושא את מספר שמתמ,18,ואמר יי למשה מני כל בוכריא דכריא לבני ישראל מבר ירחא ולעלא וקבל ית מנין שמהתהון:,16,"Καὶ εἶπεν Κύριος πρὸς Μωυσῆν λέγων Ἐπίσκεψαι πᾶν πρωτότοκον ἄρσεν τῶν υἱῶν Ἰσραὴλ ἀπὸ μηνιαίου καὶ ἐπάνω, καὶ λάβετε τὸν ἀριθμὸν ἐξ ὀνόματος·",23,ܘܡܠܠ ܡܪܝܐ ܥܡ ܡܘܫܐ ܘܐܡܪ ܠܗ . ܡܢܝ ܟܠ ܒܘܟܪ̈ܐ ܕܟܪ̈ܐ ܕܒ̈ܢܝ ܐܝܣܪܝܠ ܡܢ ܒܪ ܝܪܚܐ ܘܠܥܠ. ܘܩܒܠ ܡܢܝܢܐ ܕܫ̈ܡܗܝܗܘܢ.,20,"Disse mais o Senhor a Moisés: Conta todos os primogênitos dos filhos de Israel, da idade de um mês para cima, e toma o número dos seus nomes.",28,True,True,True
3,41,Números 3:41,וְלָקַחְתָּ֨ אֶת־ הַלְוִיִּ֥ם לִי֙ אֲנִ֣י יְהוָ֔ה תַּ֥חַת כָּל־ בְּכֹ֖ר בִּבְנֵ֣י יִשְׂרָאֵ֑ל וְאֵת֙ בֶּהֱמַ֣ת הַלְוִיִּ֔ם תַּ֣חַת כָּל־ בְּכ֔וֹר בְּבֶהֱמַ֖ת בְּנֵ֥י יִשְׂרָאֵֽל ׃,ולקחת את הלוימ לי אני יהוה תחת כל בכר בבני ישראל ואת בהמת הלוימ תחת כל בכור בבהמת בני ישראל,21,ותקרב ית לואי קדמי אנא יי חלף כל בוכרא בבני ישראל וית בעירא דלואי חלף כל בוכרא בבעירא דבני ישראל:,20,"καὶ λήμψῃ τοὺς Λευείτας ἐμοί, ἐγὼ Κύριος, ἀντὶ πάντων τῶν πρωτοτόκων τῶν υἱῶν Ἰσραήλ, καὶ τὰ κτήνη τῶν Λευειτῶν ἀντὶ πάντων τῶν πρωτοτόκων ἐν τοῖς κτήνεσιν τῶν υἱῶν Ἰσραήλ.",29,ܘܬܩܪܒ ܐܢܘܢ ܠܝ ܠܠܘܝ̈ܐ. ܐܢܐ ܐܢܐ ܡܪܝܐ. ܚܠܦ ܟܠܗܘܢ ܒܘܟܪ̈ܐ ܕܒ̈ܢܝ ܐܝܣܪܝܠ. ܘܒܥܝܪܐ ܕܠܘܝ̈ܐ ܚܠܦ ܟܠܗܘܢ ܒܘܟܪ̈ܐ ܕܒܥܝܪܐ ܕܒ̈ܢܝ ܐܝܣܪܝܠ .,21,"E para mim tomarás os levitas {eu sou o Senhor} em lugar de todos os primogênitos dos filhos de Israel, e o gado dos levitas em lugar de todos os primogênitos entre o gado de Israel.",36,True,True,True
3,42,Números 3:42,וַיִּפְקֹ֣ד מֹשֶׁ֔ה כַּאֲשֶׁ֛ר צִוָּ֥ה יְהוָ֖ה אֹת֑וֹ אֶֽת־ כָּל־ בְּכֹ֖ר בִּבְנֵ֥י יִשְׂרָאֵֽל ׃,ויפקד משה כאשר צוה יהוה אתו את כל בכר בבני ישראל,12,ומנא משה כמא די פקיד יי יתיה ית כל בוכרא בבני ישראל:,12,καὶ ἐπεσκέψατο Μωυσῆς ὃν τρόπον ἐνετείλατο Κύριος πᾶν πρωτότοκον ἐν τοῖς υἱοῖς Ἰσραήλ·,13,ܘܡܢܐ ܡܘܫܐ ܐܝܟ ܕܦܩܕܗ ܡܪܝܐ ܟܠܗܘܢ ܒܘܟܪ̈ܐ ܕܒ̈ܢܝ ܐܝܣܪܝܠ.,9,"Moisés, pois, contou, como o Senhor lhe ordenara, todos os primogênitos entre os filhos de Israel.",16,True,True,True
3,43,Números 3:43,וַיְהִי֩ כָל־ בְּכ֨וֹר זָכָ֜ר בְּמִסְפַּ֥ר שֵׁמ֛וֹת מִבֶּן־ חֹ֥דֶשׁ וָמַ֖עְלָה לִפְקֻדֵיהֶ֑ם שְׁנַ֤יִם וְעֶשְׂרִים֙ אֶ֔לֶף שְׁלֹשָׁ֥ה וְשִׁבְעִ֖ים וּמָאתָֽיִם ׃ פ,ויהי כל בכור זכר במספר שמות מבנ חדש ומעלה לפקדיהמ שנימ ועשרימ אלפ שלשה ושבעימ ומאתימ פ,18,והוו כל בוכריא דכריא במנין שמהן מבר ירחא ולעלא למניניהון עשרין ותרין אלפין מאתן ושבעין ותלתא:,16,"καὶ ἐγένοντο πάντα τὰ πρωτότοκα τὰ ἀρσενικὰ κατὰ ἀριθμὸν ἐξ ὀνόματος ἀπὸ μηνιαίου καὶ ἐπάνω ἐκ τῆς ἐπισκέψεως αὐτῶν δύο καὶ εἴκοσι χιλιάδες, τρεῖς καὶ ἑβδομήκοντα καὶ διακόσιοι.",28,ܘܗܘܘ ܟܠ ܒܘܟܪ̈ܐ ܕܟܪ̈ܐ ܒܡܢܝܢ ܫܡ̈ܗܐ ܡܢ ܒܪ ܝܪܚܐ ܘܠܥܠ. ܡܢܝܢܗܘܢ ܥܣܪܝܢ ܘܬܪܝܢ ܐܠܦ̈ܝܢ ܘܡܐܬܝܢ. ܘܫܒܥܝܢ ܘܬܠܬܐ.,17,"E todos os primogênitos, pelo número dos nomes, da idade de um mês para cima, segundo os que foram contados deles, eram vinte e dois mil duzentos e setenta e três.",31,True,True,True
3,44,Números 3:44,וַיְדַבֵּ֥ר יְהוָ֖ה אֶל־ מֹשֶׁ֥ה לֵּאמֹֽר ׃,וידבר יהוה אל משה לאמר,6,ומליל יי עם משה למימר:,5,Καὶ ἐλάλησεν Κύριος πρὸς Μωυσῆν λέγων,6,ܘܡܠܠ ܡܪܝܐ ܥܡ ܡܘܫܐ ܘܐܡܪ ܠܗ.,6,Disse ainda mais o Senhor a Moisés:,7,True,True,True
3,45,Números 3:45,קַ֣ח אֶת־ הַלְוִיִּ֗ם תַּ֤חַת כָּל־ בְּכוֹר֙ בִּבְנֵ֣י יִשְׂרָאֵ֔ל וְאֶת־ בֶּהֱמַ֥ת הַלְוִיִּ֖ם תַּ֣חַת בְּהֶמְתָּ֑ם וְהָיוּ־ לִ֥י הַלְוִיִּ֖ם אֲנִ֥י יְהוָֽה ׃,קח את הלוימ תחת כל בכור בבני ישראל ואת בהמת הלוימ תחת בהמתמ והיו לי הלוימ אני יהוה,19,קרב ית לואי חלף כל בוכרא בבני ישראל וית בעירא דלואי חלף בעירהון ויהון משמשין קדמי לואי אנא יי:,19,"Λάβετε τοὺς Λευείτας ἀντὶ πάντων τῶν πρωτοτόκων τῶν υἱῶν Ἰσραήλ, καὶ τὰ κτήνη τῶν Λευειτῶν ἀντὶ τῶν κτηνῶν αὐτῶν, καὶ ἔσονται ἐμοὶ οἱ Λευεῖται· ἐγὼ Κύριος.",26,ܩܪܒ ܠܠܘܝ̈ܐ ܚܠܦ ܟܠ ܒܘܟܪ̈ܐ ܕܒ̈ܢܝ ܐܝܣܪܝܠ ܘܒܥܝܪܐ ܕܠܘܝ̈ܐ ܚܠܦ ܒܥܝܪܗܘܢ. ܘܢܗܘܘܢ ܠܝ ܠܘܝ̈ܐ. ܐܢܐ ܐܢܐ ܡܪܝܐ.,17,"Toma os levitas em lugar de todos os primogênitos entre os filhos de Israel, e o gado dos levitas em lugar do gado deles; porquanto os levitas serão meus. Eu sou o Senhor.",33,True,True,True
3,46,Números 3:46,וְאֵת֙ פְּדוּיֵ֣י הַשְּׁלֹשָׁ֔ה וְהַשִּׁבְעִ֖ים וְהַמָּאתָ֑יִם הָעֹֽדְפִים֙ עַל־ הַלְוִיִּ֔ם מִבְּכ֖וֹר בְּנֵ֥י יִשְׂרָאֵֽל ׃,ואת פדויי השלשה והשבעימ והמאתימ העדפימ על הלוימ מבכור בני ישראל,12,וית פרקן מאתן ושבעין ותלתא דיתירין על לואי מבוכריא דבני ישראל:,11,"καὶ τὰ λύτρα, τρεῖς καὶ ἑβδομήκοντα καὶ διακόσιοι, οἱ πλεονάζοντες παρὰ τοὺς Λευείτας ἀπὸ τῶν πρωτοτόκων τῶν υἱῶν Ἰσραήλ·",19,ܘܦܘܪܩܢܐ ܕܡܐܬܝܢ ܘܫܒܥܝܢ ܘܬܠܬܐ ܕܝܬܝܪܝܢ ܥܠ ܠܘܝ̈ܐ ܒܘܟܪ̈ܐ ܕܒܢ̈ܝ ܐܝܣܪܝܠ.,10,"Pela redenção dos duzentos e setenta e três primogênitos dos filhos de Israel, que excedem o número dos levitas,",19,True,True,True
3,47,Números 3:47,וְלָקַחְתָּ֗ חֲמֵ֧שֶׁת חֲמֵ֛שֶׁת שְׁקָלִ֖ים לַגֻּלְגֹּ֑לֶת בְּשֶׁ֤קֶל הַקֹּ֨דֶשׁ֙ תִּקָּ֔ח עֶשְׂרִ֥ים גֵּרָ֖ה הַשָּֽׁקֶל ׃,ולקחת חמשת חמשת שקלימ לגלגלת בשקל הקדש תקח עשרימ גרה השקל,12,ותסב חמש חמש סלעין לגלגלתא בסלעי קודשא תסב עשרין מעין סלעא:,11,"καὶ λήμψῃ πέντε σίκλους κατὰ κεφαλήν, κατὰ τὸ δίδραχμον τὸ ἅγιον λήμψῃ, εἴκοσι ὀβολοὺς τοῦ σίκλου·",16,ܣܒ ܚܡܫܐ ܚܡܫܐ ܡܬ̈ܩܠܝܢ ܠܪܝܫܐ ܒܡܬܩܠܐ ܕܩܘܕܫܐ. ܣܒ ܥܣܪ̈ܝܢ ܡ̈ܥܝܢ ܠܡܬܩܠܐ.,11,"receberás por cabeça cinco siclos; conforme o siclo do santuário os receberás {o siclo tem vinte jeiras},",17,True,True,True
3,48,Números 3:48,וְנָתַתָּ֣ה הַכֶּ֔סֶף לְאַהֲרֹ֖ן וּלְבָנָ֑יו פְּדוּיֵ֕י הָעֹדְפִ֖ים בָּהֶֽם ׃,ונתתה הכספ לאהרנ ולבניו פדויי העדפימ בהמ,8,ותתן כספא לאהרן ולבנוהי פרקן דיתירין בהון:,7,"καὶ δώσεις τὸ ἀργύριον Ἀαρὼν καὶ τοῖς υἱοῖς αὐτοῦ, λύτρα τῶν πλεοναζόντων ἐν αὐτοῖς.",14,ܘܗܒܝܗܝ ܟܣܦܐ ܕܦܘܪܩܢܐ. ܕܐܝܠܝܢ ܕܝܬܝܪܝܢ ܒܗܘܢ. ܠܐܗܪܘܢ ܘܠܒܢܘܗܝ.,8,e darás a Arão e a seus filhos o dinheiro da redenção dos que excedem o número entre eles.,19,True,True,True
3,49,Números 3:49,וַיִּקַּ֣ח מֹשֶׁ֔ה אֵ֖ת כֶּ֣סֶף הַפִּדְי֑וֹם מֵאֵת֙ הָעֹ֣דְפִ֔ים עַ֖ל פְּדוּיֵ֥י הַלְוִיִּֽם ׃,ויקח משה את כספ הפדיומ מאת העדפימ על פדויי הלוימ,11,ונסיב משה ית כסף פרקנהון מן דיתירין על פריקי לואי:,10,"καὶ ἔλαβεν Μωυσῆς τὸ ἀργύριον, τὰ λύτρα τῶν πλεοναζόντων, εἰς τὴν ἐκλύτρωσιν τῶν Λευειτῶν·",14,ܘܢܣܒ ܡܘܫܐ ܟܣܦܐ ܕܦܘܪܩܢܐ. ܡܢ ܗܢܘܢ ܕܝܬܝܪܝܢ ܥܠ ܦܘܪܩܢܐ ܕܠܘܝ̈ܐ.,10,Então Moisés recebeu o dinheiro da redenção dos que excederam o número dos que foram remidos pelos levitas;,18,True,True,True
3,50,Números 3:50,מֵאֵ֗ת בְּכ֛וֹר בְּנֵ֥י יִשְׂרָאֵ֖ל לָקַ֣ח אֶת־ הַכָּ֑סֶף חֲמִשָּׁ֨ה וְשִׁשִּׁ֜ים וּשְׁלֹ֥שׁ מֵא֛וֹת וָאֶ֖לֶף בְּשֶׁ֥קֶל הַקֹּֽדֶשׁ ׃,מאת בכור בני ישראל לקח את הכספ חמשה וששימ ושלש מאות ואלפ בשקל הקדש,15,מן בוכריא דבני ישראל נסיב ית כספא אלף ותלת מאה ושתין וחמש סלעין בסלעי קודשא:,15,"παρὰ τῶν πρωτοτόκων τῶν υἱῶν Ἰσραὴλ ἔλαβεν τὸ ἀργύριον, χιλίους τριακοσίους ἑξήκοντα πέντε σίκλους, κατὰ τὸν σίκλον τὸν ἅγιον.",19,ܡܢ ܒܘܟܪ̈ܐ ܕܒܢ̈ܝ ܐܝܣܪܝܠ. ܘܢܣܒ ܟܣܦܐ. ܐܠܦ ܘܬܠܬܡܐܐ ܘܫܬܝܢ ܘܚܡܫܐ ܡ̈ܬܩܠܝܢ ܒܡܬܩܠܐ ܕܩܘܕܫܐ.,13,"dos primogênitos dos filhos de Israel recebeu o dinheiro, mil trezentos e sessenta e cinco siclos, segundo o siclo do santuário.",21,True,True,True
3,51,Números 3:51,וַיִּתֵּ֨ן מֹשֶׁ֜ה אֶת־ כֶּ֧סֶף הַפְּדֻיִ֛ם לְאַהֲרֹ֥ן וּלְבָנָ֖יו עַל־ פִּ֣י יְהוָ֑ה כַּאֲשֶׁ֛ר צִוָּ֥ה יְהוָ֖ה אֶת־ מֹשֶֽׁה ׃ פ,ויתנ משה את כספ הפדימ לאהרנ ולבניו על פי יהוה כאשר צוה יהוה את משה פ,17,ויהב משה ית כסף פריקיא לאהרן ולבנוהי על מימרא דיי כמא די פקיד יי ית משה:,16,"καὶ ἔδωκεν Μωυσῆς τὰ λύτρα τῶν πλεοναζόντων Ἀαρὼν καὶ τοῖς υἱοῖς αὐτοῦ, διὰ φωνῆς Κυρίου, ὃν τρόπον συνέταξεν Κύριος τῷ Μωυσῇ.",21,ܘܝܗܒ ܡܘܫܐ ܟܣܦܐ ܕܦܘܪܩܢܐ. ܠܐܗܪܘܢ ܘܠܒ̈ܢܘܗܝ ܐܝܟ ܡܠܬ ܦܘܡܗ ܕܡܪܝܐ. ܐܝܟ ܕܦܩܕ ܡܪܝܐ ܠܡܘܫܐ.,14,"E Moisés deu o dinheiro da redenção a Arão e a seus filhos, conforme o Senhor lhe ordenara.",18,True,True,True
4,1,Números 4:1,וַיְדַבֵּ֣ר יְהוָ֔ה אֶל־ מֹשֶׁ֥ה וְאֶֽל־ אַהֲרֹ֖ן לֵאמֹֽר ׃,וידבר יהוה אל משה ואל אהרנ לאמר,8,ומליל יי עם משה ועם אהרן למימר:,7,Καὶ ἐλάλησεν Κύριος πρὸς Μωυσῆν καὶ Ἀαρὼν λέγων,8,ܘܡܠܠ ܡܪܝܐ ܥܡ ܡܘܫܐ ܘܥܡ ܐܗܪܘܢ ܘܐܡܪ ܠܗܘܢ.,8,Disse mais o Senhor a Moisés e a Arão:,9,True,True,True
4,2,Números 4:2,נָשֹׂ֗א אֶת־ רֹאשׁ֙ בְּנֵ֣י קְהָ֔ת מִתּ֖וֹךְ בְּנֵ֣י לֵוִ֑י לְמִשְׁפְּחֹתָ֖ם לְבֵ֥ית אֲבֹתָֽם ׃,נשא את ראש בני קהת מתוכ בני לוי למשפחתמ לבית אבתמ,12,קבילו ית חשבן בני קהת מגו בני לוי לזרעיתהון לבית אבהתהון:,11,"Λάβε τὸ κεφάλαιον τῶν υἱῶν Καὰθ ἐκ μέσου υἱῶν Λευεί, κατὰ δήμους αὐτῶν, κατ᾽ οἴκους πατριῶν αὐτῶν,",17,ܩܒܠܘ ܚܘܫܒܢܐ ܕܒܢ̈ܝ ܩܗܬ ܡܢ ܓܘ ܒܢ̈ܝ ܠܘܝ ܠܫܪ̈ܒܬܗܘܢ ܠܒܝܬ ܐܒܗ̈ܝܗܘܢ.,11,"Tomai a soma dos filhos de Coate, dentre os filhos de Levi, pelas suas famílias, segundo as casas de seus pais,",21,True,True,True
4,3,Números 4:3,מִבֶּ֨ן שְׁלֹשִׁ֤ים שָׁנָה֙ וָמַ֔עְלָה וְעַ֖ד בֶּן־ חֲמִשִּׁ֣ים שָׁנָ֑ה כָּל־ בָּא֙ לַצָּבָ֔א לַעֲשׂ֥וֹת מְלָאכָ֖ה בְּאֹ֥הֶל מוֹעֵֽד ׃,מבנ שלשימ שנה ומעלה ועד בנ חמשימ שנה כל בא לצבא לעשות מלאכה באהל מועד,16,מבר תלתין שנין ולעלא ועד בר חמשין שנין כל דאתי לחילא למעבד עבדתא במשכן זמנא:,15,"ἀπὸ εἴκοσι καὶ πέντε ἐτῶν καὶ ἐπάνω καὶ ἕως πεντήκοντα ἐτῶν, πᾶς ὁ εἰσπορευόμενος λειτουργεῖν ποιῆσαι πάντα τὰ ἔργα ἐν τῇ σκηνῇ τοῦ μαρτυρίου.",24,ܡܢ ܒܪ ܬܠܬܝܢ ܫ̈ܢܝܢ ܘܠܥܠ ܘܥܕܡܐ ܠܒܪ ܚܡܫܝܢ ܫ̈ܢܝܢ. ܟܘܠ ܕܐܬܐ ܒܚܝܠܐ ܠܡܥܒܕ ܥܒܕܐ ܒܡܫܟܢܙܒܢܐ.,15,"da idade de trinta anos para cima até os cinqüenta anos, de todos os que entrarem no serviço para fazerem o trabalho na tenda da revelação.",26,True,True,True
4,4,Números 4:4,זֹ֛את עֲבֹדַ֥ת בְּנֵי־ קְהָ֖ת בְּאֹ֣הֶל מוֹעֵ֑ד קֹ֖דֶשׁ הַקֳּדָשִֽׁים ׃,זאת עבדת בני קהת באהל מועד קדש הקדשימ,9,דין פולחן בני קהת במשכן זמנא קדש קודשיא:,8,καὶ ταῦτα τὰ ἔργα τῶν υἱῶν Καὰθ ἐν τῇ σκηνῇ τοῦ μαρτυρίου· ἅγιον τῶν ἁγίων.,15,ܗܢܐ ܗܘ ܦܘܠܚܢܐ ܕܒܢ̈ܝ ܩܗܬ ܕܒܡܫܟܢܙܒܢܐ ܩܕܘܫ ܩܘܕ̈ܫܐ.,8,"Este será o serviço dos filhos de Coate; na tenda da revelação, no tocante as coisas santíssimas:",17,True,True,True
4,5,Números 4:5,וּבָ֨א אַהֲרֹ֤ן וּבָנָיו֙ בִּנְסֹ֣עַ הַֽמַּחֲנֶ֔ה וְהוֹרִ֕דוּ אֵ֖ת פָּרֹ֣כֶת הַמָּסָ֑ךְ וְכִ֨סּוּ־ בָ֔הּ אֵ֖ת אֲרֹ֥ן הָעֵדֻֽת ׃,ובא אהרנ ובניו בנסע המחנה והורדו את פרכת המסכ וכסו בה את ארנ העדת,15,ויעול אהרן ובנוהי במטל משריתא ויפרקון ית פרכתא דפרסא ויכסון בה ית ארונא דסהדותא:,14,"καὶ εἰσελεύσεται Ἀαρὼν καὶ οἱ υἱοὶ αὐτοῦ ὅταν ἐξαίρῃ ἡ παρεμβολή, καὶ καθελοῦσιν τὸ καταπέτασμα τὸ συσκιάζον, καὶ κατακαλύψουσιν ἐν αὐτῷ τὴν κιβωτὸν τοῦ μαρτυρίου·",25,ܘܢܥܘܠ ܐܗܪܘܢ ܘܒܢ̈ܘܗܝ. ܡܐ ܕܫܩܠܐ ܡܫܪܝܬܐ. ܘܢܚܬܘܢ ܐܦ̈ܝ ܬܪܥܐ ܕܦܪܝܣ . ܘܢܟܣܘܢ ܒܗ ܠܩܒܘܬܐ ܕܣܗܕܘܬܐ.,15,"Quando partir o arraial, Arão e seus filhos entrarão e, abaixando o véu do reposteiro, com ele cobrirão a arca do testemunho;",22,True,True,True
4,6,Números 4:6,וְנָתְנ֣וּ עָלָ֗יו כְּסוּי֙ ע֣וֹר תַּ֔חַשׁ וּפָרְשׂ֧וּ בֶֽגֶד־ כְּלִ֛יל תְּכֵ֖לֶת מִלְמָ֑עְלָה וְשָׂמ֖וּ בַּדָּֽיו ׃,ונתנו עליו כסוי עור תחש ופרשו בגד כליל תכלת מלמעלה ושמו בדיו,13,ויתנון עלוהי חופאה דמשך ססגונא ויפרסון לבוש גמיר תכלא מלעלא וישוון אריחוהי:,12,"καὶ ἐπιθήσουσιν ἐπ᾽ αὐτὸ κατακάλυμμα δέρμα ὑακίνθινον, καὶ ἐπιβαλοῦσιν ἐπ᾽ αὐτὴν ἱμάτιον ὅλον ὑακίνθινον ἄνωθεν, καὶ διεμβαλοῦσιν τοὺς ἀναφορεῖς.",19,ܘܢܦܪܣܘܢ ܥܠܝܗ̇ ܩܪܡܐ ܕܡܫ̈ܟܐ ܕܣܣܓܘܢܐ. ܘܢܦܪܣܘܢ ܢܚܬܐ ܓܡܝܪܐ ܕܬܟܠܬܐ ܡܢ ܠܥܠ. ܘܢܣܝܡܘܢ ܩܘ̈ܦܝܗ̇.,13,"por-lhe-ão por cima uma coberta de peles de golfinhos, e sobre ela estenderão um pano todo de azul, e lhe meterão os varais.",23,True,True,True
4,7,Números 4:7,וְעַ֣ל ׀ שֻׁלְחַ֣ן הַפָּנִ֗ים יִפְרְשׂוּ֮ בֶּ֣גֶד תְּכֵלֶת֒ וְנָתְנ֣וּ עָ֠לָיו אֶת־ הַקְּעָרֹ֤ת וְאֶת־ הַכַּפֹּת֙ וְאֶת־ הַמְּנַקִּיֹּ֔ת וְאֵ֖ת קְשׂ֣וֹת הַנָּ֑סֶךְ וְלֶ֥חֶם הַתָּמִ֖יד עָלָ֥יו יִהְיֶֽה ׃,ועל שלחנ הפנימ יפרשו בגד תכלת ונתנו עליו את הקערת ואת הכפת ואת המנקית ואת קשות הנסכ ולחמ התמיד עליו יהיה,23,ועל פתורא דלחם אפיא יפרסון לבוש תכלא ויתנון עלוהי ית מגיסיא וית בזיכיא וית מכילתא וית קסוות נסוכא ולחם תדירא עלוהי יהי:,22,καὶ ἐπὶ τὴν τράπεζαν τὴν προκειμένην ἐπιβαλοῦσιν ἐπ᾽ αὐτὴν ἱμάτιον ὁλοπόρφυρον καὶ τὰ τρυβλία καὶ τὰς θυίσκας καὶ τοὺς κυάθους καὶ τὰ σπονδεῖα ἐν οἷς σπένδει· καὶ οἱ ἄρτοι οἱ διὰ παντὸς ἐπ᾽ αὐτῆς ἔσονται.,35,ܘܥܠ ܦܬܘܪܐ ܕܐܦ̈ܐ. ܢܦܪܣܘܢ ܢܚܬܐ ܕܬܟܠܬܐ. ܘܢܪܡܘܢ ܒܗ ܡܓ̈ܣܐ ܘܟܦ̈ܐ ܘܡܢ̈ܩܝܬܐ ܘܛܪ̈ܘܠܐ ܕܢܘܩܝܐ. ܘܠܚܡܐ ܐܡܝܢܐܝܬ ܥܠܘܗܝ ܢܗܘܐ.,17,"Sobre a mesa dos pães da proposição estenderão um pano de azul, e sobre ela colocarão os pratos, as colheres, as tigelas e os cântaros para as ofertas de libação; também o pão contínuo estará sobre ela.",37,True,True,True
4,8,Números 4:8,וּפָרְשׂ֣וּ עֲלֵיהֶ֗ם בֶּ֚גֶד תּוֹלַ֣עַת שָׁנִ֔י וְכִסּ֣וּ אֹת֔וֹ בְּמִכְסֵ֖ה ע֣וֹר תָּ֑חַשׁ וְשָׂמ֖וּ אֶת־ בַּדָּֽיו ׃,ופרשו עליהמ בגד תולעת שני וכסו אתו במכסה עור תחש ושמו את בדיו,14,ויפרסון עליהון לבוש צבע זהורי ויכסון יתיה בחופאה דמשך ססגונא וישוון ית אריחוהי:,13,"καὶ ἐπιβαλοῦσιν ἐπ᾽ αὐτὴν ἱμάτιον κόκκινον, καὶ καλύψουσιν αὐτὴν καλύμματι δερματίνῳ ὑακινθίνῳ, καὶ διεμβαλοῦσιν δι᾽ αὐτῆς τοὺς ἀναφορεῖς.",18,ܘܢܦܪܣܘܢ ܥܠܘܗܝ ܢܚܬܐ ܕܙܚܘܪܝܬܐ. ܘܢܟܣܘܢܗ̇ ܒܩܪܡܐ ܕܡ̈ܫܟܐ ܕܣܣܓܘܢܐ ܘܢܣܝܡܘܢ ܩܘ̈ܦܘܗܝ.,10,"Depois estender-lhe-ão por cima um pano de carmesim, o qual cobrirão com uma coberta de peles de golfinhos, e meterão à mesa os varais.",24,True,True,True
4,9,Números 4:9,וְלָקְח֣וּ ׀ בֶּ֣גֶד תְּכֵ֗לֶת וְכִסּ֞וּ אֶת־ מְנֹרַ֤ת הַמָּאוֹר֙ וְאֶת־ נֵ֣רֹתֶ֔יהָ וְאֶת־ מַלְקָחֶ֖יהָ וְאֶת־ מַחְתֹּתֶ֑יהָ וְאֵת֙ כָּל־ כְּלֵ֣י שַׁמְנָ֔הּ אֲשֶׁ֥ר יְשָׁרְתוּ־ לָ֖הּ בָּהֶֽם ׃,ולקחו בגד תכלת וכסו את מנרת המאור ואת נרתיה ואת מלקחיה ואת מחתתיה ואת כל כלי שמנה אשר ישרתו לה בהמ,23,ויסבון לבוש תכלא ויכסון ית מנרתא דאנהורי וית בוצינהא וית צבתהא וית מחתיתהא וית כל מני משחא די ישמשון ליה בהון:,21,"καὶ λήμψονται ἱμάτιον ὑακίνθινον καὶ καλύψουσιν τὴν λυχνίαν τὴν φωτίζουσαν, καὶ τοὺς λύχνους αὐτῆς καὶ τὰς λαβίδας αὐτῆς καὶ τὰς ἐπαρυστρίδας αὐτῆς, καὶ πάντα τὰ ἄγγια τοῦ ἐλαίου οἷς λειτουργοῦσιν ἐν αὐτοῖς·",32,ܘܢܣܒܘܢ ܢܚܬܐ ܕܬܟܠܬܐ ܘܢܟܣܘܢ ܡܢܪܬܐ ܕܡܢܗܪܐ. ܘܫܪ̈ܓܝܗ̇ ܘܡܠܩ̈ܛܝܗ̇. ܘܟܦ̈ܝܗ̇ ܘܟܠܗܘܢ ܡܐ̈ܢܐ ܕܡܫܚܐ ܕܡܫܡܫܝܢ ܠܗ ܒܗܘܢ.,15,"Então tomarão um pano de azul, e cobrirão o candelabro da luminária, as suas lâmpadas, os seus espevitadores, os seus cinzeiros, e todos os seus vasos do azeite, com que o preparam;",32,True,True,True
4,10,Números 4:10,וְנָתְנ֤וּ אֹתָהּ֙ וְאֶת־ כָּל־ כֵּלֶ֔יהָ אֶל־ מִכְסֵ֖ה ע֣וֹר תָּ֑חַשׁ וְנָתְנ֖וּ עַל־ הַמּֽוֹט ׃,ונתנו אתה ואת כל כליה אל מכסה עור תחש ונתנו על המוט,13,ויתנון יתה וית כל מנהא לחופאה דמשך ססגונא ויתנון על אריחא:,11,"καὶ ἐμβαλοῦσιν αὐτὴν καὶ πάντα τὰ σκεύη αὐτῆς εἰς κάλυμμα δερμάτινον ὑακίνθινον, καὶ ἐπιθήσουσιν αὐτὴν ἐπ᾽ ἀναφορέων.",17,ܘܢܪܡܘܢܗ ܘܠܟܠܗܘܢ ܡܐ̈ܢܝܗ̇ ܒܩܪܡܐ ܕܡ̈ܫܟܐ ܕܣܣܓܘܢܐ. ܘܢܪܡܘܢ ܥܠ ܩ̈ܘܦܝܗ̇.,9,"e o envolverão, juntamente com todos os seus utensílios, em uma coberta de peles de golfinhos, e o colocarão sobre os varais.",22,True,True,True
4,11,Números 4:11,וְעַ֣ל ׀ מִזְבַּ֣ח הַזָּהָ֗ב יִפְרְשׂוּ֙ בֶּ֣גֶד תְּכֵ֔לֶת וְכִסּ֣וּ אֹת֔וֹ בְּמִכְסֵ֖ה ע֣וֹר תָּ֑חַשׁ וְשָׂמ֖וּ אֶת־ בַּדָּֽיו ׃,ועל מזבח הזהב יפרשו בגד תכלת וכסו אתו במכסה עור תחש ושמו את בדיו,16,ועל מדבחא דדהבא יפרסון לבוש תכלא ויכסון יתיה בחופאה דמשך ססגונא וישוון ית אריחוהי:,14,"καὶ ἐπὶ τὸ θυσιαστήριον τὸ χρυσοῦν ἐπικαλύψουσιν ἱμάτιον ὑακίνθινον, καὶ καλύψουσιν αὐτὸ καλύμματι δερματίνῳ ὑακινθίνῳ, καὶ διεμβαλοῦσιν τοὺς ἀναφορεῖς αὐτοῦ.",20,ܘܥܠ ܡܕܒܚܐ ܕܕܗܒܐ ܢܦܪܣܘܢ ܢܚܬܐ ܓܡܝܪܐ ܕܬܟܠܬܐ. ܘܢܟܣܘܢܗ ܒܩܪܡܐ ܕܡܫ̈ܟܐ ܕܣܣܓܘܢܐ. ܘܢܪܡܘܢ ܩܘ̈ܦܘܗܝ.,13,"Sobre o altar de ouro estenderão um pano de azul, e com uma coberta de peles de golfinhos o cobrirão, e lhe meterão os varais.",25,True,True,True
4,12,Números 4:12,וְלָקְחוּ֩ אֶת־ כָּל־ כְּלֵ֨י הַשָּׁרֵ֜ת אֲשֶׁ֧ר יְשָֽׁרְתוּ־ בָ֣ם בַּקֹּ֗דֶשׁ וְנָֽתְנוּ֙ אֶל־ בֶּ֣גֶד תְּכֵ֔לֶת וְכִסּ֣וּ אוֹתָ֔ם בְּמִכְסֵ֖ה ע֣וֹר תָּ֑חַשׁ וְנָתְנ֖וּ עַל־ הַמּֽוֹט ׃,ולקחו את כל כלי השרת אשר ישרתו במ בקדש ונתנו אל בגד תכלת וכסו אותמ במכסה עור תחש ונתנו על המוט,22,ויסבון ית כל מני שמושא די ישמשון בהון בקודשא ויתנון ללבוש תכלא ויכסון יתהון בחופאה דמשך ססגונא ויתנון על אריחא:,20,"καὶ λήμψονται πάντα τὰ σκεύη τὰ λειτουργικὰ ὅσα λειτουργοῦσιν ἐν αὐτοῖς ἐν τοῖς ἁγίοις, καὶ ἐμβαλοῦσιν εἰς ἱμάτιον ὑακίνθινον, καὶ καλύψουσιν αὐτὰ καλύμματι δερματίνῳ ὑακινθίνῳ, καὶ ἐπιθήσουσιν ἐπὶ ἀναφορεῖς.",29,ܘܢܣܒܘܢ ܟܠܗܘܢ ܡܐ̈ܢܐ ܕܬܫܡܫܬܐ ܕܡܫܡܫܝܢ ܒܗܘܢ ܒܩܘܕܫܐ . ܘܢܪܡܘܢ ܐܢܘܢ ܒܢܚܬܐ ܕܬܟܠܬܐ. ܘܢܟܣܘܢ ܐܢܘܢ ܒܟܣܝܐ ܕܡ̈ܫܟܐ ܕܣܣܓܘܢܐ. ܘܢܪܡܘܢ ܥܠ ܩ̈ܘܦܐ.,20,"Também tomarão todos os utensílios do ministério, com que servem no santuário, envolvê-los-ão num pano de azul e, cobrindo-os com uma coberta de peles de golfinhos, os colocarão sobre os varais.",31,True,True,True
4,13,Números 4:13,וְדִשְּׁנ֖וּ אֶת־ הַמִּזְבֵּ֑חַ וּפָרְשׂ֣וּ עָלָ֔יו בֶּ֖גֶד אַרְגָּמָֽן ׃,ודשנו את המזבח ופרשו עליו בגד ארגמנ,8,ויספון ית קטמא דמדבחא ויפרסון עלוהי לבוש ארגון:,8,"καὶ τὸν καλυπτῆρα ἐπιθήσει ἐπὶ τὸ θυσιαστήριον, καὶ ἐπικαλύψουσιν ἐπ᾽ αὐτὸ ἱμάτιον ὁλοπόρφυρον·",13,ܘܢܦܪܩܘܢܗ ܠܡܕܒܚܐ ܘܢܦܪܣܘܢ ܥܠܘܗܝ ܢܚܬܐ ܕܐܪܓܘܢܐ.,6,"E, tirando as cinzas do altar, estenderão sobre ele um pano de púrpura;",13,True,True,True
4,14,Números 4:14,וְנָתְנ֣וּ עָ֠לָיו אֶֽת־ כָּל־ כֵּלָ֞יו אֲשֶׁ֣ר יְֽשָׁרְת֧וּ עָלָ֣יו בָּהֶ֗ם אֶת־ הַמַּחְתֹּ֤ת אֶת־ הַמִּזְלָגֹת֙ וְאֶת־ הַיָּעִ֣ים וְאֶת־ הַמִּזְרָקֹ֔ת כֹּ֖ל כְּלֵ֣י הַמִּזְבֵּ֑חַ וּפָרְשׂ֣וּ עָלָ֗יו כְּס֛וּי ע֥וֹר תַּ֖חַשׁ וְשָׂמ֥וּ בַדָּֽיו ׃,ונתנו עליו את כל כליו אשר ישרתו עליו בהמ את המחתת את המזלגת ואת היעימ ואת המזרקת כל כלי המזבח ופרשו עליו כסוי עור תחש ושמו בדיו,28,ויתנון עלוהי ית כל מנוהי די ישמשון עלוהי בהון ית מחתיתא וית צנוריתא וית מגרופיתא וית מזרקיא כל מני מדבחא ויפרסון עלוהי חופאה דמשך ססגונא וישוון אריחוהי:,27,"καὶ ἐπιθήσουσιν ἐπ᾽ αὐτὸ πάντα τὰ σκεύη ὅσοις λειτουργοῦσιν ἐπ᾽ αὐτὸ ἐν αὐτοῖς, καὶ τὰ πύρια καὶ τὰς κρεάγρας καὶ τὰς φιάλας καὶ τὸν καλυπτῆρα καὶ πάντα τὰ σκεύη τοῦ θυσιαστηρίου· καὶ ἐπιβαλοῦσιν ἐπ᾽ αὐτὸ κάλυμμα δερμάτινον ὑακίνθινον, καὶ διεμβαλοῦσιν τοὺς ἀναφορεῖς αὐτοῦ· καὶ λήμψονται ἱμάτιον πορφυροῦν καὶ συνκαλύψουσιν τὸν λουτῆρα καὶ τὴν βάσιν αὐτοῦ, καὶ ἐμβαλοῦσιν αὐτὸ εἰς κάλυμμα δερμάτινον ὑακίνθινον, καὶ ἐπιθήσουσιν ἐπὶ ἀναφορεῖς.",66,ܘܢܪܡܘܢ ܥܡܗ ܟܠܗܘܢ ܡܐ̈ܢܘܗܝ. ܕܡܫܡܫܝܢ ܒܗܘܢ ܥܠܘܗܝ. ܦܝܪ̈ܡܐ ܘܡܫ̈ܠܘܬܐ ܘܡܓܪ̈ܘܦܝܬܐ ܘܫ̈ܚܠܐ ܘܟܘܠܗܘܢ ܡܐ̈ܢܐ ܕܡܕܒܚܐ. ܘܢܦܪܣܘܢ ܥܠܘܗܝ ܩܪܡܐ ܕܡܫ̈ܟܐ ܕܣܣܓܘܢܐ ܘܢܪܡܘܢ ܩܘ̈ܦܘܗܝ.,21,"colocarão nele todos os utensílios com que o servem: os seus braseiros, garfos, as pás e as bacias, todos os utensílios do altar; e sobre ele estenderão uma coberta de peles de golfinhos, e lhe meterão os varais.",38,True,True,True
4,15,Números 4:15,וְכִלָּ֣ה אַֽהֲרֹן־ וּ֠בָנָיו לְכַסֹּ֨ת אֶת־ הַקֹּ֜דֶשׁ וְאֶת־ כָּל־ כְּלֵ֣י הַקֹּדֶשׁ֮ בִּנְסֹ֣עַ הַֽמַּחֲנֶה֒ וְאַחֲרֵי־ כֵ֗ן יָבֹ֤אוּ בְנֵי־ קְהָת֙ לָשֵׂ֔את וְלֹֽא־ יִגְּע֥וּ אֶל־ הַקֹּ֖דֶשׁ וָמֵ֑תוּ אֵ֛לֶּה מַשָּׂ֥א בְנֵֽי־ קְהָ֖ת בְּאֹ֥הֶל מוֹעֵֽד ׃,וכלה אהרנ ובניו לכסת את הקדש ואת כל כלי הקדש בנסע המחנה ואחרי כנ יבאו בני קהת לשאת ולא יגעו אל הקדש ומתו אלה משא בני קהת באהל מועד,30,וישיצי אהרן ובנוהי לכסאה ית קודשא וית כל מני קודשא במטל משריתא ובתר כן יעלון בני קהת למטל ולא יקרבון לקודשא ולא ימותון אלין מטול בני קהת במשכן זמנא:,29,"καὶ συντελέσουσιν Ἀαρὼν καὶ οἱ υἱοὶ αὐτοῦ καλύπτοντες τὰ ἅγια καὶ πάντα τὰ σκεύη τὰ ἅγια, ἐν τῷ ἐξαίρειν τὴν παρεμβολήν· καὶ μετὰ ταῦτα εἰσελεύσονται υἱοὶ Καὰθ αἴρειν, καὶ οὐχ ἅψονται τῶν ἁγίων, ἵνα μὴ ἀποθάνωσιν. ταῦτα ἀροῦσιν οἱ υἱοὶ Καὰθ ἐν τῇ σκηνῇ τοῦ μαρτυρίου.",46,ܘܡܐ ܕܫܠܡ ܐܗܪܘܢ ܘܒ̈ܢܘܗܝ ܠܡܟܣܝܘ ܩܘܕܫܐ. ܘܟܠܗܘܢ ܡܐ̈ܢܐ ܕܩܘܕܫܐ ܡܐ ܕܫܩܠܐ ܡܫܪܝܬܐ. ܗܝܕܝܢ ܢܥܠܘܢ ܒܢ̈ܝ ܩܗܬ ܠܡܫܩܠ. ܕܠܐ ܢܩܪܒܘܢ ܠܩܘܕܫܐ ܘܢܡܘܬܘܢ. ܗܠܝܢ ܐܢܘܢ ܡܫܩ̈ܠܢܐ ܕܒܢ̈ܝ ܩܗܬ ܕܒܡܫܟܢ ܙܒܢܐ .,29,"Quando Arão e seus filhos, ao partir o arraial, acabarem de cobrir o santuário e todos os seus móveis, os filhos de Coate virão para levá-lo; mas nas coisas sagradas não tocarão, para que não morram; esse é o cargo dos filhos de Coate na tenda da revelação.",48,True,True,True
4,16,Números 4:16,וּפְקֻדַּ֞ת אֶלְעָזָ֣ר ׀ בֶּן־ אַהֲרֹ֣ן הַכֹּהֵ֗ן שֶׁ֤מֶן הַמָּאוֹר֙ וּקְטֹ֣רֶת הַסַּמִּ֔ים וּמִנְחַ֥ת הַתָּמִ֖יד וְשֶׁ֣מֶן הַמִּשְׁחָ֑ה פְּקֻדַּ֗ת כָּל־ הַמִּשְׁכָּן֙ וְכָל־ אֲשֶׁר־ בּ֔וֹ בְּקֹ֖דֶשׁ וּבְכֵלָֽיו ׃ ס,ופקדת אלעזר בנ אהרנ הכהנ שמנ המאור וקטרת הסמימ ומנחת התמיד ושמנ המשחה פקדת כל המשכנ וכל אשר בו בקדש ובכליו ס,24,ודי מסיר לאלעזר בר אהרן כהנא משחא דאנהרותא וקטרת בוסמיא ומנחתא תדירא ומשחא דרבותא מטרת כל משכנא וכל די ביה בקודשא ובמנוהי:,22,"ἐπίσκοπος Ἐλεαζὰρ υἱὸς Ἀαρὼν τοῦ ἱερέως· τὸ ἔλαιον τοῦ φωτὸς καὶ τὸ θυμίαμα τῆς συνθέσεως καὶ ἡ θυσία ἡ καθ᾽ ἡμέραν καὶ τὸ ἔλαιον τῆς χρίσεως, ἡ ἐπισκοπὴ ὅλης τῆς σκηνῆς καὶ ὅσα ἐστὶν ἐν αὐτῇ ἐν τῷ ἁγίῳ, ἐν πᾶσι τοῖς ἔργοις.",43,ܘܫܘܠܛܢܗ ܕܐܠܝܥܙܪ ܒܪܗ ܕܐܗܪܘܢ ܟܗܢܐ. ܡܢ ܡܫܚܐ ܕܡܢܗܪܝܢ ܘܥܛܪܐ ܕܒܣ̈ܡܐ. ܘܣܡܝܕܐ ܐܡܝܢܐ ܘܡܫܚܐ ܕܡܫܝܚܘܬܐ. ܫܠܝܛ ܥܠ ܟܘܠܗ ܡܫܟܢܐ ܘܥܠ ܟܠ ܡܕܡ ܕܐܝܬ ܒܗ. ܘܒܩܘܕܫܐ ܘܒܡ̈ܐܢܘܗܝ.,25,"Eleazar, filho de Arão, o sacerdote, terá a seu cargo o azeite da luminária, o incenso aromático, a oferta contínua de cereais e o óleo da unção; isto é, terá a seu cargo todo o tabernáculo, e tudo o que nele há, o santuário e os seus móveis.",48,True,True,True
4,17,Números 4:17,וַיְדַבֵּ֣ר יְהוָ֔ה אֶל־ מֹשֶׁ֥ה וְאֶֽל־ אַהֲרֹ֖ן לֵאמֹֽר ׃,וידבר יהוה אל משה ואל אהרנ לאמר,8,ומליל יי עם משה ועם אהרן למימר:,7,Καὶ ἐλάλησεν Κύριος πρὸς Μωυσῆν καὶ Ἀαρὼν λέγων,8,ܘܡܠܠ ܡܪܝܐ ܥܡ ܡܘܫܐ ܘܥܡ ܐܗܪܘܢ ܘܐܡܪ ܠܗܘܢ.,8,Disse mais o Senhor a Moisés e a Arão:,9,True,True,True
4,18,Números 4:18,אַל־ תַּכְרִ֕יתוּ אֶת־ שֵׁ֖בֶט מִשְׁפְּחֹ֣ת הַקְּהָתִ֑י מִתּ֖וֹךְ הַלְוִיִּֽם ׃,אל תכריתו את שבט משפחת הקהתי מתוכ הלוימ,9,לא תשיצון ית שבטא זרעית קהת מגו לואי:,8,Μὴ ὀλεθρεύσητε τῆς φυλῆς τὸν δῆμον τὸν Καὰθ ἐκ μέσου τῶν Λευειτῶν.,12,ܠܐ ܬܘܒܕܘܢ ܫܒܛܐ ܕܫܪܒܬܐ ܕܩܗܬ ܡܢ ܓܘ ܠܘ̈ܝܐ.,8,Não cortareis a tribo das famílias dos coatitas do meio dos levitas;,12,True,True,True
4,19,Números 4:19,וְזֹ֣את ׀ עֲשׂ֣וּ לָהֶ֗ם וְחָיוּ֙ וְלֹ֣א יָמֻ֔תוּ בְּגִשְׁתָּ֖ם אֶת־ קֹ֣דֶשׁ הַקֳּדָשִׁ֑ים אַהֲרֹ֤ן וּבָנָיו֙ יָבֹ֔אוּ וְשָׂמ֣וּ אוֹתָ֗ם אִ֥ישׁ אִ֛ישׁ עַל־ עֲבֹדָת֖וֹ וְאֶל־ מַשָּׂאֽוֹ ׃,וזאת עשו להמ וחיו ולא ימתו בגשתמ את קדש הקדשימ אהרנ ובניו יבאו ושמו אותמ איש איש על עבדתו ואל משאו,23,ודא עבידו להון ויחון ולא ימותון במקרבהון לקדש קודשיא אהרן ובנוהי יעלון וימנון יתהון גבר גבר על פולחניה ולמטוליה:,19,"τοῦτο ποιήσατε αὐτοῖς, καὶ ζήσονται καὶ οὐ μὴ ἀποθάνωσιν, προσπορευομένων αὐτῶν πρὸς τὰ ἅγια τῶν ἁγίων. Ἀαρὼν καὶ οἱ υἱοὶ αὐτοῦ προσπορευέσθωσαν, καὶ καταστήσουσιν αὐτοὺς ἕκαστον κατὰ τὴν ἀναφορὰν αὐτοῦ.",30,ܐܠܐ ܗܕܐ ܥܒܕܘ ܠܗܘܢ. ܘܢܚܘܢ ܕܠܐ ܢܡܘܬܘܢ. ܡܐ ܕܥ̇ܐܠܝܢ ܠܩܕܘܫ ܩܘ̈ܕܫܐ. ܐܗܪܘܢ ܘܒ̈ܢܘܗܝ ܢܥܠܘܢ. ܘܢܫܠܛܘܢ ܐܢܘܢ ܐܢܫ ܐܢܫ ܥܠ ܦܘܠܚܢܗ ܘܥܠ ܡܫܩܠܢܗ .,23,"mas isto lhes fareis, para que vivam e não morram, quando se aproximarem das coisas santíssimas: Arão e seus filhos entrarão e lhes designarão a cada um o seu serviço e o seu cargo;",34,True,True,True
4,20,Números 4:20,וְלֹא־ יָבֹ֧אוּ לִרְא֛וֹת כְּבַלַּ֥ע אֶת־ הַקֹּ֖דֶשׁ וָמֵֽתוּ ׃ פ,ולא יבאו לראות כבלע את הקדש ומתו פ,9,ולא יעלון למחזי כד מכסן ית מני קודשא ולא ימותון:,10,"καὶ οὐ μὴ εἰσέλθωσιν ἰδεῖν ἐξάπινα τὰ ἅγια, καὶ ἀποθανοῦνται.",10,ܘܠܐ ܢܥܠܘܢ ܠܡܚܙܐ ܟܕ ܡܬܟܣܐ ܩܘܕܫܐ ܕܠܐ ܢܡܘܬܘܢ.,8,"mas eles não entrarão a ver, nem por um momento, as coisas sagradas, para que não morram.",17,True,True,True
4,21,Números 4:21,וַיְדַבֵּ֥ר יְהוָ֖ה אֶל־ מֹשֶׁ֥ה לֵּאמֹֽר ׃,וידבר יהוה אל משה לאמר,6,ומליל יי עם משה למימר:,5,Καὶ ἐλάλησεν Κύριος πρὸς Μωυσῆν λέγων,6,ܘܡܠܠ ܡܪܝܐ ܥܡ ܡܘܫܐ ܘܐܡܪ ܠܗ.,6,Disse mais o Senhor a Moisés:,6,True,True,True
4,22,Números 4:22,נָשֹׂ֗א אֶת־ רֹ֛אשׁ בְּנֵ֥י גֵרְשׁ֖וֹן גַּם־ הֵ֑ם לְבֵ֥ית אֲבֹתָ֖ם לְמִשְׁפְּחֹתָֽם ׃,נשא את ראש בני גרשונ גמ המ לבית אבתמ למשפחתמ,11,קבל ית חשבן בני גרשון אף אנון לבית אבהתהון לזרעיתהון:,10,"Λάβε τὴν ἀρχὴν τῶν υἱῶν Γεδσών, καὶ τούτους κατ᾽ οἴκους πατριῶν αὐτῶν, κατὰ δήμους αὐτῶν·",15,ܩܒܠ ܚܘܫܒܢܐ ܕܒܢ̈ܝ ܓܪܫܘܢ. ܐܦ ܕܝܠܗܘܢ ܠܒܝܬ ܐܒܗ̈ܝܗܘܢ ܠܫܪ̈ܒܬܗܘܢ.,9,"Toma também a soma dos filhos de Gérsom segundo as casas de seus pais, segundo as suas famílias;",18,True,True,True
4,23,Números 4:23,מִבֶּן֩ שְׁלֹשִׁ֨ים שָׁנָ֜ה וָמַ֗עְלָה עַ֛ד בֶּן־ חֲמִשִּׁ֥ים שָׁנָ֖ה תִּפְקֹ֣ד אוֹתָ֑ם כָּל־ הַבָּא֙ לִצְבֹ֣א צָבָ֔א לַעֲבֹ֥ד עֲבֹדָ֖ה בְּאֹ֥הֶל מוֹעֵֽד ׃,מבנ שלשימ שנה ומעלה עד בנ חמשימ שנה תפקד אותמ כל הבא לצבא צבא לעבד עבדה באהל מועד,19,מבר תלתין שנין ולעלא עד בר חמשין שנין תמני יתהון כל דאתי לחילא חילא למפלח פלחנא במשכן זמנא:,18,"ἀπὸ πέντε καὶ εἰκοσαετοῦς καὶ ἐπάνω ἕως πεντηκονταετοῦς ἐπίσκεψαι αὐτούς, πᾶς ὁ εἰσπορευόμενος λειτουργεῖν, ποιεῖν τὰ ἔργα αὐτοῦ ἐν τῇ σκηνῇ τοῦ μαρτυρίου.",23,ܡܢ ܒܪ ܬܠܬܝܢ ܫ̈ܢܝܢ ܘܠܥܠ ܘܥܕܡܐ ܠܒܪ ܚܡܫܝܢ ܫ̈ܢܝܢ ܬܡܢܐ ܐܢܘܢ. ܟܠ ܕܐܬ̇ܐ ܠܡܬܚܝܠܘ ܒܚܝܠܐ. ܘܠܡܦܠܚ ܦܘܠܚܢܐ ܒܡܫܟܢ ܙܒܢܐ.,19,"da idade de trinta anos para cima até os cinqüenta os contarás, a todos os que entrarem no serviço para fazerem o trabalho na tenda da revelação.",27,True,True,True
4,24,Números 4:24,זֹ֣את עֲבֹדַ֔ת מִשְׁפְּחֹ֖ת הַגֵּרְשֻׁנִּ֑י לַעֲבֹ֖ד וּלְמַשָּֽׂא ׃,זאת עבדת משפחת הגרשני לעבד ולמשא,7,דין פלחן זרעית גרשון למפלח ולמטול:,6,"αὕτη ἡ λειτουργία τοῦ δήμου τοῦ Γεδσών, λειτουργεῖν καὶ αἴρειν·",10,ܗܢܘ ܦܘܠܚܢܐ ܕܫܪܒܬܐ ܕܓܪܫܘܢ. ܠܡܦܠܚ ܘܠܡܫܩܠ.,6,"Este será o serviço das famílias dos gersonitas, ao servirem e ao levarem as cargas:",15,True,True,True
4,25,Números 4:25,וְנָ֨שְׂא֜וּ אֶת־ יְרִיעֹ֤ת הַמִּשְׁכָּן֙ וְאֶת־ אֹ֣הֶל מוֹעֵ֔ד מִכְסֵ֕הוּ וּמִכְסֵ֛ה הַתַּ֥חַשׁ אֲשֶׁר־ עָלָ֖יו מִלְמָ֑עְלָה וְאֶ֨ת־ מָסַ֔ךְ פֶּ֖תַח אֹ֥הֶל מוֹעֵֽד ׃,ונשאו את יריעת המשכנ ואת אהל מועד מכסהו ומכסה התחש אשר עליו מלמעלה ואת מסכ פתח אהל מועד,19,ויטלון ית יריעת משכנא וית משכן זמנא חופאיה וחופאה דססגונא די עלוהי מלעלא וית פרסא דתרע משכן זמנא:,18,"καὶ ἀρεῖ τὰς δέρρεις τῆς σκηνῆς, καὶ τὴν σκηνὴν τοῦ μαρτυρίου καὶ τὸ κάλυμμα αὐτῆς, καὶ τὸ κάλυμμα τὸ ὑακίνθινον τὸ ὂν ἐπ᾽ αὐτῆς ἄνωθεν, καὶ τὸ κάλυμμα τῆς θύρας τῆς σκηνῆς τοῦ μαρτυρίου,",34,ܢܫܩܠܘܢ ܝܪ̈ܝܥܬܐ ܕܡܫܟܢܐ ܘܡܫܟܢܙܒܢܐ ܘܐ̈ܦܝ ܬܪܥܗ. ܘܦܪܣܐ ܕܣܣܓܘܢܐ ܕܐܝܬ ܥܠܘܗܝ ܡܢ ܠܥܠ ܘܐ̈ܦܝ ܬܪܥܐ ܕܡܫܟܢܙܒܢܐ.,15,"levarão as cortinas do tabernáculo, a tenda da revelação, a sua coberta, a coberta de peles de golfinhos, que está por cima, o reposteiro da porta da tenda da revelação,",30,True,True,True
4,26,Números 4:26,וְאֵת֩ קַלְעֵ֨י הֶֽחָצֵ֜ר וְאֶת־ מָסַ֣ךְ ׀ פֶּ֣תַח ׀ שַׁ֣עַר הֶחָצֵ֗ר אֲשֶׁ֨ר עַל־ הַמִּשְׁכָּ֤ן וְעַל־ הַמִּזְבֵּ֨חַ֙ סָבִ֔יב וְאֵת֙ מֵֽיתְרֵיהֶ֔ם וְאֶֽת־ כָּל־ כְּלֵ֖י עֲבֹדָתָ֑ם וְאֵ֨ת כָּל־ אֲשֶׁ֧ר יֵעָשֶׂ֛ה לָהֶ֖ם וְעָבָֽדוּ ׃,ואת קלעי החצר ואת מסכ פתח שער החצר אשר על המשכנ ועל המזבח סביב ואת מיתריהמ ואת כל כלי עבדתמ ואת כל אשר יעשה להמ ועבדו,29,וית סרדי דרתא וית פרסא דמעלנא דתרע דרתא די על משכנא ועל מדבחא סחור סחור וית אטוניהון וית כל מני פלחנהון וית כל די יתמסר להון ויפלחון:,27,"καὶ τὰ ἱστία τῆς αὐλῆς ὅσα ἐπὶ τῆς σκηνῆς τοῦ μαρτυρίου, καὶ τὰ περισσά, καὶ πάντα τὰ σκεύη τὰ λειτουργικὰ ὅσα λειτουργοῦσιν ἐν αὐτοῖς ποιήσουσιν.",25,ܘܓ̈ܠܓܐ ܕܕܪܬܐ. ܘܦܪܣܐ ܕܡܥܠܢܐ ܕܬܪܥܐ ܕܕܪܬܐ ܕܥܠ ܡܫܟܢܐ ܘܥܠ ܡܕܒܚܐ ܟܕ ܚ̇ܕܪ. ܘܛܘܢܒ̈ܝܗܘܢ ܘܟܠܗܘܢ ܡܐ̈ܢܐ ܕܦܘܠܚܢܗܘܢ ܟܠ ܡܕܡ ܕܥ̇ܒܕܝܢ ܘܦ̇ܠܚܝܢ.,20,"as cortinas do átrio, o reposteiro da porta do átrio, que está junto ao tabernáculo e junto ao altar em redor, as suas cordas, e todos os instrumentos do seu serviço; enfim tudo quanto se houver de fazer no tocante a essas coisas, nisso hão de servir.",47,True,True,True
4,27,Números 4:27,עַל־ פִּי֩ אַהֲרֹ֨ן וּבָנָ֜יו תִּהְיֶ֗ה כָּל־ עֲבֹדַת֙ בְּנֵ֣י הַגֵּרְשֻׁנִּ֔י לְכָל־ מַשָּׂאָ֔ם וּלְכֹ֖ל עֲבֹדָתָ֑ם וּפְקַדְתֶּ֤ם עֲלֵהֶם֙ בְּמִשְׁמֶ֔רֶת אֵ֖ת כָּל־ מַשָּׂאָֽם ׃,על פי אהרנ ובניו תהיה כל עבדת בני הגרשני לכל משאמ ולכל עבדתמ ופקדתמ עלהמ במשמרת את כל משאמ,20,על מימר אהרן ובנוהי יהי כל פלחן בני גרשון לכל מטולהון ולכל פלחנהון ותמנון עליהון במטרא ית כל מטולהון:,19,κατὰ στόμα Ἀαρὼν καὶ τῶν υἱῶν αὐτοῦ ἔσται ἡ λειτουργία τῶν υἱῶν Γεδσὼν κατὰ πάσας τὰς λειτουργίας αὐτῶν καὶ κατὰ πάντα τὰ ἔργα δι᾽ αὐτῶν· καὶ ἐπισκέψῃ αὐτοὺς ἐξ ὀνομάτων πάντα τὰ ἀρτὰ ὑπ᾽ αὐτῶν.,35,ܒܡܠܬ ܦܘܡܗ ܕܐܗܪܘܢ ܘܕܒ̈ܢܘܗܝ ܢܗܘܐ ܟܘܠܗ ܦܘܠܚܢܐ ܕܒܢ̈ܝ ܓܪܫܘܢ. ܠܟܘܠܗ̇ ܫܩܘܠܬܗܘܢ ܘܠܟܠܗ ܦܘܠܚܢܗܘܢ. ܘܬܫܠܛܘܢ ܥܠܝܗܘܢ ܡܛܪܬܐ ܥܠ ܟܠܗ̇ ܫܩܘܠܬܗܘܢ.,19,"Todo o trabalho dos filhos dos gersonitas, em todo o seu cargo, e em todo o seu serviço, será segundo o mandado de Arão e de seus filhos; e lhes designareis os cargos em que deverão servir.",37,True,True,True
4,28,Números 4:28,זֹ֣את עֲבֹדַ֗ת מִשְׁפְּחֹ֛ת בְּנֵ֥י הַגֵּרְשֻׁנִּ֖י בְּאֹ֣הֶל מוֹעֵ֑ד וּמִ֨שְׁמַרְתָּ֔ם בְּיַד֙ אִֽיתָמָ֔ר בֶּֽן־ אַהֲרֹ֖ן הַכֹּהֵֽן ׃ פ,זאת עבדת משפחת בני הגרשני באהל מועד ומשמרתמ ביד איתמר בנ אהרנ הכהנ פ,15,דין פלחן זרעית בני גרשון במשכן זמנא ומטרתהון בידא דאיתמר בר אהרן כהנא:,13,"αὕτη ἡ λειτουργία τῶν υἱῶν Γεδσὼν ἐν τῇ σκηνῇ τοῦ μαρτυρίου, καὶ ἡ φυλακὴ αὐτῶν ἐν χειρὶ Ἰθαμὰρ τοῦ υἱοῦ Ἀαρὼν τοῦ ἱερέως.",23,ܗܢܐ ܗܘ ܦܘܠܚܢܐ ܕܫܪܒܬܐ ܕܒܢ̈ܝ ܓܪܫܘܢ ܕܒܡܫܟܢܙܒܢܐ . ܘܡܛܪܬܗܘܢ ܒܐܝܕܐ ܕܐܝܬܡܪ ܒܪܗ ܕܐܗܪܘܢ ܟܗܢܐ.,14,"Este é o serviço das famílias dos filhos dos gersonitas na tenda da revelação; e o seu trabalho estará sob a direção de Itamar, filho de Arão, o sacerdote.",29,True,True,True
4,29,Números 4:29,בְּנֵ֖י מְרָרִ֑י לְמִשְׁפְּחֹתָ֥ם לְבֵית־ אֲבֹתָ֖ם תִּפְקֹ֥ד אֹתָֽם ׃,בני מררי למשפחתמ לבית אבתמ תפקד אתמ,8,בני מררי לזרעיתהון לבית אבהתהון תמני יתהון:,7,"Υἱοὶ Μεραρεί, κατὰ δήμους αὐτῶν, κατ᾽ οἴκους πατριῶν αὐτῶν, ἐπισκέψασθε αὐτούς·",11,ܘܒܢ̈ܝ ܡܪܪܝ ܠܫܪ̈ܒܬܗܘܢ ܠܒܝܬ ܐܒ̈ܗܝܗܘܢ ܬܡܢܐ ܐܢܘܢ.,7,"Quanto aos filhos de Merári, contá-los-ás segundo as suas famílias, segundo as casas e seus pais;",16,True,True,True
4,30,Números 4:30,מִבֶּן֩ שְׁלֹשִׁ֨ים שָׁנָ֜ה וָמַ֗עְלָה וְעַ֛ד בֶּן־ חֲמִשִּׁ֥ים שָׁנָ֖ה תִּפְקְדֵ֑ם כָּל־ הַבָּא֙ לַצָּבָ֔א לַעֲבֹ֕ד אֶת־ עֲבֹדַ֖ת אֹ֥הֶל מוֹעֵֽד ׃,מבנ שלשימ שנה ומעלה ועד בנ חמשימ שנה תפקדמ כל הבא לצבא לעבד את עבדת אהל מועד,18,מבר תלתין שנין ולעלא ועד בר חמשין שנין תמננון כל דאתי לחילא למפלח ית פלחן משכן זמנא:,17,"ἀπὸ πέντε καὶ εἰκοσαετοῦς καὶ ἐπάνω ἕως πεντηκονταετοῦς ἐπισκέψασθε αὐτούς, πᾶς ὁ εἰσπορευόμενος λειτουργεῖν τὰ ἔργα τῆς σκηνῆς τοῦ μαρτυρίου.",20,ܡܢ ܒܪ ܬܠܬܝܢ ܫ̈ܢܝܢ ܘܠܥܠ. ܘܥܕܡܐ ܠܒܪ ܚܡܫܝܢ ܫ̈ܢܝܢ ܬܡܢܐ ܐܢܘܢ. ܟܠ ܕܐܬ̇ܐ ܠܡܬܚܝܠܘ ܒܚܝܠܐ ܘܠܡܦܠܚ ܦܘܠܚܢܐ ܒܡܫܟܢܙܒܢܐ .,19,"da idade de trinta anos para cima até os cinqüenta os contarás, a todos os que entrarem no serviço para fazerem o trabalho da tenda da revelação,",27,True,True,True
4,31,Números 4:31,וְזֹאת֙ מִשְׁמֶ֣רֶת מַשָּׂאָ֔ם לְכָל־ עֲבֹדָתָ֖ם בְּאֹ֣הֶל מוֹעֵ֑ד קַרְשֵׁי֙ הַמִּשְׁכָּ֔ן וּבְרִיחָ֖יו וְעַמּוּדָ֥יו וַאֲדָנָֽיו ׃,וזאת משמרת משאמ לכל עבדתמ באהל מועד קרשי המשכנ ובריחיו ועמודיו ואדניו,13,ודא מטרת מטולהון לכל פלחנהון במשכן זמנא דפי משכנא ועברוהי ועמודוהי וסמכוהי:,12,"καὶ ταῦτα τὰ φυλάγματα τῶν αἰρομένων ὑπ᾽ αὐτῶν κατὰ πάντα τὰ ἔργα τῶν ἐν τῇ σκηνῇ τοῦ μαρτυρίου· τὰς κεφαλίδας τῆς σκηνῆς καὶ τοὺς μοχλοὺς καὶ τοὺς στύλους αὐτῆς καὶ τὰς βάσεις αὐτῆς καὶ τὸ κατακάλυμμα, καὶ αἱ βάσεις αὐτῶν καὶ οἱ στύλοι αὐτῶν, καὶ τὸ κατακάλυμμα τῆς θύρας τῆς σκηνῆς,",51,ܘܗܕܐ ܗܝ ܡܛܪܬܐ ܕܫܩܘܠܬܗܘܢ ܘܕܟܠܗ ܦܘܠܚܢܗܘܢ ܒܡܫܟܢ ܙܒܢܐ. ܕܦܘ̈ܗܝ ܕܡܫܟܢܐ ܘܡ̈ܘܟܠܘܗܝ ܘܥܡ̈ܘܕܘܗܝ ܘܣܡ̈ܟܘܗܝ.,13,"Este será o seu encargo, segundo todo o seu serviço na tenda da revelação: as armações do tabernáculo e os seus varais, as suas colunas e as suas bases,",29,True,True,True
4,32,Números 4:32,וְעַמּוּדֵי֩ הֶחָצֵ֨ר סָבִ֜יב וְאַדְנֵיהֶ֗ם וִֽיתֵדֹתָם֙ וּמֵ֣יתְרֵיהֶ֔ם לְכָל־ כְּלֵיהֶ֔ם וּלְכֹ֖ל עֲבֹדָתָ֑ם וּבְשֵׁמֹ֣ת תִּפְקְד֔וּ אֶת־ כְּלֵ֖י מִשְׁמֶ֥רֶת מַשָּׂאָֽם ׃,ועמודי החצר סביב ואדניהמ ויתדתמ ומיתריהמ לכל כליהמ ולכל עבדתמ ובשמת תפקדו את כלי משמרת משאמ,17,ועמודי דדרתא סחור סחור וסמכיהון וסכיהון ואטוניהון לכל מניהון ולכל פלחנהון ובשמהן תמנון ית מני מטרת מטולהון:,17,"καὶ τοὺς στύλους τῆς αὐλῆς κύκλῳ, καὶ αἱ βάσεις αὐτῶν, καὶ τοὺς στύλους τοῦ καταπετάσματος τῆς πύλης τῆς αὐλῆς καὶ τὰς βάσεις αὐτῶν καὶ τοὺς πασσάλους αὐτῶν καὶ τοὺς κάλους αὐτῶν, καὶ πάντα τὰ σκεύη αὐτῶν καὶ πάντα τὰ λειτουργήματα αὐτῶν, ἐξ ὀνομάτων ἐπισκέψασθε αὐτοὺς καὶ πάντα τὰ σκεύη τῆς φυλακῆς τῶν αἰρομένων ὑπ᾽ αὐτῶν.",55,ܘܥܡܘ̈ܕܐ ܕܕܪܬܐ ܟܕ ܚ̇ܕܪܐ. ܘܣܡ̈ܟܝܗܘܢ ܘܣܟܝ̈ܗܘܢ ܘܛܘ̈ܢܒܝܗܘܢ ܘܟܠܗܘܢ ܡܐ̈ܢܝܗܘܢ. ܘܟܘܠܗ ܦܘܠܚܢܗܘܢ ܒܫ̈ܡܗܐ ܡܢܘ. ܡܐ̈ܢܐ ܕܡܛܪܬܐ ܕܫܩܘܠܬܗܘܢ .,17,"como também as colunas do átrio em redor e as suas bases, as suas estacas e as suas cordas, com todos os seus objetos, e com todo o seu serviço; e por nome lhes designareis os objetos que ficarão a seu cargo.",42,True,True,True
4,33,Números 4:33,זֹ֣את עֲבֹדַ֗ת מִשְׁפְּחֹת֙ בְּנֵ֣י מְרָרִ֔י לְכָל־ עֲבֹדָתָ֖ם בְּאֹ֣הֶל מוֹעֵ֑ד בְּיַד֙ אִֽיתָמָ֔ר בֶּֽן־ אַהֲרֹ֖ן הַכֹּהֵֽן ׃,זאת עבדת משפחת בני מררי לכל עבדתמ באהל מועד ביד איתמר בנ אהרנ הכהנ,15,דין פלחן זרעית בני מררי לכל פלחנהון במשכן זמנא בידא דאיתמר בר אהרן כהנא:,14,"αὕτη ἡ λειτουργία δήμου υἱῶν Μεραρεὶ ἐν πᾶσιν τοῖς ἔργοις αὐτῶν ἐν τῇ σκηνῇ τοῦ μαρτυρίου, ἐν χειρὶ Ἰθαμὰρ υἱοῦ Ἀαρὼν τοῦ ἱερέως.",23,ܗܢܘ ܦܘܠܚܢܐ ܕܫܪܒܬܐ ܕܒܢ̈ܝ ܡܪܪܝ. ܘܟܠܗ ܦܘܠܚܢܗܘܢ ܒܡܫܟܢ ܙܒܢܐ. ܒܐܝܕܐ ܕܐܝܬܡܪ ܒܪܗ ܕܐܗܪܘܢ ܟܗܢܐ.,14,"Este é o serviço das famílias dos filhos de Merári, segundo todo o seu trabalho na tenda da revelação, sob a direção de Itamar, filho de Arão, o sacerdote.",29,True,True,True
4,34,Números 4:34,וַיִּפְקֹ֨ד מֹשֶׁ֧ה וְאַהֲרֹ֛ן וּנְשִׂיאֵ֥י הָעֵדָ֖ה אֶת־ בְּנֵ֣י הַקְּהָתִ֑י לְמִשְׁפְּחֹתָ֖ם וּלְבֵ֥ית אֲבֹתָֽם ׃,ויפקד משה ואהרנ ונשיאי העדה את בני הקהתי למשפחתמ ולבית אבתמ,12,ומנא משה ואהרן ורברבי כנשתא ית בני קהת לזרעיתהון ולבית אבהתהון:,11,"Καὶ ἐπεσκέψατο Μωυσῆς καὶ Ἀαρὼν καὶ οἱ ἄρχοντες Ἰσραὴλ τοὺς υἱοὺς Καὰθ κατὰ δήμους αὐτῶν, κατ᾽ οἴκους πατριῶν αὐτῶν,",19,ܘܡܢܐ ܡܘܫܐ ܘܐܗܪܘܢ ܘܪ̈ܘܪܒܢܐ ܕܟܢܘܫܬܐ ܠܒܢ̈ܝ ܩܗܬ ܠܫܪ̈ܒܬܗܘܢ ܠܒܝܬ ܐܒܗ̈ܝܗܘܢ.,10,"Moisés, pois, e Arão e os príncipes da congregação contaram os filhos dos coatitas, segundo as suas famílias, segundo as casas e seus pais,",24,True,True,True
4,35,Números 4:35,מִבֶּ֨ן שְׁלֹשִׁ֤ים שָׁנָה֙ וָמַ֔עְלָה וְעַ֖ד בֶּן־ חֲמִשִּׁ֣ים שָׁנָ֑ה כָּל־ הַבָּא֙ לַצָּבָ֔א לַעֲבֹדָ֖ה בְּאֹ֥הֶל מוֹעֵֽד ׃,מבנ שלשימ שנה ומעלה ועד בנ חמשימ שנה כל הבא לצבא לעבדה באהל מועד,15,מבר תלתין שנין ולעלא ועד בר חמשין שנין כל דאתי לחילא לפלחנא במשכן זמנא:,14,"ἀπὸ πέντε καὶ εἰκοσαετοῦς καὶ ἐπάνω ἕως πεντηκονταετοῦς, πᾶς ὁ εἰσπορευόμενος λειτουργεῖν καὶ ποιεῖν ἐν τῇ σκηνῇ τοῦ μαρτυρίου.",19,ܡܢ ܒܪ ܬܠܬܝܢ ܫ̈ܢܝܢ ܘܠܥܠ. ܘܥܕܡܐ ܠܒܪ ܚܡܫܝܢ ܫ̈ܢܝܢ ܟܘܠ ܕܐܬ̇ܐ ܒܚܝܠܐ ܠܦܘܠܚܢܐ ܕܡܫܟܢܙܒܢܐ.,14,"da idade de trinta anos para cima até os cinqüenta, todos os que entraram no serviço para o trabalho na tenda da revelação;",23,True,True,True
4,36,Números 4:36,וַיִּהְי֥וּ פְקֻדֵיהֶ֖ם לְמִשְׁפְּחֹתָ֑ם אַלְפַּ֕יִם שְׁבַ֥ע מֵא֖וֹת וַחֲמִשִּֽׁים ׃,ויהיו פקדיהמ למשפחתמ אלפימ שבע מאות וחמשימ,8,והוו מניניהון לזרעיתהון תרין אלפין שבע מאה וחמשין:,8,καὶ ἐγένετο ἡ ἐπίσκεψις αὐτῶν κατὰ δήμους αὐτῶν δισχίλιοι διακόσιοι πεντήκοντα·,11,ܘܗܘܐ ܡܢܝܢܗܘܢ ܠܫܪ̈ܒܬܗܘܢ ܬܪ̈ܝܢ ܐ̈ܠܦܝܢ ܘܫܒܥܡܐܐ ܘܚܡܫܝܢ.,7,"os que deles foram contados, pois, segundo as suas famílias, eram dois mil setecentos e cinqüenta.",16,True,True,True
4,37,Números 4:37,אֵ֤לֶּה פְקוּדֵי֙ מִשְׁפְּחֹ֣ת הַקְּהָתִ֔י כָּל־ הָעֹבֵ֖ד בְּאֹ֣הֶל מוֹעֵ֑ד אֲשֶׁ֨ר פָּקַ֤ד מֹשֶׁה֙ וְאַהֲרֹ֔ן עַל־ פִּ֥י יְהוָ֖ה בְּיַד־ מֹשֶֽׁה ׃ ס,אלה פקודי משפחת הקהתי כל העבד באהל מועד אשר פקד משה ואהרנ על פי יהוה ביד משה ס,19,אלין מניני זרעית קהת כל דפלח במשכן זמנא די מנא משה ואהרן על מימרא דיי בידא דמשה:,17,"αὕτη ἡ ἐπίσκεψις δήμου Καάθ, πᾶς ὁ λειτουργῶν ἐν τῇ σκηνῇ τοῦ μαρτυρίου, καθὰ ἐπεσκέψατο Μωυσῆς καὶ Ἀαρὼν διὰ φωνῆς Κυρίου ἐν χειρὶ Μωυσῇ.",24,ܗܠܝܢ ܡܢܝ̈ܢܐ ܕܫܪܒܬܐ ܕܩܗܬ. ܟܠ ܕܦ̇ܠܚ ܒܡܫܟܢܙܒܢܐ ܕܡܢܐ ܡܘܫܐ ܘܐܗܪܘܢ. ܒܡܠܬ ܦܘܡܗ ܕܡܪܝܐ ܒܐܝܕܐ ܕܡܘܫܐ.,15,"Esses são os que foram contados das famílias dos coatitas, isto é, todos os que haviam de servir na tenda da revelação, aos quais Moisés e Arão contaram, conforme o mandado do Senhor por intermédio de Moisés.",37,True,True,True
4,38,Números 4:38,וּפְקוּדֵ֖י בְּנֵ֣י גֵרְשׁ֑וֹן לְמִשְׁפְּחוֹתָ֖ם וּלְבֵ֥ית אֲבֹתָֽם ׃,ופקודי בני גרשונ למשפחותמ ולבית אבתמ,7,ומניני בני גרשון לזרעיתהון ולבית אבהתהון:,6,"Καὶ ἐπεσκέπησαν υἱοὶ Γεδσὼν κατὰ δήμους αὐτῶν, κατ᾽ οἴκους πατριῶν αὐτῶν,",11,ܘܡܢܝܢܐ ܕܒܢ̈ܝ ܓܪܫܘܢ ܠܫܪ̈ܒܬܗܘܢ ܠܒܝܬ ܐܒܗ̈ܝܗܘܢ.,6,"Semelhantemente os que foram contados dos filhos de Gérsom segundo as suas famílias, segundo as casas de seus pais,",19,True,True,True
4,39,Números 4:39,מִבֶּ֨ן שְׁלֹשִׁ֤ים שָׁנָה֙ וָמַ֔עְלָה וְעַ֖ד בֶּן־ חֲמִשִּׁ֣ים שָׁנָ֑ה כָּל־ הַבָּא֙ לַצָּבָ֔א לַעֲבֹדָ֖ה בְּאֹ֥הֶל מוֹעֵֽד ׃,מבנ שלשימ שנה ומעלה ועד בנ חמשימ שנה כל הבא לצבא לעבדה באהל מועד,15,מבר תלתין שנין ולעלא ועד בר חמשין שנין כל דאתי לחילא לפלחנא במשכן זמנא:,14,"ἀπὸ πέντε καὶ εἰκοσαετοῦς καὶ ἐπάνω ἕως πεντηκονταετοῦς, πᾶς ὁ εἰσπορευόμενος λειτουργεῖν καὶ ποιεῖν τὰ ἔργα ἐν τῇ σκηνῇ τοῦ μαρτυρίου.",21,ܡܢ ܒܪ ܬܠܬܝܢ ܫ̈ܢܝܢ ܘܠܥܠ. ܘܥܕܡܐ ܠܒܪ ܚܡܫܝܢ ܫ̈ܢܝܢ ܟܘܠ ܕܐܬ̇ܐ ܒܚܝܠܐ ܠܦܘܠܚܢܐ ܕܡܫܟܢܙܒܢܐ.,14,"da idade de trinta anos para cima até os cinqüenta, todos os que entraram no serviço, para o trabalho na tenda da revelação,",23,True,True,True
4,40,Números 4:40,וַיִּֽהְיוּ֙ פְּקֻ֣דֵיהֶ֔ם לְמִשְׁפְּחֹתָ֖ם לְבֵ֣ית אֲבֹתָ֑ם אַלְפַּ֕יִם וְשֵׁ֥שׁ מֵא֖וֹת וּשְׁלֹשִֽׁים ׃,ויהיו פקדיהמ למשפחתמ לבית אבתמ אלפימ ושש מאות ושלשימ,10,והוו מניניהון לזרעיתהון לבית אבהתהון תרין אלפין ושית מאה ותלתין:,10,"καὶ ἐγένετο ἡ ἐπίσκεψις αὐτῶν κατὰ δήμους αὐτῶν, κατ᾽ οἴκους πατριῶν αὐτῶν, δισχίλιοι ἑξακόσιοι τριάκοντα·",15,ܘܗܘܐ ܡܢܝܢܗܘܢ ܠܫܪ̈ܒܬܗܘܢ ܠܒܝܬ ܐܒܗ̈ܝܗܘܢ ܬܪ̈ܝܢ ܐܠܦܝܢ ܘܫܬܡܐܐ ܘܬܠܬܝܢ.,9,"os que deles foram contados, segundo as suas famílias, segundo as casas de seus pais, eram dois mil seiscentos e trinta.",21,True,True,True
4,41,Números 4:41,אֵ֣לֶּה פְקוּדֵ֗י מִשְׁפְּחֹת֙ בְּנֵ֣י גֵרְשׁ֔וֹן כָּל־ הָעֹבֵ֖ד בְּאֹ֣הֶל מוֹעֵ֑ד אֲשֶׁ֨ר פָּקַ֥ד מֹשֶׁ֛ה וְאַהֲרֹ֖ן עַל־ פִּ֥י יְהוָֽה ׃,אלה פקודי משפחת בני גרשונ כל העבד באהל מועד אשר פקד משה ואהרנ על פי יהוה,17,אלין מניני זרעית בני גרשון כל דפלח במשכן זמנא די מנא משה ואהרן על מימרא דיי:,16,"αὕτη ἡ ἐπίσκεψις δήμου υἱῶν Γεδσών, πᾶς ὁ λειτουργῶν ἐν τῇ σκηνῇ τοῦ μαρτυρίου, οὓς ἐπεσκέψατο Μωυσῆς καὶ Ἀαρὼν διὰ φωνῆς Κυρίου ἐν χειρὶ Μωυσῆ.",25,ܗܠܝܢ ܡܢܝ̈ܢܐ ܕܫܪܒܬܐ ܕܒܢ̈ܝ ܓܪܫܘܢ. ܟܠ ܕܦܠ̇ܚ ܒܡܫܟܢܙܒܢܐ. ܕܡܢܐ ܡܘܫܐ ܘܐܗܪܘܢ ܒܡܠܬ ܦܘܡܗ ܕܡܪܝܐ.,14,"Esses são os que foram contados das famílias dos filhos de Gérsom todos os que haviam de servir na tenda da revelação, aos quais Moisés e Arão contaram, conforme o mandado do Senhor.",33,True,True,True
4,42,Números 4:42,וּפְקוּדֵ֕י מִשְׁפְּחֹ֖ת בְּנֵ֣י מְרָרִ֑י לְמִשְׁפְּחֹתָ֖ם לְבֵ֥ית אֲבֹתָֽם ׃,ופקודי משפחת בני מררי למשפחתמ לבית אבתמ,8,ומניני זרעית בני מררי לזרעיתהון לבית אבהתהון:,7,"Ἐπεσκέπησαν δὲ καὶ δῆμος υἱῶν Μεραρεὶ κατὰ δήμους αὐτῶν, κατ᾽ οἴκους πατριῶν αὐτῶν,",13,ܘܡܢܝܢܐ ܕܫܪܒܬܐ ܕܒܢ̈ܝ ܡܪܪܝ ܠܫܪ̈ܒܬܗܘܢ ܠܒܝܬ ܐܒܗ̈ܝܗܘܢ.,7,"E os que foram contados das famílias dos filhos de Merári, segundo as suas famílias, segundo as casas de seus pais,",21,True,True,True
4,43,Números 4:43,מִבֶּ֨ן שְׁלֹשִׁ֤ים שָׁנָה֙ וָמַ֔עְלָה וְעַ֖ד בֶּן־ חֲמִשִּׁ֣ים שָׁנָ֑ה כָּל־ הַבָּא֙ לַצָּבָ֔א לַעֲבֹדָ֖ה בְּאֹ֥הֶל מוֹעֵֽד ׃,מבנ שלשימ שנה ומעלה ועד בנ חמשימ שנה כל הבא לצבא לעבדה באהל מועד,15,מבר תלתין שנין ולעלא ועד בר חמשין שנין כל דאתי לחילא לפלחנא במשכן זמנא:,14,"ἀπὸ πέντε καὶ εἰκοσαετοῦς καὶ ἐπάνω ἕως πεντηκονταετοῦς, πᾶς ὁ εἰσπορευόμενος λειτουργεῖν πρὸς τὰ ἔργα τῆς σκηνῆς τοῦ μαρτυρίου.",19,ܡܢ ܒܪ ܬܠܬܝܢ ܫ̈ܢܝܢ ܘܠܥܠ. ܘܥܕܡܐ ܠܒܪ ܚܡܫܝܢ ܫ̈ܢܝܢ. ܟܘܠ ܕܐܬ̇ܐ ܒܚܝܠܐ ܠܦܘܠܚܢܐ ܕܡܫܟܢ ܙܒܢܐ.,15,"da idade de trinta anos para cima até os cinqüenta, todos os que entraram no serviço, para o trabalho na tenda da revelação,",23,True,True,True
4,44,Números 4:44,וַיִּהְי֥וּ פְקֻדֵיהֶ֖ם לְמִשְׁפְּחֹתָ֑ם שְׁלֹ֥שֶׁת אֲלָפִ֖ים וּמָאתָֽיִם ׃,ויהיו פקדיהמ למשפחתמ שלשת אלפימ ומאתימ,7,והוו מניניהון לזרעיתהון תלתא אלפין ומאתן:,6,"καὶ ἐγενήθη ἡ ἐπίσκεψις αὐτῶν κατὰ δήμους αὐτῶν, κατ᾽ οἴκους πατριῶν αὐτῶν, τρισχίλιοι καὶ διακόσιοι·",15,ܘܗܘܐ ܡܢܝܢܗܘܢ ܠܫܪ̈ܒܬܗܘܢ . ܬܠܬܐ ܐ̈ܠܦܝܢ ܘܡܐܬܝܢ.,7,"os que deles foram contados, segundo as suas famílias, eram três mil e duzentos.",14,True,True,True
4,45,Números 4:45,אֵ֣לֶּה פְקוּדֵ֔י מִשְׁפְּחֹ֖ת בְּנֵ֣י מְרָרִ֑י אֲשֶׁ֨ר פָּקַ֤ד מֹשֶׁה֙ וְאַהֲרֹ֔ן עַל־ פִּ֥י יְהוָ֖ה בְּיַד־ מֹשֶֽׁה ׃,אלה פקודי משפחת בני מררי אשר פקד משה ואהרנ על פי יהוה ביד משה,15,אלין מניני זרעית בני מררי די מנא משה ואהרן על מימרא דיי בידא דמשה:,14,"αὕτη ἡ ἐπίσκεψις δήμου υἱῶν Μεραρεί, οὓς ἐπεσκέψατο Μωυσῆς καὶ Ἀαρὼν διὰ φωνῆς Κυρίου ἐν χειρὶ Μωυσῆ.",17,ܗܠܝܢ ܡܢܝ̈ܢܐ ܕܫܪ̈ܒܬܐ ܕܒܢܝ ܡܪܪܝ. ܕܡܢܐ ܡܘܫܐ ܘܐܗܪܘܢ ܒܡܠܬ ܦܘܡܗ ܕܡܪܝܐ ܒܐܝܕܐ ܕܡܘܫܐ.,13,"Esses são os que foram contados das famílias dos filhos de Merári, aos quais Moisés e Arão contaram, conforme o mandado do Senhor por intermédio de Moisés.",27,True,True,True
4,46,Números 4:46,כָּֽל־ הַפְּקֻדִ֡ים אֲשֶׁר֩ פָּקַ֨ד מֹשֶׁ֧ה וְאַהֲרֹ֛ן וּנְשִׂיאֵ֥י יִשְׂרָאֵ֖ל אֶת־ הַלְוִיִּ֑ם לְמִשְׁפְּחֹתָ֖ם וּלְבֵ֥ית אֲבֹתָֽם ׃,כל הפקדימ אשר פקד משה ואהרנ ונשיאי ישראל את הלוימ למשפחתמ ולבית אבתמ,14,כל מניניא די מנא משה ואהרן ורברבי ישראל ית לואי לזרעיתהון ולבית אבהתהון:,13,"Πάντες οἱ ἐπεσκεμμένοι οὓς ἐπεσκέψατο Μωυσῆς καὶ Ἀαρὼν καὶ οἱ ἄρχοντες Ἰσραήλ, τοὺς Λευείτας, κατὰ δήμους καὶ κατ᾽ οἴκους πατριῶν,",20,ܟܠ ܡܢܝ̈ܢܐ ܕܡܢܐ ܡܘܫܐ ܘܐܗܪܘܢ ܘܪܘܪ̈ܒܢܐ ܕܐܝܣܪܝܠ. ܠܠܘ̈ܝܐ ܠܫܪ̈ܒܬܗܘܢ ܠܒܝܬ ܐܒܗ̈ܝܗܘܢ.,11,"Todos os que foram contados dos levitas, aos quais contaram Moisés e Arão e os príncipes de Israel, segundo as suas famílias, segundo as casas de seus pais,",28,True,True,True
4,47,Números 4:47,מִבֶּ֨ן שְׁלֹשִׁ֤ים שָׁנָה֙ וָמַ֔עְלָה וְעַ֖ד בֶּן־ חֲמִשִּׁ֣ים שָׁנָ֑ה כָּל־ הַבָּ֗א לַעֲבֹ֨ד עֲבֹדַ֧ת עֲבֹדָ֛ה וַעֲבֹדַ֥ת מַשָּׂ֖א בְּאֹ֥הֶל מוֹעֵֽד ׃,מבנ שלשימ שנה ומעלה ועד בנ חמשימ שנה כל הבא לעבד עבדת עבדה ועבדת משא באהל מועד,18,מבר תלתין שנין ולעלא ועד בר חמשין שנין כל דאתי למפלח פלחן פלחנא ופלחן מטול במשכן זמנא:,17,"ἀπὸ πέντε καὶ εἰκοσαετοῦς καὶ ἐπάνω ἕως πεντηκονταετοῦς, πᾶς ὁ εἰσπορευόμενος πρὸς τὸ ἔργον τῶν ἔργων καὶ τὰ ἔργα τὰ αἰρόμενα ἐν τῇ σκηνῇ τοῦ μαρτυρίου·",26,ܡܢ ܒܪ ܬܠܬܝܢ ܫ̈ܢܝܢ ܘܠܥܠ. ܘܥܕܡܐ ܠܒܪ ܚܡܫܝܢ ܫ̈ܢܝܢ. ܟܘܠ ܕܐܬ̇ܐ ܒܚܝܠܐ ܠܡܥܒܕ ܥܒܕܐ ܒܦܘܠܚܢܐ . ܘܦܘܠܚܢܐ ܕܫܩܘܠܬܐ ܒܡܫܟܢܙܒܢܐ.,19,"da idade de trinta anos para cima até os cinqüenta, todos os que entraram no serviço para trabalharem e para levarem cargas na tenda da revelação,",26,True,True,True
4,48,Números 4:48,וַיִּהְי֖וּ פְּקֻדֵיהֶ֑ם שְׁמֹנַ֣ת אֲלָפִ֔ים וַחֲמֵ֥שׁ מֵא֖וֹת וּשְׁמֹנִֽים ׃,ויהיו פקדיהמ שמנת אלפימ וחמש מאות ושמנימ,8,והוו מניניהון תמניא אלפין וחמש מאה ותמנן:,7,καὶ ἐγενήθησαν οἱ ἐπισκεπέντες ὀκτακισχίλιοι πεντακόσιοι ὀγδοήκοντα.,7,ܘܗܘܐ ܡܢܝܢܗܘܢ ܬܡܢܝܐ ܐ̈ܠܦܝܢ ܘܚܡܫܡܐܐ ܘܬܡܢܐܝܢ .,7,os que deles foram contados eram oito mil quinhentos e oitenta.,11,True,True,True
4,49,Números 4:49,עַל־ פִּ֨י יְהוָ֜ה פָּקַ֤ד אוֹתָם֙ בְּיַד־ מֹשֶׁ֔ה אִ֥ישׁ אִ֛ישׁ עַל־ עֲבֹדָת֖וֹ וְעַל־ מַשָּׂא֑וֹ וּפְקֻדָ֕יו אֲשֶׁר־ צִוָּ֥ה יְהוָ֖ה אֶת־ מֹשֶֽׁה ׃ פ,על פי יהוה פקד אותמ ביד משה איש איש על עבדתו ועל משאו ופקדיו אשר צוה יהוה את משה פ,21,על מימרא דיי מנא יתהון בידא דמשה גבר גבר על פלחניה ועל מטוליה ומנינוהי די פקיד יי ית משה:,19,"διὰ φωνῆς Κυρίου ἐπεσκέψατο αὐτοὺς ἐν χειρὶ Μωυσῆ, ἄνδρα κατ᾽ ἄνδρα ἐπὶ τῶν ἔργων αὐτῶν καὶ ἐπὶ ὧν αἴρουσιν αὐτοί· καὶ ἐπεσκέπησαν ὃν τρόπον συνέταξεν Κύριος τῷ Μωυσῇ.",28,ܒܡܠܬ ܦܘܡܗ ܕܡܪܝܐ ܡܢܐ ܐܢܘܢ ܒܐܝܕܐ ܕܡܘܫܐ. ܓܒܪ ܓܒܪ ܥܠ ܦܘܠܚܢܗ ܘܥܠ ܫܩܠܗ . ܘܡܢܐ ܐܢܘܢ ܐܝܟ ܕܦܩܕ ܡܪܝܐ ܠܡܘܫܐ.,20,"Conforme o mandado do Senhor foram contados por Moisés, cada qual segundo o seu serviço, e segundo o seu cargo; assim foram contados por ele, como o Senhor lhe ordenara.",30,True,True,True
5,1,Números 5:1,וַיְדַבֵּ֥ר יְהוָ֖ה אֶל־ מֹשֶׁ֥ה לֵּאמֹֽר ׃,וידבר יהוה אל משה לאמר,6,ומליל יי עם משה למימר:,5,Καὶ ἐλάλησεν Κύριος πρὸς Μωυσῆν λέγων,6,ܘܡܠܠ ܡܪܝܐ ܥܡ ܡܘܫܐ ܘܐܡܪ ܠܗ.,6,Disse mais o Senhor a Moisés:,6,True,True,True
5,2,Números 5:2,צַ֚ו אֶת־ בְּנֵ֣י יִשְׂרָאֵ֔ל וִֽישַׁלְּחוּ֙ מִן־ הַֽמַּחֲנֶ֔ה כָּל־ צָר֖וּעַ וְכָל־ זָ֑ב וְכֹ֖ל טָמֵ֥א לָנָֽפֶשׁ ׃,צו את בני ישראל וישלחו מנ המחנה כל צרוע וכל זב וכל טמא לנפש,15,פקיד ית בני ישראל וישלחון מן משריתא כל דסגיר וכל דדאב וכל דמסאב לטמי נפשא דאנשא:,16,"Πρόσταξον τοῖς υἱοῖς Ἰσραήλ, καὶ ἐξαποστειλάτωσαν ἐκ τῆς παρεμβολῆς πάντα λεπρὸν καὶ πάντα γονορρυῆ καὶ πάντα ἀκάθαρτον ἐπὶ ψυχῇ·",19,ܦܩܕ ܠܒܢ̈ܝ ܐܝܣܪܝܠ. ܕܢܦܩܘܢ ܠܒܪ ܡܢ ܡܫܪܝܬܐ. ܠܟܘܠ ܕܓܪܒ ܘܠܟܠ ܕܕܐ̇ܒ. ܘܠܟܠ ܕܛܡܐ ܒܢܦܫܗ.,14,"Ordena aos filhos de Israel que lancem para fora do arraial a todo leproso, e a todo o que padece fluxo, e a todo o que está oriundo por ter tocado num morto;",33,True,True,True
5,3,Números 5:3,מִזָּכָ֤ר עַד־ נְקֵבָה֙ תְּשַׁלֵּ֔חוּ אֶל־ מִח֥וּץ לַֽמַּחֲנֶ֖ה תְּשַׁלְּח֑וּם וְלֹ֤א יְטַמְּאוּ֙ אֶת־ מַ֣חֲנֵיהֶ֔ם אֲשֶׁ֥ר אֲנִ֖י שֹׁכֵ֥ן בְּתוֹכָֽם ׃,מזכר עד נקבה תשלחו אל מחוצ למחנה תשלחומ ולא יטמאו את מחניהמ אשר אני שכנ בתוכמ,17,מדכר עד נוקבא תשלחון למברא למשריתא תשלחנון ולא יסאבון ית משריתהון די שכנתי שריא ביניהון:,15,"ἀπὸ ἀρσενικοῦ ἕως θηλυκοῦ, ἐξαποστείλατε ἔξω τῆς παρεμβολῆς, καὶ οὐ μὴ μιανοῦσιν τὰς παρεμβολὰς αὐτῶν, ἐν οἷς ἐγὼ καταγίνομαι ἐν αὐτοῖς.",21,ܡܢ ܕܟܪܐ ܘܥܕܡܐ ܠܢܩܒܬܐ. ܬܦܩܘܢ ܐܢܘܢ ܠܒܪ ܡܢ ܡܫܪܝܬܐ. ܘܠܐ ܢܛܡܐܘܢ ܡܫܪܝܬܟܘܢ. ܕܐܢܐ ܫܪܐ ܐܢܐ ܒܝܢܬܟܘܢ.,16,"tanto homem como mulher os lançareis para fora, sim, para fora do arraial os lançareis; para que não contaminem o seu arraial, no meio do qual eu habito.",28,True,True,True
5,4,Números 5:4,וַיַּֽעֲשׂוּ־ כֵן֙ בְּנֵ֣י יִשְׂרָאֵ֔ל וַיְשַׁלְּח֣וּ אוֹתָ֔ם אֶל־ מִח֖וּץ לַֽמַּחֲנֶ֑ה כַּאֲשֶׁ֨ר דִּבֶּ֤ר יְהוָה֙ אֶל־ מֹשֶׁ֔ה כֵּ֥ן עָשׂ֖וּ בְּנֵ֥י יִשְׂרָאֵֽל ׃ פ,ויעשו כנ בני ישראל וישלחו אותמ אל מחוצ למחנה כאשר דבר יהוה אל משה כנ עשו בני ישראל פ,20,ועבדו כן בני ישראל ושלחו יתהון למברא למשריתא כמא די מליל יי עם משה כן עבדו בני ישראל:,18,"καὶ ἐποίησαν οὕτως οἱ υἱοὶ Ἰσραήλ, καὶ ἐξαπέστειλαν αὐτοὺς ἔξω τῆς παρεμβολῆς· καθὰ ἐλάλησεν Κύριος Μωυσῇ, οὕτως ἐποίησαν οἱ υἱοὶ Ἰσραήλ.",21,ܘܥܒܕܘ ܗܟܢܐ ܒܢ̈ܝ ܐܝܣܪܝܠ. ܘܐܦܩܘ ܐܢܘܢ ܠܒܪ ܡܢ ܡܫܪܝܬܐ. ܘܐܝܟ ܕܐܡܪ ܡܪܝܐ ܠܡܘܫܐ. ܗܟܢܐ ܥܒܕܘ ܒܢ̈ܝ ܐܝܣܪܝܠ.,17,"Assim fizeram os filhos de Israel, lançando-os para fora do arraial; como o Senhor falara a Moisés, assim fizeram os filhos de Israel.",23,True,True,True
5,5,Números 5:5,וַיְדַבֵּ֥ר יְהוָ֖ה אֶל־ מֹשֶׁ֥ה לֵּאמֹֽר ׃,וידבר יהוה אל משה לאמר,6,ומליל יי עם משה למימר:,5,Καὶ ἐλάλησεν Κύριος πρὸς Μωυσῆν λέγων,6,ܘܡܠܠ ܡܪܝܐ ܥܡ ܡܘܫܐ ܘܐܡܪ ܠܗ.,6,Disse mais o Senhor a Moisés:,6,True,True,True
5,6,Números 5:6,דַּבֵּר֮ אֶל־ בְּנֵ֣י יִשְׂרָאֵל֒ אִ֣ישׁ אֽוֹ־ אִשָּׁ֗ה כִּ֤י יַעֲשׂוּ֙ מִכָּל־ חַטֹּ֣את הָֽאָדָ֔ם לִמְעֹ֥ל מַ֖עַל בַּיהוָ֑ה וְאָֽשְׁמָ֖ה הַנֶּ֥פֶשׁ הַהִֽוא ׃,דבר אל בני ישראל איש או אשה כי יעשו מכל חטאת האדמ למעל מעל ביהוה ואשמה הנפש ההוא,19,מלל עם בני ישראל גבר או אתתא ארי יעבדון מכל חובי אנשא לשקרא שקר קדם יי ויחוב אנשא ההוא:,19,"Λάλησον τοῖς υἱοῖς Ἰσραὴλ λέγων Ἀνὴρ ἢ γυνὴ ὅστις ἐὰν ποιήσῃ ἀπὸ τῶν ἁμαρτιῶν τῶν ἀνθρωπίνων, καὶ παριδὼν παρίδῃ καὶ πλημμελῶν πλημμελήσῃ ἡ ψυχὴ ἐκείνη,",25,ܐܡܪ ܠܒܢ̈ܝ ܐܝܣܪܝܠ . ܓܒܪܐ ܐܘ ܐܢܬܬܐ ܐܢ ܢܥܒܕܘܢ ܡܢ ܟܠ ܚ̈ܛܗܐ ܕܒ̈ܢܝ ܐܢܫܐ ܘܢܥܒܕܘܢ ܥܘܠܐ. ܩܕܡ ܡܪܝܐ ܬܬܚܝܒ ܢܦܫܐ ܗ̇ܝ.,21,"Dize aos filhos de Israel: Quando homem ou mulher pecar contra o seu próximo, transgredindo os mandamentos do Senhor, e tornando-se assim culpado,",23,True,True,True
5,7,Números 5:7,וְהִתְוַדּ֗וּ אֶֽת־ חַטָּאתָם֮ אֲשֶׁ֣ר עָשׂוּ֒ וְהֵשִׁ֤יב אֶת־ אֲשָׁמוֹ֙ בְּרֹאשׁ֔וֹ וַחֲמִישִׁת֖וֹ יֹסֵ֣ף עָלָ֑יו וְנָתַ֕ן לַאֲשֶׁ֖ר אָשַׁ֥ם לֽוֹ ׃,והתודו את חטאתמ אשר עשו והשיב את אשמו בראשו וחמישתו יספ עליו ונתנ לאשר אשמ לו,17,ויודון ית חוביהון די עבדו ויתב ית חובתיה ברישיה וחמשיה יוסף עלוהי ויתן לדחב ליה:,15,"ἐξαγορεύσει τὴν ἁμαρτίαν ἣν ἐποίησεν, καὶ ἀποδώσει τὴν πλημμελίαν, τὸ κεφάλαιον, καὶ τὸ ἐπίπεμπτον αὐτοῦ προσθήσει ἐπ᾽ αὐτό, καὶ ἀποδώσει τίνι ἐπλημμέλησεν αὐτῷ.",23,ܘܢܘܕܘܢ ܚ̈ܛܗܝܗܘܢ ܕܥܒܕܘ ܘܢܗܦܘܟ ܚܛܗܗ ܥܠ ܪܝܫܗ. ܘܚܕ ܡܢ ܚܡܫܐ ܢܘܣܦ ܥܠܘܗܝ. ܘܢܦܢܐ ܠܡ̇ܢ ܕܕܝܠܗ ܗܘ ܚܛܗܐ.,17,"confessará o pecado que tiver cometido, e pela sua culpa fará plena restituição, e ainda lhe acrescentará a sua quinta parte; e a dará àquele contra quem se fez culpado.",30,True,True,True
5,8,Números 5:8,וְאִם־ אֵ֨ין לָאִ֜ישׁ גֹּאֵ֗ל לְהָשִׁ֤יב הָאָשָׁם֙ אֵלָ֔יו הָאָשָׁ֛ם הַמּוּשָׁ֥ב לַיהוָ֖ה לַכֹּהֵ֑ן מִלְּבַ֗ד אֵ֚יל הַכִּפֻּרִ֔ים אֲשֶׁ֥ר יְכַפֶּר־ בּ֖וֹ עָלָֽיו ׃,ואמ אינ לאיש גאל להשיב האשמ אליו האשמ המושב ליהוה לכהנ מלבד איל הכפרימ אשר יכפר בו עליו,19,ואם לית לגבר פריק לאתבא חובתא ליה חובתא דמתב קדם יי לכהנא בר מדכר כפוריא די יכפר ביה עלוהי:,19,"ἐὰν δὲ μὴ ᾖ τῷ ἀνθρώπῳ ὁ ἀγχιστεύων ὥστε ἀποδοῦναι αὐτῷ τὸ πλημμέλημα πρὸς αὐτόν, τὸ πλημμέλημα τὸ ἀποδιδόμενον Κυρίῳ τῷ ἱερεῖ ἔσται, πλὴν τοῦ κριοῦ τοῦ ἱλασμοῦ δι᾽ οὗ ἐξιλάσεται ἐν αὐτῷ περὶ αὐτοῦ.",35,ܘܐܢ ܠܝܬ ܠܗ ܠܓܒܪܐ. ܡ̇ܢ ܕܩܪܝܒ ܠܗ ܢܝܬܐ ܚܠܦ ܚܛܗܐ ܥܠ ܐܦܘ̈ܗܝ. ܚܛܗܐ ܕܡܝܬܝܢ ܚܠܦܘܗܝ ܩܕܡ ܡܪܝܐ. ܠܟܗܢܐ ܢܗܘܐ . ܣܛܪ ܡܢ ܕܟܪܐ ܕܚܘܣܝܐ ܕܡܬܚܣܐ ܒܗ ܥܠܘܗܝ.,27,"Mas, se esse homem não tiver parente chegado, a quem se possa fazer a restituição pela culpa, esta será feita ao Senhor, e será do sacerdote, além do carneiro da expiação com que se fizer expiação por ele.",38,True,True,True
5,9,Números 5:9,וְכָל־ תְּרוּמָ֞ה לְכָל־ קָדְשֵׁ֧י בְנֵי־ יִשְׂרָאֵ֛ל אֲשֶׁר־ יַקְרִ֥יבוּ לַכֹּהֵ֖ן ל֥וֹ יִהְיֶֽה ׃,וכל תרומה לכל קדשי בני ישראל אשר יקריבו לכהנ לו יהיה,12,וכל אפרשותא לכל קודשיא דבני ישראל די יקרבון לכהנא דליה יהא:,11,"καὶ πᾶσα ἀπαρχὴ κατὰ πάντα τὰ ἁγιαζόμενα ἐν υἱοῖς Ἰσραήλ, ὅσα ἂν προσφέρωσιν τῷ κυρίῳ τῷ ἱερεῖ, αὐτῷ ἔσται.",19,ܘܟܘܠܗ ܦܘܪܫܢܐ ܕܟܠܗܘܢ ܩܘ̈ܕܫܐ ܕܡܩܪܒܝܢ ܒܢ̈ܝ ܐܝܣܪܝܠ ܠܟܗܢܐ ܕܝܠܗ ܢܗܘܐ.,10,"Semelhantemente toda oferta alçada de todas as coisas consagradas dos filhos de Israel, que estes trouxerem ao sacerdote, será dele.",20,True,True,True
5,10,Números 5:10,וְאִ֥ישׁ אֶת־ קֳדָשָׁ֖יו ל֣וֹ יִהְי֑וּ אִ֛ישׁ אֲשֶׁר־ יִתֵּ֥ן לַכֹּהֵ֖ן ל֥וֹ יִהְיֶֽה ׃ פ,ואיש את קדשיו לו יהיו איש אשר יתנ לכהנ לו יהיה פ,13,וגבר ית מעשר קודשיה דליה יהון גבר דיתן לכהנא דליה יהא:,11,"καὶ ἑκάστῳ τὰ ἡγιασμένα αὐτοῦ ἔσται· ἀνὴρ ὃς ἐὰν δῷ τῷ ἱερεῖ, αὐτῷ ἔσται.",14,ܘܓܒܪ ܩܘܕܫܗ ܠܗ ܢܗܘܐ. ܘܓܒܪ ܕܢܬܠ ܠܟܗܢܐ ܠܗ ܢܗܘܐ.,9,"Enfim, as coisas consagradas de cada um serão do sacerdote; tudo o que alguém lhe der será dele.",18,True,True,True
5,11,Números 5:11,וַיְדַבֵּ֥ר יְהוָ֖ה אֶל־ מֹשֶׁ֥ה לֵּאמֹֽר ׃,וידבר יהוה אל משה לאמר,6,ומליל יי עם משה למימר:,5,Καὶ ἐλάλησεν Κύριος πρὸς Μωυσῆν λέγων,6,ܘܡܠܠ ܡܪܝܐ ܥܡ ܡܘܫܐ ܘܐܡܪ ܠܗ.,6,Disse mais o Senhor a Moisés:,6,True,True,True
5,12,Números 5:12,דַּבֵּר֙ אֶל־ בְּנֵ֣י יִשְׂרָאֵ֔ל וְאָמַרְתָּ֖ אֲלֵהֶ֑ם אִ֥ישׁ אִישׁ֙ כִּֽי־ תִשְׂטֶ֣ה אִשְׁתּ֔וֹ וּמָעֲלָ֥ה ב֖וֹ מָֽעַל ׃,דבר אל בני ישראל ואמרת אלהמ איש איש כי תשטה אשתו ומעלה בו מעל,15,מלל עם בני ישראל ותימר להון גבר גבר ארי תסטי אתתיה ותשקר ביה שקר:,14,"Λάλησον τοῖς υἱοῖς Ἰσραὴλ καὶ ἐρεῖς πρὸς αὐτούς Ἀνδρὸς ἀνδρὸς ἐὰν παραβῇ ἡ γυνὴ αὐτοῦ καὶ παρίδῃ αὐτὸν ὑπεριδοῦσα,",19,ܡܠܠ ܥܡ ܒܢ̈ܝ ܐܝܣܪܝܠ ܘܐܡܪ ܠܗܘܢ. ܓܒܪ ܓܒܪ ܟܕ ܬܫܛܐ ܐܢܬܬܗ ܘܬܥܒܕ ܒܗ ܥܘܠܐ.,14,"Fala aos filhos de Israel, e dize-lhes: Se a mulher de alguém se desviar pecando contra ele,",17,True,True,True
5,13,Números 5:13,וְשָׁכַ֨ב אִ֣ישׁ אֹתָהּ֮ שִׁכְבַת־ זֶרַע֒ וְנֶעְלַם֙ מֵעֵינֵ֣י אִישָׁ֔הּ וְנִסְתְּרָ֖ה וְהִ֣יא נִטְמָ֑אָה וְעֵד֙ אֵ֣ין בָּ֔הּ וְהִ֖וא לֹ֥א נִתְפָּֽשָׂה ׃,ושכב איש אתה שכבת זרע ונעלמ מעיני אישה ונסתרה והיא נטמאה ועד אינ בה והוא לא נתפשה,18,וישכב גבר יתה שכבת זרעא ויהי מכסא מעיני בעלה ומטמרא והיא מסאבא וסהיד לית בה והיא לא אתחדת:,18,"καὶ κοιμηθῇ τις μετ᾽ αὐτῆς κοίτην σπέρματος, καὶ λάθῃ ἐξ ὀφθαλμῶν τοῦ ἀνδρὸς αὐτῆς καὶ κρύψῃ, αὐτὴ δὲ ᾖ μεμιαμμένη, καὶ μάρτυς μὴ ἦν μετ᾽ αὐτῆς καὶ αὐτὴ μὴ ᾖ συνειλημμένη·",31,ܘܢܕܡܟ ܓܒܪܐ ܥܡܗ̇ ܡܕܡܟܐ ܕܙܪܥܐ. ܘܟܣܝܐ ܗܝ ܡܢ ܥܝ̈ܢܝ ܒܥܠܗ̇ ܘܡܛܫܝܐ. ܘܗܝ ܡܛܡܐܐ ܗܝ. ܘܣܗܕܐ ܠܝܬ ܥܠܝܗ̇. ܘܗܝ ܠܐ ܐܬܬܚܕܬ.,20,"e algum homem se deitar com ela, sendo isso oculto aos olhos de seu marido e conservado encoberto, se ela se tiver contaminado, e contra ela não houver testemunha, por não ter sido apanhada em flagrante;",36,True,True,True
5,14,Números 5:14,וְעָבַ֨ר עָלָ֧יו רֽוּחַ־ קִנְאָ֛ה וְקִנֵּ֥א אֶת־ אִשְׁתּ֖וֹ וְהִ֣וא נִטְמָ֑אָה אוֹ־ עָבַ֨ר עָלָ֤יו רֽוּחַ־ קִנְאָה֙ וְקִנֵּ֣א אֶת־ אִשְׁתּ֔וֹ וְהִ֖יא לֹ֥א נִטְמָֽאָה ׃,ועבר עליו רוח קנאה וקנא את אשתו והוא נטמאה או עבר עליו רוח קנאה וקנא את אשתו והיא לא נטמאה,21,ויעבר עלוהי רוח קנאה ויקני ית אתתיה והיא מסאבא או עבר עלוהי רוח קנאה ויקני ית אתתיה והיא לא מסאבא:,20,"καὶ ἐπέλθῃ αὐτῷ πνεῦμα ζηλώσεως καὶ ζηλώσῃ τὴν γυναῖκα αὐτοῦ, αὐτὴ δὲ μεμίανται, ἢ ἐπέλθῃ αὐτῷ πνεῦμα ζηλώσεως καὶ ζηλώσῃ τὴν γυναῖκα αὐτοῦ, αὐτὴ δὲ μὴ ᾖ μεμιαμμένη·",28,ܘܬܐܬܐ ܥܠ ܒܥܠܗ̇ ܪܘܚܐ ܕܛܢܢܐ ܘܢܛܢ ܒܐܢܬܬܗ. ܟܕ ܗܝ ܡܛܡܐܐ. ܐܘ ܬܐܬܐ ܥܠܘܗܝ ܪܘܚܐ ܕܛܢܢܐ. ܘܢܛܢ ܒܐܢܬܬܗ ܟܕ ܗܝ ܠܐ ܗܘܬ ܡܛܡܐܐ.,22,"se o espírito de ciúmes vier sobre ele, e de sua mulher tiver ciúmes, por ela se haver contaminado, ou se sobre ele vier o espírito de ciúmes, e de sua mulher tiver ciúmes, mesmo que ela não se tenha contaminado;",41,True,True,True
5,15,Números 5:15,וְהֵבִ֨יא הָאִ֣ישׁ אֶת־ אִשְׁתּוֹ֮ אֶל־ הַכֹּהֵן֒ וְהֵבִ֤יא אֶת־ קָרְבָּנָהּ֙ עָלֶ֔יהָ עֲשִׂירִ֥ת הָאֵיפָ֖ה קֶ֣מַח שְׂעֹרִ֑ים לֹֽא־ יִצֹ֨ק עָלָ֜יו שֶׁ֗מֶן וְלֹֽא־ יִתֵּ֤ן עָלָיו֙ לְבֹנָ֔ה כִּֽי־ מִנְחַ֤ת קְנָאֹת֙ ה֔וּא מִנְחַ֥ת זִכָּר֖וֹן מַזְכֶּ֥רֶת עָוֺֽן ׃,והביא האיש את אשתו אל הכהנ והביא את קרבנה עליה עשירת האיפה קמח שערימ לא יצק עליו שמנ ולא יתנ עליו לבנה כי מנחת קנאת הוא מנחת זכרונ מזכרת עונ,31,וייתי גברא ית אתתיה לות כהנא וייתי ית קרבנה עלה חד מן עסרא בתלת סאין קמחא שערין לא יריק עלוהי משחא ולא יתן עלוהי לבנתא ארי מנחת קנאתא הוא מנחת דוכרנא מדכרת חובא:,33,"καὶ ἄξει ὁ ἄνθρωπος τὴν γυναῖκα αὐτοῦ πρὸς τὸν ἱερέα, καὶ προσοίσει τὸ δῶρον περὶ αὐτῆς, τὸ δέκατον τοῦ οἰφί, ἄλευρον κρίθινον· οὐκ ἐπιχεεῖ ἐπ᾽ αὐτὸ ἔλαιον οὐδὲ ἐπιθήσει ἐπ᾽ αὐτὸ λίβανον, ἔστιν γὰρ θυσία ζηλοτυπίας, θυσία μνημοσύνου ἀναμιμνήσκουσα ἁμαρτίαν.",40,ܢܝܬܐ ܓܒܪܐ ܩܘܪܒܢܗ ܠܘܬ ܟܗܢܐ . ܚܕ ܡܢ ܥܣܪܐ ܠܣܐܬܐ ܩܡܚܐ ܕܣܥܪ̈ܐ. ܘܠܐ ܢܣܘܟ ܥܠܘܗܝ ܡܫܚܐ. ܘܠܐ ܢܣܝܡ ܥܠܘܗܝ ܠܒܘܢܬܐ. ܡܛܠ ܕܣܡܝܕܐ ܗܘ ܕܛܢܢܐ. ܣܡܝܕܐ ܗܘ ܕܕܘܟܪܢܐ ܕܡܕܟܪ ܚܛܗܐ.,29,"o homem trará sua mulher perante o sacerdote, e juntamente trará a sua oferta por ela, a décima parte de uma efa de farinha de cevada, sobre a qual não deitará azeite nem porá incenso; porquanto é oferta de cereais por ciúmes, oferta memorativa, que traz a iniqüidade à memória.",50,True,True,True
5,16,Números 5:16,וְהִקְרִ֥יב אֹתָ֖הּ הַכֹּהֵ֑ן וְהֶֽעֱמִדָ֖הּ לִפְנֵ֥י יְהוָֽה ׃,והקריב אתה הכהנ והעמדה לפני יהוה,7,ויקרב יתה כהנא ויקימנה קדם יי:,6,"καὶ προσάξει αὐτὴν ὁ ἱερεύς, καὶ στήσει αὐτὴν ἔναντι Κυρίου·",10,ܢܩܪܒܝܗ̇ ܟܗܢܐ ܘܬܩܘܡ ܩܕܡ ܡܪܝܐ.,5,"O sacerdote fará a mulher chegar, e a porá perante o Senhor.",12,True,True,True
5,17,Números 5:17,וְלָקַ֧ח הַכֹּהֵ֛ן מַ֥יִם קְדֹשִׁ֖ים בִּכְלִי־ חָ֑רֶשׂ וּמִן־ הֶֽעָפָ֗ר אֲשֶׁ֤ר יִהְיֶה֙ בְּקַרְקַ֣ע הַמִּשְׁכָּ֔ן יִקַּ֥ח הַכֹּהֵ֖ן וְנָתַ֥ן אֶל־ הַמָּֽיִם ׃,ולקח הכהנ מימ קדשימ בכלי חרש ומנ העפר אשר יהיה בקרקע המשכנ יקח הכהנ ונתנ אל המימ,18,ויסב כהנא מי כיור במן דחסף ומן עפרא די יהי ביסודי משכנא יסב כהנא ויתן למיא:,16,"καὶ λήμψεται ὁ ἱερεὺς ὕδωρ καθαρὸν ζῶν ἐν ἀγγίῳ ὀστρακίνῳ, καὶ τῆς γῆς τῆς οὔσης ἐπὶ τοῦ ἐδάφους τῆς σκηνῆς τοῦ μαρτυρίου, καὶ λαβὼν ὁ ἱερεὺς ἐμβαλεῖ εἰς τὸ ὕδωρ·",30,ܘܢܣܒ ܟܗܢܐ ܡ̈ܝܐ ܩ̈ܕܝܫܐ ܒܡܐܢܐ ܕܦܚܪܐ. ܘܡܢ ܥܦܪܐ ܕܐܝܬ ܒܫ̈ܦܘܠܘܗܝ ܕܡܕܒܚܐ . ܢܣܒ ܟܗܢܐ ܘܢܪܡܐ ܒܡ̈ܝܐ.,16,"E o sacerdote tomará num vaso de barro água sagrada; também tomará do pó que houver no chão do tabernáculo, e o deitará na água.",25,True,True,True
5,18,Números 5:18,וְהֶעֱמִ֨יד הַכֹּהֵ֥ן אֶֽת־ הָאִשָּׁה֮ לִפְנֵ֣י יְהוָה֒ וּפָרַע֙ אֶת־ רֹ֣אשׁ הָֽאִשָּׁ֔ה וְנָתַ֣ן עַל־ כַּפֶּ֗יהָ אֵ֚ת מִנְחַ֣ת הַזִּכָּר֔וֹן מִנְחַ֥ת קְנָאֹ֖ת הִ֑וא וּבְיַ֤ד הַכֹּהֵן֙ יִהְי֔וּ מֵ֥י הַמָּרִ֖ים הַמְאָֽרֲרִֽים ׃,והעמיד הכהנ את האשה לפני יהוה ופרע את ראש האשה ונתנ על כפיה את מנחת הזכרונ מנחת קנאת הוא וביד הכהנ יהיו מי המרימ המאררימ,26,ויקים כהנא ית אתתא קדם יי ויפרע ית רישא דאתתא ויהב על ידהא ית מנחת דוכרנא מנחת קנאתא היא ובידא דכהנא יהון מיא מריריא מלטטיא:,25,"καὶ στήσει τὴν γυναῖκα ὁ ἱερεὺς ἔναντι Κυρίου, καὶ ἀποκαλύψει τὴν κεφαλὴν τῆς γυναικός, καὶ δώσει ἐπὶ τὰς χεῖρας αὐτῆς τὴν θυσίαν τοῦ μνημοσύνου, τὴν θυσίαν τῆς ζηλοτυπίας· ἐν δὲ τῇ χειρὶ τοῦ ἱερέως ἔσται τὸ ὕδωρ τοῦ ἐλεγμοῦ τοῦ ἐπικαταρωμένου τούτου.",42,ܘܢܩܝܡܝܗ̇ ܟܗܢܐ ܠܐܢܬܬܐ ܩܕܡ ܡܪܝܐ. ܘܢܦܪܘܥ ܪܫܗ̇ ܕܐܢܬܬܐ. ܘܢܣܝܡ ܥܠ ܐ̈ܝܕܝܗ̇ ܣܡܝܕܐ ܕܕܘܟܪܢܐ ܣܡܝܕܐ ܕܛܢܢܐ. ܘܒܐܝܕܐ ܕܟܗܢܐ ܢܗܘܘܢ. ܡ̈ܝܐ ܡܪ̈ܝܪܐ ܒܚܪ̈ܐ.,21,"Então apresentará a mulher perante o Senhor, e descobrirá a cabeça da mulher, e lhe porá na mão a oferta de cereais memorativa, que é a oferta de cereais por ciúmes; e o sacerdote terá na mão a água de amargura, que traz consigo a maldição;",46,True,True,True
5,19,Números 5:19,וְהִשְׁבִּ֨יעַ אֹתָ֜הּ הַכֹּהֵ֗ן וְאָמַ֤ר אֶל־ הָֽאִשָּׁה֙ אִם־ לֹ֨א שָׁכַ֥ב אִישׁ֙ אֹתָ֔ךְ וְאִם־ לֹ֥א שָׂטִ֛ית טֻמְאָ֖ה תַּ֣חַת אִישֵׁ֑ךְ הִנָּקִ֕י מִמֵּ֛י הַמָּרִ֥ים הַֽמְאָרֲרִ֖ים הָאֵֽלֶּה ׃,והשביע אתה הכהנ ואמר אל האשה אמ לא שכב איש אתכ ואמ לא שטית טמאה תחת אישכ הנקי ממי המרימ המאררימ האלה,23,ויומי יתה כהנא ויימר לאתתא אם לא שכיב גבר יתיך ואם לא סטית לאסתאבא בר מבעליך הוי זכאה ממיא מריריא מלטטיא האלין:,22,"καὶ ὁρκιεῖ αὐτὴν ὁ ἱερεὺς καὶ ἐρεῖ τῇ γυναικί Εἰ μὴ κεκοίμηταί τις μετὰ σοῦ, εἰ μὴ παραβέβηκας μιανθῆναι ὑπὸ τὸν ἄνδρα τὸν σεαυτῆς, ἀθῴα ἴσθι ἀπὸ τοῦ ὕδατος τοῦ ἐλεγμοῦ τοῦ ἐπικαταρωμένου τούτου.",34,ܘܢܘܡܝܗ̇ ܟܗܢܐ ܠܐܢܬܬܐ ܘܢܐܡܪ ܠܗ̇. ܐܢ ܠܐ ܕܡܟ ܓܒܪܐ ܥܡܟܝ. ܘܠܐ ܫܛܝܬܝ ܘܠܐ ܐܬܛܡܐܬܝ . ܠܒܪ ܡܢ ܒܥܠܟܝ. ܐܬܚܣܝ ܡܢ ܗܠܝܢ ܡ̈ܝܐ ܡܪ̈ܝܪܐ ܒܚܪ̈ܐ.,24,"e a fará jurar, e dir-lhe-á: Se nenhum homem se deitou contigo, e se não te desviaste para a imundícia, violando o voto conjugal, sejas tu livre desta água de amargura, que traz consigo a maldição;",36,True,True,True
5,20,Números 5:20,וְאַ֗תְּ כִּ֥י שָׂטִ֛ית תַּ֥חַת אִישֵׁ֖ךְ וְכִ֣י נִטְמֵ֑את וַיִּתֵּ֨ן אִ֥ישׁ בָּךְ֙ אֶת־ שְׁכָבְתּ֔וֹ מִֽבַּלְעֲדֵ֖י אִישֵֽׁךְ ׃,ואת כי שטית תחת אישכ וכי נטמאת ויתנ איש בכ את שכבתו מבלעדי אישכ,15,ואת ארי סטית בר מבעליך וארי אסתאבת ויהב גבר ביך ית שכבתיה בר מבעליך:,14,"εἰ δὲ σὺ παραβέβηκας ὕπανδρος οὖσα ἢ μεμίανσαι, καὶ ἔδωκέν τις τὴν κοίτην αὐτοῦ ἐν σοὶ πλὴν τοῦ ἀνδρός σου·",20,ܐܢ ܕܝܢ ܫܛܝܬܝ ܠܒܪ ܡܢ ܒܥܠܟܝ. ܘܐܬܛܢܦܬܝ ܘܕܡܟ ܓܒܪܐ ܠܘܬܟܝ. ܠܒܪ ܡܢ ܒܥܠܟܝ.,13,"mas se te desviaste, violando o voto conjugal, e te contaminaste, e algum homem que não é teu marido se deitou contigo,-",22,True,True,True
5,21,Números 5:21,וְהִשְׁבִּ֨יעַ הַכֹּהֵ֥ן אֶֽת־ הָֽאִשָּׁה֮ בִּשְׁבֻעַ֣ת הָאָלָה֒ וְאָמַ֤ר הַכֹּהֵן֙ לָֽאִשָּׁ֔ה יִתֵּ֨ן יְהוָ֥ה אוֹתָ֛ךְ לְאָלָ֥ה וְלִשְׁבֻעָ֖ה בְּת֣וֹךְ עַמֵּ֑ךְ בְּתֵ֨ת יְהוָ֤ה אֶת־ יְרֵכֵךְ֙ נֹפֶ֔לֶת וְאֶת־ בִּטְנֵ֖ךְ צָבָֽה ׃,והשביע הכהנ את האשה בשבעת האלה ואמר הכהנ לאשה יתנ יהוה אותכ לאלה ולשבעה בתוכ עמכ בתת יהוה את ירככ נפלת ואת בטנכ צבה,25,ויומי כהנא ית אתתא במומתא דלוטא ויימר כהנא לאתתא יהב יי יתיך ללוט ולמומי בגו עמיך בדיהב יי ית ירכיך מסיא וית מעיכי נפיחין:,24,"καὶ ὁρκιεῖ ὁ ἱερεὺς τὴν γυναῖκα ἐν τοῖς λόγοις τῆς ἀρᾶς ταύτης, καὶ ἐρεῖ ὁ ἱερεὺς τῇ γυναικί Δῴη Κύριός σε ἐν ἀρᾷ καὶ ἐνόρκιον ἐν μέσῳ τοῦ λαοῦ σου, ἐν τῷ δοῦναι Κύριον τὸν μηρόν σου διαπεπτωκότα καὶ τὴν κοιλίαν σου πεπρησμένην·",43,ܢܘܡܝܗ̇ ܟܗܢܐ ܠܐܢܬܬܐ ܒܡ̈ܘܡܬܐ ܕܠܘ̈ܛܬܐ. ܘܢܐܡܪ ܟܗܢܐ ܠܐܢܬܬܐ. ܢܬܠܟܝ ܡܪܝܐ ܠܠܘܛܬܐ ܘܠܡ̈ܘܡܬܐ ܒܓܘ ܥܡܟܝ. ܢܡܣܐ ܡܪܝܐ ܥܛܡ̈ܬܟܝ ܘܢܦܘܚ ܟܪܣܟܝ.,19,"então o sacerdote, fazendo que a mulher tome o juramento de maldição, lhe dirá: O Senhor te ponha por maldição e praga no meio do teu povo, fazendo-te o Senhor consumir-se a tua coxa e inchar o teu ventre;",39,True,True,True
5,22,Números 5:22,וּ֠בָאוּ הַמַּ֨יִם הַמְאָרְרִ֤ים הָאֵ֨לֶּה֙ בְּֽמֵעַ֔יִךְ לַצְבּ֥וֹת בֶּ֖טֶן וְלַנְפִּ֣ל יָרֵ֑ךְ וְאָמְרָ֥ה הָאִשָּׁ֖ה אָמֵ֥ן ׀ אָמֵֽן ׃,ובאו המימ המאררימ האלה במעיכ לצבות בטנ ולנפל ירכ ואמרה האשה אמנ אמנ,15,ויעלון מיא מלטטיא האלין במעיכי לאפחא מעין ולאמסאה ירכא ותימר אתתא אמן אמן:,13,"καὶ εἰσελεύσεται τὸ ὕδωρ τὸ ἐπικαταρώμενον τοῦτο εἰς τὴν κοιλίαν σου, πρῆσαι γαστέρα καὶ διαπεσεῖν μηρόν σου. καὶ ἐρεῖ ἡ γυνή Γένοιτο, γένοιτο.",23,ܘܢܥܠܘܢ ܗܠܝܢ ܡ̈ܝܐ ܒܚܪ̈ܐ. ܒܟܪܣܟܝ. ܘܢܦܚܘܢ ܡ̈ܥܝܟܝ. ܘܢܡܣܘܢ ܥܛܡ̈ܬܟܝ. ܘܬܐܡܪ ܐܢܬܬܐ ܗ̇ܝ ܐܡܝܢ ܐܡܝܢ.,14,"e esta água que traz consigo a maldição entrará nas tuas entranhas, para te fazer inchar o ventre, e te fazer consumir-se a coxa. Então a mulher dirá: Amém, amém.",30,True,True,True
5,23,Números 5:23,וְ֠כָתַב אֶת־ הָאָלֹ֥ת הָאֵ֛לֶּה הַכֹּהֵ֖ן בַּסֵּ֑פֶר וּמָחָ֖ה אֶל־ מֵ֥י הַמָּרִֽים ׃,וכתב את האלת האלה הכהנ בספר ומחה אל מי המרימ,11,ויכתוב ית לוטיא האלין כהנא בספרא וימחוק למיא מריריא:,9,"καὶ γράψει ὁ ἱερεὺς τὰς ἀρὰς ταύτας εἰς βιβλίον, καὶ ἐξαλείψει εἰς τὸ ὕδωρ τοῦ ἐλεγμοῦ τοῦ ἐπικαταρωμένου·",18,ܘܢܟܬܘܒ ܐ̈ܢܝܢ ܟܗܢܐ ܠܠܘ̈ܛܬܐ ܗܠܝܢ ܒܣܦܪܐ. ܘܢܥܛܐ ܐ̈ܢܝܢ ܒܡ̈ܝܐ ܒܚܪ̈ܐ.,10,"Então o sacerdote escreverá estas maldições num livro, e na água de amargura as apagará;",15,True,True,True
5,24,Números 5:24,וְהִשְׁקָה֙ אֶת־ הָ֣אִשָּׁ֔ה אֶת־ מֵ֥י הַמָּרִ֖ים הַמְאָֽרֲרִ֑ים וּבָ֥אוּ בָ֛הּ הַמַּ֥יִם הַֽמְאָרֲרִ֖ים לְמָרִֽים ׃,והשקה את האשה את מי המרימ המאררימ ובאו בה המימ המאררימ למרימ,13,וישקי ית אתתא ית מיא מריריא מלטטיא ויעלון בה מיא מלטטיא למרירו:,12,"καὶ ποτιεῖ τὴν γυναῖκα τὸ ὕδωρ τοῦ ἐλεγμοῦ τοῦ ἐπικαταρωμένου, καὶ εἰσελεύσεται εἰς αὐτὴν τὸ ὕδωρ τὸ ἐπικαταρώμενον τοῦ ἐλεγμοῦ.",20,ܘܢܫܩܝܗ̇ ܠܐܢܬܬܐ ܡ̈ܝܐ ܡܪܝܪ̈ܐ ܒܚܪ̈ܐ. ܘܢܥܠܘܢ ܒܗ̇ ܡ̈ܝܐ ܒܚܪ̈ܐ ܠܡܒܚܪܗ̇.,10,"e fará que a mulher beba a água de amargura, que traz consigo a maldição; e a água que traz consigo a maldição entrará nela para se tornar amarga.",29,True,True,True
5,25,Números 5:25,וְלָקַ֤ח הַכֹּהֵן֙ מִיַּ֣ד הָֽאִשָּׁ֔ה אֵ֖ת מִנְחַ֣ת הַקְּנָאֹ֑ת וְהֵנִ֤יף אֶת־ הַמִּנְחָה֙ לִפְנֵ֣י יְהוָ֔ה וְהִקְרִ֥יב אֹתָ֖הּ אֶל־ הַמִּזְבֵּֽחַ ׃,ולקח הכהנ מיד האשה את מנחת הקנאת והניפ את המנחה לפני יהוה והקריב אתה אל המזבח,17,ויסב כהנא מידא דאתתא ית מנחת קנאתא וירים ית מנחתא קדם יי ויקרב יתה למדבחא:,15,"καὶ λήμψεται ὁ ἱερεὺς ἐκ χειρὸς τῆς γυναικὸς τὴν θυσίαν τῆς ζηλοτυπίας, καὶ ἐπιθήσει τὴν θυσίαν ἔναντι Κυρίου καὶ προσοίσει αὐτὴν πρὸς τὸ θυσιαστήριον·",24,ܘܢܣܒ ܟܗܢܐ ܡܢ ܐ̈ܝܕܝܗ̇ ܕܐܢܬܬܐ ܣܡܝܕܐ ܕܛܢܢܐ. ܘܢܦܪܫܝܘܗܝ ܣܡܝܕܐ ܩܕܡ ܡܪܝܐ. ܘܢܣܩܝܘܗܝ ܠܡܕܒܚܐ.,13,"E o sacerdote tomará da mão da mulher a oferta de cereais por ciúmes, e moverá a oferta de cereais perante o Senhor, e a trará ao altar;",28,True,True,True
5,26,Números 5:26,וְקָמַ֨ץ הַכֹּהֵ֤ן מִן־ הַמִּנְחָה֙ אֶת־ אַזְכָּ֣רָתָ֔הּ וְהִקְטִ֖יר הַמִּזְבֵּ֑חָה וְאַחַ֛ר יַשְׁקֶ֥ה אֶת־ הָאִשָּׁ֖ה אֶת־ הַמָּֽיִם ׃,וקמצ הכהנ מנ המנחה את אזכרתה והקטיר המזבחה ואחר ישקה את האשה את המימ,15,ויקמוץ כהנא מן מנחתא ית אדכרתה ויסק למדבחא ובתר כן ישקי ית אתתא ית מיא:,15,"καὶ δράξεται ὁ ἱερεὺς ἀπὸ τῆς θυσίας τὸ μνημόσυνον ⸂⸆⸃ αὐτῆς καὶ ἀνοίσει αὐτὸ ἐπὶ τὸ θυσιαστήριον, καὶ μετὰ ταῦτα ποτιεῖ τὴν γυναῖκα τὸ ὕδωρ.",25,ܘܢܣܒ ܟܗܢܐ ܡܢ ܣܡܝܕܐ ܕܘܟܪܢܗ . ܘܢܣܩ ܠܡܕܒܚܐ ܘܗܝܕܝܢ ܢܫܩܝܗ̇ ܡ̈ܝܐ ܠܐܢܬܬܐ.,12,"também tomará um punhado da oferta de cereais como memorial da oferta, e o queimará sobre o altar, e depois fará que a mulher beba a água.",27,True,True,True
5,27,Números 5:27,וְהִשְׁקָ֣הּ אֶת־ הַמַּ֗יִם וְהָיְתָ֣ה אִֽם־ נִטְמְאָה֮ וַתִּמְעֹ֣ל מַ֣עַל בְּאִישָׁהּ֒ וּבָ֨אוּ בָ֜הּ הַמַּ֤יִם הַמְאָֽרֲרִים֙ לְמָרִ֔ים וְצָבְתָ֣ה בִטְנָ֔הּ וְנָפְלָ֖ה יְרֵכָ֑הּ וְהָיְתָ֧ה הָאִשָּׁ֛ה לְאָלָ֖ה בְּקֶ֥רֶב עַמָּֽהּ ׃,והשקה את המימ והיתה אמ נטמאה ותמעל מעל באישה ובאו בה המימ המאררימ למרימ וצבתה בטנה ונפלה ירכה והיתה האשה לאלה בקרב עמה,24,וישקנה ית מיא ותהי אם אסתאבת ושקרת שקר בבעלה ויעלון בה מיא מלטטיא למרירו ויפחון מעהא ותתמסי ירכה ותהי אתתא ללוט בגו עמה:,23,"καὶ ἔσται ἐὰν ᾖ μεμιαμμένη καὶ λήθῃ λάθῃ τὸν ἄνδρα αὐτῆς, καὶ εἰσελεύσεται εἰς αὐτὴν τὸ ὕδωρ τοῦ ἐλεγμοῦ τὸ ἐπικαταρώμενον, καὶ πρησθήσεται τὴν κοιλίαν, καὶ διαπεσεῖται ὁ μηρὸς αὐτῆς, καὶ ἔσται ἡ γυνὴ εἰς ἀρὰν τῷ λαῷ αὐτῆς·",39,ܘܐܢ ܐܬܛܡܐܬ ܘܥܒܕܬ ܥܘܠܐ ܒܒܥܠܗ̇. ܘܥܠܘ ܒܗ̇ ܡ̈ܝܐ ܒܚܪ̈ܐ ܘܒܚܪܘܗ̇. ܘܢܦܚܬ ܟܪܣܗ̇. ܘܐܬܡܣܝ ܥܛܡ̈ܬܗ̇. ܬܗܘܐ ܐܢܬܬܐ ܗ̇ܝ ܠܠܘܛܬܐ ܡܢ ܓܘ ܥܡܗ̇.,21,"Quando ele tiver feito que ela beba a água, sucederá que, se ela se tiver contaminado, e tiver pecado contra seu marido, a água, que traz consigo a maldição, entrará nela, tornando-se amarga; inchar-lhe-á o ventre e a coxa se lhe consumirá; e a mulher será por maldição no meio do seu povo.",53,True,True,True
5,28,Números 5:28,וְאִם־ לֹ֤א נִטְמְאָה֙ הָֽאִשָּׁ֔ה וּטְהֹרָ֖ה הִ֑וא וְנִקְּתָ֖ה וְנִזְרְעָ֥ה זָֽרַע ׃,ואמ לא נטמאה האשה וטהרה הוא ונקתה ונזרעה זרע,10,ואם לא אסתאבת אתתא ודכיאה היא ותפוק זכאה ותעדי עדוי:,10,"ἐὰν δὲ μὴ μιανθῇ ἡ γυνὴ καὶ καθαρὰ ᾖ, καὶ ἀθῴα ἔσται καὶ ἐκσπερματιεῖ σπέρμα.",15,ܐܢ ܠܐ ܕܝܢ ܐܬܛܡܐܬ ܐܢܬܬܐ ܗ̇ܝ ܘܕܟܝܐ ܗ̇ܝ. ܬܬܚܣܐ ܘܬܐܠܕ ܕܟܪܐ.,11,"E, se a mulher não se tiver contaminado, mas for inocente, então será livre, e conceberá filhos.",17,True,True,True
5,29,Números 5:29,זֹ֥את תּוֹרַ֖ת הַקְּנָאֹ֑ת אֲשֶׁ֨ר תִּשְׂטֶ֥ה אִשָּׁ֛ה תַּ֥חַת אִישָׁ֖הּ וְנִטְמָֽאָה ׃,זאת תורת הקנאת אשר תשטה אשה תחת אישה ונטמאה,10,דא אוריתא דקנאתא די תסטי אתתא בר מבעלה ותסתאב:,9,"Οὗτος ὁ νόμος τῆς ζηλοτυπίας, ᾧ ἐὰν παραβῇ ἡ γυνὴ ὕπανδρος οὖσα καὶ μιανθῇ,",14,ܗܢܘ ܢܡܘܣܐ ܕܛܢܢܐ. ܟܕ ܬܫܛܐ ܐܢܬܬܐ ܠܒܪ ܡܢ ܒܥܠܗ̇ ܘܬܬܛܡܐ.,10,"Esta é a lei dos ciúmes, no tocante à mulher que, violando o voto conjugal, se desviar e for contaminada;",20,True,True,True
5,30,Números 5:30,א֣וֹ אִ֗ישׁ אֲשֶׁ֨ר תַּעֲבֹ֥ר עָלָ֛יו ר֥וּחַ קִנְאָ֖ה וְקִנֵּ֣א אֶת־ אִשְׁתּ֑וֹ וְהֶעֱמִ֤יד אֶת־ הָֽאִשָּׁה֙ לִפְנֵ֣י יְהוָ֔ה וְעָ֤שָׂה לָהּ֙ הַכֹּהֵ֔ן אֵ֥ת כָּל־ הַתּוֹרָ֖ה הַזֹּֽאת ׃,או איש אשר תעבר עליו רוח קנאה וקנא את אשתו והעמיד את האשה לפני יהוה ועשה לה הכהנ את כל התורה הזאת,23,או גבר די תעבר עלוהי רוח קנאה ויקני ית אתתה ויקם ית אתתא קדם יי ויעבד לה כהנא ית כל אוריתא הדא:,22,"ἢ ἄνθρωπος ᾧ ἐὰν ἐπέλθῃ ἐπ᾽ αὐτὸν πνεῦμα ζηλώσεως καὶ ζηλώσῃ τὴν γυναῖκα αὐτοῦ· καὶ στήσει τὴν γυναῖκα αὐτοῦ ἔναντι Κυρίου, καὶ ποιήσει ⸆ αὐτῇ ὁ ἱερεὺς πάντα τὸν νόμον τοῦτον·",31,ܐܘ ܓܒܪܐ ܕܬܥܘܠ ܥܠܘܗܝ ܪܘܚܐ ܕܛܢܢܐ ܘܢܛܢ ܒܐܢܬܬܗ. ܘܢܩܝܡܝܗ̇ ܠܐܢܬܬܐ ܩܕܡ ܡܪܝܐ. ܘܢܥܒܕ ܠܗ̇ ܟܗܢܐ ܗܢܐ ܟܠܗ ܢܡܘܣܐ.,18,"ou no tocante ao homem sobre quem vier o espírito de ciúmes, e se enciumar de sua mulher; ele apresentará a mulher perante o Senhor, e o sacerdote cumprirá para com ela toda esta lei.",35,True,True,True
5,31,Números 5:31,וְנִקָּ֥ה הָאִ֖ישׁ מֵעָוֺ֑ן וְהָאִשָּׁ֣ה הַהִ֔וא תִּשָּׂ֖א אֶת־ עֲוֺנָֽהּ ׃ פ,ונקה האיש מעונ והאשה ההוא תשא את עונה פ,10,ויהי זכאה גברא מחובא ואתתא ההיא תקבל ית חובה:,9,"καὶ ἀθῷος ἔσται ὁ ἄνθρωπος ἀπὸ ἁμαρτίας, καὶ ἡ γυνὴ ἐκείνη λήμψεται τὴν ἁμαρτίαν αὐτῆς.",15,ܘܢܗܘܐ ܡܚܣܝ ܓܒܪܐ ܗ̇ܘ ܡܢ ܚܛܗܐ. ܘܐܢܬܬܐ ܗ̇ܝ ܬܩܒܠ ܚܛܗܗ̇.,10,"Esse homem será livre da iniqüidade; a mulher, porém, levará sobre si a sua iniqüidade.",15,True,True,True
6,1,Números 6:1,וַיְדַבֵּ֥ר יְהוָ֖ה אֶל־ מֹשֶׁ֥ה לֵּאמֹֽר ׃,וידבר יהוה אל משה לאמר,6,ומליל יי עם משה למימר:,5,Καὶ ἐλάλησεν Κύριος πρὸς Μωυσῆν λέγων,6,ܘܡܠܠ ܡܪܝܐ ܥܡ ܡܘܫܐ ܘܐܡܪ ܠܗ.,6,Disse mais o Senhor a Moisés:,6,True,True,True
6,2,Números 6:2,דַּבֵּר֙ אֶל־ בְּנֵ֣י יִשְׂרָאֵ֔ל וְאָמַרְתָּ֖ אֲלֵהֶ֑ם אִ֣ישׁ אֽוֹ־ אִשָּׁ֗ה כִּ֤י יַפְלִא֙ לִנְדֹּר֙ נֶ֣דֶר נָזִ֔יר לְהַזִּ֖יר לַֽיהוָֽה ׃,דבר אל בני ישראל ואמרת אלהמ איש או אשה כי יפלא לנדר נדר נזיר להזיר ליהוה,17,מלל עם בני ישראל ותימר להון גבר או אתתא ארי יפרש למדר נדר נזירו למיזר קדם יי:,17,Λάλησον τοῖς υἱοῖς Ἰσραὴλ καὶ ἐρεῖς πρὸς αὐτούς Ἀνὴρ ἢ γυνὴ ὃς ἐὰν μεγάλως εὔξηται εὐχὴν ἀφαγνίσασθαι ἁγνείαν Κυρίῳ,19,ܡܠܠ ܥܡ ܒܢ̈ܝ ܐܝܣܪܝܠ ܘܐܡܪ ܠܗܘܢ. ܓܒܪܐ ܐܘ ܐܢܬܬܐ ܕܢܦܪܘܫ ܘܢܢܕܘܪ ܢܕܪܐ ܕܢܙܝܪܘܬܐ. ܘܢܬܢܙܪ ܠܡܪܝܐ.,15,"Fala aos filhos de Israel, e dize-lhes: Quando alguém, seja homem, seja mulher, fizer voto especial de nazireu, a fim de se separar para o Senhor,",26,True,True,True
6,3,Números 6:3,מִיַּ֤יִן וְשֵׁכָר֙ יַזִּ֔יר חֹ֥מֶץ יַ֛יִן וְחֹ֥מֶץ שֵׁכָ֖ר לֹ֣א יִשְׁתֶּ֑ה וְכָל־ מִשְׁרַ֤ת עֲנָבִים֙ לֹ֣א יִשְׁתֶּ֔ה וַעֲנָבִ֛ים לַחִ֥ים וִיבֵשִׁ֖ים לֹ֥א יֹאכֵֽל ׃,מיינ ושכר יזיר חמצ יינ וחמצ שכר לא ישתה וכל משרת ענבימ לא ישתה וענבימ לחימ ויבשימ לא יאכל,20,מחמר חדת ועתיק יזר חל דחמר חדת וחל דחמר עתיק לא ישתי וכל מתרות ענבין לא ישתי וענבין רטיבין ויבשין לא ייכול:,22,"ἀπὸ οἴνου καὶ σίκερα, ἁγνισθήσεται ἀπὸ οἴνου, καὶ ὄξος ἐξ οἴνου καὶ ὄξος ἐκ σίκερα οὐ πίεται, καὶ ὅσα κατεργάζεται ἐκ σταφυλῆς οὐ πίεται, καὶ σταφυλὴν πρόσφατον καὶ σταφίδα οὐ φάγεται.",31,ܡܢ ܚܡܪܐ ܘܡܢ ܫܟܪܐ ܢܬܢܙܪ. ܚܠܐ ܕܚܡܪܐ ܘܚܠܐ ܕܫܟܪܐ ܠܐ ܢܫܬܐ. ܘܟܠ ܬܪܝܢܐ ܕܥܢܒܐ ܠܐ ܢܫܬܐ ܘܥܢ̈ܒܐ ܘܐ̈ܦܫܬܐ ܠܐ ܢܐܟܘܠ.,20,"abster-se-á de vinho e de bebida forte; não beberá, vinagre de vinho, nem vinagre de bebida forte, nem bebida alguma feita de uvas, nem comerá uvas frescas nem secas.",29,True,True,True
6,4,Números 6:4,כֹּ֖ל יְמֵ֣י נִזְר֑וֹ מִכֹּל֩ אֲשֶׁ֨ר יֵעָשֶׂ֜ה מִגֶּ֣פֶן הַיַּ֗יִן מֵחַרְצַנִּ֛ים וְעַד־ זָ֖ג לֹ֥א יֹאכֵֽל ׃,כל ימי נזרו מכל אשר יעשה מגפנ היינ מחרצנימ ועד זג לא יאכל,14,כל יומי נזריה מכל דיתעבד מגפנא דחמרא מפורצנין ועד עצורין לא ייכול:,12,"πάσας τὰς ἡμέρας τῆς εὐχῆς αὐτοῦ ἀπὸ πάντων ὅσα γίνεται ἐξ ἀμπέλου, οἶνον ἀπὸ στεμφύλλων ἕως γιγάρτου οὐ φάγεται.",19,ܟܠܗܘܢ ܝܘܡ̈ܬܐ ܕܢܙܝܪܘܬܗ. ܟܠ ܡܕܡ ܕܡܬܥܒܕ ܡܢ ܓܦܬܐ ܕܚܡܪܐ. ܡܢ ܥܘܨܪ̈ܐ ܘܥܕܡܐ ܠܟܡܫ̈ܘܢܐ ܠܐ ܢܐܟܘܠ.,15,"Por todos os dias do seu nazireado não comerá de coisa alguma que se faz da uva, desde os caroços até as cascas.",23,True,True,True
6,5,Números 6:5,כָּל־ יְמֵי֙ נֶ֣דֶר נִזְר֔וֹ תַּ֖עַר לֹא־ יַעֲבֹ֣ר עַל־ רֹאשׁ֑וֹ עַד־ מְלֹ֨את הַיָּמִ֜ם אֲשֶׁר־ יַזִּ֤יר לַיהוָה֙ קָדֹ֣שׁ יִהְיֶ֔ה גַּדֵּ֥ל פֶּ֖רַע שְׂעַ֥ר רֹאשֽׁוֹ ׃,כל ימי נדר נזרו תער לא יעבר על ראשו עד מלאת היממ אשר יזיר ליהוה קדש יהיה גדל פרע שער ראשו,22,כל יומי נדר נזריה מספר לא יעבר על רישיה עד משלם יומיא דינזר קדם יי קדיש יהי מרבי פרוע שער רישיה:,21,"πάσας τὰς ἡμέρας τοῦ ἁγνισμοῦ ξυρὸν οὐκ ἐπελεύσεται ἐπὶ τὴν κεφαλὴν αὐτοῦ· ἕως ἂν πληρωθῶσιν αἱ ἡμέραι ὅσας ηὔξατο Κυρίῳ, ⸂⸆⸃ ἅγιος ἔσται τρέφων κόμην τρίχα κεφαλῆς.",27,ܟܠܗܘܢ ܝܘܡ̈ܬܐ ܕܢܕܪܐ ܕܢܙܝܪܘܬܗ ܘܡܕܟܝܐ ܠܐ ܢܥܒܪ ܥܠ ܪܫܗ. ܥܕܡܐ ܕܢܫܠܡܘܢ ܝܘܡ̈ܬܐ ܕܐܬܢܙܪ ܠܡܪܝܐ ܩܕܝܫ ܢܗܘܐ. ܘܢܪܒܐ ܣܥܪܐ ܕܪܫܗ.,19,"Por todos os dias do seu voto de nazireado, navalha não passará sobre a sua cabeça; até que se cumpram os dias pelos quais ele se tenha separado para o Senhor, será santo; deixará crescer as guedelhas do cabelo da sua cabeça.",42,True,True,True
6,6,Números 6:6,כָּל־ יְמֵ֥י הַזִּיר֖וֹ לַיהוָ֑ה עַל־ נֶ֥פֶשׁ מֵ֖ת לֹ֥א יָבֹֽא ׃,כל ימי הזירו ליהוה על נפש מת לא יבא,10,כל יומין דינזר קדם יי על נפשא דמתא לא ייעול:,10,πάσας τὰς ἡμέρας τῆς εὐχῆς Κυρίῳ ἐπὶ πάσῃ ψυχῇ τετελευτηκυίᾳ ⸆ οὐκ εἰσελεύσεται.,13,ܟܠܗܘܢ ܝܘܡ̈ܬܐ ܕܐܬܢܙܪ ܠܡܪܝܐ. ܘܥܠ ܢܦܫܐ ܕܡܝܬܐ ܠܐ ܢܥܘܠ.,9,"Por todos os dias da sua separação para o Senhor, não se aproximará de cadáver algum.",16,True,True,True
6,7,Números 6:7,לְאָבִ֣יו וּלְאִמּ֗וֹ לְאָחִיו֙ וּלְאַ֣חֹת֔וֹ לֹא־ יִטַּמָּ֥א לָהֶ֖ם בְּמֹתָ֑ם כִּ֛י נֵ֥זֶר אֱלֹהָ֖יו עַל־ רֹאשֽׁוֹ ׃,לאביו ולאמו לאחיו ולאחתו לא יטמא להמ במתמ כי נזר אלהיו על ראשו,14,לאבוהי ולאמיה לאחוהי ולאחתיה לא יסתאב להון במותהון ארי כלילא דאלהיה על רישיה:,13,"ἐπὶ πατρὶ καὶ ἐπὶ μητρὶ καὶ ἐπ᾽ ἀδελφῷ καὶ ἐπ᾽ ἀδελφῇ, οὐ μιανθήσεται ἐπ᾽ αὐτοῖς ἀποθανόντων αὐτῶν, ὅτι εὐχὴ θεοῦ αὐτοῦ ἐπ᾽ αὐτῷ ἐπὶ κεφαλῆς αὐτοῦ·",26,ܘܒܐܒܘܗܝ ܘܒܐܡܗ ܘܒܐܚܘܗܝ ܘܒܚܬܗ . ܠܐ ܢܬܛܡܐ ܒܗܘܢ ܒܡܘܬܗܘܢ. ܡܛܠ ܕܟܠܝܠܐ ܕܐܠܗܗ ܥܠ ܪܫܗ.,14,"Não se contaminará nem por seu pai, nem por sua mãe, nem por seu irmão, nem por sua irmã, quando estes morrerem; porquanto o nazireado do seu Deus está sobre a sua cabeça:",33,True,True,True
6,8,Números 6:8,כֹּ֖ל יְמֵ֣י נִזְר֑וֹ קָדֹ֥שׁ ה֖וּא לַֽיהוָֽה ׃,כל ימי נזרו קדש הוא ליהוה,7,כל יומי נזריה קדיש הוא קדם יי:,7,πάσας τὰς ἡμέρας τῆς εὐχῆς αὐτοῦ ἅγιος ἔσται Κυρίῳ.,9,ܟܘܠܗܘܢ ܝܘܡ̈ܬܐ ܕܢܙܝܪܘܬܗ. ܩܕܝܫ ܗܘ ܠܡܪܝܐ.,6,Por todos os dias do seu nazireado será santo ao Senhor.,11,True,True,True
6,9,Números 6:9,וְכִֽי־ יָמ֨וּת מֵ֤ת עָלָיו֙ בְּפֶ֣תַע פִּתְאֹ֔ם וְטִמֵּ֖א רֹ֣אשׁ נִזְר֑וֹ וְגִלַּ֤ח רֹאשׁוֹ֙ בְּי֣וֹם טָהֳרָת֔וֹ בַּיּ֥וֹם הַשְּׁבִיעִ֖י יְגַלְּחֶֽנּוּ ׃,וכי ימות מת עליו בפתע פתאמ וטמא ראש נזרו וגלח ראשו ביומ טהרתו ביומ השביעי יגלחנו,17,וארי ימות מתא עלוהי בתכף שלו ויסאב ריש נזריה ויגלח רישיה ביומא דדכותיה ביומא שביעאה יגלחנה:,16,"ἐὰν δέ τις ἀποθάνῃ ἐξάπινα ἐπ᾽ αὐτῷ, παραχρῆμα μιανθήσεται ἡ κεφαλὴ εὐχῆς αὐτοῦ, καὶ ξυρήσεται τὴν κεφαλήν αὐτοῦ ᾗ ἂν ἡμέρᾳ καθαρισθῇ· τῇ ἡμέρᾳ τῇ ἑβδόμῃ ξυρηθήσεται.",27,ܘܐܢ ܢܡܘܬ ܡܝܬܐ ܥܠܘܗܝ ܡܢ ܫܠܝܐ. ܢܬܛܡܐ ܪܫܐ ܕܢܙܝܪܘܬܗ. ܘܢܓܪܘܥ ܪܫܗ ܒܝܘܡܐ ܕܕܟܐ. ܘܠܝܘܡܐ ܕܫܒܥܐ ܢܓܪܥܝܘܗܝ.,16,"Se alguém morrer subitamente junto dele, contaminando-se assim a cabeça do seu nazireado, rapará a sua cabera no dia da sua purificação, ao sétimo dia a rapará.",27,True,True,True
6,10,Números 6:10,וּבַיּ֣וֹם הַשְּׁמִינִ֗י יָבִא֙ שְׁתֵּ֣י תֹרִ֔ים א֥וֹ שְׁנֵ֖י בְּנֵ֣י יוֹנָ֑ה אֶל־ הַכֹּהֵ֔ן אֶל־ פֶּ֖תַח אֹ֥הֶל מוֹעֵֽד ׃,וביומ השמיני יבא שתי תרימ או שני בני יונה אל הכהנ אל פתח אהל מועד,16,וביומא תמינאה ייתי תרתין שפנינין או תרין בני יונה לות כהנא לתרע משכן זמנא:,14,"καὶ τῇ ἡμέρᾳ τῇ ὀγδόῃ οἴσει δύο τρυγόνας ἢ δύο νοσσοὺς περιστερῶν πρὸς τὸν ἱερέα ἐπὶ τὰς θύρας τῆς σκηνῆς τοῦ μαρτυρίου,",22,ܘܠܝܘܡܐ ܕܬܡܢܝܐ ܢܝܬܐ ܬܪ̈ܝܢ ܫܘ̈ܦܢܝܢܝܢ. ܐܘ ܬܪ̈ܝܢ ܒܢ̈ܝ ܝܘܢܐ. ܠܘܬ ܟܗܢܐ ܠܬܪܥܐ ܕܡܫܟܢܙܒܢܐ.,13,"Ao oitavo dia trará duas rolas ou dois pombinhos, ao sacerdote, à porta da tenda da revelação;",17,True,True,True
6,11,Números 6:11,וְעָשָׂ֣ה הַכֹּהֵ֗ן אֶחָ֤ד לְחַטָּאת֙ וְאֶחָ֣ד לְעֹלָ֔ה וְכִפֶּ֣ר עָלָ֔יו מֵאֲשֶׁ֥ר חָטָ֖א עַל־ הַנָּ֑פֶשׁ וְקִדַּ֥שׁ אֶת־ רֹאשׁ֖וֹ בַּיּ֥וֹם הַהֽוּא ׃,ועשה הכהנ אחד לחטאת ואחד לעלה וכפר עליו מאשר חטא על הנפש וקדש את ראשו ביומ ההוא,18,ויעבד כהנא חד לחטאתא וחד לעלתא ויכפר עלוהי מדחב על מתא ויקדש ית רישיה ביומא ההוא:,16,"καὶ ποιήσει ὁ ἱερεὺς μίαν περὶ ἁμαρτίας καὶ μίαν εἰς ὁλοκαύτωμα· καὶ ἐξιλάσεται περὶ αὐτοῦ ὁ ἱερεὺς περὶ ὧν ἥμαρτεν περὶ τῆς ψυχῆς, καὶ ἁγιάσει τὴν ⸂⸆⸃ κεφαλὴν αὐτοῦ ἐν ἐκείνῃ τῇ ἡμέρᾳ",33,ܘܢܩܪܒ ܟܗܢܐ ܚܕ ܚܠܦ ܚܛܗܐ ܘܚܕ ܠܝܩܕܐ ܫܠܡܐ. ܘܢܚܣܐ ܥܠܘܗܝ ܥܠ ܚܛܗܐ ܕܚܛܐ ܒܢܦܫܐ. ܘܢܩܕܫ ܪܫܗ ܒܗ ܒܝܘܡܐ ܗ̇ܘ.,19,"e o sacerdote oferecerá um como oferta pelo pecado, e o outro como holocausto, e fará expiação por esse que pecou no tocante ao morto; assim naquele mesmo dia santificará a sua cabeça.",33,True,True,True
6,12,Números 6:12,וְהִזִּ֤יר לַֽיהוָה֙ אֶת־ יְמֵ֣י נִזְר֔וֹ וְהֵבִ֛יא כֶּ֥בֶשׂ בֶּן־ שְׁנָת֖וֹ לְאָשָׁ֑ם וְהַיָּמִ֤ים הָרִאשֹׁנִים֙ יִפְּל֔וּ כִּ֥י טָמֵ֖א נִזְרֽוֹ ׃,והזיר ליהוה את ימי נזרו והביא כבש בנ שנתו לאשמ והימימ הראשנימ יפלו כי טמא נזרו,17,ויזר קדם יי ית יומי נזריה וייתי אמר בר שתיה לאשמא ויומיא קדמאי יבטלון ארי אסתאב נזריה:,17,"ᾗ ἡγιάσθη Κυρίῳ τὰς ἡμέρας τῆς εὐχῆς, καὶ προσάξει ἀμνὸν ἐνιαύσιον εἰς πλημμελίαν· καὶ αἱ ἡμέραι αἱ ⸆ πρότεραι ἄλογοι ἔσονται, ὅτι ἐμιάνθη κεφαλὴ εὐχῆς αὐτοῦ.",26,ܘܢܬܢܙܪ ܩܕܡ ܡܪܝܐ ܝܘܡ̈ܬܐ ܕܢܙܝܪܘܬܗ. ܘܢܝܬܐ ܐܡܪܐ ܒܪ ܫܢܬܐ ܠܩܘܪܒܢܐ . ܘܝܘܡ̈ܬܐ ܩܕܡ̈ܝܐ ܢܒܛܠܘܢ ܡܛܘܠ ܕܐܬܛܡܐܬ ܢܙܝܪܘܬܗ.,17,"Então separará ao Senhor os dias do seu nazireado, e para oferta pela culpa trará um cordeiro de um ano; mas os dias antecedentes serão perdidos, porquanto o seu nazireado foi contaminado.",32,True,True,True
6,13,Números 6:13,וְזֹ֥את תּוֹרַ֖ת הַנָּזִ֑יר בְּי֗וֹם מְלֹאת֙ יְמֵ֣י נִזְר֔וֹ יָבִ֣יא אֹת֔וֹ אֶל־ פֶּ֖תַח אֹ֥הֶל מוֹעֵֽד ׃,וזאת תורת הנזיר ביומ מלאת ימי נזרו יביא אתו אל פתח אהל מועד,14,ודא אוריתא דנזירא ביום משלם יומי נזריה ייתי יתיה לתרע משכן זמנא:,12,"Καὶ οὗτος ὁ νόμος τοῦ εὐξαμένου· ᾗ ἂν ἡμέρᾳ πληρώσῃ ἡμέρας εὐχῆς αὐτοῦ, προσοίσει αὐτὸς παρὰ τὰς θύρας τῆς σκηνῆς τοῦ μαρτυρίου·",22,ܗܢܐ ܢܡܘܣܐ ܕܢܙܝܪܐ. ܒܝܘܡܐ ܕܫܠ̇ܡܝܢ ܝܘܡ̈ܬܐ ܕܢܙܝܪܘܬܗ. ܢܝܬܘܢܗ ܠܬܪܥܐ ܕܡܫܟܢܙܒܢܐ.,10,"Esta, pois, é a lei do nazireu: no dia em que se cumprirem os dias do seu nazireado ele será trazido à porta da tenda da revelação,",27,True,True,True
6,14,Números 6:14,וְהִקְרִ֣יב אֶת־ קָרְבָּנ֣וֹ לַיהוָ֡ה כֶּבֶשׂ֩ בֶּן־ שְׁנָת֨וֹ תָמִ֤ים אֶחָד֙ לְעֹלָ֔ה וְכַבְשָׂ֨ה אַחַ֧ת בַּת־ שְׁנָתָ֛הּ תְּמִימָ֖ה לְחַטָּ֑את וְאַֽיִל־ אֶחָ֥ד תָּמִ֖ים לִשְׁלָמִֽים ׃,והקריב את קרבנו ליהוה כבש בנ שנתו תמימ אחד לעלה וכבשה אחת בת שנתה תמימה לחטאת ואיל אחד תמימ לשלמימ,21,ויקרב ית קרבניה קדם יי אמר בר שתה שלים חד לעלתא ואמרתא חדא בת שתה שלמתא לחטאתא ודכר חד שלים לנכסת קודשיא:,22,"καὶ προσάξει τὸ δῶρον αὐτοῦ Κυρίῳ, ἀμνὸν ἐνιαύσιον ἄμωμον ἕνα εἰς ὁλοκαύτωσιν, καὶ ἀμνάδα ἐνιαυσίαν ἄμωμον μίαν εἰς ἁμαρτίαν, καὶ κριὸν ἕνα ἄμωμον εἰς σωτήριον,",25,ܘܢܩܪܒ ܩܘܪܒܢܗ ܠܡܪܝܐ. ܐܡܪܐ ܚܕ ܒܪ ܫܢܬܐ ܕܠܝܬ ܒܗ ܡܘܡܐ ܠܥܠܬܐ . ܘܦܪܬܐ ܚܕܐ ܒܪܬ ܫܢܬܐ ܕܠܝܬ ܒܗ̇ ܡܘܡܐ ܚܠܦ ܚܛܗܐ. ܘܕܟܪܐ ܚܕ ܕܠܝܬ ܒܗ ܡܘܡܐ ܠܕܒܚܐ ܫܠܡܐ.,28,"e oferecerá a sua oferta ao Senhor: um cordeiro de um ano, sem defeito, como holocausto, e uma cordeira de um ano, sem defeito, como oferta pelo pecado, e um carneiro sem defeito como oferta pacífica;",36,True,True,True
6,15,Números 6:15,וְסַ֣ל מַצּ֗וֹת סֹ֤לֶת חַלֹּת֙ בְּלוּלֹ֣ת בַּשֶּׁ֔מֶן וּרְקִיקֵ֥י מַצּ֖וֹת מְשֻׁחִ֣ים בַּשָּׁ֑מֶן וּמִנְחָתָ֖ם וְנִסְכֵּיהֶֽם ׃,וסל מצות סלת חלת בלולת בשמנ ורקיקי מצות משחימ בשמנ ומנחתמ ונסכיהמ,13,וסל פטיר סלתא גריצן דפילן במשח ואספוגין פטירין דמשיחין במשח ומנחתהון ונסכיהון:,12,"καὶ κανοῦν ἀζύμων σεμιδάλεως ἄρτους ἀναπεποιημένους ἐν ἐλαίῳ, καὶ λάγανα ἄζυμα κεχρισμένα ἐν ἐλαίῳ, καὶ θυσία αὐτῶν καὶ σπονδὴ αὐτῶν.",20,ܘܣܠܐ ܕܦܛܝܪܐ. ܢܫܝܦܐ ܚܚܪ̈ܬܐ ܕܦܝ̈ܠܢ ܒܡܫܚܐ. ܘܠܓܢ̈ܐ ܦܛܝܪ̈ܐ ܕܡܫܝܚܝܢ ܒܡܫܚܐ. ܘܣܡܝܕܗܘܢ ܘܢܘܩܝܗܘܢ.,12,"e um cesto de pães ázimos, bolos de flor de farinha amassados com azeite como também as respectivas ofertas de cereais e de libação.",24,True,True,True
6,16,Números 6:16,וְהִקְרִ֥יב הַכֹּהֵ֖ן לִפְנֵ֣י יְהוָ֑ה וְעָשָׂ֥ה אֶת־ חַטָּאת֖וֹ וְאֶת־ עֹלָתֽוֹ ׃,והקריב הכהנ לפני יהוה ועשה את חטאתו ואת עלתו,10,ויקרב כהנא קדם יי ויעבד ית חטאתיה וית עלתיה:,9,"καὶ προσοίσει ὁ ἱερεὺς ἔναντι Κυρίου, καὶ ποιήσει τὸ περὶ ἁμαρτίας αὐτοῦ καὶ τὸ ὁλοκαύτωμα αὐτοῦ·",16,ܘܢܩܪܒܝܘܗܝ ܟܗܢܐ ܩܕܡ ܡܪܝܐ. ܘܢܩܪܒ ܚܛܗܗ ܘܝܩܕܗ ܫܠܡܐ.,8,"E o sacerdote os apresentará perante o Senhor, e oferecerá a oferta pelo pecado, e o holocausto;",17,True,True,True
6,17,Números 6:17,וְאֶת־ הָאַ֜יִל יַעֲשֶׂ֨ה זֶ֤בַח שְׁלָמִים֙ לַֽיהוָ֔ה עַ֖ל סַ֣ל הַמַּצּ֑וֹת וְעָשָׂה֙ הַכֹּהֵ֔ן אֶת־ מִנְחָת֖וֹ וְאֶת־ נִסְכּֽוֹ ׃,ואת האיל יעשה זבח שלמימ ליהוה על סל המצות ועשה הכהנ את מנחתו ואת נסכו,16,וית דכרא יעבד נכסת קודשיא קדם יי על סלא דפטיריא ויעבד כהנא ית מנחתיה וית נסכיה:,16,"καὶ τὸν κριὸν ποιήσει θυσίαν σωτηρίου Κυρίῳ ἐπὶ τῷ ⸂⸆⸃ κανῷ τῶν ἀζύμων, καὶ ποιήσει ὁ ἱερεὺς τὴν θυσίαν αὐτοῦ καὶ τὴν σπονδὴν αὐτοῦ.",24,ܘܕܟܪܐ ܚܕ ܢܥܒܕ ܕܒܚܐ ܫܠܡܐ ܠܡܪܝܐ . ܥܠ ܣܠܐ ܕܦܛܝܪܐ. ܘܢܥܒܕ ܟܗܢܐ ܣܡܝܕܗ ܘܢܘܩܝܗ.,14,"também oferecerá o carneiro em sacrifício de oferta pacífica ao Senhor, com o cesto de pães ázimos e as respectivas ofertas de cereais e de libação.",26,True,True,True
6,18,Números 6:18,וְגִלַּ֣ח הַנָּזִ֗יר פֶּ֛תַח אֹ֥הֶל מוֹעֵ֖ד אֶת־ רֹ֣אשׁ נִזְר֑וֹ וְלָקַ֗ח אֶת־ שְׂעַר֙ רֹ֣אשׁ נִזְר֔וֹ וְנָתַן֙ עַל־ הָאֵ֔שׁ אֲשֶׁר־ תַּ֖חַת זֶ֥בַח הַשְּׁלָמִֽים ׃,וגלח הנזיר פתח אהל מועד את ראש נזרו ולקח את שער ראש נזרו ונתנ על האש אשר תחת זבח השלמימ,21,ויגלח נזירא בתרע משכן זמנא ית ריש נזריה ויסב ית שער ריש נזריה ויתן על אשתא די תחות דודא דנכסת קודשיא:,21,"καὶ ξυρήσεται ὁ ηὐγμένος παρὰ τὰς θύρας τῆς σκηνῆς τοῦ μαρτυρίου ⸆ τὴν κεφαλὴν τῆς εὐχῆς αὐτοῦ, καὶ ἐπιθήσει τὰς τρίχας ἐπὶ τὸ πῦρ ὅ ἐστιν ὑπὸ τὴν θυσίαν τοῦ σωτηρίου.",31,ܘܢܓܪܘܥ ܢܙܝܪܐ ܒܬܪܥܐ ܕܡܫܟܢܙܒܢܐ ܪܫܐ ܕܢܙܝܪܘܬܗ. ܘܢܣܒ ܣܥܪܐ ܕܪܫܐ ܕܢܙܝܪܘܬܗ. ܘܢܪܡܐ ܒܢܘܪܐ ܕܬܚܝܬ ܕܒܚܐ ܫܠܡܐ.,15,"Então o nazireu, à porta da tenda da revelação, rapará o cabelo do seu nazireado, tomá-lo-á e o porá sobre o fogo que está debaixo do sacrifício das ofertas pacíficas.",30,True,True,True
6,19,Números 6:19,וְלָקַ֨ח הַכֹּהֵ֜ן אֶת־ הַזְּרֹ֣עַ בְּשֵׁלָה֮ מִן־ הָאַיִל֒ וְֽחַלַּ֨ת מַצָּ֤ה אַחַת֙ מִן־ הַסַּ֔ל וּרְקִ֥יק מַצָּ֖ה אֶחָ֑ד וְנָתַן֙ עַל־ כַּפֵּ֣י הַנָּזִ֔יר אַחַ֖ר הִֽתְגַּלְּח֥וֹ אֶת־ נִזְרֽוֹ ׃,ולקח הכהנ את הזרע בשלה מנ האיל וחלת מצה אחת מנ הסל ורקיק מצה אחד ונתנ על כפי הנזיר אחר התגלחו את נזרו,24,ויסב כהנא ית דרעא בשלא מן דכרא וגרצתא פטירתא חדא מן סלא ואספוג פטיר חד ויתן על ידי נזירא בתר דגלח ית נזריה:,23,"καὶ λήμψεται ὁ ἱερεὺς τὸν βραχίονα ἑφθὸν ἀπὸ τοῦ κριοῦ καὶ ἄρτον ἕνα ἄζυμον ἀπὸ τοῦ κανοῦ καὶ λάγανον ἄζυμον ἕν, καὶ ἐπιθήσει ἐπὶ τὰς χεῖρας τοῦ ηὐγμένου, μετὰ τὸ ξυρήσασθαι αὐτὸν τὴν εὐχὴν αὐτοῦ·",35,ܘܢܣܒ ܟܗܢܐ ܕܪܥܐ ܒܫܝܠܐ ܡܢ ܕܟܪܐ. ܘܚܚܘܪܬܐ ܚܕܐ ܦܛܝܪܬܐ ܡܢ ܣܠܐ. ܘܠܓܢܐ ܚܕ ܦܛܝܪܐ. ܘܢܣܝܡ ܥܠ ܐ̈ܝܕܘܗܝ ܕܢܙܝܪܐ ܒܬܪ ܕܓܪܥ ܢܙܝܪܘܬܗ.,21,"Depois o sacerdote tomará a espádua cozida do carneiro, e um pão ázimo do cesto, e um coscorão ázimo, e os porá nas mãos do nazireu, depois de haver este rapado o cabelo do seu nazireado;",36,True,True,True
6,20,Números 6:20,וְהֵנִיף֩ אוֹתָ֨ם הַכֹּהֵ֥ן ׀ תְּנוּפָה֮ לִפְנֵ֣י יְהוָה֒ קֹ֤דֶשׁ הוּא֙ לַכֹּהֵ֔ן עַ֚ל חֲזֵ֣ה הַתְּנוּפָ֔ה וְעַ֖ל שׁ֣וֹק הַתְּרוּמָ֑ה וְאַחַ֛ר יִשְׁתֶּ֥ה הַנָּזִ֖יר יָֽיִן ׃,והניפ אותמ הכהנ תנופה לפני יהוה קדש הוא לכהנ על חזה התנופה ועל שוק התרומה ואחר ישתה הנזיר יינ,21,וירים יתהון כהנא ארמא קדם יי קודשא הוא לכהנא על חדיא דארמותא ועל שקא דאפרשותא ובתר כן ישתי נזירא חמרא:,20,καὶ προσοίσει αὐτὰ ὁ ἱερεὺς ἐπίθεμα ἔναντι Κυρίου· ἅγιον ἔσται τῷ ἱερεῖ ἐπὶ τοῦ στηθυνίου τοῦ ἐπιθέματος καὶ ἐπὶ τοῦ βραχίονος τοῦ ἀφαιρέματος· καὶ μετὰ ταῦτα πίεται ὁ ηὐγμένος οἶνον.,30,ܘܢܦܪܘܫ ܐܢܘܢ ܟܗܢܐ ܦܘܪܫܢܐ ܩܕܡ ܡܪܝܐ. ܩܘܕܫܐ ܗܘ ܠܟܗܢܐ. ܥܠ ܚܕܝܐ ܕܦܘܪܫܢܐ ܘܥܠ ܫܩܐ ܕܦܘܪܫܢܐ. ܘܗܝܕܝܢ ܢܫܬܐ ܢܙܝܪܐ ܚܡܪܐ.,19,"e o sacerdote os moverá como oferta de movimento perante o Senhor; isto é santo para o sacerdote, juntamente com o peito da oferta de movimento, e com a espádua da oferta alçada; e depois o nazireu poderá beber vinho.",40,True,True,True
6,21,Números 6:21,זֹ֣את תּוֹרַ֣ת הַנָּזִיר֮ אֲשֶׁ֣ר יִדֹּר֒ קָרְבָּנ֤וֹ לַֽיהוָה֙ עַל־ נִזְר֔וֹ מִלְּבַ֖ד אֲשֶׁר־ תַּשִּׂ֣יג יָד֑וֹ כְּפִ֤י נִדְרוֹ֙ אֲשֶׁ֣ר יִדֹּ֔ר כֵּ֣ן יַעֲשֶׂ֔ה עַ֖ל תּוֹרַ֥ת נִזְרֽוֹ ׃ פ,זאת תורת הנזיר אשר ידר קרבנו ליהוה על נזרו מלבד אשר תשיג ידו כפי נדרו אשר ידר כנ יעשה על תורת נזרו פ,24,דא אוריתא דנזירא די ידר קרבניה קדם יי על נזריה בר מדתדבק ידיה כפום נדריה די ידר כן יעבד על אוריתא דנזריה:,22,"οὗτος ὁ νόμος τοῦ εὐξαμένου ὃς ἂν εὔξηται Κυρίῳ δῶρον αὐτοῦ Κυρίῳ περὶ τῆς εὐχῆς, χωρὶς ὧν ἂν εὓρῃ ἡ χεὶρ αὐτοῦ, κατὰ δύναμιν τῆς εὐχῆς αὐτοῦ ἣν ἂν εὔξηται κατὰ νόμον ἁγνείας.",33,ܗܢܘ ܢܡܘܣܐ ܕܢܙܝܪܐ ܕܢ̇ܕܪ ܠܡܪܝܐ. ܩܘܪܒܢܐ ܥܠ ܢܙܝܪܘܬܗ. ܣܛܪ ܡܢ ܡܐ ܕܣ̇ܦܩܐ ܒܐ̈ܝܕܘܗܝ. ܐܝܟ ܡܣܬ ܢܕܪܐ ܕܢܕܪ. ܗܟܢܐ ܢܥܒܕ ܥܠ ܢܡܘܣܐ ܕܢܙܝܪܘܬܗ.,22,"Esta é a lei do que fizer voto de nazireu, e da sua oferta ao Senhor pelo seu nazireado, afora qualquer outra coisa que as suas posses lhe permitirem oferecer; segundo o seu voto, que fizer, assim fará conforme a lei o seu nazireado.",44,True,True,True
6,22,Números 6:22,וַיְדַבֵּ֥ר יְהוָ֖ה אֶל־ מֹשֶׁ֥ה לֵּאמֹֽר ׃,וידבר יהוה אל משה לאמר,6,ומליל יי עם משה למימר:,5,⸂⸆⸃ Καὶ ἐλάλησεν Κύριος πρὸς Μωυσῆν λέγων,7,ܘܡܠܠ ܡܪܝܐ ܥܡ ܡܘܫܐ ܘܐܡܪ ܠܗ.,6,Disse mais o Senhor a Moisés:,6,True,True,True
6,23,Números 6:23,דַּבֵּ֤ר אֶֽל־ אַהֲרֹן֙ וְאֶל־ בָּנָ֣יו לֵאמֹ֔ר כֹּ֥ה תְבָרֲכ֖וּ אֶת־ בְּנֵ֣י יִשְׂרָאֵ֑ל אָמ֖וֹר לָהֶֽם ׃ ס,דבר אל אהרנ ואל בניו לאמר כה תברכו את בני ישראל אמור להמ ס,15,מלל עם אהרן ועם בנוהי למימר כדין תברכון ית בני ישראל תימרון להון:,13,Λάλησον Ἀαρὼν καὶ τοῖς υἱοῖς αὐτοῦ λέγων Οὕτως εὐλογήσετε τοὺς υἱοὺς Ἰσραὴλ λέγοντες αὐτοῖς·,14,ܡܠܠ ܥܡ ܐܗܪܘܢ ܘܥܡ ܒܢ̈ܘܗܝ ܘܐܡܪ ܠܗܘܢ. ܗܟܢܐ ܗܘܝܬܘܢ ܡܒܪܟܝܢ ܠܒ̈ܢܝ ܐܝܣܪܐܝܠ. ܐܡܪ ܠܗܘܢ.,14,"Fala a Arão, e a seus filhos, dizendo: Assim abençoareis os filhos de Israel; dir-lhes-eis:",15,True,True,True
6,24,Números 6:24,יְבָרֶכְךָ֥ יְהוָ֖ה וְיִשְׁמְרֶֽךָ ׃ ס,יברככ יהוה וישמרכ ס,5,יברכנך יי ויטרנך:,3,"Εὐλογήσαι σε Κύριος καὶ φυλάξαι,",5,ܢܒܪܟܟ ܡܪܝܐ ܘܢܢܛܪܟ.,3,O Senhor te abençoe e te guarde;,7,True,True,True
6,25,Números 6:25,יָאֵ֨ר יְהוָ֧ה ׀ פָּנָ֛יו אֵלֶ֖יךָ וִֽיחֻנֶּֽךָּ ׃ ס,יאר יהוה פניו אליכ ויחנכ ס,8,ינהר יי שכנתיה לותך וירחם יתך:,6,καὶ ἐπιφάναι Κύριος τὸ πρόσωπον αὐτοῦ ἐπὶ σὲ καὶ ἐλεήσαι σε·,11,ܢܢܗܪ ܡܪܝܐ ܐ̈ܦܘܗܝ ܥܠܝܟ ܘܢܚܝܟ.,5,"o Senhor faça resplandecer o seu rosto sobre ti, e tenha misericórdia de ti;",14,True,True,True
6,26,Números 6:26,יִשָּׂ֨א יְהוָ֤ה ׀ פָּנָיו֙ אֵלֶ֔יךָ וְיָשֵׂ֥ם לְךָ֖ שָׁלֽוֹם ׃ ס,ישא יהוה פניו אליכ וישמ לכ שלומ ס,10,יסב יי אפיה לותך וישוי לך שלם:,7,ἐπάραι Κύριος τὸ πρόσωπον αὐτοῦ ἐπὶ σὲ καὶ δῴη σοι εἰρήνην.,11,ܢܪܝܡ ܡܪܝܐ ܐ̈ܦܘܗܝ ܥܠܝܟ ܘܢܥܒܕ ܠܟ ܫܠܡܐ.,7,"o Senhor levante sobre ti o seu rosto, e te dê a paz.",13,True,True,True
6,27,Números 6:27,וְשָׂמ֥וּ אֶת־ שְׁמִ֖י עַל־ בְּנֵ֣י יִשְׂרָאֵ֑ל וַאֲנִ֖י אֲבָרֲכֵֽם ׃ פ,ושמו את שמי על בני ישראל ואני אברכמ פ,10,וישוון ית ברכת שמי על בני ישראל ואנא אברכנון:,9,"καὶ ἐπιθήσουσιν τὸ ὄνομά μου ἐπὶ τοὺς υἱοὺς Ἰσραήλ, καὶ ἐγὼ Κύριος ⸆ εὐλογήσω αὐτούς·",15,ܘܢܣܝܡܘܢ ܫܡܝ ܥܠ ܒ̈ܢܝ ܐܝܣܪܝܠ. ܘܐܢܐ ܐܒܪܟ ܐܢܘܢ.,8,"Assim porão o meu nome sobre os filhos de Israel, e eu os abençoarei.",14,True,True,True
7,1,Números 7:1,וַיְהִ֡י בְּיוֹם֩ כַּלּ֨וֹת מֹשֶׁ֜ה לְהָקִ֣ים אֶת־ הַמִּשְׁכָּ֗ן וַיִּמְשַׁ֨ח אֹת֜וֹ וַיְקַדֵּ֤שׁ אֹתוֹ֙ וְאֶת־ כָּל־ כֵּלָ֔יו וְאֶת־ הַמִּזְבֵּ֖חַ וְאֶת־ כָּל־ כֵּלָ֑יו וַיִּמְשָׁחֵ֖ם וַיְקַדֵּ֥שׁ אֹתָֽם ׃,ויהי ביומ כלות משה להקימ את המשכנ וימשח אתו ויקדש אתו ואת כל כליו ואת המזבח ואת כל כליו וימשחמ ויקדש אתמ,23,והוה ביומא דשיצי משה לאקמא ית משכנא ורבי יתיה וקדיש יתיה וית כל מנוהי וית מדבחא וית כל מנוהי ורבנון וקדיש יתהון:,22,"Καὶ ἐγένετο ᾗ ἡμέρᾳ συνετέλεσεν Μωυσῆς ὥστε ἀναστῆσαι τὴν σκηνήν, καὶ ἔχρισεν αὐτὴν καὶ ἡγίασεν αὐτὴν καὶ πάντα τὰ σκεύη αὐτῆς καὶ τὸ θυσιαστήριον καὶ πάντα τὰ σκεύη αὐτοῦ, καὶ ἔχρισεν αὐτὰ καὶ ἡγίασεν αὐτά·",35,ܘܗܘܐ ܒܝܘܡܐ ܕܫܠܡ ܡܘܫܐ ܠܡܩܡܘܬܗ ܠܡܫܟܢܐ. ܡܫܚܗ ܘܩܕܫܗ ܠܗ ܘܠܟܠܗܘܢ ܡܐ̈ܢܘܗܝ. ܘܠܡܕܒܚܐ ܘܠܟܠܗܘܢ ܡܐ̈ܢܘܗܝ ܡܫܚ ܐܢܘܢ ܘܩܕܫ ܐܢܘܢ.,18,"No dia em que Moisés acabou de levantar o tabernáculo, tendo-o ungido e santificado juntamente com todos os seus móveis, bem como o altar e todos os seus utensílios, depois de ungi-los e santificá-los,",34,True,True,True
7,2,Números 7:2,וַיַּקְרִ֨יבוּ֙ נְשִׂיאֵ֣י יִשְׂרָאֵ֔ל רָאשֵׁ֖י בֵּ֣ית אֲבֹתָ֑ם הֵ֚ם נְשִׂיאֵ֣י הַמַּטֹּ֔ת הֵ֥ם הָעֹמְדִ֖ים עַל־ הַפְּקֻדִֽים ׃,ויקריבו נשיאי ישראל ראשי בית אבתמ המ נשיאי המטת המ העמדימ על הפקדימ,14,וקריבו רברבי ישראל רישי בית אבהתהון אנון רברבי שבטיא אנון דקימין על מניניא:,13,"καὶ προσήνεγκαν οἱ ἄρχοντες Ἰσραήλ, ιβ᾽ ἄρχοντες οἴκων πατριῶν αὐτῶν· οὗτοι ἄρχοντες φυλῶν, οὗτοι οἱ παρεστηκότες ἐπὶ τῆς ἐπισκοπῆς·",19,ܘܩܪܒܘ ܪ̈ܘܪܒܢܐ ܕܒ̈ܢܝ ܐܝܣܪܝܠ ܪ̈ܫܐ ܕܒܝܬ ܐ̈ܒܗܝܗܘܢ. ܗܢܘܢ ܪ̈ܘܪܒܢܐ ܕܫ̈ܒܛܐ. ܗ̇ܢܘܢ ܕܩ̇ܝܡܝܢ ܥܠ ܡܢܝ̈ܢܐ .,15,"os príncipes de Israel, cabeças das casas de seus pais, fizeram as suas ofertas. Estes eram os príncipes das tribos, os que estavam sobre os que foram contados.",28,True,True,True
7,3,Números 7:3,וַיָּבִ֨יאוּ אֶת־ קָרְבָּנָ֜ם לִפְנֵ֣י יְהוָ֗ה שֵׁשׁ־ עֶגְלֹ֥ת צָב֙ וּשְׁנֵ֣י עָשָׂ֣ר בָּקָ֔ר עֲגָלָ֛ה עַל־ שְׁנֵ֥י הַנְּשִׂאִ֖ים וְשׁ֣וֹר לְאֶחָ֑ד וַיַּקְרִ֥יבוּ אוֹתָ֖ם לִפְנֵ֥י הַמִּשְׁכָּֽן ׃,ויביאו את קרבנמ לפני יהוה שש עגלת צב ושני עשר בקר עגלה על שני הנשאימ ושור לאחד ויקריבו אותמ לפני המשכנ,22,ואיתיו ית קרבניהון קדם יי שית עגלן כד מחפין ותרי עשר תורין עגלתא על תרין רברביא ותור לחד וקריבו יתהון לקדם משכנא:,22,"καὶ ἤνεγκαν τὸ δῶρον αὐτῶν ἔναντι Κυρίου, ἓξ ἁμάξας λαμπηνικὰς καὶ ιβ᾽ βόας, ἅμαξαν παρὰ δύο ἀρχόντων καὶ μόσχον παρὰ ἑκάστου, καὶ προσήγαγον ἐναντίον τῆς σκηνῆς.",26,ܘܐܝܬܝܘ ܩܘܪ̈ܒܢܝܗܘܢ ܩܕܡ ܡܪܝܐ. ܫܬ ܥ̈ܓܠܢ ܟܕ ܡܬܩ̈ܢܢ. ܘܬܪ̈ܥܣܪ ܬܘܪ̈ܝܢ. ܥܓܠܬܐ ܠܬܪ̈ܝܢ ܪ̈ܘܪܒܢܝܢ. ܘܬܘܪܐ ܠܚܕ. ܘܩܪܒܘ ܐܢܘܢ ܩܕܡ ܡܫܟܢܐ.,19,"Trouxeram eles a sua oferta perante o Senhor: seis carros cobertos, e doze bois; por dois príncipes um carro, e por cada um, um boi; e os apresentaram diante do tabernáculo.",31,True,True,True
7,4,Números 7:4,וַיֹּ֥אמֶר יְהוָ֖ה אֶל־ מֹשֶׁ֥ה לֵּאמֹֽר ׃,ויאמר יהוה אל משה לאמר,6,ואמר יי למשה למימר:,4,καὶ εἶπεν Κύριος πρὸς ⸂⸆⸃ Μωυσῆν λέγων,7,ܘܐܡܪ ܡܪܝܐ ܠܡܘܫܐ.,3,Então disse o Senhor a Moisés:,6,True,True,True
7,5,Números 7:5,קַ֚ח מֵֽאִתָּ֔ם וְהָי֕וּ לַעֲבֹ֕ד אֶת־ עֲבֹדַ֖ת אֹ֣הֶל מוֹעֵ֑ד וְנָתַתָּ֤ה אוֹתָם֙ אֶל־ הַלְוִיִּ֔ם אִ֖ישׁ כְּפִ֥י עֲבֹדָתֽוֹ ׃,קח מאתמ והיו לעבד את עבדת אהל מועד ונתתה אותמ אל הלוימ איש כפי עבדתו,16,קבל מנהון ויהון למפלח ית פלחן משכן זמנא ותתן יתהון ללואי גבר כמסת פלחניה:,14,"Λάβε παρ᾽ αὐτῶν, καὶ ἔσονται πρὸς τὰ ἔργα τὰ λειτουργικὰ τῆς σκηνῆς τοῦ μαρτυρίου· καὶ δώσεις αὐτὰ τοῖς Λευείταις, ⸆ ἑκάστῳ κατὰ τὴν αὐτοῦ λειτουργίαν.",25,ܣܒ ܡܢܗܘܢ ܘܢܗܘܘܢ ܠܡܦܠܚ ܒܗܘܢ ܦܘܠܚܢܐ ܒܡܫܟܢܙܒܢܐ . ܘܗܒ ܐܢܘܢ ܠܠܘ̈ܝܐ. ܐܢܫ ܡܣܬ ܦܘܠܚܢܗ.,14,"Recebe-os deles, para serem utilizados no serviço da tenda da revelação; e os darás aos levitas, a cada qual segundo o seu serviço:",23,True,True,True
7,6,Números 7:6,וַיִּקַּ֣ח מֹשֶׁ֔ה אֶת־ הָעֲגָלֹ֖ת וְאֶת־ הַבָּקָ֑ר וַיִּתֵּ֥ן אוֹתָ֖ם אֶל־ הַלְוִיִּֽם ׃,ויקח משה את העגלת ואת הבקר ויתנ אותמ אל הלוימ,11,ונסיב משה ית עגלתא וית תורי ויהב יתהון ללואי:,9,καὶ λαβὼν Μωυσῆς τὰς ἁμάξας καὶ τοὺς βόας ἔδωκεν αὐτὰ τοῖς Λευείταις.,12,ܘܕܒܪ ܡܘܫܐ ܬܘܪ̈ܐ ܘܥ̈ܓܠܬܐ. ܘܐܫܠܡ ܐܢܘܢ ܠܠܘ̈ܝܐ.,7,"Assim Moisés recebeu os carros e os bois, e os deu aos levitas.",13,True,True,True
7,7,Números 7:7,אֵ֣ת ׀ שְׁתֵּ֣י הָעֲגָלֹ֗ת וְאֵת֙ אַרְבַּ֣עַת הַבָּקָ֔ר נָתַ֖ן לִבְנֵ֣י גֵרְשׁ֑וֹן כְּפִ֖י עֲבֹדָתָֽם ׃,את שתי העגלת ואת ארבעת הבקר נתנ לבני גרשונ כפי עבדתמ,13,ית תרתין עגלתא וית ארבעא תורי יהב לבני גרשון כמסת פלחנהון:,11,"τὰς δύο ἁμάξας καὶ τοὺς τέσσαρες βόας ἔδωκεν τοῖς υἱοῖς Γεδσὼν κατὰ τὰς λειτουργίας αὐτῶν,",15,ܬܪ̈ܬܝܢ ܥ̈ܓܠܢ ܘܐܪ̈ܒܥܐ ܬܘܪ̈ܝܢ. ܝܗܒ ܠܒܢ̈ܝ ܓܪܫܘܢ ܡܣܬ ܦܘܠܚܢܗܘܢ.,9,Dois carros e quatro bois deu aos filhos de Gérson segundo o seu serviço;,14,True,True,True
7,8,Números 7:8,וְאֵ֣ת ׀ אַרְבַּ֣ע הָעֲגָלֹ֗ת וְאֵת֙ שְׁמֹנַ֣ת הַבָּקָ֔ר נָתַ֖ן לִבְנֵ֣י מְרָרִ֑י כְּפִי֙ עֲבֹ֣דָתָ֔ם בְּיַד֙ אִֽיתָמָ֔ר בֶּֽן־ אַהֲרֹ֖ן הַכֹּהֵֽן ׃,ואת ארבע העגלת ואת שמנת הבקר נתנ לבני מררי כפי עבדתמ ביד איתמר בנ אהרנ הכהנ,18,וית ארבע עגלן וית תמניא תורי יהב לבני מררי כמסת פלחנהון בידא דאיתמר בר אהרן כהנא:,16,"καὶ τὰς τέσσαρες ἁμάξας καὶ τοὺς ὀκτὼ βόας ἔδωκεν τοῖς υἱοῖς Μεραρεὶ κατὰ τὰς λειτουργίας αὐτῶν, διὰ Ἰθάμαρ υἱοῦ Ἀαρὼν τοῦ ἱερέως.",22,ܘܐܪ̈ܒܥ ܥ̈ܓܠܢ ܘܬܡܢܝܐ ܬܘܪ̈ܝܢ. ܝܗܒ ܠܒܢ̈ܝ ܡܪܪܝ ܡܣܬ ܦܘܠܚܢܗܘܢ ܒܐܝܕܐ ܕܐܝܬܡܪ ܒܪ ܐܗܪܘܢ ܟܗܢܐ.,14,"e quatro carros e oito bois deu aos filhos de Merári, segundo o seu serviço, sob as ordens de Itamar, filho de Arão, o sacerdote.",25,True,True,True
7,9,Números 7:9,וְלִבְנֵ֥י קְהָ֖ת לֹ֣א נָתָ֑ן כִּֽי־ עֲבֹדַ֤ת הַקֹּ֨דֶשׁ֙ עֲלֵהֶ֔ם בַּכָּתֵ֖ף יִשָּֽׂאוּ ׃,ולבני קהת לא נתנ כי עבדת הקדש עלהמ בכתפ ישאו,11,ולבני קהת לא יהב ארי פלחן קודשא עליהון בכתפא נטלין:,10,"καὶ τοῖς υἱοῖς Καὰθ οὐκ ἔδωκεν, ὅτι τὰ λειτουργήματα τοῦ ἁγίου ἔχουσιν· ἐπ᾽ ὤμων ἀροῦσιν.",15,ܘܠܒܢ̈ܝ ܩܗܬ ܠܐ ܝܗܒ. ܡܛܠ ܕܦܘܠܚܢܐ ܕܩܘܕܫܐ ܡܫܠܡ ܠܗܘܢ. ܘܥܠ ܟܬܦ̈ܬܗܘܢ ܫ̇ܩܠܝܢ.,12,"Mas aos filhos de Coate não deu nenhum, porquanto lhes pertencia o serviço de levar o santuário, e o levavam aos ombros.",22,True,True,True
7,10,Números 7:10,וַיַּקְרִ֣יבוּ הַנְּשִׂאִ֗ים אֵ֚ת חֲנֻכַּ֣ת הַמִּזְבֵּ֔חַ בְּי֖וֹם הִמָּשַׁ֣ח אֹת֑וֹ וַיַּקְרִ֧יבוּ הַנְּשִׂיאִ֛ם אֶת־ קָרְבָּנָ֖ם לִפְנֵ֥י הַמִּזְבֵּֽחַ ׃,ויקריבו הנשאימ את חנכת המזבח ביומ המשח אתו ויקריבו הנשיאמ את קרבנמ לפני המזבח,15,וקריבו רברביא ית חנכת מדבחא ביומא דרביו יתיה וקריבו רברביא ית קרבנהון לקדם מדבחא:,14,"καὶ προσήνεγκαν οἱ ἄρχοντες εἰς τὸν ἐγκαινισμὸν τοῦ θυσιαστηρίου ἐν τῇ ἡμέρᾳ ᾗ ἔχρισεν αὐτό, καὶ προσήνεγκαν οἱ ἄρχοντες τὰ δῶρα αὐτῶν ἀπέναντι τοῦ θυσιαστηρίου.",25,ܘܩܪܒܘ ܪ̈ܘܪܒܢܐ ܩܘܪܒܢܐ ܕܚܘܕܬܐ ܕܡܕܒܚܐ ܒܝܘܡܐ ܕܡܫܚܘܗܝ. ܘܩܪܒܘ ܪ̈ܘܪܒܢܐ ܩܘܪ̈ܒܢܝܗܘܢ ܩܕܡ ܡܪܝܐ.,12,"Os príncipes fizeram também oferta para a dedicação do altar, no dia em que foi ungido; e os príncipes apresentaram as suas ofertas perante o altar.",26,True,True,True
7,11,Números 7:11,וַיֹּ֥אמֶר יְהוָ֖ה אֶל־ מֹשֶׁ֑ה נָשִׂ֨יא אֶחָ֜ד לַיּ֗וֹם נָשִׂ֤יא אֶחָד֙ לַיּ֔וֹם יַקְרִ֨יבוּ֙ אֶת־ קָרְבָּנָ֔ם לַחֲנֻכַּ֖ת הַמִּזְבֵּֽחַ ׃ ס,ויאמר יהוה אל משה נשיא אחד ליומ נשיא אחד ליומ יקריבו את קרבנמ לחנכת המזבח ס,17,ואמר יי למשה רבא חד ליומא רבא חד ליומא יקרבון ית קרבנהון לחנכת מדבחא:,14,"καὶ εἶπεν Κύριος πρὸς Μωυσῆν Ἄρχων εἷς καθ᾽ ἡμέραν, ἄρχων καθ᾽ ἡμέραν, προσοίσουσιν τὰ δῶρα αὐτῶν εἰς τὸν ἐγκαινισμὸν τοῦ θυσιαστηρίου.",21,ܘܐܡܪ ܡܪܝܐ ܠܡܘܫܐ. ܚܕ ܚܕ ܪܒܐ ܒܝܘܡܐ ܢܗܘܘܢ ܡܩܪ̈ܒܝܢ ܩܘܪ̈ܒܢܝܗܘܢ ܠܚܘܕܬܐ ܕܡܕܒܚܐ.,12,"E disse o Senhor a Moisés: Cada príncipe oferecerá a sua oferta, cada qual no seu dia, para a dedicação do altar.",22,True,True,True
7,12,Números 7:12,וַיְהִ֗י הַמַּקְרִ֛יב בַּיּ֥וֹם הָרִאשׁ֖וֹן אֶת־ קָרְבָּנ֑וֹ נַחְשׁ֥וֹן בֶּן־ עַמִּינָדָ֖ב לְמַטֵּ֥ה יְהוּדָֽה ׃,ויהי המקריב ביומ הראשונ את קרבנו נחשונ בנ עמינדב למטה יהודה,12,והוה דמקרב ביומא קדמאה ית קרבניה נחשון בר עמינדב לשבטא דיהודה:,11,"Καὶ ἦν ὁ προσφέρων ἐν τῇ ἡμέρᾳ τῇ πρώτῃ τὸ δῶρον αὐτοῦ ⸂⸆⸃ Ναασσὼν υἱὸς Ἀμειναδάβ, ἄρχων τῆς φυλῆς Ἰούδα.",20,ܘܗܘܐ ܕܡܩܪܒ ܒܝܘܡܐ ܩܕܡܝܐ ܩܘܪܒܢܗ. ܢܚܫܘܢ ܒܪ ܥܡܝܢܕܒ. ܪܝܫ ܫܒܛܐ ܕܒܝܬ ܝܗܘܕܐ.,12,"O que ofereceu a sua oferta no primeiro dia foi Nasom, filho de Aminadabe, da tribo de Judá.",18,True,True,True
7,13,Números 7:13,וְקָרְבָּנ֞וֹ קַֽעֲרַת־ כֶּ֣סֶף אַחַ֗ת שְׁלֹשִׁ֣ים וּמֵאָה֮ מִשְׁקָלָהּ֒ מִזְרָ֤ק אֶחָד֙ כֶּ֔סֶף שִׁבְעִ֥ים שֶׁ֖קֶל בְּשֶׁ֣קֶל הַקֹּ֑דֶשׁ שְׁנֵיהֶ֣ם ׀ מְלֵאִ֗ים סֹ֛לֶת בְּלוּלָ֥ה בַשֶּׁ֖מֶן לְמִנְחָֽה ׃,וקרבנו קערת כספ אחת שלשימ ומאה משקלה מזרק אחד כספ שבעימ שקל בשקל הקדש שניהמ מלאימ סלת בלולה בשמנ למנחה,22,וקרבניה מגסתא דכסף חדא מאה ותלתין סלעין הוה מתקלה מזרקא חד דכסף מתקליה שבעין סלעין בסלעי קודשא תרויהון מלן סלתא דפילא במשח למנחתא:,23,"καὶ προσήνεγκεν τὸ δῶρον αὐτοῦ τρυβλίον ἀργυροῦν ἕν, ⸆ τριάκοντα καὶ ἑκατὸν ὁλκὴ αὐτοῦ, φιάλην μίαν ἀργυρᾶν, ἑβδομήκοντα σίκλων κατὰ τὸν σίκλον τὸν ἅγιον, ἀμφότερα πλήρη σεμιδάλεως ἀναπεποιημένης ἐν ἐλαίῳ εἰς θυσίαν·",32,ܩܘܪܒܢܗ ܦܝܠܣܐ ܚܕ ܕܣܐܡܐ ܡܢ ܡܐܐ ܘܬܠܬܝܢ ܡܬܩܠܗ. ܘܫܚܠܐ ܚܕ ܕܣܐܡܐ. ܡܢ ܫܒܥܝܢ ܡܬܩܠܝܢ ܒܡܬܩܠܐ ܕܩܘܕܫܐ. ܬܪ̈ܝܗܘܢ ܟܕ ܡܠܝܢ ܣܡܝܕܐ ܕܦܝܠ ܒܡܫܚܐ ܠܩܘܪܒܢܐ.,23,"A sua oferta foi uma salva de prata do peso de cento e trinta siclos, uma bacia de prata de setenta siclos, segundo o siclo do santuário; ambas cheias de flor de farinha amassada com azeite, para oferta de cereais;",40,True,True,True
7,14,Números 7:14,כַּ֥ף אַחַ֛ת עֲשָׂרָ֥ה זָהָ֖ב מְלֵאָ֥ה קְטֹֽרֶת ׃,כפ אחת עשרה זהב מלאה קטרת,7,בזיכא חדא מתקל עשר סלעין היא דדהב מליא קטרת בוסמיא:,10,"θυίσκην μίαν δέκα χρυσῶν, πλήρη θυμιάματος·",6,ܘܟܦܬܐ ܚܕܐ ܡܢ ܥܣܪܐ ܕܕܗܒܐ ܘܡܠܝܐ ܒܣ̈ܡܐ.,7,"uma colher de ouro de dez siclos, cheia de incenso;",10,True,True,True
7,15,Números 7:15,פַּ֣ר אֶחָ֞ד בֶּן־ בָּקָ֗ר אַ֧יִל אֶחָ֛ד כֶּֽבֶשׂ־ אֶחָ֥ד בֶּן־ שְׁנָת֖וֹ לְעֹלָֽה ׃,פר אחד בנ בקר איל אחד כבש אחד בנ שנתו לעלה,12,תור חד בר תורי דכר חד אמר חד בר שתיה לעלתא:,11,"μόσχον ἕνα ἐκ βοῶν καὶ κριὸν ⸂⸆⸃ ἕνα, ἀμνὸν ἐνιαύσιον εἰς ὁλοκαύτωμα·",12,ܘܬܘܪܐ ܚܕ ܒܪ ܒܩܪܐ. ܘܕܟܪܐ ܚܕ ܘܐܡܪܐ ܚܕ ܒܪ ܫܢܬܐ ܠܥܠܬܐ.,11,"um novilho, um carneiro, um cordeiro de um ano, para holocausto;",11,True,True,True
7,16,Números 7:16,שְׂעִיר־ עִזִּ֥ים אֶחָ֖ד לְחַטָּֽאת ׃,שעיר עזימ אחד לחטאת,5,צפיר בר עזין חד לחטאתא:,5,καὶ χίμαρον ἐξ αἰγῶν ἕνα περὶ ἁμαρτίας·,7,ܘܨܦܪܝܐ ܚܕ ܕܥ̈ܙܐ ܚܠܦ ܚܛܗܐ .,6,um bode para oferta pelo pecado;,6,True,True,True
7,17,Números 7:17,וּלְזֶ֣בַח הַשְּׁלָמִים֮ בָּקָ֣ר שְׁנַיִם֒ אֵילִ֤ם חֲמִשָּׁה֙ עַתּוּדִ֣ים חֲמִשָּׁ֔ה כְּבָשִׂ֥ים בְּנֵֽי־ שָׁנָ֖ה חֲמִשָּׁ֑ה זֶ֛ה קָרְבַּ֥ן נַחְשׁ֖וֹן בֶּן־ עַמִּינָדָֽב ׃ פ,ולזבח השלמימ בקר שנימ אילמ חמשה עתודימ חמשה כבשימ בני שנה חמשה זה קרבנ נחשונ בנ עמינדב פ,19,ולנכסת קודשיא תורין תרין דכרי חמשא גדיי חמשא אמרין בני שנא חמשא דין קרבנא דנחשון בר עמינדב:,17,"καὶ εἰς θυσίαν σωτηρίου δαμάλεις δύο καὶ κριοὺς πέντε, τράγους πέντε, ἀμνάδας ἐνιαυσίας πέντε· τοῦτο τὸ δῶρον Ναασσὼν υἱοῦ Ἀμειναδάβ.",20,ܘܠܕܒܚܐ ܫܠܡܐ. ܬܘܪ̈ܐ ܬܪ̈ܝܢ ܘܕܟܪ̈ܐ ܚܡܫܐ ܘܓ̈ܕܝܐ ܚܡܫܐ. ܘܐܡܪ̈ܐ ܒܢ̈ܝ ܫܢܬܐ ܚܡܫܐ. ܗܢܘ ܩܘܪܒܢܗ ܕܢܚܫܘܢ ܒܪ ܥܡܝܢܕܒ .,18,"e para sacrifício de ofertas pacíficas dois bois, cinco carneiros, cinco bodes, cinco cordeiros de um ano; esta foi a oferta de Nasom, filho de Aminadabe.",26,True,True,True
7,18,Números 7:18,בַּיּוֹם֙ הַשֵּׁנִ֔י הִקְרִ֖יב נְתַנְאֵ֣ל בֶּן־ צוּעָ֑ר נְשִׂ֖יא יִשָּׂשכָֽר ׃,ביומ השני הקריב נתנאל בנ צוער נשיא יששכר,9,ביומא תנינא קריב נתנאל בר צוער רבא דיששכר:,8,"Τῇ ἡμέρᾳ τῇ δευτέρᾳ προσήνεγκεν Ναθαναὴλ υἱὸς Σωγάρ, ἄρχων τῆς φυλῆς Ἰσσαχάρ.",12,ܘܒܝܘܡܐ ܕܬܪ̈ܝܢ. ܩܪܒ ܪܝܫ ܫܒܛܐ ܕܐܝܣܟܪ. ܢܬܢܝܐܝܠ ܒܪ ܨܘܥܪ.,9,"No segundo dia fez a sua oferta Netanel, filho de Zuar, príncipe de Issacar.",14,True,True,True
7,19,Números 7:19,הִקְרִ֨ב אֶת־ קָרְבָּנ֜וֹ קַֽעֲרַת־ כֶּ֣סֶף אַחַ֗ת שְׁלֹשִׁ֣ים וּמֵאָה֮ מִשְׁקָלָהּ֒ מִזְרָ֤ק אֶחָד֙ כֶּ֔סֶף שִׁבְעִ֥ים שֶׁ֖קֶל בְּשֶׁ֣קֶל הַקֹּ֑דֶשׁ שְׁנֵיהֶ֣ם ׀ מְלֵאִ֗ים סֹ֛לֶת בְּלוּלָ֥ה בַשֶּׁ֖מֶן לְמִנְחָֽה ׃,הקרב את קרבנו קערת כספ אחת שלשימ ומאה משקלה מזרק אחד כספ שבעימ שקל בשקל הקדש שניהמ מלאימ סלת בלולה בשמנ למנחה,24,קריב ית קרבניה מגסתא דכסף חדא מאה ותלתין סלעין הוה מתקלה מזרקא חד דכסף מתקליה שבעין סלעין בסלעי קודשא תרויהון מלן סלתא דפילא במשח למנחתא:,25,"καὶ προσήνεγκεν τὸ δῶρον αὐτοῦ τρυβλίον ἀργυροῦν ἕν, τριάκοντα καὶ ἑκατὸν ὁλκὴ αὐτοῦ, φιάλην μίαν ἀργυρᾶν, ἑβδομήκοντα σίκλων κατὰ τὸν σίκλον τὸν ἅγιον, ἀμφότερα πλήρη σεμιδάλεως ἀναπεποιημένης ἐν ἐλαίῳ εἰς θυσίαν·",31,ܩܘܪܒܢܗ ܦܝܠܣܐ ܚܕ ܕܣܐܡܐ. ܡܢ ܡܐܐ ܘܬܠܬܝܢ ܡܬܩܠܗ. ܘܫܚܠܐ ܚܕ ܕܣܐܡܐ. ܡܢ ܫܒܥܝܢ ܡܬ̈ܩܠܝܢ ܒܡܬܩܠܐ ܕܩܘܕܫܐ. ܬܪ̈ܝܗܘܢ ܟܕ ܡܠܝܢ ܣܡܝܕܐ ܕܦܝܠ ܒܡܫܚܐ ܠܩܘܪܒܢܐ.,23,"E como sua oferta ofereceu uma salva de prata do peso de cento e trinta siclos, uma bacia de prata de setenta siclos, segundo o siclo do santuário; ambos cheios de flor de farinha amassada com azeite, para oferta de cereais;",41,True,True,True
7,20,Números 7:20,כַּ֥ף אַחַ֛ת עֲשָׂרָ֥ה זָהָ֖ב מְלֵאָ֥ה קְטֹֽרֶת ׃,כפ אחת עשרה זהב מלאה קטרת,7,בזיכא חדא מתקל עשר סלעין היא דדהב מליא קטרת בוסמיא:,10,"θυίσκην μίαν δέκα χρυσῶν, πλήρη θυμιάματος· ⸆",7,ܘܟܦܬܐ ܚܕܐ ܡܢ ܥܣܪܐ ܕܕܗܒܐ ܘܡܠܝܐ ܒܣ̈ܡܐ.,7,"uma colher de ouro de dez siclos, cheia de incenso;",10,True,True,True
7,21,Números 7:21,פַּ֣ר אֶחָ֞ד בֶּן־ בָּקָ֗ר אַ֧יִל אֶחָ֛ד כֶּֽבֶשׂ־ אֶחָ֥ד בֶּן־ שְׁנָת֖וֹ לְעֹלָֽה ׃,פר אחד בנ בקר איל אחד כבש אחד בנ שנתו לעלה,12,תור חד בר תורי דכר חד אמר חד בר שתיה לעלתא:,11,"μόσχον ἕνα ἐκ βοῶν, κριὸν ἕνα, ἀμνὸν ἕνα ἐνιαύσιον εἰς ὁλοκαύτωμα·",11,ܘܬܘܪܐ ܚܕ ܒܪ ܒܩܪܐ ܘܕܟܪܐ ܚܕ ܘܐܡܪܐ ܚܕ ܒܪ ܫܢܬܐ ܠܥܠܬܐ.,11,"um novilho, um carneiro, um cordeiro de um ano, para holocausto;",11,True,True,True
7,22,Números 7:22,שְׂעִיר־ עִזִּ֥ים אֶחָ֖ד לְחַטָּֽאת ׃,שעיר עזימ אחד לחטאת,5,צפיר בר עזין חד לחטאתא:,5,καὶ χίμαρον ἐξ αἰγῶν ἕνα περὶ ἁμαρτίας·,7,ܘܨܦܪܝܐ ܚܕ ܕܥ̈ܙܐ ܚܠܦ ܚܛܗܐ .,6,um bode para oferta pelo pecado;,6,True,True,True
7,23,Números 7:23,וּלְזֶ֣בַח הַשְּׁלָמִים֮ בָּקָ֣ר שְׁנַיִם֒ אֵילִ֤ם חֲמִשָּׁה֙ עַתּוּדִ֣ים חֲמִשָּׁ֔ה כְּבָשִׂ֥ים בְּנֵי־ שָׁנָ֖ה חֲמִשָּׁ֑ה זֶ֛ה קָרְבַּ֥ן נְתַנְאֵ֖ל בֶּן־ צוּעָֽר ׃ פ,ולזבח השלמימ בקר שנימ אילמ חמשה עתודימ חמשה כבשימ בני שנה חמשה זה קרבנ נתנאל בנ צוער פ,19,ולנכסת קודשיא תורין תרין דכרין חמשא גדיי חמשא אמרין בני שנא חמשא דין קרבן נתנאל בר צוער:,17,"καὶ εἰς θυσίαν σωτηρίου δαμάλεις δύο, κριοὺς πέντε, τράγους πέντε, ἀμνάδας ἐνιαυσίας πέντε· τοῦτο τὸ δῶρον Ναθαναὴλ υἱοῦ Σωγάρ.",19,ܘܠܕܒܚܐ ܫܠܡܐ. ܬܘܪ̈ܐ ܬܪ̈ܝܢ. ܘܕܟܪ̈ܐ ܚܡܫܐ. ܘܓ̈ܕܝܐ ܚܡܫܐ. ܘܐܡܪ̈ܐ ܒܢ̈ܝ ܫܢܬܐ ܚܡܫܐ. ܗܢܘ ܩܘܪܒܢܗ ܕܢܬܢܝܐܝܠ ܒܪ ܨܘܥܪ.,17,"e para sacrifício de ofertas pacíficas dois bois, cinco carneiros, cinco bodes, cinco cordeiros de um ano; esta foi a oferta de Netanel, filho de Zuar.",26,True,True,True
7,24,Números 7:24,בַּיּוֹם֙ הַשְּׁלִישִׁ֔י נָשִׂ֖יא לִבְנֵ֣י זְבוּלֻ֑ן אֱלִיאָ֖ב בֶּן־ חֵלֹֽן ׃,ביומ השלישי נשיא לבני זבולנ אליאב בנ חלנ,9,ביומא תליתאה רבא לבני זבולן אליאב בר חלון:,8,"Τῇ ἡμέρᾳ τῇ τρίτῃ ἄρχων τῶν υἱῶν Ζαβουλών, Ἐλιὰβ υἱὸς Χαιλών.",11,ܘܒܝܘܡܐ ܕܬܠܬܐ. ܩܪܒ ܪܝܫ ܫܒܛܐ ܕܙܒܘܠܘܢ. ܐܠܝܒ ܒܪ ܚܠܘܢ.,9,"No terceiro dia fez a sua oferta Eliabe, filho de Helom, príncipe dos filhos de Zebulom.",16,True,True,True
7,25,Números 7:25,קָרְבָּנ֞וֹ קַֽעֲרַת־ כֶּ֣סֶף אַחַ֗ת שְׁלֹשִׁ֣ים וּמֵאָה֮ מִשְׁקָלָהּ֒ מִזְרָ֤ק אֶחָד֙ כֶּ֔סֶף שִׁבְעִ֥ים שֶׁ֖קֶל בְּשֶׁ֣קֶל הַקֹּ֑דֶשׁ שְׁנֵיהֶ֣ם ׀ מְלֵאִ֗ים סֹ֛לֶת בְּלוּלָ֥ה בַשֶּׁ֖מֶן לְמִנְחָֽה ׃,קרבנו קערת כספ אחת שלשימ ומאה משקלה מזרק אחד כספ שבעימ שקל בשקל הקדש שניהמ מלאימ סלת בלולה בשמנ למנחה,22,קרבניה מגסתא דכסף חדא מאה ותלתין סלעין הוה מתקלה מזרקא חד דכסף מתקליה שבעין סלעין בסלעי קודשא תרויהון מלן סלתא דפילא במשח למנחתא:,23,"τὸ δῶρον αὐτοῦ τρυβλίον ἀργυροῦν ἕν, τριάκοντα καὶ ἑκατὸν ὁλκὴ αὐτοῦ, φιάλην μίαν ἀργυρᾶν, ἑβδομήκοντα σίκλων κατὰ τὸν σίκλον τὸν ἅγιον, ἀμφότερα πλήρη σεμιδάλεως ἀναπεποιημένης ἐν ἐλαίῳ εἰς θυσίαν·",29,ܩܘܪܒܢܗ ܦܝܠܣܐ ܚܕ ܕܣܐܡܐ. ܡܢ ܡܐܐ ܘܬܠܬܝܢ ܡܬܩܠܗ. ܘܫܚܠܐ ܚܕ ܕܣܐܡܐ. ܡܢ ܫܒܥܝܢ ܡܬ̈ܩܠܝܢ ܒܡܬܩܠܐ ܕܩܘܕܫܐ. ܬܪ̈ܝܗܘܢ ܟܕ ܡܠܝܢ ܣܡܝܕܐ ܕܦܝܠ ܒܡܫܚܐ ܠܩܘܪܒܢܐ.,23,"A sua oferta foi uma salva de prata do peso de cento e trinta siclos, uma bacia de prata de setenta siclos, segundo o siclo do santuário; ambos cheios de flor de farinha amassada com azeite, para oferta de cereais;",40,True,True,True
7,26,Números 7:26,כַּ֥ף אַחַ֛ת עֲשָׂרָ֥ה זָהָ֖ב מְלֵאָ֥ה קְטֹֽרֶת ׃,כפ אחת עשרה זהב מלאה קטרת,7,בזיכא חדא מתקל עשר סלעין היא דדהב מליא קטרת בוסמיא:,10,"θυίσκην μίαν δέκα χρυσῶν, πλήρη θυμιάματος·",6,ܘܟܦܬܐ ܚܕܐ ܡܢ ܥܣܪܐ ܕܕܗܒܐ ܘܡܠܝܐ ܒܣ̈ܡܐ.,7,"uma colher de ouro de dez siclos, cheia de incenso;",10,True,True,True
7,27,Números 7:27,פַּ֣ר אֶחָ֞ד בֶּן־ בָּקָ֗ר אַ֧יִל אֶחָ֛ד כֶּֽבֶשׂ־ אֶחָ֥ד בֶּן־ שְׁנָת֖וֹ לְעֹלָֽה ׃,פר אחד בנ בקר איל אחד כבש אחד בנ שנתו לעלה,12,תור חד בר תורי דכר חד אמר חד בר שתיה לעלתא:,11,"μόσχον ἕνα ἐκ βοῶν, κριὸν ἕνα, ἀμνὸν ἕνα ἐνιαύσιον εἰς ὁλοκαύτωμα·",11,ܘܬܘܪܐ ܚܕ ܒܪ ܒܩܪܐ. ܘܕܟܪܐ ܚܕ ܘܐܡܪܐ ܚܕ ܒܪ ܫܢܬܐ ܠܥܠܬܐ.,11,"um novilho, um carneiro, um cordeiro de um ano, para holocausto;",11,True,True,True
7,28,Números 7:28,שְׂעִיר־ עִזִּ֥ים אֶחָ֖ד לְחַטָּֽאת ׃,שעיר עזימ אחד לחטאת,5,צפיר בר עזין חד לחטאתא:,5,καὶ χίμαρον ἐξ αἰγῶν ἕνα περὶ ἁμαρτίας·,7,ܘܨܦܪܝܐ ܚܕ ܕܥ̈ܙܐ ܠܚܛܗܐ .,5,um bode para oferta pelo pecado;,6,True,True,True
7,29,Números 7:29,וּלְזֶ֣בַח הַשְּׁלָמִים֮ בָּקָ֣ר שְׁנַיִם֒ אֵילִ֤ם חֲמִשָּׁה֙ עַתֻּדִ֣ים חֲמִשָּׁ֔ה כְּבָשִׂ֥ים בְּנֵי־ שָׁנָ֖ה חֲמִשָּׁ֑ה זֶ֛ה קָרְבַּ֥ן אֱלִיאָ֖ב בֶּן־ חֵלֹֽן ׃ פ,ולזבח השלמימ בקר שנימ אילמ חמשה עתדימ חמשה כבשימ בני שנה חמשה זה קרבנ אליאב בנ חלנ פ,19,ולנכסת קודשיא תורין תרין דכרי חמשא גדיי חמשא אמרין בני שנא חמשא דין קרבן אליאב בר חלון,17,"καὶ εἰς θυσίαν σωτηρίου δαμάλεις δύο, κριοὺς πέντε, ἀμνάδας ἐνιαυσίας πέντε· τοῦτο τὸ δῶρον Ἐλιὰβ υἱοῦ Χαιλών.",17,ܘܠܕܒܚܐ ܫܠܡܐ. ܬܘܪ̈ܐ ܬܪ̈ܝܢ ܘܕܟܪ̈ܐ ܚܡܫܐ. ܘܓ̈ܕܝܐ ܚܡܫܐ. ܘܐܡܪ̈ܐ ܒܢ̈ܝ ܫܢܬܐ ܚܡܫܐ. ܗܢܘ ܩܘܪܒܢܗ ܕܐܠܝܒ ܒܪ ܚܠܘܢ.,17,"e para sacrifício de ofertas pacíficas dois bois, cinco carneiros, cinco bodes, cinco cordeiros de um ano; esta foi a oferta de Eliabe, filho de Helom.",26,True,True,True
7,30,Números 7:30,בַּיּוֹם֙ הָרְבִיעִ֔י נָשִׂ֖יא לִבְנֵ֣י רְאוּבֵ֑ן אֱלִיצ֖וּר בֶּן־ שְׁדֵיאֽוּר ׃,ביומ הרביעי נשיא לבני ראובנ אליצור בנ שדיאור,9,ביומא רביעאה רבא לבני ראובן אליצור בר שדיאור:,8,"Τῇ ἡμέρᾳ τῇ τετάρτῃ ἄρχων τῶν υἱῶν Ῥουβήν, Ἐλισοὺρ υἱὸς Ἐδισούρ.",11,ܘܒܝܘܡܐ ܕܐܪ̈ܒܥܐ ܩܪܒ ܪܝܫ ܫܒܛܐ ܕܪܘܒܝܠ. ܐܠܝܨܘܪ ܒܪ ܫܕܐܘܪ.,9,"No quarto dia fez a sua oferta Elizur, filho de Sedeur, príncipe dos filhos de Rúben.",16,True,True,True
7,31,Números 7:31,קָרְבָּנ֞וֹ קַֽעֲרַת־ כֶּ֣סֶף אַחַ֗ת שְׁלֹשִׁ֣ים וּמֵאָה֮ מִשְׁקָלָהּ֒ מִזְרָ֤ק אֶחָד֙ כֶּ֔סֶף שִׁבְעִ֥ים שֶׁ֖קֶל בְּשֶׁ֣קֶל הַקֹּ֑דֶשׁ שְׁנֵיהֶ֣ם ׀ מְלֵאִ֗ים סֹ֛לֶת בְּלוּלָ֥ה בַשֶּׁ֖מֶן לְמִנְחָֽה ׃,קרבנו קערת כספ אחת שלשימ ומאה משקלה מזרק אחד כספ שבעימ שקל בשקל הקדש שניהמ מלאימ סלת בלולה בשמנ למנחה,22,קרבניה מגסתא דכסף חדא מאה ותלתין סלעין הוה מתקלה מזרקא חד דכסף מתקליה שבעין סלעין בסלעי קודשא תרויהון מלן סלתא דפילא במשח למנחתא:,23,"τὸ δῶρον αὐτοῦ τρυβλίον ἀργυροῦν ἕν, τριάκοντα καὶ ἑκατὸν ὁλκὴ αὐτοῦ, φιάλην μίαν ἀργυρᾶν, ἑβδομήκοντα σίκλων κατὰ τὸν σίκλον τὸν ἅγιον, ἀμφότερα πλήρη σεμιδάλεως ἀναπεποιημένης ἐν ἐλαίῳ εἰς θυσίαν·",29,ܩܘܪܒܢܗ ܦܝܠܣܐ ܚܕ ܕܣܐܡܐ. ܡܢ ܡܐܐ ܘܬܠܬܝܢ ܡܬܩܠܗ. ܘܫܚܠܐ ܚܕ ܕܣܐܡܐ. ܡܢ ܫܒܥܝܢ ܡܬܩ̈ܠܝܢ ܒܡܬܩܠܐ ܕܩܘܕܫܐ. ܬܪ̈ܝܗܘܢ ܟܕ ܡܠܝܢ ܣܡܝܕܐ ܕܦܝܠ ܒܡܫܚܐ ܠܩܘܪܒܢܐ.,23,"A sua oferta foi uma salva de prata do peso de cento e trinta siclos, uma bacia de prata de setenta siclos, segundo o siclo do santuário; ambos cheios de flor de farinha amassada com azeite, para oferta de cereais;",40,True,True,True
7,32,Números 7:32,כַּ֥ף אַחַ֛ת עֲשָׂרָ֥ה זָהָ֖ב מְלֵאָ֥ה קְטֹֽרֶת,כפ אחת עשרה זהב מלאה קטרת,6,בזיכא חדא מתקל עשר סלעין היא דדהב מליא קטרת בוסמיא:,10,"θυίσκην μίαν δέκα χρυσῶν, πλήρη θυμιάματος·",6,ܘܟܦܬܐ ܚܕܐ ܡܢ ܥܣܪܐ ܕܕܗܒܐ ܘܡܠܝܐ ܒܣ̈ܡܐ.,7,"uma colher de ouro de dez siclos, cheio de incenso;",10,True,True,True
7,33,Números 7:33,פַּ֣ר אֶחָ֞ד בֶּן־ בָּקָ֗ר אַ֧יִל אֶחָ֛ד כֶּֽבֶשׂ־ אֶחָ֥ד בֶּן־ שְׁנָת֖וֹ לְעֹלָֽה ׃,פר אחד בנ בקר איל אחד כבש אחד בנ שנתו לעלה,12,תור חד בר תורי דכר חד אמר חד בר שתיה לעלתא:,11,"μόσχον ἕνα ἐκ βοῶν, κριὸν ἕνα, ἀμνὸν ἕνα ἐνιαύσιον εἰς ὁλοκαύτωμα·",11,ܘܬܘܪܐ ܚܕ ܒܪ ܒܩܪܐ ܘܕܟܪܐ ܚܕ. ܘܐܡܪܐ ܚܕ ܒܪ ܫܢܬܐ ܠܥܠܬܐ.,11,"um novilho, um carneiro, um cordeiro de um ano, para holocausto;",11,True,True,True
7,34,Números 7:34,שְׂעִיר־ עִזִּ֥ים אֶחָ֖ד לְחַטָּֽאת ׃,שעיר עזימ אחד לחטאת,5,צפיר בר עזין חד לחטאתא:,5,καὶ χίμαρον ἐξ αἰγῶν ἕνα περὶ ἁμαρτίας·,7,ܘܨܦܪܝܐ ܚܕ ܕܥ̈ܙܐ ܠܚܛܗܐ .,5,um bode para oferta pelo pecado;,6,True,True,True
7,35,Números 7:35,וּלְזֶ֣בַח הַשְּׁלָמִים֮ בָּקָ֣ר שְׁנַיִם֒ אֵילִ֤ם חֲמִשָּׁה֙ עַתֻּדִ֣ים חֲמִשָּׁ֔ה כְּבָשִׂ֥ים בְּנֵֽי־ שָׁנָ֖ה חֲמִשָּׁ֑ה זֶ֛ה קָרְבַּ֥ן אֱלִיצ֖וּר בֶּן־ שְׁדֵיאֽוּר ׃ פ,ולזבח השלמימ בקר שנימ אילמ חמשה עתדימ חמשה כבשימ בני שנה חמשה זה קרבנ אליצור בנ שדיאור פ,19,ולנכסת קודשיא תורין תרין דכרי חמשא גדיי חמשא אמרין בני שנא חמשא דין קרבן אליצור בר שדיאור:,17,"καὶ εἰς θυσίαν σωτηρίου δαμάλεις δύο, κριοὺς πέντε, τράγους πέντε, ἀμνάδας ἐνιαυσίας πέντε· τοῦτο τὸ δῶρον Ἐλισοὺρ υἱοῦ Σεδιούρ.",19,ܘܠܕܒܚܐ ܫܠܡܐ. ܬܘܪ̈ܐ ܬܪ̈ܝܢ. ܘܕܟܪ̈ܐ ܚܡܫܐ. ܘܓ̈ܕܝܐ ܚܡܫܐ. ܘܐܡܪ̈ܐ ܒܢ̈ܝ ܫܢܬܐ ܚܡܫܐ. ܗܢܘ ܩܘܪܒܢܗ ܕܐܠܝܨܘܪ ܒܪ ܫܕܐܘܪ.,17,"e para sacrifício de ofertas pacíficas dois bois, cinco carneiros, cinco bodes, cinco cordeiros de um ano; esta foi a oferta de Elizur, filho de Sedeur.",26,True,True,True
7,36,Números 7:36,בַּיּוֹם֙ הַחֲמִישִׁ֔י נָשִׂ֖יא לִבְנֵ֣י שִׁמְע֑וֹן שְׁלֻֽמִיאֵ֖ל בֶּן־ צוּרִֽישַׁדָּֽי ׃,ביומ החמישי נשיא לבני שמעונ שלמיאל בנ צורישדי,9,ביומא חמישאה רבא לבני שמעון שלמיאל בר צורישדי:,8,"Τῇ ἡμέρᾳ τῇ πέμπτῃ ἄρχων τῶν υἱῶν Συμεών, Σαλαμιὴλ υἱὸς Σουρισαδαί.",11,ܘܒܝܘܡܐ ܕܚܡܫܐ. ܩܪܒ ܪܝܫ ܫܒܛܐ ܕܫܡܥܘܢ. ܫܠܡܘܐܝܠ ܒܪ ܨܘܪܝܫܕܝ.,9,"No quinto dia fez a sua oferta Selumiel, filho de Zurisadai, príncipe dos filhos de Simeão.",16,True,True,True
7,37,Números 7:37,קָרְבָּנ֞וֹ קַֽעֲרַת־ כֶּ֣סֶף אַחַ֗ת שְׁלֹשִׁ֣ים וּמֵאָה֮ מִשְׁקָלָהּ֒ מִזְרָ֤ק אֶחָד֙ כֶּ֔סֶף שִׁבְעִ֥ים שֶׁ֖קֶל בְּשֶׁ֣קֶל הַקֹּ֑דֶשׁ שְׁנֵיהֶ֣ם ׀ מְלֵאִ֗ים סֹ֛לֶת בְּלוּלָ֥ה בַשֶּׁ֖מֶן לְמִנְחָֽה ׃,קרבנו קערת כספ אחת שלשימ ומאה משקלה מזרק אחד כספ שבעימ שקל בשקל הקדש שניהמ מלאימ סלת בלולה בשמנ למנחה,22,קרבניה מגסתא דכסף חדא מאה ותלתין סלעין הוה מתקלה מזרקא חד דכסף מתקליה שבעין סלעין בסלעי קודשא תרויהון מלן סלתא דפילא במשח למנחתא:,23,"τὸ δῶρον αὐτοῦ τρυβλίον ἀργυροῦν ἕν, τριάκοντα καὶ ἑκατὸν ὁλκὴ αὐτοῦ, φιάλην μίαν ἀργυρᾶν, ἑβδομήκοντα σίκλων κατὰ τὸν σίκλον τὸν ἅγιον, ἀμφότερα πλήρη σεμιδάλεως ἀναπεποιημένης ἐν ἐλαίῳ εἰς θυσίαν·",29,ܩܘܪܒܢܗ ܦܝܠܣܐ ܚܕ ܕܣܐܡܐ. ܡܢ ܡܐܐ ܘܬܠܬܝܢ ܡܬܩܠܗ. ܘܫܚܠܐ ܚܕ ܕܣܐܡܐ. ܡܢ ܫܒܥܝܢ ܡܬ̈ܩܠܝܢ ܒܡܬܩܠܐ ܕܩܘܕܫܐ. ܬܪ̈ܝܗܘܢ ܟܕ ܡܠܝܢ ܣܡܝܕܐ ܕܦܝܠ ܒܡܫܚܐ ܠܩܘܪܒܢܐ.,23,"A sua oferta foi uma salva de prata do peso de cento e trinta siclos, uma bacia de prata de setenta siclos, segundo o siclo do santuário; ambos cheios de flor de farinha amassada com azeite, para oferta de cereais;",40,True,True,True
7,38,Números 7:38,כַּ֥ף אַחַ֛ת עֲשָׂרָ֥ה זָהָ֖ב מְלֵאָ֥ה קְטֹֽרֶת ׃,כפ אחת עשרה זהב מלאה קטרת,7,בזיכא חדא מתקל עשר סלעין היא דדהב מליא קטרת בוסמיא:,10,"θυίσκην μίαν δέκα χρυσῶν, πλήρη θυμιάματος·",6,ܘܟܦܬܐ ܚܕܐ ܡܢ ܥܣܪܐ ܕܕܗܒܐ ܘܡܠܝܐ ܒܣ̈ܡܐ.,7,"uma colher de ouro de dez siclos, cheia de incenso;",10,True,True,True
7,39,Números 7:39,פַּ֣ר אֶחָ֞ד בֶּן־ בָּקָ֗ר אַ֧יִל אֶחָ֛ד כֶּֽבֶשׂ־ אֶחָ֥ד בֶּן־ שְׁנָת֖וֹ לְעֹלָֽה ׃,פר אחד בנ בקר איל אחד כבש אחד בנ שנתו לעלה,12,תור חד בר תורי דכר חד אמר חד בר שתיה לעלתא:,11,"μόσχον ἕνα ἐκ βοῶν, κριὸν ἕνα, ἀμνὸν ἕνα ἐνιαύσιον εἰς ὁλοκαύτωμα·",11,ܘܬܘܪܐ ܚܕ ܒܪ ܒܩܪܐ ܘܕܟܪܐ ܚܕ ܘܐܡܪܐ ܚܕ ܒܪ ܫܢܬܐ ܠܥܠܬܐ.,11,"um novilho, um carneiro, um cordeiro de um ano, para holocausto;",11,True,True,True
7,40,Números 7:40,שְׂעִיר־ עִזִּ֥ים אֶחָ֖ד לְחַטָּֽאת,שעיר עזימ אחד לחטאת,4,צפיר בר עזין חד לחטאתא:,5,καὶ χίμαρον ἐξ αἰγῶν ἕνα περὶ ἁμαρτίας·,7,ܘܨܦܪܝܐ ܚܕ ܕܥ̈ܙܐ ܠܚܛܗܐ .,5,um bode para oferta pelo pecado;,6,True,True,True
7,41,Números 7:41,וּלְזֶ֣בַח הַשְּׁלָמִים֮ בָּקָ֣ר שְׁנַיִם֒ אֵילִ֤ם חֲמִשָּׁה֙ עַתֻּדִ֣ים חֲמִשָּׁ֔ה כְּבָשִׂ֥ים בְּנֵי־ שָׁנָ֖ה חֲמִשָּׁ֑ה זֶ֛ה קָרְבַּ֥ן שְׁלֻמִיאֵ֖ל בֶּן־ צוּרִֽישַׁדָּֽי ׃ פ,ולזבח השלמימ בקר שנימ אילמ חמשה עתדימ חמשה כבשימ בני שנה חמשה זה קרבנ שלמיאל בנ צורישדי פ,19,ולנכסת קודשיא תורין תרין דכרי חמשא גדיי חמשא אמרין בני שנא חמשא דין קרבן שלמיאל בר צורישדי:,17,"καὶ εἰς θυσίαν σωτηρίου δαμάλεις δύο, κριοὺς πέντε, ἀμνάδας ἐνιαυσίας πέντε· τοῦτο τὸ δῶρον Σαλαμιὴλ υἱοῦ Σουρισαδαί.",17,ܘܠܕܒܚܐ ܫܠܡܐ. ܬܘܪ̈ܐ ܬܪ̈ܝܢ ܘܕܟܪ̈ܐ ܚܡܫܐ. ܘܓ̈ܕܝܐ ܚܡܫܐ. ܘܐܡܪ̈ܐ ܒܢ̈ܝ ܫܢܬܐ ܚܡܫܐ. ܗܢܘ ܩܘܪܒܢܗ ܕܫܠܡܘܐܝܠ ܒܪ ܨܘܪܝܫܕܝ.,17,"e para sacrifício de ofertas pacíficas dois bois, cinco carneiros, cinco bodes, cinco cordeiros de um ano; esta foi a oferta de Selumiel, filho de Zurisadai.",26,True,True,True
7,42,Números 7:42,בַּיּוֹם֙ הַשִּׁשִּׁ֔י נָשִׂ֖יא לִבְנֵ֣י גָ֑ד אֶלְיָסָ֖ף בֶּן־ דְּעוּאֵֽל ׃,ביומ הששי נשיא לבני גד אליספ בנ דעואל,9,ביומא שתיתאה רבא לבני גד אליסף בר דעואל:,8,"Τῇ ἡμέρᾳ τῇ ἕκτῃ ἄρχων τῶν υἱῶν Γάδ, Ἐλεισὰφ υἱὸς Ῥαγουήλ.",11,ܘܒܝܘܡܐ ܕܫܬܐ ܩܪܒ ܪܝܫ ܫܒܛܐ ܕܓܕ ܐܠܝܐܣܦ ܒܪ ܪܥܘܐܝܠ.,9,"No sexto dia fez a sua oferta Eliasafe, filho de Deuel, príncipe dos filhos de Gade.",16,True,True,True
7,43,Números 7:43,קָרְבָּנ֞וֹ קַֽעֲרַת־ כֶּ֣סֶף אַחַ֗ת שְׁלֹשִׁ֣ים וּמֵאָה֮ מִשְׁקָלָהּ֒ מִזְרָ֤ק אֶחָד֙ כֶּ֔סֶף שִׁבְעִ֥ים שֶׁ֖קֶל בְּשֶׁ֣קֶל הַקֹּ֑דֶשׁ שְׁנֵיהֶ֣ם ׀ מְלֵאִ֗ים סֹ֛לֶת בְּלוּלָ֥ה בַשֶּׁ֖מֶן לְמִנְחָֽה ׃,קרבנו קערת כספ אחת שלשימ ומאה משקלה מזרק אחד כספ שבעימ שקל בשקל הקדש שניהמ מלאימ סלת בלולה בשמנ למנחה,22,קרבניה מגסתא דכסף חדא מאה ותלתין סלעין הוה מתקלה מזרקא חד דכסף מתקליה שבעין סלעין בסלעי קודשא תרויהון מלן סלתא דפילא במשח למנחתא:,23,"τὸ δῶρον αὐτοῦ τρυβλίον ἀργυροῦν ἕν, τριάκοντα καὶ ἑκατὸν ὁλκὴ αὐτοῦ, φιάλην μίαν ἀργυρᾶν, ἑβδομήκοντα σίκλων κατὰ τὸν σίκλον τὸν ἅγιον, ἀμφότερα πλήρη σεμιδάλεως ἀναπεποιημένης ἐν ἐλαίῳ εἰς θυσίαν·",29,ܩܘܪܒܢܗ ܦܝܠܣܐ ܚܕ ܕܣܐܡܐ. ܡܢ ܡܐܐ ܘܬܠܬܝܢ ܡܬܩܠܗ. ܘܫܚܠܐ ܚܕ ܕܣܐܡܐ. ܡܢ ܫܒܥܝܢ ܡܬ̈ܩܠܝܢ ܒܡܬܩܠܐ ܕܩܘܕܫܐ. ܬܪ̈ܝܗܘܢ ܟܕ ܡܠܝܢ ܣܡܝܕܐ ܕܦܝܠ ܒܡܫܚܐ ܠܩܘܪܒܢܐ.,23,"A sua oferta foi uma salva de prata do peso de cento e trinta siclos, uma bacia de prata de setenta siclos, segundo o siclo do santuário; ambos cheios de flor de farinha amassada com azeite, para oferta de cereais;",40,True,True,True
7,44,Números 7:44,כַּ֥ף אַחַ֛ת עֲשָׂרָ֥ה זָהָ֖ב מְלֵאָ֥ה קְטֹֽרֶת ׃,כפ אחת עשרה זהב מלאה קטרת,7,בזיכא חדא מתקל עשר סלעין היא דדהב מליא קטרת בוסמיא:,10,"θυίσκην μίαν δέκα χρυσῶν, πλήρη θυμιάματος·",6,ܘܟܦܬܐ ܚܕܐ ܡܢ ܥܣܪܐ ܕܕܗܒܐ ܘܡܠܝܐ ܒܣ̈ܡܐ.,7,"uma colher de ouro do dez siclos, cheia de incenso;",10,True,True,True
7,45,Números 7:45,פַּ֣ר אֶחָ֞ד בֶּן־ בָּקָ֗ר אַ֧יִל אֶחָ֛ד כֶּֽבֶשׂ־ אֶחָ֥ד בֶּן־ שְׁנָת֖וֹ לְעֹלָֽה ׃,פר אחד בנ בקר איל אחד כבש אחד בנ שנתו לעלה,12,תור חד בר תורי דכר חד אמר חד בר שתיה לעלתא:,11,"μόσχον ἕνα ἐκ βοῶν, κριὸν ἕνα, ἀμνὸν ἕνα ἐνιαύσιον εἰς ὁλοκαύτωμα·",11,ܘܬܘܪܐ ܚܕ ܒܪ ܒܩܪܐ ܘܕܟܪܐ ܚܕ. ܘܐܡܪܐ ܚܕ ܒܪ ܫܢܬܐ ܠܥܠܬܐ.,11,"um novilho, um carneiro, um cordeiro de um ano, para holocausto; ,",12,True,True,True
7,46,Números 7:46,שְׂעִיר־ עִזִּ֥ים אֶחָ֖ד לְחַטָּֽאת ׃,שעיר עזימ אחד לחטאת,5,צפיר בר עזין חד לחטאתא:,5,καὶ χίμαρον ἐξ αἰγῶν ἕνα περὶ ἁμαρτίας·,7,ܘܨܦܪܝܐ ܚܕ ܕܥ̈ܙܐ ܠܚܛܗܐ .,5,um bode para oferta pelo pecado;,6,True,True,True
7,47,Números 7:47,וּלְזֶ֣בַח הַשְּׁלָמִים֮ בָּקָ֣ר שְׁנַיִם֒ אֵילִ֤ם חֲמִשָּׁה֙ עַתֻּדִ֣ים חֲמִשָּׁ֔ה כְּבָשִׂ֥ים בְּנֵי־ שָׁנָ֖ה חֲמִשָּׁ֑ה זֶ֛ה קָרְבַּ֥ן אֶלְיָסָ֖ף בֶּן־ דְּעוּאֵֽל ׃ פ,ולזבח השלמימ בקר שנימ אילמ חמשה עתדימ חמשה כבשימ בני שנה חמשה זה קרבנ אליספ בנ דעואל פ,19,ולנכסת קודשיא תורין תרין דכרי חמשא גדיי חמשא אמרין בני שנא חמשא דין קרבן אליסף בר דעואל:,17,"καὶ εἰς θυσίαν σωτηρίου δαμάλεις δύο, κριοὺς πέντε, τράγους πέντε, ἀμνάδας ἐνιαυσίας πέντε· τοῦτο τὸ δῶρον Ἐλεισὰφ υἱοῦ Ῥαγουήλ.",19,ܘܠܕܒܚܐ ܫܠܡܐ. ܬܘܪ̈ܐ ܬܪ̈ܝܢ. ܘܕܟܪ̈ܐ ܚܡܫܐ. ܘܓ̈ܕܝܐ ܚܡܫܐ. ܘܐܡܪ̈ܐ ܒܢ̈ܝ ܫܢܬܐ ܚܡܫܐ . ܗܢܘ ܩܘܪܒܢܗ ܕܐܠܝܐܣܦ ܒܪ ܪܥܘܐܝܠ.,18,"e para sacrifício de ofertas pacíficas dois bois, cinco carneiros, cinco bodes, cinco cordeiros de um ano; esta foi a oferta de Eliasafe, filho de Deuel,",26,True,True,True
7,48,Números 7:48,בַּיּוֹם֙ הַשְּׁבִיעִ֔י נָשִׂ֖יא לִבְנֵ֣י אֶפְרָ֑יִם אֱלִֽישָׁמָ֖ע בֶּן־ עַמִּיהֽוּד ׃,ביומ השביעי נשיא לבני אפרימ אלישמע בנ עמיהוד,9,ביומא שביעאה רבא לבני אפרים אלישמע בר עמיהוד:,8,"Τῇ ἡμέρᾳ τῇ ἑβδόμῃ ἄρχων τῶν υἱῶν Ἐφράιμ, Ἐλισαμὰ υἱὸς Ἐμιούδ.",11,ܘܒܝܘܡܐ ܕܫܒܥܐ. ܩܪܒ ܪܝܫ ܫܒܛܐ ܕܐܦܪܝܡ. ܐܠܝܫܡܥ ܒܪ ܥܡܝܗܘܕ.,9,"No sétimo dia fez a sua oferta Elisama, filho de Amiúde, príncipe dos filhos de Efraim.",16,True,True,True
7,49,Números 7:49,קָרְבָּנ֞וֹ קַֽעֲרַת־ כֶּ֣סֶף אַחַ֗ת שְׁלֹשִׁ֣ים וּמֵאָה֮ מִשְׁקָלָהּ֒ מִזְרָ֤ק אֶחָד֙ כֶּ֔סֶף שִׁבְעִ֥ים שֶׁ֖קֶל בְּשֶׁ֣קֶל הַקֹּ֑דֶשׁ שְׁנֵיהֶ֣ם ׀ מְלֵאִ֗ים סֹ֛לֶת בְּלוּלָ֥ה בַשֶּׁ֖מֶן לְמִנְחָֽה ׃,קרבנו קערת כספ אחת שלשימ ומאה משקלה מזרק אחד כספ שבעימ שקל בשקל הקדש שניהמ מלאימ סלת בלולה בשמנ למנחה,22,קרבניה מגסתא דכסף חדא מאה ותלתין סלעין הוה מתקלה מזרקא חד דכסף מתקליה שבעין סלעין בסלעי קודשא תרויהון מלן סלתא דפילא במשח למנחתא:,23,"τὸ δῶρον αὐτοῦ τρυβλίον ἀργυροῦν ἕν, τριάκοντα καὶ ἑκατὸν ὁλκὴ αὐτοῦ, φιάλην μίαν ἀργυρᾶν, ἑβδομήκοντα σίκλων κατὰ τὸν σίκλον τὸν ἅγιον, ἀμφότερα πλήρη σεμιδάλεως ἀναπεποιημένης ἐν ἐλαίῳ εἰς θυσίαν·",29,ܩܘܪܒܢܗ ܦܝܠܣܐ ܚܕ ܕܣܐܡܐ. ܡܢ ܡܐܐ ܘܬܠܬܝܢ ܡܬܩܠܗ. ܘܫܚܠܐ ܚܕ ܕܣܐܡܐ. ܡܢ ܫܒܥܝܢ ܡܬ̈ܩܠܝܢ ܒܡܬܩܠܐ ܕܩܘܕܫܐ. ܬܪ̈ܝܗܘܢ ܟܕ ܡܠܝܢ ܣܡܝܕܐ ܕܦܝܠ ܒܡܫܚܐ ܠܩܘܪܒܢܐ.,23,"A sua oferta foi uma salva de prata do peso de cento e trinta siclos, uma bacia de prata de setenta siclos, segundo o siclo do santuário; ambos cheios de flor de farinha amassado com azeite, para oferta de cereais;",40,True,True,True
7,50,Números 7:50,כַּ֥ף אַחַ֛ת עֲשָׂרָ֥ה זָהָ֖ב מְלֵאָ֥ה קְטֹֽרֶת ׃,כפ אחת עשרה זהב מלאה קטרת,7,בזיכא חדא מתקל עשר סלעין היא דדהב מליא קטרת בוסמיא:,10,"θυίσκην μίαν δέκα χρυσῶν, πλήρη θυμιάματος·",6,ܘܟܦܬܐ ܚܕܐ ܡܢ ܥܣܪܐ ܕܕܗܒܐ ܘܡܠܝܐ ܒܣ̈ܡܐ.,7,"uma colher de ouro de dez siclos, cheia de incenso;",10,True,True,True
7,51,Números 7:51,פַּ֣ר אֶחָ֞ד בֶּן־ בָּקָ֗ר אַ֧יִל אֶחָ֛ד כֶּֽבֶשׂ־ אֶחָ֥ד בֶּן־ שְׁנָת֖וֹ לְעֹלָֽה ׃,פר אחד בנ בקר איל אחד כבש אחד בנ שנתו לעלה,12,תור חד בר תורי דכר חד אמר חד בר שתיה לעלתא:,11,"μόσχον ἕνα ἐκ βοῶν, κριὸν ἕνα, ἀμνὸν ἕνα ἐνιαύσιον εἰς ὁλοκαύτωμα·",11,ܘܬܘܪܐ ܚܕ ܒܪ ܒܩܪܐ ܘܕܟܪܐ ܚܕ ܘܐܡܪܐ ܚܕ ܒܪ ܫܢܬܐ ܠܥܠܬܐ.,11,"um novilho, um carneiro, um cordeiro de um ano, para holocausto;",11,True,True,True
7,52,Números 7:52,שְׂעִיר־ עִזִּ֥ים אֶחָ֖ד לְחַטָּֽאת ׃,שעיר עזימ אחד לחטאת,5,צפיר בר עזין חד לחטאתא:,5,καὶ χίμαρον ἐξ αἰγῶν ἕνα περὶ ἁμαρτίας·,7,ܘܨܦܪܝܐ ܚܕ ܕܥ̈ܙܐ ܠܚܛܗܐ .,5,um bode para oferta pelo pecado;,6,True,True,True
7,53,Números 7:53,וּלְזֶ֣בַח הַשְּׁלָמִים֮ בָּקָ֣ר שְׁנַיִם֒ אֵילִ֤ם חֲמִשָּׁה֙ עַתֻּדִ֣ים חֲמִשָּׁ֔ה כְּבָשִׂ֥ים בְּנֵֽי־ שָׁנָ֖ה חֲמִשָּׁ֑ה זֶ֛ה קָרְבַּ֥ן אֱלִישָׁמָ֖ע בֶּן־ עַמִּיהֽוּד ׃ פ,ולזבח השלמימ בקר שנימ אילמ חמשה עתדימ חמשה כבשימ בני שנה חמשה זה קרבנ אלישמע בנ עמיהוד פ,19,ולנכסת קודשיא תורין תרין דכרין חמשא גדיי חמשא אמרין בני שנא חמשא דין קרבן אלישמע בר עמיהוד:,17,"καὶ εἰς θυσίαν σωτηρίου δαμάλεις δύο, κριοὺς πέντε, τράγους πέντε, ἀμνάδας ἐνιαυσίας πέντε· τοῦτο τὸ δῶρον Ἐλεισαμὰ υἱοῦ Ἐμιούδ.",19,ܘܠܕܒܚܐ ܫܠܡܐ. ܬܘܪ̈ܐ ܬܪ̈ܝܢ ܘܕܟܪ̈ܐ ܚܡܫܐ. ܘܓ̈ܕܝܐ ܚܡܫܐ. ܘܐܡܪ̈ܐ ܒܢ̈ܝ ܫܢܬܐ ܚܡܫܐ. ܗܢܘ ܩܘܪܒܢܗ ܕܐܠܝܫܡܥ ܒܪ ܥܡܝܗܘܕ.,17,"e para sacrifício de ofertas pacíficas dois bois, cinco carneiros, cinco bodes, cinco cordeiros de um ano; esta foi a oferta de Elisama, filho de Amiúde.",26,True,True,True
7,54,Números 7:54,בַּיּוֹם֙ הַשְּׁמִינִ֔י נָשִׂ֖יא לִבְנֵ֣י מְנַשֶּׁ֑ה גַּמְלִיאֵ֖ל בֶּן־ פְּדָה־ צֽוּר ׃,ביומ השמיני נשיא לבני מנשה גמליאל בנ פדה צור,10,ביומא תמינאה רבא לבני מנשה גמליאל בר פדהצור:,8,"Τῇ ἡμέρᾳ τῇ ὀγδόῃ ἄρχων τῶν υἱῶν Μανασσή, Γαμαλιὴλ υἱὸς Φαδασσούρ.",11,ܘܒܝܘܡܐ ܕܬܡܢܝܐ. ܩܪܒ ܪܝܫ ܫܒܛܐ ܕܡܢܫܐ. ܓܡܠܝܐܝܠ ܒܪ ܦܪܨܘܪ.,9,"No oitavo dia fez a sua oferta Gamaliel, filho de Pedazur, príncipe dos filhos de Manassés.",16,True,True,True
7,55,Números 7:55,קָרְבָּנ֞וֹ קַֽעֲרַת־ כֶּ֣סֶף אַחַ֗ת שְׁלֹשִׁ֣ים וּמֵאָה֮ מִשְׁקָלָהּ֒ מִזְרָ֤ק אֶחָד֙ כֶּ֔סֶף שִׁבְעִ֥ים שֶׁ֖קֶל בְּשֶׁ֣קֶל הַקֹּ֑דֶשׁ שְׁנֵיהֶ֣ם ׀ מְלֵאִ֗ים סֹ֛לֶת בְּלוּלָ֥ה בַשֶּׁ֖מֶן לְמִנְחָֽה,קרבנו קערת כספ אחת שלשימ ומאה משקלה מזרק אחד כספ שבעימ שקל בשקל הקדש שניהמ מלאימ סלת בלולה בשמנ למנחה,21,קרבניה מגסתא דכסף חדא מאה ותלתין סלעין הוה מתקלה מזרקא חד דכסף מתקליה שבעין סלעין בסלעי קודשא תרויהון מלן סלתא דפילא במשח למנחתא:,23,"τὸ δῶρον αὐτοῦ τρυβλίον ἀργυροῦν ἕν, τριάκοντα καὶ ἑκατὸν ὁλκὴ αὐτοῦ, φιάλην μίαν ἀργυρᾶν, ἑβδομήκοντα σίκλων κατὰ τὸν σίκλον τὸν ἅγιον, ἀμφότερα πλήρη σεμιδάλεως ἀναπεποιημένης ἐν ἐλαίῳ εἰς θυσίαν·",29,ܩܘܪܒܢܗ ܦܝܠܣܐ ܚܕ ܕܣܐܡܐ. ܡܢ ܡܐܐ ܘܬܠܬܝܢ ܡܬܩܠܗ ܘܫܚܠܐ ܚܕ ܕܣܐܡܐ. ܡܢ ܫܒܥܝܢ ܡܬ̈ܩܠܝܢ ܒܡܬܩܠܐ ܕܩܘܕܫܐ. ܬܪ̈ܝܗܘܢ ܟܕ ܡܠܝܢ ܣܡܝܕܐ ܕܦܝܠ ܒܡܫܚܐ ܠܩܘܪܒܢܐ.,23,"A sua oferta foi uma salva de prata do peso de cento e trinta siclos, uma bacia de prata de setenta siclos, segundo o siclo do santuário; ambos cheios de flor de farinha amassada com azeite, para oferta de cereais;",40,True,True,True
7,56,Números 7:56,כַּ֥ף אַחַ֛ת עֲשָׂרָ֥ה זָהָ֖ב מְלֵאָ֥ה קְטֹֽרֶת ׃,כפ אחת עשרה זהב מלאה קטרת,7,בזיכא חדא מתקל עשר סלעין היא דדהב מליא קטרת בוסמיא:,10,"θυίσκην μίαν δέκα χρυσῶν, πλήρη θυμιάματος·",6,ܘܟܦܬܐ ܚܕܐ ܡܢ ܥܣܪܐ ܕܕܗܒܐ ܘܡܠܝܐ ܒܣ̈ܡܐ.,7,"uma colher de ouro de dez siclos, cheia de incenso;",10,True,True,True
7,57,Números 7:57,פַּ֣ר אֶחָ֞ד בֶּן־ בָּקָ֗ר אַ֧יִל אֶחָ֛ד כֶּֽבֶשׂ־ אֶחָ֥ד בֶּן־ שְׁנָת֖וֹ לְעֹלָֽה ׃,פר אחד בנ בקר איל אחד כבש אחד בנ שנתו לעלה,12,תור חד בר תורי דכר חד אמר חד בר שתיה לעלתא:,11,"μόσχον ἕνα ἐκ βοῶν, κριὸν ἕνα, ἀμνὸν ἕνα ἐνιαύσιον εἰς ὁλοκαύτωμα·",11,ܘܬܘܪܐ ܚܕ ܒܪ ܒܩܪܐ ܘܕܟܪܐ ܚܕ ܘܐܡܪܐ ܚܕ ܒܪ ܫܢܬܐ ܠܥܠܬܐ.,11,"um novilho, um carneiro, um cordeiro de um ano, para holocausto;",11,True,True,True
7,58,Números 7:58,שְׂעִיר־ עִזִּ֥ים אֶחָ֖ד לְחַטָּֽאת ׃,שעיר עזימ אחד לחטאת,5,צפיר בר עזין חד לחטאתא:,5,καὶ χίμαρον ἐξ αἰγῶν ἕνα περὶ ἁμαρτίας·,7,ܘܨܦܪܝܐ ܚܕ ܕܥ̈ܙܐ ܠܚܛܗܐ .,5,um bode para oferta pelo pecado;,6,True,True,True
7,59,Números 7:59,וּלְזֶ֣בַח הַשְּׁלָמִים֮ בָּקָ֣ר שְׁנַיִם֒ אֵילִ֤ם חֲמִשָּׁה֙ עַתֻּדִ֣ים חֲמִשָּׁ֔ה כְּבָשִׂ֥ים בְּנֵי־ שָׁנָ֖ה חֲמִשָּׁ֑ה זֶ֛ה קָרְבַּ֥ן גַּמְלִיאֵ֖ל בֶּן־ פְּדָה צֽוּר ׃ פ,ולזבח השלמימ בקר שנימ אילמ חמשה עתדימ חמשה כבשימ בני שנה חמשה זה קרבנ גמליאל בנ פדה צור פ,20,ולנכסת קודשיא תורין תרין דכרין חמשא גדיי חמשא אמרין בני שנא חמשא דין קרבן גמליאל בר פדהצור:,17,"καὶ εἰς θυσίαν σωτηρίου δαμάλεις δύο, κριοὺς πέντε, τράγους πέντε, ἀμνάδας ἐνιαυσίας πέντε· τοῦτο τὸ δῶρον Γαμαλιὴλ υἱοῦ Φαδασσούρ.",19,ܘܠܕܒܚܐ ܫܠܡܐ. ܬܘܪ̈ܐ ܬܪ̈ܝܢ ܘܕܟܪ̈ܐ ܚܡܫܐ. ܘܓ̈ܕܝܐ ܚܡܫܐ. ܘܐܡܪ̈ܐ ܒܢ̈ܝ ܫܢܬܐ ܚܡܫܐ. ܗܢܘ ܩܘܪܒܢܗ ܕܓܡܠܝܐܝܠ ܒܪ ܦܪܨܘܪ.,17,"e para sacrifício de ofertas pacíficas dois bois, cinco carneiros, cinco bodes, cinco cordeiros de um ano; esta foi a oferta de Gamaliel, filho de Pedazur.",26,True,True,True
7,60,Números 7:60,בַּיּוֹם֙ הַתְּשִׁיעִ֔י נָשִׂ֖יא לִבְנֵ֣י בִנְיָמִ֑ן אֲבִידָ֖ן בֶּן־ גִּדְעֹנִֽי ׃,ביומ התשיעי נשיא לבני בנימנ אבידנ בנ גדעני,9,ביומא תשיעאה רבא לבני בנימן אבידן בר גדעני:,8,"Τῇ ἡμέρᾳ τῇ ἐνάτῃ ἄρχων τῶν υἱῶν Βενιαμείν, Ἀβειδὰν υἱὸς Γαδαιωνεί.",11,ܘܒܝܘܡܐ ܕܬܫܥܐ. ܩܪܒ ܪܝܫ ܫܒܛܐ ܕܒܢܝܡܝܢ. ܐܒܝܕܢ ܒܪ ܓܕܥܘܢܝ.,9,"No dia nono fez a sua oferta Abidã, filho de Gideôni, príncipe dos filhos de Benjamim.",16,True,True,True
7,61,Números 7:61,קָרְבָּנ֞וֹ קַֽעֲרַת־ כֶּ֣סֶף אַחַ֗ת שְׁלֹשִׁ֣ים וּמֵאָה֮ מִשְׁקָלָהּ֒ מִזְרָ֤ק אֶחָד֙ כֶּ֔סֶף שִׁבְעִ֥ים שֶׁ֖קֶל בְּשֶׁ֣קֶל הַקֹּ֑דֶשׁ שְׁנֵיהֶ֣ם ׀ מְלֵאִ֗ים סֹ֛לֶת בְּלוּלָ֥ה בַשֶּׁ֖מֶן לְמִנְחָֽה ׃,קרבנו קערת כספ אחת שלשימ ומאה משקלה מזרק אחד כספ שבעימ שקל בשקל הקדש שניהמ מלאימ סלת בלולה בשמנ למנחה,22,קרבניה מגסתא דכסף חדא מאה ותלתין סלעין הוה מתקלה מזרקא חד דכסף מתקליה שבעין סלעין בסלעי קודשא תרויהון מלן סלתא דפילא במשח למנחתא:,23,"τὸ δῶρον αὐτοῦ τρυβλίον ἀργυροῦν ἕν, τριάκοντα καὶ ἑκατὸν ὁλκὴ αὐτοῦ, φιάλην μίαν ἀργυρᾶν, ἑβδομήκοντα σίκλων κατὰ τὸν σίκλον τὸν ἅγιον, ἀμφότερα πλήρη σεμιδάλεως ἀναπεποιημένης ἐν ἐλαίῳ εἰς θυσίαν·",29,ܩܘܪܒܢܗ ܦܝܠܣܐ ܚܕ ܕܣܐܡܐ ܡܢ ܡܐܐ ܘܬܠܬܝܢ ܡܬܩܠܗ. ܘܫܚܠܐ ܚܕ ܕܣܐܡܐ. ܡܢ ܫܒܥܝܢ ܡܬ̈ܩܠܝܢ ܒܡܬܩܠܐ ܕܩܘܕܫܐ. ܬܪ̈ܝܗܘܢ ܟܕ ܡܠܝܢ ܣܡܝܕܐ ܕܦܝܠ ܒܡܫܚܐ ܠܩܘܪܒܢܐ.,23,"A sua oferta foi uma salva de prata do peso de cento e trinta siclos, uma bacia de prata de setenta siclos, segundo o siclo do santuário; ambos cheios de flor de farinha amassada com azeite, para oferta de cereais;",40,True,True,True
7,62,Números 7:62,כַּ֥ף אַחַ֛ת עֲשָׂרָ֥ה זָהָ֖ב מְלֵאָ֥ה קְטֹֽרֶת ׃,כפ אחת עשרה זהב מלאה קטרת,7,בזיכא חדא מתקל עשר סלעין היא דדהב מליא קטרת בוסמיא:,10,"θυίσκην μίαν δέκα χρυσῶν, πλήρη θυμιάματος·",6,ܘܟܦܬܐ ܚܕܐ ܡܢ ܥܣܪܐ ܕܕܗܒܐ ܘܡܠܝܐ ܒܣ̈ܡܐ.,7,"uma colher de ouro de dez siclos, cheia de incenso;",10,True,True,True
7,63,Números 7:63,פַּ֣ר אֶחָ֞ד בֶּן־ בָּקָ֗ר אַ֧יִל אֶחָ֛ד כֶּֽבֶשׂ־ אֶחָ֥ד בֶּן־ שְׁנָת֖וֹ לְעֹלָֽה ׃,פר אחד בנ בקר איל אחד כבש אחד בנ שנתו לעלה,12,תור חד בר תורי דכר חד אמר חד בר שתיה לעלתא:,11,"μόσχον ἕνα ἐκ βοῶν, κριὸν ἕνα, ἀμνὸν ἕνα ἐνιαύσιον εἰς ὁλοκαύτωμα·",11,ܘܬܘܪܐ ܚܕ ܒܪ ܒܩܪܐ ܘܕܟܪܐ ܚܕ. ܘܐܡܪܐ ܚܕ ܒܪ ܫܢܬܐ ܠܥܠܬܐ.,11,"um novilho, um carneiro, um cordeiro de um ano, para holocausto;",11,True,True,True
7,64,Números 7:64,שְׂעִיר־ עִזִּ֥ים אֶחָ֖ד לְחַטָּֽאת ׃,שעיר עזימ אחד לחטאת,5,צפיר בר עזין חד לחטאתא:,5,καὶ χίμαρον ἐξ αἰγῶν ἕνα περὶ ἁμαρτίας·,7,ܘܨܦܪܝܐ ܚܕ ܕܥ̈ܙܐ ܠܚܛܗܐ .,5,um bode para oferta pelo pecado;,6,True,True,True
7,65,Números 7:65,וּלְזֶ֣בַח הַשְּׁלָמִים֮ בָּקָ֣ר שְׁנַיִם֒ אֵילִ֤ם חֲמִשָּׁה֙ עַתֻּדִ֣ים חֲמִשָּׁ֔ה כְּבָשִׂ֥ים בְּנֵי־ שָׁנָ֖ה חֲמִשָּׁ֑ה זֶ֛ה קָרְבַּ֥ן אֲבִידָ֖ן בֶּן־ גִּדְעֹנִֽי ׃ פ,ולזבח השלמימ בקר שנימ אילמ חמשה עתדימ חמשה כבשימ בני שנה חמשה זה קרבנ אבידנ בנ גדעני פ,19,ולנכסת קודשיא תורין תרין דכרין חמשא גדיי חמשא אמרין בני שנא חמשא דין קרבן אבידן בר גדעוני:,17,"καὶ εἰς θυσίαν σωτηρίου δαμάλεις δύο, κριοὺς πέντε, τράγους πέντε, ἀμνάδας ἐνιαυσίας πέντε· τοῦτο τὸ δῶρον Ἀβειδὰν υἱοῦ Γαδεωνεί.",19,ܘܠܕܒܚܐ ܫܠܡܐ. ܬܘܪ̈ܐ ܬܪ̈ܝܢ. ܘܕܟܪ̈ܐ ܚܡܫܐ. ܘܓ̈ܕܝܐ ܚܡܫܐ. ܘܐܡܪ̈ܐ ܒܢ̈ܝ ܫܢܬܐ ܚܡܫܐ. ܗܢܘ ܩܘܪܒܢܗ ܕܐܒܝܕܢ ܒܪ ܓܕܥܘܢܝ.,17,"e para sacrifício de ofertas pacíficas dois bois, cinco carneiros, cinco bodes, cinco cordeiros de um ano; esta foi a oferta de Abidã, filho de Gideôni.",26,True,True,True
7,66,Números 7:66,בַּיּוֹם֙ הָעֲשִׂירִ֔י נָשִׂ֖יא לִבְנֵ֣י דָ֑ן אֲחִיעֶ֖זֶר בֶּן־ עַמִּישַׁדָּֽי ׃,ביומ העשירי נשיא לבני דנ אחיעזר בנ עמישדי,9,ביומא עשיראה רבא לבני דן אחיעזר בר עמישדי:,8,"Τῇ ἡμέρᾳ τῇ δεκάτῃ ἄρχων τῶν υἱῶν Δάν, Ἀχιέζερ υἱὸς Ἀμεισαδαί·",11,ܘܒܝܘܡܐ ܕܥܣܪܐ. ܩܪܒ ܪܝܫ ܫܒܛܐ ܕܕܢ ܐܚܝܥܙܪ ܒܪ ܥܡܝܫܕܝ.,9,"No décimo dia fez a sua oferta Aiezer, filho de Amisadai, príncipe filhos de Dã.",15,True,True,True
7,67,Números 7:67,קָרְבָּנ֞וֹ קַֽעֲרַת־ כֶּ֣סֶף אַחַ֗ת שְׁלֹשִׁ֣ים וּמֵאָה֮ מִשְׁקָלָהּ֒ מִזְרָ֤ק אֶחָד֙ כֶּ֔סֶף שִׁבְעִ֥ים שֶׁ֖קֶל בְּשֶׁ֣קֶל הַקֹּ֑דֶשׁ שְׁנֵיהֶ֣ם ׀ מְלֵאִ֗ים סֹ֛לֶת בְּלוּלָ֥ה בַשֶּׁ֖מֶן לְמִנְחָֽה ׃,קרבנו קערת כספ אחת שלשימ ומאה משקלה מזרק אחד כספ שבעימ שקל בשקל הקדש שניהמ מלאימ סלת בלולה בשמנ למנחה,22,קרבניה מגסתא דכסף חדא מאה ותלתין סלעין הוה מתקלה מזרקא חד דכסף מתקליה שבעין סלעין בסלעי קודשא תרויהון מלן סלתא דפילא במשח למנחתא:,23,"τὸ δῶρον αὐτοῦ τρυβλίον ἀργυροῦν ἕν, τριάκοντα καὶ ἑκατὸν ὁλκὴ αὐτοῦ, φιάλην μίαν ἀργυρᾶν, ἑβδομήκοντα σίκλων κατὰ τὸν σίκλον τὸν ἅγιον, ἀμφότερα πλήρη σεμιδάλεως ἀναπεποιημένης ἐν ἐλαίῳ εἰς θυσίαν·",29,ܩܘܪܒܢܗ ܦܝܠܣܐ ܚܕ ܕܣܐܡܐ. ܡܢ ܡܐܐ ܘܬܠܬܝܢ ܡܬܩܠܗ. ܘܫܚܠܐ ܚܕ ܕܣܐܡܐ. ܡܢ ܫܒܥܝܢ ܡܬ̈ܩܠܝܢ ܒܡܬܩܠܐ ܕܩܘܕܫܐ. ܬܪ̈ܝܗܘܢ ܟܕ ܡܠܝܢ ܣܡܝܕܐ ܕܦܝܠ ܒܡܫܚܐ ܠܩܘܪܒܢܐ.,23,"A sua oferta foi uma salva de prata do peso de cento e trinta siclos, uma bacia de prata de setenta siclos, segundo o siclo do santuário; ambos cheios de flor de farinha amassada com azeite, para oferta de cereais;",40,True,True,True
7,68,Números 7:68,כַּ֥ף אַחַ֛ת עֲשָׂרָ֥ה זָהָ֖ב מְלֵאָ֥ה קְטֹֽרֶת,כפ אחת עשרה זהב מלאה קטרת,6,בזיכא חדא מתקל עשר סלעין היא דדהב מליא קטרת בוסמיא:,10,"θυίσκην μίαν δέκα χρυσῶν, πλήρη θυμιάματος·",6,ܘܟܦܬܐ ܚܕܐ ܡܢ ܥܣܪܐ ܕܕܗܒܐ ܘܡܠܝܐ ܒܣ̈ܡܐ.,7,"uma colher de ouro de dez siclos, cheia de incenso;",10,True,True,True
7,69,Números 7:69,פַּ֣ר אֶחָ֞ד בֶּן־ בָּקָ֗ר אַ֧יִל אֶחָ֛ד כֶּֽבֶשׂ־ אֶחָ֥ד בֶּן־ שְׁנָת֖וֹ לְעֹלָֽה ׃,פר אחד בנ בקר איל אחד כבש אחד בנ שנתו לעלה,12,תור חד בר תורי דכר חד אמר חד בר שתיה לעלתא:,11,"μόσχον ἕνα ἐκ βοῶν, κριὸν ἕνα, ἀμνὸν ἕνα ἐνιαύσιον εἰς ὁλοκαύτωμα·",11,ܘܬܘܪܐ ܚܕ ܒܪ ܒܩܪܐ ܘܕܟܪܐ ܚܕ. ܘܐܡܪܐ ܚܕ ܒܪ ܫܢܬܐ ܠܥܠܬܐ.,11,"um novilho, um carneiro, um cordeiro de um ano, para holocausto;",11,True,True,True
7,70,Números 7:70,שְׂעִיר־ עִזִּ֥ים אֶחָ֖ד לְחַטָּֽאת ׃,שעיר עזימ אחד לחטאת,5,צפיר בר עזין חד לחטאתא:,5,καὶ χίμαρον ἐξ αἰγῶν ἕνα περὶ ἁμαρτίας·,7,ܘܨܦܪܝܐ ܚܕ ܕܥ̈ܙܐ ܠܚܛܗܐ .,5,um bode para oferta pelo pecado;,6,True,True,True
7,71,Números 7:71,וּלְזֶ֣בַח הַשְּׁלָמִים֮ בָּקָ֣ר שְׁנַיִם֒ אֵילִ֤ם חֲמִשָּׁה֙ עַתֻּדִ֣ים חֲמִשָּׁ֔ה כְּבָשִׂ֥ים בְּנֵֽי־ שָׁנָ֖ה חֲמִשָּׁ֑ה זֶ֛ה קָרְבַּ֥ן אֲחִיעֶ֖זֶר בֶּן־ עַמִּישַׁדָּֽי ׃ פ,ולזבח השלמימ בקר שנימ אילמ חמשה עתדימ חמשה כבשימ בני שנה חמשה זה קרבנ אחיעזר בנ עמישדי פ,19,ולנכסת קודשיא תורין תרין דכרין חמשא גדיי חמשא אמרין בני שנא חמשא דין קרבן אחיעזר בר עמישדי:,17,"καὶ εἰς θυσίαν σωτηρίου δαμάλεις δύο, κριοὺς πέντε, τράγους πέντε, ἀμνάδας ἐνιαυσίας πέντε· τοῦτο τὸ δῶρον Ἀχιέζερ υἱοῦ Ἀμεισαδαί.",19,ܘܠܕܒܚܐ ܫܠܡܐ. ܬܘܪ̈ܐ ܬܪ̈ܝܢ ܘܕܟܪ̈ܐ ܚܡܫܐ. ܘܓ̈ܕܝܐ ܚܡܫܐ. ܘܐܡܪ̈ܐ ܒܢ̈ܝ ܫܢܬܐ ܚܡܫܐ. ܗܢܘ ܩܘܪܒܢܗ ܕܐܚܝܥܙܪ ܒܪ ܥܡܝܫܕܝ.,17,"e para sacrifício de ofertas pacíficas dois bois, cinco carneiros, cinco bodes, cinco cordeiros de um ano; esta foi a oferta de Aiezer, filho de Amisadai.",26,True,True,True
7,72,Números 7:72,בְּיוֹם֙ עַשְׁתֵּ֣י עָשָׂ֣ר י֔וֹם נָשִׂ֖יא לִבְנֵ֣י אָשֵׁ֑ר פַּגְעִיאֵ֖ל בֶּן־ עָכְרָֽן ׃,ביומ עשתי עשר יומ נשיא לבני אשר פגעיאל בנ עכרנ,11,ביומא חד עשר יומא רבא לבני אשר פגעיאל בר עכרן:,10,"Τῇ ἡμέρᾳ τῇ ἑνδεκάτῃ ἄρχων τῶν υἱῶν Ἀσήρ, Φαγεὴλ υἱὸς Ἐχράν.",11,ܘܒܝܘܡܐ ܕܚܕܥܣܪ. ܩܪܒ ܪܝܫ ܫܒܛܐ ܕܐܫܝܪ. ܦܓܥܐܝܠ ܒܪ ܥܟܪܢ.,9,"No dia undécimo fez a sua oferta Pagiel, filho de Ocrã, príncipe dos filhos de Aser.",16,True,True,True
7,73,Números 7:73,קָרְבָּנ֞וֹ קַֽעֲרַת־ כֶּ֣סֶף אַחַ֗ת שְׁלֹשִׁ֣ים וּמֵאָה֮ מִשְׁקָלָהּ֒ מִזְרָ֤ק אֶחָד֙ כֶּ֔סֶף שִׁבְעִ֥ים שֶׁ֖קֶל בְּשֶׁ֣קֶל הַקֹּ֑דֶשׁ שְׁנֵיהֶ֣ם ׀ מְלֵאִ֗ים סֹ֛לֶת בְּלוּלָ֥ה בַשֶּׁ֖מֶן לְמִנְחָֽה ׃,קרבנו קערת כספ אחת שלשימ ומאה משקלה מזרק אחד כספ שבעימ שקל בשקל הקדש שניהמ מלאימ סלת בלולה בשמנ למנחה,22,קרבניה מגסתא דכסף חדא מאה ותלתין סלעין הוה מתקלה מזרקא חד דכסף מתקליה שבעין סלעין בסלעי קודשא תרויהון מלן סלתא דפילא במשח למנחתא:,23,"τὸ δῶρον αὐτοῦ τρυβλίον ἀργυροῦν ἕν, τριάκοντα καὶ ἑκατὸν ὁλκὴ αὐτοῦ, φιάλην μίαν ἀργυρᾶν, ἑβδομήκοντα σίκλων κατὰ τὸν σίκλον τὸν ἅγιον, ἀμφότερα πλήρη σεμιδάλεως ἀναπεποιημένης ἐν ἐλαίῳ εἰς θυσίαν·",29,ܩܘܪܒܢܗ ܦܝܠܣܐ ܚܕ ܕܣܐܡܐ. ܡܢ ܡܐܐ ܘܬܠܬܝܢ ܡܬܩܠܗ. ܘܫܚܠܐ ܚܕ ܕܣܐܡܐ. ܡܢ ܫܒܥܝܢ ܡܬ̈ܩܠܝܢ ܒܡܬܩܠܐ ܕܩܘܕܫܐ. ܬܪ̈ܝܗܘܢ ܟܕ ܡܠܝܢ ܣܡܝܕܐ ܕܦܝܠ ܒܡܫܚܐ ܠܩܘܪܒܢܐ.,23,"A sua oferta foi uma salva de prata do peso de cento e trinta siclos, uma bacia de prata de setenta siclos, segundo o siclo do santuário; ambos cheios de flor de farinha amassada com azeite, para oferta de cereais;",40,True,True,True
7,74,Números 7:74,כַּ֥ף אַחַ֛ת עֲשָׂרָ֥ה זָהָ֖ב מְלֵאָ֥ה קְטֹֽרֶת ׃,כפ אחת עשרה זהב מלאה קטרת,7,בזיכא חדא מתקל עשר סלעין היא דדהב מליא קטרת בוסמיא:,10,"θυίσκην μίαν δέκα χρυσῶν, πλήρη θυμιάματος·",6,ܘܟܦܬܐ ܚܕܐ ܡܢ ܥܣܪܐ ܕܕܗܒܐ ܘܡܠܝܐ ܒܣ̈ܡܐ.,7,"uma colher de ouro de dez siclos, cheia de incenso;",10,True,True,True
7,75,Números 7:75,פַּ֣ר אֶחָ֞ד בֶּן־ בָּקָ֗ר אַ֧יִל אֶחָ֛ד כֶּֽבֶשׂ־ אֶחָ֥ד בֶּן־ שְׁנָת֖וֹ לְעֹלָֽה ׃,פר אחד בנ בקר איל אחד כבש אחד בנ שנתו לעלה,12,תור חד בר תורי דכר חד אמר חד בר שתיה לעלתא:,11,"μόσχον ἕνα ἐκ βοῶν, κριὸν ἕνα, ἀμνὸν ἕνα ἐνιαύσιον εἰς ὁλοκαύτωμα·",11,ܘܬܘܪܐ ܚܕ ܒܪ ܒܩܪܐ ܘܕܟܪܐ ܚܕ ܘܐܡܪܐ ܚܕ ܒܪ ܫܢܬܐ ܠܥܠܬܐ.,11,"um novilho, um carneiro, um cordeiro de um ano, para holocausto;",11,True,True,True
7,76,Números 7:76,שְׂעִיר־ עִזִּ֥ים אֶחָ֖ד לְחַטָּֽאת ׃,שעיר עזימ אחד לחטאת,5,צפיר בר עזין חד לחטאתא:,5,καὶ χίμαρον ἐξ αἰγῶν ἕνα περὶ ἁμαρτίας·,7,ܘܨܦܪܝܐ ܚܕ ܕܥ̈ܙܐ ܠܚܛܗܐ .,5,um bode para oferta pelo pecado;,6,True,True,True
7,77,Números 7:77,וּלְזֶ֣בַח הַשְּׁלָמִים֮ בָּקָ֣ר שְׁנַיִם֒ אֵילִ֤ם חֲמִשָּׁה֙ עַתֻּדִ֣ים חֲמִשָּׁ֔ה כְּבָשִׂ֥ים בְּנֵֽי־ שָׁנָ֖ה חֲמִשָּׁ֑ה זֶ֛ה קָרְבַּ֥ן פַּגְעִיאֵ֖ל בֶּן־ עָכְרָֽן ׃ פ,ולזבח השלמימ בקר שנימ אילמ חמשה עתדימ חמשה כבשימ בני שנה חמשה זה קרבנ פגעיאל בנ עכרנ פ,19,ולנכסת קודשיא תורין תרין דכרין חמשא גדיי חמשא אמרין בני שנא חמשא דין קרבן פגעיאל בר עכרן:,17,"καὶ εἰς θυσίαν σωτηρίου δαμάλεις δύο, κριοὺς πέντε, τράγους πέντε, ἀμνάδας ἐνιαυσίας πέντε· τοῦτο τὸ δῶρον Φαγεὴλ υἱοῦ Ἐχράν.",19,ܘܠܕܒܚܐ ܫܠܡܐ. ܬܘܪ̈ܐ ܬܪ̈ܝܢ ܘܕܟܪ̈ܐ ܚܡܫܐ. ܘܓ̈ܕܝܐ ܚܡܫܐ. ܘܐܡܪ̈ܐ ܒܢ̈ܝ ܫܢܬܐ ܚܡܫܐ. ܗܢܘ ܩܘܪܒܢܗ ܕܦܓܥܐܝܠ ܒܪ ܥܟܪܢ.,17,"e para sacrifício de ofertas pacíficas dois bois, cinco carneiros, cinco bodes, cinco cordeiros de um ano; esta foi a oferta do Pagiel, filho do Ocrã.",26,True,True,True
7,78,Números 7:78,בְּיוֹם֙ שְׁנֵ֣ים עָשָׂ֣ר י֔וֹם נָשִׂ֖יא לִבְנֵ֣י נַפְתָּלִ֑י אֲחִירַ֖ע בֶּן־ עֵינָֽן ׃,ביומ שנימ עשר יומ נשיא לבני נפתלי אחירע בנ עיננ,11,ביומא תרי עשר יומא רבא לבני נפתלי אחירע בר עינן:,10,"Τῇ ἡμέρᾳ τῇ δωδεκάτῃ ἄρχων τῶν υἱῶν Νεφθαλεί, Ἀχειρὲ υἱὸς Αἰνάν.",11,ܘܒܝܘܡܐ ܕܬܪ̈ܥܣܪ. ܩܪܒ ܪܝܫ ܫܒܛܐ ܕܢܦܬܠܝ. ܐܚܝܕܥ ܒܪ ܥܝܢܢ.,9,"No duodécimo dia fez a sua oferta Airá, filho de Enã, príncipe dos filhos de Naftali.",16,True,True,True
7,79,Números 7:79,קָרְבָּנ֞וֹ קַֽעֲרַת־ כֶּ֣סֶף אַחַ֗ת שְׁלֹשִׁ֣ים וּמֵאָה֮ מִשְׁקָלָהּ֒ מִזְרָ֤ק אֶחָד֙ כֶּ֔סֶף שִׁבְעִ֥ים שֶׁ֖קֶל בְּשֶׁ֣קֶל הַקֹּ֑דֶשׁ שְׁנֵיהֶ֣ם ׀ מְלֵאִ֗ים סֹ֛לֶת בְּלוּלָ֥ה בַשֶּׁ֖מֶן לְמִנְחָֽה ׃,קרבנו קערת כספ אחת שלשימ ומאה משקלה מזרק אחד כספ שבעימ שקל בשקל הקדש שניהמ מלאימ סלת בלולה בשמנ למנחה,22,קרבניה מגסתא דכסף חדא מאה ותלתין סלעין הוה מתקלה מזרקא חד דכסף מתקליה שבעין סלעין בסלעי קודשא תרויהון מלן סלתא דפילא במשח למנחתא:,23,"τὸ δῶρον αὐτοῦ τρυβλίον ἀργυροῦν ἕν, τριάκοντα καὶ ἑκατὸν ὁλκὴ αὐτοῦ, φιάλην μίαν ἀργυρᾶν, ἑβδομήκοντα σίκλων κατὰ τὸν σίκλον τὸν ἅγιον, ἀμφότερα πλήρη σεμιδάλεως ἀναπεποιημένης ἐν ἐλαίῳ εἰς θυσίαν.",29,ܩܘܪܒܢܗ ܦܝܠܣܐ ܚܕ ܕܣܐܡܐ. ܡܢ ܡܐܐ ܘܬܠܬܝܢ ܡܬܩܠܗ. ܘܫܚܠܐ ܚܕ ܕܣܐܡܐ. ܡܢ ܫܒܥܝܢ ܡܬ̈ܩܠܝܢ ܒܡܬܩܠܐ ܕܩܘܕܫܐ. ܬܪ̈ܝܗܘܢ ܟܕ ܡܠܝܢ ܣܡܝܕܐ ܕܦܝܠ ܒܡܫܚܐ ܠܩܘܪܒܢܐ.,23,"A sua oferta foi uma salva de prata do peso de cento e trinta siclos, uma bacia de prata de setenta siclos, segundo o siclo do santuário; ambos cheios de flor de farinha amassada com azeite, para oferta de cereais;",40,True,True,True
7,80,Números 7:80,כַּ֥ף אַחַ֛ת עֲשָׂרָ֥ה זָהָ֖ב מְלֵאָ֥ה קְטֹֽרֶת ׃,כפ אחת עשרה זהב מלאה קטרת,7,בזיכא חדא מתקל עשר סלעין היא דדהב מליא קטרת בוסמיא:,10,"θυίσκην μίαν δέκα χρυσῶν, πλήρη θυμιάματος·",6,ܘܟܦܬܐ ܚܕܐ ܡܢ ܥܣܪܐ ܕܕܗܒܐ ܘܡܠܝܐ ܒܣ̈ܡܐ.,7,"uma colher de ouro de dez siclos, cheia de incenso;",10,True,True,True
7,81,Números 7:81,פַּ֣ר אֶחָ֞ד בֶּן־ בָּקָ֗ר אַ֧יִל אֶחָ֛ד כֶּֽבֶשׂ־ אֶחָ֥ד בֶּן־ שְׁנָת֖וֹ לְעֹלָֽה ׃,פר אחד בנ בקר איל אחד כבש אחד בנ שנתו לעלה,12,תור חד בר תורי דכר חד אמר חד בר שתיה לעלתא:,11,"μόσχον ἕνα ἐκ βοῶν, κριὸν ἕνα, ἀμνὸν ἕνα ἐνιαύσιον εἰς ὁλοκαύτωμα·",11,ܘܬܘܪܐ ܚܕ ܒܪ ܒܩܪܐ ܘܕܟܪܐ ܚܕ ܘܐܡܪܐ ܚܕ ܒܪ ܫܢܬܐ ܠܥܠܬܐ.,11,"um novilho, um carneiro, um cordeiro de um ano, para holocausto;",11,True,True,True
7,82,Números 7:82,שְׂעִיר־ עִזִּ֥ים אֶחָ֖ד לְחַטָּֽאת ׃,שעיר עזימ אחד לחטאת,5,צפיר בר עזין חד לחטאתא:,5,καὶ χίμαρον ἐξ αἰγῶν ἕνα περὶ ἁμαρτίας·,7,ܘܨܦܪܝܐ ܚܕ ܕܥ̈ܙܐ ܠܚܛܗܐ .,5,um bode para oferta pelo pecado;,6,True,True,True
7,83,Números 7:83,וּלְזֶ֣בַח הַשְּׁלָמִים֮ בָּקָ֣ר שְׁנַיִם֒ אֵילִ֤ם חֲמִשָּׁה֙ עַתֻּדִ֣ים חֲמִשָּׁ֔ה כְּבָשִׂ֥ים בְּנֵֽי־ שָׁנָ֖ה חֲמִשָּׁ֑ה זֶ֛ה קָרְבַּ֥ן אֲחִירַ֖ע בֶּן־ עֵינָֽן ׃ פ,ולזבח השלמימ בקר שנימ אילמ חמשה עתדימ חמשה כבשימ בני שנה חמשה זה קרבנ אחירע בנ עיננ פ,19,ולנכסת קודשיא תורין תרין דכרין חמשא גדיי חמשא אמרין בני שנא חמשא דין קרבן אחירע בר עינן:,17,"καὶ εἰς θυσίαν σωτηρίου δαμάλεις δύο, κριοὺς πέντε τράγους πέντε, ἀμνάδας ἐνιαυσίας πέντε· τοῦτο τὸ δῶρον Ἀχειρὲ υἱοῦ Αἰνάν.",19,ܘܠܕܒܚܐ ܫܠܡܐ. ܬܘܪ̈ܐ ܬܪ̈ܝܢ. ܘܕܟܪ̈ܐ ܚܡܫܐ. ܘܓ̈ܕܝܐ ܚܡܫܐ. ܘܐܡܪ̈ܐ ܒܢ̈ܝ ܫܢܬܐ ܚܡܫܐ. ܗܢܘ ܩܘܪܒܢܗ ܕܐܚܝܕܥ ܒܪ ܥܝܢܢ.,17,"e para sacrifício de ofertas pacíficas dois bois, cinco carneiros, cinco bodes, cinco cordeiros de um ano; esta foi a oferta de Airá, filho de Enã.",26,True,True,True
7,84,Números 7:84,זֹ֣את ׀ חֲנֻכַּ֣ת הַמִּזְבֵּ֗חַ בְּיוֹם֙ הִמָּשַׁ֣ח אֹת֔וֹ מֵאֵ֖ת נְשִׂיאֵ֣י יִשְׂרָאֵ֑ל קַעֲרֹ֨ת כֶּ֜סֶף שְׁתֵּ֣ים עֶשְׂרֵ֗ה מִֽזְרְקֵי־ כֶ֨סֶף֙ שְׁנֵ֣ים עָשָׂ֔ר כַּפּ֥וֹת זָהָ֖ב שְׁתֵּ֥ים עֶשְׂרֵֽה ׃,זאת חנכת המזבח ביומ המשח אתו מאת נשיאי ישראל קערת כספ שתימ עשרה מזרקי כספ שנימ עשר כפות זהב שתימ עשרה,23,דא חנכת מדבחא ביומא דרביו יתיה מן רברבי ישראל מגיסי כספא תרתא עשרי מזרקי כספא תרין עשר בזיכי דדהבא תרתא עשרי:,21,"Οὗτος ὁ ἐγκαινισμὸς τοῦ θυσιαστηρίου ᾗ ἡμέρᾳ ἔχρισεν αὐτὸ παρὰ τῶν υἱῶν Ἰσραήλ· τρυβλία ἀργυρᾶ δώδεκα, φιάλαι ἀργυραῖ ιβ᾽, θυίσκαι χρυσαῖ ιβ᾽.",22,ܗܢܘ ܩܘܪܒܢܐ ܕܚܘܕܬܐ ܕܡܕܒܚܐ. ܒܝܘܡܐ ܕܐܬܡܫܚ ܡܢ ܠܘܬ ܪ̈ܘܪܒܢܐ ܕܐܝܣܪܝܠ. ܦܝ̈ܠܣܐ ܬܪ̈ܥܣܪ ܕܣܐܡܐ. ܘܫ̈ܚܠܐ ܬܪ̈ܥܣܪ ܕܣܐܡܐ. ܘܟ̈ܦܐ ܬܪ̈ܬܥܣܪܐ ܕܕܗܒܐ.,19,"Esta foi a oferta dedicatória do altar, feita pelos príncipes de Israel, no dia em que foi ungido: doze salvas de prata, doze bacias de prata, doze colheres de ouro,",30,True,True,True
7,85,Números 7:85,שְׁלֹשִׁ֣ים וּמֵאָ֗ה הַקְּעָרָ֤ה הָֽאַחַת֙ כֶּ֔סֶף וְשִׁבְעִ֖ים הַמִּזְרָ֣ק הָאֶחָ֑ד כֹּ֚ל כֶּ֣סֶף הַכֵּלִ֔ים אַלְפַּ֥יִם וְאַרְבַּע־ מֵא֖וֹת בְּשֶׁ֥קֶל הַקֹּֽדֶשׁ ׃,שלשימ ומאה הקערה האחת כספ ושבעימ המזרק האחד כל כספ הכלימ אלפימ וארבע מאות בשקל הקדש,17,מאה ותלתין סלעין הוה מתקלא דמגיסתא חדא דכספא ושבעין דמזרקא חד כל כסף מניא תרין אלפין וארבע מאה בסלעי קודשא:,20,"τριάκοντα καὶ ἑκατὸν σίκλων τὸ τρυβλίον τὸ ἕν, καὶ ἑβδομήκοντα σίκλων ἡ φιάλη ἡ μία· πᾶν τὸ ἀργύριον τῶν σκευῶν δισχίλιοι καὶ τετρακόσιοι σίκλοι, ἐν τῷ σίκλῳ τῶν ἁγίων.",29,ܡܐܐ ܘܬܠܬܝܢ ܗ̇ܘܐ ܡܬܩܠܗ ܕܦܝܠܣܐ ܚܕ ܕܣܐܡܐ. ܘܫܒܥܝܢ ܕܫܚܠܐ ܚܕ. ܟܠܗ ܣܐܡܐ ܕܡ̈ܐܢܐ. ܬܪ̈ܝܢ ܐ̈ܠܦܝܢ ܘܐܪܒܥܡܐܐ. ܒܡܬܩܠܐ ܕܩܘܕܫܐ.,18,"pesando cada salva de prata cento e trinta siclos, e cada bacia setenta; toda a prata dos vasos foi dois mil e quatrocentos siclos, segundo o siclo do santuário;",29,True,True,True
7,86,Números 7:86,כַּפּ֨וֹת זָהָ֤ב שְׁתֵּים־ עֶשְׂרֵה֙ מְלֵאֹ֣ת קְטֹ֔רֶת עֲשָׂרָ֧ה עֲשָׂרָ֛ה הַכַּ֖ף בְּשֶׁ֣קֶל הַקֹּ֑דֶשׁ כָּל־ זְהַ֥ב הַכַּפּ֖וֹת עֶשְׂרִ֥ים וּמֵאָֽה ׃,כפות זהב שתימ עשרה מלאת קטרת עשרה עשרה הכפ בשקל הקדש כל זהב הכפות עשרימ ומאה,17,בזיכי דדהבא תרתי עשרי מלין קטרת בוסמיא מתקל עשר סלעין הוה מתקלא דבזיכא בסלעי קודשא כל דהב בזיכיא מאה ועשרין:,20,"θυίσκαι χρυσαῖ δώδεκα, πλήρεις θυμιάματος· πᾶν τὸ χρυσίον τῶν θυισκῶν εἴκοσι καὶ ἑκατὸν χρυσοῖ.",14,ܘܟ̈ܦܐ ܕܕܗܒܐ ܬܪ̈ܬܥܣܪܐ ܘܡ̈ܠܝܢ ܒܣ̈ܡܐ. ܡܢ ܥܣܪܐ ܥܣܪܐ ܡܬ̈ܩܠܝܢ ܗ̇ܘܝܐ ܗܘܬ ܟܦܬܐ . ܒܡܬܩܠܐ ܕܩܘܕܫܐ. ܟܠܗ ܕܗܒܐ ܕܟ̈ܦܐ ܡܐܐ ܘܥܣܪ̈ܝܢ.,20,"doze colheres de ouro cheias de incenso, pesando cada colher dez siclos, segundo o siclo do santuário; todo o ouro das colheres foi cento e vinte siclos.",27,True,True,True
7,87,Números 7:87,כָּל־ הַבָּקָ֨ר לָעֹלָ֜ה שְׁנֵ֧ים עָשָׂ֣ר פָּרִ֗ים אֵילִ֤ם שְׁנֵים־ עָשָׂר֙ כְּבָשִׂ֧ים בְּנֵֽי־ שָׁנָ֛ה שְׁנֵ֥ים עָשָׂ֖ר וּמִנְחָתָ֑ם וּשְׂעִירֵ֥י עִזִּ֛ים שְׁנֵ֥ים עָשָׂ֖ר לְחַטָּֽאת ׃,כל הבקר לעלה שנימ עשר פרימ אילמ שנימ עשר כבשימ בני שנה שנימ עשר ומנחתמ ושעירי עזימ שנימ עשר לחטאת,21,כל תורי לעלתא תרי עשר תורין דכרין תרי עשר אמרין בני שנא תרי עשר ומנחתהון וצפירי בר עזין תרי עשר לחטאתא:,21,"πᾶσαι αἱ βόες αἱ εἰς ὁλοκαύτωσιν μόσχοι ιβ᾽· κριοὶ δώδεκα, ἀμνοὶ ἐνιαύσιοι ιβ᾽, καὶ αἱ θυσίαι αὐτῶν καὶ αἱ σπονδαὶ αὐτῶν· καὶ χίμαροι ἐξ αἰγῶν δώδεκα περὶ ἁμαρτίας.",28,ܘܟܠܗܘܢ ܬܘܪ̈ܐ ܠܥܠܬܐ ܬܪ̈ܥܣܪ. ܘܕܟܪ̈ܐ ܬܪ̈ܥܣܪ. ܘܐܡܪ̈ܐ ܒܢ̈ܝ ܫܢܬܐ ܬܪ̈ܥܣܪ. ܘܢܫܝܦܗܘܢ ܘܨܦܪ̈ܝܐ ܕܥ̈ܙܐ ܬܪ̈ܥܣܪ ܠܚܛܗܐ.,15,"Todos os animais para holocausto foram doze novilhos, doze carneiros, e doze cordeiros de um ano, com as respectivas ofertas de cereais; e para oferta pelo pecado, doze bodes;",29,True,True,True
7,88,Números 7:88,וְכֹ֞ל בְּקַ֣ר ׀ זֶ֣בַח הַשְּׁלָמִ֗ים עֶשְׂרִ֣ים וְאַרְבָּעָה֮ פָּרִים֒ אֵילִ֤ם שִׁשִּׁים֙ עַתֻּדִ֣ים שִׁשִּׁ֔ים כְּבָשִׂ֥ים בְּנֵי־ שָׁנָ֖ה שִׁשִּׁ֑ים זֹ֚את חֲנֻכַּ֣ת הַמִּזְבֵּ֔חַ אַחֲרֵ֖י הִמָּשַׁ֥ח אֹתֽוֹ ׃,וכל בקר זבח השלמימ עשרימ וארבעה פרימ אילמ ששימ עתדימ ששימ כבשימ בני שנה ששימ זאת חנכת המזבח אחרי המשח אתו,23,וכל תורי לנכסת קודשיא עשרין וארבעא תורין דכרין שתין גדין שתין אמרין בני שנא שתין דא חנכת מדבחא בתר דרביו יתיה:,21,"πᾶσαι αἱ βόες εἰς θυσίαν σωτηρίου δαμάλεις εἴκοσι τέσσαρες· καὶ κριοὶ ἑξήκοντα, ἀμνάδες ἑξήκοντα ἐνιαύσιαι ἄμωμοι, τράγοι ἑξήκοντα. αὕτη ἡ ἐγκαίνωσις τοῦ θυσιαστηρίου μετὰ τὸ πληρῶσαι τὰς χεῖρας αὐτοῦ καὶ μετὰ τὸ χρίσαι αὐτόν.",34,ܘܟܠܗܘܢ ܬܘܪ̈ܐ ܠܕܒܚܐ ܫܠܡܐ ܥܣܪ̈ܝܢ ܘܐܪܒܥܐ. ܘܕܟܪ̈ܐ ܫܬܝܢ. ܘܓ̈ܕܝܐ ܫܬܝܢ. ܘܐܡܪ̈ܐ ܒܢ̈ܝ ܫܢܬܐ ܫܬܝܢ. ܗܢܘ ܚܘܕܬܗ ܕܡܕܒܚܐ. ܡܢ ܒܬܪ ܕܐܬܡܫܚ.,20,"e todos os animais para sacrifício das ofertas pacíficas foram vinte e quatro novilhos, sessenta carneiros, sessenta bodes, e sessenta cordeiros de um ano. Esta foi a oferta dedicatória do altar depois que foi ungido.",35,True,True,True
7,89,Números 7:89,וּבְבֹ֨א מֹשֶׁ֜ה אֶל־ אֹ֣הֶל מוֹעֵד֮ לְדַבֵּ֣ר אִתּוֹ֒ וַיִּשְׁמַ֨ע אֶת־ הַקּ֜וֹל מִדַּבֵּ֣ר אֵלָ֗יו מֵעַ֤ל הַכַּפֹּ֨רֶת֙ אֲשֶׁר֙ עַל־ אֲרֹ֣ן הָעֵדֻ֔ת מִבֵּ֖ין שְׁנֵ֣י הַכְּרֻבִ֑ים וַיְדַבֵּ֖ר אֵלָֽיו ׃ פ,ובבא משה אל אהל מועד לדבר אתו וישמע את הקול מדבר אליו מעל הכפרת אשר על ארנ העדת מבינ שני הכרבימ וידבר אליו פ,25,וכד עליל משה למשכן זמנא למללא עמיה ושמע ית קלא דמתמלל עמיה מעלוי כפרתא די על ארונא דסהדותא מבין תרין כרוביא ומתמלל עמיה:,23,"ἐν τῷ εἰσπορεύεσθαι Μωυσῆν εἰς τὴν σκηνὴν τοῦ μαρτυρίου λαλῆσαι αὐτῷ, καὶ ἤκουσεν τὴν φωνήν Κυρίου λαλοῦντος πρὸς αὐτὸν ἄνωθεν τοῦ ἱλαστηρίου, ὅ ἐστιν ἐπὶ τῆς κιβωτοῦ τοῦ μαρτυρίου ἀνὰ μέσον τῶν δύο χερουβείμ· καὶ ἐλάλει πρὸς αὐτόν.",38,ܘܟܕ ܥܠ ܡܘܫܐ ܠܡܫܟܢܙܒܢܐ . ܫܡܥ ܩܠܐ ܕܡܡܠܠ ܥܡܗ ܡܢ ܚܘܣܝܐ ܕܠܥܠ ܡܢ ܩܒܘܬܐ ܕܣܗܕܘܬܐ. ܡܢ ܒܝܢܬ ܬܪ̈ܝܢ ܟܪ̈ܘܒܝܢ ܡܠܠ ܥܡܗ.,21,"Quando Moisés entrava na tenda da revelação para falar com o Senhor, ouvia a voz que lhe falava de cima do propiciatório, que está sobre a arca do testemunho entre os dois querubins; assim ele lhe falava.",37,True,True,True
8,1,Números 8:1,וַיְדַבֵּ֥ר יְהוָ֖ה אֶל־ מֹשֶׁ֥ה לֵּאמֹֽר ׃,וידבר יהוה אל משה לאמר,6,ומליל יי עם משה למימר:,5,Καὶ ἐλάλησεν Κύριος πρὸς Μωυσῆν λέγων,6,ܘܡܠܠ ܡܪܝܐ ܥܡ ܡܘܫܐ ܘܐܡܪ ܠܗ.,6,Disse mais o Senhor a Moisés:,6,True,True,True
8,2,Números 8:2,דַּבֵּר֙ אֶֽל־ אַהֲרֹ֔ן וְאָמַרְתָּ֖ אֵלָ֑יו בְּהַעֲלֹֽתְךָ֙ אֶת־ הַנֵּרֹ֔ת אֶל־ מוּל֙ פְּנֵ֣י הַמְּנוֹרָ֔ה יָאִ֖ירוּ שִׁבְעַ֥ת הַנֵּרֽוֹת ׃,דבר אל אהרנ ואמרת אליו בהעלתכ את הנרת אל מול פני המנורה יאירו שבעת הנרות,16,מלל עם אהרן ותימר ליה באדלקותך ית בוציניא לקבל אפי מנרתא יהון מנהרין שבעא בוציניא:,15,"Λάλησον τῷ Ἀαρὼν καὶ ἐρεῖς πρὸς αὐτόν Ὅταν ἐπιτιθῇς τοὺς λύχνους, ἐκ μέρους κατὰ πρόσωπον τῆς λυχνίας φωτιοῦσιν οἱ ἑπτὰ λύχνοι.",21,ܡܠܠ ܥܡ ܐܗܪܘܢ ܘܐܡܪ ܠܗ. ܡܐ ܕܡܢܗܪ ܐܢܬ ܫܪ̈ܓܐ. ܠܘܩܒܠ ܐ̈ܦܝ ܡܢܪܬܐ ܢܗܘܘܢ ܡܢܗܪ̈ܝܢ ܫܒܥܐ ܫܪ̈ܓܝܢ.,16,"Fala a Arão, e dize-lhe: Quando acenderes as lâmpadas, as sete lâmpadas alumiarão o espaço em frente do candelabro.",19,True,True,True
8,3,Números 8:3,וַיַּ֤עַשׂ כֵּן֙ אַהֲרֹ֔ן אֶל־ מוּל֙ פְּנֵ֣י הַמְּנוֹרָ֔ה הֶעֱלָ֖ה נֵרֹתֶ֑יהָ כַּֽאֲשֶׁ֛ר צִוָּ֥ה יְהוָ֖ה אֶת־ מֹשֶֽׁה ׃,ויעש כנ אהרנ אל מול פני המנורה העלה נרתיה כאשר צוה יהוה את משה,15,ועבד כן אהרן לקבל אפי מנרתא אדלק בוצינהא כמא די פקיד יי ית משה:,14,καὶ ἐποίησεν οὕτως Ἀαρών· ἐκ τοῦ ἑνὸς μέρους κατὰ πρόσωπον τῆς λυχνίας ἐξῆψεν τοὺς λύχνους αὐτῆς.,16,ܘܥܒܕ ܗܟܢܐ ܐܗܪܘܢ ܫܒܥܐ ܫܪ̈ܓܝܢ. ܠܘܩܒܠ ܐ̈ܦܝ ܡܢܪܬܐ. ܘܐܢܗܪ ܫܪ̈ܓܝܗ̇ ܐܝܟ ܕܦܩܕ ܡܪܝܐ ܠܡܘܫܐ.,14,"Arão, pois, assim fez; acendeu as lâmpadas do candelabro de modo que alumiassem o espaço em frente do mesmo, como o Senhor ordenara a Moisés.",25,True,True,True
8,4,Números 8:4,וְזֶ֨ה מַעֲשֵׂ֤ה הַמְּנֹרָה֙ מִקְשָׁ֣ה זָהָ֔ב עַד־ יְרֵכָ֥הּ עַד־ פִּרְחָ֖הּ מִקְשָׁ֣ה הִ֑וא כַּמַּרְאֶ֗ה אֲשֶׁ֨ר הֶרְאָ֤ה יְהוָה֙ אֶת־ מֹשֶׁ֔ה כֵּ֥ן עָשָׂ֖ה אֶת־ הַמְּנֹרָֽה ׃ פ,וזה מעשה המנרה מקשה זהב עד ירכה עד פרחה מקשה הוא כמראה אשר הראה יהוה את משה כנ עשה את המנרה פ,23,ודין עובד מנרתא נגידא דהב עד שידה עד שושנה נגידא היא כחזוא די אחזי יי ית משה כן עבד ית מנרתא:,21,"καὶ αὕτη ἡ κατασκευὴ τῆς λυχνίας· στερεὰ χρυσῆ, ὁ καυλὸς αὐτῆς καὶ τὰ κρίνα αὐτῆς, στερεὰ ὅλη· κατὰ τὸ εἶδος ὃ ἔδειξεν Κύριος τῷ Μωυσῇ, οὕτως ἐποίησεν τὴν λυχνίαν.",29,ܘܗܢܘ ܥܒܕܗ̇ ܕܡܢܪܬܐ. ܕܢܣܟܬܐ ܗ̇ܝ ܕܕܗܒܐ ܡܢ ܟܢܗ̇. ܘܥܕܡܐ ܠܪܝܫܗ̇ ܕܢܣܟܬܐ ܗ̇ܝ. ܐܝܟ ܚܙܘܐ ܕܚܘܝ ܡܪܝܐ ܠܡܘܫܐ. ܗܟܢܐ ܥܒܕܗ̇ ܠܡܢܪܬܐ.,20,"Esta era a obra do candelabro, obra de ouro batido; desde o seu pedestal até as suas corolas, era ele de ouro batido; conforme o modelo que o Senhor mostrara a Moisés, assim ele tinha feito o candelabro.",38,True,True,True
8,5,Números 8:5,וַיְדַבֵּ֥ר יְהוָ֖ה אֶל־ מֹשֶׁ֥ה לֵּאמֹֽר ׃,וידבר יהוה אל משה לאמר,6,ומליל יי עם משה למימר:,5,Καὶ ἐλάλησεν Κύριος πρὸς Μωυσῆν λέγων,6,ܘܡܠܠ ܡܪܝܐ ܥܡ ܡܘܫܐ ܘܐܡܪ ܠܗ.,6,Disse mais o Senhor a Moisés:,6,True,True,True
8,6,Números 8:6,קַ֚ח אֶת־ הַלְוִיִּ֔ם מִתּ֖וֹךְ בְּנֵ֣י יִשְׂרָאֵ֑ל וְטִהַרְתָּ֖ אֹתָֽם ׃,קח את הלוימ מתוכ בני ישראל וטהרת אתמ,9,קרב ית לואי מגו בני ישראל ותדכי יתהון:,8,Λάβε τοὺς Λευείτας ἐκ μέσου υἱῶν Ἰσραὴλ καὶ ἀφαγνιεῖς αὐτούς.,10,ܕܒܪ ܠܠܘ̈ܝܐ ܡܢ ܓܘ ܒܢ̈ܝ ܐܝܣܪܝܠ. ܘܕܟܐ ܐܢܘܢ.,8,"Toma os levitas do meio dos filhos de Israel, e purifica-os;",11,True,True,True
8,7,Números 8:7,וְכֹֽה־ תַעֲשֶׂ֤ה לָהֶם֙ לְטַֽהֲרָ֔ם הַזֵּ֥ה עֲלֵיהֶ֖ם מֵ֣י חַטָּ֑את וְהֶעֱבִ֤ירוּ תַ֨עַר֙ עַל־ כָּל־ בְּשָׂרָ֔ם וְכִבְּס֥וּ בִגְדֵיהֶ֖ם וְהִטֶּהָֽרוּ ׃,וכה תעשה להמ לטהרמ הזה עליהמ מי חטאת והעבירו תער על כל בשרמ וכבסו בגדיהמ והטהרו,17,וכדין תעבד להון לדכואיהון אדי עליהון מיא דחטאתא ויעברון מספר על כל בשרהון ויחורון לבושיהון וידכון:,16,"καὶ οὕτως ποιήσεις αὐτοῖς τὸν ἁγνισμὸν αὐτῶν· περιρανεῖς αὐτοὺς ὕδωρ ἁγνισμοῦ, καὶ ἐπελεύσεται ξυρὸν ἐπὶ πᾶν τὸ σῶμα αὐτῶν, καὶ πλυνοῦσιν τὰ ἱμάτια αὐτῶν, καὶ καθαροὶ ἔσονται.",27,ܗܟܢܐ ܥܒܕ ܠܗܘܢ ܘܕܟܐ ܐܢܘܢ. ܪܘܣ ܥܠܝܗܘܢ ܡ̈ܝܐ ܕܚܛܗܐ. ܘܢܥܒܪܘܢ ܡܕܟܝܐ ܥܠ ܟܠܗ ܒܣܪܗܘܢ ܘܢܚܠܠܘܢ ܡܐ̈ܢܝܗܘܢ ܘܢܬܕܟܘܢ.,17,"e assim lhes farás, para os purificar: esparge sobre eles a água da purificação; e eles farão passar a navalha sobre todo o seu corpo, e lavarão os seus vestidos, e se purificarão.",33,True,True,True
8,8,Números 8:8,וְלָֽקְחוּ֙ פַּ֣ר בֶּן־ בָּקָ֔ר וּמִנְחָת֔וֹ סֹ֖לֶת בְּלוּלָ֣ה בַשָּׁ֑מֶן וּפַר־ שֵׁנִ֥י בֶן־ בָּקָ֖ר תִּקַּ֥ח לְחַטָּֽאת ׃,ולקחו פר בנ בקר ומנחתו סלת בלולה בשמנ ופר שני בנ בקר תקח לחטאת,15,ויסבון תור בר תורי ומנחתיה סלתא דפילא במשח ותור תנין בר תורי תסב לחטאתא:,14,"καὶ λήμψονται μόσχον ἕνα ἐκ βοῶν καὶ τούτου θυσίαν σεμιδάλεως ἀναπεποιημένην ἐν ἐλαίῳ, καὶ μόσχον ἐνιαύσιον ἐκ βοῶν λήμψῃ περὶ ἁμαρτίας.",21,ܘܢܣܒܘܢ ܬܘܪܐ ܚܕ ܒܪ ܒܩܪܐ. ܘܩܘܪܒܢܗ ܦܝܠܣܐ ܚܕ ܟܕ ܡܠܐ ܣܡܝܕܐ ܕܦܝܠ ܒܡܫܚܐ. ܘܬܘܪܐ ܐܚܪܢܐ ܒܪ ܒܩܪܐ ܩܪܒ ܠܚܛܗܐ.,19,"Depois tomarão um novilho, com a sua oferta de cereais de flor de farinha amassada com azeite; e tomarás tu outro novilho para oferta pelo pecado.",26,True,True,True
8,9,Números 8:9,וְהִקְרַבְתָּ֙ אֶת־ הַלְוִיִּ֔ם לִפְנֵ֖י אֹ֣הֶל מוֹעֵ֑ד וְהִ֨קְהַלְתָּ֔ אֶֽת־ כָּל־ עֲדַ֖ת בְּנֵ֥י יִשְׂרָאֵֽל ׃,והקרבת את הלוימ לפני אהל מועד והקהלת את כל עדת בני ישראל,13,ותקרב ית לואי קדם משכן זמנא ותכנש ית כל כנשתא דבני ישראל:,12,"καὶ προσάξεις τοὺς Λευείτας ἔναντι τῆς σκηνῆς τοῦ μαρτυρίου, καὶ συνάξεις πᾶσαν συναγωγὴν υἱῶν Ἰσραήλ·",15,ܘܩܪܒ ܠܠܘ̈ܝܐ ܩܕܡ ܡܫܟܢܙܒܢܐ. ܘܟܢܫ ܠܟܠܗ̇ ܟܢܘܫܬܐ ܕܒܢ̈ܝ ܐܝܣܪܝܠ.,9,"Também farás chegar os levitas perante a tenda da revelação, e ajuntarás toda a congregação dos filhos de Israel.",19,True,True,True
8,10,Números 8:10,וְהִקְרַבְתָּ֥ אֶת־ הַלְוִיִּ֖ם לִפְנֵ֣י יְהוָ֑ה וְסָמְכ֧וּ בְנֵי־ יִשְׂרָאֵ֛ל אֶת־ יְדֵיהֶ֖ם עַל־ הַלְוִיִּֽם ׃,והקרבת את הלוימ לפני יהוה וסמכו בני ישראל את ידיהמ על הלוימ,13,ותקרב ית לואי קדם יי ויסמכון בני ישראל ית ידיהון על לואי:,12,"καὶ προσάξεις τοὺς Λευείτας ἔναντι Κυρίου, καὶ ἐπιθήσουσιν οἱ υἱοὶ Ἰσραὴλ τὰς χεῖρας αὐτῶν ἐπὶ τοὺς Λευείτας·",17,ܘܩܪܒ ܠܠܘ̈ܝܐ ܩܕܡ ܡܪܝܐ. ܘܢܣܝܡܘܢ ܒܢ̈ܝ ܐܝܣܪܐܝܠ ܐ̈ܝܕܝܗܘܢ ܥܠ ܠܘ̈ܝܐ.,10,"Apresentarás, pois, os levitas perante o Senhor, e os filhos do Israel porão as suas mãos sobre os levitas.",19,True,True,True
8,11,Números 8:11,וְהֵנִיף֩ אַהֲרֹ֨ן אֶת־ הַלְוִיִּ֤ם תְּנוּפָה֙ לִפְנֵ֣י יְהוָ֔ה מֵאֵ֖ת בְּנֵ֣י יִשְׂרָאֵ֑ל וְהָי֕וּ לַעֲבֹ֖ד אֶת־ עֲבֹדַ֥ת יְהוָֽה ׃,והניפ אהרנ את הלוימ תנופה לפני יהוה מאת בני ישראל והיו לעבד את עבדת יהוה,16,וירים אהרן ית לואי ארמא קדם יי מן בני ישראל ויהון למפלח ית פלחנא דיי:,15,"καὶ ἀφοριεῖ Ἀαρὼν τοὺς Λευείτας ἀπόδομα ἔναντι Κυρίου παρὰ τῶν υἱῶν Ἰσραήλ, καὶ ἔσονται ὣστε ἐργάζεσθαι τὰ ἔργα Κυρίου.",19,ܘܢܦܪܘܫ ܐܢܘܢ ܐܗܪܘܢ ܠܠܘ̈ܝܐ. ܦܘܪܫܢܐ ܩܕܡ ܡܪܝܐ ܡܢ ܠܘܬ ܒܢ̈ܝ ܐܝܣܪܝܠ. ܘܢܗܘܘܢ ܠܡܦܠܚ ܦܘܠܚܢܗ ܕܡܪܝܐ.,15,"E Arão oferecerá os levitas perante o Senhor como oferta de movimento, da parte dos filhos de Israel, para que sirvam no ministério do Senhor.",25,True,True,True
8,12,Números 8:12,וְהַלְוִיִּם֙ יִסְמְכ֣וּ אֶת־ יְדֵיהֶ֔ם עַ֖ל רֹ֣אשׁ הַפָּרִ֑ים וַ֠עֲשֵׂה אֶת־ הָאֶחָ֨ד חַטָּ֜את וְאֶת־ הָאֶחָ֤ד עֹלָה֙ לַֽיהוָ֔ה לְכַפֵּ֖ר עַל־ הַלְוִיִּֽם ׃,והלוימ יסמכו את ידיהמ על ראש הפרימ ועשה את האחד חטאת ואת האחד עלה ליהוה לכפר על הלוימ,19,ולואי יסמכון ית ידיהון על ריש תוריא ויעבד ית חד חטאתא וית חד עלתא קדם יי לכפרא על לואי:,19,"οἱ δὲ Λευεῖται ἐπιθήσουσιν τὰς χεῖρας ἐπὶ τὰς κεφαλὰς τῶν μόσχων, καὶ ποιήσει τὸν ἕνα περὶ ἁμαρτίας καὶ τὸν ἕνα εἰς ὁλοκαύτωμα Κυρίῳ, ἐξιλάσασθαι περὶ αὐτῶν.",26,ܘܠܘ̈ܝܐ ܢܣܝܡܘܢ ܐ̈ܝܕܝܗܘܢ ܥܠ ܪܫܗ ܕܬܘܪܐ. ܘܥܒܕ ܚܕ ܠܚܛܗܐ ܘܚܕ ܠܥܠܬܐ ܠܡܪܝܐ ܕܢܬܚܣܐ ܥܠ ܠܘ̈ܝܐ.,15,"Os levitas porão as suas mãos sobre a cabeça dos novilhos; então tu sacrificarás um como oferta pelo pecado, e o outro como holocausto ao Senhor, para fazeres expiação pelos levitas.",31,True,True,True
8,13,Números 8:13,וְהַֽעֲמַדְתָּ֙ אֶת־ הַלְוִיִּ֔ם לִפְנֵ֥י אַהֲרֹ֖ן וְלִפְנֵ֣י בָנָ֑יו וְהֵנַפְתָּ֥ אֹתָ֛ם תְּנוּפָ֖ה לַֽיהוָֽה ׃,והעמדת את הלוימ לפני אהרנ ולפני בניו והנפת אתמ תנופה ליהוה,12,ותקם ית לואי קדם אהרן וקדם בנוהי ותרם יתהון ארמא קדם יי:,12,"καὶ στήσεις τοὺς Λευείτας ἔναντι Κυρίου, ἔναντι Ἀαρὼν καὶ ἔναντι τῶν υἱῶν αὐτοῦ, καὶ ἀποδώσεις αὐτοὺς ἀπόδομα ἔναντι Κυρίου·",19,ܘܐܩܝܡ ܠܠܘ̈ܝܐ ܩܕܡ ܐܗܪܘܢ ܘܩܕܡ ܒܢ̈ܘܗܝ . ܘܦܪܘܫ ܐܢܘܢ ܦܘܪܫܢܐ ܠܡܪܝܐ .,12,"E porás os levitas perante Arão, e perante os seus filhos, e os oferecerás como oferta de movimento ao Senhor.",20,True,True,True
8,14,Números 8:14,וְהִבְדַּלְתָּ֙ אֶת־ הַלְוִיִּ֔ם מִתּ֖וֹךְ בְּנֵ֣י יִשְׂרָאֵ֑ל וְהָ֥יוּ לִ֖י הַלְוִיִּֽם ׃,והבדלת את הלוימ מתוכ בני ישראל והיו לי הלוימ,10,ותפרש ית לואי מגו בני ישראל ויהון משמשין קדמי לואי:,10,"καὶ διαστελεῖς τοὺς Λευείτας ἐκ μέσου υἱῶν Ἰσραήλ, καὶ ἔσονται ἐμοί.",11,ܘܦܪܘܫ ܠܠܘ̈ܝܐ ܡܢ ܓܘ ܒܢ̈ܝ ܐܝܣܪܝܠ. ܘܢܗܘܘܢ ܠܝ ܠܘ̈ܝܐ.,9,Assim separarás os levitas do meio dos filhos de Israel; e os levitas serão meus.,15,True,True,True
8,15,Números 8:15,וְאַֽחֲרֵי־ כֵן֙ יָבֹ֣אוּ הַלְוִיִּ֔ם לַעֲבֹ֖ד אֶת־ אֹ֣הֶל מוֹעֵ֑ד וְטִֽהַרְתָּ֣ אֹתָ֔ם וְהֵנַפְתָּ֥ אֹתָ֖ם תְּנוּפָֽה ׃,ואחרי כנ יבאו הלוימ לעבד את אהל מועד וטהרת אתמ והנפת אתמ תנופה,14,ובתר כן יעלון לואי למפלח ית משכן זמנא ותדכי יתהון ותרם יתהון ארמא:,13,"καὶ μετὰ ταῦτα εἰσελεύσονται οἱ Λευεῖται ἐργάζεσθαι τὰ ἔργα τῆς σκηνῆς τοῦ μαρτυρίου, καὶ καθαριεῖς αὐτούς, καὶ ἀποδώσεις αὐτοὺς ἔναντι Κυρίου.",21,ܘܡܢ ܒܬܪܟܢ ܢܥܠܘܢ ܠܘ̈ܝܐ. ܘܢܦܠܚܘܢ ܒܡܫܟܢܙܒܢܐ ܘܕܟܐ ܐܢܘܢ ܘܦܪܘܫ ܐܢܘܢ ܦܘܪܫܢܐ ܩܕܡ ܡܪܝܐ.,13,"Depois disso os levitas entrarão para fazerem o serviço da tenda da revelação, depois de os teres purificado e oferecido como oferta de movimento.",24,True,True,True
8,16,Números 8:16,כִּי֩ נְתֻנִ֨ים נְתֻנִ֥ים הֵ֨מָּה֙ לִ֔י מִתּ֖וֹךְ בְּנֵ֣י יִשְׂרָאֵ֑ל תַּחַת֩ פִּטְרַ֨ת כָּל־ רֶ֜חֶם בְּכ֥וֹר כֹּל֙ מִבְּנֵ֣י יִשְׂרָאֵ֔ל לָקַ֥חְתִּי אֹתָ֖ם לִֽי ׃,כי נתנימ נתנימ המה לי מתוכ בני ישראל תחת פטרת כל רחמ בכור כל מבני ישראל לקחתי אתמ לי,20,ארי אפרשא מפרשין אנון לי מגו בני ישראל חלף פתח כל ולדא בוכרא כלא מבני ישראל קרבית יתהון קדמי:,19,ὅτι ἀπόδομα ἀποδεδομένοι οὗτοί μοί εἰσιν ἐκ μέσου υἱῶν Ἰσραήλ· ἀντὶ τῶν διανοιγόντων πᾶσαν μήτραν πρωτοτόκων πάντων τῶν ἐκ τῶν υἱῶν Ἰσραὴλ εἴληφα αὐτοὺς ἐμοί.,25,ܡܛܠ ܕܡܘܗܒܬܐ ܐܢܘܢ ܝܗܝܒܝܢ ܠܝ ܡܢ ܓܘ ܒܢ̈ܝ ܐܝܣܪܐܝܠ. ܚܠܦ ܟܠ ܦ̇ܬܚ ܪ̈ܚܡܐ. ܒܘܟܪ̈ܐ ܕܟܠܗܘܢ ܒܢ̈ܝ ܐܝܣܪܝܠ. ܩ̇ܪܒܬ ܐܢܘܢ ܠܝ.,20,"Porquanto eles me são dados inteiramente dentre os filhos de Israel; em lugar de todo aquele que abre a madre, isto é, do primogênito de todos os filhos de Israel, para mim os tenho tomado.",35,True,True,True
8,17,Números 8:17,כִּ֣י לִ֤י כָל־ בְּכוֹר֙ בִּבְנֵ֣י יִשְׂרָאֵ֔ל בָּאָדָ֖ם וּבַבְּהֵמָ֑ה בְּי֗וֹם הַכֹּתִ֤י כָל־ בְּכוֹר֙ בְּאֶ֣רֶץ מִצְרַ֔יִם הִקְדַּ֥שְׁתִּי אֹתָ֖ם לִֽי ׃,כי לי כל בכור בבני ישראל באדמ ובבהמה ביומ הכתי כל בכור בארצ מצרימ הקדשתי אתמ לי,18,ארי דילי כל בוכרא בבני ישראל באנשא ובבעירא ביומא דקטלית כל בוכרא בארעא דמצרים אקדשית יתהון קדמי:,17,ὅτι ἐμοὶ πᾶν πρωτότοκον ἐν υἱοῖς Ἰσραήλ ἀπὸ ἀνθρώπων ἕως κτήνους· ᾗ ἡμέρᾳ ἐπάταξα πᾶν πρωτότοκον ἐν γῇ Αἰγύπτῳ ἡγίασα αὐτοὺς ἐμοί.,22,ܡܛܠ ܕܕܝܠܝ ܐܢܘܢ ܟܠ ܒܘܟܪ̈ܐ ܕܒܢ̈ܝ ܐܝܣܪܝܠ. ܡܢ ܒܢ̈ܝ ܐܢܫܐ ܘܥܕܡܐ ܠܒܥܝܪ̈ܐ. ܒܝܘܡܐ ܕܩ̇ܛܠܬ ܟܠ ܒܘܟܪ̈ܐ ܕܒܐܪܥܐ ܕܡܨܪܝܢ. ܩ̇ܕܫܬ ܐܢܘܢ ܠܝ.,21,"Porque meu é todo primogênito entre os filhos de Israel, tanto entre os homens como entre os animais; no dia em que, na terra do Egito, feri a todo primogênito, os santifiquei para mim.",34,True,True,True
8,18,Números 8:18,וָאֶקַּח֙ אֶת־ הַלְוִיִּ֔ם תַּ֥חַת כָּל־ בְּכ֖וֹר בִּבְנֵ֥י יִשְׂרָאֵֽל ׃,ואקח את הלוימ תחת כל בכור בבני ישראל,9,וקרבית ית לואי חלף כל בוכרא בבני ישראל:,8,καὶ ἔλαβον τοὺς Λευείτας ἀντὶ παντὸς πρωτοτόκου ἐν υἱοῖς Ἰσραήλ.,10,ܘܩ̇ܪܒܬ ܠܠܘ̈ܝܐ ܚܠܦ ܒܘܟܪ̈ܐ ܕܒܢ̈ܝ ܐܝܣܪܝܠ.,6,Mas tomei os levitas em lugar de todos os primogênitos entre os filhos de Israel.,15,True,True,True
8,19,Números 8:19,וָאֶתְּנָ֨ה אֶת־ הַלְוִיִּ֜ם נְתֻנִ֣ים ׀ לְאַהֲרֹ֣ן וּלְבָנָ֗יו מִתּוֹךְ֮ בְּנֵ֣י יִשְׂרָאֵל֒ לַעֲבֹ֞ד אֶת־ עֲבֹדַ֤ת בְּנֵֽי־ יִשְׂרָאֵל֙ בְּאֹ֣הֶל מוֹעֵ֔ד וּלְכַפֵּ֖ר עַל־ בְּנֵ֣י יִשְׂרָאֵ֑ל וְלֹ֨א יִהְיֶ֜ה בִּבְנֵ֤י יִשְׂרָאֵל֙ נֶ֔גֶף בְּגֶ֥שֶׁת בְּנֵֽי־ יִשְׂרָאֵ֖ל אֶל־ הַקֹּֽדֶשׁ ׃,ואתנה את הלוימ נתנימ לאהרנ ולבניו מתוכ בני ישראל לעבד את עבדת בני ישראל באהל מועד ולכפר על בני ישראל ולא יהיה בבני ישראל נגפ בגשת בני ישראל אל הקדש,32,ויהבית ית לואי מסירין לאהרן ולבנוהי מגו בני ישראל למפלח ית פלחן בני ישראל במשכן זמנא ולכפרא על בני ישראל ולא יהי בבני ישראל מותא במקרב בני ישראל לקודשא:,29,"καὶ ἀπέδωκα τοὺς Λευείτας ἀπόδομα δεδομένους Ἀαρὼν καὶ τοῖς υἱοῖς αὐτοῦ ἐκ μέσου υἱῶν Ἰσραήλ, ἐργάζεσθαι τὰ ἔργα τῶν υἱῶν Ἰσραὴλ ἐν τῇ σκηνῇ τοῦ μαρτυρίου καὶ ἐξιλάσκεσθαι περὶ τῶν υἱῶν Ἰσραήλ· καὶ οὐκ ἔσται τοῖς υἱοῖς Ἰσραὴλ προσεγγίζων πρὸς τὰ ἅγια.",42,ܘܝܗ̇ܒܬ ܐܢܘܢ ܠܠܘ̈ܝܐ ܡܘܗܒܬܐ ܠܐܗܪܘܢ ܘܠܒܢ̈ܘܗܝ. ܡܢ ܓܘ ܒܢ̈ܝ ܐܝܣܪܝܠ. ܠܡܦܠܚ ܦܘܠܚܢܐ ܕܒܢ̈ܝ ܐܝܣܪܝܠ ܒܡܫܟܢ ܙܒܢܐ. ܘܠܡܚܣܝܘ ܥܠ ܒܢ̈ܝ ܐܝܣܪܝܠ. ܘܠܐ ܢܗܘܐ ܒܒܢ̈ܝ ܐܝܣܪܝܠ ܡܘܬܐ ܕܡܢ ܫܠܝ. ܡܐ ܕܩܪܒܘ ܒܢ̈ܝ ܐܝܣܪܐܝܠ ܠܩܘܕܫܐ.,32,"Dentre os filhos de Israel tenho dado os levitas a Arão e a seus filhos, para fazerem o serviço dos filhos de Israel na tenda da revelação, e para fazerem expiação por eles, a fim de que não haja praga entre eles, quando se aproximarem do santuário.",47,True,True,True
8,20,Números 8:20,וַיַּ֨עַשׂ מֹשֶׁ֧ה וְאַהֲרֹ֛ן וְכָל־ עֲדַ֥ת בְּנֵי־ יִשְׂרָאֵ֖ל לַלְוִיִּ֑ם כְּ֠כֹל אֲשֶׁר־ צִוָּ֨ה יְהוָ֤ה אֶת־ מֹשֶׁה֙ לַלְוִיִּ֔ם כֵּן־ עָשׂ֥וּ לָהֶ֖ם בְּנֵ֥י יִשְׂרָאֵֽל ׃,ויעש משה ואהרנ וכל עדת בני ישראל ללוימ ככל אשר צוה יהוה את משה ללוימ כנ עשו להמ בני ישראל,21,ועבד משה ואהרן וכל כנשתא דבני ישראל ללואי ככל די פקיד יי ית משה ללואי כן עבדו להון בני ישראל:,20,"καὶ ἐποίησεν Μωυσῆς καὶ Ἀαρὼν καὶ πᾶσα συναγωγὴ Ἰσραὴλ τοῖς Λευείταις, καθὰ ἐνετείλατο Κύριος τῷ Μωυσῇ περὶ τῶν Λευειτῶν· οὕτως ἐποίησαν αὐτοῖς οἱ υἱοὶ Ἰσραήλ.",25,ܘܥܒܕܘ ܡܘܫܐ ܘܐܗܪܘܢ ܘܟܠܗ̇ ܟܢܘܫܬܐ ܕܒܢ̈ܝ ܐܝܣܪܝܠ ܠܠܘ̈ܝܐ . ܐܝܟ ܕܦܩܕ ܡܪܝܐ ܠܡܘܫܐ ܥܠ ܠܘ̈ܝܐ. ܗܟܢܐ ܥܒܕܘ ܠܗܘܢ ܒܢ̈ܝ ܐܝܣܪܝܠ.,20,"Assim Moisés e Arão e toda a congregação dos filhos de Israel fizeram aos levitas; conforme tudo o que o Senhor ordenara a Moisés no tocante aos levitas, assim os filhos de Israel lhes fizeram.",35,True,True,True
8,21,Números 8:21,וַיִּֽתְחַטְּא֣וּ הַלְוִיִּ֗ם וַֽיְכַבְּסוּ֙ בִּגְדֵיהֶ֔ם וַיָּ֨נֶף אַהֲרֹ֥ן אֹתָ֛ם תְּנוּפָ֖ה לִפְנֵ֣י יְהוָ֑ה וַיְכַפֵּ֧ר עֲלֵיהֶ֛ם אַהֲרֹ֖ן לְטַהֲרָֽם ׃,ויתחטאו הלוימ ויכבסו בגדיהמ וינפ אהרנ אתמ תנופה לפני יהוה ויכפר עליהמ אהרנ לטהרמ,15,ואדכיו לואי וחורו לבושיהון וארם אהרן יתהון ארמא קדם יי וכפר עליהון אהרן לדכואיהון:,14,"καὶ ἡγνίσαντο οἱ Λευεῖται καὶ ἐπλύναντο τὰ ἱμάτια· καὶ ἀπέδωκεν αὐτοὺς Ἀαρὼν ἀπόδομα ἔναντι Κυρίου, καὶ ἐξιλάσατο περὶ αὐτῶν Ἀαρὼν ἀφαγνίσασθαι αὐτούς.",22,ܘܐܬܕܟܝܘ ܠܘ̈ܝܐ ܘܚܠܠܘ ܡܐ̈ܢܝܗܘܢ. ܘܦܪܫ ܐܢܘܢ ܐܗܪܘܢ ܠܠܘ̈ܝܐ ܦܘܪܫܢܐ ܩܕܡ ܡܪܝܐ. ܘܚܣܝ ܥܠܝܗܘܢ ܐܗܪܘܢ ܘܕܟܝ ܐܢܘܢ.,16,"Os levitas, pois, purificaram-se, e lavaram os seus vestidos; e Arão os ofereceu como oferta de movimento perante o Senhor, e fez expiação por eles, para purificá-los.",27,True,True,True
8,22,Números 8:22,וְאַחֲרֵי־ כֵ֞ן בָּ֣אוּ הַלְוִיִּ֗ם לַעֲבֹ֤ד אֶת־ עֲבֹֽדָתָם֙ בְּאֹ֣הֶל מוֹעֵ֔ד לִפְנֵ֥י אַהֲרֹ֖ן וְלִפְנֵ֣י בָנָ֑יו כַּאֲשֶׁר֩ צִוָּ֨ה יְהוָ֤ה אֶת־ מֹשֶׁה֙ עַל־ הַלְוִיִּ֔ם כֵּ֖ן עָשׂ֥וּ לָהֶֽם ׃ ס,ואחרי כנ באו הלוימ לעבד את עבדתמ באהל מועד לפני אהרנ ולפני בניו כאשר צוה יהוה את משה על הלוימ כנ עשו להמ ס,25,ובתר כן עלו לואי למפלח ית פלחנהון במשכן זמנא קדם אהרן וקדם בנוהי כמא די פקיד יי ית משה על לואי כן עבדו להון:,24,"καὶ μετὰ ταῦτα εἰσῆλθον οἱ Λευεῖται λειτουργεῖν τὴν λειτουργίαν αὐτῶν ἐν τῇ σκηνῇ τοῦ μαρτυρίου ἔναντι Ἀαρὼν καὶ ἔναντι τῶν υἱῶν αὐτοῦ· καθὼς συνέταξεν Κύριος τῷ Μωυσῇ περὶ τῶν Λευειτῶν, οὕτως ἐποίησαν αὐτοῖς.",33,ܘܒܬܪܟܢ ܥܠܘ ܠܘ̈ܝܐ ܠܡܦܠܚ ܦܘܠܚܢܗܘܢ ܒܡܫܟܢ ܙܒܢܐ. ܩܕܡ ܐܗܪܘܢ ܘܩܕܡ ܒܢ̈ܘܗܝ. ܘܐܝܟ ܕܦܩܕ ܡܪܝܐ ܠܡܘܫܐ ܥܠ ܠܘ̈ܝܐ. ܗܟܢܐ ܥܒܕܘ ܠܗܘܢ ܒܢ̈ܝ ܐܝܣܪܝܠ .,23,"Depois disso entraram os levitas, para fazerem o seu serviço na tenda da revelação, perante Arão e seus filhos; como o Senhor ordenara a Moisés acerca dos levitas, assim lhes fizeram.",31,True,True,True
8,23,Números 8:23,וַיְדַבֵּ֥ר יְהוָ֖ה אֶל־ מֹשֶׁ֥ה לֵּאמֹֽר ׃,וידבר יהוה אל משה לאמר,6,ומליל יי עם משה למימר:,5,Καὶ ἐλάλησεν Κύριος πρὸς Μωυσῆν λέγων,6,ܘܡܠܠ ܡܪܝܐ ܥܡ ܡܘܫܐ ܘܐܡܪ ܠܗ .,7,Disse mais o Senhor a Moisés:,6,True,True,True
8,24,Números 8:24,זֹ֖את אֲשֶׁ֣ר לַלְוִיִּ֑ם מִבֶּן֩ חָמֵ֨שׁ וְעֶשְׂרִ֤ים שָׁנָה֙ וָמַ֔עְלָה יָבוֹא֙ לִצְבֹ֣א צָבָ֔א בַּעֲבֹדַ֖ת אֹ֥הֶל מוֹעֵֽד ׃,זאת אשר ללוימ מבנ חמש ועשרימ שנה ומעלה יבוא לצבא צבא בעבדת אהל מועד,15,דא די ללואי מבר חמש ועשרין שנין ולעלא ייתי לחילא חילא בפלחן משכן זמנא:,14,Τοῦτό ἐστιν τὸ περὶ τῶν Λευειτῶν· ἀπὸ πέντε καὶ εἰκοσαετοῦς καὶ ἐπάνω εἰσελεύσονται ἐνεργεῖν ἐν τῇ σκηνῇ τοῦ μαρτυρίου·,19,ܗܢܐ ܢܗܘܐ ܢܡܘܣܐ ܕܠܘ̈ܝܐ . ܡܢ ܒܪ ܥܣܪ̈ܝܢ ܘܚܡܫ ܫ̈ܢܝܢ ܘܠܥܠ. ܢܐܬܐ ܠܡܬܚܝܠܘ ܒܚܝܠܐ ܒܦܘܠܚܢܐ ܕܡܫܟܢܙܒܢܐ.,16,Este será o encargo dos levitas: Da idade de vinte e cinco anos para cima entrarão para se ocuparem no serviço a tenda da revelação;,25,True,True,True
8,25,Números 8:25,וּמִבֶּן֙ חֲמִשִּׁ֣ים שָׁנָ֔ה יָשׁ֖וּב מִצְּבָ֣א הָעֲבֹדָ֑ה וְלֹ֥א יַעֲבֹ֖ד עֽוֹד ׃,ומבנ חמשימ שנה ישוב מצבא העבדה ולא יעבד עוד,10,ומבר חמשין שנין יתוב מחיל פלחנא ולא יפלח עוד:,9,"καὶ ἀπὸ πεντηκονταετοῦς ἀποστήσεται τῆς λειτουργίας καὶ οὐκ ἐργάζεται ἔτι,",10,ܘܡܢ ܒܪ ܚܡܫܝܢ ܫ̈ܢܝܢ. ܢܗܦܘܟ ܡܢ ܚܝܠܐ ܕܦܘܠܚܢܐ. ܘܬܘܒ ܠܐ ܢܦܠܘܚ.,11,e aos cinqüenta anos de idade sairão desse serviço e não servirão mais.,13,True,True,True
8,26,Números 8:26,וְשֵׁרֵ֨ת אֶת־ אֶחָ֜יו בְּאֹ֤הֶל מוֹעֵד֙ לִשְׁמֹ֣ר מִשְׁמֶ֔רֶת וַעֲבֹדָ֖ה לֹ֣א יַעֲבֹ֑ד כָּ֛כָה תַּעֲשֶׂ֥ה לַלְוִיִּ֖ם בְּמִשְׁמְרֹתָֽם ׃ פ,ושרת את אחיו באהל מועד לשמר משמרת ועבדה לא יעבד ככה תעשה ללוימ במשמרתמ פ,16,וישמש עם אחוהי במשכן זמנא למטר מטרא ופלחנא לא יפלח כדין תעבד ללואי במטרתהון:,14,"καὶ λειτουργήσει ὁ ἀδελφὸς αὐτοῦ ἐν τῇ σκηνῇ τοῦ μαρτυρίου φυλάσσειν φυλακάς, ἔργα δὲ οὐκ ἐργάζεται. οὕτως ποιήσεις τοῖς Λευείταις ἐν ταῖς φυλακαῖς αὐτῶν.",24,ܘܢܫܡܫ ܠܐܚ̈ܘܗܝ ܒܡܫܟܢܙܒܢܐ. ܠܡܛܪ ܡܛܪܬܐ ܘܥܒܕܐ ܠܐ ܢܥܒܕ. ܗܟܢܐ ܥܒܕ ܠܠܘ̈ܝܐ ܒܡܛܪܬܗܘܢ.,12,"Continuarão a servir, porém, com seus irmãos na tenda da revelação, orientando-os no cumprimento dos seus encargos; mas não farão trabalho. Assim farás para com os levitas no tocante aos seus cargos.",32,True,True,True
9,1,Números 9:1,וַיְדַבֵּ֣ר יְהוָ֣ה אֶל־ מֹשֶׁ֣ה בְמִדְבַּר־ סִ֠ינַי בַּשָּׁנָ֨ה הַשֵּׁנִ֜ית לְצֵאתָ֨ם מֵאֶ֧רֶץ מִצְרַ֛יִם בַּחֹ֥דֶשׁ הָרִאשׁ֖וֹן לֵאמֹֽר ׃,וידבר יהוה אל משה במדבר סיני בשנה השנית לצאתמ מארצ מצרימ בחדש הראשונ לאמר,15,ומליל יי עם משה במדברא דסיני בשתא תניתא למפקהון מארעא דמצרים בירחא קדמאה למימר:,14,"Καὶ ἐλάλησεν Κύριος πρὸς Μωυσῆν ἐν τῇ ἐρήμῳ Σεινὰ ἐν τῷ ἔτει τῷ δευτέρῳ ἐξελθόντων αὐτῶν ἐκ γῆς Αἰγύπτου, ἐν τῷ μηνὶ τῷ πρώτῳ, λέγων",25,ܘܡܠܠ ܡܪܝܐ ܥܡ ܡܘܫܐ ܒܡܕܒܪܐ ܕܣܝܢܝ. ܒܫܢܬ ܬܪ̈ܬܝܢ ܟܕ ܢܦܩܘ ܒܢ̈ܝ ܐܝܣܪܝܠ ܡܢ ܡܨܪܝܢ . ܒܝܪܚܐ ܩܕܡܝܐ ܘܐܡܪ ܠܗ.,19,"Também falou o Senhor a Moisés no deserto de Sinai, no primeiro mês do segundo ano depois que saíram da terra do Egito, dizendo:",24,True,True,True
9,2,Números 9:2,וְיַעֲשׂ֧וּ בְנֵי־ יִשְׂרָאֵ֛ל אֶת־ הַפָּ֖סַח בְּמוֹעֲדֽוֹ ׃,ויעשו בני ישראל את הפסח במועדו,7,ויעבדון בני ישראל ית פסחא בזמניה:,6,Εἰπὸν καὶ ποιείτωσαν οἱ υἱοὶ Ἰσραὴλ τὸ πάσχα καθ᾽ ὥραν αὐτοῦ·,11,ܢܥܒܕܘܢ ܒܢ̈ܝ ܐܝܣܪܝܠ ܦܨܚܐ ܒܙܒܢܗ.,5,Celebrem os filhos de Israel a páscoa a seu tempo determinado.,11,True,True,True
9,3,Números 9:3,בְּאַרְבָּעָ֣ה עָשָֽׂר־ י֠וֹם בַּחֹ֨דֶשׁ הַזֶּ֜ה בֵּ֧ין הָֽעֲרְבַּ֛יִם תַּעֲשׂ֥וּ אֹת֖וֹ בְּמוֹעֲד֑וֹ כְּכָל־ חֻקֹּתָ֥יו וּכְכָל־ מִשְׁפָּטָ֖יו תַּעֲשׂ֥וּ אֹתֽוֹ ׃,בארבעה עשר יומ בחדש הזה בינ הערבימ תעשו אתו במועדו ככל חקתיו וככל משפטיו תעשו אתו,17,בארבעת עשרא יומא בירחא הדין בין שמשיא תעבדון יתיה בזמניה ככל גזרתיה וככל דחזי ליה תעבדון יתיה:,17,"τῇ τεσσαρεσκαιδεκάτῃ ἡμέρᾳ τοῦ μηνὸς τοῦ πρώτου πρὸς ἑσπέραν ποιήσεις αὐτὸ κατὰ καιρούς, κατὰ τὸν νόμον αὐτοῦ καὶ κατὰ τὴν σύνκρισιν αὐτοῦ ποιήσεις αὐτό.",24,ܒܐܪ̈ܒܥܣܪܐ ܒܝܪܚܐ ܗܢܐ ܒܝܬ ܪ̈ܡܫܐ. ܢܥܒܕܘܢܗ ܒܙܒܢܗ ܐܝܟ ܟܠܗܘܢ ܦܘܩ̈ܕܢܘܗܝ. ܘܐܝܟ ܟܠܗܘܢ ܕܝܢ̈ܘܗܝ ܢܥܒܕܘܢܗ.,14,"No dia catorze deste mês, à tardinha, a seu tempo determinado, a celebrareis; segundo todos os seus estatutos, e segundo todas as suas ordenanças a celebrareis.",26,True,True,True
9,4,Números 9:4,וַיְדַבֵּ֥ר מֹשֶׁ֛ה אֶל־ בְּנֵ֥י יִשְׂרָאֵ֖ל לַעֲשֹׂ֥ת הַפָּֽסַח ׃,וידבר משה אל בני ישראל לעשת הפסח,8,ומליל משה עם בני ישראל למעבד פסחא:,7,"καὶ ἐλάλησεν Μωυσῆς τοῖς υἱοῖς Ἰσραὴλ ποιῆσαι τὸ πάσχα,",9,ܘܐܡܪ ܡܘܫܐ ܠܒܢ̈ܝ ܐܝܣܪܝܠ. ܕܢܥܒܕܘܢ ܦܨܚܐ.,6,"Disse, pois, Moisés aos filhos de Israel que celebrassem a páscoa.",11,True,True,True
9,5,Números 9:5,וַיַּעֲשׂ֣וּ אֶת־ הַפֶּ֡סַח בָּרִאשׁ֡וֹן בְּאַרְבָּעָה֩ עָשָׂ֨ר י֥וֹם לַחֹ֛דֶשׁ בֵּ֥ין הָעַרְבַּ֖יִם בְּמִדְבַּ֣ר סִינָ֑י כְּ֠כֹל אֲשֶׁ֨ר צִוָּ֤ה יְהוָה֙ אֶת־ מֹשֶׁ֔ה כֵּ֥ן עָשׂ֖וּ בְּנֵ֥י יִשְׂרָאֵֽל ׃,ויעשו את הפסח בראשונ בארבעה עשר יומ לחדש בינ הערבימ במדבר סיני ככל אשר צוה יהוה את משה כנ עשו בני ישראל,23,ועבדו ית פסחא בניסן בארבעת עשרא יומא לירחא בין שמשיא במדברא דסיני ככל די פקיד יי ית משה כן עבדו בני ישראל:,22,"ἐναρχομένου τῇ τεσσαρεσκαιδεκάτῃ ἡμέρᾳ τοῦ μηνὸς ἐν τῇ ἐρήμῳ τοῦ Σεινά· καθὰ συνέταξεν Κύριος τῷ Μωυσῇ, οὕτως ἐποίησαν οἱ υἱοὶ Ἰσραήλ.",21,ܘܥܒܕܘ ܦܨܚܐ ܒܐܪ̈ܒܥܣܪܐ ܒܝܪܚܐ ܩܕܡܝܐ ܒܝܬ ܪ̈ܡܫܐ. ܒܡܕܒܪܐ ܕܣܝܢܝ. ܐܝܟ ܕܦܩܕ ܡܪܝܐ ܠܡܘܫܐ. ܗܟܢܐ ܥܒܕܘ ܒܢ̈ܝ ܐܝܣܪܝܠ.,17,"Então celebraram a páscoa no dia catorze do primeiro mês, à tardinha, no deserto de Sinai; conforme tudo o que o Senhor ordenara a Moisés, assim fizeram os filhos de Israel.",31,True,True,True
9,6,Números 9:6,וַיְהִ֣י אֲנָשִׁ֗ים אֲשֶׁ֨ר הָי֤וּ טְמֵאִים֙ לְנֶ֣פֶשׁ אָדָ֔ם וְלֹא־ יָכְל֥וּ לַעֲשֹׂת־ הַפֶּ֖סַח בַּיּ֣וֹם הַה֑וּא וַֽיִּקְרְב֞וּ לִפְנֵ֥י מֹשֶׁ֛ה וְלִפְנֵ֥י אַהֲרֹ֖ן בַּיּ֥וֹם הַהֽוּא ׃,ויהי אנשימ אשר היו טמאימ לנפש אדמ ולא יכלו לעשת הפסח ביומ ההוא ויקרבו לפני משה ולפני אהרנ ביומ ההוא,21,והוו גבריא די הוו מסאבין לטמי נפשא דאנשא ולא יכילו למעבד פסחא ביומא ההוא וקריבו קדם משה וקדם אהרן ביומא ההוא:,21,"Καὶ παρεγένοντο οἱ ἄνδρες οἳ ἦσαν ἀκάθαρτοι ἐπὶ ψυχῇ ἀνθρώπου καὶ οὐκ ἠδύναντο ποιῆσαι τὸ πάσχα ἐν τῇ ἡμέρᾳ ἐκείνῃ, καὶ προσῆλθον ἐναντίον Μωυσῆ καὶ Ἀαρὼν ἐν ἐκείνῃ τῇ ἡμέρᾳ·",30,ܘܓܒܪ̈ܐ ܕܛܡܐܝܢ ܗܘܘ ܒܢܦܫܐ ܕܐܢܫܐ. ܠܐ ܐܫܟܚܘ ܠܡܥܒܕ ܦܨܚܐ ܒܝܘܡܐ ܗ̇ܘ. ܘܩܪܒܘ ܩܕܡ ܡܘܫܐ ܘܩܕܡ ܐܗܪܘܢ ܒܝܘܡܐ ܗ̇ܘ.,18,"Ora, havia alguns que se achavam imundos por terem tocado o cadáver de um homem, de modo que não podiam celebrar a páscoa naquele dia; pelo que no mesmo dia se chegaram perante Moisés e Arão;",36,True,True,True
9,7,Números 9:7,וַ֠יֹּאמְרוּ הָאֲנָשִׁ֤ים הָהֵ֨מָּה֙ אֵלָ֔יו אֲנַ֥חְנוּ טְמֵאִ֖ים לְנֶ֣פֶשׁ אָדָ֑ם לָ֣מָּה נִגָּרַ֗ע לְבִלְתִּ֨י הַקְרִ֜ב אֶת־ קָרְבַּ֤ן יְהוָה֙ בְּמֹ֣עֲד֔וֹ בְּת֖וֹךְ בְּנֵ֥י יִשְׂרָאֵֽל ׃,ויאמרו האנשימ ההמה אליו אנחנו טמאימ לנפש אדמ למה נגרע לבלתי הקרב את קרבנ יהוה במעדו בתוכ בני ישראל,20,ואמרו גבריא האנון ליה אנחנא מסאבין לטמי נפשא דאנשא למא נתמנע בדיל דלא לקרבא ית קרבנא דיי בזמניה בגו בני ישראל:,21,καὶ εἶπαν οἱ ἄνδρες ἐκεῖνοι πρὸς αὐτόν Ἡμεῖς ἀκάθαρτοι ἐπὶ ψυχῇ ἀνθρώπου· μὴ οὖν ὑστερήσωμεν προσενέγκαι τὸ δῶρον Κυρίῳ κατὰ καιρὸν αὐτοῦ ἐν μέσῳ υἱῶν Ἰσραήλ;,26,ܘܐ̇ܡܪܝܢ ܠܗܘܢ ܗ̇ܢܘܢ ܓܒܪ̈ܐ. ܚܢܢ ܛܡܐܝܢܢ ܒܢܦܫܐ ܕܐܢܫܐ . ܠܡܢܐ ܡܬܟܠܝܢܢ ܘܠܐ ܡܩܪܒܝܢܢ ܩܘܪܒܢܗ ܕܡܪܝܐ ܒܙܒܢܗ ܒܝܢܬ ܒܢ̈ܝ ܐܝܣܪܝܠ.,19,e aqueles homens disseram-lhes: Estamos imundos por havermos tocado o cadáver de um homem; por que seríamos privados de oferecer a oferta do Senhor a seu tempo determinado no meio dos filhos de Israel?,34,True,True,True
9,8,Números 9:8,וַיֹּ֥אמֶר אֲלֵהֶ֖ם מֹשֶׁ֑ה עִמְד֣וּ וְאֶשְׁמְעָ֔ה מַה־ יְצַוֶּ֥ה יְהוָ֖ה לָכֶֽם ׃ פ,ויאמר אלהמ משה עמדו ואשמעה מה יצוה יהוה לכמ פ,11,ואמר להון משה אוריכו עד דאשמע מה דאתפקד קדם יי על די לכון:,13,"καὶ εἶπεν Μωυσῆς πρὸς αὐτούς Στῆτε αὐτοῦ, καὶ ἀκούσομαι τί ἐντελεῖται Κύριος περὶ ὑμῶν.",14,ܘܐܡܪ ܠܗܘܢ ܡܘܫܐ. ܩܘܡܘ ܥܠ ܕܘܟܬܟܘܢ. ܘܐܫܡܥ ܡܢܐ ܦ̇ܩܕ ܡܪܝܐ ܥܠܝܟܘܢ.,11,"Respondeu-lhes Moisés: Esperai, para que eu ouça o que o Senhor há de ordenar acerca de vós.",17,True,True,True
9,9,Números 9:9,וַיְדַבֵּ֥ר יְהוָ֖ה אֶל־ מֹשֶׁ֥ה לֵּאמֹֽר ׃,וידבר יהוה אל משה לאמר,6,ומליל יי עם משה למימר:,5,Καὶ ἐλάλησεν Κύριος πρὸς Μωυσῆν λέγων,6,ܘܡܠܠ ܡܪܝܐ ܥܡ ܡܘܫܐ ܘܐܡܪ ܠܗ.,6,Então disse o Senhor a Moisés:,6,True,True,True
9,10,Números 9:10,דַּבֵּ֛ר אֶל־ בְּנֵ֥י יִשְׂרָאֵ֖ל לֵאמֹ֑ר אִ֣ישׁ אִ֣ישׁ כִּי־ יִהְיֶֽה־ טָמֵ֣א ׀ לָנֶ֡פֶשׁ אוֹ֩ בְדֶ֨רֶךְ רְחֹקָ֜הׄ לָכֶ֗ם א֚וֹ לְדֹרֹ֣תֵיכֶ֔ם וְעָ֥שָׂה פֶ֖סַח לַיהוָֽה ׃,דבר אל בני ישראל לאמר איש איש כי יהיה טמא לנפש או בדרכ רחקה לכמ או לדרתיכמ ועשה פסח ליהוה,22,מלל עם בני ישראל למימר גבר גבר ארי יהי מסאב לטמי נפשא דאנשא או בארחא רחיקא לכון או לדריכון ויעבד פסחא קדם יי:,23,"Λάλησον τοῖς υἱοῖς Ἰσραὴλ λέγων Ἄνθρωπος ἄνθρωπος ὃς ἐὰν γένηται ἀκάθαρτος ἐπὶ ψυχῇ ἀνθρώπου, ἢ ἐν ὁδῷ μακρὰν ὑμῖν ἢ ἐν ταῖς γενεαῖς ὑμῶν, καὶ ποιήσει τὸ πάσχα Κυρίῳ·",29,ܡܠܠ ܥܡ ܒܢ̈ܝ ܐܝܣܪܝܠ ܘܐܡܪ ܠܗܘܢ. ܓܒܪ ܓܒܪ ܟܕ ܢܗܘܐ ܛܡܐ ܒܢܦܫܐ. ܐܘ ܒܐܘܪܚܐ ܗܘ ܪܚܝܩܬܐ ܐܘ ܒܕܪ̈ܝܟܘܢ. ܢܥܒܕ ܦܨܚܐ ܠܡܪܝܐ.,21,"Fala aos filhos de Israel, dizendo: Se alguém dentre vós, ou dentre os vossos descendentes estiver imundo por ter tocado um cadáver, ou achar-se longe, em viagem, contudo ainda celebrará a páscoa ao Senhor.",34,True,True,True
9,11,Números 9:11,בַּחֹ֨דֶשׁ הַשֵּׁנִ֜י בְּאַרְבָּעָ֨ה עָשָׂ֥ר י֛וֹם בֵּ֥ין הָעַרְבַּ֖יִם יַעֲשׂ֣וּ אֹת֑וֹ עַל־ מַצּ֥וֹת וּמְרֹרִ֖ים יֹאכְלֻֽהוּ ׃,בחדש השני בארבעה עשר יומ בינ הערבימ יעשו אתו על מצות ומררימ יאכלהו,14,בירחא תנינא בארבעת עשרא יומא בין שמשיא יעבדון יתיה על פטיר ומררין ייכלניה:,13,"ἐν τῷ μηνὶ τῷ δευτέρῳ ἐν τῇ τεσσαρεσκαιδεκάτῃ ἡμέρᾳ τὸ πρὸς ἑσπέραν ποιήσουσιν αὐτό. ἐπ᾽ ἀζύμων καὶ πικρίδων φάγονται αὐτό,",20,ܒܐܪ̈ܒܥܣܪܐ ܒܝܪܚܐ ܕܬܪ̈ܝܢ. ܒܝܬ ܪ̈ܡܫܐ ܢܥܒܕܘܢܗ. ܥܠ ܦܛܝܪܐ ܘܡܪܪܐ ܢܐܟܠܘܢܗ.,10,"No segundo mês, no dia: catorze, à tardinha, a celebrarão; comê-la-ão com pães ázimos e ervas amargas.",17,True,True,True
9,12,Números 9:12,לֹֽא־ יַשְׁאִ֤ירוּ מִמֶּ֨נּוּ֙ עַד־ בֹּ֔קֶר וְעֶ֖צֶם לֹ֣א יִשְׁבְּרוּ־ ב֑וֹ כְּכָל־ חֻקַּ֥ת הַפֶּ֖סַח יַעֲשׂ֥וּ אֹתֽוֹ ׃,לא ישאירו ממנו עד בקר ועצמ לא ישברו בו ככל חקת הפסח יעשו אתו,15,לא ישארון מניה עד צפרא וגרמא לא יתברון ביה ככל גזרת פסחא יעבדון יתיה:,14,"οὐ καταλείψουσιν ἀπ᾽ αὐτοῦ εἰς τὸ πρωί, καὶ ὀστοῦν οὐ συντρίψουσιν ἀπ᾽ αὐτοῦ· κατὰ τὸν νόμον τοῦ πάσχα ποιήσουσιν αὐτό.",20,ܘܠܐ ܢܘܬܪܘܢ ܡܢܗ ܠܨܦܪܐ. ܘܓܪܡܐ ܠܐ ܢܬܒܪܘܢ ܒܗ. ܐܝܟ ܟܠܗ ܦܘܩܕܢܐ ܕܦܨܚܐ ܢܥܒܕܘܢܗ.,13,"Dela não deixarão nada até pela manhã, nem quebrarão dela osso algum; segundo todo o estatuto da páscoa a celebrarão.",20,True,True,True
9,13,Números 9:13,וְהָאִישׁ֩ אֲשֶׁר־ ה֨וּא טָה֜וֹר וּבְדֶ֣רֶךְ לֹא־ הָיָ֗ה וְחָדַל֙ לַעֲשׂ֣וֹת הַפֶּ֔סַח וְנִכְרְתָ֛ה הַנֶּ֥פֶשׁ הַהִ֖וא מֵֽעַמֶּ֑יהָ כִּ֣י ׀ קָרְבַּ֣ן יְהוָ֗ה לֹ֤א הִקְרִיב֙ בְּמֹ֣עֲד֔וֹ חֶטְא֥וֹ יִשָּׂ֖א הָאִ֥ישׁ הַהֽוּא ׃,והאיש אשר הוא טהור ובדרכ לא היה וחדל לעשות הפסח ונכרתה הנפש ההוא מעמיה כי קרבנ יהוה לא הקריב במעדו חטאו ישא האיש ההוא,26,וגברא דהוא דכי ובארח לא הוה ויתמנע למעבד פסחא וישתצי אנשא ההיא מעמה ארי קרבנא דיי לא קריב בזמניה חוביה יקבל גברא ההוא:,23,"καὶ ἄνθρωπος ὃς ἐὰν καθαρὸς ᾖ καὶ ἐν ὁδῷ μακρᾷ οὐκ ἔστιν καὶ ὑστερήσῃ ποιῆσαι τὸ πάσχα, ἐξολεθρευθήσεται ἡ ψυχὴ ἐκείνη ἐκ τοῦ λαοῦ αὐτῆς· ὅτι τὸ δῶρον Κυρίῳ οὐ προσήνεγκεν κατὰ τὸν καιρὸν αὐτοῦ, ἁμαρτίαν αὐτοῦ λήμψεται ὁ ἄνθρωπος ἐκεῖνος.",41,ܘܓܒܪܐ ܕܕܟܐ ܗܘ ܘܠܐ ܗܘܐ ܒܐܘܪܚܐ. ܘܠܐ ܥܒܕ ܦܨܚܐ ܒܙܒܢܗ . ܬܐܒܕ ܢܦܫܐ ܗ̇ܝ ܡܢ ܥܡܗ̇. ܥܠ ܕܠܐ ܩܪܒ ܩܘܪܒܢܗ ܕܡܪܝܐ ܒܙܒܢܗ. ܚܛܗܐ ܢܩܒܠ ܓܒܪܐ ܗ̇ܘ.,26,"Mas o homem que, estando limpo e não se achando em viagem, deixar de celebrar a páscoa, essa alma será extirpada do seu povo; porquanto não ofereceu a oferta do Senhor a seu tempo determinado, tal homem levará o seu pecado.",41,True,True,True
9,14,Números 9:14,וְכִֽי־ יָג֨וּר אִתְּכֶ֜ם גֵּ֗ר וְעָ֤שָֽׂה פֶ֨סַח֙ לַֽיהוָ֔ה כְּחֻקַּ֥ת הַפֶּ֛סַח וּכְמִשְׁפָּט֖וֹ כֵּ֣ן יַעֲשֶׂ֑ה חֻקָּ֤ה אַחַת֙ יִהְיֶ֣ה לָכֶ֔ם וְלַגֵּ֖ר וּלְאֶזְרַ֥ח הָאָֽרֶץ ׃ פ,וכי יגור אתכמ גר ועשה פסח ליהוה כחקת הפסח וכמשפטו כנ יעשה חקה אחת יהיה לכמ ולגר ולאזרח הארצ פ,21,וארי יתגיר עמכון גיורא ויעבד פסחא קדם יי כגזרת פסחא וכדחזי ליה כן יעבד קימא חד יהי לכון ולגיורא וליציבא דארעא:,21,"ἐὰν δὲ προσέλθῃ πρὸς ὑμᾶς προσήλυτος ἐν τῇ γῇ ὑμῶν καὶ ποιήσει τὸ πάσχα Κυρίῳ, κατὰ τὸν νόμον τοῦ πάσχα καὶ κατὰ τὴν σύνταξιν αὐτοῦ ποιήσει αὐτό· νόμος εἷς ἔσται ὑμῖν καὶ τῷ προσηλύτῳ καὶ τῷ αὐτόχθονι τῆς γῆς.",39,ܘܟܕ ܢܥܡܪ ܥܡܟܘܢ ܐܝܢܐ ܕܡܬܦܢܐ ܠܘܬܝ. ܘܢܥܒܕ ܦܨܚܐ ܠܡܪܝܐ. ܐܝܟ ܦܘܩܕܢܐ ܕܦܨܚܐ ܘܐܝܟ ܕܝܢ̈ܘܗܝ. ܗܟܢܐ ܢܥܒܕ. ܢܡܘܣܐ ܚܕ ܢܗܘܐ ܠܟܘܢ. ܘܠܐܝܢܐ ܕܡܬܦܢܐ ܠܘܬܝ ܘܠܥܡܘܪ̈ܐ ܕܐܪܥܐ.,25,"Também se um estrangeiro peregrinar entre vós e celebrar a páscoa ao Senhor, segundo o estatuto da páscoa e segundo a sua ordenança a celebrará; haverá um só estatuto, quer para o estrangeiro, quer para o natural da terra.",39,True,True,True
9,15,Números 9:15,וּבְיוֹם֙ הָקִ֣ים אֶת־ הַמִּשְׁכָּ֔ן כִּסָּ֤ה הֶֽעָנָן֙ אֶת־ הַמִּשְׁכָּ֔ן לְאֹ֖הֶל הָעֵדֻ֑ת וּבָעֶ֜רֶב יִהְיֶ֧ה עַֽל־ הַמִּשְׁכָּ֛ן כְּמַרְאֵה־ אֵ֖שׁ עַד־ בֹּֽקֶר ׃,וביומ הקימ את המשכנ כסה העננ את המשכנ לאהל העדת ובערב יהיה על המשכנ כמראה אש עד בקר,19,וביומא דאתקם ית משכנא חפא עננא ית משכנא למשכנא דסהדותא וברמשא הוה על משכנא כחזו אשתא עד צפרא:,18,"Καὶ τῇ ἡμέρᾳ ᾗ ἐστάθη ἡ σκηνὴ ἐκάλυψεν ἡ νεφέλη τὴν σκηνήν, τὸν οἶκον τοῦ μαρτυρίου· καὶ τὸ ἑσπέρας ἦν ἐπὶ τῆς σκηνῆς ὡς εἶδος πυρὸς ἕως πρωί.",28,ܘܒܝܘܡܐ ܕܩܡ ܡܫܟܢܐ. ܟܣܝܬ ܥܢܢܐ ܠܡܫܟܢܙܒܢܐ . ܘܠܐ̈ܦܝ ܬܪܥܐ ܕܣܗܕܘܬܐ . ܘܒܪܡܫܐ ܗ̇ܘܐ ܗܘܐ ܥܠ ܡܫܟܢܐ. ܐܝܟ ܚܙܘܐ ܕܢܘܪܐ ܥܕܡܐ ܠܨܦܪܐ.,21,"No dia em que foi levantado o tabernáculo, a nuvem cobriu o tabernáculo, isto é, a própria tenda do testemunho; e desde a tarde até pela manhã havia sobre o tabernáculo uma aparência de fogo.",35,True,True,True
9,16,Números 9:16,כֵּ֚ן יִהְיֶ֣ה תָמִ֔יד הֶעָנָ֖ן יְכַסֶּ֑נּוּ וּמַרְאֵה־ אֵ֖שׁ לָֽיְלָה ׃,כנ יהיה תמיד העננ יכסנו ומראה אש לילה,9,כן הוה תדירא עננא חפי ליה וחזו אשתא בליליא:,9,"οὕτως ἐγίνετο διὰ παντός, ἡ νεφέλη ἐκάλυπτεν αὐτὴν ἡμέρας καὶ εἶδος πυρὸς τὴν νύκτα.",14,ܗܟܢܐ ܗ̇ܘܐ ܗܘܐ ܐܡܝܢܐܝܬ. ܘܥܢܢܐ ܡܟܣܝܐ ܗܘܬ ܠܗ ܒܐܝܡܡܐ. ܘܚܙܘܐ ܕܢܘܪܐ ܒܠܠܝܐ.,12,"Assim acontecia de contínuo: a nuvem o cobria, e de noite havia aparência de fogo.",15,True,True,True
9,17,Números 9:17,וּלְפִ֞י הֵעָלֹ֤ת הֶֽעָנָן֙ מֵעַ֣ל הָאֹ֔הֶל וְאַ֣חֲרֵי־ כֵ֔ן יִסְע֖וּ בְּנֵ֣י יִשְׂרָאֵ֑ל וּבִמְק֗וֹם אֲשֶׁ֤ר יִשְׁכָּן־ שָׁם֙ הֶֽעָנָ֔ן שָׁ֥ם יַחֲנ֖וּ בְּנֵ֥י יִשְׂרָאֵֽל ׃,ולפי העלת העננ מעל האהל ואחרי כנ יסעו בני ישראל ובמקומ אשר ישכנ שמ העננ שמ יחנו בני ישראל,20,ולפום אסתלקות עננא מעלוי משכנא ובתר כן נטלין בני ישראל ובאתרא דשרי תמן עננא תמן שרן בני ישראל:,18,"καὶ ἡνίκα ἀνέβη ἡ νεφέλη ἀπὸ τῆς σκηνῆς, καὶ μετὰ ταῦτα ἀπῆραν οἱ υἱοὶ Ἰσραήλ. καὶ ἐν τῷ τόπῳ οὗ ἂν ἔστη ἡ νεφέλη, ἐκεῖ παρενέβαλον οἱ υἱοὶ Ἰσραήλ.",29,ܘܐܡܬܝ ܕܣ̇ܠܩܐ ܥܢܢܐ ܡܢ ܡܫܟܢܐ. ܒܬܪܟܢ ܫ̇ܩܠܝܢ ܒܢ̈ܝ ܐܝܣܪܝܠ. ܘܒܐܬܪܐ ܕܫ̇ܪܝܐ ܒܗ ܥܢܢܐ ܬܡܢ ܫ̇ܪܝܢ ܒܢ̈ܝ ܐܝܣܪܝܠ.,17,"Mas sempre que a nuvem se alçava de sobre a tenda, os filhos de Israel partiam; e no lugar em que a nuvem parava, ali os filhos de Israel se acampavam.",31,True,True,True
9,18,Números 9:18,עַל־ פִּ֣י יְהוָ֗ה יִסְעוּ֙ בְּנֵ֣י יִשְׂרָאֵ֔ל וְעַל־ פִּ֥י יְהוָ֖ה יַחֲנ֑וּ כָּל־ יְמֵ֗י אֲשֶׁ֨ר יִשְׁכֹּ֧ן הֶעָנָ֛ן עַל־ הַמִּשְׁכָּ֖ן יַחֲנֽוּ ׃,על פי יהוה יסעו בני ישראל ועל פי יהוה יחנו כל ימי אשר ישכנ העננ על המשכנ יחנו,19,על מימרא דיי נטלין בני ישראל ועל מימרא דיי שרן כל יומי די שרי עננא על משכנא שרן:,18,"διὰ προστάγματος Κυρίου παρεμβαλοῦσιν οἱ υἱοὶ Ἰσραήλ, διὰ προστάγματος Κυρίου ἀπαροῦσιν· πάσας τὰς ἡμέρας ἐν αἷς σκιάζει ἡ νεφέλη ἐπὶ τῆς σκηνῆς, παρεμβαλοῦσιν οἱ υἱοὶ Ἰσραήλ.",26,ܒܡܠܬ ܦܘܡܗ ܕܡܪܝܐ ܫ̇ܩܠܝܢ ܒܢ̈ܝ ܐܝܣܪܝܠ. ܘܒܡܠܬ ܦܘܡܗ ܕܡܪܝܐ ܫ̇ܪܝܢ. ܟܠܗܘܢ ܝܘܡ̈ܬܐ ܕܫ̇ܪܝܐ ܥܢܢܐ ܥܠ ܡܫܟܢܐ ܫ̇ܪܝܢ .,18,"À ordem do Senhor os filhos de Israel partiam, e à ordem do Senhor se acampavam; por todos os dias em que a nuvem parava sobre o tabernáculo eles ficavam acampados.",31,True,True,True
9,19,Números 9:19,וּבְהַאֲרִ֧יךְ הֶֽעָנָ֛ן עַל־ הַמִּשְׁכָּ֖ן יָמִ֣ים רַבִּ֑ים וְשָׁמְר֧וּ בְנֵי־ יִשְׂרָאֵ֛ל אֶת־ מִשְׁמֶ֥רֶת יְהוָ֖ה וְלֹ֥א יִסָּֽעוּ ׃,ובהאריכ העננ על המשכנ ימימ רבימ ושמרו בני ישראל את משמרת יהוה ולא יסעו,15,ובאורכות עננא על משכנא יומין סגיאין ויטרון בני ישראל ית מטרת מימרא דיי ולא נטלין:,15,"καὶ ὅταν ἐφέλκηται ἡ νεφέλη ἐπὶ τῆς σκηνῆς ἡμέρας πλείους, καὶ φυλάξονται οἱ υἱοὶ Ἰσραὴλ τὴν φυλακὴν τοῦ θεοῦ καὶ οὐ μὴ ἐξάρωσιν·",23,ܘܡܐ ܕܡܓܪܐ ܥܢܢܐ ܥܠ ܡܫܟܢܐ ܝܘܡ̈ܬܐ ܣ̈ܓܝܐܐ. ܢ̇ܛܪܝܢ ܒܢ̈ܝ ܐܝܣܪܐܝܠ ܡܛܪܬܗ ܕܡܪܝܐ ܘܠܐ ܫ̇ܩܠܝܢ.,14,"E, quando a nuvem se detinha sobre o tabernáculo muitos dias, os filhos de Israel cumpriam o mandado do Senhor, e não partiam.",23,True,True,True
9,20,Números 9:20,וְיֵ֞שׁ אֲשֶׁ֨ר יִהְיֶ֧ה הֶֽעָנָ֛ן יָמִ֥ים מִסְפָּ֖ר עַל־ הַמִּשְׁכָּ֑ן עַל־ פִּ֤י יְהוָה֙ יַחֲנ֔וּ וְעַל־ פִּ֥י יְהוָ֖ה יִסָּֽעוּ ׃,ויש אשר יהיה העננ ימימ מספר על המשכנ על פי יהוה יחנו ועל פי יהוה יסעו,17,ואית די הוה עננא יומי דמנין על משכנא על מימרא דיי שרן ועל מימרא דיי נטלין:,16,"καὶ ἔσται ὅταν σκεπάσῃ ἡ νεφέλη ἡμέρας ἀριθμῷ ἐπὶ τῆς σκηνῆς, διὰ φωνῆς Κυρίου παρεμβαλοῦσιν καὶ διὰ προστάγματος Κυρίου ἀπαροῦσιν.",20,ܘܐܝܬ ܙܒܢܐ ܕܗ̇ܘܝܐ ܥܢܢܐ ܝܘܡ̈ܬܐ ܕܡܟܝܟܐ ܥܠ ܡܫܟܢܐ. ܒܡܠܬ ܦܘܡܗ ܕܡܪܝܐ ܫ̇ܪܝܢ. ܘܒܡܠܬ ܦܘܡܗ ܕܡܪܝܐ ܫ̇ܩܠܝܢ.,16,"Às vezes a nuvem ficava poucos dias sobre o tabernáculo; então à ordem do Senhor permaneciam acampados, e à ordem do Senhor partiam.",23,True,True,True
9,21,Números 9:21,וְיֵ֞שׁ אֲשֶׁר־ יִהְיֶ֤ה הֶֽעָנָן֙ מֵעֶ֣רֶב עַד־ בֹּ֔קֶר וְנַעֲלָ֧ה הֶֽעָנָ֛ן בַּבֹּ֖קֶר וְנָסָ֑עוּ א֚וֹ יוֹמָ֣ם וָלַ֔יְלָה וְנַעֲלָ֥ה הֶעָנָ֖ן וְנָסָֽעוּ ׃,ויש אשר יהיה העננ מערב עד בקר ונעלה העננ בבקר ונסעו או יוממ ולילה ונעלה העננ ונסעו,18,ואית די הוה עננא מרמשא עד צפרא ומסתלק עננא בצפרא ונטלין או ימם ולילי ומסתלק עננא ונטלין:,17,"καὶ ἔσται ὅταν γένηται ἡ νεφέλη ἀφ᾽ ἑσπέρας ἕως πρωί, καὶ ἀναβῇ ἡ νεφέλη τὸ πρωί, καὶ ἀπαροῦσιν, ἡμέρας ἢ νυκτός.",21,ܘܐܝܬ ܙܒܢܐ ܕܗ̇ܘܝܐ ܥܢܢܐ ܥܠ ܡܫܟܢܐ . ܡܢ ܪܡܫܐ ܘܥܕܡܐ ܠܨܦܪܐ . ܘܣ̇ܠܩܐ ܥܢܢܐ ܒܨܦܪܐ. ܘܫܩܠܝܢ ܐܘ ܐܝܡܡܐ ܐܘ ܠܠܝܐ. ܣܠ̇ܩܐ ܥܢܢܐ ܘܫ̇ܩܠܝܢ.,23,"Outras vezes ficava a nuvem desde a tarde até pela manhã; e quando pela manhã a nuvem se alçava, eles partiam; ou de dia ou de noite, alçando-se a nuvem, partiam.",31,True,True,True
9,22,Números 9:22,אֽוֹ־ יֹמַ֜יִם אוֹ־ חֹ֣דֶשׁ אוֹ־ יָמִ֗ים בְּהַאֲרִ֨יךְ הֶעָנָ֤ן עַל־ הַמִּשְׁכָּן֙ לִשְׁכֹּ֣ן עָלָ֔יו יַחֲנ֥וּ בְנֵֽי־ יִשְׂרָאֵ֖ל וְלֹ֣א יִסָּ֑עוּ וּבְהֵעָלֹת֖וֹ יִסָּֽעוּ ׃,או ימימ או חדש או ימימ בהאריכ העננ על המשכנ לשכנ עליו יחנו בני ישראל ולא יסעו ובהעלתו יסעו,20,או תרין יומין או ירחא או עדן בעדן באורכות עננא על משכנא למשרי עלוהי שרן בני ישראל ולא נטלין ובאסתלקותיה נטלין:,21,"μηνός, ἡμέρας, πλεοναζούσης τῆς νεφέλης σκιαζούσης ἐπ᾽ αὐτῆς, παρεμβαλοῦσιν οἱ υἱοὶ Ἰσραὴλ καὶ οὐ μὴ ἀπάρωσιν.",16,ܐܘ ܝܘܡ̈ܬܐ ܐܘ ܝܪ̈ܚܐ. ܐܘ ܥܕܢ ܒܥܕܢ. ܟܡܐ ܕܡܓܪܐ ܥܢܢܐ ܠܡܫܪܐ ܥܠ ܡܫܟܢܐ. ܗܟܢܐ ܫ̇ܪܝܢ ܒܢ̈ܝ ܐܝܣܪܝܠ ܘܠܐ ܫ̇ܩܠܝܢ. ܘܡܐ ܕܣܠܩܬ ܥܢܢܐ ܫ̇ܩܠܝܢ.,23,"Quer fosse por dois dias, quer por um mês, quer por mais tempo, que a nuvem se detinha sobre o tabernáculo, enquanto ficava sobre ele os filhos de Israel permaneciam acampados, e não partiam; mas, alçando-se ela, eles partiam.",39,True,True,True
9,23,Números 9:23,עַל־ פִּ֤י יְהוָה֙ יַחֲנ֔וּ וְעַל־ פִּ֥י יְהוָ֖ה יִסָּ֑עוּ אֶת־ מִשְׁמֶ֤רֶת יְהוָה֙ שָׁמָ֔רוּ עַל־ פִּ֥י יְהוָ֖ה בְּיַד־ מֹשֶֽׁה ׃ פ,על פי יהוה יחנו ועל פי יהוה יסעו את משמרת יהוה שמרו על פי יהוה ביד משה פ,19,על מימרא דיי שרן ועל מימרא דיי נטלין ית מטרת מימרא דיי נטרין על מימרא דיי בידא דמשה:,18,"ὅτι διὰ προστάγματος Κυρίου ἀπαροῦσιν, τὴν φυλακὴν Κυρίου ἣν ἐφυλάξαντο διὰ προστάγματος Κυρίου ἐν χειρὶ Μωυσῆ.",16,ܒܡܠܬ ܦܘܡܗ ܕܡܪܝܐ ܫ̇ܪܝܢ. ܘܒܡܠܬ ܦܘܡܗ ܕܡܪܝܐ ܫ̇ܩܠܝܢ. ܘܡܛܪܬܗ ܕܡܪܝܐ ܢ̇ܛܪܝܢ. ܐܝܟ ܡܠܬ ܦܘܡܗ ܕܡܪܝܐ ܒܐܝܕܐ ܕܡܘܫܐ.,17,"À ordem do Senhor se acampavam, e à ordem do Senhor partiam; cumpriam o mandado do Senhor, que ele lhes dera por intermédio de Moisés.",25,True,True,True
10,1,Números 10:1,וַיְדַבֵּ֥ר יְהוָ֖ה אֶל־ מֹשֶׁ֥ה לֵּאמֹֽר ׃,וידבר יהוה אל משה לאמר,6,ומליל יי עם משה למימר:,5,Καὶ ἐλάλησεν Κύριος πρὸς Μωυσῆν λέγων,6,ܘܡܠܠ ܡܪܝܐ ܥܡ ܡܘܫܐ ܘܐܡܪ ܠܗ.,6,Disse mais o Senhor a Moisés:,6,True,True,True
10,2,Números 10:2,עֲשֵׂ֣ה לְךָ֗ שְׁתֵּי֙ חֲצֽוֹצְרֹ֣ת כֶּ֔סֶף מִקְשָׁ֖ה תַּעֲשֶׂ֣ה אֹתָ֑ם וְהָי֤וּ לְךָ֙ לְמִקְרָ֣א הָֽעֵדָ֔ה וּלְמַסַּ֖ע אֶת־ הַֽמַּחֲנֽוֹת ׃,עשה לכ שתי חצוצרת כספ מקשה תעשה אתמ והיו לכ למקרא העדה ולמסע את המחנות,16,עביד לך תרתין חצוצרן דכסף נגיד תעבד יתהון ויהוין לך לערעא כנשתא ולאטלא ית משריתא:,15,"Ποίησον σεαυτῷ δύο σάλπιγγας, ἐλατὰς ἀργυρᾶς ποιήσεις σεαυτῷ· καὶ ἔσονταί σοι ἀνακαλεῖν τὴν συναγωγὴν καὶ ἐξαίρειν τὰς παρεμβολάς.",18,ܥܒܕ ܠܟ ܬܪ̈ܬܝܢ ܩܪ̈ܢܬܐ ܕܣܐܡܐ. ܕܢܣܟܬܐ ܥܒܕ ܐ̈ܢܝܢ. ܘܢܗ̈ܘܝܢ ܠܟ ܠܡܩܪܐ ܟܢܘܫܬܐ. ܘܠܡܫܩܠܘ ܡܫܪ̈ܝܬܐ.,14,"Faze-te duas trombetas de prata; de obra batida as farás, e elas te servirão para convocares a congregação, e para ordenares a partida dos arraiais.",25,True,True,True
10,3,Números 10:3,וְתָקְע֖וּ בָּהֵ֑ן וְנֽוֹעֲד֤וּ אֵלֶ֨יךָ֙ כָּל־ הָ֣עֵדָ֔ה אֶל־ פֶּ֖תַח אֹ֥הֶל מוֹעֵֽד ׃,ותקעו בהנ ונועדו אליכ כל העדה אל פתח אהל מועד,11,ויתקעון בהן ויזדמנון לותך כל כנשתא לתרע משכן זמנא:,9,"καὶ σαλπίσεις ἐν αὐταῖς, καὶ συναχθήσεται πᾶσα ἡ συναγωγὴ ἐπὶ τὴν θύραν τῆς σκηνῆς τοῦ μαρτυρίου·",16,ܘܢܩܪܘܢ ܒܗܝܢ. ܘܢܬܘܥܕܘܢ ܠܘܬܟ ܟܘܠܗ̇ ܟܢܘܫܬܐ ܠܬܪܥܐ ܕܡܫܟܢܙܒܢܐ.,8,"Quando se tocarem as trombetas, toda a congregação se ajuntará a ti à porta da tenda da revelação.",18,True,True,True
10,4,Números 10:4,וְאִם־ בְּאַחַ֖ת יִתְקָ֑עוּ וְנוֹעֲד֤וּ אֵלֶ֨יךָ֙ הַנְּשִׂיאִ֔ים רָאשֵׁ֖י אַלְפֵ֥י יִשְׂרָאֵֽל ׃,ואמ באחת יתקעו ונועדו אליכ הנשיאימ ראשי אלפי ישראל,10,ואם בחדא יתקעון ויזדמנון לותך רברביא רישי אלפיא דישראל:,9,"ἐὰν δὲ ἐν μιᾷ σαλπίσωσιν, προσελεύσονται πρὸς σὲ πάντες οἱ ἄρχοντες, ἀρχηγοὶ Ἰσραήλ.",13,ܘܐܢ ܒܚܕܐ ܢܩܪܘܢ. ܢܬܘܥܕܘܢ ܠܘܬܟ ܪ̈ܘܪܒܢܐ ܘܪ̈ܫܝ ܐ̈ܠܦܐ ܕܐܝܣܪܝܠ.,9,"Mas quando se tocar uma só, a ti se congregarão os príncipes, os cabeças dos milhares de Israel.",18,True,True,True
10,5,Números 10:5,וּתְקַעְתֶּ֖ם תְּרוּעָ֑ה וְנָֽסְעוּ֙ הַֽמַּחֲנ֔וֹת הַחֹנִ֖ים קֵֽדְמָה ׃,ותקעתמ תרועה ונסעו המחנות החנימ קדמה,7,ותתקעון יבבתא ויטלון משריתא דשרן קדומא:,6,"καὶ σαλπιεῖτε σημασίαν, καὶ ἐξαροῦσιν αἱ παρεμβολαὶ αἱ παρεμβαλοῦσαι ἀνατολάς·",10,ܘܢܝܒܒܘܢ ܒܩܪܢܐ. ܘܢܫ̈ܩܠܢ ܡܫܪ̈ܝܬܐ ܕܫܪ̈ܝܢ ܡܢ ܡܕܢܚܐ.,7,"Quando se tocar retinindo, partirão os arraiais que estão acampados da banda do oriente.",14,True,True,True
10,6,Números 10:6,וּתְקַעְתֶּ֤ם תְּרוּעָה֙ שֵׁנִ֔ית וְנָֽסְעוּ֙ הַֽמַּחֲנ֔וֹת הַחֹנִ֖ים תֵּימָ֑נָה תְּרוּעָ֥ה יִתְקְע֖וּ לְמַסְעֵיהֶֽם ׃,ותקעתמ תרועה שנית ונסעו המחנות החנימ תימנה תרועה יתקעו למסעיהמ,11,ותתקעון יבבתא תנינות ויטלון משריתא דשרן דרומא יבבא יתקעון למטלניהון:,10,"καὶ σαλπιεῖτε σημασίαν δευτέραν, καὶ ἐξαροῦσιν αἱ παρεμβολαὶ αἱ παρεμβάλλουσαι λίβα· καὶ σαλπιεῖτε σημασίαν τρίτην, καὶ ἐξαροῦσιν αἱ παρεμβολαὶ αἱ παρεμβάλλουσαι παρὰ θάλασσαν· καὶ σαλπιεῖτε σημασίαν τετάρτην, καὶ ἐξαροῦσιν αἱ παρεμβολαὶ αἱ παρεμβάλλουσαι πρὸς βορρᾶν· σημασίᾳ σαλπιοῦσιν ἐν τῇ ἐξάρσει αὐτῶν.",41,ܘܢܝܒܒܘܢ ܒܩܪܢܐ ܕܬܪ̈ܬܝܢ. ܘܢܫ̈ܩܠܢ ܡܫܪ̈ܝܬܐ. ܕܫܪ̈ܝܢ ܡܢ ܬܝܡܢܐ. ܒܩܪܢܐ ܢܩܪܘܢ ܒܡܫ̈ܩܠܢܝܗܘܢ.,11,"Mas quando se tocar retinindo, pela segunda, vez, partirão os arraiais que estão acampados da banda do sul; para as partidas dos arraiais se tocará retinindo.",26,True,True,True
10,7,Números 10:7,וּבְהַקְהִ֖יל אֶת־ הַקָּהָ֑ל תִּתְקְע֖וּ וְלֹ֥א תָרִֽיעוּ ׃,ובהקהיל את הקהל תתקעו ולא תריעו,7,ובמכנש ית קהלא תתקעון ולא תיבבון:,6,"καὶ ὅταν συναγάγητε τὴν συναγωγήν, σαλπιεῖτε, καὶ οὐ σημασίᾳ.",9,ܘܡܐ ܕܟ̇ܢܫܝܢ ܐܢܬܘܢ ܟܢܘܫܝܐ. ܗܘܝܬܘܢ ܩ̇ܪܝܢ ܘܠܐ ܡܝܒܒܝܢ.,8,"Mas quando se houver de reunir a congregação, tocar-se-á sem retinir:",11,True,True,True
10,8,Números 10:8,וּבְנֵ֤י אַהֲרֹן֙ הַכֹּ֣הֲנִ֔ים יִתְקְע֖וּ בַּֽחֲצֹצְר֑וֹת וְהָי֥וּ לָכֶ֛ם לְחֻקַּ֥ת עוֹלָ֖ם לְדֹרֹתֵיכֶֽם ׃,ובני אהרנ הכהנימ יתקעו בחצצרות והיו לכמ לחקת עולמ לדרתיכמ,11,ובני אהרן כהניא יתקעון בחצוצרתא ויהוין לכון לקים עלם לדריכון:,10,"καὶ οἱ υἱοὶ Ἀαρὼν οἱ ἱερεῖς σαλπιοῦσιν ταῖς σάλπιγξιν, καὶ ἔσται ὑμῖν νόμιμον αἰώνιον εἰς τὰς γενεὰς ὑμῶν.",18,ܘܒܢ̈ܝ ܐܗܪܘܢ ܟܗܢܐ. ܢܩܪܘܢ ܒܩܪ̈ܢܬܐ. ܘܢܗ̈ܘܝܢ ܠܟܘܢ ܢܡܘܣܐ ܠܥܠܡ ܠܕܪ̈ܝܟܘܢ.,10,"Os filhos de Arão, sacerdotes, tocarão as trombetas; e isto vos será por estatuto perpétuo nas vossas gerações.",18,True,True,True
10,9,Números 10:9,וְכִֽי־ תָבֹ֨אוּ מִלְחָמָ֜ה בְּאַרְצְכֶ֗ם עַל־ הַצַּר֙ הַצֹּרֵ֣ר אֶתְכֶ֔ם וַהֲרֵעֹתֶ֖ם בַּחֲצֹצְר֑וֹת וֲנִזְכַּרְתֶּ֗ם לִפְנֵי֙ יְהוָ֣ה אֱלֹֽהֵיכֶ֔ם וְנוֹשַׁעְתֶּ֖ם מֵאֹיְבֵיכֶֽם ׃,וכי תבאו מלחמה בארצכמ על הצר הצרר אתכמ והרעתמ בחצצרות ונזכרתמ לפני יהוה אלהיכמ ונושעתמ מאיביכמ,17,וארי תעלון לאגחא קרבא בארעכון על מעיקי דמעיקין לכון ותיבבון בחצוצרתא וייעול דוכרניכון לטבא קדם יי אלהכון ותתפרקון מסנאיכון:,19,"ἐὰν δὲ ἐξέλθητε εἰς πόλεμον ἐν τῇ γῇ ὑμῶν πρὸς τοὺς ὑπεναντίους τοὺς ἀνθεστηκότας ὑμῖν, καὶ σημανεῖτε ταῖς σάλπιγξιν, καὶ ἀναμνησθήσεσθε ἔναντι Κυρίου, καὶ διασωθήσεσθε ἀπὸ τῶν ἐχθρῶν ὑμῶν.",29,ܘܐܢ ܢܐܬܐ ܩܪܒܐ ܠܐܪܥܟܘܢ ܥܠ ܐ̈ܠܘܨܐ ܕܐ̇ܠܨܝܢ ܠܟܘܢ. ܝܒܒܘ ܒܩܪ̈ܢܬܐ . ܘܬܬܕܟܪܘܢ ܩܕܡ ܡܪܝܐ ܐܠܗܟܘܢ ܘܬܬܦܨܘܢ ܡܢ ܒ̈ܥܠܕܒܒܝܟܘܢ.,18,"Ora, quando na vossa terra sairdes à guerra contra o inimigo que vos estiver oprimindo, fareis retinir as trombetas; e perante o Senhor vosso Deus sereis tidos em memória, e sereis salvos dos vossos inimigos.",35,True,True,True
10,10,Números 10:10,וּבְי֨וֹם שִׂמְחַתְכֶ֥ם וּֽבְמוֹעֲדֵיכֶם֮ וּבְרָאשֵׁ֣י חָדְשֵׁיכֶם֒ וּתְקַעְתֶּ֣ם בַּחֲצֹֽצְרֹ֗ת עַ֚ל עֹלֹ֣תֵיכֶ֔ם וְעַ֖ל זִבְחֵ֣י שַׁלְמֵיכֶ֑ם וְהָי֨וּ לָכֶ֤ם לְזִכָּרוֹן֙ לִפְנֵ֣י אֱלֹֽהֵיכֶ֔ם אֲנִ֖י יְהוָ֥ה אֱלֹהֵיכֶֽם ׃ פ,וביומ שמחתכמ ובמועדיכמ ובראשי חדשיכמ ותקעתמ בחצצרת על עלתיכמ ועל זבחי שלמיכמ והיו לכמ לזכרונ לפני אלהיכמ אני יהוה אלהיכמ פ,22,וביום חדותכון ובמועדיכון וברישי ירחיכון ותתקעון בחצוצרתא על עלותכון ועל נכסת קודשיכון ויהוין לכון לדוכרנא קדם אלהכון אנא יי אלהכון:,20,"καὶ ἐν ταῖς ἡμέραις τῆς εὐφροσύνης ὑμῶν καὶ ἐν ταῖς ἑορταῖς ὑμῶν καὶ ἐν ταῖς νουμηνίαις ὑμῶν σαλπιεῖτε ταῖς σάλπιγξιν ἐπὶ τοῖς ὁλοκαυτώμασιν καὶ ἐπὶ ταῖς θυσίαις τῶν σωτηρίων ὑμῶν, καὶ ἔσται ὑμῖν ἀνάμνησις ἔναντι τοῦ θεοῦ ὑμῶν· ἐγὼ Κύριος ὁ θεὸς ὑμῶν.",43,ܘܒܝܘܡܐ ܕܚܕܘܬܟܘܢ ܘܕܥܕܥ̈ܐܕܝܟܘܢ ܘܕܪܝܫ ܝܪ̈ܚܝܟܘܢ. ܩܪܘ ܒܩܪ̈ܢܬܐ ܥܠ ܝܩ̈ܕܝܟܘܢ ܘܥܠ ܕܒܚܝ̈ܟܘܢ ܫ̈ܠܡܐ. ܘܢܗ̈ܘܝܢ ܠܟܘܢ ܠܕܘܟܪܢܐ ܩܕܡ ܐܠܗܟܘܢ. ܐܢܐ ܐܢܐ ܡܪܝܐ ܐܠܗܟܘܢ .,22,"Semelhantemente, no dia da vossa alegria, nas vossas festas fixas, e nos princípios dos vossos meses, tocareis as trombetas sobre os vossos holocaustos, e sobre os sacrifícios de vossas ofertas pacíficas; e eles vos serão por memorial perante vosso Deus. Eu sou o Senhor vosso Deus.",46,True,True,True
10,11,Números 10:11,וַיְהִ֞י בַּשָּׁנָ֧ה הַשֵּׁנִ֛ית בַּחֹ֥דֶשׁ הַשֵּׁנִ֖י בְּעֶשְׂרִ֣ים בַּחֹ֑דֶשׁ נַעֲלָה֙ הֶֽעָנָ֔ן מֵעַ֖ל מִשְׁכַּ֥ן הָעֵדֻֽת ׃,ויהי בשנה השנית בחדש השני בעשרימ בחדש נעלה העננ מעל משכנ העדת,13,והוה בשתא תניתא בירחא תנינא בעשרין לירחא אסתלק עננא מעלוי משכנא דסהדותא:,12,"Καὶ ἐγένετο ἐν τῷ ἐνιαυτῷ τῷ δευτέρῳ ἐν τῷ μηνὶ τῷ δευτέρῳ εἰκάδι τοῦ μηνὸς ἀνέβη ἡ νεφέλη ἀπὸ τῆς σκηνῆς τοῦ μαρτυρίου,",23,ܘܗܘܐ ܒܫܢܬ ܬܪ̈ܬܝܢ ܒܥܣܪܬܐ ܒܝܪܚܐ ܕܬܪ̈ܝܢ. ܣܠܩܬ ܥܢܢܐ ܡܢ ܡܫܟܢܐ ܕܣܗܕܘܬܐ.,11,"Ora, aconteceu, no segundo ano, no segundo mês, aos vinte do mês, que a nuvem se alçou de sobre o tabernáculo da congregação.",23,True,True,True
10,12,Números 10:12,וַיִּסְע֧וּ בְנֵֽי־ יִשְׂרָאֵ֛ל לְמַסְעֵיהֶ֖ם מִמִּדְבַּ֣ר סִינָ֑י וַיִּשְׁכֹּ֥ן הֶעָנָ֖ן בְּמִדְבַּ֥ר פָּארָֽן ׃,ויסעו בני ישראל למסעיהמ ממדבר סיני וישכנ העננ במדבר פארנ,11,ונטלו בני ישראל למטלניהון ממדברא דסיני ושרא עננא במדברא דפארן:,10,καὶ ἐξῆραν οἱ υἱοὶ Ἰσραὴλ σὺν ἀπαρτίαις αὐτῶν ἐν τῇ ἐρήμῳ Σεινά· καὶ ἔστη ἡ νεφέλη ἐν τῇ ἐρήμῳ τοῦ Φαράν.,21,ܘܫܩܠܘ ܒܢ̈ܝ ܐܝܣܪܐܝܠ ܒܡܫ̈ܩܠܢܝܗܘܢ ܡܢ ܡܕܒܪܐ ܕܣܝܢܝ. ܘܫܪܬ ܥܢܢܐ ܒܡܕܒܪܐ ܕܦܪܢ.,11,"Partiram, pois, os filhos de Israel do deserto de Sinai para as suas jornadas; e a nuvem parou ,no deserto de Parã.",22,True,True,True
10,13,Números 10:13,וַיִּסְע֖וּ בָּרִאשֹׁנָ֑ה עַל־ פִּ֥י יְהוָ֖ה בְּיַד־ מֹשֶֽׁה ׃,ויסעו בראשנה על פי יהוה ביד משה,8,ונטלו בקדמיתא על מימרא דיי בידא דמשה:,7,καὶ ἐξῆραν πρῶτοι διὰ φωνῆς Κυρίου ἐν χειρὶ Μωυσῆ.,9,ܘܫܩܠܘ ܒܩܕܡܝܬܐ. ܒܡܠܬ ܦܘܡܗ ܕܡܪܝܐ ܒܐܝܕܐ ܕܡܘܫܐ.,7,"Assim iniciaram a primeira caminhada, à ordem do Senhor por intermédio de Moisés:",13,True,True,True
10,14,Números 10:14,וַיִּסַּ֞ע דֶּ֣גֶל מַחֲנֵ֧ה בְנֵֽי־ יְהוּדָ֛ה בָּרִאשֹׁנָ֖ה לְצִבְאֹתָ֑ם וְעַל־ צְבָא֔וֹ נַחְשׁ֖וֹן בֶּן־ עַמִּינָדָֽב ׃,ויסע דגל מחנה בני יהודה בראשנה לצבאתמ ועל צבאו נחשונ בנ עמינדב,13,ונטל טקס משרית בני יהודה בקדמיתא לחיליהון ועל חיליה נחשון בר עמינדב:,12,"καὶ ἐξῆραν τάγμα παρεμβολῆς υἱῶν Ἰούδα πρῶτοι σὺν δυνάμει αὐτῶν, καὶ ἐπὶ τῆς δυνάμεως αὐτῶν Ναασσὼν υἱὸς Ἀμειναδάβ·",18,ܘܫܩܠܘ ܠܘܩܕܡ ܛܘܠܩܐ ܕܡܫܪܝܬܐ ܕܒܢ̈ܝ ܝܗܘܕܐ ܠܚܝܠܗܘܢ . ܘܪܒ ܚܝܠܐ ܢܚܫܘܢ ܒܪ ܥܡܝܢܕܒ.,13,"partiu primeiramente o estandarte do arraial dos filhos de Judá segundo os seus exércitos; sobre o seu exército estava Nasom, filho de Aminadabe;",23,True,True,True
10,15,Números 10:15,וְעַ֨ל־ צְבָ֔א מַטֵּ֖ה בְּנֵ֣י יִשָׂשכָ֑ר נְתַנְאֵ֖ל בֶּן־ צוּעָֽר ׃,ועל צבא מטה בני יששכר נתנאל בנ צוער,9,ועל חילא דשבטא דבני יששכר נתנאל בר צוער:,8,καὶ ἐπὶ τῆς δυνάμεως φυλῆς υἱῶν Ἰσσαχὰρ Ναθαναὴλ υἱὸς Σωγάρ.,10,ܘܪܒ ܚܝܠܐ ܕܫܒܛܐ ܕܒܢ̈ܝ ܐܝܣܟܪ ܢܬܢܝܐܝܠ ܒܪ ܨܘܥܪ.,8,"sobre o exército da tribo dos filhos de Issacar, Netanel, filho de Zuar;",13,True,True,True
10,16,Números 10:16,וְעַ֨ל־ צְבָ֔א מַטֵּ֖ה בְּנֵ֣י זְבוּלֻ֑ן אֱלִיאָ֖ב בֶּן־ חֵלֽוֹן ׃,ועל צבא מטה בני זבולנ אליאב בנ חלונ,9,ועל חילא דשבטא דבני זבולן אליאב בר חלון:,8,καὶ ἐπὶ τῆς δυνάμεως φυλῆς υἱῶν Ζαβουλὼν Ἐλιὰβ υἱὸς Χαιλών·,10,ܘܪܒ ܚܝܠܐ ܕܫܒܛܐ ܕܒܢ̈ܝ ܙܒܘܠܘܢ ܐܠܝܒ ܒܪ ܚܠܘܢ.,8,"e sobre o exército da tribo dos filhos de Zebulom, Eliabe, filho de Helom.",14,True,True,True
10,17,Números 10:17,וְהוּרַ֖ד הַמִּשְׁכָּ֑ן וְנָסְע֤וּ בְנֵֽי־ גֵרְשׁוֹן֙ וּבְנֵ֣י מְרָרִ֔י נֹשְׂאֵ֖י הַמִּשְׁכָּֽן ׃ ס,והורד המשכנ ונסעו בני גרשונ ובני מררי נשאי המשכנ ס,11,ומתפרק משכנא ונטלין בני גרשון ובני מררי נטלי משכנא:,9,"καὶ καθελοῦσιν τὴν σκηνὴν καὶ ἐξαροῦσιν οἱ υἱοὶ Γεδσὼν καὶ οἱ υἱοὶ Μεραρεί, αἴροντες τὴν σκηνήν.",16,ܘܐܚܬܘܗܝ ܠܡܫܟܢܐ. ܘܫܩܠܘ ܒܢ̈ܝ ܓܪܫܘܢ ܘܒܢ̈ܝ ܡܪܪܝ. ܫ̈ܩܠܝ ܡܫܟܢܐ.,9,"Então o tabernáculo foi desarmado, e os filhos de Gérson e os filhos de Merári partiram, levando o tabernáculo.",19,True,True,True
10,18,Números 10:18,וְנָסַ֗ע דֶּ֛גֶל מַחֲנֵ֥ה רְאוּבֵ֖ן לְצִבְאֹתָ֑ם וְעַל־ צְבָא֔וֹ אֱלִיצ֖וּר בֶּן־ שְׁדֵיאֽוּר ׃,ונסע דגל מחנה ראובנ לצבאתמ ועל צבאו אליצור בנ שדיאור,11,ונטל טקס משרית ראובן לחיליהון ועל חיליה אליצור בר שדיאור:,10,"Καὶ ἐξῆραν τάγμα παρεμβολῆς Ῥουβὴν σὺν δυνάμει αὐτῶν, καὶ ἐπὶ τῆς δυνάμεως αὐτῶν Ἐλισοὺρ υἱὸς Σεδιούρ·",16,ܘܫܩܠܘ ܛܘܠܩܐ ܕܡܫܪܝܬܐ ܕܪܘܒܝܠ. ܘܚܝܠܗܘܢ . ܘܪܒ ܚܝܠܐ ܐܠܝܨܘܪ ܒܪ ܫܕܐܘܪ.,11,"Depois partiu o estandarte do arraial de Rúben segundo os seus exércitos; sobre o seu exército estava Elizur, filho de Sedeur;",21,True,True,True
10,19,Números 10:19,וְעַ֨ל־ צְבָ֔א מַטֵּ֖ה בְּנֵ֣י שִׁמְע֑וֹן שְׁלֻֽמִיאֵ֖ל בֶּן־ צוּרִֽי שַׁדָּֽי ׃,ועל צבא מטה בני שמעונ שלמיאל בנ צורי שדי,10,ועל חילא דשבטא דבני שמעון שלמיאל בר צורישדי:,8,καὶ ἐπὶ τῆς δυνάμεως φυλῆς υἱῶν Συμεὼν Σαλαμιὴλ υἱὸς Σουρισαδαί·,10,ܘܪܒ ܚܝܠܐ ܕܫܒܛܐ ܕܒܢ̈ܝ ܫܡܥܘܢ. ܫܠܡܘܐܝܠ ܒܪ ܨܘܪܝܫܕܝ.,8,"sobre o exército da tribo dos filhos de Simeão, Selumiel, filho de Zurisadai;",13,True,True,True
10,20,Números 10:20,וְעַל־ צְבָ֖א מַטֵּ֣ה בְנֵי־ גָ֑ד אֶלְיָסָ֖ף בֶּן־ דְּעוּאֵֽל ׃,ועל צבא מטה בני גד אליספ בנ דעואל,9,ועל חילא דשבטא דבני גד אליסף בר דעואל:,8,καὶ ἐπὶ τῆς δυνάμεως φυλῆς υἱῶν Γὰδ Ἐλεισὰφ ὁ τοῦ Ῥαγουήλ.,11,ܘܪܒ ܚܝܠܐ ܕܫܒܛܐ ܕܒܢ̈ܝ ܓܕ ܐܠܝܐܣܦ ܒܪ ܪܥܘܐܝܠ.,8,"e sobre o exército da tribo dos filhos de Gade, Eliasafe, filho de Deuel.",14,True,True,True
10,21,Números 10:21,וְנָסְעוּ֙ הַקְּהָתִ֔ים נֹשְׂאֵ֖י הַמִּקְדָּ֑שׁ וְהֵקִ֥ימוּ אֶת־ הַמִּשְׁכָּ֖ן עַד־ בֹּאָֽם ׃ ס,ונסעו הקהתימ נשאי המקדש והקימו את המשכנ עד באמ ס,11,ונטלין בני קהת נטלי מקדשא ומקימין ית משכנא עד מיתיהון:,10,"καὶ ἐξαροῦσιν οἱ υἱοὶ Καὰθ αἴροντες τὰ ἅγια, καὶ στήσουσιν τὴν σκηνὴν ἕως παραγένωνται.",14,ܘܫ̇ܩܠܝܢ ܒܢ̈ܝ ܩܗܬ ܫ̈ܩܠܝ ܡܫܟܢܐ. ܘܡܩܝܡܝܢ ܠܗ ܠܡܫܟܢܐ ܥܕ ܐ̇ܬܝܢ.,10,"Então partiram os coatitas, levando o santuário; e os outros erigiam o tabernáculo, enquanto estes vinham.",16,True,True,True
10,22,Números 10:22,וְנָסַ֗ע דֶּ֛גֶל מַחֲנֵ֥ה בְנֵֽי־ אֶפְרַ֖יִם לְצִבְאֹתָ֑ם וְעַל־ צְבָא֔וֹ אֱלִישָׁמָ֖ע בֶּן־ עַמִּיהֽוּד ׃,ונסע דגל מחנה בני אפרימ לצבאתמ ועל צבאו אלישמע בנ עמיהוד,12,ונטל טקס משרית בני אפרים לחיליהון ועל חיליה אלישמע בר עמיהוד:,11,Καὶ ἐξαροῦσιν τάγμα παρεμβολῆς Ἐφράιμ σὺν δυνάμει αὐτῶν· ἐπὶ τῆς δυνάμεως αὐτῶν Ἐλισαμὰ υἱὸς Ἐμιούδ·,15,ܘܫܩܠ ܛܘܠܩܐ ܕܡܫܪܝܬܐ ܕܐܦܪܝܡ ܠܚܝܠܗܘܢ. ܘܪܒ ܚܝܠܐ ܐܠܝܫܡܥ ܒܪ ܥܡܝܗܘܕ.,10,"Depois partiu o estandarte do arraial dos filhos de Efraim segundo os seus exércitos; sobre o seu exército estava Elisama, filho de Amiúde;",23,True,True,True
10,23,Números 10:23,וְעַ֨ל־ צְבָ֔א מַטֵּ֖ה בְּנֵ֣י מְנַשֶּׁ֑ה גַּמְלִיאֵ֖ל בֶּן־ פְּדָה־ צֽוּר ׃,ועל צבא מטה בני מנשה גמליאל בנ פדה צור,10,ועל חילא דשבטא דבני מנשה גמליאל בר פדהצור:,8,καὶ ἐπὶ τῆς δυνάμεως φυλῆς υἱῶν Μανασσὴ Γαμαλιὴλ ὁ τοῦ Φαδασσούρ·,11,ܘܪܒ ܚܝܠܐ ܕܫܒܛܐ ܕܡܢܫܐ. ܓܡܠܝܐܝܠ ܒܪ ܦܪܨܘܪ.,7,"sobre o exército da tribo dos filhos de Manassés, Gamaliel, filho de Pedazur;",13,True,True,True
10,24,Números 10:24,וְעַ֨ל־ צְבָ֔א מַטֵּ֖ה בְּנֵ֣י בִנְיָמִ֑ן אֲבִידָ֖ן בֶּן־ גִּדְעוֹנִֽי ׃ ס,ועל צבא מטה בני בנימנ אבידנ בנ גדעוני ס,10,ועל חילא דשבטא דבני בנימן אבידן בר גדעוני:,8,καὶ ἐπὶ τῆς δυνάμεως φυλῆς υἱῶν Βενιαμεὶν Ἀβειδὰν ὁ τοῦ Γαδεωνεί.,11,ܘܪܒ ܚܝܠܐ ܕܫܒܛܐ ܕܒܢܝܡܝܢ. ܐܒܝܕܢ ܒܪ ܓܕܥܘܢܝ.,7,"e sobre o exército da tribo dos filhos de Benjamim, Abidã, filho de Gideôni.",14,True,True,True
10,25,Números 10:25,וְנָסַ֗ע דֶּ֚גֶל מַחֲנֵ֣ה בְנֵי־ דָ֔ן מְאַסֵּ֥ף לְכָל־ הַֽמַּחֲנֹ֖ת לְצִבְאֹתָ֑ם וְעַל־ צְבָא֔וֹ אֲחִיעֶ֖זֶר בֶּן־ עַמִּישַׁדָּֽי ׃,ונסע דגל מחנה בני דנ מאספ לכל המחנת לצבאתמ ועל צבאו אחיעזר בנ עמישדי,15,ונטל טקס משרית בני דן מכניש לכל משריתא לחיליהון ועל חיליה אחיעזר בר עמישדי:,14,"Καὶ ἐξαροῦσιν τάγμα παρεμβολῆς υἱῶν Δὰν ἔσχατοι πασῶν τῶν παρεμβολῶν σὺν δυνάμει αὐτῶν, καὶ ἐπὶ τῆς δυνάμεως αὐτῶν Ἀχιέζερ ὁ τοῦ Ἀμεισαδαί·",22,ܘܫܩܠ ܛܘܠܩܐ ܕܡܫܪܝܬܐ ܕܒܢ̈ܝ ܕܢ. ܘܡܟܢܫ ܠܟܠܗܝܢ ܡܫܪ̈ܝܬܐ. ܘܠܚܝܠܗܘܢ. ܘܪܒ ܚܝܠܐ ܕܫܒܛܐ ܕܒܢ̈ܝ ܕܢ . ܐܚܝܥܙܪ ܒܪ ܥܡܝܫܕܝ.,18,"Então partiu o estandarte do arraial dos filhos de Dã, que era a retaguarda de todos os arraiais, segundo os seus exércitos; sobre o seu exército estava Aiezer, filho de Amisadai;",31,True,True,True
10,26,Números 10:26,וְעַל־ צְבָ֔א מַטֵּ֖ה בְּנֵ֣י אָשֵׁ֑ר פַּגְעִיאֵ֖ל בֶּן־ עָכְרָֽן ׃,ועל צבא מטה בני אשר פגעיאל בנ עכרנ,9,ועל חילא דשבטא דבני אשר פגעיאל בר עכרן:,8,καὶ ἐπὶ τῆς δυνάμεως φυλῆς υἱῶν Ἀσὴρ Φαγαιὴλ υἱὸς Ἐχράν·,10,ܘܪܒ ܚܝܠܐ ܕܫܒܛܐ ܕܐܫܝܪ. ܦܓܥܐܝܠ ܒܪ ܥܟܪܢ.,7,"sobre o exército da tribo dos filhos de Aser, Pagiel, filho de Ocrã;",13,True,True,True
10,27,Números 10:27,וְעַ֨ל־ צְבָ֔א מַטֵּ֖ה בְּנֵ֣י נַפְתָּלִ֑י אֲחִירַ֖ע בֶּן־ עֵינָֽן ׃,ועל צבא מטה בני נפתלי אחירע בנ עיננ,9,ועל חילא דשבטא דבני נפתלי אחירע בר עינן:,8,καὶ ἐπὶ τῆς δυνάμεως φυλῆς υἱῶν Νεφθαλεὶ Ἀχειρὲ υἱὸς Αἰνάν.,10,ܘܪܒ ܚܝܠܐ ܕܫܒܛܐ ܕܢܦܬܠܝ . ܐܚܝܕܥ ܒܪ ܥܝܢܢ.,8,"e sobre o exército da tribo dos filhos de Naftali, Airá, filho de Enã.",14,True,True,True
10,28,Números 10:28,אֵ֛לֶּה מַסְעֵ֥י בְנֵֽי־ יִשְׂרָאֵ֖ל לְצִבְאֹתָ֑ם וַיִּסָּֽעוּ ׃ ס,אלה מסעי בני ישראל לצבאתמ ויסעו ס,8,אלין מטלני בני ישראל לחיליהון ונטלו:,6,"αὗται αἱ στρατιαὶ υἱῶν Ἰσραήλ, καὶ ἐξῆραν σὺν δυνάμει αὐτῶν.",10,ܗܠܝܢ ܡܫ̈ܩܠܢܐ ܕܒܢ̈ܝ ܐܝܣܪܝܠ ܠܚܝ̈ܠܘܬܗܘܢ .,6,"Tal era a ordem de partida dos filhos de Israel segundo os seus exércitos, quando partiam.",16,True,True,True
10,29,Números 10:29,וַיֹּ֣אמֶר מֹשֶׁ֗ה לְ֠חֹבָב בֶּן־ רְעוּאֵ֣ל הַמִּדְיָנִי֮ חֹתֵ֣ן מֹשֶׁה֒ נֹסְעִ֣ים ׀ אֲנַ֗חְנוּ אֶל־ הַמָּקוֹם֙ אֲשֶׁ֣ר אָמַ֣ר יְהוָ֔ה אֹת֖וֹ אֶתֵּ֣ן לָכֶ֑ם לְכָ֤ה אִתָּ֨נוּ֙ וְהֵטַ֣בְנוּ לָ֔ךְ כִּֽי־ יְהוָ֥ה דִּבֶּר־ ט֖וֹב עַל־ יִשְׂרָאֵֽל ׃,ויאמר משה לחבב בנ רעואל המדיני חתנ משה נסעימ אנחנו אל המקומ אשר אמר יהוה אתו אתנ לכמ לכה אתנו והטבנו לכ כי יהוה דבר טוב על ישראל,30,ואמר משה לחבב בר רעואל מדינאה חמוהי דמשה נטלין אנחנא לאתרא די אמר יי יתיה אתן לכון איתא עמנא ונוטיב לך ארי יי מליל לאיתאה טבא על ישראל:,28,"Καὶ εἶπεν Μωυσῆς τῷ Ὀβὰβ υἱῷ Ῥαγουὴλ τῷ Μαδιανείτῃ τῷ γαμβρῷ Μωυσῆ Ἐξαίρομεν ἡμεῖς εἰς τὸν τόπον ὃν εἶπεν Κύριος Τοῦτον δώσω ὑμῖν· δεῦρο μεθ᾽ ἡμῶν, καὶ εὖ σε ποιήσομεν, ὅτι Κύριος ἐλάλησεν καλὰ περὶ Ἰσραήλ.",36,ܘܐܡܪ ܡܘܫܐ ܠܚܘܒܒ ܒܪ ܪܥܘܐܝܠ ܡܕܝܢܝܐ ܚܡܘܗܝ ܕܡܘܫܐ. ܫ̇ܩܠܝܢܢ ܠܐܬܪܐ ܕܐܡܪ ܡܪܝܐ ܠܗ ܐܬܠ ܠܟܘܢ. ܬܐ ܥܡܢ ܘܢܛܐܒ ܠܟ. ܡܛܠ ܕܡܪܝܐ ܡܠܠ ܛܒܬܐ ܥܠ ܐܝܣܪܝܠ.,25,"Disse então Moisés a Hobabe, filho de Reuel, o midianita, sogro de Moisés: Nós caminhamos para aquele lugar de que o Senhor disse: Vo-lo darei. Vai conosco, e te faremos bem; porque o Senhor falou bem acerca de Israel.",39,True,True,True
10,30,Números 10:30,וַיֹּ֥אמֶר אֵלָ֖יו לֹ֣א אֵלֵ֑ךְ כִּ֧י אִם־ אֶל־ אַרְצִ֛י וְאֶל־ מוֹלַדְתִּ֖י אֵלֵֽךְ ׃,ויאמר אליו לא אלכ כי אמ אל ארצי ואל מולדתי אלכ,12,ואמר ליה לא אזל אלהן לארעי ולילדותי אזל:,8,καὶ εἶπεν πρὸς αὐτόν Οὐ πορεύσομαι ἀλλὰ εἰς τὴν γῆν μου καὶ εἰς τὴν γενεάν μου.,16,ܘܐܡܪ ܠܗ ܠܐ ܐܙ̇ܠ ܐܢܐ. ܐܠܐ ܠܐܪܥܝ ܐܙ̇ܠ ܐܢܐ ܠܐܝܟܐ ܕܐܝܠܝܕ ܐܢܐ.,12,Respondeu ele: Não irei; antes irei à minha terra e à minha parentela.,13,True,True,True
10,31,Números 10:31,וַיֹּ֕אמֶר אַל־ נָ֖א תַּעֲזֹ֣ב אֹתָ֑נוּ כִּ֣י ׀ עַל־ כֵּ֣ן יָדַ֗עְתָּ חֲנֹתֵ֨נוּ֙ בַּמִּדְבָּ֔ר וְהָיִ֥יתָ לָּ֖נוּ לְעֵינָֽיִם ׃,ויאמר אל נא תעזב אתנו כי על כנ ידעת חנתנו במדבר והיית לנו לעינימ,16,ואמר לא כען תשבוק יתנא ארי על כן ידעת כד הוינא שרן במדברא וגבורן דאתעבידן לנא חזיתא בעיניך:,18,"καὶ εἶπεν Μὴ ἐγκαταλίπῃς ἡμᾶς, οὗ εἵνεκεν ἦσθα μεθ᾽ ἡμῶν ἐν τῇ ἐρήμῳ, καὶ ἔσῃ ἐν ἡμῖν πρεσβύτης·",18,ܐܡܪ ܠܗ ܡܘܫܐ. ܠܐ ܬܫܒܩܢ. ܡܛܠ ܕܐܢܬ ܝ̇ܕܥ ܐܢܬ ܒܝܬ ܡܫܪܝܢ ܕܒܡܕܒܪܐ. ܘܗ̇ܘܐ ܐܢܬ ܠܢ ܥܝ̈ܢܐ.,16,"Tornou-lhe Moisés: Ora, não nos deixes, porquanto sabes onde devamos acampar no deserto; de olhos nos serviras.",17,True,True,True
10,32,Números 10:32,וְהָיָ֖ה כִּי־ תֵלֵ֣ךְ עִמָּ֑נוּ וְהָיָ֣ה ׀ הַטּ֣וֹב הַה֗וּא אֲשֶׁ֨ר יֵיטִ֧יב יְהוָ֛ה עִמָּ֖נוּ וְהֵטַ֥בְנוּ לָֽךְ ׃,והיה כי תלכ עמנו והיה הטוב ההוא אשר ייטיב יהוה עמנו והטבנו לכ,15,ויהי ארי תזל עמנא ויהי טבא ההוא די יוטיב יי עמנא ונוטיב לך:,13,"καὶ ἔσται ἐὰν πορευθῇς μεθ᾽ ἡμῶν, καὶ ἔσται τὰ ἀγαθὰ ἐκεῖνα ὅσα ἐὰν ἀγαθοποιήσῃ Κύριος ἡμᾶς, καὶ εὖ σε ποιήσομεν.",20,ܘܐܢ ܬܐܙܠ ܥܡܢ. ܡܢ ܗ̇ܝ ܛܒܬܐ ܕܡܛܐܒ ܠܢ ܡܪܝܐ ܢܛܐܒ ܠܟ.,11,"Se, pois, vieres conosco, o bem que o Senhor nos fizer, também nós faremos a ti.",16,True,True,True
10,33,Números 10:33,וַיִּסְעוּ֙ מֵהַ֣ר יְהוָ֔ה דֶּ֖רֶךְ שְׁלֹ֣שֶׁת יָמִ֑ים וַאֲר֨וֹן בְּרִית־ יְהוָ֜ה נֹסֵ֣עַ לִפְנֵיהֶ֗ם דֶּ֚רֶךְ שְׁלֹ֣שֶׁת יָמִ֔ים לָת֥וּר לָהֶ֖ם מְנוּחָֽה ׃,ויסעו מהר יהוה דרכ שלשת ימימ וארונ ברית יהוה נסע לפניהמ דרכ שלשת ימימ לתור להמ מנוחה,18,ונטלו מטורא דאתגלי עלוהי יקרא דיי מהלך תלתא יומין וארון קימא דיי נטל קדמיהון מהלך תלתא יומין לאתקנאה להון אתר בית מישרי:,22,"Καὶ ἐξῆραν ἐκ τοῦ ὄρους Κυρίου ὁδὸν τριῶν ἡμερῶν· καὶ ἡ κιβωτὸς τῆς διαθήκης Κυρίου προεπορεύετο προτέρα αὐτῶν ὁδὸν τριῶν ἡμερῶν, κατασκέψασθαι αὐτοῖς ἀνάπαυσιν.",24,ܘܫܩܠܘ ܡܢ ܛܘܪܗ ܕܡܪܝܐ ܡܪܕܐ ܬܠܬܐ ܝܘܡ̈ܝܢ. ܘܩܒܘܬܐ ܕܩܝܡܗ ܕܡܪܝܐ. ܫܩܠܬ ܡܢ ܩܕܡܝܗܘܢ ܡܪܕܐ ܝܘܡܐ ܚܕ . ܕܬܛܝܒ ܠܗܘܢ ܒܝܬ ܡܫܪܝܐ.,21,"Assim partiram do monte do Senhor caminho de três dias; e a arca do pacto do Senhor ia adiante deles, para lhes buscar lugar de descanso.",26,True,True,True
10,34,Números 10:34,וַעֲנַ֧ן יְהוָ֛ה עֲלֵיהֶ֖ם יוֹמָ֑ם בְּנָסְעָ֖ם מִן־ הַֽמַּחֲנֶֽה ׃ ׆ ס,ועננ יהוה עליהמ יוממ בנסעמ מנ המחנה ס,10,וענן יקרא דיי מטיל עליהון ביממא במטלהון מן משריתא:,9,καὶ ἡ νεφέλη ἐγένετο σκιάζουσα ἐπ᾽ αὐτοῖς ἡμέρας καὶ ἐν τῷ ἐξαίρειν αὐτοὺς ἐκ τῆς παρεμβολῆς.,16,ܘܥܢܢܗ ܕܡܪܝܐ ܠܥܠ ܡܢܗܘܢ ܒܐܝܡܡܐ ܡܐ ܕܫ̇ܩܠܝܢ ܡܢ ܡܫܪܝܬܐ.,9,"E a nuvem do Senhor ia sobre eles de dia, quando partiam do arraial.",14,True,True,True
10,35,Números 10:35,וַיְהִ֛י בִּנְסֹ֥עַ הָאָרֹ֖ן וַיֹּ֣אמֶר מֹשֶׁ֑ה קוּמָ֣ה ׀ יְהוָ֗ה וְיָפֻ֨צוּ֙ אֹֽיְבֶ֔יךָ וְיָנֻ֥סוּ מְשַׂנְאֶ֖יךָ מִפָּנֶֽיךָ ׃,ויהי בנסע הארנ ויאמר משה קומה יהוה ויפצו איביכ וינסו משנאיכ מפניכ,14,והוה במטל ארונא ואמר משה אתגלי יי ויתבדרון סנאיך ויערקון בעלי דבבך מן קדמך:,14,"καὶ ἐγένετο ἐν τῷ ἐξαίρειν τὴν κιβωτὸν καὶ εἶπεν Μωυσῆς Ἐξεγέρθητι Κύριε, διασκορπισθήτωσαν οἱ ἐχθροί σου, φυγέτωσαν πάντες οἱ μισοῦντές σε.",21,ܘܗܘܐ ܕܟܕ ܫܩܠܬ ܩܒܘܬܐ. ܐܡܪ ܡܘܫܐ. ܩܘܡ ܡܪܝܐ ܘܢܬܬܒܪܘܢ ܣܢܐ̈ܝܟ. ܘܢܥܪܩܘܢ ܒ̈ܥܠܕܒܒܝܟ ܡܢ ܩܕܡܝܟ.,14,"Quando, pois, a arca partia, dizia Moisés: Levanta-te, Senhor, e dissipados sejam os teus inimigos, e fujam diante de ti os que te odeiam.",24,True,True,True
10,36,Números 10:36,וּבְנֻחֹ֖ה יֹאמַ֑ר שׁוּבָ֣ה יְהוָ֔ה רִֽבְב֖וֹת אַלְפֵ֥י יִשְׂרָאֵֽל ׃ ׆ ס,ובנחה יאמר שובה יהוה רבבות אלפי ישראל ס,10,ובמשרוהי אמר תוב יי שרי ביקרך בגו רבות אלפיא דישראל:,10,"καὶ ἐν τῇ καταπαύσει εἶπεν Ἐπίστρεφε, Κύριε, χιλιάδας μυριάδας ἐν τῷ Ἰσραήλ.",12,ܘܟܕ ܫܪܬ ܐܡܪ. ܐܬܦܢܝ ܡܪܝܐ ܥܠ ܪ̈ܒܘܬܐ ܘܥܠ ܐ̈ܠܦܐ ܕܐܝܣܪܝܠ.,10,"E, quando ela pousava, dizia: Volta, ó Senhor, para os muitos milhares de Israel.",14,True,True,True
11,1,Números 11:1,וַיְהִ֤י הָעָם֙ כְּמִתְאֹ֣נְנִ֔ים רַ֖ע בְּאָזְנֵ֣י יְהוָ֑ה וַיִּשְׁמַ֤ע יְהוָה֙ וַיִּ֣חַר אַפּ֔וֹ וַתִּבְעַר־ בָּם֙ אֵ֣שׁ יְהוָ֔ה וַתֹּ֖אכַל בִּקְצֵ֥ה הַֽמַּחֲנֶֽה ׃,ויהי העמ כמתאננימ רע באזני יהוה וישמע יהוה ויחר אפו ותבער במ אש יהוה ותאכל בקצה המחנה,18,והוה עמא כד מסתקפין ביש קדם יי ושמיע קדם יי ותקף רגזיה ודלקת בהון אשתא מן קדם יי ושציאת בסיפי משריתא:,21,"Καὶ ἦν ὁ λαὸς γογγύζων πονηρὰ ἔναντι Κυρίου· καὶ ἤκουσεν Κύριος καὶ ἐθυμώθη ὀργῇ, καὶ ἐξεκαύθη ἐν αὐτοῖς πῦρ παρὰ Κυρίου καὶ κατέφαγεν μέρος τι τῆς παρεμβολῆς.",27,ܘܟܕ ܪܛܢܘ ܗܘܘ ܥܡܐ ܐܬܒܐܫ ܩܕܡ ܡܪܝܐ. ܘܫܡܥ ܡܪܝܐ ܘܐܬܚܡܬ ܪܘܓܙܗ. ܘܣܦܬ ܒܗܘܢ ܢܘܪܗ ܕܡܪܝܐ. ܘܐܟܠܬ ܒܚܕܪ̈ܝܗ̇ ܕܡܫܪܝܬܐ.,18,"Depois o povo tornou-se queixoso, falando o que era mau aos ouvidos do Senhor; e quando o Senhor o ouviu, acendeu-se a sua ira; o fogo do Senhor irrompeu entre eles, e devorou as extremidades do arraial.",37,True,True,True
11,2,Números 11:2,וַיִּצְעַ֥ק הָעָ֖ם אֶל־ מֹשֶׁ֑ה וַיִּתְפַּלֵּ֤ל מֹשֶׁה֙ אֶל־ יְהוָ֔ה וַתִּשְׁקַ֖ע הָאֵֽשׁ ׃,ויצעק העמ אל משה ויתפלל משה אל יהוה ותשקע האש,11,וצוח עמא על משה וצלי משה קדם יי ואשתקעת אשתא:,10,"καὶ ἐκέκραξεν ὁ λαὸς πρὸς Μωυσῆν· καὶ ηὔξατο Μωυσῆς πρὸς Κύριον, καὶ ἐκόπασεν τὸ πῦρ.",15,ܘܓܥܘ ܥܡܐ ܥܠ ܡܘܫܐ. ܘܨܠܝ ܡܘܫܐ ܩܕܡ ܡܪܝܐ ܘܫܠܝܬ ܢܘܪܐ.,10,"Então o povo clamou a Moisés, e Moisés orou ao Senhor, e o fogo se apagou.",16,True,True,True
11,3,Números 11:3,וַיִּקְרָ֛א שֵֽׁם־ הַמָּק֥וֹם הַה֖וּא תַּבְעֵרָ֑ה כִּֽי־ בָעֲרָ֥ה בָ֖ם אֵ֥שׁ יְהוָֽה ׃,ויקרא שמ המקומ ההוא תבערה כי בערה במ אש יהוה,11,וקרא שמא דאתרא ההוא דלקתא ארי דלקת בהון אשתא מן קדם יי:,12,"καὶ ἐκλήθη τὸ ὄνομα τοῦ τόπου ἐκείνου Ἐνπυρισμός, ὅτι ἐξεκαύθη ἐν αὐτοῖς πῦρ παρὰ Κυρίου.",15,ܘܩܪܐ ܫܡܗ ܕܐܬܪܐ ܗ̇ܘ ܝܩܕܢܐ. ܡܛܠ ܕܣܦܬ ܒܗܘܢ ܢܘܪܗ ܕܡܪܝܐ.,10,"Pelo que se chamou aquele lugar Taberá, porquanto o fogo do Senhor se acendera entre eles.",16,True,True,True
11,4,Números 11:4,וְהָֽאסַפְסֻף֙ אֲשֶׁ֣ר בְּקִרְבּ֔וֹ הִתְאַוּ֖וּ תַּאֲוָ֑ה וַיָּשֻׁ֣בוּ וַיִּבְכּ֗וּ גַּ֚ם בְּנֵ֣י יִשְׂרָאֵ֔ל וַיֹּ֣אמְר֔וּ מִ֥י יַאֲכִלֵ֖נוּ בָּשָֽׂר ׃,והאספספ אשר בקרבו התאוו תאוה וישבו ויבכו גמ בני ישראל ויאמרו מי יאכלנו בשר,15,וערברבין די ביניהון שאילו שאלתא ותבו ובכו אף בני ישראל ואמרו מאן ייכלננא בסרא:,14,Καὶ ὁ ἐπίμικτος ὁ ἐν αὐτοῖς ἐπεθύμησεν ἐπιθυμίαν· καὶ καθίσαντες ἔκλαιον καὶ οἱ υἱοὶ Ἰσραὴλ καὶ εἶπαν Τίς ἡμᾶς ψωμιεῖ κρέας;,21,ܘܚܠܘܛܐ ܕܐܝܬ ܗܘܘ ܒܝܢܬܗܘܢ. ܪܓܘ ܪܓܬܐ. ܘܗܦܟܘ ܐܒܟܝܘ ܐܦ ܠܒܢ̈ܝ ܐܝܣܪܝܠ ܘܐ̇ܡܪܝܢ. ܡ̇ܢ ܕܝܢ ܐܘܟܠܢ ܒܣܪܐ.,16,"Ora, o vulgo que estava no meio deles veio a ter grande desejo; pelo que os filhos de Israel também tornaram a chorar, e disseram: Quem nos dará carne a comer?",31,True,True,True
11,5,Números 11:5,זָכַ֨רְנוּ֙ אֶת־ הַדָּגָ֔ה אֲשֶׁר־ נֹאכַ֥ל בְּמִצְרַ֖יִם חִנָּ֑ם אֵ֣ת הַקִּשֻּׁאִ֗ים וְאֵת֙ הָֽאֲבַטִּחִ֔ים וְאֶת־ הֶחָצִ֥יר וְאֶת־ הַבְּצָלִ֖ים וְאֶת־ הַשּׁוּמִֽים ׃,זכרנו את הדגה אשר נאכל במצרימ חנמ את הקשאימ ואת האבטחימ ואת החציר ואת הבצלימ ואת השומימ,18,דכירין אנחנא ית נוניא דהוינא אכלין במצרים מגן ית בוציניא וית אבטיחיא וכרתי ובוצלי ותומי:,15,"ἐμνήσθημεν τοὺς ἰχθύας οὓς ἠσθίομεν ἐν Αἰγύπτῳ δωρεάν, καὶ τοὺς σικύας καὶ τοὺς πέπονας καὶ τὰ πράσα καὶ τὰ κρόμμυα καὶ τὰ σκόρδα·",23,ܐܬܕܟܪܢ ܢܘ̈ܢܐ ܕܐ̇ܟܠܝܢ ܗܘ̈ܝܢ ܒܡܨܪܝܢ ܡܓܢ. ܘܩ̈ܛܝܐ ܘܦ̈ܛܝܚܐ. ܘܟܪ̈ܬܐ ܘܒܨ̈ܠܐ ܘܬܘܡܐ.,11,"Lembramo-nos dos peixes que no Egito comíamos de graça, e dos pepinos, dos melões, dos porros, das cebolas e dos alhos.",21,True,True,True
11,6,Números 11:6,וְעַתָּ֛ה נַפְשֵׁ֥נוּ יְבֵשָׁ֖ה אֵ֣ין כֹּ֑ל בִּלְתִּ֖י אֶל־ הַמָּ֥ן עֵינֵֽינוּ ׃,ועתה נפשנו יבשה אינ כל בלתי אל המנ עינינו,10,וכען נפשנא תאיבא לית כל מדעם אלהן למנא עיננא:,9,"νυνὶ δὲ ἡ ψυχὴ ἡμῶν κατάξηρος, οὐδὲν πλὴν εἰς τὸ μάννα οἱ ὀφθαλμοὶ ἡμῶν.",14,ܘܗܫܐ ܗܐ ܢܚܒܐ ܢܦܫܢ. ܘܠܝܬ ܡܕܡ ܐܠܐ ܐܢ ܗܢܐ ܡܢܢܐ ܕܩܕܡ ܥܝܢ̈ܝܢ.,12,Mas agora a nossa alma se seca; coisa nenhuma há senão este maná diante dos nossos olhos.,17,True,True,True
11,7,Números 11:7,וְהַמָּ֕ן כִּזְרַע־ גַּ֖ד ה֑וּא וְעֵינ֖וֹ כְּעֵ֥ין הַבְּדֹֽלַח ׃,והמנ כזרע גד הוא ועינו כעינ הבדלח,8,ומנא כבר זרע גדא הוא וחזויה כחזו בדלחא:,8,"τὸ δὲ μάννα ὡσεὶ σπέρμα κορίου ἐστίν, καὶ τὸ εἶδος αὐτοῦ εἶδος κρυστάλλου.",13,ܘܡܢܢܐ ܐܝܟ ܙܪܥܐ ܗܘܐ ܕܟܘܣܒܪܬܐ . ܘܥܝܢܗ ܐܝܟ ܥܝܢܐ ܕܒܪܘܠܚܐ.,10,"E era o maná como a semente do coentro, e a sua aparência como a aparência de bdélio.",18,True,True,True
11,8,Números 11:8,שָׁטוּ֩ הָעָ֨ם וְלָֽקְט֜וּ וְטָחֲנ֣וּ בָרֵחַ֗יִם א֤וֹ דָכוּ֙ בַּמְּדֹכָ֔ה וּבִשְּׁלוּ֙ בַּפָּר֔וּר וְעָשׂ֥וּ אֹת֖וֹ עֻג֑וֹת וְהָיָ֣ה טַעְמ֔וֹ כְּטַ֖עַם לְשַׁ֥ד הַשָּֽׁמֶן ׃,שטו העמ ולקטו וטחנו ברחימ או דכו במדכה ובשלו בפרור ועשו אתו עגות והיה טעמו כטעמ לשד השמנ,19,שיטין עמא ולקטין דצבי טחין בריחיא או דצבי דאיך במדכתא ומבשלין ליה בקדרא ועבדין יתיה גריצן והוה טעמיה כטעם דליש במשחא:,21,"καὶ διεπορεύετο ὁ λαὸς καὶ συνέλεγον, καὶ ἤληθον αὐτὸ ἐν τῷ μύλῳ καὶ ἔτριβον ἐν τῇ θυίᾳ, καὶ ἥψουν αὐτὸ ἐν τῇ χύτρᾳ καὶ ἐποίουν αὐτὸ ἐνκρυφίας· καὶ ἦν ἡ ἡδονὴ αὐτοῦ ὡσεὶ γεῦμα ἐνκρὶς ἐξ ἐλαίου.",37,ܘܡܬܟܪܟܝܢ ܥܡܐ ܘܠܩ̇ܛܝܢ ܠܗ. ܘܛܚ̇ܢܝܢ ܠܗ ܒܪܚܝܐ. ܐܘ ܕܩ̇ܝܢ ܠܗ ܒܡܕܟܬܐ. ܘܡܒܫܠܝܢ ܠܗ ܒܩܕܪܐ. ܘܥܒܕܝܢ ܡܢܗ ܪܥܦܐ. ܘܗ̇ܘܐ ܛܥܡܗ ܐܝܟ ܛܥܡܐ ܕܠܝܫ ܒܡܫܚܐ.,23,"O povo espalhava-se e o colhia, e, triturando-o em moinhos ou pisando-o num gral, em panelas o cozia, e dele fazia bolos; e o seu sabor era como o sabor de azeite fresco.",33,True,True,True
11,9,Números 11:9,וּבְרֶ֧דֶת הַטַּ֛ל עַל־ הַֽמַּחֲנֶ֖ה לָ֑יְלָה יֵרֵ֥ד הַמָּ֖ן עָלָֽיו ׃,וברדת הטל על המחנה לילה ירד המנ עליו,9,וכד נחית טלא על משריתא ליליא נחית מנא עלוהי:,9,"καὶ ὅταν κατέβη ἡ δρόσος ἐπὶ τὴν παρεμβολὴν νυκτός, κατέβαινεν τὸ μάννα ἐπ᾽ αὐτῆς.",14,ܘܡܐ ܕܢ̇ܚܬ ܛܠܐ ܥܠ ܡܫܪܝܬܐ ܒܠܠܝܐ. ܢ̇ܚܬ ܥܠܘܗܝ ܡܢܢܐ.,9,"E, quando o orvalho descia de noite sobre o arraial, sobre ele descia também o maná.",16,True,True,True
11,10,Números 11:10,וַיִּשְׁמַ֨ע מֹשֶׁ֜ה אֶת־ הָעָ֗ם בֹּכֶה֙ לְמִשְׁפְּחֹתָ֔יו אִ֖ישׁ לְפֶ֣תַח אָהֳל֑וֹ וַיִּֽחַר־ אַ֤ף יְהוָה֙ מְאֹ֔ד וּבְעֵינֵ֥י מֹשֶׁ֖ה רָֽע ׃,וישמע משה את העמ בכה למשפחתיו איש לפתח אהלו ויחר אפ יהוה מאד ובעיני משה רע,17,ושמע משה ית עמא בכן לזרעיתהון גבר בתרע משכניה ותקף רגזא דיי לחדא ובעיני משה ביש:,16,"καὶ ἤκουσεν Μωυσῆς κλαίοντων αὐτῶν κατά δήμους αὐτῶν, ἕκαστον ἐπὶ τῆς θύρας αὐτοῦ· καὶ ἐθυμώθη ὀργῇ Κύριος σφόδρα, καὶ ἔναντι Μωυσῆ ἦν πονηρόν.",23,ܘܫܡܥ ܡܘܫܐ ܠܥܡܐ ܟܕ ܒ̇ܟܝܢ ܒܫܪ̈ܒܬܗܘܢ. ܐܢܫ ܒܬܪܥ ܡܫܟܢܗ. ܘܐܬܚܡܬ ܪܘܓܙܗ ܕܡܪܝܐ. ܘܐܦ ܒܥܝ̈ܢܘܗܝ ܕܡܘܫܐ ܐܬܒܐܫ .,17,"Então Moisés ouviu chorar o povo, todas as suas famílias, cada qual à porta da sua tenda; e a ira do Senhor grandemente se acendeu; e aquilo pareceu mal aos olhos de Moisés.",33,True,True,True
11,11,Números 11:11,וַיֹּ֨אמֶר מֹשֶׁ֜ה אֶל־ יְהוָ֗ה לָמָ֤ה הֲרֵעֹ֨תָ֙ לְעַבְדֶּ֔ךָ וְלָ֛מָּה לֹא־ מָצָ֥תִי חֵ֖ן בְּעֵינֶ֑יךָ לָשׂ֗וּם אֶת־ מַשָּׂ֛א כָּל־ הָעָ֥ם הַזֶּ֖ה עָלָֽי ׃,ויאמר משה אל יהוה למה הרעת לעבדכ ולמה לא מצתי חנ בעיניכ לשומ את משא כל העמ הזה עלי,20,ואמר משה קדם יי למא אבאשתא לעבדך ולמא לא אשכחית רחמין קדמך לשואה ית מטול כל עמא הדין עלי:,19,"καὶ εἶπεν Μωυσῆς πρὸς Κύριον Ἵνα τί ἐκάκωσας τὸν θεράποντά σου; καὶ διὰ τί οὐχ εὕρηκα χάριν ἐναντίον σου, ἐπιθεῖναι τὴν ὁρμὴν τοῦ λαοῦ τούτου ἐπ᾽ ἐμέ;",27,ܘܐܡܪ ܡܘܫܐ ܠܡܪܝܐ. ܡܪܝ ܠܡܢܐ ܐܒܐܫܬ ܠܥܒܕܟ. ܘܠܡܢܐ ܠܐ ܐܫܟ̇ܚܬ ܪ̈ܚܡܐ ܒܥܝܢ̈ܝܟ . ܕܐܪܡܝܬܝܗܝ ܥܠܝ ܟܘܠܗ ܛܥܢܗ ܕܥܡܐ ܗܢܐ.,19,"Disse, pois, Moisés ao Senhor: Por que fizeste mal a teu servo, e por que não achei graça aos teus olhos, pois que puseste sobre mim o peso de todo este povo.",32,True,True,True
11,12,Números 11:12,הֶאָנֹכִ֣י הָרִ֗יתִי אֵ֚ת כָּל־ הָעָ֣ם הַזֶּ֔ה אִם־ אָנֹכִ֖י יְלִדְתִּ֑יהוּ כִּֽי־ תֹאמַ֨ר אֵלַ֜י שָׂאֵ֣הוּ בְחֵיקֶ֗ךָ כַּאֲשֶׁ֨ר יִשָּׂ֤א הָאֹמֵן֙ אֶת־ הַיֹּנֵ֔ק עַ֚ל הָֽאֲדָמָ֔ה אֲשֶׁ֥ר נִשְׁבַּ֖עְתָּ לַאֲבֹתָֽיו ׃,האנכי הריתי את כל העמ הזה אמ אנכי ילדתיהו כי תאמר אלי שאהו בחיקכ כאשר ישא האמנ את הינק על האדמה אשר נשבעת לאבתיו,25,האב אנא לכל עמא הדין אם בני אנון דאמרת לי סוברהי בתקפך כמא דמסובר תרבינא ית ינקא על ארעא די קימתא לאבהתוהי:,22,"μὴ ἐγὼ ἐν γαστρὶ ἔλαβον πάντα τὸν λαὸν τοῦτον, ἢ ἐγὼ ἔτεκον αὐτούς, ὅτι λέγεις μοι Λάβε αὐτὸν εἰς τὸν κόλπον σου, ὡσεὶ ἄραι τιθηνὸς τὸν θηλάζοντα, εἰς τὴν γῆν ἣν ὤμοσας τοῖς πατράσιν αὐτῶν;",35,ܕܠܡܐ ܐܢܐ ܒܛܢܬܗ ܠܗܢܐ ܟܘܠܗ ܥܡܐ. ܐܘ ܕܠܡܐ ܐܢܐ ܐܝܠܕܬܗ. ܕܐ̇ܡܪ ܐܢܬ ܠܝ ܫܩܠܝܗܝ ܒܥܘܒܟ. ܐܝܟ ܕܡܫܩܠ ܡܪܒܝܢܐ ܠܝܠܘܕܐ. ܠܐܪܥܐ ܕܝܡܝܬ ܠܐ̈ܒܗܝܗܘܢ.,22,"Concebi eu porventura todo este povo? dei-o eu à luz, para que me dissesses: Leva-o ao teu colo, como a ama leva a criança de peito, para a terra que com juramento prometeste a seus pais?",36,True,True,True
11,13,Números 11:13,מֵאַ֤יִן לִי֙ בָּשָׂ֔ר לָתֵ֖ת לְכָל־ הָעָ֣ם הַזֶּ֑ה כִּֽי־ יִבְכּ֤וּ עָלַי֙ לֵאמֹ֔ר תְּנָה־ לָּ֥נוּ בָשָׂ֖ר וְנֹאכֵֽלָה ׃,מאינ לי בשר לתת לכל העמ הזה כי יבכו עלי לאמר תנה לנו בשר ונאכלה,16,מנן לי בסרא למיהב לכל עמא הדין ארי בכן עלי למימר הב לנא בסרא וניכול:,15,πόθεν μοι κρέα δοῦναι παντὶ τῷ λαῷ τούτῳ; ὅτι κλαίουσιν ἐπ᾽ ἐμοὶ λέγοντες Δὸς ἡμῖν κρέα ἵνα φάγωμεν.,18,ܐܝܡܟܐ ܠܝ ܒܣܪܐ ܕܐܬܠ ܠܗܢܐ ܟܠܗ ܥܡܐ ܕܒ̇ܟܝܢ ܥܠܝ ܘܐ̇ܡܪܝܢ. ܗܒ ܠܢ ܒܣܪܐ ܢܐܟܘܠ .,15,"Donde teria eu carne para dar a todo este povo? porquanto choram diante de mim, dizendo: Dá-nos carne a comer.",20,True,True,True
11,14,Números 11:14,לֹֽא־ אוּכַ֤ל אָנֹכִי֙ לְבַדִּ֔י לָשֵׂ֖את אֶת־ כָּל־ הָעָ֣ם הַזֶּ֑ה כִּ֥י כָבֵ֖ד מִמֶּֽנִּי ׃,לא אוכל אנכי לבדי לשאת את כל העמ הזה כי כבד ממני,13,לית אנא יכיל בלחודי לסוברא ית כל עמא הדין ארי יקיר מני:,12,"οὐ δυνήσομαι ἐγὼ μόνος φέρειν τὸν λαὸν τοῦτον, ὅτι βαρύτερόν μοί ἐστιν τὸ ῥῆμα τοῦτο.",15,ܠܐ ܡܫܟܚ ܐܢܐ ܕܐܣܝܒܪ ܒܠܚܘܕܝ. ܠܗܢܐ ܟܠܗ ܥܡܐ ܡܛܠ ܕܥܫܝܢ ܗܘ ܡܢܝ.,12,"Eu só não posso: levar a todo este povo, porque me é pesado demais.",14,True,True,True
11,15,Números 11:15,וְאִם־ כָּ֣כָה ׀ אַתְּ־ עֹ֣שֶׂה לִּ֗י הָרְגֵ֤נִי נָא֙ הָרֹ֔ג אִם־ מָצָ֥אתִי חֵ֖ן בְּעֵינֶ֑יךָ וְאַל־ אֶרְאֶ֖ה בְּרָעָתִֽי ׃ פ,ואמ ככה את עשה לי הרגני נא הרג אמ מצאתי חנ בעיניכ ואל אראה ברעתי פ,18,ואם כדין את עבד לי קטלני כען קטול אם אשכחית רחמין קדמך ולא אחזי בבישתי:,15,"εἰ δὲ οὕτως σὺ ποιεῖς μοι, ἀπόκτεινόν με ἀναιρέσει, εἰ εὕρηκα ἔλεος παρὰ σοί, ἵνα μὴ ἴδω μου τὴν κάκωσιν.",20,ܐܢ ܗܟܢܐ ܥ̇ܒܕ ܐܢܬ ܠܝ . ܩܛܘܠܝܢܝ ܡܩܛܠ. ܐܢ ܐܫܟ̇ܚܬ ܪ̈ܚܡܐ ܒܥܝ̈ܢܝܟ. ܘܠܐ ܐܚܙܐ ܒܒܝܫܬܝ.,15,"Se tu me hás de tratar assim, mata-me, peço-te, se tenho achado graça aos teus olhos; e não me deixes ver a minha miséria.",24,True,True,True
11,16,Números 11:16,וַיֹּ֨אמֶר יְהוָ֜ה אֶל־ מֹשֶׁ֗ה אֶסְפָה־ לִּ֞י שִׁבְעִ֣ים אִישׁ֮ מִזִּקְנֵ֣י יִשְׂרָאֵל֒ אֲשֶׁ֣ר יָדַ֔עְתָּ כִּי־ הֵ֛ם זִקְנֵ֥י הָעָ֖ם וְשֹׁטְרָ֑יו וְלָקַחְתָּ֤ אֹתָם֙ אֶל־ אֹ֣הֶל מוֹעֵ֔ד וְהִֽתְיַצְּב֥וּ שָׁ֖ם עִמָּֽךְ ׃,ויאמר יהוה אל משה אספה לי שבעימ איש מזקני ישראל אשר ידעת כי המ זקני העמ ושטריו ולקחת אתמ אל אהל מועד והתיצבו שמ עמכ,26,ואמר יי למשה כנוש קדמי שבעין גברא מסבי ישראל די ידעת ארי אנון סבי עמא וסרכוהי ותדבר יתהון למשכן זמנא ויתעתדון תמן עמך:,23,"Καὶ εἶπεν Κύριος πρὸς Μωυσῆν Συνάγαγέ μοι ἑβδομήκοντα ἄνδρας ἀπὸ τῶν πρεσβυτέρων Ἰσραήλ, οὓς αὐτός σοι εἶδες ὅτι οὗτοί εἰσιν πρεσβύτεροι τοῦ λαοῦ καὶ γραμματεῖς αὐτῶν. καὶ ἄξεις αὐτοὺς πρὸς τὴν σκηνὴν τοῦ μαρτυρίου, καὶ στήσονται ἐκεῖ μετὰ σοῦ.",39,ܘܐܡܪ ܡܪܝܐ ܠܡܘܫܐ. ܟܢܫ ܠܝ ܫܒܥܝܢ ܓܒܪ̈ܝܢ ܡܢ ܣܒ̈ܐ ܕܐܝܣܪܝܠ. ܐܝܠܝܢ ܕܝ̇ܕܥ ܐܢܬ. ܕܗܢܘܢ ܐܢܘܢ ܪ̈ܫܘܗܝ ܕܥܡܐ ܘܣܦܪ̈ܘܗܝ . ܘܕܒܪ ܐܢܘܢ ܠܡܫܟܢܙܒܢܐ. ܘܢܬܛܝܒܘܢ ܬܡܢ ܥܡܟ.,25,"Disse então o Senhor a Moisés: Ajunta-me setenta homens dos anciãos de Israel, que sabes serem os anciãos do povo e seus oficiais; e os trarás perante a tenda da revelação, para que estejam ali contigo.",36,True,True,True
11,17,Números 11:17,וְיָרַדְתִּ֗י וְדִבַּרְתִּ֣י עִמְּךָ֮ שָׁם֒ וְאָצַלְתִּ֗י מִן־ הָר֛וּחַ אֲשֶׁ֥ר עָלֶ֖יךָ וְשַׂמְתִּ֣י עֲלֵיהֶ֑ם וְנָשְׂא֤וּ אִתְּךָ֙ בְּמַשָּׂ֣א הָעָ֔ם וְלֹא־ תִשָּׂ֥א אַתָּ֖ה לְבַדֶּֽךָ ׃,וירדתי ודברתי עמכ שמ ואצלתי מנ הרוח אשר עליכ ושמתי עליהמ ונשאו אתכ במשא העמ ולא תשא אתה לבדכ,20,ואתגלי ואמלל עמך תמן וארבי מן רוחא דעלך ואשוי עליהון ויסוברון עמך במטול עמא ולא תסובר את בלחודך:,18,"καὶ καταβήσομαι καὶ λαλήσω ἐκεῖ μετὰ σοῦ, καὶ ἀφελῶ ἀπὸ τοῦ πνεύματος τοῦ ἐπὶ σοὶ καὶ ἐπιθήσω ἐπ᾽ αὐτούς· καὶ συναντιλήμψονται μετὰ σοῦ τὴν ὁρμὴν τοῦ λαοῦ, καὶ οὐκ οἴσεις αὐτοὺς σὺ μόνος.",33,ܘܐܚܘܬ ܘܐܡܠܠ ܥܡܟ ܬܡܢ. ܘܐܒܨܘܪ ܡܢ ܪܘܚܐ ܕܥܠܝܟ ܘܐܣܝܡ ܥܠܝܗܘܢ. ܘܢܫܩܠܘܢ ܥܡܟ ܒܛܥܢܗ ܕܥܡܐ ܗܢܐ. ܘܠܐ ܬܫܩܘܠ ܐܢܬ ܒܠܚܘܕܝܟ.,19,"Então descerei e ali falarei contigo, e tirarei do espírito que está sobre ti, e o porei sobre eles; e contigo levarão eles o peso do povo para que tu não o leves só.",34,True,True,True
11,18,Números 11:18,וְאֶל־ הָעָ֨ם תֹּאמַ֜ר הִתְקַדְּשׁ֣וּ לְמָחָר֮ וַאֲכַלְתֶּ֣ם בָּשָׂר֒ כִּ֡י בְּכִיתֶם֩ בְּאָזְנֵ֨י יְהוָ֜ה לֵאמֹ֗ר מִ֤י יַאֲכִלֵ֨נוּ֙ בָּשָׂ֔ר כִּי־ ט֥וֹב לָ֖נוּ בְּמִצְרָ֑יִם וְנָתַ֨ן יְהוָ֥ה לָכֶ֛ם בָּשָׂ֖ר וַאֲכַלְתֶּֽם ׃,ואל העמ תאמר התקדשו למחר ואכלתמ בשר כי בכיתמ באזני יהוה לאמר מי יאכלנו בשר כי טוב לנו במצרימ ונתנ יהוה לכמ בשר ואכלתמ,25,ולעמא תימר אזדמנו למחר ותיכלון בסרא ארי בכיתון קדם יי למימר מן יכלננא בסרא ארי טב לנא במצרים ויתן יי לכון בסרא ותיכלון:,23,"καὶ τῷ λαῷ ἐρεῖς Ἁγνίσασθε εἰς αὔριον, καὶ φάγεσθε κρέα· ὅτι ἐκλαύσατε ἔναντι Κυρίου λέγοντες Τίς ἡμᾶς ψωμιεῖ κρέα; ὅτι καλὸν ἡμῖν ἐστὶν ἐν Αἰγύπτῳ· καὶ δώσει Κύριος ὑμῖν κρέα φαγεῖν, καὶ φάγεσθε κρέα.",34,ܘܐܡܪ ܡܘܫܐ ܠܥܡܐ. ܐܬܩܕܫܘ ܡܚܪ ܕܬܐܟܠܘܢ ܒܣܪܐ. ܡܛܠ ܕܒܟܝܬܘܢ ܩܕܡ ܡܪܝܐ ܘܐܡܪܬܘܢ. ܡ̇ܢ ܕܝܢ ܐܘܟܠܢ ܒܣܪܐ. ܡܛܠ ܕܛܒ ܗܘܐ ܠܢ ܒܡܨܪܝܢ. ܘܢܬܠ ܠܟܘܢ ܡܪܝܐ ܒܣܪܐ ܕܬܐܟܠܘܢ.,26,"E dirás ao povo: Santificai-vos para amanhã, e comereis carne; porquanto chorastes aos ouvidos do Senhor, dizendo: Quem nos dará carne a comer? pois bem nos ia no Egito. Pelo que o Senhor vos dará carne, e comereis.",38,True,True,True
11,19,Números 11:19,לֹ֣א י֥וֹם אֶחָ֛ד תֹּאכְל֖וּן וְלֹ֣א יוֹמָ֑יִם וְלֹ֣א ׀ חֲמִשָּׁ֣ה יָמִ֗ים וְלֹא֙ עֲשָׂרָ֣ה יָמִ֔ים וְלֹ֖א עֶשְׂרִ֥ים יֽוֹם ׃,לא יומ אחד תאכלונ ולא יומימ ולא חמשה ימימ ולא עשרה ימימ ולא עשרימ יומ,17,לא יומא חד תיכלון ולא תרין יומין ולא חמשא יומין ולא עשרא יומין ולא עשרין יומין:,16,"οὐχ ἡμέραν μίαν φάγεσθε, οὐδὲ δύο οὐδὲ πέντε ἡμέρας, οὐδὲ δέκα ἡμέρας, οὐδὲ εἴκοσι ἡμέρας·",15,ܠܐ ܚܕ ܝܘܡ ܬܐܟܠܘܢܗ. ܘܠܐ ܬܪ̈ܝܢ ܝܘܡ̈ܝܢ. ܘܠܐ ܚܡܫܐ ܝܘܡ̈ܝܢ. ܘܐܦ ܠܐ ܥܣܪܐ ܝܘܡ̈ܝܢ. ܘܠܐ ܥܣܪܝܢ ܝܘܡ̈ܝܢ.,17,"Não comereis um dia, nem dois dias, nem cinco dias, nem dez dias, nem vinte dias;",16,True,True,True
11,20,Números 11:20,עַ֣ד ׀ חֹ֣דֶשׁ יָמִ֗ים עַ֤ד אֲשֶׁר־ יֵצֵא֙ מֵֽאַפְּכֶ֔ם וְהָיָ֥ה לָכֶ֖ם לְזָרָ֑א יַ֗עַן כִּֽי־ מְאַסְתֶּ֤ם אֶת־ יְהוָה֙ אֲשֶׁ֣ר בְּקִרְבְּכֶ֔ם וַתִּבְכּ֤וּ לְפָנָיו֙ לֵאמֹ֔ר לָ֥מָּה זֶּ֖ה יָצָ֥אנוּ מִמִּצְרָֽיִם ׃,עד חדש ימימ עד אשר יצא מאפכמ והיה לכמ לזרא יענ כי מאסתמ את יהוה אשר בקרבכמ ותבכו לפניו לאמר למה זה יצאנו ממצרימ,26,עד ירח יומין עד די תקוצון ביה ויהי לכון לתקלא חלף דקצתון ית מימרא דיי דשכנתיה שרית ביניכון ובכיתון קדמוהי למימר למא דנן נפקנא ממצרים:,25,"ἕως μηνὸς ἡμερῶν φάγεσθε, ἕως ἂν ἐξέλθῃ ἐκ τῶν μυκτήρων ὑμῶν κρέα· καὶ ἔσται ὑμῖν εἰς χολέραν· ὅτι ἠπειθήσατε Κυρίῳ ὅς ἐστιν ἐν ὑμῖν, καὶ ἐκλαύσατε ἐναντίον αὐτοῦ λέγοντες Ἵνα τί ἡμῖν ἐξελθεῖν ἐξ Αἰγύπτου;",35,ܥܕܡܐ ܠܝܪܚ ܝܘܡ̈ܝܢ ܬܐܟܠܘܢܗ. ܥܕܡܐ ܕܢܦܘܩ ܡܢ ܢܚܝܪ̈ܝܟܘܢ. ܘܬܗܘܐ ܠܟܘܢ ܐܦܬܪܐ. ܥܠ ܕܐܣܠܝܬܘܢ ܠܡܪܝܐ ܕܒܟܘܢ. ܘܒܟܝܬܘܢ ܩܕܡ ܡܪܝܐ ܘܐܡܪܬܘܢ. ܠܡܢܐ ܓܝܪ ܢܦܩܢ ܡܢ ܡܨܪܝܢ.,24,"mas um mês inteiro, até vos sair pelas narinas, até que se vos torne coisa nojenta; porquanto rejeitastes ao Senhor, que está no meio de vós, e chorastes diante dele, dizendo: Por que saímos do Egito?",36,True,True,True
11,21,Números 11:21,וַיֹּאמֶר֮ מֹשֶׁה֒ שֵׁשׁ־ מֵא֥וֹת אֶ֨לֶף֙ רַגְלִ֔י הָעָ֕ם אֲשֶׁ֥ר אָנֹכִ֖י בְּקִרְבּ֑וֹ וְאַתָּ֣ה אָמַ֗רְתָּ בָּשָׂר֙ אֶתֵּ֣ן לָהֶ֔ם וְאָכְל֖וּ חֹ֥דֶשׁ יָמִֽים ׃,ויאמר משה שש מאות אלפ רגלי העמ אשר אנכי בקרבו ואתה אמרת בשר אתנ להמ ואכלו חדש ימימ,19,ואמר משה שית מאה אלפין גברא רגלאה עמא די אנא ביניהון ואת אמרת בסרא אתן להון וייכלון ירח יומין:,19,"καὶ εἶπεν Μωυσῆς πρὸς Κύριον Ἑξακόσιαι χιλιάδες πεζῶν ὁ λαὸς ἐν οἷς εἰμὶ ἐν αὐτοῖς, καὶ σὺ εἶπας Κρέα δώσω αὐτοῖς φαγεῖν, καὶ φάγονται μῆνα ἡμερῶν·",26,ܘܐܡܪ ܡܘܫܐ ܩܕܡ ܡܪܝܐ. ܫܬܡܐܐ ܐ̈ܠܦܝܢ ܓܒܪ̈ܐ ܪ̈ܓܠܝܐ. ܥܡܐ ܕܐܢܐ ܒܝܢܬܗܘܢ. ܘܐܢܬ ܐܡܪܬ ܕܒܣܪܐ ܐܬܠ ܠܗܘܢ. ܘܢܐܟܠܘܢ ܝܪܚ ܝܘܡ̈ܝܢ.,19,"Respondeu Moisés: Seiscentos mil homens de pé é este povo no meio do qual estou; todavia tu tens dito: Dar-lhes-ei carne, e comerão um mês inteiro.",26,True,True,True
11,22,Números 11:22,הֲצֹ֧אן וּבָקָ֛ר יִשָּׁחֵ֥ט לָהֶ֖ם וּמָצָ֣א לָהֶ֑ם אִ֣ם אֶֽת־ כָּל־ דְּגֵ֥י הַיָּ֛ם יֵאָסֵ֥ף לָהֶ֖ם וּמָצָ֥א לָהֶֽם ׃ פ,הצאנ ובקר ישחט להמ ומצא להמ אמ את כל דגי הימ יאספ להמ ומצא להמ פ,17,הען ותורין יתנכסון להון היספקון להון אם ית כל נוני ימא יתכנשון להון היספקון להון:,15,"μὴ πρόβατα καὶ βόες σφαγήσονται αὐτοῖς, καὶ ἀρκέσει αὐτοῖς; ἢ πᾶν τὸ ὄψος τῆς θαλάσσης συναχθήσεται αὐτοῖς, καὶ ἀρκέσει αὐτοῖς;",20,ܐܢ ܥܢܐ ܘܬܘܪ̈ܐ ܡܬܢܟܣܝܢ ܠܗܘܢ. ܡܢܐ ܥ̇ܒܕܝܢ ܠܗܘܢ. ܘܐܢ ܟܠܗܘܢ ܢܘ̈ܢܐ ܕܝܡܐ ܡܬܬܨܝܕܝܢ ܠܗܘܢ. ܠܐܝܟܐ ܡܡܠܝܢ ܠܗܘܢ.,17,"Matar-se-ão para eles rebanhos e gados, que lhes bastem? ou ajuntar-se-ão, para eles todos os peixes do mar, que lhes bastem?",21,True,True,True
11,23,Números 11:23,וַיֹּ֤אמֶר יְהוָה֙ אֶל־ מֹשֶׁ֔ה הֲיַ֥ד יְהוָ֖ה תִּקְצָ֑ר עַתָּ֥ה תִרְאֶ֛ה הֲיִקְרְךָ֥ דְבָרִ֖י אִם־ לֹֽא ׃,ויאמר יהוה אל משה היד יהוה תקצר עתה תראה היקרכ דברי אמ לא,14,ואמר יי למשה המימרא דיי יתעכב כען תחזי היערענך פתגמי אם לא:,12,καὶ εἶπεν Κύριος πρὸς Μωυσῆν Μὴ χεὶρ Κυρίου οὐκ ἐξαρκέσει; ἤδη γνώσει εἰ ἐπικαταλήμψεταί σε ὁ λόγος μου ἢ οὔ.,20,ܘܐܡܪ ܡܪܝܐ ܠܡܘܫܐ. ܐܝܕܗ ܕܡܪܝܐ ܡܡܠܝܐ. ܗܫܐ ܬܚܙܐ ܐܢ ܗܘܝܐ ܡܠܬܝ ܐܘ ܠܐ.,13,Pelo que replicou o Senhor a Moisés: Porventura tem-se encurtado a mão do Senhor? agora mesmo verás se a minha palavra se há de cumprir ou não.,27,True,True,True
11,24,Números 11:24,וַיֵּצֵ֣א מֹשֶׁ֗ה וַיְדַבֵּר֙ אֶל־ הָעָ֔ם אֵ֖ת דִּבְרֵ֣י יְהוָ֑ה וַיֶּאֱסֹ֞ף שִׁבְעִ֥ים אִישׁ֙ מִזִּקְנֵ֣י הָעָ֔ם וַֽיַּעֲמֵ֥ד אֹתָ֖ם סְבִיבֹ֥ת הָאֹֽהֶל ׃,ויצא משה וידבר אל העמ את דברי יהוה ויאספ שבעימ איש מזקני העמ ויעמד אתמ סביבת האהל,18,ונפק משה ומליל לעמא ית פתגמיא דיי וכנש שבעין גברא מסבי עמא ואקם יתהון סחור סחור למשכנא:,17,"καὶ ἐξῆλθεν Μωυσῆς καὶ ἐλάλησεν πρὸς τὸν λαὸν τὰ ῥήματα Κυρίου, καὶ συνήγαγεν ἑβδομήκοντα ἄνδρας ἀπὸ τῶν πρεσβυτέρων τοῦ λαοῦ καὶ ἔστησεν αὐτοὺς κύκλῳ τῆς σκηνῆς.",26,ܘܢܦܩ ܡܘܫܐ ܘܐܡܪ ܠܥܡܐ ܦܬܓܡ̈ܘܗܝ ܕܡܪܝܐ. ܘܟܢܫ ܫܒܥܝܢ ܓܒܪ̈ܝܢ ܡܢ ܣ̈ܒܐ ܕܥܡܐ . ܘܐܩܝܡ ܐܢܘܢ ܚܕܪ̈ܘܗܝ ܕܡܫܟܢܐ.,17,"Saiu, pois, Moisés, e relatou ao povo as palavras do Senhor; e ajuntou setenta homens dentre os anciãos do povo e os colocou ao redor da tenda.",27,True,True,True
11,25,Números 11:25,וַיֵּ֨רֶד יְהוָ֥ה ׀ בֶּעָנָן֮ וַיְדַבֵּ֣ר אֵלָיו֒ וַיָּ֗אצֶל מִן־ הָר֨וּחַ֙ אֲשֶׁ֣ר עָלָ֔יו וַיִּתֵּ֕ן עַל־ שִׁבְעִ֥ים אִ֖ישׁ הַזְּקֵנִ֑ים וַיְהִ֗י כְּנ֤וֹחַ עֲלֵיהֶם֙ הָר֔וּחַ וַיִּֽתְנַבְּא֖וּ וְלֹ֥א יָסָֽפוּ ׃,וירד יהוה בעננ וידבר אליו ויאצל מנ הרוח אשר עליו ויתנ על שבעימ איש הזקנימ ויהי כנוח עליהמ הרוח ויתנבאו ולא יספו,24,ואתגלי יי בעננא ומליל עמיה ורבי מן רוחא די עלוהי ויהב על שבעין גברא סביא והוה כד שרת עליהון רוחא דנבואה ומתנבאין ולא פסקין:,24,"καὶ κατέβη Κύριος ἐν νεφέλῃ καὶ ἐλάλησεν πρὸς αὐτόν, καὶ παρείλατο ἀπὸ τοῦ πνεύματος τοῦ ἐπ᾽ αὐτῷ καὶ ἐπέθηκεν ἐπὶ τοὺς ἑβδομήκοντα ἄνδρας τοὺς πρεσβυτέρους· ὡς δὲ ἐπανεπαύσατο τὸ πνεῦμα ἐπ᾽ αὐτούς, καὶ ἐπροφήτευσαν, καὶ οὐκέτι προσέθεντο.",37,ܘܢܚܬ ܡܪܝܐ ܒܥܢܢܐ ܘܡܠܠ ܥܡܗ. ܘܒܨܪ ܡܢ ܪܘܚܐ ܕܥܠܘܗܝ. ܘܝܗܒ ܥܠ ܫܒܥܝܢ ܓܒܪ̈ܝܢ ܣ̈ܒܐ. ܘܟܕ ܫܪܬ ܥܠܝܗܘܢ ܪܘܚܐ. ܐܬܢܒܝܘ ܘܠܐ ܐܘܣܦܘ.,21,"Então o Senhor desceu: na nuvem, e lhe falou; e, tirando do espírito que estava sobre ele, pô-lo sobre aqueles setenta anciãos; e aconteceu que, quando o espírito repousou sobre eles profetizaram, mas depois nunca mais o fizeram.",38,True,True,True
11,26,Números 11:26,וַיִּשָּׁאֲר֣וּ שְׁנֵֽי־ אֲנָשִׁ֣ים ׀ בַּֽמַּחֲנֶ֡ה שֵׁ֣ם הָאֶחָ֣ד ׀ אֶלְדָּ֡ד וְשֵׁם֩ הַשֵּׁנִ֨י מֵידָ֜ד וַתָּ֧נַח עֲלֵיהֶ֣ם הָר֗וּחַ וְהֵ֨מָּה֙ בַּכְּתֻבִ֔ים וְלֹ֥א יָצְא֖וּ הָאֹ֑הֱלָה וַיִּֽתְנַבְּא֖וּ בַּֽמַּחֲנֶֽה ׃,וישארו שני אנשימ במחנה שמ האחד אלדד ושמ השני מידד ותנח עליהמ הרוח והמה בכתבימ ולא יצאו האהלה ויתנבאו במחנה,23,ואשתארו תרין גברין במשריתא שום חד אלדד ושום תנינא מידד ושרת עליהון רוחא דנבואה ואנון בכתיביא ולא נפקו למשכנא ואתנביאו במשריתא:,21,"καὶ κατελείφθησαν δύο ἄνδρες ἐν τῇ παρεμβολῇ, ὄνομα τῷ ἑνὶ Ἐλδὰδ καὶ ὄνομα τῷ δευτέρῳ Μωδάδ, καὶ ἐπανεπαύσατο ἐπ᾽ αὐτοὺς πνεῦμα· καὶ οὗτοι ἦσαν τῶν καταγεγραμμένων, καὶ οὐκ ἦλθον πρὸς τὴν σκηνήν· καὶ ἐπροφήτευσαν ἐν τῇ παρεμβολῇ.",37,ܘܐܫܬܚܪܘ ܬܪ̈ܝܢ ܓܒܪ̈ܝܢ ܒܡܫܪܝܬܐ. ܫܡܗ ܕܚܕ ܐܠܕܕ. ܘܫܡܗ ܕܐܚܪܢܐ ܡܝܕܕ ܘܫܪܬ ܥܠܝܗܘܢ ܪܘܚܐ. ܘܐܦ ܗܢܘܢ ܟܬܝܒܝܢ ܗܘܘ ܘܠܐ ܐܬܘ ܠܡܫܟܢܐ. ܘܐܬܢܒܝܘ ܒܡܫܪܝܬܐ.,22,"Mas no arraial ficaram dois homens; chamava-se um Eldade, e o outro Medade; e repousou sobre eles: o espírito, porquanto estavam entre os inscritos, ainda que não saíram para irem à tenda; e profetizavam no arraial.",36,True,True,True
11,27,Números 11:27,וַיָּ֣רָץ הַנַּ֔עַר וַיַּגֵּ֥ד לְמֹשֶׁ֖ה וַיֹּאמַ֑ר אֶלְדָּ֣ד וּמֵידָ֔ד מִֽתְנַבְּאִ֖ים בַּֽמַּחֲנֶֽה ׃,וירצ הנער ויגד למשה ויאמר אלדד ומידד מתנבאימ במחנה,10,ורהט עולמא וחוי למשה ואמר אלדד ומידד מתנבאין במשריתא:,9,καὶ προσδραμὼν ὁ νεανίσκος ἀπήγγειλεν Μωυσῇ καὶ εἶπεν λέγων Ἐλδὰδ καὶ Μωδὰδ προφητεύουσιν ἐν τῇ παρεμβολῇ.,16,ܘܪܗܛ ܥܠܝܡܐ. ܘܚܘܝ ܠܡܘܫܐ ܘܐܡܪ ܠܗ. ܐܠܕܕ ܘܡܝܕܕ ܗܐ ܡܬܢܒܝܢ ܒܡܫܪܝܬܐ.,11,"Correu, pois, um moço, e anunciou a Moisés: Eldade e Medade profetizaram no arraial.",14,True,True,True
11,28,Números 11:28,וַיַּ֜עַן יְהוֹשֻׁ֣עַ בִּן־ נ֗וּן מְשָׁרֵ֥ת מֹשֶׁ֛ה מִבְּחֻרָ֖יו וַיֹּאמַ֑ר אֲדֹנִ֥י מֹשֶׁ֖ה כְּלָאֵֽם ׃,ויענ יהושע בנ נונ משרת משה מבחריו ויאמר אדני משה כלאמ,12,ואתב יהושע בר נון משמשניה דמשה מעולמותיה ואמר רבוני משה אסרנון:,11,"καὶ ἀποκριθεὶς Ἰησοῦς ὁ τοῦ Ναυὴ ὁ παρεστηκὼς Μωυσῇ ὁ ἐκλεκτὸς εἶπεν Κύριε Μωυσῆ, κώλυσον αὐτούς.",16,ܘܥܢܐ ܗܘܫܥ ܒܪܢܘܢ ܡܫܡܫܢܗ ܕܡܘܫܐ ܡܢ ܛܠܝܘܬܗ ܘܐܡܪ ܠܗ. ܡܪܝ ܡܘܫܐ ܟܠܝ ܐܢܘܢ.,13,"Então Josué, filho de Num, servidor de Moisés, um dos seus mancebos escolhidos, respondeu e disse: Meu Senhor Moisés, proíbe-lho.",20,True,True,True
11,29,Números 11:29,וַיֹּ֤אמֶר לוֹ֙ מֹשֶׁ֔ה הַֽמְקַנֵּ֥א אַתָּ֖ה לִ֑י וּמִ֨י יִתֵּ֜ן כָּל־ עַ֤ם יְהוָה֙ נְבִיאִ֔ים כִּי־ יִתֵּ֧ן יְהוָ֛ה אֶת־ רוּח֖וֹ עֲלֵיהֶֽם ׃,ויאמר לו משה המקנא אתה לי ומי יתנ כל עמ יהוה נביאימ כי יתנ יהוה את רוחו עליהמ,19,ואמר ליה משה הקנאתי את מקני לי רעינא פון דיהון כל עמא דיי נביאין ארי יתן יי ית רוח נבואתיה עליהון:,21,"καὶ εἶπεν αὐτῷ Μωυσῆς Μὴ ζηλοῖς σὺ ἐμέ; καὶ τίς δῴη πάντα τὸν λαὸν Κυρίου προφήτας, ὅταν δῷ Κύριος τὸ πνεῦμα αὐτοῦ ἐπ᾽ αὐτούς;",24,ܐܡܪ ܠܗ ܡܘܫܐ. ܠܐ ܬܛܢܢܝ. ܡ̇ܢ ܕܝܢ ܥܒܕ ܟܠܗ ܥܡܗ ܕܡܪܝܐ ܢܒ̈ܝܐ. ܡܛܠ ܕܝܗܒ ܡܪܝܐ ܪܘܚܗ ܥܠܝܗܘܢ.,17,"Moisés, porém, lhe disse: Tens tu ciúmes por mim? Oxalá que do povo do Senhor todos fossem profetas, que o Senhor pusesse o seu espírito sobre eles!",27,True,True,True
11,30,Números 11:30,וַיֵּאָסֵ֥ף מֹשֶׁ֖ה אֶל־ הַֽמַּחֲנֶ֑ה ה֖וּא וְזִקְנֵ֥י יִשְׂרָאֵֽל ׃,ויאספ משה אל המחנה הוא וזקני ישראל,8,ואתכנש משה למשריתא הוא וסבי ישראל:,6,"καὶ ἀπῆλθεν Μωυσῆς εἰς τὴν παρεμβολήν, αὐτὸς καὶ οἱ πρεσβύτεροι Ἰσραήλ.",11,ܘܥܠ ܡܘܫܐ ܠܡܫܪܝܬܐ. ܗܘ ܘܣ̈ܒܐ ܕܐܝܣܪܝܠ.,6,"Depois Moisés se recolheu ao arraial, ele e os anciãos de Israel.",12,True,True,True
11,31,Números 11:31,וְר֜וּחַ נָסַ֣ע ׀ מֵאֵ֣ת יְהוָ֗ה וַיָּ֣גָז שַׂלְוִים֮ מִן־ הַיָּם֒ וַיִּטֹּ֨שׁ עַל־ הַֽמַּחֲנֶ֜ה כְּדֶ֧רֶךְ י֣וֹם כֹּ֗ה וּכְדֶ֤רֶךְ יוֹם֙ כֹּ֔ה סְבִיב֖וֹת הַֽמַּחֲנֶ֑ה וּכְאַמָּתַ֖יִם עַל־ פְּנֵ֥י הָאָֽרֶץ ׃,ורוח נסע מאת יהוה ויגז שלוימ מנ הימ ויטש על המחנה כדרכ יומ כה וכדרכ יומ כה סביבות המחנה וכאמתימ על פני הארצ,25,ורוחא נטל מן קדם יי ואפרח שליו מן ימא ורמא על משריתא כמהלך יומא לכא וכמהלך יומא לכא סחור סחור למשריתא וכרום תרתין אמין על אפי ארעא:,27,"Καὶ πνεῦμα ἐξῆλθεν παρὰ Κυρίου καὶ ἐξεπέρασεν ὀρτυγομήτραν ἀπὸ τῆς θαλάσσης, καὶ ἐπέβαλεν ἐπὶ τὴν παρεμβολὴν ὁδὸν ἡμέρας ἐντεῦθεν καὶ ὁδὸν ἡμέρας ἐντεῦθεν κύκλῳ τῆς παρεμβολῆς, ὡσεὶ δίπηχυ ἀπὸ τῆς γῆς.",31,ܘܪܘܚܐ ܫܩܠܬ ܡܢ ܩܕܡ ܡܪܝܐ. ܘܐܣܩܬ ܣܠܘܝ ܡܢ ܝܡܐ ܘܐܪܡܝܬ ܥܠ ܡܫܪܝܬܐ. ܡܪܕܐ ܝܘܡܐ ܠܟܐ ܘܡܪܕܐ ܝܘܡܐ ܠܟܐ ܚܕܪ̈ܝܗ̇ ܕܡܫܪܝܬܐ. ܘܐܝܟ ܬܪ̈ܬܝܢ ܐ̈ܡܝܢ ܥܠ ܐ̈ܦܝ ܐܪܥܐ.,26,"Soprou, então, um vento da parte do Senhor e, do lado do mar, trouxe codornizes que deixou cair junto ao arraial quase caminho de um dia de um e de outro lado, à roda do arraial, a cerca de dois côvados da terra.",43,True,True,True
11,32,Números 11:32,וַיָּ֣קָם הָעָ֡ם כָּל־ הַיּוֹם֩ הַה֨וּא וְכָל־ הַלַּ֜יְלָה וְכֹ֣ל ׀ י֣וֹם הַֽמָּחֳרָ֗ת וַיַּֽאַסְפוּ֙ אֶת־ הַשְּׂלָ֔ו הַמַּמְעִ֕יט אָסַ֖ף עֲשָׂרָ֣ה חֳמָרִ֑ים וַיִּשְׁטְח֤וּ לָהֶם֙ שָׁט֔וֹחַ סְבִיב֖וֹת הַֽמַּחֲנֶֽה ׃,ויקמ העמ כל היומ ההוא וכל הלילה וכל יומ המחרת ויאספו את השלו הממעיט אספ עשרה חמרימ וישטחו להמ שטוח סביבות המחנה,24,וקם עמא כל יומא ההוא וכל ליליא וכל יומא דבתרוהי וכנשו ית שליו דאזער כנש עשרא דגורין ושטחו להון משטיחין סחור סחור למשריתא:,23,"καὶ ἀναστὰς ὁ λαὸς ὅλην τὴν ἡμέραν καὶ ὅλην τὴν νύκτα καὶ ὅλην τὴν ἡμέραν τὴν ἐπαύριον, καὶ συνήγαγον τὴν ὀρτυγομήτραν· ὁ τὸ ὀλίγον συνήγαγεν δέκα κόρους· καὶ ἔσφαξαν ἑαυτοῖς ψυγμοὺς κύκλῳ τῆς παρεμβολῆς.",34,ܘܩܡ ܥܡܐ ܟܠܗ ܐܝܡܡܐ ܗ̇ܘ ܘܟܠܗ ܠܠܝܐ ܘܟܠܗ ܐܝܡܡܐ ܕܒܬܪܗ. ܘܟܢܫܘܗ̇ ܠܣܠܘܝ. ܐܝܢܐ ܕܐܙܥܪ ܟܢܫ ܥܣܪ̈ܐ ܟܪ̈ܘܢ. ܘܫܛܚܘ ܠܗܘܢ ܡܫ̈ܛܚܐ. ܚܕܪ̈ܝܗ̇ ܕܡܫܪܝܬܐ.,22,"Então o povo, levantando-se, colheu as codornizes por todo aquele dia e toda aquela noite, e por todo o dia seguinte; o que colheu menos, colheu dez hômeres. E as estenderam para si ao redor do arraial.",37,True,True,True
11,33,Números 11:33,הַבָּשָׂ֗ר עוֹדֶ֨נּוּ֙ בֵּ֣ין שִׁנֵּיהֶ֔ם טֶ֖רֶם יִכָּרֵ֑ת וְאַ֤ף יְהוָה֙ חָרָ֣ה בָעָ֔ם וַיַּ֤ךְ יְהוָה֙ בָּעָ֔ם מַכָּ֖ה רַבָּ֥ה מְאֹֽד ׃,הבשר עודנו בינ שניהמ טרמ יכרת ואפ יהוה חרה בעמ ויכ יהוה בעמ מכה רבה מאד,17,בסרא עד כען בין שניהון עד לא פסק ורגזא דיי תקיף בעמא וקטל יי בעמא קטול סגי לחדא:,18,"τὰ κρέα ἔτι ἦν ἐν τοῖς ὀδοῦσιν αὐτῶν πρὶν ἢ ἐκλείπειν, καὶ Κύριος ἐθυμώθη εἰς τὸν λαὸν αὐτοῦ· καὶ Κύριος ἐπάταξεν τὸν λαὸν πληγὴν μεγάλην σφόδρα.",26,ܒܣܪܐ ܥܕܟܝܠ ܒܝܬ ܫ̈ܢܝܗܘܢ. ܘܥܕܠܐ ܥܒܪ. ܬܩܦ ܪܘܓܙܗ ܕܡܪܝܐ ܥܠ ܥܡܐ. ܘܡܚܐ ܡܪܝܐ ܠܥܡܐ ܡܚܘܬܐ ܕܛܒ ܪܒܐ.,17,"Quando a carne ainda estava entre os seus dentes, antes que fosse mastigada, acendeu-se a ira do Senhor contra o povo, e feriu o Senhor ao povo com uma praga, mui grande.",32,True,True,True
11,34,Números 11:34,וַיִּקְרָ֛א אֶת־ שֵֽׁם־ הַמָּק֥וֹם הַה֖וּא קִבְר֣וֹת הַֽתַּאֲוָ֑ה כִּי־ שָׁם֙ קָֽבְר֔וּ אֶת־ הָעָ֖ם הַמִּתְאַוִּֽים ׃,ויקרא את שמ המקומ ההוא קברות התאוה כי שמ קברו את העמ המתאוימ,14,וקרא ית שמא דאתרא ההוא קברי דמשאלי ארי תמן קברו ית עמא דשאילו:,13,καὶ ἐκλήθη τὸ ὄνομα τοῦ τόπου ἐκείνου Μνήματα τῆς ἐπιθυμίας· ἐκεῖ ἔθαψαν τὸν λαὸν τὸν ἐπιθυμητήν.,16,ܘܩܪܐ ܫܡܗ ܕܐܬܪܐ ܗ̇ܘ ܩܒܪ̈ܐ ܕܪܓܬܐ. ܡܛܠ ܕܬܡܢ ܩܒܪܘ ܠܥܡܐ ܕܪܓܘ ܪܓܬܐ.,12,"Pelo que se chamou aquele lugar Quibrote-Taavá, porquanto ali enterraram o povo que tivera o desejo.",16,True,True,True
11,35,Números 11:35,מִקִּבְר֧וֹת הַֽתַּאֲוָ֛ה נָסְע֥וּ הָעָ֖ם חֲצֵר֑וֹת וַיִּהְי֖וּ בַּחֲצֵרֽוֹת ׃ פ,מקברות התאוה נסעו העמ חצרות ויהיו בחצרות פ,9,מקברי דמשאלי נטלו עמא לחצרות והוו בחצרות:,7,"ἀπὸ Μνημάτων ἐπιθυμίας ἐξῆρεν ὁ λαὸς εἰς Ἁσηρώθ, καὶ ἐγένετο ὁ λαὸς ἐν Ἁσηρώθ.",14,ܘܡܢ ܩܒܪ̈ܐ ܕܪܓܬܐ ܫܩܠܘ ܥܡܐ ܠܚܨܪܘܬ. ܘܗܘܘ ܒܚܨܪܘܬ.,8,De Quibrote-Taavá partiu o povo para Hazerote; e demorou-se em Hazerote.,11,True,True,True
12,1,Números 12:1,וַתְּדַבֵּ֨ר מִרְיָ֤ם וְאַהֲרֹן֙ בְּמֹשֶׁ֔ה עַל־ אֹד֛וֹת הָאִשָּׁ֥ה הַכֻּשִׁ֖ית אֲשֶׁ֣ר לָקָ֑ח כִּֽי־ אִשָּׁ֥ה כֻשִׁ֖ית לָקָֽח ׃,ותדבר מרימ ואהרנ במשה על אדות האשה הכשית אשר לקח כי אשה כשית לקח,15,ומללת מרים ואהרן במשה על עסק אתתא שפרתא די נסיב ארי אתתא שפרתא דנסיב רחיק:,15,"Καὶ ἐλάλησεν Μαριὰμ καὶ Ἀαρὼν κατὰ Μωυσῆ ἕνεκεν τῆς γυναικὸς τῆς Αἰθιοπίσσης ἣν ἔλαβεν Μωυσῆς, ὅτι γυναῖκα Αἰθιόπισσαν ἔλαβεν.",19,ܘܡܠܠܬ ܡܪܝܡ ܘܐܗܪܘܢ ܒܡܘܫܐ. ܥܠ ܨܒܘܬܐ ܕܐܢܬܬܐ ܟܘܫܝܬܐ ܕܢܣܒ. ܡܛܠ ܕܐܢܬܬܐ ܟܘܫܝܬܐ ܢܣܒ.,13,"Ora, falaram Miriã e Arão contra Moisés, por causa da mulher cuchita que este tomara; porquanto tinha tomado uma mulher cuchita.",21,True,True,True
12,2,Números 12:2,וַיֹּאמְר֗וּ הֲרַ֤ק אַךְ־ בְּמֹשֶׁה֙ דִּבֶּ֣ר יְהוָ֔ה הֲלֹ֖א גַּם־ בָּ֣נוּ דִבֵּ֑ר וַיִּשְׁמַ֖ע יְהוָֽה ׃,ויאמרו הרק אכ במשה דבר יהוה הלא גמ בנו דבר וישמע יהוה,13,ואמרו הלחוד ברם במשה מליל יי הלא אף עמנא מליל ושמיע קדם יי:,13,καὶ εἶπαν Μὴ Μωυσῇ μόνῳ λελάληκεν Κύριος; οὐχὶ καὶ ἡμῖν ἐλάλησεν; καὶ ἤκουσεν Κύριος.,14,ܘܐܡ̇ܪܝܢ. ܕܠܡܐ ܥܡ ܡܘܫܐ ܗܘ ܒܠܚܘܕ ܡܠܠ ܡܪܝܐ. ܗܐ ܐܦ ܥܡܢ ܡܠܠ. ܘܫܡܥ ܡܪܝܐ .,15,E disseram: Porventura falou o Senhor somente por Moisés? Não falou também por nós? E o Senhor o ouviu.,19,True,True,True
12,3,Números 12:3,וְהָאִ֥ישׁ מֹשֶׁ֖ה ענו מְאֹ֑ד מִכֹּל֙ הָֽאָדָ֔ם אֲשֶׁ֖ר עַל־ פְּנֵ֥י הָאֲדָמָֽה ׃ ס,והאיש משה ענו מאד מכל האדמ אשר על פני האדמה ס,12,וגברא משה ענותן לחדא מכל אנשא די על אפי ארעא:,10,καὶ ὁ ἄνθρωπος Μωυσῆς πραὺς σφόδρα παρὰ πάντας τοὺς ἀνθρώπους τοὺς ὄντας ἐπὶ τῆς γῆς.,15,ܘܓܒܪܐ ܡܘܫܐ ܡܟܝܟ ܗܘܐ ܛܒ ܡܢ ܟܠܗܘܢ ܒܢ̈ܝ ܐܢܫܐ ܕܥܠ ܐܪܥܐ.,11,"Ora, Moisés era homem mui manso, mais do que todos os homens que havia sobre a terra.",17,True,True,True
12,4,Números 12:4,וַיֹּ֨אמֶר יְהוָ֜ה פִּתְאֹ֗ם אֶל־ מֹשֶׁ֤ה וְאֶֽל־ אַהֲרֹן֙ וְאֶל־ מִרְיָ֔ם צְא֥וּ שְׁלָשְׁתְּכֶ֖ם אֶל־ אֹ֣הֶל מוֹעֵ֑ד וַיֵּצְא֖וּ שְׁלָשְׁתָּֽם ׃,ויאמר יהוה פתאמ אל משה ואל אהרנ ואל מרימ צאו שלשתכמ אל אהל מועד ויצאו שלשתמ,17,ואמר יי בתכף למשה ולאהרן ולמרים פוקו תלתיכון למשכן זמנא ונפקו תלתיהון:,12,καὶ εἶπεν Κύριος πρὸς Μωυσῆν καὶ Μαριὰμ καὶ Ἀαρών Ἐξέλθατε ὑμεῖς οἱ τρεῖς τὴν σκηνὴν τοῦ μαρτυρίου· καὶ ἐξῆλθον οἱ τρεῖς εἰς τὴν σκηνὴν τοῦ μαρτυρίου.,26,ܘܐܡܪ ܡܪܝܐ ܡܢ ܫܠܝܐ ܠܡܘܫܐ ܘܠܐܗܪܘܢ ܘܠܡܪܝܡ. ܦܘܩܘ ܬ̈ܠܬܝܟܘܢ ܠܡܫܟܢܙܒܢܐ. ܘܢܦܩܘ ܬܠܬܝܗܘܢ.,12,"E logo o Senhor disse a Moisés, a Arão e a Miriã: Saí vos três à tenda da revelação. E saíram eles três.",23,True,True,True
12,5,Números 12:5,וַיֵּ֤רֶד יְהוָה֙ בְּעַמּ֣וּד עָנָ֔ן וַֽיַּעֲמֹ֖ד פֶּ֣תַח הָאֹ֑הֶל וַיִּקְרָא֙ אַהֲרֹ֣ן וּמִרְיָ֔ם וַיֵּצְא֖וּ שְׁנֵיהֶֽם ׃,וירד יהוה בעמוד עננ ויעמד פתח האהל ויקרא אהרנ ומרימ ויצאו שניהמ,13,ואתגלי יי בעמודא דעננא וקם בתרע משכנא וקרא אהרן ומרים ונפקו תרויהון:,12,"καὶ κατέβη Κύριος ἐν στύλῳ νεφέλης, καὶ ἔστη ἐπὶ τῆς θύρας τῆς σκηνῆς τοῦ μαρτυρίου· καὶ ἐκλήθησαν Ἀαρὼν καὶ Μαριάμ, καὶ ἐξήλθοσαν ἀμφότεροι.",23,ܘܢܚܬ ܡܪܝܐ ܒܥܡܘܕܐ ܕܥܢܢܐ ܘܩܡ ܒܬܪܥܐ ܕܡܫܟܢܙܒܢܐ . ܘܩܪܐ ܠܐܗܪܘܢ ܘܠܡܪܝܡ. ܘܢܦܩܘ ܬܪ̈ܝܗܘܢ.,13,"Então o Senhor desceu em uma coluna de nuvem, e se pôs à porta da tenda; depois chamou a Arão e a Miriã, e os dois acudiram.",27,True,True,True
12,6,Números 12:6,וַיֹּ֖אמֶר שִׁמְעוּ־ נָ֣א דְבָרָ֑י אִם־ יִֽהְיֶה֙ נְבִ֣יאֲכֶ֔ם יְהוָ֗ה בַּמַּרְאָה֙ אֵלָ֣יו אֶתְוַדָּ֔ע בַּחֲל֖וֹם אֲדַבֶּר־ בּֽוֹ ׃,ויאמר שמעו נא דברי אמ יהיה נביאכמ יהוה במראה אליו אתודע בחלומ אדבר בו,15,ואמר שמעו כען פתגמי אם יהון לכון נביאין אנא יי בחזין אנא מתגלי להון בחלמין אנא ממלל עמהון:,18,"καὶ εἶπεν πρὸς αὐτούς Ἀκούσατε τῶν λόγων μου· ἐὰν γένηται προφήτης ὑμῶν Κυρίῳ, ἐν ὁράματι αὐτῷ γνωσθήσομαι καὶ ἐν ὕπνῳ λαλήσω αὐτῷ.",22,ܘܐܡܪ ܠܗܘܢ ܡܪܝܐ . ܫܡܥܘ ܗܫܐ ܦܬ̈ܓܡܝ ܐܢ ܬܗܘܐ ܢܒܝܘܬܟܘܢ. ܐܢܐ ܡܪܝܐ ܒܚܙܘܐ ܡܬܓܠܐ ܐܢܐ ܥܠܝܟܘܢ. ܘܒܚܠܡܐ ܡܡܠܠ ܐܢܐ ܥܡܟܘܢ.,20,"Então disse: Ouvi agora as minhas palavras: se entre vós houver profeta, eu, o Senhor, a ele me farei conhecer em visão, em sonhos falarei com ele.",27,True,True,True
12,7,Números 12:7,לֹא־ כֵ֖ן עַבְדִּ֣י מֹשֶׁ֑ה בְּכָל־ בֵּיתִ֖י נֶאֱמָ֥ן הֽוּא ׃,לא כנ עבדי משה בכל ביתי נאמנ הוא,9,לא כן עבדי משה בכל ביתי מהימן הוא:,8,οὐχ οὕτως ὁ θεράπων μου Μωυσῆς· ἐν ὅλῳ τῷ οἴκῳ μου πιστός ἐστιν·,13,ܠܐ ܗܘܐ ܗܟܢܐ ܥܒܕܝ ܡܘܫܐ. ܐܠܐ ܒܟܠܗ ܒܝܬܝ ܡܗܝܡܢ ܗܘ.,10,"Mas não é assim com o meu servo Moisés, que é fiel em toda a minha casa;",17,True,True,True
12,8,Números 12:8,פֶּ֣ה אֶל־ פֶּ֞ה אֲדַבֶּר־ בּ֗וֹ וּמַרְאֶה֙ וְלֹ֣א בְחִידֹ֔ת וּתְמֻנַ֥ת יְהוָ֖ה יַבִּ֑יט וּמַדּ֨וּעַ֙ לֹ֣א יְרֵאתֶ֔ם לְדַבֵּ֖ר בְּעַבְדִּ֥י בְמֹשֶֽׁה ׃,פה אל פה אדבר בו ומראה ולא בחידת ותמנת יהוה יביט ומדוע לא יראתמ לדבר בעבדי במשה,18,ממלל עם ממלל מללנא עמיה בחזו ולא בחדון ודמות יקרא דיי מסתכל ומא דין לא דחלתון למללא בעבדי במשה:,19,"στόμα κατὰ στόμα λαλήσω αὐτῷ, ἐν εἴδει καὶ οὐ δι᾽ αἰνιγμάτων, καὶ τὴν δόξαν Κυρίου εἶδεν· καὶ διὰ τί οὐκ ἐφοβήθητε καταλαλῆσαι κατὰ τοῦ θεράποντός μου Μωυσῆ;",27,ܡܢ ܦܘܡ ܠܦܘܡ ܡܡܠܠ ܐܢܐ ܥܡܗ ܒܚܙܘܐ ܘܠܐ ܒܕܡܘܬܐ. ܘܫܘܒܚܗ ܕܡܪܝܐ ܚܙܐ. ܡܛܠ ܡܢܐ ܠܐ ܕܚܠܬܘܢ ܠܡܡܠܠܘ ܒܥܒܕܝ ܡܘܫܐ.,19,"boca a boca falo com ele, claramente e não em enigmas; pois ele contempla a forma do Senhor. Por que, pois, não temestes falar contra o meu servo, contra Moisés?",30,True,True,True
12,9,Números 12:9,וַיִּֽחַר אַ֧ף יְהוָ֛ה בָּ֖ם וַיֵּלַֽךְ ׃,ויחר אפ יהוה במ וילכ,6,ותקיף רגזא דיי בהון ואסתלק:,5,"καὶ ὀργὴ θυμοῦ Κυρίου ἐπ᾽ αὐτοῖς, καὶ ἀπῆλθεν.",8,ܘܐܬܚܡܬ ܪܘܓܙܗ ܕܡܪܝܐ ܥܠܝܗܘܢ ܘܐܙܠ.,5,Assim se acendeu a ira do Senhor contra eles; e ele se retirou;,13,True,True,True
12,10,Números 12:10,וְהֶעָנָ֗ן סָ֚ר מֵעַ֣ל הָאֹ֔הֶל וְהִנֵּ֥ה מִרְיָ֖ם מְצֹרַ֣עַת כַּשָּׁ֑לֶג וַיִּ֧פֶן אַהֲרֹ֛ן אֶל־ מִרְיָ֖ם וְהִנֵּ֥ה מְצֹרָֽעַת ׃,והעננ סר מעל האהל והנה מרימ מצרעת כשלג ויפנ אהרנ אל מרימ והנה מצרעת,15,ועננא אסתלק מעלוי משכנא והא מרים חורא כתלגא ואתפני אהרן לות מרים והא סגירת:,14,"καὶ ἡ νεφέλη ἀπέστη ἀπὸ τῆς σκηνῆς, καὶ ἰδοὺ Μαριὰμ λεπρῶσα ὡσεὶ χιών. καὶ ἐπέβλεψεν Ἀαρὼν ἐπὶ Μαριάμ, καὶ ἰδοὺ λεπρῶσα.",21,ܘܥܢܢܐ ܦܪܩܬ ܡܢ ܡܫܟܢܐ. ܘܗܐ ܡܪܝܡ ܓܪܒܬ ܐܝܟ ܬܠܓܐ. ܘܐܬܦܢܝ ܐܗܪܘܢ ܠܘܬ ܡܪܝܡ ܘܚܙܐ ܕܓܪܒܬ.,15,"também a nuvem se retirou de sobre a tenda; e eis que Miriã se tornara leprosa, branca como a neve; e olhou Arão para Miriã e eis que estava leprosa.",30,True,True,True
12,11,Números 12:11,וַיֹּ֥אמֶר אַהֲרֹ֖ן אֶל־ מֹשֶׁ֑ה בִּ֣י אֲדֹנִ֔י אַל־ נָ֨א תָשֵׁ֤ת עָלֵ֨ינוּ֙ חַטָּ֔את אֲשֶׁ֥ר נוֹאַ֖לְנוּ וַאֲשֶׁ֥ר חָטָֽאנוּ ׃,ויאמר אהרנ אל משה בי אדני אל נא תשת עלינו חטאת אשר נואלנו ואשר חטאנו,16,ואמר אהרן למשה בבעו רבוני לא כען תשוי עלנא חובא דאטפשנא ודי סרחנא:,13,"καὶ εἶπεν Ἀαρὼν πρὸς Μωυσῆν Δέομαι, Κύριε, μὴ συνεπιθῇ ἡμῖν ἁμαρτίαν, διότι ἠγνοήσαμεν καθότι ἡμάρτομεν·",15,ܘܐܡܪ ܐܗܪܘܢ ܠܡܘܫܐ. ܒ̇ܥܐ ܐܢܐ ܡܢܟ ܡܪܝ. ܠܐ ܬܚܫܘܒ ܥܠܝܢ ܚܛܗܐ ܥܠ ܕܐܣܟܠܢ ܘܥܠ ܕܚܛܝܢ.,15,"Pelo que Arão disse a Moisés: Ah, meu senhor! rogo-te não ponhas sobre nós este pecado, porque procedemos loucamente, e pecamos.",21,True,True,True
12,12,Números 12:12,אַל־ נָ֥א תְהִ֖י כַּמֵּ֑ת אֲשֶׁ֤ר בְּצֵאתוֹ֙ מֵרֶ֣חֶם אִמּ֔וֹ וַיֵּאָכֵ֖ל חֲצִ֥י בְשָׂרֽוֹ ׃,אל נא תהי כמת אשר בצאתו מרחמ אמו ויאכל חצי בשרו,12,לא כען תתרחק דא מביננא ארי אחתנא היא צלי כען על בסרא מיתא הדין די בה ויתסי:,17,"μὴ γένηται ὡσεὶ ἴσον θανάτῳ, ὡσεὶ ἔκτρωμα ἐκπορευόμενον ἐκ μήτρας μητρός· κατεσθίει τὸ ἥμισυ τῶν σαρκῶν αὐτῆς.",17,ܘܠܐ ܢܗܘܐ ܐܝܟ ܡܝܬܐ ܕܢܦܩ ܡܢ ܟܪܣܐ ܕܐܡܗ. ܘܐܟܝܠ ܦܠܓܗ ܕܒܣܪܗ.,11,"Não seja ela como um morto que, ao sair do ventre de sua mãe, tenha a sua carne já meio consumida.",21,True,True,True
12,13,Números 12:13,וַיִּצְעַ֣ק מֹשֶׁ֔ה אֶל־ יְהוָ֖ה לֵאמֹ֑ר אֵ֕ל נָ֛א רְפָ֥א נָ֖א לָֽהּ ׃ פ,ויצעק משה אל יהוה לאמר אל נא רפא נא לה פ,12,וצלי משה קדם יי למימר אלהא בבעו אסי כען יתה:,10,"καὶ ἐβόησεν Μωυσῆς πρὸς Κύριον λέγων Ὁ θεός, δέομαί σου, ἴασαι αὐτήν.",12,ܘܓܥܐ ܡܘܫܐ ܠܘܬ ܡܪܝܐ ܘܐܡܪ ܒܒܥܘ ܐܠܗܐ ܐܣܗ̇.,8,"Clamou, pois, Moisés ao Senhor, dizendo: Ó Deus, rogo-te que a cures.",12,True,True,True
12,14,Números 12:14,וַיֹּ֨אמֶר יְהוָ֜ה אֶל־ מֹשֶׁ֗ה וְאָבִ֨יהָ֙ יָרֹ֤ק יָרַק֙ בְּפָנֶ֔יהָ הֲלֹ֥א תִכָּלֵ֖ם שִׁבְעַ֣ת יָמִ֑ים תִּסָּגֵ֞ר שִׁבְעַ֤ת יָמִים֙ מִח֣וּץ לַֽמַּחֲנֶ֔ה וְאַחַ֖ר תֵּאָסֵֽף ׃,ויאמר יהוה אל משה ואביה ירק ירק בפניה הלא תכלמ שבעת ימימ תסגר שבעת ימימ מחוצ למחנה ואחר תאספ,20,ואמר יי למשה ואלו אבוהה מנזף נזיף בה הלא תתכלם שבעא יומין תסתגר שבעא יומין מברא למשריתא ובתר כן תתכנש:,20,"καὶ εἶπεν Κύριος πρὸς Μωυσῆν Εἰ ὁ πατὴρ αὐτῆς πτύων ἐνέπτυσεν εἰς τὸ πρόσωπον αὐτῆς, οὐκ ἐντραπήσεται ἑπτὰ ἡμέρας; ἀφορισθήτω ἑπτὰ ἡμέρας ἔξω τῆς παρεμβολῆς, καὶ μετὰ ταῦτα εἰσελεύσεται.",29,ܘܐܡܪ ܡܪܝܐ ܠܡܘܫܐ. ܐܠܘ ܐܒܘܗ̇ ܡܪܩ ܪܩ ܒܐ̈ܦܝܗ̇. ܘ̇ܠܐ ܗܘܐ ܠܗ̇ ܕܬܒܗܬ. ܫܒܥܐ ܝܘܡ̈ܝܢ. ܬܬܒ ܫܒܥܐ ܝܘܡ̈ܝܢ ܠܒܪ ܡܢ ܡܫܪܝܬܐ ܘܗܝܕܝܢ ܬܥܘܠ.,22,"Respondeu o Senhor a Moisés: Se seu pai lhe tivesse cuspido na cara não seria envergonhada por sete dias? Esteja fechada por sete dias fora do arraial, e depois se recolherá outra vez.",33,True,True,True
12,15,Números 12:15,וַתִּסָּגֵ֥ר מִרְיָ֛ם מִח֥וּץ לַֽמַּחֲנֶ֖ה שִׁבְעַ֣ת יָמִ֑ים וְהָעָם֙ לֹ֣א נָסַ֔ע עַד־ הֵאָסֵ֖ף מִרְיָֽם ׃,ותסגר מרימ מחוצ למחנה שבעת ימימ והעמ לא נסע עד האספ מרימ,13,ואסתגרת מרים מברא למשריתא שבעא יומין ועמא לא נטל עד דאתכנשת מרים:,12,καὶ ἀφωρίσθη Μαριὰμ ἔξω τῆς παρεμβολῆς ἑπτὰ ἡμέρας· καὶ ὁ λαὸς οὐκ ἐξῆρεν ἕως ἐκαθαρίσθη Μαριάμ.,16,ܘܝܬܒܬ ܡܪܝܡ ܠܒܪ ܡܢ ܡܫܪܝܬܐ ܫܒܥܐ ܝܘܡ̈ܝܢ. ܘܥܡܐ ܠܐ ܫܩܠܘ ܥܕܡܐ ܕܥܠܬ ܡܪܝܡ.,13,"Assim Miriã esteve fechada fora do arraial por sete dias; e o povo não partiu, enquanto Miriã não se recolheu de novo.",22,True,True,True
12,16,Números 12:16,וְאַחַ֛ר נָסְע֥וּ הָעָ֖ם מֵחֲצֵר֑וֹת וַֽיַּחֲנ֖וּ בְּמִדְבַּ֥ר פָּארָֽן ׃ פ,ואחר נסעו העמ מחצרות ויחנו במדבר פארנ פ,9,ובתר כן נטלו עמא מחצרות ושרו במדברא דפארן:,8,,0,ܘܗܝܕܝܢ ܫܩܠܘ ܥܡܐ ܡܢ ܚܨܪܘܬ. ܘܫܪܘ ܒܡܕܒܪܐ ܕܦܪܢ.,8,"Mas depois o povo partiu de Hazerote, e acampou-se no deserto de Parã.",13,True,False,True
13,1,Números 13:1,וַיְדַבֵּ֥ר יְהוָ֖ה אֶל־ מֹשֶׁ֥ה לֵּאמֹֽר ׃,וידבר יהוה אל משה לאמר,6,ומליל יי עם משה למימר:,5,"καὶ μετὰ ταῦτα ἐξῆρεν ὁ λαὸς ἐξ Ἁσηρώθ, καὶ παρενέβαλον ἐν τῇ ἐρήμῳ Φαράν.",14,ܘܡܠܠ ܡܪܝܐ ܥܡ ܡܘܫܐ ܘܐܡܪ ܠܗ.,6,Então disse o Senhor a Moisés:,6,True,True,True
13,2,Números 13:2,שְׁלַח־ לְךָ֣ אֲנָשִׁ֗ים וְיָתֻ֨רוּ֙ אֶת־ אֶ֣רֶץ כְּנַ֔עַן אֲשֶׁר־ אֲנִ֥י נֹתֵ֖ן לִבְנֵ֣י יִשְׂרָאֵ֑ל אִ֣ישׁ אֶחָד֩ אִ֨ישׁ אֶחָ֜ד לְמַטֵּ֤ה אֲבֹתָיו֙ תִּשְׁלָ֔חוּ כֹּ֖ל נָשִׂ֥יא בָהֶֽם ׃,שלח לכ אנשימ ויתרו את ארצ כנענ אשר אני נתנ לבני ישראל איש אחד איש אחד למטה אבתיו תשלחו כל נשיא בהמ,23,שלח לך גברין ויאללון ית ארעא דכנען די אנא יהב לבני ישראל גברא חד גברא חד לשבטא דאבהתוהי תשלחון כל רבא דבהון:,22,Καὶ ἐλάλησεν Κύριος πρός Μωυσῆν λέγων,6,ܫܕܪ ܓܒܪ̈ܐ ܢܓܫܘܢ ܐܪܥܐ ܕܟܢܥܢ. ܕܝ̇ܗܒ ܐܢܐ ܠܒܢ̈ܝ ܐܝܣܪܝܠ. ܚܕ ܚܕ ܓܒܪܐ ܡܢ ܫܒܛܐ ܕܐܒ̈ܗܘܗܝ ܫܕܪ. ܟܠ ܪ̈ܫܐ ܕܐܝܬ ܒܗܘܢ.,20,"Envia homens que espiem a terra de Canaã, que eu hei de dar aos filhos de Israel. De cada tribo de seus pais enviarás um homem, sendo cada qual príncipe entre eles.",32,True,True,True
13,3,Números 13:3,וַיִּשְׁלַ֨ח אֹתָ֥ם מֹשֶׁ֛ה מִמִּדְבַּ֥ר פָּארָ֖ן עַל־ פִּ֣י יְהוָ֑ה כֻּלָּ֣ם אֲנָשִׁ֔ים רָאשֵׁ֥י בְנֵֽי־ יִשְׂרָאֵ֖ל הֵֽמָּה ׃,וישלח אתמ משה ממדבר פארנ על פי יהוה כלמ אנשימ ראשי בני ישראל המה,15,ושלח יתהון משה ממדברא דפארן על מימרא דיי כלהון גברין רישי בני ישראל אנון:,14,"Ἀπόστειλον σεαυτῷ ἄνδρας, καὶ κατασκεψάσθωσαν τὴν γῆν τῶν Χαναναίων, ἣν ἐγὼ δίδωμι τοῖς υἱοῖς Ἰσραὴλ εἰς κατάσχεσιν· ἄνδρα ἕνα κατὰ φυλήν, κατὰ δήμους πατριῶν αὐτῶν ἀποστείλας αὐτούς, πάντα ἀρχηγὸν ἐξ αὐτῶν.",31,ܘܫܕܪ ܐܢܘܢ ܡܘܫܐ ܡܢ ܡܕܒܪܐ ܕܦܪܢ. ܒܡܠܬ ܦܘܡܗ ܕܡܪܝܐ. ܟܠܗܘܢ ܓܒܪ̈ܐ ܪ̈ܫܐ ܐܢܘܢ ܕܐܝܣܪܝܠ.,14,"Moisés, pois, enviou-os do deserto de Parã, segundo a ordem do Senhor; eram todos eles homens principais dentre os filhos de Israel.",22,True,True,True
13,4,Números 13:4,וְאֵ֖לֶּה שְׁמוֹתָ֑ם לְמַטֵּ֣ה רְאוּבֵ֔ן שַׁמּ֖וּעַ בֶּן־ זַכּֽוּר ׃,ואלה שמותמ למטה ראובנ שמוע בנ זכור,8,ואלין שמהתהון לשבטא דראובן שמוע בר זכור:,7,καὶ ἐξαπέστειλεν αὐτοὺς Μωυσῆς ἐκ τῆς ἐρήμου Φαρὰν διὰ φωνῆς Κυρίου· πάντες ἄνδρες ἀρχηγοὶ υἱῶν Ἰσραὴλ οὗτοι.,17,ܘܗܠܝܢ ܫܡ̈ܗܝܗܘܢ. ܡܢ ܫܒܛܐ ܕܪܘܒܝܠ. ܫܡܘܥ ܒܪ ܙܟܘܪ.,8,"E estes são os seus nomes: da tribo de Rúben, Samua, filho de Zacur;",14,True,True,True
13,5,Números 13:5,לְמַטֵּ֣ה שִׁמְע֔וֹן שָׁפָ֖ט בֶּן־ חוֹרִֽי ׃,למטה שמעונ שפט בנ חורי,6,לשבטא דשמעון שפט בר חורי:,5,"καὶ ταῦτα τὰ ὀνόματα αὐτῶν· τῆς φυλῆς Ῥουβήν, Σαμουὴλ υἱὸς Ζάκχυρ.",11,ܡܢ ܫܒܛܐ ܕܫܡܥܘܢ. ܫܦܛ ܒܪ ܚܕܝ.,6,"da tribo de Simeão, Safate, filho de Hori;",8,True,True,True
13,6,Números 13:6,לְמַטֵּ֣ה יְהוּדָ֔ה כָּלֵ֖ב בֶּן־ יְפֻנֶּֽה ׃,למטה יהודה כלב בנ יפנה,6,לשבטא דיהודה כלב בר יפנה:,5,"τῆς φυλῆς Συμεών, Σαφὰτ υἱὸς Σουρεί·",6,ܡܢ ܫܒܛܐ ܕܝܗܘܕܐ ܟܠܒ ܒܪ ܝܘܦܢܐ.,6,"da tribo de Judá, Calebe, filho de Jefoné;",8,True,True,True
13,7,Números 13:7,לְמַטֵּ֣ה יִשָּׂשכָ֔ר יִגְאָ֖ל בֶּן־ יוֹסֵֽף ׃,למטה יששכר יגאל בנ יוספ,6,לשבטא דיששכר יגאל בר יוסף:,5,"τῆς φυλῆς Ἰούδα, Χαλὲβ υἱὸς Ἰεφοννή·",6,ܡܢ ܫܒܛܐ ܕܐܝܣܟܪ. ܢܓܐܝܠ ܒܪ ܝܘܣܦ.,6,"da tribo de Issacar, Ioal, filho de José;",8,True,True,True
13,8,Números 13:8,לְמַטֵּ֥ה אֶפְרָ֖יִם הוֹשֵׁ֥עַ בִּן־ נֽוּן ׃,למטה אפרימ הושע בנ נונ,6,לשבטא דאפרים הושע בר נון:,5,"τῆς φυλῆς Ἰσσαχάρ, Ἰλαὰλ υἱὸς Ἰωσήφ·",6,ܡܢ ܫܒܛܐ ܕܐܦܪܝܡ. ܗܘܫܥ ܒܪܢܘܢ.,5,"da tribo de Efraim, Oséias, filho de Num;",8,True,True,True
13,9,Números 13:9,לְמַטֵּ֣ה בִנְיָמִ֔ן פַּלְטִ֖י בֶּן־ רָפֽוּא ׃,למטה בנימנ פלטי בנ רפוא,6,לשבטא דבנימן פלטי בר רפוא:,5,"τῆς φυλῆς Ἐφράιμ, Αὑσὴ υἱὸς Ναυή·",6,ܡܢ ܫܒܛܐ ܕܒܢܝܡܝܢ. ܦܠܛܝ ܒܪ ܕܦܘ.,6,"da tribo de Benjamim, Palti, filho de Rafu;",8,True,True,True
13,10,Números 13:10,לְמַטֵּ֣ה זְבוּלֻ֔ן גַּדִּיאֵ֖ל בֶּן־ סוֹדִֽי ׃,למטה זבולנ גדיאל בנ סודי,6,לשבטא דזבולן גדיאל בר סודי:,5,"τῆς φυλῆς Βενιαμείν, Φαλτεὶ υἱὸς Ῥαφού·",6,ܡܢ ܫܒܛܐ ܕܙܒܘܠܘܢ. ܓܕܝ ܒܪ ܣܘܪܝ .,7,"da tribo de Zebulom, Gadiel, filho de Sódi;",8,True,True,True
13,11,Números 13:11,לְמַטֵּ֥ה יוֹסֵ֖ף לְמַטֵּ֣ה מְנַשֶּׁ֑ה גַּדִּ֖י בֶּן־ סוּסִֽי ׃,למטה יוספ למטה מנשה גדי בנ סוסי,8,לשבטא דיוסף לשבטא דמנשה גדי בר סוסי:,7,"τῆς φυλῆς Ζαβουλών, Γουδιὴλ υἱὸς Σουδεί·",6,ܡܢ ܫܒܛܐ ܕܝܘܣܦ ܡܢ ܫܒܛܐ ܕܡܢܫܐ. ܓܕܝ ܒܪ ܣܘܣܝ.,9,"da tribo de José, pela tribo de Manassés, Gadi, filho de Susi;",12,True,True,True
13,12,Números 13:12,לְמַטֵּ֣ה דָ֔ן עַמִּיאֵ֖ל בֶּן־ גְּמַלִּֽי ׃,למטה דנ עמיאל בנ גמלי,6,לשבטא דדן עמיאל בר גמלי:,5,"τῆς φυλῆς Ἰωσὴφ τῶν υἱῶν Μανασσή, Γαδδεὶ υἱὸς Σουσεί·",9,ܡܢ ܫܒܛܐ ܕܕܢ. ܓܡܠܝܐܝܠ ܒܪ ܓܡܠܝ.,6,"da tribo de Dã, Amiel, filho de Gemali;",8,True,True,True
13,13,Números 13:13,לְמַטֵּ֣ה אָשֵׁ֔ר סְת֖וּר בֶּן־ מִיכָאֵֽל ׃,למטה אשר סתור בנ מיכאל,6,לשבטא דאשר סתור בר מיכאל:,5,"τῆς φυλῆς Δάν, Ἀμειὴλ υἱὸς Γαμαί·",6,ܡܢ ܫܒܛܐ ܕܐܫܝܪ. ܣܬܘܪ ܒܪ ܡܠܟܝܠ.,6,"da tribo de Aser, Setur, filho de Micael;",8,True,True,True
13,14,Números 13:14,לְמַטֵּ֣ה נַפְתָּלִ֔י נַחְבִּ֖י בֶּן־ וָפְסִֽי ׃,למטה נפתלי נחבי בנ ופסי,6,לשבטא דנפתלי נחבי בר ופסי:,5,"τῆς φυλῆς Ἀσήρ, Σαθοὺρ υἱὸς Μειχαήλ·",6,ܡܢ ܫܒܛܐ ܕܢܦܬܠܝ. ܢܚܒܝ ܒܪ ܘܦܣܝ.,6,"da tribo de Naftali, Nabi, filho de Vofsi;",8,True,True,True
13,15,Números 13:15,לְמַטֵּ֣ה גָ֔ד גְּאוּאֵ֖ל בֶּן־ מָכִֽי ׃,למטה גד גאואל בנ מכי,6,לשבטא דגד גאואל בר מכי:,5,"τῆς φυλῆς Νεφθαλεί, Ναβεὶ υἱὸς Ἰαβεί·",6,ܡܢ ܫܒܛܐ ܕܓܕ ܓܘܐܝܠ ܒܪ ܡܟܝܪ.,6,"da tribo de Gade, Geuel, filho de Maqui.",8,True,True,True
13,16,Números 13:16,אֵ֚לֶּה שְׁמ֣וֹת הָֽאֲנָשִׁ֔ים אֲשֶׁר־ שָׁלַ֥ח מֹשֶׁ֖ה לָת֣וּר אֶת־ הָאָ֑רֶץ וַיִּקְרָ֥א מֹשֶׁ֛ה לְהוֹשֵׁ֥עַ בִּן־ נ֖וּן יְהוֹשֻֽׁעַ ׃,אלה שמות האנשימ אשר שלח משה לתור את הארצ ויקרא משה להושע בנ נונ יהושע,16,אלין שמהת גבריא די שלח משה לאללא ית ארעא וקרא משה להושע בר נון יהושע:,15,"τῆς φυλῆς Γάδ, Γουδιὴλ υἱὸς Μακχί.",6,ܗܠܝܢ ܫܡ̈ܗܐ ܕܓܒܪ̈ܐ ܕܫܕܪ ܡܘܫܐ ܠܡܓܫ ܐܪܥܐ. ܘܩܪܐ ܡܘܫܐ ܠܗܘܫܥ ܒܪܢܘܢ ܝܫܘܥ.,12,"Estes são os nomes dos homens que Moisés enviou a espiar a terra. Ora, a Oséias, filho de Num, Moisés chamou Josué.",22,True,True,True
13,17,Números 13:17,וַיִּשְׁלַ֤ח אֹתָם֙ מֹשֶׁ֔ה לָת֖וּר אֶת־ אֶ֣רֶץ כְּנָ֑עַן וַיֹּ֣אמֶר אֲלֵהֶ֗ם עֲל֥וּ זֶה֙ בַּנֶּ֔גֶב וַעֲלִיתֶ֖ם אֶת־ הָהָֽר ׃,וישלח אתמ משה לתור את ארצ כנענ ויאמר אלהמ עלו זה בנגב ועליתמ את ההר,16,ושלח יתהון משה לאללא ית ארעא דכנען ואמר להון סקו דא בדרומא ותסקון לטורא:,14,ταῦτα τὰ ὀνόματα τῶν ἀνδρῶν οὓς ἀπέστειλεν Μωυσῆς κατασκέψασθαι τὴν γῆν. καὶ ἐπωνόμασεν Μωυσῆς τὸν Αὑσὴ υἱὸν Ναυὴ Ἰησοῦν.,19,ܘܫܕܪ ܐܢܘܢ ܡܘܫܐ ܠܡܓܫ ܐܪܥܐ ܕܟܢܥܢ ܘܐܡܪ ܠܗܘܢ. ܣܩܘ ܗܟܢܐ ܠܬܝܡܢܐ. ܘܣܩܘ ܠܛܘܪܐ.,13,"Enviou-os, pois, Moisés a espiar: a terra de Canaã, e disse-lhes: Subi por aqui para o Negebe, e penetrai nas montanhas;",21,True,True,True
13,18,Números 13:18,וּרְאִיתֶ֥ם אֶת־ הָאָ֖רֶץ מַה־ הִ֑וא וְאֶת־ הָעָם֙ הַיֹּשֵׁ֣ב עָלֶ֔יהָ הֶחָזָ֥ק הוּא֙ הֲרָפֶ֔ה הַמְעַ֥ט ה֖וּא אִם־ רָֽב ׃,וראיתמ את הארצ מה הוא ואת העמ הישב עליה החזק הוא הרפה המעט הוא אמ רב,17,ותחזון ית ארעא מא היא וית עמא דיתב עלה התקיף הוא אם חלש הזער הוא אם סגי:,17,"καὶ ἀπέστειλεν αὐτοὺς Μωυσῆς κατασκέψασθαι τὴν γῆν Χανάαν καὶ εἶπεν πρὸς αὐτούς Ἀνάβητε ταύτῃ τῇ ἐρήμῳ, καὶ ἀναβήσεσθε εἰς τὸ ὄρος·",21,ܘܚܙܘ ܠܐܪܥܐ ܡܢܐ ܗܝ. ܘܠܥܡܐ ܕܝ̇ܬܒܝܢ ܒܗ̇. ܐܢ ܥܫܝܢ ܗܘ ܐܘ ܚܠܫ. ܐܘ ܙܥܘܪ ܗܘ ܐܘ ܣܓܝ.,17,"e vede a terra, que tal é; e o povo que nela habita, se é forte ou fraco, se pouco ou muito;",22,True,True,True
13,19,Números 13:19,וּמָ֣ה הָאָ֗רֶץ אֲשֶׁר־ הוּא֙ יֹשֵׁ֣ב בָּ֔הּ הֲטוֹבָ֥ה הִ֖וא אִם־ רָעָ֑ה וּמָ֣ה הֶֽעָרִ֗ים אֲשֶׁר־ הוּא֙ יוֹשֵׁ֣ב בָּהֵ֔נָּה הַבְּמַֽחֲנִ֖ים אִ֥ם בְּמִבְצָרִֽים ׃,ומה הארצ אשר הוא ישב בה הטובה הוא אמ רעה ומה הערימ אשר הוא יושב בהנה הבמחנימ אמ במבצרימ,20,ומא ארעא די הוא יתב בה הטבא היא אם בישא ומא קרויא די הוא יתב בהון הבפצחין אם בכרכין:,19,"καὶ ὄψεσθε τὴν γῆν τίς ἐστιν, καὶ τὸν λαὸν τὸν ἐνκαθήμενον ἐπ᾽ αὐτῆς, εἰ ἰσχυρότερός ἐστιν ἢ ἀσθενής, ἢ ὀλίγοι εἰσὶν ἢ πολλοί·",23,ܘܡܢܐ ܗܝ ܐܪܥܐ ܕܝ̇ܬܒܝܢ ܒܗ̇.,5,"que tal é a terra em que habita, se boa ou má; que tais são as cidades em que habita, se arraiais ou fortalezas;",24,True,True,True
13,20,Números 13:20,וּמָ֣ה הָ֠אָרֶץ הַשְּׁמֵנָ֨ה הִ֜וא אִם־ רָזָ֗ה הֲיֵֽשׁ־ בָּ֥הּ עֵץ֙ אִם־ אַ֔יִן וְהִ֨תְחַזַּקְתֶּ֔ם וּלְקַחְתֶּ֖ם מִפְּרִ֣י הָאָ֑רֶץ וְהַ֨יָּמִ֔ים יְמֵ֖י בִּכּוּרֵ֥י עֲנָבִֽים ׃,ומה הארצ השמנה הוא אמ רזה היש בה עצ אמ אינ והתחזקתמ ולקחתמ מפרי הארצ והימימ ימי בכורי ענבימ,20,ומא ארעא העתירא היא אם מסכנא האית בה אילנין אם לא ותתקפון ותסבון מאבא דארעא ויומיא יומי בכורי ענבין:,19,"καὶ τίς ἡ γῆ εἰς ἣν οὗτοι ἐνκάθηνται ἐπ᾽ αὐτῆς, ἢ καλή ἐστιν ἢ πονηρά· καὶ τίνες αἱ πόλεις εἰς ἃς οὗτοι κατοικοῦσιν ἐν αὐταῖς, ἢ ἐν τειχήρεσιν ἢ ἐν ἀτειχίσταις·",31,ܐܢ ܫܡܝܢܐ ܗܝ ܐܘ ܐܝܬ ܒܗ̇ ܐ̈ܝܠܢܐ ܐܘ ܠܐ. ܘܐܬܚܝܠܘ ܘܣܒܘ ܡܢ ܦܐܪ̈ܐ ܕܐܪܥܐ. ܘܝܘܡ̈ܬܐ ܝܘܡ̈ܝ ܒܟܪ̈ܐ ܕܥܢ̈ܒܐ.,18,"e que tal é a terra, se gorda ou magra; se nela há árvores, ou não; e esforçai-vos, e tomai do fruto da terra. Ora, a estação era a das uvas temporãs.",32,True,True,True
13,21,Números 13:21,וַֽיַּעֲל֖וּ וַיָּתֻ֣רוּ אֶת־ הָאָ֑רֶץ מִמִּדְבַּר־ צִ֥ן עַד־ רְחֹ֖ב לְבֹ֥א חֲמָֽת ׃,ויעלו ויתרו את הארצ ממדבר צנ עד רחב לבא חמת,11,וסליקו ואלילו ית ארעא ממדברא דצין עד רחוב למטי חמת:,10,"καὶ τίς ἡ γῆ, ἢ πίων ἢ παρειμένη, ἢ ἔστιν ἐν αὐτῇ δένδρα ἢ οὔ. καὶ προσκαρτερήσαντες λήμψεσθε ἀπὸ τῶν καρπῶν τῆς γῆς. καὶ αἱ ἡμέραι ἡμέραι ἔαρος, πρόδρομοι σταφυλῆς.",30,ܘܣܠܩܘ ܘܓܫܘܗ̇ ܠܐܪܥܐ ܡܢ ܡܕܒܪܐ ܕܨܝܢ. ܘܥܕܡܐ ܠܪܚܘܒ ܕܒܡܥܠܢܐ ܕܚܡܬ.,10,"Assim subiram, e espiaram a terra desde o deserto de Zim, até Reobe, à entrada de Hamate.",17,True,True,True
13,22,Números 13:22,וַיַּעֲל֣וּ בַנֶּגֶב֮ וַיָּבֹ֣א עַד־ חֶבְרוֹן֒ וְשָׁ֤ם אֲחִימַן֙ שֵׁשַׁ֣י וְתַלְמַ֔י יְלִידֵ֖י הָעֲנָ֑ק וְחֶבְר֗וֹן שֶׁ֤בַע שָׁנִים֙ נִבְנְתָ֔ה לִפְנֵ֖י צֹ֥עַן מִצְרָֽיִם ׃,ויעלו בנגב ויבא עד חברונ ושמ אחימנ ששי ותלמי ילידי הענק וחברונ שבע שנימ נבנתה לפני צענ מצרימ,19,וסליקו בדרומא ואתא עד חברון ותמן אחימן ששי ותלמי בני גבריא וחברון שבע שנין אתבניאת קדם טנס דמצרים:,18,"καὶ ἀναβάντες κατεσκέψαντο τὴν γῆν ἀπὸ τῆς ἐρήμου Σεὶν ἕως Ῥαάβ, εἰσπορευομένων Ἑφαάθ.",13,ܘܣܠܩܘ ܠܬܝܡܢܐ. ܘܐܬܘ ܥܕܡܐ ܠܚܒܪܘܢ. ܘܬܡܢ ܗܘܘ ܐܚܝܡܢ ܘܫܝܫܝ ܘܬܘܠܡܝ ܒܢ̈ܝ ܓܢܒܪ̈ܐ. ܘܚܒܪܘܢ ܫܒܥ ܫ̈ܢܝܢ ܐܬܒܢܝܬ ܩܕܡ ܨܥܢ ܕܒܡܨܪܝܢ.,19,"E subindo para o Negebe, vieram até Hebrom, onde estavam Aimã, Sesai e Talmai, filhos de Anaque. {Ora, Hebrom foi edificada sete anos antes de Zoã no Egito. }",29,True,True,True
13,23,Números 13:23,וַיָּבֹ֜אוּ עַד־ נַ֣חַל אֶשְׁכֹּ֗ל וַיִּכְרְת֨וּ מִשָּׁ֤ם זְמוֹרָה֙ וְאֶשְׁכּ֤וֹל עֲנָבִים֙ אֶחָ֔ד וַיִּשָּׂאֻ֥הוּ בַמּ֖וֹט בִּשְׁנָ֑יִם וּמִן־ הָרִמֹּנִ֖ים וּמִן־ הַתְּאֵנִֽים ׃,ויבאו עד נחל אשכל ויכרתו משמ זמורה ואשכול ענבימ אחד וישאהו במוט בשנימ ומנ הרמנימ ומנ התאנימ,18,ואתו עד נחלא דאתכלא וקצו מתמן עוברתא ואתכל ענבין חד ונטלוהי באריחא בתרין ומן רמוניא ומן תאניא:,17,"καὶ ἀνέβησαν κατὰ τὴν ἔρημον καὶ ἦλθον ἕως Χεβρών, καὶ ἐκεῖ Ἀχειμὰν καὶ Σεσσεὶ καὶ Θελαμείν, γενεαὶ Ἐνάχ· καὶ Χεβρὼν ἑπτὰ ἔτεσιν ᾠκοδομήθη πρὸ τοῦ Τάνιν Αἰγύπτου.",27,ܘܐܬܘ ܥܕܡܐ ܠܢܚܠܐ ܕܣܓܘܠܐ. ܘܦܣܩܘ ܡܢ ܬܡܢ ܫܒܘܩܐ ܘܣܓܘܠܐ ܚܕ ܕܥܢ̈ܒܐ. ܘܫܩܠܘܗܝ ܒܩܘܦܐ ܒܝܬ ܬܪ̈ܝܢ. ܘܡܢ ܪ̈ܘܡܢܐ ܘܡܢ ܬܐ̈ܢܐ.,19,"Depois vieram até e vale de Escol, e dali cortaram um ramo de vide com um só cacho, o qual dois homens trouxeram sobre uma verga; trouxeram também romãs e figos.",31,True,True,True
13,24,Números 13:24,לַמָּק֣וֹם הַה֔וּא קָרָ֖א נַ֣חַל אֶשְׁכּ֑וֹל עַ֚ל אֹד֣וֹת הָֽאֶשְׁכּ֔וֹל אֲשֶׁר־ כָּרְת֥וּ מִשָּׁ֖ם בְּנֵ֥י יִשְׂרָאֵֽל ׃,למקומ ההוא קרא נחל אשכול על אדות האשכול אשר כרתו משמ בני ישראל,14,לאתרא ההוא קרא נחלא דאתכלא על עסק אתכלא דקצו מתמן בני ישראל:,12,"καὶ ἦλθον ἕως Φάραγγος βότρυος, καὶ κατεσκέψαντο αὐτήν· καὶ ἔκοψαν ἐκεῖθεν κλήματα καὶ βότρυν σταφυλῆς ἕνα ἐπ᾽ αὐτοῦ, καὶ ἦραν αὐτὸν ἐπ᾽ ἀναφορεῦσιν, καὶ ἀπὸ τῶν ῥοῶν καὶ ἀπὸ τῶν σικύων.",31,ܘܠܐܬܪܐ ܗ̇ܘ ܩܪܘ ܢܚܠܐ ܕܣܓܘܠܐ. ܡܛܠ ܣܓܘܠܐ ܕܩܛܦܘ ܡܢ ܬܡܢ ܒܢ̈ܝ ܐܝܣܪܝܠ.,12,"Chamou-se aquele lugar o vale de Escol, por causa do cacho que dali cortaram os filhos de Israel.",18,True,True,True
13,25,Números 13:25,וַיָּשֻׁ֖בוּ מִתּ֣וּר הָאָ֑רֶץ מִקֵּ֖ץ אַרְבָּעִ֥ים יֽוֹם ׃,וישבו מתור הארצ מקצ ארבעימ יומ,7,ותבו מלאללא ית ארעא מסוף ארבעין יומין:,7,"τὸν τόπον ἐκεῖνον ἐπωνόμασαν Φάραγξ βότρυος, διὰ τὸν βότρυν ὃν ἔκοψαν ἐκεῖθεν οἱ υἱοὶ Ἰσραήλ.",15,ܘܗܦܟܘ ܡܢ ܓܫܬܗ̇ ܕܐܪܥܐ ܒܬܪ ܐܪ̈ܒܥܝܢ ܝܘܡ̈ܝܢ.,7,Ao fim de quarenta dias voltaram de espiar a terra.,10,True,True,True
13,26,Números 13:26,וַיֵּלְכ֡וּ וַיָּבֹאוּ֩ אֶל־ מֹשֶׁ֨ה וְאֶֽל־ אַהֲרֹ֜ן וְאֶל־ כָּל־ עֲדַ֧ת בְּנֵֽי־ יִשְׂרָאֵ֛ל אֶל־ מִדְבַּ֥ר פָּארָ֖ן קָדֵ֑שָׁה וַיָּשִׁ֨יבוּ אוֹתָ֤ם דָּבָר֙ וְאֶת־ כָּל־ הָ֣עֵדָ֔ה וַיַּרְא֖וּם אֶת־ פְּרִ֥י הָאָֽרֶץ ׃,וילכו ויבאו אל משה ואל אהרנ ואל כל עדת בני ישראל אל מדבר פארנ קדשה וישיבו אותמ דבר ואת כל העדה ויראומ את פרי הארצ,26,ואזלו ואתו לות משה ולות אהרן ולות כל כנשתא דבני ישראל למדברא דפארן לרקם ואתיבו יתהון פתגמא וית כל כנשתא ואחזיאנון ית אבא דארעא:,24,Καὶ ἀπέστρεψαν ἐκεῖθεν κατασκεψάμενοι τὴν γῆν μετὰ τεσσεράκοντα ἡμέρας.,9,ܘܐܬܘ ܠܘܬ ܡܘܫܐ ܘܠܘܬ ܐܗܪܘܢ. ܘܠܘܬ ܟܠܗ̇ ܟܢܘܫܬܐ ܕܒ̈ܢܝ ܐܝܣܪܝܠ ܠܡܕܒܪܐ ܕܦܪܢ ܠܪܩܡ. ܘܐܬܝܒܘܗܝ ܦܬܓܡܐ ܠܗ ܘܠܟܠܗ̇ ܟܢܘܫܬܐ. ܘܚܘܝܘ ܐܢܘܢ ܦܐܪ̈ܐ ܕܐܪܥܐ.,22,"E, chegando, apresentaram-se a Moisés e a Arão, e a toda a congregação dos filhos de Israel, no deserto de Parã, em Cades; e deram-lhes notícias, a eles e a toda a congregação, e mostraram-lhes o fruto da terra.",39,True,True,True
13,27,Números 13:27,וַיְסַפְּרוּ־ לוֹ֙ וַיֹּ֣אמְר֔וּ בָּ֕אנוּ אֶל־ הָאָ֖רֶץ אֲשֶׁ֣ר שְׁלַחְתָּ֑נוּ וְ֠גַם זָבַ֨ת חָלָ֥ב וּדְבַ֛שׁ הִ֖וא וְזֶה־ פִּרְיָֽהּ ׃,ויספרו לו ויאמרו באנו אל הארצ אשר שלחתנו וגמ זבת חלב ודבש הוא וזה פריה,16,ואשתעיאו ליה ואמרו אתינא לארעא די שלחתנא ואף עבדא חלב ודבש היא ודין אבה:,14,"καὶ πορευθέντες ἦλθον πρὸς Μωυσῆν καὶ Ἀαρὼν καὶ πρὸς πᾶσαν συναγωγὴν υἱῶν Ἰσραὴλ εἰς τὴν ἔρημον Φαρὰν Καδής· καὶ ἀπεκρίθησαν αὐτοῖς ῥῆμα καὶ πάσῃ συναγωγῇ, καὶ ἔδειξαν τὸν καρπὸν τῆς γῆς.",31,ܘܐܫܬܥܝܘ ܠܗ ܘܐܡܪܘ. ܐܙܠܢ ܠܐܪܥܐ ܕܫܕܪܬܢ ܘܡܪܕܝܐ ܚܠܒܐ ܘܕܒܫܐ. ܘܗܠܝܢ ܦܐܪ̈ܝܗ̇.,11,"E, dando conta a Moisés, disseram: Fomos à terra a que nos enviaste. Ela, em verdade, mana leite e mel; e este é o seu fruto.",26,True,True,True
13,28,Números 13:28,אֶ֚פֶס כִּֽי־ עַ֣ז הָעָ֔ם הַיֹּשֵׁ֖ב בָּאָ֑רֶץ וְהֶֽעָרִ֗ים בְּצֻר֤וֹת גְּדֹלֹת֙ מְאֹ֔ד וְגַם־ יְלִדֵ֥י הָֽעֲנָ֖ק רָאִ֥ינוּ שָֽׁם ׃,אפס כי עז העמ הישב בארצ והערימ בצרות גדלת מאד וגמ ילדי הענק ראינו שמ,16,לחוד ארי תקיף עמא דיתב בארעא וקרויא כריכן רברבן לחדא ואף בני גבריא חזינא תמן:,15,"καὶ διηγήσαντο αὐτῷ καὶ εἶπαν Ἤλθαμεν εἰς τὴν γῆν ἣν ἀπέστειλας ἡμᾶς, γῆν ῥέουσαν γάλα καὶ μέλι, καὶ οὗτος ὁ καρπὸς αὐτῆς·",22,ܒܪܡ ܕܝܢ ܥܫܝܢ ܥܡܐ ܕܝ̇ܬܒܝܢ ܒܐܪܥܐ. ܘܩܘܪ̈ܝܐ ܥܫܝܢܢ ܘܛܒ ܪ̈ܘܪܒܢ. ܘܐܦ ܒܢ̈ܝ ܓܢܒܪ̈ܐ ܚܙܝܢ ܬܡܢ.,15,"Contudo o povo que habita nessa terra é poderoso, e as cidades são fortificadas e mui grandes. Vimos também ali os filhos de Anaque.",24,True,True,True
13,29,Números 13:29,עֲמָלֵ֥ק יוֹשֵׁ֖ב בְּאֶ֣רֶץ הַנֶּ֑גֶב וְ֠הַֽחִתִּי וְהַיְבוּסִ֤י וְהָֽאֱמֹרִי֙ יוֹשֵׁ֣ב בָּהָ֔ר וְהַֽכְּנַעֲנִי֙ יֹשֵׁ֣ב עַל־ הַיָּ֔ם וְעַ֖ל יַ֥ד הַיַּרְדֵּֽן ׃,עמלק יושב בארצ הנגב והחתי והיבוסי והאמרי יושב בהר והכנעני ישב על הימ ועל יד הירדנ,17,עמלקאה יתב בארע דרומא וחתאה ויבוסאה ואמוראה יתב בטורא וכנענאה יתב על ימא ועל כיף ירדנא:,16,"ἀλλ᾽ ἢ ὃτι θρασὺ τὸ ἒθνος τὸ κατοικοῦν ἐπ᾽ αὐτῆς, καὶ πόλεις ὀχυραὶ τετειχισμέναι καὶ μεγάλαι σφόδρα, καὶ τὴν γενεὰν Ἐνὰχ ἑωράκαμεν ἐκεῖ·",23,ܥܡܠܝܩ ܝ̇ܬܒ ܒܐܪܥܐ ܕܬܝܡܢܐ. ܘܚ̈ܬܝܐ ܘܝܒ̈ܘܣܝܐ ܘܐܡܘܪ̈ܝܐ ܝ̇ܬܒܝܢ ܒܛܘܪܐ. ܘܟܢ̈ܥܢܝܐ ܝ̇ܬܒܝܢ ܥܠ ܝܕ ܝܡܐ. ܘܥܠ ܝܕ ܝܘܪܕܢܢ.,17,"Os amalequitas habitam na terra do Negebe; os heteus, os jebuseus e os amorreus habitam nas montanhas; e os cananeus habitam junto do mar, e ao longo do rio Jordão.",30,True,True,True
13,30,Números 13:30,וַיַּ֧הַס כָּלֵ֛ב אֶת־ הָעָ֖ם אֶל־ מֹשֶׁ֑ה וַיֹּ֗אמֶר עָלֹ֤ה נַעֲלֶה֙ וְיָרַ֣שְׁנוּ אֹתָ֔הּ כִּֽי־ יָכ֥וֹל נוּכַ֖ל לָֽהּ ׃,ויהס כלב את העמ אל משה ויאמר עלה נעלה וירשנו אתה כי יכול נוכל לה,16,ואצית כלב ית עמא למשה ואמר מיסק ניסק ונירת יתה ארי מיכל ניכול לה:,14,"καὶ Ἀμαλὴκ κατοικεῖ ἐν τῇ γῇ τῇ πρὸς νότον, καὶ ὁ Χετταῖος καὶ ὁ Εὑαῖος καὶ ὁ Ἰεβουσαῖος καὶ ὁ Ἀμορραῖος κατοικεῖ ἐν τῇ ὀρεινῇ, καὶ ὁ Χαναναῖος κατοικεῖ παρὰ θάλασσαν.",31,ܘܫܬܩ ܟܠܒ ܥܡܐ ܡܢ ܡܘܫܐ ܘܐܡܪ. ܡܣܩ ܢܣܩ ܘܢܐܪܬܝܗ̇. ܡܛܠ ܕܡܨܝܢܢ ܚܝܠܗ̇.,12,"Então Calebe, fazendo calar o povo perante Moisés, disse: Subamos animosamente, e apoderemo-nos dela; porque bem poderemos prevalecer contra ela.",20,True,True,True
13,31,Números 13:31,וְהָ֨אֲנָשִׁ֜ים אֲשֶׁר־ עָל֤וּ עִמּוֹ֙ אָֽמְר֔וּ לֹ֥א נוּכַ֖ל לַעֲל֣וֹת אֶל־ הָעָ֑ם כִּֽי־ חָזָ֥ק ה֖וּא מִמֶּֽנּוּ ׃,והאנשימ אשר עלו עמו אמרו לא נוכל לעלות אל העמ כי חזק הוא ממנו,15,וגבריא די סליקו עמיה אמרו לא ניכול למיסק לות עמא ארי תקיף הוא מננא:,14,"καὶ κατεσιώπησεν Χαλὲβ τὸν λαὸν πρὸς Μωυσῆν καὶ εἶπεν αὐτῷ Οὐχί, ἀλλὰ ἀναβάντες ἀναβησόμεθα καὶ κατακληρονομήσομεν αὐτήν, ὅτι δυνατοὶ δυνησόμεθα πρὸς αὐτούς.",22,ܘܓܒܪ̈ܐ ܕܣܠܩܘ ܥܡܗ ܐܡ̇ܪܝܢ. ܠܐ ܡܫܟܚܝܢܢ ܠܡܣܩ ܥܠ ܥܡܐ. ܡܛܠ ܕܥܫܝܢ ܗܘ ܡܢܢ.,13,"Disseram, porém, os homens que subiram com ele: Não poderemos subir contra aquele povo, porque é mais forte do que nos.",21,True,True,True
13,32,Números 13:32,וַיּוֹצִ֜יאוּ דִּבַּ֤ת הָאָ֨רֶץ֙ אֲשֶׁ֣ר תָּר֣וּ אֹתָ֔הּ אֶל־ בְּנֵ֥י יִשְׂרָאֵ֖ל לֵאמֹ֑ר הָאָ֡רֶץ אֲשֶׁר֩ עָבַ֨רְנוּ בָ֜הּ לָת֣וּר אֹתָ֗הּ אֶ֣רֶץ אֹכֶ֤לֶת יוֹשְׁבֶ֨יהָ֙ הִ֔וא וְכָל־ הָעָ֛ם אֲשֶׁר־ רָאִ֥ינוּ בְתוֹכָ֖הּ אַנְשֵׁ֥י מִדּֽוֹת ׃,ויוציאו דבת הארצ אשר תרו אתה אל בני ישראל לאמר הארצ אשר עברנו בה לתור אתה ארצ אכלת יושביה הוא וכל העמ אשר ראינו בתוכה אנשי מדות,28,ואפיקו שום ביש על ארעא די אלילו יתה לות בני ישראל למימר ארעא די עברנא בה לאללא יתה ארעא מקטלת יתבהא היא וכל עמא די חזינא בגוה אנשין דמשחן:,29,"καὶ οἱ ἄνθρωποι οἱ συναναβάντες μετ᾽ αὐτοῦ εἶπαν Οὐκ ἀναβαίνομεν, ὅτι οὐ μὴ δυνώμεθα ἀναβῆναι πρὸς τὸ ἔθνος· ὅτι ἰσχυρότερόν ἐστιν ἡμῶν μᾶλλον.",23,ܘܐܦܩܘ ܛܒܗ̇ ܕܐܪܥܐ ܗ̇ܢܘܢ ܕܓܫܘܗ̇ ܠܒܢ̈ܝ ܐܝܣܪܝܠ. ܘܐܡܪܘ ܠܗܘܢ. ܐܪܥܐ ܕܥܒܪܢ ܒܗ̇ ܘܓܫܢܗ̇. ܐܪܥܐ ܐ̇ܟܠܬ ܥܡܘܪ̈ܝܗ̇ ܗܝ. ܘܟܠ ܥܡܐ ܕܚܙܝܢ ܒܓܘܗ̇. ܓܒܪ̈ܐ ܐܢܘܢ ܕܡܫܘܚܬܐ.,24,"Assim, perante os filhos de Israel infamaram a terra que haviam espiado, dizendo: A terra, pela qual passamos para espiá-la, é terra que devora os seus habitantes; e todo o povo que vimos nela são homens de grande estatura.",39,True,True,True
13,33,Números 13:33,וְשָׁ֣ם רָאִ֗ינוּ אֶת־ הַנְּפִילִ֛ים בְּנֵ֥י עֲנָ֖ק מִן־ הַנְּפִלִ֑ים וַנְּהִ֤י בְעֵינֵ֨ינוּ֙ כַּֽחֲגָבִ֔ים וְכֵ֥ן הָיִ֖ינוּ בְּעֵינֵיהֶֽם ׃,ושמ ראינו את הנפילימ בני ענק מנ הנפלימ ונהי בעינינו כחגבימ וכנ היינו בעיניהמ,15,ותמן חזינא ית גבריא בני ענק מן גבריא והוינא בעיני נפשנא כקמצין וכן הוינא בעיניהון:,15,"καὶ ἐξήνεγκαν ἔκστασιν ἐπὶ τῆς γῆς ἣν κατεσκέψαντο αὐτὴν πρὸς τοὺς υἱοὺς Ἰσραὴλ λέγοντες Τὴν γῆν ἣν παρήλθομεν αὐτὴν κατασκέψασθαι, γῆ κατέσθουσα τοὺς κατοικοῦντας ἐπ᾽ αὐτῆς ἐστίν· πᾶς ὁ λαὸς ὃν ἑωράκαμεν ἐν αὐτῇ ἄνδρες ὑπερμήκεις ἐκεῖ·",37,ܘܬܡܢ ܚܙܝܢ ܓܢܒܪ̈ܐ ܒܢ̈ܝ ܓܢܒܪ̈ܐ. ܕܡܢ ܓܢܒܪ̈ܐ . ܘܗ̈ܘܝܢ ܒܥܝܢ̈ܝܗܘܢ ܐܝܟ ܩܡ̈ܨܐ ܗܟܢܐ ܗ̈ܘܝܢ ܒܥܝܢ̈ܝܗܘܢ.,15,"Também vimos ali os nefilins, isto é, os filhos de Anaque, que são descendentes dos nefilins; éramos aos nossos olhos como gafanhotos; e assim também éramos aos seus olhos.",29,True,True,True
13,34,Números 13:34,,,0,,0,"καὶ ἐκεῖ ἑωράκαμεν τοὺς γίγαντας, καὶ ἦμεν ἐνώπιον αὐτῶν ὡσεὶ ἀκρίδες· ἀλλὰ καὶ οὕτως ἦμεν ἐνώπιον αὐτῶν.",17,,0,,0,False,True,False
14,1,Números 14:1,וַתִּשָּׂא֙ כָּל־ הָ֣עֵדָ֔ה וַֽיִּתְּנ֖וּ אֶת־ קוֹלָ֑ם וַיִּבְכּ֥וּ הָעָ֖ם בַּלַּ֥יְלָה הַהֽוּא ׃,ותשא כל העדה ויתנו את קולמ ויבכו העמ בלילה ההוא,11,וארימת כל כנשתא ויהבו ית קלהון ובכו עמא בליליא ההוא:,10,"Καὶ ἀναλαβοῦσα πᾶσα ἡ συναγωγὴ ἐνέδωκεν φωνῇ, καὶ ἔκλαιεν ὁ λαὸς ὅλην τὴν νύκτα ἐκείνην.",15,ܘܐܪܝܒܬ ܟܘܠܗ̇ ܟܢܘܫܬܐ. ܘܐܪܝܡܘ ܩܠܗܘܢ ܒܒܟܬܐ. ܘܒܟܐ ܥܡܐ ܒܠܠܝܐ ܗ̇ܘ .,11,Então toda a congregação levantou a voz e gritou; e o povo chorou naquela noite.,15,True,True,True
14,2,Números 14:2,וַיִּלֹּ֨נוּ֙ עַל־ מֹשֶׁ֣ה וְעַֽל־ אַהֲרֹ֔ן כֹּ֖ל בְּנֵ֣י יִשְׂרָאֵ֑ל וַֽיֹּאמְר֨וּ אֲלֵהֶ֜ם כָּל־ הָעֵדָ֗ה לוּ־ מַ֨תְנוּ֙ בְּאֶ֣רֶץ מִצְרַ֔יִם א֛וֹ בַּמִּדְבָּ֥ר הַזֶּ֖ה לוּ־ מָֽתְנוּ ׃,וילנו על משה ועל אהרנ כל בני ישראל ויאמרו אלהמ כל העדה לו מתנו בארצ מצרימ או במדבר הזה לו מתנו,22,ואתרעמו על משה ועל אהרן כל בני ישראל ואמרו להון כל כנשתא לוי דמיתנא בארעא דמצרים או במדברא הדין לוי דמיתנא:,21,"καὶ διεγόγγυζον ἐπὶ Μωυσῆν καὶ Ἀαρὼν πάντες οἱ υἱοὶ Ἰσραήλ, καὶ εἶπαν πρὸς αὐτοὺς πᾶσα ἡ συναγωγή Ὄφελον ἀπεθάνομεν ἐν γῇ Αἰγύπτῳ, ἢ ἐν τῇ ἐρήμῳ ταύτῃ εἰ ἀπεθάνομεν·",29,ܘܪܛܢܘ ܥܠ ܡܘܫܐ ܘܥܠ ܐܗܪܘܢ ܟܠܗܘܢ ܒܢ̈ܝ ܐܝܣܪܝܠ. ܘܐܡܪܘ ܠܗܘܢ ܟܠܗ̇ ܟܢܘܫܬܐ. ܐܫܬܘܦ ܕܝܢ ܡܝܬܢ ܒܐܪܥܐ ܕܡܨܪܝܢ. ܐܘ ܒܡܕܒܪܐ ܗܢܐ. ܐܫܬܘܦ ܕܝܢ ܡܝܬܢ.,23,"E todos os filhos de Israel murmuraram contra Moisés e Arão; e toda a congregação lhes disse: Antes tivéssemos morrido na terra do Egito, ou tivéssemos morrido neste deserto!",29,True,True,True
14,3,Números 14:3,וְלָמָ֣ה יְ֠הוָה מֵבִ֨יא אֹתָ֜נוּ אֶל־ הָאָ֤רֶץ הַזֹּאת֙ לִנְפֹּ֣ל בַּחֶ֔רֶב נָשֵׁ֥ינוּ וְטַפֵּ֖נוּ יִהְי֣וּ לָבַ֑ז הֲל֧וֹא ט֦וֹב לָ֖נוּ שׁ֥וּב מִצְרָֽיְמָה ׃,ולמה יהוה מביא אתנו אל הארצ הזאת לנפל בחרב נשינו וטפנו יהיו לבז הלוא טוב לנו שוב מצרימה,19,ולמא יי מעל יתנא לארעא הדא למנפל בחרבא נשנא וטפלנא יהון לבזא הלא טב לנא די נתוב למצרים:,18,καὶ ἵνα τί Κύριος εἰσάγει ἡμᾶς εἰς τὴν γῆν ταύτην πεσεῖν ἐν πολέμῳ; αἱ γυναῖκες ἡμῶν καὶ τὰ παιδία ἔσονται εἰς διαρπαγήν· νῦν οὖν βέλτιον ἡμῖν ἐστιν ἀποστραφῆναι εἰς Αἴγυπτον.,30,ܠܡܢܐ ܡܥܠ ܠܢ ܡܪܝܐ ܠܐܪܥܐ ܗܕܐ ܕܢܦܠ ܒܚܪܒܐ. ܘܢܫ̈ܝܢ ܘܝܩܪܬܢ ܢܗ̈ܘܝܢ ܠܒܙܬܐ . ܦܩܚ ܗܘܐ ܠܢ ܟܕ ܝ̇ܬܒܝܢ ܗܘܝܢ ܒܡܨܪܝܢ.,20,Por que nos traz o Senhor a esta terra para cairmos à espada? Nossas mulheres e nossos pequeninos serão por presa. Não nos seria melhor voltarmos para o Egito?,29,True,True,True
14,4,Números 14:4,וַיֹּאמְר֖וּ אִ֣ישׁ אֶל־ אָחִ֑יו נִתְּנָ֥ה רֹ֖אשׁ וְנָשׁ֥וּבָה מִצְרָֽיְמָה ׃,ויאמרו איש אל אחיו נתנה ראש ונשובה מצרימה,9,ואמרו גבר לאחוהי נמני רישא ונתוב למצרים:,7,καὶ εἶπαν ἕτερος τῷ ἑτέρῳ Δῶμεν ἀρχηγὸν καὶ ἀποστρέψωμεν εἰς Αἴγυπτον.,11,ܘܐܡܪܘ ܓܒܪ ܠܐܚܘܗܝ. ܬܘ ܢܥܒܕ ܠܢ ܪܫܐ ܘܢܗܦܘܟ ܠܡܨܪܝܢ.,9,E diziam uns aos outros: Constituamos um por chefe o voltemos para o Egito.,14,True,True,True
14,5,Números 14:5,וַיִּפֹּ֥ל מֹשֶׁ֛ה וְאַהֲרֹ֖ן עַל־ פְּנֵיהֶ֑ם לִפְנֵ֕י כָּל־ קְהַ֥ל עֲדַ֖ת בְּנֵ֥י יִשְׂרָאֵֽל ׃,ויפל משה ואהרנ על פניהמ לפני כל קהל עדת בני ישראל,12,ונפל משה ואהרן על אפיהון קדם כל קהל כנשתא דבני ישראל:,11,καὶ ἔπεσεν Μωυσῆς καὶ Ἀαρὼν ἐπὶ πρόσωπον ἐναντίον πάσης συναγωγῆς υἱῶν Ἰσραήλ.,12,ܘܢܦܠܘ ܡܘܫܐ ܘܐܗܪܘܢ ܥܠ ܐ̈ܦܝܗܘܢ. ܩܕܡ ܟܠܗ ܟܢܫܐ ܕܟܢܘܫܬܐ ܕܒܢ̈ܝ ܐܝܣܪܝܠ .,12,Então Moisés e Arão caíram com os rostos por terra perante toda a assembléia da congregação dos filhos de Israel.,20,True,True,True
14,6,Números 14:6,וִיהוֹשֻׁ֣עַ בִּן־ נ֗וּן וְכָלֵב֙ בֶּן־ יְפֻנֶּ֔ה מִן־ הַתָּרִ֖ים אֶת־ הָאָ֑רֶץ קָרְע֖וּ בִּגְדֵיהֶֽם ׃,ויהושע בנ נונ וכלב בנ יפנה מנ התרימ את הארצ קרעו בגדיהמ,13,ויהושע בר נון וכלב בר יפנה מן מאללי ית ארעא בזעו לבושיהון:,12,"Ἰησοῦς δὲ ὁ τοῦ Ναυὴ καὶ Χαλὲβ ὁ τοῦ Ἰεφοννὴ τῶν κατασκεψαμένων τὴν γῆν διέρρηξαν τὰ ἱμάτια αὐτῶν,",18,ܘܝܫܘܥ ܒܪܢܘܢ ܘܟܠܒ ܒܪ ܝܘܦܢܐ ܡܢ ܓܫ̈ܘܫܐ ܕܐܪܥܐ. ܨܪܝܘ ܢܚ̈ܬܝܗܘܢ.,10,"E Josué, filho de Num, e Calebe, filho de Jefoné, que eram dos que espiaram a terra, rasgaram as suas vestes;",21,True,True,True
14,7,Números 14:7,וַיֹּ֣אמְר֔וּ אֶל־ כָּל־ עֲדַ֥ת בְּנֵֽי־ יִשְׂרָאֵ֖ל לֵאמֹ֑ר הָאָ֗רֶץ אֲשֶׁ֨ר עָבַ֤רְנוּ בָהּ֙ לָת֣וּר אֹתָ֔הּ טוֹבָ֥ה הָאָ֖רֶץ מְאֹ֥ד מְאֹֽד ׃,ויאמרו אל כל עדת בני ישראל לאמר הארצ אשר עברנו בה לתור אתה טובה הארצ מאד מאד,18,ואמרו לכל כנשתא דבני ישראל למימר ארעא די עברנא בה לאללא יתה טבא ארעא לחדא לחדא:,16,"καὶ εἶπαν πρὸς πᾶσαν συναγωγὴν υἱῶν Ἰσραὴλ λέγοντες Ἡ γῆ, ἣν κατεσκεψάμεθα αὐτήν, ἀγαθή ἐστιν σφόδρα σφόδρα·",17,ܘܐܡܪܘ. ܠܟܠܗ̇ ܟܢܘܫܬܐ ܕܒܢ̈ܝ ܐܝܣܪܝܠ. ܐܪܥܐ ܕܥܒܪܢ ܒܗ̇ ܠܡܓܫܗ̇. ܛܒܐ ܗܝ ܐܪܥܐ ܛܒ.,13,"e falaram a toda a congregação dos filhos de Israel, dizendo: A terra, pela qual passamos para a espiar, é terra muitíssimo boa.",23,True,True,True
14,8,Números 14:8,אִם־ חָפֵ֥ץ בָּ֨נוּ֙ יְהוָ֔ה וְהֵבִ֤יא אֹתָ֨נוּ֙ אֶל־ הָאָ֣רֶץ הַזֹּ֔את וּנְתָנָ֖הּ לָ֑נוּ אֶ֕רֶץ אֲשֶׁר־ הִ֛וא זָבַ֥ת חָלָ֖ב וּדְבָֽשׁ ׃,אמ חפצ בנו יהוה והביא אתנו אל הארצ הזאת ונתנה לנו ארצ אשר הוא זבת חלב ודבש,18,אם רעוא בנא קדם יי ויעל יתנא לארעא הדא ויתננה לנא ארעא די היא עבדא חלב ודבש:,17,"εἰ αἱρετίζει ἡμᾶς Κύριος, εἰσάξει ἡμᾶς εἰς τὴν γῆν ταύτην καὶ δώσει αὐτὴν ἡμῖν, γῆ ἥτις ἐστὶν ῥέουσα γάλα καὶ μέλι.",21,ܐܢ ܨ̇ܒܐ ܒܢ ܡܪܝܐ ܘܡܥܠ ܠܢ ܠܐܪܥܐ ܗܕܐ. ܘܝ̇ܗܒ ܠܗ̇ ܠܢ. ܐܪܥܐ ܗ̇ܝ ܕܡܪܕܝܐ ܚܠܒܐ ܘܕܒܫܐ.,16,"Se o Senhor se agradar de nós, então nos introduzirá nesta terra e no-la dará; terra que mana leite e mel.",21,True,True,True
14,9,Números 14:9,אַ֣ךְ בַּֽיהוָה֮ אַל־ תִּמְרֹדוּ֒ וְאַתֶּ֗ם אַל־ תִּֽירְאוּ֙ אֶת־ עַ֣ם הָאָ֔רֶץ כִּ֥י לַחְמֵ֖נוּ הֵ֑ם סָ֣ר צִלָּ֧ם מֵעֲלֵיהֶ֛ם וַֽיהוָ֥ה אִתָּ֖נוּ אַל־ תִּירָאֻֽם ׃,אכ ביהוה אל תמרדו ואתמ אל תיראו את עמ הארצ כי לחמנו המ סר צלמ מעליהמ ויהוה אתנו אל תיראמ,21,ברם במימרא דיי לא תמרדון ואתון לא תדחלון מן עמא דארעא ארי בידנא מסירין אנון עדא תקפהון מנהון ומימרא דיי בסעדנא לא תדחלון מנהון:,24,"ἀλλὰ ἀπὸ τοῦ κυρίου μὴ ἀποστάται γίνεσθε· ὑμεῖς δὲ μὴ φοβηθῆτε τὸν λαὸν τῆς γῆς, ὅτι κατάβρωμα ἡμῖν ἐστίν· ἀφέστηκεν γὰρ ὁ καιρὸς ἀπ᾽ αὐτῶν, ὁ δὲ κύριος ἐν ἡμῖν· μὴ φοβηθῆτε αὐτούς.",33,ܒܠܚܘܕ ܥܠ ܡܪܝܐ ܠܐ ܬܡܪܕܘܢ. ܘܐܢܬܘܢ ܠܐ ܬܕܚܠܘܢ ܡܢ ܥܡܐ ܕܐܪܥܐ. ܡܛܠ ܕܠܚܡܢ ܐܢܘܢ. ܥܒܪ ܠܗ ܓܝܪ ܥܘܫܢܗܘܢ ܡܢܗܘܢ. ܘܡܪܝܐ ܥܡܢ ܗܘ. ܠܐ ܬܕܚܠܘܢ ܡܢܗܘܢ.,25,"Tão somente não sejais rebeldes contra o Senhor, e não temais o povo desta terra, porquanto são eles nosso pão. Retirou-se deles a sua defesa, e o Senhor está conosco; não os temais.",33,True,True,True
14,10,Números 14:10,וַיֹּֽאמְרוּ֙ כָּל־ הָ֣עֵדָ֔ה לִרְגּ֥וֹם אֹתָ֖ם בָּאֲבָנִ֑ים וּכְב֣וֹד יְהוָ֗ה נִרְאָה֙ בְּאֹ֣הֶל מוֹעֵ֔ד אֶֽל־ כָּל־ בְּנֵ֖י יִשְׂרָאֵֽל ׃ פ,ויאמרו כל העדה לרגומ אתמ באבנימ וכבוד יהוה נראה באהל מועד אל כל בני ישראל פ,17,ואמרו כל כנשתא למרגם יתהון באבניא ויקרא דיי אתגלי במשכן זמנא לכל בני ישראל:,14,καὶ εἶπεν πᾶσα ἡ συναγωγὴ καταλιθοβολῆσαι αὐτούς. καὶ ἡ δόξα Κυρίου ὤφθη ἐν νεφέλῃ ἐπὶ τῆς σκηνῆς τοῦ μαρτυρίου πᾶσι τοῖς υἱοῖς Ἰσραήλ.,23,ܘܐܡܪܘ ܟܘܠܗ̇ ܟܢܘܫܬܐ ܠܡܪܓܡ ܐܢܘܢ ܒܟܐ̈ܦܐ. ܘܫܘܒܚܗ ܕܡܪܝܐ ܐܬܓܠܝ ܒܥܢܢܐ . ܒܡܫܟܢܙܒܢܐ ܠܥܝܢ ܟܠܗܘܢ ܒܢ̈ܝ ܐܝܣܪܐܝܠ.,16,Mas toda a congregação disse que fossem apedrejados. Nisso a glória do Senhor apareceu na tenda da revelação a todos os filhos de Israel.,24,True,True,True
14,11,Números 14:11,וַיֹּ֤אמֶר יְהוָה֙ אֶל־ מֹשֶׁ֔ה עַד־ אָ֥נָה יְנַאֲצֻ֖נִי הָעָ֣ם הַזֶּ֑ה וְעַד־ אָ֨נָה֙ לֹא־ יַאֲמִ֣ינוּ בִ֔י בְּכֹל֙ הָֽאֹת֔וֹת אֲשֶׁ֥ר עָשִׂ֖יתִי בְּקִרְבּֽוֹ ׃,ויאמר יהוה אל משה עד אנה ינאצני העמ הזה ועד אנה לא יאמינו בי בכל האתות אשר עשיתי בקרבו,20,ואמר יי למשה עד אימתי יהון מרגזין קדמי עמא הדין ועד אימתי לא יהימנון במימרי בכל אתיא די עבדית ביניהון:,20,Καὶ εἶπεν Κύριος πρὸς Μωυσῆν Ἕως τίνος παροξύνει με ὁ λαὸς οὗτος; καὶ ἕως τίνος οὐ πιστεύουσίν μοι ἐν πᾶσιν τοῖς σημείοις οἷς ἐποίησα ἐν αὐτοῖς;,26,ܘܐܡܪ ܡܪܝܐ ܠܡܘܫܐ. ܥܕܡܐ ܠܐܡܬܝ ܡܪܓܙܝܢ ܠܝ ܥܡܐ ܗܢܐ. ܘܥܕܡܐ ܠܐܡܬܝ ܠܐ ܡܗܝܡܢܝܢ ܠܝ. ܒܟܘܠܗܝܢ ܐ̈ܬܘܬܐ ܕܥ̇ܒܕܬ ܒܝܢܬܗܘܢ.,18,"Disse então o Senhor a Moisés: Até quando me desprezará este povo e até quando não crerá em mim, apesar de todos os sinais que tenho feito no meio dele?",30,True,True,True
14,12,Números 14:12,אַכֶּ֥נּוּ בַדֶּ֖בֶר וְאוֹרִשֶׁ֑נּוּ וְאֶֽעֱשֶׂה֙ אֹֽתְךָ֔ לְגוֹי־ גָּד֥וֹל וְעָצ֖וּם מִמֶּֽנּוּ ׃,אכנו בדבר ואורשנו ואעשה אתכ לגוי גדול ועצומ ממנו,10,אמחנון במותא ואשצנון ואעבד יתך לעם רב ותקיף מנהון:,9,"πατάξω αὐτοὺς θανάτῳ καὶ ἀπολῶ αὐτούς, καὶ ποιήσω σὲ καὶ τὸν οἶκον τοῦ πατρός σου εἰς ἔθνος μέγα καὶ πολὺ μᾶλλον ἢ τοῦτο.",23,ܐܡܚܐ ܐܢܘܢ ܒܡܘܬܢܐ ܘܐܘܒܕ ܐܢܘܢ. ܘܐܥܒܕܟ ܠܥܡܐ ܕܪܒ ܘܥܫܝܢ ܡܢܗܘܢ.,10,"Com pestilência o ferirei, e o rejeitarei; e farei de ti uma nação maior e mais forte do que ele.",20,True,True,True
14,13,Números 14:13,וַיֹּ֥אמֶר מֹשֶׁ֖ה אֶל־ יְהוָ֑ה וְשָׁמְע֣וּ מִצְרַ֔יִם כִּֽי־ הֶעֱלִ֧יתָ בְכֹחֲךָ֛ אֶת־ הָעָ֥ם הַזֶּ֖ה מִקִּרְבּֽוֹ ׃,ויאמר משה אל יהוה ושמעו מצרימ כי העלית בכחכ את העמ הזה מקרבו,14,ואמר משה קדם יי וישמעון מצראי ארי אסקתא בחילך ית עמא הדין מביניהון:,13,"καὶ εἶπεν Μωυσῆς πρὸς Κύριον Καὶ ἀκούσεται Αἴγυπτος, ὅτι ἤγαγες τῇ ἰσχύι σου τὸν λαὸν τοῦτον ἐξ αὐτῶν·",18,ܘܐܡܪ ܡܘܫܐ ܠܡܪܝܐ. ܢܫܡܥܘܢ ܡܨܪ̈ܝܐ ܕܐܣܩܬ ܒܚܝܠܟ ܠܥܡܐ ܗܢܐ ܡܢ ܒܝܢܬܗܘܢ.,11,"Respondeu Moisés ao Senhor: Assim os egípcios o ouvirão, eles, do meio dos quais, com a tua força, fizeste subir este povo,",22,True,True,True
14,14,Números 14:14,וְאָמְר֗וּ אֶל־ יוֹשֵׁב֮ הָאָ֣רֶץ הַזֹּאת֒ שָֽׁמְעוּ֙ כִּֽי־ אַתָּ֣ה יְהוָ֔ה בְּקֶ֖רֶב הָעָ֣ם הַזֶּ֑ה אֲשֶׁר־ עַ֨יִן בְּעַ֜יִן נִרְאָ֣ה ׀ אַתָּ֣ה יְהוָ֗ה וַעֲנָֽנְךָ֙ עֹמֵ֣ד עֲלֵהֶ֔ם וּבְעַמֻּ֣ד עָנָ֗ן אַתָּ֨ה הֹלֵ֤ךְ לִפְנֵיהֶם֙ יוֹמָ֔ם וּבְעַמּ֥וּד אֵ֖שׁ לָֽיְלָה ׃,ואמרו אל יושב הארצ הזאת שמעו כי אתה יהוה בקרב העמ הזה אשר עינ בעינ נראה אתה יהוה ועננכ עמד עלהמ ובעמד עננ אתה הלכ לפניהמ יוממ ובעמוד אש לילה,32,וימרון ליתב ארעא הדא דשמעו ארי את יי דשכנתך שרית בגו עמא הדין די בעיניהון חזן שכינת יקרא דיי ועננך מטל עלוהון ובעמודא דעננא את מדבר קדמיהון ביממא ובעמודא דאשתא בליליא:,31,"ἀλλὰ καὶ πάντες οἱ κατοικοῦντες ἐπὶ τῆς γῆς ταύτης ἀκηκόασιν ὅτι σὺ εἶ Κύριος ἐν τῷ λαῷ τούτῳ, ὅστις ὀφθαλμοῖς κατ᾽ ὀφθαλμοὺς ὀπτάζῃ, Κύριε. καὶ ἡ νεφέλη σου ἐφέστηκεν ἐπ᾽ αὐτῶν, καὶ ἐν στύλῳ νεφέλης συνπορεύῃ πρότερος αὐτῶν τὴν ἡμέραν καὶ ἐν στύλῳ πυρὸς τὴν νύκτα.",46,ܘܢܐܡܪܘܢ ܥܡܘܪ̈ܝܗ̇ ܕܐܪܥܐ ܗܕܐ ܕܫܡܥܘ. ܕܐܢܬ ܗܘ ܡܪܝܐ ܒܓܘܗ ܕܥܡܐ ܗܢܐ. ܕܥܝܢ ܒܥܝܢ ܐܬܚܙܝܬ ܡܪܝܐ. ܘܥܢܢܟ ܩ̇ܝܡܐ ܠܥܠ ܡܢܗܘܢ. ܘܒܥܡܘܕܐ ܕܥܢܢܐ ܐܙܠܬ ܩܕܡܝܗܘܢ ܒܐܝܡܡܐ. ܘܒܥܡܘܕܐ ܕܢܘܪܐ ܒܠܠܝܐ.,27,"e o dirão aos habitantes desta terra. Eles ouviram que tu, ó Senhor, estás no meio deste povo; pois tu, ó Senhor, és visto face a face, e a tua nuvem permanece sobre eles, e tu vais adiante deles numa coluna de nuvem de dia, e numa coluna de fogo de noite.",52,True,True,True
14,15,Números 14:15,וְהֵמַתָּ֛ה אֶת־ הָעָ֥ם הַזֶּ֖ה כְּאִ֣ישׁ אֶחָ֑ד וְאָֽמְרוּ֙ הַגּוֹיִ֔ם אֲשֶׁר־ שָׁמְע֥וּ אֶֽת־ שִׁמְעֲךָ֖ לֵאמֹֽר ׃,והמתה את העמ הזה כאיש אחד ואמרו הגוימ אשר שמעו את שמעכ לאמר,14,ותקטל ית עמא הדין כגברא חד וימרון עממיא די שמעו ית שמע גברתך למימר:,14,"καὶ ἐκτρίψεις τὸν λαὸν τοῦτον ὡσεὶ ἄνθρωπον ἕνα, καὶ ἐροῦσιν τὰ ἔθνη ὅσοι ἀκηκόασιν τὸ ὄνομά σου λέγοντες",18,ܘܡܐ ܕܩܛܠܬܝܗܝ ܠܥܡܐ ܗܢܐ ܐܝܟ ܚܕ ܓܒܪ. ܢܐܡܪܘܢ ܥܡ̈ܡܐ ܕܫܡܥܘ ܫܡܥܟ .,12,"E se matares este povo como a um só homem, então as nações que têm ouvido da tua fama, dirão:",20,True,True,True
14,16,Números 14:16,מִבִּלְתִּ֞י יְכֹ֣לֶת יְהוָ֗ה לְהָבִיא֙ אֶת־ הָעָ֣ם הַזֶּ֔ה אֶל־ הָאָ֖רֶץ אֲשֶׁר־ נִשְׁבַּ֣ע לָהֶ֑ם וַיִּשְׁחָטֵ֖ם בַּמִּדְבָּֽר ׃,מבלתי יכלת יהוה להביא את העמ הזה אל הארצ אשר נשבע להמ וישחטמ במדבר,15,מדלית יוכלא קדם יי לאעלא ית עמא הדין לארעא די קים להון וקטלנון במדברא:,14,"Παρὰ τὸ μὴ δύνασθαι Κύριον εἰσαγαγεῖν τὸν λαὸν τοῦτον εἰς τὴν γῆν ἣν ὤμοσεν αὐτοῖς, κατέστρωσεν αὐτοὺς ἐν τῇ ἐρήμῳ.",20,ܡܛܠ ܕܠܐ ܐܫܟܚ ܡܪܝܐ ܕܢܥܠܝܘܗܝ ܠܥܡܐ . ܠܐܪܥܐ ܕܝܡܐ ܠܗܘܢ . ܥܠ ܗ̇ܘ ܗܘ ܢܟܣ ܐܢܘܢ ܒܡܕܒܪܐ.,17,"Porquanto o Senhor não podia introduzir este povo na terra que com juramento lhe prometera, por isso os matou no deserto.",21,True,True,True
14,17,Números 14:17,וְעַתָּ֕ה יִגְדַּל־ נָ֖א כֹּ֣חַ אֲדֹנָ֑י כַּאֲשֶׁ֥ר דִּבַּ֖רְתָּ לֵאמֹֽר ׃,ועתה יגדל נא כח אדני כאשר דברת לאמר,9,וכען סגי כען חילא קדם יי כמא דמלילתא למימר:,9,"καὶ νῦν ὑψωθήτω ἡ ἰσχύς σου, Κύριε, ὃν τρόπον εἶπας λέγων",11,ܘܗܫܐ ܢܐܪܒ ܚܝܠܟ ܡܪܝܐ. ܐܝܟ ܕܡܠܠܬ ܘܐܡܪܬ.,7,"Agora, pois, rogo-te que o poder do meu Senhor se engrandeça, segundo tens dito:",14,True,True,True
14,18,Números 14:18,יְהוָ֗ה אֶ֤רֶךְ אַפַּ֨יִם֙ וְרַב־ חֶ֔סֶד נֹשֵׂ֥א עָוֺ֖ן וָפָ֑שַׁע וְנַקֵּה֙ לֹ֣א יְנַקֶּ֔ה פֹּקֵ֞ד עֲוֺ֤ן אָבוֹת֙ עַל־ בָּנִ֔ים עַל־ שִׁלֵּשִׁ֖ים וְעַל־ רִבֵּעִֽים ׃,יהוה ארכ אפימ ורב חסד נשא עונ ופשע ונקה לא ינקה פקד עונ אבות על בנימ על שלשימ ועל רבעימ,21,יי מרחק רגז ומסגי למעבד טבון שבק לעוין ולמרוד ולחובין סלח לדתיבין לאוריתיה ודלא תיבין לא מזכי מסער חובי אבהן על בנין מרדין על דר תליתאי ועל דר רביעאי:,29,"Κύριος μακρόθυμος καὶ πολυέλεος καὶ ἀληθινός, ἀφαιρῶν ἀνομίας καὶ ἀδικίας καὶ ἁμαρτίας· καὶ καθαρισμῷ οὐ καθαριεῖ τὸν ἔνοχον, ἀποδιδοὺς ἁμαρτίας πατέρων ἐπὶ τέκνα ἕως τρίτης καὶ τετάρτης.",27,ܡܪܝܐ ܢܓܝܪܐ ܪܘܚܟ ܘܣܓܝܐܐ ܛܝܒܘܬܟ. ܘܫ̇ܒܩ ܐܢܬ ܠܥܘܠܐ ܘܠܚܛܝܬܐ. ܘܡܙܟܝܘ ܠܐ ܡܙܟܐ ܐܢܬ. ܦ̇ܩܕ ܐܢܬ ܚ̈ܘܒܐ ܕܐ̈ܒܗܐ ܥܠ ܒ̈ܢܝܐ ܘܥܠ ܒ̈ܢܝ ܒ̈ܢܝܐ . ܥܠ ܬܠܬܐ ܘܥܠ ܐܪ̈ܒܥܐ ܕܪ̈ܝܢ.,28,"O Senhor é tardio em irar-se, e grande em misericórdia; perdoa a iniqüidade e a transgressão; ao culpado não tem por inocente, mas visita a iniqüidade dos pais nos filhos até a terceira e a quarta geração.",37,True,True,True
14,19,Números 14:19,סְלַֽח־ נָ֗א לַעֲוֺ֛ן הָעָ֥ם הַזֶּ֖ה כְּגֹ֣דֶל חַסְדֶּ֑ךָ וְכַאֲשֶׁ֤ר נָשָׂ֨אתָה֙ לָעָ֣ם הַזֶּ֔ה מִמִּצְרַ֖יִם וְעַד־ הֵֽנָּה ׃,סלח נא לעונ העמ הזה כגדל חסדכ וכאשר נשאתה לעמ הזה ממצרימ ועד הנה,15,שבוק כען לחובי עמא הדין כסגיאות טבותך וכמא די שבקתא לעמא הדין ממצרים ועד כען:,15,"ἄφες τὴν ἁμαρτίαν τῷ λαῷ τούτῳ κατὰ τὸ μέγα ἔλεός σου, καθάπερ ἵλεως αὐτοῖς ἐγένου ἀπ᾽ Αἰγύπτου ἕως τοῦ νῦν.",20,ܫܒܘܩ ܗܫܐ ܠܥܘܠܗ ܕܥܡܐ ܗܢܐ ܐܝܟ ܣܘܓܐܐ ܕܛܝ̈ܒܘܬܟ. ܘܐܝܟ ܕܫܒܩܬ ܠܗܘܢ ܡܢ ܡܨܪܝܢ. ܘܥܕܡܐ ܠܗܫܐ.,15,"Perdoa, rogo-te, a iniqüidade deste povo, segundo a tua grande misericórdia, como o tens perdoado desde o Egito até, aqui.",20,True,True,True
14,20,Números 14:20,וַיֹּ֣אמֶר יְהוָ֔ה סָלַ֖חְתִּי כִּדְבָרֶֽךָ ׃,ויאמר יהוה סלחתי כדברכ,5,ואמר יי שבקית כפתגמך:,4,καὶ εἶπεν Κύριος πρὸς Μωυσῆν Ἵλεως αὐτοῖς εἰμὶ κατὰ τὸ ῥῆμά σου·,12,ܘܐܡܪ ܡܪܝܐ ܠܡܘܫܐ. ܫ̇ܒܩܬ ܠܗܘܢ ܐܝܟ ܡܠܬܟ.,7,Disse-lhe o Senhor: Conforme a tua palavra lhe perdoei;,9,True,True,True
14,21,Números 14:21,וְאוּלָ֖ם חַי־ אָ֑נִי וְיִמָּלֵ֥א כְבוֹד־ יְהוָ֖ה אֶת־ כָּל־ הָאָֽרֶץ ׃,ואולמ חי אני וימלא כבוד יהוה את כל הארצ,10,וברם קים אנא ומליא יקרא דיי ית כל ארעא:,9,"ἀλλὰ ζῶ ἐγὼ καὶ ζῶν τὸ ὄνομά μου, καὶ ἐμπλήσει ἡ δόξα Κυρίου πᾶσαν τὴν γῆν.",16,ܒܪܡ ܕܝܢ ܚܝ ܐܢܐ. ܘܐܬܡܠܝ ܫܘܒܚܗ ܕܡܪܝܐ ܒܐܪܥܐ ܟܠܗ̇.,9,"tão certo, porém, como eu vivo, e como a glória do Senhor encherá toda a terra,",16,True,True,True
14,22,Números 14:22,כִּ֣י כָל־ הָאֲנָשִׁ֗ים הָרֹאִ֤ים אֶת־ כְּבֹדִי֙ וְאֶת־ אֹ֣תֹתַ֔י אֲשֶׁר־ עָשִׂ֥יתִי בְמִצְרַ֖יִם וּבַמִּדְבָּ֑ר וַיְנַסּ֣וּ אֹתִ֗י זֶ֚ה עֶ֣שֶׂר פְּעָמִ֔ים וְלֹ֥א שָׁמְע֖וּ בְּקוֹלִֽי ׃,כי כל האנשימ הראימ את כבדי ואת אתתי אשר עשיתי במצרימ ובמדבר וינסו אתי זה עשר פעמימ ולא שמעו בקולי,21,ארי כל גבריא דחזו ית יקרי וית אתותי די עבדית במצרים ובמדברא ונסיאו קדמי דנן עשר זמנין ולא קבילו במימרי:,20,"ὅτι πάντες οἱ ἄνδρες οἱ ὁρῶντες τὴν δόξαν μου καὶ τὰ σημεῖα ἃ ἐποίησα ἐν Αἰγύπτῳ καὶ ἐν τῇ ἐρήμῳ, καὶ ἐπείρασάν με τοῦτο δέκατον καὶ οὐκ εἰσήκουσάν μου τῆς φωνῆς,",31,ܘܟܠܗܘܢ ܓܒܪ̈ܐ ܕܚܙܘ ܫܘܒܚܝ. ܘܐ̈ܬܘܬܐ ܕܥ̇ܒܕܬ ܒܡܨܪܝܢ ܘܒܡܕܒܪܐ. ܘܢܣܝܘܢܝ ܗܐ ܥܣܪ ܙܒ̈ܢܝܢ. ܘܠܐ ܫܡܥܘ ܒܩܠܝ.,15,"nenhum de todos os homens que viram a minha glória e os sinais que fiz no Egito e no deserto, e todavia me tentaram estas dez vezes, não obedecendo à minha voz,",32,True,True,True
14,23,Números 14:23,אִם־ יִרְאוּ֙ אֶת־ הָאָ֔רֶץ אֲשֶׁ֥ר נִשְׁבַּ֖עְתִּי לַאֲבֹתָ֑ם וְכָל־ מְנַאֲצַ֖י לֹ֥א יִרְאֽוּהָ ׃,אמ יראו את הארצ אשר נשבעתי לאבתמ וכל מנאצי לא יראוה,12,אם יחזון ית ארעא די קימית לאבהתהון וכל דארגיזו קדמי לא יחזנה:,12,"εἰ μὴν οὐκ ὄψονται τὴν γῆν ἣν ὤμοσα τοῖς πατράσιν αὐτῶν· ἀλλ᾽ ἢ τὰ τέκνα αὐτῶν ἅ ἐστιν μετ᾽ ἐμοῦ ὧδε, ὅσοι οὐκ οἴδασιν ἀγαθὸν οὐδὲ κακόν, πᾶς νεώτερος ἄπειρος, τούτοις δώσω τὴν γῆν· πάντες δὲ οἱ παροξύναντές με οὐκ ὄψονται αὐτήν.",42,ܐܢ ܢܚܙܘܢܗ̇ ܠܐܪܥܐ ܕܐܝ̇ܡܝܬ ܠܐܒ̈ܗܝܗܘܢ. ܟܠ ܡܪ̈ܓܙܢܝ ܠܐ ܢܚܙܘܢܗ̇.,9,nenhum deles verá a terra que com juramento prometi o seus pais; nenhum daqueles que me desprezaram a verá.,19,True,True,True
14,24,Números 14:24,וְעַבְדִּ֣י כָלֵ֗ב עֵ֣קֶב הָֽיְתָ֞ה ר֤וּחַ אַחֶ֨רֶת֙ עִמּ֔וֹ וַיְמַלֵּ֖א אַחֲרָ֑י וַהֲבִֽיאֹתִ֗יו אֶל־ הָאָ֨רֶץ֙ אֲשֶׁר־ בָּ֣א שָׁ֔מָּה וְזַרְע֖וֹ יוֹרִשֶֽׁנָּה ׃,ועבדי כלב עקב היתה רוח אחרת עמו וימלא אחרי והביאתיו אל הארצ אשר בא שמה וזרעו יורשנה,18,ועבדי כלב חלף דהוה רוח אוחרי עמיה ואשלם בתר דחלתי ואעלניה לארעא די על לתמן ובנוהי יתרכנה:,17,"ὁ δὲ παῖς μου Χαλέβ, ὅτι ἐγενήθη πνεῦμα ἕτερον ἐν αὐτῷ, καὶ ἐπηκολούθησέν μοι, εἰσάξω αὐτὸν εἰς τὴν γῆν εἰς ἣν εἰσῆλθεν ἐκεῖ, καὶ τὸ σπέρμα αὐτοῦ κληρονομήσει αὐτήν.",29,ܘܥܒܕܝ ܟܠܒ ܚܠܦ ܕܗܘܬ ܪܘܚܝ ܥܡܗ ܘܫܡܠܝ ܒܬܪܝ. ܐܥܠܝܘܗܝ ܠܐܪܥܐ ܕܥܠ ܠܬܡܢ ܘܙܪܥܗ ܢܐܪܬܝܗ̇.,14,"Mas o meu servo Calebe, porque nele houve outro espírito, e porque perseverou em seguir-me, eu o introduzirei na terra em que entrou, e a sua posteridade a possuirá.",29,True,True,True
14,25,Números 14:25,וְהָֽעֲמָלֵקִ֥י וְהַֽכְּנַעֲנִ֖י יוֹשֵׁ֣ב בָּעֵ֑מֶק מָחָ֗ר פְּנ֨וּ וּסְע֥וּ לָכֶ֛ם הַמִּדְבָּ֖ר דֶּ֥רֶךְ יַם־ סֽוּף ׃ פ,והעמלקי והכנעני יושב בעמק מחר פנו וסעו לכמ המדבר דרכ ימ סופ פ,14,ועמלקאה וכנענאה יתב במישרא מחר אתפנו וטולו לכון למדברא ארח ימא דסוף:,12,"ὁ δὲ Ἀμαλὴκ καὶ ὁ Χαναναῖος κατοικοῦσιν ἐν τῇ κοιλάδι· αὔριον ἐπιστράφητε ὑμεῖς καὶ ἀπάρατε εἰς τὴν ἔρημον, ὁδὸν θάλασσαν ἐρυθράν.",21,ܘܥܡ̈ܠܩܝܐ ܘܟܢ̈ܥܢܝܐ ܝ̇ܬܒܝܢ ܒܛܘܪܐ. ܡܚܪ ܐܬܦܢܘ ܘܫܩܘܠܘ ܠܟܘܢ ܠܡܕܒܪܐ. ܠܐܘܪܚܐ ܕܝܡܐ ܕܣܘܦ.,12,"Ora, os amalequitas e os cananeus habitam no vale; tornai-vos amanhã, e caminhai para o deserto em direção ao Mar Vermelho.",21,True,True,True
14,26,Números 14:26,וַיְדַבֵּ֣ר יְהוָ֔ה אֶל־ מֹשֶׁ֥ה וְאֶֽל־ אַהֲרֹ֖ן לֵאמֹֽר ׃,וידבר יהוה אל משה ואל אהרנ לאמר,8,ומליל יי עם משה ועם אהרן למימר:,7,Καὶ εἶπεν Κύριος πρὸς Μωυσῆν καὶ Ἀαρὼν λέγων,8,ܘܡܠܠ ܡܪܝܐ ܥܡ ܡܘܫܐ ܘܥܡ ܐܗܪܘܢ ܘܐܡܪ ܠܗܘܢ.,8,Depois disse o Senhor a Moisés e Arão:,8,True,True,True
14,27,Números 14:27,עַד־ מָתַ֗י לָעֵדָ֤ה הָֽרָעָה֙ הַזֹּ֔את אֲשֶׁ֛ר הֵ֥מָּה מַלִּינִ֖ים עָלָ֑י אֶת־ תְּלֻנּ֞וֹת בְּנֵ֣י יִשְׂרָאֵ֗ל אֲשֶׁ֨ר הֵ֧מָּה מַלִּינִ֛ים עָלַ֖י שָׁמָֽעְתִּי ׃,עד מתי לעדה הרעה הזאת אשר המה מלינימ עלי את תלנות בני ישראל אשר המה מלינימ עלי שמעתי,19,עד אימתי לכנשתא בישתא הדא די אנון מתרעמין עלי ית תרעמת בני ישראל די אנון מתרעמין עלי שמיע קדמי:,19,"Ἕως τίνος τὴν συναγωγὴν τὴν πονηρὰν ταύτην; αὐτοὶ γογγύζουσιν ἐναντίον ἐμοῦ· τὴν γόγγυσιν τῶν υἱῶν Ἰσραήλ, ἣν ἐγόγγυσαν περὶ ὑμῶν, ἀκήκοα.",21,ܥܕܡܐ ܠܐܡܬܝ ܟܢܘܫܬܐ ܗܕܐ ܒܝܫܬܐ ܪܛ̇ܢܝܢ ܩܕܡܝ. ܪܛܢܐ ܕܪܛ̇ܢܝܢ ܩܕܡܝ ܒܢ̈ܝ ܐܝܣܪܝܠ ܫ̇ܡܥܬ.,13,"Até quando sofrerei esta má congregação, que murmura contra mim? tenho ouvido as murmurações dos filhos de Israel, que eles fazem contra mim.",23,True,True,True
14,28,Números 14:28,אֱמֹ֣ר אֲלֵהֶ֗ם חַי־ אָ֨נִי֙ נְאֻם־ יְהוָ֔ה אִם־ לֹ֕א כַּאֲשֶׁ֥ר דִּבַּרְתֶּ֖ם בְּאָזְנָ֑י כֵּ֖ן אֶֽעֱשֶׂ֥ה לָכֶֽם ׃,אמר אלהמ חי אני נאמ יהוה אמ לא כאשר דברתמ באזני כנ אעשה לכמ,15,אמר להון קים אנא אמר יי אם לא כמא די מללתון קדמי כן אעבד לכון:,15,"εἰπὸν αὐτοῖς Ζῶ ἐγώ, λέγει Κύριος, εἰ μὴν ὃν τρόπον λελαλήκατε εἰς τὰ ὦτά μου, οὕτως ποιήσω ὑμῖν·",18,ܐܡܪ ܠܗܘܢ. ܚܝ ܐܢܐ ܐܡ̇ܪ ܡܪܝܐ. ܐܠܐ ܐܝܟ ܕܐܡܪܬܘܢ ܩܕܡܝ ܗܟܢܐ ܐܥܒܕ ܠܟܘܢ.,13,"Dize-lhes: Pela minha vida, diz o Senhor, certamente conforme o que vos ouvi falar, assim vos hei de fazer:",19,True,True,True
14,29,Números 14:29,בַּמִּדְבָּ֣ר הַ֠זֶּה יִפְּל֨וּ פִגְרֵיכֶ֜ם וְכָל־ פְּקֻדֵיכֶם֙ לְכָל־ מִסְפַּרְכֶ֔ם מִבֶּ֛ן עֶשְׂרִ֥ים שָׁנָ֖ה וָמָ֑עְלָה אֲשֶׁ֥ר הֲלִֽינֹתֶ֖ם עָלָֽי ׃,במדבר הזה יפלו פגריכמ וכל פקדיכמ לכל מספרכמ מבנ עשרימ שנה ומעלה אשר הלינתמ עלי,16,במדברא הדין יפלון פגריכון וכל מניניכון לכל חשבנכון מבר עשרין שנין ולעלא די אתרעמתון עלי:,15,"ἐν τῇ ἐρήμῳ ταύτῃ πεσεῖται τὰ κῶλα ὑμῶν καὶ πᾶσα ἡ ἐπισκοπὴ ὑμῶν καὶ οἱ κατηριθμημένοι ὑμῶν ἀπὸ εἰκοσαετοῦς καὶ ἐπάνω, ὅσοι ἐγόγγυσαν ἐπ᾽ ἐμοί.",25,ܒܡܕܒܪܐ ܗܢܐ ܢܦܠܢ ܫ̈ܠܕܝܟܘܢ. ܘܟܠܗ ܡܢܝܢܟܘܢ ܘܟܠܗ ܚܘܫܒܢܟܘܢ. ܡܢ ܒܪ ܥܣܪ̈ܝܢ ܫ̈ܢܝܢ ܘܠܥܠ. ܥܠ ܕܪܛܢܬܘܢ ܥܠܝ.,16,"neste deserto cairão os vossos cadáveres; nenhum de todos vós que fostes contados, segundo toda a vossa conta, de vinte anos para cima, que contra mim murmurastes,",27,True,True,True
14,30,Números 14:30,אִם־ אַתֶּם֙ תָּבֹ֣אוּ אֶל־ הָאָ֔רֶץ אֲשֶׁ֤ר נָשָׂ֨אתִי֙ אֶת־ יָדִ֔י לְשַׁכֵּ֥ן אֶתְכֶ֖ם בָּ֑הּ כִּ֚י אִם־ כָּלֵ֣ב בֶּן־ יְפֻנֶּ֔ה וִיהוֹשֻׁ֖עַ בִּן־ נֽוּן ׃,אמ אתמ תבאו אל הארצ אשר נשאתי את ידי לשכנ אתכמ בה כי אמ כלב בנ יפנה ויהושע בנ נונ,21,אם אתון תעלון לארעא די קימית במימרי לאשראה יתכון בה אלהן כלב בר יפנה ויהושע בר נון:,17,"εἰ ὑμεῖς εἰσελεύσεσθε εἰς τὴν γῆν ἐφ᾽ ἣν ἐξέτεινα τὴν χεῖρά μου κατασκηνῶσαι ὑμᾶς ἐπ᾽ αὐτῆς, ἀλλ᾽ ἢ Χαλὲβ υἱὸς Ἰεφοννὴ καὶ Ἰησοῦς ὁ τοῦ Ναυή.",26,ܠܐ ܬܥܠܘܢ ܠܐܪܥܐ ܕܐܪܝ̇ܡܬ ܐܝܕܝ ܠܡܫܪܝܘܬܟܘܢ ܒܗ̇. ܐܠܐ ܐܢ ܟܠܒ ܒܪ ܝܘܦܢܐ. ܘܝܫܘܥ ܒܪܢܘܢ.,14,"certamente nenhum de vós entrará na terra a respeito da qual jurei que vos faria habitar nela, salvo Calebe, filho de Jefoné, e Josué, filho de Num.",27,True,True,True
14,31,Números 14:31,וְטַ֨פְּכֶ֔ם אֲשֶׁ֥ר אֲמַרְתֶּ֖ם לָבַ֣ז יִהְיֶ֑ה וְהֵבֵיאתִ֣י אֹתָ֔ם וְיָֽדְעוּ֙ אֶת־ הָאָ֔רֶץ אֲשֶׁ֥ר מְאַסְתֶּ֖ם בָּֽהּ ׃,וטפכמ אשר אמרתמ לבז יהיה והביאתי אתמ וידעו את הארצ אשר מאסתמ בה,14,וטפלכון די אמרתון לבזא יהי ואעל יתהון וידעון ית ארעא די קצתון בה:,13,"καὶ τὰ παιδία ἃ εἴπατε ἐν διαρπαγῇ ἔσεσθαι, εἰσάξω αὐτοὺς εἰς τὴν γῆν, καὶ κληρονομήσουσιν τὴν γῆν ἣν ὑμεῖς ἀπέστητε ἀπ᾽ αὐτῆς.",22,ܘܝܩܪܬܟܘܢ ܕܐܡܪܬܘܢ ܠܒܙܬܐ ܬܗܘܐ. ܘܒܢܝ̈ܟܘܢ ܕܠܐ ܝܕܥܘ ܝܘܡܢܐ ܛܒܬܐ ܘܒܝܫܬܐ . ܗܢܘܢ ܢܥܠܘܢ ܠܐܪܥܐ. ܘܐܝܬܐ ܐܢܘܢ. ܘܢܕܥܘܢܗ̇ ܠܐܪܥܐ ܕܐܣܠܝܬܘܢ.,19,"Mas aos vossos pequeninos, dos quais dissestes que seriam por presa, a estes introduzirei na terra, e eles conhecerão a terra que vós rejeitastes.",24,True,True,True
14,32,Números 14:32,וּפִגְרֵיכֶ֖ם אַתֶּ֑ם יִפְּל֖וּ בַּמִּדְבָּ֥ר הַזֶּֽה ׃,ופגריכמ אתמ יפלו במדבר הזה,6,ופגריכון די לכון יפלון במדברא הדין:,6,καὶ τὰ κῶλα ὑμῶν πεσεῖται ἐν τῇ ἐρήμῳ ταύτῃ·,9,ܘܫ̈ܠܕܝܟܘܢ ܕܝܠܟܘܢ ܢܦܠܢ ܒܡܕܒܪܐ ܗܢܐ.,5,"Quanto a vós, porém, os vossos cadáveres cairão neste deserto;",10,True,True,True
14,33,Números 14:33,וּ֠בְנֵיכֶם יִהְי֨וּ רֹעִ֤ים בַּמִּדְבָּר֙ אַרְבָּעִ֣ים שָׁנָ֔ה וְנָשְׂא֖וּ אֶת־ זְנוּתֵיכֶ֑ם עַד־ תֹּ֥ם פִּגְרֵיכֶ֖ם בַּמִּדְבָּֽר ׃,ובניכמ יהיו רעימ במדבר ארבעימ שנה ונשאו את זנותיכמ עד תמ פגריכמ במדבר,14,ובניכון יהון מאחרין במדברא ארבעין שנין ויקבלון ית חוביכון עד דיסופון פגריכון במדברא:,13,"οἱ δὲ υἱοὶ ὑμῶν ἔσονται νεμόμενοι ἐν τῇ ἐρήμῳ τεσσεράκοντα ἔτη, καὶ ἀνοίσουσιν τὴν πορνείαν ὑμῶν ἕως ἀναλωθῇ τὰ κῶλα ὑμῶν ἐν τῇ ἐρήμῳ.",24,ܘܒ̈ܢܝܟܘܢ ܢܗܘܘܢ ܪܥܝܢ ܒܡܕܒܪܐ ܗܢܐ ܐܪ̈ܒܥܝܢ ܫ̈ܢܝܢ. ܘܢܩܒܠܘܢ ܙܢܝܘܬܟܘܢ. ܥܕܡܐ ܕܢܣܘܦܢ ܫ̈ܠܕܝܟܘܢ ܒܡܕܒܪܐ ܗܢܐ .,15,"e vossos filhos serão pastores no deserto quarenta anos, e levarão sobre si as vossas infidelidades, até que os vossos cadáveres se consumam neste deserto.",25,True,True,True
14,34,Números 14:34,בְּמִסְפַּ֨ר הַיָּמִ֜ים אֲשֶׁר־ תַּרְתֶּ֣ם אֶת־ הָאָרֶץ֮ אַרְבָּעִ֣ים יוֹם֒ י֣וֹם לַשָּׁנָ֞ה י֣וֹם לַשָּׁנָ֗ה תִּשְׂאוּ֙ אֶת־ עֲוֺנֹ֣תֵיכֶ֔ם אַרְבָּעִ֖ים שָׁנָ֑ה וִֽידַעְתֶּ֖ם אֶת־ תְּנוּאָתִֽי ׃,במספר הימימ אשר תרתמ את הארצ ארבעימ יומ יומ לשנה יומ לשנה תשאו את עונתיכמ ארבעימ שנה וידעתמ את תנואתי,21,במנין יומיא די אללתון ית ארעא ארבעין יומין יומא לשתא יומא לשתא תקבלון ית חוביכון ארבעין שנין ותדעון ית דאתרעמתון עלי:,21,"κατὰ τὸν ἀριθμὸν τῶν ἡμερῶν ὅσας κατεσκέψασθε τὴν γῆν, τεσσεράκοντα ἡμέρας, ἡμέραν τοῦ ἐνιαυτοῦ, λήμψεσθε τὰς ἁμαρτίας ὑμῶν τεσσεράκοντα ἔτη, καὶ γνώσεσθε τὸν θυμὸν τῆς ὀργῆς μου.",27,ܒܡܢܝܢܐ ܕܝܘܡ̈ܬܐ ܕܓܫܬܘܢܗ̇ ܠܐܪܥܐ ܐܪ̈ܒܥܝܢ ܝܘ̈ܡܝܢ. ܝܘܡܐ ܠܫܢܬܐ ܬܩܒܠܘܢ ܥܘܠܟܘܢ ܐܪ̈ܒܥܝܢ ܫ̈ܢܝܢ. ܘܬܕܥܘܢ ܕܥܠ ܕܪܛܢܬܘܢ ܩܕܡܝ.,16,"Segundo o número dos dias em que espiastes a terra, a saber, quarenta dias, levareis sobre vós as vossas iniqüidades por quarenta anos, um ano por um dia, e conhecereis a minha oposição.",33,True,True,True
14,35,Números 14:35,אֲנִ֣י יְהוָה֮ דִּבַּרְתִּי֒ אִם־ לֹ֣א ׀ זֹ֣את אֶֽעֱשֶׂ֗ה לְכָל־ הָעֵדָ֤ה הָֽרָעָה֙ הַזֹּ֔את הַנּוֹעָדִ֖ים עָלָ֑י בַּמִּדְבָּ֥ר הַזֶּ֛ה יִתַּ֖מּוּ וְשָׁ֥ם יָמֻֽתוּ ׃,אני יהוה דברתי אמ לא זאת אעשה לכל העדה הרעה הזאת הנועדימ עלי במדבר הזה יתמו ושמ ימתו,20,אנא יי גזרית במימרי אם לא דא אעבד לכל כנשתא בישתא הדא דאזדמנון עלי במדברא הדין יסופון ותמן ימותון:,19,"ἐγὼ Κύριος ἐλάλησα, εἰ μὴ οὕτως ποιήσω τῇ συναγωγῇ τῇ πονηρᾷ ταύτῃ τῇ ἐπισυνεσταμένῃ ἐπ᾽ ἐμέ· ἐν τῇ ἐρήμῳ ταύτῃ ἐξαναλωθήσονται καὶ ἐκεῖ ἀποθανοῦνται.",24,ܐܢܐ ܡܪܝܐ ܐܡ̇ܪܬ. ܕܗܟܢܐ ܐܥܒܕ ܠܗ̇ ܠܟܠܗ̇ ܟܢܘܫܬܐ ܗܕܐ ܒܝܫܬܐ. ܕܐܬܘܥܕܬܘܢ ܩܕܡܝ. ܒܡܕܒܪܐ ܗܢܐ ܢܣܘܦܘܢ ܘܬܡܢ ܢܡܘܬܘܢ.,17,"Eu, o Senhor, tenho falado; certamente assim o farei a toda esta má congregação, aos que se sublevaram contra mim; neste deserto se consumirão, e aqui morrerão.",27,True,True,True
14,36,Números 14:36,וְהָ֣אֲנָשִׁ֔ים אֲשֶׁר־ שָׁלַ֥ח מֹשֶׁ֖ה לָת֣וּר אֶת־ הָאָ֑רֶץ וַיָּשֻׁ֗בוּ וילונו עָלָיו֙ אֶת־ כָּל־ הָ֣עֵדָ֔ה לְהוֹצִ֥יא דִבָּ֖ה עַל־ הָאָֽרֶץ ׃,והאנשימ אשר שלח משה לתור את הארצ וישבו וילונו עליו את כל העדה להוציא דבה על הארצ,18,וגבריא די שלח משה לאללא ית ארעא ותבו וארעימו עלוהי ית כל כנשתא לאפקא שום ביש על ארעא:,18,"καὶ οἱ ἄνθρωποι οὓς ἀπέστειλεν Μωυσῆς κατασκέψασθαι τὴν γῆν, καὶ παραγενηθέντες διεγόγγυσαν κατ᾽ αὐτῆς πρὸς τὴν συναγωγὴν ἐξενέγκαι ῥήματα πονηρὰ περὶ τῆς γῆς,",23,ܘܓܒܪ̈ܐ ܕܫܕܪ ܡܘܫܐ ܠܡܓܫ ܐܪܥܐ. ܗܦܟܘ ܐܪܛܢܘ ܥܠܘܗܝ ܟܠܗ̇ ܟܢܘܫܬܐ. ܕܢܦܩܘܢ ܛܒܐ ܒܝܫܐ ܥܠ ܐܪܥܐ.,15,"Ora, quanto aos homens que Moisés mandara a espiar a terra e que, voltando, fizeram murmurar toda a congregação contra ele, infamando a terra,",24,True,True,True
14,37,Números 14:37,וַיָּמֻ֨תוּ֙ הָֽאֲנָשִׁ֔ים מוֹצִאֵ֥י דִבַּת־ הָאָ֖רֶץ רָעָ֑ה בַּמַּגֵּפָ֖ה לִפְנֵ֥י יְהוָֽה ׃,וימתו האנשימ מוצאי דבת הארצ רעה במגפה לפני יהוה,10,ומיתו גבריא דאפיקו שום ביש על ארעא במותנא קדם יי:,10,καὶ ἀπέθανον οἱ ἄνθρωποι οἱ κατείπαντες κατὰ τῆς γῆς πονηρὰ ἐν τῇ πληγῇ ἔναντι Κυρίου·,15,ܘܡܝܬܘ ܓܒܪ̈ܐ ܕܐܦܩܘ ܛܒܐ ܒܝܫܐ ܥܠ ܐܪܥܐ. ܒܡܘܬܢܐ ܕܡܢ ܫܠܝܐ ܩܕܡ ܡܪܝܐ.,12,aqueles mesmos homens que infamaram a terra morreram de praga perante o Senhor.,13,True,True,True
14,38,Números 14:38,וִיהוֹשֻׁ֣עַ בִּן־ נ֔וּן וְכָלֵ֖ב בֶּן־ יְפֻנֶּ֑ה חָיוּ֙ מִן־ הָאֲנָשִׁ֣ים הָהֵ֔ם הַֽהֹלְכִ֖ים לָת֥וּר אֶת־ הָאָֽרֶץ ׃,ויהושע בנ נונ וכלב בנ יפנה חיו מנ האנשימ ההמ ההלכימ לתור את הארצ,15,ויהושע בר נון וכלב בר יפנה אתקימו מן גבריא האנון דאזלו לאללא ית ארעא:,14,καὶ Ἰησοῦς υἱὸς Ναυὴ καὶ Χαλὲβ υἱὸς Ἰεφοννὴ ἔζησαν ἀπὸ τῶν ἀνθρώπων ἐκείνων τῶν πεπορευμένων κατασκέψασθαι τὴν γῆν.,18,ܘܝܫܘܥ ܒܪܢܘܢ ܘܟܠܒ ܒܪ ܝܘܦܢܐ. ܚܝܘ ܡܢ ܓܒܪ̈ܐ ܗ̇ܢܘܢ ܕܐܙܠܘ ܠܡܓܫ ܐܪܥܐ.,12,"Mas Josué, filho de Num, e Calebe, filho de Jefoné, que eram dos homens que foram espiar a terra, ficaram com vida.",22,True,True,True
14,39,Números 14:39,וַיְדַבֵּ֤ר מֹשֶׁה֙ אֶת־ הַדְּבָרִ֣ים הָאֵ֔לֶּה אֶֽל־ כָּל־ בְּנֵ֖י יִשְׂרָאֵ֑ל וַיִּֽתְאַבְּל֥וּ הָעָ֖ם מְאֹֽד ׃,וידבר משה את הדברימ האלה אל כל בני ישראל ויתאבלו העמ מאד,13,ומליל משה ית פתגמיא האלין לכל בני ישראל ואתאבלו עמא לחדא:,11,"Καὶ ἐλάλησεν Μωυσῆς τὰ ῥήματα ταῦτα πρὸς πάντας υἱοὺς Ἰσραήλ, καὶ ἐπένθησεν ὁ λαὸς σφόδρα.",15,ܘܐܡܪ ܡܘܫܐ ܦܬܓܡ̈ܐ ܗܠܝܢ ܠܟܠܗܘܢ ܒܢ̈ܝ ܐܝܣܪܝܠ. ܘܝܬܒܘ ܥܡܐ ܒܐܒܠܐ ܪܒܐ.,11,"Então Moisés falou estas palavras a todos os filhos de Israel, pelo que o povo se entristeceu muito.",18,True,True,True
14,40,Números 14:40,וַיַּשְׁכִּ֣מוּ בַבֹּ֔קֶר וַיַּֽעֲל֥וּ אֶל־ רֹאשׁ־ הָהָ֖ר לֵאמֹ֑ר הִנֶּ֗נּוּ וְעָלִ֛ינוּ אֶל־ הַמָּק֛וֹם אֲשֶׁר־ אָמַ֥ר יְהוָ֖ה כִּ֥י חָטָֽאנוּ ׃,וישכמו בבקר ויעלו אל ראש ההר לאמר הננו ועלינו אל המקומ אשר אמר יהוה כי חטאנו,17,ואקדימו בצפרא וסליקו לריש טורא למימר הא אנחנא סלקין לאתרא די אמר יי ארי חבנא:,15,"καὶ ὀρθρίσαντες τὸ πρωὶ ἀνέβησαν εἰς τὴν κορυφὴν τοῦ ὄρους λέγοντες Ἰδοὺ οἵδε ἡμεῖς ἀναβησόμεθα εἰς τὸν τόπον ὃν εἶπεν Κύριος, ὅτι ἡμάρτομεν.",23,ܘܩܕܡܘ ܒܨܦܪܐ. ܘܣܠܩܘ ܠܪܝܫ ܛܘܪܐ ܘܐܡܪܘ. ܗܐ ܣ̇ܠܩܝܢܢ ܠܐܬܪܐ ܕܐܡܪ ܠܢ ܡܪܝܐ ܥܠ ܕܚܛܝܢ.,14,"Eles, pois, levantando-se de manhã cedo, subiram ao cume do monte, e disseram: Eis-nos aqui; subiremos ao lugar que o Senhor tem dito; porquanto havemos pecado.",26,True,True,True
14,41,Números 14:41,וַיֹּ֣אמֶר מֹשֶׁ֔ה לָ֥מָּה זֶּ֛ה אַתֶּ֥ם עֹבְרִ֖ים אֶת־ פִּ֣י יְהוָ֑ה וְהִ֖וא לֹ֥א תִצְלָֽח ׃,ויאמר משה למה זה אתמ עברימ את פי יהוה והוא לא תצלח,13,ואמר משה למא דנן אתון עברין על גזרת מימרא דיי והיא לא תצלח:,13,καὶ εἶπεν Μωυσῆς Ἵνα τί ὑμεῖς παραβαίνετε τὸ ῥῆμα Κυρίου; οὐκ εὔοδα ἔσται ὑμῖν.,14,ܘܐܡܪ ܠܗܘܢ ܡܘܫܐ. ܠܡܢܐ ܥܒܪܬܘܢ ܥܠ ܡܠܬ ܦܘܡܗ ܕܡܪܝܐ. ܡܛܠ ܗܢܐ ܠܐ ܡܣܩܝܢ ܐܢܬܘܢ ܠܪܝܫ.,15,"Respondeu Moisés: Ora, por que transgredis o mandado do Senhor, visto que isso não prosperará?",15,True,True,True
14,42,Números 14:42,אַֽל־ תַּעֲל֔וּ כִּ֛י אֵ֥ין יְהוָ֖ה בְּקִרְבְּכֶ֑ם וְלֹא֙ תִּנָּ֣גְפ֔וּ לִפְנֵ֖י אֹיְבֵיכֶֽם ׃,אל תעלו כי אינ יהוה בקרבכמ ולא תנגפו לפני איביכמ,11,לא תסקון ארי לית שכנתא דיי ביניכון ולא תתברון קדם בעלי דבביכון:,12,"μὴ ἀναβαίνετε, οὐ γάρ ἐστιν Κύριος μεθ᾽ ὑμῶν, καὶ πεσεῖσθε πρὸ προσώπου τῶν ἐχθρῶν ὑμῶν.",15,ܠܐ ܬܣܩܘܢ. ܡܛܠ ܕܠܐ ܗܘܐ ܥܡܟܘܢ ܡܪܝܐ. ܕܠܐ ܬܬܒܪܘܢ ܩܕܡ ܒ̈ܥܠܕܒܒܝܟܘܢ.,11,"Não subais, pois o Senhor não está no meio de vós; para que não sejais feridos diante dos vossos inimigos.",20,True,True,True
14,43,Números 14:43,כִּי֩ הָעֲמָלֵקִ֨י וְהַכְּנַעֲנִ֥י שָׁם֙ לִפְנֵיכֶ֔ם וּנְפַלְתֶּ֖ם בֶּחָ֑רֶב כִּֽי־ עַל־ כֵּ֤ן שַׁבְתֶּם֙ מֵאַחֲרֵ֣י יְהוָ֔ה וְלֹא־ יִהְיֶ֥ה יְהוָ֖ה עִמָּכֶֽם ׃,כי העמלקי והכנעני שמ לפניכמ ונפלתמ בחרב כי על כנ שבתמ מאחרי יהוה ולא יהיה יהוה עמכמ,18,ארי עמלקאה וכנענאה תמן קדמיכון ותפלון בחרבא ארי על כן תבתון מבתר פלחנא דיי ולא יהי מימרא דיי בסעדכון:,19,"ὅτι ὁ Ἀμαλὴκ καὶ ὁ Χαναναῖος ἐκεῖ ἔμπροσθεν ὑμῶν, καὶ πεσεῖσθε μαχαίρᾳ· οὗ εἵνεκεν ἀπεστράφητε ἀπειθοῦντες Κυρίῳ, καὶ οὐκ ἔσται Κύριος ἐν ὑμῖν.",23,ܡܛܠ ܕܟܢ̈ܥܢܝܐ ܘܥܡ̈ܠܩܝܐ ܐܝܬ ܬܡܢ ܩܕܡܝܟܘܢ. ܘܬܦܠܘܢ ܒܚܪܒܐ. ܥܠ ܕܗܦܟܬܘܢ ܡܢ ܒܬܪ ܡܪܝܐ. ܘܠܐ ܢܗܘܐ ܡܪܝܐ ܥܡܟܘܢ.,17,"Porque os amalequitas e os cananeus estão ali diante da vossa face, e caireis à espada; pois, porquanto vos desviastes do Senhor, o Senhor não estará convosco.",27,True,True,True
14,44,Números 14:44,וַיַּעְפִּ֕לוּ לַעֲל֖וֹת אֶל־ רֹ֣אשׁ הָהָ֑ר וַאֲר֤וֹן בְּרִית־ יְהוָה֙ וּמֹשֶׁ֔ה לֹא־ מָ֖שׁוּ מִקֶּ֥רֶב הַֽמַּחֲנֶֽה ׃,ויעפלו לעלות אל ראש ההר וארונ ברית יהוה ומשה לא משו מקרב המחנה,14,וארשעו למסק לריש טורא וארון קימא דיי ומשה לא עדו מגו משריתא:,12,καὶ διαβιασάμενοι ἀνέβησαν ἐπὶ τὴν κορυφὴν τοῦ ὄρους· ἡ δὲ κιβωτὸς τῆς διαθήκης Κυρίου καὶ Μωυσῆς οὐκ ἐκινήθησαν ἐκ τῆς παρεμβολῆς.,21,ܘܫܪܝܘ ܠܡܣܩ ܠܪܝܫ ܛܘܪܐ. ܘܩܒܘܬܐ ܕܩܝܡܗ ܕܡܪܝܐ ܘܡܘܫܐ. ܠܐ ܦܪܩܘ ܡܢ ܓܘ ܡܫܪܝܬܐ.,13,"Contudo, temerariamente subiram eles ao cume do monte; mas a arca do pacto do Senhor, e Moisés, não se apartaram do arraial.",22,True,True,True
14,45,Números 14:45,וַיֵּ֤רֶד הָעֲמָלֵקִי֙ וְהַֽכְּנַעֲנִ֔י הַיֹּשֵׁ֖ב בָּהָ֣ר הַה֑וּא וַיַּכּ֥וּם וַֽיַּכְּת֖וּם עַד־ הַֽחָרְמָֽה ׃ פ,וירד העמלקי והכנעני הישב בהר ההוא ויכומ ויכתומ עד החרמה פ,12,ונחת עמלקאה וכנענאה דיתב בטורא ההוא ומחנון וטרדנון עד חרמה:,10,"καὶ κατέβη ὁ Ἀμαλὴκ καὶ ὁ Χαναναῖος ὁ ἐνκαθήμενος ἐν τῷ ὄρει ἐκείνῳ, καὶ ἐτρέψαντο αὐτοὺς καὶ κατέκοψαν αὐτοὺς ἕως Ἑρμάν· καὶ ἀπεστράφησαν εἰς τὴν παρεμβολήν.",26,ܘܢܚܬܘ ܥܡܠܩ̈ܝܐ ܘܟܢ̈ܥܢܝܐ ܕܝ̇ܬܒܝܢ ܒܛܘܪܐ ܗ̇ܘ. ܘܚܪܒܘ ܐܢܘܢ ܘܪܕܦܘ ܐܢܘܢ ܥܕܡܐ ܠܚܪܡܐ.,12,"Então desceram os amalequitas e os cananeus, que habitavam na montanha, e os feriram, derrotando-os até Horma.",17,True,True,True
15,1,Números 15:1,וַיְדַבֵּ֥ר יְהוָ֖ה אֶל־ מֹשֶׁ֥ה לֵּאמֹֽר ׃,וידבר יהוה אל משה לאמר,6,ומליל יי עם משה למימר:,5,Καὶ εἶπεν Κύριος πρὸς Μωυσῆν λέγων,6,ܘܡܠܠ ܡܪܝܐ ܥܡ ܡܘܫܐ ܘܐܡܪ ܠܗ.,6,Depois disse o Senhor a Moisés:,6,True,True,True
15,2,Números 15:2,דַּבֵּר֙ אֶל־ בְּנֵ֣י יִשְׂרָאֵ֔ל וְאָמַרְתָּ֖ אֲלֵהֶ֑ם כִּ֣י תָבֹ֗אוּ אֶל־ אֶ֨רֶץ֙ מוֹשְׁבֹ֣תֵיכֶ֔ם אֲשֶׁ֥ר אֲנִ֖י נֹתֵ֥ן לָכֶֽם ׃,דבר אל בני ישראל ואמרת אלהמ כי תבאו אל ארצ מושבתיכמ אשר אני נתנ לכמ,16,מלל עם בני ישראל ותימר להון ארי תעלון לארע מותבניכון די אנא יהב לכון:,14,"Λάλησον τοῖς υἱοῖς Ἰσραὴλ καὶ ἐρεῖς πρὸς αὐτούς Ὅταν εἰσέλθητε εἰς τὴν γῆν τῆς κατοικήσεως ὑμῶν ἣν ἐγὼ δίδωμι ὑμῖν,",20,ܡܠܠ ܥܡ ܒܢ̈ܝ ܐܝܣܪܝܠ ܘܐܡܪ ܠܗܘܢ. ܡܐ ܕܥܠܬܘܢ ܠܐܪܥܐ ܕܒܝܬ ܡܥܡܪܟܘܢ ܕܝ̇ܗܒ ܐܢܐ ܠܟܘܢ ܝܘܪܬܢܐ.,15,"Fala aos filhos de Israel e díze-lhes: Quando entrardes na terra da vossa habitação, que eu vos hei de dar,",20,True,True,True
15,3,Números 15:3,וַעֲשִׂיתֶ֨ם אִשֶּׁ֤ה לַֽיהוָה֙ עֹלָ֣ה אוֹ־ זֶ֔בַח לְפַלֵּא־ נֶ֨דֶר֙ א֣וֹ בִנְדָבָ֔ה א֖וֹ בְּמֹעֲדֵיכֶ֑ם לַעֲשׂ֞וֹת רֵ֤יחַ נִיחֹ֨חַ֙ לַֽיהוָ֔ה מִן־ הַבָּקָ֖ר א֥וֹ מִן־ הַצֹּֽאן ׃,ועשיתמ אשה ליהוה עלה או זבח לפלא נדר או בנדבה או במעדיכמ לעשות ריח ניחח ליהוה מנ הבקר או מנ הצאנ,22,ותעבדון קרבנא קדם יי עלתא או נכסת קודשיא לאפרשא נדרא או בנדבתא או במועדיכון למעבד לאתקבלא ברעוא קדם יי מן תורי או מן ענא:,24,"καὶ ποιήσεις ὁλοκαυτώματα Κυρίῳ, ὁλοκάρπωμα ἢ θυσίαν, μεγαλῦναι εὐχὴν ἢ καθ᾽ ἑκούσιον, ἢ ἐν ταῖς ἑορταῖς ὑμῶν ποιῆσαι ὀσμὴν εὐωδίας Κυρίῳ, εἰ μὲν ἀπὸ τῶν βοῶν ἢ ἀπὸ τῶν προβάτων·",30,ܩܪܒܘ ܩܘܪܒܢܐ ܠܡܪܝܐ ܥܠܬܐ ܐܘ ܕܒܚܐ. ܦܪܘܫܘ ܢܕܪܐ ܐܘ ܦܘܪܫܢܐ. ܐܘ ܒܥܕܥܐ̈ܕܝܟܘܢ ܘܥܒܕܘ ܪܝܚܐ ܕܢܝܚܐ ܠܡܪܝܐ. ܡܢ ܬܘܪ̈ܐ ܘܡܢ ܥܢܐ .,21,"e ao Senhor fizerdes, do gado eu do rebanho, oferta queimada, holocausto ou sacrifício, para cumprir um voto, ou como oferta voluntária, para fazer nas vossos festas fixas um cheiro suave ao Senhor,",33,True,True,True
15,4,Números 15:4,וְהִקְרִ֛יב הַמַּקְרִ֥יב קָרְבָּנ֖וֹ לַֽיהוָ֑ה מִנְחָה֙ סֹ֣לֶת עִשָּׂר֔וֹן בָּל֕וּל בִּרְבִעִ֥ית הַהִ֖ין שָֽׁמֶן ׃,והקריב המקריב קרבנו ליהוה מנחה סלת עשרונ בלול ברבעית ההינ שמנ,12,ויקרב דמקרב קרבניה קדם יי מנחתא סלתא עשרונא דפילא ברבעות הינא משחא:,12,"καὶ προσοίσει ὁ προσφέρων τὸ δῶρον αὐτοῦ Κυρίῳ, θυσίαν σεμιδάλεως, δέκατον τοῦ οἰφί, ἀναπεποιημένης ἐν ἐλαίῳ ἐν τετάρτῳ τοῦ εἵν·",20,ܘܢܩܪܒ ܗ̇ܘ ܕܡܩܪܒ ܩܘܪܒܢܗ ܠܡܪܝܐ . ܣܡܝܕܐ ܢܫܝܦܐ ܥܣܪܘܢܐ ܕܦܝܠ ܒܪܘܒܥܗ ܕܗܡܝܢܐ ܕܡܫܚܐ.,13,"Então aquele que fizer a sua oferta, fará ao Senhor uma oferta de cereais de um décimo de efa de flor de farinha, misturada com a quarta parte de um him de azeite;",33,True,True,True
15,5,Números 15:5,וְיַ֤יִן לַנֶּ֨סֶךְ֙ רְבִיעִ֣ית הַהִ֔ין תַּעֲשֶׂ֥ה עַל־ הָעֹלָ֖ה א֣וֹ לַזָּ֑בַח לַכֶּ֖בֶשׂ הָאֶחָֽד ׃,ויינ לנסכ רביעית ההינ תעשה על העלה או לזבח לכבש האחד,12,וחמרא לנסכא רבעות הינא תעבד על עלתא או לנכסת קודשיא לאמרא חד:,12,"καὶ οἶνον εἰς σπονδὴν τὸ τέταρτον τοῦ εἳν ποιήσετε ἐπὶ τῆς ὁλοκαυτώσεως ἢ ἐπὶ τῆς θυσίας· τῷ ἀμνῷ τῷ ἑνὶ ποιήσεις τοσοῦτο, κάρπωμα, ὀσμὴν εὐωδίας τῷ κυρίῳ.",27,ܘܚܡܪܐ ܠܢܘܩܝܐ ܪܘܒܥܗ ܕܗܡܝܢܐ. ܩܪܒ ܥܠ ܥܠܬܐ. ܐܘ ܠܕܒܚܐ ܕܐܡܪܐ ܚܕ.,11,"e de vinho para a oferta de libação prepararás a quarta parte de um him para o holocausto, ou para o sacrifício, para cada cordeiro;",25,True,True,True
15,6,Números 15:6,א֤וֹ לָאַ֨יִל֙ תַּעֲשֶׂ֣ה מִנְחָ֔ה סֹ֖לֶת שְׁנֵ֣י עֶשְׂרֹנִ֑ים בְּלוּלָ֥ה בַשֶּׁ֖מֶן שְׁלִשִׁ֥ית הַהִֽין ׃,או לאיל תעשה מנחה סלת שני עשרנימ בלולה בשמנ שלשית ההינ,12,או לדכרא תעבד מנחתא סלתא תרין עשרונין דפילא במשח תלתות הינא:,11,"καὶ τῷ κριῷ, ὅταν ποιῆτε αὐτὸν ἢ εἰς ὁλοκαύτωμα ἢ εἰς θυσίαν, ποιήσεις θυσίαν σεμιδάλεως δύο δέκατα ἀναπεποιημένης ἐν ἐλαίῳ, τὸ τρίτον τοῦ εἵν·",24,ܐܘ ܠܕܟܪܐ ܚܕ ܥܒܕܘ ܩܘܪܒܢܐ ܢܫܝܦܐ . ܬܪ̈ܝܢ ܥܣܪ̈ܘܢܝܢ ܕܦܝܠܝܢ ܒܡܫܚܐ ܬܘܠܬܗ ܕܗܡܝܢܐ.,13,"e para cada carneiro prepararás como oferta de cereais, dois décimos de efa de flor de farinha, misturada com a terça parte de um him de azeite;",27,True,True,True
15,7,Números 15:7,וְיַ֥יִן לַנֶּ֖סֶךְ שְׁלִשִׁ֣ית הַהִ֑ין תַּקְרִ֥יב רֵֽיחַ־ נִיחֹ֖חַ לַיהוָֽה ׃,ויינ לנסכ שלשית ההינ תקריב ריח ניחח ליהוה,9,וחמרא לנסכא תלתות הינא תקרב לאתקבלא ברעוא קדם יי:,9,καὶ οἶνον εἰς σπονδὴν τὸ τρίτον τοῦ εἳν προσοίσετε εἰς ὀσμὴν εὐωδίας Κυρίῳ.,13,ܘܚܡܪܐ ܠܢܘܩܝܐ ܬܘܠܬܗ ܕܗܡܝܢܐ. ܩܪܒܘ ܪܝܚܐ ܕܣܘܬܐ ܠܡܪܝܐ.,8,e de vinho para a oferta de libação oferecerás a terça parte de um him em cheiro suave ao Senhor.,20,True,True,True
15,8,Números 15:8,וְכִֽי־ תַעֲשֶׂ֥ה בֶן־ בָּקָ֖ר עֹלָ֣ה אוֹ־ זָ֑בַח לְפַלֵּא־ נֶ֥דֶר אֽוֹ־ שְׁלָמִ֖ים לַֽיהוָֽה ׃,וכי תעשה בנ בקר עלה או זבח לפלא נדר או שלמימ ליהוה,13,וארי תעבד בר תורי עלתא או נכסת קודשיא לפרשא נדרא או נכסת קודשיא קדם יי:,15,"ἐὰν δὲ ἀπὸ τῶν βοῶν ποιῆτε εἰς ὁλοκαύτωμα ἢ εἰς θυσίαν μεγαλῦναι εὐχὴν εἰς σωτήριον Κυρίῳ,",16,ܘܐܢ ܡܩܪܒ ܐܢܬ ܒܪ ܒܩܪܐ ܝܩܕܐ ܫܠܡܐ ܐܘ ܕܒܚܐ. ܠܡܦܪܫ ܢܕܪܐ ܐܘ ܫܠܡܐ ܠܡܪܝܐ.,14,"Também, quando preparares novilho para holocausto ou sacrifício, para cumprir um voto, ou um sacrifício de ofertas pacíficas ao Senhor,",20,True,True,True
15,9,Números 15:9,וְהִקְרִ֤יב עַל־ בֶּן־ הַבָּקָר֙ מִנְחָ֔ה סֹ֖לֶת שְׁלֹשָׁ֣ה עֶשְׂרֹנִ֑ים בָּל֥וּל בַּשֶּׁ֖מֶן חֲצִ֥י הַהִֽין ׃,והקריב על בנ הבקר מנחה סלת שלשה עשרנימ בלול בשמנ חצי ההינ,13,ויקרב על בר תורי מנחתא סלתא תלתא עשרונין דפילא במשח פלגות הינא:,12,"καὶ προσοίσει ἐπὶ τοῦ μόσχου θυσίαν σεμιδάλεως τρία δέκατα ἀναπεποιημένης ἐν ἐλαίῳ, ἥμισυ τοῦ εἵν,",15,ܩܪܒ ܥܠ ܒܪ ܒܩܪܐ ܩܘܪܒܢܐ ܢܫܝܦܐ. ܬܠܬܐ ܥܣܪ̈ܘܢܝܢ ܕܦܝܠܝܢ ܒܡܫܚܐ ܦܠܓܗ ܕܗܡܝܢܐ.,12,"com o novilho oferecerás uma oferta de cereais de três décimos de efa, de flor de farinha, misturada com a metade de um him de azeite;",26,True,True,True
15,10,Números 15:10,וְיַ֛יִן תַּקְרִ֥יב לַנֶּ֖סֶךְ חֲצִ֣י הַהִ֑ין אִשֵּׁ֥ה רֵֽיחַ־ נִיחֹ֖חַ לַיהוָֽה ׃,ויינ תקריב לנסכ חצי ההינ אשה ריח ניחח ליהוה,10,וחמרא תקרב לנסכא פלגות הינא קרבן דמתקבל ברעוא קדם יי:,10,κάρπωμα ὀσμὴν εὐωδίας Κυρίῳ.,4,ܘܚܡܪܐ ܩܪܒ ܠܢܘܩܝܐ ܦܠܓܗ ܕܗܡܝܢܐ. ܩܘܪܒܢܐ ܠܪܝܚܐ ܕܢܝܚܐ ܠܡܪܝܐ.,9,e de vinho para a oferta de libação oferecerás a metade de um him como oferta queimada em cheiro suave ao Senhor.,22,True,True,True
15,11,Números 15:11,כָּ֣כָה יֵעָשֶׂ֗ה לַשּׁוֹר֙ הָֽאֶחָ֔ד א֖וֹ לָאַ֣יִל הָאֶחָ֑ד אֽוֹ־ לַשֶּׂ֥ה בַכְּבָשִׂ֖ים א֥וֹ בָעִזִּֽים ׃,ככה יעשה לשור האחד או לאיל האחד או לשה בכבשימ או בעזימ,13,כדין יתעבד לתורא חד או לדכרא חד או לאמר באמריא או בעזיא:,12,οὕτως ποιήσεις τῷ μόσχῳ τῷ ἑνὶ ἢ τῷ κριῷ τῷ ἑνὶ ἤ τῷ ἀμνῷ τῷ ἑνὶ ἐκ τῶν προβάτων ἢ ἐκ τῶν αἰγῶν·,23,ܗܟܢܐ ܥܒܕܘ ܠܬܘܪܐ ܚܕ ܘܠܕܟܪܐ ܚܕ. ܐܘ ܠܐܡܪܐ ܡܢ ܐܡܪ̈ܐ . ܐܘ ܡܢ ܥ̈ܙܐ.,14,"Assim se fará com cada novilho, ou carneiro, ou com cada um dos cordeiros ou dos cabritos.",17,True,True,True
15,12,Números 15:12,כַּמִּסְפָּ֖ר אֲשֶׁ֣ר תַּעֲשׂ֑וּ כָּ֛כָה תַּעֲשׂ֥וּ לָאֶחָ֖ד כְּמִסְפָּרָֽם ׃,כמספר אשר תעשו ככה תעשו לאחד כמספרמ,8,כמנין די תעבדון כדין תעבדון לחד כמנינהון:,7,"κατὰ τὸν ἀριθμὸν ὧν ἐὰν ποιήσετε, οὕτω ποιήσετε τῷ ἑνὶ κατὰ τὸν ἀριθμὸν αὐτῶν.",14,ܐܝܟ ܡܢܝܢܐ ܕܥ̇ܒܕܝܢ ܐܢܬܘܢ ܗܟܢܐ ܥܒܕܘ ܠܚܕ ܚܕ ܒܡܢܝܢܗܘܢ.,9,"Segundo o número que oferecerdes, assim fareis com cada um deles.",11,True,True,True
15,13,Números 15:13,כָּל־ הָאֶזְרָ֥ח יַעֲשֶׂה־ כָּ֖כָה אֶת־ אֵ֑לֶּה לְהַקְרִ֛יב אִשֵּׁ֥ה רֵֽיחַ־ נִיחֹ֖חַ לַֽיהוָֽה ׃,כל האזרח יעשה ככה את אלה להקריב אשה ריח ניחח ליהוה,12,כל יציבא יעבד כדין ית אלין לקרבא קרבן דמתקבל ברעוא קדם יי:,12,"πᾶς ὁ αὐτόχθων ποιήσει οὕτως τοιαῦτα, προσενέγκαι καρπώματα εἰς ὀσμὴν εὐωδίας Κυρίῳ.",12,ܟܠܗܘܢ ܕܒܝܬ ܐܝܣܪܝܠ ܢܥܒܕܘܢ ܗܠܝܢ ܗܟܢܐ. ܘܢܩܪܒܘܢ ܩܘܪܒܢܐ ܠܪܝܚܐ ܕܣܘܬܐ ܠܡܪܝܐ.,11,"Todo natural assim fará estas coisas, ao oferecer oferta queimada em cheiro suave ao Senhor.",15,True,True,True
15,14,Números 15:14,וְכִֽי־ יָגוּר֩ אִתְּכֶ֨ם גֵּ֜ר א֤וֹ אֲשֶֽׁר־ בְּתֽוֹכְכֶם֙ לְדֹרֹ֣תֵיכֶ֔ם וְעָשָׂ֛ה אִשֵּׁ֥ה רֵֽיחַ־ נִיחֹ֖חַ לַיהוָ֑ה כַּאֲשֶׁ֥ר תַּעֲשׂ֖וּ כֵּ֥ן יַעֲשֶֽׂה ׃,וכי יגור אתכמ גר או אשר בתוככמ לדרתיכמ ועשה אשה ריח ניחח ליהוה כאשר תעשו כנ יעשה,18,וארי יתגיר עמכון גיורא או די ביניכון לדריכון ויעבד קרבן דמתקבל ברעוא קדם יי כמא די תעבדון כן יעבד:,19,"ἐὰν δὲ προσήλυτος ἐν ὑμῖν προσγένηται ἐν τῇ γῇ ὑμῶν ἤ ὃς ἂν γένηται ἐν ὑμῖν ἐν ταῖς γενεαῖς ὑμῶν, καὶ ποιήσει κάρπωμα ὀσμὴν εὐωδίας Κυρίῳ, ὃν τρόπον ποιεῖτε ὑμεῖς, οὕτως ποιήσει ἡ συναγωγὴ Κυρίῳ.",35,ܘܐܢ ܢܥܡܪ ܥܡܟܘܢ ܐܝܢܐ ܕܡܬܦܢܐ ܠܘܬܝ ܐܘ ܒܝܢܬܟܘܢ ܠܕܪ̈ܝܟܘܢ. ܘܢܥܒܕ ܩܘܪܒܢܐ ܕܪܝܚܐ ܕܣܘܬܐ ܠܡܪܝܐ. ܐܝܟ ܕܥ̇ܒܕܝܢ ܐܢܬܘܢ ܗܟܢܐ ܢܥܒܕ.,19,"Também se peregrinar convosco algum estrangeiro, ou quem quer que estiver entre vos nas vossas gerações, e ele oferecer uma oferta queimada de cheiro suave ao Senhor, como vós fizerdes, assim fará ele.",33,True,True,True
15,15,Números 15:15,הַקָּהָ֕ל חֻקָּ֥ה אַחַ֛ת לָכֶ֖ם וְלַגֵּ֣ר הַגָּ֑ר חֻקַּ֤ת עוֹלָם֙ לְדֹרֹ֣תֵיכֶ֔ם כָּכֶ֛ם כַּגֵּ֥ר יִהְיֶ֖ה לִפְנֵ֥י יְהוָֽה ׃,הקהל חקה אחת לכמ ולגר הגר חקת עולמ לדרתיכמ ככמ כגר יהיה לפני יהוה,15,קהלא קימא חד לכון ולגיורא דיתגיר קים עלם לדריכון כותכון כגיורא יהי קדם יי:,14,"νόμος εἷς ἔσται ὑμῖν καὶ τοῖς προσηλύτοις τοῖς προσκειμένοις ἐν ὑμῖν, νόμος αἰώνιος εἰς γενεὰς ὑμῶν· ὡς ὑμεῖς, καὶ ὁ προσήλυτος ἔσται ἔναντι Κυρίου.",24,ܢܡܘܣܐ ܚܕ ܢܗܘܐ ܠܟܘܢ. ܘܠܐܝܢܐ ܕܡܬܦܢܐ ܠܘܬܝ ܕܥ̇ܡܪ ܥܡܟܘܢ. ܢܡܘܣܐ ܠܥܠܡ ܠܕܪ̈ܝܟܘܢ. ܐܝܢܐ ܕܡܬܦܢܐ ܠܘܬܝ. ܐܟܘܬܟܘܢ ܢܗܘܐ ܩܕܡ ܡܪܝܐ.,19,"Quanto à assembléia, haverá um mesmo estatuto para vós e para o estrangeiro que peregrinar convosco, estatuto perpétuo nas vossas gerações; como vós, assim será o peregrino perante o Senhor.",30,True,True,True
15,16,Números 15:16,תּוֹרָ֥ה אַחַ֛ת וּמִשְׁפָּ֥ט אֶחָ֖ד יִהְיֶ֣ה לָכֶ֑ם וְלַגֵּ֖ר הַגָּ֥ר אִתְּכֶֽם ׃ פ,תורה אחת ומשפט אחד יהיה לכמ ולגר הגר אתכמ פ,11,אוריתא חדא ודינא חד יהי לכון ולגיורא דיתגיר עמכון:,9,νόμος εἷς ἔσται καὶ δικαίωμα ἕν ἔσται καὶ τῷ προσηλύτῳ τῷ προσκειμένῳ ἐν ὑμῖν.,14,ܢܡܘܣܐ ܚܕ ܘܕܝܢܐ ܚܕ ܢܗܘܐ ܠܟܘܢ. ܘܠܐܝܠܝܢ ܕܡܬܦܢܝܢ ܠܘܬܝ ܕܥ̇ܡܪܝܢ ܥܡܟܘܢ .,12,Uma mesma lei e uma mesma ordenança haverá para vós e para o estrangeiro que peregrinar convosco.,17,True,True,True
15,17,Números 15:17,וַיְדַבֵּ֥ר יְהוָ֖ה אֶל־ מֹשֶׁ֥ה לֵּאמֹֽר ׃,וידבר יהוה אל משה לאמר,6,ומליל יי עם משה למימר:,5,Καὶ ἐλάλησεν Κύριος πρὸς Μωυσῆν λέγων,6,ܘܡܠܠ ܡܪܝܐ ܥܡ ܡܘܫܐ ܘܐܡܪ ܠܗ.,6,Disse mais o Senhor a Moisés:,6,True,True,True
15,18,Números 15:18,דַּבֵּר֙ אֶל־ בְּנֵ֣י יִשְׂרָאֵ֔ל וְאָמַרְתָּ֖ אֲלֵהֶ֑ם בְּבֹֽאֲכֶם֙ אֶל־ הָאָ֔רֶץ אֲשֶׁ֥ר אֲנִ֛י מֵבִ֥יא אֶתְכֶ֖ם שָֽׁמָּה ׃,דבר אל בני ישראל ואמרת אלהמ בבאכמ אל הארצ אשר אני מביא אתכמ שמה,15,מלל עם בני ישראל ותימר להון במעלכון לארעא די אנא מעל יתכון לתמן:,13,"Λάλησον τοῖς υἱοῖς Ἰσραὴλ καὶ ἐρεῖς πρὸς αὐτούς Ἐν τῷ εἰσπορεύεσθαι ὑμᾶς εἰς τὴν γῆν εἰς ἥν ἐγὼ εἰσάγω ὑμᾶς ἐκεῖ,",21,ܡܠܠ ܥܡ ܒܢ̈ܝ ܐܝܣܪܝܠ ܘܐܡܪ ܠܗܘܢ. ܡܐ ܕܥܠܬܘܢ ܠܐܪܥܐ ܕܡܥܠ ܐܢܐ ܠܟܘܢ ܠܬܡܢ .,14,"Fala aos filhos de Israel, e dize-lhes: Depois de terdes entrado na terra em que vos hei de introduzir,",19,True,True,True
15,19,Números 15:19,וְהָיָ֕ה בַּאֲכָלְכֶ֖ם מִלֶּ֣חֶם הָאָ֑רֶץ תָּרִ֥ימוּ תְרוּמָ֖ה לַיהוָֽה ׃,והיה באכלכמ מלחמ הארצ תרימו תרומה ליהוה,8,ויהי במיכלכון מלחמא דארעא תפרשון אפרשותא קדם יי:,8,"καὶ ἔσται ὅταν ἔσθητε ὑμεῖς ἀπὸ τῶν ἄρτων τῆς γῆς, ἀφελεῖτε ἀφαίρεμα ἀφόρισμα Κυρίῳ·",14,ܡܐ ܕܐܟ̇ܠܝܢ ܐܢܬܘܢ ܡܢ ܠܚܡܐ ܕܐܪܥܐ. ܦܪܘܫܘ ܦܘܪܫܢܐ ܠܡܪܝܐ.,9,"será que, ao comerdes do pão da terra, oferecereis ao Senhor uma oferta alçada.",14,True,True,True
15,20,Números 15:20,רֵאשִׁית֙ עֲרִסֹ֣תֵכֶ֔ם חַלָּ֖ה תָּרִ֣ימוּ תְרוּמָ֑ה כִּתְרוּמַ֣ת גֹּ֔רֶן כֵּ֖ן תָּרִ֥ימוּ אֹתָֽהּ ׃,ראשית ערסתכמ חלה תרימו תרומה כתרומת גרנ כנ תרימו אתה,11,ריש אצותכון חלתא תפרשון אפרשותא כמא די מפרשין מן אדרא כן תפרשון יתה:,13,"ἀπαρχὴν φυράματος ὑμῶν ἄρτον ἀφαίρεμα ἀφοριεῖτε αὐτό· ὡς ἀφαίρεμα ἀπὸ ἅλω, οὕτως ἀφελεῖτε αὐτόν,",14,ܡܢ ܪܝܫ ܐܨ̈ܘܬܟܘܢ. ܚܚܘܪܬܐ ܦܪܘܫܘ ܦܘܪܫܢܐ ܠܡܪܝܐ . ܐܝܟ ܦܘܪܫܢܐ ܕܐܕܪܐ. ܗܟܢܐ ܦܘܪܫܘܗ̇.,13,"Das primícias da vossa massa oferecereis um bolo em oferta alçada; como a oferta alçada da eira, assim o oferecereis.",20,True,True,True
15,21,Números 15:21,מֵרֵאשִׁית֙ עֲרִסֹ֣תֵיכֶ֔ם תִּתְּנ֥וּ לַיהוָ֖ה תְּרוּמָ֑ה לְדֹרֹ֖תֵיכֶֽם ׃ ס,מראשית ערסתיכמ תתנו ליהוה תרומה לדרתיכמ ס,8,מריש אצותכון תתנון קדם יי אפרשותא לדריכון:,7,ἀπαρχὴν φυράματος ὑμῶν· καὶ δώσετε Κυρίῳ ἀφαίρεμα εἰς τὰς γενεὰς ὑμῶν.,11,ܪܝܫ ܐܨ̈ܘܬܟܘܢ ܗܒܘ ܦܘܪܫܢܐ ܠܡܪܝܐ ܠܕܪ̈ܝܟܘܢ.,6,Das primícias das vossas massas dareis ao Senhor oferta alçada durante as vossas gerações.,14,True,True,True
15,22,Números 15:22,וְכִ֣י תִשְׁגּ֔וּ וְלֹ֣א תַעֲשׂ֔וּ אֵ֥ת כָּל־ הַמִּצְוֺ֖ת הָאֵ֑לֶּה אֲשֶׁר־ דִּבֶּ֥ר יְהוָ֖ה אֶל־ מֹשֶֽׁה ׃,וכי תשגו ולא תעשו את כל המצות האלה אשר דבר יהוה אל משה,14,וארי תשתלון ולא תעבדון ית כל פקודיא האלין די מליל יי עם משה:,13,"Ὅταν δὲ διαμάρτητε καὶ μὴ ποιήσητε πάσας τὰς ἐντολὰς ταύτας ἅς ἐλάλησεν Κύριος πρὸς Μωυσῆν,",15,ܘܐܢ ܬܛܥܘܢ ܘܠܐ ܬܥܒܕܘܢ ܗܠܝܢ ܟܠܗܘܢ ܦܘܩ̈ܕܢܐ ܕܡܠܠ ܡܪܝܐ ܥܡ ܡܘܫܐ.,11,"Igualmente, quando vierdes a errar, e não observardes todos esses mandamentos, que o Senhor tem falado a Moisés,",18,True,True,True
15,23,Números 15:23,אֵת֩ כָּל־ אֲשֶׁ֨ר צִוָּ֧ה יְהוָ֛ה אֲלֵיכֶ֖ם בְּיַד־ מֹשֶׁ֑ה מִן־ הַיּ֞וֹם אֲשֶׁ֨ר צִוָּ֧ה יְהוָ֛ה וָהָ֖לְאָה לְדֹרֹתֵיכֶֽם ׃,את כל אשר צוה יהוה אליכמ ביד משה מנ היומ אשר צוה יהוה והלאה לדרתיכמ,16,ית כל די פקיד יי יתכון בידא דמשה מן יומא די פקיד יי ולהלא לדריכון:,15,"καθὰ συνέταξεν Κύριος πρὸς ὑμᾶς ἐν χειρὶ Μωυσῆ, ἀπὸ τῆς ἡμέρας ἧς συνέταξεν Κύριος πρὸς ὑμᾶς καὶ ἐπέκεινα εἰς τὰς γενεὰς ὑμῶν·",22,ܟܠܡܕܡ ܕܦܩܕ ܡܪܝܐ ܠܘܬܟܘܢ ܒܐܝܕܐ ܕܡܘܫܐ. ܡܢ ܝܘܡܐ ܕܦܩܕ ܡܪܝܐ ܘܠܗܠ ܠܕܪ̈ܝܟܘܢ.,12,"sim, tudo quanto o Senhor vos tem ordenado por intermédio do Moisés, desde o dia em que o Senhor começou a dar os seus mandamentos, e daí em diante pelas vossas gerações,",32,True,True,True
15,24,Números 15:24,וְהָיָ֗ה אִ֣ם מֵעֵינֵ֣י הָעֵדָה֮ נֶעֶשְׂתָ֣ה לִשְׁגָגָה֒ וְעָשׂ֣וּ כָל־ הָעֵדָ֡ה פַּ֣ר בֶּן־ בָּקָר֩ אֶחָ֨ד לְעֹלָ֜ה לְרֵ֤יחַ נִיחֹ֨חַ֙ לַֽיהוָ֔ה וּמִנְחָת֥וֹ וְנִסְכּ֖וֹ כַּמִּשְׁפָּ֑ט וּשְׂעִיר־ עִזִּ֥ים אֶחָ֖ד לְחַטָּֽת ׃,והיה אמ מעיני העדה נעשתה לשגגה ועשו כל העדה פר בנ בקר אחד לעלה לריח ניחח ליהוה ומנחתו ונסכו כמשפט ושעיר עזימ אחד לחטת,25,ויהי אם מעיני כנשתא אתעבדת לשלו ויעבדון כל כנשתא תור בר תורי חד לעלתא לאתקבלא ברעוא קדם יי ומנחתיה ונסכיה כדחזי וצפיר בר עזי חד לחטאתא:,26,"καὶ ἔσται ἐὰν ἐξ ὀφθαλμῶν τῆς συναγωγῆς γενηθῇ ἀκουσίως, καὶ ποιήσῃ πᾶσα ἡ συναγωγὴ μόσχον ἕνα ἐκ βοῶν ἄμωμον εἰς ὁλοκαύτωμα εἰς ὀσμὴν εὐωδίας Κυρίῳ, καὶ θυσίαν τούτου καὶ σπονδὴν αὐτοῦ κατὰ τὴν σύνταξιν, καὶ χίμαρον ἐξ αἰγῶν ἕνα περὶ ἁμαρτίας.",41,ܘܐܢ ܡܢ ܩܕܡ ܥܝ̈ܢܝܗ̇ ܕܟܢܘܫܬܐ ܐܬܥܒܕܬ ܛܘܥܝܝ. ܢܩܪܒܘܢ ܟܠܗ̇ ܟܢܘܫܬܐ ܬܘܪܐ ܚܕ ܒܪ ܒܩܪܐ. ܠܥܠܬܐ ܠܪܝܚܐ ܕܣܘܬܐ ܠܡܪܝܐ. ܘܣܡܝܕܗ ܘܢܘܩܝܗ. ܐܝܟ ܙܕܩܗ. ܘܨܦܪܝܐ ܚܕ ܕܥ̈ܙܐ ܠܚܛܗܐ.,26,"será que, quando se fizer alguma coisa sem querer, e isso for encoberto aos olhos da congregação, toda a congregação oferecerá um novilho para holocausto em cheiro suave ao Senhor, juntamente com a oferta de cereais do mesmo e a sua oferta de libação, segundo a ordenança, e um bode como sacrifício pelo pecado.",54,True,True,True
15,25,Números 15:25,וְכִפֶּ֣ר הַכֹּהֵ֗ן עַֽל־ כָּל־ עֲדַ֛ת בְּנֵ֥י יִשְׂרָאֵ֖ל וְנִסְלַ֣ח לָהֶ֑ם כִּֽי־ שְׁגָגָ֣ה הִ֔וא וְהֵם֩ הֵבִ֨יאוּ אֶת־ קָרְבָּנָ֜ם אִשֶּׁ֣ה לַֽיהוָ֗ה וְחַטָּאתָ֛ם לִפְנֵ֥י יְהוָ֖ה עַל־ שִׁגְגָתָֽם ׃,וכפר הכהנ על כל עדת בני ישראל ונסלח להמ כי שגגה הוא והמ הביאו את קרבנמ אשה ליהוה וחטאתמ לפני יהוה על שגגתמ,24,ויכפר כהנא על כל כנשתא דבני ישראל וישתבק להון ארי שלותא היא ואנון איתיאו ית קרבנהון קרבנא קדם יי וחובתהון קדם יי על שלותהון:,24,"καὶ ἐξιλάσεται περὶ αὐτοῦ ὁ ἱερεύς, περὶ πάσης συναγωγῆς υἱῶν, Ἰσραήλ, καὶ ἀφεθήσεται αὐτοῖς· ὅτι ἀκούσιόν ἐστιν· καὶ αὐτοὶ ἤνεγκαν τὸ δῶρον αὐτῶν κάρπωμα Κυρίῳ περὶ τῆς ἁμαρτίας αὐτῶν ἔναντι Κυρίου περὶ τῶν ἀκουσίων αὐτῶν.",35,ܘܢܚܣܐ ܟܗܢܐ ܥܠ ܟܠܗ̇ ܟܢܘܫܬܐ ܕܒܢ̈ܝ ܐܝܣܪܝܠ. ܘܢܫܬܒܩ ܠܗܘܢ. ܡܛܠ ܕܛܘܥܝܝ ܗܝ. ܘܗܢܘܢ ܐܝܬܝܘ ܩܘܪ̈ܒܢܝܗܘܢ ܩܘܪܒܢܐ ܠܡܪܝܐ. ܘܕܚܠܦ ܚ̈ܛܗܝܗܘܢ ܩܘܪܒܢܐ ܠܡܪܝܐ. ܥܠ ܣܟ̈ܠܘܬܗܘܢ.,23,"E o sacerdote fará expiação por toda a congregação dos filhos de Israel, e eles serão perdoados; porquanto foi erro, e trouxeram a sua oferta, oferta queimada ao Senhor, e o seu sacrifício pelo pecado perante o Senhor, por causa do seu erro.",43,True,True,True
15,26,Números 15:26,וְנִסְלַ֗ח לְכָל־ עֲדַת֙ בְּנֵ֣י יִשְׂרָאֵ֔ל וְלַגֵּ֖ר הַגָּ֣ר בְּתוֹכָ֑ם כִּ֥י לְכָל־ הָעָ֖ם בִּשְׁגָגָֽה ׃ ס,ונסלח לכל עדת בני ישראל ולגר הגר בתוכמ כי לכל העמ בשגגה ס,14,וישתבק לכל כנשתא דבני ישראל ולגיורא דיתגיר ביניהון ארי לכל עמא בשלותא:,12,"καὶ ἀφεθήσεται κατὰ πᾶσαν συναγωγὴν υἱῶν Ἰσραὴλ καὶ τῷ προσηλύτῳ τῷ προσκειμένῳ πρὸς ὑμᾶς, ὅτι παντὶ τῷ λαῷ ἀκούσιον.",19,ܘܢܫܬܒܩ ܠܗܘܢ ܠܟܠܗ̇ ܟܢܘܫܬܐ ܕܒܢ̈ܝ ܐܝܣܪܝܠ. ܘܠܐܝܠܝܢ ܕܡܬܦܢܝܢ ܠܘܬܝ ܕܥ̇ܡܪܝܢ ܒܐܝܣܪܝܠ. ܡܛܠ ܕܕܟܠܗ ܗܝ ܥܡܐ ܛܘܥܝܝ.,16,"Será, pois, perdoada toda a congregação dos filhos de Israel, bem como o estrangeiro que peregrinar entre eles; porquanto sem querer errou o povo todo.",25,True,True,True
15,27,Números 15:27,וְאִם־ נֶ֥פֶשׁ אַחַ֖ת תֶּחֱטָ֣א בִשְׁגָגָ֑ה וְהִקְרִ֛יבָה עֵ֥ז בַּת־ שְׁנָתָ֖הּ לְחַטָּֽאת ׃,ואמ נפש אחת תחטא בשגגה והקריבה עז בת שנתה לחטאת,11,ואם אנש חד יחוב בשלו ויקרב עזא בת שתה לחטאתא:,10,"ἐὰν δὲ ψυχὴ μία ἁμάρτῃ ἀκουσίως, προσάξει αἶγα μίαν ἐνιαυσίαν περὶ ἁμαρτίας·",12,ܘܐܢ ܢܦܫܐ ܚܕܐ ܬܚܛܐ ܒܛܘܥܝܝ. ܬܩܪܒ ܥܙܐ ܒܪܬ ܫܢܬܐ ܚܠܦ ܚܛܗܐ.,11,"E, se uma só pessoa pecar sem querer, oferecerá uma cabra de um ano como sacrifício pelo pecado.",18,True,True,True
15,28,Números 15:28,וְכִפֶּ֣ר הַכֹּהֵ֗ן עַל־ הַנֶּ֧פֶשׁ הַשֹּׁגֶ֛גֶת בְּחֶטְאָ֥ה בִשְׁגָגָ֖ה לִפְנֵ֣י יְהוָ֑ה לְכַפֵּ֥ר עָלָ֖יו וְנִסְלַ֥ח לֽוֹ ׃,וכפר הכהנ על הנפש השגגת בחטאה בשגגה לפני יהוה לכפר עליו ונסלח לו,14,ויכפר כהנא על אנש דאשתלי במחביה בשלו קדם יי לכפרא עלוהי וישתבק ליה:,13,"καὶ ἐξιλάσεται ὁ ἱερεὺς περὶ τῆς ψυχῆς τῆς ἀκουσιασθείσης καὶ ἁμαρτούσης ἀκουσίως ἔναντι Κυρίου, ἐξιλάσασθαι περὶ αὐτοῦ.",17,ܘܢܚܣܐ ܟܗܢܐ ܥܠ ܢܦܫܐ ܕܚܛܬ ܒܚܛܗܐ ܕܛܘܥܝܝ ܩܕܡ ܡܪܝܐ. ܘܢܬܚܣܐ ܥܠܘܗܝ ܘܢܫܬܒܩ ܠܗ .,14,"E o sacerdote fará perante o Senhor expiação pela alma que peca, quando pecar sem querer; e, feita a expiação por ela, será perdoada.",24,True,True,True
15,29,Números 15:29,הָֽאֶזְרָח֙ בִּבְנֵ֣י יִשְׂרָאֵ֔ל וְלַגֵּ֖ר הַגָּ֣ר בְּתוֹכָ֑ם תּוֹרָ֤ה אַחַת֙ יִהְיֶ֣ה לָכֶ֔ם לָעֹשֶׂ֖ה בִּשְׁגָגָֽה ׃,האזרח בבני ישראל ולגר הגר בתוכמ תורה אחת יהיה לכמ לעשה בשגגה,13,יציבא בבני ישראל ולגיורא דיתגיר ביניהון אוריתא חדא יהי לכון לדיעבד בשלו,12,"τῷ ἐνχωρίῳ ἐν υἱοῖς Ἰσραὴλ καὶ τῷ προσηλύτῳ τῷ προσκειμένῳ ἐν αὐτοῖς, νόμος εἷς ἔσται αὐτοῖς, ὃς ἂν ποιήσῃ ἀκουσίως.",20,ܘܠܒܢ̈ܝ ܐܝܣܪܝܠ ܘܠܐܝܠܝܢ ܕܡܬܦܢܝܢ ܠܘܬܝ ܕܥ̇ܡܪܝܢ ܒܝܢܬܟܘܢ . ܢܡܘܣܐ ܚܕ ܢܗܘܐ ܠܟܘܢ ܠܡ̇ܢ ܕܥ̇ܒܕ ܒܛܘܥܝܝ.,15,"Haverá uma mesma lei para aquele que pecar sem querer, tanto para o natural entre os filhos de Israel, como para o estrangeiro que peregrinar entre eles.",27,True,True,True
15,30,Números 15:30,וְהַנֶּ֜פֶשׁ אֲשֶֽׁר־ תַּעֲשֶׂ֣ה ׀ בְּיָ֣ד רָמָ֗ה מִן־ הָֽאֶזְרָח֙ וּמִן־ הַגֵּ֔ר אֶת־ יְהוָ֖ה ה֣וּא מְגַדֵּ֑ף וְנִכְרְתָ֛ה הַנֶּ֥פֶשׁ הַהִ֖וא מִקֶּ֥רֶב עַמָּֽהּ ׃,והנפש אשר תעשה ביד רמה מנ האזרח ומנ הגר את יהוה הוא מגדפ ונכרתה הנפש ההוא מקרב עמה,20,ואנש דיעבד בריש גלי מן יציביא ומן גיוריא קדם יי הוא מרגז וישתצי אנשא ההיא מגו עמיה:,17,"καὶ ψυχὴ ἥτις ποιήσει ἐν χειρὶ ὑπερηφανίας ἀπὸ τῶν αὐτοχθόνων ἢ ἀπὸ τῶν προσηλύτων, τὸν θεὸν οὗτος παροξύνει· ἐξολεθρευθήσεται ἡ ψυχὴ ἐκείνη ἐκ τοῦ λαοῦ αὐτῆς.",26,ܘܢܦܫܐ ܕܬܥܒܕ ܒܐܝܕܐ ܪܡܬܐ. ܡܢܟܘܢ ܘܡܢ ܐܝܠܝܢ ܕܡܬܦܢܝܢ ܠܘܬܝ. ܩܕܡ ܡܪܝܐ ܓܕܦ . ܬܐܒܕ ܢܦܫܐ ܗ̇ܝ ܡܢ ܥܡܗ̇.,18,"Mas a pessoa que fizer alguma coisa temerariamente, quer seja natural, quer estrangeira, blasfema ao Senhor; tal pessoa será extirpada do meio do seu povo,",25,True,True,True
15,31,Números 15:31,כִּ֤י דְבַר־ יְהוָה֙ בָּזָ֔ה וְאֶת־ מִצְוָת֖וֹ הֵפַ֑ר הִכָּרֵ֧ת ׀ תִּכָּרֵ֛ת הַנֶּ֥פֶשׁ הַהִ֖וא עֲוֺנָ֥ה בָֽהּ ׃ פ,כי דבר יהוה בזה ואת מצותו הפר הכרת תכרת הנפש ההוא עונה בה פ,16,ארי על מימרא דיי בסר וית פקודוהי אשני אשתצאה תשתצי אנשא ההיא חובה בה:,14,"ὅτι τὰ ῥήματα Κυρίου ἐφαύλισεν καὶ τὰς ἐντολὰς αὐτοῦ διεσκέδασεν· ἐκτρίψει ἐκτριβήσεται ἡ ψυχὴ ἐκείνη, ἡ ἁμαρτία αὐτῆς ἐν αὐτῇ.",20,ܡܛܠ ܕܫܛ ܦܬܓܡ̈ܘܗܝ ܕܡܪܝܐ ܘܠܦܘܩ̈ܕܢܘܗܝ ܒܛܠ. ܬܐܒܕ ܢܦܫܐ ܗܝ ܘܥܘܠܗ̇ ܥܠܝܗ̇.,11,"por haver desprezado a palavra do Senhor, e quebrado o seu mandamento; essa alma certamente será extirpada, e sobre ela recairá a sua iniqüidade.",24,True,True,True
15,32,Números 15:32,וַיִּהְי֥וּ בְנֵֽי־ יִשְׂרָאֵ֖ל בַּמִּדְבָּ֑ר וַֽיִּמְצְא֗וּ אִ֛ישׁ מְקֹשֵׁ֥שׁ עֵצִ֖ים בְּי֥וֹם הַשַּׁבָּֽת ׃,ויהיו בני ישראל במדבר וימצאו איש מקשש עצימ ביומ השבת,11,והוו בני ישראל במדברא ואשכחו גברא כד מגבב אעין ביומא דשבתא:,11,"Καὶ ἦσαν οἱ υἱοὶ Ἰσραὴλ ἐν τῇ ἐρήμῳ, καὶ εὗρον ἄνδρα συλλέγοντα ξύλα τῇ ἡμέρᾳ τῶν σαββάτων.",17,ܘܗܘܘ ܒܢ̈ܝ ܐܝܣܪܝܠ ܒܡܕܒܪܐ. ܘܐܫܟܚܘ ܓܒܪܐ ܚܕ ܟܕ ܠܩ̇ܛ ܩܝ̈ܣܐ ܒܝܘܡܐ ܕܫܒܬܐ .,13,"Estando, pois, os filhos de Israel no deserto, acharam um homem apanhando lenha no dia de sábado.",17,True,True,True
15,33,Números 15:33,וַיַּקְרִ֣יבוּ אֹת֔וֹ הַמֹּצְאִ֥ים אֹת֖וֹ מְקֹשֵׁ֣שׁ עֵצִ֑ים אֶל־ מֹשֶׁה֙ וְאֶֽל־ אַהֲרֹ֔ן וְאֶ֖ל כָּל־ הָעֵדָֽה ׃,ויקריבו אתו המצאימ אתו מקשש עצימ אל משה ואל אהרנ ואל כל העדה,14,וקריבו יתיה דאשכחו יתיה כד מגבב אעין לות משה ולות אהרן ולות כל כנשתא:,14,καὶ προσήγαγον αὐτὸν οἱ εὑρόντες συλλέγοντα ξύλα τῇ ἡμέρᾳ τῶν σαββάτων πρὸς Μωυσῆν καὶ Ἀαρὼν καὶ πρὸς πᾶσαν συναγωγὴν υἱῶν Ἰσραήλ.,21,ܘܩܪܒܘܗܝ ܗ̇ܢܘܢ ܕܐܫܟܚܘܗܝ. ܟܕ ܠܩ̇ܛ ܩܝ̈ܣܐ. ܠܘܬ ܡܘܫܐ. ܘܠܘܬ ܐܗܪܘܢ. ܘܠܘܬ ܟܠܗ̇ ܟܢܘܫܬܐ.,13,"E os que o acharam apanhando lenha trouxeram-no a Moisés e a Arão, e a toda a congregação.",18,True,True,True
15,34,Números 15:34,וַיַּנִּ֥יחוּ אֹת֖וֹ בַּמִּשְׁמָ֑ר כִּ֚י לֹ֣א פֹרַ֔שׁ מַה־ יֵּעָשֶׂ֖ה לֽוֹ ׃ ס,ויניחו אתו במשמר כי לא פרש מה יעשה לו ס,11,ואסרו יתיה בבית מטרא ארי לא אתפרש להון מה דיעבדון ליה:,11,"καὶ ἀπέθεντο αὐτὸν εἰς φυλακήν, οὐ γὰρ συνέκριναν τί ποιήσωσιν αὐτόν.",11,ܘܚܒܫܘܗܝ ܒܝܬ ܢܛܘܪܬܐ. ܡܛܠ ܕܠܐ ܥܕܟܝܠ ܐܬܦܫܩ ܡܢܐ ܢܬܥܒܕ ܠܗ.,10,"E o meteram em prisão, porquanto ainda não estava declarado o que se lhe devia fazer.",16,True,True,True
15,35,Números 15:35,וַיֹּ֤אמֶר יְהוָה֙ אֶל־ מֹשֶׁ֔ה מ֥וֹת יוּמַ֖ת הָאִ֑ישׁ רָג֨וֹם אֹת֤וֹ בָֽאֲבָנִים֙ כָּל־ הָ֣עֵדָ֔ה מִח֖וּץ לַֽמַּחֲנֶֽה ׃,ויאמר יהוה אל משה מות יומת האיש רגומ אתו באבנימ כל העדה מחוצ למחנה,15,ואמר יי למשה אתקטלא יתקטל גברא מרגם יתיה באבניא כל כנשתא מברא למשריתא:,13,καὶ ἐλάλησεν Κύριος πρὸς Μωυσῆν λέγων Θανάτῳ θανατούσθω ὁ ἄνθρωπος· λιθοβολήσατε αὐτὸν λίθοις πᾶσα ἡ συναγωγή.,16,ܘܐܡܪ ܡܪܝܐ ܠܡܘܫܐ. ܡܬܩܛܠܘ ܢܬܩܛܠ ܓܒܪܐ. ܡܪܓܡ ܢܪܓܡܘܢܗ ܟܠܗ̇ ܟܢܘܫܬܐ. ܒܟܐ̈ܦܐ ܠܒܪ ܡܢ ܡܫܪܝܬܐ.,14,Então disse o Senhor a Moisés: certamente será morto o homem; toda a congregação o apedrejará fora do arraial.,19,True,True,True
15,36,Números 15:36,וַיֹּצִ֨יאוּ אֹת֜וֹ כָּל־ הָעֵדָ֗ה אֶל־ מִחוּץ֙ לַֽמַּחֲנֶ֔ה וַיִּרְגְּמ֥וּ אֹת֛וֹ בָּאֲבָנִ֖ים וַיָּמֹ֑ת כַּאֲשֶׁ֛ר צִוָּ֥ה יְהוָ֖ה אֶת־ מֹשֶֽׁה ׃ פ,ויציאו אתו כל העדה אל מחוצ למחנה וירגמו אתו באבנימ וימת כאשר צוה יהוה את משה פ,18,ואפיקו יתיה כל כנשתא למברא למשריתא ורגמו יתיה באבניא ומית כמא די פקיד יי ית משה:,16,"καὶ ἐξήγαγον αὐτὸν πᾶσα ἡ συναγωγὴ ἔξω τῆς παρεμβολῆς· καὶ ἐλιθοβόλησεν αὐτὸν πᾶσα ἡ συναγωγὴ λίθοις ἔξω τῆς παρεμβολῆς, καθὰ συνέταξεν Κύριος τῷ Μωυσῇ.",24,ܘܐܦܩܘܗܝ ܟܠܗ̇ ܟܢܘܫܬܐ ܠܒܪ ܡܢ ܡܫܪܝܬܐ. ܘܪܓܡܘܗܝ ܒܟܐ̈ܦܐ ܘܡܝܬ. ܐܝܟ ܕܦܩܕ ܡܪܝܐ ܠܡܘܫܐ.,13,"Levaram-no, pois, para fora do arraial, e o apedrejaram, de modo que ele morreu; como o Senhor ordenara a Moisés.",20,True,True,True
15,37,Números 15:37,וַיֹּ֥אמֶר יְהוָ֖ה אֶל־ מֹשֶׁ֥ה לֵּאמֹֽר ׃,ויאמר יהוה אל משה לאמר,6,ואמר יי למשה למימר:,4,Καὶ εἶπεν Κύριος πρὸς Μωυσῆν λέγων,6,ܘܡܠܠ ܡܪܝܐ ܥܡ ܡܘܫܐ ܘܐܡܪ ܠܗ .,7,Disse mais o Senhor a Moisés:,6,True,True,True
15,38,Números 15:38,דַּבֵּ֞ר אֶל־ בְּנֵ֤י יִשְׂרָאֵל֙ וְאָמַרְתָּ֣ אֲלֵהֶ֔ם וְעָשׂ֨וּ לָהֶ֥ם צִיצִ֛ת עַל־ כַּנְפֵ֥י בִגְדֵיהֶ֖ם לְדֹרֹתָ֑ם וְנָֽתְנ֛וּ עַל־ צִיצִ֥ת הַכָּנָ֖ף פְּתִ֥יל תְּכֵֽלֶת ׃,דבר אל בני ישראל ואמרת אלהמ ועשו להמ ציצת על כנפי בגדיהמ לדרתמ ונתנו על ציצת הכנפ פתיל תכלת,20,מלל עם בני ישראל ותימר להון ויעבדון להון כרוספדין על כנפי כסותהון לדריהון ויתנון על כרוספדא דכנפא חוטא דתכלתא:,19,"Λάλησον τοῖς υἱοῖς Ἰσραὴλ καὶ ἐρεῖς πρὸς αὐτούς, καὶ ποιησάτωσαν ἑαυτοῖς κράσπεδα ἐπὶ τὰ πτερύγια τῶν ἱματίων αὐτῶν εἰς τὰς γενεὰς αὐτῶν· καὶ ἐπιθήσετε ἐπὶ τὰ κράσπεδα τῶν πτερυγίων κλῶσμα ὑακίνθινον.",31,ܡܠܠ ܥܡ ܒܢ̈ܝ ܐܝܣܪܝܠ ܘܐܡܪ ܠܗܘܢ. ܘܢܥܒܕܘܢ ܠܗܘܢ ܨܘܨ̈ܝܬܐ ܥܠ ܟܢ̈ܦܐ ܕܡܪ̈ܛܘܛܝܗܘܢ ܠܕܪ̈ܝܗܘܢ. ܘܢܥܒܕܘܢ ܒܨܘܨ̈ܝܬܐ ܕܟܢ̈ܦܝܗܘܢ ܚܘܛܐ ܕܬܟܠܬܐ.,18,"Fala aos filhos de Israel, e dize-lhes que façam para si franjas nas bordas das suas vestes, pelas suas gerações; e que ponham nas franjas das bordas um cordão azul.",30,True,True,True
15,39,Números 15:39,וְהָיָ֣ה לָכֶם֮ לְצִיצִת֒ וּרְאִיתֶ֣ם אֹת֗וֹ וּזְכַרְתֶּם֙ אֶת־ כָּל־ מִצְוֺ֣ת יְהוָ֔ה וַעֲשִׂיתֶ֖ם אֹתָ֑ם וְלֹֽא־ תָתֻ֜רוּ אַחֲרֵ֤י לְבַבְכֶם֙ וְאַחֲרֵ֣י עֵֽינֵיכֶ֔ם אֲשֶׁר־ אַתֶּ֥ם זֹנִ֖ים אַחֲרֵיהֶֽם ׃,והיה לכמ לציצת וראיתמ אתו וזכרתמ את כל מצות יהוה ועשיתמ אתמ ולא תתרו אחרי לבבכמ ואחרי עיניכמ אשר אתמ זנימ אחריהמ,23,ויהון לכון לכרוספדין ותחזון יתיה ותדכרון ית כל פקודיא דיי ותעבדון יתהון ולא תטעון בתר הרהור לבכון ובתר חיזו עיניכון די אתון טען בתריהון:,24,"καὶ ἔσται ὑμῖν ἐν τοῖς κρασπέδοις, καὶ ὄψεσθε αὐτά, καὶ μνησθήσεσθε πασῶν τῶν ἐντολῶν Κυρίου καὶ ποιήσετε αὐτάς, καὶ οὐ διαστραφήσεσθε ὀπίσω τῶν διανοιῶν ὑμῶν καὶ τῶν ὀφθαλμῶν ἐν οἷς ἐκπορνεύετε ὀπίσω αὐτῶν·",33,ܘܢܗ̈ܘܝܢ ܠܟܘܢ ܨ̈ܘܨܝܬܐ ܕܬܚܙܘܢ ܐܢܝ̈ܢ. ܘܬܬܕܟܪܘܢ ܟܠܗܘܢ ܦܘܩ̈ܕܢܘܗܝ ܕܡܪܝܐ ܐܠܗܟܘܢ ܘܬܥܒܕܘܢ ܐܢܘܢ. ܘܠܐ ܬܛܥܘܢ ܒܬܪ ܠܒܝ̈ܟܘܢ ܘܒܬܪ ܪ̈ܥܝܢܝܟܘܢ ܕܛ̇ܥܝܢ ܐܢܬܘܢ ܒܬܪܗܘܢ.,21,"Tê-lo-eis nas franjas, para que o vejais, e vos lembreis de todos os mandamentos do Senhor, e os observeis; e para que não vos deixeis arrastar à infidelidade pelo vosso coração ou pela vossa vista, como antes o fazíeis;",39,True,True,True
15,40,Números 15:40,לְמַ֣עַן תִּזְכְּר֔וּ וַעֲשִׂיתֶ֖ם אֶת־ כָּל־ מִצְוֺתָ֑י וִהְיִיתֶ֥ם קְדֹשִׁ֖ים לֵֽאלֹהֵיכֶֽם ׃,למענ תזכרו ועשיתמ את כל מצותי והייתמ קדשימ לאלהיכמ,10,בדיל דתדכרון ותעבדון ית כל פקודי ותהון קדישין קדם אלהכון:,10,"ὅπως ἂν μνησθῆτε καὶ ποιήσητε πάσας τὰς ἐντολάς μου, καὶ ἔσεσθε ἅγιοι τῷ θεῷ ὑμῶν.",15,ܘܬܬܕܟܪܘܢ ܘܬܥܒܕܘܢ ܟܠܗܘܢ ܦܘܩ̈ܕܢܝ. ܘܬܗܘܘܢ ܩܕܝܫ̈ܝܢ ܠܐܠܗܟܘܢ.,7,"para que vos lembreis de todos os meus mandamentos, e os observeis, e sejais santos para com o vosso Deus.",20,True,True,True
15,41,Números 15:41,אֲנִ֞י יְהוָ֣ה אֱלֹֽהֵיכֶ֗ם אֲשֶׁ֨ר הוֹצֵ֤אתִי אֶתְכֶם֙ מֵאֶ֣רֶץ מִצְרַ֔יִם לִהְי֥וֹת לָכֶ֖ם לֵאלֹהִ֑ים אֲנִ֖י יְהוָ֥ה אֱלֹהֵיכֶֽם ׃ פ,אני יהוה אלהיכמ אשר הוצאתי אתכמ מארצ מצרימ להיות לכמ לאלהימ אני יהוה אלהיכמ פ,16,אנא יי אלהכון די אפקית יתכון מארעא דמצרים למהוי לכון לאלהא אנא יי אלהכון:,14,"ἐγὼ Κύριος ὁ θεὸς ὑμῶν, ὁ ἐξαγαγὼν ὑμᾶς ἐκ γῆς Αἰγύπτου εἶναι ὑμῶν θεός· ἐγὼ Κύριος ὁ θεὸς ὑμῶν.",19,ܐܢܐ ܐܢܐ ܡܪܝܐ ܐܠܗܟܘܢ ܕܐܦܩ̇ܬܟܘܢ ܡܢ ܐܪܥܐ ܕܡܨܪܝܢ. ܠܡܗܘܐ ܠܟܘܢ ܐܠܗܐ. ܐܢܐ ܐܢܐ ܡܪܝܐ ܐܠܗܟܘܢ.,15,"Eu sou o senhor vosso Deus, que vos tirei da terra do Egito para ser o vosso Deus. Eu sou o Senhor vosso Deus.",24,True,True,True
16,1,Números 16:1,וַיִּקַּ֣ח קֹ֔רַח בֶּן־ יִצְהָ֥ר בֶּן־ קְהָ֖ת בֶּן־ לֵוִ֑י וְדָתָ֨ן וַאֲבִירָ֜ם בְּנֵ֧י אֱלִיאָ֛ב וְא֥וֹן בֶּן־ פֶּ֖לֶת בְּנֵ֥י רְאוּבֵֽן ׃,ויקח קרח בנ יצהר בנ קהת בנ לוי ודתנ ואבירמ בני אליאב ואונ בנ פלת בני ראובנ,18,ואתפלג קרח בר יצהר בר קהת בר לוי ודתן ואבירם בני אליאב ואון בר פלת בני ראובן:,17,"Καὶ ἐλάλησεν Κόρε υἱὸς Ἰσσαὰρ υἱοῦ Καὰθ υἱοῦ Λευεί, καὶ Δαθὰν καὶ Ἀβειρὼν υἱοὶ Ἐλιάβ, καὶ Αὒν υἱὸς Φάλεθ υἱοῦ Ῥουβήν·",21,ܘܐܬܦܠܓ ܩܘܪܚ ܒܪ ܝܨܗܪ ܒܪ ܩܗܬ ܒܪ ܠܘܝ. ܘܕܬܢ ܘܐܒܝܪܡ ܒܢ̈ܝ ܐܠܝܒ. ܘܐܘܢ ܒܪ ܦܠܬ ܒܢ̈ܝ ܪܘܒܝܠ.,17,"Ora, Corá, filho de Izar, filho de Coate, filho de Levi, juntamente com Datã e Abirão, filhos de Eliabe, e Om, filho de Pelete, filhos de Rúben, tomando certos homens,",30,True,True,True
16,2,Números 16:2,וַיָּקֻ֨מוּ֙ לִפְנֵ֣י מֹשֶׁ֔ה וַאֲנָשִׁ֥ים מִבְּנֵֽי־ יִשְׂרָאֵ֖ל חֲמִשִּׁ֣ים וּמָאתָ֑יִם נְשִׂיאֵ֥י עֵדָ֛ה קְרִאֵ֥י מוֹעֵ֖ד אַנְשֵׁי־ שֵֽׁם ׃,ויקמו לפני משה ואנשימ מבני ישראל חמשימ ומאתימ נשיאי עדה קראי מועד אנשי שמ,15,וקמו לאפי משה וגבריא מבני ישראל מאתן וחמשין רברבי כנשתא מערעי זמן אנשין דשמא:,14,"καὶ ἀνέστησαν ἔναντι Μωυσῆ, καὶ ἄνδρες τῶν υἱῶν Ἰσραὴλ πεντήκοντα καὶ διακόσιοι, ἀρχηγοὶ συναγωγῆς, σύνκλητοι βουλῆς καὶ ἄνδρες ὀνομαστοί·",19,ܘܩܡܘ ܩܕܡ ܡܘܫܐ. ܘܓܒܪ̈ܐ ܡܢ ܒܢ̈ܝ ܐܝܣܪܝܠ ܡܐܬܝܢ ܘܚܡܫܝܢ. ܪ̈ܫܐ ܕܟܢܘܫܬܐ ܕܡܬܩܪܝܢ ܠܙܒܢܐ ܓܒܪ̈ܐ ܕܫ̈ܡܗܬܐ.,15,"levantaram-se perante Moisés, juntamente com duzentos e cinqüenta homens dos filhos de Israel, príncipes da congregação, chamados à assembléia, varões de renome;",22,True,True,True
16,3,Números 16:3,וַיִּֽקָּהֲל֞וּ עַל־ מֹשֶׁ֣ה וְעַֽל־ אַהֲרֹ֗ן וַיֹּאמְר֣וּ אֲלֵהֶם֮ רַב־ לָכֶם֒ כִּ֤י כָל־ הָֽעֵדָה֙ כֻּלָּ֣ם קְדֹשִׁ֔ים וּבְתוֹכָ֖ם יְהוָ֑ה וּמַדּ֥וּעַ תִּֽתְנַשְּׂא֖וּ עַל־ קְהַ֥ל יְהוָֽה ׃,ויקהלו על משה ועל אהרנ ויאמרו אלהמ רב לכמ כי כל העדה כלמ קדשימ ובתוכמ יהוה ומדוע תתנשאו על קהל יהוה,22,ואתכנשו על משה ועל אהרן ואמרו להון סגי לכון ארי כל כנשתא כלהון קדישין וביניהון שריא שכנתא דיי ומא דין אתון מתרברבין על קהלא דיי:,25,"συνέστησαν ὀπίσω Μωυσῆ καὶ Ἀαρὼν καὶ εἶπαν Ἐχέτω ὑμῖν, ὅτι πᾶσα ἡ συναγωγὴ πάντες ἅγιοι, καὶ ἐν αὐτοῖς Κύριος· καὶ διὰ τί κατανίστασθε ἐπὶ τὴν συναγωγὴν Κυρίου;",27,ܘܐܬܟܢܫܘ ܥܠ ܡܘܫܐ ܘܥܠ ܐܗܪܘܢ ܘܐܡܪܘ ܠܗܘܢ. ܠܐ ܟܕܘ ܠܟܘܢ ܕܟܠܗ̇ ܟܢܘܫܬܐ ܟܠܗܘܢ ܩܕܝܫ̈ܝܢ ܘܡܪܝܐ ܒܗܘܢ. ܐܠܐ ܕܬܫܬܩܠܘܢ ܥܠ ܟܘܠܗ̇ ܟܢܘܫܬܐ ܕܡܪܝܐ.,22,"e ajuntando-se contra Moisés e contra Arão, disseram-lhes: Demais é o que vos arrogais a vós, visto que toda a congregação e santa, todos eles são santos, e o Senhor está no meio deles; por que, pois, vos elevais sobre a assembléia do Senhor?",44,True,True,True
16,4,Números 16:4,וַיִּשְׁמַ֣ע מֹשֶׁ֔ה וַיִּפֹּ֖ל עַל־ פָּנָֽיו ׃,וישמע משה ויפל על פניו,6,ושמע משה ונפל על אפוהי:,5,"καὶ ἀκούσας Μωυσῆς ἔπεσεν ἐπὶ πρόσωπον,",6,ܘܫܡܥ ܡܘܫܐ ܘܢܦܠ ܥܠ ܐ̈ܦܘܗܝ.,5,"Quando Moisés ouviu isso, caiu com o rosto em terra;",10,True,True,True
16,5,Números 16:5,וַיְדַבֵּ֨ר אֶל־ קֹ֜רַח וְאֶֽל־ כָּל־ עֲדָתוֹ֮ לֵאמֹר֒ בֹּ֠קֶר וְיֹדַ֨ע יְהוָ֧ה אֶת־ אֲשֶׁר־ ל֛וֹ וְאֶת־ הַקָּד֖וֹשׁ וְהִקְרִ֣יב אֵלָ֑יו וְאֵ֛ת אֲשֶׁ֥ר יִבְחַר־ בּ֖וֹ יַקְרִ֥יב אֵלָֽיו ׃,וידבר אל קרח ואל כל עדתו לאמר בקר וידע יהוה את אשר לו ואת הקדוש והקריב אליו ואת אשר יבחר בו יקריב אליו,24,ומליל עם קרח ועם כל כנשתיה למימר בצפרא ויהודע יי ית דכשר ליה וית דקדיש ויקרב לקדמוהי וית די יתרעי ביה יקרב לשמושיה:,23,"καὶ ἐλάλησεν πρὸς Κόρε καὶ πρὸς πᾶσαν αὐτοῦ τὴν συναγωγὴν λέγων Ἐπέσκεπται καὶ ἔγνω ὁ θεὸς τοὺς ὄντας αὐτοῦ καὶ τοὺς ἁγίους, καὶ προσηγάγετο πρὸς ἑαυτόν, καὶ οὓς ἐξελέξατο ἑαυτῷ προσηγάγετο πρὸς ἑαυτόν.",33,ܘܡܠܠ ܥܡ ܩܘܪܚ ܘܥܡ ܟܠܗ̇ ܟܢܘܫܬܗ. ܘܐܡܪ ܠܗܘܢ. ܒܨܦܪܐ ܢܚܘܐ ܡܪܝܐ ܡ̇ܢ ܕܕܝܠܗ ܗܘ. ܘܕܩܕܝܫ ܢܬܩܪܒ ܠܘܬܗ. ܘܐܝܢܐ ܕܓܒܐ ܠܗ ܢܩܪܒ ܠܘܬܗ.,22,"depois falou a Corá e a toda a sua companhia, dizendo: Amanhã pela manhã o Senhor fará saber quem é seu, e quem é o santo, ao qual ele fará chegar a si; e aquele a quem escolher fará chegar a si.",42,True,True,True
16,6,Números 16:6,זֹ֖את עֲשׂ֑וּ קְחוּ־ לָכֶ֣ם מַחְתּ֔וֹת קֹ֖רַח וְכָל־ עֲדָתֽוֹ ׃,זאת עשו קחו לכמ מחתות קרח וכל עדתו,9,דא עבידו סבו לכון מחתין קרח וכל כנשתיה:,8,"τοῦτο ποιήσατε· λάβετε ὑμῖν αὐτοῖς πυρεῖα, Κόρε καὶ πᾶσα ἡ συναγωγὴ αὐτοῦ,",12,ܗܟܢܐ ܥܒܕܘ ܣܒܘ ܠܟܘܢ ܦܝܪ̈ܡܐ. ܐܢܬ ܩܘܪܚ ܘܟܠܗ̇ ܟܢܘܫܬܟ.,9,"Fazei isto: Corá e toda a sua companhia, tomai para vós incensários;",12,True,True,True
16,7,Números 16:7,וּתְנ֣וּ בָהֵ֣ן ׀ אֵ֡שׁ וְשִׂימוּ֩ עֲלֵיהֶ֨ן קְטֹ֜רֶת לִפְנֵ֤י יְהוָה֙ מָחָ֔ר וְהָיָ֗ה הָאִ֛ישׁ אֲשֶׁר־ יִבְחַ֥ר יְהוָ֖ה ה֣וּא הַקָּד֑וֹשׁ רַב־ לָכֶ֖ם בְּנֵ֥י לֵוִֽי ׃,ותנו בהנ אש ושימו עליהנ קטרת לפני יהוה מחר והיה האיש אשר יבחר יהוה הוא הקדוש רב לכמ בני לוי,22,והבו בהון אשתא ושויו עליהון קטורת בוסמין קדם יי מחר ויהי גברא דיתרעי יי הוא קדיש סגי לכון בני לוי:,20,"καὶ ἐπίθετε ἐπ᾽ αὐτὰ πῦρ, καὶ ἐπίθετε ἐπ᾽ αὐτὰ θυμίαμα ἔναντι Κυρίου αὔριον· καὶ ἔσται ὁ ἀνὴρ ὃν ἐκλέγεται Κύριος, οὗτος ἅγιος· ἱκανούσθω ὑμῖν, υἱοὶ Λευεί.",26,ܘܣܝܡܘ ܒܗܘܢ ܢܘܪܐ ܘܣܝܡܘ ܒܗܘܢ ܒܣ̈ܡܐ. ܩܕܡ ܡܪܝܐ ܡܚܪ. ܘܓܒܪܐ ܕܓ̇ܒܐ ܠܗ ܡܪܝܐ ܗܘ ܢܗܘܐ ܩܕܝܫ. ܟܕܘ ܠܟܘܢ ܒܢ̈ܝ ܠܘܝ.,20,"e amanhã, pondo fogo neles, sobre eles deitai incenso perante o Senhor; e será que o homem a quem o Senhor escolher, esse será o santo; demais é o que vos arrogais a vós, filhos de Levi.",37,True,True,True
16,8,Números 16:8,וַיֹּ֥אמֶר מֹשֶׁ֖ה אֶל־ קֹ֑רַח שִׁמְעוּ־ נָ֖א בְּנֵ֥י לֵוִֽי ׃,ויאמר משה אל קרח שמעו נא בני לוי,9,ואמר משה לקרח שמעו כען בני לוי:,7,"καὶ εἶπεν Μωυσῆς πρὸς Κόρε Εἰσακούσατέ μου, υἱοὶ Λευεί.",9,ܘܐܡܪ ܡܘܫܐ ܠܩܘܪܚ. ܫܡܥܘ ܬܘܒ ܒܢ̈ܝ ܠܘܝ.,7,"Disse mais Moisés a Corá: Ouvi agora, filhos de Levi!",10,True,True,True
16,9,Números 16:9,הַמְעַ֣ט מִכֶּ֗ם כִּֽי־ הִבְדִּיל֩ אֱלֹהֵ֨י יִשְׂרָאֵ֤ל אֶתְכֶם֙ מֵעֲדַ֣ת יִשְׂרָאֵ֔ל לְהַקְרִ֥יב אֶתְכֶ֖ם אֵלָ֑יו לַעֲבֹ֗ד אֶת־ עֲבֹדַת֙ מִשְׁכַּ֣ן יְהוָ֔ה וְלַעֲמֹ֛ד לִפְנֵ֥י הָעֵדָ֖ה לְשָׁרְתָֽם ׃,המעט מכמ כי הבדיל אלהי ישראל אתכמ מעדת ישראל להקריב אתכמ אליו לעבד את עבדת משכנ יהוה ולעמד לפני העדה לשרתמ,22,הזער לכון ארי אפרש אלהא דישראל יתכון מכנשתא דישראל לקרבא יתכון קדמוהי למפלח ית פלחן משכנא דיי ולמקם קדם כנשתא לשמשותהון:,21,"μὴ μικρόν ἐστιν τοῦτο ὑμῖν ὅτι διέστειλεν ὁ θεὸς Ἰσραὴλ ὑμᾶς ἐκ συναγωγῆς Ἰσραήλ, καὶ προσηγάγετο ὑμᾶς πρὸς ἑαυτὸν λειτουργεῖν τὰς λειτουργίας τῆς σκηνῆς Κυρίου καὶ παρίστασθαι ἔναντι τῆς σκηνῆς λατρεύειν αὐτοῖς,",32,ܠܐ ܟܕܘ ܠܟܘܢ ܕܦܪܫܟܘܢ ܐܠܗܐ ܕܐܝܣܪܝܠ. ܡܢ ܟܠܗ̇ ܟܢܘܫܬܐ ܕܐܝܣܪܝܠ. ܘܩܪܒܟܘܢ ܠܘܬܗ ܠܡܦܠܚ ܦܘܠܚܢܐ ܕܡܫܟܢܗ ܕܡܪܝܐ. ܘܠܡܩܡ ܩܕܡ ܟܢܘܫܬܐ ܠܡܫܡܫܘ ܐܢܘܢ.,21,"Acaso é pouco para vós que o Deus de Israel vos tenha separado da congregação de Israel, para vos fazer chegar a si, a fim de fazerdes o serviço do tabernáculo do Senhor e estardes perante a congregação para ministrar-lhe,",40,True,True,True
16,10,Números 16:10,וַיַּקְרֵב֙ אֹֽתְךָ֔ וְאֶת־ כָּל־ אַחֶ֥יךָ בְנֵי־ לֵוִ֖י אִתָּ֑ךְ וּבִקַּשְׁתֶּ֖ם גַּם־ כְּהֻנָּֽה ׃,ויקרב אתכ ואת כל אחיכ בני לוי אתכ ובקשתמ גמ כהנה,12,וקרב יתך וית כל אחיך בני לוי עמך וכען אתון בען אף כהנתא רבתא:,14,καὶ προσηγάγετό σε καὶ πάντας τοὺς ἀδελφούς σου υἱοὺς Λευεὶ μετὰ σοῦ; καὶ ζητεῖτε καὶ ἱερατεύειν;,16,ܘܩܪܒܟ ܠܟ ܘܠܟܠܗܘܢ ܐܚ̈ܝܟ ܒܢ̈ܝ ܠܘܝ ܥܡܟ. ܐܠܐ ܒ̇ܥܝܢ ܐܢܬܘܢ ܐܦ ܟܗܢܘܬܐ.,12,"e te fez chegar, e contigo todos os teus irmãos, os filhos de Levi? procurais também o sacerdócio?",18,True,True,True
16,11,Números 16:11,לָכֵ֗ן אַתָּה֙ וְכָל־ עֲדָ֣תְךָ֔ הַנֹּעָדִ֖ים עַל־ יְהוָ֑ה וְאַהֲרֹ֣ן מַה־ ה֔וּא כִּ֥י תלונו עָלָֽיו ׃,לכנ אתה וכל עדתכ הנעדימ על יהוה ואהרנ מה הוא כי תלונו עליו,14,בכן את וכל כנשתך דאזדמנתון על יי ואהרן מה הוא ארי אתרעמתון עלוהי:,13,οὕτως σὺ καὶ πᾶσα ἡ συναγωγή σου ἡ συνηθροισμένη πρὸς τὸν θεόν· καὶ Ἀαρὼν τίς ἐστιν ὅτι διαγογγύζετε κατ᾽ αὐτοῦ;,20,ܡܛܠ ܗܢܐ ܐܢܬ ܘܟܠܗ̇ ܟܢܘܫܬܟ. ܐܬܘܥܕܘ ܩܕܡ ܡܪܝܐ ܡܚܪ ܘܐܗܪܘܢ. ܡܢܘ ܕܪܛܢܝܢ ܐܢܬܘܢ ܥܠܘܗܝ.,14,"Pelo que tu e toda a tua companhia estais congregados contra o Senhor; e Arão, quem é ele, para que murmureis contra ele?",23,True,True,True
16,12,Números 16:12,וַיִּשְׁלַ֣ח מֹשֶׁ֔ה לִקְרֹ֛א לְדָתָ֥ן וְלַאֲבִירָ֖ם בְּנֵ֣י אֱלִיאָ֑ב וַיֹּאמְר֖וּ לֹ֥א נַעֲלֶֽה ׃,וישלח משה לקרא לדתנ ולאבירמ בני אליאב ויאמרו לא נעלה,11,ושלח משה למקרי לדתן ולאבירם בני אליאב ואמרו לא נסק:,10,καὶ ἀπέστειλεν Μωυσῆς καλέσαι Δαθὰν καὶ Ἀβειρὼν υἱοὺς Ἐλιάβ. καὶ εἶπαν Οὐκ ἀναβαίνομεν·,13,ܘܫܕܪ ܡܘܫܐ ܠܡܩܪܐ ܠܕܬܢ ܘܠܐܒܝܪܡ ܒܢ̈ܝ ܐܠܝܒ. ܘܐܡܪܘ ܠܐ ܣ̇ܠܩܝܢ ܚܢܢ.,11,"Então Moisés mandou chamar a Datã e a Abirão, filhos de Eliabe; eles porém responderam: Não subiremos.",17,True,True,True
16,13,Números 16:13,הַמְעַ֗ט כִּ֤י הֶֽעֱלִיתָ֨נוּ֙ מֵאֶ֨רֶץ זָבַ֤ת חָלָב֙ וּדְבַ֔שׁ לַהֲמִיתֵ֖נוּ בַּמִּדְבָּ֑ר כִּֽי־ תִשְׂתָּרֵ֥ר עָלֵ֖ינוּ גַּם־ הִשְׂתָּרֵֽר ׃,המעט כי העליתנו מארצ זבת חלב ודבש להמיתנו במדבר כי תשתרר עלינו גמ השתרר,15,הזער ארי אסקתנא מארעא עבדא חלב ודבש לקטלותנא במדברא ארי אתרברבת עלנא אף אתרברבא:,14,"μὴ μικρὸν τοῦτο ὅτι ἀνήγαγες ἡμᾶς εἰς γῆν ῥέουσαν γάλα καὶ μέλι, ἀποκτεῖναι ἡμᾶς ἐν τῇ ἐρήμῳ, ὅτι κατάρχεις ἡμῶν ἄρχων;",21,ܠܐ ܟܕܘ ܠܟܘܢ ܕܐܣܩܬܘܢܢ ܡܢ ܐܪܥܐ ܕܡܪܕܝܐ ܚܠܒܐ ܘܕܒܫܐ. ܠܡܩܛܠܘܬܢ ܒܡܕܒܪܐ. ܐܠܐ ܡܬܪ̈ܘܪܒܝܢ ܐܢܬܘܢ ܥܠܝܢ ܐܦ ܡܬܪ̈ܘܪܒܘ.,17,"É pouco, porventura, que nos tenhas feito subir de uma terra que mana leite e mel, para nos matares no deserto, para que queiras ainda fazer-te príncipe sobre nós?",29,True,True,True
16,14,Números 16:14,אַ֡ף לֹ֣א אֶל־ אֶרֶץ֩ זָבַ֨ת חָלָ֤ב וּדְבַשׁ֙ הֲבִ֣יאֹתָ֔נוּ וַתִּ֨תֶּן־ לָ֔נוּ נַחֲלַ֖ת שָׂדֶ֣ה וָכָ֑רֶם הַעֵינֵ֞י הָאֲנָשִׁ֥ים הָהֵ֛ם תְּנַקֵּ֖ר לֹ֥א נַעֲלֶֽה ׃,אפ לא אל ארצ זבת חלב ודבש הביאתנו ותתנ לנו נחלת שדה וכרמ העיני האנשימ ההמ תנקר לא נעלה,20,ברם לא לארעא עבדא חלב ודבש אעלתנא ויהבתא לנא אחסנת חקלין וכרמין העיני גבריא האנון תשלח לעורא לא נסק:,19,"εἰ καὶ εἰς γῆν ῥέουσαν γάλα καὶ μέλι εἰσήγαγες ἡμᾶς, καὶ ἔδωκας ἡμῖν κλῆρον ἀγροῦ καὶ ἀμπελῶνας. τοὺς ὀφθαλμοὺς τῶν ἀνθρώπων ἐκείνων ἄν ἐξέκοψας· οὐκ ἀναβαίνομεν.",26,ܘܠܐܪܥܐ ܕܡܪܕܝܐ ܚܠܒܐ ܘܕܒܫܐ ܠܐ ܐܥܠܬܢ. ܘܠܐ ܝܗܒܬ ܠܢ ܝܪܬܘܬܐ ܕܚ̈ܩܠܬܐ ܘܕܟܪ̈ܡܐ. ܐܢ ܥܝܢ̈ܝܢ ܡܥܘܪ ܐܢܬ ܠܐ ܣ̇ܠܩܝܢܢ.,18,"Ademais, não nos introduziste em uma terra que mana leite e mel, nem nos deste campos e vinhas em herança; porventura cegarás os olhos a estes homens? Não subiremos.",29,True,True,True
16,15,Números 16:15,וַיִּ֤חַר לְמֹשֶׁה֙ מְאֹ֔ד וַיֹּ֨אמֶר֙ אֶל־ יְהוָ֔ה אַל־ תֵּ֖פֶן אֶל־ מִנְחָתָ֑ם לֹ֠א חֲמ֨וֹר אֶחָ֤ד מֵהֶם֙ נָשָׂ֔אתִי וְלֹ֥א הֲרֵעֹ֖תִי אֶת־ אַחַ֥ד מֵהֶֽם ׃,ויחר למשה מאד ויאמר אל יהוה אל תפנ אל מנחתמ לא חמור אחד מהמ נשאתי ולא הרעתי את אחד מהמ,21,ותקף למשה לחדא ואמר קדם יי לא תקבל ברעוא קרבנהון לא חמרא דחד מנהון שחרית ולא אבאשית ית חד מנהון:,20,"καὶ ἐβαρυθύμησεν Μωυσῆς σφόδρα, καὶ εἶπεν πρὸς Κύριον Μὴ προσχῇς εἰς τὴν θυσίαν αὐτῶν· οὐκ ἐπιθύμημα οὐδενὸς αὐτῶν εἴληφα, οὐδὲ ἐκάκωσα οὐδένα αὐτῶν.",23,ܘܐܬܒܐܫ ܛܒ ܠܡܘܫܐ ܘܐܡܪ ܠܡܪܝܐ . ܠܐ ܬܬܦܢܐ ܥܠ ܩܘܪ̈ܒܢܝܗܘܢ. ܡܛܠ ܕܠܐ ܚܡܪܐ ܕܚܕ ܡܢܗܘܢ ܕܒ̇ܪܬ. ܐܦ ܠܐ ܐ̇ܒܐܫܬ ܠܚܕ ܡܢܗܘܢ.,21,"Então Moisés irou-se grandemente, e disse ao Senhor: Não atentes para a sua oferta; nem um só jumento tenho tomado deles, nem a nenhum deles tenho feito mal.",28,True,True,True
16,16,Números 16:16,וַיֹּ֤אמֶר מֹשֶׁה֙ אֶל־ קֹ֔רַח אַתָּה֙ וְכָל־ עֲדָ֣תְךָ֔ הֱי֖וּ לִפְנֵ֣י יְהוָ֑ה אַתָּ֥ה וָהֵ֛ם וְאַהֲרֹ֖ן מָחָֽר ׃,ויאמר משה אל קרח אתה וכל עדתכ היו לפני יהוה אתה והמ ואהרנ מחר,15,ואמר משה לקרח את וכל כנשתך הוו זמינין לקדם יי את ואנון ואהרן מחר:,14,"καὶ εἶπεν Μωυσῆς πρὸς Κόρε Ἁγίασον τὴν συναγωγήν σου, καὶ γίνεσθε ἕτοιμοι ἔναντι Κυρίου σὺ καὶ αὐτοὶ καὶ Ἀαρὼν αὔριον·",20,ܘܐܡܪ ܡܘܫܐ ܠܩܘܪܚ. ܐܢܬ ܘܟܘܠܗ̇ ܟܢܘܫܬܟ. ܗܘܘ ܩܕܡ ܡܪܝܐ. ܐܢܬ ܘܗܢܘܢ ܘܐܗܪܘܢ ܡܚܪ.,13,"Disse mais Moisés a Corá: Comparecei amanhã tu e toda a tua companhia perante o Senhor; tu e eles, e Arão.",21,True,True,True
16,17,Números 16:17,וּקְח֣וּ ׀ אִ֣ישׁ מַחְתָּת֗וֹ וּנְתַתֶּ֤ם עֲלֵיהֶם֙ קְטֹ֔רֶת וְהִקְרַבְתֶּ֞ם לִפְנֵ֤י יְהוָה֙ אִ֣ישׁ מַחְתָּת֔וֹ חֲמִשִּׁ֥ים וּמָאתַ֖יִם מַחְתֹּ֑ת וְאַתָּ֥ה וְאַהֲרֹ֖ן אִ֥ישׁ מַחְתָּתֽוֹ ׃,וקחו איש מחתתו ונתתמ עליהמ קטרת והקרבתמ לפני יהוה איש מחתתו חמשימ ומאתימ מחתת ואתה ואהרנ איש מחתתו,20,וסבו גבר מחתיתיה ותשוון עליהון קטרת בוסמין ותקרבון קדם יי גבר מחתיתיה מאתן וחמשין מחתין ואת ואהרן גבר מחתיתיה:,19,"καὶ λάβετε ἕκαστος τὸ πυρεῖον αὐτοῦ καὶ ἐπιθήσετε ἐπ᾽ αὐτὰ θυμιάματα, καὶ προσάξετε ἔναντι Κυρίου ἕκαστος τὸ πυρεῖον αὐτοῦ, πεντήκοντα καὶ διακόσια πυρεῖα, καὶ σὺ καὶ Ἀαρὼν ἕκαστος τὸ πυρεῖον αὐτοῦ.",31,ܣܒܘ ܓܒܪ ܦܝܪܡܗ. ܘܣܝܡܘ ܒܗܘܢ ܢܘܪܐ ܘܣܝܡܘ ܒܗܘܢ ܒܣ̈ܡܐ . ܘܩܪܒܘ ܩܕܡ ܡܪܝܐ ܓܒܪ ܦܝܪܡܗ. ܡܐܬܝܢ ܘܚܡܫܝܢ ܦܝܪ̈ܡܝܢ ܘܐܢܬ ܘܐܗܪܘܢ ܓܒܪ ܦܝܪܡܗ.,22,"Tome cada um o seu incensário, e ponha nele incenso; cada um traga perante o Senhor o seu incensário, duzentos e cinqüenta incensários; também tu e Arão, cada qual o seu incensário.",32,True,True,True
16,18,Números 16:18,וַיִּקְח֞וּ אִ֣ישׁ מַחְתָּת֗וֹ וַיִּתְּנ֤וּ עֲלֵיהֶם֙ אֵ֔שׁ וַיָּשִׂ֥ימוּ עֲלֵיהֶ֖ם קְטֹ֑רֶת וַֽיַּעַמְד֗וּ פֶּ֛תַח אֹ֥הֶל מוֹעֵ֖ד וּמֹשֶׁ֥ה וְאַהֲרֹֽן ׃,ויקחו איש מחתתו ויתנו עליהמ אש וישימו עליהמ קטרת ויעמדו פתח אהל מועד ומשה ואהרנ,16,ונסיבו גבר מחתיתיה ויהבו עליהון אשתא ושויאו עליהון קטרת בוסמין וקמו בתרע משכן זמנא ומשה ואהרן:,16,"καὶ ἔλαβεν ἕκαστος τὸ πυρεῖον αὐτοῦ, καὶ ἐπέθηκαν ἐπ᾽ αὐτὰ πῦρ, καὶ ἐπέβαλον ἐπ᾽ αὐτὸ θυμίαμα· καὶ ἔστησαν παρὰ τὰς θύρας τῆς σκηνῆς τοῦ μαρτυρίου Μωυσῆς καὶ Ἀαρών.",28,ܘܢܣܒ ܓܒܪ ܦܝܪܡܗ. ܘܣܡܘ ܒܗܘܢ ܢܘܪܐ ܘܣܡܘ ܒܗܘܢ ܒܣ̈ܡܐ. ܘܩܡܘ ܩܕܡ ܡܫܟܢܙܒܢܐ ܡܘܫܐ ܘܐܗܪܘܢ.,14,"Tomou, pois, cada qual o seu incensário, e nele pôs fogo, e nele deitou incenso; e se puseram à porta da tenda da revelação com Moisés e Arão.",28,True,True,True
16,19,Números 16:19,וַיַּקְהֵ֨ל עֲלֵיהֶ֥ם קֹ֨רַח֙ אֶת־ כָּל־ הָ֣עֵדָ֔ה אֶל־ פֶּ֖תַח אֹ֣הֶל מוֹעֵ֑ד וַיֵּרָ֥א כְבוֹד־ יְהוָ֖ה אֶל־ כָּל־ הָעֵדָֽה ׃ פ,ויקהל עליהמ קרח את כל העדה אל פתח אהל מועד וירא כבוד יהוה אל כל העדה פ,18,ואכנש עליהון קרח ית כל כנשתא לתרע משכן זמנא ואתגלי יקרא דיי לכל כנשתא:,14,καὶ ἐπισυνέστησεν ἐπ᾽ αὐτοὺς Κόρε τὴν πᾶσαν αὐτοῦ συναγωγὴν παρὰ τὴν θύραν τῆς σκηνῆς τοῦ μαρτυρίου· καὶ ὤφθη ἡ δόξα Κυρίου πάσῃ τῇ συναγωγῇ.,24,ܘܟܢܫ ܥܠܝܗܘܢ ܩܘܪܚ ܠܟܘܠܗ̇ ܟܢܘܫܬܐ ܠܬܪܥܐ ܕܡܫܟܢܙܒܢܐ. ܘܐܬܓܠܝ ܫܘܒܚܗ ܕܡܪܝܐ ܥܠ ܟܠܗ̇ ܟܢܘܫܬܐ.,13,E Corá fez ajuntar contra eles toda o congregação à porta da tenda da revelação; então a glória do Senhor apareceu a toda a congregação.,25,True,True,True
16,20,Números 16:20,וַיְדַבֵּ֣ר יְהוָ֔ה אֶל־ מֹשֶׁ֥ה וְאֶֽל־ אַהֲרֹ֖ן לֵאמֹֽר ׃,וידבר יהוה אל משה ואל אהרנ לאמר,8,ומליל יי עם משה ועם אהרן למימר:,7,Καὶ ἐλάλησεν Κύριος πρὸς Μωυσῆν καὶ Ἀαρὼν λέγων,8,ܘܡܠܠ ܡܪܝܐ ܥܡ ܡܘܫܐ ܘܥܡ ܐܗܪܘܢ ܘܐܡܪ ܠܗܘܢ.,8,Então disse o senhor a Moisés e a Arão:,9,True,True,True
16,21,Números 16:21,הִבָּ֣דְל֔וּ מִתּ֖וֹךְ הָעֵדָ֣ה הַזֹּ֑את וַאַכַלֶּ֥ה אֹתָ֖ם כְּרָֽגַע ׃,הבדלו מתוכ העדה הזאת ואכלה אתמ כרגע,8,אתפרשו מגו כנשתא הדא ואשצי יתהון כשעה:,7,"Ἀποσχίσθητε ἐκ μέσου τῆς συναγωγῆς ταύτης, καὶ ἐξαναλώσω αὐτοὺς εἰς ἅπαξ.",11,ܐܬܦܪܫܘ ܡܢ ܓܘ ܟܢܘܫܬܐ ܗܕܐ. ܘܐܘܒܕ ܐܢܘܢ ܒܚܕܐ ܫܥܐ.,9,"Apartai-vos do meio desta congregação, para que eu, num momento, os possa consumir.",13,True,True,True
16,22,Números 16:22,וַיִּפְּל֤וּ עַל־ פְּנֵיהֶם֙ וַיֹּ֣אמְר֔וּ אֵ֕ל אֱלֹהֵ֥י הָרוּחֹ֖ת לְכָל־ בָּשָׂ֑ר הָאִ֤ישׁ אֶחָד֙ יֶחֱטָ֔א וְעַ֥ל כָּל־ הָעֵדָ֖ה תִּקְצֹֽף ׃ פ,ויפלו על פניהמ ויאמרו אל אלהי הרוחת לכל בשר האיש אחד יחטא ועל כל העדה תקצפ פ,18,ונפלו על אפיהון ואמרו אל אלהא רוחיא לכל בשרא גברא חד יחוב ועל כל כנשתא יהי רוגזא:,17,"καὶ ἔπεσαν ἐπὶ πρόσωπον αὐτῶν καὶ εἶπαν Θεός, θεὸς τῶν πνευμάτων καὶ πάσης σαρκός, εἰ ἄνθρωπος εἷς ἥμαρτεν, ἐπὶ πᾶσαν τὴν συναγωγὴν ὀργὴ Κυρίου;",24,ܘܢܦܠܘ ܥܠ ܐ̈ܦܝܗܘܢ ܘܐܡܪܘ. ܐܝܠ ܐܠܗܐ ܕܪ̈ܘܚܬܐ ܕܟܠܒܣܪ. ܓܒܪܐ ܚܕ ܢܚܛܐ. ܘܥܠ ܟܘܠܗ̇ ܟܢܘܫܬܐ ܢܗܘܐ ܪܘܓܙܐ.,16,"Mas eles caíram com os rostos em terra, e disseram: ó Deus, Deus dos espíritos de toda a carne, pecará um só homem, e indignar-te-ás tu contra toda esta congregação?",30,True,True,True
16,23,Números 16:23,וַיְדַבֵּ֥ר יְהוָ֖ה אֶל־ מֹשֶׁ֥ה לֵּאמֹֽר ׃,וידבר יהוה אל משה לאמר,6,ומליל יי עם משה למימר:,5,καὶ ἐλάλησεν Κύριος πρὸς Μωυσῆν λέγων,6,ܘܡܠܠ ܡܪܝܐ ܥܡ ܡܘܫܐ ܘܐܡܪ ܠܗ.,6,Respondeu o Senhor a Moisés:,5,True,True,True
16,24,Números 16:24,דַּבֵּ֥ר אֶל־ הָעֵדָ֖ה לֵאמֹ֑ר הֵֽעָלוּ֙ מִסָּבִ֔יב לְמִשְׁכַּן־ קֹ֖רַח דָּתָ֥ן וַאֲבִירָֽם ׃,דבר אל העדה לאמר העלו מסביב למשכנ קרח דתנ ואבירמ,11,מלל עם כנשתא למימר אסתלקו מסחור סחור למשכנא דקרח דתן ואבירם:,11,Λάλησον τῇ συναγωγῇ λέγων Ἀναχωρήσατε κύκλῳ ἀπὸ τῆς συναγωγῆς Κόρε.,10,ܡܠܠ ܥܡ ܟܠܗ̇ ܟܢܘܫܬܐ ܘܐܡܪ ܠܗܘܢ. ܐܬܦܪܫܘ ܡܢ ܚܕܪ̈ܘܗܝ ܕܡܫܟܢܐ ܕܩܘܪܚ ܘܕܕܬܢ ܘܕܐܒܝܪܡ.,13,"Fala a toda esta congregação, dizendo: Subi do derredor da habitação de Corá, Datã e Abirão.",16,True,True,True
16,25,Números 16:25,וַיָּ֣קָם מֹשֶׁ֔ה וַיֵּ֖לֶךְ אֶל־ דָּתָ֣ן וַאֲבִירָ֑ם וַיֵּלְכ֥וּ אַחֲרָ֖יו זִקְנֵ֥י יִשְׂרָאֵֽל ׃,ויקמ משה וילכ אל דתנ ואבירמ וילכו אחריו זקני ישראל,11,וקם משה ואזל לות דתן ואבירם ואזלו בתרוהי סבי ישראל:,10,"καὶ ἀνέστη Μωυσῆς καὶ ἐπορεύθη πρὸς Δαθὰν καὶ Ἀβειρών, καὶ συνεπορεύθησαν μετ᾽ αὐτοῦ πάντες οἱ πρεσβύτεροι Ἰσραήλ.",17,ܘܩܡ ܡܘܫܐ ܘܐܙܠ ܠܘܬ ܕܬܢ ܘܐܒܝܪܡ. ܘܐܙܠܘ ܒܬܪܗ ܣ̈ܒܐ ܕܐܝܣܪܝܠ.,10,"Então Moisés levantou-se, e foi ter com Datã e Abirão; e seguiram-nos os anciãos de Israel.",16,True,True,True
16,26,Números 16:26,וַיְדַבֵּ֨ר אֶל־ הָעֵדָ֜ה לֵאמֹ֗ר ס֣וּרוּ נָ֡א מֵעַל֩ אָהֳלֵ֨י הָאֲנָשִׁ֤ים הָֽרְשָׁעִים֙ הָאֵ֔לֶּה וְאַֽל־ תִּגְּע֖וּ בְּכָל־ אֲשֶׁ֣ר לָהֶ֑ם פֶּן־ תִּסָּפ֖וּ בְּכָל־ חַטֹּאתָֽם ׃,וידבר אל העדה לאמר סורו נא מעל אהלי האנשימ הרשעימ האלה ואל תגעו בכל אשר להמ פנ תספו בכל חטאתמ,21,ומליל עם כנשתא למימר זורו כען מעלוי משכני גבריא חיביא האלין ולא תקרבון בכל די להון דלמא תלקון בכל חוביהון:,20,"καὶ ἐλάλησεν πρὸς τὴν συναγωγὴν λέγων Ἀποσχίσθητε ἀπὸ τῶν σκηνῶν τῶν ἀνθρώπων τῶν σκληρῶν τούτων, καὶ μὴ ἅπτεσθε ἀπὸ πάντων ὧν ἐστὶν αὐτοῖς, μὴ συναπόλησθε ἐν πάσῃ τῇ ἀπαρτίᾳ ὑμῶν.",30,ܘܡܠܠ ܥܡ ܟܠܗ̇ ܟܢܘܫܬܐ ܘܐܡܪ ܠܗܘܢ. ܐܬܦܪܩܘ ܡܢ ܡܫ̈ܟܢܝܗܘܢ ܕܓܒܪ̈ܐ ܗܠܝܢ ܚ̈ܛܝܐ. ܘܠܐ ܬܬܩܪܒܘܢ ܠܟܠ ܡܕܡ ܕܐܝܬ ܠܗܘܢ. ܕܠܐ ܬܒܠܥܘܢ ܒܚ̈ܛܗܝܗܘܢ.,21,"E falou à congregação, dizendo: Retirai-vos, peço-vos, das tendas desses homens ímpios, e não toqueis nada do que é seu, para que não pereçais em todos os seus pecados.",29,True,True,True
16,27,Números 16:27,וַיֵּעָל֗וּ מֵעַ֧ל מִשְׁכַּן־ קֹ֛רֶח דָּתָ֥ן וַאֲבִירָ֖ם מִסָּבִ֑יב וְדָתָ֨ן וַאֲבִירָ֜ם יָצְא֣וּ נִצָּבִ֗ים פֶּ֚תַח אָֽהֳלֵיהֶ֔ם וּנְשֵׁיהֶ֥ם וּבְנֵיהֶ֖ם וְטַפָּֽם ׃,ויעלו מעל משכנ קרח דתנ ואבירמ מסביב ודתנ ואבירמ יצאו נצבימ פתח אהליהמ ונשיהמ ובניהמ וטפמ,17,ואסתלקו מעלוי משכנא דקרח דתן ואבירם מסחור סחור ודתן ואבירם נפקו קימין בתרע משכניהון ונשיהון ובניהון וטפלהון:,17,"καὶ ἀπέστησαν ἀπὸ τῆς σκηνῆς Κόρε κύκλῳ· καὶ Δαθὰν καὶ Ἀβειρὼν ἐξῆλθον, καὶ ἱστὴκεισαν παρὰ τὰς θύρας τῶν σκηνῶν αὐτῶν, καὶ αἱ γυναῖκες αὐτῶν καὶ τὰ τέκνα αὐτῶν καὶ ἡ ἀποσκευὴ αὐτῶν.",32,ܘܐܬܦܪܩܘ ܡܢ ܡܫܟܢܐ ܕܩܘܪܚ ܘܕܕܬܢ ܘܕܐܒܝܪܡ. ܘܕܬܢ ܘܐܒܝܪܡ ܢܦܩܘ ܟܕ ܩ̇ܝܡܝܢ ܒܬܪܥܐ ܕܡܫ̈ܟܢܝܗܘܢ. ܘܢܫ̈ܝܗܘܢ ܘܒ̈ܢܝܗܘܢ ܘܐܝܩܪܬܗܘܢ.,16,"Subiram, pois, do derredor da habitação de Corá, Datã e Abirão. E Datã e Abirão saíram, e se puseram à porta das suas tendas, juntamente com suas mulheres, e seus filhos e seus pequeninos.",34,True,True,True
16,28,Números 16:28,וַיֹּאמֶר֮ מֹשֶׁה֒ בְּזֹאת֙ תֵּֽדְע֔וּן כִּֽי־ יְהוָ֣ה שְׁלָחַ֔נִי לַעֲשׂ֕וֹת אֵ֥ת כָּל־ הַֽמַּעֲשִׂ֖ים הָאֵ֑לֶּה כִּי־ לֹ֖א מִלִּבִּֽי ׃,ויאמר משה בזאת תדעונ כי יהוה שלחני לעשות את כל המעשימ האלה כי לא מלבי,16,ואמר משה בדא תדעון ארי יי שלחני למעבד ית כל עובדיא האלין ארי לא מרעותי:,15,"καὶ εἶπεν Μωυσῆς Ἐν τούτῳ γνώσεσθε ὅτι Κύριος ἀπέστειλέν με ποιῆσαι πάντα τὰ ἔργα ταῦτα, ὅτι οὐκ ἀπ᾽ ἐμαυτοῦ·",19,ܘܐܡܪ ܡܘܫܐ. ܒܗܕܐ ܬܕܥܘܢ ܕܡܪܝܐ ܫܕܪܢܝ ܠܡܥܒܕ ܗܠܝܢ ܟܠܗܘܢ ܥ̈ܒ̇ܕܐ. ܘܠܐ ܗܘܐ ܡܢ ܪܥܝܢܝ.,14,Então disse Moisés: Nisto conhecereis que o Senhor me enviou a fazer todas estas obras; pois não as tenho feito de mim mesmo.,23,True,True,True
16,29,Números 16:29,אִם־ כְּמ֤וֹת כָּל־ הָֽאָדָם֙ יְמֻת֣וּן אֵ֔לֶּה וּפְקֻדַּת֙ כָּל־ הָ֣אָדָ֔ם יִפָּקֵ֖ד עֲלֵיהֶ֑ם לֹ֥א יְהוָ֖ה שְׁלָחָֽנִי ׃,אמ כמות כל האדמ ימתונ אלה ופקדת כל האדמ יפקד עליהמ לא יהוה שלחני,15,אם כמותא דכל אנשא ימותון אלין וסערא דכל אנשא יסתער עליהון לא יי שלחני:,14,"εἰ κατὰ θάνατον πάντων ἀνθρώπων ἀποθανοῦνται οὗτοι, εἰ καὶ κατ᾽ ἐπίσκεψιν πάντων ἀνθρώπων ἐπισκοπὴ ἔσται αὐτῶν, οὐχὶ Κὺριος ἀπέσταλκὲν με.",20,ܐܢ ܐܝܟ ܡܘܬܐ ܕܟܠܢܫ ܢܡܘܬܘܢ ܗܠܝܢ. ܘܦܘܩܕܢܐ ܐܝܟ ܕܥܠ ܟܠܢܫ ܢܬܦܩܕ ܥܠܝܗܘܢ. ܠܐ ܗܘܐ ܡܪܝܐ ܫܕܪܢܝ.,16,"Se estes morrerem como morrem todos os homens, e se forem visitados como são visitados todos os homens, o Senhor não me enviou.",23,True,True,True
16,30,Números 16:30,וְאִם־ בְּרִיאָ֞ה יִבְרָ֣א יְהוָ֗ה וּפָצְתָ֨ה הָאֲדָמָ֤ה אֶת־ פִּ֨יהָ֙ וּבָלְעָ֤ה אֹתָם֙ וְאֶת־ כָּל־ אֲשֶׁ֣ר לָהֶ֔ם וְיָרְד֥וּ חַיִּ֖ים שְׁאֹ֑לָה וִֽידַעְתֶּ֕ם כִּ֧י נִֽאֲצ֛וּ הָאֲנָשִׁ֥ים הָאֵ֖לֶּה אֶת־ יְהוָֽה ׃,ואמ בריאה יברא יהוה ופצתה האדמה את פיה ובלעה אתמ ואת כל אשר להמ וירדו חיימ שאלה וידעתמ כי נאצו האנשימ האלה את יהוה,25,ואם בריאה יברי יי ופתחת ארעא ית פומה ובלעת יתהון וית כל די להון ויחתון כד חיין לשאול ותדעון ארי ארגיזו גבריא האלין קדם יי:,25,"ἀλλ᾽ ἢ ἐν φάσματι δείξει Κύριος, καὶ ἀνοίξασα ἡ γῆ τὸ στόμα αὐτῆς καταπίεται αὐτοὺς καὶ τοὺς οἴκους αὐτῶν καὶ τὰς σκηνὰς αὐτῶν καὶ πάντα ὅσα ἐστὶν αὐτοῖς, καὶ καταβήσονται ζῶντες εἰς ᾅδου, καὶ γνώσεσθε ὅτι παρώξυναν οἱ ἄνθρωποι οὗτοι τὸν κύριον.",42,ܘܐܢ ܒܪܝܬܐ ܢܒܪܐ ܡܪܝܐ. ܘܬܦܬܚ ܐܪܥܐ ܦܘܡܗ̇ ܘܬܒܠܥ ܐܢܘܢ. ܠܗܘܢ ܘܠܟܠ ܡܕܡ ܕܐܝܬ ܠܗܘܢ. ܘܢܚܬܘܢ ܗ̇ܢܘܢ ܘܟܠ ܡܕܡ ܕܐܝܬ ܠܗܘܢ ܟܕ ܚܝܝܢ ܠܫܝܘܠ. ܬܕܥܘܢ ܕܐܪܓܙܘ ܓܒܪ̈ܐ ܗܠܝܢ ܠܡܪܝܐ.,28,"Mas, se o Senhor criar alguma coisa nova, e a terra abrir a boca e os tragar com tudo o que é deles, e vivos descerem ao Seol, então compreendereis que estes homens têm desprezado o Senhor.",37,True,True,True
16,31,Números 16:31,וַיְהִי֙ כְּכַלֹּת֔וֹ לְדַבֵּ֕ר אֵ֥ת כָּל־ הַדְּבָרִ֖ים הָאֵ֑לֶּה וַתִּבָּקַ֥ע הָאֲדָמָ֖ה אֲשֶׁ֥ר תַּחְתֵּיהֶֽם ׃,ויהי ככלתו לדבר את כל הדברימ האלה ותבקע האדמה אשר תחתיהמ,12,והוה כד שצי למללא ית כל פתגמיא האלין ואתבזעת ארעא די תחותיהון:,12,"ὡς δὲ ἐπαύσατο λαλῶν πάντας τοὺς λόγους τούτους, ἐρράγη ἡ γῆ ὑποκάτω αὐτῶν,",13,ܘܟܕ ܫܠܡ ܡܘܫܐ ܠܡܐܡܪ ܗܠܝܢ ܟܠܗܘܢ ܦܬ̈ܓܡܐ. ܐܬܦܚܬܬ ܐܪܥܐ ܕܬܚܘܬܝܗܘܢ.,10,"E aconteceu que, acabando ele de falar todas estas palavras, a terra que estava debaixo deles se fendeu;",18,True,True,True
16,32,Números 16:32,וַתִּפְתַּ֤ח הָאָ֨רֶץ֙ אֶת־ פִּ֔יהָ וַתִּבְלַ֥ע אֹתָ֖ם וְאֶת־ בָּתֵּיהֶ֑ם וְאֵ֤ת כָּל־ הָאָדָם֙ אֲשֶׁ֣ר לְקֹ֔רַח וְאֵ֖ת כָּל־ הָרֲכֽוּשׁ ׃,ותפתח הארצ את פיה ותבלע אתמ ואת בתיהמ ואת כל האדמ אשר לקרח ואת כל הרכוש,17,ופתחת ארעא ית פומה ובלעת יתהון וית אנש בתיהון וית כל אנשא די לקרח וית כל קנינא:,17,καὶ ἠνοίχθη ἡ γῆ καὶ κατέπιεν αὐτοὺς καὶ τοὺς οἴκους αὐτῶν καὶ πάντας τοὺς ἀνθρώπους τοὺς ὄντας μετὰ Κόρε καὶ τὰ κτήνη αὐτῶν.,23,ܘܦܬܚܬ ܐܪܥܐ ܦܘܡܗ̇ ܘܒܠܥܬ ܐܢܘܢ. ܠܗܘܢ ܘܠܒ̈ܬܝܗܘܢ ܘܠܟܠܗܘܢ ܒܢܝܢܫ̈ܐ ܕܥܡ ܩܘܪܚ. ܘܠܟܠܗ ܩܢܝܢܗܘܢ.,13,"e a terra abriu a boca e os tragou com as suas famílias, como também a todos os homens que pertenciam a Corá, e a toda a sua fazenda.",29,True,True,True
16,33,Números 16:33,וַיֵּ֨רְד֜וּ הֵ֣ם וְכָל־ אֲשֶׁ֥ר לָהֶ֛ם חַיִּ֖ים שְׁאֹ֑לָה וַתְּכַ֤ס עֲלֵיהֶם֙ הָאָ֔רֶץ וַיֹּאבְד֖וּ מִתּ֥וֹךְ הַקָּהָֽל ׃,וירדו המ וכל אשר להמ חיימ שאלה ותכס עליהמ הארצ ויאבדו מתוכ הקהל,14,ונחתו אנון וכל די להון כד חיין לשאול וחפת עליהון ארעא ואבדו מגו קהלא:,14,"καὶ κατέβησαν αὐτοὶ καὶ ὅσα ἐστὶν αὐτῶν ζῶντα εἰς ᾅδου, καὶ ἐκάλυψεν αὐτοὺς ἡ γῆ, καὶ ἀπώλοντο ἐκ μέσου τῆς συναγωγῆς.",21,ܘܢܚܬܘ ܗܢܘܢ ܘܟܠܡܕܡ ܕܐܝܬ ܠܗܘܢ ܟܕ ܚ̈ܝܝܢ ܠܫܝܘܠ. ܘܐܬܟܣܝܬ ܠܥܠ ܡܢܗܘܢ ܐܪܥܐ. ܘܐܒܕܘ ܡܢ ܓܘ ܟܢܘܫܬܐ.,16,"Assim eles e tudo o que era seu desceram vivos ao Seol; e a terra os cobriu, e pereceram do meio da congregação,",23,True,True,True
16,34,Números 16:34,וְכָל־ יִשְׂרָאֵ֗ל אֲשֶׁ֛ר סְבִיבֹתֵיהֶ֖ם נָ֣סוּ לְקֹלָ֑ם כִּ֣י אָֽמְר֔וּ פֶּן־ תִּבְלָעֵ֖נוּ הָאָֽרֶץ ׃,וכל ישראל אשר סביבתיהמ נסו לקלמ כי אמרו פנ תבלענו הארצ,12,וכל ישראל די בסחרניהון ערקו לקלהון ארי אמרו דלמא תבלעננא ארעא:,11,"καὶ πᾶς Ἰσραὴλ οἱ κύκλῳ αὐτῶν ἔφυγον ἀπὸ τῆς φωνῆς αὐτῶν, ὅτι λέγοντες Μή ποτε καταπίῃ ἡμᾶς ἡ γῆ.",19,ܘܟܠܗܘܢ ܒܢ̈ܝ ܐܝܣܪܝܠ ܕܒܚܕܪ̈ܝܗܘܢ. ܥܪܩܘ ܡܢ ܩܠܗܘܢ. ܘܐܡܪܝܢ ܕܠܡܐ ܬܒܠܥܢ ܐܪܥܐ.,11,"E todo o Israel, que estava ao seu redor, fugiu ao clamor deles, dizendo: não suceda que a terra nos trague também a nós.",24,True,True,True
16,35,Números 16:35,וְאֵ֥שׁ יָצְאָ֖ה מֵאֵ֣ת יְהוָ֑ה וַתֹּ֗אכַל אֵ֣ת הַחֲמִשִּׁ֤ים וּמָאתַ֨יִם֙ אִ֔ישׁ מַקְרִיבֵ֖י הַקְּטֹֽרֶת ׃ פ,ואש יצאה מאת יהוה ותאכל את החמשימ ומאתימ איש מקריבי הקטרת פ,13,ואשתא נפקת מן קדם יי ואכלת ית מאתן וחמשין גברא מקרבי קטרת בוסמיא:,13,καὶ πῦρ ἐξῆλθεν παρὰ Κυρίου καὶ κατέφαγεν τοὺς πεντήκοντα καὶ διακοσίους ἄνδρας τοὺς προσφέροντας τὸ θυμίαμα.,16,ܘܢܦܩܬ ܢܘܪܐ ܡܢ ܩܕܡ ܡܪܝܐ. ܘܐܟܠܬ ܠܡܐܬܝܢ ܘܚܡܫܝܢ ܓܒܪ̈ܝܢ. ܕܡܩܪܒܝܢ ܗܘܘ ܒܣ̈ܡܐ.,12,"Então saiu fogo do Senhor, e consumiu os duzentos e cinqüenta homens que ofereciam o incenso.",16,True,True,True
16,36,Números 16:36,,,0,,0,Καὶ εἶπεν Κύριος πρὸς Μωυσῆν,5,,0,Então disse o Senhor a Moisés:,6,False,True,False
16,37,Números 16:37,,,0,,0,"καὶ πρὸς Ἐλεαζὰρ τὸν υἱὸν Ἀαρὼν τὸν ἱερέα Ἀνέλεσθε τὰ πυρεῖα τὰ χαλκᾶ ἐκ μέσου τῶν κατακεκαυμένων, καὶ τὸ πῦρ τὸ ἀλλότριον τοῦτο σπεῖρον ἐκεῖ, ὅτι ἡγίασαν τὰ πυρεῖα τῶν ἁμαρτωλῶν τούτων ἐν ταῖς ψυχαῖς αὐτῶν·",36,,0,"Dize a Eleazar, filho de Arão, o sacerdote, que tire os incensários do meio do incêndio; e espalha tu o fogo longe; porque se tornaram santos",26,False,True,False
16,38,Números 16:38,,,0,,0,"καὶ ποίησον αὐτὰ λεπίδας ἐλατάς, περίθεμα τῷ θυσιαστηρίῳ, ὅτι προσηνέχθησαν ἔναντι Κυρίου καὶ ἡγιάσθησαν, καὶ ἐγένοντο εἰς σημεῖον τοῖς υἱοῖς Ἰσραήλ.",21,,0,"os incensários daqueles que pecaram contra as suas almas; deles se façam chapas, de obra batida, para cobertura do altar; porquanto os trouxeram perante o Senhor, por isso se tornaram santos; e serão por sinal aos filhos de Israel.",39,False,True,False
16,39,Números 16:39,,,0,,0,"καὶ ἔλαβεν Ἐλεαζὰρ υἱὸς Ἀαρὼν τοῦ ἱερέως τὰ πυρεῖα τὰ χαλκᾶ ὅσα προσήνεγκαν οἱ κατακεκαυμένοι, καὶ προσέθηκαν αὐτὰ περίθεμα τῷ θυσιαστηρίῳ,",21,,0,"Eleazar, pois, o sacerdote, tomou os incensários de bronze, os quais aqueles que foram queimados tinham oferecido; e os converteram em chapas para cobertura do altar,",26,False,True,False
16,40,Números 16:40,,,0,,0,"μνημόσυνον τοῖς υἱοῖς Ἰσραήλ, ὅπως ἂν μὴ προσέλθῃ μηθεὶς ἀλλογενής, ὃς οὐκ ἔστιν ἐκ τοῦ σπέρματος Ἀαρών, ἐπιθεῖναι θυμίαμα ἔναντι Κυρίου, καὶ οὐκ ἔσται ὥσπερ Κόρε καὶ ἡ ἐπισύστασις αὐτοῦ· καθὰ ἐλάλησεν Κύριος ἐν χειρὶ Μωυσῆ αὐτῷ.",37,,0,"para servir de memória aos filhos de Israel, a fim de que nenhum estranho, ninguém que não seja da descendência de Arão, se chegue para queimar incenso perante o Senhor, para que não seja como Corá e a sua companhia; conforme o Senhor dissera a Eleazar por intermédio de Moisés.",50,False,True,False
16,41,Números 16:41,,,0,,0,Καὶ ἐγόγγυσαν οἱ υἱοὶ Ἰσραήλ τῇ αὔριον ἐπὶ Μωυσῆν καὶ Ἀαρὼν λέγοντες Ὑμεῖς ἀπεκτάνκατε τὸν λαὸν Κυρίου.,17,,0,"Mas no dia seguinte toda a congregação dos filhos de Israel murmurou contra Moisés e Arão, dizendo: Vós matastes o povo do Senhor.",23,False,True,False
16,42,Números 16:42,,,0,,0,"καὶ ἐγένετο ἐν τῷ ἐπισυστρέφεσθαι τὴν συναγωγὴν ἐπὶ Μωυσῆν καὶ Ἀαρών, καὶ ὥρμησαν ἐπὶ τὴν σκηνὴν τοῦ μαρτυρίου· καὶ τήνδε, ἐκάλυψεν αὐτὴν ἡ νεφέλη, καὶ ὤφθη ἡ δόξα Κυρίου.",29,,0,"E tendo-se sublevado a congregação contra Moisés e Arão, dirigiu-se para a tenda da revelação, e eis que a nuvem a cobriu, e a glória do Senhor apareceu.",28,False,True,False
16,43,Números 16:43,,,0,,0,καὶ εἰσῆλθεν Μωυσῆς καὶ Ἀαρὼν κατὰ πρόσωπον τῆς σκηνῆς τοῦ μαρτυρίου·,11,,0,"Vieram, pois, Moisés e Arão à frente da tenda da revelação.",11,False,True,False
16,44,Números 16:44,,,0,,0,καὶ ἐλάλησεν Κύριος πρὸς Μωυσῆν καὶ Ἀαρὼν λέγων,8,,0,Então disse o Senhor a Moisés:,6,False,True,False
16,45,Números 16:45,,,0,,0,"Ἐκχωρήσατε ἐκ μέσου τῆς συναγωγῆς ταύτης, καὶ ἐξαναλώσω αὐτοὺς εἰς ἅπαξ. καὶ ἔπεσαν ἐπὶ πρόσωπον αὐτῶν.",16,,0,"Levantai-vos do meio desta congregação, para que eu, num momento, a possa consumir. Então caíram com o rosto em terra.",20,False,True,False
16,46,Números 16:46,,,0,,0,"καὶ εἶπεν Μωυσῆς πρὸς Ἀαρών Λάβε τὸ πυρεῖον, καὶ ἐπίθες ἐπ᾽ αὐτὸ πῦρ ἀπὸ τοῦ θυσιαστηρίου, καὶ ἐπίβαλε ἐπ᾽ αὐτὸ θυμίαμα, καὶ ἀπένεγκε τὸ τάχος εἰς τὴν παρεμβολήν, καὶ ἐξιλάσεται περὶ αὐτῶν· ἐξῆλθεν γὰρ ὀργὴ ἀπὸ προσώπου Κυρίου, ἦρκται θραύειν τὸν λαόν.",42,,0,"Depois disse Moisés a Arão: Toma o teu incensário, põe nele fogo do altar, deita incenso sobre ele e leva-o depressa à congregação, e faze expiação por eles; porque grande indignação saiu do Senhor; já começou a praga.",38,False,True,False
16,47,Números 16:47,,,0,,0,"καὶ ἔλαβεν Ἀαρὼν καθάπερ ἐλάλησεν αὐτῷ Μωυσῆς, καὶ ἔδραμεν εἰς τὴν συναγωγήν· καὶ ἤδη ἐνῆρκται ἡ θραῦσις ἐν τῷ λαῷ. καὶ ἐπέβαλεν τὸ θυμίαμα καὶ ἐξιλάσατο περὶ τοῦ λαοῦ·",29,,0,"Tomou-o Arão, como Moisés tinha falado, e correu ao meio da congregação; e eis que já a praga havia começado entre o povo; e deitando o incenso no incensário, fez expiação pelo povo.",33,False,True,False
16,48,Números 16:48,,,0,,0,"καὶ ἔστη ἀνὰ μέσον τῶν τεθνηκότων καὶ τῶν ζώντων, καὶ ἐκόπασεν ἡ θραῦσις ἐν τῷ λαῷ.",16,,0,"E pôs-se em pé entre os mortos e os vivos, e a praga cessou.",14,False,True,False
16,49,Números 16:49,,,0,,0,"καὶ ἐγένοντο οἱ τεθνηκότες ἐν τῇ θραύσει τέσσαρες καὶ δέκα χιλιάδες καὶ ἑπτακόσιοι, χωρὶς τῶν τεθνηκότων ἕνεκεν Κόρε.",18,,0,"Ora, os que morreram da praga foram catorze mil e setecentos, além dos que morreram no caso de Corá.",19,False,True,False
16,50,Números 16:50,,,0,,0,"καὶ ἐπέστρεψεν Ἀαρὼν πρὸς Μωυσῆν ἐπὶ τὴν θύραν τῆς σκηνῆς τοῦ μαρτυρίου, καὶ ἐκόπασεν ἡ θραῦσις.",16,,0,"E voltou Arão a Moisés à porta da tenda da revelação, pois cessara a praga.",15,False,True,False
17,1,Números 17:1,וַיְדַבֵּ֥ר יְהוָ֖ה אֶל־ מֹשֶׁ֥ה לֵּאמֹֽר ׃,וידבר יהוה אל משה לאמר,6,ומליל יי עם משה למימר:,5,Καὶ ἐλάλησεν Κύριος πρὸς Μωυσῆν λέγων,6,ܘܡܠܠ ܡܪܝܐ ܥܡ ܡܘܫܐ ܘܐܡܪ ܠܗ.,6,Então disse o Senhor a Moisés:,6,True,True,True
17,2,Números 17:2,אֱמֹ֨ר אֶל־ אֶלְעָזָ֜ר בֶּן־ אַהֲרֹ֣ן הַכֹּהֵ֗ן וְיָרֵ֤ם אֶת־ הַמַּחְתֹּת֙ מִבֵּ֣ין הַשְּׂרֵפָ֔ה וְאֶת־ הָאֵ֖שׁ זְרֵה־ הָ֑לְאָה כִּ֖י קָדֵֽשׁוּ ׃,אמר אל אלעזר בנ אהרנ הכהנ וירמ את המחתת מבינ השרפה ואת האש זרה הלאה כי קדשו,18,אמר לאלעזר בר אהרן כהנא ויפרש ית מחתיתא מבין יקידיא וית אשתא ירחק להלא ארי אתקדשו:,16,"Λάλησον τοῖς υἱοῖς Ἰσραήλ, καὶ λάβε παρ᾽ αὐτῶν ῥάβδον, ῥάβδον κατ᾽ οἴκους πατριῶν παρὰ πάντων τῶν ἀρχόντων αὐτῶν, κατ᾽ οἴκους πατριῶν αὐτῶν, δώδεκα ῥάβδους· καὶ ἑκάστου τὸ ὄνομα αὐτοῦ ἐπίγραψον ἐπὶ τῆς ῥάβδου.",33,ܐܡܪ ܠܐܠܝܥܙܪ ܒܪ ܐܗܪܘܢ ܟܗܢܐ. ܣܒ ܦܝܪ̈ܡܐ ܡܢ ܒܝܢܬ ܡܘܩ̈ܕܐ. ܘܢܘܪܐ ܫܕܝ ܠܗܠ. ܡܛܠ ܕܐܬܩܕܫܘ.,15,"Fala aos filhos de Israel, e toma deles uma vara para cada casa paterna de todos os seus príncipes, segundo as casas de seus pais, doze varas; e escreve o nome de cada um sobre a sua vara.",38,True,True,True
17,3,Números 17:3,אֵ֡ת מַחְתּוֹת֩ הַֽחַטָּאִ֨ים הָאֵ֜לֶּה בְּנַפְשֹׁתָ֗ם וְעָשׂ֨וּ אֹתָ֜ם רִקֻּעֵ֤י פַחִים֙ צִפּ֣וּי לַמִּזְבֵּ֔חַ כִּֽי־ הִקְרִיבֻ֥ם לִפְנֵֽי־ יְהוָ֖ה וַיִּקְדָּ֑שׁוּ וְיִֽהְי֥וּ לְא֖וֹת לִבְנֵ֥י יִשְׂרָאֵֽל ׃,את מחתות החטאימ האלה בנפשתמ ועשו אתמ רקעי פחימ צפוי למזבח כי הקריבמ לפני יהוה ויקדשו ויהיו לאות לבני ישראל,21,ית מחתית חיביא האלין דאתחיבו בנפשתיהון ויעבדון יתהן טסין רדידין חופאה למדבחא ארי קרבנון קדם יי ואתקדשו ויהוין לאת לבני ישראל:,21,"καὶ τὸ ὄνομα Ἀαρὼν ἐπίγραψον ἐπὶ τῆς ῥάβδου Λευεί· ἔστιν γὰρ ῥάβδος μία, κατὰ φυλὴν οἴκου πατριῶν αὐτῶν δώσουσιν.",19,ܦܝܪ̈ܡܝܗܘܢ ܕܚ̈ܛܝܐ ܗܠܝܢ ܒܢܦܫ̈ܬܗܘܢ. ܘܥܒܕ ܐܢܘܢ ܛܣ̈ܐ ܪ̈ܩܝܩܐ ܩܪܡܐ ܠܡܕܒܚܐ. ܡܛܘܠ ܕܩܪܒܘ ܐܢܘܢ ܩܕܡ ܡܪܝܐ. ܘܐܬܩܕܫܘ ܘܢܗܘܘܢ ܠܐܬܐ ܒܒ̈ܢܝ ܐܝܣܪܝܠ.,20,O nome de Arão escreverás sobre a vara de Levi; porque cada cabeça das casas de seus pais terá uma vara.,21,True,True,True
17,4,Números 17:4,וַיִּקַּ֞ח אֶלְעָזָ֣ר הַכֹּהֵ֗ן אֵ֚ת מַחְתּ֣וֹת הַנְּחֹ֔שֶׁת אֲשֶׁ֥ר הִקְרִ֖יבוּ הַשְּׂרֻפִ֑ים וַֽיְרַקְּע֖וּם צִפּ֥וּי לַמִּזְבֵּֽחַ ׃,ויקח אלעזר הכהנ את מחתות הנחשת אשר הקריבו השרפימ וירקעומ צפוי למזבח,13,ונסיב אלעזר כהנא ית מחתיתא דנחשא דקריבו יוקידיא ורדידנון חופאה למדבחא:,11,"καὶ θήσεις αὐτὰς ἐν τῇ σκηνῇ τοῦ μαρτυρίου κατέναντι τοῦ μαρτυρίου, ἐν οἷς γνωσθήσομαί σοι ἐκεῖ.",16,ܘܢܣܒ ܐܠܝܥܙܪ ܟܗܢܐ ܦܝܪ̈ܡܐ ܕܢܚܫܐ ܕܩܪܒܘ ܡܘܩ̈ܕܐ. ܘܐܪܩ ܐܢܘܢ ܛܣ̈ܐ ܠܡܕܒܚܐ.,11,"E as porás na tenda da revelação, perante o testemunho, onde venho a vós.",14,True,True,True
17,5,Números 17:5,זִכָּר֞וֹן לִבְנֵ֣י יִשְׂרָאֵ֗ל לְ֠מַעַן אֲשֶׁ֨ר לֹֽא־ יִקְרַ֜ב אִ֣ישׁ זָ֗ר אֲ֠שֶׁר לֹ֣א מִזֶּ֤רַע אַהֲרֹן֙ ה֔וּא לְהַקְטִ֥יר קְטֹ֖רֶת לִפְנֵ֣י יְהוָ֑ה וְלֹֽא־ יִהְיֶ֤ה כְקֹ֨רַח֙ וְכַ֣עֲדָת֔וֹ כַּאֲשֶׁ֨ר דִּבֶּ֧ר יְהוָ֛ה בְּיַד־ מֹשֶׁ֖ה לֽוֹ ׃,זכרונ לבני ישראל למענ אשר לא יקרב איש זר אשר לא מזרע אהרנ הוא להקטיר קטרת לפני יהוה ולא יהיה כקרח וכעדתו כאשר דבר יהוה ביד משה לו,29,דכרנא לבני ישראל בדיל די לא יקרב גבר חלוני די לא מזרעא דאהרן הוא לאסקא קטרת בוסמין קדם יי ולא יהי כקרח וככנשתיה כמא די מליל יי בידא דמשה ליה:,30,"καὶ ἔσται ὁ ἄνθρωπος ὃν ἐὰν ἐκλέξωμαι αὐτόν, ἡ ῥάβδος αὐτοῦ ἐκβλαστήσει· καὶ περιελῶ ἀπ᾽ ἐμοῦ τὸν γογγυσμὸν τῶν υἱῶν Ἰσραήλ, ἃ αὐτοὶ γογγύζουσιν ἐφ᾽ ὑμῖν.",26,ܕܘܟܪܢܐ ܠܒܢ̈ܝ ܐܝܣܪܝܠ. ܕܠܐ ܢܗܘܐ ܩܪܒ ܓܒܪܐ ܢܘܟܪܝܐ. ܐܝܢܐ ܕܠܐ ܗܘܐ ܡܢ ܙܪܥܗ ܕܐܗܪܘܢ. ܠܡܣܡ ܥܛܪܐ ܕܒܣ̈ܡܐ ܩܕܡ ܡܪܝܐ. ܘܠܐ ܢܗܘܐ ܐܝܟ ܩܘܪܚ. ܘܐܝܟ ܟܘܠܗ̇ ܟܢܘܫܬܗ . ܐܝܟ ܕܐܡܪ ܡܪܝܐ ܒܐܝܕܐ ܕܡܘܫܐ.,32,"Então brotará a vara do homem que eu escolher; assim farei cessar as murmurações dos filhos de Israel contra mim, com que murmuram contra vós.",25,True,True,True
17,6,Números 17:6,וַיִּלֹּ֜נוּ כָּל־ עֲדַ֤ת בְּנֵֽי־ יִשְׂרָאֵל֙ מִֽמָּחֳרָ֔ת עַל־ מֹשֶׁ֥ה וְעַֽל־ אַהֲרֹ֖ן לֵאמֹ֑ר אַתֶּ֥ם הֲמִתֶּ֖ם אֶת־ עַ֥ם יְהוָֽה ׃,וילנו כל עדת בני ישראל ממחרת על משה ועל אהרנ לאמר אתמ המתמ את עמ יהוה,17,ואתרעמו כל כנשתא דבני ישראל מיומא דבתרוהי על משה ועל אהרן למימר אתון גרמתון דמית עמא דיי:,17,"καὶ ἐλάλησεν Μωυσῆς τοῖς υἱοῖς Ἰσραήλ· καὶ ἔδωκαν αὐτῷ πάντες οἱ ἄρχοντες αὐτῶν ῥάβδον, τῷ ἄρχοντι τῷ ἑνὶ ῥάβδον κατὰ ἄρχοντα, κατ᾽ οἴκους πατριῶν αὐτῶν, ιβ᾽ ῥάβδους· Καὶ ἡ ῥάβδος Ἀαρὼν ἀνὰ μέσον τῶν ῥάβδων αὐτῶν.",36,ܘܪܛܢܘ ܟܠܗ̇ ܟܢܘܫܬܐ ܕܒܢ̈ܝ ܐܝܣܪܝܠ ܒܬܪ ܝܘܡܐ. ܥܠ ܡܘܫܐ ܘܥܠ ܐܗܪܘܢ ܘܐܡܪܘ ܠܗܘܢ. ܐܢܬܘܢ ܩܛܠܬܘܢ ܠܥܡܗ ܕܡܪܝܐ.,17,"Falou, pois, Moisés aos filhos de Israel, e todos os seus príncipes deram-lhe varas, cada príncipe uma, segundo as casas de seus pais, doze varas; e entre elas estava a vara de Arão.",33,True,True,True
17,7,Números 17:7,וַיְהִ֗י בְּהִקָּהֵ֤ל הָֽעֵדָה֙ עַל־ מֹשֶׁ֣ה וְעַֽל־ אַהֲרֹ֔ן וַיִּפְנוּ֙ אֶל־ אֹ֣הֶל מוֹעֵ֔ד וְהִנֵּ֥ה כִסָּ֖הוּ הֶעָנָ֑ן וַיֵּרָ֖א כְּב֥וֹד יְהוָֽה ׃,ויהי בהקהל העדה על משה ועל אהרנ ויפנו אל אהל מועד והנה כסהו העננ וירא כבוד יהוה,18,והוה באתכנשות כנשתא על משה ועל אהרן ואתפניאו למשכן זמנא והא חפהי עננא ואתגלי יקרא דיי:,16,καὶ ἀπέθηκεν Μωυσῆς τὰς ῥάβδους ἔναντι Κυρίου ἐν τῇ σκηνῇ τοῦ μαρτυρίου.,12,ܘܟܕ ܐܬܟܢܫܬ ܟܠܗ̇ ܟܢܘܫܬܐ ܥܠ ܡܘܫܐ ܘܥܠ ܐܗܪܘܢ ܐܬܦܢܝܘ ܠܡܫܟܢܙܒܢܐ. ܘܚܙܘ ܕܟܣܝܬܗ ܥܢܢܐ. ܘܐܬܓܠܝ ܫܘܒܚܗ ܕܡܪܝܐ.,16,E Moisés depositou as varas perante o Senhor na tenda do testemunho.,12,True,True,True
17,8,Números 17:8,וַיָּבֹ֤א מֹשֶׁה֙ וְאַהֲרֹ֔ן אֶל־ פְּנֵ֖י אֹ֥הֶל מוֹעֵֽד ׃ פ,ויבא משה ואהרנ אל פני אהל מועד פ,9,ועל משה ואהרן לקדם משכן זמנא:,6,"καὶ ἐγένετο τῇ ἐπαύριον καὶ εἰσῆλθεν Μωυσῆς καὶ Ἀαρὼν εἰς τὴν σκηνὴν τοῦ μαρτυρίου, καὶ ἰδοὺ ἐβλάστησεν ἡ ῥάβδος Ἀαρὼν εἰς οἶκον Λευεί, καὶ ἐξήνεγκεν βλαστὸν καὶ ἐξήνθησεν ἄνθη καὶ ἐβλάστησεν κάρυα.",32,ܘܐܬܐ ܡܘܫܐ ܘܐܗܪܘܢ ܩܕܡ ܡܫܟܢ ܙܒܢܐ .,7,"Sucedeu, pois, no dia seguinte, que Moisés entrou na tenda do testemunho, e eis que a vara de Arão, pela casa de Levi, brotara, produzira gomos, rebentara em flores e dera amêndoas maduras.",33,True,True,True
17,9,Números 17:9,וַיְדַבֵּ֥ר יְהוָ֖ה אֶל־ מֹשֶׁ֥ה לֵּאמֹֽר ׃,וידבר יהוה אל משה לאמר,6,ומליל יי עם משה למימר:,5,"καὶ ἐξήνεγκεν Μωυσῆς πάσας τὰς ῥάβδους ἀπὸ προσώπου Κυρίου πρὸς πάντας υἱοὺς Ἰσραήλ· καὶ εἶδον, καὶ ἔλαβεν ἕκαστος τὴν ῥάβδον αὐτοῦ.",21,ܘܡܠܠ ܡܪܝܐ ܥܡ ܡܘܫܐ ܘܥܡ ܐܗܪܘܢ ܘܐܡܪ ܠܗܘܢ.,8,"Então Moisés trouxe todas as varas de diante do Senhor a todos os filhos de Israel; e eles olharam, e tomaram cada um a sua vara.",26,True,True,True
17,10,Números 17:10,הֵרֹ֗מּוּ מִתּוֹךְ֙ הָעֵדָ֣ה הַזֹּ֔את וַאֲכַלֶּ֥ה אֹתָ֖ם כְּרָ֑גַע וַֽיִּפְּל֖וּ עַל־ פְּנֵיהֶֽם ׃,הרמו מתוכ העדה הזאת ואכלה אתמ כרגע ויפלו על פניהמ,11,אתפרשו מגו כנשתא הדא ואשצי יתהון כשעה ונפלו על אפיהון:,10,"καὶ εἶπεν Κύριος πρὸς Μωυσῆν Ἀπόθες τὴν ῥάβδον Ἀαρὼν ἐνώπιον τῶν μαρτυρίων εἰς διατήρησιν, σημεῖον τοῖς υἱοῖς τῶν ἀνηκόων· καὶ παυσάσθω ὁ γογγυσμὸς αὐτῶν ἀπ᾽ ἐμοῦ, καὶ οὐ μὴ ἀποθάνωσιν.",30,ܐܬܦܪܫܘ ܡܢ ܓܘ ܟܢܘܫܬܐ ܗܕܐ. ܘܐܘܒܕ ܐܢܘܢ ܒܚܕܐ ܫܥܐ. ܘܢܦܠܘ ܥܠ ܐ̈ܦܝܗܘܢ.,12,"Então o Senhor disse a Moisés: Torna a pôr a vara de Arão perante o testemunho, para se guardar por sinal contra os filhos rebeldes; para que possas fazer acabar as suas murmurações contra mim, a fim de que não morram.",41,True,True,True
17,11,Números 17:11,וַיֹּ֨אמֶר מֹשֶׁ֜ה אֶֽל־ אַהֲרֹ֗ן קַ֣ח אֶת־ הַ֠מַּחְתָּה וְתֶן־ עָלֶ֨יהָ אֵ֜שׁ מֵעַ֤ל הַמִּזְבֵּ֨חַ֙ וְשִׂ֣ים קְטֹ֔רֶת וְהוֹלֵ֧ךְ מְהֵרָ֛ה אֶל־ הָעֵדָ֖ה וְכַפֵּ֣ר עֲלֵיהֶ֑ם כִּֽי־ יָצָ֥א הַקֶּ֛צֶף מִלִּפְנֵ֥י יְהוָ֖ה הֵחֵ֥ל הַנָּֽגֶף ׃,ויאמר משה אל אהרנ קח את המחתה ותנ עליה אש מעל המזבח ושימ קטרת והולכ מהרה אל העדה וכפר עליהמ כי יצא הקצפ מלפני יהוה החל הנגפ,28,ואמר משה לאהרן סב ית מחתיתא והב עלה אשתא מעלוי מדבחא ושו קטרת בוסמיא ואוביל בפריע לכנשתא וכפר עליהון ארי נפק רגזא מן קדם יי שרי מותנא:,27,"καὶ ἐποίησεν Μωυσῆς καὶ Ἀαρὼν καθὰ συνέταξεν κύριος τῷ Μωυσῇ, οὕτως ἐποίησαν.",12,ܘܐܡܪ ܡܘܫܐ ܠܐܗܪܘܢ. ܣܒ ܦܝܪܡܐ ܘܣܝܡ ܒܗ ܢܘܪܐ ܘܣܝܡ ܒܗ ܒܣ̈ܡܐ. ܘܐܘܒܠ ܒܥܓܠ ܠܟܢܘܫܬܐ . ܘܚܣܐ ܥܠܝܗܘܢ . ܡܛܠ ܕܢܦܩ ܪܘܓܙܐ ܡܢ ܩܕܡ ܡܪܝܐ. ܘܫܪܝ ܡܘܬܢܐ ܕܡܢ ܫܠܝܐ ܒܥܡܐ.,29,"Assim fez Moisés; como lhe ordenara o Senhor, assim fez.",10,True,True,True
17,12,Números 17:12,וַיִּקַּ֨ח אַהֲרֹ֜ן כַּאֲשֶׁ֣ר ׀ דִּבֶּ֣ר מֹשֶׁ֗ה וַיָּ֨רָץ֙ אֶל־ תּ֣וֹך הַקָּהָ֔ל וְהִנֵּ֛ה הֵחֵ֥ל הַנֶּ֖גֶף בָּעָ֑ם וַיִּתֵּן֙ אֶֽת־ הַקְּטֹ֔רֶת וַיְכַפֵּ֖ר עַל־ הָעָֽם ׃,ויקח אהרנ כאשר דבר משה וירצ אל תוכ הקהל והנה החל הנגפ בעמ ויתנ את הקטרת ויכפר על העמ,21,ונסיב אהרן כמא די מליל משה ורהט לגו קהלא והא שרי מותנא בעמא ויהב ית קטרת בוסמיא וכפר על עמא:,20,"Καὶ εἶπαν οἱ υἱοὶ Ἰσραὴλ πρὸς Μωυσῆν λέγοντες Ἰδοὺ ἐξανηλώμεθα, ἀπολώλαμεν, παρανηλώμεθα·",12,ܘܥܒܕ ܐܗܪܘܢ ܐܝܟ ܕܐܡܪ ܠܗ ܡܘܫܐ. ܘܪܗܛ ܠܓܘ ܡܫܪܝܬܐ . ܘܚܙܐ ܕܫܪܝ ܡܘܬܢܐ ܕܡܢ ܫܠܝܐ ܒܥܡܐ. ܘܣܡ ܒܣ̈ܡܐ ܘܚܣܝ ܥܠ ܥܡܐ .,22,"Então disseram os filhos de Israel a Moisés: Eis aqui, nós expiramos, perecemos, todos nós perecemos.",16,True,True,True
17,13,Números 17:13,וַיַּעֲמֹ֥ד בֵּֽין־ הַמֵּתִ֖ים וּבֵ֣ין הַֽחַיִּ֑ים וַתֵּעָצַ֖ר הַמַּגֵּפָֽה ׃,ויעמד בינ המתימ ובינ החיימ ותעצר המגפה,8,וקם בין מתיא ובין חייא ואתכלי מותנא:,7,πᾶς ὁ ἁπτόμενος τῆς σκηνῆς Κυρίου ἀποθνήσκει· ἕως εἰς τέλος ἀποθάνωμεν;,11,ܘܩܡ ܒܝܬ ܡܝ̈ܬܐ ܠܚ̈ܝܐ. ܘܐܬܟܠܝ ܡܘܬܢܐ ܕܡܢ ܫܠܝܐ.,8,"Todo aquele que se aproximar, sim, todo o que se aproximar do tabernáculo do Senhor, morrerá; porventura pereceremos todos?",19,True,True,True
17,14,Números 17:14,וַיִּהְי֗וּ הַמֵּתִים֙ בַּמַּגֵּפָ֔ה אַרְבָּעָ֥ה עָשָׂ֛ר אֶ֖לֶף וּשְׁבַ֣ע מֵא֑וֹת מִלְּבַ֥ד הַמֵּתִ֖ים עַל־ דְּבַר־ קֹֽרַח ׃,ויהיו המתימ במגפה ארבעה עשר אלפ ושבע מאות מלבד המתימ על דבר קרח,14,והוו דמיתו במותנא ארבעת עשר אלפין ושבע מאה בר מדמיתו על פלגתא דקרח:,13,,0,ܘܗܘܘ ܕܡܝܬܘ ܒܡܘܬܢܐ ܕܡܢ ܫܠܝܐ. ܐܪ̈ܒܬܥܣܪ ܐ̈ܠܦܝܢ ܘܫܒܥܡܐܐ. ܣܛܪ ܡܢ ܕܡܝܬܘ ܒܦܠܓܘܬܗ ܕܩܘܪܚ.,13,,0,True,False,True
17,15,Números 17:15,וַיָּ֤שָׁב אַהֲרֹן֙ אֶל־ מֹשֶׁ֔ה אֶל־ פֶּ֖תַח אֹ֣הֶל מוֹעֵ֑ד וְהַמַּגֵּפָ֖ה נֶעֱצָֽרָה ׃ פ,וישב אהרנ אל משה אל פתח אהל מועד והמגפה נעצרה פ,12,ותב אהרן למשה לתרע משכן זמנא ומותנא אתכלי:,8,,0,ܘܗܦܟ ܐܗܪܘܢ ܠܘܬ ܡܘܫܐ ܠܬܪܥܐ ܕܡܫܟܢ ܙܒܢܐ. ܘܡܘܬܢܐ ܕܡܢ ܫܠܝܐ ܐܬܟܠܝ.,11,,0,True,False,True
17,16,Números 17:16,וַיְדַבֵּ֥ר יְהוָ֖ה אֶל־ מֹשֶׁ֥ה לֵּאמֹֽר ׃,וידבר יהוה אל משה לאמר,6,ומליל יי עם משה למימר:,5,,0,ܘܡܠܠ ܡܪܝܐ ܥܡ ܡܘܫܐ ܘܐܡܪ ܠܗ.,6,,0,True,False,True
17,17,Números 17:17,דַּבֵּ֣ר ׀ אֶל־ בְּנֵ֣י יִשְׂרָאֵ֗ל וְקַ֣ח מֵֽאִתָּ֡ם מַטֶּ֣ה מַטֶּה֩ לְבֵ֨ית אָ֜ב מֵאֵ֤ת כָּל־ נְשִֽׂיאֵהֶם֙ לְבֵ֣ית אֲבֹתָ֔ם שְׁנֵ֥ים עָשָׂ֖ר מַטּ֑וֹת אִ֣ישׁ אֶת־ שְׁמ֔וֹ תִּכְתֹּ֖ב עַל־ מַטֵּֽהוּ ׃,דבר אל בני ישראל וקח מאתמ מטה מטה לבית אב מאת כל נשיאהמ לבית אבתמ שנימ עשר מטות איש את שמו תכתב על מטהו,26,מלל עם בני ישראל וסב מנהון חטרא חטרא לבית אבא מן כל רברבניהון לבית אבהתהון תרי עשר חטרין גבר ית שמיה תכתוב על חטריה:,24,,0,ܡܠܠ ܥܡ ܒܢ̈ܝ ܐܝܣܪܝܠ. ܘܣܒ ܡܢܗܘܢ ܫܒܛܐ ܫܒܛܐ ܠܒܝܬ ܐ̈ܒܗܐ. ܡܢ ܠܘܬ ܟܘܠ ܪ̈ܘܪܒܢܝܗܘܢ ܠܒܝܬ ܐ̈ܒܗܝܗܘܢ ܬܪ̈ܥܣܪ ܫ̈ܒܛܝܢ. ܘܓܒܪ ܫܡܗ ܟܬܘܒ ܥܠ ܫܒܛܗ.,23,,0,True,False,True
17,18,Números 17:18,וְאֵת֙ שֵׁ֣ם אַהֲרֹ֔ן תִּכְתֹּ֖ב עַל־ מַטֵּ֣ה לֵוִ֑י כִּ֚י מַטֶּ֣ה אֶחָ֔ד לְרֹ֖אשׁ בֵּ֥ית אֲבוֹתָֽם ׃,ואת שמ אהרנ תכתב על מטה לוי כי מטה אחד לראש בית אבותמ,14,וית שמא דאהרן תכתוב על חטרא דלוי ארי חטרא חד לריש בית אבהתהון:,13,,0,ܘܫܡܐ ܕܐܗܪܘܢ ܟܬܘܒ ܥܠ ܫܒܛܐ ܕܠܘܝ. ܡܛܠ ܕܚܕ ܚܕ ܫܒܛܐ ܠܒܝܬ ܐ̈ܒܗܝܗܘܢ.,12,,0,True,False,True
17,19,Números 17:19,וְהִנַּחְתָּ֖ם בְּאֹ֣הֶל מוֹעֵ֑ד לִפְנֵי֙ הָֽעֵד֔וּת אֲשֶׁ֛ר אִוָּעֵ֥ד לָכֶ֖ם שָֽׁמָּה ׃,והנחתמ באהל מועד לפני העדות אשר אועד לכמ שמה,10,ותצנענון במשכן זמנא קדם סהדותא די אזמן מימרי לכון תמן:,10,,0,ܘܣܝܡ ܐܢܘܢ ܒܡܫܟܢܙܒܢܐ ܩܕܡ ܣܗܕܘܬܐ. ܕܡܬܘܥܕ ܐܢܐ ܠܟܘܢ ܬܡܢ.,9,,0,True,False,True
17,20,Números 17:20,וְהָיָ֗ה הָאִ֛ישׁ אֲשֶׁ֥ר אֶבְחַר־ בּ֖וֹ מַטֵּ֣הוּ יִפְרָ֑ח וַהֲשִׁכֹּתִ֣י מֵֽעָלַ֗י אֶת־ תְּלֻנּוֹת֙ בְּנֵ֣י יִשְׂרָאֵ֔ל אֲשֶׁ֛ר הֵ֥ם מַלִּינִ֖ם עֲלֵיכֶֽם ׃,והיה האיש אשר אבחר בו מטהו יפרח והשכתי מעלי את תלנות בני ישראל אשר המ מלינמ עליכמ,18,ויהי גברא דאתרעי ביה חטריה ינעי ואניח מן קדמי ית תורעמת בני ישראל די אנון מתרעמין עליכון:,17,,0,ܘܢܗܘܐ ܓܒܪܐ ܕܐܨܛܒܐ ܒܗ. ܢܘܥܐ ܫܒܛܗ. ܘܐܦܪܩ ܡܢܝ ܪܛܢܐ ܕܒ̈ܢܝ ܐܝܣܪܝܠ. ܕܡܪܛܢܝܢ ܥܠܝܟܘܢ.,13,,0,True,False,True
17,21,Números 17:21,וַיְדַבֵּ֨ר מֹשֶׁ֜ה אֶל־ בְּנֵ֣י יִשְׂרָאֵ֗ל וַיִּתְּנ֣וּ אֵלָ֣יו ׀ כָּֽל־ נְשִֽׂיאֵיהֶ֡ם מַטֶּה֩ לְנָשִׂ֨יא אֶחָ֜ד מַטֶּ֨ה לְנָשִׂ֤יא אֶחָד֙ לְבֵ֣ית אֲבֹתָ֔ם שְׁנֵ֥ים עָשָׂ֖ר מַטּ֑וֹת וּמַטֵּ֥ה אַהֲרֹ֖ן בְּת֥וֹךְ מַטּוֹתָֽם ׃,וידבר משה אל בני ישראל ויתנו אליו כל נשיאיהמ מטה לנשיא אחד מטה לנשיא אחד לבית אבתמ שנימ עשר מטות ומטה אהרנ בתוכ מטותמ,26,ומליל משה עם בני ישראל ויהבו ליה כל רברבניהון חטרא לרבא חד חטרא לרבא חד לבית אבהתהון תרי עשר חטרין וחטרא דאהרן בגו חטריהון:,24,,0,ܘܐܡܪ ܡܘܫܐ ܠܒܢ̈ܝ ܐܝܣܪܝܠ. ܘܝܗܒܘ ܠܗ ܟܘܠܗܘܢ ܪ̈ܘܪܒܢܝܗܘܢ ܫܒܛܐ. ܫܒܛܐ ܠܪܫܐ ܠܟܠܗܘܢ ܠܒܝܬ ܐ̈ܒܗܝܗܘܢ. ܬܪ̈ܥܣܪ ܫܒ̈ܛܝܢ. ܘܫܒܛܐ ܕܐܗܪܘܢ ܒܓܘ ܫ̈ܒܛܝܗܘܢ .,21,,0,True,False,True
17,22,Números 17:22,וַיַּנַּ֥ח מֹשֶׁ֛ה אֶת־ הַמַּטֹּ֖ת לִפְנֵ֣י יְהוָ֑ה בְּאֹ֖הֶל הָעֵדֻֽת ׃,וינח משה את המטת לפני יהוה באהל העדת,9,ואצנע משה ית חטריא קדם יי במשכנא דסהדותא:,8,,0,ܘܣܡ ܐܢܘܢ ܡܘܫܐ ܠܫ̈ܒܛܐ. ܩܕܡ ܡܪܝܐ ܒܡܫܟܢܐ ܕܣܗܕܘܬܐ.,8,,0,True,False,True
17,23,Números 17:23,וַיְהִ֣י מִֽמָּחֳרָ֗ת וַיָּבֹ֤א מֹשֶׁה֙ אֶל־ אֹ֣הֶל הָעֵד֔וּת וְהִנֵּ֛ה פָּרַ֥ח מַטֵּֽה־ אַהֲרֹ֖ן לְבֵ֣ית לֵוִ֑י וַיֹּ֤צֵֽא פֶ֨רַח֙ וַיָּ֣צֵֽץ צִ֔יץ וַיִּגְמֹ֖ל שְׁקֵדִֽים ׃,ויהי ממחרת ויבא משה אל אהל העדות והנה פרח מטה אהרנ לבית לוי ויצא פרח ויצצ ציצ ויגמל שקדימ,20,והוה ביומא דבתרוהי ועל משה למשכנא דסהדותא והא נעא חטרא דאהרן לבית לוי ואפק לבלבין ואנץ נץ וכפת שגדין,19,,0,ܘܠܝܘܡܐ ܐܚܪܢܐ ܥܠ ܡܘܫܐ ܠܡܫܟܢܐ ܕܣܗܕܘܬܐ. ܘܚܙܐ ܕܐܦܪܥ ܫܒܛܐ ܕܐܗܪܘܢ ܕܒܝܬ ܠܘܝ. ܘܐܦܩ ܛܪ̈ܦܐ ܘܟܦܬ ܠܘ̈ܙܐ.,16,,0,True,False,True
17,24,Números 17:24,וַיֹּצֵ֨א מֹשֶׁ֤ה אֶת־ כָּל־ הַמַּטֹּת֙ מִלִּפְנֵ֣י יְהוָ֔ה אֶֽל־ כָּל־ בְּנֵ֖י יִשְׂרָאֵ֑ל וַיִּרְא֥וּ וַיִּקְח֖וּ אִ֥ישׁ מַטֵּֽהוּ ׃ ס,ויצא משה את כל המטת מלפני יהוה אל כל בני ישראל ויראו ויקחו איש מטהו ס,17,ואפק משה ית כל חטריא מן קדם יי לות כל בני ישראל ואשתמודעו ונסיבו גבר חטריה:,16,,0,ܘܐܦܩ ܐܢܘܢ ܡܘܫܐ ܠܟܠܗܘܢ ܫ̈ܒܛܐ ܡܢ ܩܕܡ ܡܪܝܐ . ܠܘܬ ܟܠܗܘܢ ܒܢ̈ܝ ܐܝܣܪܝܠ. ܘܚܙܘ ܘܢܣܒܘ ܐܢܫ ܫܒܛܗ.,17,,0,True,False,True
17,25,Números 17:25,וַיֹּ֨אמֶר יְהוָ֜ה אֶל־ מֹשֶׁ֗ה הָשֵׁ֞ב אֶת־ מַטֵּ֤ה אַהֲרֹן֙ לִפְנֵ֣י הָעֵד֔וּת לְמִשְׁמֶ֥רֶת לְא֖וֹת לִבְנֵי־ מֶ֑רִי וּתְכַ֧ל תְּלוּנֹּתָ֛ם מֵעָלַ֖י וְלֹ֥א יָמֻֽתוּ ׃,ויאמר יהוה אל משה השב את מטה אהרנ לפני העדות למשמרת לאות לבני מרי ותכל תלונתמ מעלי ולא ימתו,20,ואמר יי למשה אתב ית חטרא דאהרן לקדם סהדותא למטרא לאת לעמא סרבנא ויסופן תורעמתהון מן קדמי ולא ימותון:,19,,0,ܘܐܡܪ ܡܪܝܐ ܠܡܘܫܐ. ܐܗܦܟ ܫܒܛܐ ܕܐܗܪܘܢ ܩܕܡ ܣܗܕܘܬܐ. ܕܢܬܢܛܪ ܠܐܬܐ ܠܒ̈ܢܝܐ ܡܡܪ̈ܡܪܢܐ. ܕܢܓܡܪ ܪܛܢܗܘܢ ܡܢܝ. ܘܠܐ ܢܡܘܬܘܢ.,17,,0,True,False,True
17,26,Números 17:26,וַיַּ֖עַשׂ מֹשֶׁ֑ה כַּאֲשֶׁ֨ר צִוָּ֧ה יְהוָ֛ה אֹת֖וֹ כֵּ֥ן עָשָֽׂה ׃ ס,ויעש משה כאשר צוה יהוה אתו כנ עשה ס,10,ועבד משה כמא די פקיד יי יתיה כן עבד:,9,,0,ܘܥܒܕ ܡܘܫܐ ܐܝܟ ܕܦܩܕܗ ܡܪܝܐ. ܗܟܢܐ ܥܒܕ.,7,,0,True,False,True
17,27,Números 17:27,וַיֹּֽאמְרוּ֙ בְּנֵ֣י יִשְׂרָאֵ֔ל אֶל־ מֹשֶׁ֖ה לֵאמֹ֑ר הֵ֥ן גָּוַ֛עְנוּ אָבַ֖דְנוּ כֻּלָּ֥נוּ אָבָֽדְנוּ ׃,ויאמרו בני ישראל אל משה לאמר הנ גוענו אבדנו כלנו אבדנו,12,ואמרו בני ישראל למשה למימר הא מננא קטלת חרבא הא מננא בלעת ארעא והא מננא דמיתו במותנא:,17,,0,ܘܐܡܪܘ ܒܢ̈ܝ ܐܝܣܪܝܠ ܠܡܘܫܐ. ܗܐ ܣܦܢ ܘܐܒܕܢ ܘܟܘܠܢ ܓܡܪܢ.,9,,0,True,False,True
17,28,Números 17:28,כֹּ֣ל הַקָּרֵ֧ב ׀ הַקָּרֵ֛ב אֶל־ מִשְׁכַּ֥ן יְהוָ֖ה יָמ֑וּת הַאִ֥ם תַּ֖מְנוּ לִגְוֺֽעַ ׃ ס,כל הקרב הקרב אל משכנ יהוה ימות האמ תמנו לגוע ס,13,כל דקרב מקרב למשכנא דיי מאית הא אנחנא סיפין לממת:,10,,0,ܘܟܠ ܕܡܬܩܪܒ ܠܡܫܟܢܗ ܕܡܪܝܐ ܡܐܬ. ܘܗܐ ܐܦ ܚܢܢ ܐܩܦܢ ܠܡܣܦ.,10,,0,True,False,True
18,1,Números 18:1,וַיֹּ֤אמֶר יְהוָה֙ אֶֽל־ אַהֲרֹ֔ן אַתָּ֗ה וּבָנֶ֤יךָ וּבֵית־ אָבִ֨יךָ֙ אִתָּ֔ךְ תִּשְׂא֖וּ אֶת־ עֲוֺ֣ן הַמִּקְדָּ֑שׁ וְאַתָּה֙ וּבָנֶ֣יךָ אִתָּ֔ךְ תִּשְׂא֖וּ אֶת־ עֲוֺ֥ן כְּהֻנַּתְכֶֽם ׃,ויאמר יהוה אל אהרנ אתה ובניכ ובית אביכ אתכ תשאו את עונ המקדש ואתה ובניכ אתכ תשאו את עונ כהנתכמ,21,ואמר יי לאהרן את ובניך ובית אבוך עמך תסלחון על חובי מקדשא ואת ובניך עמך תסלחון על חובי כהנתכון:,19,Καὶ εἶπεν Κύριος πρὸς Ἀαρὼν λέγων Σὺ καὶ οἱ υἱοί σου καὶ ὁ οἶκος πατριᾶς σου λήμψεσθε τὰς ἀπαρχὰς τῶν ἁγίων· σὺ καὶ οἱ υἱοί σου λήμψεσθε τὰς ἁμαρτίας τῆς ἱερατίας ὑμῶν.,32,ܘܐܡܪ ܡܪܝܐ ܠܐܗܪܘܢ. ܐܢܬ ܘܒ̈ܢܝܟ ܘܒܝܬ ܐܒܘܟ ܥܡܟ. ܫܩܘܠܘ ܥܘܠܗ ܕܡܩܕܫܐ. ܘܐܢܬ ܘܒ̈ܢܝܟ ܥܡܟ. ܫܩܘܠܘ ܥܘܠܐ ܕܟܗܢܘܬܟܘܢ.,17,"Depois disse o Senhor a Arão: Tu e teus filhos, e a casa de teu pai contigo, levareis a iniqüidade do santuário; e tu e teus filhos contigo levareis a iniqüidade do vosso sacerdócio.",34,True,True,True
18,2,Números 18:2,וְגַ֣ם אֶת־ אַחֶיךָ֩ מַטֵּ֨ה לֵוִ֜י שֵׁ֤בֶט אָבִ֨יךָ֙ הַקְרֵ֣ב אִתָּ֔ךְ וְיִלָּו֥וּ עָלֶ֖יךָ וִֽישָׁרְת֑וּךָ וְאַתָּה֙ וּבָנֶ֣יךָ אִתָּ֔ךְ לִפְנֵ֖י אֹ֥הֶל הָעֵדֻֽת ׃,וגמ את אחיכ מטה לוי שבט אביכ הקרב אתכ וילוו עליכ וישרתוכ ואתה ובניכ אתכ לפני אהל העדת,19,ואף ית אחיך שבטא דלוי שבטא דאבוך קרב לותך ויתוספון עלך וישמשנך ואת ובניך עמך קדם משכנא דסהדותא:,18,"καὶ τοὺς ἀδελφούς σου, φυλὴν Λευεί, δῆμον τοῦ πατρός σου, προσαγάγου πρὸς σεαυτόν, καὶ προστεθήτωσάν σοι καὶ λειτουργείτωσάν σοι· καὶ σὺ καὶ οἱ υἱοί σου μετὰ σοῦ ἀπέναντι τῆς σκηνῆς τοῦ μαρτυρίου.",32,ܘܐܦ ܐܚ̈ܝܟ ܫܒܛܐ ܕܠܘܝ ܫܒܛܐ ܕܐܒܘܟ ܬܩܪܒ ܥܡܟ. ܘܢܬܠܘܘܢ ܠܟ ܘܢܫܡܫܘܢܟ. ܘܐܢܬ ܘܒ̈ܢܝܟ ܥܡܟ ܩܕܡ ܡܫܟܢܐ ܕܣܗܕܘܬܐ.,17,"Faze, pois, chegar contigo também teus irmãos, a tribo de Levi, a tribo de teu pai, para que se ajuntem a ti, e te sirvam; mas tu e teus filhos contigo estareis perante a tenda do testemunho.",37,True,True,True
18,3,Números 18:3,וְשָֽׁמְרוּ֙ מִֽשְׁמַרְתְּךָ֔ וּמִשְׁמֶ֖רֶת כָּל־ הָאֹ֑הֶל אַךְ֩ אֶל־ כְּלֵ֨י הַקֹּ֤דֶשׁ וְאֶל־ הַמִּזְבֵּ֨חַ֙ לֹ֣א יִקְרָ֔בוּ וְלֹֽא־ יָמֻ֥תוּ גַם־ הֵ֖ם גַּם־ אַתֶּֽם ׃,ושמרו משמרתכ ומשמרת כל האהל אכ אל כלי הקדש ואל המזבח לא יקרבו ולא ימתו גמ המ גמ אתמ,20,ויטרון מטרתך ומטרת כל משכנא ברם למני קודשא ולמדבחא לא יקרבון ולא ימותון אף אנון אף אתון:,17,"καὶ φυλάξονται τὰς φυλακάς σου καὶ τὰς φυλακὰς τῆς σκηνῆς· πλὴν πρὸς τὰ σκεύη τὰ ἅγια καὶ πρὸς τὸ θυσιαστήριον οὐ προσελεύσονται, καὶ οὐκ ἀποθανοῦνται καὶ οὗτοι καὶ ὑμεῖς.",29,ܘܢܛܪܘܢ ܡܛܪܬܟ ܘܡܛܪܬܐ ܕܟܠܗ ܡܫܟܢܐ. ܒܪܡ ܠܡܐ̈ܢܝ ܩܘܕܫܐ ܘܠܡܐ̈ܢܝ ܡܕܒܚܐ. ܠܐ ܢܩܪܒܘܢ ܕܠܐ ܢܡܘܬܘܢ. ܐܦ ܗܢܘܢ ܘܐܦ ܐܢܬܘܢ.,18,"Eles cumprirão as tuas ordens, e assumirão o encargo de toda a tenda; mas não se chegarão aos utensílios do santuário, nem ao altar, para que não morram, assim eles, como vós.",32,True,True,True
18,4,Números 18:4,וְנִלְו֣וּ עָלֶ֔יךָ וְשָֽׁמְר֗וּ אֶת־ מִשְׁמֶ֨רֶת֙ אֹ֣הֶל מוֹעֵ֔ד לְכֹ֖ל עֲבֹדַ֣ת הָאֹ֑הֶל וְזָ֖ר לֹא־ יִקְרַ֥ב אֲלֵיכֶֽם ׃,ונלוו עליכ ושמרו את משמרת אהל מועד לכל עבדת האהל וזר לא יקרב אליכמ,15,ויתוספון עלך ויטרון ית מטרת משכן זמנא לכל פלחן משכנא וחלוני לא יקרב לותכון:,14,"καὶ προστεθήσονται πρὸς σέ, καὶ φυλάξονται τὰς φυλακὰς τῆς σκηνῆς τοῦ μαρτυρίου κατὰ πάσας τὰς λειτουργίας τῆς σκηνῆς, καὶ ὁ ἀλλογενὴς οὐ προσελεύσεται πρὸς σέ.",25,ܘܢܬܠܘܘܢ ܠܟ ܘܢܛܪܘܢ ܡܛܪܬܐ ܕܡܫܟܢܙܒܢܐ. ܘܕܟܠܗ ܦܘܠܚܢܐ ܕܡܫܟܢܐ ܘܢܘܟܪܝܐ ܠܐ ܢܬܩܪܒ ܠܘܬܟܘܢ.,12,"Mas se ajuntarão a ti, e assumirão o encargo da tenda da revelação, para todo o serviço da tenda; e o estranho não se chegará a vós.",27,True,True,True
18,5,Números 18:5,וּשְׁמַרְתֶּ֗ם אֵ֚ת מִשְׁמֶ֣רֶת הַקֹּ֔דֶשׁ וְאֵ֖ת מִשְׁמֶ֣רֶת הַמִּזְבֵּ֑חַ וְלֹֽא־ יִהְיֶ֥ה ע֛וֹד קֶ֖צֶף עַל־ בְּנֵ֥י יִשְׂרָאֵֽל ׃,ושמרתמ את משמרת הקדש ואת משמרת המזבח ולא יהיה עוד קצפ על בני ישראל,15,ותטרון ית מטרת קודשא וית מטרת מדבחא ולא יהי עוד רגזא על בני ישראל:,14,"καὶ φυλάξεσθε τὰς φυλακὰς τῶν ἁγίων καὶ τὰς φυλακὰς τοῦ θυσιαστηρίου, καὶ οὐκ ἔσται θυμὸς ἐν τοῖς υἱοῖς Ἰσραήλ.",19,ܘܛܪܘ ܡܛܪܬܐ ܕܩܘܕܫܐ ܘܡܛܪܬܐ ܕܡܕܒܚܐ. ܘܬܘܒ ܠܐ ܢܗܘܐ ܪܘܓܙܐ ܥܠ ܒܢ̈ܝ ܐܝܣܪܝܠ.,12,"Vós, pois, assumireis o encargo do santuário e o encargo do altar, para que não haja outra vez furor sobre os filhos de Israel.",24,True,True,True
18,6,Números 18:6,וַאֲנִ֗י הִנֵּ֤ה לָקַ֨חְתִּי֙ אֶת־ אֲחֵיכֶ֣ם הַלְוִיִּ֔ם מִתּ֖וֹךְ בְּנֵ֣י יִשְׂרָאֵ֑ל לָכֶ֞ם מַתָּנָ֤ה נְתֻנִים֙ לַֽיהוָ֔ה לַעֲבֹ֕ד אֶת־ עֲבֹדַ֖ת אֹ֥הֶל מוֹעֵֽד ׃,ואני הנה לקחתי את אחיכמ הלוימ מתוכ בני ישראל לכמ מתנה נתנימ ליהוה לעבד את עבדת אהל מועד,19,ואנא הא קריבית ית אחיכון לואי מגו בני ישראל לכון מתנא יהיבין קדם יי למפלח ית פלחן משכן זמנא:,19,"καὶ ἐγὼ εἴληφα τοὺς ἀδελφοὺς ὑμῶν τοὺς Λευείτας ἐκ μέσου υἱῶν Ἰσραήλ, δόμα δεδομένον Κυρίῳ, λειτουργεῖν τὰς λειτουργίας τῆς σκηνῆς τοῦ μαρτυρίου·",22,ܘܐܢܐ ܗܐ ܩܪܒ̇ܬ ܠܐܚܝ̈ܟܘܢ ܠܘ̈ܝܐ ܡܢ ܓܘ ܒܢ̈ܝ ܐܝܣܪܝܠ. ܡܘܗܒܬܐ ܝܗܝܒܝܢ ܠܡܪܝܐ. ܠܡܦܠܚ ܦܘܠܚܢܐ ܕܡܫܟܢܙܒܢܐ.,15,"Eis que eu tenho tomado vossos irmãos, os levitas, do meio dos filhos de Israel; eles vos são uma dádiva, feita ao Senhor, para fazerem o serviço da tenda da revelação.",31,True,True,True
18,7,Números 18:7,וְאַתָּ֣ה וּבָנֶ֣יךָ אִ֠תְּךָ תִּשְׁמְר֨וּ אֶת־ כְּהֻנַּתְכֶ֜ם לְכָל־ דְּבַ֧ר הַמִּזְבֵּ֛חַ וּלְמִבֵּ֥ית לַפָּרֹ֖כֶת וַעֲבַדְתֶּ֑ם עֲבֹדַ֣ת מַתָּנָ֗ה אֶתֵּן֙ אֶת־ כְּהֻנַּתְכֶ֔ם וְהַזָּ֥ר הַקָּרֵ֖ב יוּמָֽת ׃ ס,ואתה ובניכ אתכ תשמרו את כהנתכמ לכל דבר המזבח ולמבית לפרכת ועבדתמ עבדת מתנה אתנ את כהנתכמ והזר הקרב יומת ס,22,ואת ובניך עמך תטרון ית כהנתכון לכל פתגם מדבחא ולמגו לפרוכתא ותפלחון פלחן מתנא איהב ית כהנתכון וחלוני דיקרב יתקטל:,20,"καὶ σὺ καὶ οἱ υἱοί σου μετὰ σοῦ διατηρήσετε τὴν ἱερατίαν ὑμῶν, κατὰ πάντα τρόπον τοῦ θυσιαστηρίου καὶ τὸ ἔνδοθεν τοῦ καταπετάσματος, καὶ λειτουργήσετε τὰς λειτουργίας δόμα τῆς ἱερατίας ὑμῶν· καὶ ὁ ἀλλογενὴς ὁ προσπορευόμενος ἀποθανεῖται.",36,ܘܐܢܬ ܘܒ̈ܢܝܟ ܥܡܟ. ܛܪܘ ܟܗܢܘܬܟܘܢ. ܘܟܠܗܘܢ ܐܣ̈ܟܡܘܗܝ ܕܡܕܒܚܐ. ܘܠܓܘ ܡܢ ܐ̈ܦܝ ܬܪܥܐ ܦܠܘܚܘ ܦܘܠܚܢܐ. ܡܘܗܒܬܐ ܕܝܗ̇ܒܬ ܠܟܗܢܘܬܟܘܢ. ܘܢܘܟܪܝܐ ܕܩ̇ܪܒ ܢܬܩܛܠ.,20,"Mas tu e teus filhos contigo cumprireis o vosso sacerdócio no tocante a tudo o que é do altar, e a tudo o que está dentro do véu; nisso servireis. Eu vos dou o sacerdócio como dádiva ministerial, e o estranho que se chegar será morto.",46,True,True,True
18,8,Números 18:8,וַיְדַבֵּ֣ר יְהוָה֮ אֶֽל־ אַהֲרֹן֒ וַאֲנִי֙ הִנֵּ֣ה נָתַ֣תִּֽי לְךָ֔ אֶת־ מִשְׁמֶ֖רֶת תְּרוּמֹתָ֑י לְכָל־ קָדְשֵׁ֣י בְנֵֽי־ יִ֠שְׂרָאֵל לְךָ֨ נְתַתִּ֧ים לְמָשְׁחָ֛ה וּלְבָנֶ֖יךָ לְחָק־ עוֹלָֽם ׃,וידבר יהוה אל אהרנ ואני הנה נתתי לכ את משמרת תרומתי לכל קדשי בני ישראל לכ נתתימ למשחה ולבניכ לחק עולמ,22,ומליל יי עם אהרן ואנא הא יהבית לך ית מטרת אפרשותי לכל קודשיא דבני ישראל לך יהבתנון לרבו ולבניך לקים עלם:,21,"Καὶ ἐλάλησεν κύριος πρὸς Ἀαρών Καὶ ἐγὼ ἰδοὺ δέδωκα ὑμῖν τὴν διατήρησιν τῶν ἀπαρχῶν ἀπὸ πάντων τῶν ἡγιασμένων μοι παρὰ τῶν υἱῶν Ἰσραήλ· σοὶ δέδωκα αὐτὰ εἰς γέρας καὶ τοῖς υἱοῖς σου μετὰ σέ, νόμιμον αἰώνιον.",36,ܘܐܡܪ ܡܪܝܐ ܠܐܗܪܘܢ. ܗܐ ܐܢܐ ܝܗ̇ܒܬ ܠܟ ܡܛܪܬܐ ܕܦܘܪ̈ܫܢܝ. ܘܟܠܗܘܢ ܩܘܕܫ̈ܐ ܕܒܢ̈ܝ ܐܝܣܪܝܠ ܠܟ ܝܗ̇ܒܬ ܐܢܘܢ ܠܡܫܝܚܘܬܐ. ܠܟ ܘܠܒ̈ܢܝܟ ܥܡܟ ܢܡܘܣܐ ܠܥܠܡ.,22,"Disse mais o Senhor a Arão: Eis que eu te tenho dado as minhas ofertas alçadas, com todas as coisas santificadas dos filhos de Israel; a ti as tenho dado como porção, e a teus filhos como direito perpétuo.",39,True,True,True
18,9,Números 18:9,זֶֽה־ יִהְיֶ֥ה לְךָ֛ מִקֹּ֥דֶשׁ הַקֳּדָשִׁ֖ים מִן־ הָאֵ֑שׁ כָּל־ קָ֠רְבָּנָם לְֽכָל־ מִנְחָתָ֞ם וּלְכָל־ חַטָּאתָ֗ם וּלְכָל־ אֲשָׁמָם֙ אֲשֶׁ֣ר יָשִׁ֣יבוּ לִ֔י קֹ֣דֶשׁ קָֽדָשִׁ֥ים לְךָ֛ ה֖וּא וּלְבָנֶֽיךָ ׃,זה יהיה לכ מקדש הקדשימ מנ האש כל קרבנמ לכל מנחתמ ולכל חטאתמ ולכל אשממ אשר ישיבו לי קדש קדשימ לכ הוא ולבניכ,24,דין יהי לך מקודש קודשיא מותר מן אשתא כל קורבניהון לכל מנחתהון ולכל חטותהון ולכל אשמהון די יתיבון קדמי קודש קודשין די לך הוא ולבניך:,25,"καὶ τοῦτο ἔστω ὑμῖν ἀπὸ τῶν ἡγιασμένων ἁγίων τῶν καρπωμάτων, ἀπὸ πάντων τῶν δώρων αὐτῶν καὶ ἀπὸ πάντων τῶν θυσιασμάτων καὶ ἀπὸ πάσης πλημμελίας αὐτῶν καὶ ἀπὸ πασῶν τῶν ἁμαρτιῶν, ὅσα ἀποδιδόασίν μοι ἀπὸ πάντων τῶν ἁγίων, σοὶ ἔσται καὶ τοῖς υἱοῖς σου.",43,ܗܢܐ ܢܗܘܐ ܡܩܕܫܐ ܕܩܘܕܫܐ ܡܢ ܢܘܪܐ. ܟܠܗ ܩܘܪܒܢܗܘܢ ܘܟܠܗ ܣܡܝܕܗܘܢ ܘܟܠܗܘܢ ܚ̈ܛܗܝܗܘܢ ܘܟܠܗܘܢ ܩܘܪ̈ܒܢܝܗܘܢ ܕܡܩܪܒܝܢ ܠܝ. ܩܕܘܫ ܩܘ̈ܕܫܝܢ ܐܢܘܢ ܠܟ ܘܠܒܢ̈ܝܟ.,21,"Das coisas santíssimas reservadas do fogo serão tuas todas as suas ofertas, a saber, todas as ofertas de cereais, todas as ofertas pelo pecado e todas as ofertas pela culpa, que me entregarem; estas coisas serão santíssimas para ti e para teus filhos.",43,True,True,True
18,10,Números 18:10,בְּקֹ֥דֶשׁ הַקֳּדָשִׁ֖ים תֹּאכֲלֶ֑נּוּ כָּל־ זָכָר֙ יֹאכַ֣ל אֹת֔וֹ קֹ֖דֶשׁ יִֽהְיֶה־ לָּֽךְ ׃,בקדש הקדשימ תאכלנו כל זכר יאכל אתו קדש יהיה לכ,11,בקדש קודשין תכלניה כל דכורא ייכול יתיה קודשא יהי לך:,10,"ἐν τῷ ἁγίῳ τῶν ἁγίων φάγεσθε αὐτά· πᾶν ἀρσενικὸν φάγεται αὐτά, σὺ καὶ οἱ υἱοί σου· ἅγια ἔσται σοι.",19,ܒܩܕܘܫ ܩܘܕܫ̈ܐ ܬܐܟܠܘܢܗ. ܟܠ ܕܟܪܐ ܢܐܟܠܝܘܗܝ. ܩܘܕܫܐ ܢܗܘܐ ܠܟ.,9,Num lugar santo as comerás; delas todo varão comerá; santas te serão.,12,True,True,True
18,11,Números 18:11,וְזֶה־ לְּךָ֞ תְּרוּמַ֣ת מַתָּנָ֗ם לְכָל־ תְּנוּפֹת֮ בְּנֵ֣י יִשְׂרָאֵל֒ לְךָ֣ נְתַתִּ֗ים וּלְבָנֶ֧יךָ וְלִבְנֹתֶ֛יךָ אִתְּךָ֖ לְחָק־ עוֹלָ֑ם כָּל־ טָה֥וֹר בְּבֵיתְךָ֖ יֹאכַ֥ל אֹתֽוֹ ׃,וזה לכ תרומת מתנמ לכל תנופת בני ישראל לכ נתתימ ולבניכ ולבנתיכ אתכ לחק עולמ כל טהור בביתכ יאכל אתו,21,ודין לך אפרשות מתנתהון לכל ארמות בני ישראל לך יהבתנון ולבניך ולבנתיך עמך לקים עלם כל דדכי בביתך ייכול יתיה:,20,"καὶ τοῦτο ἔσται ὑμῖν ἀπαρχῶν δομάτων αὐτῶν, ἀπὸ πάντων τῶν ἐπιθεμάτων τῶν υἱῶν Ἰσραήλ· σοὶ δέδωκα αὐτὰ καὶ τοῖς υἱοῖς σου καὶ ταῖς θυγατράσιν σου μετὰ σοῦ, νόμιμον αἰώνιον· πᾶς καθαρὸς ἐν τῷ οἴκῳ σου ἔδεται αὐτά.",37,ܘܗܢܐ ܗ̇ܘ ܦܘܪܫܢܐ ܕܡܘܗ̈ܒܬܟܘܢ. ܘܟܠܗܘܢ ܦܘܪ̈ܫܢܐ ܕܒܢ̈ܝ ܐܝܣܪܝܠ ܠܟ ܝܗ̇ܒܬ ܐܢܘܢ. ܘܠܒ̈ܢܝܟ ܘܠܒܢ̈ܬܟ ܥܡܟ . ܢܡܘܣܐ ܠܥܠܡ. ܟܠ ܡ̇ܢ ܕܕܟܐ ܒܒܝܬܟ ܢܐܟܠܝܘܗܝ.,22,"Também isto será teu: a oferta alçada das suas dádivas, com todas as ofertas de movimento dos filhos de Israel; a ti, a teus filhos, e a tuas filhas contigo, as tenho dado como porção, para sempre. Todo o que na tua casa estiver limpo, comerá delas.",47,True,True,True
18,12,Números 18:12,כֹּ֚ל חֵ֣לֶב יִצְהָ֔ר וְכָל־ חֵ֖לֶב תִּיר֣וֹשׁ וְדָגָ֑ן רֵאשִׁיתָ֛ם אֲשֶׁר־ יִתְּנ֥וּ לַֽיהוָ֖ה לְךָ֥ נְתַתִּֽים ׃,כל חלב יצהר וכל חלב תירוש ודגנ ראשיתמ אשר יתנו ליהוה לכ נתתימ,14,כל טוב משח וכל טוב חמר ועבור ראשיתהון די יתנון קדם יי לך יהבתנון:,14,"πᾶσα ἀπαρχὴ ἐλαίου καὶ πᾶσα ἀπαρχὴ οἴνου, σίτου ἀπαρχὴ αὐτῶν, ὅσα ἂν δῶσι τῷ κυρίῳ, σοὶ δέδωκα αὐτά.",18,ܟܠܗ ܫܘܡܢܐ ܕܡܫܚܐ. ܘܟܠܗ ܫܘܡܢܐ ܕܥܒܘܪܐ ܘܕܚܡܪܐ. ܘܪ̈ܫܝܬܗܘܢ ܕܝ̇ܗܒܝܢ ܠܡܪܝܐ. ܠܟ ܝܗ̇ܒܬ ܐܢ̈ܝܢ .,14,"Tudo o que do azeite há de melhor, e tudo o que do mosto e do grão há de melhor, as primícias destes que eles derem ao Senhor, a ti as tenho dado.",33,True,True,True
18,13,Números 18:13,בִּכּוּרֵ֞י כָּל־ אֲשֶׁ֧ר בְּאַרְצָ֛ם אֲשֶׁר־ יָבִ֥יאוּ לַיהוָ֖ה לְךָ֣ יִהְיֶ֑ה כָּל־ טָה֥וֹר בְּבֵיתְךָ֖ יֹאכֲלֶֽנּוּ ׃,בכורי כל אשר בארצמ אשר יביאו ליהוה לכ יהיה כל טהור בביתכ יאכלנו,14,בכורי כל די בארעהון די ייתון קדם יי די לך יהי כל דדכי בביתך ייכלניה:,15,"τὰ πρωτογενήματα πάντα ὅσα ἐν τῇ γῇ αὐτῶν, ὅσα ἂν ἐνέγκωσιν Κυρίῳ, σοὶ ἔσται· πᾶς καθαρὸς ἐν τῷ οἴκῳ σου ἔδεται αὐτά.",22,ܒܟܪܐ ܟܠܗ ܕܒܐܪܥܗܘܢ ܕܡܝܬܝܢ ܠܡܪܝܐ. ܠܟ ܢܗܘܐ. ܘܟܠ ܡ̇ܢ ܕܕܟܐ ܒܒܝܬܟ ܢܐܟܠܝܘܗܝ.,12,"Os primeiros frutos de tudo o que houver na sua terra, que trouxerem ao Senhor, serão teus. Todo o que na tua casa estiver limpo comerá deles.",27,True,True,True
18,14,Números 18:14,כָּל־ חֵ֥רֶם בְּיִשְׂרָאֵ֖ל לְךָ֥ יִהְיֶֽה ׃,כל חרמ בישראל לכ יהיה,6,כל חרמא בישראל די לך יהי:,6,πᾶν ἀνατεθεματισμένον ἐν υἱοῖς Ἰσραὴλ σοὶ ἔσται.,7,ܘܟܠ ܚܪܡܐ ܒܐܝܣܪܝܠ ܠܟ ܢܗܘܐ.,5,Toda coisa consagrada em Israel será tua.,7,True,True,True
18,15,Números 18:15,כָּל־ פֶּ֣טֶר רֶ֠חֶם לְֽכָל־ בָּשָׂ֞ר אֲשֶׁר־ יַקְרִ֧יבוּ לַֽיהוָ֛ה בָּאָדָ֥ם וּבַבְּהֵמָ֖ה יִֽהְיֶה־ לָּ֑ךְ אַ֣ךְ ׀ פָּדֹ֣ה תִפְדֶּ֗ה אֵ֚ת בְּכ֣וֹר הָֽאָדָ֔ם וְאֵ֛ת בְּכֽוֹר־ הַבְּהֵמָ֥ה הַטְּמֵאָ֖ה תִּפְדֶּֽה ׃,כל פטר רחמ לכל בשר אשר יקריבו ליהוה באדמ ובבהמה יהיה לכ אכ פדה תפדה את בכור האדמ ואת בכור הבהמה הטמאה תפדה,25,כל פתח ולדא לכל בשרא די יקרבון קדם יי באנשא ובבעירא יהי לך ברם מפרק תפרוק ית בוכרא דאנשא וית בוכרא דבעירא מסאבא תפרוק:,24,"καὶ πᾶν διανοῖγον μήτραν ἀπὸ πάσης σαρκός, ἃ προσφέρουσιν Κυρίῳ ἀπὸ ἀνθρώπου ἕως κτήνους, σοὶ ἔσται· ἀλλ᾽ ἢ λύτροις λυτρωθήσεται τὰ πρωτότοκα τῶν ἀνθρώπων, καὶ τὰ πρωτότοκα τῶν κτηνῶν τῶν ἀκαθάρτων λυτρώσῃ.",32,ܘܟܠ ܦ̇ܬܚ ܡܪܒܥܐ ܕܟܠ ܒܣܪܐ. ܕܡܩܪܒܝܢ ܠܡܪܝܐ. ܕܐܢܫܐ ܘܕܒܥܝܪ̈ܐ ܠܟ ܢܗܘܐ. ܒܪܡ ܕܝܢ ܡܦܪܩ ܬܦܪܘܩ ܒܘܟܪ̈ܝܗܘܢ ܕܐܢܫܐ. ܘܒܘܟܪ̈ܝܗܘܢ ܕܒܥܝܪ̈ܐ ܛܡܐ̈ܬܐ ܬܦܪܘܩ.,21,"Todo primogênito de toda a carne, que oferecerem ao Senhor, tanto de homens como de animais, será teu; contudo os primogênitos dos homens certamente remirás; também os primogênitos dos animais imundos remirás.",32,True,True,True
18,16,Números 18:16,וּפְדוּיָו֙ מִבֶּן־ חֹ֣דֶשׁ תִּפְדֶּ֔ה בְּעֶ֨רְכְּךָ֔ כֶּ֛סֶף חֲמֵ֥שֶׁת שְׁקָלִ֖ים בְּשֶׁ֣קֶל הַקֹּ֑דֶשׁ עֶשְׂרִ֥ים גֵּרָ֖ה הֽוּא ׃,ופדויו מבנ חדש תפדה בערככ כספ חמשת שקלימ בשקל הקדש עשרימ גרה הוא,14,ופורקניה מבר ירחא תפרוק בפרסניה כסף חמש סלעין בסלעי קודשא עשרין מעין הוא:,13,"καὶ ἡ λύτρωσις αὐτοῦ ἀπὸ μηνιαίου· ἡ συντίμησις πέντε σίκλων κατὰ τὸν σίκλον τὸν ἅγιον, εἴκοσι ὀβολοί εἰσιν.",18,ܘܦܘܪܩܢܗ ܡܢ ܒܪ ܝܪܚܐ ܘܠܥܠ. ܬܦܪܘܩ ܒܕܡ̈ܝܐ ܕܟܣܦܐ. ܚܡܫܝܢ ܡܬܩ̈ܠܝܢ ܒܡܬܩܠܐ ܕܩܘܕܫܐ. ܥܣܪ̈ܝܢ ܡ̈ܥܝܢ ܗܘܐ ܡܬܩܠܐ.,16,"Os que deles se houverem de remir, desde a idade de um mês os remirás, segundo a tua avaliação, por cinco siclos de dinheiro, segundo o siclo do santuário, que é de vinte jeiras.",34,True,True,True
18,17,Números 18:17,אַ֣ךְ בְּֽכוֹר־ שׁ֡וֹר אֽוֹ־ בְכ֨וֹר כֶּ֜שֶׂב אֽוֹ־ בְכ֥וֹר עֵ֛ז לֹ֥א תִפְדֶּ֖ה קֹ֣דֶשׁ הֵ֑ם אֶת־ דָּמָ֞ם תִּזְרֹ֤ק עַל־ הַמִּזְבֵּ֨חַ֙ וְאֶת־ חֶלְבָּ֣ם תַּקְטִ֔יר אִשֶּׁ֛ה לְרֵ֥יחַ נִיחֹ֖חַ לַֽיהוָֽה ׃,אכ בכור שור או בכור כשב או בכור עז לא תפדה קדש המ את דממ תזרק על המזבח ואת חלבמ תקטיר אשה לריח ניחח ליהוה,26,ברם בוכרא דתורא או בוכרא דאמרא או בוכרא דעזא לא תפרוק קודשא אנון ית דמהון תזרוק על מדבחא וית תרביהון תסק קורבן לאתקבלא ברעוא קדם יי:,26,"πλὴν πρωτότοκα μόσχων καὶ πρωτότοκα προβάτων καὶ πρωτότοκα αἰγῶν οὐ λυτρώσῃ· ἅγιά ἐστιν· καὶ τὸ αἷμα αὐτῶν προσχεεῖς πρὸς τὸ θυσιαστήριον, καὶ τὸ στέαρ ἀνοίσεις κάρπωμα εἰς ὀσμὴν εὐωδίας Κυρίῳ·",30,ܒܪܡ ܕܝܢ ܒܘܟܪ̈ܐ ܕܬܘܪ̈ܐ ܘܒܘܟܪ̈ܐ ܕܐܡܪ̈ܐ ܘܒܘܟܪ̈ܐ ܕܥ̈ܙܐ ܠܐ ܬܦܪܘܩ. ܡܛܠ ܕܩܘܕܫܐ ܐܢܘܢ. ܘܕܡܗܘܢ ܪܘܣ ܥܠ ܡܕܒܚܐ. ܘܬܪܒܗܘܢ ܐܣܩ ܩܘܪܒܢܐ ܠܡܕܒܚܐ. ܠܪܝܚ ܣܘܬܐ ܠܡܪܝܐ.,24,"Mas o primogênito da vaca, o primogênito da ovelha, e o primogênito da cabra não remirás, porque eles são santos. Espargirás o seu sangue sobre o altar, e queimarás a sua gordura em oferta queimada, de cheiro suave ao Senhor.",40,True,True,True
18,18,Números 18:18,וּבְשָׂרָ֖ם יִהְיֶה־ לָּ֑ךְ כַּחֲזֵ֧ה הַתְּנוּפָ֛ה וּכְשׁ֥וֹק הַיָּמִ֖ין לְךָ֥ יִהְיֶֽה ׃,ובשרמ יהיה לכ כחזה התנופה וכשוק הימינ לכ יהיה,10,ובשרהון יהי לך כחדיא דארמותא וכשוקא דימינא לך יהי:,9,"καὶ τὰ κρέα ἔσται σοί· καὶ τὸ στηθύνιον τοῦ ἐπιθέματος, καὶ κατὰ τὸν βραχίονα τὸν δεξιόν, σοὶ ἔσται.",18,ܘܒܣܪܗܘܢ ܢܗܘܐ ܠܟ. ܐܝܟ ܚܕܝܐ ܕܦܘܪܫܢܐ. ܘܐܝܟ ܫܩܐ ܕܝܡܝܢܐ ܠܟ ܢܗܘܐ .,12,"E a carne deles será tua, bem como serão teus o peito da oferta de movimento e a coxa direita.",20,True,True,True
18,19,Números 18:19,כֹּ֣ל ׀ תְּרוּמֹ֣ת הַקֳּדָשִׁ֗ים אֲשֶׁ֨ר יָרִ֥ימוּ בְנֵֽי־ יִשְׂרָאֵל֮ לַֽיהוָה֒ נָתַ֣תִּֽי לְךָ֗ וּלְבָנֶ֧יךָ וְלִבְנֹתֶ֛יךָ אִתְּךָ֖ לְחָק־ עוֹלָ֑ם בְּרִית֩ מֶ֨לַח עוֹלָ֥ם הִוא֙ לִפְנֵ֣י יְהוָ֔ה לְךָ֖ וּלְזַרְעֲךָ֥ אִתָּֽךְ ׃,כל תרומת הקדשימ אשר ירימו בני ישראל ליהוה נתתי לכ ולבניכ ולבנתיכ אתכ לחק עולמ ברית מלח עולמ הוא לפני יהוה לכ ולזרעכ אתכ,26,כל אפרשות קודשיא די יפרשון בני ישראל קדם יי יהבית לך ולבניך ולבנתיך עמך לקים עלם קים מלח עלם הוא קדם יי לך ולבניך עמך:,25,"πᾶν ἀφαίρεμα τῶν ἁγίων, ὅσα ἄν ἀφέλωσιν οἱ υἱοὶ Ἰσραὴλ Κυρίῳ, σοὶ δέδωκα καὶ τοῖς υἱοῖς σου καὶ ταῖς θυγατράσιν σου μετὰ σοῦ, νόμιμον αἰώνιον· διαθήκη ἁλὸς αἰωνίου ἐστὶν ἔναντι Κυρίου σοὶ καὶ τῷ σπέρματί σου μετὰ σέ.",38,ܟܘܠܗ ܦܘܪܫܢܐ ܕܩ̈ܘܕܫܐ ܕܦܪܫܝܢ ܒܢ̈ܝ ܐܝܣܪܝܠ ܠܡܪܝܐ. ܝܗ̇ܒܬ ܠܟ ܘܠܒܢܝܟ ܘܠܒ̈ܢܬܟ ܥܡܟ. ܢܡܘܣܐ ܠܥܠܡ ܩܝܡܐ ܗܘ ܕܡܠܚܐ. ܕܥܠܡ ܩܕܡ ܡܪܝܐ ܠܟ ܘܠܙܪܥܟ ܥܡܟ.,23,"Todas as ofertas alçadas das coisas sagradas, que os filhos de Israel oferecerem ao Senhor, eu as tenho dado a ti, a teus filhos e a tuas filhas contigo, como porção, para sempre; é um pacto perpétuo de sal perante o Senhor, para ti e para a tua descendência contigo.",50,True,True,True
18,20,Números 18:20,וַיֹּ֨אמֶר יְהוָ֜ה אֶֽל־ אַהֲרֹ֗ן בְּאַרְצָם֙ לֹ֣א תִנְחָ֔ל וְחֵ֕לֶק לֹא־ יִהְיֶ֥ה לְךָ֖ בְּתוֹכָ֑ם אֲנִ֤י חֶלְקְךָ֙ וְנַחֲלָ֣תְךָ֔ בְּת֖וֹךְ בְּנֵ֥י יִשְׂרָאֵֽל ׃ ס,ויאמר יהוה אל אהרנ בארצמ לא תנחל וחלק לא יהיה לכ בתוכמ אני חלקכ ונחלתכ בתוכ בני ישראל ס,20,ואמר יי לאהרן בארעהון לא תחסין וחלק לא יהי לך ביניהון מתנן די יהבית לך אנון חולקך ואחסנתך בגו בני ישראל:,21,"καὶ ἐλάλησεν Κύριος πρὸς Ἀαρών Ἐν τῇ γῇ αὐτῶν οὐ κληρονομήσεις, καὶ μερὶς οὐκ ἔσται σοι ἐν αὐτοῖς, ὅτι ἐγὼ μερίς σου καὶ κληρονομία σου ἐν μέσῳ τῶν υἱῶν Ἰσραήλ.",30,ܘܐܡܪ ܡܪܝܐ ܠܐܗܪܘܢ. ܒܐܪܥܗܘܢ ܠܐ ܬܐܪܬ. ܘܦܠܓܘܬܐ ܠܐ ܬܗܘܐ ܠܟ ܒܝܢܬܗܘܢ. ܐܠܐ ܦܠܓܘܬܟ ܘܝܪܬܘܬܟ ܒܝܢܬ ܒܢ̈ܝ ܐܝܣܪܝܠ. ܦܘܪ̈ܫܢܘܗܝ ܕܡܪܝܐ ܘܩ̈ܘܕܫܘܗܝ.,20,"Disse também o Senhor a Arão: Na sua terra herança nenhuma terás, e no meio deles nenhuma porção terás; eu sou a tua porção e a tua herança entre os filhos de Israel.",33,True,True,True
18,21,Números 18:21,וְלִבְנֵ֣י לֵוִ֔י הִנֵּ֥ה נָתַ֛תִּי כָּל־ מַֽעֲשֵׂ֥ר בְּיִשְׂרָאֵ֖ל לְנַחֲלָ֑ה חֵ֤לֶף עֲבֹֽדָתָם֙ אֲשֶׁר־ הֵ֣ם עֹֽבְדִ֔ים אֶת־ עֲבֹדַ֖ת אֹ֥הֶל מוֹעֵֽד ׃,ולבני לוי הנה נתתי כל מעשר בישראל לנחלה חלפ עבדתמ אשר המ עבדימ את עבדת אהל מועד,18,ולבני לוי הא יהבית כל מעשרא בישראל לאחסנא חלף פולחנהון די אנון פלחין ית פולחן משכן זמנא:,17,"Καὶ τοῖς υἱοῖς Λευεὶ ἰδοὺ δέδωκα πᾶν ἐπιδέκατον ἐν Ἰσραὴλ ἐν κλήρῳ ἀντὶ τῶν λειτουργιῶν αὐτῶν, ὅσα αὐτοὶ λειτουργοῦσιν λειτουργίαν ἐν τῇ σκηνῇ τοῦ μαρτυρίου.",25,ܘܠܒܢ̈ܝ ܠܘܝ ܗܐ ܝܗ̇ܒܬ ܟܠܗܘܢ ܡܥܣܪ̈ܐ ܕܒ̈ܢܝ ܐܝܣܪܝܠ ܠܝܘܪܬܢܐ. ܚܠܦ ܦܘܠܚܢܗܘܢ ܕܗܢܘܢ ܦ̇ܠܚܝܢ ܦܘܠܚܢܐ ܒܡܫܟܢܙܒܢܐ .,16,"Eis que aos filhos de Levi tenho dado todos os dízimos em Israel por herança, pelo serviço que prestam, o serviço da tenda da revelação.",25,True,True,True
18,22,Números 18:22,וְלֹא־ יִקְרְב֥וּ ע֛וֹד בְּנֵ֥י יִשְׂרָאֵ֖ל אֶל־ אֹ֣הֶל מוֹעֵ֑ד לָשֵׂ֥את חֵ֖טְא לָמֽוּת ׃,ולא יקרבו עוד בני ישראל אל אהל מועד לשאת חטא למות,12,ולא יקרבון עוד בני ישראל למשכן זמנא לקבלא חובא לממת:,10,"καὶ οὐ προσελεύσονται ἔτι οἱ υἱοὶ Ἰσραὴλ εἰς τὴν σκηνὴν τοῦ μαρτυρίου, λαβεῖν ἁμαρτίαν θανατηφόρον.",15,ܘܬܘܒ ܠܐ ܢܬܩܪܒܘܢ ܒܢ̈ܝ ܐܝܣܪܝܠ ܠܡܫܟܢܙܒܢܐ. ܕܠܐ ܢܩܒܠܘܢ ܚܛܗܐ ܘܢܡܘܬܘܢ.,10,"Ora, nunca mais os filhos de Israel se chegarão à tenda da revelação, para que não levem sobre si o pecado e morram.",23,True,True,True
18,23,Números 18:23,וְעָבַ֨ד הַלֵּוִ֜י ה֗וּא אֶת־ עֲבֹדַת֙ אֹ֣הֶל מוֹעֵ֔ד וְהֵ֖ם יִשְׂא֣וּ עֲוֺנָ֑ם חֻקַּ֤ת עוֹלָם֙ לְדֹרֹ֣תֵיכֶ֔ם וּבְתוֹךְ֙ בְּנֵ֣י יִשְׂרָאֵ֔ל לֹ֥א יִנְחֲל֖וּ נַחֲלָֽה ׃,ועבד הלוי הוא את עבדת אהל מועד והמ ישאו עונמ חקת עולמ לדרתיכמ ובתוכ בני ישראל לא ינחלו נחלה,20,ויפלחון לואי אנון ית פולחן משכן זמנא ואנון יקבלון חוביהון קים עלם לדריכון ובגו בני ישראל לא יחסנון אחסנא:,19,"καὶ λειτουργήσει ὁ Λευείτης αὐτὸς τὴν λειτουργίαν τῆς σκηνῆς τοῦ μαρτυρίου, καὶ αὐτοὶ λήμψονται τὰ ἁμαρτήματα αὐτῶν, νόμιμον αἰώνιον εἰς τὰς γενεὰς αὐτῶν· καὶ ἐν μέσῳ υἱῶν Ἰσραὴλ οὐ κληρονομήσουσιν κληρονομίαν.",31,ܘܢܦܠܚܘܢ ܠܘ̈ܝܐ ܦܘܠܚܢܐ ܕܡܫܟܢ ܙܒܢܐ. ܘܗܢܘܢ ܢܩܒܠܘܢ ܥܘܠܗܘܢ. ܢܡܘܣܐ ܠܥܠܡ ܠܕܪ̈ܝܗܘܢ. ܘܒܝܢܬ ܒܢ̈ܝ ܐܝܣܪܝܠ ܠܐ ܢܐܪܬܘܢ ܝܘܪܬܢܐ.,17,"Mas os levitas farão o serviço da tenda da revelação, e eles levarão sobre si a sua iniqüidade; pelas vossas gerações estatuto perpétuo será; e no meio dos filhos de Israel nenhuma herança terão.",34,True,True,True
18,24,Números 18:24,כִּ֞י אֶת־ מַעְשַׂ֣ר בְּנֵֽי־ יִשְׂרָאֵ֗ל אֲשֶׁ֨ר יָרִ֤ימוּ לַֽיהוָה֙ תְּרוּמָ֔ה נָתַ֥תִּי לַלְוִיִּ֖ם לְנַחֲלָ֑ה עַל־ כֵּן֙ אָמַ֣רְתִּי לָהֶ֔ם בְּתוֹךְ֙ בְּנֵ֣י יִשְׂרָאֵ֔ל לֹ֥א יִנְחֲל֖וּ נַחֲלָֽה ׃ פ,כי את מעשר בני ישראל אשר ירימו ליהוה תרומה נתתי ללוימ לנחלה על כנ אמרתי להמ בתוכ בני ישראל לא ינחלו נחלה פ,24,ארי ית מעשרא דבני ישראל די יפרשון קדם יי אפרשותא יהבית ללואי לאחסנא על כן אמרית להון בגו בני ישראל לא יחסנון אחסנא:,23,ὅτι τὰ ἐπιδέκατα τῶν υἱῶν Ἰσραὴλ ὅσα ἂν ἀφορίσωσιν Κυρίῳ ἀφαίρεμα δέδωκα τοῖς Λευείταις ἐν κλήρῳ· διὰ τοῦτο εἴρηκα αὐτοῖς Ἐν μέσῳ υἱῶν Ἰσραὴλ οὐ κληρονομήσουσιν κλῆρον.,27,ܡܛܠ ܕܡܥܣܪ̈ܐ ܕܦ̇ܪܫܝܢ ܒܢ̈ܝ ܐܝܣܪܝܠ ܠܡܪܝܐ. ܝܗ̇ܒܬ ܠܠܘ̈ܝܐ ܝܘܪܬܢܐ. ܡܛܠ ܗܢܐ ܐܡܪܬ ܠܗܘܢ. ܕܒܝܢܬ ܒܢ̈ܝ ܐܝܣܪܝܠ ܠܐ ܢܐܪܬܘܢ ܝܘܪܬܢܐ.,19,"Porque os dízimos que os filhos de Israel oferecerem ao Senhor em oferta alçada, eu os tenho dado por herança aos levitas; porquanto eu lhes disse que nenhuma herança teriam entre os filhos de Israel.",35,True,True,True
18,25,Números 18:25,וַיְדַבֵּ֥ר יְהוָ֖ה אֶל־ מֹשֶׁ֥ה לֵּאמֹֽר ׃,וידבר יהוה אל משה לאמר,6,ומליל יי עם משה למימר:,5,Καὶ ἐλάλησεν Κύριος πρὸς Μωυσῆν λέγων,6,ܘܡܠܠ ܡܪܝܐ ܥܡ ܡܘܫܐ ܘܐܡܪ ܠܗ.,6,Disse mais o Senhor a Moisés:,6,True,True,True
18,26,Números 18:26,וְאֶל־ הַלְוִיִּ֣ם תְּדַבֵּר֮ וְאָמַרְתָּ֣ אֲלֵהֶם֒ כִּֽי־ תִ֠קְחוּ מֵאֵ֨ת בְּנֵֽי־ יִשְׂרָאֵ֜ל אֶת־ הַֽמַּעֲשֵׂ֗ר אֲשֶׁ֨ר נָתַ֧תִּי לָכֶ֛ם מֵאִתָּ֖ם בְּנַחֲלַתְכֶ֑ם וַהֲרֵמֹתֶ֤ם מִמֶּ֨נּוּ֙ תְּרוּמַ֣ת יְהוָ֔ה מַעֲשֵׂ֖ר מִן־ הַֽמַּעֲשֵֽׂר ׃,ואל הלוימ תדבר ואמרת אלהמ כי תקחו מאת בני ישראל את המעשר אשר נתתי לכמ מאתמ בנחלתכמ והרמתמ ממנו תרומת יהוה מעשר מנ המעשר,25,וללואי תמלל ותימר להון ארי תסבון מן בני ישראל ית מעשרא די יהבית לכון מנהון באחסנתכון ותפרשון מניה אפרשותא קדם יי מעשרא מן מעשרא:,24,"Καὶ τοῖς Λευείταις λαλήσεις καὶ ἐρεῖς πρὸς αὐτούς Ἐὰν λάβητε παρὰ τῶν υἱῶν Ἰσραὴλ τὸ ἐπιδέκατον ὃ δέδωκα ὑμῖν παρ᾽ αὐτῶν ἐν κλήρῳ, καὶ ἀφελεῖτε ὑμεῖς ἀπ᾽ αὐτοῦ ἀφαίρεμα Κυρίῳ ἐπιδέκατον ἀπὸ τοῦ ἐπιδεκάτου.",34,ܡܠܠ ܥܡ ܠܘ̈ܝܐ ܘܐܡܪ ܠܗܘܢ. ܡܐ ܕܢ̇ܣܒܝܢ ܐܢܬܘܢ ܡܢ ܒܢ̈ܝ ܐܝܣܪܝܠ ܡܥܣܪ̈ܐ ܕܝܗ̇ܒܬ ܠܟܘܢ ܡܢܗܘܢ ܝܘܪܬܢܐ. ܦܪܘܫܘ ܡܢܗ ܦܘܪܫܢܐ ܠܡܪܝܐ ܡܥܣܪܐ ܡܢ ܡܥܣܪ̈ܐ.,23,"Também falarás aos levitas, e lhes dirás: Quando dos filhos de Israel receberdes os dízimos, que deles vos tenho dado por herança, então desses dízimos fareis ao Senhor uma oferta alçada, o dízimo dos dízimos.",35,True,True,True
18,27,Números 18:27,וְנֶחְשַׁ֥ב לָכֶ֖ם תְּרוּמַתְכֶ֑ם כַּדָּגָן֙ מִן־ הַגֹּ֔רֶן וְכַֽמְלֵאָ֖ה מִן־ הַיָּֽקֶב ׃,ונחשב לכמ תרומתכמ כדגנ מנ הגרנ וכמלאה מנ היקב,10,ותתחשב לכון אפרשותכון כעבורא מן אדרא וכמלאתא מן מעצרתא:,9,καὶ λογισθήσεται ὑμῖν τὰ ἀφαιρέματα ὑμῶν ὡς σῖτος ἀπὸ ἅλω καὶ ἀφαίρεμα ἀπὸ ληνοῦ.,14,ܘܢܬܚܫܒ ܠܟܘܢ ܦܘܪܫܢܟܘܢ. ܐܝܟ ܥܒܘܪܐ ܡܢ ܐܕܪܐ. ܘܐܝܟ ܦܘܪܫܢܐ ܡܢ ܡܥܨܪܬܐ.,11,"E computar-se-á a vossa oferta alçada, como o grão da eira, e como a plenitude do lagar.",17,True,True,True
18,28,Números 18:28,כֵּ֣ן תָּרִ֤ימוּ גַם־ אַתֶּם֙ תְּרוּמַ֣ת יְהוָ֔ה מִכֹּל֙ מַעְשְׂרֹ֣תֵיכֶ֔ם אֲשֶׁ֣ר תִּקְח֔וּ מֵאֵ֖ת בְּנֵ֣י יִשְׂרָאֵ֑ל וּנְתַתֶּ֤ם מִמֶּ֨נּוּ֙ אֶת־ תְּרוּמַ֣ת יְהוָ֔ה לְאַהֲרֹ֖ן הַכֹּהֵֽן ׃,כנ תרימו גמ אתמ תרומת יהוה מכל מעשרתיכמ אשר תקחו מאת בני ישראל ונתתמ ממנו את תרומת יהוה לאהרנ הכהנ,21,כן תפרשון אף אתון אפרשותא קדם יי מכל מעשרתיכון די תסבון מן בני ישראל ותתנון מניה ית אפרשותא קדם יי לאהרן כהנא:,22,"οὕτως ἀφελεῖτε αὐτοὺς καὶ ὑμεῖς ἀπὸ τῶν ἀφαιρεμάτων Κυρίου ἀπὸ πάντων ἐπιδεκάτων ὑμῶν ὅσα ἐὰν λάβητε παρὰ τῶν υἱῶν Ἰσραήλ, καὶ δώσετε ἀπ᾽ αὐτῶν ἀφαίρεμα Ἀαρὼν τῷ ἱερεῖ.",28,ܗܟܢܐ ܦܪܘܫܘ ܐܦ ܐܢܬܘܢ ܦܘܪܫܢܐ ܠܡܪܝܐ . ܡܢ ܟܠܗܘܢ ܡܥܣܪ̈ܝܟܘܢ ܕܢ̇ܣܒܝܢ ܐܢܬܘܢ ܡܢ ܒܢ̈ܝ ܐܝܣܪܝܠ. ܘܗܒܘ ܡܢܗܘܢ ܦܘܪܫܢܐ ܠܡܪܝܐ . ܠܐܗܪܘܢ ܟܗܢܐ ܘܠܒ̈ܢܘܗܝ.,23,"Assim fareis ao Senhor uma oferta alçada de todos os vossos dízimos, que receberdes dos filhos de Israel; e desses dízimos dareis a oferta alçada do Senhor a Arão, o sacerdote.",31,True,True,True
18,29,Números 18:29,מִכֹּל֙ מַתְּנֹ֣תֵיכֶ֔ם תָּרִ֕ימוּ אֵ֖ת כָּל־ תְּרוּמַ֣ת יְהוָ֑ה מִכָּל־ חֶלְבּ֔וֹ אֶֽת־ מִקְדְּשׁ֖וֹ מִמֶּֽנּוּ ׃,מכל מתנתיכמ תרימו את כל תרומת יהוה מכל חלבו את מקדשו ממנו,13,מכל מתנתכון תפרשון ית כל אפרשותא דיי מכל שופריה ית מקדשיה מניה:,12,"ἀπὸ πάντων τῶν δομάτων ὑμῶν ἀφελεῖτε ἀφαίρεμα Κυρίῳ, ἢ ἀπὸ πάντων τῶν ἀπαρχῶν τὸ ἡγιασμένον ἀπ᾽ αὐτοῦ.",17,ܡܢ ܟܘܠܗܝܢ ܡܘܗ̈ܒܬܟܘܢ. ܦܪܘܫܘ ܟܠܗ ܦܘܪܫܢܐ ܠܡܪܝܐ . ܡܢ ܟܘܠܗ ܫܘܡܢܐ ܡܩܕܫܗ ܡܢܗ.,13,"De todas as dádivas que vos forem feitas, oferecereis, do melhor delas, toda a oferta alçada do Senhor, a sua santa parte.",22,True,True,True
18,30,Números 18:30,וְאָמַרְתָּ֖ אֲלֵהֶ֑ם בַּהֲרִֽימְכֶ֤ם אֶת־ חֶלְבּוֹ֙ מִמֶּ֔נּוּ וְנֶחְשַׁב֙ לַלְוִיִּ֔ם כִּתְבוּאַ֥ת גֹּ֖רֶן וְכִתְבוּאַ֥ת יָֽקֶב ׃,ואמרת אלהמ בהרימכמ את חלבו ממנו ונחשב ללוימ כתבואת גרנ וכתבואת יקב,13,ותימר להון באפרשותכון ית שופריה מניה ויתחשב ללואי כעללת אדרא וכעללת מעצרתא:,12,"καὶ ἐρεῖς πρὸς αὐτούς Ὅταν ἀφαιρῆτε τὴν ἀπαρχὴν ἀπ᾽ αὐτοῦ, καὶ λογισθήσεται τοῖς Λευείταις ὡς γένημα ἀπὸ ἅλω καὶ ὡς γένημα ἀπὸ ληνοῦ",23,ܘܐܡܪ ܠܗܘܢ ܡܐ ܕܦ̇ܪܫܝܢ ܐܢܬܘܢ ܫܘܡܢܗ ܡܢܗ. ܢܬܚܫܒ ܠܠܘ̈ܝܐ ܐܝܟ ܥܠܠܬܐ ܕܐܕܪܐ. ܘܐܝܟ ܥܠܠܬܐ ܕܡܥܨܪܬܐ.,15,"Portanto lhes dirás: Quando fizerdes oferta alçada do melhor dos dízimos, será ela computada aos levitas, como a novidade da eira e como a novidade do lagar.",27,True,True,True
18,31,Números 18:31,וַאֲכַלְתֶּ֤ם אֹתוֹ֙ בְּכָל־ מָק֔וֹם אַתֶּ֖ם וּבֵֽיתְכֶ֑ם כִּֽי־ שָׂכָ֥ר הוּא֙ לָכֶ֔ם חֵ֥לֶף עֲבֹֽדַתְכֶ֖ם בְּאֹ֥הֶל מוֹעֵֽד ׃,ואכלתמ אתו בכל מקומ אתמ וביתכמ כי שכר הוא לכמ חלפ עבדתכמ באהל מועד,15,ותיכלון יתיה בכל אתר אתון ואנש בתיכון ארי אגרא הוא לכון חלף פלחנכון במשכן זמנא:,15,"καὶ ἔδεσθε αὐτὸ ἐν παντὶ τόπῳ ὑμεῖς καὶ οἱ οἶκοι ὑμῶν, ὅτι μισθὸς οὗτος ὑμῖν ἐστιν ἀντὶ τῶν λειτουργιῶν ὑμῶν τῶν ἐν τῇ σκηνῇ τοῦ μαρτυρίου·",26,ܘܐܘܟܠܘܗܝ ܒܟܘܠ ܐܬܪ ܐܢܬܘܢ ܘܐܢܫ̈ܝ ܒܬ̈ܝܟܘܢ. ܡܛܠ ܕܗܢܐ ܗܘ ܐܓܪܟܘܢ ܚܠܦ ܦܘܠܚܢܟܘܢ ܕܒܡܫܟܢ ܙܒܢܐ .,15,"E o comereis em qualquer lugar, vós e as vossas famílias; porque é a vossa recompensa pelo vosso serviço na tenda da revelação.",23,True,True,True
18,32,Números 18:32,וְלֹֽא־ תִשְׂא֤וּ עָלָיו֙ חֵ֔טְא בַּהֲרִֽימְכֶ֥ם אֶת־ חֶלְבּ֖וֹ מִמֶּ֑נּוּ וְאֶת־ קָדְשֵׁ֧י בְנֵי־ יִשְׂרָאֵ֛ל לֹ֥א תְחַלְּל֖וּ וְלֹ֥א תָמֽוּתוּ ׃ פ,ולא תשאו עליו חטא בהרימכמ את חלבו ממנו ואת קדשי בני ישראל לא תחללו ולא תמותו פ,18,ולא תקבלון עלוהי חובא באפרשותכון ית שופריה מניה וית קודשיא דבני ישראל לא תחלון ולא תמותון:,16,"καὶ οὐ λήμψεσθε δι᾽ αὐτὸ ἁμαρτίαν, ὅτι ἂν ἀφαιρῆτε τὴν ἀπαρχὴν ἀπ᾽ αὐτοῦ· καὶ τὰ ἅγια τῶν υἱῶν Ἰσραὴλ οὐ βεβηλώσετε, ἵνα μὴ ἀποθάνητε.",24,ܘܠܐ ܬܩܒܠܘܢ ܥܠܘܗܝ ܚܛܗܐ. ܡܐ ܕܦ̇ܪܫܝܢ ܐܢܬܘܢ ܫܘܡܢܗ ܡܢܗ. ܘܩ̈ܘܕܫܐ ܕܒܢ̈ܝ ܐܝܣܪܝܠ ܠܐ ܬܛܘܫܘܢ ܕܠܐ ܬܡܘܬܘܢ.,16,"Pelo que não levareis sobre vós pecado, se tiverdes alçado o que deles há de melhor; e não profanareis as coisas sagradas dos filhos de Israel, para que não morrais.",30,True,True,True
19,1,Números 19:1,וַיְדַבֵּ֣ר יְהוָ֔ה אֶל־ מֹשֶׁ֥ה וְאֶֽל־ אַהֲרֹ֖ן לֵאמֹֽר ׃,וידבר יהוה אל משה ואל אהרנ לאמר,8,ומליל יי עם משה ועם אהרן למימר:,7,Καὶ ἐλάλησεν Κύριος πρὸς Μωυσῆν καὶ Ἀαρὼν λέγων,8,ܘܡܠܠ ܡܪܝܐ ܥܡ ܡܘܫܐ ܘܥܡ ܐܗܪܘܢ ܘܐܡܪ ܠܗܘܢ.,8,Disse mais o Senhor a Moisés e a Arão:,9,True,True,True
19,2,Números 19:2,זֹ֚את חֻקַּ֣ת הַתּוֹרָ֔ה אֲשֶׁר־ צִוָּ֥ה יְהוָ֖ה לֵאמֹ֑ר דַּבֵּ֣ר ׀ אֶל־ בְּנֵ֣י יִשְׂרָאֵ֗ל וְיִקְח֣וּ אֵלֶיךָ֩ פָרָ֨ה אֲדֻמָּ֜ה תְּמִימָ֗ה אֲשֶׁ֤ר אֵֽין־ בָּהּ֙ מ֔וּם אֲשֶׁ֛ר לֹא־ עָלָ֥ה עָלֶ֖יהָ עֹֽל ׃,זאת חקת התורה אשר צוה יהוה לאמר דבר אל בני ישראל ויקחו אליכ פרה אדמה תמימה אשר אינ בה מומ אשר לא עלה עליה על,27,דא גזרת אוריתא די פקיד יי למימר מלל עם בני ישראל ויסבון לך תורתא סמוקתא שלמתא די לית בה מומא די לא סליק עלה נירא:,25,"Αὕτη ἡ διαστολὴ τοῦ νόμου, ὅσα συνέταξεν Κύριος λέγων Λάλησον τοῖς υἱοῖς Ἰσραήλ, καὶ λαβέτωσαν πρὸς σὲ δάμαλιν πυρρὰν ἄμωμον, ἥτις οὐκ ἔχει ἐν αὐτῇ μῶμον καὶ ᾗ οὐκ ἐπεβλήθη ἐπ᾽ αὐτὴν ζυγός.",33,ܗܢܘ ܦܘܩܕܢܐ ܕܢܡܘܣܐ ܕܦܩܕ ܡܪܝܐ ܘܐܡܪ. ܐܡܪ ܠܒ̈ܢܝ ܐܝܣܪܝܠ. ܢܝܬܘܢ ܠܟ ܬܘܪܬܐ ܣܘܡܩܬܐ ܫܠܡܬܐ ܕܠܝܬ ܒܗ̇ ܡܘܡܐ. ܕܠܐ ܢܦܠ ܥܠܝܗ̇ ܢܝܪܐ.,21,"Este é o estatuto da lei que o Senhor ordenou, dizendo: Dize aos filhos de Israel que te tragam uma novilha vermelha sem defeito, que não tenha mancha, e sobre a qual não se tenha posto jugo:",37,True,True,True
19,3,Números 19:3,וּנְתַתֶּ֣ם אֹתָ֔הּ אֶל־ אֶלְעָזָ֖ר הַכֹּהֵ֑ן וְהוֹצִ֤יא אֹתָהּ֙ אֶל־ מִח֣וּץ לַֽמַּחֲנֶ֔ה וְשָׁחַ֥ט אֹתָ֖הּ לְפָנָֽיו ׃,ונתתמ אתה אל אלעזר הכהנ והוציא אתה אל מחוצ למחנה ושחט אתה לפניו,14,ותתנון יתה לאלעזר כהנא ויפק יתה למברא למשריתא ויכוס יתה קדמוהי:,11,"καὶ δώσεις αὐτὴν πρὸς Ἐλεαζὰρ τὸν ἱερέα· καὶ ἐξάξουσιν αὐτὴν ἔξω τῆς παρεμβολῆς εἰς τόπον καθαρόν, καὶ σφάξουσιν αὐτὴν ἐνώπιον αὐτοῦ·",21,ܘܗܒܘܗ̇ ܠܐܠܝܥܙܪ ܟܗܢܐ. ܘܢܦܩܝܗ̇ ܠܒܪ ܡܢ ܡܫܪܝܬܐ. ܘܢܟܣܝܗ̇ ܩܕܡܘܗܝ.,9,"Entregá-la-eis a Eleazar, o sacerdote; ele a tirará para fora do arraial, e a imolarão diante dele.",17,True,True,True
19,4,Números 19:4,וְלָקַ֞ח אֶלְעָזָ֧ר הַכֹּהֵ֛ן מִדָּמָ֖הּ בְּאֶצְבָּע֑וֹ וְהִזָּ֞ה אֶל־ נֹ֨כַח פְּנֵ֧י אֹֽהֶל־ מוֹעֵ֛ד מִדָּמָ֖הּ שֶׁ֥בַע פְּעָמִֽים ׃,ולקח אלעזר הכהנ מדמה באצבעו והזה אל נכח פני אהל מועד מדמה שבע פעמימ,15,ויסב אלעזר כהנא מדמה באצבעיה וידי לקבל אפי משכן זמנא מדמה שבע זמנין:,13,"καὶ λήμψεται Ἐλεαζὰρ ἀπὸ τοῦ αἵματος αὐτῆς, καὶ ῥανεῖ ἀπέναντι τοῦ προσώπου τῆς σκηνῆς τοῦ μαρτυρίου ἀπὸ τοῦ αἵματος αὐτῆς ἑπτάκις.",21,ܘܢܣܒ ܐܠܝܥܙܪ ܟܗܢܐ ܡܢ ܕܡܗ̇ ܒܨܒܥܗ. ܘܢܪܘܣ ܠܘܩܒܠ ܐ̈ܦܝ ܡܫܟܢ ܙܒܢܐ ܡܢ ܕܡܗ̇ ܫܒܥ ܙܒ̈ܢܝܢ.,15,"Eleazar, o sacerdote, tomará do sangue com o dedo, e dele espargirá para a frente da tenda da revelação sete vezes.",21,True,True,True
19,5,Números 19:5,וְשָׂרַ֥ף אֶת־ הַפָּרָ֖ה לְעֵינָ֑יו אֶת־ עֹרָ֤הּ וְאֶת־ בְּשָׂרָהּ֙ וְאֶת־ דָּמָ֔הּ עַל־ פִּרְשָׁ֖הּ יִשְׂרֹֽף ׃,ושרפ את הפרה לעיניו את ערה ואת בשרה ואת דמה על פרשה ישרפ,14,ויוקד ית תורתא לעינוהי ית משכה וית בשרה וית דמה על אכלה יוקד:,13,καὶ κατακαύσουσιν αὐτὴν ἐναντίον αὐτοῦ· καὶ τὸ δέρμα καὶ τὰ κρέα αὐτῆς καὶ τὸ αἷμα αὐτῆς σὺν τῇ κόπρῳ αὐτῆς κατακαυθήσεται.,21,ܘܢܘܩܕܝܗ̇ ܠܬܘܪܬܐ ܩܕܡܘܗܝ. ܘܡܫܟܗ̇ ܘܕܡܗ̇ ܘܒܣܪܗ̇ ܥܡ ܦܪܬܗ̇ ܢܘܩܕ.,9,"Então à vista dele se queimará a novilha, tanto o couro e a carne, como o sangue e o excremento;",20,True,True,True
19,6,Números 19:6,וְלָקַ֣ח הַכֹּהֵ֗ן עֵ֥ץ אֶ֛רֶז וְאֵז֖וֹב וּשְׁנִ֣י תוֹלָ֑עַת וְהִשְׁלִ֕יךְ אֶל־ תּ֖וֹךְ שְׂרֵפַ֥ת הַפָּרָֽה ׃,ולקח הכהנ עצ ארז ואזוב ושני תולעת והשליכ אל תוכ שרפת הפרה,13,ויסב כהנא אעא דארזא ואזובא וצבע זהורי וירמי לגו יקידת תורתא:,11,"καὶ λήμψεται ὁ ἱερεὺς ξύλον κέδρινον καὶ ὕσσωπον καὶ κόκκινον, καὶ ἐμβαλοῦσιν εἰς μέσον τοῦ κατακαύματος τῆς δαμάλεως.",18,ܘܢܣܒ ܟܗܢܐ ܩܝܣܐ ܕܐܪܙܐ ܘܙܘܦܐ ܘܨܘܒܥܐ ܕܙܚܘܪܝܬܐ. ܘܢܪܡܐ ܒܓܘ ܝܩܕܢܗ̇ ܕܬܘܪܬܐ.,11,"e o sacerdote, tomando pau do cedro, hissopo e carmesim, os lançará no meio do fogo que queima a novilha.",20,True,True,True
19,7,Números 19:7,וְכִבֶּ֨ס בְּגָדָ֜יו הַכֹּהֵ֗ן וְרָחַ֤ץ בְּשָׂרוֹ֙ בַּמַּ֔יִם וְאַחַ֖ר יָב֣וֹא אֶל־ הַֽמַּחֲנֶ֑ה וְטָמֵ֥א הַכֹּהֵ֖ן עַד־ הָעָֽרֶב ׃,וכבס בגדיו הכהנ ורחצ בשרו במימ ואחר יבוא אל המחנה וטמא הכהנ עד הערב,15,ויצבע לבושוהי כהנא ויסחי בשריה במיא ובתר כן יעול למשריתא ויהי מסאב כהנא עד רמשא:,15,"καὶ πλυνεῖ τὰ ἱμάτια αὐτοῦ ὁ ἱερεὺς καὶ λούσεται τὸ σῶμα αὐτοῦ ὕδατι, καὶ μετὰ ταῦτα εἰσελεύσεται εἰς τὴν παρεμβολήν· καὶ ἀκάθαρτος ἔσται ὁ ἱερεὺς ἕως ἑσπέρας.",27,ܘܢܚܠܠ ܡܐ̈ܢܘܗܝ ܟܗܢܐ ܘܢܣܚܐ ܒܣܪܗ ܒܡ̈ܝܐ. ܘܗܝܕܝܢ ܢܥܘܠ ܠܡܫܪܝܬܐ. ܘܢܗܘܐ ܛܡܐ ܟܗܢܐ ܥܕܡܐ ܠܪܡܫܐ.,14,Então o sacerdote lavará as suas vestes e banhará o seu corpo em água; depois entrará no arraial; e o sacerdote será imundo até a tarde.,26,True,True,True
19,8,Números 19:8,וְהַשֹּׂרֵ֣ף אֹתָ֔הּ יְכַבֵּ֤ס בְּגָדָיו֙ בַּמַּ֔יִם וְרָחַ֥ץ בְּשָׂר֖וֹ בַּמָּ֑יִם וְטָמֵ֖א עַד־ הָעָֽרֶב ׃,והשרפ אתה יכבס בגדיו במימ ורחצ בשרו במימ וטמא עד הערב,12,ודמוקד יתה יצבע לבושוהי במיא ויסחי בשריה במיא ויהי מסאב עד רמשא:,12,"καὶ ὁ κατακαίων αὐτὴν πλυνεῖ τὰ ἱμάτια αὐτοῦ καὶ λούσεται τὸ σῶμα αὐτοῦ, καὶ ἀκάθαρτος ἔσται ἕως ἑσπέρας.",18,ܘܡ̇ܢ ܕܡܘܩܕ ܠܗ̇ ܠܬܘܪܬܐ. ܢܚܠܠ ܡܐ̈ܢܘܗܝ ܘܢܣܚܐ ܒܣܪܗ ܒܡ̈ܝܐ. ܘܢܗܘܐ ܛܡܐ ܥܕܡܐ ܠܪܡܫܐ.,13,"Também o que a tiver queimado lavará as suas vestes e banhará o seu corpo em água, e será imundo até a tarde.",23,True,True,True
19,9,Números 19:9,וְאָסַ֣ף ׀ אִ֣ישׁ טָה֗וֹר אֵ֚ת אֵ֣פֶר הַפָּרָ֔ה וְהִנִּ֛יחַ מִח֥וּץ לַֽמַּחֲנֶ֖ה בְּמָק֣וֹם טָה֑וֹר וְ֠הָיְתָה לַעֲדַ֨ת בְּנֵֽי־ יִשְׂרָאֵ֧ל לְמִשְׁמֶ֛רֶת לְמֵ֥י נִדָּ֖ה חַטָּ֥את הִֽוא ׃,ואספ איש טהור את אפר הפרה והניח מחוצ למחנה במקומ טהור והיתה לעדת בני ישראל למשמרת למי נדה חטאת הוא,22,ויכנוש גבר דכי ית קטמא דתורתא ויצנע למברא למשריתא באתר דכי ותהי לכנשתא דבני ישראל למטרא למי אדיותא חטאתא היא:,20,"καὶ συνάξει ἄνθρωπος καθαρὸς τὴν σποδὸν τῆς δαμάλεως καὶ ἀποθήσει ἔξω τῆς παρεμβολῆς εἰς τόπον καθαρόν. καὶ ἔσται τῇ συναγωγῇ υἱῶν Ἰσραὴλ εἰς διατήρησιν· ὕδωρ ῥαντισμοῦ, ἅγνισμά ἐστιν.",28,ܘܢܟܢܘܫ ܓܒܪܐ ܕܕܟܐ ܩܛܡܗ̇ ܕܬܘܪܬܐ. ܘܢܪܡܝܘܗܝ ܠܒܪ ܡܢ ܡܫܪܝܬܐ. ܒܐܬܪܐ ܕܕܟܐ. ܘܢܗܘܐ ܢܛܝܪ ܠܟܠܗ̇ ܟܢܘܫܬܐ ܕܒܢ̈ܝ ܐܝܣܪܝܠ. ܠܡܛܪܬܐ ܠܡ̈ܝܐ ܕܪܣܣܐ ܡܛܠ ܕܚܛܗܐ ܗܘ.,23,"E um homem limpo recolherá a cinza da novilha, e a depositará fora do arraial, num lugar limpo, e ficará ela guardada para a congregação dos filhos de Israel, para a água de purificação; é oferta pelo pecado.",38,True,True,True
19,10,Números 19:10,וְ֠כִבֶּס הָאֹסֵ֨ף אֶת־ אֵ֤פֶר הַפָּרָה֙ אֶת־ בְּגָדָ֔יו וְטָמֵ֖א עַד־ הָעָ֑רֶב וְֽהָיְתָ֞ה לִבְנֵ֣י יִשְׂרָאֵ֗ל וְלַגֵּ֛ר הַגָּ֥ר בְּתוֹכָ֖ם לְחֻקַּ֥ת עוֹלָֽם ׃,וכבס האספ את אפר הפרה את בגדיו וטמא עד הערב והיתה לבני ישראל ולגר הגר בתוכמ לחקת עולמ,19,ויצבע דכניש ית קטמא דתורתא ית לבושוהי ויהי מסאב עד רמשא ותהי לבני ישראל ולגיוריא דיתגירון ביניהון לקים עלם:,19,"καὶ πλυνεῖ τὰ ἱμάτια ὁ συνάγων τὴν σποδιὰν τῆς δαμάλεως, καὶ ἀκάθαρτος ἔσται ἕως ἑσπέρας· καὶ ἔσται τοῖς υἱοῖς Ἰσραὴλ καὶ τοῖς προσκειμένοις προσηλύτοις νόμιμον αἰώνιον.",26,ܘܢܚܠܠ ܡܐ̈ܢܘܗܝ ܗ̇ܘ ܕܟ̇ܢܫ ܩܛܡܗ̇ ܕܬܘܪܬܐ. ܘܢܗܘܐ ܛܡܐ ܥܕܡܐ ܠܪܡܫܐ. ܘܢܗܘܐ ܠܒ̈ܢܝ ܐܝܣܪܝܠ ܘܠܐܝܠܝܢ ܕܡܬܦܢܝܢ ܠܘܬܝ ܕܥ̇ܡܪܝܢ ܒܝܢܬܟܘܢ. ܢܡܘܣܐ ܠܥܠܡ.,20,E o que recolher a cinza da novilha lavará as suas vestes e será imundo até a tarde; isto será por estatuto perpétuo aos filhos de Israel e ao estrangeiro que peregrina entre eles.,34,True,True,True
19,11,Números 19:11,הַנֹּגֵ֥עַ בְּמֵ֖ת לְכָל־ נֶ֣פֶשׁ אָדָ֑ם וְטָמֵ֖א שִׁבְעַ֥ת יָמִֽים ׃,הנגע במת לכל נפש אדמ וטמא שבעת ימימ,9,דיקרב במתא לכל נפשא דאנשא ויהי מסאב שבעא יומין:,9,Ὁ ἁπτόμενος τοῦ τεθνηκότος πάσης ψυχῆς ἀνθρώπου ἀκάθαρτος ἔσται ἑπτὰ ἡμέρας·,11,ܘܡ̇ܢ ܕܩ̇ܪܒ ܠܡܝܬܐ ܕܟܠ ܢܦܫܐ ܕܐܢܫܐ. ܢܗܘܐ ܛܡܐ ܫܒܥܐ ܝܘܡ̈ܝܢ.,10,"Aquele que tocar o cadáver de algum homem, será imundo sete dias.",12,True,True,True
19,12,Números 19:12,ה֣וּא יִתְחַטָּא־ ב֞וֹ בַּיּ֧וֹם הַשְּׁלִישִׁ֛י וּבַיּ֥וֹם הַשְּׁבִיעִ֖י יִטְהָ֑ר וְאִם־ לֹ֨א יִתְחַטָּ֜א בַּיּ֧וֹם הַשְּׁלִישִׁ֛י וּבַיּ֥וֹם הַשְּׁבִיעִ֖י לֹ֥א יִטְהָֽר ׃,הוא יתחטא בו ביומ השלישי וביומ השביעי יטהר ואמ לא יתחטא ביומ השלישי וביומ השביעי לא יטהר,18,הוא ידי עלוהי ביומא תליתאה וביומא שביעאה ידכי ואם לא ידי עלוהי ביומא תליתאה וביומא שביעאה לא ידכי:,18,"οὗτος ἁγνισθήσεται τῇ ἡμέρᾳ τῇ τρίτῃ καὶ τῇ ἡμέρᾳ τῇ ἑβδόμῃ, καὶ καθαρὸς ἔσται· ἐὰν δὲ μὴ ἀφαγνισθῇ τῇ ἡμέρᾳ τῇ τρίτῃ καὶ τῇ ἡμέρᾳ τῇ ἑβδόμῃ, οὐ καθαρὸς ἔσται.",30,ܘܢܪܘܣ ܥܠܘܗܝ ܒܝܘܡܐ ܕܬܠܬܐ ܘܒܝܘܡܐ ܕܫܒܥܐ ܘܢܬܕܟܐ. ܘܐܠܐ ܢܪܘܣ ܥܠܘܗܝ ܒܝܘܡܐ ܕܬܠܬܐ ܘܒܝܘܡܐ ܕܫܒܥܐ ܠܐ ܢܬܕܟܐ.,16,"Ao terceiro dia o mesmo se purificará com aquela água, e ao sétimo dia se tornará limpo; mas, se ao terceiro dia não se purificar, não se tornará limpo ao sétimo dia.",32,True,True,True
19,13,Números 19:13,כָּֽל־ הַנֹּגֵ֡עַ בְּמֵ֣ת בְּנֶפֶשׁ֩ הָאָדָ֨ם אֲשֶׁר־ יָמ֜וּת וְלֹ֣א יִתְחַטָּ֗א אֶת־ מִשְׁכַּ֤ן יְהוָה֙ טִמֵּ֔א וְנִכְרְתָ֛ה הַנֶּ֥פֶשׁ הַהִ֖וא מִיִּשְׂרָאֵ֑ל כִּי֩ מֵ֨י נִדָּ֜ה לֹא־ זֹרַ֤ק עָלָיו֙ טָמֵ֣א יִהְיֶ֔ה ע֖וֹד טֻמְאָת֥וֹ בֽוֹ ׃,כל הנגע במת בנפש האדמ אשר ימות ולא יתחטא את משכנ יהוה טמא ונכרתה הנפש ההוא מישראל כי מי נדה לא זרק עליו טמא יהיה עוד טמאתו בו,29,כל דיקרב במיתא בנפשא דאנשא די ימות ולא ידי עלוהי ית משכנא דיי סאב וישתצי אנשא ההוא מישראל ארי מי אדיותא לא אזדריקו עלוהי מסאב יהי עוד סאובתיה ביה:,29,"πᾶς ὁ ἁπτόμενος τοῦ τεθνηκότος ἀπὸ ψυχῆς ἀνθρώπου, ἐὰν ἀποθάνῃ καὶ μὴ ἀφαγνισθῇ, τὴν σκηνὴν Κυρίου ἐμίανεν· ἐκτριβήσεται ἡ ψυχὴ ἐκείνη ἐξ Ἰσραήλ, ὅτι ὕδωρ ῥαντισμοῦ οὐ περιεραντίσθη ἐπ᾽ αὐτόν· ἀκάθαρτός ἐστιν, ἔτι ἡ ἀκαθαρσία αὐτοῦ ἐν αὐτῷ ἐστιν.",39,ܘܟܘܠ ܕܢܩܪܘܒ ܠܡܝܬܐ ܕܟܠ ܢܦܫܐ ܕܐܢܫܐ ܕܢܡܘܬ. ܘܠܐ ܢܪܘܣ ܥܠܘܗܝ. ܠܡܫܟܢܗ ܕܡܪܝܐ ܛܡܐ. ܬܐܒܕ ܢܦܫܐ ܗ̇ܝ ܡܢ ܐܝܣܪܝܠ. ܡܛܘܠ ܕܡ̈ܝܐ ܕܪܣܣܐ ܠܐ ܪܣ ܥܠܘܗܝ. ܬܘܒ ܢܗܘܐ ܛܡܐ ܘܛܡܐܘܬܗ ܒܗ.,29,"Todo aquele que tocar o cadáver de algum homem que tenha morrido, e não se purificar, contamina o tabernáculo do Senhor; e essa alma será extirpada de Israel; porque a água da purificação não foi espargida sobre ele, continua imundo; a sua imundícia está ainda sobre ele.",47,True,True,True
19,14,Números 19:14,זֹ֚את הַתּוֹרָ֔ה אָדָ֖ם כִּֽי־ יָמ֣וּת בְּאֹ֑הֶל כָּל־ הַבָּ֤א אֶל־ הָאֹ֨הֶל֙ וְכָל־ אֲשֶׁ֣ר בָּאֹ֔הֶל יִטְמָ֖א שִׁבְעַ֥ת יָמִֽים ׃,זאת התורה אדמ כי ימות באהל כל הבא אל האהל וכל אשר באהל יטמא שבעת ימימ,17,דא אוריתא אנש ארי ימות במשכנא כל דעלל למשכנא וכל די במשכנא יהי מסאב שבעא יומין:,16,"καὶ οὗτος ὁ νόμος· ἄνθρωπος ἐὰν ἀποθάνῃ ἐν τῇ οἰκίᾳ, πᾶς ὁ εἰσπορευόμενος εἰς τὴν οἰκίαν καὶ ὅσα ἐστὶν ἐν τῇ οἰκίᾳ ἀκάθαρτα ἔσται ἑπτὰ ἡμέρας·",26,ܗܢܘ ܢܡܘܣܐ ܕܐܢܫܐ ܟܕ ܢܡܘܬ ܒܡܫܟܢܐ. ܟܠ ܕܥ̇ܐܠ ܠܡܫܟܢܐ. ܘܟܠ ܕܒܡܫܟܢܐ ܗܘ ܢܗܘܐ ܛܡܐ ܫܒܥܐ ܝܘܡ̈ܝܢ.,16,"Esta é a lei, quando um homem morrer numa tenda: todo aquele que entrar na tenda, e todo aquele que nela estiver, será imundo sete dias.",26,True,True,True
19,15,Números 19:15,וְכֹל֙ כְּלִ֣י פָת֔וּחַ אֲשֶׁ֛ר אֵין־ צָמִ֥יד פָּתִ֖יל עָלָ֑יו טָמֵ֖א הֽוּא ׃,וכל כלי פתוח אשר אינ צמיד פתיל עליו טמא הוא,11,וכל מן דחסף פתיח דלית מגופת שייע מקף עלוהי מסאב הוא:,11,"καὶ πᾶν σκεῦος ἀνεῳγμένον, ὅσα οὐχὶ δεσμὸν καταδέδεται ἐν αὐτῷ, ἀκάθαρτά ἐστιν.",12,ܘܟܠ ܡܐܢܐ ܕܦܬܝܚ . ܘܠܐ ܗܘܐ ܫܝܥ ܛܡܐ ܗܘ.,9,"Também, todo vaso aberto, sobre que não houver pano atado, será imundo.",12,True,True,True
19,16,Números 19:16,וְכֹ֨ל אֲשֶׁר־ יִגַּ֜ע עַל־ פְּנֵ֣י הַשָּׂדֶ֗ה בַּֽחֲלַל־ חֶ֨רֶב֙ א֣וֹ בְמֵ֔ת אֽוֹ־ בְעֶ֥צֶם אָדָ֖ם א֣וֹ בְקָ֑בֶר יִטְמָ֖א שִׁבְעַ֥ת יָמִֽים ׃,וכל אשר יגע על פני השדה בחלל חרב או במת או בעצמ אדמ או בקבר יטמא שבעת ימימ,19,וכל די יקרב על אפי חקלא בקטל חרבא או במתא או בגרמא דאנשא או בקברא יהי מסאב שבעא יומין:,19,"καὶ πᾶς ὃς ἐὰν ἅψηται ἐπὶ προσώπου τοῦ πεδίου τραυματίου ἢ νεκροῦ ἢ ὀστέου ἀνθρωπίνου ἢ μνήματος, ἑπτὰ ἡμέρας ἀκάθαρτος ἔσται.",21,ܘܟܠ ܕܢܩܪܘܒ ܠܐ̈ܦܝ ܚܩܠܐ ܠܩܛܝܠܐ ܕܚܪܒܐ. ܐܘ ܠܡܝܬܐ ܐܘ ܠܓܪܡܐ. ܕܐܢܫܐ ܐܘ ܠܩܒܪܐ. ܢܗܘܐ ܛܡܐ ܫܒܥܐ ܝܘܡ̈ܝܢ.,17,"E todo aquele que no campo tocar alguém que tenha sido morto pela espada, ou outro cadáver, ou um osso de algum homem, ou uma sepultura, será imundo sete dias.",30,True,True,True
19,17,Números 19:17,וְלָֽקְחוּ֙ לַטָּמֵ֔א מֵעֲפַ֖ר שְׂרֵפַ֣ת הַֽחַטָּ֑את וְנָתַ֥ן עָלָ֛יו מַ֥יִם חַיִּ֖ים אֶל־ כֶּֽלִי ׃,ולקחו לטמא מעפר שרפת החטאת ונתנ עליו מימ חיימ אל כלי,12,ויסבון לדמסאב מעפר יקדת חטאתא ויתנון עלוהי מי מבוע למן:,10,"καὶ λήμψονται τῷ ἀκαθάρτῳ ἀπὸ τῆς σποδιᾶς τῆς κατακεκαυμένης τοῦ ἁγνισμοῦ, καὶ ἐκχεοῦσιν ἐπ᾽ αὐτὴν ὕδωρ ζῶν εἰς σκεῦος·",19,ܘܢܣܒܘܢ ܠܐܝܢܐ ܕܛܡܐ ܡܢ ܥܦܪܐ ܕܝܩܕܢܐ ܕܚܛܗܐ. ܘܢܪܡܘܢ ܥܠܘܗܝ ܡ̈ܝܐ ܚ̈ܝܐ ܥܠ ܡܐܢܐ.,13,"Para o imundo, pois, tomarão da cinza da queima da oferta pelo pecado, e sobre ela deitarão água viva num vaso;",21,True,True,True
19,18,Números 19:18,וְלָקַ֨ח אֵז֜וֹב וְטָבַ֣ל בַּמַּיִם֮ אִ֣ישׁ טָהוֹר֒ וְהִזָּ֤ה עַל־ הָאֹ֨הֶל֙ וְעַל־ כָּל־ הַכֵּלִ֔ים וְעַל־ הַנְּפָשׁ֖וֹת אֲשֶׁ֣ר הָֽיוּ־ שָׁ֑ם וְעַל־ הַנֹּגֵ֗עַ בַּעֶ֨צֶם֙ א֣וֹ בֶֽחָלָ֔ל א֥וֹ בַמֵּ֖ת א֥וֹ בַקָּֽבֶר ׃,ולקח אזוב וטבל במימ איש טהור והזה על האהל ועל כל הכלימ ועל הנפשות אשר היו שמ ועל הנגע בעצמ או בחלל או במת או בקבר,27,ויסב אזובא ויטבול במיא גבר דכי וידי על משכנא ועל כל מניא ועל נפשתא די הוו תמן ועל דיקרב בגרמא או בקטילא או במיתא או בקברא:,26,"καὶ λήμψεται ὕσσωπον καὶ βάψει εἰς τὸ ὕδωρ ἀνὴρ καθαρός, καὶ περιρανεῖ ἐπὶ τὸν οἶκον καὶ ἐπὶ τὰ σκεύη καὶ ἐπὶ τὰς ψυχάς, ὅσαι ἐὰν ὦσιν ἐκεῖ, καὶ ἐπὶ τὸν ἡμμένον τοῦ ὀστέου τοῦ ἀνθρωπίνου ἢ τοῦ τραυματίου ἢ τοῦ τεθνηκότος ἢ τοῦ μνήματος·",44,ܘܢܣܒ ܙܘܦܐ ܘܢܨܒܘܥ ܒܡ̈ܝܐ ܓܒܪܐ ܕܕܟܐ. ܘܢܪܘܣ ܥܠ ܡܫܟܢܐ ܘܥܠ ܡܐ̈ܢܐ. ܘܥܠ ܟܠ ܢܦܫ̈ܬܐ ܕܐܝܬ ܗ̈ܘܝ ܬܡܢ. ܘܥܠ ܡ̇ܢ ܕܩܪܒ ܠܓܪܡܐ ܐܘ ܠܩܛܝܠܐ. ܐܘ ܠܡܝܬܐ ܐܘ ܠܩܒܪܐ.,27,"e um homem limpo tomará hissopo, e o molhará na água, e a espargirá sobre a tenda, sobre todos os objetos e sobre as pessoas que ali estiverem, como também sobre aquele que tiver tocado o osso, ou o que foi morto, ou o que faleceu, ou a sepultura.",49,True,True,True
19,19,Números 19:19,וְהִזָּ֤ה הַטָּהֹר֙ עַל־ הַטָּמֵ֔א בַּיּ֥וֹם הַשְּׁלִישִׁ֖י וּבַיּ֣וֹם הַשְּׁבִיעִ֑י וְחִטְּאוֹ֙ בַּיּ֣וֹם הַשְּׁבִיעִ֔י וְכִבֶּ֧ס בְּגָדָ֛יו וְרָחַ֥ץ בַּמַּ֖יִם וְטָהֵ֥ר בָּעָֽרֶב ׃,והזה הטהר על הטמא ביומ השלישי וביומ השביעי וחטאו ביומ השביעי וכבס בגדיו ורחצ במימ וטהר בערב,18,וידי דכיא על מסאבא ביומא תליתאה וביומא שביעאה וידכניה ביומא שביעאה ויצבע לבושוהי ויסחי במיא וידכי ברמשא:,17,"καὶ περιρανεῖ ὁ καθαρὸς ἐπὶ τὸν ἀκάθαρτον ἐν τῇ ἡμέρᾳ τῇ τρίτῃ καὶ ἐν τῇ ἡμέρᾳ τῇ ἑβδόμῃ, καὶ ἀφαγνισθήσεται τῇ ἡμέρᾳ τῇ ἑβδόμῃ· καὶ πλυνεῖ τὰ ἱμάτια αὐτοῦ καὶ λούσεται ὕδατι, καὶ ἀκάθαρτος ἔσται ἕως ἑσπέρας.",37,ܢܪܘܣ ܕܟܝܐ ܥܠ ܛܡܐܐ. ܒܝܘܡܐ ܕܬܠܬܐ ܘܒܝܘܡܐ ܕܫܒܥܐ. ܘܢܪܘܣ ܥܠܘܗܝ ܒܝܘܡܐ ܕܫܒܥܐ. ܘܢܚܠܠ ܡܐ̈ܢܘܗܝ ܘܢܣܚܐ ܒܡ̈ܝܐ. ܘܢܬܕܟܐ ܒܪܡܫܐ.,18,"Também o limpo, ao terceiro dia e ao sétimo dia, a espargirá sobre o imundo, e ao sétimo dia o purificará; e o que era imundo lavará as suas vestes, e se banhará em água, e à tarde será limpo.",40,True,True,True
19,20,Números 19:20,וְאִ֤ישׁ אֲשֶׁר־ יִטְמָא֙ וְלֹ֣א יִתְחַטָּ֔א וְנִכְרְתָ֛ה הַנֶּ֥פֶשׁ הַהִ֖וא מִתּ֣וֹךְ הַקָּהָ֑ל כִּי֩ אֶת־ מִקְדַּ֨שׁ יְהוָ֜ה טִמֵּ֗א מֵ֥י נִדָּ֛ה לֹא־ זֹרַ֥ק עָלָ֖יו טָמֵ֥א הֽוּא ׃,ואיש אשר יטמא ולא יתחטא ונכרתה הנפש ההוא מתוכ הקהל כי את מקדש יהוה טמא מי נדה לא זרק עליו טמא הוא,23,וגבר די יסתאב ולא ידי עלוהי וישתצי אנשא ההוא מגו קהלא ארי ית מקדשא דיי סאיב מי אדיותא לא אזדריקו עלוהי מסאב הוא:,23,"καὶ ἄνθρωπος ὃς ἐὰν μιανθῇ καὶ μὴ ἀφαγνισθῇ, ἐξολεθρευθήσεται ἡ ψυχὴ ἐκείνη ἐκ μέσου τῆς συναγωγῆς, ὅτι τὰ ἅγια Κυρίου ἐμίανεν· ὅτι ὕδωρ ῥαντισμοῦ οὐ περιεραντίσθη ἐπ᾽ αὐτόν, ἀκάθαρτός ἐστιν.",30,ܘܓܒܪܐ ܕܢܗܘܐ ܛܡܐ. ܘܠܐ ܢܬܪܣܣ ܥܠܘܗܝ . ܬܐܒܕ ܢܦܫܐ ܗ̇ܝ ܡܢ ܓܘ ܟܢܘܫܬܗ̇. ܡܛܠ ܕܡܩܕܫܗ ܕܡܪܝܐ ܛܡܐ. ܡ̈ܝܐ ܕܪܣܣܐ ܠܐ ܪܣ ܥܠܘܗܝ. ܛܡܐ ܗܘ.,24,"Mas o que estiver imundo e não se purificar, esse será extirpado do meio da assembléia, porquanto contaminou o santuário do Senhor; a água de purificação não foi espargida sobre ele; é imundo.",33,True,True,True
19,21,Números 19:21,וְהָיְתָ֥ה לָּהֶ֖ם לְחֻקַּ֣ת עוֹלָ֑ם וּמַזֵּ֤ה מֵֽי־ הַנִּדָּה֙ יְכַבֵּ֣ס בְּגָדָ֔יו וְהַנֹּגֵ֨עַ֙ בְּמֵ֣י הַנִּדָּ֔ה יִטְמָ֖א עַד־ הָעָֽרֶב ׃,והיתה להמ לחקת עולמ ומזה מי הנדה יכבס בגדיו והנגע במי הנדה יטמא עד הערב,16,ותהי להון לקים עלם ודידי מי אדיותא יצבע לבושוהי ודיקרב במי אדיותא יהי מסאב עד רמשא:,16,"καὶ ἔσται ὑμῖν νόμιμον αἰώνιον· καὶ ὁ περιραίνων ὕδωρ ῥαντισμοῦ πλυνεῖ τὰ ἱμάτια αὐτοῦ, καὶ ὁ ἁπτόμενος τοῦ ὕδατος τοῦ ῥαντισμοῦ ἀκάθαρτος ἔσται ἕως ἑσπέρας·",25,ܘܢܗܘܐ ܠܟܘܢ ܢܡܘܣܐ ܠܥܠܡ. ܘܡ̇ܢ ܕܪܐ̇ܣ ܡ̈ܝܐ ܕܪܣܣܐ. ܢܚܠܠ ܡܐ̈ܢܘܗܝ. ܘܡ̇ܢ ܕܩ̇ܪܒ ܠܡ̈ܝܐ ܕܪܣܣܐ. ܢܗܘܐ ܛܡܐ. ܥܕܡܐ ܠܪܡܫܐ.,18,Isto lhes será por estatuto perpétuo: o que espargir a água de purificação lavará as suas vestes; e o que tocar a água de purificação será imundo até a tarde.,30,True,True,True
19,22,Números 19:22,וְכֹ֛ל אֲשֶׁר־ יִגַּע־ בּ֥וֹ הַטָּמֵ֖א יִטְמָ֑א וְהַנֶּ֥פֶשׁ הַנֹּגַ֖עַת תִּטְמָ֥א עַד־ הָעָֽרֶב ׃ פ,וכל אשר יגע בו הטמא יטמא והנפש הנגעת תטמא עד הערב פ,13,וכל די יקרב ביה מסאבא יהי מסאב ואנש דיקרב ביה יהי מסאב עד רמשא:,14,"καὶ παντὸς οὗ ἐὰν ἅψηται αὐτοῦ ὁ ἀκάθαρτος, ἀκάθαρτον ἔσται, καὶ ἡ ψυχὴ ἡ ἁπτομένη ἀκάθαρτος ἔσται ἕως ἑσπέρας.",19,ܘܟܠ ܕܢܩܪܘܒ ܠܗ ܛܡܐܐ. ܢܗܘܐ ܛܡܐ. ܘܢܦܫܐ ܕܬܩܪܘܒ ܠܗ. ܬܗܘܐ ܛܡܐܐ ܥܕܡܐ ܠܪܡܫܐ.,13,E tudo quanto o imundo tocar também será imundo; e a pessoa que tocar naquilo será imunda até a tarde.,20,True,True,True
20,1,Números 20:1,וַיָּבֹ֣אוּ בְנֵֽי־ יִ֠שְׂרָאֵל כָּל־ הָ֨עֵדָ֤ה מִדְבַּר־ צִן֙ בַּחֹ֣דֶשׁ הָֽרִאשׁ֔וֹן וַיֵּ֥שֶׁב הָעָ֖ם בְּקָדֵ֑שׁ וַתָּ֤מָת שָׁם֙ מִרְיָ֔ם וַתִּקָּבֵ֖ר שָֽׁם ׃,ויבאו בני ישראל כל העדה מדבר צנ בחדש הראשונ וישב העמ בקדש ותמת שמ מרימ ותקבר שמ,18,ואתו בני ישראל כל כנשתא למדברא דצין בירחא קדמאה ויתב עמא ברקם ומיתת תמן מרים ואתקברת תמן:,17,"Καὶ ἦλθον οἱ υἱοὶ Ἰσραήλ, πᾶσα ἡ συναγωγή, εἰς τὴν ἔρημον Σεὶν ἐν τῷ μηνὶ τῷ πρώτῳ, καὶ κατέμεινεν ὁ λαὸς ἐν Καδής· καὶ ἐτελεύτησεν ἐκεῖ Μαριάμ, καὶ ἐτάφη ἐκεῖ.",30,ܘܐܬܘ ܒ̈ܢܝ ܐܝܣܪܝܠ ܟܘܠܗ̇ ܟܢܘܫܬܐ ܠܡܕܒܪܐ ܕܨܝܢ. ܒܝܪܚܐ ܩܕܡܝܐ ܘܝܬܒܘ ܥܡܐ ܒܪܩܡ. ܘܡܝܬܬ ܬܡܢ ܡܪܝܡ. ܘܐܬܩܒܪܬ ܬܡܢ.,17,"Os filhos de Israel, a congregação toda, chegaram ao deserto de Zim no primeiro mês, e o povo ficou em Cades. Ali morreu Miriã, e ali foi sepultada.",28,True,True,True
20,2,Números 20:2,וְלֹא־ הָ֥יָה מַ֖יִם לָעֵדָ֑ה וַיִּקָּ֣הֲל֔וּ עַל־ מֹשֶׁ֖ה וְעַֽל־ אַהֲרֹֽן ׃,ולא היה מימ לעדה ויקהלו על משה ועל אהרנ,10,ולא הוה מיא לכנשתא ואתכנשו על משה ועל אהרן:,9,"καὶ οὐκ ἦν ὕδωρ τῇ συναγωγῇ, καὶ ἠθροίσθησαν ἐπὶ Μωυσῆν καὶ Ἀαρών.",12,ܘܠܝܬ ܗܘܐ ܡ̈ܝܐ ܠܥܡܐ ܕܢܫܬܐ . ܘܐܬܟܢܫܘ ܥܡܐ ܥܠ ܡܘܫܐ ܘܥܠ ܐܗܪܘܢ.,12,"Ora, não havia água para a congregação; pelo que se ajuntaram contra Moisés e Arão.",15,True,True,True
20,3,Números 20:3,וַיָּ֥רֶב הָעָ֖ם עִם־ מֹשֶׁ֑ה וַיֹּאמְר֣וּ לֵאמֹ֔ר וְל֥וּ גָוַ֛עְנוּ בִּגְוַ֥ע אַחֵ֖ינוּ לִפְנֵ֥י יְהוָֽה ׃,וירב העמ עמ משה ויאמרו לאמר ולו גוענו בגוע אחינו לפני יהוה,13,ונצא עמא עם משה ואמרו למימר ולוי דמתנא במותא דאחנא קדם יי:,12,καὶ ἐλοιδορεῖτο ὁ λαὸς πρὸς Μωυσῆν λέγοντες Ὄφελον ἀπεθάνομεν ἐν τῇ ἀπωλίᾳ τῶν ἀδελφῶν ἡμῶν ἔναντι Κυρίου.,17,ܘܢܨܘ ܥܡܐ ܥܡ ܡܘܫܐ ܘܐܡܪܘ ܠܗ . ܐܫܬܘܦ ܕܝܢ ܡܝܬܢ ܒܡܘܬܢܐ ܕܐ̈ܚܝܢ ܩܕܡ ܡܪܝܐ.,14,"E o povo contendeu com Moisés, dizendo: Oxalá tivéssemos perecido quando pereceram nossos irmãos perante o Senhor!",17,True,True,True
20,4,Números 20:4,וְלָמָ֤ה הֲבֵאתֶם֙ אֶת־ קְהַ֣ל יְהוָ֔ה אֶל־ הַמִּדְבָּ֖ר הַזֶּ֑ה לָמ֣וּת שָׁ֔ם אֲנַ֖חְנוּ וּבְעִירֵֽנוּ ׃,ולמה הבאתמ את קהל יהוה אל המדבר הזה למות שמ אנחנו ובעירנו,13,ולמא אעלתון ית קהלא דיי למדברא הדין לממת תמן אנחנא ובעירנא:,11,καὶ ἵνα τί ἀνήγαγες τὴν συναγωγὴν Κυρίου εἰς τὴν ἔρημον ταύτην ἀποκτεῖναι ἡμᾶς καὶ τὰ κτήνη ἡμῶν;,17,ܠܡܢܐ ܐܝܬܝܬܘܢ ܟܢܘܫܬܗ ܕܡܪܝܐ ܠܡܕܒܪܐ ܗܢܐ. ܕܢܡܘܬ ܬܢܢ ܚܢܢ ܘܒܥܝܪ̈ܢ.,10,"Por que trouxestes a congregação do Senhor a este deserto, para que morramos aqui, nós e os nossos animais?",19,True,True,True
20,5,Números 20:5,וְלָמָ֤ה הֶֽעֱלִיתֻ֨נוּ֙ מִמִּצְרַ֔יִם לְהָבִ֣יא אֹתָ֔נוּ אֶל־ הַמָּק֥וֹם הָרָ֖ע הַזֶּ֑ה לֹ֣א ׀ מְק֣וֹם זֶ֗רַע וּתְאֵנָ֤ה וְגֶ֨פֶן֙ וְרִמּ֔וֹן וּמַ֥יִם אַ֖יִן לִשְׁתּֽוֹת ׃,ולמה העליתנו ממצרימ להביא אתנו אל המקומ הרע הזה לא מקומ זרע ותאנה וגפנ ורמונ ומימ אינ לשתות,20,ולמא אסקתונא ממצרים לאיתאה יתנא לאתרא בישא הדין לא אתר כשר לבית זרע ואף לא תינין וגופנין ורמונין ומיא לית למשתי:,21,"καὶ ἵνα τί τοῦτο ἀνήγαγες ἡμᾶς ἐξ Αἰγύπτου παραγενέσθαι εἰς τὸν τόπον τοῦτον; τόπος οὗ οὐ σπείρεται, οὐδὲ συκαῖ οὐδὲ ἄμπελοι οὐδὲ ῥόαι, οὐδὲ ὕδωρ ἐστὶν πιεῖν.",27,ܘܠܡܢܐ ܐܣܩܬܘܢܢ ܡܢ ܡܨܪܝܢ . ܘܐܝܬܝܬܘܢܢ ܠܐܬܪܐ ܗܢܐ ܒܝܫܐ. ܠܐ ܐܬܪܐ ܕܒܝܬ ܙܪܥܐ. ܘܐܦ ܠܐ ܕܓܘ̈ܦܢܐ ܘܬܐ̈ܢܐ ܘܪ̈ܘܡܢܐ. ܘܐܦ ܠܐ ܡ̈ܝܐ ܠܡܫܬܐ.,22,"E por que nos fizestes subir do Egito, para nos trazer a este mau lugar? lugar onde não há semente, nem figos, nem vides, nem romãs, nem mesmo água para beber.",31,True,True,True
20,6,Números 20:6,וַיָּבֹא֩ מֹשֶׁ֨ה וְאַהֲרֹ֜ן מִפְּנֵ֣י הַקָּהָ֗ל אֶל־ פֶּ֨תַח֙ אֹ֣הֶל מוֹעֵ֔ד וַֽיִּפְּל֖וּ עַל־ פְּנֵיהֶ֑ם וַיֵּרָ֥א כְבוֹד־ יְהוָ֖ה אֲלֵיהֶֽם ׃ פ,ויבא משה ואהרנ מפני הקהל אל פתח אהל מועד ויפלו על פניהמ וירא כבוד יהוה אליהמ פ,18,ועל משה ואהרן מן קדם קהלא לתרע משכן זמנא ונפלו על אפיהון ואתגלי יקרא דיי להון:,16,"καὶ ἦλθεν Μωυσῆς καὶ Ἀαρὼν ἀπὸ προσώπου τῆς συναγωγῆς ἐπὶ τὴν θύραν τῆς σκηνῆς τοῦ μαρτυρίου, καὶ ἔπεσαν ἐπὶ πρόσωπον· καὶ ὤφθη ἡ δόξα Κυρίου πρὸς αὐτούς.",27,ܘܐܬܘ ܡܘܫܐ ܘܐܗܪܘܢ ܡܢ ܩܕܡ ܟܢܘܫܬܐ ܠܬܪܥܐ ܕܡܫܟܢܙܒܢܐ. ܘܢܦܠܘ ܥܠ ܐ̈ܦܝܗܘܢ ܘܐܬܓܠܝ ܥܠܝܗܘܢ ܫܘܒܚܗ ܕܡܪܝܐ.,15,"Então Moisés e Arão se foram da presença da assembléia até a porta da tenda da revelação, e se lançaram com o rosto em terra; e a glória do Senhor lhes apareceu.",32,True,True,True
20,7,Números 20:7,וַיְדַבֵּ֥ר יְהוָ֖ה אֶל־ מֹשֶׁ֥ה לֵּאמֹֽר ׃,וידבר יהוה אל משה לאמר,6,ומליל יי עם משה למימר:,5,καὶ ἐλάλησεν Κύριος πρὸς Μωυσῆν λέγων,6,ܘܡܠܠ ܡܪܝܐ ܥܡ ܡܘܫܐ ܘܐܡܪ ܠܗ.,6,E o Senhor disse a Moisés:,6,True,True,True
20,8,Números 20:8,קַ֣ח אֶת־ הַמַּטֶּ֗ה וְהַקְהֵ֤ל אֶת־ הָעֵדָה֙ אַתָּה֙ וְאַהֲרֹ֣ן אָחִ֔יךָ וְדִבַּרְתֶּ֧ם אֶל־ הַסֶּ֛לַע לְעֵינֵיהֶ֖ם וְנָתַ֣ן מֵימָ֑יו וְהוֹצֵאתָ֨ לָהֶ֥ם מַ֨יִם֙ מִן־ הַסֶּ֔לַע וְהִשְׁקִיתָ֥ אֶת־ הָעֵדָ֖ה וְאֶת־ בְּעִירָֽם ׃,קח את המטה והקהל את העדה אתה ואהרנ אחיכ ודברתמ אל הסלע לעיניהמ ונתנ מימיו והוצאת להמ מימ מנ הסלע והשקית את העדה ואת בעירמ,26,סב ית חוטרא ואכנש ית כנשתא את ואהרן אחוך ותמללון עם כיפא לעיניהון ויתן מוהי ותפק להון מיא מן כיפא ותשקי ית כנשתא וית בעירהון:,25,"Λάβε τὴν ῥάβδον, καὶ ἐκκλησίασον τῇ συναγωγῇ σὺ καὶ Ἀαρὼν ὁ ἀδελφός σου, καὶ λαλήσατε πρὸς τὴν πέτραν ἔναντι αὐτῶν, καὶ δώσει τὰ ὕδατα αὐτῆς· καὶ ἐξοίσετε αὐτοῖς ὕδωρ ἐκ τῆς πέτρας, καὶ ποτιεῖτε τὴν συναγωγὴν καὶ τὰ κτήνη αὐτῶν.",40,ܣܒ ܠܟ ܫܒܛܐ ܘܟܢܘܫ ܟܢܘܫܬܐ ܐܢܬ ܘܐܗܪܘܢ ܐܚܘܟ. ܘܡܠܠ ܥܠ ܟܐܦܐ ܠܥܢܝ̈ܗܘܢ ܘܬܬܠ ܡ̈ܝܗ̇. ܘܐܦܩ ܠܗܘܢ ܡ̈ܝܐ ܡܢ ܟܐܦܐ. ܘܐܫܩܐ ܠܟܢܘܫܬܐ ܘܠܒܥܝܪܗܘܢ.,22,"Toma a vara, e ajunta a congregação, tu e Arão, teu irmão, e falai à rocha perante os seus olhos, que ela dê as suas águas. Assim lhes tirarás água da rocha, e darás a beber à congregação e aos seus animais.",42,True,True,True
20,9,Números 20:9,וַיִּקַּ֥ח מֹשֶׁ֛ה אֶת־ הַמַּטֶּ֖ה מִלִּפְנֵ֣י יְהוָ֑ה כַּאֲשֶׁ֖ר צִוָּֽהוּ ׃,ויקח משה את המטה מלפני יהוה כאשר צוהו,9,ונסיב משה ית חוטרא מן קדם יי כמא די פקדיה:,10,"καὶ ἔλαβεν Μωυσῆς τὴν ῥάβδον τὴν ἀπέναντι Κυρίου, καθὰ συνέταξεν Κύριος·",11,ܘܢܣܒ ܡܘܫܐ ܫܒܛܐ ܡܢ ܩܕܡ ܡܪܝܐ ܐܝܟ ܕܦܩܕܗ.,8,"Moisés, pois, tomou a vara de diante do senhor, como este lhe ordenou.",13,True,True,True
20,10,Números 20:10,וַיַּקְהִ֜לוּ מֹשֶׁ֧ה וְאַהֲרֹ֛ן אֶת־ הַקָּהָ֖ל אֶל־ פְּנֵ֣י הַסָּ֑לַע וַיֹּ֣אמֶר לָהֶ֗ם שִׁמְעוּ־ נָא֙ הַמֹּרִ֔ים הֲמִן־ הַסֶּ֣לַע הַזֶּ֔ה נוֹצִ֥יא לָכֶ֖ם מָֽיִם ׃,ויקהלו משה ואהרנ את הקהל אל פני הסלע ויאמר להמ שמעו נא המרימ המנ הסלע הזה נוציא לכמ מימ,20,ואכנישו משה ואהרן ית קהלא לקדם כיפא ואמר להון שמעו כען סרבניא המן כיפא הדין נפק לכון מיא:,18,"καὶ ἐξεκκλησίασεν Μωυσῆς καὶ Ἀαρὼν τὴν συναγωγὴν ἀπέναντι τῆς πέτρας, καὶ εἶπεν πρὸς αὐτούς Ἀκούσατέ μου, οἱ ἀπειθεῖς· μὴ ἐκ τῆς πέτρας ταύτης ἐξάξομεν ὑμῖν ὕδωρ;",26,ܘܟܢܫ ܡܘܫܐ ܘܐܗܪܘܢ ܠܟܘܠܗ̇ ܟܢܘܫܬܐ ܠܘܬ ܟܐܦܐ. ܘܐܡܪ ܠܗܘܢ. ܫܡܥܘ ܗܫܐ ܡܡܪ̈ܡܪܢܐ. ܡܢ ܗܕܐ ܟܐܦܐ ܢܦܩ ܠܟܘܢ ܡ̈ܝܐ.,18,"Moisés e Arão reuniram a assembléia diante da rocha, e Moisés disse-lhes: Ouvi agora, rebeldes! Porventura tiraremos água desta rocha para vós?",22,True,True,True
20,11,Números 20:11,וַיָּ֨רֶם מֹשֶׁ֜ה אֶת־ יָד֗וֹ וַיַּ֧ךְ אֶת־ הַסֶּ֛לַע בְּמַטֵּ֖הוּ פַּעֲמָ֑יִם וַיֵּצְאוּ֙ מַ֣יִם רַבִּ֔ים וַתֵּ֥שְׁתְּ הָעֵדָ֖ה וּבְעִירָֽם ׃ ס,וירמ משה את ידו ויכ את הסלע במטהו פעמימ ויצאו מימ רבימ ותשת העדה ובעירמ ס,17,וארם משה ית ידיה ומחא ית כיפא בחוטריה תרתין זמנין ונפקו מיא סגיאי ושתיאת כנשתא ובעירהון:,16,"καὶ ἐπάρας Μωυσῆς τὴν χεῖρα αὐτοῦ ἐπάταξεν τὴν πέτραν τῇ ῥάβδῳ δίς, καὶ ἐξῆλθεν ὕδωρ πολύ, καὶ ἔπιεν ἡ συναγωγὴ καὶ τὰ κτήνη αὐτῶν.",24,ܘܐܪܝܡ ܡܘܫܐ ܐܝܕܗ. ܘܡܚܗ̇ ܠܟܐܦܐ ܒܫܒܛܗ ܬܪ̈ܬܝܢ ܙܒ̈ܢܝܢ. ܘܢܦܩܘ ܡ̈ܝܐ ܣ̈ܓܝܐܐ. ܘܐܫܬܝܘ ܥܡܐ ܟܠܗ ܘܒܥܝܪ̈ܗܘܢ.,15,"Então Moisés levantou a mão, e feriu a rocha duas vezes com a sua vara, e saiu água copiosamente, e a congregação bebeu, e os seus animais.",27,True,True,True
20,12,Números 20:12,וַיֹּ֣אמֶר יְהוָה֮ אֶל־ מֹשֶׁ֣ה וְאֶֽל־ אַהֲרֹן֒ יַ֚עַן לֹא־ הֶאֱמַנְתֶּ֣ם בִּ֔י לְהַ֨קְדִּישֵׁ֔נִי לְעֵינֵ֖י בְּנֵ֣י יִשְׂרָאֵ֑ל לָכֵ֗ן לֹ֤א תָבִ֨יאוּ֙ אֶת־ הַקָּהָ֣ל הַזֶּ֔ה אֶל־ הָאָ֖רֶץ אֲשֶׁר־ נָתַ֥תִּי לָהֶֽם ׃,ויאמר יהוה אל משה ואל אהרנ יענ לא האמנתמ בי להקדישני לעיני בני ישראל לכנ לא תביאו את הקהל הזה אל הארצ אשר נתתי להמ,26,ואמר יי למשה ולאהרן חלף די לא המנתון במימרי לקדשותי לעיני בני ישראל בכן לא תעלון ית קהלא הדין לארעא די יהבית להון:,23,"καὶ εἶπεν Κύριος πρὸς Μωυσῆν καὶ Ἀαρών Ὅτι οὐκ ἐπιστεύσατε ἁγιάσαι με ἐναντίον υἱῶν Ἰσραήλ, διὰ τοῦτο οὐκ εἰσάξετε ὑμεῖς τὴν συναγωγὴν ταύτην εἰς τὴν γῆν ἣν δέδωκα αὐτοῖς.",29,ܘܐܡܪ ܡܪܝܐ ܠܡܘܫܐ ܘܠܐܗܪܘܢ. ܥܠ ܕܠܐ ܗܝܡܢܬܘܢ ܒܝ ܠܡܩܕܫܘܬܢܝ ܩܕܡ ܒܢ̈ܝ ܐܝܣܪܝܠ. ܡܛܠ ܗܢܐ ܠܐ ܬܥܠܘܢܗ̇ ܠܟܢܘܫܬܐ ܗܕܐ ܠܐܪܥܐ ܕܝܗ̇ܒܬ ܠܗܘܢ.,21,"Pelo que o Senhor disse a Moisés e a Arão: Porquanto não me crestes a mim, para me santificardes diante dos filhos de Israel, por isso não introduzireis esta congregação na terra que lhes dei.",35,True,True,True
20,13,Números 20:13,הֵ֚מָּה מֵ֣י מְרִיבָ֔ה אֲשֶׁר־ רָב֥וּ בְנֵֽי־ יִשְׂרָאֵ֖ל אֶת־ יְהוָ֑ה וַיִּקָּדֵ֖שׁ בָּֽם ׃ ס,המה מי מריבה אשר רבו בני ישראל את יהוה ויקדש במ ס,13,אנון מי מצותא די נצו בני ישראל קדם יי ואתקדש בהון:,11,"τοῦτο ὕδωρ ἀντιλογίας, ὅτι ἐλοιδορήθησαν οἱ υἱοὶ Ἰσραὴλ ἔναντι Κυρίου, καὶ ἡγιάσθη ἐν αὐτοῖς.",14,ܗܠܝܢ ܐܢܘܢ ܡ̈ܝܐ ܕܡܨܘܬܐ. ܕܢܨܘ ܒܢ̈ܝ ܐܝܣܪܝܠ ܩܕܡ ܡܪܝܐ ܘܐܬܩܕܫ ܒܗܘܢ.,11,"Estas são as águas de Meribá, porque ali os filhos de Israel contenderam com o Senhor, que neles se santificou.",20,True,True,True
20,14,Números 20:14,וַיִּשְׁלַ֨ח מֹשֶׁ֧ה מַלְאָכִ֛ים מִקָּדֵ֖שׁ אֶל־ מֶ֣לֶךְ אֱד֑וֹם כֹּ֤ה אָמַר֙ אָחִ֣יךָ יִשְׂרָאֵ֔ל אַתָּ֣ה יָדַ֔עְתָּ אֵ֥ת כָּל־ הַתְּלָאָ֖ה אֲשֶׁ֥ר מְצָאָֽתְנוּ ׃,וישלח משה מלאכימ מקדש אל מלכ אדומ כה אמר אחיכ ישראל אתה ידעת את כל התלאה אשר מצאתנו,19,ושלח משה אזגדין מרקם לות מלכא דאדום כדנן אמר אחוך ישראל את ידעת ית כל עקתא די אשכחתנא:,18,Καὶ ἀπέστειλεν Μωυσῆς ἀγγέλους ἐκ Καδὴς πρὸς βασιλέα Ἐδὼμ λέγων Τάδε λέγει ὁ ἀδελφός σου Ἰσραήλ Σὺ ἐπίστῃ πάντα τὸν μόχθον τὸν εὑρόντα ἡμᾶς·,24,ܘܫܕܪ ܡܘܫܐ ܐܝ̈ܙܓܕܐ ܡܢ ܪܩܡ ܠܘܬ ܡܠܟܐ ܕܐܕܘܡ. ܗܟܢܐ ܐ̇ܡܪ ܐܚܘܟ ܐܝܣܪܝܠ. ܐܢܬ ܝ̇ܕܥ ܐܢܬ ܟܠܗ̇ ܠܐܘܬܐ ܕܐܕܪܟܬܢ.,18,"De Cades, Moisés enviou mensageiros ao rei de Edom, dizendo: Assim diz teu irmão Israel: Tu sabes todo o trabalho que nos tem sobrevindo;",24,True,True,True
20,15,Números 20:15,וַיֵּרְד֤וּ אֲבֹתֵ֨ינוּ֙ מִצְרַ֔יְמָה וַנֵּ֥שֶׁב בְּמִצְרַ֖יִם יָמִ֣ים רַבִּ֑ים וַיָּרֵ֥עוּ לָ֛נוּ מִצְרַ֖יִם וְלַאֲבֹתֵֽינוּ ׃,וירדו אבתינו מצרימה ונשב במצרימ ימימ רבימ וירעו לנו מצרימ ולאבתינו,12,ונחתו אבהתנא למצרים ויתבנא במצרים יומין סגיאין ואבאישו לנא מצראי ולאבהתנא:,11,"καὶ κατέβησαν οἱ πατέρες ἡμῶν εἰς Αἴγυπτον, καὶ παρῳκήσαμεν ἐν Αἰγύπτῳ ἡμέρας πλείους, καὶ ἐκάκωσαν ἡμᾶς οἱ Αἰγύπτιοι καὶ τοὺς πατέρας ἡμῶν·",22,ܘܢܚܬܘ ܐܒ̈ܗܝܢ ܠܡܨܪܝܢ . ܘܝܬܒܢ ܒܡܨܪܝܢ ܝܘ̈ܡܬܐ ܣ̈ܓܝܐܐ. ܘܐܒܐܫܘ ܠܢ ܡܨܪ̈ܝܐ ܘܠܐ̈ܒܗܝܢ.,12,"como nossos pais desceram ao Egito, e nós no Egito habitamos muito tempo; e como os egípcios nos maltrataram, a nós e a nossos pais;",25,True,True,True
20,16,Números 20:16,וַנִּצְעַ֤ק אֶל־ יְהוָה֙ וַיִּשְׁמַ֣ע קֹלֵ֔נוּ וַיִּשְׁלַ֣ח מַלְאָ֔ךְ וַיֹּצִאֵ֖נוּ מִמִּצְרָ֑יִם וְהִנֵּה֙ אֲנַ֣חְנוּ בְקָדֵ֔שׁ עִ֖יר קְצֵ֥ה גְבוּלֶֽךָ ׃,ונצעק אל יהוה וישמע קלנו וישלח מלאכ ויצאנו ממצרימ והנה אנחנו בקדש עיר קצה גבולכ,16,וצלינא קדם יי וקביל צלותנא ושלח מלאכא ואפקנא ממצרים והא אנחנא ברקם קרתא דבסטר תחומך:,15,"καὶ ἀνεβοήσαμεν πρὸς Κύριον, καὶ εἰσήκουσεν Κύριος τῆς φωνῆς ἡμῶν, καὶ ἀποστείλας ἄγγελον ἐξήγαγεν ἡμᾶς ἐξ Αἰγύπτου· καὶ νῦν ἐσμὲν ἐν Καδής, πόλει ἐκ μέρους τῶν ὁρίων σου.",28,ܘܨܠܝܢ ܩܕܡ ܡܪܝܐ ܘܫܡܥ ܒܩܠܢ. ܘܫܕܪ ܡܠܐܟܐ ܘܐܦܩܢ ܡܢ ܡܨܪܝܢ. ܘܗܐ ܚܢܢ ܒܪܩܡ ܩܪܝܬܐ ܕܒܣܘܦ ܬܚܘܡܟ.,16,"e quando clamamos ao Senhor, ele ouviu a nossa voz, e mandou um anjo, e nos tirou do Egito; e eis que estamos em Cades, cidade na extremidade dos teus termos.",31,True,True,True
20,17,Números 20:17,נַעְבְּרָה־ נָּ֣א בְאַרְצֶ֗ךָ לֹ֤א נַעֲבֹר֙ בְּשָׂדֶ֣ה וּבְכֶ֔רֶם וְלֹ֥א נִשְׁתֶּ֖ה מֵ֣י בְאֵ֑ר דֶּ֧רֶךְ הַמֶּ֣לֶךְ נֵלֵ֗ךְ לֹ֤א נִטֶּה֙ יָמִ֣ין וּשְׂמֹ֔אול עַ֥ד אֲשֶֽׁר־ נַעֲבֹ֖ר גְּבוּלֶֽךָ ׃,נעברה נא בארצכ לא נעבר בשדה ובכרמ ולא נשתה מי באר דרכ המלכ נלכ לא נטה ימינ ושמאול עד אשר נעבר גבולכ,23,נעבר כען בארעך לא נעבר בחקל ובכרם ולא נשתי מי גוב בארח מלכא נזל לא נסטי לימינא ולשמאלא עד דנעבר תחומך:,21,"παρελευσόμεθα διὰ τῆς γῆς σου· οὐ διελευσόμεθα δι᾽ ἀγρῶν οὐδὲ δι᾽ ἀμπελώνων, οὐδὲ πιόμεθα ὕδωρ ἐκ λάκκου σου· ὁδῷ βασιλικῇ πορευσόμεθα, καὶ οὐκ ἐκκλινοῦμεν δεξιὰ οὐδὲ εὐώνυμα ἕως ἂν παρέλθωμεν τὰ ὅριά σου.",33,ܗܫܐ ܢܥܒܪ ܒܐܪܥܟ. ܠܐ ܢܥܒܪ ܒܚܩܠܐ ܘܒܟܪܡܐ . ܘܠܐ ܢܫܬܐ ܡ̈ܝܐ ܕܓܘܒ̈ܐ. ܐܠܐ ܒܐܘܪܚ ܡܠܟܐ ܢܐܙܠ. ܘܠܐ ܢܣܛܐ ܠܐ ܠܝܡܝܢܐ ܘܠܐ ܠܣܡܠܐ. ܥܕܡܐ ܕܢܥܒܪ ܬܚܘܡܟ.,25,"Deixa-nos, pois, passar pela tua terra; não passaremos pelos campos, nem pelas vinhas, nem beberemos a água dos poços; iremos pela estrada real, não nos desviando para a direita nem para a esquerda, até que tenhamos passado os teus termos.",40,True,True,True
20,18,Números 20:18,וַיֹּ֤אמֶר אֵלָיו֙ אֱד֔וֹם לֹ֥א תַעֲבֹ֖ר בִּ֑י פֶּן־ בַּחֶ֖רֶב אֵצֵ֥א לִקְרָאתֶֽךָ ׃,ויאמר אליו אדומ לא תעבר בי פנ בחרב אצא לקראתכ,11,ואמר ליה אדומאה לא תעבר בתחומי דילמא בדקטלין בחרבא אפוק לקדמותך:,11,"καὶ εἶπεν πρὸς αὐτὸν Ἐδώμ Οὐ διελεύσῃ δι᾽ ἐμοῦ· εἰ δὲ μή, ἐν πολέμῳ ἐξελεύσομαι εἰς συνάντησίν σοι.",18,ܘܐܡܪ ܠܗ ܐܕܘܡ. ܠܐ ܬܥܒܪ ܒܬܚܘܡܝ. ܕܠܐ ܒܚܪܒܐ ܐܦܘܩ ܠܐܘܪܥܟ.,10,"Respondeu-lhe Edom: Não passaras por mim, para que eu não saia com a espada ao teu encontro.",17,True,True,True
20,19,Números 20:19,וַיֹּאמְר֨וּ אֵלָ֥יו בְּנֵֽי־ יִשְׂרָאֵ֘ל בַּֽמְסִלָּ֣ה נַעֲלֶה֒ וְאִם־ מֵימֶ֤יךָ נִשְׁתֶּה֙ אֲנִ֣י וּמִקְנַ֔י וְנָתַתִּ֖י מִכְרָ֑ם רַ֥ק אֵין־ דָּבָ֖ר בְּרַגְלַ֥י אֶֽעֱבֹֽרָה ׃,ויאמרו אליו בני ישראל במסלה נעלה ואמ מימיכ נשתה אני ומקני ונתתי מכרמ רק אינ דבר ברגלי אעברה,19,ואמרו ליה בני ישראל בארח כבישא נסק ואם מימך נשתי אנא ובעירי ואתן דמיהון לחוד לית פתגם דביש ברגלי אעבר:,20,"καὶ λέγουσιν αὐτῷ οἱ υἱοὶ Ἰσραήλ Παρὰ τὸ ὄρος παρελευσόμεθα· ἐὰν δὲ τοῦ ὕδατός σου πίωμεν ἐγώ τε καὶ τὰ κτήνη, δώσω τιμήν σοι· ἀλλὰ τὸ πρᾶγμα οὐδέν ἐστιν, παρὰ τὸ ὄρος παρελευσόμεθα.",33,ܘܐܡܪܘ ܠܗ ܒܢ̈ܝ ܐܝܣܪܝܠ. ܒܫܒܝܠܐ ܢܣܩ. ܘܐܢ ܡܢ ܡ̈ܝܟ. ܢܫܬܐ ܚܢܢ ܘܒܥܝܪ̈ܢ ܢܬܠ ܕܡܝ̈ܗܘܢ. ܒܠܚܘܕ ܒܪ̈ܓܠܝܢ ܢܥܒܪ.,17,"Os filhos de Israel lhe replicaram: Subiremos pela estrada real; e se bebermos das tuas águas, eu e o meu gado, darei o preço delas; sob condição de eu nada mais fazer, deixa-me somente passar a pé.",37,True,True,True
20,20,Números 20:20,וַיֹּ֖אמֶר לֹ֣א תַעֲבֹ֑ר וַיֵּצֵ֤א אֱדוֹם֙ לִקְרָאת֔וֹ בְּעַ֥ם כָּבֵ֖ד וּבְיָ֥ד חֲזָקָֽה ׃,ויאמר לא תעבר ויצא אדומ לקראתו בעמ כבד וביד חזקה,11,ואמר לא תעבר ונפק אדומאה לקדמותיה בחיל רב ובידא תקיפא:,10,ὁ δὲ εἶπεν Οὐ διελεύσῃ δι᾽ ἐμοῦ· καὶ ἐξῆλθεν Ἐδὼμ εἰς συνάντησιν αὐτῷ ἐν ὄχλῳ βαρεῖ καὶ ἐν χειρὶ ἰσχυρᾷ.,20,ܘܐܡܪ ܐܕܘܡ ܠܐ ܬܥܒܪܘܢ. ܘܢܦܩ ܐܕܘܡ ܠܐܘܪܥܗܘܢ ܒܥܡܐ ܥܫܝܢܐ. ܘܒܐܝܕܐ ܬܩܝܦܬܐ.,11,"Edom, porém, respondeu: Não passarás. E saiu-lhe ao encontro com muita gente e com mão forte.",16,True,True,True
20,21,Números 20:21,וַיְמָאֵ֣ן ׀ אֱד֗וֹם נְתֹן֙ אֶת־ יִשְׂרָאֵ֔ל עֲבֹ֖ר בִּגְבֻל֑וֹ וַיֵּ֥ט יִשְׂרָאֵ֖ל מֵעָלָֽיו ׃ פ,וימאנ אדומ נתנ את ישראל עבר בגבלו ויט ישראל מעליו פ,13,וסריב אדומאה למשבק ית ישראל למעבר בתחומיה וסטא ישראל מלותיה:,10,καὶ οὐκ ἠθέλησεν Ἐδὼμ δοῦναι τῷ Ἰσραὴλ παρελθεῖν διὰ τῶν ὁρίων αὐτοῦ· καὶ ἐξέκλινεν Ἰσραὴλ ἀπ᾽ αὐτοῦ.,17,ܘܠܐ ܨܒܐ ܐܕܘܡ ܠܡܫܒܩ ܠܒ̈ܢܝ ܐܝܣܪܝܠ ܠܡܥܒܪ ܒܬܚܘܡܗ. ܘܣܛܐ ܠܗ ܐܝܣܪܝܠ ܡܢܗ.,12,Assim recusou Edom deixar Israel passar pelos seus termos; pelo que Israel se desviou dele.,15,True,True,True
20,22,Números 20:22,וַיִּסְע֖וּ מִקָּדֵ֑שׁ וַיָּבֹ֧אוּ בְנֵֽי־ יִשְׂרָאֵ֛ל כָּל־ הָעֵדָ֖ה הֹ֥ר הָהָֽר ׃,ויסעו מקדש ויבאו בני ישראל כל העדה הר ההר,10,ונטלו מרקם ואתו בני ישראל כל כנשתא להר טורא:,9,"Καὶ ἀπῆραν ἐκ Καδής· καὶ παρεγένοντο οἱ υἱοὶ Ἰσραήλ, πᾶσα συναγωγή, εἰς Ὣρ τὸ ὄρος.",15,ܘܫܩܠܘ ܡܢ ܪܩܡ. ܘܐܬܘ ܒ̈ܢܝ ܐܝܣܪܝܠ ܟܠܗ̇ ܟܢܘܫܬܐ ܠܗܘܪ ܛܘܪܐ.,10,"Então partiram de Cades; e os filhos de Israel, a congregação toda, chegaram ao monte Hor.",16,True,True,True
20,23,Números 20:23,וַיֹּ֧אמֶר יְהוָ֛ה אֶל־ מֹשֶׁ֥ה וְאֶֽל־ אַהֲרֹ֖ן בְּהֹ֣ר הָהָ֑ר עַל־ גְּב֥וּל אֶֽרֶץ־ אֱד֖וֹם לֵאמֹֽר ׃,ויאמר יהוה אל משה ואל אהרנ בהר ההר על גבול ארצ אדומ לאמר,14,ואמר יי למשה ולאהרן בהר טורא על תחום ארעא דאדום למימר:,11,καὶ εἶπεν Κύριος πρὸς Μωυσῆν καὶ Ἀαρὼν ἐν Ὣρ τῷ ὄρει ἐπὶ τῶν ὁρίων γῆς Ἐδὼμ λέγων,17,ܘܐܡܪ ܡܪܝܐ ܠܡܘܫܐ ܘܠܐܗܪܘܢ ܒܗܘܪ ܛܘܪܐ ܒܬܚܘܡܐ ܕܐܪܥܐ ܕܐܕܘܡ.,9,"E falou o Senhor a Moisés e a Arão no monte Hor, nos termos da terra de Edom, dizendo:",19,True,True,True
20,24,Números 20:24,יֵאָסֵ֤ף אַהֲרֹן֙ אֶל־ עַמָּ֔יו כִּ֣י לֹ֤א יָבֹא֙ אֶל־ הָאָ֔רֶץ אֲשֶׁ֥ר נָתַ֖תִּי לִבְנֵ֣י יִשְׂרָאֵ֑ל עַ֛ל אֲשֶׁר־ מְרִיתֶ֥ם אֶת־ פִּ֖י לְמֵ֥י מְרִיבָֽה ׃,יאספ אהרנ אל עמיו כי לא יבא אל הארצ אשר נתתי לבני ישראל על אשר מריתמ את פי למי מריבה,21,יתכנש אהרן לעמיה ארי לא ייעול לארעא די יהבית לבני ישראל על די סריבתון על מימרי למי מצותא:,18,"Προστεθήτω Ἀαρὼν πρὸς τὸν λαὸν αὐτοῦ, ὅτι οὐ μὴ εἰσέλθητε εἰς τὴν γῆν ἣν δέδωκα τοῖς υἱοῖς Ἰσραήλ, διότι παρωξύνατέ με ἐπὶ τοῦ ὕδατος τῆς λοιδορίας.",26,ܢܬܟܢܫ ܐܗܪܘܢ ܠܘܬ ܥܡܗ. ܡܛܠ ܕܠܐ ܢܥܘܠ ܠܐܪܥܐ ܕܝܗ̇ܒܬ ܠܒ̈ܢܝ ܐܝܣܪܝܠ. ܥܠ ܕܡܪܡܪܬܘܢ ܡܠܬ ܦܘܡܝ ܒܡ̈ܝܐ ܕܡܨܘܬܐ. ܘܠܐ ܩܕܫܬܘܢܢܝ ܒܡ̈ܝܐ ܠܥܢܝ̈ܗܘܢ .,22,"Arão será recolhido a seu povo, porque não entrará na terra que dei aos filhos de Israel, porquanto fostes rebeldes contra a minha palavra no tocante às águas de Meribá.",30,True,True,True
20,25,Números 20:25,קַ֚ח אֶֽת־ אַהֲרֹ֔ן וְאֶת־ אֶלְעָזָ֖ר בְּנ֑וֹ וְהַ֥עַל אֹתָ֖ם הֹ֥ר הָהָֽר ׃,קח את אהרנ ואת אלעזר בנו והעל אתמ הר ההר,11,דבר ית אהרן וית אלעזר בריה ואסיק יתהון להר טורא:,10,"λάβε τὸν Ἀαρὼν καὶ Ἐλεαζὰρ τὸν υἱὸν αὐτοῦ, καὶ ἀναβίβασον αὐτοὺς εἰς Ὣρ τὸ ὄρος ἔναντι πάσης τῆς συναγωγῆς·",19,ܕܒܪ ܠܐܗܪܘܢ ܘܠܐܠܝܥܙܪ ܒܪܗ. ܘܐܣܩ ܐܢܘܢ ܠܗܘܪ ܛܘܪܐ.,8,"Toma a Arão e a Eleazar, seu filho, e faze-os subir ao monte Hor;",14,True,True,True
20,26,Números 20:26,וְהַפְשֵׁ֤ט אֶֽת־ אַהֲרֹן֙ אֶת־ בְּגָדָ֔יו וְהִלְבַּשְׁתָּ֖ם אֶת־ אֶלְעָזָ֣ר בְּנ֑וֹ וְאַהֲרֹ֥ן יֵאָסֵ֖ף וּמֵ֥ת שָֽׁם ׃,והפשט את אהרנ את בגדיו והלבשתמ את אלעזר בנו ואהרנ יאספ ומת שמ,14,ואשלח ית אהרן ית לבושוהי ותלבשנון ית אלעזר בריה ואהרן יתכנש וימות תמן:,13,"καὶ ἔκδυσον Ἀαρὼν τὴν στολὴν αὐτοῦ καὶ ἔνδυσον Ἐλεαζὰρ τὸν υἱὸν αὐτοῦ, καὶ Ἀαρὼν προστεθεὶς ἀποθανέτω ἐκεῖ.",17,ܘܐܫܠܚ ܠܐܗܪܘܢ ܢܚ̈ܬܘܗܝ. ܘܐܠܒܫ ܐܢܘܢ ܠܐܠܝܥܙܪ ܒܪܗ. ܘܐܗܪܘܢ ܢܬܟܢܫ ܘܢܡܘܬ ܬܡܢ.,11,"e despe a Arão as suas vestes, e as veste a Eleazar, seu filho, porque Arão será recolhido, e morrerá ali.",21,True,True,True
20,27,Números 20:27,וַיַּ֣עַשׂ מֹשֶׁ֔ה כַּאֲשֶׁ֖ר צִוָּ֣ה יְהוָ֑ה וַֽיַּעֲלוּ֙ אֶל־ הֹ֣ר הָהָ֔ר לְעֵינֵ֖י כָּל־ הָעֵדָֽה ׃,ויעש משה כאשר צוה יהוה ויעלו אל הר ההר לעיני כל העדה,13,ועבד משה כמא די פקיד יי וסליקו להר טורא לעיני כל כנשתא:,12,"καὶ ἐποίησεν Μωυσῆς καθὰ συνέταξεν Κύριος, καὶ ἀνεβίβασεν αὐτὸν εἰς Ὣρ τὸ ὄρος ἐναντίον πάσης τῆς συναγωγῆς.",17,ܘܥܒܕ ܡܘܫܐ ܐܝܟ ܕܦܩܕܗ ܡܪܝܐ. ܘܣܠܩܘ ܠܗܘܪ ܛܘܪܐ ܠܥܝܢ ܟܘܠܗ̇ ܟܢܘܫܬܐ.,11,"Fez, pois, Moisés como o Senhor lhe ordenara; e subiram ao monte Hor perante os olhos de toda a congregação.",20,True,True,True
20,28,Números 20:28,וַיַּפְשֵׁט֩ מֹשֶׁ֨ה אֶֽת־ אַהֲרֹ֜ן אֶת־ בְּגָדָ֗יו וַיַּלְבֵּ֤שׁ אֹתָם֙ אֶת־ אֶלְעָזָ֣ר בְּנ֔וֹ וַיָּ֧מָת אַהֲרֹ֛ן שָׁ֖ם בְּרֹ֣אשׁ הָהָ֑ר וַיֵּ֧רֶד מֹשֶׁ֛ה וְאֶלְעָזָ֖ר מִן־ הָהָֽר ׃,ויפשט משה את אהרנ את בגדיו וילבש אתמ את אלעזר בנו וימת אהרנ שמ בראש ההר וירד משה ואלעזר מנ ההר,22,ואשלח משה ית אהרן ית לבושוהי ואלביש יתהון ית אלעזר בריה ומית אהרן תמן בריש טורא ונחת משה ואלעזר מן טורא:,21,"καὶ ἐξέδυσεν Ἀαρὼν τὰ ἱμάτια αὐτοῦ καὶ ἐνέδυσεν Ἐλεαζὰρ τὸν υἱὸν αὐτοῦ· καὶ ἀπέθανεν Ἀαρὼν ἐπὶ τῆς κορυφῆς τοῦ ὄρους, καὶ κατέβη Μωυσῆς καὶ Ἐλεαζὰρ ἐκ τοῦ ὄρους.",28,ܘܐܫܠܚ ܡܘܫܐ ܠܐܗܪܘܢ ܢܚ̈ܬܘܗܝ. ܘܐܠܒܫ ܐܢܘܢ ܠܐܠܝܥܙܪ ܒܪܗ. ܘܡܝܬ ܬܡܢ ܐܗܪܘܢ ܒܗܘܪ ܛܘܪܐ. ܘܢܚܬ ܡܘܫܐ ܘܐܠܝܥܙܪ ܡܢ ܛܘܪܐ.,18,"Moisés despiu a Arão as vestes, e as vestiu a Eleazar, seu filho; e morreu Arão ali sobre o cume do monte; e Moisés e Eleazar desceram do monte.",29,True,True,True
20,29,Números 20:29,וַיִּרְאוּ֙ כָּל־ הָ֣עֵדָ֔ה כִּ֥י גָוַ֖ע אַהֲרֹ֑ן וַיִּבְכּ֤וּ אֶֽת־ אַהֲרֹן֙ שְׁלֹשִׁ֣ים י֔וֹם כֹּ֖ל בֵּ֥ית יִשְׂרָאֵֽל ׃ ס,ויראו כל העדה כי גוע אהרנ ויבכו את אהרנ שלשימ יומ כל בית ישראל ס,16,וחזו כל כנשתא ארי מית אהרן ובכו ית אהרן תלתין יומין כל בית ישראל:,14,καὶ εἶδεν πᾶσα ἡ συναγωγὴ ὅτι ἀπελύθη Ἀαρών· καὶ ἔκλαυσαν τὸν Ἀαρὼν τριάκοντα ἡμέρας πᾶς οἶκος Ἰσραήλ.,17,ܘܚܙܘ ܟܠܗ̇ ܟܢܘܫܬܐ ܕܡܝܬ ܐܗܪܘܢ. ܘܒܟܘ ܥܠ ܐܗܪܘܢ ܬܠܬܝܢ ܝܘܡ̈ܝܢ. ܟܠܗܘܢ ܕܒܝܬ ܐܝܣܪܝܠ.,13,"Vendo, pois, toda a congregação que Arão era morto, chorou-o toda a casa de Israel por trinta dias.",18,True,True,True
21,1,Números 21:1,וַיִּשְׁמַ֞ע הַכְּנַעֲנִ֤י מֶֽלֶךְ־ עֲרָד֙ יֹשֵׁ֣ב הַנֶּ֔גֶב כִּ֚י בָּ֣א יִשְׂרָאֵ֔ל דֶּ֖רֶךְ הָאֲתָרִ֑ים וַיִּלָּ֨חֶם֙ בְּיִשְׂרָאֵ֔ל וַיִּ֥שְׁבְּ ׀ מִמֶּ֖נּוּ שֶֽׁבִי ׃,וישמע הכנעני מלכ ערד ישב הנגב כי בא ישראל דרכ האתרימ וילחמ בישראל וישב ממנו שבי,18,ושמע כנענאה מלכא דערד יתב דרומא ארי אתא ישראל ארח מאלליא ואגח קרבא בישראל ושבא מניה שביא:,17,"καὶ ἤκουσεν ὁ Χανανείς, βασιλεὺς Ἀράδ, ὁ κατοικῶν κατὰ τὴν ἔρημον· ἦλθεν γὰρ Ἰσραὴλ ὁδὸν Ἀθαρείν· καὶ ἐπολέμησεν πρὸς Ἰσραήλ, καὶ κατεπρονόμευσαν ἐξ αὐτῶν αἰχμαλωσίαν.",25,ܘܫܡܥ ܟܢܥܢܝܐ ܡܠܟܐ ܕܓܕܪ ܕܥ̇ܡܪ ܒܬܝܡܢܐ. ܕܐܬܐ ܐܝܣܪܝܠ ܒܐܘܪܚܐ ܕܓܫ̈ܘܫܐ ܘܐܬܟܬܫ ܥܡ ܐܝܣܪܝܠ. ܘܫܒܐ ܡܢܗܘܢ ܫܒܝܬܐ.,16,"Ora, ouvindo o cananeu, rei de Arade, que habitava no Negebe, que Israel vinha pelo caminho de Atarim, pelejou contra Israel, e levou dele alguns prisioneiros.",26,True,True,True
21,2,Números 21:2,וַיִּדַּ֨ר יִשְׂרָאֵ֥ל נֶ֛דֶר לַֽיהוָ֖ה וַיֹּאמַ֑ר אִם־ נָתֹ֨ן תִּתֵּ֜ן אֶת־ הָעָ֤ם הַזֶּה֙ בְּיָדִ֔י וְהַֽחֲרַמְתִּ֖י אֶת־ עָרֵיהֶֽם ׃,וידר ישראל נדר ליהוה ויאמר אמ נתנ תתנ את העמ הזה בידי והחרמתי את עריהמ,16,וקים ישראל קים קדם יי ואמר אם ממסר תמסר ית עמא הדין בידי ואגמר ית קרויהון:,16,"καὶ ηὔξατο Ἰσραὴλ εὐχὴν Κυρίῳ καὶ εἶπεν Ἐάν μοι παραδῷς τὸν λαὸν τοῦτον ὑποχείριον, ἀναθεματιῶ αὐτὸν καὶ τὰς πόλεις αὐτοῦ.",20,ܘܢܕܪ ܐܝܣܪܐܝܠ ܢܕܪܐ ܠܡܪܝܐ ܘܐܡܪ. ܐܢ ܡܫܠܡܘ ܬܫܠܡ ܥܡܐ ܗܢܐ ܒܐ̈ܝܕܝ . ܐܚܪܡ ܐ̈ܢܝܢ ܩܘܪ̈ܝܗܘܢ.,15,"Então Israel fez um voto ao Senhor, dizendo: Se na verdade entregares este povo nas minhas mãos, destruirei totalmente as suas cidades.",22,True,True,True
21,3,Números 21:3,וַיִּשְׁמַ֨ע יְהוָ֜ה בְּק֣וֹל יִשְׂרָאֵ֗ל וַיִּתֵּן֙ אֶת־ הַֽכְּנַעֲנִ֔י וַיַּחֲרֵ֥ם אֶתְהֶ֖ם וְאֶת־ עָרֵיהֶ֑ם וַיִּקְרָ֥א שֵׁם־ הַמָּק֖וֹם חָרְמָֽה ׃ פ,וישמע יהוה בקול ישראל ויתנ את הכנעני ויחרמ אתהמ ואת עריהמ ויקרא שמ המקומ חרמה פ,17,וקביל יי צלותיה דישראל ומסר ית כנענאה וגמר יתהון וית קרויהון וקרא שמא דאתרא חרמה:,15,"καὶ εἰσήκουσεν Κύριος τῆς φωνῆς Ἰσραὴλ καὶ παρέδωκεν τὸν Χανανεὶν ὑποχείριον αὐτοῦ· καὶ ἀνεθεμάτισεν αὐτὸν καὶ τὰς πόλεις αὐτοῦ, καὶ ἐπεκάλεσαν τὸ ὄνομα τοῦ τόπου ἐκείνου Ἀνάθεμα.",27,ܘܫܡܥ ܡܪܝܐ ܒܩܠܗ ܕܐܝܣܪܝܠ. ܘܐܫܠܡ ܐܢܘܢ ܠܟܢ̈ܥܢܝܐ ܒܐܝ̈ܕܝܗܘܢ . ܘܚܪܒܘ ܐܢܘܢ ܘܐܚܪܡܘ ܐܢܘܢ ܘܠܩܘܪ̈ܝܗܘܢ. ܘܩܪܘ ܫܡܗ ܕܐܬܪܐ ܗ̇ܘ ܚܪܡܐ.,19,"O Senhor, pois, ouviu a voz de Israel, e entregou-lhe os cananeus; e os israelitas os destruíram totalmente, a eles e às suas cidades; e chamou-se aquele lugar Horma.",29,True,True,True
21,4,Números 21:4,וַיִּסְע֞וּ מֵהֹ֤ר הָהָר֙ דֶּ֣רֶךְ יַם־ ס֔וּף לִסְבֹ֖ב אֶת־ אֶ֣רֶץ אֱד֑וֹם וַתִּקְצַ֥ר נֶֽפֶשׁ־ הָעָ֖ם בַּדָּֽרֶךְ ׃,ויסעו מהר ההר דרכ ימ סופ לסבב את ארצ אדומ ותקצר נפש העמ בדרכ,15,ונטלו מהר טורא ארח ימא דסוף לאקפא ית ארעא דאדום ועקת נפשא דעמא באורחא:,14,Καὶ ἀπάραντες ἐξ Ὣρ τοῦ ὄρους ὁδὸν ἐπὶ θάλασσαν ἐρυθρὰν περιεκύκλωσαν γῆν Ἐδώμ· καὶ ὠλιγοψύχησεν ὁ λαὸς ἐν τῇ ὁδῷ.,20,ܘܫܩܠܘ ܡܢ ܗܘܪ ܛܘܪܐ ܒܐܘܪܚܐ ܕܝܡܐ ܕܣܘܦ. ܠܡܬܟܪܟܘܬܗ̇ ܠܐܪܥܐ ܕܐܕܘܡ. ܘܐܬܥܝܩܬ ܢܦܫܗ ܕܥܡܐ ܒܐܘܪܚܐ.,14,"Então partiram do monte Hor, pelo caminho que vai ao Mar Vermelho, para rodearem a terra de Edom; e a alma do povo impacientou-se por causa do caminho.",28,True,True,True
21,5,Números 21:5,וַיְדַבֵּ֣ר הָעָ֗ם בֵּֽאלֹהִים֮ וּבְמֹשֶׁה֒ לָמָ֤ה הֶֽעֱלִיתֻ֨נוּ֙ מִמִּצְרַ֔יִם לָמ֖וּת בַּמִּדְבָּ֑ר כִּ֣י אֵ֥ין לֶ֨חֶם֙ וְאֵ֣ין מַ֔יִם וְנַפְשֵׁ֣נוּ קָ֔צָה בַּלֶּ֖חֶם הַקְּלֹקֵֽל ׃,וידבר העמ באלהימ ובמשה למה העליתנו ממצרימ למות במדבר כי אינ לחמ ואינ מימ ונפשנו קצה בלחמ הקלקל,19,ואתרעם עמא במימרא דיי ועם משה נצו למא אסקתונא ממצרים לממת במדברא ארי לית לחמא ולית מיא ונפשנא עקת במנא הדין דמיכליה קליל:,23,"Καὶ κατελάλει ὁ λαὸς πρὸς τὸν θεὸν καὶ κατὰ Μωυσῆ λέγοντες Ἵνα τί τοῦτο ἐξήγαγες ἡμᾶς ἐξ Αἰγύπτου ἀποκτεῖναι ἐν τῇ ἐρήμῳ; ὅτι οὐκ ἔστιν ἄρτος οὐδὲ ὕδωρ, ἡ δὲ ψυχὴ ἡμῶν προσώχθισεν ἐν τῷ ἄρτῳ τῷ διακένῳ.",38,ܘܪܛܢܘ ܥܡܐ ܥܠ ܐܠܗܐ ܘܥܠ ܡܘܫܐ ܘܐܡܪܘ. ܠܡܢܐ ܐܣܩܬܢ ܡܢ ܡܨܪܝܢ ܕܢܡܘܬ ܒܡܕܒܪܐ. ܡܛܠ ܕܠܝܬ ܠܚܡܐ ܘܠܐ ܡ̈ܝܐ ܘܢܦܫܢ ܥܩܬ ܒܠܚܡܐ ܙܥܘܪܐ.,22,"E o povo falou contra Deus e contra Moisés: Por que nos fizestes subir do Egito, para morrermos no deserto? pois aqui não há pão e não há água: e a nossa alma tem fastio deste miserável pão.",38,True,True,True
21,6,Números 21:6,וַיְשַׁלַּ֨ח יְהוָ֜ה בָּעָ֗ם אֵ֚ת הַנְּחָשִׁ֣ים הַשְּׂרָפִ֔ים וַֽיְנַשְּׁכ֖וּ אֶת־ הָעָ֑ם וַיָּ֥מָת עַם־ רָ֖ב מִיִּשְׂרָאֵֽל ׃,וישלח יהוה בעמ את הנחשימ השרפימ וינשכו את העמ וימת עמ רב מישראל,14,וגרי יי בעמא ית חיון קלן ונכיתו ית עמא ומית עם סגי מישראל:,13,"καὶ ἀπέστειλεν Κύριος εἰς τὸν λαὸν τοὺς ὄφεις τοὺς θανατοῦντας, καὶ ἔδακνον τὸν λαόν· καὶ ἀπέθανεν λαὸς πολὺς τῶν υἱῶν Ἰσραήλ.",21,ܘܫܕܪ ܡܪܝܐ ܥܠ ܥܡܐ ܚܘܘ̈ܬܐ ܚܪ̈ܡܢܐ ܘܢܟܬܘܗܝ ܠܥܡܐ. ܘܡܝܬܘ ܥܡܐ ܣܓܝܐܐ ܡܢ ܐܝܣܪܝܠ.,13,"Então o Senhor mandou entre o povo serpentes abrasadoras, que o mordiam; e morreu muita gente em Israel.",18,True,True,True
21,7,Números 21:7,וַיָּבֹא֩ הָעָ֨ם אֶל־ מֹשֶׁ֜ה וַיֹּאמְר֣וּ חָטָ֗אנוּ כִּֽי־ דִבַּ֤רְנוּ בַֽיהוָה֙ וָבָ֔ךְ הִתְפַּלֵּל֙ אֶל־ יְהוָ֔ה וְיָסֵ֥ר מֵעָלֵ֖ינוּ אֶת־ הַנָּחָ֑שׁ וַיִּתְפַּלֵּ֥ל מֹשֶׁ֖ה בְּעַ֥ד הָעָֽם ׃,ויבא העמ אל משה ויאמרו חטאנו כי דברנו ביהוה ובכ התפלל אל יהוה ויסר מעלינו את הנחש ויתפלל משה בעד העמ,22,ואתא עמא למשה ואמרו חבנא ארי אתרעמנא קדם יי ועמך נצינא צלי קדם יי ויעדי מננא ית חויא וצלי משה על עמא:,22,"καὶ παραγενόμενος ὁ λαὸς πρὸς Μωυσῆν ἔλεγον ὅτι Ἡμάρτομεν ὅτι κατελαλήσαμεν κατὰ τοῦ κυρίου καὶ κατὰ σοῦ· εὖξαι οὖν πρὸς Κύριον, καὶ ἀφελέτω ἀφ᾽ ἡμῶν τὸν ὄφιν. καὶ ηὔξατο Μωυσῆς πρὸς Κύριον περὶ τοῦ λαοῦ.",35,ܘܐܬܘ ܥܡܐ ܠܘܬ ܡܘܫܐ ܘܐܡܪܘ ܠܗ. ܚܛܝܢ ܥܠ ܕܪܛܢܢ ܥܠ ܡܪܝܐ ܘܐܦ ܥܠܝܟ. ܨܠܐ ܩܕܡ ܡܪܝܐ ܘܢܦܪܩ ܡܢܢ ܚ̈ܘܘܬܐ. ܘܨܠܝ ܡܘܫܐ ܥܠ ܥܡܐ .,24,"Pelo que o povo veio a Moisés, e disse: Pecamos, porquanto temos falado contra o Senhor e contra ti; ora ao Senhor para que tire de nós estas serpentes. Moisés, pois, orou pelo povo.",34,True,True,True
21,8,Números 21:8,וַיֹּ֨אמֶר יְהוָ֜ה אֶל־ מֹשֶׁ֗ה עֲשֵׂ֤ה לְךָ֙ שָׂרָ֔ף וְשִׂ֥ים אֹת֖וֹ עַל־ נֵ֑ס וְהָיָה֙ כָּל־ הַנָּשׁ֔וּךְ וְרָאָ֥ה אֹת֖וֹ וָחָֽי ׃,ויאמר יהוה אל משה עשה לכ שרפ ושימ אתו על נס והיה כל הנשוכ וראה אתו וחי,18,ואמר יי למשה עביד לך קליא ושוי יתיה על את ויהי כל דיתנכית ויחזי יתיה ויתקים:,16,"καὶ εἶπεν Κύριος πρὸς Μωυσῆν Ποίησον σεαυτῷ ὄφιν, καὶ θὲς αὐτὸν ἐπὶ σημείου· καὶ ἔσται ἐὰν δάκῃ ὄφις ἄνθρωπον, πᾶς ὁ δεδηγμένος ἰδὼν αὐτὸν ζήσεται.",25,ܘܐܡܪ ܡܪܝܐ ܠܡܘܫܐ. ܥܒܕ ܠܟ ܚܘܝܐ ܚܪܡܢܐ ܕܢܚܫܐ ܘܣܝܡܝܗܝ ܠܐܬܐ. ܘܟܠ ܡ̇ܢ ܕܢ̇ܟܬ ܠܗ ܚܘܝܐ. ܢܚܙܝܘܗܝ ܘܢܚܐ.,17,"Então disse o Senhor a Moisés: Faze uma serpente de bronze, e põe-na sobre uma haste; e será que todo mordido que olhar para ela viverá.",26,True,True,True
21,9,Números 21:9,וַיַּ֤עַשׂ מֹשֶׁה֙ נְחַ֣שׁ נְחֹ֔שֶׁת וַיְשִׂמֵ֖הוּ עַל־ הַנֵּ֑ס וְהָיָ֗ה אִם־ נָשַׁ֤ךְ הַנָּחָשׁ֙ אֶת־ אִ֔ישׁ וְהִבִּ֛יט אֶל־ נְחַ֥שׁ הַנְּחֹ֖שֶׁת וָחָֽי ׃,ויעש משה נחש נחשת וישמהו על הנס והיה אמ נשכ הנחש את איש והביט אל נחש הנחשת וחי,19,ועבד משה חויא דנחשא ושוייה על את והוה כד נכית חויא ית גברא ומסתכל לחויא דנחשא ומתקים:,17,"καὶ ἐποίησεν Μωυσῆς ὄφιν χαλκοῦν, καὶ ἔστησεν αὐτὸν ἐπὶ σημείου· καὶ ἐγένετο ὅταν ἔδακνεν ὄφις ἄνθρωπον, καὶ ἐπέβλεψεν ἐπὶ τὸν ὄφιν τὸν χαλκοῦν, καὶ ἔζη.",25,ܘܥܒܕ ܡܘܫܐ ܚܘܝܐ ܕܢܚܫܐ ܘܣܡܗ ܠܐܬܐ. ܘܡܐ ܕܢ̇ܟܬ ܚܘܝܐ ܠܓܒܪܐ. ܚ̇ܐܪ ܒܚܘܝܐ ܕܢܚܫܐ ܘܚ̇ܝܐ.,14,"Fez, pois, Moisés uma serpente de bronze, e pô-la sobre uma haste; e sucedia que, tendo uma serpente mordido a alguém, quando esse olhava para a serpente de bronze, vivia.",30,True,True,True
21,10,Números 21:10,וַיִּסְע֖וּ בְּנֵ֣י יִשְׂרָאֵ֑ל וַֽיַּחֲנ֖וּ בְּאֹבֹֽת ׃,ויסעו בני ישראל ויחנו באבת,6,ונטלו בני ישראל ושרו באבת:,5,"καὶ ἀπῆραν οἱ υἱοὶ Ἰσραήλ, καὶ παρενέβαλον ἐν Ὠβώθ.",9,ܘܫܩܠܘ ܒ̈ܢܝ ܐܝܣܪܝܠ ܘܫܪܘ ܒܐܒܘܬ.,5,"Partiram, então, os filhos de Israel, e acamparam-se em Obote.",10,True,True,True
21,11,Números 21:11,וַיִּסְע֖וּ מֵאֹבֹ֑ת וַֽיַּחֲנ֞וּ בְּעִיֵּ֣י הָֽעֲבָרִ֗ים בַּמִּדְבָּר֙ אֲשֶׁר֙ עַל־ פְּנֵ֣י מוֹאָ֔ב מִמִּזְרַ֖ח הַשָּֽׁמֶשׁ ׃,ויסעו מאבת ויחנו בעיי העברימ במדבר אשר על פני מואב ממזרח השמש,13,ונטלו מאבת ושרו במגיזת עבראי במדברא די על אפי מואב ממדנח שמשא:,12,"καὶ ἐξάραντες ἐξ Ὠβώθ, καὶ παρενέβαλον ἐν Χαλγαεὶ ἐκ τοῦ πέραν, ἐν τῇ ἐρήμῳ ἥ ἐστιν κατὰ πρόσωπον Μωὰβ κατὰ ἀνατολὰς ἡλίου.",22,ܘܫܩܠܘ ܡܢ ܐܒܘܬ. ܘܫܪܘ ܒܥܝܢܐ ܕܥܒܪ̈ܝܐ. ܒܡܕܒܪܐ ܕܩܕܡ ܡܘܐܒ. ܡܢ ܡܕܢܚܐ ܡܢ ܡܕܢܚ̈ܝ ܫܡܫܐ.,14,"Depois partiram de Obote, e acamparam-se em Ije-Abarim, no deserto que está defronte de Moabe, para o nascente.",18,True,True,True
21,12,Números 21:12,מִשָּׁ֖ם נָסָ֑עוּ וַֽיַּחֲנ֖וּ בְּנַ֥חַל זָֽרֶד ׃,משמ נסעו ויחנו בנחל זרד,6,מתמן נטלו ושרו בנחלא דזרד:,5,"ἐκεῖθεν ἀπῆραν, καὶ παρενέβαλον εἰς φάραγγα Ζάρετ.",7,ܘܡܢ ܬܡܢ ܫܩܠܘ ܘܫܪܘ ܒܢܚܠܐ ܕܙܪܕ .,7,"Dali partiram, e acamparam-se no vale de Zerede.",8,True,True,True
21,13,Números 21:13,מִשָּׁם֮ נָסָעוּ֒ וַֽיַּחֲנ֗וּ מֵעֵ֤בֶר אַרְנוֹן֙ אֲשֶׁ֣ר בַּמִּדְבָּ֔ר הַיֹּצֵ֖א מִגְּב֣וּל הָֽאֱמֹרִ֑י כִּ֤י אַרְנוֹן֙ גְּב֣וּל מוֹאָ֔ב בֵּ֥ין מוֹאָ֖ב וּבֵ֥ין הָאֱמֹרִֽי ׃,משמ נסעו ויחנו מעבר ארנונ אשר במדבר היצא מגבול האמרי כי ארנונ גבול מואב בינ מואב ובינ האמרי,19,מתמן נטלו ושרו מעברא דארנון די במדברא דנפק מתחום אמוראה ארי ארנון תחום מואב בין מואב ובין אמוראה:,18,"ἐκεῖθεν ἀπάραντες παρενέβαλον εἰς τὸ πέραν Ἀρνὼν ἐν τῇ ἐρήμῳ, τὸ ἐξέχον ἀπὸ τῶν ὁρίων τῶν Ἀμορραίων· ἔστιν γὰρ Ἀρνὼν ὅρια Μωὰβ ἀνὰ μέσον Μωὰβ καὶ ἀνὰ μέσον τοῦ Ἀμορραίου.",30,ܘܡܢ ܬܡܢ ܫܩܠܘ ܘܫܪܘ ܒܥܒܪܐ ܕܐܪܢܘܢ. ܒܡܕܒܪܐ ܕܢܦܩ ܡܢ ܬܚܘܡܐ ܕܐܡܘܪ̈ܝܐ. ܡܛܠ ܕܐܪܢܘܢ ܬܚܘܡܐ ܗܘ ܕܡ̈ܘܐܒܝܐ. ܒܝܬ ܡܘܐ̈ܒܝܐ ܠܒܝܬ ܐܡܘܪ̈ܝܐ.,20,"E, partindo dali, acamparam-se além do Arnom, que está no deserto e sai dos termos dos amorreus; porque o Arnom é o termo de Moabe, entre Moabe e os amorreus.",30,True,True,True
21,14,Números 21:14,עַל־ כֵּן֙ יֵֽאָמַ֔ר בְּסֵ֖פֶר מִלְחֲמֹ֣ת יְהוָ֑ה אֶת־ וָהֵ֣ב בְּסוּפָ֔ה וְאֶת־ הַנְּחָלִ֖ים אַרְנֽוֹן ׃,על כנ יאמר בספר מלחמת יהוה את והב בסופה ואת הנחלימ ארנונ,13,על כן יתאמר בספרא קרבין דעבד יי על ימא דסוף וגבורן דעל נחלי ארנון:,14,διὰ τοῦτο λέγεται ἐν βιβλίῳ Πόλεμος τοῦ κυρίου Τὴν Ζωὸβ ἐφλόγισεν καὶ τοὺς χειμάρρους Ἀρνών·,15,ܡܛܠ ܗܢܐ ܡܬܐܡܪ ܒܣܦܪ ܩܪ̈ܒܘܗܝ ܕܡܪܝܐ. ܫܠܗܒܝܬܐ ܒܥܠܥܠܐ ܘܒܢܚܠܐ ܕܐܪܢܘܢ.,10,"Pelo que se diz no livro das guerras do Senhor: Vaebe em Sufa, e os vales do Arnom,",18,True,True,True
21,15,Números 21:15,וְאֶ֨שֶׁד֙ הַנְּחָלִ֔ים אֲשֶׁ֥ר נָטָ֖ה לְשֶׁ֣בֶת עָ֑ר וְנִשְׁעַ֖ן לִגְב֥וּל מוֹאָֽב ׃,ואשד הנחלימ אשר נטה לשבת ער ונשענ לגבול מואב,10,ושפוך נחליא דמדברין לקבל לחית ומסתמיך לתחום מואב:,8,"καὶ τοὺς χειμάρρους κατέστησεν κατοικίσαι Ἤρ, καὶ πρόσκειται τοῖς ὁρίοις Μωάβ.",11,ܘܐܬܩܢ ܢܚ̈ܠܐ ܕܨܠܝܢ ܗܘܘ ܠܝܬܒܐ ܕܥܕ . ܘܣ̇ܡܟܝܢ ܗܘܘ ܥܠ ܬܚܘܡܐ ܕܡܘܐ̈ܒܝܐ.,12,"e o declive dos vales, que se inclina para a situação Ar, e se encosta aos termos de Moabe",19,True,True,True
21,16,Números 21:16,וּמִשָּׁ֖ם בְּאֵ֑רָה הִ֣וא הַבְּאֵ֗ר אֲשֶׁ֨ר אָמַ֤ר יְהוָה֙ לְמֹשֶׁ֔ה אֱסֹף֙ אֶת־ הָעָ֔ם וְאֶתְּנָ֥ה לָהֶ֖ם מָֽיִם ׃ ס,ומשמ בארה הוא הבאר אשר אמר יהוה למשה אספ את העמ ואתנה להמ מימ ס,16,ומתמן אתיהיבת להון בירא היא בירא די אמר יי למשה כנוש ית עמא ואתן להון מיא:,16,"καὶ ἐκεῖθεν τὸ φρέαρ· τοῦτο φρέαρ ὃ εἶπεν Κύριος πρὸς Μωυσῆν Συνάγαγε τὸν λαὸν, καὶ δώσω αὐτοῖς ὕδωρ πιεῖν.",19,ܘܬܡܢ ܒܪܐ. ܗ̇ܝ ܒܪܐ ܕܐܡܪ ܡܪܝܐ ܠܡܘܫܐ. ܟܢܫ ܠܝ ܥܡܐ ܘܐܬܠ ܠܗܘܢ ܡ̈ܝܐ .,14,"Dali vieram a Beer; esse é o poço do qual o Senhor disse a Moisés: Ajunta o povo, e lhe darei água.",22,True,True,True
21,17,Números 21:17,אָ֚ז יָשִׁ֣יר יִשְׂרָאֵ֔ל אֶת־ הַשִּׁירָ֖ה הַזֹּ֑את עֲלִ֥י בְאֵ֖ר עֱנוּ־ לָֽהּ ׃,אז ישיר ישראל את השירה הזאת עלי באר ענו לה,11,בכן שבח ישראל ית תושבחתא הדא סקי בירא שבחו לה:,10,τότε ᾖσεν Ἰσραὴλ τὸ ᾆσμα τοῦτο ἐπὶ τοῦ φρέατος Ἐξάρχετε αὐτῷ·,11,ܗ̇ܝܕܝܢ ܫܒܚ ܐܝܣܪܝܠ ܬܫܒܘܚܬܐ ܗܕܐ ܣܩܝ ܒܪܐ ܥܢܘ ܠܗ̇.,9,"Então Israel cantou este cântico: Brota, ó poço! E vós, entoai-lhe cânticos!",12,True,True,True
21,18,Números 21:18,בְּאֵ֞ר חֲפָר֣וּהָ שָׂרִ֗ים כָּר֨וּהָ֙ נְדִיבֵ֣י הָעָ֔ם בִּמְחֹקֵ֖ק בְּמִשְׁעֲנֹתָ֑ם וּמִמִּדְבָּ֖ר מַתָּנָֽה ׃,באר חפרוה שרימ כרוה נדיבי העמ במחקק במשענתמ וממדבר מתנה,11,בירא דחפרוה רברביא כרוה רישי עמא ספריא בחוטריהון וממדברא אתיהיבת להון:,11,"φρέαρ, ὤρυξαν αὐτὸ ἄρχοντες, ἐξελατόμησαν αὐτὸ βασιλεῖς ἐθνῶν, ἐν τῇ βασιλείᾳ αὐτῶν, ἐν τῷ κυριεῦσαι αὐτῶν. καὶ ἀπὸ φρέατος εἰς Μανθαναείν·",21,ܒܪܐ ܕܚܦܪܘܗ̇ ܪ̈ܘܪܒܢܐ. ܘܚܛܘܗ̇ ܫ̈ܠܝܛܢܐ ܕܥܡܐ. ܘܒܕܩܘܗ̇ ܒܚܘܛܪ̈ܝܗܘܢ. ܘܡܢ ܡܕܒܪܐ ܐܬܝܗܒܬ ܠܡ̈ܬܢܐ.,12,"Ao poço que os príncipes cavaram, que os nobres do povo escavaram com o bastão, e com os seus bordões. Do deserto vieram a Matana;",25,True,True,True
21,19,Números 21:19,וּמִמַּתָּנָ֖ה נַחֲלִיאֵ֑ל וּמִנַּחֲלִיאֵ֖ל בָּמֽוֹת ׃,וממתנה נחליאל ומנחליאל במות,5,ומדאתיהיבת להון נחתא עמהון לנחליא ומנחליא סלקא עמהון לרמתא:,9,καὶ ἀπὸ Μανθαναεὶν εἰς Μαναήλ· καὶ ἀπὸ Μαναὴλ εἰς Βαμώθ·,10,ܘܡܢ ܡܬ̈ܢܐ ܠܢܚܠܐܝܠ. ܘܡܢ ܢܚܠܐܝܠ ܠܒܡܘܬ.,6,de Matana a Naaliel; de Naaliel a Bamote;,8,True,True,True
21,20,Números 21:20,וּמִבָּמ֗וֹת הַגַּיְא֙ אֲשֶׁר֙ בִּשְׂדֵ֣ה מוֹאָ֔ב רֹ֖אשׁ הַפִּסְגָּ֑ה וְנִשְׁקָ֖פָה עַל־ פְּנֵ֥י הַיְשִׁימֹֽן ׃ פ,ומבמות הגיא אשר בשדה מואב ראש הפסגה ונשקפה על פני הישימנ פ,13,ומרמתא לחיליא די בחקלי מואב ריש רמתא ומסתכיא על אפי בית ישימון:,12,"καὶ ἀπὸ Βαμὼθ εἰς Ἰανήν, ἥ ἐστιν ἐν τῷ πεδίῳ Μωὰβ ἀπὸ κορυφῆς τοῦ λελαξευμένου, τὸ βλέπον κατὰ πρόσωπον τῆς ἐρήμου.",21,ܘܡܢ ܒܡܘܬ ܕܢܚܠܐ ܕܒܚܩܠܐ ܕܡܘܐܒ. ܠܪܝܫ ܪܡܬܐ ܕܡܬܚܙܝܐ ܠܘܩܒܠ ܐܫܝܡܘܢ.,10,"e de Bamote ao vale que está no campo de Moabe, ao cume de Pisga, que dá para o deserto.",20,True,True,True
21,21,Números 21:21,וַיִּשְׁלַ֤ח יִשְׂרָאֵל֙ מַלְאָכִ֔ים אֶל־ סִיחֹ֥ן מֶֽלֶךְ־ הָאֱמֹרִ֖י לֵאמֹֽר ׃,וישלח ישראל מלאכימ אל סיחנ מלכ האמרי לאמר,9,ושלח ישראל אזגדין לות סיחון מלכא דאמוראה למימר:,8,Καὶ ἀπέστειλεν Μωυσῆς πρέσβεις πρὸς Σηὼν βασιλέα Ἀμορραίων λόγοις εἰρηνικοῖς λέγων,11,ܘܫܕܪ ܐܝܣܪܝܠ ܐܝ̈ܙܓܕܐ ܠܘܬ ܣܝܚܘܢ ܡܠܟܐ ܕܐܡܘܪ̈ܝܐ ܘܐܡܪ ܠܗ.,9,"Então Israel mandou mensageiros a Siom, rei dos amorreus, a dizer-lhe:",11,True,True,True
21,22,Números 21:22,אֶעְבְּרָ֣ה בְאַרְצֶ֗ךָ לֹ֤א נִטֶּה֙ בְּשָׂדֶ֣ה וּבְכֶ֔רֶם לֹ֥א נִשְׁתֶּ֖ה מֵ֣י בְאֵ֑ר בְּדֶ֤רֶךְ הַמֶּ֨לֶךְ֙ נֵלֵ֔ךְ עַ֥ד אֲשֶֽׁר־ נַעֲבֹ֖ר גְּבֻלֶֽךָ ׃,אעברה בארצכ לא נטה בשדה ובכרמ לא נשתה מי באר בדרכ המלכ נלכ עד אשר נעבר גבלכ,18,אעבר בארעך לא נסטי בחקל ובכרם לא נשתי מי גוב בארח מלכא נזל עד די נעבר תחומך:,17,"Παρελευσόμεθα διὰ τῆς γῆς σου· τῇ ὁδῷ πορευσόμεθα, οὐκ ἐκκλινοῦμεν οὔτε εἰς ἀγρὸν οὔτε εἰς ἀμπελῶνα, οὐ πιόμεθα ὕδωρ ἐκ φρέατός σου· ὁδῷ βασιλικῇ πορευσόμεθα ἕως παρέλθωμεν τὰ ὅριά σου.",30,ܐܥܒܪ ܒܐܪܥܟ. ܘܠܐ ܢܣܛܐ ܒܚܩܠܐ ܘܒܟܪܡܐ. ܘܠܐ ܢܫܬܐ ܡܢ ܡ̈ܝܐ ܕܓܘ̈ܒܐ. ܐܠܐ ܒܐܘܪܚ ܡܠܟܐ ܢܐܙܠ. ܥܕܡܐ ܕܢܥܒܪ ܬܚܘܡܟ.,18,Deixa-me passar pela tua terra; não nos desviaremos para os campos nem para as vinhas; as águas dos poços não beberemos; iremos pela estrada real até que tenhamos passado os teus termos.,32,True,True,True
21,23,Números 21:23,וְלֹא־ נָתַ֨ן סִיחֹ֣ן אֶת־ יִשְׂרָאֵל֮ עֲבֹ֣ר בִּגְבֻלוֹ֒ וַיֶּאֱסֹ֨ף סִיחֹ֜ן אֶת־ כָּל־ עַמּ֗וֹ וַיֵּצֵ֞א לִקְרַ֤את יִשְׂרָאֵל֙ הַמִּדְבָּ֔רָה וַיָּבֹ֖א יָ֑הְצָה וַיִּלָּ֖חֶם בְּיִשְׂרָאֵֽל ׃,ולא נתנ סיחנ את ישראל עבר בגבלו ויאספ סיחנ את כל עמו ויצא לקראת ישראל המדברה ויבא יהצה וילחמ בישראל,21,ולא שבק סיחון ית ישראל למעבר בתחומיה וכנש סיחון ית כל עמיה ונפק לקדמות ישראל למדברא ואתא ליהץ ואגיח קרבא בישראל:,21,"καὶ οὐκ ἔδωκεν Σηὼν τῷ Ἰσραὴλ παρελθεῖν διὰ τῶν ὁρίων αὐτοῦ· καὶ συνήγαγεν Σηὼν πάντα τὸν λαὸν αὐτοῦ, καὶ ἐξῆλθεν παρατάξασθαι Ἰσραὴλ εἰς τὴν ἔρημον· καὶ ἦλθεν εἰς Εἴσσα, καὶ παρετάξατο τῷ Ἰσραήλ.",33,ܘܠܐ ܫܒܩ ܣܝܚܘܢ ܠܐܝܣܪܝܠ ܕܢܥܒܪ ܒܬܚܘܡܗ. ܘܟܢܫ ܣܝܚܘܢ ܠܟܘܠܗ ܚܝܠܗ . ܘܢܦܩ ܠܐܘܪܥܐ ܕܐܝܣܪܝܠ ܠܡܕܒܪܐ ܘܐܬܐ ܠܝܗܨ . ܘܐܬܟܬܫ ܥܡ ܐܝܣܪܝܠ.,21,"Siom, porém, não deixou Israel passar pelos seus termos; pelo contrário, ajuntou todo o seu povo, saiu ao encontro de Israel no deserto e, vindo a Jaza, pelejou contra ele.",30,True,True,True
21,24,Números 21:24,וַיַּכֵּ֥הוּ יִשְׂרָאֵ֖ל לְפִי־ חָ֑רֶב וַיִּירַ֨שׁ אֶת־ אַרְצ֜וֹ מֵֽאַרְנֹ֗ן עַד־ יַבֹּק֙ עַד־ בְּנֵ֣י עַמּ֔וֹן כִּ֣י עַ֔ז גְּב֖וּל בְּנֵ֥י עַמּֽוֹן ׃,ויכהו ישראל לפי חרב ויירש את ארצו מארננ עד יבק עד בני עמונ כי עז גבול בני עמונ,19,ומחהי ישראל לפתגם דחרב וירת ית ארעיה מארנונא עד יובקא עד בני עמון ארי תקיף תחומא דבני עמון:,18,"καὶ ἐπάταξεν αὐτὸν Ἰσραὴλ φόνῳ μαχαίρης, καὶ κατεκυρίευσαν τῆς γῆς αὐτοῦ ἀπὸ Ἀρνὼν ἕως Ἰαβόκ, ἕως υἱῶν Ἀμμάν· ὅτι Ἰαζὴρ ὅρια υἱῶν Ἀμμών ἐστιν.",24,ܘܡܚܝܗܝ ܐܝܣܪܝܠ ܒܦܘܡܐ ܕܣܝܦܐ . ܘܝܪܬܘ ܐܪܥܗ ܡܢ ܐܪܢܘܢ ܘܥܕܡܐ ܠܝܒܩ. ܘܥܕܡܐ ܠܒ̈ܢܝ ܥܡܘܢ. ܡܛܘܠ ܕܥܫܝܢ ܗܘܐ ܬܚܘܡܐ ܕܒ̈ܢܝ ܥܡܘܢ.,20,"Mas Israel o feriu ao fio da espada, e apoderou-se da sua terra, desde o Arnom até o Jaboque, até os amonitas; porquanto a fronteira dos amonitas era fortificada.",29,True,True,True
21,25,Números 21:25,וַיִּקַּח֙ יִשְׂרָאֵ֔ל אֵ֥ת כָּל־ הֶעָרִ֖ים הָאֵ֑לֶּה וַיֵּ֤שֶׁב יִשְׂרָאֵל֙ בְּכָל־ עָרֵ֣י הָֽאֱמֹרִ֔י בְּחֶשְׁבּ֖וֹן וּבְכָל־ בְּנֹתֶֽיהָ ׃,ויקח ישראל את כל הערימ האלה וישב ישראל בכל ערי האמרי בחשבונ ובכל בנתיה,15,וכבש ישראל ית כל קרויא האלין ויתב ישראל בכל קרוי אמוראה בחשבון ובכל כפרנהא:,14,"καὶ ἔλαβεν Ἰσραὴλ πάσας τὰς πόλεις ταύτας· καὶ κατῴκησεν Ἰσραὴλ ἐν πάσαις ταῖς πόλεσιν τῶν Ἀμορραίων, ἐν Ἑσεβὼν καὶ ἐν πάσαις ταῖς συνκυρούσαις αὐτῇ.",24,ܘܢܣܒ ܐܝܣܪܝܠ ܗܠܝܢ ܟܠܗܝܢ ܩܘܪ̈ܝܐ. ܘܝܬܒ ܐܝܣܪܐܝܠ ܒܟܠܗܝܢ ܩܘܪ̈ܝܐ ܕܐܡܘܪ̈ܝܐ. ܒܚܫܒܘܢ ܘܒܟܠܗܘܢ ܟܦܪ̈ܘܢܝܗ̇.,13,"Assim Israel tomou todas as cidades dos amorreus e habitou nelas, em Hesbom e em todas as suas aldeias.",19,True,True,True
21,26,Números 21:26,כִּ֣י חֶשְׁבּ֔וֹן עִ֗יר סִיחֹ֛ן מֶ֥לֶךְ הָאֱמֹרִ֖י הִ֑וא וְה֣וּא נִלְחַ֗ם בְּמֶ֤לֶךְ מוֹאָב֙ הָֽרִאשׁ֔וֹן וַיִּקַּ֧ח אֶת־ כָּל־ אַרְצ֛וֹ מִיָּד֖וֹ עַד־ אַרְנֹֽן ׃,כי חשבונ עיר סיחנ מלכ האמרי הוא והוא נלחמ במלכ מואב הראשונ ויקח את כל ארצו מידו עד ארננ,20,ארי חשבון קרתא דסיחון מלכא דאמוראה היא והוא אגח קרבא במלכא דמואב קדמאה ונסיב ית כל ארעיה מידיה עד ארנון:,20,"ἔστιν γὰρ Ἑσεβών, πόλις Σηὼν τοῦ βασιλέως τῶν Ἀμορραίων ἐστιν· καὶ οὗτος ἐπολέμησεν βασιλέα Μωὰβ τὸ πρότερον, καὶ ἔλαβον πᾶσαν τὴν γῆν αὐτοῦ ἀπὸ Ἀροὴρ ἕως Ἀρνών.",27,ܡܛܠ ܕܚܫܒܘܢ ܩܪܝܬܗ ܗܝ ܕܣܝܚܘܢ ܡܠܟܐ ܕܐܡܘܪ̈ܝܐ. ܘܗܘ ܐܬܟܬܫ ܥܡ ܡܠܟܐ ܕܡܘܐܒ ܩܕܡܝܐ. ܘܢܣܒ ܟܠܗ̇ ܐܪܥܗ. ܡܢ ܬܚܘܡܗ ܘܥܕܡܐ ܠܐܪܢܘܢ.,20,"Porque Hesbom era a cidade de Siom, rei dos amorreus, que pelejara contra o precedente rei de Moabe, e tomara da mão dele toda a sua terra até o Arnom.",30,True,True,True
21,27,Números 21:27,עַל־ כֵּ֛ן יֹאמְר֥וּ הַמֹּשְׁלִ֖ים בֹּ֣אוּ חֶשְׁבּ֑וֹן תִּבָּנֶ֥ה וְתִכּוֹנֵ֖ן עִ֥יר סִיחֽוֹן ׃,על כנ יאמרו המשלימ באו חשבונ תבנה ותכוננ עיר סיחונ,11,על כן יימרון מתליא עולו לחשבון תתבני ותשתכלל קרתא דסיחון:,10,"διὰ τοῦτο ἐροῦσιν οἱ αἰνιγματισταί Ἔλθετε εἰς Ἑσεβών, ἵνα οἰκοδομηθῇ καὶ κατασκευασθῇ πόλις Σηών.",14,ܡܛܠ ܗܢܐ ܐ̇ܡܪܝܢ ܒܡܬܠܐ. ܥܘܠܘ ܠܚܫܒܘܢ. ܬܬܒܢܐ ܘܬܬܩܢ ܩܪܝܬܗ ܕܣܝܚܘܢ.,10,Pelo que dizem os que falam por provérbios: Vinde a Hesbom! edifique-se e estabeleça-se a cidade de Siom!,18,True,True,True
21,28,Números 21:28,כִּי־ אֵשׁ֙ יָֽצְאָ֣ה מֵֽחֶשְׁבּ֔וֹן לֶהָבָ֖ה מִקִּרְיַ֣ת סִיחֹ֑ן אָֽכְלָה֙ עָ֣ר מוֹאָ֔ב בַּעֲלֵ֖י בָּמ֥וֹת אַרְנֹֽן ׃,כי אש יצאה מחשבונ להבה מקרית סיחנ אכלה ער מואב בעלי במות ארננ,14,ארי קידום תקיף כאשא נפק מחשבון עבדי קרבא כשלהוביתא מקרתא דסיחון קטילו עמא דשרו בלחית מואב כומריא דפלחין בית דחלא רמתא דארנון:,22,"ὅτι πῦρ ἐξῆλθεν ἐξ Ἑσεβών, φλὸξ ἐκ πόλεως Σηών· καὶ κατέφαγεν ἕως Μωάβ, καὶ κατέπιεν στήλας Ἀρνών.",17,ܡܛܠ ܕܢܘܪܐ ܢܦܩܬ ܡܢ ܚܫܒܘܢ. ܘܫܠܗܒܝܬܐ ܡܢ ܟܪܟܐ ܕܣܝܚܘܢ. ܘܐܟܠܬ ܠܥܕ ܕܡܘܐܒ. ܘܠܦܠܚ̇ܝ ܥ̇ܠܘܬܐ ܕܐܪܢܘܢ.,15,"Porque fogo saiu de Hesbom, e uma chama da cidade de Siom; e devorou a Ar de Moabe, aos senhores dos altos do Arnom.",24,True,True,True
21,29,Números 21:29,אוֹי־ לְךָ֣ מוֹאָ֔ב אָבַ֖דְתָּ עַם־ כְּמ֑וֹשׁ נָתַ֨ן בָּנָ֤יו פְּלֵיטִם֙ וּבְנֹתָ֣יו בַּשְּׁבִ֔ית לְמֶ֥לֶךְ אֱמֹרִ֖י סִיחֽוֹן ׃,אוי לכ מואב אבדת עמ כמוש נתנ בניו פליטמ ובנתיו בשבית למלכ אמרי סיחונ,15,וי לכון מואבאי אבדתון עמא דפלחין לכמוש מסר בנוהי צירין ובנתיה בשביא למלכא דאמוראה סיחון:,15,"Οὐαί σοι, Μωάβ· ἀπώλου, λαὸς Χαμώς. ἀπεδόθησαν οἱ υἱοὶ αὐτῶν διασώζεσθαι, καὶ αἱ θυγατέρες αὐτῶν αἰχμάλωτοι, τῷ βασιλεῖ τῶν Ἀμορραίων Σηών.",21,ܘܝ ܠܟ ܐܪܢܘܢ. ܘܝ ܠܟ ܡܘܐܒ. ܐܒܕܬ ܥܡܐ ܕܟܡܘܫ. ܝ̇ܗܒ ܒܢ̈ܘܗܝ ܒܗܡܝܪ̈ܐ. ܘܒ̈ܢܬܗ ܒܫܒܝܐ. ܠܣܝܚܘܢ ܡܠܟܐ ܕܐܡܘܪ̈ܝܐ.,17,"Ai de ti, Moabe! perdido estás, povo de Quemós! Entregou seus filhos como fugitivos, e suas filhas como cativas, a Siom, rei dos amorreus.",24,True,True,True
21,30,Números 21:30,וַנִּירָ֛ם אָבַ֥ד חֶשְׁבּ֖וֹן עַד־ דִּיב֑וֹן וַנַּשִּׁ֣ים עַד־ נֹ֔פַח אֲשֶׁ֖רׄ עַד־ מֵֽידְבָֽא ׃,ונירמ אבד חשבונ עד דיבונ ונשימ עד נפח אשר עד מידבא,12,ומלכו פסקת מחשבון עדא שולטן מדיבון וצדיאו עד נפח דסמיך עד מידבא:,12,"καὶ τὸ σπέρμα αὐτῶν ἀπολεῖται, Ἑσεβὼν ἕως Δαιβών, καὶ αἱ γυναῖκες ἔτι προσεξέκαυσαν πῦρ ἐπὶ Μωάβ.",16,ܘܚܩ̈ܠܬܐ ܕܚܫܒܘܢ ܐܒܕ ܥܕܡܐ ܠܪܝܒܘܢ. ܘܨ̈ܕܝ ܥܕܡܐ ܠܢܟܚ ܕܒܡܕܒܪܐ.,9,"Nós os asseteamos; Hesbom está destruída até Dibom, e os assolamos até Nofá, que se estende até Medeba.",18,True,True,True
21,31,Números 21:31,וַיֵּ֨שֶׁב֙ יִשְׂרָאֵ֔ל בְּאֶ֖רֶץ הָאֱמֹרִֽי ׃,וישב ישראל בארצ האמרי,5,ויתב ישראל בארע אמוראה:,4,κατῴκησεν δὲ Ἰσραὴλ ἐν πάσαις ταῖς πόλεσιν τῶν Ἀμορραίων.,9,ܘܝܬܒ ܐܝܣܪܝܠ ܒܐܪܥܐ ܕܐܡܘܪ̈ܝܐ.,4,Assim habitou Israel na terra dos amorreus.,7,True,True,True
21,32,Números 21:32,וַיִּשְׁלַ֤ח מֹשֶׁה֙ לְרַגֵּ֣ל אֶת־ יַעְזֵ֔ר וַֽיִּלְכְּד֖וּ בְּנֹתֶ֑יהָ ויירש אֶת־ הָאֱמֹרִ֥י אֲשֶׁר־ שָֽׁם ׃,וישלח משה לרגל את יעזר וילכדו בנתיה ויירש את האמרי אשר שמ,13,ושלח משה לאללא ית יעזר וכבשו כפרנהא ותריך ית אמוראה די תמן:,12,"καὶ ἀπέστειλεν Μωυσῆς κατασκέψασθαι τὴν Ἰαζήρ, καὶ κατελάβοντο αὐτὴν καὶ τὰς κώμας αὐτῆς, καὶ ἐξέβαλον τὸν Ἀμορραῖον τὸν κατοικοῦντα ἐκεῖ.",20,ܘܫܕܪ ܡܘܫܐ ܠܡܓܫ ܠܝܥܙܝܪ. ܘܟܒܫ ܟܦܪ̈ܘܢܝܗ̇. ܘܐܘܒܕ ܠܐܡܘܪ̈ܝܐ ܕܬܡܢ.,9,"Depois Moisés mandou espiar a Jazer, e tomaram as suas aldeias e expulsaram os amorreus que ali estavam.",18,True,True,True
21,33,Números 21:33,וַיִּפְנוּ֙ וַֽיַּעֲל֔וּ דֶּ֖רֶךְ הַבָּשָׁ֑ן וַיֵּצֵ֣א עוֹג֩ מֶֽלֶךְ־ הַבָּשָׁ֨ן לִקְרָאתָ֜ם ה֧וּא וְכָל־ עַמּ֛וֹ לַמִּלְחָמָ֖ה אֶדְרֶֽעִי ׃,ויפנו ויעלו דרכ הבשנ ויצא עוג מלכ הבשנ לקראתמ הוא וכל עמו למלחמה אדרעי,15,ואתפניאו וסליקו לארח מתנן ונפק עוג מלכא דמתנן לקדמותהון הוא וכל עמיה לאגחא קרבא לאדרעי:,15,"καὶ ἐπιστρέψαντες ἀνέβησαν ὁδὸν τὴν εἰς Βασάν· καὶ ἐξῆλθεν Ὢγ βασιλεὺς τῆς Βασὰν εἰς συνάντησιν αὐτοῖς, καὶ πᾶς ὁ λαὸς αὐτοῦ εἰς πόλεμον εἰς Ἐδράειν.",25,ܘܗܦܟܘ ܣܠܩܘ ܠܐܪܥܐ ܕܡܬܢܝܢ. ܘܢܦܩ ܥܘܓ ܡܠܟܐ ܕܡܬܢܝܢ ܠܐܘܪܥܗܘܢ. ܗܘ ܘܟܠܗ ܥܡܗ ܠܩܪܒܐ ܒܐܪܕܥܝ.,14,"Então viraram-se, e subiram pelo caminho de Basã. E Ogue, rei de Basã, saiu-lhes ao encontro, ele e todo o seu povo, para lhes dar batalha em Edrei.",28,True,True,True
21,34,Números 21:34,וַיֹּ֨אמֶר יְהוָ֤ה אֶל־ מֹשֶׁה֙ אַל־ תִּירָ֣א אֹת֔וֹ כִּ֣י בְיָדְךָ֞ נָתַ֧תִּי אֹת֛וֹ וְאֶת־ כָּל־ עַמּ֖וֹ וְאֶת־ אַרְצ֑וֹ וְעָשִׂ֣יתָ לּ֔וֹ כַּאֲשֶׁ֣ר עָשִׂ֗יתָ לְסִיחֹן֙ מֶ֣לֶךְ הָֽאֱמֹרִ֔י אֲשֶׁ֥ר יוֹשֵׁ֖ב בְּחֶשְׁבּֽוֹן ׃,ויאמר יהוה אל משה אל תירא אתו כי בידכ נתתי אתו ואת כל עמו ואת ארצו ועשית לו כאשר עשית לסיחנ מלכ האמרי אשר יושב בחשבונ,27,ואמר יי למשה לא תדחל מניה ארי בידך מסרית יתיה וית כל עמיה וית ארעיה ותעבד ליה כמא די עבדת לסיחון מלכא דאמוראה די יתב בחשבון:,26,"καὶ εἶπεν Κύριος πρὸς Μωυσῆν Μὴ φοβηθῇς αὐτόν, ὅτι εἰς τὰς χεῖράς σου παραδέδωκα αὐτὸν καὶ πάντα τὸν λαὸν αὐτοῦ καὶ πᾶσαν τὴν γῆν αὐτοῦ· καὶ ποιήσεις αὐτῷ καθὼς ἐποίησας τῷ Σηὼν βασιλεῖ τῶν Ἀμορραίων, ὃς κατῴκει ἐν Ἑσεβών.",39,ܘܐܡܪ ܡܪܝܐ ܠܡܘܫܐ. ܠܐ ܬܕܚܠ ܡܢܗ. ܡܛܠ ܕܒ̈ܐܝܕܝܟ ܡܫܠܡ ܐܢܐ ܠܗ ܘܠܟܘܠܗ ܥܡܗ. ܘܠܟܠܗ̇ ܐܪܥܗ. ܘܥܒܕ ܠܗ ܐܝܟ ܕܥܒܕܬ ܠܣܝܚܘܢ ܡܠܟܐ ܕܐܡܘܪ̈ܝܐ. ܕܝ̇ܬܒ ܗܘܐ ܒܚܫܒܘܢ.,25,"Disse, pois, o Senhor a Moisés: Não o temas, porque eu to entreguei na mão, a ele, a todo o seu povo, e à sua terra; e far-lhe-ás como fizeste a Siom, rei dos amorreus, que habitava em Hesbom.",39,True,True,True
21,35,Números 21:35,וַיַּכּ֨וּ אֹת֤וֹ וְאֶת־ בָּנָיו֙ וְאֶת־ כָּל־ עַמּ֔וֹ עַד־ בִּלְתִּ֥י הִשְׁאִֽיר־ ל֖וֹ שָׂרִ֑יד וַיִּֽירְשׁ֖וּ אֶת־ אַרְצֽוֹ ׃,ויכו אתו ואת בניו ואת כל עמו עד בלתי השאיר לו שריד ויירשו את ארצו,16,ומחו יתיה וית בנוהי וית כל עמיה עד דלא אשתאר ליה משזיב ויריתו ית ארעיה:,15,"καὶ ἐπάταξεν αὐτὸν καὶ τοὺς υἱοὺς αὐτοῦ καὶ πάντα τὸν λαὸν αὐτοῦ, ἕως τοῦ μὴ καταλιπεῖν αὐτοῦ ζωγρείαν· καὶ ἐκληρονόμησαν τὴν γῆν αὐτῶν.",23,ܘܚܪܒܘܗܝ ܠܗ ܘܠܒ̈ܢܘܗܝ ܘܠܟܠܗ ܥܡܗ. ܘܠܐ ܫܒܩܘ ܠܗ ܣܪܝܕܐ. ܘܝܪܬܘ ܐܪܥܗ.,11,"Assim o feriram, a ele e seus filhos, e a todo o seu povo, até que nenhum lhe ficou restando; também se apoderaram da terra dele.",26,True,True,True
22,1,Números 22:1,וַיִּסְע֖וּ בְּנֵ֣י יִשְׂרָאֵ֑ל וַֽיַּחֲנוּ֙ בְּעַֽרְב֣וֹת מוֹאָ֔ב מֵעֵ֖בֶר לְיַרְדֵּ֥ן יְרֵחֽוֹ ׃ ס,ויסעו בני ישראל ויחנו בערבות מואב מעבר לירדנ ירחו ס,11,ונטלו בני ישראל ושרו במשריא דמואב מעברא לירדנא דירחו:,9,καὶ ἀπάραντες οἱ υἱοὶ Ἰσραὴλ παρενέβαλον ἐπὶ δυσμῶν Μωὰβ παρὰ τὸν Ἰορδάνην κατὰ Ἰερειχώ.,14,ܘܫܩܠܘ ܒܢ̈ܝ ܐܝܣܪܝܠ. ܘܫܪܘ ܒܥܪܒܘܬ ܡܘܐܒ ܕܒܥܒܪܐ ܕܝܘܪܕܢܢ ܕܐܝܪܝܚܘ.,9,"Depois os filhos de Israel partiram, e acamparam-se nas planícies de Moabe, além do Jordão, na altura de Jericó.",19,True,True,True
22,2,Números 22:2,וַיַּ֥רְא בָּלָ֖ק בֶּן־ צִפּ֑וֹר אֵ֛ת כָּל־ אֲשֶׁר־ עָשָׂ֥ה יִשְׂרָאֵ֖ל לָֽאֱמֹרִֽי ׃,וירא בלק בנ צפור את כל אשר עשה ישראל לאמרי,11,וחזא בלק בר צפור ית כל די עבד ישראל לאמוראי:,10,"Καὶ ἰδὼν Βαλὰκ υἱὸς Σεπφὼρ πάντα ὅσα ἐποίησεν Ἰσραὴλ τῷ Ἀμορραίῳ,",11,ܘܚܙܐ ܒܠܩ ܒܪ ܨܦܘܪ ܟܘܠ ܕܥܒܕ ܐܝܣܪܝܠ ܠܐܡܘܪ̈ܝܐ.,8,"Ora, Balaque, filho de Zipor, viu tudo o que Israel fizera aos amorreus.",13,True,True,True
22,3,Números 22:3,וַיָּ֨גָר מוֹאָ֜ב מִפְּנֵ֥י הָעָ֛ם מְאֹ֖ד כִּ֣י רַב־ ה֑וּא וַיָּ֣קָץ מוֹאָ֔ב מִפְּנֵ֖י בְּנֵ֥י יִשְׂרָאֵֽל ׃,ויגר מואב מפני העמ מאד כי רב הוא ויקצ מואב מפני בני ישראל,14,ודחל מואבאה מן קדם עמא לחדא ארי סגי הוא ועקת למואבאה מן קדם בני ישראל:,15,"καὶ ἐφοβήθη Μωὰβ τὸν λαὸν σφόδρα, ὅτι πολλοὶ ἦσαν· καὶ προσώχθισεν Μωὰβ ἀπὸ προσώπου υἱῶν Ἰσραήλ.",16,ܘܕܚܠܘ ܡܘܐ̈ܒܝܐ ܡܢ ܩܕܡ ܥܡܐ ܛܒ. ܡܛܠ ܕܣܓܝ ܗܘܐ ܛܒ. ܘܥܩܬ ܠܗܘܢ ܠܡܘܐ̈ܒܝܐ ܡܢ ܩܕܡ ܒ̈ܢܝ ܐܝܣܪܝܠ.,17,"E Moabe tinha grande medo do povo, porque era muito; e Moabe andava angustiado por causa dos filhos de Israel.",20,True,True,True
22,4,Números 22:4,וַיֹּ֨אמֶר מוֹאָ֜ב אֶל־ זִקְנֵ֣י מִדְיָ֗ן עַתָּ֞ה יְלַחֲכ֤וּ הַקָּהָל֙ אֶת־ כָּל־ סְבִ֣יבֹתֵ֔ינוּ כִּלְחֹ֣ךְ הַשּׁ֔וֹר אֵ֖ת יֶ֣רֶק הַשָּׂדֶ֑ה וּבָלָ֧ק בֶּן־ צִפּ֛וֹר מֶ֥לֶךְ לְמוֹאָ֖ב בָּעֵ֥ת הַהִֽוא ׃,ויאמר מואב אל זקני מדינ עתה ילחכו הקהל את כל סביבתינו כלחכ השור את ירק השדה ובלק בנ צפור מלכ למואב בעת ההוא,24,ואמר מואב לסבי מדין כען ישיצון קהלא ית כל סחרננא כמא דמלחיך תורא ית ירוקא דחקלא ובלק בר צפור מלכא למואב בעדנא ההיא:,23,"καὶ εἶπεν Μωὰβ τῇ γερουσίᾳ Μαδιάμ Νῦν ἐκλίξει ἡ συναγωγὴ αὕτη πάντας τοὺς κύκλῳ ἡμῶν, ὡς ἐκλίξαι ὁ μόσχος τὰ χλωρὰ ἐκ τοῦ πεδίου. καὶ Βαλὰκ υἱὸς Σεπφὼρ βασιλεὺς Μωὰβ ἦν κατὰ τὸν καιρὸν ἐκεῖνον.",35,ܘܐܡܪ ܡܘܐܒ ܠܣ̈ܒܐ ܕܡܕܝܢ. ܡܟܝܠ ܪܥܝܢ ܟܢܫܐ ܗܢܐ ܠܟܠܗܘܢ ܕܚܕܪܝܢ. ܐܝܟ ܕܪܥܐ ܬܘܪܐ ܠܝܘܪܩܐ ܕܚܩܠܐ. ܘܒܠܩ ܗܘܐ ܒܪ ܨܦܘܪ ܡܠܟܐ ܕܡܘܐ̈ܒܝܐ ܒܙܒܢܐ ܗ̇ܘ.,23,"Por isso disse aos anciãos de Midiã: Agora esta multidão lamberá tudo quanto houver ao redor de nós, como o boi lambe a erva do campo. Nesse tempo Balaque, filho de Zipor, era rei de Moabe.",36,True,True,True
22,5,Números 22:5,וַיִּשְׁלַ֨ח מַלְאָכִ֜ים אֶל־ בִּלְעָ֣ם בֶּן־ בְּע֗וֹר פְּ֠תוֹרָה אֲשֶׁ֧ר עַל־ הַנָּהָ֛ר אֶ֥רֶץ בְּנֵי־ עַמּ֖וֹ לִקְרֹא־ ל֑וֹ לֵאמֹ֗ר הִ֠נֵּה עַ֣ם יָצָ֤א מִמִּצְרַ֨יִם֙ הִנֵּ֤ה כִסָּה֙ אֶת־ עֵ֣ין הָאָ֔רֶץ וְה֥וּא יֹשֵׁ֖ב מִמֻּלִֽי ׃,וישלח מלאכימ אל בלעמ בנ בעור פתורה אשר על הנהר ארצ בני עמו לקרא לו לאמר הנה עמ יצא ממצרימ הנה כסה את עינ הארצ והוא ישב ממלי,29,ושלח אזגדין לות בלעם בר בעור לפתור ארם דעל פרת ארע בני עמיה למקרי ליה למימר הא עמא נפק ממצרים הא חפא ית עין שמשא דארעא והוא שרי מלקבלי:,29,"καὶ ἀπέστειλεν πρέσβεις πρὸς Βαλαὰμ υἱὸν Βεὼρ Φαθούρα, ὅ ἐστιν ἐπὶ τοῦ ποταμοῦ γῆς υἱῶν λαοῦ αὐτοῦ, καλέσαι αὐτὸν λέγων Ἰδοὺ λαὸς ἐξελήλυθεν ἐξ Αἰγύπτου, καὶ ἰδοὺ κατεκάλυψεν τὴν ὄψιν τῆς γῆς· καὶ οὗτος ἐνκάθηται ἐχόμενός μου.",37,ܘܫܕܪ ܐܝ̈ܙܓܕܐ ܠܘܬ ܒܠܥܡ ܒܪ ܒܥܘܪ ܦܫܘܪܐ. ܕܥܠ ܢܗܪܐ ܠܐܪܥܐ ܕܒ̈ܢܝ ܥܡܘܢ. ܠܡܩܪܝܗ ܘܠܡܐܡܪ ܠܗ. ܗܐ ܥܡܐ ܢܦܩ ܡܢ ܡܨܪܝܢ. ܘܟܣܝ ܐ̈ܦܝܗ̇ ܕܐܪܥܐ. ܘܗܐ ܫܪܝܢ ܠܘܩܒܠܝ.,26,"Ele enviou mensageiros a Balaão, filho de Beor, a Petor, que está junto ao rio, à terra dos filhos do seu povo, a fim de chamá-lo, dizendo: Eis que saiu do Egito um povo, que cobre a face da terra e estaciona defronte de mim.",45,True,True,True
22,6,Números 22:6,וְעַתָּה֩ לְכָה־ נָּ֨א אָֽרָה־ לִּ֜י אֶת־ הָעָ֣ם הַזֶּ֗ה כִּֽי־ עָצ֥וּם הוּא֙ מִמֶּ֔נִּי אוּלַ֤י אוּכַל֙ נַכֶּה־ בּ֔וֹ וַאֲגָרְשֶׁ֖נּוּ מִן־ הָאָ֑רֶץ כִּ֣י יָדַ֗עְתִּי אֵ֤ת אֲשֶׁר־ תְּבָרֵךְ֙ מְבֹרָ֔ךְ וַאֲשֶׁ֥ר תָּאֹ֖ר יוּאָֽר ׃,ועתה לכה נא ארה לי את העמ הזה כי עצומ הוא ממני אולי אוכל נכה בו ואגרשנו מנ הארצ כי ידעתי את אשר תברכ מברכ ואשר תאר יואר,29,וכען איתא כען לוט לי ית עמא הדין ארי תקיף הוא מני מאים אכול לאגחא ביה קרב ואתרכניה מן ארעא ארי ידענא ית די תברך מברך ודי תלוט ליט:,29,"καὶ νῦν δεῦρο ἄρασαί μοι τὸν λαὸν τοῦτον, ὅτι ἰσχύει οὗτος ἢ ἡμεῖς, ἐὰν δυνώμεθα πατάξαι ἐξ αὐτῶν, καὶ ἐκβαλῶ αὐτοὺς ἐκ τῆς γῆς· ὅτι οἶδα οὓς ἐὰν εὐλογήσῃς σύ, εὐλόγηνται, καὶ οὓς ἐὰν καταράσῃ σύ, κεκατήρανται.",37,ܡܟܝܠ ܬܐ ܠܘܛܝܗܝ ܠܝ ܠܥܡܐ ܗܢܐ. ܡܛܠ ܕܥܫܝܢ ܗܘ ܡܢܝ. ܟܒܪ ܢܫܟܚ ܢܚܪܘܒ ܡܢܗ ܘܢܘܒܕܝܘܗܝ ܡܢ ܐܪܥܐ. ܡܛܠ ܕܝܕܥ ܐܢܐ ܕܠܡ̇ܢ ܕܒܪܟ ܐܢܬ ܒܪܝܟ ܗܘ. ܘܠܡ̇ܢ ܕܠܐܛ ܐܢܬ ܠܝܛ ܗܘ.,30,"Vem pois agora, rogo-te, amaldiçoar-me este povo, pois mais poderoso é do que eu; porventura prevalecerei, de modo que o possa ferir e expulsar da terra; porque eu sei que será abençoado aquele a quem tu abençoares, e amaldiçoado aquele a quem tu amaldiçoares.",44,True,True,True
22,7,Números 22:7,וַיֵּ֨לְכ֜וּ זִקְנֵ֤י מוֹאָב֙ וְזִקְנֵ֣י מִדְיָ֔ן וּקְסָמִ֖ים בְּיָדָ֑ם וַיָּבֹ֨אוּ֙ אֶל־ בִּלְעָ֔ם וַיְדַבְּר֥וּ אֵלָ֖יו דִּבְרֵ֥י בָלָֽק ׃,וילכו זקני מואב וזקני מדינ וקסמימ בידמ ויבאו אל בלעמ וידברו אליו דברי בלק,15,ואזלו סבי מואב וסבי מדין וקסמיא בידיהון ואתו לות בלעם ומלילו עמיה פתגמי בלק:,14,"καὶ ἐπορεύθη ἡ γερουσία Μωὰβ καὶ ἡ γερουσία Μαδιάμ, καὶ τὰ μαντεῖα ἐν ταῖς χερσὶν αὐτῶν· καὶ ἦλθον πρὸς Βαλαὰμ καὶ εἶπαν αὐτῷ τὰ ῥήματα Βαλάκ.",26,ܘܐܙܠܘ ܣ̈ܒܐ ܕܡܘܐܒ ܘܣ̈ܒܐ ܕܡܕܝܢ ܘܩ̈ܨܡܝܗܘܢ ܒܐ̈ܝܕܝܗܘܢ. ܘܐܬܘ ܠܘܬ ܒܠܥܡ. ܘܐܡܪܘ ܠܗ. ܡ̈ܠܘܗܝ ܕܒܠܩ.,14,"Foram-se, pois, os anciãos de Moabe e os anciãos de Midiã, com o preço dos encantamentos nas mãos e, chegando a Balaão, referiram-lhe as palavras de Balaque.",27,True,True,True
22,8,Números 22:8,וַיֹּ֣אמֶר אֲלֵיהֶ֗ם לִ֤ינוּ פֹה֙ הַלַּ֔יְלָה וַהֲשִׁבֹתִ֤י אֶתְכֶם֙ דָּבָ֔ר כַּאֲשֶׁ֛ר יְדַבֵּ֥ר יְהוָ֖ה אֵלָ֑י וַיֵּשְׁב֥וּ שָׂרֵֽי־ מוֹאָ֖ב עִם־ בִּלְעָֽם ׃,ויאמר אליהמ לינו פה הלילה והשבתי אתכמ דבר כאשר ידבר יהוה אלי וישבו שרי מואב עמ בלעמ,18,ואמר להון ביתו הכא בליליא ואתב יתכון פתגמא כמא די מליל יי עמי ואוריכו רברבי מואב עם בלעם:,18,"καὶ εἶπεν πρὸς αὐτούς Καταλύσατε αὐτοῦ τὴν νύκτα, καὶ ἀποκριθήσομαι ὑμῖν πράγματα ἃ ἐὰν λαλήσῃ Κύριος πρὸς μέ. καὶ κατέμειναν οἱ ἄρχοντες Μωὰβ παρὰ Βαλαάμ.",25,ܘܐܡܪ ܠܗܘܢ. ܒܘܬܘ ܗܪܟܐ ܒܠܠܝܐ . ܘܐܬܠ ܠܟܘܢ ܦܬܓܡܐ ܐܝܟ ܕܐܡܪ ܠܝ ܡܪܝܐ. ܘܦܫܘ ܪ̈ܘܪܒܢܐ ܕܡܘܐܒ ܠܘܬ ܒܠܥܡ.,18,"Ele lhes respondeu: Passai aqui esta noite, e vos trarei a resposta, como o Senhor me falar. Então os príncipes de Moabe ficaram com Balaão.",25,True,True,True
22,9,Números 22:9,וַיָּבֹ֥א אֱלֹהִ֖ים אֶל־ בִּלְעָ֑ם וַיֹּ֕אמֶר מִ֛י הָאֲנָשִׁ֥ים הָאֵ֖לֶּה עִמָּֽךְ ׃,ויבא אלהימ אל בלעמ ויאמר מי האנשימ האלה עמכ,10,ואתא מימר מן קדם יי לות בלעם ואמר מן גבריא האלין דעמך:,12,καὶ ἦλθεν ὁ θεὸς παρὰ Βαλαὰμ καὶ εἶπεν αὐτῷ Τί οἱ ἄνθρωποι οὗτοι παρὰ σοί;,15,ܘܐܬܐ ܐܠܗܐ ܥܠ ܒܠܥܡ ܘܐܡܪ ܠܗ. ܡ̇ܢ ܐܢܘܢ ܗܠܝܢ ܓܒܪ̈ܐ ܕܥܡܟ.,11,"Então veio Deus a Balaão, e perguntou: Quem são estes homens que estão contigo?",14,True,True,True
22,10,Números 22:10,וַיֹּ֥אמֶר בִּלְעָ֖ם אֶל־ הָאֱלֹהִ֑ים בָּלָ֧ק בֶּן־ צִפֹּ֛ר מֶ֥לֶךְ מוֹאָ֖ב שָׁלַ֥ח אֵלָֽי ׃,ויאמר בלעמ אל האלהימ בלק בנ צפר מלכ מואב שלח אלי,12,ואמר בלעם קדם יי בלק בר צפור מלכא דמואב שלח לותי:,11,καὶ εἶπεν Βαλαὰμ πρὸς τὸν θεόν Βαλὰκ υἱὸς Σεπφὼρ βασιλεὺς Μωὰβ ἀπέστειλεν αὐτοὺς πρὸς μὲ λέγων,16,ܘܐܡܪ ܒܠܥܡ ܠܐܠܗܐ. ܒܠܩ ܒܪ ܨܦܘܪ ܡܠܟܐ ܕܡܘܐܒ ܫܕܪ ܥܠܝ ܘܐܡܪ ܠܝ.,12,"Respondeu Balaão a Deus: Balaque, filho de Zipor, rei de Moabe, mos enviou, dizendo:",14,True,True,True
22,11,Números 22:11,הִנֵּ֤ה הָעָם֙ הַיֹּצֵ֣א מִמִּצְרַ֔יִם וַיְכַ֖ס אֶת־ עֵ֣ין הָאָ֑רֶץ עַתָּ֗ה לְכָ֤ה קָֽבָה־ לִּי֙ אֹת֔וֹ אוּלַ֥י אוּכַ֛ל לְהִלָּ֥חֶם בּ֖וֹ וְגֵרַשְׁתִּֽיו ׃,הנה העמ היצא ממצרימ ויכס את עינ הארצ עתה לכה קבה לי אתו אולי אוכל להלחמ בו וגרשתיו,19,הא עמא די נפק ממצרים וחפא ית עין שמשא דארעא כען איתא לוט לי יתיה מאים איכול לאגחא ביה קרב ואתרכניה:,21,"Ἰδοὺ λαὸς ἐξελήλυθεν ἐξ Αἰγύπτου, καὶ ἰδοὺ κεκάλυφεν τὴν ὄψιν τῆς γῆς, καὶ οὗτος ἐνκάθηται ἐχόμενός μου· καὶ νῦν δεῦρο ἄρασαί μοι αὐτόν, εἰ ἄρα δυνήσομαι πατάξαι αὐτὸν καὶ ἐκβαλῶ αὐτὸν ἀπὸ τῆς γῆς.",34,ܗܐ ܥܡܐ ܢܦܩ ܡܢ ܡܨܪܝܢ. ܘܟܣܝ ܐܦܝܗ̇ ܕܐܪܥܐ ܗܫܐ ܬܐ ܠܘܛܝܗܝ ܠܝ. ܟܒܪ ܐܫܟܚ ܠܡܬܟܬܫܘ ܥܡܗ ܘܐܘܒܕܝܘܗܝ.,17,Eis que o povo que saiu do Egito cobre a face da terra; vem agora amaldiçoar-mo; porventura poderei pelejar contra ele e expulsá-lo.,23,True,True,True
22,12,Números 22:12,וַיֹּ֤אמֶר אֱלֹהִים֙ אֶל־ בִּלְעָ֔ם לֹ֥א תֵלֵ֖ךְ עִמָּהֶ֑ם לֹ֤א תָאֹר֙ אֶת־ הָעָ֔ם כִּ֥י בָר֖וּךְ הֽוּא ׃,ויאמר אלהימ אל בלעמ לא תלכ עמהמ לא תאר את העמ כי ברוכ הוא,15,ואמר יי לבלעם לא תזל עמהון לא תלוט ית עמא ארי בריך הוא:,13,καὶ εἶπεν ὁ θεὸς πρὸς Βαλαάμ Οὐ πορεύσῃ μετ᾽ αὐτῶν οὐδὲ καταράσῃ τὸν λαόν· ἔστιν γὰρ εὐλογημένος.,17,ܘܐܡܪ ܐܠܗܐ ܠܒܠܥܡ. ܠܐ ܬܐܙܠ ܥܡܗܘܢ. ܘܠܐ ܬܠܘܛܝܗܝ ܠܥܡܐ. ܡܛܠ ܕܒܪܝܟ ܗܘ.,12,"E Deus disse a Balaão: Não irás com eles; não amaldiçoarás a este povo, porquanto é bendito.",17,True,True,True
22,13,Números 22:13,וַיָּ֤קָם בִּלְעָם֙ בַּבֹּ֔קֶר וַיֹּ֨אמֶר֙ אֶל־ שָׂרֵ֣י בָלָ֔ק לְכ֖וּ אֶֽל־ אַרְצְכֶ֑ם כִּ֚י מֵאֵ֣ן יְהוָ֔ה לְתִתִּ֖י לַהֲלֹ֥ךְ עִמָּכֶֽם ׃,ויקמ בלעמ בבקר ויאמר אל שרי בלק לכו אל ארצכמ כי מאנ יהוה לתתי להלכ עמכמ,17,וקם בלעם בצפרא ואמר לרברבי בלק איזילו לארעכון ארי לית רעוא קדם יי למשבקי למזל עמכון:,16,καὶ ἀναστὰς Βαλαὰμ τὸ πρωὶ εἶπεν τοῖς ἄρχουσιν Βαλάκ Ἀποτρέχετε πρὸς τὸν κύριον ὑμῶν· οὐκ ἀφίησίν με ὁ θεὸς πορεύεσθαι μεθ᾽ ὑμῶν.,22,ܘܩܡ ܒܠܥܡ ܒܨܦܪܐ. ܘܐܡܪ ܠܪ̈ܘܪܒܢܐ ܕܒܠܩ. ܙܠܘ ܠܐܪܥܟܘܢ . ܡܛܠ ܕܠܐ ܨܒܐ ܡܪܝܐ ܠܡܫܒܩܢܝ ܕܐ̇ܙܠ ܥܡܟܘܢ.,16,"Levantando-se Balaão pela manhã, disse aos príncipes de Balaque: Ide para a vossa terra, porque o Senhor recusa deixar-me ir convosco.",21,True,True,True
22,14,Números 22:14,וַיָּק֨וּמוּ֙ שָׂרֵ֣י מוֹאָ֔ב וַיָּבֹ֖אוּ אֶל־ בָּלָ֑ק וַיֹּ֣אמְר֔וּ מֵאֵ֥ן בִּלְעָ֖ם הֲלֹ֥ךְ עִמָּֽנוּ ׃,ויקומו שרי מואב ויבאו אל בלק ויאמרו מאנ בלעמ הלכ עמנו,12,וקמו רברבי מואב ואתו לות בלק ואמרו סרב בלעם למתי עמנא:,11,καὶ ἀναστάντες οἱ ἄρχοντες Μωὰβ ἦλθον πρὸς Βαλὰκ καὶ εἶπαν Οὐ θέλει Βαλαὰμ πορευθῆναι μεθ᾽ ἡμῶν.,16,ܘܩܡܘ ܪ̈ܘܪܒܢܐ ܕܡܘܐܒ. ܘܐܬܘ ܠܘܬ ܒܠܩ ܘܐ̇ܡܪܝܢ ܠܗ. ܠܐ ܨܒܐ ܒܠܥܡ ܠܡܐܬܐ ܥܡܢ.,13,"Levantaram-se, pois, os príncipes de Moabe, vieram a Balaque e disseram: Balaão recusou vir conosco.",15,True,True,True
22,15,Números 22:15,וַיֹּ֥סֶף ע֖וֹד בָּלָ֑ק שְׁלֹ֣חַ שָׂרִ֔ים רַבִּ֥ים וְנִכְבָּדִ֖ים מֵאֵֽלֶּה ׃,ויספ עוד בלק שלח שרימ רבימ ונכבדימ מאלה,9,ואוסיף עוד בלק למשלח רברבין סגיאין ויקירין מאלין:,8,καὶ προσέθετο Βαλὰκ ἔτι ἀποστεῖλαι ἄρχοντας πλείους καὶ ἐντιμοτέρους τούτων.,10,ܘܗܦܟ ܬܘܒ ܒܠܩ. ܘܫܕܪ ܐܝ̈ܙܓܕܐ ܕܪ̈ܘܪܒܝܢ ܘܝܩܝܪ̈ܝܢ ܡܢ ܗܠܝܢ.,9,"Balaque, porém, tornou a enviar príncipes, em maior número e mais honrados do que aqueles.",15,True,True,True
22,16,Números 22:16,וַיָּבֹ֖אוּ אֶל־ בִּלְעָ֑ם וַיֹּ֣אמְרוּ ל֗וֹ כֹּ֤ה אָמַר֙ בָּלָ֣ק בֶּן־ צִפּ֔וֹר אַל־ נָ֥א תִמָּנַ֖ע מֵהֲלֹ֥ךְ אֵלָֽי ׃,ויבאו אל בלעמ ויאמרו לו כה אמר בלק בנ צפור אל נא תמנע מהלכ אלי,16,ואתו לות בלעם ואמרו ליה כדנן אמר בלק בר צפור לא כען תתמנע מלמתי לותי:,15,"καὶ ἦλθον πρὸς Βαλαὰμ καὶ λέγουσιν αὐτῷ Τάδε λέγει Βαλὰκ ὁ τοῦ Σεπφώρ Ἀξιῶ σε, μὴ ὀκνήσῃς ἐλθεῖν πρὸς μέ.",20,ܘܐܬܘ ܠܘܬ ܒܠܥܡ ܘܐܡܪܘ ܠܗ. ܗܟܢܐ ܐ̇ܡܪ ܒܠܩ ܒܪ ܨܦܘܪ. ܠܐ ܬܬܟܠܐ ܠܡܐܬܐ ܠܘܬܝ.,14,"Estes vieram a Balaão e lhe disseram: Assim diz Balaque, filho de Zipor: Rogo-te que não te demores em vir a mim,",22,True,True,True
22,17,Números 22:17,כִּֽי־ כַבֵּ֤ד אֲכַבֶּדְךָ֙ מְאֹ֔ד וְכֹ֛ל אֲשֶׁר־ תֹּאמַ֥ר אֵלַ֖י אֶֽעֱשֶׂ֑ה וּלְכָה־ נָּא֙ קָֽבָה־ לִּ֔י אֵ֖ת הָעָ֥ם הַזֶּֽה ׃,כי כבד אכבדכ מאד וכל אשר תאמר אלי אעשה ולכה נא קבה לי את העמ הזה,17,ארי יקרא איקרנך לחדא וכל די תימר לי אעבד ואיתא כען לוט לי ית עמא הדין:,16,"ἐντίμως γὰρ τιμήσω σε, καὶ ὅσα ἐὰν εἴπῃς ποιήσω σοι· καὶ δεῦρο ἐπικατάρασαί μοι τὸν λαὸν τοῦτον.",17,ܡܛܠ ܕܡܝܩܪܘ ܐܝܩܪܟ ܛܒ. ܘܟܠ ܕܬܐܡܪ ܠܝ ܐܥܒܕ . ܘܬܐ ܠܘܛ ܠܝ ܠܥܡܐ ܗܢܐ.,14,"porque grandemente te honrarei, e farei tudo o que me disseres; vem pois, rogo-te, amaldiçoar-me este povo.",17,True,True,True
22,18,Números 22:18,וַיַּ֣עַן בִּלְעָ֗ם וַיֹּ֨אמֶר֙ אֶל־ עַבְדֵ֣י בָלָ֔ק אִם־ יִתֶּן־ לִ֥י בָלָ֛ק מְלֹ֥א בֵית֖וֹ כֶּ֣סֶף וְזָהָ֑ב לֹ֣א אוּכַ֗ל לַעֲבֹר֙ אֶת־ פִּי֙ יְהוָ֣ה אֱלֹהָ֔י לַעֲשׂ֥וֹת קְטַנָּ֖ה א֥וֹ גְדוֹלָֽה ׃,ויענ בלעמ ויאמר אל עבדי בלק אמ יתנ לי בלק מלא ביתו כספ וזהב לא אוכל לעבר את פי יהוה אלהי לעשות קטנה או גדולה,26,ואתב בלעם ואמר לעבדי בלק אם יתן לי בלק מלי ביתיה כסף ודהב לית לי רשו למעבר על גזרת מימרא דיי אלהי למעבד זערתא או רבתא:,26,"καὶ ἀπεκρίθη Βαλαὰμ καὶ εἶπεν τοῖς ἄρχουσιν Βαλάκ Ἐὰν δῷ μοι Βαλὰκ πλήρη τὸν οἶκον αὐτοῦ ἀργυρίου καὶ χρυσίου, οὐ δυνήσομαι παραβῆναι τὸ ῥῆμα Κυρίου τοῦ θεοῦ, ποιῆσαι αὐτὸ μικρὸν ἢ μέγα ἐν τῇ διανοίᾳ μου.",36,ܘܥܢܐ ܒܠܥܡ ܘܐܡܪ ܠܥܒ̈ܕܘܗܝ ܕܒܠܩ. ܐܢ ܢܬܠ ܠܝ ܒܠܩ ܡܠܐ ܒܝܬܗ ܣܐܡܐ ܐܘ ܕܗܒܐ . ܠܐ ܡܫܟܚ ܐܢܐ ܕܐܥܒܪ ܥܠ ܡܠܬ ܦܘܡܗ ܕܡܪܝܐ ܐܠܗܝ. ܠܐ ܥܠ ܕܙܥܘܪܝܐ ܘܠܐ ܥܠ ܕܪܒܐ.,30,"Respondeu Balaão aos servos de Balaque: Ainda que Balaque me quisesse dar a sua casa cheia de prata e de ouro, eu não poderia ir além da ordem do Senhor meu Deus, para fazer coisa alguma, nem pequena nem grande.",40,True,True,True
22,19,Números 22:19,וְעַתָּ֗ה שְׁב֨וּ נָ֥א בָזֶ֛ה גַּם־ אַתֶּ֖ם הַלָּ֑יְלָה וְאֵ֣דְעָ֔ה מַה־ יֹּסֵ֥ף יְהוָ֖ה דַּבֵּ֥ר עִמִּֽי ׃,ועתה שבו נא בזה גמ אתמ הלילה ואדעה מה יספ יהוה דבר עמי,14,וכען אוריכו כען הכא אף אתון בליליא ואדע מא יוסף יי למללא עמי:,13,"καὶ νῦν ὑπομείνατε αὐτοῦ καὶ ὑμεῖς τὴν νύκτα ταύτην, καὶ γνώσομαι τί προσθήσει Κύριος λαλῆσαι πρὸς μέ.",17,ܡܟܝܠ ܦܘܫܘ ܐܦ ܐܢܬܘܢ ܗܪܟܐ ܒܠܠܝܐ. ܘܐܕܥ ܡܢܐ ܡܘܣܦ ܡܪܝܐ ܠܡܡܠܠܘ ܥܡܝ.,12,"Agora, pois, rogo-vos que fiqueis aqui ainda esta noite, para que eu saiba o que o Senhor me dirá mais.",20,True,True,True
22,20,Números 22:20,וַיָּבֹ֨א אֱלֹהִ֥ים ׀ אֶל־ בִּלְעָם֮ לַיְלָה֒ וַיֹּ֣אמֶר ל֗וֹ אִם־ לִקְרֹ֤א לְךָ֙ בָּ֣אוּ הָאֲנָשִׁ֔ים ק֖וּם לֵ֣ךְ אִתָּ֑ם וְאַ֗ךְ אֶת־ הַדָּבָ֛ר אֲשֶׁר־ אֲדַבֵּ֥ר אֵלֶ֖יךָ אֹת֥וֹ תַעֲשֶֽׂה ׃,ויבא אלהימ אל בלעמ לילה ויאמר לו אמ לקרא לכ באו האנשימ קומ לכ אתמ ואכ את הדבר אשר אדבר אליכ אתו תעשה,25,ואתא מימר מן קדם יי לבלעם בליליא ואמר ליה אם למקרי לך אתו גבריא קום אזל עמהון וברם ית פתגמא די אמלל עמך יתיה תעבד:,25,"καὶ ἦλθεν ὁ θεὸς πρὸς Βαλαὰμ καὶ εἶπεν αὐτῷ Εἰ καλέσαι σε πάρεισιν οἱ ἄνθρωποι οὗτοι, ἀναστὰς ἀκολούθησον αὐτοῖς· ἀλλὰ τὸ ῥῆμα ὃ ἂν λαλήσω πρὸς σέ, τοῦτο ποιήσεις.",29,ܘܐܬܐ ܐܠܗܐ ܥܠ ܒܠܥܡ ܒܠܠܝܐ ܘܐܡܪ ܠܗ. ܐܢ ܠܡܩܪܝܟ ܐܬܘ ܗܠܝܢ ܓܒܪ̈ܐ. ܩܘܡ ܙܠ ܥܡܗܘܢ. ܒܠܚܘܕ ܦܬܓܡܐ ܕܐ̇ܡܪ ܐܢܐ ܠܟ. ܗ̇ܘ ܥܒܕ.,22,"Veio, pois, Deus a Balaão, de noite, e disse-lhe: Já que esses homens te vieram chamar, levanta-te, vai com eles; todavia, farás somente aquilo que eu te disser.",28,True,True,True
22,21,Números 22:21,וַיָּ֤קָם בִּלְעָם֙ בַּבֹּ֔קֶר וַֽיַּחֲבֹ֖שׁ אֶת־ אֲתֹנ֑וֹ וַיֵּ֖לֶךְ עִם־ שָׂרֵ֥י מוֹאָֽב ׃,ויקמ בלעמ בבקר ויחבש את אתנו וילכ עמ שרי מואב,11,וקם בלעם בצפרא וזריז ית אתניה ואזל עם רברבי מואב:,10,"καὶ ἀναστὰς Βαλαὰμ τὸ πρωὶ ἐπέσαξεν τὴν ὄνον αὐτοῦ, καὶ ἐπορεύθη μετὰ τῶν ἀρχόντων Μωάβ.",15,ܘܩܡ ܒܠܥܡ ܒܨܦܪܐ. ܘܐܪܡܝ ܥܠ ܐܬܢܗ . ܘܐܙܠ ܥܡ ܪ̈ܘܪܒܢܐ ܕܡܘܐܒ .,12,"Então levantou-se Balaão pela manhã, albardou a sua jumenta, e partiu com os príncipes de Moabe.",16,True,True,True
22,22,Números 22:22,וַיִּֽחַר־ אַ֣ף אֱלֹהִים֮ כִּֽי־ הוֹלֵ֣ךְ הוּא֒ וַיִּתְיַצֵּ֞ב מַלְאַ֧ךְ יְהוָ֛ה בַּדֶּ֖רֶךְ לְשָׂטָ֣ן ל֑וֹ וְהוּא֙ רֹכֵ֣ב עַל־ אֲתֹנ֔וֹ וּשְׁנֵ֥י נְעָרָ֖יו עִמּֽוֹ ׃,ויחר אפ אלהימ כי הולכ הוא ויתיצב מלאכ יהוה בדרכ לשטנ לו והוא רכב על אתנו ושני נעריו עמו,20,ותקף רגזא דיי ארי אזל הוא ואתעתד מלאכא דיי בארחא לשטן ליה והוא רכיב על אתניה ותרין עולמוהי עמיה:,19,"καὶ ὠργίσθη θυμῷ ὁ θεὸς ὅτι ἐπορεύθη αὐτός, καὶ ἀνέστη ὁ ἄγγελος τοῦ θεοῦ ἐνδιαβαλεῖν αὐτόν· καὶ αὐτὸς ἐπιβεβήκει ἐπὶ τῆς ὄνου αὐτοῦ, καὶ δύο παῖδες αὐτοῦ μετ᾽ αὐτοῦ.",29,ܘܐܬܚܡܬ ܪܘܓܙܗ ܕܐܠܗܐ ܥܠܘܗܝ ܥܠ ܕܐܙܠ. ܘܩܡ ܡܠܐܟܗ ܕܡܪܝܐ ܒܐܘܪܚܐ ܕܢܗܘܐ ܠܗ ܣܛܢܐ. ܘܗܘ ܪܟܝܒ ܥܠ ܚܡܪܗ. ܘܬܪ̈ܝܢ ܥܠܝܡ̈ܘܗܝ ܥܡܗ.,20,"A ira de Deus se acendeu, porque ele ia, e o anjo do Senhor pôs-se-lhe no caminho por adversário. Ora, ele ia montado na sua jumenta, tendo consigo os seus dois servos.",32,True,True,True
22,23,Números 22:23,וַתֵּ֣רֶא הָאָתוֹן֩ אֶת־ מַלְאַ֨ךְ יְהוָ֜ה נִצָּ֣ב בַּדֶּ֗רֶךְ וְחַרְבּ֤וֹ שְׁלוּפָה֙ בְּיָד֔וֹ וַתֵּ֤ט הָֽאָתוֹן֙ מִן־ הַדֶּ֔רֶךְ וַתֵּ֖לֶךְ בַּשָּׂדֶ֑ה וַיַּ֤ךְ בִּלְעָם֙ אֶת־ הָ֣אָת֔וֹן לְהַטֹּתָ֖הּ הַדָּֽרֶךְ ׃,ותרא האתונ את מלאכ יהוה נצב בדרכ וחרבו שלופה בידו ותט האתונ מנ הדרכ ותלכ בשדה ויכ בלעמ את האתונ להטתה הדרכ,23,וחזת אתנא ית מלאכא דיי מעתד בארחא וחרביה שליפא בידיה וסטת אתנא מן אורחא ואזלת בחקלא ומחא בלעם ית אתנא לאסטיותה לארחא:,22,"καὶ ἰδοῦσα ἡ ὄνος τὸν ἄγγελον τοῦ θεοῦ ἀνθεστηκότα ἐν τῇ ὁδῷ καὶ τὴν ῥομφαίαν ἐσπασμένην ἐν τῇ χειρὶ αὐτοῦ, καὶ ἐξέκλινεν ἡ ὄνος ἐκ τῆς ὁδοῦ αὐτῆς καὶ ἐπορεύετο εἰς τὸ πεδίον· καὶ ἐπάταξεν τὴν ὄνον τῇ ῥάβδῳ, τοῦ εὐθῦναι αὐτὴν ἐν τῇ ὁδῷ.",45,ܘܚܙܬ ܐܬܢܐ ܠܡܠܐܟܗ ܕܡܪܝܐ ܕܩ̇ܐܡ ܒܐܘܪܚܐ. ܘܣܝܦܗ ܫܡܝܛ ܘܐܚܝܕ ܒܐܝܕܗ. ܘܣܛܬ ܐܬܢܐ ܡܢ ܐܘܪܚܐ. ܘܐܙܠܬ ܒܚܩܠܐ. ܘܡܚܗ̇ ܒܠܥܡ ܠܐܬܢܐ ܠܡܣܛܝܘܬܗ̇ ܠܐܘܪܚܐ.,21,"A jumenta viu o anjo do Senhor parado no caminho, com a sua espada desembainhada na mão e, desviando-se do caminho, meteu-se pelo campo; pelo que Balaão espancou a jumenta para fazê-la tornar ao caminho.",35,True,True,True
22,24,Números 22:24,וַֽיַּעֲמֹד֙ מַלְאַ֣ךְ יְהוָ֔ה בְּמִשְׁע֖וֹל הַכְּרָמִ֑ים גָּדֵ֥ר מִזֶּ֖ה וְגָדֵ֥ר מִזֶּֽה ׃,ויעמד מלאכ יהוה במשעול הכרמימ גדר מזה וגדר מזה,10,וקם מלאכא דיי בשביל כרמיא אתרא דגדרא מכא וגדרא מכא:,10,"καὶ ἔστη ὁ ἄγγελος τοῦ θεοῦ ἐν ταῖς αὔλαξιν τῶν ἀμπέλων, φραγμὸς ἐντεῦθεν καὶ φραγμὸς ἐντεῦθεν·",16,ܘܩܡ ܡܠܐܟܗ ܕܡܪܝܐ ܒܫܒܝܠܐ ܕܟܪܡܐ. ܕܣܝܓܐ ܡܟܐ ܘܣܝܓܐ ܡܟܐ.,9,"Mas o anjo do Senhor pôs-se numa vereda entre as vinhas, havendo uma sebe de um e de outro lado.",20,True,True,True
22,25,Números 22:25,וַתֵּ֨רֶא הָאָת֜וֹן אֶת־ מַלְאַ֣ךְ יְהוָ֗ה וַתִּלָּחֵץ֙ אֶל־ הַקִּ֔יר וַתִּלְחַ֛ץ אֶת־ רֶ֥גֶל בִּלְעָ֖ם אֶל־ הַקִּ֑יר וַיֹּ֖סֶף לְהַכֹּתָֽהּ ׃,ותרא האתונ את מלאכ יהוה ותלחצ אל הקיר ותלחצ את רגל בלעמ אל הקיר ויספ להכתה,17,וחזת אתנא ית מלאכא דיי ואדחקת לכתלא ודחקת ית רגלא דבלעם לכתלא ואוסיף לממחה:,14,"καὶ ἰδοῦσα ἡ ὄνος τὸν ἄγγελον τοῦ θεοῦ προσέθλιψεν αὐτὸν πρὸς τὸν τοῖχον, καὶ ἀπέθλιψεν τὸν πόδα Βαλαάμ, καὶ προσέθετο ἔτι μαστίξαι αὐτήν.",23,ܘܚܙܬ ܐܬܢܐ ܠܡܠܐܟܗ ܕܡܪܝܐ. ܘܐܬܚܒܨܬ ܒܐܣܬܐ ܘܚܒܨܬܗ̇ ܪܓܠܗ ܕܒܠܥܡ ܒܐܣܬܐ. ܘܐܘܣܦ ܠܡܡܚܝܗ̇.,12,"Vendo, pois, a jumenta o anjo do Senhor, coseu-se com a sebe, e apertou contra a sebe o pé de Balaão; pelo que ele tornou a espancá-la.",27,True,True,True
22,26,Números 22:26,וַיּ֥וֹסֶף מַלְאַךְ־ יְהוָ֖ה עֲב֑וֹר וַֽיַּעֲמֹד֙ בְּמָק֣וֹם צָ֔ר אֲשֶׁ֛ר אֵֽין־ דֶּ֥רֶךְ לִנְט֖וֹת יָמִ֥ין וּשְׂמֹֽאול ׃,ויוספ מלאכ יהוה עבור ויעמד במקומ צר אשר אינ דרכ לנטות ימינ ושמאול,14,ואוסף מלאכא דיי למעבר וקם באתר עק די לית ארח למסטי לימינא ולשמאלא:,13,"καὶ προσέθετο ὁ ἄγγελος τοῦ θεοῦ καὶ ἀπελθὼν ὑπέστη ἐν τόπῳ στενῷ, εἰς ὃν οὐκ ἦν ἐκκλῖναι δεξιὰν οὐδὲ ἀριστεράν.",20,ܘܐܘܣܦ ܡܠܐܟܗ ܕܡܪܝܐ. ܘܥܒܪ ܘܩܡ ܠܗ ܒܐܬܪܐ ܐܠܝܨܐ. ܐܬܪ ܕܠܝܬ ܐܘܪܚܐ ܠܡܣܛܐ. ܠܐ ܠܝܡܝܢܐ ܘܠܐ ܠܣܡܠܐ.,16,"Então o anjo do Senhor passou mais adiante, e pôs-se num lugar estreito, onde não havia caminho para se desviar nem para a direita nem para a esquerda.",28,True,True,True
22,27,Números 22:27,וַתֵּ֤רֶא הָֽאָתוֹן֙ אֶת־ מַלְאַ֣ךְ יְהוָ֔ה וַתִּרְבַּ֖ץ תַּ֣חַת בִּלְעָ֑ם וַיִּֽחַר־ אַ֣ף בִּלְעָ֔ם וַיַּ֥ךְ אֶת־ הָאָת֖וֹן בַּמַּקֵּֽל ׃,ותרא האתונ את מלאכ יהוה ותרבצ תחת בלעמ ויחר אפ בלעמ ויכ את האתונ במקל,16,וחזת אתנא ית מלאכא דיי ורבעת תחות בלעם ותקף רוגזא דבלעם ומחא ית אתנא בחטרא:,15,καὶ ἰδοῦσα ἡ ὄνος τὸν ἄγγελον τοῦ θεοῦ συνεκάθισεν ὑποκάτω Βαλαάμ· καὶ ἐθυμώθη Βαλαὰμ καὶ ἔτυπτεν τὴν ὄνον τῇ ῥάβδῳ.,20,ܘܚܙܬ ܐܬܢܐ ܠܡܠܐܟܗ ܕܡܪܝܐ. ܘܪܒܥܬ ܬܚܝܬ ܒܠܥܡ. ܘܐܬܚܡܬ ܪܘܓܙܗ ܕܒܠܥܡ ܘܡܚܗ̇ ܠܐܬܢܐ ܒܚܘܛܪܐ.,13,"E, vendo a jumenta o anjo do Senhor, deitou-se debaixo de Balaão; e a ira de Balaão se acendeu, e ele espancou a jumenta com o bordão.",27,True,True,True
22,28,Números 22:28,וַיִּפְתַּ֥ח יְהוָ֖ה אֶת־ פִּ֣י הָאָת֑וֹן וַתֹּ֤אמֶר לְבִלְעָם֙ מֶה־ עָשִׂ֣יתִֽי לְךָ֔ כִּ֣י הִכִּיתַ֔נִי זֶ֖ה שָׁלֹ֥שׁ רְגָלִֽים ׃,ויפתח יהוה את פי האתונ ותאמר לבלעמ מה עשיתי לכ כי הכיתני זה שלש רגלימ,16,ופתח יי ית פומא דאתנא ואמרת לבלעם מה עבדית לך ארי מחיתני דנן תלת זמנין:,15,"καὶ ἤνοιξεν ὁ θεὸς τὸ στόμα τῆς ὄνου, καὶ λέγει τῷ Βαλαάμ Τί ἐποίησά σοι ὅτι πέπαικάς με τοῦτο τρίτον;",20,ܘܦܬܚ ܡܪܝܐ ܦܘܡܗ̇ ܕܐܬܢܐ ܘܐܡܪܬ ܠܒܠܥܡ. ܡܢܐ ܥܒܕܬ ܠܟ ܕܡܚܝܬܢܝ ܗܐ ܬܠܬ ܙܒ̈ܢܝܢ.,13,"Nisso abriu o Senhor a boca da jumenta, a qual perguntou a Balaão: Que te fiz eu, para que me espancasses estas três vezes?",24,True,True,True
22,29,Números 22:29,וַיֹּ֤אמֶר בִּלְעָם֙ לָֽאָת֔וֹן כִּ֥י הִתְעַלַּ֖לְתְּ בִּ֑י ל֤וּ יֶשׁ־ חֶ֨רֶב֙ בְּיָדִ֔י כִּ֥י עַתָּ֖ה הֲרַגְתִּֽיךְ ׃,ויאמר בלעמ לאתונ כי התעללת בי לו יש חרב בידי כי עתה הרגתיכ,14,ואמר בלעם לאתנא ארי חיכת בי אלופון אית חרבא בידי ארי כען קטלתיך:,13,"καὶ εἶπεν Βαλαὰμ τῇ ὄνῳ Ὅτι ἐμπέπαιχάς μοι· καὶ εἰ εἶχον μάχαιραν ἐν τῇ χειρί, ἤδη ἂν ἐξεκέντησά σε.",19,ܘܐܡܪ ܒܠܥܡ ܠܐܬܢܐ. ܥܠ ܕܒܙܚܬ ܒܝ. ܘܐܠܘ ܐܝܬ ܗܘܐ ܣܝܦܐ ܒܐ̈ܝܕܝ. ܗܫܐ ܩ̇ܛܠ ܗܘ̇ܝܬ ܠܟܝ.,15,"Respondeu Balaão à jumenta: Porque zombaste de mim; oxalá tivesse eu uma espada na mão, pois agora te mataria.",19,True,True,True
22,30,Números 22:30,וַתֹּ֨אמֶר הָאָת֜וֹן אֶל־ בִּלְעָ֗ם הֲלוֹא֩ אָנֹכִ֨י אֲתֹֽנְךָ֜ אֲשֶׁר־ רָכַ֣בְתָּ עָלַ֗י מֵעֽוֹדְךָ֙ עַד־ הַיּ֣וֹם הַזֶּ֔ה הַֽהַסְכֵּ֣ן הִסְכַּ֔נְתִּי לַעֲשׂ֥וֹת לְךָ֖ כֹּ֑ה וַיֹּ֖אמֶר לֹֽא ׃,ותאמר האתונ אל בלעמ הלוא אנכי אתנכ אשר רכבת עלי מעודכ עד היומ הזה ההסכנ הסכנתי לעשות לכ כה ויאמר לא,22,ואמרת אתנא לבלעם הלא אנא אתנך די רכבת עלי מדאיתך עד יומא הדין המילף אליפנא למעבד לך כדין ואמר לא:,20,"καὶ λέγει ἡ ὄνος τῷ Βαλαάμ Οὐκ ἐγὼ ἡ ὄνος σου, ἐφ᾽ ἧς ἐπέβαινες ἀπὸ νεότητός σου ἕως τῆς σήμερον ἡμέρας; μὴ ὑπεροράσει ὑπεριδοῦσα ἐποίησά σοι οὕτως; ὁ δὲ εἶπεν Οὐχί.",31,ܘܐܡܪܬ ܐܬܢܐ ܠܒܠܥܡ. ܠܐ ܗܘ̇ܝܬ ܐܢܐ ܐܬܢܟ. ܕܪܟܝܒ ܐܢܬ ܥܠܝ ܡܢ ܛܠܝܘܬܟ ܘܥܕܡܐ ܠܝܘܡܢܐ. ܕܠܡܐ ܡܡܬܘܡ ܥܒܕܬ ܠܟ ܗܟܢܐ. ܐ̇ܡܪ ܠܗ̇ ܠܐ.,22,"Tornou a jumenta a Balaão: Porventura não sou a tua jumenta, em que cavalgaste toda a tua vida até hoje? Porventura tem sido o meu costume fazer assim para contigo? E ele respondeu: Não.",34,True,True,True
22,31,Números 22:31,וַיְגַ֣ל יְהוָה֮ אֶת־ עֵינֵ֣י בִלְעָם֒ וַיַּ֞רְא אֶת־ מַלְאַ֤ךְ יְהוָה֙ נִצָּ֣ב בַּדֶּ֔רֶךְ וְחַרְבּ֥וֹ שְׁלֻפָ֖ה בְּיָד֑וֹ וַיִּקֹּ֥ד וַיִּשְׁתַּ֖חוּ לְאַפָּֽיו ׃,ויגל יהוה את עיני בלעמ וירא את מלאכ יהוה נצב בדרכ וחרבו שלפה בידו ויקד וישתחו לאפיו,18,וגלא יי ית עיני בלעם וחזא ית מלאכא דיי מעתד בארחא וחרביה שליפא בידיה וכרע וסגיד לאפוהי:,17,"ἀπεκάλυψεν δὲ ὁ θεὸς τοὺς ὀφθαλμοὺς Βαλαάμ, καὶ ὁρᾷ τὸν ἄγγελον Κυρίου ἀνθεστηκότα ἐν τῇ ὁδῷ καὶ τὴν μάχαιραν ἐσπασμένην ἐν τῇ χειρὶ αὐτοῦ, καὶ κύψας προσεκύνησεν τῷ προσώπῳ αὐτοῦ.",30,ܘܓܠܐ ܡܪܝܐ ܥܝܢ̈ܘܗܝ ܕܒܠܥܡ. ܘܚܙܐ ܠܡܠܐܟܗ ܕܡܪܝܐ ܩ̇ܐܡ ܒܐܘܪܚܐ. ܘܣܝܦܗ ܫܡܝܛ ܘܐܚܝܕ ܒܐܝܕܗ. ܘܩܥܕ ܘܣܓܕ ܥܠ ܐ̈ܦܘܗܝ.,17,"Então o Senhor abriu os olhos a Balaão, e ele viu o anjo do Senhor parado no caminho, e a sua espada desembainhada na mão; pelo que inclinou a cabeça, e prostrou-se com o rosto em terra.",37,True,True,True
22,32,Números 22:32,וַיֹּ֤אמֶר אֵלָיו֙ מַלְאַ֣ךְ יְהוָ֔ה עַל־ מָ֗ה הִכִּ֨יתָ֙ אֶת־ אֲתֹ֣נְךָ֔ זֶ֖ה שָׁל֣וֹשׁ רְגָלִ֑ים הִנֵּ֤ה אָנֹכִי֙ יָצָ֣אתִי לְשָׂטָ֔ן כִּֽי־ יָרַ֥ט הַדֶּ֖רֶךְ לְנֶגְדִּֽי ׃,ויאמר אליו מלאכ יהוה על מה הכית את אתנכ זה שלוש רגלימ הנה אנכי יצאתי לשטנ כי ירט הדרכ לנגדי,21,ואמר ליה מלאכא דיי על מא מחיתא ית אתנך דנן תלת זמנין הא אנא נפקית למסטן ארי גלי קדמי דאת רעי למזל באורחא לקבלי:,24,"καὶ εἶπεν αὐτῷ ὁ ἄγγελος τοῦ θεοῦ Διὰ τί ἐπάταξας τὴν ὄνον σου τοῦτο τρίτον; καὶ ἰδοὺ ἐγὼ ἐξῆλθον εἰς διαβολήν σου, ὅτι οὐκ ἀστεία ἡ ὁδός σου ἐναντίον μου.",30,ܘܐܡܪ ܠܗ ܡܠܐܟܗ ܕܡܪܝܐ. ܠܡܢܐ ܡܚܝܬ ܐܬܢܟ ܗܐ ܬܠܬ ܙܒܢ̈ܝܢ. ܗܐ ܐܢܐ ܢ̇ܦܩܬ ܕܐܗܘܐ ܠܟ ܣܛܢܐ ܥܠ ܕܬܪܨܬ ܐܘܪܚܐ ܠܘܩܒܠܝ.,20,"Disse-lhe o anjo do senhor: Por que já três vezes espancaste a tua jumenta? Eis que eu te saí como adversário, porquanto o teu caminho é perverso diante de mim;",30,True,True,True
22,33,Números 22:33,וַתִּרְאַ֨נִי֙ הָֽאָת֔וֹן וַתֵּ֣ט לְפָנַ֔י זֶ֖ה שָׁלֹ֣שׁ רְגָלִ֑ים אוּלַי֙ נָטְתָ֣ה מִפָּנַ֔י כִּ֥י עַתָּ֛ה גַּם־ אֹתְכָ֥ה הָרַ֖גְתִּי וְאוֹתָ֥הּ הֶחֱיֵֽיתִי ׃,ותראני האתונ ותט לפני זה שלש רגלימ אולי נטתה מפני כי עתה גמ אתכה הרגתי ואותה החייתי,18,וחזתני אתנא וסטת מן קדמי דנן תלת זמנין אלופון לא סטת מן קדמי ארי כען אף יתך קטלית ויתה קימית:,20,"καὶ ἰδοῦσά με ἡ ὄνος ἐξέκλινεν ἀπ᾽ ἐμοῦ τρίτον τοῦτο· καὶ εἰ μὴ ἐξέκλινεν, νῦν οὖν σὲ μὲν ἀπέκτεινα, ἐκείνην δὲ περιεποιησάμην.",22,ܘܚܙܬܢܝ ܐܬܢܐ ܘܣܛܬ ܡܢ ܩܕܡܝ. ܗܐ ܬܠܬ ܙܒܢ̈ܝܢ. ܘܐܠܘ ܠܐ ܣܛܬ ܡܢ ܩܕܡܝ. ܗܫܐ ܠܟ ܩ̇ܛܠ ܗܘ̇ܝܬ. ܘܠܗ̇ ܡܚܐ ܗܘ̇ܝܬ.,20,"a jumenta, porém, me viu, e já três vezes se desviou de diante de mim; se ela não se tivesse desviado de mim, na verdade que eu te haveria matado, deixando a ela com vida.",35,True,True,True
22,34,Números 22:34,וַיֹּ֨אמֶר בִּלְעָ֜ם אֶל־ מַלְאַ֤ךְ יְהוָה֙ חָטָ֔אתִי כִּ֚י לֹ֣א יָדַ֔עְתִּי כִּ֥י אַתָּ֛ה נִצָּ֥ב לִקְרָאתִ֖י בַּדָּ֑רֶךְ וְעַתָּ֛ה אִם־ רַ֥ע בְּעֵינֶ֖יךָ אָשׁ֥וּבָה לִּֽי ׃,ויאמר בלעמ אל מלאכ יהוה חטאתי כי לא ידעתי כי אתה נצב לקראתי בדרכ ועתה אמ רע בעיניכ אשובה לי,21,ואמר בלעם למלאכא דיי חבית ארי לא ידעית די את מעתד לקדמותי בארחא וכען אם ביש בעיניך אתוב לי:,19,"καὶ εἶπεν Βαλαὰμ τῷ ἀγγέλῳ Κυρίου Ἡμάρτηκα, οὐ γὰρ ἠπιστάμην ὅτι σύ μοι ἀνθέστηκας ἐν τῇ ὁδῷ εἰς συνάντησιν· καὶ νῦν εἰ μή σοι ἀρέσκει, ἀποστραφήσομαι.",26,ܘܐܡܪ ܒܠܥܡ ܠܡܠܐܟܗ ܕܡܪܝܐ. ܚ̇ܛܝܬ. ܠܐ ܝ̇ܕܥ ܗܘ̇ܝܬ ܕܐܢܬ ܩ̇ܐܡ ܠܘܩܒܠܝ ܒܐܘܪܚܐ. ܗܫܐ ܐܢ ܒܝܫ ܒܥܝܢ̈ܝܟ ܐܗܦܘܟ ܠܝ.,18,"Respondeu Balaão ao anjo do Senhor: pequei, porque não sabia que estavas parado no caminho para te opores a mim; e agora, se parece mal aos teus olhos, voltarei.",29,True,True,True
22,35,Números 22:35,וַיֹּאמֶר֩ מַלְאַ֨ךְ יְהוָ֜ה אֶל־ בִּלְעָ֗ם לֵ֚ךְ עִם־ הָ֣אֲנָשִׁ֔ים וְאֶ֗פֶס אֶת־ הַדָּבָ֛ר אֲשֶׁר־ אֲדַבֵּ֥ר אֵלֶ֖יךָ אֹת֣וֹ תְדַבֵּ֑ר וַיֵּ֥לֶךְ בִּלְעָ֖ם עִם־ שָׂרֵ֥י בָלָֽק ׃,ויאמר מלאכ יהוה אל בלעמ לכ עמ האנשימ ואפס את הדבר אשר אדבר אליכ אתו תדבר וילכ בלעמ עמ שרי בלק,22,ואמר מלאכא דיי לבלעם אזל עם גבריא ולחוד ית פתגמא די אמלל עמך יתיה תמלל ואזל בלעם עם רברבי בלק:,20,"καὶ εἶπεν ὁ ἄγγελος τοῦ θεοῦ πρὸς Βαλαάμ Συνπορεύθητι μετὰ τῶν ἀνθρώπων· πλὴν τὸ ῥῆμα ὃ ἐὰν εἴπω πρὸς σέ, τοῦτο φυλάξῃ λαλῆσαι. καὶ ἐπορεύθη Βαλαὰμ μετὰ τῶν ἀρχόντων Βαλάκ.",30,ܘܐܡܪ ܡܠܐܟܗ ܕܡܪܝܐ ܠܒܠܥܡ. ܙܠ ܥܡ ܓܒܪ̈ܐ. ܒܠܚܘܕ ܦܬܓܡܐ ܕܐ̇ܡܪ ܐܢܐ ܠܟ. ܗ̇ܘ ܥܒܕ. ܘܐܙܠ ܒܠܥܡ ܥܡ ܪ̈ܘܪܒܢܐ ܕܒܠܩ.,19,"Tornou o anjo do Senhor a Balaão: Vai com os homens, somente a palavra que eu te disser é que falarás. Assim Balaão seguiu com os príncipes de Balaque:",29,True,True,True
22,36,Números 22:36,וַיִּשְׁמַ֥ע בָּלָ֖ק כִּ֣י בָ֣א בִלְעָ֑ם וַיֵּצֵ֨א לִקְרָאת֜וֹ אֶל־ עִ֣יר מוֹאָ֗ב אֲשֶׁר֙ עַל־ גְּב֣וּל אַרְנֹ֔ן אֲשֶׁ֖ר בִּקְצֵ֥ה הַגְּבֽוּל ׃,וישמע בלק כי בא בלעמ ויצא לקראתו אל עיר מואב אשר על גבול ארננ אשר בקצה הגבול,18,ושמע בלק ארי אתא בלעם ונפק לקדמותיה לקרתא דמואב די על תחום ארנון די בסטר תחומא:,16,"καὶ ἀκούσας Βαλὰκ ὅτι ἥκει Βαλαάμ, ἐξῆλθεν εἰς συνάντησιν αὐτῷ εἰς πόλιν Μωάβ, ἥτις ἐπὶ τῶν ὁρίων Ἀρνών, ὅ ἐστιν ἐκ μέρους τῶν ὁρίων.",24,ܘܫܡܥ ܒܠܩ ܕܐܬܐ ܒܠܥܡ. ܘܢܦܩ ܠܐܘܪܥܗ ܠܩܪܝܬܐ ܕܡܘܐܒ. ܕܒܬܚܘܡܐ ܕܐܪܢܘܢ ܕܒܣܦܪ̈ܝ ܬܚܘܡܐ.,12,"Tendo, pois, Balaque ouvido que Balaão vinha chegando, saiu-lhe ao encontro até Ir-Moabe, cidade fronteira que está à margem do Arnom.",21,True,True,True
22,37,Números 22:37,וַיֹּ֨אמֶר בָּלָ֜ק אֶל־ בִּלְעָ֗ם הֲלֹא֩ שָׁלֹ֨חַ שָׁלַ֤חְתִּי אֵלֶ֨יךָ֙ לִקְרֹא־ לָ֔ךְ לָ֥מָּה לֹא־ הָלַ֖כְתָּ אֵלָ֑י הַֽאֻמְנָ֔ם לֹ֥א אוּכַ֖ל כַּבְּדֶֽךָ ׃,ויאמר בלק אל בלעמ הלא שלח שלחתי אליכ לקרא לכ למה לא הלכת אלי האמנמ לא אוכל כבדכ,19,ואמר בלק לבלעם הלא משלח שלחית לותך למקרי לך למא לא אתיתא לותי הבקושטא הויתא אמר לית אנא יכיל ליקרותך:,20,καὶ εἶπεν Βαλὰκ πρὸς Βαλαάμ Οὐχὶ ἀπέστειλα πρὸς σὲ καλέσαι σε; διὰ τί οὐκ ἤρχου πρὸς μέ; οὐ δυνήσομαι ὄντως τιμῆσαί σε;,22,ܘܐܡܪ ܒܠܩ ܠܒܠܥܡ. ܗܐ ܫ̇ܕܪܬ ܥܠܝܟ ܠܡܩܪܝܟ. ܐܝܟܘ ܠܐ ܐܬܝܬ ܠܘܬܝ. ܟܒܪ ܐ̇ܡܪ ܗܘܝܬ. ܕܠܐ ܡܨܐ ܐܢܐ ܒܚܝܠܐ ܠܡܝܩܪܘܬܟ.,19,"Perguntou Balaque a Balaão: Porventura não te enviei diligentemente mensageiros a chamar-te? por que não vieste a mim? não posso eu, na verdade, honrar-te?",24,True,True,True
22,38,Números 22:38,וַיֹּ֨אמֶר בִּלְעָ֜ם אֶל־ בָּלָ֗ק הִֽנֵּה־ בָ֨אתִי֙ אֵלֶ֔יךָ עַתָּ֕ה הֲיָכ֥וֹל אוּכַ֖ל דַּבֵּ֣ר מְא֑וּמָה הַדָּבָ֗ר אֲשֶׁ֨ר יָשִׂ֧ים אֱלֹהִ֛ים בְּפִ֖י אֹת֥וֹ אֲדַבֵּֽר ׃,ויאמר בלעמ אל בלק הנה באתי אליכ עתה היכול אוכל דבר מאומה הדבר אשר ישימ אלהימ בפי אתו אדבר,20,ואמר בלעם לבלק הא אתיתי לותך כען המיכל יכלנא למללא מדעם פתגמא דישוי יי בפומי יתיה אמלל:,17,"καὶ εἶπεν Βαλαὰμ πρὸς Βαλάκ Ἰδοὺ ἥκω πρὸς σὲ νῦν· δυνατὸς ἔσομαι λαλῆσαί τι; τὸ ῥῆμα ὃ ἐὰν βάλῃ ὁ θεὸς εἰς τὸ στόμα μου, τοῦτο λαλήσω.",27,ܘܐܡܪ ܒܠܥܡ ܠܒܠܩ. ܗܐ ܐܬܝ̇ܬ ܠܘܬܟ. ܗܫܐ ܕܠܡܐ ܡܫܟܚܘ ܡܫܟܚ ܐܢܐ ܕܐ̇ܡܪ ܡܕܡ. ܐܠܐ ܦܬܓܡܐ ܕܣ̇ܐܡ ܐܠܗܐ ܒܦܘܡܝ. ܗ̇ܘ ܗܘ ܐ̇ܡܪ ܐܢܐ.,22,"Respondeu Balaão a Balaque: Eis que sou vindo a ti; porventura poderei eu agora, de mim mesmo, falar alguma coisa? A palavra que Deus puser na minha boca, essa falarei.",30,True,True,True
22,39,Números 22:39,וַיֵּ֥לֶךְ בִּלְעָ֖ם עִם־ בָּלָ֑ק וַיָּבֹ֖אוּ קִרְיַ֥ת חֻצֽוֹת ׃,וילכ בלעמ עמ בלק ויבאו קרית חצות,8,ואזל בלעם עם בלק ואתו לקרית מחוזוהי:,7,"καὶ ἐπορεύθη Βαλαὰμ μετὰ Βαλάκ, καὶ ἦλθον εἰς Πόλεις ἐπαύλεων.",10,ܘܐܙܠ ܒܠܥܡ ܥܡ ܒܠܩ. ܘܐܥܠܗ ܠܩܘܪܝܬ ܚܨܪܘܬ.,7,"E Balaão foi com Balaque, e chegaram a Quiriate-Huzote.",9,True,True,True
22,40,Números 22:40,וַיִּזְבַּ֥ח בָּלָ֖ק בָּקָ֣ר וָצֹ֑אן וַיְשַׁלַּ֣ח לְבִלְעָ֔ם וְלַשָּׂרִ֖ים אֲשֶׁ֥ר אִתּֽוֹ ׃,ויזבח בלק בקר וצאנ וישלח לבלעמ ולשרימ אשר אתו,10,ונכס בלק תורין ועאן ושלח לבלעם ולרברביא די עמיה:,9,"καὶ ἔθυσεν Βαλὰκ πρόβατα καὶ μόσχους, καὶ ἀπέστειλεν τῷ Βαλαὰμ καὶ τοῖς ἄρχουσι τοῖς μετ᾽ αὐτοῦ.",16,ܘܢܟܣ ܒܠܩ ܬܘܪ̈ܐ ܘܥܢܐ. ܘܫܕܪ ܠܒܠܥܡ ܘܠܪ̈ܘܪܒܢܐ ܕܥܡܗ.,8,"Então Balaque ofereceu em sacrifício bois e ovelhas, e deles enviou a Balaão e aos príncipes que estavam com ele.",20,True,True,True
22,41,Números 22:41,וַיְהִ֣י בַבֹּ֔קֶר וַיִּקַּ֤ח בָּלָק֙ אֶת־ בִּלְעָ֔ם וַֽיַּעֲלֵ֖הוּ בָּמ֣וֹת בָּ֑עַל וַיַּ֥רְא מִשָּׁ֖ם קְצֵ֥ה הָעָֽם ׃,ויהי בבקר ויקח בלק את בלעמ ויעלהו במות בעל וירא משמ קצה העמ,14,והוה בצפרא ודבר בלק ית בלעם ואסקיה לרמת דחלתיה וחזא מתמן קצת מן עמא:,14,"καὶ ἐγενήθη πρωί, καὶ παραλαβὼν Βαλὰκ τὸν Βαλαὰμ ἀνεβίβασεν αὐτὸν ἐπὶ τὴν στήλην τοῦ Βάαλ, καὶ ἔδειξεν αὐτῷ ἐκεῖθεν μέρος τι τοῦ λαοῦ.",23,ܘܟܕ ܗܘܐ ܨܦܪܐ. ܕܒܪ ܒܠܩ ܠܒܠܥܡ ܘܐܣܩܗ ܠܒܡܘܬ ܒܥܠܐ. ܘܚܙܐ ܡܢ ܬܡܢ ܣܟܗ ܕܥܡܐ.,14,"E sucedeu que, pela manhã, Balaque tomou a Balaão, e o levou aos altos de Baal, e viu ele dali a parte extrema do povo.",25,True,True,True
23,1,Números 23:1,וַיֹּ֤אמֶר בִּלְעָם֙ אֶל־ בָּלָ֔ק בְּנֵה־ לִ֥י בָזֶ֖ה שִׁבְעָ֣ה מִזְבְּחֹ֑ת וְהָכֵ֥ן לִי֙ בָּזֶ֔ה שִׁבְעָ֥ה פָרִ֖ים וְשִׁבְעָ֥ה אֵילִֽים ׃,ויאמר בלעמ אל בלק בנה לי בזה שבעה מזבחת והכנ לי בזה שבעה פרימ ושבעה אילימ,17,ואמר בלעם לבלק בנה לי הכא שבעא מדבחין ואתקן לי הכא שבעא תורין ושבעא דכרין:,15,"Καὶ εἶπεν Βαλαὰμ τῷ Βαλάκ Οἰκοδόμησόν μοι ἐνταῦθα ἑπτὰ βωμούς, καὶ ἑτοίμασόν μοι ἐνταῦθα ἑπτὰ μόσχους καὶ ἑπτὰ κριούς.",19,ܘܐܡܪ ܒܠܥܡ ܠܒܠܩ. ܒܢܝ ܠܝ ܗܪܟܐ ܫܒܥܐ ܡܕܒܚ̈ܝܢ. ܘܛܝܒ ܠܝ ܗܪܟܐ ܫܒܥܐ ܬܘܪ̈ܝܢ. ܘܫܒܥܐ ܕܟܪ̈ܝܢ.,15,Disse Balaão a Balaque: Edifica-me aqui sete altares e prepara-me aqui sete novilhos e sete carneiros.,16,True,True,True
23,2,Números 23:2,וַיַּ֣עַשׂ בָּלָ֔ק כַּאֲשֶׁ֖ר דִּבֶּ֣ר בִּלְעָ֑ם וַיַּ֨עַל בָּלָ֧ק וּבִלְעָ֛ם פָּ֥ר וָאַ֖יִל בַּמִּזְבֵּֽחַ ׃,ויעש בלק כאשר דבר בלעמ ויעל בלק ובלעמ פר ואיל במזבח,12,ועבד בלק כמא די מליל בלעם ואסק בלק ובלעם תור ודכר על כל מדבחא:,14,"καὶ ἐποίησεν Βαλὰκ ὃν τρόπον εἶπεν αὐτῷ Βαλαάμ, καὶ ἀνήνεγκεν μόσχον καὶ κριὸν ἐπὶ τὸν βωμόν.",16,ܘܥܒܕ ܒܠܩ ܐܝܟ ܕܐܡܪ ܠܗ ܒܠܥܡ. ܘܐܣܩ ܒܠܥܡ ܘܒܠܩ ܬܘܪ̈ܐ ܘܕܟܪ̈ܐ ܥܠ ܡܕܒܚ̈ܐ.,13,"Fez, pois, Balaque como Balaão dissera; e Balaque e Balaão ofereceram um novilho e um carneiro sobre cada altar.",19,True,True,True
23,3,Números 23:3,וַיֹּ֨אמֶר בִּלְעָ֜ם לְבָלָ֗ק הִתְיַצֵּב֮ עַל־ עֹלָתֶךָ֒ וְאֵֽלְכָ֗ה אוּלַ֞י יִקָּרֵ֤ה יְהוָה֙ לִקְרָאתִ֔י וּדְבַ֥ר מַה־ יַּרְאֵ֖נִי וְהִגַּ֣דְתִּי לָ֑ךְ וַיֵּ֖לֶךְ שֶֽׁפִי ׃,ויאמר בלעמ לבלק התיצב על עלתכ ואלכה אולי יקרה יהוה לקראתי ודבר מה יראני והגדתי לכ וילכ שפי,19,ואמר בלעם לבלק אתעתד על עלתך ואיהך מאים יערע מימר מן קדם יי לקדמותי ופתגמא דיחזנני ואחוי לך ואזל יחידי:,20,"καὶ εἶπεν Βαλαὰμ πρὸς Βαλάκ Παράστηθι ἐπὶ τῆς θυσίας σου, καὶ πορεύσομαι, εἴ μοι φανεῖται ὁ θεὸς ἐν συναντήσει· καὶ ῥῆμα ὃ ἐάν μοι δείξῃ ἀναγγελῶ σοι. καὶ παρέστη Βαλὰκ ἐπὶ τῆς θυσίας αὐτοῦ· καὶ Βαλαὰμ ἐπορεύθη ἐπερωτῆσαι τὸν θεόν, καὶ ἐπορεύθη εὐθεῖαν.",43,ܘܐܡܪ ܒܠܥܡ ܠܒܠܩ. ܩܘܡ ܗܪܟܐ ܠܘܬ ܥ̈ܠܘܬܟ ܘܐܢܐ ܐܙܠ. ܛܟ ܢܩܪܐ ܡܪܝܐ ܠܐܘܪܥܝ. ܘܦܬܓܡܐ ܕܡܚܘܐ ܠܝ ܐܚܘܝܘܗܝ ܠܟ. ܘܐܙܠ ܫܦܝܐܝܬ.,20,"Então Balaão disse a Balaque: Fica aqui em pé junto ao teu holocausto, e eu irei; porventura o Senhor me sairá ao encontro, e o que ele me mostrar, eu to direi. E foi a um lugar alto.",38,True,True,True
23,4,Números 23:4,וַיִּקָּ֥ר אֱלֹהִ֖ים אֶל־ בִּלְעָ֑ם וַיֹּ֣אמֶר אֵלָ֗יו אֶת־ שִׁבְעַ֤ת הַֽמִּזְבְּחֹת֙ עָרַ֔כְתִּי וָאַ֛עַל פָּ֥ר וָאַ֖יִל בַּמִּזְבֵּֽחַ ׃,ויקר אלהימ אל בלעמ ויאמר אליו את שבעת המזבחת ערכתי ואעל פר ואיל במזבח,15,וערע מימר מן קדם יי לות בלעם ואמר ליה ית שבעא מדבחין סדרית ואסקית תור ודכר על כל מדבחא:,19,"καὶ ἐφάνη ὁ θεὸς τῷ Βαλαάμ, καὶ εἶπεν πρὸς αὐτὸν Βαλαάμ Τοὺς ἑπτὰ βωμοὺς ἡτοίμασα, καὶ ἀνεβίβασα μόσχον καὶ κριὸν ἐπὶ τὸν βωμόν.",23,ܘܐܬܓܠܝ ܐܠܗܐ ܥܠ ܒܠܥܡ ܘܐܡܪ ܠܗ. ܫܒܥܐ ܡܕܒܚ̈ܝܢ ܛܝܒܬ. ܘܐܣܩܬ ܬܘܪ̈ܐ ܘܕܟܪ̈ܐ ܥܠ ܡܕܒܚ̈ܐ.,14,"E quando Deus se encontrou com Balaão, este lhe disse: Preparei os sete altares, e ofereci um novilho e um carneiro sobre cada altar.",24,True,True,True
23,5,Números 23:5,וַיָּ֧שֶׂם יְהוָ֛ה דָּבָ֖ר בְּפִ֣י בִלְעָ֑ם וַיֹּ֛אמֶר שׁ֥וּב אֶל־ בָּלָ֖ק וְכֹ֥ה תְדַבֵּֽר ׃,וישמ יהוה דבר בפי בלעמ ויאמר שוב אל בלק וכה תדבר,12,ושוי יי פתגמא בפומא דבלעם ואמר תוב לות בלק וכדין תמלל:,11,καὶ ἐνέβαλεν ὁ θεὸς ῥῆμα εἰς στόμα Βαλαὰμ καὶ εἶπεν Ἐπιστραφεὶς πρὸς Βαλὰκ οὕτως λαλήσεις.,15,ܘܣܡ ܡܪܝܐ ܡܠܬܐ ܒܦܘܡܗ ܕܒܠܥܡ. ܘܐܡܪ ܠܗ. ܙܠ ܠܘܬ ܒܠܩ. ܘܗܟܢܐ ܡܠܠ.,12,"Então o senhor pôs uma palavra na boca de Balaão, e disse: Volta para Balaque, e assim falarás.",18,True,True,True
23,6,Números 23:6,וַיָּ֣שָׁב אֵלָ֔יו וְהִנֵּ֥ה נִצָּ֖ב עַל־ עֹלָת֑וֹ ה֖וּא וְכָל־ שָׂרֵ֥י מוֹאָֽב ׃,וישב אליו והנה נצב על עלתו הוא וכל שרי מואב,11,ותב לותיה והא מעתד על עלתיה הוא וכל רברבי מואב:,10,"καὶ ἀπεστράφη πρὸς αὐτόν· καὶ ὅδε ἐφιστήκει ἐπὶ τῶν ὁλοκαυτωμάτων αὐτοῦ, καὶ πάντες οἱ ἄρχοντες Μωὰβ μετ᾽ αὐτοῦ. καὶ ἐγενήθη πνεῦμα θεοῦ ἐπ᾽ αὐτῷ·",24,ܘܐܬܐ ܠܘܬܗ. ܘܗܘ ܩ̇ܐܡ ܗܘܐ ܠܘܬ ܥ̈ܠܘܬܗ. ܗܘ ܘܟܠܗܘܢ ܪ̈ܘܪܒܢܐ ܕܡܘܐܒ.,11,"Voltou, pois, para ele, e eis que estava em pé junto ao seu holocausto, ele e todos os príncipes de Moabe.",21,True,True,True
23,7,Números 23:7,וַיִּשָּׂ֥א מְשָׁל֖וֹ וַיֹּאמַ֑ר מִן־ אֲ֠רָם יַנְחֵ֨נִי בָלָ֤ק מֶֽלֶךְ־ מוֹאָב֙ מֵֽהַרְרֵי־ קֶ֔דֶם לְכָה֙ אָֽרָה־ לִּ֣י יַעֲקֹ֔ב וּלְכָ֖ה זֹעֲמָ֥ה יִשְׂרָאֵֽל ׃,וישא משלו ויאמר מנ ארמ ינחני בלק מלכ מואב מהררי קדמ לכה ארה לי יעקב ולכה זעמה ישראל,19,ונטל מתליה ואמר מן ארם דברני בלק מלכא דמואב מטורי מדינחא איתא לוט לי יעקב ואיתא תרך לי ישראל:,19,"καὶ ἀναλαβὼν τὴν παραβολὴν αὐτοῦ εἶπεν Ἐκ Μεσοποταμίας μετεπέμψατό με Βαλάκ, βασιλεὺς Μωὰβ ἐξ ὀρέων ἀπ᾽ ἀνατολῶν, λέγων Δεῦρο ἄρασαί μοι τὸν Ἰακώβ, καὶ δεῦρο ἐπικατάρασαί μοι τὸν Ἰσραήλ.",29,ܘܐܪܝܡ ܒܡܬܠܗ ܘܐܡܪ. ܡܢ ܐܪܡ ܕܒܪܢܝ ܒܠܩ ܡܠܟܐ ܕܡܘܐ̈ܒܝܐ ܡܢ ܛܘܪ̈ܝ ܡܕܢܚܐ. ܘܐܡܪ ܠܝ. ܬܐ ܠܘܛ ܠܝ ܠܝܥܩܘܒ. ܘܬܐ ܐܘܒܕ ܠܝ ܠܐܝܣܪܝܠ.,22,"Então proferiu Balaão a sua parábola, dizendo: De Arã me mandou trazer Balaque, o rei de Moabe, desde as montanhas do Oriente, dizendo: Vem, amaldiçoa-me a Jacó; vem, denuncia a Israel.",31,True,True,True
23,8,Números 23:8,מָ֣ה אֶקֹּ֔ב לֹ֥א קַבֹּ֖ה אֵ֑ל וּמָ֣ה אֶזְעֹ֔ם לֹ֥א זָעַ֖ם יְהוָֽה ׃,מה אקב לא קבה אל ומה אזעמ לא זעמ יהוה,11,מא אלוטיה דלא לטיה אל ומא אתרכיה דלא תרכיה יי:,10,τί ἀράσωμαι ὃν μὴ καταρᾶται Κύριος; ἢ τί καταράσωμαι ὃν μὴ καταρᾶται ὁ θεός;,14,ܡܢܐ ܐܠܘܛܝܘܗܝ ܕܠܐ ܠܛܗ ܐܠܗܐ. ܘܡܢܐ ܐܘܒܕܝܘܗܝ ܕܠܐ ܐܘܒܕܗ ܡܪܝܐ.,10,Como amaldiçoarei a quem Deus não amaldiçoou? e como denunciarei a quem o Senhor não denunciou?,16,True,True,True
23,9,Números 23:9,כִּֽי־ מֵרֹ֤אשׁ צֻרִים֙ אֶרְאֶ֔נּוּ וּמִגְּבָע֖וֹת אֲשׁוּרֶ֑נּוּ הֶן־ עָם֙ לְבָדָ֣ד יִשְׁכֹּ֔ן וּבַגּוֹיִ֖ם לֹ֥א יִתְחַשָּֽׁב ׃,כי מראש צרימ אראנו ומגבעות אשורנו הנ עמ לבדד ישכנ ובגוימ לא יתחשב,14,ארי מריש טוריא חזיתיה ומרמתא סכיתיה הא עמא בלחודיהון עתידין דיחסנון עלמא ובעממיא לא יתדנון גמירא:,16,"ὅτι ἀπὸ κορυφῆς ὀρέων ὄψομαι αὐτόν, καὶ ἀπὸ βουνῶν προσνοήσω αὐτόν. ἰδοὺ λαὸς μόνος κατοικήσει, καὶ ἐν ἔθνεσιν οὐ συλλογισθήσεται.",20,ܡܛܠ ܕܡܢ ܪܫܐ ܕܛܘܪ̈ܐ ܚܙܝ̇ܬܗ. ܘܡܢ ܪ̈ܡܬܐ ܚ̇ܪܬܗ. ܗܐ ܥܡܐ ܒܠܚܘܕܘܗܝ ܫܪܐ. ܘܒܥܡ̈ܡܐ ܠܐ ܡܬܚܫܒ.,15,"Pois do cume das penhas o vejo, e dos outeiros o contemplo; eis que é um povo que habita só, e entre as nações não será contado.",27,True,True,True
23,10,Números 23:10,מִ֤י מָנָה֙ עֲפַ֣ר יַעֲקֹ֔ב וּמִסְפָּ֖ר אֶת־ רֹ֣בַע יִשְׂרָאֵ֑ל תָּמֹ֤ת נַפְשִׁי֙ מ֣וֹת יְשָׁרִ֔ים וּתְהִ֥י אַחֲרִיתִ֖י כָּמֹֽהוּ ׃,מי מנה עפר יעקב ומספר את רבע ישראל תמת נפשי מות ישרימ ותהי אחריתי כמהו,16,מן ייכול לממני דעדקיא דבית יעקב דאמיר עליהון יסגון כעפרא דארעא או חדא מארבע משריתא דישראל תמות נפשי מותא דקשיטוהי ויהי סופי כותהון:,23,"τίς ἐξηκριβάσατο τὸ σπέρμα Ἰακώβ; καὶ τίς ἐξαριθμήσεται δήμους Ἰσραήλ; ἀποθάνοι ἡ ψυχή μου ἐν ψυχαῖς δικαίων, καὶ γένοιτο τὸ σπέρμα μου ὡς τὸ σπέρμα τούτων.",26,ܡܢܘ ܡܫܟܚ ܠܡܡܢܐ ܥܟܪܗ ܕܝܥܩܘܒ ܘܡܢܝܢܐ ܕܪܘܒܥܗ ܕܐܝܣܪܝܠ. ܬܡܘܬ ܢܦܫܝ ܡܘܬܐ ܕܬܪ̈ܝܨܝܗܘܢ. ܘܬܗܘܐ ܚܪܬܝ ܐܟܘܬܗܘܢ.,15,"Quem poderá contar o pó de Jacó e o número da quarta parte de Israel? Que eu morra a morte dos justos, e seja o meu fim como o deles.",30,True,True,True
23,11,Números 23:11,וַיֹּ֤אמֶר בָּלָק֙ אֶל־ בִּלְעָ֔ם מֶ֥ה עָשִׂ֖יתָ לִ֑י לָקֹ֤ב אֹיְבַי֙ לְקַחְתִּ֔יךָ וְהִנֵּ֖ה בֵּרַ֥כְתָּ בָרֵֽךְ ׃,ויאמר בלק אל בלעמ מה עשית לי לקב איבי לקחתיכ והנה ברכת ברכ,14,ואמר בלק לבלעם מה עבדת לי למילט סנאי דברתיך והא ברכא מברכת להון:,13,"καὶ εἶπεν Βαλὰκ πρὸς Βαλαάμ Τί πεποίηκάς μοι; εἰς κατάρασιν ἐχθρῶν μου κέκληκά σε, καὶ ἰδοὺ εὐλόγηκας εὐλογίαν.",18,ܘܐܡܪ ܒܠܩ ܠܒܠܥܡ. ܡܢܐ ܥܒܕܬ ܠܝ. ܠܡܠܛ ܒ̈ܥܠܕܒܒܝ ܩܪܝ̇ܬܟ. ܘܗܐ ܡܒܪܟܘ ܡܒܪܟ ܐܢܬ ܠܗܘܢ.,14,"Então disse Balaque a Balaão: Que me fizeste? Chamei-te para amaldiçoares os meus inimigos, e eis que inteiramente os abençoaste.",20,True,True,True
23,12,Números 23:12,וַיַּ֖עַן וַיֹּאמַ֑ר הֲלֹ֗א אֵת֩ אֲשֶׁ֨ר יָשִׂ֤ים יְהוָה֙ בְּפִ֔י אֹת֥וֹ אֶשְׁמֹ֖ר לְדַבֵּֽר ׃,ויענ ויאמר הלא את אשר ישימ יהוה בפי אתו אשמר לדבר,12,ואתב ואמר הלא ית דישוי יי בפומי יתיה אטר למללא:,10,"καὶ εἶπεν Βαλαὰμ πρὸς Βαλάκ Οὐχὶ ὅσα ἐὰν ἐμβάλῃ ὁ θεὸς εἰς τὸ στόμα μου, τοῦτο φυλάξω λαλῆσαι;",18,ܘܥܢܐ ܒܠܥܡ ܘܐܡܪ. ܗܐ ܡܕܡ ܕܣ̇ܐܡ ܡܪܝܐ ܒܦܘܡܝ. ܗ̇ܘ ܗܘ ܢ̇ܛܪ ܐܢܐ ܠܡܡܠܠܘ.,13,E ele respondeu: Porventura não terei cuidado de falar o que o Senhor me puser na boca?,17,True,True,True
23,13,Números 23:13,וַיֹּ֨אמֶר אֵלָ֜יו בָּלָ֗ק לך־ נָּ֨א אִתִּ֜י אֶל־ מָק֤וֹם אַחֵר֙ אֲשֶׁ֣ר תִּרְאֶ֣נּוּ מִשָּׁ֔ם אֶ֚פֶס קָצֵ֣הוּ תִרְאֶ֔ה וְכֻלּ֖וֹ לֹ֣א תִרְאֶ֑ה וְקָבְנוֹ־ לִ֖י מִשָּֽׁם ׃,ויאמר אליו בלק לכ נא אתי אל מקומ אחר אשר תראנו משמ אפס קצהו תראה וכלו לא תראה וקבנו לי משמ,22,ואמר ליה בלק איתא כען עמי לאתר אוחרן דתחזניה מתמן לחוד קצתיה תחזי וכוליה לא תחזי ותלוטיה לי מתמן:,19,"καὶ εἶπεν πρὸς αὐτὸν Βαλάκ Δεῦρο ἔτι μετ᾽ ἐμοῦ εἰς τόπον ἄλλον, ἐξ ὧν οὐκ ὄψῃ αὐτὸν ἐκεῖθεν, ἀλλ᾽ ἢ μέρος τι αὐτοῦ ὄψῃ, πάντας δὲ οὐ μὴ ἴδῃς· καὶ κατάρασαί μοι αὐτὸν ἐκεῖθεν.",34,ܘܐܡܪ ܠܗ ܒܠܩ. ܬܐ ܥܡܝ ܠܐܬܪܐ ܐܚܪܢܐ. ܕܬܚܙܝܘܗܝ ܡܢ ܬܡܢ. ܒܪܡ ܕܝܢ ܚܪܬܗ ܬܚܙܐ ܘܟܠܗ ܠܐ ܬܚܙܐ. ܘܠܘܛܝܗܝ ܠܝ ܡܢ ܬܡܢ.,21,"Então Balaque lhe disse: Rogo-te que venhas comigo a outro lugar, donde o poderás ver; verás somente a última parte dele, mas a todo ele não verás; e amaldiçoa-mo dali.",30,True,True,True
23,14,Números 23:14,וַיִּקָּחֵ֨הוּ֙ שְׂדֵ֣ה צֹפִ֔ים אֶל־ רֹ֖אשׁ הַפִּסְגָּ֑ה וַיִּ֨בֶן֙ שִׁבְעָ֣ה מִזְבְּחֹ֔ת וַיַּ֛עַל פָּ֥ר וָאַ֖יִל בַּמִּזְבֵּֽחַ ׃,ויקחהו שדה צפימ אל ראש הפסגה ויבנ שבעה מזבחת ויעל פר ואיל במזבח,14,ודבריה לחקל סכותא לריש רמתא ובנא שבעא מדבחין ואסק תור ודכר על כל מדבחא:,14,"καὶ παρέλαβεν αὐτὸν εἰς ἀγροῦ σκοπιὰν ἐπὶ κορυφὴν Λελαξευμένου, καὶ ᾠκοδόμησεν ἐκεῖ ἑπτὰ βωμούς, καὶ ἀνεβίβασεν μόσχον καὶ κριὸν ἐπὶ τὸν βωμόν.",22,ܘܕܒܪܗ ܠܚܩܠ ܕܘܩܐ ܠܪܝܫ ܪܡܬܐ. ܘܒܢܐ ܫܒܥܐ ܡܕܒܚ̈ܝܢ. ܘܐܣܩ ܬܘܪ̈ܐ ܘܕܟܪ̈ܐ ܥܠ ܡܕܒܚ̈ܐ.,13,"Assim o levou ao campo de Zofim, ao cume de Pisga; e edificou sete altares, e ofereceu um novilho e um carneiro sobre cada altar.",25,True,True,True
23,15,Números 23:15,וַיֹּ֨אמֶר֙ אֶל־ בָּלָ֔ק הִתְיַצֵּ֥ב כֹּ֖ה עַל־ עֹלָתֶ֑ךָ וְאָנֹכִ֖י אִקָּ֥רֶה כֹּֽה ׃,ויאמר אל בלק התיצב כה על עלתכ ואנכי אקרה כה,11,ואמר לבלק אתעתד הכא על עלתך ואנא אתמטי עד כא:,10,"καὶ εἶπεν Βαλαὰμ πρὸς Βαλάκ Παράστηθι ἐπὶ τῆς θυσίας σου, ἐγὼ δὲ πορεύσομαι ἐπερωτῆσαι τὸν θεόν.",16,ܘܐܡܪ ܒܠܥܡ ܠܒܠܩ. ܩܘܡ ܗܪܟܐ ܠܘܬ ܥ̈ܠܘܬܟ. ܘܐܢܐ ܐܡܛܐ ܥܕܡܐ ܠܗܪܟܐ.,11,"Disse Balaão a Balaque: Fica aqui em pé junto ao teu holocausto, enquanto eu vou ali ao encontro do Senhor.",20,True,True,True
23,16,Números 23:16,וַיִּקָּ֤ר יְהוָה֙ אֶל־ בִּלְעָ֔ם וַיָּ֥שֶׂם דָּבָ֖ר בְּפִ֑יו וַיֹּ֛אמֶר שׁ֥וּב אֶל־ בָּלָ֖ק וְכֹ֥ה תְדַבֵּֽר ׃,ויקר יהוה אל בלעמ וישמ דבר בפיו ויאמר שוב אל בלק וכה תדבר,14,וערע מימר מן קדם יי לבלעם ושוי פתגמא בפומיה ואמר תוב לות בלק וכדין תמלל:,15,"καὶ συνήντησεν ὁ θεὸς τῷ Βαλαὰμ καὶ ἐνέβαλεν ῥῆμα εἰς τὸ στόμα αὐτοῦ καὶ εἶπεν Ἀποστράφητι πρὸς Βαλάκ, καὶ τάδε λαλήσεις.",21,ܘܐܬܓܠܝ ܡܪܝܐ ܥܠ ܒܠܥܡ. ܘܣܡ ܡܠܬܐ ܒܦܘܡܗ ܘܐܡܪ ܠܗ. ܙܠ ܠܘܬ ܒܠܩ ܘܗܟܢܐ ܐܡܪ ܠܗ .,16,"E, encontrando-se o Senhor com Balaão, pôs-lhe na boca uma palavra, e disse: Volta para Balaque, e assim falarás.",19,True,True,True
23,17,Números 23:17,וַיָּבֹ֣א אֵלָ֗יו וְהִנּ֤וֹ נִצָּב֙ עַל־ עֹ֣לָת֔וֹ וְשָׂרֵ֥י מוֹאָ֖ב אִתּ֑וֹ וַיֹּ֤אמֶר לוֹ֙ בָּלָ֔ק מַה־ דִּבֶּ֖ר יְהוָֽה ׃,ויבא אליו והנו נצב על עלתו ושרי מואב אתו ויאמר לו בלק מה דבר יהוה,16,ואתא לותיה והוא מעתד על עלתיה ורברבי מואב עמיה ואמר ליה בלק מא מליל יי:,15,"καὶ ἀπεστράφη πρὸς αὐτόν· ὁ δὲ ἐφιστήκει ἐπὶ τῆς ὁλοκαυτώσεως αὐτοῦ, καὶ πάντες οἱ ἄρχοντες Μωὰβ μετ᾽ αὐτοῦ. καὶ εἶπεν αὐτῷ Βαλάκ Τί ἐλάλησεν Κύριος;",25,ܘܐܬܐ ܠܘܬܗ. ܘܗܘ ܩ̇ܐܡ ܗܘܐ ܠܘܬ ܥ̈ܠܘܬܗ. ܘܪ̈ܘܪܒܢܐ ܕܡܘܐܒ ܥܡܗ. ܘܐܡܪ ܠܗ ܒܠܩ. ܡܢܐ ܐܡܪ ܡܪܝܐ.,16,"Voltou, pois, para ele, e eis que estava em pé junto ao seu holocausto, e os príncipes de Moabe com ele. Perguntou-lhe, pois, Balaque: Que falou o Senhor?",28,True,True,True
23,18,Números 23:18,וַיִּשָּׂ֥א מְשָׁל֖וֹ וַיֹּאמַ֑ר ק֤וּם בָּלָק֙ וּֽשֲׁמָ֔ע הַאֲזִ֥ינָה עָדַ֖י בְּנ֥וֹ צִפֹּֽר ׃,וישא משלו ויאמר קומ בלק ושמע האזינה עדי בנו צפר,11,ונטל מתליה ואמר קום בלק ושמע אצית למימרי בר צפר:,10,"καὶ ἀναλαβὼν τὴν παραβολὴν αὐτοῦ εἶπεν Ἀνάστηθι Βαλάκ, καὶ ἄκουε· ἐνώτισαι μάρτυς, υἱὸς Σεπφώρ.",14,ܘܐܪܝܡ ܒܡܬܠܗ ܘܐܡܪ. ܩܘܡ ܒܠܩ ܘܫܡܥ. ܘܨܘܬ ܠܣܗܕܘܬܝ ܒܪ ܨܦܘܪ.,10,"Então proferiu Balaão a sua parábola, dizendo: Levanta-te, Balaque, e ouve; escuta-me, filho de Zipor;",15,True,True,True
23,19,Números 23:19,לֹ֣א אִ֥ישׁ אֵל֙ וִֽיכַזֵּ֔ב וּבֶן־ אָדָ֖ם וְיִתְנֶחָ֑ם הַה֤וּא אָמַר֙ וְלֹ֣א יַעֲשֶׂ֔ה וְדִבֶּ֖ר וְלֹ֥א יְקִימֶֽנָּה ׃,לא איש אל ויכזב ובנ אדמ ויתנחמ ההוא אמר ולא יעשה ודבר ולא יקימנה,15,לא כמלי בני אנשא מימר אלהא בני אנשא אמרין ומכדבין ואף לא כעובדי בני בשרא די אנון גזרין למעבד ותיבין ומתמלכין דהוא אמר ועבד וכל מימריה מתקים:,27,"οὐχ ὡς ἄνθρωπος ὁ θεὸς διαρτηθῆναι, οὐδὲ ὡς υἱὸς ἀνθρώπου ἀπειληθῆναι· αὐτὸς εἴπας οὐχὶ ποιήσει; λαλήσει, καὶ οὐχὶ ἐμμενεῖ;",19,ܠܐ ܗܘܐ ܓܒܪܐ ܐܠܗܐ ܕܢܕܓܠ . ܘܐܦ ܠܐ ܒܪܢܫܐ ܕܢܬܡܠܟ. ܗܘ ܐܡ̇ܪ ܘܥܒ̇ܕ ܘܡܠܬܗ ܩܝܡܐ ܠܥܠܡܝܢ.,16,"Deus não é homem, para que minta; nem filho do homem, para que se arrependa. Porventura, tendo ele dito, não o fará? ou, havendo falado, não o cumprirá?",28,True,True,True
23,20,Números 23:20,הִנֵּ֥ה בָרֵ֖ךְ לָקָ֑חְתִּי וּבֵרֵ֖ךְ וְלֹ֥א אֲשִׁיבֶֽנָּה ׃,הנה ברכ לקחתי וברכ ולא אשיבנה,7,הא ברכן קבלית ואברכניה לישראל ולא אתב ברכתי מניה:,9,"ἰδοὺ εὐλογεῖν παρείλημμαι· εὐλογήσω, καὶ οὐ μή ἀποστρέψω.",8,ܗܐ ܠܡܒܪܟܘ ܐܬܕܒܪܬ ܘܒܘܪܟܬܐ ܠܐ ܐܗܦܟ.,6,"Eis que recebi mandado de abençoar; pois ele tem abençoado, e eu não o posso revogar.",16,True,True,True
23,21,Números 23:21,לֹֽא־ הִבִּ֥יט אָ֨וֶן֙ בְּיַעֲקֹ֔ב וְלֹא־ רָאָ֥ה עָמָ֖ל בְּיִשְׂרָאֵ֑ל יְהוָ֤ה אֱלֹהָיו֙ עִמּ֔וֹ וּתְרוּעַ֥ת מֶ֖לֶךְ בּֽוֹ ׃,לא הביט אונ ביעקב ולא ראה עמל בישראל יהוה אלהיו עמו ותרועת מלכ בו,15,אסתכלית לית פלחי גלולין בדבית יעקב ואף לא עבדי לאות שקר בישראל מימרא דיי אלההון בסעדהון ושכינת מלכהון ביניהון:,19,"οὐκ ἔσται μόχθος ἐν Ἰακώβ, οὐδὲ ὀφθήσεται πόνος ἐν Ἰσραήλ· Κύριος ὁ θεὸς αὐτοῦ μετ᾽ αὐτοῦ, τὰ ἔνδοξα ἀρχόντων ἐν αὐτῷ.",21,ܠܐ ܚ̇ܙܐ ܐܢܐ ܥܘܠܐ ܒܝܥܩܘܒ. ܘܠܐ ܚ̇ܐܪ ܐܢܐ ܥܠܝܐ ܒܐܝܣܪܝܠ. ܡܪܝܐ ܐܠܗܗ ܥܡܗ. ܘܬܫܒܘܚܬܐ ܕܡܠܟܗ ܒܗ.,16,"Não se observa iniqüidade em Jacó, nem se vê maldade em Israel; o senhor seu Deus é com ele, no meio dele se ouve a aclamação dum rei;",28,True,True,True
23,22,Números 23:22,אֵ֖ל מוֹצִיאָ֣ם מִמִּצְרָ֑יִם כְּתוֹעֲפֹ֥ת רְאֵ֖ם לֽוֹ ׃,אל מוציאמ ממצרימ כתועפת ראמ לו,7,אלהא דאפקנון ממצרים תוקפא ורומא דיליה:,6,θεὸς ὁ ἐξαγαγὼν αὐτοὺς ἐξ Αἰγύπτου· ὡς δόξα μονοκέρωτος αὐτῷ.,10,ܐܠܗܐ ܕܐܦܩ ܐܢܘܢ ܡܢ ܡܨܪܝܢ ܒܥܘܫܢܗ ܘܒܪܘܡܗ.,7,É Deus que os vem tirando do Egito; as suas forças são como as do boi selvagem.,17,True,True,True
23,23,Números 23:23,כִּ֤י לֹא־ נַ֨חַשׁ֙ בְּיַעֲקֹ֔ב וְלֹא־ קֶ֖סֶם בְּיִשְׂרָאֵ֑ל כָּעֵ֗ת יֵאָמֵ֤ר לְיַעֲקֹב֙ וּלְיִשְׂרָאֵ֔ל מַה־ פָּ֖עַל אֵֽל ׃,כי לא נחש ביעקב ולא קסמ בישראל כעת יאמר ליעקב ולישראל מה פעל אל,15,ארי לא נחשיא צבן דייטב לדבית יעקב ואף לא קסמיא רען ברבות בית ישראל כעדן יתאמר ליעקב ולישראל מה עבד אלהא:,21,"οὐ γάρ ἐστιν οἰωνισμὸς ἐν Ἰακώβ, οὐδὲ μαντεία ἐν Ἰσραήλ. κατὰ καιρὸν ῥηθήσεται Ἰακὼβ καὶ τῷ Ἰσραὴλ τί ἐπιτέλεσει ὁ θεός.",21,ܡܛܠ ܕܠܐ ܢܚܫܐ ܒܝܥܩܘܒ . ܘܐܦ ܠܐ ܩܨܡܐ ܒܐܝܣܪܝܠ. ܐܝܟ ܕܒܙܒܢܐ ܗܢܐ ܢܬܐܡܪ ܠܝܥܩܘܒ ܘܠܐܝܣܪܝܠ ܡܢܐ ܥܒܕ ܐܠܗܐ.,18,"Contra Jacó, pois, não há encantamento, nem adivinhação contra Israel. Agora se dirá de Jacó e de Israel: Que coisas Deus tem feito!",23,True,True,True
23,24,Números 23:24,הֶן־ עָם֙ כְּלָבִ֣יא יָק֔וּם וְכַאֲרִ֖י יִתְנַשָּׂ֑א לֹ֤א יִשְׁכַּב֙ עַד־ יֹ֣אכַל טֶ֔רֶף וְדַם־ חֲלָלִ֖ים יִשְׁתֶּֽה ׃,הנ עמ כלביא יקומ וכארי יתנשא לא ישכב עד יאכל טרפ ודמ חללימ ישתה,15,הא עמא כליתא שרי וכאריא יתנטל לא ישרי בארעיה עד דיקטול קטול ונכסי עממיא יירת:,15,"ἰδοὺ λαὸς ὡς σκύμνος ἀναστήσεται, καὶ ὡς λέων γαυριωθήσεται· οὐ κοιμηθήσεται ἕως φάγῃ θήραν, καὶ αἷμα τραυματιῶν πίεται.",18,ܗܐ ܥܡܐ ܐܝܟ ܐܪܝܐ ܩ̇ܐܡ. ܘܐܝܟ ܐܪܝܐ ܡܫܬܩܠ. ܠܐ ܢܕܡܟ ܥܕܡܐ ܕܢܐܟܘܠ ܬܒܪܐ. ܘܕܡܐ ܕܩ̈ܛܝܠܐ ܢܫܬܐ.,16,"Eis que o povo se levanta como leoa, e se ergue como leão; não se deitará até que devore a presa, e beba o sangue dos que foram mortos:",29,True,True,True
23,25,Números 23:25,וַיֹּ֤אמֶר בָּלָק֙ אֶל־ בִּלְעָ֔ם גַּם־ קֹ֖ב לֹ֣א תִקֳּבֶ֑נּוּ גַּם־ בָּרֵ֖ךְ לֹ֥א תְבָרֲכֶֽנּוּ ׃,ויאמר בלק אל בלעמ גמ קב לא תקבנו גמ ברכ לא תברכנו,13,ואמר בלק לבלעם אף מילט לא תלוטנון אף ברכא לא תברכנון:,11,"καὶ εἶπεν Βαλὰκ πρὸς Βαλαάμ Οὔτε κατάραις καταράσῃ μοι αὐτόν, οὔτε εὐλογῶν μὴ εὐλογήσῃς αὐτόν.",15,ܘܐܡܪ ܒܠܩ ܠܒܠܥܡ. ܠܐ ܡܠܛ ܬܠܘܛܝܘܗܝ. ܘܐܦܠܐ ܡܒܪܟܘ ܬܒܪܟܝܘܗܝ.,9,"Então Balaque disse a Balaão: Nem o amaldiçoes, nem tampouco o abençoes:",12,True,True,True
23,26,Números 23:26,וַיַּ֣עַן בִּלְעָ֔ם וַיֹּ֖אמֶר אֶל־ בָּלָ֑ק הֲלֹ֗א דִּבַּ֤רְתִּי אֵלֶ֨יךָ֙ לֵאמֹ֔ר כֹּ֛ל אֲשֶׁר־ יְדַבֵּ֥ר יְהוָ֖ה אֹת֥וֹ אֶֽעֱשֶֽׂה ׃,ויענ בלעמ ויאמר אל בלק הלא דברתי אליכ לאמר כל אשר ידבר יהוה אתו אעשה,16,ואתב בלעם ואמר לבלק הלא מללית עמך למימר כל די ימלל יי יתיה אעבד:,14,"καὶ ἀποκριθεὶς Βαλαὰμ εἶπεν τῷ Βαλάκ Οὐκ ἐλάλησά σοι λέγων Τὸ ῥῆμα ὃ ἐὰν λαλήσῃ ὁ θεός, τοῦτο ποιήσω;",19,ܘܥܢܐ ܒܠܥܡ ܘܐܡܪ ܠܒܠܩ. ܠܐ ܐܡ̇ܪܬ ܠܟ. ܕܟܠ ܕܐܡ̇ܪ ܠܝ ܡܪܝܐ ܗ̇ܘ ܗܘ ܥܒܕ ܐܢܐ.,15,"Respondeu, porém, Balaão a Balaque: Não te falei eu, dizendo: Tudo o que o Senhor falar, isso tenho de fazer?",20,True,True,True
23,27,Números 23:27,וַיֹּ֤אמֶר בָּלָק֙ אֶל־ בִּלְעָ֔ם לְכָה־ נָּא֙ אֶקָּ֣חֲךָ֔ אֶל־ מָק֖וֹם אַחֵ֑ר אוּלַ֤י יִישַׁר֙ בְּעֵינֵ֣י הָאֱלֹהִ֔ים וְקַבֹּ֥תוֹ לִ֖י מִשָּֽׁם ׃,ויאמר בלק אל בלעמ לכה נא אקחכ אל מקומ אחר אולי יישר בעיני האלהימ וקבתו לי משמ,18,ואמר בלק לבלעם איתא כען אדברנך לאתר אחרן מאים יהי רעוא מן קדם יי ותלוטיה לי מתמן:,17,"καὶ εἶπεν Βαλὰκ πρὸς Βαλαάμ Δεῦρο παραλάβω σε εἰς τόπον ἄλλον, εἰ ἀρέσει τῷ θεῷ, καὶ κατάρασαί μοι αὐτὸν ἐκεῖθεν.",20,ܘܐܡܪ ܒܠܩ ܠܒܠܥܡ. ܬܐ ܐܕܒܪܟ ܠܐܬܪܐ ܐܚܪܢܐ. ܟܒܪ ܢܫܦܪ ܒܥܝ̈ܢܝ ܐܠܗܐ ܘܠܘܛܝܗܝ ܠܝ ܡܢ ܬܡܢ.,15,"Tornou Balaque a Balaão: Vem agora, e te levarei a outro lugar; porventura parecerá bem aos olhos de Deus que dali mo amaldiçoes.",23,True,True,True
23,28,Números 23:28,וַיִּקַּ֥ח בָּלָ֖ק אֶת־ בִּלְעָ֑ם רֹ֣אשׁ הַפְּע֔וֹר הַנִּשְׁקָ֖ף עַל־ פְּנֵ֥י הַיְשִׁימֹֽן ׃,ויקח בלק את בלעמ ראש הפעור הנשקפ על פני הישימנ,11,ודבר בלק ית בלעם ריש רמתא דמסתכיא על אפי בית ישימון:,11,"καὶ παρέλαβεν Βαλὰκ τὸν Βαλαὰμ ἐπὶ κορυφὴν τοῦ Φογώρ, τὸ παρατεῖνον εἰς τὴν ἔρημον.",14,ܘܕܒܪ ܒܠܩ ܠܒܠܥܡ. ܠܪܝܫ ܦܥܘܪ ܕܡܬܚܙܐ ܠܘܩܒܠ ܐܫܝܡܘܢ.,8,"Então Balaque levou Balaão ao cume de Peor, que dá para o deserto.",13,True,True,True
23,29,Números 23:29,וַיֹּ֤אמֶר בִּלְעָם֙ אֶל־ בָּלָ֔ק בְּנֵה־ לִ֥י בָזֶ֖ה שִׁבְעָ֣ה מִזְבְּחֹ֑ת וְהָכֵ֥ן לִי֙ בָּזֶ֔ה שִׁבְעָ֥ה פָרִ֖ים וְשִׁבְעָ֥ה אֵילִֽים ׃,ויאמר בלעמ אל בלק בנה לי בזה שבעה מזבחת והכנ לי בזה שבעה פרימ ושבעה אילימ,17,ואמר בלעם לבלק בנה לי הכא שבעא מדבחין ואתקין לי הכא שבעא תורין ושבעא דכרין:,15,"καὶ εἶπεν Βαλαὰμ πρὸς Βαλάκ Οἰκοδόμησόν μοι ὧδε ἑπτὰ βωμούς, καὶ ἑτοίμασόν μοι ὧδε ἑπτὰ μόσχους καὶ ἑπτὰ κριούς.",19,ܘܐܡܪ ܒܠܥܡ ܠܒܠܩ. ܒܢܝ ܠܝ ܗܪܟܐ ܫܒܥܐ ܡܕܒܚ̈ܝܢ. ܘܛܝܒ ܠܝ ܗܪܟܐ ܫܒܥܐ ܬܘܪ̈ܝܢ ܘܫܒܥܐ ܕܟܪ̈ܝܢ.,15,"E Balaão disse a Balaque: Edifica-me aqui sete altares, e prepara-me aqui sete novilhos e sete carneiros.",17,True,True,True
23,30,Números 23:30,וַיַּ֣עַשׂ בָּלָ֔ק כַּאֲשֶׁ֖ר אָמַ֣ר בִּלְעָ֑ם וַיַּ֛עַל פָּ֥ר וָאַ֖יִל בַּמִּזְבֵּֽחַ ׃,ויעש בלק כאשר אמר בלעמ ויעל פר ואיל במזבח,10,ועבד בלק כמא די אמר בלעם ואסק תור ודכר על כל מדבחא:,12,"καὶ ἐποίησεν Βαλὰκ καθάπερ εἶπεν αὐτῷ Βαλαάμ, καί ἀνήνεγκεν μόσχον καὶ κριὸν ἐπὶ τὸν βωμόν.",15,ܘܥܒܕ ܒܠܩ ܐܝܟ ܕܐܡܪ ܠܗ ܒܠܥܡ. ܘܐܣܩ ܬܘܪ̈ܐ ܘܕܟܪ̈ܐ ܥܠ ܡܕܒܚ̈ܐ.,11,"Balaque, pois, fez como dissera Balaão; e ofereceu um novilho e um carneiro sobre cada altar.",16,True,True,True
24,1,Números 24:1,וַיַּ֣רְא בִּלְעָ֗ם כִּ֣י ט֞וֹב בְּעֵינֵ֤י יְהוָה֙ לְבָרֵ֣ךְ אֶת־ יִשְׂרָאֵ֔ל וְלֹא־ הָלַ֥ךְ כְּפַֽעַם־ בְּפַ֖עַם לִקְרַ֣את נְחָשִׁ֑ים וַיָּ֥שֶׁת אֶל־ הַמִּדְבָּ֖ר פָּנָֽיו ׃,וירא בלעמ כי טוב בעיני יהוה לברכ את ישראל ולא הלכ כפעמ בפעמ לקראת נחשימ וישת אל המדבר פניו,20,וחזא בלעם ארי תקין קדם יי לברכא ית ישראל ולא הלך כזמן בזמן אלהן לקדמות נחשיא ושוי למדברא אפוהי:,19,"Καὶ ἰδὼν Βαλαὰμ ὅτι καλόν ἐστιν ἔναντι Κυρίου εὐλογεῖν τὸν Ἰσραήλ, οὐκ ἐπορεύθη κατὰ τὸ εἰωθὸς εἰς συνάντησιν τοῖς οἰωνοῖς, καὶ ἀπέστρεψεν τὸ πρόσωπον εἰς τὴν ἔρημον.",27,ܘܚܙܐ ܒܠܥܡ ܕܫܦܝܪ ܗܘ ܒܥܝ̈ܢܝ ܡܪܝܐ ܠܡܒܪܟܘܬܗ ܠܐܝܣܪܝܠ. ܘܠܐ ܐܙܠ ܐܝܟ ܕܒܟܠ ܫܥܐ ܠܡܕܥ ܢܚܫܐ. ܘܣܡ ܠܡܕܒܪܐ ܐ̈ܦܘܗܝ.,18,"Vendo Balaão que parecia bem aos olhos do Senhor que abençoasse a Israel, não foi, como era costume, ao encontro dos encantamentos, mas voltou o rosto para o deserto.",29,True,True,True
24,2,Números 24:2,וַיִּשָּׂ֨א בִלְעָ֜ם אֶת־ עֵינָ֗יו וַיַּרְא֙ אֶת־ יִשְׂרָאֵ֔ל שֹׁכֵ֖ן לִשְׁבָטָ֑יו וַתְּהִ֥י עָלָ֖יו ר֥וּחַ אֱלֹהִֽים ׃,וישא בלעמ את עיניו וירא את ישראל שכנ לשבטיו ותהי עליו רוח אלהימ,14,וזקף בלעם ית ענוהי וחזא ית ישראל שרן לשבטוהי ושרת עלוהי רוח נבואה מן קדם יי:,16,καὶ ἐξάρας Βαλαὰμ τοὺς ὀφθαλμοὺς αὐτοῦ καθορᾷ τὸν Ἰσραὴλ ἐστρατοπεδευκότα κατὰ φυλάς· καὶ ἐγένετο πνεῦμα θεοῦ ἐν αὐτῷ.,18,ܘܐܪܝܡ ܒܠܥܡ ܥܝ̈ܢܘܗܝ. ܘܚܙܐ ܠܐܝܣܪܝܠ ܟܕ ܫܪ̈ܝܢ ܫ̈ܒܛܝܢ ܫ̈ܒܛܝܢ. ܘܗܘܬ ܥܠܘܗܝ ܪܘܚܗ ܕܐܠܗܐ.,13,"E, levantando Balaão os olhos, viu a Israel que se achava acampado segundo as suas tribos; e veio sobre ele o Espírito de Deus.",24,True,True,True
24,3,Números 24:3,וַיִּשָּׂ֥א מְשָׁל֖וֹ וַיֹּאמַ֑ר נְאֻ֤ם בִּלְעָם֙ בְּנ֣וֹ בְעֹ֔ר וּנְאֻ֥ם הַגֶּ֖בֶר שְׁתֻ֥ם הָעָֽיִן ׃,וישא משלו ויאמר נאמ בלעמ בנו בער ונאמ הגבר שתמ העינ,12,ונטל מתליה ואמר אמר בלעם בריה בעור ואמר גברא דשפיר חזי:,11,"καὶ ἀναλαβὼν τὴν παραβολὴν αὐτοῦ εἶπεν Φησὶν Βαλαὰμ υἱὸς Βεώρ, φησὶν ὁ ἄνθρωπος ὁ ἀληθινῶς ὁρῶν,",16,ܘܐܪܝܡ ܒܡܬܠܗ ܘܐܡܪ. ܐܡܪ ܒܠܥܡ ܒܪܗ ܕܒܥܘܪ. ܐܡܪ ܓܒܪܐ ܕܓܠܝܐ ܥܝܢܗ.,11,"Então proferiu Balaão a sua parábola, dizendo: Fala Balaão, filho de Beor; fala o homem que tem os olhos abertos;",20,True,True,True
24,4,Números 24:4,נְאֻ֕ם שֹׁמֵ֖עַ אִמְרֵי־ אֵ֑ל אֲשֶׁ֨ר מַחֲזֵ֤ה שַׁדַּי֙ יֶֽחֱזֶ֔ה נֹפֵ֖ל וּגְל֥וּי עֵינָֽיִם ׃,נאמ שמע אמרי אל אשר מחזה שדי יחזה נפל וגלוי עינימ,12,אמר דשמע מימר מן קדם אל וחזו מן קדם שדי חזי שכיב ומתגלי ליה:,14,"φησὶν ἀκούων λόγια θεοῦ, ὅστις ὅρασιν θεοῦ εἶδεν, ἐν ὕπνῳ, ἀποκεκαλυμμένοι οἱ ὀφθαλμοὶ αὐτοῦ·",14,ܐܡܪ ܕܫܡܥ ܡܐܡܪܐ ܕܐܠܗܐ. ܘܚܙܘܐ ܕܐܠܗܐ ܚܙܐ. ܟܕ ܪܡܐ ܘܦܬܝܚ̈ܢ ܥܝ̈ܢܘܗܝ.,11,"fala aquele que ouve as palavras de Deus, o que vê a visão do Todo-Poderoso, que cai, e se lhe abrem os olhos:",23,True,True,True
24,5,Números 24:5,מַה־ טֹּ֥בוּ אֹהָלֶ֖יךָ יַעֲקֹ֑ב מִשְׁכְּנֹתֶ֖יךָ יִשְׂרָאֵֽל ׃,מה טבו אהליכ יעקב משכנתיכ ישראל,7,מא טבא ארעך יעקב בית מישריך ישראל:,7,"ὡς καλοί σου οἱ οἶκοι, Ἰακώβ, αἱ σκηναί σου, Ἰσραήλ·",10,ܡܐ ܫܦܝܪ ܡܫܟܢܟ ܝܥܩܘܒ. ܘܡܫ̈ܟܢܝܟ ܐܝܣܪܝܠ.,6,"Quão formosas são as tuas tendas, ó Jacó! as tuas moradas, ó Israel!",13,True,True,True
24,6,Números 24:6,כִּנְחָלִ֣ים נִטָּ֔יוּ כְּגַנֹּ֖ת עֲלֵ֣י נָהָ֑ר כַּאֲהָלִים֙ נָטַ֣ע יְהוָ֔ה כַּאֲרָזִ֖ים עֲלֵי־ מָֽיִם ׃,כנחלימ נטיו כגנת עלי נהר כאהלימ נטע יהוה כארזימ עלי מימ,12,כנחלין דמדברין כגנת שקיא דעל פרת כבוסמיא דנציב יי כארזין דנציבין על מיא:,13,"ὡς νάπαι σκιάζουσαι, καὶ ὡσεὶ παράδεισος ἐπὶ ποταμῶν· καὶ ὡσεὶ σκηναὶ ἃς ἔπηξεν Κύριος, ὡσεὶ κέδροι παρ᾽ ὕδατα.",18,ܐܝܟ ܢܚ̈ܠܐ ܕܪܕܝܢ. ܘܐܝܟ ܦܪܕܝܣܐ ܕܥܠ ܢܗܪܐ. ܘܐܝܟ ܡܫܟܢܐ ܕܢܨܒ ܡܪܝܐ. ܘܐܝܟ ܐܪ̈ܙܐ ܕܥܠ ܡ̈ܝܐ.,15,"Como vales, elas se estendem; são como jardins à beira dos rios, como árvores de aloés que o Senhor plantou, como cedros junto às águas.",25,True,True,True
24,7,Números 24:7,יִֽזַּל־ מַ֨יִם֙ מִדָּ֣לְיָ֔ו וְזַרְע֖וֹ בְּמַ֣יִם רַבִּ֑ים וְיָרֹ֤ם מֵֽאֲגַג֙ מַלְכּ֔וֹ וְתִנַּשֵּׂ֖א מַלְכֻתֽוֹ ׃,יזל מימ מדליו וזרעו במימ רבימ וירמ מאגג מלכו ותנשא מלכתו,12,יסגי מלכא דיתרבא מבנוהי וישלוט בעממין סגיאין ויתקוף מאגג מלכיה ותתנטל מלכותיה:,12,"ἐξελεύσεται ἄνθρωπος ἐκ τοῦ σπέρματος αὐτοῦ, καὶ κυριεύσει ἐθνῶν πολλῶν· καὶ ὑψωθήσεται ἢ Γὼγ βασιλεία, καὶ αὐξηθήσεται ἡ βασιλεία αὐτοῦ.",20,ܢܦܘܩ ܓܒܪܐ ܡܢ ܒܢ̈ܘܗܝ. ܘܙܪܥܗ ܒܡܝ̈ܐ ܣܓܝ̈ܐܐ. ܘܢܬܬܪܝܡ ܡܢ ܐܓܓ ܡܠܟܐ. ܘܬܬܪܝܡ ܡܠܟܘܬܗ.,13,"De seus baldes manarão águas, e a sua semente estará em muitas águas; o seu rei se exalçará mais do que Agague, e o seu reino será exaltado.",28,True,True,True
24,8,Números 24:8,אֵ֚ל מוֹצִיא֣וֹ מִמִּצְרַ֔יִם כְּתוֹעֲפֹ֥ת רְאֵ֖ם ל֑וֹ יֹאכַ֞ל גּוֹיִ֣ם צָרָ֗יו וְעַצְמֹתֵיהֶ֛ם יְגָרֵ֖ם וְחִצָּ֥יו יִמְחָֽץ ׃,אל מוציאו ממצרימ כתועפת ראמ לו יאכל גוימ צריו ועצמתיהמ יגרמ וחציו ימחצ,14,אלהא דאפקנון ממצרים תקפא ורומא דיליה ייכלון בני ישראל נכסי עממיא סנאיהון ובבזת מלכיהון יתפנקון וארעתהון יחסנון:,17,"θεὸς ὡδήγησεν αὐτὸν ἐξ Αἰγύπτου, ὡς δόξα μονοκέρωτος αὐτῷ· ἔδεται ἔθνη ἐχθρῶν αὐτοῦ, καὶ τὰ πάχη αὐτῶν ἐκμυελιεῖ, καὶ ταῖς βολίσιν αὐτοῦ κατατοξεύσει ἐχθρόν.",24,ܐܠܗܐ ܕܐܦܩ ܐܢܘܢ ܡܢ ܡܨܪܝܢ ܒܥܘܫܢܗ ܘܒܪܘܡܗ. ܢܐܟܘܠ ܥܡ̈ܡܐ ܣܢܐ̈ܘܗܝ ܘܓܪ̈ܡܝܗܘܢ ܢܬܒܪ. ܘܚ̈ܨܝܗܘܢ ܢܦܣܩ.,14,"É Deus que os vem tirando do Egito; as suas forças são como as do boi selvagem; ele devorará as nações, seus adversários, lhes quebrará os ossos, e com as suas setas os atravessará.",34,True,True,True
24,9,Números 24:9,כָּרַ֨ע שָׁכַ֧ב כַּאֲרִ֛י וּכְלָבִ֖יא מִ֣י יְקִימֶ֑נּוּ מְבָרֲכֶ֣יךָ בָר֔וּךְ וְאֹרְרֶ֖יךָ אָרֽוּר ׃,כרע שכב כארי וכלביא מי יקימנו מברכיכ ברוכ וארריכ ארור,11,ינוח ישרי בתקוף כאריא וכליתא לית מלכו דתזעזעיניה בריכך יהון בריכין וליטיך יהון ליטין:,14,"κατακλιθεὶς ἀνεπαύσατο ὡς λέων καὶ ὡς σκύμνος· τίς ἀναστήσει αὐτόν; οἱ εὐλογοῦντές σε εὐλόγηνται, καὶ οἱ καταρώμενοί σε κεκατήρανται.",19,ܪܒܥ ܘܕܡܟ ܐܝܟ ܐܪܝܐ. ܘܐܝܟ ܓܘܪܝܐ ܕܐܪܝܐ ܘܡܢܘ ܢܩܝܡܝܘܗܝ. ܒ̇ܪ̈ܟܝܟ ܒܪ̈ܝܟܝܢ ܘܠܝ̈ܛܝܟ ܠܝܛܝ̈ܢ.,13,"Agachou-se, deitou-se como leão, e como leoa; quem o despertará? Benditos os que te abençoarem, e malditos os que te amaldiçoarem.",21,True,True,True
24,10,Números 24:10,וַיִּֽחַר־ אַ֤ף בָּלָק֙ אֶל־ בִּלְעָ֔ם וַיִּסְפֹּ֖ק אֶת־ כַּפָּ֑יו וַיֹּ֨אמֶר בָּלָ֜ק אֶל־ בִּלְעָ֗ם לָקֹ֤ב אֹֽיְבַי֙ קְרָאתִ֔יךָ וְהִנֵּה֙ בֵּרַ֣כְתָּ בָרֵ֔ךְ זֶ֖ה שָׁלֹ֥שׁ פְּעָמִֽים ׃,ויחר אפ בלק אל בלעמ ויספק את כפיו ויאמר בלק אל בלעמ לקב איבי קראתיכ והנה ברכת ברכ זה שלש פעמימ,22,ותקף רוגזא דבלק בבלעם ושקפנון לידוהי ואמר בלק לבלעם למילט סנאי קריתך והא ברכא מברכת להון דנן תלת זמנין:,19,"καὶ ἐθυμώθη Βαλὰκ ἐπὶ Βαλαάμ, καὶ συνεκρότησεν ταῖς χερσὶν αὐτοῦ· καὶ εἶπεν Βαλὰκ πρὸς Βαλαάμ Καταρᾶσθαι τὸν ἐχθρόν μου κέκληκά σε, καὶ ἰδοὺ εὐλογῶν εὐλόγησας τρίτον τοῦτο.",27,ܘܐܬܚܡܬ ܪܘܓܙܗ ܕܒܠܩ ܥܠ ܒܠܥܡ. ܘܛܪܦ ܐ̈ܝܕܘܗܝ. ܘܐܡܪ ܒܠܩ ܠܒܠܥܡ. ܠܡܠܛ ܒܥ̈ܠܕܒܒܝ ܩܪܝ̇ܬܟ. ܘܗܐ ܡܒܪܟܘ ܡܒܪܟ ܐܢܬ ܠܗܘܢ. ܗܐ ܬܠܬ ܙܒܢ̈ܝܢ.,21,"Pelo que a ira de Balaque se acendeu contra Balaão, e batendo ele as palmas, disse a Balaão: Para amaldiçoares os meus inimigos é que te chamei; e eis que já três vezes os abençoaste.",35,True,True,True
24,11,Números 24:11,וְעַתָּ֖ה בְּרַח־ לְךָ֣ אֶל־ מְקוֹמֶ֑ךָ אָמַ֨רְתִּי֙ כַּבֵּ֣ד אֲכַבֶּדְךָ֔ וְהִנֵּ֛ה מְנָעֲךָ֥ יְהוָ֖ה מִכָּבֽוֹד ׃,ועתה ברח לכ אל מקומכ אמרתי כבד אכבדכ והנה מנעכ יהוה מכבוד,13,וכען אזיל לך לאתרך אמרית יקרא איקרנך והא מנעך יי מן יקר:,12,"νῦν οὖν φεῦγε εἰς τὸν τόπον σου· εἶπα Τιμήσω σε, καὶ νῦν ἐστέρεσέν σε Κύριος τῆς δόξης.",17,ܗܫܐ ܦܘܩ ܙܠ ܠܟ ܠܐܬܪܟ. ܐܡܪܬ ܕܡܝܩܪܘ ܐܝܩܪܟ. ܘܗܐ ܟܠܟ ܡܪܝܐ ܡܢ ܐܝܩܪܐ.,13,"Agora, pois, foge para o teu lugar; eu tinha dito que certamente te honraria, mas eis que o Senhor te privou dessa honra.",23,True,True,True
24,12,Números 24:12,וַיֹּ֥אמֶר בִּלְעָ֖ם אֶל־ בָּלָ֑ק הֲלֹ֗א גַּ֧ם אֶל־ מַלְאָכֶ֛יךָ אֲשֶׁר־ שָׁלַ֥חְתָּ אֵלַ֖י דִּבַּ֥רְתִּי לֵאמֹֽר ׃,ויאמר בלעמ אל בלק הלא גמ אל מלאכיכ אשר שלחת אלי דברתי לאמר,14,ואמר בלעם לבלק הלא אף לאזגדיך די שלחת לותי מללית למימר:,11,καὶ εἶπεν Βαλαὰμ πρὸς Βαλάκ Οὐχὶ καὶ τοῖς ἀγγέλοις σου οὓς ἀπέστειλας πρὸς μὲ ἐλάλησα λέγων,16,ܘܥܢܐ ܒܠܥܡ ܘܐܡܪ ܠܒܠܩ. ܗܐ ܐܦ ܠܐܝ̈ܙܓܕܝܟ ܕܫܕܪܬ ܠܘܬܝ ܐܡ̇ܪܬ.,10,"Então respondeu Balaão a Balaque: Não falei eu também aos teus mensageiros, que me enviaste, dizendo:",16,True,True,True
24,13,Números 24:13,אִם־ יִתֶּן־ לִ֨י בָלָ֜ק מְלֹ֣א בֵיתוֹ֮ כֶּ֣סֶף וְזָהָב֒ לֹ֣א אוּכַ֗ל לַעֲבֹר֙ אֶת־ פִּ֣י יְהוָ֔ה לַעֲשׂ֥וֹת טוֹבָ֛ה א֥וֹ רָעָ֖ה מִלִּבִּ֑י אֲשֶׁר־ יְדַבֵּ֥ר יְהוָ֖ה אֹת֥וֹ אֲדַבֵּֽר ׃,אמ יתנ לי בלק מלא ביתו כספ וזהב לא אוכל לעבר את פי יהוה לעשות טובה או רעה מלבי אשר ידבר יהוה אתו אדבר,25,אם יתן לי בלק מלי ביתיה כסף ודהב לית לי רשו למעבר על גזרת מימרא דיי למעבד טבתא או בישתא מרעותי דימלל יי יתיה אמלל:,25,"Ἐάν μοι δῷ Βαλὰκ πλήρη τὸν οἶκον αὐτοῦ ἀργυρίου καὶ χρυσίου, οὐ δυνήσομαι παραβῆναι τὸ ῥῆμα Κυρίου, ποιῆσαι αὐτὸ πονηρὸν ἢ καλὸν παρ᾽ ἐμαυτοῦ· ὅσα ἐὰν εἴπῃ ὁ θεός, ταῦτα ἐρῶ.",31,ܕܐܢ ܝ̇ܗܒ ܠܝ ܒܠܩ ܡܠܐ ܒܝܬܗ ܣܐܡܐ ܐܘ ܕܗܒܐ. ܠܐ ܡܫܟܚ ܐܢܐ ܕܐܥܒܪ ܥܠ ܡܠܬ ܦܘܡܗ ܕܡܪܝܐ. ܘܐܥܒܕ ܡܢ ܠܒܝ ܛܒܬܐ ܐܘ ܒܝܫܬܐ. ܡܕܡ ܕܐܡ̇ܪ ܠܝ ܡܪܝܐ. ܗ̇ܘ ܗܘ ܡܡܠܠ ܐܢܐ.,31,"Ainda que Balaque me quisesse dar a sua casa cheia de prata e de ouro, eu não poderia ir além da ordem do Senhor, para fazer, de mim mesmo, o bem ou o mal; o que o Senhor falar, isso falarei eu?",42,True,True,True
24,14,Números 24:14,וְעַתָּ֕ה הִנְנִ֥י הוֹלֵ֖ךְ לְעַמִּ֑י לְכָה֙ אִיעָ֣צְךָ֔ אֲשֶׁ֨ר יַעֲשֶׂ֜ה הָעָ֥ם הַזֶּ֛ה לְעַמְּךָ֖ בְּאַחֲרִ֥ית הַיָּמִֽים ׃,ועתה הנני הולכ לעמי לכה איעצכ אשר יעשה העמ הזה לעמכ באחרית הימימ,14,וכען הא אנא אזל לעמי איתא אמלכינך מא דתעבד ואחוי לך מא דיעבד עמא הדין לעמך בסוף יומיא:,18,καὶ νῦν ἰδοὺ ἀποτρέχω εἰς τὸν τόπον μου· δεῦρο συμβουλεύσω σοι τί ποιήσει ὁ λαὸς οὗτος τὸν λαόν σου ἐπ᾽ ἐσχάτου τῶν ἡμερῶν.,23,ܗܫܐ ܗܐ ܐܙ̇ܠ ܐܢܐ ܠܝ ܠܐܪܥܝ. ܬܐ ܕܝܢ ܐܡܠܟܟ ܡܕܡ ܕܥ̇ܒܕ ܥܡܐ ܗܢܐ ܠܥܡܟ ܒܚܪܬܐ ܕܝܘܡ̈ܬܐ.,16,"Agora, pois, eis que me vou ao meu povo; vem, avisar-te-ei do que este povo fará ao teu povo nos últimos dias.",22,True,True,True
24,15,Números 24:15,וַיִּשָּׂ֥א מְשָׁל֖וֹ וַיֹּאמַ֑ר נְאֻ֤ם בִּלְעָם֙ בְּנ֣וֹ בְעֹ֔ר וּנְאֻ֥ם הַגֶּ֖בֶר שְׁתֻ֥ם הָעָֽיִן ׃,וישא משלו ויאמר נאמ בלעמ בנו בער ונאמ הגבר שתמ העינ,12,ונטל מתליה ואמר אמר בלעם בריה בעור ואמר גברא דשפיר חזי:,11,"καὶ ἀναλαβὼν τὴν παραβολὴν αὐτοῦ εἶπεν Φησὶν Βαλαὰμ υἱὸς Βεώρ, φησὶν ὁ ἄνθρωπος ὁ ἀληθινὸς ὁρῶν,",16,ܘܐܪܝܡ ܒܡܬܠܗ ܘܐܡܪ. ܐܡܪ ܒܠܥܡ ܒܪܗ ܕܒܥܘܪ. ܐܡܪ ܓܒܪܐ ܕܓܠܝܐ ܥܝܢܗ.,11,"Então proferiu Balaão a sua parábola, dizendo: Fala Balaão, filho de Beor; fala o homem que tem os olhos abertos;",20,True,True,True
24,16,Números 24:16,נְאֻ֗ם שֹׁמֵ֨עַ֙ אִמְרֵי־ אֵ֔ל וְיֹדֵ֖עַ דַּ֣עַת עֶלְי֑וֹן מַחֲזֵ֤ה שַׁדַּי֙ יֶֽחֱזֶ֔ה נֹפֵ֖ל וּגְל֥וּי עֵינָֽיִם ׃,נאמ שמע אמרי אל וידע דעת עליונ מחזה שדי יחזה נפל וגלוי עינימ,14,אמר דשמע מימר מן קדם אל וידע מדע מן קדם עלאה חזו מן קדם שדי חזי שכיב ומתגלי ליה:,19,"ἀκούων λόγια θεοῦ, ἐπιστάμενος ἐπιστήμην παρὰ Ὑψίστου, καὶ ὅρασιν θεοῦ ἰδών, ἐν ὕπνῳ, ἀποκεκαλυμμένοι οἱ ὀφθαλμοὶ αὐτοῦ·",17,ܐܡܪ ܕܫܡܥ ܡܐܡܪܐ ܕܐܠܗܐ. ܘܝܕܥ ܡܕܥܐ ܕܡܪܝܡܐ. ܘܚܙܘܐ ܕܐܠܗܐ ܚܙܐ. ܟܕ ܐܪܡܐ ܘܦܬܝܚ̈ܢ ܥܝ̈ܢܘܗܝ.,14,"fala aquele que ouve as palavras de Deus e conhece os desígnios do Altíssimo, que vê a visão do Todo-Poderoso, que cai, e se lhe abrem os olhos:",28,True,True,True
24,17,Números 24:17,אֶרְאֶ֨נּוּ֙ וְלֹ֣א עַתָּ֔ה אֲשׁוּרֶ֖נּוּ וְלֹ֣א קָר֑וֹב דָּרַ֨ךְ כּוֹכָ֜ב מִֽיַּעֲקֹ֗ב וְקָ֥ם שֵׁ֨בֶט֙ מִיִּשְׂרָאֵ֔ל וּמָחַץ֙ פַּאֲתֵ֣י מוֹאָ֔ב וְקַרְקַ֖ר כָּל־ בְּנֵי־ שֵֽׁת ׃,אראנו ולא עתה אשורנו ולא קרוב דרכ כוכב מיעקב וקמ שבט מישראל ומחצ פאתי מואב וקרקר כל בני שת,20,חזיתיה ולא כען סכיתיה ולא איתוהי קריב כד יקום מלכא מיעקב ויתרבא משיחא מישראל ויקטול רברבי מואב וישלוט בכל בני אנשא:,21,"δείξω αὐτῷ, καὶ οὐχὶ νῦν· μακαρίζω, καὶ οὐκ ἐγγίζει· ἀνατελεῖ ἄστρον ἐξ Ἰακώβ, καὶ ἀναστήσεται ἄνθρωπος ἐξ Ἰσραήλ, καὶ θραύσει τοὺς ἀρχηγοὺς Μωάβ, καὶ προνομεύσει πάντας υἱοὺς Σήθ.",28,ܚܙܝܬܗ ܘܠܐ ܡܢ ܟܕܘ. ܘܚ̇ܪܬܗ ܘܠܐ ܗܘܐ ܩܪܝܒ. ܢܕܢܚ ܟܘܟܒܐ ܡܢ ܝܥܩܘܒ. ܘܢܩܘܡ ܪܫܐ ܡܢ ܐܝܣܪܝܠ. ܘܢܘܒܕ ܠܓܢܒܪ̈ܐ ܕܡܘܐܒ. ܘܢܫܥܒܕ ܠܟܠܗܘܢ ܒܢ̈ܝ ܫܝܬ.,23,"Eu o vejo, mas não no presente; eu o contemplo, mas não de perto; de Jacó procederá uma estrela, de Israel se levantará um cetro que ferirá os termos de Moabe, e destruirá todos os filhos de orgulho.",38,True,True,True
24,18,Números 24:18,וְהָיָ֨ה אֱד֜וֹם יְרֵשָׁ֗ה וְהָיָ֧ה יְרֵשָׁ֛ה שֵׂעִ֖יר אֹיְבָ֑יו וְיִשְׂרָאֵ֖ל עֹ֥שֶׂה חָֽיִל ׃,והיה אדומ ירשה והיה ירשה שעיר איביו וישראל עשה חיל,11,ויהי אדום ירתא ויהי ירתא שעיר לבעלי דבבוהי וישראל יצלח בנכסין:,11,"καὶ ἔσται Ἐδὼμ κληρονομία, καὶ ἔσται κληρονομία Ἠσαὺ ὁ ἐχθρὸς αὐτοῦ· καὶ Ἰσραὴλ ἐποίησεν ἐν ἰσχύι.",16,ܘܬܗܘܐ ܐܕܘܡ ܝܪܬܘܬܗ. ܘܣܥܝܪ ܝܪܬܘܬܐ ܕܒ̈ܥܠܕܒܒܘܗܝ ܬܗܘܐ ܕܝܠܗ . ܘܐܝܣܪܝܠ ܢܩܢܐ ܚܝܠܐ.,12,"E Edom lhe será uma possessão, e assim também Seir, os quais eram os seus inimigos; pois Israel fará proezas.",20,True,True,True
24,19,Números 24:19,וְיֵ֖רְדְּ מִֽיַּעֲקֹ֑ב וְהֶֽאֱבִ֥יד שָׂרִ֖יד מֵעִֽיר ׃,וירד מיעקב והאביד שריד מעיר,6,ויחות חד מדבית יעקב ויובד משזב מקרית עממיא:,8,"καὶ ἐξεγερθήσεται ἐξ Ἰακώβ, καὶ ἀπολεῖ σωζόμενον ἐκ πόλεως.",9,ܘܢܚܘܬ ܡܢ ܝܥܩܘܒ. ܘܢܘܒܕ ܠܐܝܢܐ ܕܡܫܬܘܙܒ ܡܢ ܩܪܝܬܐ.,8,De Jacó um dominará e destruirá os sobreviventes da cidade.,10,True,True,True
24,20,Números 24:20,וַיַּרְא֙ אֶת־ עֲמָלֵ֔ק וַיִּשָּׂ֥א מְשָׁל֖וֹ וַיֹּאמַ֑ר רֵאשִׁ֤ית גּוֹיִם֙ עֲמָלֵ֔ק וְאַחֲרִית֖וֹ עֲדֵ֥י אֹבֵֽד ׃,וירא את עמלק וישא משלו ויאמר ראשית גוימ עמלק ואחריתו עדי אבד,13,וחזא ית עמלקאה ונטל מתליה ואמר ריש קרביא דישראל הוה עמלקאה וסופיה לעלמא ייבד:,14,"καὶ ἰδὼν τὸν Ἀμαλὴκ καὶ ἀναλαβὼν τὴν παραβολὴν αὐτοῦ εἶπεν Ἀρχὴ ἐθνῶν Ἀμαλήκ, καὶ τὸ σπέρμα αὐτῶν ἀπολεῖται.",18,ܘܚܙܐ ܠܥܡܠܝܩ ܘܐܪܝܡ ܒܡܬܠܗ ܘܐܡܪ. ܪܝܫ ܥܡ̈ܡܐ ܥܡܠܝܩ. ܘܚܪܬܗ ܬܐܒܕ ܠܥܠܡܝܢ.,11,"Também viu Balaão a Amaleque e proferiu a sua parábola, dizendo: Amaleque era a primeira das nações, mas o seu fim será a destruição.",24,True,True,True
24,21,Números 24:21,וַיַּרְא֙ אֶת־ הַקֵּינִ֔י וַיִּשָּׂ֥א מְשָׁל֖וֹ וַיֹּאמַ֑ר אֵיתָן֙ מֽוֹשָׁבֶ֔ךָ וְשִׂ֥ים בַּסֶּ֖לַע קִנֶּֽךָ ׃,וירא את הקיני וישא משלו ויאמר איתנ מושבכ ושימ בסלע קנכ,12,וחזא ית שלמאה ונטל מתליה ואמר תקיף בית מותבך ושוי בכרך תקיף מדורך:,13,"καὶ ἰδὼν τὸν Κεναῖον καὶ ἀναλαβὼν τὴν παραβολὴν αὐτοῦ εἶπεν Ἰσχυρὰ ἡ κατοικία σου· καὶ ἐὰν θῇς ἐν πέτρᾳ τὴν νοσσιάν σου,",22,ܘܚܙܐ ܠܩܝ̈ܢܝܐ ܘܐܪܝܡ ܒܡܬܠܗ ܘܐܡܪ. ܥܫܝܢ ܡܘܬܒܟ. ܘܣܝܡ ܒܫܩܝܦܐ ܩܢܟ.,10,"E, vendo os quenitas, proferiu a sua parábola, dizendo: Firme está a tua habitação; e posto na penha está o teu ninho;",22,True,True,True
24,22,Números 24:22,כִּ֥י אִם־ יִהְיֶ֖ה לְבָ֣עֵֽר קָ֑יִן עַד־ מָ֖ה אַשּׁ֥וּר תִּשְׁבֶּֽךָּ ׃,כי אמ יהיה לבער קינ עד מה אשור תשבכ,10,ארי אם יהי לשצאה שלמאה עד מא אתוראה ישבנך:,9,"καὶ ἐὰν γένηται τῷ Βεὼρ νεοσσιὰ πανουργίας, Ἀσσύριοί σε αἰχμαλωτεύσουσιν.",10,ܐܢ ܢܗܘܐ ܠܒܘܥܪܐ ܩܝܢ. ܥܕܡܐ ܠܐܬܘܪ ܢܫܒܘܢܟ.,7,"todavia será o quenita assolado, até que Assur te leve por prisioneiro.",12,True,True,True
24,23,Números 24:23,וַיִּשָּׂ֥א מְשָׁל֖וֹ וַיֹּאמַ֑ר א֕וֹי מִ֥י יִחְיֶ֖ה מִשֻּׂמ֥וֹ אֵֽל ׃,וישא משלו ויאמר אוי מי יחיה משמו אל,9,ונטל מתליה ואמר וי לחיביא דיחון כד יעבד אלהא ית אלין:,11,"καὶ ἰδὼν τὸν Ὢγ καὶ ἀναλαβὼν τὴν παραβολὴν αὐτοῦ εἶπεν Ὢ ὤ, τίς ζήσεται ὅταν θῇ ταῦτα ὁ θεός;",19,ܘܐܪܝܡ ܒܡܬܠܗ ܘܐܡܪ. ܘܝ ܡܢܘ ܢܚܐ. ܡܐ ܕܣ̇ܐܡ ܗܠܝܢ ܐܠܗܐ.,10,"Proferiu ainda a sua parábola, dizendo: Ai, quem viverá, quando Deus fizer isto?",13,True,True,True
24,24,Números 24:24,וְצִים֙ מִיַּ֣ד כִּתִּ֔ים וְעִנּ֥וּ אַשּׁ֖וּר וְעִנּוּ־ עֵ֑בֶר וְגַם־ ה֖וּא עֲדֵ֥י אֹבֵֽד ׃,וצימ מיד כתימ וענו אשור וענו עבר וגמ הוא עדי אבד,12,וסיען יצטרחן מרומאי ויענון לאתור וישתעבדון לעבר פרת ואף אנון לעלמא ייבדון:,12,"καὶ ἐξελεύσεται ἐκ χειρὸς Κιτιαίων, καὶ κακώσουσιν Ἀσσούρ, καὶ κακώσουσιν Ἐβραίους, καὶ αὐτοὶ ὁμοθυμαδὸν ἀπολοῦνται.",15,ܘܠܓܝܘ̈ܢܐ ܢܦܩ̈ܢ ܡܢ ܐܪܥܐ ܕܟܬ̈ܝܐ. ܘܢܫܥܒܕܘܢ ܠܐܬܘܪ. ܘܢܫܥܒܕܘܢ ܐܦ ܠܥܒܪ̈ܝܐ. ܘܐܦ ܗܢܘܢ ܢܐܒܕܘܢ ܠܥܠܡܝܢ.,14,"Naus virão das costas de Quitim, e afligirão a Assur; igualmente afligirão a Eber, que também será para destruição.",19,True,True,True
24,25,Números 24:25,וַיָּ֣קָם בִּלְעָ֔ם וַיֵּ֖לֶךְ וַיָּ֣שָׁב לִמְקֹמ֑וֹ וְגַם־ בָּלָ֖ק הָלַ֥ךְ לְדַרְכּֽוֹ ׃ פ,ויקמ בלעמ וילכ וישב למקמו וגמ בלק הלכ לדרכו פ,11,וקם בלעם ואזל ותב לאתריה ואף בלק אזל לארחיה:,9,"καὶ ἀναστὰς Βαλαὰμ ἀπῆλθεν, ἀποστραφεὶς εἰς τὸν τόπον αὐτοῦ· καὶ Βαλὰκ ἀπῆλθεν πρὸς ἑαυτόν.",14,ܘܩܡ ܒܠܥܡ ܘܗܦܟ ܐܙܠ ܠܐܬܪܗ. ܘܐܦ ܒܠܩ ܐܙܠ ܠܐܘܪܚܗ.,9,"Então, tendo-se Balaão levantado, partiu e voltou para o seu lugar; e também Balaque se foi pelo seu caminho.",19,True,True,True
25,1,Números 25:1,וַיֵּ֥שֶׁב יִשְׂרָאֵ֖ל בַּשִּׁטִּ֑ים וַיָּ֣חֶל הָעָ֔ם לִזְנ֖וֹת אֶל־ בְּנ֥וֹת מוֹאָֽב ׃,וישב ישראל בשטימ ויחל העמ לזנות אל בנות מואב,10,ויתב ישראל בשטין ושרי עמא למטעי בתר בנת מואב:,9,Καὶ κατέλυσεν Ἰσραὴλ ἐν Σαττείν· καὶ ἐβεβηλώθη ὁ λαὸς ἐκπορνεῦσαι εἰς τὰς θυγατέρας Μωάβ.,14,ܘܝܬܒ ܐܝܣܪܝܠ ܒܣܛܝܡ. ܘܫܪܝ ܥܡܐ ܠܡܙܢܝܘ ܒܒܢ̈ܬ ܡܘܐܒ.,8,"Ora, Israel demorava-se em Sitim, e o povo começou a prostituir-se com as filhas de Moabe,",16,True,True,True
25,2,Números 25:2,וַתִּקְרֶ֣אןָ לָעָ֔ם לְזִבְחֵ֖י אֱלֹהֵיהֶ֑ן וַיֹּ֣אכַל הָעָ֔ם וַיִּֽשְׁתַּחֲוּ֖וּ לֵֽאלֹהֵיהֶֽן ׃,ותקראנ לעמ לזבחי אלהיהנ ויאכל העמ וישתחוו לאלהיהנ,9,וקרא לעמא לדבחי טעותהון ואכל עמא וסגידו לטעותהון:,8,"καὶ ἐκάλεσαν αὐτοὺς ἐπὶ ταῖς θυσίαις τῶν εἰδώλων αὐτῶν, καὶ ἔφαγεν ὁ λαὸς τῶν θυσιῶν αὐτῶν καὶ προσεκύνησαν τοῖς εἰδώλοις αὐτῶν,",21,ܘܩܪ̈ܝ ܠܥܡܐ ܠܕܒܚ̈ܐ ܕܐ̈ܠܗܝܗܝܢ. ܘܐܟܠܘ ܥܡܐ ܘܣܓܕܘ ܠܐ̈ܠܗܝܗܝܢ.,8,"pois elas convidaram o povo aos sacrifícios dos seus deuses; e o povo comeu, e inclinou-se aos seus deuses.",19,True,True,True
25,3,Números 25:3,וַיִּצָּ֥מֶד יִשְׂרָאֵ֖ל לְבַ֣עַל פְּע֑וֹר וַיִּֽחַר־ אַ֥ף יְהוָ֖ה בְּיִשְׂרָאֵֽל ׃,ויצמד ישראל לבעל פעור ויחר אפ יהוה בישראל,9,ואתחבר ישראל לבעלא פעור ותקף רגזא דיי בישראל:,8,καὶ ἐτελέσθη Ἰσραὴλ τῷ Βεελφεγώρ· καὶ ὠργίσθη θυμῷ Κύριος τῷ Ἰσραήλ.,11,ܘܐܫܬܡܠܝ ܐܝܣܪܝܠ ܒܒܥܠ ܦܥܘܪ. ܘܐܬܚܡܬ ܪܘܓܙܗ ܕܡܪܝܐ ܥܠ ܒܢ̈ܝ ܐܝܣܪܝܠ.,10,"Porquanto Israel se juntou a Baal-Peor, a ira do Senhor acendeu-se contra ele.",13,True,True,True
25,4,Números 25:4,וַיֹּ֨אמֶר יְהוָ֜ה אֶל־ מֹשֶׁ֗ה קַ֚ח אֶת־ כָּל־ רָאשֵׁ֣י הָעָ֔ם וְהוֹקַ֥ע אוֹתָ֛ם לַיהוָ֖ה נֶ֣גֶד הַשָּׁ֑מֶשׁ וְיָשֹׁ֛ב חֲר֥וֹן אַף־ יְהוָ֖ה מִיִּשְׂרָאֵֽל ׃,ויאמר יהוה אל משה קח את כל ראשי העמ והוקע אותמ ליהוה נגד השמש וישב חרונ אפ יהוה מישראל,20,ואמר יי למשה דבר ית כל רישי עמא ודון וקטול דחיב קטול קדם יי לקבל שמשא ויתוב תקוף רוגזא דיי מישראל:,21,"καὶ εἶπεν Κύριος τῷ Μωυσῇ Λάβε πάντας τοὺς ἀρχηγοὺς τοῦ λαοῦ καὶ παραδειγμάτισον αὐτοὺς Κυρίῳ ἀπέναντι τοῦ ἡλίου, καὶ ἀποστραφήσεται ὀργὴ Κυρίου ἀπὸ Ἰσραήλ.",24,ܘܐܡܪ ܡܪܝܐ ܠܡܘܫܐ. ܕܒܪ ܠܟܠܗܘܢ ܪ̈ܫܐ ܕܥܡܐ. ܘܦܪܣܐ ܐܢܘܢ ܩܕܡ ܡܪܝܐ ܠܘܩܒܠ ܫܡܫܐ. ܘܬܗܦܘܟ ܚܡܬܐ ܕܪܘܓܙܝ ܡܢ ܒܢ̈ܝ ܐܝܣܪܝܠ.,19,"Disse, pois, o Senhor a Moisés: Toma todos os cabeças do povo, e enforca-os ao senhor diante do sol, para que a grande ira do Senhor se retire de Israel.",30,True,True,True
25,5,Números 25:5,וַיֹּ֣אמֶר מֹשֶׁ֔ה אֶל־ שֹׁפְטֵ֖י יִשְׂרָאֵ֑ל הִרְגוּ֙ אִ֣ישׁ אֲנָשָׁ֔יו הַנִּצְמָדִ֖ים לְבַ֥עַל פְּעֽוֹר ׃,ויאמר משה אל שפטי ישראל הרגו איש אנשיו הנצמדימ לבעל פעור,12,ואמר משה לדיני ישראל קטולו גבר גברוהי דאתחברו לבעלא פעור:,10,καὶ εἶπεν Μωυσῆς ταῖς φυλαῖς Ἰσραήλ Ἀποκτείνατε ἕκαστος τὸν οἰκεῖον αὐτοῦ τὸν τετελεσμένον τῷ Βεελφεγώρ.,15,ܘܐܡܪ ܡܘܫܐ ܠܕܝ̇ܢ̈ܐ ܕܐܝܣܪܝܠ. ܩܛܘܠܘ ܐܢܫ ܓܒܪ̈ܘܗܝ. ܐܝܠܝܢ ܕܐܫܬܡܠܝܘ ܒܒܥܠ ܦܥܘܪ.,11,Então Moisés disse aos juízes de Israel: Mate cada um os seus homens que se juntaram a Baal-Peor.,18,True,True,True
25,6,Números 25:6,וְהִנֵּ֡ה אִישׁ֩ מִבְּנֵ֨י יִשְׂרָאֵ֜ל בָּ֗א וַיַּקְרֵ֤ב אֶל־ אֶחָיו֙ אֶת־ הַמִּדְיָנִ֔ית לְעֵינֵ֣י מֹשֶׁ֔ה וּלְעֵינֵ֖י כָּל־ עֲדַ֣ת בְּנֵי־ יִשְׂרָאֵ֑ל וְהֵ֣מָּה בֹכִ֔ים פֶּ֖תַח אֹ֥הֶל מוֹעֵֽד ׃,והנה איש מבני ישראל בא ויקרב אל אחיו את המדינית לעיני משה ולעיני כל עדת בני ישראל והמה בכימ פתח אהל מועד,23,והא גברא מבני ישראל אתא וקרב לות אחוהי ית מדיניתא לעיני משה ולעיני כל כנשתא דבני ישראל ואנון בכן בתרע משכן זמנא:,22,"καὶ ἰδοὺ ἄνθρωπος τῶν υἱῶν Ἰσραὴλ ἐλθὼν προσήγαγεν τὸν ἀδελφὸν αὐτοῦ πρὸς τὴν Μαδιανεῖτιν ἐναντίον Μωυσῆ καὶ ἔναντι πάσης συναγωγῆς υἱῶν Ἰσραήλ, αὐτοὶ δὲ ἔκλαιον παρὰ τὴν θύραν τῆς σκηνῆς τοῦ μαρτυρίου.",32,ܘܗܐ ܓܒܪܐ ܡܢ ܒܢ̈ܝ ܐܝܣܪܝܠ ܐܬܐ. ܘܩܪܒ ܩܕܡ ܐܚ̈ܘܗܝ. ܘܥܠ ܥܠ ܡܕܝܢܝܬܐ ܠܥܝܢ ܡܘܫܐ ܘܠܥܝܢ ܟܠܗ̇ ܟܢܘܫܬܐ ܕܒ̈ܢܝ ܐܝܣܪܝܠ . ܘܗܢܘܢ ܒ̇ܟܝܢ ܗܘܘ ܒܬܪܥܐ ܕܡܫܟܢܙܒܢܐ.,25,"E eis que veio um homem dos filhos de Israel, e trouxe a seus irmãos uma midianita à vista de Moisés e à vista de toda a congregação dos filhos de Israel, enquanto estavam chorando à porta da tenda da revelação.",41,True,True,True
25,7,Números 25:7,וַיַּ֗רְא פִּֽינְחָס֙ בֶּן־ אֶלְעָזָ֔ר בֶּֽן־ אַהֲרֹ֖ן הַכֹּהֵ֑ן וַיָּ֨קָם֙ מִתּ֣וֹךְ הָֽעֵדָ֔ה וַיִּקַּ֥ח רֹ֖מַח בְּיָדֽוֹ ׃,וירא פינחס בנ אלעזר בנ אהרנ הכהנ ויקמ מתוכ העדה ויקח רמח בידו,14,וחזא פינחס בר אלעזר בר אהרן כהנא וקם מגו כנשתא ונסיב רמחא בידיה:,13,"καὶ ἰδὼν Φεινεὲς υἱὸς Ἐλεαζὰρ υἱὸς Ἀαρὼν τοῦ ἱερέως ἐξανέστη ἐκ μέσου τῆς συναγωγῆς, καὶ λαβὼν σειρομάστην ἐν τῇ χειρὶ",20,ܘܚܙܝܗܝ ܦܝܢܚܣ ܒܪ ܐܠܝܥܙܪ ܒܪ ܐܗܪܘܢ ܟܗܢܐ. ܘܩܡ ܡܢ ܓܘ ܟܢܘܫܬܐ ܘܢܣܒ ܪܘܡܚܐ ܒܐܝܕܗ.,14,"Vendo isso Finéias, filho de Eleazar, filho do sacerdote Arão, levantou-se do meio da congregação, e tomou na mão uma lança;",21,True,True,True
25,8,Números 25:8,וַ֠יָּבֹא אַחַ֨ר אִֽישׁ־ יִשְׂרָאֵ֜ל אֶל־ הַקֻּבָּ֗ה וַיִּדְקֹר֙ אֶת־ שְׁנֵיהֶ֔ם אֵ֚ת אִ֣ישׁ יִשְׂרָאֵ֔ל וְאֶת־ הָאִשָּׁ֖ה אֶל־ קֳבָתָ֑הּ וַתֵּֽעָצַר֙ הַמַּגֵּפָ֔ה מֵעַ֖ל בְּנֵ֥י יִשְׂרָאֵֽל ׃,ויבא אחר איש ישראל אל הקבה וידקר את שניהמ את איש ישראל ואת האשה אל קבתה ותעצר המגפה מעל בני ישראל,22,ועל בתר גברא בר ישראל לקובתא ובזע ית תרויהון ית גברא בר ישראל וית אתתא למעהא ואתכלי מותנא מעל בני ישראל:,21,"εἰσῆλθεν ὀπίσω τοῦ ἀνθρώπου τοῦ Ἰσραηλείτου εἰς τὴν κάμινον, καὶ ἀπεκέντησεν ἀμφοτέρους, τόν τε ἄνθρωπον τὸν Ἰσραηλείτην καὶ τὴν γυναῖκα διὰ τῆς μήτρας αὐτῆς· καὶ ἐπαύσατο ἡ πληγὴ ἀπὸ υἱῶν Ἰσραήλ.",31,ܘܥܠ ܒܬܪ ܓܒܪܐ ܒܪ ܐܝܣܪܐܝܠ ܠܩܠܝܬܐ. ܘܕܩܪ ܐܢܘܢ ܠܬܪ̈ܝܗܘܢ. ܠܓܒܪܐ ܒܪ ܐܝܣܪܝܠ ܘܠܐܢܬܬܐ ܒܟܪܣܗ̇ ܒܩܠܝܬܐ. ܘܐܬܟܠܝ ܡܘܬܢܐ ܕܡܢ ܫܠܝܐ ܡܢ ܐܝܣܪܝܠ.,21,"o foi após o israelita, e entrando na sua tenda, os atravessou a ambos, ao israelita e à mulher, pelo ventre. Então a praga cessou de sobre os filhos de Israel.",31,True,True,True
25,9,Números 25:9,וַיִּהְי֕וּ הַמֵּתִ֖ים בַּמַּגֵּפָ֑ה אַרְבָּעָ֥ה וְעֶשְׂרִ֖ים אָֽלֶף ׃ פ,ויהיו המתימ במגפה ארבעה ועשרימ אלפ פ,8,והוו דמיתו במותנא עשרין וארבעא אלפין:,6,καὶ ἐγένοντο οἱ τεθνηκότες ἐν τῇ πληγῇ τέσσαρες καὶ εἴκοσι χιλιάδες.,11,ܘܗܘܘ ܕܡܝܬܘ ܒܡܘܬܢܐ ܕܡܢ ܫܠܝܐ. ܥܣܪܝܢ ܘܐܪ̈ܒܥܐ ܐ̈ܠܦܝܢ.,8,"Ora, os que morreram daquela praga foram vinte e quatro mil.",11,True,True,True
25,10,Números 25:10,וַיְדַבֵּ֥ר יְהוָ֖ה אֶל־ מֹשֶׁ֥ה לֵּאמֹֽר ׃,וידבר יהוה אל משה לאמר,6,ומליל יי עם משה למימר:,5,Καὶ ἐλάλησεν Κύριος πρὸς Μωυσῆν λέγων,6,ܘܡܠܠ ܡܪܝܐ ܥܡ ܡܘܫܐ ܘܐܡܪ ܠܗ.,6,Então disse o Senhor a Moisés:,6,True,True,True
25,11,Números 25:11,פִּֽינְחָ֨ס בֶּן־ אֶלְעָזָ֜ר בֶּן־ אַהֲרֹ֣ן הַכֹּהֵ֗ן הֵשִׁ֤יב אֶת־ חֲמָתִי֙ מֵעַ֣ל בְּנֵֽי־ יִשְׂרָאֵ֔ל בְּקַנְא֥וֹ אֶת־ קִנְאָתִ֖י בְּתוֹכָ֑ם וְלֹא־ כִלִּ֥יתִי אֶת־ בְּנֵֽי־ יִשְׂרָאֵ֖ל בְּקִנְאָתִֽי ׃,פינחס בנ אלעזר בנ אהרנ הכהנ השיב את חמתי מעל בני ישראל בקנאו את קנאתי בתוכמ ולא כליתי את בני ישראל בקנאתי,23,פינחס בר אלעזר בר אהרן כהנא אתב ית חימתי מעל בני ישראל בדקני ית קנאתי ביניהון ולא שיציתי ית בני ישראל בקנאתי:,22,"Φινεὲς υἱὸς Ἐλεαζὰρ υἱὸς Ἀαρὼν τοῦ ἱερέως κατέπαυσεν τὸν θυμόν μου ἀπὸ υἱῶν Ἰσραὴλ ἐν τῷ ζηλῶσαί μου τὸν ζῆλον ἐν αὐτοῖς, καὶ οὐκ ἐξανήλωσα τοὺς υἱοὺς Ἰσραὴλ ἐν τῷ ζήλῳ μου.",32,ܦܝܢܚܣ ܒܪ ܐܠܝܥܙܪ ܒܪ ܐܗܪܘܢ ܟܗܢܐ. ܐܗܦܟ ܚܡܬܝ ܡܢ ܒ̈ܢܝ ܐܝܣܪܝܠ. ܘܛܢ ܛܢܢܝ ܒܝܢܬܗܘܢ. ܘܠܐ ܐܘܒܕܬ ܠܒܢ̈ܝ ܐܝܣܪܝܠ ܒܛܢܢܝ.,19,"Finéias, filho de Eleazar, filho do sacerdote Arão, desviou a minha ira de sobre os filhos de Israel, pois foi zeloso com o meu zelo no meio deles, de modo que no meu zelo não consumi os filhos de Israel.",40,True,True,True
25,12,Números 25:12,לָכֵ֖ן אֱמֹ֑ר הִנְנִ֨י נֹתֵ֥ן ל֛וֹ אֶת־ בְּרִיתִ֖י שָׁלֽוֹם ׃,לכנ אמר הנני נתנ לו את בריתי שלומ,9,בכן אמר הא אנא גזר ליה ית קימי שלם:,9,"οὕτως εἰπόν Ἰδοὺ ἐγὼ δίδωμι αὐτῷ διαθήκην εἰρήνης,",8,ܡܛܠ ܗܢܐ ܐܡ̇ܪܬ. ܕܗܐ ܝ̇ܗܒ ܐܢܐ ܠܗ ܩܝܡܐ ܕܫܠܡܐ.,9,"Portanto dize: Eis que lhe dou o meu pacto de paz,",11,True,True,True
25,13,Números 25:13,וְהָ֤יְתָה לּוֹ֙ וּלְזַרְע֣וֹ אַחֲרָ֔יו בְּרִ֖ית כְּהֻנַּ֣ת עוֹלָ֑ם תַּ֗חַת אֲשֶׁ֤ר קִנֵּא֙ לֵֽאלֹהָ֔יו וַיְכַפֵּ֖ר עַל־ בְּנֵ֥י יִשְׂרָאֵֽל ׃,והיתה לו ולזרעו אחריו ברית כהנת עולמ תחת אשר קנא לאלהיו ויכפר על בני ישראל,16,ותהי ליה ולבנוהי בתרוהי קים כהנת עלם חלף די קני קדם אלהיה וכפר על בני ישראל:,16,"καὶ ἔσται αὐτῷ καὶ τῷ σπέρματι αὐτοῦ μετ᾽ αὐτὸν διαθήκη ἱερατίας αἰωνία, ἀνθ᾽ ὧν ἐζήλωσεν τῷ θεῷ αὐτοῦ καὶ ἐξιλάσατο περὶ τῶν υἱῶν Ἰσραήλ.",24,ܘܢܗܘܐ ܠܗ ܘܠܒܢ̈ܘܗܝ ܡܢ ܒܬܪܗ. ܩܝܡܐ ܕܟܗܢܘܬܐ ܠܥܠܡ . ܚܠܦ ܕܛܢ ܒܐܠܗܗ. ܘܚܣܝ ܥܠ ܒܢ̈ܝ ܐܝܣܪܝܠ.,16,"e será para ele e para a sua descendência depois dele, o pacto de um sacerdócio perpétuo; porquanto foi zeloso pelo seu Deus, e fez expiação pelos filhos de Israel.",30,True,True,True
25,14,Números 25:14,וְשֵׁם֩ אִ֨ישׁ יִשְׂרָאֵ֜ל הַמֻּכֶּ֗ה אֲשֶׁ֤ר הֻכָּה֙ אֶת־ הַמִּדְיָנִ֔ית זִמְרִ֖י בֶּן־ סָל֑וּא נְשִׂ֥יא בֵֽית־ אָ֖ב לַשִּׁמְעֹנִֽי ׃,ושמ איש ישראל המכה אשר הכה את המדינית זמרי בנ סלוא נשיא בית אב לשמעני,16,ושום גברא בר ישראל קטילא די אתקטל עם מדיניתא זמרי בר סלוא רב בית אבא לבית שמעון:,17,"τὸ δὲ ὄνομα τοῦ ἀνθρώπου τοῦ Ἰσραηλείτου τοῦ πεπληγότος, ὃς ἐπλήγη μετὰ τῆς Μαδιανείτιδος, Ζαμβρεί, υἱὸς Σαλμών, ἄρχων οἴκου πατριᾶς τῶν Συμεών.",22,ܘܫܡܗ ܕܓܒܪܐ ܒܪ ܐܝܣܪܝܠ ܩܛܝܠܐ ܕܐܬܩܛܠ ܥܡ ܡܕܝܢܝܬܐ. ܙܡܪܝ ܒܪ ܣܠܘ. ܪܝܫ ܒܝܬ ܐ̈ܒܗܐ ܕܫܒܛܐ ܕܫܡܥܘܢ.,16,"O nome do israelita que foi morto com a midianita era Zinri, filho de Salu, príncipe duma casa paterna entre os simeonitas.",22,True,True,True
25,15,Números 25:15,וְשֵׁ֨ם הָֽאִשָּׁ֧ה הַמֻּכָּ֛ה הַמִּדְיָנִ֖ית כָּזְבִּ֣י בַת־ צ֑וּר רֹ֣אשׁ אֻמּ֥וֹת בֵּֽית־ אָ֛ב בְּמִדְיָ֖ן הֽוּא ׃ פ,ושמ האשה המכה המדינית כזבי בת צור ראש אמות בית אב במדינ הוא פ,15,ושום אתתא דאתקטילת מדינתא כזבי בת צור ריש אמי בית אבא במדין הוא:,13,"καὶ ὄνομα τῇ γυναικὶ τῇ Μαδιανείτιδι τῇ πεπληγυίᾳ Χασβεί, θυγάτηρ Σοὺρ ἄρχοντος ἔθνους Ὀμμόθ· οἴκου πατριᾶς ἐστιν τῶν Μαδιάν.",19,ܘܫܡܗ̇ ܕܐܢܬܬܐ ܡܕܝܢܝܬܐ ܟܘܣܒܝ ܒܪܬ ܨܘܪ. ܪܝܫ ܐܘܡܬܐ ܕܒܝܬ ܐܒ̈ܗܝܗ̇ ܒܡܕܝܢ ܗܘܝܘ ܗܘܐ.,13,"E o nome da mulher midianita morta era Cozbi, filha de Zur; o qual era cabeça do povo duma casa paterna em Midiã.",23,True,True,True
25,16,Números 25:16,וַיְדַבֵּ֥ר יְהוָ֖ה אֶל־ מֹשֶׁ֥ה לֵּאמֹֽר ׃,וידבר יהוה אל משה לאמר,6,ומליל יי עם משה למימר:,5,Καὶ ἐλάλησεν Κύριος πρὸς Μωυσῆν λέγων Λάλησον τοῖς υἱοῖς Ἰσραὴλ λέγων,11,ܘܡܠܠ ܡܪܝܐ ܥܡ ܡܘܫܐ ܘܐܡܪ ܠܗ.,6,Disse mais o Senhor a Moisés:,6,True,True,True
25,17,Números 25:17,צָר֖וֹר אֶת־ הַמִּדְיָנִ֑ים וְהִכִּיתֶ֖ם אוֹתָֽם ׃,צרור את המדינימ והכיתמ אותמ,6,אעק ית מדינאי ותקטול יתהון:,5,"Ἐχθραίνετε τοῖς Μαδιηναίοις καὶ πατάξατε αὐτούς,",6,ܐܥܝܩ ܠܡܕܝ̈ܢܝܐ ܘܚܪܘܒ ܐܢܘܢ.,4,Afligi vós os midianitas e feri-os;,6,True,True,True
25,18,Números 25:18,כִּ֣י צֹרְרִ֥ים הֵם֙ לָכֶ֔ם בְּנִכְלֵיהֶ֛ם אֲשֶׁר־ נִכְּל֥וּ לָכֶ֖ם עַל־ דְּבַר־ פְּע֑וֹר וְעַל־ דְּבַ֞ר כָּזְבִּ֨י בַת־ נְשִׂ֤יא מִדְיָן֙ אֲחֹתָ֔ם הַמֻּכָּ֥ה בְיוֹם־ הַמַּגֵּפָ֖ה עַל־ דְּבַר־ פְּעֽוֹר ׃,כי צררימ המ לכמ בנכליהמ אשר נכלו לכמ על דבר פעור ועל דבר כזבי בת נשיא מדינ אחתמ המכה ביומ המגפה על דבר פעור,25,ארי מעיקין אנון לכון בנכליהון די נכילו לכון על עסק פעור ועל עסק כזבי בת רבא דמדין אחתהון דאתקטילת ביומא דמותנא על עסק פעור:,24,"ὅτι ἐχθραίνουσιν αὐτοὶ ὑμῖν ἐν δολιότητι, ὅσα δολιοῦσιν ὑμᾶς διὰ Φογώρ, καὶ διὰ Χασβεὶ θυγατέρα ἄρχοντος Μαδιὰν ἀδελφὴν αὐτῶν, τὴν πεπληγυῖαν ἐν τῇ ἡμέρᾳ τῆς πληγῆς διὰ Φογώρ.",28,ܡܛܠ ܕܡܥܝܩܝܢ ܠܟܘܢ ܒܢܟܠܗܘܢ ܕܐܬܢܟܠܘ ܥܠܝܟܘܢ. ܒܨܒܘܬܐ ܕܦܥܘܪ ܘܒܨܒܘܬܐ ܕܟܘܣܒܝ ܒܪܬ ܪ̈ܫܐ ܕܡܕܝܢ ܚܬܗܘܢ. ܕܐܬܩܛܠܬ ܒܝܘܡܐ ܕܡܚܘܬܐ ܕܡܢ ܫܠܝܐ ܒܨܒܘܬܐ ܕܦܥܘܪ.,21,"porque eles vos afligiram a vós com as suas ciladas com que vos enganaram no caso de Peor, e no caso de Cozbi, sua irmã, filha do príncipe de Midiã, a qual foi morta no dia da praga no caso de Peor.",42,True,True,True
25,19,Números 25:19,וַיְהִ֖י אַחֲרֵ֣י הַמַּגֵּפָ֑ה פ,ויהי אחרי המגפה פ,4,,0,,0,ܘܗܘܐ ܡܢ ܒܬܪ ܡܘܬܢܐ ܕܡܢ ܫܠܝܐ.,6,,0,False,False,True
26,1,Números 26:1,וַיֹּ֤אמֶר יְהוָה֙ אֶל־ מֹשֶׁ֔ה וְאֶ֧ל אֶלְעָזָ֛ר בֶּן־ אַהֲרֹ֥ן הַכֹּהֵ֖ן לֵאמֹֽר ׃,ויאמר יהוה אל משה ואל אלעזר בנ אהרנ הכהנ לאמר,11,והוה בתר מותנא ואמר יי למשה ולאלעזר בר אהרן כהנא למימר:,11,Καὶ ἐγένετο μετὰ τὴν πληγὴν και ἐλάλησεν Κύριος πρὸς Μωυσῆν καὶ πρὸς Ἐλεαζὰρ τὸν ἱερέα λέγων,16,ܐܡܪ ܡܪܝܐ ܠܡܘܫܐ ܘܠܐܠܝܥܙܪ ܒܪ ܐܗܪܘܢ ܟܗܢܐ.,7,"Depois daquela praga disse o Senhor a Moisés e a Eleazar, filho do sacerdote Arão:",15,True,True,True
26,2,Números 26:2,שְׂא֞וּ אֶת־ רֹ֣אשׁ ׀ כָּל־ עֲדַ֣ת בְּנֵי־ יִשְׂרָאֵ֗ל מִבֶּ֨ן עֶשְׂרִ֥ים שָׁנָ֛ה וָמַ֖עְלָה לְבֵ֣ית אֲבֹתָ֑ם כָּל־ יֹצֵ֥א צָבָ֖א בְּיִשְׂרָאֵֽל ׃,שאו את ראש כל עדת בני ישראל מבנ עשרימ שנה ומעלה לבית אבתמ כל יצא צבא בישראל,19,קבילו ית חשבן כל כנשתא דבני ישראל מבר עשרין שנין ולעלא לבית אבהתהון כל נפק חילא בישראל:,17,"Λάβε τὴν ἀρχὴν πάσης συναγωγῆς υἱῶν Ἰσραὴλ ἀπὸ εἰκοσαετοῦς καὶ ἐπάνω κατ᾽ οἴκους πατριῶν αὐτῶν, πᾶς ὁ ἐκπορευόμενος παρατάξασθαι ἐν Ἰσραήλ.",21,ܩܒܠܘ ܚܘܫܒܢܐ ܕܟܠܗ̇ ܟܢܘܫܬܐ ܕܒܢ̈ܝ ܐܝܣܪܝܠ. ܡܢ ܒܪ ܥܣܪ̈ܝܢ ܫ̈ܢܝܢ ܘܠܥܠ. ܠܒܝܬ ܐ̈ܒܗܝܗܘܢ ܟܠ ܕܢ̇ܦܩ ܒܚܝܠܐ ܒܐܝܣܪܝܠ.,17,"Tomai a soma de toda a congregação dos filhos de Israel, da idade de vinte anos para cima, segundo as casas e seus pais, todos os que em Israel podem sair à guerra.",33,True,True,True
26,3,Números 26:3,וַיְדַבֵּ֨ר מֹשֶׁ֜ה וְאֶלְעָזָ֧ר הַכֹּהֵ֛ן אֹתָ֖ם בְּעַֽרְבֹ֣ת מוֹאָ֑ב עַל־ יַרְדֵּ֥ן יְרֵח֖וֹ לֵאמֹֽר ׃,וידבר משה ואלעזר הכהנ אתמ בערבת מואב על ירדנ ירחו לאמר,12,ומליל משה ואלעזר כהנא אמרו לממני יתהון במישריא דמואב על ירדנא דירחו למימר:,13,καὶ ἐλάλησεν Μωυσῆς καὶ Ἐλεαζὰρ ὁ ἱερεὺς ἐν ἀραβὼθ Μωὰβ ἐπὶ τοῦ Ἰορδάνου κατὰ Ἰερειχὼ λέγων,16,ܘܡܠܠ ܡܘܫܐ ܘܐܠܝܥܙܪ ܟܗܢܐ ܥܡܗܘܢ ܒܥܪܒܘܬ ܡܘܐܒ ܕܥܠ ܝܘܪܕܢܢ ܕܐܝܪܝܚܘ.,10,"Falaram-lhes, pois, Moisés e Eleazar o sacerdote, nas planícies de Moabe, junto ao Jordão, na altura de Jericó, dizendo:",19,True,True,True
26,4,Números 26:4,מִבֶּ֛ן עֶשְׂרִ֥ים שָׁנָ֖ה וָמָ֑עְלָה כַּאֲשֶׁר֩ צִוָּ֨ה יְהוָ֤ה אֶת־ מֹשֶׁה֙ וּבְנֵ֣י יִשְׂרָאֵ֔ל הַיֹּצְאִ֖ים מֵאֶ֥רֶץ מִצְרָֽיִם ׃,מבנ עשרימ שנה ומעלה כאשר צוה יהוה את משה ובני ישראל היצאימ מארצ מצרימ,15,מבר עשרין שנין ולעלא כמא די פקיד יי ית משה ובני ישראל די נפקו מארעא דמצרים:,16,"Ἀπὸ εἰκοσαετοῦς καὶ ἐπάνω, ὃν τρόπον συνέταξεν Κύριος τῷ Μωυσῇ, σὺ καὶ οἱ υἱοὶ Ἰσραὴλ οἱ ἐξελθόντες ἐξ Αἰγύπτου.",19,ܘܡܢܐ ܐܢܘܢ ܡܘܫܐ ܡܢ ܒܪ ܥܣܪ̈ܝܢ ܫ̈ܢܝܢ ܘܠܥܠ. ܐܝܟ ܕܦܩܕ ܡܪܝܐ ܠܡܘܫܐ. ܘܒܢ̈ܝ ܐܝܣܪܝܠ ܕܢܦܩܘ ܡܢ ܐܪܥܐ ܕܡܨܪܝܢ.,18,Contai o povo da idade de vinte anos para cima; como o Senhor ordenara a Moisés e aos filhos de Israel que saíram da terra do Egito.,27,True,True,True
26,5,Números 26:5,רְאוּבֵ֖ן בְּכ֣וֹר יִשְׂרָאֵ֑ל בְּנֵ֣י רְאוּבֵ֗ן חֲנוֹךְ֙ מִשְׁפַּ֣חַת הַחֲנֹכִ֔י לְפַלּ֕וּא מִשְׁפַּ֖חַת הַפַּלֻּאִֽי ׃,ראובנ בכור ישראל בני ראובנ חנוכ משפחת החנכי לפלוא משפחת הפלאי,12,ראובן בוכרא דישראל בני ראובן חנוך זרעית חנוך לפלוא זרעית פלוא:,11,"Ῥουβὴν πρωτότοκος Ἰσραήλ. υἱοὶ δὲ Ῥουβήν· Ἑνώχ, καὶ δῆμος τοῦ Ἑνώχ· τῷ Φαλλού, δῆμος τοῦ Φαλλουεί·",16,ܪܘܒܝܠ ܒܘܟܪܗ ܕܐܝܣܪܝܠ. ܒܢ̈ܝ ܪܘܒܝܠ. ܚܢܘܟ ܫܪܒܬܐ ܕܚܢܘܟ. ܦܠܘ ܫܪܒܬܐ ܕܦܠܘ.,11,"Rúben, o primogênito de Israel; os filhos de Rúben: de Hanoque, a família dos hanoquitas; de Palu, a família dos paluítas;",21,True,True,True
26,6,Números 26:6,לְחֶצְרֹ֕ן מִשְׁפַּ֖חַת הַֽחֶצְרוֹנִ֑י לְכַרְמִ֕י מִשְׁפַּ֖חַת הַכַּרְמִֽי ׃,לחצרנ משפחת החצרוני לכרמי משפחת הכרמי,7,לחצרון זרעית חצרון לכרמי זרעית כרמי:,6,"τῷ Ἁσρών, δῆμος τοῦ Ἁσρωνεί· τῷ Χαρμεί, δῆμος τοῦ Χαρμεί.",10,ܚܨܪܘܢ ܫܪܒܬܐ ܕܚܨܪܘܢ. ܟܪܡܝ ܫܪܒܬܐ ܕܟܪܡܝ.,6,"de Hezrom, a família dos hezronitas; de Carmi, a família dos carmitas.",12,True,True,True
26,7,Números 26:7,אֵ֖לֶּה מִשְׁפְּחֹ֣ת הָרֻֽאוּבֵנִ֑י וַיִּהְי֣וּ פְקֻדֵיהֶ֗ם שְׁלֹשָׁ֤ה וְאַרְבָּעִים֙ אֶ֔לֶף וּשְׁבַ֥ע מֵא֖וֹת וּשְׁלֹשִֽׁים ׃,אלה משפחת הראובני ויהיו פקדיהמ שלשה וארבעימ אלפ ושבע מאות ושלשימ,12,אלין זרעית ראובן והוו מניניהון ארבעין ותלתא אלפין ושבע מאה ותלתין:,11,οὗτοι δῆμοι Ῥουβήν· καὶ ἐγένετο ἡ ἐπίσκεψις αὐτῶν τρεῖς καὶ τεσσεράκοντα χιλιάδες καὶ ἑπτακόσιοι καὶ τριάκοντα.,16,ܗܠܝܢ ܫܪ̈ܒܬܐ ܕܪܘܒܝܠ. ܘܗܘܐ ܡܢܝܢܗܘܢ. ܐܪ̈ܒܥܝܢ ܘܬܠܬܐ ܐ̈ܠܦܝܢ ܘܫܒܥܡܐܐ ܘܬܠܬܝܢ.,10,Estas são as famílias dos rubenitas; os que foram deles contados eram quarenta e três mil setecentos e trinta.,19,True,True,True
26,8,Números 26:8,וּבְנֵ֥י פַלּ֖וּא אֱלִיאָֽב ׃,ובני פלוא אליאב,4,ובני פלוא אליאב:,3,καὶ υἱοὶ Φαλλού· Ἐλιάβ.,4,ܘܒܢ̈ܝ ܦܠܘ ܐܠܝܒ.,3,E o filho de Palu: Eliabe.,6,True,True,True
26,9,Números 26:9,וּבְנֵ֣י אֱלִיאָ֔ב נְמוּאֵ֖ל וְדָתָ֣ן וַאֲבִירָ֑ם הֽוּא־ דָתָ֨ן וַאֲבִירָ֜ם קרואי הָעֵדָ֗ה אֲשֶׁ֨ר הִצּ֜וּ עַל־ מֹשֶׁ֤ה וְעַֽל־ אַהֲרֹן֙ בַּעֲדַת־ קֹ֔רַח בְּהַצֹּתָ֖ם עַל־ יְהוָֽה ׃,ובני אליאב נמואל ודתנ ואבירמ הוא דתנ ואבירמ קרואי העדה אשר הצו על משה ועל אהרנ בעדת קרח בהצתמ על יהוה,22,ובני אליאב נמואל ודתן ואבירם הוא דתן ואבירם מערעי כנשתא דאתכנשו על משה ועל אהרן בכנשתא דקרח באתכנושיהון על יי:,20,"καὶ υἱοὶ Ἐλιάβ· Ναμουὴλ καὶ Δαθὰν καὶ Ἀβειρών· οὗτοι ἐπίκλητοι τῆς συναγωγῆς, οὗτοί εἰσιν οἱ ἐπισυστάντες ἐπὶ Μωυσῆν καὶ Ἀαρὼν ἐν τῇ συναγωγῇ Κόρε ἐν τῇ ἐπισυστάσει Κυρίου·",28,ܘܒܢ̈ܝ ܐܠܝܒ ܢܒܘܐܝܠ ܘܕܬܢ ܘܐܒܝܪܡ . ܩܪ̈ܝܚܐ ܕܟܢܘܫܬܐ ܕܐܬܦܠܓܘ ܥܠ ܡܘܫܐ ܘܥܠ ܐܗܪܘܢ ܒܟܢܘܫܬܗ ܕܩܘܪܚ. ܘܐܬܦܠܓܘ ܥܠ ܡܪܝܐ.,18,"Os filhos de Eliabe: Nemuel, Dato e Abirão. Estes são aqueles Datã e Abirão que foram chamados da congregação, os quais contenderam contra Moisés e contra Arão na companhia de Corá, quando contenderam contra o Senhor,",36,True,True,True
26,10,Números 26:10,וַתִּפְתַּ֨ח הָאָ֜רֶץ אֶת־ פִּ֗יהָ וַתִּבְלַ֥ע אֹתָ֛ם וְאֶת־ קֹ֖רַח בְּמ֣וֹת הָעֵדָ֑ה בַּאֲכֹ֣ל הָאֵ֗שׁ אֵ֣ת חֲמִשִּׁ֤ים וּמָאתַ֨יִם֙ אִ֔ישׁ וַיִּהְי֖וּ לְנֵֽס ׃,ותפתח הארצ את פיה ותבלע אתמ ואת קרח במות העדה באכל האש את חמשימ ומאתימ איש ויהיו לנס,19,ופתחת ארעא ית פומה ובלעת יתהון וית קרח במותא דכנשתא כד אכלת אשתא ית מאתן וחמשין גברא והוו לאת:,19,"καὶ ἀνοίξασα ἡ γῆ τὸ στόμα αὐτῆς κατέπιεν αὐτοὺς καὶ Κόρε ἐν τῇ συναγωγῇ αὐτοῦ, ὅτε κατέφαγεν τὸ πῦρ τοὺς πεντήκοντα καὶ διακοσίους, καὶ ἐγενήθησαν ἐν σημείῳ.",27,ܘܦܬܚܬ ܐܪܥܐ ܦܘܡܗ̇ ܘܒܠܥܬ ܐܢܘܢ. ܘܠܩܘܪܚ ܒܡܘܬܢܐ ܕܟܢܘܫܬܐ. ܟܕ ܐܟܠܬ ܢܘܪܐ ܠܡܐܬܝܢ ܘܚܡܫܝܢ ܓܒܪ̈ܝܢ. ܘܗܘܘ ܠܐܬܐ.,16,"e a terra abriu a boca, e os tragou juntamente com Corá, quando pereceu aquela companhia; quando o fogo devorou duzentos e cinqüenta homens, os quais serviram de advertência.",29,True,True,True
26,11,Números 26:11,וּבְנֵי־ קֹ֖רַח לֹא־ מֵֽתוּ ׃ ס,ובני קרח לא מתו ס,6,ובני קרח לא מיתו:,4,οἱ δὲ υἱοὶ Κόρε οὐκ ἀπέθανον.,6,ܘܒܢ̈ܝ ܩܘܪܚ ܠܐ ܡܝܬܘ.,4,Todavia os filhos de Corá não morreram.,7,True,True,True
26,12,Números 26:12,בְּנֵ֣י שִׁמְעוֹן֮ לְמִשְׁפְּחֹתָם֒ לִנְמוּאֵ֗ל מִשְׁפַּ֨חַת֙ הַנְּמ֣וּאֵלִ֔י לְיָמִ֕ין מִשְׁפַּ֖חַת הַיָּמִינִ֑י לְיָכִ֕ין מִשְׁפַּ֖חַת הַיָּכִינִֽי ׃,בני שמעונ למשפחתמ לנמואל משפחת הנמואלי לימינ משפחת הימיני ליכינ משפחת היכיני,13,בני שמעון לזרעיתהון לנמואל זרעית נמואל לימין זרעית ימין ליכין זרעית יכין:,12,"Καὶ οἱ υἱοὶ Συμεών· ὁ δῆμος τῶν υἱῶν Συμεών· τῷ Ναμουήλ, δῆμος ὁ Ναμουηλεί· τῷ Ἰαμείν, δῆμος ὁ Ἰαμινεί· τῷ Ἰαχείν, δῆμος ὁ Ἰαχινεί·",24,ܘܒܢ̈ܝ ܫܡܥܘܢ ܠܫܪ̈ܒܬܗܘܢ. ܝܡܘܐܝܠ ܫܪܒܬܐ ܕܝܡܘܐܝܠ. ܝܡܢܝ ܫܪܒܬܐ ܕܝܡܢܝ. ܝܟܝܢ ܫܪܒܬܐ ܕܝܟܝܢ.,12,"Os filhos de Simeão, segundo as suas famílias: de Nemuel, a família dos nemuelitas; de Jamim, a família dos jaminitas; de Jaquim, a família dos jaquinitas;",26,True,True,True
26,13,Números 26:13,לְזֶ֕רַח מִשְׁפַּ֖חַת הַזַּרְחִ֑י לְשָׁא֕וּל מִשְׁפַּ֖חַת הַשָּׁאוּלִֽי ׃,לזרח משפחת הזרחי לשאול משפחת השאולי,7,לזרח זרעית זרח לשאול זרעית שאול:,6,"τῷ Ζάρα, δῆμος ὁ Ζαραεί· τῷ Σαούλ, δῆμος ὁ Σαουλεί.",10,ܙܪܚ ܫܪܒܬܐ ܕܙܪܚ. ܫܐܘܠ ܫܪܒܬܐ ܕܫܐܘܠ.,6,"de Zerá, a família dos zeraítas; de Saul, a família dos saulitas.",12,True,True,True
26,14,Números 26:14,אֵ֖לֶּה מִשְׁפְּחֹ֣ת הַשִּׁמְעֹנִ֑י שְׁנַ֧יִם וְעֶשְׂרִ֛ים אֶ֖לֶף וּמָאתָֽיִם ׃ ס,אלה משפחת השמעני שנימ ועשרימ אלפ ומאתימ ס,9,אלין זרעית שמעון עשרין ותרין אלפין ומאתן:,7,"οὗτοι δῆμοι Συμεὼν ἐκ τῆς ἐπισκέψεως αὐτῶν, δύο καὶ εἴκοσι χιλιάδες καὶ διακόσιοι.",13,ܗܠܝܢ ܫܪ̈ܒܬܐ ܕܫܡܥܘܢ. ܥܣܪ̈ܝܢ ܘܬܪ̈ܝܢ ܐ̈ܠܦܝܢ ܘܡܐܬܝܢ.,7,"Estas são as famílias dos simeonitas, vinte e dois mil e duzentos.",12,True,True,True
26,15,Números 26:15,בְּנֵ֣י גָד֮ לְמִשְׁפְּחֹתָם֒ לִצְפ֗וֹן מִשְׁפַּ֨חַת֙ הַצְּפוֹנִ֔י לְחַגִּ֕י מִשְׁפַּ֖חַת הַֽחַגִּ֑י לְשׁוּנִ֕י מִשְׁפַּ֖חַת הַשּׁוּנִֽי ׃,בני גד למשפחתמ לצפונ משפחת הצפוני לחגי משפחת החגי לשוני משפחת השוני,13,בני גד לזרעיתהון לצפון זרעית צפון לחגי זרעית חגי לשוני זרעית שוני:,12,Υἱοὶ δὲ Ἰούδα· Ἢρ καὶ Αὐνάν· καὶ ἀπέθανεν Ἢρ καὶ Αὐνὰν ἐν γῇ Χανάαν.,14,ܘܒܢ̈ܝ ܓܕ ܠܫܪ̈ܒܬܗܘܢ. ܨܦܝܘܢ ܫܪܒܬܐ ܕܨܦܝܘܢ. ܚܓܝ ܫܪܒܬܐ ܕܚܓܝ. ܫܘܢܝ ܫܪܒܬܐ ܕܫܘܢܝ.,12,"Os filhos de Gade, segundo as suas famílias: de Zefom, a família dos zefonitas; de Hagui, a família dos haguitas; de Suni, a família dos sunitas;",26,True,True,True
26,16,Números 26:16,לְאָזְנִ֕י מִשְׁפַּ֖חַת הָאָזְנִ֑י לְעֵרִ֕י מִשְׁפַּ֖חַת הָעֵרִֽי ׃,לאזני משפחת האזני לערי משפחת הערי,7,לאזני זרעית אזני לערי זרעית ערי:,6,"ἐγένοντο δὲ οἱ υἱοὶ Ἰούδα κατὰ δήμους αὐτῶν· τῷ Σηλών, δῆμος ὁ Σηλωνεί· τῷ Φάρες, δῆμος ὁ Φάρες· τῷ Ζάρα, δῆμος ὁ Ζαραεί.",23,ܐܙܢܝ ܫܪܒܬܐ ܕܐܙܢܝ. ܥܕܝ ܫܪܒܬܐ ܕܥܕܝ.,6,"de Ozni, a família dos oznitas; de Eri, a família dos eritas;",12,True,True,True
26,17,Números 26:17,לַאֲר֕וֹד מִשְׁפַּ֖חַת הָאֲרוֹדִ֑י לְאַ֨רְאֵלִ֔י מִשְׁפַּ֖חַת הָאַרְאֵלִֽי ׃,לארוד משפחת הארודי לאראלי משפחת האראלי,7,לארוד זרעית ארודי לאראלי זרעית אראלי:,6,"καὶ ἐγένετο υἱοὶ Φάρες· τῷ Ἁσρών, δῆμος ὁ Ἁσρωνεί· τῷ Ἰαμούν, δῆμος ὁ Ἰαμουνεί.",14,ܐܪܘܕܝ ܫܪܒܬܐ ܕܐܪܘܕܝ. ܐܕܝܠ ܫܪܒܬܐ ܕܐܕܝܠ.,6,"de Arode, a família dos aroditas; de Areli, a família dos arelitas.",12,True,True,True
26,18,Números 26:18,אֵ֛לֶּה מִשְׁפְּחֹ֥ת בְּנֵֽי־ גָ֖ד לִפְקֻדֵיהֶ֑ם אַרְבָּעִ֥ים אֶ֖לֶף וַחֲמֵ֥שׁ מֵאֽוֹת ׃ ס,אלה משפחת בני גד לפקדיהמ ארבעימ אלפ וחמש מאות ס,11,אלין זרעית בני גד למניניהון ארבעין אלפין וחמש מאה:,9,"οὗτοι δῆμοι τῷ Ἰούδᾳ κατὰ τὴν ἐπισκοπὴν αὐτῶν, ἓξ καὶ ἑβδομήκοντα χιλιάδες καὶ πεντακόσιοι.",14,ܗܠܝܢ ܫܪ̈ܒܬܐ ܕܒ̈ܢܝ ܓܕ ܠܡܢܝܢܗܘܢ . ܐܪ̈ܒܥܝܢ ܐ̈ܠܦܝܢ ܘܚܡܫܡܐܐ.,9,"Estas são as famílias dos filhos de Gade, segundo os que foram deles contados, quarenta mil e quinhentos.",18,True,True,True
26,19,Números 26:19,בְּנֵ֥י יְהוּדָ֖ה עֵ֣ר וְאוֹנָ֑ן וַיָּ֥מָת עֵ֛ר וְאוֹנָ֖ן בְּאֶ֥רֶץ כְּנָֽעַן ׃,בני יהודה ער ואוננ וימת ער ואוננ בארצ כנענ,10,בני יהודה ער ואונן ומית ער ואונן בארעא דכנען:,9,"Καὶ υἱοὶ Ἰσσαχὰρ κατὰ δήμους αὐτῶν· τῷ Θωλά, δῆμος ὁ Θωλαεί· τῷ Φουά, δῆμος ὁ Φουαεί·",16,ܘܒܢ̈ܝ ܝܗܘܕܐ ܥܝܪ ܘܐܘܢܢ. ܘܡܝܬܘ ܥܝܪ ܘܐܘܢܢ ܒܐܪܥܐ ܕܟܢܥܢ.,9,Os filhos de Judá: Er e Onã; mas Er e Onã morreram na terra de Canaã.,16,True,True,True
26,20,Números 26:20,וַיִּהְי֣וּ בְנֵי־ יְהוּדָה֮ לְמִשְׁפְּחֹתָם֒ לְשֵׁלָ֗ה מִשְׁפַּ֨חַת֙ הַשֵּׁ֣לָנִ֔י לְפֶ֕רֶץ מִשְׁפַּ֖חַת הַפַּרְצִ֑י לְזֶ֕רַח מִשְׁפַּ֖חַת הַזַּרְחִֽי ׃,ויהיו בני יהודה למשפחתמ לשלה משפחת השלני לפרצ משפחת הפרצי לזרח משפחת הזרחי,14,והוו בני יהודה לזרעיתהון לשלה זרעית שלה לפרץ זרעית פרץ לזרח זרעית זרח:,13,"τῷ Ἰασούβ, δῆμος Ἰασουβεί· τῷ Σαμαράμ, δῆμος ὁ Σαμαρανεί.",9,ܘܗܘܘ ܒܢ̈ܝ ܝܗܘܕܐ ܠܫܪ̈ܒܬܗܘܢ. ܫܠܐ ܫܪܒܬܐ ܕܫܠܐ. ܦܪܨ ܫܪܒܬܐ ܕܦܪܨ. ܙܪܚ ܫܪܒܬܐ ܕܙܪܚ.,13,"Assim os filhos de Judá, segundo as suas famílias, eram: de Selá, a família dos selanitas; de Pérez, a família dos perezitas; de Zerá, a família dos zeraítas.",28,True,True,True
26,21,Números 26:21,וַיִּהְי֣וּ בְנֵי־ פֶ֔רֶץ לְחֶצְרֹ֕ן מִשְׁפַּ֖חַת הַֽחֶצְרֹנִ֑י לְחָמ֕וּל מִשְׁפַּ֖חַת הֶחָמוּלִֽי ׃,ויהיו בני פרצ לחצרנ משפחת החצרני לחמול משפחת החמולי,10,והוו בני פרץ לחצרון זרעית חצרון לחמול זרעית חמול:,9,"οὗτοι δῆμοι Ἰσσαχὰρ ἐξ ἐπισκέψεως αὐτῶν, τέσσαρες καὶ ἑξήκοντα χιλιάδες καὶ τριακόσιοι.",12,ܘܗܘܘ ܒܢ̈ܝ ܦܪܨ . ܚܨܪܘܢ ܫܪܒܬܐ ܕܚܨܪܘܢ. ܚܡܘܠ ܫܪܒܬܐ ܕܚܡܘܠ.,10,"E os filhos de Pérez eram: de Hezrom, a família dos hezronitas; de Hamul, a família dos hamulitas.",18,True,True,True
26,22,Números 26:22,אֵ֛לֶּה מִשְׁפְּחֹ֥ת יְהוּדָ֖ה לִפְקֻדֵיהֶ֑ם שִׁשָּׁ֧ה וְשִׁבְעִ֛ים אֶ֖לֶף וַחֲמֵ֥שׁ מֵאֽוֹת ׃ ס,אלה משפחת יהודה לפקדיהמ ששה ושבעימ אלפ וחמש מאות ס,11,אלין זרעית יהודה למניניהון שבעין ושתא אלפין וחמש מאה:,9,"Υἱοὶ Ζαβουλὼν κατὰ δήμους αὐτῶν· τῷ Σάρεδ, δῆμος ὁ Σαρεδεί· τῷ Ἀλλών, δῆμος ὁ Ἀλλωνεί· τῷ Ἀλλήλ, δῆμος Ἀλληλεί.",19,ܗܠܝܢ ܫܪ̈ܒܬܐ ܕܒܢ̈ܝ ܝܗܘܕܐ ܠܡܢܝܢܗܘܢ ܫܒܥܝܢ ܘܫܬܐ ܐ̈ܠܦܝܢ ܘܚܡܫܡܐܐ.,9,"Estas são as famílias de Judá, segundo os que foram deles contados, setenta e seis mil e quinhentos.",18,True,True,True
26,23,Números 26:23,בְּנֵ֤י יִשָּׂשכָר֙ לְמִשְׁפְּחֹתָ֔ם תּוֹלָ֕ע מִשְׁפַּ֖חַת הַתּוֹלָעִ֑י לְפֻוָ֕ה מִשְׁפַּ֖חַת הַפּוּנִֽי ׃,בני יששכר למשפחתמ תולע משפחת התולעי לפוה משפחת הפוני,10,בני יששכר לזרעיתהון תולע זרעית תולע לפוה זרעית פוני:,9,"οὗτοι δῆμοι Ζαβουλὼν ἐξ ἐπισκέψεως αὐτῶν, ἑξήκοντα χιλιάδες καὶ πεντακόσιοι.",10,ܘܒܢ̈ܝ ܐܝܣܟܪ ܠܫܪ̈ܒܬܗܘܢ. ܬܘܠܥ ܫܪܒܬܐ ܕܬܘܠܥ. ܦܘܐܐ ܫܪܒܬܐ ܕܦܘܐܐ.,9,"Os filhos de Issacar, segundo as suas famílias: de Tola, a família dos tolaítas; de Puva, a família dos puvitas;",20,True,True,True
26,24,Números 26:24,לְיָשׁ֕וּב מִשְׁפַּ֖חַת הַיָּשׁוּבִ֑י לְשִׁמְרֹ֕ן מִשְׁפַּ֖חַת הַשִּׁמְרֹנִֽי ׃,לישוב משפחת הישובי לשמרנ משפחת השמרני,7,לישוב זרעית ישוב לשמרון זרעית שמרון:,6,"Υἱοὶ Γὰδ κατὰ δήμους αὐτῶν· τῷ Σαφών, δῆμος ὁ Σαφωνεί· τῷ Ἁγγεί, δῆμος ὁ Ἁγγεί· τῷ Σουνεί, δῆμος ὁ Σουνεί·",20,ܝܫܘܒ ܫܪܒܬܐ ܕܝܫܘܒ. ܫܡܪܘܢ ܫܪܒܬܐ ܕܫܡܪܘܢ.,6,"de Jasube, a família dos jasubitas; de Sinrom, a família dos sinronitas.",12,True,True,True
26,25,Números 26:25,אֵ֛לֶּה מִשְׁפְּחֹ֥ת יִשָּׂשכָ֖ר לִפְקֻדֵיהֶ֑ם אַרְבָּעָ֧ה וְשִׁשִּׁ֛ים אֶ֖לֶף וּשְׁלֹ֥שׁ מֵאֽוֹת ׃ ס,אלה משפחת יששכר לפקדיהמ ארבעה וששימ אלפ ושלש מאות ס,11,אלין זרעית יששכר למניניהון שתין וארבעא אלפין ותלת מאה:,9,"τῷ Ἀζενεί, δῆμος ὁ Ἀζενεί· τῷ Ἀδδεί, δῆμος ὁ Ἀδδεί·",10,ܗܠܝܢ ܫܪ̈ܒܬܐ ܕܐܝܣܟܪ ܠܡܢܝܢܗܘܢ. ܫܬܝܢ ܘܐܪܒܥܐ ܐ̈ܠܦܝܢ ܘܬܠܬܡܐܐ.,8,"Estas são as famílias de Issacar, segundo os que foram deles contados, sessenta e quatro mil e trezentos:",18,True,True,True
26,26,Números 26:26,בְּנֵ֣י זְבוּלֻן֮ לְמִשְׁפְּחֹתָם֒ לְסֶ֗רֶד מִשְׁפַּ֨חַת֙ הַסַּרְדִּ֔י לְאֵל֕וֹן מִשְׁפַּ֖חַת הָאֵלֹנִ֑י לְיַ֨חְלְאֵ֔ל מִשְׁפַּ֖חַת הַיַּחְלְאֵלִֽי ׃,בני זבולנ למשפחתמ לסרד משפחת הסרדי לאלונ משפחת האלני ליחלאל משפחת היחלאלי,13,בני זבולן לזרעיתהון לסרד זרעית סרד לאלון זרעית אלון ליחלאל זרעית יחלאל:,12,"τῷ, Ἀροδεί, δῆμος ὁ Ἀροδεί· τῷ Ἀριήλ, δῆμος ὁ Ἀριηλεί.",10,ܘܒܢ̈ܝ ܙܒܘܠܘܢ ܠܫܪ̈ܒܬܗܘܢ. ܣܕܪ ܫܪܒܬܐ ܕܣܕܪ. ܐܠܘܢ ܫܪܒܬܐ ܕܐܠܘܢ. ܢܚܠܐܝܠ ܫܪܒܬܐ ܕܢܚܠܐܝܠ.,12,"Os filhos de Zebulom, segundo as suas famílias: de Serede, a família dos sereditas; de Elom, a família dos elonitas; de Jaleel, a família dos jaleelitas.",26,True,True,True
26,27,Números 26:27,אֵ֛לֶּה מִשְׁפְּחֹ֥ת הַזְּבוּלֹנִ֖י לִפְקֻדֵיהֶ֑ם שִׁשִּׁ֥ים אֶ֖לֶף וַחֲמֵ֥שׁ מֵאֽוֹת ׃ ס,אלה משפחת הזבולני לפקדיהמ ששימ אלפ וחמש מאות ס,10,אלין זרעית זבולן למניניהון שתין אלפין וחמש מאה:,8,"οὗτοι δῆμοι υἱῶν Γὰδ ἐξ ἐπισκέψεως αὐτῶν, τέσσαρες καὶ τεσσεράκοντα χιλιάδες καὶ πεντακόσιοι.",13,ܗܠܝܢ ܫܪ̈ܒܬܐ ܕܙܒܘܠܘܢ ܠܡܢܝܢܗܘܢ. ܫܬܝܢ ܐ̈ܠܦܝܢ ܘܚܡܫܡܐܐ.,7,"Estas são as famílias dos zebulonitas, segundo os que foram deles contados, sessenta mil e quinhentos.",16,True,True,True
26,28,Números 26:28,בְּנֵ֥י יוֹסֵ֖ף לְמִשְׁפְּחֹתָ֑ם מְנַשֶּׁ֖ה וְאֶפְרָֽיִם ׃,בני יוספ למשפחתמ מנשה ואפרימ,6,בני יוסף לזרעיתהון מנשה ואפרים:,5,"Υἱοὶ Ἀσὴρ κατὰ δήμους αὐτῶν· τῷ Ἰαμείν, δῆμος ὁ Ἰαμεινεί· τῷ Ἰεσού, δῆμος ὁ Ἰεσουεί· τῷ Βαριά, δῆμος ὁ Βαριαεί.",20,ܘܒܢ̈ܝ ܝܘܣܦ ܠܫܪ̈ܒܬܗܘܢ ܡܢܫܐ ܘܐܦܪܝܡ.,5,"Os filhos de José, segundo as suas famílias: Manassés e Efraim.",11,True,True,True
26,29,Números 26:29,בְּנֵ֣י מְנַשֶּׁ֗ה לְמָכִיר֙ מִשְׁפַּ֣חַת הַמָּכִירִ֔י וּמָכִ֖יר הוֹלִ֣יד אֶת־ גִּלְעָ֑ד לְגִלְעָ֕ד מִשְׁפַּ֖חַת הַגִּלְעָדִֽי ׃,בני מנשה למכיר משפחת המכירי ומכיר הוליד את גלעד לגלעד משפחת הגלעדי,13,בני מנשה למכיר זרעית מכיר ומכיר אוליד ית גלעד לגלעד זרעית גלעד:,12,"τῷ Χόβερ, δῆμος ὁ Χοβερεί· τῷ Μελλιήλ, δῆμος ὁ Μελλιηλεί.",10,ܒܢ̈ܝ ܡܢܫܐ. ܡܟܝܪ ܫܪܒܬܐ ܕܡܟܝܪ. ܘܡܟܝܪ ܐܘܠܕ ܠܓܠܥܕ. ܓܠܥܕ ܫܪܒܬܐ ܕܓܠܥܕ.,11,"Os filhos de Manassés: de Maquir, a família dos maquiritas; e Maquir gerou a Gileade; de Gileade, a família dos gileaditas.",21,True,True,True
26,30,Números 26:30,אֵ֚לֶּה בְּנֵ֣י גִלְעָ֔ד אִיעֶ֕זֶר מִשְׁפַּ֖חַת הָאִֽיעֶזְרִ֑י לְחֵ֕לֶק מִשְׁפַּ֖חַת הַֽחֶלְקִֽי ׃,אלה בני גלעד איעזר משפחת האיעזרי לחלק משפחת החלקי,10,אלין בני גלעד איעזר זרעית איעזר לחלק זרעית חלק:,9,καὶ τὸ ὄνομα θυγατρὸς Ἀσὴρ Κάρα.,6,ܘܗܠܝܢ ܒܢ̈ܝ ܓܠܥܕ. ܝܥܙܝܪ ܫܪܒܬܐ ܕܝܥܙܝܪ. ܚܠܩ ܫܪܒܬܐ ܕܚܠܩ.,9,"Estes são os filhos de Gileade: de Iezer, a família dos iezritas; de Heleque, a família dos helequitas;",18,True,True,True
26,31,Números 26:31,וְאַ֨שְׂרִיאֵ֔ל מִשְׁפַּ֖חַת הָֽאַשְׂרִֽאֵלִ֑י וְשֶׁ֕כֶם מִשְׁפַּ֖חַת הַשִּׁכְמִֽי ׃,ואשריאל משפחת האשראלי ושכמ משפחת השכמי,7,ואשריאל זרעית אשריאלי ושכם זרעית שכם:,6,"οὗτοι δῆμοι Ἀσὴρ ἐξ ἐπισκέψεως αὐτῶν, τρεῖς καὶ τεσσεράκοντα χιλιάδες καὶ χ᾽.",12,ܐܫܕܐܝܠ ܫܪܒܬܐ ܕܐܫܕܐܝܠ. ܫܟܝܡ ܫܪܒܬܐ ܕܫܟܝܡ.,6,"de Asriel, a família dos asrielitas; de Siquém, a família dos siquemitas;",12,True,True,True
26,32,Números 26:32,וּשְׁמִידָ֕ע מִשְׁפַּ֖חַת הַשְּׁמִידָעִ֑י וְחֵ֕פֶר מִשְׁפַּ֖חַת הַֽחֶפְרִֽי ׃,ושמידע משפחת השמידעי וחפר משפחת החפרי,7,ושמידע זרעית שמידע וחפר זרעית חפר:,6,Υἱοὶ Ἰωσὴφ κατὰ δήμους αὐτῶν· Μανασσὴ καὶ Ἐφράιμ.,8,ܫܡܝܕܥ ܫܪܒܬܐ ܕܫܡܝܕܥ. ܚܦܪ ܫܪܒܬܐ ܕܚܦܪ.,6,"e de Semida, a família dos semidaítas; e de Hefer, a família dos heferitas.",14,True,True,True
26,33,Números 26:33,וּצְלָפְחָ֣ד בֶּן־ חֵ֗פֶר לֹא־ הָ֥יוּ ל֛וֹ בָּנִ֖ים כִּ֣י אִם־ בָּנ֑וֹת וְשֵׁם֙ בְּנ֣וֹת צְלָפְחָ֔ד מַחְלָ֣ה וְנֹעָ֔ה חָגְלָ֥ה מִלְכָּ֖ה וְתִרְצָֽה ׃,וצלפחד בנ חפר לא היו לו בנימ כי אמ בנות ושמ בנות צלפחד מחלה ונעה חגלה מלכה ותרצה,19,וצלפחד בר חפר לא הוו ליה בנין אלהן בנן ושום בנת צלפחד מחלה ונועה חגלה מלכה ותרצה:,17,"υἱοὶ Μανασσή· τῷ Μαχείρ, δῆμος ὁ Μαχειρί· καὶ Μαχεὶρ ἐγέννησεν τὸν Γαλαάδ· τῷ Γαλαάδ, δῆμος ὁ Γαλααδεί.",17,ܘܠܨܠܦܚܕ ܒܪ ܚܦܪ. ܠܐ ܗܘܘ ܠܗ ܒܢ̈ܝܐ. ܐܠܐ ܒܢ̈ܬܐ. ܘܫ̈ܡܗܐ ܕܒܢ̈ܬܗ ܕܨܠܦܚܕ. ܡܚܠܐ ܘܝܥܐ. ܘܚܓܠܐ ܘܡܠܟܐ ܘܬܪܨܐ.,17,"Ora, Zelofeade, filho de Hefer, não tinha filhos, senão filhas; e as filhas de Zelofeade chamavam-se Macla, Noa, Hogla, Milca e Tirza.",22,True,True,True
26,34,Números 26:34,אֵ֖לֶּה מִשְׁפְּחֹ֣ת מְנַשֶּׁ֑ה וּפְקֻ֣דֵיהֶ֔ם שְׁנַ֧יִם וַחֲמִשִּׁ֛ים אֶ֖לֶף וּשְׁבַ֥ע מֵאֽוֹת ׃ ס,אלה משפחת מנשה ופקדיהמ שנימ וחמשימ אלפ ושבע מאות ס,11,אלין זרעית מנשה ומניניהון חמשין ותרין אלפין ושבע מאה:,9,"καὶ οὗτοι υἱοὶ Γαλαάδ· Ἀχιέζερ, δῆμος ὁ Ἀχιεζειρεί· τῷ Χέλεγ, δῆμος ὁ Χελεγεί·",13,ܗܠܝܢ ܫܪ̈ܒܬܐ ܕܡܢܫܐ ܘܡܢܝܢܗܘܢ . ܚܡܫܝܢ ܘܬܪ̈ܝܢ ܐ̈ܠܦܝܢ ܘܫܒܥܡܐܐ.,9,"Estas são as famílias de Manassés; os que foram deles contados, eram cinqüenta e dois mil e setecentos.",18,True,True,True
26,35,Números 26:35,אֵ֣לֶּה בְנֵי־ אֶפְרַיִם֮ לְמִשְׁפְּחֹתָם֒ לְשׁוּתֶ֗לַח מִשְׁפַּ֨חַת֙ הַשֻּׁ֣תַלְחִ֔י לְבֶ֕כֶר מִשְׁפַּ֖חַת הַבַּכְרִ֑י לְתַ֕חַן מִשְׁפַּ֖חַת הַֽתַּחֲנִֽי ׃,אלה בני אפרימ למשפחתמ לשותלח משפחת השתלחי לבכר משפחת הבכרי לתחנ משפחת התחני,14,אלין בני אפרים לזרעיתהון לשותלח זרעית שותלח לבכר זרעית בכר לתחן זרעית תחן:,13,"τῷ Ἐσριήλ, δῆμος ὁ Ἐσριηλεί· τῷ Σύχεμ, δῆμος ὁ Συχεμεεί.",10,ܘܒܢ̈ܝ ܐܦܪܝܡ ܠܫܪ̈ܒܬܗܘܢ. ܫܘܬܠܚ ܫܪܒܬܐ ܕܫܘܬܠܚ. ܒܟܪ ܫܪܒܬܐ ܕܒܟܪ. ܬܚܢ ܫܪܒܬܐ ܕܬܚܢ.,12,"Estes são os filhos de Efraim, segundo as suas famílias: de Sutela, a família dos sutelaítas; de Bequer, a família dos bequeritas; de Taã, a família dos taanitas.",28,True,True,True
26,36,Números 26:36,וְאֵ֖לֶּה בְּנֵ֣י שׁוּתָ֑לַח לְעֵרָ֕ן מִשְׁפַּ֖חַת הָעֵרָנִֽי ׃,ואלה בני שותלח לערנ משפחת הערני,7,ואלין בני שותלח לערן זרעית ערן:,6,"τῷ Συμαέρ, δῆμος ὁ Συμαερεί· καὶ Ὅφερ, δῆμος ὁ Ὁφερεί.",10,ܘܗܠܝܢ ܒܢ̈ܝ ܫܘܬܠܚ . ܥܕܢ ܫܪܒܬܐ ܕܥܕܢ.,7,"E estes são os filhos de Sutela: de Erã, a família dos eranitas.",13,True,True,True
26,37,Números 26:37,אֵ֣לֶּה מִשְׁפְּחֹ֤ת בְּנֵי־ אֶפְרַ֨יִם֙ לִפְקֻ֣דֵיהֶ֔ם שְׁנַ֧יִם וּשְׁלֹשִׁ֛ים אֶ֖לֶף וַחֲמֵ֣שׁ מֵא֑וֹת אֵ֥לֶּה בְנֵי־ יוֹסֵ֖ף לְמִשְׁפְּחֹתָֽם ׃ ס,אלה משפחת בני אפרימ לפקדיהמ שנימ ושלשימ אלפ וחמש מאות אלה בני יוספ למשפחתמ ס,16,אלין זרעית בני אפרים למניניהון תלתין ותרין אלפין וחמש מאה אלין בני יוסף לזרעיתהון:,14,"καὶ τῷ Σαλπαὰδ υἱῷ Ὅφερ οὐκ ἐγένοντο αὐτῷ υἱοί, ἀλλ᾽ ἢ θυγατέρες· καὶ ταῦτα τὰ ὀνόματα τῶν θυγατέρων Σαλπαάδ· Μαλὰ καὶ Νουὰ καὶ Ἑγλὰ καὶ Μελχὰ καὶ Θερσά.",28,ܗܠܝܢ ܫܪ̈ܒܬܐ ܕܒ̈ܢܝ ܐܦܪܝܡ ܠܡܢܝܢܗܘܢ. ܬܠܬܝܢ ܘܬܪ̈ܝܢ ܐ̈ܠܦܝܢ ܘܚܡܫܡܐܐ. ܗܠܝܢ ܒܢ̈ܝ ܝܘܣܦ ܠܫܪ̈ܒܬܗܘܢ.,13,"Estas são as famílias dos filhos de Efraim, segundo os que foram deles contados, trinta e dois mil e quinhentos. Estes são os filhos de José, segundo as suas famílias.",30,True,True,True
26,38,Números 26:38,בְּנֵ֣י בִנְיָמִן֮ לְמִשְׁפְּחֹתָם֒ לְבֶ֗לַע מִשְׁפַּ֨חַת֙ הַבַּלְעִ֔י לְאַשְׁבֵּ֕ל מִשְׁפַּ֖חַת הָֽאַשְׁבֵּלִ֑י לַאֲחִירָ֕ם מִשְׁפַּ֖חַת הָאֲחִירָמִֽי ׃,בני בנימנ למשפחתמ לבלע משפחת הבלעי לאשבל משפחת האשבלי לאחירמ משפחת האחירמי,13,בני בנימן לזרעיתהון לבלע זרעית בלע לאשבל זרעית אשבל לאחירם זרעית אחירם:,12,"οὗτοι δῆμοι Μανασσὴ ἐξ ἐπισκέψεως αὐτῶν, δύο καὶ πεντήκοντα χιλιάδες καὶ ἑπτακόσιοι.",12,ܘܒܢ̈ܝ ܒܢܝܡܝܢ ܠܫܪ̈ܒܬܗܘܢ. ܒܠܥ ܫܪܒܬܐ ܕܒܠܥ. ܐܫܒܠ ܫܪܒܬܐ ܕܐܫܒܠ. ܐܚܝܪܡ ܫܪܒܬܐ ܕܐܚܝܪܡ.,12,"Os filhos de Benjamim, segundo as suas famílias: de Belá, a família dos belaítas; de Asbel, a família dos asbelitas; de Airão, a família dos airamitas;",26,True,True,True
26,39,Números 26:39,לִשְׁפוּפָ֕ם מִשְׁפַּ֖חַת הַשּׁוּפָמִ֑י לְחוּפָ֕ם מִשְׁפַּ֖חַת הַחוּפָמִֽי ׃,לשפופמ משפחת השופמי לחופמ משפחת החופמי,7,לשפופם זרעית שפופם לחופם זרעית חופם:,6,"καὶ οὗτοι υἱοὶ Ἐφράιμ· τῷ Σουτάλα, δῆμος ὁ Σουταλαεί· τῷ Τάναχ, δῆμος ὁ Ταναχεί.",14,ܫܘܦܡ ܫܪܒܬܐ ܕܫܘܦܡ. ܚܘܦܝܡ ܫܪܒܬܐ ܕܚܘܦܝܡ.,6,"de Sefufã, a família dos sufamitas; de Hufão, a família dos hufamitas.",12,True,True,True
26,40,Números 26:40,וַיִּהְי֥וּ בְנֵי־ בֶ֖לַע אַ֣רְדְּ וְנַעֲמָ֑ן מִשְׁפַּ֨חַת֙ הָֽאַרְדִּ֔י לְנַֽעֲמָ֔ן מִשְׁפַּ֖חַת הַֽנַּעֲמִֽי ׃,ויהיו בני בלע ארד ונעמנ משפחת הארדי לנעמנ משפחת הנעמי,11,והוו בני בלע ארד ונעמן זרעית הארדי לנעמן זרעית נעמי:,10,"οὗτοι υἱοὶ Σουτάλα· τῷ Ἐδέν, δῆμος ὁ Ἐδενεί.",8,ܘܗܘܘ ܒܢ̈ܘܗܝ ܕܒܠܥ. ܐܪܘܕ ܘܢܥܡܢ. ܐܪܘܕ ܫܪܒܬܐ ܕܐܪܘܕ . ܢܥܡܢ ܫܪܒܬܐ ܕܢܥܡܢ.,12,"E os filhos de Belá eram Arde e Naamã: de Arde a família dos arditas; de Naamã, a família dos naamitas.",21,True,True,True
26,41,Números 26:41,אֵ֥לֶּה בְנֵי־ בִנְיָמִ֖ן לְמִשְׁפְּחֹתָ֑ם וּפְקֻ֣דֵיהֶ֔ם חֲמִשָּׁ֧ה וְאַרְבָּעִ֛ים אֶ֖לֶף וְשֵׁ֥שׁ מֵאֽוֹת ׃ ס,אלה בני בנימנ למשפחתמ ופקדיהמ חמשה וארבעימ אלפ ושש מאות ס,12,אלין בני בנימן לזרעיתהון ומניניהון ארבעין וחמשא אלפין ושית מאה:,10,"οὗτοι δῆμοι Ἐφράιμ ἐξ ἐπισκέψεως αὐτῶν, δύο καὶ τριάκοντα χιλιάδες καὶ πεντακόσιοι· οὗτοι δῆμοι υἱῶν Ἰωσὴφ κατὰ δήμους αὐτῶν.",19,ܗܠܝܢ ܒܢ̈ܝ ܒܢܝܡܝܢ ܒܡܢܝܢܗܘܢ. ܐܪ̈ܒܥܝܢ ܘܚܡܫܐ ܐ̈ܠܦܝܢ ܘܫܬܡܐܐ.,8,"Estes são os filhos de Benjamim, segundo as suas famílias; os que foram deles contados, eram quarenta e cinco mil e seiscentos.",22,True,True,True
26,42,Números 26:42,אֵ֤לֶּה בְנֵי־ דָן֙ לְמִשְׁפְּחֹתָ֔ם לְשׁוּחָ֕ם מִשְׁפַּ֖חַת הַשּׁוּחָמִ֑י אֵ֛לֶּה מִשְׁפְּחֹ֥ת דָּ֖ן לְמִשְׁפְּחֹתָֽם ׃,אלה בני דנ למשפחתמ לשוחמ משפחת השוחמי אלה משפחת דנ למשפחתמ,12,אלין בני דן לזרעיתהון לשוחם זרעית שוחם אלין זרעית דן לזרעיתהון:,11,"Υἱοὶ Βενιαμεὶν κατὰ δήμους αὐτῶν· τῷ Βάλε, δῆμος ὁ Βαλεεί· τῷ Ἀσυβήρ, δῆμος ὁ Ἀσυβηρεί· τῷ Ἰαχειράν, δῆμος ὁ Ἰαχειρανεί·",20,ܘܒ̈ܢܝ ܕܢ ܠܫܪ̈ܒܬܗܘܢ. ܫܘܚܡ ܫܪܒܬܐ ܕܫܘܚܡ. ܗܠܝܢ ܫܪ̈ܒܬܐ ܕܕܢ ܠܫܪ̈ܒܬܗܘܢ.,10,"Estes são os filhos de Dã, segundo as suas famílias: de Suão a família dos suamitas. Estas são as famílias de Dã, segundo as suas famílias.",26,True,True,True
26,43,Números 26:43,כָּל־ מִשְׁפְּחֹ֥ת הַשּׁוּחָמִ֖י לִפְקֻדֵיהֶ֑ם אַרְבָּעָ֧ה וְשִׁשִּׁ֛ים אֶ֖לֶף וְאַרְבַּ֥ע מֵאֽוֹת ׃ ס,כל משפחת השוחמי לפקדיהמ ארבעה וששימ אלפ וארבע מאות ס,11,כל זרעית שוחם למניניהון שתין וארבע אלפין וארבע מאה:,9,"τῷ Σωφάν, δῆμος ὁ Σωφανεί.",5,ܟܠܗ̇ ܫܪܒܬܐ ܕܫܘܚܡ. ܠܡܢܝܢܗܘܢ ܫܬܝܢ ܘܐܪ̈ܒܥܐ ܐ̈ܠܦܝܢ ܘܐܪ̈ܒܥܡܐܐ.,8,"Todas as famílias dos suamitas, segundo os que foram deles contados, eram sessenta e quatro mil e quatrocentos.",18,True,True,True
26,44,Números 26:44,בְּנֵ֣י אָשֵׁר֮ לְמִשְׁפְּחֹתָם֒ לְיִמְנָ֗ה מִשְׁפַּ֨חַת֙ הַיִּמְנָ֔ה לְיִשְׁוִ֕י מִשְׁפַּ֖חַת הַיִּשְׁוִ֑י לִבְרִיעָ֕ה מִשְׁפַּ֖חַת הַבְּרִיעִֽי ׃,בני אשר למשפחתמ לימנה משפחת הימנה לישוי משפחת הישוי לבריעה משפחת הבריעי,13,בני אשר לזרעיתהון לימנה זרעית ימנה לישוי זרעית ישוי לבריעה זרעית בריעה:,12,καὶ ἐγένοντο οἱ υἱοὶ Βάλε Ἀδὰρ καὶ Νοεμανεί.,8,ܘܒ̈ܢܝ ܐܫܝܪ ܠܫܪ̈ܒܬܗܘܢ. ܝܡܢܐ ܫܪܒܬܐ ܕܝܡܢܐ. ܝܫܘܐ ܫܪܒܬܐ ܕܝܫܘܐ. ܝܫܘܝ ܫܪܒܬܐ ܕܝܫܘܝ. ܒܪܝܥܐ ܫܪܒܬܐ ܕܒܪܝܥܐ.,15,"Os filhos de Aser, segundo as suas famílias: de Imná, a família dos imnitas; de Isvi, a família dos isvitas; de Berias, a família dos beritas.",26,True,True,True
26,45,Números 26:45,לִבְנֵ֣י בְרִיעָ֔ה לְחֶ֕בֶר מִשְׁפַּ֖חַת הַֽחֶבְרִ֑י לְמַ֨לְכִּיאֵ֔ל מִשְׁפַּ֖חַת הַמַּלְכִּיאֵלִֽי ׃,לבני בריעה לחבר משפחת החברי למלכיאל משפחת המלכיאלי,9,לבני בריעה לחבר זרעית חבר למלכיאל זרעית מלכיאל:,8,"οὗτοι υἱοὶ Βενιαμεὶν κατὰ δήμους αὐτῶν ἐξ ἐπισκέψεως αὐτῶν, πέντε καὶ τριάκοντα χιλιάδες καὶ πεντακόσιοι.",15,ܘܒܢ̈ܝ ܒܪܝܥܐ. ܚܒܪ ܫܪܒܬܐ ܕܚܒܪ. ܡܠܟܝܠ ܫܪܒܬܐ ܕܡܠܟܝܠ.,8,"Dos filhos de Berias: de Heber, a família dos heberitas; de Malquiel, a família dos malquielitas.",16,True,True,True
26,46,Números 26:46,וְשֵׁ֥ם בַּת־ אָשֵׁ֖ר שָֽׂרַח ׃,ושמ בת אשר שרח,5,ושום בת אשר סרח:,4,"Καὶ υἱοὶ Δὰν κατὰ δήμους αὐτῶν· τῷ Σαμεί, δῆμος ὁ Σαμεί· οὗτοι δῆμοι Δὰν κατὰ δήμους αὐτῶν.",17,ܘܫܡ ܒܪܬ ܐܫܝܪ. ܣܪܚ.,4,E a filha de Aser chamava-se Sera.,7,True,True,True
26,47,Números 26:47,אֵ֛לֶּה מִשְׁפְּחֹ֥ת בְּנֵי־ אָשֵׁ֖ר לִפְקֻדֵיהֶ֑ם שְׁלֹשָׁ֧ה וַחֲמִשִּׁ֛ים אֶ֖לֶף וְאַרְבַּ֥ע מֵאֽוֹת ׃ ס,אלה משפחת בני אשר לפקדיהמ שלשה וחמשימ אלפ וארבע מאות ס,12,אלין זרעית בני אשר למניניהון חמשין ותלתא אלפין וארבע מאה:,10,πάντες οἱ δῆμοι Σαμεὶ κατ᾽ ἐπισκοπὴν αὐτῶν τέσσαρες καὶ ἑξήκοντα χιλιάδες καὶ χ᾽.,13,ܗܠܝܢ ܫܪ̈ܒܬܐ ܕܒܢ̈ܝ ܐܫܝܪ ܠܡܢܝܢܗܘܢ . ܚܡܫܝܢ ܘܬܠܬܐ ܐ̈ܠܦܝܢ ܘܐܪܒܥܡܐܐ.,10,"Estas são as famílias dos filhos de Aser, segundo os que foram deles contados, cinqüenta e três mil e quatrocentos.",20,True,True,True
26,48,Números 26:48,בְּנֵ֤י נַפְתָּלִי֙ לְמִשְׁפְּחֹתָ֔ם לְיַ֨חְצְאֵ֔ל מִשְׁפַּ֖חַת הַיַּחְצְאֵלִ֑י לְגוּנִ֕י מִשְׁפַּ֖חַת הַגּוּנִֽי ׃,בני נפתלי למשפחתמ ליחצאל משפחת היחצאלי לגוני משפחת הגוני,10,בני נפתלי לזרעיתהון ליחצאל זרעית יחצאל לגוני זרעית גוני:,9,"Υἱοὶ Νεφθαλεὶ κατὰ δήμους αὐτῶν· τῷ Σαήλ, δῆμος ὁ Σαηλεί· τῷ Γαυνεί, δῆμος ὁ Γαυνεί·",15,ܘܒܢ̈ܝ ܢܦܬܠܝ ܠܫܪ̈ܒܬܗܘܢ. ܢܚܨܐܝܠ ܫܪܒܬܐ ܕܢܚܨܐܝܠ. ܓܘܢܝ ܫܪܒܬܐ ܕܓܘܢܝ.,9,"Os filhos de Naftali, segundo as suas famílias: de Jazeel, a família dos jazeelitas; de Guni, a família dos gunitas;",20,True,True,True
26,49,Números 26:49,לְיֵ֕צֶר מִשְׁפַּ֖חַת הַיִּצְרִ֑י לְשִׁלֵּ֕ם מִשְׁפַּ֖חַת הַשִּׁלֵּמִֽי ׃,ליצר משפחת היצרי לשלמ משפחת השלמי,7,ליצר זרעית יצר לשלם זרעית שלם:,6,"τῷ Ἰέσερ, δῆμος ὁ Ἰεσερεί· τῷ Σελλή, δῆμος ὁ Σελλημεί.",10,ܝܨܪ ܫܪܒܬܐ ܕܝܨܪ. ܫܠܝܡ ܫܪܒܬܐ ܕܫܠܝܡ.,6,"de Jezer, a família dos jezeritas; de Silém, a família dos silemitas.",12,True,True,True
26,50,Números 26:50,אֵ֛לֶּה מִשְׁפְּחֹ֥ת נַפְתָּלִ֖י לְמִשְׁפְּחֹתָ֑ם וּפְקֻ֣דֵיהֶ֔ם חֲמִשָּׁ֧ה וְאַרְבָּעִ֛ים אֶ֖לֶף וְאַרְבַּ֥ע מֵאֽוֹת ׃,אלה משפחת נפתלי למשפחתמ ופקדיהמ חמשה וארבעימ אלפ וארבע מאות,11,אלין זרעית נפתלי לזרעיתהון ומניניהון ארבעין וחמשא אלפין וארבע מאה:,10,"οὗτοι δῆμοι Νεφθαλεὶ ἐξ ἐπισκέψεως αὐτῶν, τριάκοντα χιλιάδες καὶ τριακόσιοι.",10,ܗܠܝܢ ܫܪ̈ܒܬܐ ܕܒܢ̈ܝ ܢܦܬܠܝ ܠܫܪ̈ܒܬܗܘܢ. ܘܡܢܝܢܗܘܢ ܐܪ̈ܒܥܝܢ ܘܚܡܫܐ ܐ̈ܠܦܝܢ ܘܐܪܒܥܡܐܐ.,10,"Estas são as famílias de Naftali, segundo as suas famílias; os que foram deles contados, eram quarenta e cinco mil e quatrocentos.",22,True,True,True
26,51,Números 26:51,אֵ֗לֶּה פְּקוּדֵי֙ בְּנֵ֣י יִשְׂרָאֵ֔ל שֵׁשׁ־ מֵא֥וֹת אֶ֖לֶף וָאָ֑לֶף שְׁבַ֥ע מֵא֖וֹת וּשְׁלֹשִֽׁים ׃ פ,אלה פקודי בני ישראל שש מאות אלפ ואלפ שבע מאות ושלשימ פ,13,אלין מניני בני ישראל שית מאה וחד אלפין שבע מאה ותלתין:,11,"Αὕτη ἡ ἐπίσκεψις υἱῶν Ἰσραήλ, ἑξακόσιαι χιλιάδες καὶ χίλιοι καὶ ἑπτακόσιοι τριάκοντα.",12,ܟܠܗܘܢ ܡܢܝ̈ܢܐ ܕܒܢ̈ܝ ܐܝܣܪܝܠ. ܫܬܡܐܐ ܐ̈ܠܦܝܢ ܘܐܠܦ ܘܫܒܥܡܐܐ ܘܬܠܬܝܢ.,9,"Estes são os que foram contados dos filhos de Israel, seiscentos e um mil setecentos e trinta.",17,True,True,True
26,52,Números 26:52,וַיְדַבֵּ֥ר יְהוָ֖ה אֶל־ מֹשֶׁ֥ה לֵּאמֹֽר ׃,וידבר יהוה אל משה לאמר,6,ומליל יי עם משה למימר:,5,Καὶ ἐλάλησεν Κύριος πρὸς Μωυσῆν λέγων,6,ܘܡܠܠ ܡܪܝܐ ܥܡ ܡܘܫܐ ܘܐܡܪ ܠܗ.,6,Disse mais o senhor a Moisés:,6,True,True,True
26,53,Números 26:53,לָאֵ֗לֶּה תֵּחָלֵ֥ק הָאָ֛רֶץ בְּנַחֲלָ֖ה בְּמִסְפַּ֥ר שֵׁמֽוֹת ׃,לאלה תחלק הארצ בנחלה במספר שמות,7,לאלין תתפלג ארעא באחסנא במנין שמהן:,6,"Τούτοις μερισθήσεται ἡ γῆ, κληρονομεῖν ἐξ ἀριθμοῦ ὀνομάτων·",8,ܠܗܠܝܢ ܬܬܦܠܓ ܐܪܥܐ ܒܝܘܪܬܢܐ ܠܡܢܝܢܐ ܕܫ̈ܡܗܐ.,6,A estes se repartirá a terra em herança segundo o número dos nomes.,13,True,True,True
26,54,Números 26:54,לָרַ֗ב תַּרְבֶּה֙ נַחֲלָת֔וֹ וְלַמְעַ֕ט תַּמְעִ֖יט נַחֲלָת֑וֹ אִ֚ישׁ לְפִ֣י פְקֻדָ֔יו יֻתַּ֖ן נַחֲלָתֽוֹ ׃,לרב תרבה נחלתו ולמעט תמעיט נחלתו איש לפי פקדיו יתנ נחלתו,12,לסגיאי תסגון אחסנתהון ולזעירי תזערון אחסנתהון גבר לפום מנינוהי תתיהב אחסנתיה:,11,"τοῖς πλείοσιν πλεονάσεις τὴν κληρονομίαν, καὶ τοῖς ἐλάττοσιν ἐλαττώσεις τὴν κληρονομίαν αὐτῶν· ἑκάστῳ καθὼς ἐπεσκέπησαν δοθήσεται ἡ κληρονομία αὐτῶν.",19,ܠܣ̈ܓܝܐܐ ܬܣܓܐ ܝܪܬܘܬܗܘܢ. ܘܠܙܥܘܪ̈ܐ ܬܙܥܪ ܝܪܬܘܬܗܘܢ. ܐܢܫ ܠܦܘܬ ܡܢܝܢܗ ܢܩܒܠ ܝܪܬܘܬܗ.,11,"À tribo de muitos darás herança maior, e à de poucos darás herança menor; a cada qual se dará a sua herança segundo os que foram deles contados.",28,True,True,True
26,55,Números 26:55,אַךְ־ בְּגוֹרָ֕ל יֵחָלֵ֖ק אֶת־ הָאָ֑רֶץ לִשְׁמ֥וֹת מַטּוֹת־ אֲבֹתָ֖ם יִנְחָֽלוּ ׃,אכ בגורל יחלק את הארצ לשמות מטות אבתמ ינחלו,10,ברם בעדבא תתפלג ית ארעא לשמהן שבטי אבהתהון יחסנון:,9,"διὰ κλήρων μερισθήσεται ἡ γῆ τοῖς ὀνόμασιν, κατὰ φυλὰς πατριῶν αὐτῶν κληρονομήσουσιν·",12,ܒܪܡ ܕܝܢ ܒ̈ܦܨܐ ܬܬܦܠܓ ܐܪܥܐ ܠܫܡ̈ܗܐ ܕܫ̈ܒܛܐ ܕܐ̈ܒܗܝܗܘܢ ܢܐܪܬܘܢ.,9,Todavia a terra se repartirá por sortes; segundo os nomes das tribos de seus pais a herdarão.,17,True,True,True
26,56,Números 26:56,עַל־ פִּי֙ הַגּוֹרָ֔ל תֵּחָלֵ֖ק נַחֲלָת֑וֹ בֵּ֥ין רַ֖ב לִמְעָֽט ׃ ס,על פי הגורל תחלק נחלתו בינ רב למעט ס,10,על פום עדבא תתפלג אחסנתהון בין סגיאי לזעירי:,8,ἐκ τοῦ κλήρου μεριεῖς τὴν κληρονομίαν αὐτῶν ἀνὰ μέσον πολλῶν καὶ ὀλίγων.,12,ܡܢ ܦܘܡ ܦܨ̈ܐ ܬܬܦܠܓ ܝܪܬܘܬܐ ܒܝܬ ܣ̈ܓܝܐܐ ܠܙܥܘܪ̈ܐ.,8,"Segundo sair a sorte, se repartirá a herança deles entre as tribos de muitos e as de poucos.",18,True,True,True
26,57,Números 26:57,וְאֵ֨לֶּה פְקוּדֵ֣י הַלֵּוִי֮ לְמִשְׁפְּחֹתָם֒ לְגֵרְשׁ֗וֹן מִשְׁפַּ֨חַת֙ הַגֵּ֣רְשֻׁנִּ֔י לִקְהָ֕ת מִשְׁפַּ֖חַת הַקְּהָתִ֑י לִמְרָרִ֕י מִשְׁפַּ֖חַת הַמְּרָרִֽי ׃,ואלה פקודי הלוי למשפחתמ לגרשונ משפחת הגרשני לקהת משפחת הקהתי למררי משפחת המררי,14,ואלין מניני לואי לזרעיתהון לגרשון זרעית גרשון לקהת זרעית קהת למררי זרעית מררי:,13,"Καὶ υἱοὶ Λευεὶ κατὰ δήμους αὐτῶν· τῷ Γεδσών, δῆμος ὁ Γεδσωνεί· τῷ Καάθ, δῆμος ὁ Κααθεί· τῷ Μεραρεί, δῆμος ὁ Μεραρεί.",21,ܘܗܠܝܢ ܡܢܝ̈ܢܐ ܕܠܘ̈ܝܐ ܠܫܪ̈ܒܬܗܘܢ ܓܪܫܘܢ ܫܪܒܬܐ ܕܓܪܫܘܢ. ܩܗܬ ܫܪܒܬܐ ܕܩܗܬ. ܡܪܪܝ ܫܪܒܬܐ ܕܡܪܪܝ.,13,"Também estes são os que foram contados dos levitas, segundo as suas famílias: de Gérson, a família dos gersonitas; de Coate, a família dos coatitas; de Merári, a família os meraritas.",31,True,True,True
26,58,Números 26:58,אֵ֣לֶּה ׀ מִשְׁפְּחֹ֣ת לֵוִ֗י מִשְׁפַּ֨חַת הַלִּבְנִ֜י מִשְׁפַּ֤חַת הַֽחֶבְרֹנִי֙ מִשְׁפַּ֤חַת הַמַּחְלִי֙ מִשְׁפַּ֣חַת הַמּוּשִׁ֔י מִשְׁפַּ֖חַת הַקָּרְחִ֑י וּקְהָ֖ת הוֹלִ֥ד אֶת־ עַמְרָֽם ׃,אלה משפחת לוי משפחת הלבני משפחת החברני משפחת המחלי משפחת המושי משפחת הקרחי וקהת הולד את עמרמ,19,אלין זרעית לוי זרעית לבני זרעית חברון זרעית מחלי זרעית מושי זרעית קרח וקהת אוליד ית עמרם:,17,"οὗτοι δῆμοι υἱῶν Λευεί· δῆμος ὁ Λοβενεί, δῆμος ὁ Χεβρωνεί, δῆμος ὁ Κόρε καὶ δῆμος ὁ Μουσεί. καὶ Καὰθ ἐγέννησεν τὸν Ἀμράμ·",22,ܗܠܝܢ ܫܪ̈ܒܬܐ ܕܠܘ̈ܝܐ. ܫܪܒܬܐ ܕܠܒܢܝ. ܫܪܒܬܐ ܕܚܒܪܘܢܝ. ܫܪܒܬܐ ܕܡܚܠܝ. ܫܪܒܬܐ ܕܡܘܫܝ. ܫܪܒܬܐ ܕܩܘܪܚ. ܘܩܗܬ ܐܘܠܕ ܠܥܡܪܡ.,16,"Estas são as famílias de Levi: a família dos libnitas, a família dos hebronitas, a família dos malitas, a família dos musitas, a família dos coraítas. Ora, Coate gerou a Anrão.",31,True,True,True
26,59,Números 26:59,וְשֵׁ֣ם ׀ אֵ֣שֶׁת עַמְרָ֗ם יוֹכֶ֨בֶד֙ בַּת־ לֵוִ֔י אֲשֶׁ֨ר יָלְדָ֥ה אֹתָ֛הּ לְלֵוִ֖י בְּמִצְרָ֑יִם וַתֵּ֣לֶד לְעַמְרָ֗ם אֶֽת־ אַהֲרֹן֙ וְאֶת־ מֹשֶׁ֔ה וְאֵ֖ת מִרְיָ֥ם אֲחֹתָֽם ׃,ושמ אשת עמרמ יוכבד בת לוי אשר ילדה אתה ללוי במצרימ ותלד לעמרמ את אהרנ ואת משה ואת מרימ אחתמ,22,ושום אתת עמרם יוכבד בת לוי דילדת יתה ללוי במצרים וילדת לעמרם ית אהרן וית משה וית מרים אחתהון:,19,"καὶ τὸ ὄνομα τῆς γυναικὸς αὐτοῦ Ἰωχάβεδ, θυγάτηρ Λευεί, ἣ ἔτεκεν τούτους τῷ Λευεὶ ἐν Αἰγύπτῳ· καὶ ἔτεκεν τῷ Ἀμρὰμ τὸν Ἀαρὼν καὶ Μωυσῆν καὶ Μαριὰμ τὴν ἀδελφὴν αὐτῶν.",29,ܘܫܡ ܐܢܬܬܗ ܕܥܡܪܡ. ܝܘܟܒܪ ܒܪܬ ܠܘܝ ܕܐܬܝܠܕܬ ܠܠܘܝ ܒܡܨܪܝܢ. ܘܝܠܕܬ ܠܥܡܪܡ. ܠܐܗܪܘܢ ܘܠܡܘܫܐ ܘܠܡܪܝܡ ܚܬܗܘܢ.,15,"E a mulher de Anrão chamava-se Joquebede, filha de Levi, a qual nasceu a Levi no Egito; e de Anrão ela teve Arão e Moisés, e Miriã, irmã deles.",29,True,True,True
26,60,Números 26:60,וַיִּוָּלֵ֣ד לְאַהֲרֹ֔ן אֶת־ נָדָ֖ב וְאֶת־ אֲבִיה֑וּא אֶת־ אֶלְעָזָ֖ר וְאֶת־ אִיתָמָֽר ׃,ויולד לאהרנ את נדב ואת אביהוא את אלעזר ואת איתמר,11,ואתיליד לאהרן ית נדב וית אביהוא ית אלעזר וית איתמר:,10,καὶ ἐγενήθησαν τῷ Ἀαρὼν ὅ τε Ναδὰβ καὶ Ἀβιοὺδ καὶ Ἐλεαζὰρ καὶ Ἰθαμάρ.,13,ܘܐܬܝܠܕܘ ܠܐܗܪܘܢ ܢܕܒ ܘܐܒܝܗܘ. ܘܐܠܝܥܙܪ ܘܐܝܬܡܪ.,6,"E a Arão nasceram Nadabe e Abiú, Eleazar e Itamar.",10,True,True,True
26,61,Números 26:61,וַיָּ֥מָת נָדָ֖ב וַאֲבִיה֑וּא בְּהַקְרִיבָ֥ם אֵשׁ־ זָרָ֖ה לִפְנֵ֥י יְהוָֽה ׃,וימת נדב ואביהוא בהקריבמ אש זרה לפני יהוה,9,ומית נדב ואביהוא בקרובהון אשתא נוכרתא קדם יי:,8,καὶ ἀπέθανεν Ναδὰβ καὶ Ἀβιοὺδ ἐν τῷ προσφέρειν αὐτοὺς πῦρ ἀλλότριον ἔναντι Κυρίου ἐν τῇ ἐρήμῳ Σεινά.,17,ܘܡܝܬܘ ܢܕܒ ܘܐܒܝܗܘ. ܟܕ ܩܪܒܘ ܢܘܪܐ ܢܘܟܪܝܬܐ ܩܕܡ ܡܪܝܐ.,9,Mas Nadabe e Abiú morreram quando ofereceram fogo estranho perante o Senhor.,12,True,True,True
26,62,Números 26:62,וַיִּהְי֣וּ פְקֻדֵיהֶ֗ם שְׁלֹשָׁ֤ה וְעֶשְׂרִים֙ אֶ֔לֶף כָּל־ זָכָ֖ר מִבֶּן־ חֹ֣דֶשׁ וָמָ֑עְלָה כִּ֣י ׀ לֹ֣א הָתְפָּקְד֗וּ בְּתוֹךְ֙ בְּנֵ֣י יִשְׂרָאֵ֔ל כִּ֠י לֹא־ נִתַּ֤ן לָהֶם֙ נַחֲלָ֔ה בְּת֖וֹךְ בְּנֵ֥י יִשְׂרָאֵֽל ׃,ויהיו פקדיהמ שלשה ועשרימ אלפ כל זכר מבנ חדש ומעלה כי לא התפקדו בתוכ בני ישראל כי לא נתנ להמ נחלה בתוכ בני ישראל,26,והוו מניניהון עשרין ותלתא אלפין כל דכורא מבר ירחא ולעלא ארי לא אתמניאו בגו בני ישראל ארי לא אתיהיבת להון אחסנא בגו בני ישראל:,24,"καὶ ἐγενήθησαν ἐξ ἐπισκέψεως αὐτῶν τρεῖς καὶ εἴκοσι χιλιάδες, πᾶν ἀρσενικὸν ἀπὸ μηνιαίου καὶ ἐπάνω· οὐ γὰρ συνεπεσκέπησαν ἐν μέσῳ υἱῶν Ἰσραήλ, ὅτι οὐ δίδοται αὐτοῖς κλῆρος ἐν μέσῳ υἱῶν Ἰσραήλ.",31,ܘܗܘܐ ܡܢܝܢܗܘܢ ܥܣܪ̈ܝܢ ܘܬܠܬܐ ܐ̈ܠܦܝܢ. ܟܘܠ ܕܟܪܐ ܡܢ ܒܪ ܝܪܚܐ ܘܠܥܠ. ܡܛܠ ܕܠܐ ܐܬܡܢܝܘ ܒܓܘ ܒ̈ܢܝ ܐܝܣܪܝܠ. ܡܛܠ ܕܠܐ ܐܬܝܗܒܬ ܠܗܘܢ ܝܪܬܘܬܐ ܒܝܢܬ ܒܢ̈ܝ ܐܝܣܪܝܠ.,25,"E os que foram deles contados eram vinte e três mil, todos os homens da idade de um mês para cima; porque não foram contados entre os filhos de Israel, porquanto não lhes foi dada herança entre os filhos de Israel.",41,True,True,True
26,63,Números 26:63,אֵ֚לֶּה פְּקוּדֵ֣י מֹשֶׁ֔ה וְאֶלְעָזָ֖ר הַכֹּהֵ֑ן אֲשֶׁ֨ר פָּֽקְד֜וּ אֶת־ בְּנֵ֤י יִשְׂרָאֵל֙ בְּעַֽרְבֹ֣ת מוֹאָ֔ב עַ֖ל יַרְדֵּ֥ן יְרֵחֽוֹ ׃,אלה פקודי משה ואלעזר הכהנ אשר פקדו את בני ישראל בערבת מואב על ירדנ ירחו,16,אלין מניני משה ואלעזר כהנא די מנו ית בני ישראל במישריא דמואב על ירדנא דירחו:,15,"Καὶ αὕτη ἡ ἐπίσκεψις Μωυσῆ καὶ Ἐλεαζὰρ τοῦ ἱερέως, οἳ ἐπεσκέψαντο τοὺς υἱοὺς Ἰσραὴλ ἐν ἀραβὼθ Μωὰβ ἐπὶ τοῦ Ἰορδάνου κατὰ Ἰερειχώ·",22,ܗܠܝܢ ܡ̈ܢܝܢܐ ܕܡܘܫܐ ܘܕܐܠܝܥܙܪ ܟܗܢܐ ܕܡܢܘ ܠܒܢ̈ܝ ܐܝܣܪܝܠ. ܒܥܪܒܘܬ ܡܘܐܒ ܕܥܠ ܝܘܪܕܢܢ ܕܐܝܪܝܚܘ.,13,"Esses são os que foram contados por Moisés e Eleazar, o sacerdote, que contaram os filhos de Israel nas planícies de Moabe, junto ao Jordão, na altura de Jericó.",29,True,True,True
26,64,Números 26:64,וּבְאֵ֨לֶּה֙ לֹא־ הָ֣יָה אִ֔ישׁ מִפְּקוּדֵ֣י מֹשֶׁ֔ה וְאַהֲרֹ֖ן הַכֹּהֵ֑ן אֲשֶׁ֥ר פָּקְד֛וּ אֶת־ בְּנֵ֥י יִשְׂרָאֵ֖ל בְּמִדְבַּ֥ר סִינָֽי ׃,ובאלה לא היה איש מפקודי משה ואהרנ הכהנ אשר פקדו את בני ישראל במדבר סיני,16,ובאלין לא הוה גבר ממניני משה ואהרן כהנא די מנו ית בני ישראל במדברא דסיני:,15,"καὶ ἐν τούτοις οὐκ ἦν ἄνθρωπος τῶν ἐπεσκεμμένων ὑπὸ Μωυσῆ καὶ Ἀαρών, οὓς ἐπεσκέψαντο τοὺς υἱοὺς Ἰσραὴλ ἐν τῇ ἐρήμῳ Σεινά·",21,ܘܒܗܠܝܢ ܠܐ ܗܘܐ ܓܒܪܐ ܡܢ ܡܢܝ̈ܢܐ ܕܡܘܫܐ ܘܕܐܗܪܘܢ ܟܗܢܐ. ܕܡܢܘ ܠܒܢ̈ܝ ܐܝܣܪܝܠ ܒܡܕܒܪܐ ܕܣܝܢܝ.,14,"Entre esses, porém, não se achava nenhum daqueles que tinham sido contados por Moisés e Arão, o sacerdote, quando contaram os filhos de Israel no deserto de Sinai.",28,True,True,True
26,65,Números 26:65,כִּֽי־ אָמַ֤ר יְהוָה֙ לָהֶ֔ם מ֥וֹת יָמֻ֖תוּ בַּמִּדְבָּ֑ר וְלֹא־ נוֹתַ֤ר מֵהֶם֙ אִ֔ישׁ כִּ֚י אִם־ כָּלֵ֣ב בֶּן־ יְפֻנֶּ֔ה וִיהוֹשֻׁ֖עַ בִּן־ נֽוּן ׃ ס,כי אמר יהוה להמ מות ימתו במדבר ולא נותר מהמ איש כי אמ כלב בנ יפנה ויהושע בנ נונ ס,21,ארי אמר יי להון ממת ימותון במדברא ולא אשתאר מנהון אנש אלהן כלב בר יפנה ויהושע בר נון:,18,"ὅτι εἶπεν Κύριος αὐτῷ Θανάτῳ ἀποθανοῦνται ἐν τῇ ἐρήμῳ· καὶ οὐ κατελείφθη ἐξ αὐτῶν οὐδὲ εἷς, πλὴν Χαλὲβ υἱὸς Ἰεφοννὴ καὶ Ἰησοῦς ὁ τοῦ Ναυή.",25,ܡܛܠ ܕܐܡܪ ܠܗܘܢ ܡܪܝܐ. ܡܬܩܛܠܘ ܢܬܩܛܠܘܢ ܒܡܕܒܪܐ. ܘܠܐ ܢܫܬܚܪ ܡܢܗܘܢ ܓܒܪ. ܐܠܐ ܐܢ ܟܠܒ ܒܪ ܝܘܦܢܐ ܘܝܫܘܥ ܒܪܢܘܢ.,18,"Porque o senhor dissera deles: Certamente morrerão no deserto; pelo que nenhum deles ficou, senão Calebe, filho de Jefoné, e Josué, filho de Num.",24,True,True,True
27,1,Números 27:1,וַתִּקְרַ֜בְנָה בְּנ֣וֹת צְלָפְחָ֗ד בֶּן־ חֵ֤פֶר בֶּן־ גִּלְעָד֙ בֶּן־ מָכִ֣יר בֶּן־ מְנַשֶּׁ֔ה לְמִשְׁפְּחֹ֖ת מְנַשֶּׁ֣ה בֶן־ יוֹסֵ֑ף וְאֵ֨לֶּה֙ שְׁמ֣וֹת בְּנֹתָ֔יו מַחְלָ֣ה נֹעָ֔ה וְחָגְלָ֥ה וּמִלְכָּ֖ה וְתִרְצָֽה ׃,ותקרבנה בנות צלפחד בנ חפר בנ גלעד בנ מכיר בנ מנשה למשפחת מנשה בנ יוספ ואלה שמות בנתיו מחלה נעה וחגלה ומלכה ותרצה,24,וקריבא בנת צלפחד בר חפר בר גלעד בר מכיר בר מנשה לזרעית מנשה בר יוסף ואלין שמהת בנתיה מחלה נועה וחגלה ומלכה ותרצה:,23,"Καὶ προσελθοῦσαι αἱ θυγατέρες Σαλπαὰδ υἱοῦ Ὅφερ υἱοῦ Γαλαὰδ υἱοῦ Μαχείρ, τοῦ δήμου Μανασσὴ τῶν υἱῶν Ἰωσήφ, καὶ ταῦτα τὰ ὀνόματα αὐτῶν· Μαλὰ καὶ Νουὰ καὶ Ἑγλὰ καὶ Μελχὰ καὶ Θερσά·",31,ܘܩܪܒ ܒܢܬ̈ܗ ܕܨܠܦܚܕ ܒܪ ܚܦܪ ܒܪ ܓܠܥܕ ܒܪ ܡܟܝܪ ܒܪ ܡܢܫܐ ܡܢ ܫܪܒܬܐ ܕܡܢܫܐ ܒܪ ܝܘܣܦ. ܘܗܠܝܢ ܫ̈ܡܗܐ ܕܒܢ̈ܬܗ. ܡܚܠܐ ܘܝܥܐ. ܘܚܓܠܐ ܘܡܠܟܐ ܘܬܪܨܐ.,24,"Então vieram as filhas de Zelofeade, filho de Hefer, filho de Gileade, filho de Maquir, filho de Manassés, das famílias de Manassés, filho de José; e os nomes delas são estes: Macla, Noa, Hogla, Milca e Tirza;",37,True,True,True
27,2,Números 27:2,וַֽתַּעֲמֹ֜דְנָה לִפְנֵ֣י מֹשֶׁ֗ה וְלִפְנֵי֙ אֶלְעָזָ֣ר הַכֹּהֵ֔ן וְלִפְנֵ֥י הַנְּשִׂיאִ֖ם וְכָל־ הָעֵדָ֑ה פֶּ֥תַח אֹֽהֶל־ מוֹעֵ֖ד לֵאמֹֽר ׃,ותעמדנה לפני משה ולפני אלעזר הכהנ ולפני הנשיאמ וכל העדה פתח אהל מועד לאמר,15,וקמא קדם משה וקדם אלעזר כהנא וקדם רברביא וכל כנשתא בתרע משכן זמנא למימר:,14,καὶ στᾶσαι ἔναντι Μωυσῆ καὶ ἔναντι Ἐλεαζὰρ τοῦ ἱερέως καὶ ἔναντι τῶν ἀρχόντων καὶ ἔναντι πάσης συναγωγῆς ἐπὶ τῆς θύρας τῆς σκηνῆς τοῦ μαρτυρίου λέγουσιν,25,ܘܩܡ ܩܕܡ ܡܘܫܐ ܘܩܕܡ ܐܠܝܥܙܪ ܟܗܢܐ. ܘܩܕܡ ܪ̈ܘܪܒܢܐ ܘܩܕܡ ܟܠܗ̇ ܟܢܘܫܬܐ ܒܬܪܥܐ ܕܡܫܟܢܙܒܢܐ ܘܐܡ̇ܪ̈ܢ.,14,"apresentaram-se diante de Moisés, e de Eleazar, o sacerdote, e diante dos príncipes e de toda a congregação à porta da tenda da revelação, dizendo:",25,True,True,True
27,3,Números 27:3,אָבִינוּ֮ מֵ֣ת בַּמִּדְבָּר֒ וְה֨וּא לֹא־ הָיָ֜ה בְּת֣וֹךְ הָעֵדָ֗ה הַנּוֹעָדִ֛ים עַל־ יְהוָ֖ה בַּעֲדַת־ קֹ֑רַח כִּֽי־ בְחֶטְא֣וֹ מֵ֔ת וּבָנִ֖ים לֹא־ הָ֥יוּ לֽוֹ ׃,אבינו מת במדבר והוא לא היה בתוכ העדה הנועדימ על יהוה בעדת קרח כי בחטאו מת ובנימ לא היו לו,21,אבונא מית במדברא והוא לא הוה בגו כנשתא דאזדמנו על יי בכנשתא דקרח ארי בחוביה מית ובנין לא הוו ליה:,20,"Ὁ πατὴρ ἡμῶν ἀπέθανεν ἐν τῇ ἐρήμῳ, καὶ αὐτὸς οὐκ ἦν ἐν μέσῳ τῆς συναγωγῆς τῆς ἐπισυστάσης ἔναντι Κυρίου ἐν τῇ συναγωγῇ Κόρε· ὅτι διὰ ἁμαρτίαν αὐτοῦ ἀπέθανεν, καὶ υἱοὶ οὐκ ἐγένοντο αὐτῷ.",33,ܐܒܘܢ ܡܝܬ ܒܡܕܒܪܐ. ܘܠܐ ܗܘܐ ܒܓܘ ܟܢܘܫܬܐ ܗܘܐ. ܗ̇ܝ ܕܩܡܬ ܩܕܡ ܡܪܝܐ ܒܟܢܘܫܬܗ ܕܩܘܪܚ. ܡܛܘܠ ܕܒܚ̈ܛܗܘܗܝ ܓܝܪ ܡܝܬ. ܘܒ̈ܢܝܐ ܠܐ ܗܘܘ ܠܗ.,22,"Nosso pai morreu no deserto, e não se achou na companhia daqueles que se ajuntaram contra o Senhor, isto é, na companhia de Corá; porém morreu no seu próprio pecado, e não teve filhos.",34,True,True,True
27,4,Números 27:4,לָ֣מָּה יִגָּרַ֤ע שֵׁם־ אָבִ֨ינוּ֙ מִתּ֣וֹךְ מִשְׁפַּחְתּ֔וֹ כִּ֛י אֵ֥ין ל֖וֹ בֵּ֑ן תְּנָה־ לָּ֣נוּ אֲחֻזָּ֔ה בְּת֖וֹךְ אֲחֵ֥י אָבִֽינוּ ׃,למה יגרע שמ אבינו מתוכ משפחתו כי אינ לו בנ תנה לנו אחזה בתוכ אחי אבינו,17,למא יתמנע שמא דאבונא מגו זרעיתיה ארי לית ליה בר הב לנא אחסנא בגו אחי אבונא:,16,"μὴ ἐξαλειφθήτω τὸ ὄνομα τοῦ πατρὸς ἡμῶν ἐκ μέσου τοῦ δήμου αὐτοῦ, ὅτι οὐκ ἔστιν αὐτῷ υἱός· δότε ἡμῖν κατάσχεσιν ἐν μέσῳ ἀδελφῶν πατρὸς ἡμῶν.",25,ܠܡܢܐ ܡܬܛܥܐ ܫܡܗ ܕܐܒܘܢ ܡܢ ܓܘ ܫܪܒܬܗ. ܕܠܝܬ ܠܗ ܒܪܐ ܗܒ ܠܢ ܝܪܬܘܬܐ ܒܝ̈ܢܬ ܐ̈ܚܐ ܕܐܒܘܢ.,16,"Por que se tiraria o nome de nosso pai dentre a sua família, por não ter tido um filho? Dai-nos possessão entre os irmãos de nosso pai.",27,True,True,True
27,5,Números 27:5,וַיַּקְרֵ֥ב מֹשֶׁ֛ה אֶת־ מִשְׁפָּטָ֖ לִפְנֵ֥י יְהוָֽה ׃ ס,ויקרב משה את משפט לפני יהוה ס,8,וקרב משה ית דינהן קדם יי:,6,καὶ προσήγαγεν Μωυσῆς τὴν κρίσιν αὐτῶν ἔναντι Κυρίου.,8,ܘܩܪܒ ܡܘܫܐ ܕܝܢܗܝܢ ܩܕܡ ܡܪܝܐ.,5,"Moisés, pois, levou a causa delas perante o Senhor.",9,True,True,True
27,6,Números 27:6,וַיֹּ֥אמֶר יְהוָ֖ה אֶל־ מֹשֶׁ֥ה לֵּאמֹֽר ׃,ויאמר יהוה אל משה לאמר,6,ואמר יי למשה למימר:,4,καὶ ἐλάλησεν Κύριος πρὸς Μωυσῆν λέγων,6,ܘܐܡܪ ܡܪܝܐ ܠܡܘܫܐ.,3,Então disse o Senhor a Moisés:,6,True,True,True
27,7,Números 27:7,כֵּ֗ן בְּנ֣וֹת צְלָפְחָד֮ דֹּבְרֹת֒ נָתֹ֨ן תִּתֵּ֤ן לָהֶם֙ אֲחֻזַּ֣ת נַחֲלָ֔ה בְּת֖וֹךְ אֲחֵ֣י אֲבִיהֶ֑ם וְהַֽעֲבַרְתָּ֛ אֶת־ נַחֲלַ֥ת אֲבִיהֶ֖ן לָהֶֽן ׃,כנ בנות צלפחד דברת נתנ תתנ להמ אחזת נחלה בתוכ אחי אביהמ והעברת את נחלת אביהנ להנ,18,יאות בנת צלפחד ממללן מתן תתן להון אחודת אחסנא בגו אחי אבוהן ותעבר ית אחסנת אבוהן להן:,17,"Ὀρθῶς θυγατέρες Σαλπαὰδ λελαλήκασιν· δόμα δώσεις αὐταῖς κατάσχεσιν κληρονομίας ἐν μέσῳ ἀδελφῶν πατρὸς αὐτῶν, καὶ περιθήσεις τὸν κλῆρον τοῦ πατρὸς αὐτῶν αὐταῖς.",22,ܟܐܢܐܝܬ ܐܡ̇ܪ̈ܢ ܒ̈ܢܬܗ ܕܨܠܦܚܕ. ܗܒ ܠܗܝܢ ܐܘܚܕܢܐ ܘܝܪܬܘܬܐ ܒܝ̈ܢܬ ܐ̈ܚܘܗܝ ܕܐܒܘܗܝܢ. ܘܐܩܝܡ ܠܗܝܢ ܝܪܬܘܬܐ ܕܐܒܘܗܝܢ.,15,O que as filhas de Zelofeade falam é justo; certamente lhes darás possessão de herança entre os irmãos de seu pai; a herança de seu pai farás passar a elas.,30,True,True,True
27,8,Números 27:8,וְאֶל־ בְּנֵ֥י יִשְׂרָאֵ֖ל תְּדַבֵּ֣ר לֵאמֹ֑ר אִ֣ישׁ כִּֽי־ יָמ֗וּת וּבֵן֙ אֵ֣ין ל֔וֹ וְהַֽעֲבַרְתֶּ֥ם אֶת־ נַחֲלָת֖וֹ לְבִתּֽוֹ ׃,ואל בני ישראל תדבר לאמר איש כי ימות ובנ אינ לו והעברתמ את נחלתו לבתו,16,ועם בני ישראל תמלל למימר גבר ארי ימות ובר לית ליה ותעברון ית אחסנתיה לברתיה:,15,"καὶ τοῖς υἱοῖς Ἰσραὴλ λαλήσεις λέγων Ἄνθρωπος ἐὰν ἀποθάνῃ καὶ υἱὸς μὴ ἦν αὐτῷ, περιθήσετε τὴν κληρονομίαν αὐτοῦ τῇ θυγατρὶ αὐτοῦ·",21,ܘܐܡܪ ܠܒ̈ܢܝ ܐܝܣܪܝܠ. ܓܒܪܐ ܟܕ ܢܡܘܬ. ܘܠܝܬ ܠܗ ܒܪܐ. ܗܒܘ ܝܪܬܘܬܗ ܠܒܪܬܗ.,12,"E dirás aos filhos de Israel: Se morrer um homem, e não tiver filho, fareis passar a sua herança à sua filha.",22,True,True,True
27,9,Números 27:9,וְאִם־ אֵ֥ין ל֖וֹ בַּ֑ת וּנְתַתֶּ֥ם אֶת־ נַחֲלָת֖וֹ לְאֶחָיו ׃,ואמ אינ לו בת ונתתמ את נחלתו לאחיו,9,ואם לית ליה ברתא ותתנון ית אחסנתיה לאחוהי:,8,"ἐὰν δὲ μὴ ᾖ θυγάτηρ αὐτῷ, δώσετε τὴν κληρονομίαν τῷ ἀδελφῷ αὐτοῦ·",12,ܘܐܢ ܠܝܬ ܠܗ ܒܪܬܐ. ܗܒܘ ܝܪܬܘܬܗ ܠܐܚ̈ܘܗܝ.,7,"E, se não tiver filha, dareis a sua herança a seus irmãos.",12,True,True,True
27,10,Números 27:10,וְאִם־ אֵ֥ין ל֖וֹ אַחִ֑ים וּנְתַתֶּ֥ם אֶת־ נַחֲלָת֖וֹ לַאֲחֵ֥י אָבִֽיו ׃,ואמ אינ לו אחימ ונתתמ את נחלתו לאחי אביו,10,ואם לית ליה אחין ותתנון ית אחסנתיה לאחי אבוהי:,9,"ἐὰν δὲ μὴ ὦσιν αὐτῷ ἀδελφοί, δώσετε τὴν κληρονομίαν τῷ ἀδελφῷ τοῦ πατρὸς αὐτοῦ·",14,ܘܐܢ ܠܝܬ ܠܗ ܐ̈ܚܐ. ܗܒܘ ܝܪܬܘܬܗ ܠܕܕܘܗܝ .,8,"Mas, se não tiver irmãos, dareis a sua herança aos irmãos de seu pai.",14,True,True,True
27,11,Números 27:11,וְאִם־ אֵ֣ין אַחִים֮ לְאָבִיו֒ וּנְתַתֶּ֣ם אֶת־ נַחֲלָת֗וֹ לִשְׁאֵר֞וֹ הַקָּרֹ֥ב אֵלָ֛יו מִמִּשְׁפַּחְתּ֖וֹ וְיָרַ֣שׁ אֹתָ֑הּ וְֽהָ֨יְתָ֜ה לִבְנֵ֤י יִשְׂרָאֵל֙ לְחֻקַּ֣ת מִשְׁפָּ֔ט כַּאֲשֶׁ֛ר צִוָּ֥ה יְהוָ֖ה אֶת־ מֹשֶֽׁה ׃ ס,ואמ אינ אחימ לאביו ונתתמ את נחלתו לשארו הקרב אליו ממשפחתו וירש אתה והיתה לבני ישראל לחקת משפט כאשר צוה יהוה את משה ס,25,ואם לית אחין לאבוהי ותתנון ית אחסנתיה לקריביה דקריב ליה מזרעיתיה וירת יתה ותהי לבני ישראל לגזרת דין כמא די פקיד יי ית משה:,24,"ἐὰν δὲ μὴ ὦσιν ἀδελφοὶ τοῦ πατρὸς αὐτοῦ, δώσετε τὴν κληρονομίαν τῷ οἰκείῳ τῷ ἔγγιστα αὐτοῦ ἐκ τῆς φυλῆς αὐτοῦ· κληρονομήσει τὰ αὐτοῦ. καὶ ἔσται τοῦτο τοῖς υἱοῖς Ἰσραὴλ δικαίωμα κρίσεως, καθὰ συνέταξεν Κύριος τῷ Μωυσῇ.",36,ܘܐܢ ܠܝܬ ܠܗ ܕܕܐ. ܗܒܘ ܝܪܬܘܬܗ ܠܐܝܢܐ ܕܩܪܝܒ ܠܗ ܡܢ ܫܪܒܬܗ ܘܢܐܪܬܝܘܗܝ. ܘܢܗܘܐ ܠܒܢ̈ܝ ܐܝܣܪܝܠ ܢܡܘܣܐ ܕܕܝܢܐ ܐܝܟ ܕܦܩܕ ܡܪܝܐ ܠܡܘܫܐ.,21,"Se também seu pai não tiver irmãos, então dareis a sua herança a seu parente mais chegado dentre a sua família, para que a possua; isto será para os filhos de Israel estatuto de direito, como o Senhor ordenou a Moisés.",41,True,True,True
27,12,Números 27:12,וַיֹּ֤אמֶר יְהוָה֙ אֶל־ מֹשֶׁ֔ה עֲלֵ֛ה אֶל־ הַ֥ר הָעֲבָרִ֖ים הַזֶּ֑ה וּרְאֵה֙ אֶת־ הָאָ֔רֶץ אֲשֶׁ֥ר נָתַ֖תִּי לִבְנֵ֥י יִשְׂרָאֵֽל ׃,ויאמר יהוה אל משה עלה אל הר העברימ הזה וראה את הארצ אשר נתתי לבני ישראל,17,ואמר יי למשה סק לטורא דעבראי הדין וחזי ית ארעא די יהבית לבני ישראל:,14,"Καὶ εἶπεν Κύριος πρὸς Μωυσῆν Ἀνάβηθι εἰς τὸ ὄρος τὸ ἐν τῷ πέραν, τοῦτο τὸ ὄρος Ναβαύ, καὶ ἴδε τὴν γῆν Χανάαν, ἣν ἐγὼ δίδωμι τοῖς υἱοῖς Ἰσραὴλ ἐν κατασχέσει·",30,ܘܐܡܪ ܡܪܝܐ ܠܡܘܫܐ. ܣܩ ܠܛܘܪܐ ܗܢܐ ܕܥܒܪ̈ܝܐ ܘܚܙܝܗ̇ ܠܐܪܥܐ ܕܟܢܥܢ. ܕܝ̇ܗܒܬ ܠܒܢ̈ܝ ܐܝܣܪܝܠ.,13,"Depois disse o Senhor a Moisés: sobe a este monte de Abarim, e vê a terra que tenho dado aos filhos de Israel.",23,True,True,True
27,13,Números 27:13,וְרָאִ֣יתָה אֹתָ֔הּ וְנֶאֱסַפְתָּ֥ אֶל־ עַמֶּ֖יךָ גַּם־ אָ֑תָּה כַּאֲשֶׁ֥ר נֶאֱסַ֖ף אַהֲרֹ֥ן אָחִֽיךָ ׃,וראיתה אתה ונאספת אל עמיכ גמ אתה כאשר נאספ אהרנ אחיכ,12,ותחזי יתה ותתכנש לעמיך אף את כמא די אתכניש אהרן אחוך:,11,"καὶ ὄψει αὐτήν, καὶ προστεθήσῃ πρὸς τὸν λαόν σου καὶ σύ, καθὰ προσετέθη Ἀαρὼν ὁ ἀδελφός σου ἐν τῷ Ὣρ τῷ ὄρει·",22,ܚܙܝܗ ܘܐܬܟܢܫ ܐܦ ܐܢܬ ܠܘܬ ܥܡܟ. ܐܝܟ ܕܐܬܟܢܫ ܐܗܪܘܢ ܐܚܘܟ.,10,"E, tendo-a visto, serás tu também recolhido ao teu povo, assim como o foi teu irmão Arão;",17,True,True,True
27,14,Números 27:14,כַּאֲשֶׁר֩ מְרִיתֶ֨ם פִּ֜י בְּמִדְבַּר־ צִ֗ן בִּמְרִיבַת֙ הָֽעֵדָ֔ה לְהַקְדִּישֵׁ֥נִי בַמַּ֖יִם לְעֵינֵיהֶ֑ם הֵ֛ם מֵֽי־ מְרִיבַ֥ת קָדֵ֖שׁ מִדְבַּר־ צִֽן ׃ פ,כאשר מריתמ פי במדבר צנ במריבת העדה להקדישני במימ לעיניהמ המ מי מריבת קדש מדבר צנ פ,18,כמא די סריבתון על מימרי במדברא דצן במצות כנשתא לקדשותי במיא לעיניהון אנון מי מצות רקם מדברא דצן:,18,"διότι παρέβητε τὸ ῥῆμά μου ἐν τῇ ἐρήμῳ Σείν, ἐν τῷ ἀντιπίπτειν τὴν συναγωγήν, ἁγιάσαι με· οὐχ ἡγιάσατέ με ἐπὶ τῷ ὕδατι ἔναντι αὐτῶν, τοῦτο ἔστιν ὕδωρ ἀντιλογίας ἐν Καδὴς ἐν τῇ ἐρήμῳ Σείν.",34,ܥܠ ܕܡܪܡܪܬܘܢ ܡܠܬ ܦܘܡܝ ܒܡܕܒܪܐ ܕܨܝܢ. ܒܡܨܘܬܐ ܕܟܢܘܫܬܐ. ܘܠܐ ܩܕܫܬܘܢܢܝ ܒܡ̈ܝܐ ܠܥܢܝ̈ܗܘܢ. ܗ̇ܢܘܢ ܐܢܘܢ ܡ̈ܝܐ ܕܡܨܘܬܐ ܕܪܩܡ ܒܡܕܒܪܐ ܕܨܝܢ.,19,"porquanto no deserto de Zim, na contenda da congregação, fostes rebeldes à minha palavra, não me santificando diante dos seus olhos, no tocante às águas {estas são as águas de Meribá de Cades, no deserto de Zim}.",37,True,True,True
27,15,Números 27:15,וַיְדַבֵּ֣ר מֹשֶׁ֔ה אֶל־ יְהוָ֖ה לֵאמֹֽר ׃,וידבר משה אל יהוה לאמר,6,ומליל משה עם יי למימר:,5,καὶ εἶπεν Μωυσῆς πρὸς Κύριον,5,ܘܡܠܠ ܡܘܫܐ ܩܕܡ ܡܪܝܐ ܘܐܡܪ.,5,Respondeu Moisés ao Senhor:,4,True,True,True
27,16,Números 27:16,יִפְקֹ֣ד יְהוָ֔ה אֱלֹהֵ֥י הָרוּחֹ֖ת לְכָל־ בָּשָׂ֑ר אִ֖ישׁ עַל־ הָעֵדָֽה ׃,יפקד יהוה אלהי הרוחת לכל בשר איש על העדה,10,ימני יי אלהא רוחיא לכל בסרא גבר על כנשתא:,9,"Ἐπισκεψάσθω Κύριος ὁ θεὸς τῶν πνευμάτων καὶ πάσης σαρκὸς ἄνθρωπον ἐπὶ τῆς συναγωγῆς ταύτης,",14,ܢܦܩܘܕ ܡܪܝܐ ܐܠܗܐ ܕܪ̈ܘܚܬܐ ܕܟܠ ܒܣܪ ܓܒܪܐ ܥܠ ܟܢܘܫܬܐ .,10,"Que o senhor, Deus dos espíritos de toda a carne, ponha um homem sobre a congregação,",16,True,True,True
27,17,Números 27:17,אֲשֶׁר־ יֵצֵ֣א לִפְנֵיהֶ֗ם וַאֲשֶׁ֤ר יָבֹא֙ לִפְנֵיהֶ֔ם וַאֲשֶׁ֥ר יוֹצִיאֵ֖ם וַאֲשֶׁ֣ר יְבִיאֵ֑ם וְלֹ֤א תִהְיֶה֙ עֲדַ֣ת יְהוָ֔ה כַּצֹּ֕אן אֲשֶׁ֥ר אֵין־ לָהֶ֖ם רֹעֶֽה ׃,אשר יצא לפניהמ ואשר יבא לפניהמ ואשר יוציאמ ואשר יביאמ ולא תהיה עדת יהוה כצאנ אשר אינ להמ רעה,20,די יפוק קדמיהון ודי יעול קדמיהון ודי יפקנון ודי יעלנון ולא תהי כנשתא דיי כענא די לית להן רעי:,19,"ὅστις ἐξελεύσεται πρὸ προσώπου αὐτῶν καὶ ὅστις εἰσελεύσεται πρὸ προσώπου αὐτῶν, καὶ ὅστις ἐξάξει αὐτοὺς καὶ ὃστις εἰσάξει αὐτούς, καὶ οὐκ ἔσται ἡ συναγωγὴ Κυρίου ὡσεὶ πρόβατα οἷς οὐκ ἔστιν ποιμήν.",31,ܕܢܦܘܩ ܩܕܡܝܗܘܢ ܘܕܢܥܘܠ ܩܕܡܝܗܘܢ. ܘܕܢܦܩ ܐܢܘܢ ܘܕܢܥܠ ܐܢܘܢ. ܕܠܐ ܬܗܘܐ ܟܢܘܫܬܗ ܕܡܪܝܐ ܐܝܟ ܥܢܐ ܕܠܝܬ ܠܗ̇ ܪܥܝܐ.,17,"o qual saia diante deles e entre diante deles, e os faça sair e os faça entrar; para que a congregação do Senhor não seja como ovelhas que não têm pastor.",31,True,True,True
27,18,Números 27:18,וַיֹּ֨אמֶר יְהוָ֜ה אֶל־ מֹשֶׁ֗ה קַח־ לְךָ֙ אֶת־ יְהוֹשֻׁ֣עַ בִּן־ נ֔וּן אִ֖ישׁ אֲשֶׁר־ ר֣וּחַ בּ֑וֹ וְסָמַכְתָּ֥ אֶת־ יָדְךָ֖ עָלָֽיו ׃,ויאמר יהוה אל משה קח לכ את יהושע בנ נונ איש אשר רוח בו וסמכת את ידכ עליו,19,ואמר יי למשה דבר לך ית יהושע בר נון גבר די רוח נבואה ביה ותסמוך ית ידך עלוהי:,18,"καὶ ἐλάλησεν Κύριος πρὸς Μωυσῆν λέγων Λάβε πρὸς σεαυτὸν τὸν Ἰησοῦν υἱὸν Ναυή, ἄνθρωπον ὃς ἔχει πνεῦμα ἐν ἑαυτῷ, καὶ ἐπιθήσεις τὰς χεῖράς σου ἐπ᾽ αὐτόν·",26,ܘܐܡܪ ܡܪܝܐ ܠܡܘܫܐ. ܕܒܪ ܠܟ ܠܝܫܘܥ ܒܪ ܢܘܢ ܓܒܪܐ ܕܪܘܚܐ ܒܗ. ܘܣܝܡ ܐܝܕܟ ܥܠܘܗܝ.,14,"Então disse o Senhor a Moisés: Toma a Josué, filho de Num, homem em quem há o Espírito, e impõe-lhe a mão;",22,True,True,True
27,19,Números 27:19,וְהַֽעֲמַדְתָּ֣ אֹת֗וֹ לִפְנֵי֙ אֶלְעָזָ֣ר הַכֹּהֵ֔ן וְלִפְנֵ֖י כָּל־ הָעֵדָ֑ה וְצִוִּיתָ֥ה אֹת֖וֹ לְעֵינֵיהֶֽם ׃,והעמדת אתו לפני אלעזר הכהנ ולפני כל העדה וצויתה אתו לעיניהמ,12,ותקים יתיה לקדם אלעזר כהנא ולקדם כל כנשתא ותפקד יתיה לעיניהון:,11,"καὶ στήσεις αὐτὸν ἔναντι Ἐλεαζὰρ τοῦ ἱερέως, καὶ ἐντελῇ αὐτῷ ἔναντι πάσης συναγωγῆς, καὶ ἐντελῇ περὶ αὐτοῦ ἐναντίον αὐτῶν·",19,ܘܐܩܝܡܝܗܝ ܩܕܡ ܐܠܝܥܙܪ ܟܗܢܐ ܘܩܕܡ ܟܠܗ̇ ܟܢܘܫܬܐ. ܘܦܩܕܝܗܝ ܠܥܢܝ̈ܗܘܢ.,9,"e apresenta-o perante Eleazar, o sacerdote, e perante toda a congregação, e dá-lhe a comissão à vista deles;",18,True,True,True
27,20,Números 27:20,וְנָתַתָּ֥ה מֵהֽוֹדְךָ֖ עָלָ֑יו לְמַ֣עַן יִשְׁמְע֔וּ כָּל־ עֲדַ֖ת בְּנֵ֥י יִשְׂרָאֵֽל ׃,ונתתה מהודכ עליו למענ ישמעו כל עדת בני ישראל,10,ותתן מזיוך עלוהי בדיל די יקבלון מניה כל כנשתא דבני ישראל:,11,"καὶ δώσεις τῆς δόξης σου ἐπ᾽ αὐτόν, ὅπως ἂν εἰσακούσωσιν αὐτοῦ οἱ υἱοὶ Ἰσραήλ.",14,ܘܗܒ ܡܢ ܫܘܒܚܟ ܥܠܘܗܝ. ܕܢܫܡܥܘܢܗ ܟܘܠܗ̇ ܟܢܘܫܬܐ ܕܒܢ̈ܝ ܐܝܣܪܝܠ.,9,"e sobre ele porás da tua glória, para que lhe obedeça toda a congregação dos filhos de Israel.",18,True,True,True
27,21,Números 27:21,וְלִפְנֵ֨י אֶלְעָזָ֤ר הַכֹּהֵן֙ יַעֲמֹ֔ד וְשָׁ֥אַל ל֛וֹ בְּמִשְׁפַּ֥ט הָאוּרִ֖ים לִפְנֵ֣י יְהוָ֑ה עַל־ פִּ֨יו יֵצְא֜וּ וְעַל־ פִּ֣יו יָבֹ֗אוּ ה֛וּא וְכָל־ בְּנֵי־ יִשְׂרָאֵ֥ל אִתּ֖וֹ וְכָל־ הָעֵדָֽה ׃,ולפני אלעזר הכהנ יעמד ושאל לו במשפט האורימ לפני יהוה על פיו יצאו ועל פיו יבאו הוא וכל בני ישראל אתו וכל העדה,24,ולקדם אלעזר כהנא יקום וישאל ליה בדין אוריא קדם יי על מימריה יהון נפקין ועל מימריה יהון עלין הוא וכל בני ישראל עמיה וכל כנשתא:,25,"καὶ ἔναντι Ἐλεαζὰρ τοῦ ἱερέως στήσεται, καὶ ἐπερωτήσουσιν αὐτὸν τὴν κρίσιν τῶν δήλων ἔναντι Κυρίου· ἐπὶ τῷ στόματι αὐτοῦ ἐξελεύσονται καὶ ἐπὶ τῷ στόματι αὐτοῦ εἰσελεύσονται, αὐτὸς καὶ οἱ υἱοὶ Ἰσραὴλ ὁμοθυμαδὸν καὶ πᾶσα ἡ συναγωγή.",36,ܘܩܕܡ ܐܠܝܥܙܪ ܟܗܢܐ ܢܩܘܡ. ܘܢܗܘܐ ܫ̇ܐܠ ܠܗ ܢܡܘܣܐ ܕܫܐܠܬܐ ܩܕܡ ܡܪܝܐ. ܒܡܠܬ ܦܘܡܗ ܢܗܘܘܢ ܢܦܩܝܢ. ܘܒܡܠܬ ܦܘܡܗ ܢܗܘܘܢ ܥܐܠܝܢ. ܗܘ ܘܟܠܗܘܢ ܒܢ̈ܝ ܐܝܣܪܝܠ ܥܡܗ. ܘܟܠܗ̇ ܟܢܘܫܬܐ.,26,"Ele, pois, se apresentará perante Eleazar, o sacerdote, o qual por ele inquirirá segundo o juízo do Urim, perante o Senhor; segundo a ordem de Eleazar sairão, e segundo a ordem de Eleazar entrarão, ele e todos os filhos de Israel, isto é, toda a congregação.",46,True,True,True
27,22,Números 27:22,וַיַּ֣עַשׂ מֹשֶׁ֔ה כַּאֲשֶׁ֛ר צִוָּ֥ה יְהוָ֖ה אֹת֑וֹ וַיִּקַּ֣ח אֶת־ יְהוֹשֻׁ֗עַ וַיַּֽעֲמִדֵ֨הוּ֙ לִפְנֵי֙ אֶלְעָזָ֣ר הַכֹּהֵ֔ן וְלִפְנֵ֖י כָּל־ הָעֵדָֽה ׃,ויעש משה כאשר צוה יהוה אתו ויקח את יהושע ויעמדהו לפני אלעזר הכהנ ולפני כל העדה,17,ועבד משה כמא די פקיד יי יתיה ודבר ית יהושע ואקימיה קדם אלעזר כהנא וקדם כל כנשתא:,17,"καὶ ἐποίησεν Μωυσῆς καθὰ ἐνετείλατο αὐτῷ Κύριος· καὶ λαβὼν τὸν Ἰησοῦν ἔστησεν αὐτὸν ἐναντίον Ἐλεαζὰρ τοῦ ἱερέως καὶ ἔναντι πάσης συναγωγῆς,",21,ܘܥܒܕ ܡܘܫܐ ܐܝܟ ܕܦܩܕܗ ܡܪܝܐ. ܘܕܒܪ ܠܝܫܘܥ ܘܐܩܝܡܗ ܩܕܡ ܐܠܝܥܙܪ ܟܗܢܐ ܘܩܕܡ ܟܠܗ̇ ܟܢܘܫܬܐ.,14,"Então Moisés fez como o Senhor lhe ordenara: tomou a Josué, apresentou-o perante Eleazar, o sacerdote, e perante toda a congregação,",21,True,True,True
27,23,Números 27:23,וַיִּסְמֹ֧ךְ אֶת־ יָדָ֛יו עָלָ֖יו וַיְצַוֵּ֑הוּ כַּאֲשֶׁ֛ר דִּבֶּ֥ר יְהוָ֖ה בְּיַד־ מֹשֶֽׁה ׃ פ,ויסמכ את ידיו עליו ויצוהו כאשר דבר יהוה ביד משה פ,12,וסמך ית ידוהי עלוהי ופקדיה כמא די מליל יי בידא דמשה:,11,"καὶ ἐπέθηκεν τὰς χεῖρας αὐτοῦ ἐπ᾽ αὐτόν, καὶ συνέστησεν αὐτόν, καθάπερ συνέταξεν Κύριος τῷ Μωυσῇ.",15,ܘܣܡ ܐܝܕܗ ܥܠܘܗܝ. ܘܦܩܕܗ ܐܝܟ ܕܦܩܕ ܡܪܝܐ ܠܡܘܫܐ .,9,"impôs-lhe as mãos, e lhe deu a comissão; como o Senhor falara por intermédio de Moisés.",16,True,True,True
28,1,Números 28:1,וַיְדַבֵּ֥ר יְהוָ֖ה אֶל־ מֹשֶׁ֥ה לֵּאמֹֽר ׃,וידבר יהוה אל משה לאמר,6,ומליל יי עם משה למימר:,5,Καὶ ἐλάλησεν Κύριος πρὸς Μωυσῆν λέγων,6,ܘܡܠܠ ܡܪܝܐ ܥܡ ܡܘܫܐ ܘܐܡܪ ܠܗ.,6,Disse mais o Senhor a Moisés:,6,True,True,True
28,2,Números 28:2,צַ֚ו אֶת־ בְּנֵ֣י יִשְׂרָאֵ֔ל וְאָמַרְתָּ֖ אֲלֵהֶ֑ם אֶת־ קָרְבָּנִ֨י לַחְמִ֜י לְאִשַּׁ֗י רֵ֚יחַ נִֽיחֹחִ֔י תִּשְׁמְר֕וּ לְהַקְרִ֥יב לִ֖י בְּמוֹעֲדֽוֹ ׃,צו את בני ישראל ואמרת אלהמ את קרבני לחמי לאשי ריח ניחחי תשמרו להקריב לי במועדו,17,פקד ית בני ישראל ותימר להון ית קורבני לחם סדור לקורבני לאתקבלא ברעוא תטרון לקרבא קדמי בזמניה:,17,"Ἔντειλαι τοῖς υἱοῖς Ἰσραὴλ καὶ ἐρεῖς πρὸς αὐτοὺς λέγων Τὰ δῶρά μου δόματά μου καρπώματά μου, εἰς ὀσμὴν εὐωδίας, διατηρήσετε προσφέρειν ἐμοὶ ἐν ταῖς ἑορταῖς μου.",26,ܦܩܕ ܠܒܢ̈ܝ ܐܝܣܪܝܠ ܘܐܡܪ ܠܗܘܢ. ܩܘܪ̈ܒܢܝ ܘܠܚܡܐ ܕܩܘܪ̈ܒܢܝ ܘܪܝܚܐ ܕܣܘܬܐ. ܢܗܘܘܢ ܢ̇ܛܪܝܢ ܘܡܩܪܒܝܢ ܠܝ ܒ̈ܙܒܢܝܗܘܢ.,15,"Ordena aos filhos de Israel, e dize-lhes: A minha oferta, o alimento para as minhas ofertas queimadas, de cheiro suave para mim, tereis cuidado para ma oferecer aos seus tempos determinados.",31,True,True,True
28,3,Números 28:3,וְאָמַרְתָּ֣ לָהֶ֔ם זֶ֚ה הָֽאִשֶּׁ֔ה אֲשֶׁ֥ר תַּקְרִ֖יבוּ לַיהוָ֑ה כְּבָשִׂ֨ים בְּנֵֽי־ שָׁנָ֧ה תְמִימִ֛ם שְׁנַ֥יִם לַיּ֖וֹם עֹלָ֥ה תָמִֽיד ׃,ואמרת להמ זה האשה אשר תקריבו ליהוה כבשימ בני שנה תמיממ שנימ ליומ עלה תמיד,16,ותימר להון דין קורבנא די תקרבון קדם יי אמרין בני שנא שלמין תרין ליומא עלתא תדירא:,16,"καὶ ἐρεῖς πρὸς αὐτούς Ταῦτα τὰ καρπώματα ὅσα προσάξετε Κυρίῳ, ἀμνοὺς ἐνιαυσίους ἀμώμους δύο τὴν ἡμέραν εἰς ὁλοκαύτωσιν ἐνδελεχῶς·",19,ܘܐܡܪ ܠܗܘܢ ܗܢܐ ܩܘܪܒܢܐ ܕܬܗܘܘܢ ܡܩܪܒܝܢ ܠܡܪܝܐ. ܐܡܪ̈ܐ ܒܢ̈ܝ ܫܢܬܐ ܕܠܝܬ ܒܗܘܢ ܡܘܡܐ. ܬܪ̈ܝܢ ܒܝܘܡܐ ܠܝܩܕܐ ܫܠܡܐ ܐܡܝܢܐܝܬ.,18,"Também lhes dirás: Esta é a oferta queimada que oferecereis ao Senhor: dois cordeiros de um ano, sem defeito, cada dia, em contínuo holocausto.",24,True,True,True
28,4,Números 28:4,אֶת־ הַכֶּ֥בֶשׂ אֶחָ֖ד תַּעֲשֶׂ֣ה בַבֹּ֑קֶר וְאֵת֙ הַכֶּ֣בֶשׂ הַשֵּׁנִ֔י תַּעֲשֶׂ֖ה בֵּ֥ין הָֽעַרְבָּֽיִם ׃,את הכבש אחד תעשה בבקר ואת הכבש השני תעשה בינ הערבימ,12,ית אמרא חד תעבד בצפרא וית אמרא תנינא תעבד בין שמשיא:,11,"τὸν ἀμνὸν τὸν ἕνα ποιήσεις τὸ πρωί, καὶ τὸν ἀμνὸν τὸν δεύτερον ποιήσεις τὸ πρὸς ἑσπέραν.",16,ܐܡܪܐ ܚܕ ܩܪܒ ܒܨܦܪܐ. ܘܐܡܪܐ ܐܚܪܢܐ ܩܪܒ ܒܝܬ ܪ̈ܡܫܐ.,9,"Um cordeiro oferecerás pela manhã, e o outro à tardinha,",10,True,True,True
28,5,Números 28:5,וַעֲשִׂירִ֧ית הָאֵיפָ֛ה סֹ֖לֶת לְמִנְחָ֑ה בְּלוּלָ֛ה בְּשֶׁ֥מֶן כָּתִ֖ית רְבִיעִ֥ת הַהִֽין ׃,ועשירית האיפה סלת למנחה בלולה בשמנ כתית רביעת ההינ,10,וחד מן עשרא בתלת סאין סולתא למנחתא דפילא במשח כתישא רבעות הינא:,12,"καὶ ποιήσεις τὸ δέκατον τοῦ οἰφὶ σεμίδαλιν εἰς θυσίαν ἀναπεποιημένην ἐν ἐλαίῳ ἐν τετάρτῳ τοῦ εἵν,",16,ܘܚܕ ܡܢ ܥܣܪܐ ܠܣܐܬܐ ܢܫܝܦܐ. ܩܘܪܒܢܐ ܕܦܝܠ ܒܡܫܚܐ ܥܨܝܪܐ ܪܘܒܥܗ ܕܗܡܝܢܐ.,11,"juntamente com a décima parte de uma efa de flor de farinha em oferta de cereais, misturada com a quarta parte de um him de azeite batido.",27,True,True,True
28,6,Números 28:6,עֹלַ֖ת תָּמִ֑יד הָעֲשֻׂיָה֙ בְּהַ֣ר סִינַ֔י לְרֵ֣יחַ נִיחֹ֔חַ אִשֶּׁ֖ה לַֽיהוָֽה ׃,עלת תמיד העשיה בהר סיני לריח ניחח אשה ליהוה,10,עלתא תדירא דאתעבידא בטורא דסיני לאתקבלא ברעוא קורבנא קדם יי:,10,"ὁλοκαύτωμα ἐνδελεχισμοῦ, ἡ γενομένη ἐν τῷ ὄρει Σεινὰ εἰς ὀσμὴν εὐωδίας Κυρίῳ·",12,ܝܩܕܐ ܫܠܡܐ ܐܡܝܢܐܝܬ. ܕܐܬܥܒܕ ܒܛܘܪܐ ܕܣܝܢܝ. ܠܪܝܚܐ ܕܣܘܬܐ ܩܘܪܒܢܐ ܠܡܪܝܐ.,10,"Este é o holocausto contínuo, instituído no monte Sinai, em cheiro suave, oferta queimada ao Senhor.",16,True,True,True
28,7,Números 28:7,וְנִסְכּוֹ֙ רְבִיעִ֣ת הַהִ֔ין לַכֶּ֖בֶשׂ הָאֶחָ֑ד בַּקֹּ֗דֶשׁ הַסֵּ֛ךְ נֶ֥סֶךְ שֵׁכָ֖ר לַיהוָֽה ׃,ונסכו רביעת ההינ לכבש האחד בקדש הסכ נסכ שכר ליהוה,11,ונסכיה רבעות הינא לאמרא חד בקודשא יתנסך נסוך דחמר עתיק קדם יי:,12,καὶ σπονδὴν αὐτοῦ τὸ τέταρτον τοῦ εἳν τῷ ἀμνῷ τῷ ἑνί· ἐν τῷ ἁγίῳ σπείσεις σπονδὴν σίκερα Κυρίῳ.,18,ܘܢܘܩܝܗ ܚܡܪܐ ܪܘܒܥܗ ܕܗܡܝܢܐ ܠܐܡܪܐ ܚܕ. ܒܩܘܕܫܐ ܢܬܢܩܐ ܢܘܩܝܐ ܕܥܬܝܩܐ ܩܕܡ ܡܪܝܐ.,12,A oferta de libação do mesmo será a quarta parte de um him para um cordeiro; no lugar santo oferecerás a libação de bebida forte ao Senhor.,27,True,True,True
28,8,Números 28:8,וְאֵת֙ הַכֶּ֣בֶשׂ הַשֵּׁנִ֔י תַּעֲשֶׂ֖ה בֵּ֣ין הָֽעַרְבָּ֑יִם כְּמִנְחַ֨ת הַבֹּ֤קֶר וּכְנִסְכּוֹ֙ תַּעֲשֶׂ֔ה אִשֵּׁ֛ה רֵ֥יחַ נִיחֹ֖חַ לַיהוָֽה ׃ פ,ואת הכבש השני תעשה בינ הערבימ כמנחת הבקר וכנסכו תעשה אשה ריח ניחח ליהוה פ,16,וית אמרא תנינא תעבד בין שמשיא כמנחת צפרא וכנסכיה תעבד קרבן דמתקבל ברעוא קדם יי:,15,καὶ τὸν ἀμνὸν τὸν δεύτερον ποιήσεις τὸ πρὸς ἑσπέραν· κατὰ τὴν θυσίαν αὐτοῦ καὶ κατὰ τὴν σπονδὴν αὐτοῦ ποιήσετε εἰς ὀσμὴν εὐωδίας Κυρίου.,23,ܘܐܡܪܐ ܐܚܪܢܐ ܥܒܕ ܒܝܬ ܪ̈ܡܫܐ. ܐܝܟ ܩܘܪܒܢܐ ܕܨܦܪܐ ܘܐܝܟ ܢܘܩܝܗ. ܥܒܕ ܩܘܪܒܢܐ ܠܪܝܚܐ ܕܣܘܬܐ ܠܡܪܝܐ.,15,"E o outro cordeiro, oferecê-lo-ás à tardinha; com as ofertas de cereais e de libação, como o da manhã, o oferecerás, oferta queimada de cheiro suave ao Senhor.",28,True,True,True
28,9,Números 28:9,וּבְיוֹם֙ הַשַּׁבָּ֔ת שְׁנֵֽי־ כְבָשִׂ֥ים בְּנֵֽי־ שָׁנָ֖ה תְּמִימִ֑ם וּשְׁנֵ֣י עֶשְׂרֹנִ֗ים סֹ֧לֶת מִנְחָ֛ה בְּלוּלָ֥ה בַשֶּׁ֖מֶן וְנִסְכּֽוֹ ׃,וביומ השבת שני כבשימ בני שנה תמיממ ושני עשרנימ סלת מנחה בלולה בשמנ ונסכו,15,וביומא דשבתא תרין אמרין בני שנא שלמין ותרין עשרונין סולתא דמנחתא דפילא במשח ונסכיה:,14,"Καὶ τῇ ἡμέρᾳ τῶν σαββάτων προσάξετε δύο ἀμνοὺς ἐνιαυσίους ἀμώμους καὶ δύο δέκατα σεμιδάλεως ἀναπεποιημένης ἐν ἐλαίῳ εἰς θυσίαν καὶ σπονδήν,",21,ܘܒܝܘܡܐ ܕܫܒܬܐ. ܐܡܪ̈ܐ ܬܪ̈ܝܢ ܒ̈ܢܝ ܫܢܬܐ ܕܠܝܬ ܒܗܘܢ ܡܘܡܐ. ܘܬܪ̈ܝܢ ܥܣܪ̈ܘܢܝܢ ܢܫܝܦܐ ܕܩܘܪܒܢܐ ܕܦܝܠ ܒܡܫܚܐ. ܘܢܘܩܝܗ.,16,"No dia de sábado oferecerás dois cordeiros de um ano, sem defeito, e dois décimos de efa de flor de farinha, misturada com azeite, em oferta de cereais, com a sua oferta de libação;",34,True,True,True
28,10,Números 28:10,עֹלַ֥ת שַׁבַּ֖ת בְּשַׁבַּתּ֑וֹ עַל־ עֹלַ֥ת הַתָּמִ֖יד וְנִסְכָּֽהּ ׃ ס,עלת שבת בשבתו על עלת התמיד ונסכה ס,9,עלת שבתא דתתעבד בשבתא על עלתא תדירא ונסכה:,8,"ὁλοκαύτωμα σαββάτων ἐν τοῖς σαββάτοις, ἐπὶ τῆς ὁλοκαυτώσεως τῆς διὰ παντός, καὶ τὴν σπονδὴν αὐτοῦ.",15,ܝܩܕܐ ܫܠܡܐ ܕܫܒܬܐ ܒܫܒܬܐ. ܥܠ ܝܩܕܐ ܫܠܡܐ ܐܡܝܢܐܝܬ ܘܢܘܩܝܗ.,9,"é o holocausto de todos os sábados, além do holocausto contínuo e a sua oferta de libação.",17,True,True,True
28,11,Números 28:11,וּבְרָאשֵׁי֙ חָדְשֵׁיכֶ֔ם תַּקְרִ֥יבוּ עֹלָ֖ה לַיהוָ֑ה פָּרִ֨ים בְּנֵֽי־ בָקָ֤ר שְׁנַ֨יִם֙ וְאַ֣יִל אֶחָ֔ד כְּבָשִׂ֧ים בְּנֵי־ שָׁנָ֛ה שִׁבְעָ֖ה תְּמִימִֽם ׃,ובראשי חדשיכמ תקריבו עלה ליהוה פרימ בני בקר שנימ ואיל אחד כבשימ בני שנה שבעה תמיממ,17,וברישי ירחיכון תקרבון עלתא קדם יי תורין בני תורי תרין ודכר חד אמרין בני שנא שבעא שלמין:,17,"Καὶ ἐν ταῖς νεομηνίαις προσάξετε ὁλοκαυτώματα τῷ κυρίῳ, μόσχους ἐκ βοῶν δύο καὶ κριὸν ἕνα, ἀμνοὺς ἐνιαυσίους ἑπτὰ ἀμώμους·",19,ܘܒܪܝܫ ܝܪ̈ܚܝܟܘܢ ܩܪܒܘ ܝܩ̈ܕܐ ܫ̈ܠܡܐ ܠܡܪܝܐ. ܬܘܪ̈ܐ ܒ̈ܢܝ ܒܩܪܐ ܬܪ̈ܝܢ. ܘܕܟܪܐ ܚܕ. ܘܐܡܪ̈ܐ ܒܢ̈ܝ ܫܢܬܐ ܫܒܥܐ. ܕܠܝܬ ܒܗܘܢ ܡܘܡܐ.,19,"Nos princípios dos vossos meses oferecereis em holocausto ao Senhor: dois novilhos, um carneiro e sete cordeiros de um ano, sem defeito;",22,True,True,True
28,12,Números 28:12,וּשְׁלֹשָׁ֣ה עֶשְׂרֹנִ֗ים סֹ֤לֶת מִנְחָה֙ בְּלוּלָ֣ה בַשֶּׁ֔מֶן לַפָּ֖ר הָאֶחָ֑ד וּשְׁנֵ֣י עֶשְׂרֹנִ֗ים סֹ֤לֶת מִנְחָה֙ בְּלוּלָ֣ה בַשֶּׁ֔מֶן לָאַ֖יִל הָֽאֶחָֽד ׃,ושלשה עשרנימ סלת מנחה בלולה בשמנ לפר האחד ושני עשרנימ סלת מנחה בלולה בשמנ לאיל האחד,17,ותלתא עשרונין סולתא מנחתא דפילא במשח לתורא חד ותרין עשרונין סולתא מנחתא דפילא במשח לדכרא חד:,16,"τρία δέκατα σεμιδάλεως ἀναπεποιημένης ἐν ἐλαίῳ τῷ μόσχῳ τῷ ἑνί, καὶ δύο δέκατα σεμιδάλεως ἀναπεποιημένης ἐν ἐλαίῳ τῷ κριῷ τῷ ἑνί,",21,ܘܬܠܬܐ ܥܣܪ̈ܘܢܝܢ ܢܫܝܦܐ ܕܩܘܪܒܢܐ ܕܦܝܠ ܒܡܫܚܐ ܠܬܘܪܐ ܚܕ. ܘܬܪ̈ܝܢ ܥܣܪ̈ܘܢܝܢ ܢܫܝܦܐ ܕܦܝܠ ܒܡܫܚܐ ܠܕܟܪܐ ܚܕ.,15,"e três décimos de efa de flor de farinha, misturada com azeite, em oferta de cereais, para cada novilho; e dois décimos de efa de flor de farinha, misturada com azeite, em oferta de cereais, para o carneiro;",38,True,True,True
28,13,Números 28:13,וְעִשָּׂרֹ֣ן עִשָּׂר֗וֹן סֹ֤לֶת מִנְחָה֙ בְּלוּלָ֣ה בַשֶּׁ֔מֶן לַכֶּ֖בֶשׂ הָאֶחָ֑ד עֹלָה֙ רֵ֣יחַ נִיחֹ֔חַ אִשֶּׁ֖ה לַיהוָֽה ׃,ועשרנ עשרונ סלת מנחה בלולה בשמנ לכבש האחד עלה ריח ניחח אשה ליהוה,14,ועשרונא עשרונא סלתא מנחתא דפילא במשח לאמרא חד עלתא לאתקבלא ברעוא קורבנא קדם יי:,14,"δέκατον σεμιδάλεως ἀναπεποιημένης ἐν ἐλαίῳ τῷ ἀμνῷ τῷ ἑνί, θυσίαν ὀσμὴν εὐωδίας, κάρπωμα Κυρίῳ.",14,ܘܥܣܪܘܢܐ ܚܕ ܢܫܝܦܐ ܕܩܘܪܒܢܐ ܕܦܝܠ ܒܡܫܚܐ ܠܐܡܪܐ ܚܕ. ܝܩܕܐ ܫܠܡܐ ܠܪܝܚ ܣܘܬܐ ܠܡܪܝܐ.,13,"e um décimo de efa de flor de farinha, misturada com azeite, em oferta de cereais, para cada cordeiro; é holocausto de cheiro suave, oferta queimada ao Senhor.",28,True,True,True
28,14,Números 28:14,וְנִסְכֵּיהֶ֗ם חֲצִ֣י הַהִין֩ יִהְיֶ֨ה לַפָּ֜ר וּשְׁלִישִׁ֧ת הַהִ֣ין לָאַ֗יִל וּרְבִיעִ֥ת הַהִ֛ין לַכֶּ֖בֶשׂ יָ֑יִן זֹ֣את עֹלַ֥ת חֹ֨דֶשׁ֙ בְּחָדְשׁ֔וֹ לְחָדְשֵׁ֖י הַשָּׁנָֽה ׃,ונסכיהמ חצי ההינ יהיה לפר ושלישת ההינ לאיל ורביעת ההינ לכבש יינ זאת עלת חדש בחדשו לחדשי השנה,19,ונסכיהון פלגות הינא יהי לתורא ותלתות הינא לדכרא ורבעות הינא לאמרא חמרא דא עלת ריש ירחא באתחדתותיה כן לכל רישי ירחי שתא:,22,"ἡ σπονδὴ αὐτῶν τὸ ἥμισυ τοῦ εἳν ἔσται τῷ μόσχῳ τῷ ἑνί, καὶ τὸ τρίτον τοῦ εἳν ἔσται τῷ κριῷ τῷ ἑνί, καὶ τὸ τέταρτον τοῦ εἳν ἔσται τῷ ἀμνῷ τῷ ἑνὶ οἴνου· τοῦτο ὁλοκαύτωμα μῆνα ἐκ μηνὸς εἰς τοὺς μῆνας τοῦ ἐνιαυτοῦ.",43,ܘܢܘܩܝܗܘܢ ܚܡܪܐ ܦܠܓܗ ܕܗܡܝܢܐ ܢܗܘܐ ܠܬܘܪܐ. ܘܬܘܠܬܗ ܕܗܡܝܢܐ ܢܗܘܐ ܠܕܟܪܐ. ܘܪܘܒܥܗ ܕܗܡܝܢܐ ܢܗܘܐ ܠܐܡܪܐ. ܗܢܐ ܗܘ ܝܩܕܐ ܫܠܡܐ ܕܪܝܫ ܝܪܚܐ ܒܝܪ̈ܚܐ ܕܫܢܬܐ.,22,"As ofertas de libação do mesmo serão a metade de um him de vinho para um novilho, e a terça parte de um him para um carneiro, e a quarta parte de um him para um cordeiro; este é o holocausto de cada mês, por todos os meses do ano.",50,True,True,True
28,15,Números 28:15,וּשְׂעִ֨יר עִזִּ֥ים אֶחָ֛ד לְחַטָּ֖את לַיהוָ֑ה עַל־ עֹלַ֧ת הַתָּמִ֛יד יֵעָשֶׂ֖ה וְנִסְכּֽוֹ ׃ ס,ושעיר עזימ אחד לחטאת ליהוה על עלת התמיד יעשה ונסכו ס,12,וצפיר בר עזי חד לחטאתא קדם יי על עלתא תדירא יתעבד ונסכיה:,12,"καὶ χίμαρον ἐξ αἰγῶν ἕνα περὶ ἁμαρτίας Κυρίου· ἐπὶ τῆς ὁλοκαυτώσεως τῆς διὰ παντὸς ποιηθήσεται, καὶ ἡ σπονδὴ αὐτοῦ.",19,ܘܨܦܪܝܐ ܚܕ ܕܥ̈ܙܐ ܚܠܦ ܚܛܗܐ ܠܡܪܝܐ. ܥܠ ܝܩܕܐ ܫܠܡܐ ܐܡܝܢܐܝܬ ܢܬܥܒܕ ܗܘ ܘܢܘܩܝܗ.,13,"Também oferecerás ao Senhor um bode como oferta pelo pecado; oferecer-se-á esse além do holocausto contínuo, com a sua oferta de libação.",22,True,True,True
28,16,Números 28:16,וּבַחֹ֣דֶשׁ הָרִאשׁ֗וֹן בְּאַרְבָּעָ֥ה עָשָׂ֛ר י֖וֹם לַחֹ֑דֶשׁ פֶּ֖סַח לַיהוָֽה ׃,ובחדש הראשונ בארבעה עשר יומ לחדש פסח ליהוה,9,ובירחא קדמאה בארבעת עשרא יומא לירחא פסחא קדם יי:,9,"Καὶ ἐν τῷ μηνὶ τῷ πρώτῳ, τεσσαρεσκαιδεκάτῃ ἡμέρᾳ τοῦ μηνὸς, πάσχα Κυρίου.",12,ܘܒܐܪܒܥܣܪܐ ܒܝܪܚܐ ܩܕܡܝܐ ܦܨܚܐ ܗܘ ܠܡܪܝܐ.,6,"No primeiro mês, aos catorze dias do mês, é a páscoa do Senhor.",13,True,True,True
28,17,Números 28:17,וּבַחֲמִשָּׁ֨ה עָשָׂ֥ר י֛וֹם לַחֹ֥דֶשׁ הַזֶּ֖ה חָ֑ג שִׁבְעַ֣ת יָמִ֔ים מַצּ֖וֹת יֵאָכֵֽל ׃,ובחמשה עשר יומ לחדש הזה חג שבעת ימימ מצות יאכל,11,ובחמשת עשרא יומא לירחא הדין חגא שבעא יומין פטיר יתאכיל:,10,καὶ τῇ πεντεκαιδεκάτῃ ἡμέρᾳ τοῦ μηνὸς τούτου ἑορτή· ἑπτὰ ἡμέρας ἄζυμα ἔδεσθε.,12,ܘܒܚܡܫܥܣܪܐ ܒܗ ܒܝܪܚܐ ܥܕܥܐܕܐ. ܫܒܥܐ ܝܘܡ̈ܝܢ ܦܛܝܪܐ ܢܬܐܟܠ.,8,E aos quinze dias do mesmo mês haverá festa; por sete dias se comerão pães ázimos.,16,True,True,True
28,18,Números 28:18,בַּיּ֥וֹם הָרִאשׁ֖וֹן מִקְרָא־ קֹ֑דֶשׁ כָּל־ מְלֶ֥אכֶת עֲבֹדָ֖ה לֹ֥א תַעֲשֽׂוּ ׃,ביומ הראשונ מקרא קדש כל מלאכת עבדה לא תעשו,10,ביומא קדמאה מערע קדיש כל עבידת פלחן לא תעבדון:,9,"καὶ ἡ ἡμέρα ἡ πρώτη ἐπίκλητος ἁγία ἔσται ὑμῖν, πᾶν ἔργον λατρευτὸν οὐ ποιήσετε·",14,ܝܘܡܐ ܩܕܡܝܐ ܩܪܝܐ ܘܩܕܝܫܐ. ܘܟܠ ܥܒ̇ܕ ܕܦܘܠܚܢܐ ܠܐ ܬܥܒܕܘܢ .,10,No primeiro dia haverá santa convocação; nenhum trabalho servil fareis;,10,True,True,True
28,19,Números 28:19,וְהִקְרַבְתֶּ֨ם אִשֶּׁ֤ה עֹלָה֙ לַֽיהוָ֔ה פָּרִ֧ים בְּנֵי־ בָקָ֛ר שְׁנַ֖יִם וְאַ֣יִל אֶחָ֑ד וְשִׁבְעָ֤ה כְבָשִׂים֙ בְּנֵ֣י שָׁנָ֔ה תְּמִימִ֖ם יִהְי֥וּ לָכֶֽם ׃,והקרבתמ אשה עלה ליהוה פרימ בני בקר שנימ ואיל אחד ושבעה כבשימ בני שנה תמיממ יהיו לכמ,18,ותקרבון קורבנא עלתא קדם יי תורין בני תורי תרין ודכר חד ושבעא אמרין בני שנא שלמין יהון לכון:,18,"καὶ προσάξετε ὁλοκαυτώματα καρπώματα Κυρίῳ, μόσχους ἐκ βοῶν δύο, κριὸν ἕνα, ἀμνοὺς ἐνιαυσίους ζ᾽, ἄμωμοι ἔσονται ὑμῖν·",17,ܘܩܪܒܘ ܩܘܪܒܢܐ ܝܩ̈ܕܐ ܫ̈ܠܡܐ ܠܡܪܝܐ. ܬܘܪ̈ܐ ܒܢ̈ܝ ܒܩܪܐ ܬܪ̈ܝܢ. ܘܕܟܪܐ ܚܕ ܘܐܡܪ̈ܐ ܒܢ̈ܝ ܫܢܬܐ ܫܒܥܐ ܕܠܝܬ ܒܗܘܢ ܡܘܡܐ ܢܗܘܘܢ ܠܟܘܢ.,20,"mas oferecereis oferta queimada em holocausto ao Senhor: dois novilhos, um carneiro e sete cordeiros de um ano, todos eles sem defeito;",22,True,True,True
28,20,Números 28:20,וּמִ֨נְחָתָ֔ם סֹ֖לֶת בְּלוּלָ֣ה בַשָּׁ֑מֶן שְׁלֹשָׁ֨ה עֶשְׂרֹנִ֜ים לַפָּ֗ר וּשְׁנֵ֧י עֶשְׂרֹנִ֛ים לָאַ֖יִל תַּעֲשֽׂוּ ׃,ומנחתמ סלת בלולה בשמנ שלשה עשרנימ לפר ושני עשרנימ לאיל תעשו,12,ומנחתהון סלתא דפילא במשח תלתא עשרונין לתורא ותרין עשרונין לדכרא תעבדון:,11,"καὶ θυσία αὐτῶν σεμίδαλις ἀναπεποιημένη ἐν ἐλαίῳ, τρία δέκατα τῷ μόσχῳ τῷ ἑνὶ καὶ δύο δέκατα τῷ κριῷ τῷ ἑνί,",20,ܘܩܘܪܒܢܗܘܢ ܢܫܝܦܐ ܕܦܝܠ ܒܡܫܚܐ. ܬܠܬܐ ܥܣܪ̈ܘܢܝܢ ܠܬܘܪܐ. ܘܬܪ̈ܝܢ ܥܣܪ̈ܘܢܝܢ ܠܕܟܪܐ ܬܥܒܕܘܢ.,11,"e a sua oferta de cereais, de flor de farinha misturada com azeite; oferecereis três décimos de efa para cada novilho, dois décimos para o carneiro,",26,True,True,True
28,21,Números 28:21,עִשָּׂר֤וֹן עִשָּׂרוֹן֙ תַּעֲשֶׂ֔ה לַכֶּ֖בֶשׂ הָאֶחָ֑ד לְשִׁבְעַ֖ת הַכְּבָשִֽׂים ׃,עשרונ עשרונ תעשה לכבש האחד לשבעת הכבשימ,8,עשרונא עשרונא תעבד לאמרא חד כן לשבעא אמרין:,8,δέκατον δέκατον ποιήσεις τῷ ἀμνῷ τῷ ἑνὶ τοῖς ἑπτὰ ἀμνοῖς·,10,ܘܥܣܪܘܢܐ ܚܕ ܠܐܡܪܐ ܚܕ. ܗܟܢܐ ܥܒܕܘ ܠܫܒ̈ܥܬܝܗܘܢ ܐܡܪ̈ܐ.,8,e um décimo para cada um dos sete cordeiros;,9,True,True,True
28,22,Números 28:22,וּשְׂעִ֥יר חַטָּ֖את אֶחָ֑ד לְכַפֵּ֖ר עֲלֵיכֶֽם ׃,ושעיר חטאת אחד לכפר עליכמ,6,וצפירא דחטאתא חד לכפרא עליכון:,5,καὶ χίμαρον ἐξ αἰγῶν ἕνα περὶ ἁμαρτίας ἐξιλάσασθαι περὶ ὑμῶν·,10,ܘܨܦܪܝܐ ܚܕ ܕܥ̈ܙܐ ܚܠܦ ܚܛܗܐ ܠܡܚܣܝܘ ܥܠܝܟܘܢ.,7,"e em oferta pelo pecado oferecereis um bode, para fazer expiação por vos.",13,True,True,True
28,23,Números 28:23,מִלְּבַד֙ עֹלַ֣ת הַבֹּ֔קֶר אֲשֶׁ֖ר לְעֹלַ֣ת הַתָּמִ֑יד תַּעֲשׂ֖וּ אֶת־ אֵֽלֶּה ׃,מלבד עלת הבקר אשר לעלת התמיד תעשו את אלה,10,בר מעלת צפרא דהיא עלת תדירא תעבדון ית אלין:,9,"πλὴν τῆς ὁλοκαυτώσεως τῆς διὰ παντὸς τῆς πρωινῆς, ὅ ἐστιν ὁλοκαύτωμα ἐνδελεχισμοῦ.",12,ܠܒܪ ܡܢ ܝܩܕܐ ܫܠܡܐ ܕܨܦܪܐ . ܝܩܕܐ ܫܠܡܐ ܐܡܝܢܐܝܬ ܬܥܒܕܘܢ.,10,"Essas coisas oferecereis, além do holocausto da manhã, o qual é o holocausto contínuo.",14,True,True,True
28,24,Números 28:24,כָּאֵ֜לֶּה תַּעֲשׂ֤וּ לַיּוֹם֙ שִׁבְעַ֣ת יָמִ֔ים לֶ֛חֶם אִשֵּׁ֥ה רֵֽיחַ־ נִיחֹ֖חַ לַיהוָ֑ה עַל־ עוֹלַ֧ת הַתָּמִ֛יד יֵעָשֶׂ֖ה וְנִסְכּֽוֹ ׃,כאלה תעשו ליומ שבעת ימימ לחמ אשה ריח ניחח ליהוה על עולת התמיד יעשה ונסכו,16,כאלין תעבדון ליומא שבעא יומין לחם קורבן דמתקבל ברעוא קדם יי על עלתא תדירא יתעבד ונסכיה:,16,"ταῦτα κατὰ ταῦτα ποιήσετε τὴν ἡμέραν εἰς τὰς ἑπτὰ ἡμέρας, δῶρον κάρπωμα εἰς ὀσμὴν εὐωδίας Κυρίου· ἐπὶ τοῦ ὁλοκαυτώματος τοῦ διὰ παντὸς ποιήσεις τὴν σπονδὴν αὐτοῦ.",26,ܗܠܝܢ ܗܘܝܬܘܢ ܥ̇ܒܕܝܢ ܒܟܠ ܝܘܡ ܫܒܥܐ ܝܘܡ̈ܝܢ. ܩܘܪܒܢܐ ܕܠܚܡܐ ܠܪܝܚܐ ܕܣܘܬܐ ܠܡܪܝܐ. ܥܠ ܝܩܕܐ ܫܠܡܐ ܐܡܝܢܐ ܢܬܥܒܕ ܗܘ ܘܢܘܩܝܗ.,19,"Assim, cada dia oferecereis, por sete dias, o alimento da oferta queimada em cheiro suave ao Senhor; oferecer-se-á além do holocausto contínuo com a sua oferta de libação;",28,True,True,True
28,25,Números 28:25,וּבַיּוֹם֙ הַשְּׁבִיעִ֔י מִקְרָא־ קֹ֖דֶשׁ יִהְיֶ֣ה לָכֶ֑ם כָּל־ מְלֶ֥אכֶת עֲבֹדָ֖ה לֹ֥א תַעֲשֽׂוּ ׃ ס,וביומ השביעי מקרא קדש יהיה לכמ כל מלאכת עבדה לא תעשו ס,13,וביומא שביעאה מערע קדיש יהי לכון כל עבידת פולחן לא תעבדון:,11,"καὶ ἡ ἡμέρα ἡ ἑβδόμη κλητὴ ἁγία ἔσται ὑμῖν, πᾶν ἔργον λατρευτὸν οὐ ποιήσετε ἐν αὐτῇ.",16,ܘܝܘܡܐ ܕܫܒܥܐ ܩܪܝܐ ܘܩܕܝܫܐ ܢܗܘܐ ܠܟܘܢ. ܘܟܠ ܥܒ̇ܕ ܕܦܘܠܚܢܐ ܠܐ ܬܥܒܕܘܢ.,11,e no sétimo dia tereis santa convocação; nenhum trabalho servil fareis.,11,True,True,True
28,26,Números 28:26,וּבְי֣וֹם הַבִּכּוּרִ֗ים בְּהַקְרִ֨יבְכֶ֜ם מִנְחָ֤ה חֲדָשָׁה֙ לַֽיהוָ֔ה בְּשָׁבֻעֹ֖תֵיכֶ֑ם מִֽקְרָא־ קֹ֨דֶשׁ֙ יִהְיֶ֣ה לָכֶ֔ם כָּל־ מְלֶ֥אכֶת עֲבֹדָ֖ה לֹ֥א תַעֲשֽׂוּ ׃,וביומ הבכורימ בהקריבכמ מנחה חדשה ליהוה בשבעתיכמ מקרא קדש יהיה לכמ כל מלאכת עבדה לא תעשו,17,וביומא דבכוריא בקרוביכון מנחתא חדתא קדם יי בעצרתיכון מערע קדיש יהי לכון כל עבידת פולחן לא תעבדון:,17,"Καὶ τῇ ἡμέρᾳ τῶν νέων, ὅταν προσφέρητε θυσίαν νέαν Κυρίῳ τῶν ἑβδομάδων, ἐπίκλητος ἁγία ἔσται ὑμῖν, πᾶν ἔργον λατρευτὸν οὐ ποιήσετε.",21,ܘܒܝܘܡܐ ܕܒܟܪ̈ܐ ܡܐ ܕܡܩܪܒܝܢ ܐܢܬܘܢ ܣܡܝܕܐ ܡܢ ܚܕܬܐ ܠܡܪܝܐ. ܒܫܒ̈ܘܥܝܟܘܢ ܩܪܝܐ ܘܩܕܝܫܐ ܢܗܘܐ ܠܟܘܢ. ܘܟܠ ܥܒ̇ܕ ܕܦܘܠܚܢܐ ܠܐ ܬܥܒܕܘܢ.,19,"Semelhantemente tereis santa convocação no dia das primícias, quando fizerdes ao Senhor oferta nova de cereais na vossa festa de semanas; nenhum trabalho servil fareis.",25,True,True,True
28,27,Números 28:27,וְהִקְרַבְתֶּ֨ם עוֹלָ֜ה לְרֵ֤יחַ נִיחֹ֨חַ֙ לַֽיהוָ֔ה פָּרִ֧ים בְּנֵי־ בָקָ֛ר שְׁנַ֖יִם אַ֣יִל אֶחָ֑ד שִׁבְעָ֥ה כְבָשִׂ֖ים בְּנֵ֥י שָׁנָֽה ׃,והקרבתמ עולה לריח ניחח ליהוה פרימ בני בקר שנימ איל אחד שבעה כבשימ בני שנה,16,ותקרבון עלתא לאתקבלא ברעוא קדם יי תורין בני תורי תרין ודכר חד שבעא אמרין בני שנא:,16,"καὶ προσάξετε ὁλοκαυτώματα εἰς ὀσμὴν εὐωδίας Κυρίῳ· μόσχους ἐκ βοῶν δύο, κριὸν ἕνα, ἑπτὰ ἀμνοὺς ἐνιαυσίους ἀμώμους·",17,ܘܩܪܒܘ ܝܩ̈ܕܐ ܫܠܡ̈ܐ ܠܪܝܚ ܣܘܬܐ ܠܡܪܝܐ. ܬܘܪ̈ܐ ܒ̈ܢܝ ܒܩܪܐ ܬܪ̈ܝܢ. ܘܕܟܪܐ ܚܕ. ܘܐܡܪ̈ܐ ܒܢ̈ܝ ܫܢܬܐ ܫܒܥܐ.,16,"Então oferecereis um holocausto em cheiro suave ao Senhor: dois novilhos, um carneiro e sete cordeiros de um ano;",19,True,True,True
28,28,Números 28:28,וּמִנְחָתָ֔ם סֹ֖לֶת בְּלוּלָ֣ה בַשָּׁ֑מֶן שְׁלֹשָׁ֤ה עֶשְׂרֹנִים֙ לַפָּ֣ר הָֽאֶחָ֔ד שְׁנֵי֙ עֶשְׂרֹנִ֔ים לָאַ֖יִל הָאֶחָֽד ׃,ומנחתמ סלת בלולה בשמנ שלשה עשרנימ לפר האחד שני עשרנימ לאיל האחד,13,ומנחתהון סלתא דפילא במשח תלתא עשרונין לתורא חד תרין עשרונין לדכרא חד:,12,"ἡ θυσία αὐτῶν σεμίδαλις ἀναπεποιημένη ἐν ἐλαίῳ, τρία δέκατα τῷ μόσχῳ τῷ ἑνὶ καὶ δύο δέκατα τῷ κριῷ τῷ ἑνί,",20,ܘܩܘܪܒܢܗܘܢ ܢܫܝܦܐ ܕܦܝܠ ܒܡܫܚܐ. ܬܠܬܐ ܥܣܪ̈ܘܢܝܢ ܠܬܘܪܐ ܚܕ. ܘܬܪ̈ܝܢ ܥܣܪ̈ܘܢܝܢ ܠܕܟܪܐ ܚܕ.,12,"e a sua oferta de cereais, de flor de farinha misturada com azeite, três décimos de efa para cada novilho, dois décimos para o carneiro,",25,True,True,True
28,29,Números 28:29,עִשָּׂרוֹן֙ עִשָּׂר֔וֹן לַכֶּ֖בֶשׂ הָאֶחָ֑ד לְשִׁבְעַ֖ת הַכְּבָשִֽׂים ׃,עשרונ עשרונ לכבש האחד לשבעת הכבשימ,7,עשרונא עשרונא לאמרא חד לשבעא אמרין:,6,δέκατον δέκατον τῷ ἀμνῷ τῷ ἑνὶ τοῖς ἑπτὰ ἀμνοῖς·,9,ܘܥܣܪܘܢܐ ܚܕ ܠܐܡܪܐ ܚܕ. ܗܟܢܐ ܠܫܒ̈ܥܬܝܗܘܢ ܐܡܪ̈ܐ.,7,e um décimo para cada um dos sete cordeiros;,9,True,True,True
28,30,Números 28:30,שְׂעִ֥יר עִזִּ֖ים אֶחָ֑ד לְכַפֵּ֖ר עֲלֵיכֶֽם ׃,שעיר עזימ אחד לכפר עליכמ,6,צפיר בר עזין חד לכפרא עליכון:,6,καὶ χίμαρον ἐξ αἰγῶν ἕνα περὶ ἁμαρτίας ἐξιλάσασθαι περὶ ὑμῶν·,10,ܘܨܦܪܝܐ ܚܕ ܕܥ̈ܙܐ ܠܡܚܣܝܘ ܥܠܝܟܘܢ.,5,e um bode para fazer expiação por vós.,8,True,True,True
28,31,Números 28:31,מִלְּבַ֞ד עֹלַ֧ת הַתָּמִ֛יד וּמִנְחָת֖וֹ תַּעֲשׂ֑וּ תְּמִימִ֥ם יִהְיוּ־ לָכֶ֖ם וְנִסְכֵּיהֶֽם ׃ פ,מלבד עלת התמיד ומנחתו תעשו תמיממ יהיו לכמ ונסכיהמ פ,11,בר מעלת תדירא ומנחתיה תעבדון שלמין יהון לכון ונסכיהון:,9,"πλὴν τοῦ ὁλοκαυτώματος τοῦ διὰ παντὸς· καὶ τὴν θυσὶαν αὐτῶν ποιήσετέ μοι, ἄμωμοι ἔσονται ὑμῖν, καὶ τὰς σπονδὰς αὐτῶν·",19,ܣܛܪ ܡܢ ܝܩܕܐ ܫܠܡܐ ܐܡܝܢܐ. ܘܣܡܝܕܗ ܗܘܝܬܘܢ ܥ̇ܒܕܝܢ ܕܠܝܬ ܒܗܘܢ ܡܘܡܐ. ܘܢܘܩܝܗܘܢ.,12,"Além do holocausto contínuo e a sua oferta de cereais, os oferecereis, com as suas ofertas de libação; eles serão sem defeito.",22,True,True,True
29,1,Números 29:1,וּבַחֹ֨דֶשׁ הַשְּׁבִיעִ֜י בְּאֶחָ֣ד לַחֹ֗דֶשׁ מִֽקְרָא־ קֹ֨דֶשׁ֙ יִהְיֶ֣ה לָכֶ֔ם כָּל־ מְלֶ֥אכֶת עֲבֹדָ֖ה לֹ֣א תַעֲשׂ֑וּ י֥וֹם תְּרוּעָ֖ה יִהְיֶ֥ה לָכֶֽם ׃,ובחדש השביעי באחד לחדש מקרא קדש יהיה לכמ כל מלאכת עבדה לא תעשו יומ תרועה יהיה לכמ,18,ובירחא שביעאה בחד לירחא מערע קדיש יהי לכון כל עבידת פלחן לא תעבדון יום יבבא יהי לכון:,17,"Καὶ τῷ μηνὶ τῷ ἑβδόμῳ, μιᾷ τοῦ μηνός, ἐπίκλητος ἁγία ἔσται ὑμῖν, πᾶν ἔργον λατρευτὸν οὐ ποιήσετε· ἡμέρα σημασίας ἔσται ὑμῖν.",21,ܘܒܚܕ ܒܝܪܚܐ. ܒܝܪܚܐ ܕܫܒܥܐ. ܩܪܝܐ ܘܩܕܝܫܐ ܢܗܘܐ ܠܟܘܢ. ܘܟܠ ܥܒ̇ܕ ܕܦܘܠܚܢܐ ܠܐ ܬܥܒܕܘܢ. ܝܘܡܐ ܕܝܘܒܒܐ ܢܗܘܐ ܠܟܘܢ.,17,"No sétimo mês, no primeiro dia do mês, tereis uma santa convocação; nenhum trabalho servil fareis; será para vós dia de sonido de trombetas.",24,True,True,True
29,2,Números 29:2,וַעֲשִׂיתֶ֨ם עֹלָ֜ה לְרֵ֤יחַ נִיחֹ֨חַ֙ לַֽיהוָ֔ה פַּ֧ר בֶּן־ בָּקָ֛ר אֶחָ֖ד אַ֣יִל אֶחָ֑ד כְּבָשִׂ֧ים בְּנֵי־ שָׁנָ֛ה שִׁבְעָ֖ה תְּמִימִֽם ׃,ועשיתמ עלה לריח ניחח ליהוה פר בנ בקר אחד איל אחד כבשימ בני שנה שבעה תמיממ,17,ותעבדון עלתא לאתקבלא ברעוא קדם יי תור בר תורי חד דכר חד אמרין בני שנא שבעא שלמין:,17,"καὶ ποιήσετε ὁλοκαυτώματα εἰς ὀσμὴν εὐωδίας Κυρίῳ, μόσχον ἕνα ἐκ βοῶν, κριὸν ἕνα, ἀμνοὺς ἐνιαυσίους ζ᾽ ἀμώμους·",17,ܘܥܒܕܘ ܝܩ̈ܕܐ ܫ̈ܠܡܐ ܠܪܝܚܐ ܕܣܘܬܐ ܠܡܪܝܐ. ܬܘܪܐ ܚܕ ܒܪ ܒܩܪܐ ܘܕܟܪܐ ܚܕ. ܘܐܡܪ̈ܐ ܒܢ̈ܝ ܫܢܬܐ ܫܒܥܐ. ܕܠܝܬ ܒܗܘܢ ܡܘܡܐ.,19,"Oferecereis um holocausto em cheiro suave ao Senhor: um novilho, um carneiro e sete cordeiros de um ano, todos sem defeito;",21,True,True,True
29,3,Números 29:3,וּמִנְחָתָ֔ם סֹ֖לֶת בְּלוּלָ֣ה בַשָּׁ֑מֶן שְׁלֹשָׁ֤ה עֶשְׂרֹנִים֙ לַפָּ֔ר שְׁנֵ֥י עֶשְׂרֹנִ֖ים לָאָֽיִל ׃,ומנחתמ סלת בלולה בשמנ שלשה עשרנימ לפר שני עשרנימ לאיל,11,ומנחתהון סלתא דפילא במשח תלתא עשרונין לתורא תרין עשרונין לדכרא:,10,"ἡ θυσία αὐτῶν σεμίδαλις ἀναπεποιημένη ἐν ἐλαίῳ, τρία δέκατα τῷ μόσχῳ τῷ ἑνὶ καὶ δύο δέκατα τῷ κριῷ τῷ ἑνὶ,",20,ܘܩܘܪܒܢܗܘܢ ܢܫܝܦܐ ܕܦܝܠ ܒܡܫܚܐ. ܬܠܬܐ ܥܣܪ̈ܘܢܝܢ ܠܬܘܪܐ ܚܕ . ܘܬܪ̈ܝܢ ܥܣܪ̈ܘܢܝܢ ܠܕܟܪܐ ܚܕ .,14,"e a sua oferta de cereais, de flor de farinha misturada com azeite, três décimos de efa para o novilho, dois décimos para o carneiro,",25,True,True,True
29,4,Números 29:4,וְעִשָּׂר֣וֹן אֶחָ֔ד לַכֶּ֖בֶשׂ הָאֶחָ֑ד לְשִׁבְעַ֖ת הַכְּבָשִֽׂים ׃,ועשרונ אחד לכבש האחד לשבעת הכבשימ,7,ועשרונא חד לאמרא חד לשבעא אמרין:,6,δέκατον δέκατον τῷ ἀμνῷ τῷ ἑνὶ τοῖς ἑπτὰ ἀμνοῖς·,9,ܘܥܣܪܘܢܐ ܚܕ ܠܐܡܪܐ ܚܕ ܗܟܢܐ ܠܫܒ̈ܥܬܝܗܘܢ ܐܡܪ̈ܐ.,7,e um décimo para cada um dos sete cordeiros;,9,True,True,True
29,5,Números 29:5,וּשְׂעִיר־ עִזִּ֥ים אֶחָ֖ד חַטָּ֑את לְכַפֵּ֖ר עֲלֵיכֶֽם ׃,ושעיר עזימ אחד חטאת לכפר עליכמ,7,וצפיר בר עזי חד לחטאתא לכפרא עליכון:,7,καὶ χίμαρον ἐξ αἰγῶν ἕνα περὶ ἁμαρτίας ἐξιλάσασθαι περὶ ὑμῶν·,10,ܘܨܦܪܝܐ ܚܕ. ܕܥ̈ܙܐ ܠܚܛܗܐ ܠܡܚܣܝܘ ܥܠܝܟܘܢ.,6,"e um bode para oferta pelo pecado, para fazer expiação por vós;",12,True,True,True
29,6,Números 29:6,מִלְּבַד֩ עֹלַ֨ת הַחֹ֜דֶשׁ וּמִנְחָתָ֗הּ וְעֹלַ֤ת הַתָּמִיד֙ וּמִנְחָתָ֔הּ וְנִסְכֵּיהֶ֖ם כְּמִשְׁפָּטָ֑ם לְרֵ֣יחַ נִיחֹ֔חַ אִשֶּׁ֖ה לַיהוָֽה ׃ ס,מלבד עלת החדש ומנחתה ועלת התמיד ומנחתה ונסכיהמ כמשפטמ לריח ניחח אשה ליהוה ס,15,בר מעלת ירחא ומנחתה ועלת תדירא ומנחתה ונסכיהון כדחזי להון לאתקבלא ברעוא קרבנא קדם יי:,15,"πλὴν τῶν ὁλοκαυτωμάτων τῆς νουμηνίας, καὶ αἱ θυσίαι αὐτῶν καὶ αἱ σπονδαὶ αὐτῶν, καὶ τὰ ὁλοκαυτώματα διὰ παντὸς καὶ αἱ θυσίαι αὐτῶν καὶ αἱ σπονδαὶ αὐτῶν, κατὰ τὴν σύνκρισιν αὐτῶν, εἰς ὀσμὴν εὐωδίας Κυρίου.",34,ܣܛܪ ܡܢ ܝܩܕܐ ܫܠܡܐ ܕܪܝܫ ܝܪܚܐ ܘܣܡܝܕܗ ܝܩܕܐ ܫܠܡܐ ܐܡܝܢܐ. ܘܣܡܝܕܗܘܢ ܘܢܘܩܝܗܘܢ ܐܝܟ ܙܕܩܗܘܢ. ܠܪܝܚ ܣܘܬܐ ܩܘܪܒܢܐ ܠܡܪܝܐ.,18,"além do holocausto do mês e a sua oferta de cereais, e do holocausto contínuo e a sua oferta de cereais, com as suas ofertas de libação, segundo a ordenança, em cheiro suave, oferta queimada ao Senhor.",37,True,True,True
29,7,Números 29:7,וּבֶעָשׂוֹר֩ לַחֹ֨דֶשׁ הַשְּׁבִיעִ֜י הַזֶּ֗ה מִֽקְרָא־ קֹ֨דֶשׁ֙ יִהְיֶ֣ה לָכֶ֔ם וְעִנִּיתֶ֖ם אֶת־ נַפְשֹׁתֵיכֶ֑ם כָּל־ מְלָאכָ֖ה לֹ֥א תַעֲשֽׂוּ ׃,ובעשור לחדש השביעי הזה מקרא קדש יהיה לכמ ועניתמ את נפשתיכמ כל מלאכה לא תעשו,16,ובעשרא לירחא שביעאה הדין מערע קדיש יהי לכון ותענון ית נפשתיכון כל עבידתא לא תעבדון:,15,"Καὶ τῇ δεκάτῃ τοῦ μηνὸς τούτου ἐπίκλητος ἁγία ἔσται ὑμῖν· καὶ κακώσετε τὰς ψυχὰς ὑμῶν, καὶ πᾶν ἔργον οὐ ποιήσετε.",20,ܘܒܥܣܪܬܐ ܒܝܪܚܐ ܗܢܐ ܕܫܒܥܐ. ܩܪܝܐ ܘܩܕܝܫܐ ܢܗܘܐ ܠܟܘܢ. ܘܟܠ ܥܒ̇ܕ ܕܦܘܠܚܢܐ ܠܐ ܬܥܒܕܘܢ.,13,"Também no dia dez deste sétimo mês tereis santa convocação, e afligireis as vossas almas; nenhum trabalho fareis;",18,True,True,True
29,8,Números 29:8,וְהִקְרַבְתֶּ֨ם עֹלָ֤ה לַֽיהוָה֙ רֵ֣יחַ נִיחֹ֔חַ פַּ֧ר בֶּן־ בָּקָ֛ר אֶחָ֖ד אַ֣יִל אֶחָ֑ד כְּבָשִׂ֤ים בְּנֵֽי־ שָׁנָה֙ שִׁבְעָ֔ה תְּמִימִ֖ם יִהְי֥וּ לָכֶֽם ׃,והקרבתמ עלה ליהוה ריח ניחח פר בנ בקר אחד איל אחד כבשימ בני שנה שבעה תמיממ יהיו לכמ,19,ותקרבון עלתא קדם יי לאתקבלא ברעוא תור בר תורי חד דכר חד אמרין בני שנא שבעא שלמין יהון לכון:,19,"καὶ προσοίσετε ὁλοκαυτώματα εἰς ὀσμὴν εὐωδίας καρπώματα Κυρίῳ, μόσχον ἕνα ἐκ βοῶν, κριὸν ἕνα, ἀμνοὺς ἐνιαυσίους ἑπτά, ἄμωμοι ἔσονται ὑμῖν·",20,ܘܩܪܒܘ ܝܩ̈ܕܐ ܫ̈ܠܡܐ ܠܡܪܝܐ. ܠܪܝܚܐ ܕܣܘܬܐ . ܬܘܪܐ ܚܕ ܒܪ ܒܩܪܐ. ܘܕܟܪܐ ܚܕ. ܘܐܡܪ̈ܐ ܒܢ̈ܝ ܫܢܬܐ ܫܒܥܐ ܕܠܝܬ ܒܗܘܢ ܡܘܡܐ.,20,"mas oferecereis um holocausto, em cheiro suave ao Senhor: um novilho, um carneiro e sete cordeiros de um ano, todos eles sem defeito;",23,True,True,True
29,9,Números 29:9,וּמִנְחָתָ֔ם סֹ֖לֶת בְּלוּלָ֣ה בַשָּׁ֑מֶן שְׁלֹשָׁ֤ה עֶשְׂרֹנִים֙ לַפָּ֔ר שְׁנֵי֙ עֶשְׂרֹנִ֔ים לָאַ֖יִל הָאֶחָֽד ׃,ומנחתמ סלת בלולה בשמנ שלשה עשרנימ לפר שני עשרנימ לאיל האחד,12,ומנחתהון סלתא דפילא במשח תלתא עשרונין לתורא תרין עשרונין לדכרא חד:,11,"ἡ θυσία αὐτῶν σεμίδαλις ἀναπεποιημένη ἐν ἐλαίῳ, τρία δέκατα τῷ μόσχῳ τῷ ἑνὶ καὶ δύο δέκατα τῷ κριῷ τῷ ἑνί,",20,ܘܩܘܪܒܢܗܘܢ ܢܫܝܦܐ ܕܦܝܠ ܒܡܫܚܐ. ܬܠܬܐ ܥܣܪ̈ܘܢܝܢ ܠܬܘܪܐ. ܘܬܪ̈ܝܢ ܥܣܪ̈ܘܢܝܢ ܠܕܟܪܐ.,10,"e a sua oferta de cereais, de flor de farinha misturada com azeite, três décimos de efa para o novilho, dois décimos para o carneiro,",25,True,True,True
29,10,Números 29:10,עִשָּׂרוֹן֙ עִשָּׂר֔וֹן לַכֶּ֖בֶשׂ הָאֶחָ֑ד לְשִׁבְעַ֖ת הַכְּבָשִֽׂים ׃,עשרונ עשרונ לכבש האחד לשבעת הכבשימ,7,עשרונא עשרונא לאמרא חד לשבעא אמרין:,6,δέκατον δέκατον τῷ ἀμνῷ τῷ ἑνὶ εἰς τοὺς ἑπτὰ ἀμνούς·,10,ܘܥܣܪܘܢܐ ܚܕ ܠܐܡܪܐ ܚܕ. ܗܟܢܐ ܠܫܒ̈ܥܬܝܗܘܢ ܐܡܪ̈ܐ.,7,e um décimo para cada um dos sete cordeiros;,9,True,True,True
29,11,Números 29:11,שְׂעִיר־ עִזִּ֥ים אֶחָ֖ד חַטָּ֑את מִלְּבַ֞ד חַטַּ֤את הַכִּפֻּרִים֙ וְעֹלַ֣ת הַתָּמִ֔יד וּמִנְחָתָ֖הּ וְנִסְכֵּיהֶֽם ׃ פ,שעיר עזימ אחד חטאת מלבד חטאת הכפרימ ועלת התמיד ומנחתה ונסכיהמ פ,13,צפיר בר עזין חד חטאתא בר מחטאתא דכפוריא ועלת תדירא ומנחתה ונסכיהון:,12,"καὶ χίμαρον ἐξ αἰγῶν ἕνα περὶ ἁμαρτίας ἐξιλάσασθαι περὶ ὑμῶν· πλὴν τὸ περὶ τῆς ἁμαρτίας τῆς ἐξιλάσεως, καὶ ἡ ὁλοκαύτωσις ἡ διὰ παντός, ἡ θυσία αὐτῆς καὶ ἡ σπονδὴ αὐτῆς, κατὰ τὴν σύνκρισιν, εἰς ὀσμὴν εὐωδίας, κάρπωμα Κυρίῳ.",38,ܘܨܦܪܝܐ ܚܕ ܕܥ̈ܙܐ ܚܠܦ ܚܛܗܐ. ܣܛܪ ܡܢ ܝܩܕܐ ܕܚܘܣܝܐ. ܝܩܕܐ ܫܠܡܐ ܐܡܝܢܐ ܘܣܡܝܕܗܘܢ ܘܢܘܩܝܗܘܢ.,14,"e um bode para oferta pelo pecado, além da oferta pelo pecado, com a qual se faz expiação, e do holocausto contínuo com a sua oferta de cereais e as suas ofertas de libação.",34,True,True,True
29,12,Números 29:12,וּבַחֲמִשָּׁה֩ עָשָׂ֨ר י֜וֹם לַחֹ֣דֶשׁ הַשְּׁבִיעִ֗י מִֽקְרָא־ קֹ֨דֶשׁ֙ יִהְיֶ֣ה לָכֶ֔ם כָּל־ מְלֶ֥אכֶת עֲבֹדָ֖ה לֹ֣א תַעֲשׂ֑וּ וְחַגֹּתֶ֥ם חַ֛ג לַיהוָ֖ה שִׁבְעַ֥ת יָמִֽים ׃,ובחמשה עשר יומ לחדש השביעי מקרא קדש יהיה לכמ כל מלאכת עבדה לא תעשו וחגתמ חג ליהוה שבעת ימימ,20,ובחמשת עשרא יומא לירחא שביעאה מערע קדיש יהי לכון כל עבידת פולחנא לא תעבדון ותחגון חגא קדם יי שבעא יומין:,20,"Καὶ τῇ πεντεκαιδεκάτῃ ἡμέρᾳ τοῦ μηνὸς τοῦ ἑβδόμου τούτου ἐπίκλητος ἁγία ἔσται ὑμῖν, πᾶν ἔργον λατρευτὸν οὐ ποιήσετε· καὶ ἑορτάσατε αὐτὴν ἑορτὴν Κυρίου ἑπτὰ ἡμέρας.",25,ܘܒܚܡܫܥܣܪܐ ܒܝܪܚܐ ܗܢܐ ܕܫܒܥܐ. ܩܪܝܐ ܘܩܕܝܫܐ ܢܗܘܐ ܠܟܘܢ. ܘܟܠ ܥܒ̇ܕ ܕܦܘܠܚܢܐ ܠܐ ܬܥܒܕܘܢ. ܘܥܒܕܘ ܥܕܥܐܕܐ ܠܡܪܝܐ ܫܒܥܐ ܝܘܡ̈ܝܢ.,18,"Semelhantemente, aos quinze dias deste sétimo mês tereis santa convocação; nenhum trabalho servil fareis; mas por sete dias celebrareis festa ao Senhor.",22,True,True,True
29,13,Números 29:13,וְהִקְרַבְתֶּ֨ם עֹלָ֜ה אִשֵּׁ֨ה רֵ֤יחַ נִיחֹ֨חַ֙ לַֽיהוָ֔ה פָּרִ֧ים בְּנֵי־ בָקָ֛ר שְׁלֹשָׁ֥ה עָשָׂ֖ר אֵילִ֣ם שְׁנָ֑יִם כְּבָשִׂ֧ים בְּנֵֽי־ שָׁנָ֛ה אַרְבָּעָ֥ה עָשָׂ֖ר תְּמִימִ֥ם יִהְיֽוּ ׃,והקרבתמ עלה אשה ריח ניחח ליהוה פרימ בני בקר שלשה עשר אילמ שנימ כבשימ בני שנה ארבעה עשר תמיממ יהיו,21,ותקרבון עלתא קורבן דמתקבל ברעוא קדם יי תורין בני תורי תלת עשר דכרין תרין אמרין בני שנא ארבעא עשר שלמין יהון:,21,"καὶ προσάξετε ὁλοκαυτώματα καρπώματα εἰς ὀσμὴν εὐωδίας Κυρίου, τῇ ἡμέρᾳ τῇ πρώτῃ μόσχους ἐκ βοῶν τρεῖς καὶ δέκα, κριοὺς δύο, ἀμνοὺς ἐνιαυσίους ιδ᾽, ἄμωμοι ἔσονται·",25,ܘܩܪܒܘ ܝܩܕܐ ܫܠܡܐ ܩܘܪܒܢܐ ܠܪܝܚܐ ܕܣܘܬܐ ܠܡܪܝܐ. ܬܘܪ̈ܐ ܒ̈ܢܝ ܒܩܪܐ ܬܠܬܥܣܪ. ܘܕܟܪ̈ܐ ܬܪ̈ܝܢ. ܘܐܡܪ̈ܐ ܒܢ̈ܝ ܫܢܬܐ ܐܪ̈ܒܬܥܣܪ. ܕܠܝܬ ܒܗܘܢ ܡܘܡܐ.,20,"Oferecereis um holocausto em oferta queimada, de cheiro suave ao Senhor: treze novilhos, dois carneiros e catorze cordeiros de um ano, todos eles sem defeito;",25,True,True,True
29,14,Números 29:14,וּמִנְחָתָ֔ם סֹ֖לֶת בְּלוּלָ֣ה בַשָּׁ֑מֶן שְׁלֹשָׁ֨ה עֶשְׂרֹנִ֜ים לַפָּ֣ר הָֽאֶחָ֗ד לִשְׁלֹשָׁ֤ה עָשָׂר֙ פָּרִ֔ים שְׁנֵ֤י עֶשְׂרֹנִים֙ לָאַ֣יִל הָֽאֶחָ֔ד לִשְׁנֵ֖י הָאֵילִֽם ׃,ומנחתמ סלת בלולה בשמנ שלשה עשרנימ לפר האחד לשלשה עשר פרימ שני עשרנימ לאיל האחד לשני האילמ,18,ומנחתהון סולתא דפילא במשח תלתא עשרונין לתורא חד לתלתא עשר תורין תרין עשרונין לדכרא חד לתרין דכרין:,17,"αἱ θυσίαι αὐτῶν σεμίδαλις ἀναπεποιημένη ἐν ἐλαίῳ, τρία δέκατα τῷ μόσχῳ τῷ ἑνὶ τοῖς τρισκαίδεκα μόσχοις, καὶ δύο δέκατα τῷ κριῷ τῷ ἑνὶ ἐπὶ τοὺς δύο κριούς,",27,ܘܩܘܪܒܢܗܘܢ ܢܫܝܦܐ ܕܦܝܠ ܒܡܫܚܐ. ܬܠܬܐ ܥܣܪ̈ܘܢܝܢ ܠܬܘܪܐ ܚܕ. ܗܟܢܐ ܠܬܠܬܥܣܪ ܬܘܪ̈ܝܢ. ܘܬܪ̈ܝܢ ܥܣܪ̈ܘܢܝܢ ܠܕܟܪܐ ܚܕ. ܗܟܢܐ ܠܬܪ̈ܝܢ ܕܟܪ̈ܝܢ.,18,"e a sua oferta de cereais, de flor de farinha misturada com azeite, três décimos de efa para cada um dos treze novilhos, dois décimos para cada um dos dois carneiros,",31,True,True,True
29,15,Números 29:15,וְעִשָּׂרׄוֹן֙ עִשָּׂר֔וֹן לַכֶּ֖בֶשׂ הָאֶחָ֑ד לְאַרְבָּעָ֥ה עָשָׂ֖ר כְּבָשִֽׂים ׃,ועשרונ עשרונ לכבש האחד לארבעה עשר כבשימ,8,ועשרונא עשרונא לאמרא חד לארבעת עשר אמרין:,7,δέκατον δέκατον τῷ ἀμνῷ τῷ ἑνὶ ἐπὶ τοὺς ιδ᾽ ἀμνούς·,10,ܘܥܣܪܘܢܐ ܚܕ ܠܐܡܪܐ ܚܕ. ܗܟܢܐ ܠܐܪ̈ܒܬܥܣܪ ܐܡܪ̈ܝܢ.,7,e um décimo para cada um dos catorze cordeiros;,9,True,True,True
29,16,Números 29:16,וּשְׂעִיר־ עִזִּ֥ים אֶחָ֖ד חַטָּ֑את מִלְּבַד֙ עֹלַ֣ת הַתָּמִ֔יד מִנְחָתָ֖הּ וְנִסְכָּֽהּ ׃ ס,ושעיר עזימ אחד חטאת מלבד עלת התמיד מנחתה ונסכה ס,11,וצפיר בר עזין חד חטאתא בר מעלת תדירא מנחתה ונסכה:,10,"καὶ χίμαρον ἐξ αἰγῶν ἕνα περὶ ἁμαρτίας, πλὴν τῆς ὁλοκαυτώσεως τῆς διὰ παντός· αἱ θυσίαι αὐτῶν καὶ αἱ σπονδαὶ αὐτῶν.",20,ܘܨܦܪܝܐ ܚܕ ܕܥ̈ܙܐ ܠܚܛܗܐ . ܣܛܪ ܡܢ ܝܩܕܐ ܫܠܡܐ ܐܡܝܢܐ . ܘܣܡܝܕܗ ܘܢܘܩܝܗ.,13,"e um bode para oferta pelo pecado, além do holocausto contínuo com a sua oferta de cereais e a sua oferta de libação.",23,True,True,True
29,17,Números 29:17,וּבַיּ֣וֹם הַשֵּׁנִ֗י פָּרִ֧ים בְּנֵי־ בָקָ֛ר שְׁנֵ֥ים עָשָׂ֖ר אֵילִ֣ם שְׁנָ֑יִם כְּבָשִׂ֧ים בְּנֵי־ שָׁנָ֛ה אַרְבָּעָ֥ה עָשָׂ֖ר תְּמִימִֽם ׃,וביומ השני פרימ בני בקר שנימ עשר אילמ שנימ כבשימ בני שנה ארבעה עשר תמיממ,16,וביומא תנינא תורין בני תורי תרי עשר דכרין תרין אמרין בני שנא ארבעא עשר שלמין:,15,"καὶ τῇ ἡμέρᾳ τῇ δευτέρᾳ μόσχους ιβ᾽, κριοὺς β᾽, ἀμνοὺς ἐνιαυσίους ιδ᾽ ἀμώμους·",13,ܘܒܝܘܡܐ ܕܬܪ̈ܝܢ. ܬܘܪ̈ܐ ܒ̈ܢܝ ܒܩܪܐ ܬܪ̈ܥܣܪ. ܘܕܟܪ̈ܐ ܬܪ̈ܝܢ ܘܐܡܪ̈ܐ ܒܢ̈ܝ ܫܢܬܐ ܐܪ̈ܒܬܥܣܪ ܕܠܝܬ ܒܗܘܢ ܡܘܡܐ.,15,"No segundo dia, doze novilhos, dois carneiros, catorze cordeiros de um ano, sem defeito;",14,True,True,True
29,18,Números 29:18,וּמִנְחָתָ֣ם וְנִסְכֵּיהֶ֡ם לַ֠פָּרִים לָאֵילִ֧ם וְלַכְּבָשִׂ֛ים בְּמִסְפָּרָ֖ם כַּמִּשְׁפָּֽט ׃,ומנחתמ ונסכיהמ לפרימ לאילמ ולכבשימ במספרמ כמשפט,8,ומנחתהון ונסכיהון לתורין לדכרין ולאמרין במניניהון כדחזי:,7,"ἡ θυσία αὐτῶν καὶ ἡ σπονδὴ αὐτῶν τοῖς μόσχοις καὶ τοῖς κριοῖς καὶ τοῖς ἀμνοῖς κατὰ ἀριθμὸν αὐτῶν, κατὰ τὴν σύνκρισιν αὐτῶν·",22,ܘܣܡܝܕܗܘܢ ܘܢܘܩܝܗܘܢ ܕܬܘܪ̈ܐ ܘܕܕܟܪ̈ܐ ܘܕܐܡܪ̈ܐ. ܒܡܢܝܢܗܘܢ ܐܝܟ ܙܕܩܗܘܢ.,8,"e a sua oferta de cereais, e as suas ofertas de libação para os novilhos, para os carneiros e para os cordeiros, conforme o seu número, segundo a ordenança;",29,True,True,True
29,19,Números 29:19,וּשְׂעִיר־ עִזִּ֥ים אֶחָ֖ד חַטָּ֑את מִלְּבַד֙ עֹלַ֣ת הַתָּמִ֔יד וּמִנְחָתָ֖הּ וְנִסְכֵּיהֶֽם ׃ ס,ושעיר עזימ אחד חטאת מלבד עלת התמיד ומנחתה ונסכיהמ ס,11,וצפיר בר עזין חד חטאתא בר מעלת תדירא ומנחתה ונסכיהון:,10,"καὶ χίμαρον ἐξ αἰγῶν ἕνα περὶ ἁμαρτίας, πλὴν τῆς ὁλοκαυτώσεως τῆς διὰ παντός· αἱ θυσίαι αὐτῶν καὶ αἱ σπονδαὶ αὐτῶν.",20,ܘܨܦܪܝܐ ܚܕ ܕܥ̈ܙܐ ܚܠܦ ܚܛܗܐ . ܣܛܪ ܡܢ ܝܩܕܐ ܫܠܡܐ ܐܡܝܢܐ. ܘܣܡܝܕܗ ܘܢܘܩܝܗ.,13,"e um bode para oferta pelo pecado, além do holocausto contínuo com a sua oferta de cereais e as suas ofertas de libação:",23,True,True,True
29,20,Números 29:20,וּבַיּ֧וֹם הַשְּׁלִישִׁ֛י פָּרִ֥ים עַשְׁתֵּי־ עָשָׂ֖ר אֵילִ֣ם שְׁנָ֑יִם כְּבָשִׂ֧ים בְּנֵי־ שָׁנָ֛ה אַרְבָּעָ֥ה עָשָׂ֖ר תְּמִימִֽם ׃,וביומ השלישי פרימ עשתי עשר אילמ שנימ כבשימ בני שנה ארבעה עשר תמיממ,14,וביומא תליתאה תורין חד עשר דכרין תרין אמרין בני שנא ארבעא עשר שלמין:,13,"τῇ ἡμέρᾳ τῇ τρίτῃ μόσχους ια᾽, κριοὺς δύο, ἀμνοὺς ἐνιαυσίους ιδ᾽ ἀμώμους·",12,ܘܒܝܘܡܐ ܕܬܠܬܐ. ܬܘܪ̈ܐ ܚܕ ܥܣܪ ܘܕܟܪ̈ܐ ܬܪ̈ܝܢ. ܘܐܡܪ̈ܐ ܒܢ̈ܝ ܫܢܬܐ ܐܪ̈ܒܬܥܣܪ ܕܠܝܬ ܒܗܘܢ ܡܘܡܐ.,14,"No terceiro dia, onze novilhos, dois carneiros, catorze cordeiros de um ano, sem defeito;",14,True,True,True
29,21,Números 29:21,וּמִנְחָתָ֣ם וְנִסְכֵּיהֶ֡ם לַ֠פָּרִים לָאֵילִ֧ם וְלַכְּבָשִׂ֛ים בְּמִסְפָּרָ֖ם כַּמִּשְׁפָּֽט ׃,ומנחתמ ונסכיהמ לפרימ לאילמ ולכבשימ במספרמ כמשפט,8,ומנחתהון ונסכיהון לתורין לדכרין ולאמרין במניניהון כדחזי:,7,"ἡ θυσία αὐτῶν καὶ ἡ σπονδὴ αὐτῶν τοῖς μόσχοις καὶ τοῖς κριοῖς καὶ τοῖς ἀμνοῖς κατὰ ἀριθμὸν αὐτῶν, κατὰ τὴν σύνκρισιν αὐτῶν·",22,ܘܣܡܝܕܗܘܢ ܘܢܘܩܝܗܘܢ ܕܬܘܪ̈ܐ ܘܕܕܟܪ̈ܐ ܘܕܐܡܪ̈ܐ. ܒܡܢܝܢܗܘܢ ܐܝܟ ܙܕܩܗܘܢ.,8,"e a sua oferta de cereais, e as suas ofertas de libação para os novilhos, para os carneiros e para os cordeiros, conforme o seu número, segundo a ordenança;",29,True,True,True
29,22,Números 29:22,וּשְׂעִ֥יר חַטָּ֖את אֶחָ֑ד מִלְּבַד֙ עֹלַ֣ת הַתָּמִ֔יד וּמִנְחָתָ֖הּ וְנִסְכָּֽהּ ׃ ס,ושעיר חטאת אחד מלבד עלת התמיד ומנחתה ונסכה ס,10,וצפירא דחטאתא חד בר מעלת תדירא ומנחתה ונסכה:,8,"καὶ χίμαρον ἐξ αἰγῶν ἕνα περὶ ἁμαρτίας, πλὴν τῆς ὁλοκαυτώσεως τῆς διὰ παντός· αἱ θυσίαι αὐτῶν καὶ αἱ σπονδαὶ αὐτῶν.",20,ܘܨܦܪܝܐ ܚܕ ܕܥ̈ܙܐ ܚܠܦ ܚܛܗܐ . ܣܛܪ ܡܢ ܝܩܕܐ ܫܠܡܐ ܐܡܝܢܐ . ܘܣܡܝܕܗ ܘܢܘܩܝܗ.,14,"e um bode para oferta pelo pecado, além do holocausto contínuo com a sua oferta de cereais e a sua oferta de libação.",23,True,True,True
29,23,Números 29:23,וּבַיּ֧וֹם הָרְבִיעִ֛י פָּרִ֥ים עֲשָׂרָ֖ה אֵילִ֣ם שְׁנָ֑יִם כְּבָשִׂ֧ים בְּנֵֽי־ שָׁנָ֛ה אַרְבָּעָ֥ה עָשָׂ֖ר תְּמִימִֽם ׃,וביומ הרביעי פרימ עשרה אילמ שנימ כבשימ בני שנה ארבעה עשר תמיממ,13,וביומא רביעאה תורין עשרא דכרין תרין אמרין בני שנא ארבעא עשר שלמין:,12,"τῇ ἡμέρᾳ τῇ τετάρτῃ μόσχους δέκα, κριοὺς δύο, ἀμνοὺς ἐνιαυσίους ιδ᾽ ἀμώμους·",12,ܘܒܝܘܡܐ ܕܐܪ̈ܒܥܐ. ܬܘܪ̈ܐ ܥܣܪܐ. ܘܕܟܪ̈ܐ ܬܪ̈ܝܢ. ܘܐܡܪ̈ܐ ܒ̈ܢܝ ܫܢܬܐ ܐܪ̈ܒܬܥܣܪ ܕܠܝܬ ܒܗܘܢ ܡܘܡܐ.,13,"No quarto dia, dez novilhos, dois carneiros, catorze cordeiros de um ano, sem defeito;",14,True,True,True
29,24,Números 29:24,מִנְחָתָ֣ם וְנִסְכֵּיהֶ֡ם לַ֠פָּרִים לָאֵילִ֧ם וְלַכְּבָשִׂ֛ים בְּמִסְפָּרָ֖ם כַּמִּשְׁפָּֽט ׃,מנחתמ ונסכיהמ לפרימ לאילמ ולכבשימ במספרמ כמשפט,8,מנחתהון ונסכיהון לתורין לדכרין ולאמרין במניניהון כדחזי:,7,"αἱ θυσίαι αὐτῶν καὶ αἱ σπονδαὶ αὐτῶν τοῖς μόσχοις καὶ τοῖς κριοῖς καὶ τοῖς ἀμνοῖς κατὰ ἀριθμὸν αὐτῶν, κατὰ τὴν σύνκρισιν αὐτῶν·",22,ܘܣܡܝܕܗܘܢ ܘܢܘܩܝܗܘܢ ܕܬܘܪ̈ܐ ܘܕܕܟܪ̈ܐ ܘܕܐܡܪ̈ܐ. ܒܡܢܝܢܗܘܢ ܐܝܟ ܙܕܩܗܘܢ.,8,"e a sua oferta de cereais, e as suas ofertas de libação para os novilhos, para os carneiros e para os cordeiros, conforme o seu número, segundo a ordenança;",29,True,True,True
29,25,Números 29:25,וּשְׂעִיר־ עִזִּ֥ים אֶחָ֖ד חַטָּ֑את מִלְּבַד֙ עֹלַ֣ת הַתָּמִ֔יד מִנְחָתָ֖הּ וְנִסְכָּֽהּ ׃ ס,ושעיר עזימ אחד חטאת מלבד עלת התמיד מנחתה ונסכה ס,11,וצפיר בר עזין חד חטאתא בר מעלת תדירא מנחתה ונסכה:,10,"καὶ χίμαρον ἐξ αἰγῶν ἕνα περὶ ἁμαρτίας, πλὴν τῆς ὁλοκαυτώσεως τῆς διὰ παντός· αἱ θυσίαι αὐτῶν καὶ αἱ σπονδαὶ αὐτῶν.",20,ܘܨܦܪܝܐ ܚܕ ܕܥ̈ܙܐ ܠܚܛܗܐ . ܣܛܪ ܡܢ ܝܩܕܐ ܫܠܡܐ ܐܡܝܢܐ ܘܣܡܝܕܗ ܘܢܘܩܝܗ.,12,"e um bode para oferta pelo pecado, além do holocausto contínuo com a sua oferta de cereais e a sua oferta de libação.",23,True,True,True
29,26,Números 29:26,וּבַיּ֧וֹם הַחֲמִישִׁ֛י פָּרִ֥ים תִּשְׁעָ֖ה אֵילִ֣ם שְׁנָ֑יִם כְּבָשִׂ֧ים בְּנֵֽי־ שָׁנָ֛ה אַרְבָּעָ֥ה עָשָׂ֖ר תְּמִימִֽם ׃,וביומ החמישי פרימ תשעה אילמ שנימ כבשימ בני שנה ארבעה עשר תמיממ,13,וביומא חמישאה תורין תשע דכרין תרין אמרין בני שנא ארבעא עשר שלמין:,12,"τῇ ἡμέρᾳ τῇ πέμπτῃ μόσχους ἐννέα, κριοὺς β᾽, ἀμνοὺς ἐνιαυσίους ιδ᾽ ἀμώμους·",12,ܘܒܝܘܡܐ ܕܚܡܫܐ. ܬܘܪ̈ܐ ܬܫܥܐ ܘܕܟܪ̈ܐ ܬܪ̈ܝܢ. ܘܐܡܪ̈ܐ ܒܢ̈ܝ ܫܢܬܐ ܐܪ̈ܒܬܥܣܪ. ܕܠܝܬ ܒܗܘܢ ܡܘܡܐ.,13,"No quinto dia, nove novilhos, dois carneiros, catorze cordeiros de um ano, sem defeito;",14,True,True,True
29,27,Números 29:27,וּמִנְחָתָ֣ם וְנִסְכֵּיהֶ֡ם לַ֠פָּרִים לָאֵילִ֧ם וְלַכְּבָשִׂ֛ים בְּמִסְפָּרָ֖ם כַּמִּשְׁפָּֽט ׃,ומנחתמ ונסכיהמ לפרימ לאילמ ולכבשימ במספרמ כמשפט,8,ומנחתהון ונסכיהון לתורין לדכרין ולאמרין במניניהון כדחזי:,7,"αἱ θυσίαι αὐτῶν καὶ αἱ σπονδαὶ αὐτῶν τοῖς μόσχοις καὶ τοῖς κριοῖς καὶ τοῖς ἀμνοῖς κατὰ ἀριθμὸν αὐτῶν, κατὰ τὴν σύνκρισιν αὐτῶν·",22,ܘܣܡܝܕܗܘܢ ܘܢܘܩܝܗܘܢ ܕܬܘܪ̈ܐ ܘܕܕܟܪ̈ܐ ܘܕܐܡܪ̈ܐ. ܒܡܢܝܢܗܘܢ ܐܝܟ ܙܕܩܗܘܢ.,8,"e a sua oferta de cereais, e as suas ofertas de libação para os novilhos, para os carneiros e para os cordeiros, conforme o seu número, segundo a ordenança;",29,True,True,True
29,28,Números 29:28,וּשְׂעִ֥יר חַטָּ֖את אֶחָ֑ד מִלְּבַד֙ עֹלַ֣ת הַתָּמִ֔יד וּמִנְחָתָ֖הּ וְנִסְכָּֽהּ ׃ ס,ושעיר חטאת אחד מלבד עלת התמיד ומנחתה ונסכה ס,10,וצפירא דחטאתא חד בר מעלת תדירא ומנחתה ונסכה:,8,"καὶ χίμαρον ἐξ αἰγῶν ἕνα περὶ ἁμαρτίας, πλὴν τῆς ὁλοκαυτώσεως τῆς διὰ παντός· αἱ θυσίαι αὐτῶν καὶ αἱ σπονδαὶ αὐτῶν.",20,ܘܨܦܪܝܐ ܚܕ ܕܥ̈ܙܐ ܠܚܛܗܐ . ܣܛܪ ܡܢ ܝܩܕܐ ܫܠܡܐ ܐܡܝܢܐ. ܘܣܡܝܕܗ ܘܢܘܩܝܗ.,12,"e um bode para oferta pelo pecado, além do holocausto contínuo com a sua oferta de cereais e a sua oferta de libação.",23,True,True,True
29,29,Números 29:29,וּבַיּ֧וֹם הַשִּׁשִּׁ֛י פָּרִ֥ים שְׁמֹנָ֖ה אֵילִ֣ם שְׁנָ֑יִם כְּבָשִׂ֧ים בְּנֵי־ שָׁנָ֛ה אַרְבָּעָ֥ה עָשָׂ֖ר תְּמִימִֽם ׃,וביומ הששי פרימ שמנה אילמ שנימ כבשימ בני שנה ארבעה עשר תמיממ,13,וביומא שתיתאה תורין תמניא דכרין תרין אמרין בני שנא ארבעא עשר שלמין:,12,"τῇ ἡμέρᾳ τῇ ἕκτῃ μόσχους ὀκτώ, κριοὺς δύο, ἀμνοὺς ἐνιαυσίους δέκα τέσσαρες ἀμώμους·",13,ܘܒܝܘܡܐ ܕܫܬܐ. ܬܘܪ̈ܐ ܬܡܢܝܐ ܘܕܟܪ̈ܐ ܬܪ̈ܝܢ. ܘܐܡܪ̈ܐ ܒܢ̈ܝ ܫܢܬܐ ܐܪ̈ܒܬܥܣܪ. ܕܠܝܬ ܒܗܘܢ ܡܘܡܐ.,13,"No sexto dia, oito novilhos, dois carneiros, catorze cordeiros de um ano, sem defeito;",14,True,True,True
29,30,Números 29:30,וּמִנְחָתָ֣ם וְנִסְכֵּיהֶ֡ם לַ֠פָּרִים לָאֵילִ֧ם וְלַכְּבָשִׂ֛ים בְּמִסְפָּרָ֖ם כַּמִּשְׁפָּֽט ׃,ומנחתמ ונסכיהמ לפרימ לאילמ ולכבשימ במספרמ כמשפט,8,ומנחתהון ונסכיהון לתורין לדכרין ולאמרין במניניהון כדחזי:,7,"αἱ θυσίαι αὐτῶν καὶ αἱ σπονδαὶ αὐτῶν τοῖς μόσχοις καὶ τοῖς κριοῖς καὶ τοῖς ἀμνοῖς κατὰ ἀριθμὸν αὐτῶν, κατὰ τὴν σύνκρισιν αὐτῶν.",22,ܘܣܡܝܕܗܘܢ ܘܢܘܩܝܗܘܢ ܕܬܘܪ̈ܐ ܘܕܕܟܪ̈ܐ ܘܕܐܡܪ̈ܐ. ܒܡܢܝܢܗܘܢ ܐܝܟ ܙܕܩܗܘܢ.,8,"e a sua oferta de cereais, e as suas ofertas de libação para os novilhos, para os carneiros e para os cordeiros, conforme o seu número, segundo a ordenança;",29,True,True,True
29,31,Números 29:31,וּשְׂעִ֥יר חַטָּ֖את אֶחָ֑ד מִלְּבַד֙ עֹלַ֣ת הַתָּמִ֔יד מִנְחָתָ֖הּ וּנְסָכֶֽיהָ ׃ פ,ושעיר חטאת אחד מלבד עלת התמיד מנחתה ונסכיה פ,10,וצפירא דחטאתא חד בר מעלת תדירא מנחתה ונסכהא:,8,"καὶ χίμαρον ἐξ αἰγῶν ἕνα περὶ ἁμαρτίας, πλὴν τῆς ὁλοκαυτώσεως τῆς διὰ παντός· αἱ θυσίαι αὐτῶν καὶ αἱ σπονδαὶ αὐτῶν.",20,ܘܨܦܪܝܐ ܚܕ ܕܥ̈ܙܐ ܚܠܦ ܚܛܗܐ . ܣܛܪ ܡܢ ܝܩܕܐ ܫܠܡܐ ܐܡܝܢܐ. ܘܣܡܝܕܗ ܘܢܘܩܝܗ.,13,"e um bode para oferta pelo pecado, além do holocausto contínuo com a sua oferta de cereais e a sua oferta de libação.",23,True,True,True
29,32,Números 29:32,וּבַיּ֧וֹם הַשְּׁבִיעִ֛י פָּרִ֥ים שִׁבְעָ֖ה אֵילִ֣ם שְׁנָ֑יִם כְּבָשִׂ֧ים בְּנֵי־ שָׁנָ֛ה אַרְבָּעָ֥ה עָשָׂ֖ר תְּמִימִֽם ׃,וביומ השביעי פרימ שבעה אילמ שנימ כבשימ בני שנה ארבעה עשר תמיממ,13,וביומא שביעאה תורין שבעא דכרין תרין אמרין בני שנא ארבעא עשר שלמין:,12,"τῇ ἡμέρᾳ τῇ ἑβδόμῃ μόσχους ἑπτά, κριοὺς δύο, ἀμνοὺς ἐνιαυσίους ιδ᾽·",11,ܘܒܝܘܡܐ ܕܫܒܥܐ. ܬܘܪ̈ܐ ܫܒܥܐ. ܘܕܟܪ̈ܐ ܬܪ̈ܝܢ. ܘܐܡܪ̈ܐ ܒܢ̈ܝ ܫܢܬܐ ܐܪ̈ܒܬܥܣܪ ܕܠܝܬ ܒܗܘܢ ܡܘܡܐ.,13,"No sétimo dia, sete novilhos, dois carneiros, catorze cordeiros de um ano, sem defeito;",14,True,True,True
29,33,Números 29:33,וּמִנְחָתָ֣ם וְנִסְכֵּהֶ֡ם לַ֠פָּרִים לָאֵילִ֧ם וְלַכְּבָשִׂ֛ים בְּמִסְפָּרָ֖ם כְּמִשְׁפָּטָֽם ׃,ומנחתמ ונסכהמ לפרימ לאילמ ולכבשימ במספרמ כמשפטמ,8,ומנחתהון ונסכיהון לתורין לדכרין ולאמרין במניניהון כדחזי להון:,8,"αἱ θυσίαι αὐτῶν καὶ αἱ σπονδαὶ αὐτῶν τοῖς μόσχοις καὶ τοῖς κριοῖς καὶ τοῖς ἀμνοῖς κατὰ ἀριθμὸν αὐτῶν, κατὰ τὴν σύνκρισιν αὐτῶν·",22,ܘܣܡܝܕܗܘܢ ܘܢܘܩܝܗܘܢ ܕܬܘܪ̈ܐ ܘܕܕܟܪ̈ܐ ܘܕܐܡܪ̈ܐ. ܒܡܢܝܢܗܘܢ ܐܝܟ ܙܕܩܗܘܢ.,8,"e a sua oferta de cereais, e as suas ofertas de libação para os novilhos, para os carneiros e para os cordeiros, conforme o seu número, segundo a ordenança;",29,True,True,True
29,34,Números 29:34,וּשְׂעִ֥יר חַטָּ֖את אֶחָ֑ד מִלְּבַד֙ עֹלַ֣ת הַתָּמִ֔יד מִנְחָתָ֖הּ וְנִסְכָּֽהּ ׃ פ,ושעיר חטאת אחד מלבד עלת התמיד מנחתה ונסכה פ,10,וצפירא דחטאתא חד בר מעלת תדירא מנחתה ונסכה:,8,"καὶ χίμαρον ἐξ αἰγῶν ἕνα περὶ ἁμαρτίας, πλὴν τῆς ὁλοκαυτώσεως τῆς διά παντός· αἱ θυσίαι αὐτῶν καὶ αἱ σπονδαὶ αὐτῶν.",20,ܘܨܦܪܝܐ ܚܕ ܕܥ̈ܙܐ ܠܚܛܗܐ . ܣܛܪ ܡܢ ܝܩܕܐ ܫܠܡܐ ܐܡܝܢܐ. ܘܣܡܝܕܗ ܘܢܘܩܝܗ.,12,"e um bode para oferta pelo pecado, além do holocausto contínuo com a sua oferta de cereais e a sua oferta de libação.",23,True,True,True
29,35,Números 29:35,בַּיּוֹם֙ הַשְּׁמִינִ֔י עֲצֶ֖רֶת תִּהְיֶ֣ה לָכֶ֑ם כָּל־ מְלֶ֥אכֶת עֲבֹדָ֖ה לֹ֥א תַעֲשֽׂוּ ׃,ביומ השמיני עצרת תהיה לכמ כל מלאכת עבדה לא תעשו,11,ביומא תמינאה כנישו תהי לכון כל עבידת פולחן לא תעבדון:,10,καὶ τῇ ἡμέρᾳ τῇ ὀγδόῃ ἐξόδιον ἔσται ὑμῖν· πᾶν ἔργον λατρευτὸν οὐ ποιήσετε ἐν αὐτῇ.,15,ܘܒܝܘܡܐ ܕܬܡܢܝܐ. ܗܘܝܬܘܢ ܟ̇ܢܫܝܢ. ܘܟܠ ܥܒܕ ܕܦܘܠܚܢܐ ܠܐ ܬܥܒܕܘܢ.,9,No oitavo dia tereis assembléia solene; nenhum trabalho servil fareis;,10,True,True,True
29,36,Números 29:36,וְהִקְרַבְתֶּ֨ם עֹלָ֜ה אִשֵּׁ֨ה רֵ֤יחַ נִיחֹ֨חַ֙ לַֽיהוָ֔ה פַּ֥ר אֶחָ֖ד אַ֣יִל אֶחָ֑ד כְּבָשִׂ֧ים בְּנֵי־ שָׁנָ֛ה שִׁבְעָ֖ה תְּמִימִֽם ׃,והקרבתמ עלה אשה ריח ניחח ליהוה פר אחד איל אחד כבשימ בני שנה שבעה תמיממ,16,ותקרבון עלתא קורבן דמתקבל ברעוא קדם יי תור חד דכר חד אמרין בני שנא שבעא שלמין:,16,"καὶ προσάξετε ὁλοκαυτώματα εἰς ὀσμὴν εὐωδίας, καρπώματα Κυρίου· μόσχον ἕνα, κριὸν ἕνα, ἀμνοὺς ἐνιαυσίους ἑπτὰ ἀμώμους·",16,ܘܩܪܒܘ ܝܩ̈ܕܐ ܫ̈ܠܡܐ ܩܘܪܒܢܐ ܠܪܝܚ ܣܘܬܐ ܠܡܪܝܐ. ܬܘܪܐ ܚܕ ܒܪ ܒܩܪܐ ܘܕܟܪܐ ܚܕ. ܘܐܡܪ̈ܐ ܒܢ̈ܝ ܫܢܬܐ ܐܪ̈ܒܥܐ ܕܠܝܬ ܒܗܘܢ ܡܘܡܐ.,20,"mas oferecereis um holocausto em oferta queimada de cheiro suave ao Senhor: um novilho, um carneiro, sete cordeiros de um ano, sem defeito;",23,True,True,True
29,37,Números 29:37,מִנְחָתָ֣ם וְנִסְכֵּיהֶ֗ם לַפָּ֨ר לָאַ֧יִל וְלַכְּבָשִׂ֛ים בְּמִסְפָּרָ֖ם כַּמִּשְׁפָּֽט ׃,מנחתמ ונסכיהמ לפר לאיל ולכבשימ במספרמ כמשפט,8,מנחתהון ונסכיהון לתורא לדכרא ולאמרין במניניהון כדחזי:,7,"αἱ θυσίαι αὐτῶν καὶ αἱ σπονδαὶ αὐτῶν τῷ μόσχῳ καὶ τῷ κριῷ καὶ τοῖς ἀμνοῖς κατὰ ἀριθμὸν αὐτῶν, κατὰ τὴν σύνκρισιν αὐτῶν·",22,ܘܣܡܝܕܗܘܢ ܘܢܘܩܝܗܘܢ. ܕܬܘܪ̈ܐ ܘܕܕܟܪ̈ܐ ܘܕܐܡܪ̈ܐ. ܒܡܢܝܢܗܘܢ ܐܝܟ ܙܕܩܗܘܢ.,8,"e a sua oferta de cereais, e as suas ofertas de libação para o novilho, para o carneiro e para os cordeiros, conforme o seu número, segundo a ordenança;",29,True,True,True
29,38,Números 29:38,וּשְׂעִ֥יר חַטָּ֖את אֶחָ֑ד מִלְּבַד֙ עֹלַ֣ת הַתָּמִ֔יד וּמִנְחָתָ֖הּ וְנִסְכָּֽהּ ׃,ושעיר חטאת אחד מלבד עלת התמיד ומנחתה ונסכה,9,וצפירא דחטאתא חד בר מעלת תדירא ומנחתה ונסכה:,8,"καὶ χίμαρον ἐξ αἰγῶν ἕνα περὶ ἁμαρτίας, πλὴν τῆς ὁλοκαυτώσεως τῆς διὰ παντός· αἱ θυσίαι αὐτῶν καὶ αἱ σπονδαὶ αὐτῶν.",20,ܘܨܦܪܝܐ ܚܕ ܕܥ̈ܙܐ ܠܚܛܗܐ. ܣܛܪ ܡܢ ܝܩܕܐ ܫܠܡܐ ܐܡܝܢܐ ܘܣܡܝܕܗ ܘܢܘܩܝܗ.,11,"e um bode para oferta pelo pecado, além do holocausto contínuo com a sua oferta de cereais e a sua oferta de libação.",23,True,True,True
29,39,Números 29:39,אֵ֛לֶּה תַּעֲשׂ֥וּ לַיהוָ֖ה בְּמוֹעֲדֵיכֶ֑ם לְבַ֨ד מִנִּדְרֵיכֶ֜ם וְנִדְבֹתֵיכֶ֗ם לְעֹלֹֽתֵיכֶם֙ וּלְמִנְחֹ֣תֵיכֶ֔ם וּלְנִסְכֵּיכֶ֖ם וּלְשַׁלְמֵיכֶֽם ׃,אלה תעשו ליהוה במועדיכמ לבד מנדריכמ ונדבתיכמ לעלתיכמ ולמנחתיכמ ולנסכיכמ ולשלמיכמ,12,אלין תעבדון קדם יי במועדיכון בר מנדריכון ונדבתכון לעלותכון ולמנחתכון ולנסכיכון ולנכסת קודשיכון:,13,"Ταῦτα ποιήσετε Κυρίῳ ἐν ταῖς ἑορταῖς ὑμῶν, πλὴν τῶν εὐχῶν ὑμῶν, καὶ τὰ ἑκούσια ὑμῶν καὶ τὰ ὁλοκαυτώματα ὑμῶν καὶ τὰς θυσίας ὑμῶν καὶ τὰς σπονδὰς ὑμῶν καὶ τὰ σωτήρια ὑμῶν.",31,ܗܠܝܢ ܗܘܝܬܘܢ ܥ̇ܒܕܝܢ ܠܡܪܝܐ ܒܙܒܢܐ ܕܥܕܥ̈ܕܝܟܘܢ . ܣܛܪ ܡܢ ܢܕܪ̈ܝܟܘܢ. ܘܣܛܪ ܡܢ ܦܘܪ̈ܫܢܝܟܘܢ ܘܝܩ̈ܕܝܟܘܢ ܫ̈ܠܡܐ. ܘܣܡܝܕܟܘܢ ܘܢܘܩܝܟܘܢ ܘܩܘܪ̈ܒܢܝܟܘܢ.,18,"Oferecereis essas coisas ao Senhor nas vossas festas fixas, além dos vossos votos, e das vossas ofertas voluntárias, tanto para os vossos holocaustos, como para as vossas ofertas de cereais, as vossas ofertas de libações e os vossos sacrifícios de ofertas pacíficas.",42,True,True,True
29,40,Números 29:40,,,0,,0,,0,,0,"Falou, pois, Moisés aos filhos de Israel, conforme tudo o que o Senhor lhe ordenara.",15,False,False,False
30,1,Números 30:1,וַיֹּ֥אמֶר מֹשֶׁ֖ה אֶל־ בְּנֵ֣י יִשְׂרָאֵ֑ל כְּכֹ֛ל אֲשֶׁר־ צִוָּ֥ה יְהוָ֖ה אֶת־ מֹשֶֽׁה ׃ פ,ויאמר משה אל בני ישראל ככל אשר צוה יהוה את משה פ,13,ואמר משה לבני ישראל ככל די פקיד יי ית משה:,10,Καὶ ἐλάλησεν Μωυσῆς τοῖς υἱοῖς Ἰσραὴλ κατὰ πάντα ὅσα ἐνετείλατο Κύριος τῷ Μωυσῇ.,13,ܘܐܡܪ ܡܘܫܐ ܠܒܢ̈ܝ ܐܝܣܪܝܠ ܟܘܠ ܕܦܩܕ ܡܪܝܐ ܠܡܘܫܐ.,8,Depois disse Moisés aos cabeças das tribos dos filhos de Israel: Isto é o que o Senhor ordenou:,18,True,True,True
30,2,Números 30:2,וַיְדַבֵּ֤ר מֹשֶׁה֙ אֶל־ רָאשֵׁ֣י הַמַּטּ֔וֹת לִבְנֵ֥י יִשְׂרָאֵ֖ל לֵאמֹ֑ר זֶ֣ה הַדָּבָ֔ר אֲשֶׁ֖ר צִוָּ֥ה יְהוָֽה ׃,וידבר משה אל ראשי המטות לבני ישראל לאמר זה הדבר אשר צוה יהוה,14,ומליל משה עם רישי שבטיא לבני ישראל למימר דין פתגמא די פקיד יי:,13,καὶ ἐλάλησεν Μωυσῆς πρὸς τοὺς ἄρχοντας τῶν φυλῶν Ἰσραὴλ λέγων Τοῦτο τὸ ῥῆμα ὃ συνέταξεν Κύριος·,16,ܘܡܠܠ ܡܘܫܐ ܥܡ ܪ̈ܫܐ ܕܫ̈ܒܛܐ ܕܒܢ̈ܝ ܐܝܣܪܝܠ ܘܐܡܪ ܠܗܘܢ. ܗܢܐ ܗܘ ܦܬܓܡܐ ܕܦܩܕ ܡܪܝܐ.,14,"Quando um homem fizer voto ao Senhor, ou jurar, ligando-se com obrigação, não violará a sua palavra; segundo tudo o que sair da sua boca fará.",26,True,True,True
30,3,Números 30:3,אִישׁ֩ כִּֽי־ יִדֹּ֨ר נֶ֜דֶר לַֽיהוָ֗ה אֽוֹ־ הִשָּׁ֤בַע שְׁבֻעָה֙ לֶאְסֹ֤ר אִסָּר֙ עַל־ נַפְשׁ֔וֹ לֹ֥א יַחֵ֖ל דְּבָר֑וֹ כְּכָל־ הַיֹּצֵ֥א מִפִּ֖יו יַעֲשֶֽׂה ׃,איש כי ידר נדר ליהוה או השבע שבעה לאסר אסר על נפשו לא יחל דברו ככל היצא מפיו יעשה,20,גבר ארי ידר נדר קדם יי או יקים קים למסר אסר על נפשיה לא יבטל פתגמיה ככל דיפוק מפומיה יעבד:,20,"ἄνθρωπος ἄνθρωπος ὃς ἂν εὔξηται εὐχὴν Κυρίῳ ἢ ὀμόσῃ ὅρκον ὁρισμῷ ἢ ὁρίσηται περὶ τῆς ψυχῆς αὐτοῦ, οὐ βεβηλώσει τὸ ῥῆμα αὐτοῦ· πάντα ὅσα ἐὰν ἐξέλθῃ ἐκ τοῦ στόματος αὐτοῦ ποιήσει.",31,ܓܒܪܐ ܟܕ ܢܕܘܪ ܢܕܪܐ ܠܡܪܝܐ. ܘܢܐܡܐ ܒܡ̈ܘܡܬܐ ܘܢܐܣܘܪ ܐܣܪܐ ܥܠ ܢܦܫܗ. ܠܐ ܢܒܛܠ ܡܠܬܗ. ܟܠ ܡܕܡ ܕܢܦܩ ܡܢ ܦܘܡܗ ܢܥܒܕ.,20,"Também quando uma mulher, na sua mocidade, estando ainda na casa de seu pai, fizer voto ao Senhor, e com obrigação se ligar,",23,True,True,True
30,4,Números 30:4,וְאִשָּׁ֕ה כִּֽי־ תִדֹּ֥ר נֶ֖דֶר לַיהוָ֑ה וְאָסְרָ֥ה אִסָּ֛ר בְּבֵ֥ית אָבִ֖יהָ בִּנְעֻרֶֽיהָ ׃,ואשה כי תדר נדר ליהוה ואסרה אסר בבית אביה בנעריה,11,ואתתא ארי תדר נדר קדם יי ותסר איסר בבית אבוהא ברביותהא:,11,"ἐὰν δὲ γυνὴ εὔξηται εὐχὴν Κυρίῳ ἢ ὁρίσηται ὁρισμὸν ἐν τῷ οἴκῳ τοῦ πατρὸς αὐτῆς ἐν τῇ νεότητι αὐτῆς,",19,ܘܐܢܬܬܐ ܟܕ ܬܕܘܪ ܢܕܪܐ ܠܡܪܝܐ. ܘܬܐܣܘܪ ܐܣܪܐ ܥܠ ܢܦܫܗ̇ ܒܛܠܝܘܬܗ̇ ܒܝܬ ܐܒܘܗ̇.,12,"e seu pai souber do seu voto e da obrigação com que se ligou, e se calar para com ela, então todos os seus votos serão válidos, e toda a obrigação com que se ligou será válida.",37,True,True,True
30,5,Números 30:5,וְשָׁמַ֨ע אָבִ֜יהָ אֶת־ נִדְרָ֗הּ וֶֽאֱסָרָהּ֙ אֲשֶׁ֣ר אָֽסְרָ֣ה עַל־ נַפְשָׁ֔הּ וְהֶחֱרִ֥ישׁ לָ֖הּ אָבִ֑יהָ וְקָ֨מוּ֙ כָּל־ נְדָרֶ֔יהָ וְכָל־ אִסָּ֛ר אֲשֶׁר־ אָסְרָ֥ה עַל־ נַפְשָׁ֖הּ יָקֽוּם ׃,ושמע אביה את נדרה ואסרה אשר אסרה על נפשה והחריש לה אביה וקמו כל נדריה וכל אסר אשר אסרה על נפשה יקומ,23,וישמע אבוהא ית נדרה ואסרה די אסרת על נפשה וישתוק לה אבוהא ויקומון כל נדרהא וכל אסרי די אסרת על נפשה יקומון:,22,"καὶ ἀκούσῃ ὁ πατὴρ αὐτῆς τὰς εὐχὰς αὐτῆς καὶ τοὺς ὁρισμοὺς αὐτῆς οὓς ὡρίσατο κατὰ τῆς ψυχῆς αὐτῆς, καὶ παρασιωπήσῃ αὐτῆς ὁ πατήρ· καὶ στήσονται πᾶσαι αἱ εὐχαὶ αὐτῆς, καὶ πάντες οἱ ὁρισμοὶ οὓς ὡρίσατο κατὰ τῆς ψυχῆς αὐτῆς μενοῦσιν αὐτῇ.",41,ܘܢܫܡܥ ܐܒܘܗ̇ ܢܕܪ̈ܐ ܘܐܣܪ̈ܐ. ܕܐܣܪܬ ܥܠ ܢܦܫܗ̇. ܘܢܫܬܘܩ ܠܗ ܐܒܘܗ̇. ܢܬܩܝܡܘܢ ܟܠܗܘܢ ܢܕܪ̈ܐ ܘܟܠܗܘܢ ܐܣܪ̈ܐ . ܕܐܣܪܬ ܥܠ ܢܦܫܗ̇.,19,"Mas se seu pai lho vedar no dia em que o souber, todos os seus votos e as suas obrigações, com que se tiver ligado, deixarão de ser válidos; e o Senhor lhe perdoará, porquanto seu pai lhos vedou.",39,True,True,True
30,6,Números 30:6,וְאִם־ הֵנִ֨יא אָבִ֣יהָ אֹתָהּ֮ בְּי֣וֹם שָׁמְעוֹ֒ כָּל־ נְדָרֶ֗יהָ וֶֽאֱסָרֶ֛יהָ אֲשֶׁר־ אָסְרָ֥ה עַל־ נַפְשָׁ֖הּ לֹ֣א יָק֑וּם וַֽיהוָה֙ יִֽסְלַח־ לָ֔הּ כִּי־ הֵנִ֥יא אָבִ֖יהָ אֹתָֽהּ ׃,ואמ הניא אביה אתה ביומ שמעו כל נדריה ואסריה אשר אסרה על נפשה לא יקומ ויהוה יסלח לה כי הניא אביה אתה,23,ואם אעדי אבוהא יתה ביומא דשמע כל נדרהא ואסרהא די אסרת על נפשה לא יקומון ומן קדם יי ישתבק לה ארי אעדי אבוהא יתה:,24,"ἐὰν δὲ ἀνανεύων ἀνανεύσῃ ὁ πατὴρ αὐτῆς ᾗ ἂν ἡμέρᾳ ἀκούσῃ πάσας τὰς εὐχὰς αὐτῆς καὶ τοὺς ὁρισμοὺς οὓς ὡρίσατο κατὰ τῆς ψυχῆς αὐτῆς, οὐ στήσονται· καὶ Κύριος καθαριεῖ αὐτήν, ὅτι ἀνένευσεν ὁ πατὴρ αὐτῆς.",35,ܘܐܢ ܢܒܛܠ ܐܢܘܢ ܐܒܘܗ̇ ܒܝܘܡܐ ܕܫ̇ܡܥ. ܟܠܗܘܢ ܢܕܪ̈ܐ ܘܟܠܗܘܢ ܐܣܪ̈ܐ. ܕܐܣܪܬ ܥܠ ܢܦܫܗ̇. ܠܐ ܢܬܩܝܡܘܢ . ܘܡܪܝܐ ܢܫܒܘܩ ܠܗ̇. ܡܛܠ ܕܒܛܠ ܐܢܘܢ ܐܒܘܗ̇.,23,"Se ela se casar enquanto ainda estiverem sobre ela os seus votos ou o dito irrefletido dos seus lábios, com que se tiver obrigado,",24,True,True,True
30,7,Números 30:7,וְאִם־ הָי֤וֹ תִֽהְיֶה֙ לְאִ֔ישׁ וּנְדָרֶ֖יהָ עָלֶ֑יהָ א֚וֹ מִבְטָ֣א שְׂפָתֶ֔יהָ אֲשֶׁ֥ר אָסְרָ֖ה עַל־ נַפְשָֽׁהּ ׃,ואמ היו תהיה לאיש ונדריה עליה או מבטא שפתיה אשר אסרה על נפשה,14,ואם מהוה תהוי לגבר ונדרהא עלה או פרוש ספותהא די אסרת על נפשה:,13,"ἐὰν δὲ γενομένη γένηται ἀνδρί, καὶ αἱ εὐχαὶ αὐτῆς ἐπ᾽ αὐτῇ κατὰ τὴν διαστολὴν τῶν χειλέων αὐτῆς, οὓς ὡρίσατο κατὰ τῆς ψυχῆς αὐτῆς,",23,ܘܐܢ ܬܗܘܐ ܠܓܒܪܐ ܘܢܕܪ̈ܝܗ̇ ܥܠܝܗ̇. ܐܘ ܦܘܪܫܢܐ ܕܣ̈ܦܘܬܗ̇. ܕܐܣܪܬ ܥܠ ܢܦܫܗ̇.,11,"e seu marido o souber e se calar para com ela no dia em que o souber, os votos dela serão válidos; e as obrigações com que se ligou serão válidas.",31,True,True,True
30,8,Números 30:8,וְשָׁמַ֥ע אִישָׁ֛הּ בְּי֥וֹם שָׁמְע֖וֹ וְהֶחֱרִ֣ישׁ לָ֑הּ וְקָ֣מוּ נְדָרֶ֗יהָ וֶֽאֱסָרֶ֛הָ אֲשֶׁר־ אָסְרָ֥ה עַל־ נַפְשָׁ֖הּ יָקֻֽמוּ ׃,ושמע אישה ביומ שמעו והחריש לה וקמו נדריה ואסרה אשר אסרה על נפשה יקמו,15,וישמע בעלה ביומא דשמע וישתוק לה ויקומון נדרהא ואסרהא די אסרת על נפשה יקומון:,14,"καὶ ἀκούσῃ ὁ ἀνὴρ αὐτῆς, καὶ παρασιωπήσῃ αὐτῇ ᾗ ἂν ἡμέρᾳ ἀκούσῃ· καὶ οὕτως στήσονται πᾶσαι αἱ εὐχαὶ αὐτῆς, καὶ οἱ ὁρισμοὶ αὐτῆς οὓς ὡρίσατο κατὰ τῆς ψυχῆς αὐτῆς στήσονται.",30,ܘܢܫܡܥ ܒܥܠܗ̇ ܒܝܘܡܐ ܕܫ̇ܡܥ ܘܢܫܬܘܩ ܠܗ. ܢܬܩܝܡܘܢ ܟܠܗܘܢ ܢܕܪ̈ܐ. ܘܐܣܪ̈ܐ ܕܐܣܪܬ ܥܠ ܢܦܫܗ̇ ܢܬܩܝܡܘܢ.,14,"Mas se seu marido lho vedar no dia em que o souber, anulará o voto que estiver sobre ela, como também o dito irrefletido dos seus lábios, com que se tiver obrigado; e o senhor lhe perdoará.",37,True,True,True
30,9,Números 30:9,וְ֠אִם בְּי֨וֹם שְׁמֹ֣עַ אִישָׁהּ֮ יָנִ֣יא אוֹתָהּ֒ וְהֵפֵ֗ר אֶת־ נִדְרָהּ֙ אֲשֶׁ֣ר עָלֶ֔יהָ וְאֵת֙ מִבְטָ֣א שְׂפָתֶ֔יהָ אֲשֶׁ֥ר אָסְרָ֖ה עַל־ נַפְשָׁ֑הּ וַיהוָ֖ה יִֽסְלַֽח־ לָֽהּ ׃,ואמ ביומ שמע אישה יניא אותה והפר את נדרה אשר עליה ואת מבטא שפתיה אשר אסרה על נפשה ויהוה יסלח לה,22,ואם ביומא דשמע בעלה אעדי יתה ובטל ית נדרהא די עלה וית פרוש ספותהא די אסרת על נפשה ומן קדם יי ישתביק לה:,23,"ἐὰν δὲ ἀνανεύων ἀνανεύσῃ ὁ ἀνὴρ αὐτῆς ᾗ ἐὰν ἡμέρᾳ ἀκούσῃ, πᾶσαι αἱ εὐχαὶ αὐτῆς καὶ οἱ ὁρισμοὶ αὐτῆς οὓς ὡρίσατο κατὰ τῆς ψυχῆς αὐτῆς οὐ μενοῦσιν, ὅτι ὁ ἀνὴρ ἀνένευσεν ἀπ᾽ αὐτῆς· καὶ Κύριος καθαριεῖ αὐτήν.",37,ܘܐܢ ܒܝܘܡܐ ܕܫܡܥ ܒܥܠܗ̇ ܒܛܠ ܐܢܘܢ. ܢܒܛܠܘܢ ܢܕܪ̈ܐ ܘܦܘܪ̈ܫܢܐ ܕܣ̈ܦܘܬܗ̇. ܕܐܣܪܬ ܥܠ ܢܦܫܗ̇. ܘܡܪܝܐ ܢܫܒܘܩ ܠܗ̇.,16,"No tocante ao voto de uma viúva ou de uma repudiada, tudo com que se obrigar ser-lhe-á válido.",18,True,True,True
30,10,Números 30:10,וְנֵ֥דֶר אַלְמָנָ֖ה וּגְרוּשָׁ֑ה כֹּ֛ל אֲשֶׁר־ אָסְרָ֥ה עַל־ נַפְשָׁ֖הּ יָק֥וּם עָלֶֽיהָ ׃,ונדר אלמנה וגרושה כל אשר אסרה על נפשה יקומ עליה,11,ונדר ארמלא ומתרכא כל די אסרת על נפשה יקום עלה:,10,"καὶ εὐχὴ χήρας καὶ ἐκβεβλημένης, ὅσα ἂν εὔξηται κατὰ τῆς ψυχῆς αὐτῆς, μενοῦσιν αὐτῇ.",14,ܘܢܕܪܐ ܕܐܪܡܠܬܐ ܘܕܫܒܝܩܬܐ. ܟܘܠ ܕܐܣ̇ܪܐ ܥܠ ܢܦܫܗ̇ ܢܬܩܝܡ ܥܠܝܗ̇.,9,"Se ela, porém, fez voto na casa de seu marido, ou se obrigou com juramento,",15,True,True,True
30,11,Números 30:11,וְאִם־ בֵּ֥ית אִישָׁ֖הּ נָדָ֑רָה אֽוֹ־ אָסְרָ֥ה אִסָּ֛ר עַל־ נַפְשָׁ֖הּ בִּשְׁבֻעָֽה ׃,ואמ בית אישה נדרה או אסרה אסר על נפשה בשבעה,11,ואם בית בעלה נדרת או אסרת אסר על נפשה בקיום:,10,"ἐὰν δὲ ἐν τῷ οἴκῳ τοῦ ἀνδρὸς αὐτῆς ἡ εὐχὴ αὐτῆς ἢ ὁ ὁρισμὸς κατὰ τῆς ψυχῆς αὐτῆς μεθ᾽ ὅρκου,",20,ܘܐܢ ܒܝܬ ܒܥܠܗ̇ ܢܕܪܬ. ܐܘ ܐܣܪܬ ܐܣܪܐ ܥܠ ܢܦܫܗ̇ ܒܡ̈ܘܡܬܐ.,10,"e seu marido o soube e se calou para com ela, não lho vedando, todos os seus votos serão válidos; e toda a obrigação com que se ligou será válida.",30,True,True,True
30,12,Números 30:12,וְשָׁמַ֤ע אִישָׁהּ֙ וְהֶחֱרִ֣שׁ לָ֔הּ לֹ֥א הֵנִ֖יא אֹתָ֑הּ וְקָ֨מוּ֙ כָּל־ נְדָרֶ֔יהָ וְכָל־ אִסָּ֛ר אֲשֶׁר־ אָסְרָ֥ה עַל־ נַפְשָׁ֖הּ יָקֽוּם ׃,ושמע אישה והחרש לה לא הניא אתה וקמו כל נדריה וכל אסר אשר אסרה על נפשה יקומ,18,וישמע בעלה וישתוק לה לא אעדי יתהון ויקומון כל נדרהא וכל אסרי די אסרת על נפשה יקומון:,17,"καὶ ἀκούσῃ ὁ ἀνὴρ αὐτῆς, καὶ παρασιωπήσῃ αὐτῇ καὶ μὴ ἀνανεύσῃ αὐτῇ· καὶ στήσονται πᾶσαι αἱ εὐχαὶ αὐτῆς, καὶ πάντες οἱ ὁρισμοὶ αὐτῆς οὓς ὡρίσατο κατὰ τῆς ψυχῆς αὐτῆς στήσονται κατ᾽ αὐτῆς.",32,ܘܢܫܡܥ ܒܥܠܗ̇ ܘܢܫܬܘܩ ܠܗ ܘܠܐ ܢܒܛܠ ܐܢܘܢ. ܢܬܩܝܡܘܢ ܟܠܗܘܢ ܢܕܪ̈ܐ. ܘܟܠܗܘܢ ܐܣܪ̈ܐ ܕܐܣܪܬ ܥܠ ܢܦܫܗ̇ ܢܬܩܝܡܘܢ .,17,"Se, porém, seu marido de todo lhos anulou no dia em que os soube, deixará de ser válido tudo quanto saiu dos lábios dela, quer no tocante aos seus votos, quer no tocante àquilo a que se obrigou; seu marido lhos anulou; e o senhor lhe perdoará.",47,True,True,True
30,13,Números 30:13,וְאִם־ הָפֵר֩ יָפֵ֨ר אֹתָ֥ם ׀ אִישָׁהּ֮ בְּי֣וֹם שָׁמְעוֹ֒ כָּל־ מוֹצָ֨א שְׂפָתֶ֧יהָ לִנְדָרֶ֛יהָ וּלְאִסַּ֥ר נַפְשָׁ֖הּ לֹ֣א יָק֑וּם אִישָׁ֣הּ הֲפֵרָ֔ם וַיהוָ֖ה יִֽסְלַֽח־ לָֽהּ ׃,ואמ הפר יפר אתמ אישה ביומ שמעו כל מוצא שפתיה לנדריה ולאסר נפשה לא יקומ אישה הפרמ ויהוה יסלח לה,22,ואם בטלא יבטל יתהון בעלה ביומא די שמע כל אפקות ספותהא לנדרהא ולאסר נפשה לא יקומון בעלה בטלנון ומן קדם יי ישתביק לה:,23,"ἐὰν δὲ περιελὼν περιέλῃ ὁ ἀνὴρ αὐτῆς ᾗ ἂν ἡμέρᾳ ἀκούσῃ πάντα, ὅσα ἐὰν ἐξέλθῃ ἐκ τῶν χειλέων αὐτῆς κατὰ τὰς εὐχὰς αὐτῆς καὶ κατὰ τοὺς ὁρισμοὺς τοὺς κατὰ τῆς ψυχῆς αὐτῆς, οὐ μενεῖ αὐτῇ· ὁ ἀνὴρ αὐτῆς περιεῖλεν, καὶ Κύριος καθαρίσει αὐτήν.",43,ܘܐܢ ܡܒܛܠܘ ܢܒܛܠ ܐܢܘܢ ܒܥܠܗ̇ ܒܝܘܡܐ ܕܫܡܥ. ܟܠ ܡܕܡ ܕܢܦܩ ܡܢ ܣܦܘ̈ܬܗ̇ ܠܢܕܪ̈ܝܗ̇ ܘܠܐܣܪ̈ܐ ܕܐܣܪܬ ܥܠ ܢܦܫܗ̇ ܠܐ ܢܬܩܝܡܘܢ. ܡܛܠ ܕܒܥܠܗ̇ ܒܛܠ ܐܢܘܢ. ܘܡܪܝܐ ܢܫܒܘܩ ܠܗ̇.,26,"Todo voto, e todo juramento de obrigação, que ela tiver feito para afligir a alma, seu marido pode confirmá-lo, ou pode anulá-lo.",22,True,True,True
30,14,Números 30:14,כָּל־ נֵ֛דֶר וְכָל־ שְׁבֻעַ֥ת אִסָּ֖ר לְעַנֹּ֣ת נָ֑פֶשׁ אִישָׁ֥הּ יְקִימֶ֖נּוּ וְאִישָׁ֥הּ יְפֵרֶֽנּוּ ׃,כל נדר וכל שבעת אסר לענת נפש אישה יקימנו ואישה יפרנו,12,כל נדר וכל קיומת אסר לסגפא נפש בעלה יקימנון ובעלה יבטלנון:,11,"πᾶσα εὐχὴ καὶ πᾶς ὅρκος δεσμοῦ κακῶσαι ψυχήν, ὁ ἀνὴρ αὐτῆς στήσει αὐτῇ καὶ ὁ ἀνὴρ αὐτῆς περιελεῖ.",18,ܟܠܗܘܢ ܢܕܪ̈ܐ ܘܟܠܗܝܢ ܡ̈ܘܡܝܬܐ ܕܐܣܪ̈ܐ ܕܡܣܓܦܝܢ ܢܦܫܐ. ܒܥܠܗ̇ ܢܩܝܡ ܐܢܘܢ. ܘܒܥܠܗ̇ ܢܒܛܠ ܐܢܘܢ.,13,"Se, porém, seu marido, de dia em dia, se calar inteiramente para com ela, confirma todos os votos e todas as obrigações que estiverem sobre ela; ele lhos confirmou, porquanto se calou para com ela no dia em que os soube.",41,True,True,True
30,15,Números 30:15,וְאִם־ הַחֲרֵשׁ֩ יַחֲרִ֨ישׁ לָ֥הּ אִישָׁהּ֮ מִיּ֣וֹם אֶל־ יוֹם֒ וְהֵקִים֙ אֶת־ כָּל־ נְדָרֶ֔יהָ א֥וֹ אֶת־ כָּל־ אֱסָרֶ֖יהָ אֲשֶׁ֣ר עָלֶ֑יהָ הֵקִ֣ים אֹתָ֔ם כִּי־ הֶחֱרִ֥שׁ לָ֖הּ בְּי֥וֹם שָׁמְעֽוֹ ׃,ואמ החרש יחריש לה אישה מיומ אל יומ והקימ את כל נדריה או את כל אסריה אשר עליה הקימ אתמ כי החרש לה ביומ שמעו,26,ואם משתק ישתוק לה בעלה מיום ליום ויקים ית כל נדרהא או ית כל אסרהא די עלה קים יתהון ארי שתק לה ביומא דשמע:,24,"ἐὰν δὲ σιωπῶν παρασιωπήσῃ αὐτῇ ἡμέραν ἐξ ἡμέρας, καὶ στήσει αὐτῇ πάσας τὰς εὐχὰς αὐτῆς, καὶ τοὺς ὁρισμοὺς τοὺς ἐπ᾽ αὐτῆς στήσει αὐτῇ, ὅτι ἐσιώπησεν αὐτῇ τῇ ἡμέρᾳ ἣν ἤκουσεν.",30,ܘܐܢ ܡܫܬܩ ܢܫܬܘܩ ܠܗ ܒܥܠܗ̇ ܡܢ ܝܘܡ ܠܝܘܡ. ܢܬܩܝܡܘܢ ܟܠܗܘܢ ܢܕܪ̈ܐ. ܘܟܠܗܘܢ ܐܣܪ̈ܐ ܕܐܣܪܬ ܥܠ ܢܦܫܗ̇ . ܡܛܘܠ ܕܫܬܩ ܠܗ ܒܥܠܗ̇ ܒܝܘܡܐ ܕܫܡܥ.,23,"Mas se de todo lhos anular depois de os ter sabido, ele levará sobre si a iniqüidade dela.",18,True,True,True
30,16,Números 30:16,וְאִם־ הָפֵ֥ר יָפֵ֛ר אֹתָ֖ם אַחֲרֵ֣י שָׁמְע֑וֹ וְנָשָׂ֖א אֶת־ עֲוֺנָֽהּ ׃,ואמ הפר יפר אתמ אחרי שמעו ונשא את עונה,10,ואם בטלא יבטל יתהון בתר דשמע ויקבל ית חובה:,9,"ἐὰν δὲ περιελὼν περιέλῃ αὐτῆς μετὰ τὴν ἡμέραν ἣν ἤκουσεν, καὶ λήμψεται τὴν ἁμαρτίαν αὐτοῦ.",15,ܘܐܢ ܡܒܛܠܘ ܢܒܛܠ ܐܢܘܢ ܡܢ ܒܬܪ ܕܫ̇ܡܥ. ܢܩܒܠ ܚܛܗܗ.,9,"Esses são os estatutos que o Senhor ordenou a Moisés, entre o marido e sua mulher, entre o pai e sua filha, na sua mocidade, em casa de seu pai.",30,True,True,True
30,17,Números 30:17,אֵ֣לֶּה הַֽחֻקִּ֗ים אֲשֶׁ֨ר צִוָּ֤ה יְהוָה֙ אֶת־ מֹשֶׁ֔ה בֵּ֥ין אִ֖ישׁ לְאִשְׁתּ֑וֹ בֵּֽין־ אָ֣ב לְבִתּ֔וֹ בִּנְעֻרֶ֖יהָ בֵּ֥ית אָבִֽיהָ ׃ פ,אלה החקימ אשר צוה יהוה את משה בינ איש לאשתו בינ אב לבתו בנעריה בית אביה פ,18,אלין קימיא די פקיד יי ית משה בין גבר לאתתיה בין אבא לברתיה ברביותהא בית אבוהא:,16,"ταῦτα τὰ δικαιώματα ὅσα ἐνετείλατο Κύριος τῷ Μωυσῇ ἀνὰ μέσον ἀνδρὸς καὶ γυναικὸς αὐτοῦ, καὶ ἀνὰ μέσον πατρὸς καὶ θυγατρὸς ἐν νεότητι ἐν οἴκῳ πατρός.",25,ܗܠܝܢ ܢܡܘܣ̈ܐ ܕܦܩܕ ܡܪܝܐ ܠܡܘܫܐ. ܒܝܬ ܓܒܪܐ ܠܐܢܬܬܗ. ܘܒܝܬ ܐܒܐ ܠܒܪܬܗ ܒܛܠܝܘܬܗ̇ ܒܝܬ ܐܒܘܗ̇.,14,,0,True,True,True
31,1,Números 31:1,וַיְדַבֵּ֥ר יְהוָ֖ה אֶל־ מֹשֶׁ֥ה לֵּאמֹֽר ׃,וידבר יהוה אל משה לאמר,6,ומליל יי עם משה למימר:,5,Καὶ ἐλάλησεν Κύριος πρὸς Μωυσῆν λέγων,6,ܘܡܠܠ ܡܪܝܐ ܥܡ ܡܘܫܐ ܘܐܡܪ ܠܗ.,6,Disse mais o Senhor a Moisés:,6,True,True,True
31,2,Números 31:2,נְקֹ֗ם נִקְמַת֙ בְּנֵ֣י יִשְׂרָאֵ֔ל מֵאֵ֖ת הַמִּדְיָנִ֑ים אַחַ֖ר תֵּאָסֵ֥ף אֶל־ עַמֶּֽיךָ ׃,נקמ נקמת בני ישראל מאת המדינימ אחר תאספ אל עמיכ,11,אתפרע פרענות בני ישראל מן מדינאי בתר כן תתכנש לעמיך:,10,"Ἐκδίκει τὴν ἐκδίκησιν υἱῶν Ἰσραὴλ ἐκ τῶν Μαδιανειτῶν, καὶ ἔσχατον προστεθήσῃ πρὸς τὸν λαόν σου.",15,ܐܬܬܒܥ ܥܝܪܬܐ ܕܒܢ̈ܝ ܐܝܣܪܝܠ ܡܢ ܡܕܝܢ̈ܝܐ. ܘܗܝܕܝܢ ܬܬܟܢܫ ܠܘܬ ܥܡܟ.,10,Vinga os filhos de Israel dos midianitas; depois serás recolhido ao teu povo.,13,True,True,True
31,3,Números 31:3,וַיְדַבֵּ֤ר מֹשֶׁה֙ אֶל־ הָעָ֣ם לֵאמֹ֔ר הֵחָלְצ֧וּ מֵאִתְּכֶ֛ם אֲנָשִׁ֖ים לַצָּבָ֑א וְיִהְיוּ֙ עַל־ מִדְיָ֔ן לָתֵ֥ת נִקְמַת־ יְהוָ֖ה בְּמִדְיָֽן ׃,וידבר משה אל העמ לאמר החלצו מאתכמ אנשימ לצבא ויהיו על מדינ לתת נקמת יהוה במדינ,17,ומליל משה עם עמא למימר זריזו מנכון גברין לחילא ויהון על מדין למיהב פרענות דין עמא דיי במדין:,18,"καὶ ἐλάλησεν Μωυσῆς πρὸς τὸν λαὸν λέγων Ἐξοπλίσατε ἐξ ὑμῶν ἄνδρας, παρατάξασθαι ἔναντι Κυρίου ἐπὶ Μαδιάν, ἀποδοῦναι ἐκδίκησιν παρὰ τοῦ κυρίου τῇ Μαδιάν·",23,ܘܐܡܪ ܡܘܫܐ ܠܥܡܐ . ܙܝܢܘ ܡܢܟܘܢ ܓܒܪ̈ܐ ܠܚܝܠܐ. ܘܢܗܘܘܢ ܥܠ ܡܕܝܢ̈ܝܐ ܘܢܬܒܥܘܢ ܬܒܥܬܗ ܕܡܪܝܐ ܡܢ ܡܕܝܢ̈ܝܐ.,16,"Falou, pois, Moisés ao povo, dizendo: Armai homens dentre vós para a guerra, a fim de que saiam contra Midiã, para executarem a vingança do Senhor sobre Midiã.",28,True,True,True
31,4,Números 31:4,אֶ֚לֶף לַמַּטֶּ֔ה אֶ֖לֶף לַמַּטֶּ֑ה לְכֹל֙ מַטּ֣וֹת יִשְׂרָאֵ֔ל תִּשְׁלְח֖וּ לַצָּבָֽא ׃,אלפ למטה אלפ למטה לכל מטות ישראל תשלחו לצבא,10,אלפא לשבטא אלפא לשבטא לכל שבטיא דישראל תשלחון לחילא:,9,"χίλιοι ἐκ φυλῆς, χίλιοι ἐκ φυλῆς· ἐκ πασῶν φυλῶν Ἰσραὴλ ἀποστείλατε παρατάξασθαι.",12,ܐܠܦ ܐܠܦ ܡܢ ܫܒܛܐ. ܡܢ ܟܠܗܘܢ ܫܒ̈ܛܐ ܕܒܢ̈ܝ ܐܝܣܪܝܠ. ܫܕܪܘ ܒܚܝܠܐ.,11,Enviareis à guerra mil de cada tribo entre todas as tribos de Israel.,13,True,True,True
31,5,Números 31:5,וַיִּמָּֽסְרוּ֙ מֵאַלְפֵ֣י יִשְׂרָאֵ֔ל אֶ֖לֶף לַמַּטֶּ֑ה שְׁנֵים־ עָשָׂ֥ר אֶ֖לֶף חֲלוּצֵ֥י צָבָֽא ׃,וימסרו מאלפי ישראל אלפ למטה שנימ עשר אלפ חלוצי צבא,11,ואתבחרו מאלפיא דישראל אלפא לשבטא תרי עשר אלפין מזרזי חילא:,10,"καὶ ἐξηρίθμησαν ἐκ τῶν χιλιάδων Ἰσραήλ, χιλίους ἐκ φυλῆς· ιβ᾽ χιλιάδες, ἐνωπλισμένοι εἰς παράταξιν.",14,ܘܐܬܓܒܝܘ ܡܢ ܐ̈ܠܦܐ ܕܒܢ̈ܝ ܐܝܣܪܝܠ ܐܠܦܐ ܡܢ ܫܒܛܐ. ܬܪ̈ܥܣܪ ܐ̈ܠܦܝܢ ܕܡܙܝܢܝܢ ܒܚܝܠܐ.,12,"Assim foram entregues dos milhares de Israel, mil de cada tribo, doze mil armados para a peleja.",17,True,True,True
31,6,Números 31:6,וַיִּשְׁלַ֨ח אֹתָ֥ם מֹשֶׁ֛ה אֶ֥לֶף לַמַּטֶּ֖ה לַצָּבָ֑א אֹ֠תָם וְאֶת־ פִּ֨ינְחָ֜ס בֶּן־ אֶלְעָזָ֤ר הַכֹּהֵן֙ לַצָּבָ֔א וּכְלֵ֥י הַקֹּ֛דֶשׁ וַחֲצֹצְר֥וֹת הַתְּרוּעָ֖ה בְּיָדֽוֹ ׃,וישלח אתמ משה אלפ למטה לצבא אתמ ואת פינחס בנ אלעזר הכהנ לצבא וכלי הקדש וחצצרות התרועה בידו,19,ושלח יתהון משה אלפא לשבטא לחילא יתהון וית פינחס בר אלעזר כהנא לחילא ומני דקודשא וחצצרת יבבתא בידיה:,18,"καὶ ἀπέστειλεν αὐτοὺς Μωυσῆς χιλίους ἐκ φυλῆς, χιλίους ἐκ φυλῆς, σὺν δυνάμει αὐτῶν, καὶ Φινεὲς υἱὸν Ἐλεαζὰρ υἱοῦ Ἀαρὼν τοῦ ἱερέως· καὶ τὰ σκεύη τὰ ἅγια καὶ αἱ σάλπιγγες τῶν σημασιῶν ἐν ταῖς χερσὶν αὐτῶν.",35,ܘܫܕܪ ܐܢܘܢ ܡܘܫܐ ܐܠܦ ܡܢ ܫܒܛܐ. ܬܪ̈ܥܣܪ ܐ̈ܠܦܝܢ ܕܡܙܝܢ̈ܝܢ. ܠܗܘܢ ܘܠܦܝܢܚܣ ܒܪ ܐܠܝܥܙܪ ܟܗܢܐ ܒܚܝܠܐ . ܘܡܐ̈ܢܐ ܕܩܘܕܫܐ ܘܩܪ̈ܢܬܐ ܕܝܘܒܒܐ ܒܐܝܕܗ.,21,"E Moisés mandou à guerra esses mil de cada tribo, e com eles Finéias, filho de Eleazar, o sacerdote, o qual levava na mão os vasos do santuário e as trombetas para tocarem o alarme.",35,True,True,True
31,7,Números 31:7,וַֽיִּצְבְּאוּ֙ עַל־ מִדְיָ֔ן כַּאֲשֶׁ֛ר צִוָּ֥ה יְהוָ֖ה אֶת־ מֹשֶׁ֑ה וַיַּֽהַרְג֖וּ כָּל־ זָכָֽר ׃,ויצבאו על מדינ כאשר צוה יהוה את משה ויהרגו כל זכר,12,ואתחילו על מדין כמא די פקיד יי ית משה וקטלו כל דכורא:,12,"καὶ παρετάξαντο ἐπὶ Μαδιάν, καθὰ ἐνετείλατο Κύριος τῷ Μωυσῇ, καὶ ἀπέκτειναν πᾶν ἀρσενικόν·",13,ܘܐܬܚܝܠܘ ܥܠ ܡܕܝܢ ܐܝܟ ܕܦܩܕ ܡܪܝܐ ܠܡܘܫܐ. ܘܩܛܠܘ ܟܠ ܕܟܪ̈ܐ.,10,"E pelejaram contra Midiã, como o senhor ordenara a Moisés; e mataram a todos os homens.",16,True,True,True
31,8,Números 31:8,וְאֶת־ מַלְכֵ֨י מִדְיָ֜ן הָרְג֣וּ עַל־ חַלְלֵיהֶ֗ם אֶת־ אֱוִ֤י וְאֶת־ רֶ֨קֶם֙ וְאֶת־ צ֤וּר וְאֶת־ חוּר֙ וְאֶת־ רֶ֔בַע חֲמֵ֖שֶׁת מַלְכֵ֣י מִדְיָ֑ן וְאֵת֙ בִּלְעָ֣ם בֶּן־ בְּע֔וֹר הָרְג֖וּ בֶּחָֽרֶב ׃,ואת מלכי מדינ הרגו על חלליהמ את אוי ואת רקמ ואת צור ואת חור ואת רבע חמשת מלכי מדינ ואת בלעמ בנ בעור הרגו בחרב,26,וית מלכי מדין קטלו על קטיליהון ית אוי וית רקם וית צור וית חור וית רבע חמשא מלכי מדין וית בלעם בר בעור קטלו בחרבא:,25,"καὶ τοὺς βασιλεῖς Μαδιὰν ἀπέκτειναν ἅμα τοῖς τραυματίαις αὐτῶν, καὶ τὸν Εὐεὶν καὶ τὸν Σοὺρ καὶ τὸν Ῥόκομ καὶ τὸν Οὓρ καὶ τὸν Ῥόβοκ, πέντε βασιλεῖς Μαδιάμ· καὶ τὸν Βαλαὰμ υἱὸν Βεὼρ ἀπέκτειναν ἐν ῥομφαίᾳ σὺν τοῖς τραυματίαις αὐτῶν.",39,ܘܠܡ̈ܠܟܐ ܕܡܕܝܢ ܩܛܠܘ. ܥܡ ܩ̈ܛܝܠܝܗܘܢ. ܠܐܘܝ ܘܠܪܩܡ. ܘܠܨܘܪ ܘܠܚܘܪ ܘܠܪܒܥ. ܚܡܫܐ ܡ̈ܠܟܐ ܡܕܝܢ̈ܝܐ . ܘܠܒܠܥܡ ܒܪ ܒܥܘܪ ܩܛܠܘ ܒܚܪܒܐ.,19,"Com eles mataram também os reis de Midiã, a saber, Evi, Requem, Zur, Hur e Reba, cinco reis de Midiã; igualmente mataram à espada a Balaão, filho de Beor.",29,True,True,True
31,9,Números 31:9,וַיִּשְׁבּ֧וּ בְנֵי־ יִשְׂרָאֵ֛ל אֶת־ נְשֵׁ֥י מִדְיָ֖ן וְאֶת־ טַפָּ֑ם וְאֵ֨ת כָּל־ בְּהֶמְתָּ֧ם וְאֶת־ כָּל־ מִקְנֵהֶ֛ם וְאֶת־ כָּל־ חֵילָ֖ם בָּזָֽזוּ ׃,וישבו בני ישראל את נשי מדינ ואת טפמ ואת כל בהמתמ ואת כל מקנהמ ואת כל חילמ בזזו,19,ושבו בני ישראל ית נשי מדין וית טפלהון וית כל בעירהון וית כל גיתיהון וית כל נכסיהון בזו:,18,"καὶ ἐπρονόμευσαν τὰς γυναῖκας Μαδιάν, καὶ τὴν ἀποσκευὴν αὐτῶν καὶ τὰ κτήνη αὐτῶν καὶ πάντα τὰ ἔνκτητα αὐτῶν καὶ τὴν δύναμιν αὐτῶν ἐπρονόμευσαν·",23,ܘܫܒܘ ܒܢ̈ܝ ܐܝܣܪܝܠ ܠܢܫ̈ܐ ܕܡܕܝܢ. ܘܠܝܩܪܬܗܘܢ ܘܠܟܠܗ̇ ܒܥܝܪܗܘܢ. ܘܠܟܠܗ ܩܢܝܢܗܘܢ ܘܠܟܠܗܘܢ ܢܟܣ̈ܝܗܘܢ ܒܙܘ.,13,"Também os filhos de Israel levaram presas as mulheres dos midianitas e os seus pequeninos; e despojaram-nos de todo o seu gado, e de todos os seus rebanhos, enfim, de todos os seus bens;",34,True,True,True
31,10,Números 31:10,וְאֵ֤ת כָּל־ עָרֵיהֶם֙ בְּמ֣וֹשְׁבֹתָ֔ם וְאֵ֖ת כָּל־ טִֽירֹתָ֑ם שָׂרְפ֖וּ בָּאֵֽשׁ ׃,ואת כל עריהמ במושבתמ ואת כל טירתמ שרפו באש,10,וית כל קרויהון במותבניהון וית כל בית סגדתהון אוקידו בנורא:,10,καὶ πάσας τὰς πόλεις αὐτῶν τὰς ἐν ταῖς οἰκίαις αὐτῶν καὶ τὰς ἐπαύλεις αὐτῶν ἐνέπρησαν ἐν πυρί.,17,ܘܠܟܠܗܝܢ ܩܘܪ̈ܝܐ ܕܒܝܬ ܡܥܡܪܗܘܢ. ܘܠܟܠܗܘܢ ܫܛܚ̈ܝܗܘܢ ܐܘܩܕܘ ܒܢܘܪܐ.,8,queimaram a fogo todas as cidades em que eles habitavam e todos os seus acampamentos;,15,True,True,True
31,11,Números 31:11,וַיִּקְחוּ֙ אֶת־ כָּל־ הַשָּׁלָ֔ל וְאֵ֖ת כָּל־ הַמַּלְק֑וֹחַ בָּאָדָ֖ם וּבַבְּהֵמָֽה ׃,ויקחו את כל השלל ואת כל המלקוח באדמ ובבהמה,10,ושבו ית כל עדאה וית כל דברתא באנשא ובבעירא:,9,"καὶ ἔλαβον πᾶσαν τὴν προνομὴν καὶ πάντα τὰ σκῦλα αὐτῶν, ἀπὸ ἀνθρώπου ἕως κτήνους·",14,ܘܕܒܪܘ ܠܟܠܗ̇ ܫܒܝܬܐ ܘܠܟܠܗ̇ ܕܒܪܬܐ ܕܒܢ̈ܝ ܐܢܫܐ ܘܕܒܥܝܪ̈ܐ.,8,"tomaram todo o despojo e toda a presa, tanto de homens como de animais;",14,True,True,True
31,12,Números 31:12,וַיָּבִ֡אוּ אֶל־ מֹשֶׁה֩ וְאֶל־ אֶלְעָזָ֨ר הַכֹּהֵ֜ן וְאֶל־ עֲדַ֣ת בְּנֵֽי־ יִשְׂרָאֵ֗ל אֶת־ הַשְּׁבִ֧י וְאֶת־ הַמַּלְק֛וֹחַ וְאֶת־ הַשָּׁלָ֖ל אֶל־ הַֽמַּחֲנֶ֑ה אֶל־ עַֽרְבֹ֣ת מוֹאָ֔ב אֲשֶׁ֖ר עַל־ יַרְדֵּ֥ן יְרֵחֽוֹ ׃ ס,ויבאו אל משה ואל אלעזר הכהנ ואל עדת בני ישראל את השבי ואת המלקוח ואת השלל אל המחנה אל ערבת מואב אשר על ירדנ ירחו ס,27,ואיתיו לות משה ולות אלעזר כהנא ולות כנשתא דבני ישראל ית שביא וית דברתא וית עדאה למשריתא למישריא דמואב די על ירדנא דירחו:,23,"καὶ ἤγαγον πρὸς Μωυσῆν καὶ πρὸς Ἐλεαζὰρ τὸν ἱερέα καὶ πρὸς πάντας υἱοὺς Ἰσραὴλ τὴν αἰχμαλωσίαν καὶ τὰ σκῦλα καὶ τὴν προνομήν, εἰς τὴν παρεμβολὴν εἰς Ἀραβὼθ Μωάβ, ἥ ἐστιν ἐπὶ τοῦ Ἰορδάνου κατὰ Ἰερειχώ.",35,ܘܐܝܬܝܘܗ̇ ܠܘܬ ܡܘܫܐ ܘܠܘܬ ܐܠܝܥܙܪ ܟܗܢܐ. ܘܠܘܬ ܟܠܗ̇ ܟܢܘܫܬܐ ܕܒܢ̈ܝ ܐܝܣܪܝܠ ܫܒܝܬܐ ܘܕܒܪܬܐ ܘܒܙܬܐ ܠܡܫܪܝܬܐ . ܠܥܪܒܘܬ ܡܘܐܒ ܕܥܠ ܝܘܪܕܢܢ ܕܐܝܪܝܚܘ.,21,"e trouxeram os cativos e a presa e o despojo a Moisés, a Eleazar, o sacerdote, e à congregação dos filhos de Israel, ao arraial, nas planícies de Moabe, que estão junto do Jordão, na altura de Jericó.",38,True,True,True
31,13,Números 31:13,וַיֵּ֨צְא֜וּ מֹשֶׁ֨ה וְאֶלְעָזָ֧ר הַכֹּהֵ֛ן וְכָל־ נְשִׂיאֵ֥י הָעֵדָ֖ה לִקְרָאתָ֑ם אֶל־ מִח֖וּץ לַֽמַּחֲנֶֽה ׃,ויצאו משה ואלעזר הכהנ וכל נשיאי העדה לקראתמ אל מחוצ למחנה,12,ונפקו משה ואלעזר כהנא וכל רברבי כנשתא לקדמותהון למברא למשריתא:,10,Καὶ ἐξῆλθεν Μωυσῆς καὶ Ἐλεαζὰρ ὁ ἱερεὺς καὶ πάντες οἱ ἄρχοντες τῆς συναγωγῆς εἰς συνάντησιν αὐτοῖς ἔξω τῆς παρεμβολῆς·,19,ܘܢܦܩ ܡܘܫܐ ܘܐܠܝܥܙܪ ܟܗܢܐ. ܘܟܠܗܘܢ ܪ̈ܘܪܒܢܐ ܕܟܢܘܫܬܐ ܠܐܘܪܥܗܘܢ. ܠܒܪ ܡܢ ܡܫܪܝܬܐ.,11,"Saíram, pois, Moisés e Eleazar, o sacerdote, e todos os príncipes da congregação, ao encontro deles fora do arraial.",19,True,True,True
31,14,Números 31:14,וַיִּקְצֹ֣ף מֹשֶׁ֔ה עַ֖ל פְּקוּדֵ֣י הֶחָ֑יִל שָׂרֵ֤י הָאֲלָפִים֙ וְשָׂרֵ֣י הַמֵּא֔וֹת הַבָּאִ֖ים מִצְּבָ֥א הַמִּלְחָמָֽה ׃,ויקצפ משה על פקודי החיל שרי האלפימ ושרי המאות הבאימ מצבא המלחמה,13,ורגיז משה על דממנן על חילא רבני אלפין ורבני מאותא דאתו מחיל קרבא:,13,"καὶ ὠργίσθη Μωυσῆς ἐπὶ τοῖς ἐπισκόποις τῆς δυνάμεως, χιλιάρχοις καὶ ἑκατοντάρχοις τοῖς ἐρχομένοις ἐκ τῆς παρατάξεως τοῦ πολέμου·",18,ܘܪܓܙ ܡܘܫܐ ܥܠ ܦܩ̈ܘܕܐ ܕܚܝܠܐ. ܪ̈ܝܫܝ ܐ̈ܠܦܐ ܘܪ̈ܝܫܝ ܡܐ̈ܘܬܐ. ܕܐܬܘ ܡܢ ܚܝܠܐ ܕܩܪܒܐ.,13,"E indignou-se Moisés contra os oficiais do exército, chefes dos milhares e chefes das centenas, que vinham do serviço da guerra,",21,True,True,True
31,15,Números 31:15,וַיֹּ֥אמֶר אֲלֵיהֶ֖ם מֹשֶׁ֑ה הַֽחִיִּיתֶ֖ם כָּל־ נְקֵבָֽה ׃,ויאמר אליהמ משה החייתמ כל נקבה,7,ואמר להון משה הקימתון כל נוקבא:,6,καὶ εἶπεν αὐτοῖς Μωυσῆς Ἵνα τί ἐζωγρήσατε πᾶν θῆλυ;,9,ܘܐܡܪ ܠܗܘܢ ܡܘܫܐ. ܠܡܢܐ ܐܚܝܬܘܢ ܟܠܗܝܢ ܢܩ̈ܒܬܐ.,7,e lhes disse: Deixastes viver todas as mulheres?,8,True,True,True
31,16,Números 31:16,הֵ֣ן הֵ֜נָּה הָי֨וּ לִבְנֵ֤י יִשְׂרָאֵל֙ בִּדְבַ֣ר בִּלְעָ֔ם לִמְסָר־ מַ֥עַל בַּיהוָ֖ה עַל־ דְּבַר־ פְּע֑וֹר וַתְּהִ֥י הַמַּגֵּפָ֖ה בַּעֲדַ֥ת יְהוָֽה ׃,הנ הנה היו לבני ישראל בדבר בלעמ למסר מעל ביהוה על דבר פעור ותהי המגפה בעדת יהוה,18,הא אנון הואה לבני ישראל בעצת בלעם לשקרא שקר קדם יי על עסק פעור והות מותנא בכנשתא דיי:,18,"αὗται γὰρ ἦσαν τοῖς υἱοῖς Ἰσραὴλ κατὰ τὸ ῥῆμα Βαλαὰμ τοῦ ἀποστῆσαι καὶ ὑπεριδεῖν τὸ ῥῆμα Κυρίου ἕνεκεν Φογώρ, καὶ ἐγένετο ἡ πληγὴ ἐν τῇ συναγωγῇ Κυρίου.",27,ܕܗ̈ܢܝܢ ܗ̈ܘܝ ܬܘܩܠܬܐ ܠܒܢ̈ܝ ܐܝܣܪܝܠ. ܒܡܠܬܗ ܕܒܠܥܡ. ܘܡܪܕܘ ܘܐܥܠܝܘ ܒܡܪܝܐ ܒܨܒܘܬܐ ܕܦܥܘܪ. ܘܗܘܐ ܡܘܬܢܐ ܕܡܢ ܫܠܝܐ ܒܟܢܘܫܬܗ ܕܡܪܝܐ.,18,"Eis que estas foram as que, por conselho de Balaão, fizeram que os filhos de Israel pecassem contra o Senhor no caso de Peor, pelo que houve a praga entre a congregação do Senhor.",34,True,True,True
31,17,Números 31:17,וְעַתָּ֕ה הִרְג֥וּ כָל־ זָכָ֖ר בַּטָּ֑ף וְכָל־ אִשָּׁ֗ה יֹדַ֥עַת אִ֛ישׁ לְמִשְׁכַּ֥ב זָכָ֖ר הֲרֹֽגוּ ׃,ועתה הרגו כל זכר בטפ וכל אשה ידעת איש למשכב זכר הרגו,13,וכען קטולו כל דכורא בטפלא וכל אתתא דידעת גבר למשכבי דכורא קטולו:,12,"καὶ νῦν ἀποκτείνατε πᾶν ἀρσενικὸν ἐν πάσῃ τῇ ἀπαρτίᾳ, καὶ πᾶσαν γυναῖκα ἥτις ἔγνωκεν κοίτην ἄρσενος ἀποκτείνατε·",17,ܗܫܐ ܩܛܠܘ ܟܠܗܘܢ ܛ̈ܠܝܐ ܕܟܪ̈ܐ. ܘܟܠ ܐܢܬܬܐ ܕܝܕܥܐ ܡܕܡܟܐ ܕܕܟܪܐ ܩܛܘܠܘ.,11,"Agora, pois, matai todos os meninos entre as crianças, e todas as mulheres que conheceram homem, deitando-se com ele.",19,True,True,True
31,18,Números 31:18,וְכֹל֙ הַטַּ֣ף בַּנָּשִׁ֔ים אֲשֶׁ֥ר לֹא־ יָדְע֖וּ מִשְׁכַּ֣ב זָכָ֑ר הַחֲי֖וּ לָכֶֽם ׃,וכל הטפ בנשימ אשר לא ידעו משכב זכר החיו לכמ,11,וכל טפלא בנשיא די לא ידעא משכבי דכורא קיימו לכון:,10,"πᾶσαν τὴν ἀπαρτίαν τῶν γυναικῶν ἥτις οὐκ οἶδεν κοίτην ἄρσενος, ζωγρήσατε αὐτάς.",12,ܘܟܠ ܝܩܪܬܐ ܕܢܫ̈ܐ ܕܠܐ ܝܕܥ ܡܕܡܟܐ ܕܕܟܪܐ ܐܚܘ ܠܟܘܢ.,9,"Mas todas as meninas, que não conheceram homem, deitando-se com ele, deixai-as viver para vós.",15,True,True,True
31,19,Números 31:19,וְאַתֶּ֗ם חֲנ֛וּ מִח֥וּץ לַֽמַּחֲנֶ֖ה שִׁבְעַ֣ת יָמִ֑ים כֹּל֩ הֹרֵ֨ג נֶ֜פֶשׁ וְכֹ֣ל ׀ נֹגֵ֣עַ בֶּֽחָלָ֗ל תִּֽתְחַטְּא֞וּ בַּיּ֤וֹם הַשְּׁלִישִׁי֙ וּבַיּ֣וֹם הַשְּׁבִיעִ֔י אַתֶּ֖ם וּשְׁבִיכֶֽם ׃,ואתמ חנו מחוצ למחנה שבעת ימימ כל הרג נפש וכל נגע בחלל תתחטאו ביומ השלישי וביומ השביעי אתמ ושביכמ,21,ואתון שרו מברא למשריתא שבעא יומין כל די קטל נפשא וכל די קרב בקטילא תדון עלוהי ביומא תליתאה וביומא שביעאה אתון ושביכון:,22,"καὶ ὑμεῖς παρεμβάλετε ἔξω τῆς παρεμβολῆς ἑπτὰ ἡμέρας· πᾶς ὁ ἀνελών καὶ ὁ ἁπτόμενος τοῦ τετρωμένου ἁγνισθήσεται τῇ ἡμέρᾳ τῇ τρίτῃ καὶ τῇ ἡμέρᾳ τῇ ἑβδόμῃ, ὑμεῖς καὶ ἡ αἰχμαλωσία ὑμῶν·",31,ܐܢܬܘܢ ܕܝܢ ܫܪܘ ܠܒܪ ܡܢ ܡܫܪܝܬܐ ܫܒܥܐ ܝܘܡ̈ܝܢ. ܟܘܠ ܕܩܛܠ ܢܦܫܐ. ܘܟܠ ܕܩܪܒ ܠܩܛܝܠܐ. ܪܘܣܘ ܥܠܘܗܝ ܒܝܘܡܐ ܕܬܠܬܐ ܘܒܝܘܡܐ ܕܫܒܥܐ. ܐܢܬܘܢ ܘܫܒܝܬܟܘܢ.,22,"Acampai-vos por sete dias fora do arraial; todos vós, tanto o que tiver matado alguma pessoa, como o que tiver tocado algum morto, ao terceiro dia e ao sétimo dia purificai-vos, a vós e aos vossos cativos.",37,True,True,True
31,20,Números 31:20,וְכָל־ בֶּ֧גֶד וְכָל־ כְּלִי־ ע֛וֹר וְכָל־ מַעֲשֵׂ֥ה עִזִּ֖ים וְכָל־ כְּלִי־ עֵ֑ץ תִּתְחַטָּֽאוּ ׃ ס,וכל בגד וכל כלי עור וכל מעשה עזימ וכל כלי עצ תתחטאו ס,14,וכל לבוש וכל מאן דמשך וכל עובד מעזי וכל מאן דעא תדון עלוהי:,13,καὶ πᾶν περίβλημα καὶ πᾶν σκεῦος δερμάτινον καὶ πᾶσαν ἐργασίαν ἐξ αἰγίας καὶ πᾶν σκεῦος ξύλινον ἀφαγνιεῖτε.,17,ܘܟܠܗ̇ ܬܟܣܝܬܐ ܘܟܘܠ ܡܐܢܐ ܕܡܫܟܐ. ܘܟܠ ܥܒ̇ܕܐ ܕܣܥܪܐ. ܘܟܠ ܡܐܢܐ ܕܩܝܣܐ ܪܘܣܘ ܥܠܘܗܝ.,13,"Também purificai-vos no tocante a todo vestido, e todo artigo de peles, e toda obra de pelos de cabras, e todo utensílio de madeira.",24,True,True,True
31,21,Números 31:21,וַיֹּ֨אמֶר אֶלְעָזָ֤ר הַכֹּהֵן֙ אֶל־ אַנְשֵׁ֣י הַצָּבָ֔א הַבָּאִ֖ים לַמִּלְחָמָ֑ה זֹ֚את חֻקַּ֣ת הַתּוֹרָ֔ה אֲשֶׁר־ צִוָּ֥ה יְהוָ֖ה אֶת־ מֹשֶֽׁה ׃,ויאמר אלעזר הכהנ אל אנשי הצבא הבאימ למלחמה זאת חקת התורה אשר צוה יהוה את משה,17,ואמר אלעזר כהנא לגברי חילא דאתו לקרבא דא גזרת אוריתא די פקיד יי ית משה:,15,καὶ εἶπεν Ἐλεαζὰρ ὁ ἱερεὺς πρὸς τοὺς ἄνδρας τῆς δυνάμεως τοὺς ἐρχομένους ἐκ τῆς παρατάξεως τοῦ πολέμου Τοῦτο τὸ δικαίωμα τοῦ νόμου ὃ συνέταξεν Κύριος τῷ Μωυσῇ.,27,ܘܐܡܪ ܐܠܝܥܙܪ ܟܗܢܐ. ܠܓܒܪ̈ܐ ܕܚܝܠܐ ܕܐܬܘ ܡܢ ܩܪܒܐ . ܗܢܐ ܦܘܩܕܢܐ ܕܢܡܘܣܐ ܕܦܩܕ ܡܪܝܐ ܠܡܘܫܐ.,15,"Então Eleazar, o sacerdote, disse aos homens de guerra que tinham saído à peleja: Este é o estatuto da lei que o Senhor ordenou a Moisés:",26,True,True,True
31,22,Números 31:22,אַ֥ךְ אֶת־ הַזָּהָ֖ב וְאֶת־ הַכָּ֑סֶף אֶֽת־ הַנְּחֹ֨שֶׁת֙ אֶת־ הַבַּרְזֶ֔ל אֶֽת־ הַבְּדִ֖יל וְאֶת־ הָעֹפָֽרֶת ׃,אכ את הזהב ואת הכספ את הנחשת את הברזל את הבדיל ואת העפרת,14,ברם ית דהבא וית כספא ית נחשא ית פרזלא ית אבצא וית אברא:,13,"πλὴν τοῦ χρυσίου καὶ τοῦ ἀργυρίου καὶ χαλκοῦ καὶ σιδήρου καὶ μολίβου καὶ κασσιτέρου,",14,ܒܪܡ ܕܝܢ ܕܗܒܐ ܘܣܐܡܐ ܘܢܚܫܐ ܘܦܪܙܠܐ ܘܐܢܟܐ ܘܐܒܪܐ.,8,"o ouro, a prata, o bronze, o ferro, o estanho, o chumbo,",12,True,True,True
31,23,Números 31:23,כָּל־ דָּבָ֞ר אֲשֶׁר־ יָבֹ֣א בָאֵ֗שׁ תַּעֲבִ֤ירוּ בָאֵשׁ֙ וְטָהֵ֔ר אַ֕ךְ בְּמֵ֥י נִדָּ֖ה יִתְחַטָּ֑א וְכֹ֨ל אֲשֶׁ֧ר לֹֽא־ יָבֹ֛א בָּאֵ֖שׁ תַּעֲבִ֥ירוּ בַמָּֽיִם ׃,כל דבר אשר יבא באש תעבירו באש וטהר אכ במי נדה יתחטא וכל אשר לא יבא באש תעבירו במימ,20,כל מדעם דמתעל בנורא תעברוניה בנורא וידכי ברם במי אדיותא יתדי וכל די לא מתעל בנורא תעברניה במיא:,18,"πᾶν πρᾶγμα διελεύσεται ἐν πυρί, καὶ καθαρισθήσεται, ἀλλ᾽ ἢ τῷ ὕδατι τοῦ ἁγνισμοῦ ἁγνισθήσεται· καὶ πάντα ὅσα ἐὰν μὴ διαπορεύηται διὰ πυρός, διελεύσεται δι᾽ ὕδατος.",25,ܘܟܠ ܡܕܡ ܕܥ̇ܐܠ ܠܟܘܪܐ . ܐܥܒܪܘܗܝ ܒܢܘܪܐ ܘܢܬܕܟܐ. ܘܡ̈ܝܐ ܕܪܣܣܐ ܪܘܣ ܥܠܘܗܝ. ܘܟܠ ܕܠܐ ܥ̇ܒܪ ܒܢܘܪܐ ܐܥܡܕܘܗܝ ܒܡ̈ܝܐ.,18,"tudo o que pode resistir ao fogo, fálo-eis passar pelo fogo, e ficará limpo; todavia será purificado com a água de purificação; e tudo o que não pode resistir ao fogo, fá-lo-eis passar pela água.",35,True,True,True
31,24,Números 31:24,וְכִבַּסְתֶּ֧ם בִּגְדֵיכֶ֛ם בַּיּ֥וֹם הַשְּׁבִיעִ֖י וּטְהַרְתֶּ֑ם וְאַחַ֖ר תָּבֹ֥אוּ אֶל־ הַֽמַּחֲנֶֽה ׃ פ,וכבסתמ בגדיכמ ביומ השביעי וטהרתמ ואחר תבאו אל המחנה פ,11,ותחורון לבושיכון ביומא שביעאה ותדכון ובתר כן תעלון למשריתא:,9,"καὶ πλυνεῖσθε τὰ ἱμάτια τῇ ἡμέρᾳ τῇ ἑβδόμῃ, καὶ καθαρισθήσεσθε· καὶ μετὰ ταῦτα εἰσελεύσεσθε εἰς τὴν παρεμβολήν.",17,ܘܚܠܠܘ ܡܐ̈ܢܝܟܘܢ ܒܝܘܡܐ ܕܫܒܥܐ ܘܬܬܕܟܘܢ. ܘܒܬܪܟܢ ܬܥܠܘܢ ܠܡܫܪܝܬܐ.,8,"Também lavareis as vossas vestes ao sétimo dia, e ficareis limpos, e depois entrareis no arraial.",16,True,True,True
31,25,Números 31:25,וַיֹּ֥אמֶר יְהוָ֖ה אֶל־ מֹשֶׁ֥ה לֵּאמֹֽר ׃,ויאמר יהוה אל משה לאמר,6,ואמר יי למשה למימר:,4,Καὶ ἐλάλησεν Κύριος πρὸς Μωυσῆν λέγων,6,ܘܡܠܠ ܡܪܝܐ ܥܡ ܡܘܫܐ ܘܐܡܪ ܠܗ.,6,Disse mais o Senhor a Moisés:,6,True,True,True
31,26,Números 31:26,שָׂ֗א אֵ֣ת רֹ֤אשׁ מַלְק֨וֹחַ֙ הַשְּׁבִ֔י בָּאָדָ֖ם וּבַבְּהֵמָ֑ה אַתָּה֙ וְאֶלְעָזָ֣ר הַכֹּהֵ֔ן וְרָאשֵׁ֖י אֲב֥וֹת הָעֵדָֽה ׃,שא את ראש מלקוח השבי באדמ ובבהמה אתה ואלעזר הכהנ וראשי אבות העדה,14,קבל ית חושבן דברת שביא באנשא ובבעירא את ואלעזר כהנא ורישי אבהת כנשתא:,13,"Λάβε τὸ κεφάλαιον τῶν σκύλων τῆς αἰχμαλωσίας, ἀπὸ ἀνθρώπου ἕως κτήνους, σὺ καὶ Ἐλεαζὰρ ὁ ἱερεὺς καὶ οἱ ἄρχοντες τῶν πατριῶν τῆς συναγωγῆς·",23,ܩܒܠܘ ܚܘܫܒܢܐ ܕܕܒܪܬܐ ܘܕܫܒܝܬܐ ܕܒܢ̈ܝ ܐܢܫܐ ܘܕܒܥܝܪ̈ܐ. ܐܢܬ ܘܐܠܝܥܙܪ ܟܗܢܐ. ܘܪ̈ܝܫܝ ܐܒ̈ܗܐ ܕܟܢܘܫܬܐ.,13,"Faze a soma da presa que foi tomada, tanto de homens como de animais, tu e Eleazar, o sacerdote, e os cabeças das casas paternas da congregação;",27,True,True,True
31,27,Números 31:27,וְחָצִ֨יתָ֙ אֶת־ הַמַּלְק֔וֹחַ בֵּ֚ין תֹּפְשֵׂ֣י הַמִּלְחָמָ֔ה הַיֹּצְאִ֖ים לַצָּבָ֑א וּבֵ֖ין כָּל־ הָעֵדָֽה ׃,וחצית את המלקוח בינ תפשי המלחמה היצאימ לצבא ובינ כל העדה,12,ותפלג ית דברתא בין גברי מגיחי קרבא דנפקו לחילא ובין כל כנשתא:,12,καὶ διελεῖτε τὰ σκῦλα ἀνὰ μέσον τῶν πολεμιστῶν τῶν ἐκπορευομένων εἰς τὴν παράταξιν καὶ ἀνὰ μέσον πάσης συναγωγῆς.,18,ܘܦܠܓܘ ܕܒܪܬܐ ܒܝܬ ܓܒܪ̈ܐ ܥ̇ܒ̈ܕܝ ܩܪܒܐ ܕܢܦܩܘ ܒܚܝܠܐ. ܘܒܝܬ ܟܠܗ̇ ܟܢܘܫܬܐ.,11,"e divide-a em duas partes iguais, entre os que, hábeis na guerra, saíram à peleja, e toda a congregação.",19,True,True,True
31,28,Números 31:28,וַהֲרֵמֹתָ֨ מֶ֜כֶס לַֽיהוָ֗ה מֵאֵ֞ת אַנְשֵׁ֤י הַמִּלְחָמָה֙ הַיֹּצְאִ֣ים לַצָּבָ֔א אֶחָ֣ד נֶ֔פֶשׁ מֵחֲמֵ֖שׁ הַמֵּא֑וֹת מִן־ הָאָדָם֙ וּמִן־ הַבָּקָ֔ר וּמִן־ הַחֲמֹרִ֖ים וּמִן־ הַצֹּֽאן ׃,והרמת מכס ליהוה מאת אנשי המלחמה היצאימ לצבא אחד נפש מחמש המאות מנ האדמ ומנ הבקר ומנ החמרימ ומנ הצאנ,21,ותפרש נסיבא קדם יי מן גברי מגיחי קרבא דנפקו לחילא חד נפשא מחמש מאה מן אנשא ומן תורי ומן חמרי ומן ענא:,22,"καὶ ἀφελεῖτε τέλος Κυρίῳ παρὰ τῶν ἀνθρώπων τῶν πολεμιστῶν τῶν ἐκπεπορευμένων εἰς τὴν παράταξιν, μίαν ψυχὴν ἀπὸ πεντακοσίων, ἀπὸ τῶν ἀνθρώπων καὶ ἀπὸ τῶν κτηνῶν καὶ ἀπὸ τῶν βοῶν καὶ ἀπὸ τῶν προβάτων καὶ ἀπὸ τῶν αἰγῶν·",37,ܘܦܪܘܫܘ ܡܟܣܐ ܠܡܪܝܐ ܡܢ ܓܒܪ̈ܐ ܥ̇ܒ̈ܕܝ ܩܪܒܐ ܕܢܦܩܘ ܒܚܝܠܐ. ܘܡ̇ܢ ܟܠܗ̇ ܟܢܘܫܬܐ ܚܕܐ ܢܦܫܐ ܡܢ ܚܡܫܝܢ ܡܢ ܒܢ̈ܝ ܐܢܫܐ. ܘܡܢ ܬܘܪ̈ܐ ܘܡܢ ܚܡܪ̈ܐ. ܘܡܢ ܥܢܐ.,25,"E tomarás para o Senhor um tributo dos homens de guerra, que saíram à peleja; um em quinhentos, assim dos homens, como dos bois, dos jumentos e dos rebanhos;",29,True,True,True
31,29,Números 31:29,מִמַּֽחֲצִיתָ֖ם תִּקָּ֑חוּ וְנָתַתָּ֛ה לְאֶלְעָזָ֥ר הַכֹּהֵ֖ן תְּרוּמַ֥ת יְהוָֽה ׃,ממחציתמ תקחו ונתתה לאלעזר הכהנ תרומת יהוה,8,מפלגותהון תסבון ותתן לאלעזר כהנא אפרשותא קדם יי:,8,"καὶ ἀπὸ τοῦ ἡμίσους αὐτῶν λήμψεσθε, καὶ δώσεις Ἐλεαζὰρ τῷ ἱερεῖ τὰς ἀπαρχὰς Κυρίου·",14,ܘܡܢ ܦܠܓܘܬܗܘܢ ܣܒ. ܘܗܒ ܠܐܠܝܥܙܪ ܟܗܢܐ ܦܘܪܫܢܗ ܕܡܪܝܐ.,8,"da sua metade o tomareis, e o dareis a Eleazar, o sacerdote, para a oferta alçada do Senhor.",18,True,True,True
31,30,Números 31:30,וּמִמַּחֲצִ֨ת בְּנֵֽי־ יִשְׂרָאֵ֜ל תִּקַּ֣ח ׀ אֶחָ֣ד ׀ אָחֻ֣ז מִן־ הַחֲמִשִּׁ֗ים מִן־ הָאָדָ֧ם מִן־ הַבָּקָ֛ר מִן־ הַחֲמֹרִ֥ים וּמִן־ הַצֹּ֖אן מִכָּל־ הַבְּהֵמָ֑ה וְנָתַתָּ֤ה אֹתָם֙ לַלְוִיִּ֔ם שֹׁמְרֵ֕י מִשְׁמֶ֖רֶת מִשְׁכַּ֥ן יְהוָֽה ׃,וממחצת בני ישראל תקח אחד אחז מנ החמשימ מנ האדמ מנ הבקר מנ החמרימ ומנ הצאנ מכל הבהמה ונתתה אתמ ללוימ שמרי משמרת משכנ יהוה,28,ומפלגות בני ישראל תסב חד דאתחד מן חמשין מן אנשא מן תורי מן חמרי ומן ענא מכל בעירא ותתן יתהון ללואי נטרי מטרת משכנא דיי:,25,"καὶ ἀπὸ τοῦ ἡμίσους τοῦ τῶν υἱῶν Ἰσραὴλ λήμψῃ ἕνα ἀπὸ τῶν πεντήκοντα, ἀπὸ τῶν ἀνθρώπων καὶ ἀπὸ τῶν βοῶν καὶ ἀπὸ τῶν προβάτων καὶ ἀπὸ τῶν ὄνων καὶ ἀπὸ πάντων τῶν κτηνῶν, καὶ δώσεις αὐτὰ τοῖς Λευείταις τοῖς φυλάσσουσιν τὰς φυλακὰς ἐν τῇ σκηνῇ Κυρίου.",46,ܘܡܢ ܦܠܓܘܬܐ ܕܒܢ̈ܝ ܐܝܣܪܝܠ ܣܒ. ܚܕ ܡܢ ܚܡܫܝܢ ܡܢ ܐܢܫܐ ܘܡܢ ܚܡܪ̈ܐ ܘܡܢ ܬܘܪ̈ܐ ܘܡܢ ܥܢܐ. ܘܡܢ ܟܠܗ̇ ܒܥܝܪܐ. ܘܗܒ ܐܢܘܢ ܠܠܘ̈ܝܐ ܕܢ̇ܛܪܝܢ ܡܛܪܬܐ. ܕܡܫܟܢܗ ܕܡܪܝܐ.,26,"Mas da metade que pertence aos filhos de Israel tomarás um de cada cinqüenta, tanto dos homens, como dos bois, dos jumentos, dos rebanhos, enfim, de todos os animais, e os darás aos levitas, que estão encarregados do serviço do tabernáculo do Senhor.",43,True,True,True
31,31,Números 31:31,וַיַּ֣עַשׂ מֹשֶׁ֔ה וְאֶלְעָזָ֖ר הַכֹּהֵ֑ן כַּאֲשֶׁ֛ר צִוָּ֥ה יְהוָ֖ה אֶת־ מֹשֶֽׁה ׃,ויעש משה ואלעזר הכהנ כאשר צוה יהוה את משה,10,ועבד משה ואלעזר כהנא כמא די פקיד יי ית משה:,10,καὶ ἐποίησεν Μωυσῆς καὶ Ἐλεαζὰρ ὁ ἱερεὺς καθὰ συνέταξεν Κύριος τῷ Μωυσῇ.,12,ܘܥܒܕ ܡܘܫܐ ܘܐܠܝܥܙܪ ܟܗܢܐ ܐܝܟ ܕܦܩܕ ܡܪܝܐ ܠܡܘܫܐ.,8,"Fizeram, pois, Moisés e Eleazar, o sacerdote, como o Senhor ordenara a Moisés.",13,True,True,True
31,32,Números 31:32,וַיְהִי֙ הַמַּלְק֔וֹחַ יֶ֣תֶר הַבָּ֔ז אֲשֶׁ֥ר בָּזְז֖וּ עַ֣ם הַצָּבָ֑א צֹ֗אן שֵׁשׁ־ מֵא֥וֹת אֶ֛לֶף וְשִׁבְעִ֥ים אֶ֖לֶף וַחֲמֵֽשֶׁת־ אֲלָפִֽים ׃,ויהי המלקוח יתר הבז אשר בזזו עמ הצבא צאנ שש מאות אלפ ושבעימ אלפ וחמשת אלפימ,17,והוה דברתא שאר בזא די בזו עמא די נפקו לחילא ענא שית מאה ושבעין וחמשא אלפין:,16,καὶ ἐγενήθη τὸ πλεόνασμα τῆς προνομῆς ὃ ἐπρονόμευσαν οἱ ἄνδρες οἱ πολεμισταὶ ἀπὸ τῶν προβάτων ἑξακόσιαι χιλιάδες καὶ ἑβδομήκοντα καὶ πέντε χιλιάδες·,22,ܘܗܘܬ ܕܒܪܬܐ ܘܫܒܝܬܐ ܕܒܙܘ ܥܡܐ ܘܚܝܠܐ. ܥܢܐ ܫܬܡܐܐ ܘܫܒܥܝܢ ܘܚܡܫܐ ܐ̈ܠܦܝܢ.,11,"Ora, a presa, o restante do despojo que os homens de guerra tomaram, foi de seiscentas e setenta e cinco mil ovelhas,",22,True,True,True
31,33,Números 31:33,וּבָקָ֕ר שְׁנַ֥יִם וְשִׁבְעִ֖ים אָֽלֶף ׃,ובקר שנימ ושבעימ אלפ,5,ותורי שבעין ותרין אלפין:,4,"καὶ βόες, δύο καὶ ἑβδομήκοντα χιλιάδες·",6,ܘܬܘܪ̈ܐ ܫܒܥܝܢ ܘܬܪ̈ܝܢ ܐ̈ܠܦܝܢ.,4,"setenta e dois mil bois,",5,True,True,True
31,34,Números 31:34,וַחֲמֹרִ֕ים אֶחָ֥ד וְשִׁשִּׁ֖ים אָֽלֶף ׃,וחמרימ אחד וששימ אלפ,5,וחמרי שתין וחד אלפין:,4,"ὄνοι, μία καὶ ἑξήκοντα χιλιάδες·",5,ܘܚܡܪ̈ܐ ܫܬܝܢ ܘܚܕ ܐ̈ܠܦܝܢ.,4,e sessenta e um mil jumentos;,6,True,True,True
31,35,Números 31:35,וְנֶ֣פֶשׁ אָדָ֔ם מִן־ הַ֨נָּשִׁ֔ים אֲשֶׁ֥ר לֹֽא־ יָדְע֖וּ מִשְׁכַּ֣ב זָכָ֑ר כָּל־ נֶ֕פֶשׁ שְׁנַ֥יִם וּשְׁלֹשִׁ֖ים אָֽלֶף ׃,ונפש אדמ מנ הנשימ אשר לא ידעו משכב זכר כל נפש שנימ ושלשימ אלפ,15,ונפשא דאנשא מן נשיא די לא ידעא משכבי דכורא כל נפשתא תלתין ותרין אלפין:,14,"καὶ ψυχαὶ ἀνθρώπων ἀπὸ τῶν γυναικῶν αἳ οὐκ ἔγνωσαν κοίτην ἀνδρός, πᾶσαι ψυχαί, δύο καὶ τριάκοντα χιλιάδες.",17,ܘܢܦܫ̈ܬܐ ܕܐܢܫܐ ܡܢ ܢܫ̈ܐ ܕܠܐ ܝܕܥ ܡܕܡܟܐ ܕܕܟܪܐ. ܟܘܠܗܝܢ ܢܦܫ̈ܬܐ ܬܠܬܝܢ ܘܬܪ̈ܝܢ ܐ̈ܠܦܝܢ.,13,"e trinta e duas mil pessoas, ao todo, do sexo feminino, que ainda se conservavam virgens.",16,True,True,True
31,36,Números 31:36,וַתְּהִי֙ הַֽמֶּחֱצָ֔ה חֵ֕לֶק הַיֹּצְאִ֖ים בַּצָּבָ֑א מִסְפַּ֣ר הַצֹּ֗אן שְׁלֹשׁ־ מֵא֥וֹת אֶ֨לֶף֙ וּשְׁלֹשִׁ֣ים אֶ֔לֶף וְשִׁבְעַ֥ת אֲלָפִ֖ים וַחֲמֵ֥שׁ מֵאֽוֹת ׃,ותהי המחצה חלק היצאימ בצבא מספר הצאנ שלש מאות אלפ ושלשימ אלפ ושבעת אלפימ וחמש מאות,17,והות פלגותא חולק גבריא די נפקו לחילא מנין ענא תלת מאה ותלתין ושבע אלפין וחמש מאה:,16,"καὶ ἐγενήθη τὸ ἡμίσευμα, ἡ μερὶς τῶν ἐκπεπορευμένων εἰς τὸν πόλεμον, ἐκ τοῦ ἀριθμοῦ τῶν προβάτων τριακόσιαι καὶ τριάκοντα χιλιάδες καὶ πεντακισχίλιοι καὶ πεντακόσιοι.",24,ܘܗܘܬ ܦܠܓܘܬܐ ܒܡܢܬܐ ܕܐܝܠܝܢ ܕܢܦܩܘ ܒܚܝܠܐ. ܥܢܐ ܬܠܬܡܐܐ ܘܬܠܬܝܢ ܘܫܒܥܐ ܐ̈ܠܦܝܢ ܘܚܡܫܡܐܐ.,12,"Assim a metade, que era a porção dos que saíram à guerra, foi em número de trezentas e trinta e sete mil e quinhentas ovelhas;",25,True,True,True
31,37,Números 31:37,וַיְהִ֛י הַמֶּ֥כֶס לַֽיהוָ֖ה מִן־ הַצֹּ֑אן שֵׁ֥שׁ מֵא֖וֹת חָמֵ֥שׁ וְשִׁבְעִֽים ׃,ויהי המכס ליהוה מנ הצאנ שש מאות חמש ושבעימ,10,והוה נסיבא קדם יי מן ענא שית מאה שבעין וחמש:,10,καὶ ἐγένετο τὸ τέλος Κυρίῳ ἀπὸ τῶν προβάτων ἑξακόσιοι ἑβδομήκοντα πέντε·,11,ܘܗܘܐ ܡܟܣܐ ܠܡܪܝܐ ܡܢ ܥܢܐ. ܫܬܐ ܐ̈ܠܦܝܢ ܘܫܒܥܡܐܐ ܘܚܡܫܝܢ.,9,e das ovelhas foi o tributo para o Senhor seiscentas e setenta e cinco.,14,True,True,True
31,38,Números 31:38,וְהַ֨בָּקָ֔ר שִׁשָּׁ֥ה וּשְׁלֹשִׁ֖ים אָ֑לֶף וּמִכְסָ֥ם לַיהוָ֖ה שְׁנַ֥יִם וְשִׁבְעִֽים ׃,והבקר ששה ושלשימ אלפ ומכסמ ליהוה שנימ ושבעימ,9,ותורי תלתין ושתא אלפין ונסיבהון קדם יי שבעין ותרין:,9,"καὶ βόες ἓξ καὶ τριάκοντα χιλιάδες, καὶ τὸ τέλος Κυρίῳ δύο καὶ ἑβδομήκοντα·",13,ܘܬܘܪ̈ܐ ܬܠܬܝܢ ܘܫܬܐ ܐ̈ܠܦܝܢ. ܘܡܟܣܗܘܢ ܠܡܪܝܐ ܫܒܥܡܐܐ ܘܥܣܪ̈ܝܢ.,8,"E foram os bois trinta e seis mil, dos quais foi o tributo para o Senhor setenta e dois.",19,True,True,True
31,39,Números 31:39,וַחֲמֹרִ֕ים שְׁלֹשִׁ֥ים אֶ֖לֶף וַחֲמֵ֣שׁ מֵא֑וֹת וּמִכְסָ֥ם לַֽיהוָ֖ה אֶחָ֥ד וְשִׁשִּֽׁים ׃,וחמרימ שלשימ אלפ וחמש מאות ומכסמ ליהוה אחד וששימ,10,וחמרי תלתין אלפין וחמש מאה ונסיבהון קדם יי שתין וחד:,10,"καὶ ὄνοι τριάκοντα χιλιάδες καὶ φ᾽, καὶ τὸ τέλος Κυρίῳ εἷς καὶ ἑξήκοντα·",13,ܘܚܡܪ̈ܐ ܬܠܬܝܢ ܐ̈ܠܦܝܢ ܘܚܡܫܡܐܐ. ܘܡܟܣܗܘܢ ܠܡܪܝܐ ܫܬܡܐܐ ܘܥܣܪܐ.,8,"E foram os jumentos trinta mil e quinhentos, dos quais foi o tributo para o Senhor sessenta e um.",19,True,True,True
31,40,Números 31:40,וְנֶ֣פֶשׁ אָדָ֔ם שִׁשָּׁ֥ה עָשָׂ֖ר אָ֑לֶף וּמִכְסָם֙ לַֽיהוָ֔ה שְׁנַ֥יִם וּשְׁלֹשִׁ֖ים נָֽפֶשׁ ׃,ונפש אדמ ששה עשר אלפ ומכסמ ליהוה שנימ ושלשימ נפש,11,ונפשא דאנשא שתא עשר אלפין ונסיבהון קדם יי תלתין ותרין נפשין:,11,"καὶ ψυχαὶ ἀνθρώπων ἑκκαίδεκα χιλιάδες, καὶ τὸ τέλος αὐτῶν Κυρίῳ δύο καὶ τριάκοντα ψυχαί.",14,ܘܢܦܫ̈ܬܐ ܕܐܢܫܐ ܫܬܬܥܣܪ ܐ̈ܠܦܝܢ. ܘܡܟܣܗܘܢ ܠܡܪܝܐ. ܬܠܬܡܐܐ ܘܥܣܪ̈ܝܢ ܢܦܫ̈ܢ.,9,"E houve de pessoas dezesseis mil, das quais foi o tributo para o Senhor trinta e duas pessoas.",18,True,True,True
31,41,Números 31:41,וַיִּתֵּ֣ן מֹשֶׁ֗ה אֶת־ מֶ֨כֶס֙ תְּרוּמַ֣ת יְהוָ֔ה לְאֶלְעָזָ֖ר הַכֹּהֵ֑ן כַּאֲשֶׁ֛ר צִוָּ֥ה יְהוָ֖ה אֶת־ מֹשֶֽׁה ׃,ויתנ משה את מכס תרומת יהוה לאלעזר הכהנ כאשר צוה יהוה את משה,14,ויהב משה ית נסיב אפרשותא קדם יי לאלעזר כהנא כמא די פקיד יי ית משה:,15,"καὶ ἔδωκεν Μωυσῆς τὸ τέλος Κυρίῳ τὸ ἀφαίρεμα τοῦ θεοῦ Ἐλεαζὰρ τῷ ἱερεῖ, καθὰ συνέταξεν Κύριος τῷ Μωυσῇ.",18,ܘܝܗܒ ܡܘܫܐ ܟܣܦܐ ܕܦܘܪܫܢܐ ܕܡܪܝܐ ܠܐܠܝܥܙܪ ܟܗܢܐ . ܐܝܟ ܕܦܩܕ ܡܪܝܐ ܠܡܘܫܐ.,12,"Moisés, pois, deu a Eleazar, o sacerdote, o tributo, que era a oferta alçada do Senhor, como o Senhor ordenara a Moisés.",22,True,True,True
31,42,Números 31:42,וּמִֽמַּחֲצִ֖ית בְּנֵ֣י יִשְׂרָאֵ֑ל אֲשֶׁר֙ חָצָ֣ה מֹשֶׁ֔ה מִן־ הָאֲנָשִׁ֖ים הַצֹּבְאִֽים ׃,וממחצית בני ישראל אשר חצה משה מנ האנשימ הצבאימ,10,ומפלגות בני ישראל די פלג משה מן גבריא די נפקו לחילא:,11,"ἀπὸ ἡμισεύματος τῶν υἱῶν Ἰσραήλ, οὓς διεῖλεν Μωυσῆς ἀπὸ τῶν ἀνδρῶν τῶν πολεμιστῶν·",13,ܡܢ ܦܠܓܘܬܐ ܕܒܢ̈ܝ ܐܝܣܪܝܠ ܕܦܠܓ ܠܗܘܢ ܡܘܫܐ ܡܢ ܓܒܪ̈ܐ ܕܢܦܩܘ ܒܚܝܠܐ.,11,"E da metade que era dos filhos de Israel, que Moisés separara da que era dos homens que pelejaram",19,True,True,True
31,43,Números 31:43,וַתְּהִ֛י מֶחֱצַ֥ת הָעֵדָ֖ה מִן־ הַצֹּ֑אן שְׁלֹשׁ־ מֵא֥וֹת אֶ֨לֶף֙ וּשְׁלֹשִׁ֣ים אֶ֔לֶף שִׁבְעַ֥ת אֲלָפִ֖ים וַחֲמֵ֥שׁ מֵאֽוֹת ׃,ותהי מחצת העדה מנ הצאנ שלש מאות אלפ ושלשימ אלפ שבעת אלפימ וחמש מאות,15,והות פלגות כנשתא מן ענא תלת מאה ותלתין ושבעא אלפין וחמש מאה:,12,"καὶ ἐγένετο τὸ ἡμίσευμα ἀπὸ τῆς συναγωγῆς ἀπὸ τῶν προβάτων τριακόσιαι χιλιάδες καὶ τριάκοντα χιλιάδες καὶ ἑπτακισχίλια καὶ πεντακόσια,",19,ܘܗܘܬ ܦܠܓܘܬܐ ܕܟܢܘܫܬܐ ܡܢ ܥܢܐ ܬܠܬܡܐܐ ܘܬܠܬܝܢ ܘܫܒܥܐ ܐ̈ܠܦܝܢ ܘܚܡܫܡܐܐ.,10,"{ora, a metade que coube à congregação foi, das ovelhas, trezentas e trinta e sete mil e quinhentas;",18,True,True,True
31,44,Números 31:44,וּבָקָ֕ר שִׁשָּׁ֥ה וּשְׁלֹשִׁ֖ים אָֽלֶף ׃,ובקר ששה ושלשימ אלפ,5,ותורי תלתין ושתא אלפין:,4,"καὶ βόες ἓξ καὶ τριάκοντα χιλιάδες,",6,ܘܬܘܪ̈ܐ ܬܠܬܝܢ ܘܫܬܐ ܐ̈ܠܦܝܢ.,4,dos bois trinta e seis mil;,6,True,True,True
31,45,Números 31:45,וַחֲמֹרִ֕ים שְׁלֹשִׁ֥ים אֶ֖לֶף וַחֲמֵ֥שׁ מֵאֽוֹת ׃,וחמרימ שלשימ אלפ וחמש מאות,6,וחמרי תלתין אלפין וחמש מאה:,5,"ὄνοι τριάκοντα χιλιάδες καὶ πεντακόσιοι,",5,ܘܚܡܪ̈ܐ ܬܠܬܝܢ ܐ̈ܠܦܝܢ ܘܚܡܫܡܐܐ.,4,dos jumentos trinta mil e quinhentos;,6,True,True,True
31,46,Números 31:46,וְנֶ֣פֶשׁ אָדָ֔ם שִׁשָּׁ֥ה עָשָׂ֖ר אָֽלֶף ׃,ונפש אדמ ששה עשר אלפ,6,ונפשא דאנשא שתא עשר אלפין:,5,καὶ ψυχαὶ ἀνθρώπων ἓξ καὶ δέκα χιλιάδες·,7,ܘܢܦܫ̈ܬܐ ܕܐܢܫܐ ܫܬܬܥܣܪ ܐ̈ܠܦܝܢ.,4,"e das pessoas dezesseis mil},",5,True,True,True
31,47,Números 31:47,וַיִּקַּ֨ח מֹשֶׁ֜ה מִמַּחֲצִ֣ת בְּנֵֽי־ יִשְׂרָאֵ֗ל אֶת־ הָֽאָחֻז֙ אֶחָ֣ד מִן־ הַחֲמִשִּׁ֔ים מִן־ הָאָדָ֖ם וּמִן־ הַבְּהֵמָ֑ה וַיִּתֵּ֨ן אֹתָ֜ם לַלְוִיִּ֗ם שֹֽׁמְרֵי֙ מִשְׁמֶ֨רֶת֙ מִשְׁכַּ֣ן יְהוָ֔ה כַּאֲשֶׁ֛ר צִוָּ֥ה יְהוָ֖ה אֶת־ מֹשֶֽׁה ׃,ויקח משה ממחצת בני ישראל את האחז אחד מנ החמשימ מנ האדמ ומנ הבהמה ויתנ אתמ ללוימ שמרי משמרת משכנ יהוה כאשר צוה יהוה את משה,27,ונסיב משה מפלגות בני ישראל ית דאתחד חד מן חמשין מן אנשא ומן בעירא ויהב יתהון ללואי נטרי מטרת משכנא דיי כמא די פקיד יי ית משה:,27,"καὶ ἔλαβεν Μωυσῆς ἀπὸ τοῦ ἡμισεύματος τῶν υἱῶν Ἰσραὴλ τὸ ἓν ἀπὸ τῶν πεντήκοντα, ἀπὸ τῶν ἀνθρώπων καὶ ἀπὸ τῶν κτηνῶν, καὶ ἔδωκεν αὐτὰ τοῖς Λευείταις τοῖς φυλάσσουσιν τὰς φυλακὰς τῆς σκηνῆς Κυρίου, ὃν τρόπον συνέταξεν Κύριος τῷ Μωυσῇ.",39,ܘܢܣܒ ܡܘܫܐ ܡܢ ܦܠܓܘܬܐ ܕܒܢ̈ܝ ܐܝܣܪܝܠ. ܚܕ ܡܢ ܚܡܫܝܢ ܡܢ ܒܢ̈ܝ ܐܢܫܐ ܘܡܢ ܒܥܝܪ̈ܐ. ܘܝܗܒ ܐܢܘܢ ܠܠܘ̈ܝܐ ܕܢ̇ܛܪܝܢ ܡܛܪܬܐ ܕܡܫܟܢܗ ܕܡܪܝܐ. ܐܝܟ ܕܦܩܕ ܡܪܝܐ ܠܡܘܫܐ.,25,"isto é, da metade que era dos filhos de Israel, Moisés tomou um de cada cinqüenta, tanto dos homens como dos animais, e os deu aos levitas, que estavam encarregados do serviço do tabernáculo do Senhor; como o Senhor ordenara a Moisés.",42,True,True,True
31,48,Números 31:48,וַֽיִּקְרְבוּ֙ אֶל־ מֹשֶׁ֔ה הַפְּקֻדִ֕ים אֲשֶׁ֖ר לְאַלְפֵ֣י הַצָּבָ֑א שָׂרֵ֥י הָאֲלָפִ֖ים וְשָׂרֵ֥י הַמֵּאֽוֹת ׃,ויקרבו אל משה הפקדימ אשר לאלפי הצבא שרי האלפימ ושרי המאות,12,וקריבו לות משה די ממנן על אלפי חילא רבני אלפין ורבני מאותא:,12,"Καὶ προσῆλθον πρὸς Μωυσῆν πάντες οἱ καθεσταμένοι εἰς τὰς χιλιαρχίας τῆς δυνάμεως χιλίαρχοι καὶ ἑκατόνταρχοι,",15,ܘܩܪܒܘ ܠܘܬ ܡܘܫܐ ܓܒܪ̈ܐ ܕܦܩܝܕܝܢ ܥܠ ܐ̈ܠܦܐ ܕܚܝܠܐ. ܪ̈ܝܫܝ ܐ̈ܠܦܐ ܘܪ̈ܝܫܝ ܡܐ̈ܘܬܐ.,12,"Então chegaram-se a Moisés os oficiais que estavam sobre os milhares do exército, os chefes de mil e os chefes de cem,",22,True,True,True
31,49,Números 31:49,וַיֹּֽאמְרוּ֙ אֶל־ מֹשֶׁ֔ה עֲבָדֶ֣יךָ נָֽשְׂא֗וּ אֶת־ רֹ֛אשׁ אַנְשֵׁ֥י הַמִּלְחָמָ֖ה אֲשֶׁ֣ר בְּיָדֵ֑נוּ וְלֹא־ נִפְקַ֥ד מִמֶּ֖נּוּ אִֽישׁ ׃,ויאמרו אל משה עבדיכ נשאו את ראש אנשי המלחמה אשר בידנו ולא נפקד ממנו איש,16,ואמרו למשה עבדיך קבילו ית חשבן גברי מגיחי קרבא די עמנא ולא שגא מננא אנש:,15,"καὶ εἶπαν πρὸς Μωυσῆν Οἱ παῖδές σου εἰλήφασιν τὸ κεφάλαιον τῶν ἀνδρῶν τῶν πολεμιστῶν τῶν παρ᾽ ἡμῶν, καὶ οὐ διαπεφώνηκεν ἀπ᾽ αὐτῶν οὐδὲ εἷς·",24,ܘܐܡܪܘ ܠܡܘܫܐ. ܥܒ̈ܕܝܟ ܩܒܠܘ ܚܘܫܒܢܐ ܕܚܝܠܐ ܕܓܒܪ̈ܐ ܥ̇ܒ̈ܕܝ ܩܪܒܐ ܕܥܡܢ. ܘܠܐ ܛܥܐ ܡܢܢ ܓܒܪ.,14,e disseram-lhe: Teus servos tomaram a soma dos homens de guerra que estiveram sob o nosso comando; e não falta nenhum de nós.,23,True,True,True
31,50,Números 31:50,וַנַּקְרֵ֞ב אֶת־ קָרְבַּ֣ן יְהוָ֗ה אִישׁ֩ אֲשֶׁ֨ר מָצָ֤א כְלִֽי־ זָהָב֙ אֶצְעָדָ֣ה וְצָמִ֔יד טַבַּ֖עַת עָגִ֣יל וְכוּמָ֑ז לְכַפֵּ֥ר עַל־ נַפְשֹׁתֵ֖ינוּ לִפְנֵ֥י יְהוָֽה ׃,ונקרב את קרבנ יהוה איש אשר מצא כלי זהב אצעדה וצמיד טבעת עגיל וכומז לכפר על נפשתינו לפני יהוה,20,וקרבנא ית קורבנא דיי גבר דאשכח מאן דדהב שירין ושבכין עזקן קדשין ומחוך לכפרא על נפשתנא קדם יי:,18,"καὶ προσενηνόχαμεν τὸ δῶρον Κυρίῳ ἀνὴρ ὃ εὗρεν σκεῦος χρυσοῦν καὶ χλίδωνα καὶ ψέλιον καὶ δακτύλιον καὶ περιδέξιον καὶ ἐμπλόκιον, ἐξιλάσασθαι περὶ ἡμῶν ἔναντι Κυρίου.",25,ܘܩܪܒܢ ܩܘܪܒܢܗ ܕܡܪܝܐ ܓܒܪܐ ܕܐܫܟܚ ܡܐ̈ܢܐ ܕܕܗܒܐ. ܐ̈ܩܠܢܐ ܘܫܐܪ̈ܐ ܘܥܙܩ̈ܬܐ. ܘܩ̈ܕܫܐ ܘܗܡ̈ܢܝܟܐ. ܕܢܚܣܐ ܥܠ ܢܦܫ̈ܬܢ ܩܕܡ ܡܪܝܐ.,17,"Pelo que trouxemos a oferta do Senhor, cada um o que achou, artigos de ouro, cadeias, braceletes, anéis, arrecadas e colares, para fazer expiação pelas nossas almas perante o Senhor.",30,True,True,True
31,51,Números 31:51,וַיִּקַּ֨ח מֹשֶׁ֜ה וְאֶלְעָזָ֧ר הַכֹּהֵ֛ן אֶת־ הַזָּהָ֖ב מֵֽאִתָּ֑ם כֹּ֖ל כְּלִ֥י מַעֲשֶֽׂה ׃,ויקח משה ואלעזר הכהנ את הזהב מאתמ כל כלי מעשה,11,ונסיב משה ואלעזר כהנא ית דהבא מנהון כל מאן דעובדא:,10,"καὶ ἔλαβεν Μωυσῆς καὶ Ἐλεαζὰρ ὁ ἱερεὺς τὸ χρυσίον παρ᾽ αὐτῶν, πᾶν σκεῦος εἰργασμένον·",14,ܘܢܣܒ ܡܘܫܐ ܘܐܠܝܥܙܪ ܟܗܢܐ ܕܗܒܐ ܡܢܗܘܢ. ܟܠܗܘܢ ܡܐ̈ܢܐ ܕܥܒܕܐ.,9,"Assim Moisés e Eleazar, o sacerdote, tomaram deles o ouro, todo feito em jóias.",14,True,True,True
31,52,Números 31:52,וַיְהִ֣י ׀ כָּל־ זְהַ֣ב הַתְּרוּמָ֗ה אֲשֶׁ֤ר הֵרִ֨ימוּ֙ לַֽיהוָ֔ה שִׁשָּׁ֨ה עָשָׂ֥ר אֶ֛לֶף שְׁבַע־ מֵא֥וֹת וַחֲמִשִּׁ֖ים שָׁ֑קֶל מֵאֵת֙ שָׂרֵ֣י הָֽאֲלָפִ֔ים וּמֵאֵ֖ת שָׂרֵ֥י הַמֵּאֽוֹת ׃,ויהי כל זהב התרומה אשר הרימו ליהוה ששה עשר אלפ שבע מאות וחמשימ שקל מאת שרי האלפימ ומאת שרי המאות,22,והוה כל דהב אפרשותא די אפרישו קדם יי שתא עשר אלפין שבע מאה וחמשין סלעין מן רבני אלפין ומן רבני מאותא:,21,"καὶ ἐγένετο πᾶν τὸ χρυσίον, τὸ ἀφαίρεμα ὃ ἀφεῖλον Κυρίῳ, ἓξ καὶ δέκα χιλιάδες καὶ ἑπτακόσιοι καὶ πεντήκοντα σίκλοι, παρὰ τῶν χιλιάρχων καὶ παρὰ τῶν ἑκατοντάρχων.",26,ܘܗܘܐ ܟܠܗ ܕܗܒܐ ܕܦܘܪܫܢܐ ܕܐܦܪܫܘ ܠܡܪܝܐ. ܫܬܬܥܣܪ ܐ̈ܠܦܝܢ ܘܫܒܥܡܐܐ ܘܚܡܫܝܢ ܡܬܩ̈ܠܝܢ. ܡܢ ܪ̈ܝܫܝ ܐ̈ܠܦܐ ܘܡܢ ܪ̈ܝܫܝ ܡܐ̈ܘܬܐ.,17,"E todo o ouro da oferta alçada que os chefes de mil e os chefes de cem fizeram ao Senhor, foi dezesseis mil setecentos e cinqüenta siclos",27,True,True,True
31,53,Números 31:53,אַנְשֵׁי֙ הַצָּבָ֔א בָּזְז֖וּ אִ֥ישׁ לֽוֹ ׃,אנשי הצבא בזזו איש לו,6,גברי דחילא בזו גבר לנפשיה:,5,καὶ οἱ ἄνδρες οἱ πολεμισταὶ ἐπρονόμευσαν ἕκαστος ἑαυτῷ.,8,ܓܒܪ̈ܐ ܕܝܢ ܕܚܝܠܐ ܒܙܘ ܠܗܘܢ ܐܢܫ ܠܢܦܫܗ.,7,"{pois os homens de guerra haviam tomado despojo, cada um para si}.",12,True,True,True
31,54,Números 31:54,וַיִּקַּ֨ח מֹשֶׁ֜ה וְאֶלְעָזָ֤ר הַכֹּהֵן֙ אֶת־ הַזָּהָ֔ב מֵאֵ֛ת שָׂרֵ֥י הָאֲלָפִ֖ים וְהַמֵּא֑וֹת וַיָּבִ֤אוּ אֹתוֹ֙ אֶל־ אֹ֣הֶל מוֹעֵ֔ד זִכָּר֥וֹן לִבְנֵֽי־ יִשְׂרָאֵ֖ל לִפְנֵ֥י יְהוָֽה ׃ פ,ויקח משה ואלעזר הכהנ את הזהב מאת שרי האלפימ והמאות ויבאו אתו אל אהל מועד זכרונ לבני ישראל לפני יהוה פ,22,ונסיב משה ואלעזר כהנא ית דהבא מן רבני אלפין ומאותא ואיתיאו יתיה למשכן זמנא דכרנא לבני ישראל קדם יי:,19,"καὶ ἔλαβεν Μωυσῆς καὶ Ἐλεαζὰρ ὁ ἱερεὺς τὸ χρυσίον παρὰ τῶν χιλιάρχων καὶ παρὰ τῶν ἑκατοντάρχων, καὶ εἰσήνεγκεν αὐτὰ εἰς τὴν σκηνὴν τοῦ μαρτυρίου, μνημόσυνον τῶν υἱῶν Ἰσραὴλ ἔναντι Κυρίου.",30,ܘܢܣܒܘ ܡܘܫܐ ܘܐܠܝܥܙܪ ܟܗܢܐ ܕܗܒܐ. ܡܢ ܪ̈ܝܫܝ ܐ̈ܠܦܐ ܘܡܢ ܪ̈ܝܫܝ ܡܐ̈ܘܬܐ. ܘܐܝܬܝܘܗܝ ܠܡܫܟܢ ܙܒܢܐ ܕܘܟܪܢܐ ܠܒܢ̈ܝ ܐܝܣܪܝܠ. ܩܕܡ ܡܪܝܐ.,19,"Assim receberam Moisés e Eleazar, o sacerdote, o ouro dos chefes de mil e dos chefes de cem, e o puseram na tenda da revelação por memorial para os filhos de Israel perante o Senhor.",35,True,True,True
32,1,Números 32:1,וּמִקְנֶ֣ה ׀ רַ֗ב הָיָ֞ה לִבְנֵ֧י רְאוּבֵ֛ן וְלִבְנֵי־ גָ֖ד עָצ֣וּם מְאֹ֑ד וַיִּרְא֞וּ אֶת־ אֶ֤רֶץ יַעְזֵר֙ וְאֶת־ אֶ֣רֶץ גִּלְעָ֔ד וְהִנֵּ֥ה הַמָּק֖וֹם מְק֥וֹם מִקְנֶֽה ׃,ומקנה רב היה לבני ראובנ ולבני גד עצומ מאד ויראו את ארצ יעזר ואת ארצ גלעד והנה המקומ מקומ מקנה,22,ובעיר סגי הוה לבני ראובן ולבני גד תקיף לחדא וחזו ית ארע יעזר וית ארע גלעד והא אתרא אתר כשר לבית בעיר:,22,"Καὶ κτήνη πλῆθος ἦν τοῖς υἱοῖς Ῥουβὴν καὶ τοῖς υἱοῖς Γάδ, πλῆθος σφόδρα· καὶ ἴδον τὴν χώραν Ἰαζὴρ καὶ τὴν χώραν Γαλαάδ, καὶ ἦν ὁ τόπος τόπος κτήνεσιν.",28,ܘܩܢܝܢܐ ܪܒܐ ܗܘܐ ܠܒܢ̈ܝ ܪܘܒܝܠ ܘܠܒܢ̈ܝ ܓܕ. ܘܛܒ ܥܫܝܢ. ܘܚܙܐܘܗ̇ ܠܝܥܙܝܪ ܘܠܐܪܥܐ ܕܓܠܥܕ ܐܬܪܐ ܕܐܙ̇ܠ ܠܒܝܬ ܩܢܝܢܐ.,17,"Ora, os filhos de Rúben e os filhos de Gade tinham gado em grande quantidade; e quando viram a terra de Jazer, e a terra de Gileade, e que a região era própria para o gado,",36,True,True,True
32,2,Números 32:2,וַיָּבֹ֥אוּ בְנֵֽי־ גָ֖ד וּבְנֵ֣י רְאוּבֵ֑ן וַיֹּאמְר֤וּ אֶל־ מֹשֶׁה֙ וְאֶל־ אֶלְעָזָ֣ר הַכֹּהֵ֔ן וְאֶל־ נְשִׂיאֵ֥י הָעֵדָ֖ה לֵאמֹֽר ׃,ויבאו בני גד ובני ראובנ ויאמרו אל משה ואל אלעזר הכהנ ואל נשיאי העדה לאמר,16,ואתו בני גד ובני ראובן ואמרו למשה ולאלעזר כהנא ולרברבי כנשתא למימר:,12,καὶ προσελθόντες οἱ υἱοὶ Ῥουβὴν καὶ οἱ υἱοὶ Γὰδ εἶπαν πρὸς Μωυσῆν καὶ πρὸς Ἐλεαζὰρ τὸν ἱερέα καὶ πρὸς τοὺς ἄρχοντας τῆς συναγωγῆς λέγοντες,24,ܘܐܬܘ ܒܢ̈ܝ ܪܘܒܝܠ ܘܒܢ̈ܝ ܓܕ. ܘܐܡܪܘ ܠܡܘܫܐ ܘܠܐܠܝܥܙܪ ܟܗܢܐ. ܘܠܪ̈ܘܪܒܢܐ ܕܟܢܘܫܬܐ.,11,"vieram os filhos de Gade e os filhos de Rúben a Moisés e a Eleazar, o sacerdote, e aos príncipes da congregação e falaram-lhes, dizendo:",25,True,True,True
32,3,Números 32:3,עֲטָר֤וֹת וְדִיבֹן֙ וְיַעְזֵ֣ר וְנִמְרָ֔ה וְחֶשְׁבּ֖וֹן וְאֶלְעָלֵ֑ה וּשְׂבָ֥ם וּנְב֖וֹ וּבְעֹֽן ׃,עטרות ודיבנ ויעזר ונמרה וחשבונ ואלעלה ושבמ ונבו ובענ,10,מכללתא ומלבשתא וכומרין ובית נמרין ובית חושבנא ובעלי דבבא וכימא וסיעת בית קברתא דמשה ובעון:,15,"Ἀταρὼθ καὶ Δαιβὼν καὶ Ἰαζὴρ καὶ Ναμβρὰ καὶ Ἑσεβὼν καὶ Ἐλεαλὴ καὶ Σεβαμὰ καὶ Ναβαὺ καὶ Βαιάν,",17,ܥܛܪܘܬ ܘܪܝܒܘܢ ܘܝܥܙܝܪ ܘܢܡܪܐ. ܘܚܫܒܘܢ ܘܐܠܥܠܐ ܘܫܒܐ ܘܢܒܘ ܘܒܥܘܢ.,9,"Atarote, Dibom, Jazer, Ninra, Hesbom, Eleale, Sebã, Nebo e Beom,",10,True,True,True
32,4,Números 32:4,הָאָ֗רֶץ אֲשֶׁ֨ר הִכָּ֤ה יְהוָה֙ לִפְנֵי֙ עֲדַ֣ת יִשְׂרָאֵ֔ל אֶ֥רֶץ מִקְנֶ֖ה הִ֑וא וְלַֽעֲבָדֶ֖יךָ מִקְנֶֽה ׃ ס,הארצ אשר הכה יהוה לפני עדת ישראל ארצ מקנה הוא ולעבדיכ מקנה ס,14,ארעא די מחא יי ית יתבהא קדם כנשתא דישראל ארע כשרא לבית בעיר היא ולעבדיך אית בעיר:,17,"τὴν γῆν ἣν παραδέδωκεν Κύριος ἐνώπιον τῶν υἱῶν Ἰσραήλ, γῆ κτηνοτρόφος ἐστίν, καὶ τοῖς παισίν σου κτήνη ὑπάρχει.",18,ܐܪܥܐ ܕܚܪܒ ܡܪܝܐ ܩܕܡ ܒܢ̈ܝ ܐܝܣܪܝܠ. ܐܪܥܐ ܗܝ ܕܐܙܠܐ ܠܒܝܬ ܩܢܝܢܐ. ܘܠܥܒ̈ܕܝܟ ܐܝܬ ܩܢܝܢܐ.,14,"a terra que o Senhor feriu diante da congregação de Israel, é terra para gado, e os teus servos têm gado.",21,True,True,True
32,5,Números 32:5,וַיֹּאמְר֗וּ אִם־ מָצָ֤אנוּ חֵן֙ בְּעֵינֶ֔יךָ יֻתַּ֞ן אֶת־ הָאָ֧רֶץ הַזֹּ֛את לַעֲבָדֶ֖יךָ לַאֲחֻזָּ֑ה אַל־ תַּעֲבִרֵ֖נוּ אֶת־ הַיַּרְדֵּֽן ׃,ויאמרו אמ מצאנו חנ בעיניכ יתנ את הארצ הזאת לעבדיכ לאחזה אל תעברנו את הירדנ,16,ואמרו אם אשכחנא רחמין בעיניך תתיהיב ית ארעא הדא לעבדיך לאחסנא לא תעברננא ית ירדנא:,15,"καὶ ἔλεγον Εἰ εὕρομεν χάριν ἐνώπιόν σου, δοθήτω ἡ γῆ αὕτη τοῖς οἰκέταις σου ἐν κατασχέσει, καὶ μὴ διαβιβάσῃς ἡμᾶς τὸν Ἰορδάνην.",22,ܘܐܡܪܘ ܐܢ ܐܫܟܚܢ ܪ̈ܚܡܐ ܩܕܡܝܟ . ܬܬܝܗܒ ܐܪܥܐ ܗܕܐ ܠܥܒ̈ܕܝܟ ܝܘܪܬܢܐ. ܘܠܐ ܬܥܒܪܢ ܝܘܪܕܢܢ.,14,"Disseram mais: Se temos achado graça aos teus olhos, dê-se esta terra em possessão aos teus servos, e não nos faças passar o Jordão.",24,True,True,True
32,6,Números 32:6,וַיֹּ֣אמֶר מֹשֶׁ֔ה לִבְנֵי־ גָ֖ד וְלִבְנֵ֣י רְאוּבֵ֑ן הַאַֽחֵיכֶ֗ם יָבֹ֨אוּ֙ לַמִּלְחָמָ֔ה וְאַתֶּ֖ם תֵּ֥שְׁבוּ פֹֽה ׃,ויאמר משה לבני גד ולבני ראובנ האחיכמ יבאו למלחמה ואתמ תשבו פה,13,ואמר משה לבני גד ולבני ראובן האחיכון יעלון לקרבא ואתון תיתבון הכא:,12,"καὶ εἶπεν Μωυσῆς τοῖς υἱοῖς Γὰδ καὶ τοῖς υἱοῖς Ῥουβήν Οἱ ἀδελφοὶ ὑμῶν πορεύονται εἰς πόλεμον, καὶ ὑμεῖς καθήσεσθε αὐτοῦ;",20,ܘܐܡܪ ܡܘܫܐ ܠܒܢ̈ܝ ܪܘܒܝܠ ܘܠܒܢ̈ܝ ܓܕ. ܐܚ̈ܝܟܘܢ ܢ̇ܦܩܝܢ ܠܩܪܒܐ ܘܐܢܬܘܢ ܝ̇ܬܒܝܢ ܐܢܬܘܢ ܗܪܟܐ.,13,"Moisés, porém, respondeu aos filhos de Gade e aos filhos de Rúben: Irão vossos irmãos à peleja, e ficareis vós sentados aqui?",22,True,True,True
32,7,Números 32:7,וְלָ֣מָּה תנואון אֶת־ לֵ֖ב בְּנֵ֣י יִשְׂרָאֵ֑ל מֵֽעֲבֹר֙ אֶל־ הָאָ֔רֶץ אֲשֶׁר־ נָתַ֥ן לָהֶ֖ם יְהוָֽה ׃,ולמה תנואונ את לב בני ישראל מעבר אל הארצ אשר נתנ להמ יהוה,14,ולמא תונון ית לבא דבני ישראל מלמעבר לארעא דיהב להון יי:,11,"καὶ ἵνα τί διαστρέφετε τὰς διανοίας τῶν υἱῶν Ἰσραήλ, μὴ διαβῆναι εἰς τὴν γῆν ἣν Κύριος δίδωσιν αὐτοῖς;",18,ܠܡܢܐ ܬܒ̇ܪܝܢ ܐܢܬܘܢ ܠܒܐ ܕܒܢ̈ܝ ܐܝܣܪܝܠ. ܕܠܐ ܢܥܒܪܘܢ ܠܐܪܥܐ ܕܝܗܒ ܠܗܘܢ ܡܪܝܐ.,12,"Por que, pois, desanimais o coração dos filhos de Israel, para eles não passarem à terra que o Senhor lhes deu?",21,True,True,True
32,8,Números 32:8,כֹּ֥ה עָשׂ֖וּ אֲבֹתֵיכֶ֑ם בְּשָׁלְחִ֥י אֹתָ֛ם מִקָּדֵ֥שׁ בַּרְנֵ֖עַ לִרְא֥וֹת אֶת־ הָאָֽרֶץ ׃,כה עשו אבתיכמ בשלחי אתמ מקדש ברנע לראות את הארצ,11,כדין עבדו אבהתכון כד שלחית יתהון מרקם גיאה למחזי ית ארעא:,11,"οὐχ οὕτως ἐποίησαν οἱ πατέρες ὑμῶν, ὅτε ἀπέστειλα αὐτοὺς ἐκ Καδὴς Βαρνὴ κατανοῆσαι τὴν γῆν;",15,ܗܟܢܐ ܥܒܕܘ ܐ̈ܒܗܝܟܘܢ. ܟܕ ܫ̇ܕܪܬ ܐܢܘܢ ܡܢ ܪܩܡ ܕܓܝܐ. ܠܡܓܫ ܐܪܥܐ.,11,"Assim fizeram vossos pais, quando os mandei de Cades-Barnéia a ver a terra.",13,True,True,True
32,9,Números 32:9,וַֽיַּעֲל֞וּ עַד־ נַ֣חַל אֶשְׁכּ֗וֹל וַיִּרְאוּ֙ אֶת־ הָאָ֔רֶץ וַיָּנִ֕יאוּ אֶת־ לֵ֖ב בְּנֵ֣י יִשְׂרָאֵ֑ל לְבִלְתִּי־ בֹא֙ אֶל־ הָאָ֔רֶץ אֲשֶׁר־ נָתַ֥ן לָהֶ֖ם יְהוָֽה ׃,ויעלו עד נחל אשכול ויראו את הארצ ויניאו את לב בני ישראל לבלתי בא אל הארצ אשר נתנ להמ יהוה,21,וסליקו עד נחלא דאתכלא וחזו ית ארעא ואוניאו ית לבא דבני ישראל בדיל דלא למעל לארעא דיהב להון יי:,19,"καὶ ἀνέβησαν Φάραγγα βότρυος, καὶ κατενόησαν τὴν γῆν, καὶ ἀπέστησαν τὴν καρδίαν τῶν υἱῶν Ἰσραήλ, ὅπως μὴ εἰσέλθωσιν εἰς τὴν γῆν ἣν ἔδωκεν Κύριος αὐτοῖς.",25,ܘܣܠܩܘ ܥܕܡܐ ܠܢܚܠܐ ܕܣܓܘܠܐ. ܘܚܙܐܘܗ̇ ܠܐܪܥܐ. ܘܬܒܪܘ ܠܒܐ ܕܒܢ̈ܝ ܐܝܣܪܝܠ. ܕܠܐ ܢܥܠܘܢ ܠܐܪܥܐ ܕܝܗܒ ܠܗܘܢ ܡܪܝܐ.,16,"Pois, tendo eles subido até o vale de Escol, e visto a terra, desanimaram o coração dos filhos de Israel, para que não entrassem na terra que o Senhor lhes dera.",31,True,True,True
32,10,Números 32:10,וַיִּֽחַר־ אַ֥ף יְהוָ֖ה בַּיּ֣וֹם הַה֑וּא וַיִּשָּׁבַ֖ע לֵאמֹֽר ׃,ויחר אפ יהוה ביומ ההוא וישבע לאמר,8,ותקף רוגזא דיי ביומא ההוא וקיים למימר:,7,"καὶ ὠργίσθη θυμῷ Κύριος ἐν τῇ ἡμέρᾳ ἐκείνῃ, καὶ ὤμοσεν λέγων",11,ܘܐܬܚܡܬ ܥܠܝܗܘܢ ܪܘܓܙܗ ܕܡܪܝܐ ܒܝܘܡܐ ܗ̇ܘ. ܘܝܡܐ ܘܐܡܪ.,8,"Então a ira do Senhor se acendeu naquele mesmo dia, e ele jurou, dizendo:",14,True,True,True
32,11,Números 32:11,אִם־ יִרְא֨וּ הָאֲנָשִׁ֜ים הָעֹלִ֣ים מִמִּצְרַ֗יִם מִבֶּ֨ן עֶשְׂרִ֤ים שָׁנָה֙ וָמַ֔עְלָה אֵ֚ת הָאֲדָמָ֔ה אֲשֶׁ֥ר נִשְׁבַּ֛עְתִּי לְאַבְרָהָ֥ם לְיִצְחָ֖ק וּֽלְיַעֲקֹ֑ב כִּ֥י לֹא־ מִלְא֖וּ אַחֲרָֽי ׃,אמ יראו האנשימ העלימ ממצרימ מבנ עשרימ שנה ומעלה את האדמה אשר נשבעתי לאברהמ ליצחק וליעקב כי לא מלאו אחרי,21,אם יחזון גבריא דסליקו ממצרים מבר עשרין שנין ולעלא ית ארעא די קימית לאברהם ליצחק וליעקב ארי לא אשלימו בתר דחלתי:,21,"Εἰ ὄψονται οἱ ἄνθρωποι οὗτοι οἱ ἀναβάντες ἐξ Αἰγύπτου ἀπὸ εἰκοσαετοῦς καὶ ἐπάνω, οἱ ἐπιστάμενοι τὸ κακὸν καὶ τὸ ἀγαθόν, τὴν γῆν ἣν ὤμοσεν τῷ Ἀβραὰμ καὶ Ἰσαὰκ καὶ Ἰακώβ· οὐ γὰρ συνεπηκολούθησαν ὀπίσω μου·",35,ܕܠܐ ܢܚܙܘܢ ܓܒܪ̈ܐ ܕܣܠܩܘ ܡܢ ܡܨܪܝܢ. ܡܢ ܒܪ ܥܣܪ̈ܝܢ ܫܢ̈ܝܢ ܘܠܥܠ. ܐܪܥܐ ܕܝܡܝܬ ܠܐܒܪܗܡ ܘܠܐܝܣܚܩ ܘܠܝܥܩܘܒ. ܡܛܠ ܕܠܐ ܫܡܠܝܘ ܒܬܪܝ.,20,"De certo os homens que subiram do Egito, de vinte anos para cima, não verão a terra que prometi com juramento a Abraão, a Isaque, e a Jacó! porquanto não perseveraram em seguir-me;",33,True,True,True
32,12,Números 32:12,בִּלְתִּ֞י כָּלֵ֤ב בֶּן־ יְפֻנֶּה֙ הַקְּנִזִּ֔י וִיהוֹשֻׁ֖עַ בִּן־ נ֑וּן כִּ֥י מִלְא֖וּ אַחֲרֵ֥י יְהוָֽה ׃,בלתי כלב בנ יפנה הקנזי ויהושע בנ נונ כי מלאו אחרי יהוה,13,אלהן כלב בר יפנה קנזאה ויהושע בר נון ארי אשלימו בתר דחלתא דיי:,13,"πλὴν Χαλὲβ υἱὸς Ἰεφοννὴ ὁ διακεχωρισμένος, καὶ Ἰησοῦς ὁ τοῦ Ναυή, ὅτι συνεπηκολούθησεν ὀπίσω Κυρίου.",15,ܐܠܐ ܐܢ ܟܠܒ ܒܪ ܝܘܦܢܐ ܩܢܙܝܐ. ܘܝܫܘܥ ܒܪ ܢܘܢ ܕܫܡܠܝܘ ܒܬܪ ܡܪܝܐ.,12,"exceto Calebe, filho de Jefoné o quenezeu, e Josué, filho de Num, porquanto perseveraram em seguir ao Senhor.",18,True,True,True
32,13,Números 32:13,וַיִּֽחַר־ אַ֤ף יְהוָה֙ בְּיִשְׂרָאֵ֔ל וַיְנִעֵם֙ בַּמִּדְבָּ֔ר אַרְבָּעִ֖ים שָׁנָ֑ה עַד־ תֹּם֙ כָּל־ הַדּ֔וֹר הָעֹשֶׂ֥ה הָרַ֖ע בְּעֵינֵ֥י יְהוָֽה ׃,ויחר אפ יהוה בישראל וינעמ במדבר ארבעימ שנה עד תמ כל הדור העשה הרע בעיני יהוה,17,ותקף רוגזא דיי בישראל וטרדנון במדברא ארבעין שנין עד דסף כל דרא דעביד דביש קדם יי:,16,"καὶ ὠργίσθη θυμῷ Κύριος ἐπὶ τὸν Ἰσραήλ, καὶ κατερόμβευσεν αὐτοὺς ἐν τῇ ἐρήμῳ τεσσεράκοντα ἔτη, ἕως ἐξανηλώθη πᾶσα ἡ γενεά, οἱ ποιοῦντες τὰ πονηρὰ ἔναντι Κυρίου.",26,ܘܐܬܚܡܬ ܪܘܓܙܗ ܕܡܪܝܐ ܥܠ ܐܝܣܪܝܠ. ܘܐܛܥܝ ܐܢܘܢ ܒܡܕܒܪܐ ܐܪ̈ܒܥܝܢ ܫ̈ܢܝܢ. ܥܕܡܐ ܕܣܦܘ ܟܠܗ ܕܪܐ ܕܓܒܪ̈ܐ ܕܥܒܕܘ ܒܝܫܬܐ ܩܕܡ ܡܪܝܐ.,19,"Assim se acendeu a ira do Senhor contra Israel, e ele os fez andar errantes no deserto quarenta anos, até que se consumiu toda aquela geração que fizera mal aos olhos do Senhor.",33,True,True,True
32,14,Números 32:14,וְהִנֵּ֣ה קַמְתֶּ֗ם תַּ֚חַת אֲבֹ֣תֵיכֶ֔ם תַּרְבּ֖וּת אֲנָשִׁ֣ים חַטָּאִ֑ים לִסְפּ֣וֹת ע֗וֹד עַ֛ל חֲר֥וֹן אַף־ יְהוָ֖ה אֶל־ יִשְׂרָאֵֽל ׃,והנה קמתמ תחת אבתיכמ תרבות אנשימ חטאימ לספות עוד על חרונ אפ יהוה אל ישראל,16,והא קמתון חלף אבהתכון תלמידי גבריא חיביא לאוספא עוד על תקוף רוגזא דיי לישראל:,14,"ἰδοὺ ἀνέστητε ἀντὶ τῶν πατέρων ὑμῶν, σύστρεμμα ἀνθρώπων ἁμαρτωλῶν, προσθεῖναι ἔτι ἐπὶ τὸν θυμὸν τῆς ὀργῆς Κυρίου ἐπὶ Ἰσραήλ·",19,ܘܗܐ ܩܡܬܘܢ ܐܦ ܐܢܬܘܢ ܝܘܡܢܐ ܚܠܦ ܐ̈ܒܗܝܟܘܢ. ܬܪܒܝܬܐ ܕܓܒܪ̈ܐ ܚ̈ܛܝܐ. ܕܬܘܣܦܘܢ ܬܘܒ ܪܘܓܙܗ ܕܡܪܝܐ ܥܠ ܐܝܣܪܝܠ.,16,"E eis que vós, uma geração de homens pecadores, vos levantastes em lugar de vossos pais, para ainda mais aumentardes o furor da ira do Senhor contra Israel.",28,True,True,True
32,15,Números 32:15,כִּ֤י תְשׁוּבֻן֙ מֵֽאַחֲרָ֔יו וְיָסַ֣ף ע֔וֹד לְהַנִּיח֖וֹ בַּמִּדְבָּ֑ר וְשִֽׁחַתֶּ֖ם לְכָל־ הָעָ֥ם הַזֶּֽה ׃ ס,כי תשובנ מאחריו ויספ עוד להניחו במדבר ושחתמ לכל העמ הזה ס,13,ארי תתובון מבתר דחלתיה ויוסף עוד לאחרותהון במדברא ותחבלון לכל עמא הדין:,12,"ὅτι ἀποστραφήσεσθε ἀπ᾽ αὐτοῦ προσθεῖναι ἔτι καταλιπεῖν αὐτὸν ἐν τῇ ἐρήμῳ, καὶ ἀνομήσετε εἰς ὅλην τὴν συναγωγὴν ταύτην.",18,ܘܐܢ ܬܗܦܟܘܢ ܡܢ ܡܪܝܐ. ܢܘܣܦ ܬܘܒ ܠܡܛܥܝܘܬܟܘܢ ܒܡܕܒܪܐ. ܘܡܚܒܠܝܢ ܐܢܬܘܢ ܥܠ ܗܢܐ ܟܠܗ ܥܡܐ.,14,"se vós vos virardes de segui-lo, também ele tornará a deixá-los no deserto; assim destruireis a todo este povo:",19,True,True,True
32,16,Números 32:16,וַיִּגְּשׁ֤וּ אֵלָיו֙ וַ֣יֹּאמְר֔וּ גִּדְרֹ֥ת צֹ֛אן נִבְנֶ֥ה לְמִקְנֵ֖נוּ פֹּ֑ה וְעָרִ֖ים לְטַפֵּֽנוּ ׃,ויגשו אליו ויאמרו גדרת צאנ נבנה למקננו פה וערימ לטפנו,11,וקריבו לותיה ואמרו חטרין דען נבני לבעירנא הכא וקרוין לטפלנא:,10,"καὶ προσῆλθον αὐτῷ καὶ ἔλεγον Ἐπαύλεις προβάτων οἰκοδομήσωμεν ὧδε τοῖς κτήνεσιν ἡμῶν καὶ πόλεις ταῖς ἀποσκευαῖς ἡμῶν,",17,ܘܩܪܒܘ ܠܘܬܗ ܘܐܡܪܘ. ܛܝܪ̈ܐ ܕܥܢܐ ܢܒܢܐ ܠܩܢܝܢܢ ܗܪܟܐ. ܘܩܘܪ̈ܝܐ ܠܝܩܪܬܢ.,10,"Então chegaram-se a ele, e disseram: Construiremos aqui currais para o nosso gado, e cidades para os nossos pequeninos;",19,True,True,True
32,17,Números 32:17,וַאֲנַ֜חְנוּ נֵחָלֵ֣ץ חֻשִׁ֗ים לִפְנֵי֙ בְּנֵ֣י יִשְׂרָאֵ֔ל עַ֛ד אֲשֶׁ֥ר אִם־ הֲבִֽיאֹנֻ֖ם אֶל־ מְקוֹמָ֑ם וְיָשַׁ֤ב טַפֵּ֨נוּ֙ בְּעָרֵ֣י הַמִּבְצָ֔ר מִפְּנֵ֖י יֹשְׁבֵ֥י הָאָֽרֶץ ׃,ואנחנו נחלצ חשימ לפני בני ישראל עד אשר אמ הביאנמ אל מקוממ וישב טפנו בערי המבצר מפני ישבי הארצ,20,ואנחנא נזדרז מבעין קדם בני ישראל עד די נעלנון לאתריהון ויתבון טפלנא בקרוין כריכין מן קדם יתבי ארעא:,18,"καὶ ἡμεῖς ἐνοπλισάμενοι προφυλακὴν πρότεροι τῶν υἱῶν Ἰσραήλ, ἕως ἂν ἀγάγωμεν αὐτοὺς εἰς τὸν ἑαυτῶν τόπον· καὶ κατοικήσει ἡ ἀποσκευὴ ἡμῶν ἐν πόλεσιν τετειχισμέναις διὰ τοὺς κατοικοῦντας τὴν γῆν.",29,ܘܚܢܢ ܢܙܕܝܢ ܘܢܐܙܠ ܩܕܡ ܒܢ̈ܝ ܐܝܣܪܝܠ. ܥܕܡܐ ܕܢܥܠ ܐܢܘܢ ܠܐܬܪܗܘܢ. ܘܝܩܪܬܢ ܬܬܒ ܒܩܘܪ̈ܝܐ ܥܫܝ̈ܢܬܐ. ܡܢ ܩܕܡ ܥܡܘܪ̈ܝܗ̇ ܕܐܪܥܐ.,18,"nós, porém, nos armaremos, apressando-nos adiante dos filhos de Israel, até os levarmos ao seu lugar; e ficarão os nossos pequeninos nas cidades fortificadas, por causa dos habitantes da terra.",30,True,True,True
32,18,Números 32:18,לֹ֥א נָשׁ֖וּב אֶל־ בָּתֵּ֑ינוּ עַ֗ד הִתְנַחֵל֙ בְּנֵ֣י יִשְׂרָאֵ֔ל אִ֖ישׁ נַחֲלָתֽוֹ ׃,לא נשוב אל בתינו עד התנחל בני ישראל איש נחלתו,11,לא נתוב לביתנא עד דיחסנון בני ישראל גבר אחסנתיה:,9,οὐ μὴ ἀποστραφῶμεν εἰς τὰς οἰκίας ἡμῶν ἕως ἂν καταμερισθῶσιν οἱ υἱοὶ Ἰσραὴλ ἕκαστος εἰς τὴν κληρονομίαν αὐτοῦ.,18,ܠܐ ܢܗܦܘܟ ܠܒ̈ܬܝܢ. ܥܕܡܐ ܕܢܐܪܬܘܢ ܒܢ̈ܝ ܐܝܣܪܝܠ ܐܢܫ ܝܪܬܘܬܗ.,9,"Não voltaremos para nossas casas até que os filhos de Israel estejam de posse, cada um, da sua herança.",19,True,True,True
32,19,Números 32:19,כִּ֣י לֹ֤א נִנְחַל֙ אִתָּ֔ם מֵעֵ֥בֶר לַיַּרְדֵּ֖ן וָהָ֑לְאָה כִּ֣י בָ֤אָה נַחֲלָתֵ֨נוּ֙ אֵלֵ֔ינוּ מֵעֵ֥בֶר הַיַּרְדֵּ֖ן מִזְרָֽחָה ׃ פ,כי לא ננחל אתמ מעבר לירדנ והלאה כי באה נחלתנו אלינו מעבר הירדנ מזרחה פ,16,ארי לא נחסין עמהון מעברא לירדנא ולהלא ארי קבלנא אחסנתנא לנא מעברא לירדנא מדינחא:,14,"καὶ οὐκέτι κληρονομήσωμεν ἐν αὐτοῖς ἀπὸ τοῦ πέραν τοῦ Ἰορδάνου καὶ ἐπέκεινα, ὅτι ἀπέχομεν τοὺς κλήρους ἡμῶν ἐν τῷ πέραν τοῦ Ἰορδάνου ἐν ἀνατολαῖς.",24,ܘܠܐ ܢܐܪܬ ܥܡܗܘܢ ܡܢ ܥܒܪܐ ܕܝܘܪܕܢܢ ܘܠܗܠ. ܡܛܠ ܕܩܒܠܢ ܝܪܬܘܬܢ ܡܢ ܥܒܪܐ ܕܝܘܪܕܢܢ ܡܢ ܡܕܢܚܐ.,15,"Porque não herdaremos com eles além do Jordão, nem mais adiante; visto que já possuímos a nossa herança aquém do Jordão, ao oriente.",23,True,True,True
32,20,Números 32:20,וַיֹּ֤אמֶר אֲלֵיהֶם֙ מֹשֶׁ֔ה אִֽם־ תַּעֲשׂ֖וּן אֶת־ הַדָּבָ֣ר הַזֶּ֑ה אִם־ תֵּחָֽלְצ֛וּ לִפְנֵ֥י יְהוָ֖ה לַמִּלְחָמָֽה ׃,ויאמר אליהמ משה אמ תעשונ את הדבר הזה אמ תחלצו לפני יהוה למלחמה,14,ואמר להון משה אם תעבדון ית פתגמא הדין אם תזדרזון קדם עמא דיי לקרבא:,14,"καὶ εἶπεν πρὸς αὐτοὺς Μωυσῆς Ἐὰν ποιήσητε κατὰ τὸ ῥῆμα τοῦτο, ἐὰν ἐξοπλίσησθε ἔναντι Κυρίου εἰς πόλεμον,",17,ܘܐܡܪ ܠܗܘܢ ܡܘܫܐ. ܐܢ ܥ̇ܒܕܝܢ ܐܢܬܘܢ ܦܬܓܡܐ ܗܢܐ. ܘܡܙܕܝܢܝܢ ܐܢܬܘܢ ܩܕܡ ܡܪܝܐ ܠܩܪܒܐ.,13,"Então lhes respondeu Moisés: se isto fizerdes, se vos armardes para a guerra perante o Senhor,",16,True,True,True
32,21,Números 32:21,וְעָבַ֨ר לָכֶ֧ם כָּל־ חָל֛וּץ אֶת־ הַיַּרְדֵּ֖ן לִפְנֵ֣י יְהוָ֑ה עַ֧ד הוֹרִישׁ֛וֹ אֶת־ אֹיְבָ֖יו מִפָּנָֽיו ׃,ועבר לכמ כל חלוצ את הירדנ לפני יהוה עד הורישו את איביו מפניו,14,ויעבר לכון כל דמזרז ית ירדנא קדם עמא דיי עד דיתרך ית בעלי דבבוהי מן קדמוהי:,16,καὶ παρελεύσεται ὑμῶν πᾶς ὁπλίτης τὸν Ἰορδάνην ἔναντι Κυρίου ἕως ἂν ἐκτριβῇ ὁ ἐχθρὸς αὐτοῦ ἀπὸ προσώπου αὐτοῦ,18,ܘܥ̇ܒܪܝܢ ܐܢܬܘܢ ܝܘܪܕܢܢ ܟܠܟܘܢ. ܟܕ ܡܙܝܢܝܢ ܐܢܬܘܢ ܩܕܡ ܡܪܝܐ ܠܩܪܒܐ. ܥܕܡܐ ܕܢܘܒܕ ܒ̈ܥܠܕܒܒܘܗܝ ܡܢ ܩܕܡܘܗܝ.,15,"e cada um de vós, armado, passar o Jordão perante o Senhor, até que ele haja lançado fora os seus inimigos de diante dele,",24,True,True,True
32,22,Números 32:22,וְנִכְבְּשָׁ֨ה הָאָ֜רֶץ לִפְנֵ֤י יְהוָה֙ וְאַחַ֣ר תָּשֻׁ֔בוּ וִהְיִיתֶ֧ם נְקִיִּ֛ים מֵיְהוָ֖ה וּמִיִּשְׂרָאֵ֑ל וְ֠הָיְתָה הָאָ֨רֶץ הַזֹּ֥את לָכֶ֛ם לַאֲחֻזָּ֖ה לִפְנֵ֥י יְהוָֽה ׃,ונכבשה הארצ לפני יהוה ואחר תשבו והייתמ נקיימ מיהוה ומישראל והיתה הארצ הזאת לכמ לאחזה לפני יהוה,18,ותתכבש ארעא קדם עמא דיי ובתר כן תתובון ותהון זכאין מן קדם יי ומישראל ותהי ארעא הדא לכון לאחסנא קדם יי:,21,"καὶ κατακυριευθῇ ἡ γῆ ἔναντι Κυρίου, καὶ μετὰ ταῦτα ἀποστραφήσεσθε· καὶ ἔσεσθε ἀθῷοι ἔναντι Κυρίου καὶ ἀπὸ Ἰσραήλ, καὶ ἔσται ἡ γῆ αὕτη ὑμῖν ἐν κατασχέσει ἔναντι Κυρίου.",28,ܘܬܬܟܒܫ ܐܪܥܐ ܩܕܡ ܡܪܝܐ. ܗܝܕܝܢ ܬܗܦܟܘܢ ܘܬܬܚܣܘܢ ܡܢ ܡܪܝܐ ܘܡܢ ܐܝܣܪܐܝܠ. ܘܬܗܘܐ ܠܟܘܢ ܐܪܥܐ ܗܕܐ ܠܝܪܬܘܬܐ ܩܕܡ ܡܪܝܐ.,18,"e a terra esteja subjugada perante o senhor, então, sim, voltareis e sereis inculpáveis perante o Senhor e perante Israel; e esta terra vos será por possessão perante o Senhor.",30,True,True,True
32,23,Números 32:23,וְאִם־ לֹ֤א תַעֲשׂוּן֙ כֵּ֔ן הִנֵּ֥ה חֲטָאתֶ֖ם לַיהוָ֑ה וּדְעוּ֙ חַטַּאתְכֶ֔ם אֲשֶׁ֥ר תִּמְצָ֖א אֶתְכֶֽם ׃,ואמ לא תעשונ כנ הנה חטאתמ ליהוה ודעו חטאתכמ אשר תמצא אתכמ,13,ואם לא תעבדון כן הא חבתון קדם יי ותדעון חובתכון די תשכח יתכון:,13,"ἐὰν δὲ μὴ ποιήσητε οὕτως, ἁμαρτήσεσθε ἔναντι Κυρίου, καὶ γνώσεσθε τὴν ἁμαρτίαν ὑμῶν ὅταν ὑμᾶς καταλάβῃ τὰ κακά.",18,ܘܐܢ ܠܐ ܥ̇ܒܕܝܢ ܐܢܬܘܢ ܗܟܢܐ. ܚ̇ܛܝܢ ܐܢܬܘܢ ܠܡܪܝܐ. ܘܕܥܘ ܕܚ̈ܛܗܝܟܘܢ ܡܕܪܟܝܢ ܠܟܘܢ.,12,"Mas se não fizerdes assim, estareis pecando contra o Senhor; e estai certos de que o vosso pecado vos há de atingir.",22,True,True,True
32,24,Números 32:24,בְּנֽוּ־ לָכֶ֤ם עָרִים֙ לְטַפְּכֶ֔ם וּגְדֵרֹ֖ת לְצֹנַאֲכֶ֑ם וְהַיֹּצֵ֥א מִפִּיכֶ֖ם תַּעֲשֽׂוּ ׃,בנו לכמ ערימ לטפכמ וגדרת לצנאכמ והיצא מפיכמ תעשו,10,בנו לכון קרוין לטפלכון וחטרין לענכון ודיפוק מפומכון תעבדון:,9,"καὶ οἰκοδομήσητε ὑμῖν αὐτοῖς πόλεις τῇ ἀποσκευῇ ὑμῶν καὶ ἐπαύλεις τοῖς κτήνεσιν ὑμῶν, καὶ τὸ ἐκπορευόμενον ἐκ τοῦ στόματος ὑμῶν, τοῦτο ποιήσετε.",22,ܒܢܘ ܠܟܘܢ ܩܘܪ̈ܝܐ ܠܝܩܪܬܟܘܢ. ܘܛܝܪ̈ܐ ܠܥܢܟܘܢ. ܘܡܕܡ ܕܢܦܩ ܡܢ ܦܘܡܟܘܢ ܥܒܕܘ.,11,"Edificai cidades para os vossos pequeninos, e currais para as vossas ovelhas; e cumpri o que saiu da vossa boca.",20,True,True,True
32,25,Números 32:25,וַיֹּ֤אמֶר בְּנֵי־ גָד֙ וּבְנֵ֣י רְאוּבֵ֔ן אֶל־ מֹשֶׁ֖ה לֵאמֹ֑ר עֲבָדֶ֣יךָ יַעֲשׂ֔וּ כַּאֲשֶׁ֥ר אֲדֹנִ֖י מְצַוֶּֽה ׃,ויאמר בני גד ובני ראובנ אל משה לאמר עבדיכ יעשו כאשר אדני מצוה,14,ואמרו בני גד ובני ראובן למשה למימר עבדיך יעבדון כמא די רבוני מפקד:,13,καὶ εἶπαν οἱ υἱοὶ Ῥουβὴν καὶ οἱ υἱοὶ Γὰδ πρὸς Μωυσῆν λέγοντες Οἱ παῖδές σου ποιήσουσιν καθὰ ὁ κύριος ἡμῶν ἐντελεῖται.,21,ܘܐܡܪܘ ܒܢ̈ܝ ܪܘܒܝܠ ܘܒܢ̈ܝ ܓܕ ܠܡܘܫܐ. ܥܒ̈ܕܝܟ ܢܥܒܕܘܢ ܐܝܟ ܕܡܪܢ ܦ̇ܩܕ.,11,"Então os filhos de Gade e os filhos de Rúben disseram a Moisés: Como ordena meu senhor, assim farão teus servos.",21,True,True,True
32,26,Números 32:26,טַפֵּ֣נוּ נָשֵׁ֔ינוּ מִקְנֵ֖נוּ וְכָל־ בְּהֶמְתֵּ֑נוּ יִֽהְיוּ־ שָׁ֖ם בְּעָרֵ֥י הַגִּלְעָֽד ׃,טפנו נשינו מקננו וכל בהמתנו יהיו שמ בערי הגלעד,10,טפלנא נשנא גיתנא וכל בעירנא יהון תמן בקרוי גלעד:,9,ἡ ἀποσκευὴ ἡμῶν καὶ αἱ γυναῖκες ἡμῶν καὶ πάντα τὰ κτήνη ἡμῶν ἔσονται ἐν ταῖς πόλεσιν Γαλαάδ·,17,ܝܩܪܬܢ ܘܢܫ̈ܝܢ ܘܩܢܝܢܢ ܘܟܠܗ̇ ܒܥܝܪ̈ܢ. ܢܗܘܘܢ ܒܩܘܪ̈ܝܐ ܕܓܠܥܕ.,8,"Os nossos pequeninos, as nossas mulheres, os nossos rebanhos e todo o nosso gado ficarão nas cidades de Gileade;",19,True,True,True
32,27,Números 32:27,וַעֲבָדֶ֨יךָ יַֽעַבְר֜וּ כָּל־ חֲל֥וּץ צָבָ֛א לִפְנֵ֥י יְהוָ֖ה לַמִּלְחָמָ֑ה כַּאֲשֶׁ֥ר אֲדֹנִ֖י דֹּבֵֽר ׃,ועבדיכ יעברו כל חלוצ צבא לפני יהוה למלחמה כאשר אדני דבר,12,ועבדיך יעברון כל דמזרז חילא קדם עמא דיי לקרבא כמא די רבוני ממלל:,13,"οἱ δὲ παῖδές σου παρελεύσονται πάντες ἐνωπλισμένοι καὶ ἐκτεταγμένοι ἔναντι Κυρίου εἰς τὸν πόλεμον, ὃν τρόπον ὁ κύριος λέγει.",19,ܘܥܒ̈ܕܝܟ ܢܥܒܪܘܢ ܟܕ ܡܙܝܢ̈ܝܢ ܒܚܝܠܐ ܩܕܡ ܡܪܝܐ ܠܩܪܒܐ. ܐܝܟ ܕܡܪܢ ܐܡܪ.,11,"mas os teus servos passarão, cada um que está armado para a guerra, a pelejar perante o Senhor, como diz o meu senhor.",23,True,True,True
32,28,Números 32:28,וַיְצַ֤ו לָהֶם֙ מֹשֶׁ֔ה אֵ֚ת אֶלְעָזָ֣ר הַכֹּהֵ֔ן וְאֵ֖ת יְהוֹשֻׁ֣עַ בִּן־ נ֑וּן וְאֶת־ רָאשֵׁ֛י אֲב֥וֹת הַמַּטּ֖וֹת לִבְנֵ֥י יִשְׂרָאֵֽל ׃,ויצו להמ משה את אלעזר הכהנ ואת יהושע בנ נונ ואת ראשי אבות המטות לבני ישראל,17,ופקיד להון משה ית אלעזר כהנא וית יהושע בר נון וית רישי אבהת שבטיא לבני ישראל:,16,"Καὶ συνέστησεν αὐτοῖς Μωυσῆς Ἐλεαζὰρ τὸν ἱερέα καὶ Ἰησοῦν υἱὸν Ναυὴ καὶ τοὺς ἄρχοντας πατριῶν τῶν φυλῶν Ἰσραήλ,",18,ܘܦܩܕ ܥܠ ܟܠܗܘܢ ܡܘܫܐ ܠܐܠܝܥܙܪ ܟܗܢܐ ܘܠܝܫܘܥ ܒܪ ܢܘܢ. ܘܠܪ̈ܫܐ ܕܫ̈ܒܛܐ ܕܐ̈ܒܗܐ ܕܒܢ̈ܝ ܐܝܣܪܝܠ.,14,"Então Moisés deu ordem acerca deles a Eleazar, o sacerdote, e a Josué, filho de Num, e aos cabeças das casas paternas nas tribos dos filhos de Israel;",28,True,True,True
32,29,Números 32:29,וַיֹּ֨אמֶר מֹשֶׁ֜ה אֲלֵהֶ֗ם אִם־ יַעַבְר֣וּ בְנֵי־ גָ֣ד וּבְנֵי־ רְאוּבֵ֣ן ׀ אִ֠תְּכֶם אֶֽת־ הַיַּרְדֵּ֞ן כָּל־ חָל֤וּץ לַמִּלְחָמָה֙ לִפְנֵ֣י יְהוָ֔ה וְנִכְבְּשָׁ֥ה הָאָ֖רֶץ לִפְנֵיכֶ֑ם וּנְתַתֶּ֥ם לָהֶ֛ם אֶת־ אֶ֥רֶץ הַגִּלְעָ֖ד לַאֲחֻזָּֽה ׃,ויאמר משה אלהמ אמ יעברו בני גד ובני ראובנ אתכמ את הירדנ כל חלוצ למלחמה לפני יהוה ונכבשה הארצ לפניכמ ונתתמ להמ את ארצ הגלעד לאחזה,28,ואמר משה להון אם יעברון בני גד ובני ראובן עמכון ית ירדנא כל דמזרז לקרבא קדם עמא דיי ותתכבש ארעא קדמיכון ותתנון להון ית ארעא דגלעד לאחסנא:,27,"καὶ εἶπεν πρὸς αὐτοὺς Μωυσῆς Ἐὰν διαβῶσιν οἱ υἱοὶ Ῥουβὴν καὶ οἱ υἱοὶ Γὰδ μεθ᾽ ὑμῶν τὸν Ἰορδάνην, πᾶς ἐνωπλισμένος εἰς πόλεμον ἔναντι Κυρίου, καὶ κατακυριεύσητε τῆς γῆς ἀπέναντι ὑμῶν, καὶ δώσετε αὐτοῖς τὴν γῆν Γαλαὰδ ἐν κατασχέσει·",38,ܘܐܡܪ ܠܗܘܢ ܡܘܫܐ. ܐܢ ܥ̇ܒܪܝܢ ܒܢ̈ܝ ܪܘܒܝܠ ܘܒܢ̈ܝ ܓܕ ܥܡܟܘܢ ܝܘܪܕܢܢ. ܟܕ ܡܙܝܢܝܢ ܩܕܡ ܡܪܝܐ ܠܩܪܒܐ. ܘܬܬܟܒܫ ܐܪܥܐ ܩܕܡܝܟܘܢ. ܬܬܠܘܢ ܠܗܘܢ ܐܪܥܐ ܕܓܠܥܕ ܝܘܪܬܢܐ.,24,"e disse-lhes Moisés: Se os filhos de Gade e os filhos de Rúben passarem convosco o Jordão, armado cada um para a guerra perante o Senhor, e a terra for subjugada diante de vós, então lhes dareis a terra de Gileade por possessão;",43,True,True,True
32,30,Números 32:30,וְאִם־ לֹ֧א יַֽעַבְר֛וּ חֲלוּצִ֖ים אִתְּכֶ֑ם וְנֹֽאחֲז֥וּ בְתֹכְכֶ֖ם בְּאֶ֥רֶץ כְּנָֽעַן ׃,ואמ לא יעברו חלוצימ אתכמ ונאחזו בתככמ בארצ כנענ,10,ואם לא יעברון מזרזין עמכון ויחסנון ביניכון בארעא דכנען:,9,"ἐὰν δὲ μὴ διαβῶσιν ἐνωπλισμένοι μεθ᾽ ὑμῶν εἰς τὸν πόλεμον ἔναντι Κυρίου, διαβιβάσατε τὴν ἀποσκευὴν αὐτῶν καὶ τὰς γυναῖκας αὐτῶν καὶ τὰ κτήνη αὐτῶν πρότερα ὑμῶν εἰς γῆν Χανάαν, καὶ συνκατακληρονομηθήσονται ἐν ὑμῖν ἐν τῇ γῇ Χανάαν.",37,ܘܐܢ ܠܐ ܢܥܒܪܘܢ ܥܡܟܘܢ ܟܕ ܡܙܝܢܝܢ. ܢܐܪܬܘܢ ܥܡܟܘܢ ܒܐܪܥܐ ܕܟܢܥܢ.,10,"se, porém, não passarem armados convosco, terão possessões entre vós na terra de Canaã.",14,True,True,True
32,31,Números 32:31,וַיַּֽעֲנ֧וּ בְנֵי־ גָ֛ד וּבְנֵ֥י רְאוּבֵ֖ן לֵאמֹ֑ר אֵת֩ אֲשֶׁ֨ר דִּבֶּ֧ר יְהוָ֛ה אֶל־ עֲבָדֶ֖יךָ כֵּ֥ן נַעֲשֶֽׂה ׃,ויענו בני גד ובני ראובנ לאמר את אשר דבר יהוה אל עבדיכ כנ נעשה,15,ואתיבו בני גד ובני ראובן למימר ית די מליל יי לעבדיך כן נעבד:,13,"καὶ ἀπεκρίθησαν οἱ υἱοὶ Ῥουβὴν καὶ υἱοὶ Γὰδ λέγοντες Ὅσα ὁ κύριος λέγει τοῖς θεράπουσιν, οὕτως ποιήσομεν·",17,ܘܥܢܘ ܒܢ̈ܝ ܪܘܒܝܠ ܘܒܢ̈ܝ ܓܕ ܘܐܡܪܘ ܠܡܘܫܐ . ܐܝܟ ܕܐܡܪ ܡܪܝܐ ܠܥܒ̈ܕܝܟ ܗܟܢܐ ܢܥܒܕ.,14,"Ao que responderam os filhos de Gade e os filhos de Rúben: Como o senhor disse a teus servos, assim faremos.",21,True,True,True
32,32,Números 32:32,נַ֣חְנוּ נַעֲבֹ֧ר חֲלוּצִ֛ים לִפְנֵ֥י יְהוָ֖ה אֶ֣רֶץ כְּנָ֑עַן וְאִתָּ֨נוּ֙ אֲחֻזַּ֣ת נַחֲלָתֵ֔נוּ מֵעֵ֖בֶר לַיַּרְדֵּֽן ׃,נחנו נעבר חלוצימ לפני יהוה ארצ כנענ ואתנו אחזת נחלתנו מעבר לירדנ,13,נחנא נעבר מזרזין קדם עמא דיי לארעא דכנען ועמנא אחודת אחסנתנא מעברא לירדנא:,13,"ἡμεῖς διαβησόμεθα ἐνωπλισμένοι ἔναντι Κυρίου εἰς γῆν Χανάαν, καὶ δώσετε τὴν κατάσχεσιν ἡμῖν ἐν τῷ πέραν τοῦ Ἰορδάνου.",18,ܚܢܢ ܢܥܒܪ ܟܕ ܡܙܝܢܝܢܢ ܩܕܡ ܡܪܝܐ ܠܩܪܒܐ . ܠܐܪܥܐ ܕܟܢܥܢ. ܘܕܝܠܢ ܐܘܚܕܢܐ ܕܝܪܬܘܬܢ ܒܥܒܪܐ ܕܝܘܪܕܢܢ.,15,"Nós passaremos armados perante o senhor para a terra de Canaã, e teremos a possessão de nossa herança aquém do Jordão.",21,True,True,True
32,33,Números 32:33,וַיִּתֵּ֣ן לָהֶ֣ם ׀ מֹשֶׁ֡ה לִבְנֵי־ גָד֩ וְלִבְנֵ֨י רְאוּבֵ֜ן וְלַחֲצִ֣י ׀ שֵׁ֣בֶט ׀ מְנַשֶּׁ֣ה בֶן־ יוֹסֵ֗ף אֶת־ מַמְלֶ֨כֶת֙ סִיחֹן֙ מֶ֣לֶךְ הָֽאֱמֹרִ֔י וְאֶת־ מַמְלֶ֔כֶת ע֖וֹג מֶ֣לֶךְ הַבָּשָׁ֑ן הָאָ֗רֶץ לְעָרֶ֨יהָ֙ בִּגְבֻלֹ֔ת עָרֵ֥י הָאָ֖רֶץ סָבִֽיב ׃,ויתנ להמ משה לבני גד ולבני ראובנ ולחצי שבט מנשה בנ יוספ את ממלכת סיחנ מלכ האמרי ואת ממלכת עוג מלכ הבשנ הארצ לעריה בגבלת ערי הארצ סביב,32,ויהב להון משה לבני גד ולבני ראובן ולפלגות שבטא דמנשה בר יוסף ית מלכות סיחון מלכא דאמוראה וית מלכות עוג מלכא דמתנן ארעא לקרוהא בתחומין קרוי ארעא סחור סחור:,29,"καὶ ἔδωκεν αὐτοῖς Μωυσῆς, τοῖς υἱοῖς Γὰδ καὶ τοῖς υἱοῖς Ῥουβὴν καὶ τῷ ἡμίσει φυλῆς Μανασσὴ υἱῶν Ἰωσήφ, τὴν βασιλείαν Σηὼν βασιλέως Ἀμορραίων καὶ τὴν βασιλείαν Ὢγ βασιλέως Βασάν, τὴν γῆν καὶ τὰς πόλεις σὺν τοῖς ὁρίοις αὐτῆς, πόλεις τῆς γῆς κύκλῳ.",42,ܘܝܗܒ ܠܗܘܢ ܡܘܫܐ ܠܒܢ̈ܝ ܪܘܒܝܠ ܘܠܒܢ̈ܝ ܓܕ. ܘܠܦܠܓܗ ܕܫܒܛܐ ܕܡܢܫܐ ܒܪ ܝܘܣܦ. ܡܠܟܘܬܗ ܕܣܝܚܘܢ ܡܠܟܐ ܕܐܡܘܪ̈ܝܐ. ܘܡܠܟܘܬܗ ܕܥܘܓ ܡܠܟܐ ܕܡܬܢܝܢ. ܐܪܥܐ ܟܠܗ̇ ܘܩܘܪ̈ܝܗ̇ ܒܬܚ̈ܘܡܝܗ̇. ܘܩܘܪ̈ܝܐ ܕܐܪܥܐ ܕܚܕܝܪ̈ܢ ܠܗ̇.,28,"Assim deu Moisés aos filhos de Gade e aos filhos de Rúben, e à meia tribo de Manassés, filho de José, o reino de Siom, rei dos amorreus, e o reino de Ogue, rei de Basã, a terra com as suas cidades e os respectivos territórios ao redor.",48,True,True,True
32,34,Números 32:34,וַיִּבְנ֣וּ בְנֵי־ גָ֔ד אֶת־ דִּיבֹ֖ן וְאֶת־ עֲטָרֹ֑ת וְאֵ֖ת עֲרֹעֵֽר ׃,ויבנו בני גד את דיבנ ואת עטרת ואת ערער,10,ובנו בני גד ית דיבון וית עטרות וית ערער:,9,Καὶ οἰκοδόμησαν οἱ υἱοὶ Γὰδ τὴν Δαιβὼν καὶ τὴν Ἀταρὼθ καὶ τὴν Ἀροὴρ,13,ܘܒܢܘ ܒܢ̈ܝ ܓܕ ܠܪܝܒܘܢ ܘܠܥܛܪܘܬ ܘܠܥܕܘܥܝܪ.,6,"Os filhos de Gade, pois, edificaram a Dibom, Atarote, Aroer,",10,True,True,True
32,35,Números 32:35,וְאֶת־ עַטְרֹ֥ת שׁוֹפָ֛ן וְאֶת־ יַעְזֵ֖ר וְיָגְבֳּהָֽה ׃,ואת עטרת שופנ ואת יעזר ויגבהה,7,וית עטרות שופן וית יעזר ורמתא:,6,"καὶ τὴν Σωφὰρ καὶ τὴν Ἰαζήρ, καὶ ὕψωσαν αὐτάς·",9,ܘܠܥܛܪܘܬ ܫܘܦܢ . ܘܠܝܥܙܝܪ ܘܠܝܒܓܗܐ .,6,"Atarote-Sofã, Jazer, Jogbeá,",3,True,True,True
32,36,Números 32:36,וְאֶת־ בֵּ֥ית נִמְרָ֖ה וְאֶת־ בֵּ֣ית הָרָ֑ן עָרֵ֥י מִבְצָ֖ר וְגִדְרֹ֥ת צֹֽאן ׃,ואת בית נמרה ואת בית הרנ ערי מבצר וגדרת צאנ,11,וית בית נמרה וית בית הרן קרוין כריכן וחטרין דען:,10,"καὶ Ναμρὰμ καὶ τὴν Βαιθαράν, πόλεις ὀχυρὰς καὶ ἐπαύλεις προβάτων.",10,ܘܠܒܝܬ ܢܡܪܐ. ܘܠܒܝܬ ܗܪܢ. ܩܘܪ̈ܝܐ ܥܫܝܢ̈ܬܐ ܘܛܝܪ̈ܐ ܕܥܢܐ.,8,"Bete-Ninra e Bete-Harã, cidades fortificadas; e construíram currais de ovelhas.",10,True,True,True
32,37,Números 32:37,וּבְנֵ֤י רְאוּבֵן֙ בָּנ֔וּ אֶת־ חֶשְׁבּ֖וֹן וְאֶת־ אֶלְעָלֵ֑א וְאֵ֖ת קִרְיָתָֽיִם ׃,ובני ראובנ בנו את חשבונ ואת אלעלא ואת קריתימ,10,ובני ראובן בנו ית חשבון וית אלעלא וית קריתים:,9,"καὶ οἱ υἱοὶ Ῥουβὴν οἰκοδόμησαν τὴν Ἑσεβὼν καὶ Λεαλὴμ καὶ Καριαιθάμ,",11,ܘܒܢ̈ܝ ܪܘܒܝܠ ܒܢܘ ܠܚܫܒܘܢ ܘܠܐܠܥܠܐ. ܘܠܩܘܪܝܬܝܡ.,6,"E os filhos de Rúben edificaram a Hesbom, Eleale e Quiriataim;",11,True,True,True
32,38,Números 32:38,וְאֶת־ נְב֞וֹ וְאֶת־ בַּ֧עַל מְע֛וֹן מֽוּסַבֹּ֥ת שֵׁ֖ם וְאֶת־ שִׂבְמָ֑ה וַיִּקְרְא֣וּ בְשֵׁמֹ֔ת אֶת־ שְׁמ֥וֹת הֶעָרִ֖ים אֲשֶׁ֥ר בָּנֽוּ ׃,ואת נבו ואת בעל מעונ מוסבת שמ ואת שבמה ויקראו בשמת את שמות הערימ אשר בנו,17,וית נבו וית בעל מעון מקפן שמהן וית שבמה וקרו בשמהן ית שמהת קרויא די בנו:,16,"καὶ τὴν Βεελμεών, περικεκυκλωμένας, καὶ Σεβαμά· καὶ ἐπωνόμασαν κατὰ τὰ ὀνόματα αὐτῶν τὰ ὀνόματα τῶν πόλεων ἃς ᾠκοδόμησαν.",18,ܘܠܢܒܘ ܘܠܒܥܠܡܘܢ ܕܢܣ̈ܝܒܢ ܗ̈ܘܝ ܫܡܐ ܘܠܣܒܡܐ. ܘܩܪܘ ܫܡ̈ܗܝܗܝܢ ܥܠ ܫܡ̈ܗܐ ܕܩܘܪ̈ܝܐ ܕܒܢܘ.,12,"e Nebo e Baal-Meom {mudando-lhes os nomes}, e Sibma; e deram outros nomes às cidades que edificaram.",17,True,True,True
32,39,Números 32:39,וַיֵּ֨לְכ֜וּ בְּנֵ֨י מָכִ֧יר בֶּן־ מְנַשֶּׁ֛ה גִּלְעָ֖דָה וַֽיִּלְכְּדֻ֑הָ וַיּ֖וֹרֶשׁ אֶת־ הָאֱמֹרִ֥י אֲשֶׁר־ בָּֽהּ ׃,וילכו בני מכיר בנ מנשה גלעדה וילכדה ויורש את האמרי אשר בה,13,ואזלו בני מכיר בר מנשה לגלעד וכבשוה ותריך ית אמוראה די בה:,12,"καὶ ἐπορεύθη υἱὸς Μαχεὶρ υἱοῦ Μανασσὴ Γαλαὰδ καὶ ἔλαβεν αὐτήν, καὶ ἀπώλεσεν τὸν Ἀμορραῖον τὸν κατοικοῦντα ἐν αὐτῇ.",18,ܘܐܙܠܘ ܒܢ̈ܝ ܡܟܝܪ ܒܪ ܡܢܫܐ ܠܓܠܥܕ. ܘܟܒܫܘܗ̇ ܘܐܘܒܕܘ ܠܐܡܘܪ̈ܝܐ ܕܒܗ̇.,10,"E os filhos de Maquir, filho de Manassés, foram a Gileade e a tomaram, e desapossaram aos amorreus que aí estavam.",21,True,True,True
32,40,Números 32:40,וַיִּתֵּ֤ן מֹשֶׁה֙ אֶת־ הַגִּלְעָ֔ד לְמָכִ֖יר בֶּן־ מְנַשֶּׁ֑ה וַיֵּ֖שֶׁב בָּֽהּ ׃,ויתנ משה את הגלעד למכיר בנ מנשה וישב בה,10,ויהב משה ית גלעד למכיר בר מנשה ויתב בה:,9,"καὶ ἔδωκεν Μωυσῆς τὴν Γαλαὰδ τῷ Μαχεὶρ υἱῷ Μανασσή, καὶ κατῴκησεν ἐκεῖ.",12,ܘܝܗܒܗ̇ ܡܘܫܐ ܠܓܠܥܕ ܠܡܟܝܪ ܒܪ ܡܢܫܐ ܘܝܬܒ ܒܗ̇.,8,"Deu, pois, Moisés a terra de Gileade a Maquir, filho de Manassés, o qual habitou nela.",16,True,True,True
32,41,Números 32:41,וְיָאִ֤יר בֶּן־ מְנַשֶּׁה֙ הָלַ֔ךְ וַיִּלְכֹּ֖ד אֶת־ חַוֺּתֵיהֶ֑ם וַיִּקְרָ֥א אֶתְהֶ֖ן חַוֺּ֥ת יָאִֽיר ׃,ויאיר בנ מנשה הלכ וילכד את חותיהמ ויקרא אתהנ חות יאיר,12,ויאיר בר מנשה אזל וכבש ית כפרניהון וקרא יתהן כפרני יאיר:,11,"καὶ Ἰαεὶρ ὁ τοῦ Μανασσὴ ἐπορεύθη καὶ ἔλαβεν τὰς ἐπαύλεις αὐτῶν, καὶ ἐπωνόμασεν αὐτὰς Ἐπαύλεις Ἰαείρ.",16,ܘܝܐܝܪ ܒܪ ܡܢܫܐ ܐܙܠ ܘܟܒܫ ܟܦܪ̈ܘܢܝܗܝܢ. ܘܩܪܐ ܐܢ̈ܝܢ ܟܦܪ̈ܘܢܐ ܕܝܐܝܪ. ܥܕܡܐ ܠܝܘܡܢܐ.,12,"E foi Jair, filho de Manassés, e tomou as aldeias dela, e chamou-lhes Havote-Jair.",14,True,True,True
32,42,Números 32:42,וְנֹ֣בַח הָלַ֔ךְ וַיִּלְכֹּ֥ד אֶת־ קְנָ֖ת וְאֶת־ בְּנֹתֶ֑יהָ וַיִּקְרָ֧א לָ֦ה נֹ֖בַח בִּשְׁמֽוֹ ׃ פ,ונבח הלכ וילכד את קנת ואת בנתיה ויקרא לה נבח בשמו פ,13,ונבח אזל וכבש ית קנת וית כפרנהא וקרא לה נבח בשמיה:,11,"καὶ Νάβαυ ἐπορεύθη καὶ ἔλαβεν τὴν Καὰθ καὶ τὰς κώμας αὐτῆς, καὶ ἐπωνόμασεν αὐτὰς Νάβωθ ἐκ τοῦ ὀνόματος αὐτοῦ.",19,ܘܢܟܚ ܐܙܠ ܘܟܒܫ ܠܩܝܬ ܘܠܟܦܪ̈ܘܢܝܗ̇ ܘܩܪܗ̇ ܒܫܡܗ ܢܟܚ.,8,"Também foi Nobá, e tomou a Quenate com as suas aldeias; e chamou-lhe Nobá, segundo o seu próprio nome.",19,True,True,True
33,1,Números 33:1,אֵ֜לֶּה מַסְעֵ֣י בְנֵֽי־ יִשְׂרָאֵ֗ל אֲשֶׁ֥ר יָצְא֛וּ מֵאֶ֥רֶץ מִצְרַ֖יִם לְצִבְאֹתָ֑ם בְּיַד־ מֹשֶׁ֖ה וְאַהֲרֹֽן ׃,אלה מסעי בני ישראל אשר יצאו מארצ מצרימ לצבאתמ ביד משה ואהרנ,13,אלין מטלני בני ישראל די נפקו מארעא דמצרים לחיליהון בידא דמשה ואהרן:,12,"Καὶ οὗτοι σταθμοὶ τῶν υἱῶν Ἰσραήλ, ὡς ἐξῆλθον ἐκ γῆς Αἰγύπτου σὺν δυνάμει αὐτῶν ἐν χειρὶ Μωυσῆ καὶ Ἀαρών·",19,ܘܗܠܝܢ ܡܫܩ̈ܠܢܐ ܕܒܢ̈ܝ ܐܝܣܪܝܠ. ܕܢܦܩܘ ܡܢ ܐܪܥܐ ܕܡܨܪܝܢ ܠܚܝ̈ܠܘܬܗܘܢ ܒܐܝܕܐ ܕܡܘܫܐ ܘܕܐܗܪܘܢ.,12,"São estas as jornadas dos filhos de Israel, pelas quais saíram da terra do Egito, segundo os seus exércitos, sob o comando de Moisés e Arão.",26,True,True,True
33,2,Números 33:2,וַיִּכְתֹּ֨ב מֹשֶׁ֜ה אֶת־ מוֹצָאֵיהֶ֛ם לְמַסְעֵיהֶ֖ם עַל־ פִּ֣י יְהוָ֑ה וְאֵ֥לֶּה מַסְעֵיהֶ֖ם לְמוֹצָאֵיהֶֽם ׃,ויכתב משה את מוצאיהמ למסעיהמ על פי יהוה ואלה מסעיהמ למוצאיהמ,12,וכתב משה ית מפקניהון למטלניהון על מימרא דיי ואלין מטלניהון למפקניהון:,11,καὶ ἔγραψεν Μωυσῆς τὰς ἀπάρσεις αὐτῶν καὶ τοὺς σταθμοὺς αὐτῶν διὰ ῥήματος Κυρίου. καὶ οὗτοι σταθμοὶ τῆς πορείας αὐτῶν.,19,ܘܟܬܒ ܡܘܫܐ ܡܦܩ̈ܢܝܗܘܢ ܘܡܫܩ̈ܠܢܝܗܘܢ ܒܡܠܬ ܦܘܡܗ ܕܡܪܝܐ. ܘܗܠܝܢ ܡܫܩ̈ܠܢܝܗܘܢ ܘܡܦܩ̈ܢܝܗܘܢ.,10,"Moisés registrou os pontos de partida, segundo as suas jornadas, conforme o mandado do Senhor; e estas são as suas jornadas segundo os pontos de partida:",26,True,True,True
33,3,Números 33:3,וַיִּסְע֤וּ מֵֽרַעְמְסֵס֙ בַּחֹ֣דֶשׁ הָֽרִאשׁ֔וֹן בַּחֲמִשָּׁ֥ה עָשָׂ֛ר י֖וֹם לַחֹ֣דֶשׁ הָרִאשׁ֑וֹן מִֽמָּחֳרַ֣ת הַפֶּ֗סַח יָצְא֤וּ בְנֵֽי־ יִשְׂרָאֵל֙ בְּיָ֣ד רָמָ֔ה לְעֵינֵ֖י כָּל־ מִצְרָֽיִם ׃,ויסעו מרעמסס בחדש הראשונ בחמשה עשר יומ לחדש הראשונ ממחרת הפסח יצאו בני ישראל ביד רמה לעיני כל מצרימ,20,ונטלו מרעמסס בירחא קדמאה בחמשא עשרא יומא לירחא קדמאה מבתר יומא דפסחא נפקו בני ישראל בריש גלי לעיני כל מצראי:,20,"ἀπῆραν ἐκ Ῥαμεσσὴ τῷ μηνὶ τῷ πρώτῳ, τῇ πεντεκαιδεκάτῃ ἡμέρᾳ τοῦ μηνὸς τοῦ πρώτου· τῇ ἐπαύριον τοῦ πάσχα ἐξῆλθον οἱ υἱοὶ Ἰσραὴλ ἐν χειρὶ ὑψηλῇ ἐναντίον πάντων τῶν Αἰγυπτίων·",29,ܘܫܩܠܘ ܡܢ ܪܥܡܣܝܣ ܒܚܡܫܥܣܪܐ ܒܝܪܚܐ ܩܕܡܝܐ. ܡܢ ܒܬܪ ܦܨܚܐ ܢܦܩܘ ܒܢ̈ܝ ܐܝܣܪܝܠ ܡܢ ܡܨܪܝܢ . ܒܐܝܕܐ ܪܡܬܐ . ܠܥܝܢ ܟܠܗܘܢ ܡܨܪܝܐ.,21,"Partiram de Ramessés no primeiro mês, no dia quinze do mês; no dia seguinte ao da páscoa saíram os filhos de Israel afoitamente à vista de todos os egípcios,",29,True,True,True
33,4,Números 33:4,וּמִצְרַ֣יִם מְקַבְּרִ֗ים אֵת֩ אֲשֶׁ֨ר הִכָּ֧ה יְהוָ֛ה בָּהֶ֖ם כָּל־ בְּכ֑וֹר וּבֵאלֹ֣הֵיהֶ֔ם עָשָׂ֥ה יְהוָ֖ה שְׁפָטִֽים ׃,ומצרימ מקברימ את אשר הכה יהוה בהמ כל בכור ובאלהיהמ עשה יהוה שפטימ,14,ומצראי מקברין ית די קטל יי בהון כל בוכרא ובטעותהון עבד יי דינין:,13,"καὶ οἱ Αἰγύπτιοι ἔθαπτον ἐξ αὑτῶν τοὺς τεθνηκότας πάντας οὓς ἐπάταξεν Κύριος, πᾶν πρωτότοκον ἐν γῇ Αἰγύπτῳ· καὶ ἐν τοῖς θεοῖς αὐτῶν ἐποίησεν τὴν ἐκδίκησιν Κύριος.",26,ܘܡܨܪ̈ܝܐ ܩ̇ܒܪܝܢ ܗܘܘ ܠܒܘܟܪ̈ܐ ܕܩܛܠ ܒܗܘܢ ܡܪܝܐ. ܘܒܐ̈ܠܗܝܗܘܢ ܥܒܕ ܡܪܝܐ ܕܝܢܐ.,11,"enquanto estes enterravam a todos os seus primogênitos, a quem o Senhor havia ferido entre eles, havendo o senhor executado juízos também contra os seus deuses.",26,True,True,True
33,5,Números 33:5,וַיִּסְע֥וּ בְנֵֽי־ יִשְׂרָאֵ֖ל מֵרַעְמְסֵ֑ס וַֽיַּחֲנ֖וּ בְּסֻכֹּֽת ׃,ויסעו בני ישראל מרעמסס ויחנו בסכת,7,ונטלו בני ישראל מרעמסס ושרו בסכת:,6,καὶ ἀπάραντες οἱ υἱοὶ Ἰσραὴλ ἐκ Ῥαμεσσὴ παρενέβαλον εἰς Σοκχώθ·,10,ܘܫܩܠܘ ܒܢ̈ܝ ܐܝܣܪܝܠ ܡܢ ܪܥܡܣܝܣ. ܘܫܪܘ ܒܣܟܘܬ.,7,"Partiram, pois, os filhos de Israel de Ramessés, e acamparam-se em Sucote.",12,True,True,True
33,6,Números 33:6,וַיִּסְע֖וּ מִסֻּכֹּ֑ת וַיַּחֲנ֣וּ בְאֵתָ֔ם אֲשֶׁ֖ר בִּקְצֵ֥ה הַמִּדְבָּֽר ׃,ויסעו מסכת ויחנו באתמ אשר בקצה המדבר,8,ונטלו מסכת ושרו באתם די בסטר מדברא:,7,"καὶ ἀπῆραν ἐκ Σοκχὼθ καὶ παρενέβαλον εἰς Βουθάν, ὅ ἐστιν μέρος τῆς ἐρήμου.",13,ܘܫܩܠܘ ܡܢ ܣܟܘܬ. ܘܫܪܘ ܒܐܬܡ ܕܒܣ̈ܘܦܝ ܡܕܒܪܐ.,7,"Partiram de Sucote, e acamparam-se em Etã, que está na extremidade do deserto.",13,True,True,True
33,7,Números 33:7,וַיִּסְעוּ֙ מֵֽאֵתָ֔ם וַיָּ֨שָׁב֙ עַל־ פִּ֣י הַחִירֹ֔ת אֲשֶׁ֥ר עַל־ פְּנֵ֖י בַּ֣עַל צְפ֑וֹן וַֽיַּחֲנ֖וּ לִפְנֵ֥י מִגְדֹּֽל ׃,ויסעו מאתמ וישב על פי החירת אשר על פני בעל צפונ ויחנו לפני מגדל,15,ונטלו מאתם ותב על פום חירתא די קדם בעל צפון ושרו קדם מגדל:,13,"καὶ ἀπῆραν ἐκ Βουθὰν καὶ παρενέβαλον ἐπὶ στόμα Ἐπιρώθ, ὅ ἐστιν ἀπέναντι Βεελσεπφών, καὶ παρενέβαλον ἀπέναντι Μαγδώλου.",17,ܘܫܩܠܘ ܡܢ ܐܬܡ. ܘܫܪܘ ܥܠ ܦܘܡ ܚܐܪܝܬܐ ܕܩܕܡ ܒܥܠܨܦܘܢ. ܘܫܪܘ ܩܕܡ ܡܓܕܘܠ.,12,"Partiram de Etã, e voltando a Pi-Hairote, que está defronte de Baal-Zefom, acamparam-se diante de Migdol.",16,True,True,True
33,8,Números 33:8,וַיִּסְעוּ֙ מִפְּנֵ֣י הַֽחִירֹ֔ת וַיַּֽעַבְר֥וּ בְתוֹךְ־ הַיָּ֖ם הַמִּדְבָּ֑רָה וַיֵּ֨לְכ֜וּ דֶּ֣רֶךְ שְׁלֹ֤שֶׁת יָמִים֙ בְּמִדְבַּ֣ר אֵתָ֔ם וַֽיַּחֲנ֖וּ בְּמָרָֽה ׃,ויסעו מפני החירת ויעברו בתוכ הימ המדברה וילכו דרכ שלשת ימימ במדבר אתמ ויחנו במרה,16,ונטלו מן פום חירתא ועברו בגו ימא למדברא ואזלו מהלך תלתא יומין במדברא דאתם ושרו במרה:,16,καὶ ἀπῆραν ἀπέναντι Εἱρὼθ καὶ διέβησαν μέσον τῆς θαλάσσης εἰς τὴν ἔρημον· καὶ ἐπορεύθησαν ὁδὸν τριῶν ἡμερῶν διὰ τῆς ἐρήμου καὶ παρενέβαλον ἐν Πικρίαις.,24,ܘܫܩܠܘ ܡܢ ܦܘܡ ܚܐܪܝܬܐ. ܘܐܙܠܘ ܒܓܘ ܝܡܐ ܠܡܕܒܪܐ . ܘܐܙܠܘ ܡܪܕܐ ܬܠܬܐ ܝܘܡ̈ܝܢ ܒܡܕܒܪܐ ܕܐܬܡ. ܘܫܪܘ ܒܡܘܪܬ.,17,"Partiram de Pi-Hairote, e passaram pelo meio do mar ao deserto; e andaram caminho de três dias no deserto de Etã, e acamparam-se em Mara.",25,True,True,True
33,9,Números 33:9,וַיִּסְעוּ֙ מִמָּרָ֔ה וַיָּבֹ֖אוּ אֵילִ֑מָה וּ֠בְאֵילִם שְׁתֵּ֣ים עֶשְׂרֵ֞ה עֵינֹ֥ת מַ֛יִם וְשִׁבְעִ֥ים תְּמָרִ֖ים וַיַּחֲנוּ־ שָֽׁם ׃,ויסעו ממרה ויבאו אילמה ובאילמ שתימ עשרה עינת מימ ושבעימ תמרימ ויחנו שמ,14,ונטלו ממרה ואתו לאילם ובאילם תרי עשר מבועין דמין ושבעין דקלין ושרו תמן:,13,καὶ ἀπῆραν ἐκ Πικριῶν καὶ ἦλθον εἰς Αἰλείμ· καὶ ἐν Αἰλεὶμ ιβ᾽ πηγαὶ ὑδάτων καὶ ἑβδομήκοντα στελέχη φοινίκων· καὶ παρενέβαλον ἐκεῖ παρὰ τὸ ὕδωρ.,24,ܘܫܩܠܘ ܡܢ ܡܘܪܬ. ܘܐܬܘ ܠܐܠܝܡ. ܘܒܐܠܝܡ ܐܝܬ ܗ̈ܘܝ ܬܪ̈ܬܥܣܪܐ ܥܝ̈ܢܬܐ ܕܡ̈ܝܐ ܘܫܒܥܝܢ ܕܩ̈ܠܝܢ. ܘܫܪܘ ܬܡܢ ܥܠ ܡ̈ܝܐ .,18,"Partiram de Mara, e vieram a Elim, onde havia doze fontes de água e setenta palmeiras, e acamparam-se ali.",19,True,True,True
33,10,Números 33:10,וַיִּסְע֖וּ מֵאֵילִ֑ם וַֽיַּחֲנ֖וּ עַל־ יַם־ סֽוּף ׃,ויסעו מאילמ ויחנו על ימ סופ,7,ונטלו מאילם ושרו על ימא דסוף:,6,καὶ ἀπῆραν ἐξ Αἰλεὶμ καὶ παρενέβαλον ἐπὶ θάλασσαν ἐρυθράν·,9,ܘܫܩܠܘ ܡܢ ܐܠܝܡ. ܘܫܪܘ ܥܠ ܝܕ ܝܡܐ ܕܣܘܦ.,8,"Partiram de Elim, e acamparam-se junto ao Mar Vermelho.",9,True,True,True
33,11,Números 33:11,וַיִּסְע֖וּ מִיַּם־ ס֑וּף וַֽיַּחֲנ֖וּ בְּמִדְבַּר־ סִֽין ׃,ויסעו מימ סופ ויחנו במדבר סינ,7,ונטלו מימא דסוף ושרו במדברא דסין:,6,καὶ ἀπῆραν ἀπὸ θαλάσσης ἐρυθρᾶς καὶ παρενέβαλον εἰς τὴν ἔρημον Σείν·,11,ܘܫܩܠܘ ܡܢ ܝܕ ܝܡܐ ܕܣܘܦ . ܘܫܪܘ ܒܡܕܒܪܐ ܕܣܝܢ.,9,"Partiram do Mar Vermelho, e acamparam-se no deserto de Sim.",10,True,True,True
33,12,Números 33:12,וַיִּסְע֖וּ מִמִּדְבַּר־ סִ֑ין וַֽיַּחֲנ֖וּ בְּדָפְקָֽה ׃,ויסעו ממדבר סינ ויחנו בדפקה,6,ונטלו ממדברא דסין ושרו בדפקה:,5,καὶ ἀπῆραν ἐκ τῆς ἐρήμου Σεὶν καὶ παρενέβαλον εἰς Ῥαφακά·,10,ܘܫܩܠܘ ܡܢ ܡܕܒܪܐ ܕܣܝܢ. ܘܫܪܘ ܒܪܦܩܐ.,6,"Partiram do deserto de Sim, e acamparam-se em Dofca.",9,True,True,True
33,13,Números 33:13,וַיִּסְע֖וּ מִדָּפְקָ֑ה וַֽיַּחֲנ֖וּ בְּאָלֽוּשׁ ׃,ויסעו מדפקה ויחנו באלוש,5,ונטלו מדפקה ושרו באלוש:,4,καὶ ἀπῆραν ἐκ Ῥαφακὰ καὶ παρενέβαλον ἐν Αἰλείμ·,8,ܘܫܩܠܘ ܡܢ ܪܦܩܐ. ܘܫܪܘ ܒܐܠܘܫ.,5,"Partiram de Dofca, e acamparam-se em Alus.",7,True,True,True
33,14,Números 33:14,וַיִּסְע֖וּ מֵאָל֑וּשׁ וַֽיַּחֲנוּ֙ בִּרְפִידִ֔ם וְלֹא־ הָ֨יָה שָׁ֥ם מַ֛יִם לָעָ֖ם לִשְׁתּֽוֹת ׃,ויסעו מאלוש ויחנו ברפידמ ולא היה שמ מימ לעמ לשתות,11,ונטלו מאלוש ושרו ברפידם ולא הוה תמן מיא לעמא למשתי:,10,"καὶ ἀπῆραν ἐξ Αἰλεὶμ καὶ παρενέβαλον ἐν Ῥαφιδείν, καὶ οὐκ ἦν ὕδωρ τῷ λαῷ πιεῖν ἐκεῖ.",16,ܘܫܩܠܘ ܡܢ ܐܠܘܫ. ܘܫܪܘ ܒܪܦܝܕܝܢ. ܘܠܝܬ ܗܘܘ ܬܡܢ ܡ̈ܝܐ ܠܥܡܐ ܕܢܫܬܘܢ.,11,"Partiram de Alus, e acamparam-se em Refidim; porém não havia ali água para o povo beber.",16,True,True,True
33,15,Números 33:15,וַיִּסְע֖וּ מֵרְפִידִ֑ם וַֽיַּחֲנ֖וּ בְּמִדְבַּ֥ר סִינָֽי ׃,ויסעו מרפידמ ויחנו במדבר סיני,6,ונטלו מרפידם ושרו במדברא דסיני:,5,καὶ ἀπῆραν ἐκ Ῥαφιδεὶν καὶ παρενέβαλον ἐν τῇ ἐρήμῳ Σεινά·,10,ܘܫܩܠܘ ܡܢ ܪܦܝܕܝܢ. ܘܫܪܘ ܒܡܕܒܪܐ ܕܣܝܢܝ.,6,"Partiram, pois, de Refidim, e acamparam-se no deserto de Sinai.",10,True,True,True
33,16,Números 33:16,וַיִּסְע֖וּ מִמִּדְבַּ֣ר סִינָ֑י וַֽיַּחֲנ֖וּ בְּקִבְרֹ֥ת הַֽתַּאֲוָֽה ׃,ויסעו ממדבר סיני ויחנו בקברת התאוה,7,ונטלו ממדברא דסיני ושרו בקברי דמשאלי:,6,καὶ ἀπῆραν ἐκ τῆς ἐρήμου Σεινὰ καὶ παρενέβαλον ἐν Μνήμασιν ἐπιθυμίας·,11,ܘܫܩܠܘ ܡܢ ܡܕܒܪܐ ܕܣܝܢܝ. ܘܫܪܘ ܒܩܒܪ̈ܐ ܕܪ̈ܓܝ ܪܓܬܐ.,8,"Partiram do deserto de Sinai, e acamparam-se em Quibrote-Hataavá.",9,True,True,True
33,17,Números 33:17,וַיִּסְע֖וּ מִקִּבְרֹ֣ת הַֽתַּאֲוָ֑ה וַֽיַּחֲנ֖וּ בַּחֲצֵרֹֽת ׃,ויסעו מקברת התאוה ויחנו בחצרת,6,ונטלו מקברי דמשאלי ושרו בחצרת:,5,καὶ ἀπῆραν ἐκ Μνημάτων ἐπιθυμίας καὶ παρενέβαλον ἐν Ἁσηρώθ·,9,ܘܫܩܠܘ ܡܢ ܩܒܪ̈ܐ ܕܪ̈ܓܝ ܪܓܬܐ. ܘܫܪܘ ܒܚܨܪܘܬ.,7,"Partiram de Quibrote-Hataavá, e acamparam-se em Hazerote.",7,True,True,True
33,18,Números 33:18,וַיִּסְע֖וּ מֵחֲצֵרֹ֑ת וַֽיַּחֲנ֖וּ בְּרִתְמָֽה ׃,ויסעו מחצרת ויחנו ברתמה,5,ונטלו מחצרת ושרו ברתמה:,4,καὶ ἀπῆραν ἐξ Ἁσηρὼθ καὶ παρενέβαλον ἐν Ῥαθαμά·,8,ܘܫܩܠܘ ܡܢ ܚܨܪܘܬ. ܘܫܪܘ ܒܪܬܡܐ.,5,"Partiram de Hazerote, e acamparam-se em Ritma.",7,True,True,True
33,19,Números 33:19,וַיִּסְע֖וּ מֵרִתְמָ֑ה וַֽיַּחֲנ֖וּ בְּרִמֹּ֥ן פָּֽרֶץ ׃,ויסעו מרתמה ויחנו ברמנ פרצ,6,ונטלו מרתמה ושרו ברמן פרץ:,5,καὶ ἀπῆραν ἐκ Ῥαθαμὰ καὶ παρενέβαλον ἐν Ῥεμμὼν Φάρες·,9,ܘܫܩܠܘ ܡܢ ܪܬܡܐ. ܘܫܪܘ ܒܪܡܘܢ ܦܪܨ.,6,"Partiram de Ritma, e acamparam-se em Rimom-Pérez.",7,True,True,True
33,20,Números 33:20,וַיִּסְע֖וּ מֵרִמֹּ֣ן פָּ֑רֶץ וַֽיַּחֲנ֖וּ בְּלִבְנָֽה ׃,ויסעו מרמנ פרצ ויחנו בלבנה,6,ונטלו מרמן פרץ ושרו בלבנה:,5,καὶ ἀπῆραν ἐκ Ῥαμμὼν Φάρες καὶ παρενέβαλον ἐν Λεμωνά·,9,ܘܫܩܠܘ ܡܢ ܪܡܘܢ ܦܪܨ. ܘܫܪܘ ܒܠܒܢܐ.,6,"Partiram de Rimom-Pérez, e acamparam-se em Libna.",7,True,True,True
33,21,Números 33:21,וַיִּסְע֖וּ מִלִּבְנָ֑ה וַֽיַּחֲנ֖וּ בְּרִסָּֽה ׃,ויסעו מלבנה ויחנו ברסה,5,ונטלו מלבנה ושרו ברסה:,4,καὶ ἀπῆραν ἐκ Λεμωνὰ καὶ παρενέβαλον εἰς Δεσσά·,8,ܘܫܩܠܘ ܡܢ ܠܒܢܐ. ܘܫܪܘ ܒܪܣܐ.,5,"Partiram de Libna, e acamparam-se em Rissa.",7,True,True,True
33,22,Números 33:22,וַיִּסְע֖וּ מֵרִסָּ֑ה וַֽיַּחֲנ֖וּ בִּקְהֵלָֽתָה ׃,ויסעו מרסה ויחנו בקהלתה,5,ונטלו מרסה ושרו בקהלתה:,4,καὶ ἀπῆραν ἐκ Δεσσὰ καὶ παρενέβαλον εἰς Μακελλάθ·,8,ܘܫܩܠܘ ܡܢ ܪܣܐ. ܘܫܪܘ ܒܩܗܠܬ.,5,"Partiram de Rissa, e acamparam-se em Queelata.",7,True,True,True
33,23,Números 33:23,וַיִּסְע֖וּ מִקְּהֵלָ֑תָה וַֽיַּחֲנ֖וּ בְּהַר־ שָֽׁפֶר ׃,ויסעו מקהלתה ויחנו בהר שפר,6,ונטלו מקהלתה ושרו בטורא דשפר:,5,καὶ ἀπῆραν ἐκ Μακελλὰθ καὶ παρενέβαλον εἰς Σάφαρ·,8,ܘܫܩܠܘ ܡܢ ܩܗܠܬ. ܘܫܪܘ ܒܛܘܪܐ ܕܫܦܪ.,6,"Partiram de Queelata, e acamparam-se no monte Sefer.",8,True,True,True
33,24,Números 33:24,וַיִּסְע֖וּ מֵֽהַר־ שָׁ֑פֶר וַֽיַּחֲנ֖וּ בַּחֲרָדָֽה ׃,ויסעו מהר שפר ויחנו בחרדה,6,ונטלו מטורא דשפר ושרו בחרדה:,5,καὶ ἀπῆραν ἐκ Σάφαρ καὶ παρενέβαλον εἰς Χαραδάθ·,8,ܘܫܩܠܘ ܡܢ ܛܘܪܐ ܕܫܦܪ. ܘܫܪܘ ܒܚܕܕܐ .,7,"Partiram do monte Sefer, e acamparam-se em Harada.",8,True,True,True
33,25,Números 33:25,וַיִּסְע֖וּ מֵחֲרָדָ֑ה וַֽיַּחֲנ֖וּ בְּמַקְהֵלֹֽת ׃,ויסעו מחרדה ויחנו במקהלת,5,ונטלו מחרדה ושרו במקהלות:,4,καὶ ἀπῆραν ἐκ Χαραδὰθ καὶ παρενέβαλον εἰς Μακηλώθ·,8,ܘܫܩܠܘ ܡܢ ܚܕܕܐ . ܘܫܪܘ ܒܡܩܗܠܘܬ.,6,"Partiram de Harada, e acamparam-se em Maquelote.",7,True,True,True
33,26,Números 33:26,וַיִּסְע֖וּ מִמַּקְהֵלֹ֑ת וַֽיַּחֲנ֖וּ בְּתָֽחַת ׃,ויסעו ממקהלת ויחנו בתחת,5,ונטלו ממקהלות ושרו בתחת:,4,καὶ ἀπῆραν ἐκ Μακηλὼθ καὶ παρενέβαλον εἰς Κατάαθ·,8,ܘܫܩܠܘ ܡܢ ܡܩܗܠܘܬ. ܘܫܪܘ ܒܬܚܬ.,5,"Partiram de Maquelote, e acamparam-se em Taate.",7,True,True,True
33,27,Números 33:27,וַיִּסְע֖וּ מִתָּ֑חַת וַֽיַּחֲנ֖וּ בְּתָֽרַח ׃,ויסעו מתחת ויחנו בתרח,5,ונטלו מתחת ושרו בתרח:,4,καὶ ἀπῆραν ἐκ Κατάαθ καὶ παρενέβαλον εἰς Τάραθ·,8,ܘܫܩܠܘ ܡܢ ܬܚܬ. ܘܫܪܘ ܒܬܪܚ.,5,"Partiram de Taate, e acamparam-se em Tera.",7,True,True,True
33,28,Números 33:28,וַיִּסְע֖וּ מִתָּ֑רַח וַֽיַּחֲנ֖וּ בְּמִתְקָֽה ׃,ויסעו מתרח ויחנו במתקה,5,ונטלו מתרח ושרו במתקה:,4,καὶ ἀπῆραν ἐκ Τάραθ καὶ παρενέβαλον εἰς Ματεκκά·,8,ܘܫܩܠܘ ܡܢ ܬܪܚ. ܘܫܪܘ ܒܡܬܩܐ.,5,"Partiram de Tera, e acamparam-se em Mitca.",7,True,True,True
33,29,Números 33:29,וַיִּסְע֖וּ מִמִּתְקָ֑ה וַֽיַּחֲנ֖וּ בְּחַשְׁמֹנָֽה ׃,ויסעו ממתקה ויחנו בחשמנה,5,ונטלו ממתקה ושרו בחשמנה:,4,καὶ ἀπῆραν ἐκ Ματεκκὰ καὶ παρενέβαλον εἰς Σελμωνά·,8,ܘܫܩܠܘ ܡܢ ܡܬܩܐ. ܘܫܪܘ ܒܚܫܡܘܢܐ.,5,"Partiram de Mitca, e acamparam-se em Hasmona.",7,True,True,True
33,30,Números 33:30,וַיִּסְע֖וּ מֵֽחַשְׁמֹנָ֑ה וַֽיַּחֲנ֖וּ בְּמֹסֵרֽוֹת ׃,ויסעו מחשמנה ויחנו במסרות,5,ונטלו מחשמנה ושרו במסרות:,4,καὶ ἀπῆραν ἐκ Σελμωνὰ καὶ παρενέβαλον εἰς Μασσουρώθ·,8,ܘܫܩܠܘ ܡܢ ܚܫܡܘܢܐ. ܘܫܪܘ ܒܡܣܪܘܬ.,5,"Partiram de Hasmona, e acamparam-se em Moserote.",7,True,True,True
33,31,Números 33:31,וַיִּסְע֖וּ מִמֹּסֵר֑וֹת וַֽיַּחֲנ֖וּ בִּבְנֵ֥י יַעֲקָֽן ׃,ויסעו ממסרות ויחנו בבני יעקנ,6,ונטלו ממסרות ושרו בבני יעקן:,5,καὶ ἀπῆραν ἐκ Μασσουροὺθ καὶ παρενέβαλον εἰς Βαναία·,8,ܘܫܩܠܘ ܡܢ ܡܣܪܘܬ. ܘܫܪܘ ܒܒܢ̈ܝ ܝܥܩܢ.,6,"Partiram de Moserote, e acamparam-se em Bene-Jaacã.",7,True,True,True
33,32,Números 33:32,וַיִּסְע֖וּ מִבְּנֵ֣י יַעֲקָ֑ן וַֽיַּחֲנ֖וּ בְּחֹ֥ר הַגִּדְגָּֽד ׃,ויסעו מבני יעקנ ויחנו בחר הגדגד,7,ונטלו מבני יעקן ושרו בחר הגדגד:,6,καὶ ἀπῆραν ἐκ Βαναία καὶ παρενέβαλον εἰς τὸ ὄρος Γαδγάδ·,10,ܘܫܩܠܘ ܡܢ ܒܢ̈ܝ ܝܥܩܢ. ܘܫܪܘ ܒܚܕܓܕܓܕ .,7,"Partiram de Bene-Jaacã, e acamparam-se em Hor-Hagidgade.",7,True,True,True
33,33,Números 33:33,וַיִּסְע֖וּ מֵחֹ֣ר הַגִּדְגָּ֑ד וַֽיַּחֲנ֖וּ בְּיָטְבָֽתָה ׃,ויסעו מחר הגדגד ויחנו ביטבתה,6,ונטלו מחר הגדגד ושרו ביטבתה:,5,καὶ ἀπῆραν ἐκ τοῦ ὄρους Γαδγὰδ καὶ παρενέβαλον εἰς Σετεβάθα·,10,ܘܫܩܠܘ ܡܢ ܚܕܓܕܓܕ . ܘܫܪܘ ܒܝܛܒܬ.,6,"Partiram de Hor-Hagidgade, e acamparam-se em Jotbatá.",7,True,True,True
33,34,Números 33:34,וַיִּסְע֖וּ מִיָּטְבָ֑תָה וַֽיַּחֲנ֖וּ בְּעַבְרֹנָֽה ׃,ויסעו מיטבתה ויחנו בעברנה,5,ונטלו מיטבתה ושרו בעברונה:,4,καὶ ἀπῆραν ἐκ Σετεβάθα καὶ παρενέβαλον εἰς Σεβρωνά·,8,ܘܫܩܠܘ ܡܢ ܝܛܒܬ. ܘܫܪܘ ܒܥܟܪܘܢܐ.,5,"Partiram de Jotbatá, e acamparam-se em Abrona.",7,True,True,True
33,35,Números 33:35,וַיִּסְע֖וּ מֵֽעַבְרֹנָ֑ה וַֽיַּחֲנ֖וּ בְּעֶצְי֥וֹן גָּֽבֶר ׃,ויסעו מעברנה ויחנו בעציונ גבר,6,ונטלו מעברונה ושרו בעציון גבר:,5,καὶ ἀπῆραν ἐκ Σεβρωνὰ καὶ παρενέβαλον εἰς Γεσσιὼν Γάβερ·,9,ܘܫܩܠܘ ܡܢ ܥܟܪܘܢܐ. ܘܫܪܘ ܒܥܨܝܢܘܓܒܪ.,5,"Partiram de Abrona, e acamparam-se em Eziom-Geber.",7,True,True,True
33,36,Números 33:36,וַיִּסְע֖וּ מֵעֶצְי֣וֹן גָּ֑בֶר וַיַּחֲנ֥וּ בְמִדְבַּר־ צִ֖ן הִ֥וא קָדֵֽשׁ ׃,ויסעו מעציונ גבר ויחנו במדבר צנ הוא קדש,9,ונטלו מעציון גבר ושרו במדברא דצן היא רקם:,8,"καὶ ἀπῆραν ἐκ Γεσσιὼν Γάβερ καὶ παρενέβαλον ἐν τῇ ἐρήμῳ Σείν· καὶ ἀπῆραν ἐκ τῆς ἐρήμου Σεὶν καὶ παρενέβαλον εἰς τὴν ἔρημον Φαράν, αὕτη ἐστὶν Καδής·",26,ܘܫܩܠܘ ܡܢ ܥܨܝܢܘܓܒܪ. ܘܫܪܘ ܒܡܕܒܪܐ ܕܨܝܢ ܕܗܝ ܗܝ ܩܕܫ.,9,"Partiram de Eziom-Geber, e acamparam-se no deserto de Zim, que é Cades.",12,True,True,True
33,37,Números 33:37,וַיִּסְע֖וּ מִקָּדֵ֑שׁ וַֽיַּחֲנוּ֙ בְּהֹ֣ר הָהָ֔ר בִּקְצֵ֖ה אֶ֥רֶץ אֱדֽוֹם ׃,ויסעו מקדש ויחנו בהר ההר בקצה ארצ אדומ,9,ונטלו מרקם ושרו בהור טורא בסיפי ארעא דאדום:,8,"καὶ ἀπῆραν ἐκ Καδὴς καὶ παρενέβαλον εἰς Ὣρ τὸ ὄρος, πλησίον γῆς Ἐδώμ.",13,ܘܫܩܠܘ ܡܢ ܩܕܫ. ܘܫܪܘ ܒܗܘܪ ܛܘܪܐ ܕܒܣ̈ܘܦܝ ܐܪܥܐ ܕܐܕܘܡ.,9,"Partiram de Cades, e acamparam-se no monte Hor, na fronteira da terra de Edom.",14,True,True,True
33,38,Números 33:38,וַיַּעַל֩ אַהֲרֹ֨ן הַכֹּהֵ֜ן אֶל־ הֹ֥ר הָהָ֛ר עַל־ פִּ֥י יְהוָ֖ה וַיָּ֣מָת שָׁ֑ם בִּשְׁנַ֣ת הָֽאַרְבָּעִ֗ים לְצֵ֤את בְּנֵֽי־ יִשְׂרָאֵל֙ מֵאֶ֣רֶץ מִצְרַ֔יִם בַּחֹ֥דֶשׁ הַחֲמִישִׁ֖י בְּאֶחָ֥ד לַחֹֽדֶשׁ ׃,ויעל אהרנ הכהנ אל הר ההר על פי יהוה וימת שמ בשנת הארבעימ לצאת בני ישראל מארצ מצרימ בחדש החמישי באחד לחדש,23,וסלק אהרן כהנא להור טורא על מימרא דיי ומית תמן בשנת ארבעין למפק בני ישראל מארעא דמצרים בירחא חמשאה בחד לירחא:,21,"καὶ ἀνέβη Ἀαρὼν ὁ ἱερεὺς διὰ προστάγματος Κυρίου, καὶ ἀπέθανεν ἐκεῖ ἐν τῷ τεσσερακοστῷ ἔτει τῆς ἐξόδου τῶν υἱῶν Ἰσραὴλ ἐκ γῆς Αἰγύπτου, τῷ μηνὶ τῷ πέμπτῳ, μιᾷ τοῦ μηνός·",30,ܘܣܠܩ ܐܗܪܘܢ ܟܗܢܐ ܠܗܘܪ ܛܘܪܐ ܒܡܠܬ ܦܘܡܗ ܕܡܪܝܐ. ܘܡܝܬ ܬܡܢ. ܒܫܢܬ ܐܪ̈ܒܥܝܢ ܕܢܦܩܘ ܒܢ̈ܝ ܐܝܣܪܝܠ ܡܢ ܐܪܥܐ ܕܡܨܪܝܢ . ܒܝܪܚܐ ܩܕܡܝܐ ܒܚܕ ܒܝܪܚܐ.,23,"Então Arão, o sacerdote, subiu ao monte Hor, conforme o mandado do Senhor, e ali morreu no quadragésimo ano depois da saída dos filhos de Israel da terra do Egito, no quinto mês, no primeiro dia do mês.",38,True,True,True
33,39,Números 33:39,וְאַהֲרֹ֔ן בֶּן־ שָׁלֹ֧שׁ וְעֶשְׂרִ֛ים וּמְאַ֖ת שָׁנָ֑ה בְּמֹת֖וֹ בְּהֹ֥ר הָהָֽר ׃ ס,ואהרנ בנ שלש ועשרימ ומאת שנה במתו בהר ההר ס,11,ואהרן בר מאה ועשרין ותלת שנין כד מית בהור טורא:,10,"καὶ Ἀαρὼν ἦν τριῶν καὶ εἴκοσι καὶ ἑκατὸν ἐτῶν, ὅτε ἀπέθνησκεν ἐν Ὣρ τῷ ὄρει.",15,ܘܐܗܪܘܢ ܒܪ ܡܐܐ ܗܘܐ ܘܥܣܪ̈ܝܢ ܘܬܠܬ ܫ̈ܢܝܢ. ܟܕ ܡܝܬ ܒܗܘܪ ܛܘܪܐ.,11,"E Arão tinha cento e vinte e três anos de idade, quando morreu no monte Hor.",16,True,True,True
33,40,Números 33:40,וַיִּשְׁמַ֗ע הַֽכְּנַעֲנִי֙ מֶ֣לֶךְ עֲרָ֔ד וְהֽוּא־ יֹשֵׁ֥ב בַּנֶּ֖גֶב בְּאֶ֣רֶץ כְּנָ֑עַן בְּבֹ֖א בְּנֵ֥י יִשְׂרָאֵֽל ׃,וישמע הכנעני מלכ ערד והוא ישב בנגב בארצ כנענ בבא בני ישראל,13,ושמע כנענאה מלכא דערד והוא יתב בדרומא בארעא דכנען במיתי בני ישראל:,12,"καὶ ἀκούσας ὁ Χανανείς, βασιλεὺς Ἀράδ· καὶ οὗτος κατῴκει ἐν γῇ Χανάαν, ὅτε εἰσεπορεύοντο οἱ υἱοὶ Ἰσραήλ.",17,ܘܫܡܥ ܟܢܥܢܝܐ ܡܠܟܐ ܕܓܕܪ ܕܥ̇ܡܪ ܒܬܝܡܢܐ ܒܐܪܥܐ ܕܟܢܥܢ. ܟܕ ܐܬܘ ܒܢ̈ܝ ܐܝܣܪܝܠ.,12,"Ora, o cananeu, rei de Arade, que habitava o sul da terra de Canaã, ouviu que os filhos de Israel chegavam.",21,True,True,True
33,41,Números 33:41,וַיִּסְע֖וּ מֵהֹ֣ר הָהָ֑ר וַֽיַּחֲנ֖וּ בְּצַלְמֹנָֽה ׃,ויסעו מהר ההר ויחנו בצלמנה,6,ונטלו מהור טורא ושרו בצלמונה:,5,καὶ ἀπῆραν ἐξ Ὣρ τοῦ ὄρους καὶ παρενέβαλον εἰς Σελμωνά·,10,ܘܫܩܠܘ ܡܢ ܗܘܪ ܛܘܪܐ. ܘܫܪܘ ܒܨܠܡܘܢܐ.,6,"Partiram do monte Hor, e acamparam-se em Zalmona.",8,True,True,True
33,42,Números 33:42,וַיִּסְע֖וּ מִצַּלְמֹנָ֑ה וַֽיַּחֲנ֖וּ בְּפוּנֹֽן ׃,ויסעו מצלמנה ויחנו בפוננ,5,ונטלו מצלמונה ושרו בפונן:,4,καὶ ἀπῆραν ἐκ Σελμωνὰ καὶ παρενέβαλον εἰς Φεινώ·,8,ܘܫܩܠܘ ܡܢ ܨܠܡܘܢܐ. ܘܫܪܘ ܒܦܝܢܘܢ.,5,"Partiram de Zalmona, e acamparam-se em Punom.",7,True,True,True
33,43,Números 33:43,וַיִּסְע֖וּ מִפּוּנֹ֑ן וַֽיַּחֲנ֖וּ בְּאֹבֹֽת ׃,ויסעו מפוננ ויחנו באבת,5,ונטלו מפונן ושרו באבות:,4,καὶ ἀπῆραν ἐκ Φεινὼ καὶ παρενέβαλον εἰς Σωβώθ·,8,ܘܫܩܠܘ ܡܢ ܦܝܢܘܢ. ܘܫܪܘ ܒܐܒܘܬ.,5,"Partiram de Punom, e acamparam-se em Obote.",7,True,True,True
33,44,Números 33:44,וַיִּסְע֖וּ מֵאֹבֹ֑ת וַֽיַּחֲנ֛וּ בְּעִיֵּ֥י הָעֲבָרִ֖ים בִּגְב֥וּל מוֹאָֽב ׃,ויסעו מאבת ויחנו בעיי העברימ בגבול מואב,8,ונטלו מאבות ושרו במגזת עבראי בתחום מואב:,7,"καὶ ἀπῆραν ἐκ Σωβὼθ καὶ παρενέβαλον ἐν Γαί, ἐν τῷ πέρα ἐπὶ τῶν ὁρίων Μωάβ·",15,ܘܫܩܠܘ ܡܢ ܐܒܘܬ. ܘܫܪܘ ܒܥܝܢܐ ܕܥܒܪ̈ܝܐ ܒܬܚܘܡܐ ܕܡܘܐܒ .,9,"Partiram de Obote, e acamparam-se em Ije-Abarim, na fronteira de Moabe.",11,True,True,True
33,45,Números 33:45,וַיִּסְע֖וּ מֵעִיִּ֑ים וַֽיַּחֲנ֖וּ בְּדִיבֹ֥ן גָּֽד ׃,ויסעו מעיימ ויחנו בדיבנ גד,6,ונטלו ממגזתא ושרו בדיבון גד:,5,καὶ ἀπῆραν ἐκ Γαὶ καὶ παρενέβαλον εἰς Δαιβὼν Γάδ·,9,ܘܫܩܠܘ ܡܢ ܥܝܢܐ ܕܥܒܪ̈ܝܐ. ܘܫܪܘ ܒܪܝܒܘܢ ܓܕ.,7,"Partiram de Ije-Abarim, e acamparam-se em Dibom-Gade.",7,True,True,True
33,46,Números 33:46,וַיִּסְע֖וּ מִדִּיבֹ֣ן גָּ֑ד וַֽיַּחֲנ֖וּ בְּעַלְמֹ֥ן דִּבְלָתָֽיְמָה ׃,ויסעו מדיבנ גד ויחנו בעלמנ דבלתימה,7,ונטלו מדיבון גד ושרו בעלמון דבלתימה:,6,καὶ ἀπῆραν ἐκ Δαιβὼν Γὰδ καὶ παρενέβαλον ἐν Γελμὼν Δεβλαθάιμ·,10,ܘܫܩܠܘ ܡܢ ܪܝܒܘܢ ܓܕ. ܘܫܪܘ ܒܥܠܡܘܢ ܕܒܠܬܝܡ .,8,"Partiram de Dibom-Fade, e acamparam-se em Almom-Diblataim.",7,True,True,True
33,47,Números 33:47,וַיִּסְע֖וּ מֵעַלְמֹ֣ן דִּבְלָתָ֑יְמָה וַֽיַּחֲנ֛וּ בְּהָרֵ֥י הָעֲבָרִ֖ים לִפְנֵ֥י נְבֽוֹ ׃,ויסעו מעלמנ דבלתימה ויחנו בהרי העברימ לפני נבו,9,ונטלו מעלמון דבלתימה ושרו בטורי דעבראי דקדם נבו:,8,καὶ ἀπῆραν ἐκ Γελμὼν Δεβλαθάιμ καὶ παρενέβαλον ἐπὶ τὰ ὄρη τὰ Ἀβαρεὶμ ἀπέναντι Ναβαύ·,14,ܘܫܩܠܘ ܡܢ ܒܥܠܡܘܢ ܕܒܠܬܝܡ. ܘܫܪܘ ܒܛܘܪܐ ܕܥܒܪ̈ܝܐ ܕܩܕܡ ܢܒܘ.,9,"Partiram de Almom-Diblataim, e acamparam-se nos montes de Abarim, defronte de Nebo.",12,True,True,True
33,48,Números 33:48,וַיִּסְע֖וּ מֵהָרֵ֣י הָעֲבָרִ֑ים וַֽיַּחֲנוּ֙ בְּעַֽרְבֹ֣ת מוֹאָ֔ב עַ֖ל יַרְדֵּ֥ן יְרֵחֽוֹ ׃,ויסעו מהרי העברימ ויחנו בערבת מואב על ירדנ ירחו,10,ונטלו מטורי דעבראי ושרו במישריא דמואב על ירדנא דירחו:,9,"καὶ ἀπῆραν ἀπὸ ὀρέων Ἀβαρεὶμ καὶ παρενέβαλον ἐπὶ δυσμῶν Μωάβ, ἐπὶ τοῦ Ἰορδάνου κατὰ Ἰερειχώ·",15,ܘܫܩܠܘ ܡܢ ܛܘܪܐ ܕܥܒܪ̈ܝܐ ܘܫܪܘ ܒܥܪܒܘܬ ܡܘܐܒ. ܕܥܠ ܝܘܪܕܢܢ ܕܐܝܪܝܚܘ.,10,"e seu pai. de Moabe, junto ao Jordão, na altura de Jericó;",12,True,True,True
33,49,Números 33:49,וַיַּחֲנ֤וּ עַל־ הַיַּרְדֵּן֙ מִבֵּ֣ית הַיְשִׁמֹ֔ת עַ֖ד אָבֵ֣ל הַשִּׁטִּ֑ים בְּעַֽרְבֹ֖ת מוֹאָֽב ׃ ס,ויחנו על הירדנ מבית הישמת עד אבל השטימ בערבת מואב ס,12,ושרו על ירדנא מבית ישימות עד מישר שטין במישריא דמואב:,10,καὶ παρενέβαλον παρὰ τὸν Ἰορδάνην ἀνὰ μέσον Αἱσιμὼθ ἕως Βελσὰ τὸ κατὰ δυσμὰς Μωάβ.,14,ܘܫܪܘ ܥܠ ܝܘܪܕܢܢ ܡܢ ܒܝܬ ܐܫܝܡܘܢ. ܘܥܕܡܐ ܠܐܒܠ ܕܣܛܝܡ ܕܒܥܪܒܘܬ ܡܘܐܒ.,11,"isto é, acamparam-se junto ao Jordão, desde Bete-Jesimote até Abel-Sitim, nas planícies de Moabe.",14,True,True,True
33,50,Números 33:50,וַיְדַבֵּ֧ר יְהוָ֛ה אֶל־ מֹשֶׁ֖ה בְּעַֽרְבֹ֣ת מוֹאָ֑ב עַל־ יַרְדֵּ֥ן יְרֵח֖וֹ לֵאמֹֽר ׃,וידבר יהוה אל משה בערבת מואב על ירדנ ירחו לאמר,11,ומליל יי עם משה במישריא דמואב על ירדנא דירחו למימר:,10,Καὶ ἐλάλησεν Κύριος πρὸς Μωυσῆν λέγων ἐπὶ δυσμῶν Μωὰβ παρὰ τὸν Ἰορδάνην κατὰ Ἰερειχώ,14,ܘܐܡܪ ܡܪܝܐ ܠܡܘܫܐ . ܒܥܪܒܘܬ ܡܘܐܒ ܕܥܠ ܝܘܪܕܢܢ ܕܐܝܪܝܚܘ.,9,"Também disse o Senhor a Moisés, nas planícies de Moabe, junto ao Jordão, na altura de Jericó:",17,True,True,True
33,51,Números 33:51,דַּבֵּר֙ אֶל־ בְּנֵ֣י יִשְׂרָאֵ֔ל וְאָמַרְתָּ֖ אֲלֵהֶ֑ם כִּ֥י אַתֶּ֛ם עֹבְרִ֥ים אֶת־ הַיַּרְדֵּ֖ן אֶל־ אֶ֥רֶץ כְּנָֽעַן ׃,דבר אל בני ישראל ואמרת אלהמ כי אתמ עברימ את הירדנ אל ארצ כנענ,15,מלל עם בני ישראל ותימר להון ארי אתון עברין ית ירדנא לארעא דכנען:,13,Λάλησον τοῖς υἱοῖς Ἰσραὴλ καὶ ἐρεῖς πρὸς αὐτούς Ὑμεῖς διαβαίνετε τὸν Ἰορδάνην εἰς γῆν Χανάαν·,15,ܡܠܠ ܥܡ ܒܢ̈ܝ ܐܝܣܪܝܠ ܘܐܡܪ ܠܗܘܢ. ܐܢܬܘܢ ܥ̇ܒܪܝܢ ܐܢܬܘܢ ܝܘܪܕܢܢ ܠܐܪܥܐ ܕܟܢܥܢ.,12,"Fala aos filhos de Israel, e dize-lhes: Quando houverdes passado o Jordão para a terra de Canaã,",17,True,True,True
33,52,Números 33:52,וְה֨וֹרַשְׁתֶּ֜ם אֶת־ כָּל־ יֹשְׁבֵ֤י הָאָ֨רֶץ֙ מִפְּנֵיכֶ֔ם וְאִ֨בַּדְתֶּ֔ם אֵ֖ת כָּל־ מַשְׂכִּיֹּתָ֑ם וְאֵ֨ת כָּל־ צַלְמֵ֤י מַסֵּֽכֹתָם֙ תְּאַבֵּ֔דוּ וְאֵ֥ת כָּל־ בָּמֹתָ֖ם תַּשְׁמִֽידוּ ׃,והורשתמ את כל ישבי הארצ מפניכמ ואבדתמ את כל משכיתמ ואת כל צלמי מסכתמ תאבדו ואת כל במתמ תשמידו,20,ותתרכון ית כל יתבי ארעא מן קדמיכון ותבדון ית כל בית סגדתהון וית כל צלמי מתכתהון תבדון וית כל במתהון תשצון:,21,"καὶ ἀπολεῖτε πάντας τοὺς κατοικοῦντας ἐν τῇ γῇ πρὸ προσώπου ὑμῶν, καὶ ἐξαρεῖτε τὰς σκοπιὰς αὐτῶν, καὶ πάντα τὰ εἴδωλα τὰ χωνευτὰ αὐτῶν ἀπολεῖτε αὐτά, καὶ πάσας τὰς στήλας αὐτῶν ἐξαρεῖτε.",31,ܘܬܘܒܕܘܢ ܟܠܗܘܢ ܥܡܘܪ̈ܝܗ̇ ܕܐܪܥܐ ܡܢ ܩܕܡܝܟܘܢ. ܘܬܘܒܕܘܢ ܟܠܗܝܢ ܣ̈ܓܕܬܗܘܢ. ܘܟܠܗܘܢ ܨ̈ܠܡܐ ܕܢܣܟܬܗܘܢ ܬܘܒܕܘܢ . ܘܟܠܗܝܢ ܥ̈ܠܘܬܗܘܢ ܬܥܩܪܘܢ.,17,"lançareis fora todos os habitantes da terra de diante de vós, e destruireis todas as suas pedras em que há figuras; também destruireis todas as suas imagens de fundição, e desfareis todos os seus altos;",35,True,True,True
33,53,Números 33:53,וְהוֹרַשְׁתֶּ֥ם אֶת־ הָאָ֖רֶץ וִֽישַׁבְתֶּם־ בָּ֑הּ כִּ֥י לָכֶ֛ם נָתַ֥תִּי אֶת־ הָאָ֖רֶץ לָרֶ֥שֶׁת אֹתָֽהּ ׃,והורשתמ את הארצ וישבתמ בה כי לכמ נתתי את הארצ לרשת אתה,13,ותתרכון ית יתבי ארעא ותיתבון בה ארי לכון יהבית ית ארעא למירת יתה:,13,"καὶ ἀπολεῖτε πάντας τοὺς κατοικοῦντας τὴν γῆν καὶ κατοικήσετε ἐν αὐτῇ, ὑμῖν γὰρ δέδωκα τὴν γῆν αὐτῶν ἐν κλήρῳ.",19,ܘܬܐܪܬܘܢܗ̇ ܠܐܪܥܐ ܘܬܬܒܘܢ ܒܗ̇. ܡܛܠ ܕܠܟܘܢ ܝܗ̇ܒܬܗ̇ ܐܪܥܐ ܠܡܐܪܬܗ̇.,9,"e tomareis a terra em possessão, e nela habitareis; porquanto a vós vos tenho dado esta terra para a possuirdes.",20,True,True,True
33,54,Números 33:54,וְהִתְנַחַלְתֶּם֩ אֶת־ הָאָ֨רֶץ בְּגוֹרָ֜ל לְמִשְׁפְּחֹֽתֵיכֶ֗ם לָרַ֞ב תַּרְבּ֤וּ אֶת־ נַחֲלָתוֹ֙ וְלַמְעַט֙ תַּמְעִ֣יט אֶת־ נַחֲלָת֔וֹ אֶל֩ אֲשֶׁר־ יֵ֨צֵא ל֥וֹ שָׁ֛מָּה הַגּוֹרָ֖ל ל֣וֹ יִהְיֶ֑ה לְמַטּ֥וֹת אֲבֹתֵיכֶ֖ם תִּתְנֶחָֽלוּ ׃,והתנחלתמ את הארצ בגורל למשפחתיכמ לרב תרבו את נחלתו ולמעט תמעיט את נחלתו אל אשר יצא לו שמה הגורל לו יהיה למטות אבתיכמ תתנחלו,25,ותחסנון ית ארעא בעדבא לזרעיתכון לסגיאי תסגון ית אחסנתהון ולזעירי תזעירון ית אחסנתהון לדיפוק ליה תמן עדבא די ליה יהי לשבטי אבהתכון תחסנון:,23,"καὶ κατακληρονομήσετε τὴν γῆν αὐτῶν ἐν κλήρῳ κατὰ φυλὰς αὐτῶν· τοῖς πλείοσιν πληθυνεῖτε τὴν κατάσχεσιν αὐτῶν, καὶ τοῖς ἐλάττοσιν ἐλαττώσετε τὴν κατάσχεσιν αὐτῶν· εἰς ὃ ἐὰν ἐξέλθῃ τὸ ὄνομα αὐτοῦ ἐκεῖ, αὐτοῦ ἔσται· κατὰ φυλὰς πατριῶν ὑμῶν κληρονομήσετε.",38,ܘܝܪܬܘ ܐܪܥܐ ܒܦܨ̈ܐ ܕܫܪ̈ܒܬܟܘܢ. ܠܣܓ̈ܝܐܐ ܬܣܓܘܢ ܝܪܬܘܬܐ. ܘܠܙܥܘܪ̈ܐ ܬܙܥܪܘܢ ܝܪܬܘܬܐ. ܡ̇ܢ ܕܣ̇ܠܩܐ ܠܗ ܦܨܬܐ ܠܫ̈ܒܛܐ ܕܐ̈ܒܗܝܗܘܢ ܢܐܪܬܘܢ.,17,"Herdareis a terra por meio de sortes, segundo as vossas famílias: à família que for grande, dareis uma herança maior, e à família que for pequena, dareis uma herança menor; o lugar que por sorte sair para alguém, esse lhe pertencerá; segundo as tribos de vossos pais recebereis as heranças.",50,True,True,True
33,55,Números 33:55,וְאִם־ לֹ֨א תוֹרִ֜ישׁוּ אֶת־ יֹשְׁבֵ֣י הָאָרֶץ֮ מִפְּנֵיכֶם֒ וְהָיָה֙ אֲשֶׁ֣ר תּוֹתִ֣ירוּ מֵהֶ֔ם לְשִׂכִּים֙ בְּעֵ֣ינֵיכֶ֔ם וְלִצְנִינִ֖ם בְּצִדֵּיכֶ֑ם וְצָרֲר֣וּ אֶתְכֶ֔ם עַל־ הָאָ֕רֶץ אֲשֶׁ֥ר אַתֶּ֖ם יֹשְׁבִ֥ים בָּֽהּ ׃,ואמ לא תורישו את ישבי הארצ מפניכמ והיה אשר תותירו מהמ לשכימ בעיניכמ ולצנינמ בצדיכמ וצררו אתכמ על הארצ אשר אתמ ישבימ בה,24,ואם לא תתרכון ית יתבי ארעא מן קדמיכון ויהי די תשארון מנהון לסיען נטלן זין לקבליכון ולמשרין מקפנכון ויעיקון לכון על ארעא די אתון יתבין בה:,26,"ἐὰν δὲ μὴ ἀπολέσητε τοὺς κατοικοῦντας ἐπὶ τῆς γῆς ἀπὸ προσώπου ὑμῶν, καὶ ἔσται οὓς ἐὰν καταλίπητε ἐξ αὐτῶν, σκόλοπες ἐν τοῖς ὀφθαλμοῖς ὑμῶν καὶ βολίδες ἐν ταῖς πλευραῖς ὑμῶν, καὶ ἐχθρεύσουσιν ἐπὶ τῆς γῆς ἐφ᾽ ἣν ὑμεῖς κατοικήσετε·",39,ܘܐܢ ܠܐ ܬܘܒܕܘܢ ܠܥܡܘܪ̈ܐ ܕܐܪܥܐ. ܡܢ ܩܕܡܝܟܘܢ ܗ̇ܢܘܢ ܕܡܫܬܚܪܝܢ ܡܢܗܘܢ. ܢܗܘܘܢ ܣ̈ܟܐ ܒ̈ܥܝܢܝܟܘܢ. ܘܠܘܠܝ̈ܬܐ ܒܨ̈ܕܥܝܟܘܢ. ܘܢܥܝܩܘܢ ܠܟܘܢ ܒܐܪܥܐ ܕܥ̇ܡܪܝܢ ܐܢܬܘܢ ܒܗ̇.,21,"Mas se não lançardes fora os habitantes da terra de diante de vós, os que deixardes ficar vos serão como espinhos nos olhos, e como abrolhos nas ilhargas, e vos perturbarão na terra em que habitardes;",36,True,True,True
33,56,Números 33:56,וְהָיָ֗ה כַּאֲשֶׁ֥ר דִּמִּ֛יתִי לַעֲשׂ֥וֹת לָהֶ֖ם אֶֽעֱשֶׂ֥ה לָכֶֽם ׃ פ,והיה כאשר דמיתי לעשות להמ אעשה לכמ פ,9,ויהי כמא די חשבית למעבד להון אעבד לכון:,8,"καὶ ἔσται καθότι διεγνώκειν ποιῆσαι αὐτούς, ποιήσω ὑμᾶς.",8,ܘܐܝܟܢܐ ܕܐܬܚܫܒܬ ܕܐܥܒܕ ܠܗܘܢ ܐܥܒܕ ܠܟܘܢ.,6,e eu vos farei a vós como pensei em fazer-lhes a eles.,12,True,True,True
34,1,Números 34:1,וַיְדַבֵּ֥ר יְהוָ֖ה אֶל־ מֹשֶׁ֥ה לֵּאמֹֽר ׃,וידבר יהוה אל משה לאמר,6,ומליל יי עם משה למימר:,5,Καὶ ἐλάλησεν Κύριος πρὸς Μωυσῆν λέγων,6,ܘܡܠܠ ܡܪܝܐ ܥܡ ܡܘܫܐ ܘܐܡܪ ܠܗ.,6,Disse mais o Senhor a Moisés:,6,True,True,True
34,2,Números 34:2,צַ֞ו אֶת־ בְּנֵ֤י יִשְׂרָאֵל֙ וְאָמַרְתָּ֣ אֲלֵהֶ֔ם כִּֽי־ אַתֶּ֥ם בָּאִ֖ים אֶל־ הָאָ֣רֶץ כְּנָ֑עַן זֹ֣את הָאָ֗רֶץ אֲשֶׁ֨ר תִּפֹּ֤ל לָכֶם֙ בְּֽנַחֲלָ֔ה אֶ֥רֶץ כְּנַ֖עַן לִגְבֻלֹתֶֽיהָ ׃,צו את בני ישראל ואמרת אלהמ כי אתמ באימ אל הארצ כנענ זאת הארצ אשר תפל לכמ בנחלה ארצ כנענ לגבלתיה,22,פקד ית בני ישראל ותימר להון ארי אתון עלין לארעא דכנען דא ארעא די תתפלג לכון באחסנא ארעא דכנען לתחומהא:,20,"Ἔντειλαι τοῖς υἱοῖς Ἰσραὴλ καὶ ἐρεῖς πρὸς αὐτούς Ὑμεῖς εἰσπορεύεσθε εἰς τὴν γῆν Χανάαν· αὕτη ἔσται ὑμῖν εἰς τὴν κληρονομίαν, γῆ Χανάαν σὺν τοῖς ὁρίοις αὐτῆς.",26,ܦܩܕ ܠܒܢ̈ܝ ܐܝܣܪܝܠ ܘܐܡܪ ܠܗܘܢ. ܐܢܬܘܢ ܥܐ̇ܠܝܢ ܐܢܬܘܢ ܠܐܪܥܐ ܕܟܢܥܢ. ܗܕܐ ܐܪܥܐ ܬܬܦܠܓ ܠܟܘܢ ܒܝܘܪܬܢܐ ܐܪܥܐ ܕܟܢܥܢ ܒܬ̈ܚܘܡܝܗ̇.,18,"Dá ordem aos filhos de Israel, e dize-lhes: Quando entrardes na terra de Canaã, terra esta que vos há de cair em herança, por toda a sua extensão,",28,True,True,True
34,3,Números 34:3,וְהָיָ֨ה לָכֶ֧ם פְּאַת־ נֶ֛גֶב מִמִּדְבַּר־ צִ֖ן עַל־ יְדֵ֣י אֱד֑וֹם וְהָיָ֤ה לָכֶם֙ גְּב֣וּל נֶ֔גֶב מִקְצֵ֥ה יָם־ הַמֶּ֖לַח קֵֽדְמָה ׃,והיה לכמ פאת נגב ממדבר צנ על ידי אדומ והיה לכמ גבול נגב מקצה ימ המלח קדמה,18,ויהי לכון רוח דרומא ממדברא דצן על תחומי אדום ויהי לכון תחום דרומא מסיפי ימא דמלחא קדומא:,17,"καὶ ἔσται ὑμῖν τὸ κλίτος τὸ πρὸς λίβα ἀπὸ ἐρήμου Σεὶν ἕως ἐχόμενον Ἐδώμ, καὶ ἔσται ὑμῖν τὰ ὅρια πρὸς λίβα ἀπὸ μέρους τῆς θαλάσσης τῆς ἁλυκῆς ἀπὸ ἀνατολῶν·",29,ܘܢܗܘܐ ܠܟܘܢ ܣܛܪܐ ܕܬܝܡܢܐ. ܡܢ ܡܕܒܪܐ ܕܨܝܢ ܥܠ ܬܚܘܡܐ ܕܐܕܘܡ. ܘܢܗܘܐ ܠܟܘܢ ܬܚܘܡܐ ܕܬܝܡܢܐ. ܡܢ ܣܘܦ ܝܡܐ ܕܡܠܚܐ ܡܢ ܡܕܢܚܐ.,20,"a banda do sul será desde o deserto de Zim, ao longo de Edom; e o limite do sul se estenderá da extremidade do Mar Salgado, para o oriente;",29,True,True,True
34,4,Números 34:4,וְנָסַ֣ב לָכֶם֩ הַגְּב֨וּל מִנֶּ֜גֶב לְמַעֲלֵ֤ה עַקְרַבִּים֙ וְעָ֣בַר צִ֔נָה והיה תּֽוֹצְאֹתָ֔יו מִנֶּ֖גֶב לְקָדֵ֣שׁ בַּרְנֵ֑עַ וְיָצָ֥א חֲצַר־ אַדָּ֖ר וְעָבַ֥ר עַצְמֹֽנָה ׃,ונסב לכמ הגבול מנגב למעלה עקרבימ ועבר צנה והיה תוצאתיו מנגב לקדש ברנע ויצא חצר אדר ועבר עצמנה,19,ויסחר לכון תחומא מדרומא למסקנא דעקרבים ויעבר לצן ויהון מפקנוהי מדרומא לרקם גיאה ויפוק לחצר אדר ויעבר לעצמון:,18,"καὶ κυκλώσει ὑμᾶς τὰ ὅρια ἀπὸ λιβὸς πρὸς ἀνάβασιν Ἀκραβείν, καὶ παρελεύσεται Ἐννάκ, καὶ ἔσται ἡ διέξοδος αὐτοῦ πρὸς λίβα Καδὴς τοῦ Βαρνή, καὶ ἐξελεύσεται εἰς ἔπαυλιν Ἀράδ, καὶ παρελεύσεται Ἀσεμῶνα.",31,ܘܢܗܘܐ ܟ̇ܪܟ ܬܚܘܡܟܘܢ ܡܢ ܬܝܡܢܐ. ܠܡܣܩܢܐ ܕܣܦܪܘܝܡ. ܘܢܗܘܐ ܥ̇ܒܪ ܠܨܝܢ. ܘܢܗܘܘܢ ܡܦܩ̈ܢܘܗܝ ܡܢ ܬܝܡܢܐ ܠܪܩܡ ܕܓܝܐ. ܘܢܦܘܩ ܥܠ ܚܨܪ ܐܕܪ. ܘܢܥܒܪ ܠܥܨܡܘܢ.,22,"e este limite irá rodeando para o sul da subida de Acrabim, e continuará até Zim; e, saindo ao sul de Cades-Barnéia, seguirá para Hazar-Hadar, e continuará até Azmom;",29,True,True,True
34,5,Números 34:5,וְנָסַ֧ב הַגְּב֛וּל מֵעַצְמ֖וֹן נַ֣חְלָה מִצְרָ֑יִם וְהָי֥וּ תוֹצְאֹתָ֖יו הַיָּֽמָּה ׃,ונסב הגבול מעצמונ נחלה מצרימ והיו תוצאתיו הימה,9,ויסחר תחומא מעצמון לנחלא דמצרים ויהון מפקנוהי לימא:,8,"καὶ κυκλώσει τὰ ὅρια ἀπὸ Ἀσεμῶνα χειμάρρουν Αἰγύπτου, καὶ ἔσται ἡ διέξοδος ἡ θάλασσα.",14,ܘܢܬܟܪܟ ܬܚܘܡܐ ܡܢ ܥܨܡܘܢ ܠܢܚܠܐ ܕܡܨܪܝܢ. ܘܢܗܘܘܢ ܡܦܩ̈ܢܘܗܝ ܠܝܡܐ.,9,"e daí irá rodeando até o ribeiro do Egito, e terminará na praia do mar.",15,True,True,True
34,6,Números 34:6,וּגְב֣וּל יָ֔ם וְהָיָ֥ה לָכֶ֛ם הַיָּ֥ם הַגָּד֖וֹל וּגְב֑וּל זֶֽה־ יִהְיֶ֥ה לָכֶ֖ם גְּב֥וּל יָֽם ׃,וגבול ימ והיה לכמ הימ הגדול וגבול זה יהיה לכמ גבול ימ,13,ותחום מערבא ויהי לכון ימא רבא ותחומיה דין יהי לכון תחום מערבא:,12,"καὶ τὰ ὅρια τῆς θαλάσσης ἔσται ὑμῖν· ἡ θάλασσα ἡ μεγάλη ὁριεῖ, τοῦτο ἔσται ὑμῖν τὰ ὅρια τῆς θαλάσσης.",19,ܘܬܚܘܡܐ ܕܝܡܐ ܢܗܘܐ ܠܟܘܢ. ܝܡܐ ܪܒܐ ܘܬܚܘܡܗ. ܗܢܐ ܢܗܘܐ ܠܟܘܢ ܬܚܘܡܐ ܕܝܡܐ.,12,"Para o ocidente, o Mar Grande vos será por limite; o próprio mar será o vosso limite ocidental.",18,True,True,True
34,7,Números 34:7,וְזֶֽה־ יִהְיֶ֥ה לָכֶ֖ם גְּב֣וּל צָפ֑וֹן מִן־ הַיָּם֙ הַגָּדֹ֔ל תְּתָא֥וּ לָכֶ֖ם הֹ֥ר הָהָֽר ׃,וזה יהיה לכמ גבול צפונ מנ הימ הגדל תתאו לכמ הר ההר,13,ודין יהי לכון תחום צפונא מן ימא רבא תכונון לכון להר טורא:,12,καὶ τοῦτο ἔσται τὰ ὅρια ὑμῖν πρὸς βορρᾶν· ἀπὸ τῆς θαλάσσης τῆς μεγάλης καταμετρήσετε ὑμῖν αὐτοῖς παρὰ τὸ ὄρος τὸ ὄρος·,21,ܘܗܢܐ ܢܗܘܐ ܠܟܘܢ ܬܚܘܡܐ ܕܓܪܒܝܐ ܘܡܢ ܝܡܐ ܪܒܐ. ܬܬܚܡܘܢ ܠܟܘܢ ܠܗܘܪ ܛܘܪܐ.,12,Este será o vosso limite setentrional: desde o Mar Grande marcareis para vós até o Monte Hor;,17,True,True,True
34,8,Números 34:8,מֵהֹ֣ר הָהָ֔ר תְּתָא֖וּ לְבֹ֣א חֲמָ֑ת וְהָי֛וּ תּוֹצְאֹ֥ת הַגְּבֻ֖ל צְדָֽדָה ׃,מהר ההר תתאו לבא חמת והיו תוצאת הגבל צדדה,10,מהור טורא תכונון למטי חמת ויהון מפקנוהי דתחומא לצדד:,9,"καὶ ἀπὸ τοῦ ὄρους τὸ ὄρος καταμετρήσετε αὐτοῖς, εἰσπορευομένων εἰς Ἑμάθ, καὶ ἔσται ἡ διέξοδος αὐτῶν τὰ ὅρια Σαράδακ·",19,ܘܡܢ ܗܘܪ ܛܘܪܐ ܬܬܚܡܘܢ ܠܡܥܠܢܐ ܕܚܡܬ. ܘܢܗܘܘܢ ܡܦܩ̈ܢܘܗܝ ܕܬܚܘܡܐ ܠܨܕܕ.,10,desde o monte Hor marcareis até a entrada de Hamate; daí ele se estenderá até Zedade;,16,True,True,True
34,9,Números 34:9,וְיָצָ֤א הַגְּבֻל֙ זִפְרֹ֔נָה וְהָי֥וּ תוֹצְאֹתָ֖יו חֲצַ֣ר עֵינָ֑ן זֶֽה־ יִהְיֶ֥ה לָכֶ֖ם גְּב֥וּל צָפֽוֹן ׃,ויצא הגבל זפרנה והיו תוצאתיו חצר עיננ זה יהיה לכמ גבול צפונ,13,ויפוק תחומא לזפרון ויהון מפקנוהי לחצר עינן דין יהי לכון תחום צפונא:,12,"καὶ ἐξελεύσεται τὰ ὅρια Δεφρῶνα, καὶ ἔσται ἡ διέξοδος αὐτοῦ Ἁρσεναείμ· τοῦτο ἔσται ὑμῖν ὅρια ἀπὸ βορρᾶ.",17,ܘܢܗܘܐ ܢ̇ܦܩ ܬܚܘܡܐ ܠܙܦܪܘܢ. ܘܢܗܘܘܢ ܡܦܩ̈ܢܘܗܝ ܠܚܨܪ ܥܝܢܢ. ܗܠܝܢ ܢܗܘܘܢ ܠܟܘܢ ܬܚ̈ܘܡܐ ܕܓܪܒܝܐ.,13,"dali continuará até Zifrom, e irá terminar em Hazar-Enã. Este será o vosso limite setentrional.",15,True,True,True
34,10,Números 34:10,וְהִתְאַוִּיתֶ֥ם לָכֶ֖ם לִגְב֣וּל קֵ֑דְמָה מֵחֲצַ֥ר עֵינָ֖ן שְׁפָֽמָה ׃,והתאויתמ לכמ לגבול קדמה מחצר עיננ שפמה,8,ותכונון לכון לתחום קדומא מחצר עינן לשפם:,7,καὶ καταμετρήσετε ὑμῖν αὐτοῖς τὰ ὅρια ἀνατολῶν ἀπὸ Ἁρσεναεὶν Σεπφάμαρ·,10,ܘܬܬܚܡܘܢ ܠܟܘܢ ܠܬܚܘܡܐ ܕܡܕܢܚܐ. ܡܢ ܚܨܪ ܥܝܢܢ ܠܫܦܡ.,8,Marcareis o vosso limite oriental desde Hazar-Enã até Sefã;,9,True,True,True
34,11,Números 34:11,וְיָרַ֨ד הַגְּבֻ֧ל מִשְּׁפָ֛ם הָרִבְלָ֖ה מִקֶּ֣דֶם לָעָ֑יִן וְיָרַ֣ד הַגְּב֔וּל וּמָחָ֛ה עַל־ כֶּ֥תֶף יָם־ כִּנֶּ֖רֶת קֵֽדְמָה ׃,וירד הגבל משפמ הרבלה מקדמ לעינ וירד הגבול ומחה על כתפ ימ כנרת קדמה,15,ויחות תחומא משפם לרבלה ממדנח לעין ויחות תחומא וימטי על כיף ים גנסר קדומא:,14,"καὶ καταβήσεται τὰ ὅρια ἀπὸ Σεπφάμαρ Βηλὰ ἀπὸ ἀνατολῶν ἐπὶ πηγάς, καὶ καταβήσεται τὰ ὅρια Βηλὰ ἐπὶ νώτου θαλάσσης Χενάρα ἀπὸ ἀνατολῶν.",22,ܘܢܗܘܐ ܢ̇ܚܬ ܬܚܘܡܐ ܡܢ ܫܦܡ ܠܕܒܠܬ. ܡܢ ܡܕܢܚ ܠܥܝܢ. ܘܢܗܘܐ ܢ̇ܚܬ ܬܚܘܡܐ. ܘܢܗܘܐ ܣ̇ܡܟ ܠܣܛܪܐ ܕܝܡܐ ܕܟܢܪܬ ܡܢ ܡܕܢܚܐ.,19,"este limite descerá de Sefã até Ribla, ao oriente de Aim; depois irá descendo ao longo da borda do mar de Quinerete ao oriente;",24,True,True,True
34,12,Números 34:12,וְיָרַ֤ד הַגְּבוּל֙ הַיַּרְדֵּ֔נָה וְהָי֥וּ תוֹצְאֹתָ֖יו יָ֣ם הַמֶּ֑לַח זֹאת֩ תִּהְיֶ֨ה לָכֶ֥ם הָאָ֛רֶץ לִגְבֻלֹתֶ֖יהָ סָבִֽיב ׃,וירד הגבול הירדנה והיו תוצאתיו ימ המלח זאת תהיה לכמ הארצ לגבלתיה סביב,14,ויחות תחומא לירדנא ויהון מפקנוהי לימא דמלחא דא תהי לכון ארעא לתחומהא סחור סחור:,14,"καὶ καταβήσεται τὰ ὅρια ἐπὶ τὸν Ἰορδάνην, καὶ ἔσται ἡ διέξοδος θάλασσα ἡ ἁλυκή. αὕτη ὑμῖν ἔσται ἡ γῆ καὶ τὰ ὅρια αὐτῆς κύκλῳ.",24,ܘܢܗܘܐ ܢ̇ܚܬ ܬܚܘܡܐ ܠܝܘܪܕܢܢ. ܘܢܗܘܘܢ ܡܦܩ̈ܢܘܗܝ ܠܝܡܐ ܕܡܠܚܐ. ܗܕܐ ܬܗܘܐ ܠܟܘܢ ܐܪܥܐ ܒܬܚ̈ܘܡܝܗ̇ ܟܕ ܚ̇ܕܪܐ.,15,"descerá ainda para o Jordão, e irá terminar no Mar Salgado. Esta será a vossa terra, segundo os seus limites em redor.",22,True,True,True
34,13,Números 34:13,וַיְצַ֣ו מֹשֶׁ֔ה אֶת־ בְּנֵ֥י יִשְׂרָאֵ֖ל לֵאמֹ֑ר זֹ֣את הָאָ֗רֶץ אֲשֶׁ֨ר תִּתְנַחֲל֤וּ אֹתָהּ֙ בְּגוֹרָ֔ל אֲשֶׁר֙ צִוָּ֣ה יְהוָ֔ה לָתֵ֛ת לְתִשְׁעַ֥ת הַמַּטּ֖וֹת וַחֲצִ֥י הַמַּטֶּֽה ׃,ויצו משה את בני ישראל לאמר זאת הארצ אשר תתנחלו אתה בגורל אשר צוה יהוה לתת לתשעת המטות וחצי המטה,21,ופקיד משה ית בני ישראל למימר דא ארעא די תתחסנון יתה בעדבא די פקיד יי למתן לתשעת שבטין ופלגות שבטא:,20,"καὶ ἐνετείλατο Μωυσῆς τοῖς υἱοῖς Ἰσραὴλ λέγων Αὕτη ἡ γῆ ἣν κατακληρονομήσετε αὐτὴν μετὰ κλήρου, ὃν τρόπον συνέταξεν Κύριος τῷ Μωυσῇ δοῦναι αὐτὴν ταῖς ἐννέα φυλαῖς καὶ τῷ ἡμίσει φυλῆς Μανασσή·",31,ܘܦܩܕ ܡܘܫܐ ܠܒܢ̈ܝ ܐܝܣܪܝܠ ܘܐܡܪ ܠܗܘܢ. ܗܕܐ ܗܝ ܐܪܥܐ ܕܬܦܠܓܘܢ ܒ̈ܦܨܐ. ܕܦܩܕ ܡܪܝܐ ܠܡܬܠ ܠܬܫܥܐ ܫܒ̈ܛܝܢ ܘܠܦܠܓܘܬ ܫܒܛܐ .,19,"Moisés, pois, deu ordem aos filhos de Israel, dizendo: Esta é a terra que herdareis por sortes, a qual o Senhor mandou que se desse às nove tribos e à meia tribo;",32,True,True,True
34,14,Números 34:14,כִּ֣י לָקְח֞וּ מַטֵּ֨ה בְנֵ֤י הָראוּבֵנִי֙ לְבֵ֣ית אֲבֹתָ֔ם וּמַטֵּ֥ה בְנֵֽי־ הַגָּדִ֖י לְבֵ֣ית אֲבֹתָ֑ם וַחֲצִי֙ מַטֵּ֣ה מְנַשֶּׁ֔ה לָקְח֖וּ נַחֲלָתָֽם ׃,כי לקחו מטה בני הראובני לבית אבתמ ומטה בני הגדי לבית אבתמ וחצי מטה מנשה לקחו נחלתמ,18,ארי קבילו שבטא דבני ראובן לבית אבהתהון ושבטא דבני גד לבית אבהתהון ופלגות שבטא דמנשה קבילו אחסנתהון:,17,"ὅτι ἔλαβεν φυλὴ υἱῶν Ῥουβὴν καὶ φυλὴ υἱῶν Γὰδ κατ᾽ οἴκους πατριῶν αὐτῶν, καὶ τὸ ἥμισυ φυλῆς Μανασσὴ ἀπέλαβον τοὺς κλήρους αὐτῶν·",22,ܡܛܠ ܕܢܣܒܘ ܫܒܛܐ ܕܒܢ̈ܝ ܪܘܒܝܠ ܠܒܝܬ ܐ̈ܒܗܝܗܘܢ. ܘܫܒܛܐ ܕܒܢ̈ܝ ܓܕ ܠܒܝܬ ܐ̈ܒܗܝܗܘܢ. ܘܦܠܓܗ ܕܫܒܛܐ ܕܡܢܫܐ ܩܒܠܘ ܝܪܬܘܬܗܘܢ.,17,"porque a tribo dos filhos de Rúben, segundo as casas de seus pais, e a tribo dos filhos de Gade, segundo as casas de seus pais, como também a meia tribo de Manassés, já receberam a sua herança;",38,True,True,True
34,15,Números 34:15,שְׁנֵ֥י הַמַּטּ֖וֹת וַחֲצִ֣י הַמַּטֶּ֑ה לָקְח֣וּ נַחֲלָתָ֗ם מֵעֵ֛בֶר לְיַרְדֵּ֥ן יְרֵח֖וֹ קֵ֥דְמָה מִזְרָֽחָה ׃ פ,שני המטות וחצי המטה לקחו נחלתמ מעבר לירדנ ירחו קדמה מזרחה פ,13,תרין שבטין ופלגות שבטא קבילו אחסנתהון מעברא לירדנא דירחו קדומא מדינחא:,11,δύο φυλαὶ καὶ ἥμισυ φυλῆς ἔλαβον τοὺς κλήρους αὐτῶν πέραν τοῦ Ἰορδάνου κατὰ Ἰερειχὼ ἀπὸ νότου κατ᾽ ἀνατολάς.,18,ܬܪ̈ܝܢ ܫ̈ܒܛܝܢ ܘܦܠܓܘܬ ܫܒܛܐ. ܩܒܠܘ ܝܪܬܘܬܗܘܢ ܡܢ ܥܒܪܐ ܕܝܘܪܕܢܢ ܕܐܝܪܝܚܘ. ܩܕܡܝܬ ܬܡܢ ܡܢ ܡܕܢܚܐ.,14,"isto é, duas tribos e meia já receberam a sua herança aquém do Jordão, na altura de Jericó, do lado oriental.",21,True,True,True
34,16,Números 34:16,וַיְדַבֵּ֥ר יְהוָ֖ה אֶל־ מֹשֶׁ֥ה לֵּאמֹֽר ׃,וידבר יהוה אל משה לאמר,6,ומליל יי עם משה למימר:,5,Καὶ ἐλάλησεν Κύριος πρὸς Μωυσῆν λέγων,6,ܘܡܠܠ ܡܪܝܐ ܥܡ ܡܘܫܐ ܘܐܡܪ ܠܗ.,6,Disse mais o Senhor a Moisés:,6,True,True,True
34,17,Números 34:17,אֵ֚לֶּה שְׁמ֣וֹת הָֽאֲנָשִׁ֔ים אֲשֶׁר־ יִנְחֲל֥וּ לָכֶ֖ם אֶת־ הָאָ֑רֶץ אֶלְעָזָר֙ הַכֹּהֵ֔ן וִיהוֹשֻׁ֖עַ בִּן־ נֽוּן ׃,אלה שמות האנשימ אשר ינחלו לכמ את הארצ אלעזר הכהנ ויהושע בנ נונ,14,אלין שמהת גבריא די יחסנון לכון ית ארעא אלעזר כהנא ויהושע בר נון:,13,"Ταῦτα τὰ ὀνόματα τῶν ἀνδρῶν οἳ κληρονομήσουσιν ὑμῖν τὴν γῆν, Ἐλεαζὰρ ὁ ἱερεὺς καὶ Ἰησοῦς ὁ τοῦ Ναυή.",18,ܗܠܝܢ ܫܡ̈ܗܐ ܕܓܒܪ̈ܐ ܕܡܘܪ̈ܬܝܢ ܠܟܘܢ ܐܪܥܐ. ܐܠܝܥܙܪ ܟܗܢܐ. ܘܝܫܘܥ ܒܪ ܢܘܢ.,11,"Estes são os nomes dos homens que vos repartirão a terra por herança: Eleazar, o sacerdote, e Josué, filho de Num;",21,True,True,True
34,18,Números 34:18,וְנָשִׂ֥יא אֶחָ֛ד נָשִׂ֥יא אֶחָ֖ד מִמַּטֶּ֑ה תִּקְח֖וּ לִנְחֹ֥ל אֶת־ הָאָֽרֶץ ׃,ונשיא אחד נשיא אחד ממטה תקחו לנחל את הארצ,10,ורבא חד רבא חד משבטא תסבון לאחסנא ית ארעא:,9,καὶ ἄρχοντα ἕνα ἐκ φυλῆς λήμψεσθε κατακληρονομῆσαι ὑμῖν τὴν γῆν.,10,ܘܚܕ ܚܕ ܪܫܐ ܡܢ ܫܒܛܐ ܕܒܪܘ. ܕܢܦܠܓܘܢ ܠܟܘܢ ܐܪܥܐ.,9,"também tomareis de cada tribo um príncipe, para repartir a terra em herança.",13,True,True,True
34,19,Números 34:19,וְאֵ֖לֶּה שְׁמ֣וֹת הָאֲנָשִׁ֑ים לְמַטֵּ֣ה יְהוּדָ֔ה כָּלֵ֖ב בֶּן־ יְפֻנֶּֽה ׃,ואלה שמות האנשימ למטה יהודה כלב בנ יפנה,9,ואלין שמהת גבריא לשבטא דיהודה כלב בר יפנה:,8,"καὶ ταῦτα τὰ ὀνόματα τῶν ἀνδρῶν· τῆς φυλῆς Ἰούδα, Χαλὲβ υἱὸς Ἰεφοννή.",12,ܘܗܠܝܢ ܫ̈ܡܗܐ ܕܪ̈ܫܐ ܕܓܒܪ̈ܐ . ܡܢ ܫܒܛܐ ܕܝܗܘܕܐ ܟܠܒ ܒܪ ܝܘܦܢܐ.,11,"E estes são os nomes dos homens: Da tribo de Judá, Calebe, filho de Jefoné:",15,True,True,True
34,20,Números 34:20,וּלְמַטֵּה֙ בְּנֵ֣י שִׁמְע֔וֹן שְׁמוּאֵ֖ל בֶּן־ עַמִּיהֽוּד ׃,ולמטה בני שמעונ שמואל בנ עמיהוד,7,ולשבטא דבני שמעון שמואל בר עמיהוד:,6,"τῆς φυλῆς Συμεών, Σαλαμιὴλ υἱὸς Σεμιούδ·",6,ܡܢ ܫܒܛܐ ܕܫܡܥܘܢ ܫܠܡܘܐܝܠ ܒܪ ܥܡܝܗܘܕ.,6,"da tribo dos filhos de Simeão, Semuel, filho de Amiúde;",10,True,True,True
34,21,Números 34:21,לְמַטֵּ֣ה בִנְיָמִ֔ן אֱלִידָ֖ד בֶּן־ כִּסְלֽוֹן ׃,למטה בנימנ אלידד בנ כסלונ,6,לשבטא דבנימן אלידד בר כסלון:,5,"τῆς φυλῆς Βενιαμείν, Ἐλδὰδ υἱὸς Χασλών·",6,ܡܢ ܫܒܛܐ ܕܒܢܝܡܝܢ ܐܠܕܕ ܒܪ ܟܣܠܘܢ.,6,"da tribo de Benjamim, Elidá, filho de Quislom;",8,True,True,True
34,22,Números 34:22,וּלְמַטֵּ֥ה בְנֵי־ דָ֖ן נָשִׂ֑יא בֻּקִּ֖י בֶּן־ יָגְלִֽי ׃,ולמטה בני דנ נשיא בקי בנ יגלי,8,ולשבטא דבני דן רבא בקי בר יגלי:,7,"τῆς φυλῆς Δάν, ἄρχων Βακχεὶρ υἱὸς Ἐγλεί·",7,ܡܢ ܫܒܛܐ ܕܕܢ. ܒܩܝ ܒܪ ܝܓܠܝ.,6,"da tribo dos filhos de Dã o príncipe Buqui, filho de Jógli;",12,True,True,True
34,23,Números 34:23,לִבְנֵ֣י יוֹסֵ֔ף לְמַטֵּ֥ה בְנֵֽי־ מְנַשֶּׁ֖ה נָשִׂ֑יא חַנִּיאֵ֖ל בֶּן־ אֵפֹֽד ׃,לבני יוספ למטה בני מנשה נשיא חניאל בנ אפד,10,לבני יוסף לשבטא דבני מנשה רבא חניאל בר אפד:,9,"τῶν υἱῶν Ἰωσὴφ φυλῆς υἱῶν Μανασσή, ἄρχων Ἁνειὴλ υἱὸς Σουφί·",10,ܡܢ ܫܒܛܐ ܕܝܘܣܦ. ܡܢ ܫܒܛܐ ܕܡܢܫܐ. ܢܚܠܐܝܠ ܒܪ ܐܦܘܕ.,9,"dos filhos de José: da tribo dos filhos de Manassés o príncipe Haniel, filho de Éfode;",16,True,True,True
34,24,Números 34:24,וּלְמַטֵּ֥ה בְנֵֽי־ אֶפְרַ֖יִם נָשִׂ֑יא קְמוּאֵ֖ל בֶּן־ שִׁפְטָֽן ׃,ולמטה בני אפרימ נשיא קמואל בנ שפטנ,8,ולשבטא דבני אפרים רבא קמואל בר שפטן:,7,"τῆς φυλῆς υἱῶν Ἐφράιμ, ἄρχων Καμουὴλ υἱὸς Σαβαθά·",8,ܡܢ ܫܒܛܐ ܕܐܦܪܝܡ. ܩܡܘܐܝܠ ܒܪ ܫܦܛܢ.,6,"da tribo dos filhos de Efraim o príncipe Quemuel, filho de Siftã;",12,True,True,True
34,25,Números 34:25,וּלְמַטֵּ֥ה בְנֵֽי־ זְבוּלֻ֖ן נָשִׂ֑יא אֱלִיצָפָ֖ן בֶּן־ פַּרְנָֽךְ ׃,ולמטה בני זבולנ נשיא אליצפנ בנ פרנכ,8,ולשבטא דבני זבולן רבא אליצפן בר פרנך:,7,"τῆς φυλῆς Ζαβουλών, ἄρχων Ἐλεισαφὰν υἱὸς Φαρνάχ·",7,ܡܢ ܫܒܛܐ ܕܙܒܘܠܘܢ. ܐܠܝܨܦܢ ܒܪ ܦܪܢܟ.,6,"da tribo dos filhos de Zebulom o príncipe Elizafã, filho de Parnaque;",12,True,True,True
34,26,Números 34:26,וּלְמַטֵּ֥ה בְנֵֽי־ יִשָׂשכָ֖ר נָשִׂ֑יא פַּלְטִיאֵ֖ל בֶּן־ עַזָּֽן ׃,ולמטה בני יששכר נשיא פלטיאל בנ עזנ,8,ולשבטא דבני יששכר רבא פלטיאל בר עזן:,7,"τῆς φυλῆς υἱῶν Ἰσσαχάρ, ἄρχων Φαλτειὴλ υἱὸς Ὀζά·",8,ܡܢ ܫܒܛܐ ܕܐܝܣܟܪ. ܦܛܐܝܠ ܒܪ ܥܙܘܪ.,6,"da tribo dos filhos de Issacar o príncipe Paltiel, filho de Azã;",12,True,True,True
34,27,Números 34:27,וּלְמַטֵּ֥ה בְנֵי־ אָשֵׁ֖ר נָשִׂ֑יא אֲחִיה֖וּד בֶּן־ שְׁלֹמִֽי ׃,ולמטה בני אשר נשיא אחיהוד בנ שלמי,8,ולשבטא דבני אשר רבא אחיהוד בר שלמי:,7,"τῆς φυλῆς υἱῶν Ἀσήρ, ἄρχων Ἀχιὼρ υἱὸς Σελεμεί·",8,ܡܢ ܫܒܛܐ ܕܐܫܝܪ. ܐܚܝܗܘܕ ܒܪ ܫܠܘܡܝ.,6,"da tribo dos filhos de Aser o príncipe Aiúde, filho de Selômi;",12,True,True,True
34,28,Números 34:28,וּלְמַטֵּ֥ה בְנֵֽי־ נַפְתָּלִ֖י נָשִׂ֑יא פְּדַהְאֵ֖ל בֶּן־ עַמִּיהֽוּד ׃,ולמטה בני נפתלי נשיא פדהאל בנ עמיהוד,8,ולשבטא דבני נפתלי רבא פדהאל בר עמיהוד:,7,"τῆς φυλῆς Νεφθαλεί, ἄρχων Φαδαὴλ υἱὸς Βενιαμειούδ.",7,ܡܢ ܫܒܛܐ ܕܢܦܬܠܝ. ܦܕܐܝܠ ܒܪ ܥܡܝܗܘܕ.,6,"da tribo dos filhos de Naftali o príncipe Pedael, filho de Amiúde.",12,True,True,True
34,29,Números 34:29,אֵ֕לֶּה אֲשֶׁ֖ר צִוָּ֣ה יְהוָ֑ה לְנַחֵ֥ל אֶת־ בְּנֵֽי־ יִשְׂרָאֵ֖ל בְּאֶ֥רֶץ כְּנָֽעַן ׃ פ,אלה אשר צוה יהוה לנחל את בני ישראל בארצ כנענ פ,12,אלין די פקיד יי לאחסנא ית בני ישראל בארעא דכנען:,10,τούτοις ἐνετείλατο Κύριος καταμερίσαι τοῖς υἱοῖς Ἰσραὴλ ἐν γῇ Χανάαν.,10,ܠܗܠܝܢ ܦܩܕ ܡܪܝܐ ܕܢܘܪܬܘܢ ܠܒܢ̈ܝ ܐܝܣܪܝܠ ܒܐܪܥܐ ܕܟܢܥܢ.,8,Estes são aqueles a quem o Senhor ordenou que repartissem a herança pelos filhos de Israel na terra de Canaã.,20,True,True,True
35,1,Números 35:1,וַיְדַבֵּ֧ר יְהוָ֛ה אֶל־ מֹשֶׁ֖ה בְּעַֽרְבֹ֣ת מוֹאָ֑ב עַל־ יַרְדֵּ֥ן יְרֵח֖וֹ לֵאמֹֽר ׃,וידבר יהוה אל משה בערבת מואב על ירדנ ירחו לאמר,11,ומליל יי עם משה במישריא דמואב על ירדנא דירחו למימר:,10,Καὶ ἐλάλησεν Κύριος πρὸς Μωυσῆν ἐπὶ δυσμῶν Μωὰβ παρὰ τὸν Ἰορδάνην κατὰ Ἰερειχὼ λέγων,14,ܘܡܠܠ ܡܪܝܐ ܥܡ ܡܘܫܐ ܒܥܪܒܘܬ ܡܘܐܒ ܕܥܠ ܝܘܪܕܢܢ ܕܐܝܪܝܚܘ ܘܐܡܪ ܠܗ.,11,"Disse mais o Senhor a Moisés nas planícies de Moabe, junto ao Jordão, na altura de Jericó:",17,True,True,True
35,2,Números 35:2,צַו֮ אֶת־ בְּנֵ֣י יִשְׂרָאֵל֒ וְנָתְנ֣וּ לַלְוִיִּ֗ם מִֽנַּחֲלַ֛ת אֲחֻזָּתָ֖ם עָרִ֣ים לָשָׁ֑בֶת וּמִגְרָ֗שׁ לֶֽעָרִים֙ סְבִיבֹ֣תֵיהֶ֔ם תִּתְּנ֖וּ לַלְוִיִּֽם ׃,צו את בני ישראל ונתנו ללוימ מנחלת אחזתמ ערימ לשבת ומגרש לערימ סביבתיהמ תתנו ללוימ,16,פקד ית בני ישראל ויתנון ללואי מאחסנת אחודתהון קרוין למתב ורוח לקרויא סחרניהון תתנון ללואי:,15,"Σύνταξον τοῖς υἱοῖς Ἰσραὴλ καὶ δώσουσιν τοῖς Λευείταις ἀπὸ τῶν κλήρων κατασχέσεως αὐτῶν πόλεις κατοικεῖν, καὶ τὰ προάστια τῶν πόλεων κύκλῳ αὐτῶν δώσουσιν τοῖς Λευείταις·",25,ܦܩܕ ܠܒܢ̈ܝ ܐܝܣܪܐܝܠ. ܘܢܬܠܘܢ ܠܠܘ̈ܝܐ ܡܢ ܝܘܪܬܢܐ ܕܐܘܚܕܢܗܘܢ ܩܘܪ̈ܝܐ ܠܡܬܒ. ܘܐܓܘܪ̈ܣܐ ܕܩܘܪ̈ܝܐ ܕܒܚܕܪ̈ܝܗܘܢ . ܢܬܠܘܢ ܠܠܘ̈ܝܐ.,16,Dá ordem aos filhos de Israel que da herança da sua possessão dêem aos levitas cidades em que habitem; também dareis aos levitas arrabaldes ao redor delas.,27,True,True,True
35,3,Números 35:3,וְהָי֧וּ הֶֽעָרִ֛ים לָהֶ֖ם לָשָׁ֑בֶת וּמִגְרְשֵׁיהֶ֗ם יִהְי֤וּ לִבְהֶמְתָּם֙ וְלִרְכֻשָׁ֔ם וּלְכֹ֖ל חַיָּתָֽם ׃,והיו הערימ להמ לשבת ומגרשיהמ יהיו לבהמתמ ולרכשמ ולכל חיתמ,11,ויהון קרויא להון למתב ורוחיהון יהון לבעירהון ולקניניהון ולכל חיותהון:,10,"καὶ ἔσονται αὐτοῖς αἱ πόλεις κατοικεῖν, καὶ τὰ ἀφορίσματα αὐτῶν ἔσται τοῖς κτήνεσιν αὐτῶν καὶ πᾶσι τοῖς τετράποσιν αὐτῶν.",19,ܘܢܗܘ̈ܝܢ ܠܗܘܢ ܩܘܪ̈ܝܐ ܠܡܬܒ. ܘܐܓܘܪ̈ܣܝܗܝܢ ܢܗܘܘܢ ܠܒܥܝܪ̈ܗܘܢ ܘܠܩܢܝܢܗܘܢ ܘܠܟܠܗ ܚܝܘܬܗܘܢ.,10,"Terão eles estas cidades para habitarem; e os arrabaldes delas serão para os seus gados, e para a sua fazenda, e para todos os seus animais.",26,True,True,True
35,4,Números 35:4,וּמִגְרְשֵׁי֙ הֶֽעָרִ֔ים אֲשֶׁ֥ר תִּתְּנ֖וּ לַלְוִיִּ֑ם מִקִּ֤יר הָעִיר֙ וָח֔וּצָה אֶ֥לֶף אַמָּ֖ה סָבִֽיב ׃,ומגרשי הערימ אשר תתנו ללוימ מקיר העיר וחוצה אלפ אמה סביב,12,ורוחי קרויא די תתנון ללואי מכותל קרתא ולברא אלף אמין סחור סחור:,12,καὶ τὰ συνκυροῦντα τῶν πόλεων ἃς δώσετε τοῖς Λευείταις ἀπὸ τείχους τῆς πόλεως καὶ ἔξω δισχιλίους πήχεις κύκλῳ·,18,ܘܐܓܘܪ̈ܣܐ ܕܩܘܪ̈ܝܐ ܕܬܬܠܘܢ ܠܠܘ̈ܝܐ. ܡܢ ܐܣܬܐ ܕܩܪܝܬܐ ܘܠܒܪ. ܐܠܦ ܐ̈ܡܝܢ ܟܕ ܚ̇ܕܪܐ.,12,"Os arrabaldes que dareis aos levitas se estenderão, do muro da cidade para fora, mil côvados em redor.",18,True,True,True
35,5,Números 35:5,וּמַדֹּתֶ֞ם מִח֣וּץ לָעִ֗יר אֶת־ פְּאַת־ קֵ֣דְמָה אַלְפַּ֪יִם בָּֽאַמָּ֟ה וְאֶת־ פְּאַת־ נֶגֶב֩ אַלְפַּ֨יִם בָּאַמָּ֜ה וְאֶת־ פְּאַת־ יָ֣ם ׀ אַלְפַּ֣יִם בָּֽאַמָּ֗ה וְאֵ֨ת פְּאַ֥ת צָפ֛וֹן אַלְפַּ֥יִם בָּאַמָּ֖ה וְהָעִ֣יר בַּתָּ֑וֶךְ זֶ֚ה יִהְיֶ֣ה לָהֶ֔ם מִגְרְשֵׁ֖י הֶעָרִֽים ׃,ומדתמ מחוצ לעיר את פאת קדמה אלפימ באמה ואת פאת נגב אלפימ באמה ואת פאת ימ אלפימ באמה ואת פאת צפונ אלפימ באמה והעיר בתוכ זה יהיה להמ מגרשי הערימ,32,ותמשחון מברא לקרתא ית רוח קדומא תרין אלפין באמין וית רוח דרומא תרין אלפין באמין וית רוח מערבא תרין אלפין באמין וית רוח צפונא תרין אלפין באמין וקרתא במציעא דין יהי להון רוחי קרויא:,34,"καὶ μετρήσεις ἔξω τῆς πόλεως τὸ κλίτος τὸ πρὸς ἀνατολὰς δισχιλίους πήχεις, καὶ τὸ κλίτος τὸ πρὸς λίβα δισχιλίους πήχεις, καὶ τὸ κλίτος τὸ πρὸς θάλασσαν δισχιλίους πήχεις, καὶ τὸ κλίτος τὸ πρὸς βορρᾶν δισχιλίους πήχεις· καὶ ἡ πόλις μέσον τούτου ἔσται ὑμῖν, καὶ τὰ ὅμορα τῶν πόλεων.",48,ܘܡܫܘܚ ܡܢ ܠܒܪ ܠܩܪܝܬܐ. ܠܣܛܪܐ ܕܡܕܢܚܐ. ܬܪ̈ܝܢ ܐ̈ܠܦܝܢ ܐܡ̈ܝܢ. ܘܠܣܛܪܐ ܕܬܝܡܢܐ ܬܪ̈ܝܢ ܐ̈ܠܦܝܢ ܐ̈ܡܝܢ. ܘܠܣܛܪܐ ܕܡܥܪܒܐ ܬܪ̈ܝܢ ܐ̈ܠܦܝܢ ܐܡ̈ܝܢ. ܘܠܣܛܪܐ ܕܓܪܒܝܐ ܬܪ̈ܝܢ ܐ̈ܠܦܝܢ ܐܡ̈ܝܢ. ܘܩܪܝܬܐ ܒܡܨܥܬܐ. ܗܢܐ ܢܗܘܐ ܠܟܘܢ ܫܛܚܐ ܕܩܘܪ̈ܝܐ.,31,"E fora da cidade medireis para o lado oriental dois mil côvados, para o lado meridional dois mil côvados, para o lado ocidental dois mil côvados, e para o lado setentrional dois mil côvados; e a cidade estará no meio. Isso terão por arrabaldes das cidades.",46,True,True,True
35,6,Números 35:6,וְאֵ֣ת הֶֽעָרִ֗ים אֲשֶׁ֤ר תִּתְּנוּ֙ לַלְוִיִּ֔ם אֵ֚ת שֵׁשׁ־ עָרֵ֣י הַמִּקְלָ֔ט אֲשֶׁ֣ר תִּתְּנ֔וּ לָנֻ֥ס שָׁ֖מָּה הָרֹצֵ֑חַ וַעֲלֵיהֶ֣ם תִּתְּנ֔וּ אַרְבָּעִ֥ים וּשְׁתַּ֖יִם עִֽיר ׃,ואת הערימ אשר תתנו ללוימ את שש ערי המקלט אשר תתנו לנס שמה הרצח ועליהמ תתנו ארבעימ ושתימ עיר,20,וית קרויא די תתנון ללואי ית שית קרוי שזבותא די תתנון למערק תמן קטולא ועליהון תתנון ארבעין ותרתין קרוין:,19,"καὶ τὰς πόλεις δώσετε τοῖς Λευείταις, τὰς ἓξ πόλεις τῶν φυγαδευτηρίων ἃς δώσετε φεύγειν ἐκεῖ τῷ φονεύσαντι, καὶ πρὸς ταύταις τεσσεράκοντα καὶ δύο πόλεις·",24,ܘܩܘܪ̈ܝܐ ܕܝ̇ܗܒܝܢ ܐܢܬܘܢ ܠܠܘ̈ܝܐ. ܫܬ ܩܘܪ̈ܝܐ ܕܒܝܬ ܓܘܣܐ ܢܗ̈ܘܝܢ ܠܟܘܢ. ܕܢܗܘܐ ܥ̇ܪܩ ܠܬܡܢ ܩܛܘܠܐ. ܕܩ̇ܛܠ ܠܚܒܪܗ ܕܠܐ ܒܨܒܝܢܗ . ܘܥܠܝܗܝܢ ܐܪܡܘ ܐܪ̈ܒܥܝܢ ܘܬܪ̈ܬܝܢ ܩܘܪ̈ܝܐ.,24,"Entre as cidades que dareis aos levitas haverá seis cidades de refúgio, as quais dareis para que nelas se acolha o homicida; e além destas lhes dareis quarenta e duas cidades.",31,True,True,True
35,7,Números 35:7,כָּל־ הֶעָרִ֗ים אֲשֶׁ֤ר תִּתְּנוּ֙ לַלְוִיִּ֔ם אַרְבָּעִ֥ים וּשְׁמֹנֶ֖ה עִ֑יר אֶתְהֶ֖ן וְאֶת־ מִגְרְשֵׁיהֶֽן ׃,כל הערימ אשר תתנו ללוימ ארבעימ ושמנה עיר אתהנ ואת מגרשיהנ,12,כל קרויא די תתנון ללואי ארבעין ותמני קרוין יתהן וית רוחיהן:,11,"πάσας τὰς πόλεις δώσετε τοῖς Λευείταις καὶ τεσσεράκοντα καὶ ὀκτὼ πόλεις, ταύτας καὶ τὰ προάστια αὐτῶν.",16,ܟܠܗܝܢ ܩܘܪ̈ܝܐ ܕܝܗܒܝܢ ܐܢܬܘܢ ܠܠܘ̈ܝܐ. ܐܪ̈ܒܥܝܢ ܘܬܡܢܐ ܩܘܪ̈ܝܐ. ܗ̈ܢܝܢ ܘܫ̈ܛܚܝܗܝܢ.,10,"Todas as cidades que dareis aos levitas serão quarenta e oito, juntamente com os seus arrabaldes.",16,True,True,True
35,8,Números 35:8,וְהֶֽעָרִ֗ים אֲשֶׁ֤ר תִּתְּנוּ֙ מֵאֲחֻזַּ֣ת בְּנֵי־ יִשְׂרָאֵ֔ל מֵאֵ֤ת הָרַב֙ תַּרְבּ֔וּ וּמֵאֵ֥ת הַמְעַ֖ט תַּמְעִ֑יטוּ אִ֗ישׁ כְּפִ֤י נַחֲלָתוֹ֙ אֲשֶׁ֣ר יִנְחָ֔לוּ יִתֵּ֥ן מֵעָרָ֖יו לַלְוִיִּֽם ׃ פ,והערימ אשר תתנו מאחזת בני ישראל מאת הרב תרבו ומאת המעט תמעיטו איש כפי נחלתו אשר ינחלו יתנ מעריו ללוימ פ,22,וקרויא די תתנון מאחודת בני ישראל מן סגיאי תסגון ומן זעירי תזעירון גבר כפום אחסנתיה די יחסנון יתן מקרווהי ללואי:,20,"καὶ τὰς πόλεις ἃς δώσετε ἀπὸ τῆς κατασχέσεως υἱῶν Ἰσραήλ, ἀπὸ τῶν τὰ πολλὰ πολλά, καὶ ἀπὸ τῶν ἐλαττόνων ἐλάττω· ἕκαστος κατὰ τὴν κληρονομίαν αὐτοῦ ἣν κληρονομήσουσιν, δώσουσιν ἀπὸ τῶν πόλεων τοῖς Λευείταις.",33,ܘܩܘܪ̈ܝܐ ܕܝ̇ܗܒܝܢ ܐܢܬܘܢ ܡܢ ܝܪܬܘܬܐ ܕܒܢ̈ܝ ܐܝܣܪܝܠ. ܡܢ ܣ̈ܓܝܐܐ ܬܣܓܘܢ. ܘܡܢ ܙܥܘܪ̈ܐ ܬܙܥܪܘܢ. ܐܢܫ ܐܝܟ ܠܦܘܬ ܝܪܬܘܬܐ ܕܝ̇ܪܬ ܢܬܠ ܡܢ ܩܘܪ̈ܝܗ̇ ܠܠܘ̈ܝܐ.,22,"Ora, no tocante às cidades que dareis da possessão dos filhos de Israel, da tribo que for grande tomareis muitas, e da que for pequena tomareis poucas; cada uma segundo a herança que receber dará as suas cidades aos levitas.",40,True,True,True
35,9,Números 35:9,וַיְדַבֵּ֥ר יְהוָ֖ה אֶל־ מֹשֶׁ֥ה לֵּאמֹֽר ׃,וידבר יהוה אל משה לאמר,6,ומליל יי עם משה למימר:,5,Καὶ ἐλάλησεν Κύριος πρὸς Μωυσῆν λέγων,6,ܘܡܠܠ ܡܪܝܐ ܥܡ ܡܘܫܐ ܘܐܡܪ ܠܗ.,6,Disse mais o Senhor a Moisés:,6,True,True,True
35,10,Números 35:10,דַּבֵּר֙ אֶל־ בְּנֵ֣י יִשְׂרָאֵ֔ל וְאָמַרְתָּ֖ אֲלֵהֶ֑ם כִּ֥י אַתֶּ֛ם עֹבְרִ֥ים אֶת־ הַיַּרְדֵּ֖ן אַ֥רְצָה כְּנָֽעַן ׃,דבר אל בני ישראל ואמרת אלהמ כי אתמ עברימ את הירדנ ארצה כנענ,14,מלל עם בני ישראל ותימר להון ארי אתון עברין ית ירדנא לארעא דכנען:,13,"Λάλησον τοῖς υἱοῖς Ἰσραὴλ καὶ ἐρεῖς πρὸς αὐτούς Ὑμεῖς διαβαίνετε τὸν Ἰορδάνην εἰς γῆν Χανάαν,",15,ܡܠܠ ܥܡ ܒܢ̈ܝ ܐܝܣܪܝܠ ܘܐܡܪ ܠܗܘܢ. ܡܐ ܕܥܒܪܬܘܢ ܝܘܪܕܢܢ ܠܐܪܥܐ ܕܟܢܥܢ.,11,"Fala aos filhos de Israel, e dize-lhes: Quando passardes o Jordão para a terra de Canaã,",16,True,True,True
35,11,Números 35:11,וְהִקְרִיתֶ֤ם לָכֶם֙ עָרִ֔ים עָרֵ֥י מִקְלָ֖ט תִּהְיֶ֣ינָה לָכֶ֑ם וְנָ֥ס שָׁ֨מָּה֙ רֹצֵ֔חַ מַכֵּה־ נֶ֖פֶשׁ בִּשְׁגָגָֽה ׃,והקריתמ לכמ ערימ ערי מקלט תהיינה לכמ ונס שמה רצח מכה נפש בשגגה,14,ותזמנון לכון קרוין קרוי שזבותא יהוין לכון ויערוק לתמן קטולא דיקטול נפשא בשלו:,13,"καὶ διαστελεῖτε ὑμῖν αὐτοῖς πόλεις· φυγαδευτήρια ἔσται ὑμῖν, φυγεῖν ἐκεῖ τὸν φονευτήν, πᾶς ὁ πατάξας ψυχὴν ἀκουσίως.",17,ܛܝܒܘ ܠܟܘܢ ܩܘܪ̈ܝܐ ܕܒܝܬ ܓܘܣܐ ܕܢܗ̈ܘܝܢ ܠܟܘܢ. ܕܢܥܪܘܩ ܠܬܡܢ ܩܛܘܠܐ. ܐܝܢܐ ܕܢܩܛܘܠ ܢܦܫܐ ܒܛܘܥܝܝ.,14,"escolhereis para vós cidades que vos sirvam de cidades de refúgio, para que se refugie ali o homicida que tiver matado alguém involuntariamente.",23,True,True,True
35,12,Números 35:12,וְהָי֨וּ לָכֶ֧ם הֶעָרִ֛ים לְמִקְלָ֖ט מִגֹּאֵ֑ל וְלֹ֤א יָמוּת֙ הָרֹצֵ֔חַ עַד־ עָמְד֛וֹ לִפְנֵ֥י הָעֵדָ֖ה לַמִּשְׁפָּֽט ׃,והיו לכמ הערימ למקלט מגאל ולא ימות הרצח עד עמדו לפני העדה למשפט,14,ויהון לכון קרויא לשזבא מגאל דמא ולא ימות קטולא עד דיקום קדם כנשתא לדינא:,14,"καὶ ἔσονται αἱ πόλεις ὑμῖν φυγαδευτήρια ἀπὸ ἀγχιστεύοντος τὸ αἷμα, καὶ οὐ μὴ ἀποθάνῃ ὁ φονεύων ἕως ἂν στῇ ἔναντι τῆς συναγωγῆς εἰς κρίσιν.",24,ܘܢܗ̈ܘܝܢ ܠܟܘܢ ܗܠܝܢ ܩܘܪ̈ܝܐ ܠܒܝܬ ܓܘܣܐ. ܡܢ ܬܒ̇ܥ ܥܝܪܬܐ ܕܕܡܐ. ܘܠܐ ܢܬܩܛܠ ܩܛܘܠܐ ܥܕܡܐ ܕܩ̇ܐܡ ܩܕܡ ܟܢܘܫܬܐ ܒܕܝܢܐ.,18,"E estas cidades vos serão por refúgio do vingador, para que não morra o homicida antes de ser apresentado perante a congregação para julgamento.",24,True,True,True
35,13,Números 35:13,וְהֶעָרִ֖ים אֲשֶׁ֣ר תִּתֵּ֑נוּ שֵׁשׁ־ עָרֵ֥י מִקְלָ֖ט תִּהְיֶ֥ינָה לָכֶֽם ׃,והערימ אשר תתנו שש ערי מקלט תהיינה לכמ,9,וקרויא די תתנון שית קרוי שזבותא יהוין לכון:,8,"καὶ αἱ πόλεις ἃς δώσετε, τὰς ἓξ πόλεις, φυγαδευτήρια ἔσονται ὑμῖν·",11,ܘܩܘܪ̈ܝܐ ܕܝ̇ܗܒܝܢ ܐܢܬܘܢ ܫܬ ܩܘܪ̈ܝܐ ܕܒܝܬ ܓܘܣܐ ܢܗܘܝܢ ܠܟܘܢ.,9,Serão seis as cidades que haveis de dar por cidades de refúgio para vós.,14,True,True,True
35,14,Números 35:14,אֵ֣ת ׀ שְׁלֹ֣שׁ הֶעָרִ֗ים תִּתְּנוּ֙ מֵעֵ֣בֶר לַיַּרְדֵּ֔ן וְאֵת֙ שְׁלֹ֣שׁ הֶֽעָרִ֔ים תִּתְּנ֖וּ בְּאֶ֣רֶץ כְּנָ֑עַן עָרֵ֥י מִקְלָ֖ט תִּהְיֶֽינָה ׃,את שלש הערימ תתנו מעבר לירדנ ואת שלש הערימ תתנו בארצ כנענ ערי מקלט תהיינה,17,ית תלת קרויא תתנון מעברא לירדנא וית תלת קרויא תתנון בארעא דכנען קרוי שזבותא יהוין:,15,"τρεῖς πόλεις δώσετε πέραν τοῦ Ἰορδάνου, καὶ τὰς τρεῖς πόλεις δώσετε ἐν τῇ γῇ Χανάαν.",15,ܬܠܬ ܩܘܪ̈ܝܐ ܗܒܘ ܒܥܒܪܐ ܕܝܘܪܕܢܢ. ܘܬܠܬ ܩܘܪ̈ܝܐ ܗܒܘ ܒܐܪܥܐ ܕܟܢܥܢ. ܩܘܪ̈ܝܐ ܕܒܝܬ ܓܘܣܐ ܢܗ̈ܘܝܢ.,14,"Dareis três cidades aquém do Jordão, e três na terra de Canaã; cidades de refúgio serão.",16,True,True,True
35,15,Números 35:15,לִבְנֵ֣י יִשְׂרָאֵ֗ל וְלַגֵּ֤ר וְלַתּוֹשָׁב֙ בְּתוֹכָ֔ם תִּהְיֶ֛ינָה שֵׁשׁ־ הֶעָרִ֥ים הָאֵ֖לֶּה לְמִקְלָ֑ט לָנ֣וּס שָׁ֔מָּה כָּל־ מַכֵּה־ נֶ֖פֶשׁ בִּשְׁגָגָֽה ׃,לבני ישראל ולגר ולתושב בתוכמ תהיינה שש הערימ האלה למקלט לנוס שמה כל מכה נפש בשגגה,17,לבני ישראל ולגיורא ולתותביא דביניכון יהוין שית קרויא האלין לשזבא למערוק לתמן כל דיקטול נפשא בשלו:,16,"φυγάδιον ἔσται τοῖς υἱοῖς Ἰσραήλ, καὶ τῷ προσηλύτῳ τῷ παροίκῳ τῷ ἐν ὑμῖν· ἔσονται αἱ πόλεις αὗται εἰς φυγαδευτήριον, φυγεῖν ἐκεῖ παντὶ πατάξαντι ψυχὴν ἀκουσίως.",25,ܠܒܢ̈ܝ ܐܝܣܪܝܠ. ܘܠܐܝܢܐ ܕܡܬܦܢܐ ܠܘܬܝ ܘܠܐܝܠܝܢ ܕܥ̇ܡܪܝܢ ܒܝܢܬܟܘܢ. ܘܢܗ̈ܘܝܢ ܠܟܘܢ ܗܠܝܢ ܫܬ ܩܘܪ̈ܝܐ ܠܒܝܬ ܓܘܣܐ. ܕܢܥܪܘܩ ܠܗܝܢ ܟܠ ܕܩ̇ܛܠ ܢܦܫܐ ܒܛܘܥܝܝ.,21,"Estas seis cidades serão por refúgio aos filhos de Israel, ao estrangeiro, e ao peregrino no meio deles, para que se refugie ali todo aquele que tiver matado alguém involuntariamente.",30,True,True,True
35,16,Números 35:16,וְאִם־ בִּכְלִ֨י בַרְזֶ֧ל ׀ הִכָּ֛הוּ וַיָּמֹ֖ת רֹצֵ֣חַֽ ה֑וּא מ֥וֹת יוּמַ֖ת הָרֹצֵֽחַ ׃,ואמ בכלי ברזל הכהו וימת רצח הוא מות יומת הרצח,12,ואם במאן דפרזלא מחהי וקטליה קטולא הוא אתקטלא יתקטל קטולא:,10,"ἐὰν δὲ ἐν σκεύει σιδήρου πατάξῃ αὐτὸν καὶ τελευτήσῃ, φονευτής ἐστιν· θανάτῳ θανατούσθω ὁ φονευτής.",15,ܘܐܢ ܒܡܐܢܐ ܕܦܪܙܠܐ ܡܚܝܗܝ ܐܝܟ ܕܢܡܘܬ ܘܡܝܬ. ܩܛܘܠܐ ܗܘ. ܡܬܩܛܠܘ ܢܬܩܛܠ ܩܛܘܠܐ ܗ̇ܘ.,13,"Mas se alguém ferir a outrem com instrumento de ferro de modo que venha a morrer, homicida é; e o homicida será morto.",23,True,True,True
35,17,Números 35:17,וְאִ֡ם בְּאֶ֣בֶן יָד֩ אֲשֶׁר־ יָמ֨וּת בָּ֥הּ הִכָּ֛הוּ וַיָּמֹ֖ת רֹצֵ֣חַֽ ה֑וּא מ֥וֹת יוּמַ֖ת הָרֹצֵֽחַ ׃,ואמ באבנ יד אשר ימות בה הכהו וימת רצח הוא מות יומת הרצח,14,ואם באבנא דמתנסבא בידא דהיא כמסת די ימות בה מחהי וקטליה קטולא הוא אתקטלא יתקטל קטולא:,16,"ἐὰν δὲ ἐν λίθῳ ἐκ χειρὸς ἐν ᾧ ἀποθανεῖται ἐν αὐτῷ πατάξῃ αὐτόν, καὶ ἀποθάνῃ, φονευτής ἐστιν· θανάτῳ θανατούσθω ὁ φονευτής.",21,ܘܐܢ ܒܟܐܦܐ ܒܐܝܕܐ ܡܚܝܗܝ ܐܝܟ ܕܢܡܘܬ ܘܡܝܬ. ܩܛܘܠܐ ܗ̇ܘ ܡܬܩܛܠܘ ܢܬܩܛܠ.,11,"Ou se o ferir com uma pedra na mão, que possa causar a morte, e ele morrer, homicida é; e o homicida será morto.",24,True,True,True
35,18,Números 35:18,א֡וֹ בִּכְלִ֣י עֵֽץ־ יָד֩ אֲשֶׁר־ יָמ֨וּת בּ֥וֹ הִכָּ֛הוּ וַיָּמֹ֖ת רֹצֵ֣חַֽ ה֑וּא מ֥וֹת יוּמַ֖ת הָרֹצֵֽחַ ׃,או בכלי עצ יד אשר ימות בו הכהו וימת רצח הוא מות יומת הרצח,15,או במאן דעא דמתנסב בידא דהיא כמסת די ימות ביה מחהי וקטליה קטולא הוא אתקטלא יתקטל קטולא:,17,"ἐὰν δὲ ἐν σκεύει ξυλίνῳ ἐκ χειρὸς ἐξ οὗ ἀποθανεῖται ἐν αὐτῷ πατάξῃ αὐτόν, καὶ ἀποθάνῃ, φονευτής ἐστιν· θανάτῳ θανατούσθω ὁ φονευτής·",22,ܘܐܢ ܒܡܐܢܐ ܕܩܝܣܐ ܒܐܝܕܐ ܡܚܝܗܝ ܐܝܟ ܕܢܡܘܬ ܘܡܝܬ. ܩ̇ܛܘܠܐ ܗܘ ܡܬܩܛܠܘ ܢܬܩܛܠ .,13,"Ou se o ferir com instrumento de pau na mão, que possa causar a morte, e ele morrer, homicida é; será morto o homicida.",24,True,True,True
35,19,Números 35:19,גֹּאֵ֣ל הַדָּ֔ם ה֥וּא יָמִ֖ית אֶת־ הָרֹצֵ֑חַ בְּפִגְעוֹ־ ב֖וֹ ה֥וּא יְמִיתֶֽנּוּ ׃,גאל הדמ הוא ימית את הרצח בפגעו בו הוא ימיתנו,11,גאל דמא הוא יקטול ית קטולא כד אתחיב ליה מן דינא הוא יקטלניה:,13,"ὁ ἀγχιστεύων τὸ αἷμα, οὗτος ἀποκτενεῖ τὸν φονεύσαντα· ὅταν συναντήσῃ αὐτῷ οὗτος, ἀποκτενεῖ αὐτόν.",14,ܬܒ̇ܥ ܥܝܪܬܐ ܕܕܡܐ. ܗܘ ܢܩܛܠܝܘܗܝ ܠܩܛܘܠܐ ܡܐ ܕܦ̇ܓܥ ܒܗ.,9,"O vingador do sangue matará ao homicida; ao encontrá-lo, o matará.",11,True,True,True
35,20,Números 35:20,וְאִם־ בְּשִׂנְאָ֖ה יֶהְדָּפֶ֑נּוּ אֽוֹ־ הִשְׁלִ֥יךְ עָלָ֛יו בִּצְדִיָּ֖ה וַיָּמֹֽת ׃,ואמ בשנאה יהדפנו או השליכ עליו בצדיה וימת,9,ואם בסנאה דחהי או רמא עלוהי בכמנא וקטליה:,8,"ἐὰν δὲ δι᾽ ἔχθραν ὤσῃ αὐτὸν καὶ ἐπιρίψει ἐπ᾽ αὐτὸν πᾶν σκεῦος ἐξ ἐνέδρου, καὶ ἀποθάνῃ,",16,ܘܐܢ ܒܣܢܐܬܐ ܡܚܝܗܝ. ܐܘ ܫܕܐ ܒܗ ܒܢܟܠܐ ܘܡܝܬ. ܩܛܘܠܐ ܗ̇ܘ.,10,"Ou se alguém empurrar a outrem por ódio ou de emboscada lançar contra ele alguma coisa de modo que venha a morrer,",22,True,True,True
35,21,Números 35:21,א֣וֹ בְאֵיבָ֞ה הִכָּ֤הוּ בְיָדוֹ֙ וַיָּמֹ֔ת מֽוֹת־ יוּמַ֥ת הַמַּכֶּ֖ה רֹצֵ֣חַֽ ה֑וּא גֹּאֵ֣ל הַדָּ֗ם יָמִ֛ית אֶת־ הָרֹצֵ֖חַ בְּפִגְעוֹ־ בֽוֹ ׃,או באיבה הכהו בידו וימת מות יומת המכה רצח הוא גאל הדמ ימית את הרצח בפגעו בו,18,או בדבבו מחהי בידיה וקטליה אתקטלא יתקטל מחיא קטולא הוא גאל דמא יקטול ית קטולא כד אתחיב ליה מן דינא:,20,"ἢ διὰ μῆνιν ἐπάταξεν αὐτὸν τῇ χειρί, καὶ ἀποθάνῃ, θανάτῳ θανατούσθω ὁ πατάξας, φονευτής ἐστιν· θανάτῳ θανατούσθω ὁ φονεύων· ὁ ἀγχιστεύων τὸ αἷμα ἀποκτενεῖ τὸν φονεύσαντα ἐν τῷ συναντῆσαι αὐτῷ.",30,ܒܒܥܠܕܒܒܘܬܐ ܡܚܝܗܝ ܒܐܝܕܗ ܐܝܟ ܕܢܡܘܬ ܘܡܝܬ. ܩܛܘܠܐ ܗܘ ܡܬܩܛܠܘ ܢܬܩܛܠ. ܬܒ̇ܥ ܥܝܪܬܐ ܕܕܡܐ ܗܘ ܢܩܛܠܝܘܗܝ ܠܩܛܘܠܐ ܡܐ ܕܦ̇ܓܥ ܒܗ.,19,"ou por inimizade o ferir com a mão de modo que venha a morrer, será morto aquele que o feriu; homicida é. O vingador do sangue, ao encontrá-lo, o matará.",30,True,True,True
35,22,Números 35:22,וְאִם־ בְּפֶ֥תַע בְּלֹא־ אֵיבָ֖ה הֲדָפ֑וֹ אוֹ־ הִשְׁלִ֥יךְ עָלָ֛יו כָּל־ כְּלִ֖י בְּלֹ֥א צְדִיָּֽה ׃,ואמ בפתע בלא איבה הדפו או השליכ עליו כל כלי בלא צדיה,13,ואם בתכף בלא דבבו דחהי או רמא עלוהי כל מאן בלא כמן ליה:,13,"ἐὰν δὲ ἐξάπινα οὐ δι᾽ ἔχθραν ὤσῃ αὐτὸν ἢ ἐπιρίψῃ ἐπ᾽ αὐτὸν πᾶν σκεῦος οὐκ ἐξ ἐνέδρου,",17,ܘܐܢ ܡܢ ܫܠܝܐ ܕܠܐ ܒܥܠܕܒܒܘܬܐ ܡܚܝܗܝ. ܐܘ ܫܕܐ ܒܗ ܟܠ ܡܐܢ ܕܠܐ ܒܢܟܠܐ .,14,"Mas se o empurrar acidentalmente, sem inimizade, ou contra ele lançar algum instrumento, sem ser de emboscada,",17,True,True,True
35,23,Números 35:23,א֣וֹ בְכָל־ אֶ֜בֶן אֲשֶׁר־ יָמ֥וּת בָּהּ֙ בְּלֹ֣א רְא֔וֹת וַיַּפֵּ֥ל עָלָ֖יו וַיָּמֹ֑ת וְהוּא֙ לֹא־ אוֹיֵ֣ב ל֔וֹ וְלֹ֥א מְבַקֵּ֖שׁ רָעָתֽוֹ ׃,או בכל אבנ אשר ימות בה בלא ראות ויפל עליו וימת והוא לא אויב לו ולא מבקש רעתו,19,או בכל אבנא דהיא כמסת די ימות בה בלא חזי ורמא עלוהי וקטליה והוא לא סני ליה ולא תבע בישתיה:,20,"ἢ παντὶ λίθῳ ἐν ᾧ ἀποθανεῖται ἐν αὐτῷ οὐκ εἰδώς, καὶ ἐπιπέσῃ ἐπ᾽ αὐτόν, καὶ ἀποθάνῃ, αὐτὸς δὲ οὐκ ἐχθρὸς αὐτοῦ ἦν οὐδὲ ζητῶν κακοποιῆσαι αὐτόν·",26,ܐܘ ܒܟܠ ܟܐܦ ܕܩܛܠܐ. ܕܟܕ ܠܐ ܚܙܐ ܫܕܐ ܥܠܘܗܝ ܘܡܝܬ. ܘܠܐ ܗܘܐ ܒܥܠܕܒܒܗ. ܘܠܐ ܨ̇ܒܐ ܗܘܐ ܠܒܝܫܬܗ .,18,"ou sobre ele atirar alguma pedra, não o vendo, e o ferir de modo que venha a morrer, sem que fosse seu inimigo nem procurasse o seu mal,",28,True,True,True
35,24,Números 35:24,וְשָֽׁפְטוּ֙ הָֽעֵדָ֔ה בֵּ֚ין הַמַּכֶּ֔ה וּבֵ֖ין גֹּאֵ֣ל הַדָּ֑ם עַ֥ל הַמִּשְׁפָּטִ֖ים הָאֵֽלֶּה ׃,ושפטו העדה בינ המכה ובינ גאל הדמ על המשפטימ האלה,11,וידונון כנשתא בין מחיא ובין גאל דמא על דיניא האלין:,10,καὶ κρινεῖ ἡ συναγωγὴ ἀνὰ μέσον τοῦ πατάξαντος καὶ ἀνὰ μέσον τοῦ ἀγχιστεύοντος τὸ αἷμα κατὰ τὰ κρίματα ταῦτα.,19,ܬܕܘܢ ܟܢܘܫܬܐ ܒܝܬ ܩܛܘܠܐ ܠܬܒ̇ܥ ܥܝܪܬܐ ܕܕܡܐ ܥܠ ܕܝ̈ܢܐ ܗܠܝܢ.,10,"então a congregação julgará entre aquele que feriu e o vingador do sangue, segundo estas leis,",16,True,True,True
35,25,Números 35:25,וְהִצִּ֨ילוּ הָעֵדָ֜ה אֶת־ הָרֹצֵ֗חַ מִיַּד֮ גֹּאֵ֣ל הַדָּם֒ וְהֵשִׁ֤יבוּ אֹתוֹ֙ הָֽעֵדָ֔ה אֶל־ עִ֥יר מִקְלָט֖וֹ אֲשֶׁר־ נָ֣ס שָׁ֑מָּה וְיָ֣שַׁב בָּ֗הּ עַד־ מוֹת֙ הַכֹּהֵ֣ן הַגָּדֹ֔ל אֲשֶׁר־ מָשַׁ֥ח אֹת֖וֹ בְּשֶׁ֥מֶן הַקֹּֽדֶשׁ ׃,והצילו העדה את הרצח מיד גאל הדמ והשיבו אתו העדה אל עיר מקלטו אשר נס שמה וישב בה עד מות הכהנ הגדל אשר משח אתו בשמנ הקדש,28,וישזבון כנשתא ית קטולא מיד גאל דמא ויתיבון יתיה כנשתא לקרית שזבותיה די ערק לתמן ויתב בה עד דימות כהנא רבא די רבי יתיה במשח קודשא:,26,"καὶ ἐξελεῖται ἡ συναγωγὴ τὸν φονεύσαντα ἀπὸ τοῦ ἀγχιστεύοντος τὸ αἷμα, καὶ ἀποκαταστήσουσιν αὐτὸν ἡ συναγωγὴ εἰς τὴν πόλιν τοῦ φυγαδευτηρίου αὐτοῦ οὗ κατέφυγεν, καὶ κατοικήσῃ ἐκεῖ ἕως ἂν ἀποθάνῃ ὁ ἱερεὺς ὁ μέγας, ὃν ἔχρισαν αὐτὸν τῷ ἐλαίῳ τῷ ἁγίῳ.",41,ܘܬܦܨܝܘܗܝ ܟܢܘܫܬܐ ܠܩܛܘܠܐ ܡܢ ܬܒ̇ܥ ܥܝܪܬܐ ܕܕܡܐ. ܘܬܫܕܪܝܘܗܝ ܟܢܘܫܬܐ ܠܩܪܝܬܐ ܕܒܝܬ ܓܘܣܐ ܕܥܪܩ ܗܘܐ ܠܗ̇. ܘܢܬܒ ܒܗ̇ ܥܕܡܐ ܕܢܡܘܬ ܟܗܢܐ ܪܒܐ ܕܐܬܡܫܚ ܒܡܫܚܐ ܕܩܘܕܫܐ.,24,"e a congregação livrará o homicida da mão do vingador do sangue, fazendo-o voltar à sua cidade de refúgio a que se acolhera; ali ficará ele morando até a morte do sumo sacerdote, que foi ungido com o óleo sagrado.",40,True,True,True
35,26,Números 35:26,וְאִם־ יָצֹ֥א יֵצֵ֖א הָרֹצֵ֑חַ אֶת־ גְּבוּל֙ עִ֣יר מִקְלָט֔וֹ אֲשֶׁ֥ר יָנ֖וּס שָֽׁמָּה ׃,ואמ יצא יצא הרצח את גבול עיר מקלטו אשר ינוס שמה,12,ואם מפק יפוק קטולא ית תחום קרית שזבותיה די ערק לתמן:,11,"ἐὰν δὲ ἐξόδῳ ἐξέλθῃ ὁ φονεύσας τὰ ὅρια τῆς πόλεως εἰς ἣν κατέφυγεν ἐκεῖ,",14,ܘܐܢ ܢܦܘܩ ܩܛܘܠܐ ܠܒܪ ܡܢ ܬܚ̈ܘܡܐ ܕܩܪܝܬܐ ܕܒܝܬ ܓܘܣܐ ܕܥܪܩ ܠܗ̇.,11,"Mas, se de algum modo o homicida sair dos limites da sua cidade de refúgio, onde se acolhera,",18,True,True,True
35,27,Números 35:27,וּמָצָ֤א אֹתוֹ֙ גֹּאֵ֣ל הַדָּ֔ם מִח֕וּץ לִגְב֖וּל עִ֣יר מִקְלָט֑וֹ וְרָצַ֞ח גֹּאֵ֤ל הַדָּם֙ אֶת־ הָ֣רֹצֵ֔חַ אֵ֥ין ל֖וֹ דָּֽם ׃,ומצא אתו גאל הדמ מחוצ לגבול עיר מקלטו ורצח גאל הדמ את הרצח אינ לו דמ,17,וישכח יתיה גאל דמא מברא לתחום קרית שזבותיה ויקטול גאל דמא ית קטולא לית ליה דמא:,16,"καὶ εὕρῃ αὐτὸν ὁ ἀγχιστεύων τὸ αἷμα ἔξω τῶν ὁρίων τῆς πόλεως καταφυγῆς αὐτοῦ, καὶ φονεύσῃ ὁ ἀγχιστεύων τὸ αἷμα τὸν φονεύσαντα, οὐκ ἔνοχός ἐστιν·",25,ܘܢܫܟܚܘܗܝ ܬܒ̇ܥ ܥܝܪܬܐ ܕܕܡܐ. ܠܒܪ ܡܢ ܬܚ̈ܘܡܐ ܕܩܪܝܬܐ ܕܒܝܬ ܓܘܣܐ. ܘܢܩܛܘܠ ܬܒ̇ܥ ܥܝܪܬܐ ܕܕܡܐ ܠܩܛܘܠܐ. ܠܝܬ ܠܗ ܥܝܪܬܐ.,18,"e o vingador do sangue o achar fora dos limites da sua cidade de refúgio, e o matar, não será culpado de sangue;",23,True,True,True
35,28,Números 35:28,כִּ֣י בְעִ֤יר מִקְלָטוֹ֙ יֵשֵׁ֔ב עַד־ מ֖וֹת הַכֹּהֵ֣ן הַגָּדֹ֑ל וְאַחֲרֵ֥י מוֹת֙ הַכֹּהֵ֣ן הַגָּדֹ֔ל יָשׁוּב֙ הָרֹצֵ֔חַ אֶל־ אֶ֖רֶץ אֲחֻזָּתֽוֹ ׃,כי בעיר מקלטו ישב עד מות הכהנ הגדל ואחרי מות הכהנ הגדל ישוב הרצח אל ארצ אחזתו,18,ארי בקרית שזבותיה יתב עד דימות כהנא רבא ובתר דימות כהנא רבא יתוב קטולא לארע אחסנתיה:,16,ἐν γὰρ τῇ πόλει τῆς καταφυγῆς κατοικείτω ἕως ἂν ἀποθάνῃ ὁ ἱερεὺς ὁ μέγας· μετὰ τὸ ἀποθανεῖν τὸν ἱερέα τὸν μέγαν ἐπαναστραφήσεται ὁ φονεύσας εἰς τὴν γῆν τῆς κατασχέσεως αὐτοῦ.,30,ܡܛܠ ܗܢܐ ܒܩܪܝܬܐ ܕܒܝܬ ܓܘܣܐ ܢܬܒ ܥܕܡܐ ܕܢܡܘܬ ܟܗܢܐ ܪܒܐ. ܘܡܐ ܕܡܝܬ ܟܗܢܐ ܪܒܐ. ܢܗܦܘܟ ܩܛܘܠܐ ܠܐܪܥܐ ܕܝܪܬܘܬܗ.,18,pois o homicida deverá ficar na sua cidade de refúgio até a morte do sumo sacerdote; mas depois da morte do sumo sacerdote o homicida voltará para a terra da sua possessão.,32,True,True,True
35,29,Números 35:29,וְהָי֨וּ אֵ֧לֶּה לָכֶ֛ם לְחֻקַּ֥ת מִשְׁפָּ֖ט לְדֹרֹתֵיכֶ֑ם בְּכֹ֖ל מוֹשְׁבֹתֵיכֶֽם ׃,והיו אלה לכמ לחקת משפט לדרתיכמ בכל מושבתיכמ,9,ויהון אלין לכון לגזרת דין לדריכון בכל מותבניכון:,8,καὶ ἔσται ταῦτα ὑμῖν εἰς δικαίωμα κρίματος εἰς τὰς γενεὰς ὑμῶν ἐν πάσαις ταῖς κατοικίαις ὑμῶν.,16,ܘܢܗܘܘܢ ܠܟܘܢ ܗܠܝܢ ܢܡܘܣ̈ܐ ܠܥܠܡ ܠܕܪ̈ܝܟܘܢ ܒܟܠܗ ܒܝܬ ܡܥܡܪܟܘܢ.,9,"Estas coisas vos serão por estatuto de direito pelas vossas gerações, em todos os lugares da vossa habitação.",18,True,True,True
35,30,Números 35:30,כָּל־ מַ֨כֵּה־ נֶ֔פֶשׁ לְפִ֣י עֵדִ֔ים יִרְצַ֖ח אֶת־ הָרֹצֵ֑חַ וְעֵ֣ד אֶחָ֔ד לֹא־ יַעֲנֶ֥ה בְנֶ֖פֶשׁ לָמֽוּת ׃,כל מכה נפש לפי עדימ ירצח את הרצח ועד אחד לא יענה בנפש למות,15,כל דיקטול נפשא לפום סהדין יקטול ית קטולא וסהיד חד לא יסהד באנש למקטל:,14,"πᾶς πατάξας ψυχήν, διὰ μαρτύρων φονεύσεις τὸν φονεύσαντα, καὶ μάρτυς εἷς οὐ μαρτυρήσει ἐπὶ ψυχῆς ἀποθανεῖν·",16,ܟܠ ܕܢܩܛܘܠ ܢܦܫܐ. ܥܠ ܦܘܡ ܣܗ̈ܕܐ ܢܬܩܛܠ ܩܛܘܠܐ. ܘܣܗܕܐ ܚܕ ܠܐ ܢܣܗܕ ܥܠ ܢܦܫܐ ܕܬܡܘܬ.,15,"Todo aquele que matar alguém, será morto conforme o depoimento de testemunhas; mas uma só testemunha não deporá contra alguém, para condená-lo à morte.",24,True,True,True
35,31,Números 35:31,וְלֹֽא־ תִקְח֥וּ כֹ֨פֶר֙ לְנֶ֣פֶשׁ רֹצֵ֔חַ אֲשֶׁר־ ה֥וּא רָשָׁ֖ע לָמ֑וּת כִּי־ מ֖וֹת יוּמָֽת ׃,ולא תקחו כפר לנפש רצח אשר הוא רשע למות כי מות יומת,13,ולא תקבלון ממון על אנש קטול די הוא חיב למקטל ארי אתקטלא יתקטל:,13,"καὶ οὐ λήμψεσθε λύτρα περὶ ψυχῆς παρὰ τοῦ φονεύσαντος τοῦ ἐνόχου ὄντος ἀναιρεθῆναι, θανάτῳ γὰρ θανατωθήσεται.",16,ܘܠܐ ܬܩܒܠܘܢ ܫܘܚܕܐ ܥܠ ܢܦܫܐ ܕܩܛܘܠܐ ܕܚܝܒ ܡܘܬܐ. ܐܠܐ ܡܬܩܛܠܘ ܢܬܩܛܠ.,11,Não aceitareis resgate pela vida de um homicida que é réu de morte; porém ele certamente será morto.,18,True,True,True
35,32,Números 35:32,וְלֹא־ תִקְח֣וּ כֹ֔פֶר לָנ֖וּס אֶל־ עִ֣יר מִקְלָט֑וֹ לָשׁוּב֙ לָשֶׁ֣בֶת בָּאָ֔רֶץ עַד־ מ֖וֹת הַכֹּהֵֽן ׃,ולא תקחו כפר לנוס אל עיר מקלטו לשוב לשבת בארצ עד מות הכהנ,14,ולא תקבלון ממון למערוק לקרית שזבותיה למתוב למתב בארעא עד דימות כהנא:,12,"οὐ λήμψεσθε λύτρα τοῦ φυγεῖν εἰς πόλιν φυγαδευτηρίων, τοῦ πάλιν κατοικεῖν ἐπὶ τῆς γῆς, ἕως ἂν ἀποθάνῃ ὁ ἱερεὺς ὁ μέγας.",21,ܘܠܐ ܬܣܒܘܢ ܫܘܚܕܐ. ܕܢܥܪܘܩ ܠܩܪܝܬܐ ܕܒܝܬ ܓܘܣܐ. ܘܢܐܙܠ ܘܢܬܒ ܒܐܪܥܐ. ܥܕܡܐ ܕܢܡܘܬ ܟܗܢܐ ܪܒܐ.,14,"Também não aceitareis resgate por aquele que se tiver acolhido à sua cidade de refúgio, a fim de que ele possa tornar a habitar na terra antes da morte do sumo sacerdote.",32,True,True,True
35,33,Números 35:33,וְלֹֽא־ תַחֲנִ֣יפוּ אֶת־ הָאָ֗רֶץ אֲשֶׁ֤ר אַתֶּם֙ בָּ֔הּ כִּ֣י הַדָּ֔ם ה֥וּא יַחֲנִ֖יף אֶת־ הָאָ֑רֶץ וְלָאָ֣רֶץ לֹֽא־ יְכֻפַּ֗ר לַדָּם֙ אֲשֶׁ֣ר שֻׁפַּךְ־ בָּ֔הּ כִּי־ אִ֖ם בְּדַ֥ם שֹׁפְכֽוֹ ׃,ולא תחניפו את הארצ אשר אתמ בה כי הדמ הוא יחניפ את הארצ ולארצ לא יכפר לדמ אשר שפכ בה כי אמ בדמ שפכו,25,ולא תחיבון ית ארעא די אתון בה ארי דמא הוא מחיב ית ארעא ולארעא לא מתכפר על דם זכאי דאתשד בה אלהן בדם אשדיה:,24,"καὶ οὐ μὴ φονοκτονήσητε τὴν γῆν εἰς ἣν ὑμεῖς κατοικεῖτε, τὸ γὰρ αἷμα τοῦτο φονοκτονεῖ τὴν γῆν, καὶ οὐκ ἐξιλασθήσεται ἡ γῆ ἀπὸ τοῦ αἵματος τοῦ ἐκχυθέντος ἐπ᾽ αὐτῆς ἀλλ᾽ ἐπὶ τοῦ αἵματος τοῦ ἐκχέοντος.",35,ܘܠܐ ܬܛܢܦܘܢܗ̇ ܠܐܪܥܐ ܕܥ̇ܡܪܝܢ ܐܢܬܘܢ ܒܗ̇. ܡܛܠ ܕܕܡܐ ܗܘ ܡܛܢܦ ܠܐܪܥܐ. ܘܐܪܥܐ ܕܕܡܐ ܐܫܝܕ ܒܗ̇ . ܠܐ ܢܬܚܣܐ ܥܠܝܗ̇. ܐܠܐ ܐܢ ܐܬܐܫܕ ܒܗ̇ ܕܡܐ ܕܗ̇ܘ ܡ̇ܢ ܕܐܫܕܗ.,27,"Assim não profanareis a terra da vossa habitação, porque o sangue profana a terra; e nenhuma expiação se poderá fazer pela terra por causa do sangue que nela for derramado, senão com o sangue daquele que o derramou.",38,True,True,True
35,34,Números 35:34,וְלֹ֧א תְטַמֵּ֣א אֶת־ הָאָ֗רֶץ אֲשֶׁ֤ר אַתֶּם֙ יֹשְׁבִ֣ים בָּ֔הּ אֲשֶׁ֥ר אֲנִ֖י שֹׁכֵ֣ן בְּתוֹכָ֑הּ כִּ֚י אֲנִ֣י יְהוָ֔ה שֹׁכֵ֕ן בְּת֖וֹךְ בְּנֵ֥י יִשְׂרָאֵֽל ׃ פ,ולא תטמא את הארצ אשר אתמ ישבימ בה אשר אני שכנ בתוכה כי אני יהוה שכנ בתוכ בני ישראל פ,21,ולא תסאבון ית ארעא די אתון יתבין בה די שכינתי שריא בגוה ארי אנא יי דשכנתי שריא בגו בני ישראל:,20,"καὶ οὐ μιανεῖτε τὴν γῆν ἐφ᾽ ἧς κατοικεῖτε ἐπ᾽ αὐτῆς, ἐφ᾽ ἧς ἐγὼ κατασκηνώσω ἐν ὑμῖν· ἐγὼ γάρ εἰμι Κύριος κατασκηνῶν ἐν μέσῳ τῶν υἱῶν Ἰσραήλ.",26,ܘܠܐ ܬܛܡܐܘܢܗ̇ ܠܐܪܥܐ ܕܥ̇ܡܪܝܢ ܐܢܬܘܢ ܒܗ̇ ܕܫ̇ܪܐ ܐܢܐ ܒܓܘܗ̇. ܡܛܠ ܕܐܢܐ ܐܢܐ ܡܪܝܐ ܕܫ̇ܪܐ ܐܢܐ ܒܝܢܬ ܒܢ̈ܝ ܐܝܣܪܝܠ.,18,"Não contaminareis, pois, a terra em que haveis de habitar, no meio da qual eu também habitarei; pois eu, o Senhor, habito no meio dos filhos de Israel.",28,True,True,True
36,1,Números 36:1,וַֽיִּקְרְב֞וּ רָאשֵׁ֣י הָֽאָב֗וֹת לְמִשְׁפַּ֤חַת בְּנֵֽי־ גִלְעָד֙ בֶּן־ מָכִ֣יר בֶּן־ מְנַשֶּׁ֔ה מִֽמִּשְׁפְּחֹ֖ת בְּנֵ֣י יוֹסֵ֑ף וַֽיְדַבְּר֞וּ לִפְנֵ֤י מֹשֶׁה֙ וְלִפְנֵ֣י הַנְּשִׂאִ֔ים רָאשֵׁ֥י אָב֖וֹת לִבְנֵ֥י יִשְׂרָאֵֽל ׃,ויקרבו ראשי האבות למשפחת בני גלעד בנ מכיר בנ מנשה ממשפחת בני יוספ וידברו לפני משה ולפני הנשאימ ראשי אבות לבני ישראל,23,וקריבו רישי אבהתא לזרעית בני גלעד בר מכיר בר מנשה מזרעית בני יוסף ומלילו קדם משה וקדם רברביא רישי אבהתא לבני ישראל:,22,"Καὶ προσῆλθον οἱ ἄρχοντες φυλῆς υἱῶν Γαλαὰδ υἱοῦ Μαχεὶρ υἱοῦ Μανασσὴ ἐκ τῆς φυλῆς υἱῶν Ἰωσήφ, καὶ ἐλάλησαν ἔναντι Μωυσῆ καὶ ἔναντι Ἐλεαζὰρ τοῦ ἱερέως καὶ ἔναντι τῶν ἀρχόντων οἴκων πατριῶν υἱῶν Ἰσραήλ·",33,ܘܩܪܒܘ ܪ̈ܝܫܝ ܐ̈ܒܗܐ ܕܫܪܒܬܐ ܕܒܢ̈ܝ ܓܠܥܕ ܒܪ ܡܟܝܪ ܒܪ ܡܢܫܐ. ܡܢ ܫܪܒܬܐ ܕܡܢܫܐ ܒܪ ܝܘܣܦ . ܘܡܠܠܘ ܩܕܡ ܡܘܫܐ ܘܩܕܡ ܐܠܝܥܙܪ ܟܗܢܐ ܘܩܕܡ ܪ̈ܘܪܒܢܐ ܕܟܢܘܫܬܐ. ܪ̈ܫܐ ܕܐ̈ܒܗܐ ܕܒܢ̈ܝ ܐܝܣܪܝܠ.,29,"Chegaram-se então os cabeças das casas paternas da família dos filhos de Gileade, filho de Maquir, filho de Manassés, das famílias dos filhos de José, e falaram diante de Moisés, e diante dos príncipes, cabeças das casas paternas dos filhos de Israel,",42,True,True,True
36,2,Números 36:2,וַיֹּאמְר֗וּ אֶת־ אֲדֹנִי֙ צִוָּ֣ה יְהוָ֔ה לָתֵ֨ת אֶת־ הָאָ֧רֶץ בְּנַחֲלָ֛ה בְּגוֹרָ֖ל לִבְנֵ֣י יִשְׂרָאֵ֑ל וַֽאדֹנִי֙ צֻוָּ֣ה בַֽיהוָ֔ה לָתֵ֗ת אֶֽת־ נַחֲלַ֛ת צְלָפְחָ֥ד אָחִ֖ינוּ לִבְנֹתָֽיו ׃,ויאמרו את אדני צוה יהוה לתת את הארצ בנחלה בגורל לבני ישראל ואדני צוה ביהוה לתת את נחלת צלפחד אחינו לבנתיו,22,ואמרו ית רבוני פקיד יי למתן ית ארעא באחסנא בעדבא לבני ישראל ורבוני אתפקד בממרא דיי למתן ית אחסנת צלפחד אחונא לבנתיה:,22,"καὶ εἶπαν Τῷ κυρίῳ ἡμῶν ἐνετείλατο Κύριος ἀποδοῦναι τὴν γῆν τῆς κληρονομίας ἐν κλήρῳ τοῖς υἱοῖς Ἰσραήλ, καὶ τῷ κυρίῳ συνέταξεν Κύριος δοῦναι τὴν κληρονομίαν Σαλπαὰδ τοῦ ἀδελφοῦ ἡμῶν ταῖς θυγατράσιν αὐτοῦ·",32,ܘܐܡܪܘ. ܠܡܪܢ ܦܩܕ ܡܪܝܐ ܠܡܬܠ ܐܪܥܐ ܠܝܘܪܬܢܐ ܒ̈ܦܨܐ ܠܒܢ̈ܝ ܐܝܣܪܝܠ. ܘܡܪܢ ܐܬܦܩܕ ܡܢ ܡܪܝܐ. ܕܢܬܠ ܝܪܬܘܬܗ ܕܨܠܦܚܕ ܐܚܘܢ ܠܒܢ̈ܬܗ.,19,e disseram: O Senhor mandou a meu senhor que por sortes repartisse a terra em herança aos filhos de Israel; e meu senhor recebeu ordem do senhor de dar a herança do nosso irmão Zelofeade às filhas deste.,38,True,True,True
36,3,Números 36:3,וְ֠הָיוּ לְאֶחָ֞ד מִבְּנֵ֨י שִׁבְטֵ֥י בְנֵֽי־ יִשְׂרָאֵל֮ לְנָשִׁים֒ וְנִגְרְעָ֤ה נַחֲלָתָן֙ מִנַּחֲלַ֣ת אֲבֹתֵ֔ינוּ וְנוֹסַ֕ף עַ֚ל נַחֲלַ֣ת הַמַּטֶּ֔ה אֲשֶׁ֥ר תִּהְיֶ֖ינָה לָהֶ֑ם וּמִגֹּרַ֥ל נַחֲלָתֵ֖נוּ יִגָּרֵֽעַ ׃,והיו לאחד מבני שבטי בני ישראל לנשימ ונגרעה נחלתנ מנחלת אבתינו ונוספ על נחלת המטה אשר תהיינה להמ ומגרל נחלתנו יגרע,22,ויהוין לחד מבני שבטיא דבני ישראל לנשין ותתמנע אחסנתהון מאחסנת אבהתנא ותתוסף על אחסנת שבטיא די יהוין להון ומעדב אחסנתא יתמנע:,21,"καὶ ἔσονται ἑνὶ τῶν φυλῶν υἱῶν Ἰσραὴλ γυναῖκες, καὶ ἀφαιρεθήσεται ὁ κλῆρος αὐτῶν ἐκ τῆς κατασχέσεως τῶν πατέρων ἡμῶν, καὶ προστεθήσεται εἰς κληρονομίαν τῆς φυλῆς οἷς ἂν γένωνται γυναῖκες, καὶ ἐκ τοῦ κλήρου τῆς κληρονομίας ἡμῶν ἀφαιρεθήσεται.",37,ܘܐܢ ܢܗ̈ܘܝܢ ܠܚܕ ܡܢ ܫܒ̈ܛܐ ܕܒܢ̈ܝ ܐܝܣܪܝܠ ܢܫ̈ܐ. ܬܬܒܨܪ ܝܪܬܘܬܗܝܢ ܡܢ ܝܪܬܘܬܐ ܕܐܒܘܗܝܢ. ܘܬܬܘܣܦ ܥܠ ܝܪܬܘܬܐ ܕܫ̈ܒܛܐ ܕܢܗ̈ܘܝܢ ܠܗܘܢ. ܘܡܢ ܦܨܬܐ ܕܝܪܬܘܬܢ ܬܬܒܨܪ.,23,"E, se elas se casarem com os filhos das outras tribos de Israel, então a sua herança será diminuída da herança de nossos pais, e acrescentada à herança da tribo a que vierem a pertencer; assim será tirada da sorte da nossa herança.",43,True,True,True
36,4,Números 36:4,וְאִם־ יִהְיֶ֣ה הַיֹּבֵל֮ לִבְנֵ֣י יִשְׂרָאֵל֒ וְנֽוֹסְפָה֙ נַחֲלָתָ֔ן עַ֚ל נַחֲלַ֣ת הַמַּטֶּ֔ה אֲשֶׁ֥ר תִּהְיֶ֖ינָה לָהֶ֑ם וּמִֽנַּחֲלַת֙ מַטֵּ֣ה אֲבֹתֵ֔ינוּ יִגָּרַ֖ע נַחֲלָתָֽן ׃,ואמ יהיה היבל לבני ישראל ונוספה נחלתנ על נחלת המטה אשר תהיינה להמ ומנחלת מטה אבתינו יגרע נחלתנ,19,ואם יהי יובלא לבני ישראל ותתוסף אחסנתהון על אחסנת שבטא די תהוין להון ומאחסנת שבטא דאבהתנא יתמנע אחסנתהן:,18,"ἐὰν δὲ γένηται ἡ ἄφεσις τῶν υἱῶν Ἰσραήλ, καὶ προστεθήσεται ἡ κληρονομία αὐτῶν ἐπὶ τὴν κληρονομίαν τῆς φυλῆς οἷς ἂν γένωνται γυναῖκες, καὶ ἀπὸ τῆς κληρονομίας φυλῆς πατριᾶς ἡμῶν ἀφαιρεθήσεται ἡ κληρονομία αὐτῶν.",33,ܘܐܢ ܢܗܘܐ ܦܘܢܝܐ ܠܒܢ̈ܝ ܐܝܣܪܝܠ. ܬܬܘܣܦ ܝܪܬܘܬܗܝܢ ܥܠ ܝܪܬܘܬܐ ܕܫ̈ܒܛܐ ܕܢܗ̈ܘܝܢ ܠܗܘܢ. ܘܡܢ ܝܪܬܘܬܐ ܕܫܒܛܐ ܕܐܒܘܗܝܢ ܬܬܒܨܪ ܝܪܬܘܬܗܝܢ.,18,"Vindo também o ano do jubileu dos filhos de Israel, a herança delas será acrescentada à herança da tribo a que pertencerem; assim a sua herança será tirada da herança da tribo de nossos pais.",35,True,True,True
36,5,Números 36:5,וַיְצַ֤ו מֹשֶׁה֙ אֶת־ בְּנֵ֣י יִשְׂרָאֵ֔ל עַל־ פִּ֥י יְהוָ֖ה לֵאמֹ֑ר כֵּ֛ן מַטֵּ֥ה בְנֵֽי־ יוֹסֵ֖ף דֹּבְרִֽים ׃,ויצו משה את בני ישראל על פי יהוה לאמר כנ מטה בני יוספ דברימ,15,ופקיד משה ית בני ישראל על מימרא דיי למימר יאות שבטא דבני יוסף ממללין:,14,καὶ ἐνετείλατο Μωυσῆς τοῖς υἱοῖς Ἰσραὴλ διὰ προστάγματος Κυρίου λέγων Οὕτως φυλὴ υἱῶν Ἰωσὴφ λέγουσιν.,15,ܘܦܩܕ ܡܘܫܐ ܠܒܢ̈ܝ ܐܝܣܪܝܠ. ܡܢ ܡܠܬ ܦܘܡܗ ܕܡܪܝܐ ܘܐܡܪ. ܟܐܢܐܝܬ ܡܡܠܠܝܢ ܫܒܛܐ ܕܒܢ̈ܝ ܝܘܣܦ.,14,"Então Moisés falou aos filhos de Israel, segundo a palavra do senhor, dizendo: A tribo dos filhos de José fala o que é justo.",24,True,True,True
36,6,Números 36:6,זֶ֣ה הַדָּבָ֞ר אֲשֶׁר־ צִוָּ֣ה יְהוָ֗ה לִבְנ֤וֹת צְלָפְחָד֙ לֵאמֹ֔ר לַטּ֥וֹב בְּעֵינֵיהֶ֖ם תִּהְיֶ֣ינָה לְנָשִׁ֑ים אַ֗ךְ לְמִשְׁפַּ֛חַת מַטֵּ֥ה אֲבִיהֶ֖ם תִּהְיֶ֥ינָה לְנָשִֽׁים ׃,זה הדבר אשר צוה יהוה לבנות צלפחד לאמר לטוב בעיניהמ תהיינה לנשימ אכ למשפחת מטה אביהמ תהיינה לנשימ,19,דין פתגמא די פקיד יי לבנת צלפחד למימר לדתקין בעיניהון תהוין לנשין ברם לזרעית שבטא דאבוהן תהוין לנשין:,18,"τοῦτο τὸ ῥῆμα ὃ συνέταξεν Κύριος ταῖς θυγατράσιν Σαλπαὰδ λέγων Οὗ ἀρέσκει ἐναντίον αὐτῶν ἔστωσαν γυναῖκες, πλὴν ἐκ τοῦ δήμου τοῦ πατρὸς αὐτῶν ἔστωσαν γυναῖκες.",25,ܗܢܐ ܦܬܓܡܐ ܕܦܩܕ ܡܪܝܐ ܥܠ ܒܢ̈ܬܗ ܕܨܠܦܚܕ ܘܐܡܪ. ܕܠܡ̇ܢ ܕܫ̇ܦܪ ܒܥܝܢ̈ܝܗܝܢ ܢܗ̈ܘܝܢ ܢܫ̈ܐ. ܒܪܡ ܠܫܒܛܐ ܕܫܪܒܬܐ ܕܐܒܘܗܝܢ ܢܗܘܝܢ.,18,"Isto é o que o senhor ordenou acerca das filhas de Zelofeade, dizendo: Casem com quem bem parecer aos seus olhos, contanto que se casem na família da tribo de seu pai.",32,True,True,True
36,7,Números 36:7,וְלֹֽא־ תִסֹּ֤ב נַחֲלָה֙ לִבְנֵ֣י יִשְׂרָאֵ֔ל מִמַּטֶּ֖ה אֶל־ מַטֶּ֑ה כִּ֣י אִ֗ישׁ בְּנַחֲלַת֙ מַטֵּ֣ה אֲבֹתָ֔יו יִדְבְּק֖וּ בְּנֵ֥י יִשְׂרָאֵֽל ׃,ולא תסב נחלה לבני ישראל ממטה אל מטה כי איש בנחלת מטה אבתיו ידבקו בני ישראל,17,ולא תסחר אחסנא לבני ישראל משבטא לשבטא ארי גבר באחסנת שבטא דאבהתוהי ידבקון בני ישראל:,15,"καὶ οὐχὶ περιστραφήσεται κληρονομία τοῖς υἱοῖς Ἰσραὴλ ἀπὸ φυλῆς ἐπὶ φυλήν, ὅτι ἕκαστος ἐν τῇ κληρονομίᾳ τῆς φυλῆς τῆς πατριᾶς αὐτοῦ καὶ προσκολληθήσονται υἱοὶ Ἰσραήλ.",25,ܘܠܐ ܬܬܟܪܟ ܝܪܬܘܬܐ ܕܒܢ̈ܝ ܐܝܣܪܐܝܠ ܡܢ ܫܒܛܐ ܠܫܒܛܐ ܐܚܪܢܐ. ܐܠܐ ܓܒܪ ܒܝܪܬܘܬܐ ܕܫܒܛܐ ܕܐܒܘܗܝ ܢܬܢܩܦܘܢ ܒܢ̈ܝ ܐܝܣܪܝܠ.,17,"Assim a herança dos filhos de Israel não passará de tribo em tribo, pois os filhos de Israel se apegarão cada um a herança da tribo de seus pais.",29,True,True,True
36,8,Números 36:8,וְכָל־ בַּ֞ת יֹרֶ֣שֶׁת נַחֲלָ֗ה מִמַּטּוֹת֮ בְּנֵ֣י יִשְׂרָאֵל֒ לְאֶחָ֗ד מִמִּשְׁפַּ֛חַת מַטֵּ֥ה אָבִ֖יהָ תִּהְיֶ֣ה לְאִשָּׁ֑ה לְמַ֗עַן יִֽירְשׁוּ֙ בְּנֵ֣י יִשְׂרָאֵ֔ל אִ֖ישׁ נַחֲלַ֥ת אֲבֹתָֽיו ׃,וכל בת ירשת נחלה ממטות בני ישראל לאחד ממשפחת מטה אביה תהיה לאשה למענ יירשו בני ישראל איש נחלת אבתיו,21,וכל ברתא ירתת אחסנא משבטיא דבני ישראל לחד מזרעית שבטא דאבוהא תהי לאנתו בדיל די ירתון בני ישראל גבר אחסנת אבהתוהי:,21,"καὶ πᾶσα θυγάτηρ ἀγχιστεύουσα κληρονομίαν ἐκ τῶν φυλῶν υἱῶν Ἰσραήλ, ἑνὶ τῶν ἐκ τοῦ δήμου τοῦ πατρὸς αὐτῆς ἔσονται γυναῖκες, ἵνα ἀγχιστεύσωσιν οἱ υἱοὶ Ἰσραὴλ ἕκαστος τὴν κληρονομίαν τὴν πατρικήν·",30,ܘܟܠ ܒܪܬܐ ܕܝܪܬܐ ܝܘܪܬܢܐ ܡܢ ܫ̈ܒܛܐ ܕܒܢ̈ܝ ܐܝܣܪܝܠ. ܠܚܕ ܡܢ ܫܪܒܬܐ ܕܫܒܛܐ ܕܐܒܘܗ̇ ܬܗܘܐ ܐܢܬܬܐ. ܕܢܐܪܬܘܢ ܒܢ̈ܝ ܐܝܣܪܝܠ ܐܢܫ ܝܪܬܘܬܐ ܕܐܒܘܗܝ.,21,"E toda filha que possuir herança em qualquer tribo dos filhos de Israel se casará com alguém da família da tribo de seu pai, para que os filhos de Israel possuam cada um a herança de seus pais.",38,True,True,True
36,9,Números 36:9,וְלֹֽא־ תִסֹּ֧ב נַחֲלָ֛ה מִמַּטֶּ֖ה לְמַטֶּ֣ה אַחֵ֑ר כִּי־ אִישׁ֙ בְּנַ֣חֲלָת֔וֹ יִדְבְּק֕וּ מַטּ֖וֹת בְּנֵ֥י יִשְׂרָאֵֽל ׃,ולא תסב נחלה ממטה למטה אחר כי איש בנחלתו ידבקו מטות בני ישראל,14,ולא תסחר אחסנא משבטא לשבטא אוחרנא ארי גבר באחסנתיה ידבקון שבטיא דבני ישראל:,13,"καὶ οὐ περιστραφήσεται κλῆρος ἐκ φυλῆς ἐπὶ φυλὴν ἑτέραν, ἀλλὰ ἕκαστος ἐν τῇ κληρονομίᾳ αὐτοῦ προσκολληθήσονται οἱ υἱοὶ Ἰσραήλ.",19,ܘܠܐ ܬܬܟܪܟ ܝܪܬܘܬܐ ܡܢ ܫܒܛܐ ܠܫܒܛܐ ܐܚܪܢܐ. ܐܠܐ ܓܒܪ ܒܝܪܬܘܬܗ ܢܬܢܩܦܘܢ ܫ̈ܒܛܐ ܕܒܢ̈ܝ ܐܝܣܪܝܠ.,14,"Assim nenhuma herança passará de uma tribo a outra, pois as tribos dos filhos de Israel se apegarão cada uma à sua herança.",23,True,True,True
36,10,Números 36:10,כַּאֲשֶׁ֛ר צִוָּ֥ה יְהוָ֖ה אֶת־ מֹשֶׁ֑ה כֵּ֥ן עָשׂ֖וּ בְּנ֥וֹת צְלָפְחָֽד ׃,כאשר צוה יהוה את משה כנ עשו בנות צלפחד,10,כמא די פקיד יי ית משה כן עבדו בנת צלפחד:,10,"ὃν τρόπον συνέταξεν Κύριος Μωυσῇ, οὕτως ἐποίησαν θυγατέρες Σαλπαάδ·",9,ܘܐܝܟ ܕܦܩܕ ܡܪܝܐ ܠܡܘܫܐ. ܗܟܢܐ ܥܒܕ ܒܢ̈ܬܗ ܕܨܠܦܚܕ.,8,"Como o Senhor ordenara a Moisés, assim fizeram as filhas de Zelofeade;",12,True,True,True
36,11,Números 36:11,וַתִּהְיֶ֜ינָה מַחְלָ֣ה תִרְצָ֗ה וְחָגְלָ֧ה וּמִלְכָּ֛ה וְנֹעָ֖ה בְּנ֣וֹת צְלָפְחָ֑ד לִבְנֵ֥י דֹדֵיהֶ֖ן לְנָשִֽׁים ׃,ותהיינה מחלה תרצה וחגלה ומלכה ונעה בנות צלפחד לבני דדיהנ לנשימ,12,והואה מחלה תרצה וחגלה ומלכה ונעה בנת צלפחד לבני אחי אבוהן לנשין:,12,καὶ ἐγένοντο Θερσὰ καὶ Ἑγλὰ καὶ Μελχὰ καὶ Νουὰ καὶ Μααλὰ θυγατέρες Σαλπαὰδ τοῖς ἀνεψιοῖς αὐτῶν·,16,ܘܗܘܝ ܡܚܠܐ ܘܬܪܨܐ. ܘܚܓܠܐ ܘܡܠܟܐ ܘܝܥܐ ܒܢ̈ܬ ܨܠܦܚܕ. ܠܒܢ̈ܝ ܕܕܝܗ̈ܝܢ.,10,"pois Macla, Tirza, Hogla, Milca e Noa, filhas de Zelofeade, se casaram com os filhos de seus tios paternos.",19,True,True,True
36,12,Números 36:12,מִֽמִּשְׁפְּחֹ֛ת בְּנֵֽי־ מְנַשֶּׁ֥ה בֶן־ יוֹסֵ֖ף הָי֣וּ לְנָשִׁ֑ים וַתְּהִי֙ נַחֲלָתָ֔ן עַל־ מַטֵּ֖ה מִשְׁפַּ֥חַת אֲבִיהֶֽן ׃,ממשפחת בני מנשה בנ יוספ היו לנשימ ותהי נחלתנ על מטה משפחת אביהנ,14,מזרעית בני מנשה בר יוסף הואה לנשין והות אחסנתהן על שבטא זרעית אבוהן:,13,ἐκ τοῦ δήμου τοῦ Μανασσὴ υἱῶν Ἰωσὴφ ἐγενήθησαν γυναῖκες· καὶ ἐγένετο ἡ κληρονομία αὐτῶν ἐπὶ τὴν φυλὴν δήμου τοῦ πατρὸς αὐτῶν.,21,ܠܫܪܒܬܐ ܕܒܢ̈ܝ ܡܢܫܐ ܒܪ ܝܘܣܦ ܗ̈ܘܝ ܢܫ̈ܐ . ܘܗܘܬ ܝܪܬܘܬܗܝܢ ܥܠ ܫܒܛܐ ܕܫܪܒܬܐ ܕܐܒܘܗܝܢ.,14,"Casaram-se nas famílias dos filhos de Manassés, filho de José; assim a sua herança permaneceu na tribo da família de seu pai.",22,True,True,True
36,13,Números 36:13,אֵ֣לֶּה הַמִּצְוֺ֞ת וְהַמִּשְׁפָּטִ֗ים אֲשֶׁ֨ר צִוָּ֧ה יְהוָ֛ה בְּיַד־ מֹשֶׁ֖ה אֶל־ בְּנֵ֣י יִשְׂרָאֵ֑ל בְּעַֽרְבֹ֣ת מוֹאָ֔ב עַ֖ל יַרְדֵּ֥ן יְרֵחֽוֹ ׃,אלה המצות והמשפטימ אשר צוה יהוה ביד משה אל בני ישראל בערבת מואב על ירדנ ירחו,17,אלין פקודיא ודיניא די פקיד יי בידא דמשה לות בני ישראל במישריא דמואב על ירדנא דירחו:,16,αὗται αἱ ἐντολαὶ καὶ τὰ δικαιώματα καὶ τὰ κρίματα ἃ ἐνετείλατο Κύριος ἐν χειρὶ Μωυσῆ ἐπὶ δυσμῶν Μωὰβ ἐπὶ τοῦ Ἰορδάνου κατὰ Ἰερειχώ.,23,ܗܠܝܢ ܦܘܩ̈ܕܢܐ ܘܢܡ̈ܘܣܐ ܘܕܝ̈ܢܐ. ܕܦܩܕ ܡܪܝܐ ܒܐܝܕܐ ܕܡܘܫܐ ܥܠ ܒܢ̈ܝ ܐܝܣܪܝܠ. ܒܥܪܒܘܬ ܡܘܐܒ ܕܥܠ ܝܘܪܕܢܢ ܕܐܝܪܝܚܘ.,16,"São esses os mandamentos e os preceitos que o Senhor ordenou aos filhos de Israel por intermédio de Moisés nas planícies de Moabe, junto ao Jordão, na altura de Jericó.",30,True,True,True
